time,idrobot,robot,x,y,angle,linearDisplacement,angularDisplacement,ekf_x,ekf_y,ekf_angle,ekf_age_ms
0,1,Atta_1,196.4,70.2,89.9,0,0,,,,
0,2,Atta_2,488.0,1493.4,265.7,0,0,,,,
0,3,Atta_3,566.0,154.9,90.2,0,0,,,,
0,4,Atta_4,220.2,1478.0,266.7,0,0,,,,
-0.205,1,Atta_1,208.0,76.3,89.3,13.1,-0.6,,,,
-0.205,2,Atta_2,507.2,1493.1,267.3,-19.2,1.6,,,,
-0.205,3,Atta_3,654.2,214.5,88.2,106.4,-2.0,,,,
-0.205,4,Atta_4,211.0,1493.2,265.0,-17.8,-1.7,,,,
0.024,2,Atta_2,483.1,1502.9,266.7,-26.0,-0.6,,,,
0.024,3,Atta_3,583.9,166.2,90.2,-85.3,2.0,,,,
0.083,2,Atta_2,504.2,1491.4,267.3,24.0,0.6,,,,
0.215,1,Atta_1,200.1,71.7,89.1,-9.1,-0.2,,,,
0.215,2,Atta_2,497.8,1491.4,267.5,6.4,0.2,,,,
0.215,4,Atta_4,207.7,1488.8,264.6,5.5,-0.4,,,,
0.283,1,Atta_1,206.6,73.6,89.1,6.8,0.0,,,,
0.283,2,Atta_2,489.0,1500.1,266.2,-12.4,-1.3,,,,
0.351,1,Atta_1,200.0,71.6,89.6,-6.9,0.5,,,,
0.351,2,Atta_2,480.1,1502.7,265.9,-9.3,-0.3,,,,
0.351,3,Atta_3,656.8,216.6,87.3,88.6,-2.9,,,,
0.351,4,Atta_4,217.5,1483.7,266.2,11.0,1.6,,,,
0.415,1,Atta_1,209.7,77.6,89.6,11.4,0.0,,,,
0.415,2,Atta_2,489.8,1508.7,265.9,-11.4,0.0,,,,
0.415,3,Atta_3,666.5,222.6,88.9,11.4,1.6,,,,
0.415,4,Atta_4,227.2,1489.7,266.2,-11.4,0.0,,,,
0.483,1,Atta_1,205.4,75.1,89.2,-5.0,-0.4,,,,
0.483,2,Atta_2,493.0,1501.9,266.6,7.5,0.7,,,,
0.483,3,Atta_3,662.2,220.1,87.7,-5.0,-1.2,,,,
0.483,4,Atta_4,222.9,1487.2,266.2,5.0,0.0,,,,
0.553,4,Atta_4,213.9,1491.6,266.6,-10.0,0.4,,,,
0.604,1,Atta_1,197.8,70.8,89.3,-8.7,0.1,,,,
0.604,2,Atta_2,490.0,1496.7,266.1,6.0,-0.5,,,,
0.604,3,Atta_3,649.3,211.4,87.7,-15.6,0.0,,,,
0.604,4,Atta_4,209.1,1489.0,266.8,5.5,0.2,,,,
0.679,2,Atta_2,479.6,1503.8,266.0,-12.6,-0.1,,,,
0.679,3,Atta_3,724.2,258.0,83.4,88.2,-4.3,,,,
0.679,4,Atta_4,217.3,1485.3,266.8,9.0,0.0,,,,
0.747,3,Atta_3,649.3,211.2,88.8,-88.3,5.4,,,,
0.815,3,Atta_3,568.7,152.3,91.7,-99.8,2.9,,,,
0.883,1,Atta_1,194.1,69.0,89.1,-4.1,-0.2,,,,
0.883,2,Atta_2,492.7,1494.9,266.2,15.8,0.2,,,,
0.883,3,Atta_3,564.8,150.2,91.7,-4.4,0.0,,,,
0.985,3,Atta_3,583.4,162.9,88.5,22.5,-3.2,,,,
1.04,1,Atta_1,198.3,70.2,89.4,4.4,0.3,,,,
1.04,2,Atta_2,482.9,1503.1,265.5,-12.8,-0.7,,,,
1.115,1,Atta_1,201.6,72.4,89.0,4.0,-0.4,,,,
1.115,2,Atta_2,483.9,1507.0,265.4,-4.0,-0.1,,,,
1.115,3,Atta_3,589.7,167.9,88.4,8.0,-0.1,,,,
1.115,4,Atta_4,217.7,1489.3,264.5,-4.0,-2.3,,,,
1.17,3,Atta_3,627.5,190.8,88.4,44.2,0.0,,,,
1.286,1,Atta_1,186.1,63.9,89.1,-17.7,0.1,,,,
1.286,2,Atta_2,471.0,1498.6,265.4,15.4,0.0,,,,
1.286,3,Atta_3,665.7,224.1,86.8,50.7,-1.6,,,,
1.286,4,Atta_4,202.0,1480.5,264.8,18.0,0.3,,,,
1.401,1,Atta_1,191.6,66.7,89.4,6.2,0.3,,,,
1.401,3,Atta_3,614.2,183.0,86.8,-65.9,0.0,,,,
1.478,1,Atta_1,199.1,71.2,89.9,8.7,0.5,,,,
1.478,2,Atta_2,478.5,1503.1,266.3,-8.7,0.9,,,,
1.478,3,Atta_3,558.4,144.8,90.2,-67.6,3.4,,,,
1.478,4,Atta_4,217.8,1484.4,266.5,-16.3,1.7,,,,
1.535,1,Atta_1,208.0,76.4,90.1,10.3,0.2,,,,
1.535,2,Atta_2,487.6,1505.4,266.3,-9.4,0.0,,,,
1.535,3,Atta_3,564.6,148.4,90.2,7.2,0.0,,,,
1.535,4,Atta_4,213.9,1491.6,264.5,-8.2,-2.0,,,,
1.593,2,Atta_2,503.4,1495.7,266.8,18.5,0.5,,,,
1.593,3,Atta_3,652.2,212.3,89.4,108.4,-0.8,,,,
1.65,2,Atta_2,509.8,1492.7,266.8,7.1,0.0,,,,
1.713,2,Atta_2,506.0,1490.4,266.8,4.4,0.0,,,,
1.713,3,Atta_3,636.4,201.3,87.3,-19.3,-2.1,,,,
1.769,1,Atta_1,200.9,71.9,89.7,-8.4,-0.4,,,,
1.769,2,Atta_2,512.3,1485.6,267.7,7.9,0.9,,,,
1.769,4,Atta_4,211.3,1488.6,264.4,4.0,-0.1,,,,
1.829,2,Atta_2,493.9,1496.6,267.4,-21.4,-0.3,,,,
1.881,2,Atta_2,500.9,1495.6,267.4,7.1,0.0,,,,
1.881,4,Atta_4,219.0,1488.3,265.2,-7.7,0.8,,,,
1.951,1,Atta_1,207.5,75.7,89.7,7.6,0.0,,,,
1.951,3,Atta_3,662.8,218.4,88.7,31.5,1.4,,,,
2.02,3,Atta_3,569.3,153.4,89.2,-113.9,0.5,,,,
2.02,4,Atta_4,213.5,1489.7,264.5,-5.7,-0.7,,,,
2.087,1,Atta_1,201.9,72.7,89.7,-6.4,0.0,,,,
2.087,2,Atta_2,485.2,1498.9,267.9,-16.0,0.5,,,,
2.087,3,Atta_3,610.2,181.5,88.7,49.6,-0.5,,,,
2.147,1,Atta_1,195.9,69.8,89.8,-6.7,0.1,,,,
2.147,4,Atta_4,203.4,1486.7,264.1,10.5,-0.4,,,,
2.217,2,Atta_2,493.7,1491.4,267.4,11.3,-0.5,,,,
2.275,3,Atta_3,660.0,217.9,87.4,61.7,-1.3,,,,
2.382,1,Atta_1,204.5,74.3,89.4,9.7,-0.4,,,,
2.382,2,Atta_2,500.3,1494.0,267.1,-7.1,-0.3,,,,
2.382,3,Atta_3,554.8,144.7,86.4,-128.2,-1.0,,,,
2.382,4,Atta_4,210.9,1489.9,264.4,-8.2,0.3,,,,
2.455,3,Atta_3,569.6,158.9,86.4,20.5,0.0,,,,
2.455,4,Atta_4,222.7,1483.8,266.4,13.3,2.0,,,,
2.593,3,Atta_3,604.2,177.4,87.8,39.2,1.4,,,,
2.667,3,Atta_3,660.8,217.4,87.7,69.3,-0.1,,,,
2.667,4,Atta_4,218.0,1486.2,266.4,-5.3,0.0,,,,
2.725,1,Atta_1,208.0,76.7,89.5,4.2,0.1,,,,
2.725,3,Atta_3,604.5,177.6,87.8,-68.9,0.1,,,,
2.788,3,Atta_3,671.2,226.8,86.9,82.9,-0.9,,,,
2.85,3,Atta_3,649.0,210.5,89.9,-27.5,3.0,,,,
2.911,4,Atta_4,225.2,1483.4,265.9,7.7,-0.5,,,,
2.977,2,Atta_2,506.1,1494.2,267.0,-5.8,-0.1,,,,
2.977,3,Atta_3,620.6,187.3,88.5,-36.7,-1.4,,,,
2.977,4,Atta_4,228.9,1485.2,266.2,-4.1,0.3,,,,
3.041,4,Atta_4,221.5,1489.3,266.2,-8.5,0.0,,,,
3.104,1,Atta_1,202.9,73.8,89.1,-5.9,-0.4,,,,
3.104,2,Atta_2,509.0,1490.2,267.0,4.9,0.0,,,,
3.104,3,Atta_3,612.8,183.3,87.8,-8.8,-0.7,,,,
3.104,4,Atta_4,213.1,1492.0,265.4,-8.8,-0.8,,,,
3.167,3,Atta_3,592.6,169.2,85.9,-24.6,-1.9,,,,
3.167,4,Atta_4,215.3,1488.7,265.1,4.0,-0.3,,,,
3.231,3,Atta_3,568.3,152.2,85.9,-29.7,0.0,,,,
3.357,2,Atta_2,509.9,1496.7,266.8,-6.6,-0.2,,,,
3.357,3,Atta_3,608.6,180.6,87.3,49.3,1.4,,,,
3.357,4,Atta_4,223.5,1492.6,266.1,-9.1,1.0,,,,
3.417,1,Atta_1,208.1,77.7,89.5,6.5,0.4,,,,
3.417,3,Atta_3,616.4,186.2,87.3,9.6,0.0,,,,
3.482,2,Atta_2,491.9,1505.6,266.9,-20.1,0.1,,,,
3.482,3,Atta_3,612.2,183.9,87.3,-4.8,0.0,,,,
3.551,2,Atta_2,502.3,1499.7,267.1,12.0,0.2,,,,
3.551,3,Atta_3,616.4,186.2,87.3,4.8,0.0,,,,
3.61,1,Atta_1,203.5,75.0,89.4,-5.3,-0.1,,,,
3.61,3,Atta_3,611.6,183.3,88.0,-5.6,0.7,,,,
3.61,4,Atta_4,224.6,1488.8,265.8,4.0,-0.3,,,,
3.679,1,Atta_1,207.8,77.2,89.6,4.8,0.2,,,,
3.679,2,Atta_2,506.5,1493.7,267.1,7.3,0.0,,,,
3.679,3,Atta_3,666.8,222.6,88.0,67.8,0.0,,,,
3.743,3,Atta_3,613.8,183.4,88.3,-65.9,0.3,,,,
3.743,4,Atta_4,226.8,1485.0,266.3,4.4,0.5,,,,
3.801,4,Atta_4,221.6,1488.2,265.6,-6.1,-0.7,,,,
3.86,2,Atta_2,502.1,1497.1,266.6,-5.6,-0.5,,,,
3.86,3,Atta_3,595.9,171.5,86.9,-21.5,-1.4,,,,
3.86,4,Atta_4,214.0,1490.9,264.6,-8.1,-1.0,,,,
3.921,4,Atta_4,208.5,1494.6,264.2,-6.6,-0.4,,,,
3.984,1,Atta_1,199.8,72.6,88.8,-9.2,-0.8,,,,
3.984,3,Atta_3,609.0,180.7,86.8,16.0,-0.1,,,,
4.051,2,Atta_2,506.3,1494.3,267.2,5.0,0.6,,,,
4.051,3,Atta_3,672.9,228.5,86.5,79.8,-0.3,,,,
4.051,4,Atta_4,212.9,1493.3,263.9,4.6,-0.3,,,,
4.114,1,Atta_1,209.3,77.9,89.4,10.9,0.6,,,,
4.114,3,Atta_3,608.7,180.7,86.8,-80.0,0.3,,,,
4.114,4,Atta_4,224.4,1487.6,266.4,12.8,2.5,,,,
4.182,3,Atta_3,631.7,193.7,87.1,26.4,0.3,,,,
4.182,4,Atta_4,215.8,1493.3,264.5,-10.3,-1.9,,,,
4.251,3,Atta_3,585.1,165.6,90.0,-54.4,2.9,,,,
4.251,4,Atta_4,227.2,1488.1,266.6,12.5,2.1,,,,
4.32,2,Atta_2,509.7,1496.9,266.9,-4.3,-0.3,,,,
4.32,3,Atta_3,633.7,195.2,87.1,56.9,-2.9,,,,
4.385,3,Atta_3,602.9,172.8,89.9,-38.1,2.8,,,,
4.385,4,Atta_4,229.3,1492.5,266.6,-4.9,0.0,,,,
4.44,2,Atta_2,494.2,1505.7,267.2,-17.8,0.3,,,,
4.44,3,Atta_3,619.8,187.0,88.1,22.1,-1.8,,,,
4.44,4,Atta_4,215.6,1494.5,264.4,-13.8,-2.2,,,,
4.504,1,Atta_1,214.2,78.7,89.6,5.0,0.2,,,,
4.504,3,Atta_3,615.2,184.4,88.1,-5.3,0.0,,,,
4.556,2,Atta_2,498.4,1500.4,266.0,6.8,-1.2,,,,
4.556,3,Atta_3,610.6,181.8,88.1,-5.3,0.0,,,,
4.556,4,Atta_4,219.8,1489.6,266.1,6.5,1.7,,,,
4.614,1,Atta_1,209.6,76.7,89.6,-5.0,0.0,,,,
4.614,2,Atta_2,505.4,1495.6,266.8,8.5,0.8,,,,
4.672,3,Atta_3,606.1,178.5,89.2,-5.6,1.1,,,,
4.736,1,Atta_1,205.9,74.8,89.6,-4.2,0.0,,,,
4.736,3,Atta_3,578.7,159.7,88.7,-33.2,-0.5,,,,
4.79,2,Atta_2,504.3,1491.7,267.5,4.1,0.7,,,,
4.842,1,Atta_1,199.6,70.0,89.1,-7.9,-0.5,,,,
4.842,2,Atta_2,498.4,1495.9,267.5,-7.2,0.0,,,,
4.842,3,Atta_3,600.4,175.3,88.7,26.7,0.0,,,,
4.842,4,Atta_4,222.3,1485.0,266.6,5.2,0.5,,,,
4.905,1,Atta_1,208.1,76.4,89.1,10.6,0.0,,,,
4.905,4,Atta_4,211.1,1491.3,266.2,-12.9,-0.4,,,,
4.969,1,Atta_1,212.7,78.6,89.5,5.1,0.4,,,,
4.969,2,Atta_2,498.1,1500.3,267.4,-4.4,-0.1,,,,
4.969,4,Atta_4,225.4,1488.0,266.6,14.7,0.4,,,,
5.074,3,Atta_3,568.2,153.6,88.5,-38.8,-0.2,,,,
5.074,4,Atta_4,207.6,1496.5,264.4,-19.7,-2.2,,,,
5.141,4,Atta_4,219.2,1491.2,266.6,12.8,2.2,,,,
5.203,2,Atta_2,505.7,1494.4,266.5,9.6,-0.9,,,,
5.203,3,Atta_3,581.4,163.9,87.0,16.7,-1.5,,,,
5.317,1,Atta_1,203.4,73.7,89.2,-10.5,-0.3,,,,
5.317,2,Atta_2,499.4,1498.2,266.1,-7.4,-0.4,,,,
5.317,3,Atta_3,590.6,165.3,89.1,9.3,2.1,,,,
5.407,1,Atta_1,199.1,71.4,89.2,-4.9,0.0,,,,
5.407,2,Atta_2,493.8,1497.2,267.6,5.7,1.5,,,,
5.407,4,Atta_4,208.9,1490.1,264.7,10.4,-1.9,,,,
5.531,3,Atta_3,636.2,200.5,89.3,57.6,0.2,,,,
5.59,1,Atta_1,206.3,75.9,89.7,8.5,0.5,,,,
5.668,3,Atta_3,586.1,163.6,89.2,-62.2,-0.1,,,,
5.668,4,Atta_4,199.8,1494.4,265.1,-10.1,0.4,,,,
5.772,1,Atta_1,202.6,73.2,89.2,-4.6,-0.5,,,,
5.772,2,Atta_2,494.5,1492.8,266.5,4.5,-1.1,,,,
5.772,4,Atta_4,215.4,1483.5,266.2,19.0,1.1,,,,
5.855,3,Atta_3,597.2,173.2,88.1,14.7,-1.1,,,,
5.855,4,Atta_4,203.5,1492.3,265.1,-14.8,-1.1,,,,
5.907,1,Atta_1,198.1,70.9,89.5,-5.1,0.3,,,,
5.907,3,Atta_3,604.5,177.2,88.1,8.3,0.0,,,,
5.907,4,Atta_4,199.2,1490.1,264.6,4.8,-0.5,,,,
5.969,1,Atta_1,206.0,75.0,89.5,8.9,0.0,,,,
5.969,2,Atta_2,499.6,1494.3,266.9,-5.3,0.4,,,,
5.969,3,Atta_3,597.4,173.5,88.3,-8.0,0.2,,,,
5.969,4,Atta_4,200.8,1494.3,264.5,-4.5,-0.1,,,,
6.038,3,Atta_3,578.2,160.4,88.6,-23.2,0.3,,,,
6.191,3,Atta_3,572.7,157.3,88.6,-6.3,0.0,,,,
6.254,3,Atta_3,581.7,161.9,88.6,10.1,0.0,,,,
6.322,2,Atta_2,505.0,1492.0,266.8,5.9,-0.1,,,,
6.322,3,Atta_3,610.8,181.2,88.6,34.9,0.0,,,,
6.393,2,Atta_2,496.6,1497.4,266.8,-10.0,0.0,,,,
6.461,2,Atta_2,501.8,1494.4,266.8,6.0,0.0,,,,
6.461,3,Atta_3,616.8,185.1,88.8,7.2,0.2,,,,
6.528,2,Atta_2,493.0,1498.4,266.5,-9.7,-0.3,,,,
6.528,3,Atta_3,602.3,177.2,88.0,-16.5,-0.8,,,,
6.598,1,Atta_1,197.1,70.8,89.3,-9.8,-0.2,,,,
6.677,1,Atta_1,193.3,67.7,89.6,-4.9,0.3,,,,
6.677,2,Atta_2,488.0,1495.7,266.5,5.7,0.0,,,,
6.677,3,Atta_3,598.5,174.1,88.2,-4.9,0.2,,,,
6.677,4,Atta_4,197.9,1490.8,264.2,4.5,-0.3,,,,
6.753,1,Atta_1,204.1,74.0,89.6,12.5,0.0,,,,
6.753,2,Atta_2,493.0,1501.7,265.2,-7.8,-1.3,,,,
6.753,3,Atta_3,594.0,168.3,89.4,-7.3,1.2,,,,
6.753,4,Atta_4,211.5,1493.3,264.5,-13.8,0.3,,,,
6.828,1,Atta_1,210.1,77.3,89.6,6.8,0.0,,,,
6.828,3,Atta_3,651.3,211.6,89.4,71.8,0.0,,,,
6.904,1,Atta_1,204.1,74.0,89.6,-6.8,0.0,,,,
6.904,3,Atta_3,662.0,219.8,88.2,13.5,-1.2,,,,
6.993,1,Atta_1,199.6,71.2,89.3,-5.3,-0.3,,,,
6.993,4,Atta_4,200.6,1497.7,264.3,-11.8,-0.2,,,,
7.069,2,Atta_2,497.7,1498.2,266.2,5.9,1.0,,,,
7.133,3,Atta_3,579.0,161.1,88.1,-101.7,-0.1,,,,
7.133,4,Atta_4,208.2,1494.4,264.7,8.3,0.4,,,,
7.202,1,Atta_1,208.3,75.9,89.6,9.9,0.3,,,,
7.202,3,Atta_3,562.7,149.0,90.3,-20.3,2.2,,,,
7.264,1,Atta_1,198.4,70.9,89.9,-11.1,0.3,,,,
7.264,3,Atta_3,576.8,159.8,90.3,17.8,0.0,,,,
7.318,1,Atta_1,205.2,74.4,89.7,7.6,-0.2,,,,
7.318,3,Atta_3,573.5,156.2,89.6,-4.9,-0.7,,,,
7.318,4,Atta_4,212.9,1490.7,265.8,6.0,1.1,,,,
7.368,3,Atta_3,578.2,159.9,89.5,6.0,-0.1,,,,
7.368,4,Atta_4,200.8,1496.0,264.7,-13.2,-1.1,,,,
7.424,4,Atta_4,214.0,1494.1,265.8,13.3,1.1,,,,
7.484,1,Atta_1,210.0,77.2,89.6,5.6,-0.1,,,,
7.484,2,Atta_2,506.3,1500.6,266.0,-8.9,-0.2,,,,
7.484,3,Atta_3,598.4,171.5,88.8,23.3,-0.7,,,,
7.484,4,Atta_4,217.5,1496.3,265.9,-4.1,0.1,,,,
7.546,1,Atta_1,206.1,75.0,89.9,-4.5,0.3,,,,
7.546,2,Atta_2,499.6,1500.7,266.0,6.7,0.0,,,,
7.546,3,Atta_3,573.2,155.1,88.9,-30.1,0.1,,,,
7.602,2,Atta_2,503.2,1496.1,266.2,5.8,0.2,,,,
7.602,3,Atta_3,593.1,168.5,88.9,24.0,0.0,,,,
7.602,4,Atta_4,214.6,1492.7,265.9,4.6,0.0,,,,
7.662,1,Atta_1,213.2,79.0,89.6,8.1,-0.3,,,,
7.662,3,Atta_3,566.7,151.1,88.1,-31.6,-0.8,,,,
7.722,2,Atta_2,508.2,1490.1,267.1,7.8,0.9,,,,
7.722,3,Atta_3,578.8,161.9,88.1,16.2,0.0,,,,
7.722,4,Atta_4,218.6,1488.3,266.3,5.9,0.4,,,,
7.783,1,Atta_1,204.4,74.1,89.6,-10.1,0.0,,,,
7.849,3,Atta_3,612.0,181.6,88.5,38.6,0.4,,,,
7.849,4,Atta_4,210.3,1492.5,266.4,-9.3,0.1,,,,
7.966,1,Atta_1,198.6,70.4,89.5,-6.9,-0.1,,,,
7.966,2,Atta_2,493.3,1495.7,266.2,-15.9,-0.9,,,,
7.966,3,Atta_3,562.5,147.1,87.5,-60.3,-1.0,,,,
7.966,4,Atta_4,214.7,1485.4,266.5,8.4,0.1,,,,
8.141,2,Atta_2,500.5,1491.5,266.8,8.3,0.6,,,,
8.141,3,Atta_3,567.8,152.5,89.6,7.6,2.1,,,,
8.141,4,Atta_4,208.5,1489.7,266.2,-7.5,-0.3,,,,
8.199,3,Atta_3,574.8,160.3,90.9,10.5,1.3,,,,
8.259,1,Atta_1,204.3,73.6,89.2,6.5,-0.3,,,,
8.362,3,Atta_3,579.0,160.0,89.8,-4.2,-1.1,,,,
8.362,4,Atta_4,216.6,1487.3,266.9,8.4,0.7,,,,
8.418,4,Atta_4,201.7,1494.1,264.6,-16.4,-2.3,,,,
8.472,3,Atta_3,597.7,173.4,87.5,23.0,-2.3,,,,
8.472,4,Atta_4,196.8,1496.1,264.6,-5.3,0.0,,,,
8.528,2,Atta_2,495.4,1496.4,266.3,-7.1,-0.5,,,,
8.596,2,Atta_2,502.8,1493.1,266.3,8.1,0.0,,,,
8.596,3,Atta_3,589.0,167.1,86.8,-10.7,-0.7,,,,
8.596,4,Atta_4,220.1,1486.2,266.6,25.3,2.0,,,,
8.66,2,Atta_2,508.4,1492.2,266.3,5.7,0.0,,,,
8.711,3,Atta_3,593.3,169.4,88.9,4.9,2.1,,,,
8.711,4,Atta_4,206.2,1496.9,265.1,-17.5,-1.5,,,,
8.829,3,Atta_3,588.8,168.0,87.4,-4.7,-1.5,,,,
8.894,2,Atta_2,501.6,1492.7,266.8,-6.8,0.5,,,,
8.894,4,Atta_4,203.1,1492.5,265.5,5.4,0.4,,,,
8.958,3,Atta_3,608.1,179.6,88.1,22.5,0.7,,,,
9.145,1,Atta_1,200.4,72.1,89.4,-4.2,0.2,,,,
9.145,2,Atta_2,508.8,1490.1,266.9,7.7,0.1,,,,
9.145,3,Atta_3,573.7,159.1,88.9,-40.0,0.8,,,,
9.26,2,Atta_2,500.4,1492.6,266.5,-8.8,-0.4,,,,
9.362,2,Atta_2,495.2,1495.8,266.3,-6.1,-0.2,,,,
9.362,3,Atta_3,606.7,178.4,87.8,38.2,-1.1,,,,
9.433,2,Atta_2,498.9,1497.7,266.3,-4.2,0.0,,,,
9.433,3,Atta_3,578.6,160.8,87.8,-33.2,0.0,,,,
9.507,1,Atta_1,204.2,74.0,89.3,4.2,-0.1,,,,
9.507,3,Atta_3,610.4,180.3,87.8,37.3,0.0,,,,
9.581,2,Atta_2,505.5,1489.5,267.1,10.5,0.8,,,,
9.581,3,Atta_3,574.4,160.2,89.6,-41.2,1.8,,,,
9.581,4,Atta_4,199.0,1495.9,264.5,-5.3,-1.0,,,,
9.656,1,Atta_1,199.8,72.2,89.3,-4.8,0.0,,,,
9.656,3,Atta_3,608.4,180.0,87.9,39.3,-1.7,,,,
9.711,3,Atta_3,575.4,159.7,89.6,-38.7,1.7,,,,
9.761,1,Atta_1,196.2,69.7,89.5,-4.4,0.2,,,,
9.761,3,Atta_3,589.7,167.6,88.4,16.3,-1.2,,,,
9.761,4,Atta_4,203.4,1494.0,264.6,4.8,0.1,,,,
9.824,2,Atta_2,497.3,1495.3,266.1,-10.0,-1.0,,,,
9.824,3,Atta_3,582.7,163.0,88.4,-8.4,0.0,,,,
9.824,4,Atta_4,207.5,1491.7,266.2,4.7,1.6,,,,
9.888,1,Atta_1,201.4,72.7,89.3,6.0,-0.2,,,,
9.888,2,Atta_2,501.0,1497.3,266.1,-4.2,0.0,,,,
9.888,3,Atta_3,586.4,165.0,88.4,4.2,0.0,,,,
9.888,4,Atta_4,211.2,1493.7,266.2,-4.2,0.0,,,,
9.942,1,Atta_1,197.7,70.7,89.6,-4.2,0.3,,,,
9.942,3,Atta_3,582.7,163.0,88.1,-4.2,-0.3,,,,
9.942,4,Atta_4,206.1,1491.6,265.2,5.5,-1.0,,,,
9.998,2,Atta_2,501.0,1493.0,266.8,4.3,0.7,,,,
9.998,3,Atta_3,610.3,181.3,88.3,33.1,0.2,,,,
10.099,3,Atta_3,650.2,212.2,88.1,50.5,-0.2,,,,
10.156,1,Atta_1,204.7,74.3,89.3,7.9,-0.3,,,,
10.156,2,Atta_2,506.8,1494.7,266.8,-6.0,0.0,,,,
10.156,3,Atta_3,615.0,183.6,88.3,-45.4,0.2,,,,
10.156,4,Atta_4,224.3,1487.6,266.6,18.6,1.4,,,,
10.208,1,Atta_1,209.0,76.4,89.3,4.8,0.0,,,,
10.208,3,Atta_3,574.3,156.1,88.1,-49.1,-0.2,,,,
10.262,4,Atta_4,216.9,1490.2,265.8,-7.8,-0.8,,,,
10.32,3,Atta_3,601.8,175.0,82.5,33.4,-5.6,,,,
10.32,4,Atta_4,216.9,1490.2,261.0,0.0,-4.8,,,,
10.372,4,Atta_4,221.8,1488.9,255.6,5.1,-5.4,,,,
10.43,1,Atta_1,204.9,73.3,90.4,-5.1,1.1,,,,
10.43,2,Atta_2,501.0,1493.3,266.3,6.0,-0.5,,,,
10.43,4,Atta_4,219.5,1487.3,251.0,2.8,-4.6,,,,
10.488,3,Atta_3,587.5,168.0,69.4,-15.9,-13.1,,,,
10.545,1,Atta_1,212.1,75.4,105.2,7.5,14.8,,,,
10.545,2,Atta_2,498.0,1493.3,272.4,3.0,6.1,,,,
10.545,3,Atta_3,559.8,148.1,64.7,-34.1,-4.7,,,,
10.607,1,Atta_1,230.0,86.1,108.9,20.9,3.7,,,,
10.607,3,Atta_3,550.9,141.3,58.9,-11.2,-5.8,,,,
10.663,1,Atta_1,230.0,86.1,118.0,0.0,9.1,,,,
10.663,2,Atta_2,499.2,1493.6,283.7,-1.2,11.3,,,,
10.663,3,Atta_3,556.9,149.2,53.2,9.9,-5.7,,,,
10.663,4,Atta_4,208.0,1492.6,243.4,-12.7,-7.6,,,,
10.72,1,Atta_1,230.3,85.5,126.2,-0.7,8.2,,,,
10.72,2,Atta_2,497.4,1494.7,293.9,-2.1,10.2,,,,
10.72,3,Atta_3,559.3,151.7,43.6,3.5,-9.6,,,,
10.72,4,Atta_4,210.4,1493.7,214.4,-2.6,-29.0,,,,
10.775,1,Atta_1,230.3,85.5,134.6,0.0,8.4,,,,
10.775,2,Atta_2,475.5,1505.6,302.7,-24.5,8.8,,,,
10.775,3,Atta_3,565.0,158.1,36.0,8.6,-7.6,,,,
10.775,4,Atta_4,252.3,1473.8,205.6,-46.4,-8.8,,,,
10.829,1,Atta_1,236.1,91.5,140.7,8.3,6.1,,,,
10.829,2,Atta_2,467.9,1510.9,306.6,-9.3,3.9,,,,
10.829,3,Atta_3,566.5,159.0,29.9,1.7,-6.1,,,,
10.829,4,Atta_4,253.8,1473.7,201.5,-1.5,-4.1,,,,
10.882,1,Atta_1,241.7,94.1,151.4,-6.2,10.7,,,,
10.882,3,Atta_3,577.2,170.5,21.4,15.7,-8.5,,,,
10.936,1,Atta_1,238.7,92.9,157.7,3.2,6.3,,,,
10.936,2,Atta_2,470.5,1512.3,315.5,3.0,8.9,,,,
10.936,3,Atta_3,551.1,150.3,16.8,-33.0,-4.6,,,,
10.936,4,Atta_4,255.1,1476.1,191.5,-2.7,-10.0,,,,
10.991,1,Atta_1,241.7,96.2,166.6,-4.5,8.9,,,,
10.991,3,Atta_3,555.9,157.3,8.9,8.5,-7.9,,,,
10.991,4,Atta_4,234.6,1484.4,185.6,22.1,-5.9,,,,
11.058,1,Atta_1,254.0,105.1,172.7,-15.2,6.1,,,,
11.058,2,Atta_2,479.3,1490.9,331.7,23.1,16.2,,,,
11.058,3,Atta_3,548.6,153.3,5.8,-8.3,-3.1,,,,
11.058,4,Atta_4,225.9,1480.9,184.3,9.4,-1.3,,,,
11.122,1,Atta_1,264.6,111.3,175.7,-12.3,3.0,,,,
11.122,2,Atta_2,486.3,1491.2,346.7,7.0,15.0,,,,
11.187,1,Atta_1,268.0,114.8,176.3,-4.9,0.6,,,,
11.187,2,Atta_2,486.3,1490.2,352.4,1.0,5.7,,,,
11.187,4,Atta_4,213.7,1489.5,181.6,14.9,-2.7,,,,
11.241,1,Atta_1,271.9,116.3,177.5,-4.2,1.2,,,,
11.301,1,Atta_1,265.8,114.0,177.5,6.5,0.0,,,,
11.301,2,Atta_2,497.9,1479.7,356.6,15.6,4.2,,,,
11.301,3,Atta_3,544.5,151.5,4.1,-4.5,-1.7,,,,
11.301,4,Atta_4,219.8,1484.4,181.7,-8.0,0.1,,,,
11.359,1,Atta_1,269.7,115.5,177.5,-4.2,0.0,,,,
11.423,4,Atta_4,207.9,1489.1,182.3,12.8,0.6,,,,
11.489,3,Atta_3,552.0,155.9,3.5,8.7,-0.6,,,,
11.553,4,Atta_4,238.4,1476.8,183.9,-32.9,1.6,,,,
11.613,1,Atta_1,261.6,111.5,176.7,9.0,-0.8,,,,
11.667,4,Atta_4,255.2,1468.7,183.3,-18.7,-0.6,,,,
11.729,1,Atta_1,255.0,110.0,177.0,6.8,0.3,,,,
11.729,2,Atta_2,482.6,1478.5,356.7,-15.3,0.1,,,,
11.729,3,Atta_3,542.8,151.2,3.7,-10.3,0.2,,,,
11.729,4,Atta_4,221.8,1476.5,183.3,34.3,0.0,,,,
11.79,2,Atta_2,491.4,1474.3,355.7,9.8,-1.0,,,,
11.852,1,Atta_1,252.5,113.3,176.7,4.1,-0.3,,,,
11.852,2,Atta_2,496.3,1477.9,355.7,6.1,0.0,,,,
11.852,3,Atta_3,546.7,152.9,3.7,4.3,0.0,,,,
11.852,4,Atta_4,226.0,1479.8,184.0,-5.3,0.7,,,,
11.911,1,Atta_1,243.5,113.2,176.3,9.0,-0.4,,,,
11.97,1,Atta_1,227.8,110.0,176.2,16.0,-0.1,,,,
11.97,3,Atta_3,553.9,156.3,4.1,8.0,0.4,,,,
11.97,4,Atta_4,228.8,1476.8,184.0,-4.1,0.0,,,,
12.078,1,Atta_1,211.2,106.1,175.5,17.1,-0.7,,,,
12.078,4,Atta_4,225.1,1479.1,182.6,4.4,-1.4,,,,
12.129,4,Atta_4,230.2,1479.2,181.9,-5.1,-0.7,,,,
12.185,1,Atta_1,201.2,103.9,174.6,10.2,-0.9,,,,
12.185,2,Atta_2,502.3,1472.9,356.2,7.8,0.5,,,,
12.241,1,Atta_1,172.9,102.5,174.4,28.3,-0.2,,,,
12.241,3,Atta_3,549.3,153.4,3.2,-5.4,-0.9,,,,
12.292,2,Atta_2,483.9,1484.1,356.5,-21.5,0.3,,,,
12.292,4,Atta_4,244.0,1471.3,182.5,-15.9,0.6,,,,
12.347,1,Atta_1,225.0,134.8,176.5,-61.3,2.1,,,,
12.405,4,Atta_4,237.3,1472.2,180.1,6.8,-2.4,,,,
12.467,1,Atta_1,128.8,93.3,177.4,104.8,0.9,,,,
12.467,2,Atta_2,488.7,1481.6,356.6,5.4,0.1,,,,
12.518,3,Atta_3,538.9,146.6,2.0,-12.4,-1.2,,,,
12.568,1,Atta_1,117.7,97.3,173.1,11.8,-4.3,,,,
12.568,4,Atta_4,229.1,1476.3,180.0,9.2,-0.1,,,,
12.624,3,Atta_3,545.8,150.9,1.2,8.1,-0.8,,,,
12.684,1,Atta_1,105.0,97.4,171.5,12.7,-1.6,,,,
12.747,1,Atta_1,99.7,96.4,171.5,5.4,0.0,,,,
12.747,4,Atta_4,233.1,1474.0,180.2,-4.6,0.2,,,,
12.799,2,Atta_2,498.5,1475.7,357.5,11.4,0.9,,,,
12.799,3,Atta_3,542.3,148.7,359.7,-4.1,-1.5,,,,
12.852,1,Atta_1,95.3,93.8,172.2,5.1,0.7,,,,
12.852,2,Atta_2,490.3,1480.5,357.1,-9.5,-0.4,,,,
12.916,2,Atta_2,493.7,1478.2,356.6,4.1,-0.5,,,,
12.98,4,Atta_4,219.9,1478.1,180.5,13.8,0.3,,,,
13.085,1,Atta_1,89.9,90.1,172.2,6.5,0.0,,,,
13.085,4,Atta_4,209.6,1478.1,180.5,10.3,0.0,,,,
13.213,4,Atta_4,214.7,1467.8,181.5,-11.5,1.0,,,,
13.271,2,Atta_2,491.4,1479.8,1.2,-2.8,4.6,,,,
13.271,3,Atta_3,549.7,151.0,359.7,7.7,0.0,,,,
13.321,1,Atta_1,84.8,88.6,171.3,5.3,-0.9,,,,
13.321,3,Atta_3,737.4,276.2,4.4,225.6,4.7,,,,
13.321,4,Atta_4,180.4,1477.8,181.5,35.7,0.0,,,,
13.38,1,Atta_1,91.6,91.0,172.3,-7.2,1.0,,,,
13.431,3,Atta_3,752.7,277.2,3.4,15.3,-1.0,,,,
13.431,4,Atta_4,166.4,1476.6,180.8,14.1,-0.7,,,,
13.481,3,Atta_3,583.2,152.4,359.4,-210.5,-4.0,,,,
13.481,4,Atta_4,161.9,1473.4,180.8,5.5,0.0,,,,
13.594,4,Atta_4,157.9,1473.4,181.7,4.0,0.9,,,,
13.652,1,Atta_1,87.7,89.1,171.1,4.3,-1.2,,,,
13.652,3,Atta_3,589.1,149.7,359.5,6.5,0.1,,,,
13.652,4,Atta_4,147.4,1472.3,182.0,10.6,0.3,,,,
13.717,4,Atta_4,143.1,1474.9,181.7,5.0,-0.3,,,,
13.782,3,Atta_3,604.8,145.3,359.5,16.3,0.0,,,,
13.846,3,Atta_3,610.7,146.4,359.5,6.0,0.0,,,,
13.846,4,Atta_4,109.7,1481.5,180.3,34.0,-1.4,,,,
13.945,2,Atta_2,485.1,1483.9,355.5,-7.5,-5.7,,,,
13.945,3,Atta_3,620.6,146.4,359.6,9.9,0.1,,,,
13.945,4,Atta_4,96.5,1479.4,180.5,13.4,0.2,,,,
14.005,2,Atta_2,492.3,1488.3,335.4,8.4,-20.1,,,,
14.005,3,Atta_3,637.1,146.4,359.7,16.5,0.1,,,,
14.066,1,Atta_1,114.5,103.9,173.0,-30.6,1.9,,,,
14.066,3,Atta_3,644.2,144.5,359.7,7.3,0.0,,,,
14.066,4,Atta_4,105.9,1477.2,182.1,-9.7,1.6,,,,
14.123,1,Atta_1,88.0,89.8,172.3,30.0,-0.7,,,,
14.123,2,Atta_2,485.1,1492.5,330.0,-8.3,-5.4,,,,
14.194,2,Atta_2,482.8,1498.2,311.1,-6.1,-18.9,,,,
14.194,3,Atta_3,657.3,143.3,359.4,13.2,-0.3,,,,
14.27,1,Atta_1,115.8,102.6,171.8,-30.6,-0.5,,,,
14.27,2,Atta_2,482.8,1498.8,306.1,-0.6,-5.0,,,,
14.27,3,Atta_3,663.6,150.7,359.7,9.7,0.3,,,,
14.346,1,Atta_1,99.8,91.9,171.0,19.2,-0.8,,,,
14.346,2,Atta_2,488.0,1498.8,293.2,5.2,-12.9,,,,
14.346,3,Atta_3,681.7,147.4,359.7,18.4,0.0,,,,
14.415,2,Atta_2,488.9,1498.8,281.6,0.9,-11.6,,,,
14.415,3,Atta_3,686.3,147.4,359.6,4.6,-0.1,,,,
14.496,2,Atta_2,513.9,1490.4,264.7,26.4,-16.9,,,,
14.496,3,Atta_3,691.9,147.4,359.5,5.6,-0.1,,,,
14.574,2,Atta_2,524.3,1484.9,258.2,11.8,-6.5,,,,
14.574,3,Atta_3,706.2,142.8,359.2,15.0,-0.3,,,,
14.649,2,Atta_2,524.3,1484.9,242.8,0.0,-15.4,,,,
14.649,3,Atta_3,711.1,148.6,359.5,7.6,0.3,,,,
14.649,4,Atta_4,95.2,1480.0,180.2,11.1,-1.9,,,,
14.716,2,Atta_2,529.6,1481.9,233.0,6.1,-9.8,,,,
14.716,3,Atta_3,866.4,261.7,3.5,192.1,4.0,,,,
14.784,2,Atta_2,561.3,1462.0,216.6,-37.4,-16.4,,,,
14.784,3,Atta_3,874.8,261.7,3.9,8.4,0.4,,,,
14.784,4,Atta_4,102.0,1479.0,181.8,-6.9,1.6,,,,
14.856,2,Atta_2,561.3,1462.0,210.5,0.0,-6.1,,,,
14.856,3,Atta_3,881.0,257.7,3.9,7.4,0.0,,,,
14.929,1,Atta_1,57.2,70.8,131.4,47.5,-39.6,,,,
14.929,2,Atta_2,534.1,1479.8,201.1,32.5,-9.4,,,,
14.929,3,Atta_3,874.8,256.6,3.9,-6.3,0.0,,,,
15.001,1,Atta_1,74.4,80.5,129.4,-19.7,-2.0,,,,
15.001,2,Atta_2,534.1,1479.8,192.2,0.0,-8.9,,,,
15.001,3,Atta_3,884.3,256.6,3.9,9.5,0.0,,,,
15.069,2,Atta_2,523.5,1483.8,186.3,11.3,-5.9,,,,
15.069,3,Atta_3,769.5,138.4,359.3,-164.8,-4.6,,,,
15.069,4,Atta_4,110.5,1475.6,186.6,-9.2,4.8,,,,
15.145,2,Atta_2,538.2,1474.7,185.6,-17.3,-0.7,,,,
15.145,3,Atta_3,904.7,252.2,4.4,176.7,5.1,,,,
15.145,4,Atta_4,110.5,1475.6,198.7,0.0,12.1,,,,
15.219,1,Atta_1,57.2,70.8,131.4,19.7,2.0,,,,
15.282,1,Atta_1,73.0,79.8,129.4,-18.2,-2.0,,,,
15.282,3,Atta_3,922.3,252.4,4.6,17.6,0.2,,,,
15.358,2,Atta_2,532.1,1477.7,184.2,6.8,-1.4,,,,
15.358,3,Atta_3,932.4,253.1,4.6,10.1,0.0,,,,
15.5,3,Atta_3,944.5,253.1,4.5,12.1,-0.1,,,,
15.573,1,Atta_1,65.6,80.0,130.9,7.4,1.5,,,,
15.573,3,Atta_3,946.4,245.9,4.0,7.4,-0.5,,,,
15.645,1,Atta_1,45.8,80.0,131.3,19.8,0.4,,,,
15.645,3,Atta_3,953.4,244.9,2.8,7.1,-1.2,,,,
15.715,1,Atta_1,45.8,87.4,130.9,7.4,-0.4,,,,
15.784,3,Atta_3,869.2,140.0,359.2,-134.5,-3.6,,,,
15.863,2,Atta_2,536.0,1475.3,184.6,-4.6,0.4,,,,
15.944,3,Atta_3,986.5,244.4,3.7,157.0,4.5,,,,
16.022,3,Atta_3,996.0,246.8,4.2,9.8,0.5,,,,
16.094,3,Atta_3,1005.3,246.8,4.6,9.3,0.4,,,,
16.164,2,Atta_2,544.2,1470.9,183.5,-9.3,-1.1,,,,
16.164,3,Atta_3,1007.0,240.2,5.4,6.8,0.8,,,,
16.233,2,Atta_2,524.5,1481.8,184.5,22.5,1.0,,,,
16.303,3,Atta_3,1012.0,240.0,5.5,5.0,0.1,,,,
16.55,2,Atta_2,548.1,1467.2,181.2,-27.8,-3.3,,,,
16.67,2,Atta_2,541.7,1471.7,180.0,7.8,-1.2,,,,
16.86,3,Atta_3,1018.9,241.1,5.2,7.0,-0.3,,,,
17.105,3,Atta_3,1035.0,239.3,5.5,16.2,0.3,,,,
17.175,1,Atta_1,-39.0,84.0,102.4,84.9,-28.5,,,,
17.175,2,Atta_2,546.6,1468.7,177.5,-5.7,-2.5,,,,
17.175,3,Atta_3,1041.7,239.3,5.0,6.7,-0.5,,,,
17.239,1,Atta_1,15.4,110.9,94.0,60.7,-8.4,,,,
17.239,2,Atta_2,539.7,1466.3,168.7,7.3,-8.8,,,,
17.239,3,Atta_3,1051.2,239.3,5.1,9.5,0.1,,,,
17.304,2,Atta_2,552.3,1461.5,164.1,-13.5,-4.6,,,,
17.304,3,Atta_3,1051.2,230.6,5.0,-8.7,-0.1,,,,
17.358,1,Atta_1,27.3,117.1,84.2,13.4,-9.8,,,,
17.358,2,Atta_2,539.7,1466.3,149.9,13.5,-14.2,,,,
17.414,1,Atta_1,27.3,117.1,80.1,0.0,-4.1,,,,
17.414,2,Atta_2,552.3,1452.2,149.4,-18.9,-0.5,,,,
17.414,3,Atta_3,1064.7,232.7,4.1,13.7,-0.9,,,,
17.478,1,Atta_1,25.7,119.5,70.5,2.9,-9.6,,,,
17.478,2,Atta_2,546.0,1458.3,146.5,8.8,-2.9,,,,
17.541,3,Atta_3,1073.5,232.7,4.1,8.8,0.0,,,,
17.606,3,Atta_3,1090.2,223.3,2.7,19.2,-1.4,,,,
17.668,3,Atta_3,1094.2,229.2,2.7,7.1,0.0,,,,
17.733,2,Atta_2,549.5,1455.0,142.5,-4.8,-4.0,,,,
17.733,3,Atta_3,1090.2,223.3,2.4,-7.1,-0.3,,,,
17.784,3,Atta_3,1040.9,134.7,359.2,-101.4,-3.2,,,,
17.837,1,Atta_1,18.2,114.3,64.2,-9.1,-6.3,,,,
17.902,1,Atta_1,-1.0,114.1,38.0,-19.2,-26.2,,,,
17.902,3,Atta_3,1120.8,223.8,4.7,119.7,5.5,,,,
18.101,1,Atta_1,-6.9,111.2,37.9,-6.6,-0.1,,,,
18.101,3,Atta_3,1135.2,221.9,5.0,14.5,0.3,,,,
18.157,3,Atta_3,1148.6,226.3,5.0,14.1,0.0,,,,
18.237,2,Atta_2,559.7,1446.0,139.4,-13.6,-3.1,,,,
18.237,3,Atta_3,1152.9,226.3,4.6,4.3,-0.4,,,,
18.301,1,Atta_1,-27.1,102.6,37.0,-22.0,-0.9,,,,
18.301,3,Atta_3,1161.2,219.2,4.2,10.9,-0.4,,,,
18.365,1,Atta_1,-38.9,99.6,36.5,-12.2,-0.5,,,,
18.365,3,Atta_3,1165.2,219.2,4.2,4.0,0.0,,,,
18.416,3,Atta_3,1175.6,216.0,4.2,10.9,0.0,,,,
18.471,1,Atta_1,-10.4,115.0,37.0,32.4,0.5,,,,
18.471,2,Atta_2,541.9,1459.8,141.7,22.5,2.3,,,,
18.531,1,Atta_1,-6.3,118.4,37.0,5.3,0.0,,,,
18.634,2,Atta_2,528.1,1471.7,140.7,18.2,-1.0,,,,
18.634,3,Atta_3,1192.1,214.4,3.3,16.6,-0.9,,,,
18.709,1,Atta_1,31.6,138.5,36.3,42.9,-0.7,,,,
18.709,3,Atta_3,1207.0,214.0,3.3,14.9,0.0,,,,
18.867,2,Atta_2,532.3,1472.3,140.5,-4.2,-0.2,,,,
18.867,3,Atta_3,1188.1,133.7,358.8,-82.5,-4.5,,,,
18.942,1,Atta_1,67.4,160.3,35.6,41.9,-0.7,,,,
18.942,2,Atta_2,507.3,1484.9,139.1,28.0,-1.4,,,,
18.996,1,Atta_1,73.9,162.8,36.2,7.0,0.6,,,,
18.996,2,Atta_2,506.1,1490.3,139.1,5.5,0.0,,,,
19.047,1,Atta_1,84.0,170.8,36.6,12.9,0.4,,,,
19.047,3,Atta_3,1232.8,213.2,5.1,91.2,6.3,,,,
19.099,1,Atta_1,99.0,179.3,37.1,17.2,0.5,,,,
19.099,2,Atta_2,502.1,1489.7,139.6,4.0,0.5,,,,
19.154,2,Atta_2,499.3,1492.8,139.6,4.2,0.0,,,,
19.212,1,Atta_1,108.3,185.2,37.1,11.0,0.0,,,,
19.212,2,Atta_2,494.3,1499.2,139.6,8.1,0.0,,,,
19.212,3,Atta_3,1193.9,133.9,358.7,-88.3,-6.4,,,,
19.264,1,Atta_1,113.3,190.2,37.0,7.1,-0.1,,,,
19.264,2,Atta_2,490.4,1506.9,138.8,8.6,-0.8,,,,
19.264,3,Atta_3,1236.5,215.8,5.2,92.3,6.5,,,,
19.367,1,Atta_1,117.9,194.3,37.3,6.2,0.3,,,,
19.435,1,Atta_1,133.3,204.2,37.0,18.3,-0.3,,,,
19.504,1,Atta_1,145.5,211.3,37.4,14.1,0.4,,,,
19.563,1,Atta_1,154.9,218.5,37.3,11.8,-0.1,,,,
19.665,1,Atta_1,166.0,225.4,37.4,13.1,0.1,,,,
19.665,3,Atta_3,1205.4,131.7,358.8,-89.7,-6.4,,,,
19.742,1,Atta_1,180.9,238.0,37.5,19.5,0.1,,,,
19.742,3,Atta_3,1214.7,127.9,359.2,10.0,0.4,,,,
19.815,1,Atta_1,188.5,240.9,37.5,8.1,0.0,,,,
19.876,1,Atta_1,198.4,248.9,37.2,12.7,-0.3,,,,
19.876,3,Atta_3,1225.5,130.8,359.3,11.2,0.1,,,,
19.876,4,Atta_4,65.2,1467.2,244.3,46.1,45.6,,,,
19.928,3,Atta_3,1276.7,213.0,5.5,96.8,6.2,,,,
19.928,4,Atta_4,53.7,1471.3,251.9,12.2,7.6,,,,
20.03,1,Atta_1,232.5,267.4,38.1,38.8,0.9,,,,
20.03,4,Atta_4,59.7,1467.3,251.9,7.2,0.0,,,,
20.103,3,Atta_3,1256.6,124.6,359.0,-90.7,-6.5,,,,
20.103,4,Atta_4,58.5,1466.6,264.1,1.4,12.2,,,,
20.172,1,Atta_1,231.5,271.7,38.4,4.4,0.3,,,,
20.172,4,Atta_4,58.5,1466.6,270.1,0.0,6.0,,,,
20.246,1,Atta_1,261.2,288.5,38.4,34.1,0.0,,,,
20.246,3,Atta_3,1267.5,123.6,358.7,10.9,-0.3,,,,
20.246,4,Atta_4,48.9,1466.2,282.8,9.6,12.7,,,,
20.297,1,Atta_1,271.2,295.2,38.2,12.0,-0.2,,,,
20.297,3,Atta_3,1275.9,124.7,358.7,8.5,0.0,,,,
20.297,4,Atta_4,24.1,1475.0,293.2,-26.3,10.4,,,,
20.361,3,Atta_3,1289.3,124.4,359.0,13.4,0.3,,,,
20.361,4,Atta_4,11.7,1481.1,303.0,-13.8,9.8,,,,
20.42,3,Atta_3,1295.6,129.5,359.0,8.1,0.0,,,,
20.42,4,Atta_4,10.1,1478.0,311.5,3.5,8.5,,,,
20.481,1,Atta_1,277.3,302.6,38.6,9.6,0.4,,,,
20.481,3,Atta_3,1307.5,132.7,359.0,12.3,0.0,,,,
20.481,4,Atta_4,15.5,1481.2,316.5,6.3,5.0,,,,
20.541,1,Atta_1,297.8,318.0,38.1,25.6,-0.5,,,,
20.541,3,Atta_3,1318.4,132.7,359.2,10.9,0.2,,,,
20.6,1,Atta_1,310.4,323.0,38.1,13.6,0.0,,,,
20.6,3,Atta_3,1327.6,130.0,359.2,9.6,0.0,,,,
20.663,1,Atta_1,306.4,324.2,38.8,-4.2,0.7,,,,
20.718,1,Atta_1,320.3,333.8,38.8,16.9,0.0,,,,
20.718,3,Atta_3,1344.9,132.9,358.7,17.5,-0.5,,,,
20.828,1,Atta_1,331.8,340.6,38.8,13.4,0.0,,,,
20.828,3,Atta_3,1349.4,129.6,358.7,5.6,0.0,,,,
20.886,1,Atta_1,335.2,344.3,38.4,5.0,-0.4,,,,
20.886,3,Atta_3,1359.3,132.3,358.9,10.3,0.2,,,,
20.886,4,Atta_4,11.2,1478.6,324.7,-5.0,8.2,,,,
20.943,1,Atta_1,340.1,348.3,37.9,6.3,-0.5,,,,
20.943,3,Atta_3,1366.5,133.2,359.0,7.3,0.1,,,,
20.993,3,Atta_3,1376.8,132.9,0.1,10.3,1.1,,,,
21.049,1,Atta_1,329.2,344.4,37.2,-11.6,-0.7,,,,
21.049,3,Atta_3,1387.5,132.9,0.7,10.7,0.6,,,,
21.106,1,Atta_1,337.1,348.4,37.2,8.9,0.0,,,,
21.106,3,Atta_3,1400.7,137.4,0.7,13.9,0.0,,,,
21.162,1,Atta_1,346.8,353.0,37.3,10.7,0.1,,,,
21.162,3,Atta_3,1408.6,137.9,359.9,7.9,-0.8,,,,
21.213,3,Atta_3,1414.0,136.5,359.8,5.6,-0.1,,,,
21.264,1,Atta_1,337.5,349.2,37.7,-10.0,0.4,,,,
21.325,3,Atta_3,1417.0,119.2,359.4,17.6,-0.4,,,,
21.381,3,Atta_3,1428.3,120.8,359.4,11.4,0.0,,,,
21.441,3,Atta_3,1433.1,126.3,359.4,7.3,0.0,,,,
21.493,3,Atta_3,1442.4,126.3,359.4,9.3,0.0,,,,
21.557,3,Atta_3,1448.9,127.4,358.8,6.6,-0.6,,,,
21.557,4,Atta_4,42.0,1458.5,330.0,36.8,5.3,,,,
21.611,1,Atta_1,346.3,352.5,38.1,9.4,0.4,,,,
21.611,3,Atta_3,1466.6,128.2,358.7,17.7,-0.1,,,,
21.611,4,Atta_4,44.5,1464.2,330.8,-6.2,0.8,,,,
21.667,3,Atta_3,1470.1,131.2,358.7,4.6,0.0,,,,
21.667,4,Atta_4,48.4,1462.3,330.8,4.3,0.0,,,,
21.759,1,Atta_1,328.6,344.1,38.1,-19.6,0.0,,,,
21.759,3,Atta_3,1469.4,126.0,358.5,-5.2,-0.2,,,,
21.824,1,Atta_1,335.0,346.2,36.5,6.7,-1.6,,,,
21.824,3,Atta_3,1481.7,130.6,358.2,13.1,-0.3,,,,
21.824,4,Atta_4,67.9,1444.6,331.2,26.3,0.4,,,,
21.879,1,Atta_1,345.8,353.5,30.5,13.0,-6.0,,,,
21.879,3,Atta_3,1493.5,126.9,358.2,12.4,0.0,,,,
21.879,4,Atta_4,71.4,1442.0,331.2,4.4,0.0,,,,
21.955,1,Atta_1,353.1,354.3,28.8,7.3,-1.7,,,,
21.955,3,Atta_3,1494.3,121.9,358.1,5.1,-0.1,,,,
22.057,1,Atta_1,368.9,366.3,17.5,19.8,-11.3,,,,
22.057,3,Atta_3,1506.7,121.9,358.0,12.4,-0.1,,,,
22.124,1,Atta_1,370.0,368.6,6.3,2.5,-11.2,,,,
22.124,3,Atta_3,1522.1,120.4,358.0,15.5,0.0,,,,
22.124,4,Atta_4,84.6,1437.7,332.3,13.9,1.1,,,,
22.226,3,Atta_3,1527.5,117.4,359.6,6.2,1.6,,,,
22.226,4,Atta_4,102.3,1428.0,331.6,20.2,-0.7,,,,
22.301,1,Atta_1,363.5,367.9,0.9,-6.5,-5.4,,,,
22.301,3,Atta_3,1547.6,116.8,359.6,20.1,0.0,,,,
22.356,3,Atta_3,1554.7,116.6,359.5,7.1,-0.1,,,,
22.407,3,Atta_3,1569.5,118.8,357.8,15.0,-1.7,,,,
22.488,3,Atta_3,1566.2,114.5,359.4,-5.4,1.6,,,,
22.488,4,Atta_4,125.4,1416.8,331.6,25.7,0.0,,,,
22.551,3,Atta_3,1570.7,112.6,359.0,4.9,-0.4,,,,
22.656,1,Atta_1,367.4,369.6,359.6,4.3,-1.3,,,,
23.159,1,Atta_1,358.5,365.5,358.9,-9.8,-0.7,,,,
23.159,4,Atta_4,275.1,1342.0,331.8,167.3,0.2,,,,
23.221,3,Atta_3,1578.2,112.5,359.2,7.5,0.2,,,,
23.302,3,Atta_3,1589.7,112.5,359.2,11.5,0.0,,,,
23.302,4,Atta_4,313.3,1324.8,330.4,41.9,-1.4,,,,
23.375,1,Atta_1,366.0,370.8,358.5,9.2,-0.4,,,,
23.375,3,Atta_3,1599.2,116.9,359.4,10.5,0.2,,,,
23.375,4,Atta_4,318.3,1329.1,331.8,6.6,1.4,,,,
23.44,1,Atta_1,370.0,370.8,358.5,4.0,0.0,,,,
23.44,2,Atta_2,405.1,1574.0,166.0,108.5,27.2,,,,
23.44,3,Atta_3,1611.7,116.9,359.5,12.5,0.1,,,,
23.44,4,Atta_4,351.9,1316.1,331.2,36.0,-0.6,,,,
23.518,2,Atta_2,398.5,1579.8,172.2,8.8,6.2,,,,
23.518,3,Atta_3,1620.6,117.4,359.5,8.9,0.0,,,,
23.6,1,Atta_1,390.3,370.8,357.6,20.3,-0.9,,,,
23.6,3,Atta_3,1629.4,116.0,359.6,8.9,0.1,,,,
23.683,1,Atta_1,399.3,368.8,357.5,9.2,-0.1,,,,
23.683,4,Atta_4,342.1,1311.9,329.4,-10.7,-1.8,,,,
23.764,1,Atta_1,410.9,367.8,357.8,11.6,0.3,,,,
23.764,3,Atta_3,1650.6,113.2,359.8,21.4,0.2,,,,
23.764,4,Atta_4,346.9,1313.9,329.4,5.2,0.0,,,,
23.844,1,Atta_1,407.3,365.4,357.8,-4.3,0.0,,,,
23.844,3,Atta_3,1655.1,110.5,0.0,5.2,0.2,,,,
23.844,4,Atta_4,345.8,1309.8,329.6,4.2,0.2,,,,
23.914,1,Atta_1,421.0,365.2,358.7,13.7,0.9,,,,
23.914,3,Atta_3,1666.8,111.7,0.2,11.8,0.2,,,,
23.914,4,Atta_4,369.9,1300.7,329.6,25.8,0.0,,,,
23.996,3,Atta_3,1674.7,110.5,0.2,8.0,0.0,,,,
24.073,1,Atta_1,441.8,367.1,358.7,20.9,0.0,,,,
24.073,3,Atta_3,1685.7,109.8,0.4,11.0,0.2,,,,
24.139,1,Atta_1,460.4,367.5,358.9,18.6,0.2,,,,
24.139,3,Atta_3,1700.3,110.2,0.2,14.6,-0.2,,,,
24.139,4,Atta_4,359.0,1307.1,330.2,-12.6,0.6,,,,
24.208,1,Atta_1,468.6,368.9,359.0,8.3,0.1,,,,
24.208,3,Atta_3,1715.7,115.2,0.2,16.2,0.0,,,,
24.208,4,Atta_4,365.3,1311.0,330.2,7.4,0.0,,,,
24.268,1,Atta_1,468.4,364.9,359.0,-4.0,0.0,,,,
24.268,3,Atta_3,1718.4,112.3,0.2,4.0,0.0,,,,
24.268,4,Atta_4,362.0,1306.0,330.6,-6.0,0.4,,,,
24.352,3,Atta_3,1723.5,111.4,0.2,5.2,0.0,,,,
24.416,1,Atta_1,486.8,363.0,359.2,18.5,0.2,,,,
24.416,3,Atta_3,1737.0,111.4,0.0,13.5,-0.2,,,,
24.416,4,Atta_4,352.2,1309.8,324.1,-10.5,-6.5,,,,
24.471,3,Atta_3,1745.9,110.4,0.0,9.0,0.0,,,,
24.471,4,Atta_4,347.4,1311.2,315.8,-5.0,-8.3,,,,
24.529,1,Atta_1,504.6,365.4,359.6,18.0,0.4,,,,
24.529,3,Atta_3,1756.4,113.4,0.1,10.9,0.1,,,,
24.529,4,Atta_4,353.7,1314.4,311.3,7.1,-4.5,,,,
24.588,1,Atta_1,513.0,365.4,359.6,8.4,0.0,,,,
24.588,3,Atta_3,1765.7,113.6,0.1,9.3,0.0,,,,
24.588,4,Atta_4,353.4,1316.0,303.2,-1.6,-8.1,,,,
24.649,1,Atta_1,527.9,367.4,0.6,15.0,1.0,,,,
24.649,2,Atta_2,370.3,1581.9,195.1,28.3,22.9,,,,
24.649,3,Atta_3,1774.4,113.6,0.5,8.7,0.4,,,,
24.649,4,Atta_4,353.7,1316.0,294.5,0.3,-8.7,,,,
24.708,1,Atta_1,533.4,368.0,0.6,5.5,0.0,,,,
24.708,2,Atta_2,375.7,1576.5,193.8,-7.6,-1.3,,,,
24.708,3,Atta_3,1782.5,114.2,0.5,8.1,0.0,,,,
24.708,4,Atta_4,400.9,1302.7,292.8,49.0,-1.7,,,,
24.761,1,Atta_1,531.8,364.1,0.5,-4.2,-0.1,,,,
24.761,2,Atta_2,368.6,1574.6,194.7,7.3,0.9,,,,
24.761,4,Atta_4,601.8,1219.0,280.8,217.6,-12.0,,,,
24.82,3,Atta_3,1791.5,112.2,0.6,9.2,0.1,,,,
24.82,4,Atta_4,403.6,1300.8,280.3,-214.4,-0.5,,,,
24.885,1,Atta_1,538.9,362.3,0.5,7.3,0.0,,,,
24.885,2,Atta_2,361.9,1571.0,194.3,7.6,-0.4,,,,
24.885,4,Atta_4,402.3,1300.9,263.4,-1.3,-16.9,,,,
24.949,1,Atta_1,563.5,367.2,1.8,25.1,1.3,,,,
24.949,2,Atta_2,344.4,1571.1,193.9,17.5,-0.4,,,,
24.949,4,Atta_4,402.3,1301.0,247.4,-0.1,-16.0,,,,
25.008,2,Atta_2,331.3,1571.1,193.9,13.1,0.0,,,,
25.008,4,Atta_4,408.6,1298.8,242.2,-6.7,-5.2,,,,
25.067,1,Atta_1,568.2,363.5,2.8,6.0,1.0,,,,
25.067,2,Atta_2,319.2,1575.2,195.3,12.8,1.4,,,,
25.12,1,Atta_1,574.5,360.0,2.7,7.2,-0.1,,,,
25.12,2,Atta_2,307.3,1572.1,195.3,12.3,0.0,,,,
25.188,1,Atta_1,570.4,357.8,2.4,-4.7,-0.3,,,,
25.188,2,Atta_2,302.1,1569.9,195.3,5.6,0.0,,,,
25.188,3,Atta_3,1787.2,110.0,1.0,-4.8,0.4,,,,
25.188,4,Atta_4,400.2,1295.7,239.3,9.0,-2.9,,,,
25.248,1,Atta_1,583.4,360.4,2.4,13.3,0.0,,,,
25.248,2,Atta_2,300.3,1560.3,195.3,9.8,0.0,,,,
25.248,3,Atta_3,1792.9,112.6,1.2,6.3,0.2,,,,
25.248,4,Atta_4,405.9,1298.3,236.5,-6.3,-2.8,,,,
25.306,1,Atta_1,599.4,361.1,2.4,16.0,0.0,,,,
25.418,1,Atta_1,606.7,365.2,2.2,8.4,-0.2,,,,
25.418,2,Atta_2,284.2,1558.2,194.9,16.2,-0.4,,,,
25.488,1,Atta_1,625.4,365.2,1.8,18.7,-0.4,,,,
25.488,2,Atta_2,278.3,1555.3,194.8,6.6,-0.1,,,,
25.548,1,Atta_1,630.2,363.7,1.7,5.0,-0.1,,,,
25.548,2,Atta_2,252.9,1545.8,194.9,27.1,0.1,,,,
25.548,3,Atta_3,1787.8,111.5,10.0,-5.2,8.8,,,,
25.548,4,Atta_4,399.1,1296.5,236.5,7.0,0.0,,,,
25.605,1,Atta_1,638.7,363.7,1.4,8.5,-0.3,,,,
25.605,3,Atta_3,1787.8,111.5,14.4,0.0,4.4,,,,
25.655,1,Atta_1,644.9,364.5,1.7,6.3,0.3,,,,
25.655,3,Atta_3,1789.9,107.4,20.3,4.6,5.9,,,,
25.712,1,Atta_1,660.3,364.3,1.9,15.4,0.2,,,,
25.712,2,Atta_2,206.0,1559.6,193.7,48.9,-1.2,,,,
25.712,3,Atta_3,1797.2,107.2,22.7,7.3,2.4,,,,
25.712,4,Atta_4,406.3,1299.5,237.0,-7.8,0.5,,,,
25.814,1,Atta_1,654.9,364.6,2.0,-5.4,0.1,,,,
25.814,2,Atta_2,200.2,1556.2,193.7,6.7,0.0,,,,
25.814,3,Atta_3,1789.9,107.5,22.7,-7.3,0.0,,,,
25.814,4,Atta_4,404.8,1292.9,234.7,6.8,-2.3,,,,
25.885,1,Atta_1,677.1,364.7,2.0,22.2,0.0,,,,
25.885,3,Atta_3,1786.9,117.8,22.4,10.7,-0.3,,,,
25.944,2,Atta_2,216.2,1544.7,194.3,-19.7,0.6,,,,
25.996,1,Atta_1,695.3,371.1,1.7,19.3,-0.3,,,,
25.996,2,Atta_2,221.1,1557.6,194.3,-13.8,0.0,,,,
25.996,3,Atta_3,1800.6,121.1,26.8,14.1,4.4,,,,
25.996,4,Atta_4,417.7,1301.1,234.7,-15.3,0.0,,,,
26.139,1,Atta_1,702.8,371.1,1.9,7.5,0.2,,,,
26.139,2,Atta_2,229.4,1552.7,194.6,-9.6,0.3,,,,
26.192,1,Atta_1,713.6,368.7,1.9,11.1,0.0,,,,
26.245,1,Atta_1,727.5,370.4,2.0,14.0,0.1,,,,
26.245,4,Atta_4,546.0,1249.3,230.4,-138.4,-4.3,,,,
26.309,1,Atta_1,723.6,365.3,3.5,-6.4,1.5,,,,
26.309,2,Atta_2,212.5,1551.2,194.6,17.0,0.0,,,,
26.309,3,Atta_3,1790.6,116.6,27.1,-11.0,0.3,,,,
26.309,4,Atta_4,545.4,1244.6,230.4,4.7,0.0,,,,
26.363,1,Atta_1,730.1,364.3,3.5,6.6,0.0,,,,
26.413,3,Atta_3,1789.3,112.0,27.3,-4.8,0.2,,,,
26.465,1,Atta_1,736.9,367.4,2.3,7.5,-1.2,,,,
26.465,2,Atta_2,211.5,1551.9,199.1,1.2,4.5,,,,
26.465,4,Atta_4,556.3,1239.0,226.8,-12.3,-3.6,,,,
26.517,2,Atta_2,198.8,1556.0,203.4,13.3,4.3,,,,
26.576,2,Atta_2,209.4,1550.1,208.8,-12.1,5.4,,,,
26.576,3,Atta_3,1789.3,112.9,21.9,0.9,-5.4,,,,
26.678,1,Atta_1,744.0,370.1,1.8,7.6,-0.5,,,,
26.678,3,Atta_3,1790.8,107.4,17.2,-5.7,-4.7,,,,
26.678,4,Atta_4,456.5,1272.7,227.8,105.3,1.0,,,,
26.747,3,Atta_3,1790.8,107.4,5.1,0.0,-12.1,,,,
26.747,4,Atta_4,451.4,1274.0,228.1,5.3,0.3,,,,
26.818,1,Atta_1,738.6,368.0,2.1,-5.8,0.3,,,,
26.818,3,Atta_3,1791.5,108.2,0.6,1.1,-4.5,,,,
26.892,1,Atta_1,743.6,371.3,2.1,6.0,0.0,,,,
26.892,2,Atta_2,206.4,1560.3,211.8,-10.6,3.0,,,,
26.962,2,Atta_2,189.0,1561.5,238.2,17.4,26.4,,,,
26.962,4,Atta_4,455.9,1279.6,228.1,-7.2,0.0,,,,
27.024,1,Atta_1,737.3,367.4,357.8,-7.4,-4.3,,,,
27.024,2,Atta_2,188.6,1561.4,247.8,0.4,9.6,,,,
27.024,3,Atta_3,1800.0,112.9,351.3,9.7,-9.3,,,,
27.078,1,Atta_1,736.8,366.9,350.5,-0.7,-7.3,,,,
27.078,2,Atta_2,188.1,1560.9,258.3,0.7,10.5,,,,
27.078,3,Atta_3,1801.5,112.4,318.2,1.6,-33.1,,,,
27.078,4,Atta_4,548.5,1245.5,227.2,-98.7,-0.9,,,,
27.132,1,Atta_1,737.9,370.5,342.2,3.8,-8.3,,,,
27.132,2,Atta_2,168.3,1569.8,266.9,-21.7,8.6,,,,
27.132,3,Atta_3,1801.8,119.4,307.1,-7.0,-11.1,,,,
27.186,1,Atta_1,745.9,376.0,337.9,9.7,-4.3,,,,
27.186,2,Atta_2,167.2,1573.3,273.6,-3.7,6.7,,,,
27.186,3,Atta_3,1807.3,123.2,303.0,6.7,-4.1,,,,
27.241,1,Atta_1,751.9,381.2,328.7,7.9,-9.2,,,,
27.241,3,Atta_3,1808.5,124.7,297.7,-1.9,-5.3,,,,
27.241,4,Atta_4,563.8,1231.7,225.8,-20.6,-1.4,,,,
27.295,1,Atta_1,749.6,378.9,319.5,-3.3,-9.2,,,,
27.295,2,Atta_2,169.4,1568.4,278.8,5.4,5.2,,,,
27.346,1,Atta_1,731.7,369.6,312.9,-20.2,-6.6,,,,
27.346,2,Atta_2,163.3,1565.8,279.3,6.6,0.5,,,,
27.346,3,Atta_3,1800.5,119.7,296.0,9.4,-1.7,,,,
27.41,1,Atta_1,734.6,370.9,303.3,3.2,-9.6,,,,
27.41,2,Atta_2,157.0,1572.4,280.3,-9.1,1.0,,,,
27.41,4,Atta_4,558.3,1228.1,225.8,6.6,0.0,,,,
27.476,1,Atta_1,750.8,380.4,296.6,18.8,-6.7,,,,
27.577,2,Atta_2,160.8,1565.5,280.6,7.9,0.3,,,,
27.577,4,Atta_4,547.6,1211.3,225.8,19.9,0.0,,,,
27.633,1,Atta_1,754.6,382.8,293.8,-4.5,-2.8,,,,
27.633,2,Atta_2,170.6,1560.7,280.7,10.9,0.1,,,,
27.633,4,Atta_4,390.0,1228.5,229.4,158.5,3.6,,,,
27.694,4,Atta_4,398.0,1218.8,229.2,12.6,-0.2,,,,
27.762,2,Atta_2,178.9,1559.1,281.1,8.5,0.4,,,,
27.885,1,Atta_1,760.9,385.6,291.0,-6.9,-2.8,,,,
27.885,2,Atta_2,181.3,1555.4,279.3,4.4,-1.8,,,,
27.885,4,Atta_4,412.9,1187.9,227.1,34.3,-2.1,,,,
27.95,1,Atta_1,766.0,388.7,290.5,-6.0,-0.5,,,,
27.95,2,Atta_2,184.5,1560.2,271.9,-5.8,-7.4,,,,
27.95,3,Atta_3,1806.8,123.3,294.6,-7.3,-1.4,,,,
27.95,4,Atta_4,418.8,1186.5,226.9,-6.1,-0.2,,,,
28.018,2,Atta_2,204.3,1555.6,270.8,20.3,-1.1,,,,
28.018,3,Atta_3,1808.5,119.3,294.5,4.3,-0.1,,,,
28.078,1,Atta_1,757.7,385.3,290.5,9.0,0.0,,,,
28.078,2,Atta_2,185.3,1556.1,258.0,-19.0,-12.8,,,,
28.078,3,Atta_3,1803.8,106.6,294.1,13.5,-0.4,,,,
28.078,4,Atta_4,510.2,1143.5,226.9,-101.0,0.0,,,,
28.144,2,Atta_2,185.3,1556.1,250.4,0.0,-7.6,,,,
28.144,3,Atta_3,1808.5,95.1,294.0,12.4,-0.1,,,,
28.144,4,Atta_4,510.2,1137.5,227.0,6.0,0.1,,,,
28.21,1,Atta_1,766.2,389.4,290.3,-9.4,-0.2,,,,
28.21,3,Atta_3,1819.1,97.8,293.8,10.9,-0.2,,,,
28.274,3,Atta_3,1824.5,86.6,293.7,12.4,-0.1,,,,
28.34,1,Atta_1,760.9,386.6,290.2,6.0,-0.1,,,,
28.34,2,Atta_2,189.4,1558.0,245.8,-4.5,-4.6,,,,
28.34,3,Atta_3,1823.7,73.7,293.3,12.9,-0.4,,,,
28.409,2,Atta_2,210.0,1545.7,213.6,24.0,-32.2,,,,
28.409,3,Atta_3,1823.3,69.4,293.3,4.3,0.0,,,,
28.409,4,Atta_4,504.9,1138.0,227.0,5.3,0.0,,,,
28.481,1,Atta_1,765.4,388.7,280.9,-5.0,-9.3,,,,
28.481,2,Atta_2,223.6,1539.9,203.9,-14.8,-9.7,,,,
28.481,3,Atta_3,1829.4,61.2,293.4,10.2,0.1,,,,
28.481,4,Atta_4,503.0,1107.7,226.3,30.4,-0.7,,,,
28.546,1,Atta_1,768.0,387.3,271.6,3.0,-9.3,,,,
28.546,2,Atta_2,220.4,1538.4,195.5,3.5,-8.4,,,,
28.546,3,Atta_3,1830.8,49.8,293.7,11.5,0.3,,,,
28.609,1,Atta_1,768.0,387.3,263.5,0.0,-8.1,,,,
28.609,3,Atta_3,1833.4,43.9,293.7,6.4,0.0,,,,
28.673,1,Atta_1,756.7,378.6,254.0,14.3,-9.5,,,,
28.673,2,Atta_2,217.3,1534.6,179.9,4.9,-15.6,,,,
28.673,3,Atta_3,1835.8,32.6,293.7,11.6,0.0,,,,
28.673,4,Atta_4,490.6,1103.7,226.1,13.0,-0.2,,,,
28.729,1,Atta_1,755.9,378.2,244.1,0.9,-9.9,,,,
28.729,2,Atta_2,213.6,1534.2,172.7,3.7,-7.2,,,,
28.791,1,Atta_1,760.7,377.9,233.6,-4.8,-10.5,,,,
28.791,2,Atta_2,212.0,1534.9,168.7,1.7,-4.0,,,,
28.791,3,Atta_3,1840.2,22.9,293.6,10.7,-0.1,,,,
28.791,4,Atta_4,482.1,1103.7,226.3,8.5,0.2,,,,
28.847,1,Atta_1,768.0,381.1,231.5,-8.0,-2.1,,,,
28.847,2,Atta_2,211.3,1535.3,157.4,0.8,-11.3,,,,
28.847,3,Atta_3,1842.8,15.4,293.6,7.9,0.0,,,,
28.907,1,Atta_1,769.0,381.2,222.7,-1.0,-8.8,,,,
28.907,2,Atta_2,298.5,1486.4,148.5,-100.0,-8.9,,,,
28.907,4,Atta_4,354.8,1085.5,227.4,128.6,1.1,,,,
28.964,1,Atta_1,789.9,391.5,219.0,-23.3,-3.7,,,,
28.964,2,Atta_2,329.1,1488.2,147.9,-30.7,-0.6,,,,
28.964,3,Atta_3,1862.8,23.4,294.0,21.5,0.4,,,,
29.019,1,Atta_1,789.9,391.5,214.6,0.0,-4.4,,,,
29.019,3,Atta_3,1865.6,15.3,294.1,8.6,0.1,,,,
29.019,4,Atta_4,344.4,1095.1,230.0,-14.2,2.6,,,,
29.085,1,Atta_1,778.0,381.3,208.1,15.7,-6.5,,,,
29.085,2,Atta_2,320.0,1479.6,147.8,12.5,-0.1,,,,
29.085,3,Atta_3,1853.9,8.2,294.1,13.7,0.0,,,,
29.085,4,Atta_4,346.8,1084.5,227.5,10.9,-2.5,,,,
29.142,2,Atta_2,303.6,1488.4,148.2,18.6,0.4,,,,
29.142,4,Atta_4,310.8,1071.3,229.9,38.3,2.4,,,,
29.205,1,Atta_1,776.9,380.1,203.7,1.6,-4.4,,,,
29.315,1,Atta_1,768.7,374.9,203.3,9.7,-0.4,,,,
29.315,2,Atta_2,294.8,1483.7,148.5,10.0,0.3,,,,
29.315,3,Atta_3,1845.4,2.5,294.0,10.2,-0.1,,,,
29.315,4,Atta_4,321.6,1063.5,227.5,-13.3,-2.4,,,,
29.439,4,Atta_4,316.0,1040.2,227.5,24.0,0.0,,,,
29.504,1,Atta_1,778.6,380.8,203.1,-11.5,-0.2,,,,
29.504,2,Atta_2,313.6,1482.3,147.6,-18.9,-0.9,,,,
29.504,3,Atta_3,1853.2,7.3,294.1,-9.2,0.1,,,,
29.504,4,Atta_4,329.8,1032.6,226.6,-15.8,-0.9,,,,
29.569,2,Atta_2,308.6,1485.6,148.2,6.0,0.6,,,,
29.621,1,Atta_1,772.6,377.9,203.2,6.7,0.1,,,,
29.621,2,Atta_2,302.9,1482.8,148.2,6.4,0.0,,,,
29.621,3,Atta_3,1848.3,2.1,294.1,7.1,0.0,,,,
29.621,4,Atta_4,289.9,1028.9,228.5,40.1,1.9,,,,
29.678,4,Atta_4,192.6,1043.4,233.4,98.4,4.9,,,,
29.735,1,Atta_1,776.3,379.4,203.4,-4.0,0.2,,,,
29.735,2,Atta_2,322.2,1478.4,147.4,-19.8,-0.8,,,,
29.735,3,Atta_3,1854.6,6.3,294.1,-7.6,0.0,,,,
29.735,4,Atta_4,296.5,1031.9,228.8,-104.5,-4.6,,,,
29.849,1,Atta_1,767.5,376.5,203.6,9.3,0.2,,,,
29.953,2,Atta_2,305.6,1487.6,148.5,19.0,1.1,,,,
30.02,1,Atta_1,753.6,370.4,203.6,15.2,0.0,,,,
30.02,3,Atta_3,1851.6,11.3,292.4,-5.8,-1.7,,,,
30.087,1,Atta_1,743.2,365.9,203.1,11.3,-0.5,,,,
30.087,2,Atta_2,319.3,1480.3,147.6,-15.5,-0.9,,,,
30.087,3,Atta_3,1854.3,12.1,283.7,2.8,-8.7,,,,
30.087,4,Atta_4,199.8,1046.8,232.8,97.8,4.0,,,,
30.138,1,Atta_1,734.6,362.3,203.1,9.3,0.0,,,,
30.138,3,Atta_3,1859.5,5.5,273.5,8.4,-10.2,,,,
30.138,4,Atta_4,301.2,1031.4,228.8,-102.6,-4.0,,,,
30.2,1,Atta_1,723.7,357.0,203.2,12.1,0.1,,,,
30.2,3,Atta_3,1861.7,5.7,264.9,-2.2,-8.6,,,,
30.2,4,Atta_4,289.4,1026.5,228.6,12.8,-0.2,,,,
30.251,3,Atta_3,1863.5,5.7,255.5,-1.8,-9.4,,,,
30.306,3,Atta_3,1865.5,9.0,251.2,-3.9,-4.3,,,,
30.364,1,Atta_1,707.1,348.8,199.8,18.5,-3.4,,,,
30.364,3,Atta_3,1834.9,90.7,245.0,-87.2,-6.2,,,,
30.364,4,Atta_4,182.1,1023.4,232.4,107.3,3.8,,,,
30.421,3,Atta_3,1840.2,93.5,242.1,-6.0,-2.9,,,,
30.421,4,Atta_4,187.4,1026.2,231.0,-6.0,-1.4,,,,
30.476,1,Atta_1,694.8,345.9,203.6,12.6,3.8,,,,
30.476,2,Atta_2,300.3,1488.9,148.2,20.9,0.6,,,,
30.476,3,Atta_3,1838.0,73.7,241.7,19.9,-0.4,,,,
30.476,4,Atta_4,181.2,1023.3,231.0,6.8,0.0,,,,
30.532,2,Atta_2,305.5,1491.5,148.2,-5.8,0.0,,,,
30.532,3,Atta_3,1844.3,72.8,241.7,-6.4,0.0,,,,
30.532,4,Atta_4,169.8,1010.6,231.0,17.1,0.0,,,,
30.586,1,Atta_1,682.4,341.0,203.7,13.3,0.1,,,,
30.586,4,Atta_4,167.7,1005.8,232.2,5.2,1.2,,,,
30.642,2,Atta_2,301.3,1492.2,148.5,4.3,0.3,,,,
30.701,1,Atta_1,671.8,335.8,204.1,11.8,0.4,,,,
30.701,2,Atta_2,308.0,1485.4,148.9,-9.5,0.4,,,,
30.701,4,Atta_4,150.5,1000.0,232.4,18.2,0.2,,,,
30.768,1,Atta_1,666.0,333.5,204.1,6.2,0.0,,,,
30.768,3,Atta_3,1841.2,70.1,240.3,4.1,-1.4,,,,
30.833,1,Atta_1,660.5,332.7,204.1,5.6,0.0,,,,
30.833,4,Atta_4,149.1,993.3,230.8,6.8,-1.6,,,,
30.886,1,Atta_1,647.9,326.2,204.2,14.2,0.1,,,,
30.886,2,Atta_2,309.4,1481.5,149.9,-4.1,1.0,,,,
30.939,2,Atta_2,305.0,1483.6,149.9,4.9,0.0,,,,
30.995,1,Atta_1,634.1,321.2,204.4,14.7,0.2,,,,
30.995,2,Atta_2,300.7,1485.6,149.8,4.7,-0.1,,,,
30.995,4,Atta_4,128.6,961.4,230.8,37.9,0.0,,,,
31.165,1,Atta_1,629.0,319.2,204.5,5.5,0.1,,,,
31.165,2,Atta_2,324.2,1471.9,147.9,-27.2,-1.9,,,,
31.368,1,Atta_1,619.2,314.9,204.5,10.7,0.0,,,,
31.368,4,Atta_4,121.0,959.4,233.8,7.9,3.0,,,,
31.431,1,Atta_1,603.5,306.3,204.5,17.9,0.0,,,,
31.431,2,Atta_2,331.9,1473.0,149.3,-7.8,1.4,,,,
31.518,1,Atta_1,580.7,296.1,205.1,25.0,0.6,,,,
31.58,1,Atta_1,585.6,299.7,205.2,-6.1,0.1,,,,
31.58,2,Atta_2,335.5,1477.0,149.3,-5.4,0.0,,,,
31.58,3,Atta_3,1848.8,76.8,240.7,-10.1,0.4,,,,
31.636,1,Atta_1,568.1,292.1,205.2,19.1,0.0,,,,
31.636,2,Atta_2,320.2,1481.6,148.6,16.0,-0.7,,,,
31.636,3,Atta_3,1844.7,74.2,240.8,4.9,0.1,,,,
31.774,1,Atta_1,552.7,286.5,205.4,16.4,0.2,,,,
31.774,2,Atta_2,324.2,1479.4,148.7,-4.6,0.1,,,,
31.774,4,Atta_4,69.6,882.1,233.5,92.8,-0.3,,,,
31.902,1,Atta_1,542.0,281.4,205.7,11.9,0.3,,,,
31.964,1,Atta_1,527.6,273.3,205.7,16.5,0.0,,,,
31.964,3,Atta_3,1837.8,68.2,239.8,9.1,-1.0,,,,
32.028,1,Atta_1,522.0,270.7,205.8,6.2,0.1,,,,
32.096,4,Atta_4,14.8,869.4,232.0,56.3,-1.5,,,,
32.165,1,Atta_1,509.8,265.0,205.8,13.5,0.0,,,,
32.229,1,Atta_1,502.5,262.5,205.8,7.7,0.0,,,,
32.229,3,Atta_3,1842.6,69.2,236.9,-4.9,-2.9,,,,
32.366,1,Atta_1,494.9,258.5,206.1,8.6,0.3,,,,
32.446,1,Atta_1,480.1,251.9,206.2,16.2,0.1,,,,
32.523,1,Atta_1,464.8,243.3,206.2,17.6,0.0,,,,
32.523,4,Atta_4,30.4,871.1,233.6,-15.7,1.6,,,,
32.601,1,Atta_1,452.6,238.1,206.2,13.3,0.0,,,,
32.688,3,Atta_3,1835.7,69.4,236.2,6.9,-0.7,,,,
32.75,1,Atta_1,446.7,235.2,205.4,6.6,-0.8,,,,
32.836,1,Atta_1,452.8,238.1,205.6,-6.8,0.2,,,,
32.836,3,Atta_3,1836.7,55.1,235.8,14.3,-0.4,,,,
32.914,1,Atta_1,457.9,240.6,205.6,-5.7,0.0,,,,
33.062,1,Atta_1,451.2,236.9,205.4,7.7,-0.2,,,,
33.062,3,Atta_3,1827.4,53.5,236.5,9.4,0.7,,,,
33.137,1,Atta_1,447.7,235.0,205.4,4.0,0.0,,,,
33.137,3,Atta_3,1823.1,53.9,236.4,4.3,-0.1,,,,
33.213,2,Atta_2,356.6,1443.0,147.2,-48.7,-1.5,,,,
33.285,2,Atta_2,347.4,1446.0,146.1,9.7,-1.1,,,,
33.434,1,Atta_1,456.5,240.4,205.6,-10.3,0.2,,,,
33.434,2,Atta_2,354.4,1449.6,146.9,-7.9,0.8,,,,
33.434,3,Atta_3,1829.5,56.8,234.4,-7.0,-2.0,,,,
33.509,1,Atta_1,447.4,234.9,205.7,10.6,0.1,,,,
33.509,2,Atta_2,347.7,1446.9,147.8,7.2,0.9,,,,
33.509,3,Atta_3,1822.5,52.9,232.5,8.0,-1.9,,,,
33.583,2,Atta_2,343.6,1449.0,148.5,4.6,0.7,,,,
33.583,3,Atta_3,1822.3,52.8,223.3,0.2,-9.2,,,,
33.66,3,Atta_3,1822.3,45.2,217.8,7.6,-5.5,,,,
33.734,1,Atta_1,453.5,238.1,205.6,-6.9,-0.1,,,,
33.734,2,Atta_2,352.2,1453.0,148.2,-9.5,-0.3,,,,
33.734,3,Atta_3,1832.8,36.7,210.0,-13.5,-7.8,,,,
33.805,2,Atta_2,348.1,1455.8,148.2,5.0,0.0,,,,
33.805,3,Atta_3,1835.7,24.4,201.9,12.6,-8.1,,,,
33.805,4,Atta_4,77.9,869.8,254.8,-47.5,21.2,,,,
33.873,1,Atta_1,447.6,235.5,205.8,6.4,0.2,,,,
33.873,2,Atta_2,341.8,1456.7,148.0,6.4,-0.2,,,,
33.873,3,Atta_3,1843.9,-16.0,195.2,41.2,-6.7,,,,
33.873,4,Atta_4,94.5,866.5,261.1,-16.9,6.3,,,,
33.941,1,Atta_1,434.5,228.7,206.3,14.8,0.5,,,,
33.941,2,Atta_2,343.5,1453.1,148.0,-4.0,0.0,,,,
33.941,3,Atta_3,1842.3,-20.1,194.9,4.4,-0.3,,,,
33.941,4,Atta_4,73.3,865.3,261.1,21.2,0.0,,,,
34.009,1,Atta_1,418.9,221.2,206.3,17.3,0.0,,,,
34.009,4,Atta_4,67.4,862.2,265.9,6.7,4.8,,,,
34.076,4,Atta_4,39.9,861.5,266.2,27.5,0.3,,,,
34.142,1,Atta_1,404.1,214.1,206.3,16.4,0.0,,,,
34.142,3,Atta_3,1828.0,9.9,197.3,33.2,2.4,,,,
34.142,4,Atta_4,29.5,861.8,273.5,10.4,7.3,,,,
34.213,1,Atta_1,390.3,206.4,206.6,15.8,0.3,,,,
34.287,3,Atta_3,1832.3,12.2,197.3,-4.9,0.0,,,,
34.287,4,Atta_4,22.1,863.9,275.3,-7.7,1.8,,,,
34.359,2,Atta_2,331.5,1457.8,148.2,12.9,0.2,,,,
34.359,4,Atta_4,59.6,860.6,275.9,37.6,0.6,,,,
34.433,1,Atta_1,369.8,195.4,206.7,23.3,0.1,,,,
34.433,2,Atta_2,325.0,1460.5,150.2,7.0,2.0,,,,
34.433,4,Atta_4,19.9,862.9,276.5,-39.8,0.6,,,,
34.499,1,Atta_1,364.7,194.0,207.3,5.3,0.6,,,,
34.499,2,Atta_2,305.0,1468.6,153.5,21.6,3.3,,,,
34.499,3,Atta_3,1830.0,8.0,197.8,4.8,0.5,,,,
34.499,4,Atta_4,25.0,861.9,275.9,5.2,-0.6,,,,
34.574,1,Atta_1,342.8,183.8,207.8,24.2,0.5,,,,
34.574,2,Atta_2,300.1,1475.8,169.9,8.7,16.4,,,,
34.574,3,Atta_3,1825.4,5.5,196.1,5.2,-1.7,,,,
34.574,4,Atta_4,-4.1,860.3,277.3,-29.1,1.4,,,,
34.642,2,Atta_2,308.0,1480.5,174.9,-9.2,5.0,,,,
34.642,3,Atta_3,1831.7,10.2,196.1,-7.9,0.0,,,,
34.642,4,Atta_4,26.4,865.0,275.3,-30.9,-2.0,,,,
34.722,1,Atta_1,331.7,176.5,207.6,13.3,-0.2,,,,
34.722,2,Atta_2,306.2,1477.9,189.6,3.2,14.7,,,,
34.722,3,Atta_3,1829.9,6.4,196.1,4.2,0.0,,,,
34.722,4,Atta_4,14.3,862.8,276.5,12.3,1.2,,,,
34.799,1,Atta_1,313.4,167.6,207.6,20.3,0.0,,,,
34.799,2,Atta_2,304.9,1482.2,194.5,4.5,4.9,,,,
34.799,3,Atta_3,1841.4,-23.4,192.5,-31.9,-3.6,,,,
34.799,4,Atta_4,25.4,863.3,276.2,11.1,-0.3,,,,
34.882,1,Atta_1,305.9,163.8,207.8,8.4,0.2,,,,
34.882,3,Atta_3,1829.9,6.8,197.2,32.3,4.7,,,,
34.882,4,Atta_4,19.9,863.4,276.5,-5.5,0.3,,,,
34.954,1,Atta_1,277.2,148.5,207.8,32.5,0.0,,,,
34.954,4,Atta_4,27.0,865.8,276.5,-7.5,0.0,,,,
35.053,3,Atta_3,1833.1,-21.0,192.5,28.0,-4.7,,,,
35.124,1,Atta_1,239.4,128.2,207.7,42.9,-0.1,,,,
35.124,3,Atta_3,1826.6,3.2,196.1,25.1,3.6,,,,
35.124,4,Atta_4,51.8,860.4,275.6,25.4,-0.9,,,,
35.188,3,Atta_3,1812.7,-3.0,195.8,15.2,-0.3,,,,
35.29,1,Atta_1,214.0,115.9,208.1,28.2,0.4,,,,
35.29,3,Atta_3,1801.9,0.6,196.1,11.4,0.3,,,,
35.29,4,Atta_4,40.9,859.2,275.0,11.0,-0.6,,,,
35.372,1,Atta_1,192.8,106.6,208.3,23.2,0.2,,,,
35.372,4,Atta_4,38.7,865.7,275.2,-6.9,0.2,,,,
35.451,1,Atta_1,179.0,100.0,208.9,15.3,0.6,,,,
35.554,4,Atta_4,20.8,865.9,276.9,-17.9,1.7,,,,
35.619,4,Atta_4,42.0,865.8,275.3,21.2,-1.6,,,,
35.721,1,Atta_1,174.2,96.1,207.9,6.2,-1.0,,,,
35.784,1,Atta_1,168.5,94.5,207.9,5.9,0.0,,,,
35.784,4,Atta_4,37.5,865.9,277.8,-4.5,2.5,,,,
35.838,1,Atta_1,174.0,96.0,207.9,-5.7,0.0,,,,
35.838,4,Atta_4,30.7,866.0,279.7,-6.8,1.9,,,,
36.018,1,Atta_1,177.7,98.2,207.8,-4.3,-0.1,,,,
36.1,4,Atta_4,24.4,865.8,279.6,-6.3,-0.1,,,,
36.152,1,Atta_1,163.6,91.8,208.2,15.5,0.4,,,,
36.448,4,Atta_4,31.8,862.7,279.3,8.0,-0.3,,,,
36.502,4,Atta_4,31.8,853.9,279.1,8.8,-0.2,,,,
36.626,1,Atta_1,94.7,56.1,208.2,77.6,0.0,,,,
36.626,4,Atta_4,29.2,850.8,279.1,4.0,0.0,,,,
36.717,1,Atta_1,91.0,54.0,208.8,4.3,0.6,,,,
36.717,4,Atta_4,29.2,832.0,279.1,18.8,0.0,,,,
36.822,4,Atta_4,44.4,827.5,279.5,15.9,0.4,,,,
36.923,2,Atta_2,202.7,1401.4,230.1,130.3,35.6,,,,
36.923,4,Atta_4,46.9,820.9,279.5,7.1,0.0,,,,
37.015,4,Atta_4,48.2,804.1,277.9,16.9,-1.6,,,,
37.084,4,Atta_4,55.2,794.3,277.9,12.0,0.0,,,,
37.149,1,Atta_1,134.9,78.8,205.4,-50.4,-3.4,,,,
37.149,4,Atta_4,61.4,786.3,277.7,10.1,-0.2,,,,
37.214,1,Atta_1,134.9,78.8,197.7,0.0,-7.7,,,,
37.214,4,Atta_4,61.4,771.9,277.0,14.4,-0.7,,,,
37.265,1,Atta_1,104.7,54.1,185.0,39.0,-12.7,,,,
37.265,4,Atta_4,69.4,764.8,276.8,10.7,-0.2,,,,
37.33,1,Atta_1,104.7,54.1,180.8,0.0,-4.2,,,,
37.33,4,Atta_4,82.5,759.5,276.8,14.1,0.0,,,,
37.398,1,Atta_1,109.3,57.2,173.3,-5.5,-7.5,,,,
37.398,4,Atta_4,86.1,755.0,277.8,5.8,1.0,,,,
37.461,1,Atta_1,124.3,64.5,171.0,-16.7,-2.3,,,,
37.461,4,Atta_4,82.5,748.5,277.8,7.4,0.0,,,,
37.524,4,Atta_4,63.8,743.8,279.0,19.3,1.2,,,,
37.65,4,Atta_4,69.7,741.6,279.2,6.3,0.2,,,,
37.714,1,Atta_1,122.5,63.4,165.7,2.1,-5.3,,,,
37.779,1,Atta_1,131.2,69.0,164.7,-10.3,-1.0,,,,
37.779,2,Atta_2,231.9,1276.4,226.7,128.4,-3.4,,,,
37.843,4,Atta_4,65.0,743.1,278.1,-4.9,-1.1,,,,
37.905,2,Atta_2,234.4,1263.0,226.4,13.6,-0.3,,,,
37.967,1,Atta_1,115.7,60.7,165.6,17.6,0.9,,,,
37.967,4,Atta_4,70.1,743.1,278.1,5.1,0.0,,,,
38.032,4,Atta_4,79.6,742.2,278.8,9.5,0.7,,,,
38.153,4,Atta_4,72.5,734.3,278.6,10.6,-0.2,,,,
38.226,1,Atta_1,124.4,65.0,165.5,-9.7,-0.1,,,,
38.226,2,Atta_2,205.4,1242.4,227.1,35.6,0.7,,,,
38.226,4,Atta_4,72.5,726.2,278.6,8.1,0.0,,,,
38.308,4,Atta_4,76.2,724.7,279.8,4.0,1.2,,,,
38.393,1,Atta_1,118.4,61.8,165.9,6.8,0.4,,,,
38.393,2,Atta_2,205.4,1236.5,227.8,5.9,0.7,,,,
38.393,4,Atta_4,96.8,714.3,279.8,23.1,0.0,,,,
38.456,1,Atta_1,108.2,57.2,166.4,11.2,0.5,,,,
38.456,4,Atta_4,96.8,707.9,279.5,6.4,-0.3,,,,
38.512,4,Atta_4,98.9,693.7,279.5,14.4,0.0,,,,
38.576,2,Atta_2,214.2,1215.5,227.1,22.8,-0.7,,,,
38.576,3,Atta_3,1649.7,47.6,145.5,159.3,-50.6,,,,
38.576,4,Atta_4,86.3,689.1,278.0,13.4,-1.5,,,,
38.627,3,Atta_3,1644.9,51.7,145.3,6.3,-0.2,,,,
38.627,4,Atta_4,93.4,677.8,278.8,13.3,0.8,,,,
38.713,4,Atta_4,86.3,675.6,278.0,7.4,-0.8,,,,
38.777,1,Atta_1,100.4,53.4,166.5,8.7,0.1,,,,
38.777,3,Atta_3,1633.2,56.1,145.3,12.5,0.0,,,,
38.777,4,Atta_4,93.4,661.1,278.8,16.1,0.8,,,,
38.834,1,Atta_1,107.3,55.2,165.8,-7.1,-0.7,,,,
38.834,3,Atta_3,1628.0,58.6,146.2,5.8,0.9,,,,
38.834,4,Atta_4,98.4,655.0,279.0,7.9,0.2,,,,
38.89,3,Atta_3,1623.3,56.1,146.7,5.3,0.5,,,,
38.946,4,Atta_4,97.6,642.2,279.4,12.8,0.4,,,,
39.01,1,Atta_1,100.1,51.9,163.6,7.9,-2.2,,,,
39.01,2,Atta_2,250.5,1201.8,226.2,-38.8,-0.9,,,,
39.01,3,Atta_3,1608.2,10.6,149.8,-47.9,3.1,,,,
39.01,4,Atta_4,97.6,634.4,279.4,7.8,0.0,,,,
39.063,1,Atta_1,100.1,51.9,158.9,0.0,-4.7,,,,
39.063,2,Atta_2,157.2,1227.6,228.7,96.8,2.5,,,,
39.063,4,Atta_4,97.6,626.5,279.4,7.9,0.0,,,,
39.144,3,Atta_3,1604.2,12.1,150.0,4.3,0.2,,,,
39.144,4,Atta_4,102.3,620.0,278.3,8.0,-1.1,,,,
39.208,3,Atta_3,1593.3,15.1,150.2,11.3,0.2,,,,
39.208,4,Atta_4,123.5,610.2,278.3,23.4,0.0,,,,
39.311,2,Atta_2,170.7,1223.2,227.3,-14.2,-1.4,,,,
39.311,3,Atta_3,1586.7,22.9,150.5,10.2,0.3,,,,
39.311,4,Atta_4,123.5,604.4,278.4,5.8,0.1,,,,
39.386,3,Atta_3,1575.2,29.6,150.2,13.3,-0.3,,,,
39.386,4,Atta_4,115.0,588.0,280.4,18.5,2.0,,,,
39.443,3,Atta_3,1571.8,34.0,150.2,5.6,0.0,,,,
39.443,4,Atta_4,115.0,582.6,280.4,5.4,0.0,,,,
39.508,1,Atta_1,93.3,46.9,154.5,8.4,-4.4,,,,
39.508,3,Atta_3,1561.8,88.2,146.4,55.1,-3.8,,,,
39.508,4,Atta_4,121.8,575.4,278.8,9.9,-1.6,,,,
39.573,2,Atta_2,166.8,1213.2,227.5,10.7,0.2,,,,
39.573,3,Atta_3,1552.9,100.4,145.7,15.1,-0.7,,,,
39.573,4,Atta_4,121.8,563.4,278.3,12.0,-0.5,,,,
39.676,3,Atta_3,1546.1,101.5,145.9,6.9,0.2,,,,
39.676,4,Atta_4,117.8,554.1,278.3,10.1,0.0,,,,
39.74,3,Atta_3,1535.9,104.4,145.7,10.6,-0.2,,,,
39.74,4,Atta_4,117.8,540.8,278.9,13.3,0.6,,,,
39.798,3,Atta_3,1531.6,112.5,144.9,9.2,-0.8,,,,
39.798,4,Atta_4,118.2,531.9,279.0,8.9,0.1,,,,
39.886,1,Atta_1,74.2,33.5,126.7,23.3,-27.8,,,,
39.886,2,Atta_2,166.8,1199.9,227.5,13.3,0.0,,,,
39.886,4,Atta_4,118.3,527.6,279.0,4.3,0.0,,,,
39.941,3,Atta_3,1522.6,54.4,148.7,-58.8,3.8,,,,
39.941,4,Atta_4,118.2,514.1,279.0,13.5,0.0,,,,
40.009,4,Atta_4,112.6,506.2,278.4,9.7,-0.6,,,,
40.073,4,Atta_4,112.6,498.7,277.5,7.5,-0.9,,,,
40.124,4,Atta_4,119.8,489.7,277.5,11.5,0.0,,,,
40.179,4,Atta_4,121.5,485.4,277.5,4.6,0.0,,,,
40.24,4,Atta_4,129.3,476.8,278.3,11.6,0.8,,,,
40.408,4,Atta_4,126.6,461.2,278.1,15.8,-0.2,,,,
40.472,1,Atta_1,44.9,74.0,127.7,50.0,1.0,,,,
40.472,4,Atta_4,126.6,444.3,276.7,16.9,-1.4,,,,
40.54,2,Atta_2,158.1,1200.7,230.0,8.7,2.5,,,,
40.54,4,Atta_4,126.6,440.3,278.1,4.0,1.4,,,,
40.604,2,Atta_2,41.2,1222.6,251.9,118.9,21.9,,,,
40.604,4,Atta_4,132.3,432.1,278.2,10.0,0.1,,,,
40.71,1,Atta_1,44.9,82.9,127.6,8.9,-0.1,,,,
40.71,2,Atta_2,35.4,1222.6,258.8,5.8,6.9,,,,
40.71,4,Atta_4,143.0,430.0,278.2,10.9,0.0,,,,
40.774,1,Atta_1,42.8,110.9,126.9,28.1,-0.7,,,,
40.774,2,Atta_2,35.4,1220.4,264.6,2.2,5.8,,,,
40.837,2,Atta_2,42.1,1216.4,268.2,7.8,3.6,,,,
40.973,2,Atta_2,82.3,1233.3,270.7,-43.6,2.5,,,,
40.973,3,Atta_3,1561.0,73.8,148.9,-43.0,0.2,,,,
40.973,4,Atta_4,213.2,453.9,276.1,-74.2,-2.1,,,,
41.037,2,Atta_2,74.7,1236.7,269.8,-8.3,-0.9,,,,
41.089,1,Atta_1,80.8,133.7,126.9,-44.3,0.0,,,,
41.089,4,Atta_4,192.2,450.4,278.0,21.3,1.9,,,,
41.169,1,Atta_1,70.8,150.6,127.2,19.6,0.3,,,,
41.169,2,Atta_2,93.4,1248.1,269.7,-21.9,-0.1,,,,
41.169,3,Atta_3,1581.0,84.9,148.9,-22.9,0.0,,,,
41.169,4,Atta_4,204.9,459.2,278.0,-15.5,0.0,,,,
41.223,1,Atta_1,52.3,157.3,127.3,19.7,0.1,,,,
41.338,2,Atta_2,98.8,1246.6,270.1,5.6,0.4,,,,
41.338,4,Atta_4,195.9,456.1,277.7,9.5,-0.3,,,,
41.401,2,Atta_2,96.5,1243.3,269.9,4.0,-0.2,,,,
41.401,4,Atta_4,209.6,459.7,277.3,-14.2,-0.4,,,,
41.468,2,Atta_2,105.3,1243.3,269.9,-8.8,0.0,,,,
41.468,4,Atta_4,220.6,464.0,277.3,-11.8,0.0,,,,
41.635,1,Atta_1,59.7,160.4,127.6,-8.0,0.3,,,,
41.635,4,Atta_4,204.7,457.9,277.1,17.0,-0.2,,,,
41.745,2,Atta_2,106.4,1237.8,269.9,5.6,0.0,,,,
41.745,4,Atta_4,216.1,462.2,276.7,-12.2,-0.4,,,,
41.808,2,Atta_2,106.4,1203.8,269.7,34.0,-0.2,,,,
41.87,1,Atta_1,67.0,165.4,128.7,-8.8,1.1,,,,
41.87,2,Atta_2,112.6,1201.4,271.6,6.6,1.9,,,,
41.87,3,Atta_3,1588.3,89.3,148.7,-8.5,-0.2,,,,
41.87,4,Atta_4,208.9,463.0,278.0,-7.2,1.3,,,,
42.004,1,Atta_1,57.7,160.4,128.7,10.6,0.0,,,,
42.068,1,Atta_1,49.4,157.4,127.3,8.8,-1.4,,,,
42.068,2,Atta_2,122.3,1165.5,269.7,37.2,-1.9,,,,
42.174,1,Atta_1,60.5,161.4,122.8,-11.8,-4.5,,,,
42.233,1,Atta_1,82.4,174.2,113.1,-25.4,-9.7,,,,
42.233,2,Atta_2,142.9,1167.2,269.4,-20.7,-0.3,,,,
42.233,3,Atta_3,1610.2,103.4,148.9,-26.0,0.2,,,,
42.233,4,Atta_4,228.2,474.0,277.2,-22.2,-0.8,,,,
42.285,1,Atta_1,56.8,155.8,102.9,-31.5,-10.2,,,,
42.285,2,Atta_2,121.2,1145.0,269.5,31.0,0.1,,,,
42.285,3,Atta_3,1587.2,89.3,148.9,27.0,0.0,,,,
42.285,4,Atta_4,205.1,459.8,276.5,27.1,-0.7,,,,
42.337,1,Atta_1,52.0,155.8,100.3,4.8,-2.6,,,,
42.337,2,Atta_2,122.0,1140.9,269.9,4.2,0.4,,,,
42.337,4,Atta_4,225.0,465.7,277.2,-20.8,0.7,,,,
42.401,1,Atta_1,37.9,147.9,88.8,-16.2,-11.5,,,,
42.401,2,Atta_2,108.9,1124.4,269.9,21.1,0.0,,,,
42.401,3,Atta_3,1573.4,81.1,149.0,16.1,0.1,,,,
42.401,4,Atta_4,210.9,456.9,277.2,16.6,0.0,,,,
42.469,1,Atta_1,34.0,150.3,82.0,4.6,-6.8,,,,
42.469,2,Atta_2,99.9,1116.9,269.7,11.7,-0.2,,,,
42.469,3,Atta_3,1564.0,76.1,148.9,10.6,-0.1,,,,
42.469,4,Atta_4,185.0,449.4,278.3,27.0,1.1,,,,
42.533,1,Atta_1,40.8,153.7,73.5,7.6,-8.5,,,,
42.597,1,Atta_1,43.0,153.7,63.3,2.2,-10.2,,,,
42.597,2,Atta_2,108.6,1119.9,269.0,-9.2,-0.7,,,,
42.597,3,Atta_3,1573.0,79.7,148.9,-9.7,0.0,,,,
42.597,4,Atta_4,213.4,457.4,278.3,-29.5,0.0,,,,
42.702,1,Atta_1,35.4,160.1,54.2,9.9,-9.1,,,,
42.702,2,Atta_2,119.1,1129.9,269.0,-14.5,0.0,,,,
42.702,3,Atta_3,1583.8,90.1,148.9,-15.0,0.0,,,,
42.702,4,Atta_4,224.1,467.2,277.8,-14.5,-0.5,,,,
42.77,1,Atta_1,69.3,175.1,39.2,37.1,-15.0,,,,
42.77,2,Atta_2,157.0,1143.9,269.3,-40.4,0.3,,,,
42.77,3,Atta_3,1617.8,105.7,148.9,-37.4,0.0,,,,
42.77,4,Atta_4,252.0,481.6,277.8,-31.4,0.0,,,,
42.835,1,Atta_1,94.7,188.2,36.6,28.6,-2.6,,,,
42.835,4,Atta_4,234.9,474.5,277.7,18.5,-0.1,,,,
42.94,1,Atta_1,62.0,172.8,36.0,-36.1,-0.6,,,,
42.94,2,Atta_2,138.0,1133.4,269.3,21.7,0.0,,,,
42.94,3,Atta_3,1597.5,92.4,148.7,24.3,-0.2,,,,
42.94,4,Atta_4,215.6,465.9,277.2,21.1,-0.5,,,,
42.997,4,Atta_4,223.0,469.0,277.2,-8.0,0.0,,,,
43.181,2,Atta_2,143.7,1133.7,269.5,-5.7,0.2,,,,
43.181,3,Atta_3,1601.6,95.4,148.9,-5.1,0.2,,,,
43.253,1,Atta_1,73.8,181.1,36.0,14.4,0.0,,,,
43.253,2,Atta_2,158.3,1143.6,269.6,-17.6,0.1,,,,
43.253,3,Atta_3,1616.1,105.1,148.8,-17.4,-0.1,,,,
43.253,4,Atta_4,239.4,478.9,277.7,-19.2,0.5,,,,
43.307,1,Atta_1,79.5,183.2,35.7,6.1,-0.3,,,,
43.307,2,Atta_2,164.8,1141.8,269.7,6.7,0.1,,,,
43.365,2,Atta_2,156.2,1144.2,269.6,-8.9,-0.1,,,,
43.365,4,Atta_4,231.0,475.3,277.4,9.1,-0.3,,,,
43.416,1,Atta_1,58.3,169.3,35.2,-25.4,-0.5,,,,
43.416,2,Atta_2,122.7,1124.4,269.3,38.9,-0.3,,,,
43.416,3,Atta_3,1580.8,86.9,148.9,39.7,0.1,,,,
43.416,4,Atta_4,202.3,457.1,277.5,34.0,0.1,,,,
43.47,1,Atta_1,81.2,183.1,35.4,26.7,0.2,,,,
43.47,2,Atta_2,155.6,1143.6,269.2,-38.1,-0.1,,,,
43.47,3,Atta_3,1617.1,104.2,148.9,-40.2,0.0,,,,
43.47,4,Atta_4,238.5,476.0,277.4,-40.8,-0.1,,,,
43.532,1,Atta_1,87.4,185.5,35.4,6.6,0.0,,,,
43.532,4,Atta_4,249.1,479.2,277.5,-11.1,0.1,,,,
43.596,2,Atta_2,161.9,1136.1,269.1,9.8,-0.1,,,,
43.664,2,Atta_2,159.6,1127.8,269.1,8.6,0.0,,,,
43.664,4,Atta_4,240.8,477.4,277.5,8.5,0.0,,,,
43.728,1,Atta_1,66.8,173.4,35.7,-23.9,0.3,,,,
43.728,2,Atta_2,134.3,1109.7,269.0,31.1,-0.1,,,,
43.728,3,Atta_3,1587.0,88.1,148.9,34.1,0.0,,,,
43.728,4,Atta_4,213.0,460.9,276.9,32.3,-0.6,,,,
43.811,1,Atta_1,75.6,178.3,34.3,10.1,-1.4,,,,
43.811,2,Atta_2,129.8,1101.9,268.1,9.0,-0.9,,,,
43.811,3,Atta_3,1595.7,93.8,149.1,-10.4,0.2,,,,
43.811,4,Atta_4,229.8,468.3,277.7,-18.4,0.8,,,,
43.865,1,Atta_1,70.8,176.8,34.3,-5.0,0.0,,,,
43.865,2,Atta_2,129.0,1096.3,268.7,5.7,0.6,,,,
43.865,3,Atta_3,1591.6,93.1,149.1,4.2,0.0,,,,
43.928,2,Atta_2,125.7,1087.3,268.7,9.6,0.0,,,,
43.928,4,Atta_4,225.7,467.6,277.8,4.2,0.1,,,,
44.03,1,Atta_1,13.0,146.9,34.5,-65.1,0.2,,,,
44.03,2,Atta_2,67.0,1045.1,270.0,72.3,1.3,,,,
44.03,3,Atta_3,1533.7,58.4,149.0,67.5,-0.1,,,,
44.03,4,Atta_4,155.5,431.3,275.8,79.0,-2.0,,,,
44.082,1,Atta_1,44.3,164.7,34.5,36.0,0.0,,,,
44.082,2,Atta_2,62.8,1030.5,270.0,15.2,0.0,,,,
44.082,3,Atta_3,1529.5,56.1,149.0,4.8,0.0,,,,
44.082,4,Atta_4,151.0,429.0,276.6,5.1,0.8,,,,
44.137,1,Atta_1,39.6,161.8,34.7,-5.5,0.2,,,,
44.137,2,Atta_2,58.0,1023.6,270.0,8.4,0.0,,,,
44.137,3,Atta_3,1524.1,52.6,149.0,6.4,0.0,,,,
44.137,4,Atta_4,145.6,425.5,276.6,6.4,0.0,,,,
44.201,1,Atta_1,45.0,166.8,35.0,7.4,0.3,,,,
44.201,2,Atta_2,63.4,1017.8,269.3,7.9,-0.7,,,,
44.201,3,Atta_3,1529.6,58.2,149.0,-7.8,0.0,,,,
44.201,4,Atta_4,150.7,428.8,277.6,-6.1,1.0,,,,
44.26,1,Atta_1,49.2,169.0,35.0,4.7,0.0,,,,
44.26,2,Atta_2,58.9,1007.4,269.3,11.3,0.0,,,,
44.26,3,Atta_3,1524.9,52.5,148.9,7.4,-0.1,,,,
44.26,4,Atta_4,146.2,425.4,278.2,5.6,0.6,,,,
44.312,1,Atta_1,60.1,176.4,35.0,13.2,0.0,,,,
44.312,2,Atta_2,67.8,997.2,269.1,13.5,-0.2,,,,
44.312,3,Atta_3,1528.4,57.3,149.0,-5.9,0.1,,,,
44.312,4,Atta_4,152.3,427.3,277.6,-6.4,-0.6,,,,
44.385,1,Atta_1,72.0,182.9,34.6,13.6,-0.4,,,,
44.385,2,Atta_2,74.6,993.6,269.0,7.7,-0.1,,,,
44.385,3,Atta_3,1524.9,55.0,149.0,4.2,0.0,,,,
44.437,2,Atta_2,72.2,985.2,268.1,8.7,-0.9,,,,
44.437,4,Atta_4,146.4,423.6,276.6,7.0,-1.0,,,,
44.49,1,Atta_1,68.0,183.5,34.0,-4.0,-0.6,,,,
44.49,2,Atta_2,68.0,974.7,268.1,11.3,0.0,,,,
44.49,3,Atta_3,1518.0,49.0,148.9,9.1,-0.1,,,,
44.49,4,Atta_4,133.4,420.0,276.7,13.5,0.1,,,,
44.544,1,Atta_1,82.7,191.9,34.0,16.9,0.0,,,,
44.544,3,Atta_3,1522.2,51.4,148.9,-4.8,0.0,,,,
44.544,4,Atta_4,137.6,422.4,276.7,-4.8,0.0,,,,
44.594,2,Atta_2,69.1,970.0,269.4,4.8,1.3,,,,
44.594,3,Atta_3,1525.4,54.3,149.1,-4.3,0.2,,,,
44.594,4,Atta_4,151.6,426.7,276.7,-14.6,0.0,,,,
44.693,1,Atta_1,91.2,198.8,34.5,10.9,0.5,,,,
44.693,4,Atta_4,164.5,431.1,276.5,-13.6,-0.2,,,,
44.751,1,Atta_1,102.3,204.3,34.5,12.4,0.0,,,,
44.751,2,Atta_2,62.4,963.8,269.2,9.1,-0.2,,,,
44.751,3,Atta_3,1517.5,50.7,149.2,8.7,0.1,,,,
44.751,4,Atta_4,156.5,426.0,276.5,9.5,0.0,,,,
44.815,1,Atta_1,107.4,207.3,34.5,5.9,0.0,,,,
44.815,4,Atta_4,132.6,419.7,277.1,24.7,0.6,,,,
44.931,1,Atta_1,119.2,214.9,35.2,14.0,0.7,,,,
45.005,1,Atta_1,151.9,233.9,35.2,37.8,0.0,,,,
45.005,2,Atta_2,68.9,970.4,269.6,-9.3,0.4,,,,
45.005,3,Atta_3,1528.2,57.6,149.1,-12.7,-0.1,,,,
45.005,4,Atta_4,151.0,427.2,277.8,-19.9,0.7,,,,
45.08,1,Atta_1,160.3,239.6,35.3,10.2,0.1,,,,
45.144,1,Atta_1,176.6,249.3,35.4,19.0,0.1,,,,
45.144,3,Atta_3,1525.3,53.5,148.9,5.0,-0.2,,,,
45.207,4,Atta_4,143.0,424.6,277.5,8.4,-0.3,,,,
45.27,1,Atta_1,186.0,256.7,35.3,12.0,-0.1,,,,
45.27,2,Atta_2,64.1,967.5,269.3,5.6,-0.3,,,,
45.332,1,Atta_1,190.9,258.1,35.3,5.1,0.0,,,,
45.332,3,Atta_3,1524.3,57.9,149.4,4.5,0.5,,,,
45.406,1,Atta_1,205.3,268.3,35.5,17.6,0.2,,,,
45.48,1,Atta_1,214.9,274.5,35.5,11.4,0.0,,,,
45.554,1,Atta_1,245.0,288.3,35.5,33.1,0.0,,,,
45.625,1,Atta_1,265.5,299.4,35.6,23.3,0.1,,,,
45.625,4,Atta_4,160.3,428.9,276.0,-17.8,-1.5,,,,
45.693,2,Atta_2,59.8,965.6,269.5,4.7,0.2,,,,
45.693,3,Atta_3,1519.9,53.2,149.2,6.4,-0.2,,,,
45.693,4,Atta_4,144.3,423.7,277.7,16.8,1.7,,,,
45.766,1,Atta_1,272.6,306.6,36.2,10.1,0.6,,,,
45.766,2,Atta_2,67.5,969.0,269.4,-8.4,-0.1,,,,
45.766,3,Atta_3,1526.0,55.6,149.1,-6.6,-0.1,,,,
45.766,4,Atta_4,150.8,427.0,277.7,-7.3,0.0,,,,
45.838,1,Atta_1,282.0,312.9,36.2,11.3,0.0,,,,
45.914,1,Atta_1,286.5,318.3,36.2,7.0,0.0,,,,
45.983,1,Atta_1,299.2,325.4,36.4,14.5,0.2,,,,
45.983,4,Atta_4,142.4,424.5,277.4,8.8,-0.3,,,,
46.057,1,Atta_1,295.2,327.0,36.4,-4.3,0.0,,,,
46.057,2,Atta_2,60.6,966.6,269.5,7.3,0.1,,,,
46.057,3,Atta_3,1520.8,50.6,148.8,7.2,-0.3,,,,
46.057,4,Atta_4,136.5,422.5,277.4,6.2,0.0,,,,
46.133,1,Atta_1,311.1,333.4,36.5,17.1,0.1,,,,
46.199,1,Atta_1,321.0,343.7,36.5,14.3,0.0,,,,
46.199,3,Atta_3,1523.2,54.6,149.0,4.7,0.2,,,,
46.199,4,Atta_4,151.4,427.2,276.7,-15.6,-0.7,,,,
46.27,1,Atta_1,330.0,345.9,36.9,9.3,0.4,,,,
46.341,1,Atta_1,332.0,350.4,36.9,4.9,0.0,,,,
46.341,4,Atta_4,160.4,429.6,277.4,-9.3,0.7,,,,
46.554,4,Atta_4,139.7,423.9,277.7,21.5,0.3,,,,
46.696,1,Atta_1,337.7,353.2,36.8,6.4,-0.1,,,,
46.696,2,Atta_2,64.8,968.2,269.4,-4.5,-0.1,,,,
46.696,4,Atta_4,144.2,425.3,277.7,-4.7,0.0,,,,
46.917,2,Atta_2,73.3,965.6,270.0,8.9,0.6,,,,
46.917,4,Atta_4,168.8,431.4,276.9,-25.3,-0.8,,,,
47.056,2,Atta_2,68.9,966.4,270.3,-4.5,0.3,,,,
47.056,4,Atta_4,162.3,430.6,276.9,6.5,0.0,,,,
47.122,1,Atta_1,347.8,364.3,37.1,15.0,0.3,,,,
47.122,4,Atta_4,155.8,427.4,277.6,7.2,0.7,,,,
47.193,1,Atta_1,361.9,367.6,36.8,14.5,-0.3,,,,
47.193,4,Atta_4,160.0,429.8,277.6,-4.8,0.0,,,,
47.255,2,Atta_2,69.1,961.9,270.2,4.5,-0.1,,,,
47.255,3,Atta_3,1518.0,50.0,148.9,6.9,-0.1,,,,
47.255,4,Atta_4,139.0,422.4,277.7,22.3,0.1,,,,
47.328,1,Atta_1,371.7,378.7,37.1,14.8,0.3,,,,
47.328,4,Atta_4,129.2,417.9,276.6,10.8,-1.1,,,,
47.466,1,Atta_1,380.6,386.5,37.2,11.8,0.1,,,,
47.541,1,Atta_1,394.0,395.3,37.2,16.0,0.0,,,,
47.541,2,Atta_2,67.0,965.6,269.5,-4.3,-0.7,,,,
47.541,4,Atta_4,136.7,421.6,276.5,-8.4,-0.1,,,,
47.617,1,Atta_1,405.7,401.9,37.4,13.4,0.2,,,,
47.617,4,Atta_4,147.6,424.7,276.4,-11.3,-0.1,,,,
47.693,1,Atta_1,412.1,406.0,37.4,7.6,0.0,,,,
47.693,4,Atta_4,139.1,421.8,276.5,9.0,0.1,,,,
47.761,1,Atta_1,419.6,413.9,37.4,10.9,0.0,,,,
47.761,2,Atta_2,63.3,962.8,269.6,4.6,0.1,,,,
47.761,3,Atta_3,1516.1,46.1,148.7,-4.3,-0.2,,,,
47.832,2,Atta_2,58.2,963.3,269.7,-5.1,0.1,,,,
47.914,1,Atta_1,423.1,420.4,37.8,7.4,0.4,,,,
47.914,2,Atta_2,63.2,963.8,269.5,-5.0,-0.2,,,,
47.994,1,Atta_1,444.5,432.8,37.9,24.7,0.1,,,,
47.994,2,Atta_2,71.4,967.9,269.5,-9.2,0.0,,,,
47.994,3,Atta_3,1526.4,53.4,149.0,-12.6,0.3,,,,
47.994,4,Atta_4,150.3,428.0,277.5,-12.8,1.0,,,,
48.073,1,Atta_1,439.8,428.8,38.0,-6.2,0.1,,,,
48.073,2,Atta_2,67.8,963.1,269.2,6.0,-0.3,,,,
48.073,3,Atta_3,1518.2,49.1,149.0,9.3,0.0,,,,
48.073,4,Atta_4,142.1,422.2,276.5,10.0,-1.0,,,,
48.15,1,Atta_1,444.4,432.8,38.2,6.1,0.2,,,,
48.291,1,Atta_1,448.2,434.9,38.2,4.3,0.0,,,,
48.291,2,Atta_2,74.2,965.3,269.3,-6.8,0.1,,,,
48.291,3,Atta_3,1521.6,51.5,148.9,-4.2,-0.1,,,,
48.369,1,Atta_1,453.4,437.4,38.0,5.8,-0.2,,,,
48.369,4,Atta_4,150.2,426.4,276.3,-9.1,-0.2,,,,
48.435,1,Atta_1,448.8,435.2,38.3,-5.1,0.3,,,,
48.435,4,Atta_4,144.3,425.1,278.1,6.0,1.8,,,,
48.504,2,Atta_2,66.5,965.6,269.5,-7.7,0.2,,,,
48.583,2,Atta_2,71.2,965.3,269.5,4.7,0.0,,,,
48.721,4,Atta_4,149.6,425.0,277.2,5.3,-0.9,,,,
48.777,1,Atta_1,444.9,433.4,38.1,-4.3,-0.2,,,,
48.777,2,Atta_2,64.9,964.5,269.6,6.4,0.1,,,,
49.075,2,Atta_2,72.6,967.2,269.5,-8.2,-0.1,,,,
49.075,4,Atta_4,154.6,428.2,277.3,-5.9,0.1,,,,
49.206,2,Atta_2,67.4,963.9,269.5,6.2,0.0,,,,
49.206,3,Atta_3,1517.9,49.7,148.9,4.1,0.0,,,,
49.206,4,Atta_4,140.8,422.6,276.4,14.9,-0.9,,,,
49.415,2,Atta_2,74.1,962.9,270.5,6.8,1.0,,,,
49.415,4,Atta_4,148.9,424.9,276.5,-8.4,0.1,,,,
49.565,3,Atta_3,1521.2,52.3,148.9,-4.2,0.0,,,,
49.617,2,Atta_2,70.0,964.4,269.3,-4.4,-1.2,,,,
49.671,4,Atta_4,154.0,425.0,276.1,5.1,-0.4,,,,
49.859,4,Atta_4,147.6,425.1,277.0,-6.4,0.9,,,,
49.992,1,Atta_1,451.0,436.0,38.2,6.6,0.1,,,,
50.044,4,Atta_4,163.7,428.9,276.6,-16.5,-0.4,,,,
50.147,4,Atta_4,168.2,430.6,276.3,-4.8,-0.3,,,,
50.245,4,Atta_4,162.1,428.4,276.3,6.5,0.0,,,,
50.297,1,Atta_1,447.0,433.8,38.1,-4.6,-0.1,,,,
50.297,2,Atta_2,63.3,963.8,269.8,6.7,0.5,,,,
50.297,3,Atta_3,1518.5,48.1,148.8,5.0,-0.1,,,,
50.297,4,Atta_4,148.2,424.1,276.4,14.5,0.1,,,,
50.417,4,Atta_4,138.6,422.6,277.7,9.7,1.3,,,,
50.518,2,Atta_2,70.6,963.8,270.2,-7.3,0.4,,,,
50.518,4,Atta_4,149.3,425.1,277.8,-11.0,0.1,,,,
50.576,1,Atta_1,450.8,435.3,38.2,4.1,0.1,,,,
50.576,3,Atta_3,1521.2,51.1,148.9,-4.0,0.1,,,,
50.576,4,Atta_4,141.3,423.8,277.8,8.1,0.0,,,,
50.679,2,Atta_2,65.9,963.8,270.2,-4.7,0.0,,,,
50.679,4,Atta_4,135.6,422.8,277.5,5.8,-0.3,,,,
51.074,1,Atta_1,446.4,434.1,38.3,-4.6,0.1,,,,
51.074,2,Atta_2,61.5,964.6,269.6,-4.5,-0.6,,,,
51.074,4,Atta_4,141.7,423.9,277.4,-6.2,-0.1,,,,
51.154,2,Atta_2,68.9,965.0,269.5,-7.4,-0.1,,,,
51.23,4,Atta_4,148.5,425.3,277.4,-6.9,0.0,,,,
51.456,4,Atta_4,154.3,427.7,276.3,-6.3,-1.1,,,,
51.519,4,Atta_4,143.9,424.3,277.4,10.9,1.1,,,,
51.691,1,Atta_1,450.5,435.7,38.2,4.4,-0.1,,,,
51.691,4,Atta_4,155.1,428.1,277.7,-11.8,0.3,,,,
51.874,1,Atta_1,443.4,432.4,37.9,-7.8,-0.3,,,,
51.874,4,Atta_4,144.2,422.5,276.9,12.3,-0.8,,,,
51.927,1,Atta_1,438.6,429.4,37.9,-5.7,0.0,,,,
51.927,2,Atta_2,68.7,959.9,269.7,5.1,0.2,,,,
51.927,3,Atta_3,1512.7,45.2,148.8,10.3,-0.1,,,,
51.927,4,Atta_4,138.7,419.5,276.9,6.3,0.0,,,,
51.993,1,Atta_1,444.2,432.7,38.1,6.5,0.2,,,,
51.993,2,Atta_2,73.5,962.7,269.2,-5.6,-0.5,,,,
51.993,3,Atta_3,1517.6,50.1,148.7,-6.9,-0.1,,,,
52.048,2,Atta_2,68.2,963.2,269.2,-5.3,0.0,,,,
52.048,4,Atta_4,144.3,423.0,276.9,-6.6,0.0,,,,
52.11,1,Atta_1,449.2,435.2,38.1,5.6,0.0,,,,
52.11,4,Atta_4,150.0,426.0,276.5,-6.4,-0.4,,,,
52.231,3,Atta_3,1521.3,51.9,148.8,-4.1,0.1,,,,
52.231,4,Atta_4,145.3,424.4,275.6,5.0,-0.9,,,,
52.293,1,Atta_1,443.2,433.2,38.3,-6.3,0.2,,,,
52.293,4,Atta_4,137.6,421.8,276.1,8.1,0.5,,,,
52.406,4,Atta_4,141.7,422.9,277.3,-4.2,1.2,,,,
52.47,4,Atta_4,148.0,425.7,277.3,-6.9,0.0,,,,
52.586,1,Atta_1,447.0,434.8,38.3,4.1,0.0,,,,
52.586,2,Atta_2,70.2,966.9,269.7,-4.2,0.5,,,,
52.586,4,Atta_4,157.3,428.4,276.1,-9.7,-1.2,,,,
52.775,4,Atta_4,140.7,424.2,277.7,17.1,1.6,,,,
52.955,2,Atta_2,62.1,964.1,269.6,8.6,-0.1,,,,
52.955,3,Atta_3,1518.2,49.2,148.9,4.1,0.1,,,,
52.955,4,Atta_4,132.8,419.9,277.4,9.0,-0.3,,,,
53.087,2,Atta_2,66.4,962.1,270.2,4.7,0.6,,,,
53.087,4,Atta_4,136.6,421.5,277.6,-4.1,0.2,,,,
53.14,1,Atta_1,451.7,435.6,37.9,4.8,-0.4,,,,
53.203,2,Atta_2,63.6,965.2,269.8,-4.2,-0.4,,,,
53.312,1,Atta_1,457.5,439.0,38.0,6.7,0.1,,,,
53.312,2,Atta_2,67.7,968.8,270.5,-5.5,0.7,,,,
53.312,3,Atta_3,1527.3,53.0,148.9,-9.9,0.0,,,,
53.312,4,Atta_4,143.2,424.5,277.6,-7.2,0.0,,,,
53.488,1,Atta_1,452.7,436.3,38.1,-5.5,0.1,,,,
53.548,2,Atta_2,63.7,964.5,270.5,5.9,0.0,,,,
53.548,3,Atta_3,1520.7,51.6,149.0,6.7,0.1,,,,
53.778,1,Atta_1,448.4,434.0,38.1,-4.9,0.0,,,,
53.778,3,Atta_3,1517.6,48.6,148.9,4.3,-0.1,,,,
53.903,1,Atta_1,457.9,438.8,38.1,10.6,0.0,,,,
53.903,2,Atta_2,73.3,966.8,270.4,-9.9,-0.1,,,,
53.903,3,Atta_3,1526.2,51.9,148.8,-9.2,-0.1,,,,
54.017,2,Atta_2,69.3,967.1,269.7,-4.0,-0.7,,,,
54.076,1,Atta_1,453.6,436.0,38.0,-5.1,-0.1,,,,
54.076,2,Atta_2,73.4,963.6,270.0,5.4,0.3,,,,
54.137,4,Atta_4,139.4,421.6,277.2,4.8,-0.4,,,,
54.195,1,Atta_1,446.1,433.0,38.2,-8.1,0.2,,,,
54.195,2,Atta_2,69.9,961.1,270.0,4.3,0.0,,,,
54.195,3,Atta_3,1516.8,50.2,148.9,9.6,0.1,,,,
54.195,4,Atta_4,133.7,419.2,277.5,6.2,0.3,,,,
54.32,2,Atta_2,73.0,965.3,269.5,-5.2,-0.5,,,,
54.32,3,Atta_3,1522.8,51.9,148.8,-6.2,-0.1,,,,
54.32,4,Atta_4,149.1,424.7,277.9,-16.4,0.4,,,,
54.377,2,Atta_2,69.0,965.6,269.5,-4.0,0.0,,,,
54.377,4,Atta_4,145.1,423.7,277.7,4.1,-0.2,,,,
54.516,4,Atta_4,136.6,422.6,277.7,-8.6,0.0,,,,
54.675,1,Atta_1,441.4,432.1,38.2,-4.8,0.0,,,,
54.675,3,Atta_3,1518.9,50.0,148.9,4.3,0.1,,,,
54.821,2,Atta_2,73.7,964.6,269.5,4.8,0.0,,,,
54.821,4,Atta_4,148.1,424.9,277.7,-11.7,0.0,,,,
54.964,1,Atta_1,445.8,434.1,38.4,4.8,0.2,,,,
54.964,4,Atta_4,169.4,430.4,277.0,-22.0,-0.7,,,,
55.042,1,Atta_1,449.8,436.6,38.3,4.7,-0.1,,,,
55.042,2,Atta_2,78.7,967.5,269.6,-5.8,0.1,,,,
55.042,3,Atta_3,1524.9,52.8,148.8,-6.6,-0.1,,,,
55.042,4,Atta_4,173.4,432.9,277.0,-4.7,0.0,,,,
55.125,4,Atta_4,148.0,425.9,277.0,26.3,0.0,,,,
55.199,1,Atta_1,443.2,434.5,38.2,-6.9,-0.1,,,,
55.199,2,Atta_2,73.5,966.1,269.6,5.4,0.0,,,,
55.199,3,Atta_3,1520.0,50.5,148.8,5.4,0.0,,,,
55.199,4,Atta_4,143.1,424.5,276.7,5.1,-0.3,,,,
55.344,1,Atta_1,437.6,430.1,38.2,-7.1,0.0,,,,
55.344,2,Atta_2,68.5,961.0,270.4,7.1,0.8,,,,
55.344,3,Atta_3,1515.1,47.6,148.8,5.7,0.0,,,,
55.344,4,Atta_4,136.2,420.6,277.7,7.9,1.0,,,,
55.419,1,Atta_1,442.8,433.8,38.2,6.4,0.0,,,,
55.419,2,Atta_2,68.6,965.3,270.5,-4.3,0.1,,,,
55.419,3,Atta_3,1522.7,53.9,148.9,-9.9,0.1,,,,
55.419,4,Atta_4,143.4,424.9,277.7,-8.4,0.0,,,,
55.491,2,Atta_2,60.2,967.9,270.5,-8.8,0.0,,,,
55.654,1,Atta_1,439.0,431.0,38.4,-4.7,0.2,,,,
55.654,3,Atta_3,1520.4,49.2,148.8,-5.2,-0.1,,,,
55.654,4,Atta_4,140.0,422.5,277.9,4.2,0.2,,,,
55.732,1,Atta_1,432.0,428.8,38.3,-7.3,-0.1,,,,
55.732,2,Atta_2,67.0,965.0,268.3,7.4,-2.2,,,,
55.812,1,Atta_1,441.6,433.6,38.3,10.7,0.0,,,,
55.812,3,Atta_3,1522.4,54.0,148.7,5.2,-0.1,,,,
55.884,1,Atta_1,436.4,431.3,38.2,-5.7,-0.1,,,,
55.953,1,Atta_1,455.7,439.3,38.2,20.9,0.0,,,,
55.953,2,Atta_2,75.1,971.8,269.4,-10.6,1.1,,,,
55.953,3,Atta_3,1531.1,56.0,148.7,-8.9,0.0,,,,
55.953,4,Atta_4,149.2,427.9,277.8,-10.7,-0.1,,,,
56.028,1,Atta_1,436.0,432.7,38.2,-20.8,0.0,,,,
56.098,2,Atta_2,65.0,966.9,269.5,11.2,0.1,,,,
56.098,3,Atta_3,1522.8,51.0,148.8,9.7,0.1,,,,
56.098,4,Atta_4,142.6,425.1,277.5,7.2,-0.3,,,,
56.172,1,Atta_1,423.5,426.0,38.6,-14.2,0.4,,,,
56.172,2,Atta_2,59.7,964.7,270.2,5.7,0.7,,,,
56.172,3,Atta_3,1518.6,48.9,148.8,4.7,0.0,,,,
56.172,4,Atta_4,136.7,421.1,277.5,7.1,0.0,,,,
56.249,1,Atta_1,432.2,429.0,38.7,9.2,0.1,,,,
56.328,4,Atta_4,143.6,424.6,277.5,-7.7,0.0,,,,
56.405,1,Atta_1,438.9,431.4,38.6,7.1,-0.1,,,,
56.405,2,Atta_2,74.8,963.6,269.4,15.1,-0.8,,,,
56.486,4,Atta_4,139.6,421.5,277.5,5.1,0.0,,,,
56.636,4,Atta_4,146.0,424.4,277.7,-7.0,0.2,,,,
56.879,4,Atta_4,140.5,421.5,276.8,6.2,-0.9,,,,
56.995,3,Atta_3,1518.5,52.9,148.7,4.0,-0.1,,,,
57.11,1,Atta_1,443.1,433.6,38.1,4.7,-0.5,,,,
57.167,2,Atta_2,80.5,964.1,270.3,-5.7,0.9,,,,
57.167,4,Atta_4,146.6,425.8,277.7,-7.5,0.9,,,,
57.281,4,Atta_4,151.9,425.8,277.1,5.3,-0.6,,,,
57.339,2,Atta_2,64.8,968.6,270.3,-16.3,0.0,,,,
57.339,3,Atta_3,1525.6,56.3,149.0,-7.9,0.3,,,,
57.396,1,Atta_1,447.8,436.4,38.4,5.5,0.3,,,,
57.396,4,Atta_4,157.5,429.3,276.3,-6.6,-0.8,,,,
57.461,4,Atta_4,148.4,428.4,276.3,-9.1,0.0,,,,
57.525,3,Atta_3,1526.8,51.7,148.7,-4.8,-0.3,,,,
57.577,1,Atta_1,443.5,433.3,38.3,-5.3,-0.1,,,,
57.577,2,Atta_2,79.6,965.1,269.4,15.2,-0.9,,,,
57.577,3,Atta_3,1522.4,49.2,148.7,5.1,0.0,,,,
57.577,4,Atta_4,143.2,425.0,277.5,6.2,1.2,,,,
57.693,1,Atta_1,436.3,429.7,38.4,-8.0,0.1,,,,
57.693,2,Atta_2,67.4,962.3,269.7,12.5,0.3,,,,
57.693,3,Atta_3,1515.2,48.1,148.9,7.3,0.2,,,,
57.693,4,Atta_4,135.6,420.5,277.2,8.8,-0.3,,,,
57.76,2,Atta_2,57.3,962.9,270.3,-10.1,0.6,,,,
57.836,1,Atta_1,442.6,432.6,38.4,6.9,0.0,,,,
57.836,2,Atta_2,71.0,964.1,270.1,-13.8,-0.2,,,,
57.836,4,Atta_4,139.2,422.3,277.4,-4.0,0.2,,,,
57.911,4,Atta_4,134.9,421.4,277.0,4.4,-0.4,,,,
57.966,1,Atta_1,446.1,434.9,38.4,4.2,0.0,,,,
57.966,2,Atta_2,86.2,965.3,269.6,-15.2,-0.5,,,,
57.966,3,Atta_3,1522.0,50.7,148.7,-7.3,-0.2,,,,
57.966,4,Atta_4,144.3,425.4,277.0,-10.2,0.0,,,,
58.223,1,Atta_1,438.2,432.0,38.2,-8.4,-0.2,,,,
58.223,2,Atta_2,73.1,963.8,269.7,13.2,0.1,,,,
58.223,3,Atta_3,1516.9,49.8,148.7,5.2,0.0,,,,
58.356,4,Atta_4,137.4,422.7,277.3,7.4,0.3,,,,
58.409,1,Atta_1,442.1,434.0,38.3,4.4,0.1,,,,
58.463,1,Atta_1,447.4,435.0,38.3,5.4,0.0,,,,
58.463,2,Atta_2,80.2,966.0,269.5,-7.4,-0.2,,,,
58.463,3,Atta_3,1524.5,52.1,148.9,-7.9,0.2,,,,
58.463,4,Atta_4,151.5,426.0,277.9,-14.5,0.6,,,,
58.687,1,Atta_1,440.2,430.6,38.1,-8.4,-0.2,,,,
58.687,2,Atta_2,68.8,960.4,269.8,12.7,0.3,,,,
58.687,3,Atta_3,1513.0,45.3,148.8,13.4,-0.1,,,,
58.687,4,Atta_4,133.4,417.8,276.9,19.9,-1.0,,,,
58.79,2,Atta_2,62.4,960.8,269.8,-6.4,0.0,,,,
58.79,4,Atta_4,139.4,421.2,277.4,-6.9,0.5,,,,
58.943,1,Atta_1,445.7,434.3,38.0,6.6,-0.1,,,,
58.943,2,Atta_2,68.9,965.2,269.6,-7.8,-0.2,,,,
58.943,3,Atta_3,1519.2,48.9,148.8,-7.2,0.0,,,,
58.943,4,Atta_4,145.9,425.3,276.8,-7.7,-0.6,,,,
59.022,4,Atta_4,142.0,424.2,276.8,4.1,0.0,,,,
59.158,2,Atta_2,73.9,962.1,270.6,5.9,1.0,,,,
59.289,4,Atta_4,134.5,420.3,277.0,8.5,0.2,,,,
59.353,2,Atta_2,65.7,965.0,269.7,-8.7,-0.9,,,,
59.407,1,Atta_1,455.7,437.2,38.2,10.4,0.2,,,,
59.407,2,Atta_2,69.7,966.8,269.7,-4.4,0.0,,,,
59.407,3,Atta_3,1524.6,52.8,148.9,-6.7,0.1,,,,
59.407,4,Atta_4,147.1,424.9,276.2,-13.4,-0.8,,,,
59.589,1,Atta_1,451.4,435.8,38.1,-4.5,-0.1,,,,
59.589,4,Atta_4,137.4,422.9,277.7,9.9,1.5,,,,
59.743,2,Atta_2,65.9,965.5,269.9,4.0,0.2,,,,
59.82,2,Atta_2,57.5,966.7,269.8,-8.5,-0.1,,,,
59.967,3,Atta_3,1519.7,50.5,149.0,5.4,0.1,,,,
60.124,2,Atta_2,62.5,967.2,269.4,-5.0,-0.4,,,,
60.124,3,Atta_3,1522.7,56.0,149.1,6.3,0.1,,,,
60.124,4,Atta_4,142.8,424.8,277.6,-5.7,-0.1,,,,
60.2,2,Atta_2,80.6,967.1,269.4,-18.1,0.0,,,,
60.275,1,Atta_1,432.5,429.4,38.0,-20.0,-0.1,,,,
60.275,4,Atta_4,136.5,422.9,276.5,6.6,-1.1,,,,
60.353,1,Atta_1,428.4,428.4,38.0,-4.2,0.0,,,,
60.429,4,Atta_4,144.8,424.8,276.7,-8.5,0.2,,,,
60.636,1,Atta_1,455.5,438.9,38.1,29.1,0.1,,,,
60.636,2,Atta_2,70.0,970.2,269.4,-11.0,0.0,,,,
60.636,3,Atta_3,1529.7,58.2,149.2,-7.3,0.1,,,,
60.715,2,Atta_2,64.3,967.8,269.6,6.2,0.2,,,,
60.715,3,Atta_3,1525.2,55.2,149.2,5.4,0.0,,,,
60.789,2,Atta_2,68.8,970.8,269.5,-5.4,-0.1,,,,
60.789,3,Atta_3,1529.8,58.2,149.2,-5.5,0.0,,,,
60.865,2,Atta_2,64.7,967.8,269.5,5.1,0.0,,,,
60.865,3,Atta_3,1525.7,56.3,149.2,4.5,0.0,,,,
60.865,4,Atta_4,140.6,422.5,277.1,4.8,0.4,,,,
60.939,1,Atta_1,463.0,442.1,38.0,8.2,-0.1,,,,
60.939,2,Atta_2,70.5,971.8,269.5,-7.0,0.0,,,,
60.939,3,Atta_3,1530.9,60.3,149.2,-6.6,0.0,,,,
60.939,4,Atta_4,148.1,427.1,278.1,-8.8,1.0,,,,
61.012,1,Atta_1,457.3,439.1,38.0,-6.4,0.0,,,,
61.012,2,Atta_2,64.8,968.8,269.4,6.4,-0.1,,,,
61.012,3,Atta_3,1525.0,53.3,149.0,9.2,-0.2,,,,
61.012,4,Atta_4,142.4,424.1,278.2,6.4,0.1,,,,
61.077,4,Atta_4,148.9,427.2,278.4,-7.2,0.2,,,,
61.147,1,Atta_1,453.6,437.6,38.0,-4.0,0.0,,,,
61.216,2,Atta_2,73.8,965.7,270.1,9.5,0.7,,,,
61.216,4,Atta_4,138.6,424.0,278.3,10.8,-0.1,,,,
61.346,4,Atta_4,154.0,428.1,276.9,-15.9,-1.4,,,,
61.421,2,Atta_2,77.8,965.9,270.0,-4.0,-0.1,,,,
61.489,4,Atta_4,146.4,426.2,277.3,7.8,0.4,,,,
61.689,2,Atta_2,83.4,968.9,270.3,-6.4,0.3,,,,
61.689,3,Atta_3,1529.5,55.8,148.9,-5.1,-0.1,,,,
61.689,4,Atta_4,151.3,428.4,277.2,-5.4,-0.1,,,,
61.75,1,Atta_1,460.9,441.2,38.1,8.1,0.1,,,,
61.813,1,Atta_1,452.5,436.3,38.2,-9.7,0.1,,,,
61.813,2,Atta_2,78.2,965.4,269.7,6.3,-0.6,,,,
61.813,3,Atta_3,1523.0,52.5,149.0,7.3,0.1,,,,
61.872,2,Atta_2,70.8,965.8,269.7,-7.4,0.0,,,,
61.872,4,Atta_4,146.3,426.0,277.1,5.5,-0.1,,,,
61.992,4,Atta_4,142.0,423.6,277.1,4.9,0.0,,,,
62.05,1,Atta_1,448.1,434.1,38.2,-4.9,0.0,,,,
62.114,3,Atta_3,1518.4,49.6,148.9,5.4,-0.1,,,,
62.114,4,Atta_4,147.1,424.0,278.1,5.1,1.0,,,,
62.182,1,Atta_1,442.8,432.2,38.0,-5.6,-0.2,,,,
62.182,4,Atta_4,137.5,420.8,278.3,10.1,0.2,,,,
62.247,1,Atta_1,450.9,436.5,38.1,9.2,0.1,,,,
62.247,3,Atta_3,1524.2,53.7,148.9,-7.1,0.0,,,,
62.247,4,Atta_4,153.5,428.5,278.5,-17.8,0.2,,,,
62.312,4,Atta_4,149.4,426.8,278.3,4.4,-0.2,,,,
62.512,2,Atta_2,66.9,967.3,269.6,-4.2,-0.1,,,,
62.512,4,Atta_4,144.9,424.6,277.2,5.0,-1.1,,,,
62.687,4,Atta_4,166.8,430.2,276.0,-22.6,-1.2,,,,
62.743,1,Atta_1,456.2,438.5,37.9,5.7,-0.2,,,,
62.847,4,Atta_4,158.5,429.7,277.7,-8.3,1.7,,,,
62.927,4,Atta_4,137.0,423.5,277.7,22.4,0.0,,,,
62.993,1,Atta_1,449.9,435.2,38.0,-7.1,0.1,,,,
62.993,2,Atta_2,58.9,965.9,269.6,8.1,0.0,,,,
62.993,4,Atta_4,131.3,420.0,276.9,6.7,-0.8,,,,
63.052,1,Atta_1,454.7,438.2,38.1,5.7,0.1,,,,
63.052,4,Atta_4,140.2,423.6,276.9,-9.6,0.0,,,,
63.108,1,Atta_1,447.4,433.9,38.1,-8.5,0.0,,,,
63.108,3,Atta_3,1519.2,51.8,149.1,5.3,0.2,,,,
63.108,4,Atta_4,134.6,420.4,276.9,6.4,0.0,,,,
63.16,1,Atta_1,451.1,435.3,38.1,4.0,0.0,,,,
63.223,1,Atta_1,426.6,426.1,38.0,-26.2,-0.1,,,,
63.282,1,Atta_1,447.9,434.8,38.0,23.0,0.0,,,,
63.341,3,Atta_3,1524.4,53.9,149.1,-5.6,0.0,,,,
63.341,4,Atta_4,141.0,424.9,277.3,-7.8,0.4,,,,
63.392,1,Atta_1,452.5,437.2,38.1,5.2,0.1,,,,
63.392,2,Atta_2,61.7,968.7,269.7,-4.0,0.1,,,,
63.499,4,Atta_4,183.1,432.4,276.2,-42.8,-1.1,,,,
63.554,4,Atta_4,142.4,423.8,276.2,41.6,0.0,,,,
63.834,4,Atta_4,150.0,426.6,278.6,-8.1,2.4,,,,
63.892,1,Atta_1,448.6,434.0,38.1,-5.0,0.0,,,,
63.892,2,Atta_2,63.2,963.2,270.2,5.7,0.5,,,,
63.892,3,Atta_3,1519.7,50.8,149.1,5.6,0.0,,,,
63.892,4,Atta_4,155.8,426.8,278.5,5.8,-0.1,,,,
63.945,1,Atta_1,454.7,437.6,38.0,7.1,-0.1,,,,
63.945,2,Atta_2,66.7,965.7,270.2,-4.3,0.0,,,,
63.945,3,Atta_3,1523.2,53.3,149.1,-4.3,0.0,,,,
64.058,1,Atta_1,459.5,440.1,38.1,5.4,0.1,,,,
64.058,2,Atta_2,70.5,969.9,269.9,-5.7,-0.3,,,,
64.058,3,Atta_3,1527.8,56.1,149.0,-5.4,-0.1,,,,
64.058,4,Atta_4,149.3,426.2,277.3,-6.5,-1.2,,,,
64.116,1,Atta_1,453.8,437.1,38.1,-6.4,0.0,,,,
64.116,2,Atta_2,67.2,965.3,270.3,5.7,0.4,,,,
64.116,3,Atta_3,1522.5,52.8,148.9,6.2,-0.1,,,,
64.116,4,Atta_4,141.8,423.2,277.5,8.1,0.2,,,,
64.172,2,Atta_2,71.4,967.2,270.3,-4.6,0.0,,,,
64.172,4,Atta_4,146.4,424.7,277.5,-4.8,0.0,,,,
64.274,1,Atta_1,442.6,432.5,38.1,-12.1,0.0,,,,
64.274,2,Atta_2,65.3,963.2,270.6,7.3,0.3,,,,
64.274,3,Atta_3,1519.0,48.9,148.9,5.2,0.0,,,,
64.274,4,Atta_4,138.1,421.6,277.6,8.9,0.1,,,,
64.338,2,Atta_2,71.4,963.3,270.6,-6.1,0.0,,,,
64.402,1,Atta_1,446.8,433.8,38.2,4.4,0.1,,,,
64.402,2,Atta_2,75.9,962.9,270.6,4.5,0.0,,,,
64.454,2,Atta_2,71.4,963.3,270.4,-4.5,-0.2,,,,
64.512,2,Atta_2,65.6,964.4,269.6,-5.9,-0.8,,,,
64.573,4,Atta_4,148.4,425.0,277.7,-10.8,0.1,,,,
64.723,4,Atta_4,141.0,424.3,278.3,-7.4,0.6,,,,
64.797,2,Atta_2,70.1,966.1,270.0,-4.8,0.4,,,,
64.944,1,Atta_1,440.5,432.8,38.1,-6.4,-0.1,,,,
65.327,2,Atta_2,62.7,963.0,269.6,8.0,-0.4,,,,
65.327,3,Atta_3,1514.6,48.0,148.9,4.5,0.0,,,,
65.327,4,Atta_4,130.7,419.4,277.8,11.4,-0.5,,,,
65.395,1,Atta_1,449.6,435.6,38.2,9.5,0.1,,,,
65.395,2,Atta_2,70.8,966.1,269.6,-8.7,0.0,,,,
65.395,3,Atta_3,1522.7,51.4,148.9,-8.8,0.0,,,,
65.395,4,Atta_4,141.8,424.5,277.8,-12.2,0.0,,,,
65.472,1,Atta_1,438.8,430.3,38.2,-12.0,0.0,,,,
65.472,2,Atta_2,65.0,962.1,269.6,7.0,0.0,,,,
65.472,3,Atta_3,1515.3,47.6,148.9,8.3,0.0,,,,
65.472,4,Atta_4,135.1,420.5,277.4,7.8,-0.4,,,,
65.55,1,Atta_1,445.6,434.0,38.1,7.7,-0.1,,,,
65.55,2,Atta_2,72.9,965.6,269.5,-8.6,-0.1,,,,
65.55,3,Atta_3,1522.0,51.3,148.9,-7.7,0.0,,,,
65.55,4,Atta_4,142.7,424.4,277.8,-8.5,0.4,,,,
65.625,2,Atta_2,67.9,963.3,269.6,5.5,0.1,,,,
65.625,3,Atta_3,1517.0,49.3,149.0,5.4,0.1,,,,
65.7,3,Atta_3,1521.9,51.1,149.0,-5.2,0.0,,,,
65.7,4,Atta_4,148.1,425.6,277.8,-5.5,0.0,,,,
66.003,2,Atta_2,62.6,962.4,270.5,5.4,0.9,,,,
66.003,3,Atta_3,1517.1,50.1,149.0,4.9,0.0,,,,
66.063,3,Atta_3,1520.2,54.8,149.3,-5.6,0.3,,,,
66.13,4,Atta_4,138.5,421.9,277.7,10.3,-0.1,,,,
66.2,1,Atta_1,452.6,437.0,38.0,7.6,-0.1,,,,
66.282,2,Atta_2,70.7,964.7,270.2,-8.4,-0.3,,,,
66.359,2,Atta_2,66.4,965.9,270.0,-4.5,-0.2,,,,
66.359,3,Atta_3,1523.7,52.6,148.9,-4.1,-0.4,,,,
66.438,2,Atta_2,70.4,965.3,270.0,4.0,0.0,,,,
66.438,4,Atta_4,146.5,425.4,277.9,-8.7,0.2,,,,
66.516,3,Atta_3,1522.9,56.5,149.2,4.0,0.3,,,,
66.516,4,Atta_4,140.1,424.4,278.0,6.5,0.1,,,,
66.682,1,Atta_1,457.7,439.9,38.0,5.9,0.0,,,,
66.682,2,Atta_2,73.5,969.1,270.3,-4.9,0.3,,,,
66.682,3,Atta_3,1528.9,58.4,149.1,-6.3,-0.1,,,,
66.682,4,Atta_4,146.0,427.2,278.6,-6.5,0.6,,,,
66.799,1,Atta_1,451.3,436.8,38.0,-7.1,0.0,,,,
66.799,2,Atta_2,67.1,965.6,270.7,7.3,0.4,,,,
66.799,3,Atta_3,1522.5,54.9,149.1,7.3,0.0,,,,
66.851,4,Atta_4,138.0,422.1,278.0,9.5,-0.6,,,,
66.904,4,Atta_4,148.9,424.8,278.0,-11.2,0.0,,,,
67.069,3,Atta_3,1523.8,50.7,149.1,-4.4,0.0,,,,
67.131,2,Atta_2,73.2,965.3,270.4,6.1,-0.3,,,,
67.131,4,Atta_4,135.1,422.5,278.2,14.0,0.2,,,,
67.187,1,Atta_1,455.3,438.0,38.0,4.2,0.0,,,,
67.187,2,Atta_2,66.2,968.3,269.6,-7.6,-0.8,,,,
67.187,4,Atta_4,140.7,423.7,277.7,-5.7,-0.5,,,,
67.243,2,Atta_2,71.1,966.8,270.4,5.1,0.8,,,,
67.243,4,Atta_4,135.9,422.5,277.7,4.9,0.0,,,,
67.301,1,Atta_1,458.9,439.8,38.0,4.0,0.0,,,,
67.301,3,Atta_3,1526.7,54.4,148.9,-4.7,-0.2,,,,
67.301,4,Atta_4,142.3,424.6,277.8,-6.7,0.1,,,,
67.367,2,Atta_2,75.6,967.5,270.4,-4.6,0.0,,,,
67.421,4,Atta_4,148.4,427.2,278.2,-6.6,0.4,,,,
67.478,1,Atta_1,451.9,435.9,38.2,-8.0,0.2,,,,
67.478,2,Atta_2,73.6,963.7,270.4,4.3,0.0,,,,
67.478,3,Atta_3,1521.4,51.4,149.0,6.1,0.1,,,,
67.478,4,Atta_4,142.8,423.9,278.0,6.5,-0.2,,,,
67.699,4,Atta_4,134.6,423.2,277.3,-8.2,-0.7,,,,
67.772,2,Atta_2,77.4,965.7,270.4,-4.3,0.0,,,,
67.772,4,Atta_4,143.7,423.5,277.3,9.1,0.0,,,,
67.95,1,Atta_1,447.1,434.6,38.1,-5.0,-0.1,,,,
67.95,2,Atta_2,66.7,963.5,269.5,10.9,-0.9,,,,
67.95,3,Atta_3,1517.1,49.0,148.8,4.9,-0.2,,,,
67.95,4,Atta_4,131.0,418.8,278.1,13.5,0.8,,,,
68.059,2,Atta_2,71.4,964.3,270.4,-4.8,0.9,,,,
68.059,3,Atta_3,1521.5,50.7,149.0,-4.7,0.2,,,,
68.059,4,Atta_4,134.7,421.4,276.4,-4.5,-1.7,,,,
68.118,4,Atta_4,171.4,430.7,275.2,-37.9,-1.2,,,,
68.233,2,Atta_2,64.8,963.3,270.5,6.7,0.1,,,,
68.233,3,Atta_3,1520.6,94.8,145.5,44.1,-3.5,,,,
68.296,4,Atta_4,151.2,425.3,275.0,20.9,-0.2,,,,
68.347,2,Atta_2,70.9,963.4,270.0,-6.1,-0.5,,,,
68.347,3,Atta_3,1520.1,50.2,148.7,-44.6,3.2,,,,
68.46,1,Atta_1,454.8,437.3,38.2,8.2,0.1,,,,
68.513,3,Atta_3,1523.8,52.2,148.8,-4.2,0.1,,,,
68.513,4,Atta_4,153.1,428.8,277.7,-4.0,2.7,,,,
68.63,1,Atta_1,449.4,434.9,38.0,-5.9,-0.2,,,,
68.63,3,Atta_3,1519.8,50.3,148.8,4.4,0.0,,,,
68.63,4,Atta_4,149.0,425.8,277.6,5.1,-0.1,,,,
68.71,4,Atta_4,141.0,421.9,277.6,8.9,0.0,,,,
68.782,1,Atta_1,453.0,437.8,38.0,4.6,0.0,,,,
68.782,2,Atta_2,78.3,966.9,270.2,-8.2,0.2,,,,
68.782,3,Atta_3,1526.1,51.6,148.8,-6.4,0.0,,,,
68.782,4,Atta_4,144.2,425.7,277.5,-5.0,-0.1,,,,
68.905,2,Atta_2,73.3,968.1,269.7,-5.1,-0.5,,,,
68.978,2,Atta_2,78.7,966.8,270.2,5.6,0.5,,,,
68.978,4,Atta_4,150.7,428.3,277.7,-7.0,0.2,,,,
69.045,1,Atta_1,459.9,440.3,38.0,7.3,0.0,,,,
69.045,4,Atta_4,157.0,429.6,278.0,-6.4,0.3,,,,
69.129,1,Atta_1,455.7,438.4,38.0,-4.6,0.0,,,,
69.205,2,Atta_2,71.1,965.8,270.5,7.7,0.3,,,,
69.205,4,Atta_4,139.3,423.9,278.0,18.6,0.0,,,,
69.282,1,Atta_1,451.0,436.7,38.1,-5.0,0.1,,,,
69.356,4,Atta_4,144.2,426.9,277.9,-5.7,-0.1,,,,
69.43,2,Atta_2,76.2,965.4,270.5,5.1,0.0,,,,
69.506,1,Atta_1,455.6,437.7,37.9,4.7,-0.2,,,,
69.506,2,Atta_2,80.3,965.4,270.4,4.1,-0.1,,,,
69.585,2,Atta_2,76.2,965.4,270.3,-4.1,-0.1,,,,
69.665,1,Atta_1,447.4,435.5,38.3,-8.5,0.4,,,,
69.665,2,Atta_2,68.6,964.8,269.4,7.6,-0.9,76.2,965.4,270.3,34
69.665,3,Atta_3,1520.7,52.0,149.0,5.4,0.2,1525.2,54.3,149.0,105
69.665,4,Atta_4,140.7,423.7,278.1,4.7,0.2,,,,
69.766,4,Atta_4,149.8,424.5,277.7,9.1,-0.4,,,,
69.856,1,Atta_1,454.1,441.6,38.4,9.1,0.1,,,,
69.856,4,Atta_4,138.0,422.7,277.7,11.9,0.0,149.8,424.5,277.7,32
69.945,1,Atta_1,456.3,446.7,38.4,5.6,0.0,,,,
69.945,2,Atta_2,76.2,964.3,270.3,7.6,0.9,76.2,965.4,270.3,304
69.945,3,Atta_3,1522.2,53.3,140.8,-2.0,-8.2,1525.2,54.3,149.0,374
69.945,4,Atta_4,142.5,424.3,277.7,-4.8,0.0,149.8,424.5,277.7,115
70.028,2,Atta_2,66.9,965.9,276.7,-9.4,6.4,76.2,965.4,270.3,387
70.028,3,Atta_3,1521.1,56.6,127.8,3.5,-13.0,1525.2,54.3,149.0,457
70.113,1,Atta_1,472.6,458.8,39.1,20.3,0.7,,,,
70.113,2,Atta_2,46.7,965.4,289.7,-20.2,13.0,76.2,965.4,270.3,468
70.113,3,Atta_3,1518.9,56.6,119.3,2.2,-8.5,1525.2,54.3,100.5,28
70.187,1,Atta_1,491.7,471.9,38.7,23.2,-0.4,,,,
70.187,2,Atta_2,47.7,969.0,303.0,-3.7,13.3,76.2,965.4,318.4,41
70.187,3,Atta_3,1523.9,59.7,104.9,5.9,-14.4,1525.2,54.3,100.5,102
70.187,4,Atta_4,147.3,427.7,290.5,-5.9,12.8,149.8,424.5,277.7,352
70.257,1,Atta_1,503.8,480.0,39.1,14.6,0.4,,,,
70.257,2,Atta_2,24.5,971.2,310.3,-23.3,7.3,76.2,965.4,318.4,116
70.257,3,Atta_3,1522.7,69.8,92.2,10.2,-12.7,1525.2,54.3,100.5,176
70.335,1,Atta_1,504.6,486.4,39.0,6.4,-0.1,,,,
70.335,2,Atta_2,1.0,971.2,322.0,-23.5,11.7,76.2,965.4,318.4,191
70.335,3,Atta_3,1521.8,69.8,84.6,0.9,-7.6,1525.2,54.3,100.5,251
70.335,4,Atta_4,125.5,420.1,298.0,-23.1,7.5,149.8,424.5,326.7,2
70.407,1,Atta_1,513.4,485.6,39.1,8.8,0.1,,,,
70.407,2,Atta_2,-18.1,966.4,330.5,-19.7,8.5,76.2,965.4,318.4,263
70.407,3,Atta_3,1510.2,40.0,74.7,-32.0,-9.9,1525.2,54.3,100.5,323
70.407,4,Atta_4,105.9,411.2,314.6,-21.5,16.6,149.8,424.5,326.7,74
70.482,1,Atta_1,516.0,494.3,39.3,9.1,0.2,,,,
70.482,2,Atta_2,-18.1,964.5,344.6,1.9,14.1,76.2,965.4,318.4,339
70.482,3,Atta_3,1507.4,40.0,60.1,-2.8,-14.6,1525.2,54.3,100.5,399
70.482,4,Atta_4,95.5,409.2,329.3,-10.6,14.7,149.8,424.5,326.7,150
70.56,1,Atta_1,527.4,499.9,39.4,12.7,0.1,,,,
70.56,2,Atta_2,-9.0,958.7,351.5,10.8,6.9,76.2,965.4,318.4,416
70.56,3,Atta_3,1506.2,44.5,52.1,4.7,-8.0,1525.2,54.3,100.5,476
70.56,4,Atta_4,95.3,406.3,336.3,2.9,7.0,149.8,424.5,326.7,227
70.636,1,Atta_1,527.7,508.7,39.5,8.8,0.1,,,,
70.636,2,Atta_2,-9.0,958.2,357.3,0.5,5.8,76.2,965.4,318.4,492
70.636,3,Atta_3,1505.2,50.5,43.1,6.1,-9.0,1525.2,54.3,32.8,55
70.636,4,Atta_4,89.4,402.8,345.6,-6.9,9.3,149.8,424.5,326.7,303
70.709,1,Atta_1,546.4,510.1,39.6,18.8,0.1,,,,
70.709,2,Atta_2,0.7,957.4,1.6,9.7,4.3,76.2,965.4,358.5,52
70.709,3,Atta_3,1504.0,55.1,31.7,4.8,-11.4,1525.2,54.3,32.8,129
70.709,4,Atta_4,89.4,402.4,359.7,0.4,14.1,149.8,424.5,326.7,377
70.783,1,Atta_1,551.4,521.0,39.9,12.0,0.3,,,,
70.783,2,Atta_2,3.3,960.5,1.6,4.0,0.0,76.2,965.4,358.5,124
70.783,3,Atta_3,1506.4,59.2,27.9,4.8,-3.8,1525.2,54.3,32.8,201
70.854,1,Atta_1,551.4,526.6,40.3,5.6,0.4,,,,
70.854,4,Atta_4,92.9,403.5,6.1,3.7,6.4,149.8,424.5,3.6,17
70.925,1,Atta_1,557.5,525.5,40.3,6.2,0.0,,,,
70.925,2,Atta_2,7.5,959.8,1.5,4.3,-0.1,76.2,965.4,358.5,270
70.925,4,Atta_4,83.2,397.4,6.1,-11.5,0.0,149.8,424.5,3.6,92
71.0,1,Atta_1,586.3,543.0,40.3,33.7,0.0,,,,
71.0,2,Atta_2,0.0,959.8,1.5,-7.5,0.0,76.2,965.4,358.5,342
71.075,1,Atta_1,585.7,550.3,40.8,7.3,0.5,,,,
71.075,2,Atta_2,-5.6,958.3,1.4,-5.8,-0.1,76.2,965.4,358.5,417
71.075,3,Atta_3,1499.9,52.6,25.8,-9.3,-2.1,1525.2,54.3,28.0,2
71.219,3,Atta_3,1502.6,57.0,25.8,5.2,0.0,1525.2,54.3,28.0,149
71.219,4,Atta_4,77.9,396.3,5.4,-5.4,-0.7,149.8,424.5,3.6,387
71.297,1,Atta_1,590.8,558.9,41.0,10.0,0.2,,,,
71.297,2,Atta_2,-12.4,958.6,1.8,-6.8,0.4,76.2,965.4,359.1,155
71.368,1,Atta_1,616.9,571.8,41.0,29.1,0.0,,,,
71.368,4,Atta_4,93.4,401.2,5.8,16.3,0.4,149.8,424.5,3.4,38
71.443,1,Atta_1,617.2,577.3,40.8,5.5,-0.2,,,,
71.443,2,Atta_2,4.2,957.2,1.4,16.7,-0.4,76.2,965.4,359.1,300
71.517,1,Atta_1,622.2,579.2,40.8,5.3,0.0,,,,
71.591,1,Atta_1,619.8,585.7,41.4,6.9,0.6,,,,
71.591,3,Atta_3,1499.2,52.3,25.8,-5.8,0.0,1525.2,54.3,28.3,17
71.591,4,Atta_4,115.4,407.8,5.9,23.0,0.1,149.8,424.5,3.4,256
71.73,1,Atta_1,622.0,594.4,41.6,9.0,0.2,,,,
71.73,2,Atta_2,8.4,956.1,3.2,4.3,1.8,90.2,965.2,359.3,86
71.73,4,Atta_4,134.6,413.0,6.5,19.9,0.6,149.8,424.5,3.4,396
71.806,1,Atta_1,654.7,606.1,41.2,34.7,-0.4,,,,
71.806,2,Atta_2,28.8,956.1,2.6,20.4,-0.6,90.2,965.2,359.3,162
71.806,4,Atta_4,101.1,403.2,6.5,-34.9,0.0,149.8,424.5,3.4,472
71.881,2,Atta_2,49.6,958.1,1.2,20.9,-1.4,90.2,965.2,359.3,236
71.881,3,Atta_3,1506.5,121.2,31.1,69.3,5.3,1525.2,54.3,28.3,307
71.956,1,Atta_1,639.9,605.4,41.8,-14.8,0.6,,,,
71.956,3,Atta_3,1509.4,124.6,31.2,4.5,0.1,1525.2,54.3,28.3,385
71.956,4,Atta_4,104.8,405.4,6.9,4.3,0.4,149.8,424.5,4.2,121
72.034,4,Atta_4,97.5,402.6,7.4,-7.8,0.5,149.8,424.5,4.2,195
72.106,2,Atta_2,70.3,959.8,1.2,20.8,0.0,90.2,965.2,359.3,460
72.106,3,Atta_3,1503.2,60.4,25.6,-64.5,-5.6,1525.2,54.3,26.7,32
72.177,1,Atta_1,634.4,604.2,41.4,-5.6,-0.4,,,,
72.177,2,Atta_2,85.8,960.4,1.2,15.5,0.0,146.8,964.1,358.7,32
72.248,2,Atta_2,100.2,960.4,1.4,14.4,0.2,146.8,964.1,358.7,106
72.326,2,Atta_2,116.8,960.1,1.0,16.6,-0.4,146.8,964.1,358.7,181
72.393,1,Atta_1,656.8,609.7,41.3,23.1,-0.1,,,,
72.393,2,Atta_2,122.6,959.0,1.1,5.9,0.1,146.8,964.1,358.7,251
72.393,4,Atta_4,94.1,400.1,9.1,-4.2,1.7,149.8,424.5,6.6,54
72.47,2,Atta_2,143.8,960.6,0.8,21.3,-0.3,146.8,964.1,358.7,329
72.547,1,Atta_1,637.4,605.3,41.2,-19.9,-0.1,,,,
72.694,1,Atta_1,655.3,610.1,41.4,18.5,0.2,,,,
72.694,2,Atta_2,168.6,963.5,1.5,25.0,0.7,204.4,963.0,358.9,49
72.772,2,Atta_2,184.0,961.4,1.3,15.5,-0.2,204.4,963.0,358.9,126
72.849,2,Atta_2,193.5,962.4,0.9,9.6,-0.4,204.4,963.0,358.9,201
72.924,1,Atta_1,661.0,611.2,41.8,5.8,0.4,,,,
72.924,2,Atta_2,222.6,960.1,0.4,29.2,-0.5,204.4,963.0,358.9,274
72.993,2,Atta_2,248.1,961.5,0.3,25.5,-0.1,204.4,963.0,358.9,333
73.049,1,Atta_1,654.3,609.4,41.4,-6.9,-0.4,,,,
73.049,2,Atta_2,261.3,959.5,0.4,13.4,0.1,204.4,963.0,358.9,391
73.108,2,Atta_2,285.8,961.7,0.0,24.6,-0.4,204.4,963.0,358.9,448
73.108,3,Atta_3,1511.7,63.7,21.7,9.1,-3.9,1534.7,58.8,24.8,24
73.165,1,Atta_1,649.5,609.4,41.2,-4.8,-0.2,,,,
73.165,2,Atta_2,282.4,959.5,0.0,-4.0,0.0,266.3,961.6,358.2,11
73.222,1,Atta_1,644.8,610.3,41.2,-4.8,0.0,,,,
73.222,3,Atta_3,1513.3,67.8,21.3,4.4,-0.4,1534.7,58.8,24.8,140
73.282,2,Atta_2,288.9,961.3,359.5,6.7,-0.5,266.3,961.6,358.2,127
73.282,3,Atta_3,1519.6,67.2,21.3,6.3,0.0,1534.7,58.8,24.8,198
73.35,1,Atta_1,655.9,620.3,41.4,14.9,0.2,,,,
73.35,3,Atta_3,1528.2,75.5,21.2,12.0,-0.1,1534.7,58.8,24.8,267
73.416,1,Atta_1,660.6,625.4,41.4,6.9,0.0,,,,
73.416,3,Atta_3,1536.8,78.7,21.2,9.2,0.0,1534.7,58.8,24.8,331
73.479,1,Atta_1,686.9,636.2,41.7,28.4,0.3,,,,
73.479,2,Atta_2,298.6,962.5,359.5,9.8,0.0,266.3,961.6,358.2,320
73.479,3,Atta_3,1545.4,80.1,20.9,8.7,-0.3,1534.7,58.8,24.8,392
73.529,2,Atta_2,310.6,962.9,359.5,12.0,0.0,266.3,961.6,358.2,372
73.529,3,Atta_3,1552.9,82.0,20.9,7.7,0.0,1534.7,58.8,24.8,443
73.584,1,Atta_1,687.9,641.0,41.8,4.9,0.1,,,,
73.584,2,Atta_2,323.3,962.5,359.6,12.7,0.1,266.3,961.6,358.2,429
73.584,3,Atta_3,1557.5,82.7,20.9,4.7,0.0,1534.7,58.8,24.8,500
73.584,4,Atta_4,119.0,404.5,10.6,25.3,1.5,179.7,427.9,6.6,238
73.649,1,Atta_1,687.9,645.0,41.5,4.0,-0.3,,,,
73.649,2,Atta_2,358.3,962.0,359.6,35.0,0.0,266.3,961.6,358.2,491
73.649,3,Atta_3,1565.1,83.1,20.8,7.6,-0.1,1587.2,82.9,25.0,29
73.649,4,Atta_4,402.2,486.5,9.9,294.8,-0.7,179.7,427.9,6.6,300
73.701,3,Atta_3,1570.5,88.3,20.7,7.5,-0.1,1587.2,82.9,25.0,82
73.757,1,Atta_1,703.4,655.0,41.6,18.4,0.1,,,,
73.757,3,Atta_3,1574.5,89.1,20.8,4.1,0.1,1587.2,82.9,25.0,138
73.813,1,Atta_1,707.8,660.5,41.7,7.0,0.1,,,,
73.813,2,Atta_2,362.1,960.9,0.4,4.0,0.8,320.5,959.7,358.1,155
73.813,3,Atta_3,1584.1,93.0,20.8,10.4,0.0,1587.2,82.9,25.0,241
73.919,1,Atta_1,717.8,670.2,41.7,13.9,0.0,,,,
73.919,2,Atta_2,357.6,965.4,0.3,-6.4,-0.1,320.5,959.7,358.1,268
73.919,3,Atta_3,1596.7,98.7,21.0,13.8,0.2,1587.2,82.9,25.0,309
73.988,2,Atta_2,368.5,963.4,0.9,11.1,0.6,320.5,959.7,358.1,343
73.988,3,Atta_3,1600.7,103.1,21.2,5.9,0.2,1587.2,82.9,25.0,384
74.063,1,Atta_1,737.5,685.0,41.8,24.6,0.1,,,,
74.063,3,Atta_3,1615.0,106.7,21.2,14.7,0.0,1587.2,82.9,25.0,443
74.063,4,Atta_4,408.4,487.1,10.4,6.2,0.5,238.6,434.7,6.3,202
74.143,1,Atta_1,741.4,688.6,43.0,5.3,1.2,,,,
74.143,3,Atta_3,1619.3,105.7,20.6,4.4,-0.6,1641.9,108.9,26.2,57
74.196,1,Atta_1,744.8,696.0,42.6,8.1,-0.4,,,,
74.196,3,Atta_3,1630.3,107.9,20.6,11.2,0.0,1641.9,108.9,26.2,109
74.196,4,Atta_4,404.9,483.0,11.5,-5.4,1.1,238.6,434.7,6.3,336
74.249,2,Atta_2,458.1,949.7,1.2,90.6,0.3,325.8,959.5,358.3,91
74.312,1,Atta_1,755.3,703.2,42.6,12.7,0.0,,,,
74.312,3,Atta_3,1641.4,109.5,20.7,11.2,0.1,1641.9,108.9,26.2,225
74.376,1,Atta_1,756.5,709.0,42.7,5.9,0.1,,,,
74.376,3,Atta_3,1650.9,112.0,20.8,9.8,0.1,1641.9,108.9,26.2,292
74.376,4,Atta_4,483.6,505.3,11.1,81.8,-0.4,297.7,441.1,6.0,31
74.431,1,Atta_1,764.7,713.5,42.8,9.4,0.1,,,,
74.431,3,Atta_3,1662.0,120.3,20.8,13.9,0.0,1641.9,108.9,26.2,350
74.431,4,Atta_4,509.2,512.9,11.1,26.7,0.0,297.7,441.1,6.0,89
74.495,1,Atta_1,772.5,721.2,42.8,11.0,0.0,,,,
74.495,3,Atta_3,1668.0,123.1,21.1,6.6,0.3,1641.9,108.9,26.2,415
74.558,1,Atta_1,773.6,726.6,42.8,5.5,0.0,,,,
74.558,2,Atta_2,469.8,953.0,1.1,12.2,-0.1,325.8,959.5,358.3,399
74.558,3,Atta_3,1676.4,127.5,20.8,9.5,-0.3,1641.9,108.9,26.2,470
74.558,4,Atta_4,519.9,516.0,11.2,11.1,0.1,297.7,441.1,6.0,209
74.613,1,Atta_1,778.7,731.2,43.1,6.9,0.3,,,,
74.613,3,Atta_3,1683.2,133.3,20.4,8.9,-0.4,1696.4,136.4,26.8,28
74.613,4,Atta_4,533.5,516.3,11.2,13.6,0.0,297.7,441.1,6.0,270
74.677,1,Atta_1,800.3,742.0,43.4,24.1,0.3,,,,
74.677,3,Atta_3,1699.0,137.0,20.0,16.2,-0.4,1696.4,136.4,26.8,88
74.677,4,Atta_4,541.8,521.2,11.2,9.6,0.0,297.7,441.1,6.0,330
74.733,1,Atta_1,792.8,743.6,43.7,-7.7,0.3,,,,
74.733,4,Atta_4,538.7,515.4,10.4,-6.6,-0.8,297.7,441.1,6.0,386
74.783,3,Atta_3,1703.9,137.3,20.5,4.9,0.5,1696.4,136.4,26.8,195
74.842,1,Atta_1,805.3,752.4,44.0,15.3,0.3,,,,
74.842,3,Atta_3,1711.5,137.3,20.5,7.6,0.0,1696.4,136.4,26.8,253
74.896,1,Atta_1,813.2,760.3,44.0,11.2,0.0,,,,
74.896,3,Atta_3,1723.7,144.0,20.1,13.9,-0.4,1696.4,136.4,26.8,309
74.896,4,Atta_4,543.7,517.7,11.4,5.5,1.0,357.6,447.7,6.3,41
74.951,1,Atta_1,821.1,765.0,44.5,9.2,0.5,,,,
74.951,2,Atta_2,473.7,955.5,1.5,4.6,0.4,398.0,959.7,359.5,295
74.951,3,Atta_3,1730.7,146.2,19.7,7.3,-0.4,1696.4,136.4,26.8,362
74.951,4,Atta_4,504.6,502.6,12.1,-41.9,0.7,357.6,447.7,6.3,94
75.008,1,Atta_1,828.0,770.3,44.5,8.7,0.0,,,,
75.008,3,Atta_3,1731.7,163.2,18.9,17.0,-0.8,1696.4,136.4,26.8,419
75.06,1,Atta_1,831.8,775.5,44.2,6.4,-0.3,,,,
75.06,3,Atta_3,1743.8,163.1,18.9,12.1,0.0,1696.4,136.4,26.8,471
75.11,1,Atta_1,836.4,778.9,44.2,5.7,0.0,,,,
75.11,4,Atta_4,541.3,512.2,9.5,37.9,-2.6,357.6,447.7,6.3,253
75.166,1,Atta_1,833.3,782.8,44.5,5.0,0.3,,,,
75.166,2,Atta_2,463.1,953.7,1.5,-10.8,0.0,441.0,959.1,359.1,9
75.166,3,Atta_3,1744.3,170.6,20.3,7.5,1.4,1746.9,163.0,29.7,78
75.166,4,Atta_4,530.1,507.7,9.5,-12.1,0.0,357.6,447.7,6.3,308
75.24,1,Atta_1,839.7,785.2,44.5,6.8,0.0,,,,
75.24,4,Atta_4,536.6,509.7,11.1,6.8,1.6,357.6,447.7,6.3,379
75.291,1,Atta_1,856.3,795.7,44.3,19.6,-0.2,,,,
75.291,3,Atta_3,1757.1,177.3,20.2,14.4,-0.1,1746.9,163.0,29.7,204
75.343,4,Atta_4,542.5,512.8,11.1,6.7,0.0,357.6,447.7,6.3,486
75.393,1,Atta_1,850.0,793.2,44.3,-6.8,0.0,,,,
75.393,3,Atta_3,1754.0,166.9,20.2,-10.9,0.0,1746.9,163.0,29.7,310
75.393,4,Atta_4,457.7,481.3,10.7,-90.5,-0.4,398.0,452.0,6.0,39
75.509,2,Atta_2,438.3,965.0,358.4,-27.3,-3.1,441.0,959.1,359.1,353
75.509,4,Atta_4,433.9,474.7,8.7,-24.7,-2.0,398.0,452.0,6.0,150
75.563,3,Atta_3,1760.4,157.9,21.1,11.0,0.9,1746.9,163.0,29.7,474
75.617,4,Atta_4,528.8,507.1,10.2,100.3,1.5,398.0,452.0,6.0,256
75.676,3,Atta_3,1753.9,175.7,20.5,18.9,-0.6,1749.3,164.3,30.8,107
75.761,4,Atta_4,442.3,478.6,9.0,-91.1,-1.2,398.0,452.0,6.0,420
75.846,4,Atta_4,437.3,476.3,8.4,-5.5,-0.6,398.0,452.0,5.6,17
75.931,4,Atta_4,442.7,478.6,8.2,5.9,-0.2,398.0,452.0,5.6,96
76.007,3,Atta_3,1763.7,153.2,21.5,24.5,1.0,1749.3,164.3,30.8,434
76.087,4,Atta_4,456.4,481.5,9.5,14.0,1.3,398.0,452.0,5.6,259
76.162,1,Atta_1,852.7,796.2,44.2,4.0,-0.1,,,,
76.162,3,Atta_3,1764.2,162.5,19.3,9.3,-2.2,1760.6,161.8,25.4,88
76.162,4,Atta_4,537.1,511.0,10.7,85.9,1.2,398.0,452.0,5.6,327
76.239,1,Atta_1,847.7,793.0,44.1,-5.9,-0.1,,,,
76.239,2,Atta_2,520.0,968.1,357.8,81.8,-0.6,560.4,955.3,357.6,96
76.239,3,Atta_3,1759.6,167.8,19.3,-7.0,0.0,1760.6,161.8,25.4,167
76.239,4,Atta_4,532.5,507.9,10.7,-5.5,0.0,398.0,452.0,5.6,406
76.314,1,Atta_1,852.7,796.0,44.0,5.8,-0.1,,,,
76.314,2,Atta_2,520.0,972.3,358.5,-4.2,0.7,560.4,955.3,357.6,172
76.314,3,Atta_3,1765.1,170.8,20.3,6.3,1.0,1760.6,161.8,25.4,243
76.389,1,Atta_1,847.7,793.6,42.4,-5.5,-1.6,,,,
76.389,3,Atta_3,1777.0,153.9,21.3,20.7,1.0,1760.6,161.8,25.4,316
76.389,4,Atta_4,524.6,503.4,10.6,-9.1,-0.1,434.6,470.3,7.0,52
76.463,1,Atta_1,854.3,797.8,39.3,7.8,-3.1,,,,
76.463,3,Atta_3,1797.8,156.9,21.4,21.0,0.1,1760.6,161.8,25.4,392
76.463,4,Atta_4,534.0,506.4,10.4,9.9,-0.2,434.6,470.3,7.0,128
76.539,1,Atta_1,849.8,795.0,37.4,-5.3,-1.9,,,,
76.616,3,Atta_3,1808.0,162.3,21.6,11.5,0.2,1808.5,185.3,26.7,40
76.616,4,Atta_4,549.6,509.2,10.4,15.8,0.0,434.6,470.3,7.0,277
76.68,1,Atta_1,837.7,794.7,32.7,-12.1,-4.7,,,,
76.68,3,Atta_3,1815.4,161.3,21.2,7.5,-0.4,1808.5,185.3,26.7,109
76.752,3,Atta_3,1829.0,167.6,17.8,15.0,-3.4,1808.5,185.3,26.7,180
76.752,4,Atta_4,568.2,513.2,11.5,19.0,1.1,434.6,470.3,7.0,417
76.83,1,Atta_1,855.1,796.8,32.3,17.5,-0.4,,,,
76.83,3,Atta_3,1831.1,173.4,17.8,6.2,0.0,1808.5,185.3,26.7,259
76.83,4,Atta_4,577.2,515.3,11.6,9.2,0.1,434.6,470.3,7.0,495
76.902,3,Atta_3,1841.3,177.9,21.6,11.1,3.8,1808.5,185.3,26.7,330
76.902,4,Atta_4,581.8,516.6,11.8,4.8,0.2,490.6,477.2,7.0,48
76.98,3,Atta_3,1852.0,177.4,21.7,10.7,0.1,1808.5,185.3,26.7,409
77.052,3,Atta_3,1860.7,181.5,21.8,9.6,0.1,1808.5,185.3,26.7,475
77.052,4,Atta_4,527.0,492.1,8.9,-60.0,-2.9,490.6,477.2,7.0,193
77.118,3,Atta_3,1874.5,183.9,22.4,14.0,0.6,1863.4,213.7,28.6,42
77.196,1,Atta_1,851.0,798.6,30.0,-4.5,-2.3,,,,
77.196,3,Atta_3,1879.1,184.7,22.5,4.7,0.1,1863.4,213.7,28.6,122
77.196,4,Atta_4,597.4,517.3,9.1,74.8,0.2,490.6,477.2,7.0,344
77.277,3,Atta_3,1890.5,192.3,22.6,13.7,0.1,1863.4,213.7,28.6,200
77.277,4,Atta_4,618.1,521.0,11.0,21.0,1.9,490.6,477.2,7.0,423
77.355,3,Atta_3,1901.8,194.9,22.6,11.6,0.0,1863.4,213.7,28.6,281
77.355,4,Atta_4,623.5,521.8,11.4,5.5,0.4,551.4,484.4,6.5,23
77.436,1,Atta_1,855.7,799.7,28.7,4.8,-1.3,,,,
77.436,3,Atta_3,1914.8,198.2,22.5,13.4,-0.1,1863.4,213.7,28.6,367
77.523,1,Atta_1,863.8,804.9,28.0,9.6,-0.7,,,,
77.523,3,Atta_3,1930.3,206.9,22.3,17.8,-0.2,1863.4,213.7,28.6,449
77.523,4,Atta_4,649.7,529.8,11.3,27.4,-0.1,551.4,484.4,6.5,192
77.605,3,Atta_3,1943.1,210.4,22.2,13.3,-0.1,1915.6,243.5,30.5,31
77.676,1,Atta_1,857.0,800.8,28.0,-7.9,0.0,,,,
77.676,3,Atta_3,1946.8,207.1,22.1,5.0,-0.1,1915.6,243.5,30.5,103
77.676,4,Atta_4,643.2,526.0,10.0,-7.5,-1.3,551.4,484.4,6.5,340
77.749,3,Atta_3,1952.8,212.2,22.1,7.9,0.0,1915.6,243.5,30.5,172
77.749,4,Atta_4,668.8,528.8,10.0,25.8,0.0,551.4,484.4,6.5,409
77.811,1,Atta_1,848.5,799.0,27.0,-8.7,-1.0,,,,
77.811,3,Atta_3,1966.2,217.0,22.1,14.2,0.0,1915.6,243.5,30.5,227
77.811,4,Atta_4,679.0,533.3,12.0,11.1,2.0,551.4,484.4,6.5,464
77.865,1,Atta_1,852.3,797.9,27.0,4.0,0.0,,,,
77.918,3,Atta_3,1972.2,221.8,21.9,7.7,-0.2,1915.6,243.5,30.5,333
77.968,3,Atta_3,1980.4,221.6,21.9,8.2,0.0,1915.6,243.5,30.5,388
77.968,4,Atta_4,636.9,510.9,8.6,-47.7,-3.4,610.1,491.1,6.7,124
78.028,1,Atta_1,843.4,796.4,26.9,-9.0,-0.1,,,,
78.028,3,Atta_3,1989.0,224.0,21.6,8.9,-0.3,1915.6,243.5,30.5,448
78.087,4,Atta_4,685.8,528.3,10.2,51.9,1.6,610.1,491.1,6.7,242
78.141,2,Atta_2,671.6,964.7,1.0,151.8,2.5,647.9,951.7,357.2,491
78.141,3,Atta_3,1993.6,243.5,20.3,20.0,-1.3,1966.6,274.1,31.3,62
78.202,1,Atta_1,855.4,799.8,28.0,12.5,1.1,,,,
78.202,4,Atta_4,671.0,518.4,8.2,-17.8,-2.0,610.1,491.1,6.7,358
78.258,1,Atta_1,859.2,801.6,28.0,4.2,0.0,,,,
78.258,3,Atta_3,2020.2,235.1,21.8,27.9,1.5,1966.6,274.1,31.3,177
78.316,1,Atta_1,855.4,799.8,27.3,-4.2,-0.7,,,,
78.316,4,Atta_4,686.0,520.2,7.6,15.1,-0.6,610.1,491.1,6.7,468
78.373,1,Atta_1,840.5,797.1,24.9,-15.1,-2.4,,,,
78.373,3,Atta_3,2002.2,260.7,20.6,-31.3,-1.2,1966.6,274.1,31.3,290
78.492,3,Atta_3,2022.6,232.0,21.5,35.2,0.9,1966.6,274.1,31.3,407
78.542,4,Atta_4,721.8,533.9,11.5,38.3,3.9,665.8,497.7,6.6,194
78.633,1,Atta_1,846.8,799.8,24.7,6.9,-0.2,,,,
78.633,3,Atta_3,2027.1,235.8,21.7,5.9,0.2,1974.6,279.0,32.5,53
78.633,4,Atta_4,730.2,537.8,11.5,9.3,0.0,665.8,497.7,6.6,292
78.696,3,Atta_3,2008.4,262.6,21.7,-32.7,0.0,1974.6,279.0,32.5,118
78.762,3,Atta_3,1998.4,274.6,19.9,-15.6,-1.8,1974.6,279.0,32.5,179
78.824,3,Atta_3,2008.8,262.7,18.9,15.8,-1.0,1974.6,279.0,32.5,237
78.824,4,Atta_4,692.0,521.6,8.3,-41.5,-3.2,665.8,497.7,6.6,476
78.929,2,Atta_2,720.5,966.6,0.1,48.9,-0.9,690.8,961.0,357.8,279
78.929,3,Atta_3,2003.3,259.5,19.9,-6.4,1.0,1974.6,279.0,32.5,350
78.929,4,Atta_4,724.1,535.7,11.0,35.1,2.7,666.8,497.8,6.4,68
79.054,1,Atta_1,854.5,800.7,22.3,7.8,-2.4,,,,
79.054,2,Atta_2,703.4,971.0,359.2,-17.7,-0.9,690.8,961.0,357.8,401
79.108,2,Atta_2,719.4,969.5,359.9,16.1,0.7,690.8,961.0,357.8,455
79.163,4,Atta_4,730.3,536.8,10.9,6.3,-0.1,666.8,497.8,6.4,300
79.223,1,Atta_1,846.2,798.2,20.9,-8.7,-1.4,,,,
79.278,1,Atta_1,859.5,802.8,22.2,14.1,1.3,,,,
79.278,2,Atta_2,737.8,971.8,359.9,18.5,0.0,750.4,958.5,357.3,125
79.278,3,Atta_3,2004.4,263.9,26.8,4.5,6.9,1993.3,255.3,29.2,196
79.335,1,Atta_1,846.2,798.4,20.9,-14.0,-1.3,,,,
79.335,3,Atta_3,2011.0,252.6,36.2,13.1,9.4,1993.3,255.3,29.2,253
79.396,1,Atta_1,856.2,800.5,21.3,10.2,0.4,,,,
79.396,2,Atta_2,742.5,969.9,358.7,5.1,-1.2,750.4,958.5,357.3,244
79.396,3,Atta_3,2027.4,230.8,36.6,27.3,0.4,1993.3,255.3,29.2,315
79.396,4,Atta_4,736.7,537.8,10.2,6.5,-0.7,697.9,519.7,8.0,45
79.455,1,Atta_1,847.0,798.4,21.1,-9.4,-0.2,,,,
79.455,2,Atta_2,760.4,969.5,359.3,17.9,0.6,750.4,958.5,357.3,302
79.455,3,Atta_3,2027.9,226.3,43.8,-4.5,7.2,1993.3,255.3,29.2,372
79.455,4,Atta_4,752.9,542.0,10.7,16.7,0.5,697.9,519.7,8.0,103
79.567,3,Atta_3,2025.0,233.6,44.9,7.9,1.1,1993.3,255.3,29.2,485
79.567,4,Atta_4,758.6,543.5,10.7,5.9,0.0,697.9,519.7,8.0,216
79.621,1,Atta_1,859.6,801.9,21.6,13.1,0.5,,,,
79.621,2,Atta_2,772.4,973.8,358.5,12.7,-0.8,750.4,958.5,357.3,470
79.621,4,Atta_4,737.7,530.8,7.7,-24.5,-3.0,697.9,519.7,8.0,271
79.681,2,Atta_2,799.5,971.2,358.5,27.2,0.0,810.7,955.1,356.5,26
79.681,4,Atta_4,766.7,545.1,10.6,32.3,2.9,697.9,519.7,8.0,328
79.737,1,Atta_1,842.6,796.3,21.1,-17.9,-0.5,,,,
79.737,2,Atta_2,791.0,966.9,358.5,-9.5,0.0,810.7,955.1,356.5,81
79.737,3,Atta_3,2018.2,231.5,45.4,-7.1,0.5,1993.3,255.3,54.2,150
79.737,4,Atta_4,743.5,529.0,7.8,-28.2,-2.8,697.9,519.7,8.0,383
79.902,1,Atta_1,856.8,801.2,21.8,15.0,0.7,,,,
79.902,2,Atta_2,797.9,969.4,357.6,7.3,-0.9,810.7,955.1,356.5,245
79.902,3,Atta_3,2022.6,230.1,45.9,4.6,0.5,1993.3,255.3,54.2,314
79.902,4,Atta_4,757.8,532.4,7.7,14.7,-0.1,752.5,527.3,8.1,55
79.954,1,Atta_1,865.1,805.5,21.8,9.3,0.0,,,,
79.954,2,Atta_2,807.7,971.0,358.1,9.9,0.5,810.7,955.1,356.5,300
79.954,4,Atta_4,762.7,534.0,7.5,5.2,-0.2,752.5,527.3,8.1,109
80.007,1,Atta_1,871.4,808.2,21.8,6.9,0.0,,,,
80.007,2,Atta_2,827.3,972.2,358.4,19.6,0.3,810.7,955.1,356.5,358
80.007,3,Atta_3,2028.9,234.5,46.7,7.7,0.8,1993.3,255.3,54.2,426
80.007,4,Atta_4,770.8,537.5,7.5,8.8,0.0,752.5,527.3,8.1,167
80.074,1,Atta_1,885.1,812.2,22.5,14.3,0.7,,,,
80.074,2,Atta_2,831.4,972.1,358.4,4.1,0.0,810.7,955.1,356.5,421
80.074,4,Atta_4,815.5,553.1,10.8,47.3,3.3,752.5,527.3,8.1,230
80.133,1,Atta_1,888.8,814.3,22.5,4.3,0.0,,,,
80.133,2,Atta_2,846.4,970.7,358.4,15.1,0.0,810.7,955.1,356.5,479
80.198,2,Atta_2,854.9,970.1,358.2,8.5,-0.2,872.3,951.4,356.5,49
80.266,2,Atta_2,873.1,969.6,358.2,18.2,0.0,872.3,951.4,356.5,112
80.266,4,Atta_4,815.3,542.6,8.6,-10.5,-2.2,752.5,527.3,8.1,422
80.33,1,Atta_1,898.5,819.5,21.3,11.0,-1.2,,,,
80.33,2,Atta_2,883.8,968.3,357.9,10.8,-0.3,872.3,951.4,356.5,175
80.33,3,Atta_3,2018.3,240.5,46.0,-12.2,-0.7,1993.3,255.3,57.1,238
80.33,4,Atta_4,825.6,545.6,8.6,10.7,0.0,752.5,527.3,8.1,484
80.399,1,Atta_1,904.6,822.9,21.4,7.0,0.1,,,,
80.399,3,Atta_3,2025.8,232.1,47.0,-11.3,1.0,1993.3,255.3,57.1,307
80.46,1,Atta_1,910.7,826.3,21.7,7.0,0.3,,,,
80.46,2,Atta_2,888.8,968.5,357.9,5.0,0.0,872.3,951.4,356.5,303
80.46,4,Atta_4,839.1,546.4,7.7,13.5,-0.9,813.4,536.0,7.8,112
80.51,1,Atta_1,926.0,829.9,22.0,15.7,0.3,,,,
80.51,2,Atta_2,896.8,967.9,358.1,8.0,0.2,872.3,951.4,356.5,356
80.51,4,Atta_4,844.4,548.1,7.6,5.6,-0.1,813.4,536.0,7.8,165
80.563,1,Atta_1,932.2,832.0,22.0,6.5,0.0,,,,
80.673,2,Atta_2,892.3,968.1,358.3,-4.5,0.2,905.6,949.3,356.5,19
80.673,3,Atta_3,2021.6,232.6,46.9,-4.2,-0.1,1993.3,255.3,57.7,90
80.673,4,Atta_4,853.3,547.1,7.4,9.0,-0.2,813.4,536.0,7.8,328
80.726,1,Atta_1,956.5,838.4,22.6,25.1,0.6,,,,
80.803,1,Atta_1,959.9,841.0,22.8,4.3,0.2,,,,
80.803,4,Atta_4,872.6,551.8,7.2,19.9,-0.2,813.4,536.0,7.8,470
80.881,3,Atta_3,2023.5,229.1,47.0,-4.0,0.1,1993.3,255.3,57.7,308
80.881,4,Atta_4,883.5,556.3,7.8,11.8,0.6,872.6,543.7,7.4,46
80.949,1,Atta_1,973.7,846.6,23.1,14.9,0.3,,,,
80.949,4,Atta_4,895.0,553.7,7.9,11.8,0.1,872.6,543.7,7.4,116
81.027,1,Atta_1,987.8,847.7,22.5,14.1,-0.6,,,,
81.027,3,Atta_3,2021.8,233.9,46.8,5.1,-0.2,1993.3,255.3,57.7,456
81.027,4,Atta_4,907.7,558.0,7.9,13.4,0.0,872.6,543.7,7.4,195
81.099,1,Atta_1,996.8,854.5,22.5,11.3,0.0,,,,
81.099,3,Atta_3,2021.8,238.0,46.8,4.1,0.0,2007.6,278.1,58.7,28
81.18,1,Atta_1,1000.6,860.1,22.5,6.8,0.0,,,,
81.18,2,Atta_2,899.7,968.1,358.5,7.4,0.2,905.6,949.3,356.2,38
81.18,4,Atta_4,919.0,561.0,7.9,11.7,0.0,872.6,543.7,7.4,347
81.261,1,Atta_1,1006.5,862.8,23.4,6.5,0.9,,,,
81.261,3,Atta_3,2040.7,246.2,48.1,20.6,1.3,2007.6,278.1,58.7,192
81.261,4,Atta_4,931.0,560.5,7.9,12.0,0.0,872.6,543.7,7.4,432
81.349,1,Atta_1,1019.2,868.5,23.4,13.9,0.0,,,,
81.349,3,Atta_3,2049.9,259.1,48.2,15.8,0.1,2007.6,278.1,58.7,270
81.413,1,Atta_1,1034.6,872.4,23.6,15.9,0.2,,,,
81.413,2,Atta_2,894.0,967.9,358.7,-5.7,0.2,905.6,949.3,356.2,267
81.413,3,Atta_3,2050.1,266.2,48.2,7.1,0.0,2007.6,278.1,58.7,336
81.413,4,Atta_4,936.8,559.6,7.9,5.9,0.0,930.2,551.2,7.5,76
81.481,1,Atta_1,1041.6,876.2,23.6,8.0,0.0,,,,
81.481,3,Atta_3,2058.7,275.7,48.8,12.8,0.6,2007.6,278.1,58.7,405
81.481,4,Atta_4,955.4,565.7,8.4,19.6,0.5,930.2,551.2,7.5,145
81.557,1,Atta_1,1055.6,878.8,23.6,14.2,0.0,,,,
81.557,2,Atta_2,904.3,969.5,358.2,10.4,-0.5,905.6,949.3,356.2,413
81.557,3,Atta_3,2077.7,283.2,48.8,20.4,0.0,2007.6,278.1,58.7,483
81.557,4,Atta_4,966.2,569.5,7.6,11.4,-0.8,930.2,551.2,7.5,223
81.631,1,Atta_1,1097.9,880.8,20.4,42.3,-3.2,,,,
81.631,2,Atta_2,914.1,968.8,358.2,9.8,0.0,905.6,949.3,356.2,485
81.703,1,Atta_1,1106.3,882.1,20.3,8.5,-0.1,,,,
81.703,2,Atta_2,921.4,969.2,358.2,7.3,0.0,934.7,956.8,356.5,51
81.703,3,Atta_3,2083.4,299.1,48.8,16.9,0.0,2037.5,328.9,59.9,123
81.774,2,Atta_2,926.2,969.0,358.2,4.8,0.0,934.7,956.8,356.5,122
81.774,3,Atta_3,2092.8,307.0,48.8,12.3,0.0,2037.5,328.9,59.9,194
81.774,4,Atta_4,976.9,577.7,7.6,13.5,0.0,930.2,551.2,7.5,438
81.846,1,Atta_1,1095.1,896.8,23.6,-18.5,3.3,,,,
81.846,2,Atta_2,941.8,968.9,356.7,15.6,-1.5,934.7,956.8,356.5,195
81.846,3,Atta_3,2101.2,307.0,48.8,8.4,0.0,2037.5,328.9,59.9,267
81.913,2,Atta_2,946.2,967.8,356.7,4.5,0.0,934.7,956.8,356.5,262
81.913,3,Atta_3,2112.5,308.5,49.2,11.4,0.4,2037.5,328.9,59.9,334
81.985,1,Atta_1,1099.5,898.5,23.5,4.7,-0.1,,,,
81.985,2,Atta_2,960.8,967.0,357.2,14.6,0.5,934.7,956.8,356.5,333
81.985,3,Atta_3,2115.0,316.3,48.9,8.2,-0.3,2037.5,328.9,59.9,405
81.985,4,Atta_4,966.3,569.5,7.8,-13.4,0.2,933.2,551.6,7.6,148
82.057,3,Atta_3,2120.1,321.3,48.9,7.1,0.0,2037.5,328.9,59.9,478
82.132,2,Atta_2,988.7,959.6,356.0,28.9,-1.2,934.7,956.8,356.5,484
82.132,3,Atta_3,2127.3,327.2,48.6,9.3,-0.3,2067.8,381.4,60.6,55
82.203,1,Atta_1,1103.6,904.2,24.3,7.0,0.8,,,,
82.203,2,Atta_2,1025.5,959.2,353.7,36.8,-2.3,989.7,953.2,353.8,46
82.203,3,Atta_3,2140.5,338.0,48.6,17.1,0.0,2067.8,381.4,60.6,124
82.279,1,Atta_1,1179.3,896.5,23.8,76.1,-0.5,,,,
82.279,2,Atta_2,1002.0,963.6,351.8,-23.9,-1.9,989.7,953.2,353.8,122
82.279,3,Atta_3,2148.4,346.3,49.4,11.5,0.8,2067.8,381.4,60.6,200
82.358,1,Atta_1,1174.0,894.2,23.8,-5.8,0.0,,,,
82.358,2,Atta_2,1020.2,956.9,350.6,19.4,-1.2,989.7,953.2,353.8,233
82.358,3,Atta_3,2143.1,351.6,49.4,7.5,0.0,2067.8,381.4,60.6,311
82.358,4,Atta_4,962.2,567.7,7.8,-4.5,0.0,953.6,558.0,7.6,53
82.486,1,Atta_1,1111.9,903.8,30.3,-62.8,6.5,,,,
82.486,2,Atta_2,1031.5,957.3,349.0,11.3,-1.6,989.7,953.2,353.8,326
82.486,4,Atta_4,971.6,568.4,8.3,9.4,0.5,953.6,558.0,7.6,145
82.544,3,Atta_3,2119.5,370.0,47.4,-29.9,-2.0,2067.8,381.4,60.6,463
82.544,4,Atta_4,1051.3,604.7,8.3,87.6,0.0,953.6,558.0,7.6,205
82.608,1,Atta_1,1115.5,907.5,38.4,5.2,8.1,,,,
82.608,2,Atta_2,1029.7,963.0,346.6,-6.0,-2.4,989.7,953.2,353.8,452
82.608,3,Atta_3,2146.4,354.2,50.0,31.2,2.6,2071.7,388.4,61.8,35
82.608,4,Atta_4,1002.9,576.0,8.3,-56.3,0.0,953.6,558.0,7.6,271
82.685,1,Atta_1,1108.2,910.2,39.7,-7.8,1.3,,,,
82.685,3,Atta_3,2129.3,369.2,47.4,22.7,-2.6,2071.7,388.4,61.8,110
82.685,4,Atta_4,1068.1,607.5,8.5,72.4,0.2,953.6,558.0,7.6,346
82.761,2,Atta_2,1039.7,961.0,344.8,10.2,-1.8,1003.2,951.1,346.2,116
82.761,3,Atta_3,2141.8,361.9,47.0,14.5,-0.4,2071.7,388.4,61.8,188
82.761,4,Atta_4,1016.6,578.2,8.5,-59.3,0.0,953.6,558.0,7.6,424
82.838,1,Atta_1,1114.3,905.4,38.3,7.8,-1.4,,,,
82.838,2,Atta_2,1034.2,957.4,344.8,-6.6,0.0,1003.2,951.1,346.2,194
82.838,3,Atta_3,2123.8,365.6,47.0,-18.4,0.0,2071.7,388.4,61.8,266
82.838,4,Atta_4,1021.6,576.2,8.0,5.4,-0.5,1008.1,565.3,7.9,3
82.916,2,Atta_2,1010.6,962.3,344.6,-24.1,-0.2,1003.2,951.1,346.2,274
82.916,3,Atta_3,2135.0,358.2,47.5,13.4,0.5,2071.7,388.4,61.8,345
83.001,3,Atta_3,2144.8,348.5,49.7,-13.8,2.2,2071.7,388.4,61.8,428
83.076,2,Atta_2,1052.1,954.6,346.8,42.2,2.2,1003.2,951.1,346.2,434
83.076,4,Atta_4,1113.4,612.6,8.0,98.8,0.0,1008.1,565.3,7.9,242
83.229,1,Atta_1,1130.9,921.6,39.6,23.2,1.3,,,,
83.229,2,Atta_2,982.9,968.8,344.5,-70.6,-2.3,1289.3,880.0,345.9,89
83.229,4,Atta_4,1118.9,613.4,7.5,5.6,-0.5,1008.1,565.3,7.9,396
83.311,1,Atta_1,1137.3,925.5,39.6,7.5,0.0,,,,
83.311,2,Atta_2,977.3,968.8,344.5,-5.6,0.0,1289.3,880.0,345.9,162
83.375,1,Atta_1,1138.2,929.8,39.6,4.4,0.0,,,,
83.375,2,Atta_2,971.2,968.8,344.4,-6.1,-0.1,1289.3,880.0,345.9,227
83.375,4,Atta_4,1093.7,590.3,7.5,-34.2,0.0,1067.4,573.9,8.7,36
83.44,4,Atta_4,1107.5,594.4,9.0,14.4,1.5,1067.4,573.9,8.7,102
83.504,1,Atta_1,1143.2,932.2,39.6,5.5,0.0,,,,
83.573,1,Atta_1,1170.0,926.2,36.1,27.5,-3.5,,,,
83.711,1,Atta_1,1148.7,934.8,39.6,-23.0,3.5,,,,
83.711,2,Atta_2,975.5,972.3,344.0,5.5,-0.4,1953.1,714.9,346.1,57
83.711,3,Atta_3,2148.9,351.5,49.7,5.1,0.0,2100.9,366.3,57.6,132
83.711,4,Atta_4,1138.2,604.0,9.0,32.2,0.0,1067.4,573.9,8.7,380
83.791,4,Atta_4,1160.6,612.7,9.0,24.0,0.0,1067.4,573.9,8.7,459
83.872,1,Atta_1,1173.3,926.9,35.9,25.8,-3.7,,,,
84.02,1,Atta_1,1146.1,933.0,37.8,-27.9,1.9,,,,
84.02,4,Atta_4,1174.9,616.4,6.9,14.8,-2.1,1089.2,577.3,9.1,161
84.1,2,Atta_2,970.9,974.6,345.5,-5.1,1.5,1953.1,714.9,346.1,447
84.181,1,Atta_1,1137.4,931.5,38.3,-8.8,0.5,,,,
84.263,1,Atta_1,1132.3,924.9,38.3,-8.3,0.0,,,,
84.263,4,Atta_4,1154.4,607.4,8.6,-22.4,1.7,1089.2,577.3,9.1,400
84.339,1,Atta_1,1128.7,921.4,38.3,-5.0,0.0,,,,
84.408,1,Atta_1,1120.8,914.9,38.3,-10.2,0.0,,,,
84.483,1,Atta_1,1110.9,908.2,38.3,-12.0,0.0,,,,
84.483,2,Atta_2,967.7,970.0,345.3,-5.6,-0.2,1991.8,705.3,346.1,340
84.483,3,Atta_3,2142.8,348.6,49.8,-6.8,0.1,2100.9,366.3,57.9,411
84.559,1,Atta_1,1106.2,903.6,38.3,-6.6,0.0,,,,
84.559,4,Atta_4,1149.6,605.4,8.8,-5.2,0.2,1089.2,577.3,9.7,225
84.637,1,Atta_1,1101.6,899.0,38.5,-6.5,0.2,,,,
84.637,2,Atta_2,973.5,970.0,346.3,5.8,1.0,1991.8,705.3,346.1,497
84.717,1,Atta_1,1101.6,890.6,38.5,-8.4,0.0,,,,
84.717,2,Atta_2,967.4,970.4,346.3,-6.1,0.0,1773.9,774.3,351.5,56
84.717,4,Atta_4,1154.0,606.3,8.4,4.5,-0.4,1089.2,577.3,9.7,383
84.794,1,Atta_1,1091.7,881.0,38.6,-13.8,0.1,,,,
84.794,2,Atta_2,965.9,971.9,351.8,-2.1,5.5,1773.9,774.3,351.5,134
84.873,1,Atta_1,1081.9,879.3,39.3,-9.9,0.7,,,,
84.873,2,Atta_2,963.5,971.9,356.1,-2.4,4.3,1773.9,774.3,351.5,207
84.873,4,Atta_4,1168.9,616.6,2.0,18.1,-6.4,1089.2,577.3,348.2,35
84.944,1,Atta_1,1088.9,883.1,39.3,8.0,0.0,,,,
84.944,2,Atta_2,969.7,976.1,357.8,7.5,1.7,1773.9,774.3,351.5,281
84.944,3,Atta_3,2152.6,352.6,49.9,10.6,0.1,2100.9,366.3,58.3,362
84.944,4,Atta_4,1175.9,620.8,352.5,8.2,-9.5,1089.2,577.3,348.2,109
85.02,4,Atta_4,1169.7,620.8,345.3,-6.2,-7.2,1089.2,577.3,348.2,180
85.089,1,Atta_1,1079.8,879.1,39.2,-9.9,-0.1,,,,
85.089,2,Atta_2,958.6,973.0,1.1,-11.5,3.3,1773.9,774.3,351.5,426
85.089,3,Atta_3,2147.4,349.4,49.9,-6.1,0.0,2100.9,366.3,58.6,17
85.089,4,Atta_4,1164.3,620.0,339.1,-5.5,-6.2,1089.2,577.3,348.2,254
85.156,4,Atta_4,1164.3,620.0,326.1,0.0,-13.0,1089.2,577.3,348.2,319
85.228,2,Atta_2,962.9,973.1,2.4,4.3,1.3,1773.9,774.3,1.3,85
85.228,4,Atta_4,1166.4,623.6,318.2,-4.2,-7.9,1089.2,577.3,348.2,393
85.369,1,Atta_1,1074.3,876.9,39.4,-5.9,0.2,,,,
85.369,2,Atta_2,958.2,969.9,2.5,-5.7,0.1,1773.9,774.3,1.3,227
85.369,3,Atta_3,2141.9,348.1,49.7,-5.7,-0.2,2100.9,366.3,58.6,298
85.369,4,Atta_4,1161.7,620.7,316.3,-5.5,-1.9,1089.2,577.3,313.1,32
85.446,2,Atta_2,964.6,969.0,2.4,6.5,-0.1,1773.9,774.3,1.3,302
85.522,1,Atta_1,1078.4,880.0,39.5,5.1,0.1,,,,
85.522,2,Atta_2,968.8,971.9,2.6,5.1,0.2,1773.9,774.3,1.3,379
85.522,3,Atta_3,2146.8,350.6,49.8,5.5,0.1,2100.9,366.3,58.6,450
85.734,3,Atta_3,2123.2,365.5,47.3,-27.9,-2.5,2100.9,366.3,58.9,161
85.801,4,Atta_4,1165.7,623.0,313.1,4.6,-3.2,1089.2,577.3,313.1,461
85.877,3,Atta_3,2147.5,349.5,49.8,29.1,2.5,2100.9,366.3,58.9,303
86.089,1,Atta_1,1078.8,877.9,55.1,-2.1,15.6,,,,
86.155,1,Atta_1,1084.9,880.4,59.7,6.6,4.6,,,,
86.155,2,Atta_2,977.7,974.4,3.3,9.2,0.7,1773.9,774.3,2.6,13
86.155,3,Atta_3,2155.0,353.7,49.7,8.6,-0.1,2100.9,366.3,59.1,85
86.155,4,Atta_4,1173.0,627.3,313.1,8.5,0.0,1089.2,577.3,313.3,320
86.232,1,Atta_1,1086.9,879.3,69.5,2.3,9.8,,,,
86.232,2,Atta_2,1044.1,960.8,3.2,67.8,-0.1,1773.9,774.3,2.6,87
86.305,1,Atta_1,1084.0,876.5,69.5,-4.0,0.0,,,,
86.305,2,Atta_2,1040.2,958.2,3.2,-4.7,0.0,1773.9,774.3,2.6,158
86.305,3,Atta_3,2149.3,352.6,49.7,-5.8,0.0,2100.9,366.3,59.1,230
86.305,4,Atta_4,1169.5,624.9,313.0,-4.2,-0.1,1089.2,577.3,313.3,465
86.37,2,Atta_2,970.7,971.6,3.3,-70.8,0.1,1773.9,774.3,2.6,225
86.37,3,Atta_3,2125.6,368.3,47.2,-28.4,-2.5,2100.9,366.3,59.1,297
86.445,1,Atta_1,1078.2,873.4,69.4,-6.6,-0.1,,,,
86.445,2,Atta_2,967.2,969.3,3.3,-4.2,0.0,1773.9,774.3,2.6,299
86.445,3,Atta_3,2122.5,365.7,47.2,-4.0,0.0,2100.9,366.3,59.1,370
86.445,4,Atta_4,1164.3,622.2,312.9,-5.9,-0.1,1089.2,577.3,313.5,107
86.519,3,Atta_3,2117.2,369.2,47.2,-6.4,0.0,2100.9,366.3,59.1,444
86.592,3,Atta_3,2122.1,365.7,47.4,6.0,0.2,2100.9,366.3,59.3,4
86.653,2,Atta_2,971.1,971.0,3.3,4.3,0.0,1773.9,774.3,3.2,4
86.653,3,Atta_3,2149.0,350.2,49.7,31.0,2.3,2100.9,366.3,59.3,68
86.653,4,Atta_4,1168.3,624.3,312.6,4.5,-0.3,1089.2,577.3,313.5,312
86.717,1,Atta_1,1084.7,877.3,69.4,7.6,0.0,,,,
86.717,3,Atta_3,2152.9,352.2,49.7,4.4,0.0,2100.9,366.3,59.3,129
86.778,2,Atta_2,970.2,975.0,3.6,-4.1,0.3,1773.9,774.3,3.2,124
86.834,2,Atta_2,1026.0,962.7,3.7,57.1,0.1,1773.9,774.3,3.2,178
86.888,2,Atta_2,1033.9,961.1,4.6,8.1,0.9,1773.9,774.3,3.2,232
86.945,2,Atta_2,1029.3,958.8,6.2,-5.1,1.6,1773.9,774.3,3.2,289
87.099,1,Atta_1,1079.8,874.3,69.1,-5.7,-0.3,,,,
87.099,3,Atta_3,2124.8,365.8,47.1,-31.2,-2.6,2100.9,366.3,59.5,17
87.099,4,Atta_4,1163.9,621.2,308.8,-5.4,-3.8,1089.2,577.3,310.1,252
87.152,2,Atta_2,965.5,969.9,6.8,-64.8,0.6,1773.9,774.3,3.2,498
87.209,3,Atta_3,2147.7,350.3,49.7,27.7,2.6,2100.9,366.3,59.5,125
87.266,2,Atta_2,960.6,973.2,7.6,-5.9,0.8,1773.9,774.3,5.9,97
87.316,1,Atta_1,1082.0,877.4,61.8,3.8,-7.3,,,,
87.316,3,Atta_3,2152.2,352.0,49.8,4.8,0.1,2100.9,366.3,59.5,232
87.316,4,Atta_4,1171.4,623.2,309.3,7.8,0.5,1089.2,577.3,310.1,468
87.368,1,Atta_1,1082.4,878.3,53.6,1.0,-8.2,,,,
87.368,2,Atta_2,973.7,972.4,6.5,13.1,-1.1,1773.9,774.3,5.9,202
87.426,1,Atta_1,1079.8,876.3,49.1,-3.3,-4.5,,,,
87.426,2,Atta_2,1029.8,957.3,6.4,58.1,-0.1,1773.9,774.3,5.9,258
87.426,3,Atta_3,2148.0,350.5,49.8,-4.5,0.0,2100.9,366.3,59.5,343
87.426,4,Atta_4,1168.1,620.1,309.2,4.5,-0.1,1098.1,566.8,310.5,79
87.483,1,Atta_1,1078.0,875.8,41.0,-1.9,-8.1,,,,
87.483,2,Atta_2,1025.2,956.8,6.4,-4.6,0.0,1773.9,774.3,5.9,315
87.483,4,Atta_4,1171.2,612.1,309.2,8.6,0.0,1098.1,566.8,310.5,135
87.542,1,Atta_1,1076.8,875.7,30.0,-1.2,-11.0,,,,
87.542,4,Atta_4,1169.5,608.3,308.8,4.2,-0.4,1098.1,566.8,310.5,193
87.598,1,Atta_1,1111.2,874.2,29.7,34.4,-0.3,,,,
87.598,2,Atta_2,1016.5,959.0,6.7,-9.0,0.3,1773.9,774.3,5.9,431
87.598,4,Atta_4,1179.6,598.7,306.4,13.9,-2.4,1098.1,566.8,310.5,251
87.656,1,Atta_1,1112.3,875.1,24.7,1.4,-5.0,,,,
87.656,4,Atta_4,1196.8,599.5,306.4,17.2,0.0,1098.1,566.8,310.5,309
87.772,2,Atta_2,976.5,971.6,6.3,-41.9,-0.4,1776.8,774.6,5.4,117
87.829,1,Atta_1,1080.0,879.8,26.9,-32.6,2.2,,,,
87.829,2,Atta_2,965.2,971.0,6.8,-11.3,0.5,1776.8,774.6,5.4,172
87.829,4,Atta_4,1176.8,571.6,306.1,34.3,-0.3,1098.1,566.8,310.5,479
87.908,2,Atta_2,975.2,972.7,6.0,10.1,-0.8,1776.8,774.6,5.4,250
87.908,3,Atta_3,2124.5,365.8,47.0,-28.0,-2.8,2100.9,366.3,59.7,321
87.908,4,Atta_4,1177.6,560.0,305.8,11.6,-0.3,1135.0,523.6,310.3,59
88.01,2,Atta_2,981.9,971.8,7.1,6.8,1.1,1776.8,774.6,5.4,359
88.068,2,Atta_2,1000.4,974.7,6.9,18.7,-0.2,1776.8,774.6,5.4,418
88.068,3,Atta_3,2146.6,349.2,49.6,27.6,2.6,2100.9,366.3,59.7,489
88.068,4,Atta_4,1186.7,551.1,305.5,12.7,-0.3,1135.0,523.6,310.3,227
88.134,1,Atta_1,1112.9,875.4,21.6,33.2,-5.3,,,,
88.134,4,Atta_4,1200.6,539.7,304.9,18.0,-0.6,1135.0,523.6,310.3,294
88.203,2,Atta_2,1005.0,978.8,5.9,6.2,-1.0,1823.5,778.5,2.7,48
88.203,4,Atta_4,1202.6,531.4,304.9,8.5,0.0,1135.0,523.6,310.3,362
88.27,4,Atta_4,1205.5,523.0,304.7,8.9,-0.2,1135.0,523.6,310.3,420
88.321,4,Atta_4,1211.3,516.9,304.5,8.4,-0.2,1135.0,523.6,310.3,471
88.373,2,Atta_2,1008.9,981.8,3.1,4.9,-2.8,1823.5,778.5,2.7,210
88.373,4,Atta_4,1218.6,512.3,304.3,8.6,-0.2,1173.2,477.3,309.5,23
88.427,4,Atta_4,1223.7,505.4,304.3,8.6,0.0,1173.2,477.3,309.5,78
88.483,4,Atta_4,1223.9,500.4,304.3,5.0,0.0,1173.2,477.3,309.5,135
88.54,4,Atta_4,1229.5,494.4,304.4,8.2,0.1,1173.2,477.3,309.5,188
88.604,1,Atta_1,1083.8,880.2,22.9,-29.5,1.3,,,,
88.604,4,Atta_4,1234.3,488.1,304.5,7.9,0.1,1173.2,477.3,309.5,253
88.709,2,Atta_2,1012.0,984.9,359.4,4.4,-3.7,1860.7,778.4,356.5,39
88.709,4,Atta_4,1237.0,484.8,305.1,4.3,0.6,1173.2,477.3,309.5,358
88.774,1,Atta_1,1085.7,882.2,30.1,2.8,7.2,,,,
88.938,1,Atta_1,1091.1,883.2,37.5,5.5,7.4,,,,
88.938,2,Atta_2,1014.8,984.1,354.3,2.9,-5.1,1860.7,778.4,356.5,285
89.015,1,Atta_1,1094.6,885.2,42.0,4.0,4.5,,,,
89.015,2,Atta_2,1022.4,984.1,349.5,7.6,-4.8,1860.7,778.4,356.5,359
89.091,1,Atta_1,1100.3,888.6,46.7,6.6,4.7,,,,
89.091,2,Atta_2,1026.2,985.7,347.9,4.1,-1.6,1860.7,778.4,356.5,437
89.172,1,Atta_1,1101.4,893.4,54.1,4.9,7.4,,,,
89.172,2,Atta_2,1026.7,985.7,342.2,0.5,-5.7,1884.8,775.2,342.8,19
89.172,3,Atta_3,2128.9,364.0,46.9,-23.1,-2.7,2100.9,366.3,60.2,95
89.234,1,Atta_1,1105.2,898.1,54.1,6.0,0.0,,,,
89.301,1,Atta_1,1111.9,906.8,54.1,11.0,0.0,,,,
89.301,3,Atta_3,2148.3,350.5,49.6,23.6,2.7,2100.9,366.3,60.2,224
89.368,1,Atta_1,1115.1,913.3,53.5,7.2,-0.6,,,,
89.435,1,Atta_1,1122.7,920.4,53.5,10.4,0.0,,,,
89.5,1,Atta_1,1125.0,925.2,53.5,5.3,0.0,,,,
89.5,2,Atta_2,1019.0,985.2,342.1,-7.7,-0.1,1884.8,775.2,342.8,349
89.57,1,Atta_1,1132.7,935.2,53.6,12.6,0.1,,,,
89.57,2,Atta_2,1022.5,989.2,342.2,5.3,0.1,1884.8,775.2,342.8,417
89.637,1,Atta_1,1136.2,942.7,53.5,8.3,-0.1,,,,
89.637,2,Atta_2,1012.5,989.7,341.8,-10.0,-0.4,1884.8,775.2,342.8,492
89.71,1,Atta_1,1143.8,948.1,52.8,9.3,-0.7,,,,
89.71,2,Atta_2,1003.8,992.2,341.9,-9.1,0.1,2280.6,650.7,342.7,50
89.781,1,Atta_1,1144.3,953.5,51.3,5.4,-1.5,,,,
89.781,2,Atta_2,996.5,991.6,341.9,-7.3,0.0,2280.6,650.7,342.7,138
89.868,1,Atta_1,1149.1,958.8,45.2,7.2,-6.1,,,,
89.868,3,Atta_3,2126.0,365.9,47.1,-27.1,-2.5,2100.9,366.3,60.3,291
89.949,1,Atta_1,1154.3,964.1,41.2,7.4,-4.0,,,,
90.045,4,Atta_4,1254.7,504.4,334.4,-26.4,29.3,1183.8,464.7,337.6,215
90.134,3,Atta_3,2150.3,351.8,49.9,28.1,2.8,2100.9,366.3,60.4,64
90.134,4,Atta_4,1263.5,508.9,343.6,9.9,9.2,1183.8,464.7,337.6,307
90.225,1,Atta_1,1159.3,967.5,38.3,6.0,-2.9,,,,
90.225,2,Atta_2,998.2,995.9,342.3,4.6,0.4,2790.1,491.1,342.7,64
90.225,4,Atta_4,1265.7,510.1,355.0,2.5,11.4,1183.8,464.7,337.6,398
90.316,4,Atta_4,1250.6,496.5,1.6,-20.3,6.6,1183.8,464.7,337.6,487
90.501,1,Atta_1,1153.9,964.7,38.3,-6.1,0.0,,,,
90.501,2,Atta_2,991.6,993.3,342.4,-7.1,0.1,2790.1,491.1,342.7,340
90.501,4,Atta_4,1245.6,492.6,4.3,-6.3,2.7,1183.8,464.7,6.1,160
90.594,3,Atta_3,2144.1,348.5,49.8,-7.0,-0.1,2100.9,366.3,60.4,15
90.674,1,Atta_1,1149.3,963.0,38.4,-4.9,0.1,,,,
90.753,1,Atta_1,1156.5,967.1,38.5,8.3,0.1,,,,
90.753,2,Atta_2,996.0,995.7,342.5,5.0,0.1,2790.1,491.1,343.1,81
90.753,3,Atta_3,2151.3,352.6,49.8,8.3,0.0,2100.9,366.3,60.4,168
90.753,4,Atta_4,1249.3,495.1,5.2,4.5,0.9,1183.8,464.7,6.1,404
90.827,3,Atta_3,2147.8,355.4,49.9,-4.5,0.1,2100.9,366.3,60.4,237
90.891,3,Atta_3,2129.4,368.8,48.4,-22.8,-1.5,2100.9,366.3,60.4,303
90.963,4,Atta_4,1246.0,491.0,5.1,-5.3,-0.1,1183.8,464.7,7.6,120
91.036,1,Atta_1,1152.0,964.8,38.2,-5.1,-0.3,,,,
91.036,2,Atta_2,989.9,992.8,343.7,-6.8,1.2,2790.1,491.1,343.1,358
91.036,3,Atta_3,2125.3,365.3,48.4,-5.4,0.0,2100.9,366.3,60.4,445
91.109,1,Atta_1,1152.6,964.3,33.7,0.8,-4.5,,,,
91.109,3,Atta_3,2145.2,350.4,49.7,24.9,1.3,2100.9,366.3,60.5,34
91.18,1,Atta_1,1153.0,965.4,19.5,1.2,-14.2,,,,
91.18,2,Atta_2,989.9,992.0,354.6,0.8,10.9,2447.2,605.2,355.8,30
91.251,1,Atta_1,1154.8,968.4,15.5,3.5,-4.0,,,,
91.251,2,Atta_2,984.0,995.8,356.2,-7.0,1.6,2447.2,605.2,355.8,105
91.251,4,Atta_4,1256.5,492.0,5.0,10.5,-0.1,1183.8,464.7,7.6,414
91.328,1,Atta_1,1151.4,968.1,6.6,-3.4,-8.9,,,,
91.328,2,Atta_2,980.6,993.0,357.7,-4.4,1.5,2447.2,605.2,355.8,182
91.405,1,Atta_1,1148.2,971.1,356.8,-4.4,-9.8,,,,
91.405,2,Atta_2,974.9,995.6,358.0,-6.3,0.3,2447.2,605.2,355.8,255
91.405,4,Atta_4,1264.7,491.4,5.4,8.2,0.4,1220.0,469.6,8.0,52
91.48,1,Atta_1,1143.1,973.5,348.5,-5.6,-8.3,,,,
91.48,3,Atta_3,2139.9,348.7,50.0,-5.6,0.3,2100.9,366.3,60.5,404
91.48,4,Atta_4,1269.5,490.1,5.4,5.0,0.0,1220.0,469.6,8.0,125
91.551,1,Atta_1,1146.2,975.9,333.5,3.9,-15.0,,,,
91.551,4,Atta_4,1282.9,492.1,4.0,13.5,-1.4,1220.0,469.6,8.0,207
91.639,1,Atta_1,1147.7,978.2,324.5,2.7,-9.0,,,,
91.639,4,Atta_4,1299.4,493.2,4.0,16.5,0.0,1220.0,469.6,8.0,286
91.713,1,Atta_1,1152.8,980.0,316.6,5.4,-7.9,,,,
91.713,3,Atta_3,2147.0,349.7,49.7,7.2,-0.3,2100.9,366.3,60.6,127
91.778,1,Atta_1,1155.8,982.7,310.5,4.0,-6.1,,,,
91.778,2,Atta_2,978.9,997.2,358.2,4.3,0.2,2454.6,604.8,356.5,107
91.778,4,Atta_4,1304.2,496.2,2.6,5.7,-1.4,1220.0,469.6,8.0,414
91.833,2,Atta_2,974.7,997.1,358.0,-4.2,-0.2,2454.6,604.8,356.5,161
91.833,4,Atta_4,1335.8,501.4,2.6,32.0,0.0,1220.0,469.6,8.0,468
91.897,1,Atta_1,1160.7,984.9,309.9,5.4,-0.6,,,,
91.897,2,Atta_2,971.2,999.2,358.2,-4.1,0.2,2454.6,604.8,356.5,225
91.897,3,Atta_3,2154.3,353.5,49.9,8.2,0.2,2100.9,366.3,60.6,300
91.897,4,Atta_4,1343.1,503.5,4.5,7.6,1.9,1277.4,477.6,8.0,41
91.95,2,Atta_2,956.4,998.5,358.0,-14.8,-0.2,2454.6,604.8,356.5,283
91.95,3,Atta_3,2150.2,353.2,49.8,-4.1,-0.1,2100.9,366.3,60.6,358
91.95,4,Atta_4,1339.7,499.4,4.8,-5.3,0.3,1277.4,477.6,8.0,100
92.014,4,Atta_4,1344.8,497.4,4.8,5.5,0.0,1277.4,477.6,8.0,162
92.077,1,Atta_1,1155.2,981.6,309.8,-6.4,-0.1,,,,
92.077,3,Atta_3,2126.1,367.0,47.3,-27.8,-2.5,2100.9,366.3,60.6,485
92.141,2,Atta_2,951.0,993.9,358.9,-7.1,0.9,2454.6,604.8,356.5,475
92.141,3,Atta_3,2146.8,350.5,49.8,26.5,2.5,2100.9,366.3,60.7,46
92.141,4,Atta_4,1356.5,492.1,4.3,12.8,-0.5,1277.4,477.6,8.0,291
92.207,4,Atta_4,1357.7,496.5,5.3,4.6,1.0,1277.4,477.6,8.0,359
92.28,4,Atta_4,1385.4,486.4,3.1,29.5,-2.2,1277.4,477.6,8.0,428
92.344,2,Atta_2,947.5,996.9,359.0,-4.6,0.1,3117.8,571.3,357.8,185
92.41,4,Atta_4,1391.7,487.0,3.1,6.3,0.0,1331.8,485.5,8.0,66
92.478,2,Atta_2,943.7,994.4,358.9,-4.5,-0.1,3117.8,571.3,357.8,317
92.478,4,Atta_4,1390.0,482.8,2.8,-4.5,-0.3,1331.8,485.5,8.0,133
92.54,3,Atta_3,2142.3,350.8,49.6,-4.5,-0.2,2100.9,366.3,60.7,442
92.66,3,Atta_3,2146.7,350.9,49.7,4.4,0.1,2100.9,366.3,60.6,205
92.66,4,Atta_4,1392.7,486.1,4.8,4.3,2.0,1331.8,485.5,8.0,441
92.866,2,Atta_2,947.7,996.1,358.2,4.3,-0.7,3431.8,560.6,358.2,216
92.866,4,Atta_4,1396.5,484.4,2.7,4.2,-2.1,1333.4,485.7,8.4,32
93.004,4,Atta_4,1393.4,481.5,2.7,-4.2,0.0,1333.4,485.7,8.4,164
93.142,2,Atta_2,943.5,993.9,358.4,-4.7,0.2,3431.8,560.6,358.2,484
93.211,3,Atta_3,2122.8,366.6,47.3,-28.6,-2.4,2100.9,366.3,60.7,123
93.286,3,Atta_3,2145.9,349.2,49.8,28.9,2.5,2100.9,366.3,60.7,193
93.346,2,Atta_2,937.6,994.7,358.8,-6.0,0.4,3431.8,560.6,358.4,198
93.43,1,Atta_1,1160.3,984.7,306.9,6.0,-2.9,,,,
93.43,2,Atta_2,951.6,997.9,358.8,14.4,0.0,3431.8,560.6,358.4,277
93.43,3,Atta_3,2151.9,353.0,49.8,7.1,0.0,2100.9,366.3,60.7,346
93.43,4,Atta_4,1398.6,485.9,2.6,6.8,-0.1,1344.6,473.0,8.1,97
93.505,1,Atta_1,1154.5,980.5,306.9,-7.2,0.0,,,,
93.505,3,Atta_3,2146.1,348.8,49.7,-7.2,-0.1,2100.9,366.3,60.7,412
93.505,4,Atta_4,1392.5,481.5,4.3,-7.5,1.7,1344.6,473.0,8.1,162
93.571,2,Atta_2,945.8,995.5,358.7,-6.3,-0.1,3431.8,560.6,358.4,409
93.634,2,Atta_2,956.2,995.1,358.3,10.4,-0.4,3431.8,560.6,358.4,469
93.634,4,Atta_4,1391.7,481.5,10.7,-0.8,6.4,1344.6,473.0,8.1,288
93.695,2,Atta_2,971.2,997.4,358.2,15.2,-0.1,3470.3,559.1,357.2,48
93.695,4,Atta_4,1396.1,484.1,12.2,5.1,1.5,1344.6,473.0,8.1,359
93.779,3,Atta_3,2122.1,370.5,48.7,32.4,-1.0,2100.9,366.3,60.7,194
93.844,2,Atta_2,979.5,996.7,358.2,8.3,0.0,3470.3,559.1,357.2,187
93.903,1,Atta_1,1158.0,977.7,306.7,4.5,-0.2,,,,
93.903,2,Atta_2,989.3,995.9,357.9,9.8,-0.3,3470.3,559.1,357.2,244
93.903,3,Atta_3,2147.2,348.9,49.6,33.1,0.9,2100.9,366.3,60.7,310
93.957,1,Atta_1,1158.4,973.0,306.5,4.7,-0.2,,,,
93.957,2,Atta_2,997.5,995.4,357.9,8.2,0.0,3470.3,559.1,357.2,299
93.957,4,Atta_4,1392.3,481.6,13.8,-4.5,1.6,1344.6,473.0,17.4,97
94.016,1,Atta_1,1166.8,968.1,306.3,9.7,-0.2,,,,
94.016,2,Atta_2,1010.6,994.9,357.2,13.1,-0.7,3470.3,559.1,357.2,357
94.073,1,Atta_1,1169.4,964.7,306.5,4.3,0.2,,,,
94.132,1,Atta_1,1175.5,959.5,306.8,8.0,0.3,,,,
94.132,3,Atta_3,2124.6,366.8,47.3,-28.8,-2.3,2100.9,366.3,60.8,42
94.193,2,Atta_2,1016.5,996.2,356.6,6.0,-0.6,3492.2,558.0,356.3,32
94.193,3,Atta_3,2148.7,352.0,49.7,28.3,2.4,2100.9,366.3,60.8,101
94.193,4,Atta_4,1397.2,485.8,15.3,6.5,1.5,1344.6,473.0,17.4,332
94.257,1,Atta_1,1183.1,951.0,306.4,11.4,-0.4,,,,
94.314,1,Atta_1,1189.2,943.8,306.4,9.4,0.0,,,,
94.314,2,Atta_2,1011.0,996.5,357.8,-5.5,1.2,3492.2,558.0,356.3,154
94.429,1,Atta_1,1194.6,933.5,306.9,11.6,0.5,,,,
94.429,2,Atta_2,997.2,997.1,357.7,-13.8,-0.1,3492.2,558.0,356.3,269
94.492,1,Atta_1,1200.4,925.4,307.0,10.0,0.1,,,,
94.492,2,Atta_2,982.2,997.7,357.5,-15.0,-0.2,3492.2,558.0,356.3,329
94.556,1,Atta_1,1261.7,905.9,312.7,64.3,5.7,,,,
94.556,2,Atta_2,971.2,996.4,357.5,-11.1,0.0,3492.2,558.0,356.3,396
94.556,3,Atta_3,2145.5,348.5,49.7,-4.7,0.0,2100.9,366.3,60.8,465
94.556,4,Atta_4,1393.1,482.8,15.4,-5.1,0.1,1344.6,473.0,19.6,209
94.609,1,Atta_1,1268.2,900.2,312.9,8.6,0.2,,,,
94.771,1,Atta_1,1282.2,888.2,313.4,18.4,0.5,,,,
94.771,3,Atta_3,2127.0,367.5,46.9,26.5,-2.8,2100.9,366.3,60.8,189
94.771,4,Atta_4,1396.8,485.6,15.4,4.6,0.0,1344.6,473.0,19.6,426
94.832,3,Atta_3,2149.1,351.0,49.8,27.6,2.9,2100.9,366.3,60.8,248
94.89,1,Atta_1,1287.3,879.8,313.8,9.8,0.4,,,,
94.89,3,Atta_3,2126.2,366.8,46.9,-27.8,-2.9,2100.9,366.3,60.8,305
94.944,1,Atta_1,1291.7,874.2,314.0,7.1,0.2,,,,
95.032,1,Atta_1,1294.8,870.7,314.1,4.7,0.1,,,,
95.154,1,Atta_1,1291.9,859.8,314.0,11.3,-0.1,,,,
95.154,2,Atta_2,965.4,995.1,356.9,-5.9,-0.6,4348.5,501.6,356.5,10
95.154,3,Atta_3,2122.6,365.0,47.3,-4.0,0.4,2100.9,366.3,60.9,60
95.154,4,Atta_4,1403.2,484.4,15.4,6.5,0.0,1346.2,473.6,19.7,318
95.244,1,Atta_1,1256.8,857.1,308.7,-35.2,-5.3,,,,
95.244,3,Atta_3,2145.0,348.2,49.7,28.0,2.4,2100.9,366.3,60.9,133
95.244,4,Atta_4,1410.2,486.4,15.4,7.3,0.0,1346.2,473.6,19.7,391
95.297,1,Atta_1,1260.1,849.7,308.7,8.1,0.0,,,,
95.297,2,Atta_2,969.6,997.7,357.0,4.9,0.1,4348.5,501.6,356.5,133
95.297,3,Atta_3,2149.0,350.5,49.7,4.6,0.0,2100.9,366.3,60.9,183
95.297,4,Atta_4,1421.6,489.3,15.5,11.8,0.1,1346.2,473.6,19.7,440
95.353,1,Atta_1,1266.3,841.9,308.7,10.0,0.0,,,,
95.353,4,Atta_4,1431.3,492.5,15.5,10.2,0.0,1391.9,490.0,19.4,1
95.405,4,Atta_4,1435.4,492.5,14.5,4.1,-1.0,1391.9,490.0,19.4,56
95.505,2,Atta_2,973.1,995.5,356.8,4.1,-0.2,4348.5,501.6,356.5,361
95.572,4,Atta_4,1451.9,499.2,14.4,17.8,-0.1,1391.9,490.0,19.4,223
95.625,2,Atta_2,977.8,994.8,357.7,4.8,0.9,4348.5,501.6,356.5,461
95.625,4,Atta_4,1472.3,520.2,15.8,29.3,1.4,1391.9,490.0,19.4,274
95.809,4,Atta_4,1487.0,508.5,16.0,18.8,0.2,1391.9,490.0,19.4,462
95.865,2,Atta_2,978.7,999.7,356.8,5.0,-0.9,3717.9,634.4,359.2,202
95.865,4,Atta_4,1494.0,509.3,16.0,7.0,0.0,1450.3,511.8,21.4,9
95.917,4,Atta_4,1500.1,510.9,16.3,6.3,0.3,1450.3,511.8,21.4,62
95.97,2,Atta_2,989.8,996.7,356.2,11.5,-0.6,3717.9,634.4,359.2,308
95.97,4,Atta_4,1507.7,511.0,16.3,7.6,0.0,1450.3,511.8,21.4,115
96.024,1,Atta_1,1261.2,837.7,308.5,6.6,-0.2,,,,
96.024,2,Atta_2,994.6,992.7,356.1,6.2,-0.1,3717.9,634.4,359.2,361
96.024,3,Atta_3,2142.5,347.0,49.7,-7.4,0.0,2100.9,366.3,60.9,438
96.084,1,Atta_1,1265.6,840.1,308.5,5.0,0.0,,,,
96.084,2,Atta_2,1004.4,994.7,355.7,10.0,-0.4,3717.9,634.4,359.2,424
96.084,3,Atta_3,2147.1,349.4,49.7,5.2,0.0,2100.9,366.3,60.9,500
96.084,4,Atta_4,1521.5,516.6,15.7,14.9,-0.6,1450.3,511.8,21.4,231
96.14,2,Atta_2,1017.8,996.2,355.7,13.5,0.0,3717.9,634.4,359.2,478
96.14,4,Atta_4,1532.6,520.4,15.7,11.7,0.0,1450.3,511.8,21.4,285
96.193,4,Atta_4,1537.0,523.8,15.3,5.6,-0.4,1450.3,511.8,21.4,338
96.252,2,Atta_2,1029.3,993.1,355.8,11.9,0.1,3771.0,633.1,358.6,89
96.316,2,Atta_2,1033.5,991.9,355.9,4.4,0.1,3771.0,633.1,358.6,155
96.316,4,Atta_4,1541.6,521.8,15.7,5.0,0.4,1450.3,511.8,21.4,461
96.371,2,Atta_2,1051.2,991.1,356.1,17.7,0.2,3771.0,633.1,358.6,208
96.371,3,Atta_3,2144.2,352.5,49.9,4.2,0.2,2100.9,366.3,60.9,283
96.371,4,Atta_4,1556.5,527.8,15.1,16.1,-0.6,1503.2,532.4,21.3,18
96.425,1,Atta_1,1272.5,841.3,308.3,7.0,-0.2,,,,
96.425,2,Atta_2,1059.6,994.3,356.1,9.0,0.0,3771.0,633.1,358.6,262
96.425,3,Atta_3,2148.4,355.7,49.7,5.3,-0.2,2100.9,366.3,60.9,338
96.425,4,Atta_4,1564.9,533.2,15.0,10.0,-0.1,1503.2,532.4,21.3,72
96.487,2,Atta_2,1064.2,994.6,356.1,4.6,0.0,3771.0,633.1,358.6,321
96.487,3,Atta_3,2151.6,353.0,49.7,4.2,0.0,2100.9,366.3,60.9,397
96.487,4,Atta_4,1572.9,533.2,15.0,8.0,0.0,1503.2,532.4,21.3,132
96.549,1,Atta_1,1272.4,836.2,308.3,5.1,0.0,,,,
96.549,2,Atta_2,1068.2,992.4,356.1,4.6,0.0,3771.0,633.1,358.6,385
96.549,4,Atta_4,1579.1,532.8,15.1,6.2,0.1,1503.2,532.4,21.3,195
96.604,2,Atta_2,1076.9,989.9,356.8,9.1,0.7,3771.0,633.1,358.6,443
96.604,3,Atta_3,2146.9,349.7,49.8,-5.7,0.1,2100.9,366.3,60.9,19
96.604,4,Atta_4,1585.0,532.0,15.3,6.0,0.2,1503.2,532.4,21.3,253
96.686,2,Atta_2,1081.3,989.7,356.8,4.4,0.0,3830.2,631.8,358.7,21
96.686,4,Atta_4,1589.3,532.9,15.3,4.4,0.0,1503.2,532.4,21.3,332
96.75,2,Atta_2,1092.2,989.8,356.0,10.9,-0.8,3830.2,631.8,358.7,85
96.75,4,Atta_4,1601.7,537.9,15.1,13.4,-0.2,1503.2,532.4,21.3,396
96.815,4,Atta_4,1610.0,538.9,15.1,8.4,0.0,1503.2,532.4,21.3,461
96.865,2,Atta_2,1101.6,989.4,356.1,9.4,0.1,3830.2,631.8,358.7,205
96.865,4,Atta_4,1618.9,539.2,15.5,8.9,0.4,1559.8,554.9,22.4,13
96.916,4,Atta_4,1622.7,542.4,15.7,5.0,0.2,1559.8,554.9,22.4,64
96.974,2,Atta_2,1106.1,988.3,356.2,4.6,0.1,3830.2,631.8,358.7,314
96.974,4,Atta_4,1631.4,543.7,15.7,8.8,0.0,1559.8,554.9,22.4,122
97.028,2,Atta_2,1110.4,991.2,356.1,5.2,-0.1,3830.2,631.8,358.7,368
97.028,3,Atta_3,2151.2,351.1,49.5,4.5,-0.3,2100.9,366.3,60.9,444
97.028,4,Atta_4,1639.7,549.1,15.7,9.9,0.0,1559.8,554.9,22.4,176
97.116,4,Atta_4,1647.8,550.8,15.3,8.3,-0.4,1559.8,554.9,22.4,263
97.218,1,Atta_1,1270.4,833.3,315.7,3.5,7.4,,,,
97.299,1,Atta_1,1265.6,828.1,328.2,7.1,12.5,,,,
97.299,2,Atta_2,1099.1,988.3,356.6,-11.7,0.5,3892.9,630.1,358.7,140
97.299,3,Atta_3,2144.5,348.1,49.7,-7.3,0.2,2100.9,366.3,60.9,214
97.353,2,Atta_2,1084.2,988.5,356.9,-14.9,0.3,3892.9,630.1,358.7,191
97.45,1,Atta_1,1271.3,827.6,341.9,5.7,13.7,,,,
97.45,2,Atta_2,1080.0,991.7,356.9,-5.3,0.0,3892.9,630.1,358.7,295
97.45,3,Atta_3,2150.6,351.0,49.7,6.8,0.0,2100.9,366.3,60.9,368
97.45,4,Atta_4,1653.1,553.8,14.8,6.1,-0.5,1577.1,562.1,22.8,107
97.52,2,Atta_2,1074.5,991.7,356.5,-5.5,-0.4,3892.9,630.1,358.7,363
97.52,4,Atta_4,1649.7,571.1,10.7,17.6,-4.1,1577.1,562.1,22.8,176
97.585,1,Atta_1,1269.6,826.5,346.2,-2.0,4.3,,,,
97.585,4,Atta_4,1651.2,553.3,14.8,-17.9,4.1,1577.1,562.1,22.8,240
97.65,2,Atta_2,1071.4,988.8,356.5,-4.2,0.0,3892.9,630.1,358.7,490
97.65,3,Atta_3,2146.2,348.9,49.9,-4.9,0.2,2100.9,366.3,60.8,68
97.906,2,Atta_2,1068.3,991.7,356.7,-4.2,0.2,4565.8,620.1,359.4,253
98.055,1,Atta_1,1275.4,827.4,348.7,5.9,2.5,,,,
98.055,2,Atta_2,1072.8,994.0,356.5,5.1,-0.2,4565.8,620.1,359.4,398
98.055,3,Atta_3,2153.7,352.7,49.7,8.4,-0.2,2100.9,366.3,60.8,482
98.055,4,Atta_4,1656.6,555.1,14.8,5.7,0.0,1592.7,542.9,20.5,192
98.129,1,Atta_1,1271.0,824.2,348.9,-5.4,0.2,,,,
98.129,2,Atta_2,1068.1,990.9,356.4,-5.6,-0.1,4565.8,620.1,359.4,473
98.129,3,Atta_3,2148.0,350.5,49.7,-6.1,0.0,2100.9,366.3,60.8,53
98.129,4,Atta_4,1652.6,552.7,14.8,-4.7,0.0,1592.7,542.9,20.5,267
98.211,4,Atta_4,1662.6,554.7,15.0,10.2,0.2,1592.7,542.9,20.5,346
98.271,4,Atta_4,1669.7,554.9,15.0,7.1,0.0,1592.7,542.9,20.5,411
98.352,4,Atta_4,1678.1,556.2,14.8,8.5,-0.2,1632.5,558.0,20.7,1
98.431,4,Atta_4,1685.0,559.9,14.7,7.8,-0.1,1632.5,558.0,20.7,76
98.51,4,Atta_4,1696.6,562.6,14.4,11.9,-0.3,1632.5,558.0,20.7,165
98.597,2,Atta_2,1071.6,993.2,356.5,4.2,0.1,4762.4,617.2,359.1,442
98.597,4,Atta_4,1705.9,566.0,14.4,9.9,0.0,1632.5,558.0,20.7,242
98.66,4,Atta_4,1713.2,565.1,14.4,7.4,0.0,1632.5,558.0,20.7,305
98.724,2,Atta_2,1065.6,991.0,356.3,-6.4,-0.2,4128.7,713.5,1.7,72
98.724,4,Atta_4,1721.1,569.8,14.4,9.2,0.0,1632.5,558.0,20.7,369
98.787,2,Atta_2,1074.8,989.6,356.3,9.3,0.0,4128.7,713.5,1.7,135
98.787,4,Atta_4,1729.4,570.5,14.6,8.3,0.2,1632.5,558.0,20.7,432
98.849,2,Atta_2,1084.5,988.7,356.1,9.7,-0.2,4128.7,713.5,1.7,197
98.849,4,Atta_4,1738.0,572.4,14.3,8.8,-0.3,1632.5,558.0,20.7,494
98.914,1,Atta_1,1265.9,822.5,349.4,-5.4,0.5,,,,
98.914,2,Atta_2,1090.1,987.4,355.6,5.7,-0.5,4128.7,713.5,1.7,292
98.914,4,Atta_4,1745.1,571.7,14.4,7.1,0.1,1687.5,579.2,22.0,78
99.017,2,Atta_2,1094.4,987.6,355.6,4.3,0.0,4128.7,713.5,1.7,368
99.017,3,Atta_3,2143.8,347.1,49.8,-5.4,0.1,2100.9,366.3,60.8,442
99.017,4,Atta_4,1749.7,574.4,14.4,5.3,0.0,1687.5,579.2,22.0,155
99.098,4,Atta_4,1752.7,585.0,15.8,11.0,1.4,1687.5,579.2,22.0,236
99.175,1,Atta_1,1272.0,824.9,349.6,6.6,0.2,,,,
99.175,2,Atta_2,1108.2,989.9,355.8,14.0,0.2,4152.7,714.2,0.9,22
99.175,3,Atta_3,2149.9,350.4,49.9,6.9,0.1,2100.9,366.3,60.8,98
99.175,4,Atta_4,1773.4,589.0,16.9,21.1,1.1,1687.5,579.2,22.0,308
99.244,4,Atta_4,1775.8,593.3,16.4,4.9,-0.5,1687.5,579.2,22.0,382
99.323,1,Atta_1,1268.2,823.4,349.7,-4.1,0.1,,,,
99.323,4,Atta_4,1782.0,593.0,16.7,6.2,0.3,1687.5,579.2,22.0,461
99.403,1,Atta_1,1262.5,821.5,350.3,-6.0,0.6,,,,
99.403,2,Atta_2,1093.8,987.7,355.8,-14.6,0.0,4152.7,714.2,0.9,255
99.403,3,Atta_3,2140.2,348.1,49.6,-10.0,-0.3,2100.9,366.3,60.8,331
99.403,4,Atta_4,1777.9,590.0,16.4,-5.1,-0.3,1717.8,591.5,22.6,51
99.48,1,Atta_1,1268.9,823.5,350.4,6.7,0.1,,,,
99.48,2,Atta_2,1099.5,989.6,356.0,6.0,0.2,4152.7,714.2,0.9,330
99.48,3,Atta_3,2145.9,350.0,49.7,6.0,0.1,2100.9,366.3,60.8,407
99.48,4,Atta_4,1783.6,593.3,16.7,6.6,0.3,1717.8,591.5,22.6,126
99.555,1,Atta_1,1263.8,820.7,351.3,-5.8,0.9,,,,
99.555,2,Atta_2,1086.6,986.9,356.0,-13.2,0.0,4152.7,714.2,0.9,411
99.555,3,Atta_3,2141.3,347.2,49.9,-5.4,0.2,2100.9,366.3,60.8,488
99.555,4,Atta_4,1778.5,590.8,16.4,-5.7,-0.3,1717.8,591.5,22.6,207
99.645,1,Atta_1,1271.2,824.9,352.0,8.5,0.7,,,,
99.645,2,Atta_2,1079.5,991.2,355.9,-8.3,-0.1,4152.7,714.2,0.9,493
99.645,3,Atta_3,2149.7,350.7,49.7,9.1,-0.2,2100.9,366.3,60.8,56
99.645,4,Atta_4,1786.0,595.2,16.5,8.7,0.1,1717.8,591.5,22.6,289
99.716,2,Atta_2,1073.0,990.6,355.7,-6.5,-0.2,4662.4,726.4,1.5,51
100.027,2,Atta_2,1066.2,990.3,355.6,-6.8,-0.1,4662.4,726.4,1.5,362
100.105,2,Atta_2,1062.0,991.4,355.5,-4.3,-0.1,4662.4,726.4,1.5,443
100.259,2,Atta_2,1064.7,994.4,355.6,4.0,0.1,4931.1,733.5,1.0,107
100.259,4,Atta_4,1798.7,590.8,14.5,13.4,-2.0,1717.8,591.5,23.4,396
100.327,4,Atta_4,1809.9,590.6,14.1,11.2,-0.4,1717.8,591.5,23.4,463
100.395,1,Atta_1,1274.7,821.9,352.6,4.6,0.6,,,,
100.395,2,Atta_2,1060.2,991.4,355.7,-5.4,0.1,4931.1,733.5,1.0,248
100.395,3,Atta_3,2146.2,348.8,49.7,-4.0,0.0,2100.9,366.3,60.9,321
100.47,1,Atta_1,1283.4,821.2,352.7,8.7,0.1,,,,
100.47,4,Atta_4,1820.3,592.3,13.6,10.5,-0.5,1758.1,592.4,21.9,121
100.548,1,Atta_1,1294.2,820.8,352.8,10.8,0.1,,,,
100.62,1,Atta_1,1309.5,823.8,352.7,15.6,-0.1,,,,
100.62,2,Atta_2,1069.8,995.9,355.5,10.6,-0.2,4931.1,733.5,1.0,475
100.62,3,Atta_3,2155.0,354.0,49.8,10.2,0.1,2100.9,366.3,60.9,49
100.62,4,Atta_4,1832.0,612.5,16.2,23.3,2.6,1758.1,592.4,21.9,273
100.702,1,Atta_1,1319.8,821.2,353.2,10.6,0.5,,,,
100.702,2,Atta_2,1073.4,988.7,352.5,8.0,-3.0,4312.1,804.2,3.5,52
100.702,3,Atta_3,2151.2,352.2,49.8,-4.2,0.0,2100.9,366.3,60.9,127
100.702,4,Atta_4,1828.2,610.6,16.2,-4.2,0.0,1758.1,592.4,21.9,351
100.779,1,Atta_1,1327.1,819.7,353.4,7.5,0.2,,,,
100.779,2,Atta_2,1067.0,993.7,355.6,-8.1,3.1,4312.1,804.2,3.5,128
100.858,1,Atta_1,1333.8,818.5,353.4,6.8,0.0,,,,
100.858,2,Atta_2,1074.1,992.4,355.3,7.2,-0.3,4312.1,804.2,3.5,199
100.858,4,Atta_4,1862.1,606.9,13.6,34.1,-2.6,1758.1,592.4,21.9,497
100.921,1,Atta_1,1346.2,816.9,353.4,12.5,0.0,,,,
100.921,4,Atta_4,1873.7,606.9,13.6,11.6,0.0,1811.1,613.9,22.5,48
100.99,1,Atta_1,1352.0,814.9,353.1,6.1,-0.3,,,,
100.99,2,Atta_2,1077.8,990.9,354.6,4.0,-0.7,4312.1,804.2,3.5,331
100.99,4,Atta_4,1879.4,607.0,13.6,5.7,0.0,1811.1,613.9,22.5,113
101.052,1,Atta_1,1365.8,816.4,353.4,13.9,0.3,,,,
101.052,2,Atta_2,1087.0,992.4,354.6,9.3,0.0,4312.1,804.2,3.5,392
101.052,4,Atta_4,1895.4,618.0,15.4,19.4,1.8,1811.1,613.9,22.5,174
101.109,1,Atta_1,1375.8,813.4,353.7,10.4,0.3,,,,
101.109,2,Atta_2,1095.3,991.8,354.5,8.3,-0.1,4312.1,804.2,3.5,447
101.109,4,Atta_4,1902.8,613.6,13.5,8.6,-1.9,1811.1,613.9,22.5,229
101.174,1,Atta_1,1390.8,815.7,354.3,15.2,0.6,,,,
101.174,2,Atta_2,1103.9,994.6,355.1,9.0,0.6,4333.4,805.4,3.0,10
101.174,3,Atta_3,2156.6,354.8,49.8,6.0,0.0,2100.9,366.3,60.8,85
101.174,4,Atta_4,1925.4,619.2,13.7,23.3,0.2,1811.1,613.9,22.5,292
101.236,1,Atta_1,1399.5,815.5,354.3,8.7,0.0,,,,
101.236,4,Atta_4,1933.4,619.6,13.7,8.0,0.0,1811.1,613.9,22.5,355
101.339,1,Atta_1,1405.3,814.6,354.3,5.9,0.0,,,,
101.339,4,Atta_4,1943.8,620.5,13.7,10.4,0.0,1811.1,613.9,22.5,465
101.401,1,Atta_1,1410.1,814.0,354.3,4.8,0.0,,,,
101.401,4,Atta_4,1946.9,624.1,13.8,4.8,0.1,1860.7,635.2,23.8,34
101.506,1,Atta_1,1405.2,811.0,354.5,-5.7,0.2,,,,
101.506,2,Atta_2,1099.3,991.5,355.0,-5.5,-0.1,4333.4,805.4,3.0,348
101.506,3,Atta_3,2153.0,351.1,49.7,-5.2,-0.1,2100.9,366.3,60.8,423
101.573,1,Atta_1,1401.2,809.2,354.5,-4.4,0.0,,,,
101.573,2,Atta_2,1095.4,989.7,355.0,-4.3,0.0,4333.4,805.4,3.0,416
101.573,3,Atta_3,2148.8,349.2,49.6,-4.6,-0.1,2100.9,366.3,60.8,492
101.641,3,Atta_3,2124.9,367.6,47.0,-30.2,-2.6,2100.9,366.3,60.8,46
101.708,3,Atta_3,2148.1,350.3,49.6,28.9,2.6,2100.9,366.3,60.8,107
101.768,1,Atta_1,1405.5,811.1,354.5,4.7,0.0,,,,
101.768,2,Atta_2,1099.9,991.5,354.5,4.8,-0.5,4242.3,801.5,1.8,47
101.768,4,Atta_4,1953.1,622.9,13.6,6.3,-0.2,1860.7,635.2,23.8,401
101.941,1,Atta_1,1410.7,813.8,354.5,5.9,0.0,,,,
101.941,2,Atta_2,1093.2,995.5,354.5,-7.8,0.0,4242.3,801.5,1.8,233
101.941,3,Atta_3,2156.9,354.9,49.9,9.9,0.3,2100.9,366.3,60.8,354
101.941,4,Atta_4,1958.9,625.4,13.5,6.3,-0.1,1862.2,635.9,24.5,88
102.014,1,Atta_1,1403.4,809.9,354.3,-8.3,-0.2,,,,
102.014,2,Atta_2,1083.7,991.7,355.0,-10.2,0.5,4242.3,801.5,1.8,294
102.014,3,Atta_3,2149.9,350.9,49.9,-8.1,0.0,2100.9,366.3,60.8,415
102.014,4,Atta_4,1951.6,621.6,13.5,-8.2,0.0,1862.2,635.9,24.5,149
102.067,1,Atta_1,1410.1,810.2,354.3,6.7,0.0,,,,
102.17,1,Atta_1,1415.3,810.0,354.3,5.2,0.0,,,,
102.17,2,Atta_2,1072.2,993.1,355.1,-11.6,0.1,3945.1,789.4,3.2,19
102.242,1,Atta_1,1423.9,809.3,353.8,8.6,-0.5,,,,
102.242,2,Atta_2,1064.3,993.1,355.0,-7.9,-0.1,3945.1,789.4,3.2,85
102.242,3,Atta_3,2123.4,372.1,47.6,-33.9,-2.3,2100.9,366.3,60.8,159
102.302,2,Atta_2,1052.8,993.3,355.0,-11.5,0.0,3945.1,789.4,3.2,139
102.353,1,Atta_1,1430.8,808.6,351.9,6.9,-1.9,,,,
102.353,2,Atta_2,1046.2,993.3,355.0,-6.6,0.0,3945.1,789.4,3.2,189
102.403,3,Atta_3,2126.7,367.9,47.2,-5.3,-0.4,2100.9,366.3,60.8,315
102.468,2,Atta_2,1030.5,989.0,352.0,-16.3,-3.0,3945.1,789.4,3.2,306
102.468,3,Atta_3,2147.1,350.0,49.6,27.1,2.4,2100.9,366.3,60.8,380
102.523,2,Atta_2,1028.4,993.3,355.0,-4.8,3.0,3945.1,789.4,3.2,360
102.573,4,Atta_4,1939.9,623.1,15.0,-11.8,1.5,1878.8,617.5,22.1,206
102.631,4,Atta_4,1949.7,619.9,13.5,10.3,-1.5,1878.8,617.5,22.1,265
102.732,2,Atta_2,1023.4,993.5,355.1,-5.0,0.1,4674.4,828.3,3.2,68
102.896,3,Atta_3,2151.1,352.1,49.7,4.5,0.1,2100.9,366.3,60.9,317
102.896,4,Atta_4,1953.8,622.2,13.5,4.7,0.0,1878.8,617.5,22.7,40
102.966,2,Atta_2,1020.9,997.1,354.8,-4.4,-0.3,4674.4,828.3,3.2,313
103.037,1,Atta_1,1433.5,810.9,344.0,3.5,-7.9,,,,
103.037,3,Atta_3,2129.3,369.2,46.9,-27.7,-2.8,2100.9,366.3,60.9,456
103.105,1,Atta_1,1436.0,811.7,336.4,2.6,-7.6,,,,
103.175,1,Atta_1,1437.8,811.9,323.6,1.8,-12.8,,,,
103.175,3,Atta_3,2149.4,350.8,49.6,27.3,2.7,2100.9,366.3,60.9,97
103.244,1,Atta_1,1433.6,809.4,318.5,-4.9,-5.1,,,,
103.244,2,Atta_2,1014.5,992.9,354.9,-7.7,0.1,4988.7,845.4,3.0,89
103.244,3,Atta_3,2144.2,347.7,49.7,-6.1,0.1,2100.9,366.3,60.9,165
103.244,4,Atta_4,1945.2,618.9,13.6,-9.2,0.1,1878.8,617.5,22.7,387
103.378,1,Atta_1,1434.2,807.6,313.3,1.9,-5.2,,,,
103.446,1,Atta_1,1437.8,809.6,312.2,4.1,-1.1,,,,
103.508,2,Atta_2,1015.0,993.0,359.0,0.5,4.1,4988.7,845.4,3.0,345
103.597,2,Atta_2,1019.8,990.6,6.1,5.4,7.1,4988.7,845.4,3.0,437
103.651,3,Atta_3,2123.4,365.3,47.3,-27.2,-2.4,2100.9,366.3,61.0,67
103.711,1,Atta_1,1447.5,813.6,310.9,10.5,-1.3,,,,
103.711,3,Atta_3,2153.4,353.8,49.6,32.1,2.3,2100.9,366.3,61.0,125
103.711,4,Atta_4,1955.3,624.0,13.4,11.3,-0.2,1878.8,617.5,23.3,343
103.765,1,Atta_1,1441.3,809.6,310.9,-7.4,0.0,,,,
103.765,3,Atta_3,2120.3,369.7,47.4,-36.7,-2.2,2100.9,366.3,61.0,179
103.765,4,Atta_4,1949.1,620.1,13.4,-7.3,0.0,1878.8,617.5,23.3,397
103.824,2,Atta_2,1026.5,989.5,18.8,6.8,12.7,4988.7,845.4,36.4,155
103.824,3,Atta_3,2147.2,350.6,49.6,33.0,2.2,2100.9,366.3,61.0,238
103.877,3,Atta_3,2123.1,366.7,47.4,-29.0,-2.2,2100.9,366.3,61.0,310
103.959,3,Atta_3,2145.0,351.2,49.6,26.8,2.2,2100.9,366.3,61.0,381
104.038,3,Atta_3,2123.1,366.1,48.5,-26.5,-1.1,2100.9,366.3,61.0,463
104.117,2,Atta_2,1025.4,984.3,50.4,-5.3,31.6,4988.7,845.4,36.4,456
104.117,3,Atta_3,2121.8,370.7,48.5,4.8,0.0,2100.9,366.3,61.0,36
104.19,1,Atta_1,1441.2,805.2,310.0,4.4,-0.9,,,,
104.19,3,Atta_3,2117.0,368.6,47.4,-5.2,-1.1,2100.9,366.3,61.0,108
104.249,1,Atta_1,1451.8,803.4,309.7,10.8,-0.3,,,,
104.249,3,Atta_3,2123.2,371.7,47.4,6.9,0.0,2100.9,366.3,61.0,171
104.322,1,Atta_1,1457.6,797.1,308.8,8.6,-0.9,,,,
104.391,1,Atta_1,1461.9,791.0,308.4,7.5,-0.4,,,,
104.391,3,Atta_3,2149.1,352.4,49.8,32.3,2.4,2100.9,366.3,61.0,314
104.47,1,Atta_1,1463.8,783.4,308.1,7.8,-0.3,,,,
104.545,1,Atta_1,1468.8,777.6,308.1,7.7,0.0,,,,
104.625,1,Atta_1,1482.0,772.4,308.9,14.2,0.8,,,,
104.625,2,Atta_2,1032.9,987.2,51.2,8.0,0.8,4988.7,845.4,60.5,471
104.625,3,Atta_3,2155.1,353.1,49.8,6.0,0.0,2100.9,366.3,61.1,46
104.625,4,Atta_4,1956.3,624.0,13.5,8.2,0.1,1878.8,617.5,24.1,266
104.682,1,Atta_1,1486.9,766.3,309.3,7.8,0.4,,,,
104.743,1,Atta_1,1489.1,758.4,309.6,8.2,0.3,,,,
104.743,3,Atta_3,2150.0,353.0,49.6,-5.1,-0.2,2100.9,366.3,61.1,167
104.821,1,Atta_1,1494.0,751.7,309.7,8.3,0.1,,,,
104.821,3,Atta_3,2128.4,369.1,47.3,-26.9,-2.3,2100.9,366.3,61.1,251
104.901,1,Atta_1,1499.5,745.1,309.9,8.6,0.2,,,,
104.901,2,Atta_2,1039.1,999.5,51.6,13.8,0.4,4992.4,852.0,60.0,252
104.98,1,Atta_1,1507.7,739.1,310.1,10.2,0.2,,,,
104.98,2,Atta_2,1045.8,1005.3,51.0,8.9,-0.6,4992.4,852.0,60.0,329
105.056,1,Atta_1,1510.9,727.0,310.1,12.5,0.0,,,,
105.056,2,Atta_2,1046.5,1014.7,51.0,9.4,0.0,4992.4,852.0,60.0,404
105.056,3,Atta_3,2123.4,368.8,47.3,-5.0,0.0,2100.9,366.3,61.1,478
105.056,4,Atta_4,1950.8,620.7,13.5,-6.4,0.0,1878.8,617.5,24.4,200
105.128,1,Atta_1,1520.9,723.2,310.8,10.7,0.7,,,,
105.128,2,Atta_2,1053.5,1024.0,51.0,11.6,0.0,4992.4,852.0,60.0,478
105.128,3,Atta_3,2127.8,371.0,47.3,4.9,0.0,2100.9,366.3,61.1,52
105.128,4,Atta_4,1954.8,623.0,13.5,4.6,0.0,1878.8,617.5,24.4,275
105.203,1,Atta_1,1520.1,715.9,310.8,7.3,0.0,,,,
105.203,2,Atta_2,1056.6,1027.6,50.9,4.8,-0.1,5020.8,900.0,59.0,50
105.203,3,Atta_3,2121.8,370.0,47.3,-6.1,0.0,2100.9,366.3,61.1,125
105.203,4,Atta_4,1950.1,620.8,13.5,-5.2,0.0,1878.8,617.5,24.4,347
105.273,1,Atta_1,1526.5,716.0,310.9,6.4,0.1,,,,
105.273,2,Atta_2,1066.8,1039.0,50.4,15.3,-0.5,5020.8,900.0,59.0,123
105.273,3,Atta_3,2126.1,372.2,47.4,4.8,0.1,2100.9,366.3,61.1,197
105.273,4,Atta_4,1953.8,623.2,13.4,4.4,-0.1,1878.8,617.5,24.4,420
105.346,1,Atta_1,1522.3,713.7,310.9,-4.8,0.0,,,,
105.346,2,Atta_2,1070.0,1042.3,50.0,4.6,-0.4,5020.8,900.0,59.0,194
105.346,3,Atta_3,2149.1,349.6,49.8,-32.2,2.4,2100.9,366.3,61.1,268
105.346,4,Atta_4,1949.5,621.1,13.4,-4.8,0.0,1878.8,617.5,24.4,491
105.419,1,Atta_1,1526.1,715.1,311.0,4.0,0.1,,,,
105.419,2,Atta_2,1079.1,1050.2,50.0,12.1,0.0,5020.8,900.0,59.0,265
105.485,1,Atta_1,1522.5,712.7,311.4,-4.3,0.4,,,,
105.485,2,Atta_2,1078.9,1056.5,50.0,6.3,0.0,5020.8,900.0,59.0,335
105.558,2,Atta_2,1082.2,1063.1,50.4,7.4,0.4,5020.8,900.0,59.0,404
105.625,2,Atta_2,1088.6,1066.9,50.4,7.4,0.0,5020.8,900.0,59.0,473
105.692,2,Atta_2,1089.1,1075.4,50.4,8.5,0.0,5050.7,950.5,60.0,48
105.692,3,Atta_3,2120.6,369.2,47.5,-34.6,-2.3,2100.9,366.3,61.1,122
105.776,1,Atta_1,1531.4,717.7,311.4,10.2,0.0,,,,
105.776,2,Atta_2,1109.4,1084.5,50.7,22.2,0.3,5050.7,950.5,60.0,134
105.776,3,Atta_3,2130.3,374.5,47.5,11.1,0.0,2100.9,366.3,61.1,208
105.776,4,Atta_4,1958.0,625.6,13.5,9.6,0.1,1878.8,617.5,24.7,418
105.863,1,Atta_1,1521.5,711.8,311.4,-11.5,0.0,,,,
105.863,2,Atta_2,1104.6,1085.8,50.7,-5.0,0.0,5050.7,950.5,60.0,222
105.863,3,Atta_3,2144.1,351.4,49.7,-26.9,2.2,2100.9,366.3,61.1,296
105.863,4,Atta_4,1948.3,619.8,13.5,-11.3,0.0,1878.8,617.5,25.0,20
105.955,2,Atta_2,1108.8,1097.9,51.3,12.8,0.6,5050.7,950.5,60.0,315
106.045,2,Atta_2,1114.6,1107.5,51.3,11.2,0.0,5050.7,950.5,60.0,398
106.045,3,Atta_3,2125.3,365.0,47.3,-23.2,-2.4,2100.9,366.3,61.1,472
106.128,1,Atta_1,1528.4,716.0,311.5,8.1,0.1,,,,
106.128,2,Atta_2,1125.7,1112.2,50.8,12.1,-0.5,5050.7,950.5,60.0,476
106.128,3,Atta_3,2132.5,369.3,47.3,8.4,0.0,2100.9,366.3,61.1,50
106.128,4,Atta_4,1955.6,623.9,13.5,8.4,0.0,1878.8,617.5,25.0,274
106.202,3,Atta_3,2153.9,353.4,49.7,26.7,2.4,2100.9,366.3,61.1,124
106.338,1,Atta_1,1526.0,714.4,318.8,-2.9,7.3,,,,
106.411,1,Atta_1,1524.4,712.2,327.2,2.7,8.4,,,,
106.486,1,Atta_1,1521.0,708.9,335.3,-4.7,8.1,,,,
106.486,3,Atta_3,2149.6,351.6,49.9,-4.7,0.2,2100.9,366.3,61.1,408
106.486,4,Atta_4,1951.9,621.6,13.4,-4.4,-0.1,1878.8,617.5,25.3,127
106.557,1,Atta_1,1518.7,705.4,343.4,-4.2,8.1,,,,
106.557,2,Atta_2,1121.3,1108.8,50.9,-5.6,0.1,5064.8,974.9,59.7,408
106.633,1,Atta_1,1515.3,703.6,353.8,-3.8,10.4,,,,
106.633,3,Atta_3,2145.5,349.6,49.7,-4.6,-0.2,2100.9,366.3,61.0,49
106.633,4,Atta_4,1947.3,620.0,13.5,-4.9,0.1,1878.8,617.5,25.3,271
106.696,1,Atta_1,1515.3,701.2,2.4,2.4,8.6,,,,
106.759,1,Atta_1,1515.7,698.8,16.7,2.4,14.3,,,,
106.823,1,Atta_1,1520.0,698.1,26.1,4.4,9.4,,,,
106.823,3,Atta_3,2149.9,351.3,50.0,4.7,0.3,2100.9,366.3,61.0,240
106.823,4,Atta_4,1952.0,621.4,13.5,4.9,0.0,1878.8,617.5,25.3,462
106.948,1,Atta_1,1512.6,694.4,27.8,-8.3,1.7,,,,
106.948,2,Atta_2,1116.8,1106.2,50.8,-5.2,-0.1,5064.8,974.9,59.5,296
106.948,3,Atta_3,2143.4,347.1,49.9,-7.7,-0.1,2100.9,366.3,61.0,366
106.948,4,Atta_4,1944.6,618.0,13.5,-8.1,0.0,1878.8,617.5,25.5,91
107.078,1,Atta_1,1516.7,697.0,27.8,4.9,0.0,,,,
107.078,2,Atta_2,1120.9,1108.4,50.9,4.7,0.1,5064.8,974.9,59.5,425
107.078,3,Atta_3,2146.8,350.2,49.9,4.6,0.0,2100.9,366.3,61.0,495
107.078,4,Atta_4,1948.7,620.4,13.6,4.8,0.1,1878.8,617.5,25.5,220
107.494,1,Atta_1,1521.8,699.5,27.9,5.7,0.1,,,,
107.494,2,Atta_2,1124.2,1112.9,49.7,5.6,-1.2,5064.8,974.9,59.2,305
107.494,3,Atta_3,2152.1,352.8,49.7,5.9,-0.2,2100.9,366.3,61.0,401
107.494,4,Atta_4,1953.8,623.3,13.4,5.9,-0.2,1878.8,617.5,25.7,128
107.569,2,Atta_2,1123.6,1113.2,43.6,-0.7,-6.1,5064.8,974.9,59.2,382
107.638,2,Atta_2,1123.7,1112.3,32.5,-0.9,-11.1,5064.8,974.9,59.2,453
107.719,2,Atta_2,1153.3,1092.8,20.7,35.4,-11.8,4407.6,1095.7,30.8,55
107.791,1,Atta_1,1518.4,697.2,27.8,-4.1,-0.1,,,,
107.791,2,Atta_2,1154.4,1091.3,13.0,1.9,-7.7,4407.6,1095.7,30.8,126
107.791,3,Atta_3,2148.5,350.4,49.5,-4.3,-0.2,2100.9,366.3,61.1,197
107.791,4,Atta_4,1950.6,620.9,13.5,-4.0,0.1,1878.8,617.5,25.7,424
107.861,2,Atta_2,1155.5,1091.4,6.5,1.1,-6.5,4407.6,1095.7,30.8,194
107.927,2,Atta_2,1156.0,1092.0,0.8,0.8,-5.7,4407.6,1095.7,30.8,261
108.133,2,Atta_2,1157.5,1095.5,355.2,3.8,-5.6,4407.6,1095.7,30.8,474
108.598,2,Atta_2,1161.8,1094.5,355.7,4.4,0.5,4407.6,1095.7,10.7,435
108.672,1,Atta_1,1507.5,692.3,26.8,-12.0,-1.0,,,,
108.745,1,Atta_1,1502.9,691.3,26.4,-4.7,-0.4,,,,
108.745,3,Atta_3,2152.7,351.6,49.8,4.4,0.3,2100.9,366.3,61.1,165
108.818,1,Atta_1,1492.3,684.3,26.3,-12.7,-0.1,,,,
108.818,3,Atta_3,2149.3,348.9,49.7,-4.3,-0.1,2100.9,366.3,61.1,238
108.888,1,Atta_1,1483.9,682.0,26.2,-8.7,-0.1,,,,
108.888,2,Atta_2,1157.6,1092.4,355.8,-4.7,0.1,4407.6,1095.7,10.7,236
109.023,1,Atta_1,1479.5,679.5,25.9,-5.1,-0.3,,,,
109.088,2,Atta_2,1164.7,1094.6,354.5,7.4,-1.3,4407.6,1095.7,10.7,435
109.152,1,Atta_1,1486.7,683.2,25.7,8.1,-0.2,,,,
109.152,2,Atta_2,1172.0,1099.8,355.0,9.0,0.5,4407.6,1095.7,10.7,499
109.152,3,Atta_3,2155.0,354.0,49.5,7.6,-0.2,2100.9,366.3,61.0,73
109.152,4,Atta_4,1955.7,625.2,13.6,6.7,0.1,1878.8,617.5,26.2,297
109.217,2,Atta_2,1180.6,1099.1,355.7,8.6,0.7,4439.6,1101.5,10.2,55
109.293,1,Atta_1,1482.7,681.1,25.8,-4.5,0.1,,,,
109.293,2,Atta_2,1164.3,1118.7,356.6,-25.5,0.9,4439.6,1101.5,10.2,127
109.293,4,Atta_4,1952.1,623.3,13.7,-4.1,0.1,1878.8,617.5,26.2,438
109.367,1,Atta_1,1476.9,678.0,25.8,-6.6,0.0,,,,
109.367,2,Atta_2,1191.4,1097.9,356.6,34.2,0.0,4439.6,1101.5,10.2,204
109.367,3,Atta_3,2146.3,348.4,49.5,-10.3,0.0,2100.9,366.3,61.0,292
109.367,4,Atta_4,1946.6,620.2,13.7,-6.3,0.0,1878.8,617.5,26.3,12
109.443,1,Atta_1,1482.0,681.0,25.8,5.9,0.0,,,,
109.443,2,Atta_2,1179.8,1118.5,356.0,-23.6,-0.6,4439.6,1101.5,10.2,281
109.443,3,Atta_3,2151.8,351.2,49.5,6.2,0.0,2100.9,366.3,61.0,369
109.443,4,Atta_4,1951.9,623.2,13.6,6.1,-0.1,1878.8,617.5,26.3,89
109.519,2,Atta_2,1184.4,1118.1,355.8,4.6,-0.2,4439.6,1101.5,10.2,353
109.662,2,Atta_2,1230.2,1095.5,351.2,51.1,-4.6,4494.5,1111.0,9.3,12
109.8,1,Atta_1,1480.4,677.7,36.1,-3.7,10.3,,,,
109.869,1,Atta_1,1481.8,676.0,44.2,2.2,8.1,,,,
109.954,1,Atta_1,1484.7,674.7,52.2,3.2,8.0,,,,
110.043,1,Atta_1,1485.9,673.2,61.3,-1.9,9.1,,,,
110.129,1,Atta_1,1487.4,671.2,75.4,-2.5,14.1,,,,
110.215,1,Atta_1,1489.4,670.5,85.8,-2.1,10.4,,,,
110.3,1,Atta_1,1494.3,673.2,101.4,5.6,15.6,,,,
110.385,1,Atta_1,1499.6,675.7,109.8,5.9,8.4,,,,
110.385,3,Atta_3,2154.4,354.2,49.9,4.0,0.4,2100.9,366.3,61.0,308
110.385,4,Atta_4,1956.0,624.8,13.6,4.4,0.0,1878.8,617.5,26.5,32
110.459,1,Atta_1,1500.5,675.8,115.2,-0.9,5.4,,,,
110.533,1,Atta_1,1496.1,673.5,116.3,-5.0,1.1,,,,
110.533,3,Atta_3,2149.8,351.1,49.8,-5.5,-0.1,2100.9,366.3,61.0,468
110.533,4,Atta_4,1950.7,622.2,13.6,-5.9,0.0,1878.8,617.5,26.5,192
110.686,4,Atta_4,1942.8,623.8,14.9,-8.1,1.3,1878.8,617.5,26.5,322
110.739,4,Atta_4,1950.1,621.9,13.5,7.5,-1.4,1878.8,617.5,26.5,376
111.012,4,Atta_4,1954.1,622.9,13.5,4.1,0.0,1878.8,617.5,26.6,157
111.162,3,Atta_3,2141.9,358.0,45.2,10.5,-4.6,2100.9,366.3,61.1,83
111.237,1,Atta_1,1491.9,673.7,118.9,4.2,2.6,,,,
111.237,3,Atta_3,2129.8,364.5,45.2,-13.7,0.0,2100.9,366.3,61.1,147
111.237,4,Atta_4,1949.5,619.9,13.6,-5.5,0.1,1878.8,617.5,26.6,372
111.307,1,Atta_1,1485.5,679.4,118.9,8.6,0.0,,,,
111.361,1,Atta_1,1480.6,689.9,119.1,11.6,0.2,,,,
111.361,3,Atta_3,2122.8,368.3,45.0,-8.0,-0.2,2100.9,366.3,61.1,275
111.361,4,Atta_4,1945.2,618.9,13.6,-4.4,0.0,1878.8,617.5,26.6,500
111.423,1,Atta_1,1494.6,702.6,119.1,18.9,0.0,,,,
111.423,3,Atta_3,2125.6,383.2,48.6,15.2,3.6,2100.9,366.3,61.1,338
111.423,4,Atta_4,1962.5,628.6,13.6,19.8,0.0,1878.8,617.5,26.7,62
111.482,1,Atta_1,1491.1,710.6,119.7,8.7,0.6,,,,
111.54,1,Atta_1,1481.9,713.0,120.0,9.5,0.3,,,,
111.54,3,Atta_3,2119.4,379.8,48.5,-7.1,-0.1,2100.9,366.3,61.1,453
111.54,4,Atta_4,1956.5,624.4,13.5,-7.3,-0.1,1878.8,617.5,26.7,178
111.592,1,Atta_1,1475.9,719.0,120.2,8.5,0.2,,,,
111.677,3,Atta_3,2136.8,369.4,44.6,20.3,-3.9,2100.9,366.3,61.1,88
111.74,1,Atta_1,1468.6,731.6,120.7,14.6,0.5,,,,
111.795,1,Atta_1,1463.8,738.3,120.8,8.2,0.1,,,,
111.845,1,Atta_1,1459.7,741.0,120.8,4.9,0.0,,,,
111.845,3,Atta_3,2131.9,368.6,47.4,-5.0,2.8,2100.9,366.3,61.1,256
111.845,4,Atta_4,1950.9,622.8,13.6,-5.8,0.1,1878.8,617.5,26.7,482
111.898,1,Atta_1,1455.2,748.1,121.2,8.4,0.4,,,,
111.952,1,Atta_1,1451.8,751.0,121.4,4.5,0.2,,,,
111.952,3,Atta_3,2147.0,351.9,50.1,-22.5,2.7,2100.9,366.3,61.1,363
112.009,1,Atta_1,1448.8,758.8,121.7,8.4,0.3,,,,
112.009,2,Atta_2,1244.8,1116.5,356.0,25.6,4.8,4527.1,1114.4,354.8,349
112.009,3,Atta_3,2126.8,368.3,47.4,-26.0,-2.7,2100.9,366.3,61.1,421
112.073,1,Atta_1,1450.0,768.4,122.5,9.7,0.8,,,,
112.073,3,Atta_3,2152.6,355.4,50.1,28.8,2.7,2100.9,366.3,61.1,481
112.073,4,Atta_4,1956.6,624.2,13.6,5.9,0.0,1878.8,617.5,26.8,204
112.127,1,Atta_1,1445.5,774.9,122.5,7.9,0.0,,,,
112.127,2,Atta_2,1246.4,1118.1,6.1,2.3,10.1,4527.1,1114.4,354.8,465
112.21,1,Atta_1,1439.5,776.1,122.5,6.1,0.0,,,,
112.21,3,Atta_3,2151.1,351.1,50.1,-4.6,0.0,2100.9,366.3,61.1,119
112.21,4,Atta_4,1952.4,622.0,13.5,-4.7,-0.1,1878.8,617.5,26.8,341
112.273,1,Atta_1,1430.0,787.1,122.4,14.5,-0.1,,,,
112.338,1,Atta_1,1425.1,794.7,122.4,9.0,0.0,,,,
112.389,1,Atta_1,1419.6,801.6,122.4,8.8,0.0,,,,
112.389,2,Atta_2,1242.5,1115.0,6.1,-5.0,0.0,4527.1,1114.4,25.9,227
112.443,1,Atta_1,1423.1,807.7,122.4,7.0,0.0,,,,
112.443,2,Atta_2,1264.7,1096.1,20.7,29.2,14.6,4527.1,1114.4,25.9,282
112.497,1,Atta_1,1421.3,813.0,123.6,5.6,1.2,,,,
112.605,1,Atta_1,1411.3,821.3,123.7,13.0,0.1,,,,
112.707,1,Atta_1,1409.9,829.6,123.7,8.4,0.0,,,,
112.778,1,Atta_1,1404.6,835.1,123.7,7.6,0.0,,,,
112.91,3,Atta_3,2128.2,369.4,48.9,-29.3,-1.2,2100.9,366.3,61.1,317
112.972,2,Atta_2,1270.3,1091.3,20.5,7.4,-0.2,4527.1,1114.4,36.5,312
113.027,1,Atta_1,1410.6,839.9,124.1,7.7,0.4,,,,
113.027,2,Atta_2,1275.1,1095.0,20.5,6.1,0.0,4527.1,1114.4,36.5,363
113.027,3,Atta_3,2135.2,373.8,47.5,8.3,-1.4,2100.9,366.3,61.1,435
113.027,4,Atta_4,1958.4,627.4,13.7,8.1,0.2,1878.8,617.5,26.9,159
113.117,3,Atta_3,2157.7,356.4,49.9,28.4,2.4,2100.9,366.3,61.1,32
113.117,4,Atta_4,1953.3,628.3,14.9,-5.2,1.2,1878.8,617.5,26.9,255
113.174,1,Atta_1,1405.8,837.5,124.1,5.4,0.0,,,,
113.174,2,Atta_2,1282.1,1084.7,20.1,12.5,-0.4,4527.1,1114.4,36.3,11
113.174,3,Atta_3,2154.9,353.2,49.9,-4.3,0.0,2100.9,366.3,61.1,85
113.239,4,Atta_4,1954.5,622.9,13.5,-5.5,-1.4,1878.8,617.5,26.9,369
113.341,1,Atta_1,1402.2,835.2,124.1,4.3,0.0,,,,
113.341,2,Atta_2,1280.1,1080.4,19.0,-4.7,-1.1,4527.1,1114.4,36.3,195
113.341,3,Atta_3,2149.9,352.0,50.0,-5.1,0.1,2100.9,366.3,61.1,269
113.425,1,Atta_1,1398.0,833.0,124.0,4.7,-0.1,,,,
113.425,2,Atta_2,1279.8,1076.2,19.2,-4.2,0.2,4527.1,1114.4,36.3,280
113.425,3,Atta_3,2145.3,350.0,50.0,-5.0,0.0,2100.9,366.3,61.1,354
113.425,4,Atta_4,1948.0,620.1,13.5,-7.1,0.0,1878.8,617.5,26.9,60
113.512,1,Atta_1,1402.8,835.3,124.0,-5.3,0.0,,,,
113.512,2,Atta_2,1284.0,1078.5,19.5,4.8,0.3,4527.1,1114.4,36.3,359
113.512,3,Atta_3,2149.9,352.0,49.9,5.0,-0.1,2100.9,366.3,61.1,432
113.512,4,Atta_4,1952.2,622.4,13.5,4.8,0.0,1878.8,617.5,26.9,139
113.584,1,Atta_1,1399.5,833.1,124.0,4.0,0.0,,,,
113.584,2,Atta_2,1275.3,1080.4,19.8,-8.9,0.3,4527.1,1114.4,36.3,429
113.584,3,Atta_3,2112.9,374.8,49.1,-43.5,-0.8,2100.9,366.3,61.1,3
113.654,1,Atta_1,1403.1,835.5,124.0,-4.3,0.0,,,,
113.654,2,Atta_2,1279.3,1082.8,20.0,4.7,0.2,4527.1,1114.4,36.3,494
113.654,3,Atta_3,2151.1,352.1,49.9,44.4,0.8,2100.9,366.3,61.1,67
113.772,1,Atta_1,1406.8,837.1,123.6,-4.0,-0.4,,,,
113.772,3,Atta_3,2154.8,353.5,49.9,4.0,0.0,2100.9,366.3,61.1,181
113.772,4,Atta_4,1956.5,624.1,13.4,4.6,-0.1,1878.8,617.5,26.9,388
113.837,1,Atta_1,1401.2,834.1,120.3,6.4,-3.3,,,,
113.837,3,Atta_3,2147.4,353.2,49.9,-7.4,0.0,2100.9,366.3,61.1,244
113.837,4,Atta_4,1951.6,621.9,13.4,-5.4,0.0,1878.8,617.5,26.9,451
113.9,1,Atta_1,1404.7,835.2,112.3,-3.7,-8.0,,,,
113.9,3,Atta_3,2152.5,355.6,49.9,5.6,0.0,2100.9,366.3,61.1,307
113.9,4,Atta_4,1956.5,624.1,13.5,5.4,0.1,1878.8,617.5,27.0,29
114.004,1,Atta_1,1400.5,833.4,103.2,-4.6,-9.1,,,,
114.078,1,Atta_1,1399.2,834.3,88.9,1.6,-14.3,,,,
114.078,3,Atta_3,2129.3,373.5,48.1,-29.3,-1.8,2100.9,366.3,61.1,495
114.181,1,Atta_1,1393.9,832.4,79.8,-5.6,-9.1,,,,
114.246,1,Atta_1,1388.5,830.8,71.7,-5.6,-8.1,,,,
114.246,2,Atta_2,1271.8,1080.9,22.6,-7.7,2.6,4527.1,1114.4,40.3,84
114.246,3,Atta_3,2128.0,369.7,48.1,-4.0,0.0,2100.9,366.3,61.1,116
114.246,4,Atta_4,1950.5,621.0,13.5,-6.8,0.0,1878.8,617.5,27.0,378
114.3,1,Atta_1,1387.9,831.3,67.4,0.8,-4.3,,,,
114.3,3,Atta_3,2146.7,352.0,49.9,-25.7,1.8,2100.9,366.3,61.1,170
114.354,1,Atta_1,1383.0,830.1,65.6,-5.0,-1.8,,,,
114.354,2,Atta_2,1266.4,1080.9,23.3,-5.4,0.7,4527.1,1114.4,40.3,194
114.354,3,Atta_3,2145.2,348.1,49.9,-4.2,0.0,2100.9,366.3,61.1,226
114.354,4,Atta_4,1945.7,619.5,13.5,-5.0,0.0,1878.8,617.5,27.0,488
114.516,1,Atta_1,1386.7,831.7,64.8,4.0,-0.8,,,,
114.516,2,Atta_2,1270.8,1081.2,23.4,4.4,0.1,4527.1,1114.4,40.3,354
114.516,3,Atta_3,2146.0,352.1,49.8,4.1,-0.1,2100.9,366.3,61.1,386
114.516,4,Atta_4,1949.2,621.4,13.6,4.0,0.1,1878.8,617.5,27.1,143
114.637,1,Atta_1,1390.5,833.4,64.6,4.2,-0.2,,,,
114.637,2,Atta_2,1275.5,1084.2,23.0,5.6,-0.4,4527.1,1114.4,40.3,475
114.637,4,Atta_4,1953.2,622.7,13.6,4.2,0.0,1878.8,617.5,27.1,264
114.702,2,Atta_2,1281.3,1087.4,23.0,6.6,0.0,4534.6,1120.6,39.7,40
114.702,3,Atta_3,2155.0,353.6,50.0,9.1,0.2,2100.9,366.3,61.1,112
114.832,1,Atta_1,1396.6,836.7,64.4,6.9,-0.2,,,,
114.832,4,Atta_4,1959.3,626.1,13.6,7.0,0.0,1878.8,617.5,27.1,456
114.883,1,Atta_1,1393.0,834.2,64.6,-4.4,0.2,,,,
114.883,2,Atta_2,1288.9,1092.5,23.9,9.2,0.9,4534.6,1120.6,39.7,222
114.883,4,Atta_4,1955.7,623.6,13.6,-4.4,0.0,1878.8,617.5,27.1,19
114.934,2,Atta_2,1288.9,1101.4,24.0,8.9,0.1,4534.6,1120.6,39.7,273
114.989,1,Atta_1,1388.2,832.2,64.4,-5.2,-0.2,,,,
114.989,3,Atta_3,2148.4,351.6,50.1,-6.9,0.1,2100.9,366.3,61.1,398
114.989,4,Atta_4,1950.1,622.0,13.6,-5.8,0.0,1878.8,617.5,27.1,122
115.042,2,Atta_2,1285.1,1099.6,23.9,-4.2,-0.1,4534.6,1120.6,39.7,381
115.098,2,Atta_2,1318.2,1108.4,22.3,34.2,-1.6,4534.6,1120.6,39.7,435
115.152,1,Atta_1,1392.1,834.7,64.5,4.6,0.1,,,,
115.152,3,Atta_3,2152.1,354.7,49.8,4.8,-0.3,2100.9,366.3,61.1,65
115.152,4,Atta_4,1955.1,624.1,13.4,5.4,-0.2,1878.8,617.5,27.1,288
115.209,2,Atta_2,1322.6,1119.5,21.6,11.9,-0.7,4577.8,1156.0,38.6,39
115.209,3,Atta_3,2130.8,374.3,48.5,28.9,-1.3,2100.9,366.3,61.1,121
115.33,2,Atta_2,1318.5,1126.8,22.3,-8.4,0.7,4577.8,1156.0,38.6,160
115.33,3,Atta_3,2126.9,372.0,47.3,-4.5,-1.2,2100.9,366.3,61.1,241
115.43,2,Atta_2,1319.3,1149.3,25.1,22.5,2.8,4577.8,1156.0,38.6,268
115.496,2,Atta_2,1332.1,1153.8,25.7,13.6,0.6,4577.8,1156.0,38.6,334
115.496,3,Atta_3,2132.9,371.4,47.3,6.0,0.0,2100.9,366.3,61.1,415
115.562,2,Atta_2,1336.7,1155.3,25.7,4.8,0.0,4577.8,1156.0,38.6,394
115.618,2,Atta_2,1345.4,1155.3,26.0,8.7,0.3,4577.8,1156.0,38.6,449
115.749,2,Atta_2,1354.2,1157.5,26.0,9.1,0.0,4620.0,1190.4,39.6,88
115.749,3,Atta_3,2149.6,351.9,49.8,-25.7,2.5,2100.9,366.3,61.1,174
115.809,1,Atta_1,1388.2,832.0,64.3,-4.7,-0.2,,,,
115.809,2,Atta_2,1357.4,1161.4,25.9,5.0,-0.1,4620.0,1190.4,39.6,141
115.809,4,Atta_4,1951.2,621.3,13.5,-4.8,0.1,1878.8,617.5,27.1,447
116.172,1,Atta_1,1394.1,836.2,64.3,7.2,0.0,,,,
116.172,2,Atta_2,1363.1,1166.1,26.0,7.4,0.1,4620.3,1190.6,39.5,11
116.172,3,Atta_3,2154.6,355.2,49.8,6.0,0.0,2100.9,366.3,61.1,97
116.172,4,Atta_4,1956.8,625.3,13.5,6.9,0.0,1878.8,617.5,27.2,323
116.245,1,Atta_1,1387.5,831.7,64.4,-8.0,0.1,,,,
116.245,2,Atta_2,1357.3,1161.4,25.7,-7.5,-0.3,4620.3,1190.6,39.5,86
116.245,3,Atta_3,2147.9,351.1,49.8,-7.9,0.0,2100.9,366.3,61.1,172
116.245,4,Atta_4,1950.6,620.8,13.5,-7.7,0.0,1878.8,617.5,27.2,398
116.485,3,Atta_3,2152.8,351.0,49.6,4.9,-0.2,2100.9,366.3,61.1,413
116.893,1,Atta_1,1394.0,835.9,64.3,7.7,-0.1,,,,
116.893,2,Atta_2,1364.2,1165.3,25.7,7.9,0.0,4620.4,1190.7,38.9,218
116.893,3,Atta_3,2154.7,354.7,49.8,4.2,0.2,2100.9,366.3,61.1,299
116.893,4,Atta_4,1956.9,624.9,13.5,7.5,0.0,1878.8,617.5,27.3,44
116.98,1,Atta_1,1390.5,833.8,64.3,-4.1,0.0,,,,
116.98,2,Atta_2,1360.6,1163.3,25.7,-4.1,0.0,4620.4,1190.7,38.9,311
116.98,3,Atta_3,2130.2,368.4,47.3,-28.1,-2.5,2100.9,366.3,61.1,392
117.151,3,Atta_3,2151.0,351.8,49.7,26.6,2.4,2100.9,366.3,61.1,75
117.151,4,Atta_4,1952.6,622.5,13.6,-4.9,0.1,1878.8,617.5,27.3,297
117.296,2,Atta_2,1357.1,1166.4,19.1,-4.7,-6.6,4131.6,1235.6,32.2,129
117.374,2,Atta_2,1357.5,1168.3,12.1,1.9,-7.0,4131.6,1235.6,32.2,204
117.449,2,Atta_2,1357.5,1168.9,2.2,0.6,-9.9,4131.6,1235.6,32.2,277
117.523,2,Atta_2,1360.8,1171.7,357.0,4.3,-5.2,4131.6,1235.6,32.2,351
117.74,2,Atta_2,1367.1,1174.2,353.1,6.8,-3.9,4131.6,1235.6,7.6,52
117.74,3,Atta_3,2155.2,352.4,49.5,4.2,-0.2,2100.9,366.3,61.1,161
117.947,3,Atta_3,2149.7,350.1,49.5,-6.0,0.0,2100.9,366.3,61.1,368
118.014,2,Atta_2,1364.9,1171.5,347.6,-3.5,-5.5,4131.6,1235.6,7.6,319
118.014,3,Atta_3,2127.5,366.8,46.9,-27.8,-2.6,2100.9,366.3,61.1,427
118.068,1,Atta_1,1385.7,830.4,64.5,-5.9,0.2,,,,
118.068,3,Atta_3,2147.5,348.7,49.6,27.0,2.7,2100.9,366.3,61.1,477
118.068,4,Atta_4,1948.9,619.5,13.4,-4.8,-0.2,1878.8,617.5,27.3,202
118.357,1,Atta_1,1393.9,835.6,64.7,9.7,0.2,,,,
118.357,2,Atta_2,1370.5,1178.6,345.5,9.0,-2.1,4131.6,1235.6,1.5,132
118.357,3,Atta_3,2155.7,354.1,49.8,9.8,0.2,2100.9,366.3,61.1,267
118.357,4,Atta_4,1957.2,624.8,13.4,9.8,0.0,1878.8,617.5,27.3,492
118.729,3,Atta_3,2151.7,353.4,49.6,-4.1,-0.2,2100.9,366.3,61.1,146
118.793,1,Atta_1,1389.2,833.3,64.5,-5.2,-0.2,,,,
118.793,2,Atta_2,1366.5,1175.5,345.5,-5.1,0.0,4131.6,1235.6,359.3,96
118.793,4,Atta_4,1952.3,622.5,13.6,-5.4,0.2,1878.8,617.5,27.3,422
119.023,3,Atta_3,2128.1,368.0,47.0,-27.8,-2.6,2100.9,366.3,61.1,448
119.098,3,Atta_3,2151.1,350.7,49.5,28.8,2.5,2100.9,366.3,61.2,6
119.152,1,Atta_1,1393.3,835.1,64.4,4.5,-0.1,,,,
119.152,2,Atta_2,1369.9,1178.5,345.4,4.5,-0.1,4131.6,1235.6,359.3,455
119.152,3,Atta_3,2153.0,355.0,49.5,4.7,0.0,2100.9,366.3,61.2,61
119.152,4,Atta_4,1956.5,624.2,13.4,4.5,-0.2,1878.8,617.5,27.3,279
119.208,2,Atta_2,1378.1,1173.0,345.3,9.9,-0.1,4144.6,1235.6,0.7,31
119.338,2,Atta_2,1392.1,1166.6,345.9,15.4,0.6,4144.6,1235.6,0.7,174
119.401,2,Atta_2,1394.1,1153.2,344.7,13.5,-1.2,4144.6,1235.6,0.7,223
119.401,4,Atta_4,1945.6,624.5,14.9,-10.9,1.5,1878.8,617.5,27.3,34
119.453,1,Atta_1,1389.4,833.2,64.5,-4.3,0.1,,,,
119.453,2,Atta_2,1405.0,1153.2,343.1,10.9,-1.6,4144.6,1235.6,0.7,279
119.453,4,Atta_4,1952.8,622.2,13.5,7.6,-1.4,1878.8,617.5,27.3,136
119.569,2,Atta_2,1410.3,1151.8,343.1,5.5,0.0,4144.6,1235.6,0.7,415
119.569,3,Atta_3,2148.0,350.6,49.9,-6.7,0.4,2100.9,366.3,61.1,2
119.658,1,Atta_1,1384.4,830.2,64.5,-5.8,0.0,,,,
119.658,2,Atta_2,1411.6,1146.7,343.1,5.3,0.0,4144.6,1235.6,0.7,485
119.658,4,Atta_4,1948.1,619.1,13.4,-5.6,-0.1,1878.8,617.5,27.3,296
119.717,2,Atta_2,1425.4,1146.7,344.4,13.8,1.3,4200.2,1234.8,358.7,40
119.717,3,Atta_3,2142.8,351.4,49.9,-5.3,0.0,2100.9,366.3,61.1,128
119.769,2,Atta_2,1437.2,1147.0,344.4,11.8,0.0,4200.2,1234.8,358.7,92
119.769,3,Atta_3,2125.4,365.1,47.3,-22.1,-2.6,2100.9,366.3,61.1,180
119.821,2,Atta_2,1441.8,1153.5,345.1,8.0,0.7,4200.2,1234.8,358.7,147
119.885,3,Atta_3,2144.7,350.3,49.8,24.3,2.5,2100.9,366.3,61.1,297
119.936,2,Atta_2,1452.6,1149.7,345.2,11.4,0.1,4200.2,1234.8,358.7,259
119.992,1,Atta_1,1388.3,832.4,64.7,4.5,0.2,,,,
119.992,2,Atta_2,1470.0,1134.9,343.1,22.8,-2.1,4200.2,1234.8,358.7,314
120.056,3,Atta_3,2150.9,352.9,49.7,6.7,-0.1,2100.9,366.3,61.1,463
120.056,4,Atta_4,1953.5,622.7,13.6,6.5,0.2,1878.8,617.5,27.3,188
120.184,2,Atta_2,1469.9,1151.9,344.7,-17.0,1.6,4220.7,1234.3,357.9,5
120.238,1,Atta_1,1392.7,835.0,64.7,5.1,0.0,,,,
120.293,2,Atta_2,1476.1,1139.8,341.9,13.6,-2.8,4220.7,1234.3,357.9,114
120.419,1,Atta_1,1387.2,831.7,64.6,-6.4,-0.1,,,,
120.419,2,Atta_2,1471.1,1135.3,341.9,-6.7,0.0,4220.7,1234.3,357.9,239
120.532,2,Atta_2,1479.9,1126.3,345.8,12.6,3.9,4220.7,1234.3,357.9,369
120.532,3,Atta_3,2128.7,366.5,47.3,-26.0,-2.4,2100.9,366.3,61.1,450
120.601,3,Atta_3,2121.7,369.7,47.3,-7.7,0.0,2100.9,366.3,61.1,13
120.601,4,Atta_4,1949.5,620.9,13.6,-4.4,0.0,1878.8,617.5,27.4,232
120.654,2,Atta_2,1472.4,1136.2,344.9,-12.4,-0.9,4220.7,1234.3,357.9,475
120.717,3,Atta_3,2152.4,351.2,49.7,35.8,2.4,2100.9,366.3,61.1,128
120.77,1,Atta_1,1394.7,836.4,64.6,8.9,0.0,,,,
120.77,2,Atta_2,1478.4,1140.6,341.9,7.4,-3.0,4220.7,1234.3,357.6,96
120.77,3,Atta_3,2156.9,354.3,49.7,5.5,0.0,2100.9,366.3,61.1,182
120.77,4,Atta_4,1957.5,625.8,13.5,9.4,-0.1,1878.8,617.5,27.4,401
120.825,3,Atta_3,2128.8,374.9,48.3,-34.8,-1.4,2100.9,366.3,61.1,235
120.88,1,Atta_1,1388.1,831.8,64.5,-8.0,-0.1,,,,
120.88,2,Atta_2,1472.0,1135.7,341.8,-8.1,-0.1,4220.7,1234.3,357.6,206
120.88,3,Atta_3,2122.3,370.3,47.5,-8.0,-0.8,2100.9,366.3,61.1,292
120.88,4,Atta_4,1951.0,621.2,13.4,-8.0,-0.1,1878.8,617.5,27.4,16
121.052,2,Atta_2,1468.7,1148.3,344.5,-13.0,2.7,4220.7,1234.3,357.6,390
121.052,3,Atta_3,2127.1,366.5,47.5,6.1,0.0,2100.9,366.3,61.1,477
121.132,3,Atta_3,2148.4,350.7,49.8,26.5,2.3,2100.9,366.3,61.1,38
121.183,2,Atta_2,1471.4,1151.4,344.5,4.1,0.0,4221.6,1234.3,357.0,6
121.238,1,Atta_1,1382.7,829.0,64.3,-6.1,-0.2,,,,
121.238,2,Atta_2,1467.1,1134.5,341.6,17.4,-2.9,4221.6,1234.3,357.0,61
121.238,3,Atta_3,2143.6,347.6,49.8,-5.7,0.0,2100.9,366.3,61.1,146
121.238,4,Atta_4,1945.2,618.3,13.4,-6.5,0.0,1878.8,617.5,27.4,372
121.295,1,Atta_1,1387.5,831.9,64.3,5.6,0.0,,,,
121.295,2,Atta_2,1471.9,1137.3,341.6,5.6,0.0,4221.6,1234.3,357.0,119
121.295,3,Atta_3,2148.4,350.5,49.8,5.6,0.0,2100.9,366.3,61.1,204
121.295,4,Atta_4,1949.8,621.2,13.5,5.4,0.1,1878.8,617.5,27.4,429
121.649,1,Atta_1,1392.2,834.2,64.6,5.2,0.3,,,,
121.649,2,Atta_2,1477.0,1139.6,341.8,5.6,0.2,4221.6,1234.3,357.0,475
121.649,3,Atta_3,2153.7,352.7,49.9,5.7,0.1,2100.9,366.3,61.1,62
121.649,4,Atta_4,1954.9,623.4,13.5,5.6,0.0,1878.8,617.5,27.5,285
121.767,4,Atta_4,1946.9,625.0,15.0,-8.2,1.5,1878.8,617.5,27.5,400
121.82,2,Atta_2,1474.7,1144.8,339.6,-5.7,-2.2,4221.6,1234.3,355.8,143
121.82,3,Atta_3,2149.2,352.0,50.0,-4.6,0.1,2100.9,366.3,61.1,229
121.878,2,Atta_2,1477.5,1144.8,333.1,2.8,-6.5,4221.6,1234.3,355.8,202
121.878,4,Atta_4,1952.1,621.7,13.5,6.2,-1.5,1878.8,617.5,27.5,13
121.933,1,Atta_1,1385.6,831.1,64.5,-7.3,-0.1,,,,
121.933,2,Atta_2,1474.2,1143.0,324.7,-3.8,-8.4,4221.6,1234.3,355.8,257
121.986,3,Atta_3,2122.5,370.8,47.4,-32.7,-2.6,2100.9,366.3,61.1,396
122.044,2,Atta_2,1477.7,1146.6,317.1,5.0,-7.6,4221.6,1234.3,355.8,370
122.044,3,Atta_3,2148.0,351.9,49.9,31.7,2.5,2100.9,366.3,61.1,456
122.1,2,Atta_2,1476.3,1158.7,312.1,-12.2,-5.0,4221.6,1234.3,355.8,435
122.166,4,Atta_4,1947.5,619.6,13.5,-5.1,0.0,1878.8,617.5,27.5,309
122.229,2,Atta_2,1473.4,1157.1,308.0,-3.3,-4.1,4221.6,1234.3,317.0,53
122.356,2,Atta_2,1477.3,1158.8,305.6,4.3,-2.4,4221.6,1234.3,317.0,178
122.356,3,Atta_3,2122.6,370.1,47.9,-31.2,-2.0,2100.9,366.3,61.1,275
122.5,3,Atta_3,2147.5,348.9,49.8,32.7,1.9,2100.9,366.3,61.1,418
122.699,1,Atta_1,1391.9,834.3,64.6,7.1,0.1,,,,
122.699,2,Atta_2,1481.4,1161.6,304.9,5.0,-0.7,4221.6,1234.3,314.8,37
122.699,3,Atta_3,2152.3,353.4,49.9,6.6,0.1,2100.9,366.3,61.1,116
122.699,4,Atta_4,1954.1,623.8,13.4,7.8,-0.1,1878.8,617.5,27.5,348
122.857,1,Atta_1,1386.7,831.2,64.5,-6.1,-0.1,,,,
122.857,2,Atta_2,1476.4,1158.0,304.9,6.2,0.0,4221.6,1234.3,314.8,193
122.857,3,Atta_3,2147.1,350.4,49.7,-6.0,-0.2,2100.9,366.3,61.1,272
122.857,4,Atta_4,1949.1,620.7,13.5,-5.9,0.1,1878.8,617.5,27.5,2
123.084,3,Atta_3,2151.2,350.8,49.9,4.1,0.2,2100.9,366.3,61.1,11
123.169,3,Atta_3,2146.8,348.8,49.8,-4.8,-0.1,2100.9,366.3,61.1,98
123.254,1,Atta_1,1390.0,833.6,63.8,4.1,-0.7,,,,
123.254,3,Atta_3,2150.7,351.3,49.8,4.6,0.0,2100.9,366.3,61.1,185
123.342,2,Atta_2,1480.1,1159.8,304.9,4.1,0.0,4221.6,1234.3,314.7,187
123.342,4,Atta_4,1953.8,621.7,13.4,4.8,-0.1,1878.8,617.5,27.5,495
123.422,1,Atta_1,1392.1,838.3,54.6,5.1,-9.2,,,,
123.422,3,Atta_3,2125.3,372.1,47.5,-32.8,-2.3,2100.9,366.3,61.1,352
123.695,3,Atta_3,2152.1,351.9,49.8,33.6,2.3,2100.9,366.3,61.1,127
124.033,2,Atta_2,1482.2,1164.0,304.3,-4.7,-0.6,4221.6,1234.3,314.6,378
124.122,2,Atta_2,1475.7,1162.1,301.7,-6.8,-2.6,4221.6,1234.3,314.6,466
124.21,1,Atta_1,1387.1,835.8,53.9,-5.6,-0.7,,,,
124.21,2,Atta_2,1468.2,1163.4,298.2,-7.6,-3.5,4370.8,1049.9,308.0,57
124.21,3,Atta_3,2146.7,350.0,49.8,-5.7,0.0,2100.9,366.3,61.1,140
124.21,4,Atta_4,1948.5,620.3,13.5,-5.5,0.1,1878.8,617.5,27.6,367
124.309,2,Atta_2,1462.4,1183.2,298.2,-20.6,0.0,4370.8,1049.9,308.0,144
124.374,1,Atta_1,1391.0,838.0,54.2,4.5,0.3,,,,
124.374,2,Atta_2,1461.8,1193.1,300.0,-9.9,1.8,4370.8,1049.9,308.0,213
124.374,4,Atta_4,1952.6,622.4,13.3,4.6,-0.2,1878.8,617.5,27.6,21
124.452,3,Atta_3,2125.2,371.7,48.4,30.5,-1.4,2100.9,366.3,61.1,375
124.597,2,Atta_2,1460.5,1197.3,302.0,-4.4,2.0,4370.8,1049.9,308.0,431
124.597,3,Atta_3,2152.6,353.3,49.9,33.0,1.5,2100.9,366.3,61.1,17
124.818,1,Atta_1,1394.7,840.1,55.6,4.3,1.4,,,,
124.818,4,Atta_4,1955.5,625.1,13.5,4.0,0.2,1878.8,617.5,27.6,460
125.393,1,Atta_1,1387.5,834.7,57.6,-9.0,2.0,,,,
125.393,2,Atta_2,1465.2,1165.1,291.7,32.5,-10.3,4956.5,374.9,311.3,230
125.393,3,Atta_3,2146.1,350.0,49.9,-7.3,0.0,2100.9,366.3,61.1,316
125.393,4,Atta_4,1948.6,619.7,13.4,-8.8,-0.1,1878.8,617.5,27.6,38
125.468,3,Atta_3,2124.6,366.0,48.5,-26.8,-1.4,2100.9,366.3,61.1,393
125.546,1,Atta_1,1392.5,842.2,58.2,9.0,0.6,,,,
125.546,2,Atta_2,1459.4,1179.5,289.6,-15.5,-2.1,4956.5,374.9,311.3,385
125.546,3,Atta_3,2120.4,370.0,48.5,5.8,0.0,2100.9,366.3,61.1,471
125.625,1,Atta_1,1397.6,848.5,58.2,8.1,0.0,,,,
125.625,2,Atta_2,1458.5,1197.3,290.3,-17.8,0.7,4956.5,374.9,311.3,463
125.7,1,Atta_1,1412.4,865.3,58.0,22.4,-0.2,,,,
125.7,2,Atta_2,1468.5,1203.7,290.3,-11.9,0.0,4956.5,374.9,299.4,35
125.7,3,Atta_3,2137.4,372.8,47.4,17.2,-1.1,2100.9,366.3,61.2,124
125.7,4,Atta_4,1961.3,626.9,13.4,14.6,0.0,1878.8,617.5,27.6,346
125.775,1,Atta_1,1416.3,874.0,57.4,9.5,-0.6,,,,
125.775,3,Atta_3,2158.5,357.1,49.6,26.3,2.2,2100.9,366.3,61.2,193
125.84,1,Atta_1,1412.1,876.3,57.4,-4.8,0.0,,,,
125.84,2,Atta_2,1462.2,1180.9,287.2,23.7,-3.1,4956.5,374.9,299.4,160
125.84,3,Atta_3,2149.6,351.5,49.6,-10.5,0.0,2100.9,366.3,61.2,250
125.84,4,Atta_4,1951.4,621.6,13.5,-11.2,0.1,1878.8,617.5,27.6,471
125.904,1,Atta_1,1419.2,886.5,58.0,12.4,0.6,,,,
125.904,3,Atta_3,2124.4,370.0,47.5,-31.3,-2.1,2100.9,366.3,61.2,314
125.969,1,Atta_1,1425.8,893.9,58.2,9.9,0.2,,,,
126.076,1,Atta_1,1429.1,902.0,58.2,8.7,0.0,,,,
126.148,1,Atta_1,1438.0,914.1,58.4,15.0,0.2,,,,
126.148,2,Atta_2,1469.1,1185.3,277.2,-8.2,-10.0,4956.5,374.9,299.4,472
126.148,3,Atta_3,2154.4,353.4,49.8,34.3,2.3,2100.9,366.3,61.1,57
126.148,4,Atta_4,1954.9,624.7,13.5,4.7,0.0,1878.8,617.5,27.7,282
126.207,1,Atta_1,1438.6,919.8,58.4,5.7,0.0,,,,
126.207,2,Atta_2,1469.9,1197.2,264.5,-11.9,-12.7,4956.5,374.9,268.7,34
126.267,1,Atta_1,1442.6,925.5,59.0,7.0,0.6,,,,
126.267,2,Atta_2,1468.9,1196.8,255.2,1.1,-9.3,4956.5,374.9,268.7,93
126.267,3,Atta_3,2150.8,350.6,49.9,-4.6,0.1,2100.9,366.3,61.1,177
126.267,4,Atta_4,1951.2,622.1,13.5,-4.5,0.0,1878.8,617.5,27.7,402
126.328,1,Atta_1,1444.3,932.1,59.0,6.8,0.0,,,,
126.328,2,Atta_2,1466.9,1197.9,249.6,-2.3,-5.6,4956.5,374.9,268.7,153
126.386,1,Atta_1,1446.5,935.4,59.2,4.0,0.2,,,,
126.444,1,Atta_1,1455.8,946.1,59.4,14.2,0.2,,,,
126.444,2,Atta_2,1472.6,1200.7,245.9,-6.4,-3.7,4956.5,374.9,268.7,266
126.444,4,Atta_4,1955.1,623.5,13.5,4.1,0.0,1878.8,617.5,27.6,75
126.501,1,Atta_1,1459.9,953.6,59.8,8.5,0.4,,,,
126.57,1,Atta_1,1461.8,959.4,60.2,6.1,0.4,,,,
126.57,2,Atta_2,1471.2,1195.6,245.8,5.3,-0.1,4956.5,374.9,268.7,393
126.634,1,Atta_1,1464.1,966.1,60.6,7.1,0.4,,,,
126.634,4,Atta_4,1951.5,621.4,13.5,-4.2,0.0,1878.8,617.5,27.6,263
126.737,1,Atta_1,1466.4,971.1,60.6,5.5,0.0,,,,
126.737,3,Atta_3,2127.6,367.2,46.8,-28.5,-3.1,2100.9,366.3,61.1,159
126.869,1,Atta_1,1470.1,974.1,60.5,4.8,-0.1,,,,
126.933,3,Atta_3,2152.4,351.6,49.8,29.3,3.0,2100.9,366.3,61.1,343
127.0,3,Atta_3,2149.3,349.1,49.8,-4.0,0.0,2100.9,366.3,61.1,407
127.065,1,Atta_1,1466.1,971.3,60.5,-4.9,0.0,,,,
127.423,1,Atta_1,1472.0,979.0,60.7,9.7,0.2,,,,
127.423,3,Atta_3,2127.9,368.0,47.4,28.6,-2.4,2100.9,366.3,61.1,343
127.493,1,Atta_1,1474.8,984.6,60.8,6.3,0.1,,,,
127.493,2,Atta_2,1473.2,1202.4,244.0,-7.1,-1.8,4956.5,374.9,257.8,322
127.565,1,Atta_1,1478.5,992.0,60.8,8.3,0.0,,,,
127.565,2,Atta_2,1475.7,1210.0,244.0,-8.0,0.0,4956.5,374.9,257.8,392
127.565,3,Atta_3,2147.5,352.9,49.8,24.7,2.4,2100.9,366.3,61.1,485
127.639,1,Atta_1,1480.4,998.3,60.8,6.6,0.0,,,,
127.639,2,Atta_2,1476.8,1216.0,244.0,-6.1,0.0,4956.5,374.9,257.8,462
127.697,1,Atta_1,1491.6,1012.1,60.8,17.8,0.0,,,,
127.697,2,Atta_2,1486.5,1227.6,244.1,-15.1,0.1,4862.2,-43.4,257.1,20
127.697,3,Atta_3,2153.7,352.2,49.8,6.2,0.0,2100.9,366.3,61.1,101
127.748,1,Atta_1,1493.8,1018.9,60.8,7.1,0.0,,,,
127.748,2,Atta_2,1485.2,1233.6,244.1,-6.1,0.0,4862.2,-43.4,257.1,72
127.801,1,Atta_1,1496.1,1022.3,60.7,4.1,-0.1,,,,
127.865,1,Atta_1,1498.8,1028.7,60.7,6.9,0.0,,,,
127.865,2,Atta_2,1487.7,1228.5,244.1,5.7,0.0,4862.2,-43.4,257.1,195
127.865,4,Atta_4,1932.3,629.1,15.3,-20.7,1.8,1878.8,617.5,27.6,5
127.932,1,Atta_1,1503.0,1035.3,60.7,7.8,0.0,,,,
127.932,2,Atta_2,1494.3,1206.5,247.9,23.0,3.8,4862.2,-43.4,257.1,255
127.932,4,Atta_4,1951.6,621.5,13.5,20.7,-1.8,1878.8,617.5,27.6,66
127.996,1,Atta_1,1505.3,1043.8,61.5,8.8,0.8,,,,
127.996,3,Atta_3,2148.2,351.5,49.7,-5.5,-0.1,2100.9,366.3,61.1,400
127.996,4,Atta_4,1932.3,628.3,15.3,-20.5,1.8,1878.8,617.5,27.6,131
128.049,1,Atta_1,1513.2,1053.5,62.3,12.5,0.8,,,,
128.049,2,Atta_2,1489.6,1235.3,243.2,-29.2,-4.7,4862.2,-43.4,257.1,375
128.049,3,Atta_3,2152.2,354.2,50.0,4.8,0.3,2100.9,366.3,61.1,455
128.049,4,Atta_4,1955.4,623.6,13.4,23.6,-1.9,1878.8,617.5,27.6,186
128.165,1,Atta_1,1518.2,1066.4,63.1,13.8,0.8,,,,
128.228,1,Atta_1,1520.0,1070.0,63.1,4.0,0.0,,,,
128.293,1,Atta_1,1520.9,1074.8,62.5,4.9,-0.6,,,,
128.293,2,Atta_2,1484.8,1230.8,244.1,6.6,0.9,4792.4,-345.6,256.8,115
128.293,3,Atta_3,2147.6,351.2,49.9,-5.5,-0.1,2100.9,366.3,61.1,203
128.293,4,Atta_4,1948.6,621.9,13.6,-7.0,0.2,1878.8,617.5,27.6,427
128.36,1,Atta_1,1522.8,1080.3,62.3,5.8,-0.2,,,,
128.465,1,Atta_1,1524.9,1085.1,62.2,5.2,-0.1,,,,
128.644,1,Atta_1,1520.8,1083.6,61.6,-4.4,-0.6,,,,
128.644,2,Atta_2,1478.4,1225.5,243.2,8.3,-0.9,4792.4,-345.6,256.8,492
128.644,3,Atta_3,2143.1,349.5,50.2,-4.8,0.3,2100.9,366.3,61.1,59
128.741,2,Atta_2,1475.8,1219.6,242.6,6.4,-0.6,4776.8,-410.7,256.2,58
128.806,1,Atta_1,1526.1,1083.9,62.3,5.3,0.7,,,,
128.806,2,Atta_2,1478.8,1213.8,242.6,6.5,0.0,4776.8,-410.7,256.2,111
128.806,3,Atta_3,2149.6,350.8,49.9,6.6,-0.3,2100.9,366.3,61.1,199
128.869,2,Atta_2,1475.6,1204.9,244.8,9.5,2.2,4776.8,-410.7,256.2,174
128.931,4,Atta_4,1952.6,621.6,13.4,4.0,-0.2,1878.8,617.5,27.6,71
128.995,1,Atta_1,1526.3,1080.7,68.5,-3.2,6.2,,,,
128.995,2,Atta_2,1471.1,1203.0,246.2,4.9,1.4,4776.8,-410.7,256.2,303
129.058,3,Atta_3,2153.2,352.7,49.8,4.1,-0.1,2100.9,366.3,61.1,453
129.124,2,Atta_2,1468.7,1197.6,249.2,5.9,3.0,4776.8,-410.7,256.2,438
129.435,2,Atta_2,1472.5,1200.5,250.2,-4.8,1.0,4773.4,-427.5,262.8,275
129.506,2,Atta_2,1473.3,1207.5,250.7,-7.0,0.5,4773.4,-427.5,262.8,346
129.578,1,Atta_1,1526.9,1078.4,72.6,-2.4,4.1,,,,
129.578,2,Atta_2,1473.5,1214.0,250.2,-6.5,-0.5,4773.4,-427.5,262.8,415
129.578,3,Atta_3,2125.8,372.4,47.4,-33.7,-2.4,2100.9,366.3,61.0,1
129.656,2,Atta_2,1473.9,1219.7,248.9,-5.7,-1.3,4773.4,-427.5,262.8,486
129.656,3,Atta_3,2148.4,351.2,49.8,-31.0,2.4,2100.9,366.3,61.0,73
129.711,2,Atta_2,1476.4,1227.6,248.9,-8.3,0.0,4719.9,-823.8,261.9,42
129.779,1,Atta_1,1524.7,1072.3,73.5,-6.5,0.9,,,,
129.853,1,Atta_1,1523.0,1066.6,73.7,-5.9,0.2,,,,
129.853,2,Atta_2,1479.6,1230.6,249.5,-4.4,0.6,4719.9,-823.8,261.9,187
129.933,1,Atta_1,1521.6,1060.9,73.7,-5.9,0.0,,,,
129.933,2,Atta_2,1480.8,1234.9,249.5,-4.5,0.0,4719.9,-823.8,261.9,262
129.933,4,Atta_4,1946.1,624.9,14.9,-7.3,1.5,1878.8,617.5,27.6,54
130.004,1,Atta_1,1520.6,1052.0,73.3,-9.0,-0.4,,,,
130.004,3,Atta_3,2130.0,368.9,47.4,25.5,-2.4,2100.9,366.3,61.0,426
130.08,1,Atta_1,1519.5,1044.1,72.8,-8.0,-0.5,,,,
130.08,4,Atta_4,1954.9,623.7,13.5,8.9,-1.4,1878.8,617.5,27.6,203
130.152,3,Atta_3,2152.0,353.9,50.0,26.6,2.6,2100.9,366.3,61.0,51
130.225,1,Atta_1,1514.0,1038.7,72.0,-7.7,-0.8,,,,
130.225,3,Atta_3,2148.3,351.2,50.0,-4.6,0.0,2100.9,366.3,61.0,136
130.225,4,Atta_4,1950.2,621.6,13.5,-5.1,0.0,1878.8,617.5,27.6,360
130.308,2,Atta_2,1475.9,1233.8,249.4,5.0,-0.1,4647.3,-1360.5,262.3,137
130.308,4,Atta_4,1941.2,621.4,14.8,-9.0,1.3,1878.8,617.5,27.6,434
130.383,1,Atta_1,1508.5,1035.5,72.2,-6.4,0.2,,,,
130.383,3,Atta_3,2143.8,347.7,49.9,-5.7,-0.1,2100.9,366.3,61.0,282
130.454,3,Atta_3,2124.5,365.5,48.4,26.3,-1.5,2100.9,366.3,61.0,354
130.454,4,Atta_4,1946.7,620.4,13.5,5.6,-1.3,1878.8,617.5,27.6,101
130.527,1,Atta_1,1517.6,1039.0,72.2,9.7,0.0,,,,
130.527,2,Atta_2,1482.7,1236.7,249.4,-7.4,0.0,4647.3,-1360.5,262.3,362
130.527,3,Atta_3,2150.4,354.8,50.0,28.0,1.6,2100.9,366.3,61.0,435
130.527,4,Atta_4,1954.5,623.6,13.5,8.4,0.0,1878.8,617.5,27.6,181
130.611,3,Atta_3,2125.9,372.9,48.4,-30.5,-1.6,2100.9,366.3,61.0,40
130.695,3,Atta_3,2148.6,354.0,49.8,29.5,1.4,2100.9,366.3,61.0,120
130.776,1,Atta_1,1510.3,1036.1,72.4,-7.9,0.2,,,,
130.776,2,Atta_2,1475.3,1234.1,249.3,7.8,-0.1,4641.1,-1406.2,261.8,115
130.776,3,Atta_3,2146.9,349.9,49.8,-4.4,0.0,2100.9,366.3,61.0,203
130.776,4,Atta_4,1948.8,620.2,13.5,-6.6,0.0,1878.8,617.5,27.6,429
130.859,1,Atta_1,1514.2,1038.5,72.4,4.6,0.0,,,,
130.859,2,Atta_2,1478.8,1227.3,249.2,7.6,-0.1,4641.1,-1406.2,261.8,199
130.859,3,Atta_3,2151.3,352.1,49.9,4.9,0.1,2100.9,366.3,61.0,286
130.859,4,Atta_4,1952.7,622.7,13.5,4.6,0.0,1878.8,617.5,27.5,11
130.94,1,Atta_1,1510.3,1035.9,72.5,-4.7,0.1,,,,
130.94,2,Atta_2,1472.4,1217.8,248.9,11.5,-0.3,4641.1,-1406.2,261.8,281
130.94,3,Atta_3,2147.4,349.6,49.9,-4.6,0.0,2100.9,366.3,61.0,369
130.94,4,Atta_4,1940.6,622.8,14.8,-12.1,1.3,1878.8,617.5,27.5,94
131.024,1,Atta_1,1519.6,1041.1,72.5,10.7,0.0,,,,
131.024,2,Atta_2,1477.5,1213.7,248.4,6.5,-0.5,4641.1,-1406.2,261.8,364
131.024,3,Atta_3,2156.6,354.9,50.0,10.6,0.1,2100.9,366.3,61.0,452
131.024,4,Atta_4,1949.8,628.1,14.8,10.6,0.0,1878.8,617.5,27.5,177
131.107,1,Atta_1,1510.0,1036.0,72.5,-10.9,0.0,,,,
131.107,2,Atta_2,1466.1,1200.7,248.4,17.3,0.0,4641.1,-1406.2,261.8,445
131.107,3,Atta_3,2147.2,349.8,49.8,-10.7,-0.2,2100.9,366.3,61.0,33
131.107,4,Atta_4,1947.5,621.0,13.6,-7.5,-1.2,1878.8,617.5,27.5,258
131.187,2,Atta_2,1465.5,1192.8,248.2,7.9,-0.2,4636.3,-1437.6,260.7,28
131.352,2,Atta_2,1465.2,1188.8,247.6,4.0,-0.6,4636.3,-1437.6,260.7,194
131.436,1,Atta_1,1516.8,1040.3,72.4,8.0,-0.1,,,,
131.436,2,Atta_2,1468.8,1191.1,247.7,-4.3,0.1,4636.3,-1437.6,260.7,278
131.436,3,Atta_3,2151.8,353.0,49.7,5.6,-0.1,2100.9,366.3,61.0,363
131.436,4,Atta_4,1954.0,623.1,13.5,6.8,-0.1,1878.8,617.5,27.5,60
131.522,1,Atta_1,1518.1,1045.6,72.3,5.5,-0.1,,,,
131.522,3,Atta_3,2129.4,367.1,47.0,-26.5,-2.7,2100.9,366.3,61.0,450
131.604,1,Atta_1,1519.8,1055.0,72.4,9.6,0.1,,,,
131.604,2,Atta_2,1472.7,1203.6,247.7,-13.1,0.0,4636.3,-1437.6,260.7,440
131.604,3,Atta_3,2150.0,351.9,49.8,25.6,2.8,2100.9,366.3,61.0,26
131.675,2,Atta_2,1473.9,1214.4,247.7,-10.9,0.0,4571.1,-1835.3,260.8,8
131.741,2,Atta_2,1475.9,1221.5,247.7,-7.4,0.0,4571.1,-1835.3,260.8,76
131.813,2,Atta_2,1480.1,1228.4,248.0,-8.1,0.3,4571.1,-1835.3,260.8,147
131.813,3,Atta_3,2153.9,352.9,49.8,4.0,0.0,2100.9,366.3,61.0,233
131.888,1,Atta_1,1522.0,1051.4,71.6,-4.2,-0.8,,,,
131.961,1,Atta_1,1519.3,1045.4,71.6,-6.6,0.0,,,,
132.032,1,Atta_1,1516.3,1035.8,71.5,-10.1,-0.1,,,,
132.108,1,Atta_1,1511.5,1025.8,71.4,-11.1,-0.1,,,,
132.177,3,Atta_3,2130.1,368.8,47.4,-28.6,-2.4,2100.9,366.3,61.0,84
132.228,1,Atta_1,1514.7,1022.2,71.3,-4.8,-0.1,,,,
132.228,2,Atta_2,1485.2,1232.5,248.1,-6.5,0.1,4516.0,-2176.5,260.9,52
132.228,3,Atta_3,2134.5,372.1,47.0,5.5,-0.4,2100.9,366.3,61.0,137
132.228,4,Atta_4,1950.7,628.2,14.9,-6.1,1.4,1878.8,617.5,27.6,361
132.353,1,Atta_1,1510.6,1018.8,71.4,-5.3,0.1,,,,
132.353,2,Atta_2,1481.5,1230.0,248.1,4.5,0.0,4516.0,-2176.5,260.9,175
132.353,3,Atta_3,2152.7,352.6,49.6,-26.7,2.6,2100.9,366.3,61.0,260
132.353,4,Atta_4,1946.2,625.6,14.9,-5.2,0.0,1878.8,617.5,27.6,484
132.417,1,Atta_1,1503.3,1014.3,71.4,-8.6,0.0,,,,
132.417,2,Atta_2,1474.2,1226.1,247.9,8.3,-0.2,4516.0,-2176.5,260.9,242
132.417,3,Atta_3,2145.4,348.2,49.8,-8.5,0.2,2100.9,366.3,61.0,327
132.417,4,Atta_4,1947.0,618.7,13.5,-6.9,-1.4,1878.8,617.5,27.6,52
132.585,1,Atta_1,1510.5,1016.5,71.2,7.5,-0.2,,,,
132.585,2,Atta_2,1482.3,1230.6,247.9,-9.3,0.0,4516.0,-2176.5,260.9,409
132.585,3,Atta_3,2153.3,352.5,49.8,9.0,0.0,2100.9,366.3,61.0,494
132.585,4,Atta_4,1955.2,623.0,13.5,9.3,0.0,1878.8,617.5,27.6,219
133.055,2,Atta_2,1482.4,1223.0,247.4,7.6,-0.5,4503.0,-2254.9,260.3,410
133.154,2,Atta_2,1475.0,1209.6,247.1,15.3,-0.3,4503.0,-2254.9,260.3,482
133.217,2,Atta_2,1474.5,1204.4,246.4,5.2,-0.7,4499.9,-2272.3,258.4,34
133.399,3,Atta_3,2129.8,368.8,46.8,-28.6,-3.0,2100.9,366.3,61.1,291
133.456,1,Atta_1,1504.8,1013.7,68.9,-6.4,-2.3,,,,
133.456,3,Atta_3,2148.2,349.4,49.6,-26.7,2.8,2100.9,366.3,61.1,344
133.456,4,Atta_4,1950.0,620.0,13.6,-6.0,0.1,1878.8,617.5,27.6,90
133.512,1,Atta_1,1503.4,1013.8,61.8,-1.4,-7.1,,,,
133.512,2,Atta_2,1472.0,1211.7,245.9,-7.7,-0.5,4499.9,-2272.3,258.4,331
133.57,1,Atta_1,1501.7,1015.3,53.7,2.3,-8.1,,,,
133.57,2,Atta_2,1475.0,1219.2,245.9,-8.1,0.0,4499.9,-2272.3,258.4,392
133.627,1,Atta_1,1504.9,1017.8,50.9,4.1,-2.8,,,,
133.627,2,Atta_2,1480.1,1224.6,246.2,-7.4,0.3,4499.9,-2272.3,258.4,445
133.627,3,Atta_3,2150.3,353.0,49.9,4.2,0.3,2100.9,366.3,61.1,36
133.627,4,Atta_4,1953.0,622.9,13.5,4.2,-0.1,1878.8,617.5,27.6,264
133.682,2,Atta_2,1482.3,1232.9,246.2,-8.6,0.0,4422.4,-2655.8,258.3,3
133.738,2,Atta_2,1484.9,1238.1,245.6,-5.8,-0.6,4422.4,-2655.8,258.3,58
133.791,1,Atta_1,1502.4,1017.0,46.9,-2.6,-4.0,,,,
133.791,3,Atta_3,2127.0,367.4,47.3,-27.4,-2.6,2100.9,366.3,61.1,197
133.849,2,Atta_2,1486.7,1241.8,245.6,-4.1,0.0,4422.4,-2655.8,258.3,168
133.849,3,Atta_3,2152.4,352.5,49.7,29.4,2.4,2100.9,366.3,61.1,255
133.914,4,Atta_4,1943.1,623.7,14.8,-9.9,1.3,1878.8,617.5,27.5,47
133.98,2,Atta_2,1482.3,1240.6,245.5,4.6,-0.1,4422.4,-2655.8,258.3,299
133.98,3,Atta_3,2148.0,351.2,49.8,-4.6,0.1,2100.9,366.3,61.1,386
133.98,4,Atta_4,1949.7,621.7,13.5,6.9,-1.3,1878.8,617.5,27.5,112
134.033,1,Atta_1,1497.9,1015.1,41.9,-4.9,-5.0,,,,
134.146,1,Atta_1,1502.9,1018.1,40.9,5.8,-1.0,,,,
134.146,2,Atta_2,1486.3,1240.2,245.9,-4.0,0.4,4422.4,-2655.8,258.3,471
134.209,1,Atta_1,1508.7,1020.5,40.9,6.3,0.0,,,,
134.209,2,Atta_2,1491.7,1243.7,245.6,-6.4,-0.3,4330.3,-3108.5,258.6,35
134.209,3,Atta_3,2156.0,354.4,49.8,8.6,0.0,2100.9,366.3,61.0,131
134.209,4,Atta_4,1958.0,624.7,13.5,8.8,0.0,1878.8,617.5,27.5,354
134.274,1,Atta_1,1502.9,1018.3,40.9,-6.2,0.0,,,,
134.274,2,Atta_2,1484.7,1242.8,245.4,7.1,-0.2,4330.3,-3108.5,258.6,104
134.274,3,Atta_3,2151.0,351.4,49.8,-5.8,0.0,2100.9,366.3,61.0,200
134.274,4,Atta_4,1952.4,622.2,13.5,-6.1,0.0,1878.8,617.5,27.5,423
134.347,1,Atta_1,1512.0,1022.8,40.9,10.2,0.0,,,,
134.347,2,Atta_2,1493.8,1247.3,245.4,-10.2,0.0,4330.3,-3108.5,258.6,175
134.347,3,Atta_3,2160.1,355.9,49.7,10.2,-0.1,2100.9,366.3,61.0,271
134.347,4,Atta_4,1961.3,626.8,13.6,10.0,0.1,1878.8,617.5,27.5,494
134.423,1,Atta_1,1500.9,1017.0,40.9,-12.5,0.0,,,,
134.423,2,Atta_2,1483.9,1240.1,245.7,12.2,0.3,4330.3,-3108.5,258.6,252
134.423,3,Atta_3,2149.0,350.1,49.6,-12.5,-0.1,2100.9,366.3,61.0,348
134.423,4,Atta_4,1950.4,620.9,13.6,-12.4,0.0,1878.8,617.5,27.6,56
134.575,1,Atta_1,1492.6,1011.8,40.9,-9.8,0.0,,,,
134.575,2,Atta_2,1475.6,1234.8,245.8,9.8,0.1,4330.3,-3108.5,258.6,403
134.575,3,Atta_3,2139.0,346.0,49.8,-10.8,0.2,2100.9,366.3,61.0,498
134.575,4,Atta_4,1941.9,615.8,13.5,-9.9,-0.1,1878.8,617.5,27.6,207
134.648,1,Atta_1,1499.0,1015.3,40.9,7.3,0.0,,,,
134.648,2,Atta_2,1481.2,1238.8,245.4,-6.9,-0.4,4330.3,-3108.5,258.6,474
134.648,3,Atta_3,2145.4,349.5,49.8,7.3,0.0,2100.9,366.3,61.0,50
134.648,4,Atta_4,1947.9,619.6,13.6,7.1,0.1,1878.8,617.5,27.6,278
134.992,1,Atta_1,1508.9,1024.4,40.5,13.4,-0.4,,,,
134.992,2,Atta_2,1486.1,1242.2,246.3,-6.0,0.9,4330.3,-3108.5,258.1,322
134.992,3,Atta_3,2150.9,351.6,49.7,5.9,-0.1,2100.9,366.3,61.0,395
134.992,4,Atta_4,1953.1,621.8,13.6,5.6,0.0,1878.8,617.5,27.6,139
135.073,1,Atta_1,1514.6,1029.3,40.5,7.5,0.0,,,,
135.073,2,Atta_2,1485.5,1244.5,251.5,-2.4,5.2,4330.3,-3108.5,258.1,399
135.137,1,Atta_1,1520.5,1035.3,39.6,8.4,-0.9,,,,
135.137,2,Atta_2,1485.3,1244.5,259.3,0.2,7.8,4330.3,-3108.5,258.1,467
135.213,2,Atta_2,1480.8,1221.4,273.6,23.5,14.3,1727.0,-847.2,243.5,53
135.213,3,Atta_3,2145.7,348.4,49.8,-6.1,0.1,2100.9,366.3,61.1,136
135.213,4,Atta_4,1947.6,618.9,13.5,-6.2,-0.1,1878.8,617.5,27.6,369
135.308,1,Atta_1,1527.2,1041.2,40.8,8.9,1.2,,,,
135.308,2,Atta_2,1480.8,1221.4,278.6,0.0,5.0,1727.0,-847.2,243.5,148
135.395,1,Atta_1,1535.4,1046.6,42.4,9.8,1.6,,,,
135.395,2,Atta_2,1476.4,1247.1,289.3,-26.1,10.7,1727.0,-847.2,243.5,238
135.395,3,Atta_3,2150.4,352.2,49.8,6.0,0.0,2100.9,366.3,61.1,320
135.395,4,Atta_4,1952.5,622.3,13.6,6.0,0.1,1878.8,617.5,27.6,53
135.49,2,Atta_2,1474.7,1247.1,296.2,-1.7,6.9,1727.0,-847.2,243.5,332
135.579,2,Atta_2,1473.0,1242.7,310.2,4.7,14.0,1727.0,-847.2,243.5,420
135.664,1,Atta_1,1524.4,1038.0,42.3,-14.0,-0.1,,,,
135.664,2,Atta_2,1469.1,1238.5,312.9,5.7,2.7,1727.3,-850.6,274.0,4
135.664,3,Atta_3,2147.2,348.8,49.8,-4.7,0.0,2100.9,366.3,61.1,90
135.664,4,Atta_4,1948.0,619.9,13.5,-5.1,-0.1,1878.8,617.5,27.6,320
135.744,1,Atta_1,1518.8,1032.2,42.1,-8.1,-0.2,,,,
135.836,1,Atta_1,1513.0,1028.5,41.9,-6.9,-0.2,,,,
135.912,2,Atta_2,1471.2,1247.6,313.3,-9.3,0.4,1727.3,-850.6,274.0,249
135.912,3,Atta_3,2153.1,353.4,49.7,7.5,-0.1,2100.9,366.3,61.1,335
135.912,4,Atta_4,1954.6,624.0,13.5,7.8,0.0,1878.8,617.5,27.6,56
135.996,1,Atta_1,1509.2,1020.7,43.0,-8.7,1.1,,,,
135.996,2,Atta_2,1463.0,1256.8,313.3,-12.3,0.0,1727.3,-850.6,274.0,349
136.099,2,Atta_2,1452.7,1264.5,312.9,-12.9,-0.4,1727.3,-850.6,274.0,441
136.192,2,Atta_2,1448.5,1268.6,312.6,-5.9,-0.3,1759.1,-1443.6,272.5,35
136.28,1,Atta_1,1504.8,1018.6,42.7,-4.9,-0.3,,,,
136.355,2,Atta_2,1444.5,1271.9,312.5,-5.2,-0.1,1759.1,-1443.6,272.5,186
136.355,4,Atta_4,1950.6,623.1,13.6,-4.1,0.1,1878.8,617.5,27.6,1
136.422,3,Atta_3,2150.3,350.1,49.7,-4.3,0.0,2100.9,366.3,61.1,341
136.573,1,Atta_1,1513.4,1022.8,41.6,9.6,-1.1,,,,
136.573,2,Atta_2,1452.5,1278.8,312.2,10.6,-0.3,1759.1,-1443.6,272.5,407
136.573,3,Atta_3,2160.5,356.5,49.6,12.0,-0.1,2100.9,366.3,61.1,495
136.573,4,Atta_4,1961.3,627.7,13.6,11.6,0.0,1878.8,617.5,27.6,221
136.713,1,Atta_1,1504.9,1017.9,41.6,-9.8,0.0,,,,
136.713,2,Atta_2,1443.9,1274.8,312.1,-9.5,-0.1,1774.4,-1793.1,271.9,42
136.713,3,Atta_3,2152.5,351.3,49.6,-9.5,0.0,2100.9,366.3,61.1,115
136.713,4,Atta_4,1953.5,622.7,13.6,-9.3,0.0,1878.8,617.5,27.6,358
136.919,1,Atta_1,1513.3,1023.1,41.5,9.9,-0.1,,,,
136.919,2,Atta_2,1452.1,1280.6,312.1,10.0,0.0,1774.4,-1793.1,271.9,254
136.919,3,Atta_3,2159.9,357.4,49.8,9.6,0.2,2100.9,366.3,61.1,327
136.919,4,Atta_4,1961.3,628.1,13.6,9.5,0.0,1878.8,617.5,27.6,57
137.239,1,Atta_1,1516.8,1028.1,31.6,6.1,-9.9,,,,
137.239,2,Atta_2,1457.1,1282.4,312.2,5.3,0.1,1774.5,-1795.5,271.7,71
137.239,3,Atta_3,2165.1,359.4,49.8,5.6,0.0,2100.9,366.3,61.1,162
137.239,4,Atta_4,1966.6,630.1,13.5,5.7,-0.1,1878.8,617.5,27.6,373
137.31,1,Atta_1,1516.0,1029.6,24.8,1.7,-6.8,,,,
137.383,1,Atta_1,1510.5,1027.7,19.6,-5.8,-5.2,,,,
137.383,2,Atta_2,1455.2,1275.5,311.8,7.2,-0.4,1774.5,-1795.5,271.7,213
137.383,3,Atta_3,2160.0,356.1,49.5,-6.1,-0.3,2100.9,366.3,61.1,304
137.383,4,Atta_4,1961.5,626.7,13.5,-6.1,0.0,1878.8,617.5,27.7,29
137.455,1,Atta_1,1505.6,1025.3,18.4,-5.5,-1.2,,,,
137.455,2,Atta_2,1457.0,1266.5,311.1,9.2,-0.7,1774.5,-1795.5,271.7,286
137.455,3,Atta_3,2132.2,370.7,49.1,-31.4,-0.4,2100.9,366.3,61.1,377
137.455,4,Atta_4,1956.9,624.2,13.5,-5.2,0.0,1878.8,617.5,27.7,102
137.529,2,Atta_2,1462.2,1259.7,310.5,8.6,-0.6,1774.5,-1795.5,271.7,358
137.6,1,Atta_1,1500.2,1022.5,18.2,-6.1,-0.2,,,,
137.6,2,Atta_2,1461.7,1252.1,310.2,7.6,-0.3,1774.5,-1795.5,271.7,435
137.6,3,Atta_3,2126.7,368.1,49.1,-6.1,0.0,2100.9,366.3,61.1,26
137.6,4,Atta_4,1950.7,622.0,13.6,-6.6,0.1,1878.8,617.5,27.7,251
137.682,2,Atta_2,1467.2,1245.9,310.1,8.3,-0.1,1774.8,-1846.1,269.8,15
137.682,3,Atta_3,2149.6,351.0,49.8,28.6,0.7,2100.9,366.3,61.1,106
137.759,2,Atta_2,1471.3,1239.5,310.0,7.6,-0.1,1774.8,-1846.1,269.8,97
137.841,1,Atta_1,1498.3,1023.5,12.0,-2.1,-6.2,,,,
137.841,2,Atta_2,1477.8,1230.6,309.9,11.0,-0.1,1774.8,-1846.1,269.8,177
137.923,2,Atta_2,1483.1,1223.7,310.0,8.7,0.1,1774.8,-1846.1,269.8,291
138.048,2,Atta_2,1490.5,1217.2,309.9,9.8,-0.1,1774.8,-1846.1,269.8,375
138.18,1,Atta_1,1501.7,1025.9,11.9,4.2,-0.1,,,,
138.332,2,Atta_2,1497.0,1220.5,309.9,7.3,0.0,1774.8,-1855.2,270.2,158
138.332,3,Atta_3,2154.8,353.8,49.7,5.9,-0.1,2100.9,366.3,61.2,250
138.332,4,Atta_4,1955.9,624.9,13.6,6.0,0.0,1878.8,617.5,27.7,460
138.394,4,Atta_4,1945.4,625.9,15.0,-10.5,1.4,1878.8,617.5,27.7,37
138.536,2,Atta_2,1492.6,1217.8,309.8,-5.2,-0.1,1774.8,-1855.2,270.2,365
138.536,3,Atta_3,2149.9,351.6,49.8,-5.4,0.1,2100.9,366.3,61.2,457
138.536,4,Atta_4,1951.6,622.0,13.6,7.3,-1.4,1878.8,617.5,27.7,181
138.684,1,Atta_1,1509.0,1025.7,9.6,7.3,-2.3,,,,
138.758,1,Atta_1,1515.6,1028.6,9.6,7.2,0.0,,,,
138.831,2,Atta_2,1483.8,1213.1,309.9,-10.0,0.1,1774.8,-1855.2,270.0,159
138.831,3,Atta_3,2141.1,346.9,49.9,-10.0,0.1,2100.9,366.3,61.2,249
138.831,4,Atta_4,1942.6,617.3,13.4,-10.2,-0.2,1878.8,617.5,27.7,474
138.901,1,Atta_1,1524.4,1026.2,9.2,9.1,-0.4,,,,
138.975,1,Atta_1,1542.1,1032.3,9.3,18.7,0.1,,,,
138.975,2,Atta_2,1493.4,1218.3,309.9,10.9,0.0,1774.8,-1855.2,270.0,305
138.975,3,Atta_3,2150.9,351.6,49.9,10.9,0.0,2100.9,366.3,61.2,395
138.975,4,Atta_4,1952.4,622.2,13.6,11.0,0.2,1878.8,617.5,27.7,84
139.048,1,Atta_1,1554.8,1035.0,10.4,13.0,1.1,,,,
139.048,2,Atta_2,1497.1,1215.1,309.9,4.9,0.0,1774.8,-1855.2,270.0,380
139.123,1,Atta_1,1565.6,1038.0,11.9,11.2,1.5,,,,
139.123,2,Atta_2,1503.8,1211.6,309.8,7.6,-0.1,1774.8,-1855.2,270.0,452
139.123,3,Atta_3,2154.8,353.8,49.9,4.5,0.0,2100.9,366.3,61.2,40
139.123,4,Atta_4,1956.1,624.7,13.6,4.5,0.0,1878.8,617.5,27.7,231
139.193,1,Atta_1,1570.9,1038.5,12.0,5.3,0.1,,,,
139.193,2,Atta_2,1505.7,1204.8,309.8,7.1,0.0,1774.7,-1885.7,270.2,27
139.266,1,Atta_1,1579.8,1040.6,12.0,9.1,0.0,,,,
139.266,2,Atta_2,1510.5,1198.9,310.3,7.6,0.5,1774.7,-1885.7,270.2,96
139.329,1,Atta_1,1589.1,1042.7,10.8,9.5,-1.2,,,,
139.329,2,Atta_2,1516.0,1192.2,310.3,8.7,0.0,1774.7,-1885.7,270.2,164
139.406,1,Atta_1,1598.3,1044.9,9.6,9.5,-1.2,,,,
139.406,2,Atta_2,1521.2,1187.1,309.9,7.3,-0.4,1774.7,-1885.7,270.2,237
139.481,1,Atta_1,1606.9,1047.7,9.5,9.0,-0.1,,,,
139.481,2,Atta_2,1525.2,1184.4,309.9,4.8,0.0,1774.7,-1885.7,270.2,314
139.557,1,Atta_1,1618.2,1047.9,9.5,11.3,0.0,,,,
139.557,2,Atta_2,1530.3,1176.4,310.1,9.5,0.2,1774.7,-1885.7,270.2,388
139.557,3,Atta_3,2149.9,351.2,49.7,-5.5,-0.2,2100.9,366.3,61.2,476
139.557,4,Atta_4,1951.6,621.7,13.6,-5.4,0.0,1878.8,617.5,27.7,203
139.634,1,Atta_1,1626.0,1048.5,9.5,7.8,0.0,,,,
139.634,2,Atta_2,1531.3,1162.8,310.6,13.6,0.5,1774.7,-1885.7,270.2,464
139.699,1,Atta_1,1634.6,1050.5,9.5,8.8,0.0,,,,
139.699,2,Atta_2,1535.3,1167.7,312.1,-6.3,1.5,1775.5,-1929.9,274.6,32
139.774,1,Atta_1,1647.9,1053.6,9.3,13.7,-0.2,,,,
139.843,2,Atta_2,1536.6,1160.6,313.4,7.2,1.3,1775.5,-1929.9,274.6,172
139.913,1,Atta_1,1662.7,1053.7,10.1,14.8,0.8,,,,
139.983,1,Atta_1,1670.3,1055.8,10.6,7.9,0.5,,,,
140.056,1,Atta_1,1677.5,1055.9,11.0,7.2,0.4,,,,
140.056,2,Atta_2,1538.3,1164.7,315.6,-4.4,2.2,1775.5,-1929.9,274.6,384
140.129,1,Atta_1,1686.7,1056.5,11.7,9.2,0.7,,,,
140.197,1,Atta_1,1695.3,1059.8,11.8,9.2,0.1,,,,
140.197,2,Atta_2,1537.9,1158.5,314.4,6.2,-1.2,1787.2,-2032.4,276.5,28
140.266,1,Atta_1,1711.8,1063.0,11.7,16.8,-0.1,,,,
140.266,3,Atta_3,2153.8,352.6,49.7,4.1,0.0,2100.9,366.3,61.2,186
140.333,1,Atta_1,1720.6,1065.4,11.5,9.1,-0.2,,,,
140.333,2,Atta_2,1527.6,1174.7,316.2,-19.2,1.8,1787.2,-2032.4,276.5,160
140.399,1,Atta_1,1725.8,1065.7,10.3,5.2,-1.2,,,,
140.399,2,Atta_2,1517.9,1178.8,316.2,-10.5,0.0,1787.2,-2032.4,276.5,230
140.399,3,Atta_3,2114.8,376.1,49.2,-45.5,-0.5,2100.9,366.3,61.2,321
140.47,1,Atta_1,1734.6,1068.2,10.3,9.1,0.0,,,,
140.54,1,Atta_1,1745.8,1071.0,10.9,11.5,0.6,,,,
140.54,3,Atta_3,2152.8,353.6,49.5,44.2,0.3,2100.9,366.3,61.2,462
140.613,1,Atta_1,1754.9,1072.4,11.8,9.2,0.9,,,,
140.613,2,Atta_2,1517.4,1183.7,316.6,-4.9,0.4,1787.2,-2032.4,276.5,443
140.613,4,Atta_4,1955.2,624.3,13.5,4.4,-0.1,1878.8,617.5,27.7,258
140.677,1,Atta_1,1767.9,1077.8,12.6,14.1,0.8,,,,
140.677,2,Atta_2,1522.6,1184.7,316.4,5.3,-0.2,1787.2,-2032.4,276.5,509
140.677,3,Atta_3,2160.4,355.6,49.5,7.9,0.0,2100.9,366.3,61.3,99
140.677,4,Atta_4,1960.7,627.3,13.5,6.3,0.0,1878.8,617.5,27.7,324
140.756,1,Atta_1,1773.2,1077.8,13.4,5.3,0.8,,,,
140.888,1,Atta_1,1768.3,1074.0,13.6,-6.2,0.2,,,,
140.888,2,Atta_2,1514.3,1177.0,316.0,-11.3,-0.4,1866.5,-2746.8,276.2,188
140.888,3,Atta_3,2152.7,351.4,49.7,-8.8,0.2,2100.9,366.3,61.3,312
140.888,4,Atta_4,1953.2,622.7,13.6,-8.8,0.1,1878.8,617.5,27.7,33
141.106,2,Atta_2,1517.0,1174.1,315.6,4.0,-0.4,1866.5,-2746.8,276.2,408
141.254,1,Atta_1,1777.3,1079.9,13.6,10.8,0.0,,,,
141.254,2,Atta_2,1524.7,1178.4,315.6,8.8,0.0,1866.5,-2746.8,276.3,88
141.254,3,Atta_3,2160.5,357.5,49.7,9.9,0.0,2100.9,366.3,61.3,178
141.254,4,Atta_4,1961.6,628.5,13.6,10.2,0.0,1878.8,617.5,27.7,400
141.332,1,Atta_1,1768.8,1074.3,13.7,-10.2,0.1,,,,
141.332,2,Atta_2,1516.4,1172.4,315.6,-10.2,0.0,1866.5,-2746.8,276.3,164
141.332,3,Atta_3,2152.0,351.6,49.7,-10.3,0.0,2100.9,366.3,61.3,254
141.332,4,Atta_4,1953.4,622.4,13.5,-10.2,-0.1,1878.8,617.5,27.7,476
141.408,1,Atta_1,1764.3,1072.8,13.7,-4.7,0.0,,,,
141.408,2,Atta_2,1511.9,1170.8,315.4,-4.8,-0.2,1866.5,-2746.8,276.3,240
141.408,3,Atta_3,2147.5,350.0,49.7,-4.8,0.0,2100.9,366.3,61.3,330
141.408,4,Atta_4,1948.9,620.8,13.5,-4.8,0.0,1878.8,617.5,27.6,45
141.703,1,Atta_1,1773.1,1077.6,13.3,10.0,-0.4,,,,
141.703,2,Atta_2,1517.5,1175.4,320.9,7.2,5.5,1806.5,-1836.9,288.1,35
141.703,3,Atta_3,2155.9,354.0,49.7,9.3,0.0,2100.9,366.3,61.3,122
141.703,4,Atta_4,1957.1,625.0,13.4,9.2,-0.1,1878.8,617.5,27.6,343
141.783,1,Atta_1,1777.1,1079.0,13.1,4.2,-0.2,,,,
141.862,2,Atta_2,1511.5,1175.3,321.5,-6.0,0.6,1806.5,-1836.9,288.1,196
141.862,3,Atta_3,2126.8,368.4,49.2,-32.5,-0.5,2100.9,366.3,61.3,284
141.862,4,Atta_4,1951.1,621.9,13.5,-6.8,0.1,1878.8,617.5,27.6,2
141.944,1,Atta_1,1785.9,1079.6,13.2,8.8,0.1,,,,
141.944,2,Atta_2,1510.6,1170.9,321.3,4.5,-0.2,1806.5,-1836.9,288.1,275
141.944,3,Atta_3,2148.4,350.7,49.8,27.9,0.6,2100.9,366.3,61.3,363
142.022,1,Atta_1,1798.9,1082.6,13.9,13.3,0.7,,,,
142.094,1,Atta_1,1810.0,1087.7,14.1,12.2,0.2,,,,
142.176,1,Atta_1,1818.4,1089.2,14.3,8.5,0.2,,,,
142.255,1,Atta_1,1827.2,1092.0,14.6,9.2,0.3,,,,
142.33,1,Atta_1,1839.1,1094.3,14.9,12.1,0.3,,,,
142.393,1,Atta_1,1843.3,1095.0,14.9,4.3,0.0,,,,
142.393,4,Atta_4,1947.1,619.5,13.5,-4.7,0.0,1878.8,617.5,27.6,27
142.458,2,Atta_2,1528.8,1188.1,313.1,25.0,-8.2,1806.5,-1836.9,288.1,286
142.458,3,Atta_3,2166.9,359.9,49.7,20.7,-0.1,2100.9,366.3,61.3,374
142.458,4,Atta_4,1968.1,631.0,13.4,23.9,-0.1,1878.8,617.5,27.6,92
142.528,1,Atta_1,1853.7,1096.3,15.6,10.5,0.7,,,,
142.528,2,Atta_2,1508.1,1182.9,309.4,-21.3,-3.7,1806.5,-1836.9,288.1,358
142.528,3,Atta_3,2145.4,349.0,49.7,-24.1,0.0,2100.9,366.3,61.3,446
142.528,4,Atta_4,1947.0,619.6,13.5,-24.0,0.1,1878.8,617.5,27.6,164
142.61,1,Atta_1,1875.9,1103.4,15.6,23.3,0.0,,,,
142.61,2,Atta_2,1514.3,1185.6,302.8,6.8,-6.6,1806.5,-1836.9,288.1,442
142.61,3,Atta_3,2150.9,351.7,49.7,6.1,0.0,2100.9,366.3,61.3,19
142.61,4,Atta_4,1952.5,622.2,13.5,6.1,0.0,1878.8,617.5,27.6,248
142.69,1,Atta_1,1881.7,1104.3,15.7,5.9,0.1,,,,
142.69,2,Atta_2,1512.2,1186.2,295.7,-2.2,-7.1,1806.5,-1836.9,253.5,19
142.69,3,Atta_3,2147.2,349.8,49.7,-4.2,0.0,2100.9,366.3,61.3,97
142.69,4,Atta_4,1948.8,620.4,13.5,-4.1,0.0,1878.8,617.5,27.6,325
142.758,1,Atta_1,1889.9,1106.9,16.3,8.6,0.6,,,,
142.758,2,Atta_2,1517.6,1192.0,293.0,-7.9,-2.7,1806.5,-1836.9,253.5,84
142.758,3,Atta_3,2151.1,351.6,49.7,4.3,0.0,2100.9,366.3,61.3,162
142.758,4,Atta_4,1952.5,622.2,13.5,4.1,0.0,1878.8,617.5,27.6,390
142.822,1,Atta_1,1915.5,1118.3,16.2,28.0,-0.1,,,,
142.822,2,Atta_2,1526.1,1199.4,287.8,-11.3,-5.2,1806.5,-1836.9,253.5,150
142.822,3,Atta_3,2158.5,357.1,49.7,9.2,0.0,2100.9,366.3,61.3,228
142.822,4,Atta_4,1961.0,627.1,13.5,9.8,0.0,1878.8,617.5,27.6,457
142.887,1,Atta_1,1924.9,1120.1,16.2,9.6,0.0,,,,
142.949,1,Atta_1,1919.4,1117.8,16.2,-6.0,0.0,,,,
142.949,2,Atta_2,1519.6,1195.9,284.7,7.4,-3.1,1806.5,-1836.9,253.5,275
142.949,3,Atta_3,2152.7,352.9,49.8,-7.2,0.1,2100.9,366.3,61.3,353
142.949,4,Atta_4,1954.0,623.7,13.7,-7.8,0.2,1878.8,617.5,27.5,81
143.012,1,Atta_1,1929.2,1121.0,16.2,10.3,0.0,,,,
143.077,1,Atta_1,1938.9,1124.3,16.2,10.2,0.0,,,,
143.141,2,Atta_2,1515.9,1192.5,282.1,5.0,-2.6,1806.5,-1836.9,253.5,467
143.141,3,Atta_3,2148.9,350.6,49.6,-4.4,-0.2,2100.9,366.3,61.2,47
143.141,4,Atta_4,1950.3,621.6,13.5,-4.3,-0.2,1878.8,617.5,27.5,273
143.204,1,Atta_1,1950.8,1127.2,16.3,12.2,0.1,,,,
143.204,2,Atta_2,1521.5,1157.8,283.4,35.1,1.3,1806.5,-1836.9,246.2,35
143.276,1,Atta_1,1959.4,1129.0,16.6,8.8,0.3,,,,
143.328,1,Atta_1,1972.8,1134.1,17.1,14.3,0.5,,,,
143.328,2,Atta_2,1519.5,1191.7,281.8,-34.0,-1.6,1806.5,-1836.9,246.2,150
143.388,1,Atta_1,1983.8,1137.7,17.1,11.6,0.0,,,,
143.388,3,Atta_3,2152.6,352.2,49.5,4.0,-0.1,2100.9,366.3,61.2,289
143.454,1,Atta_1,1990.0,1139.5,17.3,6.5,0.2,,,,
143.454,4,Atta_4,1953.5,624.0,13.5,4.0,0.0,1878.8,617.5,27.6,82
143.514,1,Atta_1,2007.3,1147.8,16.8,19.2,-0.5,,,,
143.514,2,Atta_2,1526.9,1197.1,282.3,-9.2,0.5,1806.5,-1836.9,246.2,336
143.514,3,Atta_3,2160.1,356.1,49.5,8.5,0.0,2100.9,366.3,61.2,416
143.514,4,Atta_4,1960.2,627.8,13.5,7.7,0.0,1878.8,617.5,27.6,142
143.574,2,Atta_2,1520.0,1193.3,282.3,7.9,0.0,1806.5,-1836.9,246.2,396
143.574,3,Atta_3,2153.2,352.3,49.5,-7.9,0.0,2100.9,366.3,61.2,476
143.574,4,Atta_4,1953.3,624.0,13.5,-7.9,0.0,1878.8,617.5,27.6,202
143.627,1,Atta_1,2011.0,1146.4,16.9,4.0,0.1,,,,
143.687,1,Atta_1,2016.6,1146.9,17.3,5.6,0.4,,,,
143.687,2,Atta_2,1516.7,1189.7,282.0,4.9,-0.3,1806.5,-1836.9,246.1,8
143.687,3,Atta_3,2149.2,350.6,49.7,-4.3,0.2,2100.9,366.3,61.2,97
143.687,4,Atta_4,1950.1,621.5,13.6,-4.1,0.1,1878.8,617.5,27.6,315
143.754,1,Atta_1,2022.0,1148.4,17.8,5.6,0.5,,,,
143.819,1,Atta_1,2028.0,1149.2,17.8,6.1,0.0,,,,
143.929,1,Atta_1,2032.6,1151.8,17.3,5.3,-0.5,,,,
143.986,2,Atta_2,1525.1,1159.1,283.7,31.7,1.7,1806.5,-1836.9,246.1,307
144.045,2,Atta_2,1516.3,1190.0,282.0,-32.1,-1.7,1806.5,-1836.9,246.1,365
144.164,3,Atta_3,2126.1,367.1,48.9,-28.4,-0.8,2100.9,366.3,61.2,74
144.22,1,Atta_1,2027.4,1148.4,17.1,-6.2,-0.2,,,,
144.22,3,Atta_3,2144.6,349.0,49.7,-25.9,0.8,2100.9,366.3,61.2,130
144.22,4,Atta_4,1947.0,619.0,13.4,-4.0,-0.2,1878.8,617.5,27.6,345
144.281,2,Atta_2,1511.5,1189.9,280.7,-4.8,-1.3,1806.5,-1836.9,245.0,98
144.281,3,Atta_3,2117.6,367.3,48.9,-32.6,-0.8,2100.9,366.3,61.2,191
144.334,2,Atta_2,1515.1,1165.5,280.7,24.7,0.0,1806.5,-1836.9,245.0,150
144.334,3,Atta_3,2143.1,348.8,49.5,31.5,0.6,2100.9,366.3,61.2,243
144.387,2,Atta_2,1512.1,1191.4,280.7,-26.1,0.0,1806.5,-1836.9,245.0,203
144.448,1,Atta_1,2033.5,1151.4,17.2,6.8,0.1,,,,
144.448,2,Atta_2,1519.1,1176.4,280.5,16.6,-0.2,1806.5,-1836.9,245.0,264
144.448,3,Atta_3,2150.5,351.5,49.7,7.9,0.2,2100.9,366.3,61.2,357
144.448,4,Atta_4,1952.7,621.7,13.5,6.3,0.1,1878.8,617.5,27.6,69
144.557,2,Atta_2,1517.7,1192.1,277.9,-15.8,-2.6,1806.5,-1836.9,245.0,396
144.64,2,Atta_2,1520.0,1177.7,277.9,14.6,0.0,1806.5,-1836.9,245.0,480
144.726,2,Atta_2,1520.0,1193.6,277.9,-15.9,0.0,1806.5,-1836.9,242.8,53
144.935,1,Atta_1,2026.9,1148.1,17.3,-7.4,0.1,,,,
144.935,2,Atta_2,1513.6,1188.7,278.2,8.1,0.3,1806.5,-1836.9,242.8,263
144.935,3,Atta_3,2145.1,348.0,49.7,-6.4,0.0,2100.9,366.3,61.3,340
144.935,4,Atta_4,1946.3,618.8,13.5,-7.0,0.0,1878.8,617.5,27.6,73
145.152,1,Atta_1,2042.9,1153.3,33.4,16.8,16.1,,,,
145.152,2,Atta_2,1529.0,1170.0,279.1,24.2,0.9,1806.5,-1836.9,242.8,480
145.152,3,Atta_3,2155.9,353.3,49.7,12.0,0.0,2100.9,366.3,61.3,76
145.152,4,Atta_4,1957.5,624.1,13.5,12.4,0.0,1878.8,617.5,27.6,290
145.225,1,Atta_1,2042.9,1149.7,46.8,-3.6,13.4,,,,
145.225,2,Atta_2,1533.3,1152.9,279.7,17.6,0.6,1797.9,-1853.5,242.2,46
145.289,1,Atta_1,2036.5,1145.0,52.4,-7.9,5.6,,,,
145.289,2,Atta_2,1527.0,1149.6,279.7,7.1,0.0,1797.9,-1853.5,242.2,105
145.289,3,Atta_3,2149.6,350.1,49.7,-7.1,0.0,2100.9,366.3,61.3,199
145.289,4,Atta_4,1950.1,621.4,13.6,-7.9,0.1,1878.8,617.5,27.6,414
145.348,2,Atta_2,1522.5,1145.2,277.0,6.3,-2.7,1797.9,-1853.5,242.2,164
145.417,2,Atta_2,1522.5,1149.2,277.0,-4.0,0.0,1797.9,-1853.5,242.2,232
145.481,2,Atta_2,1525.0,1146.0,276.4,4.1,-0.6,1797.9,-1853.5,242.2,295
145.481,3,Atta_3,2127.3,368.4,48.3,-28.8,-1.4,2100.9,366.3,61.3,390
145.545,1,Atta_1,2050.8,1153.7,55.4,16.7,3.0,,,,
145.545,2,Atta_2,1537.2,1148.6,276.4,-12.5,0.0,1797.9,-1853.5,242.2,359
145.545,3,Atta_3,2161.7,358.3,49.7,35.9,1.4,2100.9,366.3,61.3,454
145.545,4,Atta_4,1962.7,629.3,13.5,14.9,-0.1,1878.8,617.5,27.7,168
145.595,2,Atta_2,1538.9,1139.1,276.2,9.7,-0.2,1797.9,-1853.5,242.2,410
145.649,1,Atta_1,2039.7,1147.1,55.6,-12.9,0.2,,,,
145.649,2,Atta_2,1528.9,1128.4,275.9,14.6,-0.3,1797.9,-1853.5,242.2,463
145.649,3,Atta_3,2151.2,352.6,49.7,-11.9,0.0,2100.9,366.3,61.3,58
145.649,4,Atta_4,1952.3,623.5,13.5,-11.9,0.0,1878.8,617.5,27.7,271
145.712,1,Atta_1,2036.5,1143.6,56.2,-4.7,0.6,,,,
145.712,2,Atta_2,1527.0,1120.0,275.6,8.6,-0.3,1770.7,-1904.1,241.1,30
145.765,2,Atta_2,1526.5,1110.1,275.2,9.9,-0.4,1770.7,-1904.1,241.1,84
145.765,3,Atta_3,2146.7,348.9,49.8,-5.8,0.1,2100.9,366.3,61.3,177
145.765,4,Atta_4,1947.8,619.8,13.5,-5.8,0.0,1878.8,617.5,27.7,391
145.816,2,Atta_2,1526.5,1105.7,275.0,4.4,-0.2,1770.7,-1904.1,241.1,136
145.874,2,Atta_2,1529.0,1095.0,274.7,11.0,-0.3,1770.7,-1904.1,241.1,191
145.924,2,Atta_2,1532.7,1092.0,274.7,4.8,0.0,1770.7,-1904.1,241.1,244
145.924,3,Atta_3,2152.3,350.3,49.7,5.8,-0.1,2100.9,366.3,61.3,336
145.924,4,Atta_4,1952.9,621.8,13.4,5.5,-0.1,1878.8,617.5,27.6,40
146.045,1,Atta_1,2040.8,1146.6,56.2,5.2,0.0,,,,
146.045,2,Atta_2,1537.3,1081.9,275.3,11.1,0.6,1770.7,-1904.1,241.1,362
146.153,2,Atta_2,1537.6,1077.4,275.6,4.5,0.3,1770.7,-1904.1,241.1,486
146.222,1,Atta_1,2036.7,1144.0,56.3,-4.9,0.1,,,,
146.222,2,Atta_2,1533.2,1066.4,275.6,11.8,0.0,1749.5,-1942.2,241.8,35
146.286,2,Atta_2,1533.9,1061.8,277.6,4.7,2.0,1749.5,-1942.2,241.8,96
146.286,3,Atta_3,2148.2,348.7,49.6,-4.4,-0.1,2100.9,366.3,61.3,197
146.286,4,Atta_4,1948.6,620.3,13.5,-4.6,0.1,1878.8,617.5,27.6,402
146.413,2,Atta_2,1535.4,1065.7,276.0,-4.2,-1.6,1749.5,-1942.2,241.8,225
146.477,1,Atta_1,2043.3,1147.7,56.1,7.6,-0.2,,,,
146.477,2,Atta_2,1540.0,1068.2,276.0,-5.2,0.0,1749.5,-1942.2,241.8,284
146.477,3,Atta_3,2155.2,353.7,49.7,8.6,0.1,2100.9,366.3,61.3,384
146.477,4,Atta_4,1956.1,624.8,13.5,8.7,0.0,1878.8,617.5,27.7,99
146.783,1,Atta_1,2037.8,1144.8,56.1,-6.2,0.0,,,,
146.783,2,Atta_2,1535.1,1066.5,276.1,5.2,0.1,1749.3,-1942.5,242.0,104
146.783,3,Atta_3,2150.1,351.4,49.7,-5.6,0.0,2100.9,366.3,61.4,200
146.783,4,Atta_4,1951.5,622.2,13.5,-5.3,0.0,1878.8,617.5,27.7,414
146.844,1,Atta_1,2047.5,1150.5,56.4,11.3,0.3,,,,
146.844,2,Atta_2,1542.4,1070.6,276.0,-8.4,-0.1,1749.3,-1942.5,242.0,166
146.844,3,Atta_3,2157.4,355.5,49.8,8.4,0.1,2100.9,366.3,61.4,262
146.844,4,Atta_4,1958.8,626.3,13.5,8.4,0.0,1878.8,617.5,27.7,476
147.047,1,Atta_1,2041.9,1146.9,56.5,-6.7,0.1,,,,
147.047,2,Atta_2,1537.8,1067.5,276.1,5.5,0.1,1749.3,-1942.5,242.0,367
147.047,3,Atta_3,2153.4,351.8,49.5,-5.4,-0.3,2100.9,366.3,61.4,463
147.047,4,Atta_4,1953.8,623.3,13.5,-5.8,0.0,1878.8,617.5,27.7,176
147.111,1,Atta_1,2035.6,1143.8,56.6,-7.0,0.1,,,,
147.111,2,Atta_2,1532.7,1064.6,276.0,5.9,-0.1,1749.3,-1942.5,242.0,427
147.111,3,Atta_3,2148.8,349.0,49.5,-5.4,0.0,2100.9,366.3,61.3,19
147.111,4,Atta_4,1948.6,620.9,13.5,-5.7,0.0,1878.8,617.5,27.7,237
147.163,1,Atta_1,2039.4,1145.8,56.6,4.3,0.0,,,,
147.163,2,Atta_2,1536.4,1066.7,276.0,-4.3,0.0,1749.3,-1942.5,242.0,480
147.163,3,Atta_3,2152.0,351.4,49.4,4.0,-0.1,2100.9,366.3,61.3,71
147.163,4,Atta_4,1952.6,622.9,13.5,4.5,0.0,1878.8,617.5,27.7,289
147.214,1,Atta_1,2035.6,1143.8,56.6,-4.3,0.0,,,,
147.214,2,Atta_2,1532.7,1064.6,276.0,4.3,0.0,1747.9,-1945.1,241.8,32
147.214,3,Atta_3,2148.8,349.0,49.4,-4.0,0.0,2100.9,366.3,61.3,122
147.214,4,Atta_4,1949.4,620.4,13.5,-4.1,0.0,1878.8,617.5,27.7,340
147.271,2,Atta_2,1537.3,1047.7,278.3,17.5,2.3,1747.9,-1945.1,241.8,98
147.488,1,Atta_1,2031.0,1140.1,60.8,-5.9,4.2,,,,
147.488,2,Atta_2,1531.0,1039.3,275.1,10.5,-3.2,1747.9,-1945.1,241.8,318
147.488,3,Atta_3,2142.9,346.4,49.5,-6.4,0.1,2100.9,366.3,61.3,408
147.488,4,Atta_4,1943.4,617.8,13.5,-6.5,0.0,1878.8,617.5,27.7,124
147.565,2,Atta_2,1532.1,1031.1,275.1,8.3,0.0,1747.9,-1945.1,241.8,391
147.639,1,Atta_1,2037.0,1142.9,61.1,6.6,0.3,,,,
147.639,2,Atta_2,1543.7,1011.7,277.3,22.6,2.2,1747.9,-1945.1,241.8,467
147.639,3,Atta_3,2149.0,349.4,49.6,6.8,0.1,2100.9,366.3,61.4,54
147.639,4,Atta_4,1949.5,620.8,13.5,6.8,0.0,1878.8,617.5,27.7,273
147.717,1,Atta_1,2047.2,1149.4,61.1,12.1,0.0,,,,
147.717,2,Atta_2,1554.3,1016.7,277.3,-11.7,0.0,1721.5,-1993.4,241.2,50
147.717,3,Atta_3,2159.6,356.2,49.6,12.6,0.0,2100.9,366.3,61.4,134
147.717,4,Atta_4,1960.1,627.4,13.5,12.5,0.0,1878.8,617.5,27.7,353
147.796,2,Atta_2,1553.1,1012.6,275.3,4.3,-2.0,1721.5,-1993.4,241.2,128
147.871,2,Atta_2,1553.0,1003.6,275.3,9.0,0.0,1721.5,-1993.4,241.2,204
147.948,1,Atta_1,2039.5,1144.5,61.1,-9.1,0.0,,,,
147.948,2,Atta_2,1549.5,983.2,276.4,20.7,1.1,1721.5,-1993.4,241.2,279
147.948,3,Atta_3,2152.8,351.5,49.4,-8.3,-0.2,2100.9,366.3,61.4,363
147.948,4,Atta_4,1953.3,623.1,13.7,-8.0,0.2,1878.8,617.5,27.6,82
148.023,2,Atta_2,1548.9,976.1,276.8,7.1,0.4,1721.5,-1993.4,241.2,356
148.101,1,Atta_1,2011.7,1123.6,61.8,-34.8,0.7,,,,
148.101,2,Atta_2,1545.5,962.4,276.7,14.1,-0.1,1721.5,-1993.4,241.2,432
148.101,3,Atta_3,2145.8,348.0,49.5,-7.8,0.1,2100.9,366.3,61.4,19
148.101,4,Atta_4,1946.7,619.1,13.5,-7.7,-0.2,1878.8,617.5,27.6,235
148.168,1,Atta_1,2031.2,1139.5,61.1,25.2,-0.7,,,,
148.168,2,Atta_2,1543.5,953.9,276.8,8.7,0.1,1721.5,-1993.4,241.2,499
148.232,2,Atta_2,1546.5,943.5,276.7,10.8,-0.1,1694.8,-2042.0,241.0,45
148.306,1,Atta_1,2036.3,1142.8,61.0,6.1,-0.1,,,,
148.306,2,Atta_2,1551.1,939.9,277.0,5.8,0.3,1694.8,-2042.0,241.0,118
148.371,1,Atta_1,2040.9,1145.8,60.9,5.5,-0.1,,,,
148.371,2,Atta_2,1554.7,934.2,274.9,6.7,-2.1,1694.8,-2042.0,241.0,181
148.371,3,Atta_3,2151.1,355.0,49.4,8.8,-0.1,2100.9,366.3,61.4,286
148.371,4,Atta_4,1954.5,624.0,13.5,9.2,0.0,1878.8,617.5,27.6,5
148.509,2,Atta_2,1555.1,923.6,273.7,10.6,-1.2,1694.8,-2042.0,241.0,319
148.581,2,Atta_2,1557.5,910.9,273.7,12.9,0.0,1694.8,-2042.0,241.0,391
148.652,2,Atta_2,1556.7,906.1,273.7,4.9,0.0,1694.8,-2042.0,241.0,463
148.717,2,Atta_2,1559.0,894.8,273.6,11.5,-0.1,1665.1,-2095.0,240.7,53
148.8,1,Atta_1,2035.5,1144.5,58.5,-5.6,-2.4,,,,
148.8,2,Atta_2,1553.2,883.2,273.6,13.0,0.0,1665.1,-2095.0,240.7,123
148.8,3,Atta_3,2147.7,350.7,49.5,-5.5,0.1,2100.9,366.3,61.3,196
148.8,4,Atta_4,1949.2,621.5,13.5,-5.9,0.0,1878.8,617.5,27.6,432
148.855,2,Atta_2,1551.8,871.8,273.7,11.5,0.1,1665.1,-2095.0,240.7,182
148.925,2,Atta_2,1552.6,862.9,274.2,8.9,0.5,1665.1,-2095.0,240.7,250
148.99,1,Atta_1,2032.6,1141.7,55.8,-4.0,-2.7,,,,
148.99,2,Atta_2,1553.9,854.1,274.4,8.9,0.2,1665.1,-2095.0,240.7,319
149.068,2,Atta_2,1555.9,847.0,274.8,7.4,0.4,1665.1,-2095.0,240.7,396
149.148,1,Atta_1,2036.2,1144.2,55.9,4.4,0.1,,,,
149.148,2,Atta_2,1559.2,840.5,275.2,7.3,0.4,1665.1,-2095.0,240.7,479
149.23,2,Atta_2,1559.9,832.2,275.2,8.3,0.0,1639.2,-2143.5,247.0,55
149.308,2,Atta_2,1560.2,824.3,279.9,7.9,4.7,1639.2,-2143.5,247.0,135
149.39,2,Atta_2,1558.7,819.0,283.2,5.5,3.3,1639.2,-2143.5,247.0,216
149.39,3,Atta_3,2125.9,366.3,49.3,-26.8,-0.2,2100.9,366.3,61.4,299
149.473,3,Atta_3,2148.9,348.7,49.5,29.0,0.2,2100.9,366.3,61.4,374
149.537,1,Atta_1,2043.3,1148.6,55.8,8.4,-0.1,,,,
149.537,2,Atta_2,1566.1,819.3,287.9,7.4,4.7,1639.2,-2143.5,247.0,361
149.537,3,Atta_3,2156.2,354.1,49.5,9.1,0.0,2100.9,366.3,61.4,443
149.537,4,Atta_4,1957.2,625.5,13.6,8.9,0.1,1878.8,617.5,27.5,175
149.684,1,Atta_1,2048.4,1151.7,55.8,6.0,0.0,,,,
149.754,1,Atta_1,2044.4,1152.0,55.8,-4.0,0.0,,,,
149.754,2,Atta_2,1562.8,815.6,289.3,5.0,1.4,1636.7,-2151.0,256.9,86
149.754,3,Atta_3,2152.4,352.3,49.7,-4.2,0.2,2100.9,366.3,61.4,174
149.754,4,Atta_4,1953.7,623.1,13.5,-4.2,-0.1,1878.8,617.5,27.5,393
149.9,1,Atta_1,2048.9,1161.4,55.9,10.4,0.1,,,,
149.973,1,Atta_1,2051.1,1167.2,56.1,6.2,0.2,,,,
149.973,2,Atta_2,1556.9,811.7,289.9,7.1,0.6,1636.7,-2151.0,256.9,304
149.973,3,Atta_3,2146.5,348.9,49.6,-6.8,-0.1,2100.9,366.3,61.4,391
149.973,4,Atta_4,1948.2,619.5,13.5,-6.6,0.0,1878.8,617.5,27.5,110
150.048,1,Atta_1,2053.6,1172.8,56.1,6.1,0.0,,,,
150.118,1,Atta_1,2063.5,1185.2,56.1,15.9,0.0,,,,
150.199,1,Atta_1,2075.3,1195.3,56.2,15.5,0.1,,,,
150.199,2,Atta_2,1566.2,816.4,290.5,-10.4,0.6,1636.5,-2152.2,258.7,27
150.199,3,Atta_3,2156.4,353.4,49.6,10.9,0.0,2100.9,366.3,61.5,98
150.199,4,Atta_4,1957.6,624.7,13.5,10.7,0.0,1878.8,617.5,27.5,335
150.271,1,Atta_1,2081.7,1203.2,56.3,10.2,0.1,,,,
150.341,1,Atta_1,2078.7,1207.8,56.3,5.5,0.0,,,,
150.341,4,Atta_4,1953.4,624.8,13.5,-4.2,0.0,1878.8,617.5,27.5,477
150.412,1,Atta_1,2090.9,1221.9,56.4,18.6,0.1,,,,
150.492,1,Atta_1,2094.6,1228.6,56.0,7.7,-0.4,,,,
150.492,2,Atta_2,1557.6,811.3,291.1,10.0,0.6,1636.5,-2152.2,258.7,321
150.492,3,Atta_3,2147.3,349.4,49.7,-9.9,0.1,2100.9,366.3,61.5,391
150.492,4,Atta_4,1948.8,620.2,13.5,-6.5,0.0,1878.8,617.5,27.5,125
150.567,1,Atta_1,2103.8,1238.4,56.5,13.4,0.5,,,,
150.567,2,Atta_2,1563.6,814.5,291.0,-6.8,-0.1,1636.5,-2152.2,258.7,395
150.567,3,Atta_3,2153.3,353.2,49.6,7.1,-0.1,2100.9,366.3,61.5,466
150.567,4,Atta_4,1954.9,623.9,13.5,7.1,0.0,1878.8,617.5,27.5,200
150.625,1,Atta_1,2109.1,1244.2,56.9,7.9,0.4,,,,
150.698,1,Atta_1,2116.7,1253.5,57.0,12.0,0.1,,,,
150.698,3,Atta_3,2133.5,371.2,46.9,26.8,-2.7,2100.9,366.3,61.5,112
150.766,1,Atta_1,2114.9,1258.0,57.2,4.8,0.2,,,,
150.766,2,Atta_2,1559.7,812.6,291.1,4.3,0.1,1636.4,-2152.7,259.4,90
150.766,3,Atta_3,2149.0,351.6,49.7,-25.0,2.8,2100.9,366.3,61.5,183
150.766,4,Atta_4,1943.0,624.2,14.8,-11.9,1.3,1878.8,617.5,27.5,401
150.841,1,Atta_1,2117.4,1263.5,57.2,6.0,0.0,,,,
150.912,1,Atta_1,2128.3,1274.9,57.6,15.8,0.4,,,,
150.912,4,Atta_4,1949.4,621.4,13.7,7.0,-1.1,1878.8,617.5,27.5,36
150.984,1,Atta_1,2124.8,1278.5,58.2,5.0,0.6,,,,
150.984,2,Atta_2,1554.4,809.0,291.1,6.4,0.0,1636.4,-2152.7,259.4,306
150.984,3,Atta_3,2142.7,348.3,49.7,-7.1,0.0,2100.9,366.3,61.5,399
150.984,4,Atta_4,1945.9,618.0,13.6,-4.9,-0.1,1878.8,617.5,27.5,108
151.055,1,Atta_1,2133.4,1288.7,58.3,13.3,0.1,,,,
151.055,3,Atta_3,2122.5,363.5,47.0,-25.3,-2.7,2100.9,366.3,61.5,473
151.132,1,Atta_1,2134.8,1293.4,58.5,4.9,0.2,,,,
151.132,3,Atta_3,2143.6,349.1,49.8,25.5,2.8,2100.9,366.3,61.5,49
151.204,1,Atta_1,2150.6,1307.5,58.6,21.2,0.1,,,,
151.204,2,Atta_2,1563.7,814.3,290.9,-10.7,-0.2,1636.4,-2152.8,259.8,33
151.204,3,Atta_3,2152.8,353.6,49.8,10.2,0.0,2100.9,366.3,61.5,120
151.204,4,Atta_4,1954.5,624.1,13.6,10.5,0.0,1878.8,617.5,27.5,329
151.277,1,Atta_1,2155.2,1317.3,58.6,10.8,0.0,,,,
151.349,1,Atta_1,2158.6,1328.1,58.6,11.3,0.0,,,,
151.405,1,Atta_1,2165.3,1328.6,58.5,6.7,-0.1,,,,
151.462,1,Atta_1,2167.2,1340.0,58.2,11.6,-0.3,,,,
151.462,2,Atta_2,1558.3,810.4,291.1,6.7,0.2,1636.4,-2152.8,259.8,280
151.462,3,Atta_3,2146.5,350.4,49.6,-7.1,-0.2,2100.9,366.3,61.5,367
151.462,4,Atta_4,1940.2,623.1,14.9,-14.3,1.3,1878.8,617.5,27.5,85
151.566,1,Atta_1,2169.6,1343.7,58.2,4.4,0.0,,,,
151.635,1,Atta_1,2174.6,1356.4,58.8,13.6,0.6,,,,
151.635,4,Atta_4,1947.5,619.8,13.6,8.0,-1.3,1878.8,617.5,27.5,264
151.699,1,Atta_1,2183.2,1364.5,59.0,11.8,0.2,,,,
151.75,1,Atta_1,2189.2,1372.9,59.4,10.3,0.4,,,,
151.75,3,Atta_3,2150.7,351.3,49.7,4.3,0.1,2100.9,366.3,61.5,156
151.75,4,Atta_4,1952.3,622.1,13.6,5.3,0.0,1878.8,617.5,27.5,374
151.801,1,Atta_1,2193.0,1376.7,59.4,5.4,0.0,,,,
151.929,2,Atta_2,1563.2,813.6,291.1,-5.9,0.0,1636.3,-2152.9,259.9,247
151.983,1,Atta_1,2199.3,1380.1,59.7,7.2,0.3,,,,
151.983,2,Atta_2,1570.0,817.8,291.2,-8.0,0.1,1636.3,-2152.9,259.9,303
151.983,3,Atta_3,2156.2,359.1,49.8,9.5,0.1,2100.9,366.3,61.5,390
151.983,4,Atta_4,1960.9,627.3,13.6,10.0,0.0,1878.8,617.5,27.6,71
152.035,3,Atta_3,2138.6,371.9,48.2,-21.8,-1.6,2100.9,366.3,61.5,440
152.091,1,Atta_1,2190.8,1376.1,59.8,-9.4,0.1,,,,
152.091,2,Atta_2,1561.4,813.7,291.2,9.5,0.0,1636.3,-2152.9,259.9,409
152.091,3,Atta_3,2130.1,367.9,48.2,-9.4,0.0,2100.9,366.3,61.5,496
152.091,4,Atta_4,1952.4,623.3,13.5,-9.4,-0.1,1878.8,617.5,27.6,177
152.265,3,Atta_3,2151.1,352.5,49.5,26.0,1.3,2100.9,366.3,61.5,171
152.341,3,Atta_3,2128.7,369.1,46.6,-27.9,-2.9,2100.9,366.3,61.5,246
152.416,3,Atta_3,2150.2,351.4,49.5,27.8,2.9,2100.9,366.3,61.5,321
152.492,2,Atta_2,1558.2,811.1,291.3,4.1,0.1,1636.3,-2152.9,260.1,325
152.492,4,Atta_4,1948.9,620.9,13.5,-4.2,0.0,1878.8,617.5,27.6,132
152.637,3,Atta_3,2146.4,348.6,49.6,-4.7,0.1,2100.9,366.3,61.5,46
152.716,2,Atta_2,1562.8,814.2,291.6,-5.5,0.3,1636.3,-2152.9,259.8,34
152.716,3,Atta_3,2153.1,351.9,49.5,7.5,-0.1,2100.9,366.3,61.5,115
152.716,4,Atta_4,1952.8,623.8,13.6,4.9,0.1,1878.8,617.5,27.6,344
153.01,1,Atta_1,2186.2,1372.3,62.4,-6.0,2.6,,,,
153.01,2,Atta_2,1556.7,810.0,291.7,7.4,0.1,1636.3,-2152.9,259.8,328
153.01,3,Atta_3,2146.6,348.0,49.6,-7.6,0.1,2100.9,366.3,61.5,408
153.01,4,Atta_4,1947.2,619.5,13.6,-7.1,0.0,1878.8,617.5,27.6,138
153.062,1,Atta_1,2186.2,1371.3,67.3,-1.0,4.9,,,,
153.129,1,Atta_1,2191.7,1371.7,75.3,5.5,8.0,,,,
153.129,2,Atta_2,1563.1,813.7,292.0,-7.4,0.3,1636.3,-2152.9,259.8,444
153.129,3,Atta_3,2153.0,351.9,49.5,7.5,-0.1,2100.9,366.3,61.5,33
153.129,4,Atta_4,1953.9,623.0,13.6,7.6,0.0,1878.8,617.5,27.6,254
153.197,1,Atta_1,2189.1,1367.1,83.9,-5.3,8.6,,,,
153.263,1,Atta_1,2184.6,1364.4,93.0,-5.2,9.1,,,,
153.263,2,Atta_2,1556.9,809.6,296.4,7.4,4.4,1618.7,-1576.9,269.0,78
153.263,3,Atta_3,2147.6,349.8,49.7,-5.8,0.2,2100.9,366.3,61.5,167
153.263,4,Atta_4,1949.4,620.3,13.6,-5.2,0.0,1878.8,617.5,27.6,388
153.325,1,Atta_1,2184.5,1362.7,102.3,-1.7,9.3,,,,
153.375,1,Atta_1,2196.0,1371.0,113.5,14.2,11.2,,,,
153.375,2,Atta_2,1564.6,811.7,294.6,8.0,-1.8,1618.7,-1576.9,269.0,191
153.375,3,Atta_3,2152.3,352.4,49.6,5.4,-0.1,2100.9,366.3,61.5,280
153.375,4,Atta_4,1954.1,622.7,13.6,5.3,0.0,1878.8,617.5,27.6,1
153.433,1,Atta_1,2209.9,1378.5,115.7,15.8,2.2,,,,
153.433,2,Atta_2,1569.9,815.5,294.6,-6.5,0.0,1618.7,-1576.9,269.0,252
153.433,3,Atta_3,2157.6,356.1,49.6,6.5,0.0,2100.9,366.3,61.5,341
153.433,4,Atta_4,1959.7,626.4,13.5,6.7,-0.1,1878.8,617.5,27.6,62
153.494,1,Atta_1,2212.3,1383.0,125.5,5.1,9.8,,,,
153.561,1,Atta_1,2204.9,1375.2,133.5,-10.8,8.0,,,,
153.561,2,Atta_2,1560.8,812.5,297.8,-9.6,3.2,1618.7,-1576.9,269.0,375
153.561,3,Atta_3,2151.6,351.8,49.6,-7.4,0.0,2100.9,366.3,61.5,464
153.561,4,Atta_4,1953.4,622.4,13.5,-7.5,0.0,1878.8,617.5,27.6,185
153.625,1,Atta_1,2200.7,1372.4,139.9,5.0,6.4,,,,
153.625,2,Atta_2,1555.6,809.5,298.4,6.0,0.6,1618.7,-1576.9,269.0,439
153.625,3,Atta_3,2147.4,349.0,49.6,-5.0,0.0,2100.9,366.3,61.5,29
153.625,4,Atta_4,1948.6,619.8,13.5,-5.5,0.0,1878.8,617.5,27.6,249
153.677,1,Atta_1,2204.9,1375.1,142.3,-5.0,2.4,,,,
153.677,2,Atta_2,1559.8,812.0,298.4,-4.9,0.0,1618.7,-1576.9,269.0,491
153.677,3,Atta_3,2151.3,352.2,49.6,5.0,0.0,2100.9,366.3,61.5,80
153.677,4,Atta_4,1952.4,622.9,13.6,4.9,0.1,1878.8,617.5,27.6,300
153.728,3,Atta_3,2125.5,367.5,46.8,-30.0,-2.8,2100.9,366.3,61.5,132
153.856,3,Atta_3,2150.0,350.8,49.4,29.7,2.6,2100.9,366.3,61.5,259
154.225,1,Atta_1,2213.0,1379.7,143.4,-9.3,1.1,,,,
154.225,2,Atta_2,1567.2,814.3,300.7,7.7,2.3,1618.7,-1576.9,273.8,39
154.225,3,Atta_3,2159.8,355.4,49.5,10.8,0.1,2100.9,366.3,61.5,121
154.225,4,Atta_4,1960.5,626.8,13.5,9.0,-0.1,1878.8,617.5,27.6,349
154.396,1,Atta_1,2205.1,1375.6,143.4,8.9,0.0,,,,
154.396,2,Atta_2,1558.9,810.8,302.3,-9.0,1.6,1618.7,-1576.9,273.8,224
154.396,3,Atta_3,2149.6,351.0,49.6,-11.1,0.1,2100.9,366.3,61.5,306
154.396,4,Atta_4,1951.3,621.5,13.5,-10.6,0.0,1878.8,617.5,27.7,34
154.59,1,Atta_1,2200.3,1372.9,143.5,5.5,0.1,,,,
154.59,2,Atta_2,1555.0,809.5,302.2,-4.1,-0.1,1618.7,-1576.9,273.8,403
154.59,4,Atta_4,1947.4,619.9,13.5,-4.2,0.0,1878.8,617.5,27.7,212
154.821,1,Atta_1,2215.1,1381.0,143.4,-16.9,-0.1,,,,
154.821,2,Atta_2,1570.4,817.0,301.8,17.1,-0.4,1618.7,-1576.9,274.0,137
154.821,3,Atta_3,2162.2,356.8,49.5,13.9,-0.1,2100.9,366.3,61.5,221
154.821,4,Atta_4,1962.5,628.6,13.5,17.4,0.0,1878.8,617.5,27.7,446
155.022,1,Atta_1,2208.7,1376.8,143.4,7.7,0.0,,,,
155.022,2,Atta_2,1566.1,812.5,303.2,6.2,1.4,1618.7,-1576.9,274.0,335
155.022,3,Atta_3,2154.7,352.1,49.6,-8.9,0.1,2100.9,366.3,61.5,418
155.022,4,Atta_4,1955.3,623.6,13.5,-8.8,0.0,1878.8,617.5,27.6,144
155.073,2,Atta_2,1568.4,807.7,305.1,5.3,1.9,1618.7,-1576.9,274.0,387
155.205,1,Atta_1,2204.8,1374.8,143.3,4.4,-0.1,,,,
155.271,2,Atta_2,1573.1,804.1,309.0,5.9,3.9,1620.2,-1591.0,281.4,83
155.489,2,Atta_2,1570.6,794.2,318.0,10.2,9.0,1620.2,-1591.0,281.4,315
155.489,3,Atta_3,2150.0,350.2,49.7,-5.1,0.1,2100.9,366.3,61.4,405
155.489,4,Atta_4,1950.7,621.4,13.5,-5.1,0.0,1878.8,617.5,27.6,125
155.634,1,Atta_1,2215.3,1381.0,145.0,-12.2,1.7,,,,
155.634,2,Atta_2,1588.6,794.2,325.9,18.0,7.9,1620.2,-1591.0,281.4,461
155.634,3,Atta_3,2162.2,358.8,49.7,14.9,0.0,2100.9,366.3,61.4,30
155.634,4,Atta_4,1963.7,629.3,13.5,15.2,0.0,1878.8,617.5,27.6,270
155.708,2,Atta_2,1591.0,790.7,326.3,4.2,0.4,1632.1,-1618.0,306.1,12
155.78,1,Atta_1,2199.0,1370.0,145.3,19.7,0.3,,,,
155.78,2,Atta_2,1582.3,777.7,333.9,-15.6,7.6,1632.1,-1618.0,306.1,90
155.78,3,Atta_3,2148.2,349.9,49.7,-16.6,0.0,2100.9,366.3,61.4,179
155.78,4,Atta_4,1949.8,620.6,13.7,-16.4,0.2,1878.8,617.5,27.6,419
155.935,2,Atta_2,1587.3,774.2,340.2,6.1,6.3,1632.1,-1618.0,306.1,241
156.012,2,Atta_2,1596.7,771.2,344.4,9.9,4.2,1632.1,-1618.0,306.1,316
156.087,1,Atta_1,2202.1,1373.5,146.2,-4.7,0.9,,,,
156.087,2,Atta_2,1601.2,769.7,347.6,4.7,3.2,1632.1,-1618.0,306.1,390
156.087,3,Atta_3,2152.1,353.0,49.5,5.0,-0.2,2100.9,366.3,61.4,480
156.087,4,Atta_4,1952.4,624.3,13.4,4.5,-0.3,1878.8,617.5,27.6,205
156.154,2,Atta_2,1603.3,763.5,350.5,6.5,2.9,1632.1,-1618.0,306.1,455
156.219,2,Atta_2,1610.3,762.4,353.7,7.1,3.2,1649.9,-1635.1,328.0,40
156.603,1,Atta_1,2211.0,1377.8,146.1,-9.9,-0.1,,,,
156.603,2,Atta_2,1618.4,765.8,354.1,8.8,0.4,1649.9,-1635.1,328.0,433
156.603,3,Atta_3,2160.3,355.8,49.6,8.7,0.1,2100.9,366.3,61.4,22
156.603,4,Atta_4,1961.6,626.8,13.5,9.5,0.1,1878.8,617.5,27.7,242
156.754,1,Atta_1,2198.1,1376.3,146.3,13.0,0.2,,,,
156.754,2,Atta_2,1612.4,763.2,354.1,-6.5,0.0,1649.9,-1635.1,327.8,54
156.754,3,Atta_3,2154.3,353.4,49.5,-6.5,-0.1,2100.9,366.3,61.4,171
156.754,4,Atta_4,1955.7,624.3,13.5,-6.4,0.0,1878.8,617.5,27.7,391
156.834,1,Atta_1,2192.0,1380.2,146.6,7.2,0.3,,,,
156.91,1,Atta_1,2183.1,1386.8,146.6,11.1,0.0,,,,
156.982,1,Atta_1,2172.9,1389.4,146.9,10.5,0.3,,,,
157.057,1,Atta_1,2164.8,1394.4,146.9,9.5,0.0,,,,
157.057,2,Atta_2,1605.6,759.2,354.2,-7.9,0.1,1649.9,-1635.1,327.8,356
157.057,3,Atta_3,2146.9,349.8,49.5,-8.2,0.0,2100.9,366.3,61.4,473
157.057,4,Atta_4,1948.9,620.4,13.5,-7.8,0.0,1878.8,617.5,27.7,193
157.133,1,Atta_1,2159.9,1401.8,146.9,8.9,0.0,,,,
157.204,1,Atta_1,2145.4,1404.5,147.3,14.7,0.4,,,,
157.275,1,Atta_1,2137.5,1407.8,147.3,8.6,0.0,,,,
157.348,1,Atta_1,2128.8,1410.5,147.7,9.1,0.4,,,,
157.426,1,Atta_1,2126.0,1418.7,147.7,8.7,0.0,,,,
157.493,1,Atta_1,2116.7,1424.2,148.1,10.8,0.4,,,,
157.493,2,Atta_2,1611.5,762.4,354.0,6.7,-0.2,1649.9,-1635.1,327.6,311
157.493,3,Atta_3,2154.7,351.5,49.5,8.0,0.0,2100.9,366.3,61.3,407
157.493,4,Atta_4,1954.6,623.8,13.5,6.6,0.0,1878.8,617.5,27.6,118
157.571,1,Atta_1,2110.4,1430.0,148.3,8.6,0.2,,,,
157.647,1,Atta_1,2097.2,1429.8,148.5,13.2,0.2,,,,
157.647,3,Atta_3,2150.1,351.0,49.6,-4.6,0.1,2100.9,366.3,61.3,57
157.722,1,Atta_1,2091.0,1436.2,148.5,8.9,0.0,,,,
157.794,1,Atta_1,2084.7,1442.6,148.6,9.0,0.1,,,,
157.865,1,Atta_1,2077.2,1447.1,148.6,8.7,0.0,,,,
157.865,3,Atta_3,2154.5,353.5,49.6,5.1,0.0,2100.9,366.3,61.3,280
157.946,1,Atta_1,2070.2,1457.3,149.2,12.4,0.6,,,,
157.946,3,Atta_3,2151.1,350.6,49.5,-4.5,-0.1,2100.9,366.3,61.3,355
158.02,1,Atta_1,2058.3,1460.6,149.6,12.3,0.4,,,,
158.095,1,Atta_1,2050.2,1460.6,149.6,8.1,0.0,,,,
158.095,2,Atta_2,1606.3,763.2,350.8,-5.3,-3.2,1649.9,-1635.1,327.7,416
158.171,1,Atta_1,2037.3,1465.2,149.5,13.7,-0.1,,,,
158.171,2,Atta_2,1599.8,767.1,347.5,-7.6,-3.3,1649.9,-1635.1,327.7,491
158.171,4,Atta_4,1949.6,621.1,13.5,-5.7,0.0,1878.8,617.5,27.7,308
158.247,1,Atta_1,2031.1,1473.1,149.5,10.0,0.0,,,,
158.247,2,Atta_2,1605.0,773.5,344.9,8.2,-2.6,1649.9,-1635.1,311.6,53
158.247,3,Atta_3,2155.8,353.7,49.5,5.6,0.0,2100.9,366.3,61.3,163
158.247,4,Atta_4,1956.9,625.1,13.5,8.3,0.0,1878.8,617.5,27.7,383
158.325,1,Atta_1,2016.6,1470.7,149.5,14.7,0.0,,,,
158.325,2,Atta_2,1593.8,770.5,342.2,-11.6,-2.7,1649.9,-1635.1,311.6,129
158.325,3,Atta_3,2123.0,366.0,48.2,-35.0,-1.3,2100.9,366.3,61.3,240
158.325,4,Atta_4,1947.8,619.3,13.5,-10.8,0.0,1878.8,617.5,27.7,460
158.401,1,Atta_1,2008.9,1479.0,149.7,11.3,0.2,,,,
158.401,2,Atta_2,1594.2,773.5,337.4,-3.0,-4.8,1649.9,-1635.1,311.6,205
158.401,3,Atta_3,2127.3,369.0,46.7,5.2,-1.5,2100.9,366.3,61.3,315
158.401,4,Atta_4,1951.8,622.4,13.5,5.1,0.0,1878.8,617.5,27.7,33
158.481,1,Atta_1,2000.9,1481.2,149.8,8.3,0.1,,,,
158.481,2,Atta_2,1590.9,771.8,325.5,-3.7,-11.9,1649.9,-1635.1,311.6,292
158.565,2,Atta_2,1590.4,771.8,318.5,-0.5,-7.0,1649.9,-1635.1,311.6,369
158.565,3,Atta_3,2149.3,349.0,49.7,29.7,3.0,2100.9,366.3,61.3,479
158.64,1,Atta_1,1995.8,1481.8,150.2,5.1,0.4,,,,
158.64,2,Atta_2,1590.4,773.6,314.5,-1.8,-4.0,1649.9,-1635.1,311.6,444
158.999,1,Atta_1,2009.6,1490.0,150.5,-16.1,0.3,,,,
158.999,2,Atta_2,1603.2,782.0,311.9,15.3,-2.6,1649.9,-1635.1,286.3,318
158.999,3,Atta_3,2161.3,357.2,49.9,14.5,0.2,2100.9,366.3,61.2,413
158.999,4,Atta_4,1962.8,628.2,13.6,12.4,0.1,1878.8,617.5,27.7,124
159.123,1,Atta_1,1994.1,1481.6,150.5,17.6,0.0,,,,
159.123,2,Atta_2,1587.7,773.8,311.9,-17.5,0.0,1649.9,-1635.1,286.3,443
159.123,3,Atta_3,2145.8,348.8,49.9,-17.6,0.0,2100.9,366.3,61.3,38
159.123,4,Atta_4,1947.5,619.6,13.4,-17.6,-0.2,1878.8,617.5,27.7,249
159.336,3,Atta_3,2127.4,366.9,47.5,25.8,-2.4,2100.9,366.3,61.3,250
159.409,2,Atta_2,1591.3,776.1,311.7,4.3,-0.2,1649.9,-1635.1,286.0,225
159.409,4,Atta_4,1950.8,622.2,13.5,4.2,0.1,1878.8,617.5,27.7,41
159.484,1,Atta_1,2000.1,1485.3,150.9,-7.0,0.4,,,,
159.484,3,Atta_3,2132.5,366.4,47.5,5.1,0.0,2100.9,366.3,61.3,399
159.549,1,Atta_1,1996.3,1483.2,155.8,4.3,4.9,,,,
159.549,3,Atta_3,2149.2,350.8,49.5,-22.9,2.0,2100.9,366.3,61.3,463
159.622,1,Atta_1,1990.9,1479.5,167.5,6.5,11.7,,,,
159.622,2,Atta_2,1586.3,773.6,311.7,-5.6,0.0,1649.9,-1635.1,286.0,442
159.622,3,Atta_3,2144.0,349.2,49.5,-5.4,0.0,2100.9,366.3,61.2,37
159.622,4,Atta_4,1945.4,620.2,13.5,-5.8,0.0,1878.8,617.5,27.7,259
159.696,1,Atta_1,1989.7,1477.9,176.5,2.0,9.0,,,,
159.766,1,Atta_1,1989.8,1481.7,185.8,3.8,9.3,,,,
159.839,1,Atta_1,1994.0,1482.6,194.2,-4.3,8.4,,,,
159.839,4,Atta_4,1949.4,620.5,13.5,4.0,0.0,1878.8,617.5,27.7,474
159.912,1,Atta_1,1995.2,1492.5,203.1,-10.0,8.9,,,,
159.98,1,Atta_1,1993.9,1499.9,213.9,-7.5,10.8,,,,
160.051,1,Atta_1,1997.1,1500.2,230.6,-3.2,16.7,,,,
160.121,1,Atta_1,1995.5,1502.6,241.6,-2.9,11.0,,,,
160.121,3,Atta_3,2148.4,349.8,49.8,4.4,0.3,2100.9,366.3,61.3,32
160.196,1,Atta_1,1994.6,1504.8,254.1,-2.4,12.5,,,,
160.196,2,Atta_2,1593.1,776.9,311.8,7.6,0.1,1649.9,-1635.1,286.0,13
160.26,1,Atta_1,1993.4,1504.8,265.2,1.2,11.1,,,,
160.26,4,Atta_4,1952.3,623.2,13.5,4.0,0.0,1878.8,617.5,27.6,394
160.332,1,Atta_1,1987.1,1498.9,268.4,8.6,3.2,,,,
160.406,1,Atta_1,1983.2,1496.7,271.5,4.5,3.1,,,,
160.406,2,Atta_2,1589.5,774.5,310.9,-4.3,-0.9,1649.9,-1635.1,286.0,225
160.406,4,Atta_4,1948.2,620.8,13.5,-4.8,0.0,1878.8,617.5,27.6,42
160.537,1,Atta_1,1990.1,1500.7,274.5,-8.0,3.0,,,,
160.537,2,Atta_2,1594.3,776.2,308.9,5.1,-2.0,1649.9,-1635.1,286.0,345
160.537,4,Atta_4,1952.3,622.3,13.7,4.4,0.2,1878.8,617.5,27.6,161
160.604,3,Atta_3,2153.7,352.9,49.7,6.1,-0.1,2100.9,366.3,61.3,5
160.779,1,Atta_1,1981.9,1495.8,273.4,9.6,-1.1,,,,
160.779,2,Atta_2,1590.3,774.6,307.5,-4.3,-1.4,1649.9,-1635.1,281.8,88
160.779,3,Atta_3,2147.3,349.9,49.6,-7.1,-0.1,2100.9,366.3,61.3,188
160.906,4,Atta_4,1945.8,619.2,13.7,-7.2,0.0,1878.8,617.5,27.6,41
160.971,1,Atta_1,1986.4,1497.0,274.7,-4.7,1.3,,,,
160.971,4,Atta_4,1950.3,620.2,13.7,4.6,0.0,1878.8,617.5,27.6,96
161.139,2,Atta_2,1597.6,768.2,307.4,9.7,-0.1,1649.9,-1635.1,281.8,447
161.204,2,Atta_2,1603.4,764.1,307.5,7.1,0.1,1655.6,-1662.8,281.0,17
161.275,2,Atta_2,1608.7,756.6,307.5,9.2,0.0,1655.6,-1662.8,281.0,88
161.34,1,Atta_1,1981.7,1495.0,274.8,5.1,0.1,,,,
161.34,2,Atta_2,1607.5,746.8,307.2,9.9,-0.3,1655.6,-1662.8,281.0,152
161.34,3,Atta_3,2143.5,348.1,49.9,-4.2,0.3,2100.9,366.3,61.3,248
161.34,4,Atta_4,1945.6,618.3,13.5,-5.1,-0.2,1878.8,617.5,27.6,467
161.477,1,Atta_1,1984.1,1485.2,275.0,10.1,0.2,,,,
161.477,2,Atta_2,1612.4,742.5,306.6,6.5,-0.6,1655.6,-1662.8,281.0,283
161.538,1,Atta_1,1985.1,1477.1,275.0,8.2,0.0,,,,
161.538,2,Atta_2,1623.7,729.0,306.2,17.6,-0.4,1655.6,-1662.8,281.0,346
161.538,3,Atta_3,2123.8,364.8,47.3,25.8,-2.6,2100.9,366.3,61.3,442
161.606,1,Atta_1,1984.3,1467.0,275.0,10.1,0.0,,,,
161.606,2,Atta_2,1628.9,723.0,306.2,7.9,0.0,1655.6,-1662.8,281.0,415
161.606,3,Atta_3,2146.0,348.3,49.5,27.7,2.2,2100.9,366.3,61.3,11
161.67,2,Atta_2,1635.3,718.5,306.0,7.8,-0.2,1655.6,-1662.8,281.0,476
161.774,1,Atta_1,1986.0,1454.5,275.2,12.6,0.2,,,,
161.774,2,Atta_2,1640.7,711.3,305.8,9.0,-0.2,1666.0,-1718.8,280.0,113
161.774,4,Atta_4,1948.7,621.3,13.5,4.3,0.0,1878.8,617.5,27.6,428
161.867,1,Atta_1,1988.3,1439.6,274.3,15.1,-0.9,,,,
161.867,2,Atta_2,1651.4,702.8,305.8,13.7,0.0,1666.0,-1718.8,280.0,188
161.867,3,Atta_3,2149.2,352.8,49.7,5.5,0.2,2100.9,366.3,61.3,283
161.933,1,Atta_1,1985.1,1431.7,274.3,8.5,0.0,,,,
161.933,2,Atta_2,1653.6,694.1,305.8,9.0,0.0,1666.0,-1718.8,280.0,252
162.006,1,Atta_1,1985.1,1420.0,274.8,11.7,0.5,,,,
162.006,2,Atta_2,1658.3,688.0,305.8,7.7,0.0,1666.0,-1718.8,280.0,327
162.083,1,Atta_1,1985.6,1413.4,274.8,6.6,0.0,,,,
162.083,2,Atta_2,1663.0,681.5,305.8,8.0,0.0,1666.0,-1718.8,280.0,400
162.154,1,Atta_1,1985.7,1399.0,274.3,14.4,-0.5,,,,
162.154,2,Atta_2,1667.9,673.0,306.3,9.8,0.5,1666.0,-1718.8,280.0,467
162.154,3,Atta_3,2146.7,349.0,49.8,-4.5,0.1,2100.9,366.3,61.3,47
162.215,1,Atta_1,1985.7,1390.7,274.3,8.3,0.0,,,,
162.269,1,Atta_1,1985.7,1383.7,274.2,7.0,-0.1,,,,
162.333,1,Atta_1,1985.8,1372.2,274.7,11.5,0.5,,,,
162.333,3,Atta_3,2123.0,364.7,46.8,-28.4,-3.0,2100.9,366.3,61.3,218
162.438,1,Atta_1,1988.2,1365.9,274.9,6.7,0.2,,,,
162.515,1,Atta_1,1989.2,1355.1,274.9,10.8,0.0,,,,
162.515,3,Atta_3,2144.3,351.6,49.8,25.0,3.0,2100.9,366.3,61.3,413
162.515,4,Atta_4,1941.4,622.1,14.9,-7.3,1.4,1878.8,617.5,27.7,150
162.587,1,Atta_1,1995.4,1352.2,275.2,6.8,0.3,,,,
162.587,2,Atta_2,1675.9,675.1,306.5,8.3,0.2,1672.0,-1752.8,280.7,401
162.587,3,Atta_3,2150.5,355.0,49.8,7.1,0.0,2100.9,366.3,61.3,481
162.587,4,Atta_4,1953.9,624.2,13.6,12.7,-1.3,1878.8,617.5,27.7,218
162.654,1,Atta_1,2002.4,1344.4,275.3,10.5,0.1,,,,
162.654,2,Atta_2,1683.4,679.8,306.5,8.9,0.0,1672.0,-1752.8,280.7,471
162.654,3,Atta_3,2158.2,359.6,49.7,9.0,-0.1,2100.9,366.3,61.3,49
162.654,4,Atta_4,1961.6,628.8,13.5,9.0,-0.1,1878.8,617.5,27.7,287
162.716,1,Atta_1,2002.4,1335.4,275.3,9.0,0.0,,,,
162.78,1,Atta_1,2002.1,1328.2,275.9,7.2,0.6,,,,
162.78,3,Atta_3,2158.3,355.1,49.7,-4.5,0.0,2100.9,366.3,61.3,171
162.842,1,Atta_1,1997.6,1316.0,275.9,13.0,0.0,,,,
162.842,2,Atta_2,1675.7,675.4,306.4,-8.9,-0.1,1672.0,-1752.8,280.8,151
162.842,3,Atta_3,2153.5,352.8,49.5,-5.3,-0.2,2100.9,366.3,61.3,230
162.842,4,Atta_4,1954.1,624.1,13.5,-8.9,0.0,1878.8,617.5,27.7,468
162.901,1,Atta_1,1997.6,1307.4,275.9,8.6,0.0,,,,
162.965,1,Atta_1,1996.7,1296.1,275.7,11.3,-0.2,,,,
163.018,1,Atta_1,1996.0,1287.0,275.7,9.1,0.0,,,,
163.133,1,Atta_1,1994.0,1278.1,276.0,9.1,0.3,,,,
163.133,2,Atta_2,1672.2,672.5,306.5,4.5,0.1,1672.0,-1752.8,280.8,443
163.133,3,Atta_3,2150.2,350.1,49.7,-4.3,0.2,2100.9,366.3,61.3,40
163.133,4,Atta_4,1951.1,621.3,13.5,-4.1,0.0,1878.8,617.5,27.7,261
163.302,3,Atta_3,2130.1,366.5,47.4,-25.9,-2.3,2100.9,366.3,61.3,203
163.365,3,Atta_3,2151.7,350.4,49.6,26.9,2.2,2100.9,366.3,61.3,269
163.539,2,Atta_2,1671.0,672.7,311.0,-1.2,4.5,1698.2,-1342.8,290.6,380
163.539,4,Atta_4,1943.1,623.9,14.9,-8.4,1.4,1878.8,617.5,27.7,201
163.65,1,Atta_1,1999.4,1279.3,275.8,-5.5,-0.2,,,,
163.65,2,Atta_2,1674.0,674.1,326.7,3.3,15.7,1698.2,-1342.8,290.6,473
163.65,3,Atta_3,2156.2,354.0,49.7,5.8,0.1,2100.9,366.3,61.3,65
163.65,4,Atta_4,1949.1,627.7,14.9,7.1,0.0,1878.8,617.5,27.7,294
163.744,1,Atta_1,1990.4,1273.1,275.9,10.9,0.1,,,,
163.744,2,Atta_2,1665.2,667.6,334.6,-10.9,7.9,1698.2,-1342.8,337.6,64
163.744,3,Atta_3,2147.6,350.1,49.7,-9.4,0.0,2100.9,366.3,61.3,157
163.744,4,Atta_4,1949.2,620.9,13.6,-6.8,-1.3,1878.8,617.5,27.7,387
163.838,1,Atta_1,1993.9,1276.1,276.0,-4.6,0.1,,,,
163.838,2,Atta_2,1666.4,667.1,347.1,1.3,12.5,1698.2,-1342.8,337.6,167
163.937,2,Atta_2,1666.4,663.9,0.9,3.2,13.8,1698.2,-1342.8,337.6,252
164.016,2,Atta_2,1668.1,661.1,15.3,3.3,14.4,1698.2,-1342.8,337.6,331
164.087,2,Atta_2,1669.8,658.4,29.4,3.2,14.1,1698.2,-1342.8,337.6,400
164.166,1,Atta_1,1993.1,1276.3,286.7,-0.8,10.7,,,,
164.166,2,Atta_2,1671.0,657.1,38.3,1.8,8.9,1698.2,-1342.8,337.6,480
164.166,3,Atta_3,2151.6,351.5,49.5,4.2,-0.2,2100.9,366.3,61.3,85
164.166,4,Atta_4,1945.4,624.6,14.8,-5.3,1.2,1878.8,617.5,27.7,286
164.246,1,Atta_1,1991.8,1276.3,295.3,-1.3,8.6,,,,
164.246,2,Atta_2,1672.8,655.1,46.7,2.7,8.4,1698.2,-1342.8,35.8,57
164.246,4,Atta_4,1952.5,622.7,13.4,7.3,-1.4,1878.8,617.5,27.7,366
164.328,1,Atta_1,1991.1,1278.4,307.1,-2.2,11.8,,,,
164.328,2,Atta_2,1673.1,654.4,51.2,-0.8,4.5,1698.2,-1342.8,35.8,123
164.328,4,Atta_4,1945.0,624.4,15.1,-7.7,1.7,1878.8,617.5,27.7,432
164.379,1,Atta_1,2001.4,1285.2,316.1,12.3,9.0,,,,
164.379,2,Atta_2,1679.7,658.2,51.2,7.6,0.0,1698.2,-1342.8,35.8,173
164.379,3,Atta_3,2156.3,356.0,49.8,6.5,0.3,2100.9,366.3,61.3,282
164.379,4,Atta_4,1958.4,626.4,13.5,13.5,-1.6,1878.8,617.5,27.7,1
164.433,1,Atta_1,1999.8,1283.7,324.9,-2.2,8.8,,,,
164.495,1,Atta_1,1996.5,1279.6,332.9,-5.3,8.0,,,,
164.557,1,Atta_1,1984.7,1267.7,341.1,-16.8,8.2,,,,
164.631,1,Atta_1,1978.1,1264.3,345.9,-7.4,4.8,,,,
164.631,2,Atta_2,1671.4,653.7,51.1,-9.4,-0.1,1698.2,-1342.8,35.8,435
164.631,3,Atta_3,2149.3,350.3,49.7,-9.0,-0.1,2100.9,366.3,61.3,38
164.631,4,Atta_4,1943.6,623.2,14.9,-15.1,1.4,1878.8,617.5,27.7,263
164.7,1,Atta_1,1985.0,1265.7,356.1,7.0,10.2,,,,
164.7,2,Atta_2,1676.6,656.3,51.1,5.8,0.0,1698.2,-1342.8,35.6,10
164.7,3,Atta_3,2154.4,352.9,49.8,5.7,0.1,2100.9,366.3,61.3,109
164.7,4,Atta_4,1947.5,626.4,14.9,5.0,0.0,1878.8,617.5,27.7,334
164.772,1,Atta_1,1983.6,1266.6,5.8,-1.7,9.7,,,,
164.844,1,Atta_1,1986.8,1266.1,11.5,3.2,5.7,,,,
164.915,2,Atta_2,1672.3,653.6,51.2,-5.1,0.1,1698.2,-1342.8,35.6,226
164.915,3,Atta_3,2149.5,350.9,49.8,-5.3,0.0,2100.9,366.3,61.3,326
164.915,4,Atta_4,1951.3,621.4,13.6,6.3,-1.3,1878.8,617.5,27.7,48
165.13,2,Atta_2,1676.8,656.2,51.0,5.2,-0.2,1698.2,-1342.8,35.6,437
165.13,3,Atta_3,2154.9,352.8,49.7,5.7,-0.1,2100.9,366.3,61.3,42
165.13,4,Atta_4,1956.1,624.0,13.4,5.5,-0.2,1878.8,617.5,27.7,257
165.326,2,Atta_2,1671.3,654.0,51.1,-5.9,0.1,1699.6,-1341.8,35.4,136
165.326,3,Atta_3,2148.9,351.1,49.8,-6.2,0.1,2100.9,366.3,61.3,240
165.326,4,Atta_4,1951.1,621.5,13.5,-5.6,0.1,1878.8,617.5,27.7,455
165.449,1,Atta_1,1993.6,1269.7,11.9,7.7,0.4,,,,
165.449,2,Atta_2,1680.7,658.8,51.1,10.6,0.0,1699.6,-1341.8,35.4,251
165.449,3,Atta_3,2157.4,356.2,49.9,9.9,0.1,2100.9,366.3,61.3,354
165.449,4,Atta_4,1959.4,626.9,13.5,9.9,0.0,1878.8,617.5,27.7,75
165.627,1,Atta_1,1987.4,1265.7,11.8,-7.4,-0.1,,,,
165.627,2,Atta_2,1674.7,655.2,51.2,-7.0,0.1,1699.6,-1341.8,35.4,433
165.627,3,Atta_3,2153.2,351.7,49.8,-6.2,-0.1,2100.9,366.3,61.3,35
165.627,4,Atta_4,1953.1,623.7,13.6,-7.1,0.1,1878.8,617.5,27.7,257
165.694,1,Atta_1,1983.0,1262.9,11.9,-5.2,0.1,,,,
165.694,2,Atta_2,1669.8,651.7,51.2,-6.0,0.0,1699.6,-1341.8,35.4,493
165.694,3,Atta_3,2148.3,348.2,49.6,-6.0,-0.2,2100.9,366.3,61.3,95
165.694,4,Atta_4,1948.5,620.1,13.4,-5.8,-0.2,1878.8,617.5,27.7,317
165.992,1,Atta_1,1978.8,1259.9,11.8,-5.2,-0.1,,,,
165.992,3,Atta_3,2144.4,347.5,49.6,-4.0,0.0,2100.9,366.3,61.3,408
166.072,2,Atta_2,1664.7,653.2,38.8,-5.3,-12.4,1699.6,-1341.8,35.2,373
166.15,1,Atta_1,1990.1,1266.8,11.8,13.2,0.0,,,,
166.15,2,Atta_2,1676.0,661.3,31.5,13.9,-7.3,1699.6,-1341.8,35.2,450
166.15,3,Atta_3,2133.8,371.8,48.1,26.5,-1.5,2100.9,366.3,61.3,55
166.15,4,Atta_4,1957.3,625.9,13.4,10.5,0.0,1878.8,617.5,27.7,278
166.216,2,Atta_2,1675.3,663.0,23.2,1.8,-8.3,1699.6,-1341.8,357.0,26
166.292,1,Atta_1,1984.9,1263.4,12.1,-6.2,0.3,,,,
166.292,2,Atta_2,1667.6,662.1,16.3,-7.8,-6.9,1699.6,-1341.8,357.0,105
166.292,3,Atta_3,2149.8,351.3,49.6,-26.0,1.5,2100.9,366.3,61.3,199
166.292,4,Atta_4,1951.1,622.0,13.5,-7.3,0.1,1878.8,617.5,27.7,422
166.454,2,Atta_2,1669.9,662.3,12.3,2.3,-4.0,1699.6,-1341.8,357.0,265
166.806,1,Atta_1,1988.7,1265.7,15.4,4.4,3.3,,,,
166.806,3,Atta_3,2153.9,350.7,49.6,4.1,0.0,2100.9,366.3,61.2,211
166.859,1,Atta_1,1992.0,1268.4,15.4,4.3,0.0,,,,
166.859,2,Atta_2,1673.1,666.4,7.5,5.2,-4.8,1699.6,-1341.8,352.0,161
166.859,3,Atta_3,2156.9,353.3,49.5,4.0,-0.1,2100.9,366.3,61.2,267
166.859,4,Atta_4,1957.0,625.5,13.6,6.9,0.1,1878.8,617.5,27.7,488
166.922,1,Atta_1,1998.3,1271.5,15.4,7.0,0.0,,,,
166.922,2,Atta_2,1679.1,669.8,7.5,6.9,0.0,1699.6,-1341.8,352.0,221
166.922,3,Atta_3,2161.9,357.5,49.5,6.5,0.0,2100.9,366.3,61.2,327
166.922,4,Atta_4,1963.4,628.3,13.5,7.0,-0.1,1878.8,617.5,27.7,40
167.033,1,Atta_1,1993.4,1267.7,15.3,-6.2,-0.1,,,,
167.033,2,Atta_2,1675.0,667.3,7.8,-4.8,0.3,1699.6,-1341.8,352.0,334
167.033,3,Atta_3,2157.9,354.6,49.5,-4.9,0.0,2100.9,366.3,61.2,440
167.033,4,Atta_4,1958.9,625.7,13.5,-5.2,0.0,1878.8,617.5,27.7,153
167.223,1,Atta_1,1989.5,1266.8,15.4,-4.0,0.1,,,,
167.223,2,Atta_2,1670.1,665.0,7.6,-5.4,-0.2,1702.5,-1342.2,351.9,18
167.223,3,Atta_3,2150.5,354.2,49.5,-7.4,0.0,2100.9,366.3,61.3,114
167.223,4,Atta_4,1953.8,623.4,13.5,-5.6,0.0,1878.8,617.5,27.7,343
167.29,3,Atta_3,2116.4,379.3,49.3,-42.3,-0.2,2100.9,366.3,61.3,178
167.355,2,Atta_2,1674.7,666.6,7.5,4.9,-0.1,1702.5,-1342.2,351.9,148
167.355,3,Atta_3,2150.7,355.2,49.7,41.9,0.4,2100.9,366.3,61.3,243
167.416,1,Atta_1,1995.8,1266.8,15.0,6.3,-0.4,,,,
167.416,2,Atta_2,1681.1,666.7,7.4,6.4,-0.1,1702.5,-1342.2,351.9,208
167.416,3,Atta_3,2154.0,352.7,49.6,4.1,-0.1,2100.9,366.3,61.3,304
167.475,1,Atta_1,1999.5,1268.4,15.0,4.0,0.0,,,,
167.475,2,Atta_2,1685.3,666.9,7.4,4.2,0.0,1702.5,-1342.2,351.9,270
167.528,1,Atta_1,2013.3,1275.2,15.5,15.4,0.5,,,,
167.528,2,Atta_2,1693.9,668.6,7.4,8.8,0.0,1702.5,-1342.2,351.9,323
167.59,1,Atta_1,2021.0,1277.0,15.6,7.9,0.1,,,,
167.59,2,Atta_2,1698.4,670.8,7.1,5.0,-0.3,1702.5,-1342.2,351.9,384
167.654,2,Atta_2,1703.8,668.8,7.5,5.8,0.4,1702.5,-1342.2,351.9,448
167.654,3,Atta_3,2150.6,350.4,49.6,-4.1,0.0,2100.9,366.3,61.3,48
167.719,1,Atta_1,2026.2,1275.7,14.4,5.4,-1.2,,,,
167.719,2,Atta_2,1707.6,665.9,6.8,4.8,-0.7,1751.1,-1349.4,351.3,20
167.719,3,Atta_3,2146.5,347.3,49.6,-5.1,0.0,2100.9,366.3,61.3,114
167.719,4,Atta_4,1946.7,619.1,13.4,-8.3,-0.1,1878.8,617.5,27.7,345
167.777,1,Atta_1,2040.1,1282.6,14.4,15.5,0.0,,,,
167.777,2,Atta_2,1719.5,670.7,7.1,12.8,0.3,1751.1,-1349.4,351.3,75
167.777,3,Atta_3,2150.6,350.4,49.6,5.1,0.0,2100.9,366.3,61.3,170
167.777,4,Atta_4,1951.1,622.1,13.4,5.3,0.0,1878.8,617.5,27.7,401
167.827,1,Atta_1,2045.4,1283.6,14.7,5.4,0.3,,,,
167.886,1,Atta_1,2058.5,1290.0,14.9,14.6,0.2,,,,
167.886,2,Atta_2,1738.2,675.7,6.9,19.4,-0.2,1751.1,-1349.4,351.3,188
167.886,3,Atta_3,2154.0,355.1,49.5,5.8,-0.1,2100.9,366.3,61.3,282
167.886,4,Atta_4,1956.8,624.8,13.6,6.3,0.2,1878.8,617.5,27.7,12
167.945,1,Atta_1,2064.9,1291.7,14.7,6.6,-0.2,,,,
167.945,2,Atta_2,1744.5,674.5,6.7,6.4,-0.2,1751.1,-1349.4,351.3,247
167.945,3,Atta_3,2130.1,369.4,46.8,-27.9,-2.7,2100.9,366.3,61.3,341
168.004,1,Atta_1,2071.7,1294.2,14.9,7.2,0.2,,,,
168.004,2,Atta_2,1750.5,678.1,6.6,7.0,-0.1,1751.1,-1349.4,351.3,304
168.004,3,Atta_3,2154.4,355.6,49.3,27.9,2.5,2100.9,366.3,61.3,398
168.055,1,Atta_1,2083.8,1298.9,15.5,13.0,0.6,,,,
168.055,2,Atta_2,1759.6,679.1,6.6,9.2,0.0,1751.1,-1349.4,351.3,356
168.105,1,Atta_1,2089.6,1300.1,15.5,5.9,0.0,,,,
168.105,2,Atta_2,1768.6,679.6,6.7,9.0,0.1,1751.1,-1349.4,351.3,403
168.234,2,Atta_2,1773.7,680.2,6.7,5.1,0.0,1809.5,-1358.7,351.2,91
168.347,2,Atta_2,1785.4,679.3,6.7,11.7,0.0,1809.5,-1358.7,351.2,154
168.347,3,Atta_3,2151.8,351.0,49.6,-5.3,0.3,2100.9,366.3,61.2,260
168.347,4,Atta_4,1952.6,622.3,13.5,-4.9,-0.1,1878.8,617.5,27.7,479
168.475,1,Atta_1,2084.7,1294.8,16.2,-7.2,0.7,,,,
168.475,3,Atta_3,2120.0,365.9,48.2,-35.1,-1.4,2100.9,366.3,61.2,383
168.475,4,Atta_4,1945.2,619.0,13.5,-8.1,0.0,1878.8,617.5,27.7,104
168.536,2,Atta_2,1791.2,678.8,7.4,5.8,0.7,1809.5,-1358.7,351.2,334
168.587,1,Atta_1,2091.1,1297.4,16.4,6.9,0.2,,,,
168.587,2,Atta_2,1796.0,679.4,7.6,4.8,0.2,1809.5,-1358.7,351.2,386
168.587,3,Atta_3,2124.1,366.9,46.6,4.2,-1.6,2100.9,366.3,61.2,492
168.587,4,Atta_4,1949.0,620.3,13.5,4.0,0.0,1878.8,617.5,27.7,213
168.654,3,Atta_3,2148.4,348.6,49.5,30.4,2.9,2100.9,366.3,61.2,49
168.826,3,Atta_3,2126.3,366.9,46.9,-28.7,-2.6,2100.9,366.3,61.2,221
168.886,1,Atta_1,2103.8,1304.8,17.1,14.7,0.7,,,,
168.886,2,Atta_2,1809.4,687.9,7.5,15.9,-0.1,1817.9,-1360.0,351.7,187
168.886,3,Atta_3,2138.8,374.5,46.9,14.6,0.0,2100.9,366.3,61.2,283
168.886,4,Atta_4,1962.6,628.7,13.4,16.0,-0.1,1878.8,617.5,27.5,6
168.95,3,Atta_3,2161.1,357.8,49.3,27.9,2.4,2100.9,366.3,61.2,348
169.071,1,Atta_1,2098.6,1301.7,16.4,-6.1,-0.7,,,,
169.071,2,Atta_2,1802.7,684.1,7.6,-7.7,0.1,1817.9,-1360.0,351.7,370
169.071,3,Atta_3,2154.9,353.5,49.3,-7.5,0.0,2100.9,366.3,61.2,466
169.071,4,Atta_4,1956.2,624.7,13.4,-7.5,0.0,1878.8,617.5,27.5,189
169.198,3,Atta_3,2129.3,368.8,49.0,-29.8,-0.3,2100.9,366.3,61.1,155
169.305,1,Atta_1,2092.1,1298.7,17.0,-7.2,0.6,,,,
169.305,2,Atta_2,1797.0,681.1,7.2,-6.4,-0.4,1824.0,-1360.9,351.6,108
169.305,3,Atta_3,2147.6,351.2,49.5,-25.4,0.5,2100.9,366.3,61.1,214
169.305,4,Atta_4,1949.7,621.7,13.5,-7.2,0.1,1878.8,617.5,27.5,427
169.371,2,Atta_2,1801.9,680.7,6.4,4.9,-0.8,1824.0,-1360.9,351.6,174
169.371,3,Atta_3,2126.0,367.3,46.7,-26.9,-2.8,2100.9,366.3,61.1,280
169.436,1,Atta_1,2085.0,1296.3,2.4,-7.5,-14.6,,,,
169.436,3,Atta_3,2147.3,351.0,49.5,26.8,2.8,2100.9,366.3,61.1,346
169.503,1,Atta_1,2082.8,1296.3,354.3,-2.2,-8.1,,,,
169.503,2,Atta_2,1814.9,680.9,6.4,13.0,0.0,1824.0,-1360.9,351.6,308
169.569,1,Atta_1,2085.8,1298.9,345.5,4.0,-8.8,,,,
169.569,2,Atta_2,1833.1,684.7,6.4,18.6,0.0,1824.0,-1360.9,351.6,376
169.569,3,Atta_3,2151.9,351.5,49.6,4.6,0.1,2100.9,366.3,61.1,482
169.639,1,Atta_1,2088.8,1302.4,338.5,4.6,-7.0,,,,
169.639,2,Atta_2,1838.6,686.4,3.8,5.8,-2.6,1824.0,-1360.9,351.6,445
169.639,4,Atta_4,1955.0,624.3,14.8,5.9,1.3,1878.8,617.5,27.5,251
169.71,1,Atta_1,2101.3,1312.5,331.2,16.1,-7.3,,,,
169.78,1,Atta_1,2101.3,1312.9,322.0,-0.4,-9.2,,,,
169.78,2,Atta_2,1844.9,687.8,0.0,6.5,-3.8,1859.3,-1367.0,342.6,84
169.848,1,Atta_1,2097.8,1312.7,312.6,-3.5,-9.4,,,,
169.94,1,Atta_1,2097.4,1312.0,302.9,0.8,-9.7,,,,
169.94,2,Atta_2,1849.0,688.0,351.9,4.1,-8.1,1859.3,-1367.0,342.6,244
169.94,4,Atta_4,1958.6,625.3,19.9,3.7,5.1,1878.8,617.5,35.5,48
170.008,1,Atta_1,2103.4,1314.7,288.8,6.6,-14.1,,,,
170.008,2,Atta_2,1859.2,692.3,347.7,11.1,-4.2,1859.3,-1367.0,342.6,312
170.008,3,Atta_3,2157.3,355.2,49.5,6.5,-0.1,2100.9,366.3,61.2,416
170.074,1,Atta_1,2104.2,1314.5,279.1,0.8,-9.7,,,,
170.14,1,Atta_1,2097.8,1309.1,267.6,8.4,-11.5,,,,
170.14,2,Atta_2,1849.4,687.0,347.4,-11.1,-0.3,1859.3,-1367.0,342.6,446
170.14,3,Atta_3,2146.8,350.2,49.5,-11.6,0.0,2100.9,366.3,61.2,48
170.207,1,Atta_1,2101.6,1309.9,256.0,-3.9,-11.6,,,,
170.269,1,Atta_1,2116.2,1315.1,244.4,-15.5,-11.6,,,,
170.269,2,Atta_2,1855.0,689.9,347.9,6.3,0.5,1888.2,-1380.5,334.5,67
170.269,3,Atta_3,2155.6,352.7,49.5,9.1,0.0,2100.9,366.3,61.2,170
170.386,1,Atta_1,2119.5,1315.8,231.7,-3.4,-12.7,,,,
170.476,1,Atta_1,2119.5,1310.0,214.2,5.8,-17.5,,,,
170.476,2,Atta_2,1834.9,693.7,348.1,-20.5,0.2,1888.2,-1380.5,334.5,291
170.561,1,Atta_1,2111.7,1304.7,212.4,9.4,-1.8,,,,
170.561,2,Atta_2,1818.5,692.0,348.3,-16.5,0.2,1888.2,-1380.5,334.5,370
170.561,3,Atta_3,2148.4,349.0,49.6,-8.1,0.1,2100.9,366.3,61.2,474
170.635,2,Atta_2,1812.9,693.4,348.4,-5.8,0.1,1888.2,-1380.5,334.5,445
170.71,1,Atta_1,2117.9,1307.5,211.5,-6.8,-0.9,,,,
170.71,2,Atta_2,1816.5,697.5,348.5,5.5,0.1,1888.2,-1380.5,334.5,511
170.71,3,Atta_3,2154.3,353.8,49.5,7.6,-0.1,2100.9,366.3,61.1,117
170.833,1,Atta_1,2114.7,1304.6,211.3,4.3,-0.2,,,,
170.894,1,Atta_1,2109.4,1302.0,211.3,5.9,0.0,,,,
170.894,2,Atta_2,1809.3,694.5,348.4,-7.8,-0.1,2530.1,-1690.7,334.2,166
170.894,3,Atta_3,2150.4,349.2,49.5,-6.0,0.0,2100.9,366.3,61.1,302
171.114,1,Atta_1,2118.5,1306.3,211.5,-10.1,0.2,,,,
171.114,2,Atta_2,1817.1,698.2,348.3,8.6,-0.1,2530.1,-1690.7,334.2,390
171.114,3,Atta_3,2158.0,353.7,49.5,8.8,0.0,2100.9,366.3,61.1,26
171.186,4,Atta_4,1948.9,634.1,23.7,-13.1,3.8,1878.8,617.5,35.1,308
171.244,4,Atta_4,1956.0,631.2,23.3,7.7,-0.4,1878.8,617.5,35.1,365
171.309,1,Atta_1,2111.3,1303.1,211.3,7.9,-0.2,,,,
171.309,2,Atta_2,1809.6,694.7,348.3,-8.3,0.0,2672.4,-1759.4,334.1,104
171.309,3,Atta_3,2150.2,350.0,49.6,-8.6,0.1,2100.9,366.3,61.1,210
171.392,1,Atta_1,2115.2,1304.9,211.2,-4.3,-0.1,,,,
171.392,2,Atta_2,1814.4,697.3,348.4,5.5,0.1,2672.4,-1759.4,334.1,193
171.392,3,Atta_3,2154.6,353.0,49.5,5.3,-0.1,2100.9,366.3,61.1,298
171.611,1,Atta_1,2121.0,1308.7,211.2,-6.9,0.0,,,,
171.611,2,Atta_2,1821.5,701.5,348.4,8.2,0.0,2672.4,-1759.4,334.1,415
171.611,3,Atta_3,2161.7,356.9,49.5,8.1,0.0,2100.9,366.3,61.1,0
171.679,1,Atta_1,2113.6,1304.3,210.5,8.6,-0.7,,,,
171.679,4,Atta_4,1960.4,634.1,23.3,5.3,0.0,1878.8,617.5,35.0,296
171.741,1,Atta_1,2099.2,1296.9,210.5,16.2,0.0,,,,
171.741,2,Atta_2,1809.7,696.3,349.9,-12.9,1.5,2574.6,-556.5,20.0,35
171.741,3,Atta_3,2152.1,351.2,49.5,-11.2,0.0,2100.9,366.3,61.1,122
171.809,1,Atta_1,2090.1,1290.7,210.6,11.0,0.1,,,,
171.809,2,Atta_2,1805.9,692.5,351.4,-5.4,1.5,2574.6,-556.5,20.0,103
171.809,3,Atta_3,2147.8,348.2,49.5,-5.2,0.0,2100.9,366.3,61.1,190
171.873,1,Atta_1,2081.3,1285.0,210.9,10.5,0.3,,,,
171.873,2,Atta_2,1805.9,690.4,358.5,2.1,7.1,2574.6,-556.5,20.0,170
171.98,1,Atta_1,2068.3,1278.2,211.2,14.7,0.3,,,,
171.98,2,Atta_2,1801.5,689.2,7.0,-4.6,8.5,2574.6,-556.5,20.0,296
171.98,3,Atta_3,2143.2,347.1,49.5,-4.7,0.0,2100.9,366.3,61.1,383
172.053,1,Atta_1,2064.5,1275.9,211.2,4.4,0.0,,,,
172.053,2,Atta_2,1806.7,688.7,19.8,5.2,12.8,2574.6,-556.5,20.0,349
172.053,3,Atta_3,2148.2,350.0,49.5,5.8,0.0,2100.9,366.3,61.1,436
172.108,1,Atta_1,2058.1,1272.3,211.2,7.3,0.0,,,,
172.108,2,Atta_2,1808.2,686.2,28.2,2.9,8.4,2574.6,-556.5,20.0,403
172.172,1,Atta_1,2047.6,1264.4,211.2,13.1,0.0,,,,
172.172,2,Atta_2,1808.4,684.9,36.8,-1.3,8.6,2574.6,-556.5,20.0,470
172.226,2,Atta_2,1814.8,685.4,45.8,6.4,9.0,2574.6,-556.5,20.0,521
172.226,3,Atta_3,2152.2,352.9,49.5,4.9,0.0,2100.9,366.3,61.1,128
172.276,2,Atta_2,1820.6,687.7,49.7,6.2,3.9,2574.6,-556.5,82.2,39
172.276,3,Atta_3,2159.5,354.4,49.5,7.5,0.0,2100.9,366.3,61.1,181
172.341,1,Atta_1,2042.2,1260.6,211.4,6.6,0.2,,,,
172.341,2,Atta_2,1824.8,685.1,58.3,4.9,8.6,2574.6,-556.5,82.2,104
172.408,1,Atta_1,2026.4,1250.1,210.6,19.0,-0.8,,,,
172.408,2,Atta_2,1817.7,681.3,67.1,-8.1,8.8,2574.6,-556.5,82.2,167
172.408,3,Atta_3,2151.3,351.1,49.4,-8.8,-0.1,2100.9,366.3,61.1,310
172.473,1,Atta_1,2022.6,1247.3,210.6,4.7,0.0,,,,
172.473,2,Atta_2,1819.5,681.3,76.7,1.8,9.6,2574.6,-556.5,82.2,233
172.541,2,Atta_2,1818.5,680.4,87.0,-1.3,10.3,2574.6,-556.5,82.2,310
172.607,2,Atta_2,1822.2,681.2,96.3,3.8,9.3,2574.6,-556.5,82.2,378
172.607,4,Atta_4,1963.7,622.4,22.1,-12.2,-1.2,1878.8,617.5,35.0,240
172.664,2,Atta_2,1824.4,679.7,103.5,-2.7,7.2,2574.6,-556.5,82.2,435
172.73,4,Atta_4,1954.5,626.9,21.4,-10.2,-0.7,1878.8,617.5,35.0,363
172.807,1,Atta_1,2030.4,1251.9,210.7,-9.1,0.1,,,,
172.807,2,Atta_2,1837.2,686.5,111.6,14.5,8.1,2574.6,-556.5,138.5,115
172.807,3,Atta_3,2160.1,356.7,49.4,10.4,0.0,2100.9,366.3,61.1,219
172.885,4,Atta_4,1967.5,634.1,21.4,14.9,0.0,1878.8,617.5,35.0,19
173.148,4,Atta_4,1961.8,633.3,20.8,-5.8,-0.6,1878.8,617.5,35.0,284
173.301,1,Atta_1,2034.5,1254.0,210.9,-4.6,0.2,,,,
173.443,1,Atta_1,2023.3,1247.7,211.2,12.9,0.3,,,,
173.443,2,Atta_2,1828.9,681.0,115.1,-10.0,3.5,2574.6,-556.5,140.1,255
173.443,3,Atta_3,2150.6,351.3,49.4,-10.9,0.0,2100.9,366.3,61.1,343
173.443,4,Atta_4,1953.8,628.9,20.9,-9.1,0.1,1878.8,617.5,35.1,82
173.521,1,Atta_1,2028.6,1255.8,218.2,-9.7,7.0,,,,
173.593,1,Atta_1,2028.6,1257.4,227.6,-1.6,9.4,,,,
173.666,1,Atta_1,2027.8,1258.1,237.6,1.1,10.0,,,,
173.666,4,Atta_4,1960.7,624.3,23.0,8.3,2.1,1878.8,617.5,35.1,300
173.74,1,Atta_1,2023.0,1256.0,247.7,5.2,10.1,,,,
173.814,1,Atta_1,2017.4,1255.7,257.1,5.6,9.4,,,,
173.885,1,Atta_1,2010.3,1253.9,270.7,7.3,13.6,,,,
173.96,1,Atta_1,2009.7,1252.4,280.9,1.6,10.2,,,,
174.032,1,Atta_1,2006.3,1252.7,291.1,-3.4,10.2,,,,
174.032,2,Atta_2,1825.6,678.5,116.1,-4.1,1.0,2574.6,-556.5,139.6,341
174.032,3,Atta_3,2149.6,347.0,49.4,-4.4,0.0,2100.9,366.3,61.2,447
174.107,1,Atta_1,2004.9,1253.4,300.5,-1.6,9.4,,,,
174.18,1,Atta_1,2009.0,1255.9,309.7,-4.8,9.2,,,,
174.18,3,Atta_3,2150.5,350.9,49.4,4.0,0.0,2100.9,366.3,61.1,95
174.257,1,Atta_1,2008.6,1255.8,323.8,-0.4,14.1,,,,
174.257,2,Atta_2,1829.4,680.8,117.1,4.4,1.0,2574.6,-556.5,141.4,54
174.33,1,Atta_1,2003.3,1250.4,333.5,-7.6,9.7,,,,
174.404,1,Atta_1,1998.4,1244.0,339.5,-8.1,6.0,,,,
174.404,3,Atta_3,2115.9,376.5,48.9,-43.0,-0.5,2100.9,366.3,61.1,321
174.547,3,Atta_3,2149.4,350.1,49.4,42.7,0.5,2100.9,366.3,61.1,459
174.615,1,Atta_1,1996.3,1241.9,343.5,-3.0,4.0,,,,
174.683,1,Atta_1,2001.9,1245.8,343.7,6.8,0.2,,,,
174.683,2,Atta_2,1833.3,683.0,119.0,4.5,1.9,2574.6,-556.5,141.4,477
174.683,3,Atta_3,2154.4,353.5,49.5,6.0,0.1,2100.9,366.3,61.1,95
174.754,1,Atta_1,2011.2,1249.9,343.7,10.2,0.0,,,,
174.754,2,Atta_2,1843.1,687.5,118.9,-10.8,-0.1,2574.6,-556.5,143.0,50
174.754,3,Atta_3,2164.5,357.9,49.4,11.0,-0.1,2100.9,366.3,61.1,166
174.823,1,Atta_1,2007.3,1247.6,343.7,-4.5,0.0,,,,
174.823,2,Atta_2,1839.2,685.2,119.0,-4.5,0.1,2574.6,-556.5,143.0,118
174.823,3,Atta_3,2160.6,355.5,49.4,-4.6,0.0,2100.9,366.3,61.1,234
174.962,1,Atta_1,1998.7,1243.8,343.6,-9.4,-0.1,,,,
174.962,2,Atta_2,1830.6,681.4,119.1,9.4,0.1,2574.6,-556.5,143.0,261
174.962,3,Atta_3,2151.5,352.0,49.5,-9.7,0.1,2100.9,366.3,61.1,377
175.225,2,Atta_2,1834.2,678.6,122.2,-4.6,3.1,2519.6,-522.3,152.0,35
175.291,1,Atta_1,1993.2,1240.3,343.5,-6.5,-0.1,,,,
175.291,2,Atta_2,1832.5,673.0,126.9,-5.9,4.7,2519.6,-522.3,152.0,100
175.291,3,Atta_3,2146.7,349.1,49.6,-5.6,0.1,2100.9,366.3,61.0,205
175.36,1,Atta_1,1999.8,1242.4,343.4,6.9,-0.1,,,,
175.36,2,Atta_2,1843.3,669.9,130.2,-11.2,3.3,2519.6,-522.3,152.0,176
175.36,3,Atta_3,2153.0,351.1,49.6,6.6,0.0,2100.9,366.3,61.0,281
175.447,1,Atta_1,2005.5,1243.4,343.3,5.8,-0.1,,,,
175.447,4,Atta_4,1964.7,625.4,23.3,4.1,0.3,1878.8,617.5,36.5,89
175.535,1,Atta_1,2011.7,1242.3,343.4,6.3,0.1,,,,
175.535,2,Atta_2,1846.5,671.2,134.4,-3.5,4.2,2519.6,-522.3,152.0,355
175.626,1,Atta_1,2026.9,1242.6,344.1,15.2,0.7,,,,
175.626,2,Atta_2,1849.3,674.1,135.7,4.0,1.3,2519.6,-522.3,152.0,444
175.626,3,Atta_3,2157.6,355.6,49.7,6.4,0.1,2100.9,366.3,61.0,49
175.626,4,Atta_4,1964.6,630.5,25.0,5.1,1.7,1878.8,617.5,36.5,271
175.715,1,Atta_1,2026.5,1233.0,344.1,9.6,0.0,,,,
175.715,2,Atta_2,1839.3,668.6,136.0,11.4,0.3,2258.3,-412.8,160.2,31
175.715,3,Atta_3,2148.6,349.0,49.6,-11.2,-0.1,2100.9,366.3,61.0,137
175.715,4,Atta_4,1954.5,625.0,25.0,-11.5,0.0,1878.8,617.5,36.5,358
175.804,1,Atta_1,2039.8,1233.3,344.7,13.3,0.6,,,,
175.804,2,Atta_2,1845.5,671.2,136.3,-6.7,0.3,2258.3,-412.8,160.2,115
175.804,3,Atta_3,2154.7,351.8,49.5,6.7,-0.1,2100.9,366.3,61.0,220
175.804,4,Atta_4,1959.2,627.7,25.0,5.4,0.0,1878.8,617.5,36.5,442
175.881,1,Atta_1,2052.6,1231.4,344.7,12.9,0.0,,,,
175.953,1,Atta_1,2065.2,1229.8,344.4,12.7,-0.3,,,,
176.025,1,Atta_1,2071.8,1227.1,344.4,7.1,0.0,,,,
176.025,3,Atta_3,2150.1,353.2,49.5,-4.8,0.0,2100.9,366.3,61.0,440
176.099,1,Atta_1,2080.1,1225.6,344.7,8.4,0.3,,,,
176.099,3,Atta_3,2133.7,367.4,46.1,21.7,-3.4,2100.9,366.3,61.1,10
176.173,1,Atta_1,2089.2,1224.4,344.8,9.2,0.1,,,,
176.249,1,Atta_1,2095.7,1217.3,344.9,9.6,0.1,,,,
176.249,2,Atta_2,1837.4,666.0,136.4,9.6,0.1,2238.8,-405.8,160.7,55
176.249,3,Atta_3,2144.3,348.5,49.6,-21.7,3.5,2100.9,366.3,61.1,161
176.249,4,Atta_4,1955.8,620.7,25.0,-7.8,0.0,1878.8,617.5,36.7,384
176.325,1,Atta_1,2106.5,1216.5,345.2,10.8,0.3,,,,
176.404,1,Atta_1,2118.2,1216.4,345.4,11.7,0.2,,,,
176.404,3,Atta_3,2148.4,349.7,49.6,4.3,0.0,2100.9,366.3,61.1,315
176.404,4,Atta_4,1959.8,621.7,24.4,4.1,-0.6,1878.8,617.5,36.7,36
176.479,1,Atta_1,2132.3,1217.2,345.4,14.1,0.0,,,,
176.479,2,Atta_2,1846.7,671.9,136.5,-11.0,0.1,2238.8,-405.8,160.7,286
176.479,3,Atta_3,2154.9,353.6,49.6,7.6,0.0,2100.9,366.3,61.1,393
176.479,4,Atta_4,1972.1,622.9,25.4,12.4,1.0,1878.8,617.5,36.7,113
176.555,1,Atta_1,2148.0,1217.8,344.9,15.7,-0.5,,,,
176.555,2,Atta_2,1850.6,673.4,136.5,-4.2,0.0,2238.8,-405.8,160.7,361
176.555,4,Atta_4,1969.3,627.5,25.4,-5.4,0.0,1878.8,617.5,36.7,187
176.628,1,Atta_1,2146.0,1213.5,344.6,-4.7,-0.3,,,,
176.628,4,Atta_4,1971.9,623.5,24.2,4.8,-1.2,1878.8,617.5,36.7,257
176.699,1,Atta_1,2150.2,1214.3,344.5,4.3,-0.1,,,,
176.768,1,Atta_1,2143.6,1210.0,344.5,-7.9,0.0,,,,
176.768,2,Atta_2,1843.9,669.2,136.5,7.9,0.0,2238.8,-405.8,161.1,77
176.768,3,Atta_3,2151.3,351.2,49.4,-4.3,-0.2,2100.9,366.3,61.0,180
176.768,4,Atta_4,1968.1,621.1,24.2,-4.5,0.0,1878.8,617.5,36.7,401
176.848,1,Atta_1,2151.1,1215.2,344.5,9.1,0.0,,,,
176.848,2,Atta_2,1851.1,674.0,136.5,-8.7,0.0,2238.8,-405.8,161.1,153
176.848,3,Atta_3,2159.0,355.4,49.4,8.8,0.0,2100.9,366.3,61.0,256
176.848,4,Atta_4,1972.8,626.9,24.2,7.5,0.0,1878.8,617.5,36.7,477
176.919,1,Atta_1,2144.7,1210.3,344.8,-8.1,0.3,,,,
176.919,2,Atta_2,1842.2,668.4,136.5,10.5,0.0,2238.8,-405.8,161.1,225
176.919,3,Atta_3,2150.1,350.1,49.5,-10.4,0.1,2100.9,366.3,61.0,328
176.919,4,Atta_4,1962.9,621.7,24.1,-11.2,-0.1,1878.8,617.5,36.7,50
176.982,2,Atta_2,1845.7,670.4,136.5,-4.0,0.0,2238.8,-405.8,161.1,293
176.982,3,Atta_3,2154.2,351.5,49.5,4.3,0.0,2100.9,366.3,61.0,396
176.982,4,Atta_4,1961.0,626.3,24.2,5.0,0.1,1878.8,617.5,36.7,118
177.23,2,Atta_2,1842.9,671.5,142.0,3.0,5.5,2238.8,-405.8,181.0,41
177.23,3,Atta_3,2150.2,352.5,49.6,-4.1,0.1,2100.9,366.3,61.0,141
177.23,4,Atta_4,1967.9,621.8,24.9,8.2,0.7,1878.8,617.5,36.7,368
177.312,2,Atta_2,1842.5,674.6,152.2,3.1,10.2,2238.8,-405.8,181.0,121
177.391,1,Atta_1,2149.8,1214.0,344.4,6.3,-0.4,,,,
177.391,2,Atta_2,1848.8,677.6,163.8,-7.0,11.6,2238.8,-405.8,181.0,201
177.391,3,Atta_3,2157.1,355.0,49.7,7.3,0.1,2100.9,366.3,61.0,301
177.391,4,Atta_4,1976.4,624.6,23.8,8.9,-1.1,1878.8,617.5,35.6,31
177.473,4,Atta_4,1972.4,626.4,23.7,-4.4,-0.1,1878.8,617.5,35.6,111
177.553,1,Atta_1,2137.7,1206.9,344.4,-14.0,0.0,,,,
177.553,2,Atta_2,1833.4,674.8,171.3,15.7,7.5,2238.8,-405.8,181.0,364
177.553,3,Atta_3,2145.2,348.4,49.6,-13.6,-0.1,2100.9,366.3,61.0,464
177.642,3,Atta_3,2126.3,362.7,46.6,-23.7,-3.0,2100.9,366.3,61.1,60
177.727,1,Atta_1,2137.3,1207.1,339.0,-0.4,-5.4,,,,
177.727,3,Atta_3,2142.6,349.7,49.6,20.8,3.0,2100.9,366.3,61.1,143
177.809,1,Atta_1,2159.5,1220.9,329.0,26.1,-10.0,,,,
177.809,3,Atta_3,2154.7,356.5,49.8,13.9,0.2,2100.9,366.3,61.1,216
177.869,1,Atta_1,2150.0,1216.7,320.1,-10.4,-8.9,,,,
177.869,3,Atta_3,2148.4,348.5,49.8,-10.2,0.0,2100.9,366.3,61.1,273
177.924,1,Atta_1,2155.5,1220.6,310.5,6.7,-9.6,,,,
177.978,1,Atta_1,2155.5,1219.6,302.6,1.0,-7.9,,,,
178.03,1,Atta_1,2156.1,1219.7,298.1,0.6,-4.5,,,,
178.093,1,Atta_1,2163.2,1224.8,288.7,-8.7,-9.4,,,,
178.093,3,Atta_3,2154.4,351.6,49.6,6.8,-0.2,2100.9,366.3,61.1,496
178.157,1,Atta_1,2166.7,1225.7,279.3,3.6,-9.4,,,,
178.223,1,Atta_1,2169.0,1227.3,269.6,-2.8,-9.7,,,,
178.223,2,Atta_2,1834.7,687.6,193.1,12.9,21.8,2232.9,-410.3,217.7,21
178.28,1,Atta_1,2164.1,1221.6,264.1,7.5,-5.5,,,,
178.28,2,Atta_2,1821.1,690.1,191.3,13.8,-1.8,2232.9,-410.3,217.7,77
178.28,3,Atta_3,2150.6,350.1,49.6,-4.1,0.0,2100.9,366.3,61.0,175
178.28,4,Atta_4,1965.3,622.9,22.7,-7.9,-1.0,1878.8,617.5,35.5,398
178.331,2,Atta_2,1824.4,683.3,193.1,-7.6,1.8,2232.9,-410.3,217.7,127
178.386,1,Atta_1,2161.0,1218.8,262.1,4.2,-2.0,,,,
178.386,2,Atta_2,1821.5,674.4,193.9,9.4,0.8,2232.9,-410.3,217.7,181
178.437,1,Atta_1,2156.9,1217.0,262.0,4.5,-0.1,,,,
178.437,2,Atta_2,1817.7,670.8,193.9,5.2,0.0,2232.9,-410.3,217.7,231
178.437,3,Atta_3,2143.6,346.7,49.5,-7.8,-0.1,2100.9,366.3,61.0,328
178.437,4,Atta_4,1957.9,619.9,21.9,-8.0,-0.8,1878.8,617.5,35.5,60
178.49,2,Atta_2,1808.8,669.3,194.2,9.0,0.3,2232.9,-410.3,217.7,285
178.542,1,Atta_1,2160.6,1218.7,261.8,-4.1,-0.2,,,,
178.542,2,Atta_2,1804.1,669.1,193.8,4.7,-0.4,2232.9,-410.3,217.7,337
178.542,3,Atta_3,2147.6,348.1,49.6,4.2,0.1,2100.9,366.3,61.0,435
178.595,1,Atta_1,2165.6,1222.7,261.9,-6.4,0.1,,,,
178.595,3,Atta_3,2152.6,352.1,49.6,6.4,0.0,2100.9,366.3,61.0,491
178.595,4,Atta_4,1965.8,625.8,22.0,9.9,0.1,1878.8,617.5,35.5,222
178.658,1,Atta_1,2172.1,1225.1,262.0,-6.9,0.1,,,,
178.658,2,Atta_2,1801.5,674.0,193.3,5.5,-0.5,2232.9,-410.3,217.7,453
178.658,3,Atta_3,2158.4,354.9,49.8,6.4,0.2,2100.9,366.3,61.0,44
178.658,4,Atta_4,1972.9,628.0,21.9,7.4,-0.1,1878.8,617.5,35.5,282
178.722,2,Atta_2,1793.6,672.3,193.2,8.1,-0.1,2188.1,-444.1,216.5,20
178.776,2,Atta_2,1782.9,670.1,193.1,10.9,-0.1,2188.1,-444.1,216.5,74
178.889,2,Atta_2,1767.6,667.9,193.1,15.5,0.0,2188.1,-444.1,216.5,186
178.889,3,Atta_3,2154.2,354.6,49.5,-4.2,-0.3,2100.9,366.3,61.0,274
178.941,1,Atta_1,2166.7,1222.9,261.9,5.8,-0.1,,,,
178.941,2,Atta_2,1758.3,663.2,193.2,10.4,0.1,2188.1,-444.1,216.5,239
178.941,4,Atta_4,1968.0,624.8,22.0,-5.9,0.1,1878.8,617.5,35.5,64
178.995,2,Atta_2,1753.9,661.0,193.2,4.9,0.0,2188.1,-444.1,216.5,295
178.995,3,Atta_3,2153.7,350.6,49.5,-4.0,0.0,2100.9,366.3,61.0,383
179.058,2,Atta_2,1745.5,658.9,193.5,8.7,0.3,2188.1,-444.1,216.5,357
179.122,2,Atta_2,1735.5,657.9,193.2,10.0,-0.3,2188.1,-444.1,216.5,421
179.189,2,Atta_2,1724.6,655.9,193.2,11.1,0.0,2188.1,-444.1,216.5,487
179.253,2,Atta_2,1716.9,654.2,193.2,7.9,0.0,2138.9,-480.5,216.6,46
179.308,1,Atta_1,2164.4,1213.4,262.1,9.8,0.2,,,,
179.308,2,Atta_2,1707.0,651.0,193.3,10.4,0.1,2138.9,-480.5,216.6,102
179.308,3,Atta_3,2149.0,351.5,49.5,-4.8,0.0,2100.9,366.3,61.0,212
179.308,4,Atta_4,1963.9,623.9,21.4,-4.2,-0.6,1878.8,617.5,35.5,432
179.359,1,Atta_1,2161.9,1208.2,262.1,5.8,0.0,,,,
179.359,2,Atta_2,1702.9,648.7,193.4,4.7,0.1,2138.9,-480.5,216.6,156
179.42,1,Atta_1,2161.3,1201.6,262.1,6.6,0.0,,,,
179.42,2,Atta_2,1693.4,648.3,193.6,9.5,0.2,2138.9,-480.5,216.6,217
179.49,1,Atta_1,2166.3,1197.1,262.7,6.7,0.6,,,,
179.49,3,Atta_3,2157.9,352.3,49.4,8.9,-0.1,2100.9,366.3,61.0,396
179.49,4,Atta_4,1971.5,626.1,22.0,7.9,0.6,1878.8,617.5,35.6,115
179.554,1,Atta_1,2165.5,1190.1,262.1,7.0,-0.6,,,,
179.554,2,Atta_2,1687.3,648.8,194.9,6.1,1.3,2138.9,-480.5,216.6,348
179.618,1,Atta_1,2160.5,1178.7,262.1,12.4,0.0,,,,
179.618,2,Atta_2,1681.0,646.6,194.9,6.7,0.0,2138.9,-480.5,216.6,419
179.618,3,Atta_3,2152.3,350.3,49.4,-5.9,0.0,2100.9,366.3,61.0,29
179.684,1,Atta_1,2152.3,1169.6,262.1,12.2,0.0,,,,
179.684,2,Atta_2,1676.3,643.5,194.7,5.6,-0.2,2138.9,-480.5,216.6,489
179.684,3,Atta_3,2146.6,348.3,49.4,-6.0,0.0,2100.9,366.3,61.0,99
179.754,1,Atta_1,2152.3,1164.3,262.1,5.3,0.0,,,,
179.826,1,Atta_1,2160.4,1161.6,261.6,8.5,-0.5,,,,
179.826,2,Atta_2,1685.8,648.5,194.7,-10.7,0.0,2119.1,-495.4,218.0,121
179.826,3,Atta_3,2155.7,353.7,49.4,10.6,0.0,2100.9,366.3,61.0,240
179.899,1,Atta_1,2159.2,1153.2,261.6,8.5,0.0,,,,
179.974,1,Atta_1,2157.5,1140.4,261.4,12.9,-0.2,,,,
180.046,1,Atta_1,2155.6,1132.7,261.9,7.9,0.5,,,,
180.12,1,Atta_1,2153.0,1123.0,261.8,10.0,-0.1,,,,
180.195,1,Atta_1,2149.3,1116.1,262.1,7.8,0.3,,,,
180.195,2,Atta_2,1680.6,646.7,194.3,5.5,-0.4,2118.9,-495.6,217.6,4
180.195,3,Atta_3,2151.1,351.7,49.5,-5.0,0.1,2100.9,366.3,60.9,112
180.274,1,Atta_1,2149.2,1104.0,262.0,12.1,-0.1,,,,
180.274,4,Atta_4,1966.2,623.7,22.0,-5.8,0.0,1878.8,617.5,35.6,399
180.409,1,Atta_1,2141.9,1094.5,262.1,12.0,0.1,,,,
180.409,2,Atta_2,1677.3,643.7,194.6,4.5,0.3,2118.9,-495.6,217.6,252
180.409,3,Atta_3,2147.5,349.4,49.7,-4.3,0.2,2100.9,366.3,60.9,359
180.591,1,Atta_1,2138.8,1090.2,262.1,5.3,0.0,,,,
180.654,2,Atta_2,1682.3,646.2,194.6,-5.6,0.0,2118.9,-495.6,217.6,462
180.654,3,Atta_3,2152.3,352.2,49.5,5.6,-0.2,2100.9,366.3,60.9,69
180.862,3,Atta_3,2148.2,353.3,49.5,-4.2,0.0,2100.9,366.3,60.9,273
180.925,1,Atta_1,2132.3,1084.8,262.4,8.5,0.3,,,,
180.925,2,Atta_2,1676.2,642.7,194.4,7.0,-0.2,2118.9,-495.6,217.8,233
180.925,3,Atta_3,2143.6,350.6,49.6,-5.3,0.1,2100.9,366.3,60.9,338
180.99,3,Atta_3,2110.4,374.5,49.1,-40.9,-0.5,2100.9,366.3,60.9,402
181.054,3,Atta_3,2145.1,349.8,49.5,42.6,0.4,2100.9,366.3,60.9,466
181.054,4,Atta_4,1961.3,621.6,22.0,-5.3,0.0,1878.8,617.5,35.6,178
181.118,2,Atta_2,1685.5,648.6,194.5,-11.0,0.1,2118.9,-495.6,217.8,424
181.118,3,Atta_3,2157.0,354.4,49.5,12.8,0.0,2100.9,366.3,60.9,30
181.182,1,Atta_1,2145.5,1093.7,262.3,-15.9,-0.1,,,,
181.182,2,Atta_2,1681.9,646.8,193.7,4.0,-0.8,2118.9,-495.6,217.8,488
181.25,2,Atta_2,1673.8,646.0,193.2,8.1,-0.5,2103.5,-507.4,216.6,53
181.32,1,Atta_1,2140.2,1090.0,262.2,6.5,-0.1,,,,
181.32,2,Atta_2,1664.3,641.3,192.9,10.6,-0.3,2103.5,-507.4,216.6,121
181.32,3,Atta_3,2150.5,349.9,49.5,-7.9,0.0,2100.9,366.3,60.9,235
181.403,2,Atta_2,1654.6,640.3,192.8,9.8,-0.1,2103.5,-507.4,216.6,200
181.465,2,Atta_2,1646.7,638.1,192.8,8.2,0.0,2103.5,-507.4,216.6,268
181.543,2,Atta_2,1639.4,635.3,192.7,7.8,-0.1,2103.5,-507.4,216.6,342
181.62,1,Atta_1,2148.7,1094.8,263.1,-9.8,0.9,,,,
181.62,3,Atta_3,2159.0,355.3,49.5,10.1,0.0,2100.9,366.3,60.9,28
181.684,1,Atta_1,2139.8,1091.4,269.0,9.5,5.9,,,,
181.684,2,Atta_2,1620.3,631.2,192.6,19.5,-0.1,2103.5,-507.4,216.6,483
181.684,3,Atta_3,2150.1,350.8,49.5,-10.0,0.0,2100.9,366.3,60.9,92
181.758,1,Atta_1,2138.9,1092.6,281.6,-1.5,12.6,,,,
181.758,2,Atta_2,1607.7,628.4,192.7,12.9,0.1,2056.5,-541.8,216.1,53
181.833,1,Atta_1,2137.0,1091.4,285.6,2.2,4.0,,,,
181.833,2,Atta_2,1603.6,628.4,192.7,4.1,0.0,2056.5,-541.8,216.1,127
181.894,1,Atta_1,2140.3,1094.2,297.6,-4.3,12.0,,,,
181.894,2,Atta_2,1599.6,628.2,192.7,4.0,0.0,2056.5,-541.8,216.1,191
181.894,3,Atta_3,2157.9,354.4,49.5,8.6,0.0,2100.9,366.3,60.9,304
181.962,1,Atta_1,2140.3,1094.2,306.8,0.0,9.2,,,,
181.962,2,Atta_2,1592.7,627.8,192.5,6.9,-0.2,2056.5,-541.8,216.1,248
182.014,1,Atta_1,2133.3,1088.9,314.0,8.8,7.2,,,,
182.014,2,Atta_2,1578.6,622.1,192.4,15.2,-0.1,2056.5,-541.8,216.1,301
182.014,3,Atta_3,2151.2,351.6,49.5,-7.3,0.0,2100.9,366.3,60.9,414
182.068,1,Atta_1,2133.3,1088.9,323.2,0.0,9.2,,,,
182.068,2,Atta_2,1569.9,620.5,192.4,8.8,0.0,2056.5,-541.8,216.1,353
182.121,1,Atta_1,2130.2,1086.9,327.6,-3.7,4.4,,,,
182.121,2,Atta_2,1565.5,619.2,192.4,4.6,0.0,2056.5,-541.8,216.1,409
182.182,1,Atta_1,2121.1,1080.1,336.7,-11.4,9.1,,,,
182.182,2,Atta_2,1551.6,614.8,192.4,14.6,0.0,2056.5,-541.8,216.1,469
182.182,3,Atta_3,2146.1,349.3,49.5,-5.6,0.0,2100.9,366.3,60.9,83
182.247,1,Atta_1,2121.1,1079.8,344.6,0.3,7.9,,,,
182.247,2,Atta_2,1543.5,613.2,192.0,8.3,-0.4,2010.7,-574.4,214.6,45
182.302,1,Atta_1,2124.1,1078.8,354.4,3.2,9.8,,,,
182.302,2,Atta_2,1533.7,612.6,191.9,9.8,-0.1,2010.7,-574.4,214.6,98
182.421,1,Atta_1,2132.6,1082.2,0.3,9.2,5.9,,,,
182.421,2,Atta_2,1537.7,618.6,190.3,-7.2,-1.6,2010.7,-574.4,214.6,242
182.421,3,Atta_3,2151.9,351.8,49.5,6.3,0.0,2100.9,366.3,60.9,346
182.505,1,Atta_1,2144.4,1081.4,23.6,11.8,23.3,,,,
182.505,2,Atta_2,1522.1,623.1,190.0,16.2,-0.3,2010.7,-574.4,214.6,307
182.559,1,Atta_1,2152.1,1083.1,34.6,7.9,11.0,,,,
182.559,2,Atta_2,1527.8,623.0,190.3,-5.7,0.3,2010.7,-574.4,214.6,360
182.559,3,Atta_3,2160.2,355.4,49.5,9.0,0.0,2100.9,366.3,60.9,464
182.559,4,Atta_4,1975.0,628.6,22.1,15.4,0.1,1878.8,617.5,35.8,186
182.62,1,Atta_1,2152.1,1081.1,44.2,-2.0,9.6,,,,
182.62,2,Atta_2,1514.0,612.9,191.1,17.1,0.8,2010.7,-574.4,214.6,420
182.68,1,Atta_1,2140.4,1074.5,48.4,-13.4,4.2,,,,
182.68,2,Atta_2,1506.3,608.4,191.1,8.9,0.0,2010.7,-574.4,214.6,480
182.68,3,Atta_3,2152.4,351.7,49.4,-8.6,-0.1,2100.9,366.3,60.9,86
182.745,1,Atta_1,2136.1,1071.7,48.7,-5.1,0.3,,,,
182.745,2,Atta_2,1502.1,605.9,191.1,4.9,0.0,1994.1,-585.8,213.5,42
182.745,3,Atta_3,2148.9,348.8,49.4,-4.5,0.0,2100.9,366.3,60.9,149
182.98,1,Atta_1,2145.6,1077.1,48.8,10.9,0.1,,,,
182.98,2,Atta_2,1511.0,610.7,191.3,-10.1,0.2,1994.1,-585.8,213.5,295
182.98,3,Atta_3,2155.3,355.5,49.4,9.3,0.0,2100.9,366.3,60.9,401
183.117,1,Atta_1,2135.7,1071.5,48.7,-11.4,-0.1,,,,
183.117,3,Atta_3,2146.6,350.5,49.4,-10.0,0.0,2100.9,366.3,61.0,17
183.244,1,Atta_1,2143.6,1077.5,48.8,9.9,0.1,,,,
183.244,3,Atta_3,2157.3,354.5,49.2,11.4,-0.2,2100.9,366.3,61.0,144
183.485,1,Atta_1,2139.3,1074.3,48.7,-5.4,-0.1,,,,
183.485,2,Atta_2,1504.7,607.6,191.3,7.0,0.0,1994.1,-585.8,213.2,282
183.485,3,Atta_3,2150.2,351.6,49.5,-7.7,0.3,2100.9,366.3,61.0,385
183.485,4,Atta_4,1965.3,624.1,22.0,-10.7,-0.1,1878.8,617.5,35.9,107
183.542,1,Atta_1,2146.6,1077.7,48.7,8.1,0.0,,,,
183.542,2,Atta_2,1509.3,610.0,191.2,-5.2,-0.1,1994.1,-585.8,213.2,338
183.542,3,Atta_3,2154.7,353.3,49.4,4.8,-0.1,2100.9,366.3,61.0,442
183.643,1,Atta_1,2142.3,1079.3,48.8,-4.6,0.1,,,,
183.643,2,Atta_2,1503.4,607.4,191.2,6.4,0.0,1994.1,-585.8,213.2,447
183.643,3,Atta_3,2150.1,351.6,49.5,-4.9,0.1,2100.9,366.3,60.9,50
183.706,1,Atta_1,2147.3,1085.4,49.1,7.9,0.3,,,,
183.706,3,Atta_3,2123.8,366.4,48.2,-30.2,-1.3,2100.9,366.3,60.9,105
183.812,1,Atta_1,2150.6,1088.7,49.2,4.7,0.1,,,,
183.877,1,Atta_1,2170.0,1105.0,50.1,25.3,0.9,,,,
183.877,3,Atta_3,2129.5,369.5,48.9,6.5,0.7,2100.9,366.3,60.9,275
183.94,1,Atta_1,2182.6,1116.5,50.4,17.1,0.3,,,,
183.94,2,Atta_2,1516.7,615.2,191.1,-15.4,-0.1,1993.1,-586.5,212.9,235
183.94,3,Atta_3,2164.0,358.5,49.5,36.2,0.6,2100.9,366.3,60.9,338
183.94,4,Atta_4,1978.4,631.9,22.3,15.2,0.3,1878.8,617.5,35.8,50
183.991,1,Atta_1,2186.7,1121.4,50.7,6.4,0.3,,,,
183.991,2,Atta_2,1511.9,612.1,191.0,5.7,-0.1,1993.1,-586.5,212.9,287
183.991,3,Atta_3,2159.2,355.6,49.6,-5.6,0.1,2100.9,366.3,60.9,391
183.991,4,Atta_4,1973.6,629.0,22.3,-5.6,0.0,1878.8,617.5,35.8,102
184.045,1,Atta_1,2194.0,1127.1,50.7,9.3,0.0,,,,
184.045,2,Atta_2,1516.2,614.5,191.0,-4.9,0.0,1993.1,-586.5,212.9,343
184.045,3,Atta_3,2163.5,358.1,49.6,5.0,0.0,2100.9,366.3,60.9,446
184.108,2,Atta_2,1511.9,612.0,190.9,5.0,-0.1,1993.1,-586.5,212.9,404
184.108,3,Atta_3,2158.6,356.0,49.6,-5.3,0.0,2100.9,366.3,60.8,9
184.173,1,Atta_1,2191.9,1132.6,50.4,5.9,-0.3,,,,
184.173,2,Atta_2,1504.0,608.5,190.7,8.6,-0.2,1993.1,-586.5,212.9,471
184.173,3,Atta_3,2151.4,350.3,49.4,-9.2,-0.2,2100.9,366.3,60.8,75
184.226,1,Atta_1,2197.2,1138.2,51.2,7.7,0.8,,,,
184.226,2,Atta_2,1507.9,616.3,190.7,-8.7,0.0,1993.1,-586.5,220.1,23
184.278,1,Atta_1,2201.2,1142.3,51.2,5.7,0.0,,,,
184.34,1,Atta_1,2208.4,1150.8,51.1,11.1,-0.1,,,,
184.34,2,Atta_2,1507.4,618.3,195.2,2.1,4.5,1993.1,-586.5,220.1,135
184.409,1,Atta_1,2216.8,1158.4,51.1,11.3,0.0,,,,
184.409,2,Atta_2,1505.6,614.9,206.4,3.8,11.2,1993.1,-586.5,220.1,205
184.409,3,Atta_3,2157.5,353.9,49.5,7.1,0.1,2100.9,366.3,60.8,310
184.472,1,Atta_1,2220.9,1164.2,51.1,7.1,0.0,,,,
184.472,2,Atta_2,1504.4,614.9,213.5,1.2,7.1,1993.1,-586.5,220.1,268
184.538,1,Atta_1,2226.3,1171.1,51.2,8.8,0.1,,,,
184.538,2,Atta_2,1502.1,615.3,220.9,2.3,7.4,1993.1,-586.5,220.1,333
184.591,1,Atta_1,2229.9,1176.3,51.3,6.3,0.1,,,,
184.591,2,Atta_2,1496.5,613.0,225.4,6.1,4.5,1993.1,-586.5,220.1,387
184.591,3,Atta_3,2151.1,352.0,49.6,-6.7,0.1,2100.9,366.3,60.8,492
184.708,1,Atta_1,2237.0,1185.4,51.3,11.5,0.0,,,,
184.774,1,Atta_1,2242.6,1191.7,51.6,8.4,0.3,,,,
184.839,1,Atta_1,2254.2,1203.3,51.8,16.4,0.2,,,,
184.839,2,Atta_2,1500.8,616.2,230.8,-5.4,5.4,1993.1,-586.5,252.7,146
184.839,3,Atta_3,2157.5,355.6,49.8,7.3,0.2,2100.9,366.3,60.9,244
184.903,1,Atta_1,2264.4,1212.1,51.9,13.5,0.1,,,,
184.903,2,Atta_2,1504.7,619.1,232.7,-4.9,1.9,1993.1,-586.5,252.7,211
184.903,3,Atta_3,2161.8,357.8,49.6,4.8,-0.2,2100.9,366.3,60.9,309
184.968,1,Atta_1,2272.3,1217.6,52.4,9.6,0.5,,,,
185.029,1,Atta_1,2274.0,1221.7,52.8,4.4,0.4,,,,
185.029,2,Atta_2,1501.4,616.7,232.9,4.1,0.2,1993.1,-586.5,252.7,337
185.093,1,Atta_1,2276.7,1226.7,53.5,5.7,0.7,,,,
185.093,2,Atta_2,1497.8,614.9,232.9,4.0,0.0,1993.1,-586.5,252.7,400
185.093,3,Atta_3,2155.1,354.0,49.7,-7.7,0.1,2100.9,366.3,60.9,4
185.162,2,Atta_2,1492.8,612.2,232.9,5.7,0.0,1993.1,-586.5,252.7,473
185.162,3,Atta_3,2149.6,351.4,49.7,-6.1,0.0,2100.9,366.3,60.9,77
185.24,1,Atta_1,2287.7,1239.9,53.8,17.2,0.3,,,,
185.308,1,Atta_1,2300.1,1251.2,53.8,16.8,0.0,,,,
185.308,2,Atta_2,1504.6,618.6,232.9,-13.4,0.0,1993.1,-586.5,255.2,119
185.308,3,Atta_3,2162.0,357.6,49.6,13.9,-0.1,2100.9,366.3,60.9,230
185.385,1,Atta_1,2306.0,1260.2,53.3,10.8,-0.5,,,,
185.458,1,Atta_1,2313.4,1264.6,53.3,8.6,0.0,,,,
185.458,2,Atta_2,1509.0,617.5,233.0,-4.5,0.1,1993.1,-586.5,255.2,270
185.458,3,Atta_3,2166.1,359.9,49.5,4.7,-0.1,2100.9,366.3,60.9,373
185.536,1,Atta_1,2304.2,1260.8,53.6,-10.0,0.3,,,,
185.536,2,Atta_2,1492.2,606.6,232.9,20.0,-0.1,1993.1,-586.5,255.2,344
185.536,3,Atta_3,2153.5,353.4,49.5,-14.2,0.0,2100.9,366.3,60.9,448
185.604,1,Atta_1,2316.8,1267.5,54.2,14.3,0.6,,,,
185.604,2,Atta_2,1499.8,608.5,232.3,-7.8,-0.6,1993.1,-586.5,255.2,415
185.604,3,Atta_3,2165.2,359.9,49.5,13.4,0.0,2100.9,366.3,60.8,19
185.679,1,Atta_1,2306.5,1261.4,54.3,-12.0,0.1,,,,
185.679,2,Atta_2,1484.0,595.0,232.3,20.8,0.0,1993.1,-586.5,255.2,499
185.679,3,Atta_3,2155.1,352.4,49.6,-12.6,0.1,2100.9,366.3,60.8,104
185.767,2,Atta_2,1476.6,585.5,232.4,12.0,0.1,1981.6,-627.8,254.3,60
185.853,2,Atta_2,1471.6,578.6,232.6,8.5,0.2,1981.6,-627.8,254.3,148
185.94,3,Atta_3,2159.6,355.8,49.6,5.6,0.0,2100.9,366.3,60.8,359
186.015,2,Atta_2,1466.3,566.0,232.7,13.7,0.1,1981.6,-627.8,254.3,307
186.182,1,Atta_1,2298.6,1256.8,54.0,-9.1,-0.3,,,,
186.182,2,Atta_2,1443.1,544.1,232.6,31.9,-0.1,1981.6,-627.8,254.3,473
186.182,3,Atta_3,2150.8,349.4,49.6,-10.9,0.0,2100.9,366.3,60.9,101
186.261,2,Atta_2,1438.4,538.0,232.6,7.7,0.0,1966.0,-684.1,253.5,62
186.34,2,Atta_2,1430.8,527.9,232.2,12.6,-0.4,1966.0,-684.1,253.5,139
186.418,1,Atta_1,2299.0,1259.0,48.8,2.2,-5.2,,,,
186.497,1,Atta_1,2296.5,1263.1,36.0,4.8,-12.8,,,,
186.497,2,Atta_2,1425.4,520.0,230.7,9.6,-1.5,1966.0,-684.1,253.5,295
186.578,1,Atta_1,2297.6,1266.9,26.4,4.0,-9.6,,,,
186.578,2,Atta_2,1431.5,525.6,228.8,-8.3,-1.9,1966.0,-684.1,253.5,378
186.578,3,Atta_3,2152.4,353.9,49.6,4.8,0.0,2100.9,366.3,60.9,498
186.578,4,Atta_4,1968.5,625.7,21.9,-6.1,-0.4,1878.8,617.5,35.9,222
186.668,1,Atta_1,2297.5,1266.1,17.1,-0.8,-9.3,,,,
186.668,2,Atta_2,1426.3,515.4,230.7,11.4,1.9,1966.0,-684.1,253.5,466
186.745,1,Atta_1,2287.3,1265.9,2.8,-10.2,-14.3,,,,
186.827,1,Atta_1,2283.1,1265.4,352.8,-4.2,-10.0,,,,
186.895,1,Atta_1,2283.1,1266.4,343.2,-1.0,-9.6,,,,
186.968,1,Atta_1,2284.1,1268.4,329.5,2.2,-13.7,,,,
186.968,3,Atta_3,2134.8,368.1,46.7,-22.6,-2.9,2100.9,366.3,60.9,381
187.043,1,Atta_1,2293.4,1276.8,320.2,12.5,-9.3,,,,
187.122,1,Atta_1,2293.4,1275.6,305.2,1.2,-15.0,,,,
187.122,2,Atta_2,1423.2,511.9,231.3,4.7,0.6,1960.7,-700.8,252.0,418
187.122,3,Atta_3,2153.6,351.3,49.7,25.2,3.0,2100.9,366.3,60.9,33
187.201,1,Atta_1,2293.8,1276.9,295.1,-1.4,-10.1,,,,
187.27,1,Atta_1,2292.4,1275.6,287.5,1.9,-7.6,,,,
187.341,1,Atta_1,2296.7,1276.1,281.4,4.3,-6.1,,,,
187.341,3,Atta_3,2157.0,354.0,49.6,4.3,-0.1,2100.9,366.3,60.9,257
187.416,2,Atta_2,1426.7,514.0,231.3,-4.1,0.0,1960.7,-700.8,251.5,223
187.635,1,Atta_1,2286.6,1270.4,280.4,11.6,-1.0,,,,
187.635,2,Atta_2,1418.4,510.5,231.3,9.0,0.0,1960.7,-700.8,251.5,446
187.635,3,Atta_3,2147.5,350.5,49.7,-10.1,0.1,2100.9,366.3,60.9,47
187.635,4,Atta_4,1963.1,622.5,22.0,-6.3,0.1,1878.8,617.5,35.9,274
187.716,1,Atta_1,2292.8,1273.2,280.4,-6.8,0.0,,,,
187.716,2,Atta_2,1424.3,512.6,231.3,-6.3,0.0,1960.7,-700.8,251.2,25
187.716,3,Atta_3,2154.1,353.0,49.7,7.1,0.0,2100.9,366.3,60.9,127
187.716,4,Atta_4,1969.5,625.3,22.0,7.0,0.0,1878.8,617.5,35.9,353
187.998,2,Atta_2,1420.3,509.3,221.8,5.2,-9.5,1960.7,-700.8,251.2,304
187.998,3,Atta_3,2149.0,350.0,49.7,-5.9,0.0,2100.9,366.3,60.9,406
187.998,4,Atta_4,1964.3,622.3,22.1,-6.0,0.1,1878.8,617.5,36.0,132
188.06,2,Atta_2,1420.7,506.9,214.2,2.4,-7.6,1960.7,-700.8,251.2,371
188.131,1,Atta_1,2287.2,1270.1,280.5,6.4,0.1,,,,
188.193,1,Atta_1,2291.2,1272.3,280.5,-4.6,0.0,,,,
188.193,2,Atta_2,1422.6,506.1,203.1,-2.1,-11.1,1960.7,-700.8,204.3,5
188.268,1,Atta_1,2298.8,1275.5,280.5,-8.2,0.0,,,,
188.268,2,Atta_2,1433.7,508.9,193.1,-11.4,-10.0,1960.7,-700.8,204.3,76
188.268,3,Atta_3,2157.7,354.5,49.6,9.8,-0.1,2100.9,366.3,60.9,180
188.268,4,Atta_4,1972.8,627.3,22.1,9.9,0.0,1878.8,617.5,36.0,402
188.346,1,Atta_1,2301.5,1272.1,280.4,4.3,-0.1,,,,
188.346,2,Atta_2,1433.7,508.9,185.7,0.0,-7.4,1960.7,-700.8,204.3,152
188.42,1,Atta_1,2299.0,1259.4,280.1,12.9,-0.3,,,,
188.42,2,Atta_2,1429.4,500.4,174.4,9.5,-11.3,1960.7,-700.8,204.3,228
188.42,3,Atta_3,2153.9,351.9,49.6,-4.6,0.0,2100.9,366.3,60.9,332
188.484,1,Atta_1,2300.7,1249.9,280.1,9.7,0.0,,,,
188.484,2,Atta_2,1425.7,498.4,162.4,4.2,-12.0,1960.7,-700.8,204.3,291
188.554,1,Atta_1,2300.8,1242.4,280.2,7.5,0.1,,,,
188.554,2,Atta_2,1425.8,495.3,155.8,-3.1,-6.6,1960.7,-700.8,204.3,360
188.616,1,Atta_1,2302.8,1234.9,280.2,7.8,0.0,,,,
188.616,2,Atta_2,1425.7,495.3,149.0,0.1,-6.8,1960.7,-700.8,204.3,422
188.679,1,Atta_1,2300.9,1224.2,280.3,10.9,0.1,,,,
188.679,2,Atta_2,1421.6,491.4,144.8,5.7,-4.2,1960.7,-700.8,204.3,487
188.679,3,Atta_3,2149.1,351.1,49.5,-4.9,-0.1,2100.9,366.3,61.0,86
188.743,1,Atta_1,2301.5,1215.4,280.4,8.8,0.1,,,,
188.743,4,Atta_4,1964.9,623.1,22.2,-8.9,0.1,1878.8,617.5,36.0,376
188.807,1,Atta_1,2311.0,1211.7,280.4,10.2,0.0,,,,
188.807,3,Atta_3,2152.9,353.4,49.5,4.4,0.0,2100.9,366.3,61.0,212
188.868,1,Atta_1,2311.0,1204.1,280.4,7.6,0.0,,,,
188.868,4,Atta_4,1968.7,625.4,22.1,4.4,-0.1,1878.8,617.5,36.1,0
188.931,1,Atta_1,2314.8,1194.0,280.5,10.8,0.1,,,,
188.931,2,Atta_2,1425.8,492.9,141.7,-4.5,-3.1,1960.7,-700.8,160.8,239
188.996,1,Atta_1,2314.6,1186.3,281.4,7.7,0.9,,,,
189.062,1,Atta_1,2323.5,1182.3,281.4,9.8,0.0,,,,
189.062,2,Atta_2,1434.9,498.0,141.7,-10.4,0.0,1960.7,-700.8,160.8,371
189.062,3,Atta_3,2164.7,358.1,49.6,12.7,0.1,2100.9,366.3,61.0,472
189.14,1,Atta_1,2323.5,1171.3,281.4,11.0,0.0,,,,
189.211,1,Atta_1,2322.4,1163.1,281.9,8.3,0.5,,,,
189.211,2,Atta_2,1443.5,518.3,137.8,22.0,-3.9,1960.7,-700.8,157.8,16
189.272,1,Atta_1,2322.5,1155.2,281.9,7.9,0.0,,,,
189.272,3,Atta_3,2160.6,355.7,49.6,-4.8,0.0,2100.9,366.3,60.9,183
189.272,4,Atta_4,1975.4,628.6,22.2,7.4,0.1,1878.8,617.5,36.1,404
189.337,1,Atta_1,2324.9,1147.7,281.7,7.9,-0.2,,,,
189.337,2,Atta_2,1428.5,496.0,141.6,-26.9,3.8,1960.7,-700.8,157.8,143
189.401,1,Atta_1,2317.1,1132.2,281.7,17.4,0.0,,,,
189.401,2,Atta_2,1420.1,490.6,141.8,10.0,0.2,1960.7,-700.8,157.8,214
189.401,3,Atta_3,2148.6,351.0,49.5,-12.9,-0.1,2100.9,366.3,60.9,318
189.474,1,Atta_1,2320.3,1124.1,281.5,8.7,-0.2,,,,
189.536,1,Atta_1,2322.9,1116.2,281.5,8.3,0.0,,,,
189.536,2,Atta_2,1415.4,506.8,141.8,16.9,0.0,1960.7,-700.8,157.8,343
189.536,4,Atta_4,1962.1,621.8,22.0,-14.9,-0.2,1878.8,617.5,36.0,166
189.6,1,Atta_1,2322.9,1106.5,281.5,9.7,0.0,,,,
189.663,1,Atta_1,2328.6,1098.5,281.6,9.8,0.1,,,,
189.663,2,Atta_2,1407.3,510.4,143.7,8.9,1.9,1960.7,-700.8,157.8,468
189.663,4,Atta_4,1967.6,624.7,22.0,6.2,0.0,1878.8,617.5,36.0,292
189.728,1,Atta_1,2328.3,1091.0,281.6,7.5,0.0,,,,
189.728,2,Atta_2,1402.1,510.4,143.7,5.2,0.0,1942.4,-693.8,158.6,35
189.728,3,Atta_3,2152.7,352.0,49.6,4.2,0.1,2100.9,366.3,61.0,138
189.794,1,Atta_1,2323.9,1079.8,281.6,12.0,0.0,,,,
189.794,2,Atta_2,1395.7,508.5,143.4,6.7,-0.3,1942.4,-693.8,158.6,100
189.794,3,Atta_3,2148.0,349.5,49.4,-5.3,-0.2,2100.9,366.3,61.0,203
189.858,1,Atta_1,2327.8,1072.3,281.9,8.5,0.3,,,,
189.921,1,Atta_1,2328.6,1065.4,281.9,6.9,0.0,,,,
189.981,1,Atta_1,2329.3,1059.9,281.9,5.5,0.0,,,,
189.981,4,Atta_4,1938.9,632.0,23.4,-29.6,1.4,1878.8,617.5,36.0,107
190.043,1,Atta_1,2329.3,1050.9,281.8,9.0,-0.1,,,,
190.105,1,Atta_1,2330.3,1042.0,281.8,9.0,0.0,,,,
190.17,1,Atta_1,2335.8,1034.5,281.5,9.3,-0.3,,,,
190.236,1,Atta_1,2340.9,1026.7,282.0,9.3,0.5,,,,
190.302,1,Atta_1,2345.7,1022.9,282.0,6.1,0.0,,,,
190.302,2,Atta_2,1400.6,511.6,143.3,-5.8,-0.1,1942.4,-693.8,157.6,115
190.302,3,Atta_3,2154.0,352.1,49.4,6.5,0.0,2100.9,366.3,61.0,217
190.382,1,Atta_1,2340.5,1015.8,282.6,8.8,0.6,,,,
190.459,2,Atta_2,1401.7,521.9,146.8,10.4,3.5,1942.4,-693.8,157.6,269
190.536,1,Atta_1,2344.6,1015.3,282.6,4.1,0.0,,,,
190.536,2,Atta_2,1402.6,526.3,153.8,4.5,7.0,1942.4,-693.8,157.6,347
190.536,3,Atta_3,2158.5,355.1,49.6,5.4,0.2,2100.9,366.3,61.0,450
190.613,2,Atta_2,1398.3,527.3,166.3,4.4,12.5,1942.4,-693.8,157.6,424
190.691,2,Atta_2,1399.6,528.6,174.3,-1.8,8.0,1942.4,-693.8,192.3,3
190.691,4,Atta_4,1973.5,628.4,22.0,34.8,-1.4,1878.8,617.5,35.9,329
190.842,2,Atta_2,1396.4,528.0,178.7,3.3,4.4,1942.4,-693.8,192.3,152
190.97,1,Atta_1,2337.4,1009.0,282.9,9.6,0.3,,,,
190.97,2,Atta_2,1390.3,523.5,180.6,7.6,1.9,1942.4,-693.8,192.3,276
190.97,3,Atta_3,2151.3,351.6,49.3,-8.0,-0.3,2100.9,366.3,61.1,380
190.97,4,Atta_4,1966.8,624.5,22.0,-7.8,0.0,1878.8,617.5,36.0,101
191.299,1,Atta_1,2344.2,1013.0,282.9,-7.9,0.0,,,,
191.299,2,Atta_2,1393.8,528.8,180.4,-6.4,-0.2,1935.7,-695.5,193.1,105
191.299,3,Atta_3,2157.3,355.2,49.5,7.0,0.2,2100.9,366.3,61.0,208
191.361,2,Atta_2,1393.3,533.7,177.8,4.9,-2.6,1935.7,-695.5,193.1,167
191.361,3,Atta_3,2133.4,373.2,49.3,-29.9,-0.2,2100.9,366.3,61.0,271
191.361,4,Atta_4,1971.4,628.3,22.0,6.0,0.0,1878.8,617.5,36.0,492
191.426,1,Atta_1,2337.7,1009.9,285.3,7.2,2.4,,,,
191.426,2,Atta_2,1380.8,530.6,177.6,12.9,-0.2,1935.7,-695.5,193.1,238
191.426,3,Atta_3,2128.8,370.1,49.3,-5.5,0.0,2100.9,366.3,61.0,341
191.495,1,Atta_1,2336.2,1009.9,291.6,-1.5,6.3,,,,
191.495,2,Atta_2,1370.4,530.2,177.2,10.4,-0.4,1935.7,-695.5,193.1,303
191.495,3,Atta_3,2150.7,353.6,49.5,27.4,0.2,2100.9,366.3,61.0,407
191.559,1,Atta_1,2332.5,1007.5,299.6,4.4,8.0,,,,
191.559,2,Atta_2,1357.9,526.3,177.2,13.1,0.0,1935.7,-695.5,193.1,372
191.559,3,Atta_3,2147.0,351.2,49.5,-4.4,0.0,2100.9,366.3,61.0,476
191.638,1,Atta_1,2338.8,1010.1,308.3,6.8,8.7,,,,
191.638,2,Atta_2,1356.6,532.1,177.2,5.9,0.0,1935.7,-695.5,193.1,449
191.638,3,Atta_3,2158.4,354.0,49.5,11.7,0.0,2100.9,366.3,61.0,53
191.716,1,Atta_1,2338.5,1008.8,317.0,1.3,8.7,,,,
191.716,2,Atta_2,1354.6,537.3,178.5,5.6,1.3,1877.3,-708.1,191.5,25
191.79,1,Atta_1,2337.2,1007.0,325.5,2.2,8.5,,,,
191.864,1,Atta_1,2332.8,1006.4,334.1,-4.4,8.6,,,,
191.864,2,Atta_2,1346.8,541.5,178.5,8.9,0.0,1877.3,-708.1,191.5,204
191.982,1,Atta_1,2333.9,1002.9,349.2,3.7,15.1,,,,
192.057,1,Atta_1,2345.1,1003.9,0.7,11.2,11.5,,,,
192.057,2,Atta_2,1352.1,567.6,179.3,-26.6,0.8,1877.3,-708.1,191.5,367
192.057,4,Atta_4,1975.8,628.6,22.1,4.4,0.1,1878.8,617.5,36.0,193
192.131,1,Atta_1,2351.4,1001.8,17.5,6.6,16.8,,,,
192.131,2,Atta_2,1335.0,569.6,179.3,17.2,0.0,1877.3,-708.1,191.5,439
192.199,1,Atta_1,2351.4,1000.2,22.7,-1.6,5.2,,,,
192.258,2,Atta_2,1325.5,573.0,179.3,10.1,0.0,1825.5,-718.4,190.7,68
192.258,3,Atta_3,2161.7,356.2,49.4,4.0,-0.1,2100.9,366.3,61.0,168
192.333,2,Atta_2,1321.5,571.2,179.3,4.4,0.0,1825.5,-718.4,190.7,144
192.41,2,Atta_2,1315.6,570.0,179.3,6.0,0.0,1825.5,-718.4,190.7,225
192.488,1,Atta_1,2343.2,995.8,24.7,-9.3,2.0,,,,
192.488,2,Atta_2,1307.7,565.8,179.3,8.9,0.0,1825.5,-718.4,190.7,299
192.488,3,Atta_3,2151.5,352.8,49.4,-10.8,0.0,2100.9,366.3,61.0,399
192.563,1,Atta_1,2339.3,992.7,24.7,-5.0,0.0,,,,
192.563,3,Atta_3,2147.9,349.6,49.4,-4.8,0.0,2100.9,366.3,61.0,472
192.639,3,Atta_3,2153.6,350.8,49.4,5.8,0.0,2100.9,366.3,61.0,29
192.71,1,Atta_1,2345.8,996.9,24.5,7.7,-0.2,,,,
192.71,3,Atta_3,2157.3,352.3,49.4,4.0,0.0,2100.9,366.3,61.0,101
192.781,2,Atta_2,1313.6,569.0,179.4,-6.7,0.1,1825.1,-718.4,190.2,91
192.781,4,Atta_4,1971.6,627.1,22.1,-4.5,0.0,1878.8,617.5,36.0,417
193.142,2,Atta_2,1307.2,566.1,179.3,7.0,-0.1,1825.1,-718.4,190.2,452
193.142,3,Atta_3,2151.8,350.1,49.4,-5.9,0.0,2100.9,366.3,61.0,55
193.142,4,Atta_4,1966.4,623.5,22.0,-6.3,-0.1,1878.8,617.5,36.0,273
193.217,3,Atta_3,2146.1,347.2,49.4,-6.4,0.0,2100.9,366.3,61.0,125
193.291,1,Atta_1,2357.5,1002.9,25.7,13.1,1.2,,,,
193.291,3,Atta_3,2151.8,350.3,49.4,6.5,0.0,2100.9,366.3,61.0,201
193.357,1,Atta_1,2378.0,1012.4,26.1,22.6,0.4,,,,
193.357,2,Atta_2,1294.4,553.7,190.0,17.8,10.7,1676.2,-402.9,177.6,171
193.357,3,Atta_3,2158.9,357.1,49.5,9.8,0.1,2100.9,366.3,61.0,273
193.357,4,Atta_4,1975.5,628.5,22.0,10.4,0.0,1878.8,617.5,36.0,492
193.443,1,Atta_1,2388.2,1016.5,26.1,11.0,0.0,,,,
193.512,1,Atta_1,2398.4,1020.5,26.1,11.0,0.0,,,,
193.512,2,Atta_2,1269.5,536.0,193.7,30.5,3.7,1676.2,-402.9,177.6,321
193.588,1,Atta_1,2392.1,1015.3,26.1,-8.2,0.0,,,,
193.588,2,Atta_2,1265.9,538.6,211.0,4.4,17.3,1676.2,-402.9,177.6,393
193.588,3,Atta_3,2145.9,346.8,49.5,-16.6,0.0,2100.9,366.3,61.0,495
193.653,1,Atta_1,2402.8,1019.5,26.4,11.5,0.3,,,,
193.653,2,Atta_2,1253.6,530.7,216.3,14.6,5.3,1676.2,-402.9,177.6,459
193.715,1,Atta_1,2413.5,1028.3,26.7,13.9,0.3,,,,
193.715,2,Atta_2,1273.3,543.8,232.8,-23.7,16.5,1676.2,-402.9,239.0,23
193.715,3,Atta_3,2152.6,352.6,49.6,8.9,0.1,2100.9,366.3,61.0,112
193.779,1,Atta_1,2428.1,1034.7,26.6,15.9,-0.1,,,,
193.779,2,Atta_2,1308.0,580.8,236.1,-50.7,3.3,1676.2,-402.9,239.0,86
193.779,3,Atta_3,2157.2,354.4,49.6,4.9,0.0,2100.9,366.3,61.0,175
193.844,1,Atta_1,2433.3,1037.9,26.7,6.1,0.1,,,,
193.844,2,Atta_2,1312.0,583.1,241.0,-4.6,4.9,1676.2,-402.9,239.0,151
193.844,3,Atta_3,2162.4,355.7,49.5,5.4,-0.1,2100.9,366.3,61.0,240
193.91,1,Atta_1,2450.4,1043.1,26.8,17.9,0.1,,,,
193.91,2,Atta_2,1266.4,551.0,255.6,55.8,14.6,1676.2,-402.9,239.0,215
193.973,2,Atta_2,1254.9,543.7,265.6,13.6,10.0,1676.2,-402.9,239.0,280
193.973,3,Atta_3,2158.3,354.4,49.3,-4.3,-0.2,2100.9,366.3,61.0,368
194.035,1,Atta_1,2465.3,1049.3,27.4,16.1,0.6,,,,
194.035,2,Atta_2,1254.5,543.7,276.2,0.4,10.6,1676.2,-402.9,239.0,345
194.11,1,Atta_1,2472.8,1054.8,27.4,9.3,0.0,,,,
194.11,2,Atta_2,1252.0,534.5,282.7,9.5,6.5,1676.2,-402.9,239.0,418
194.183,1,Atta_1,2476.7,1058.0,27.4,5.0,0.0,,,,
194.183,2,Atta_2,1246.8,532.5,286.0,5.6,3.3,1676.2,-402.9,239.0,495
194.26,2,Atta_2,1241.3,530.2,287.1,6.0,1.1,1676.2,-402.9,278.3,54
194.336,1,Atta_1,2484.3,1063.8,27.3,9.6,-0.1,,,,
194.336,4,Atta_4,1969.6,626.7,22.0,-6.2,0.0,1878.8,617.5,36.0,466
194.393,1,Atta_1,2494.7,1067.3,27.4,11.0,0.1,,,,
194.393,3,Atta_3,2153.8,353.1,49.4,-4.7,0.1,2100.9,366.3,61.0,307
194.471,1,Atta_1,2498.8,1071.3,27.4,5.7,0.0,,,,
194.614,1,Atta_1,2518.0,1078.4,27.6,20.5,0.2,,,,
194.679,1,Atta_1,2524.4,1082.1,27.9,7.4,0.3,,,,
194.738,1,Atta_1,2530.4,1085.3,28.0,6.8,0.1,,,,
194.851,1,Atta_1,2533.9,1087.2,28.4,4.0,0.4,,,,
194.944,1,Atta_1,2557.5,1098.4,28.8,26.1,0.4,,,,
195.033,1,Atta_1,2571.9,1104.4,28.8,15.6,0.0,,,,
195.189,1,Atta_1,2571.9,1108.6,28.1,4.2,-0.7,,,,
195.189,2,Atta_2,1247.0,529.2,287.1,5.8,0.0,1676.2,-402.9,278.2,499
195.27,1,Atta_1,2578.3,1111.8,28.0,7.2,-0.1,,,,
195.27,2,Atta_2,1253.6,524.0,287.1,8.4,0.0,1678.9,-422.6,277.8,81
195.27,3,Atta_3,2159.5,354.3,49.4,5.8,0.0,2100.9,366.3,61.0,184
195.27,4,Atta_4,1948.6,638.0,23.4,-23.8,1.4,1878.8,617.5,36.0,383
195.349,1,Atta_1,2572.3,1108.6,28.0,-6.8,0.0,,,,
195.349,2,Atta_2,1251.3,514.7,287.6,9.6,0.5,1678.9,-422.6,277.8,161
195.349,3,Atta_3,2153.7,351.1,49.4,-6.6,0.0,2100.9,366.3,61.0,264
195.427,1,Atta_1,2578.9,1112.5,28.0,7.7,0.0,,,,
195.427,2,Atta_2,1261.7,514.0,288.2,10.4,0.6,1678.9,-422.6,277.8,241
195.427,3,Atta_3,2161.3,355.1,49.4,8.6,0.0,2100.9,366.3,61.0,344
195.427,4,Atta_4,1975.3,628.7,22.1,28.3,-1.3,1878.8,617.5,36.0,58
195.507,1,Atta_1,2571.3,1108.2,27.8,-8.7,-0.2,,,,
195.507,2,Atta_2,1254.7,509.6,288.2,8.3,0.0,1678.9,-422.6,277.8,319
195.507,3,Atta_3,2153.7,351.1,49.5,-8.6,0.1,2100.9,366.3,61.0,422
195.507,4,Atta_4,1967.1,624.9,22.1,-9.0,0.0,1878.8,617.5,36.0,136
195.659,3,Atta_3,2149.7,350.4,49.5,-4.1,0.0,2100.9,366.3,61.0,75
195.737,2,Atta_2,1252.3,505.7,287.6,4.6,-0.6,1678.9,-422.6,278.4,46
195.737,3,Atta_3,2126.7,367.5,48.0,-28.7,-1.5,2100.9,366.3,61.0,150
195.805,3,Atta_3,2149.9,349.8,49.5,29.2,1.5,2100.9,366.3,61.0,220
195.962,1,Atta_1,2560.5,1101.9,28.0,-12.5,0.2,,,,
195.962,2,Atta_2,1245.0,501.5,287.5,8.4,-0.1,1678.9,-422.6,278.4,274
195.962,3,Atta_3,2141.6,345.0,49.5,-9.6,0.0,2100.9,366.3,61.0,378
196.04,1,Atta_1,2566.0,1105.4,28.0,6.5,0.0,,,,
196.04,2,Atta_2,1250.1,506.4,285.1,-7.1,-2.4,1678.9,-422.6,278.4,352
196.04,3,Atta_3,2127.7,363.3,46.5,23.0,-3.0,2100.9,366.3,61.0,456
196.195,2,Atta_2,1248.5,511.1,286.3,-5.0,1.2,1628.6,-17.8,278.0,5
196.195,3,Atta_3,2146.8,351.2,49.4,22.6,2.9,2100.9,366.3,61.0,110
196.195,4,Atta_4,1962.1,623.7,22.0,-5.1,-0.1,1878.8,617.5,35.9,330
196.273,1,Atta_1,2574.4,1109.8,22.8,9.5,-5.2,,,,
196.273,2,Atta_2,1246.7,518.1,286.7,-7.2,0.4,1628.6,-17.8,278.0,87
196.35,1,Atta_1,2581.6,1114.9,13.6,8.8,-9.2,,,,
196.35,2,Atta_2,1252.8,526.5,287.8,-10.4,1.1,1628.6,-17.8,278.0,157
196.35,3,Atta_3,2135.6,368.0,46.1,20.2,-3.3,2100.9,366.3,61.0,261
196.419,1,Atta_1,2577.1,1116.8,359.5,-4.9,-14.1,,,,
196.419,2,Atta_2,1248.6,534.1,288.9,-8.7,1.1,1628.6,-17.8,278.0,223
196.419,4,Atta_4,1969.1,628.2,21.3,8.3,-0.7,1878.8,617.5,36.0,47
196.485,1,Atta_1,2571.4,1117.6,349.6,-5.8,-9.9,,,,
196.485,2,Atta_2,1246.7,538.4,288.9,-4.7,0.0,1628.6,-17.8,278.0,291
196.545,1,Atta_1,2566.3,1116.8,340.8,-5.2,-8.8,,,,
196.545,3,Atta_3,2154.9,355.1,49.3,23.2,3.2,2100.9,366.3,61.0,455
196.614,1,Atta_1,2564.6,1117.6,334.7,-1.9,-6.1,,,,
196.614,3,Atta_3,2133.0,369.1,46.5,-26.0,-2.8,2100.9,366.3,61.0,10
196.673,3,Atta_3,2153.2,354.1,49.3,25.2,2.8,2100.9,366.3,61.0,66
196.847,1,Atta_1,2570.9,1121.4,331.9,7.4,-2.8,,,,
196.847,2,Atta_2,1246.4,546.5,288.9,-8.1,0.0,1691.3,-397.9,280.4,174
196.847,3,Atta_3,2157.6,355.1,49.4,4.5,0.1,2100.9,366.3,61.0,271
197.034,2,Atta_2,1223.8,567.8,292.3,-31.1,3.4,1691.3,-397.9,280.4,341
197.097,1,Atta_1,2560.7,1117.3,328.3,-11.0,-3.6,,,,
197.097,3,Atta_3,2148.4,349.5,49.3,-10.8,-0.1,2100.9,366.3,61.0,8
197.167,2,Atta_2,1215.6,564.4,292.3,8.9,0.0,1691.3,-397.9,280.4,470
197.167,4,Atta_4,1962.7,623.1,22.1,-8.2,0.8,1878.8,617.5,36.0,264
197.453,1,Atta_1,2566.4,1120.1,328.3,6.4,0.0,,,,
197.453,3,Atta_3,2156.1,354.1,49.4,9.0,0.1,2100.9,366.3,61.0,355
197.505,1,Atta_1,2558.8,1116.0,328.3,-8.6,0.0,,,,
197.505,3,Atta_3,2147.9,349.9,49.3,-9.2,-0.1,2100.9,366.3,61.0,406
197.573,1,Atta_1,2567.9,1120.4,328.4,10.1,0.1,,,,
197.573,3,Atta_3,2156.0,354.2,49.3,9.2,0.0,2100.9,366.3,61.0,472
197.573,4,Atta_4,1971.1,626.7,22.1,9.1,0.0,1878.8,617.5,36.0,189
197.689,1,Atta_1,2572.1,1122.5,328.4,4.7,0.0,,,,
197.739,3,Atta_3,2131.7,373.7,48.1,-31.2,-1.2,2100.9,366.3,60.9,136
197.868,1,Atta_1,2557.8,1114.8,328.4,-16.2,0.0,,,,
197.868,3,Atta_3,2144.1,349.9,49.5,-26.8,1.4,2100.9,366.3,60.9,265
198.037,1,Atta_1,2571.3,1122.7,328.0,15.6,-0.4,,,,
198.037,3,Atta_3,2159.4,357.5,49.7,17.1,0.2,2100.9,366.3,60.9,435
198.037,4,Atta_4,1976.1,628.7,22.1,5.4,0.0,1878.8,617.5,36.0,157
198.101,1,Atta_1,2568.1,1125.3,328.0,-4.1,0.0,,,,
198.168,1,Atta_1,2564.6,1129.0,328.0,-5.1,0.0,,,,
198.234,1,Atta_1,2559.9,1130.4,327.6,-4.9,-0.4,,,,
198.284,1,Atta_1,2550.9,1136.0,327.6,-10.6,0.0,,,,
198.336,1,Atta_1,2545.0,1137.5,327.4,-6.1,-0.2,,,,
198.388,1,Atta_1,2534.1,1135.4,327.7,-11.1,0.3,,,,
198.388,3,Atta_3,2150.3,351.5,49.5,-10.9,-0.2,2100.9,366.3,61.0,290
198.388,4,Atta_4,1966.3,623.6,22.1,-11.0,0.0,1878.8,617.5,36.0,11
198.441,1,Atta_1,2530.0,1138.0,327.8,-4.9,0.1,,,,
198.441,2,Atta_2,1217.9,556.7,246.1,8.0,-46.2,1788.3,-970.2,256.9,236
198.501,2,Atta_2,1233.4,566.1,235.2,-18.1,-10.9,1788.3,-970.2,256.9,295
198.551,3,Atta_3,2145.8,350.9,49.5,-4.5,0.0,2100.9,366.3,61.0,453
198.603,1,Atta_1,2539.2,1144.4,327.5,11.2,-0.3,,,,
198.603,2,Atta_2,1299.0,611.4,227.0,-79.7,-8.2,1788.3,-970.2,256.9,399
198.603,3,Atta_3,2159.2,356.2,49.6,14.4,0.1,2100.9,366.3,61.0,4
198.708,2,Atta_2,1300.0,612.6,223.0,-1.6,-4.0,1788.3,-970.2,218.9,2
198.769,1,Atta_1,2533.5,1142.5,327.2,-6.0,-0.3,,,,
198.833,1,Atta_1,2528.0,1139.7,327.2,-6.2,0.0,,,,
198.833,2,Atta_2,1289.8,607.0,222.9,11.6,-0.1,1788.3,-970.2,218.9,128
198.833,3,Atta_3,2150.6,349.4,49.5,-11.0,-0.1,2100.9,366.3,61.0,234
198.885,1,Atta_1,2531.4,1141.8,327.1,4.0,-0.1,,,,
198.885,2,Atta_2,1294.4,609.5,222.8,-5.2,-0.1,1788.3,-970.2,218.9,178
198.885,3,Atta_3,2153.2,353.0,49.5,4.4,0.0,2100.9,366.3,61.0,284
198.987,3,Atta_3,2121.1,376.1,49.1,-39.5,-0.4,2100.9,366.3,61.0,388
199.042,1,Atta_1,2522.0,1137.2,327.7,-10.5,0.6,,,,
199.042,2,Atta_2,1274.9,597.7,223.9,22.8,1.1,1788.3,-970.2,218.9,336
199.042,3,Atta_3,2141.8,348.8,49.4,-34.3,0.3,2100.9,366.3,61.0,442
199.165,1,Atta_1,2527.4,1140.0,327.7,6.1,0.0,,,,
199.165,2,Atta_2,1286.6,601.4,222.9,-12.3,-1.0,1788.3,-970.2,218.9,457
199.165,3,Atta_3,2149.4,349.4,49.5,7.6,0.1,2100.9,366.3,61.0,63
199.333,2,Atta_2,1230.7,558.5,226.4,70.5,3.5,1778.4,-978.1,217.9,128
199.401,2,Atta_2,1226.9,553.2,226.4,6.5,0.0,1778.4,-978.1,217.9,196
199.465,2,Atta_2,1217.4,543.2,226.2,13.8,-0.2,1778.4,-978.1,217.9,260
199.532,2,Atta_2,1209.2,535.9,226.2,11.0,0.0,1778.4,-978.1,217.9,330
199.532,3,Atta_3,2125.6,362.8,46.7,-27.3,-2.8,2100.9,366.3,61.0,433
199.597,2,Atta_2,1205.4,528.9,226.2,8.0,0.0,1778.4,-978.1,217.9,393
199.597,4,Atta_4,1937.8,631.3,23.4,-29.5,1.3,1878.8,617.5,36.1,218
199.648,3,Atta_3,2149.4,352.8,49.5,25.8,2.8,2100.9,366.3,61.0,41
199.648,4,Atta_4,1965.7,624.5,22.2,28.7,-1.2,1878.8,617.5,36.1,274
199.709,1,Atta_1,2535.0,1143.9,328.0,8.5,0.3,,,,
199.709,2,Atta_2,1209.9,529.9,225.5,-4.6,-0.7,1732.8,-1013.0,217.2,3
199.709,3,Atta_3,2156.0,353.4,49.6,6.6,0.1,2100.9,366.3,61.0,99
199.765,1,Atta_1,2530.3,1141.9,327.9,-5.1,-0.1,,,,
199.765,2,Atta_2,1201.2,525.3,225.5,9.8,0.0,1732.8,-1013.0,217.2,68
199.765,3,Atta_3,2149.4,352.8,49.6,-6.6,0.0,2100.9,366.3,61.0,164
199.831,2,Atta_2,1186.7,508.4,226.5,22.3,1.0,1732.8,-1013.0,217.2,134
199.831,3,Atta_3,2148.1,349.0,49.5,-4.0,-0.1,2100.9,366.3,61.0,229
199.894,2,Atta_2,1181.5,503.2,226.5,7.4,0.0,1732.8,-1013.0,217.2,199
200.02,2,Atta_2,1177.4,496.1,226.5,8.2,0.0,1732.8,-1013.0,217.2,325
200.02,3,Atta_3,2153.6,349.8,49.5,5.6,0.0,2100.9,366.3,61.0,420
200.086,2,Atta_2,1171.1,490.5,226.4,8.4,-0.1,1732.8,-1013.0,217.2,391
200.15,1,Atta_1,2525.3,1145.0,327.6,-5.9,-0.3,,,,
200.15,2,Atta_2,1169.0,486.1,226.4,4.9,0.0,1732.8,-1013.0,217.2,453
200.214,1,Atta_1,2515.8,1145.4,327.3,-9.5,-0.3,,,,
200.214,2,Atta_2,1155.6,474.9,226.8,17.5,0.4,1684.6,-1049.7,217.0,23
200.214,3,Atta_3,2148.8,348.5,49.3,-5.0,-0.2,2100.9,366.3,61.0,115
200.28,1,Atta_1,2510.4,1151.1,327.6,-7.9,0.3,,,,
200.28,2,Atta_2,1155.1,470.5,226.8,4.4,0.0,1684.6,-1049.7,217.0,86
200.28,3,Atta_3,2154.3,351.1,49.4,6.1,0.1,2100.9,366.3,61.0,178
200.343,1,Atta_1,2504.5,1153.7,327.7,-6.4,0.1,,,,
200.343,2,Atta_2,1144.7,463.1,226.4,12.8,-0.4,1684.6,-1049.7,217.0,151
200.343,3,Atta_3,2149.1,348.3,49.4,-5.9,0.0,2100.9,366.3,61.0,243
200.406,1,Atta_1,2499.7,1158.3,328.1,-6.6,0.4,,,,
200.406,2,Atta_2,1141.0,456.5,226.4,7.6,0.0,1684.6,-1049.7,217.0,213
200.475,1,Atta_1,2490.7,1158.9,328.1,-9.0,0.0,,,,
200.475,2,Atta_2,1135.7,451.0,226.4,7.6,0.0,1684.6,-1049.7,217.0,283
200.546,3,Atta_3,2152.9,351.0,49.6,4.7,0.2,2100.9,366.3,61.0,445
200.61,1,Atta_1,2493.5,1162.8,327.5,4.8,-0.6,,,,
200.673,1,Atta_1,2497.0,1167.4,327.0,5.8,-0.5,,,,
200.673,3,Atta_3,2158.7,354.2,49.5,6.6,-0.1,2100.9,366.3,61.0,83
200.736,1,Atta_1,2492.9,1164.6,326.7,-5.0,-0.3,,,,
200.736,3,Atta_3,2153.8,351.6,49.5,-5.5,0.0,2100.9,366.3,61.0,146
200.803,1,Atta_1,2496.2,1167.4,326.5,4.3,-0.2,,,,
200.803,2,Atta_2,1139.6,452.8,227.1,-4.3,0.7,1669.1,-1061.3,217.3,120
200.803,3,Atta_3,2157.4,354.5,49.5,4.6,0.0,2100.9,366.3,61.0,223
200.803,4,Atta_4,1971.8,627.8,22.0,6.9,-0.2,1878.8,617.5,36.1,445
201.218,2,Atta_2,1145.3,455.9,227.0,-6.5,-0.1,1455.9,-753.0,208.1,39
201.218,3,Atta_3,2161.8,357.1,49.5,5.1,0.0,2100.9,366.3,60.9,143
201.218,4,Atta_4,1976.5,630.1,22.0,5.2,0.0,1878.8,617.5,36.1,365
201.313,1,Atta_1,2500.6,1169.8,326.6,5.0,0.1,,,,
201.404,1,Atta_1,2492.2,1165.6,326.4,-9.4,-0.2,,,,
201.404,2,Atta_2,1136.4,449.0,227.8,11.3,0.8,1455.9,-753.0,208.1,224
201.404,3,Atta_3,2153.9,353.9,49.5,-8.5,0.0,2100.9,366.3,60.9,328
201.404,4,Atta_4,1969.1,626.4,22.0,-8.3,0.0,1878.8,617.5,36.2,50
201.578,1,Atta_1,2499.2,1167.7,324.0,7.3,-2.4,,,,
201.578,2,Atta_2,1134.5,451.3,240.2,-3.0,12.4,1455.9,-753.0,208.1,401
201.676,1,Atta_1,2508.3,1173.5,314.5,10.8,-9.5,,,,
201.676,2,Atta_2,1134.5,452.9,252.1,-1.6,11.9,1455.9,-753.0,208.1,493
201.762,1,Atta_1,2499.6,1168.5,307.1,-10.0,-7.4,,,,
201.762,2,Atta_2,1141.3,469.1,261.1,-17.6,9.0,1455.9,-753.0,258.0,58
201.762,3,Atta_3,2145.6,348.5,49.3,-9.9,-0.2,2100.9,366.3,60.9,181
201.849,1,Atta_1,2510.2,1173.7,295.3,11.8,-11.8,,,,
201.849,2,Atta_2,1151.9,474.3,272.9,-11.8,11.8,1455.9,-753.0,258.0,147
201.849,3,Atta_3,2157.7,352.5,49.3,12.7,0.0,2100.9,366.3,60.9,270
201.938,1,Atta_1,2513.3,1175.7,281.0,-3.7,-14.3,,,,
201.938,2,Atta_2,1127.2,457.1,290.8,30.1,17.9,1455.9,-753.0,258.0,239
202.029,1,Atta_1,2513.3,1175.7,272.3,0.0,-8.7,,,,
202.029,2,Atta_2,1121.6,450.4,300.6,8.7,9.8,1455.9,-753.0,258.0,328
202.116,1,Atta_1,2515.4,1174.8,256.9,2.3,-15.4,,,,
202.116,2,Atta_2,1117.5,447.3,316.1,5.1,15.5,1455.9,-753.0,258.0,408
202.198,1,Atta_1,2510.1,1170.3,244.4,7.0,-12.5,,,,
202.198,2,Atta_2,1110.6,443.2,330.0,-8.0,13.9,1455.9,-753.0,313.4,9
202.198,3,Atta_3,2151.8,351.2,49.5,-6.0,0.2,2100.9,366.3,60.9,113
202.198,4,Atta_4,1942.2,634.0,23.5,-28.0,1.5,1878.8,617.5,36.2,317
202.277,2,Atta_2,1148.6,475.7,339.4,50.0,9.4,1455.9,-753.0,313.4,87
202.351,2,Atta_2,1156.3,481.5,342.5,9.6,3.1,1455.9,-753.0,313.4,160
202.351,4,Atta_4,1966.0,624.6,22.1,25.6,-1.4,1878.8,617.5,36.2,467
202.426,4,Atta_4,1940.6,633.2,23.5,-26.8,1.4,1878.8,617.5,36.1,51
202.572,1,Atta_1,2512.1,1170.5,240.1,-2.0,-4.3,,,,
202.79,2,Atta_2,1148.7,475.5,342.3,-9.7,-0.2,1455.9,-753.0,314.1,96
202.865,3,Atta_3,2148.7,348.5,49.6,-4.1,0.1,2100.9,366.3,60.9,272
202.992,2,Atta_2,1153.1,479.4,343.0,5.9,0.7,1455.9,-753.0,314.1,288
203.049,1,Atta_1,2508.3,1167.3,240.0,5.0,-0.1,,,,
203.049,2,Atta_2,1149.4,476.7,343.0,-4.6,0.0,1455.9,-753.0,314.1,342
203.049,3,Atta_3,2144.3,345.9,49.5,-5.1,-0.1,2100.9,366.3,60.9,443
203.105,1,Atta_1,2515.3,1171.8,240.0,-8.3,0.0,,,,
203.105,2,Atta_2,1156.5,481.2,343.2,8.4,0.2,1455.9,-753.0,314.1,398
203.105,3,Atta_3,2151.9,350.0,49.6,8.6,0.1,2100.9,366.3,60.9,6
203.159,2,Atta_2,1161.7,484.4,343.2,6.1,0.0,1455.9,-753.0,314.1,451
203.159,3,Atta_3,2155.5,354.7,49.6,5.9,0.0,2100.9,366.3,60.9,59
203.159,4,Atta_4,1970.6,627.0,22.1,30.6,-1.4,1878.8,617.5,36.1,258
203.221,1,Atta_1,2514.2,1166.1,238.0,5.8,-2.0,,,,
203.286,1,Atta_1,2506.2,1154.0,237.3,14.5,-0.7,,,,
203.286,2,Atta_2,1156.9,481.3,343.4,-5.7,0.2,1455.9,-753.0,313.5,84
203.286,3,Atta_3,2151.8,351.7,49.5,-4.8,-0.1,2100.9,366.3,60.9,188
203.391,1,Atta_1,2500.3,1148.2,236.5,8.3,-0.8,,,,
203.469,1,Atta_1,2494.4,1137.8,236.5,12.0,0.0,,,,
203.549,2,Atta_2,1165.4,485.6,344.7,9.5,1.3,1455.9,-753.0,313.5,361
203.549,3,Atta_3,2161.3,354.7,49.5,10.0,0.0,2100.9,366.3,60.9,465
203.628,1,Atta_1,2491.2,1129.8,235.8,8.6,-0.7,,,,
203.691,1,Atta_1,2490.0,1124.1,235.3,5.8,-0.5,,,,
203.691,3,Atta_3,2137.5,375.1,47.3,31.3,-2.2,2100.9,366.3,60.9,102
203.755,1,Atta_1,2470.2,1107.9,235.3,25.6,0.0,,,,
203.755,2,Atta_2,1155.9,480.8,345.1,-10.6,0.4,1455.9,-753.0,315.5,38
203.755,3,Atta_3,2127.6,369.6,47.3,-11.3,0.0,2100.9,366.3,60.9,154
203.855,1,Atta_1,2464.9,1102.6,235.7,7.5,0.4,,,,
203.855,3,Atta_3,2149.3,352.0,49.4,27.9,2.1,2100.9,366.3,60.9,265
203.931,1,Atta_1,2456.6,1090.7,236.6,14.5,0.9,,,,
203.998,1,Atta_1,2452.2,1085.7,236.8,6.7,0.2,,,,
204.067,1,Atta_1,2452.1,1079.8,236.6,5.9,-0.2,,,,
204.142,1,Atta_1,2440.4,1069.9,236.0,15.3,-0.6,,,,
204.205,1,Atta_1,2433.3,1062.6,235.6,10.2,-0.4,,,,
204.205,2,Atta_2,1152.5,478.6,347.9,-4.0,2.8,1455.9,-753.0,318.4,6
204.205,4,Atta_4,1964.3,623.4,21.9,-7.3,-0.2,1878.8,617.5,36.1,323
204.27,1,Atta_1,2427.6,1056.2,235.4,8.6,-0.2,,,,
204.329,1,Atta_1,2424.4,1050.4,235.3,6.6,-0.1,,,,
204.329,2,Atta_2,1156.1,480.5,347.9,4.1,0.0,1455.9,-753.0,318.4,131
204.329,3,Atta_3,2133.8,367.3,46.7,21.8,-2.7,2100.9,366.3,60.9,234
204.39,1,Atta_1,2422.1,1043.9,235.3,6.9,0.0,,,,
204.39,3,Atta_3,2154.8,352.8,49.3,25.5,2.6,2100.9,366.3,60.9,295
204.39,4,Atta_4,1969.2,625.8,22.0,5.5,0.1,1878.8,617.5,36.2,17
204.455,1,Atta_1,2421.6,1036.8,236.2,7.1,0.9,,,,
204.519,1,Atta_1,2411.2,1030.0,236.2,12.4,0.0,,,,
204.583,1,Atta_1,2401.1,1021.9,235.9,12.9,-0.3,,,,
204.639,1,Atta_1,2398.5,1018.7,235.5,4.1,-0.4,,,,
204.689,1,Atta_1,2394.3,1012.4,234.8,7.6,-0.7,,,,
204.752,1,Atta_1,2387.8,1006.8,234.8,8.6,0.0,,,,
204.752,4,Atta_4,1942.2,634.9,23.6,-28.5,1.6,1878.8,617.5,36.2,372
204.817,1,Atta_1,2387.2,999.8,236.0,7.0,1.2,,,,
204.882,1,Atta_1,2380.0,991.6,236.7,10.9,0.7,,,,
204.882,2,Atta_2,1154.3,469.8,347.6,10.9,-0.3,1456.8,-753.9,318.0,173
204.882,3,Atta_3,2149.9,350.5,49.4,-5.4,0.1,2100.9,366.3,60.8,281
204.882,4,Atta_4,1963.3,624.3,22.0,23.6,-1.6,1878.8,617.5,36.2,3
204.949,1,Atta_1,2374.2,983.9,236.7,9.6,0.0,,,,
204.949,3,Atta_3,2127.2,366.6,46.6,-27.8,-2.8,2100.9,366.3,60.8,348
205.053,1,Atta_1,2369.4,976.9,237.0,8.5,0.3,,,,
205.053,3,Atta_3,2147.7,351.2,49.5,25.6,2.9,2100.9,366.3,60.8,468
205.123,1,Atta_1,2356.0,965.8,237.3,17.4,0.3,,,,
205.123,2,Atta_2,1167.2,465.3,348.4,13.7,0.8,1456.8,-753.9,318.0,416
205.183,1,Atta_1,2362.3,963.6,238.9,-6.7,1.6,,,,
205.183,2,Atta_2,1152.3,428.5,344.0,-39.7,-4.4,1456.8,-753.9,318.0,475
205.183,3,Atta_3,2155.1,354.8,49.6,8.2,0.1,2100.9,366.3,60.9,83
205.288,1,Atta_1,2344.6,952.2,239.4,21.1,0.5,,,,
205.288,2,Atta_2,1155.1,418.9,343.9,10.0,-0.1,1494.9,-788.0,318.0,94
205.288,3,Atta_3,2147.2,350.0,49.7,-9.2,0.1,2100.9,366.3,60.9,197
205.352,1,Atta_1,2337.7,940.9,239.5,13.2,0.1,,,,
205.352,2,Atta_2,1158.0,415.0,343.8,4.9,-0.1,1494.9,-788.0,318.0,150
205.352,3,Atta_3,2151.3,349.0,49.6,4.2,-0.1,2100.9,366.3,60.9,252
205.416,1,Atta_1,2333.4,933.4,240.1,8.6,0.6,,,,
205.416,2,Atta_2,1164.2,413.8,343.6,6.3,-0.2,1494.9,-788.0,318.0,213
205.481,1,Atta_1,2331.4,926.1,240.1,7.6,0.0,,,,
205.481,2,Atta_2,1173.4,413.7,343.6,9.2,0.0,1494.9,-788.0,318.0,277
205.584,1,Atta_1,2331.2,919.2,239.9,6.9,-0.2,,,,
205.69,1,Atta_1,2320.0,910.9,237.0,13.9,-2.9,,,,
205.69,2,Atta_2,1177.2,414.8,343.8,4.0,0.2,1494.9,-788.0,318.0,498
205.69,4,Atta_4,1967.3,625.5,21.9,4.2,-0.1,1878.8,617.5,36.2,322
205.753,3,Atta_3,2154.0,352.6,49.6,4.5,0.0,2100.9,366.3,60.8,115
205.916,2,Atta_2,1180.7,416.7,343.6,4.0,-0.2,1501.7,-794.1,317.4,214
206.059,1,Atta_1,2312.8,903.6,237.6,10.3,0.6,,,,
206.059,2,Atta_2,1171.1,411.0,343.6,-11.2,0.0,1501.7,-794.1,317.4,343
206.059,3,Atta_3,2125.7,364.1,47.2,-30.5,-2.4,2100.9,366.3,60.8,420
206.059,4,Atta_4,1961.1,621.6,22.1,-7.3,0.2,1878.8,617.5,36.3,173
206.246,3,Atta_3,2148.1,350.9,49.7,26.0,2.5,2100.9,366.3,60.9,145
206.313,1,Atta_1,2317.7,905.3,237.5,-5.2,-0.1,,,,
206.313,2,Atta_2,1176.0,413.7,343.7,5.6,0.1,1501.7,-794.1,317.2,108
206.313,4,Atta_4,1966.6,623.9,22.0,6.0,-0.1,1878.8,617.5,36.3,428
206.417,1,Atta_1,2314.8,902.6,237.0,4.0,-0.5,,,,
206.483,1,Atta_1,2310.1,893.4,236.3,10.3,-0.7,,,,
206.483,3,Atta_3,2151.6,353.8,49.7,4.5,0.0,2100.9,366.3,60.9,383
206.545,1,Atta_1,2308.0,885.7,236.3,8.0,0.0,,,,
206.621,1,Atta_1,2302.0,877.2,237.4,10.4,1.1,,,,
206.621,3,Atta_3,2147.8,352.0,49.7,-4.2,0.0,2100.9,366.3,60.9,12
206.68,1,Atta_1,2294.1,872.0,237.7,9.5,0.3,,,,
206.745,1,Atta_1,2288.3,865.7,237.7,8.6,0.0,,,,
206.85,1,Atta_1,2285.5,860.4,238.7,6.0,1.0,,,,
206.85,4,Atta_4,1941.8,633.2,23.6,-26.5,1.6,1878.8,617.5,36.2,488
206.917,1,Atta_1,2274.5,849.3,239.0,15.6,0.3,,,,
206.917,2,Atta_2,1170.6,411.0,343.7,-6.0,0.0,1501.7,-794.1,316.9,213
206.976,1,Atta_1,2275.4,845.2,239.1,4.2,0.1,,,,
206.976,2,Atta_2,1178.2,415.5,343.7,8.8,0.0,1501.7,-794.1,316.9,270
206.976,3,Atta_3,2154.0,352.4,49.7,6.2,0.0,2100.9,366.3,60.9,365
206.976,4,Atta_4,1967.0,626.3,22.2,26.1,-1.4,1878.8,617.5,36.2,96
207.082,1,Atta_1,2276.0,838.2,239.2,7.0,0.1,,,,
207.154,1,Atta_1,2269.9,830.3,239.2,10.0,0.0,,,,
207.154,2,Atta_2,1184.4,419.0,344.0,7.1,0.3,1501.7,-794.1,316.9,450
207.154,3,Atta_3,2159.6,354.9,49.7,6.1,0.0,2100.9,366.3,60.9,40
207.154,4,Atta_4,1973.5,628.3,22.2,6.8,0.0,1878.8,617.5,36.2,276
207.211,1,Atta_1,2264.8,822.8,239.2,9.1,0.0,,,,
207.211,2,Atta_2,1184.4,419.0,351.9,0.0,7.9,1501.7,-794.1,330.0,8
207.263,1,Atta_1,2253.0,808.7,239.3,18.4,0.1,,,,
207.263,2,Atta_2,1210.0,449.8,353.3,40.0,1.4,1501.7,-794.1,330.0,62
207.263,3,Atta_3,2148.6,350.0,49.7,-12.0,0.0,2100.9,366.3,60.9,150
207.263,4,Atta_4,1963.2,622.9,22.2,-11.6,0.0,1878.8,617.5,36.2,386
207.32,1,Atta_1,2249.6,805.9,239.3,4.4,0.0,,,,
207.32,2,Atta_2,1201.5,440.5,0.2,-12.6,6.9,1501.7,-794.1,330.0,118
207.378,1,Atta_1,2246.0,798.2,239.2,8.5,-0.1,,,,
207.378,2,Atta_2,1208.2,442.9,6.7,7.1,6.5,1501.7,-794.1,330.0,176
207.442,1,Atta_1,2244.4,792.4,239.0,6.0,-0.2,,,,
207.442,2,Atta_2,1204.8,442.9,14.2,-3.4,7.5,1501.7,-794.1,330.0,240
207.442,3,Atta_3,2152.9,351.8,49.7,4.7,0.0,2100.9,366.3,60.9,328
207.442,4,Atta_4,1967.6,625.0,22.1,4.9,-0.1,1878.8,617.5,36.2,64
207.547,1,Atta_1,2236.5,782.9,239.0,12.4,0.0,,,,
207.547,2,Atta_2,1179.6,407.7,17.6,-43.3,3.4,1501.7,-794.1,330.0,355
207.617,1,Atta_1,2231.8,776.0,239.7,8.3,0.7,,,,
207.617,2,Atta_2,1181.3,409.8,22.4,2.7,4.8,1501.7,-794.1,330.0,416
207.677,1,Atta_1,2236.3,775.8,239.9,-4.5,0.2,,,,
207.677,2,Atta_2,1191.6,415.7,23.4,11.9,1.0,1501.7,-794.1,330.0,474
207.677,3,Atta_3,2158.4,354.0,49.7,5.9,0.0,2100.9,366.3,60.9,43
207.677,4,Atta_4,1949.3,636.9,23.6,-21.8,1.5,1878.8,617.5,36.2,298
207.805,1,Atta_1,2229.0,771.8,240.0,8.3,0.1,,,,
207.805,2,Atta_2,1185.5,412.1,23.8,-7.1,0.4,1501.7,-794.1,357.7,97
207.805,3,Atta_3,2150.7,351.0,49.6,-8.3,-0.1,2100.9,366.3,60.9,171
207.805,4,Atta_4,1942.0,633.3,23.6,-8.1,0.0,1878.8,617.5,36.2,427
207.86,1,Atta_1,2222.8,768.8,239.7,6.9,-0.3,,,,
207.86,2,Atta_2,1179.0,408.8,23.8,-7.3,0.0,1501.7,-794.1,357.7,163
207.86,3,Atta_3,2144.9,347.8,49.7,-6.6,0.1,2100.9,366.3,60.9,238
207.86,4,Atta_4,1936.2,630.4,23.6,-6.5,0.0,1878.8,617.5,36.2,493
207.927,1,Atta_1,2229.3,771.5,239.7,-7.0,0.0,,,,
207.927,2,Atta_2,1185.2,411.6,23.8,6.8,0.0,1501.7,-794.1,357.7,238
207.927,3,Atta_3,2150.7,351.0,49.6,6.6,-0.1,2100.9,366.3,60.9,312
207.927,4,Atta_4,1942.1,633.3,23.6,6.6,0.0,1878.8,617.5,36.2,58
208.059,2,Atta_2,1188.6,414.7,23.7,4.6,-0.1,1501.7,-794.1,357.7,363
208.194,1,Atta_1,2226.4,768.5,239.8,4.2,0.1,,,,
208.194,2,Atta_2,1183.3,409.8,24.3,-7.2,0.6,1501.7,-794.1,357.7,495
208.194,3,Atta_3,2146.4,348.8,49.7,-4.8,0.1,2100.9,366.3,60.9,97
208.194,4,Atta_4,1962.1,620.9,22.0,23.5,-1.6,1878.8,617.5,36.2,315
208.331,1,Atta_1,2236.9,775.8,239.8,-12.8,0.0,,,,
208.331,2,Atta_2,1192.7,416.3,24.5,11.4,0.2,1501.7,-794.1,358.7,139
208.331,3,Atta_3,2156.2,356.1,49.7,12.2,0.0,2100.9,366.3,60.9,237
208.331,4,Atta_4,1972.4,628.1,22.1,12.6,0.1,1878.8,617.5,36.2,455
208.474,1,Atta_1,2231.0,773.6,239.8,6.3,0.0,,,,
208.474,2,Atta_2,1187.7,414.0,24.5,-5.5,0.0,1501.7,-794.1,358.7,285
208.474,3,Atta_3,2149.4,355.1,49.7,-6.9,0.0,2100.9,366.3,60.9,383
208.474,4,Atta_4,1967.3,625.8,22.2,-5.6,0.1,1878.8,617.5,36.2,111
208.615,2,Atta_2,1182.7,410.9,24.8,-5.9,0.3,1501.7,-794.1,358.7,424
208.615,3,Atta_3,2150.8,351.2,49.7,-4.1,0.0,2100.9,366.3,60.9,20
208.691,1,Atta_1,2227.7,770.1,231.6,4.8,-8.2,,,,
208.691,4,Atta_4,1939.0,632.7,23.5,-29.1,1.3,1878.8,617.5,36.2,328
208.771,1,Atta_1,2229.4,769.0,227.4,-2.0,-4.2,,,,
208.849,1,Atta_1,2233.5,763.5,216.0,6.9,-11.4,,,,
208.849,2,Atta_2,1190.6,414.3,24.0,8.6,-0.8,1515.4,-794.4,358.8,154
208.849,3,Atta_3,2125.9,362.9,46.8,-27.5,-2.9,2100.9,366.3,60.9,250
208.849,4,Atta_4,1960.9,621.2,22.1,24.7,-1.4,1878.8,617.5,36.2,480
208.92,1,Atta_1,2241.4,763.6,206.6,-7.9,-9.4,,,,
208.92,2,Atta_2,1213.5,426.5,24.2,25.9,0.2,1515.4,-794.4,358.8,227
208.92,3,Atta_3,2129.4,364.8,46.8,4.0,0.0,2100.9,366.3,60.9,324
208.92,4,Atta_4,1964.4,623.1,22.1,4.0,0.0,1878.8,617.5,36.1,53
208.993,1,Atta_1,2244.0,760.3,191.9,-4.2,-14.7,,,,
209.065,1,Atta_1,2244.0,759.0,181.2,1.3,-10.7,,,,
209.065,3,Atta_3,2149.3,350.4,49.4,24.6,2.6,2100.9,366.3,60.9,467
209.136,1,Atta_1,2244.1,759.2,168.8,-0.2,-12.4,,,,
209.136,2,Atta_2,1225.4,430.3,25.5,12.5,1.3,1515.4,-794.4,358.8,444
209.21,1,Atta_1,2245.9,759.2,158.6,-1.8,-10.2,,,,
209.21,2,Atta_2,1234.7,434.9,25.5,10.4,0.0,1572.9,-795.1,359.1,17
209.21,3,Atta_3,2156.8,353.3,49.4,8.0,0.0,2100.9,366.3,60.9,115
209.21,4,Atta_4,1971.5,626.6,21.9,7.9,-0.2,1878.8,617.5,36.1,342
209.281,1,Atta_1,2241.8,756.1,143.7,5.1,-14.9,,,,
209.281,2,Atta_2,1307.6,509.5,25.1,104.3,-0.4,1572.9,-795.1,359.1,85
209.345,1,Atta_1,2237.5,752.3,133.6,5.7,-10.1,,,,
209.345,3,Atta_3,2131.4,367.9,46.7,-29.3,-2.7,2100.9,366.3,60.9,249
209.412,1,Atta_1,2236.7,750.7,124.1,-1.8,-9.5,,,,
209.412,4,Atta_4,1943.2,634.9,23.4,-29.5,1.5,1878.8,617.5,36.1,44
209.474,1,Atta_1,2235.2,749.8,113.8,1.7,-10.3,,,,
209.474,2,Atta_2,1292.7,476.7,24.3,-36.0,-0.8,1572.9,-795.1,359.1,280
209.474,3,Atta_3,2151.9,353.9,49.5,24.8,2.8,2100.9,366.3,60.9,378
209.541,1,Atta_1,2232.8,750.6,104.7,2.5,-9.1,,,,
209.615,1,Atta_1,2230.5,749.9,99.8,-2.4,-4.9,,,,
209.687,2,Atta_2,1295.3,464.4,25.2,-12.6,0.9,1572.9,-795.1,359.1,494
209.834,3,Atta_3,2126.2,369.3,48.2,-30.0,-1.3,2100.9,366.3,61.0,232
209.834,4,Atta_4,1964.8,624.5,22.1,24.0,-1.3,1878.8,617.5,36.1,471
210.047,3,Atta_3,2148.5,352.7,49.5,27.8,1.3,2100.9,366.3,61.0,439
210.109,1,Atta_1,2224.9,746.0,98.8,-6.8,-1.0,,,,
210.109,2,Atta_2,1292.6,461.4,25.1,-4.0,-0.1,1621.4,-796.1,359.5,404
210.109,3,Atta_3,2147.1,348.8,49.6,-4.1,0.1,2100.9,366.3,61.0,18
210.109,4,Atta_4,1960.6,622.5,22.1,-4.7,0.0,1878.8,617.5,36.1,245
210.186,1,Atta_1,2234.5,752.3,98.8,11.5,0.0,,,,
210.186,2,Atta_2,1304.6,469.0,25.1,14.2,0.0,1621.4,-796.1,359.5,481
210.186,3,Atta_3,2158.2,354.6,49.6,12.5,0.0,2100.9,366.3,61.0,95
210.264,2,Atta_2,1301.2,465.5,25.2,-4.9,0.1,1621.6,-796.1,359.9,54
210.406,4,Atta_4,1970.3,626.2,21.9,10.4,-0.2,1878.8,617.5,36.1,41
210.562,1,Atta_1,2230.8,750.4,98.8,-4.2,0.0,,,,
210.562,3,Atta_3,2151.6,355.3,49.5,-6.6,-0.1,2100.9,366.3,61.0,470
210.638,1,Atta_1,2225.6,747.9,98.8,-5.8,0.0,,,,
210.638,2,Atta_2,1294.6,462.2,25.8,-7.4,0.6,1621.6,-796.1,359.9,430
210.638,3,Atta_3,2146.4,352.0,49.5,-6.2,0.0,2100.9,366.3,61.0,46
210.714,1,Atta_1,2221.5,750.4,98.8,4.8,0.0,,,,
210.714,3,Atta_3,2147.0,347.6,49.6,-4.4,0.1,2100.9,366.3,61.0,119
210.787,1,Atta_1,2221.0,762.1,98.1,11.7,-0.7,,,,
210.863,1,Atta_1,2218.3,770.1,98.1,8.4,0.0,,,,
210.863,2,Atta_2,1291.0,460.1,25.6,-4.2,-0.2,1621.7,-796.1,0.3,172
210.863,4,Atta_4,1960.3,621.3,22.3,-11.1,0.4,1878.8,617.5,36.1,495
210.938,1,Atta_1,2215.7,778.8,98.1,9.1,0.0,,,,
211.018,1,Atta_1,2214.3,787.0,98.1,8.3,0.0,,,,
211.018,4,Atta_4,1955.5,624.0,22.2,-5.5,-0.1,1878.8,617.5,36.2,132
211.095,1,Atta_1,2219.6,802.9,97.6,16.8,-0.5,,,,
211.095,2,Atta_2,1297.6,464.0,25.6,7.7,0.0,1621.7,-796.1,0.3,405
211.095,3,Atta_3,2152.9,351.4,49.6,7.0,0.0,2100.9,366.3,61.1,2
211.095,4,Atta_4,1961.0,627.5,22.2,6.5,0.0,1878.8,617.5,36.2,211
211.173,1,Atta_1,2213.4,812.8,97.1,11.7,-0.5,,,,
211.236,1,Atta_1,2213.4,821.3,97.1,8.5,0.0,,,,
211.236,4,Atta_4,1966.6,625.2,22.2,6.1,0.0,1878.8,617.5,36.2,351
211.304,1,Atta_1,2211.7,834.0,97.1,12.8,0.0,,,,
211.304,2,Atta_2,1300.6,466.6,24.6,4.0,-1.0,1571.0,-573.1,9.8,114
211.392,1,Atta_1,2212.1,843.0,97.2,9.0,0.1,,,,
211.392,4,Atta_4,1944.0,634.8,23.5,-24.6,1.3,1878.8,617.5,36.2,3
211.477,1,Atta_1,2210.4,850.7,97.3,7.9,0.1,,,,
211.477,2,Atta_2,1300.6,469.1,12.9,2.5,-11.7,1571.0,-573.1,9.8,292
211.555,1,Atta_1,2214.7,862.1,98.4,12.2,1.1,,,,
211.555,2,Atta_2,1299.9,472.5,5.0,3.5,-7.9,1571.0,-573.1,9.8,362
211.555,3,Atta_3,2156.5,354.9,49.3,5.0,-0.3,2100.9,366.3,61.1,462
211.555,4,Atta_4,1947.8,637.4,23.6,4.6,0.1,1878.8,617.5,36.2,163
211.627,1,Atta_1,2210.8,872.0,99.0,10.6,0.6,,,,
211.627,2,Atta_2,1294.5,468.7,352.7,-6.6,-12.3,1571.0,-573.1,9.8,433
211.627,3,Atta_3,2151.1,351.1,49.6,-6.6,0.3,2100.9,366.3,61.1,25
211.627,4,Atta_4,1942.5,633.6,23.5,-6.5,-0.1,1878.8,617.5,36.2,235
211.706,1,Atta_1,2210.8,879.9,99.3,7.9,0.3,,,,
211.706,2,Atta_2,1295.8,472.5,344.6,4.0,-8.1,1571.0,-573.1,311.1,20
211.791,1,Atta_1,2204.9,887.9,99.4,9.9,0.1,,,,
211.791,2,Atta_2,1294.0,473.0,336.0,-1.9,-8.6,1571.0,-573.1,311.1,98
211.791,4,Atta_4,1964.0,623.0,22.2,24.0,-1.3,1878.8,617.5,36.2,396
211.865,1,Atta_1,2202.1,900.8,99.6,13.2,0.2,,,,
211.865,2,Atta_2,1296.6,478.4,322.6,6.0,-13.4,1571.0,-573.1,311.1,175
211.865,3,Atta_3,2128.0,366.1,47.2,-27.5,-2.4,2100.9,366.3,61.1,265
211.943,1,Atta_1,2196.5,907.9,99.8,9.0,0.2,,,,
211.943,2,Atta_2,1297.6,479.4,313.1,1.4,-9.5,1571.0,-573.1,311.1,250
211.943,3,Atta_3,2123.1,367.7,47.2,-5.2,0.0,2100.9,366.3,61.1,339
212.016,1,Atta_1,2196.9,923.9,100.0,16.0,0.2,,,,
212.016,2,Atta_2,1300.7,484.3,309.5,-5.8,-3.6,1571.0,-573.1,311.1,325
212.016,3,Atta_3,2125.8,370.8,47.2,4.1,0.0,2100.9,366.3,61.1,414
212.092,1,Atta_1,2196.8,932.4,100.0,8.5,0.0,,,,
212.092,3,Atta_3,2151.2,352.0,49.6,31.6,2.4,2100.9,366.3,61.1,489
212.165,1,Atta_1,2196.8,941.9,100.1,9.5,0.1,,,,
212.165,4,Atta_4,1942.2,635.6,23.6,-25.2,1.4,1878.8,617.5,36.2,300
212.241,1,Atta_1,2194.4,952.1,100.7,10.5,0.6,,,,
212.241,3,Atta_3,2148.4,355.4,49.6,4.4,0.0,2100.9,366.3,61.1,127
212.241,4,Atta_4,1965.4,626.1,22.2,25.1,-1.4,1878.8,617.5,36.2,373
212.306,1,Atta_1,2191.4,962.3,101.3,10.6,0.6,,,,
212.372,1,Atta_1,2189.5,970.0,101.9,7.9,0.6,,,,
212.372,3,Atta_3,2150.6,351.3,49.6,-4.7,0.0,2100.9,366.3,61.1,260
212.438,1,Atta_1,2191.0,979.4,102.6,9.5,0.7,,,,
212.503,1,Atta_1,2187.3,988.1,102.5,9.5,-0.1,,,,
212.579,1,Atta_1,2177.4,991.6,102.5,10.5,0.0,,,,
212.579,2,Atta_2,1293.3,480.5,309.4,-8.3,-0.1,1571.0,-573.1,295.1,387
212.579,3,Atta_3,2123.2,361.9,49.0,-29.4,-0.6,2100.9,366.3,61.1,467
212.579,4,Atta_4,1957.8,620.5,22.0,-9.4,-0.2,1878.8,617.5,36.2,213
212.655,1,Atta_1,2176.3,1000.8,102.5,9.3,0.0,,,,
212.73,1,Atta_1,2177.4,1008.0,102.5,7.3,0.0,,,,
212.73,3,Atta_3,2141.2,348.8,49.6,22.3,0.6,2100.9,366.3,61.1,130
212.809,1,Atta_1,2185.2,1016.2,103.1,11.3,0.6,,,,
212.809,2,Atta_2,1300.6,483.0,309.5,7.7,0.1,1571.0,-573.1,295.5,116
212.809,3,Atta_3,2148.3,351.6,49.6,7.6,0.0,2100.9,366.3,61.1,207
212.809,4,Atta_4,1965.1,623.3,22.1,7.8,0.1,1878.8,617.5,36.2,442
212.947,4,Atta_4,1941.2,633.7,23.5,-26.1,1.4,1878.8,617.5,36.2,68
212.997,3,Atta_3,2153.1,351.3,49.6,4.8,0.0,2100.9,366.3,61.1,384
213.125,1,Atta_1,2192.5,1021.1,103.6,8.8,0.5,,,,
213.125,2,Atta_2,1306.2,487.5,309.5,7.2,0.0,1571.0,-573.1,295.5,421
213.125,3,Atta_3,2155.5,355.0,49.3,4.4,-0.3,2100.9,366.3,61.1,19
213.125,4,Atta_4,1947.2,637.1,23.5,6.9,0.0,1878.8,617.5,36.2,248
213.393,1,Atta_1,2185.3,1017.6,103.4,-8.0,-0.2,,,,
213.393,2,Atta_2,1300.1,483.9,309.4,-7.1,-0.1,1571.0,-573.1,295.8,180
213.393,3,Atta_3,2148.6,352.7,49.4,-7.3,0.1,2100.9,366.3,61.1,287
213.393,4,Atta_4,1965.2,624.2,22.1,22.1,-1.4,1878.8,617.5,36.2,13
213.461,3,Atta_3,2128.5,366.5,47.4,-24.4,-2.0,2100.9,366.3,61.1,354
213.66,1,Atta_1,2180.1,1016.0,101.3,-5.4,-2.1,,,,
213.66,2,Atta_2,1298.7,482.4,314.7,2.1,5.3,1571.0,-573.1,295.8,446
213.66,3,Atta_3,2152.9,349.7,49.4,29.6,2.0,2100.9,366.3,61.1,53
213.724,1,Atta_1,2185.9,1019.7,94.0,6.9,-7.3,,,,
213.724,2,Atta_2,1303.3,482.4,324.1,4.6,9.4,1571.0,-573.1,323.0,20
213.724,3,Atta_3,2136.9,370.8,46.8,26.5,-2.6,2100.9,366.3,61.1,118
213.724,4,Atta_4,1972.8,627.9,22.1,8.5,0.0,1878.8,617.5,36.2,344
213.827,1,Atta_1,2185.5,1019.8,84.6,0.4,-9.4,,,,
213.827,2,Atta_2,1303.4,482.4,331.9,0.1,7.8,1571.0,-573.1,323.0,127
213.827,3,Atta_3,2158.1,355.5,49.4,26.1,2.6,2100.9,366.3,61.1,224
213.883,1,Atta_1,2185.5,1022.0,70.1,2.2,-14.5,,,,
213.883,2,Atta_2,1302.5,481.0,343.8,-1.7,11.9,1571.0,-573.1,323.0,178
213.883,3,Atta_3,2135.9,371.9,48.2,-27.6,-1.2,2100.9,366.3,61.1,275
213.934,1,Atta_1,2176.8,1018.1,65.5,-9.5,-4.6,,,,
213.934,2,Atta_2,1292.2,473.5,345.4,-12.7,1.6,1571.0,-573.1,323.0,230
213.934,3,Atta_3,2149.4,350.5,49.4,-25.3,1.2,2100.9,366.3,61.1,328
213.934,4,Atta_4,1964.3,623.0,22.0,-9.8,-0.1,1878.8,617.5,36.2,57
213.992,1,Atta_1,2170.9,1017.7,55.9,-5.9,-9.6,,,,
214.056,1,Atta_1,2170.9,1019.0,47.6,1.3,-8.3,,,,
214.11,1,Atta_1,2176.2,1023.5,38.1,7.0,-9.5,,,,
214.169,1,Atta_1,2177.1,1025.3,32.9,2.0,-5.2,,,,
214.169,4,Atta_4,1939.7,632.7,23.5,-26.4,1.5,1878.8,617.5,36.2,294
214.227,1,Atta_1,2176.3,1027.3,22.0,2.2,-10.9,,,,
214.294,1,Atta_1,2169.5,1027.3,10.4,-6.8,-11.6,,,,
214.294,2,Atta_2,1289.3,469.2,350.1,-5.2,4.7,1571.0,-573.1,337.1,90
214.358,1,Atta_1,2168.0,1028.9,359.6,-2.2,-10.8,,,,
214.425,1,Atta_1,2165.3,1031.4,349.1,-3.7,-10.5,,,,
214.425,3,Atta_3,2127.0,367.9,48.1,-28.4,-1.3,2100.9,366.3,61.1,319
214.49,1,Atta_1,2162.0,1032.2,340.5,-3.4,-8.6,,,,
214.49,3,Atta_3,2150.2,350.5,49.4,29.0,1.3,2100.9,366.3,61.1,381
214.543,4,Atta_4,1962.8,623.8,22.1,24.8,-1.4,1878.8,617.5,36.2,167
214.595,1,Atta_1,2165.9,1033.0,337.1,4.0,-3.4,,,,
214.824,1,Atta_1,2172.1,1035.7,337.1,6.8,0.0,,,,
214.824,2,Atta_2,1292.7,471.6,350.6,4.2,0.5,1571.0,-573.1,338.0,115
214.824,4,Atta_4,1968.1,625.7,22.0,5.6,-0.1,1878.8,617.5,36.2,449
214.889,3,Atta_3,2154.2,351.8,49.5,4.2,0.1,2100.9,366.3,61.2,279
214.955,1,Atta_1,2175.5,1038.4,337.1,4.3,0.0,,,,
214.955,2,Atta_2,1297.4,475.3,350.6,6.0,0.0,1571.0,-573.1,338.0,255
214.955,3,Atta_3,2156.7,355.1,49.5,4.1,0.0,2100.9,366.3,61.2,358
214.955,4,Atta_4,1971.2,628.3,22.1,4.0,0.1,1878.8,617.5,36.2,91
215.183,1,Atta_1,2169.6,1034.2,337.0,-7.2,-0.1,,,,
215.183,2,Atta_2,1334.7,505.1,353.7,47.7,3.1,1571.0,-573.1,338.0,480
215.183,3,Atta_3,2152.8,351.2,49.5,-5.5,0.0,2100.9,366.3,61.3,87
215.183,4,Atta_4,1966.8,624.4,22.1,-5.9,0.0,1878.8,617.5,36.2,316
215.322,1,Atta_1,2177.5,1038.9,337.0,9.2,0.0,,,,
215.322,2,Atta_2,1344.6,502.0,353.9,10.4,0.2,1599.1,-584.7,337.5,121
215.322,3,Atta_3,2160.3,355.9,49.4,8.9,-0.1,2100.9,366.3,61.3,228
215.399,2,Atta_2,1355.6,499.7,353.2,11.2,-0.7,1599.1,-584.7,337.5,196
215.472,1,Atta_1,2168.8,1038.3,335.2,-8.7,-1.8,,,,
215.472,2,Atta_2,1357.4,492.7,353.2,7.2,0.0,1599.1,-584.7,337.5,270
215.545,1,Atta_1,2173.2,1038.3,336.2,4.4,1.0,,,,
215.545,2,Atta_2,1363.1,487.4,352.5,7.8,-0.7,1599.1,-584.7,337.5,346
215.545,3,Atta_3,2156.0,356.5,49.3,-4.3,-0.1,2100.9,366.3,61.3,454
215.545,4,Atta_4,1971.9,628.4,22.1,6.5,0.0,1878.8,617.5,36.2,182
215.623,2,Atta_2,1364.6,470.4,349.0,17.1,-3.5,1599.1,-584.7,337.5,422
215.623,3,Atta_3,2159.3,353.8,49.3,4.3,0.0,2100.9,366.3,61.2,27
215.697,2,Atta_2,1375.4,469.6,349.0,10.8,0.0,1656.3,-608.5,338.8,6
215.765,1,Atta_1,2165.4,1033.5,336.1,-9.2,-0.1,,,,
215.765,2,Atta_2,1382.0,461.0,351.3,10.8,2.3,1656.3,-608.5,338.8,73
215.765,3,Atta_3,2149.1,349.9,49.4,-10.9,0.1,2100.9,366.3,61.2,169
215.765,4,Atta_4,1964.3,622.7,22.1,-9.5,0.0,1878.8,617.5,36.2,398
215.839,2,Atta_2,1392.2,460.0,351.3,10.2,0.0,1656.3,-608.5,338.8,147
215.915,2,Atta_2,1399.4,456.1,351.1,8.2,-0.2,1656.3,-608.5,338.8,221
215.984,1,Atta_1,2177.6,1040.5,335.6,14.1,-0.5,,,,
215.984,2,Atta_2,1419.4,461.6,350.9,20.7,-0.2,1656.3,-608.5,338.8,292
215.984,3,Atta_3,2162.6,356.1,49.3,14.9,-0.1,2100.9,366.3,61.2,388
216.06,2,Atta_2,1427.1,459.7,350.8,7.9,-0.1,1656.3,-608.5,338.8,365
216.06,4,Atta_4,1976.3,630.0,22.1,14.0,0.0,1878.8,617.5,36.2,191
216.132,1,Atta_1,2163.3,1035.5,330.8,-15.1,-4.8,,,,
216.132,2,Atta_2,1422.1,453.8,350.6,-7.7,-0.2,1656.3,-608.5,338.8,441
216.132,3,Atta_3,2154.1,351.0,49.3,-9.9,0.0,2100.9,366.3,61.2,39
216.132,4,Atta_4,1967.6,625.2,22.0,-9.9,-0.1,1878.8,617.5,36.2,267
216.209,3,Atta_3,2128.6,370.4,48.8,-32.0,-0.5,2100.9,366.3,61.2,112
216.28,2,Atta_2,1426.3,455.5,350.5,4.5,-0.1,1683.4,-619.2,338.8,85
216.352,3,Atta_3,2132.3,372.0,46.4,4.0,-2.4,2100.9,366.3,61.2,256
216.425,3,Atta_3,2152.7,356.4,49.3,25.7,2.9,2100.9,366.3,61.2,329
216.494,3,Atta_3,2157.2,353.8,49.3,5.2,0.0,2100.9,366.3,61.2,400
216.567,1,Atta_1,2167.9,1037.9,330.8,5.2,0.0,,,,
216.567,4,Atta_4,1971.7,627.2,22.0,4.6,0.0,1878.8,617.5,36.2,196
216.975,1,Atta_1,2180.5,1036.1,330.8,12.7,0.0,,,,
216.975,2,Atta_2,1429.0,452.3,350.2,4.2,-0.3,1683.5,-619.2,338.7,281
217.041,2,Atta_2,1436.0,452.2,350.0,7.0,-0.2,1683.5,-619.2,338.7,345
217.115,1,Atta_1,2182.3,1027.6,330.1,8.7,-0.7,,,,
217.115,2,Atta_2,1443.2,450.0,349.9,7.5,-0.1,1683.5,-619.2,338.7,419
217.185,1,Atta_1,2193.4,1025.4,330.1,11.3,0.0,,,,
217.185,2,Atta_2,1449.2,449.4,349.9,6.0,0.0,1683.5,-619.2,338.7,489
217.185,3,Atta_3,2130.5,368.4,46.6,-30.4,-2.7,2100.9,366.3,61.1,84
217.185,4,Atta_4,1945.7,633.5,22.8,-26.8,0.8,1878.8,617.5,36.2,317
217.259,1,Atta_1,2207.3,1021.5,330.0,14.4,-0.1,,,,
217.259,2,Atta_2,1458.2,448.4,349.7,9.1,-0.2,1724.4,-635.4,337.7,52
217.259,4,Atta_4,1966.8,625.3,22.2,22.6,-0.6,1878.8,617.5,36.2,389
217.321,1,Atta_1,2206.6,1015.5,331.1,6.0,1.1,,,,
217.321,2,Atta_2,1467.2,447.2,349.7,9.1,0.0,1724.4,-635.4,337.7,114
217.321,3,Atta_3,2151.7,351.8,49.3,26.9,2.7,2100.9,366.3,61.1,219
217.393,1,Atta_1,2186.4,1003.4,331.5,-23.5,0.4,,,,
217.393,2,Atta_2,1474.5,445.5,349.4,7.5,-0.3,1724.4,-635.4,337.7,188
217.464,1,Atta_1,2186.4,998.1,332.4,5.3,0.9,,,,
217.464,2,Atta_2,1482.9,445.1,349.1,8.4,-0.3,1724.4,-635.4,337.7,259
217.464,4,Atta_4,1942.1,633.7,22.8,-26.1,0.6,1878.8,617.5,36.2,97
217.536,1,Atta_1,2197.2,998.4,331.5,10.8,-0.9,,,,
217.536,2,Atta_2,1493.2,445.0,348.9,10.3,-0.2,1724.4,-635.4,337.7,332
217.536,4,Atta_4,1967.1,624.6,22.1,26.6,-0.7,1878.8,617.5,36.2,170
217.611,1,Atta_1,2202.7,996.5,331.8,5.8,0.3,,,,
217.611,2,Atta_2,1505.2,443.3,349.1,12.1,0.2,1724.4,-635.4,337.7,404
217.611,3,Atta_3,2155.3,353.5,49.5,4.0,0.2,2100.9,366.3,61.1,14
217.676,1,Atta_1,2238.4,990.8,330.2,36.2,-1.6,,,,
217.676,2,Atta_2,1511.0,441.6,349.4,6.0,0.3,1724.4,-635.4,337.7,469
217.74,1,Atta_1,2257.5,988.3,330.2,19.3,0.0,,,,
217.74,2,Atta_2,1523.4,441.4,349.4,12.4,0.0,1780.5,-658.3,338.3,43
217.805,1,Atta_1,2253.8,986.8,330.2,-4.0,0.0,,,,
217.805,2,Atta_2,1528.0,435.4,349.4,7.6,0.0,1780.5,-658.3,338.3,109
217.869,1,Atta_1,2267.2,981.8,330.1,14.3,-0.1,,,,
217.869,2,Atta_2,1542.7,437.7,349.4,14.9,0.0,1780.5,-658.3,338.3,172
217.869,4,Atta_4,1970.5,628.2,22.1,5.0,0.0,1878.8,617.5,36.2,499
217.935,1,Atta_1,2279.2,973.7,330.4,14.5,0.3,,,,
217.935,2,Atta_2,1543.8,433.5,349.5,4.3,0.1,1780.5,-658.3,338.3,243
217.935,3,Atta_3,2150.5,350.1,49.7,-5.9,0.2,2100.9,366.3,61.1,343
217.935,4,Atta_4,1963.8,624.4,22.1,-7.7,0.0,1878.8,617.5,36.1,56
218.016,1,Atta_1,2289.6,976.6,330.4,10.8,0.0,,,,
218.016,2,Atta_2,1554.4,436.9,350.0,11.1,0.5,1780.5,-658.3,338.3,321
218.016,3,Atta_3,2155.5,353.5,49.7,6.0,0.0,2100.9,366.3,61.1,421
218.016,4,Atta_4,1970.4,626.7,22.1,7.0,0.0,1878.8,617.5,36.1,134
218.096,1,Atta_1,2298.4,973.0,330.5,9.5,0.1,,,,
218.174,1,Atta_1,2311.4,967.0,331.0,14.3,0.5,,,,
218.248,1,Atta_1,2309.3,957.9,331.1,9.3,0.1,,,,
218.248,2,Atta_2,1547.8,431.3,350.1,-8.7,0.1,1794.7,-663.9,338.9,48
218.248,3,Atta_3,2147.0,348.8,49.5,-9.7,-0.2,2100.9,366.3,61.0,150
218.321,1,Atta_1,2320.7,953.1,331.9,12.4,0.8,,,,
218.403,1,Atta_1,2329.5,949.4,331.9,9.5,0.0,,,,
218.403,4,Atta_4,1964.3,623.3,22.1,-7.0,0.0,1878.8,617.5,36.1,36
218.476,1,Atta_1,2337.4,945.7,331.9,8.7,0.0,,,,
218.537,1,Atta_1,2351.7,941.8,331.6,14.8,-0.3,,,,
218.537,2,Atta_2,1550.4,434.3,350.0,4.0,-0.1,1794.7,-663.9,338.9,338
218.601,1,Atta_1,2355.9,938.9,330.9,5.1,-0.7,,,,
218.664,1,Atta_1,2365.0,935.1,330.2,9.9,-0.7,,,,
218.726,1,Atta_1,2374.1,929.9,329.1,10.5,-1.1,,,,
218.79,1,Atta_1,2381.9,925.6,328.8,8.9,-0.3,,,,
218.852,1,Atta_1,2389.2,921.7,328.7,8.3,-0.1,,,,
218.852,3,Atta_3,2133.4,365.9,46.5,21.8,-3.0,2100.9,366.3,61.0,253
218.92,1,Atta_1,2395.2,917.5,328.7,7.3,0.0,,,,
218.92,2,Atta_2,1557.7,431.7,349.7,7.7,-0.3,1795.2,-664.1,338.8,226
219.001,1,Atta_1,2402.9,913.3,329.7,8.8,1.0,,,,
219.001,2,Atta_2,1565.2,431.5,349.8,7.5,0.1,1795.2,-664.1,338.8,308
219.001,3,Atta_3,2153.8,351.5,49.4,25.0,2.9,2100.9,366.3,61.0,407
219.082,1,Atta_1,2409.4,912.4,329.8,6.6,0.1,,,,
219.082,2,Atta_2,1575.8,430.7,349.5,10.6,-0.3,1795.2,-664.1,338.8,388
219.082,3,Atta_3,2157.6,352.8,49.4,4.0,0.0,2100.9,366.3,61.0,488
219.082,4,Atta_4,1971.6,626.5,22.1,8.0,0.0,1878.8,617.5,36.1,215
219.161,2,Atta_2,1583.2,430.7,349.8,7.4,0.3,1795.2,-664.1,338.8,468
219.237,1,Atta_1,2406.1,909.3,329.8,-4.5,0.0,,,,
219.237,2,Atta_2,1587.4,427.2,349.5,5.5,-0.3,1841.0,-682.1,338.4,47
219.237,3,Atta_3,2152.3,350.2,49.5,-5.9,0.1,2100.9,366.3,61.0,135
219.237,4,Atta_4,1966.2,624.0,22.1,-6.0,0.0,1878.8,617.5,36.1,374
219.315,2,Atta_2,1597.5,423.7,349.5,10.7,0.0,1841.0,-682.1,338.4,117
219.384,2,Atta_2,1607.3,424.4,349.5,9.8,0.0,1841.0,-682.1,338.4,196
219.453,2,Atta_2,1619.9,421.2,349.2,13.0,-0.3,1841.0,-682.1,338.4,258
219.453,3,Atta_3,2132.7,368.7,47.9,27.0,-1.6,2100.9,366.3,61.0,346
219.513,2,Atta_2,1628.6,418.7,348.8,9.1,-0.4,1841.0,-682.1,338.4,323
219.513,3,Atta_3,2152.4,354.1,49.3,24.5,1.4,2100.9,366.3,61.0,411
219.593,1,Atta_1,2410.4,912.4,330.0,5.3,0.2,,,,
219.593,2,Atta_2,1639.1,419.4,348.8,10.5,0.0,1841.0,-682.1,338.4,402
219.672,2,Atta_2,1643.7,419.8,348.8,4.6,0.0,1841.0,-682.1,338.4,476
219.672,3,Atta_3,2157.2,353.3,49.3,4.9,0.0,2100.9,366.3,61.1,76
219.672,4,Atta_4,1970.3,627.3,22.1,5.3,0.0,1878.8,617.5,36.1,300
219.741,1,Atta_1,2406.1,910.3,330.5,-4.8,0.5,,,,
219.741,2,Atta_2,1650.1,424.2,349.9,7.8,1.1,1896.5,-704.1,338.4,44
219.813,1,Atta_1,2402.2,908.5,330.6,-4.3,0.1,,,,
219.813,2,Atta_2,1654.6,424.4,350.2,4.5,0.3,1896.5,-704.1,338.4,113
219.813,3,Atta_3,2126.5,368.0,48.0,-34.0,-1.3,2100.9,366.3,61.1,216
219.884,1,Atta_1,2406.2,908.1,330.7,4.0,0.1,,,,
219.884,2,Atta_2,1663.8,422.0,350.2,9.5,0.0,1896.5,-704.1,338.4,189
219.884,4,Atta_4,1964.1,623.1,22.1,-7.5,0.0,1878.8,617.5,36.1,19
219.974,2,Atta_2,1680.3,428.4,351.4,17.7,1.2,1896.5,-704.1,338.4,274
219.974,3,Atta_3,2148.5,350.8,49.5,27.9,1.5,2100.9,366.3,61.1,376
220.044,1,Atta_1,2410.7,910.5,330.7,5.1,0.0,,,,
220.044,2,Atta_2,1686.7,408.5,348.9,20.9,-2.5,1896.5,-704.1,338.4,346
220.044,3,Atta_3,2153.0,353.4,49.5,5.2,0.0,2100.9,366.3,61.1,449
220.137,2,Atta_2,1705.5,426.9,351.4,26.3,2.5,1896.5,-704.1,338.4,470
220.327,1,Atta_1,2406.7,911.1,330.4,-4.0,-0.3,,,,
220.327,2,Atta_2,1714.9,426.9,351.4,9.4,0.0,1953.7,-726.3,339.2,125
220.327,4,Atta_4,1970.6,625.6,22.1,7.0,0.0,1878.8,617.5,36.1,457
220.399,2,Atta_2,1730.4,414.8,350.3,19.7,-1.1,1953.7,-726.3,339.2,200
220.399,3,Atta_3,2129.6,371.2,47.9,-29.4,-1.6,2100.9,366.3,61.1,298
220.478,2,Atta_2,1740.4,414.8,350.3,10.0,0.0,1953.7,-726.3,339.2,277
220.478,3,Atta_3,2152.6,353.9,49.1,28.8,1.2,2100.9,366.3,61.1,376
220.553,1,Atta_1,2410.9,909.7,333.7,4.4,3.3,,,,
220.624,1,Atta_1,2408.8,907.2,338.2,-3.3,4.5,,,,
220.624,2,Atta_2,1758.1,407.6,349.7,19.1,-0.6,1953.7,-726.3,339.2,428
220.624,3,Atta_3,2150.3,350.5,49.4,-4.1,0.3,2100.9,366.3,61.2,33
220.705,2,Atta_2,1779.9,402.4,349.6,22.4,-0.1,2006.9,-746.7,338.5,8
220.78,1,Atta_1,2413.6,908.9,341.3,5.1,3.1,,,,
220.78,2,Atta_2,1780.6,389.4,348.4,13.0,-1.2,2006.9,-746.7,338.5,86
220.858,1,Atta_1,2417.8,908.2,343.9,4.3,2.6,,,,
220.858,2,Atta_2,1798.5,385.8,348.4,18.3,0.0,2006.9,-746.7,338.5,162
220.858,3,Atta_3,2127.9,370.7,48.0,30.2,-1.4,2100.9,366.3,61.2,262
220.938,2,Atta_2,1809.8,383.5,348.4,11.5,0.0,2006.9,-746.7,338.5,243
220.938,3,Atta_3,2152.0,350.7,49.3,31.3,1.3,2100.9,366.3,61.2,343
220.938,4,Atta_4,1965.8,624.7,22.0,-4.9,-0.1,1878.8,617.5,36.1,59
221.012,1,Atta_1,2413.1,905.6,344.4,-5.4,0.5,,,,
221.012,2,Atta_2,1815.9,380.0,348.4,7.0,0.0,2006.9,-746.7,338.5,321
221.092,1,Atta_1,2408.9,903.9,344.6,-4.5,0.2,,,,
221.092,3,Atta_3,2146.2,347.1,49.3,-6.8,0.0,2100.9,366.3,61.2,495
221.164,4,Atta_4,1959.8,621.0,22.0,-7.0,0.0,1878.8,617.5,36.1,284
221.232,1,Atta_1,2417.2,908.2,344.9,9.3,0.3,,,,
221.232,2,Atta_2,1823.9,381.9,349.1,8.2,0.7,2027.4,-754.6,339.5,34
221.232,3,Atta_3,2151.2,353.4,49.4,8.0,0.1,2100.9,366.3,61.3,119
221.232,4,Atta_4,1967.5,625.2,22.1,8.8,0.1,1878.8,617.5,36.1,353
221.521,2,Atta_2,1819.1,380.3,349.1,-5.1,0.0,2027.4,-754.6,339.5,323
221.521,3,Atta_3,2147.9,350.6,49.4,-4.3,0.0,2100.9,366.3,61.3,408
221.521,4,Atta_4,1962.3,623.7,22.1,-5.4,0.0,1878.8,617.5,36.2,152
221.592,1,Atta_1,2423.0,910.3,345.5,6.2,0.6,,,,
221.592,2,Atta_2,1827.3,382.5,349.1,8.5,0.0,2027.4,-754.6,339.5,397
221.592,3,Atta_3,2155.9,353.7,49.4,8.6,0.0,2100.9,366.3,61.3,482
221.592,4,Atta_4,1970.2,626.9,22.0,8.5,-0.1,1878.8,617.5,36.2,226
221.894,1,Atta_1,2415.4,907.4,345.4,-8.1,-0.1,,,,
221.894,2,Atta_2,1822.3,382.3,349.5,-5.0,0.4,2044.8,-481.7,353.8,194
221.894,3,Atta_3,2151.6,351.7,49.5,-4.7,0.1,2100.9,366.3,61.3,295
221.949,2,Atta_2,1822.0,379.5,353.9,2.8,4.4,2044.8,-481.7,353.8,251
222.018,2,Atta_2,1820.8,379.6,1.9,-1.2,8.0,2044.8,-481.7,353.8,313
222.018,4,Atta_4,1965.8,624.8,22.0,-4.9,0.0,1878.8,617.5,36.2,135
222.078,2,Atta_2,1821.8,380.1,11.0,1.1,9.1,2044.8,-481.7,353.8,372
222.138,1,Atta_1,2423.0,910.7,345.3,8.3,-0.1,,,,
222.138,2,Atta_2,1826.0,382.8,19.6,5.0,8.6,2044.8,-481.7,353.8,432
222.138,3,Atta_3,2156.2,355.2,49.4,5.8,-0.1,2100.9,366.3,61.4,33
222.203,1,Atta_1,2418.3,908.0,345.3,-5.4,0.0,,,,
222.203,2,Atta_2,1825.3,373.7,27.3,-9.1,7.7,2044.8,-481.7,353.8,498
222.203,3,Atta_3,2153.0,352.0,49.5,-4.5,0.1,2100.9,366.3,61.4,98
222.269,1,Atta_1,2422.2,910.2,345.3,4.5,0.0,,,,
222.269,2,Atta_2,1830.3,374.6,36.2,5.1,8.9,2044.8,-481.7,44.9,49
222.332,1,Atta_1,2415.8,907.0,345.3,-7.2,0.0,,,,
222.332,2,Atta_2,1823.9,371.4,44.3,-7.2,8.1,2044.8,-481.7,44.9,109
222.383,2,Atta_2,1823.8,368.5,52.3,-2.9,8.0,2044.8,-481.7,44.9,162
222.383,3,Atta_3,2148.7,349.7,49.6,-4.9,0.1,2100.9,366.3,61.4,277
222.434,2,Atta_2,1824.0,368.5,56.8,0.2,4.5,2044.8,-481.7,44.9,216
222.492,1,Atta_1,2420.4,909.6,345.2,5.3,-0.1,,,,
222.492,2,Atta_2,1831.4,370.7,65.8,7.7,9.0,2044.8,-481.7,44.9,272
222.492,3,Atta_3,2155.2,353.2,49.5,7.4,-0.1,2100.9,366.3,61.4,387
222.492,4,Atta_4,1969.7,626.6,22.1,4.3,0.1,1878.8,617.5,36.2,114
222.546,2,Atta_2,1833.8,370.7,70.4,2.4,4.6,2044.8,-481.7,44.9,323
222.601,2,Atta_2,1831.8,368.2,78.9,-3.2,8.5,2044.8,-481.7,44.9,378
222.601,4,Atta_4,1942.5,634.7,23.5,-28.4,1.4,1878.8,617.5,36.2,219
222.666,1,Atta_1,2416.0,906.6,345.7,-5.3,0.5,,,,
222.666,2,Atta_2,1833.2,368.1,88.9,1.4,10.0,2044.8,-481.7,44.9,443
222.666,3,Atta_3,2152.2,350.2,49.3,-4.2,-0.2,2100.9,366.3,61.3,51
222.717,2,Atta_2,1833.2,368.3,99.1,0.2,10.2,2044.8,-481.7,120.0,9
222.769,2,Atta_2,1835.9,368.6,109.2,-2.7,10.1,2044.8,-481.7,120.0,63
222.769,3,Atta_3,2130.4,366.8,46.5,-27.4,-2.8,2100.9,366.3,61.3,156
222.833,2,Atta_2,1837.1,378.1,113.8,9.6,4.6,2044.8,-481.7,120.0,127
222.937,2,Atta_2,1837.1,378.1,123.2,0.0,9.4,2044.8,-481.7,120.0,251
222.937,3,Atta_3,2152.0,350.2,49.3,27.2,2.8,2100.9,366.3,61.3,344
222.937,4,Atta_4,1965.2,624.4,22.2,24.9,-1.3,1878.8,617.5,36.1,75
223.016,1,Atta_1,2421.4,909.9,349.3,6.3,3.6,,,,
223.016,2,Atta_2,1838.3,399.9,138.2,21.8,15.0,2044.8,-481.7,120.0,309
223.016,3,Atta_3,2155.8,354.2,49.4,5.5,0.1,2100.9,366.3,61.3,401
223.016,4,Atta_4,1969.1,628.4,22.1,5.6,-0.1,1878.8,617.5,36.1,132
223.069,2,Atta_2,1838.3,399.9,145.3,0.0,7.1,2044.8,-481.7,120.0,364
223.129,1,Atta_1,2419.5,906.0,349.2,-4.3,-0.1,,,,
223.129,2,Atta_2,1837.1,391.0,154.7,-9.0,9.4,2044.8,-481.7,120.0,424
223.129,3,Atta_3,2153.1,350.6,49.5,-4.5,0.1,2100.9,366.3,61.3,24
223.129,4,Atta_4,1942.9,634.3,23.4,-26.9,1.3,1878.8,617.5,36.1,248
223.25,1,Atta_1,2415.7,904.5,349.3,-4.1,0.1,,,,
223.25,2,Atta_2,1833.3,389.5,159.9,4.1,5.2,2044.8,-481.7,166.1,59
223.25,3,Atta_3,2147.9,350.4,49.5,-5.2,0.0,2100.9,366.3,61.3,158
223.25,4,Atta_4,1938.9,632.8,23.5,-4.3,0.1,1878.8,617.5,36.1,382
223.429,1,Atta_1,2421.4,908.9,349.3,7.2,0.0,,,,
223.429,2,Atta_2,1839.7,397.3,160.1,-10.1,0.2,2044.8,-481.7,166.1,224
223.429,3,Atta_3,2156.0,353.7,49.7,8.7,0.2,2100.9,366.3,61.3,323
223.429,4,Atta_4,1969.9,627.4,22.1,31.5,-1.4,1878.8,617.5,36.1,48
223.665,1,Atta_1,2418.7,905.7,349.3,-4.2,0.0,,,,
223.665,2,Atta_2,1836.2,394.0,159.7,4.8,-0.4,2044.8,-481.7,166.1,462
223.665,3,Atta_3,2150.1,352.9,49.5,-6.0,-0.2,2100.9,366.3,61.3,61
223.665,4,Atta_4,1966.0,624.6,22.1,-4.8,0.0,1878.8,617.5,36.1,285
223.797,1,Atta_1,2425.9,902.2,347.3,8.0,-2.0,,,,
223.797,2,Atta_2,1832.4,392.1,159.7,4.2,0.0,2044.8,-481.7,166.3,89
223.797,3,Atta_3,2146.3,351.0,49.4,-4.2,-0.1,2100.9,366.3,61.3,188
223.903,1,Atta_1,2438.7,905.1,347.3,13.1,0.0,,,,
223.903,2,Atta_2,1839.0,395.9,160.0,-7.6,0.3,2044.8,-481.7,166.3,207
223.903,3,Atta_3,2133.1,369.1,47.1,22.4,-2.3,2100.9,366.3,61.3,305
223.903,4,Atta_4,1944.8,636.2,23.5,-24.2,1.4,1878.8,617.5,36.0,31
223.965,1,Atta_1,2439.7,898.9,347.5,6.3,0.2,,,,
223.965,2,Atta_2,1832.5,392.1,160.1,7.5,0.1,2044.8,-481.7,166.3,259
223.965,3,Atta_3,2126.6,365.3,47.1,-7.5,0.0,2100.9,366.3,61.3,358
223.965,4,Atta_4,1938.3,632.4,23.5,-7.5,0.0,1878.8,617.5,36.0,84
224.032,1,Atta_1,2454.6,899.7,347.5,14.9,0.0,,,,
224.032,2,Atta_2,1837.3,395.1,160.3,-5.7,0.2,2044.8,-481.7,166.3,339
224.032,3,Atta_3,2153.2,351.6,49.3,29.9,2.2,2100.9,366.3,61.3,437
224.032,4,Atta_4,1942.7,635.0,23.5,5.1,0.0,1878.8,617.5,36.0,164
224.104,1,Atta_1,2466.4,898.8,346.7,11.8,-0.8,,,,
224.181,1,Atta_1,2479.2,898.9,346.1,12.8,-0.6,,,,
224.181,2,Atta_2,1831.8,403.1,160.3,9.7,0.0,2044.8,-481.7,166.3,493
224.262,1,Atta_1,2488.4,898.0,346.7,9.2,0.6,,,,
224.262,3,Atta_3,2158.7,353.1,49.3,5.7,0.0,2100.9,366.3,61.3,165
224.33,1,Atta_1,2497.9,897.1,346.4,9.5,-0.3,,,,
224.33,2,Atta_2,1829.6,385.2,162.5,-18.0,2.2,2023.4,-476.5,166.2,123
224.33,4,Atta_4,1946.3,639.3,24.2,5.6,0.7,1878.8,617.5,36.0,464
224.412,1,Atta_1,2505.5,895.4,346.4,7.8,0.0,,,,
224.412,4,Atta_4,1972.1,629.1,22.1,27.7,-2.1,1878.8,617.5,36.1,37
224.476,1,Atta_1,2503.0,889.5,344.9,-6.4,-1.5,,,,
224.476,2,Atta_2,1808.8,385.6,162.0,20.8,-0.5,2023.4,-476.5,166.2,262
224.476,3,Atta_3,2151.6,351.3,49.4,-7.3,0.1,2100.9,366.3,61.3,377
224.476,4,Atta_4,1965.6,624.8,22.1,-7.8,0.0,1878.8,617.5,36.1,101
224.539,2,Atta_2,1800.5,390.4,161.7,9.6,-0.3,2023.4,-476.5,166.2,327
224.605,2,Atta_2,1791.2,392.1,161.7,9.5,0.0,2023.4,-476.5,166.2,392
224.677,1,Atta_1,2506.8,890.9,344.5,4.0,-0.4,,,,
224.74,2,Atta_2,1779.5,392.3,160.7,11.7,-1.0,1968.8,-462.7,164.9,41
224.811,2,Atta_2,1773.0,399.0,160.5,9.3,-0.2,1968.8,-462.7,164.9,111
224.874,1,Atta_1,2504.1,888.0,344.8,-4.0,0.3,,,,
224.874,2,Atta_2,1755.6,414.0,159.4,23.0,-1.1,1968.8,-462.7,164.9,175
224.944,2,Atta_2,1748.8,416.8,159.4,7.4,0.0,1968.8,-462.7,164.9,246
225.017,2,Atta_2,1739.3,418.9,159.4,9.7,0.0,1968.8,-462.7,164.9,319
225.017,3,Atta_3,2127.0,368.3,47.9,-29.9,-1.5,2100.9,366.3,61.3,421
225.091,2,Atta_2,1728.7,424.6,159.4,12.0,0.0,1968.8,-462.7,164.9,391
225.091,3,Atta_3,2151.4,351.1,49.4,29.9,1.5,2100.9,366.3,61.3,494
225.161,2,Atta_2,1723.4,426.2,159.3,5.5,-0.1,1968.8,-462.7,164.9,463
225.161,3,Atta_3,2127.3,368.2,47.9,-29.6,-1.5,2100.9,366.3,61.3,50
225.232,1,Atta_1,2509.3,891.1,344.9,6.1,0.1,,,,
225.232,3,Atta_3,2132.8,370.6,46.7,6.0,-1.2,2100.9,366.3,61.3,124
225.232,4,Atta_4,1970.1,626.4,22.0,4.8,-0.1,1878.8,617.5,36.1,362
225.307,1,Atta_1,2498.4,885.6,344.9,-12.2,0.0,,,,
225.307,2,Atta_2,1694.5,435.6,158.9,30.4,-0.4,1909.1,-446.6,164.9,114
225.307,3,Atta_3,2123.2,365.1,46.7,-11.1,0.0,2100.9,366.3,61.3,198
225.307,4,Atta_4,1960.5,620.9,22.0,-11.1,0.0,1878.8,617.5,36.1,437
225.373,1,Atta_1,2502.6,888.6,345.0,5.2,0.1,,,,
225.373,3,Atta_3,2149.9,350.9,49.3,30.2,2.6,2100.9,366.3,61.3,265
225.373,4,Atta_4,1964.5,624.0,22.2,5.1,0.2,1878.8,617.5,36.1,6
225.445,2,Atta_2,1687.3,439.8,158.9,8.3,0.0,1909.1,-446.6,164.9,253
225.52,2,Atta_2,1676.2,442.2,158.8,11.4,-0.1,1909.1,-446.6,164.9,327
225.593,2,Atta_2,1669.9,443.8,158.8,6.5,0.0,1909.1,-446.6,164.9,397
225.664,2,Atta_2,1659.0,443.5,159.1,10.9,0.3,1909.1,-446.6,164.9,469
225.736,2,Atta_2,1649.3,444.8,161.0,9.8,1.9,1848.7,-431.0,165.6,50
225.817,1,Atta_1,2506.9,890.4,344.8,4.7,-0.2,,,,
225.817,2,Atta_2,1644.4,446.0,161.0,5.0,0.0,1848.7,-431.0,165.6,124
225.817,3,Atta_3,2155.7,352.1,49.5,5.9,0.2,2100.9,366.3,61.3,206
225.893,2,Atta_2,1636.8,451.4,161.2,9.3,0.2,1848.7,-431.0,165.6,201
225.893,4,Atta_4,1969.9,626.3,22.1,5.9,-0.1,1878.8,617.5,36.1,25
225.968,2,Atta_2,1629.6,453.9,161.1,7.6,-0.1,1848.7,-431.0,165.6,274
226.038,2,Atta_2,1617.2,456.4,161.2,12.6,0.1,1848.7,-431.0,165.6,343
226.106,2,Atta_2,1609.3,460.0,161.2,8.7,0.0,1848.7,-431.0,165.6,413
226.184,1,Atta_1,2507.3,893.3,337.4,-2.9,-7.4,,,,
226.184,2,Atta_2,1601.4,462.2,161.2,8.2,0.0,1848.7,-431.0,165.6,495
226.265,1,Atta_1,2506.3,893.6,330.0,-1.0,-7.4,,,,
226.265,2,Atta_2,1595.1,465.7,160.3,7.2,-0.9,1803.9,-419.5,166.4,56
226.345,1,Atta_1,2506.3,895.2,322.6,-1.6,-7.4,,,,
226.421,1,Atta_1,2510.2,896.7,312.4,4.2,-10.2,,,,
226.545,2,Atta_2,1590.1,473.2,159.1,9.0,-1.2,1803.9,-419.5,166.4,334
226.545,3,Atta_3,2151.6,351.7,49.4,-4.1,-0.1,2100.9,366.3,61.2,452
226.545,4,Atta_4,1966.1,624.7,22.1,-4.1,0.0,1878.8,617.5,36.1,177
226.622,1,Atta_1,2503.4,891.7,309.5,-8.4,-2.9,,,,
226.622,2,Atta_2,1582.3,470.0,159.1,8.4,0.0,1803.9,-419.5,166.4,411
226.622,3,Atta_3,2143.5,348.6,49.4,-8.7,0.0,2100.9,366.3,61.2,27
226.622,4,Atta_4,1959.3,621.0,22.0,-7.7,-0.1,1878.8,617.5,36.1,253
226.764,1,Atta_1,2507.5,893.2,308.8,4.4,-0.7,,,,
226.764,3,Atta_3,2147.9,350.0,49.4,4.6,0.0,2100.9,366.3,61.2,167
226.764,4,Atta_4,1964.0,622.2,22.0,4.9,0.0,1878.8,617.5,36.1,393
226.842,1,Atta_1,2514.3,897.3,308.2,7.9,-0.6,,,,
226.842,2,Atta_2,1592.4,468.5,160.3,-10.2,1.2,1803.2,-419.3,166.7,150
226.842,3,Atta_3,2154.8,353.7,49.4,7.8,0.0,2100.9,366.3,61.2,248
226.842,4,Atta_4,1970.6,626.1,22.1,7.7,0.1,1878.8,617.5,36.1,474
226.91,1,Atta_1,2519.4,900.3,308.0,5.9,-0.2,,,,
226.91,2,Atta_2,1597.4,471.2,160.4,-5.7,0.1,1803.2,-419.3,166.7,219
226.91,3,Atta_3,2159.9,356.8,49.4,6.0,0.0,2100.9,366.3,61.2,317
226.91,4,Atta_4,1974.9,629.7,22.1,5.6,0.0,1878.8,617.5,36.1,45
226.989,1,Atta_1,2522.7,897.5,306.7,4.3,-1.3,,,,
226.989,2,Atta_2,1592.3,468.5,160.3,5.8,-0.1,1803.2,-419.3,166.7,294
226.989,3,Atta_3,2155.2,353.4,49.4,-5.8,0.0,2100.9,366.3,61.2,392
226.989,4,Atta_4,1969.8,626.6,22.1,-6.0,0.0,1878.8,617.5,36.1,120
227.055,1,Atta_1,2527.0,899.5,306.0,4.7,-0.7,,,,
227.055,2,Atta_2,1596.7,470.3,160.4,-4.8,0.1,1803.2,-419.3,166.7,364
227.055,3,Atta_3,2159.9,355.4,49.4,5.1,0.0,2100.9,366.3,61.2,462
227.055,4,Atta_4,1974.4,628.7,22.1,5.1,0.0,1878.8,617.5,36.1,190
227.132,1,Atta_1,2516.1,895.7,305.8,-11.5,-0.2,,,,
227.132,2,Atta_2,1588.2,466.1,160.4,9.5,0.0,1803.2,-419.3,166.7,429
227.132,3,Atta_3,2151.4,351.4,49.3,-9.4,-0.1,2100.9,366.3,61.2,26
227.132,4,Atta_4,1965.9,624.7,22.1,-9.4,0.0,1878.8,617.5,36.1,254
227.255,1,Atta_1,2512.9,893.3,305.7,4.0,-0.1,,,,
227.255,3,Atta_3,2148.5,348.7,49.3,-4.0,0.0,2100.9,366.3,61.2,150
227.255,4,Atta_4,1962.5,622.3,22.1,-4.2,0.0,1878.8,617.5,36.1,377
227.307,1,Atta_1,2517.2,896.1,305.8,5.1,0.1,,,,
227.307,2,Atta_2,1589.5,470.6,162.9,4.7,2.5,1772.0,-284.2,169.3,101
227.307,3,Atta_3,2152.6,351.5,49.5,5.0,0.2,2100.9,366.3,61.2,202
227.307,4,Atta_4,1966.4,625.3,22.1,4.9,0.0,1878.8,617.5,36.1,430
227.422,2,Atta_2,1590.3,470.8,169.9,-0.8,7.0,1772.0,-284.2,169.3,212
227.49,2,Atta_2,1593.9,474.6,173.3,-5.2,3.4,1772.0,-284.2,169.3,282
227.49,3,Atta_3,2156.8,354.3,49.3,5.0,-0.2,2100.9,366.3,61.2,383
227.49,4,Atta_4,1970.3,628.1,22.1,4.8,0.0,1878.8,617.5,36.1,109
227.553,1,Atta_1,2529.2,894.3,305.2,12.1,-0.6,,,,
227.619,1,Atta_1,2534.4,887.8,305.1,8.3,-0.1,,,,
227.672,1,Atta_1,2526.3,877.2,303.5,13.3,-1.6,,,,
227.672,2,Atta_2,1585.8,472.6,178.0,8.3,4.7,1772.0,-284.2,169.3,462
227.672,3,Atta_3,2149.5,348.5,49.4,-9.3,0.1,2100.9,366.3,61.1,64
227.672,4,Atta_4,1963.5,622.3,22.0,-8.9,-0.1,1878.8,617.5,36.1,289
227.875,1,Atta_1,2545.8,860.6,303.6,25.6,0.1,,,,
227.875,2,Atta_2,1588.0,467.5,181.2,-5.6,3.2,1772.0,-284.2,185.2,184
227.954,1,Atta_1,2554.5,859.1,304.3,8.8,0.7,,,,
227.954,2,Atta_2,1596.0,472.8,181.2,-9.6,0.0,1772.0,-284.2,185.2,251
227.954,3,Atta_3,2159.2,354.9,49.4,11.6,0.0,2100.9,366.3,61.1,350
227.954,4,Atta_4,1973.5,628.2,22.1,11.6,0.1,1878.8,617.5,36.1,76
228.054,1,Atta_1,2558.0,848.1,304.6,11.5,0.3,,,,
228.054,2,Atta_2,1589.8,468.8,181.2,7.4,0.0,1772.0,-284.2,185.2,353
228.054,3,Atta_3,2153.0,350.7,49.4,-7.5,0.0,2100.9,366.3,61.1,451
228.054,4,Atta_4,1967.3,624.3,22.1,-7.3,0.0,1878.8,617.5,36.1,178
228.122,1,Atta_1,2563.2,835.0,305.2,14.1,0.6,,,,
228.186,1,Atta_1,2565.8,827.5,305.3,7.9,0.1,,,,
228.238,1,Atta_1,2569.0,818.2,305.4,9.8,0.1,,,,
228.238,2,Atta_2,1586.2,471.3,180.5,4.4,-0.7,1772.0,-284.2,185.4,30
228.238,4,Atta_4,1962.9,622.9,22.2,-4.6,0.1,1878.8,617.5,36.1,358
228.29,2,Atta_2,1589.6,473.8,180.6,-4.2,0.1,1772.0,-284.2,185.4,79
228.29,4,Atta_4,1966.6,624.5,22.1,4.0,-0.1,1878.8,617.5,36.1,407
228.352,1,Atta_1,2573.8,810.3,305.4,9.2,0.0,,,,
228.519,1,Atta_1,2579.0,810.0,305.5,5.2,0.1,,,,
228.519,2,Atta_2,1594.5,476.7,180.5,-5.7,-0.1,1772.0,-284.2,185.4,320
228.519,3,Atta_3,2130.5,373.7,47.0,32.2,-2.4,2100.9,366.3,61.0,422
228.519,4,Atta_4,1971.3,627.3,22.0,5.5,-0.1,1878.8,617.5,36.1,149
228.583,2,Atta_2,1596.9,482.5,179.7,-6.3,-0.8,1772.0,-284.2,185.4,373
228.69,3,Atta_3,2159.5,355.1,49.4,34.5,2.4,2100.9,366.3,61.1,103
228.819,2,Atta_2,1592.0,471.0,181.6,12.5,1.9,1772.0,-284.2,185.9,114
228.819,3,Atta_3,2154.9,352.4,49.5,-5.3,0.1,2100.9,366.3,61.1,212
228.932,1,Atta_1,2570.9,808.0,305.7,-8.3,0.2,,,,
228.932,4,Atta_4,1967.3,625.1,22.1,-4.6,0.1,1878.8,617.5,36.0,51
228.985,1,Atta_1,2574.8,810.0,305.7,4.4,0.0,,,,
228.985,4,Atta_4,1971.2,626.5,22.1,4.1,0.0,1878.8,617.5,36.0,108
229.049,4,Atta_4,1967.3,625.1,22.1,-4.1,0.0,1878.8,617.5,36.0,174
229.111,1,Atta_1,2569.9,807.6,305.9,-5.5,0.2,,,,
229.111,2,Atta_2,1587.6,469.0,182.0,4.8,0.4,1772.0,-284.2,185.9,409
229.111,3,Atta_3,2151.4,349.8,49.4,-4.4,-0.1,2100.9,366.3,61.1,2
229.384,1,Atta_1,2578.4,810.7,305.7,9.0,-0.2,,,,
229.384,2,Atta_2,1595.2,472.8,182.0,-8.5,0.0,1772.0,-284.2,186.8,185
229.384,3,Atta_3,2159.5,352.5,49.3,8.5,-0.1,2100.9,366.3,61.1,281
229.461,1,Atta_1,2567.9,807.0,303.7,-11.1,-2.0,,,,
229.461,2,Atta_2,1586.9,475.4,182.2,8.7,0.2,1772.0,-284.2,186.8,253
229.461,3,Atta_3,2151.1,348.8,49.3,-9.2,0.0,2100.9,366.3,61.1,349
229.518,1,Atta_1,2574.2,807.6,297.1,6.3,-6.6,,,,
229.518,4,Atta_4,1963.4,623.1,22.1,-4.4,0.0,1878.8,617.5,36.0,136
229.58,1,Atta_1,2569.6,807.7,290.8,-4.6,-6.3,,,,
229.632,1,Atta_1,2581.8,808.0,283.0,12.2,-7.8,,,,
229.632,3,Atta_3,2146.9,350.3,49.5,-4.5,0.2,2100.9,366.3,61.1,27
229.688,1,Atta_1,2586.2,809.3,278.2,-4.6,-4.8,,,,
229.688,2,Atta_2,1586.1,469.7,183.4,5.8,1.2,1772.0,-284.2,186.8,478
229.688,3,Atta_3,2127.1,365.4,46.4,-24.9,-3.1,2100.9,366.3,61.1,80
229.749,1,Atta_1,2594.1,814.5,268.8,-9.5,-9.4,,,,
229.749,2,Atta_2,1594.1,475.0,183.4,-9.6,0.0,1772.0,-284.2,188.4,39
229.749,3,Atta_3,2135.0,370.7,46.4,9.5,0.0,2100.9,366.3,61.1,140
229.749,4,Atta_4,1970.5,628.2,22.2,8.7,0.1,1878.8,617.5,36.0,368
229.813,1,Atta_1,2591.4,814.5,259.8,2.7,-9.0,,,,
229.813,2,Atta_2,1594.1,479.6,182.9,-4.6,-0.5,1772.0,-284.2,188.4,102
229.813,3,Atta_3,2156.3,355.0,49.4,26.5,3.0,2100.9,366.3,61.1,204
229.877,1,Atta_1,2585.6,810.7,250.8,6.9,-9.0,,,,
229.877,2,Atta_2,1589.6,476.5,182.8,5.5,-0.1,1772.0,-284.2,188.4,166
229.877,3,Atta_3,2153.4,350.5,49.4,-5.4,0.0,2100.9,366.3,61.1,268
229.877,4,Atta_4,1966.3,624.9,22.1,-5.3,-0.1,1878.8,617.5,36.0,495
229.932,1,Atta_1,2585.6,809.6,241.2,1.1,-9.6,,,,
229.986,1,Atta_1,2591.6,810.2,236.4,-6.0,-4.8,,,,
229.986,2,Atta_2,1594.1,479.7,182.8,-5.5,0.0,1772.0,-284.2,188.4,277
229.986,3,Atta_3,2157.4,352.7,49.4,4.6,0.0,2100.9,366.3,61.1,379
229.986,4,Atta_4,1970.8,626.9,22.2,4.9,0.1,1878.8,617.5,36.0,95
230.049,1,Atta_1,2593.0,809.5,226.5,-1.6,-9.9,,,,
230.116,1,Atta_1,2586.5,804.6,220.8,8.1,-5.7,,,,
230.116,2,Atta_2,1587.6,475.7,182.8,7.6,0.0,1772.0,-284.2,188.4,422
230.116,3,Atta_3,2151.8,348.1,49.3,-7.2,-0.1,2100.9,366.3,61.1,24
230.186,4,Atta_4,1962.8,623.6,22.2,-8.7,0.0,1878.8,617.5,36.0,303
230.314,1,Atta_1,2588.3,805.8,216.7,-2.2,-4.1,,,,
230.314,2,Atta_2,1589.1,470.4,183.2,-5.5,0.4,1768.8,-284.7,187.9,120
230.314,3,Atta_3,2150.2,353.4,49.4,5.5,0.1,2100.9,366.3,61.1,223
230.395,2,Atta_2,1583.4,476.4,181.8,8.3,-1.4,1768.8,-284.7,187.9,204
230.395,4,Atta_4,1967.0,624.5,22.1,4.3,-0.1,1878.8,617.5,36.0,34
230.483,2,Atta_2,1575.6,469.4,184.6,10.5,2.8,1768.8,-284.7,187.9,288
230.555,2,Atta_2,1568.6,473.8,182.3,8.3,-2.3,1768.8,-284.7,187.9,355
230.616,1,Atta_1,2593.3,809.6,216.5,-6.3,-0.2,,,,
230.616,2,Atta_2,1563.2,474.4,182.5,5.4,0.2,1768.8,-284.7,187.9,427
230.616,3,Atta_3,2156.3,356.7,49.2,6.9,-0.2,2100.9,366.3,61.2,26
230.616,4,Atta_4,1972.9,628.3,22.1,7.0,0.0,1878.8,617.5,36.0,258
230.697,1,Atta_1,2597.2,811.3,216.6,-4.3,0.1,,,,
230.697,2,Atta_2,1557.7,475.4,182.3,5.6,-0.2,1717.3,-291.8,187.6,1
230.697,3,Atta_3,2160.2,358.4,49.3,4.3,0.1,2100.9,366.3,61.2,95
230.697,4,Atta_4,1976.7,630.2,22.1,4.2,0.0,1878.8,617.5,36.0,327
230.767,2,Atta_2,1547.1,474.8,182.2,10.6,-0.1,1717.3,-291.8,187.6,72
230.864,2,Atta_2,1539.2,476.3,182.1,8.0,-0.1,1717.3,-291.8,187.6,167
230.931,1,Atta_1,2586.8,802.6,215.7,13.6,-0.9,,,,
230.931,2,Atta_2,1529.0,474.1,182.1,10.4,0.0,1717.3,-291.8,187.6,238
230.931,3,Atta_3,2156.7,354.1,49.3,-5.5,0.0,2100.9,366.3,61.2,332
230.931,4,Atta_4,1970.7,627.4,22.1,-6.6,0.0,1878.8,617.5,36.0,51
231.008,1,Atta_1,2564.4,793.4,215.9,24.2,0.2,,,,
231.008,2,Atta_2,1508.0,465.9,181.6,22.5,-0.5,1717.3,-291.8,187.6,316
231.008,3,Atta_3,2149.5,349.9,49.3,-8.3,0.0,2100.9,366.3,61.2,410
231.087,1,Atta_1,2559.8,787.5,215.9,7.5,0.0,,,,
231.087,2,Atta_2,1500.8,463.1,182.5,7.7,0.9,1717.3,-291.8,187.6,403
231.087,4,Atta_4,1963.7,623.2,22.1,-8.2,0.0,1878.8,617.5,36.0,216
231.178,1,Atta_1,2557.6,783.6,215.9,4.5,0.0,,,,
231.178,2,Atta_2,1490.6,463.6,183.8,10.2,1.3,1717.3,-291.8,187.6,495
231.271,1,Atta_1,2545.3,779.8,216.0,12.9,0.1,,,,
231.271,2,Atta_2,1481.6,464.4,183.8,9.0,0.0,1659.4,-298.9,186.9,64
231.271,3,Atta_3,2154.5,351.5,49.3,5.2,0.0,2100.9,366.3,61.2,186
231.36,1,Atta_1,2541.2,772.8,217.1,8.1,1.1,,,,
231.36,2,Atta_2,1469.4,463.8,184.1,12.2,0.3,1659.4,-298.9,186.9,152
231.36,4,Atta_4,1968.6,625.2,22.1,5.3,0.0,1878.8,617.5,36.0,488
231.439,3,Atta_3,2160.4,354.1,49.4,6.4,0.1,2100.9,366.3,61.2,352
231.439,4,Atta_4,1972.3,628.8,22.0,5.2,-0.1,1878.8,617.5,36.1,53
231.529,1,Atta_1,2530.9,765.6,217.4,12.6,0.3,,,,
231.529,2,Atta_2,1456.1,466.8,184.2,13.6,0.1,1659.4,-298.9,186.9,320
231.609,1,Atta_1,2524.6,759.0,217.5,9.1,0.1,,,,
231.609,2,Atta_2,1444.4,464.8,184.2,11.9,0.0,1659.4,-298.9,186.9,402
231.7,1,Atta_1,2501.7,746.6,217.7,26.0,0.2,,,,
231.7,2,Atta_2,1425.9,460.1,184.0,19.1,-0.2,1598.8,-306.1,186.6,17
231.7,3,Atta_3,2152.4,350.5,49.5,-8.8,0.1,2100.9,366.3,61.2,116
231.782,1,Atta_1,2492.4,740.4,218.7,11.2,1.0,,,,
231.782,2,Atta_2,1407.4,463.3,182.9,18.8,-1.1,1598.8,-306.1,186.6,98
231.782,4,Atta_4,1963.3,623.2,22.1,-10.6,0.1,1878.8,617.5,36.1,398
231.875,1,Atta_1,2484.1,735.8,218.7,9.5,0.0,,,,
231.875,2,Atta_2,1407.3,469.9,183.3,-6.6,0.4,1598.8,-306.1,186.6,189
231.965,1,Atta_1,2474.9,732.0,218.7,10.0,0.0,,,,
231.965,2,Atta_2,1399.8,470.9,183.3,7.6,0.0,1598.8,-306.1,186.6,277
232.052,1,Atta_1,2471.1,723.7,218.6,9.1,-0.1,,,,
232.052,2,Atta_2,1388.4,463.1,184.4,13.8,1.1,1598.8,-306.1,186.6,356
232.114,1,Atta_1,2458.8,716.0,218.7,14.5,0.1,,,,
232.114,2,Atta_2,1380.6,463.1,184.4,7.8,0.0,1598.8,-306.1,186.6,417
232.185,1,Atta_1,2443.6,705.9,219.1,18.2,0.4,,,,
232.185,2,Atta_2,1368.7,465.4,183.8,12.1,-0.6,1598.8,-306.1,186.6,490
232.249,2,Atta_2,1365.2,470.3,183.8,6.0,0.0,1541.7,-313.0,186.9,42
232.322,1,Atta_1,2435.3,699.1,219.1,10.7,0.0,,,,
232.322,2,Atta_2,1358.7,470.3,183.8,6.5,0.0,1541.7,-313.0,186.9,116
232.322,4,Atta_4,1968.3,624.9,22.1,5.3,0.0,1878.8,617.5,36.1,452
232.392,2,Atta_2,1367.6,478.4,183.8,-12.0,0.0,1541.7,-313.0,186.9,189
232.392,3,Atta_3,2160.8,357.3,49.4,10.8,-0.1,2100.9,366.3,61.2,299
232.392,4,Atta_4,1976.6,629.6,22.1,9.5,0.0,1878.8,617.5,36.1,26
232.466,1,Atta_1,2432.7,692.5,218.6,7.1,-0.5,,,,
232.526,1,Atta_1,2414.4,682.7,218.6,20.8,0.0,,,,
232.526,2,Atta_2,1335.6,469.6,184.7,33.2,0.9,1541.7,-313.0,186.9,322
232.526,3,Atta_3,2152.7,351.4,49.6,-10.0,0.2,2100.9,366.3,61.2,432
232.526,4,Atta_4,1966.7,625.0,22.1,-10.9,0.0,1878.8,617.5,36.1,159
232.603,1,Atta_1,2402.8,679.7,217.7,12.0,-0.9,,,,
232.603,2,Atta_2,1338.4,476.7,185.2,-7.6,0.5,1541.7,-313.0,186.9,398
232.68,1,Atta_1,2398.5,672.6,217.3,8.3,-0.4,,,,
232.758,1,Atta_1,2402.4,668.0,216.6,-6.0,-0.7,,,,
232.758,2,Atta_2,1342.4,477.9,185.4,-4.2,0.2,1523.6,-315.2,187.0,49
232.758,3,Atta_3,2132.7,371.7,47.8,28.5,-1.8,2100.9,366.3,61.3,158
232.758,4,Atta_4,1971.3,626.9,22.2,5.0,0.1,1878.8,617.5,36.1,384
232.822,1,Atta_1,2382.1,657.4,216.9,22.9,0.3,,,,
232.822,2,Atta_2,1335.9,475.0,185.3,7.1,-0.1,1523.6,-315.2,187.0,116
232.822,3,Atta_3,2126.2,368.9,47.8,-7.1,0.0,2100.9,366.3,61.3,225
232.822,4,Atta_4,1964.8,624.1,22.1,-7.1,-0.1,1878.8,617.5,36.1,452
232.884,1,Atta_1,2373.9,655.4,216.9,8.4,0.0,,,,
232.884,3,Atta_3,2130.7,370.0,47.8,4.6,0.0,2100.9,366.3,61.3,292
232.964,1,Atta_1,2363.5,649.2,217.5,12.1,0.6,,,,
232.964,3,Atta_3,2151.1,350.3,49.3,-28.4,1.5,2100.9,366.3,61.3,364
233.033,1,Atta_1,2360.9,645.9,218.0,4.2,0.5,,,,
233.033,3,Atta_3,2130.7,370.0,47.8,28.4,-1.5,2100.9,366.3,61.3,434
233.105,1,Atta_1,2351.3,643.1,218.0,10.0,0.0,,,,
233.105,4,Atta_4,1970.6,626.6,22.1,6.3,0.0,1878.8,617.5,36.2,235
233.18,1,Atta_1,2348.5,639.2,218.1,4.8,0.1,,,,
233.18,2,Atta_2,1340.3,475.2,185.5,-4.4,0.2,1523.6,-315.2,187.0,477
233.256,1,Atta_1,2347.1,635.0,218.1,4.4,0.0,,,,
233.256,2,Atta_2,1348.5,479.1,185.5,-9.1,0.0,1523.6,-315.2,186.8,54
233.256,3,Atta_3,2143.6,375.4,48.0,14.0,0.2,2100.9,366.3,61.2,159
233.256,4,Atta_4,1980.3,631.9,22.1,11.1,0.0,1878.8,617.5,36.2,386
233.331,1,Atta_1,2338.3,631.6,219.0,9.4,0.9,,,,
233.331,3,Atta_3,2165.7,358.8,49.3,27.6,1.3,2100.9,366.3,61.2,231
233.402,1,Atta_1,2331.9,630.0,219.3,6.6,0.3,,,,
233.584,1,Atta_1,2328.7,623.4,219.4,7.3,0.1,,,,
233.584,2,Atta_2,1344.7,481.4,190.4,4.4,4.9,1523.6,-315.2,186.8,369
233.584,3,Atta_3,2159.5,354.6,49.3,-7.5,0.0,2100.9,366.3,61.2,475
233.584,4,Atta_4,1973.6,628.1,22.1,-7.7,0.0,1878.8,617.5,36.2,204
233.706,2,Atta_2,1344.7,481.4,195.5,0.0,5.1,1523.6,-315.2,186.8,488
233.77,2,Atta_2,1329.1,468.4,213.2,20.3,17.7,1496.7,-189.9,217.9,51
233.837,2,Atta_2,1329.1,468.4,219.4,0.0,6.2,1496.7,-189.9,217.9,116
233.902,2,Atta_2,1343.9,490.6,219.4,-26.7,0.0,1496.7,-189.9,217.9,181
234.069,3,Atta_3,2136.5,372.7,46.4,-29.3,-2.9,2100.9,366.3,61.2,463
234.137,3,Atta_3,2158.6,356.6,49.3,27.3,2.9,2100.9,366.3,61.2,27
234.202,1,Atta_1,2318.4,619.9,219.5,10.9,0.1,,,,
234.202,2,Atta_2,1336.0,486.2,219.4,9.0,0.0,1496.7,-189.9,217.9,482
234.202,3,Atta_3,2150.2,351.7,49.5,-9.7,0.2,2100.9,366.3,61.2,93
234.202,4,Atta_4,1966.0,624.0,22.1,-8.6,0.0,1878.8,617.5,36.3,321
234.266,1,Atta_1,2328.1,625.4,219.8,-11.2,0.3,,,,
234.266,2,Atta_2,1345.9,491.7,219.4,-11.3,0.0,1496.7,-189.9,220.9,49
234.266,3,Atta_3,2161.8,355.6,49.5,12.2,0.0,2100.9,366.3,61.2,157
234.266,4,Atta_4,1975.6,629.5,22.1,11.1,0.0,1878.8,617.5,36.3,385
234.318,1,Atta_1,2322.7,624.3,223.6,5.5,3.8,,,,
234.318,2,Atta_2,1341.3,489.4,219.4,5.1,0.0,1496.7,-189.9,220.9,100
234.318,3,Atta_3,2157.2,353.3,49.4,-5.1,-0.1,2100.9,366.3,61.2,209
234.402,2,Atta_2,1322.5,467.5,221.9,28.9,2.5,1496.7,-189.9,220.9,183
234.508,1,Atta_1,2313.5,618.7,238.6,10.8,15.0,,,,
234.508,2,Atta_2,1312.4,460.8,221.9,12.1,0.0,1496.7,-189.9,220.9,308
234.508,3,Atta_3,2146.8,346.7,49.3,-12.3,-0.1,2100.9,366.3,61.2,417
234.508,4,Atta_4,1960.8,620.5,22.2,-17.3,0.1,1878.8,617.5,36.3,144
234.577,1,Atta_1,2313.8,620.1,250.9,-1.4,12.3,,,,
234.636,1,Atta_1,2314.7,622.0,260.9,-2.1,10.0,,,,
234.636,2,Atta_2,1332.4,484.0,219.6,-30.6,-2.3,1496.7,-189.9,220.9,418
234.697,1,Atta_1,2310.9,623.4,270.4,-4.0,9.5,,,,
234.697,2,Atta_2,1315.1,462.7,222.0,27.4,2.4,1496.7,-189.9,220.9,480
234.748,1,Atta_1,2308.4,624.8,280.2,-2.9,9.8,,,,
234.748,2,Atta_2,1333.9,484.8,219.6,-29.0,-2.4,1496.7,-189.9,221.2,30
234.801,1,Atta_1,2302.1,624.3,284.4,-6.3,4.2,,,,
234.865,1,Atta_1,2302.0,625.1,295.1,-0.8,10.7,,,,
234.916,1,Atta_1,2300.7,627.2,303.4,-2.5,8.3,,,,
234.916,2,Atta_2,1338.6,487.3,219.1,-5.3,-0.5,1496.7,-189.9,221.2,201
234.916,3,Atta_3,2154.9,351.4,49.4,9.4,0.1,2100.9,366.3,61.2,312
234.975,1,Atta_1,2298.8,626.8,308.7,-1.9,5.3,,,,
234.975,2,Atta_2,1319.2,464.6,221.6,29.9,2.5,1496.7,-189.9,221.2,255
234.975,4,Atta_4,1968.7,625.4,22.2,9.3,0.0,1878.8,617.5,36.2,94
235.034,1,Atta_1,2300.1,625.8,319.1,1.6,10.4,,,,
235.136,1,Atta_1,2297.2,618.1,330.3,8.2,11.2,,,,
235.136,2,Atta_2,1314.7,462.1,221.7,5.1,0.1,1496.7,-189.9,221.2,426
235.136,3,Atta_3,2149.4,349.9,49.5,-5.7,0.1,2100.9,366.3,61.2,38
235.136,4,Atta_4,1963.6,623.1,22.2,-5.6,0.0,1878.8,617.5,36.2,265
235.208,1,Atta_1,2299.7,615.3,346.4,3.8,16.1,,,,
235.28,1,Atta_1,2301.3,611.2,357.5,4.4,11.1,,,,
235.28,2,Atta_2,1334.4,485.1,219.2,-30.3,-2.5,1496.7,-189.9,221.4,52
235.353,1,Atta_1,2308.0,612.3,9.8,6.8,12.3,,,,
235.353,2,Atta_2,1341.1,488.8,219.2,-7.7,0.0,1496.7,-189.9,221.4,126
235.353,3,Atta_3,2156.6,353.1,49.4,7.9,-0.1,2100.9,366.3,61.2,258
235.353,4,Atta_4,1970.3,626.8,22.2,7.7,0.0,1878.8,617.5,36.2,485
235.426,1,Atta_1,2313.4,613.8,14.3,5.6,4.5,,,,
235.426,2,Atta_2,1325.1,467.5,221.7,26.6,2.5,1496.7,-189.9,221.4,197
235.426,3,Atta_3,2160.2,354.8,49.3,4.0,-0.1,2100.9,366.3,61.2,329
235.426,4,Atta_4,1974.1,628.4,22.1,4.1,-0.1,1878.8,617.5,36.3,50
235.499,1,Atta_1,2306.9,612.3,17.3,-6.7,3.0,,,,
235.499,2,Atta_2,1321.3,465.5,221.8,4.3,0.1,1496.7,-189.9,221.4,271
235.499,3,Atta_3,2155.0,354.3,49.4,-5.2,0.1,2100.9,366.3,61.2,402
235.766,1,Atta_1,2302.5,610.2,18.6,-4.9,1.3,,,,
235.766,4,Atta_4,1967.7,624.6,22.0,-7.4,-0.1,1878.8,617.5,36.3,392
235.908,2,Atta_2,1337.9,477.5,214.9,-20.5,-6.9,1496.7,-189.9,192.0,225
235.908,3,Atta_3,2131.2,371.4,48.8,-29.3,-0.6,2100.9,366.3,61.1,345
236.029,2,Atta_2,1340.6,477.5,187.6,-2.7,-27.3,1496.7,-189.9,192.0,311
236.029,3,Atta_3,2153.7,354.2,49.6,28.3,0.8,2100.9,366.3,61.1,430
236.25,1,Atta_1,2298.5,608.3,18.6,-4.4,0.0,,,,
236.25,2,Atta_2,1335.3,473.9,185.3,6.4,-2.3,1496.7,-189.9,179.4,46
236.25,3,Atta_3,2147.6,350.7,49.4,-7.0,-0.2,2100.9,366.3,61.1,143
236.332,1,Atta_1,2302.5,611.1,18.6,4.9,0.0,,,,
236.332,2,Atta_2,1358.6,502.6,181.5,-37.0,-3.8,1496.7,-189.9,179.4,126
236.332,3,Atta_3,2151.6,353.5,49.4,4.9,0.0,2100.9,366.3,61.1,222
236.408,2,Atta_2,1362.8,508.6,181.5,-7.3,0.0,1496.7,-189.9,179.4,200
236.485,1,Atta_1,2308.4,611.3,18.6,5.9,0.0,,,,
236.485,3,Atta_3,2156.8,353.2,49.5,5.2,0.1,2100.9,366.3,61.1,370
236.628,2,Atta_2,1366.5,510.2,181.6,-4.0,0.1,1496.7,-189.9,179.4,419
236.628,4,Atta_4,1971.2,627.9,22.1,4.8,0.1,1878.8,617.5,36.2,246
236.819,2,Atta_2,1341.6,483.3,181.3,36.7,-0.3,1492.1,-189.8,178.8,107
237.071,1,Atta_1,2302.5,611.1,19.1,-5.9,0.5,,,,
237.134,2,Atta_2,1337.1,482.1,181.3,4.7,0.0,1492.1,-189.8,178.8,424
237.134,4,Atta_4,1967.1,625.9,22.1,-4.6,0.0,1878.8,617.5,36.2,252
237.198,3,Atta_3,2152.5,351.3,49.5,-4.7,0.0,2100.9,366.3,60.9,98
237.26,1,Atta_1,2306.3,611.0,23.7,3.8,4.6,,,,
237.33,1,Atta_1,2298.9,608.2,25.4,-7.9,1.7,,,,
237.33,2,Atta_2,1248.3,448.6,182.3,94.9,1.0,1439.4,-188.0,177.4,120
237.397,1,Atta_1,2303.1,611.4,25.5,5.3,0.1,,,,
237.397,2,Atta_2,1285.3,493.3,180.3,-58.0,-2.0,1439.4,-188.0,177.4,185
237.462,2,Atta_2,1277.4,492.8,180.4,7.9,0.1,1439.4,-188.0,177.4,249
237.462,3,Atta_3,2156.6,353.4,49.5,4.6,0.0,2100.9,366.3,60.9,362
237.592,1,Atta_1,2307.5,613.6,25.6,4.9,0.1,,,,
237.592,4,Atta_4,1973.7,628.8,22.1,7.2,0.0,1878.8,617.5,36.2,212
237.665,2,Atta_2,1266.9,493.0,180.0,10.5,-0.4,1439.4,-188.0,177.4,455
237.729,2,Atta_2,1246.3,484.4,181.5,22.3,1.5,1381.1,-185.0,176.3,21
237.793,2,Atta_2,1224.8,474.5,181.5,23.7,0.0,1381.1,-185.0,176.3,84
237.862,1,Atta_1,2295.8,608.0,25.6,-13.0,0.0,,,,
237.862,2,Atta_2,1215.1,469.8,180.5,10.8,-1.0,1381.1,-185.0,176.3,152
237.862,3,Atta_3,2147.0,350.7,49.5,-10.0,0.0,2100.9,366.3,60.9,245
237.862,4,Atta_4,1962.8,622.9,22.1,-12.4,0.0,1878.8,617.5,36.2,479
237.994,1,Atta_1,2301.9,611.1,25.5,6.8,-0.1,,,,
237.994,2,Atta_2,1224.3,476.3,180.3,-11.3,-0.2,1381.1,-185.0,176.3,286
237.994,3,Atta_3,2151.7,354.9,50.3,6.3,0.8,2100.9,366.3,60.9,380
237.994,4,Atta_4,1968.8,626.0,22.1,6.8,0.0,1878.8,617.5,36.2,113
238.126,2,Atta_2,1218.0,470.7,180.3,8.4,0.0,1381.1,-185.0,176.3,417
238.194,1,Atta_1,2316.7,613.8,24.1,15.0,-1.4,,,,
238.194,3,Atta_3,2137.6,367.1,49.0,18.6,-1.3,2100.9,366.3,61.0,95
238.275,1,Atta_1,2324.9,614.9,23.6,8.3,-0.5,,,,
238.349,1,Atta_1,2329.1,617.3,23.0,4.8,-0.6,,,,
238.349,2,Atta_2,1211.9,467.5,180.8,6.9,0.5,1377.2,-184.8,175.9,126
238.349,3,Atta_3,2125.3,368.7,49.0,-12.4,0.0,2100.9,366.3,61.0,254
238.422,3,Atta_3,2148.2,348.9,49.4,30.3,0.4,2100.9,366.3,61.0,328
238.498,1,Atta_1,2343.2,623.5,22.2,15.4,-0.8,,,,
238.498,4,Atta_4,1964.7,623.7,22.3,-4.7,0.2,1878.8,617.5,36.2,112
238.573,1,Atta_1,2353.0,627.4,22.2,10.5,0.0,,,,
238.573,2,Atta_2,1215.8,470.1,180.5,-4.7,-0.3,1377.2,-184.8,175.9,352
238.573,3,Atta_3,2151.8,351.6,49.6,4.5,0.2,2100.9,366.3,61.0,479
238.652,1,Atta_1,2367.4,630.2,22.5,14.7,0.3,,,,
238.725,1,Atta_1,2373.3,633.0,22.5,6.5,0.0,,,,
238.801,1,Atta_1,2384.3,635.2,21.8,11.2,-0.7,,,,
238.872,1,Atta_1,2391.0,639.6,21.8,8.0,0.0,,,,
238.872,3,Atta_3,2146.7,349.4,49.5,-5.6,-0.1,2100.9,366.3,61.0,272
238.942,1,Atta_1,2407.4,645.2,21.8,17.3,0.0,,,,
238.942,3,Atta_3,2152.4,352.9,49.4,6.7,-0.1,2100.9,366.3,61.0,342
239.007,1,Atta_1,2418.0,650.0,21.8,11.6,0.0,,,,
239.007,2,Atta_2,1220.4,474.5,180.9,-6.4,0.4,1377.0,-184.7,176.1,297
239.076,1,Atta_1,2424.5,653.7,22.0,7.5,0.2,,,,
239.076,2,Atta_2,1216.4,474.7,180.7,4.0,-0.2,1377.0,-184.7,176.1,364
239.076,3,Atta_3,2129.2,373.8,47.9,31.2,-1.5,2100.9,366.3,61.0,475
239.143,1,Atta_1,2430.0,652.0,22.4,5.8,0.4,,,,
239.143,2,Atta_2,1211.2,469.9,180.9,7.1,0.2,1377.0,-184.7,176.1,433
239.143,3,Atta_3,2124.7,369.7,47.9,-6.1,0.0,2100.9,366.3,60.9,45
239.203,1,Atta_1,2440.5,653.6,23.9,10.6,1.5,,,,
239.203,2,Atta_2,1194.4,470.4,180.6,16.8,-0.3,1377.0,-184.7,176.1,494
239.203,3,Atta_3,2149.4,351.6,49.5,30.6,1.6,2100.9,366.3,60.9,106
239.265,1,Atta_1,2444.4,659.3,24.5,6.9,0.6,,,,
239.265,2,Atta_2,1187.4,471.6,180.2,7.1,-0.4,1344.7,-182.1,174.8,41
239.328,1,Atta_1,2456.2,665.4,25.1,13.3,0.6,,,,
239.328,2,Atta_2,1193.3,474.2,180.2,-6.4,0.0,1344.7,-182.1,174.8,108
239.328,3,Atta_3,2129.7,374.0,49.0,29.8,-0.5,2100.9,366.3,60.9,234
239.41,2,Atta_2,1176.7,471.9,180.2,16.8,0.0,1344.7,-182.1,174.8,191
239.41,3,Atta_3,2123.8,371.4,49.0,-6.4,0.0,2100.9,366.3,60.9,317
239.49,1,Atta_1,2472.8,671.5,25.9,17.7,0.8,,,,
239.49,2,Atta_2,1151.5,456.1,181.0,29.7,0.8,1344.7,-182.1,174.8,270
239.49,3,Atta_3,2156.0,354.5,49.5,36.4,0.5,2100.9,366.3,60.9,395
239.49,4,Atta_4,1970.9,627.4,22.1,7.2,-0.2,1878.8,617.5,36.2,113
239.569,1,Atta_1,2483.1,676.8,26.6,11.6,0.7,,,,
239.569,2,Atta_2,1164.2,478.2,180.3,-25.5,-0.7,1344.7,-182.1,174.8,351
239.648,1,Atta_1,2495.7,682.6,26.9,13.9,0.3,,,,
239.648,2,Atta_2,1150.5,458.0,181.6,24.4,1.3,1344.7,-182.1,174.8,428
239.733,2,Atta_2,1140.6,473.2,180.7,18.1,-0.9,1285.3,-176.6,174.5,27
239.81,1,Atta_1,2508.7,685.5,26.9,13.3,0.0,,,,
239.81,2,Atta_2,1132.1,473.2,180.7,8.5,0.0,1285.3,-176.6,174.5,105
239.889,1,Atta_1,2518.8,689.0,27.1,10.7,0.2,,,,
239.889,3,Atta_3,2153.5,350.7,49.5,-4.5,0.0,2100.9,366.3,60.9,286
239.963,1,Atta_1,2521.8,692.2,27.4,4.4,0.3,,,,
239.963,2,Atta_2,1128.0,476.6,180.1,5.3,-0.6,1285.3,-176.6,174.5,261
239.963,3,Atta_3,2149.2,350.7,49.5,-4.3,0.0,2100.9,366.3,60.9,366
240.047,1,Atta_1,2531.2,698.3,27.5,11.2,0.1,,,,
240.047,2,Atta_2,1113.4,476.6,180.1,14.6,0.0,1285.3,-176.6,174.5,349
240.047,4,Atta_4,1962.7,624.2,22.1,-8.8,0.0,1878.8,617.5,36.1,177
240.134,1,Atta_1,2551.0,706.2,28.1,21.3,0.6,,,,
240.134,2,Atta_2,1115.9,481.8,180.1,-5.8,0.0,1285.3,-176.6,174.5,427
240.134,3,Atta_3,2158.9,354.7,49.5,10.5,0.0,2100.9,366.3,60.9,38
240.134,4,Atta_4,1973.1,628.6,22.2,11.3,0.1,1878.8,617.5,36.1,255
240.211,1,Atta_1,2559.9,711.3,28.1,10.3,0.0,,,,
240.285,1,Atta_1,2567.2,713.9,28.2,7.7,0.1,,,,
240.285,2,Atta_2,1120.7,484.7,179.5,-5.6,-0.6,1257.8,-173.8,174.0,82
240.285,3,Atta_3,2164.6,353.5,49.3,5.8,-0.2,2100.9,366.3,60.9,192
240.36,3,Atta_3,2161.2,356.2,49.5,-4.3,0.2,2100.9,366.3,60.9,267
240.439,2,Atta_2,1116.7,482.3,179.6,4.7,0.1,1257.8,-173.8,174.0,231
240.439,3,Atta_3,2157.5,353.5,49.5,-4.6,0.0,2100.9,366.3,60.9,341
240.513,1,Atta_1,2560.2,708.2,28.7,-9.0,0.5,,,,
240.513,2,Atta_2,1108.8,477.9,179.7,9.0,0.1,1257.8,-173.8,174.0,309
240.513,3,Atta_3,2150.2,349.4,49.5,-8.4,0.0,2100.9,366.3,60.9,419
240.513,4,Atta_4,1964.8,623.2,22.3,-9.9,0.1,1878.8,617.5,36.2,129
240.737,1,Atta_1,2571.0,713.1,28.7,11.9,0.0,,,,
240.737,2,Atta_2,1118.1,482.9,179.6,-10.6,-0.1,1257.8,-173.8,173.4,31
240.737,3,Atta_3,2139.8,372.9,49.0,25.7,-0.5,2100.9,366.3,60.9,131
240.737,4,Atta_4,1974.0,628.2,22.2,10.5,-0.1,1878.8,617.5,36.2,354
240.813,1,Atta_1,2565.2,710.4,28.8,-6.4,0.1,,,,
240.813,2,Atta_2,1114.0,481.3,179.6,4.4,0.0,1257.8,-173.8,173.4,107
240.813,3,Atta_3,2151.2,354.4,50.0,-21.7,1.0,2100.9,366.3,60.9,206
240.887,1,Atta_1,2569.0,713.0,28.8,4.6,0.0,,,,
240.887,3,Atta_3,2157.1,355.9,49.6,6.1,-0.4,2100.9,366.3,60.9,274
240.956,1,Atta_1,2563.9,710.6,28.9,-5.6,0.1,,,,
240.956,3,Atta_3,2153.6,352.2,49.6,-5.1,0.0,2100.9,366.3,60.9,345
240.956,4,Atta_4,1968.2,625.4,22.2,-6.4,0.0,1878.8,617.5,36.2,75
241.03,1,Atta_1,2568.4,713.1,28.9,5.1,0.0,,,,
241.03,3,Atta_3,2158.3,354.7,49.6,5.3,0.0,2100.9,366.3,60.9,420
241.03,4,Atta_4,1966.4,631.1,22.2,6.0,0.0,1878.8,617.5,36.2,150
241.094,1,Atta_1,2563.3,710.1,28.8,-5.9,-0.1,,,,
241.094,2,Atta_2,1067.0,448.7,179.8,57.2,0.2,1257.8,-173.8,173.4,387
241.094,3,Atta_3,2152.6,352.5,49.6,-6.1,0.0,2100.9,366.3,60.9,532
241.244,2,Atta_2,1087.3,478.8,179.8,-36.3,0.0,1222.0,-168.8,171.3,37
241.244,4,Atta_4,1961.6,628.1,22.1,-5.7,-0.1,1878.8,617.5,36.2,369
241.321,2,Atta_2,1078.5,478.8,179.8,8.8,0.0,1222.0,-168.8,171.3,97
241.435,2,Atta_2,1058.4,475.5,178.9,20.4,-0.9,1222.0,-168.8,171.3,212
241.435,3,Atta_3,2147.7,347.3,49.3,-7.1,-0.3,2100.9,366.3,60.9,282
241.435,4,Atta_4,1961.3,621.2,22.1,-6.9,0.0,1878.8,617.5,36.1,39
241.487,1,Atta_1,2561.3,706.6,25.5,-4.0,-3.3,,,,
241.546,1,Atta_1,2570.7,712.0,25.5,10.8,0.0,,,,
241.546,2,Atta_2,1059.4,481.4,178.6,-6.0,-0.3,1222.0,-168.8,171.3,322
241.546,3,Atta_3,2157.0,352.6,49.4,10.7,0.1,2100.9,366.3,60.9,391
241.546,4,Atta_4,1970.6,626.5,22.1,10.7,0.0,1878.8,617.5,36.1,149
241.633,2,Atta_2,1051.4,481.4,178.4,8.0,-0.2,1222.0,-168.8,171.3,420
241.698,2,Atta_2,1040.3,480.8,179.1,11.1,0.7,1222.0,-168.8,171.3,476
241.749,2,Atta_2,1028.0,479.4,179.1,12.4,0.0,1163.5,-159.6,170.7,28
241.814,2,Atta_2,972.1,443.5,179.8,66.4,0.7,1163.5,-159.6,170.7,91
241.919,2,Atta_2,1012.2,483.1,179.7,-56.4,-0.1,1163.5,-159.6,170.7,215
241.998,1,Atta_1,2564.1,708.7,28.9,-7.4,3.4,,,,
241.998,2,Atta_2,946.7,440.2,179.7,78.3,0.0,1163.5,-159.6,170.7,278
241.998,3,Atta_3,2151.4,350.1,49.6,-6.1,0.2,2100.9,366.3,60.9,391
241.998,4,Atta_4,1965.5,623.4,22.1,-6.0,0.0,1878.8,617.5,36.1,109
242.052,1,Atta_1,2567.1,712.2,33.0,4.6,4.1,,,,
242.052,2,Atta_2,935.0,444.2,179.6,12.4,-0.1,1163.5,-159.6,170.7,329
242.052,3,Atta_3,2158.7,353.5,49.6,8.1,0.0,2100.9,366.3,60.9,442
242.114,1,Atta_1,2557.6,711.1,39.0,-9.6,6.0,,,,
242.166,1,Atta_1,2554.5,710.7,45.7,-3.1,6.7,,,,
242.166,2,Atta_2,925.3,443.3,178.7,9.7,-0.9,1163.5,-159.6,170.7,447
242.166,4,Atta_4,1969.3,626.6,22.3,5.0,0.2,1878.8,617.5,36.1,277
242.221,2,Atta_2,982.7,487.6,178.7,-72.5,0.0,1163.5,-159.6,170.7,500
242.281,1,Atta_1,2545.5,704.6,57.1,-10.9,11.4,,,,
242.281,2,Atta_2,901.0,441.7,178.7,93.7,0.0,1104.5,-149.1,168.1,44
242.281,3,Atta_3,2147.4,349.1,49.7,-12.1,0.1,2100.9,366.3,60.8,172
242.281,4,Atta_4,1962.2,622.0,22.1,-8.5,-0.2,1878.8,617.5,36.1,388
242.346,1,Atta_1,2533.8,707.7,59.6,-12.1,2.5,,,,
242.346,2,Atta_2,969.3,486.8,178.0,-81.8,-0.7,1104.5,-149.1,168.1,110
242.346,3,Atta_3,2155.2,351.5,49.3,8.2,-0.4,2100.9,366.3,60.8,238
242.398,1,Atta_1,2551.2,704.7,61.4,17.7,1.8,,,,
242.398,2,Atta_2,897.7,443.3,178.0,83.8,0.0,1104.5,-149.1,168.1,165
242.398,3,Atta_3,2149.7,351.4,49.3,-5.5,0.0,2100.9,366.3,60.8,293
242.453,1,Atta_1,2533.8,707.7,62.0,-17.7,0.6,,,,
242.453,2,Atta_2,959.1,488.0,178.0,-75.9,0.0,1104.5,-149.1,168.1,219
242.453,3,Atta_3,2154.0,352.4,49.3,4.4,0.0,2100.9,366.3,60.8,347
242.453,4,Atta_4,1968.4,625.7,22.1,7.2,0.0,1878.8,617.5,36.2,64
242.51,3,Atta_3,2132.6,372.1,48.8,29.1,-0.5,2100.9,366.3,60.8,403
242.563,3,Atta_3,2153.0,353.2,49.4,-27.8,0.6,2100.9,366.3,60.8,455
242.614,1,Atta_1,2528.2,707.6,66.5,-5.6,4.5,,,,
242.614,2,Atta_2,864.9,444.4,178.5,103.8,0.5,1104.5,-149.1,168.1,380
242.682,1,Atta_1,2533.5,707.9,67.3,5.3,0.8,,,,
242.682,2,Atta_2,853.1,443.2,178.5,11.9,0.0,1104.5,-149.1,168.1,444
242.742,1,Atta_1,2529.4,709.2,68.0,-4.3,0.7,,,,
242.742,2,Atta_2,845.7,444.7,178.5,7.6,0.0,1045.0,-136.6,167.9,23
242.742,3,Atta_3,2157.5,354.1,49.4,4.6,0.0,2100.9,366.3,60.8,135
242.845,2,Atta_2,831.9,444.4,177.9,13.8,-0.6,1045.0,-136.6,167.9,127
242.91,1,Atta_1,2535.9,712.0,68.4,7.1,0.4,,,,
242.91,2,Atta_2,828.4,447.3,177.9,4.5,0.0,1045.0,-136.6,167.9,192
242.91,3,Atta_3,2164.9,355.7,49.4,7.6,0.0,2100.9,366.3,60.8,304
243.014,1,Atta_1,2531.0,710.6,68.5,-5.1,0.1,,,,
243.014,2,Atta_2,823.6,445.8,178.4,5.0,0.5,1045.0,-136.6,167.9,309
243.014,3,Atta_3,2160.4,354.2,49.4,-4.7,0.0,2100.9,366.3,60.8,420
243.014,4,Atta_4,1973.6,628.7,22.1,6.0,0.0,1878.8,617.5,36.1,137
243.092,2,Atta_2,805.1,445.5,178.7,18.5,0.3,1045.0,-136.6,167.9,386
243.171,2,Atta_2,799.0,445.4,178.7,6.1,0.0,1045.0,-136.6,167.9,464
243.326,1,Atta_1,2523.2,712.1,67.1,-7.9,-1.4,,,,
243.326,2,Atta_2,787.5,440.5,178.7,12.5,0.0,1012.0,-129.6,168.7,108
243.326,3,Atta_3,2146.8,349.7,49.4,-14.3,0.0,2100.9,366.3,60.8,199
243.382,1,Atta_1,2523.2,721.7,66.8,9.6,-0.3,,,,
243.382,4,Atta_4,1961.0,622.8,22.1,-13.9,0.0,1878.8,617.5,36.1,493
243.446,1,Atta_1,2542.2,733.9,66.6,22.6,-0.2,,,,
243.446,2,Atta_2,782.4,440.2,178.5,5.1,-0.2,1012.0,-129.6,168.7,231
243.446,3,Atta_3,2154.7,353.0,49.6,8.6,0.2,2100.9,366.3,60.8,321
243.509,1,Atta_1,2544.9,740.5,66.6,7.1,0.0,,,,
243.509,4,Atta_4,1968.1,626.8,22.1,8.1,0.0,1878.8,617.5,36.1,108
243.561,1,Atta_1,2544.7,746.5,66.0,6.0,-0.6,,,,
243.561,2,Atta_2,795.0,442.8,178.7,-12.9,0.2,1012.0,-129.6,168.7,342
243.682,1,Atta_1,2548.5,748.9,66.9,4.5,0.9,,,,
243.764,1,Atta_1,2547.9,763.4,67.8,14.5,0.9,,,,
243.764,2,Atta_2,789.5,441.4,179.0,5.7,0.3,1012.0,-129.6,168.4,49
243.829,1,Atta_1,2548.5,770.9,67.8,7.5,0.0,,,,
243.829,2,Atta_2,781.8,438.8,179.6,8.1,0.6,1012.0,-129.6,168.4,118
243.896,1,Atta_1,2556.2,777.2,67.7,9.9,-0.1,,,,
243.896,2,Atta_2,789.5,441.4,178.5,-8.1,-1.1,1012.0,-129.6,168.4,172
243.896,3,Atta_3,2150.9,351.1,49.4,-4.2,-0.2,2100.9,366.3,60.9,286
243.993,1,Atta_1,2559.4,785.6,67.3,9.0,-0.4,,,,
244.086,1,Atta_1,2566.8,795.4,67.3,12.3,0.0,,,,
244.142,1,Atta_1,2569.8,804.9,67.3,10.0,0.0,,,,
244.198,1,Atta_1,2576.5,815.8,67.4,12.8,0.1,,,,
244.198,2,Atta_2,888.1,485.4,166.3,-108.0,-12.2,1012.0,-129.6,168.4,488
244.264,1,Atta_1,2585.0,819.7,66.9,9.4,-0.5,,,,
244.264,3,Atta_3,2156.3,353.5,49.5,5.9,0.1,2100.9,366.3,60.9,170
244.341,1,Atta_1,2581.9,823.0,66.7,4.5,-0.2,,,,
244.341,2,Atta_2,786.7,434.1,153.2,113.6,-13.1,983.1,-19.1,136.3,125
244.423,3,Atta_3,2151.6,350.4,49.3,-5.6,-0.2,2100.9,366.3,60.9,327
244.489,2,Atta_2,775.4,427.2,145.2,13.2,-8.0,983.1,-19.1,136.3,267
244.553,2,Atta_2,775.4,427.2,120.8,0.0,-24.4,983.1,-19.1,136.3,330
244.616,1,Atta_1,2588.2,821.2,66.4,6.6,-0.3,,,,
244.616,2,Atta_2,774.2,425.6,111.5,-2.0,-9.3,983.1,-19.1,136.3,394
244.616,4,Atta_4,1964.4,623.5,22.1,-5.0,0.0,1878.8,617.5,36.0,232
244.681,2,Atta_2,775.8,426.4,102.9,1.8,-8.6,983.1,-19.1,136.3,466
244.681,3,Atta_3,2127.6,363.9,48.9,-27.5,-0.4,2100.9,366.3,60.9,91
244.764,2,Atta_2,771.4,424.0,97.2,-5.0,-5.7,983.1,-19.1,82.6,57
244.764,3,Atta_3,2145.8,349.6,49.5,23.1,0.6,2100.9,366.3,60.9,171
244.843,1,Atta_1,2619.1,827.2,66.0,31.5,-0.4,,,,
244.843,3,Atta_3,2154.6,355.0,49.5,10.3,0.0,2100.9,366.3,60.9,250
244.843,4,Atta_4,1970.4,627.3,22.2,7.1,0.1,1878.8,617.5,36.0,463
244.991,1,Atta_1,2594.1,824.8,66.6,-25.1,0.6,,,,
244.991,2,Atta_2,776.8,426.1,93.4,5.8,-3.8,983.1,-19.1,82.6,290
245.148,2,Atta_2,783.2,429.7,93.4,7.3,0.0,983.1,-19.1,82.6,448
245.148,3,Atta_3,2160.0,355.4,49.4,5.4,-0.1,2100.9,366.3,61.0,54
245.233,1,Atta_1,2606.5,827.6,66.0,12.7,-0.6,,,,
245.308,1,Atta_1,2620.5,828.9,66.0,14.1,0.0,,,,
245.308,4,Atta_4,1974.7,628.9,22.1,4.6,-0.1,1878.8,617.5,36.0,411
245.389,1,Atta_1,2611.5,823.9,66.0,-10.3,0.0,,,,
245.389,2,Atta_2,772.7,423.8,93.3,-12.0,-0.1,983.1,-19.1,80.2,182
245.389,3,Atta_3,2152.0,349.9,49.5,-9.7,0.1,2100.9,366.3,61.0,285
245.389,4,Atta_4,1965.5,624.2,22.1,-10.3,0.0,1878.8,617.5,36.1,3
245.465,1,Atta_1,2581.5,822.8,66.3,-30.0,0.3,,,,
245.587,1,Atta_1,2593.6,825.5,65.9,12.4,-0.4,,,,
245.587,2,Atta_2,784.9,429.9,94.0,13.6,0.7,983.1,-19.1,80.2,379
245.587,3,Atta_3,2155.4,352.2,49.4,4.1,-0.1,2100.9,366.3,61.0,481
245.644,2,Atta_2,778.4,426.9,93.2,-7.2,-0.8,983.1,-19.1,80.2,441
245.718,1,Atta_1,2583.8,826.3,66.1,-9.8,0.2,,,,
245.718,2,Atta_2,785.7,431.2,94.0,8.5,0.8,983.5,-16.5,79.7,10
245.718,4,Atta_4,1969.5,627.6,22.2,5.2,0.1,1878.8,617.5,36.1,330
245.79,2,Atta_2,778.7,427.6,93.2,-7.9,-0.8,983.5,-16.5,79.7,79
245.857,2,Atta_2,774.2,431.6,92.2,6.0,-1.0,983.5,-16.5,79.7,149
245.928,1,Atta_1,2578.0,823.5,66.1,-6.4,0.0,,,,
245.928,2,Atta_2,766.6,429.7,91.8,-7.8,-0.4,983.5,-16.5,79.7,224
245.928,3,Atta_3,2150.6,351.8,49.4,-4.8,0.0,2100.9,366.3,60.9,330
245.928,4,Atta_4,1965.7,624.4,22.0,-5.0,-0.2,1878.8,617.5,36.0,50
246.004,1,Atta_1,2572.3,820.1,66.1,-6.6,0.0,,,,
246.004,3,Atta_3,2122.5,365.3,46.5,-31.2,-2.9,2100.9,366.3,60.9,402
246.004,4,Atta_4,1960.5,620.7,22.0,-6.4,0.0,1878.8,617.5,36.0,122
246.075,1,Atta_1,2576.6,823.5,66.1,5.5,0.0,,,,
246.075,2,Atta_2,766.5,451.0,90.9,21.3,-0.9,983.5,-16.5,79.7,367
246.075,3,Atta_3,2127.5,369.4,46.6,6.5,0.1,2100.9,366.3,60.9,474
246.148,1,Atta_1,2589.9,824.0,66.1,13.3,0.0,,,,
246.148,2,Atta_2,788.4,453.6,92.5,22.1,1.6,983.5,-16.5,79.7,443
246.148,4,Atta_4,1967.8,624.6,22.0,8.3,0.0,1878.8,617.5,36.0,270
246.229,1,Atta_1,2580.9,824.9,66.3,-9.0,0.2,,,,
246.229,2,Atta_2,770.8,470.7,90.9,24.5,-1.6,994.0,34.4,78.1,21
246.229,3,Atta_3,2132.6,370.9,46.6,5.3,0.0,2100.9,366.3,61.0,131
246.305,1,Atta_1,2578.0,819.9,67.4,-5.8,1.1,,,,
246.305,2,Atta_2,766.9,476.1,92.6,6.7,1.7,994.0,34.4,78.1,100
246.305,3,Atta_3,2155.0,354.2,49.5,27.9,2.9,2100.9,366.3,61.0,209
246.383,1,Atta_1,2578.0,813.9,68.4,-6.0,1.0,,,,
246.48,1,Atta_1,2583.6,808.2,68.4,-8.0,0.0,,,,
246.48,2,Atta_2,787.4,501.1,92.5,32.3,-0.1,994.0,34.4,78.1,302
246.48,4,Atta_4,1973.3,628.5,22.2,6.7,0.2,1878.8,617.5,36.0,129
246.576,1,Atta_1,2586.2,801.2,68.2,-7.5,-0.2,,,,
246.576,2,Atta_2,787.4,512.1,92.2,11.0,-0.3,994.0,34.4,78.1,370
246.651,1,Atta_1,2586.2,792.8,68.2,-8.4,0.0,,,,
246.651,2,Atta_2,782.2,517.5,92.2,7.5,0.0,994.0,34.4,78.1,444
246.721,1,Atta_1,2568.3,786.7,68.3,-18.9,0.1,,,,
246.721,2,Atta_2,776.6,530.9,92.0,14.5,-0.2,994.0,34.4,78.1,511
246.783,1,Atta_1,2563.6,782.9,68.3,-6.0,0.0,,,,
246.783,2,Atta_2,779.0,539.6,92.0,9.0,0.0,1006.6,93.3,77.4,42
246.783,3,Atta_3,2149.0,348.2,49.3,-8.5,-0.2,2100.9,366.3,61.0,177
246.783,4,Atta_4,1962.6,622.2,22.0,-12.4,-0.2,1878.8,617.5,36.0,402
246.849,1,Atta_1,2573.2,782.2,67.2,9.6,-1.1,,,,
246.849,2,Atta_2,779.0,546.4,91.7,6.8,-0.3,1006.6,93.3,77.4,107
246.911,1,Atta_1,2580.2,786.5,67.1,8.2,-0.1,,,,
246.911,2,Atta_2,776.6,553.7,91.2,7.7,-0.5,1006.6,93.3,77.4,171
246.911,3,Atta_3,2155.5,353.0,49.3,8.1,0.0,2100.9,366.3,61.0,306
246.978,1,Atta_1,2575.0,785.7,67.2,-5.3,0.1,,,,
246.978,2,Atta_2,773.8,565.6,91.2,12.2,0.0,1006.6,93.3,77.4,236
247.043,2,Atta_2,778.5,574.1,91.7,9.7,0.5,1006.6,93.3,77.4,302
247.043,3,Atta_3,2137.8,369.3,45.9,24.1,-3.4,2100.9,366.3,61.0,438
247.043,4,Atta_4,1971.5,627.5,22.1,10.4,0.1,1878.8,617.5,36.0,163
247.112,1,Atta_1,2564.9,781.3,67.1,-11.0,-0.1,,,,
247.112,2,Atta_2,769.9,577.8,92.0,9.4,0.3,1006.6,93.3,77.4,371
247.112,3,Atta_3,2147.5,349.4,49.4,-22.1,3.5,2100.9,366.3,61.1,15
247.112,4,Atta_4,1962.4,622.3,22.1,-10.5,0.0,1878.8,617.5,36.0,232
247.185,1,Atta_1,2568.7,783.5,67.1,4.4,0.0,,,,
247.185,2,Atta_2,773.8,588.3,92.0,11.2,0.0,1006.6,93.3,77.4,445
247.185,3,Atta_3,2151.4,351.6,49.4,4.5,0.0,2100.9,366.3,61.1,88
247.261,2,Atta_2,750.9,588.4,90.4,22.9,-1.6,1019.4,151.5,78.1,57
247.341,2,Atta_2,751.5,597.6,90.4,9.2,0.0,1019.4,151.5,78.1,134
247.415,2,Atta_2,765.9,611.5,92.1,20.0,1.7,1019.4,151.5,78.1,207
247.49,2,Atta_2,763.1,622.6,92.8,11.4,0.7,1019.4,151.5,78.1,289
247.573,1,Atta_1,2565.1,779.9,66.8,-5.1,-0.3,,,,
247.573,2,Atta_2,763.4,628.9,92.8,6.3,0.0,1019.4,151.5,78.1,365
247.573,3,Atta_3,2146.4,347.9,49.5,-6.2,0.1,2100.9,366.3,61.1,477
247.647,2,Atta_2,763.4,640.0,92.9,11.1,0.1,1019.4,151.5,78.1,442
247.722,1,Atta_1,2571.4,784.3,66.8,7.7,0.0,,,,
247.722,3,Atta_3,2152.3,353.7,49.6,8.3,0.1,2100.9,366.3,61.0,125
247.722,4,Atta_4,1968.1,625.8,22.1,6.7,0.0,1878.8,617.5,36.1,342
247.942,1,Atta_1,2565.3,781.9,72.4,-6.6,5.6,,,,
247.942,2,Atta_2,766.1,654.8,92.7,15.0,-0.2,1031.6,211.7,78.2,236
248.022,1,Atta_1,2596.8,780.9,84.1,31.5,11.7,,,,
248.022,3,Atta_3,2147.2,350.1,49.5,-6.2,-0.1,2100.9,366.3,61.0,429
248.022,4,Atta_4,1961.2,623.5,21.2,-7.3,-0.9,1878.8,617.5,36.0,136
248.104,1,Atta_1,2610.1,780.6,91.7,13.3,7.6,,,,
248.104,2,Atta_2,754.8,681.3,93.0,28.8,0.3,1031.6,211.7,78.2,402
248.188,1,Atta_1,2612.2,781.6,99.4,2.3,7.7,,,,
248.188,2,Atta_2,743.2,683.5,91.7,11.8,-1.3,1031.6,211.7,78.2,485
248.273,1,Atta_1,2613.1,783.5,112.1,2.1,12.7,,,,
248.273,2,Atta_2,759.7,688.2,93.0,17.2,1.3,1034.5,225.4,79.7,58
248.273,3,Atta_3,2153.7,351.4,49.4,6.6,-0.1,2100.9,366.3,61.1,181
248.273,4,Atta_4,1967.6,625.1,22.0,6.6,0.8,1878.8,617.5,36.0,387
248.356,1,Atta_1,2608.4,782.3,121.0,4.9,8.9,,,,
248.356,2,Atta_2,750.8,685.0,93.0,-9.5,0.0,1034.5,225.4,79.7,141
248.443,1,Atta_1,2613.1,786.7,135.3,6.4,14.3,,,,
248.533,1,Atta_1,2606.8,786.3,144.1,6.3,8.8,,,,
248.533,3,Atta_3,2149.4,348.9,49.6,-5.0,0.2,2100.9,366.3,61.1,441
248.533,4,Atta_4,1963.3,622.7,22.0,-4.9,0.0,1878.8,617.5,36.0,155
248.611,1,Atta_1,2614.4,791.0,151.4,-8.9,7.3,,,,
248.611,2,Atta_2,761.0,690.1,93.1,11.4,0.1,1034.5,225.4,79.7,390
248.611,3,Atta_3,2153.9,354.3,50.2,7.0,0.6,2100.9,366.3,61.1,11
248.611,4,Atta_4,1969.0,626.7,22.0,7.0,0.0,1878.8,617.5,36.0,226
248.821,1,Atta_1,2610.3,789.6,153.8,4.3,2.4,,,,
248.821,2,Atta_2,757.6,687.6,93.1,-4.2,0.0,991.2,286.2,84.0,108
248.821,3,Atta_3,2149.2,352.6,49.1,-5.0,-1.1,2100.9,366.3,61.1,228
248.905,4,Atta_4,1965.6,624.3,22.0,-4.2,0.0,1878.8,617.5,36.0,23
249.042,1,Atta_1,2615.5,792.4,153.3,-5.9,-0.5,,,,
249.042,2,Atta_2,762.4,690.7,77.7,5.7,-15.4,991.2,286.2,84.0,322
249.109,2,Atta_2,755.1,689.7,68.5,-7.4,-9.2,991.2,286.2,84.0,390
249.109,3,Atta_3,2157.3,355.3,49.1,8.5,0.0,2100.9,366.3,61.1,11
249.109,4,Atta_4,1972.1,627.9,21.9,7.4,-0.1,1878.8,617.5,36.0,228
249.186,2,Atta_2,755.9,690.3,61.2,1.0,-7.3,991.2,286.2,84.0,467
249.256,2,Atta_2,757.6,690.7,53.3,1.7,-7.9,991.2,286.2,31.4,38
249.327,2,Atta_2,754.9,691.8,45.5,-2.9,-7.8,991.2,286.2,31.4,109
249.397,1,Atta_1,2608.9,789.6,154.0,7.2,0.7,,,,
249.397,2,Atta_2,738.1,690.1,36.3,-16.9,-9.2,991.2,286.2,31.4,191
249.397,3,Atta_3,2150.9,351.3,49.7,-7.5,0.6,2100.9,366.3,61.1,310
249.397,4,Atta_4,1965.4,624.4,22.1,-7.6,0.2,1878.8,617.5,35.9,27
249.483,2,Atta_2,745.4,690.4,29.0,7.3,-7.3,991.2,286.2,31.4,258
249.593,1,Atta_1,2616.7,792.8,153.3,-8.4,-0.7,,,,
249.593,2,Atta_2,743.7,699.0,17.5,8.8,-11.5,991.2,286.2,31.4,366
249.593,4,Atta_4,1971.1,627.3,22.1,6.4,0.0,1878.8,617.5,35.9,201
249.647,2,Atta_2,734.3,699.9,355.1,-9.4,-22.4,991.2,286.2,31.4,421
249.647,3,Atta_3,2155.0,355.5,50.2,5.9,0.5,2100.9,366.3,61.1,39
249.698,2,Atta_2,733.2,699.9,351.1,-1.1,-4.0,991.2,286.2,31.4,473
249.761,1,Atta_1,2611.8,789.4,153.5,6.0,0.2,,,,
249.761,2,Atta_2,728.4,699.4,341.1,-4.8,-10.0,991.2,286.2,322.8,34
249.761,3,Atta_3,2151.4,351.1,49.5,-5.7,-0.7,2100.9,366.3,61.1,152
249.761,4,Atta_4,1966.4,624.0,22.1,-5.7,0.0,1878.8,617.5,35.9,370
249.827,2,Atta_2,730.5,701.3,331.7,2.8,-9.4,991.2,286.2,322.8,97
249.928,2,Atta_2,733.4,702.8,325.5,3.3,-6.2,991.2,286.2,322.8,205
250.057,2,Atta_2,738.9,705.6,320.4,6.2,-5.1,991.2,286.2,322.8,330
250.112,1,Atta_1,2614.2,792.6,155.9,-4.0,2.4,,,,
250.112,2,Atta_2,742.6,707.4,320.4,4.1,0.0,991.2,286.2,322.8,383
250.112,3,Atta_3,2153.7,355.5,49.5,5.0,0.0,2100.9,366.3,61.0,2
250.112,4,Atta_4,1970.3,626.9,22.2,4.9,0.1,1878.8,617.5,35.9,220
250.245,1,Atta_1,2610.0,791.0,155.9,4.5,0.0,,,,
250.245,2,Atta_2,738.9,705.6,320.4,-4.1,0.0,991.2,286.2,313.8,28
250.299,1,Atta_1,2606.5,788.4,155.9,4.4,0.0,,,,
250.358,2,Atta_2,735.6,702.8,320.4,-4.3,0.0,991.2,286.2,313.8,133
250.358,3,Atta_3,2146.1,349.9,50.3,-9.4,0.8,2100.9,366.3,61.0,251
250.358,4,Atta_4,1962.0,622.0,22.2,-9.6,0.0,1878.8,617.5,35.9,469
250.49,1,Atta_1,2615.8,794.1,156.0,-10.9,0.1,,,,
250.49,2,Atta_2,747.2,708.9,320.3,13.1,-0.1,991.2,286.2,313.8,263
250.49,3,Atta_3,2157.8,356.0,50.3,13.2,0.0,2100.9,366.3,61.0,381
250.545,4,Atta_4,1973.6,628.1,22.0,13.1,-0.2,1878.8,617.5,35.9,155
250.626,1,Atta_1,2610.6,792.2,156.0,5.5,0.0,,,,
250.626,2,Atta_2,742.1,707.0,320.3,-5.4,0.0,991.2,286.2,313.8,401
250.626,4,Atta_4,1969.2,626.1,22.0,-4.8,0.0,1878.8,617.5,35.9,236
250.691,3,Atta_3,2152.0,351.6,49.6,-7.3,-0.7,2100.9,366.3,61.0,84
250.746,1,Atta_1,2607.1,794.3,154.6,4.1,-1.4,,,,
250.801,2,Atta_2,737.1,705.2,320.3,-5.3,0.0,991.2,286.2,314.1,77
250.858,1,Atta_1,2586.9,798.6,153.7,20.7,-0.9,,,,
250.923,1,Atta_1,2584.5,802.0,153.1,4.2,-0.6,,,,
250.923,3,Atta_3,2133.2,367.2,48.9,-24.4,-0.7,2100.9,366.3,61.0,316
250.978,1,Atta_1,2581.5,806.5,153.1,5.4,0.0,,,,
250.978,3,Atta_3,2153.6,352.2,49.4,25.3,0.5,2100.9,366.3,61.0,372
251.055,1,Atta_1,2570.7,808.5,153.7,11.0,0.6,,,,
251.111,1,Atta_1,2556.2,812.0,153.7,14.9,0.0,,,,
251.111,4,Atta_4,1964.8,626.0,22.1,-4.4,0.1,1878.8,617.5,35.9,224
251.169,1,Atta_1,2549.7,811.5,154.0,6.5,0.3,,,,
251.271,1,Atta_1,2544.0,815.6,154.2,7.0,0.2,,,,
251.271,3,Atta_3,2148.7,349.5,49.5,-5.6,0.1,2100.9,366.3,61.1,172
251.342,1,Atta_1,2538.6,820.9,154.8,7.6,0.6,,,,
251.342,3,Atta_3,2152.6,351.7,49.5,4.5,0.0,2100.9,366.3,61.1,240
251.405,1,Atta_1,2529.4,826.8,155.0,10.9,0.2,,,,
251.405,2,Atta_2,743.7,706.8,318.0,6.8,-2.3,991.2,286.2,313.0,184
251.469,1,Atta_1,2520.3,829.9,155.0,9.6,0.0,,,,
251.469,4,Atta_4,1969.2,626.0,22.1,4.4,0.0,1878.8,617.5,35.9,88
251.534,1,Atta_1,2516.0,834.0,155.4,5.9,0.4,,,,
251.534,3,Atta_3,2127.1,373.8,47.9,33.7,-1.6,2100.9,366.3,61.1,434
251.599,1,Atta_1,2503.1,835.9,155.9,13.0,0.5,,,,
251.599,2,Atta_2,719.5,705.0,313.9,-24.3,-4.1,991.2,286.2,313.0,380
251.663,1,Atta_1,2493.4,839.2,155.9,10.2,0.0,,,,
251.663,3,Atta_3,2152.0,352.0,49.3,33.1,1.4,2100.9,366.3,61.1,64
251.726,1,Atta_1,2483.1,842.4,155.7,10.8,-0.2,,,,
251.79,1,Atta_1,2475.7,843.9,155.7,7.6,0.0,,,,
251.79,2,Atta_2,715.5,702.2,314.0,-4.9,0.1,991.2,286.2,310.3,74
251.79,3,Atta_3,2148.4,349.5,49.3,-4.4,0.0,2100.9,366.3,61.1,192
251.79,4,Atta_4,1963.3,622.5,22.1,-6.9,0.0,1878.8,617.5,35.9,408
251.855,1,Atta_1,2472.5,849.7,156.2,6.6,0.5,,,,
251.855,3,Atta_3,2151.8,352.1,49.3,4.3,0.0,2100.9,366.3,61.1,259
251.855,4,Atta_4,1966.3,625.1,22.1,4.0,0.0,1878.8,617.5,35.9,475
251.927,1,Atta_1,2466.6,852.6,156.2,6.6,0.0,,,,
251.999,1,Atta_1,2455.9,856.7,157.0,11.5,0.8,,,,
251.999,2,Atta_2,719.5,705.1,314.1,4.9,0.1,991.2,286.2,310.3,282
252.076,1,Atta_1,2451.6,862.4,157.1,7.1,0.1,,,,
252.076,2,Atta_2,747.1,710.3,315.6,28.1,1.5,991.2,286.2,310.3,358
252.076,3,Atta_3,2158.2,356.1,49.4,7.5,0.1,2100.9,366.3,61.1,476
252.145,4,Atta_4,1973.2,628.5,22.1,7.7,0.0,1878.8,617.5,35.9,264
252.209,1,Atta_1,2432.9,866.0,157.1,19.0,0.0,,,,
252.209,3,Atta_3,2153.8,353.3,49.4,-5.2,0.0,2100.9,366.3,61.0,114
252.209,4,Atta_4,1968.6,626.2,22.1,-5.1,0.0,1878.8,617.5,35.9,332
252.286,1,Atta_1,2421.2,868.6,156.9,12.0,-0.2,,,,
252.36,1,Atta_1,2417.8,872.7,156.8,5.3,-0.1,,,,
252.428,1,Atta_1,2406.1,876.6,156.7,12.3,-0.1,,,,
252.428,2,Atta_2,764.6,707.8,315.5,17.7,-0.1,994.0,283.0,310.4,193
252.501,1,Atta_1,2396.6,880.5,156.7,10.3,0.0,,,,
252.501,2,Atta_2,847.8,713.4,318.7,83.4,3.2,994.0,283.0,310.4,266
252.568,1,Atta_1,2387.2,882.4,156.4,9.6,-0.3,,,,
252.568,2,Atta_2,870.0,704.3,318.5,24.0,-0.2,994.0,283.0,310.4,331
252.632,1,Atta_1,2376.4,885.4,156.4,11.2,0.0,,,,
252.696,1,Atta_1,2365.4,887.5,156.6,11.2,0.2,,,,
252.696,2,Atta_2,869.2,697.9,318.2,6.4,-0.3,994.0,283.0,310.4,463
252.771,1,Atta_1,2361.2,890.8,156.9,5.3,0.3,,,,
252.771,2,Atta_2,871.5,692.4,318.1,6.0,-0.1,1028.6,241.5,310.3,55
252.849,1,Atta_1,2355.7,895.9,156.7,7.5,-0.2,,,,
252.849,2,Atta_2,874.9,686.8,317.1,6.6,-1.0,1028.6,241.5,310.3,131
252.923,1,Atta_1,2339.4,894.9,156.9,16.3,0.2,,,,
252.923,2,Atta_2,867.9,675.6,317.0,13.2,-0.1,1028.6,241.5,310.3,207
252.923,3,Atta_3,2147.5,348.7,49.3,-7.8,-0.1,2100.9,366.3,61.0,330
252.923,4,Atta_4,1960.8,622.5,22.0,-8.6,-0.1,1878.8,617.5,36.0,47
253.001,1,Atta_1,2341.8,901.5,156.7,7.0,-0.2,,,,
253.001,2,Atta_2,800.2,656.7,315.1,-70.3,-1.9,1028.6,241.5,310.3,283
253.001,3,Atta_3,2152.2,352.4,49.3,6.0,0.0,2100.9,366.3,61.0,406
253.001,4,Atta_4,1966.7,625.4,22.0,6.6,0.0,1878.8,617.5,36.0,123
253.078,1,Atta_1,2325.8,904.9,156.6,16.4,-0.1,,,,
253.078,2,Atta_2,797.5,644.3,315.1,12.7,0.0,1028.6,241.5,310.3,360
253.153,1,Atta_1,2316.5,909.0,156.6,10.2,0.0,,,,
253.153,2,Atta_2,810.8,640.6,315.1,13.8,0.0,1028.6,241.5,310.3,431
253.217,1,Atta_1,2312.2,913.2,158.9,6.0,2.3,,,,
253.217,2,Atta_2,816.6,636.6,315.1,7.0,0.0,1067.5,196.0,310.0,3
253.288,2,Atta_2,826.2,636.6,315.2,9.6,0.1,1067.5,196.0,310.0,72
253.354,2,Atta_2,844.4,628.7,314.7,19.8,-0.5,1067.5,196.0,310.0,137
253.422,1,Atta_1,2303.1,910.3,160.1,9.6,1.2,,,,
253.422,2,Atta_2,836.7,613.4,314.1,17.1,-0.6,1067.5,196.0,310.0,208
253.422,3,Atta_3,2147.2,350.2,49.3,-5.5,0.0,2100.9,366.3,61.1,324
253.499,4,Atta_4,1937.7,632.5,23.5,-29.9,1.5,1878.8,617.5,36.0,119
253.576,2,Atta_2,852.1,601.2,314.0,19.6,-0.1,1067.5,196.0,310.0,359
253.649,1,Atta_1,2311.0,914.4,160.0,-8.9,-0.1,,,,
253.649,2,Atta_2,865.6,598.5,314.0,13.8,0.0,1067.5,196.0,310.0,430
253.649,3,Atta_3,2155.0,355.1,49.4,9.2,0.1,2100.9,366.3,61.0,49
253.649,4,Atta_4,1970.5,627.4,22.2,33.2,-1.3,1878.8,617.5,36.0,265
253.715,2,Atta_2,865.6,592.6,313.7,5.9,-0.3,1067.5,196.0,310.0,495
253.778,2,Atta_2,878.3,585.5,313.6,14.5,-0.1,1105.9,149.0,308.7,49
253.84,2,Atta_2,881.2,581.5,313.6,4.9,0.0,1105.9,149.0,308.7,110
253.902,2,Atta_2,884.1,574.3,313.6,7.8,0.0,1105.9,149.0,308.7,172
253.964,1,Atta_1,2303.2,910.8,160.2,8.6,0.2,,,,
253.964,2,Atta_2,883.1,565.1,313.6,9.3,0.0,1105.9,149.0,308.7,236
253.964,3,Atta_3,2149.8,349.8,49.5,-7.4,0.1,2100.9,366.3,61.0,366
253.964,4,Atta_4,1963.5,623.7,22.2,-7.9,0.0,1878.8,617.5,35.9,79
254.033,1,Atta_1,2299.7,908.6,160.2,4.1,0.0,,,,
254.033,2,Atta_2,880.1,558.4,313.1,7.3,-0.5,1105.9,149.0,308.7,303
254.033,3,Atta_3,2146.5,347.6,49.5,-4.0,0.0,2100.9,366.3,61.0,433
254.033,4,Atta_4,1960.2,621.5,22.2,-4.0,0.0,1878.8,617.5,35.9,146
254.095,2,Atta_2,889.5,545.8,313.8,15.7,0.7,1105.9,149.0,308.7,367
254.159,1,Atta_1,2305.3,912.2,160.1,-6.7,-0.1,,,,
254.159,2,Atta_2,908.6,548.9,314.5,19.3,0.7,1105.9,149.0,308.7,436
254.159,3,Atta_3,2152.6,351.4,49.3,7.2,-0.2,2100.9,366.3,61.1,53
254.159,4,Atta_4,1966.5,625.0,22.2,7.2,0.0,1878.8,617.5,35.9,279
254.238,2,Atta_2,914.4,542.7,314.5,8.5,0.0,1144.2,101.9,308.9,27
254.321,1,Atta_1,2299.1,916.1,160.2,7.3,0.1,,,,
254.321,2,Atta_2,921.6,538.0,314.6,8.6,0.1,1144.2,101.9,308.9,107
254.408,1,Atta_1,2285.8,916.2,160.2,13.3,0.0,,,,
254.408,2,Atta_2,927.2,531.6,314.7,8.5,0.1,1144.2,101.9,308.9,195
254.489,1,Atta_1,2276.7,920.2,160.2,9.9,0.0,,,,
254.489,2,Atta_2,930.1,523.3,314.7,8.8,0.0,1144.2,101.9,308.9,273
254.567,1,Atta_1,2270.3,922.9,160.1,6.9,-0.1,,,,
254.647,1,Atta_1,2262.6,928.9,160.1,9.8,0.0,,,,
254.647,2,Atta_2,937.8,523.7,314.6,7.7,-0.1,1144.2,101.9,308.9,432
254.726,1,Atta_1,2252.6,931.1,160.5,10.2,0.4,,,,
254.807,1,Atta_1,2244.4,936.1,160.9,9.6,0.4,,,,
254.807,3,Atta_3,2156.9,353.5,49.4,4.8,0.1,2100.9,366.3,61.1,208
254.807,4,Atta_4,1970.6,627.2,22.1,4.7,-0.1,1878.8,617.5,35.9,426
254.881,1,Atta_1,2235.0,938.3,161.3,9.7,0.4,,,,
254.954,1,Atta_1,2226.3,940.1,161.6,8.9,0.3,,,,
255.026,1,Atta_1,2212.1,940.9,162.0,14.2,0.4,,,,
255.026,2,Atta_2,933.9,520.3,314.6,-5.2,0.0,1150.6,93.9,307.9,306
255.026,3,Atta_3,2133.1,365.5,48.6,-26.7,-0.8,2100.9,366.3,61.1,427
255.099,1,Atta_1,2211.5,949.1,162.2,8.2,0.2,,,,
255.099,2,Atta_2,943.3,526.7,314.4,11.4,-0.2,1150.6,93.9,307.9,379
255.099,3,Atta_3,2160.1,356.3,49.5,28.5,0.9,2100.9,366.3,61.1,2
255.099,4,Atta_4,1974.3,630.0,22.1,4.6,0.0,1878.8,617.5,36.0,197
255.171,1,Atta_1,2192.4,945.9,162.5,19.4,0.3,,,,
255.171,2,Atta_2,932.7,520.7,314.3,-12.2,-0.1,1150.6,93.9,307.9,456
255.171,3,Atta_3,2115.8,376.2,48.7,-48.6,-0.8,2100.9,366.3,61.1,78
255.248,1,Atta_1,2183.9,948.9,162.6,9.0,0.1,,,,
255.248,3,Atta_3,2151.4,351.5,49.5,43.3,0.8,2100.9,366.3,61.1,152
255.248,4,Atta_4,1965.6,625.2,22.2,-9.9,0.1,1878.8,617.5,36.0,348
255.321,1,Atta_1,2171.7,950.0,162.8,12.2,0.2,,,,
255.321,3,Atta_3,2114.5,376.2,48.7,-44.4,-0.8,2100.9,366.3,61.1,225
255.395,1,Atta_1,2161.5,955.0,162.8,11.4,0.0,,,,
255.395,3,Atta_3,2135.6,365.6,48.7,23.6,0.0,2100.9,366.3,61.1,297
255.466,1,Atta_1,2155.0,958.0,162.4,7.2,-0.4,,,,
255.539,1,Atta_1,2145.7,960.4,161.4,9.6,-1.0,,,,
255.539,2,Atta_2,934.9,523.5,302.5,-3.6,-11.8,1131.0,155.3,309.7,317
255.611,1,Atta_1,2128.1,958.2,161.3,17.7,-0.1,,,,
255.611,2,Atta_2,926.6,518.9,294.5,-9.5,-8.0,1131.0,155.3,309.7,387
255.611,3,Atta_3,2143.2,348.3,49.0,-18.9,0.3,2100.9,366.3,61.0,12
255.611,4,Atta_4,1959.2,620.5,22.1,-7.9,-0.1,1878.8,617.5,35.9,229
255.681,1,Atta_1,2119.7,961.1,161.0,8.9,-0.3,,,,
255.681,2,Atta_2,940.3,524.9,285.0,15.0,-9.5,1131.0,155.3,309.7,460
255.751,1,Atta_1,2108.1,965.8,160.5,12.5,-0.5,,,,
255.751,2,Atta_2,943.2,526.2,270.1,-3.2,-14.9,1131.0,155.3,255.6,35
255.751,3,Atta_3,2149.2,347.4,49.0,6.1,0.0,2100.9,366.3,61.0,157
255.828,1,Atta_1,2104.0,968.9,160.4,5.1,-0.1,,,,
255.828,2,Atta_2,936.4,522.2,261.9,7.9,-8.2,1131.0,155.3,255.6,110
255.828,4,Atta_4,1963.0,622.0,22.0,4.1,-0.1,1878.8,617.5,35.9,449
255.905,1,Atta_1,2095.4,972.5,160.4,9.3,0.0,,,,
255.905,2,Atta_2,938.6,524.0,255.0,-2.8,-6.9,1131.0,155.3,255.6,190
255.984,1,Atta_1,2089.5,975.5,160.6,6.6,0.2,,,,
255.984,2,Atta_2,957.9,526.3,244.2,-19.4,-10.8,1131.0,155.3,255.6,269
255.984,3,Atta_3,2133.6,368.3,48.8,26.1,-0.2,2100.9,366.3,61.0,391
255.984,4,Atta_4,1966.8,624.3,22.1,4.4,0.1,1878.8,617.5,35.9,108
256.064,1,Atta_1,2083.7,981.2,160.9,8.1,0.3,,,,
256.064,2,Atta_2,1014.7,555.2,234.5,-63.7,-9.7,1131.0,155.3,255.6,348
256.064,3,Atta_3,2138.1,372.0,48.8,5.8,0.0,2100.9,366.3,61.0,471
256.064,4,Atta_4,1969.4,628.0,22.1,4.5,0.0,1878.8,617.5,35.9,188
256.143,1,Atta_1,2070.0,982.7,160.9,13.8,0.0,,,,
256.143,2,Atta_2,1002.7,544.1,220.6,16.3,-13.9,1131.0,155.3,255.6,425
256.143,3,Atta_3,2151.5,351.9,50.2,-24.2,1.4,2100.9,366.3,61.0,48
256.143,4,Atta_4,1964.9,624.4,21.9,-5.8,-0.2,1878.8,617.5,35.9,264
256.219,1,Atta_1,2059.6,984.8,161.2,10.6,0.3,,,,
256.219,2,Atta_2,1010.3,548.3,211.3,-8.7,-9.3,1131.0,155.3,184.3,46
256.364,1,Atta_1,2045.8,987.2,161.7,14.0,0.5,,,,
256.364,2,Atta_2,1000.5,543.2,198.0,11.0,-13.3,1131.0,155.3,184.3,178
256.364,3,Atta_3,2140.7,358.9,45.3,-12.9,-4.9,2100.9,366.3,61.0,302
256.49,2,Atta_2,1014.0,544.8,189.6,-13.6,-8.4,1131.0,155.3,184.3,267
256.557,2,Atta_2,1022.0,544.7,175.7,-8.0,-13.9,1131.0,155.3,184.3,346
256.557,3,Atta_3,2150.1,352.9,49.6,11.2,4.3,2100.9,366.3,61.0,469
256.648,2,Atta_2,1022.0,544.7,170.9,0.0,-4.8,1131.0,155.3,184.3,438
256.739,2,Atta_2,1017.7,541.2,170.9,5.5,0.0,1131.0,155.3,163.9,33
256.919,3,Atta_3,2126.7,370.0,48.6,-29.0,-1.0,2100.9,366.3,61.0,329
257.005,1,Atta_1,2051.5,995.3,162.9,-9.9,1.2,,,,
257.005,2,Atta_2,1031.1,547.4,170.5,-14.8,-0.4,1131.0,155.3,163.9,291
257.005,3,Atta_3,2158.5,358.2,49.7,33.9,1.1,2100.9,366.3,61.0,411
257.005,4,Atta_4,1975.4,629.9,22.0,11.9,0.1,1878.8,617.5,36.0,128
257.075,1,Atta_1,2042.0,990.9,162.9,10.5,0.0,,,,
257.075,2,Atta_2,1022.0,543.1,170.5,10.1,0.0,1131.0,155.3,163.9,359
257.075,3,Atta_3,2136.5,365.5,47.7,-23.2,-2.0,2100.9,366.3,61.0,478
257.151,2,Atta_2,1017.8,542.5,171.0,4.2,0.5,1131.0,155.3,163.9,438
257.151,3,Atta_3,2149.4,353.9,50.4,17.3,2.7,2100.9,366.3,61.0,54
257.308,1,Atta_1,2042.0,991.1,168.3,0.2,5.4,,,,
257.308,4,Atta_4,1966.8,624.3,22.2,-10.3,0.2,1878.8,617.5,36.0,431
257.39,1,Atta_1,2042.0,993.5,176.3,2.4,8.0,,,,
257.39,2,Atta_2,1024.2,542.6,169.7,-6.4,-1.3,1131.0,155.3,163.4,173
257.468,1,Atta_1,2042.0,994.9,191.2,1.4,14.9,,,,
257.544,1,Atta_1,2046.6,998.7,200.8,-6.0,9.6,,,,
257.544,2,Atta_2,1016.8,542.3,169.8,7.4,0.1,1131.0,155.3,163.4,314
257.544,3,Atta_3,2115.0,375.8,48.8,-40.8,-1.6,2100.9,366.3,61.0,431
257.604,1,Atta_1,2046.6,1000.5,210.7,-1.8,9.9,,,,
257.604,2,Atta_2,1010.2,542.8,169.8,6.6,0.0,1131.0,155.3,163.4,373
257.67,1,Atta_1,2050.7,1006.9,226.0,-7.6,15.3,,,,
257.67,2,Atta_2,1013.8,549.9,170.0,-8.0,0.2,1131.0,155.3,163.4,439
257.67,3,Atta_3,2155.6,355.1,50.3,45.6,1.5,2100.9,366.3,61.0,52
257.722,1,Atta_1,2044.0,1007.4,235.7,6.7,9.7,,,,
257.722,2,Atta_2,999.4,550.4,170.0,14.4,0.0,1131.0,155.3,163.4,491
257.722,4,Atta_4,1971.6,627.6,22.2,5.8,0.0,1878.8,617.5,36.0,328
257.808,1,Atta_1,2040.8,1008.2,240.3,3.3,4.6,,,,
257.808,2,Atta_2,995.0,551.0,170.3,4.4,0.3,1092.6,167.9,160.9,72
257.87,1,Atta_1,2039.9,1008.8,254.7,-1.1,14.4,,,,
257.87,2,Atta_2,987.7,550.4,170.3,7.3,0.0,1092.6,167.9,160.9,135
257.974,1,Atta_1,2038.0,1009.1,261.8,1.9,7.1,,,,
257.974,2,Atta_2,987.8,555.5,170.3,5.1,0.0,1092.6,167.9,160.9,249
258.037,1,Atta_1,2035.0,1007.7,266.1,3.3,4.3,,,,
258.037,2,Atta_2,913.9,524.2,168.3,80.3,-2.0,1092.6,167.9,160.9,302
258.101,2,Atta_2,970.5,566.8,169.7,-70.8,1.4,1092.6,167.9,160.9,364
258.205,2,Atta_2,960.3,566.2,169.0,10.2,-0.7,1092.6,167.9,160.9,481
258.273,2,Atta_2,966.2,569.6,169.6,-6.8,0.6,1036.1,187.9,160.1,40
258.273,3,Atta_3,2161.0,357.0,49.5,5.7,-0.8,2100.9,366.3,61.1,163
258.273,4,Atta_4,1976.2,629.9,22.1,5.1,-0.1,1878.8,617.5,36.0,384
258.337,2,Atta_2,852.5,533.6,169.0,119.3,-0.6,1036.1,187.9,160.1,103
258.337,3,Atta_3,2139.2,367.7,44.9,-24.3,-4.6,2100.9,366.3,61.1,226
258.337,4,Atta_4,1970.3,626.5,22.1,-6.8,0.0,1878.8,617.5,36.0,446
258.402,3,Atta_3,2143.7,371.0,44.9,5.6,0.0,2100.9,366.3,61.1,291
258.402,4,Atta_4,1974.9,629.8,22.1,5.7,0.0,1878.8,617.5,36.1,11
258.453,2,Atta_2,844.7,535.5,168.9,8.0,-0.1,1036.1,187.9,160.1,221
258.453,3,Atta_3,2154.3,354.5,49.5,-19.6,4.6,2100.9,366.3,61.1,344
258.453,4,Atta_4,1970.3,626.4,22.1,-5.7,0.0,1878.8,617.5,36.1,64
258.504,2,Atta_2,836.8,536.3,168.9,7.9,0.0,1036.1,187.9,160.1,271
258.569,2,Atta_2,831.4,538.7,168.6,5.9,-0.3,1036.1,187.9,160.1,335
258.635,2,Atta_2,825.4,540.5,168.1,6.3,-0.5,1036.1,187.9,160.1,402
258.69,1,Atta_1,2031.1,1006.5,267.4,4.1,1.3,,,,
258.69,2,Atta_2,815.5,539.7,168.0,9.9,-0.1,1036.1,187.9,160.1,457
258.743,2,Atta_2,805.2,539.2,168.1,10.3,0.1,980.1,208.4,159.2,16
258.802,2,Atta_2,794.3,539.2,168.0,10.9,-0.1,980.1,208.4,159.2,73
258.869,2,Atta_2,793.0,544.7,167.2,5.7,-0.8,980.1,208.4,159.2,136
258.869,3,Atta_3,2122.5,379.6,49.0,-40.5,-0.5,2100.9,366.3,61.1,257
258.952,2,Atta_2,783.6,545.3,167.2,9.4,0.0,980.1,208.4,159.2,227
259.002,2,Atta_2,778.0,547.9,167.8,6.2,0.6,980.1,208.4,159.2,272
259.066,2,Atta_2,768.3,547.6,167.8,9.7,0.0,980.1,208.4,159.2,335
259.066,3,Atta_3,2132.3,369.3,47.8,-14.2,-1.2,2100.9,366.3,61.1,456
259.066,4,Atta_4,1966.4,624.6,22.1,-4.3,0.0,1878.8,617.5,36.0,174
259.12,2,Atta_2,759.7,550.6,167.7,9.1,-0.1,980.1,208.4,159.2,390
259.12,3,Atta_3,2137.5,372.2,47.9,6.0,0.1,2100.9,366.3,61.2,11
259.12,4,Atta_4,1971.5,627.7,22.1,6.0,0.0,1878.8,617.5,36.0,229
259.171,2,Atta_2,748.4,548.1,167.5,11.6,-0.2,980.1,208.4,159.2,441
259.171,3,Atta_3,2152.8,350.9,49.5,-26.2,1.6,2100.9,366.3,61.2,62
259.171,4,Atta_4,1966.3,624.6,22.1,-6.1,0.0,1878.8,617.5,36.0,280
259.233,2,Atta_2,752.6,555.9,167.7,-8.9,0.2,980.1,208.4,159.2,502
259.233,3,Atta_3,2130.4,374.3,48.7,32.4,-0.8,2100.9,366.3,61.2,123
259.233,4,Atta_4,1972.1,627.2,22.0,6.4,-0.1,1878.8,617.5,36.0,340
259.301,2,Atta_2,736.4,552.8,167.5,16.5,-0.2,923.1,230.7,158.5,65
259.301,3,Atta_3,2148.7,352.1,49.7,-28.8,1.0,2100.9,366.3,61.2,189
259.301,4,Atta_4,1965.9,623.1,22.1,-7.4,0.1,1878.8,617.5,36.0,406
259.366,1,Atta_1,2025.1,1004.6,268.5,6.3,1.1,,,,
259.366,2,Atta_2,719.1,551.8,167.7,17.3,0.2,923.1,230.7,158.5,135
259.366,3,Atta_3,2129.8,365.1,48.7,-22.9,-1.0,2100.9,366.3,61.2,258
259.417,1,Atta_1,2021.9,1002.2,268.5,4.0,0.0,,,,
259.417,2,Atta_2,707.1,550.1,167.7,12.1,0.0,923.1,230.7,158.5,187
259.417,3,Atta_3,2142.1,348.7,49.4,-20.5,0.7,2100.9,366.3,61.2,311
259.417,4,Atta_4,1958.7,620.0,22.0,-7.8,-0.1,1878.8,617.5,36.0,27
259.534,1,Atta_1,2032.8,1008.6,268.5,-12.6,0.0,,,,
259.534,2,Atta_2,702.9,560.2,168.6,10.9,0.9,923.1,230.7,158.5,301
259.534,3,Atta_3,2156.8,353.3,49.4,15.4,0.0,2100.9,366.3,61.2,425
259.534,4,Atta_4,1971.1,627.2,22.0,14.3,0.0,1878.8,617.5,36.0,141
259.716,2,Atta_2,708.1,564.0,168.7,-6.4,0.1,923.1,230.7,158.5,494
259.833,2,Atta_2,702.6,560.8,168.8,6.4,0.1,896.5,240.9,160.0,91
259.833,4,Atta_4,1967.5,625.1,22.0,-4.2,0.0,1878.8,617.5,36.0,438
260.0,1,Atta_1,2028.9,1006.6,271.5,4.4,3.0,,,,
260.0,2,Atta_2,698.9,559.2,168.9,4.0,0.1,896.5,240.9,160.0,260
260.0,3,Atta_3,2153.3,350.4,49.4,-4.5,0.0,2100.9,366.3,61.1,388
260.14,3,Atta_3,2133.7,365.4,44.9,-24.7,-4.5,2100.9,366.3,61.1,31
260.266,3,Atta_3,2148.6,349.8,49.7,-21.6,4.8,2100.9,366.3,61.1,156
260.266,4,Atta_4,1962.1,623.7,21.3,-5.6,-0.7,1878.8,617.5,35.9,374
260.397,2,Atta_2,694.5,557.8,169.1,4.6,0.2,896.4,241.0,159.9,180
260.532,2,Atta_2,699.5,559.3,168.6,-5.2,-0.5,896.4,241.0,159.9,326
260.619,1,Atta_1,2033.2,1008.4,272.2,-4.7,0.7,,,,
260.619,2,Atta_2,705.0,562.1,168.6,-6.2,0.0,896.4,241.0,159.9,402
260.619,3,Atta_3,2155.5,352.7,49.5,7.5,-0.2,2100.9,366.3,61.1,24
260.698,4,Atta_4,1971.0,626.5,22.1,9.3,0.8,1878.8,617.5,36.0,321
260.851,2,Atta_2,704.0,562.0,162.3,1.0,-6.3,874.7,276.0,154.2,127
260.924,2,Atta_2,699.0,556.7,155.3,7.3,-7.0,874.7,276.0,154.2,200
260.988,1,Atta_1,2029.4,1006.6,272.1,4.2,-0.1,,,,
260.988,2,Atta_2,699.0,556.5,148.6,-0.2,-6.7,874.7,276.0,154.2,268
261.065,1,Atta_1,2029.1,1002.3,272.1,4.3,0.0,,,,
261.065,2,Atta_2,698.7,555.3,140.6,-1.2,-8.0,874.7,276.0,154.2,344
261.139,1,Atta_1,2029.3,995.6,272.3,6.7,0.2,,,,
261.215,1,Atta_1,2029.7,984.5,272.7,11.1,0.4,,,,
261.215,2,Atta_2,682.8,548.0,131.3,17.5,-9.3,874.7,276.0,154.2,491
261.271,1,Atta_1,2022.8,971.5,273.0,14.7,0.3,,,,
261.271,2,Atta_2,668.9,541.4,109.5,15.4,-21.8,874.7,276.0,95.0,49
261.271,3,Atta_3,2146.5,346.6,49.6,-10.9,0.1,2100.9,366.3,61.1,174
261.338,1,Atta_1,2023.8,964.4,273.0,7.2,0.0,,,,
261.338,2,Atta_2,673.6,542.9,101.9,-4.9,-7.6,874.7,276.0,95.0,117
261.338,4,Atta_4,1957.4,622.3,21.3,-14.2,-0.8,1878.8,617.5,35.9,466
261.426,1,Atta_1,2027.0,957.3,272.2,7.8,-0.8,,,,
261.512,1,Atta_1,2030.3,950.3,271.4,7.7,-0.8,,,,
261.512,2,Atta_2,688.0,549.5,98.0,15.8,-3.9,874.7,276.0,95.0,294
261.512,3,Atta_3,2117.3,377.2,48.7,42.3,-0.9,2100.9,366.3,61.1,419
261.512,4,Atta_4,1966.0,625.5,22.2,9.2,0.9,1878.8,617.5,35.9,142
261.603,1,Atta_1,2031.4,942.4,271.4,8.0,0.0,,,,
261.69,1,Atta_1,2035.7,931.6,271.4,11.6,0.0,,,,
261.69,2,Atta_2,692.8,551.5,95.1,5.2,-2.9,874.7,276.0,95.0,469
261.782,1,Atta_1,2031.4,916.1,272.0,16.1,0.6,,,,
261.782,2,Atta_2,697.2,551.7,95.1,-4.4,0.0,874.7,276.0,89.6,64
261.782,3,Atta_3,2151.3,352.3,50.2,42.1,1.5,2100.9,366.3,61.2,190
261.872,1,Atta_1,2031.4,907.4,272.0,8.7,0.0,,,,
261.95,1,Atta_1,2032.5,894.4,272.5,13.0,0.5,,,,
261.95,2,Atta_2,687.2,548.4,95.1,-10.5,0.0,874.7,276.0,89.6,239
262.04,1,Atta_1,2033.1,881.0,272.5,13.4,0.0,,,,
262.04,3,Atta_3,2118.0,376.0,48.9,-40.9,-1.3,2100.9,366.3,61.2,450
262.12,1,Atta_1,2036.5,874.4,272.7,7.4,0.2,,,,
262.12,3,Atta_3,2138.8,366.9,48.9,22.7,0.0,2100.9,366.3,61.2,32
262.198,1,Atta_1,2036.9,861.4,272.7,13.0,0.0,,,,
262.198,2,Atta_2,692.6,550.7,94.9,5.9,-0.2,874.7,276.0,89.6,485
262.29,1,Atta_1,2033.7,850.4,272.9,11.5,0.2,,,,
262.29,3,Atta_3,2148.6,350.8,50.3,-18.8,1.4,2100.9,366.3,61.2,201
262.367,1,Atta_1,2033.7,837.2,273.4,13.2,0.5,,,,
262.367,2,Atta_2,687.3,548.1,94.8,-5.9,-0.1,874.7,278.5,89.3,131
262.367,4,Atta_4,1962.2,624.1,21.3,-4.0,-0.9,1878.8,617.5,35.9,486
262.431,1,Atta_1,2034.5,828.6,273.7,8.6,0.3,,,,
262.431,2,Atta_2,688.3,555.5,94.8,7.5,0.0,874.7,278.5,89.3,202
262.518,1,Atta_1,2039.8,818.8,273.7,11.1,0.0,,,,
262.518,2,Atta_2,690.7,559.7,94.1,4.8,-0.7,874.7,278.5,89.3,289
262.518,3,Atta_3,2156.3,352.9,49.1,8.0,-1.2,2100.9,366.3,61.2,429
262.518,4,Atta_4,1969.7,626.8,22.0,8.0,0.7,1878.8,617.5,35.9,142
262.603,1,Atta_1,2041.9,810.4,273.8,8.7,0.1,,,,
262.603,2,Atta_2,686.6,574.8,94.1,15.6,0.0,874.7,278.5,89.3,368
262.675,1,Atta_1,2040.9,800.8,274.2,9.7,0.4,,,,
262.675,2,Atta_2,684.9,581.9,94.7,7.3,0.6,874.7,278.5,89.3,439
262.675,3,Atta_3,2152.5,354.1,50.2,-4.0,1.1,2100.9,366.3,61.1,79
262.754,1,Atta_1,2038.5,787.0,274.2,14.0,0.0,,,,
262.754,2,Atta_2,679.4,588.8,94.8,8.8,0.1,875.8,331.6,88.5,33
262.818,1,Atta_1,2040.9,779.3,273.8,8.1,-0.4,,,,
262.818,3,Atta_3,2136.3,368.1,48.9,21.4,-1.3,2100.9,366.3,61.1,222
262.886,1,Atta_1,2039.4,770.6,273.4,8.8,-0.4,,,,
262.886,2,Atta_2,676.0,601.8,95.2,13.4,0.4,875.8,331.6,88.5,167
262.953,1,Atta_1,2042.9,763.6,272.9,7.8,-0.5,,,,
262.953,2,Atta_2,684.6,615.9,94.8,16.5,-0.4,875.8,331.6,88.5,234
262.953,3,Atta_3,2159.2,353.0,48.9,27.4,0.0,2100.9,366.3,61.1,356
263.011,1,Atta_1,2042.6,754.8,272.9,8.8,0.0,,,,
263.011,2,Atta_2,679.1,628.0,94.6,13.3,-0.2,875.8,331.6,88.5,297
263.075,1,Atta_1,2039.6,747.7,272.8,7.7,-0.1,,,,
263.075,2,Atta_2,678.0,632.2,93.7,4.3,-0.9,875.8,331.6,88.5,360
263.075,4,Atta_4,1964.9,631.5,22.8,-6.7,0.8,1878.8,617.5,36.0,198
263.148,1,Atta_1,2035.4,743.0,272.6,6.3,-0.2,,,,
263.148,4,Atta_4,1946.4,633.5,24.3,-18.6,1.5,1878.8,617.5,36.0,269
263.226,1,Atta_1,2024.3,737.7,272.5,12.3,-0.1,,,,
263.226,2,Atta_2,662.5,635.3,93.4,15.8,-0.3,877.6,389.5,87.9,10
263.226,3,Atta_3,2149.8,343.6,49.0,-13.3,0.1,2100.9,366.3,61.1,128
263.226,4,Atta_4,1936.1,628.2,24.3,-11.6,0.0,1878.8,617.5,36.0,349
263.307,1,Atta_1,2033.7,742.7,272.3,-10.6,-0.2,,,,
263.307,3,Atta_3,2159.6,348.5,49.0,11.0,0.0,2100.9,366.3,61.1,209
263.307,4,Atta_4,1965.6,626.4,22.8,29.6,-1.5,1878.8,617.5,36.0,431
263.378,1,Atta_1,2030.0,740.8,272.3,4.2,0.0,,,,
263.378,2,Atta_2,668.6,652.9,93.0,18.6,-0.4,877.6,389.5,87.9,164
263.378,3,Atta_3,2151.2,349.9,50.0,-8.5,1.0,2100.9,366.3,61.1,281
263.378,4,Atta_4,1961.9,624.5,22.8,-4.2,0.0,1878.8,617.5,36.5,4
263.461,1,Atta_1,2035.9,742.7,272.3,-6.2,0.0,,,,
263.461,4,Atta_4,1961.4,629.0,23.3,4.5,0.5,1878.8,617.5,36.5,82
263.54,1,Atta_1,2041.3,748.2,272.8,-7.7,0.5,,,,
263.54,2,Atta_2,677.1,679.3,92.9,27.7,-0.1,877.6,389.5,87.9,321
263.54,3,Atta_3,2159.7,355.6,50.2,10.2,0.2,2100.9,366.3,61.1,439
263.618,1,Atta_1,2044.8,758.6,273.3,-11.0,0.5,,,,
263.618,4,Atta_4,1966.8,632.4,23.3,6.4,0.0,1878.8,617.5,36.5,240
263.696,1,Atta_1,2035.7,761.8,274.0,-9.6,0.7,,,,
263.696,3,Atta_3,2149.8,351.9,50.5,-10.6,0.3,2100.9,366.3,61.1,95
263.696,4,Atta_4,1963.1,625.1,22.7,-8.2,-0.6,1878.8,617.5,36.5,317
263.776,1,Atta_1,2033.0,769.4,274.0,-8.1,0.0,,,,
263.852,1,Atta_1,2033.1,778.0,273.4,-8.6,-0.6,,,,
263.852,2,Atta_2,662.1,694.1,92.1,21.1,-0.8,880.0,450.5,88.2,138
263.935,1,Atta_1,2040.6,781.9,272.3,-8.5,-1.1,,,,
263.935,2,Atta_2,665.6,736.7,92.1,42.7,0.0,880.0,450.5,88.2,215
264.01,1,Atta_1,2047.9,785.7,272.3,-8.2,0.0,,,,
264.01,3,Atta_3,2142.4,369.9,45.3,19.5,-5.2,2100.9,366.3,61.1,414
264.01,4,Atta_4,1973.1,628.8,22.4,10.7,-0.3,1878.8,617.5,36.5,135
264.162,3,Atta_3,2134.2,374.3,47.7,-9.3,2.4,2100.9,366.3,61.1,42
264.229,2,Atta_2,670.9,753.3,92.1,17.4,0.0,880.9,512.1,90.3,13
264.311,1,Atta_1,2033.3,781.4,272.8,15.2,0.5,,,,
264.311,2,Atta_2,654.8,782.8,92.3,33.6,0.2,880.9,512.1,90.3,97
264.311,3,Atta_3,2125.4,369.2,48.7,-10.2,1.0,2100.9,366.3,61.1,197
264.395,1,Atta_1,2042.5,787.4,272.8,-11.0,0.0,,,,
264.395,2,Atta_2,665.6,797.7,92.4,18.4,0.1,880.9,512.1,90.3,189
264.395,3,Atta_3,2140.1,370.7,44.5,14.8,-4.2,2100.9,366.3,61.1,289
264.486,2,Atta_2,663.8,805.5,92.6,8.0,0.2,880.9,512.1,90.3,271
264.486,4,Atta_4,1969.3,627.2,22.5,-4.1,0.1,1878.8,617.5,36.6,110
264.567,2,Atta_2,656.1,809.8,93.3,8.8,0.7,880.9,512.1,90.3,353
264.651,3,Atta_3,2156.8,354.2,48.9,23.5,4.4,2100.9,366.3,61.1,52
264.716,3,Atta_3,2162.9,349.6,49.0,7.6,0.1,2100.9,366.3,61.1,127
264.8,1,Atta_1,2046.9,789.0,272.7,-4.7,-0.1,,,,
264.8,2,Atta_2,662.6,813.6,93.4,7.5,0.1,880.6,525.8,93.4,79
264.8,3,Atta_3,2166.8,352.1,49.0,4.6,0.0,2100.9,366.3,61.1,201
264.8,4,Atta_4,1975.0,629.0,22.7,6.0,0.2,1878.8,617.5,36.6,418
264.857,1,Atta_1,2052.9,792.5,272.7,-6.9,0.0,,,,
264.857,2,Atta_2,668.6,816.7,93.4,6.8,0.0,880.6,525.8,93.4,143
264.857,3,Atta_3,2167.4,359.4,49.0,7.3,0.0,2100.9,366.3,61.1,265
264.857,4,Atta_4,1981.0,632.5,22.6,6.9,-0.1,1878.8,617.5,36.6,481
264.928,3,Atta_3,2161.1,366.2,45.3,9.3,-3.7,2100.9,366.3,61.1,333
265.003,1,Atta_1,2046.3,788.4,270.9,7.8,-1.8,,,,
265.003,2,Atta_2,663.6,812.7,93.5,-6.4,0.1,880.6,525.8,93.4,287
265.003,3,Atta_3,2155.2,362.1,45.3,-7.2,0.0,2100.9,366.3,61.1,409
265.003,4,Atta_4,1974.1,628.8,22.6,-7.8,0.0,1878.8,617.5,36.7,127
265.082,1,Atta_1,2043.4,786.7,263.7,3.4,-7.2,,,,
265.082,2,Atta_2,658.8,811.1,93.4,-5.1,-0.1,880.6,525.8,93.4,366
265.082,3,Atta_3,2154.8,355.2,50.2,-6.9,4.9,2100.9,366.3,61.1,489
265.082,4,Atta_4,1969.6,626.8,22.6,-4.9,0.0,1878.8,617.5,36.7,206
265.159,1,Atta_1,2043.3,786.1,256.7,0.6,-7.0,,,,
265.235,1,Atta_1,2048.2,784.5,247.6,5.2,-9.1,,,,
265.235,3,Atta_3,2138.7,368.1,44.9,-20.6,-5.3,2100.9,366.3,61.2,127
265.309,1,Atta_1,2047.4,782.1,234.6,2.5,-13.0,,,,
265.385,1,Atta_1,2052.7,784.0,226.2,-5.6,-8.4,,,,
265.385,2,Atta_2,664.5,812.6,93.3,5.9,-0.1,859.0,558.9,95.4,168
265.385,3,Atta_3,2143.3,368.4,44.9,4.6,0.0,2100.9,366.3,61.2,280
265.462,1,Atta_1,2047.8,781.5,224.7,5.5,-1.5,,,,
265.462,2,Atta_2,660.2,809.5,92.2,-5.3,-1.1,859.0,558.9,95.4,244
265.462,3,Atta_3,2141.6,363.7,45.0,-5.0,0.1,2100.9,366.3,61.2,356
265.537,2,Atta_2,662.2,810.7,79.7,2.3,-12.5,859.0,558.9,95.4,316
265.655,1,Atta_1,2054.1,784.8,224.7,-7.1,0.0,,,,
265.655,2,Atta_2,666.6,812.9,70.9,4.9,-8.8,859.0,558.9,95.4,428
265.655,3,Atta_3,2157.3,358.1,49.4,16.7,4.4,2100.9,366.3,61.1,35
265.655,4,Atta_4,1973.5,629.0,22.6,4.5,0.0,1878.8,617.5,36.6,263
265.716,2,Atta_2,673.4,813.3,54.2,6.8,-16.7,859.0,558.9,95.4,487
265.716,3,Atta_3,2161.3,355.7,49.5,4.7,0.1,2100.9,366.3,61.1,95
265.782,2,Atta_2,663.6,816.7,42.3,-10.4,-11.9,859.0,558.9,44.4,51
265.833,1,Atta_1,2046.4,781.5,224.7,8.4,0.0,,,,
265.833,2,Atta_2,656.1,813.8,37.1,-8.0,-5.2,859.0,558.9,44.4,104
265.833,3,Atta_3,2153.8,352.0,49.4,-8.4,-0.1,2100.9,366.3,61.1,215
265.939,1,Atta_1,2051.8,781.8,224.3,-5.4,-0.4,,,,
265.939,2,Atta_2,657.2,816.2,25.5,2.6,-11.6,859.0,558.9,44.4,210
265.939,4,Atta_4,1969.1,626.7,22.6,-5.0,0.0,1878.8,617.5,36.4,37
265.993,2,Atta_2,661.2,818.9,21.1,4.8,-4.4,859.0,558.9,44.4,262
265.993,3,Atta_3,2159.1,354.4,49.4,5.8,0.0,2100.9,366.3,61.1,373
266.052,1,Atta_1,2056.3,779.7,216.0,-5.0,-8.3,,,,
266.052,2,Atta_2,669.3,821.4,12.6,8.5,-8.5,859.0,558.9,44.4,322
266.114,1,Atta_1,2063.0,778.6,205.6,-6.8,-10.4,,,,
266.114,2,Atta_2,671.3,823.7,0.9,3.0,-11.7,859.0,558.9,44.4,382
266.165,1,Atta_1,2059.0,774.1,194.5,6.0,-11.1,,,,
266.165,2,Atta_2,641.6,821.3,351.0,-29.8,-9.9,859.0,558.9,44.4,435
266.165,3,Atta_3,2153.4,353.3,49.4,-5.8,0.0,2100.9,366.3,61.1,61
266.226,1,Atta_1,2053.8,773.7,189.1,5.2,-5.4,,,,
266.226,2,Atta_2,635.1,822.8,346.0,-6.7,-5.0,859.0,558.9,44.4,495
266.285,1,Atta_1,2053.4,772.1,183.9,1.6,-5.2,,,,
266.285,2,Atta_2,635.1,824.7,336.4,-1.9,-9.6,859.0,558.9,335.6,43
266.388,1,Atta_1,2046.5,768.9,182.9,7.6,-1.0,,,,
266.388,2,Atta_2,635.4,823.5,329.4,1.2,-7.0,859.0,558.9,335.6,161
266.388,3,Atta_3,2148.8,349.0,49.3,-6.3,-0.1,2100.9,366.3,61.1,299
266.476,1,Atta_1,2049.7,771.3,182.0,-4.0,-0.9,,,,
266.476,2,Atta_2,642.4,827.8,318.9,8.2,-10.5,859.0,558.9,335.6,232
266.476,3,Atta_3,2154.3,351.4,49.3,6.0,0.0,2100.9,366.3,61.1,370
266.529,2,Atta_2,647.7,829.2,312.2,5.5,-6.7,859.0,558.9,335.6,283
266.645,2,Atta_2,776.6,833.3,312.5,129.0,0.3,859.0,558.9,335.6,398
266.988,2,Atta_2,772.6,829.8,312.4,-5.3,-0.1,859.0,558.9,312.8,270
267.068,1,Atta_1,2045.4,769.4,181.6,4.7,-0.4,,,,
267.068,3,Atta_3,2150.6,349.4,49.4,-4.2,0.1,2100.9,366.3,61.1,476
267.068,4,Atta_4,1963.0,623.6,22.6,-6.8,0.0,1878.8,617.5,36.2,144
267.218,2,Atta_2,759.1,829.5,310.8,-13.5,-1.6,859.0,558.9,313.8,1
267.283,2,Atta_2,649.9,828.8,307.5,-109.2,-3.3,859.0,558.9,313.8,60
267.351,2,Atta_2,759.5,830.4,310.8,109.6,3.3,859.0,558.9,313.8,127
267.351,3,Atta_3,2148.2,353.1,49.3,4.4,-0.1,2100.9,366.3,61.1,249
267.552,2,Atta_2,650.4,828.6,307.3,-109.1,-3.5,859.0,558.9,313.8,327
267.552,3,Atta_3,2153.5,349.4,49.4,6.5,0.1,2100.9,366.3,61.1,449
267.676,2,Atta_2,768.1,830.7,311.5,117.7,4.2,859.0,558.9,313.8,454
267.75,1,Atta_1,2050.4,772.2,181.6,-5.7,0.0,,,,
267.75,2,Atta_2,771.6,832.6,311.7,4.0,0.2,859.0,558.9,314.0,30
267.82,1,Atta_1,2046.3,770.3,181.6,4.5,0.0,,,,
267.82,2,Atta_2,767.5,830.6,311.5,-4.6,-0.2,859.0,558.9,314.0,89
267.875,1,Atta_1,2042.6,768.4,181.6,4.2,0.0,,,,
267.875,2,Atta_2,764.2,828.4,310.7,-4.0,-0.8,859.0,558.9,314.0,146
267.875,3,Atta_3,2147.2,348.9,49.4,-6.3,0.0,2100.9,366.3,61.1,269
267.983,1,Atta_1,2045.8,770.8,181.4,-4.0,-0.2,,,,
267.983,3,Atta_3,2151.3,351.0,49.4,4.6,0.0,2100.9,366.3,61.1,374
268.11,2,Atta_2,769.6,832.4,308.6,6.7,-2.1,859.0,558.9,314.0,376
268.178,1,Atta_1,2048.0,770.6,177.4,-2.2,-4.0,,,,
268.178,3,Atta_3,2127.8,369.6,47.8,-30.0,-1.6,2100.9,366.3,61.1,57
268.31,3,Atta_3,2151.6,352.0,49.3,29.6,1.5,2100.9,366.3,61.1,189
268.373,1,Atta_1,2052.2,773.5,177.3,-5.1,-0.1,,,,
268.373,2,Atta_2,653.6,834.4,301.1,-116.0,-7.5,859.0,558.9,310.0,140
268.373,3,Atta_3,2157.1,354.2,49.4,5.9,0.1,2100.9,366.3,61.1,252
268.373,4,Atta_4,1969.8,628.1,22.6,8.2,0.0,1878.8,617.5,36.1,480
268.574,2,Atta_2,768.3,835.0,306.0,114.7,4.9,859.0,558.9,310.0,340
268.678,2,Atta_2,649.9,834.7,301.3,-118.4,-4.7,859.0,558.9,310.0,455
268.748,2,Atta_2,768.4,835.0,306.0,118.5,4.7,859.0,558.9,310.6,18
268.805,1,Atta_1,2037.3,770.1,177.4,15.3,0.1,,,,
268.805,2,Atta_2,633.1,831.6,300.3,-135.3,-5.7,859.0,558.9,310.6,74
268.805,3,Atta_3,2153.1,350.3,49.3,-5.6,-0.1,2100.9,366.3,61.1,196
268.909,1,Atta_1,2024.2,769.5,176.7,13.1,-0.7,,,,
268.909,2,Atta_2,766.1,831.5,306.2,133.0,5.9,859.0,558.9,310.6,190
268.988,1,Atta_1,2012.3,771.8,176.3,12.1,-0.4,,,,
268.988,2,Atta_2,647.1,831.6,300.9,-119.0,-5.3,859.0,558.9,310.6,268
269.06,1,Atta_1,2007.4,773.5,176.2,5.2,-0.1,,,,
269.06,2,Atta_2,656.8,832.6,301.6,9.8,0.7,859.0,558.9,310.6,341
269.135,1,Atta_1,2001.0,773.6,176.3,6.4,0.1,,,,
269.135,2,Atta_2,649.6,831.0,300.9,-7.4,-0.7,859.0,558.9,310.6,406
269.188,1,Atta_1,1987.8,771.5,176.6,13.4,0.3,,,,
269.188,2,Atta_2,652.1,825.0,301.4,6.5,0.5,859.0,558.9,310.6,460
269.29,1,Atta_1,1976.9,772.7,176.6,11.0,0.0,,,,
269.29,2,Atta_2,660.3,818.5,300.4,10.5,-1.0,873.0,542.6,310.6,70
269.351,1,Atta_1,1965.0,774.0,176.2,12.0,-0.4,,,,
269.351,2,Atta_2,661.4,811.3,300.4,7.3,0.0,873.0,542.6,310.6,121
269.351,4,Atta_4,1963.6,624.1,22.7,-7.4,0.1,1878.8,617.5,36.0,460
269.406,1,Atta_1,1963.1,778.5,176.1,4.9,-0.1,,,,
269.406,2,Atta_2,671.0,810.1,300.4,9.7,0.0,873.0,542.6,310.6,188
269.406,3,Atta_3,2158.9,353.4,49.4,6.6,0.1,2100.9,366.3,61.0,310
269.406,4,Atta_4,1970.6,628.1,22.7,8.1,0.0,1878.8,617.5,36.3,26
269.485,1,Atta_1,1948.3,774.8,175.8,15.3,-0.3,,,,
269.485,2,Atta_2,669.5,799.1,300.6,11.1,0.2,873.0,542.6,310.6,266
269.485,3,Atta_3,2151.2,349.9,49.5,-8.5,0.1,2100.9,366.3,61.0,388
269.485,4,Atta_4,1963.2,624.0,22.7,-8.5,0.0,1878.8,617.5,36.3,104
269.559,1,Atta_1,1938.7,775.7,175.5,9.6,-0.3,,,,
269.559,2,Atta_2,673.1,792.5,300.6,7.5,0.0,873.0,542.6,310.6,342
269.635,1,Atta_1,1932.0,776.2,175.0,6.7,-0.5,,,,
269.635,2,Atta_2,678.5,786.5,300.6,8.1,0.0,873.0,542.6,310.6,416
269.635,4,Atta_4,1943.1,633.0,23.2,-22.0,0.5,1878.8,617.5,36.3,254
269.707,1,Atta_1,1923.8,776.5,175.0,8.2,0.0,,,,
269.707,2,Atta_2,688.5,785.8,300.4,10.0,-0.2,873.0,542.6,310.6,495
269.79,1,Atta_1,1919.6,776.4,175.2,4.2,0.2,,,,
269.79,2,Atta_2,804.0,770.9,307.0,116.5,6.6,910.2,499.3,310.3,52
269.871,1,Atta_1,1914.5,776.0,175.2,5.1,0.0,,,,
269.871,2,Atta_2,701.4,770.5,300.4,-102.6,-6.6,910.2,499.3,310.3,133
269.944,2,Atta_2,704.1,754.0,299.6,16.7,-0.8,910.2,499.3,310.3,206
270.017,2,Atta_2,698.8,745.0,299.6,10.4,0.0,910.2,499.3,310.3,288
270.104,2,Atta_2,698.8,734.0,299.6,11.0,0.0,910.2,499.3,310.3,367
270.18,2,Atta_2,712.7,726.4,299.7,15.8,0.1,910.2,499.3,310.3,444
270.256,2,Atta_2,714.7,716.0,299.7,10.6,0.0,948.0,453.5,308.7,39
270.333,2,Atta_2,728.0,712.8,299.2,13.7,-0.5,948.0,453.5,308.7,117
270.408,1,Atta_1,1920.4,778.2,175.2,-6.3,0.0,,,,
270.408,2,Atta_2,730.1,706.8,299.0,6.4,-0.2,948.0,453.5,308.7,189
270.481,2,Atta_2,721.6,697.4,298.8,12.7,-0.2,948.0,453.5,308.7,260
270.545,2,Atta_2,721.6,684.8,298.8,12.6,0.0,948.0,453.5,308.7,322
270.545,3,Atta_3,2155.1,351.7,49.4,4.3,-0.1,2100.9,366.3,61.0,444
270.545,4,Atta_4,1966.3,626.0,22.5,24.2,-0.7,1878.8,617.5,36.6,152
270.607,2,Atta_2,749.2,682.2,299.8,27.7,1.0,948.0,453.5,308.7,387
270.607,3,Atta_3,2158.5,353.8,49.4,4.0,0.0,2100.9,366.3,61.0,7
270.607,4,Atta_4,1969.7,628.1,22.5,4.0,0.0,1878.8,617.5,36.6,217
270.674,1,Atta_1,1924.5,781.2,175.2,-5.1,0.0,,,,
270.674,2,Atta_2,758.2,675.2,299.9,11.4,0.1,948.0,453.5,308.7,454
270.674,4,Atta_4,1966.7,631.1,22.5,-4.2,0.0,1878.8,617.5,36.6,284
270.743,2,Atta_2,760.4,667.8,299.9,7.7,0.0,986.7,405.0,308.5,20
270.806,2,Atta_2,765.2,659.0,299.9,10.0,0.0,986.7,405.0,308.5,84
270.872,2,Atta_2,766.6,649.6,300.1,9.5,0.2,986.7,405.0,308.5,150
270.872,3,Atta_3,2153.8,354.5,49.4,-4.8,0.0,2100.9,366.3,61.0,270
270.872,4,Atta_4,1968.4,626.4,22.5,-5.0,0.0,1878.8,617.5,36.6,480
270.937,2,Atta_2,771.5,644.8,300.1,6.9,0.0,986.7,405.0,308.5,217
270.937,3,Atta_3,2161.1,355.7,49.4,7.4,0.0,2100.9,366.3,61.0,336
270.937,4,Atta_4,1973.2,629.6,22.5,5.8,0.0,1878.8,617.5,36.8,51
271.008,1,Atta_1,1919.3,779.2,175.2,5.6,0.0,,,,
271.008,2,Atta_2,771.2,634.7,299.9,10.1,-0.2,986.7,405.0,308.5,285
271.008,3,Atta_3,2156.3,352.5,49.4,-5.8,0.0,2100.9,366.3,61.0,405
271.073,1,Atta_1,1913.7,779.0,174.5,5.6,-0.7,,,,
271.073,2,Atta_2,776.9,627.2,299.7,9.4,-0.2,986.7,405.0,308.5,350
271.073,4,Atta_4,1967.8,625.8,22.5,-6.6,0.0,1878.8,617.5,36.8,184
271.136,1,Atta_1,1903.7,779.6,174.3,10.0,-0.2,,,,
271.136,2,Atta_2,782.0,620.1,299.6,8.7,-0.1,986.7,405.0,308.5,414
271.198,1,Atta_1,1896.5,779.8,173.8,7.2,-0.5,,,,
271.198,2,Atta_2,783.9,614.7,299.7,5.7,0.1,986.7,405.0,308.5,476
271.254,2,Atta_2,786.5,611.4,300.0,4.2,0.3,1016.9,365.9,306.5,32
271.321,1,Atta_1,1885.5,779.9,173.4,11.0,-0.4,,,,
271.321,2,Atta_2,782.4,604.8,300.0,7.8,0.0,1016.9,365.9,306.5,106
271.468,1,Atta_1,1870.6,778.8,173.0,14.9,-0.4,,,,
271.468,2,Atta_2,774.5,601.8,300.3,-8.5,0.3,1016.9,365.9,306.5,297
271.468,3,Atta_3,2150.7,348.3,49.6,-7.0,0.2,2100.9,366.3,61.0,420
271.468,4,Atta_4,1960.6,623.5,22.5,-7.6,0.0,1878.8,617.5,36.8,94
271.597,4,Atta_4,1947.6,628.9,23.3,-14.1,0.8,1878.8,617.5,36.8,176
271.667,1,Atta_1,1878.3,784.2,172.6,-9.4,-0.4,,,,
271.667,2,Atta_2,784.7,606.5,300.3,11.2,0.0,1016.9,365.9,306.5,453
271.667,3,Atta_3,2158.1,355.9,50.4,10.6,0.8,2100.9,366.3,61.0,78
271.667,4,Atta_4,1968.6,630.5,22.5,21.1,-0.8,1878.8,617.5,36.8,250
271.816,1,Atta_1,1871.5,781.4,172.6,7.4,0.0,,,,
271.816,2,Atta_2,778.0,603.4,300.3,-7.4,0.0,1017.2,365.5,305.2,84
271.816,3,Atta_3,2117.7,377.7,48.9,-45.9,-1.5,2100.9,366.3,61.0,209
271.816,4,Atta_4,1961.9,627.6,21.5,-7.3,-1.0,1878.8,617.5,36.8,381
272.001,3,Atta_3,2126.2,369.3,48.9,-12.0,0.0,2100.9,366.3,61.0,408
272.072,2,Atta_2,784.4,605.9,299.7,6.9,-0.6,1017.2,365.5,305.2,357
272.072,3,Atta_3,2155.4,353.2,49.6,33.3,0.7,2100.9,366.3,61.0,482
272.158,3,Atta_3,2150.9,351.2,49.6,-4.9,0.0,2100.9,366.3,61.1,60
272.318,2,Atta_2,786.0,606.2,293.3,1.6,-6.4,992.9,388.8,285.8,93
272.318,3,Atta_3,2148.2,354.2,49.8,4.0,0.2,2100.9,366.3,61.1,212
272.387,2,Atta_2,786.0,606.1,282.1,0.1,-11.2,992.9,388.8,285.8,163
272.456,2,Atta_2,776.2,604.0,273.4,-10.0,-8.7,992.9,388.8,285.8,236
272.53,1,Atta_1,1873.9,781.7,176.9,-2.4,4.3,,,,
272.53,3,Atta_3,2152.6,352.6,49.6,4.7,-0.2,2100.9,366.3,61.1,424
272.599,1,Atta_1,1876.5,786.0,185.4,-5.0,8.5,,,,
272.599,2,Atta_2,789.1,608.7,263.2,-13.7,-10.2,992.9,388.8,285.8,369
272.599,4,Atta_4,1969.3,627.6,22.5,7.4,1.0,1878.8,617.5,36.8,210
272.664,1,Atta_1,1878.9,790.0,198.6,-4.7,13.2,,,,
272.664,2,Atta_2,801.8,609.9,239.9,-12.8,-23.3,992.9,388.8,285.8,433
272.664,3,Atta_3,2158.0,356.1,49.6,6.4,0.0,2100.9,366.3,61.1,47
272.73,1,Atta_1,1878.8,791.7,207.9,-1.7,9.3,,,,
272.73,2,Atta_2,805.6,611.8,232.1,-4.2,-7.8,992.9,388.8,285.8,495
272.799,1,Atta_1,1878.8,793.7,216.5,-2.0,8.6,,,,
272.799,2,Atta_2,816.9,612.1,224.0,-11.3,-8.1,992.9,388.8,226.9,44
272.862,1,Atta_1,1874.9,795.5,226.0,4.3,9.5,,,,
272.862,2,Atta_2,820.9,614.0,219.0,-4.4,-5.0,992.9,388.8,226.9,109
272.912,1,Atta_1,1872.3,797.3,235.7,3.2,9.7,,,,
272.963,1,Atta_1,1871.8,798.3,240.3,-1.1,4.6,,,,
273.03,1,Atta_1,1871.6,798.8,249.8,-0.5,9.5,,,,
273.03,2,Atta_2,887.8,632.5,216.0,-69.4,-3.0,992.9,388.8,226.9,281
273.03,4,Atta_4,1952.9,636.4,23.6,-18.6,1.1,1878.8,617.5,36.8,141
273.096,1,Atta_1,1868.4,799.8,258.2,3.4,8.4,,,,
273.163,4,Atta_4,1970.0,629.2,22.6,18.6,-1.0,1878.8,617.5,36.8,268
273.229,1,Atta_1,1869.4,801.8,262.7,-2.2,4.5,,,,
273.229,3,Atta_3,2141.6,374.4,48.7,24.6,-0.9,2100.9,366.3,61.1,116
273.401,2,Atta_2,821.1,613.4,217.5,69.4,1.5,992.9,388.8,222.3,165
273.401,3,Atta_3,2161.1,355.1,49.6,-27.4,0.9,2100.9,366.3,61.1,296
273.462,1,Atta_1,1858.4,795.5,265.6,12.7,2.9,,,,
273.462,2,Atta_2,811.8,607.9,217.5,10.8,0.0,992.9,388.8,222.3,217
273.462,3,Atta_3,2151.8,349.4,49.6,-10.9,0.0,2100.9,366.3,61.1,348
273.462,4,Atta_4,1965.5,622.9,22.7,-7.7,0.1,1878.8,617.5,36.8,65
273.697,2,Atta_2,815.9,609.8,217.1,-4.5,-0.4,992.9,388.8,222.3,456
273.761,2,Atta_2,882.4,628.4,214.5,-69.1,-2.6,992.9,388.8,221.7,26
273.826,3,Atta_3,2148.4,352.2,49.6,-4.4,0.0,2100.9,366.3,61.1,215
273.895,2,Atta_2,809.7,607.5,217.5,75.6,3.0,992.9,388.8,221.7,163
273.895,3,Atta_3,2133.8,365.6,48.8,19.8,-0.8,2100.9,366.3,61.1,287
273.962,3,Atta_3,2151.8,353.9,49.6,21.5,0.8,2100.9,366.3,61.1,353
274.026,1,Atta_1,1860.1,790.3,265.1,5.5,-0.5,,,,
274.089,1,Atta_1,1859.0,781.6,265.0,8.8,-0.1,,,,
274.089,2,Atta_2,806.7,601.5,217.2,6.7,-0.3,992.9,388.8,221.7,359
274.143,1,Atta_1,1859.0,773.2,264.4,8.4,-0.6,,,,
274.143,2,Atta_2,795.1,594.9,217.2,13.3,0.0,992.9,388.8,221.7,409
274.143,3,Atta_3,2118.7,377.0,49.0,-40.4,-0.6,2100.9,366.3,61.1,34
274.258,1,Atta_1,1862.5,763.5,264.4,10.3,0.0,,,,
274.258,2,Atta_2,790.4,589.7,217.0,7.0,-0.2,961.0,361.7,219.4,26
274.258,3,Atta_3,2156.6,354.5,49.6,44.1,0.6,2100.9,366.3,61.1,151
274.258,4,Atta_4,1972.2,626.6,22.8,7.7,0.1,1878.8,617.5,36.7,367
274.318,1,Atta_1,1862.1,756.7,264.5,6.8,0.1,,,,
274.318,2,Atta_2,786.8,585.6,217.0,5.5,0.0,961.0,361.7,219.4,85
274.318,4,Atta_4,1952.6,636.0,23.7,-21.7,0.9,1878.8,617.5,36.7,426
274.369,1,Atta_1,1862.1,752.7,265.4,4.0,0.9,,,,
274.425,1,Atta_1,1862.2,743.3,265.8,9.4,0.4,,,,
274.425,2,Atta_2,780.4,579.1,216.5,9.1,-0.5,961.0,361.7,219.4,194
274.425,4,Atta_4,1948.9,637.6,23.7,-4.0,0.0,1878.8,617.5,36.7,31
274.492,1,Atta_1,1858.9,733.6,265.8,10.2,0.0,,,,
274.492,2,Atta_2,769.4,570.9,216.1,13.7,-0.4,961.0,361.7,219.4,268
274.563,1,Atta_1,1861.1,729.5,265.8,4.7,0.0,,,,
274.563,2,Atta_2,763.3,566.9,216.1,7.3,0.0,961.0,361.7,219.4,342
274.635,1,Atta_1,1856.9,722.7,265.8,8.0,0.0,,,,
274.635,2,Atta_2,757.5,564.1,216.0,6.4,-0.1,961.0,361.7,219.4,415
274.709,1,Atta_1,1853.5,710.5,265.8,12.7,0.0,,,,
274.709,2,Atta_2,747.0,553.6,216.1,14.8,0.1,961.0,361.7,219.4,486
274.709,3,Atta_3,2151.4,352.6,49.6,-5.5,0.0,2100.9,366.3,61.1,110
274.709,4,Atta_4,1943.5,634.1,23.6,-6.4,-0.1,1878.8,617.5,36.7,324
274.77,1,Atta_1,1852.3,698.6,266.6,12.0,0.8,,,,
274.77,4,Atta_4,1962.0,629.2,21.6,19.1,-2.0,1878.8,617.5,36.7,393
274.852,1,Atta_1,1857.6,694.1,265.6,7.0,-1.0,,,,
274.852,2,Atta_2,742.8,547.7,216.4,7.2,0.3,917.3,327.1,217.8,122
274.852,3,Atta_3,2157.2,355.6,49.7,6.5,0.1,2100.9,366.3,61.1,251
274.915,1,Atta_1,1854.9,688.2,266.6,6.5,1.0,,,,
274.915,2,Atta_2,734.6,542.5,216.4,9.7,0.0,917.3,327.1,217.8,186
274.915,4,Atta_4,1967.4,632.3,21.6,6.2,0.0,1878.8,617.5,39.7,31
274.98,1,Atta_1,1854.0,683.4,266.6,4.9,0.0,,,,
274.98,2,Atta_2,727.3,536.1,216.4,9.7,0.0,917.3,327.1,217.8,255
274.98,4,Atta_4,1971.0,630.0,22.0,4.3,0.4,1878.8,617.5,39.7,100
275.045,1,Atta_1,1848.1,667.9,267.4,16.6,0.8,,,,
275.045,2,Atta_2,717.8,529.9,216.4,11.3,0.0,917.3,327.1,217.8,318
275.045,3,Atta_3,2149.8,353.7,49.0,-7.6,-0.7,2100.9,366.3,61.1,448
275.045,4,Atta_4,1967.6,627.6,22.1,-4.2,0.1,1878.8,617.5,39.7,163
275.109,1,Atta_1,1847.5,664.8,272.3,3.2,4.9,,,,
275.109,2,Atta_2,707.5,523.0,216.8,12.4,0.4,917.3,327.1,217.8,382
275.181,2,Atta_2,702.3,518.6,216.4,6.8,-0.4,917.3,327.1,217.8,451
275.181,3,Atta_3,2142.5,359.9,45.0,-9.6,-4.0,2100.9,366.3,61.0,82
275.181,4,Atta_4,1968.0,627.9,26.8,0.5,4.7,1878.8,617.5,39.7,296
275.256,1,Atta_1,1846.2,660.7,275.9,4.3,3.6,,,,
275.256,2,Atta_2,694.3,512.5,216.6,10.1,0.2,869.1,290.3,216.5,33
275.256,3,Atta_3,2148.8,353.7,49.7,8.8,4.7,2100.9,366.3,61.0,157
275.329,1,Atta_1,1841.4,648.1,282.2,13.5,6.3,,,,
275.329,2,Atta_2,683.0,504.3,216.5,14.0,-0.1,869.1,290.3,216.5,106
275.329,3,Atta_3,2147.1,348.3,49.5,-5.7,-0.2,2100.9,366.3,61.0,231
275.405,1,Atta_1,1853.2,646.6,287.2,11.9,5.0,,,,
275.405,2,Atta_2,690.6,504.4,216.6,-7.6,0.1,869.1,290.3,216.5,183
275.405,3,Atta_3,2158.7,354.3,49.5,13.1,0.0,2100.9,366.3,61.0,308
275.405,4,Atta_4,1978.8,634.3,29.9,12.6,3.1,1878.8,617.5,48.8,22
275.482,1,Atta_1,1853.8,640.5,290.1,6.1,2.9,,,,
275.482,2,Atta_2,671.7,494.5,216.5,21.3,-0.1,869.1,290.3,216.5,267
275.568,2,Atta_2,667.7,490.6,216.5,5.6,0.0,869.1,290.3,216.5,354
275.568,4,Atta_4,1983.7,633.9,33.5,4.9,3.6,1878.8,617.5,48.8,192
275.662,1,Atta_1,1854.5,633.5,295.1,7.0,5.0,,,,
275.746,1,Atta_1,1853.5,623.6,300.6,10.0,5.5,,,,
275.746,2,Atta_2,651.3,477.5,215.4,21.0,-1.1,819.8,255.0,214.6,21
275.746,3,Atta_3,2151.9,353.4,50.3,-6.9,0.8,2100.9,366.3,61.1,150
275.829,1,Atta_1,1853.8,612.0,306.4,11.6,5.8,,,,
275.829,2,Atta_2,638.9,465.9,215.4,17.0,0.0,819.8,255.0,214.6,107
275.829,3,Atta_3,2148.2,350.9,50.2,-4.5,-0.1,2100.9,366.3,61.1,237
275.829,4,Atta_4,1979.5,632.3,38.9,-4.5,5.4,1878.8,617.5,48.8,456
275.917,1,Atta_1,1855.4,607.6,309.4,4.7,3.0,,,,
276.005,1,Atta_1,1861.3,599.8,313.3,9.8,3.9,,,,
276.005,2,Atta_2,617.8,452.3,216.1,25.1,0.7,819.8,255.0,214.6,282
276.005,3,Atta_3,2137.5,361.6,47.8,15.1,-2.4,2100.9,366.3,61.1,411
276.005,4,Atta_4,1983.6,635.9,42.1,5.5,3.2,1878.8,617.5,57.9,129
276.091,1,Atta_1,1870.1,593.6,314.2,10.8,0.9,,,,
276.091,2,Atta_2,613.3,446.5,216.1,7.3,0.0,819.8,255.0,214.6,368
276.178,1,Atta_1,1883.5,586.2,315.6,15.3,1.4,,,,
276.178,3,Atta_3,2155.0,354.1,49.5,19.0,1.7,2100.9,366.3,61.1,89
276.178,4,Atta_4,1987.4,640.1,43.9,5.7,1.8,1878.8,617.5,57.9,302
276.256,1,Atta_1,1894.9,576.5,315.8,15.0,0.2,,,,
276.35,1,Atta_1,1902.6,569.1,315.8,10.7,0.0,,,,
276.456,1,Atta_1,1908.8,562.6,315.9,9.0,0.1,,,,
276.456,3,Atta_3,2126.3,377.5,49.0,-37.0,-0.5,2100.9,366.3,61.1,359
276.53,1,Atta_1,1920.5,551.5,318.0,16.1,2.1,,,,
276.53,2,Atta_2,618.7,449.4,215.8,-6.1,-0.3,794.2,237.4,215.1,304
276.53,3,Atta_3,2157.2,354.4,49.4,38.6,0.4,2100.9,366.3,61.1,432
276.604,1,Atta_1,1925.1,547.3,318.0,6.2,0.0,,,,
276.68,1,Atta_1,1928.2,541.9,317.3,6.2,-0.7,,,,
276.745,1,Atta_1,1930.1,538.2,313.5,4.2,-3.8,,,,
276.745,2,Atta_2,613.8,446.4,215.7,5.7,-0.1,794.2,237.4,214.5,11
276.745,3,Atta_3,2151.4,352.9,49.5,-6.0,0.1,2100.9,366.3,61.1,111
276.902,1,Atta_1,1932.5,536.5,309.0,2.9,-4.5,,,,
276.973,1,Atta_1,1939.9,528.6,306.6,10.8,-2.4,,,,
276.973,3,Atta_3,2154.7,350.6,49.4,4.0,-0.1,2100.9,366.3,61.1,338
277.046,1,Atta_1,1948.0,519.4,300.0,12.3,-6.6,,,,
277.046,4,Atta_4,1989.3,640.1,48.8,1.9,4.9,1878.8,617.5,63.5,162
277.123,1,Atta_1,1951.4,516.5,295.2,4.5,-4.8,,,,
277.123,2,Atta_2,609.6,443.2,216.0,5.3,0.3,794.2,237.4,214.5,396
277.123,4,Atta_4,1976.6,645.7,52.1,-13.9,3.3,1878.8,617.5,63.5,248
277.206,1,Atta_1,1955.0,518.4,290.0,-4.1,-5.2,,,,
277.206,2,Atta_2,617.3,447.3,216.0,-8.7,0.0,794.2,237.4,214.5,471
277.206,3,Atta_3,2157.4,354.3,49.6,4.6,0.2,2100.9,366.3,61.1,108
277.206,4,Atta_4,1980.2,648.5,52.1,4.6,0.0,1878.8,617.5,63.5,323
277.28,1,Atta_1,1955.0,518.4,279.5,0.0,-10.5,,,,
277.28,2,Atta_2,623.0,450.4,216.3,-6.5,0.3,775.2,259.7,215.1,52
277.28,4,Atta_4,1993.8,644.4,49.5,14.2,-2.6,1878.8,617.5,63.5,397
277.351,1,Atta_1,1953.6,519.1,273.7,-1.6,-5.8,,,,
277.485,2,Atta_2,611.6,448.8,230.3,11.5,14.0,775.2,259.7,215.1,260
277.558,2,Atta_2,607.5,448.2,237.0,4.1,6.7,775.2,259.7,215.1,331
277.631,2,Atta_2,596.3,445.5,245.6,11.5,8.6,775.2,259.7,215.1,405
277.705,2,Atta_2,596.3,445.5,253.5,0.0,7.9,775.2,259.7,215.1,478
277.705,4,Atta_4,1974.2,650.1,51.5,-20.4,2.0,1878.8,617.5,64.4,322
277.777,2,Atta_2,595.1,446.4,264.4,-1.5,10.9,775.2,259.7,274.4,52
277.777,3,Atta_3,2122.1,380.7,48.6,-44.1,-1.0,2100.9,366.3,61.2,176
277.853,1,Atta_1,1947.6,517.4,272.5,6.2,-1.2,,,,
277.853,2,Atta_2,585.8,444.2,275.6,9.6,11.2,775.2,259.7,274.4,129
277.853,3,Atta_3,2117.8,378.2,48.6,-5.0,0.0,2100.9,366.3,61.2,254
277.853,4,Atta_4,1969.6,648.6,51.5,-4.8,0.0,1878.8,617.5,64.4,473
277.928,2,Atta_2,585.2,444.0,283.3,0.6,7.7,775.2,259.7,274.4,201
277.928,3,Atta_3,2153.0,351.6,48.9,44.1,0.3,2100.9,366.3,61.2,326
277.991,2,Atta_2,588.4,444.0,295.1,3.2,11.8,775.2,259.7,274.4,265
277.991,4,Atta_4,1987.7,642.5,49.1,19.1,-2.4,1878.8,617.5,64.1,108
278.055,1,Atta_1,1953.0,520.4,272.3,-6.2,-0.2,,,,
278.055,2,Atta_2,594.5,446.4,298.7,6.6,3.6,775.2,259.7,274.4,331
278.055,3,Atta_3,2158.1,355.1,50.4,6.2,1.5,2100.9,366.3,61.2,455
278.055,4,Atta_4,1993.8,645.2,49.1,6.7,0.0,1878.8,617.5,64.1,174
278.199,1,Atta_1,1955.0,510.5,272.8,10.1,0.5,,,,
278.271,1,Atta_1,1949.4,501.6,272.8,10.5,0.0,,,,
278.271,2,Atta_2,585.8,442.3,299.9,-9.6,1.2,775.2,259.7,292.1,50
278.271,3,Atta_3,2148.3,350.7,50.3,-10.7,-0.1,2100.9,366.3,61.2,175
278.271,4,Atta_4,1987.6,639.8,49.0,-8.2,-0.1,1878.8,617.5,64.1,389
278.337,1,Atta_1,1949.9,492.3,272.8,9.3,0.0,,,,
278.409,1,Atta_1,1949.9,485.1,272.6,7.2,-0.2,,,,
278.472,1,Atta_1,1954.4,479.4,272.6,7.3,0.0,,,,
278.472,2,Atta_2,593.2,444.8,300.0,7.8,0.1,775.2,259.7,292.1,250
278.472,3,Atta_3,2155.0,350.8,50.4,6.7,0.1,2100.9,366.3,61.2,375
278.545,1,Atta_1,1956.3,470.1,272.7,9.5,0.1,,,,
278.545,4,Atta_4,1991.9,641.6,49.1,4.7,0.1,1878.8,617.5,63.9,162
278.616,1,Atta_1,1958.0,465.3,272.7,5.1,0.0,,,,
278.678,1,Atta_1,1964.1,456.4,272.7,10.8,0.0,,,,
278.678,2,Atta_2,597.8,449.3,300.8,-6.4,0.8,775.2,259.7,292.1,446
278.678,3,Atta_3,2159.5,355.5,50.4,6.5,0.0,2100.9,366.3,61.2,71
278.733,1,Atta_1,1964.1,444.5,272.6,11.9,-0.1,,,,
278.733,4,Atta_4,1997.3,645.0,49.1,6.4,0.0,1878.8,617.5,63.9,340
278.816,1,Atta_1,1958.7,441.5,273.1,6.2,0.5,,,,
278.816,2,Atta_2,588.4,444.8,301.2,-10.4,0.4,775.2,259.7,293.1,84
278.816,3,Atta_3,2153.8,353.6,50.1,-6.0,-0.3,2100.9,366.3,61.2,209
278.816,4,Atta_4,1992.2,642.4,49.0,-5.7,-0.1,1878.8,617.5,63.9,424
278.878,1,Atta_1,1958.7,427.0,273.5,14.5,0.4,,,,
278.878,4,Atta_4,1977.9,646.7,50.1,-14.9,1.1,1878.8,617.5,63.9,487
278.948,1,Atta_1,1958.7,417.2,273.5,9.8,0.0,,,,
279.009,1,Atta_1,1953.2,408.3,273.9,10.5,0.4,,,,
279.009,2,Atta_2,582.1,440.8,301.6,7.5,0.4,775.2,259.7,293.1,275
279.009,3,Atta_3,2149.8,349.5,50.3,-5.7,0.2,2100.9,366.3,61.2,400
279.061,1,Atta_1,1953.2,400.1,274.0,8.2,0.1,,,,
279.061,3,Atta_3,2114.7,375.6,48.8,-43.7,-1.5,2100.9,366.3,61.2,452
279.115,1,Atta_1,1958.1,395.0,274.7,7.1,0.7,,,,
279.115,2,Atta_2,590.3,445.3,301.6,9.4,0.0,775.2,259.7,293.1,384
279.178,1,Atta_1,1958.1,388.1,274.7,6.9,0.0,,,,
279.178,3,Atta_3,2132.3,370.7,48.4,18.3,-0.4,2100.9,366.3,61.2,68
279.242,1,Atta_1,1954.2,378.2,274.6,10.6,-0.1,,,,
279.242,2,Atta_2,584.9,442.5,301.4,-6.1,-0.2,775.2,259.7,292.5,8
279.242,3,Atta_3,2149.4,349.4,50.1,-27.3,1.7,2100.9,366.3,61.2,132
279.242,4,Atta_4,1972.2,644.1,50.1,-6.3,0.0,1878.8,617.5,63.7,344
279.309,1,Atta_1,1954.8,368.2,274.6,10.0,0.0,,,,
279.41,1,Atta_1,1956.7,357.4,274.9,11.0,0.3,,,,
279.46,1,Atta_1,1957.4,345.9,274.9,11.5,0.0,,,,
279.595,4,Atta_4,1968.3,645.8,50.7,-4.3,0.6,1878.8,617.5,63.6,215
279.66,1,Atta_1,1963.8,330.4,275.3,16.8,0.4,,,,
279.66,2,Atta_2,592.5,446.3,301.4,8.5,0.0,775.2,259.7,292.5,426
279.66,3,Atta_3,2155.6,353.4,50.4,7.4,0.3,2100.9,366.3,61.2,37
279.762,1,Atta_1,1965.6,322.6,275.3,8.0,0.0,,,,
279.762,4,Atta_4,1977.4,648.1,51.6,9.4,0.9,1878.8,617.5,63.6,378
279.817,1,Atta_1,1965.9,309.2,275.2,13.4,-0.1,,,,
279.876,1,Atta_1,1965.8,300.7,275.2,8.5,0.0,,,,
279.943,1,Atta_1,1966.0,291.8,275.2,8.9,0.0,,,,
279.996,1,Atta_1,1969.0,280.0,275.6,12.2,0.4,,,,
280.053,1,Atta_1,1962.4,272.5,275.6,10.0,0.0,,,,
280.053,2,Atta_2,584.0,443.3,306.2,-9.0,4.8,775.2,259.7,292.8,323
280.053,3,Atta_3,2147.5,349.7,49.7,-8.9,-0.7,2100.9,366.3,61.2,435
280.11,1,Atta_1,1961.0,263.2,275.6,9.4,0.0,,,,
280.11,2,Atta_2,581.4,440.2,307.2,4.0,1.0,775.2,259.7,292.8,379
280.175,1,Atta_1,1961.2,255.5,275.6,7.7,0.0,,,,
280.175,4,Atta_4,1966.6,642.9,50.7,-12.0,-0.9,1878.8,617.5,63.4,281
280.231,1,Atta_1,1970.9,254.1,275.7,9.8,0.1,,,,
280.231,2,Atta_2,585.5,443.8,307.3,-5.5,0.1,775.2,259.7,292.8,497
280.231,3,Atta_3,2156.1,353.3,50.3,9.3,0.6,2100.9,366.3,61.2,120
280.5,1,Atta_1,1964.5,249.9,275.8,7.7,0.1,,,,
280.5,3,Atta_3,2149.4,352.1,50.3,-6.8,0.0,2100.9,366.3,61.2,395
280.563,1,Atta_1,1961.1,247.6,275.8,4.1,0.0,,,,
280.563,2,Atta_2,581.4,440.7,307.3,-5.1,0.0,775.2,259.7,296.7,329
280.563,3,Atta_3,2146.0,349.8,50.3,-4.1,0.0,2100.9,366.3,61.2,465
280.639,1,Atta_1,1964.3,250.2,275.8,-4.1,0.0,,,,
280.639,3,Atta_3,2152.0,349.8,50.3,6.0,0.0,2100.9,366.3,61.2,38
280.713,1,Atta_1,1969.4,252.3,275.9,-5.5,0.1,,,,
280.713,2,Atta_2,585.7,443.8,307.5,5.3,0.2,775.2,259.7,296.7,477
280.713,4,Atta_4,1994.0,642.7,49.1,27.4,-1.6,1878.8,617.5,63.3,330
280.786,3,Atta_3,2157.3,352.2,50.3,5.8,0.0,2100.9,366.3,61.2,184
280.856,2,Atta_2,591.3,445.2,307.2,5.8,-0.3,775.6,259.0,296.2,123
280.984,2,Atta_2,591.4,440.1,307.2,5.1,0.0,775.6,259.0,296.2,248
280.984,4,Atta_4,1980.1,650.1,50.5,-15.7,1.4,1878.8,617.5,63.3,95
281.049,2,Atta_2,596.3,435.6,306.9,6.7,-0.3,775.6,259.0,296.2,320
281.118,2,Atta_2,601.2,428.4,306.7,8.7,-0.2,775.6,259.0,296.2,386
281.118,3,Atta_3,2158.6,346.8,49.0,-5.6,-1.3,2100.9,366.3,61.2,18
281.118,4,Atta_4,1972.3,646.7,50.8,-8.5,0.3,1878.8,617.5,63.3,233
281.189,2,Atta_2,602.7,420.5,306.7,8.0,0.0,775.6,259.0,296.2,453
281.245,1,Atta_1,1964.9,247.6,275.5,6.5,-0.4,,,,
281.245,2,Atta_2,609.9,416.6,306.6,8.2,-0.1,796.6,215.6,295.5,20
281.245,3,Atta_3,2150.7,349.4,50.2,-8.3,1.2,2100.9,366.3,61.2,145
281.323,1,Atta_1,1963.2,245.6,271.3,2.6,-4.2,,,,
281.323,2,Atta_2,607.7,405.9,306.4,10.9,-0.2,796.6,215.6,295.5,100
281.323,4,Atta_4,1974.3,640.9,50.9,-6.1,0.1,1878.8,617.5,63.3,440
281.401,1,Atta_1,1963.4,245.7,263.1,-0.2,-8.2,,,,
281.401,2,Atta_2,607.1,401.8,306.4,4.1,0.0,796.6,215.6,295.5,207
281.515,1,Atta_1,1971.5,247.7,254.3,-8.3,-8.8,,,,
281.515,2,Atta_2,621.2,390.8,306.4,17.9,0.0,796.6,215.6,295.5,298
281.515,3,Atta_3,2156.7,348.7,49.1,6.0,-1.1,2100.9,366.3,61.2,424
281.515,4,Atta_4,1992.4,640.8,49.6,18.1,-1.3,1878.8,617.5,63.3,139
281.606,1,Atta_1,1976.8,249.4,246.3,-5.6,-8.0,,,,
281.606,3,Atta_3,2155.0,353.4,50.2,5.0,1.1,2100.9,366.3,61.2,17
281.693,1,Atta_1,1983.4,242.4,228.7,9.6,-17.6,,,,
281.693,2,Atta_2,644.7,379.5,307.1,26.1,0.7,796.6,215.6,295.5,468
281.768,1,Atta_1,1984.1,242.4,215.2,-0.7,-13.5,,,,
281.768,2,Atta_2,651.0,369.4,307.2,11.9,0.1,822.2,162.1,295.8,48
281.841,1,Atta_1,1984.9,243.8,206.0,-1.6,-9.2,,,,
281.841,2,Atta_2,661.2,367.7,307.3,10.3,0.1,822.2,162.1,295.8,118
281.841,4,Atta_4,1980.3,649.3,51.0,-14.8,1.4,1878.8,617.5,63.3,453
281.907,1,Atta_1,1984.9,243.8,195.7,0.0,-10.3,,,,
281.907,2,Atta_2,663.3,356.3,307.3,11.6,0.0,822.2,162.1,295.8,183
281.974,1,Atta_1,1992.0,240.8,179.9,-7.7,-15.8,,,,
281.974,2,Atta_2,668.4,345.9,307.3,11.6,0.0,822.2,162.1,295.8,250
281.974,3,Atta_3,2163.5,356.9,49.9,9.2,-0.3,2100.9,366.3,61.2,373
281.974,4,Atta_4,1983.6,652.4,50.8,4.5,-0.2,1878.8,617.5,63.2,89
282.039,1,Atta_1,1988.1,230.8,170.1,10.7,-9.8,,,,
282.039,2,Atta_2,675.0,341.8,306.8,7.8,-0.5,822.2,162.1,295.8,315
282.039,3,Atta_3,2157.6,353.7,49.9,-6.7,0.0,2100.9,366.3,61.2,438
282.039,4,Atta_4,1977.4,649.3,50.8,-6.9,0.0,1878.8,617.5,63.2,154
282.105,1,Atta_1,1990.7,226.6,158.6,-4.9,-11.5,,,,
282.105,2,Atta_2,679.9,331.9,307.0,11.0,0.2,822.2,162.1,295.8,379
282.17,1,Atta_1,1988.2,211.7,149.0,-15.1,-9.6,,,,
282.17,2,Atta_2,679.1,322.5,306.5,9.4,-0.5,822.2,162.1,295.8,445
282.17,3,Atta_3,2156.7,347.6,49.1,-6.2,-0.8,2100.9,366.3,61.2,71
282.17,4,Atta_4,1973.1,645.9,50.8,-5.5,0.0,1878.8,617.5,63.2,285
282.235,1,Atta_1,1990.8,214.2,137.6,-3.6,-11.4,,,,
282.235,2,Atta_2,688.2,319.6,306.5,9.6,0.0,848.3,107.1,294.6,12
282.235,3,Atta_3,2156.3,352.3,49.5,4.7,0.4,2100.9,366.3,61.2,136
282.299,1,Atta_1,1986.4,216.3,131.9,4.9,-5.7,,,,
282.362,1,Atta_1,1981.9,219.9,120.6,5.8,-11.3,,,,
282.362,2,Atta_2,689.4,308.5,306.1,11.2,-0.4,848.3,107.1,294.6,136
282.424,1,Atta_1,1980.5,220.2,112.2,1.4,-8.4,,,,
282.424,2,Atta_2,696.6,295.2,306.1,15.1,0.0,848.3,107.1,294.6,201
282.424,4,Atta_4,1996.9,641.8,49.1,24.2,-1.7,1878.8,617.5,63.1,38
282.487,1,Atta_1,1979.6,225.1,108.0,5.0,-4.2,,,,
282.487,2,Atta_2,709.6,291.5,306.1,13.5,0.0,848.3,107.1,294.6,262
282.549,2,Atta_2,712.1,288.4,306.1,4.0,0.0,848.3,107.1,294.6,328
282.549,3,Atta_3,2155.4,356.2,50.5,4.0,1.0,2100.9,366.3,61.2,453
282.615,1,Atta_1,1974.4,220.0,106.6,-7.3,-1.4,,,,
282.615,2,Atta_2,716.3,281.7,306.2,7.9,0.1,848.3,107.1,294.6,397
282.615,3,Atta_3,2149.6,352.9,50.4,-6.7,-0.1,2100.9,366.3,61.2,21
282.695,2,Atta_2,718.8,272.6,306.2,9.4,0.0,848.3,107.1,294.6,474
282.772,1,Atta_1,1989.5,226.9,106.4,16.6,-0.2,,,,
282.772,2,Atta_2,736.0,274.0,306.4,17.3,0.2,873.0,53.1,294.6,49
282.772,3,Atta_3,2164.9,360.1,49.5,16.9,-0.9,2100.9,366.3,61.2,173
282.772,4,Atta_4,1985.0,654.9,51.1,17.7,2.0,1878.8,617.5,63.1,386
282.836,2,Atta_2,744.2,269.5,306.4,9.4,0.0,873.0,53.1,294.6,112
282.836,3,Atta_3,2140.4,378.0,47.8,-30.3,-1.7,2100.9,366.3,61.2,236
282.898,1,Atta_1,1982.5,224.4,106.4,-7.4,0.0,,,,
282.898,2,Atta_2,740.4,254.7,306.5,15.3,0.1,873.0,53.1,294.6,175
282.898,3,Atta_3,2134.1,374.5,47.8,-7.2,0.0,2100.9,366.3,61.2,300
282.968,2,Atta_2,741.9,248.9,306.5,6.0,0.0,873.0,53.1,294.6,244
282.968,3,Atta_3,2159.1,354.4,49.0,32.1,1.2,2100.9,366.3,61.2,369
282.968,4,Atta_4,1976.9,651.0,51.1,-9.0,0.0,1878.8,617.5,63.1,83
283.034,1,Atta_1,1978.7,227.0,106.1,4.6,-0.3,,,,
283.034,2,Atta_2,753.4,246.5,306.5,11.7,0.0,873.0,53.1,294.6,316
283.034,4,Atta_4,1996.2,645.1,48.8,20.2,-2.3,1878.8,617.5,63.1,155
283.125,2,Atta_2,756.8,243.0,306.2,4.9,-0.3,873.0,53.1,294.6,405
283.125,4,Atta_4,1976.1,651.0,51.3,-20.9,2.5,1878.8,617.5,63.1,244
283.205,2,Atta_2,751.5,239.0,306.2,6.6,0.0,873.0,53.1,294.6,484
283.278,1,Atta_1,1981.6,223.8,106.2,-4.3,0.1,,,,
283.278,2,Atta_2,742.7,232.9,306.8,-10.7,0.6,881.9,33.7,294.1,51
283.359,1,Atta_1,1985.7,225.9,106.2,4.6,0.0,,,,
283.359,2,Atta_2,746.8,235.0,306.8,4.6,0.0,881.9,33.7,294.1,130
283.359,3,Atta_3,2169.6,352.4,49.0,10.7,0.0,2100.9,366.3,61.1,261
283.435,2,Atta_2,750.4,237.0,306.3,4.1,-0.5,881.9,33.7,294.1,207
283.435,3,Atta_3,2162.4,357.9,49.5,-9.1,0.5,2100.9,366.3,61.1,338
283.435,4,Atta_4,2001.8,646.9,49.6,26.0,-1.7,1878.8,617.5,62.9,52
283.511,1,Atta_1,1978.1,227.8,106.4,7.8,0.2,,,,
283.511,2,Atta_2,744.0,234.1,306.3,-7.0,0.0,881.9,33.7,294.1,279
283.511,3,Atta_3,2155.7,354.8,50.4,-7.4,0.9,2100.9,366.3,61.1,411
283.511,4,Atta_4,1977.4,649.2,51.0,-24.5,1.4,1878.8,617.5,62.9,124
283.572,1,Atta_1,1977.7,231.8,106.4,4.0,0.0,,,,
283.572,2,Atta_2,738.7,230.4,306.3,-6.5,0.0,881.9,33.7,294.1,342
283.635,1,Atta_1,1970.1,247.4,106.4,17.4,0.0,,,,
283.702,1,Atta_1,1962.5,247.4,106.4,7.6,0.0,,,,
283.702,2,Atta_2,734.1,228.6,306.1,-4.9,-0.2,881.9,33.7,294.1,478
283.702,3,Atta_3,2148.8,350.1,49.0,-8.3,-1.4,2100.9,366.3,61.1,105
283.702,4,Atta_4,1976.6,642.3,51.0,-6.9,0.0,1878.8,617.5,62.9,323
283.783,1,Atta_1,1957.8,257.9,106.4,11.5,0.0,,,,
283.926,1,Atta_1,1957.6,269.1,106.9,11.2,0.5,,,,
283.926,3,Atta_3,2155.5,346.6,49.1,7.6,0.1,2100.9,366.3,61.1,325
283.926,4,Atta_4,1973.1,644.2,51.1,-4.0,0.1,1878.8,617.5,62.8,36
283.999,1,Atta_1,1951.8,279.2,107.1,11.6,0.2,,,,
283.999,3,Atta_3,2147.0,349.6,49.6,-9.0,0.5,2100.9,366.3,61.1,400
283.999,4,Atta_4,1966.4,644.9,51.2,-6.7,0.1,1878.8,617.5,62.8,110
284.073,3,Atta_3,2152.0,348.4,49.6,5.1,0.0,2100.9,366.3,61.1,473
284.134,1,Atta_1,1948.5,298.0,105.8,19.1,-1.3,,,,
284.134,2,Atta_2,736.7,230.7,317.6,-3.3,11.5,881.9,33.7,293.6,405
284.134,4,Atta_4,1969.7,647.1,51.2,4.0,0.0,1878.8,617.5,62.8,244
284.202,1,Atta_1,1945.7,308.3,105.7,10.7,-0.1,,,,
284.202,2,Atta_2,734.2,227.0,325.8,4.5,8.2,881.9,33.7,293.6,473
284.268,1,Atta_1,1943.3,316.6,105.2,8.6,-0.5,,,,
284.268,2,Atta_2,731.6,225.8,334.9,-2.9,9.1,882.6,54.6,332.4,44
284.268,3,Atta_3,2151.0,352.3,49.3,4.0,-0.3,2100.9,366.3,61.1,170
284.34,1,Atta_1,1941.3,323.7,105.1,7.4,-0.1,,,,
284.34,2,Atta_2,729.6,223.5,341.9,-3.0,7.0,882.6,54.6,332.4,114
284.34,3,Atta_3,2127.7,369.9,48.7,-29.2,-0.6,2100.9,366.3,61.1,240
284.34,4,Atta_4,1973.9,646.0,51.3,4.3,0.1,1878.8,617.5,62.8,448
284.421,1,Atta_1,1936.5,333.3,105.1,10.7,0.0,,,,
284.421,2,Atta_2,728.7,220.8,350.8,-2.8,8.9,882.6,54.6,332.4,197
284.421,4,Atta_4,1991.2,639.3,49.6,18.6,-1.7,1878.8,617.5,62.8,13
284.494,1,Atta_1,1935.9,338.8,105.1,5.5,0.0,,,,
284.494,2,Atta_2,731.2,220.8,359.2,2.5,8.4,882.6,54.6,332.4,270
284.494,4,Atta_4,1973.0,645.3,51.1,-19.2,1.5,1878.8,617.5,62.8,85
284.568,1,Atta_1,1932.2,349.5,105.1,11.3,0.0,,,,
284.568,2,Atta_2,740.0,225.9,8.0,10.2,8.8,882.6,54.6,332.4,343
284.568,3,Atta_3,2148.8,352.4,49.7,27.4,1.0,2100.9,366.3,61.1,469
284.634,1,Atta_1,1933.0,360.9,105.0,11.4,-0.1,,,,
284.634,2,Atta_2,744.1,228.1,17.3,4.7,9.3,882.6,54.6,332.4,409
284.634,3,Atta_3,2133.5,369.8,48.8,23.2,-0.9,2100.9,366.3,61.1,35
284.703,1,Atta_1,1932.0,370.9,105.0,10.0,0.0,,,,
284.703,2,Atta_2,748.9,225.5,29.8,5.5,12.5,882.6,54.6,332.4,476
284.703,4,Atta_4,1976.4,648.2,50.6,4.5,-0.5,1878.8,617.5,62.8,292
284.773,1,Atta_1,1927.6,380.9,105.0,10.9,0.0,,,,
284.773,2,Atta_2,734.5,212.8,38.8,-19.2,9.0,882.6,54.6,40.2,46
284.773,3,Atta_3,2140.4,366.2,48.8,7.8,0.0,2100.9,366.3,61.1,173
284.843,1,Atta_1,1926.0,387.0,103.8,6.3,-1.2,,,,
284.843,2,Atta_2,731.0,206.2,48.4,-7.5,9.6,882.6,54.6,40.2,118
284.904,1,Atta_1,1923.9,394.4,103.8,7.7,0.0,,,,
284.904,2,Atta_2,730.7,205.6,57.1,-0.7,8.7,882.6,54.6,40.2,179
284.904,3,Atta_3,2151.2,352.9,49.4,-17.1,0.6,2100.9,366.3,61.1,306
284.904,4,Atta_4,1972.3,647.3,51.1,-4.2,0.5,1878.8,617.5,62.7,19
284.972,1,Atta_1,1918.7,406.8,104.8,13.4,1.0,,,,
284.972,2,Atta_2,741.7,210.8,65.7,12.2,8.6,882.6,54.6,40.2,249
285.052,1,Atta_1,1918.1,411.9,105.8,5.1,1.0,,,,
285.052,2,Atta_2,749.4,213.5,75.7,8.2,10.0,882.6,54.6,40.2,338
285.052,4,Atta_4,1994.1,640.0,49.5,23.0,-1.6,1878.8,617.5,62.7,177
285.147,1,Atta_1,1916.0,416.9,105.9,5.4,0.1,,,,
285.147,4,Atta_4,1969.6,646.1,50.9,-25.2,1.4,1878.8,617.5,62.7,266
285.228,1,Atta_1,1911.5,425.9,106.7,10.1,0.8,,,,
285.228,2,Atta_2,744.4,204.3,96.0,-10.5,20.3,882.6,54.6,103.8,12
285.312,1,Atta_1,1906.9,439.1,107.9,14.0,1.2,,,,
285.312,2,Atta_2,745.0,204.3,109.3,-0.6,13.3,882.6,54.6,103.8,92
285.312,4,Atta_4,1973.3,644.1,51.1,4.2,0.2,1878.8,617.5,62.7,431
285.393,1,Atta_1,1905.9,452.2,107.9,13.1,0.0,,,,
285.393,2,Atta_2,742.0,204.2,114.0,3.0,4.7,882.6,54.6,103.8,174
285.393,4,Atta_4,1991.4,642.2,49.7,18.2,-1.4,1878.8,617.5,62.6,13
285.475,1,Atta_1,1902.4,464.5,107.6,12.8,-0.3,,,,
285.475,3,Atta_3,2118.7,379.2,48.9,-41.8,-0.5,2100.9,366.3,61.1,375
285.538,1,Atta_1,1902.6,469.5,107.6,5.0,0.0,,,,
285.538,3,Atta_3,2153.3,354.6,49.5,42.5,0.6,2100.9,366.3,61.1,438
285.538,4,Atta_4,1978.3,647.1,51.8,-14.0,2.1,1878.8,617.5,62.6,150
285.601,1,Atta_1,1900.3,476.9,108.1,7.7,0.5,,,,
285.601,2,Atta_2,755.5,213.9,115.6,16.6,1.6,882.6,54.6,103.8,377
285.667,1,Atta_1,1896.2,475.1,108.3,-4.5,0.2,,,,
285.667,3,Atta_3,2151.2,351.2,49.4,-4.0,-0.1,2100.9,366.3,61.1,66
285.667,4,Atta_4,1974.1,645.3,51.9,-4.6,0.1,1878.8,617.5,62.6,278
285.728,2,Atta_2,749.2,211.2,115.2,6.9,-0.4,882.6,54.6,104.2,1
285.792,3,Atta_3,2116.5,376.8,49.0,-43.1,-0.4,2100.9,366.3,61.1,193
285.917,1,Atta_1,1900.7,476.7,108.6,4.8,0.3,,,,
285.917,2,Atta_2,753.6,211.9,115.6,-4.5,0.4,882.6,54.6,104.2,192
285.917,4,Atta_4,1978.9,646.5,51.7,4.9,-0.2,1878.8,617.5,62.6,29
285.983,1,Atta_1,1895.6,474.5,108.6,-5.6,0.0,,,,
285.983,2,Atta_2,748.5,209.7,115.6,5.6,0.0,882.6,54.6,104.2,258
285.983,3,Atta_3,2150.8,350.1,49.0,43.5,0.0,2100.9,366.3,61.1,385
285.983,4,Atta_4,1973.7,644.4,51.7,-5.6,0.0,1878.8,617.5,62.6,96
286.178,1,Atta_1,1903.2,478.9,108.6,8.8,0.0,,,,
286.178,2,Atta_2,761.2,218.1,115.4,15.2,-0.2,882.6,54.6,104.2,454
286.178,4,Atta_4,1980.6,649.2,51.8,8.4,0.1,1878.8,617.5,62.6,291
286.311,3,Atta_3,2159.9,355.5,49.5,10.6,0.5,2100.9,366.3,61.1,222
286.398,1,Atta_1,1897.8,476.5,108.5,-5.9,-0.1,,,,
286.398,2,Atta_2,750.4,210.5,115.0,-13.2,-0.4,882.6,54.6,104.2,186
286.398,3,Atta_3,2152.1,352.5,49.5,-8.4,0.0,2100.9,366.3,61.1,313
286.398,4,Atta_4,1976.6,645.6,51.6,-5.4,-0.2,1878.8,617.5,62.5,25
286.662,1,Atta_1,1903.1,477.0,115.6,-5.3,7.1,,,,
286.662,2,Atta_2,757.5,215.5,115.7,8.7,0.7,882.6,54.6,104.2,436
286.729,1,Atta_1,1906.8,477.4,128.7,-3.7,13.1,,,,
286.729,2,Atta_2,764.9,220.7,117.6,9.0,1.9,882.6,54.6,106.6,7
286.798,1,Atta_1,1907.2,480.0,138.0,2.6,9.3,,,,
286.798,4,Atta_4,1983.4,646.3,51.5,6.8,-0.1,1878.8,617.5,62.5,416
286.871,1,Atta_1,1910.2,480.4,151.4,-3.0,13.4,,,,
286.871,3,Atta_3,2146.2,362.7,48.2,11.8,-1.3,2100.9,366.3,61.0,253
286.871,4,Atta_4,1993.4,644.5,49.1,10.2,-2.4,1878.8,617.5,62.5,487
286.947,1,Atta_1,1905.8,481.3,160.4,4.5,9.0,,,,
286.947,2,Atta_2,757.3,215.5,118.3,-9.2,0.7,882.6,54.6,106.6,222
286.947,3,Atta_3,2130.6,367.7,45.4,-16.4,-2.8,2100.9,366.3,61.0,328
286.947,4,Atta_4,1988.2,640.5,49.1,-6.6,0.0,1878.8,617.5,62.5,53
287.011,1,Atta_1,1906.0,482.7,170.1,1.4,9.7,,,,
287.011,3,Atta_3,2141.0,358.7,45.4,13.8,0.0,2100.9,366.3,61.0,395
287.011,4,Atta_4,1972.3,644.5,52.0,-16.4,2.9,1878.8,617.5,62.5,120
287.09,1,Atta_1,1918.4,492.9,181.3,-16.1,11.2,,,,
287.09,2,Atta_2,769.7,222.9,118.6,14.4,0.3,882.6,54.6,106.6,370
287.09,3,Atta_3,2146.3,371.6,44.9,13.9,-0.5,2100.9,366.3,61.0,476
287.09,4,Atta_4,1984.7,651.9,52.0,14.4,0.0,1878.8,617.5,62.5,201
287.173,1,Atta_1,1918.1,495.9,192.2,3.0,10.9,,,,
287.173,3,Atta_3,2162.7,357.4,49.3,21.7,4.4,2100.9,366.3,61.0,58
287.251,1,Atta_1,1914.7,498.3,207.1,4.2,14.9,,,,
287.331,1,Atta_1,1911.2,496.7,217.4,3.8,10.3,,,,
287.331,2,Atta_2,764.6,220.7,118.2,5.6,-0.4,882.6,54.6,107.0,108
287.331,3,Atta_3,2156.6,354.5,49.4,-6.8,0.1,2100.9,366.3,61.0,216
287.331,4,Atta_4,1978.9,648.9,50.2,-6.5,-1.8,1878.8,617.5,62.5,439
287.405,1,Atta_1,1910.6,497.5,227.8,-1.0,10.4,,,,
287.483,1,Atta_1,1906.3,500.9,243.2,5.5,15.4,,,,
287.549,1,Atta_1,1898.5,500.4,252.9,7.8,9.7,,,,
287.549,2,Atta_2,759.9,216.4,118.6,-6.4,0.4,882.6,54.6,107.0,325
287.549,3,Atta_3,2153.5,351.0,49.4,-4.7,0.0,2100.9,366.3,61.0,432
287.549,4,Atta_4,1976.5,645.3,51.9,-4.3,1.7,1878.8,617.5,62.5,165
287.621,1,Atta_1,1896.6,500.5,264.2,1.9,11.3,,,,
287.692,1,Atta_1,1896.6,500.2,273.1,0.3,8.9,,,,
287.763,1,Atta_1,1896.4,501.6,278.1,-1.4,5.0,,,,
287.908,2,Atta_2,819.7,262.2,122.6,75.3,4.0,882.4,55.3,106.7,183
287.908,4,Atta_4,1996.5,641.6,49.4,20.3,-2.5,1878.8,617.5,62.4,22
287.98,2,Atta_2,752.5,224.7,118.4,77.0,-4.2,882.4,55.3,106.7,254
288.05,2,Atta_2,752.2,229.9,118.4,5.2,0.0,882.4,55.3,106.7,327
288.125,2,Atta_2,746.8,223.8,118.0,-8.1,-0.4,882.4,55.3,106.7,400
288.196,1,Atta_1,1892.0,498.6,278.4,5.3,0.3,,,,
288.196,2,Atta_2,732.5,227.5,117.4,14.8,-0.6,882.4,55.3,106.7,473
288.196,4,Atta_4,1991.3,638.8,49.4,-5.9,0.0,1878.8,617.5,62.4,311
288.262,2,Atta_2,722.8,243.9,116.6,19.1,-0.8,868.7,102.8,105.3,40
288.34,2,Atta_2,736.0,249.0,117.4,-14.2,0.8,868.7,102.8,105.3,116
288.34,4,Atta_4,1977.0,645.9,50.8,-16.0,1.4,1878.8,617.5,62.4,455
288.419,2,Atta_2,726.3,268.1,116.9,21.4,-0.5,868.7,102.8,105.3,196
288.419,4,Atta_4,1992.2,641.8,48.9,15.7,-1.9,1878.8,617.5,62.3,35
288.493,1,Atta_1,1900.4,502.8,278.3,-9.4,-0.1,,,,
288.493,2,Atta_2,736.0,284.8,118.0,19.3,1.1,868.7,102.8,105.3,272
288.493,3,Atta_3,2158.5,354.3,49.5,6.0,0.1,2100.9,366.3,61.0,396
288.493,4,Atta_4,1978.6,649.5,50.8,-15.6,1.9,1878.8,617.5,62.3,112
288.561,2,Atta_2,727.3,277.0,116.9,-11.7,-1.1,868.7,102.8,105.3,338
288.561,4,Atta_4,1994.2,644.4,48.9,16.4,-1.9,1878.8,617.5,62.3,178
288.633,2,Atta_2,715.0,286.0,117.8,15.2,0.9,868.7,102.8,105.3,408
288.633,4,Atta_4,1981.9,649.3,50.8,-13.2,1.9,1878.8,617.5,62.3,248
288.705,1,Atta_1,1899.8,491.6,277.4,11.2,-0.9,,,,
288.705,2,Atta_2,700.9,294.2,117.0,16.3,-0.8,868.7,102.8,105.3,477
288.764,1,Atta_1,1903.3,484.0,277.2,8.4,-0.2,,,,
288.764,2,Atta_2,701.7,298.1,117.3,4.0,0.3,853.1,160.0,105.4,27
288.833,1,Atta_1,1900.5,471.8,277.2,12.5,0.0,,,,
288.833,2,Atta_2,688.6,299.1,117.0,13.1,-0.3,853.1,160.0,105.4,97
288.833,3,Atta_3,2152.8,352.4,49.4,-6.0,-0.1,2100.9,366.3,61.1,233
288.833,4,Atta_4,1977.3,645.3,51.8,-6.1,1.0,1878.8,617.5,62.3,448
288.905,1,Atta_1,1901.6,463.6,277.0,8.3,-0.2,,,,
288.905,2,Atta_2,688.6,307.9,117.3,8.8,0.3,853.1,160.0,105.4,167
288.974,1,Atta_1,1902.0,454.5,277.0,9.1,0.0,,,,
288.974,2,Atta_2,686.0,324.3,117.6,16.6,0.3,853.1,160.0,105.4,234
289.042,1,Atta_1,1899.7,445.6,276.9,9.2,-0.1,,,,
289.042,2,Atta_2,694.6,322.6,117.7,-8.8,0.1,853.1,160.0,105.4,304
289.042,4,Atta_4,1973.6,643.5,50.9,-4.1,-0.9,1878.8,617.5,62.2,154
289.112,2,Atta_2,679.3,340.7,117.7,23.7,0.0,853.1,160.0,105.4,375
289.112,3,Atta_3,2126.6,366.6,49.0,-29.8,-0.4,2100.9,366.3,61.1,13
289.112,4,Atta_4,1968.1,645.6,50.9,-5.9,0.0,1878.8,617.5,62.2,226
289.182,1,Atta_1,1899.8,430.8,277.1,14.8,0.2,,,,
289.182,2,Atta_2,680.2,348.4,118.3,7.8,0.6,853.1,160.0,105.4,445
289.182,3,Atta_3,2148.7,349.9,49.4,27.7,0.4,2100.9,366.3,61.1,82
289.243,1,Atta_1,1902.5,421.2,277.1,10.0,0.0,,,,
289.322,1,Atta_1,1902.8,415.0,276.9,6.2,-0.2,,,,
289.322,2,Atta_2,676.7,354.4,117.7,6.9,-0.6,836.9,217.5,105.3,93
289.322,3,Atta_3,2128.1,367.8,48.7,27.3,-0.7,2100.9,366.3,61.1,224
289.394,1,Atta_1,1915.1,410.9,276.9,13.0,0.0,,,,
289.394,2,Atta_2,673.9,368.3,117.8,14.2,0.1,836.9,217.5,105.3,170
289.394,3,Atta_3,2159.8,357.2,49.6,33.4,0.9,2100.9,366.3,61.1,301
289.394,4,Atta_4,1978.8,652.6,51.0,12.8,0.1,1878.8,617.5,62.2,14
289.471,1,Atta_1,1915.3,399.8,277.7,11.1,0.8,,,,
289.471,2,Atta_2,673.6,380.7,117.7,12.4,-0.1,836.9,217.5,105.3,241
289.539,1,Atta_1,1915.6,388.0,278.5,11.8,0.8,,,,
289.539,2,Atta_2,648.1,382.3,116.4,25.6,-1.3,836.9,217.5,105.3,307
289.607,1,Atta_1,1916.6,378.0,278.8,10.0,0.3,,,,
289.607,3,Atta_3,2161.0,352.7,49.0,-4.7,-0.6,2100.9,366.3,61.1,9
289.677,1,Atta_1,1911.4,368.2,278.8,11.1,0.0,,,,
289.677,2,Atta_2,645.4,398.4,117.6,16.3,1.2,836.9,217.5,105.3,447
289.677,3,Atta_3,2153.4,350.7,49.6,-7.9,0.6,2100.9,366.3,61.1,78
289.677,4,Atta_4,1973.2,646.9,51.4,-8.0,0.4,1878.8,617.5,62.2,291
289.749,1,Atta_1,1911.4,361.1,277.8,7.1,-1.0,,,,
289.749,2,Atta_2,650.7,413.4,117.6,15.9,0.0,821.2,276.0,104.6,18
289.821,1,Atta_1,1913.6,350.4,277.4,10.9,-0.4,,,,
289.821,2,Atta_2,650.7,418.9,117.6,5.5,0.0,821.2,276.0,104.6,88
289.887,1,Atta_1,1924.2,343.4,277.4,12.7,0.0,,,,
289.887,2,Atta_2,656.7,435.6,117.6,17.7,0.0,821.2,276.0,104.6,157
289.887,4,Atta_4,1980.2,652.5,51.1,9.0,-0.3,1878.8,617.5,62.1,0
290.009,1,Atta_1,1915.5,329.0,277.6,16.8,0.2,,,,
290.009,2,Atta_2,632.6,432.6,117.8,24.3,0.2,821.2,276.0,104.6,316
290.009,4,Atta_4,1989.4,641.3,49.2,-14.5,-1.9,1878.8,617.5,62.1,114
290.148,1,Atta_1,1925.2,329.1,277.6,9.7,0.0,,,,
290.148,2,Atta_2,640.6,442.5,117.9,12.7,0.1,821.2,276.0,104.6,435
290.148,3,Atta_3,2161.1,357.5,46.2,10.3,-3.4,2100.9,366.3,61.1,66
290.148,4,Atta_4,1979.4,652.5,51.1,15.0,1.9,1878.8,617.5,62.1,234
290.248,1,Atta_1,1921.9,314.9,278.0,14.6,0.4,,,,
290.248,2,Atta_2,633.5,444.9,118.8,7.5,0.9,816.1,295.4,106.2,42
290.248,3,Atta_3,2157.2,355.0,49.9,-4.6,3.7,2100.9,366.3,61.1,168
290.344,1,Atta_1,1923.8,298.3,278.6,16.7,0.6,,,,
290.417,1,Atta_1,1922.1,280.0,278.6,18.4,0.0,,,,
290.417,2,Atta_2,625.3,442.0,118.8,8.7,0.0,816.1,295.4,106.2,186
290.417,3,Atta_3,2153.4,353.1,49.5,-4.2,-0.4,2100.9,366.3,61.1,312
290.417,4,Atta_4,1973.3,648.2,50.8,-7.5,-0.3,1878.8,617.5,62.1,21
290.482,1,Atta_1,1926.3,264.1,277.9,16.4,-0.7,,,,
290.547,1,Atta_1,1931.5,259.3,277.9,7.1,0.0,,,,
290.599,1,Atta_1,1931.5,251.9,278.5,7.4,0.6,,,,
290.599,2,Atta_2,714.5,478.3,122.3,-96.3,3.5,816.1,295.4,106.2,365
290.599,3,Atta_3,2122.8,381.7,48.8,41.9,-0.7,2100.9,366.3,61.1,491
290.599,4,Atta_4,1976.9,651.3,51.1,4.8,0.3,1878.8,617.5,62.1,200
290.731,1,Atta_1,1934.7,247.6,279.6,5.4,1.1,,,,
290.787,1,Atta_1,1928.4,241.0,280.2,9.1,0.6,,,,
290.787,3,Atta_3,2135.7,368.5,48.7,-18.5,-0.1,2100.9,366.3,61.1,168
290.787,4,Atta_4,1974.2,648.1,51.1,-4.2,0.0,1878.8,617.5,62.1,389
290.847,3,Atta_3,2152.2,353.0,49.5,-22.6,0.8,2100.9,366.3,61.1,228
290.913,1,Atta_1,1923.0,237.5,280.4,6.4,0.2,,,,
290.913,3,Atta_3,2148.4,349.8,49.6,-5.0,0.1,2100.9,366.3,61.1,293
290.913,4,Atta_4,1969.0,644.9,51.1,-6.1,0.0,1878.8,617.5,62.3,19
290.978,2,Atta_2,707.3,473.3,122.0,-8.8,-0.3,816.1,295.4,106.3,242
290.978,4,Atta_4,1975.9,642.1,51.1,7.4,0.0,1878.8,617.5,62.3,81
291.081,1,Atta_1,1926.9,239.8,280.3,-4.5,-0.1,,,,
291.081,3,Atta_3,2153.6,351.2,49.6,5.4,0.0,2100.9,366.3,61.1,462
291.081,4,Atta_4,1981.3,643.9,51.5,5.7,0.4,1878.8,617.5,62.3,187
291.145,2,Atta_2,635.4,445.3,119.6,77.2,-2.4,816.1,295.4,106.3,409
291.21,2,Atta_2,627.7,442.3,119.6,8.3,0.0,816.1,295.4,106.3,473
291.321,2,Atta_2,637.3,446.6,123.0,-10.5,3.4,799.5,308.5,126.1,89
291.321,4,Atta_4,1973.8,648.9,51.4,-9.0,-0.1,1878.8,617.5,62.3,440
291.391,2,Atta_2,649.2,451.3,134.5,-12.8,11.5,799.5,308.5,126.1,146
291.446,2,Atta_2,655.1,457.0,146.8,-8.2,12.3,799.5,308.5,126.1,200
291.51,2,Atta_2,654.9,456.3,153.6,-0.7,6.8,799.5,308.5,126.1,265
291.579,2,Atta_2,651.8,455.6,161.2,3.2,7.6,799.5,308.5,126.1,333
291.579,4,Atta_4,1979.2,644.2,51.1,-7.2,-0.3,1878.8,617.5,62.3,172
291.646,2,Atta_2,643.7,455.7,170.3,8.1,9.1,799.5,308.5,126.1,398
291.646,3,Atta_3,2149.5,353.0,50.3,-4.5,0.7,2100.9,366.3,61.1,36
291.71,1,Atta_1,1928.5,237.9,274.8,2.5,-5.5,,,,
291.71,2,Atta_2,643.7,455.7,177.8,0.0,7.5,799.5,308.5,126.1,463
291.71,3,Atta_3,2125.7,370.4,48.7,-29.5,-1.6,2100.9,366.3,61.1,101
291.761,1,Atta_1,1926.1,236.0,269.6,3.1,-5.2,,,,
291.761,2,Atta_2,623.2,449.8,189.8,21.3,12.0,799.5,308.5,191.9,24
291.761,3,Atta_3,2146.0,351.8,49.6,-27.5,0.9,2100.9,366.3,61.1,151
291.761,4,Atta_4,1968.1,645.2,51.1,-11.1,0.0,1878.8,617.5,62.3,353
291.813,1,Atta_1,1931.5,241.1,268.9,-7.4,-0.7,,,,
291.813,2,Atta_2,629.7,452.8,193.6,-7.2,3.8,799.5,308.5,191.9,76
291.813,3,Atta_3,2154.7,352.8,49.6,8.8,0.0,2100.9,366.3,61.1,202
291.813,4,Atta_4,1974.6,648.2,51.1,7.2,0.0,1878.8,617.5,62.3,404
291.874,2,Atta_2,637.2,458.7,199.8,-9.5,6.2,799.5,308.5,191.9,136
291.986,1,Atta_1,1930.8,245.1,266.8,-4.1,-2.1,,,,
291.986,2,Atta_2,642.0,463.1,203.0,-6.5,3.2,799.5,308.5,191.9,259
292.047,2,Atta_2,646.7,465.1,204.4,-5.1,1.4,799.5,308.5,191.9,312
292.109,1,Atta_1,1927.1,246.5,262.2,-4.0,-4.6,,,,
292.173,4,Atta_4,1991.2,641.8,49.6,17.8,-1.5,1878.8,617.5,62.3,276
292.278,3,Atta_3,2128.2,368.3,48.9,-30.7,-0.7,2100.9,366.3,61.1,165
292.278,4,Atta_4,1969.7,646.9,51.0,-22.1,1.4,1878.8,617.5,62.3,389
292.341,1,Atta_1,1925.3,242.0,261.7,4.8,-0.5,,,,
292.341,2,Atta_2,642.2,463.0,204.7,5.0,0.3,799.5,308.5,200.3,106
292.341,4,Atta_4,1972.9,644.1,51.0,-4.3,0.0,1878.8,617.5,62.3,442
292.574,1,Atta_1,1937.3,250.3,261.4,-14.6,-0.3,,,,
292.574,2,Atta_2,651.7,468.6,204.8,-11.0,0.1,799.5,308.5,200.3,339
292.574,3,Atta_3,2162.0,357.5,49.4,35.5,0.5,2100.9,366.3,61.1,451
292.574,4,Atta_4,1984.7,651.6,51.9,14.0,0.9,1878.8,617.5,62.3,179
292.677,1,Atta_1,1929.4,243.7,261.4,10.3,0.0,,,,
292.677,2,Atta_2,643.2,463.9,205.0,9.7,0.2,799.5,308.5,200.3,450
292.677,3,Atta_3,2153.2,352.6,49.4,-10.1,0.0,2100.9,366.3,61.2,76
292.677,4,Atta_4,1971.5,648.5,51.3,-13.6,-0.6,1878.8,617.5,62.3,289
