time,idrobot,robot,x,y,angle,linearDisplacement,angularDisplacement,ekf_x,ekf_y,ekf_angle,ekf_age_ms
0,1,Atta_1,175.4,332.8,359.8,0,0,,,,
0,2,Atta_2,165.4,536.0,359.7,0,0,,,,
0,3,Atta_3,206.4,722.4,358.8,0,0,,,,
0,4,Atta_4,248.2,944.9,358.7,0,0,,,,
0,5,Atta_5,207.7,1262.7,4.6,0,0,,,,
0,6,Atta_6,205.5,1540.4,359.7,0,0,,,,
0,7,Atta_7,194.8,1740.2,1.1,0,0,,,,
0,8,Atta_8,180.9,2000.6,357.2,0,0,,,,
0,9,Atta_9,157.8,2308.6,1.8,0,0,,,,
0,10,Atta_10,168.6,2561.0,358.4,0,0,,,,
-0.268,1,Atta_1,232.6,212.2,359.8,133.5,0.0,,,,
-0.268,2,Atta_2,220.4,453.3,358.0,99.3,-1.7,,,,
-0.268,3,Atta_3,161.7,791.8,2.0,-82.5,3.2,,,,
-0.268,4,Atta_4,193.7,1033.2,358.2,-103.8,-0.5,,,,
-0.268,5,Atta_5,220.1,1320.8,355.7,59.4,-8.9,,,,
-0.268,6,Atta_6,225.5,1498.3,356.0,46.6,-3.7,,,,
-0.268,7,Atta_7,204.1,1800.5,358.1,61.0,-3.0,,,,
-0.268,8,Atta_8,220.8,2004.9,2.7,40.1,5.5,,,,
-0.268,9,Atta_9,201.9,2273.6,357.0,56.3,-4.8,,,,
-0.268,10,Atta_10,200.8,2535.3,359.3,41.2,0.9,,,,
0.039,1,Atta_1,260.1,310.8,332.8,102.4,-27.0,,,,
0.039,2,Atta_2,225.4,507.6,335.0,54.5,-23.0,,,,
0.039,3,Atta_3,188.5,727.4,336.9,69.8,-25.1,,,,
0.039,4,Atta_4,232.1,1014.0,340.1,42.9,-18.1,,,,
0.039,5,Atta_5,204.1,1324.7,338.4,-16.5,-17.3,,,,
0.039,6,Atta_6,200.6,1575.9,334.6,-81.5,-21.4,,,,
0.039,7,Atta_7,216.3,1765.4,334.1,37.2,-24.0,,,,
0.039,8,Atta_8,185.8,2042.4,340.6,-51.3,-22.1,,,,
0.039,9,Atta_9,239.0,2263.0,337.2,38.6,-19.8,,,,
0.039,10,Atta_10,154.9,2549.7,337.1,-48.1,-22.2,,,,
0.097,1,Atta_1,207.5,226.9,328.4,-99.0,-4.4,,,,
0.097,2,Atta_2,183.4,567.8,331.8,-73.4,-3.2,,,,
0.097,3,Atta_3,235.4,764.9,332.6,60.0,-4.3,,,,
0.097,4,Atta_4,203.1,1044.7,331.8,-42.2,-8.3,,,,
0.097,5,Atta_5,237.5,1269.4,333.8,64.6,-4.6,,,,
0.097,6,Atta_6,213.1,1481.3,330.7,95.4,-3.9,,,,
0.097,7,Atta_7,190.1,1756.9,330.3,-27.5,-3.8,,,,
0.097,8,Atta_8,203.1,1948.1,336.0,95.9,-4.6,,,,
0.097,9,Atta_9,190.9,2295.9,335.2,-58.3,-2.0,,,,
0.097,10,Atta_10,219.1,2524.8,331.1,68.9,-6.0,,,,
0.166,1,Atta_1,225.3,256.9,324.4,-34.9,-4.0,,,,
0.166,2,Atta_2,165.5,521.5,327.6,49.6,-4.2,,,,
0.166,3,Atta_3,243.6,771.0,326.6,10.2,-6.0,,,,
0.166,4,Atta_4,183.2,974.3,328.9,73.2,-2.9,,,,
0.166,5,Atta_5,149.2,1338.9,325.9,-112.4,-7.9,,,,
0.166,6,Atta_6,225.2,1500.5,328.4,22.7,-2.3,,,,
0.166,7,Atta_7,174.5,1759.3,329.9,-15.8,-0.4,,,,
0.166,8,Atta_8,216.8,1987.8,330.9,-42.0,-5.1,,,,
0.166,9,Atta_9,205.4,2299.1,329.3,14.8,-5.9,,,,
0.166,10,Atta_10,248.4,2482.2,330.8,51.7,-0.3,,,,
0.232,1,Atta_1,250.4,266.3,323.5,26.8,-0.9,,,,
0.232,2,Atta_2,233.1,535.3,323.0,69.0,-4.6,,,,
0.232,3,Atta_3,154.6,745.1,326.5,-92.7,-0.1,,,,
0.232,4,Atta_4,175.4,1020.0,326.1,-46.4,-2.8,,,,
0.232,5,Atta_5,209.3,1280.5,321.5,83.8,-4.4,,,,
0.232,6,Atta_6,247.7,1537.3,322.2,-43.1,-6.2,,,,
0.232,7,Atta_7,210.8,1776.3,323.4,40.1,-6.5,,,,
0.232,8,Atta_8,141.0,1977.7,324.9,-76.5,-6.0,,,,
0.232,9,Atta_9,163.4,2259.6,325.3,-57.7,-4.0,,,,
0.232,10,Atta_10,192.5,2517.3,323.7,-66.0,-7.1,,,,
0.299,1,Atta_1,187.8,239.4,319.5,-68.1,-4.0,,,,
0.299,2,Atta_2,142.4,535.1,322.7,-90.7,-0.3,,,,
0.299,3,Atta_3,190.3,791.3,317.0,58.4,-9.5,,,,
0.299,4,Atta_4,161.4,1065.5,320.8,-47.6,-5.3,,,,
0.299,5,Atta_5,187.2,1325.5,323.4,-50.1,1.9,,,,
0.299,6,Atta_6,225.5,1557.0,322.1,-29.7,-0.1,,,,
0.299,7,Atta_7,239.5,1777.6,321.1,28.7,-2.3,,,,
0.299,8,Atta_8,228.7,2001.2,319.8,90.8,-5.1,,,,
0.299,9,Atta_9,184.6,2299.3,316.4,-45.0,-8.9,,,,
0.299,10,Atta_10,151.2,2508.2,322.2,-42.3,-1.5,,,,
0.35,1,Atta_1,226.1,336.5,313.5,-104.4,-6.0,,,,
0.35,2,Atta_2,213.3,502.9,318.4,77.9,-4.3,,,,
0.35,3,Atta_3,176.0,764.8,316.4,30.1,-0.6,,,,
0.35,4,Atta_4,219.8,1020.3,316.0,73.8,-4.8,,,,
0.35,5,Atta_5,209.8,1251.6,316.6,77.3,-6.8,,,,
0.35,6,Atta_6,236.3,1512.5,315.1,45.8,-7.0,,,,
0.35,7,Atta_7,238.0,1743.5,313.0,34.1,-8.1,,,,
0.35,8,Atta_8,225.6,2019.7,315.4,-18.8,-4.4,,,,
0.35,9,Atta_9,186.4,2270.4,314.5,29.0,-1.9,,,,
0.35,10,Atta_10,222.7,2454.6,311.5,89.4,-10.7,,,,
0.483,1,Atta_1,256.7,220.3,307.5,120.2,-6.0,,,,
0.483,2,Atta_2,170.6,515.8,310.9,-44.6,-7.5,,,,
0.483,3,Atta_3,174.2,798.3,304.9,-33.5,-11.5,,,,
0.483,4,Atta_4,213.2,964.8,308.7,55.9,-7.3,,,,
0.483,5,Atta_5,217.7,1269.5,309.3,-19.6,-7.3,,,,
0.483,6,Atta_6,188.2,1541.8,313.1,-56.3,-2.0,,,,
0.483,7,Atta_7,213.2,1811.7,309.5,-72.6,-3.5,,,,
0.483,8,Atta_8,221.9,2009.8,308.2,10.6,-7.2,,,,
0.483,9,Atta_9,228.3,2245.3,309.0,48.8,-5.5,,,,
0.483,10,Atta_10,193.3,2472.5,310.5,-34.4,-1.0,,,,
0.549,1,Atta_1,242.4,238.9,301.4,-23.5,-6.1,,,,
0.549,2,Atta_2,239.8,485.5,300.4,75.5,-10.5,,,,
0.549,3,Atta_3,151.0,758.1,301.6,46.4,-3.3,,,,
0.549,4,Atta_4,184.1,1020.2,299.9,-62.6,-8.8,,,,
0.549,5,Atta_5,201.3,1248.4,299.3,26.7,-10.0,,,,
0.549,6,Atta_6,164.4,1555.0,301.5,-27.2,-11.6,,,,
0.549,7,Atta_7,195.8,1787.8,305.1,29.6,-4.4,,,,
0.549,8,Atta_8,222.0,2021.8,304.8,-12.0,-3.4,,,,
0.549,9,Atta_9,162.2,2298.1,303.7,-84.6,-5.3,,,,
0.549,10,Atta_10,213.6,2556.6,301.6,-86.5,-8.9,,,,
0.684,1,Atta_1,208.1,281.8,296.2,-54.9,-5.2,,,,
0.684,2,Atta_2,209.9,565.1,297.0,-85.0,-3.4,,,,
0.684,3,Atta_3,198.9,801.7,298.2,-64.8,-3.4,,,,
0.684,4,Atta_4,195.3,1058.2,293.4,-39.6,-6.5,,,,
0.684,5,Atta_5,200.3,1288.0,299.6,-39.6,0.3,,,,
0.684,6,Atta_6,198.3,1564.8,293.9,35.3,-7.6,,,,
0.684,7,Atta_7,227.0,1786.3,297.4,31.2,-7.7,,,,
0.684,8,Atta_8,228.7,1989.0,294.6,33.5,-10.2,,,,
0.684,9,Atta_9,215.1,2315.7,298.8,55.8,-4.9,,,,
0.684,10,Atta_10,206.3,2508.8,295.7,48.4,-5.9,,,,
0.749,1,Atta_1,210.2,255.8,291.7,26.1,-4.5,,,,
0.749,2,Atta_2,200.1,521.0,290.1,45.2,-6.9,,,,
0.749,3,Atta_3,193.8,759.0,294.0,43.0,-4.2,,,,
0.749,4,Atta_4,256.0,1051.9,292.7,61.0,-0.7,,,,
0.749,5,Atta_5,205.9,1248.3,295.6,40.1,-4.0,,,,
0.749,6,Atta_6,183.6,1533.3,290.8,34.8,-3.1,,,,
0.749,7,Atta_7,169.1,1787.5,293.1,-57.9,-4.3,,,,
0.749,8,Atta_8,182.0,2032.0,290.1,-63.5,-4.5,,,,
0.749,9,Atta_9,175.6,2277.2,291.1,55.2,-7.7,,,,
0.749,10,Atta_10,162.8,2536.6,291.7,-51.6,-4.0,,,,
0.816,1,Atta_1,176.5,268.5,287.5,-36.0,-4.2,,,,
0.816,2,Atta_2,229.1,500.9,288.0,35.3,-2.1,,,,
0.816,3,Atta_3,187.9,747.5,285.0,12.9,-9.0,,,,
0.816,4,Atta_4,232.9,1035.3,287.6,28.4,-5.1,,,,
0.816,5,Atta_5,194.5,1231.3,286.3,20.5,-9.3,,,,
0.816,6,Atta_6,192.2,1473.2,287.5,60.7,-3.3,,,,
0.816,7,Atta_7,242.5,1731.2,287.4,92.5,-5.7,,,,
0.816,8,Atta_8,196.6,2005.8,287.9,30.0,-2.2,,,,
0.816,9,Atta_9,202.0,2261.3,290.9,30.8,-0.2,,,,
0.816,10,Atta_10,222.3,2542.9,286.9,59.8,-4.8,,,,
0.869,1,Atta_1,206.7,290.4,283.6,-37.3,-3.9,,,,
0.869,2,Atta_2,233.2,545.2,282.9,-44.5,-5.1,,,,
0.869,3,Atta_3,167.8,814.0,282.8,-69.5,-2.2,,,,
0.869,4,Atta_4,216.8,1049.2,284.6,-21.3,-3.0,,,,
0.869,5,Atta_5,240.1,1280.2,282.9,-66.9,-3.4,,,,
0.869,6,Atta_6,230.7,1541.8,281.6,-78.7,-5.9,,,,
0.869,7,Atta_7,230.3,1803.7,286.7,-73.5,-0.7,,,,
0.869,8,Atta_8,204.1,2034.5,279.8,-29.7,-8.1,,,,
0.869,9,Atta_9,207.1,2273.5,284.2,-13.2,-6.7,,,,
0.869,10,Atta_10,193.8,2557.5,288.1,-32.0,1.2,,,,
0.939,1,Atta_1,163.9,225.4,274.5,77.8,-9.1,,,,
0.939,2,Atta_2,220.7,531.2,280.9,18.8,-2.0,,,,
0.939,3,Atta_3,204.5,788.7,279.2,44.6,-3.6,,,,
0.939,4,Atta_4,220.4,1030.5,279.1,19.0,-5.5,,,,
0.939,5,Atta_5,198.2,1320.2,279.2,-57.9,-3.7,,,,
0.939,6,Atta_6,208.9,1487.1,280.5,58.9,-1.1,,,,
0.939,7,Atta_7,160.3,1755.9,278.4,84.8,-8.3,,,,
0.939,8,Atta_8,192.9,2010.8,277.7,26.2,-2.1,,,,
0.939,9,Atta_9,196.4,2320.8,278.0,-48.5,-6.2,,,,
0.939,10,Atta_10,180.9,2548.6,281.1,15.7,-7.0,,,,
1.008,1,Atta_1,207.6,298.9,273.8,-85.5,-0.7,,,,
1.008,2,Atta_2,208.1,454.7,270.8,77.5,-10.1,,,,
1.008,3,Atta_3,182.0,778.4,269.3,24.7,-9.9,,,,
1.008,4,Atta_4,192.0,1017.9,275.9,31.1,-3.2,,,,
1.008,5,Atta_5,198.4,1260.9,275.0,59.3,-4.2,,,,
1.008,6,Atta_6,208.2,1492.3,274.7,-5.2,-5.8,,,,
1.008,7,Atta_7,235.5,1789.2,273.8,-82.2,-4.6,,,,
1.008,8,Atta_8,191.2,1999.5,273.1,11.4,-4.6,,,,
1.008,9,Atta_9,190.8,2269.2,273.0,51.9,-5.0,,,,
1.008,10,Atta_10,189.7,2502.6,275.9,46.8,-5.2,,,,
1.062,1,Atta_1,241.1,295.8,272.8,33.6,-1.0,,,,
1.062,2,Atta_2,209.5,515.6,271.7,-60.9,0.9,,,,
1.062,3,Atta_3,184.3,832.4,272.9,-54.0,3.6,,,,
1.062,4,Atta_4,186.6,1040.7,275.6,-23.4,-0.3,,,,
1.062,5,Atta_5,215.0,1256.7,269.1,17.1,-5.9,,,,
1.062,6,Atta_6,203.6,1496.5,271.5,-6.2,-3.2,,,,
1.062,7,Atta_7,216.3,1745.3,273.5,47.9,-0.3,,,,
1.062,8,Atta_8,194.5,2045.8,272.4,-46.4,-0.7,,,,
1.062,9,Atta_9,230.7,2249.1,277.3,44.7,4.3,,,,
1.062,10,Atta_10,296.1,2543.9,271.9,-114.1,-4.0,,,,
1.128,1,Atta_1,195.7,275.7,268.9,49.7,-3.9,,,,
1.128,2,Atta_2,187.4,555.5,272.0,-45.6,0.3,,,,
1.128,3,Atta_3,191.8,783.7,271.3,49.3,-1.6,,,,
1.128,4,Atta_4,201.5,984.3,273.8,58.3,-1.8,,,,
1.128,5,Atta_5,163.3,1271.2,270.8,-53.7,1.7,,,,
1.128,6,Atta_6,157.7,1536.9,274.3,-61.1,2.8,,,,
1.128,7,Atta_7,276.5,1782.6,273.8,-70.8,0.3,,,,
1.128,8,Atta_8,220.4,1985.4,272.2,65.7,-0.2,,,,
1.128,9,Atta_9,224.1,2291.8,268.6,-43.2,-8.7,,,,
1.128,10,Atta_10,220.3,2505.3,274.4,85.1,2.5,,,,
1.194,1,Atta_1,202.9,264.3,269.8,13.5,0.9,,,,
1.194,2,Atta_2,193.5,547.6,273.7,10.0,1.7,,,,
1.194,3,Atta_3,183.2,801.8,270.4,-20.0,-0.9,,,,
1.194,4,Atta_4,212.5,1009.8,274.4,-27.8,0.6,,,,
1.194,5,Atta_5,200.5,1283.6,273.7,-39.2,2.9,,,,
1.194,6,Atta_6,235.8,1508.5,268.8,83.1,-5.5,,,,
1.194,7,Atta_7,209.8,1829.6,274.6,-81.6,0.8,,,,
1.194,8,Atta_8,173.7,2029.5,274.2,-64.2,2.0,,,,
1.194,9,Atta_9,205.1,2257.0,273.2,39.6,4.6,,,,
1.194,10,Atta_10,198.3,2506.7,271.6,-22.0,-2.8,,,,
1.262,1,Atta_1,170.3,351.6,270.0,-93.2,0.2,,,,
1.262,2,Atta_2,207.2,524.0,268.8,27.3,-4.9,,,,
1.262,3,Atta_3,142.1,764.0,271.9,55.8,1.5,,,,
1.262,4,Atta_4,224.2,1041.1,272.8,-33.4,-1.6,,,,
1.262,5,Atta_5,218.0,1251.0,272.9,37.0,-0.8,,,,
1.262,6,Atta_6,277.3,1560.5,276.4,-66.5,7.6,,,,
1.262,7,Atta_7,205.0,1846.5,273.5,-17.6,-1.1,,,,
1.262,8,Atta_8,183.5,2010.8,273.9,21.1,-0.3,,,,
1.262,9,Atta_9,170.3,2320.7,269.1,-72.6,-4.1,,,,
1.262,10,Atta_10,209.0,2494.6,275.8,16.2,4.2,,,,
1.331,1,Atta_1,206.1,231.2,270.3,125.6,0.3,,,,
1.331,2,Atta_2,227.1,527.2,272.8,-20.2,4.0,,,,
1.331,3,Atta_3,184.8,785.6,274.0,-47.9,2.1,,,,
1.331,4,Atta_4,192.4,1125.6,269.9,-90.3,-2.9,,,,
1.331,5,Atta_5,148.8,1254.2,274.9,-69.3,2.0,,,,
1.331,6,Atta_6,195.9,1521.1,274.2,90.4,-2.2,,,,
1.331,7,Atta_7,154.8,1776.3,271.0,86.3,-2.5,,,,
1.331,8,Atta_8,184.8,2056.6,268.9,-45.8,-5.0,,,,
1.331,9,Atta_9,212.2,2252.9,271.3,79.7,2.2,,,,
1.331,10,Atta_10,199.0,2500.8,273.8,-11.8,-2.0,,,,
1.398,1,Atta_1,203.2,287.6,273.9,-56.5,3.6,,,,
1.398,2,Atta_2,199.2,524.7,273.8,28.0,1.0,,,,
1.398,3,Atta_3,190.6,744.1,272.1,41.9,-1.9,,,,
1.398,4,Atta_4,164.2,1029.9,275.9,99.8,6.0,,,,
1.398,5,Atta_5,205.9,1222.1,271.5,65.5,-3.4,,,,
1.398,6,Atta_6,233.3,1527.8,272.3,-38.0,-1.9,,,,
1.398,7,Atta_7,215.4,1804.2,272.6,-66.7,1.6,,,,
1.398,8,Atta_8,239.1,2022.6,273.4,64.1,4.5,,,,
1.398,9,Atta_9,205.4,2312.9,271.7,-60.4,0.4,,,,
1.398,10,Atta_10,234.2,2567.7,272.1,-75.6,-1.7,,,,
1.466,1,Atta_1,219.0,267.0,267.9,26.0,-6.0,,,,
1.466,2,Atta_2,180.9,534.3,271.6,-20.7,-2.2,,,,
1.466,3,Atta_3,197.6,741.2,275.3,7.6,3.2,,,,
1.466,4,Atta_4,182.2,1024.4,275.1,18.8,-0.8,,,,
1.466,5,Atta_5,161.2,1320.9,270.6,-108.4,-0.9,,,,
1.466,6,Atta_6,172.5,1555.0,273.6,-66.6,1.3,,,,
1.466,7,Atta_7,208.8,1706.1,271.9,98.3,-0.7,,,,
1.466,8,Atta_8,237.0,2068.0,269.4,-45.4,-4.0,,,,
1.466,9,Atta_9,201.6,2255.8,276.8,57.2,5.1,,,,
1.466,10,Atta_10,189.5,2478.4,267.2,99.9,-4.9,,,,
1.532,1,Atta_1,172.6,281.2,270.8,-48.5,2.9,,,,
1.532,2,Atta_2,231.5,526.0,270.7,51.3,-0.9,,,,
1.532,3,Atta_3,201.4,747.2,270.1,-7.1,-5.2,,,,
1.532,4,Atta_4,168.7,1018.0,269.7,14.9,-5.4,,,,
1.532,5,Atta_5,188.7,1246.7,271.5,79.1,0.9,,,,
1.532,6,Atta_6,209.4,1613.8,272.3,-69.4,-1.3,,,,
1.532,7,Atta_7,212.7,1761.0,270.0,-55.0,-1.9,,,,
1.532,8,Atta_8,184.5,2010.8,271.2,77.6,1.8,,,,
1.532,9,Atta_9,189.2,2313.7,271.4,-59.2,-5.4,,,,
1.532,10,Atta_10,176.3,2539.3,269.0,-62.3,1.8,,,,
1.599,1,Atta_1,188.7,256.5,269.4,29.5,-1.4,,,,
1.599,2,Atta_2,226.8,502.3,274.0,24.2,3.3,,,,
1.599,3,Atta_3,186.6,858.8,271.5,-112.6,1.4,,,,
1.599,4,Atta_4,179.2,943.6,270.6,75.1,0.9,,,,
1.599,5,Atta_5,219.7,1240.5,268.4,31.6,-3.1,,,,
1.599,6,Atta_6,234.1,1478.2,273.0,137.8,0.7,,,,
1.599,7,Atta_7,190.4,1828.8,274.8,-71.4,4.8,,,,
1.599,8,Atta_8,174.2,2004.3,272.6,12.2,1.4,,,,
1.599,9,Atta_9,285.0,2288.9,275.1,99.0,3.7,,,,
1.599,10,Atta_10,184.5,2557.2,272.7,-19.7,3.7,,,,
1.715,1,Atta_1,187.7,279.0,275.0,-22.5,5.6,,,,
1.715,2,Atta_2,215.4,522.3,269.0,-23.0,-5.0,,,,
1.715,3,Atta_3,199.6,797.8,273.3,62.4,1.8,,,,
1.715,4,Atta_4,252.3,1026.7,270.5,-110.7,-0.1,,,,
1.715,5,Atta_5,263.6,1250.1,273.8,-44.9,5.4,,,,
1.715,6,Atta_6,222.4,1514.1,270.7,-37.8,-2.3,,,,
1.715,7,Atta_7,196.5,1837.8,273.0,-10.9,-1.8,,,,
1.715,8,Atta_8,209.7,2024.8,275.5,-41.0,2.9,,,,
1.715,9,Atta_9,179.2,2303.2,273.2,-106.8,-1.9,,,,
1.715,10,Atta_10,170.6,2582.0,273.1,-28.4,0.4,,,,
1.781,2,Atta_2,230.0,552.4,272.8,-33.5,3.8,,,,
1.781,3,Atta_3,242.3,778.1,271.3,47.0,-2.0,,,,
1.781,4,Atta_4,194.5,976.2,273.1,76.8,2.6,,,,
1.781,5,Atta_5,213.5,1269.7,273.8,-53.8,0.0,,,,
1.781,6,Atta_6,233.8,1547.6,274.2,-35.4,3.5,,,,
1.781,7,Atta_7,224.5,1728.4,273.2,112.9,0.2,,,,
1.781,8,Atta_8,179.8,2029.4,275.6,-30.3,0.1,,,,
1.781,9,Atta_9,182.1,2294.2,271.6,9.5,-1.6,,,,
1.781,10,Atta_10,195.3,2538.9,273.0,49.7,-0.1,,,,
1.898,1,Atta_1,212.9,303.1,270.6,-34.9,-4.4,,,,
1.898,2,Atta_2,287.1,532.0,272.3,60.6,-0.5,,,,
1.898,3,Atta_3,183.7,753.9,271.5,63.4,0.2,,,,
1.898,4,Atta_4,235.7,995.8,276.2,-45.6,3.1,,,,
1.898,5,Atta_5,205.4,1311.5,274.8,-42.6,1.0,,,,
1.898,6,Atta_6,232.9,1543.4,273.5,4.3,-0.7,,,,
1.898,7,Atta_7,208.5,1777.1,276.0,-51.3,2.8,,,,
1.898,8,Atta_8,120.9,2098.1,273.7,-90.5,-1.9,,,,
1.898,9,Atta_9,192.0,2261.8,270.2,33.9,-1.4,,,,
1.898,10,Atta_10,207.7,2556.2,271.1,-21.3,-1.9,,,,
1.968,1,Atta_1,163.0,277.2,274.7,56.2,4.1,,,,
1.968,2,Atta_2,206.9,547.3,272.8,-81.6,0.5,,,,
1.968,3,Atta_3,236.6,757.7,273.0,-53.0,1.5,,,,
1.968,4,Atta_4,174.9,991.6,268.7,-60.9,-7.5,,,,
1.968,5,Atta_5,174.3,1288.3,265.8,38.8,-9.0,,,,
1.968,6,Atta_6,210.6,1483.8,272.0,63.6,-1.5,,,,
1.968,7,Atta_7,256.3,1830.9,276.1,-72.0,0.1,,,,
1.968,8,Atta_8,211.1,2011.2,272.1,125.3,-1.6,,,,
1.968,9,Atta_9,221.0,2251.9,275.4,30.6,5.2,,,,
1.968,10,Atta_10,238.3,2576.9,271.7,-36.9,0.6,,,,
2.019,1,Atta_1,238.2,262.3,270.6,76.7,-4.1,,,,
2.019,2,Atta_2,181.9,597.8,274.0,-56.3,1.2,,,,
2.019,3,Atta_3,194.6,781.1,271.6,-48.1,-1.4,,,,
2.019,4,Atta_4,223.2,1007.4,273.4,-50.8,4.7,,,,
2.019,5,Atta_5,188.1,1276.2,273.2,18.4,7.4,,,,
2.019,6,Atta_6,208.5,1488.9,271.7,-5.5,-0.3,,,,
2.019,7,Atta_7,175.9,1723.2,275.7,134.4,-0.4,,,,
2.019,8,Atta_8,228.5,2039.9,274.2,-33.6,2.1,,,,
2.019,9,Atta_9,247.5,2266.5,271.1,-30.3,-4.3,,,,
2.019,10,Atta_10,176.9,2487.7,273.1,108.3,1.4,,,,
2.085,1,Atta_1,170.5,302.9,271.2,-78.9,0.6,,,,
2.085,2,Atta_2,159.2,498.5,272.3,101.9,-1.7,,,,
2.085,3,Atta_3,247.9,803.2,271.9,-57.7,0.3,,,,
2.085,4,Atta_4,126.2,982.2,273.1,100.2,-0.3,,,,
2.085,5,Atta_5,192.5,1306.6,272.4,-30.7,-0.8,,,,
2.085,6,Atta_6,184.1,1524.6,273.9,-43.2,2.2,,,,
2.085,7,Atta_7,195.7,1807.3,270.2,-86.4,-5.5,,,,
2.085,8,Atta_8,188.3,2045.8,271.2,-40.6,-3.0,,,,
2.085,9,Atta_9,201.5,2290.3,273.1,-51.8,2.0,,,,
2.085,10,Atta_10,208.1,2497.8,275.0,-32.8,1.9,,,,
2.154,1,Atta_1,224.1,329.5,271.2,-59.8,0.0,,,,
2.154,2,Atta_2,163.5,553.6,271.1,-55.3,-1.2,,,,
2.154,3,Atta_3,265.9,794.9,271.1,19.8,-0.8,,,,
2.154,4,Atta_4,231.1,976.2,272.1,105.1,-1.0,,,,
2.154,5,Atta_5,220.0,1317.2,274.5,-29.5,2.1,,,,
2.154,6,Atta_6,219.6,1589.6,270.5,-74.1,-3.4,,,,
2.154,7,Atta_7,154.6,1816.8,272.5,-42.2,2.3,,,,
2.154,8,Atta_8,219.1,1991.9,272.8,62.1,1.6,,,,
2.154,9,Atta_9,177.9,2261.2,274.7,37.5,1.6,,,,
2.154,10,Atta_10,199.5,2487.2,273.2,13.6,-1.8,,,,
2.222,1,Atta_1,195.2,335.0,275.3,-29.4,4.1,,,,
2.222,2,Atta_2,143.8,578.0,273.6,-31.4,2.5,,,,
2.222,3,Atta_3,197.7,741.0,271.3,86.9,0.2,,,,
2.222,4,Atta_4,191.5,981.5,271.9,-40.0,-0.2,,,,
2.222,5,Atta_5,159.7,1342.7,275.4,-65.5,0.9,,,,
2.222,6,Atta_6,197.2,1551.3,275.3,44.4,4.8,,,,
2.222,7,Atta_7,180.3,1811.6,270.4,26.2,-2.1,,,,
2.222,8,Atta_8,226.1,2002.9,274.8,-13.0,2.0,,,,
2.222,9,Atta_9,250.8,2238.7,271.9,76.3,-2.8,,,,
2.222,10,Atta_10,215.1,2529.5,270.4,-45.1,-2.8,,,,
2.289,1,Atta_1,242.5,264.0,272.2,85.3,-3.1,,,,
2.289,2,Atta_2,247.2,511.7,271.9,122.8,-1.7,,,,
2.289,3,Atta_3,131.6,769.0,273.7,-71.8,2.4,,,,
2.289,4,Atta_4,238.7,1021.5,269.6,-61.9,-2.3,,,,
2.289,5,Atta_5,202.0,1290.1,271.9,67.5,-3.5,,,,
2.289,6,Atta_6,187.3,1528.8,271.9,24.6,-3.4,,,,
2.289,7,Atta_7,235.8,1758.6,272.3,76.7,1.9,,,,
2.289,8,Atta_8,191.3,2030.7,272.1,-44.5,-2.7,,,,
2.289,9,Atta_9,238.9,2274.5,274.3,-37.7,2.4,,,,
2.289,10,Atta_10,170.7,2576.9,272.0,-64.9,1.6,,,,
2.354,1,Atta_1,247.6,249.7,271.0,15.2,-1.2,,,,
2.354,2,Atta_2,203.2,543.4,273.0,-54.2,1.1,,,,
2.354,3,Atta_3,193.3,793.7,274.6,-66.5,0.9,,,,
2.354,4,Atta_4,183.6,1047.9,273.1,-61.1,3.5,,,,
2.354,5,Atta_5,226.9,1271.5,270.4,31.1,-1.5,,,,
2.354,6,Atta_6,150.8,1465.2,267.6,73.3,-4.3,,,,
2.354,7,Atta_7,181.5,1794.7,271.8,-65.2,-0.5,,,,
2.354,8,Atta_8,176.4,2006.6,273.8,28.3,1.7,,,,
2.354,10,Atta_10,202.2,2499.7,271.6,83.4,-0.4,,,,
2.42,1,Atta_1,167.7,277.6,272.9,-84.6,1.9,,,,
2.42,2,Atta_2,188.1,560.0,269.3,-22.4,-3.7,,,,
2.42,3,Atta_3,162.4,773.9,272.7,36.7,-1.9,,,,
2.42,4,Atta_4,189.8,1044.0,274.7,7.3,1.6,,,,
2.42,5,Atta_5,266.1,1225.2,274.0,60.7,3.6,,,,
2.42,6,Atta_6,219.7,1553.1,272.4,-111.7,4.8,,,,
2.42,7,Atta_7,200.6,1735.4,271.6,62.3,-0.2,,,,
2.42,8,Atta_8,206.8,1976.2,272.6,43.0,-1.2,,,,
2.42,9,Atta_9,209.6,2213.8,272.2,67.4,-2.1,,,,
2.42,10,Atta_10,271.3,2513.6,273.8,-70.5,2.2,,,,
2.487,1,Atta_1,160.3,244.2,271.2,34.2,-1.7,,,,
2.487,2,Atta_2,205.2,544.9,274.0,22.8,4.7,,,,
2.487,3,Atta_3,230.6,787.5,276.0,-69.5,3.3,,,,
2.487,4,Atta_4,208.5,1018.6,274.7,31.5,0.0,,,,
2.487,5,Atta_5,194.8,1240.1,277.6,-72.8,3.6,,,,
2.487,6,Atta_6,235.7,1522.2,274.4,34.8,2.0,,,,
2.487,7,Atta_7,220.8,1798.2,272.8,-66.0,1.2,,,,
2.487,8,Atta_8,202.6,2063.1,274.2,-87.0,1.6,,,,
2.487,9,Atta_9,162.2,2229.7,270.2,-50.0,-2.0,,,,
2.487,10,Atta_10,199.7,2535.7,270.9,-74.9,-2.9,,,,
2.538,1,Atta_1,195.3,294.5,272.8,-61.3,1.6,,,,
2.538,2,Atta_2,210.5,529.0,271.9,16.8,-2.1,,,,
2.538,3,Atta_3,224.9,813.7,270.5,-26.8,-5.5,,,,
2.538,4,Atta_4,199.2,1008.9,271.2,13.4,-3.5,,,,
2.538,5,Atta_5,233.1,1262.7,270.2,-44.5,-7.4,,,,
2.538,6,Atta_6,236.1,1551.4,271.5,-29.2,-2.9,,,,
2.538,7,Atta_7,179.4,1834.4,270.7,-55.0,-2.1,,,,
2.538,8,Atta_8,205.3,2051.5,273.8,11.9,-0.4,,,,
2.538,9,Atta_9,199.4,2298.3,273.5,-78.0,3.3,,,,
2.538,10,Atta_10,219.2,2543.0,270.8,-20.8,-0.1,,,,
2.608,1,Atta_1,226.1,230.6,271.9,70.9,-0.9,,,,
2.608,2,Atta_2,200.2,570.3,275.5,-42.6,3.6,,,,
2.608,3,Atta_3,243.6,786.6,274.3,32.9,3.8,,,,
2.608,4,Atta_4,165.3,1072.2,269.8,-71.8,-1.4,,,,
2.608,5,Atta_5,262.4,1232.9,275.1,41.8,4.9,,,,
2.608,6,Atta_6,229.0,1525.0,274.7,27.3,3.2,,,,
2.608,7,Atta_7,229.8,1803.8,271.3,59.0,0.6,,,,
2.608,8,Atta_8,188.3,2030.8,272.3,26.8,-1.5,,,,
2.608,9,Atta_9,255.4,2306.3,271.1,-56.6,-2.4,,,,
2.608,10,Atta_10,179.3,2498.0,275.3,60.1,4.5,,,,
2.673,1,Atta_1,195.5,259.1,272.7,-41.8,0.8,,,,
2.673,2,Atta_2,195.4,474.4,272.3,96.0,-3.2,,,,
2.673,3,Atta_3,214.7,781.0,273.3,29.4,-1.0,,,,
2.673,5,Atta_5,255.2,1355.7,274.1,-123.0,-1.0,,,,
2.673,6,Atta_6,197.3,1481.0,273.4,54.2,-1.3,,,,
2.673,7,Atta_7,214.8,1753.3,274.9,52.7,3.6,,,,
2.673,8,Atta_8,239.3,2034.5,273.4,-51.1,1.1,,,,
2.673,9,Atta_9,295.4,2208.1,275.4,106.0,4.3,,,,
2.673,10,Atta_10,160.5,2538.6,272.3,-44.7,-3.0,,,,
2.806,1,Atta_1,215.3,271.4,269.7,-23.3,-3.0,,,,
2.806,2,Atta_2,194.0,528.5,273.0,-54.1,0.7,,,,
2.806,3,Atta_3,221.3,824.1,272.4,-43.6,-0.9,,,,
2.806,4,Atta_4,243.9,1071.8,274.4,78.6,4.6,,,,
2.806,5,Atta_5,202.9,1254.8,272.5,113.6,-1.6,,,,
2.806,6,Atta_6,200.5,1475.5,274.9,6.4,1.5,,,,
2.806,7,Atta_7,184.1,1738.4,274.1,34.1,-0.8,,,,
2.806,8,Atta_8,224.5,2019.2,273.7,21.3,0.3,,,,
2.806,9,Atta_9,205.0,2227.7,273.0,-92.5,-2.4,,,,
2.806,10,Atta_10,227.9,2569.8,272.5,-74.3,0.2,,,,
2.877,1,Atta_1,187.6,320.8,270.3,-56.6,0.6,,,,
2.877,2,Atta_2,207.5,532.9,271.3,-14.2,-1.7,,,,
2.877,3,Atta_3,264.7,767.9,274.4,71.0,2.0,,,,
2.877,4,Atta_4,173.4,1056.8,272.2,72.1,-2.2,,,,
2.877,5,Atta_5,244.1,1248.5,268.3,41.7,-4.2,,,,
2.877,6,Atta_6,230.0,1513.0,274.6,-47.7,-0.3,,,,
2.877,7,Atta_7,204.5,1777.6,271.1,-44.2,-3.0,,,,
2.877,9,Atta_9,186.1,2274.5,273.1,-50.5,0.1,,,,
2.877,10,Atta_10,213.4,2539.8,270.8,33.3,-1.7,,,,
2.942,1,Atta_1,168.6,303.2,272.3,25.9,2.0,,,,
2.942,2,Atta_2,194.1,514.4,272.2,22.8,0.9,,,,
2.942,3,Atta_3,199.8,751.3,270.8,67.0,-3.6,,,,
2.942,4,Atta_4,212.2,1017.5,268.3,55.2,-3.9,,,,
2.942,5,Atta_5,201.2,1288.1,274.4,-58.4,6.1,,,,
2.942,6,Atta_6,205.8,1520.7,268.6,-25.4,-6.0,,,,
2.942,7,Atta_7,205.7,1761.1,271.5,16.5,0.4,,,,
2.942,8,Atta_8,196.2,2028.0,273.8,-29.6,0.1,,,,
2.942,9,Atta_9,235.1,2228.3,272.1,67.3,-1.0,,,,
2.942,10,Atta_10,198.1,2492.6,273.0,49.6,2.2,,,,
3.067,1,Atta_1,224.9,298.2,271.7,56.5,-0.6,,,,
3.067,2,Atta_2,156.4,485.2,271.8,47.7,-0.4,,,,
3.067,3,Atta_3,190.0,779.3,275.7,-29.7,4.9,,,,
3.067,4,Atta_4,207.8,996.2,271.2,21.7,2.9,,,,
3.067,5,Atta_5,225.9,1303.9,268.6,-29.3,-5.8,,,,
3.067,6,Atta_6,187.8,1522.4,272.4,-18.1,3.8,,,,
3.067,7,Atta_7,230.3,1724.6,271.9,44.0,0.4,,,,
3.067,8,Atta_8,247.5,2005.3,273.6,56.1,-0.2,,,,
3.067,9,Atta_9,232.7,2287.4,274.4,-59.1,2.3,,,,
3.067,10,Atta_10,261.0,2535.3,271.0,-76.0,-2.0,,,,
3.118,1,Atta_1,174.2,246.2,269.9,72.6,-1.8,,,,
3.118,2,Atta_2,161.1,506.7,271.6,-22.0,-0.2,,,,
3.118,3,Atta_3,260.9,734.1,268.9,84.1,-6.8,,,,
3.118,4,Atta_4,199.1,1000.4,273.5,-9.7,2.3,,,,
3.118,5,Atta_5,149.7,1292.1,273.6,77.1,5.0,,,,
3.118,6,Atta_6,259.9,1544.8,274.5,-75.5,2.1,,,,
3.118,7,Atta_7,249.8,1788.1,272.1,-66.4,0.2,,,,
3.118,8,Atta_8,200.3,2030.5,273.3,-53.5,-0.3,,,,
3.118,9,Atta_9,196.5,2282.9,274.6,36.5,0.2,,,,
3.118,10,Atta_10,228.4,2559.3,271.0,-40.5,0.0,,,,
3.184,1,Atta_1,226.6,253.1,270.9,-52.9,1.0,,,,
3.184,2,Atta_2,205.0,504.2,273.7,44.0,2.1,,,,
3.184,3,Atta_3,219.0,761.0,273.0,-49.8,4.1,,,,
3.184,4,Atta_4,210.2,1062.4,273.7,-63.0,0.2,,,,
3.184,5,Atta_5,173.2,1299.9,273.2,-24.8,-0.4,,,,
3.184,6,Atta_6,216.6,1492.0,273.5,68.3,-1.0,,,,
3.184,7,Atta_7,184.7,1767.7,270.2,68.2,-1.9,,,,
3.184,8,Atta_8,128.2,2012.5,273.9,74.3,0.6,,,,
3.184,9,Atta_9,208.2,2312.2,278.6,-31.5,4.0,,,,
3.184,10,Atta_10,243.4,2556.2,274.1,15.3,3.1,,,,
3.254,1,Atta_1,171.7,279.7,273.3,-61.0,2.4,,,,
3.254,2,Atta_2,252.4,525.7,271.0,-52.0,-2.7,,,,
3.254,3,Atta_3,217.3,775.7,272.8,-14.8,-0.2,,,,
3.254,4,Atta_4,235.0,1044.1,274.5,30.8,0.8,,,,
3.254,5,Atta_5,93.0,1298.6,272.8,-80.2,-0.4,,,,
3.254,6,Atta_6,244.1,1536.4,271.4,-52.2,-2.1,,,,
3.254,7,Atta_7,218.3,1755.4,270.7,35.8,0.5,,,,
3.254,8,Atta_8,204.3,2008.7,270.6,76.2,-3.3,,,,
3.254,9,Atta_9,190.3,2320.6,272.1,-19.8,-6.5,,,,
3.254,10,Atta_10,172.9,2535.5,275.5,73.5,1.4,,,,
3.305,1,Atta_1,210.5,305.5,272.2,-46.6,-1.1,,,,
3.305,2,Atta_2,181.2,563.4,271.8,-80.6,0.8,,,,
3.305,3,Atta_3,209.3,810.7,272.4,-35.9,-0.4,,,,
3.305,4,Atta_4,150.8,993.3,271.9,98.3,-2.6,,,,
3.305,5,Atta_5,212.9,1320.2,273.4,-121.8,0.6,,,,
3.305,6,Atta_6,203.1,1452.3,272.0,93.6,0.6,,,,
3.305,7,Atta_7,218.2,1729.3,273.5,26.1,2.8,,,,
3.305,8,Atta_8,230.1,2034.8,275.5,-36.7,4.9,,,,
3.305,9,Atta_9,217.0,2266.1,274.1,60.7,2.0,,,,
3.305,10,Atta_10,240.0,2550.5,272.2,-68.8,-3.3,,,,
3.371,1,Atta_1,189.0,300.2,273.3,22.1,1.1,,,,
3.371,2,Atta_2,185.1,550.6,269.9,13.4,-1.9,,,,
3.371,3,Atta_3,219.4,756.4,274.2,55.2,1.8,,,,
3.371,4,Atta_4,191.8,978.0,271.3,43.8,-0.6,,,,
3.371,5,Atta_5,178.0,1300.7,272.6,40.0,-0.8,,,,
3.371,6,Atta_6,239.2,1535.8,273.7,-91.0,1.7,,,,
3.371,7,Atta_7,194.0,1807.9,275.0,-82.2,1.5,,,,
3.371,8,Atta_8,130.2,2054.8,275.5,-101.9,0.0,,,,
3.371,9,Atta_9,211.1,2283.0,273.9,-17.9,-0.2,,,,
3.371,10,Atta_10,210.2,2510.7,271.3,49.7,-0.9,,,,
3.438,1,Atta_1,201.0,232.1,271.6,69.1,-1.7,,,,
3.438,2,Atta_2,205.0,517.9,271.9,38.3,2.0,,,,
3.438,3,Atta_3,182.6,775.8,274.4,-41.6,0.2,,,,
3.438,4,Atta_4,254.1,1034.0,269.2,-83.8,-2.1,,,,
3.438,5,Atta_5,227.6,1272.8,274.5,56.9,1.9,,,,
3.438,6,Atta_6,164.6,1562.9,270.1,-79.4,-3.6,,,,
3.438,7,Atta_7,253.1,1780.6,271.0,65.1,-4.0,,,,
3.438,8,Atta_8,211.4,2018.5,272.1,88.9,-3.4,,,,
3.438,9,Atta_9,183.0,2309.1,270.5,-38.4,-3.4,,,,
3.438,10,Atta_10,227.9,2560.2,272.4,-52.6,1.1,,,,
3.504,1,Atta_1,182.6,222.2,272.2,20.9,0.6,,,,
3.504,2,Atta_2,184.3,522.1,270.8,-21.1,-1.1,,,,
3.504,3,Atta_3,163.7,818.9,272.6,-47.1,-1.8,,,,
3.504,4,Atta_4,223.6,1045.1,273.5,-32.5,4.3,,,,
3.504,5,Atta_5,159.4,1318.3,271.6,-82.0,-2.9,,,,
3.504,6,Atta_6,179.3,1559.4,274.1,15.1,4.0,,,,
3.504,7,Atta_7,182.6,1762.7,273.8,72.7,2.8,,,,
3.504,8,Atta_8,251.4,1951.7,272.8,77.9,0.7,,,,
3.504,9,Atta_9,221.9,2251.5,273.3,69.5,2.8,,,,
3.504,10,Atta_10,205.9,2531.5,269.8,36.2,-2.6,,,,
3.573,1,Atta_1,165.9,298.8,268.4,-78.4,-3.8,,,,
3.573,2,Atta_2,190.4,516.9,273.8,8.0,3.0,,,,
3.573,3,Atta_3,207.2,820.0,273.4,43.5,0.8,,,,
3.573,4,Atta_4,244.8,1021.6,273.0,31.6,-0.5,,,,
3.573,5,Atta_5,229.4,1278.8,271.7,80.4,0.1,,,,
3.573,6,Atta_6,177.2,1536.2,274.2,23.3,0.1,,,,
3.573,7,Atta_7,169.4,1732.5,271.9,33.0,-1.9,,,,
3.573,8,Atta_8,188.6,2044.7,273.5,-112.2,0.7,,,,
3.573,9,Atta_9,187.4,2234.4,271.9,38.5,-1.4,,,,
3.573,10,Atta_10,232.7,2528.3,271.5,27.0,1.7,,,,
3.641,1,Atta_1,188.4,244.0,271.4,59.2,3.0,,,,
3.641,2,Atta_2,208.4,499.6,273.8,25.0,0.0,,,,
3.641,3,Atta_3,209.2,743.9,273.2,76.1,-0.2,,,,
3.641,4,Atta_4,150.3,1022.8,276.8,-94.5,3.8,,,,
3.641,5,Atta_5,200.4,1298.2,271.9,-34.9,0.2,,,,
3.641,6,Atta_6,200.0,1509.1,269.3,35.4,-4.9,,,,
3.641,7,Atta_7,202.2,1787.5,269.5,-64.0,-2.4,,,,
3.641,8,Atta_8,203.2,2006.8,269.9,40.6,-3.6,,,,
3.641,9,Atta_9,191.0,2348.5,273.1,-114.2,1.2,,,,
3.641,10,Atta_10,218.1,2516.7,268.8,18.6,-2.7,,,,
3.709,1,Atta_1,201.4,284.9,270.7,-42.9,-0.7,,,,
3.709,2,Atta_2,183.1,526.6,271.5,-37.0,-2.3,,,,
3.709,3,Atta_3,246.1,752.0,272.3,-37.8,-0.9,,,,
3.709,4,Atta_4,155.4,1023.0,271.9,5.1,-4.9,,,,
3.709,5,Atta_5,238.6,1295.7,275.6,38.3,3.7,,,,
3.709,6,Atta_6,206.0,1594.9,270.9,-86.0,1.6,,,,
3.709,7,Atta_7,208.0,1836.0,272.4,-48.8,2.9,,,,
3.709,8,Atta_8,238.4,1997.1,274.6,36.5,4.7,,,,
3.709,9,Atta_9,245.8,2321.1,270.0,61.3,-3.1,,,,
3.709,10,Atta_10,213.4,2594.1,272.2,-77.5,3.4,,,,
3.771,1,Atta_1,171.5,268.9,272.3,33.9,1.6,,,,
3.771,2,Atta_2,221.7,539.3,268.5,-40.6,-3.0,,,,
3.771,3,Atta_3,220.1,797.5,270.7,-52.4,-1.6,,,,
3.771,4,Atta_4,195.4,984.7,272.3,55.4,0.4,,,,
3.771,5,Atta_5,200.7,1282.4,270.9,40.2,-4.7,,,,
3.771,6,Atta_6,182.1,1523.6,269.7,75.2,-1.2,,,,
3.771,7,Atta_7,143.7,1795.9,273.4,75.8,1.0,,,,
3.771,8,Atta_8,215.2,2010.3,272.2,-26.7,-2.4,,,,
3.771,9,Atta_9,197.0,2291.2,271.3,57.2,1.3,,,,
3.771,10,Atta_10,194.3,2516.0,271.8,80.4,-0.4,,,,
3.84,1,Atta_1,170.9,230.1,271.3,38.8,-1.0,,,,
3.84,2,Atta_2,158.8,504.0,271.6,72.1,3.1,,,,
3.84,3,Atta_3,182.2,729.9,274.2,77.5,3.5,,,,
3.84,4,Atta_4,229.8,985.9,269.4,34.4,-2.9,,,,
3.84,5,Atta_5,196.0,1230.0,272.5,52.6,1.6,,,,
3.84,6,Atta_6,208.2,1536.4,271.5,-29.1,1.8,,,,
3.84,7,Atta_7,207.9,1790.7,269.5,64.4,-3.9,,,,
3.84,8,Atta_8,296.9,2037.1,272.2,-86.0,0.0,,,,
3.84,9,Atta_9,168.8,2274.6,272.6,32.7,1.3,,,,
3.84,10,Atta_10,175.5,2550.1,275.5,-38.9,3.7,,,,
3.909,1,Atta_1,170.8,295.4,273.8,-65.3,2.5,,,,
3.909,2,Atta_2,197.5,489.4,272.4,41.4,0.8,,,,
3.909,3,Atta_3,200.3,762.0,270.2,-36.9,-4.0,,,,
3.909,4,Atta_4,220.7,1046.1,275.4,-60.9,6.0,,,,
3.909,5,Atta_5,174.0,1290.0,272.7,-63.9,0.2,,,,
3.909,6,Atta_6,232.3,1476.4,273.4,64.7,1.9,,,,
3.909,7,Atta_7,222.9,1776.0,273.8,21.0,4.3,,,,
3.909,8,Atta_8,177.4,2000.1,270.3,125.1,-1.9,,,,
3.909,9,Atta_9,211.7,2191.1,270.8,93.9,-1.8,,,,
3.909,10,Atta_10,215.0,2489.7,269.6,72.2,-5.9,,,,
3.977,1,Atta_1,264.7,296.5,272.5,93.9,-1.3,,,,
3.977,2,Atta_2,178.4,523.3,270.6,-38.9,-1.8,,,,
3.977,3,Atta_3,173.8,786.6,272.5,-36.2,2.3,,,,
3.977,4,Atta_4,189.0,1041.1,271.4,32.1,-4.0,,,,
3.977,5,Atta_5,197.0,1333.4,270.4,-49.1,-2.3,,,,
3.977,6,Atta_6,203.8,1532.2,270.7,-62.7,-2.7,,,,
3.977,7,Atta_7,157.2,1830.3,273.5,-85.2,-0.3,,,,
3.977,8,Atta_8,244.2,1984.4,273.8,68.6,3.5,,,,
3.977,9,Atta_9,220.9,2276.0,270.2,-85.4,-0.6,,,,
3.977,10,Atta_10,203.9,2495.7,270.4,-12.6,0.8,,,,
4.043,1,Atta_1,179.2,262.2,266.9,92.1,-5.6,,,,
4.043,2,Atta_2,225.4,510.8,271.7,48.6,1.1,,,,
4.043,3,Atta_3,214.2,820.7,275.0,-52.9,2.5,,,,
4.043,4,Atta_4,154.2,1027.1,271.8,37.5,0.4,,,,
4.043,5,Atta_5,172.0,1247.7,270.9,89.3,0.5,,,,
4.043,6,Atta_6,153.0,1482.3,269.2,71.2,-1.5,,,,
4.043,7,Atta_7,219.3,1771.1,274.1,85.8,0.6,,,,
4.043,8,Atta_8,180.4,2013.6,272.6,-70.2,-1.2,,,,
4.043,9,Atta_9,244.0,2231.3,275.0,50.3,4.8,,,,
4.043,10,Atta_10,214.3,2554.0,277.1,-59.2,6.7,,,,
4.109,1,Atta_1,182.5,245.9,271.2,16.6,4.3,,,,
4.109,2,Atta_2,227.8,532.2,271.0,-21.5,-0.7,,,,
4.109,3,Atta_3,249.3,793.4,269.7,44.5,-5.3,,,,
4.109,4,Atta_4,231.0,1010.5,269.9,78.6,-1.9,,,,
4.109,5,Atta_5,189.0,1304.4,271.1,-59.2,0.2,,,,
4.109,6,Atta_6,162.4,1502.1,271.8,-21.9,2.6,,,,
4.109,7,Atta_7,198.4,1795.9,274.2,-32.4,0.1,,,,
4.109,8,Atta_8,254.2,1969.3,271.2,86.1,-1.4,,,,
4.109,9,Atta_9,161.1,2259.4,275.1,-87.5,0.1,,,,
4.109,10,Atta_10,186.0,2528.4,271.4,38.2,-5.7,,,,
4.178,1,Atta_1,222.4,253.9,270.2,-40.7,-1.0,,,,
4.178,2,Atta_2,208.3,511.2,270.8,28.7,-0.2,,,,
4.178,3,Atta_3,183.8,760.7,275.0,73.2,5.3,,,,
4.178,4,Atta_4,158.4,1028.1,271.4,-74.7,1.5,,,,
4.178,5,Atta_5,214.0,1265.5,272.6,46.2,1.5,,,,
4.178,6,Atta_6,144.9,1526.9,271.4,-30.4,-0.4,,,,
4.178,7,Atta_7,180.0,1813.0,277.8,-25.1,3.6,,,,
4.178,8,Atta_8,172.3,2011.4,270.1,-92.1,-1.1,,,,
4.178,9,Atta_9,207.9,2270.9,275.4,-48.2,0.3,,,,
4.178,10,Atta_10,207.3,2533.1,271.8,-21.8,0.4,,,,
4.248,1,Atta_1,179.7,286.7,272.3,-53.8,2.1,,,,
4.248,2,Atta_2,216.3,520.5,269.9,-12.3,-0.9,,,,
4.248,3,Atta_3,204.6,742.9,273.0,27.4,-2.0,,,,
4.248,4,Atta_4,187.7,1059.2,274.8,-42.7,3.4,,,,
4.248,5,Atta_5,205.3,1254.7,273.9,13.9,1.3,,,,
4.248,6,Atta_6,267.1,1509.8,271.7,123.4,0.3,,,,
4.248,7,Atta_7,199.0,1779.8,275.8,38.3,-2.0,,,,
4.248,8,Atta_8,210.6,2002.8,273.9,39.3,3.8,,,,
4.248,9,Atta_9,142.6,2237.6,273.5,73.3,-1.9,,,,
4.248,10,Atta_10,182.5,2531.1,271.4,24.9,-0.4,,,,
4.303,1,Atta_1,195.5,265.2,272.5,26.7,0.2,,,,
4.303,2,Atta_2,161.1,552.6,269.7,-63.9,-0.2,,,,
4.303,3,Atta_3,201.2,785.9,268.3,-43.1,-4.7,,,,
4.303,4,Atta_4,140.7,1007.4,275.6,69.9,0.8,,,,
4.303,5,Atta_5,180.8,1287.1,273.3,-40.6,-0.6,,,,
4.303,6,Atta_6,200.0,1505.8,270.0,67.2,-1.7,,,,
4.303,7,Atta_7,152.5,1797.3,273.6,-49.7,-2.2,,,,
4.303,8,Atta_8,192.3,2040.0,275.6,-41.5,1.7,,,,
4.303,9,Atta_9,148.8,2267.2,273.0,-30.2,-0.5,,,,
4.303,10,Atta_10,197.0,2499.0,273.2,35.2,1.8,,,,
4.437,1,Atta_1,257.5,293.1,273.3,-68.0,0.8,,,,
4.437,2,Atta_2,218.4,517.5,275.6,67.2,5.9,,,,
4.437,3,Atta_3,230.1,809.5,267.7,-37.3,-0.6,,,,
4.437,4,Atta_4,172.7,962.9,271.7,54.8,-3.9,,,,
4.437,5,Atta_5,181.7,1308.2,272.1,-21.1,-1.2,,,,
4.437,6,Atta_6,183.7,1513.9,271.6,-18.2,1.6,,,,
4.437,7,Atta_7,178.1,1763.5,271.9,42.4,-1.7,,,,
4.437,8,Atta_8,200.1,2030.7,275.0,12.1,-0.6,,,,
4.437,9,Atta_9,158.7,2311.1,270.0,-45.0,-3.0,,,,
4.437,10,Atta_10,147.8,2546.4,264.4,-68.3,-8.8,,,,
4.505,1,Atta_1,143.8,242.3,267.1,124.5,-6.2,,,,
4.505,2,Atta_2,158.9,504.2,272.9,61.0,-2.7,,,,
4.505,3,Atta_3,242.4,740.7,273.7,69.9,6.0,,,,
4.505,4,Atta_4,209.0,1026.0,273.1,-72.8,1.4,,,,
4.505,5,Atta_5,207.5,1271.8,270.1,44.6,-2.0,,,,
4.505,6,Atta_6,168.1,1452.2,273.4,63.6,1.8,,,,
4.505,7,Atta_7,182.5,1790.0,269.9,-26.9,-2.0,,,,
4.505,8,Atta_8,224.2,2042.6,273.6,-26.9,-1.4,,,,
4.505,9,Atta_9,215.7,2243.6,274.0,88.3,4.0,,,,
4.505,10,Atta_10,188.5,2504.0,271.5,58.8,7.1,,,,
4.574,1,Atta_1,202.4,256.3,271.4,-60.2,4.3,,,,
4.574,2,Atta_2,200.9,516.8,272.2,-43.8,-0.7,,,,
4.574,3,Atta_3,178.4,788.0,272.8,-79.6,-0.9,,,,
4.574,4,Atta_4,194.0,1004.0,273.1,26.6,0.0,,,,
4.574,5,Atta_5,231.1,1242.0,271.7,38.0,1.6,,,,
4.574,6,Atta_6,188.1,1505.2,274.9,-56.6,1.5,,,,
4.574,7,Atta_7,229.7,1800.6,270.6,-48.4,0.7,,,,
4.574,8,Atta_8,191.5,2030.1,272.0,35.0,-1.6,,,,
4.574,9,Atta_9,209.9,2246.1,274.0,-6.3,0.0,,,,
4.574,10,Atta_10,216.6,2510.5,275.4,-28.8,3.9,,,,
4.688,1,Atta_1,178.5,266.6,271.6,-26.0,0.2,,,,
4.688,2,Atta_2,214.1,520.9,273.4,-13.8,1.2,,,,
4.688,3,Atta_3,202.3,799.7,271.9,-26.6,-0.9,,,,
4.688,4,Atta_4,235.5,1052.4,273.6,-63.8,0.5,,,,
4.688,5,Atta_5,184.0,1255.9,275.9,-49.1,4.2,,,,
4.688,6,Atta_6,216.4,1519.5,275.3,-31.7,0.4,,,,
4.688,7,Atta_7,240.1,1763.7,271.7,38.3,1.1,,,,
4.688,8,Atta_8,163.0,2049.8,272.0,-34.6,0.0,,,,
4.688,9,Atta_9,243.4,2262.1,269.5,-37.1,-4.5,,,,
4.688,10,Atta_10,244.9,2549.8,273.9,-48.4,-1.5,,,,
4.754,1,Atta_1,174.7,321.8,273.2,-55.3,1.6,,,,
4.754,2,Atta_2,168.3,564.5,275.9,-63.2,2.5,,,,
4.754,3,Atta_3,158.8,763.4,275.8,56.7,3.9,,,,
4.754,4,Atta_4,162.1,1035.8,274.3,75.3,0.7,,,,
4.754,5,Atta_5,220.0,1296.2,274.2,-54.0,-1.7,,,,
4.754,6,Atta_6,211.1,1518.2,271.0,5.5,-4.3,,,,
4.754,7,Atta_7,202.3,1787.5,274.5,-44.7,2.8,,,,
4.754,8,Atta_8,221.4,1996.4,270.0,79.1,-2.0,,,,
4.754,9,Atta_9,208.7,2227.7,272.3,48.9,2.8,,,,
4.754,10,Atta_10,211.4,2551.2,272.1,-33.5,-1.8,,,,
4.825,1,Atta_1,203.0,272.5,273.8,56.8,0.6,,,,
4.825,2,Atta_2,188.5,556.0,273.6,21.9,-2.3,,,,
4.825,3,Atta_3,192.1,736.6,274.6,42.7,-1.2,,,,
4.825,4,Atta_4,187.8,1084.3,270.5,-54.9,-3.8,,,,
4.825,5,Atta_5,210.7,1269.3,270.8,28.5,-3.4,,,,
4.825,6,Atta_6,175.6,1579.8,272.7,-71.1,1.7,,,,
4.825,7,Atta_7,202.6,1788.3,270.2,-0.9,-4.3,,,,
4.825,8,Atta_8,222.6,2094.9,274.7,-98.5,4.7,,,,
4.825,9,Atta_9,205.6,2209.9,275.3,18.1,3.0,,,,
4.825,10,Atta_10,174.7,2529.8,272.0,42.5,-0.1,,,,
4.891,1,Atta_1,159.0,251.0,271.9,49.0,-1.9,,,,
4.891,3,Atta_3,130.9,780.8,271.8,-75.5,-2.8,,,,
4.891,4,Atta_4,186.0,989.4,274.4,94.9,3.9,,,,
4.891,5,Atta_5,216.8,1318.2,271.7,-49.3,0.9,,,,
4.891,6,Atta_6,209.4,1589.3,272.9,-35.1,0.2,,,,
4.891,7,Atta_7,254.6,1793.4,270.5,-52.2,0.3,,,,
4.891,8,Atta_8,254.2,1978.8,269.8,120.3,-4.9,,,,
4.891,9,Atta_9,224.9,2295.0,270.9,-87.3,-4.4,,,,
4.891,10,Atta_10,144.2,2488.7,273.1,51.2,1.1,,,,
4.961,1,Atta_1,198.5,288.0,271.5,-54.1,-0.4,,,,
4.961,2,Atta_2,202.1,509.9,272.6,48.1,-1.0,,,,
4.961,3,Atta_3,242.0,792.4,269.7,-111.7,-2.1,,,,
4.961,4,Atta_4,195.3,1075.8,269.1,-86.9,-5.3,,,,
4.961,5,Atta_5,197.5,1288.1,271.6,35.8,-0.1,,,,
4.961,6,Atta_6,252.8,1496.5,273.1,102.4,0.2,,,,
4.961,7,Atta_7,130.0,1758.4,275.3,129.4,4.8,,,,
4.961,8,Atta_8,246.0,2013.8,274.1,-35.9,4.3,,,,
4.961,9,Atta_9,171.2,2293.3,270.2,53.7,-0.7,,,,
4.961,10,Atta_10,200.4,2529.1,273.8,-69.2,0.7,,,,
5.03,1,Atta_1,217.0,275.2,272.4,22.5,0.9,,,,
5.03,2,Atta_2,192.5,502.3,274.8,12.2,2.2,,,,
5.03,3,Atta_3,162.0,778.0,266.7,81.3,-3.0,,,,
5.03,4,Atta_4,238.5,1022.2,269.8,68.8,0.7,,,,
5.03,5,Atta_5,213.4,1327.6,272.2,-42.6,0.6,,,,
5.03,6,Atta_6,238.5,1531.9,274.7,-38.2,1.6,,,,
5.03,7,Atta_7,254.8,1783.4,276.1,-127.3,0.8,,,,
5.03,8,Atta_8,178.7,2055.2,270.4,-79.0,-3.7,,,,
5.03,9,Atta_9,179.3,2254.3,271.7,39.8,1.5,,,,
5.03,10,Atta_10,220.4,2545.9,273.3,-26.1,-0.5,,,,
5.098,1,Atta_1,234.9,199.4,271.4,77.9,-1.0,,,,
5.098,2,Atta_2,215.7,515.1,270.5,-26.5,-4.3,,,,
5.098,3,Atta_3,186.3,791.3,263.7,-27.7,-3.0,,,,
5.098,4,Atta_4,159.9,1048.7,273.9,-82.9,4.1,,,,
5.098,5,Atta_5,235.4,1290.0,271.8,43.6,-0.4,,,,
5.098,6,Atta_6,201.9,1520.3,270.0,38.4,-4.7,,,,
5.098,7,Atta_7,204.8,1800.4,271.6,-52.8,-4.5,,,,
5.098,8,Atta_8,187.5,2041.3,267.0,16.5,-3.4,,,,
5.098,9,Atta_9,226.7,2223.9,272.6,56.3,0.9,,,,
5.098,10,Atta_10,171.6,2515.8,267.6,57.3,-5.7,,,,
5.166,1,Atta_1,187.6,285.1,273.8,-97.9,2.4,,,,
5.166,2,Atta_2,117.5,462.2,269.9,111.5,-0.6,,,,
5.166,3,Atta_3,211.9,775.4,261.2,30.1,-2.5,,,,
5.166,4,Atta_4,160.9,998.7,269.6,50.0,-4.3,,,,
5.166,5,Atta_5,218.9,1203.5,277.6,88.1,5.8,,,,
5.166,6,Atta_6,127.0,1510.1,275.0,75.6,5.0,,,,
5.166,7,Atta_7,220.7,1771.4,271.0,33.1,-0.6,,,,
5.166,8,Atta_8,193.2,2047.3,260.4,-8.3,-6.6,,,,
5.166,9,Atta_9,222.5,2261.9,273.4,-38.2,0.8,,,,
5.166,10,Atta_10,195.5,2508.1,277.2,25.1,9.6,,,,
5.231,1,Atta_1,180.9,236.8,267.4,48.8,-6.4,,,,
5.231,2,Atta_2,249.9,563.2,269.2,-166.5,-0.7,,,,
5.231,3,Atta_3,225.5,821.4,258.5,-48.0,-2.7,,,,
5.231,4,Atta_4,186.3,1001.1,274.1,-25.5,4.5,,,,
5.231,5,Atta_5,229.3,1288.1,273.5,-85.2,-4.1,,,,
5.231,6,Atta_6,235.4,1528.8,270.6,-110.0,-4.4,,,,
5.231,7,Atta_7,251.8,1720.1,274.3,60.0,3.3,,,,
5.231,8,Atta_8,168.7,2016.2,259.2,39.6,-1.2,,,,
5.231,9,Atta_9,228.0,2282.4,272.0,-21.2,-1.4,,,,
5.231,10,Atta_10,128.5,2520.2,271.7,-68.1,-5.5,,,,
5.301,1,Atta_1,230.2,283.5,272.7,-67.9,5.3,,,,
5.301,2,Atta_2,183.4,523.2,269.3,77.6,0.1,,,,
5.301,3,Atta_3,168.9,795.2,250.8,62.4,-7.7,,,,
5.301,4,Atta_4,202.0,1000.2,276.6,15.7,2.5,,,,
5.301,5,Atta_5,180.8,1239.0,272.4,69.0,-1.1,,,,
5.301,6,Atta_6,221.9,1433.1,271.7,96.6,1.1,,,,
5.301,7,Atta_7,213.5,1724.2,272.7,-38.5,-1.6,,,,
5.301,8,Atta_8,186.0,2019.8,253.8,-17.7,-5.4,,,,
5.301,9,Atta_9,190.7,2216.6,274.2,75.6,2.2,,,,
5.301,10,Atta_10,199.9,2505.6,274.7,72.9,3.0,,,,
5.367,1,Atta_1,224.6,194.0,270.9,89.7,-1.8,,,,
5.367,2,Atta_2,200.9,425.6,268.6,99.2,-0.7,,,,
5.367,3,Atta_3,177.2,805.7,246.2,-13.4,-4.6,,,,
5.367,4,Atta_4,149.8,953.8,271.4,69.8,-5.2,,,,
5.367,5,Atta_5,228.8,1172.0,273.0,82.4,0.6,,,,
5.367,6,Atta_6,209.7,1453.3,271.6,-23.6,-0.1,,,,
5.367,7,Atta_7,188.1,1714.1,273.9,27.3,1.2,,,,
5.367,8,Atta_8,207.7,2015.9,249.8,-22.0,-4.0,,,,
5.367,9,Atta_9,137.8,2218.8,271.8,-52.9,-2.4,,,,
5.367,10,Atta_10,213.3,2458.7,273.9,48.8,-0.8,,,,
5.435,1,Atta_1,247.3,214.9,274.0,-30.9,3.1,,,,
5.435,2,Atta_2,208.0,443.3,272.8,-19.1,4.2,,,,
5.435,3,Atta_3,217.9,783.8,245.9,46.2,-0.3,,,,
5.435,4,Atta_4,217.0,950.7,270.8,67.3,-0.6,,,,
5.435,5,Atta_5,169.8,1207.3,271.6,-68.8,-1.4,,,,
5.435,6,Atta_6,167.1,1470.3,271.2,-45.9,-0.4,,,,
5.435,7,Atta_7,186.1,1699.8,271.2,14.4,-2.7,,,,
5.435,8,Atta_8,145.7,2086.6,244.1,-94.0,-5.7,,,,
5.435,9,Atta_9,201.7,2198.2,269.8,67.1,-2.0,,,,
5.435,10,Atta_10,181.5,2400.3,271.7,66.5,-2.2,,,,
5.503,1,Atta_1,203.7,211.9,269.6,-43.7,-4.4,,,,
5.503,2,Atta_2,158.9,372.6,274.2,86.1,1.4,,,,
5.503,3,Atta_3,194.7,802.2,241.1,-29.6,-4.8,,,,
5.503,4,Atta_4,179.5,924.8,272.2,45.6,1.4,,,,
5.503,5,Atta_5,177.7,1196.0,273.2,13.8,1.6,,,,
5.503,6,Atta_6,181.5,1411.3,272.4,60.7,1.2,,,,
5.503,7,Atta_7,211.6,1749.8,274.2,-56.1,3.0,,,,
5.503,8,Atta_8,223.6,2033.6,239.2,94.2,-4.9,,,,
5.503,9,Atta_9,234.9,2204.1,270.8,-33.7,1.0,,,,
5.503,10,Atta_10,168.3,2467.3,277.6,-68.3,5.9,,,,
5.571,1,Atta_1,206.1,182.7,273.3,29.3,3.7,,,,
5.571,2,Atta_2,256.3,436.5,270.7,-116.5,-3.5,,,,
5.571,3,Atta_3,126.7,729.6,235.5,99.5,-5.6,,,,
5.571,4,Atta_4,235.9,1013.6,273.8,-105.2,1.6,,,,
5.571,5,Atta_5,215.3,1173.7,270.9,43.7,-2.3,,,,
5.571,6,Atta_6,209.1,1489.1,268.2,-82.6,-4.2,,,,
5.571,7,Atta_7,225.3,1700.0,272.0,51.7,-2.2,,,,
5.571,8,Atta_8,166.9,2074.6,236.4,-70.0,-2.8,,,,
5.571,9,Atta_9,230.7,2179.9,273.3,24.6,2.5,,,,
5.571,10,Atta_10,198.4,2432.2,269.4,46.2,-8.2,,,,
5.638,1,Atta_1,202.0,219.3,271.6,-36.8,-1.7,,,,
5.638,2,Atta_2,244.2,422.2,272.4,18.7,1.7,,,,
5.638,3,Atta_3,147.2,746.3,231.1,-26.4,-4.4,,,,
5.638,4,Atta_4,161.5,953.2,276.3,95.8,2.5,,,,
5.638,5,Atta_5,148.4,1149.9,272.1,71.0,1.2,,,,
5.638,6,Atta_6,244.1,1434.0,272.2,65.3,4.0,,,,
5.638,7,Atta_7,204.8,1728.9,274.4,-35.4,2.4,,,,
5.638,8,Atta_8,198.4,1963.1,230.7,115.9,-5.7,,,,
5.638,9,Atta_9,207.9,2126.4,271.9,58.2,-1.4,,,,
5.638,10,Atta_10,210.2,2405.1,274.6,29.6,5.2,,,,
5.706,1,Atta_1,215.0,161.1,272.1,59.6,0.5,,,,
5.706,2,Atta_2,233.0,423.6,271.4,-11.3,-1.0,,,,
5.706,3,Atta_3,293.3,776.8,227.2,-149.2,-3.9,,,,
5.706,4,Atta_4,205.1,940.3,273.5,45.5,-2.8,,,,
5.706,5,Atta_5,205.4,1195.6,271.6,-73.1,-0.5,,,,
5.706,6,Atta_6,257.2,1434.0,274.3,13.1,2.1,,,,
5.706,7,Atta_7,207.6,1617.9,269.9,111.0,-4.5,,,,
5.706,8,Atta_8,179.9,1973.6,230.6,21.3,-0.1,,,,
5.706,9,Atta_9,148.2,2212.2,274.3,-104.5,2.4,,,,
5.706,10,Atta_10,234.1,2410.5,271.6,-24.5,-3.0,,,,
5.774,1,Atta_1,186.7,183.2,268.4,-35.9,-3.7,,,,
5.774,2,Atta_2,239.4,446.9,273.7,-24.2,2.3,,,,
5.774,3,Atta_3,172.2,781.8,224.1,121.2,-3.1,,,,
5.774,4,Atta_4,263.4,853.3,274.0,104.7,0.5,,,,
5.774,5,Atta_5,234.1,1158.8,272.0,46.7,0.4,,,,
5.774,6,Atta_6,194.2,1416.6,269.6,65.4,-4.7,,,,
5.774,7,Atta_7,179.2,1671.1,273.8,-60.3,3.9,,,,
5.774,8,Atta_8,186.7,2036.5,231.6,-63.3,1.0,,,,
5.774,9,Atta_9,245.4,2179.5,273.5,102.6,-0.8,,,,
5.774,10,Atta_10,215.0,2358.4,274.0,55.5,2.4,,,,
5.842,1,Atta_1,232.3,115.7,272.5,81.5,4.1,,,,
5.842,2,Atta_2,187.8,431.4,275.9,53.9,2.2,,,,
5.842,3,Atta_3,201.2,708.9,216.8,78.5,-7.3,,,,
5.842,4,Atta_4,203.8,941.7,274.9,-106.6,0.9,,,,
5.842,5,Atta_5,209.1,1104.6,277.0,59.7,5.0,,,,
5.842,6,Atta_6,211.3,1401.6,272.4,22.7,2.8,,,,
5.842,7,Atta_7,202.3,1624.4,272.4,52.1,-1.4,,,,
5.842,8,Atta_8,214.7,1988.8,228.8,55.3,-2.8,,,,
5.842,9,Atta_9,185.4,2236.0,270.8,-82.4,-2.7,,,,
5.842,10,Atta_10,200.9,2434.6,273.4,-77.5,-0.6,,,,
5.904,1,Atta_1,188.8,137.9,270.2,-48.8,-2.3,,,,
5.904,2,Atta_2,186.7,384.4,273.5,47.0,-2.4,,,,
5.904,3,Atta_3,239.2,809.5,215.0,-107.5,-1.8,,,,
5.904,4,Atta_4,178.3,999.5,274.7,-63.2,-0.2,,,,
5.904,5,Atta_5,170.3,1129.0,269.0,-45.8,-8.0,,,,
5.904,6,Atta_6,193.3,1398.3,275.7,18.3,3.3,,,,
5.904,7,Atta_7,161.8,1579.5,274.9,60.5,2.5,,,,
5.904,8,Atta_8,184.1,1996.8,229.7,31.6,0.9,,,,
5.904,9,Atta_9,213.4,2204.6,272.1,42.1,1.3,,,,
5.904,10,Atta_10,193.7,2313.9,269.8,120.9,-3.6,,,,
5.954,1,Atta_1,178.0,161.6,274.9,-26.0,4.7,,,,
5.954,2,Atta_2,201.1,332.1,270.9,54.2,-2.6,,,,
5.954,3,Atta_3,211.8,782.4,209.2,38.5,-5.8,,,,
5.954,4,Atta_4,224.4,978.1,275.0,50.8,0.3,,,,
5.954,5,Atta_5,199.6,1138.4,271.4,-30.8,2.4,,,,
5.954,6,Atta_6,211.8,1362.5,269.7,40.3,-6.0,,,,
5.954,7,Atta_7,171.6,1583.9,271.1,-10.7,-3.8,,,,
5.954,8,Atta_8,165.7,2072.3,229.6,-77.7,-0.1,,,,
5.954,9,Atta_9,149.6,2250.3,270.9,-78.5,-1.2,,,,
5.954,10,Atta_10,180.9,2365.0,274.5,-52.7,4.7,,,,
6.022,1,Atta_1,209.8,160.5,274.8,31.8,-0.1,,,,
6.022,2,Atta_2,237.8,311.5,270.6,42.1,-0.3,,,,
6.022,3,Atta_3,228.2,824.2,203.3,-44.9,-5.9,,,,
6.022,4,Atta_4,213.7,1031.1,272.8,-54.1,-2.2,,,,
6.022,5,Atta_5,165.8,1111.0,273.1,43.5,1.7,,,,
6.022,6,Atta_6,200.2,1393.0,272.4,-32.6,2.7,,,,
6.022,7,Atta_7,232.7,1571.1,272.1,62.4,1.0,,,,
6.022,8,Atta_8,234.2,2032.0,229.4,-79.5,-0.2,,,,
6.022,9,Atta_9,222.1,2223.8,271.0,77.2,0.1,,,,
6.022,10,Atta_10,195.5,2354.2,269.4,18.2,-5.1,,,,
6.093,1,Atta_1,202.4,216.0,273.3,-56.0,-1.5,,,,
6.093,2,Atta_2,229.0,307.4,270.2,9.7,-0.4,,,,
6.093,3,Atta_3,176.4,755.5,198.4,86.0,-4.9,,,,
6.093,4,Atta_4,208.4,989.6,273.7,41.8,0.9,,,,
6.093,5,Atta_5,274.6,1130.0,274.9,-110.4,1.8,,,,
6.093,6,Atta_6,214.6,1342.9,270.9,52.1,-1.5,,,,
6.093,7,Atta_7,221.3,1570.8,274.3,-11.4,2.2,,,,
6.093,8,Atta_8,195.5,1982.3,231.0,63.0,1.6,,,,
6.093,9,Atta_9,202.0,2277.1,275.1,-57.0,4.1,,,,
6.093,10,Atta_10,223.6,2384.4,272.7,-41.3,3.3,,,,
6.154,1,Atta_1,181.7,39.6,271.1,177.6,-2.2,,,,
6.154,2,Atta_2,272.2,334.7,270.6,-51.1,0.4,,,,
6.154,3,Atta_3,214.8,819.5,200.0,-74.6,1.6,,,,
6.154,4,Atta_4,193.4,1051.2,273.8,-63.4,0.1,,,,
6.154,5,Atta_5,212.4,1149.8,271.6,-65.3,-3.3,,,,
6.154,6,Atta_6,228.2,1351.4,270.1,-16.0,-0.8,,,,
6.154,7,Atta_7,200.9,1563.9,273.0,21.5,-1.3,,,,
6.154,8,Atta_8,222.7,2006.7,226.9,-36.5,-4.1,,,,
6.154,9,Atta_9,209.4,2260.0,276.9,18.6,1.8,,,,
6.154,10,Atta_10,187.6,2390.4,273.2,-36.5,0.5,,,,
6.225,1,Atta_1,251.3,81.7,271.3,-81.3,0.2,,,,
6.225,2,Atta_2,194.3,265.8,270.3,104.0,-0.3,,,,
6.225,3,Atta_3,165.0,756.0,195.7,80.7,-4.3,,,,
6.225,4,Atta_4,228.4,1032.0,278.7,39.9,4.9,,,,
6.225,5,Atta_5,234.0,1167.8,277.2,-28.1,5.6,,,,
6.225,6,Atta_6,223.3,1291.7,272.9,59.9,2.8,,,,
6.225,7,Atta_7,219.1,1572.0,271.3,-19.9,-1.7,,,,
6.225,8,Atta_8,184.7,2023.2,224.4,41.4,-2.5,,,,
6.225,9,Atta_9,149.1,2280.1,284.6,-63.6,7.7,,,,
6.225,10,Atta_10,219.0,2443.0,270.3,-61.3,-2.9,,,,
6.295,1,Atta_1,187.1,119.5,273.9,-74.5,2.6,,,,
6.295,2,Atta_2,213.7,316.1,272.6,-53.9,2.3,,,,
6.295,3,Atta_3,239.6,835.6,185.6,-109.1,-10.1,,,,
6.295,4,Atta_4,196.8,1022.2,286.0,33.1,7.3,,,,
6.295,5,Atta_5,218.7,1122.3,268.6,48.0,-8.6,,,,
6.295,6,Atta_6,244.2,1327.2,271.4,-41.2,-1.5,,,,
6.295,7,Atta_7,198.9,1566.9,272.6,20.8,1.3,,,,
6.295,8,Atta_8,192.7,1994.9,225.9,29.4,1.5,,,,
6.295,9,Atta_9,199.9,2264.7,286.1,53.1,1.5,,,,
6.295,10,Atta_10,175.2,2392.0,273.4,67.2,3.1,,,,
6.348,1,Atta_1,193.3,143.4,275.0,-24.7,1.1,,,,
6.348,2,Atta_2,176.1,307.6,269.9,38.5,-2.7,,,,
6.348,3,Atta_3,194.3,816.5,182.0,49.2,-3.6,,,,
6.348,4,Atta_4,222.3,1027.1,292.1,26.0,6.1,,,,
6.348,5,Atta_5,210.4,1139.8,268.1,-19.4,-0.5,,,,
6.348,6,Atta_6,212.5,1289.3,270.2,49.4,-1.2,,,,
6.348,7,Atta_7,182.6,1443.0,269.8,125.0,-2.8,,,,
6.348,8,Atta_8,167.2,2006.1,231.0,27.9,5.1,,,,
6.348,9,Atta_9,187.1,2219.8,290.7,46.7,4.6,,,,
6.348,10,Atta_10,221.9,2416.1,273.1,-52.6,-0.3,,,,
6.484,1,Atta_1,194.1,194.5,271.5,-51.1,-3.5,,,,
6.484,2,Atta_2,176.0,347.5,271.2,-39.9,1.3,,,,
6.484,3,Atta_3,222.0,737.7,173.6,-83.5,-8.4,,,,
6.484,4,Atta_4,261.0,1026.3,297.5,38.7,5.4,,,,
6.484,5,Atta_5,192.1,1208.3,280.2,-70.9,12.1,,,,
6.484,6,Atta_6,279.5,1368.2,273.5,-103.5,3.3,,,,
6.484,7,Atta_7,209.2,1501.1,273.6,-63.9,3.8,,,,
6.484,8,Atta_8,86.6,1904.4,231.4,129.8,0.4,,,,
6.484,9,Atta_9,163.0,2240.1,301.0,-31.5,10.3,,,,
6.484,10,Atta_10,218.1,2458.3,278.9,-42.4,5.8,,,,
6.551,1,Atta_1,166.9,175.3,273.0,33.3,1.5,,,,
6.551,2,Atta_2,213.4,292.9,272.5,66.2,1.3,,,,
6.551,3,Atta_3,206.0,794.8,167.6,59.3,-6.0,,,,
6.551,4,Atta_4,221.9,965.0,301.3,72.7,3.8,,,,
6.551,5,Atta_5,193.8,1169.9,282.9,38.4,2.7,,,,
6.551,6,Atta_6,204.6,1340.0,274.4,80.0,0.9,,,,
6.551,7,Atta_7,258.3,1519.8,274.0,-52.5,0.4,,,,
6.551,8,Atta_8,61.5,1911.6,233.6,26.1,2.2,,,,
6.551,9,Atta_9,154.2,2245.7,303.2,-10.4,2.2,,,,
6.551,10,Atta_10,233.9,2479.4,284.8,-26.4,5.9,,,,
6.666,1,Atta_1,164.6,191.6,276.6,-16.5,3.6,,,,
6.666,2,Atta_2,229.3,343.4,273.7,-52.9,1.2,,,,
6.666,3,Atta_3,147.2,795.9,159.7,58.8,-7.9,,,,
6.666,4,Atta_4,247.0,963.5,308.0,25.1,6.7,,,,
6.666,5,Atta_5,219.3,1236.7,284.8,-71.5,1.9,,,,
6.666,6,Atta_6,180.1,1366.8,273.2,-36.3,-1.2,,,,
6.666,7,Atta_7,203.9,1532.1,270.9,-55.8,-3.1,,,,
6.666,8,Atta_8,125.2,1959.3,232.3,-79.6,-1.3,,,,
6.666,9,Atta_9,238.3,2294.6,306.6,97.3,3.4,,,,
6.666,10,Atta_10,238.6,2489.3,287.9,-11.0,3.1,,,,
6.734,1,Atta_1,187.3,244.9,285.5,-57.9,8.9,,,,
6.734,2,Atta_2,167.3,340.0,269.4,-62.1,-4.3,,,,
6.734,3,Atta_3,181.4,787.1,160.4,-35.3,0.7,,,,
6.734,4,Atta_4,167.8,959.8,312.8,-79.3,4.8,,,,
6.734,5,Atta_5,209.6,1193.9,292.8,43.9,8.0,,,,
6.734,6,Atta_6,186.1,1419.6,269.5,-53.1,-3.7,,,,
6.734,7,Atta_7,178.0,1504.3,272.3,38.0,1.4,,,,
6.734,8,Atta_8,95.5,1939.4,232.0,35.8,-0.3,,,,
6.734,9,Atta_9,177.4,2236.2,313.6,84.4,7.0,,,,
6.734,10,Atta_10,230.9,2410.0,293.8,79.7,5.9,,,,
6.8,1,Atta_1,208.4,221.9,288.8,31.2,3.3,,,,
6.8,2,Atta_2,238.4,373.7,276.1,-78.7,6.7,,,,
6.8,3,Atta_3,172.7,828.0,153.9,41.8,-6.5,,,,
6.8,4,Atta_4,220.0,988.1,319.9,59.4,7.1,,,,
6.8,5,Atta_5,190.8,1137.7,295.4,59.3,2.6,,,,
6.8,6,Atta_6,255.1,1439.5,275.0,-71.8,5.5,,,,
6.8,7,Atta_7,166.8,1515.5,270.7,-15.8,-1.6,,,,
6.8,8,Atta_8,79.8,1944.0,230.9,16.4,-1.1,,,,
6.8,9,Atta_9,236.3,2182.0,316.4,80.0,2.8,,,,
6.8,10,Atta_10,209.2,2428.2,294.6,-28.3,0.8,,,,
6.871,1,Atta_1,220.5,138.2,294.2,84.6,5.4,,,,
6.871,2,Atta_2,242.6,334.9,274.6,39.0,-1.5,,,,
6.871,3,Atta_3,178.3,681.5,148.9,-146.6,-5.0,,,,
6.871,4,Atta_4,205.3,975.0,323.6,-19.7,3.7,,,,
6.871,5,Atta_5,143.6,1198.8,302.2,-77.2,6.8,,,,
6.871,6,Atta_6,193.5,1387.3,280.6,80.7,5.6,,,,
6.871,7,Atta_7,202.4,1532.5,268.9,-39.5,-1.8,,,,
6.871,8,Atta_8,52.2,1902.1,231.4,50.2,0.5,,,,
6.871,9,Atta_9,221.5,2257.1,321.8,-76.5,5.4,,,,
6.871,10,Atta_10,181.3,2418.7,300.2,-29.5,5.6,,,,
6.931,1,Atta_1,174.3,122.0,297.5,-49.0,3.3,,,,
6.931,2,Atta_2,184.7,385.0,279.3,-76.6,4.7,,,,
6.931,3,Atta_3,258.1,831.6,147.6,170.0,-1.3,,,,
6.931,4,Atta_4,178.8,979.6,328.9,-26.9,5.3,,,,
6.931,5,Atta_5,213.5,1196.0,304.8,70.0,2.6,,,,
6.931,6,Atta_6,219.7,1395.3,281.9,-27.4,1.3,,,,
6.931,7,Atta_7,197.2,1605.5,273.1,-73.2,4.2,,,,
6.931,8,Atta_8,109.2,1936.5,229.2,-66.6,-2.2,,,,
6.931,9,Atta_9,223.7,2307.7,327.6,-50.6,5.8,,,,
6.931,10,Atta_10,163.5,2481.8,308.6,-65.6,8.4,,,,
6.998,1,Atta_1,247.8,175.1,297.9,-90.7,0.4,,,,
6.998,2,Atta_2,164.4,368.3,280.3,26.3,1.0,,,,
6.998,3,Atta_3,200.5,736.9,141.2,-110.8,-6.4,,,,
6.998,4,Atta_4,172.0,1054.5,327.0,-75.2,-1.9,,,,
6.998,5,Atta_5,164.7,1196.2,311.6,-48.8,6.8,,,,
6.998,6,Atta_6,155.3,1318.7,289.9,100.1,8.0,,,,
6.998,7,Atta_7,213.4,1573.0,271.9,36.3,-1.2,,,,
6.998,8,Atta_8,81.0,1873.7,227.7,68.8,-1.5,,,,
6.998,9,Atta_9,146.6,2249.0,329.9,-96.9,2.3,,,,
6.998,10,Atta_10,156.9,2500.4,306.4,-19.7,-2.2,,,,
7.067,1,Atta_1,232.5,187.4,309.8,-19.6,11.9,,,,
7.067,2,Atta_2,197.3,418.7,281.4,-60.2,1.1,,,,
7.067,3,Atta_3,144.1,783.7,138.1,73.3,-3.1,,,,
7.067,4,Atta_4,151.9,1002.0,331.1,56.2,4.1,,,,
7.067,5,Atta_5,232.4,1262.2,314.1,-94.5,2.5,,,,
7.067,6,Atta_6,224.1,1380.3,296.3,-92.3,6.4,,,,
7.067,7,Atta_7,200.0,1664.8,269.6,-92.8,-2.3,,,,
7.067,8,Atta_8,72.1,1920.0,228.9,-47.1,1.2,,,,
7.067,9,Atta_9,162.9,2276.5,333.0,32.0,3.1,,,,
7.067,10,Atta_10,181.3,2419.0,312.5,85.0,6.1,,,,
7.138,1,Atta_1,194.0,195.7,310.8,-39.4,1.0,,,,
7.138,2,Atta_2,262.1,368.0,289.4,82.3,8.0,,,,
7.138,3,Atta_3,271.7,731.9,132.2,-137.7,-5.9,,,,
7.138,4,Atta_4,187.4,1008.7,331.0,36.1,-0.1,,,,
7.138,5,Atta_5,159.7,1224.4,316.8,-81.9,2.7,,,,
7.138,6,Atta_6,239.2,1408.8,295.7,-32.3,-0.6,,,,
7.138,7,Atta_7,211.5,1565.2,276.6,100.3,7.0,,,,
7.138,8,Atta_8,56.3,1901.4,229.2,24.4,0.3,,,,
7.138,9,Atta_9,237.2,2268.5,328.4,74.7,-4.6,,,,
7.138,10,Atta_10,217.3,2438.9,318.6,41.1,6.1,,,,
7.204,1,Atta_1,211.0,205.3,320.1,19.5,9.3,,,,
7.204,2,Atta_2,244.7,350.6,293.6,24.6,4.2,,,,
7.204,3,Atta_3,196.1,796.0,131.5,99.1,-0.7,,,,
7.204,4,Atta_4,143.9,1011.3,328.9,-43.6,-2.1,,,,
7.204,5,Atta_5,165.7,1233.1,325.1,-10.6,8.3,,,,
7.204,6,Atta_6,238.3,1432.3,299.2,-23.5,3.5,,,,
7.204,7,Atta_7,271.4,1618.1,279.3,-79.9,2.7,,,,
7.204,8,Atta_8,108.6,1944.5,225.4,-67.8,-3.8,,,,
7.204,9,Atta_9,161.6,2229.5,328.9,-85.1,0.5,,,,
7.204,10,Atta_10,194.4,2450.2,320.6,-25.5,2.0,,,,
7.27,1,Atta_1,226.5,156.1,320.6,51.6,0.5,,,,
7.27,2,Atta_2,143.5,353.9,297.1,-101.3,3.5,,,,
7.27,3,Atta_3,231.8,766.3,123.4,-46.4,-8.1,,,,
7.27,4,Atta_4,227.8,963.3,331.5,96.7,2.6,,,,
7.27,5,Atta_5,194.3,1178.2,328.6,61.9,3.5,,,,
7.27,6,Atta_6,175.6,1337.0,305.6,114.1,6.4,,,,
7.27,7,Atta_7,204.2,1628.3,286.0,-68.0,6.7,,,,
7.27,8,Atta_8,127.5,1945.1,225.2,-18.9,-0.2,,,,
7.27,9,Atta_9,195.6,2221.7,332.4,34.9,3.5,,,,
7.27,10,Atta_10,161.4,2467.6,328.6,-37.3,8.0,,,,
7.337,1,Atta_1,156.1,163.1,322.1,-70.7,1.5,,,,
7.337,2,Atta_2,164.9,383.4,303.5,-36.4,6.4,,,,
7.337,3,Atta_3,212.8,783.7,117.5,25.8,-5.9,,,,
7.337,4,Atta_4,144.3,1031.6,329.8,-107.9,-1.7,,,,
7.337,5,Atta_5,219.9,1188.8,326.3,27.7,-2.3,,,,
7.337,6,Atta_6,232.8,1403.3,309.6,-87.6,4.0,,,,
7.337,7,Atta_7,229.3,1591.8,288.1,44.3,2.1,,,,
7.337,8,Atta_8,111.2,1916.0,227.1,33.4,1.9,,,,
7.337,9,Atta_9,147.1,2215.8,329.9,-48.9,-2.5,,,,
7.337,10,Atta_10,227.9,2428.0,329.7,77.4,1.1,,,,
7.393,1,Atta_1,160.9,91.1,329.2,72.2,7.1,,,,
7.393,2,Atta_2,154.0,351.2,305.4,34.0,1.9,,,,
7.393,3,Atta_3,201.1,770.6,112.9,-17.6,-4.6,,,,
7.393,4,Atta_4,211.2,1000.9,331.0,73.6,1.2,,,,
7.393,5,Atta_5,226.8,1244.7,328.6,-56.3,2.3,,,,
7.393,6,Atta_6,192.9,1388.6,315.8,-42.5,6.2,,,,
7.393,7,Atta_7,206.6,1610.3,296.8,-29.3,8.7,,,,
7.393,8,Atta_8,70.5,1951.9,227.0,54.3,-0.1,,,,
7.393,9,Atta_9,207.2,2305.1,331.0,107.6,1.1,,,,
7.393,10,Atta_10,169.9,2408.9,334.1,-61.1,4.4,,,,
7.464,1,Atta_1,220.9,202.9,327.5,-126.9,-1.7,,,,
7.464,2,Atta_2,164.8,368.8,309.4,-20.6,4.0,,,,
7.464,3,Atta_3,164.5,713.9,113.7,-67.5,0.8,,,,
7.464,4,Atta_4,229.5,990.2,329.8,21.2,-1.2,,,,
7.464,5,Atta_5,194.7,1206.5,327.4,-49.9,-1.2,,,,
7.464,6,Atta_6,151.1,1390.8,320.4,-41.9,4.6,,,,
7.464,7,Atta_7,229.0,1571.6,297.8,44.7,1.0,,,,
7.464,8,Atta_8,167.0,1936.7,224.1,-97.7,-2.9,,,,
7.464,9,Atta_9,209.5,2212.8,331.4,92.3,0.4,,,,
7.464,10,Atta_10,209.9,2470.9,327.2,73.8,-6.9,,,,
7.516,1,Atta_1,230.1,167.2,334.5,36.9,7.0,,,,
7.516,2,Atta_2,182.3,316.8,315.0,54.9,5.6,,,,
7.516,3,Atta_3,216.7,751.7,104.9,64.4,-8.8,,,,
7.516,4,Atta_4,198.4,1018.4,329.4,-42.0,-0.4,,,,
7.516,5,Atta_5,178.3,1194.9,325.3,-20.1,-2.1,,,,
7.516,6,Atta_6,206.7,1369.3,323.8,59.6,3.4,,,,
7.516,7,Atta_7,188.2,1600.9,302.8,-50.2,5.0,,,,
7.516,8,Atta_8,175.3,1942.5,230.4,-10.1,6.3,,,,
7.516,9,Atta_9,245.4,2235.0,328.5,42.2,-2.9,,,,
7.516,10,Atta_10,193.3,2440.0,331.9,35.1,4.7,,,,
7.582,1,Atta_1,170.8,183.8,330.3,-61.6,-4.2,,,,
7.582,2,Atta_2,195.4,380.4,318.7,-64.9,3.7,,,,
7.582,3,Atta_3,167.8,753.7,99.4,48.9,-5.5,,,,
7.582,4,Atta_4,267.7,951.6,330.0,96.3,0.6,,,,
7.582,5,Atta_5,238.1,1221.2,329.2,65.3,3.9,,,,
7.582,6,Atta_6,183.9,1391.5,326.7,-31.8,2.9,,,,
7.582,7,Atta_7,171.1,1652.7,305.8,-54.5,3.0,,,,
7.582,8,Atta_8,180.0,1960.0,234.7,-18.1,4.3,,,,
7.582,9,Atta_9,259.1,2163.8,325.4,72.5,-3.1,,,,
7.582,10,Atta_10,191.0,2449.2,330.1,-9.5,-1.8,,,,
7.648,1,Atta_1,190.5,159.0,331.3,31.7,1.0,,,,
7.648,2,Atta_2,179.4,389.5,323.9,-18.4,5.2,,,,
7.648,3,Atta_3,194.1,740.5,94.5,-29.4,-4.9,,,,
7.648,4,Atta_4,247.0,931.4,329.9,-28.9,-0.1,,,,
7.648,5,Atta_5,201.2,1221.4,329.9,-36.9,0.7,,,,
7.648,6,Atta_6,197.1,1368.1,329.2,26.9,2.5,,,,
7.648,7,Atta_7,198.4,1588.8,310.3,69.5,4.5,,,,
7.648,8,Atta_8,154.7,1954.0,238.3,26.0,3.6,,,,
7.648,9,Atta_9,166.3,2201.8,332.0,-100.3,6.6,,,,
7.648,10,Atta_10,226.6,2482.4,331.8,48.7,1.7,,,,
7.714,1,Atta_1,209.5,147.5,327.8,22.2,-3.5,,,,
7.714,2,Atta_2,281.8,372.4,330.7,103.8,6.8,,,,
7.714,3,Atta_3,177.6,753.5,93.9,21.0,-0.6,,,,
7.714,4,Atta_4,240.2,976.2,327.6,-45.3,-2.3,,,,
7.714,5,Atta_5,227.7,1169.6,330.7,58.2,0.8,,,,
7.714,6,Atta_6,149.5,1387.2,330.3,-51.3,1.1,,,,
7.714,7,Atta_7,147.6,1601.1,314.4,-52.3,4.1,,,,
7.714,8,Atta_8,116.9,1930.3,243.2,44.6,4.9,,,,
7.714,9,Atta_9,270.6,2223.0,329.2,106.4,-2.8,,,,
7.714,10,Atta_10,228.1,2449.5,330.5,32.9,-1.3,,,,
7.843,1,Atta_1,211.6,172.6,329.2,-25.2,1.4,,,,
7.843,2,Atta_2,235.5,369.0,330.1,-46.4,-0.6,,,,
7.843,3,Atta_3,226.0,778.6,95.0,54.5,1.1,,,,
7.843,4,Atta_4,313.3,947.7,328.0,78.5,0.4,,,,
7.843,5,Atta_5,240.2,1144.3,327.1,28.2,-3.6,,,,
7.843,6,Atta_6,157.9,1419.3,327.9,-33.2,-2.4,,,,
7.843,7,Atta_7,244.0,1603.3,325.5,96.4,11.1,,,,
7.843,8,Atta_8,140.3,1987.1,250.9,-61.4,7.7,,,,
7.843,9,Atta_9,279.6,2233.9,328.8,14.1,-0.4,,,,
7.843,10,Atta_10,258.2,2424.1,328.7,39.4,-1.8,,,,
7.911,1,Atta_1,229.7,165.1,332.5,19.6,3.3,,,,
7.911,2,Atta_2,239.7,344.5,324.5,24.9,-5.6,,,,
7.911,3,Atta_3,247.2,848.5,95.9,73.0,0.9,,,,
7.911,4,Atta_4,295.0,966.3,331.4,-26.1,3.4,,,,
7.911,5,Atta_5,231.5,1191.7,328.9,-48.2,1.8,,,,
7.911,6,Atta_6,238.0,1345.4,329.4,109.0,1.5,,,,
7.911,7,Atta_7,192.1,1616.4,329.9,-53.5,4.4,,,,
7.911,8,Atta_8,159.1,1935.5,260.6,54.9,9.7,,,,
7.911,9,Atta_9,316.4,2197.7,330.2,51.6,1.4,,,,
7.911,10,Atta_10,223.0,2440.1,330.7,-38.7,2.0,,,,
8.046,1,Atta_1,251.0,142.3,335.3,31.2,2.8,,,,
8.046,2,Atta_2,248.6,342.1,325.7,9.2,1.2,,,,
8.046,3,Atta_3,176.4,776.9,97.3,-100.7,1.4,,,,
8.046,4,Atta_4,321.7,940.4,329.6,37.2,-1.8,,,,
8.046,5,Atta_5,279.0,1167.8,329.5,53.2,0.6,,,,
8.046,6,Atta_6,231.9,1404.4,330.4,-59.3,1.0,,,,
8.046,7,Atta_7,223.2,1588.4,332.0,41.8,2.1,,,,
8.046,8,Atta_8,92.1,1931.0,262.7,67.2,2.1,,,,
8.046,9,Atta_9,329.0,2255.3,330.3,-59.0,0.1,,,,
8.046,10,Atta_10,242.4,2389.8,331.3,53.9,0.6,,,,
8.112,1,Atta_1,292.4,137.2,331.7,41.7,-3.6,,,,
8.112,2,Atta_2,181.3,343.6,327.8,-67.3,2.1,,,,
8.112,3,Atta_3,234.2,769.4,98.7,-58.3,1.4,,,,
8.112,4,Atta_4,298.8,921.5,341.2,-29.7,11.6,,,,
8.112,5,Atta_5,301.1,1149.3,328.2,28.8,-1.3,,,,
8.112,6,Atta_6,217.1,1411.6,327.9,-16.5,-2.5,,,,
8.112,7,Atta_7,219.6,1535.2,331.7,53.3,-0.3,,,,
8.112,8,Atta_8,159.7,1951.7,273.3,-70.7,10.6,,,,
8.112,9,Atta_9,293.1,2227.4,336.9,-45.5,6.6,,,,
8.112,10,Atta_10,257.2,2400.0,329.3,18.0,-2.0,,,,
8.181,1,Atta_1,280.9,172.3,330.4,-36.9,-1.3,,,,
8.181,2,Atta_2,214.5,374.6,327.0,45.4,-0.8,,,,
8.181,3,Atta_3,234.2,785.2,95.5,15.8,-3.2,,,,
8.181,4,Atta_4,305.6,937.0,344.1,16.9,2.9,,,,
8.181,5,Atta_5,284.0,1118.8,328.9,35.0,0.7,,,,
8.181,6,Atta_6,214.2,1341.3,331.9,70.4,4.0,,,,
8.181,7,Atta_7,226.8,1588.9,326.9,-54.2,-4.8,,,,
8.181,8,Atta_8,205.5,1976.4,273.6,-52.0,0.3,,,,
8.181,9,Atta_9,282.1,2253.4,342.9,-28.2,6.0,,,,
8.181,10,Atta_10,326.6,2389.4,330.4,70.2,1.1,,,,
8.314,1,Atta_1,279.4,105.1,332.4,67.2,2.0,,,,
8.314,2,Atta_2,183.0,445.0,329.3,-77.1,2.3,,,,
8.314,3,Atta_3,190.2,797.1,94.1,45.6,-1.4,,,,
8.314,4,Atta_4,275.4,964.1,345.2,-40.6,1.1,,,,
8.314,5,Atta_5,299.9,1143.6,328.8,29.5,-0.1,,,,
8.314,6,Atta_6,239.7,1391.0,332.5,-55.9,0.6,,,,
8.314,7,Atta_7,182.0,1599.8,328.5,-46.1,1.6,,,,
8.314,8,Atta_8,142.8,1943.2,279.6,70.9,6.0,,,,
8.314,9,Atta_9,357.4,2197.8,344.6,93.6,1.7,,,,
8.314,10,Atta_10,309.6,2373.5,327.5,-23.3,-2.9,,,,
8.367,1,Atta_1,337.2,118.2,328.7,59.3,-3.7,,,,
8.367,2,Atta_2,242.8,353.9,325.7,109.0,-3.6,,,,
8.367,3,Atta_3,133.7,852.0,95.9,78.8,1.8,,,,
8.367,4,Atta_4,269.1,903.8,349.5,60.6,4.3,,,,
8.367,5,Atta_5,229.9,1088.6,329.0,-89.0,0.2,,,,
8.367,6,Atta_6,256.8,1395.2,330.2,17.6,-2.3,,,,
8.367,7,Atta_7,231.1,1597.8,326.9,49.1,-1.6,,,,
8.367,8,Atta_8,105.1,1976.3,282.5,-50.2,2.9,,,,
8.367,9,Atta_9,314.7,2167.2,353.7,-52.5,9.1,,,,
8.367,10,Atta_10,282.8,2352.5,329.4,-34.0,1.9,,,,
8.435,1,Atta_1,297.5,129.8,334.5,-41.4,5.8,,,,
8.435,2,Atta_2,233.0,384.6,330.3,-32.2,4.6,,,,
8.435,3,Atta_3,199.9,820.9,94.2,-73.1,-1.7,,,,
8.435,4,Atta_4,266.3,979.6,356.9,-75.9,7.4,,,,
8.435,5,Atta_5,286.8,1085.3,332.1,57.0,3.1,,,,
8.435,6,Atta_6,269.7,1322.6,331.9,73.7,1.7,,,,
8.435,7,Atta_7,207.0,1581.3,329.1,-29.2,2.2,,,,
8.435,8,Atta_8,137.5,1927.3,278.6,58.7,-3.9,,,,
8.435,9,Atta_9,340.3,2179.1,355.5,28.2,1.8,,,,
8.435,10,Atta_10,308.7,2379.4,324.8,37.3,-4.6,,,,
8.501,1,Atta_1,372.3,127.6,336.1,74.8,1.6,,,,
8.501,2,Atta_2,287.4,272.6,331.0,124.5,0.7,,,,
8.501,3,Atta_3,210.6,858.3,95.1,38.9,0.9,,,,
8.501,4,Atta_4,286.9,921.7,358.0,61.5,1.1,,,,
8.501,5,Atta_5,360.0,1155.9,338.8,101.7,6.7,,,,
8.501,6,Atta_6,348.0,1398.7,328.8,109.2,-3.1,,,,
8.501,7,Atta_7,193.9,1590.1,328.0,-15.8,-1.1,,,,
8.501,8,Atta_8,185.2,1961.4,282.5,-58.6,3.9,,,,
8.501,9,Atta_9,279.1,2201.4,355.9,-65.1,0.4,,,,
8.501,10,Atta_10,293.0,2352.1,318.6,31.5,-6.2,,,,
8.57,1,Atta_1,325.3,123.2,340.0,-47.2,3.9,,,,
8.57,2,Atta_2,287.5,342.1,329.0,-69.5,-2.0,,,,
8.57,3,Atta_3,198.1,871.9,97.6,18.5,2.5,,,,
8.57,4,Atta_4,258.8,942.6,5.0,-35.0,7.0,,,,
8.57,5,Atta_5,331.5,1116.6,343.1,-48.5,4.3,,,,
8.57,6,Atta_6,286.7,1290.1,331.3,124.7,2.5,,,,
8.57,7,Atta_7,269.6,1539.4,327.4,91.1,-0.6,,,,
8.57,8,Atta_8,131.2,1952.9,285.2,-54.7,2.7,,,,
8.57,9,Atta_9,350.0,2181.4,5.3,73.7,9.4,,,,
8.57,10,Atta_10,265.2,2326.9,322.0,-37.5,3.4,,,,
8.636,1,Atta_1,310.8,185.4,340.7,-63.9,0.7,,,,
8.636,2,Atta_2,314.2,291.3,329.5,57.4,0.5,,,,
8.636,3,Atta_3,223.6,861.2,94.6,-27.7,-3.0,,,,
8.636,4,Atta_4,331.2,891.1,8.0,88.8,3.0,,,,
8.636,5,Atta_5,334.8,1108.4,351.2,8.8,8.1,,,,
8.636,6,Atta_6,309.9,1318.7,331.2,36.8,-0.1,,,,
8.636,7,Atta_7,246.3,1587.2,326.3,-53.2,-1.1,,,,
8.636,8,Atta_8,128.9,1923.0,278.6,30.0,-6.6,,,,
8.636,9,Atta_9,279.0,2279.2,6.5,-120.9,1.2,,,,
8.636,10,Atta_10,317.1,2331.5,315.0,52.1,-7.0,,,,
8.701,1,Atta_1,300.8,31.6,349.7,154.1,9.0,,,,
8.701,2,Atta_2,228.1,306.8,325.1,-87.5,-4.4,,,,
8.701,3,Atta_3,213.5,865.2,95.4,10.9,0.8,,,,
8.701,4,Atta_4,304.6,938.2,16.5,-54.1,8.5,,,,
8.701,5,Atta_5,355.3,1153.0,349.4,49.1,-1.8,,,,
8.701,6,Atta_6,321.0,1341.1,330.9,-25.0,-0.3,,,,
8.701,7,Atta_7,279.1,1563.3,329.5,40.6,3.2,,,,
8.701,8,Atta_8,157.0,1942.2,284.0,-34.0,5.4,,,,
8.701,9,Atta_9,372.7,2171.8,14.5,142.5,8.0,,,,
8.701,10,Atta_10,283.8,2391.1,307.4,-68.3,-7.6,,,,
8.77,1,Atta_1,287.8,137.3,352.3,-106.5,2.6,,,,
8.77,2,Atta_2,365.4,291.0,324.8,138.2,-0.3,,,,
8.77,3,Atta_3,208.0,904.5,98.2,39.7,2.8,,,,
8.77,4,Atta_4,308.3,988.3,17.7,50.2,1.2,,,,
8.77,5,Atta_5,326.7,1150.2,354.4,-28.7,5.0,,,,
8.77,6,Atta_6,317.7,1311.5,332.1,29.8,1.2,,,,
8.77,7,Atta_7,230.2,1525.8,325.3,-61.6,-4.2,,,,
8.77,8,Atta_8,140.9,1918.2,282.4,28.9,-1.6,,,,
8.77,9,Atta_9,291.5,2143.0,17.9,-86.2,3.4,,,,
8.837,1,Atta_1,320.6,83.2,0.4,63.3,8.1,,,,
8.837,2,Atta_2,358.4,300.6,331.4,-11.9,6.6,,,,
8.837,3,Atta_3,142.0,931.5,95.7,71.3,-2.5,,,,
8.837,4,Atta_4,326.7,975.5,21.7,22.4,4.0,,,,
8.837,5,Atta_5,320.6,1128.5,2.0,-22.5,7.6,,,,
8.837,6,Atta_6,302.0,1345.4,339.1,-37.4,7.0,,,,
8.837,7,Atta_7,300.8,1573.1,329.9,85.0,4.6,,,,
8.837,8,Atta_8,146.5,1888.6,285.4,30.1,3.0,,,,
8.837,9,Atta_9,287.0,2231.8,23.8,88.9,5.9,,,,
8.837,10,Atta_10,326.0,2389.6,298.2,42.2,-9.2,,,,
8.891,1,Atta_1,331.2,110.6,0.1,29.4,-0.3,,,,
8.891,2,Atta_2,290.2,339.1,334.8,-78.3,3.4,,,,
8.891,3,Atta_3,162.1,967.6,96.3,41.3,0.6,,,,
8.891,4,Atta_4,274.6,956.1,26.7,-55.6,5.0,,,,
8.891,5,Atta_5,287.4,1124.2,3.1,-33.5,1.1,,,,
8.891,6,Atta_6,326.2,1377.5,341.8,40.2,2.7,,,,
8.891,7,Atta_7,225.6,1558.0,332.4,-76.7,2.5,,,,
8.891,8,Atta_8,98.1,1957.2,283.6,-84.0,-1.8,,,,
8.891,9,Atta_9,326.1,2186.9,23.1,59.5,-0.7,,,,
8.891,10,Atta_10,297.9,2393.9,295.3,-28.4,-2.9,,,,
8.942,1,Atta_1,373.8,169.4,7.5,72.6,7.4,,,,
8.942,2,Atta_2,280.4,356.6,343.2,-20.1,8.4,,,,
8.942,3,Atta_3,164.0,933.0,98.8,-34.7,2.5,,,,
8.942,4,Atta_4,317.2,866.4,34.4,-99.3,7.7,,,,
8.942,5,Atta_5,339.5,1195.8,10.3,88.5,7.2,,,,
8.942,6,Atta_6,257.0,1310.2,346.5,-96.5,4.7,,,,
8.942,7,Atta_7,275.5,1502.7,329.6,74.5,-2.8,,,,
8.942,8,Atta_8,137.3,1877.8,281.0,88.5,-2.6,,,,
8.942,9,Atta_9,297.8,2214.4,31.6,-39.5,8.5,,,,
8.942,10,Atta_10,295.4,2318.2,287.8,75.7,-7.5,,,,
9.008,1,Atta_1,273.4,139.0,8.0,-104.9,0.5,,,,
9.008,2,Atta_2,338.7,284.2,344.1,93.0,0.9,,,,
9.008,3,Atta_3,160.0,936.8,93.9,5.5,-4.9,,,,
9.008,4,Atta_4,304.7,983.0,38.2,117.3,3.8,,,,
9.008,5,Atta_5,303.3,1115.1,14.7,-88.4,4.4,,,,
9.008,6,Atta_6,301.9,1346.1,351.6,57.5,5.1,,,,
9.008,7,Atta_7,344.3,1541.6,326.9,79.0,-2.7,,,,
9.008,8,Atta_8,161.1,1884.9,279.1,-24.8,-1.9,,,,
9.008,9,Atta_9,311.6,2223.5,33.4,16.5,1.8,,,,
9.008,10,Atta_10,307.0,2372.2,283.2,-55.2,-4.6,,,,
9.137,2,Atta_2,360.0,305.5,350.3,30.1,6.2,,,,
9.137,3,Atta_3,151.9,933.5,96.1,-8.7,2.2,,,,
9.137,4,Atta_4,316.6,978.0,39.7,12.9,1.5,,,,
9.137,5,Atta_5,290.8,1134.0,19.4,-22.7,4.7,,,,
9.137,6,Atta_6,333.9,1280.3,357.5,73.2,5.9,,,,
9.137,7,Atta_7,339.6,1539.5,326.1,-5.1,-0.8,,,,
9.137,8,Atta_8,177.9,1849.8,282.3,38.9,3.2,,,,
9.137,9,Atta_9,316.5,2141.6,40.3,-82.0,6.9,,,,
9.137,10,Atta_10,315.1,2374.4,283.7,-8.4,0.5,,,,
9.203,1,Atta_1,326.5,166.6,16.4,59.8,8.4,,,,
9.203,2,Atta_2,321.2,310.2,353.8,-39.1,3.5,,,,
9.203,3,Atta_3,199.5,951.6,95.4,50.9,-0.7,,,,
9.203,4,Atta_4,316.5,944.9,47.2,-33.1,7.5,,,,
9.203,5,Atta_5,301.1,1122.0,22.5,15.8,3.1,,,,
9.203,6,Atta_6,318.7,1333.4,0.9,-55.2,3.4,,,,
9.203,7,Atta_7,385.9,1588.0,315.4,67.1,-10.7,,,,
9.203,8,Atta_8,190.1,1884.0,280.2,-36.3,-2.1,,,,
9.203,9,Atta_9,291.6,2213.5,45.2,76.1,4.9,,,,
9.203,10,Atta_10,307.1,2344.8,276.4,30.7,-7.3,,,,
9.273,1,Atta_1,342.9,146.4,27.6,26.0,11.2,,,,
9.273,2,Atta_2,340.3,360.7,358.8,54.0,5.0,,,,
9.273,3,Atta_3,208.7,948.6,97.7,-9.7,2.3,,,,
9.273,4,Atta_4,284.4,929.5,50.7,-35.6,3.5,,,,
9.273,5,Atta_5,374.3,1154.7,27.2,80.2,4.7,,,,
9.273,6,Atta_6,264.4,1322.8,7.8,-55.3,6.9,,,,
9.273,7,Atta_7,317.7,1509.7,312.9,103.8,-2.5,,,,
9.273,8,Atta_8,128.5,1889.8,282.2,-61.9,2.0,,,,
9.273,9,Atta_9,300.8,2201.0,50.7,-15.5,5.5,,,,
9.273,10,Atta_10,288.7,2393.9,272.8,-52.4,-3.6,,,,
9.339,1,Atta_1,336.7,154.6,26.2,-10.3,-1.4,,,,
9.339,2,Atta_2,329.2,259.7,0.1,-101.6,1.3,,,,
9.339,3,Atta_3,188.1,996.4,95.6,52.0,-2.1,,,,
9.339,4,Atta_4,317.1,925.0,55.9,33.0,5.2,,,,
9.339,5,Atta_5,323.2,1134.2,32.8,-55.1,5.6,,,,
9.339,6,Atta_6,353.4,1316.3,10.0,89.2,2.2,,,,
9.339,7,Atta_7,396.4,1567.4,312.4,97.6,-0.5,,,,
9.339,8,Atta_8,109.7,1829.1,282.5,63.5,0.3,,,,
9.339,9,Atta_9,372.0,2148.3,60.3,88.6,9.6,,,,
9.339,10,Atta_10,266.6,2374.9,264.8,29.1,-8.0,,,,
9.405,1,Atta_1,327.3,113.3,34.9,-42.4,8.7,,,,
9.405,2,Atta_2,288.5,316.9,8.5,-70.2,8.4,,,,
9.405,3,Atta_3,173.9,960.0,98.0,-39.1,2.4,,,,
9.405,4,Atta_4,281.6,948.5,58.3,-42.6,2.4,,,,
9.405,5,Atta_5,357.9,1133.4,34.6,34.7,1.8,,,,
9.405,6,Atta_6,321.7,1378.9,16.5,-70.2,6.5,,,,
9.405,7,Atta_7,373.4,1483.3,303.4,87.2,-9.0,,,,
9.405,8,Atta_8,211.5,1793.2,282.8,107.9,0.3,,,,
9.405,9,Atta_9,304.7,2195.3,58.8,82.1,-1.5,,,,
9.405,10,Atta_10,328.4,2425.7,260.7,-80.0,-4.1,,,,
9.47,1,Atta_1,302.0,121.7,39.3,-26.7,4.4,,,,
9.47,2,Atta_2,315.8,278.5,10.5,47.1,2.0,,,,
9.47,3,Atta_3,205.3,1022.0,100.8,69.5,2.8,,,,
9.47,4,Atta_4,327.0,915.9,64.7,-55.9,6.4,,,,
9.47,5,Atta_5,275.6,1137.1,40.4,-82.4,5.8,,,,
9.47,6,Atta_6,302.0,1405.8,21.7,-33.3,5.2,,,,
9.47,7,Atta_7,310.1,1540.6,302.5,-85.4,-0.9,,,,
9.47,8,Atta_8,218.6,1879.7,278.9,-86.8,-3.9,,,,
9.47,9,Atta_9,302.7,2172.7,60.6,-22.7,1.8,,,,
9.47,10,Atta_10,289.7,2374.7,260.8,64.0,0.1,,,,
9.539,1,Atta_1,286.5,110.2,42.0,-19.3,2.7,,,,
9.539,2,Atta_2,251.0,312.1,14.4,-73.0,3.9,,,,
9.539,3,Atta_3,157.8,1040.4,97.0,50.9,-3.8,,,,
9.539,4,Atta_4,316.1,920.3,68.4,-11.8,3.7,,,,
9.539,5,Atta_5,279.5,1107.2,46.6,-30.2,6.2,,,,
9.539,6,Atta_6,321.9,1378.0,24.3,34.2,2.6,,,,
9.539,7,Atta_7,329.5,1499.5,296.4,45.4,-6.1,,,,
9.539,8,Atta_8,230.2,1873.4,275.1,13.2,-3.8,,,,
9.539,9,Atta_9,317.6,2205.6,66.7,36.1,6.1,,,,
9.539,10,Atta_10,286.3,2395.2,250.1,-20.8,-10.7,,,,
9.608,1,Atta_1,329.3,147.8,46.6,57.0,4.6,,,,
9.608,2,Atta_2,282.3,333.9,18.0,38.1,3.6,,,,
9.608,3,Atta_3,243.9,1027.2,94.9,-87.1,-2.1,,,,
9.608,4,Atta_4,346.2,955.8,75.8,46.5,7.4,,,,
9.608,5,Atta_5,269.6,1136.2,50.7,30.6,4.1,,,,
9.608,6,Atta_6,287.1,1360.8,30.4,-38.8,6.1,,,,
9.608,7,Atta_7,298.4,1523.8,293.1,-39.5,-3.3,,,,
9.608,8,Atta_8,159.8,1805.5,272.7,97.8,-2.4,,,,
9.608,9,Atta_9,267.5,2209.6,75.1,-50.3,8.4,,,,
9.608,10,Atta_10,291.8,2342.8,243.7,52.7,-6.4,,,,
9.676,1,Atta_1,295.0,123.0,52.8,-42.3,6.2,,,,
9.676,2,Atta_2,309.2,287.0,26.3,54.1,8.3,,,,
9.676,3,Atta_3,167.5,1038.8,96.1,77.3,1.2,,,,
9.676,4,Atta_4,332.7,940.3,76.2,-20.6,0.4,,,,
9.676,5,Atta_5,285.0,1112.8,51.5,-28.0,0.8,,,,
9.676,6,Atta_6,272.0,1286.0,32.1,-76.3,1.7,,,,
9.676,7,Atta_7,259.1,1552.9,288.4,-48.9,-4.7,,,,
9.676,8,Atta_8,198.8,1834.5,267.0,-48.6,-5.7,,,,
9.676,9,Atta_9,243.9,2181.8,78.4,-36.5,3.3,,,,
9.676,10,Atta_10,310.1,2368.1,240.0,-31.2,-3.7,,,,
9.746,1,Atta_1,303.0,118.3,55.9,9.3,3.1,,,,
9.746,2,Atta_2,280.1,369.8,24.6,87.8,-1.7,,,,
9.746,3,Atta_3,190.1,1110.5,94.6,75.2,-1.5,,,,
9.746,4,Atta_4,298.6,962.5,86.0,40.7,9.8,,,,
9.746,5,Atta_5,337.5,1084.3,54.6,59.7,3.1,,,,
9.746,6,Atta_6,331.1,1334.9,41.6,76.7,9.5,,,,
9.746,7,Atta_7,323.0,1498.2,275.6,84.1,-12.8,,,,
9.746,8,Atta_8,168.8,1775.3,260.3,66.4,-6.7,,,,
9.746,9,Atta_9,249.9,2193.5,84.8,13.1,6.4,,,,
9.746,10,Atta_10,299.0,2400.0,234.8,-33.8,-5.2,,,,
9.878,1,Atta_1,328.8,108.1,63.2,27.7,7.3,,,,
9.878,2,Atta_2,373.0,263.6,28.2,141.1,3.6,,,,
9.878,3,Atta_3,162.8,1089.4,95.8,-34.5,1.2,,,,
9.878,4,Atta_4,324.4,922.8,90.5,-47.3,4.5,,,,
9.878,5,Atta_5,351.0,1149.0,60.1,66.1,5.5,,,,
9.878,6,Atta_6,332.3,1307.9,45.9,-27.0,4.3,,,,
9.878,7,Atta_7,303.6,1579.7,275.1,-83.8,-0.5,,,,
9.878,8,Atta_8,186.0,1772.0,249.8,17.5,-10.5,,,,
9.878,9,Atta_9,270.4,2195.2,89.4,20.6,4.6,,,,
9.878,10,Atta_10,323.9,2421.9,228.9,-33.2,-5.9,,,,
9.944,1,Atta_1,292.4,137.4,64.5,46.7,1.3,,,,
9.944,2,Atta_2,266.8,295.8,26.2,-111.0,-2.0,,,,
9.944,3,Atta_3,178.7,1068.1,96.8,-26.6,1.0,,,,
9.944,4,Atta_4,330.4,961.0,97.8,38.7,7.3,,,,
9.944,5,Atta_5,289.6,1154.4,59.2,-61.6,-0.9,,,,
9.944,6,Atta_6,269.0,1359.7,50.7,-81.8,4.8,,,,
9.944,7,Atta_7,360.8,1524.9,275.4,79.2,0.3,,,,
9.944,8,Atta_8,152.3,1854.6,247.9,-89.2,-1.9,,,,
9.944,9,Atta_9,299.0,2174.9,94.9,-35.1,5.5,,,,
9.944,10,Atta_10,310.0,2378.2,223.8,45.9,-5.1,,,,
10.078,1,Atta_1,301.2,139.6,75.3,9.1,10.8,,,,
10.078,2,Atta_2,333.1,310.6,23.2,67.9,-3.0,,,,
10.078,3,Atta_3,137.3,1051.1,95.0,-44.8,-1.8,,,,
10.078,4,Atta_4,305.4,970.0,105.5,26.6,7.7,,,,
10.078,5,Atta_5,325.0,1146.3,53.1,36.3,-6.1,,,,
10.078,6,Atta_6,297.4,1389.5,63.3,41.2,12.6,,,,
10.078,7,Atta_7,403.3,1470.4,259.9,69.1,-15.5,,,,
10.078,8,Atta_8,219.9,1791.8,239.5,92.3,-8.4,,,,
10.078,9,Atta_9,286.5,2182.2,106.4,14.5,11.5,,,,
10.078,10,Atta_10,285.8,2386.9,219.9,25.7,-3.9,,,,
10.144,1,Atta_1,369.1,82.5,84.5,-88.7,9.2,,,,
10.144,2,Atta_2,289.9,293.1,12.3,-46.6,-10.9,,,,
10.144,3,Atta_3,140.5,1114.7,94.9,63.7,-0.1,,,,
10.144,4,Atta_4,305.6,942.1,102.0,-27.9,-3.5,,,,
10.144,5,Atta_5,374.1,1161.7,59.1,51.5,6.0,,,,
10.144,6,Atta_6,286.0,1290.4,69.5,-99.8,6.2,,,,
10.144,7,Atta_7,311.6,1508.3,250.8,-99.2,-9.1,,,,
10.144,8,Atta_8,177.1,1837.4,228.9,-62.5,-10.6,,,,
10.144,9,Atta_9,294.2,2239.5,112.5,57.8,6.1,,,,
10.144,10,Atta_10,290.3,2399.4,210.8,-13.3,-9.1,,,,
10.211,1,Atta_1,282.4,99.1,86.9,88.3,2.4,,,,
10.211,2,Atta_2,252.9,295.1,7.3,-37.1,-5.0,,,,
10.211,3,Atta_3,190.3,1145.4,93.8,58.5,-1.1,,,,
10.211,4,Atta_4,288.3,965.7,103.3,29.3,1.3,,,,
10.211,5,Atta_5,337.9,1132.6,55.7,-46.4,-3.4,,,,
10.211,6,Atta_6,341.1,1337.4,71.8,72.4,2.3,,,,
10.211,7,Atta_7,293.1,1517.0,245.4,-20.4,-5.4,,,,
10.211,8,Atta_8,233.2,1872.2,224.7,-66.0,-4.2,,,,
10.211,9,Atta_9,350.4,2175.3,119.6,-85.3,7.1,,,,
10.211,10,Atta_10,315.3,2413.3,203.0,-28.6,-7.8,,,,
10.28,1,Atta_1,350.1,80.2,97.1,-70.3,10.2,,,,
10.28,2,Atta_2,303.8,325.3,2.8,59.2,-4.5,,,,
10.28,3,Atta_3,115.4,1207.8,94.1,97.5,0.3,,,,
10.28,4,Atta_4,230.8,923.0,101.9,-71.6,-1.4,,,,
10.28,5,Atta_5,300.7,1199.6,57.9,76.6,2.2,,,,
10.28,6,Atta_6,301.2,1348.8,78.6,-41.5,6.8,,,,
10.28,7,Atta_7,279.6,1555.5,241.0,-40.8,-4.4,,,,
10.28,8,Atta_8,134.2,1804.1,224.6,120.2,-0.1,,,,
10.28,9,Atta_9,394.1,2188.2,119.4,-45.6,-0.2,,,,
10.28,10,Atta_10,288.1,2422.0,198.4,28.6,-4.6,,,,
10.35,1,Atta_1,255.8,120.6,98.6,102.6,1.5,,,,
10.35,2,Atta_2,295.6,287.2,1.2,-39.0,-1.6,,,,
10.35,3,Atta_3,198.3,1171.6,92.7,-90.5,-1.4,,,,
10.35,4,Atta_4,324.8,895.1,99.0,-98.1,-2.9,,,,
10.35,5,Atta_5,366.3,1230.4,58.6,72.5,0.7,,,,
10.35,6,Atta_6,250.9,1373.8,85.6,56.2,7.0,,,,
10.35,7,Atta_7,286.4,1559.2,237.3,-7.7,-3.7,,,,
10.35,8,Atta_8,210.2,1792.5,219.5,-76.9,-5.1,,,,
10.35,9,Atta_9,345.0,2174.1,123.4,51.1,4.0,,,,
10.35,10,Atta_10,282.0,2393.3,198.7,29.3,0.3,,,,
10.473,1,Atta_1,265.9,88.6,104.7,-33.6,6.1,,,,
10.473,2,Atta_2,318.8,325.5,353.0,44.8,-8.2,,,,
10.473,3,Atta_3,159.9,1193.4,97.3,44.2,4.6,,,,
10.473,4,Atta_4,341.8,909.6,95.4,22.3,-3.6,,,,
10.473,5,Atta_5,300.4,1208.8,55.9,-69.3,-2.7,,,,
10.473,6,Atta_6,318.9,1304.4,89.8,-97.2,4.2,,,,
10.473,7,Atta_7,259.5,1562.2,237.3,27.1,0.0,,,,
10.473,8,Atta_8,143.7,1830.2,210.5,76.4,-9.0,,,,
10.473,9,Atta_9,289.3,2268.5,129.5,109.6,6.1,,,,
10.473,10,Atta_10,296.5,2398.6,195.3,-15.4,-3.4,,,,
10.526,1,Atta_1,292.6,85.7,108.0,-26.9,3.3,,,,
10.526,2,Atta_2,279.0,282.2,350.7,-58.8,-2.3,,,,
10.526,3,Atta_3,136.6,1202.0,97.0,24.8,-0.3,,,,
10.526,4,Atta_4,320.8,988.7,93.4,81.8,-2.0,,,,
10.526,5,Atta_5,406.6,1211.4,58.5,106.2,2.6,,,,
10.526,6,Atta_6,294.8,1309.3,95.3,24.6,5.5,,,,
10.526,7,Atta_7,279.1,1488.2,228.1,76.6,-9.2,,,,
10.526,8,Atta_8,152.0,1834.2,210.6,-9.2,0.1,,,,
10.526,9,Atta_9,319.0,2169.4,137.2,-103.5,7.7,,,,
10.526,10,Atta_10,361.1,2361.8,197.3,-74.3,2.0,,,,
10.595,1,Atta_1,314.6,102.0,112.4,27.4,4.4,,,,
10.595,2,Atta_2,293.4,297.0,348.2,20.6,-2.5,,,,
10.595,3,Atta_3,150.4,1173.7,98.5,-31.5,1.5,,,,
10.595,4,Atta_4,331.4,978.1,83.5,-15.0,-9.9,,,,
10.595,5,Atta_5,395.1,1217.4,59.8,-13.0,1.3,,,,
10.595,6,Atta_6,314.7,1330.5,95.4,29.1,0.1,,,,
10.595,7,Atta_7,332.6,1531.0,222.1,-68.5,-6.0,,,,
10.595,8,Atta_8,196.0,1859.9,204.7,-51.0,-5.9,,,,
10.595,9,Atta_9,297.3,2199.7,137.9,37.3,0.7,,,,
10.595,10,Atta_10,293.4,2368.3,199.2,68.0,1.9,,,,
10.661,1,Atta_1,337.2,103.7,115.3,-22.7,2.9,,,,
10.661,2,Atta_2,366.2,332.1,343.0,80.8,-5.2,,,,
10.661,3,Atta_3,215.3,1198.5,96.4,69.5,-2.1,,,,
10.661,4,Atta_4,346.5,874.8,84.2,-104.4,0.7,,,,
10.661,5,Atta_5,394.0,1187.1,57.0,-30.3,-2.8,,,,
10.661,6,Atta_6,295.1,1337.7,99.4,20.9,4.0,,,,
10.661,7,Atta_7,300.2,1478.5,217.8,61.7,-4.3,,,,
10.661,8,Atta_8,164.0,1822.0,194.7,49.6,-10.0,,,,
10.661,9,Atta_9,373.6,2155.3,141.8,-88.3,3.9,,,,
10.661,10,Atta_10,312.5,2363.9,201.9,-19.6,2.7,,,,
10.727,1,Atta_1,295.8,119.7,121.8,44.4,6.5,,,,
10.727,2,Atta_2,344.5,296.4,335.2,-41.8,-7.8,,,,
10.727,3,Atta_3,123.5,1212.9,92.9,92.9,-3.5,,,,
10.727,4,Atta_4,245.7,963.3,77.8,134.1,-6.4,,,,
10.727,5,Atta_5,390.7,1240.8,61.6,53.8,4.6,,,,
10.727,6,Atta_6,328.0,1388.5,100.3,60.5,0.9,,,,
10.727,7,Atta_7,276.8,1511.6,213.8,-40.5,-4.0,,,,
10.727,8,Atta_8,163.0,1808.3,191.9,13.7,-2.8,,,,
10.727,9,Atta_9,310.7,2193.3,147.0,73.5,5.2,,,,
10.727,10,Atta_10,307.7,2385.1,193.5,-21.7,-8.4,,,,
10.792,1,Atta_1,234.7,161.2,125.1,73.9,3.3,,,,
10.792,2,Atta_2,360.4,292.4,333.6,16.4,-1.6,,,,
10.792,3,Atta_3,136.5,1210.9,92.6,-13.2,-0.3,,,,
10.792,4,Atta_4,333.4,938.6,76.1,-91.1,-1.7,,,,
10.792,5,Atta_5,419.7,1285.0,54.4,52.9,-7.2,,,,
10.792,6,Atta_6,327.1,1286.7,102.1,-101.8,1.8,,,,
10.792,7,Atta_7,318.3,1583.2,211.4,-82.8,-2.4,,,,
10.792,8,Atta_8,201.2,1876.5,188.5,-78.2,-3.4,,,,
10.792,9,Atta_9,352.1,2191.4,146.3,-41.4,-0.7,,,,
10.792,10,Atta_10,313.9,2357.9,192.1,27.9,-1.4,,,,
10.859,1,Atta_1,317.6,80.4,131.0,-115.8,5.9,,,,
10.859,2,Atta_2,267.6,341.8,324.9,-105.1,-8.7,,,,
10.859,3,Atta_3,113.3,1217.4,98.5,24.1,5.9,,,,
10.859,4,Atta_4,278.2,896.7,70.7,-69.3,-5.4,,,,
10.859,5,Atta_5,344.5,1302.1,58.0,-77.1,3.6,,,,
10.859,6,Atta_6,304.7,1376.5,99.1,92.6,-3.0,,,,
10.859,7,Atta_7,320.0,1548.0,207.5,35.2,-3.9,,,,
10.859,8,Atta_8,137.2,1851.5,184.8,68.7,-3.7,,,,
10.859,9,Atta_9,247.4,2227.9,150.6,110.9,4.3,,,,
10.859,10,Atta_10,333.4,2355.5,185.7,-19.6,-6.4,,,,
10.926,1,Atta_1,308.0,127.0,134.7,47.6,3.7,,,,
10.926,2,Atta_2,272.4,314.0,324.9,28.2,0.0,,,,
10.926,3,Atta_3,187.8,1276.1,98.1,94.8,-0.4,,,,
10.926,4,Atta_4,258.7,946.7,64.5,53.7,-6.2,,,,
10.926,5,Atta_5,381.4,1241.5,59.3,-71.0,1.3,,,,
10.926,6,Atta_6,362.1,1411.6,102.8,67.3,3.7,,,,
10.926,7,Atta_7,345.9,1509.4,203.1,-46.5,-4.4,,,,
10.926,8,Atta_8,195.0,1831.7,177.3,-61.1,-7.5,,,,
10.926,9,Atta_9,324.8,2158.4,145.8,-104.0,-4.8,,,,
10.926,10,Atta_10,356.5,2404.0,182.2,-53.7,-3.5,,,,
10.995,1,Atta_1,279.2,126.8,141.7,28.8,7.0,,,,
10.995,2,Atta_2,328.6,348.8,321.3,66.1,-3.6,,,,
10.995,3,Atta_3,115.2,1253.7,96.6,-76.0,-1.5,,,,
10.995,4,Atta_4,323.3,920.6,57.2,69.7,-7.3,,,,
10.995,5,Atta_5,419.8,1318.1,56.5,85.7,-2.8,,,,
10.995,6,Atta_6,336.6,1382.8,105.5,-38.5,2.7,,,,
10.995,7,Atta_7,353.2,1577.4,198.0,-68.4,-5.1,,,,
10.995,8,Atta_8,194.9,1816.9,178.6,-14.8,1.3,,,,
10.995,9,Atta_9,305.8,2207.3,148.6,52.5,2.8,,,,
10.995,10,Atta_10,338.2,2384.9,175.1,26.5,-7.1,,,,
11.061,1,Atta_1,295.6,161.5,146.1,38.4,4.4,,,,
11.061,2,Atta_2,381.2,325.8,314.0,57.4,-7.3,,,,
11.061,3,Atta_3,130.8,1269.2,96.9,22.0,0.3,,,,
11.061,4,Atta_4,329.9,967.6,54.9,47.5,-2.3,,,,
11.061,5,Atta_5,443.7,1251.9,58.0,-70.4,1.5,,,,
11.061,6,Atta_6,289.4,1318.5,104.2,-79.8,-1.3,,,,
11.061,7,Atta_7,301.2,1519.4,192.9,77.9,-5.1,,,,
11.061,8,Atta_8,163.7,1887.0,167.8,76.7,-10.8,,,,
11.061,9,Atta_9,313.2,2220.1,143.8,14.8,-4.8,,,,
11.061,10,Atta_10,271.1,2423.2,171.5,77.3,-3.6,,,,
11.129,1,Atta_1,344.8,172.9,144.9,-50.5,-1.2,,,,
11.129,2,Atta_2,322.9,329.2,311.4,-58.4,-2.6,,,,
11.129,3,Atta_3,137.8,1276.8,91.7,10.3,-5.2,,,,
11.129,4,Atta_4,287.5,957.4,52.1,-43.6,-2.8,,,,
11.129,5,Atta_5,390.2,1291.4,57.7,66.5,-0.3,,,,
11.129,6,Atta_6,270.1,1334.4,104.3,25.0,0.1,,,,
11.129,7,Atta_7,300.2,1561.2,189.2,-41.8,-3.7,,,,
11.129,8,Atta_8,214.9,1863.1,167.8,-56.5,0.0,,,,
11.129,9,Atta_9,349.5,2203.2,148.5,-40.0,4.7,,,,
11.129,10,Atta_10,347.3,2369.4,167.5,-93.3,-4.0,,,,
11.189,1,Atta_1,271.0,118.7,155.2,91.6,10.3,,,,
11.189,2,Atta_2,342.4,288.2,302.9,45.4,-8.5,,,,
11.189,3,Atta_3,135.4,1296.2,96.0,19.5,4.3,,,,
11.189,4,Atta_4,333.4,969.7,46.1,47.5,-6.0,,,,
11.189,5,Atta_5,434.1,1306.7,59.6,46.5,1.9,,,,
11.189,6,Atta_6,273.4,1270.7,105.9,-63.8,1.6,,,,
11.189,7,Atta_7,331.9,1519.3,182.1,-52.5,-7.1,,,,
11.189,8,Atta_8,135.7,1847.2,161.4,80.8,-6.4,,,,
11.189,9,Atta_9,224.3,2222.5,149.0,126.7,0.5,,,,
11.189,10,Atta_10,304.1,2369.3,168.8,43.2,1.3,,,,
11.258,1,Atta_1,279.2,151.2,152.6,33.5,-2.6,,,,
11.258,2,Atta_2,354.9,320.7,300.6,-34.8,-2.3,,,,
11.258,3,Atta_3,188.6,1356.3,92.5,80.3,-3.5,,,,
11.258,4,Atta_4,339.3,953.9,42.2,-16.9,-3.9,,,,
11.258,5,Atta_5,468.3,1306.6,57.8,34.2,-1.8,,,,
11.258,6,Atta_6,298.3,1344.5,106.3,77.9,0.4,,,,
11.258,7,Atta_7,343.8,1541.0,179.1,-24.7,-3.0,,,,
11.258,8,Atta_8,197.6,1776.3,155.4,-94.1,-6.0,,,,
11.258,9,Atta_9,313.1,2189.1,143.5,-94.9,-5.5,,,,
11.258,10,Atta_10,350.2,2355.7,166.5,-48.1,-2.3,,,,
11.326,1,Atta_1,349.5,125.9,149.2,-74.7,-3.4,,,,
11.326,2,Atta_2,250.7,303.4,296.0,-105.6,-4.6,,,,
11.326,3,Atta_3,160.5,1327.1,93.1,-40.5,0.6,,,,
11.326,4,Atta_4,344.7,944.2,37.8,-11.1,-4.4,,,,
11.326,5,Atta_5,403.3,1345.4,57.2,-75.7,-0.6,,,,
11.326,6,Atta_6,259.8,1380.1,101.6,52.4,-4.7,,,,
11.326,7,Atta_7,267.9,1469.3,178.0,104.4,-1.1,,,,
11.326,8,Atta_8,177.7,1825.6,155.5,53.2,0.1,,,,
11.326,9,Atta_9,272.4,2164.6,145.4,47.5,1.9,,,,
11.326,10,Atta_10,364.4,2365.4,172.4,-17.2,5.9,,,,
11.38,1,Atta_1,322.5,132.9,148.6,27.9,-0.6,,,,
11.38,2,Atta_2,360.2,286.6,291.4,110.8,-4.6,,,,
11.38,3,Atta_3,195.1,1370.2,99.2,55.3,6.1,,,,
11.38,4,Atta_4,238.6,908.6,33.1,-111.9,-4.7,,,,
11.38,5,Atta_5,429.4,1280.8,62.2,-69.7,5.0,,,,
11.38,6,Atta_6,307.1,1341.1,107.2,-61.3,5.6,,,,
11.38,7,Atta_7,300.6,1525.5,170.0,-65.0,-8.0,,,,
11.38,8,Atta_8,158.3,1799.3,151.9,32.7,-3.6,,,,
11.38,9,Atta_9,249.8,2239.9,147.8,78.6,2.4,,,,
11.38,10,Atta_10,311.2,2423.1,172.8,78.5,0.4,,,,
11.518,1,Atta_1,225.5,96.2,151.5,103.7,2.9,,,,
11.518,2,Atta_2,292.8,315.5,280.2,-73.3,-11.2,,,,
11.518,3,Atta_3,127.4,1327.3,96.1,-80.1,-3.1,,,,
11.518,4,Atta_4,311.8,986.6,25.2,107.0,-7.9,,,,
11.518,5,Atta_5,362.7,1303.0,59.7,-70.3,-2.5,,,,
11.518,6,Atta_6,266.1,1395.8,107.7,68.4,0.5,,,,
11.518,7,Atta_7,282.1,1545.1,159.8,27.0,-10.2,,,,
11.518,8,Atta_8,187.7,1833.7,144.8,-45.3,-7.1,,,,
11.518,9,Atta_9,247.6,2192.0,143.4,-48.0,-4.4,,,,
11.518,10,Atta_10,350.9,2427.7,171.7,-40.0,-1.1,,,,
11.587,1,Atta_1,293.5,160.6,149.5,-93.7,-2.0,,,,
11.587,2,Atta_2,287.4,401.8,280.7,-86.5,0.5,,,,
11.587,3,Atta_3,158.2,1320.6,93.1,-31.5,-3.0,,,,
11.587,4,Atta_4,359.8,919.5,20.5,82.5,-4.7,,,,
11.587,5,Atta_5,477.6,1350.4,58.3,124.3,-1.4,,,,
11.587,6,Atta_6,311.4,1346.4,110.6,-67.0,2.9,,,,
11.587,7,Atta_7,291.0,1474.8,158.1,-70.9,-1.7,,,,
11.587,8,Atta_8,146.7,1862.1,136.0,49.9,-8.8,,,,
11.587,9,Atta_9,263.0,2277.5,151.2,86.9,7.8,,,,
11.587,10,Atta_10,302.8,2382.6,172.0,65.9,0.3,,,,
11.654,1,Atta_1,245.2,174.9,153.5,50.4,4.0,,,,
11.654,2,Atta_2,319.2,321.7,274.9,86.2,-5.8,,,,
11.654,3,Atta_3,145.3,1402.0,94.1,82.4,1.0,,,,
11.654,4,Atta_4,294.6,931.5,19.5,-66.3,-1.0,,,,
11.654,5,Atta_5,451.3,1369.7,57.5,32.6,-0.8,,,,
11.654,6,Atta_6,319.9,1345.6,111.1,-8.5,0.5,,,,
11.654,7,Atta_7,330.5,1530.8,152.7,-68.5,-5.4,,,,
11.654,8,Atta_8,179.7,1810.6,129.2,-61.2,-6.8,,,,
11.654,9,Atta_9,231.4,2276.3,146.0,31.6,-5.2,,,,
11.654,10,Atta_10,275.6,2421.4,173.5,47.4,1.5,,,,
11.784,1,Atta_1,223.9,181.5,152.3,22.3,-1.2,,,,
11.784,2,Atta_2,303.7,263.6,273.1,60.1,-1.8,,,,
11.784,3,Atta_3,240.8,1374.6,95.8,-99.4,1.7,,,,
11.784,4,Atta_4,296.7,923.4,7.8,-8.4,-11.7,,,,
11.784,5,Atta_5,449.0,1341.1,55.5,-28.7,-2.0,,,,
11.784,6,Atta_6,327.0,1301.1,108.0,-45.1,-3.1,,,,
11.784,7,Atta_7,327.5,1485.2,155.0,-45.7,2.3,,,,
11.784,8,Atta_8,146.3,1843.8,128.9,47.1,-0.3,,,,
11.784,9,Atta_9,245.2,2268.1,147.8,-16.1,1.8,,,,
11.784,10,Atta_10,227.0,2424.4,168.5,48.7,-5.0,,,,
11.85,1,Atta_1,269.9,122.3,150.1,-75.0,-2.2,,,,
11.85,2,Atta_2,270.1,332.2,264.1,-76.4,-9.0,,,,
11.85,3,Atta_3,115.8,1437.5,95.0,139.9,-0.8,,,,
11.85,4,Atta_4,352.8,937.8,2.5,57.9,-5.3,,,,
11.85,5,Atta_5,523.2,1417.0,58.3,106.1,2.8,,,,
11.85,6,Atta_6,332.4,1348.4,108.9,47.6,0.9,,,,
11.85,7,Atta_7,321.2,1512.0,153.2,27.5,-1.8,,,,
11.85,8,Atta_8,161.4,1835.3,122.5,-17.3,-6.4,,,,
11.85,9,Atta_9,198.2,2251.8,149.7,49.7,1.9,,,,
11.85,10,Atta_10,204.6,2361.5,167.4,66.8,-1.1,,,,
11.917,1,Atta_1,263.4,152.9,151.9,31.3,1.8,,,,
11.917,2,Atta_2,315.8,274.9,258.5,73.3,-5.6,,,,
11.917,3,Atta_3,123.8,1452.8,94.6,17.3,-0.4,,,,
11.917,4,Atta_4,308.4,990.5,359.7,-68.9,-2.8,,,,
11.917,5,Atta_5,453.7,1380.8,51.7,-78.4,-6.6,,,,
11.917,6,Atta_6,266.7,1366.3,112.2,68.1,3.3,,,,
11.917,7,Atta_7,293.4,1511.0,149.6,27.8,-3.6,,,,
11.917,8,Atta_8,153.8,1857.9,118.7,23.8,-3.8,,,,
11.917,9,Atta_9,225.6,2228.2,147.6,-36.2,-2.1,,,,
11.917,10,Atta_10,246.5,2409.1,170.0,-63.4,2.6,,,,
11.97,1,Atta_1,236.5,212.5,152.9,65.4,1.0,,,,
11.97,2,Atta_2,326.0,374.3,253.2,-99.9,-5.3,,,,
11.97,3,Atta_3,163.7,1437.6,95.2,-42.7,0.6,,,,
11.97,4,Atta_4,285.4,922.2,2.1,-72.1,2.4,,,,
11.97,5,Atta_5,488.3,1373.1,48.8,35.4,-2.9,,,,
11.97,6,Atta_6,317.9,1333.0,113.8,-61.1,1.6,,,,
11.97,7,Atta_7,343.1,1501.0,150.6,-50.7,1.0,,,,
11.97,8,Atta_8,169.0,1838.1,115.7,-25.0,-3.0,,,,
11.97,9,Atta_9,206.4,2276.2,147.3,51.7,-0.3,,,,
11.97,10,Atta_10,221.0,2379.1,168.8,39.4,-1.2,,,,
12.04,1,Atta_1,211.7,139.4,151.2,-77.2,-1.7,,,,
12.04,2,Atta_2,315.3,315.1,256.5,60.2,3.3,,,,
12.04,3,Atta_3,103.6,1444.4,93.4,60.5,-1.8,,,,
12.04,4,Atta_4,283.4,932.4,352.8,-10.4,-9.3,,,,
12.04,5,Atta_5,506.6,1370.8,42.4,18.4,-6.4,,,,
12.04,6,Atta_6,334.5,1344.7,124.2,20.3,10.4,,,,
12.04,7,Atta_7,312.5,1539.1,152.6,48.9,2.0,,,,
12.04,8,Atta_8,223.1,1817.6,111.8,-57.9,-3.9,,,,
12.04,9,Atta_9,158.4,2277.4,150.5,48.0,3.2,,,,
12.04,10,Atta_10,186.8,2472.6,175.4,99.6,6.6,,,,
12.109,1,Atta_1,263.8,161.8,154.3,-56.7,3.1,,,,
12.109,2,Atta_2,323.3,303.6,252.2,14.0,-4.3,,,,
12.109,3,Atta_3,137.9,1421.0,96.3,-41.5,2.9,,,,
12.109,4,Atta_4,341.5,970.9,348.8,69.7,-4.0,,,,
12.109,5,Atta_5,425.8,1416.4,39.1,-92.8,-3.3,,,,
12.109,6,Atta_6,340.9,1319.1,123.8,-26.4,-0.4,,,,
12.109,7,Atta_7,276.6,1541.7,156.9,36.0,4.3,,,,
12.109,8,Atta_8,149.5,1874.5,104.7,93.0,-7.1,,,,
12.109,9,Atta_9,132.1,2337.0,146.4,65.1,-4.1,,,,
12.109,10,Atta_10,242.1,2380.5,171.5,-107.4,-3.9,,,,
12.175,1,Atta_1,222.8,166.5,151.2,41.3,-3.1,,,,
12.175,2,Atta_2,261.1,313.1,258.1,62.9,5.9,,,,
12.175,3,Atta_3,141.5,1468.2,96.1,47.3,-0.2,,,,
12.175,4,Atta_4,360.0,948.4,340.8,29.1,-8.0,,,,
12.175,5,Atta_5,467.5,1396.0,33.5,46.4,-5.6,,,,
12.175,6,Atta_6,354.2,1334.3,129.7,20.2,5.9,,,,
12.175,7,Atta_7,308.8,1542.4,164.7,-32.2,7.8,,,,
12.175,8,Atta_8,193.5,1870.3,105.6,-44.2,0.9,,,,
12.175,9,Atta_9,131.9,2299.7,146.9,-37.3,0.5,,,,
12.175,10,Atta_10,173.9,2417.2,170.6,77.4,-0.9,,,,
12.243,1,Atta_1,203.5,157.0,153.0,21.5,1.8,,,,
12.243,2,Atta_2,338.1,312.9,250.3,-77.0,-7.8,,,,
12.243,3,Atta_3,95.7,1463.2,94.1,-46.1,-2.0,,,,
12.243,4,Atta_4,305.7,984.3,339.3,-65.1,-1.5,,,,
12.243,5,Atta_5,494.7,1398.1,30.9,27.3,-2.6,,,,
12.243,6,Atta_6,314.7,1329.5,132.6,39.8,2.9,,,,
12.243,7,Atta_7,342.8,1501.8,168.3,-53.0,3.6,,,,
12.243,8,Atta_8,176.9,1802.0,105.1,-70.3,-0.5,,,,
12.243,9,Atta_9,127.1,2288.4,148.2,-12.3,1.3,,,,
12.243,10,Atta_10,220.8,2369.8,167.8,-66.7,-2.8,,,,
12.309,1,Atta_1,178.4,208.5,151.2,57.3,-1.8,,,,
12.309,2,Atta_2,331.0,261.1,252.6,52.3,2.3,,,,
12.309,3,Atta_3,94.7,1521.9,96.7,58.7,2.6,,,,
12.309,4,Atta_4,322.6,898.7,334.2,87.3,-5.1,,,,
12.309,5,Atta_5,522.6,1404.7,26.2,28.7,-4.7,,,,
12.309,6,Atta_6,334.1,1286.8,140.0,-46.9,7.4,,,,
12.309,7,Atta_7,277.5,1590.8,169.7,110.4,1.4,,,,
12.309,8,Atta_8,196.0,1823.3,103.7,28.6,-1.4,,,,
12.309,9,Atta_9,146.0,2278.3,144.4,-21.4,-3.8,,,,
12.309,10,Atta_10,193.5,2387.7,167.7,32.6,-0.1,,,,
12.379,1,Atta_1,189.0,163.8,154.5,-45.9,3.3,,,,
12.379,2,Atta_2,246.8,346.2,250.1,-119.7,-2.5,,,,
12.379,3,Atta_3,147.5,1487.8,94.3,-62.9,-2.4,,,,
12.379,4,Atta_4,358.1,944.0,329.8,57.6,-4.4,,,,
12.379,5,Atta_5,512.6,1314.9,23.3,-90.4,-2.9,,,,
12.379,6,Atta_6,341.8,1275.9,143.4,-13.3,3.4,,,,
12.379,7,Atta_7,327.6,1530.1,174.9,-78.7,5.2,,,,
12.379,8,Atta_8,193.3,1813.0,102.6,-10.6,-1.1,,,,
12.379,9,Atta_9,143.2,2278.1,149.3,2.8,4.9,,,,
12.379,10,Atta_10,96.5,2452.7,168.7,116.8,1.0,,,,
12.434,1,Atta_1,154.7,211.2,152.3,58.5,-2.2,,,,
12.434,2,Atta_2,327.3,350.9,247.4,-80.6,-2.7,,,,
12.434,3,Atta_3,94.3,1493.2,94.7,53.5,0.4,,,,
12.434,4,Atta_4,302.3,951.4,326.5,-56.3,-3.3,,,,
12.434,5,Atta_5,450.8,1327.9,19.1,-63.2,-4.2,,,,
12.434,6,Atta_6,296.8,1300.9,144.5,51.5,1.1,,,,
12.434,7,Atta_7,325.9,1537.3,182.7,7.4,7.8,,,,
12.434,8,Atta_8,154.4,1827.1,104.2,41.4,1.6,,,,
12.434,9,Atta_9,156.4,2258.5,147.4,-23.6,-1.9,,,,
12.434,10,Atta_10,120.2,2381.0,170.7,-75.5,2.0,,,,
12.505,1,Atta_1,146.7,202.8,151.1,11.6,-1.2,,,,
12.505,2,Atta_2,328.5,319.6,244.2,31.3,-3.2,,,,
12.505,3,Atta_3,128.9,1483.8,93.7,-35.9,-1.0,,,,
12.505,4,Atta_4,336.8,960.9,322.5,35.8,-4.0,,,,
12.505,5,Atta_5,389.7,1344.7,11.4,-63.4,-7.7,,,,
12.505,6,Atta_6,341.6,1338.6,152.3,-58.6,7.8,,,,
12.505,7,Atta_7,314.7,1560.8,177.8,26.0,-4.9,,,,
12.505,8,Atta_8,174.3,1864.5,106.0,42.4,1.8,,,,
12.505,9,Atta_9,128.5,2323.5,147.1,70.7,-0.3,,,,
12.505,10,Atta_10,128.7,2416.6,171.8,-36.6,1.1,,,,
12.623,1,Atta_1,179.1,230.7,153.7,-42.8,2.6,,,,
12.623,2,Atta_2,311.3,263.0,240.1,59.2,-4.1,,,,
12.623,3,Atta_3,156.5,1577.3,95.2,97.5,1.5,,,,
12.623,4,Atta_4,367.1,897.6,314.7,70.2,-7.8,,,,
12.623,5,Atta_5,521.8,1379.6,7.3,136.6,-4.1,,,,
12.623,6,Atta_6,313.0,1319.1,157.1,34.6,4.8,,,,
12.623,7,Atta_7,361.7,1520.3,179.4,-62.0,1.6,,,,
12.623,8,Atta_8,138.6,1810.4,103.9,-64.8,-2.1,,,,
12.623,9,Atta_9,80.2,2301.8,148.3,53.0,1.2,,,,
12.623,10,Atta_10,98.1,2396.6,172.5,36.6,0.7,,,,
12.692,1,Atta_1,68.6,284.4,156.5,122.9,2.8,,,,
12.692,2,Atta_2,311.5,266.6,231.7,-3.6,-8.4,,,,
12.692,3,Atta_3,53.2,1591.9,96.4,104.3,1.2,,,,
12.692,4,Atta_4,295.4,919.6,309.8,-75.0,-4.9,,,,
12.692,5,Atta_5,452.1,1360.1,0.2,-72.4,-7.1,,,,
12.692,6,Atta_6,337.8,1343.6,167.1,-34.9,10.0,,,,
12.692,7,Atta_7,328.7,1558.0,178.7,50.1,-0.7,,,,
12.692,8,Atta_8,193.9,1868.8,105.5,80.4,1.6,,,,
12.692,9,Atta_9,104.4,2246.6,149.4,-60.3,1.1,,,,
12.692,10,Atta_10,160.9,2392.2,170.3,-63.0,-2.2,,,,
12.76,1,Atta_1,37.6,211.7,153.4,-79.0,-3.1,,,,
12.76,2,Atta_2,288.0,275.9,227.1,25.3,-4.6,,,,
12.76,3,Atta_3,115.3,1547.7,96.4,-76.2,0.0,,,,
12.76,4,Atta_4,355.0,899.5,302.0,62.9,-7.8,,,,
12.76,5,Atta_5,440.4,1380.1,355.9,-23.2,-4.3,,,,
12.76,6,Atta_6,329.1,1313.8,165.9,31.0,-1.2,,,,
12.76,7,Atta_7,309.4,1555.1,178.4,19.5,-0.3,,,,
12.76,8,Atta_8,130.8,1849.0,104.9,-66.1,-0.6,,,,
12.76,9,Atta_9,149.6,2269.7,148.0,-50.8,-1.4,,,,
12.76,10,Atta_10,124.1,2420.4,166.4,46.4,-3.9,,,,
12.884,1,Atta_1,183.4,257.3,156.6,-152.8,3.2,,,,
12.884,2,Atta_2,268.6,234.8,221.9,45.4,-5.2,,,,
12.884,3,Atta_3,111.8,1594.2,98.9,46.6,2.5,,,,
12.884,4,Atta_4,269.7,923.8,300.0,-88.7,-2.0,,,,
12.884,5,Atta_5,481.3,1398.3,349.4,44.8,-6.5,,,,
12.884,6,Atta_6,339.5,1296.1,167.1,-20.5,1.2,,,,
12.884,7,Atta_7,283.8,1565.2,180.0,27.5,1.6,,,,
12.884,8,Atta_8,116.4,1908.6,104.6,61.3,-0.3,,,,
12.884,9,Atta_9,124.4,2314.9,145.1,51.8,-2.9,,,,
12.884,10,Atta_10,141.8,2398.9,171.0,-27.8,4.6,,,,
12.954,1,Atta_1,45.4,227.8,152.4,141.1,-4.2,,,,
12.954,2,Atta_2,275.7,296.3,212.7,-61.9,-9.2,,,,
12.954,3,Atta_3,131.4,1601.2,98.5,20.8,-0.4,,,,
12.954,4,Atta_4,340.7,959.8,290.0,79.6,-10.0,,,,
12.954,5,Atta_5,436.2,1346.7,345.0,-68.5,-4.4,,,,
12.954,6,Atta_6,369.7,1264.2,165.8,-43.9,-1.3,,,,
12.954,7,Atta_7,312.6,1594.5,180.0,-41.1,0.0,,,,
12.954,8,Atta_8,138.4,1931.1,107.8,31.5,3.2,,,,
12.954,9,Atta_9,198.4,2318.6,149.8,-74.1,4.7,,,,
12.954,10,Atta_10,171.6,2407.3,171.0,-31.0,0.0,,,,
13.021,1,Atta_1,142.5,247.2,149.0,-99.0,-3.4,,,,
13.021,2,Atta_2,306.9,346.6,209.5,-59.2,-3.2,,,,
13.021,3,Atta_3,112.0,1569.7,94.6,-37.0,-3.9,,,,
13.021,4,Atta_4,321.4,957.1,285.4,-19.5,-4.6,,,,
13.021,5,Atta_5,470.6,1350.1,336.4,34.6,-8.6,,,,
13.021,6,Atta_6,326.2,1238.2,168.1,50.7,2.3,,,,
13.021,7,Atta_7,251.2,1503.3,182.2,109.9,2.2,,,,
13.021,8,Atta_8,176.5,1926.9,106.4,-38.3,-1.4,,,,
13.021,9,Atta_9,157.3,2305.3,147.7,43.2,-2.1,,,,
13.021,10,Atta_10,136.7,2429.4,170.7,41.3,-0.3,,,,
13.088,1,Atta_1,129.6,256.0,150.0,15.6,1.0,,,,
13.088,2,Atta_2,362.3,300.7,207.2,-71.9,-2.3,,,,
13.088,3,Atta_3,145.4,1609.3,96.2,51.8,1.6,,,,
13.088,4,Atta_4,274.2,966.1,285.5,-48.1,0.1,,,,
13.088,5,Atta_5,484.1,1370.3,341.7,24.3,5.3,,,,
13.088,6,Atta_6,371.1,1273.4,167.8,-57.1,-0.3,,,,
13.088,7,Atta_7,263.6,1510.6,184.8,-14.4,2.6,,,,
13.088,8,Atta_8,166.8,1989.3,109.1,63.1,2.7,,,,
13.088,9,Atta_9,182.7,2306.2,144.1,-25.4,-3.6,,,,
13.088,10,Atta_10,106.3,2425.1,168.0,30.7,-2.7,,,,
13.154,1,Atta_1,120.8,254.8,148.8,8.9,-1.2,,,,
13.154,2,Atta_2,376.5,339.8,202.3,-41.6,-4.9,,,,
13.154,3,Atta_3,111.3,1597.7,96.6,-36.0,0.4,,,,
13.154,4,Atta_4,388.0,981.5,284.8,114.8,-0.7,,,,
13.154,5,Atta_5,503.7,1377.0,329.2,20.7,-12.5,,,,
13.154,6,Atta_6,301.9,1282.1,164.5,69.7,-3.3,,,,
13.154,7,Atta_7,239.2,1546.7,181.7,43.6,-3.1,,,,
13.154,8,Atta_8,182.5,1915.6,102.1,-75.4,-7.0,,,,
13.154,9,Atta_9,157.8,2228.2,142.3,-81.9,-1.8,,,,
13.154,10,Atta_10,158.5,2375.0,172.2,-72.4,4.2,,,,
13.219,1,Atta_1,149.5,193.8,147.6,-67.4,-1.2,,,,
13.219,2,Atta_2,392.8,338.2,195.7,-16.4,-6.6,,,,
13.219,3,Atta_3,127.2,1676.5,92.7,80.4,-3.9,,,,
13.219,4,Atta_4,295.1,930.4,282.3,106.0,-2.5,,,,
13.219,5,Atta_5,469.8,1356.9,329.8,-39.4,0.6,,,,
13.219,6,Atta_6,257.9,1351.1,166.9,81.8,2.4,,,,
13.219,7,Atta_7,274.5,1570.8,178.4,-42.7,-3.3,,,,
13.219,8,Atta_8,90.8,1976.4,105.2,110.0,3.1,,,,
13.219,9,Atta_9,167.9,2280.8,134.8,53.6,-7.5,,,,
13.219,10,Atta_10,174.1,2430.7,167.5,-57.8,-4.7,,,,
13.289,1,Atta_1,157.5,229.3,143.4,36.4,-4.2,,,,
13.289,2,Atta_2,289.0,320.4,188.4,105.3,-7.3,,,,
13.289,3,Atta_3,192.3,1624.3,94.8,-83.4,2.1,,,,
13.289,4,Atta_4,299.0,932.2,283.7,-4.3,1.4,,,,
13.289,5,Atta_5,473.0,1393.3,320.7,-36.5,-9.1,,,,
13.289,6,Atta_6,302.6,1335.3,167.6,-47.4,0.7,,,,
13.289,7,Atta_7,253.9,1557.7,184.7,24.4,6.3,,,,
13.289,8,Atta_8,145.3,1955.8,107.4,-58.3,2.2,,,,
13.289,9,Atta_9,162.2,2239.6,132.6,-41.6,-2.2,,,,
13.289,10,Atta_10,127.0,2400.4,167.5,56.0,0.0,,,,
13.344,1,Atta_1,154.5,277.2,146.0,48.0,2.6,,,,
13.344,2,Atta_2,309.2,258.0,186.2,-65.6,-2.2,,,,
13.344,3,Atta_3,82.3,1704.2,98.0,136.0,3.2,,,,
13.344,4,Atta_4,270.3,945.7,283.2,-31.7,-0.5,,,,
13.344,5,Atta_5,527.8,1422.6,320.0,62.1,-0.7,,,,
13.344,6,Atta_6,253.9,1313.3,166.0,53.4,-1.6,,,,
13.344,7,Atta_7,215.3,1547.2,177.1,40.0,-7.6,,,,
13.344,8,Atta_8,99.9,1958.7,107.2,45.5,-0.2,,,,
13.344,9,Atta_9,108.4,2303.2,125.9,83.3,-6.7,,,,
13.344,10,Atta_10,144.3,2423.2,164.2,-28.6,-3.3,,,,
13.41,1,Atta_1,174.4,197.2,147.7,-82.4,1.7,,,,
13.41,2,Atta_2,346.8,282.5,188.0,-44.9,1.8,,,,
13.41,3,Atta_3,178.2,1699.9,95.9,-96.0,-2.1,,,,
13.41,4,Atta_4,328.6,934.6,285.2,59.3,2.0,,,,
13.41,5,Atta_5,427.7,1390.9,318.7,-105.0,-1.3,,,,
13.41,6,Atta_6,256.0,1384.4,164.7,71.1,-1.3,,,,
13.41,7,Atta_7,191.5,1523.0,176.4,33.9,-0.7,,,,
13.41,8,Atta_8,97.0,2003.2,109.2,44.6,2.0,,,,
13.41,9,Atta_9,113.3,2319.0,120.1,16.5,-5.8,,,,
13.41,10,Atta_10,164.3,2386.9,159.3,-41.4,-4.9,,,,
13.48,1,Atta_1,140.8,185.1,141.6,35.7,-6.1,,,,
13.48,2,Atta_2,298.4,353.9,182.1,86.3,-5.9,,,,
13.48,3,Atta_3,129.9,1659.8,93.6,-62.8,-2.3,,,,
13.48,4,Atta_4,309.4,885.3,278.2,52.9,-7.0,,,,
13.48,5,Atta_5,511.0,1407.4,306.4,84.9,-12.3,,,,
13.48,6,Atta_6,266.3,1308.8,165.0,-76.3,0.3,,,,
13.48,7,Atta_7,196.0,1516.3,181.3,-8.1,4.9,,,,
13.48,8,Atta_8,83.7,1979.7,105.2,-27.0,-4.0,,,,
13.48,9,Atta_9,170.8,2277.7,118.0,-70.8,-2.1,,,,
13.48,10,Atta_10,173.8,2416.2,150.2,30.8,-9.1,,,,
13.549,1,Atta_1,180.6,193.4,138.6,-40.7,-3.0,,,,
13.549,2,Atta_2,315.2,292.5,181.4,-63.7,-0.7,,,,
13.549,3,Atta_3,153.1,1722.0,98.7,66.4,5.1,,,,
13.549,4,Atta_4,280.3,943.4,278.2,-65.0,0.0,,,,
13.549,5,Atta_5,446.8,1349.2,301.5,86.7,-4.9,,,,
13.549,6,Atta_6,239.3,1338.6,166.8,40.2,1.8,,,,
13.549,7,Atta_7,108.5,1513.7,179.1,87.5,-2.2,,,,
13.549,8,Atta_8,117.5,2013.2,105.9,47.6,0.7,,,,
13.549,9,Atta_9,182.6,2247.2,114.6,-32.7,-3.4,,,,
13.549,10,Atta_10,173.7,2433.5,147.6,17.3,-2.6,,,,
13.615,1,Atta_1,178.8,204.8,134.0,11.5,-4.6,,,,
13.615,2,Atta_2,298.1,309.0,178.5,23.8,-2.9,,,,
13.615,3,Atta_3,90.0,1707.7,95.8,-64.7,-2.9,,,,
13.615,4,Atta_4,299.3,996.3,269.5,-56.2,-8.7,,,,
13.615,5,Atta_5,488.9,1377.8,303.0,-50.9,1.5,,,,
13.615,6,Atta_6,212.1,1284.8,167.1,60.3,0.3,,,,
13.615,7,Atta_7,198.4,1555.1,181.3,-99.0,2.2,,,,
13.615,8,Atta_8,118.3,2035.9,109.3,22.7,3.4,,,,
13.615,9,Atta_9,179.5,2261.4,109.2,14.5,-5.4,,,,
13.615,10,Atta_10,152.4,2403.7,141.8,36.6,-5.8,,,,
13.684,1,Atta_1,169.1,210.9,131.0,11.5,-3.0,,,,
13.684,2,Atta_2,291.5,317.9,181.0,11.1,2.5,,,,
13.684,3,Atta_3,97.3,1750.3,92.1,43.2,-3.7,,,,
13.684,4,Atta_4,313.0,1028.7,264.9,-35.2,-4.6,,,,
13.684,5,Atta_5,470.1,1367.2,296.3,-21.6,-6.7,,,,
13.684,6,Atta_6,219.0,1306.8,166.1,-23.1,-1.0,,,,
13.684,7,Atta_7,141.5,1576.7,181.4,60.9,0.1,,,,
13.684,8,Atta_8,153.5,2021.8,110.2,-37.9,0.9,,,,
13.684,9,Atta_9,186.1,2261.2,105.6,-6.6,-3.6,,,,
13.684,10,Atta_10,140.2,2441.2,144.5,39.4,2.7,,,,
13.751,1,Atta_1,128.9,188.3,124.2,46.1,-6.8,,,,
13.751,2,Atta_2,307.4,301.7,179.7,-22.7,-1.3,,,,
13.751,3,Atta_3,144.3,1729.1,97.1,-51.6,5.0,,,,
13.751,4,Atta_4,281.4,944.2,259.9,90.2,-5.0,,,,
13.751,5,Atta_5,481.2,1379.7,291.3,-16.7,-5.0,,,,
13.751,6,Atta_6,198.2,1367.7,165.8,64.4,-0.3,,,,
13.751,7,Atta_7,139.2,1608.3,182.4,31.7,1.0,,,,
13.751,8,Atta_8,106.1,2042.7,106.4,51.8,-3.8,,,,
13.751,9,Atta_9,134.6,2237.9,98.3,-56.5,-7.3,,,,
13.751,10,Atta_10,143.5,2405.7,135.7,-35.7,-8.8,,,,
13.807,1,Atta_1,169.3,144.3,122.1,-59.7,-2.1,,,,
13.807,2,Atta_2,338.4,345.9,180.7,-54.0,1.0,,,,
13.807,3,Atta_3,114.9,1733.7,96.6,29.8,-0.5,,,,
13.807,4,Atta_4,328.6,962.5,259.0,-50.6,-0.9,,,,
13.807,5,Atta_5,511.9,1361.3,291.6,35.8,0.3,,,,
13.807,6,Atta_6,220.0,1310.6,168.6,-61.1,2.8,,,,
13.807,7,Atta_7,145.6,1510.7,180.7,-97.8,-1.7,,,,
13.807,8,Atta_8,83.8,2040.4,106.9,22.4,0.5,,,,
13.807,9,Atta_9,173.1,2268.1,95.9,48.9,-2.4,,,,
13.807,10,Atta_10,192.8,2380.0,130.9,-55.6,-4.8,,,,
13.877,1,Atta_1,164.4,162.4,116.4,18.8,-5.7,,,,
13.877,2,Atta_2,270.0,283.0,182.1,92.9,1.4,,,,
13.877,3,Atta_3,90.8,1792.1,95.8,63.2,-0.8,,,,
13.877,4,Atta_4,241.0,927.0,251.3,94.5,-7.7,,,,
13.877,5,Atta_5,446.5,1416.0,279.6,-85.3,-12.0,,,,
13.877,6,Atta_6,213.9,1372.8,170.7,62.5,2.1,,,,
13.877,7,Atta_7,87.9,1478.4,179.5,66.1,-1.2,,,,
13.877,8,Atta_8,84.9,2062.4,104.0,22.0,-2.9,,,,
13.877,9,Atta_9,164.4,2252.5,88.5,-17.9,-7.4,,,,
13.877,10,Atta_10,199.2,2415.5,122.4,36.1,-8.5,,,,
13.944,1,Atta_1,196.6,212.4,111.4,59.5,-5.0,,,,
13.944,2,Atta_2,297.9,299.4,179.3,-32.4,-2.8,,,,
13.944,3,Atta_3,151.8,1770.7,92.8,-64.6,-3.0,,,,
13.944,4,Atta_4,290.6,969.3,247.8,-65.2,-3.5,,,,
13.944,5,Atta_5,470.9,1396.6,274.9,31.2,-4.7,,,,
13.944,6,Atta_6,232.6,1357.0,173.9,-24.5,3.2,,,,
13.944,7,Atta_7,146.9,1479.1,182.1,-59.0,2.6,,,,
13.944,8,Atta_8,94.8,2029.6,107.7,-34.3,3.7,,,,
13.944,9,Atta_9,154.8,2299.6,87.8,48.1,-0.7,,,,
13.944,10,Atta_10,190.7,2318.1,124.9,-97.8,2.5,,,,
14.013,1,Atta_1,164.6,179.6,103.3,-45.8,-8.1,,,,
14.013,2,Atta_2,230.4,335.2,183.6,76.4,4.3,,,,
14.013,3,Atta_3,100.4,1738.3,92.3,-60.8,-0.5,,,,
14.013,4,Atta_4,327.7,946.2,247.4,43.7,-0.4,,,,
14.013,5,Atta_5,478.2,1373.5,272.1,24.2,-2.8,,,,
14.013,6,Atta_6,204.5,1366.3,181.2,29.6,7.3,,,,
14.013,7,Atta_7,138.7,1491.5,179.1,14.9,-3.0,,,,
14.013,8,Atta_8,40.4,2041.7,105.2,55.7,-2.5,,,,
14.013,9,Atta_9,183.4,2290.8,91.1,-29.9,3.3,,,,
14.013,10,Atta_10,231.0,2419.3,118.9,108.9,-6.0,,,,
14.08,1,Atta_1,148.1,169.7,105.8,-19.2,2.5,,,,
14.08,2,Atta_2,258.4,277.8,180.7,-63.9,-2.9,,,,
14.08,3,Atta_3,124.6,1757.3,94.7,30.8,2.4,,,,
14.08,4,Atta_4,330.1,956.5,240.4,-10.6,-7.0,,,,
14.08,5,Atta_5,492.2,1413.2,266.5,-42.1,-5.6,,,,
14.08,6,Atta_6,248.6,1304.9,184.5,-75.6,3.3,,,,
14.08,7,Atta_7,74.2,1487.6,185.9,64.6,6.8,,,,
14.08,8,Atta_8,78.0,2094.4,103.8,64.7,-1.4,,,,
14.08,10,Atta_10,182.4,2424.5,111.0,48.9,-7.9,,,,
14.148,1,Atta_1,126.6,184.2,96.0,25.9,-9.8,,,,
14.148,2,Atta_2,214.1,292.7,181.7,46.7,1.0,,,,
14.148,3,Atta_3,164.2,1800.9,96.7,58.9,2.0,,,,
14.148,4,Atta_4,291.4,908.3,234.1,61.8,-6.3,,,,
14.148,5,Atta_5,427.2,1371.8,261.7,77.1,-4.8,,,,
14.148,6,Atta_6,180.7,1315.4,190.8,68.7,6.3,,,,
14.148,7,Atta_7,130.6,1562.8,179.9,-94.0,-6.0,,,,
14.148,8,Atta_8,21.3,2083.5,107.1,57.7,3.3,,,,
14.148,9,Atta_9,171.3,2272.0,92.2,-22.4,1.1,,,,
14.148,10,Atta_10,201.9,2395.1,112.3,-35.3,1.3,,,,
14.214,1,Atta_1,107.1,246.0,96.2,64.8,0.2,,,,
14.214,2,Atta_2,219.9,336.0,179.8,-43.7,-1.9,,,,
14.214,3,Atta_3,66.4,1787.6,97.9,-98.7,1.2,,,,
14.214,4,Atta_4,336.9,958.2,230.1,-67.5,-4.0,,,,
14.214,5,Atta_5,502.6,1408.6,260.6,-83.9,-1.1,,,,
14.214,6,Atta_6,179.1,1330.3,194.5,-15.0,3.7,,,,
14.214,7,Atta_7,111.4,1531.3,180.1,36.9,0.2,,,,
14.214,8,Atta_8,62.0,2151.5,104.2,79.2,-2.9,,,,
14.214,9,Atta_9,80.2,2246.8,93.0,-94.5,0.8,,,,
14.214,10,Atta_10,192.7,2402.0,112.4,11.5,0.1,,,,
14.28,1,Atta_1,193.6,154.3,89.4,-126.1,-6.8,,,,
14.28,2,Atta_2,254.5,378.5,176.1,-54.8,-3.7,,,,
14.28,3,Atta_3,122.1,1805.6,96.7,58.5,-1.2,,,,
14.28,4,Atta_4,299.9,971.4,223.9,39.3,-6.2,,,,
14.28,5,Atta_5,520.2,1388.5,254.7,26.7,-5.9,,,,
14.28,6,Atta_6,203.0,1343.6,192.5,-27.4,-2.0,,,,
14.28,7,Atta_7,82.1,1475.6,184.7,62.9,4.6,,,,
14.28,8,Atta_8,83.6,2098.6,102.0,-57.1,-2.2,,,,
14.28,9,Atta_9,162.1,2265.9,87.1,84.1,-5.9,,,,
14.28,10,Atta_10,158.7,2474.9,109.2,80.4,-3.2,,,,
14.349,1,Atta_1,110.3,221.0,89.9,106.7,0.5,,,,
14.349,2,Atta_2,174.8,238.8,177.2,160.8,1.1,,,,
14.349,3,Atta_3,142.4,1817.2,93.9,23.4,-2.8,,,,
14.349,4,Atta_4,299.2,963.1,221.4,8.3,-2.5,,,,
14.349,5,Atta_5,438.9,1366.5,253.9,84.2,-0.8,,,,
14.349,6,Atta_6,212.1,1370.5,196.9,-28.4,4.4,,,,
14.349,7,Atta_7,83.0,1517.7,181.7,-42.1,-3.0,,,,
14.349,8,Atta_8,31.2,2084.3,98.0,-54.3,-4.0,,,,
14.349,9,Atta_9,104.9,2255.1,91.1,-58.2,4.0,,,,
14.349,10,Atta_10,200.8,2405.2,110.7,-81.4,1.5,,,,
14.415,1,Atta_1,159.8,221.7,87.1,49.5,-2.8,,,,
14.415,2,Atta_2,162.0,287.5,180.3,50.4,3.1,,,,
14.415,3,Atta_3,98.4,1866.8,98.5,66.3,4.6,,,,
14.415,4,Atta_4,297.8,948.4,216.9,14.8,-4.5,,,,
14.415,5,Atta_5,477.1,1366.1,247.0,-38.2,-6.9,,,,
14.415,6,Atta_6,199.5,1337.2,195.3,35.6,-1.6,,,,
14.415,7,Atta_7,137.3,1487.7,179.9,-62.0,-1.8,,,,
14.415,8,Atta_8,78.8,2120.6,95.9,59.9,-2.1,,,,
14.415,9,Atta_9,162.6,2280.8,92.2,63.2,1.1,,,,
14.415,10,Atta_10,207.7,2369.7,110.2,-36.2,-0.5,,,,
14.484,1,Atta_1,156.8,212.9,90.4,-9.3,3.3,,,,
14.484,2,Atta_2,173.9,352.0,182.0,-65.6,1.7,,,,
14.484,3,Atta_3,99.4,1812.6,94.7,-54.2,-3.8,,,,
14.484,4,Atta_4,307.6,930.8,210.9,20.1,-6.0,,,,
14.484,5,Atta_5,448.1,1397.1,238.6,-42.4,-8.4,,,,
14.484,6,Atta_6,193.9,1350.2,198.1,14.2,2.8,,,,
14.484,7,Atta_7,240.3,1581.5,179.6,-139.3,-0.3,,,,
14.484,8,Atta_8,83.0,2104.7,87.3,-16.4,-8.6,,,,
14.484,9,Atta_9,192.7,2221.0,92.4,-66.9,0.2,,,,
14.484,10,Atta_10,177.4,2421.4,110.9,59.9,0.7,,,,
14.553,1,Atta_1,181.9,212.4,89.4,-25.1,-1.0,,,,
14.553,2,Atta_2,133.5,320.9,180.3,51.0,-1.7,,,,
14.553,3,Atta_3,111.7,1863.6,93.5,52.5,-1.2,,,,
14.553,4,Atta_4,276.9,930.9,207.8,30.7,-3.1,,,,
14.553,5,Atta_5,458.8,1414.6,243.8,-20.5,5.2,,,,
14.553,6,Atta_6,237.4,1342.1,193.5,-44.2,-4.6,,,,
14.553,7,Atta_7,110.1,1509.6,181.8,148.7,2.2,,,,
14.553,8,Atta_8,76.9,2079.5,82.1,-25.9,-5.2,,,,
14.553,9,Atta_9,192.0,2193.5,87.8,-27.5,-4.6,,,,
14.553,10,Atta_10,192.1,2438.7,112.8,22.7,1.9,,,,
14.621,1,Atta_1,172.9,204.3,94.7,-12.1,5.3,,,,
14.621,2,Atta_2,162.5,318.3,179.8,-29.1,-0.5,,,,
14.621,3,Atta_3,92.3,1867.6,95.2,19.8,1.7,,,,
14.621,4,Atta_4,339.1,949.4,204.6,-64.9,-3.2,,,,
14.621,5,Atta_5,474.5,1377.8,239.2,40.0,-4.6,,,,
14.621,6,Atta_6,228.8,1349.6,191.5,11.4,-2.0,,,,
14.621,7,Atta_7,179.0,1540.1,176.3,-75.3,-5.5,,,,
14.621,8,Atta_8,57.5,2175.2,79.2,97.6,-2.9,,,,
14.621,9,Atta_9,155.3,2182.4,91.7,-38.3,3.9,,,,
14.621,10,Atta_10,137.7,2432.1,111.2,54.8,-1.6,,,,
14.69,1,Atta_1,138.5,184.6,86.7,-39.6,-8.0,,,,
14.69,2,Atta_2,183.0,295.6,176.2,-30.6,-3.6,,,,
14.69,3,Atta_3,113.4,1917.9,94.8,54.5,-0.4,,,,
14.69,4,Atta_4,283.1,945.9,198.8,56.1,-5.8,,,,
14.69,5,Atta_5,463.5,1394.8,242.4,-20.2,3.2,,,,
14.69,6,Atta_6,136.2,1294.8,193.3,107.6,1.8,,,,
14.69,7,Atta_7,178.3,1487.8,170.5,-52.3,-5.8,,,,
14.69,8,Atta_8,97.8,2157.6,71.8,-44.0,-7.4,,,,
14.69,9,Atta_9,160.9,2203.6,88.0,21.9,-3.7,,,,
14.69,10,Atta_10,190.7,2471.9,114.2,66.3,3.0,,,,
14.758,1,Atta_1,130.9,223.1,83.4,39.2,-3.3,,,,
14.758,2,Atta_2,146.9,325.2,180.8,46.7,4.6,,,,
14.758,3,Atta_3,67.9,1887.6,96.8,-54.7,2.0,,,,
14.758,4,Atta_4,270.4,900.7,200.3,47.0,1.5,,,,
14.758,5,Atta_5,467.3,1450.7,241.3,-56.0,-1.1,,,,
14.758,6,Atta_6,162.7,1354.0,194.7,-64.9,1.4,,,,
14.758,7,Atta_7,179.2,1530.8,167.5,43.0,-3.0,,,,
14.758,8,Atta_8,92.6,2107.6,68.3,-50.3,-3.5,,,,
14.758,9,Atta_9,157.6,2193.5,87.4,-10.6,-0.6,,,,
14.758,10,Atta_10,91.3,2455.6,116.3,100.7,2.1,,,,
14.83,1,Atta_1,169.3,146.2,86.7,-86.0,3.3,,,,
14.83,2,Atta_2,154.5,307.9,179.6,-18.9,-1.2,,,,
14.83,3,Atta_3,60.2,1828.5,96.9,-59.6,0.1,,,,
14.83,4,Atta_4,362.4,910.5,191.9,-92.5,-8.4,,,,
14.83,5,Atta_5,544.9,1384.9,241.8,101.7,0.5,,,,
14.83,6,Atta_6,179.7,1360.7,194.6,-18.3,-0.1,,,,
14.83,7,Atta_7,178.6,1503.5,162.4,-27.3,-5.1,,,,
14.83,8,Atta_8,65.2,2093.1,65.1,-31.0,-3.2,,,,
14.83,9,Atta_9,205.4,2210.9,81.7,50.9,-5.7,,,,
14.83,10,Atta_10,216.5,2500.6,114.9,-133.0,-1.4,,,,
14.894,1,Atta_1,162.6,157.1,88.3,12.8,1.6,,,,
14.894,2,Atta_2,115.3,313.6,179.9,39.6,0.3,,,,
14.894,3,Atta_3,71.1,1959.0,98.5,131.0,1.6,,,,
14.894,4,Atta_4,321.2,894.7,186.7,44.1,-5.2,,,,
14.894,5,Atta_5,479.7,1411.8,241.1,70.5,-0.7,,,,
14.894,6,Atta_6,204.4,1351.8,193.7,-26.3,-0.9,,,,
14.894,7,Atta_7,129.3,1541.5,158.2,62.2,-4.2,,,,
14.894,8,Atta_8,78.6,2129.2,58.2,38.5,-6.9,,,,
14.894,9,Atta_9,115.2,2205.4,80.8,-90.4,-0.9,,,,
14.894,10,Atta_10,161.8,2455.6,113.8,-70.8,-1.1,,,,
14.964,1,Atta_1,133.8,108.2,84.1,-56.8,-4.2,,,,
14.964,2,Atta_2,121.0,276.1,181.6,-37.9,1.7,,,,
14.964,3,Atta_3,141.3,1930.9,94.2,-75.6,-4.3,,,,
14.964,4,Atta_4,333.9,947.8,182.7,-54.6,-4.0,,,,
14.964,5,Atta_5,474.9,1394.5,237.5,18.0,-3.6,,,,
14.964,6,Atta_6,141.5,1353.6,196.1,62.9,2.4,,,,
14.964,7,Atta_7,140.6,1486.2,155.8,-56.4,-2.4,,,,
14.964,8,Atta_8,134.2,2130.9,57.6,55.6,-0.6,,,,
14.964,9,Atta_9,103.1,2191.3,76.7,-18.6,-4.1,,,,
14.964,10,Atta_10,97.5,2520.5,112.4,91.4,-1.4,,,,
15.039,1,Atta_1,152.7,90.6,87.0,-25.8,2.9,,,,
15.039,2,Atta_2,117.7,345.2,186.1,69.2,4.5,,,,
15.039,3,Atta_3,109.0,1974.7,99.0,54.4,4.8,,,,
15.039,4,Atta_4,286.2,926.1,173.6,52.4,-9.1,,,,
15.039,5,Atta_5,455.3,1356.0,241.8,43.2,4.3,,,,
15.039,6,Atta_6,169.5,1347.4,193.7,-28.7,-2.4,,,,
15.039,7,Atta_7,196.7,1549.6,147.9,-84.7,-7.9,,,,
15.039,8,Atta_8,128.8,2110.5,52.9,-21.1,-4.7,,,,
15.039,9,Atta_9,187.0,2172.3,72.5,86.0,-4.2,,,,
15.039,10,Atta_10,178.5,2474.9,114.3,-93.0,1.9,,,,
15.11,1,Atta_1,198.3,108.5,88.3,49.0,1.3,,,,
15.11,2,Atta_2,84.2,316.3,178.2,44.2,-7.9,,,,
15.11,3,Atta_3,56.8,1936.0,93.2,-65.0,-5.8,,,,
15.11,4,Atta_4,283.0,946.7,172.3,20.8,-1.3,,,,
15.11,5,Atta_5,443.1,1344.6,241.3,16.7,-0.5,,,,
15.11,6,Atta_6,94.9,1325.4,193.1,77.8,-0.6,,,,
15.11,7,Atta_7,197.2,1495.0,142.6,-54.6,-5.3,,,,
15.11,8,Atta_8,87.4,2098.8,47.7,-43.0,-5.2,,,,
15.11,9,Atta_9,207.8,2221.4,68.7,53.3,-3.8,,,,
15.11,10,Atta_10,112.4,2557.7,110.7,105.9,-3.6,,,,
15.181,1,Atta_1,159.1,68.6,84.4,-55.9,-3.9,,,,
15.181,2,Atta_2,159.4,307.9,178.1,-75.7,-0.1,,,,
15.181,3,Atta_3,108.4,1917.0,96.6,-55.0,3.4,,,,
15.181,4,Atta_4,357.2,948.9,164.6,-74.2,-7.7,,,,
15.181,5,Atta_5,450.5,1353.2,243.7,-11.3,2.4,,,,
15.181,6,Atta_6,125.9,1243.7,194.6,-87.4,1.5,,,,
15.181,7,Atta_7,154.8,1530.2,140.1,55.1,-2.5,,,,
15.181,8,Atta_8,115.4,2117.3,44.1,33.6,-3.6,,,,
15.181,9,Atta_9,183.1,2230.3,61.6,-26.3,-7.1,,,,
15.181,10,Atta_10,116.4,2518.1,112.8,-39.8,2.1,,,,
15.236,1,Atta_1,109.8,109.6,79.2,64.1,-5.2,,,,
15.236,2,Atta_2,159.2,289.7,182.7,-18.2,4.6,,,,
15.236,3,Atta_3,136.1,1978.6,97.5,67.5,0.9,,,,
15.236,4,Atta_4,366.3,940.5,161.9,-12.4,-2.7,,,,
15.236,5,Atta_5,444.9,1292.7,241.9,60.8,-1.8,,,,
15.236,6,Atta_6,53.6,1279.0,199.6,80.5,5.0,,,,
15.236,7,Atta_7,181.2,1493.6,133.0,-45.1,-7.1,,,,
15.236,8,Atta_8,82.5,2128.8,38.8,-34.9,-5.3,,,,
15.236,9,Atta_9,128.7,2216.3,57.8,-56.2,-3.8,,,,
15.236,10,Atta_10,160.2,2523.1,117.8,-44.1,5.0,,,,
15.305,1,Atta_1,130.3,145.6,73.3,41.4,-5.9,,,,
15.305,2,Atta_2,156.0,308.2,182.4,18.8,-0.3,,,,
15.305,3,Atta_3,90.1,2003.1,91.2,52.1,-6.3,,,,
15.305,4,Atta_4,346.8,969.8,158.6,35.2,-3.3,,,,
15.305,5,Atta_5,408.4,1316.8,241.8,-43.7,-0.1,,,,
15.305,6,Atta_6,109.3,1302.4,202.7,-60.4,3.1,,,,
15.305,7,Atta_7,176.0,1517.1,131.1,24.1,-1.9,,,,
15.305,8,Atta_8,104.7,2104.9,32.9,32.6,-5.9,,,,
15.305,9,Atta_9,115.9,2212.5,54.7,-13.4,-3.1,,,,
15.305,10,Atta_10,121.2,2519.1,123.8,39.2,6.0,,,,
15.371,1,Atta_1,117.8,120.8,68.8,-27.8,-4.5,,,,
15.371,2,Atta_2,154.8,250.2,180.5,58.0,-1.9,,,,
15.371,3,Atta_3,108.7,1918.9,90.9,-86.2,-0.3,,,,
15.371,4,Atta_4,270.4,959.4,153.5,77.1,-5.1,,,,
15.371,5,Atta_5,417.4,1314.1,237.5,-9.4,-4.3,,,,
15.371,6,Atta_6,132.7,1327.4,197.8,-34.2,-4.9,,,,
15.371,7,Atta_7,189.3,1506.4,127.0,-17.1,-4.1,,,,
15.371,8,Atta_8,62.0,2057.3,28.7,-63.9,-4.2,,,,
15.371,9,Atta_9,202.9,2228.1,47.7,88.4,-7.0,,,,
15.371,10,Atta_10,129.8,2548.9,124.1,31.0,0.3,,,,
15.44,1,Atta_1,218.4,110.2,60.5,101.2,-8.3,,,,
15.44,2,Atta_2,164.5,351.0,180.9,-101.3,0.4,,,,
15.44,3,Atta_3,107.3,1949.8,94.3,30.9,3.4,,,,
15.44,4,Atta_4,272.8,911.9,156.6,-47.6,3.1,,,,
15.44,5,Atta_5,402.5,1269.7,241.2,46.8,3.7,,,,
15.44,6,Atta_6,123.9,1331.2,200.2,9.6,2.4,,,,
15.44,7,Atta_7,193.3,1504.9,119.8,-4.3,-7.2,,,,
15.44,8,Atta_8,45.2,2112.8,23.3,58.0,-5.4,,,,
15.44,9,Atta_9,158.6,2257.7,42.9,-53.3,-4.8,,,,
15.44,10,Atta_10,62.5,2491.2,127.8,-88.6,3.7,,,,
15.505,1,Atta_1,111.7,119.7,61.5,-107.1,1.0,,,,
15.505,2,Atta_2,145.2,300.7,176.7,53.9,-4.2,,,,
15.505,3,Atta_3,89.9,2019.0,94.3,71.4,0.0,,,,
15.505,4,Atta_4,319.6,921.2,153.3,-47.7,-3.3,,,,
15.505,5,Atta_5,375.3,1305.7,241.1,-45.1,-0.1,,,,
15.505,6,Atta_6,127.1,1336.0,200.4,-5.8,0.2,,,,
15.505,7,Atta_7,161.4,1523.9,124.1,37.1,4.3,,,,
15.505,8,Atta_8,65.8,2130.7,18.2,27.3,-5.1,,,,
15.505,9,Atta_9,167.1,2141.1,40.0,-116.9,-2.9,,,,
15.505,10,Atta_10,152.7,2559.4,135.8,-113.1,8.0,,,,
15.574,1,Atta_1,170.2,101.4,59.5,61.3,-2.0,,,,
15.574,2,Atta_2,138.3,306.9,175.8,9.3,-0.9,,,,
15.574,3,Atta_3,38.9,2022.5,92.6,51.1,-1.7,,,,
15.574,4,Atta_4,275.9,951.5,155.3,53.2,2.0,,,,
15.574,5,Atta_5,405.4,1310.5,242.4,-30.5,1.3,,,,
15.574,6,Atta_6,159.6,1337.9,200.3,-32.6,-0.1,,,,
15.574,7,Atta_7,219.3,1550.7,123.5,-63.8,-0.6,,,,
15.574,8,Atta_8,112.1,2095.2,17.2,58.3,-1.0,,,,
15.574,9,Atta_9,151.3,2214.4,30.9,75.0,-9.1,,,,
15.574,10,Atta_10,118.9,2567.1,142.3,34.7,6.5,,,,
15.643,1,Atta_1,152.8,122.4,50.8,27.3,-8.7,,,,
15.643,2,Atta_2,157.1,274.9,173.7,-37.1,-2.1,,,,
15.643,3,Atta_3,53.1,1894.6,95.1,-128.7,2.5,,,,
15.643,4,Atta_4,345.9,922.7,152.3,-75.7,-3.0,,,,
15.643,5,Atta_5,319.3,1285.6,243.7,89.6,1.3,,,,
15.643,6,Atta_6,138.5,1360.7,201.0,31.1,0.7,,,,
15.643,7,Atta_7,131.2,1515.9,124.0,94.7,0.5,,,,
15.643,8,Atta_8,94.9,2048.0,13.0,-50.2,-4.2,,,,
15.643,9,Atta_9,134.7,2210.8,32.5,-17.0,1.6,,,,
15.643,10,Atta_10,84.2,2488.4,146.4,-86.0,4.1,,,,
15.712,1,Atta_1,165.8,129.0,48.6,14.6,-2.2,,,,
15.712,2,Atta_2,201.9,318.9,166.3,-62.8,-7.4,,,,
15.712,3,Atta_3,150.6,1862.0,92.1,-102.8,-3.0,,,,
15.712,4,Atta_4,326.2,956.8,151.9,39.4,-0.4,,,,
15.712,5,Atta_5,344.6,1278.2,241.9,-26.4,-1.8,,,,
15.712,6,Atta_6,175.9,1342.0,200.5,-41.8,-0.5,,,,
15.712,7,Atta_7,191.0,1501.6,122.5,-61.5,-1.5,,,,
15.712,8,Atta_8,65.7,2111.6,7.2,-70.0,-5.8,,,,
15.712,9,Atta_9,154.3,2201.3,31.6,21.8,-0.9,,,,
15.712,10,Atta_10,121.4,2512.5,146.0,-44.3,-0.4,,,,
15.782,1,Atta_1,153.2,131.6,41.7,-12.9,-6.9,,,,
15.782,2,Atta_2,132.3,336.0,163.9,71.7,-2.4,,,,
15.782,3,Atta_3,59.5,1852.1,92.3,-91.6,0.2,,,,
15.782,4,Atta_4,290.7,896.8,151.9,69.7,0.0,,,,
15.782,5,Atta_5,369.6,1244.2,241.2,42.2,-0.7,,,,
15.782,6,Atta_6,231.3,1328.8,202.6,-57.0,2.1,,,,
15.782,7,Atta_7,144.0,1521.9,123.6,51.2,1.1,,,,
15.782,8,Atta_8,86.5,2123.4,357.4,23.9,-9.8,,,,
15.782,9,Atta_9,175.3,2213.1,33.4,24.1,1.8,,,,
15.782,10,Atta_10,122.9,2490.4,155.0,-22.2,9.0,,,,
15.843,1,Atta_1,175.8,175.9,37.1,49.7,-4.6,,,,
15.843,2,Atta_2,262.1,321.3,154.4,-130.6,-9.5,,,,
15.843,3,Atta_3,130.3,1931.3,87.7,106.2,-4.6,,,,
15.843,4,Atta_4,215.8,945.9,152.6,89.6,0.7,,,,
15.843,5,Atta_5,431.1,1289.2,241.8,-76.2,0.6,,,,
15.843,6,Atta_6,161.0,1365.5,201.7,79.3,-0.9,,,,
15.843,8,Atta_8,81.8,2186.7,359.8,-63.5,2.4,,,,
15.843,9,Atta_9,136.2,2235.1,31.1,-44.9,-2.3,,,,
15.843,10,Atta_10,130.2,2544.2,154.6,54.3,-0.4,,,,
15.913,1,Atta_1,162.5,106.2,34.5,-71.0,-2.6,,,,
15.913,2,Atta_2,175.1,300.9,154.9,89.4,0.5,,,,
15.913,3,Atta_3,92.5,1917.5,78.7,-40.2,-9.0,,,,
15.913,4,Atta_4,302.9,964.0,151.1,-89.0,-1.5,,,,
15.913,5,Atta_5,353.4,1255.2,241.4,84.8,-0.4,,,,
15.913,6,Atta_6,185.3,1348.8,200.2,-29.5,-1.5,,,,
15.913,7,Atta_7,194.1,1540.7,120.8,-53.5,-2.8,,,,
15.913,8,Atta_8,132.2,2150.5,352.8,62.1,-7.0,,,,
15.913,9,Atta_9,132.8,2229.1,32.2,-6.9,1.1,,,,
15.913,10,Atta_10,158.5,2494.2,156.1,-57.5,1.5,,,,
15.982,1,Atta_1,210.0,154.4,28.6,67.7,-5.9,,,,
15.982,2,Atta_2,140.8,313.4,150.8,36.5,-4.1,,,,
15.982,3,Atta_3,109.0,1897.5,77.6,-25.9,-1.1,,,,
15.982,4,Atta_4,231.3,976.8,154.1,72.7,3.0,,,,
15.982,5,Atta_5,294.7,1202.0,242.3,79.2,0.9,,,,
15.982,6,Atta_6,177.3,1375.1,202.0,-27.5,1.8,,,,
15.982,7,Atta_7,157.2,1603.0,125.6,72.4,4.8,,,,
15.982,8,Atta_8,129.0,2162.9,348.8,-12.8,-4.0,,,,
15.982,9,Atta_9,205.0,2194.2,31.7,80.2,-0.5,,,,
15.982,10,Atta_10,129.3,2501.3,155.7,30.1,-0.4,,,,
16.048,1,Atta_1,166.4,78.9,29.0,-87.2,0.4,,,,
16.048,2,Atta_2,187.7,315.4,144.4,-46.9,-6.4,,,,
16.048,3,Atta_3,68.0,1853.9,71.5,-59.8,-6.1,,,,
16.048,4,Atta_4,215.6,970.2,154.0,17.0,-0.1,,,,
16.048,5,Atta_5,374.6,1248.7,242.5,-92.5,0.2,,,,
16.048,6,Atta_6,185.2,1335.1,199.0,40.8,-3.0,,,,
16.048,7,Atta_7,231.5,1599.4,123.9,-74.4,-1.7,,,,
16.048,8,Atta_8,89.2,2104.2,344.3,-70.9,-4.5,,,,
16.048,9,Atta_9,206.4,2145.1,32.4,-49.1,0.7,,,,
16.048,10,Atta_10,111.8,2506.2,155.8,18.2,0.1,,,,
16.116,1,Atta_1,176.5,119.0,31.7,41.4,2.7,,,,
16.116,2,Atta_2,238.0,323.2,139.6,-50.9,-4.8,,,,
16.116,3,Atta_3,97.6,1952.6,69.2,103.0,-2.3,,,,
16.116,4,Atta_4,253.8,995.0,150.5,-45.5,-3.5,,,,
16.116,5,Atta_5,322.4,1216.0,242.5,61.6,0.0,,,,
16.116,6,Atta_6,228.1,1345.8,200.9,-44.2,1.9,,,,
16.116,7,Atta_7,147.5,1569.8,122.7,89.1,-1.2,,,,
16.116,8,Atta_8,52.3,2113.7,338.4,-38.1,-5.9,,,,
16.116,9,Atta_9,217.0,2196.7,29.5,52.7,-2.9,,,,
16.116,10,Atta_10,133.2,2543.2,156.1,-42.7,0.3,,,,
16.182,1,Atta_1,118.2,117.5,30.1,-58.3,-1.6,,,,
16.182,2,Atta_2,142.1,261.2,137.7,114.2,-1.9,,,,
16.182,3,Atta_3,118.1,1884.7,66.8,-70.9,-2.4,,,,
16.182,4,Atta_4,224.8,989.7,152.3,29.5,1.8,,,,
16.182,5,Atta_5,357.4,1160.0,238.0,66.0,-4.5,,,,
16.182,6,Atta_6,250.7,1338.6,190.0,-23.7,-10.9,,,,
16.182,7,Atta_7,133.6,1617.8,121.7,50.0,-1.0,,,,
16.182,8,Atta_8,69.1,2131.5,335.1,24.5,-3.3,,,,
16.182,9,Atta_9,229.0,2166.4,32.8,-32.6,3.3,,,,
16.182,10,Atta_10,81.8,2542.5,157.0,51.4,0.9,,,,
16.249,1,Atta_1,117.3,137.9,27.3,20.4,-2.8,,,,
16.249,2,Atta_2,202.1,384.4,130.4,137.0,-7.3,,,,
16.249,3,Atta_3,65.6,1908.7,55.7,57.7,-11.1,,,,
16.249,4,Atta_4,234.3,1004.8,155.3,-17.8,3.0,,,,
16.249,5,Atta_5,354.6,1172.6,241.0,-12.9,3.0,,,,
16.249,6,Atta_6,263.0,1412.0,189.0,-74.4,-1.0,,,,
16.249,7,Atta_7,114.6,1623.4,121.5,19.8,-0.2,,,,
16.249,8,Atta_8,114.4,2165.5,329.7,56.6,-5.4,,,,
16.249,9,Atta_9,200.2,2257.9,32.4,95.9,-0.4,,,,
16.249,10,Atta_10,75.2,2530.5,153.2,13.7,-3.8,,,,
16.318,1,Atta_1,188.4,165.9,27.2,76.4,-0.1,,,,
16.318,2,Atta_2,231.2,315.2,129.0,-75.1,-1.4,,,,
16.318,3,Atta_3,116.8,1885.8,54.8,56.1,-0.9,,,,
16.318,4,Atta_4,228.5,915.0,154.8,-90.0,-0.5,,,,
16.318,5,Atta_5,368.9,1147.0,241.4,29.3,0.4,,,,
16.318,6,Atta_6,243.8,1364.4,186.4,51.3,-2.6,,,,
16.318,7,Atta_7,110.0,1654.8,122.1,31.7,0.6,,,,
16.318,8,Atta_8,55.9,2138.3,329.8,-64.5,0.1,,,,
16.318,9,Atta_9,236.1,2250.6,33.3,36.6,0.9,,,,
16.318,10,Atta_10,110.5,2534.5,154.6,-35.5,1.4,,,,
16.389,1,Atta_1,158.8,102.8,30.9,-69.7,3.7,,,,
16.389,2,Atta_2,215.9,329.8,121.6,21.1,-7.4,,,,
16.389,3,Atta_3,136.6,1877.7,50.5,21.4,-4.3,,,,
16.389,4,Atta_4,233.0,994.6,152.1,79.7,-2.7,,,,
16.389,5,Atta_5,376.9,1206.2,241.9,-59.7,0.5,,,,
16.389,6,Atta_6,208.3,1332.0,182.1,48.1,-4.3,,,,
16.389,7,Atta_7,69.7,1618.4,124.9,-54.3,2.8,,,,
16.389,8,Atta_8,129.9,2142.4,321.2,74.1,-8.6,,,,
16.389,9,Atta_9,249.6,2192.6,33.7,-59.6,0.4,,,,
16.389,10,Atta_10,115.8,2526.7,148.9,-9.4,-5.7,,,,
16.516,1,Atta_1,190.5,137.5,33.4,47.0,2.5,,,,
16.516,2,Atta_2,158.1,278.2,124.5,-77.5,2.9,,,,
16.516,3,Atta_3,64.6,1876.8,40.8,-72.0,-9.7,,,,
16.516,4,Atta_4,179.6,977.4,153.4,56.1,1.3,,,,
16.516,5,Atta_5,328.7,1144.5,254.8,78.3,12.9,,,,
16.516,6,Atta_6,216.9,1295.6,170.2,-37.4,-11.9,,,,
16.516,7,Atta_7,106.2,1656.1,127.1,52.5,2.2,,,,
16.516,8,Atta_8,95.7,2154.1,311.0,-36.1,-10.2,,,,
16.516,9,Atta_9,222.8,2253.8,31.9,66.8,-1.8,,,,
16.516,10,Atta_10,134.5,2563.4,150.1,41.2,1.2,,,,
16.585,1,Atta_1,170.1,103.4,27.2,-39.7,-6.2,,,,
16.585,2,Atta_2,191.5,328.8,122.0,60.6,-2.5,,,,
16.585,3,Atta_3,78.6,1917.0,38.2,42.6,-2.6,,,,
16.585,4,Atta_4,159.6,1003.5,146.1,32.9,-7.3,,,,
16.585,5,Atta_5,364.9,1130.9,260.8,38.7,6.0,,,,
16.585,6,Atta_6,185.5,1381.6,169.5,91.6,-0.7,,,,
16.585,7,Atta_7,123.7,1640.6,133.1,-23.4,6.0,,,,
16.585,8,Atta_8,101.8,2130.6,307.3,24.3,-3.7,,,,
16.585,9,Atta_9,259.4,2277.6,30.9,43.7,-1.0,,,,
16.585,10,Atta_10,115.6,2509.4,150.9,-57.2,0.8,,,,
16.653,1,Atta_1,234.5,149.9,30.7,79.4,3.5,,,,
16.653,2,Atta_2,144.7,334.5,123.3,47.1,1.3,,,,
16.653,3,Atta_3,123.1,1872.9,40.6,62.7,2.4,,,,
16.653,4,Atta_4,158.1,1019.3,152.6,15.9,6.5,,,,
16.653,5,Atta_5,385.7,1169.9,264.8,-44.2,4.0,,,,
16.653,6,Atta_6,243.8,1356.3,163.0,-63.6,-6.5,,,,
16.653,7,Atta_7,141.5,1574.0,133.2,-68.9,0.1,,,,
16.653,8,Atta_8,60.9,2099.6,306.8,-51.3,-0.5,,,,
16.653,9,Atta_9,198.4,2202.3,33.0,-96.9,2.1,,,,
16.653,10,Atta_10,142.9,2429.6,150.8,-84.3,-0.1,,,,
16.776,1,Atta_1,160.7,134.4,30.5,-75.4,-0.2,,,,
16.776,2,Atta_2,173.5,309.9,120.8,-37.9,-2.5,,,,
16.776,3,Atta_3,108.0,1890.0,38.6,-22.8,-2.0,,,,
16.776,4,Atta_4,155.3,1027.6,153.7,8.8,1.1,,,,
16.776,5,Atta_5,347.8,1228.2,270.2,-69.5,5.4,,,,
16.776,6,Atta_6,221.1,1334.7,159.8,31.3,-3.2,,,,
16.776,7,Atta_7,147.7,1648.1,140.7,74.4,7.5,,,,
16.776,8,Atta_8,97.6,2080.8,299.3,41.2,-7.5,,,,
16.776,9,Atta_9,305.0,2265.6,29.2,124.0,-3.8,,,,
16.776,10,Atta_10,117.4,2520.2,149.0,94.1,-1.8,,,,
16.845,1,Atta_1,215.3,143.1,31.7,55.3,1.2,,,,
16.845,2,Atta_2,208.5,335.6,126.3,43.4,5.5,,,,
16.845,3,Atta_3,78.6,1889.1,38.4,-29.4,-0.2,,,,
16.845,4,Atta_4,161.3,927.4,149.0,-100.4,-4.7,,,,
16.845,5,Atta_5,346.4,1128.6,276.0,99.6,5.8,,,,
16.845,6,Atta_6,185.0,1366.7,148.5,48.2,-11.3,,,,
16.845,7,Atta_7,165.4,1648.0,148.1,-17.7,7.4,,,,
16.845,8,Atta_8,105.2,2134.8,290.6,-54.5,-8.7,,,,
16.845,9,Atta_9,295.9,2255.1,21.2,-13.9,-8.0,,,,
16.845,10,Atta_10,139.1,2424.9,147.1,-97.7,-1.9,,,,
16.978,1,Atta_1,248.2,231.0,30.1,93.9,-1.6,,,,
16.978,2,Atta_2,156.5,335.8,123.4,52.0,-2.9,,,,
16.978,3,Atta_3,66.4,1913.8,37.1,27.5,-1.3,,,,
16.978,4,Atta_4,163.3,999.4,151.7,72.0,2.7,,,,
16.978,5,Atta_5,400.9,1225.3,280.1,-111.0,4.1,,,,
16.978,6,Atta_6,260.8,1335.7,147.8,-81.9,-0.7,,,,
16.978,7,Atta_7,45.0,1628.0,151.3,122.0,3.2,,,,
16.978,8,Atta_8,115.7,2121.0,290.4,17.3,-0.2,,,,
16.978,9,Atta_9,266.6,2275.4,11.0,-35.6,-10.2,,,,
16.978,10,Atta_10,153.7,2518.2,143.3,94.4,-3.8,,,,
17.034,1,Atta_1,255.2,119.4,31.3,-111.8,1.2,,,,
17.034,2,Atta_2,191.1,379.1,124.7,55.4,1.3,,,,
17.034,3,Atta_3,93.4,1897.3,36.9,31.6,-0.2,,,,
17.034,4,Atta_4,118.5,1037.2,155.4,58.6,3.7,,,,
17.034,5,Atta_5,372.0,1132.3,285.3,97.4,5.2,,,,
17.034,6,Atta_6,202.4,1380.9,141.2,73.8,-6.6,,,,
17.034,7,Atta_7,119.6,1566.1,156.0,-96.9,4.7,,,,
17.034,8,Atta_8,77.1,2067.3,288.4,66.1,-2.0,,,,
17.034,10,Atta_10,214.4,2489.8,142.3,-67.0,-1.0,,,,
17.103,1,Atta_1,325.5,149.4,29.6,76.4,-1.7,,,,
17.103,2,Atta_2,169.3,369.3,124.0,23.9,-0.7,,,,
17.103,3,Atta_3,119.5,1877.2,40.2,32.9,3.3,,,,
17.103,4,Atta_4,117.3,1023.9,148.8,-13.4,-6.6,,,,
17.103,5,Atta_5,334.6,1154.1,285.8,-43.3,0.5,,,,
17.103,6,Atta_6,223.1,1390.3,137.7,-22.7,-3.5,,,,
17.103,7,Atta_7,144.8,1611.7,161.0,-52.1,5.0,,,,
17.103,8,Atta_8,120.5,2127.3,289.4,-74.1,1.0,,,,
17.103,9,Atta_9,261.4,2308.4,7.1,33.4,-3.9,,,,
17.103,10,Atta_10,168.4,2498.9,134.0,46.9,-8.3,,,,
17.17,1,Atta_1,256.5,207.1,23.9,-89.9,-5.7,,,,
17.17,2,Atta_2,150.8,333.8,120.5,-40.0,-3.5,,,,
17.17,3,Atta_3,142.6,1902.2,40.1,34.0,-0.1,,,,
17.17,4,Atta_4,81.2,1065.5,151.8,55.1,3.0,,,,
17.17,5,Atta_5,301.7,1151.3,294.9,-33.0,9.1,,,,
17.17,6,Atta_6,186.1,1386.3,132.6,37.2,-5.1,,,,
17.17,7,Atta_7,97.3,1638.1,162.0,54.3,1.0,,,,
17.17,8,Atta_8,81.1,2169.6,290.0,-57.8,0.6,,,,
17.17,9,Atta_9,339.5,2271.6,359.1,86.3,-8.0,,,,
17.17,10,Atta_10,182.6,2506.9,129.7,-16.3,-4.3,,,,
17.237,1,Atta_1,298.3,230.5,16.2,47.9,-7.7,,,,
17.237,2,Atta_2,171.0,379.7,118.0,50.1,-2.5,,,,
17.237,3,Atta_3,125.3,1948.9,38.9,49.8,-1.2,,,,
17.237,4,Atta_4,109.7,978.4,145.1,-91.6,-6.7,,,,
17.237,5,Atta_5,269.6,1207.5,300.7,-64.7,5.8,,,,
17.237,6,Atta_6,252.9,1396.0,125.9,-67.5,-6.7,,,,
17.237,7,Atta_7,97.5,1654.5,172.9,16.4,10.9,,,,
17.237,8,Atta_8,127.0,2111.0,289.4,74.4,-0.6,,,,
17.237,9,Atta_9,240.2,2291.0,354.3,-101.2,-4.8,,,,
17.237,10,Atta_10,140.5,2498.7,120.6,42.9,-9.1,,,,
17.305,1,Atta_1,260.8,215.3,13.3,-40.5,-2.9,,,,
17.305,2,Atta_2,167.8,426.5,125.3,46.9,7.3,,,,
17.305,3,Atta_3,89.7,1947.2,39.1,-35.6,0.2,,,,
17.305,4,Atta_4,94.8,1046.4,149.2,69.6,4.1,,,,
17.305,5,Atta_5,333.4,1162.0,302.1,78.4,1.4,,,,
17.305,6,Atta_6,219.9,1334.7,121.9,-69.6,-4.0,,,,
17.305,7,Atta_7,113.8,1588.5,178.6,-68.0,5.7,,,,
17.305,8,Atta_8,113.5,2114.7,292.2,-14.0,2.8,,,,
17.305,9,Atta_9,312.6,2267.8,350.1,76.0,-4.2,,,,
17.305,10,Atta_10,161.2,2455.7,119.9,-47.7,-0.7,,,,
17.371,1,Atta_1,299.8,158.9,9.8,68.6,-3.5,,,,
17.371,2,Atta_2,112.5,399.9,121.6,61.4,-3.7,,,,
17.371,3,Atta_3,187.3,1930.3,41.7,99.1,2.6,,,,
17.371,4,Atta_4,109.6,1035.1,149.6,-18.6,0.4,,,,
17.371,5,Atta_5,369.2,1177.4,308.8,39.0,6.7,,,,
17.371,6,Atta_6,276.8,1355.6,121.6,-60.6,-0.3,,,,
17.371,7,Atta_7,119.8,1639.9,178.4,-51.7,-0.2,,,,
17.371,8,Atta_8,76.9,2131.7,299.5,-40.4,7.3,,,,
17.371,9,Atta_9,277.8,2312.6,350.0,-56.7,-0.1,,,,
17.371,10,Atta_10,76.8,2560.0,112.5,134.2,-7.4,,,,
17.437,1,Atta_1,276.0,185.1,6.7,-35.4,-3.1,,,,
17.437,2,Atta_2,113.4,374.2,125.0,-25.7,3.4,,,,
17.437,3,Atta_3,148.5,1972.1,41.2,-57.0,-0.5,,,,
17.437,4,Atta_4,106.9,983.2,143.8,-52.0,-5.8,,,,
17.437,5,Atta_5,362.0,1212.8,311.6,-36.1,2.8,,,,
17.437,6,Atta_6,192.1,1357.9,119.0,84.7,-2.6,,,,
17.437,7,Atta_7,106.5,1655.5,186.4,20.5,8.0,,,,
17.437,8,Atta_8,64.1,2142.3,300.1,-16.6,0.6,,,,
17.437,9,Atta_9,299.9,2269.2,351.7,48.7,1.7,,,,
17.437,10,Atta_10,134.9,2473.2,109.9,-104.5,-2.6,,,,
17.504,1,Atta_1,239.6,195.2,357.6,-37.8,-9.1,,,,
17.504,2,Atta_2,144.1,427.8,125.2,61.8,0.2,,,,
17.504,3,Atta_3,150.2,1927.6,36.1,-44.5,-5.1,,,,
17.504,4,Atta_4,134.9,1022.8,147.7,48.5,3.9,,,,
17.504,5,Atta_5,345.1,1211.7,314.4,-16.9,2.8,,,,
17.504,6,Atta_6,286.0,1378.4,113.1,-96.1,-5.9,,,,
17.504,7,Atta_7,137.3,1639.6,190.0,-34.7,3.6,,,,
17.504,8,Atta_8,42.1,2105.1,304.4,43.2,4.3,,,,
17.504,9,Atta_9,308.9,2325.1,349.1,56.6,-2.6,,,,
17.504,10,Atta_10,225.0,2451.5,106.4,-92.7,-3.5,,,,
17.566,1,Atta_1,250.9,182.3,357.2,17.1,-0.4,,,,
17.566,2,Atta_2,161.4,424.1,127.4,-17.7,2.2,,,,
17.566,3,Atta_3,201.7,1965.6,39.8,64.0,3.7,,,,
17.566,4,Atta_4,191.0,1033.5,148.2,-57.1,0.5,,,,
17.566,5,Atta_5,333.8,1154.5,314.4,58.3,0.0,,,,
17.566,6,Atta_6,244.6,1321.6,105.2,-70.3,-7.9,,,,
17.566,7,Atta_7,90.7,1690.5,194.3,69.0,4.3,,,,
17.566,8,Atta_8,90.4,2119.3,307.9,50.3,3.5,,,,
17.566,9,Atta_9,282.6,2322.6,348.4,-26.4,-0.7,,,,
17.566,10,Atta_10,164.2,2504.9,102.9,80.9,-3.5,,,,
17.632,1,Atta_1,319.9,167.4,353.4,70.6,-3.8,,,,
17.632,2,Atta_2,127.2,378.5,128.9,-57.0,1.5,,,,
17.632,3,Atta_3,177.3,1966.7,36.1,-24.4,-3.7,,,,
17.632,4,Atta_4,98.5,1015.7,153.3,94.2,5.1,,,,
17.632,5,Atta_5,355.9,1179.3,311.7,-33.2,-2.7,,,,
17.632,6,Atta_6,250.8,1394.7,108.4,73.4,3.2,,,,
17.632,7,Atta_7,83.9,1655.1,193.3,36.0,-1.0,,,,
17.632,8,Atta_8,115.6,2131.4,313.4,28.0,5.5,,,,
17.632,9,Atta_9,293.7,2224.9,346.1,98.3,-2.3,,,,
17.632,10,Atta_10,104.1,2499.9,96.2,60.3,-6.7,,,,
17.697,1,Atta_1,244.4,149.7,351.1,-77.5,-2.3,,,,
17.697,2,Atta_2,108.4,383.5,138.7,19.5,9.8,,,,
17.697,3,Atta_3,201.2,1972.1,31.5,24.5,-4.6,,,,
17.697,4,Atta_4,193.0,1029.9,141.6,-95.6,-11.7,,,,
17.697,5,Atta_5,339.8,1175.4,318.5,-16.6,6.8,,,,
17.697,6,Atta_6,240.9,1366.2,109.5,-30.2,1.1,,,,
17.697,7,Atta_7,68.7,1577.7,193.1,78.9,-0.2,,,,
17.697,8,Atta_8,86.6,2137.2,318.6,-29.6,5.2,,,,
17.697,9,Atta_9,289.3,2285.9,351.6,-61.2,5.5,,,,
17.697,10,Atta_10,116.7,2479.4,90.3,-24.1,-5.9,,,,
17.763,1,Atta_1,262.7,153.6,345.8,18.7,-5.3,,,,
17.763,2,Atta_2,81.7,349.5,138.6,-43.2,-0.1,,,,
17.763,3,Atta_3,254.8,1963.0,31.5,54.4,0.0,,,,
17.763,4,Atta_4,117.3,993.4,138.2,84.0,-3.4,,,,
17.763,5,Atta_5,323.2,1125.3,312.1,52.8,-6.4,,,,
17.763,6,Atta_6,225.5,1373.9,106.2,17.2,-3.3,,,,
17.763,7,Atta_7,143.1,1610.4,199.6,-81.3,6.5,,,,
17.763,8,Atta_8,80.8,2100.0,325.5,37.6,6.9,,,,
17.763,9,Atta_9,320.4,2269.8,346.9,35.0,-4.7,,,,
17.763,10,Atta_10,181.0,2503.2,93.0,68.6,2.7,,,,
17.831,1,Atta_1,261.6,157.3,336.5,-3.9,-9.3,,,,
17.831,2,Atta_2,109.7,470.6,148.5,124.3,9.9,,,,
17.831,3,Atta_3,196.8,1976.8,26.0,-59.6,-5.5,,,,
17.831,4,Atta_4,167.6,1026.7,135.5,-60.3,-2.7,,,,
17.831,5,Atta_5,323.8,1113.2,315.4,12.1,3.3,,,,
17.831,6,Atta_6,211.2,1356.7,107.7,-22.4,1.5,,,,
17.831,7,Atta_7,127.6,1667.6,194.6,-59.3,-5.0,,,,
17.831,8,Atta_8,113.6,2176.7,328.4,-83.4,2.9,,,,
17.831,9,Atta_9,268.9,2280.5,353.1,-52.6,6.2,,,,
17.831,10,Atta_10,97.3,2515.3,90.4,84.6,-2.6,,,,
17.883,1,Atta_1,256.9,119.1,333.1,38.5,-3.4,,,,
17.883,2,Atta_2,117.9,413.1,152.3,-58.1,3.8,,,,
17.883,3,Atta_3,216.6,1945.1,18.4,37.4,-7.6,,,,
17.883,4,Atta_4,185.6,947.2,131.8,-81.5,-3.7,,,,
17.883,5,Atta_5,354.9,1195.4,314.4,-87.9,-1.0,,,,
17.883,6,Atta_6,142.2,1394.3,103.3,78.6,-4.4,,,,
17.883,7,Atta_7,162.0,1612.4,195.0,-65.0,0.4,,,,
17.883,8,Atta_8,37.9,2139.2,331.6,-84.5,3.2,,,,
17.883,9,Atta_9,302.4,2269.3,349.4,35.3,-3.7,,,,
17.883,10,Atta_10,194.1,2443.5,93.3,-120.5,2.9,,,,
17.953,1,Atta_1,261.0,168.6,330.5,-49.7,-2.6,,,,
17.953,2,Atta_2,123.5,433.4,153.6,21.1,1.3,,,,
17.953,3,Atta_3,195.6,1976.6,20.7,-37.9,2.3,,,,
17.953,4,Atta_4,169.7,989.5,127.1,45.2,-4.7,,,,
17.953,5,Atta_5,389.7,1166.9,313.8,45.0,-0.6,,,,
17.953,6,Atta_6,246.0,1343.0,103.0,-115.8,-0.3,,,,
17.953,7,Atta_7,110.5,1634.4,199.2,56.0,4.2,,,,
17.953,8,Atta_8,133.5,2109.7,337.5,100.0,5.9,,,,
17.953,9,Atta_9,300.7,2317.8,352.2,-48.5,2.8,,,,
17.953,10,Atta_10,192.2,2435.3,90.4,-8.4,-2.9,,,,
18.022,2,Atta_2,158.5,440.5,159.5,-35.7,5.9,,,,
18.022,3,Atta_3,216.2,1898.8,13.0,-80.5,-7.7,,,,
18.022,4,Atta_4,146.4,995.6,122.1,24.1,-5.0,,,,
18.022,5,Atta_5,411.2,1151.5,314.8,26.4,1.0,,,,
18.022,6,Atta_6,249.6,1441.0,108.4,98.1,5.4,,,,
18.022,7,Atta_7,76.5,1610.8,194.0,41.4,-5.2,,,,
18.022,8,Atta_8,129.2,2096.9,339.2,13.5,1.7,,,,
18.022,9,Atta_9,283.9,2236.5,350.2,-83.0,-2.0,,,,
18.022,10,Atta_10,204.9,2541.9,95.3,107.4,4.9,,,,
18.09,1,Atta_1,299.4,198.2,330.9,48.5,0.4,,,,
18.09,2,Atta_2,120.2,415.4,162.7,45.8,3.2,,,,
18.09,3,Atta_3,168.2,1953.9,5.8,-73.1,-7.2,,,,
18.09,4,Atta_4,191.4,979.7,115.7,-47.7,-6.4,,,,
18.09,5,Atta_5,406.1,1115.8,312.2,36.1,-2.6,,,,
18.09,6,Atta_6,240.5,1370.8,102.7,-70.8,-5.7,,,,
18.09,7,Atta_7,117.0,1601.0,200.9,-41.7,6.9,,,,
18.09,8,Atta_8,101.7,2119.2,347.4,-35.4,8.2,,,,
18.09,9,Atta_9,345.2,2221.9,347.0,63.0,-3.2,,,,
18.09,10,Atta_10,191.0,2513.4,93.0,-31.7,-2.3,,,,
18.16,1,Atta_1,255.3,179.4,332.4,-47.9,1.5,,,,
18.16,2,Atta_2,117.2,413.7,170.2,3.4,7.5,,,,
18.16,3,Atta_3,230.3,1904.2,6.0,79.5,0.2,,,,
18.16,4,Atta_4,165.4,1021.3,109.5,49.1,-6.2,,,,
18.16,5,Atta_5,405.6,1098.6,313.9,17.2,1.7,,,,
18.16,6,Atta_6,209.6,1454.9,103.8,89.6,1.1,,,,
18.16,7,Atta_7,108.4,1612.0,199.6,14.0,-1.3,,,,
18.16,8,Atta_8,88.8,2090.6,346.1,-31.4,-1.3,,,,
18.16,9,Atta_9,381.1,2257.9,353.2,50.8,6.2,,,,
18.16,10,Atta_10,225.6,2568.6,94.0,65.1,1.0,,,,
18.214,1,Atta_1,300.4,167.7,332.7,46.6,0.3,,,,
18.214,2,Atta_2,111.2,405.6,170.4,10.1,0.2,,,,
18.214,3,Atta_3,205.9,1964.1,353.8,-64.7,-12.2,,,,
18.214,4,Atta_4,166.8,988.1,107.1,-33.2,-2.4,,,,
18.214,5,Atta_5,406.3,1105.0,311.7,-6.4,-2.2,,,,
18.214,6,Atta_6,196.0,1410.6,106.5,-46.3,2.7,,,,
18.214,7,Atta_7,140.6,1632.1,196.8,-38.0,-2.8,,,,
18.214,8,Atta_8,118.0,2083.3,345.0,30.1,-1.1,,,,
18.214,9,Atta_9,336.8,2210.3,346.1,-65.0,-7.1,,,,
18.214,10,Atta_10,175.1,2614.3,90.6,68.1,-3.4,,,,
18.288,1,Atta_1,291.2,100.8,331.6,67.5,-1.1,,,,
18.288,2,Atta_2,104.8,387.5,180.9,19.2,10.5,,,,
18.288,3,Atta_3,210.5,1932.9,355.1,31.5,1.3,,,,
18.288,4,Atta_4,177.6,1002.6,104.0,18.1,-3.1,,,,
18.288,5,Atta_5,331.3,1126.2,314.2,-77.9,2.5,,,,
18.288,6,Atta_6,233.5,1448.3,108.2,53.2,1.7,,,,
18.288,7,Atta_7,134.1,1602.0,200.0,30.8,3.2,,,,
18.288,8,Atta_8,76.2,2081.3,341.8,-41.8,-3.2,,,,
18.288,9,Atta_9,415.7,2261.3,350.9,93.9,4.8,,,,
18.288,10,Atta_10,149.7,2552.5,94.8,-66.8,4.2,,,,
18.405,1,Atta_1,298.4,116.6,335.3,-17.4,3.7,,,,
18.405,2,Atta_2,92.3,423.2,180.3,37.8,-0.6,,,,
18.405,3,Atta_3,228.7,1977.9,356.8,48.5,1.7,,,,
18.405,4,Atta_4,187.4,1020.3,96.5,20.2,-7.5,,,,
18.405,5,Atta_5,441.7,1045.2,313.6,136.9,-0.6,,,,
18.405,6,Atta_6,180.5,1409.2,110.1,-65.9,1.9,,,,
18.405,7,Atta_7,131.3,1653.8,198.3,-51.9,-1.7,,,,
18.405,8,Atta_8,124.6,2062.0,344.8,52.1,3.0,,,,
18.405,9,Atta_9,412.1,2329.5,352.9,-68.3,2.0,,,,
18.405,10,Atta_10,146.7,2516.8,89.4,-35.8,-5.4,,,,
18.474,1,Atta_1,333.6,174.3,335.0,67.6,-0.3,,,,
18.474,2,Atta_2,123.1,398.1,178.0,-39.7,-2.3,,,,
18.474,3,Atta_3,203.5,1971.4,353.6,-26.0,-3.2,,,,
18.474,4,Atta_4,124.7,1049.2,90.5,69.0,-6.0,,,,
18.474,5,Atta_5,465.4,1090.0,316.4,-50.7,2.8,,,,
18.474,6,Atta_6,219.1,1435.4,103.2,46.7,-6.9,,,,
18.474,7,Atta_7,167.9,1653.2,196.8,-36.6,-1.5,,,,
18.474,8,Atta_8,78.1,2133.0,346.3,-84.9,1.5,,,,
18.474,9,Atta_9,394.2,2244.7,351.7,-86.7,-1.2,,,,
18.474,10,Atta_10,210.1,2551.5,92.4,72.3,3.0,,,,
18.542,1,Atta_1,310.6,151.8,333.3,-32.2,-1.7,,,,
18.542,2,Atta_2,108.4,454.0,179.8,57.8,1.8,,,,
18.542,3,Atta_3,190.7,2002.6,355.9,-33.7,2.3,,,,
18.542,4,Atta_4,129.7,999.7,90.4,-49.8,-0.1,,,,
18.542,5,Atta_5,406.4,1066.1,313.3,-63.7,-3.1,,,,
18.542,6,Atta_6,214.4,1470.7,107.0,35.6,3.8,,,,
18.542,7,Atta_7,169.0,1668.7,205.8,-15.5,9.0,,,,
18.542,8,Atta_8,125.6,2068.8,343.4,79.9,-2.9,,,,
18.542,9,Atta_9,399.5,2272.3,351.2,28.1,-0.5,,,,
18.542,10,Atta_10,177.4,2537.0,93.0,-35.8,0.6,,,,
18.672,1,Atta_1,335.7,166.6,331.8,29.1,-1.5,,,,
18.672,2,Atta_2,149.3,433.4,176.8,-45.8,-3.0,,,,
18.672,3,Atta_3,257.3,1984.2,355.1,69.1,-0.8,,,,
18.672,4,Atta_4,187.3,968.6,92.3,-65.5,1.9,,,,
18.672,5,Atta_5,402.1,1029.0,313.2,37.3,-0.1,,,,
18.672,6,Atta_6,210.8,1480.2,105.1,10.2,-1.9,,,,
18.672,7,Atta_7,186.4,1650.7,205.0,-25.0,-0.8,,,,
18.672,8,Atta_8,136.6,2128.8,346.0,-61.0,2.6,,,,
18.672,9,Atta_9,431.7,2249.4,351.2,39.5,0.0,,,,
18.672,10,Atta_10,214.7,2554.3,88.6,41.1,-4.4,,,,
18.741,1,Atta_1,331.0,126.0,336.9,40.9,5.1,,,,
18.741,2,Atta_2,112.5,434.1,182.0,36.8,5.2,,,,
18.741,3,Atta_3,235.8,2015.7,352.0,-38.1,-3.1,,,,
18.741,4,Atta_4,230.6,996.3,87.5,51.4,-4.8,,,,
18.741,5,Atta_5,481.7,1040.3,314.5,80.4,1.3,,,,
18.741,6,Atta_6,212.3,1450.6,106.2,-29.6,1.1,,,,
18.741,7,Atta_7,191.2,1689.2,210.4,-38.8,5.4,,,,
18.741,8,Atta_8,102.7,2147.4,345.1,-38.7,-0.9,,,,
18.741,9,Atta_9,438.4,2268.3,350.5,20.1,-0.7,,,,
18.741,10,Atta_10,167.1,2574.9,94.0,51.9,5.4,,,,
18.807,1,Atta_1,365.2,143.3,330.7,38.3,-6.2,,,,
18.807,2,Atta_2,91.2,382.4,176.6,55.9,-5.4,,,,
18.807,3,Atta_3,213.2,1977.8,357.1,-44.1,5.1,,,,
18.807,4,Atta_4,142.7,959.6,89.7,-95.3,2.2,,,,
18.807,5,Atta_5,419.3,1031.5,312.9,-63.0,-1.6,,,,
18.807,6,Atta_6,141.7,1483.9,106.3,78.1,0.1,,,,
18.807,7,Atta_7,181.5,1689.6,214.8,9.7,4.4,,,,
18.807,8,Atta_8,158.9,2119.3,345.0,62.8,-0.1,,,,
18.807,9,Atta_9,437.5,2260.0,351.0,8.3,0.5,,,,
18.807,10,Atta_10,160.0,2629.7,96.5,55.3,2.5,,,,
18.874,1,Atta_1,339.6,96.7,332.0,53.2,1.3,,,,
18.874,2,Atta_2,115.5,468.1,179.7,-89.1,3.1,,,,
18.874,3,Atta_3,236.1,2009.7,356.7,39.3,-0.4,,,,
18.874,4,Atta_4,155.6,999.1,93.2,41.6,3.5,,,,
18.874,5,Atta_5,462.6,987.4,315.3,61.8,2.4,,,,
18.874,6,Atta_6,190.1,1493.4,112.9,-49.3,6.6,,,,
18.874,7,Atta_7,136.0,1641.2,222.0,66.4,7.2,,,,
18.874,8,Atta_8,180.9,2091.7,348.0,35.3,3.0,,,,
18.874,9,Atta_9,493.5,2215.7,354.3,71.4,3.3,,,,
18.874,10,Atta_10,183.9,2618.2,100.7,-26.5,4.2,,,,
18.94,1,Atta_1,342.5,126.7,332.8,-30.1,0.8,,,,
18.94,2,Atta_2,122.9,380.5,182.1,-87.9,2.4,,,,
18.94,3,Atta_3,241.4,1987.0,352.9,23.3,-3.8,,,,
18.94,4,Atta_4,123.5,1066.4,90.0,74.6,-3.2,,,,
18.94,5,Atta_5,530.1,1041.3,316.2,86.4,0.9,,,,
18.94,6,Atta_6,250.1,1503.1,110.7,-60.8,-2.2,,,,
18.94,7,Atta_7,132.4,1649.5,223.3,-9.0,1.3,,,,
18.94,8,Atta_8,171.0,2119.0,348.6,-29.0,0.6,,,,
18.94,9,Atta_9,496.5,2343.9,353.5,-128.2,-0.8,,,,
18.94,10,Atta_10,116.0,2566.2,105.9,-85.5,5.2,,,,
19.006,1,Atta_1,416.8,94.7,331.4,80.9,-1.4,,,,
19.006,2,Atta_2,129.6,428.5,176.9,-48.5,-5.2,,,,
19.006,3,Atta_3,245.7,2012.9,356.2,26.3,3.3,,,,
19.006,4,Atta_4,213.5,1003.8,93.7,-109.6,3.7,,,,
19.006,5,Atta_5,461.7,1025.8,313.0,-70.1,-3.2,,,,
19.006,6,Atta_6,182.2,1488.0,109.4,69.6,-1.3,,,,
19.006,7,Atta_7,180.2,1695.4,230.8,-66.3,7.5,,,,
19.006,8,Atta_8,180.2,2065.1,344.9,54.7,-3.7,,,,
19.006,9,Atta_9,458.6,2243.4,351.5,-107.4,-2.0,,,,
19.006,10,Atta_10,180.0,2631.7,107.4,91.6,1.5,,,,
19.071,1,Atta_1,382.4,136.1,334.2,-53.8,2.8,,,,
19.071,2,Atta_2,171.3,367.5,176.4,-73.9,-0.5,,,,
19.071,3,Atta_3,242.0,1968.4,356.0,-44.7,-0.2,,,,
19.071,4,Atta_4,96.7,1030.0,89.9,119.7,-3.8,,,,
19.071,5,Atta_5,478.3,957.2,314.0,70.6,1.0,,,,
19.071,6,Atta_6,207.3,1450.6,109.7,-45.0,0.3,,,,
19.071,7,Atta_7,193.6,1642.4,234.7,54.7,3.9,,,,
19.071,8,Atta_8,194.7,2128.9,345.3,-65.4,0.4,,,,
19.071,9,Atta_9,487.4,2186.9,352.5,63.4,1.0,,,,
19.071,10,Atta_10,173.6,2642.3,113.7,12.4,6.3,,,,
19.137,1,Atta_1,424.3,121.0,334.7,44.5,0.5,,,,
19.137,2,Atta_2,169.6,395.9,182.8,28.5,6.4,,,,
19.137,3,Atta_3,285.9,2013.0,358.4,62.6,2.4,,,,
19.137,4,Atta_4,173.1,1024.6,91.1,-76.6,1.2,,,,
19.137,5,Atta_5,469.5,997.6,316.5,-41.3,2.5,,,,
19.137,6,Atta_6,230.6,1449.7,109.5,-23.3,-0.2,,,,
19.137,7,Atta_7,152.4,1624.4,237.1,45.0,2.4,,,,
19.137,8,Atta_8,174.9,2096.2,347.7,-38.2,2.4,,,,
19.137,9,Atta_9,515.9,2223.4,350.5,46.3,-2.0,,,,
19.137,10,Atta_10,186.1,2615.0,120.3,-30.0,6.6,,,,
19.203,1,Atta_1,388.1,116.2,333.4,-36.5,-1.3,,,,
19.203,2,Atta_2,183.3,415.4,180.6,-23.8,-2.2,,,,
19.203,3,Atta_3,279.2,1997.5,352.1,-16.9,-6.3,,,,
19.203,4,Atta_4,95.1,1062.0,89.5,86.5,-1.6,,,,
19.203,5,Atta_5,514.2,1045.1,315.9,-65.2,-0.6,,,,
19.203,6,Atta_6,269.0,1409.6,109.7,-55.5,0.2,,,,
19.203,7,Atta_7,189.5,1653.4,244.2,-47.1,7.1,,,,
19.203,8,Atta_8,254.0,2133.4,344.7,87.4,-3.0,,,,
19.203,9,Atta_9,564.6,2217.0,346.1,49.1,-4.4,,,,
19.203,10,Atta_10,162.8,2618.1,122.7,23.5,2.4,,,,
19.273,1,Atta_1,377.1,90.2,333.7,28.2,0.3,,,,
19.273,2,Atta_2,190.2,431.1,181.6,-17.1,1.0,,,,
19.273,3,Atta_3,265.1,2003.8,352.9,-15.4,0.8,,,,
19.273,4,Atta_4,164.2,1082.3,87.7,72.0,-1.8,,,,
19.273,5,Atta_5,513.2,1005.2,313.6,39.9,-2.3,,,,
19.273,6,Atta_6,194.5,1437.4,113.0,79.5,3.3,,,,
19.273,7,Atta_7,153.7,1675.3,249.9,-42.0,5.7,,,,
19.273,8,Atta_8,237.9,2064.8,348.4,70.5,3.7,,,,
19.273,9,Atta_9,532.1,2247.5,351.3,-44.6,5.2,,,,
19.273,10,Atta_10,211.7,2610.0,119.9,-49.6,-2.8,,,,
19.341,1,Atta_1,411.9,134.1,331.9,56.0,-1.8,,,,
19.341,2,Atta_2,207.3,362.7,177.0,-70.5,-4.6,,,,
19.341,3,Atta_3,364.3,1963.1,354.0,107.2,1.1,,,,
19.341,4,Atta_4,131.0,1072.1,87.3,-34.7,-0.4,,,,
19.341,6,Atta_6,221.3,1410.3,101.2,-38.1,-11.8,,,,
19.341,7,Atta_7,206.4,1683.9,252.0,-53.4,2.1,,,,
19.341,8,Atta_8,200.4,2051.3,347.2,-39.9,-1.2,,,,
19.341,9,Atta_9,496.7,2206.2,354.4,-54.4,3.1,,,,
19.341,10,Atta_10,140.8,2609.6,122.4,70.9,2.5,,,,
19.411,1,Atta_1,418.4,74.8,336.3,59.7,4.4,,,,
19.411,2,Atta_2,238.5,392.9,165.3,-43.4,-11.7,,,,
19.411,3,Atta_3,354.1,1983.9,357.0,-23.2,3.0,,,,
19.411,4,Atta_4,138.1,1161.3,89.6,89.5,2.3,,,,
19.411,5,Atta_5,508.0,975.2,315.1,30.4,1.5,,,,
19.411,6,Atta_6,234.5,1451.4,99.4,43.2,-1.8,,,,
19.411,7,Atta_7,137.3,1672.2,257.2,70.1,5.2,,,,
19.411,8,Atta_8,245.8,2112.3,348.9,76.0,1.7,,,,
19.411,9,Atta_9,577.7,2193.2,354.2,82.0,-0.2,,,,
19.411,10,Atta_10,198.0,2674.6,118.4,86.6,-4.0,,,,
19.465,1,Atta_1,513.1,72.3,331.8,94.7,-4.5,,,,
19.465,2,Atta_2,165.1,405.0,164.1,74.4,-1.2,,,,
19.465,3,Atta_3,325.3,1955.0,359.0,-40.8,2.0,,,,
19.465,4,Atta_4,131.2,1108.0,90.1,-53.7,0.5,,,,
19.465,5,Atta_5,481.5,968.7,315.8,-27.3,0.7,,,,
19.465,6,Atta_6,242.1,1403.4,96.4,-48.6,-3.0,,,,
19.465,7,Atta_7,207.8,1687.1,256.7,-72.1,-0.5,,,,
19.465,8,Atta_8,275.3,2023.7,344.6,93.4,-4.3,,,,
19.465,9,Atta_9,608.8,2198.0,352.3,31.5,-1.9,,,,
19.465,10,Atta_10,191.7,2672.9,118.4,6.5,0.0,,,,
19.531,1,Atta_1,428.8,128.8,327.5,-101.5,-4.3,,,,
19.531,2,Atta_2,191.6,430.7,156.3,-36.9,-7.8,,,,
19.531,3,Atta_3,319.5,1948.5,358.1,-8.7,-0.9,,,,
19.531,4,Atta_4,154.1,1148.9,90.1,46.9,0.0,,,,
19.531,5,Atta_5,567.5,1014.5,314.4,97.4,-1.4,,,,
19.531,6,Atta_6,168.8,1374.1,89.8,-78.9,-6.6,,,,
19.531,7,Atta_7,158.0,1625.4,256.9,79.3,0.2,,,,
19.531,8,Atta_8,238.6,2068.9,346.5,-58.2,1.9,,,,
19.531,9,Atta_9,613.4,2173.9,350.3,24.5,-2.0,,,,
19.531,10,Atta_10,181.0,2641.9,120.4,-32.8,2.0,,,,
19.597,1,Atta_1,483.7,95.3,329.9,64.3,2.4,,,,
19.597,2,Atta_2,209.2,419.1,151.9,-21.1,-4.4,,,,
19.597,3,Atta_3,322.7,1975.5,355.9,27.2,-2.2,,,,
19.597,4,Atta_4,209.0,1125.9,85.8,-59.5,-4.3,,,,
19.597,5,Atta_5,570.9,954.1,308.7,60.5,-5.7,,,,
19.597,6,Atta_6,183.0,1457.8,89.6,84.9,-0.2,,,,
19.597,7,Atta_7,154.4,1648.6,255.5,-23.5,-1.4,,,,
19.597,8,Atta_8,264.5,2093.9,341.7,36.0,-4.8,,,,
19.597,9,Atta_9,531.3,2228.5,351.3,-98.6,1.0,,,,
19.597,10,Atta_10,207.1,2688.2,120.9,53.1,0.5,,,,
19.667,1,Atta_1,467.2,112.5,327.1,-23.8,-2.8,,,,
19.667,2,Atta_2,183.0,360.4,150.5,-64.3,-1.4,,,,
19.667,3,Atta_3,422.3,1963.7,350.7,100.3,-5.2,,,,
19.667,4,Atta_4,187.9,1144.5,81.1,28.1,-4.7,,,,
19.667,5,Atta_5,597.4,892.9,305.3,66.7,-3.4,,,,
19.667,6,Atta_6,205.1,1434.4,82.0,-32.2,-7.6,,,,
19.667,7,Atta_7,182.6,1670.2,254.7,-35.5,-0.8,,,,
19.667,8,Atta_8,273.3,2097.2,340.0,9.4,-1.7,,,,
19.667,9,Atta_9,649.6,2216.8,350.5,118.9,-0.8,,,,
19.667,10,Atta_10,118.4,2652.2,120.7,95.7,-0.2,,,,
19.734,1,Atta_1,421.9,70.3,326.3,-61.9,-0.8,,,,
19.734,2,Atta_2,153.9,409.0,145.6,56.6,-4.9,,,,
19.734,3,Atta_3,345.2,1975.9,356.2,-78.1,5.5,,,,
19.734,4,Atta_4,141.0,1092.0,78.3,-70.4,-2.8,,,,
19.734,5,Atta_5,536.9,961.9,303.4,-91.8,-1.9,,,,
19.734,6,Atta_6,269.6,1451.8,77.0,66.8,-5.0,,,,
19.734,7,Atta_7,169.2,1686.9,257.3,-21.4,2.6,,,,
19.734,8,Atta_8,252.6,2096.1,342.9,-20.7,2.9,,,,
19.734,9,Atta_9,621.2,2240.5,351.4,-37.0,0.9,,,,
19.734,10,Atta_10,113.8,2713.6,117.3,61.6,-3.4,,,,
19.801,1,Atta_1,397.9,81.8,324.8,-26.6,-1.5,,,,
19.801,2,Atta_2,239.5,394.5,139.2,-86.8,-6.4,,,,
19.801,3,Atta_3,425.4,2006.2,356.0,85.7,-0.2,,,,
19.801,4,Atta_4,144.9,1110.8,75.4,19.2,-2.9,,,,
19.801,5,Atta_5,573.8,942.6,298.3,41.6,-5.1,,,,
19.801,6,Atta_6,260.8,1402.0,72.3,-50.6,-4.7,,,,
19.801,7,Atta_7,163.4,1642.9,258.0,44.4,0.7,,,,
19.801,8,Atta_8,226.8,2081.5,340.4,-29.6,-2.5,,,,
19.801,9,Atta_9,585.1,2216.3,353.2,-43.5,1.8,,,,
19.801,10,Atta_10,130.7,2628.2,119.1,-87.1,1.8,,,,
19.855,1,Atta_1,380.0,69.7,328.0,-21.6,3.2,,,,
19.855,2,Atta_2,135.3,403.2,135.5,104.6,-3.7,,,,
19.855,3,Atta_3,421.6,1977.6,355.1,-28.9,-0.9,,,,
19.855,4,Atta_4,171.8,1134.0,71.0,35.5,-4.4,,,,
19.855,5,Atta_5,545.1,1009.7,295.8,-73.0,-2.5,,,,
19.855,6,Atta_6,221.9,1453.3,67.9,64.4,-4.4,,,,
19.855,7,Atta_7,149.0,1609.0,255.1,36.8,-2.9,,,,
19.855,8,Atta_8,176.1,2102.8,340.6,-55.0,0.2,,,,
19.855,9,Atta_9,562.8,2216.9,351.2,-22.3,-2.0,,,,
19.855,10,Atta_10,193.1,2697.7,122.7,93.4,3.6,,,,
19.926,1,Atta_1,394.7,149.5,326.8,-81.1,-1.2,,,,
19.926,2,Atta_2,144.9,453.7,133.4,51.4,-2.1,,,,
19.926,3,Atta_3,390.7,1988.9,354.9,-32.9,-0.2,,,,
19.926,4,Atta_4,198.5,1100.0,62.9,-43.2,-8.1,,,,
19.926,5,Atta_5,564.6,906.5,290.4,105.0,-5.4,,,,
19.926,6,Atta_6,243.7,1411.7,69.4,-47.0,1.5,,,,
19.926,7,Atta_7,168.8,1630.5,254.1,-29.2,-1.0,,,,
19.926,8,Atta_8,146.2,2119.2,336.8,-34.1,-3.8,,,,
19.926,9,Atta_9,629.9,2161.0,350.6,87.3,-0.6,,,,
19.926,10,Atta_10,77.5,2708.8,120.5,116.1,-2.2,,,,
20.028,1,Atta_1,359.2,114.6,328.6,-49.8,1.8,,,,
20.028,2,Atta_2,183.7,430.3,129.8,-45.3,-3.6,,,,
20.028,3,Atta_3,451.7,1904.9,356.5,103.8,1.6,,,,
20.028,4,Atta_4,158.6,1101.9,60.3,-39.9,-2.6,,,,
20.028,5,Atta_5,571.3,932.2,282.7,-26.6,-7.7,,,,
20.028,6,Atta_6,252.2,1441.7,64.2,31.2,-5.2,,,,
20.028,7,Atta_7,158.9,1612.7,260.3,20.4,6.2,,,,
20.028,8,Atta_8,164.4,2138.3,342.4,26.4,5.6,,,,
20.028,9,Atta_9,661.9,2185.4,347.6,40.2,-3.0,,,,
20.028,10,Atta_10,138.4,2704.7,120.1,-61.0,-0.4,,,,
20.097,1,Atta_1,380.4,141.9,328.9,34.6,0.3,,,,
20.097,2,Atta_2,158.8,400.4,123.5,-38.9,-6.3,,,,
20.097,3,Atta_3,389.3,1974.1,356.3,-93.2,-0.2,,,,
20.097,4,Atta_4,144.9,1108.8,54.0,-15.3,-6.3,,,,
20.097,5,Atta_5,561.1,1002.8,279.9,-71.3,-2.8,,,,
20.097,6,Atta_6,196.4,1490.9,58.4,74.4,-5.8,,,,
20.097,7,Atta_7,116.2,1608.5,259.2,42.9,-1.1,,,,
20.097,8,Atta_8,196.3,2146.9,348.5,33.0,6.1,,,,
20.097,10,Atta_10,109.8,2675.2,120.6,-41.1,0.5,,,,
20.164,1,Atta_1,372.9,138.9,328.3,-8.1,-0.6,,,,
20.164,2,Atta_2,189.9,415.0,121.1,-34.4,-2.4,,,,
20.164,3,Atta_3,470.5,1910.8,354.4,103.0,-1.9,,,,
20.164,4,Atta_4,206.2,1191.2,48.6,102.7,-5.4,,,,
20.164,5,Atta_5,527.4,965.7,274.6,50.1,-5.3,,,,
20.164,6,Atta_6,265.7,1407.9,55.2,-108.1,-3.2,,,,
20.164,7,Atta_7,133.6,1542.7,256.3,68.1,-2.9,,,,
20.164,8,Atta_8,227.4,2137.7,350.9,32.4,2.4,,,,
20.164,9,Atta_9,626.7,2215.8,348.6,-46.5,1.0,,,,
20.164,10,Atta_10,148.1,2670.4,120.5,-38.6,-0.1,,,,
20.231,1,Atta_1,364.8,154.6,332.1,-17.7,3.8,,,,
20.231,2,Atta_2,168.7,410.8,120.4,21.6,-0.7,,,,
20.231,3,Atta_3,465.9,1932.8,354.1,-22.5,-0.3,,,,
20.231,4,Atta_4,149.4,1109.4,47.4,-99.6,-1.2,,,,
20.231,5,Atta_5,594.0,956.4,270.5,67.2,-4.1,,,,
20.231,6,Atta_6,192.2,1396.7,55.7,-74.3,0.5,,,,
20.231,7,Atta_7,167.5,1585.8,260.4,-54.8,4.1,,,,
20.231,8,Atta_8,215.5,2119.5,352.5,-21.7,1.6,,,,
20.231,9,Atta_9,679.2,2206.1,354.3,53.4,5.7,,,,
20.231,10,Atta_10,149.7,2680.0,126.2,9.7,5.7,,,,
20.297,1,Atta_1,340.0,131.0,330.4,-34.2,-1.7,,,,
20.297,2,Atta_2,179.6,386.7,121.7,-26.5,1.3,,,,
20.297,3,Atta_3,455.1,1894.0,357.2,-40.3,3.1,,,,
20.297,4,Atta_4,174.7,1109.0,40.8,25.3,-6.6,,,,
20.297,5,Atta_5,619.4,950.3,267.9,26.1,-2.6,,,,
20.297,6,Atta_6,182.4,1389.6,55.1,-12.1,-0.6,,,,
20.297,7,Atta_7,144.5,1575.3,258.5,25.3,-1.9,,,,
20.297,8,Atta_8,209.3,2093.4,2.7,-26.8,10.2,,,,
20.297,9,Atta_9,669.0,2169.8,348.0,-37.7,-6.3,,,,
20.297,10,Atta_10,108.1,2677.7,124.5,41.7,-1.7,,,,
20.363,1,Atta_1,312.5,137.1,331.4,-28.2,1.0,,,,
20.363,2,Atta_2,192.8,418.3,118.2,34.2,-3.5,,,,
20.363,3,Atta_3,469.5,1948.5,358.3,56.4,1.1,,,,
20.363,4,Atta_4,196.5,1109.8,36.1,21.8,-4.7,,,,
20.363,5,Atta_5,591.0,985.3,265.9,-45.1,-2.0,,,,
20.363,6,Atta_6,241.7,1418.0,55.9,65.7,0.8,,,,
20.363,7,Atta_7,179.1,1585.9,256.6,-36.2,-1.9,,,,
20.363,8,Atta_8,124.5,2077.5,8.1,-86.3,5.4,,,,
20.363,9,Atta_9,712.9,2184.8,350.9,46.4,2.9,,,,
20.363,10,Atta_10,104.8,2670.2,124.0,-8.2,-0.5,,,,
20.429,1,Atta_1,346.8,201.7,332.5,-73.1,1.1,,,,
20.429,2,Atta_2,137.3,365.7,120.9,-76.5,2.7,,,,
20.429,3,Atta_3,503.0,1942.7,354.4,34.0,-3.9,,,,
20.429,4,Atta_4,189.3,1121.8,30.9,14.0,-5.2,,,,
20.429,5,Atta_5,510.3,955.6,258.1,86.0,-7.8,,,,
20.429,6,Atta_6,232.5,1417.6,50.5,-9.2,-5.4,,,,
20.429,7,Atta_7,124.0,1588.8,257.7,55.2,1.1,,,,
20.429,8,Atta_8,161.5,2093.1,10.3,40.2,2.2,,,,
20.429,9,Atta_9,689.2,2158.4,348.2,-35.5,-2.7,,,,
20.429,10,Atta_10,107.7,2640.3,121.9,-30.0,-2.1,,,,
20.499,1,Atta_1,376.6,170.6,338.5,43.1,6.0,,,,
20.499,2,Atta_2,164.0,416.9,121.7,57.7,0.8,,,,
20.499,3,Atta_3,503.2,1950.8,355.1,-8.1,0.7,,,,
20.499,4,Atta_4,150.3,1116.6,28.3,-39.3,-2.6,,,,
20.499,5,Atta_5,567.1,985.6,254.5,-64.2,-3.6,,,,
20.499,6,Atta_6,235.6,1432.4,54.0,15.1,3.5,,,,
20.499,7,Atta_7,135.4,1504.8,259.0,84.8,1.3,,,,
20.499,8,Atta_8,221.0,2152.6,14.1,84.1,3.8,,,,
20.499,9,Atta_9,747.7,2145.8,352.4,59.8,4.2,,,,
20.499,10,Atta_10,109.0,2667.2,127.6,26.9,5.7,,,,
20.566,1,Atta_1,310.4,186.0,338.9,-68.0,0.4,,,,
20.566,2,Atta_2,169.4,439.7,120.2,23.4,-1.5,,,,
20.566,3,Atta_3,532.8,1938.8,354.0,31.9,-1.1,,,,
20.566,4,Atta_4,123.5,1119.6,25.7,-27.0,-2.6,,,,
20.566,5,Atta_5,528.2,942.5,250.3,58.1,-4.2,,,,
20.566,6,Atta_6,243.1,1486.1,51.1,54.2,-2.9,,,,
20.566,7,Atta_7,141.7,1509.2,263.3,-7.7,4.3,,,,
20.566,8,Atta_8,182.1,2061.3,20.0,-99.2,5.9,,,,
20.566,9,Atta_9,723.1,2185.9,354.2,-47.0,1.8,,,,
20.566,10,Atta_10,168.9,2642.7,127.6,-64.7,0.0,,,,
20.62,1,Atta_1,289.0,178.0,343.2,-22.8,4.3,,,,
20.62,2,Atta_2,109.0,430.6,120.3,61.1,0.1,,,,
20.62,3,Atta_3,531.5,1961.3,357.8,-22.5,3.8,,,,
20.62,4,Atta_4,204.8,1069.2,20.6,95.7,-5.1,,,,
20.62,5,Atta_5,612.9,965.1,247.7,-87.7,-2.6,,,,
20.62,6,Atta_6,250.6,1388.2,51.7,-98.2,0.6,,,,
20.62,7,Atta_7,191.1,1483.4,268.8,55.7,5.5,,,,
20.62,8,Atta_8,208.5,2061.0,24.5,26.4,4.5,,,,
20.62,9,Atta_9,750.7,2191.6,348.9,28.2,-5.3,,,,
20.62,10,Atta_10,250.1,2656.5,123.7,-82.4,-3.9,,,,
20.689,1,Atta_1,324.8,150.1,351.1,45.4,7.9,,,,
20.689,2,Atta_2,176.3,415.9,119.3,-68.9,-1.0,,,,
20.689,3,Atta_3,559.3,1904.9,351.5,62.9,-6.3,,,,
20.689,4,Atta_4,176.8,1124.8,16.6,-62.3,-4.0,,,,
20.689,5,Atta_5,517.7,970.3,242.9,95.3,-4.8,,,,
20.689,6,Atta_6,274.3,1469.9,53.5,85.1,1.8,,,,
20.689,7,Atta_7,162.4,1557.2,272.3,-79.2,3.5,,,,
20.689,8,Atta_8,181.6,2086.9,29.4,-37.3,4.9,,,,
20.689,9,Atta_9,761.3,2204.4,353.3,16.6,4.4,,,,
20.689,10,Atta_10,171.2,2605.7,119.7,93.8,-4.0,,,,
20.756,1,Atta_1,348.1,166.8,355.7,28.7,4.6,,,,
20.756,2,Atta_2,139.0,458.1,123.8,56.3,4.5,,,,
20.756,3,Atta_3,537.4,1978.5,353.3,-76.8,1.8,,,,
20.756,4,Atta_4,203.9,1143.6,8.0,33.0,-8.6,,,,
20.756,5,Atta_5,540.3,968.8,234.0,-22.6,-8.9,,,,
20.756,6,Atta_6,208.7,1487.0,58.1,-67.8,4.6,,,,
20.756,7,Atta_7,67.8,1519.8,276.3,101.7,4.0,,,,
20.756,8,Atta_8,169.0,2129.5,33.9,44.4,4.5,,,,
20.756,9,Atta_9,747.8,2252.9,351.3,-50.3,-2.0,,,,
20.756,10,Atta_10,187.8,2622.8,125.9,23.8,6.2,,,,
20.874,1,Atta_1,298.5,193.3,3.4,-56.2,7.7,,,,
20.874,2,Atta_2,83.3,449.8,122.2,56.3,-1.6,,,,
20.874,3,Atta_3,566.5,1913.2,355.9,71.5,2.6,,,,
20.874,4,Atta_4,170.3,1178.1,2.0,-48.2,-6.0,,,,
20.874,5,Atta_5,565.7,904.5,227.6,69.1,-6.4,,,,
20.874,6,Atta_6,262.0,1454.1,51.7,62.6,-6.4,,,,
20.874,7,Atta_7,146.8,1498.9,285.7,81.7,9.4,,,,
20.874,8,Atta_8,193.1,2122.6,38.2,25.1,4.3,,,,
20.874,9,Atta_9,804.5,2183.8,348.9,89.4,-2.4,,,,
20.874,10,Atta_10,221.7,2607.6,127.2,-37.2,1.3,,,,
20.942,1,Atta_1,295.9,158.7,6.2,-34.7,2.8,,,,
20.942,2,Atta_2,135.1,529.2,118.7,94.8,-3.5,,,,
20.942,3,Atta_3,550.5,1906.4,353.8,-17.4,-2.1,,,,
20.942,4,Atta_4,134.5,1069.1,357.4,-114.7,-4.6,,,,
20.942,5,Atta_5,540.9,942.2,225.4,-45.1,-2.2,,,,
20.942,6,Atta_6,295.6,1500.8,49.3,57.5,-2.4,,,,
20.942,7,Atta_7,113.4,1550.6,292.2,-61.6,6.5,,,,
20.942,9,Atta_9,830.7,2100.3,350.3,87.5,1.4,,,,
20.942,10,Atta_10,186.6,2603.7,123.0,35.3,-4.2,,,,
21.01,1,Atta_1,305.5,193.7,11.2,36.3,5.0,,,,
21.01,2,Atta_2,133.4,509.6,119.8,-19.7,1.1,,,,
21.01,3,Atta_3,560.5,1917.9,356.5,15.2,2.7,,,,
21.01,4,Atta_4,234.6,1140.7,353.0,123.1,-4.4,,,,
21.01,5,Atta_5,552.0,972.7,228.4,-32.5,3.0,,,,
21.01,6,Atta_6,270.7,1501.8,53.6,-24.9,4.3,,,,
21.01,7,Atta_7,105.2,1552.7,296.5,-8.5,4.3,,,,
21.01,8,Atta_8,207.6,2064.5,36.6,-59.9,-1.6,,,,
21.01,9,Atta_9,809.4,2205.0,350.3,-106.8,0.0,,,,
21.01,10,Atta_10,207.6,2587.4,120.7,-26.6,-2.3,,,,
21.081,1,Atta_1,340.5,130.7,17.6,72.1,6.4,,,,
21.081,2,Atta_2,76.4,491.4,120.7,59.8,0.9,,,,
21.081,3,Atta_3,627.8,1983.6,354.5,94.1,-2.0,,,,
21.081,4,Atta_4,183.3,1182.7,347.4,-66.3,-5.6,,,,
21.081,5,Atta_5,483.6,937.2,223.3,77.1,-5.1,,,,
21.081,6,Atta_6,246.5,1528.2,53.1,35.8,-0.5,,,,
21.081,7,Atta_7,183.7,1518.9,299.1,85.5,2.6,,,,
21.081,8,Atta_8,191.6,2083.3,38.2,-24.7,1.6,,,,
21.081,9,Atta_9,827.3,2128.2,347.8,78.9,-2.5,,,,
21.081,10,Atta_10,166.3,2544.0,110.8,-59.9,-9.9,,,,
21.152,1,Atta_1,309.0,170.0,17.1,-50.4,-0.5,,,,
21.152,2,Atta_2,98.3,488.6,124.1,-22.1,3.4,,,,
21.152,3,Atta_3,595.7,1926.0,354.4,-65.9,-0.1,,,,
21.152,4,Atta_4,148.4,1161.6,345.6,-40.8,-1.8,,,,
21.152,5,Atta_5,616.3,981.1,224.9,-139.8,1.6,,,,
21.152,6,Atta_6,267.7,1536.0,54.4,22.6,1.3,,,,
21.152,7,Atta_7,125.1,1477.1,303.3,72.0,4.2,,,,
21.152,8,Atta_8,158.2,2084.0,39.8,-33.4,1.6,,,,
21.152,9,Atta_9,826.3,2183.1,347.1,-54.9,-0.7,,,,
21.152,10,Atta_10,139.2,2590.9,108.3,54.2,-2.5,,,,
21.204,1,Atta_1,334.9,178.0,27.3,27.1,10.2,,,,
21.204,2,Atta_2,115.4,526.3,115.4,41.4,-8.7,,,,
21.204,3,Atta_3,679.1,1887.4,351.7,91.9,-2.7,,,,
21.204,4,Atta_4,194.5,1113.7,340.1,66.5,-5.5,,,,
21.204,5,Atta_5,564.8,949.5,225.5,60.4,0.6,,,,
21.204,6,Atta_6,315.4,1571.9,57.8,59.7,3.4,,,,
21.204,7,Atta_7,143.8,1553.1,304.2,-78.3,0.9,,,,
21.204,8,Atta_8,166.8,2127.5,35.7,44.3,-4.1,,,,
21.204,9,Atta_9,860.6,2155.6,349.1,44.0,2.0,,,,
21.204,10,Atta_10,138.6,2576.9,105.3,-14.0,-3.0,,,,
21.27,1,Atta_1,333.4,140.1,29.3,-37.9,2.0,,,,
21.27,2,Atta_2,61.1,435.1,113.7,-106.1,-1.7,,,,
21.27,3,Atta_3,671.8,1949.3,355.3,-62.3,3.6,,,,
21.27,4,Atta_4,177.4,1157.7,335.4,-47.2,-4.7,,,,
21.27,5,Atta_5,597.8,920.2,229.4,-44.1,3.9,,,,
21.27,6,Atta_6,314.0,1606.4,61.6,34.5,3.8,,,,
21.27,7,Atta_7,135.9,1531.4,309.9,23.1,5.7,,,,
21.27,8,Atta_8,223.1,2036.6,38.6,-106.9,2.9,,,,
21.27,9,Atta_9,809.0,2140.0,349.9,-53.9,0.8,,,,
21.27,10,Atta_10,254.5,2593.9,101.8,-117.1,-3.5,,,,
21.337,1,Atta_1,264.9,132.3,37.0,-68.9,7.7,,,,
21.337,2,Atta_2,122.1,558.0,105.2,137.2,-8.5,,,,
21.337,3,Atta_3,696.8,1913.3,358.3,43.8,3.0,,,,
21.337,4,Atta_4,166.0,1127.7,332.6,32.1,-2.8,,,,
21.337,5,Atta_5,541.6,941.1,227.8,60.0,-1.6,,,,
21.337,6,Atta_6,314.7,1488.0,66.9,-118.4,5.3,,,,
21.337,7,Atta_7,131.2,1545.9,316.9,-15.2,7.0,,,,
21.337,8,Atta_8,200.6,2130.2,39.3,96.3,0.7,,,,
21.337,9,Atta_9,888.1,2144.2,349.4,79.2,-0.5,,,,
21.337,10,Atta_10,158.9,2583.5,101.2,96.2,-0.6,,,,
21.454,1,Atta_1,257.8,196.1,38.7,64.2,1.7,,,,
21.454,2,Atta_2,124.7,549.6,99.3,-8.8,-5.9,,,,
21.454,3,Atta_3,684.5,1938.2,357.1,-27.8,-1.2,,,,
21.454,4,Atta_4,141.5,1160.4,325.9,-40.9,-6.7,,,,
21.454,5,Atta_5,543.5,926.2,226.4,15.0,-1.4,,,,
21.454,6,Atta_6,298.1,1498.8,69.8,19.8,2.9,,,,
21.454,7,Atta_7,139.8,1525.1,319.2,22.5,2.3,,,,
21.454,8,Atta_8,231.0,2166.6,39.2,47.4,-0.1,,,,
21.454,9,Atta_9,900.5,2154.7,351.7,16.2,2.3,,,,
21.454,10,Atta_10,143.7,2581.1,96.7,15.4,-4.5,,,,
21.521,1,Atta_1,250.4,193.6,43.4,-7.8,4.7,,,,
21.521,2,Atta_2,157.9,514.2,100.6,-48.5,1.3,,,,
21.521,3,Atta_3,665.8,1961.4,357.6,-29.8,0.5,,,,
21.521,4,Atta_4,170.3,1095.2,324.1,71.3,-1.8,,,,
21.521,5,Atta_5,573.6,949.5,226.5,-38.1,0.1,,,,
21.521,6,Atta_6,303.0,1527.9,71.9,29.5,2.1,,,,
21.521,7,Atta_7,100.7,1517.3,326.0,-39.9,6.8,,,,
21.521,8,Atta_8,240.6,2113.5,40.4,-54.0,1.2,,,,
21.521,9,Atta_9,912.7,2164.5,351.1,15.6,-0.6,,,,
21.521,10,Atta_10,137.3,2582.7,90.0,6.6,-6.7,,,,
21.575,1,Atta_1,301.5,153.2,46.0,65.1,2.6,,,,
21.575,2,Atta_2,110.9,548.1,94.5,58.0,-6.1,,,,
21.575,3,Atta_3,699.1,1924.7,356.4,49.6,-1.2,,,,
21.575,4,Atta_4,156.9,1114.8,318.2,-23.7,-5.9,,,,
21.575,5,Atta_5,496.6,897.5,231.0,92.9,4.5,,,,
21.575,6,Atta_6,302.5,1520.7,75.9,-7.2,4.0,,,,
21.575,7,Atta_7,133.8,1522.5,332.2,33.5,6.2,,,,
21.575,8,Atta_8,152.4,2156.1,42.6,-97.9,2.2,,,,
21.575,9,Atta_9,928.0,2160.2,350.0,15.9,-1.1,,,,
21.575,10,Atta_10,240.2,2606.1,84.3,105.5,-5.7,,,,
21.645,1,Atta_1,359.6,115.4,55.6,69.3,9.6,,,,
21.645,2,Atta_2,85.0,537.5,89.4,-28.0,-5.1,,,,
21.645,3,Atta_3,674.5,1977.7,352.4,-58.4,-4.0,,,,
21.645,4,Atta_4,184.1,1090.4,311.1,36.5,-7.1,,,,
21.645,5,Atta_5,530.1,866.1,224.2,45.9,-6.8,,,,
21.645,6,Atta_6,266.1,1556.6,82.6,51.1,6.7,,,,
21.645,7,Atta_7,160.6,1548.7,330.9,37.5,-1.3,,,,
21.645,8,Atta_8,255.5,2093.0,36.9,120.9,-5.7,,,,
21.645,9,Atta_9,945.2,2102.8,344.0,59.9,-6.0,,,,
21.645,10,Atta_10,164.9,2553.1,80.0,-92.1,-4.3,,,,
21.697,1,Atta_1,341.2,137.0,57.0,28.4,1.4,,,,
21.697,2,Atta_2,102.9,541.8,87.4,18.4,-2.0,,,,
21.697,3,Atta_3,735.2,1925.6,356.1,80.0,3.7,,,,
21.697,4,Atta_4,128.6,1142.4,306.7,-76.1,-4.4,,,,
21.697,5,Atta_5,511.2,921.7,228.6,-58.7,4.4,,,,
21.697,6,Atta_6,304.6,1527.9,89.5,-48.0,6.9,,,,
21.697,7,Atta_7,177.5,1562.5,326.1,21.8,-4.8,,,,
21.697,8,Atta_8,278.9,2198.0,36.5,107.6,-0.4,,,,
21.697,9,Atta_9,948.0,2117.2,352.9,-14.7,8.9,,,,
21.697,10,Atta_10,242.1,2621.5,72.3,103.1,-7.7,,,,
21.763,1,Atta_1,346.5,148.9,55.7,13.0,-1.3,,,,
21.763,2,Atta_2,126.8,523.1,82.1,-30.3,-5.3,,,,
21.763,3,Atta_3,708.4,1952.3,355.7,-37.8,-0.4,,,,
21.763,4,Atta_4,217.0,1155.4,302.6,89.4,-4.1,,,,
21.763,5,Atta_5,497.9,889.6,228.1,34.7,-0.5,,,,
21.763,6,Atta_6,249.5,1514.1,93.6,-56.8,4.1,,,,
21.763,7,Atta_7,113.5,1541.3,332.1,-67.4,6.0,,,,
21.763,8,Atta_8,255.6,2167.5,38.3,-38.4,1.8,,,,
21.763,9,Atta_9,937.3,2101.7,348.1,-18.8,-4.8,,,,
21.763,10,Atta_10,240.2,2596.0,68.6,-25.6,-3.7,,,,
21.831,1,Atta_1,296.1,135.9,61.7,-52.0,6.0,,,,
21.831,2,Atta_2,76.4,499.3,72.3,-55.7,-9.8,,,,
21.831,3,Atta_3,761.7,1921.6,356.4,61.5,0.7,,,,
21.831,4,Atta_4,147.3,1079.6,299.8,103.0,-2.8,,,,
21.831,5,Atta_5,462.1,886.0,226.8,36.0,-1.3,,,,
21.831,6,Atta_6,373.7,1546.6,99.9,128.4,6.3,,,,
21.831,7,Atta_7,105.9,1510.9,329.9,31.3,-2.2,,,,
21.831,8,Atta_8,208.0,2197.6,37.9,-56.3,-0.4,,,,
21.831,9,Atta_9,962.2,2128.1,351.9,36.3,3.8,,,,
21.831,10,Atta_10,196.3,2597.3,63.7,-43.9,-4.9,,,,
21.897,1,Atta_1,332.3,141.1,58.8,36.6,-2.9,,,,
21.897,2,Atta_2,123.2,497.1,70.5,46.9,-1.8,,,,
21.897,3,Atta_3,745.7,1946.8,355.5,-29.9,-0.9,,,,
21.897,4,Atta_4,138.0,1175.1,293.5,-96.0,-6.3,,,,
21.897,5,Atta_5,526.4,829.8,226.0,-85.4,-0.8,,,,
21.897,6,Atta_6,302.6,1534.5,105.2,72.1,5.3,,,,
21.897,7,Atta_7,161.7,1507.5,336.3,55.9,6.4,,,,
21.897,8,Atta_8,314.0,2223.4,40.1,109.1,2.2,,,,
21.897,9,Atta_9,918.7,2194.4,350.1,-79.3,-1.8,,,,
21.897,10,Atta_10,165.5,2588.2,57.7,-32.1,-6.0,,,,
21.965,1,Atta_1,393.6,164.0,61.9,65.4,3.1,,,,
21.965,2,Atta_2,62.5,554.4,65.2,83.5,-5.3,,,,
21.965,3,Atta_3,759.6,1887.5,355.3,60.9,-0.2,,,,
21.965,4,Atta_4,184.2,1177.4,290.4,46.3,-3.1,,,,
21.965,5,Atta_5,483.3,877.3,229.0,-64.1,3.0,,,,
21.965,6,Atta_6,265.3,1514.8,103.0,-42.2,-2.2,,,,
21.965,7,Atta_7,209.9,1535.3,335.2,55.6,-1.1,,,,
21.965,8,Atta_8,346.7,2263.2,47.1,51.5,7.0,,,,
21.965,9,Atta_9,963.7,2192.3,348.1,45.0,-2.0,,,,
21.965,10,Atta_10,201.2,2562.1,57.1,-44.2,-0.6,,,,
22.031,1,Atta_1,280.7,185.5,62.4,-114.9,0.5,,,,
22.031,2,Atta_2,146.2,521.3,62.3,90.0,-2.9,,,,
22.031,3,Atta_3,765.1,1970.2,359.6,-82.9,4.3,,,,
22.031,4,Atta_4,158.6,1130.3,284.7,53.6,-5.7,,,,
22.031,5,Atta_5,434.6,851.2,227.3,55.3,-1.7,,,,
22.031,6,Atta_6,258.5,1527.8,108.1,14.7,5.1,,,,
22.031,7,Atta_7,125.7,1477.3,339.8,-102.2,4.6,,,,
22.031,8,Atta_8,279.4,2164.8,47.0,-119.2,-0.1,,,,
22.031,9,Atta_9,996.5,2137.6,351.9,63.8,3.8,,,,
22.031,10,Atta_10,201.7,2610.1,53.7,48.0,-3.4,,,,
22.097,1,Atta_1,336.4,190.2,61.2,55.9,-1.2,,,,
22.097,2,Atta_2,165.3,505.9,56.7,-24.5,-5.6,,,,
22.097,3,Atta_3,813.5,1997.1,357.0,55.4,-2.6,,,,
22.097,4,Atta_4,111.0,1159.2,281.3,-55.7,-3.4,,,,
22.097,5,Atta_5,503.0,899.9,229.3,-84.0,2.0,,,,
22.097,6,Atta_6,283.5,1537.7,114.9,26.9,6.8,,,,
22.097,7,Atta_7,132.9,1556.0,345.7,-79.0,5.9,,,,
22.097,8,Atta_8,273.1,2176.7,53.6,13.5,6.6,,,,
22.097,9,Atta_9,966.1,2165.5,350.3,-41.3,-1.6,,,,
22.097,10,Atta_10,231.7,2562.0,46.7,-56.7,-7.0,,,,
22.163,1,Atta_1,321.8,161.9,62.2,-31.8,1.0,,,,
22.163,2,Atta_2,99.8,498.8,54.1,-65.9,-2.6,,,,
22.163,3,Atta_3,790.6,1943.4,355.5,-58.4,-1.5,,,,
22.163,4,Atta_4,140.8,1130.1,278.7,41.7,-2.6,,,,
22.163,5,Atta_5,454.2,803.6,225.2,108.0,-4.1,,,,
22.163,6,Atta_6,327.6,1564.0,117.8,51.3,2.9,,,,
22.163,7,Atta_7,98.2,1503.3,350.4,-63.1,4.7,,,,
22.163,8,Atta_8,263.8,2215.2,58.2,39.6,4.6,,,,
22.163,9,Atta_9,1013.3,2214.9,348.5,68.3,-1.8,,,,
22.163,10,Atta_10,227.8,2603.7,40.8,41.9,-5.9,,,,
22.287,1,Atta_1,316.9,138.7,61.2,-23.7,-1.0,,,,
22.287,2,Atta_2,108.3,513.9,48.8,17.3,-5.3,,,,
22.287,3,Atta_3,810.3,1939.6,357.7,20.1,2.2,,,,
22.287,4,Atta_4,164.3,1113.6,270.4,28.7,-8.3,,,,
22.287,5,Atta_5,423.8,802.4,226.6,30.4,1.4,,,,
22.287,6,Atta_6,293.8,1590.6,121.3,43.0,3.5,,,,
22.287,7,Atta_7,140.1,1539.3,353.3,55.2,2.9,,,,
22.287,8,Atta_8,280.9,2131.5,63.1,-85.4,4.9,,,,
22.287,9,Atta_9,1025.2,2123.5,349.8,92.2,1.3,,,,
22.287,10,Atta_10,254.9,2519.1,38.6,-88.8,-2.2,,,,
22.337,1,Atta_1,322.2,176.7,61.2,38.4,0.0,,,,
22.337,2,Atta_2,155.6,560.1,44.4,66.1,-4.4,,,,
22.337,3,Atta_3,809.2,1963.3,357.0,-23.7,-0.7,,,,
22.337,4,Atta_4,182.1,1090.6,271.4,29.1,1.0,,,,
22.337,5,Atta_5,427.3,849.7,229.2,-47.4,2.6,,,,
22.337,6,Atta_6,285.4,1530.2,128.2,-61.0,6.9,,,,
22.337,7,Atta_7,128.3,1504.2,359.5,-37.0,6.2,,,,
22.337,8,Atta_8,275.0,2201.8,67.2,70.5,4.1,,,,
22.337,9,Atta_9,1035.8,2123.8,351.4,10.6,1.6,,,,
22.337,10,Atta_10,239.5,2561.4,37.5,45.0,-1.1,,,,
22.403,1,Atta_1,347.9,231.2,62.6,60.3,1.4,,,,
22.403,2,Atta_2,103.1,488.6,41.5,-88.7,-2.9,,,,
22.403,3,Atta_3,824.8,1964.2,353.0,15.6,-4.0,,,,
22.403,4,Atta_4,187.8,1145.0,270.2,-54.7,-1.2,,,,
22.403,5,Atta_5,378.6,782.2,227.0,83.2,-2.2,,,,
22.403,6,Atta_6,319.9,1544.6,133.2,-37.4,5.0,,,,
22.403,7,Atta_7,182.3,1542.8,4.2,66.4,4.7,,,,
22.403,8,Atta_8,272.5,2181.8,67.3,-20.2,0.1,,,,
22.403,9,Atta_9,1057.4,2186.9,349.2,66.7,-2.2,,,,
22.403,10,Atta_10,218.3,2606.4,30.4,49.7,-7.1,,,,
22.472,1,Atta_1,330.9,176.7,62.6,-57.1,0.0,,,,
22.472,2,Atta_2,92.6,507.8,35.6,21.9,-5.9,,,,
22.472,3,Atta_3,891.5,1944.4,351.7,69.6,-1.3,,,,
22.472,4,Atta_4,204.6,1136.1,274.4,19.0,4.2,,,,
22.472,5,Atta_5,443.1,798.3,223.7,-66.5,-3.3,,,,
22.472,6,Atta_6,308.5,1553.6,135.4,14.5,2.2,,,,
22.472,7,Atta_7,161.5,1516.9,9.7,-33.2,5.5,,,,
22.472,8,Atta_8,260.6,2181.7,70.1,-11.9,2.8,,,,
22.472,9,Atta_9,1032.2,2103.7,350.3,-86.9,1.1,,,,
22.472,10,Atta_10,196.4,2544.0,29.1,-66.1,-1.3,,,,
22.543,1,Atta_1,335.2,265.2,60.0,88.6,-2.6,,,,
22.543,2,Atta_2,118.1,554.9,36.7,53.6,1.1,,,,
22.543,3,Atta_3,852.9,1910.3,354.5,-51.5,2.8,,,,
22.543,4,Atta_4,162.5,1117.8,274.8,45.9,0.4,,,,
22.543,5,Atta_5,423.9,727.0,223.6,73.8,-0.1,,,,
22.543,6,Atta_6,305.6,1524.8,143.2,-28.9,7.8,,,,
22.543,7,Atta_7,176.0,1579.6,15.0,64.4,5.3,,,,
22.543,8,Atta_8,217.7,2182.0,76.7,-42.9,6.6,,,,
22.543,9,Atta_9,1099.3,2135.6,349.6,74.3,-0.7,,,,
22.543,10,Atta_10,238.6,2602.1,29.4,71.8,0.3,,,,
22.613,1,Atta_1,382.6,227.0,62.6,-60.9,2.6,,,,
22.613,2,Atta_2,77.0,531.8,27.9,-47.1,-8.8,,,,
22.613,3,Atta_3,835.1,1945.4,352.1,-39.4,-2.4,,,,
22.613,4,Atta_4,169.6,1164.9,273.9,-47.6,-0.9,,,,
22.613,5,Atta_5,440.3,769.3,229.7,-45.4,6.1,,,,
22.613,6,Atta_6,280.1,1587.7,145.7,67.9,2.5,,,,
22.613,7,Atta_7,173.4,1515.6,15.5,-64.1,0.5,,,,
22.613,8,Atta_8,257.9,2169.1,78.7,-42.2,2.0,,,,
22.613,9,Atta_9,1091.7,2147.3,347.5,-14.0,-2.1,,,,
22.613,10,Atta_10,173.7,2606.8,31.0,-65.1,1.6,,,,
22.679,1,Atta_1,316.0,266.4,62.8,77.4,0.2,,,,
22.679,2,Atta_2,116.5,530.0,25.7,39.5,-2.2,,,,
22.679,3,Atta_3,911.1,1939.8,343.9,76.2,-8.2,,,,
22.679,4,Atta_4,133.3,1131.7,277.1,49.2,3.2,,,,
22.679,5,Atta_5,389.2,769.1,227.6,51.1,-2.1,,,,
22.679,6,Atta_6,297.9,1557.4,152.0,-35.1,6.3,,,,
22.679,7,Atta_7,169.1,1543.5,22.9,28.2,7.4,,,,
22.679,8,Atta_8,333.8,2197.0,83.8,80.9,5.1,,,,
22.679,9,Atta_9,1059.8,2196.7,350.5,-58.8,3.0,,,,
22.679,10,Atta_10,188.1,2558.4,31.0,-50.5,0.0,,,,
22.749,1,Atta_1,354.4,276.8,61.3,39.8,-1.5,,,,
22.749,2,Atta_2,74.8,546.4,16.9,-44.8,-8.8,,,,
22.749,3,Atta_3,896.7,1925.4,339.7,-20.4,-4.2,,,,
22.749,4,Atta_4,158.9,1146.9,282.9,-29.8,5.8,,,,
22.749,5,Atta_5,387.8,692.1,222.5,77.0,-5.1,,,,
22.749,6,Atta_6,289.1,1531.0,154.9,-27.8,2.9,,,,
22.749,7,Atta_7,150.6,1550.6,24.3,-19.8,1.4,,,,
22.749,8,Atta_8,364.2,2196.5,78.2,30.4,-5.6,,,,
22.749,9,Atta_9,1076.1,2101.2,352.2,96.9,1.7,,,,
22.749,10,Atta_10,231.9,2586.6,35.0,52.1,4.0,,,,
22.799,1,Atta_1,432.8,221.5,60.6,-95.9,-0.7,,,,
22.799,2,Atta_2,134.3,442.5,14.8,119.7,-2.1,,,,
22.799,3,Atta_3,817.6,1926.7,337.5,-79.1,-2.2,,,,
22.799,4,Atta_4,178.5,1107.7,286.4,43.8,3.5,,,,
22.799,5,Atta_5,416.5,775.7,218.2,-88.4,-4.3,,,,
22.799,6,Atta_6,315.0,1546.0,157.9,-29.9,3.0,,,,
22.799,7,Atta_7,96.7,1581.0,27.0,-61.9,2.7,,,,
22.799,8,Atta_8,279.4,2245.6,81.6,98.0,3.4,,,,
22.799,9,Atta_9,1103.8,2099.5,350.0,27.8,-2.2,,,,
22.799,10,Atta_10,248.5,2610.5,32.4,29.1,-2.6,,,,
22.87,1,Atta_1,347.2,251.1,59.2,-90.6,-1.4,,,,
22.87,2,Atta_2,96.1,561.4,5.9,-124.9,-8.9,,,,
22.87,3,Atta_3,909.6,1919.6,338.8,92.3,1.3,,,,
22.87,4,Atta_4,159.1,1052.2,291.4,58.8,5.0,,,,
22.87,5,Atta_5,367.0,743.4,217.9,59.1,-0.3,,,,
22.87,6,Atta_6,277.8,1520.9,165.8,44.9,7.9,,,,
22.87,7,Atta_7,136.5,1533.2,35.2,62.2,8.2,,,,
22.87,8,Atta_8,292.4,2131.2,80.9,-115.1,-0.7,,,,
22.87,9,Atta_9,1139.5,2103.2,349.4,35.9,-0.6,,,,
22.87,10,Atta_10,262.2,2574.5,33.9,-38.5,1.5,,,,
22.936,1,Atta_1,350.2,285.1,63.2,34.1,4.0,,,,
22.936,2,Atta_2,89.3,556.6,6.0,-8.3,0.1,,,,
22.936,3,Atta_3,799.0,1849.9,330.9,-130.7,-7.9,,,,
22.936,4,Atta_4,169.7,1144.4,298.1,-92.8,6.7,,,,
22.936,5,Atta_5,376.9,798.4,209.8,-55.9,-8.1,,,,
22.936,6,Atta_6,304.7,1547.3,167.1,-37.7,1.3,,,,
22.936,7,Atta_7,95.2,1541.2,36.2,-42.1,1.0,,,,
22.936,8,Atta_8,287.1,2214.8,79.8,83.8,-1.1,,,,
22.936,9,Atta_9,1108.3,2103.2,349.5,-31.2,0.1,,,,
22.936,10,Atta_10,250.4,2568.6,32.6,-13.2,-1.3,,,,
23.002,1,Atta_1,414.2,276.7,62.1,64.5,-1.1,,,,
23.002,2,Atta_2,132.7,549.5,1.3,44.0,-4.7,,,,
23.002,3,Atta_3,833.7,1907.4,324.0,67.2,-6.9,,,,
23.002,4,Atta_4,199.1,1073.2,298.9,77.0,0.8,,,,
23.002,5,Atta_5,375.5,781.8,205.9,16.7,-3.9,,,,
23.002,6,Atta_6,330.7,1538.2,170.5,-27.5,3.4,,,,
23.002,7,Atta_7,163.9,1531.6,43.3,69.4,7.1,,,,
23.002,8,Atta_8,315.7,2237.3,78.6,36.4,-1.2,,,,
23.002,9,Atta_9,1148.1,2058.8,347.4,59.6,-2.1,,,,
23.002,10,Atta_10,239.0,2602.6,32.9,35.9,0.3,,,,
23.071,1,Atta_1,406.9,315.1,62.7,39.1,0.6,,,,
23.071,2,Atta_2,170.3,574.1,353.8,44.9,-7.5,,,,
23.071,3,Atta_3,803.0,1957.2,319.2,-58.5,-4.8,,,,
23.071,4,Atta_4,198.3,1083.0,306.2,-9.8,7.3,,,,
23.071,5,Atta_5,411.0,802.1,205.4,-40.9,-0.5,,,,
23.071,6,Atta_6,292.3,1528.5,178.3,39.6,7.8,,,,
23.071,7,Atta_7,72.1,1527.9,48.6,-91.9,5.3,,,,
23.071,8,Atta_8,305.0,2269.2,79.6,33.6,1.0,,,,
23.071,9,Atta_9,1115.1,2098.9,348.7,-51.9,1.3,,,,
23.071,10,Atta_10,242.2,2595.7,33.3,-7.6,0.4,,,,
23.133,1,Atta_1,397.7,321.0,61.0,10.9,-1.7,,,,
23.133,2,Atta_2,134.9,496.7,351.6,-85.1,-2.2,,,,
23.133,3,Atta_3,837.2,1966.8,315.5,35.5,-3.7,,,,
23.133,4,Atta_4,195.4,1125.9,310.1,-43.0,3.9,,,,
23.133,5,Atta_5,367.6,753.2,203.4,65.4,-2.0,,,,
23.133,6,Atta_6,227.6,1505.4,183.6,68.7,5.3,,,,
23.133,7,Atta_7,172.3,1547.3,51.9,102.1,3.3,,,,
23.133,8,Atta_8,302.5,2248.1,83.9,-21.2,4.3,,,,
23.133,9,Atta_9,1146.1,2130.2,349.0,44.1,0.3,,,,
23.133,10,Atta_10,305.7,2621.1,31.6,68.4,-1.7,,,,
23.199,1,Atta_1,369.9,330.2,56.7,-29.3,-4.3,,,,
23.199,2,Atta_2,82.2,541.3,350.1,-69.0,-1.5,,,,
23.199,3,Atta_3,864.8,1869.9,311.9,100.8,-3.6,,,,
23.199,4,Atta_4,173.3,1131.8,312.5,-22.9,2.4,,,,
23.199,5,Atta_5,358.6,772.5,196.1,21.3,-7.3,,,,
23.199,6,Atta_6,282.6,1538.4,188.2,-64.1,4.6,,,,
23.199,7,Atta_7,89.6,1538.9,62.1,-83.1,10.2,,,,
23.199,8,Atta_8,296.7,2287.0,82.1,39.3,-1.8,,,,
23.199,9,Atta_9,1180.4,2095.4,353.0,48.9,4.0,,,,
23.199,10,Atta_10,340.7,2597.2,32.5,42.4,0.9,,,,
23.264,1,Atta_1,420.6,358.4,61.8,58.0,5.1,,,,
23.264,2,Atta_2,101.0,516.7,342.0,31.0,-8.1,,,,
23.264,3,Atta_3,809.8,1916.9,313.4,-72.3,1.5,,,,
23.264,4,Atta_4,196.0,1114.6,314.2,28.5,1.7,,,,
23.264,5,Atta_5,386.0,797.2,188.7,-36.9,-7.4,,,,
23.264,6,Atta_6,296.6,1538.6,190.8,-14.0,2.6,,,,
23.264,7,Atta_7,160.8,1541.5,63.1,71.2,1.0,,,,
23.264,8,Atta_8,308.1,2250.0,77.3,-38.7,-4.8,,,,
23.264,10,Atta_10,336.8,2664.3,32.1,67.2,-0.4,,,,
23.333,1,Atta_1,434.1,365.4,63.7,15.2,1.9,,,,
23.333,2,Atta_2,105.0,550.9,341.1,-34.4,-0.9,,,,
23.333,3,Atta_3,866.7,1910.8,314.0,57.2,0.6,,,,
23.333,4,Atta_4,167.3,1131.3,321.2,-33.2,7.0,,,,
23.333,5,Atta_5,378.4,775.7,185.9,22.8,-2.8,,,,
23.333,6,Atta_6,314.2,1511.4,195.8,-32.4,5.0,,,,
23.333,7,Atta_7,141.2,1543.7,69.1,-19.7,6.0,,,,
23.333,8,Atta_8,291.4,2291.6,78.9,44.8,1.6,,,,
23.333,9,Atta_9,1211.4,2085.8,347.0,32.5,-6.0,,,,
23.333,10,Atta_10,322.9,2635.8,31.2,-31.7,-0.9,,,,
23.402,1,Atta_1,427.5,388.5,60.8,24.0,-2.9,,,,
23.402,2,Atta_2,112.3,518.6,329.9,33.1,-11.2,,,,
23.402,3,Atta_3,829.4,1900.7,313.5,-38.6,-0.5,,,,
23.402,4,Atta_4,147.1,1168.6,325.2,-42.4,4.0,,,,
23.402,5,Atta_5,393.1,761.1,181.3,-20.7,-4.6,,,,
23.402,6,Atta_6,284.4,1523.7,196.5,32.2,0.7,,,,
23.402,7,Atta_7,136.5,1531.1,72.4,-13.4,3.3,,,,
23.402,8,Atta_8,324.1,2229.0,78.5,-70.6,-0.4,,,,
23.402,9,Atta_9,1221.9,2119.3,349.0,35.1,2.0,,,,
23.402,10,Atta_10,245.5,2688.7,29.8,-93.8,-1.4,,,,
23.468,1,Atta_1,421.6,369.3,63.4,-20.1,2.6,,,,
23.468,2,Atta_2,103.6,549.0,329.9,-31.6,0.0,,,,
23.468,3,Atta_3,884.4,1916.7,314.4,57.3,0.9,,,,
23.468,4,Atta_4,121.4,1153.7,331.6,-29.7,6.4,,,,
23.468,5,Atta_5,365.6,705.8,172.9,61.8,-8.4,,,,
23.468,6,Atta_6,327.6,1566.2,204.4,-60.6,7.9,,,,
23.468,7,Atta_7,153.6,1529.7,75.7,17.2,3.3,,,,
23.468,8,Atta_8,315.0,2336.8,81.2,108.2,2.7,,,,
23.468,9,Atta_9,1254.0,2120.1,348.2,32.1,-0.8,,,,
23.468,10,Atta_10,341.2,2686.1,30.0,95.7,0.2,,,,
23.534,1,Atta_1,408.0,396.7,60.7,30.6,-2.7,,,,
23.534,2,Atta_2,147.4,496.6,324.9,68.3,-5.0,,,,
23.534,3,Atta_3,893.2,1963.7,311.2,-47.8,-3.2,,,,
23.534,4,Atta_4,146.2,1086.1,336.2,72.0,4.6,,,,
23.534,5,Atta_5,384.0,826.3,169.8,-121.9,-3.1,,,,
23.534,6,Atta_6,323.6,1515.9,206.4,50.5,2.0,,,,
23.534,7,Atta_7,97.7,1525.1,79.4,-56.1,3.7,,,,
23.534,8,Atta_8,325.3,2273.7,81.2,-63.9,0.0,,,,
23.534,9,Atta_9,1234.1,2096.4,349.0,-30.9,0.8,,,,
23.534,10,Atta_10,344.0,2590.2,33.5,-95.9,3.5,,,,
23.6,1,Atta_1,454.3,378.8,61.5,49.6,0.8,,,,
23.6,2,Atta_2,75.1,495.8,320.1,-72.3,-4.8,,,,
23.6,3,Atta_3,913.5,1916.1,314.9,51.7,3.7,,,,
23.6,4,Atta_4,166.6,1152.9,339.7,-69.8,3.5,,,,
23.6,5,Atta_5,353.3,805.6,165.9,37.0,-3.9,,,,
23.6,6,Atta_6,262.3,1478.5,216.9,71.8,10.5,,,,
23.6,7,Atta_7,155.4,1520.5,87.5,57.9,8.1,,,,
23.6,8,Atta_8,275.6,2263.2,79.9,-50.8,-1.3,,,,
23.6,9,Atta_9,1224.8,2101.3,351.9,-10.5,2.9,,,,
23.6,10,Atta_10,343.0,2631.8,32.0,41.6,-1.5,,,,
23.667,1,Atta_1,453.2,372.9,67.0,-6.0,5.5,,,,
23.667,2,Atta_2,139.1,518.7,314.2,68.0,-5.9,,,,
23.667,3,Atta_3,889.5,1892.4,313.7,-33.7,-1.2,,,,
23.667,4,Atta_4,209.7,1105.8,344.5,63.8,4.8,,,,
23.667,5,Atta_5,379.8,771.7,160.5,-43.0,-5.4,,,,
23.667,6,Atta_6,300.8,1517.1,215.9,-54.5,-1.0,,,,
23.667,7,Atta_7,113.3,1492.0,88.9,-50.8,1.4,,,,
23.667,8,Atta_8,286.6,2284.0,79.0,23.5,-0.9,,,,
23.667,9,Atta_9,1240.2,2087.2,349.5,20.9,-2.4,,,,
23.667,10,Atta_10,360.8,2662.1,29.9,35.1,-2.1,,,,
23.787,1,Atta_1,434.0,370.1,65.6,-19.4,-1.4,,,,
23.787,2,Atta_2,54.1,526.2,306.9,-85.3,-7.3,,,,
23.787,3,Atta_3,913.5,1839.9,313.6,57.7,-0.1,,,,
23.787,4,Atta_4,168.1,1143.9,346.7,-56.4,2.2,,,,
23.787,5,Atta_5,417.2,776.0,154.4,-37.6,-6.1,,,,
23.787,6,Atta_6,263.2,1555.1,228.2,53.5,12.3,,,,
23.787,7,Atta_7,185.0,1537.6,98.6,85.0,9.7,,,,
23.787,8,Atta_8,309.9,2294.8,83.3,25.7,4.3,,,,
23.787,9,Atta_9,1312.8,2051.7,349.4,80.8,-0.1,,,,
23.787,10,Atta_10,371.5,2680.4,32.2,21.2,2.3,,,,
23.856,1,Atta_1,451.4,479.9,60.0,111.2,-5.6,,,,
23.856,2,Atta_2,137.5,595.8,303.3,-108.6,-3.6,,,,
23.856,3,Atta_3,913.6,1872.9,311.9,-33.0,-1.7,,,,
23.856,4,Atta_4,85.6,1125.9,347.8,-84.4,1.1,,,,
23.856,5,Atta_5,378.7,765.2,153.8,40.0,-0.6,,,,
23.856,6,Atta_6,270.7,1537.3,233.9,19.3,5.7,,,,
23.856,7,Atta_7,98.8,1563.2,100.7,89.9,2.1,,,,
23.856,8,Atta_8,329.6,2371.2,78.8,78.9,-4.5,,,,
23.856,9,Atta_9,1318.3,2024.3,346.8,27.9,-2.6,,,,
23.856,10,Atta_10,373.6,2658.3,31.2,-22.2,-1.0,,,,
23.992,1,Atta_1,505.6,425.8,55.7,-76.6,-4.3,,,,
23.992,2,Atta_2,158.2,519.8,305.1,78.8,1.8,,,,
23.992,3,Atta_3,965.7,1868.0,314.2,52.3,2.3,,,,
23.992,4,Atta_4,176.1,1159.4,346.8,96.5,-1.0,,,,
23.992,5,Atta_5,433.1,739.5,154.3,-60.2,0.5,,,,
23.992,6,Atta_6,303.1,1555.5,231.0,-37.2,-2.9,,,,
23.992,7,Atta_7,75.9,1479.3,102.6,-87.0,1.9,,,,
23.992,8,Atta_8,335.4,2384.3,79.0,14.3,0.2,,,,
23.992,9,Atta_9,1334.8,2087.1,347.8,64.9,1.0,,,,
23.992,10,Atta_10,357.1,2722.7,31.9,66.5,0.7,,,,
24.059,1,Atta_1,521.4,449.4,53.3,28.4,-2.4,,,,
24.059,2,Atta_2,128.1,556.4,301.6,-47.4,-3.5,,,,
24.059,3,Atta_3,920.1,1829.0,312.4,-60.0,-1.8,,,,
24.059,4,Atta_4,185.8,1124.6,346.7,36.1,-0.1,,,,
24.059,5,Atta_5,409.1,788.9,154.8,54.9,0.5,,,,
24.059,6,Atta_6,294.0,1516.3,228.4,40.2,-2.6,,,,
24.059,7,Atta_7,166.0,1518.1,106.0,98.1,3.4,,,,
24.059,8,Atta_8,282.9,2355.4,82.5,-59.9,3.5,,,,
24.059,9,Atta_9,1332.9,2093.5,349.8,-6.7,2.0,,,,
24.059,10,Atta_10,385.0,2736.8,34.2,31.3,2.3,,,,
24.177,1,Atta_1,528.3,395.6,47.2,-54.2,-6.1,,,,
24.177,2,Atta_2,143.1,504.2,305.4,54.3,3.8,,,,
24.177,3,Atta_3,899.1,1853.7,313.9,-32.4,1.5,,,,
24.177,4,Atta_4,182.7,1132.2,343.0,-8.2,-3.7,,,,
24.177,5,Atta_5,413.2,782.7,151.6,-7.4,-3.2,,,,
24.177,6,Atta_6,294.5,1539.9,229.4,-23.6,1.0,,,,
24.177,7,Atta_7,172.8,1508.2,101.8,-12.0,-4.2,,,,
24.177,8,Atta_8,372.4,2421.5,86.2,111.3,3.7,,,,
24.177,9,Atta_9,1298.3,2041.8,347.5,-62.2,-2.3,,,,
24.177,10,Atta_10,428.2,2728.0,33.2,44.1,-1.0,,,,
24.246,1,Atta_1,474.1,391.3,42.3,-54.4,-4.9,,,,
24.246,2,Atta_2,128.4,544.1,308.2,-42.5,2.8,,,,
24.246,3,Atta_3,952.2,1803.5,314.1,73.1,0.2,,,,
24.246,4,Atta_4,208.3,1132.8,346.8,25.6,3.8,,,,
24.246,5,Atta_5,368.3,775.0,156.2,45.6,4.6,,,,
24.246,6,Atta_6,265.6,1603.3,230.9,-69.7,1.5,,,,
24.246,7,Atta_7,151.9,1529.0,99.1,29.5,-2.7,,,,
24.246,8,Atta_8,305.3,2333.3,90.7,-110.8,4.5,,,,
24.246,9,Atta_9,1324.4,2060.5,347.8,32.1,0.3,,,,
24.246,10,Atta_10,413.0,2744.0,37.9,-22.1,4.7,,,,
24.316,1,Atta_1,523.0,477.4,35.4,99.0,-6.9,,,,
24.316,2,Atta_2,150.5,473.0,310.8,74.5,2.6,,,,
24.316,3,Atta_3,967.3,1817.3,312.7,20.5,-1.4,,,,
24.316,4,Atta_4,229.0,1176.3,346.8,48.2,0.0,,,,
24.316,5,Atta_5,356.9,821.4,154.7,47.8,-1.5,,,,
24.316,6,Atta_6,306.2,1514.2,232.3,97.9,1.4,,,,
24.316,7,Atta_7,166.3,1554.0,98.6,28.9,-0.5,,,,
24.316,8,Atta_8,309.0,2344.9,93.3,12.2,2.6,,,,
24.316,9,Atta_9,1284.9,2072.7,350.8,-41.3,3.0,,,,
24.316,10,Atta_10,343.5,2677.1,36.7,-96.5,-1.2,,,,
24.369,1,Atta_1,456.0,397.2,29.4,-104.5,-6.0,,,,
24.369,2,Atta_2,113.9,515.8,318.1,-56.3,7.3,,,,
24.369,3,Atta_3,953.8,1800.6,313.0,21.5,0.3,,,,
24.369,4,Atta_4,205.9,1103.6,345.8,-76.3,-1.0,,,,
24.369,5,Atta_5,359.1,766.7,151.8,-54.7,-2.9,,,,
24.369,6,Atta_6,286.9,1531.9,228.9,-26.2,-3.4,,,,
24.369,7,Atta_7,168.0,1564.5,104.8,10.6,6.2,,,,
24.369,8,Atta_8,329.8,2341.8,99.1,-21.0,5.8,,,,
24.369,9,Atta_9,1387.9,2097.8,350.3,106.0,-0.5,,,,
24.369,10,Atta_10,368.6,2663.7,35.1,28.5,-1.6,,,,
24.434,1,Atta_1,413.0,400.2,29.4,-43.1,0.0,,,,
24.434,2,Atta_2,147.9,501.6,321.6,36.8,3.5,,,,
24.434,3,Atta_3,949.8,1776.7,312.4,24.2,-0.6,,,,
24.434,4,Atta_4,269.0,1107.3,346.4,63.2,0.6,,,,
24.434,5,Atta_5,334.3,796.3,152.6,38.6,0.8,,,,
24.434,6,Atta_6,278.6,1524.2,227.2,11.3,-1.7,,,,
24.434,7,Atta_7,105.9,1560.4,100.3,62.2,-4.5,,,,
24.434,8,Atta_8,277.8,2416.4,108.8,90.9,9.7,,,,
24.434,9,Atta_9,1376.7,2081.5,350.4,-19.8,0.1,,,,
24.434,10,Atta_10,325.8,2746.3,36.1,93.0,1.0,,,,
24.501,1,Atta_1,475.9,443.2,22.3,76.2,-7.1,,,,
24.501,2,Atta_2,101.5,523.2,322.9,-51.2,1.3,,,,
24.501,3,Atta_3,901.0,1802.2,313.2,-55.1,0.8,,,,
24.501,4,Atta_4,289.7,1092.4,344.8,25.5,-1.6,,,,
24.501,5,Atta_5,325.0,755.9,154.7,-41.5,2.1,,,,
24.501,6,Atta_6,258.9,1448.2,226.4,78.5,-0.8,,,,
24.501,7,Atta_7,135.1,1584.9,102.7,38.1,2.4,,,,
24.501,8,Atta_8,319.5,2357.5,109.8,-72.2,1.0,,,,
24.501,9,Atta_9,1374.4,2066.2,349.5,15.5,-0.9,,,,
24.501,10,Atta_10,354.1,2641.0,36.8,-109.0,0.7,,,,
24.555,1,Atta_1,485.2,361.0,18.0,-82.7,-4.3,,,,
24.555,2,Atta_2,84.1,541.9,332.9,-25.5,10.0,,,,
24.555,3,Atta_3,974.2,1815.1,314.8,74.3,1.6,,,,
24.555,4,Atta_4,250.2,1075.9,343.3,-42.8,-1.5,,,,
24.555,5,Atta_5,352.5,798.8,157.4,-51.0,2.7,,,,
24.555,6,Atta_6,253.7,1422.7,228.1,26.0,1.7,,,,
24.555,7,Atta_7,115.9,1565.5,101.3,-27.3,-1.4,,,,
24.555,8,Atta_8,335.0,2379.2,110.9,26.7,1.1,,,,
24.555,9,Atta_9,1436.9,2084.2,349.5,65.0,0.0,,,,
24.555,10,Atta_10,323.9,2669.7,32.2,-41.7,-4.6,,,,
24.622,1,Atta_1,433.9,421.9,10.9,-79.6,-7.1,,,,
24.622,2,Atta_2,100.1,508.0,329.9,37.5,-3.0,,,,
24.622,3,Atta_3,1005.0,1787.1,310.5,41.6,-4.3,,,,
24.622,4,Atta_4,278.6,1143.1,348.9,73.0,5.6,,,,
24.622,5,Atta_5,283.4,786.3,153.6,70.2,-3.8,,,,
24.622,6,Atta_6,179.5,1491.4,229.3,-101.1,1.2,,,,
24.622,7,Atta_7,113.5,1610.8,101.9,45.4,0.6,,,,
24.622,8,Atta_8,332.4,2428.8,108.4,49.7,-2.5,,,,
24.622,9,Atta_9,1438.4,1992.7,348.2,91.5,-1.3,,,,
24.622,10,Atta_10,327.6,2718.9,37.8,49.3,5.6,,,,
24.675,1,Atta_1,480.6,393.0,8.3,54.9,-2.6,,,,
24.675,2,Atta_2,95.5,515.6,329.1,-8.9,-0.8,,,,
24.675,3,Atta_3,1030.5,1746.7,313.8,47.8,3.3,,,,
24.675,4,Atta_4,239.1,1093.9,345.5,-63.1,-3.4,,,,
24.675,5,Atta_5,300.7,786.0,148.8,-17.3,-4.8,,,,
24.675,6,Atta_6,194.1,1456.8,228.3,37.6,-1.0,,,,
24.675,7,Atta_7,206.2,1624.6,104.1,-93.7,2.2,,,,
24.675,8,Atta_8,335.0,2315.8,105.6,-113.0,-2.8,,,,
24.675,9,Atta_9,1440.7,2065.7,351.4,-73.0,3.2,,,,
24.675,10,Atta_10,350.4,2657.0,32.1,-66.0,-5.7,,,,
24.74,1,Atta_1,467.1,393.1,4.1,-13.5,-4.2,,,,
24.74,2,Atta_2,121.6,530.6,330.7,30.1,1.6,,,,
24.74,3,Atta_3,986.8,1737.6,307.9,-44.6,-5.9,,,,
24.74,4,Atta_4,255.4,1095.6,344.9,16.4,-0.6,,,,
24.74,5,Atta_5,285.7,797.9,152.1,19.1,3.3,,,,
24.74,6,Atta_6,247.9,1460.3,231.0,-53.9,2.7,,,,
24.74,7,Atta_7,95.3,1673.6,96.2,121.2,-7.9,,,,
24.74,8,Atta_8,285.0,2354.9,107.6,63.5,2.0,,,,
24.74,9,Atta_9,1413.7,2071.4,349.0,-27.6,-2.4,,,,
24.74,10,Atta_10,367.1,2649.8,25.6,18.2,-6.5,,,,
24.811,1,Atta_1,463.7,416.8,1.4,-23.9,-2.7,,,,
24.811,2,Atta_2,132.0,566.9,329.9,-37.8,-0.8,,,,
24.811,3,Atta_3,962.0,1822.8,312.7,-88.7,4.8,,,,
24.811,4,Atta_4,273.1,1145.3,345.4,52.8,0.5,,,,
24.811,5,Atta_5,287.1,820.5,153.0,22.6,0.9,,,,
24.811,6,Atta_6,184.4,1363.2,229.4,116.0,-1.6,,,,
24.811,7,Atta_7,88.7,1651.9,100.6,-22.7,4.4,,,,
24.811,8,Atta_8,263.7,2389.8,109.8,40.9,2.2,,,,
24.811,9,Atta_9,1424.4,2087.0,352.7,18.9,3.7,,,,
24.811,10,Atta_10,279.9,2685.0,24.4,-94.0,-1.2,,,,
24.941,1,Atta_1,460.3,384.9,358.9,-32.1,-2.5,,,,
24.941,2,Atta_2,125.5,473.4,331.5,93.7,1.6,,,,
24.941,3,Atta_3,1034.8,1682.3,312.1,158.2,-0.6,,,,
24.941,4,Atta_4,333.7,1059.8,351.5,104.8,6.1,,,,
24.941,5,Atta_5,324.4,852.3,158.3,-49.0,5.3,,,,
24.941,6,Atta_6,214.4,1415.0,232.2,-59.9,2.8,,,,
24.941,7,Atta_7,97.5,1636.2,103.5,-18.0,2.9,,,,
24.941,8,Atta_8,294.9,2412.3,109.0,38.5,-0.8,,,,
24.941,9,Atta_9,1455.6,2080.2,348.3,31.9,-4.4,,,,
24.941,10,Atta_10,357.1,2650.5,19.9,84.6,-4.5,,,,
25.01,1,Atta_1,466.7,402.6,346.5,18.8,-12.4,,,,
25.01,2,Atta_2,90.4,457.6,336.5,-38.5,5.0,,,,
25.01,3,Atta_3,996.3,1759.5,315.0,-86.3,2.9,,,,
25.01,4,Atta_4,307.1,1065.2,343.2,-27.1,-8.3,,,,
25.01,5,Atta_5,236.5,821.2,152.4,93.2,-5.9,,,,
25.01,6,Atta_6,159.1,1464.7,231.5,-74.4,-0.7,,,,
25.01,7,Atta_7,98.3,1658.5,104.2,22.3,0.7,,,,
25.01,8,Atta_8,302.4,2385.6,107.5,-27.7,-1.5,,,,
25.01,9,Atta_9,1469.6,2072.4,354.0,16.0,5.7,,,,
25.01,10,Atta_10,370.1,2694.5,8.2,45.9,-11.7,,,,
25.131,1,Atta_1,468.4,414.8,341.6,-12.3,-4.9,,,,
25.131,2,Atta_2,45.9,507.7,342.6,-67.0,6.1,,,,
25.131,3,Atta_3,1032.2,1700.3,314.4,69.2,-0.6,,,,
25.131,4,Atta_4,293.1,1107.8,347.2,-44.8,4.0,,,,
25.131,5,Atta_5,247.5,872.9,151.3,52.9,-1.1,,,,
25.131,6,Atta_6,168.4,1370.4,232.1,94.8,0.6,,,,
25.131,7,Atta_7,84.3,1729.1,102.5,72.0,-1.7,,,,
25.131,8,Atta_8,236.7,2405.4,109.4,68.6,1.9,,,,
25.131,9,Atta_9,1519.5,2069.6,353.8,50.0,-0.2,,,,
25.131,10,Atta_10,309.3,2667.3,5.0,-66.6,-3.2,,,,
25.199,1,Atta_1,428.1,472.9,340.0,-70.7,-1.6,,,,
25.199,2,Atta_2,68.1,490.0,351.5,28.4,8.9,,,,
25.199,3,Atta_3,989.4,1720.0,313.2,-47.1,-1.2,,,,
25.199,4,Atta_4,311.2,1077.0,344.7,35.7,-2.5,,,,
25.199,5,Atta_5,224.9,827.6,154.7,-50.6,3.4,,,,
25.199,6,Atta_6,187.9,1386.1,235.1,-25.0,3.0,,,,
25.199,7,Atta_7,113.0,1659.4,101.7,-75.4,-0.8,,,,
25.199,8,Atta_8,311.5,2458.3,111.9,91.6,2.5,,,,
25.199,9,Atta_9,1474.8,2049.3,350.2,-49.1,-3.6,,,,
25.199,10,Atta_10,364.9,2715.5,1.8,73.6,-3.2,,,,
25.264,1,Atta_1,468.6,385.5,336.4,96.3,-3.6,,,,
25.264,2,Atta_2,99.9,554.2,353.5,71.6,2.0,,,,
25.264,3,Atta_3,1045.0,1720.8,311.6,55.6,-1.6,,,,
25.264,4,Atta_4,403.8,1100.1,345.4,95.4,0.7,,,,
25.264,5,Atta_5,257.9,893.9,154.5,-74.1,-0.2,,,,
25.264,6,Atta_6,206.8,1425.3,231.2,-43.5,-3.9,,,,
25.264,7,Atta_7,146.3,1699.1,99.1,51.8,-2.6,,,,
25.264,8,Atta_8,285.1,2438.9,107.8,-32.8,-4.1,,,,
25.264,9,Atta_9,1505.9,2010.8,346.3,49.5,-3.9,,,,
25.264,10,Atta_10,328.3,2696.7,357.1,-41.1,-4.7,,,,
25.331,1,Atta_1,476.4,479.5,334.2,-94.3,-2.2,,,,
25.331,2,Atta_2,80.2,508.9,355.0,-49.4,1.5,,,,
25.331,3,Atta_3,1058.5,1673.3,314.0,49.4,2.4,,,,
25.331,4,Atta_4,337.4,1087.5,340.6,-67.6,-4.8,,,,
25.331,5,Atta_5,213.8,854.7,150.8,59.0,-3.7,,,,
25.331,6,Atta_6,124.1,1392.1,229.2,89.1,-2.0,,,,
25.331,7,Atta_7,111.0,1719.8,99.0,40.9,-0.1,,,,
25.331,8,Atta_8,363.8,2437.0,110.3,-78.7,2.5,,,,
25.331,9,Atta_9,1614.0,1991.2,351.6,109.9,5.3,,,,
25.331,10,Atta_10,320.4,2673.3,351.3,-24.7,-5.8,,,,
25.382,1,Atta_1,458.7,417.2,334.6,64.8,0.4,,,,
25.382,2,Atta_2,112.2,528.7,5.3,37.6,10.3,,,,
25.382,3,Atta_3,1023.4,1629.6,313.1,56.1,-0.9,,,,
25.382,4,Atta_4,398.7,1064.0,347.6,65.7,7.0,,,,
25.382,5,Atta_5,198.5,871.1,156.7,22.4,5.9,,,,
25.382,6,Atta_6,163.5,1382.3,230.9,-40.6,1.7,,,,
25.382,7,Atta_7,117.3,1704.5,100.3,-16.5,1.3,,,,
25.382,8,Atta_8,190.4,2432.4,109.9,173.5,-0.4,,,,
25.382,9,Atta_9,1584.1,2053.5,351.6,-69.1,0.0,,,,
25.382,10,Atta_10,421.2,2644.5,346.6,104.8,-4.7,,,,
25.447,1,Atta_1,510.8,436.7,333.3,55.6,-1.3,,,,
25.447,2,Atta_2,95.5,529.6,6.1,-16.7,0.8,,,,
25.447,3,Atta_3,1090.6,1700.1,313.3,-97.4,0.2,,,,
25.447,4,Atta_4,360.4,1041.1,347.8,-44.6,0.2,,,,
25.447,5,Atta_5,211.2,872.2,151.0,-12.7,-5.7,,,,
25.447,6,Atta_6,125.7,1333.9,233.1,61.4,2.2,,,,
25.447,7,Atta_7,94.7,1754.1,102.3,54.5,2.0,,,,
25.447,8,Atta_8,266.9,2440.5,111.5,-76.9,1.6,,,,
25.447,9,Atta_9,1548.0,2072.8,352.8,-40.9,1.2,,,,
25.447,10,Atta_10,334.2,2628.7,343.1,-88.4,-3.5,,,,
25.513,1,Atta_1,493.5,435.6,334.4,-17.3,1.1,,,,
25.513,2,Atta_2,117.4,529.3,13.0,21.9,6.9,,,,
25.513,3,Atta_3,1113.1,1704.3,306.8,22.9,-6.5,,,,
25.513,4,Atta_4,433.0,1021.9,345.2,75.1,-2.6,,,,
25.513,5,Atta_5,183.3,875.7,153.1,28.1,2.1,,,,
25.513,6,Atta_6,138.7,1304.4,232.3,32.2,-0.8,,,,
25.513,7,Atta_7,112.9,1709.8,100.3,-47.9,-2.0,,,,
25.513,8,Atta_8,274.2,2469.5,108.9,29.9,-2.6,,,,
25.513,9,Atta_9,1556.9,2006.7,350.3,66.7,-2.5,,,,
25.513,10,Atta_10,329.6,2677.8,341.7,-49.3,-1.4,,,,
25.583,1,Atta_1,476.5,436.8,335.2,-17.0,0.8,,,,
25.583,2,Atta_2,44.2,513.6,15.4,-74.9,2.4,,,,
25.583,3,Atta_3,1097.3,1648.0,314.4,58.5,7.6,,,,
25.583,4,Atta_4,408.8,1076.6,343.6,-59.8,-1.6,,,,
25.583,5,Atta_5,257.0,874.0,153.2,-73.7,0.1,,,,
25.583,6,Atta_6,115.4,1404.3,230.4,-102.6,-1.9,,,,
25.583,7,Atta_7,121.9,1756.7,99.4,47.8,-0.9,,,,
25.583,8,Atta_8,244.3,2523.1,108.8,61.4,-0.1,,,,
25.583,9,Atta_9,1559.8,2069.5,351.1,-62.9,0.8,,,,
25.583,10,Atta_10,355.1,2634.4,337.1,50.3,-4.6,,,,
25.65,1,Atta_1,425.8,392.2,333.9,-67.5,-1.3,,,,
25.65,2,Atta_2,183.1,485.7,21.0,141.7,5.6,,,,
25.65,3,Atta_3,1139.3,1651.7,312.3,42.2,-2.1,,,,
25.65,4,Atta_4,440.1,1036.0,345.5,51.3,1.9,,,,
25.65,5,Atta_5,237.1,864.5,152.2,22.1,-1.0,,,,
25.65,6,Atta_6,105.2,1377.3,227.7,28.9,-2.7,,,,
25.65,7,Atta_7,132.3,1783.7,100.2,28.9,0.8,,,,
25.65,8,Atta_8,246.5,2482.1,105.6,-41.1,-3.2,,,,
25.65,9,Atta_9,1607.9,2065.6,349.8,48.3,-1.3,,,,
25.65,10,Atta_10,332.1,2691.4,338.9,-61.5,1.8,,,,
25.706,1,Atta_1,560.2,427.8,336.2,139.0,2.3,,,,
25.706,2,Atta_2,27.0,518.4,27.5,-159.5,6.5,,,,
25.706,3,Atta_3,1145.4,1630.5,315.4,22.1,3.1,,,,
25.706,4,Atta_4,485.5,1048.4,346.9,47.1,1.4,,,,
25.706,5,Atta_5,159.3,908.9,155.8,89.6,3.6,,,,
25.706,6,Atta_6,141.1,1341.3,231.5,50.8,3.8,,,,
25.706,7,Atta_7,119.8,1782.6,103.5,12.5,3.3,,,,
25.706,8,Atta_8,252.1,2514.1,103.4,32.5,-2.2,,,,
25.706,9,Atta_9,1590.6,2037.7,347.7,-32.8,-2.1,,,,
25.706,10,Atta_10,347.2,2672.9,336.2,23.9,-2.7,,,,
25.777,1,Atta_1,500.4,350.0,333.7,-98.1,-2.5,,,,
25.777,2,Atta_2,118.4,505.7,25.5,92.3,-2.0,,,,
25.777,3,Atta_3,1050.9,1614.4,310.5,-95.9,-4.9,,,,
25.777,4,Atta_4,402.3,1106.2,345.3,-101.3,-1.6,,,,
25.777,5,Atta_5,113.2,872.2,149.7,58.9,-6.1,,,,
25.777,6,Atta_6,153.1,1346.8,225.5,-13.2,-6.0,,,,
25.777,7,Atta_7,81.0,1747.5,104.7,-52.3,1.2,,,,
25.777,8,Atta_8,284.2,2552.2,110.8,49.8,7.4,,,,
25.777,9,Atta_9,1636.3,2011.1,348.8,52.9,1.1,,,,
25.777,10,Atta_10,296.3,2678.1,343.5,-51.2,7.3,,,,
25.847,1,Atta_1,497.1,400.6,337.3,-50.7,3.6,,,,
25.847,2,Atta_2,100.2,484.3,26.6,-28.1,1.1,,,,
25.847,3,Atta_3,1136.9,1663.0,312.2,98.8,1.7,,,,
25.847,4,Atta_4,439.1,1079.0,341.5,45.8,-3.8,,,,
25.847,5,Atta_5,188.3,923.9,152.7,-91.2,3.0,,,,
25.847,6,Atta_6,82.3,1355.9,229.8,71.4,4.3,,,,
25.847,7,Atta_7,73.2,1833.4,106.0,86.3,1.3,,,,
25.847,8,Atta_8,235.9,2519.8,109.6,-58.2,-1.2,,,,
25.847,9,Atta_9,1641.6,2013.1,347.9,5.7,-0.9,,,,
25.847,10,Atta_10,351.9,2668.2,338.8,56.5,-4.7,,,,
25.913,1,Atta_1,550.3,382.0,335.3,56.4,-2.0,,,,
25.913,2,Atta_2,95.9,570.3,31.6,86.1,5.0,,,,
25.913,3,Atta_3,1104.4,1542.7,312.7,124.6,0.5,,,,
25.913,4,Atta_4,418.6,1014.5,347.1,67.7,5.6,,,,
25.913,5,Atta_5,128.9,954.5,152.9,66.8,0.2,,,,
25.913,6,Atta_6,138.7,1304.7,230.6,76.2,0.8,,,,
25.913,7,Atta_7,95.0,1838.5,101.4,-22.4,-4.6,,,,
25.913,8,Atta_8,270.3,2512.6,106.9,-35.1,-2.7,,,,
25.913,9,Atta_9,1649.3,1984.6,351.1,29.5,3.2,,,,
25.913,10,Atta_10,382.0,2647.0,338.7,36.8,-0.1,,,,
25.981,1,Atta_1,520.8,398.7,335.0,-33.9,-0.3,,,,
25.981,2,Atta_2,60.2,513.7,31.9,-66.9,0.3,,,,
25.981,3,Atta_3,1158.8,1630.1,310.2,-102.9,-2.5,,,,
25.981,4,Atta_4,501.8,1055.1,350.1,92.6,3.0,,,,
25.981,5,Atta_5,138.4,922.0,154.4,-33.9,1.5,,,,
25.981,6,Atta_6,121.0,1314.8,230.5,20.4,-0.1,,,,
25.981,7,Atta_7,80.0,1811.0,100.9,-31.3,-0.5,,,,
25.981,8,Atta_8,205.9,2556.4,106.5,77.9,-0.4,,,,
25.981,9,Atta_9,1593.7,2028.1,349.6,-70.6,-1.5,,,,
25.981,10,Atta_10,373.8,2567.2,338.5,80.2,-0.2,,,,
26.047,1,Atta_1,514.3,380.1,336.1,19.7,1.1,,,,
26.047,2,Atta_2,135.5,500.8,29.5,76.4,-2.4,,,,
26.047,3,Atta_3,1142.4,1606.9,310.6,28.4,0.4,,,,
26.047,4,Atta_4,471.3,1050.7,343.2,-30.8,-6.9,,,,
26.047,5,Atta_5,113.4,925.5,151.7,25.2,-2.7,,,,
26.047,6,Atta_6,75.8,1279.3,230.7,57.5,0.2,,,,
26.047,7,Atta_7,62.0,1846.6,101.9,39.9,1.0,,,,
26.047,8,Atta_8,246.7,2550.1,104.9,-41.3,-1.6,,,,
26.047,9,Atta_9,1744.5,2019.6,353.7,151.0,4.1,,,,
26.047,10,Atta_10,383.2,2667.2,339.2,-100.4,0.7,,,,
26.116,1,Atta_1,519.5,357.2,333.4,23.5,-2.7,,,,
26.116,2,Atta_2,137.6,529.3,24.5,28.6,-5.0,,,,
26.116,3,Atta_3,1217.7,1593.9,316.7,76.4,6.1,,,,
26.116,4,Atta_4,485.0,1029.6,347.2,25.2,4.0,,,,
26.116,5,Atta_5,113.8,883.2,150.4,-42.3,-1.3,,,,
26.116,6,Atta_6,139.6,1299.4,229.8,-66.9,-0.9,,,,
26.116,7,Atta_7,90.5,1860.8,103.0,31.8,1.1,,,,
26.116,8,Atta_8,242.3,2603.0,106.0,53.1,1.1,,,,
26.116,9,Atta_9,1641.8,1996.6,346.3,-105.2,-7.4,,,,
26.116,10,Atta_10,389.6,2665.8,338.0,6.6,-1.2,,,,
26.182,1,Atta_1,579.8,372.2,332.4,62.1,-1.0,,,,
26.182,2,Atta_2,65.3,500.0,25.3,-78.0,0.8,,,,
26.182,3,Atta_3,1126.1,1593.3,313.8,-91.6,-2.9,,,,
26.182,4,Atta_4,495.2,1038.3,346.0,13.4,-1.2,,,,
26.182,5,Atta_5,116.4,971.3,144.6,88.1,-5.8,,,,
26.182,6,Atta_6,89.7,1308.2,226.7,50.7,-3.1,,,,
26.182,7,Atta_7,99.5,1924.4,101.7,64.2,-1.3,,,,
26.182,8,Atta_8,278.5,2560.2,107.9,-56.1,1.9,,,,
26.182,9,Atta_9,1667.9,1979.8,350.2,31.0,3.9,,,,
26.182,10,Atta_10,394.9,2646.7,337.7,19.8,-0.3,,,,
26.247,1,Atta_1,552.6,364.3,334.1,-28.3,1.7,,,,
26.247,2,Atta_2,93.9,501.6,19.5,28.6,-5.8,,,,
26.247,3,Atta_3,1197.1,1546.1,311.1,85.3,-2.7,,,,
26.247,4,Atta_4,558.0,1070.0,345.9,70.3,-0.1,,,,
26.247,5,Atta_5,171.8,908.1,147.3,-84.0,2.7,,,,
26.247,6,Atta_6,76.8,1285.0,225.7,26.5,-1.0,,,,
26.247,7,Atta_7,68.2,1833.3,104.0,-96.3,2.3,,,,
26.247,8,Atta_8,250.8,2615.0,106.9,61.4,-1.0,,,,
26.247,9,Atta_9,1643.5,2011.4,350.4,-39.9,0.2,,,,
26.247,10,Atta_10,410.3,2619.2,337.1,31.5,-0.6,,,,
26.388,1,Atta_1,534.3,377.8,334.6,-22.7,0.5,,,,
26.388,2,Atta_2,146.4,465.4,6.7,63.8,-12.8,,,,
26.388,3,Atta_3,1221.3,1578.4,314.6,-40.4,3.5,,,,
26.388,4,Atta_4,574.4,1043.4,344.6,31.2,-1.3,,,,
26.388,5,Atta_5,109.1,915.4,148.7,63.1,1.4,,,,
26.388,6,Atta_6,115.0,1305.1,227.2,-43.2,1.5,,,,
26.388,7,Atta_7,86.2,1900.7,105.2,69.8,1.2,,,,
26.388,8,Atta_8,227.7,2614.4,102.0,23.1,-4.9,,,,
26.388,9,Atta_9,1702.8,2074.5,350.5,86.6,0.1,,,,
26.388,10,Atta_10,393.0,2592.1,337.8,-32.2,0.7,,,,
26.453,1,Atta_1,637.6,360.1,335.8,104.8,1.2,,,,
26.453,2,Atta_2,144.6,511.4,3.7,46.0,-3.0,,,,
26.453,3,Atta_3,1215.7,1557.4,311.9,21.7,-2.7,,,,
26.453,4,Atta_4,601.0,989.6,345.7,60.0,1.1,,,,
26.453,5,Atta_5,138.1,891.0,151.5,-37.9,2.8,,,,
26.453,6,Atta_6,123.9,1318.9,224.7,-16.4,-2.5,,,,
26.453,7,Atta_7,73.3,1898.9,102.8,13.0,-2.4,,,,
26.453,8,Atta_8,209.4,2584.8,98.9,-34.8,-3.1,,,,
26.453,9,Atta_9,1700.6,1986.5,352.3,88.0,1.8,,,,
26.453,10,Atta_10,463.1,2617.5,337.6,74.6,-0.2,,,,
26.52,1,Atta_1,600.9,348.0,336.0,-38.6,0.2,,,,
26.52,2,Atta_2,98.2,506.8,1.9,-46.6,-1.8,,,,
26.52,3,Atta_3,1187.6,1588.3,314.2,-41.8,2.3,,,,
26.52,4,Atta_4,591.4,1042.7,343.3,-54.0,-2.4,,,,
26.52,5,Atta_5,161.6,903.6,150.8,-26.7,-0.7,,,,
26.52,6,Atta_6,139.0,1372.5,227.2,-55.7,2.5,,,,
26.52,7,Atta_7,62.4,1875.9,106.8,-25.5,4.0,,,,
26.52,8,Atta_8,260.7,2644.8,96.6,78.9,-2.3,,,,
26.52,9,Atta_9,1654.6,2036.7,346.3,-68.1,-6.0,,,,
26.52,10,Atta_10,480.0,2614.6,337.4,17.1,-0.2,,,,
26.659,1,Atta_1,670.2,288.5,334.9,91.3,-1.1,,,,
26.659,2,Atta_2,117.4,539.0,354.8,37.5,-7.1,,,,
26.659,3,Atta_3,1245.4,1521.0,314.4,88.7,0.2,,,,
26.659,4,Atta_4,538.1,1027.5,349.4,-55.4,6.1,,,,
26.659,5,Atta_5,122.7,832.7,140.5,-80.9,-10.3,,,,
26.659,6,Atta_6,113.6,1359.2,234.3,28.7,7.1,,,,
26.659,7,Atta_7,53.3,1822.0,104.0,-54.7,-2.8,,,,
26.659,8,Atta_8,207.5,2672.6,90.3,60.0,-6.3,,,,
26.659,9,Atta_9,1754.9,1973.5,349.7,118.6,3.4,,,,
26.659,10,Atta_10,434.2,2619.6,334.3,-46.1,-3.1,,,,
26.728,1,Atta_1,589.7,368.4,333.0,-113.4,-1.9,,,,
26.728,2,Atta_2,104.4,572.4,348.1,-35.8,-6.7,,,,
26.728,3,Atta_3,1223.0,1572.1,313.4,-55.8,-1.0,,,,
26.728,4,Atta_4,582.4,1028.8,345.2,44.3,-4.2,,,,
26.728,5,Atta_5,147.9,883.9,138.6,57.1,-1.9,,,,
26.728,6,Atta_6,134.8,1320.0,236.5,44.6,2.2,,,,
26.728,7,Atta_7,102.1,1795.4,103.0,-55.6,-1.0,,,,
26.728,8,Atta_8,220.8,2570.7,79.5,-102.8,-10.8,,,,
26.728,9,Atta_9,1767.4,1976.2,351.0,12.8,1.3,,,,
26.728,10,Atta_10,435.5,2660.0,324.5,-40.4,-9.8,,,,
26.795,1,Atta_1,635.7,296.8,335.3,85.1,2.3,,,,
26.795,2,Atta_2,63.1,508.2,344.9,-76.3,-3.2,,,,
26.795,3,Atta_3,1237.1,1564.7,311.6,15.9,-1.8,,,,
26.795,4,Atta_4,620.1,998.2,345.8,48.6,0.6,,,,
26.795,5,Atta_5,173.0,940.3,129.7,61.7,-8.9,,,,
26.795,6,Atta_6,135.3,1380.7,244.0,-60.7,7.5,,,,
26.795,7,Atta_7,115.1,1828.3,106.3,35.4,3.3,,,,
26.795,8,Atta_8,260.8,2640.9,80.2,80.8,0.7,,,,
26.795,9,Atta_9,1778.7,2025.2,349.6,50.3,-1.4,,,,
26.795,10,Atta_10,497.7,2628.1,324.0,69.9,-0.5,,,,
26.927,1,Atta_1,663.9,315.9,335.6,34.1,0.3,,,,
26.927,2,Atta_2,87.2,490.7,338.5,29.8,-6.4,,,,
26.927,3,Atta_3,1280.1,1506.8,310.6,72.1,-1.0,,,,
26.927,4,Atta_4,594.2,960.9,346.2,-45.4,0.4,,,,
26.927,5,Atta_5,131.8,895.7,127.9,-60.7,-1.8,,,,
26.927,6,Atta_6,185.2,1372.4,246.7,-50.6,2.7,,,,
26.927,7,Atta_7,71.2,1858.4,102.6,53.2,-3.7,,,,
26.927,8,Atta_8,194.3,2616.9,83.5,-70.7,3.3,,,,
26.927,9,Atta_9,1805.6,2012.7,351.6,29.7,2.0,,,,
26.927,10,Atta_10,421.9,2619.6,316.6,-76.3,-7.4,,,,
26.997,1,Atta_1,739.1,369.6,331.4,92.4,-4.2,,,,
26.997,2,Atta_2,142.1,473.5,332.8,57.5,-5.7,,,,
26.997,3,Atta_3,1273.2,1452.9,309.8,54.3,-0.8,,,,
26.997,4,Atta_4,652.3,1060.8,343.2,115.6,-3.0,,,,
26.997,5,Atta_5,155.1,837.7,119.2,-62.5,-8.7,,,,
26.997,6,Atta_6,129.6,1335.6,256.2,66.7,9.5,,,,
26.997,7,Atta_7,112.0,1838.1,94.9,-45.6,-7.7,,,,
26.997,8,Atta_8,281.9,2601.9,82.2,-88.9,-1.3,,,,
26.997,9,Atta_9,1868.0,1944.6,348.0,92.4,-3.6,,,,
26.997,10,Atta_10,443.0,2633.5,307.1,25.3,-9.5,,,,
27.065,1,Atta_1,685.6,366.5,335.3,-53.6,3.9,,,,
27.065,2,Atta_2,91.0,539.3,329.2,-83.3,-3.6,,,,
27.065,3,Atta_3,1268.2,1502.6,311.9,-50.0,2.1,,,,
27.065,4,Atta_4,648.7,963.5,344.2,97.4,1.0,,,,
27.065,5,Atta_5,120.0,855.1,117.2,39.2,-2.0,,,,
27.065,6,Atta_6,118.6,1346.6,260.9,-15.6,4.7,,,,
27.065,7,Atta_7,84.5,1824.9,88.6,-30.5,-6.3,,,,
27.065,8,Atta_8,222.2,2593.7,81.9,-60.3,-0.3,,,,
27.065,9,Atta_9,1834.9,2010.9,350.7,-74.1,2.7,,,,
27.065,10,Atta_10,494.6,2641.2,301.2,52.2,-5.9,,,,
27.195,1,Atta_1,714.1,308.6,340.4,64.5,5.1,,,,
27.195,2,Atta_2,133.2,533.2,337.1,42.6,7.9,,,,
27.195,3,Atta_3,1303.5,1529.3,311.5,44.3,-0.4,,,,
27.195,4,Atta_4,686.3,1049.6,345.3,94.0,1.1,,,,
27.195,5,Atta_5,139.2,879.6,109.1,31.1,-8.1,,,,
27.195,6,Atta_6,162.2,1307.7,263.5,58.4,2.6,,,,
27.195,7,Atta_7,9.4,1806.9,86.5,-77.2,-2.1,,,,
27.195,8,Atta_8,195.2,2657.7,84.1,69.5,2.2,,,,
27.195,9,Atta_9,1784.5,2009.0,353.2,-50.4,2.5,,,,
27.195,10,Atta_10,461.1,2594.6,305.4,57.4,4.2,,,,
27.261,1,Atta_1,722.6,269.2,340.6,40.3,0.2,,,,
27.261,2,Atta_2,105.7,486.8,330.2,-53.9,-6.9,,,,
27.261,3,Atta_3,1275.0,1422.8,317.9,110.2,6.4,,,,
27.261,4,Atta_4,693.1,988.4,346.2,61.6,0.9,,,,
27.261,5,Atta_5,179.3,850.1,102.3,-49.8,-6.8,,,,
27.261,6,Atta_6,151.4,1288.3,274.2,22.2,10.7,,,,
27.261,7,Atta_7,43.3,1859.2,76.3,62.3,-10.2,,,,
27.261,8,Atta_8,295.1,2656.7,80.4,99.9,-3.7,,,,
27.261,9,Atta_9,1823.5,1978.0,349.2,49.8,-4.0,,,,
27.261,10,Atta_10,486.6,2657.9,289.5,-68.2,-15.9,,,,
27.33,1,Atta_1,763.7,312.5,335.2,59.7,-5.4,,,,
27.33,2,Atta_2,116.0,498.0,333.7,15.2,3.5,,,,
27.33,3,Atta_3,1271.5,1437.0,316.6,-14.6,-1.3,,,,
27.33,4,Atta_4,700.3,1016.6,342.6,29.1,-3.6,,,,
27.33,5,Atta_5,188.8,885.6,97.0,36.7,-5.3,,,,
27.33,6,Atta_6,198.8,1392.3,279.7,-114.3,5.5,,,,
27.33,7,Atta_7,98.8,1810.7,72.8,-73.7,-3.5,,,,
27.33,8,Atta_8,224.5,2623.3,81.3,-78.1,0.9,,,,
27.33,9,Atta_9,1798.3,1968.5,349.7,-26.9,0.5,,,,
27.33,10,Atta_10,473.8,2636.3,286.2,25.1,-3.3,,,,
27.462,1,Atta_1,768.4,253.7,336.6,59.0,1.4,,,,
27.462,2,Atta_2,118.1,544.4,325.9,-46.4,-7.8,,,,
27.462,3,Atta_3,1307.6,1411.0,311.5,44.5,-5.1,,,,
27.462,4,Atta_4,720.3,964.6,341.5,55.7,-1.1,,,,
27.462,5,Atta_5,185.5,829.5,93.8,-56.2,-3.2,,,,
27.462,6,Atta_6,113.3,1363.7,287.4,90.2,7.7,,,,
27.462,7,Atta_7,113.7,1795.9,71.4,-21.0,-1.4,,,,
27.462,8,Atta_8,217.6,2698.0,79.7,75.0,-1.6,,,,
27.462,9,Atta_9,1895.0,1953.7,348.8,97.8,-0.9,,,,
27.462,10,Atta_10,445.6,2657.5,283.4,-35.3,-2.8,,,,
27.529,1,Atta_1,779.0,263.6,337.8,14.5,1.2,,,,
27.529,2,Atta_2,189.4,483.5,332.4,93.8,6.5,,,,
27.529,3,Atta_3,1297.3,1427.7,315.0,-19.6,3.5,,,,
27.529,4,Atta_4,702.0,970.9,346.6,-19.4,5.1,,,,
27.529,5,Atta_5,147.4,929.6,92.6,107.1,-1.2,,,,
27.529,6,Atta_6,159.0,1334.0,281.9,54.5,-5.5,,,,
27.529,7,Atta_7,126.1,1816.2,61.3,23.8,-10.1,,,,
27.529,8,Atta_8,207.7,2664.1,81.1,-35.3,1.4,,,,
27.529,9,Atta_9,1821.3,2019.6,349.3,-98.9,0.5,,,,
27.529,10,Atta_10,473.3,2642.4,276.6,31.5,-6.8,,,,
27.582,1,Atta_1,745.6,261.9,334.5,-33.4,-3.3,,,,
27.582,2,Atta_2,179.2,467.4,331.3,-19.1,-1.1,,,,
27.582,3,Atta_3,1323.4,1401.9,315.3,36.7,0.3,,,,
27.582,4,Atta_4,781.3,943.7,345.9,83.8,-0.7,,,,
27.582,5,Atta_5,158.1,907.0,91.5,-25.0,-1.1,,,,
27.582,6,Atta_6,230.0,1318.8,284.0,72.6,2.1,,,,
27.582,7,Atta_7,79.2,1816.0,58.9,-46.9,-2.4,,,,
27.582,8,Atta_8,192.3,2714.4,80.3,52.6,-0.8,,,,
27.582,9,Atta_9,1839.5,1969.3,344.4,53.5,-4.9,,,,
27.582,10,Atta_10,475.1,2592.8,274.7,49.6,-1.9,,,,
27.651,1,Atta_1,799.0,313.0,341.4,73.9,6.9,,,,
27.651,2,Atta_2,171.2,467.5,332.7,-8.0,1.4,,,,
27.651,3,Atta_3,1325.2,1379.7,314.7,22.3,-0.6,,,,
27.651,4,Atta_4,713.9,990.8,344.5,-82.2,-1.4,,,,
27.651,5,Atta_5,166.6,895.0,91.2,-14.7,-0.3,,,,
27.651,6,Atta_6,132.5,1357.8,279.4,-105.0,-4.6,,,,
27.651,7,Atta_7,95.0,1766.7,52.9,-51.8,-6.0,,,,
27.651,8,Atta_8,252.8,2704.6,84.8,61.3,4.5,,,,
27.651,9,Atta_9,1823.2,2001.9,347.7,-36.4,3.3,,,,
27.651,10,Atta_10,449.8,2633.6,271.5,-48.0,-3.2,,,,
27.719,1,Atta_1,748.8,290.4,340.7,-55.1,-0.7,,,,
27.719,2,Atta_2,147.3,500.0,332.8,-40.3,0.1,,,,
27.719,3,Atta_3,1311.9,1368.5,312.6,-17.4,-2.1,,,,
27.719,4,Atta_4,780.8,1012.2,346.6,70.2,2.1,,,,
27.719,5,Atta_5,149.8,867.1,89.6,-32.6,-1.6,,,,
27.719,6,Atta_6,153.5,1324.7,281.8,39.2,2.4,,,,
27.719,7,Atta_7,98.1,1819.9,51.4,53.3,-1.5,,,,
27.719,8,Atta_8,254.0,2620.6,80.4,-84.0,-4.4,,,,
27.719,9,Atta_9,1856.9,2030.8,349.6,44.4,1.9,,,,
27.719,10,Atta_10,443.3,2624.4,264.6,11.3,-6.9,,,,
27.788,1,Atta_1,838.6,280.9,336.7,90.3,-4.0,,,,
27.788,2,Atta_2,156.5,495.3,333.8,10.3,1.0,,,,
27.788,3,Atta_3,1371.8,1401.4,313.2,68.3,0.6,,,,
27.788,4,Atta_4,761.2,947.7,344.4,-67.4,-2.2,,,,
27.788,5,Atta_5,178.5,843.8,94.9,-37.0,5.3,,,,
27.788,6,Atta_6,124.2,1291.1,283.8,44.6,2.0,,,,
27.788,7,Atta_7,44.7,1755.3,44.2,-83.8,-7.2,,,,
27.788,8,Atta_8,313.1,2665.6,81.3,74.3,0.9,,,,
27.788,9,Atta_9,1817.6,1970.0,353.1,-72.4,3.5,,,,
27.788,10,Atta_10,391.0,2585.2,253.9,65.4,-10.7,,,,
27.854,1,Atta_1,872.2,219.0,338.3,70.4,1.6,,,,
27.854,2,Atta_2,237.3,491.2,333.5,80.9,-0.3,,,,
27.854,3,Atta_3,1293.7,1399.9,313.9,-78.1,0.7,,,,
27.854,4,Atta_4,812.6,1010.6,343.1,81.2,-1.3,,,,
27.854,5,Atta_5,154.2,877.1,92.7,41.2,-2.2,,,,
27.854,6,Atta_6,173.4,1299.0,283.3,49.8,-0.5,,,,
27.854,7,Atta_7,95.9,1856.7,45.3,113.6,1.1,,,,
27.854,8,Atta_8,220.3,2639.1,78.4,-96.5,-2.9,,,,
27.854,9,Atta_9,1808.8,1952.5,346.9,-19.6,-6.2,,,,
27.854,10,Atta_10,442.4,2572.1,258.2,-53.0,4.3,,,,
27.923,1,Atta_1,786.5,268.5,338.0,-99.0,-0.3,,,,
27.923,2,Atta_2,254.6,438.3,328.9,55.7,-4.6,,,,
27.923,3,Atta_3,1331.5,1363.1,312.7,52.8,-1.2,,,,
27.923,4,Atta_4,806.4,955.6,345.8,55.3,2.7,,,,
27.923,5,Atta_5,207.0,904.2,87.9,59.3,-4.8,,,,
27.923,6,Atta_6,160.9,1281.8,283.6,21.3,0.3,,,,
27.923,7,Atta_7,58.9,1823.1,49.0,-50.0,3.7,,,,
27.923,8,Atta_8,253.6,2654.8,80.6,36.8,2.2,,,,
27.923,9,Atta_9,1813.8,1953.9,351.0,5.2,4.1,,,,
27.923,10,Atta_10,491.1,2615.9,252.4,-65.5,-5.8,,,,
27.989,1,Atta_1,812.8,230.2,334.9,46.5,-3.1,,,,
27.989,2,Atta_2,232.5,467.3,333.4,-36.5,4.5,,,,
27.989,3,Atta_3,1378.4,1312.8,318.1,68.8,5.4,,,,
27.989,4,Atta_4,797.5,1023.9,343.9,-68.9,-1.9,,,,
27.989,5,Atta_5,168.5,950.8,93.1,60.4,5.2,,,,
27.989,6,Atta_6,157.3,1307.3,285.0,-25.8,1.4,,,,
27.989,7,Atta_7,75.0,1801.1,49.8,-27.3,0.8,,,,
27.989,8,Atta_8,238.7,2696.4,82.9,44.2,2.3,,,,
27.989,9,Atta_9,1734.6,2025.7,342.0,-106.9,-9.0,,,,
27.989,10,Atta_10,450.1,2642.3,248.3,-48.8,-4.1,,,,
28.056,1,Atta_1,836.6,275.1,331.5,50.8,-3.4,,,,
28.056,2,Atta_2,174.7,433.6,334.3,-66.9,0.9,,,,
28.056,3,Atta_3,1342.5,1390.4,314.0,-85.5,-4.1,,,,
28.056,4,Atta_4,820.7,963.5,342.0,64.7,-1.9,,,,
28.056,6,Atta_6,197.1,1307.2,284.1,39.8,-0.9,,,,
28.056,7,Atta_7,96.4,1797.5,48.8,21.7,-1.0,,,,
28.056,8,Atta_8,231.6,2657.0,77.7,-40.0,-5.2,,,,
28.056,9,Atta_9,1790.0,2065.6,343.2,68.3,1.2,,,,
28.056,10,Atta_10,453.6,2598.5,240.9,43.9,-7.4,,,,
28.124,1,Atta_1,864.8,267.0,338.3,29.3,6.8,,,,
28.124,2,Atta_2,243.9,480.9,331.3,83.8,-3.0,,,,
28.124,3,Atta_3,1387.3,1361.6,311.3,53.3,-2.7,,,,
28.124,4,Atta_4,814.1,952.3,342.8,-13.0,0.8,,,,
28.124,5,Atta_5,185.0,954.4,92.8,16.9,-0.3,,,,
28.124,6,Atta_6,144.7,1321.8,283.0,-54.4,-1.1,,,,
28.124,7,Atta_7,31.9,1799.1,48.1,-64.5,-0.7,,,,
28.124,8,Atta_8,223.1,2667.0,84.9,13.1,7.2,,,,
28.124,9,Atta_9,1824.4,1919.7,334.0,149.9,-9.2,,,,
28.124,10,Atta_10,451.4,2668.0,237.7,-69.5,-3.2,,,,
28.192,1,Atta_1,836.3,229.1,337.7,-47.4,-0.6,,,,
28.192,2,Atta_2,259.9,423.9,330.5,59.2,-0.8,,,,
28.192,3,Atta_3,1394.3,1345.1,314.7,17.9,3.4,,,,
28.192,4,Atta_4,850.6,936.9,344.6,39.6,1.8,,,,
28.192,5,Atta_5,95.7,957.8,91.1,89.4,-1.7,,,,
28.192,6,Atta_6,180.7,1262.3,283.1,69.5,0.1,,,,
28.192,7,Atta_7,107.1,1838.5,50.4,84.9,2.3,,,,
28.192,8,Atta_8,200.8,2624.9,75.9,-47.6,-9.0,,,,
28.192,9,Atta_9,1782.5,2030.4,328.3,-118.4,-5.7,,,,
28.192,10,Atta_10,452.3,2616.2,231.8,51.8,-5.9,,,,
28.262,1,Atta_1,842.8,286.5,337.0,-57.8,-0.7,,,,
28.262,2,Atta_2,254.8,409.9,329.3,14.9,-1.2,,,,
28.262,3,Atta_3,1405.7,1278.6,312.9,67.5,-1.8,,,,
28.262,4,Atta_4,819.9,964.5,345.5,-41.3,0.9,,,,
28.262,5,Atta_5,175.4,960.7,89.6,79.8,-1.5,,,,
28.262,6,Atta_6,172.1,1229.5,282.2,33.9,-0.9,,,,
28.262,7,Atta_7,84.6,1820.2,49.5,-29.0,-0.9,,,,
28.262,8,Atta_8,216.8,2651.3,67.2,30.9,-8.7,,,,
28.262,9,Atta_9,1773.7,2049.6,328.6,-21.1,0.3,,,,
28.262,10,Atta_10,497.7,2608.2,228.8,-46.1,-3.0,,,,
28.323,1,Atta_1,885.4,226.9,333.7,73.3,-3.3,,,,
28.323,2,Atta_2,204.1,505.9,331.6,-108.6,2.3,,,,
28.323,3,Atta_3,1443.1,1375.6,313.9,-104.0,1.0,,,,
28.323,4,Atta_4,852.8,973.3,343.1,34.1,-2.4,,,,
28.323,5,Atta_5,184.1,900.3,92.6,-61.0,3.0,,,,
28.323,6,Atta_6,166.8,1327.6,284.9,-98.2,2.7,,,,
28.323,7,Atta_7,124.5,1881.8,51.2,73.4,1.7,,,,
28.323,8,Atta_8,218.4,2643.4,66.7,-8.1,-0.5,,,,
28.323,9,Atta_9,1806.1,1979.1,324.4,77.6,-4.2,,,,
28.323,10,Atta_10,412.9,2581.9,221.8,88.8,-7.0,,,,
28.389,1,Atta_1,977.0,212.3,337.8,92.8,4.1,,,,
28.389,2,Atta_2,280.5,389.1,331.8,139.6,0.2,,,,
28.389,3,Atta_3,1378.8,1290.8,312.4,106.4,-1.5,,,,
28.389,4,Atta_4,874.8,932.3,344.3,46.5,1.2,,,,
28.389,5,Atta_5,140.2,935.3,93.4,56.1,0.8,,,,
28.389,6,Atta_6,180.4,1229.5,283.5,99.0,-1.4,,,,
28.389,7,Atta_7,141.0,1844.2,45.9,-41.1,-5.3,,,,
28.389,8,Atta_8,264.5,2606.3,62.8,-59.2,-3.9,,,,
28.389,9,Atta_9,1812.7,2050.2,318.2,-71.4,-6.2,,,,
28.389,10,Atta_10,462.1,2604.9,222.3,-54.3,0.5,,,,
28.458,1,Atta_1,928.6,247.3,337.4,-59.7,-0.4,,,,
28.458,2,Atta_2,330.0,434.6,333.5,67.2,1.7,,,,
28.458,3,Atta_3,1440.5,1336.5,309.5,76.8,-2.9,,,,
28.458,4,Atta_4,869.6,941.5,348.2,-10.6,3.9,,,,
28.458,5,Atta_5,138.8,1035.6,92.4,100.3,-1.0,,,,
28.458,6,Atta_6,147.0,1264.8,286.6,-48.6,3.1,,,,
28.458,7,Atta_7,121.2,1843.7,48.8,-19.8,2.9,,,,
28.458,8,Atta_8,241.2,2664.7,59.6,62.9,-3.2,,,,
28.458,9,Atta_9,1796.8,1987.9,314.5,64.3,-3.7,,,,
28.458,10,Atta_10,473.1,2643.6,212.1,-40.2,-10.2,,,,
28.527,1,Atta_1,868.5,257.0,341.3,-60.9,3.9,,,,
28.527,2,Atta_2,306.6,402.0,332.6,-40.1,-0.9,,,,
28.527,3,Atta_3,1412.8,1292.5,315.9,52.0,6.4,,,,
28.527,4,Atta_4,908.6,908.1,342.9,51.3,-5.3,,,,
28.527,5,Atta_5,159.5,997.5,90.0,-43.4,-2.4,,,,
28.527,6,Atta_6,141.9,1244.1,280.4,21.3,-6.2,,,,
28.527,7,Atta_7,92.6,1827.4,46.2,-32.9,-2.6,,,,
28.527,8,Atta_8,243.2,2619.2,48.3,-45.5,-11.3,,,,
28.527,9,Atta_9,1771.0,1979.3,310.0,-27.2,-4.5,,,,
28.527,10,Atta_10,463.4,2569.3,208.5,74.9,-3.6,,,,
28.595,1,Atta_1,933.9,222.8,335.2,73.8,-6.1,,,,
28.595,2,Atta_2,329.1,374.3,331.6,35.7,-1.0,,,,
28.595,3,Atta_3,1422.3,1366.4,308.8,-74.5,-7.1,,,,
28.595,4,Atta_4,876.7,926.1,344.9,-36.6,2.0,,,,
28.595,5,Atta_5,129.3,956.4,94.5,-51.0,4.5,,,,
28.595,6,Atta_6,153.0,1209.4,274.5,36.4,-5.9,,,,
28.595,7,Atta_7,159.0,1900.8,48.2,99.0,2.0,,,,
28.595,8,Atta_8,263.8,2565.4,48.9,-57.6,0.6,,,,
28.595,9,Atta_9,1826.7,1980.8,304.3,55.7,-5.7,,,,
28.595,10,Atta_10,483.2,2606.3,205.5,-42.0,-3.0,,,,
28.657,1,Atta_1,914.0,236.0,336.9,-23.9,1.7,,,,
28.657,2,Atta_2,362.8,417.7,329.9,54.9,-1.7,,,,
28.657,3,Atta_3,1393.1,1286.0,312.3,85.5,3.5,,,,
28.657,4,Atta_4,899.3,963.5,345.2,43.7,0.3,,,,
28.657,5,Atta_5,195.3,928.6,100.7,-71.6,6.2,,,,
28.657,6,Atta_6,162.8,1246.8,273.2,-38.7,-1.3,,,,
28.657,7,Atta_7,154.6,1845.4,48.6,-55.6,0.4,,,,
28.657,8,Atta_8,227.6,2629.8,43.8,73.9,-5.1,,,,
28.657,9,Atta_9,1771.9,1987.1,299.1,-55.2,-5.2,,,,
28.657,10,Atta_10,452.2,2658.3,199.7,60.5,-5.8,,,,
28.726,1,Atta_1,978.2,223.9,338.8,65.3,1.9,,,,
28.726,2,Atta_2,300.7,429.9,329.0,-63.3,-0.9,,,,
28.726,3,Atta_3,1463.1,1266.8,314.3,72.6,2.0,,,,
28.726,4,Atta_4,905.9,887.6,345.1,76.2,-0.1,,,,
28.726,5,Atta_5,193.4,1019.0,105.1,90.4,4.4,,,,
28.726,6,Atta_6,171.4,1236.8,270.0,13.2,-3.2,,,,
28.726,7,Atta_7,140.1,1863.4,49.2,23.1,0.6,,,,
28.726,8,Atta_8,155.9,2640.6,42.5,-72.5,-1.3,,,,
28.726,9,Atta_9,1786.3,1996.2,295.9,-17.0,-3.2,,,,
28.726,10,Atta_10,497.3,2649.2,201.0,-46.0,1.3,,,,
28.793,1,Atta_1,944.6,186.1,335.5,-50.6,-3.3,,,,
28.793,2,Atta_2,257.1,408.6,332.3,-48.5,3.3,,,,
28.793,3,Atta_3,1471.1,1285.1,319.3,-20.0,5.0,,,,
28.793,4,Atta_4,960.0,925.5,342.9,66.1,-2.2,,,,
28.793,5,Atta_5,114.7,1008.1,110.4,79.5,5.3,,,,
28.793,6,Atta_6,195.2,1280.2,265.0,-49.5,-5.0,,,,
28.793,7,Atta_7,156.1,1910.3,46.9,49.6,-2.3,,,,
28.793,8,Atta_8,172.6,2603.6,37.8,-40.6,-4.7,,,,
28.793,9,Atta_9,1851.3,1932.8,291.7,90.8,-4.2,,,,
28.793,10,Atta_10,470.3,2606.1,189.6,50.9,-11.4,,,,
28.859,1,Atta_1,954.1,219.6,340.6,-34.8,5.1,,,,
28.859,2,Atta_2,340.3,409.2,329.1,83.2,-3.2,,,,
28.859,3,Atta_3,1445.4,1313.7,312.8,-38.5,-6.5,,,,
28.859,4,Atta_4,889.2,951.0,344.3,-75.3,1.4,,,,
28.859,5,Atta_5,247.9,996.5,114.5,-133.7,4.1,,,,
28.859,6,Atta_6,201.7,1213.0,259.1,67.5,-5.9,,,,
28.859,7,Atta_7,200.4,1884.0,42.1,51.5,-4.8,,,,
28.859,8,Atta_8,246.7,2652.3,29.1,88.7,-8.7,,,,
28.859,9,Atta_9,1790.8,2022.2,296.4,-107.9,4.7,,,,
28.859,10,Atta_10,514.7,2632.0,187.0,-51.4,-2.6,,,,
28.927,1,Atta_1,988.2,217.1,339.3,34.2,-1.3,,,,
28.927,2,Atta_2,380.7,386.3,329.1,46.4,0.0,,,,
28.927,3,Atta_3,1440.1,1283.9,316.3,30.3,3.5,,,,
28.927,4,Atta_4,971.2,914.6,349.0,89.7,4.7,,,,
28.927,5,Atta_5,205.9,1033.0,115.9,55.6,1.4,,,,
28.927,6,Atta_6,183.9,1195.5,255.3,25.0,-3.8,,,,
28.927,7,Atta_7,117.9,1950.2,37.9,-105.8,-4.2,,,,
28.927,8,Atta_8,184.5,2672.7,26.5,-65.5,-2.6,,,,
28.927,9,Atta_9,1811.7,1986.7,293.2,41.2,-3.2,,,,
28.927,10,Atta_10,433.3,2578.9,180.6,97.2,-6.4,,,,
28.992,1,Atta_1,1038.3,158.9,338.3,76.8,-1.0,,,,
28.992,2,Atta_2,378.9,378.8,331.5,7.7,2.4,,,,
28.992,3,Atta_3,1450.9,1284.2,314.0,10.8,-2.3,,,,
28.992,4,Atta_4,995.0,987.1,345.9,76.3,-3.1,,,,
28.992,5,Atta_5,177.1,999.0,126.8,-44.6,10.9,,,,
28.992,6,Atta_6,157.4,1184.2,252.5,28.8,-2.8,,,,
28.992,7,Atta_7,144.5,1870.0,35.3,-84.5,-2.6,,,,
28.992,8,Atta_8,189.8,2642.2,22.9,-31.0,-3.6,,,,
28.992,9,Atta_9,1805.4,2005.5,291.6,-19.8,-1.6,,,,
28.992,10,Atta_10,526.7,2652.2,178.7,-118.7,-1.9,,,,
29.058,1,Atta_1,1036.6,193.6,340.3,-34.7,2.0,,,,
29.058,2,Atta_2,343.1,394.8,327.9,-39.2,-3.6,,,,
29.058,3,Atta_3,1446.5,1274.6,312.3,10.6,-1.7,,,,
29.058,4,Atta_4,960.8,895.5,344.5,-97.8,-1.4,,,,
29.058,5,Atta_5,145.4,988.5,127.0,33.4,0.2,,,,
29.058,6,Atta_6,180.1,1228.0,248.1,-49.3,-4.4,,,,
29.058,7,Atta_7,207.2,1849.3,28.5,66.0,-6.8,,,,
29.058,8,Atta_8,227.9,2623.7,23.6,42.4,0.7,,,,
29.058,9,Atta_9,1819.0,1961.4,292.6,46.1,1.0,,,,
29.058,10,Atta_10,483.0,2591.3,169.7,75.0,-9.0,,,,
29.124,1,Atta_1,964.6,117.5,340.2,-104.8,-0.1,,,,
29.124,2,Atta_2,336.0,355.9,330.6,39.5,2.7,,,,
29.124,3,Atta_3,1489.4,1187.3,311.2,97.3,-1.1,,,,
29.124,4,Atta_4,1032.4,867.9,343.3,76.7,-1.2,,,,
29.124,5,Atta_5,186.6,1045.7,134.8,70.5,7.8,,,,
29.124,6,Atta_6,178.3,1201.6,241.5,26.5,-6.6,,,,
29.124,7,Atta_7,159.3,1858.0,24.8,-48.7,-3.7,,,,
29.124,8,Atta_8,262.0,2650.7,25.4,43.5,1.8,,,,
29.124,9,Atta_9,1786.2,2064.4,290.5,-108.1,-2.1,,,,
29.124,10,Atta_10,468.0,2614.1,171.6,27.3,1.9,,,,
29.177,1,Atta_1,1007.3,152.1,337.0,55.0,-3.2,,,,
29.177,2,Atta_2,400.0,391.5,331.5,73.2,0.9,,,,
29.177,4,Atta_4,941.6,922.6,345.6,-106.0,2.3,,,,
29.177,5,Atta_5,156.8,974.6,138.9,-77.1,4.1,,,,
29.177,6,Atta_6,157.2,1190.2,236.5,24.0,-5.0,,,,
29.177,7,Atta_7,196.5,1900.7,20.0,56.6,-4.8,,,,
29.177,8,Atta_8,229.9,2642.9,22.4,-33.0,-3.0,,,,
29.177,9,Atta_9,1773.6,1961.9,293.2,103.3,2.7,,,,
29.177,10,Atta_10,460.7,2560.0,167.2,-54.6,-4.4,,,,
29.309,1,Atta_1,1045.0,150.3,339.8,37.7,2.8,,,,
29.309,2,Atta_2,406.1,365.7,330.6,26.5,-0.9,,,,
29.309,3,Atta_3,1543.5,1280.1,311.5,-107.4,0.3,,,,
29.309,4,Atta_4,1074.1,923.4,346.5,132.5,0.9,,,,
29.309,5,Atta_5,146.4,1004.1,141.1,31.3,2.2,,,,
29.309,6,Atta_6,139.5,1163.3,227.3,32.2,-9.2,,,,
29.309,7,Atta_7,129.0,1895.4,10.0,-67.7,-10.0,,,,
29.309,8,Atta_8,234.4,2568.8,23.3,-74.2,0.9,,,,
29.309,9,Atta_9,1825.7,2002.8,293.2,-66.2,0.0,,,,
29.309,10,Atta_10,443.0,2621.5,163.5,64.0,-3.7,,,,
29.38,1,Atta_1,1056.9,120.4,334.7,32.2,-5.1,,,,
29.38,2,Atta_2,380.7,314.7,329.5,57.0,-1.1,,,,
29.38,3,Atta_3,1508.1,1200.1,311.7,87.5,0.2,,,,
29.38,4,Atta_4,1007.2,882.5,345.5,-78.4,-1.0,,,,
29.38,5,Atta_5,188.9,1009.8,146.4,-42.9,5.3,,,,
29.38,6,Atta_6,130.5,1188.6,227.0,-26.9,-0.3,,,,
29.38,7,Atta_7,83.6,1929.9,11.7,-57.0,1.7,,,,
29.38,8,Atta_8,252.6,2637.9,19.6,71.5,-3.7,,,,
29.38,9,Atta_9,1816.4,1942.3,296.2,61.2,3.0,,,,
29.38,10,Atta_10,439.1,2611.1,161.7,11.1,-1.8,,,,
29.443,1,Atta_1,1036.8,197.1,341.4,-79.3,6.7,,,,
29.443,2,Atta_2,400.1,366.9,332.2,-55.7,2.7,,,,
29.443,3,Atta_3,1499.7,1191.2,311.1,12.2,-0.6,,,,
29.443,4,Atta_4,1069.5,910.9,342.6,68.5,-2.9,,,,
29.443,5,Atta_5,139.4,945.9,149.0,80.8,2.6,,,,
29.443,6,Atta_6,158.6,1276.5,225.3,-92.3,-1.7,,,,
29.443,7,Atta_7,146.5,1907.2,6.9,66.9,-4.8,,,,
29.443,8,Atta_8,264.6,2613.8,23.2,26.9,3.6,,,,
29.443,9,Atta_9,1834.5,1983.1,288.3,-44.6,-7.9,,,,
29.443,10,Atta_10,502.4,2670.2,159.6,-86.6,-2.1,,,,
29.514,1,Atta_1,1044.5,225.6,341.7,-29.5,0.3,,,,
29.514,2,Atta_2,422.4,318.5,332.4,53.3,0.2,,,,
29.514,3,Atta_3,1547.1,1144.5,314.2,66.5,3.1,,,,
29.514,4,Atta_4,1033.1,883.6,353.2,-45.5,10.6,,,,
29.514,5,Atta_5,115.4,971.3,157.5,34.9,8.5,,,,
29.514,6,Atta_6,203.4,1245.6,209.4,-54.4,-15.9,,,,
29.514,7,Atta_7,195.7,1889.4,355.7,52.3,-11.2,,,,
29.514,8,Atta_8,287.4,2636.3,24.2,32.0,1.0,,,,
29.514,9,Atta_9,1849.5,1951.7,292.1,34.8,3.8,,,,
29.514,10,Atta_10,457.6,2655.4,162.9,47.2,3.3,,,,
29.648,1,Atta_1,1109.3,148.5,338.9,100.7,-2.8,,,,
29.648,2,Atta_2,432.0,387.2,328.5,-69.4,-3.9,,,,
29.648,3,Atta_3,1480.1,1131.4,311.2,-68.3,-3.0,,,,
29.648,4,Atta_4,1050.6,895.8,356.5,21.3,3.3,,,,
29.648,5,Atta_5,166.8,968.9,158.0,-51.5,0.5,,,,
29.648,6,Atta_6,198.6,1209.8,211.3,36.1,1.9,,,,
29.648,7,Atta_7,194.8,1895.4,353.4,-6.1,-2.3,,,,
29.648,8,Atta_8,270.7,2603.7,24.0,-36.6,-0.2,,,,
29.648,9,Atta_9,1834.8,1906.3,291.8,47.7,-0.3,,,,
29.648,10,Atta_10,451.9,2646.8,163.0,10.3,0.1,,,,
29.714,1,Atta_1,1098.1,192.5,342.8,-45.4,3.9,,,,
29.714,2,Atta_2,477.0,272.1,328.4,123.6,-0.1,,,,
29.714,3,Atta_3,1549.5,1150.9,314.1,72.1,2.9,,,,
29.714,4,Atta_4,1037.4,906.8,3.5,-17.2,7.0,,,,
29.714,5,Atta_5,170.6,1003.3,170.1,34.6,12.1,,,,
29.714,6,Atta_6,176.8,1189.8,208.5,29.6,-2.8,,,,
29.714,7,Atta_7,168.5,1910.0,347.6,-30.1,-5.8,,,,
29.714,8,Atta_8,281.7,2637.2,24.0,35.3,0.0,,,,
29.714,9,Atta_9,1877.3,1894.2,292.2,44.2,0.4,,,,
29.714,10,Atta_10,450.1,2599.0,166.5,-47.8,3.5,,,,
29.765,1,Atta_1,1108.0,112.3,342.4,80.8,-0.4,,,,
29.765,2,Atta_2,421.4,285.1,329.0,-57.1,0.6,,,,
29.765,3,Atta_3,1600.2,1154.3,312.2,50.8,-1.9,,,,
29.765,4,Atta_4,1061.9,892.0,6.3,28.6,2.8,,,,
29.765,5,Atta_5,190.2,1004.0,170.6,-19.6,0.5,,,,
29.765,6,Atta_6,146.3,1279.2,210.6,-94.5,2.1,,,,
29.765,7,Atta_7,153.3,1876.2,348.8,-37.1,1.2,,,,
29.765,8,Atta_8,372.3,2683.5,26.6,101.7,2.6,,,,
29.765,9,Atta_9,1854.8,1947.3,292.0,-57.7,-0.2,,,,
29.765,10,Atta_10,480.9,2652.5,169.4,-61.7,2.9,,,,
29.835,1,Atta_1,1118.2,104.7,343.3,12.7,0.9,,,,
29.835,2,Atta_2,496.0,274.1,331.1,75.4,2.1,,,,
29.835,3,Atta_3,1595.7,1120.4,314.5,34.2,2.3,,,,
29.835,4,Atta_4,1036.7,896.7,14.1,-25.6,7.8,,,,
29.835,5,Atta_5,222.6,1036.9,175.1,-46.2,4.5,,,,
29.835,6,Atta_6,184.9,1244.6,211.8,-51.8,1.2,,,,
29.835,7,Atta_7,178.9,1885.4,338.5,27.2,-10.3,,,,
29.835,8,Atta_8,310.4,2629.3,23.0,-82.3,-3.6,,,,
29.835,9,Atta_9,1868.5,1851.7,294.3,96.6,2.3,,,,
29.835,10,Atta_10,459.9,2602.4,173.4,54.3,4.0,,,,
29.906,1,Atta_1,1137.4,149.2,336.6,48.5,-6.7,,,,
29.906,2,Atta_2,488.6,310.7,326.9,-37.3,-4.2,,,,
29.906,3,Atta_3,1562.6,1126.0,310.3,-33.6,-4.2,,,,
29.906,4,Atta_4,1074.9,919.3,17.3,44.4,3.2,,,,
29.906,5,Atta_5,192.7,1012.9,174.0,38.3,-1.1,,,,
29.906,6,Atta_6,205.6,1230.1,212.4,-25.3,0.6,,,,
29.906,7,Atta_7,148.7,1877.0,335.5,-31.3,-3.0,,,,
29.906,8,Atta_8,372.2,2675.2,20.8,77.0,-2.2,,,,
29.906,9,Atta_9,1887.3,1906.9,296.3,-58.3,2.0,,,,
29.906,10,Atta_10,506.8,2650.0,182.9,-66.8,9.5,,,,
29.958,1,Atta_1,1122.6,124.9,338.4,-28.5,1.8,,,,
29.958,2,Atta_2,476.2,274.9,330.4,37.9,3.5,,,,
29.958,3,Atta_3,1577.0,1141.0,311.8,-20.8,1.5,,,,
29.958,4,Atta_4,1058.9,875.0,22.5,-47.1,5.2,,,,
29.958,5,Atta_5,186.1,984.1,182.1,29.5,8.1,,,,
29.958,6,Atta_6,189.5,1262.2,213.1,-35.9,0.7,,,,
29.958,7,Atta_7,142.4,1851.7,337.8,26.1,2.3,,,,
29.958,8,Atta_8,388.5,2634.5,26.8,43.8,6.0,,,,
29.958,9,Atta_9,1849.7,1883.6,298.7,44.2,2.4,,,,
29.958,10,Atta_10,446.9,2551.6,181.8,115.2,-1.1,,,,
30.027,1,Atta_1,1165.3,86.2,343.1,57.6,4.7,,,,
30.027,2,Atta_2,541.5,290.2,329.3,67.1,-1.1,,,,
30.027,3,Atta_3,1602.7,1063.8,311.8,81.4,0.0,,,,
30.027,4,Atta_4,1059.2,885.5,29.4,10.5,6.9,,,,
30.027,5,Atta_5,136.6,966.7,181.4,52.5,-0.7,,,,
30.027,6,Atta_6,169.3,1250.6,212.4,23.3,-0.7,,,,
30.027,7,Atta_7,121.7,1856.7,336.6,-21.3,-1.2,,,,
30.027,8,Atta_8,269.9,2626.4,29.3,-118.9,2.5,,,,
30.027,9,Atta_9,1855.3,1927.9,306.0,-44.7,7.3,,,,
30.027,10,Atta_10,475.8,2636.3,188.5,-89.5,6.7,,,,
30.094,1,Atta_1,1127.0,119.3,341.4,-50.6,-1.7,,,,
30.094,2,Atta_2,540.7,274.1,326.0,16.1,-3.3,,,,
30.094,3,Atta_3,1601.3,1094.5,310.7,-30.7,-1.1,,,,
30.094,4,Atta_4,964.1,891.9,29.0,-95.3,-0.4,,,,
30.094,5,Atta_5,191.3,1002.9,179.2,-65.6,-2.2,,,,
30.094,6,Atta_6,157.9,1234.2,210.6,20.0,-1.8,,,,
30.094,7,Atta_7,242.3,1904.6,332.9,129.8,-3.7,,,,
30.094,8,Atta_8,320.6,2646.0,30.2,54.4,0.9,,,,
30.094,9,Atta_9,1845.3,1877.2,308.0,51.7,2.0,,,,
30.094,10,Atta_10,432.3,2619.9,189.6,46.5,1.1,,,,
30.162,1,Atta_1,1162.9,100.1,338.0,40.7,-3.4,,,,
30.162,2,Atta_2,575.1,290.1,331.5,37.9,5.5,,,,
30.162,3,Atta_3,1567.7,1079.5,308.8,-36.8,-1.9,,,,
30.162,4,Atta_4,1004.9,886.9,34.6,41.1,5.6,,,,
30.162,5,Atta_5,164.1,968.4,179.7,43.9,0.5,,,,
30.162,6,Atta_6,155.8,1188.5,215.4,45.7,4.8,,,,
30.162,7,Atta_7,166.4,1873.8,336.0,-81.9,3.1,,,,
30.162,8,Atta_8,288.5,2649.6,30.2,-32.3,0.0,,,,
30.162,9,Atta_9,1819.5,1856.3,314.5,33.2,6.5,,,,
30.162,10,Atta_10,467.2,2662.1,198.6,-54.8,9.0,,,,
30.234,1,Atta_1,1225.4,162.1,343.0,88.0,5.0,,,,
30.234,2,Atta_2,516.7,266.9,330.4,-62.8,-1.1,,,,
30.234,3,Atta_3,1595.7,1106.8,304.0,-39.1,-4.8,,,,
30.234,4,Atta_4,1050.2,879.1,41.5,46.0,6.9,,,,
30.234,5,Atta_5,98.1,967.7,175.3,66.0,-4.4,,,,
30.234,6,Atta_6,149.8,1227.4,209.5,-39.4,-5.9,,,,
30.234,7,Atta_7,130.2,1861.0,337.3,-38.4,1.3,,,,
30.234,9,Atta_9,1797.3,1872.8,317.4,-27.7,2.9,,,,
30.234,10,Atta_10,424.3,2586.9,204.2,86.6,5.6,,,,
30.295,1,Atta_1,1277.6,89.9,337.5,89.1,-5.5,,,,
30.295,2,Atta_2,500.5,254.4,330.4,-20.5,0.0,,,,
30.295,3,Atta_3,1567.0,1080.2,303.0,39.1,-1.0,,,,
30.295,4,Atta_4,1014.0,900.4,41.6,-42.0,0.1,,,,
30.295,5,Atta_5,145.3,1001.6,179.9,-58.1,4.6,,,,
30.295,6,Atta_6,105.4,1209.3,210.8,47.9,1.3,,,,
30.295,7,Atta_7,183.6,1840.4,326.1,57.2,-11.2,,,,
30.295,8,Atta_8,250.7,2640.0,29.0,-39.0,-1.2,,,,
30.295,9,Atta_9,1847.4,1784.1,324.0,101.9,6.6,,,,
30.295,10,Atta_10,432.4,2625.4,203.9,-39.3,-0.3,,,,
30.366,1,Atta_1,1190.0,140.0,339.4,-100.9,1.9,,,,
30.366,2,Atta_2,570.9,212.5,328.5,81.9,-1.9,,,,
30.366,3,Atta_3,1586.7,1110.2,297.4,-35.9,-5.6,,,,
30.366,4,Atta_4,1073.6,884.1,47.0,61.8,5.4,,,,
30.366,5,Atta_5,134.5,981.0,180.5,23.3,0.6,,,,
30.366,6,Atta_6,110.9,1238.2,207.4,-29.4,-3.4,,,,
30.366,7,Atta_7,184.7,1898.7,326.1,-58.3,0.0,,,,
30.366,8,Atta_8,313.8,2644.8,28.6,63.3,-0.4,,,,
30.366,9,Atta_9,1880.6,1892.1,327.7,-113.0,3.7,,,,
30.366,10,Atta_10,410.8,2692.9,205.1,-70.9,1.2,,,,
30.433,1,Atta_1,1194.4,83.5,341.8,56.7,2.4,,,,
30.433,2,Atta_2,549.8,264.8,328.8,-56.4,0.3,,,,
30.433,3,Atta_3,1611.5,1096.1,287.2,28.5,-10.2,,,,
30.433,4,Atta_4,1053.7,869.7,53.2,-24.6,6.2,,,,
30.433,5,Atta_5,115.5,1008.2,178.4,33.2,-2.1,,,,
30.433,6,Atta_6,145.0,1211.0,209.6,-43.6,2.2,,,,
30.433,7,Atta_7,257.2,1865.1,321.6,79.9,-4.5,,,,
30.433,8,Atta_8,247.1,2667.2,31.9,-70.4,3.3,,,,
30.433,9,Atta_9,1823.7,1899.8,331.0,-57.4,3.3,,,,
30.433,10,Atta_10,484.3,2633.6,201.1,-94.4,-4.0,,,,
30.499,1,Atta_1,1141.7,102.1,342.4,-55.9,0.6,,,,
30.499,2,Atta_2,598.6,204.7,326.2,77.4,-2.6,,,,
30.499,3,Atta_3,1557.1,1142.3,281.4,-71.4,-5.8,,,,
30.499,4,Atta_4,988.3,949.7,56.1,103.3,2.9,,,,
30.499,5,Atta_5,90.2,940.2,180.0,72.6,1.6,,,,
30.499,6,Atta_6,161.8,1141.8,213.6,71.2,4.0,,,,
30.499,7,Atta_7,161.0,1865.2,315.3,-96.2,-6.3,,,,
30.499,8,Atta_8,227.1,2675.8,34.4,-21.8,2.5,,,,
30.499,9,Atta_9,1810.7,1883.0,338.4,-21.2,7.4,,,,
30.499,10,Atta_10,461.8,2581.0,203.6,57.2,2.5,,,,
30.565,1,Atta_1,1257.5,92.0,336.9,116.2,-5.5,,,,
30.565,2,Atta_2,538.1,275.2,330.8,-92.9,4.6,,,,
30.565,3,Atta_3,1581.7,1111.1,281.9,39.7,0.5,,,,
30.565,4,Atta_4,1021.4,945.2,62.4,33.4,6.3,,,,
30.565,5,Atta_5,105.9,994.6,178.0,-56.6,-2.0,,,,
30.565,6,Atta_6,125.6,1224.1,214.9,-89.9,1.3,,,,
30.565,7,Atta_7,131.7,1875.1,310.0,-30.9,-5.3,,,,
30.565,8,Atta_8,250.2,2622.3,39.9,-58.3,5.5,,,,
30.565,9,Atta_9,1881.0,1842.3,345.1,81.2,6.7,,,,
30.565,10,Atta_10,474.1,2673.9,205.2,-93.7,1.6,,,,
30.631,1,Atta_1,1269.6,127.3,340.5,-37.3,3.6,,,,
30.631,2,Atta_2,611.6,227.2,328.6,87.8,-2.2,,,,
30.631,3,Atta_3,1560.5,1145.2,278.4,-40.2,-3.5,,,,
30.631,4,Atta_4,1027.4,870.8,64.9,-74.6,2.5,,,,
30.631,5,Atta_5,110.3,982.9,175.1,-12.5,-2.9,,,,
30.631,6,Atta_6,124.2,1179.6,213.6,44.5,-1.3,,,,
30.631,7,Atta_7,129.0,1842.5,303.7,32.7,-6.3,,,,
30.631,8,Atta_8,303.6,2611.6,48.7,54.5,8.8,,,,
30.631,9,Atta_9,1842.6,1883.1,344.6,-56.0,-0.5,,,,
30.631,10,Atta_10,470.5,2589.4,207.2,84.6,2.0,,,,
30.701,1,Atta_1,1291.2,97.6,340.5,36.7,0.0,,,,
30.701,2,Atta_2,578.2,270.6,330.5,-54.8,1.9,,,,
30.701,3,Atta_3,1547.0,1071.9,271.5,74.5,-6.9,,,,
30.701,4,Atta_4,1040.9,841.8,73.4,-32.0,8.5,,,,
30.701,5,Atta_5,160.1,977.4,178.7,-50.1,3.6,,,,
30.701,6,Atta_6,156.4,1222.2,214.3,-53.4,0.7,,,,
30.701,7,Atta_7,179.5,1955.6,300.6,-123.9,-3.1,,,,
30.701,8,Atta_8,235.1,2637.0,51.7,-73.1,3.0,,,,
30.701,9,Atta_9,1850.9,1918.8,348.9,-36.7,4.3,,,,
30.701,10,Atta_10,466.9,2648.0,205.2,-58.7,-2.0,,,,
30.753,1,Atta_1,1308.4,94.9,339.2,17.4,-1.3,,,,
30.753,2,Atta_2,624.6,250.0,329.8,50.8,-0.7,,,,
30.753,3,Atta_3,1609.6,1070.0,272.9,62.6,1.4,,,,
30.753,4,Atta_4,999.0,968.7,78.1,133.6,4.7,,,,
30.753,5,Atta_5,165.3,1018.8,177.9,-41.7,-0.8,,,,
30.753,6,Atta_6,178.3,1185.8,213.6,42.5,-0.7,,,,
30.753,7,Atta_7,197.9,1898.7,296.6,59.8,-4.0,,,,
30.753,8,Atta_8,231.0,2579.1,55.4,-58.0,3.7,,,,
30.753,9,Atta_9,1851.6,1921.9,354.0,3.2,5.1,,,,
30.753,10,Atta_10,429.1,2587.0,204.9,71.8,-0.3,,,,
30.819,1,Atta_1,1245.9,46.6,340.7,-79.0,1.5,,,,
30.819,2,Atta_2,604.3,217.9,327.8,-38.0,-2.0,,,,
30.819,3,Atta_3,1561.6,1091.7,270.5,-52.7,-2.4,,,,
30.819,4,Atta_4,1022.1,890.5,83.3,-81.5,5.2,,,,
30.819,5,Atta_5,171.6,980.9,175.0,-38.4,-2.9,,,,
30.819,6,Atta_6,177.4,1209.1,217.8,-23.3,4.2,,,,
30.819,7,Atta_7,119.5,1887.6,289.8,-79.2,-6.8,,,,
30.819,8,Atta_8,235.7,2596.8,60.5,18.3,5.1,,,,
30.819,9,Atta_9,1875.5,1887.0,356.7,42.3,2.7,,,,
30.819,10,Atta_10,432.8,2612.2,207.4,-25.5,2.5,,,,
30.888,1,Atta_1,1303.9,122.6,341.8,95.6,1.1,,,,
30.888,2,Atta_2,627.0,230.6,326.3,26.0,-1.5,,,,
30.888,3,Atta_3,1581.5,1109.3,271.1,-26.6,0.6,,,,
30.888,4,Atta_4,1062.8,869.4,80.2,-45.8,-3.1,,,,
30.888,5,Atta_5,160.1,952.8,176.6,30.4,1.6,,,,
30.888,6,Atta_6,141.2,1250.4,214.6,54.9,-3.2,,,,
30.888,7,Atta_7,174.6,1867.8,290.3,58.5,0.5,,,,
30.888,8,Atta_8,222.3,2563.4,65.0,-36.0,4.5,,,,
30.888,9,Atta_9,1871.6,1885.0,4.6,-4.4,7.9,,,,
30.888,10,Atta_10,400.6,2596.2,202.0,36.0,-5.4,,,,
30.954,1,Atta_1,1300.1,58.9,337.2,63.8,-4.6,,,,
30.954,2,Atta_2,663.6,178.7,333.7,63.5,7.4,,,,
30.954,3,Atta_3,1621.1,1110.3,271.2,-39.6,0.1,,,,
30.954,4,Atta_4,1059.8,893.0,87.9,23.8,7.7,,,,
30.954,5,Atta_5,164.5,979.1,177.7,-26.7,1.1,,,,
30.954,6,Atta_6,160.0,1267.1,218.5,-25.1,3.9,,,,
30.954,7,Atta_7,202.3,1960.6,284.9,-96.8,-5.4,,,,
30.954,8,Atta_8,249.2,2623.5,69.0,65.8,4.0,,,,
30.954,9,Atta_9,1857.3,1877.4,5.0,-16.2,0.4,,,,
30.954,10,Atta_10,406.1,2629.6,204.3,-33.8,2.3,,,,
31.088,1,Atta_1,1272.2,91.1,342.3,-42.6,5.1,,,,
31.088,2,Atta_2,597.2,173.9,327.8,-66.6,-5.9,,,,
31.088,3,Atta_3,1574.7,1131.6,266.9,-51.1,-4.3,,,,
31.088,4,Atta_4,1029.6,884.7,92.5,-31.3,4.6,,,,
31.088,5,Atta_5,197.8,1020.3,179.6,-53.0,1.9,,,,
31.088,6,Atta_6,152.7,1281.5,223.6,-16.1,5.1,,,,
31.088,7,Atta_7,144.6,1889.8,278.3,91.3,-6.6,,,,
31.088,8,Atta_8,321.4,2679.7,71.8,91.5,2.8,,,,
31.088,9,Atta_9,1891.2,1943.7,7.2,74.5,2.2,,,,
31.088,10,Atta_10,404.5,2564.6,210.0,65.0,5.7,,,,
31.157,1,Atta_1,1292.1,106.9,341.2,25.4,-1.1,,,,
31.157,2,Atta_2,644.3,187.5,330.1,49.0,2.3,,,,
31.157,3,Atta_3,1610.0,1083.7,271.7,59.5,4.8,,,,
31.157,4,Atta_4,1040.4,892.0,98.1,13.0,5.6,,,,
31.157,5,Atta_5,200.7,1073.3,171.2,-53.1,-8.4,,,,
31.157,6,Atta_6,121.0,1275.2,224.9,32.3,1.3,,,,
31.157,7,Atta_7,202.7,1830.5,276.1,83.0,-2.2,,,,
31.157,8,Atta_8,266.5,2648.8,78.5,-63.0,6.7,,,,
31.157,9,Atta_9,1879.9,1908.2,5.7,-37.3,-1.5,,,,
31.157,10,Atta_10,407.3,2613.7,208.1,-49.2,-1.9,,,,
31.222,1,Atta_1,1344.3,137.0,338.9,60.3,-2.3,,,,
31.222,2,Atta_2,651.3,195.3,333.3,10.5,3.2,,,,
31.222,3,Atta_3,1559.2,1069.8,270.7,52.7,-1.0,,,,
31.222,4,Atta_4,1071.2,880.6,103.9,-32.8,5.8,,,,
31.222,5,Atta_5,211.9,979.0,166.5,-95.0,-4.7,,,,
31.222,6,Atta_6,188.0,1178.9,235.7,117.3,10.8,,,,
31.222,7,Atta_7,152.7,1877.7,264.2,-68.8,-11.9,,,,
31.222,8,Atta_8,224.0,2672.2,87.3,48.5,8.8,,,,
31.222,9,Atta_9,1819.7,1875.2,3.7,-68.7,-2.0,,,,
31.222,10,Atta_10,394.2,2593.5,207.4,24.1,-0.7,,,,
31.354,1,Atta_1,1299.8,73.1,340.6,-77.9,1.7,,,,
31.354,2,Atta_2,733.9,206.4,329.7,83.3,-3.6,,,,
31.354,3,Atta_3,1619.2,1111.5,270.6,-73.1,-0.1,,,,
31.354,4,Atta_4,1004.9,940.4,112.9,89.3,9.0,,,,
31.354,5,Atta_5,223.5,988.6,161.1,-15.1,-5.4,,,,
31.354,6,Atta_6,205.2,1210.1,236.8,-35.6,1.1,,,,
31.354,7,Atta_7,210.6,1867.7,262.0,58.8,-2.2,,,,
31.354,8,Atta_8,291.0,2602.6,87.4,-96.6,0.1,,,,
31.354,9,Atta_9,1814.5,1909.9,6.9,-35.1,3.2,,,,
31.354,10,Atta_10,434.6,2575.4,209.8,-44.3,2.4,,,,
31.423,1,Atta_1,1290.2,83.2,338.5,-13.9,-2.1,,,,
31.423,2,Atta_2,691.6,174.5,330.3,-53.0,0.6,,,,
31.423,3,Atta_3,1587.2,1025.1,270.2,92.1,-0.4,,,,
31.423,4,Atta_4,1027.7,853.9,113.1,-89.5,0.2,,,,
31.423,5,Atta_5,189.1,984.7,156.4,34.6,-4.7,,,,
31.423,6,Atta_6,170.3,1225.1,241.9,38.0,5.1,,,,
31.423,7,Atta_7,147.9,1948.9,257.4,-102.6,-4.6,,,,
31.423,8,Atta_8,264.3,2632.4,85.6,40.0,-1.8,,,,
31.423,9,Atta_9,1861.6,1860.5,4.2,68.3,-2.7,,,,
31.423,10,Atta_10,457.8,2622.4,208.2,-52.4,-1.6,,,,
31.492,1,Atta_1,1298.3,89.2,340.5,10.1,2.0,,,,
31.492,2,Atta_2,697.4,159.4,328.6,16.2,-1.7,,,,
31.492,3,Atta_3,1599.9,1107.4,273.0,-83.3,2.8,,,,
31.492,4,Atta_4,1077.9,870.5,113.4,-52.9,0.3,,,,
31.492,5,Atta_5,193.4,1012.9,149.2,28.5,-7.2,,,,
31.492,6,Atta_6,160.1,1250.2,250.5,-27.1,8.6,,,,
31.492,7,Atta_7,190.8,1877.9,246.4,83.0,-11.0,,,,
31.492,8,Atta_8,282.8,2636.5,85.8,18.9,0.2,,,,
31.492,9,Atta_9,1933.6,1859.7,7.1,72.0,2.9,,,,
31.492,10,Atta_10,432.1,2607.0,208.9,30.0,0.7,,,,
31.56,1,Atta_1,1254.6,145.7,336.4,-71.4,-4.1,,,,
31.56,2,Atta_2,774.6,188.6,332.7,82.5,4.1,,,,
31.56,3,Atta_3,1606.8,1063.7,267.9,44.2,-5.1,,,,
31.56,4,Atta_4,1050.7,893.5,117.2,35.6,3.8,,,,
31.56,5,Atta_5,161.6,1010.3,140.3,31.9,-8.9,,,,
31.56,6,Atta_6,159.1,1223.9,252.9,26.3,2.4,,,,
31.56,7,Atta_7,93.0,1926.7,248.1,-109.3,1.7,,,,
31.56,8,Atta_8,261.8,2644.7,86.5,22.5,0.7,,,,
31.56,9,Atta_9,1902.5,1829.2,4.5,-43.6,-2.6,,,,
31.56,10,Atta_10,453.4,2588.4,211.3,-28.3,2.4,,,,
31.629,1,Atta_1,1298.1,114.6,339.2,53.5,2.8,,,,
31.629,2,Atta_2,713.9,131.8,328.0,-83.1,-4.7,,,,
31.629,3,Atta_3,1555.5,1022.6,271.2,65.7,3.3,,,,
31.629,4,Atta_4,1034.4,922.0,117.8,32.8,0.6,,,,
31.629,5,Atta_5,227.3,975.3,143.3,-74.4,3.0,,,,
31.629,6,Atta_6,134.3,1196.2,259.1,37.2,6.2,,,,
31.629,7,Atta_7,195.7,1923.4,246.6,-102.8,-1.5,,,,
31.629,8,Atta_8,265.7,2659.6,89.1,15.4,2.6,,,,
31.629,9,Atta_9,1886.6,1939.0,7.7,-110.9,3.2,,,,
31.629,10,Atta_10,446.2,2588.0,216.5,7.2,5.2,,,,
31.695,1,Atta_1,1308.8,121.8,336.6,12.9,-2.6,,,,
31.695,2,Atta_2,764.3,137.3,325.5,50.7,-2.5,,,,
31.695,3,Atta_3,1577.0,1026.0,269.1,-21.8,-2.1,,,,
31.695,4,Atta_4,1011.7,903.3,120.6,-29.4,2.8,,,,
31.695,5,Atta_5,197.0,1001.6,134.1,40.1,-9.2,,,,
31.695,6,Atta_6,156.0,1253.4,262.6,-61.2,3.5,,,,
31.695,7,Atta_7,219.7,1945.3,238.5,-32.5,-8.1,,,,
31.695,8,Atta_8,231.4,2658.1,86.9,-34.3,-2.2,,,,
31.695,9,Atta_9,1921.0,1913.7,5.6,42.7,-2.1,,,,
31.695,10,Atta_10,469.1,2632.4,223.4,-50.0,6.9,,,,
31.761,1,Atta_1,1298.4,94.4,345.1,29.3,8.5,,,,
31.761,2,Atta_2,761.9,133.4,326.9,4.6,1.4,,,,
31.761,3,Atta_3,1609.4,1018.5,269.0,33.3,-0.1,,,,
31.761,4,Atta_4,1020.1,887.8,119.4,-17.6,-1.2,,,,
31.761,5,Atta_5,201.5,992.5,134.1,-10.2,0.0,,,,
31.761,6,Atta_6,73.8,1198.0,267.0,99.1,4.4,,,,
31.761,7,Atta_7,182.1,1938.8,233.1,38.2,-5.4,,,,
31.761,8,Atta_8,246.8,2657.0,85.4,-15.4,-1.5,,,,
31.761,9,Atta_9,1943.7,1907.8,5.7,23.5,0.1,,,,
31.761,10,Atta_10,497.8,2609.0,225.6,-37.0,2.2,,,,
31.828,1,Atta_1,1319.0,111.7,345.1,26.9,0.0,,,,
31.828,2,Atta_2,764.8,144.4,328.4,-11.4,1.5,,,,
31.828,3,Atta_3,1596.1,951.2,272.5,68.6,3.5,,,,
31.828,4,Atta_4,1069.2,889.2,114.9,-49.1,-4.5,,,,
31.828,5,Atta_5,209.2,977.9,127.6,-16.5,-6.5,,,,
31.828,6,Atta_6,179.1,1225.1,268.9,-108.7,1.9,,,,
31.828,7,Atta_7,125.2,1872.4,227.2,87.4,-5.9,,,,
31.828,8,Atta_8,283.0,2681.4,81.5,43.7,-3.9,,,,
31.828,9,Atta_9,1910.1,1843.5,3.3,-72.5,-2.4,,,,
31.828,10,Atta_10,465.2,2617.1,234.2,33.6,8.6,,,,
31.878,1,Atta_1,1285.5,126.1,348.9,-36.5,3.8,,,,
31.878,2,Atta_2,783.0,81.1,327.4,65.9,-1.0,,,,
31.878,3,Atta_3,1594.7,997.4,268.2,-46.2,-4.3,,,,
31.878,4,Atta_4,1014.0,964.4,117.1,93.3,2.2,,,,
31.878,5,Atta_5,141.8,1019.0,123.1,78.9,-4.5,,,,
31.878,6,Atta_6,111.2,1187.8,271.5,77.5,2.6,,,,
31.878,7,Atta_7,158.5,1881.2,225.3,-34.4,-1.9,,,,
31.878,8,Atta_8,275.0,2746.4,86.4,65.5,4.9,,,,
31.878,9,Atta_9,1892.4,1856.7,3.8,-22.1,0.5,,,,
31.878,10,Atta_10,491.1,2626.3,233.8,-27.5,-0.4,,,,
31.948,1,Atta_1,1306.0,131.9,351.6,21.3,2.7,,,,
31.948,2,Atta_2,800.9,145.1,325.1,-66.5,-2.3,,,,
31.948,3,Atta_3,1649.9,929.7,272.4,87.4,4.2,,,,
31.948,4,Atta_4,1090.9,921.8,118.6,-87.9,1.5,,,,
31.948,5,Atta_5,188.2,974.9,122.1,-64.0,-1.0,,,,
31.948,6,Atta_6,180.9,1216.2,270.4,-75.3,-1.1,,,,
31.948,7,Atta_7,212.9,1845.6,223.5,-65.0,-1.8,,,,
31.948,8,Atta_8,271.8,2638.0,83.3,-108.4,-3.1,,,,
31.948,9,Atta_9,1858.8,1895.1,5.7,-51.0,1.9,,,,
31.948,10,Atta_10,491.2,2638.2,240.7,-11.9,6.9,,,,
32.003,1,Atta_1,1275.2,80.6,356.1,-59.8,4.5,,,,
32.003,2,Atta_2,847.9,157.8,332.5,48.7,7.4,,,,
32.003,3,Atta_3,1553.7,939.1,272.4,-96.7,0.0,,,,
32.003,4,Atta_4,924.6,920.2,115.7,166.3,-2.9,,,,
32.003,5,Atta_5,159.2,1036.0,120.5,67.6,-1.6,,,,
32.003,6,Atta_6,119.8,1218.7,271.5,-61.2,1.1,,,,
32.003,7,Atta_7,171.8,1948.8,218.4,-111.1,-5.1,,,,
32.003,8,Atta_8,240.4,2657.5,86.3,37.0,3.0,,,,
32.003,9,Atta_9,1809.3,1863.5,7.9,-58.7,2.2,,,,
32.003,10,Atta_10,456.1,2692.4,243.0,-64.6,2.3,,,,
32.072,1,Atta_1,1261.2,123.8,1.8,-45.4,5.7,,,,
32.072,2,Atta_2,786.4,152.6,326.0,-61.7,-6.5,,,,
32.072,3,Atta_3,1641.4,879.6,267.3,106.0,-5.1,,,,
32.072,4,Atta_4,1000.3,928.0,118.6,-76.1,2.9,,,,
32.072,5,Atta_5,187.4,990.1,118.6,-53.9,-1.9,,,,
32.072,6,Atta_6,148.3,1250.0,274.4,-42.3,2.9,,,,
32.072,7,Atta_7,198.5,1942.4,214.9,-27.5,-3.5,,,,
32.072,8,Atta_8,260.2,2697.8,85.6,44.9,-0.7,,,,
32.072,9,Atta_9,1847.2,1870.3,3.0,38.5,-4.9,,,,
32.072,10,Atta_10,465.2,2606.3,244.4,86.6,1.4,,,,
32.139,1,Atta_1,1231.3,102.4,5.7,-36.8,3.9,,,,
32.139,2,Atta_2,855.3,177.7,329.2,73.3,3.2,,,,
32.139,3,Atta_3,1700.5,990.6,270.1,-125.8,2.8,,,,
32.139,4,Atta_4,979.7,935.7,117.9,22.0,-0.7,,,,
32.139,5,Atta_5,225.1,1063.3,123.5,82.3,4.9,,,,
32.139,6,Atta_6,170.0,1228.5,274.4,30.5,0.0,,,,
32.139,7,Atta_7,178.6,1922.7,208.3,28.0,-6.6,,,,
32.139,8,Atta_8,266.7,2651.9,84.7,-46.4,-0.9,,,,
32.139,9,Atta_9,1869.3,1875.1,4.3,22.6,1.3,,,,
32.139,10,Atta_10,501.1,2621.8,252.2,-39.1,7.8,,,,
32.193,1,Atta_1,1290.5,87.2,13.4,61.1,7.7,,,,
32.193,2,Atta_2,834.1,42.4,327.2,137.0,-2.0,,,,
32.193,3,Atta_3,1605.7,929.1,271.9,113.0,1.8,,,,
32.193,4,Atta_4,1016.5,946.5,117.4,-38.4,-0.5,,,,
32.193,5,Atta_5,124.5,985.0,119.1,-127.5,-4.4,,,,
32.193,6,Atta_6,116.5,1174.3,272.7,76.2,-1.7,,,,
32.193,7,Atta_7,143.5,1871.3,201.3,62.2,-7.0,,,,
32.193,8,Atta_8,286.5,2679.8,84.3,34.2,-0.4,,,,
32.193,9,Atta_9,1876.3,1895.8,1.4,21.9,-2.9,,,,
32.193,10,Atta_10,441.2,2637.0,256.3,61.8,4.1,,,,
32.259,1,Atta_1,1227.1,129.0,15.8,-75.9,2.4,,,,
32.259,2,Atta_2,809.3,118.1,326.5,-79.7,-0.7,,,,
32.259,3,Atta_3,1630.9,941.3,269.9,-28.0,-2.0,,,,
32.259,4,Atta_4,1033.3,965.0,116.4,25.0,-1.0,,,,
32.259,5,Atta_5,181.6,956.6,119.2,-63.8,0.1,,,,
32.259,6,Atta_6,207.2,1217.5,270.1,-100.5,-2.6,,,,
32.259,7,Atta_7,169.5,1940.9,198.1,-74.3,-3.2,,,,
32.259,8,Atta_8,281.3,2618.1,83.7,-61.9,-0.6,,,,
32.259,9,Atta_9,1823.2,1869.7,358.7,-59.2,-2.7,,,,
32.259,10,Atta_10,429.5,2663.0,263.5,-28.5,7.2,,,,
32.327,1,Atta_1,1254.8,12.7,19.4,-119.6,3.6,,,,
32.327,2,Atta_2,858.3,104.7,328.2,50.8,1.7,,,,
32.327,3,Atta_3,1587.0,912.5,271.2,52.5,1.3,,,,
32.327,4,Atta_4,990.7,977.7,120.7,44.5,4.3,,,,
32.327,5,Atta_5,151.3,1037.6,125.3,86.5,6.1,,,,
32.327,6,Atta_6,181.2,1182.6,267.7,43.5,-2.4,,,,
32.327,7,Atta_7,193.9,1917.9,193.8,-33.5,-4.3,,,,
32.327,8,Atta_8,215.1,2665.2,86.5,81.2,2.8,,,,
32.327,9,Atta_9,1849.1,1899.4,351.3,39.4,-7.4,,,,
32.327,10,Atta_10,417.7,2676.3,267.8,-17.8,4.3,,,,
32.395,1,Atta_1,1295.8,173.7,24.1,166.1,4.7,,,,
32.395,2,Atta_2,883.0,106.2,328.5,24.7,0.3,,,,
32.395,3,Atta_3,1573.6,905.3,269.3,15.2,-1.9,,,,
32.395,4,Atta_4,992.3,963.9,122.9,-13.9,2.2,,,,
32.395,5,Atta_5,143.2,972.1,119.0,-66.0,-6.3,,,,
32.395,6,Atta_6,167.3,1217.7,272.3,-37.8,4.6,,,,
32.395,7,Atta_7,138.1,1880.5,190.1,67.2,-3.7,,,,
32.395,8,Atta_8,255.2,2640.4,83.3,-47.1,-3.2,,,,
32.395,9,Atta_9,1867.0,1851.2,347.5,51.4,-3.8,,,,
32.395,10,Atta_10,415.6,2632.0,264.3,44.3,-3.5,,,,
32.463,1,Atta_1,1233.9,77.9,29.9,-114.1,5.8,,,,
32.463,2,Atta_2,867.5,150.7,322.4,-47.1,-6.1,,,,
32.463,3,Atta_3,1587.2,925.0,266.8,-23.9,-2.5,,,,
32.463,4,Atta_4,919.7,1010.8,120.6,86.4,-2.3,,,,
32.463,5,Atta_5,199.2,1030.9,120.0,81.2,1.0,,,,
32.463,6,Atta_6,179.6,1159.1,273.7,59.9,1.4,,,,
32.463,7,Atta_7,161.8,1866.9,186.2,-27.3,-3.9,,,,
32.463,8,Atta_8,184.6,2627.2,84.6,-71.8,1.3,,,,
32.463,9,Atta_9,1899.3,1930.5,341.2,85.6,-6.3,,,,
32.463,10,Atta_10,476.7,2632.4,264.4,-61.1,0.1,,,,
32.532,1,Atta_1,1269.5,72.0,34.5,36.1,4.6,,,,
32.532,2,Atta_2,806.1,100.1,325.3,-79.6,2.9,,,,
32.532,3,Atta_3,1570.5,912.8,269.3,20.7,2.5,,,,
32.532,4,Atta_4,974.4,962.2,115.1,-73.2,-5.5,,,,
32.532,5,Atta_5,164.4,992.5,126.3,-51.8,6.3,,,,
32.532,6,Atta_6,132.9,1195.8,274.7,-59.4,1.0,,,,
32.532,7,Atta_7,168.8,1906.3,180.5,-40.0,-5.7,,,,
32.532,8,Atta_8,208.6,2646.1,85.7,30.5,1.1,,,,
32.532,9,Atta_9,1841.1,1881.5,336.6,-76.1,-4.6,,,,
32.532,10,Atta_10,460.9,2620.6,266.6,19.7,2.2,,,,
32.601,1,Atta_1,1220.6,112.6,35.9,-63.6,1.4,,,,
32.601,2,Atta_2,832.6,112.2,320.2,29.1,-5.1,,,,
32.601,3,Atta_3,1607.4,920.9,263.7,-37.8,-5.6,,,,
32.601,4,Atta_4,989.8,1006.4,120.4,46.8,5.3,,,,
32.601,5,Atta_5,151.1,1033.5,124.8,43.1,-1.5,,,,
32.601,6,Atta_6,198.4,1220.7,270.6,-70.1,-4.1,,,,
32.601,7,Atta_7,197.2,1829.7,177.4,-81.7,-3.1,,,,
32.601,8,Atta_8,226.7,2554.4,84.1,-93.5,-1.6,,,,
32.601,9,Atta_9,1858.4,1890.9,332.3,19.7,-4.3,,,,
32.601,10,Atta_10,506.2,2656.6,265.8,-57.9,-0.8,,,,
32.67,1,Atta_1,1299.7,143.5,32.5,84.9,-3.4,,,,
32.67,2,Atta_2,804.2,51.0,328.1,67.5,7.9,,,,
32.67,3,Atta_3,1551.3,827.6,269.2,108.9,5.5,,,,
32.67,4,Atta_4,978.1,998.8,118.4,-14.0,-2.0,,,,
32.67,5,Atta_5,163.1,1014.2,128.7,-22.7,3.9,,,,
32.67,6,Atta_6,181.7,1215.5,271.6,17.5,1.0,,,,
32.67,7,Atta_7,180.9,1874.5,173.9,47.7,-3.5,,,,
32.67,8,Atta_8,267.5,2643.9,88.2,98.4,4.1,,,,
32.67,9,Atta_9,1834.3,1886.1,333.3,-24.6,1.0,,,,
32.67,10,Atta_10,506.7,2575.7,267.4,80.9,1.6,,,,
32.739,1,Atta_1,1268.1,95.7,38.8,-57.3,6.3,,,,
32.739,2,Atta_2,815.0,144.7,324.7,-94.3,-3.4,,,,
32.739,3,Atta_3,1624.3,837.3,267.8,-73.6,-1.4,,,,
32.739,4,Atta_4,943.0,1083.0,119.5,91.2,1.1,,,,
32.739,5,Atta_5,221.3,1016.4,124.4,-58.2,-4.3,,,,
32.739,6,Atta_6,164.1,1265.0,269.9,-52.5,-1.7,,,,
32.739,7,Atta_7,153.9,1853.0,164.6,34.5,-9.3,,,,
32.739,8,Atta_8,225.0,2604.3,84.1,-58.1,-4.1,,,,
32.739,9,Atta_9,1769.7,1872.7,323.5,-66.0,-9.8,,,,
32.739,10,Atta_10,496.7,2599.2,263.7,-25.5,-3.7,,,,
32.808,1,Atta_1,1286.8,43.9,37.2,-55.1,-1.6,,,,
32.808,2,Atta_2,808.7,117.6,326.9,27.8,2.2,,,,
32.808,3,Atta_3,1600.8,821.4,272.8,28.4,5.0,,,,
32.808,4,Atta_4,996.9,1024.5,119.6,-79.5,0.1,,,,
32.808,5,Atta_5,177.3,1021.4,126.4,44.3,2.0,,,,
32.808,6,Atta_6,154.3,1222.9,273.4,43.2,3.5,,,,
32.808,7,Atta_7,181.9,1875.6,161.9,-36.0,-2.7,,,,
32.808,8,Atta_8,235.2,2540.0,88.8,-65.1,4.7,,,,
32.808,9,Atta_9,1788.9,1903.6,322.1,-36.4,-1.4,,,,
32.808,10,Atta_10,462.9,2617.9,266.8,-38.6,3.1,,,,
32.873,1,Atta_1,1263.9,33.8,35.5,-25.0,-1.7,,,,
32.873,2,Atta_2,768.7,109.2,323.3,-40.9,-3.6,,,,
32.873,3,Atta_3,1627.2,833.2,270.1,-28.9,-2.7,,,,
32.873,4,Atta_4,900.7,1101.2,120.5,123.0,0.9,,,,
32.873,5,Atta_5,233.6,1007.8,123.4,-57.9,-3.0,,,,
32.873,6,Atta_6,143.5,1269.7,273.5,-48.0,0.1,,,,
32.873,7,Atta_7,181.2,1905.1,159.2,29.5,-2.7,,,,
32.873,8,Atta_8,236.2,2507.6,83.5,-32.4,-5.3,,,,
32.873,9,Atta_9,1837.8,1886.5,320.2,51.8,-1.9,,,,
32.873,10,Atta_10,490.6,2618.1,266.1,-27.7,-0.7,,,,
32.943,1,Atta_1,1317.1,78.6,35.5,69.6,0.0,,,,
32.943,2,Atta_2,803.3,173.9,326.6,-73.4,3.3,,,,
32.943,3,Atta_3,1562.8,794.7,273.3,75.0,3.2,,,,
32.943,4,Atta_4,994.9,1057.3,120.2,-103.9,-0.3,,,,
32.943,5,Atta_5,198.3,986.0,122.4,41.5,-1.0,,,,
32.943,6,Atta_6,162.2,1260.0,271.7,21.1,-1.8,,,,
32.943,7,Atta_7,170.9,1834.0,155.9,-71.8,-3.3,,,,
32.943,8,Atta_8,261.8,2577.7,81.9,74.6,-1.6,,,,
32.943,9,Atta_9,1797.8,1850.7,310.0,-53.7,-10.2,,,,
32.943,10,Atta_10,488.8,2580.1,263.7,38.0,-2.4,,,,
33.013,1,Atta_1,1278.6,133.6,34.9,67.1,-0.6,,,,
33.013,2,Atta_2,813.0,157.5,329.8,19.1,3.2,,,,
33.013,3,Atta_3,1549.4,756.1,269.9,40.9,-3.4,,,,
33.013,4,Atta_4,938.1,1078.9,120.8,60.8,0.6,,,,
33.013,5,Atta_5,230.2,978.4,128.1,-32.8,5.7,,,,
33.013,6,Atta_6,134.3,1212.3,271.6,55.3,-0.1,,,,
33.013,7,Atta_7,166.0,1885.1,157.1,51.3,1.2,,,,
33.013,8,Atta_8,226.3,2591.7,78.0,38.2,-3.9,,,,
33.013,9,Atta_9,1792.2,1898.0,308.6,-47.6,-1.4,,,,
33.013,10,Atta_10,486.4,2624.9,263.5,-44.9,-0.2,,,,
33.064,1,Atta_1,1243.7,126.3,39.5,-35.7,4.6,,,,
33.064,2,Atta_2,802.6,86.3,339.4,72.0,9.6,,,,
33.064,3,Atta_3,1588.6,769.7,269.3,-41.5,-0.6,,,,
33.064,4,Atta_4,912.8,1096.1,117.9,30.6,-2.9,,,,
33.064,5,Atta_5,170.4,952.0,123.6,65.4,-4.5,,,,
33.064,6,Atta_6,193.2,1292.2,273.8,-99.3,2.2,,,,
33.064,7,Atta_7,142.6,1865.8,154.2,30.3,-2.9,,,,
33.064,8,Atta_8,262.2,2541.3,66.1,-61.9,-11.9,,,,
33.064,9,Atta_9,1811.2,1866.2,309.6,37.0,1.0,,,,
33.064,10,Atta_10,387.0,2580.9,264.4,108.7,0.9,,,,
33.132,1,Atta_1,1334.2,66.8,35.4,108.3,-4.1,,,,
33.132,2,Atta_2,789.9,159.0,340.3,-73.8,0.9,,,,
33.132,3,Atta_3,1604.5,715.5,272.5,56.5,3.2,,,,
33.132,4,Atta_4,972.7,1110.8,111.8,-61.7,-6.1,,,,
33.132,5,Atta_5,210.7,950.1,125.6,-40.3,2.0,,,,
33.132,6,Atta_6,195.4,1320.3,273.0,-28.2,-0.8,,,,
33.132,7,Atta_7,178.4,1933.3,155.2,-76.4,1.0,,,,
33.132,8,Atta_8,272.4,2528.3,69.2,-16.5,3.1,,,,
33.132,9,Atta_9,1849.8,1853.0,306.2,40.8,-3.4,,,,
33.132,10,Atta_10,484.8,2500.0,266.4,126.9,2.0,,,,
33.201,1,Atta_1,1273.5,166.8,38.1,117.0,2.7,,,,
33.201,2,Atta_2,754.3,100.5,343.8,-68.5,3.5,,,,
33.201,3,Atta_3,1606.4,764.2,268.6,-48.7,-3.9,,,,
33.201,4,Atta_4,896.7,1138.2,121.4,80.8,9.6,,,,
33.201,5,Atta_5,252.4,981.8,124.6,52.4,-1.0,,,,
33.201,6,Atta_6,186.8,1322.6,271.9,-8.9,-1.1,,,,
33.201,7,Atta_7,167.5,1863.7,157.3,-70.4,2.1,,,,
33.201,8,Atta_8,235.0,2546.6,69.3,41.6,0.1,,,,
33.201,9,Atta_9,1800.9,1942.1,311.1,-101.6,4.9,,,,
33.201,10,Atta_10,490.7,2559.3,267.5,-59.6,1.1,,,,
33.269,1,Atta_1,1311.5,128.4,34.7,54.0,-3.4,,,,
33.269,2,Atta_2,819.0,123.6,348.7,68.7,4.9,,,,
33.269,3,Atta_3,1588.2,731.2,269.4,37.7,0.8,,,,
33.269,4,Atta_4,932.1,1116.4,121.2,-41.6,-0.2,,,,
33.269,5,Atta_5,265.2,958.9,125.4,-26.2,0.8,,,,
33.269,6,Atta_6,134.5,1355.1,272.0,-61.6,0.1,,,,
33.269,7,Atta_7,211.6,1967.3,164.9,-112.6,7.6,,,,
33.269,8,Atta_8,249.6,2587.5,57.9,43.4,-11.4,,,,
33.269,9,Atta_9,1794.2,1941.5,311.8,-6.7,0.7,,,,
33.269,10,Atta_10,422.9,2530.9,269.0,73.5,1.5,,,,
33.337,1,Atta_1,1303.3,179.6,31.6,51.9,-3.1,,,,
33.337,2,Atta_2,743.6,87.6,354.0,-83.6,5.3,,,,
33.337,3,Atta_3,1629.1,749.9,272.9,-45.0,3.5,,,,
33.337,4,Atta_4,946.5,1126.6,119.1,17.6,-2.1,,,,
33.337,5,Atta_5,210.4,916.5,124.3,-69.3,-1.1,,,,
33.337,6,Atta_6,155.6,1334.1,274.7,29.8,2.7,,,,
33.337,7,Atta_7,159.0,1914.0,165.8,74.9,0.9,,,,
33.337,8,Atta_8,304.6,2558.5,55.6,62.2,-2.3,,,,
33.337,9,Atta_9,1848.6,1928.7,306.6,55.9,-5.2,,,,
33.337,10,Atta_10,434.6,2492.7,263.9,40.0,-5.1,,,,
33.403,1,Atta_1,1341.6,153.4,35.3,46.4,3.7,,,,
33.403,2,Atta_2,773.5,155.8,0.8,74.5,6.8,,,,
33.403,3,Atta_3,1579.9,701.4,268.6,69.1,-4.3,,,,
33.403,4,Atta_4,940.5,1127.4,118.0,6.1,-1.1,,,,
33.403,5,Atta_5,295.1,866.3,128.0,-98.5,3.7,,,,
33.403,6,Atta_6,114.4,1364.6,280.7,-51.3,6.0,,,,
33.403,7,Atta_7,166.9,1853.5,171.4,-61.0,5.6,,,,
33.403,8,Atta_8,242.3,2626.5,48.1,92.2,-7.5,,,,
33.403,9,Atta_9,1838.4,1851.8,307.6,77.6,1.0,,,,
33.403,10,Atta_10,453.0,2548.8,268.3,-59.0,4.4,,,,
33.471,1,Atta_1,1331.5,107.5,36.4,-47.0,1.1,,,,
33.471,2,Atta_2,750.8,140.4,3.1,-27.4,2.3,,,,
33.471,3,Atta_3,1592.8,742.4,266.1,-43.0,-2.5,,,,
33.471,4,Atta_4,930.6,1130.1,122.7,10.3,4.7,,,,
33.471,5,Atta_5,306.8,962.3,132.8,96.7,4.8,,,,
33.471,6,Atta_6,149.0,1328.0,280.4,50.4,-0.3,,,,
33.471,7,Atta_7,148.6,1908.8,174.9,58.2,3.5,,,,
33.471,8,Atta_8,238.6,2605.3,45.9,-21.5,-2.2,,,,
33.471,9,Atta_9,1806.1,1828.9,305.7,-39.6,-1.9,,,,
33.471,10,Atta_10,476.5,2511.7,274.1,43.9,5.8,,,,
33.54,1,Atta_1,1367.0,151.0,36.1,56.1,-0.3,,,,
33.54,2,Atta_2,765.8,88.8,7.1,53.7,4.0,,,,
33.54,3,Atta_3,1595.2,694.5,271.2,48.0,5.1,,,,
33.54,4,Atta_4,892.8,1170.4,119.3,55.3,-3.4,,,,
33.54,5,Atta_5,208.3,899.1,138.9,117.0,6.1,,,,
33.54,6,Atta_6,178.7,1278.2,285.3,58.0,4.9,,,,
33.54,7,Atta_7,163.0,1882.3,179.2,-30.2,4.3,,,,
33.54,8,Atta_8,254.3,2485.2,42.8,-121.1,-3.1,,,,
33.54,9,Atta_9,1852.7,1865.9,310.4,-59.5,4.7,,,,
33.54,10,Atta_10,464.7,2520.6,279.6,-14.8,5.5,,,,
33.61,1,Atta_1,1361.1,180.7,36.4,30.3,0.3,,,,
33.61,2,Atta_2,733.1,156.0,15.1,-74.7,8.0,,,,
33.61,3,Atta_3,1623.9,670.5,270.5,37.4,-0.7,,,,
33.61,4,Atta_4,911.5,1190.2,118.0,27.2,-1.3,,,,
33.61,5,Atta_5,232.5,908.4,144.3,-25.9,5.4,,,,
33.61,6,Atta_6,120.4,1311.8,292.4,-67.3,7.1,,,,
33.61,7,Atta_7,139.6,1854.5,184.3,36.3,5.1,,,,
33.61,8,Atta_8,237.9,2577.4,35.6,93.6,-7.2,,,,
33.61,9,Atta_9,1841.0,1827.9,312.9,39.8,2.5,,,,
33.61,10,Atta_10,436.9,2505.4,281.8,31.7,2.2,,,,
33.728,1,Atta_1,1308.2,225.8,43.1,-69.5,6.7,,,,
33.728,2,Atta_2,791.3,166.7,18.2,59.2,3.1,,,,
33.728,3,Atta_3,1564.5,660.4,273.4,60.3,2.9,,,,
33.728,4,Atta_4,881.9,1217.1,114.6,40.0,-3.4,,,,
33.728,5,Atta_5,252.7,917.8,149.9,-22.3,5.6,,,,
33.728,6,Atta_6,215.1,1315.5,297.4,94.8,5.0,,,,
33.728,7,Atta_7,186.1,1898.3,189.6,-63.9,5.3,,,,
33.728,8,Atta_8,245.1,2590.2,33.1,14.7,-2.5,,,,
33.728,9,Atta_9,1901.2,1798.6,306.6,67.0,-6.3,,,,
33.728,10,Atta_10,449.9,2501.6,284.7,13.5,2.9,,,,
33.779,1,Atta_1,1361.2,224.7,50.0,53.0,6.9,,,,
33.779,2,Atta_2,781.4,146.5,24.2,-22.5,6.0,,,,
33.779,3,Atta_3,1580.5,718.6,268.2,-60.4,-5.2,,,,
33.779,4,Atta_4,851.8,1218.5,121.2,30.1,6.6,,,,
33.779,5,Atta_5,220.4,880.6,154.1,49.3,4.2,,,,
33.779,6,Atta_6,173.3,1353.6,302.4,-56.6,5.0,,,,
33.779,7,Atta_7,151.2,1930.6,193.7,47.6,4.1,,,,
33.779,8,Atta_8,252.8,2613.2,25.3,24.3,-7.8,,,,
33.779,9,Atta_9,1934.7,1834.9,305.3,-49.4,-1.3,,,,
33.779,10,Atta_10,482.1,2518.6,291.5,-36.4,6.8,,,,
33.848,1,Atta_1,1337.7,188.6,54.3,-43.1,4.3,,,,
33.848,2,Atta_2,763.5,122.7,24.6,-29.8,0.4,,,,
33.848,3,Atta_3,1591.8,711.8,273.2,13.2,5.0,,,,
33.848,4,Atta_4,929.7,1200.1,118.1,-80.0,-3.1,,,,
33.848,5,Atta_5,279.8,916.6,158.4,-69.5,4.3,,,,
33.848,6,Atta_6,191.6,1233.5,305.3,121.5,2.9,,,,
33.848,7,Atta_7,199.3,1873.7,196.7,-74.5,3.0,,,,
33.848,8,Atta_8,251.2,2578.9,25.6,-34.3,0.3,,,,
33.848,9,Atta_9,1868.9,1809.0,310.5,-70.7,5.2,,,,
33.848,10,Atta_10,440.4,2491.6,297.2,49.7,5.7,,,,
33.916,1,Atta_1,1329.6,148.0,58.9,-41.4,4.6,,,,
33.916,2,Atta_2,809.2,117.0,24.9,46.1,0.3,,,,
33.916,3,Atta_3,1602.2,628.3,272.2,84.1,-1.0,,,,
33.916,4,Atta_4,915.1,1190.3,119.4,-17.6,1.3,,,,
33.916,5,Atta_5,217.1,859.0,164.5,85.1,6.1,,,,
33.916,6,Atta_6,122.6,1263.6,307.2,-75.3,1.9,,,,
33.916,7,Atta_7,159.4,1887.3,200.6,42.2,3.9,,,,
33.916,8,Atta_8,237.4,2579.4,16.4,-13.8,-9.2,,,,
33.916,9,Atta_9,1880.0,1846.6,307.6,-39.2,-2.9,,,,
33.916,10,Atta_10,469.7,2468.7,298.9,37.2,1.7,,,,
33.986,1,Atta_1,1306.9,198.5,57.2,55.4,-1.7,,,,
33.986,2,Atta_2,838.0,173.3,24.3,63.2,-0.6,,,,
33.986,3,Atta_3,1589.4,636.4,269.1,-15.1,-3.1,,,,
33.986,4,Atta_4,948.4,1189.8,124.9,-33.3,5.5,,,,
33.986,5,Atta_5,249.5,882.4,167.7,-40.0,3.2,,,,
33.986,6,Atta_6,153.1,1331.3,313.0,-74.3,5.8,,,,
33.986,7,Atta_7,231.8,1899.4,210.0,-73.4,9.4,,,,
33.986,8,Atta_8,241.4,2522.3,14.4,-57.2,-2.0,,,,
33.986,9,Atta_9,1894.1,1780.0,306.6,68.1,-1.0,,,,
33.986,10,Atta_10,447.1,2520.6,305.6,-56.6,6.7,,,,
34.054,1,Atta_1,1376.4,159.5,62.9,79.7,5.7,,,,
34.054,2,Atta_2,783.3,141.5,22.3,-63.3,-2.0,,,,
34.054,3,Atta_3,1593.5,632.0,270.5,6.0,1.4,,,,
34.054,4,Atta_4,883.6,1235.1,134.7,79.1,9.8,,,,
34.054,5,Atta_5,290.7,977.0,176.0,-103.2,8.3,,,,
34.054,6,Atta_6,201.4,1310.9,315.2,52.4,2.2,,,,
34.054,7,Atta_7,177.4,1949.7,207.8,74.1,-2.2,,,,
34.054,8,Atta_8,205.4,2548.0,9.4,-44.2,-5.0,,,,
34.054,9,Atta_9,1888.5,1859.0,306.3,-79.2,-0.3,,,,
34.054,10,Atta_10,464.5,2480.8,313.2,43.4,7.6,,,,
34.123,1,Atta_1,1333.5,131.7,70.0,-51.1,7.1,,,,
34.123,2,Atta_2,768.6,167.5,21.0,-29.9,-1.3,,,,
34.123,3,Atta_3,1589.3,578.2,266.7,54.0,-3.8,,,,
34.123,4,Atta_4,920.4,1229.7,135.8,-37.2,1.1,,,,
34.123,5,Atta_5,255.8,967.6,175.7,36.1,-0.3,,,,
34.123,6,Atta_6,154.2,1340.4,323.1,-55.7,7.9,,,,
34.123,7,Atta_7,145.7,1901.0,219.3,58.1,11.5,,,,
34.123,8,Atta_8,237.4,2555.3,5.7,32.8,-3.7,,,,
34.123,9,Atta_9,1958.9,1769.1,302.3,114.2,-4.0,,,,
34.123,10,Atta_10,442.8,2529.5,315.1,-53.3,1.9,,,,
34.193,1,Atta_1,1394.7,173.4,75.8,74.1,5.8,,,,
34.193,2,Atta_2,716.0,184.1,23.3,-55.2,2.3,,,,
34.193,3,Atta_3,1616.3,600.3,271.7,-34.9,5.0,,,,
34.193,4,Atta_4,858.9,1232.3,144.1,61.6,8.3,,,,
34.193,5,Atta_5,170.6,903.4,182.9,106.7,7.2,,,,
34.193,6,Atta_6,161.1,1358.6,327.2,-19.5,4.1,,,,
34.193,7,Atta_7,170.4,1895.4,221.2,-25.3,1.9,,,,
34.193,8,Atta_8,241.7,2545.9,0.6,10.3,-5.1,,,,
34.193,9,Atta_9,1897.0,1788.8,301.1,-65.0,-1.2,,,,
34.193,10,Atta_10,452.6,2477.7,318.4,52.7,3.3,,,,
34.255,1,Atta_1,1346.9,200.5,79.4,54.9,3.6,,,,
34.255,2,Atta_2,823.0,109.0,24.1,130.7,0.8,,,,
34.255,3,Atta_3,1621.4,555.6,270.9,45.0,-0.8,,,,
34.255,4,Atta_4,907.9,1212.7,146.2,-52.8,2.1,,,,
34.255,5,Atta_5,248.6,901.5,184.2,-78.0,1.3,,,,
34.255,6,Atta_6,165.7,1281.4,328.9,77.3,1.7,,,,
34.255,7,Atta_7,215.1,1910.7,223.2,-47.2,2.0,,,,
34.255,8,Atta_8,242.3,2533.9,358.2,12.0,-2.4,,,,
34.255,9,Atta_9,1894.9,1799.6,297.7,-11.0,-3.4,,,,
34.255,10,Atta_10,425.4,2457.3,319.3,-34.0,0.9,,,,
34.326,1,Atta_1,1361.2,158.4,84.7,-44.5,5.3,,,,
34.326,2,Atta_2,816.4,119.4,20.2,-12.3,-3.9,,,,
34.326,3,Atta_3,1648.0,586.7,268.6,-40.9,-2.3,,,,
34.326,4,Atta_4,911.1,1294.9,150.2,82.3,4.0,,,,
34.326,5,Atta_5,232.2,944.0,187.2,45.6,3.0,,,,
34.326,6,Atta_6,167.7,1368.7,335.6,-87.3,6.7,,,,
34.326,7,Atta_7,135.2,1883.6,229.7,84.4,6.5,,,,
34.326,8,Atta_8,256.1,2607.7,351.5,75.1,-6.7,,,,
34.326,9,Atta_9,1879.7,1788.6,287.2,18.8,-10.5,,,,
34.326,10,Atta_10,477.1,2436.2,324.9,55.8,5.6,,,,
34.394,1,Atta_1,1379.0,211.9,88.3,56.4,3.6,,,,
34.394,2,Atta_2,869.2,174.1,24.1,76.0,3.9,,,,
34.394,3,Atta_3,1595.9,556.7,273.7,60.1,5.1,,,,
34.394,4,Atta_4,851.4,1163.2,154.8,-144.6,4.6,,,,
34.394,5,Atta_5,246.2,915.1,192.4,-32.1,5.2,,,,
34.394,6,Atta_6,162.9,1361.1,341.6,-9.0,6.0,,,,
34.394,7,Atta_7,181.3,1904.4,230.9,-50.6,1.2,,,,
34.394,8,Atta_8,240.7,2542.8,351.1,-66.7,-0.4,,,,
34.394,9,Atta_9,1901.6,1716.4,285.3,75.4,-1.9,,,,
34.394,10,Atta_10,461.7,2479.5,330.7,-46.0,5.8,,,,
34.463,1,Atta_1,1362.2,166.6,95.8,-48.3,7.5,,,,
34.463,2,Atta_2,893.3,156.9,21.6,29.6,-2.5,,,,
34.463,3,Atta_3,1620.9,505.8,271.2,56.7,-2.5,,,,
34.463,4,Atta_4,847.8,1204.9,157.2,41.9,2.4,,,,
34.463,5,Atta_5,204.6,921.6,193.8,42.1,1.4,,,,
34.463,6,Atta_6,131.2,1398.2,345.2,-48.8,3.6,,,,
34.463,7,Atta_7,133.4,1882.3,236.7,52.8,5.8,,,,
34.463,8,Atta_8,236.0,2576.9,354.0,-34.4,2.9,,,,
34.463,9,Atta_9,1889.8,1801.1,280.5,-85.5,-4.8,,,,
34.463,10,Atta_10,472.7,2538.7,336.0,-60.2,5.3,,,,
34.534,1,Atta_1,1381.0,149.1,99.7,-25.7,3.9,,,,
34.534,2,Atta_2,823.8,151.8,21.1,-69.7,-0.5,,,,
34.534,3,Atta_3,1596.7,560.7,271.3,-60.0,0.1,,,,
34.534,4,Atta_4,822.1,1240.5,164.5,43.9,7.3,,,,
34.534,5,Atta_5,231.6,888.2,201.0,-42.9,7.2,,,,
34.534,6,Atta_6,135.2,1317.0,351.3,81.3,6.1,,,,
34.534,7,Atta_7,167.5,1864.9,238.3,-38.3,1.6,,,,
34.534,8,Atta_8,296.7,2508.9,352.1,91.2,-1.9,,,,
34.534,9,Atta_9,1892.0,1781.1,279.3,20.1,-1.2,,,,
34.534,10,Atta_10,460.9,2529.3,341.2,-15.1,5.2,,,,
34.6,1,Atta_1,1315.8,176.4,102.2,70.7,2.5,,,,
34.6,2,Atta_2,809.1,172.5,20.6,-25.4,-0.5,,,,
34.6,3,Atta_3,1592.9,504.3,273.6,56.5,2.3,,,,
34.6,4,Atta_4,837.8,1239.6,168.2,-15.7,3.7,,,,
34.6,5,Atta_5,217.0,939.0,208.3,-52.9,7.3,,,,
34.6,6,Atta_6,166.6,1316.9,352.2,31.4,0.9,,,,
34.6,7,Atta_7,188.3,1894.9,246.5,-36.5,8.2,,,,
34.6,8,Atta_8,307.8,2554.3,353.2,46.7,1.1,,,,
34.6,9,Atta_9,1924.8,1765.5,278.9,36.3,-0.4,,,,
34.6,10,Atta_10,482.9,2552.1,345.4,31.7,4.2,,,,
34.669,1,Atta_1,1334.9,176.5,107.4,-19.1,5.2,,,,
34.669,2,Atta_2,900.9,165.9,24.1,92.0,3.5,,,,
34.669,3,Atta_3,1661.6,536.5,273.2,-75.9,-0.4,,,,
34.669,4,Atta_4,849.6,1141.9,172.3,-98.4,4.1,,,,
34.669,5,Atta_5,295.8,879.5,207.6,-98.7,-0.7,,,,
34.669,6,Atta_6,156.5,1319.1,358.9,-10.3,6.7,,,,
34.669,7,Atta_7,156.8,1904.4,250.3,32.9,3.8,,,,
34.669,8,Atta_8,230.4,2582.8,356.8,-82.5,3.6,,,,
34.669,9,Atta_9,1937.0,1776.4,280.5,-16.4,1.6,,,,
34.669,10,Atta_10,425.4,2503.7,346.1,-75.2,0.7,,,,
34.735,1,Atta_1,1359.8,129.9,111.9,-52.8,4.5,,,,
34.735,2,Atta_2,889.9,184.6,21.0,-21.7,-3.1,,,,
34.735,3,Atta_3,1602.7,510.6,275.4,64.3,2.2,,,,
34.735,4,Atta_4,824.6,1195.5,177.5,59.1,5.2,,,,
34.735,5,Atta_5,244.6,933.2,211.6,74.2,4.0,,,,
34.735,6,Atta_6,108.4,1298.8,4.8,-52.2,5.9,,,,
34.735,7,Atta_7,125.8,1929.9,255.5,-40.1,5.2,,,,
34.735,8,Atta_8,229.2,2551.3,352.2,31.5,-4.6,,,,
34.735,9,Atta_9,1949.9,1758.1,278.4,22.4,-2.1,,,,
34.735,10,Atta_10,509.1,2451.9,352.0,98.4,5.9,,,,
34.8,1,Atta_1,1413.4,220.6,118.3,105.4,6.4,,,,
34.8,2,Atta_2,983.3,150.3,20.0,99.5,-1.0,,,,
34.8,3,Atta_3,1585.1,517.9,276.1,-19.1,0.7,,,,
34.8,4,Atta_4,860.6,1195.4,180.5,-36.0,3.0,,,,
34.8,5,Atta_5,241.4,879.5,218.8,53.8,7.2,,,,
34.8,6,Atta_6,136.9,1324.8,8.2,38.6,3.4,,,,
34.8,7,Atta_7,168.3,1903.9,260.9,49.8,5.4,,,,
34.8,8,Atta_8,308.1,2491.9,353.0,98.8,0.8,,,,
34.8,9,Atta_9,1894.7,1805.8,276.4,-73.0,-2.0,,,,
34.8,10,Atta_10,431.4,2561.5,0.2,-134.3,8.2,,,,
34.866,1,Atta_1,1382.2,182.4,119.2,-49.3,0.9,,,,
34.866,2,Atta_2,899.3,244.4,17.5,-126.1,-2.5,,,,
34.866,3,Atta_3,1611.9,533.0,279.5,-30.8,3.4,,,,
34.866,4,Atta_4,852.9,1188.2,186.1,10.5,5.6,,,,
34.866,5,Atta_5,278.5,944.1,215.3,-74.5,-3.5,,,,
34.866,6,Atta_6,141.7,1342.7,3.4,18.5,-4.8,,,,
34.866,7,Atta_7,181.1,1942.0,265.2,-40.2,4.3,,,,
34.866,8,Atta_8,301.2,2568.2,354.8,-76.6,1.8,,,,
34.866,9,Atta_9,1929.6,1805.8,272.0,34.9,-4.4,,,,
34.866,10,Atta_10,461.0,2490.1,4.7,77.3,4.5,,,,
34.932,1,Atta_1,1337.5,115.6,121.9,-80.4,2.7,,,,
34.932,2,Atta_2,879.2,159.0,13.7,-87.7,-3.8,,,,
34.932,3,Atta_3,1604.4,529.4,289.0,8.3,9.5,,,,
34.932,4,Atta_4,889.9,1221.7,191.8,-49.9,5.7,,,,
34.932,5,Atta_5,258.2,908.7,215.6,40.8,0.3,,,,
34.932,6,Atta_6,170.7,1339.2,6.3,29.2,2.9,,,,
34.932,7,Atta_7,145.8,1906.7,273.0,49.9,7.8,,,,
34.932,8,Atta_8,260.0,2543.1,350.0,-48.2,-4.8,,,,
34.932,9,Atta_9,1957.9,1807.6,271.6,-28.4,-0.4,,,,
34.932,10,Atta_10,497.8,2548.0,5.5,68.6,0.8,,,,
34.998,1,Atta_1,1312.2,197.1,122.3,85.3,0.4,,,,
34.998,2,Atta_2,845.9,131.8,12.3,-43.0,-1.4,,,,
34.998,3,Atta_3,1586.8,498.4,290.4,35.6,1.4,,,,
34.998,4,Atta_4,861.4,1216.9,193.3,28.9,1.5,,,,
34.998,5,Atta_5,253.8,887.1,218.1,22.0,2.5,,,,
34.998,6,Atta_6,195.7,1290.9,6.0,54.4,-0.3,,,,
34.998,7,Atta_7,183.6,1849.7,276.0,68.4,3.0,,,,
34.998,8,Atta_8,314.7,2539.4,351.6,54.8,1.6,,,,
34.998,9,Atta_9,1891.0,1833.6,268.0,-71.8,-3.6,,,,
34.998,10,Atta_10,473.8,2409.8,10.9,-140.3,5.4,,,,
35.133,1,Atta_1,1334.8,175.0,124.0,-31.6,1.7,,,,
35.133,2,Atta_2,945.4,226.2,7.1,137.2,-5.2,,,,
35.133,3,Atta_3,1621.4,500.7,296.0,34.7,5.6,,,,
35.133,4,Atta_4,925.6,1176.8,198.2,-75.7,4.9,,,,
35.133,5,Atta_5,258.0,1019.1,214.1,-132.1,-4.0,,,,
35.133,6,Atta_6,149.9,1277.7,3.6,-47.7,-2.4,,,,
35.133,7,Atta_7,152.8,1896.4,275.8,-55.9,-0.2,,,,
35.133,8,Atta_8,373.1,2576.1,349.7,69.0,-1.9,,,,
35.133,9,Atta_9,1936.9,1838.6,264.2,-46.2,-3.8,,,,
35.133,10,Atta_10,491.3,2458.3,20.1,51.6,9.2,,,,
35.201,1,Atta_1,1360.2,189.9,128.5,-29.4,4.5,,,,
35.201,2,Atta_2,868.8,204.6,1.6,-79.6,-5.5,,,,
35.201,3,Atta_3,1611.3,511.0,300.1,-14.4,4.1,,,,
35.201,4,Atta_4,929.9,1132.3,208.2,44.7,10.0,,,,
35.201,5,Atta_5,198.4,855.9,217.0,173.7,2.9,,,,
35.201,6,Atta_6,210.8,1308.1,4.6,68.1,1.0,,,,
35.201,7,Atta_7,157.7,1874.0,283.6,22.9,7.8,,,,
35.201,8,Atta_8,330.2,2581.6,356.0,-43.3,6.3,,,,
35.201,9,Atta_9,1971.3,1777.1,256.4,70.5,-7.8,,,,
35.201,10,Atta_10,493.6,2502.2,23.2,44.0,3.1,,,,
35.268,1,Atta_1,1410.6,162.3,127.1,-57.5,-1.4,,,,
35.268,2,Atta_2,903.6,149.1,357.9,65.5,-3.7,,,,
35.268,3,Atta_3,1545.0,541.9,305.3,-73.1,5.2,,,,
35.268,4,Atta_4,888.0,1149.4,205.2,45.3,-3.0,,,,
35.268,5,Atta_5,260.8,944.0,218.6,-108.0,1.6,,,,
35.268,6,Atta_6,235.2,1322.6,4.4,28.4,-0.2,,,,
35.268,7,Atta_7,148.2,1943.6,288.4,-70.2,4.8,,,,
35.268,8,Atta_8,345.8,2512.3,351.5,71.0,-4.5,,,,
35.268,9,Atta_9,1928.1,1782.4,253.6,43.5,-2.8,,,,
35.268,10,Atta_10,483.3,2487.2,24.4,-18.2,1.2,,,,
35.337,1,Atta_1,1373.7,195.6,125.4,49.7,-1.7,,,,
35.337,2,Atta_2,940.3,155.1,352.9,37.2,-5.0,,,,
35.337,3,Atta_3,1650.4,530.3,311.5,106.0,6.2,,,,
35.337,4,Atta_4,912.1,1270.8,209.7,-123.8,4.5,,,,
35.337,5,Atta_5,189.4,864.4,216.1,106.9,-2.5,,,,
35.337,6,Atta_6,153.6,1302.7,7.2,-84.0,2.8,,,,
35.337,7,Atta_7,171.4,1939.0,294.7,23.7,6.3,,,,
35.337,8,Atta_8,289.9,2552.9,353.9,-69.1,2.4,,,,
35.337,9,Atta_9,1909.6,1780.6,247.1,18.6,-6.5,,,,
35.337,10,Atta_10,433.7,2480.6,31.3,-50.0,6.9,,,,
35.403,1,Atta_1,1394.3,146.2,125.6,-53.5,0.2,,,,
35.403,2,Atta_2,939.0,138.7,349.0,16.5,-3.9,,,,
35.403,3,Atta_3,1559.4,500.3,315.5,-95.8,4.0,,,,
35.403,4,Atta_4,885.6,1213.8,216.1,62.9,6.4,,,,
35.403,5,Atta_5,209.9,896.2,216.2,-37.8,0.1,,,,
35.403,6,Atta_6,214.7,1281.1,6.4,64.8,-0.8,,,,
35.403,7,Atta_7,122.9,1886.5,296.3,71.5,1.6,,,,
35.403,8,Atta_8,230.9,2596.9,350.7,-73.6,-3.2,,,,
35.403,9,Atta_9,1933.3,1746.0,249.1,41.9,2.0,,,,
35.403,10,Atta_10,456.4,2530.2,32.7,54.5,1.4,,,,
35.472,1,Atta_1,1380.9,188.1,120.3,44.0,-5.3,,,,
35.472,2,Atta_2,856.6,164.3,344.4,-86.3,-4.6,,,,
35.472,3,Atta_3,1624.8,506.4,319.5,65.7,4.0,,,,
35.472,4,Atta_4,895.3,1184.3,219.8,31.1,3.7,,,,
35.472,5,Atta_5,234.8,857.1,218.0,46.4,1.8,,,,
35.472,6,Atta_6,196.8,1352.3,3.7,-73.4,-2.7,,,,
35.472,7,Atta_7,232.3,1879.7,302.0,109.6,5.7,,,,
35.472,8,Atta_8,297.5,2564.8,352.3,73.9,1.6,,,,
35.472,9,Atta_9,1866.3,1749.2,239.8,67.1,-9.3,,,,
35.472,10,Atta_10,491.2,2554.4,37.8,42.4,5.1,,,,
35.541,1,Atta_1,1345.4,189.8,124.2,35.5,3.9,,,,
35.541,2,Atta_2,863.8,195.1,338.1,-31.6,-6.3,,,,
35.541,3,Atta_3,1606.2,516.3,328.5,-21.1,9.0,,,,
35.541,4,Atta_4,879.4,1223.4,229.3,-42.2,9.5,,,,
35.541,5,Atta_5,183.4,874.5,215.9,54.3,-2.1,,,,
35.541,6,Atta_6,175.7,1346.6,5.1,-21.9,1.4,,,,
35.541,7,Atta_7,242.5,1912.0,308.6,-33.9,6.6,,,,
35.541,8,Atta_8,190.4,2565.7,351.2,-107.1,-1.1,,,,
35.541,9,Atta_9,1934.7,1759.6,229.8,-69.2,-10.0,,,,
35.541,10,Atta_10,396.9,2479.4,38.1,-120.5,0.3,,,,
35.674,1,Atta_1,1289.7,227.6,125.1,67.3,0.9,,,,
35.674,2,Atta_2,870.4,150.5,325.8,45.1,-12.3,,,,
35.674,3,Atta_3,1597.6,499.1,336.5,19.2,8.0,,,,
35.674,4,Atta_4,909.7,1176.4,233.8,55.9,4.5,,,,
35.674,5,Atta_5,168.5,816.5,215.9,59.9,0.0,,,,
35.674,6,Atta_6,295.1,1325.7,4.0,121.2,-1.1,,,,
35.674,7,Atta_7,240.6,1890.7,313.7,21.4,5.1,,,,
35.674,8,Atta_8,296.5,2559.8,358.0,106.3,6.8,,,,
35.674,9,Atta_9,1908.1,1772.4,225.7,29.5,-4.1,,,,
35.674,10,Atta_10,478.1,2545.5,35.5,104.7,-2.6,,,,
35.744,1,Atta_1,1311.5,219.8,124.0,-23.2,-1.1,,,,
35.744,2,Atta_2,867.4,196.6,322.7,-46.2,-3.1,,,,
35.744,3,Atta_3,1612.5,478.2,338.6,25.7,2.1,,,,
35.744,4,Atta_4,861.1,1193.8,236.3,51.6,2.5,,,,
35.744,5,Atta_5,193.9,872.3,215.6,-61.3,-0.3,,,,
35.744,6,Atta_6,279.2,1323.5,3.3,-16.1,-0.7,,,,
35.744,7,Atta_7,191.3,1841.1,318.3,69.9,4.6,,,,
35.744,8,Atta_8,247.1,2524.0,4.5,-61.0,6.5,,,,
35.744,9,Atta_9,1884.6,1795.4,220.3,-32.9,-5.4,,,,
35.744,10,Atta_10,452.9,2487.4,38.5,-63.3,3.0,,,,
35.813,1,Atta_1,1284.1,266.4,124.5,54.1,0.5,,,,
35.813,2,Atta_2,930.9,113.0,314.8,105.0,-7.9,,,,
35.813,3,Atta_3,1617.1,535.9,343.7,-57.9,5.1,,,,
35.813,4,Atta_4,875.4,1178.3,246.2,21.1,9.9,,,,
35.813,5,Atta_5,84.8,832.7,213.4,116.1,-2.2,,,,
35.813,6,Atta_6,266.0,1350.3,8.3,-29.9,5.0,,,,
35.813,7,Atta_7,160.7,1930.6,331.8,-94.6,13.5,,,,
35.813,8,Atta_8,178.2,2530.8,10.6,-69.2,6.1,,,,
35.813,9,Atta_9,1926.6,1779.1,214.9,-45.1,-5.4,,,,
35.813,10,Atta_10,403.8,2508.4,45.0,-53.4,6.5,,,,
35.938,1,Atta_1,1356.4,270.4,124.3,-72.4,-0.2,,,,
35.938,2,Atta_2,922.0,149.3,311.2,-37.4,-3.6,,,,
35.938,3,Atta_3,1602.8,493.5,338.9,-44.7,-4.8,,,,
35.938,4,Atta_4,867.6,1180.6,252.0,8.1,5.8,,,,
35.938,5,Atta_5,135.9,799.7,215.8,-60.8,2.4,,,,
35.938,6,Atta_6,309.5,1363.7,8.0,45.5,-0.3,,,,
35.938,7,Atta_7,173.7,1940.6,332.0,16.4,0.2,,,,
35.938,8,Atta_8,165.6,2586.3,14.0,-56.9,3.4,,,,
35.938,9,Atta_9,1914.2,1789.8,208.4,16.4,-6.5,,,,
35.938,10,Atta_10,464.1,2458.7,47.2,78.1,2.2,,,,
36.002,1,Atta_1,1310.1,239.9,129.0,55.4,4.7,,,,
36.002,2,Atta_2,893.7,214.3,310.6,-70.9,-0.6,,,,
36.002,3,Atta_3,1603.7,501.8,342.4,-8.3,3.5,,,,
36.002,4,Atta_4,834.1,1153.4,252.1,43.2,0.1,,,,
36.002,5,Atta_5,117.0,800.5,214.8,18.9,-1.0,,,,
36.002,6,Atta_6,275.2,1406.3,9.3,-54.7,1.3,,,,
36.002,7,Atta_7,175.2,1829.1,334.7,111.5,2.7,,,,
36.002,8,Atta_8,221.9,2535.0,22.4,76.2,8.4,,,,
36.002,9,Atta_9,1907.7,1776.8,202.2,14.5,-6.2,,,,
36.002,10,Atta_10,531.2,2512.7,52.0,86.1,4.8,,,,
36.07,1,Atta_1,1276.6,360.3,128.1,125.0,-0.9,,,,
36.07,2,Atta_2,883.9,179.7,309.9,36.0,-0.7,,,,
36.07,3,Atta_3,1604.0,516.3,344.9,-14.5,2.5,,,,
36.07,4,Atta_4,885.0,1216.1,261.8,-80.8,9.7,,,,
36.07,5,Atta_5,117.8,851.6,218.4,-51.1,3.6,,,,
36.07,6,Atta_6,341.1,1317.7,5.3,110.4,-4.0,,,,
36.07,7,Atta_7,203.9,1857.5,334.5,40.4,-0.2,,,,
36.07,8,Atta_8,288.8,2597.1,26.1,91.3,3.7,,,,
36.07,9,Atta_9,1882.5,1808.3,199.6,40.3,-2.6,,,,
36.07,10,Atta_10,425.8,2564.6,58.2,-117.5,6.2,,,,
36.141,1,Atta_1,1312.1,290.5,128.1,-78.3,0.0,,,,
36.141,2,Atta_2,917.7,193.0,308.1,36.3,-1.8,,,,
36.141,3,Atta_3,1617.4,506.8,342.0,16.4,-2.9,,,,
36.141,4,Atta_4,852.0,1153.7,263.6,70.6,1.8,,,,
36.141,5,Atta_5,103.5,760.5,217.5,92.2,-0.9,,,,
36.141,6,Atta_6,267.3,1298.9,4.7,-76.2,-0.6,,,,
36.141,7,Atta_7,135.5,1860.9,335.1,-68.5,0.6,,,,
36.141,8,Atta_8,249.4,2568.5,29.6,-48.7,3.5,,,,
36.141,9,Atta_9,1888.3,1838.0,200.0,-30.3,0.4,,,,
36.141,10,Atta_10,409.6,2531.2,62.8,-37.1,4.6,,,,
36.194,1,Atta_1,1269.5,278.5,127.1,44.3,-1.0,,,,
36.194,2,Atta_2,930.7,156.6,304.9,38.7,-3.2,,,,
36.194,3,Atta_3,1617.5,501.7,341.9,5.1,-0.1,,,,
36.194,4,Atta_4,880.8,1184.6,267.3,-42.2,3.7,,,,
36.194,5,Atta_5,81.7,855.2,217.0,-97.2,-0.5,,,,
36.194,6,Atta_6,334.7,1380.3,4.9,105.7,0.2,,,,
36.194,7,Atta_7,218.6,1868.0,333.7,83.4,-1.4,,,,
36.194,8,Atta_8,235.5,2551.4,33.1,-22.0,3.5,,,,
36.194,9,Atta_9,1939.2,1786.8,190.7,-72.2,-9.3,,,,
36.194,10,Atta_10,461.2,2518.6,66.2,53.1,3.4,,,,
36.264,1,Atta_1,1310.7,308.9,126.8,-51.2,-0.3,,,,
36.264,2,Atta_2,939.8,184.9,305.2,-29.7,0.3,,,,
36.264,3,Atta_3,1663.6,566.7,329.0,79.7,-12.9,,,,
36.264,4,Atta_4,907.3,1208.8,271.0,-35.9,3.7,,,,
36.264,5,Atta_5,121.4,809.1,218.5,-60.8,1.5,,,,
36.264,6,Atta_6,314.3,1377.8,5.9,-20.6,1.0,,,,
36.264,7,Atta_7,162.4,1848.8,334.0,-59.4,0.3,,,,
36.264,8,Atta_8,221.8,2565.5,34.1,-19.7,1.0,,,,
36.264,9,Atta_9,1889.1,1795.8,185.5,50.9,-5.2,,,,
36.264,10,Atta_10,471.8,2491.5,69.6,-29.1,3.4,,,,
36.334,1,Atta_1,1230.8,311.2,126.4,79.9,-0.4,,,,
36.334,2,Atta_2,872.5,184.2,311.1,-67.3,5.9,,,,
36.334,3,Atta_3,1616.4,491.9,327.7,-88.4,-1.3,,,,
36.334,4,Atta_4,881.1,1155.1,279.8,59.8,8.8,,,,
36.334,5,Atta_5,120.3,842.2,218.7,-33.1,0.2,,,,
36.334,6,Atta_6,381.0,1285.9,7.8,113.6,1.9,,,,
36.334,7,Atta_7,119.0,1891.0,336.8,-60.5,2.8,,,,
36.334,8,Atta_8,235.9,2572.2,39.8,15.6,5.7,,,,
36.334,9,Atta_9,1921.5,1756.5,183.3,-50.9,-2.2,,,,
36.334,10,Atta_10,519.9,2470.9,72.9,-52.3,3.3,,,,
36.404,1,Atta_1,1251.7,274.0,130.7,-42.7,4.3,,,,
36.404,2,Atta_2,922.5,212.0,307.7,57.2,-3.4,,,,
36.404,3,Atta_3,1573.6,522.2,324.7,-52.4,-3.0,,,,
36.404,4,Atta_4,846.4,1221.0,280.5,-74.5,0.7,,,,
36.404,5,Atta_5,111.2,823.5,217.9,20.8,-0.8,,,,
36.404,6,Atta_6,447.3,1365.0,6.5,103.2,-1.3,,,,
36.404,7,Atta_7,162.2,1920.2,334.2,52.1,-2.6,,,,
36.404,8,Atta_8,247.2,2593.7,46.4,24.3,6.6,,,,
36.404,9,Atta_9,1881.2,1789.6,179.7,52.2,-3.6,,,,
36.404,10,Atta_10,488.6,2515.5,76.1,54.5,3.2,,,,
36.472,1,Atta_1,1269.6,302.7,121.6,33.8,-9.1,,,,
36.472,2,Atta_2,919.9,186.0,308.3,26.1,0.6,,,,
36.472,3,Atta_3,1622.8,504.9,320.3,52.2,-4.4,,,,
36.472,4,Atta_4,905.7,1261.0,289.5,-71.5,9.0,,,,
36.472,5,Atta_5,116.8,799.4,218.2,24.7,0.3,,,,
36.472,6,Atta_6,367.9,1329.9,1.5,-86.8,-5.0,,,,
36.472,7,Atta_7,211.1,1898.8,337.8,53.4,3.6,,,,
36.472,8,Atta_8,277.2,2586.3,50.9,30.9,4.5,,,,
36.472,9,Atta_9,1879.2,1738.8,172.5,50.8,-7.2,,,,
36.472,10,Atta_10,488.6,2441.4,83.9,-74.1,7.8,,,,
36.542,1,Atta_1,1234.2,366.8,127.1,73.2,5.5,,,,
36.542,2,Atta_2,951.7,97.5,311.4,94.0,3.1,,,,
36.542,3,Atta_3,1621.7,577.7,316.3,-72.8,-4.0,,,,
36.542,4,Atta_4,862.5,1169.6,296.7,101.1,7.2,,,,
36.542,5,Atta_5,167.3,851.7,218.7,-72.7,0.5,,,,
36.542,6,Atta_6,429.1,1375.5,8.2,76.3,6.7,,,,
36.542,7,Atta_7,179.6,1888.0,331.8,-33.3,-6.0,,,,
36.542,8,Atta_8,213.5,2539.3,51.0,-79.2,0.1,,,,
36.542,9,Atta_9,1907.1,1781.6,170.0,-51.1,-2.5,,,,
36.542,10,Atta_10,458.3,2459.8,86.6,35.4,2.7,,,,
36.608,1,Atta_1,1284.2,376.2,127.5,-50.9,0.4,,,,
36.608,2,Atta_2,944.6,175.4,311.2,-78.2,-0.2,,,,
36.608,3,Atta_3,1699.6,530.9,309.1,90.9,-7.2,,,,
36.608,4,Atta_4,867.4,1217.9,294.7,-48.5,-2.0,,,,
36.608,5,Atta_5,165.4,877.6,220.0,-26.0,1.3,,,,
36.608,6,Atta_6,417.5,1363.4,6.0,-16.8,-2.2,,,,
36.608,7,Atta_7,207.0,1915.0,337.4,38.5,5.6,,,,
36.608,8,Atta_8,250.7,2554.7,48.0,40.3,-3.0,,,,
36.608,9,Atta_9,1958.6,1836.7,162.7,-75.4,-7.3,,,,
36.608,10,Atta_10,439.1,2518.6,94.2,61.9,7.6,,,,
36.675,1,Atta_1,1295.7,344.6,124.6,-33.6,-2.9,,,,
36.675,2,Atta_2,926.1,137.7,311.7,42.0,0.5,,,,
36.675,3,Atta_3,1608.3,486.1,305.7,-101.7,-3.4,,,,
36.675,4,Atta_4,880.8,1134.2,292.0,84.8,-2.7,,,,
36.675,5,Atta_5,174.0,886.5,223.3,-12.4,3.3,,,,
36.675,6,Atta_6,423.2,1332.0,4.0,31.9,-2.0,,,,
36.675,7,Atta_7,284.6,1873.3,334.3,88.1,-3.1,,,,
36.675,8,Atta_8,215.7,2564.6,49.7,-36.4,1.7,,,,
36.675,9,Atta_9,1916.1,1740.0,159.6,105.6,-3.1,,,,
36.675,10,Atta_10,462.4,2496.0,98.7,-32.5,4.5,,,,
36.744,1,Atta_1,1190.9,340.7,128.9,104.9,4.3,,,,
36.744,2,Atta_2,915.3,93.7,306.4,45.3,-5.3,,,,
36.744,3,Atta_3,1598.8,518.1,303.5,-33.4,-2.2,,,,
36.744,4,Atta_4,855.5,1200.6,292.5,-71.1,0.5,,,,
36.744,5,Atta_5,132.7,895.6,227.0,42.3,3.7,,,,
36.744,6,Atta_6,390.6,1384.8,6.3,-62.1,2.3,,,,
36.744,7,Atta_7,183.4,1859.0,333.0,-102.2,-1.3,,,,
36.744,8,Atta_8,225.6,2510.0,51.6,-55.5,1.9,,,,
36.744,9,Atta_9,1920.0,1728.8,154.0,-11.9,-5.6,,,,
36.744,10,Atta_10,440.0,2537.8,101.5,47.4,2.8,,,,
36.812,1,Atta_1,1203.9,393.6,127.9,54.5,-1.0,,,,
36.812,2,Atta_2,908.1,152.9,307.9,-59.6,1.5,,,,
36.812,3,Atta_3,1637.0,553.6,297.2,-52.1,-6.3,,,,
36.812,4,Atta_4,850.2,1231.5,293.8,-31.4,1.3,,,,
36.812,5,Atta_5,168.6,855.2,226.0,54.0,-1.0,,,,
36.812,6,Atta_6,475.5,1318.0,1.7,108.0,-4.6,,,,
36.812,7,Atta_7,252.8,1831.6,331.2,74.6,-1.8,,,,
36.812,8,Atta_8,285.9,2501.0,49.9,61.0,-1.7,,,,
36.812,9,Atta_9,1865.5,1840.0,151.6,123.8,-2.4,,,,
36.812,10,Atta_10,516.1,2478.1,107.9,-96.7,6.4,,,,
36.881,1,Atta_1,1258.6,375.2,125.8,-57.7,-2.1,,,,
36.881,2,Atta_2,922.5,139.0,310.5,20.0,2.6,,,,
36.881,3,Atta_3,1614.4,541.9,292.4,25.4,-4.8,,,,
36.881,4,Atta_4,913.0,1223.1,298.9,63.4,5.1,,,,
36.881,5,Atta_5,196.7,871.9,230.2,-32.7,4.2,,,,
36.881,6,Atta_6,442.8,1349.9,6.4,-45.7,4.7,,,,
36.881,7,Atta_7,266.1,1811.6,335.0,24.0,3.8,,,,
36.881,8,Atta_8,225.6,2617.6,50.4,131.3,0.5,,,,
36.881,9,Atta_9,1870.8,1794.9,145.7,-45.4,-5.9,,,,
36.881,10,Atta_10,496.6,2531.1,112.7,56.5,4.8,,,,
36.948,1,Atta_1,1166.0,431.5,127.5,108.4,1.7,,,,
36.948,2,Atta_2,1020.0,125.7,308.7,98.4,-1.8,,,,
36.948,3,Atta_3,1568.3,490.3,288.8,69.2,-3.6,,,,
36.948,4,Atta_4,896.7,1212.4,294.3,19.5,-4.6,,,,
36.948,5,Atta_5,137.9,903.0,236.6,66.5,6.4,,,,
36.948,6,Atta_6,446.2,1393.6,6.9,43.8,0.5,,,,
36.948,7,Atta_7,305.7,1861.4,333.5,63.6,-1.5,,,,
36.948,8,Atta_8,256.2,2547.2,49.5,-76.8,-0.9,,,,
36.948,9,Atta_9,1909.5,1779.1,144.4,-41.8,-1.3,,,,
36.948,10,Atta_10,488.9,2519.8,118.3,-13.7,5.6,,,,
37.011,1,Atta_1,1145.3,442.5,127.7,23.4,0.2,,,,
37.011,2,Atta_2,952.2,98.8,312.2,-72.9,3.5,,,,
37.011,3,Atta_3,1597.7,479.2,282.9,31.4,-5.9,,,,
37.011,4,Atta_4,889.1,1207.3,293.1,9.2,-1.2,,,,
37.011,5,Atta_5,108.0,811.0,238.3,96.7,1.7,,,,
37.011,6,Atta_6,462.2,1348.3,13.4,48.0,6.5,,,,
37.011,7,Atta_7,310.6,1863.2,334.5,5.2,1.0,,,,
37.011,8,Atta_8,192.6,2569.5,50.5,-67.4,1.0,,,,
37.011,9,Atta_9,1887.8,1735.4,136.3,-48.8,-8.1,,,,
37.011,10,Atta_10,455.4,2496.0,121.4,-41.1,3.1,,,,
37.062,1,Atta_1,1175.5,392.8,130.8,-58.2,3.1,,,,
37.062,2,Atta_2,937.9,135.9,309.7,-39.8,-2.5,,,,
37.062,3,Atta_3,1589.8,464.2,276.9,17.0,-6.0,,,,
37.062,4,Atta_4,911.6,1155.0,295.0,56.9,1.9,,,,
37.062,5,Atta_5,194.2,866.5,247.4,-102.5,9.1,,,,
37.062,6,Atta_6,446.4,1343.0,13.5,-16.7,0.1,,,,
37.062,7,Atta_7,323.0,1882.0,334.3,22.5,-0.2,,,,
37.062,8,Atta_8,306.9,2604.2,52.0,119.5,1.5,,,,
37.062,9,Atta_9,1808.4,1797.1,135.2,100.6,-1.1,,,,
37.062,10,Atta_10,484.1,2460.1,126.3,-46.0,4.9,,,,
37.128,2,Atta_2,929.5,78.8,313.2,57.7,3.5,,,,
37.128,3,Atta_3,1606.2,564.8,273.1,-101.9,-3.8,,,,
37.128,4,Atta_4,869.8,1224.2,296.4,-80.8,1.4,,,,
37.128,5,Atta_5,210.9,863.0,251.7,-17.1,4.3,,,,
37.128,6,Atta_6,466.9,1333.5,18.1,22.6,4.6,,,,
37.128,7,Atta_7,316.8,1849.8,335.0,32.8,0.7,,,,
37.128,8,Atta_8,291.1,2625.6,50.8,26.6,-1.2,,,,
37.128,9,Atta_9,1944.1,1748.4,128.4,-144.2,-6.8,,,,
37.128,10,Atta_10,501.0,2501.4,126.4,44.6,0.1,,,,
37.198,1,Atta_1,1169.6,434.8,127.2,42.4,-3.6,,,,
37.198,2,Atta_2,895.7,193.6,305.8,-119.7,-7.4,,,,
37.198,3,Atta_3,1603.1,471.7,271.8,93.2,-1.3,,,,
37.198,4,Atta_4,905.2,1247.1,295.0,-42.2,-1.4,,,,
37.198,5,Atta_5,139.6,857.1,252.4,71.5,0.7,,,,
37.198,6,Atta_6,509.6,1324.6,25.5,43.6,7.4,,,,
37.198,7,Atta_7,288.7,1848.2,334.7,-28.1,-0.3,,,,
37.198,8,Atta_8,253.7,2576.9,50.6,-61.4,-0.2,,,,
37.198,9,Atta_9,1928.1,1790.1,122.8,44.7,-5.6,,,,
37.198,10,Atta_10,463.2,2563.6,132.5,72.8,6.1,,,,
37.267,1,Atta_1,1172.0,414.4,127.4,-20.5,0.2,,,,
37.267,2,Atta_2,992.7,126.3,311.2,118.1,5.4,,,,
37.267,3,Atta_3,1641.0,499.8,271.1,-47.2,-0.7,,,,
37.267,4,Atta_4,889.4,1145.5,297.0,102.8,2.0,,,,
37.267,5,Atta_5,219.8,835.7,260.5,-83.0,8.1,,,,
37.267,6,Atta_6,471.8,1326.9,29.0,-37.9,3.5,,,,
37.267,7,Atta_7,334.0,1815.4,333.7,55.9,-1.0,,,,
37.267,8,Atta_8,273.1,2641.7,52.5,67.6,1.9,,,,
37.267,9,Atta_9,1938.8,1802.1,122.6,16.1,-0.2,,,,
37.267,10,Atta_10,434.6,2535.7,136.6,-40.0,4.1,,,,
37.336,1,Atta_1,1169.6,420.7,131.8,6.7,4.4,,,,
37.336,2,Atta_2,947.1,124.8,310.4,-45.6,-0.8,,,,
37.336,3,Atta_3,1604.1,543.1,269.2,-56.9,-1.9,,,,
37.336,4,Atta_4,939.2,1156.3,296.6,51.0,-0.4,,,,
37.336,5,Atta_5,168.5,873.0,268.1,-63.4,7.6,,,,
37.336,6,Atta_6,473.8,1337.4,31.8,10.7,2.8,,,,
37.336,7,Atta_7,327.7,1855.3,333.7,-40.4,0.0,,,,
37.336,8,Atta_8,329.9,2600.8,50.3,70.0,-2.2,,,,
37.336,9,Atta_9,1899.1,1750.8,115.3,-64.9,-7.3,,,,
37.336,10,Atta_10,448.6,2521.1,146.3,-20.2,9.7,,,,
37.403,1,Atta_1,1146.0,466.4,126.9,51.4,-4.9,,,,
37.403,2,Atta_2,869.7,143.1,312.3,-79.5,1.9,,,,
37.403,3,Atta_3,1613.7,572.5,265.3,-30.9,-3.9,,,,
37.403,4,Atta_4,910.1,1112.5,290.1,52.6,-6.5,,,,
37.403,5,Atta_5,189.1,836.8,268.5,41.7,0.4,,,,
37.403,6,Atta_6,437.7,1348.4,35.7,-37.7,3.9,,,,
37.403,7,Atta_7,314.5,1790.9,336.9,65.7,3.2,,,,
37.403,8,Atta_8,307.4,2614.0,52.7,-26.1,2.4,,,,
37.403,9,Atta_9,1901.2,1760.7,109.4,10.1,-5.9,,,,
37.403,10,Atta_10,538.3,2510.2,148.7,-90.4,2.4,,,,
37.458,1,Atta_1,1151.8,520.0,129.1,53.9,2.2,,,,
37.458,2,Atta_2,971.4,121.0,318.8,104.1,6.5,,,,
37.458,3,Atta_3,1636.7,538.3,267.6,41.2,2.3,,,,
37.458,4,Atta_4,901.8,1133.0,297.4,-22.1,7.3,,,,
37.458,5,Atta_5,212.1,851.5,275.4,-27.3,6.9,,,,
37.458,6,Atta_6,498.2,1346.5,30.9,60.5,-4.8,,,,
37.458,7,Atta_7,323.9,1816.1,330.8,-26.9,-6.1,,,,
37.458,8,Atta_8,318.8,2619.8,48.3,12.8,-4.4,,,,
37.458,9,Atta_9,1903.5,1758.7,101.8,-3.0,-7.6,,,,
37.458,10,Atta_10,448.5,2459.8,152.0,103.0,3.3,,,,
37.525,1,Atta_1,1145.4,464.3,127.4,-56.1,-1.7,,,,
37.525,2,Atta_2,891.5,162.3,321.2,-89.9,2.4,,,,
37.525,3,Atta_3,1624.4,502.9,268.7,37.5,1.1,,,,
37.525,4,Atta_4,905.6,1044.0,295.9,89.1,-1.5,,,,
37.525,5,Atta_5,120.1,846.1,279.8,-92.2,4.4,,,,
37.525,6,Atta_6,447.1,1342.2,31.8,-51.3,0.9,,,,
37.525,7,Atta_7,346.1,1846.3,332.1,37.5,1.3,,,,
37.525,8,Atta_8,338.6,2658.2,45.5,43.2,-2.8,,,,
37.525,9,Atta_9,1863.8,1818.6,107.7,71.9,5.9,,,,
37.525,10,Atta_10,436.0,2549.1,158.7,90.2,6.7,,,,
37.594,1,Atta_1,1151.7,470.2,126.4,8.6,-1.0,,,,
37.594,2,Atta_2,969.0,131.7,324.3,83.3,3.1,,,,
37.594,3,Atta_3,1621.2,507.1,265.5,-5.3,-3.2,,,,
37.594,4,Atta_4,837.1,1083.5,297.4,-79.1,1.5,,,,
37.594,5,Atta_5,232.3,936.0,279.9,-143.8,0.1,,,,
37.594,6,Atta_6,479.5,1388.1,34.7,56.2,2.9,,,,
37.594,7,Atta_7,374.7,1838.5,337.1,29.6,5.0,,,,
37.594,8,Atta_8,351.8,2662.7,43.9,13.9,-1.6,,,,
37.594,9,Atta_9,1866.3,1760.9,107.5,-57.8,-0.2,,,,
37.594,10,Atta_10,444.5,2507.9,161.6,-42.1,2.9,,,,
37.66,1,Atta_1,1111.5,468.0,129.7,40.3,3.3,,,,
37.66,2,Atta_2,949.1,84.0,333.1,51.7,8.8,,,,
37.66,3,Atta_3,1672.1,450.0,259.4,76.5,-6.1,,,,
37.66,4,Atta_4,896.6,1085.9,293.2,59.5,-4.2,,,,
37.66,5,Atta_5,140.4,820.3,277.5,147.8,-2.4,,,,
37.66,6,Atta_6,481.0,1437.9,29.0,49.8,-5.7,,,,
37.66,7,Atta_7,383.1,1820.4,336.3,20.0,-0.8,,,,
37.66,8,Atta_8,337.9,2650.2,36.9,-18.7,-7.0,,,,
37.66,9,Atta_9,1873.2,1810.1,103.6,49.7,-3.9,,,,
37.66,10,Atta_10,433.4,2473.8,168.9,-35.9,7.3,,,,
37.728,1,Atta_1,1127.8,521.5,128.1,55.9,-1.6,,,,
37.728,2,Atta_2,948.1,133.7,338.7,-49.7,5.6,,,,
37.728,3,Atta_3,1628.4,505.4,252.4,-70.6,-7.0,,,,
37.728,4,Atta_4,965.0,1088.1,293.2,68.4,0.0,,,,
37.728,5,Atta_5,118.9,842.7,280.1,-31.0,2.6,,,,
37.728,6,Atta_6,513.3,1382.6,32.1,64.0,3.1,,,,
37.728,7,Atta_7,382.6,1808.3,334.8,12.1,-1.5,,,,
37.728,8,Atta_8,378.2,2619.2,29.7,50.8,-7.2,,,,
37.728,9,Atta_9,1997.8,1739.0,103.0,-143.5,-0.6,,,,
37.728,10,Atta_10,472.3,2469.2,172.1,-39.2,3.2,,,,
37.798,1,Atta_1,1102.1,510.2,129.8,28.1,1.7,,,,
37.798,2,Atta_2,874.3,104.2,341.0,-79.5,2.3,,,,
37.798,3,Atta_3,1577.8,536.4,251.8,-59.3,-0.6,,,,
37.798,4,Atta_4,907.9,1052.4,296.0,67.3,2.8,,,,
37.798,5,Atta_5,115.9,840.1,279.2,4.0,-0.9,,,,
37.798,6,Atta_6,517.2,1369.4,30.9,-13.8,-1.2,,,,
37.798,7,Atta_7,432.5,1800.2,335.5,50.6,0.7,,,,
37.798,8,Atta_8,328.4,2692.8,25.4,-88.9,-4.3,,,,
37.798,9,Atta_9,1873.4,1765.2,101.2,127.1,-1.8,,,,
37.798,10,Atta_10,446.3,2497.2,167.7,38.2,-4.4,,,,
37.866,1,Atta_1,1100.6,545.7,125.5,35.5,-4.3,,,,
37.866,2,Atta_2,893.6,133.0,341.1,34.7,0.1,,,,
37.866,3,Atta_3,1685.9,475.5,245.5,124.1,-6.3,,,,
37.866,4,Atta_4,962.2,1063.8,295.3,55.5,-0.7,,,,
37.866,5,Atta_5,168.8,837.0,278.8,53.0,-0.4,,,,
37.866,6,Atta_6,516.6,1362.2,36.7,-7.2,5.8,,,,
37.866,7,Atta_7,384.3,1812.5,332.3,-49.7,-3.2,,,,
37.866,8,Atta_8,337.3,2643.2,21.7,-50.4,-3.7,,,,
37.866,9,Atta_9,1918.6,1798.4,103.5,56.1,2.3,,,,
37.866,10,Atta_10,458.1,2531.9,171.2,-36.7,3.5,,,,
37.936,1,Atta_1,1147.3,526.6,130.6,-50.5,5.1,,,,
37.936,2,Atta_2,852.7,121.7,345.6,-42.4,4.5,,,,
37.936,3,Atta_3,1635.6,518.6,243.5,-66.2,-2.0,,,,
37.936,4,Atta_4,981.1,1055.7,295.0,20.6,-0.3,,,,
37.936,5,Atta_5,135.4,872.3,277.9,-48.6,-0.9,,,,
37.936,6,Atta_6,489.3,1359.6,30.5,-27.4,-6.2,,,,
37.936,7,Atta_7,450.5,1792.3,335.0,69.2,2.7,,,,
37.936,8,Atta_8,388.8,2651.5,17.8,52.2,-3.9,,,,
37.936,9,Atta_9,1942.4,1730.5,101.2,-72.0,-2.3,,,,
37.936,10,Atta_10,415.2,2460.9,170.1,83.0,-1.1,,,,
38.001,1,Atta_1,1052.6,529.1,126.9,94.7,-3.7,,,,
38.001,2,Atta_2,921.7,160.4,351.1,79.1,5.5,,,,
38.001,3,Atta_3,1572.6,477.3,241.6,75.3,-1.9,,,,
38.001,4,Atta_4,968.7,1039.2,295.4,20.6,0.4,,,,
38.001,5,Atta_5,172.9,831.4,272.2,55.5,-5.7,,,,
38.001,7,Atta_7,466.1,1805.9,332.8,20.7,-2.2,,,,
38.001,8,Atta_8,343.6,2680.6,14.6,-53.8,-3.2,,,,
38.001,9,Atta_9,1820.9,1817.3,103.0,149.3,1.8,,,,
38.001,10,Atta_10,417.5,2476.2,168.9,15.5,-1.2,,,,
38.07,1,Atta_1,1098.0,534.4,129.3,-45.7,2.4,,,,
38.07,2,Atta_2,956.2,126.5,353.8,48.4,2.7,,,,
38.07,3,Atta_3,1584.8,506.5,240.6,-31.6,-1.0,,,,
38.07,4,Atta_4,923.8,1022.9,295.3,-47.8,-0.1,,,,
38.07,5,Atta_5,155.7,785.6,279.4,48.9,7.2,,,,
38.07,6,Atta_6,540.1,1432.4,32.2,88.8,1.7,,,,
38.07,7,Atta_7,424.6,1879.6,332.1,-84.6,-0.7,,,,
38.07,8,Atta_8,235.4,2645.9,12.0,-113.6,-2.6,,,,
38.07,9,Atta_9,1918.6,1810.1,103.8,-98.0,0.8,,,,
38.07,10,Atta_10,497.4,2497.1,167.2,-82.6,-1.7,,,,
38.14,1,Atta_1,1064.0,586.7,127.4,62.4,-1.9,,,,
38.14,2,Atta_2,921.6,190.7,357.5,-72.9,3.7,,,,
38.14,3,Atta_3,1606.6,538.5,240.8,-38.7,0.2,,,,
38.14,4,Atta_4,995.1,1061.1,290.0,-80.9,-5.3,,,,
38.14,5,Atta_5,130.2,787.0,278.8,-25.5,-0.6,,,,
38.14,6,Atta_6,535.8,1421.4,34.5,-11.8,2.3,,,,
38.14,7,Atta_7,466.0,1763.4,333.9,123.4,1.8,,,,
38.14,8,Atta_8,370.0,2672.6,1.7,137.2,-10.3,,,,
38.14,9,Atta_9,1878.5,1858.7,100.9,63.0,-2.9,,,,
38.14,10,Atta_10,461.2,2536.9,172.8,53.8,5.6,,,,
38.203,1,Atta_1,1101.8,547.6,130.7,-54.4,3.3,,,,
38.203,2,Atta_2,955.3,98.9,6.0,97.8,8.5,,,,
38.203,3,Atta_3,1649.1,497.9,240.8,58.8,0.0,,,,
38.203,4,Atta_4,960.2,1000.8,296.0,69.7,6.0,,,,
38.203,5,Atta_5,153.3,815.1,281.1,-36.4,2.3,,,,
38.203,6,Atta_6,589.1,1469.5,34.8,71.8,0.3,,,,
38.203,7,Atta_7,440.3,1759.0,334.2,-26.1,0.3,,,,
38.203,8,Atta_8,357.8,2617.7,1.2,-56.2,-0.5,,,,
38.203,9,Atta_9,1924.2,1834.7,102.4,-51.6,1.5,,,,
38.203,10,Atta_10,409.8,2502.5,167.0,61.8,-5.8,,,,
38.273,1,Atta_1,1100.6,537.4,129.3,-10.3,-1.4,,,,
38.273,2,Atta_2,892.4,111.5,8.6,-64.1,2.6,,,,
38.273,3,Atta_3,1587.7,499.7,240.6,61.4,-0.2,,,,
38.273,4,Atta_4,955.1,984.6,294.1,17.0,-1.9,,,,
38.273,5,Atta_5,173.8,795.2,281.0,28.6,-0.1,,,,
38.273,6,Atta_6,526.4,1405.3,32.3,-89.7,-2.5,,,,
38.273,7,Atta_7,518.9,1771.1,335.4,79.5,1.2,,,,
38.273,8,Atta_8,293.0,2680.8,353.1,-90.4,-8.1,,,,
38.273,9,Atta_9,1885.1,1848.9,103.3,41.6,0.9,,,,
38.273,10,Atta_10,394.2,2485.4,171.6,23.1,4.6,,,,
38.341,1,Atta_1,1074.7,584.6,126.9,53.8,-2.4,,,,
38.341,2,Atta_2,927.8,128.9,10.1,39.4,1.5,,,,
38.341,3,Atta_3,1608.7,525.9,239.1,-33.6,-1.5,,,,
38.341,4,Atta_4,923.8,1020.9,292.0,-47.9,-2.1,,,,
38.341,5,Atta_5,187.1,773.2,274.0,25.7,-7.0,,,,
38.341,6,Atta_6,583.1,1402.1,34.9,56.8,2.6,,,,
38.341,7,Atta_7,456.1,1749.7,337.6,-66.3,2.2,,,,
38.341,8,Atta_8,341.4,2673.3,356.1,49.0,3.0,,,,
38.341,9,Atta_9,1817.8,1864.6,102.1,69.1,-1.2,,,,
38.341,10,Atta_10,407.9,2551.9,170.3,-67.9,-1.3,,,,
38.461,1,Atta_1,1062.4,640.1,131.0,56.8,4.1,,,,
38.461,2,Atta_2,892.7,147.3,11.1,-39.6,1.0,,,,
38.461,3,Atta_3,1581.5,481.2,243.5,52.3,4.4,,,,
38.461,4,Atta_4,1028.2,931.7,296.6,137.3,4.6,,,,
38.461,5,Atta_5,147.8,803.5,276.5,-49.6,2.5,,,,
38.461,6,Atta_6,516.3,1410.8,31.6,-67.4,-3.3,,,,
38.461,7,Atta_7,460.6,1787.3,337.5,-37.9,-0.1,,,,
38.461,8,Atta_8,317.8,2677.7,346.8,-24.0,-9.3,,,,
38.461,9,Atta_9,1889.2,1905.6,103.2,82.3,1.1,,,,
38.461,10,Atta_10,411.4,2547.2,168.3,-5.9,-2.0,,,,
38.512,1,Atta_1,1032.4,574.7,128.4,-72.0,-2.6,,,,
38.512,2,Atta_2,915.2,189.4,11.4,47.7,0.3,,,,
38.512,3,Atta_3,1628.3,536.5,243.7,-72.4,0.2,,,,
38.512,4,Atta_4,1050.4,954.1,296.0,-31.5,-0.6,,,,
38.512,5,Atta_5,204.3,801.1,279.6,56.6,3.1,,,,
38.512,6,Atta_6,536.4,1420.9,31.5,22.5,-0.1,,,,
38.512,7,Atta_7,548.1,1731.0,333.3,104.0,-4.2,,,,
38.512,8,Atta_8,266.7,2676.5,335.9,-51.1,-10.9,,,,
38.512,9,Atta_9,1926.6,1809.9,103.3,-102.7,0.1,,,,
38.512,10,Atta_10,415.4,2523.5,170.1,-24.0,1.8,,,,
38.579,1,Atta_1,987.8,608.2,128.4,55.8,0.0,,,,
38.579,2,Atta_2,937.2,56.5,8.4,-134.7,-3.0,,,,
38.579,3,Atta_3,1570.4,526.9,241.2,58.7,-2.5,,,,
38.579,4,Atta_4,1020.4,930.7,294.0,38.0,-2.0,,,,
38.579,5,Atta_5,145.7,759.0,282.5,72.2,2.9,,,,
38.579,6,Atta_6,611.9,1503.0,32.0,111.5,0.5,,,,
38.579,7,Atta_7,544.2,1729.3,334.9,-4.3,1.6,,,,
38.579,8,Atta_8,314.1,2649.1,340.3,54.7,4.4,,,,
38.579,9,Atta_9,1906.3,1887.5,106.7,80.2,3.4,,,,
38.579,10,Atta_10,313.2,2561.7,172.0,109.1,1.9,,,,
38.648,1,Atta_1,1096.4,681.8,132.9,-131.2,4.5,,,,
38.648,2,Atta_2,937.5,96.8,11.4,40.3,3.0,,,,
38.648,3,Atta_3,1578.0,380.3,242.6,146.8,1.4,,,,
38.648,4,Atta_4,976.6,983.7,296.6,-68.8,2.6,,,,
38.648,5,Atta_5,217.3,757.8,280.7,71.6,-1.8,,,,
38.648,6,Atta_6,627.2,1475.5,30.6,-31.5,-1.4,,,,
38.648,7,Atta_7,519.9,1708.1,339.7,-32.2,4.8,,,,
38.648,8,Atta_8,373.3,2646.8,336.3,59.2,-4.0,,,,
38.648,9,Atta_9,1835.6,1895.5,100.9,71.2,-5.8,,,,
38.648,10,Atta_10,364.8,2543.4,171.1,-54.7,-0.9,,,,
38.716,1,Atta_1,1028.0,645.9,130.9,77.2,-2.0,,,,
38.716,2,Atta_2,891.1,163.8,7.7,-81.5,-3.7,,,,
38.716,3,Atta_3,1539.4,489.3,240.9,-115.6,-1.7,,,,
38.716,4,Atta_4,988.4,910.6,298.5,74.0,1.9,,,,
38.716,5,Atta_5,222.3,736.1,284.4,22.3,3.7,,,,
38.716,6,Atta_6,634.1,1446.2,32.8,-30.1,2.2,,,,
38.716,7,Atta_7,578.9,1739.8,334.3,67.0,-5.4,,,,
38.716,8,Atta_8,340.6,2678.9,329.2,-45.8,-7.1,,,,
38.716,9,Atta_9,1827.6,1903.7,102.0,11.5,1.1,,,,
38.716,10,Atta_10,333.5,2572.2,168.2,42.5,-2.9,,,,
38.784,1,Atta_1,960.6,634.3,131.3,68.4,0.4,,,,
38.784,2,Atta_2,921.1,137.9,8.0,39.6,0.3,,,,
38.784,3,Atta_3,1549.7,473.5,243.2,18.9,2.3,,,,
38.784,4,Atta_4,1033.8,923.9,295.3,47.3,-3.2,,,,
38.784,5,Atta_5,212.6,736.3,288.8,-9.7,4.4,,,,
38.784,6,Atta_6,619.2,1445.2,29.5,-14.9,-3.3,,,,
38.784,7,Atta_7,561.8,1751.0,335.1,-20.4,0.8,,,,
38.784,8,Atta_8,296.4,2652.9,328.6,-51.3,-0.6,,,,
38.784,9,Atta_9,1839.2,1938.9,99.4,37.1,-2.6,,,,
38.784,10,Atta_10,395.1,2537.1,165.9,-70.9,-2.3,,,,
38.838,1,Atta_1,1024.0,691.8,129.2,85.6,-2.1,,,,
38.838,2,Atta_2,922.4,171.4,6.9,33.5,-1.1,,,,
38.838,3,Atta_3,1560.9,450.1,239.8,25.9,-3.4,,,,
38.838,4,Atta_4,1025.2,879.9,295.6,44.8,0.3,,,,
38.838,5,Atta_5,127.0,732.1,297.2,-85.7,8.4,,,,
38.838,6,Atta_6,653.8,1397.3,31.9,59.1,2.4,,,,
38.838,7,Atta_7,535.6,1681.5,337.1,74.3,2.0,,,,
38.838,8,Atta_8,353.1,2667.7,321.5,58.6,-7.1,,,,
38.838,9,Atta_9,1851.5,1931.7,102.4,-14.3,3.0,,,,
38.838,10,Atta_10,318.2,2504.2,168.2,83.6,2.3,,,,
38.908,1,Atta_1,1033.6,654.4,130.9,-38.6,1.7,,,,
38.908,2,Atta_2,942.4,202.1,8.8,36.6,1.9,,,,
38.908,3,Atta_3,1532.8,364.0,243.9,90.6,4.1,,,,
38.908,4,Atta_4,1047.3,903.3,293.7,-32.2,-1.9,,,,
38.908,5,Atta_5,164.2,708.4,298.0,44.1,0.8,,,,
38.908,6,Atta_6,668.9,1467.1,34.8,71.4,2.9,,,,
38.908,7,Atta_7,605.3,1744.3,336.6,93.8,-0.5,,,,
38.908,8,Atta_8,274.8,2611.2,319.6,-96.6,-1.9,,,,
38.908,9,Atta_9,1847.3,1991.9,103.9,60.3,1.5,,,,
38.908,10,Atta_10,290.7,2504.7,170.7,27.5,2.5,,,,
38.974,1,Atta_1,967.8,675.1,128.6,69.0,-2.3,,,,
38.974,2,Atta_2,972.8,139.9,5.2,69.2,-3.6,,,,
38.974,3,Atta_3,1526.5,420.9,241.3,-57.2,-2.6,,,,
38.974,4,Atta_4,1043.2,931.8,297.3,-28.8,3.6,,,,
38.974,5,Atta_5,139.5,704.7,301.7,-25.0,3.7,,,,
38.974,6,Atta_6,660.6,1450.1,34.2,-18.9,-0.6,,,,
38.974,7,Atta_7,514.1,1706.7,332.1,-98.6,-4.5,,,,
38.974,8,Atta_8,332.4,2672.6,324.3,84.2,4.7,,,,
38.974,9,Atta_9,1887.4,1971.1,103.3,-45.2,-0.6,,,,
38.974,10,Atta_10,317.0,2513.3,168.4,-27.7,-2.3,,,,
39.04,1,Atta_1,982.6,670.3,129.9,-15.6,1.3,,,,
39.04,2,Atta_2,1025.8,170.1,9.4,61.0,4.2,,,,
39.04,3,Atta_3,1566.6,388.2,242.4,51.7,1.1,,,,
39.04,4,Atta_4,1021.2,906.9,292.0,33.2,-5.3,,,,
39.04,5,Atta_5,121.6,713.3,308.6,-19.9,6.9,,,,
39.04,6,Atta_6,628.1,1446.5,33.0,-32.7,-1.2,,,,
39.04,7,Atta_7,585.6,1701.7,333.5,71.7,1.4,,,,
39.04,8,Atta_8,290.7,2653.2,323.4,-46.0,-0.9,,,,
39.04,9,Atta_9,1850.5,2000.3,104.3,47.1,1.0,,,,
39.04,10,Atta_10,296.5,2524.6,170.2,23.4,1.8,,,,
39.108,1,Atta_1,950.1,669.3,132.3,32.5,2.4,,,,
39.108,2,Atta_2,985.8,154.0,4.4,-43.1,-5.0,,,,
39.108,3,Atta_3,1538.1,331.9,241.8,63.1,-0.6,,,,
39.108,4,Atta_4,1032.6,903.8,283.5,11.8,-8.5,,,,
39.108,5,Atta_5,181.5,778.3,308.6,-88.4,0.0,,,,
39.108,6,Atta_6,697.6,1476.6,33.0,75.7,0.0,,,,
39.108,7,Atta_7,584.5,1667.9,329.2,33.8,-4.3,,,,
39.108,8,Atta_8,338.9,2696.4,321.5,64.7,-1.9,,,,
39.108,9,Atta_9,1880.8,2031.9,103.5,43.8,-0.8,,,,
39.108,10,Atta_10,310.0,2557.3,171.4,-35.4,1.2,,,,
39.177,1,Atta_1,1027.0,724.9,131.5,-94.9,-0.8,,,,
39.177,2,Atta_2,1075.7,70.4,9.8,122.8,5.4,,,,
39.177,3,Atta_3,1522.7,392.2,244.5,-62.2,2.7,,,,
39.177,4,Atta_4,942.2,877.5,279.4,94.1,-4.1,,,,
39.177,5,Atta_5,146.4,716.4,316.6,71.2,8.0,,,,
39.177,6,Atta_6,682.6,1496.5,34.3,-24.9,1.3,,,,
39.177,7,Atta_7,600.9,1701.1,331.7,-37.0,2.5,,,,
39.177,8,Atta_8,342.3,2630.9,321.8,65.6,0.3,,,,
39.177,9,Atta_9,1868.1,1958.2,102.1,-74.8,-1.4,,,,
39.177,10,Atta_10,236.7,2545.0,169.0,74.3,-2.4,,,,
39.246,1,Atta_1,880.6,701.6,132.5,148.2,1.0,,,,
39.246,2,Atta_2,1040.6,201.9,7.8,-136.1,-2.0,,,,
39.246,3,Atta_3,1539.4,385.7,242.0,-17.9,-2.5,,,,
39.246,4,Atta_4,1031.5,922.2,277.7,-99.9,-1.7,,,,
39.246,5,Atta_5,172.8,727.7,317.2,28.7,0.6,,,,
39.246,6,Atta_6,630.6,1520.1,34.4,-57.1,0.1,,,,
39.246,8,Atta_8,363.0,2651.3,321.4,29.1,-0.4,,,,
39.246,9,Atta_9,1901.7,2007.4,102.6,59.6,0.5,,,,
39.246,10,Atta_10,249.5,2589.7,170.4,-46.5,1.4,,,,
39.314,1,Atta_1,983.1,689.5,129.1,-103.2,-3.4,,,,
39.314,2,Atta_2,1017.3,146.7,8.3,-59.9,0.5,,,,
39.314,3,Atta_3,1541.3,333.8,239.9,51.9,-2.1,,,,
39.314,4,Atta_4,1054.3,914.0,273.5,24.2,-4.2,,,,
39.314,5,Atta_5,204.7,683.9,322.4,54.2,5.2,,,,
39.314,6,Atta_6,725.3,1511.2,36.7,95.1,2.3,,,,
39.314,7,Atta_7,612.9,1680.9,337.0,23.5,5.3,,,,
39.314,8,Atta_8,303.7,2709.3,322.4,-82.9,1.0,,,,
39.314,9,Atta_9,1827.3,2013.5,104.8,74.6,2.2,,,,
39.314,10,Atta_10,237.6,2553.3,173.6,38.3,3.2,,,,
39.38,1,Atta_1,968.0,685.5,129.7,15.6,0.6,,,,
39.38,2,Atta_2,955.4,125.1,0.3,-65.6,-8.0,,,,
39.38,3,Atta_3,1503.9,341.4,242.7,38.2,2.8,,,,
39.38,4,Atta_4,1042.0,896.8,268.1,21.1,-5.4,,,,
39.38,5,Atta_5,150.3,748.9,329.1,-84.8,6.7,,,,
39.38,6,Atta_6,698.7,1545.6,32.7,-43.5,-4.0,,,,
39.38,7,Atta_7,584.0,1653.0,333.8,-40.2,-3.2,,,,
39.38,8,Atta_8,309.1,2629.7,322.3,79.8,-0.1,,,,
39.38,9,Atta_9,1825.0,1991.6,101.1,-22.0,-3.7,,,,
39.38,10,Atta_10,223.8,2492.2,170.8,62.6,-2.8,,,,
39.448,1,Atta_1,886.4,719.0,130.8,88.2,1.1,,,,
39.448,2,Atta_2,1052.6,146.2,1.9,99.5,1.6,,,,
39.448,3,Atta_3,1491.8,349.4,243.0,-14.5,0.3,,,,
39.448,4,Atta_4,1019.0,888.4,264.2,24.5,-3.9,,,,
39.448,5,Atta_5,156.5,722.0,333.8,27.6,4.7,,,,
39.448,6,Atta_6,692.9,1482.1,32.4,-63.8,-0.3,,,,
39.448,7,Atta_7,679.7,1679.4,335.0,99.3,1.2,,,,
39.448,8,Atta_8,347.6,2599.8,321.6,48.7,-0.7,,,,
39.448,9,Atta_9,1868.2,2033.4,96.2,60.1,-4.9,,,,
39.448,10,Atta_10,271.3,2528.7,172.7,-59.9,1.9,,,,
39.517,1,Atta_1,894.5,683.8,130.3,-36.1,-0.5,,,,
39.517,2,Atta_2,1086.7,198.9,355.1,62.8,-6.8,,,,
39.517,3,Atta_3,1510.8,416.1,242.4,-69.4,-0.6,,,,
39.517,4,Atta_4,1011.0,863.2,255.8,26.4,-8.4,,,,
39.517,5,Atta_5,135.4,755.0,339.0,-39.2,5.2,,,,
39.517,6,Atta_6,691.5,1477.2,34.0,-5.1,1.6,,,,
39.517,7,Atta_7,626.8,1628.8,331.9,-73.2,-3.1,,,,
39.517,8,Atta_8,359.5,2658.3,320.5,-59.7,-1.1,,,,
39.517,9,Atta_9,1814.0,2044.6,87.2,55.3,-9.0,,,,
39.517,10,Atta_10,249.2,2560.5,173.0,38.7,0.3,,,,
39.585,1,Atta_1,928.1,835.3,127.7,155.2,-2.6,,,,
39.585,2,Atta_2,1026.4,173.9,354.0,-65.3,-1.1,,,,
39.585,3,Atta_3,1540.5,315.4,243.0,105.0,0.6,,,,
39.585,4,Atta_4,982.6,888.8,251.6,-38.2,-4.2,,,,
39.585,5,Atta_5,201.6,719.8,338.1,75.0,-0.9,,,,
39.585,6,Atta_6,797.4,1549.2,32.0,128.1,-2.0,,,,
39.585,7,Atta_7,668.6,1616.9,335.4,43.5,3.5,,,,
39.585,8,Atta_8,402.8,2531.4,322.3,134.1,1.8,,,,
39.585,9,Atta_9,1846.5,2068.1,84.2,40.1,-3.0,,,,
39.585,10,Atta_10,221.0,2560.4,173.2,28.2,0.2,,,,
39.65,1,Atta_1,894.5,742.4,133.5,-98.8,5.8,,,,
39.65,2,Atta_2,962.3,161.9,347.8,-65.2,-6.2,,,,
39.65,3,Atta_3,1543.7,319.8,245.0,-5.4,2.0,,,,
39.65,4,Atta_4,997.4,933.3,247.6,-46.9,-4.0,,,,
39.65,5,Atta_5,176.4,794.0,346.2,-78.4,8.1,,,,
39.65,6,Atta_6,742.0,1568.1,31.1,-58.5,-0.9,,,,
39.65,7,Atta_7,697.0,1674.3,333.5,64.0,-1.9,,,,
39.65,8,Atta_8,386.3,2588.8,325.1,-59.7,2.8,,,,
39.65,9,Atta_9,1820.8,2027.6,84.5,-48.0,0.3,,,,
39.65,10,Atta_10,159.9,2527.3,171.5,69.5,-1.7,,,,
39.716,1,Atta_1,885.1,750.9,129.1,12.7,-4.4,,,,
39.716,2,Atta_2,1054.9,221.8,341.6,110.3,-6.2,,,,
39.716,3,Atta_3,1535.9,305.8,238.7,16.0,-6.3,,,,
39.716,4,Atta_4,1054.8,872.1,247.3,83.9,-0.3,,,,
39.716,5,Atta_5,138.2,722.2,351.7,-81.3,5.5,,,,
39.716,6,Atta_6,742.5,1540.0,32.3,-28.1,1.2,,,,
39.716,7,Atta_7,640.1,1651.2,330.3,-61.4,-3.2,,,,
39.716,8,Atta_8,390.1,2626.8,320.1,-38.2,-5.0,,,,
39.716,9,Atta_9,1897.2,2080.8,77.0,93.1,-7.5,,,,
39.716,10,Atta_10,144.3,2531.0,169.8,16.0,-1.7,,,,
39.782,1,Atta_1,936.4,740.5,129.8,-52.3,0.7,,,,
39.782,2,Atta_2,987.1,156.8,336.6,-93.9,-5.0,,,,
39.782,3,Atta_3,1495.3,320.2,242.0,43.1,3.3,,,,
39.782,4,Atta_4,934.3,975.2,237.4,-158.6,-9.9,,,,
39.782,5,Atta_5,164.5,687.5,358.6,43.5,6.9,,,,
39.782,6,Atta_6,731.8,1545.7,35.0,-12.1,2.7,,,,
39.782,7,Atta_7,691.2,1627.2,329.2,56.5,-1.1,,,,
39.782,8,Atta_8,426.6,2562.8,318.7,73.7,-1.4,,,,
39.782,9,Atta_9,1849.8,2036.3,76.5,-65.0,-0.5,,,,
39.782,10,Atta_10,208.3,2557.4,167.5,-69.2,-2.3,,,,
39.847,1,Atta_1,890.1,784.6,132.3,63.9,2.5,,,,
39.847,2,Atta_2,1035.3,164.5,336.2,48.8,-0.4,,,,
39.847,3,Atta_3,1511.6,258.5,238.0,63.8,-4.0,,,,
39.847,4,Atta_4,1017.3,883.3,232.7,123.8,-4.7,,,,
39.847,5,Atta_5,214.0,708.6,359.6,53.8,1.0,,,,
39.847,6,Atta_6,744.6,1530.2,30.7,20.1,-4.3,,,,
39.847,7,Atta_7,611.5,1734.9,327.6,-134.0,-1.6,,,,
39.847,8,Atta_8,403.7,2603.7,323.6,-46.9,4.9,,,,
39.847,9,Atta_9,1836.1,2056.1,75.9,24.1,-0.6,,,,
39.847,10,Atta_10,80.8,2567.4,168.6,127.9,1.1,,,,
39.981,1,Atta_1,889.2,695.5,129.5,-89.1,-2.8,,,,
39.981,2,Atta_2,1031.0,179.2,327.1,-15.3,-9.1,,,,
39.981,3,Atta_3,1456.9,277.7,240.2,58.0,2.2,,,,
39.981,4,Atta_4,1035.5,903.4,229.7,-27.1,-3.0,,,,
39.981,5,Atta_5,170.1,704.7,9.2,-44.1,9.6,,,,
39.981,6,Atta_6,808.8,1585.4,31.5,84.7,0.8,,,,
39.981,7,Atta_7,593.6,1668.8,327.1,68.5,-0.5,,,,
39.981,8,Atta_8,446.3,2551.0,321.5,67.8,-2.1,,,,
39.981,9,Atta_9,1908.8,2049.4,75.7,73.0,-0.2,,,,
39.981,10,Atta_10,173.0,2551.6,162.3,-93.5,-6.3,,,,
40.115,1,Atta_1,831.7,802.5,131.3,121.5,1.8,,,,
40.115,2,Atta_2,1000.7,171.9,329.3,-31.2,2.2,,,,
40.115,3,Atta_3,1492.2,273.9,246.2,-35.5,6.0,,,,
40.115,4,Atta_4,1032.9,930.6,226.1,-27.3,-3.6,,,,
40.115,5,Atta_5,201.4,744.5,13.0,50.6,3.8,,,,
40.115,6,Atta_6,830.1,1600.0,32.4,25.8,0.9,,,,
40.115,7,Atta_7,599.3,1667.6,329.7,5.8,2.6,,,,
40.115,8,Atta_8,427.1,2540.0,322.8,-22.1,1.3,,,,
40.115,9,Atta_9,1845.0,2023.4,75.7,-68.9,0.0,,,,
40.115,10,Atta_10,192.6,2489.0,156.4,-65.6,-5.9,,,,
40.186,1,Atta_1,794.0,821.2,128.9,42.1,-2.4,,,,
40.186,2,Atta_2,1058.0,145.4,325.0,63.1,-4.3,,,,
40.186,3,Atta_3,1475.2,251.2,241.3,28.4,-4.9,,,,
40.186,4,Atta_4,1024.8,887.7,217.1,43.7,-9.0,,,,
40.186,5,Atta_5,101.1,702.2,16.4,-108.9,3.4,,,,
40.186,6,Atta_6,805.8,1628.3,34.3,-37.3,1.9,,,,
40.186,7,Atta_7,574.7,1674.4,332.0,-25.5,2.3,,,,
40.186,8,Atta_8,436.1,2532.8,319.7,11.5,-3.1,,,,
40.186,9,Atta_9,1853.0,1986.9,70.0,-37.4,-5.7,,,,
40.186,10,Atta_10,148.8,2541.1,152.8,68.1,-3.6,,,,
40.254,1,Atta_1,838.4,824.7,132.1,-44.5,3.2,,,,
40.254,2,Atta_2,1026.6,178.3,330.1,-45.5,5.1,,,,
40.254,3,Atta_3,1458.4,167.3,240.3,85.6,-1.0,,,,
40.254,4,Atta_4,1051.9,877.2,212.8,-29.1,-4.3,,,,
40.254,5,Atta_5,168.8,753.9,28.5,85.2,12.1,,,,
40.254,6,Atta_6,819.4,1609.9,31.8,22.9,-2.5,,,,
40.254,7,Atta_7,612.2,1771.0,339.8,-103.6,7.8,,,,
40.254,8,Atta_8,428.6,2530.6,322.7,-7.8,3.0,,,,
40.254,9,Atta_9,1831.2,2042.5,72.8,59.7,2.8,,,,
40.254,10,Atta_10,221.6,2525.3,143.0,-74.5,-9.8,,,,
40.322,1,Atta_1,867.3,822.7,130.8,-29.0,-1.3,,,,
40.322,2,Atta_2,1000.1,200.5,329.7,-34.6,-0.4,,,,
40.322,3,Atta_3,1444.4,201.3,244.3,-36.8,4.0,,,,
40.322,4,Atta_4,1014.7,876.0,204.5,37.2,-8.3,,,,
40.322,5,Atta_5,140.4,731.5,31.7,-36.2,3.2,,,,
40.322,6,Atta_6,855.2,1592.3,35.3,39.9,3.5,,,,
40.322,7,Atta_7,618.8,1725.2,342.1,46.3,2.3,,,,
40.322,8,Atta_8,451.0,2513.0,321.3,28.5,-1.4,,,,
40.322,9,Atta_9,1949.3,2062.9,76.7,119.8,3.9,,,,
40.322,10,Atta_10,120.7,2564.4,139.5,108.2,-3.5,,,,
40.391,1,Atta_1,788.7,816.8,132.7,78.8,1.9,,,,
40.391,2,Atta_2,1035.3,159.9,327.9,53.7,-1.8,,,,
40.391,3,Atta_3,1358.3,227.7,241.7,90.1,-2.6,,,,
40.391,4,Atta_4,1096.6,885.7,199.4,-82.5,-5.1,,,,
40.391,5,Atta_5,155.2,743.9,35.3,19.3,3.6,,,,
40.391,6,Atta_6,826.1,1622.7,32.1,-42.1,-3.2,,,,
40.391,7,Atta_7,701.0,1705.9,352.1,84.4,10.0,,,,
40.391,8,Atta_8,498.9,2529.7,316.3,50.7,-5.0,,,,
40.391,9,Atta_9,1917.4,2096.3,77.7,46.2,1.0,,,,
40.391,10,Atta_10,198.1,2558.2,135.7,-77.6,-3.8,,,,
40.459,1,Atta_1,848.9,839.4,124.0,-64.3,-8.7,,,,
40.459,2,Atta_2,1058.5,142.1,327.6,29.2,-0.3,,,,
40.459,3,Atta_3,1442.1,107.3,243.8,146.7,2.1,,,,
40.459,4,Atta_4,972.5,855.6,195.6,127.7,-3.8,,,,
40.459,5,Atta_5,160.1,740.4,37.7,6.0,2.4,,,,
40.459,6,Atta_6,788.8,1597.0,39.1,-45.3,7.0,,,,
40.459,7,Atta_7,582.1,1704.5,355.7,-118.9,3.6,,,,
40.459,8,Atta_8,504.8,2521.3,318.5,10.3,2.2,,,,
40.459,9,Atta_9,1846.7,2091.1,72.2,-70.9,-5.5,,,,
40.459,10,Atta_10,119.4,2563.7,131.4,78.9,-4.3,,,,
40.525,1,Atta_1,781.1,857.9,121.2,70.3,-2.8,,,,
40.525,2,Atta_2,1116.7,149.3,325.9,58.6,-1.7,,,,
40.525,3,Atta_3,1467.3,195.8,244.6,-92.0,0.8,,,,
40.525,4,Atta_4,1024.7,864.1,192.5,-52.9,-3.1,,,,
40.525,5,Atta_5,173.9,662.7,41.8,-78.9,4.1,,,,
40.525,6,Atta_6,846.2,1539.6,44.0,81.2,4.9,,,,
40.525,7,Atta_7,621.4,1681.3,356.6,45.6,0.9,,,,
40.525,8,Atta_8,472.4,2521.7,322.6,-32.4,4.1,,,,
40.525,9,Atta_9,1887.5,2184.7,76.3,102.1,4.1,,,,
40.525,10,Atta_10,229.6,2537.6,129.5,-113.2,-1.9,,,,
40.594,1,Atta_1,805.4,916.6,115.2,63.5,-6.0,,,,
40.594,2,Atta_2,1129.1,155.2,325.4,13.7,-0.5,,,,
40.594,3,Atta_3,1421.5,201.9,242.0,46.2,-2.6,,,,
40.594,4,Atta_4,1023.7,866.8,185.1,2.9,-7.4,,,,
40.594,5,Atta_5,212.5,785.5,48.6,128.7,6.8,,,,
40.594,6,Atta_6,842.7,1557.8,51.5,18.5,7.5,,,,
40.594,7,Atta_7,640.6,1693.8,1.4,22.9,4.8,,,,
40.594,8,Atta_8,499.9,2513.5,322.0,28.7,-0.6,,,,
40.594,9,Atta_9,1883.3,2126.8,76.4,-58.1,0.1,,,,
40.594,10,Atta_10,178.8,2610.1,119.2,88.5,-10.3,,,,
40.712,1,Atta_1,859.9,821.2,112.3,-109.9,-2.9,,,,
40.712,2,Atta_2,1054.0,114.5,328.3,-85.4,2.9,,,,
40.712,3,Atta_3,1449.4,137.0,240.4,70.6,-1.6,,,,
40.712,4,Atta_4,1032.3,917.2,182.4,-51.1,-2.7,,,,
40.712,5,Atta_5,113.8,710.1,50.4,-124.2,1.8,,,,
40.712,6,Atta_6,794.3,1603.9,56.1,66.8,4.6,,,,
40.712,7,Atta_7,637.6,1680.9,5.4,-13.2,4.0,,,,
40.712,8,Atta_8,507.6,2439.8,321.6,74.1,-0.4,,,,
40.712,9,Atta_9,1872.8,2133.2,73.6,12.3,-2.8,,,,
40.712,10,Atta_10,135.8,2543.6,120.3,-79.2,1.1,,,,
40.781,1,Atta_1,828.2,860.6,107.0,50.6,-5.3,,,,
40.781,2,Atta_2,1094.4,141.7,325.4,48.7,-2.9,,,,
40.781,3,Atta_3,1420.4,154.9,239.4,-34.1,-1.0,,,,
40.781,4,Atta_4,1044.1,894.3,177.2,-25.8,-5.2,,,,
40.781,5,Atta_5,148.6,744.8,49.0,49.1,-1.4,,,,
40.781,6,Atta_6,874.0,1609.9,54.4,79.9,-1.7,,,,
40.781,7,Atta_7,574.9,1671.2,7.6,-63.4,2.2,,,,
40.781,8,Atta_8,523.4,2495.9,322.5,-58.3,0.9,,,,
40.781,9,Atta_9,1847.5,2184.1,71.5,56.8,-2.1,,,,
40.781,10,Atta_10,163.6,2561.6,113.2,33.1,-7.1,,,,
40.849,1,Atta_1,864.3,829.7,103.9,-47.5,-3.1,,,,
40.849,2,Atta_2,1098.6,158.6,325.4,-17.4,0.0,,,,
40.849,3,Atta_3,1414.1,101.9,239.6,53.4,0.2,,,,
40.849,4,Atta_4,1009.2,806.7,173.6,94.3,-3.6,,,,
40.849,5,Atta_5,234.5,691.8,49.3,100.9,0.3,,,,
40.849,6,Atta_6,791.0,1587.7,67.9,-85.9,13.5,,,,
40.849,7,Atta_7,587.4,1641.1,21.1,32.6,13.5,,,,
40.849,8,Atta_8,542.7,2459.3,321.9,41.4,-0.6,,,,
40.849,9,Atta_9,1937.8,2173.1,74.9,91.0,3.4,,,,
40.849,10,Atta_10,205.6,2522.3,104.8,-57.5,-8.4,,,,
40.982,1,Atta_1,796.9,843.1,103.2,68.7,-0.7,,,,
40.982,2,Atta_2,1125.4,105.2,324.2,59.7,-1.2,,,,
40.982,3,Atta_3,1374.9,170.9,243.9,-79.4,4.3,,,,
40.982,4,Atta_4,1038.4,894.5,164.2,-92.5,-9.4,,,,
40.982,5,Atta_5,159.4,750.2,50.6,-95.1,1.3,,,,
40.982,6,Atta_6,761.9,1626.3,71.8,48.3,3.9,,,,
40.982,7,Atta_7,582.1,1692.0,24.7,51.2,3.6,,,,
40.982,8,Atta_8,592.4,2455.9,325.7,49.8,3.8,,,,
40.982,9,Atta_9,1867.6,2204.6,70.3,76.9,-4.6,,,,
40.982,10,Atta_10,150.1,2524.3,99.3,55.5,-5.5,,,,
41.033,1,Atta_1,829.0,875.5,106.6,45.6,3.4,,,,
41.033,2,Atta_2,1134.3,85.2,328.1,21.9,3.9,,,,
41.033,3,Atta_3,1341.4,127.4,242.7,54.9,-1.2,,,,
41.033,4,Atta_4,1016.0,858.0,161.6,42.8,-2.6,,,,
41.033,5,Atta_5,161.0,713.8,51.4,-36.4,0.8,,,,
41.033,6,Atta_6,849.7,1572.7,75.0,-102.9,3.2,,,,
41.033,7,Atta_7,629.0,1689.4,27.2,47.0,2.5,,,,
41.033,8,Atta_8,582.9,2433.4,324.5,24.4,-1.2,,,,
41.033,9,Atta_9,1871.2,2166.3,74.4,-38.5,4.1,,,,
41.033,10,Atta_10,150.7,2561.4,98.1,37.1,-1.2,,,,
41.103,1,Atta_1,835.8,821.2,103.5,-54.7,-3.1,,,,
41.103,2,Atta_2,1117.1,108.0,325.3,-28.6,-2.8,,,,
41.103,3,Atta_3,1296.5,103.7,239.8,50.8,-2.9,,,,
41.103,4,Atta_4,1004.2,875.3,161.5,20.9,-0.1,,,,
41.103,5,Atta_5,161.8,742.1,48.7,28.3,-2.7,,,,
41.103,6,Atta_6,806.7,1605.7,79.3,54.2,4.3,,,,
41.103,7,Atta_7,571.2,1660.2,25.6,-64.8,-1.6,,,,
41.103,8,Atta_8,574.1,2440.9,319.5,-11.6,-5.0,,,,
41.103,9,Atta_9,1908.1,2175.3,74.9,38.0,0.5,,,,
41.103,10,Atta_10,139.0,2572.4,95.3,16.1,-2.8,,,,
41.171,1,Atta_1,897.3,847.7,102.1,67.0,-1.4,,,,
41.171,2,Atta_2,1188.5,86.5,324.8,74.6,-0.5,,,,
41.171,3,Atta_3,1346.8,103.0,239.5,-50.3,-0.3,,,,
41.171,4,Atta_4,1049.2,890.2,152.5,-47.4,-9.0,,,,
41.171,5,Atta_5,210.6,758.5,48.7,51.5,0.0,,,,
41.171,6,Atta_6,837.4,1627.7,87.4,37.8,8.1,,,,
41.171,7,Atta_7,585.4,1687.9,26.3,31.1,0.7,,,,
41.171,8,Atta_8,597.5,2398.1,323.4,48.8,3.9,,,,
41.171,9,Atta_9,1882.1,2206.3,76.4,40.5,1.5,,,,
41.171,10,Atta_10,120.1,2537.8,89.6,-39.4,-5.7,,,,
41.24,1,Atta_1,898.2,866.1,102.9,18.4,0.8,,,,
41.24,2,Atta_2,1104.7,88.5,325.4,-83.8,0.6,,,,
41.24,3,Atta_3,1385.6,58.5,240.1,59.0,0.6,,,,
41.24,4,Atta_4,1031.6,880.5,146.8,20.1,-5.7,,,,
41.24,5,Atta_5,225.4,779.1,45.5,25.4,-3.2,,,,
41.24,6,Atta_6,827.6,1596.7,87.9,-32.5,0.5,,,,
41.24,7,Atta_7,568.7,1628.7,27.5,-61.5,1.2,,,,
41.24,8,Atta_8,605.3,2431.7,322.8,-34.5,-0.6,,,,
41.24,9,Atta_9,1907.2,2217.7,72.9,27.6,-3.5,,,,
41.24,10,Atta_10,144.9,2524.6,79.2,-28.1,-10.4,,,,
41.309,1,Atta_1,883.8,877.0,106.7,18.1,3.8,,,,
41.309,2,Atta_2,1102.1,74.3,318.8,14.4,-6.6,,,,
41.309,3,Atta_3,1326.3,107.7,236.7,-77.1,-3.4,,,,
41.309,4,Atta_4,1053.8,854.4,140.8,-34.3,-6.0,,,,
41.309,5,Atta_5,247.4,757.9,53.4,30.6,7.9,,,,
41.309,6,Atta_6,837.1,1596.6,92.2,9.5,4.3,,,,
41.309,7,Atta_7,623.2,1684.4,28.6,77.9,1.1,,,,
41.309,8,Atta_8,603.7,2419.7,321.0,12.1,-1.8,,,,
41.309,9,Atta_9,1966.7,2234.4,70.3,61.8,-2.6,,,,
41.309,10,Atta_10,206.6,2645.5,78.6,135.7,-0.6,,,,
41.378,1,Atta_1,825.4,919.7,103.1,72.3,-3.6,,,,
41.378,2,Atta_2,1124.7,182.2,321.7,-110.2,2.9,,,,
41.378,3,Atta_3,1376.4,108.2,242.5,-50.1,5.8,,,,
41.378,4,Atta_4,1006.1,897.9,135.1,64.6,-5.7,,,,
41.378,5,Atta_5,233.8,779.0,47.4,25.1,-6.0,,,,
41.378,6,Atta_6,826.0,1564.1,96.8,-34.3,4.6,,,,
41.378,7,Atta_7,629.3,1691.1,27.9,9.1,-0.7,,,,
41.378,8,Atta_8,617.7,2439.4,323.3,-24.2,2.3,,,,
41.378,9,Atta_9,1875.1,2177.6,72.0,-107.8,1.7,,,,
41.378,10,Atta_10,155.2,2583.3,74.3,-80.7,-4.3,,,,
41.445,1,Atta_1,840.0,870.8,106.9,-51.0,3.8,,,,
41.445,2,Atta_2,1123.0,120.9,324.7,61.3,3.0,,,,
41.445,3,Atta_3,1407.4,147.0,244.7,-49.7,2.2,,,,
41.445,4,Atta_4,1016.2,894.0,135.5,-10.8,0.4,,,,
41.445,5,Atta_5,257.1,819.3,51.8,46.6,4.4,,,,
41.445,6,Atta_6,903.8,1606.2,103.6,88.5,6.8,,,,
41.445,7,Atta_7,650.4,1715.4,28.0,32.2,0.1,,,,
41.445,8,Atta_8,583.9,2404.2,323.1,-48.8,-0.2,,,,
41.445,9,Atta_9,1900.9,2216.8,74.5,46.9,2.5,,,,
41.445,10,Atta_10,162.2,2593.9,67.0,12.7,-7.3,,,,
41.507,1,Atta_1,850.1,886.5,102.2,18.7,-4.7,,,,
41.507,2,Atta_2,1133.7,103.3,323.6,20.6,-1.1,,,,
41.507,3,Atta_3,1447.9,137.5,243.3,-41.6,-1.4,,,,
41.507,4,Atta_4,1034.5,865.8,124.7,-33.6,-10.8,,,,
41.507,5,Atta_5,221.8,806.3,48.9,-37.6,-2.9,,,,
41.507,6,Atta_6,840.0,1581.6,106.3,-68.4,2.7,,,,
41.507,7,Atta_7,632.4,1687.8,28.3,-33.0,0.3,,,,
41.507,8,Atta_8,604.3,2445.4,319.4,-46.0,-3.7,,,,
41.507,9,Atta_9,1880.1,2146.8,68.5,-73.0,-6.0,,,,
41.507,10,Atta_10,177.1,2551.8,65.6,-44.7,-1.4,,,,
41.577,1,Atta_1,846.7,876.7,101.7,-10.4,-0.5,,,,
41.577,2,Atta_2,1100.5,122.1,321.2,-38.2,-2.4,,,,
41.577,3,Atta_3,1404.6,179.2,237.7,-60.1,-5.6,,,,
41.577,4,Atta_4,995.3,870.0,122.0,39.4,-2.7,,,,
41.577,5,Atta_5,259.5,813.6,52.6,38.4,3.7,,,,
41.577,6,Atta_6,833.3,1603.4,109.8,22.8,3.5,,,,
41.577,7,Atta_7,666.9,1695.7,27.3,35.4,-1.0,,,,
41.577,8,Atta_8,619.0,2405.3,318.6,42.7,-0.8,,,,
41.577,9,Atta_9,1898.8,2156.7,68.3,21.2,-0.2,,,,
41.577,10,Atta_10,193.8,2590.7,60.7,42.3,-4.9,,,,
41.645,1,Atta_1,767.7,900.6,109.3,82.5,7.6,,,,
41.645,2,Atta_2,1106.9,101.4,322.3,21.7,1.1,,,,
41.645,3,Atta_3,1382.0,181.0,238.6,22.7,0.9,,,,
41.645,4,Atta_4,948.3,900.8,123.2,56.2,1.2,,,,
41.645,5,Atta_5,271.0,823.5,47.3,15.2,-5.3,,,,
41.645,6,Atta_6,887.4,1601.1,103.8,-54.1,-6.0,,,,
41.645,7,Atta_7,684.6,1658.8,30.3,-40.9,3.0,,,,
41.645,8,Atta_8,600.9,2432.3,321.3,-32.5,2.7,,,,
41.645,9,Atta_9,1876.3,2175.6,73.0,29.4,4.7,,,,
41.645,10,Atta_10,128.6,2565.4,55.0,-69.9,-5.7,,,,
41.715,1,Atta_1,844.2,939.4,104.7,85.8,-4.6,,,,
41.715,2,Atta_2,1129.1,128.2,319.8,34.8,-2.5,,,,
41.715,3,Atta_3,1407.7,160.1,229.0,33.1,-9.6,,,,
41.715,4,Atta_4,1076.3,894.3,118.0,-128.2,-5.2,,,,
41.715,5,Atta_5,275.7,866.8,47.6,43.6,0.3,,,,
41.715,6,Atta_6,834.0,1589.8,107.0,54.6,3.2,,,,
41.715,7,Atta_7,696.3,1694.6,29.9,37.7,-0.4,,,,
41.715,8,Atta_8,644.0,2447.0,318.8,45.5,-2.5,,,,
41.715,9,Atta_9,1820.2,2114.5,69.6,-82.9,-3.4,,,,
41.715,10,Atta_10,150.2,2556.5,51.1,23.4,-3.9,,,,
41.769,1,Atta_1,832.3,947.8,104.1,14.6,-0.6,,,,
41.769,2,Atta_2,1073.9,145.8,321.5,-57.9,1.7,,,,
41.769,3,Atta_3,1413.7,173.6,227.5,-14.8,-1.5,,,,
41.769,4,Atta_4,1045.1,841.8,117.4,-61.1,-0.6,,,,
41.769,5,Atta_5,247.5,807.1,52.7,-66.0,5.1,,,,
41.769,6,Atta_6,839.0,1602.9,106.5,14.0,-0.5,,,,
41.769,7,Atta_7,661.4,1706.2,25.1,-36.8,-4.8,,,,
41.769,8,Atta_8,633.2,2312.4,321.3,135.0,2.5,,,,
41.769,9,Atta_9,1907.4,2143.9,70.6,92.0,1.0,,,,
41.769,10,Atta_10,156.9,2564.0,44.2,10.1,-6.9,,,,
41.834,1,Atta_1,823.9,910.1,106.9,-38.6,2.8,,,,
41.834,2,Atta_2,1071.7,188.3,325.5,-42.6,4.0,,,,
41.834,3,Atta_3,1407.5,163.7,223.2,11.7,-4.3,,,,
41.834,4,Atta_4,1031.8,858.4,116.9,21.3,-0.5,,,,
41.834,5,Atta_5,264.0,849.0,46.8,45.0,-5.9,,,,
41.834,6,Atta_6,885.6,1607.9,103.4,-46.9,-3.1,,,,
41.834,7,Atta_7,686.1,1711.6,26.2,25.3,1.1,,,,
41.834,8,Atta_8,741.7,2373.1,324.4,124.3,3.1,,,,
41.834,9,Atta_9,1908.2,2155.6,77.8,11.7,7.2,,,,
41.834,10,Atta_10,123.7,2580.6,42.3,-37.1,-1.9,,,,
41.902,1,Atta_1,785.7,983.0,107.1,82.3,0.2,,,,
41.902,2,Atta_2,1065.0,146.9,321.2,41.9,-4.3,,,,
41.902,3,Atta_3,1473.4,167.9,219.0,-66.0,-4.2,,,,
41.902,4,Atta_4,1043.7,925.9,117.1,68.5,0.2,,,,
41.902,5,Atta_5,313.1,843.1,48.9,49.5,2.1,,,,
41.902,6,Atta_6,853.4,1668.9,108.6,69.0,5.2,,,,
41.902,7,Atta_7,696.6,1725.9,28.4,17.7,2.2,,,,
41.902,8,Atta_8,671.9,2299.9,315.2,-101.1,-9.2,,,,
41.902,9,Atta_9,1910.4,2175.7,79.8,20.2,2.0,,,,
41.902,10,Atta_10,183.4,2648.3,40.5,90.3,-1.8,,,,
41.966,1,Atta_1,727.7,1017.7,101.4,67.6,-5.7,,,,
41.966,2,Atta_2,1067.6,170.2,323.5,-23.4,2.3,,,,
41.966,3,Atta_3,1446.1,101.3,212.6,72.0,-6.4,,,,
41.966,4,Atta_4,1077.6,938.2,115.4,-36.1,-1.7,,,,
41.966,5,Atta_5,288.3,852.3,52.6,-26.5,3.7,,,,
41.966,6,Atta_6,822.8,1587.2,105.2,-87.2,-3.4,,,,
41.966,7,Atta_7,714.5,1752.0,24.1,31.6,-4.3,,,,
41.966,8,Atta_8,651.4,2349.9,312.3,-54.0,-2.9,,,,
41.966,9,Atta_9,1892.1,2148.7,83.9,-32.6,4.1,,,,
41.966,10,Atta_10,152.9,2602.5,37.5,-55.0,-3.0,,,,
42.035,1,Atta_1,780.4,940.7,101.3,-93.3,-0.1,,,,
42.035,2,Atta_2,1023.5,119.1,320.5,-67.5,-3.0,,,,
42.035,3,Atta_3,1434.9,221.4,208.6,-120.6,-4.0,,,,
42.035,4,Atta_4,992.1,875.2,113.6,-106.2,-1.8,,,,
42.035,5,Atta_5,278.4,863.9,50.5,15.3,-2.1,,,,
42.035,6,Atta_6,806.5,1641.7,105.6,56.9,0.4,,,,
42.035,7,Atta_7,694.5,1701.0,26.4,-54.8,2.3,,,,
42.035,8,Atta_8,691.1,2380.8,307.4,50.3,-4.9,,,,
42.035,9,Atta_9,1838.4,2130.7,88.2,-56.6,4.3,,,,
42.035,10,Atta_10,159.5,2585.5,40.5,-18.2,3.0,,,,
42.101,1,Atta_1,773.6,984.1,101.8,43.9,0.5,,,,
42.101,2,Atta_2,1062.2,231.4,327.5,-118.8,7.0,,,,
42.101,3,Atta_3,1437.3,185.0,206.4,36.5,-2.2,,,,
42.101,4,Atta_4,1038.2,927.5,112.6,69.7,-1.0,,,,
42.101,5,Atta_5,320.1,906.9,52.6,59.9,2.1,,,,
42.101,6,Atta_6,818.2,1648.7,104.5,13.6,-1.1,,,,
42.101,7,Atta_7,724.9,1744.3,31.7,52.9,5.3,,,,
42.101,8,Atta_8,683.3,2384.4,307.1,-8.6,-0.3,,,,
42.101,9,Atta_9,1887.0,2177.5,94.0,67.5,5.8,,,,
42.101,10,Atta_10,173.3,2599.5,36.0,19.7,-4.5,,,,
42.167,1,Atta_1,782.2,995.7,104.7,14.4,2.9,,,,
42.167,2,Atta_2,1034.3,223.2,329.3,-29.1,1.8,,,,
42.167,3,Atta_3,1354.1,176.2,199.4,83.7,-7.0,,,,
42.167,4,Atta_4,978.2,858.8,100.0,-91.2,-12.6,,,,
42.167,5,Atta_5,335.8,884.9,50.0,-27.0,-2.6,,,,
42.167,6,Atta_6,843.7,1619.5,107.9,-38.8,3.4,,,,
42.167,7,Atta_7,711.4,1743.6,35.7,-13.5,4.0,,,,
42.167,8,Atta_8,681.2,2363.8,301.1,20.7,-6.0,,,,
42.167,9,Atta_9,1890.2,2091.2,100.6,-86.4,6.6,,,,
42.167,10,Atta_10,180.1,2589.2,39.2,-12.3,3.2,,,,
42.235,1,Atta_1,841.4,1043.7,103.1,76.2,-1.6,,,,
42.235,2,Atta_2,1089.2,222.7,332.8,54.9,3.5,,,,
42.235,3,Atta_3,1440.6,237.1,198.3,-105.8,-1.1,,,,
42.235,4,Atta_4,1011.0,901.6,101.1,53.9,1.1,,,,
42.235,5,Atta_5,308.7,858.5,41.9,-37.8,-8.1,,,,
42.235,6,Atta_6,827.5,1684.1,115.2,66.6,7.3,,,,
42.235,7,Atta_7,712.4,1744.1,41.1,1.1,5.4,,,,
42.235,8,Atta_8,675.1,2354.3,294.3,11.3,-6.8,,,,
42.235,9,Atta_9,1901.1,2145.9,102.9,55.8,2.3,,,,
42.235,10,Atta_10,205.1,2603.0,35.8,28.6,-3.4,,,,
42.304,1,Atta_1,789.3,1037.6,105.5,52.5,2.4,,,,
42.304,2,Atta_2,1024.2,168.8,337.5,-84.4,4.7,,,,
42.304,3,Atta_3,1386.3,161.1,193.7,93.4,-4.6,,,,
42.304,4,Atta_4,1009.6,919.5,96.9,18.0,-4.2,,,,
42.304,5,Atta_5,339.9,851.4,39.7,32.0,-2.2,,,,
42.304,6,Atta_6,817.0,1566.6,107.4,-118.0,-7.8,,,,
42.304,7,Atta_7,757.5,1720.6,44.7,50.9,3.6,,,,
42.304,8,Atta_8,718.4,2351.3,292.6,43.4,-1.7,,,,
42.304,9,Atta_9,1937.1,2158.9,108.8,38.3,5.9,,,,
42.304,10,Atta_10,169.2,2540.9,38.7,-71.7,2.9,,,,
42.373,1,Atta_1,756.8,1050.5,106.3,35.0,0.8,,,,
42.373,2,Atta_2,998.7,155.8,339.0,-28.6,1.5,,,,
42.373,3,Atta_3,1401.0,106.4,189.1,-56.6,-4.6,,,,
42.373,4,Atta_4,1019.9,816.0,93.3,-104.0,-3.6,,,,
42.373,5,Atta_5,296.5,889.2,32.8,-57.6,-6.9,,,,
42.373,6,Atta_6,840.9,1647.0,111.4,83.9,4.0,,,,
42.373,7,Atta_7,747.7,1690.4,48.4,-31.8,3.7,,,,
42.373,8,Atta_8,660.3,2335.8,285.9,-60.1,-6.7,,,,
42.373,9,Atta_9,1800.8,2170.5,112.9,136.8,4.1,,,,
42.373,10,Atta_10,243.0,2608.9,40.4,100.4,1.7,,,,
42.442,1,Atta_1,720.1,1040.6,106.5,38.0,0.2,,,,
42.442,2,Atta_2,1072.0,210.6,341.0,91.5,2.0,,,,
42.442,3,Atta_3,1474.1,156.7,181.4,-88.7,-7.7,,,,
42.442,4,Atta_4,1002.3,837.1,91.1,27.5,-2.2,,,,
42.442,5,Atta_5,312.1,936.1,33.3,49.4,0.5,,,,
42.442,6,Atta_6,858.3,1565.1,110.5,-83.7,-0.9,,,,
42.442,7,Atta_7,750.2,1758.4,52.6,68.0,4.2,,,,
42.442,8,Atta_8,631.3,2385.8,284.7,-57.8,-1.2,,,,
42.442,9,Atta_9,1883.1,2155.1,117.9,-83.7,5.0,,,,
42.442,10,Atta_10,220.9,2577.7,39.7,-38.2,-0.7,,,,
42.512,1,Atta_1,753.7,1063.6,108.3,40.7,1.8,,,,
42.512,2,Atta_2,1069.6,189.9,350.8,20.8,9.8,,,,
42.512,3,Atta_3,1410.6,154.6,180.5,63.5,-0.9,,,,
42.512,4,Atta_4,1026.5,839.0,81.1,24.3,-10.0,,,,
42.512,5,Atta_5,268.9,884.4,23.7,-67.4,-9.6,,,,
42.512,6,Atta_6,898.1,1628.3,111.5,74.7,1.0,,,,
42.512,7,Atta_7,710.1,1720.8,56.5,-55.0,3.9,,,,
42.512,8,Atta_8,696.5,2397.6,274.9,66.3,-9.8,,,,
42.512,9,Atta_9,1893.6,2079.6,121.2,-76.2,3.3,,,,
42.512,10,Atta_10,175.2,2614.2,34.5,-58.5,-5.2,,,,
42.569,1,Atta_1,771.1,1036.5,105.2,-32.2,-3.1,,,,
42.569,2,Atta_2,1039.0,209.2,355.9,-36.2,5.1,,,,
42.569,3,Atta_3,1449.8,135.5,178.1,-43.6,-2.4,,,,
42.569,4,Atta_4,1001.4,890.1,77.5,56.9,-3.6,,,,
42.569,5,Atta_5,322.6,896.2,23.7,55.0,0.0,,,,
42.569,6,Atta_6,860.1,1583.5,112.6,-58.7,1.1,,,,
42.569,7,Atta_7,746.4,1761.8,58.4,54.8,1.9,,,,
42.569,8,Atta_8,661.7,2370.9,270.0,43.9,-4.9,,,,
42.569,9,Atta_9,1863.5,2126.8,128.1,56.0,6.9,,,,
42.569,10,Atta_10,206.1,2602.4,39.7,33.1,5.2,,,,
42.64,1,Atta_1,739.1,1088.4,107.0,61.0,1.8,,,,
42.64,2,Atta_2,988.8,155.7,358.5,-73.4,2.6,,,,
42.64,3,Atta_3,1395.4,141.8,178.8,54.8,0.7,,,,
42.64,4,Atta_4,1062.0,849.4,77.1,-73.0,-0.4,,,,
42.64,5,Atta_5,384.9,911.7,15.6,64.2,-8.1,,,,
42.64,6,Atta_6,892.7,1578.6,107.1,-33.0,-5.5,,,,
42.64,7,Atta_7,653.2,1746.5,63.9,-94.4,5.5,,,,
42.64,8,Atta_8,656.8,2437.1,267.4,-66.4,-2.6,,,,
42.64,9,Atta_9,1847.9,2139.5,127.4,20.1,-0.7,,,,
42.64,10,Atta_10,193.5,2713.4,38.4,111.7,-1.3,,,,
42.71,1,Atta_1,828.4,1093.3,105.9,-89.4,-1.1,,,,
42.71,2,Atta_2,1076.6,150.9,6.7,87.9,8.2,,,,
42.71,3,Atta_3,1398.4,215.6,181.5,-73.9,2.7,,,,
42.71,4,Atta_4,977.7,837.4,75.1,-85.1,-2.0,,,,
42.71,5,Atta_5,292.6,852.9,13.3,-109.4,-2.3,,,,
42.71,6,Atta_6,859.9,1567.4,102.8,-34.7,-4.3,,,,
42.71,7,Atta_7,715.8,1799.3,73.4,81.9,9.5,,,,
42.71,8,Atta_8,629.1,2341.8,263.0,99.2,-4.4,,,,
42.71,9,Atta_9,1870.3,2129.2,126.8,-24.7,-0.6,,,,
42.71,10,Atta_10,274.9,2594.4,40.8,-144.2,2.4,,,,
42.776,1,Atta_1,759.1,1105.4,106.3,70.3,0.4,,,,
42.776,2,Atta_2,1037.9,159.2,7.1,-39.6,0.4,,,,
42.776,3,Atta_3,1418.5,189.3,180.2,-33.1,-1.3,,,,
42.776,4,Atta_4,1048.1,890.1,72.3,87.9,-2.8,,,,
42.776,5,Atta_5,312.5,869.8,6.2,26.1,-7.1,,,,
42.776,6,Atta_6,775.5,1518.2,97.4,-97.7,-5.4,,,,
42.776,7,Atta_7,709.0,1756.4,71.0,-43.4,-2.4,,,,
42.776,8,Atta_8,657.6,2378.6,257.6,-46.5,-5.4,,,,
42.776,9,Atta_9,1846.9,2117.3,127.0,26.3,0.2,,,,
42.776,10,Atta_10,274.4,2643.8,41.0,49.4,0.2,,,,
42.843,1,Atta_1,739.5,1098.2,107.1,-20.9,0.8,,,,
42.843,2,Atta_2,1045.5,183.1,13.0,25.1,5.9,,,,
42.843,3,Atta_3,1488.3,135.8,181.3,-87.9,1.1,,,,
42.843,4,Atta_4,1048.0,920.5,76.2,30.4,3.9,,,,
42.843,5,Atta_5,307.4,896.4,1.3,-27.1,-4.9,,,,
42.843,6,Atta_6,877.2,1618.1,92.9,142.6,-4.5,,,,
42.843,7,Atta_7,707.0,1749.8,78.4,-6.9,7.4,,,,
42.843,8,Atta_8,667.9,2337.8,258.3,42.1,0.7,,,,
42.843,9,Atta_9,1840.4,2178.9,130.0,61.9,3.0,,,,
42.843,10,Atta_10,208.3,2608.4,40.6,-75.0,-0.4,,,,
42.972,1,Atta_1,743.2,1131.6,107.8,33.6,0.7,,,,
42.972,2,Atta_2,1058.5,147.1,16.4,38.3,3.4,,,,
42.972,3,Atta_3,1354.6,89.5,179.9,141.5,-1.4,,,,
42.972,4,Atta_4,968.7,892.8,76.9,-84.0,0.7,,,,
42.972,5,Atta_5,293.0,862.4,358.6,-36.9,-2.7,,,,
42.972,6,Atta_6,780.0,1553.4,89.6,-116.8,-3.3,,,,
42.972,7,Atta_7,737.1,1736.3,84.7,-33.0,6.3,,,,
42.972,8,Atta_8,701.3,2368.9,250.9,-45.6,-7.4,,,,
42.972,9,Atta_9,1921.9,2132.5,126.7,-93.8,-3.3,,,,
42.972,10,Atta_10,286.2,2611.0,38.7,77.9,-1.9,,,,
43.041,1,Atta_1,746.0,1171.1,107.4,39.6,-0.4,,,,
43.041,2,Atta_2,1037.9,219.9,26.7,75.7,10.3,,,,
43.041,3,Atta_3,1392.4,191.2,182.5,-108.5,2.6,,,,
43.041,4,Atta_4,1024.6,846.3,70.1,-72.7,-6.8,,,,
43.041,5,Atta_5,322.1,894.3,346.1,43.2,-12.5,,,,
43.041,6,Atta_6,874.3,1568.1,86.7,95.4,-2.9,,,,
43.041,7,Atta_7,754.3,1759.7,87.7,29.0,3.0,,,,
43.041,8,Atta_8,629.9,2317.5,244.6,88.0,-6.3,,,,
43.041,9,Atta_9,1857.1,2180.6,127.7,80.7,1.0,,,,
43.041,10,Atta_10,290.9,2632.5,38.9,22.0,0.2,,,,
43.108,1,Atta_1,772.5,1195.6,108.7,36.1,1.3,,,,
43.108,2,Atta_2,1043.5,167.3,31.8,-52.9,5.1,,,,
43.108,3,Atta_3,1335.3,172.8,182.5,60.0,0.0,,,,
43.108,4,Atta_4,992.1,869.4,64.7,39.9,-5.4,,,,
43.108,5,Atta_5,349.2,873.5,341.1,34.2,-5.0,,,,
43.108,6,Atta_6,825.7,1556.0,74.5,-50.1,-12.2,,,,
43.108,7,Atta_7,683.8,1765.4,96.3,70.7,8.6,,,,
43.108,8,Atta_8,686.6,2336.3,236.3,-59.7,-8.3,,,,
43.108,9,Atta_9,1886.9,2243.1,127.3,69.2,-0.4,,,,
43.108,10,Atta_10,278.4,2651.3,36.0,22.6,-2.9,,,,
43.239,1,Atta_1,761.2,1179.4,104.8,-19.8,-3.9,,,,
43.239,2,Atta_2,1057.3,187.5,33.5,24.5,1.7,,,,
43.239,3,Atta_3,1354.7,108.6,177.7,-67.1,-4.8,,,,
43.239,4,Atta_4,973.6,930.4,58.2,63.7,-6.5,,,,
43.239,5,Atta_5,333.7,860.1,337.0,-20.5,-4.1,,,,
43.239,6,Atta_6,861.8,1606.9,71.7,62.4,-2.8,,,,
43.239,7,Atta_7,696.1,1766.2,99.6,-12.3,3.3,,,,
43.239,8,Atta_8,667.5,2374.1,231.8,-42.4,-4.5,,,,
43.239,9,Atta_9,1769.0,2150.9,128.1,-149.7,0.8,,,,
43.239,10,Atta_10,348.6,2658.1,37.0,70.5,1.0,,,,
43.305,1,Atta_1,733.6,1176.8,104.4,27.7,-0.4,,,,
43.305,2,Atta_2,1114.9,165.3,40.2,61.7,6.7,,,,
43.305,3,Atta_3,1336.3,178.3,182.3,72.1,4.6,,,,
43.305,4,Atta_4,1009.4,917.5,55.3,38.1,-2.9,,,,
43.305,5,Atta_5,290.4,843.1,338.0,-46.5,1.0,,,,
43.305,6,Atta_6,894.7,1604.1,71.0,33.0,-0.7,,,,
43.305,7,Atta_7,705.6,1834.1,96.9,68.6,-2.7,,,,
43.305,8,Atta_8,674.6,2342.4,228.7,32.5,-3.1,,,,
43.305,9,Atta_9,1820.6,2184.0,128.4,-61.3,0.3,,,,
43.305,10,Atta_10,284.0,2677.8,38.0,-67.5,1.0,,,,
43.371,1,Atta_1,779.4,1205.1,103.6,53.8,-0.8,,,,
43.371,2,Atta_2,1063.3,189.0,43.7,-56.8,3.5,,,,
43.371,3,Atta_3,1322.4,148.8,180.2,32.6,-2.1,,,,
43.371,4,Atta_4,1041.2,855.5,49.0,-69.7,-6.3,,,,
43.371,5,Atta_5,294.4,878.5,337.7,-35.6,-0.3,,,,
43.371,6,Atta_6,805.2,1608.3,63.1,-89.6,-7.9,,,,
43.371,7,Atta_7,677.6,1770.1,96.2,-69.9,-0.7,,,,
43.371,8,Atta_8,617.1,2349.8,220.8,58.0,-7.9,,,,
43.371,9,Atta_9,1851.1,2207.3,125.2,-38.4,-3.2,,,,
43.371,10,Atta_10,329.5,2697.7,42.1,49.7,4.1,,,,
43.438,1,Atta_1,723.4,1225.3,108.4,59.5,4.8,,,,
43.438,2,Atta_2,1035.7,228.2,48.2,47.9,4.5,,,,
43.438,3,Atta_3,1301.2,205.6,180.1,60.6,-0.1,,,,
43.438,4,Atta_4,1060.0,951.2,44.0,97.5,-5.0,,,,
43.438,5,Atta_5,293.7,887.0,340.8,-8.5,3.1,,,,
43.438,6,Atta_6,917.4,1566.2,62.1,119.8,-1.0,,,,
43.438,7,Atta_7,762.8,1725.0,96.3,-96.4,0.1,,,,
43.438,8,Atta_8,593.0,2350.8,216.7,24.1,-4.1,,,,
43.438,9,Atta_9,1828.6,2210.9,127.0,22.8,1.8,,,,
43.438,10,Atta_10,323.0,2656.4,40.5,-41.8,-1.6,,,,
43.493,1,Atta_1,714.4,1211.9,106.3,-16.1,-2.1,,,,
43.493,2,Atta_2,1094.2,213.9,52.9,60.2,4.7,,,,
43.493,3,Atta_3,1321.8,184.6,178.6,-29.4,-1.5,,,,
43.493,4,Atta_4,994.7,948.0,41.8,-65.4,-2.2,,,,
43.493,5,Atta_5,249.7,917.1,334.8,-53.3,-6.0,,,,
43.493,6,Atta_6,865.1,1572.2,55.9,-52.6,-6.2,,,,
43.493,7,Atta_7,738.7,1734.5,103.4,25.9,7.1,,,,
43.493,8,Atta_8,711.0,2351.5,215.4,-118.0,-1.3,,,,
43.493,9,Atta_9,1867.3,2171.6,130.2,-55.2,3.2,,,,
43.493,10,Atta_10,261.4,2676.7,35.9,-64.9,-4.6,,,,
43.562,1,Atta_1,704.7,1207.4,106.8,-10.7,0.5,,,,
43.562,2,Atta_2,1005.1,246.6,56.0,-94.9,3.1,,,,
43.562,3,Atta_3,1286.4,138.5,181.4,58.1,2.8,,,,
43.562,4,Atta_4,1007.6,821.6,36.6,-127.1,-5.2,,,,
43.562,5,Atta_5,339.1,916.1,335.9,89.4,1.1,,,,
43.562,6,Atta_6,837.2,1568.4,53.2,-28.2,-2.7,,,,
43.562,7,Atta_7,747.5,1794.7,107.6,60.8,4.2,,,,
43.562,8,Atta_8,695.2,2352.9,210.0,15.9,-5.4,,,,
43.562,9,Atta_9,1849.9,2181.5,126.4,20.0,-3.8,,,,
43.562,10,Atta_10,287.0,2697.4,38.7,32.9,2.8,,,,
43.631,1,Atta_1,754.1,1255.2,108.0,68.7,1.2,,,,
43.631,2,Atta_2,1016.3,184.2,51.1,-63.4,-4.9,,,,
43.631,3,Atta_3,1277.5,173.2,175.4,35.8,-6.0,,,,
43.631,4,Atta_4,965.9,898.7,31.9,87.7,-4.7,,,,
43.631,5,Atta_5,289.0,900.4,337.2,-52.5,1.3,,,,
43.631,6,Atta_6,815.1,1607.0,52.8,44.5,-0.4,,,,
43.631,7,Atta_7,711.9,1764.9,107.8,-46.4,0.2,,,,
43.631,8,Atta_8,679.3,2343.1,205.1,18.7,-4.9,,,,
43.631,9,Atta_9,1778.9,2234.9,128.7,88.8,2.3,,,,
43.631,10,Atta_10,339.1,2641.1,37.5,76.7,-1.2,,,,
43.7,1,Atta_1,671.9,1251.0,109.2,82.3,1.2,,,,
43.7,2,Atta_2,1049.3,190.8,56.2,33.7,5.1,,,,
43.7,3,Atta_3,1298.4,149.8,171.1,-31.4,-4.3,,,,
43.7,4,Atta_4,1052.6,867.1,25.9,92.3,-6.0,,,,
43.7,5,Atta_5,332.4,894.6,332.9,43.8,-4.3,,,,
43.7,6,Atta_6,875.5,1605.9,51.9,60.4,-0.9,,,,
43.7,7,Atta_7,727.4,1824.9,112.4,62.0,4.6,,,,
43.7,8,Atta_8,649.4,2382.1,199.9,49.1,-5.2,,,,
43.7,9,Atta_9,1815.7,2268.0,124.5,49.5,-4.2,,,,
43.7,10,Atta_10,324.0,2788.4,32.2,148.1,-5.3,,,,
43.77,1,Atta_1,741.5,1281.5,107.5,76.0,-1.7,,,,
43.77,2,Atta_2,1028.7,106.8,53.0,-86.5,-3.2,,,,
43.77,3,Atta_3,1358.5,254.1,170.5,-120.4,-0.6,,,,
43.77,4,Atta_4,1029.1,875.6,20.8,-25.0,-5.1,,,,
43.77,5,Atta_5,328.2,878.8,334.4,16.3,1.5,,,,
43.77,6,Atta_6,869.7,1597.6,50.9,-10.1,-1.0,,,,
43.77,7,Atta_7,709.2,1665.4,119.7,-160.5,7.3,,,,
43.77,8,Atta_8,681.7,2375.9,196.4,-32.9,-3.5,,,,
43.77,9,Atta_9,1766.9,2214.8,122.9,-72.2,-1.6,,,,
43.77,10,Atta_10,281.5,2715.6,42.6,-84.3,10.4,,,,
43.838,1,Atta_1,705.3,1255.7,103.5,-44.5,-4.0,,,,
43.838,2,Atta_2,1004.6,158.3,56.8,56.9,3.8,,,,
43.838,3,Atta_3,1278.3,174.9,166.6,112.7,-3.9,,,,
43.838,4,Atta_4,990.1,864.2,16.9,-40.6,-3.9,,,,
43.838,5,Atta_5,327.2,856.2,333.9,22.6,-0.5,,,,
43.838,6,Atta_6,846.0,1567.1,54.6,-38.6,3.7,,,,
43.838,7,Atta_7,756.1,1776.8,121.3,120.9,1.6,,,,
43.838,8,Atta_8,691.5,2389.4,194.4,-16.7,-2.0,,,,
43.838,9,Atta_9,1814.0,2229.3,115.2,-49.3,-7.7,,,,
43.838,10,Atta_10,379.7,2658.5,40.8,113.6,-1.8,,,,
43.9,1,Atta_1,721.6,1297.6,109.4,45.0,5.9,,,,
43.9,2,Atta_2,1054.9,247.7,57.0,102.6,0.2,,,,
43.9,3,Atta_3,1362.8,146.7,163.8,-89.1,-2.8,,,,
43.9,4,Atta_4,1045.3,903.6,13.9,67.8,-3.0,,,,
43.9,5,Atta_5,329.2,870.1,336.6,-14.0,2.7,,,,
43.9,6,Atta_6,881.0,1592.2,53.5,43.1,-1.1,,,,
43.9,7,Atta_7,762.4,1755.8,125.3,-21.9,4.0,,,,
43.9,8,Atta_8,666.9,2387.1,189.3,24.7,-5.1,,,,
43.9,9,Atta_9,1816.5,2211.1,110.3,-18.4,-4.9,,,,
43.9,10,Atta_10,343.1,2693.3,41.1,-50.5,0.3,,,,
43.97,1,Atta_1,678.8,1345.6,108.7,64.3,-0.7,,,,
43.97,2,Atta_2,1059.7,171.4,56.5,-76.5,-0.5,,,,
43.97,3,Atta_3,1328.5,196.6,154.3,60.6,-9.5,,,,
43.97,4,Atta_4,991.2,899.1,11.1,-54.3,-2.8,,,,
43.97,5,Atta_5,354.1,828.6,339.9,48.4,3.3,,,,
43.97,6,Atta_6,847.9,1629.6,47.3,49.9,-6.2,,,,
43.97,7,Atta_7,699.7,1764.8,130.3,63.3,5.0,,,,
43.97,8,Atta_8,660.1,2381.6,184.3,8.7,-5.0,,,,
43.97,9,Atta_9,1837.8,2269.9,107.6,62.5,-2.7,,,,
43.97,10,Atta_10,282.0,2691.1,39.4,-61.1,-1.7,,,,
44.038,1,Atta_1,732.2,1308.6,108.2,-65.0,-0.5,,,,
44.038,2,Atta_2,1029.0,183.0,52.2,-32.8,-4.3,,,,
44.038,3,Atta_3,1311.7,173.0,149.2,29.0,-5.1,,,,
44.038,4,Atta_4,1031.1,849.1,3.5,64.0,-7.6,,,,
44.038,5,Atta_5,405.1,832.1,339.5,51.1,-0.4,,,,
44.038,6,Atta_6,910.4,1591.4,55.0,73.2,7.7,,,,
44.038,7,Atta_7,711.4,1762.6,137.6,-11.9,7.3,,,,
44.038,8,Atta_8,657.0,2394.1,180.3,12.9,-4.0,,,,
44.038,9,Atta_9,1804.7,2304.4,103.6,47.8,-4.0,,,,
44.038,10,Atta_10,354.6,2652.7,39.4,82.1,0.0,,,,
44.105,1,Atta_1,719.4,1294.2,107.4,-19.3,-0.8,,,,
44.105,2,Atta_2,1044.6,246.4,53.0,65.3,0.8,,,,
44.105,3,Atta_3,1320.2,201.9,143.6,30.1,-5.6,,,,
44.105,4,Atta_4,1011.6,870.3,0.9,-28.8,-2.6,,,,
44.105,5,Atta_5,410.0,814.8,334.8,18.0,-4.7,,,,
44.105,6,Atta_6,845.6,1619.1,52.9,-70.5,-2.1,,,,
44.105,7,Atta_7,755.1,1743.1,142.1,-47.9,4.5,,,,
44.105,8,Atta_8,698.2,2362.5,170.3,-51.9,-10.0,,,,
44.105,9,Atta_9,1788.4,2254.9,102.0,-52.1,-1.6,,,,
44.105,10,Atta_10,277.7,2611.6,44.4,-87.2,5.0,,,,
44.166,1,Atta_1,731.5,1405.1,105.7,111.6,-1.7,,,,
44.166,2,Atta_2,1079.1,221.3,50.8,42.7,-2.2,,,,
44.166,3,Atta_3,1308.0,191.9,142.5,15.8,-1.1,,,,
44.166,4,Atta_4,1022.1,856.1,358.7,17.7,-2.2,,,,
44.166,5,Atta_5,350.3,866.0,337.9,-78.6,3.1,,,,
44.166,6,Atta_6,920.7,1651.4,52.8,81.8,-0.1,,,,
44.166,7,Atta_7,678.8,1794.5,143.5,92.0,1.4,,,,
44.166,9,Atta_9,1822.0,2239.0,92.8,-37.2,-9.2,,,,
44.166,10,Atta_10,292.1,2696.7,43.3,86.3,-1.1,,,,
44.236,1,Atta_1,680.6,1333.4,108.8,-87.9,3.1,,,,
44.236,2,Atta_2,1118.1,248.6,54.3,47.6,3.5,,,,
44.236,3,Atta_3,1292.4,102.6,135.2,-90.7,-7.3,,,,
44.236,4,Atta_4,1014.3,924.1,348.3,-68.4,-10.4,,,,
44.236,5,Atta_5,423.2,834.5,335.2,79.4,-2.7,,,,
44.236,6,Atta_6,843.8,1616.1,52.6,-84.6,-0.2,,,,
44.236,7,Atta_7,711.3,1776.0,144.1,-37.4,0.6,,,,
44.236,8,Atta_8,687.3,2387.7,165.6,27.5,-4.7,,,,
44.236,9,Atta_9,1816.6,2249.9,94.3,12.2,1.5,,,,
44.236,10,Atta_10,259.4,2649.7,35.6,-57.3,-7.7,,,,
44.306,1,Atta_1,680.5,1376.6,109.2,43.2,0.4,,,,
44.306,2,Atta_2,1114.6,239.3,53.3,-9.9,-1.0,,,,
44.306,3,Atta_3,1272.9,131.4,131.3,34.8,-3.9,,,,
44.306,4,Atta_4,1008.2,916.5,348.8,-9.7,0.5,,,,
44.306,5,Atta_5,485.3,844.2,334.3,62.9,-0.9,,,,
44.306,6,Atta_6,842.8,1688.4,50.8,72.3,-1.8,,,,
44.306,7,Atta_7,707.5,1788.2,155.4,12.8,11.3,,,,
44.306,8,Atta_8,700.9,2377.8,163.1,-16.8,-2.5,,,,
44.306,9,Atta_9,1795.6,2231.1,84.4,-28.2,-9.9,,,,
44.306,10,Atta_10,282.0,2639.8,32.7,24.7,-2.9,,,,
44.377,1,Atta_1,678.3,1348.0,108.6,-28.7,-0.6,,,,
44.377,2,Atta_2,1080.0,266.6,54.1,44.1,0.8,,,,
44.377,3,Atta_3,1358.5,242.1,126.1,139.9,-5.2,,,,
44.377,4,Atta_4,1048.3,854.8,343.0,73.6,-5.8,,,,
44.377,5,Atta_5,413.8,811.2,338.4,-78.7,4.1,,,,
44.377,6,Atta_6,873.4,1618.8,52.5,-76.0,1.7,,,,
44.377,7,Atta_7,696.9,1752.3,154.0,-37.4,-1.4,,,,
44.377,8,Atta_8,703.8,2390.6,158.0,13.1,-5.1,,,,
44.377,9,Atta_9,1832.0,2245.0,86.9,39.0,2.5,,,,
44.377,10,Atta_10,314.6,2681.0,25.5,52.5,-7.2,,,,
44.45,1,Atta_1,676.6,1399.0,111.4,51.0,2.8,,,,
44.45,2,Atta_2,1101.1,199.7,56.0,-70.1,1.9,,,,
44.45,3,Atta_3,1296.0,141.6,125.7,-118.3,-0.4,,,,
44.45,4,Atta_4,1020.0,910.9,341.4,-62.8,-1.6,,,,
44.45,5,Atta_5,437.0,796.9,338.1,27.3,-0.3,,,,
44.45,6,Atta_6,870.8,1612.6,54.5,-6.7,2.0,,,,
44.45,7,Atta_7,722.0,1716.6,161.6,-43.6,7.6,,,,
44.45,8,Atta_8,655.5,2395.6,151.6,48.6,-6.4,,,,
44.45,9,Atta_9,1794.4,2217.1,81.1,-46.8,-5.8,,,,
44.45,10,Atta_10,203.1,2618.8,22.9,-127.7,-2.6,,,,
44.503,1,Atta_1,644.9,1367.7,105.4,-44.5,-6.0,,,,
44.503,2,Atta_2,1155.8,257.6,50.0,79.7,-6.0,,,,
44.503,3,Atta_3,1335.6,161.9,119.6,-44.5,-6.1,,,,
44.503,4,Atta_4,1038.3,883.2,332.1,33.2,-9.3,,,,
44.503,5,Atta_5,409.8,786.0,332.9,-29.3,-5.2,,,,
44.503,6,Atta_6,914.1,1645.8,50.4,54.6,-4.1,,,,
44.503,7,Atta_7,760.1,1776.0,169.2,-70.6,7.6,,,,
44.503,8,Atta_8,637.0,2345.1,152.5,-53.8,0.9,,,,
44.503,9,Atta_9,1791.7,2266.8,85.3,49.8,4.2,,,,
44.503,10,Atta_10,343.4,2636.3,20.8,141.4,-2.1,,,,
44.572,1,Atta_1,668.3,1409.4,108.2,47.8,2.8,,,,
44.572,2,Atta_2,1105.8,306.1,52.5,69.7,2.5,,,,
44.572,3,Atta_3,1303.6,153.6,114.2,33.1,-5.4,,,,
44.572,4,Atta_4,1044.0,950.8,325.9,-67.8,-6.2,,,,
44.572,5,Atta_5,472.8,797.3,332.7,64.0,-0.2,,,,
44.572,6,Atta_6,892.3,1617.4,51.8,-35.8,1.4,,,,
44.572,7,Atta_7,681.2,1759.2,172.2,80.7,3.0,,,,
44.572,8,Atta_8,601.7,2415.6,142.0,78.8,-10.5,,,,
44.572,9,Atta_9,1767.7,2231.6,84.7,-42.6,-0.6,,,,
44.572,10,Atta_10,291.0,2676.8,13.2,-66.2,-7.6,,,,
44.64,1,Atta_1,689.2,1423.6,111.3,25.3,3.1,,,,
44.64,2,Atta_2,1124.4,307.5,51.9,18.7,-0.6,,,,
44.64,3,Atta_3,1304.4,195.2,110.5,41.6,-3.7,,,,
44.64,4,Atta_4,1015.2,882.5,327.9,74.1,2.0,,,,
44.64,5,Atta_5,437.1,794.9,339.5,-35.8,6.8,,,,
44.64,6,Atta_6,939.3,1700.3,48.3,95.3,-3.5,,,,
44.64,7,Atta_7,715.1,1773.4,175.0,-36.8,2.8,,,,
44.64,8,Atta_8,697.9,2374.9,145.1,-104.5,3.1,,,,
44.64,9,Atta_9,1811.2,2191.0,81.4,-59.5,-3.3,,,,
44.64,10,Atta_10,268.3,2647.0,12.7,-37.5,-0.5,,,,
44.703,1,Atta_1,708.7,1453.1,108.4,35.4,-2.9,,,,
44.703,2,Atta_2,1160.6,264.8,55.3,-56.0,3.4,,,,
44.703,3,Atta_3,1351.4,182.9,110.4,-48.6,-0.1,,,,
44.703,4,Atta_4,983.6,842.5,318.4,-51.0,-9.5,,,,
44.703,5,Atta_5,453.1,807.4,334.0,20.3,-5.5,,,,
44.703,6,Atta_6,956.9,1701.2,43.6,17.6,-4.7,,,,
44.703,7,Atta_7,701.3,1745.0,176.2,31.6,1.2,,,,
44.703,8,Atta_8,645.5,2360.0,144.6,54.5,-0.5,,,,
44.703,9,Atta_9,1804.8,2267.5,77.6,76.8,-3.8,,,,
44.703,10,Atta_10,281.9,2628.5,1.6,23.0,-11.1,,,,
44.822,1,Atta_1,678.7,1439.1,106.9,-33.1,-1.5,,,,
44.822,2,Atta_2,1143.8,321.8,53.3,59.4,-2.0,,,,
44.822,3,Atta_3,1308.7,201.8,106.1,46.7,-4.3,,,,
44.822,4,Atta_4,1032.0,888.2,313.5,66.6,-4.9,,,,
44.822,5,Atta_5,490.3,805.3,334.7,37.3,0.7,,,,
44.822,6,Atta_6,928.7,1650.5,33.2,-58.0,-10.4,,,,
44.822,7,Atta_7,680.7,1794.6,173.9,53.7,-2.3,,,,
44.822,8,Atta_8,652.5,2389.0,145.7,29.8,1.1,,,,
44.822,9,Atta_9,1805.2,2262.3,70.5,-5.2,-7.1,,,,
44.822,10,Atta_10,274.6,2705.9,356.3,-77.7,-5.3,,,,
44.888,1,Atta_1,666.5,1428.0,105.9,-16.5,-1.0,,,,
44.888,2,Atta_2,1129.7,337.3,55.1,21.0,1.8,,,,
44.888,3,Atta_3,1316.7,208.9,105.5,10.7,-0.6,,,,
44.888,4,Atta_4,989.7,894.5,306.8,-42.8,-6.7,,,,
44.888,5,Atta_5,520.1,796.2,337.8,31.2,3.1,,,,
44.888,6,Atta_6,910.1,1638.6,30.1,-22.1,-3.1,,,,
44.888,7,Atta_7,698.9,1789.6,170.6,-18.9,-3.3,,,,
44.888,8,Atta_8,698.6,2406.5,143.4,-49.3,-2.3,,,,
44.888,9,Atta_9,1801.6,2201.9,66.4,-60.5,-4.1,,,,
44.888,10,Atta_10,291.6,2658.1,354.5,50.7,-1.8,,,,
44.953,1,Atta_1,673.5,1401.0,109.2,-27.9,3.3,,,,
44.953,2,Atta_2,1114.6,316.4,53.3,-25.8,-1.8,,,,
44.953,3,Atta_3,1309.6,183.9,105.1,-26.0,-0.4,,,,
44.953,4,Atta_4,984.8,889.3,305.8,7.1,-1.0,,,,
44.953,5,Atta_5,531.4,776.2,336.4,23.0,-1.4,,,,
44.953,6,Atta_6,903.7,1642.0,28.0,-7.2,-2.1,,,,
44.953,7,Atta_7,717.2,1740.8,174.1,-52.1,3.5,,,,
44.953,8,Atta_8,654.8,2381.0,145.0,50.7,1.6,,,,
44.953,9,Atta_9,1783.2,2248.5,60.4,50.1,-6.0,,,,
44.953,10,Atta_10,247.0,2673.7,346.0,-47.2,-8.5,,,,
45.086,1,Atta_1,646.9,1445.9,109.5,52.2,0.3,,,,
45.086,2,Atta_2,1190.1,375.4,54.5,95.8,1.2,,,,
45.086,3,Atta_3,1328.7,121.2,101.7,-65.5,-3.4,,,,
45.086,4,Atta_4,969.2,834.7,298.7,56.8,-7.1,,,,
45.086,5,Atta_5,555.2,808.1,333.6,39.8,-2.8,,,,
45.086,6,Atta_6,912.8,1654.5,20.8,15.5,-7.2,,,,
45.086,7,Atta_7,706.3,1714.0,171.3,28.9,-2.8,,,,
45.086,8,Atta_8,682.8,2368.1,144.6,-30.8,-0.4,,,,
45.086,9,Atta_9,1755.7,2207.0,60.4,-49.8,0.0,,,,
45.086,10,Atta_10,325.0,2645.9,338.3,82.8,-7.7,,,,
45.17,1,Atta_1,590.5,1427.8,109.6,59.2,0.1,,,,
45.17,2,Atta_2,1182.3,320.3,51.4,-55.6,-3.1,,,,
45.17,3,Atta_3,1270.8,168.4,99.0,74.7,-2.7,,,,
45.17,4,Atta_4,983.3,870.6,292.1,-38.6,-6.6,,,,
45.17,5,Atta_5,491.4,830.6,334.7,-67.7,1.1,,,,
45.17,6,Atta_6,977.9,1648.0,15.3,65.4,-5.5,,,,
45.17,7,Atta_7,708.2,1763.0,173.8,49.0,2.5,,,,
45.17,8,Atta_8,611.8,2385.1,144.4,73.0,-0.2,,,,
45.17,9,Atta_9,1828.0,2177.6,52.0,78.0,-8.4,,,,
45.17,10,Atta_10,308.3,2678.1,341.4,-36.3,3.1,,,,
45.237,1,Atta_1,673.1,1520.4,106.7,124.1,-2.9,,,,
45.237,2,Atta_2,1142.7,350.7,54.5,-49.9,3.1,,,,
45.237,3,Atta_3,1322.3,142.2,89.4,-57.8,-9.6,,,,
45.237,4,Atta_4,1026.2,915.1,284.3,-61.8,-7.8,,,,
45.237,5,Atta_5,601.9,728.2,334.3,150.7,-0.4,,,,
45.237,6,Atta_6,929.3,1689.7,6.1,-64.0,-9.2,,,,
45.237,7,Atta_7,596.1,1726.3,173.8,118.0,0.0,,,,
45.237,8,Atta_8,643.6,2436.4,143.0,60.4,-1.4,,,,
45.237,9,Atta_9,1822.8,2248.8,42.6,71.4,-9.4,,,,
45.237,10,Atta_10,251.7,2608.7,342.2,-89.6,0.8,,,,
45.309,1,Atta_1,623.1,1552.7,109.9,59.5,3.2,,,,
45.309,2,Atta_2,1224.1,398.9,52.5,94.6,-2.0,,,,
45.309,3,Atta_3,1296.9,193.6,87.2,57.3,-2.2,,,,
45.309,4,Atta_4,1038.5,874.7,279.6,42.2,-4.7,,,,
45.309,5,Atta_5,585.3,722.8,338.0,-17.5,3.7,,,,
45.309,6,Atta_6,897.1,1603.2,1.3,-92.3,-4.8,,,,
45.309,7,Atta_7,679.7,1752.2,175.5,-87.5,1.7,,,,
45.309,8,Atta_8,580.5,2447.1,143.1,64.0,0.1,,,,
45.309,9,Atta_9,1796.5,2226.4,40.2,-34.5,-2.4,,,,
45.309,10,Atta_10,316.2,2660.0,343.6,82.4,1.4,,,,
45.379,1,Atta_1,606.8,1477.6,108.9,-76.8,-1.0,,,,
45.379,2,Atta_2,1183.4,332.8,53.7,-77.6,1.2,,,,
45.379,3,Atta_3,1336.2,124.2,78.6,-79.8,-8.6,,,,
45.379,4,Atta_4,1033.8,848.6,275.0,26.5,-4.6,,,,
45.379,5,Atta_5,557.0,772.5,339.7,-57.2,1.7,,,,
45.379,6,Atta_6,898.6,1648.0,358.2,44.8,-3.1,,,,
45.379,7,Atta_7,654.7,1697.6,172.5,60.1,-3.0,,,,
45.379,8,Atta_8,589.2,2467.1,144.3,21.8,1.2,,,,
45.379,9,Atta_9,1813.8,2229.5,38.7,17.6,-1.5,,,,
45.379,10,Atta_10,308.6,2668.2,344.0,-11.2,0.4,,,,
45.446,1,Atta_1,630.5,1527.8,107.5,55.5,-1.4,,,,
45.446,2,Atta_2,1199.3,400.0,55.0,69.1,1.3,,,,
45.446,3,Atta_3,1278.4,189.4,75.3,87.1,-3.3,,,,
45.446,4,Atta_4,1037.4,913.1,272.6,-64.6,-2.4,,,,
45.446,5,Atta_5,620.3,701.2,337.5,95.3,-2.2,,,,
45.446,6,Atta_6,916.1,1669.1,354.7,27.4,-3.5,,,,
45.446,7,Atta_7,645.1,1765.0,173.0,68.1,0.5,,,,
45.446,8,Atta_8,577.5,2440.9,145.2,-28.7,0.9,,,,
45.446,9,Atta_9,1849.6,2265.8,31.0,51.0,-7.7,,,,
45.446,10,Atta_10,312.5,2679.6,344.9,12.0,0.9,,,,
45.515,1,Atta_1,630.6,1557.8,108.1,30.0,0.6,,,,
45.515,2,Atta_2,1185.7,401.7,51.6,-13.7,-3.4,,,,
45.515,3,Atta_3,1309.7,152.5,75.3,-48.4,0.0,,,,
45.515,4,Atta_4,1002.6,879.3,264.2,48.5,-8.4,,,,
45.515,5,Atta_5,613.2,768.5,336.8,-67.7,-0.7,,,,
45.515,6,Atta_6,939.0,1654.6,344.7,27.1,-10.0,,,,
45.515,7,Atta_7,621.9,1739.0,174.7,34.8,1.7,,,,
45.515,8,Atta_8,566.6,2430.9,143.0,14.8,-2.2,,,,
45.515,9,Atta_9,1723.8,2230.4,26.0,-130.7,-5.0,,,,
45.515,10,Atta_10,289.2,2634.0,339.9,-51.2,-5.0,,,,
45.581,1,Atta_1,590.4,1531.8,111.2,-47.9,3.1,,,,
45.581,2,Atta_2,1206.3,430.2,55.0,35.2,3.4,,,,
45.581,3,Atta_3,1342.2,183.8,66.7,45.1,-8.6,,,,
45.581,4,Atta_4,971.6,882.6,261.3,-31.2,-2.9,,,,
45.581,5,Atta_5,592.2,741.5,335.1,-34.2,-1.7,,,,
45.581,6,Atta_6,929.0,1685.7,345.8,-32.7,1.1,,,,
45.581,7,Atta_7,669.3,1731.0,177.2,-48.1,2.5,,,,
45.581,8,Atta_8,550.0,2425.9,148.2,17.3,5.2,,,,
45.581,9,Atta_9,1821.3,2250.0,21.6,99.5,-4.4,,,,
45.581,10,Atta_10,374.3,2593.3,340.1,94.3,0.2,,,,
45.647,1,Atta_1,654.2,1586.3,107.0,83.9,-4.2,,,,
45.647,2,Atta_2,1237.6,405.5,52.4,-39.9,-2.6,,,,
45.647,3,Atta_3,1267.3,193.8,62.3,-75.6,-4.4,,,,
45.647,4,Atta_4,992.1,919.2,258.9,-42.0,-2.4,,,,
45.647,5,Atta_5,617.0,777.3,335.5,43.6,0.4,,,,
45.647,6,Atta_6,907.4,1656.8,339.7,-36.1,-6.1,,,,
45.647,7,Atta_7,587.8,1780.2,173.2,95.2,-4.0,,,,
45.647,8,Atta_8,538.5,2482.1,142.2,57.4,-6.0,,,,
45.647,9,Atta_9,1765.7,2231.3,13.7,-58.7,-7.9,,,,
45.647,10,Atta_10,394.5,2615.7,345.3,30.2,5.2,,,,
45.715,1,Atta_1,600.5,1608.1,106.7,58.0,-0.3,,,,
45.715,2,Atta_2,1210.7,413.0,61.9,-27.9,9.5,,,,
45.715,3,Atta_3,1319.6,191.4,58.9,52.4,-3.4,,,,
45.715,4,Atta_4,1004.8,903.0,257.3,20.6,-1.6,,,,
45.715,5,Atta_5,608.9,721.1,338.6,56.8,3.1,,,,
45.715,6,Atta_6,925.8,1664.5,340.6,19.9,0.9,,,,
45.715,7,Atta_7,614.6,1753.5,175.4,-37.8,2.2,,,,
45.715,8,Atta_8,551.1,2399.3,144.8,-83.8,2.6,,,,
45.715,9,Atta_9,1834.9,2207.4,14.2,73.2,0.5,,,,
45.715,10,Atta_10,337.3,2675.3,344.5,-82.6,-0.8,,,,
45.785,1,Atta_1,611.1,1588.9,111.2,-21.9,4.5,,,,
45.785,2,Atta_2,1201.7,462.4,64.2,50.2,2.3,,,,
45.785,3,Atta_3,1334.4,182.9,54.6,17.1,-4.3,,,,
45.785,4,Atta_4,1076.7,864.0,260.5,81.8,3.2,,,,
45.785,5,Atta_5,638.0,773.2,338.1,59.7,-0.5,,,,
45.785,6,Atta_6,941.3,1678.1,339.1,20.6,-1.5,,,,
45.785,7,Atta_7,650.2,1819.5,172.0,-75.0,-3.4,,,,
45.785,8,Atta_8,564.1,2454.0,144.7,56.2,-0.1,,,,
45.785,9,Atta_9,1811.5,2249.6,8.3,-48.3,-5.9,,,,
45.785,10,Atta_10,323.1,2695.5,341.4,-24.7,-3.1,,,,
45.837,1,Atta_1,622.4,1553.4,112.5,-37.3,1.3,,,,
45.837,2,Atta_2,1225.8,401.9,69.6,-65.1,5.4,,,,
45.837,3,Atta_3,1311.4,117.1,50.1,-69.7,-4.5,,,,
45.837,4,Atta_4,946.8,947.2,254.5,-154.3,-6.0,,,,
45.837,5,Atta_5,636.9,747.7,339.6,25.5,1.5,,,,
45.837,6,Atta_6,930.2,1644.8,338.4,35.1,-0.7,,,,
45.837,7,Atta_7,523.0,1765.0,172.5,138.4,0.5,,,,
45.837,8,Atta_8,569.1,2445.3,144.7,-10.0,0.0,,,,
45.837,9,Atta_9,1835.6,2309.0,7.7,64.1,-0.6,,,,
45.837,10,Atta_10,357.5,2636.9,344.4,68.0,3.0,,,,
45.907,1,Atta_1,573.0,1617.7,110.4,81.1,-2.1,,,,
45.907,2,Atta_2,1208.4,439.9,77.3,41.8,7.7,,,,
45.907,3,Atta_3,1269.4,95.1,41.5,-47.4,-8.6,,,,
45.907,4,Atta_4,1019.3,868.6,259.4,106.9,4.9,,,,
45.907,5,Atta_5,667.0,745.8,334.7,30.2,-4.9,,,,
45.907,6,Atta_6,930.1,1703.1,339.8,-58.3,1.4,,,,
45.907,7,Atta_7,482.8,1793.5,173.2,49.3,0.7,,,,
45.907,8,Atta_8,488.8,2479.4,139.6,87.2,-5.1,,,,
45.907,9,Atta_9,1870.8,2240.3,13.5,77.2,5.8,,,,
45.907,10,Atta_10,364.0,2615.6,339.6,22.3,-4.8,,,,
45.957,1,Atta_1,593.3,1615.8,105.8,-20.4,-4.6,,,,
45.957,2,Atta_2,1235.7,376.0,78.8,-69.5,1.5,,,,
45.957,3,Atta_3,1338.2,150.4,39.7,88.3,-1.8,,,,
45.957,4,Atta_4,1056.5,843.8,252.2,44.7,-7.2,,,,
45.957,5,Atta_5,693.3,712.1,340.8,42.7,6.1,,,,
45.957,6,Atta_6,920.7,1664.0,338.1,40.2,-1.7,,,,
45.957,7,Atta_7,489.4,1773.1,172.0,-21.4,-1.2,,,,
45.957,8,Atta_8,501.0,2464.0,146.4,-19.6,6.8,,,,
45.957,9,Atta_9,1809.0,2279.8,13.5,-73.3,0.0,,,,
45.957,10,Atta_10,404.4,2637.5,344.8,46.0,5.2,,,,
46.027,1,Atta_1,588.2,1612.7,113.0,-6.0,7.2,,,,
46.027,2,Atta_2,1190.3,430.6,83.1,71.0,4.3,,,,
46.027,3,Atta_3,1314.7,139.5,37.8,-25.9,-1.9,,,,
46.027,4,Atta_4,1022.5,880.7,251.9,-50.2,-0.3,,,,
46.027,5,Atta_5,669.3,699.9,332.2,-26.9,-8.6,,,,
46.027,6,Atta_6,948.4,1649.8,339.7,31.1,1.6,,,,
46.027,7,Atta_7,527.6,1764.5,175.1,-39.2,3.1,,,,
46.027,8,Atta_8,496.8,2496.3,146.9,32.6,0.5,,,,
46.027,9,Atta_9,1818.6,2170.1,11.2,-110.1,-2.3,,,,
46.027,10,Atta_10,430.7,2618.8,339.6,32.3,-5.2,,,,
46.078,1,Atta_1,572.3,1634.4,107.1,26.9,-5.9,,,,
46.078,2,Atta_2,1182.2,426.8,85.6,-8.9,2.5,,,,
46.078,3,Atta_3,1260.8,124.0,30.3,-56.1,-7.5,,,,
46.078,4,Atta_4,1047.0,848.8,247.1,40.2,-4.8,,,,
46.078,5,Atta_5,729.2,683.7,337.3,62.1,5.1,,,,
46.078,6,Atta_6,910.9,1661.2,337.1,-39.2,-2.6,,,,
46.078,7,Atta_7,553.9,1751.2,173.1,-29.5,-2.0,,,,
46.078,8,Atta_8,456.4,2513.9,144.4,44.1,-2.5,,,,
46.078,9,Atta_9,1825.6,2269.1,9.0,99.2,-2.2,,,,
46.078,10,Atta_10,392.0,2654.8,341.5,-52.9,1.9,,,,
46.143,1,Atta_1,577.2,1634.1,106.5,-4.9,-0.6,,,,
46.143,2,Atta_2,1213.3,441.7,90.3,34.5,4.7,,,,
46.143,3,Atta_3,1282.9,196.7,24.8,76.0,-5.5,,,,
46.143,4,Atta_4,1021.4,831.1,244.7,31.1,-2.4,,,,
46.143,5,Atta_5,703.7,697.5,336.0,-29.0,-1.3,,,,
46.143,6,Atta_6,992.9,1670.4,339.4,82.5,2.3,,,,
46.143,7,Atta_7,441.3,1800.9,172.7,123.1,-0.4,,,,
46.143,8,Atta_8,497.1,2466.2,143.3,-62.7,-1.1,,,,
46.143,9,Atta_9,1828.3,2257.0,12.5,12.4,3.5,,,,
46.143,10,Atta_10,396.7,2652.8,335.2,5.1,-6.3,,,,
46.211,1,Atta_1,571.9,1718.2,110.2,84.3,3.7,,,,
46.211,2,Atta_2,1197.9,398.1,99.3,-46.2,9.0,,,,
46.211,3,Atta_3,1319.8,130.0,20.8,76.2,-4.0,,,,
46.211,4,Atta_4,1054.2,889.4,241.4,-66.9,-3.3,,,,
46.211,5,Atta_5,791.3,728.8,335.8,93.0,-0.2,,,,
46.211,6,Atta_6,940.0,1705.0,340.5,-63.2,1.1,,,,
46.211,7,Atta_7,531.0,1829.6,173.9,-94.2,1.2,,,,
46.211,8,Atta_8,479.3,2489.9,142.2,29.6,-1.1,,,,
46.211,9,Atta_9,1855.0,2291.8,10.3,43.9,-2.2,,,,
46.211,10,Atta_10,439.3,2610.6,329.3,60.0,-5.9,,,,
46.351,1,Atta_1,585.5,1659.0,115.1,-60.7,4.9,,,,
46.351,2,Atta_2,1201.9,411.7,104.3,14.2,5.0,,,,
46.351,3,Atta_3,1283.7,156.0,12.0,-44.5,-8.8,,,,
46.351,4,Atta_4,1036.5,917.4,232.9,-33.1,-8.5,,,,
46.351,5,Atta_5,746.3,697.4,338.0,-54.9,2.2,,,,
46.351,6,Atta_6,1022.7,1656.2,339.7,96.0,-0.8,,,,
46.351,7,Atta_7,445.6,1780.1,172.3,98.7,-1.6,,,,
46.351,8,Atta_8,535.8,2491.0,141.7,-56.5,-0.5,,,,
46.351,9,Atta_9,1889.0,2226.3,10.5,73.8,0.2,,,,
46.351,10,Atta_10,409.2,2626.3,322.1,-33.9,-7.2,,,,
46.417,1,Atta_1,596.6,1665.7,109.6,13.0,-5.5,,,,
46.417,2,Atta_2,1184.2,413.6,109.3,17.8,5.0,,,,
46.417,3,Atta_3,1311.8,157.7,7.4,28.2,-4.6,,,,
46.417,4,Atta_4,1004.6,848.1,223.2,76.3,-9.7,,,,
46.417,5,Atta_5,752.1,715.9,334.9,-19.4,-3.1,,,,
46.417,6,Atta_6,1023.1,1640.3,340.4,15.9,0.7,,,,
46.417,7,Atta_7,425.8,1764.5,175.3,25.2,3.0,,,,
46.417,8,Atta_8,527.1,2481.7,141.0,12.7,-0.7,,,,
46.417,9,Atta_9,1901.1,2206.4,11.2,23.3,0.7,,,,
46.417,10,Atta_10,385.7,2597.2,320.8,-37.4,-1.3,,,,
46.483,1,Atta_1,559.1,1665.8,113.3,37.5,3.7,,,,
46.483,2,Atta_2,1263.9,371.9,114.4,-89.9,5.1,,,,
46.483,3,Atta_3,1322.9,165.4,3.1,13.5,-4.3,,,,
46.483,4,Atta_4,1005.3,944.4,220.7,-96.3,-2.5,,,,
46.483,6,Atta_6,1032.5,1653.1,345.5,15.9,5.1,,,,
46.483,7,Atta_7,445.9,1850.3,168.4,-88.1,-6.9,,,,
46.483,8,Atta_8,571.2,2438.2,143.1,-61.9,2.1,,,,
46.483,9,Atta_9,1918.7,2272.5,10.1,68.4,-1.1,,,,
46.483,10,Atta_10,400.4,2633.8,313.4,-39.4,-7.4,,,,
46.613,1,Atta_1,605.5,1690.1,112.1,52.4,-1.2,,,,
46.613,2,Atta_2,1277.9,483.1,117.4,112.1,3.0,,,,
46.613,3,Atta_3,1342.9,157.0,1.7,21.7,-1.4,,,,
46.613,4,Atta_4,958.6,880.9,216.4,78.8,-4.3,,,,
46.613,5,Atta_5,768.3,701.4,339.4,21.7,4.5,,,,
46.613,6,Atta_6,1045.0,1611.0,338.4,43.9,-7.1,,,,
46.613,7,Atta_7,355.7,1758.6,172.7,128.6,4.3,,,,
46.613,8,Atta_8,548.6,2438.6,141.9,22.6,-1.2,,,,
46.613,9,Atta_9,1842.5,2269.4,14.7,-76.3,4.6,,,,
46.613,10,Atta_10,426.1,2591.9,309.1,49.2,-4.3,,,,
46.681,1,Atta_1,589.6,1608.0,115.7,-83.6,3.6,,,,
46.681,2,Atta_2,1242.7,392.8,126.5,-96.9,9.1,,,,
46.681,3,Atta_3,1323.7,142.0,351.0,-24.4,-10.7,,,,
46.681,4,Atta_4,1013.8,877.8,215.7,-55.3,-0.7,,,,
46.681,5,Atta_5,805.7,626.2,335.0,84.0,-4.4,,,,
46.681,6,Atta_6,1095.6,1606.0,342.5,50.8,4.1,,,,
46.681,7,Atta_7,458.6,1801.3,173.6,-111.4,0.9,,,,
46.681,8,Atta_8,571.9,2421.5,143.0,-28.9,1.1,,,,
46.681,9,Atta_9,1838.5,2228.2,15.6,-41.4,0.9,,,,
46.681,10,Atta_10,384.6,2678.1,298.3,-95.7,-10.8,,,,
46.751,1,Atta_1,607.0,1629.6,113.6,27.7,-2.1,,,,
46.751,2,Atta_2,1200.9,428.7,130.3,55.1,3.8,,,,
46.751,3,Atta_3,1268.0,109.8,349.8,-64.3,-1.2,,,,
46.751,4,Atta_4,1008.5,868.7,213.7,10.5,-2.0,,,,
46.751,5,Atta_5,791.3,668.1,335.3,-44.3,0.3,,,,
46.751,6,Atta_6,1104.0,1623.8,340.8,19.7,-1.7,,,,
46.751,7,Atta_7,353.4,1764.4,174.8,111.5,1.2,,,,
46.751,8,Atta_8,558.6,2474.6,143.8,54.7,0.8,,,,
46.751,9,Atta_9,1823.7,2243.0,15.3,-20.9,-0.3,,,,
46.751,10,Atta_10,383.4,2617.4,293.3,60.7,-5.0,,,,
46.885,1,Atta_1,652.5,1607.0,111.7,-50.8,-1.9,,,,
46.885,2,Atta_2,1182.5,439.0,136.2,21.1,5.9,,,,
46.885,3,Atta_3,1307.4,112.5,339.1,39.5,-10.7,,,,
46.885,4,Atta_4,1040.7,855.6,213.4,-34.8,-0.3,,,,
46.885,5,Atta_5,782.0,642.4,339.9,27.3,4.6,,,,
46.885,6,Atta_6,1058.0,1683.4,341.1,-75.3,0.3,,,,
46.885,7,Atta_7,417.6,1814.3,171.7,-81.3,-3.1,,,,
46.885,8,Atta_8,559.7,2469.6,151.0,-5.1,7.2,,,,
46.885,9,Atta_9,1806.1,2250.2,12.9,-19.0,-2.4,,,,
46.885,10,Atta_10,437.1,2623.1,291.0,54.0,-2.3,,,,
46.952,1,Atta_1,642.8,1665.8,105.5,59.6,-6.2,,,,
46.952,2,Atta_2,1165.4,425.1,143.8,22.0,7.6,,,,
46.952,3,Atta_3,1238.6,192.0,333.8,-105.1,-5.3,,,,
46.952,4,Atta_4,979.9,862.5,217.6,61.2,4.2,,,,
46.952,5,Atta_5,831.7,694.6,335.4,72.1,-4.5,,,,
46.952,6,Atta_6,1099.8,1614.3,338.1,80.8,-3.0,,,,
46.952,7,Atta_7,355.5,1846.7,170.6,70.0,-1.1,,,,
46.952,8,Atta_8,555.6,2519.0,158.9,49.6,7.9,,,,
46.952,9,Atta_9,1747.6,2280.7,17.0,-66.0,4.1,,,,
46.952,10,Atta_10,342.7,2564.4,280.5,111.2,-10.5,,,,
47.021,1,Atta_1,564.6,1591.0,102.1,-108.2,-3.4,,,,
47.021,2,Atta_2,1215.2,415.6,144.4,-50.7,0.6,,,,
47.021,3,Atta_3,1275.7,161.0,329.7,48.3,-4.1,,,,
47.021,4,Atta_4,1054.5,853.3,223.1,-75.2,5.5,,,,
47.021,5,Atta_5,884.2,618.1,336.8,92.8,1.4,,,,
47.021,6,Atta_6,1109.6,1571.2,340.8,44.2,2.7,,,,
47.021,7,Atta_7,363.9,1809.2,174.6,-38.4,4.0,,,,
47.021,8,Atta_8,574.8,2492.3,164.5,-32.9,5.6,,,,
47.021,9,Atta_9,1769.4,2269.4,16.3,24.6,-0.7,,,,
47.021,10,Atta_10,419.2,2621.5,273.7,-95.5,-6.8,,,,
47.142,1,Atta_1,611.0,1597.9,91.7,-46.9,-10.4,,,,
47.142,2,Atta_2,1173.0,428.6,138.9,44.2,-5.5,,,,
47.142,3,Atta_3,1304.5,169.8,318.4,30.1,-11.3,,,,
47.142,4,Atta_4,991.6,890.4,229.7,73.0,6.6,,,,
47.142,5,Atta_5,850.5,614.7,338.3,-33.9,1.5,,,,
47.142,6,Atta_6,1074.2,1574.1,339.9,-35.5,-0.9,,,,
47.142,7,Atta_7,332.9,1792.2,171.9,35.4,-2.7,,,,
47.142,8,Atta_8,564.5,2447.5,170.0,-46.0,5.5,,,,
47.142,9,Atta_9,1838.4,2274.3,22.8,69.2,6.5,,,,
47.142,10,Atta_10,391.8,2616.3,274.8,27.9,1.1,,,,
47.213,1,Atta_1,571.5,1596.1,86.5,-39.5,-5.2,,,,
47.213,2,Atta_2,1223.1,392.6,140.2,-61.7,1.3,,,,
47.213,3,Atta_3,1258.6,119.7,324.4,-67.9,6.0,,,,
47.213,4,Atta_4,977.7,922.1,233.7,-34.6,4.0,,,,
47.213,5,Atta_5,896.7,671.8,336.1,73.4,-2.2,,,,
47.213,6,Atta_6,1131.3,1578.8,336.5,57.3,-3.4,,,,
47.213,7,Atta_7,347.7,1781.4,177.1,-18.3,5.2,,,,
47.213,8,Atta_8,540.2,2478.2,175.3,39.2,5.3,,,,
47.213,9,Atta_9,1824.1,2220.9,27.1,-55.3,4.3,,,,
47.213,10,Atta_10,386.6,2573.6,265.9,43.0,-8.9,,,,
47.266,1,Atta_1,619.7,1592.5,83.1,-48.3,-3.4,,,,
47.266,2,Atta_2,1256.1,444.2,136.0,61.2,-4.2,,,,
47.266,3,Atta_3,1347.7,139.0,312.4,91.2,-12.0,,,,
47.266,4,Atta_4,1020.4,890.3,243.4,53.2,9.7,,,,
47.266,5,Atta_5,863.2,631.3,335.6,-52.6,-0.5,,,,
47.266,6,Atta_6,1155.8,1602.9,333.6,34.4,-2.9,,,,
47.266,7,Atta_7,276.3,1819.7,173.0,81.0,-4.1,,,,
47.266,8,Atta_8,526.9,2451.8,180.0,29.6,4.7,,,,
47.266,9,Atta_9,1817.0,2243.1,27.3,23.3,0.2,,,,
47.266,10,Atta_10,446.3,2657.0,262.3,-102.6,-3.6,,,,
47.335,1,Atta_1,609.8,1540.6,77.8,-52.8,-5.3,,,,
47.335,2,Atta_2,1204.9,424.4,137.2,54.9,1.2,,,,
47.335,3,Atta_3,1254.3,190.1,312.8,-106.5,0.4,,,,
47.335,4,Atta_4,975.7,878.9,240.9,46.1,-2.5,,,,
47.335,5,Atta_5,845.2,636.3,335.8,-18.7,0.2,,,,
47.335,6,Atta_6,1143.9,1588.1,339.0,-19.0,5.4,,,,
47.335,7,Atta_7,321.4,1768.8,172.1,-68.0,-0.9,,,,
47.335,8,Atta_8,529.9,2427.6,183.7,-24.4,3.7,,,,
47.335,9,Atta_9,1794.7,2164.6,34.3,-81.6,7.0,,,,
47.335,10,Atta_10,444.6,2595.1,260.1,61.9,-2.2,,,,
47.403,1,Atta_1,571.4,1606.2,74.0,76.0,-3.8,,,,
47.403,2,Atta_2,1221.2,402.3,143.8,-27.5,6.6,,,,
47.403,3,Atta_3,1336.7,206.6,307.1,84.0,-5.7,,,,
47.403,4,Atta_4,994.6,922.3,248.1,-47.3,7.2,,,,
47.403,5,Atta_5,873.7,645.5,337.3,29.9,1.5,,,,
47.403,6,Atta_6,1164.0,1569.2,339.1,27.6,0.1,,,,
47.403,7,Atta_7,299.9,1758.6,172.7,23.8,0.6,,,,
47.403,8,Atta_8,574.6,2490.7,188.2,-77.3,4.5,,,,
47.403,9,Atta_9,1823.6,2231.0,38.2,72.4,3.9,,,,
47.403,10,Atta_10,379.9,2631.1,255.9,-74.0,-4.2,,,,
47.466,1,Atta_1,649.0,1616.2,73.2,78.2,-0.8,,,,
47.466,2,Atta_2,1193.6,409.0,140.0,28.4,-3.8,,,,
47.466,3,Atta_3,1264.1,201.4,299.8,-72.8,-7.3,,,,
47.466,4,Atta_4,1044.5,854.0,244.3,84.6,-3.8,,,,
47.466,5,Atta_5,862.5,601.8,338.8,45.1,1.5,,,,
47.466,6,Atta_6,1145.0,1601.1,340.1,-37.1,1.0,,,,
47.466,7,Atta_7,277.4,1811.6,172.5,57.6,-0.2,,,,
47.466,8,Atta_8,506.8,2456.8,196.0,75.8,7.8,,,,
47.466,9,Atta_9,1862.3,2267.1,44.0,52.9,5.8,,,,
47.466,10,Atta_10,417.6,2662.3,250.1,-48.9,-5.8,,,,
47.533,1,Atta_1,586.4,1610.1,65.7,-62.9,-7.5,,,,
47.533,2,Atta_2,1184.0,408.9,143.3,9.6,3.3,,,,
47.533,3,Atta_3,1290.8,129.5,296.6,76.7,-3.2,,,,
47.533,4,Atta_4,998.9,845.9,241.4,46.3,-2.9,,,,
47.533,5,Atta_5,894.7,629.4,337.7,42.4,-1.1,,,,
47.533,6,Atta_6,1143.4,1541.5,340.8,59.6,0.7,,,,
47.533,7,Atta_7,328.0,1818.6,173.3,-51.1,0.8,,,,
47.533,8,Atta_8,558.2,2469.4,198.3,-52.9,2.3,,,,
47.533,9,Atta_9,1785.0,2256.8,48.5,-78.0,4.5,,,,
47.533,10,Atta_10,436.5,2658.2,245.9,-19.3,-4.2,,,,
47.599,1,Atta_1,553.6,1631.3,59.5,39.1,-6.2,,,,
47.599,2,Atta_2,1170.1,445.4,142.9,39.1,-0.4,,,,
47.599,3,Atta_3,1349.7,137.0,289.9,59.4,-6.7,,,,
47.599,4,Atta_4,990.8,872.4,245.4,-27.7,4.0,,,,
47.599,5,Atta_5,928.8,579.9,332.1,60.1,-5.6,,,,
47.599,6,Atta_6,1159.7,1571.5,338.7,34.1,-2.1,,,,
47.599,7,Atta_7,247.0,1789.3,171.2,86.1,-2.1,,,,
47.599,8,Atta_8,514.0,2430.2,200.6,59.1,2.3,,,,
47.599,9,Atta_9,1745.8,2212.8,54.0,-58.9,5.5,,,,
47.599,10,Atta_10,430.0,2644.2,242.1,15.4,-3.8,,,,
47.67,1,Atta_1,576.3,1598.8,56.3,-39.6,-3.2,,,,
47.67,2,Atta_2,1189.8,501.8,141.9,59.7,-1.0,,,,
47.67,3,Atta_3,1296.1,152.3,296.0,-55.7,6.1,,,,
47.67,4,Atta_4,1001.4,885.2,243.2,-16.6,-2.2,,,,
47.67,5,Atta_5,902.8,620.2,337.9,-48.0,5.8,,,,
47.67,6,Atta_6,1204.6,1574.8,342.5,45.0,3.8,,,,
47.67,7,Atta_7,219.7,1771.2,177.9,32.8,6.7,,,,
47.67,8,Atta_8,573.2,2437.9,197.5,-59.7,-3.1,,,,
47.67,9,Atta_9,1759.8,2258.6,57.6,47.9,3.6,,,,
47.67,10,Atta_10,371.8,2572.0,233.7,92.7,-8.4,,,,
47.734,1,Atta_1,652.5,1599.1,57.0,76.2,0.7,,,,
47.734,2,Atta_2,1158.4,481.1,140.9,37.6,-1.0,,,,
47.734,3,Atta_3,1280.9,173.6,292.9,-26.2,-3.1,,,,
47.734,4,Atta_4,953.1,864.7,242.3,52.5,-0.9,,,,
47.734,5,Atta_5,978.4,578.4,332.4,86.4,-5.5,,,,
47.734,6,Atta_6,1197.4,1585.6,343.5,-13.0,1.0,,,,
47.734,7,Atta_7,234.2,1803.1,169.1,-35.0,-8.8,,,,
47.734,8,Atta_8,513.4,2470.2,196.8,68.0,-0.7,,,,
47.734,9,Atta_9,1832.1,2222.7,62.4,80.7,4.8,,,,
47.734,10,Atta_10,443.1,2608.7,231.2,-80.2,-2.5,,,,
47.804,1,Atta_1,566.5,1588.3,54.2,-86.7,-2.8,,,,
47.804,2,Atta_2,1123.4,522.4,141.6,54.1,0.7,,,,
47.804,3,Atta_3,1259.9,196.5,289.2,-31.1,-3.7,,,,
47.804,4,Atta_4,1017.9,868.8,240.9,-64.9,-1.4,,,,
47.804,5,Atta_5,965.2,601.2,340.2,-26.3,7.8,,,,
47.804,6,Atta_6,1223.8,1588.0,338.2,26.5,-5.3,,,,
47.804,7,Atta_7,222.9,1786.8,170.2,19.8,1.1,,,,
47.804,8,Atta_8,586.3,2431.1,197.5,-82.7,0.7,,,,
47.804,9,Atta_9,1809.5,2228.5,69.6,-23.3,7.2,,,,
47.804,10,Atta_10,441.4,2578.3,231.7,30.4,0.5,,,,
47.873,1,Atta_1,640.2,1624.4,51.8,82.1,-2.4,,,,
47.873,2,Atta_2,1118.6,452.0,139.8,-70.6,-1.8,,,,
47.873,3,Atta_3,1327.6,194.9,295.2,67.7,6.0,,,,
47.873,4,Atta_4,993.4,849.3,241.3,31.3,0.4,,,,
47.873,5,Atta_5,947.8,619.0,334.9,-24.9,-5.3,,,,
47.873,6,Atta_6,1213.3,1612.7,341.1,-26.8,2.9,,,,
47.873,7,Atta_7,234.7,1777.3,174.4,-15.1,4.2,,,,
47.873,8,Atta_8,521.6,2381.2,195.9,81.7,-1.6,,,,
47.873,9,Atta_9,1807.1,2221.5,69.1,-7.4,-0.5,,,,
47.873,10,Atta_10,413.0,2611.0,222.4,-43.3,-9.3,,,,
47.943,1,Atta_1,640.4,1603.9,57.2,-20.5,5.4,,,,
47.943,2,Atta_2,1112.4,467.1,141.2,16.3,1.4,,,,
47.943,3,Atta_3,1294.9,153.9,293.7,52.4,-1.5,,,,
47.943,4,Atta_4,950.6,864.6,240.0,45.5,-1.3,,,,
47.943,5,Atta_5,941.8,589.4,340.3,30.2,5.4,,,,
47.943,6,Atta_6,1224.3,1560.8,339.4,53.1,-1.7,,,,
47.943,7,Atta_7,180.5,1804.6,173.3,60.7,-1.1,,,,
47.943,8,Atta_8,597.1,2465.6,199.8,-113.2,3.9,,,,
47.943,9,Atta_9,1789.8,2257.9,72.8,40.3,3.7,,,,
47.943,10,Atta_10,394.7,2617.3,220.7,19.4,-1.7,,,,
48.008,1,Atta_1,623.0,1552.7,56.3,-54.1,-0.9,,,,
48.008,2,Atta_2,1100.5,581.4,141.1,114.9,-0.1,,,,
48.008,3,Atta_3,1283.6,109.5,290.8,45.8,-2.9,,,,
48.008,4,Atta_4,1004.2,841.4,246.1,-58.4,6.1,,,,
48.008,5,Atta_5,1007.8,603.6,335.7,67.5,-4.6,,,,
48.008,6,Atta_6,1248.2,1501.2,339.3,64.2,-0.1,,,,
48.008,7,Atta_7,165.8,1784.2,171.7,25.1,-1.6,,,,
48.008,8,Atta_8,509.6,2413.3,198.9,101.9,-0.9,,,,
48.008,9,Atta_9,1819.9,2241.8,68.2,-34.1,-4.6,,,,
48.008,10,Atta_10,408.4,2639.7,210.8,-26.3,-9.9,,,,
48.078,1,Atta_1,601.8,1591.3,56.0,44.0,-0.3,,,,
48.078,2,Atta_2,1123.2,537.6,140.3,-49.3,-0.8,,,,
48.078,3,Atta_3,1310.9,140.1,289.7,-41.0,-1.1,,,,
48.078,4,Atta_4,1040.3,840.7,241.1,-36.1,-5.0,,,,
48.078,5,Atta_5,966.3,591.7,336.0,-43.2,0.3,,,,
48.078,6,Atta_6,1246.2,1521.2,335.6,-20.1,-3.7,,,,
48.078,7,Atta_7,252.2,1802.2,175.8,-88.3,4.1,,,,
48.078,8,Atta_8,538.5,2458.6,198.4,-53.7,-0.5,,,,
48.078,9,Atta_9,1832.8,2195.3,69.1,-48.3,0.9,,,,
48.078,10,Atta_10,500.5,2633.7,209.7,-92.3,-1.1,,,,
48.143,1,Atta_1,581.9,1672.5,57.6,83.6,1.6,,,,
48.143,2,Atta_2,1111.6,465.4,136.3,-73.1,-4.0,,,,
48.143,3,Atta_3,1274.0,155.9,288.0,-40.1,-1.7,,,,
48.143,4,Atta_4,977.0,882.0,242.5,-75.6,1.4,,,,
48.143,5,Atta_5,1052.0,603.8,330.5,86.5,-5.5,,,,
48.143,6,Atta_6,1272.4,1589.1,342.7,-72.8,7.1,,,,
48.143,7,Atta_7,148.9,1809.6,173.1,103.6,-2.7,,,,
48.143,8,Atta_8,518.6,2445.4,198.0,23.9,-0.4,,,,
48.143,9,Atta_9,1778.5,2190.4,72.4,-54.5,3.3,,,,
48.143,10,Atta_10,388.3,2636.8,206.1,112.2,-3.6,,,,
48.213,1,Atta_1,619.2,1614.0,56.0,-69.4,-1.6,,,,
48.213,2,Atta_2,1084.3,470.5,137.2,27.8,0.9,,,,
48.213,3,Atta_3,1241.1,137.1,290.6,37.9,2.6,,,,
48.213,4,Atta_4,1005.7,812.5,244.2,75.2,1.7,,,,
48.213,5,Atta_5,963.3,608.8,332.5,-88.8,2.0,,,,
48.213,6,Atta_6,1308.8,1543.0,337.8,58.7,-4.9,,,,
48.213,7,Atta_7,125.4,1809.5,174.4,23.5,1.3,,,,
48.213,8,Atta_8,497.1,2473.2,197.5,35.1,-0.5,,,,
48.213,9,Atta_9,1775.2,2239.6,70.4,49.3,-2.0,,,,
48.213,10,Atta_10,441.3,2599.8,199.5,-64.6,-6.6,,,,
48.279,1,Atta_1,626.8,1636.8,52.4,24.0,-3.6,,,,
48.279,2,Atta_2,1044.8,477.4,136.9,40.1,-0.3,,,,
48.279,3,Atta_3,1329.7,121.0,291.8,90.1,1.2,,,,
48.279,4,Atta_4,952.4,894.7,243.0,-98.0,-1.2,,,,
48.279,5,Atta_5,901.1,605.6,334.3,-62.3,1.8,,,,
48.279,6,Atta_6,1277.8,1592.3,344.7,-58.2,6.9,,,,
48.279,7,Atta_7,155.1,1853.8,174.5,-53.3,0.1,,,,
48.279,8,Atta_8,484.5,2378.9,196.8,95.1,-0.7,,,,
48.279,9,Atta_9,1788.7,2247.7,70.9,15.7,0.5,,,,
48.279,10,Atta_10,473.2,2634.7,196.1,-47.3,-3.4,,,,
48.345,1,Atta_1,623.4,1650.2,59.8,13.8,7.4,,,,
48.345,2,Atta_2,1148.2,444.8,135.1,-108.4,-1.8,,,,
48.345,3,Atta_3,1349.0,164.3,293.1,-47.4,1.3,,,,
48.345,4,Atta_4,948.3,793.2,242.3,101.6,-0.7,,,,
48.345,5,Atta_5,964.6,638.3,333.8,71.4,-0.5,,,,
48.345,6,Atta_6,1318.2,1541.8,340.2,64.7,-4.5,,,,
48.345,7,Atta_7,166.8,1808.5,172.1,-46.8,-2.4,,,,
48.345,8,Atta_8,518.9,2380.0,198.1,-34.4,1.3,,,,
48.345,9,Atta_9,1825.5,2223.7,74.6,-43.9,3.7,,,,
48.345,10,Atta_10,409.1,2630.4,196.0,64.2,-0.1,,,,
48.411,1,Atta_1,660.7,1629.8,55.7,42.5,-4.1,,,,
48.411,2,Atta_2,1162.6,442.7,141.0,-14.6,5.9,,,,
48.411,3,Atta_3,1334.8,65.5,294.4,99.8,1.3,,,,
48.411,4,Atta_4,998.3,761.7,243.4,59.1,1.1,,,,
48.411,5,Atta_5,963.6,620.7,331.3,17.6,-2.5,,,,
48.411,6,Atta_6,1322.6,1472.7,339.2,69.2,-1.0,,,,
48.411,7,Atta_7,130.2,1836.6,174.8,46.1,2.7,,,,
48.411,8,Atta_8,439.0,2406.5,199.9,84.2,1.8,,,,
48.411,9,Atta_9,1808.7,2274.2,71.9,53.2,-2.7,,,,
48.411,10,Atta_10,451.2,2652.7,187.2,-47.6,-8.8,,,,
48.476,1,Atta_1,623.6,1662.4,54.3,49.4,-1.4,,,,
48.476,2,Atta_2,1179.5,416.4,136.1,-31.3,-4.9,,,,
48.476,3,Atta_3,1292.4,134.8,294.4,-81.2,0.0,,,,
48.476,4,Atta_4,966.8,794.2,241.5,-45.3,-1.9,,,,
48.476,5,Atta_5,874.4,639.3,330.7,-91.1,-0.6,,,,
48.476,6,Atta_6,1300.1,1579.4,343.2,-109.0,4.0,,,,
48.476,7,Atta_7,158.6,1849.9,173.2,-31.4,-1.6,,,,
48.476,8,Atta_8,413.5,2395.4,196.9,27.8,-3.0,,,,
48.476,9,Atta_9,1805.8,2228.2,65.8,-46.1,-6.1,,,,
48.476,10,Atta_10,396.5,2595.5,185.9,79.1,-1.3,,,,
48.546,1,Atta_1,683.3,1684.0,57.5,63.5,3.2,,,,
48.546,2,Atta_2,1148.1,446.6,136.2,43.6,0.1,,,,
48.546,3,Atta_3,1304.0,105.0,294.8,32.0,0.4,,,,
48.546,4,Atta_4,989.6,764.6,244.5,37.4,3.0,,,,
48.546,5,Atta_5,912.2,645.6,332.7,38.3,2.0,,,,
48.546,6,Atta_6,1320.4,1567.4,339.7,23.6,-3.5,,,,
48.546,7,Atta_7,85.1,1831.0,173.5,75.9,0.3,,,,
48.546,8,Atta_8,411.7,2479.3,194.3,-83.9,-2.6,,,,
48.546,9,Atta_9,1886.1,2280.6,72.0,95.9,6.2,,,,
48.546,10,Atta_10,444.2,2582.6,175.2,-49.4,-10.7,,,,
48.681,1,Atta_1,698.0,1738.8,59.9,56.7,2.4,,,,
48.681,2,Atta_2,1170.4,424.0,125.4,-31.7,-10.8,,,,
48.681,3,Atta_3,1307.8,147.7,298.1,-42.9,3.3,,,,
48.681,4,Atta_4,966.1,777.7,234.1,-26.9,-10.4,,,,
48.681,5,Atta_5,910.1,600.8,343.9,44.8,11.2,,,,
48.681,6,Atta_6,1377.8,1546.7,342.5,61.0,2.8,,,,
48.681,7,Atta_7,174.5,1847.1,177.9,-90.8,4.4,,,,
48.681,8,Atta_8,391.0,2415.1,202.7,67.5,8.4,,,,
48.681,9,Atta_9,1842.3,2308.2,69.8,51.8,-2.2,,,,
48.681,10,Atta_10,394.4,2600.5,171.8,52.9,-3.4,,,,
48.813,1,Atta_1,712.9,1683.0,54.9,-57.8,-5.0,,,,
48.813,2,Atta_2,1216.4,480.1,119.3,72.5,-6.1,,,,
48.813,3,Atta_3,1339.9,158.9,294.5,34.0,-3.6,,,,
48.813,4,Atta_4,985.2,759.1,238.9,26.7,4.8,,,,
48.813,5,Atta_5,882.0,606.4,345.0,-28.7,1.1,,,,
48.813,6,Atta_6,1397.1,1538.3,337.9,21.0,-4.6,,,,
48.813,7,Atta_7,115.0,1819.6,171.3,65.5,-6.6,,,,
48.813,8,Atta_8,482.4,2458.8,205.4,-101.3,2.7,,,,
48.813,9,Atta_9,1803.2,2341.8,72.4,51.6,2.6,,,,
48.813,10,Atta_10,439.2,2599.4,167.6,-44.8,-4.2,,,,
48.883,1,Atta_1,706.5,1671.7,53.5,-13.0,-1.4,,,,
48.883,2,Atta_2,1140.3,429.0,114.8,-91.7,-4.5,,,,
48.883,3,Atta_3,1334.2,166.1,294.8,-9.2,0.3,,,,
48.883,4,Atta_4,995.1,736.6,238.7,24.6,-0.2,,,,
48.883,5,Atta_5,895.6,662.2,351.4,-57.4,6.4,,,,
48.883,6,Atta_6,1394.6,1504.6,340.7,33.8,2.8,,,,
48.883,7,Atta_7,100.2,1826.1,171.5,16.2,0.2,,,,
48.883,8,Atta_8,426.6,2445.3,209.1,57.4,3.7,,,,
48.883,9,Atta_9,1885.8,2321.1,69.4,85.2,-3.0,,,,
48.883,10,Atta_10,348.0,2609.8,165.5,91.8,-2.1,,,,
48.934,1,Atta_1,660.8,1674.9,46.3,-45.8,-7.2,,,,
48.934,2,Atta_2,1146.9,425.8,114.6,-7.3,-0.2,,,,
48.934,3,Atta_3,1250.9,155.2,299.6,-84.0,4.8,,,,
48.934,4,Atta_4,955.5,838.9,238.7,-109.7,0.0,,,,
48.934,5,Atta_5,904.4,564.4,357.6,98.2,6.2,,,,
48.934,6,Atta_6,1400.5,1471.4,340.9,33.7,0.2,,,,
48.934,7,Atta_7,92.0,1794.3,173.1,32.8,1.6,,,,
48.934,8,Atta_8,410.8,2400.0,214.0,48.0,4.9,,,,
48.934,9,Atta_9,1809.5,2335.7,72.9,-77.7,3.5,,,,
48.934,10,Atta_10,419.6,2614.0,165.6,-71.7,0.1,,,,
49.002,1,Atta_1,679.2,1723.4,42.4,51.9,-3.9,,,,
49.002,2,Atta_2,1203.9,436.4,108.1,-58.0,-6.5,,,,
49.002,3,Atta_3,1352.6,175.6,307.7,103.7,8.1,,,,
49.002,4,Atta_4,992.4,807.9,240.0,48.2,1.3,,,,
49.002,5,Atta_5,944.5,594.1,1.0,49.9,3.4,,,,
49.002,6,Atta_6,1352.8,1463.4,340.7,-48.4,-0.2,,,,
49.002,7,Atta_7,147.9,1795.6,171.9,-55.9,-1.2,,,,
49.002,8,Atta_8,448.1,2418.9,222.3,-41.8,8.3,,,,
49.002,9,Atta_9,1857.9,2387.7,74.3,71.0,1.4,,,,
49.002,10,Atta_10,385.7,2594.6,164.8,39.1,-0.8,,,,
49.072,1,Atta_1,658.0,1715.4,38.9,-22.7,-3.5,,,,
49.072,2,Atta_2,1154.4,473.8,104.7,62.0,-3.4,,,,
49.072,3,Atta_3,1272.9,211.9,312.8,-87.6,5.1,,,,
49.072,4,Atta_4,948.1,775.2,237.7,55.1,-2.3,,,,
49.072,5,Atta_5,901.6,692.4,5.0,-107.3,4.0,,,,
49.072,6,Atta_6,1397.1,1487.0,334.6,50.2,-6.1,,,,
49.072,7,Atta_7,111.5,1861.1,174.9,74.9,3.0,,,,
49.072,8,Atta_8,457.6,2347.1,224.0,72.4,1.7,,,,
49.072,9,Atta_9,1863.8,2361.5,81.0,-26.9,6.7,,,,
49.072,10,Atta_10,415.3,2595.3,169.6,-29.6,4.8,,,,
49.14,1,Atta_1,663.8,1660.5,31.5,-55.2,-7.4,,,,
49.14,2,Atta_2,1192.9,451.7,104.4,-44.4,-0.3,,,,
49.14,3,Atta_3,1266.1,120.9,309.4,91.3,-3.4,,,,
49.14,4,Atta_4,998.3,831.2,236.8,-75.2,-0.9,,,,
49.14,5,Atta_5,927.3,597.3,11.2,98.5,6.2,,,,
49.14,6,Atta_6,1431.9,1483.4,328.3,35.0,-6.3,,,,
49.14,7,Atta_7,200.4,1860.4,170.6,-88.9,-4.3,,,,
49.14,8,Atta_8,392.3,2419.7,231.6,-97.6,7.6,,,,
49.14,9,Atta_9,1841.1,2336.8,82.5,-33.5,1.5,,,,
49.14,10,Atta_10,388.9,2625.4,168.5,40.0,-1.1,,,,
49.206,1,Atta_1,611.9,1745.5,25.0,99.6,-6.5,,,,
49.206,2,Atta_2,1197.4,447.0,93.6,-6.5,-10.8,,,,
49.206,3,Atta_3,1314.8,121.8,319.5,48.7,10.1,,,,
49.206,4,Atta_4,1016.6,837.8,230.9,-19.5,-5.9,,,,
49.206,5,Atta_5,900.9,605.8,10.9,-27.7,-0.3,,,,
49.206,6,Atta_6,1409.0,1522.2,326.4,-45.1,-1.9,,,,
49.206,7,Atta_7,170.6,1844.0,170.2,34.0,-0.4,,,,
49.206,8,Atta_8,378.8,2436.8,233.2,-21.8,1.6,,,,
49.206,9,Atta_9,1880.1,2341.8,88.2,39.3,5.7,,,,
49.206,10,Atta_10,382.8,2597.7,164.8,28.4,-3.7,,,,
49.275,1,Atta_1,676.6,1687.8,23.7,86.7,-1.3,,,,
49.275,2,Atta_2,1182.8,473.0,92.9,29.8,-0.7,,,,
49.275,3,Atta_3,1305.7,172.3,323.6,-51.3,4.1,,,,
49.275,4,Atta_4,982.2,818.3,230.2,39.5,-0.7,,,,
49.275,5,Atta_5,917.9,614.1,16.0,18.9,5.1,,,,
49.275,6,Atta_6,1395.2,1498.8,322.4,27.2,-4.0,,,,
49.275,7,Atta_7,181.1,1789.4,168.5,-55.6,-1.7,,,,
49.275,8,Atta_8,421.5,2464.4,239.5,-50.8,6.3,,,,
49.275,9,Atta_9,1833.5,2303.1,91.8,-60.6,3.6,,,,
49.275,10,Atta_10,342.4,2602.9,163.9,40.7,-0.9,,,,
49.344,1,Atta_1,671.9,1708.3,18.2,21.0,-5.5,,,,
49.344,2,Atta_2,1151.9,489.9,84.4,35.2,-8.5,,,,
49.344,3,Atta_3,1281.3,142.8,327.0,-38.3,3.4,,,,
49.344,4,Atta_4,1044.2,838.0,228.8,-65.1,-1.4,,,,
49.344,5,Atta_5,929.9,580.2,20.0,36.0,4.0,,,,
49.344,6,Atta_6,1383.2,1497.3,316.7,-12.1,-5.7,,,,
49.344,7,Atta_7,158.8,1835.7,165.0,51.4,-3.5,,,,
49.344,8,Atta_8,410.1,2437.3,243.5,29.4,4.0,,,,
49.344,9,Atta_9,1821.6,2339.2,97.9,38.0,6.1,,,,
49.344,10,Atta_10,392.7,2620.3,166.2,-53.2,2.3,,,,
49.411,1,Atta_1,666.2,1685.5,16.8,-23.5,-1.4,,,,
49.411,2,Atta_2,1186.7,451.7,83.5,-51.7,-0.9,,,,
49.411,3,Atta_3,1267.4,135.2,331.7,-15.8,4.7,,,,
49.411,4,Atta_4,1016.5,813.9,222.8,36.7,-6.0,,,,
49.411,5,Atta_5,948.7,646.2,28.3,68.6,8.3,,,,
49.411,6,Atta_6,1387.8,1499.2,313.7,5.0,-3.0,,,,
49.411,7,Atta_7,203.8,1830.9,152.2,-45.3,-12.8,,,,
49.411,8,Atta_8,433.2,2412.9,247.8,33.6,4.3,,,,
49.411,9,Atta_9,1830.3,2380.7,100.0,42.4,2.1,,,,
49.411,10,Atta_10,349.4,2641.5,163.2,48.2,-3.0,,,,
49.477,1,Atta_1,653.3,1731.6,9.3,47.9,-7.5,,,,
49.477,2,Atta_2,1177.5,469.8,83.4,20.3,-0.1,,,,
49.477,3,Atta_3,1305.0,115.5,337.5,42.4,5.8,,,,
49.477,4,Atta_4,1039.5,846.4,213.4,-39.8,-9.4,,,,
49.477,5,Atta_5,949.8,619.6,27.7,-26.6,-0.6,,,,
49.477,6,Atta_6,1388.4,1484.6,307.1,14.6,-6.6,,,,
49.477,7,Atta_7,188.7,1781.5,155.0,-51.7,2.8,,,,
49.477,8,Atta_8,428.6,2421.1,251.2,-9.4,3.4,,,,
49.477,9,Atta_9,1849.6,2380.7,101.4,-19.3,1.4,,,,
49.477,10,Atta_10,365.1,2677.6,167.0,-39.4,3.8,,,,
49.545,1,Atta_1,704.7,1656.8,8.6,90.8,-0.7,,,,
49.545,2,Atta_2,1210.3,445.0,78.4,-41.1,-5.0,,,,
49.545,3,Atta_3,1276.3,207.9,342.3,-96.8,4.8,,,,
49.545,4,Atta_4,1019.2,831.6,209.5,25.1,-3.9,,,,
49.545,5,Atta_5,896.8,597.3,29.7,-57.5,2.0,,,,
49.545,6,Atta_6,1432.4,1472.5,304.9,45.6,-2.2,,,,
49.545,7,Atta_7,206.6,1779.2,151.5,-18.0,-3.5,,,,
49.545,8,Atta_8,436.5,2388.7,254.9,33.3,3.7,,,,
49.545,9,Atta_9,1856.8,2363.3,101.0,-18.8,-0.4,,,,
49.545,10,Atta_10,328.2,2614.4,165.2,73.2,-1.8,,,,
49.602,1,Atta_1,684.0,1679.2,358.3,-30.5,-10.3,,,,
49.602,2,Atta_2,1174.4,448.8,82.1,-36.1,3.7,,,,
49.602,3,Atta_3,1322.6,182.7,346.7,52.7,4.4,,,,
49.602,4,Atta_4,998.3,773.2,207.8,62.0,-1.7,,,,
49.602,5,Atta_5,939.0,639.8,28.8,59.9,-0.9,,,,
49.602,6,Atta_6,1386.4,1439.5,299.6,56.6,-5.3,,,,
49.602,7,Atta_7,169.8,1784.3,146.3,37.2,-5.2,,,,
49.602,8,Atta_8,443.7,2425.4,256.5,-37.4,1.6,,,,
49.602,9,Atta_9,1837.3,2369.1,98.9,20.3,-2.1,,,,
49.602,10,Atta_10,351.7,2669.3,170.0,-59.7,4.8,,,,
49.668,1,Atta_1,684.3,1684.5,357.3,5.3,-1.0,,,,
49.668,2,Atta_2,1140.7,436.6,79.7,-35.8,-2.4,,,,
49.668,3,Atta_3,1257.4,141.6,350.4,-77.1,3.7,,,,
49.668,4,Atta_4,1060.8,778.6,204.7,-62.7,-3.1,,,,
49.668,5,Atta_5,925.9,593.9,26.9,-47.7,-1.9,,,,
49.668,6,Atta_6,1435.5,1557.2,289.8,-127.5,-9.8,,,,
49.668,7,Atta_7,166.2,1771.2,142.7,-13.6,-3.6,,,,
49.668,8,Atta_8,420.1,2422.5,264.9,23.8,8.4,,,,
49.668,9,Atta_9,1835.8,2399.9,96.5,30.8,-2.4,,,,
49.668,10,Atta_10,342.5,2709.7,169.6,41.4,-0.4,,,,
49.735,1,Atta_1,672.6,1794.5,351.3,-110.6,-6.0,,,,
49.735,2,Atta_2,1154.1,466.3,81.8,32.6,2.1,,,,
49.735,3,Atta_3,1326.5,172.2,358.2,75.6,7.8,,,,
49.735,4,Atta_4,1028.6,807.3,198.2,43.1,-6.5,,,,
49.735,5,Atta_5,960.3,618.5,28.1,42.3,1.2,,,,
49.735,6,Atta_6,1401.3,1518.3,292.0,51.8,2.2,,,,
49.735,7,Atta_7,163.6,1839.1,134.6,67.9,-8.1,,,,
49.735,8,Atta_8,424.1,2411.5,269.1,11.7,4.2,,,,
49.735,9,Atta_9,1890.3,2366.4,94.3,-64.0,-2.2,,,,
49.735,10,Atta_10,322.7,2629.5,171.3,82.6,1.7,,,,
49.802,1,Atta_1,684.8,1706.8,346.6,88.5,-4.7,,,,
49.802,2,Atta_2,1182.4,500.2,79.0,44.2,-2.8,,,,
49.802,3,Atta_3,1317.8,164.6,351.9,-11.6,-6.3,,,,
49.802,4,Atta_4,924.4,798.5,197.7,104.6,-0.5,,,,
49.802,5,Atta_5,924.2,639.4,34.1,-41.7,6.0,,,,
49.802,6,Atta_6,1371.4,1486.8,288.1,43.4,-3.9,,,,
49.802,7,Atta_7,204.5,1853.9,133.0,-43.5,-1.6,,,,
49.802,8,Atta_8,445.8,2396.1,272.6,26.6,3.5,,,,
49.802,9,Atta_9,1797.9,2390.3,90.0,95.4,-4.3,,,,
49.802,10,Atta_10,233.3,2664.3,166.4,95.9,-4.9,,,,
49.853,1,Atta_1,699.4,1689.5,341.1,22.6,-5.5,,,,
49.853,2,Atta_2,1167.6,502.0,81.6,-14.9,2.6,,,,
49.853,3,Atta_3,1291.0,166.5,354.9,-26.9,3.0,,,,
49.853,4,Atta_4,1036.1,807.6,191.2,-112.1,-6.5,,,,
49.853,5,Atta_5,929.8,668.9,28.6,30.0,-5.5,,,,
49.853,6,Atta_6,1394.2,1454.2,281.6,39.8,-6.5,,,,
49.853,7,Atta_7,205.2,1824.8,129.2,-29.1,-3.8,,,,
49.853,9,Atta_9,1848.9,2328.3,87.9,-80.3,-2.1,,,,
49.853,10,Atta_10,288.6,2596.4,168.2,-87.6,1.8,,,,
49.919,1,Atta_1,703.3,1698.3,341.9,9.6,0.8,,,,
49.919,2,Atta_2,1225.1,432.4,81.3,-90.3,-0.3,,,,
49.919,3,Atta_3,1246.7,203.1,352.5,-57.5,-2.4,,,,
49.919,4,Atta_4,937.8,886.0,186.2,125.7,-5.0,,,,
49.919,5,Atta_5,941.2,614.9,27.8,-55.2,-0.8,,,,
49.919,6,Atta_6,1427.7,1465.9,284.3,-35.5,2.7,,,,
49.919,7,Atta_7,231.8,1792.8,120.4,-41.6,-8.8,,,,
49.919,8,Atta_8,409.6,2452.0,281.8,-66.6,9.2,,,,
49.919,9,Atta_9,1875.9,2264.3,80.2,-69.5,-7.7,,,,
49.919,10,Atta_10,284.3,2626.7,167.7,30.6,-0.5,,,,
49.985,1,Atta_1,663.0,1682.7,335.9,-43.2,-6.0,,,,
49.985,2,Atta_2,1167.1,450.7,79.2,60.8,-2.1,,,,
49.985,3,Atta_3,1245.1,161.6,353.6,41.5,1.1,,,,
49.985,4,Atta_4,1048.2,803.0,181.4,-138.1,-4.8,,,,
49.985,5,Atta_5,928.7,640.8,30.2,28.8,2.4,,,,
49.985,6,Atta_6,1406.5,1541.8,282.1,-78.8,-2.2,,,,
49.985,7,Atta_7,151.1,1842.6,118.9,94.8,-1.5,,,,
49.985,8,Atta_8,429.3,2440.3,285.5,22.9,3.7,,,,
49.985,9,Atta_9,1804.3,2364.1,74.9,122.8,-5.3,,,,
49.985,10,Atta_10,244.6,2648.5,168.4,45.3,0.7,,,,
50.051,1,Atta_1,696.5,1704.4,329.3,39.9,-6.6,,,,
50.051,2,Atta_2,1171.3,531.9,77.1,81.3,-2.1,,,,
50.051,3,Atta_3,1330.5,147.4,352.5,86.6,-1.1,,,,
50.051,4,Atta_4,1020.0,806.5,184.5,28.4,3.1,,,,
50.051,5,Atta_5,970.7,602.8,26.6,56.6,-3.6,,,,
50.051,6,Atta_6,1365.6,1471.6,282.2,81.2,0.1,,,,
50.051,7,Atta_7,181.1,1830.4,116.1,-32.4,-2.8,,,,
50.051,8,Atta_8,425.4,2476.6,296.6,-36.5,11.1,,,,
50.051,9,Atta_9,1856.5,2330.7,72.8,-62.0,-2.1,,,,
50.051,10,Atta_10,256.0,2629.6,168.2,-22.1,-0.2,,,,
50.181,1,Atta_1,639.5,1675.5,328.8,-63.9,-0.5,,,,
50.181,2,Atta_2,1191.6,517.8,76.2,-24.7,-0.9,,,,
50.181,3,Atta_3,1320.8,180.0,351.1,-34.0,-1.4,,,,
50.181,4,Atta_4,951.8,857.2,178.7,85.0,-5.8,,,,
50.181,5,Atta_5,973.5,643.7,25.9,41.0,-0.7,,,,
50.181,6,Atta_6,1456.3,1454.2,283.6,92.4,1.4,,,,
50.181,7,Atta_7,226.2,1889.3,116.4,74.2,0.3,,,,
50.181,8,Atta_8,417.9,2344.9,298.0,131.9,1.4,,,,
50.181,9,Atta_9,1869.7,2367.7,68.2,39.3,-4.6,,,,
50.181,10,Atta_10,215.7,2595.9,163.8,52.5,-4.4,,,,
50.247,1,Atta_1,719.1,1691.4,326.0,81.2,-2.8,,,,
50.247,2,Atta_2,1199.5,584.7,79.9,67.4,3.7,,,,
50.247,3,Atta_3,1369.4,151.5,355.1,56.3,4.0,,,,
50.247,4,Atta_4,962.7,840.6,182.0,-19.9,3.3,,,,
50.247,5,Atta_5,934.6,656.2,30.6,-40.9,4.7,,,,
50.247,6,Atta_6,1407.3,1522.3,281.9,-83.9,-1.7,,,,
50.247,7,Atta_7,203.5,1801.7,118.4,-90.5,2.0,,,,
50.247,8,Atta_8,429.9,2384.2,297.9,-41.1,-0.1,,,,
50.247,9,Atta_9,1829.8,2370.8,65.0,-40.0,-3.2,,,,
50.247,10,Atta_10,274.1,2686.9,166.8,-108.1,3.0,,,,
50.313,1,Atta_1,683.7,1681.7,326.9,-36.7,0.9,,,,
50.313,2,Atta_2,1172.2,558.3,76.5,-38.0,-3.4,,,,
50.313,3,Atta_3,1352.9,142.7,357.7,-18.7,2.6,,,,
50.313,4,Atta_4,994.6,826.0,181.0,-35.1,-1.0,,,,
50.313,5,Atta_5,1001.3,679.4,31.6,70.6,1.0,,,,
50.313,6,Atta_6,1419.6,1533.5,273.6,-16.6,-8.3,,,,
50.313,7,Atta_7,178.1,1856.3,114.3,60.2,-4.1,,,,
50.313,8,Atta_8,473.4,2410.4,312.8,-50.8,14.9,,,,
50.313,9,Atta_9,1820.3,2369.2,55.2,-9.6,-9.8,,,,
50.313,10,Atta_10,186.3,2644.1,167.8,97.7,1.0,,,,
50.378,1,Atta_1,707.2,1671.3,324.2,25.7,-2.7,,,,
50.378,2,Atta_2,1182.7,571.9,80.8,17.2,4.3,,,,
50.378,3,Atta_3,1351.8,168.6,353.2,-25.9,-4.5,,,,
50.378,4,Atta_4,996.8,795.8,180.0,-30.3,-1.0,,,,
50.378,5,Atta_5,1052.9,649.2,26.9,59.8,-4.7,,,,
50.378,6,Atta_6,1367.5,1477.8,266.8,76.3,-6.8,,,,
50.378,7,Atta_7,236.6,1810.6,119.1,-74.2,4.8,,,,
50.378,8,Atta_8,443.2,2431.8,313.0,-37.0,0.2,,,,
50.378,9,Atta_9,1826.2,2337.6,56.7,-32.1,1.5,,,,
50.378,10,Atta_10,223.7,2667.8,164.8,-44.3,-3.0,,,,
50.447,1,Atta_1,639.4,1716.4,329.9,-81.4,5.7,,,,
50.447,2,Atta_2,1164.2,539.8,78.4,-37.0,-2.4,,,,
50.447,3,Atta_3,1320.5,190.4,355.7,-38.1,2.5,,,,
50.447,4,Atta_4,949.3,767.9,180.4,55.1,0.4,,,,
50.447,5,Atta_5,998.6,712.2,30.9,-83.2,4.0,,,,
50.447,6,Atta_6,1415.6,1509.4,263.3,-57.6,-3.5,,,,
50.447,7,Atta_7,109.2,1824.5,117.5,128.2,-1.6,,,,
50.447,8,Atta_8,436.2,2413.6,319.1,19.5,6.1,,,,
50.447,9,Atta_9,1790.5,2342.9,60.7,-36.1,4.0,,,,
50.447,10,Atta_10,203.5,2667.1,166.6,20.2,1.8,,,,
50.516,1,Atta_1,624.8,1768.1,335.0,-53.7,5.1,,,,
50.516,2,Atta_2,1217.4,569.6,74.2,61.0,-4.2,,,,
50.516,3,Atta_3,1410.4,151.1,354.6,98.1,-1.1,,,,
50.516,4,Atta_4,969.5,817.4,182.0,-53.5,1.6,,,,
50.516,5,Atta_5,1013.3,623.5,36.7,-89.9,5.8,,,,
50.516,6,Atta_6,1360.9,1513.1,256.3,54.8,-7.0,,,,
50.516,7,Atta_7,146.8,1836.5,113.6,-39.5,-3.9,,,,
50.516,8,Atta_8,404.1,2392.9,323.4,-38.2,4.3,,,,
50.516,9,Atta_9,1844.8,2352.0,52.8,55.1,-7.9,,,,
50.516,10,Atta_10,212.0,2688.7,167.1,-23.2,0.5,,,,
50.581,1,Atta_1,662.8,1650.3,339.8,123.8,4.8,,,,
50.581,2,Atta_2,1192.7,643.3,67.1,77.7,-7.1,,,,
50.581,3,Atta_3,1358.6,177.2,354.9,-58.0,0.3,,,,
50.581,4,Atta_4,989.3,820.2,180.1,-20.0,-1.9,,,,
50.581,5,Atta_5,1045.9,712.4,36.9,94.7,0.2,,,,
50.581,6,Atta_6,1446.6,1539.5,253.3,-89.7,-3.0,,,,
50.581,7,Atta_7,137.7,1854.0,115.2,19.7,1.6,,,,
50.581,8,Atta_8,459.2,2433.8,326.3,68.6,2.9,,,,
50.581,9,Atta_9,1867.8,2302.2,56.5,-54.9,3.7,,,,
50.581,10,Atta_10,201.1,2664.5,166.6,26.5,-0.5,,,,
50.648,1,Atta_1,656.2,1671.8,343.6,-22.5,3.8,,,,
50.648,2,Atta_2,1180.0,579.7,62.8,-64.9,-4.3,,,,
50.648,3,Atta_3,1446.1,169.8,353.6,87.8,-1.3,,,,
50.648,4,Atta_4,925.8,822.2,177.1,63.5,-3.0,,,,
50.648,5,Atta_5,1082.4,717.2,42.8,36.8,5.9,,,,
50.648,6,Atta_6,1391.6,1532.1,255.6,55.5,2.3,,,,
50.648,7,Atta_7,151.0,1882.7,116.3,31.6,1.1,,,,
50.648,8,Atta_8,423.1,2369.6,330.5,73.7,4.2,,,,
50.648,9,Atta_9,1876.1,2367.4,60.4,65.7,3.9,,,,
50.648,10,Atta_10,140.9,2662.6,164.3,60.2,-2.3,,,,
50.715,1,Atta_1,700.7,1689.1,342.9,47.7,-0.7,,,,
50.715,2,Atta_2,1222.9,594.1,64.3,45.3,1.5,,,,
50.715,3,Atta_3,1430.0,103.1,354.7,-68.6,1.1,,,,
50.715,4,Atta_4,935.8,789.9,179.3,-33.8,2.2,,,,
50.715,5,Atta_5,1037.6,625.2,46.4,-102.3,3.6,,,,
50.715,6,Atta_6,1424.9,1499.4,252.2,46.7,-3.4,,,,
50.715,7,Atta_7,177.9,1869.3,120.3,-30.1,4.0,,,,
50.715,8,Atta_8,403.6,2405.4,337.7,-40.8,7.2,,,,
50.715,9,Atta_9,1801.3,2358.8,62.5,-75.3,2.1,,,,
50.715,10,Atta_10,141.4,2667.2,167.8,4.6,3.5,,,,
50.833,1,Atta_1,659.9,1701.9,351.3,-42.8,8.4,,,,
50.833,2,Atta_2,1146.3,584.2,54.9,-77.2,-9.4,,,,
50.833,3,Atta_3,1409.2,165.1,356.9,-65.4,2.2,,,,
50.833,4,Atta_4,894.3,767.3,177.4,47.3,-1.9,,,,
50.833,5,Atta_5,1040.1,669.5,53.9,44.4,7.5,,,,
50.833,6,Atta_6,1397.6,1494.9,251.7,27.7,-0.5,,,,
50.833,7,Atta_7,126.3,1858.6,114.7,52.7,-5.6,,,,
50.833,8,Atta_8,461.6,2446.3,341.5,71.0,3.8,,,,
50.833,9,Atta_9,1837.6,2340.7,70.7,40.6,8.2,,,,
50.833,10,Atta_10,118.3,2706.7,165.5,45.8,-2.3,,,,
50.887,1,Atta_1,716.6,1683.4,354.6,59.6,3.3,,,,
50.887,2,Atta_2,1191.1,574.7,53.9,45.8,-1.0,,,,
50.887,3,Atta_3,1397.5,172.7,359.2,-14.0,2.3,,,,
50.887,4,Atta_4,894.9,838.8,182.8,71.5,5.4,,,,
50.887,5,Atta_5,1011.3,694.2,56.6,37.9,2.7,,,,
50.887,6,Atta_6,1403.2,1502.8,249.3,-9.7,-2.4,,,,
50.887,7,Atta_7,119.3,1899.5,118.7,41.5,4.0,,,,
50.887,8,Atta_8,387.3,2421.0,344.7,-78.5,3.2,,,,
50.887,9,Atta_9,1861.7,2372.6,74.5,40.0,3.8,,,,
50.887,10,Atta_10,108.5,2681.5,166.0,27.0,0.5,,,,
50.956,1,Atta_1,686.0,1693.3,3.8,-32.2,9.2,,,,
50.956,2,Atta_2,1211.0,570.9,47.0,20.3,-6.9,,,,
50.956,3,Atta_3,1390.0,123.2,10.3,-50.1,11.1,,,,
50.956,4,Atta_4,905.1,805.6,180.7,-34.7,-2.1,,,,
50.956,5,Atta_5,1010.4,637.3,63.2,-56.9,6.6,,,,
50.956,6,Atta_6,1404.4,1505.7,255.2,-3.1,5.9,,,,
50.956,7,Atta_7,106.7,1885.4,113.6,-18.9,-5.1,,,,
50.956,8,Atta_8,433.7,2436.4,350.5,48.9,5.8,,,,
50.956,9,Atta_9,1834.4,2331.9,73.9,-49.0,-0.6,,,,
50.956,10,Atta_10,73.8,2707.1,167.2,43.1,1.2,,,,
51.022,1,Atta_1,683.8,1709.4,4.8,-16.2,1.0,,,,
51.022,2,Atta_2,1221.4,547.8,46.8,-25.3,-0.2,,,,
51.022,3,Atta_3,1388.3,188.4,7.3,65.2,-3.0,,,,
51.022,4,Atta_4,850.3,805.1,182.1,54.8,1.4,,,,
51.022,5,Atta_5,1026.0,649.6,66.8,19.9,3.6,,,,
51.022,6,Atta_6,1367.5,1519.7,253.4,-39.5,-1.8,,,,
51.022,7,Atta_7,102.4,1903.2,117.8,18.3,4.2,,,,
51.022,8,Atta_8,453.2,2411.4,355.1,31.7,4.6,,,,
51.022,9,Atta_9,1826.1,2305.5,81.1,-27.7,7.2,,,,
51.022,10,Atta_10,96.9,2654.1,169.0,-57.8,1.8,,,,
51.088,1,Atta_1,702.6,1691.7,7.2,25.8,2.4,,,,
51.088,2,Atta_2,1197.8,581.4,38.4,41.1,-8.4,,,,
51.088,3,Atta_3,1447.1,159.7,13.8,65.4,6.5,,,,
51.088,4,Atta_4,809.3,785.3,181.9,45.5,-0.2,,,,
51.088,5,Atta_5,1005.3,648.6,69.6,-20.7,2.8,,,,
51.088,6,Atta_6,1414.7,1455.8,256.7,79.4,3.3,,,,
51.088,7,Atta_7,173.2,1926.2,115.3,-74.4,-2.5,,,,
51.088,8,Atta_8,428.8,2443.5,359.7,-40.3,4.6,,,,
51.088,9,Atta_9,1813.4,2363.0,88.7,58.9,7.6,,,,
51.088,10,Atta_10,105.4,2717.7,164.5,64.2,-4.5,,,,
51.156,1,Atta_1,650.5,1696.4,10.2,-52.3,3.0,,,,
51.156,2,Atta_2,1213.7,601.6,36.2,25.7,-2.2,,,,
51.156,3,Atta_3,1419.9,201.2,17.2,-49.6,3.4,,,,
51.156,4,Atta_4,829.9,790.0,186.7,-21.1,4.8,,,,
51.156,5,Atta_5,996.3,650.3,74.1,-9.2,4.5,,,,
51.156,6,Atta_6,1373.2,1432.7,254.7,47.5,-2.0,,,,
51.156,7,Atta_7,114.2,1974.1,106.5,76.0,-8.8,,,,
51.156,8,Atta_8,354.3,2450.0,4.6,-74.8,4.9,,,,
51.156,9,Atta_9,1799.9,2279.4,90.1,-84.7,1.4,,,,
51.156,10,Atta_10,157.4,2725.7,165.1,-52.6,0.6,,,,
51.217,1,Atta_1,595.3,1714.4,11.3,-58.1,1.1,,,,
51.217,2,Atta_2,1208.4,592.4,29.0,-10.6,-7.2,,,,
51.217,3,Atta_3,1436.0,156.6,22.2,47.4,5.0,,,,
51.217,4,Atta_4,849.7,826.1,192.4,-41.2,5.7,,,,
51.217,5,Atta_5,1005.9,710.9,72.9,61.4,-1.2,,,,
51.217,6,Atta_6,1398.9,1445.4,255.1,-28.7,0.4,,,,
51.217,7,Atta_7,128.1,1907.1,107.5,-68.4,1.0,,,,
51.217,8,Atta_8,419.8,2417.8,7.8,73.0,3.2,,,,
51.217,9,Atta_9,1786.0,2388.9,94.7,110.4,4.6,,,,
51.217,10,Atta_10,149.1,2654.0,166.2,-72.2,1.1,,,,
51.287,1,Atta_1,672.3,1684.5,12.5,82.6,1.2,,,,
51.287,2,Atta_2,1185.1,531.8,25.6,-64.9,-3.4,,,,
51.287,3,Atta_3,1436.1,152.2,26.9,-4.4,4.7,,,,
51.287,4,Atta_4,939.2,859.5,198.1,-95.5,5.7,,,,
51.287,5,Atta_5,1005.9,659.0,72.9,-51.9,0.0,,,,
51.287,6,Atta_6,1354.4,1420.5,255.3,51.0,0.2,,,,
51.287,7,Atta_7,46.0,1968.6,99.7,102.6,-7.8,,,,
51.287,8,Atta_8,401.1,2421.0,8.0,-19.0,0.2,,,,
51.287,9,Atta_9,1831.4,2335.2,100.3,-70.3,5.6,,,,
51.287,10,Atta_10,152.6,2715.3,167.5,61.4,1.3,,,,
51.353,1,Atta_1,676.6,1735.5,6.2,51.2,-6.3,,,,
51.353,2,Atta_2,1180.3,554.6,15.5,23.3,-10.1,,,,
51.353,3,Atta_3,1416.8,152.6,27.8,-19.3,0.9,,,,
51.353,4,Atta_4,875.8,794.9,200.2,90.5,2.1,,,,
51.353,5,Atta_5,1067.5,682.5,75.4,65.9,2.5,,,,
51.353,6,Atta_6,1380.2,1369.9,253.5,56.8,-1.8,,,,
51.353,7,Atta_7,79.8,1914.3,94.6,-64.0,-5.1,,,,
51.353,8,Atta_8,448.8,2397.3,13.2,53.3,5.2,,,,
51.353,9,Atta_9,1864.9,2410.1,98.5,82.1,-1.8,,,,
51.353,10,Atta_10,138.7,2687.9,166.0,30.7,-1.5,,,,
51.422,1,Atta_1,691.0,1708.7,12.9,30.4,6.7,,,,
51.422,2,Atta_2,1192.5,555.0,15.1,12.2,-0.4,,,,
51.422,3,Atta_3,1413.9,155.6,37.6,-4.2,9.8,,,,
51.422,4,Atta_4,895.3,803.7,207.1,-21.4,6.9,,,,
51.422,5,Atta_5,987.6,713.5,72.7,85.7,-2.7,,,,
51.422,6,Atta_6,1347.0,1421.8,253.7,-61.6,0.2,,,,
51.422,7,Atta_7,188.7,1898.6,97.0,-110.0,2.4,,,,
51.422,8,Atta_8,472.8,2383.4,15.1,27.7,1.9,,,,
51.422,9,Atta_9,1808.2,2287.6,99.7,-135.0,1.2,,,,
51.422,10,Atta_10,170.7,2627.6,160.5,-68.3,-5.5,,,,
51.474,1,Atta_1,697.7,1676.1,16.6,-33.3,3.7,,,,
51.474,2,Atta_2,1218.7,570.4,11.0,30.4,-4.1,,,,
51.474,3,Atta_3,1416.8,152.5,38.1,4.2,0.5,,,,
51.474,4,Atta_4,868.4,774.2,209.2,39.9,2.1,,,,
51.474,5,Atta_5,1057.8,683.0,73.0,-76.5,0.3,,,,
51.474,6,Atta_6,1422.5,1420.4,256.4,-75.5,2.7,,,,
51.474,7,Atta_7,93.6,1881.9,91.5,-96.6,-5.5,,,,
51.474,8,Atta_8,426.5,2395.2,15.9,-47.8,0.8,,,,
51.474,9,Atta_9,1840.1,2431.5,98.2,147.4,-1.5,,,,
51.474,10,Atta_10,121.3,2678.4,159.0,70.9,-1.5,,,,
51.54,1,Atta_1,645.4,1673.0,17.0,-52.4,0.4,,,,
51.54,2,Atta_2,1171.7,530.6,5.8,-61.6,-5.2,,,,
51.54,3,Atta_3,1386.7,168.2,45.3,-33.9,7.2,,,,
51.54,4,Atta_4,870.0,805.7,215.8,-31.5,6.6,,,,
51.54,5,Atta_5,1052.3,706.4,73.7,24.0,0.7,,,,
51.54,6,Atta_6,1400.3,1396.6,254.1,32.5,-2.3,,,,
51.54,7,Atta_7,109.3,1997.1,81.4,116.3,-10.1,,,,
51.54,8,Atta_8,467.5,2415.8,15.1,45.9,-0.8,,,,
51.54,9,Atta_9,1856.9,2322.6,97.8,-110.2,-0.4,,,,
51.54,10,Atta_10,173.0,2632.5,158.4,-69.1,-0.6,,,,
51.606,1,Atta_1,667.8,1747.8,29.2,78.1,12.2,,,,
51.606,2,Atta_2,1212.5,620.0,9.5,98.3,3.7,,,,
51.606,3,Atta_3,1371.6,193.1,49.5,29.1,4.2,,,,
51.606,4,Atta_4,903.1,818.3,220.5,-35.4,4.7,,,,
51.606,5,Atta_5,1041.2,768.6,72.3,63.2,-1.4,,,,
51.606,6,Atta_6,1342.0,1338.3,253.7,82.4,-0.4,,,,
51.606,7,Atta_7,125.9,1963.3,83.0,-37.7,1.6,,,,
51.606,8,Atta_8,436.3,2430.7,14.1,-34.6,-1.0,,,,
51.606,9,Atta_9,1828.5,2328.6,99.9,29.0,2.1,,,,
51.606,10,Atta_10,180.7,2713.1,156.4,81.0,-2.0,,,,
51.675,1,Atta_1,676.0,1748.7,34.5,8.2,5.3,,,,
51.675,2,Atta_2,1218.0,574.7,5.4,-45.6,-4.1,,,,
51.675,3,Atta_3,1368.4,140.7,50.9,-52.5,1.4,,,,
51.675,4,Atta_4,899.2,776.0,219.7,42.5,-0.8,,,,
51.675,5,Atta_5,1083.0,711.8,75.0,-70.5,2.7,,,,
51.675,6,Atta_6,1312.3,1408.7,252.9,-76.4,-0.8,,,,
51.675,7,Atta_7,146.4,1968.2,79.1,21.1,-3.9,,,,
51.675,8,Atta_8,475.8,2389.8,13.0,56.9,-1.1,,,,
51.675,9,Atta_9,1888.4,2322.1,109.0,-60.3,9.1,,,,
51.675,10,Atta_10,131.7,2662.6,149.8,70.4,-6.6,,,,
51.744,1,Atta_1,648.6,1648.9,35.3,-103.5,0.8,,,,
51.744,2,Atta_2,1158.6,573.0,5.7,-59.4,0.3,,,,
51.744,3,Atta_3,1405.6,154.3,61.1,39.6,10.2,,,,
51.744,4,Atta_4,867.4,844.6,227.6,-75.6,7.9,,,,
51.744,5,Atta_5,1040.2,690.0,70.9,-48.0,-4.1,,,,
51.744,6,Atta_6,1396.3,1335.7,255.0,111.3,2.1,,,,
51.744,7,Atta_7,95.6,1911.8,74.2,-75.9,-4.9,,,,
51.744,8,Atta_8,454.3,2439.8,15.1,-54.4,2.1,,,,
51.744,9,Atta_9,1830.9,2355.7,109.2,66.6,0.2,,,,
51.744,10,Atta_10,145.2,2673.8,145.7,-17.5,-4.1,,,,
51.809,1,Atta_1,642.6,1713.5,41.9,64.9,6.6,,,,
51.809,2,Atta_2,1164.3,560.4,6.5,13.8,0.8,,,,
51.809,3,Atta_3,1396.7,142.4,62.8,-14.9,1.7,,,,
51.809,4,Atta_4,831.7,859.4,233.9,38.6,6.3,,,,
51.809,5,Atta_5,1038.9,723.1,73.8,33.1,2.9,,,,
51.809,6,Atta_6,1379.7,1338.3,254.9,16.8,-0.1,,,,
51.809,7,Atta_7,92.9,1930.5,70.2,18.9,-4.0,,,,
51.809,8,Atta_8,418.3,2426.5,14.2,-38.4,-0.9,,,,
51.809,9,Atta_9,1846.6,2355.8,112.7,-15.7,3.5,,,,
51.809,10,Atta_10,158.4,2712.6,139.9,41.0,-5.8,,,,
51.878,1,Atta_1,675.1,1739.3,42.3,41.5,0.4,,,,
51.878,2,Atta_2,1151.1,602.2,7.0,-43.8,0.5,,,,
51.878,3,Atta_3,1385.6,162.5,68.0,23.0,5.2,,,,
51.878,4,Atta_4,841.5,827.8,237.0,33.1,3.1,,,,
51.878,5,Atta_5,1095.7,779.8,70.2,80.3,-3.6,,,,
51.878,6,Atta_6,1367.4,1338.0,252.4,12.3,-2.5,,,,
51.878,7,Atta_7,99.1,1931.1,72.2,6.2,2.0,,,,
51.878,8,Atta_8,521.0,2400.8,11.8,105.9,-2.4,,,,
51.878,9,Atta_9,1844.1,2335.8,118.0,-20.2,5.3,,,,
51.878,10,Atta_10,138.3,2700.1,137.9,23.7,-2.0,,,,
51.947,1,Atta_1,606.5,1669.3,46.7,-98.0,4.4,,,,
51.947,2,Atta_2,1197.7,600.4,4.8,46.6,-2.2,,,,
51.947,3,Atta_3,1432.3,204.7,67.6,62.9,-0.4,,,,
51.947,4,Atta_4,842.4,852.9,238.0,-25.1,1.0,,,,
51.947,5,Atta_5,1036.0,715.3,71.3,-87.9,1.1,,,,
51.947,6,Atta_6,1319.2,1357.5,255.2,-52.0,2.8,,,,
51.947,7,Atta_7,113.6,1955.4,73.6,28.3,1.4,,,,
51.947,8,Atta_8,432.9,2443.9,14.2,-98.1,2.4,,,,
51.947,9,Atta_9,1774.8,2321.2,124.9,70.8,6.9,,,,
51.947,10,Atta_10,152.8,2701.9,132.8,-14.6,-5.1,,,,
52.016,1,Atta_1,693.3,1710.6,53.8,96.1,7.1,,,,
52.016,2,Atta_2,1219.0,555.2,5.9,50.0,1.1,,,,
52.016,3,Atta_3,1418.0,213.3,70.4,16.7,2.8,,,,
52.016,4,Atta_4,881.8,827.8,245.2,46.7,7.2,,,,
52.016,5,Atta_5,1102.5,789.7,75.2,99.8,3.9,,,,
52.016,6,Atta_6,1384.5,1254.2,254.7,122.2,-0.5,,,,
52.016,7,Atta_7,99.4,1886.8,70.3,-70.1,-3.3,,,,
52.016,8,Atta_8,457.2,2414.0,10.3,38.5,-3.9,,,,
52.016,9,Atta_9,1855.5,2330.5,130.7,-81.2,5.8,,,,
52.016,10,Atta_10,131.0,2618.9,129.6,-85.8,-3.2,,,,
52.085,1,Atta_1,673.0,1694.6,59.5,-25.8,5.7,,,,
52.085,2,Atta_2,1220.1,537.7,4.5,-17.5,-1.4,,,,
52.085,3,Atta_3,1378.4,129.0,65.4,-93.1,-5.0,,,,
52.085,4,Atta_4,872.0,832.8,252.4,-11.0,7.2,,,,
52.085,5,Atta_5,1036.9,782.9,71.6,-66.0,-3.6,,,,
52.085,6,Atta_6,1368.0,1321.0,254.7,-68.8,0.0,,,,
52.085,7,Atta_7,155.0,1897.2,73.8,56.6,3.5,,,,
52.085,8,Atta_8,505.9,2444.3,16.0,57.4,5.7,,,,
52.085,9,Atta_9,1812.1,2334.0,128.7,43.5,-2.0,,,,
52.085,10,Atta_10,193.8,2712.5,122.4,112.7,-7.2,,,,
52.15,1,Atta_1,681.4,1745.2,61.1,51.3,1.6,,,,
52.15,2,Atta_2,1215.8,544.6,4.3,-8.1,-0.2,,,,
52.15,3,Atta_3,1422.5,194.4,72.1,78.9,6.7,,,,
52.15,4,Atta_4,780.6,767.4,252.8,112.4,0.4,,,,
52.15,5,Atta_5,1073.4,739.7,70.8,-56.6,-0.8,,,,
52.15,6,Atta_6,1386.3,1287.5,254.7,38.2,0.0,,,,
52.15,7,Atta_7,95.6,1997.5,77.0,116.6,3.2,,,,
52.15,8,Atta_8,500.1,2446.0,14.9,-6.0,-1.1,,,,
52.15,9,Atta_9,1878.9,2340.5,126.8,-67.1,-1.9,,,,
52.15,10,Atta_10,202.6,2690.5,115.4,-23.7,-7.0,,,,
52.217,1,Atta_1,695.5,1718.4,69.8,-30.3,8.7,,,,
52.217,2,Atta_2,1243.9,633.1,6.8,92.9,2.5,,,,
52.217,3,Atta_3,1360.5,139.6,66.4,-82.7,-5.7,,,,
52.217,4,Atta_4,882.6,787.6,256.0,-104.0,3.2,,,,
52.217,5,Atta_5,1132.3,774.0,70.4,68.2,-0.4,,,,
52.217,6,Atta_6,1346.9,1277.6,255.5,40.6,0.8,,,,
52.217,7,Atta_7,111.9,1933.9,71.7,-65.7,-5.3,,,,
52.217,8,Atta_8,535.5,2484.8,15.9,52.5,1.0,,,,
52.217,9,Atta_9,1846.5,2359.3,128.7,37.5,1.9,,,,
52.217,10,Atta_10,137.9,2676.6,116.5,66.2,1.1,,,,
52.282,1,Atta_1,648.8,1670.8,69.0,-66.7,-0.8,,,,
52.282,2,Atta_2,1271.2,535.9,5.8,101.0,-1.0,,,,
52.282,3,Atta_3,1431.5,162.9,67.5,74.7,1.1,,,,
52.282,4,Atta_4,882.0,847.8,256.4,-60.2,0.4,,,,
52.282,5,Atta_5,1094.5,811.3,73.7,53.1,3.3,,,,
52.282,6,Atta_6,1314.4,1266.2,253.5,34.4,-2.0,,,,
52.282,7,Atta_7,150.7,1928.7,75.5,39.1,3.8,,,,
52.282,8,Atta_8,517.7,2467.3,15.0,-25.0,-0.9,,,,
52.282,9,Atta_9,1843.7,2342.5,125.8,-17.0,-2.9,,,,
52.282,10,Atta_10,150.2,2686.7,111.5,15.9,-5.0,,,,
52.35,1,Atta_1,751.6,1709.1,72.1,109.7,3.1,,,,
52.35,2,Atta_2,1238.9,544.4,3.5,-33.4,-2.3,,,,
52.35,3,Atta_3,1393.6,207.2,66.1,58.3,-1.4,,,,
52.35,4,Atta_4,822.4,758.8,255.5,107.1,-0.9,,,,
52.35,5,Atta_5,1102.7,794.7,72.3,-18.5,-1.4,,,,
52.35,6,Atta_6,1325.4,1220.8,253.1,46.7,-0.4,,,,
52.35,7,Atta_7,91.3,1995.1,73.3,89.1,-2.2,,,,
52.35,8,Atta_8,564.3,2441.9,12.2,53.1,-2.8,,,,
52.35,9,Atta_9,1843.9,2349.2,128.1,6.7,2.3,,,,
52.35,10,Atta_10,150.3,2652.0,104.3,-34.7,-7.2,,,,
52.418,1,Atta_1,669.5,1714.8,78.4,-82.3,6.3,,,,
52.418,2,Atta_2,1284.2,546.1,4.8,45.3,1.3,,,,
52.418,3,Atta_3,1443.5,180.3,67.0,-56.7,0.9,,,,
52.418,4,Atta_4,863.6,812.1,250.9,-67.4,-4.6,,,,
52.418,5,Atta_5,1098.4,862.1,70.7,67.5,-1.6,,,,
52.418,6,Atta_6,1344.2,1191.6,256.4,34.7,3.3,,,,
52.418,7,Atta_7,149.2,1971.9,69.6,-62.4,-3.7,,,,
52.418,8,Atta_8,508.4,2443.3,13.6,-55.9,1.4,,,,
52.418,9,Atta_9,1839.8,2341.4,131.6,-8.8,3.5,,,,
52.418,10,Atta_10,97.7,2653.8,107.8,52.6,3.5,,,,
52.484,1,Atta_1,752.7,1666.0,85.6,-96.5,7.2,,,,
52.484,2,Atta_2,1295.1,564.7,2.7,21.6,-2.1,,,,
52.484,3,Atta_3,1464.2,209.1,65.0,35.5,-2.0,,,,
52.484,4,Atta_4,876.0,810.0,252.0,-12.6,1.1,,,,
52.484,5,Atta_5,1110.7,814.3,75.4,-49.4,4.7,,,,
52.484,6,Atta_6,1306.2,1240.9,254.8,-62.2,-1.6,,,,
52.484,7,Atta_7,143.3,1992.4,74.2,21.3,4.6,,,,
52.484,8,Atta_8,605.8,2461.2,15.2,99.0,1.6,,,,
52.484,9,Atta_9,1854.0,2370.3,140.4,32.2,8.8,,,,
52.484,10,Atta_10,175.7,2670.4,104.5,-79.7,-3.3,,,,
52.55,1,Atta_1,694.3,1637.8,86.5,-64.9,0.9,,,,
52.55,2,Atta_2,1284.4,575.3,7.0,-15.1,4.3,,,,
52.55,3,Atta_3,1409.3,184.3,60.8,-60.2,-4.2,,,,
52.55,4,Atta_4,845.8,835.6,249.0,-39.6,-3.0,,,,
52.55,5,Atta_5,1122.2,840.9,71.0,29.0,-4.4,,,,
52.55,6,Atta_6,1355.9,1192.9,251.1,69.1,-3.7,,,,
52.55,7,Atta_7,236.2,2003.4,73.4,93.5,-0.8,,,,
52.55,8,Atta_8,543.9,2470.3,16.1,-62.6,0.9,,,,
52.55,9,Atta_9,1845.1,2355.3,141.8,-17.4,1.4,,,,
52.55,10,Atta_10,224.6,2689.9,108.6,52.6,4.1,,,,
52.618,1,Atta_1,674.6,1720.6,82.4,85.1,-4.1,,,,
52.618,2,Atta_2,1293.3,615.2,0.7,40.9,-6.3,,,,
52.618,3,Atta_3,1461.2,264.6,68.3,95.6,7.5,,,,
52.618,4,Atta_4,888.3,830.9,254.2,-42.8,5.2,,,,
52.618,5,Atta_5,1141.8,909.4,68.0,71.2,-3.0,,,,
52.618,6,Atta_6,1342.4,1215.0,254.5,-25.9,3.4,,,,
52.618,7,Atta_7,195.7,2036.9,72.3,52.6,-1.1,,,,
52.618,8,Atta_8,576.9,2428.1,14.2,53.6,-1.9,,,,
52.618,9,Atta_9,1820.4,2375.5,147.3,31.9,5.5,,,,
52.618,10,Atta_10,125.3,2650.7,106.1,-106.8,-2.5,,,,
52.687,1,Atta_1,656.9,1730.7,85.7,20.4,3.3,,,,
52.687,2,Atta_2,1349.8,603.4,6.1,57.7,5.4,,,,
52.687,3,Atta_3,1452.7,206.6,65.6,-58.6,-2.7,,,,
52.687,4,Atta_4,840.4,775.7,257.4,73.1,3.2,,,,
52.687,5,Atta_5,1109.4,804.0,74.7,-110.3,6.7,,,,
52.687,6,Atta_6,1300.6,1164.1,253.1,65.9,-1.4,,,,
52.687,7,Atta_7,119.1,2037.8,75.0,-76.6,2.7,,,,
52.687,8,Atta_8,606.3,2460.8,11.5,44.0,-2.7,,,,
52.687,9,Atta_9,1873.8,2354.4,151.6,-57.4,4.3,,,,
52.687,10,Atta_10,230.6,2657.1,103.5,-105.5,-2.6,,,,
52.807,1,Atta_1,666.5,1691.2,85.5,-40.6,-0.2,,,,
52.807,2,Atta_2,1353.8,611.3,4.8,8.9,-1.3,,,,
52.807,3,Atta_3,1404.3,232.5,61.6,54.9,-4.0,,,,
52.807,4,Atta_4,876.4,780.4,252.7,-36.3,-4.7,,,,
52.807,5,Atta_5,1089.6,948.3,70.5,145.7,-4.2,,,,
52.807,6,Atta_6,1317.5,1227.9,255.2,-66.0,2.1,,,,
52.807,7,Atta_7,182.5,2040.0,71.6,63.4,-3.4,,,,
52.807,8,Atta_8,614.6,2443.0,17.4,19.6,5.9,,,,
52.807,9,Atta_9,1840.0,2305.6,157.0,59.4,5.4,,,,
52.807,10,Atta_10,203.6,2689.2,109.1,41.9,5.6,,,,
52.873,1,Atta_1,663.0,1780.5,82.7,89.4,-2.8,,,,
52.873,2,Atta_2,1343.6,594.1,5.5,-20.0,0.7,,,,
52.873,3,Atta_3,1496.4,248.7,71.4,93.5,9.8,,,,
52.873,4,Atta_4,851.4,708.7,251.9,75.9,-0.8,,,,
52.873,5,Atta_5,1098.5,894.0,73.8,-55.0,3.3,,,,
52.873,6,Atta_6,1322.5,1197.7,257.9,30.6,2.7,,,,
52.873,7,Atta_7,168.7,2054.6,72.4,20.1,0.8,,,,
52.873,8,Atta_8,570.5,2533.3,16.5,-100.5,-0.9,,,,
52.873,9,Atta_9,1878.3,2356.7,164.5,-63.9,7.5,,,,
52.873,10,Atta_10,231.2,2689.3,111.3,-27.6,2.2,,,,
52.942,1,Atta_1,648.6,1676.2,87.5,-105.3,4.8,,,,
52.942,2,Atta_2,1351.5,599.4,5.9,9.5,0.4,,,,
52.942,3,Atta_3,1467.8,264.3,66.7,32.6,-4.7,,,,
52.942,4,Atta_4,855.6,768.6,253.9,-60.0,2.0,,,,
52.942,5,Atta_5,1094.0,938.5,70.0,44.7,-3.8,,,,
52.942,6,Atta_6,1272.4,1184.3,255.2,51.9,-2.7,,,,
52.942,7,Atta_7,113.4,2102.9,71.0,73.4,-1.4,,,,
52.942,8,Atta_8,666.4,2499.5,17.7,101.7,1.2,,,,
52.942,9,Atta_9,1837.5,2331.8,167.9,47.8,3.4,,,,
52.942,10,Atta_10,171.6,2700.0,111.2,60.6,-0.1,,,,
53.008,1,Atta_1,694.5,1732.6,87.1,72.7,-0.4,,,,
53.008,2,Atta_2,1368.1,580.1,4.6,25.5,-1.3,,,,
53.008,3,Atta_3,1398.3,321.6,67.4,90.1,0.7,,,,
53.008,4,Atta_4,862.9,706.1,248.3,62.9,-5.6,,,,
53.008,5,Atta_5,1103.9,953.0,70.3,17.6,0.3,,,,
53.008,6,Atta_6,1271.2,1182.1,251.2,2.5,-4.0,,,,
53.008,7,Atta_7,155.8,2111.4,71.8,43.2,0.8,,,,
53.008,8,Atta_8,637.2,2469.9,18.1,-41.6,0.4,,,,
53.008,9,Atta_9,1832.1,2355.4,174.6,24.2,6.7,,,,
53.008,10,Atta_10,171.0,2642.0,112.3,-58.0,1.1,,,,
53.149,1,Atta_1,705.0,1798.2,82.7,66.4,-4.4,,,,
53.149,2,Atta_2,1404.3,544.3,5.2,50.9,0.6,,,,
53.149,3,Atta_3,1460.3,291.7,67.2,-68.8,-0.2,,,,
53.149,4,Atta_4,818.8,668.8,254.7,57.8,6.4,,,,
53.149,5,Atta_5,1180.4,951.3,71.0,76.5,0.7,,,,
53.149,6,Atta_6,1283.7,1134.7,253.0,49.0,1.8,,,,
53.149,7,Atta_7,195.8,2141.9,75.0,50.3,3.2,,,,
53.149,8,Atta_8,648.5,2469.4,17.6,11.3,-0.5,,,,
53.149,9,Atta_9,1861.1,2317.8,183.5,-47.5,8.9,,,,
53.149,10,Atta_10,187.5,2633.7,109.9,-18.5,-2.4,,,,
53.204,1,Atta_1,668.5,1769.2,82.5,-46.6,-0.2,,,,
53.204,2,Atta_2,1450.2,593.6,5.5,67.4,0.3,,,,
53.204,3,Atta_3,1436.1,288.5,65.2,-24.4,-2.0,,,,
53.204,4,Atta_4,893.5,637.5,250.0,81.0,-4.7,,,,
53.204,5,Atta_5,1111.6,974.0,74.1,-72.4,3.1,,,,
53.204,6,Atta_6,1279.6,1118.9,253.3,16.3,0.3,,,,
53.204,7,Atta_7,200.0,2074.3,72.9,-67.7,-2.1,,,,
53.204,8,Atta_8,707.2,2490.6,14.6,62.4,-3.0,,,,
53.204,9,Atta_9,1792.8,2426.9,189.1,128.7,5.6,,,,
53.204,10,Atta_10,148.1,2641.9,109.1,40.2,-0.8,,,,
53.272,1,Atta_1,651.6,1730.9,83.9,-41.9,1.4,,,,
53.272,2,Atta_2,1401.8,580.5,5.2,-50.1,-0.3,,,,
53.272,3,Atta_3,1512.6,362.8,64.6,106.6,-0.6,,,,
53.272,4,Atta_4,866.9,714.1,252.2,-81.1,2.2,,,,
53.272,5,Atta_5,1141.2,1008.2,74.0,45.2,-0.1,,,,
53.272,7,Atta_7,178.7,2147.7,73.8,76.4,0.9,,,,
53.272,8,Atta_8,710.8,2476.3,13.1,-14.7,-1.5,,,,
53.272,9,Atta_9,1891.6,2399.1,192.1,-102.6,3.0,,,,
53.272,10,Atta_10,188.6,2613.8,108.0,-49.3,-1.1,,,,
53.408,1,Atta_1,710.8,1787.8,83.3,82.1,-0.6,,,,
53.408,2,Atta_2,1457.4,583.9,3.2,55.7,-2.0,,,,
53.408,3,Atta_3,1488.9,372.3,68.2,-25.5,3.6,,,,
53.408,4,Atta_4,863.8,664.6,255.4,49.6,3.2,,,,
53.408,5,Atta_5,1171.1,988.8,73.7,-35.6,-0.3,,,,
53.408,6,Atta_6,1291.6,1126.0,256.9,-13.9,3.6,,,,
53.408,7,Atta_7,232.8,2117.4,72.0,-62.0,-1.8,,,,
53.408,8,Atta_8,715.3,2516.5,16.1,40.5,3.0,,,,
53.408,9,Atta_9,1842.1,2416.4,193.2,52.4,1.1,,,,
53.408,10,Atta_10,172.3,2591.2,114.6,-27.9,6.6,,,,
53.474,1,Atta_1,718.0,1792.5,81.7,8.6,-1.6,,,,
53.474,2,Atta_2,1425.2,628.8,4.3,-55.3,1.1,,,,
53.474,3,Atta_3,1459.9,412.0,66.7,49.2,-1.5,,,,
53.474,4,Atta_4,791.2,688.3,251.8,-76.4,-3.6,,,,
53.474,5,Atta_5,1132.0,1023.7,74.3,52.4,0.6,,,,
53.474,6,Atta_6,1282.1,1063.3,254.2,63.4,-2.7,,,,
53.474,7,Atta_7,159.5,2147.5,73.0,79.2,1.0,,,,
53.474,8,Atta_8,740.6,2541.9,13.9,35.9,-2.2,,,,
53.474,9,Atta_9,1819.6,2375.2,203.4,46.9,10.2,,,,
53.474,10,Atta_10,129.8,2620.8,120.5,51.8,5.9,,,,
53.543,1,Atta_1,670.0,1800.1,88.1,48.6,6.4,,,,
53.543,2,Atta_2,1507.0,634.3,7.6,82.0,3.3,,,,
53.543,3,Atta_3,1523.5,412.1,66.7,63.6,0.0,,,,
53.543,4,Atta_4,870.1,648.6,254.4,88.3,2.6,,,,
53.543,5,Atta_5,1212.0,970.1,71.1,-96.3,-3.2,,,,
53.543,6,Atta_6,1278.4,1025.3,256.2,38.2,2.0,,,,
53.543,7,Atta_7,148.4,2177.4,71.0,31.9,-2.0,,,,
53.543,8,Atta_8,783.5,2496.6,18.3,62.4,4.4,,,,
53.543,9,Atta_9,1859.1,2332.4,210.4,-58.2,7.0,,,,
53.543,10,Atta_10,170.1,2564.9,124.7,-68.9,4.2,,,,
53.675,1,Atta_1,713.7,1827.7,86.8,51.7,-1.3,,,,
53.675,2,Atta_2,1497.5,588.0,4.8,-47.3,-2.8,,,,
53.675,3,Atta_3,1526.5,377.0,60.9,-35.2,-5.8,,,,
53.675,4,Atta_4,827.5,572.1,254.4,87.6,0.0,,,,
53.675,5,Atta_5,1136.9,1041.5,73.5,103.6,2.4,,,,
53.675,6,Atta_6,1284.2,1064.5,258.1,-39.6,1.9,,,,
53.675,7,Atta_7,152.3,2126.8,72.2,-50.8,1.2,,,,
53.675,8,Atta_8,811.7,2515.1,12.6,33.7,-5.7,,,,
53.675,9,Atta_9,1844.2,2390.9,212.0,-60.4,1.6,,,,
53.675,10,Atta_10,198.2,2665.7,131.3,104.6,6.6,,,,
53.746,1,Atta_1,749.3,1827.5,82.7,35.6,-4.1,,,,
53.746,2,Atta_2,1524.6,580.5,6.1,28.1,1.3,,,,
53.746,3,Atta_3,1533.6,398.0,65.6,22.2,4.7,,,,
53.746,4,Atta_4,835.7,625.1,256.5,-53.6,2.1,,,,
53.746,5,Atta_5,1134.4,992.4,71.3,-49.2,-2.2,,,,
53.746,6,Atta_6,1263.6,1054.9,250.5,22.7,-7.6,,,,
53.746,7,Atta_7,185.4,2214.7,73.0,93.9,0.8,,,,
53.746,8,Atta_8,783.2,2503.4,12.9,-30.8,0.3,,,,
53.746,9,Atta_9,1886.4,2326.6,217.4,-76.9,5.4,,,,
53.746,10,Atta_10,177.0,2611.0,134.2,-58.7,2.9,,,,
53.817,1,Atta_1,738.9,1878.6,84.9,52.1,2.2,,,,
53.817,2,Atta_2,1482.6,561.3,5.9,-46.2,-0.2,,,,
53.817,3,Atta_3,1492.5,398.4,66.1,-41.1,0.5,,,,
53.817,4,Atta_4,815.7,530.9,255.8,96.3,-0.7,,,,
53.817,5,Atta_5,1153.6,1072.6,72.2,82.5,0.9,,,,
53.817,6,Atta_6,1287.5,1071.8,259.1,-29.3,8.6,,,,
53.817,7,Atta_7,221.0,2200.5,74.5,-38.3,1.5,,,,
53.817,8,Atta_8,791.1,2547.1,14.9,44.4,2.0,,,,
53.817,9,Atta_9,1890.4,2377.4,218.7,-51.0,1.3,,,,
53.817,10,Atta_10,198.8,2607.5,141.1,-22.1,6.9,,,,
53.949,1,Atta_1,669.9,1906.5,85.7,74.4,0.8,,,,
53.949,2,Atta_2,1577.2,678.8,358.4,150.8,-7.5,,,,
53.949,3,Atta_3,1505.3,428.0,67.1,32.2,1.0,,,,
53.949,4,Atta_4,807.0,631.4,251.5,-100.9,-4.3,,,,
53.949,5,Atta_5,1177.1,1111.8,70.3,45.7,-1.9,,,,
53.949,6,Atta_6,1274.9,1028.0,253.3,45.6,-5.8,,,,
53.949,7,Atta_7,248.9,2252.8,74.6,59.3,0.1,,,,
53.949,8,Atta_8,800.6,2555.2,17.2,12.5,2.3,,,,
53.949,9,Atta_9,1837.0,2417.4,215.3,66.7,-3.4,,,,
53.949,10,Atta_10,160.9,2650.2,149.6,57.1,8.5,,,,
54.019,1,Atta_1,720.3,1874.4,84.5,-59.8,-1.2,,,,
54.019,2,Atta_2,1480.4,609.1,3.6,-119.3,5.2,,,,
54.019,3,Atta_3,1519.8,399.2,65.6,-32.2,-1.5,,,,
54.019,4,Atta_4,803.4,569.5,252.9,62.0,1.4,,,,
54.019,5,Atta_5,1206.5,1110.1,70.6,29.4,0.3,,,,
54.019,6,Atta_6,1223.5,1058.8,253.3,-59.9,0.0,,,,
54.019,7,Atta_7,290.4,2251.8,72.3,41.5,-2.3,,,,
54.019,8,Atta_8,828.2,2487.7,17.1,72.9,-0.1,,,,
54.019,9,Atta_9,1782.2,2346.3,216.2,89.8,0.9,,,,
54.019,10,Atta_10,174.2,2600.6,156.0,-51.4,6.4,,,,
54.088,1,Atta_1,699.8,1954.3,84.1,82.5,-0.4,,,,
54.088,2,Atta_2,1581.5,604.2,3.2,101.2,-0.4,,,,
54.088,3,Atta_3,1547.3,447.9,64.0,55.9,-1.6,,,,
54.088,4,Atta_4,780.0,572.2,252.6,23.6,-0.3,,,,
54.088,5,Atta_5,1116.9,1087.5,72.3,-92.4,1.7,,,,
54.088,6,Atta_6,1258.9,1003.8,255.5,65.4,2.2,,,,
54.088,7,Atta_7,196.6,2253.6,73.6,-93.8,1.3,,,,
54.088,8,Atta_8,843.3,2548.6,14.5,62.7,-2.6,,,,
54.088,9,Atta_9,1825.1,2363.9,208.9,-46.4,-7.3,,,,
54.088,10,Atta_10,177.0,2605.1,157.2,-5.3,1.2,,,,
54.158,1,Atta_1,703.2,1936.7,87.0,-17.9,2.9,,,,
54.158,2,Atta_2,1583.7,651.7,4.4,47.6,1.2,,,,
54.158,3,Atta_3,1506.7,457.6,65.1,-41.7,1.1,,,,
54.158,4,Atta_4,783.5,597.2,251.5,-25.2,-1.1,,,,
54.158,5,Atta_5,1130.2,1148.1,73.0,62.0,0.7,,,,
54.158,6,Atta_6,1251.7,954.6,252.4,49.7,-3.1,,,,
54.158,7,Atta_7,208.0,2258.3,75.6,12.3,2.0,,,,
54.158,8,Atta_8,799.8,2527.4,14.2,-48.4,-0.3,,,,
54.158,9,Atta_9,1807.9,2355.3,203.8,19.2,-5.1,,,,
54.158,10,Atta_10,234.1,2620.9,164.9,-59.2,7.7,,,,
54.226,1,Atta_1,666.3,1932.9,84.0,-37.1,-3.0,,,,
54.226,2,Atta_2,1580.3,548.3,2.3,-103.5,-2.1,,,,
54.226,3,Atta_3,1544.4,496.0,63.1,53.8,-2.0,,,,
54.226,4,Atta_4,738.2,558.3,254.6,59.7,3.1,,,,
54.226,5,Atta_5,1197.5,1107.8,65.5,-78.4,-7.5,,,,
54.226,6,Atta_6,1192.6,974.8,258.1,-62.5,5.7,,,,
54.226,7,Atta_7,242.5,2309.7,72.1,61.9,-3.5,,,,
54.226,8,Atta_8,810.8,2552.8,16.3,27.7,2.1,,,,
54.226,9,Atta_9,1840.8,2345.9,199.5,-34.2,-4.3,,,,
54.226,10,Atta_10,205.1,2580.1,165.7,50.1,0.8,,,,
54.288,1,Atta_1,664.2,1957.1,87.5,24.3,3.5,,,,
54.288,2,Atta_2,1614.6,660.0,4.3,116.8,2.0,,,,
54.288,3,Atta_3,1526.4,440.6,66.6,-58.3,3.5,,,,
54.288,4,Atta_4,762.6,534.0,256.9,34.4,2.3,,,,
54.288,5,Atta_5,1138.4,1153.8,68.0,74.9,2.5,,,,
54.288,6,Atta_6,1196.1,1015.9,259.3,-41.2,1.2,,,,
54.288,7,Atta_7,177.2,2252.0,71.3,-87.1,-0.8,,,,
54.288,8,Atta_8,842.4,2512.0,16.6,51.6,0.3,,,,
54.288,9,Atta_9,1815.8,2326.0,197.0,32.0,-2.5,,,,
54.288,10,Atta_10,198.0,2650.2,165.4,70.5,-0.3,,,,
54.358,1,Atta_1,748.5,1953.0,86.0,-84.4,-1.5,,,,
54.358,2,Atta_2,1624.7,634.9,3.0,27.1,-1.3,,,,
54.358,3,Atta_3,1479.0,438.5,62.2,-47.4,-4.4,,,,
54.358,4,Atta_4,745.8,514.5,251.3,25.7,-5.6,,,,
54.358,5,Atta_5,1250.2,1150.6,56.2,111.8,-11.8,,,,
54.358,6,Atta_6,1246.6,936.7,268.2,93.9,8.9,,,,
54.358,7,Atta_7,289.0,2304.8,75.0,123.6,3.7,,,,
54.358,8,Atta_8,911.4,2544.2,12.1,76.1,-4.5,,,,
54.358,9,Atta_9,1865.0,2394.1,188.1,-84.0,-8.9,,,,
54.358,10,Atta_10,175.2,2576.7,168.6,77.0,3.2,,,,
54.488,1,Atta_1,724.6,1926.6,85.2,-35.6,-0.8,,,,
54.488,2,Atta_2,1627.3,590.0,2.1,45.0,-0.9,,,,
54.488,3,Atta_3,1597.0,446.2,58.8,118.3,-3.4,,,,
54.488,4,Atta_4,807.1,509.4,250.8,-61.5,-0.5,,,,
54.488,5,Atta_5,1230.9,1113.4,48.1,-41.9,-8.1,,,,
54.488,6,Atta_6,1243.6,966.9,269.0,-30.3,0.8,,,,
54.488,7,Atta_7,220.5,2318.3,70.0,-69.8,-5.0,,,,
54.488,8,Atta_8,859.4,2513.5,20.0,-60.4,7.9,,,,
54.488,9,Atta_9,1777.4,2401.2,184.3,87.9,-3.8,,,,
54.488,10,Atta_10,170.6,2643.9,164.0,67.4,-4.6,,,,
54.558,1,Atta_1,695.0,2009.9,83.4,88.4,-1.8,,,,
54.558,2,Atta_2,1623.8,651.5,5.4,-61.6,3.3,,,,
54.558,3,Atta_3,1525.1,453.4,60.0,-72.3,1.2,,,,
54.558,4,Atta_4,739.3,486.7,252.4,71.5,1.6,,,,
54.558,5,Atta_5,1148.3,1087.8,43.5,-86.5,-4.6,,,,
54.558,6,Atta_6,1245.6,959.8,278.9,7.4,9.9,,,,
54.558,7,Atta_7,230.3,2349.3,72.9,32.5,2.9,,,,
54.558,8,Atta_8,915.8,2605.5,13.4,107.9,-6.6,,,,
54.558,9,Atta_9,1835.9,2301.7,180.6,-115.4,-3.7,,,,
54.558,10,Atta_10,144.5,2631.3,165.5,29.0,1.5,,,,
54.609,1,Atta_1,721.3,1980.9,86.2,-39.1,2.8,,,,
54.609,2,Atta_2,1593.6,581.0,2.1,-76.7,-3.3,,,,
54.609,3,Atta_3,1512.8,471.1,60.6,21.6,0.6,,,,
54.609,4,Atta_4,768.9,472.8,254.7,32.7,2.3,,,,
54.609,5,Atta_5,1155.0,1128.3,40.1,41.1,-3.4,,,,
54.609,6,Atta_6,1250.8,981.0,282.1,-21.8,3.2,,,,
54.609,7,Atta_7,217.1,2395.4,71.4,48.0,-1.5,,,,
54.609,8,Atta_8,913.5,2520.2,15.7,-85.3,2.3,,,,
54.609,9,Atta_9,1880.0,2333.7,174.9,-54.5,-5.7,,,,
54.609,10,Atta_10,190.9,2626.6,166.8,-46.6,1.3,,,,
54.68,1,Atta_1,687.4,2005.5,84.5,41.9,-1.7,,,,
54.68,2,Atta_2,1542.5,523.2,2.2,-77.1,0.1,,,,
54.68,3,Atta_3,1529.9,429.7,63.7,-44.8,3.1,,,,
54.68,4,Atta_4,758.9,481.0,253.4,-12.9,-1.3,,,,
54.68,5,Atta_5,1229.2,1051.2,35.1,107.0,-5.0,,,,
54.68,6,Atta_6,1219.0,950.0,286.2,44.4,4.1,,,,
54.68,7,Atta_7,238.1,2347.1,72.8,-52.7,1.4,,,,
54.68,8,Atta_8,924.5,2591.9,16.1,72.5,0.4,,,,
54.68,9,Atta_9,1903.5,2376.1,167.9,-48.5,-7.0,,,,
54.68,10,Atta_10,184.5,2640.9,165.5,15.7,-1.3,,,,
54.748,1,Atta_1,678.9,2085.4,85.2,80.4,0.7,,,,
54.748,2,Atta_2,1589.4,598.9,5.3,89.1,3.1,,,,
54.748,3,Atta_3,1505.5,371.9,59.7,-62.7,-4.0,,,,
54.748,4,Atta_4,727.2,460.2,249.3,37.9,-4.1,,,,
54.748,5,Atta_5,1224.5,1121.2,30.4,70.2,-4.7,,,,
54.748,6,Atta_6,1227.7,969.9,291.1,-21.7,4.9,,,,
54.748,7,Atta_7,210.2,2406.7,70.6,65.8,-2.2,,,,
54.748,8,Atta_8,930.1,2540.7,17.3,-51.5,1.2,,,,
54.748,9,Atta_9,1876.6,2372.1,166.2,27.2,-1.7,,,,
54.748,10,Atta_10,130.4,2629.3,166.5,55.3,1.0,,,,
54.807,1,Atta_1,710.8,2068.7,84.1,-36.0,-1.1,,,,
54.807,2,Atta_2,1528.7,583.8,3.3,-62.5,-2.0,,,,
54.807,3,Atta_3,1470.1,404.0,54.3,47.8,-5.4,,,,
54.807,4,Atta_4,760.0,467.8,255.4,-33.7,6.1,,,,
54.807,5,Atta_5,1165.7,1076.6,27.5,-73.8,-2.9,,,,
54.807,6,Atta_6,1263.1,968.2,293.6,35.4,2.5,,,,
54.807,7,Atta_7,276.2,2374.8,67.7,-73.3,-2.9,,,,
54.807,8,Atta_8,945.6,2548.7,14.8,17.4,-2.5,,,,
54.807,9,Atta_9,1822.4,2339.4,159.1,63.3,-7.1,,,,
54.807,10,Atta_10,159.5,2654.6,167.6,-38.6,1.1,,,,
54.878,1,Atta_1,774.8,2054.4,85.2,-65.6,1.1,,,,
54.878,2,Atta_2,1556.2,600.7,2.2,32.3,-1.1,,,,
54.878,3,Atta_3,1540.7,414.5,54.5,71.4,0.2,,,,
54.878,4,Atta_4,797.8,433.7,252.5,50.9,-2.9,,,,
54.878,5,Atta_5,1155.3,1141.5,21.3,65.7,-6.2,,,,
54.878,6,Atta_6,1247.2,950.8,296.0,23.6,2.4,,,,
54.878,7,Atta_7,277.0,2418.8,73.3,44.0,5.6,,,,
54.878,8,Atta_8,929.4,2561.0,13.4,-20.3,-1.4,,,,
54.878,9,Atta_9,1885.6,2418.8,156.2,-101.5,-2.9,,,,
54.878,10,Atta_10,97.2,2690.9,167.4,72.1,-0.2,,,,
54.943,1,Atta_1,715.0,2066.1,88.0,60.9,2.8,,,,
54.943,2,Atta_2,1488.0,589.2,1.8,-69.2,-0.4,,,,
54.943,3,Atta_3,1490.4,409.1,48.2,-50.6,-6.3,,,,
54.943,4,Atta_4,728.7,417.0,250.1,71.1,-2.4,,,,
54.943,5,Atta_5,1166.6,1084.9,18.8,-57.7,-2.5,,,,
54.943,6,Atta_6,1238.0,945.5,298.4,10.6,2.4,,,,
54.943,7,Atta_7,260.9,2402.2,68.6,-23.1,-4.7,,,,
54.943,8,Atta_8,945.7,2572.1,12.4,19.7,-1.0,,,,
54.943,9,Atta_9,1844.1,2328.6,152.4,99.3,-3.8,,,,
54.943,10,Atta_10,95.5,2638.2,167.6,-52.7,0.2,,,,
55.015,1,Atta_1,701.9,2066.5,94.6,-13.1,6.6,,,,
55.015,2,Atta_2,1534.0,630.9,1.5,62.1,-0.3,,,,
55.015,3,Atta_3,1558.2,400.9,42.0,68.3,-6.2,,,,
55.015,4,Atta_4,789.3,463.2,253.1,-76.2,3.0,,,,
55.015,5,Atta_5,1194.5,1115.3,13.1,41.3,-5.7,,,,
55.015,6,Atta_6,1263.3,928.9,298.7,30.3,0.3,,,,
55.015,7,Atta_7,256.5,2464.5,73.0,62.5,4.4,,,,
55.015,8,Atta_8,995.8,2586.0,10.0,52.0,-2.4,,,,
55.015,9,Atta_9,1859.8,2365.2,149.4,39.8,-3.0,,,,
55.015,10,Atta_10,98.9,2617.2,168.9,-21.3,1.3,,,,
55.078,1,Atta_1,752.9,2061.0,99.5,-51.3,4.9,,,,
55.078,2,Atta_2,1536.6,653.5,355.7,22.7,-5.8,,,,
55.078,3,Atta_3,1512.8,413.9,36.6,-47.2,-5.4,,,,
55.078,4,Atta_4,735.8,369.8,254.3,107.6,1.2,,,,
55.078,5,Atta_5,1186.5,1062.3,7.3,-53.6,-5.8,,,,
55.078,6,Atta_6,1232.6,964.4,295.6,-46.9,-3.1,,,,
55.078,7,Atta_7,290.4,2402.6,73.3,-70.6,0.3,,,,
55.078,8,Atta_8,1017.6,2598.8,16.7,25.3,6.7,,,,
55.078,9,Atta_9,1836.3,2344.2,145.1,31.5,-4.3,,,,
55.078,10,Atta_10,154.7,2573.3,170.2,-71.0,1.3,,,,
55.148,1,Atta_1,710.8,2046.2,109.0,-44.6,9.5,,,,
55.148,2,Atta_2,1534.3,583.4,347.6,70.1,-8.1,,,,
55.148,3,Atta_3,1524.3,419.4,32.4,12.7,-4.2,,,,
55.148,4,Atta_4,724.0,374.7,252.0,-12.8,-2.3,,,,
55.148,5,Atta_5,1127.3,1106.4,4.1,-73.8,-3.2,,,,
55.148,6,Atta_6,1299.5,987.0,296.8,70.6,1.2,,,,
55.148,7,Atta_7,318.6,2483.4,71.3,85.6,-2.0,,,,
55.148,8,Atta_8,1064.5,2564.1,11.6,58.3,-5.1,,,,
55.148,9,Atta_9,1831.5,2383.3,140.1,39.4,-5.0,,,,
55.148,10,Atta_10,75.7,2640.0,166.2,103.4,-4.0,,,,
55.216,1,Atta_1,666.1,2100.6,110.7,70.4,1.7,,,,
55.216,2,Atta_2,1544.9,619.5,344.5,37.6,-3.1,,,,
55.216,3,Atta_3,1563.3,431.1,27.2,40.7,-5.2,,,,
55.216,4,Atta_4,738.1,301.8,248.4,74.3,-3.6,,,,
55.216,5,Atta_5,1160.9,1103.7,3.3,33.7,-0.8,,,,
55.216,6,Atta_6,1309.2,976.0,294.2,14.7,-2.6,,,,
55.216,7,Atta_7,281.4,2392.5,74.1,-98.2,2.8,,,,
55.216,8,Atta_8,987.1,2596.0,10.8,-83.7,-0.8,,,,
55.216,9,Atta_9,1838.8,2356.8,133.3,-27.5,-6.8,,,,
55.216,10,Atta_10,103.0,2674.0,165.6,-43.6,-0.6,,,,
55.283,1,Atta_1,732.9,2086.0,118.2,-68.4,7.5,,,,
55.283,2,Atta_2,1542.6,584.9,337.4,34.7,-7.1,,,,
55.283,3,Atta_3,1516.6,368.2,25.5,-78.3,-1.7,,,,
55.283,4,Atta_4,777.1,356.8,251.6,-67.4,3.2,,,,
55.283,5,Atta_5,1166.6,1114.9,355.7,12.6,-7.6,,,,
55.283,6,Atta_6,1227.4,959.6,292.4,-83.4,-1.8,,,,
55.283,7,Atta_7,242.7,2447.4,72.4,67.2,-1.7,,,,
55.283,8,Atta_8,1067.7,2594.3,16.8,80.6,6.0,,,,
55.283,9,Atta_9,1909.0,2365.7,125.8,-70.8,-7.5,,,,
55.283,10,Atta_10,96.2,2629.8,161.0,-44.7,-4.6,,,,
55.351,1,Atta_1,695.6,2021.3,119.6,-74.7,1.4,,,,
55.351,2,Atta_2,1555.1,588.2,336.1,12.9,-1.3,,,,
55.351,3,Atta_3,1474.5,386.7,17.2,-46.0,-8.3,,,,
55.351,4,Atta_4,766.7,323.7,255.3,34.7,3.7,,,,
55.351,5,Atta_5,1228.7,1101.0,352.2,63.6,-3.5,,,,
55.351,6,Atta_6,1277.6,949.3,284.9,51.2,-7.5,,,,
55.351,7,Atta_7,273.4,2470.1,74.9,38.2,2.5,,,,
55.351,8,Atta_8,1064.0,2582.8,13.0,-12.1,-3.8,,,,
55.351,9,Atta_9,1843.7,2380.9,126.4,67.0,0.6,,,,
55.351,10,Atta_10,95.2,2656.8,162.7,27.0,1.7,,,,
55.403,1,Atta_1,736.4,2043.4,122.7,-46.4,3.1,,,,
55.403,2,Atta_2,1551.1,629.6,334.6,-41.6,-1.5,,,,
55.403,3,Atta_3,1479.3,423.4,13.4,37.0,-3.8,,,,
55.403,4,Atta_4,724.1,350.7,254.3,-50.4,-1.0,,,,
55.403,5,Atta_5,1158.1,1089.6,348.9,-71.5,-3.3,,,,
55.403,6,Atta_6,1239.6,941.0,283.5,-38.9,-1.4,,,,
55.403,7,Atta_7,330.5,2479.6,73.9,57.9,-1.0,,,,
55.403,8,Atta_8,971.3,2629.2,16.0,-103.7,3.0,,,,
55.403,9,Atta_9,1840.3,2370.9,123.5,-10.6,-2.9,,,,
55.403,10,Atta_10,146.4,2656.7,169.7,-51.2,7.0,,,,
55.472,1,Atta_1,704.0,2073.4,124.8,44.2,2.1,,,,
55.472,2,Atta_2,1560.5,572.7,326.3,57.7,-8.3,,,,
55.472,3,Atta_3,1484.3,390.6,11.2,-33.2,-2.2,,,,
55.472,4,Atta_4,757.7,385.4,254.7,-48.3,0.4,,,,
55.472,5,Atta_5,1161.0,1050.0,344.0,39.7,-4.9,,,,
55.472,6,Atta_6,1251.0,961.2,272.2,-23.2,-11.3,,,,
55.472,7,Atta_7,257.2,2460.6,73.0,-75.7,-0.9,,,,
55.472,8,Atta_8,1085.6,2569.1,13.3,129.1,-2.7,,,,
55.472,9,Atta_9,1817.3,2346.5,115.1,-33.5,-8.4,,,,
55.472,10,Atta_10,151.6,2640.2,162.4,-17.3,-7.3,,,,
55.537,1,Atta_1,731.4,2046.0,127.2,-38.7,2.4,,,,
55.537,2,Atta_2,1549.9,592.1,320.4,-22.1,-5.9,,,,
55.537,3,Atta_3,1496.6,406.9,9.9,20.4,-1.3,,,,
55.537,4,Atta_4,751.6,373.6,254.6,13.3,-0.1,,,,
55.537,5,Atta_5,1193.1,1086.5,337.7,48.6,-6.3,,,,
55.537,6,Atta_6,1302.2,994.5,273.4,-61.1,1.2,,,,
55.537,7,Atta_7,253.3,2543.5,70.1,83.0,-2.9,,,,
55.537,8,Atta_8,1063.9,2531.4,15.8,-43.5,2.5,,,,
55.537,9,Atta_9,1858.6,2341.6,111.9,-41.6,-3.2,,,,
55.537,10,Atta_10,188.7,2644.2,164.0,-37.3,1.6,,,,
55.604,1,Atta_1,684.0,2045.4,126.8,47.4,-0.4,,,,
55.604,2,Atta_2,1538.5,557.6,320.4,36.3,0.0,,,,
55.604,3,Atta_3,1493.3,401.9,9.5,-6.0,-0.4,,,,
55.604,4,Atta_4,705.2,283.9,252.4,101.0,-2.2,,,,
55.604,5,Atta_5,1125.8,1097.9,334.0,-68.3,-3.7,,,,
55.604,6,Atta_6,1227.3,972.4,268.0,78.1,-5.4,,,,
55.604,7,Atta_7,279.3,2506.5,72.8,-45.2,2.7,,,,
55.604,8,Atta_8,1058.5,2552.1,14.0,21.4,-1.8,,,,
55.604,9,Atta_9,1856.9,2371.7,104.6,30.1,-7.3,,,,
55.604,10,Atta_10,161.2,2630.6,163.8,30.7,-0.2,,,,
55.728,1,Atta_1,698.6,2034.2,124.7,-18.4,-2.1,,,,
55.728,2,Atta_2,1596.4,587.5,314.0,65.2,-6.4,,,,
55.728,3,Atta_3,1500.8,387.4,6.2,16.3,-3.3,,,,
55.728,4,Atta_4,701.8,350.1,250.2,-66.3,-2.2,,,,
55.728,5,Atta_5,1221.0,1094.0,330.8,95.3,-3.2,,,,
55.728,6,Atta_6,1244.1,978.3,263.9,-17.8,-4.1,,,,
55.728,7,Atta_7,274.2,2537.6,69.4,31.5,-3.4,,,,
55.728,8,Atta_8,1037.9,2580.7,17.5,-35.2,3.5,,,,
55.728,9,Atta_9,1826.7,2303.0,105.0,-75.0,0.4,,,,
55.728,10,Atta_10,201.6,2629.9,164.3,-40.4,0.5,,,,
55.798,1,Atta_1,707.7,2066.3,127.1,33.4,2.4,,,,
55.798,2,Atta_2,1511.0,637.3,307.5,-98.9,-6.5,,,,
55.798,3,Atta_3,1520.7,367.2,4.1,28.4,-2.1,,,,
55.798,4,Atta_4,724.5,272.8,251.5,80.6,1.3,,,,
55.798,5,Atta_5,1125.1,1086.6,325.0,-96.2,-5.8,,,,
55.798,6,Atta_6,1315.5,914.4,259.1,95.8,-4.8,,,,
55.798,7,Atta_7,332.6,2542.3,74.1,58.6,4.7,,,,
55.798,8,Atta_8,1107.2,2561.9,12.0,71.8,-5.5,,,,
55.798,9,Atta_9,1842.7,2371.9,99.4,70.7,-5.6,,,,
55.798,10,Atta_10,188.0,2610.9,164.8,23.4,0.5,,,,
55.849,1,Atta_1,779.5,2065.8,130.7,-71.8,3.6,,,,
55.849,2,Atta_2,1552.7,605.5,305.4,52.4,-2.1,,,,
55.849,3,Atta_3,1500.7,390.1,1.9,-30.4,-2.2,,,,
55.849,4,Atta_4,683.6,280.3,250.2,41.6,-1.3,,,,
55.849,5,Atta_5,1174.6,1117.0,322.6,58.1,-2.4,,,,
55.849,6,Atta_6,1233.8,962.9,251.6,-95.0,-7.5,,,,
55.849,7,Atta_7,294.5,2501.0,73.7,-56.2,-0.4,,,,
55.849,8,Atta_8,1095.7,2612.2,16.3,-51.6,4.3,,,,
55.849,9,Atta_9,1848.9,2328.8,96.4,-43.5,-3.0,,,,
55.849,10,Atta_10,204.0,2620.3,166.5,-18.6,1.7,,,,
55.919,1,Atta_1,691.9,2053.8,131.6,88.4,0.9,,,,
55.919,2,Atta_2,1455.1,602.2,307.8,-97.7,2.4,,,,
55.919,3,Atta_3,1464.5,415.2,8.1,-44.1,6.2,,,,
55.919,4,Atta_4,692.5,257.9,253.8,24.1,3.6,,,,
55.919,5,Atta_5,1162.0,1072.2,315.5,46.5,-7.1,,,,
55.919,6,Atta_6,1266.5,957.8,255.2,-33.1,3.6,,,,
55.919,7,Atta_7,276.7,2520.0,72.0,26.0,-1.7,,,,
55.919,8,Atta_8,1100.9,2599.4,10.7,13.8,-5.6,,,,
55.919,9,Atta_9,1821.9,2386.4,89.3,63.6,-7.1,,,,
55.919,10,Atta_10,164.2,2632.6,165.6,41.7,-0.9,,,,
55.985,1,Atta_1,709.4,2009.4,137.4,-47.7,5.8,,,,
55.985,2,Atta_2,1579.7,614.7,308.4,125.2,0.6,,,,
55.985,3,Atta_3,1490.3,435.5,4.3,32.8,-3.8,,,,
55.985,4,Atta_4,677.8,279.4,251.7,-26.0,-2.1,,,,
55.985,5,Atta_5,1139.7,1118.5,311.0,-51.4,-4.5,,,,
55.985,6,Atta_6,1258.1,980.2,253.8,-23.9,-1.4,,,,
55.985,7,Atta_7,324.6,2582.1,73.7,78.4,1.7,,,,
55.985,8,Atta_8,1124.1,2603.4,16.8,23.5,6.1,,,,
55.985,9,Atta_9,1821.6,2345.1,83.3,-41.3,-6.0,,,,
55.985,10,Atta_10,252.8,2645.4,168.1,-89.5,2.5,,,,
56.051,1,Atta_1,718.7,2065.6,139.4,57.0,2.0,,,,
56.051,2,Atta_2,1475.3,651.9,308.5,-110.8,0.1,,,,
56.051,3,Atta_3,1507.6,462.1,9.1,31.7,4.8,,,,
56.051,4,Atta_4,736.1,211.1,251.3,89.8,-0.4,,,,
56.051,5,Atta_5,1146.4,1067.8,309.7,51.1,-1.3,,,,
56.051,6,Atta_6,1242.2,953.4,256.1,31.2,2.3,,,,
56.051,7,Atta_7,302.5,2531.4,69.4,-55.3,-4.3,,,,
56.051,8,Atta_8,1177.4,2593.5,15.1,54.2,-1.7,,,,
56.051,9,Atta_9,1881.0,2363.4,77.4,62.2,-5.9,,,,
56.051,10,Atta_10,238.4,2593.3,159.6,54.1,-8.5,,,,
56.106,1,Atta_1,728.0,2091.6,144.2,27.6,4.8,,,,
56.106,2,Atta_2,1500.7,669.7,306.9,31.0,-1.6,,,,
56.106,3,Atta_3,1509.5,407.2,4.3,-54.9,-4.8,,,,
56.106,4,Atta_4,664.3,223.6,253.7,72.9,2.4,,,,
56.106,5,Atta_5,1186.3,1064.8,300.9,40.0,-8.8,,,,
56.106,6,Atta_6,1223.5,955.3,254.7,18.8,-1.4,,,,
56.106,7,Atta_7,302.0,2542.0,74.7,10.6,5.3,,,,
56.106,8,Atta_8,1172.6,2596.9,13.7,-5.9,-1.4,,,,
56.106,9,Atta_9,1822.5,2358.7,78.8,-58.7,1.4,,,,
56.106,10,Atta_10,233.0,2599.4,161.6,8.1,2.0,,,,
56.156,1,Atta_1,735.6,2043.0,154.0,-49.2,9.8,,,,
56.156,2,Atta_2,1528.7,593.7,310.1,81.0,3.2,,,,
56.156,3,Atta_3,1595.2,453.5,2.1,97.4,-2.2,,,,
56.156,4,Atta_4,679.6,214.3,254.0,17.9,0.3,,,,
56.156,5,Atta_5,1197.1,1081.8,297.9,-20.1,-3.0,,,,
56.156,6,Atta_6,1202.0,918.7,256.4,42.4,1.7,,,,
56.156,7,Atta_7,311.3,2559.2,75.2,19.6,0.5,,,,
56.156,8,Atta_8,1176.4,2590.7,12.5,7.3,-1.2,,,,
56.156,9,Atta_9,1812.9,2279.8,71.5,-79.5,-7.3,,,,
56.156,10,Atta_10,209.4,2593.3,168.7,24.4,7.1,,,,
56.227,1,Atta_1,645.1,2044.4,155.8,90.5,1.8,,,,
56.227,2,Atta_2,1521.9,613.5,305.2,-20.9,-4.9,,,,
56.227,3,Atta_3,1558.2,418.7,4.6,-50.8,2.5,,,,
56.227,4,Atta_4,663.3,210.9,251.3,16.7,-2.7,,,,
56.227,5,Atta_5,1166.2,1129.0,294.5,-56.4,-3.4,,,,
56.227,6,Atta_6,1264.5,1025.7,262.1,-123.9,5.7,,,,
56.227,7,Atta_7,300.5,2570.8,71.7,15.8,-3.5,,,,
56.227,8,Atta_8,1179.9,2632.4,13.7,41.8,1.2,,,,
56.227,9,Atta_9,1813.3,2352.9,61.6,73.1,-9.9,,,,
56.227,10,Atta_10,278.7,2623.7,172.2,-75.7,3.5,,,,
56.297,1,Atta_1,707.0,2046.8,159.8,-61.9,4.0,,,,
56.297,2,Atta_2,1529.5,553.7,306.7,60.3,1.5,,,,
56.297,3,Atta_3,1545.8,398.0,7.7,-24.1,3.1,,,,
56.297,4,Atta_4,665.3,205.8,252.8,5.5,1.5,,,,
56.297,5,Atta_5,1161.4,1079.6,288.5,49.6,-6.0,,,,
56.297,6,Atta_6,1231.5,934.5,264.4,97.0,2.3,,,,
56.297,7,Atta_7,331.0,2633.5,72.9,69.7,1.2,,,,
56.297,8,Atta_8,1207.6,2587.8,10.4,52.5,-3.3,,,,
56.297,9,Atta_9,1855.1,2316.7,63.8,-55.3,2.2,,,,
56.297,10,Atta_10,242.0,2551.3,180.0,81.2,7.8,,,,
56.366,1,Atta_1,677.2,2058.0,163.8,31.8,4.0,,,,
56.366,2,Atta_2,1566.2,567.3,305.5,39.1,-1.2,,,,
56.366,3,Atta_3,1574.1,395.1,4.3,28.4,-3.4,,,,
56.366,4,Atta_4,668.0,131.6,254.4,74.2,1.6,,,,
56.366,5,Atta_5,1176.2,1159.0,283.7,-80.8,-4.8,,,,
56.366,6,Atta_6,1252.1,937.6,270.0,-20.8,5.6,,,,
56.366,7,Atta_7,353.6,2631.8,73.0,22.7,0.1,,,,
56.366,8,Atta_8,1200.8,2606.8,14.5,-20.2,4.1,,,,
56.366,9,Atta_9,1834.9,2298.8,56.5,-27.0,-7.3,,,,
56.366,10,Atta_10,250.8,2628.4,183.2,-77.6,3.2,,,,
56.434,1,Atta_1,714.3,2039.8,165.5,-41.3,1.7,,,,
56.434,2,Atta_2,1617.8,581.3,305.7,53.5,0.2,,,,
56.434,3,Atta_3,1616.9,377.8,3.5,46.2,-0.8,,,,
56.434,4,Atta_4,645.0,168.7,251.7,-43.7,-2.7,,,,
56.434,5,Atta_5,1118.2,1132.8,280.0,63.6,-3.7,,,,
56.434,6,Atta_6,1206.6,943.4,273.9,-45.9,3.9,,,,
56.434,7,Atta_7,337.7,2597.7,73.5,-37.6,0.5,,,,
56.434,8,Atta_8,1241.7,2676.9,11.3,81.2,-3.2,,,,
56.434,9,Atta_9,1854.5,2308.7,49.9,22.0,-6.6,,,,
56.434,10,Atta_10,181.3,2559.5,185.1,97.9,1.9,,,,
56.503,1,Atta_1,724.3,2074.5,174.4,-36.1,8.9,,,,
56.503,2,Atta_2,1560.3,536.1,309.2,73.1,3.5,,,,
56.503,3,Atta_3,1618.8,349.5,5.6,28.4,2.1,,,,
56.503,4,Atta_4,703.1,147.2,254.6,62.0,2.9,,,,
56.503,5,Atta_5,1191.0,1141.6,277.6,73.3,-2.4,,,,
56.503,6,Atta_6,1285.5,958.4,273.4,-80.3,-0.5,,,,
56.503,7,Atta_7,400.9,2619.4,71.7,66.8,-1.8,,,,
56.503,8,Atta_8,1195.3,2613.6,14.4,-78.5,3.1,,,,
56.503,9,Atta_9,1818.4,2346.5,48.9,52.3,-1.0,,,,
56.503,10,Atta_10,272.1,2663.9,192.1,-138.4,7.0,,,,
56.572,1,Atta_1,661.4,2060.9,176.3,64.4,1.9,,,,
56.572,2,Atta_2,1572.5,537.8,308.8,12.3,-0.4,,,,
56.572,3,Atta_3,1561.2,380.9,2.5,-65.6,-3.1,,,,
56.572,4,Atta_4,638.4,142.6,252.2,64.9,-2.4,,,,
56.572,5,Atta_5,1200.8,1143.6,270.8,-10.0,-6.8,,,,
56.572,6,Atta_6,1234.5,928.7,284.5,59.0,11.1,,,,
56.572,7,Atta_7,343.1,2632.0,75.2,-59.2,3.5,,,,
56.572,8,Atta_8,1243.9,2580.7,14.4,58.7,0.0,,,,
56.572,9,Atta_9,1806.9,2314.4,45.6,-34.1,-3.3,,,,
56.572,10,Atta_10,196.7,2587.6,197.0,107.3,4.9,,,,
56.638,1,Atta_1,690.5,1985.1,176.9,-81.2,0.6,,,,
56.638,2,Atta_2,1594.2,517.9,311.8,29.4,3.0,,,,
56.638,3,Atta_3,1609.3,369.1,8.9,49.5,6.4,,,,
56.638,4,Atta_4,632.1,113.8,255.3,29.5,3.1,,,,
56.638,5,Atta_5,1153.5,1163.4,267.6,-51.3,-3.2,,,,
56.638,6,Atta_6,1256.5,962.4,289.3,-40.2,4.8,,,,
56.638,7,Atta_7,363.5,2647.5,74.6,25.6,-0.6,,,,
56.638,8,Atta_8,1187.5,2652.7,17.6,-91.5,3.2,,,,
56.638,9,Atta_9,1832.7,2371.7,41.7,62.8,-3.9,,,,
56.638,10,Atta_10,158.0,2628.6,199.4,56.4,2.4,,,,
56.693,1,Atta_1,728.3,2025.4,186.3,-55.3,9.4,,,,
56.693,2,Atta_2,1546.4,561.4,311.2,-64.6,-0.6,,,,
56.693,3,Atta_3,1505.5,407.3,6.6,-110.6,-2.3,,,,
56.693,4,Atta_4,656.4,189.8,252.9,-79.8,-2.4,,,,
56.693,5,Atta_5,1121.5,1085.1,262.3,84.6,-5.3,,,,
56.693,6,Atta_6,1238.1,977.9,295.2,-24.1,5.9,,,,
56.693,7,Atta_7,336.5,2626.8,73.6,-34.0,-1.0,,,,
56.693,8,Atta_8,1293.9,2608.7,13.2,115.1,-4.4,,,,
56.693,9,Atta_9,1844.0,2365.1,35.6,13.1,-6.1,,,,
56.693,10,Atta_10,234.4,2587.4,204.0,-86.8,4.6,,,,
56.762,1,Atta_1,718.1,2044.8,188.9,21.9,2.6,,,,
56.762,2,Atta_2,1580.2,622.5,312.8,-69.8,1.6,,,,
56.762,3,Atta_3,1551.1,394.0,2.3,47.5,-4.3,,,,
56.762,4,Atta_4,658.3,82.7,250.4,107.1,-2.5,,,,
56.762,5,Atta_5,1099.8,1168.1,253.0,-85.8,-9.3,,,,
56.762,6,Atta_6,1242.9,942.6,297.3,35.6,2.1,,,,
56.762,7,Atta_7,351.2,2703.9,72.6,78.5,-1.0,,,,
56.762,8,Atta_8,1287.5,2678.5,17.1,70.1,3.9,,,,
56.762,9,Atta_9,1862.6,2406.7,36.4,45.6,0.8,,,,
56.762,10,Atta_10,140.4,2659.3,208.3,118.3,4.3,,,,
56.831,1,Atta_1,689.8,2090.0,186.3,53.3,-2.6,,,,
56.831,2,Atta_2,1574.2,607.8,310.8,15.9,-2.0,,,,
56.831,3,Atta_3,1552.7,403.4,4.3,9.5,2.0,,,,
56.831,4,Atta_4,632.1,120.5,254.1,-46.0,3.7,,,,
56.831,5,Atta_5,1200.2,1043.1,258.2,160.3,5.2,,,,
56.831,6,Atta_6,1271.6,988.2,299.3,-53.9,2.0,,,,
56.831,7,Atta_7,338.1,2695.2,74.0,-15.7,1.4,,,,
56.831,8,Atta_8,1244.0,2672.6,17.1,-43.9,0.0,,,,
56.831,9,Atta_9,1886.2,2310.2,38.8,-99.3,2.4,,,,
56.831,10,Atta_10,229.3,2553.0,212.1,-138.6,3.8,,,,
56.9,1,Atta_1,688.5,2015.7,187.6,74.3,1.3,,,,
56.9,2,Atta_2,1547.4,590.8,307.9,-31.7,-2.9,,,,
56.9,3,Atta_3,1558.5,379.0,5.9,25.1,1.6,,,,
56.9,4,Atta_4,666.0,145.9,251.4,-42.4,-2.7,,,,
56.9,5,Atta_5,1164.3,1109.0,254.3,-75.0,-3.9,,,,
56.9,6,Atta_6,1218.4,980.3,296.8,-53.8,-2.5,,,,
56.9,7,Atta_7,363.6,2644.3,72.8,-56.9,-1.2,,,,
56.9,8,Atta_8,1193.2,2610.3,13.6,-80.4,-3.5,,,,
56.9,9,Atta_9,1839.8,2303.2,39.0,-46.9,0.2,,,,
56.9,10,Atta_10,212.4,2601.6,216.8,-51.5,4.7,,,,
56.966,1,Atta_1,725.3,2116.2,185.0,-107.0,-2.6,,,,
56.966,2,Atta_2,1521.6,635.7,309.4,-51.8,1.5,,,,
56.966,3,Atta_3,1503.8,407.8,4.1,-61.8,-1.8,,,,
56.966,4,Atta_4,656.7,110.1,247.2,37.0,-4.2,,,,
56.966,5,Atta_5,1134.8,1039.7,257.8,75.3,3.5,,,,
56.966,6,Atta_6,1267.1,946.6,295.1,59.2,-1.7,,,,
56.966,7,Atta_7,333.8,2705.0,70.2,67.6,-2.6,,,,
56.966,8,Atta_8,1287.2,2622.3,12.9,94.8,-0.7,,,,
56.966,9,Atta_9,1871.4,2373.5,38.5,77.1,-0.5,,,,
56.966,10,Atta_10,258.2,2638.0,220.5,-58.5,3.7,,,,
57.082,1,Atta_1,728.5,2043.9,187.1,72.4,2.1,,,,
57.082,2,Atta_2,1541.2,611.8,310.0,30.9,0.6,,,,
57.082,3,Atta_3,1558.2,403.4,5.8,54.6,1.7,,,,
57.082,4,Atta_4,639.2,127.5,251.7,-24.7,4.5,,,,
57.082,5,Atta_5,1195.2,1109.6,257.4,-92.4,-0.4,,,,
57.082,6,Atta_6,1211.8,971.9,302.0,-60.8,6.9,,,,
57.082,7,Atta_7,347.6,2708.5,66.6,14.2,-3.6,,,,
57.082,8,Atta_8,1311.5,2610.3,15.8,27.1,2.9,,,,
57.082,9,Atta_9,1840.1,2332.4,37.0,-51.7,-1.5,,,,
57.082,10,Atta_10,199.4,2586.3,227.9,78.3,7.4,,,,
57.136,1,Atta_1,637.0,2010.8,188.9,97.3,1.8,,,,
57.136,2,Atta_2,1502.5,650.2,312.1,-54.5,2.1,,,,
57.136,3,Atta_3,1502.4,373.7,1.1,-63.2,-4.7,,,,
57.136,4,Atta_4,632.5,120.7,248.2,9.5,-3.5,,,,
57.136,5,Atta_5,1139.8,1081.8,252.4,62.0,-5.0,,,,
57.136,6,Atta_6,1279.7,940.1,298.1,75.0,-3.9,,,,
57.136,7,Atta_7,333.7,2638.2,70.0,-71.7,3.4,,,,
57.136,8,Atta_8,1337.4,2621.1,13.0,28.1,-2.8,,,,
57.136,9,Atta_9,1861.0,2355.5,36.7,31.2,-0.3,,,,
57.136,10,Atta_10,199.7,2615.1,231.0,-28.8,3.1,,,,
57.202,1,Atta_1,689.6,2108.4,197.5,-110.9,8.6,,,,
57.202,2,Atta_2,1489.1,612.6,313.5,39.9,1.4,,,,
57.202,3,Atta_3,1517.9,332.2,3.7,44.3,2.6,,,,
57.202,4,Atta_4,666.7,130.1,249.2,-35.5,1.0,,,,
57.202,5,Atta_5,1192.3,1153.1,260.7,-88.5,8.3,,,,
57.202,6,Atta_6,1300.5,960.4,295.8,-29.1,-2.3,,,,
57.202,7,Atta_7,296.9,2607.8,68.6,-47.7,-1.4,,,,
57.202,8,Atta_8,1341.1,2663.4,14.7,42.5,1.7,,,,
57.202,9,Atta_9,1890.5,2398.1,37.9,51.8,1.2,,,,
57.202,10,Atta_10,212.0,2591.1,238.5,27.0,7.5,,,,
57.27,1,Atta_1,706.4,2042.5,200.9,68.0,3.4,,,,
57.27,2,Atta_2,1508.4,664.3,310.1,-55.2,-3.4,,,,
57.27,3,Atta_3,1471.7,421.8,2.9,-100.8,-0.8,,,,
57.27,4,Atta_4,664.1,135.1,248.4,-5.6,-0.8,,,,
57.27,5,Atta_5,1204.4,1110.3,262.3,44.5,1.6,,,,
57.27,6,Atta_6,1245.9,945.5,294.5,-56.6,-1.3,,,,
57.27,7,Atta_7,318.8,2611.4,70.3,22.2,1.7,,,,
57.27,8,Atta_8,1333.9,2688.0,15.4,-25.6,0.7,,,,
57.27,9,Atta_9,1860.1,2374.0,40.2,-38.8,2.3,,,,
57.27,10,Atta_10,191.7,2629.3,241.2,-43.3,2.7,,,,
57.336,1,Atta_1,750.7,2052.1,204.9,-45.3,4.0,,,,
57.336,2,Atta_2,1492.1,636.4,308.5,32.3,-1.6,,,,
57.336,3,Atta_3,1510.4,376.0,6.0,60.0,3.1,,,,
57.336,4,Atta_4,681.9,133.2,249.0,-17.9,0.6,,,,
57.336,6,Atta_6,1306.1,951.0,294.8,60.5,0.3,,,,
57.336,7,Atta_7,327.8,2618.2,67.3,11.3,-3.0,,,,
57.336,8,Atta_8,1379.0,2609.4,18.1,90.6,2.7,,,,
57.336,9,Atta_9,1910.9,2343.1,38.4,59.5,-1.8,,,,
57.336,10,Atta_10,199.5,2611.5,240.8,19.4,-0.4,,,,
57.405,1,Atta_1,727.9,2024.4,206.4,35.9,1.5,,,,
57.405,2,Atta_2,1492.0,676.1,312.4,-39.7,3.9,,,,
57.405,3,Atta_3,1490.4,407.5,5.4,-37.3,-0.6,,,,
57.405,4,Atta_4,664.5,125.9,249.0,18.9,0.0,,,,
57.405,5,Atta_5,1224.1,1129.4,270.7,-27.4,8.4,,,,
57.405,6,Atta_6,1285.1,922.3,300.2,35.6,5.4,,,,
57.405,7,Atta_7,373.0,2580.6,68.0,-58.8,0.7,,,,
57.405,8,Atta_8,1452.3,2647.7,18.7,82.7,0.6,,,,
57.405,9,Atta_9,1924.7,2384.4,38.2,43.5,-0.2,,,,
57.405,10,Atta_10,223.6,2642.4,248.1,-39.2,7.3,,,,
57.474,1,Atta_1,705.8,2100.0,214.6,-78.8,8.2,,,,
57.474,2,Atta_2,1497.7,685.7,316.3,-11.2,3.9,,,,
57.474,3,Atta_3,1485.8,323.2,10.3,-84.4,4.9,,,,
57.474,4,Atta_4,704.3,168.0,246.8,-57.9,-2.2,,,,
57.474,5,Atta_5,1219.9,1090.0,273.5,39.6,2.8,,,,
57.474,6,Atta_6,1328.4,904.0,298.4,47.0,-1.8,,,,
57.474,7,Atta_7,363.7,2624.9,64.8,45.3,-3.2,,,,
57.474,8,Atta_8,1375.3,2629.1,16.6,-79.2,-2.1,,,,
57.474,9,Atta_9,1904.1,2392.5,37.7,-22.1,-0.5,,,,
57.474,10,Atta_10,247.1,2637.6,255.5,-24.0,7.4,,,,
57.535,1,Atta_1,690.3,2039.9,218.6,62.1,4.0,,,,
57.535,2,Atta_2,1575.3,720.1,320.7,84.9,4.4,,,,
57.535,3,Atta_3,1416.7,399.1,10.4,-102.6,0.1,,,,
57.535,4,Atta_4,658.6,192.8,243.7,-52.0,-3.1,,,,
57.535,5,Atta_5,1156.2,1062.5,279.2,69.4,5.7,,,,
57.535,6,Atta_6,1297.8,943.8,294.6,-50.2,-3.8,,,,
57.535,7,Atta_7,280.0,2655.4,55.3,-89.1,-9.5,,,,
57.535,8,Atta_8,1392.0,2663.3,14.6,38.1,-2.0,,,,
57.535,9,Atta_9,1965.3,2416.8,37.6,65.8,-0.1,,,,
57.535,10,Atta_10,228.4,2633.3,258.7,19.2,3.2,,,,
57.608,1,Atta_1,708.8,2010.3,223.4,34.9,4.8,,,,
57.608,2,Atta_2,1436.0,704.4,326.4,-140.2,5.7,,,,
57.608,3,Atta_3,1415.9,386.3,22.2,-12.8,11.8,,,,
57.608,4,Atta_4,730.0,115.3,236.6,105.4,-7.1,,,,
57.608,5,Atta_5,1194.7,1133.9,285.8,-81.1,6.6,,,,
57.608,6,Atta_6,1354.6,909.9,296.0,66.1,1.4,,,,
57.608,7,Atta_7,365.2,2594.3,54.4,-104.8,-0.9,,,,
57.608,8,Atta_8,1363.9,2644.4,14.3,-33.9,-0.3,,,,
57.608,9,Atta_9,1894.9,2403.2,37.2,-71.7,-0.4,,,,
57.608,10,Atta_10,184.7,2576.6,257.1,71.6,-1.6,,,,
57.66,1,Atta_1,685.8,2034.5,227.0,33.4,3.6,,,,
57.66,2,Atta_2,1519.8,614.9,325.8,122.6,-0.6,,,,
57.66,3,Atta_3,1491.3,380.6,27.6,75.6,5.4,,,,
57.66,4,Atta_4,715.8,185.1,232.4,-71.2,-4.2,,,,
57.66,5,Atta_5,1179.0,1080.1,293.4,56.0,7.6,,,,
57.66,6,Atta_6,1290.2,895.1,299.5,-66.1,3.5,,,,
57.66,7,Atta_7,317.9,2642.4,51.4,67.5,-3.0,,,,
57.66,8,Atta_8,1415.4,2706.5,13.9,80.7,-0.4,,,,
57.66,9,Atta_9,1923.0,2398.8,35.9,28.4,-1.3,,,,
57.66,10,Atta_10,179.3,2656.3,258.7,-79.9,1.6,,,,
57.729,1,Atta_1,745.8,2089.0,232.3,-81.1,5.3,,,,
57.729,2,Atta_2,1491.2,692.8,331.6,-83.0,5.8,,,,
57.729,3,Atta_3,1412.2,363.3,28.5,-81.0,0.9,,,,
57.729,4,Atta_4,641.3,121.0,232.2,98.3,-0.2,,,,
57.729,5,Atta_5,1248.2,1085.9,296.9,69.4,3.5,,,,
57.729,6,Atta_6,1278.4,882.4,296.4,17.3,-3.1,,,,
57.729,7,Atta_7,300.7,2619.0,46.4,-29.0,-5.0,,,,
57.729,8,Atta_8,1427.6,2669.3,14.8,39.1,0.9,,,,
57.729,9,Atta_9,1931.2,2406.6,40.2,11.3,4.3,,,,
57.729,10,Atta_10,264.9,2605.0,256.1,99.8,-2.6,,,,
57.795,1,Atta_1,758.0,2038.8,238.2,51.7,5.9,,,,
57.795,2,Atta_2,1497.9,667.8,337.5,25.9,5.9,,,,
57.795,3,Atta_3,1475.2,376.1,32.9,64.3,4.4,,,,
57.795,4,Atta_4,633.0,165.6,225.4,-45.4,-6.8,,,,
57.795,5,Atta_5,1194.4,1081.6,297.3,-54.0,0.4,,,,
57.795,6,Atta_6,1269.6,882.8,298.0,-8.8,1.6,,,,
57.795,7,Atta_7,351.4,2620.5,40.1,50.7,-6.3,,,,
57.795,8,Atta_8,1413.9,2751.9,13.9,83.7,-0.9,,,,
57.795,9,Atta_9,2045.1,2465.9,37.6,128.4,-2.6,,,,
57.795,10,Atta_10,265.8,2647.0,255.5,-42.0,-0.6,,,,
57.864,1,Atta_1,721.2,2066.0,237.9,-45.8,-0.3,,,,
57.864,2,Atta_2,1448.0,703.3,342.1,-61.2,4.6,,,,
57.864,3,Atta_3,1473.2,416.2,39.7,40.1,6.8,,,,
57.864,4,Atta_4,659.2,210.9,221.6,-52.3,-3.8,,,,
57.864,5,Atta_5,1096.3,1075.1,300.0,-98.3,2.7,,,,
57.864,6,Atta_6,1283.6,857.4,298.1,29.0,0.1,,,,
57.864,7,Atta_7,368.5,2658.7,34.2,41.9,-5.9,,,,
57.864,8,Atta_8,1428.0,2659.1,15.5,-93.9,1.6,,,,
57.864,9,Atta_9,1917.1,2422.0,40.6,-135.3,3.0,,,,
57.864,10,Atta_10,217.4,2569.7,257.6,91.2,2.1,,,,
57.984,1,Atta_1,779.8,2061.1,246.6,-58.8,8.7,,,,
57.984,2,Atta_2,1443.2,662.9,346.0,40.7,3.9,,,,
57.984,3,Atta_3,1491.3,383.9,41.4,-37.0,1.7,,,,
57.984,4,Atta_4,662.0,205.6,214.8,6.0,-6.8,,,,
57.984,5,Atta_5,1149.3,1169.4,302.0,-108.2,2.0,,,,
57.984,6,Atta_6,1312.8,854.9,295.0,29.3,-3.1,,,,
57.984,7,Atta_7,353.6,2584.1,34.6,-76.1,0.4,,,,
57.984,8,Atta_8,1454.8,2651.9,16.4,27.8,0.9,,,,
57.984,9,Atta_9,1940.4,2457.5,41.1,42.5,0.5,,,,
57.984,10,Atta_10,226.8,2641.7,255.1,-72.6,-2.5,,,,
58.053,1,Atta_1,626.2,2058.9,256.8,153.6,10.2,,,,
58.053,2,Atta_2,1502.7,712.0,357.5,77.1,11.5,,,,
58.053,3,Atta_3,1420.7,412.9,48.1,-76.3,6.7,,,,
58.053,4,Atta_4,691.7,201.0,207.2,-30.1,-7.6,,,,
58.053,5,Atta_5,1171.5,1135.9,317.1,40.2,15.1,,,,
58.053,6,Atta_6,1325.7,814.0,298.1,42.9,3.1,,,,
58.053,7,Atta_7,267.0,2556.3,18.7,-91.0,-15.9,,,,
58.053,8,Atta_8,1436.1,2684.3,15.7,-37.4,-0.7,,,,
58.053,9,Atta_9,1951.3,2403.8,40.4,-54.8,-0.7,,,,
58.053,10,Atta_10,214.1,2586.8,254.3,56.3,-0.8,,,,
58.12,1,Atta_1,723.6,2084.0,255.1,-100.6,-1.7,,,,
58.12,2,Atta_2,1526.2,702.4,357.6,25.4,0.1,,,,
58.12,3,Atta_3,1473.3,416.3,50.5,52.7,2.4,,,,
58.12,4,Atta_4,682.1,160.6,206.3,41.5,-0.9,,,,
58.12,5,Atta_5,1174.4,1149.0,320.6,-13.4,3.5,,,,
58.12,6,Atta_6,1352.9,755.3,293.1,64.7,-5.0,,,,
58.12,7,Atta_7,364.0,2647.8,17.9,133.3,-0.8,,,,
58.12,8,Atta_8,1485.5,2665.2,15.1,53.0,-0.6,,,,
58.12,9,Atta_9,1859.7,2373.5,42.4,-96.5,2.0,,,,
58.12,10,Atta_10,260.8,2546.6,256.8,61.6,2.5,,,,
58.252,1,Atta_1,702.1,2064.7,260.7,28.9,5.6,,,,
58.252,2,Atta_2,1513.4,659.8,7.3,-44.5,9.7,,,,
58.252,3,Atta_3,1400.6,422.5,57.2,-73.0,6.7,,,,
58.252,4,Atta_4,700.0,179.8,195.4,-26.2,-10.9,,,,
58.252,5,Atta_5,1189.9,1129.8,331.0,24.7,10.4,,,,
58.252,7,Atta_7,319.4,2602.6,13.8,-63.5,-4.1,,,,
58.252,8,Atta_8,1467.0,2748.1,17.3,84.9,2.2,,,,
58.252,9,Atta_9,1882.5,2392.5,41.5,29.7,-0.9,,,,
58.252,10,Atta_10,211.3,2545.3,259.2,49.5,2.4,,,,
58.318,1,Atta_1,718.3,2029.7,272.4,38.6,11.7,,,,
58.318,2,Atta_2,1418.5,683.1,13.7,-97.7,6.4,,,,
58.318,3,Atta_3,1492.3,446.5,66.5,94.8,9.3,,,,
58.318,4,Atta_4,654.5,146.0,194.3,56.7,-1.1,,,,
58.318,5,Atta_5,1124.1,1149.8,331.5,-68.8,0.5,,,,
58.318,6,Atta_6,1333.2,776.6,299.3,-29.0,6.2,,,,
58.318,7,Atta_7,356.2,2626.6,13.7,43.9,-0.1,,,,
58.318,8,Atta_8,1545.0,2775.9,13.2,82.8,-4.1,,,,
58.318,9,Atta_9,1947.6,2368.8,39.9,69.3,-1.6,,,,
58.318,10,Atta_10,186.1,2494.7,257.8,56.5,-1.4,,,,
58.387,1,Atta_1,667.0,2063.1,276.5,-61.2,4.1,,,,
58.387,2,Atta_2,1553.1,663.7,16.8,136.0,3.1,,,,
58.387,3,Atta_3,1419.2,381.2,72.7,-98.0,6.2,,,,
58.387,4,Atta_4,685.8,206.3,193.8,-67.9,-0.5,,,,
58.387,5,Atta_5,1154.5,1099.2,338.4,59.0,6.9,,,,
58.387,6,Atta_6,1353.4,750.8,294.2,32.8,-5.1,,,,
58.387,7,Atta_7,338.1,2650.7,6.9,-30.1,-6.8,,,,
58.387,8,Atta_8,1563.7,2701.9,15.4,76.3,2.2,,,,
58.387,9,Atta_9,1919.2,2411.6,35.5,51.4,-4.4,,,,
58.387,10,Atta_10,210.5,2566.0,256.8,-75.4,-1.0,,,,
58.524,1,Atta_1,664.6,2033.6,276.0,29.6,-0.5,,,,
58.524,2,Atta_2,1500.1,676.8,23.1,-54.6,6.3,,,,
58.524,3,Atta_3,1430.2,423.3,74.3,43.5,1.6,,,,
58.524,4,Atta_4,664.4,139.0,193.0,70.6,-0.8,,,,
58.524,5,Atta_5,1140.7,1118.5,343.8,-23.7,5.4,,,,
58.524,6,Atta_6,1343.3,764.0,295.0,-16.6,0.8,,,,
58.524,7,Atta_7,385.0,2687.0,12.7,59.3,5.8,,,,
58.524,8,Atta_8,1521.8,2756.6,14.8,-68.9,-0.6,,,,
58.524,9,Atta_9,1885.0,2381.2,27.2,-45.8,-8.3,,,,
58.524,10,Atta_10,229.6,2545.9,258.6,27.7,1.8,,,,
58.575,1,Atta_1,668.6,2075.4,276.7,-42.0,0.7,,,,
58.575,2,Atta_2,1437.2,632.4,28.4,-77.0,5.3,,,,
58.575,3,Atta_3,1460.5,410.5,81.8,-32.9,7.5,,,,
58.575,4,Atta_4,696.7,155.4,193.2,-36.2,0.2,,,,
58.575,5,Atta_5,1224.7,1082.7,346.1,91.3,2.3,,,,
58.575,6,Atta_6,1310.0,770.7,298.7,-34.0,3.7,,,,
58.575,7,Atta_7,362.7,2580.0,13.8,-109.3,1.1,,,,
58.575,8,Atta_8,1539.2,2712.9,13.0,47.0,-1.8,,,,
58.575,9,Atta_9,1872.3,2384.7,24.4,-13.2,-2.8,,,,
58.575,10,Atta_10,186.8,2482.3,262.0,76.7,3.4,,,,
58.645,1,Atta_1,679.3,2061.1,276.9,17.9,0.2,,,,
58.645,2,Atta_2,1475.2,679.0,34.7,60.1,6.3,,,,
58.645,3,Atta_3,1430.1,395.9,82.7,-33.7,0.9,,,,
58.645,4,Atta_4,693.6,254.1,194.9,-98.7,1.7,,,,
58.645,5,Atta_5,1176.8,1057.9,354.8,-53.9,8.7,,,,
58.645,6,Atta_6,1361.1,764.7,304.3,51.5,5.6,,,,
58.645,7,Atta_7,304.5,2659.5,10.0,-98.5,-3.8,,,,
58.645,8,Atta_8,1606.0,2772.5,15.0,89.5,2.0,,,,
58.645,9,Atta_9,1925.1,2346.0,20.8,65.5,-3.6,,,,
58.645,10,Atta_10,181.6,2500.2,259.0,-18.6,-3.0,,,,
58.695,1,Atta_1,685.3,2076.0,276.8,-16.1,-0.1,,,,
58.695,2,Atta_2,1490.5,667.2,37.3,19.3,2.6,,,,
58.695,3,Atta_3,1450.6,455.6,90.1,63.1,7.4,,,,
58.695,4,Atta_4,675.2,203.6,194.6,53.7,-0.3,,,,
58.695,5,Atta_5,1210.2,1118.7,355.4,69.4,0.6,,,,
58.695,6,Atta_6,1337.2,751.6,302.3,-27.3,-2.0,,,,
58.695,7,Atta_7,329.5,2656.1,12.4,25.2,2.4,,,,
58.695,8,Atta_8,1518.2,2695.5,14.2,-116.8,-0.8,,,,
58.695,9,Atta_9,1898.2,2368.4,17.0,-35.0,-3.8,,,,
58.695,10,Atta_10,162.6,2445.0,255.1,58.4,-3.9,,,,
58.764,1,Atta_1,696.9,2047.5,275.6,30.8,-1.2,,,,
58.764,2,Atta_2,1466.7,702.9,39.5,42.9,2.2,,,,
58.764,3,Atta_3,1429.7,419.6,95.0,-41.6,4.9,,,,
58.764,4,Atta_4,638.1,163.8,190.7,54.4,-3.9,,,,
58.764,5,Atta_5,1122.0,1086.8,0.7,-93.8,5.3,,,,
58.764,6,Atta_6,1366.4,739.6,300.4,31.6,-1.9,,,,
58.764,7,Atta_7,349.8,2684.5,11.3,34.9,-1.1,,,,
58.764,8,Atta_8,1606.8,2767.8,16.3,114.4,2.1,,,,
58.764,9,Atta_9,1893.3,2316.4,13.4,-52.2,-3.6,,,,
58.764,10,Atta_10,209.0,2473.1,259.6,-54.2,4.5,,,,
58.833,1,Atta_1,670.2,2077.8,273.7,-40.4,-1.9,,,,
58.833,2,Atta_2,1465.9,653.0,43.7,-49.9,4.2,,,,
58.833,3,Atta_3,1452.5,418.3,97.8,-22.8,2.8,,,,
58.833,4,Atta_4,692.1,184.4,197.6,-57.8,6.9,,,,
58.833,5,Atta_5,1171.2,1135.2,5.9,69.0,5.2,,,,
58.833,6,Atta_6,1378.9,770.7,295.9,-33.5,-4.5,,,,
58.833,7,Atta_7,409.3,2655.4,13.0,66.2,1.7,,,,
58.833,8,Atta_8,1586.4,2793.4,18.5,-32.7,2.2,,,,
58.833,9,Atta_9,1874.4,2365.4,4.6,-52.5,-8.8,,,,
58.833,10,Atta_10,180.6,2444.9,255.1,40.0,-4.5,,,,
58.898,1,Atta_1,709.8,2020.6,277.5,69.6,3.8,,,,
58.898,2,Atta_2,1454.2,692.7,45.3,41.4,1.6,,,,
58.898,3,Atta_3,1432.5,409.6,96.3,-21.8,-1.5,,,,
58.898,4,Atta_4,617.2,169.5,187.8,76.4,-9.8,,,,
58.898,5,Atta_5,1193.8,1141.2,8.5,23.4,2.6,,,,
58.898,6,Atta_6,1333.5,796.9,302.6,-52.4,6.7,,,,
58.898,7,Atta_7,390.4,2606.5,14.0,-52.4,1.0,,,,
58.898,8,Atta_8,1597.0,2683.1,20.6,-110.8,2.1,,,,
58.898,9,Atta_9,1922.4,2411.7,2.6,66.7,-2.0,,,,
58.898,10,Atta_10,175.9,2402.7,255.3,42.5,0.2,,,,
58.968,1,Atta_1,687.2,1993.3,275.3,35.4,-2.2,,,,
58.968,2,Atta_2,1517.4,661.6,45.3,70.4,0.0,,,,
58.968,3,Atta_3,1438.5,417.6,98.6,10.0,2.3,,,,
58.968,4,Atta_4,629.7,155.8,191.5,-18.5,3.7,,,,
58.968,5,Atta_5,1163.0,1082.3,11.6,-66.5,3.1,,,,
58.968,6,Atta_6,1271.1,794.2,302.1,-62.5,-0.5,,,,
58.968,7,Atta_7,406.1,2614.1,11.7,17.4,-2.3,,,,
58.968,8,Atta_8,1519.7,2742.0,20.2,-97.2,-0.4,,,,
58.968,9,Atta_9,1903.9,2403.2,355.4,-20.4,-7.2,,,,
58.968,10,Atta_10,178.9,2419.1,255.3,-16.7,0.0,,,,
59.035,1,Atta_1,757.9,1979.0,274.6,72.1,-0.7,,,,
59.035,2,Atta_2,1502.4,650.9,42.0,-18.4,-3.3,,,,
59.035,3,Atta_3,1465.5,385.3,99.9,-42.1,1.3,,,,
59.035,4,Atta_4,617.2,114.4,191.8,43.2,0.3,,,,
59.035,5,Atta_5,1116.2,1083.4,19.7,-46.8,8.1,,,,
59.035,6,Atta_6,1307.9,783.6,300.3,38.3,-1.8,,,,
59.035,7,Atta_7,375.2,2654.7,11.7,-51.0,0.0,,,,
59.035,8,Atta_8,1593.5,2689.7,20.8,90.5,0.6,,,,
59.035,9,Atta_9,1960.7,2432.4,353.2,63.9,-2.2,,,,
59.035,10,Atta_10,150.3,2409.8,260.4,30.1,5.1,,,,
59.088,1,Atta_1,732.5,1948.9,275.4,39.4,0.8,,,,
59.088,2,Atta_2,1458.8,658.8,44.8,-44.3,2.8,,,,
59.088,3,Atta_3,1421.9,377.9,98.6,44.2,-1.3,,,,
59.088,4,Atta_4,675.6,129.9,192.1,-60.4,0.3,,,,
59.088,5,Atta_5,1161.6,1123.4,23.9,60.5,4.2,,,,
59.088,6,Atta_6,1291.2,867.8,299.1,-85.8,-1.2,,,,
59.088,7,Atta_7,455.5,2605.3,13.9,94.3,2.2,,,,
59.088,8,Atta_8,1555.6,2661.1,20.8,-47.5,0.0,,,,
59.088,9,Atta_9,1894.3,2411.2,350.3,-69.7,-2.9,,,,
59.088,10,Atta_10,137.0,2390.6,255.0,23.4,-5.4,,,,
59.158,1,Atta_1,782.7,1957.8,277.9,-51.0,2.5,,,,
59.158,2,Atta_2,1527.9,627.1,42.4,76.0,-2.4,,,,
59.158,3,Atta_3,1439.4,369.2,95.1,-19.5,-3.5,,,,
59.158,4,Atta_4,556.9,198.5,188.5,137.1,-3.6,,,,
59.158,5,Atta_5,1127.9,1072.1,28.5,-61.4,4.6,,,,
59.158,6,Atta_6,1313.4,799.1,290.8,72.2,-8.3,,,,
59.158,7,Atta_7,433.4,2696.4,11.4,93.7,-2.5,,,,
59.158,8,Atta_8,1596.5,2746.6,24.3,94.8,3.5,,,,
59.158,9,Atta_9,1822.7,2411.3,342.4,-71.6,-7.9,,,,
59.158,10,Atta_10,158.3,2394.7,258.9,-21.7,3.9,,,,
59.227,1,Atta_1,725.9,1960.3,274.2,-56.9,-3.7,,,,
59.227,2,Atta_2,1519.7,644.4,45.0,19.1,2.6,,,,
59.227,3,Atta_3,1451.9,380.0,98.3,16.5,3.2,,,,
59.227,4,Atta_4,588.9,185.4,190.6,-34.6,2.1,,,,
59.227,5,Atta_5,1164.6,1062.5,34.8,37.9,6.3,,,,
59.227,6,Atta_6,1329.5,821.0,285.5,-27.2,-5.3,,,,
59.227,7,Atta_7,448.6,2655.8,12.9,43.4,1.5,,,,
59.227,8,Atta_8,1544.4,2662.2,21.1,-99.2,-3.2,,,,
59.227,9,Atta_9,1881.6,2340.1,337.6,92.4,-4.8,,,,
59.227,10,Atta_10,143.0,2356.9,257.4,40.8,-1.5,,,,
59.295,1,Atta_1,724.6,1911.9,273.6,48.4,-0.6,,,,
59.295,2,Atta_2,1459.7,677.8,40.9,-68.7,-4.1,,,,
59.295,3,Atta_3,1437.3,435.0,96.0,56.9,-2.3,,,,
59.295,4,Atta_4,572.2,149.7,192.2,39.4,1.6,,,,
59.295,5,Atta_5,1141.2,1082.7,40.0,-30.9,5.2,,,,
59.295,6,Atta_6,1313.4,807.2,286.5,21.2,1.0,,,,
59.295,7,Atta_7,434.1,2639.6,16.1,-21.7,3.2,,,,
59.295,8,Atta_8,1543.2,2697.4,15.5,35.2,-5.6,,,,
59.295,9,Atta_9,1880.1,2374.7,343.4,-34.6,5.8,,,,
59.295,10,Atta_10,190.5,2362.0,254.3,-47.8,-3.1,,,,
59.358,1,Atta_1,695.1,1964.8,275.8,-60.6,2.2,,,,
59.358,2,Atta_2,1512.2,710.0,41.0,61.6,0.1,,,,
59.358,3,Atta_3,1497.3,439.5,100.2,-60.2,4.2,,,,
59.358,4,Atta_4,547.5,133.5,193.1,29.5,0.9,,,,
59.358,5,Atta_5,1108.6,1171.2,42.6,94.3,2.6,,,,
59.358,6,Atta_6,1338.5,824.4,283.7,-30.4,-2.8,,,,
59.358,7,Atta_7,422.6,2641.5,16.6,-11.7,0.5,,,,
59.358,8,Atta_8,1554.2,2670.2,20.3,29.3,4.8,,,,
59.358,9,Atta_9,1886.5,2450.2,342.3,-75.8,-1.1,,,,
59.358,10,Atta_10,147.2,2359.9,259.8,43.4,5.5,,,,
59.427,1,Atta_1,754.3,1953.6,273.7,60.3,-2.1,,,,
59.427,2,Atta_2,1519.8,735.6,43.5,26.7,2.5,,,,
59.427,3,Atta_3,1477.9,415.0,96.8,-31.3,-3.4,,,,
59.427,4,Atta_4,588.2,192.9,198.8,-72.0,5.7,,,,
59.427,5,Atta_5,1224.0,1121.1,48.4,125.8,5.8,,,,
59.427,6,Atta_6,1359.4,799.8,279.4,32.3,-4.3,,,,
59.427,7,Atta_7,426.6,2695.9,22.3,54.5,5.7,,,,
59.427,8,Atta_8,1534.7,2699.3,30.4,-35.0,10.1,,,,
59.427,9,Atta_9,1835.6,2421.1,341.7,-58.6,-0.6,,,,
59.427,10,Atta_10,156.4,2346.1,255.2,16.6,-4.6,,,,
59.497,1,Atta_1,701.9,1909.2,278.1,68.7,4.4,,,,
59.497,2,Atta_2,1540.1,652.2,42.0,-85.8,-1.5,,,,
59.497,3,Atta_3,1433.4,429.6,98.3,46.8,1.5,,,,
59.497,4,Atta_4,555.9,132.4,200.5,68.6,1.7,,,,
59.497,5,Atta_5,1170.3,1122.5,47.8,-53.7,-0.6,,,,
59.497,6,Atta_6,1307.6,841.3,270.6,-66.4,-8.8,,,,
59.497,7,Atta_7,455.0,2621.3,28.5,-79.8,6.2,,,,
59.497,8,Atta_8,1573.9,2680.7,31.5,43.4,1.1,,,,
59.497,9,Atta_9,1894.4,2345.4,341.3,95.9,-0.4,,,,
59.497,10,Atta_10,149.1,2393.5,257.0,-48.0,1.8,,,,
59.551,1,Atta_1,721.9,1943.5,278.8,-39.7,0.7,,,,
59.551,2,Atta_2,1504.2,734.7,40.9,90.0,-1.1,,,,
59.551,3,Atta_3,1456.3,399.7,99.8,-37.7,1.5,,,,
59.551,4,Atta_4,565.4,111.6,204.1,-22.9,3.6,,,,
59.551,5,Atta_5,1219.5,1097.5,55.7,55.2,7.9,,,,
59.551,6,Atta_6,1337.9,788.3,267.7,61.0,-2.9,,,,
59.551,7,Atta_7,462.0,2700.6,34.3,79.6,5.8,,,,
59.551,8,Atta_8,1514.3,2705.4,38.2,-64.5,6.7,,,,
59.551,9,Atta_9,1858.9,2373.7,341.4,-45.4,0.1,,,,
59.551,10,Atta_10,166.9,2324.0,257.5,71.7,0.5,,,,
59.617,1,Atta_1,703.0,1896.5,275.9,50.7,-2.9,,,,
59.617,2,Atta_2,1554.5,734.6,43.1,50.3,2.2,,,,
59.617,3,Atta_3,1449.1,464.0,98.0,64.7,-1.8,,,,
59.617,4,Atta_4,610.8,132.8,211.0,-50.1,6.9,,,,
59.617,5,Atta_5,1193.0,1105.5,62.3,-27.7,6.6,,,,
59.617,6,Atta_6,1324.1,818.2,261.6,-32.9,-6.1,,,,
59.617,7,Atta_7,473.2,2637.6,35.7,-64.0,1.4,,,,
59.617,8,Atta_8,1527.5,2680.2,41.4,-28.4,3.2,,,,
59.617,9,Atta_9,1896.8,2377.2,340.3,38.1,-1.1,,,,
59.617,10,Atta_10,151.0,2295.5,255.1,32.6,-2.4,,,,
59.683,1,Atta_1,762.8,1911.5,274.0,-61.7,-1.9,,,,
59.683,2,Atta_2,1575.6,780.3,38.7,50.3,-4.4,,,,
59.683,3,Atta_3,1493.2,501.5,104.0,57.9,6.0,,,,
59.683,4,Atta_4,524.9,125.2,214.8,86.2,3.8,,,,
59.683,5,Atta_5,1165.5,1093.4,63.9,-30.0,1.6,,,,
59.683,6,Atta_6,1332.4,835.6,258.9,-19.3,-2.7,,,,
59.683,7,Atta_7,439.4,2656.5,33.9,-38.7,-1.8,,,,
59.683,8,Atta_8,1480.1,2734.9,44.1,72.4,2.7,,,,
59.683,9,Atta_9,1849.7,2414.5,341.0,-60.1,0.7,,,,
59.683,10,Atta_10,136.9,2286.8,261.8,16.6,6.7,,,,
59.749,1,Atta_1,719.2,1896.0,277.0,46.3,3.0,,,,
59.749,2,Atta_2,1552.4,744.3,43.8,-42.8,5.1,,,,
59.749,3,Atta_3,1428.9,498.6,96.7,64.4,-7.3,,,,
59.749,4,Atta_4,527.3,127.6,222.5,-3.4,7.7,,,,
59.749,5,Atta_5,1181.5,1130.3,72.5,40.2,8.6,,,,
59.749,6,Atta_6,1307.4,817.4,254.1,30.9,-4.8,,,,
59.749,7,Atta_7,493.1,2668.7,39.8,55.1,5.9,,,,
59.749,8,Atta_8,1523.6,2718.0,50.4,46.7,6.3,,,,
59.749,9,Atta_9,1894.5,2388.0,339.8,52.1,-1.2,,,,
59.749,10,Atta_10,138.7,2323.7,265.4,-36.9,3.6,,,,
59.869,1,Atta_1,764.9,1898.9,278.0,45.8,1.0,,,,
59.869,2,Atta_2,1514.7,792.1,43.2,60.9,-0.6,,,,
59.869,3,Atta_3,1430.2,490.8,97.4,-7.9,0.7,,,,
59.869,4,Atta_4,562.3,131.3,226.8,-35.2,4.3,,,,
59.869,5,Atta_5,1225.2,1108.0,72.4,-49.1,-0.1,,,,
59.869,6,Atta_6,1307.5,836.5,247.2,-19.1,-6.9,,,,
59.869,7,Atta_7,474.5,2632.7,37.4,-40.5,-2.4,,,,
59.869,8,Atta_8,1524.0,2756.4,54.5,38.4,4.1,,,,
59.869,9,Atta_9,1911.0,2391.8,340.3,16.9,0.5,,,,
59.869,10,Atta_10,156.9,2315.2,271.3,20.1,5.9,,,,
59.939,1,Atta_1,765.2,1851.4,277.4,47.5,-0.6,,,,
59.939,2,Atta_2,1601.2,682.0,45.3,-140.0,2.1,,,,
59.939,3,Atta_3,1425.9,543.7,99.3,53.1,1.9,,,,
59.939,4,Atta_4,545.0,82.2,225.1,52.1,-1.7,,,,
59.939,5,Atta_5,1160.7,1083.9,70.4,-68.9,-2.0,,,,
59.939,6,Atta_6,1356.0,790.9,241.6,66.6,-5.6,,,,
59.939,7,Atta_7,450.1,2652.7,42.7,-31.5,5.3,,,,
59.939,8,Atta_8,1495.7,2636.9,57.9,-122.8,3.4,,,,
59.939,9,Atta_9,1870.0,2410.7,337.2,-45.1,-3.1,,,,
59.939,10,Atta_10,132.6,2294.4,272.2,32.0,0.9,,,,
60.008,1,Atta_1,783.7,1838.5,278.6,22.6,1.2,,,,
60.008,2,Atta_2,1593.7,753.1,42.1,71.5,-3.2,,,,
60.008,3,Atta_3,1457.8,555.1,98.9,33.9,-0.4,,,,
60.008,4,Atta_4,578.7,162.9,236.5,-87.5,11.4,,,,
60.008,5,Atta_5,1161.8,1170.8,70.5,86.9,0.1,,,,
60.008,6,Atta_6,1337.4,865.4,246.3,-76.8,4.7,,,,
60.008,7,Atta_7,505.5,2651.8,41.8,55.4,-0.9,,,,
60.008,8,Atta_8,1484.0,2712.2,64.9,76.2,7.0,,,,
60.008,9,Atta_9,1887.0,2416.0,340.0,17.8,2.8,,,,
60.008,10,Atta_10,180.3,2357.6,276.8,-79.2,4.6,,,,
60.076,1,Atta_1,766.9,1806.3,277.9,36.3,-0.7,,,,
60.076,2,Atta_2,1569.0,786.5,41.0,41.5,-1.1,,,,
60.076,3,Atta_3,1417.2,571.7,93.7,43.9,-5.2,,,,
60.076,4,Atta_4,540.1,137.1,236.4,46.4,-0.1,,,,
60.076,5,Atta_5,1182.7,1129.8,69.9,-46.0,-0.6,,,,
60.076,6,Atta_6,1303.5,864.8,248.6,33.9,2.3,,,,
60.076,7,Atta_7,439.1,2615.2,40.7,-75.8,-1.1,,,,
60.076,8,Atta_8,1465.7,2668.5,66.8,-47.4,1.9,,,,
60.076,9,Atta_9,1878.4,2392.7,339.3,-24.8,-0.7,,,,
60.076,10,Atta_10,158.7,2312.6,288.8,49.9,12.0,,,,
60.143,1,Atta_1,757.8,1818.2,275.3,-15.0,-2.6,,,,
60.143,2,Atta_2,1608.7,825.6,41.0,55.7,0.0,,,,
60.143,3,Atta_3,1365.8,577.7,97.6,51.7,3.9,,,,
60.143,4,Atta_4,590.9,102.8,246.6,61.3,10.2,,,,
60.143,5,Atta_5,1157.3,1066.0,71.3,-68.7,1.4,,,,
60.143,6,Atta_6,1302.3,839.4,246.5,25.4,-2.1,,,,
60.143,7,Atta_7,414.6,2637.8,47.1,-33.3,6.4,,,,
60.143,8,Atta_8,1578.4,2699.4,73.7,116.9,6.9,,,,
60.143,9,Atta_9,1832.8,2416.0,340.0,-51.2,0.7,,,,
60.143,10,Atta_10,165.5,2354.4,289.6,-42.3,0.8,,,,
60.224,1,Atta_1,696.2,1783.7,280.8,70.6,5.5,,,,
60.224,2,Atta_2,1614.1,778.9,43.2,-47.0,2.2,,,,
60.224,3,Atta_3,1446.7,556.6,100.9,-83.6,3.3,,,,
60.224,4,Atta_4,597.2,125.2,247.5,-23.3,0.9,,,,
60.224,5,Atta_5,1204.3,1118.0,71.7,70.1,0.4,,,,
60.224,6,Atta_6,1328.4,860.5,244.5,-33.6,-2.0,,,,
60.224,7,Atta_7,469.5,2621.2,49.6,57.4,2.5,,,,
60.224,8,Atta_8,1555.2,2673.3,75.3,-34.9,1.6,,,,
60.224,9,Atta_9,1813.5,2405.5,340.1,-22.0,0.1,,,,
60.224,10,Atta_10,198.5,2310.8,293.2,54.7,3.6,,,,
60.275,1,Atta_1,777.1,1790.1,276.7,81.2,-4.1,,,,
60.275,2,Atta_2,1629.3,801.8,44.6,27.5,1.4,,,,
60.275,3,Atta_3,1422.8,622.0,97.5,69.6,-3.4,,,,
60.275,4,Atta_4,568.9,166.0,249.8,-49.7,2.3,,,,
60.275,5,Atta_5,1207.4,1152.7,68.5,34.8,-3.2,,,,
60.275,6,Atta_6,1296.2,822.0,242.6,50.2,-1.9,,,,
60.275,7,Atta_7,460.3,2667.9,52.7,47.6,3.1,,,,
60.275,8,Atta_8,1531.7,2670.5,74.8,-23.7,-0.5,,,,
60.275,9,Atta_9,1842.0,2393.3,343.9,31.0,3.8,,,,
60.275,10,Atta_10,191.8,2367.6,298.1,-57.2,4.9,,,,
60.327,1,Atta_1,794.1,1788.2,275.1,17.1,-1.6,,,,
60.327,2,Atta_2,1646.2,746.7,40.5,-57.6,-4.1,,,,
60.327,3,Atta_3,1372.7,629.2,92.5,50.6,-5.0,,,,
60.327,4,Atta_4,557.8,133.7,253.0,34.2,3.2,,,,
60.327,5,Atta_5,1115.2,1105.7,74.6,-103.5,6.1,,,,
60.327,6,Atta_6,1292.7,797.6,243.0,24.6,0.4,,,,
60.327,7,Atta_7,457.7,2617.9,61.1,-50.1,8.4,,,,
60.327,8,Atta_8,1494.1,2756.2,73.7,93.6,-1.1,,,,
60.327,9,Atta_9,1839.0,2447.8,350.9,-54.6,7.0,,,,
60.327,10,Atta_10,140.6,2322.0,299.0,68.6,0.9,,,,
60.394,1,Atta_1,765.7,1752.3,264.9,45.8,-10.2,,,,
60.394,2,Atta_2,1622.3,786.5,42.8,46.4,2.3,,,,
60.394,3,Atta_3,1380.8,584.0,98.4,-45.9,5.9,,,,
60.394,4,Atta_4,601.1,159.5,261.3,-50.4,8.3,,,,
60.394,5,Atta_5,1226.2,1156.7,68.5,122.2,-6.1,,,,
60.394,6,Atta_6,1307.8,823.1,246.2,-29.6,3.2,,,,
60.394,7,Atta_7,484.4,2711.0,63.7,96.9,2.6,,,,
60.394,8,Atta_8,1486.9,2675.7,75.2,-80.8,1.5,,,,
60.394,9,Atta_9,1800.1,2417.7,357.2,-49.2,6.3,,,,
60.394,10,Atta_10,171.7,2329.1,298.4,31.9,-0.6,,,,
60.465,1,Atta_1,719.2,1799.8,260.0,-66.5,-4.9,,,,
60.465,2,Atta_2,1642.1,868.3,41.2,84.2,-1.6,,,,
60.465,3,Atta_3,1465.4,561.5,95.2,-87.5,-3.2,,,,
60.465,4,Atta_4,509.7,111.5,262.3,103.2,1.0,,,,
60.465,5,Atta_5,1187.0,1153.8,74.8,-39.3,6.3,,,,
60.465,6,Atta_6,1262.5,791.6,247.2,55.2,1.0,,,,
60.465,7,Atta_7,408.5,2627.4,69.1,-112.9,5.4,,,,
60.465,8,Atta_8,1593.1,2731.6,76.9,120.0,1.7,,,,
60.465,9,Atta_9,1829.8,2486.4,2.2,74.8,5.0,,,,
60.465,10,Atta_10,74.2,2353.5,300.7,-100.5,2.3,,,,
60.533,1,Atta_1,738.2,1790.0,258.9,21.4,-1.1,,,,
60.533,2,Atta_2,1609.7,827.4,42.8,-52.2,1.6,,,,
60.533,3,Atta_3,1394.9,615.5,95.5,88.8,0.3,,,,
60.533,4,Atta_4,591.7,131.6,266.3,-84.4,4.0,,,,
60.533,5,Atta_5,1200.4,1119.7,74.0,-36.6,-0.8,,,,
60.533,6,Atta_6,1297.4,779.5,243.3,-36.9,-3.9,,,,
60.533,7,Atta_7,390.7,2684.5,73.4,59.8,4.3,,,,
60.533,8,Atta_8,1559.5,2657.3,75.1,-81.5,-1.8,,,,
60.533,9,Atta_9,1848.9,2403.7,3.5,84.9,1.3,,,,
60.533,10,Atta_10,81.3,2315.3,294.6,38.9,-6.1,,,,
60.584,1,Atta_1,731.1,1774.1,255.4,17.4,-3.5,,,,
60.584,2,Atta_2,1638.8,904.1,41.9,82.0,-0.9,,,,
60.584,3,Atta_3,1403.9,643.3,97.2,29.2,1.7,,,,
60.584,4,Atta_4,550.3,150.4,273.4,-45.5,7.1,,,,
60.584,5,Atta_5,1136.5,1198.2,73.6,101.2,-0.4,,,,
60.584,6,Atta_6,1272.3,766.3,242.5,28.4,-0.8,,,,
60.584,7,Atta_7,498.5,2620.3,76.3,-125.5,2.9,,,,
60.584,8,Atta_8,1492.2,2718.3,73.9,90.8,-1.2,,,,
60.584,9,Atta_9,1853.1,2443.0,10.5,39.5,7.0,,,,
60.584,10,Atta_10,155.1,2336.1,303.1,76.7,8.5,,,,
60.651,1,Atta_1,695.7,1873.9,249.2,-105.9,-6.2,,,,
60.651,2,Atta_2,1679.7,848.5,41.8,-69.0,-0.1,,,,
60.651,3,Atta_3,1377.3,681.8,97.7,46.8,0.5,,,,
60.651,4,Atta_4,609.9,154.6,278.2,-59.7,4.8,,,,
60.651,5,Atta_5,1230.4,1223.1,68.6,97.1,-5.0,,,,
60.651,6,Atta_6,1251.1,762.1,241.3,21.6,-1.2,,,,
60.651,7,Atta_7,434.3,2648.4,81.9,70.1,5.6,,,,
60.651,8,Atta_8,1524.2,2760.1,74.6,52.6,0.7,,,,
60.651,9,Atta_9,1857.2,2415.1,9.9,-28.2,-0.6,,,,
60.651,10,Atta_10,155.8,2370.8,302.9,-34.7,-0.2,,,,
60.706,1,Atta_1,752.7,1814.0,243.5,82.7,-5.7,,,,
60.706,2,Atta_2,1636.6,898.4,44.2,65.9,2.4,,,,
60.706,3,Atta_3,1414.5,666.0,99.8,-40.4,2.1,,,,
60.706,4,Atta_4,487.9,101.2,284.4,133.2,6.2,,,,
60.706,5,Atta_5,1195.2,1160.5,70.4,-71.8,1.8,,,,
60.706,6,Atta_6,1272.7,702.2,245.3,63.7,4.0,,,,
60.706,7,Atta_7,412.7,2674.6,85.9,34.0,4.0,,,,
60.706,8,Atta_8,1523.6,2655.3,77.3,-104.8,2.7,,,,
60.706,9,Atta_9,1803.1,2441.7,13.9,-60.3,4.0,,,,
60.706,10,Atta_10,170.0,2368.5,298.0,14.4,-4.9,,,,
60.825,1,Atta_1,728.4,1772.5,235.6,48.1,-7.9,,,,
60.825,2,Atta_2,1662.5,860.2,42.9,-46.2,-1.3,,,,
60.825,3,Atta_3,1437.8,655.2,97.4,-25.7,-2.4,,,,
60.825,4,Atta_4,568.1,103.5,288.7,80.2,4.3,,,,
60.825,5,Atta_5,1162.0,1236.2,73.7,82.7,3.3,,,,
60.825,6,Atta_6,1319.8,746.6,244.1,-64.7,-1.2,,,,
60.825,7,Atta_7,421.7,2670.6,90.0,-9.8,4.1,,,,
60.825,8,Atta_8,1480.2,2723.8,76.2,81.1,-1.1,,,,
60.825,9,Atta_9,1846.3,2408.6,21.1,54.4,7.2,,,,
60.825,10,Atta_10,148.0,2283.0,299.8,88.3,1.8,,,,
60.892,1,Atta_1,762.7,1809.7,236.0,-50.6,0.4,,,,
60.892,2,Atta_2,1646.5,819.9,47.8,-43.4,4.9,,,,
60.892,3,Atta_3,1400.7,657.4,98.9,37.2,1.5,,,,
60.892,4,Atta_4,544.1,131.5,291.7,-36.9,3.0,,,,
60.892,5,Atta_5,1171.8,1264.5,71.7,29.9,-2.0,,,,
60.892,6,Atta_6,1285.8,720.6,243.3,42.8,-0.8,,,,
60.892,7,Atta_7,393.3,2664.0,94.8,-29.2,4.8,,,,
60.892,8,Atta_8,1517.3,2653.7,79.8,-79.3,3.6,,,,
60.892,9,Atta_9,1841.7,2419.4,24.6,-11.7,3.5,,,,
60.892,10,Atta_10,196.2,2299.1,297.8,50.8,-2.0,,,,
60.943,1,Atta_1,731.4,1767.9,233.1,52.2,-2.9,,,,
60.943,2,Atta_2,1712.9,812.6,46.8,66.8,-1.0,,,,
60.943,3,Atta_3,1405.4,714.5,101.0,57.3,2.1,,,,
60.943,4,Atta_4,579.6,174.0,299.6,-55.4,7.9,,,,
60.943,5,Atta_5,1210.1,1204.3,76.8,-71.4,5.1,,,,
60.943,6,Atta_6,1185.0,720.5,244.2,100.8,0.9,,,,
60.943,7,Atta_7,472.7,2647.2,99.1,-81.2,4.3,,,,
60.943,8,Atta_8,1554.0,2632.0,74.3,-42.6,-5.5,,,,
60.943,9,Atta_9,1857.7,2386.5,28.5,36.6,3.9,,,,
60.943,10,Atta_10,171.0,2275.5,295.4,34.5,-2.4,,,,
61.013,1,Atta_1,683.2,1792.7,229.7,54.2,-3.4,,,,
61.013,2,Atta_2,1693.7,854.4,45.7,46.0,-1.1,,,,
61.013,3,Atta_3,1452.8,693.3,104.7,-51.9,3.7,,,,
61.013,4,Atta_4,516.0,135.0,303.3,74.6,3.7,,,,
61.013,5,Atta_5,1214.0,1239.8,73.1,35.7,-3.7,,,,
61.013,6,Atta_6,1189.9,720.2,248.9,-4.9,4.7,,,,
61.013,7,Atta_7,469.1,2708.2,102.6,61.1,3.5,,,,
61.013,8,Atta_8,1495.5,2640.1,74.2,-59.1,-0.1,,,,
61.013,9,Atta_9,1839.0,2384.5,34.3,-18.8,5.8,,,,
61.013,10,Atta_10,179.9,2240.7,297.5,35.9,2.1,,,,
61.082,1,Atta_1,749.6,1765.1,221.0,-71.9,-8.7,,,,
61.082,2,Atta_2,1671.2,806.9,45.2,-52.6,-0.5,,,,
61.082,3,Atta_3,1439.3,690.7,109.7,13.7,5.0,,,,
61.082,4,Atta_4,585.0,144.4,302.8,69.6,-0.5,,,,
61.082,5,Atta_5,1223.2,1219.1,67.7,-22.7,-5.4,,,,
61.082,6,Atta_6,1240.7,702.0,251.7,-54.0,2.8,,,,
61.082,7,Atta_7,472.5,2606.7,109.6,-101.6,7.0,,,,
61.082,8,Atta_8,1508.4,2629.8,77.1,-16.5,2.9,,,,
61.082,9,Atta_9,1851.2,2405.5,40.5,24.3,6.2,,,,
61.082,10,Atta_10,231.3,2256.1,301.2,53.7,3.7,,,,
61.15,1,Atta_1,735.2,1840.7,218.1,-77.0,-2.9,,,,
61.15,2,Atta_2,1643.5,755.2,40.0,-58.7,-5.2,,,,
61.15,3,Atta_3,1395.2,643.6,112.2,-64.5,2.5,,,,
61.15,4,Atta_4,529.9,179.7,309.3,-65.4,6.5,,,,
61.15,5,Atta_5,1246.7,1209.1,70.7,-25.5,3.0,,,,
61.15,6,Atta_6,1243.9,759.1,256.0,-57.2,4.3,,,,
61.15,7,Atta_7,460.8,2688.8,108.2,82.9,-1.4,,,,
61.15,8,Atta_8,1483.9,2601.0,71.9,-37.8,-5.2,,,,
61.15,9,Atta_9,1830.2,2426.9,36.1,-30.0,-4.4,,,,
61.15,10,Atta_10,207.2,2272.3,302.9,-29.0,1.7,,,,
61.217,1,Atta_1,752.3,1815.1,220.2,30.8,2.1,,,,
61.217,2,Atta_2,1634.3,784.2,43.6,30.4,3.6,,,,
61.217,3,Atta_3,1419.2,719.0,116.0,79.1,3.8,,,,
61.217,4,Atta_4,533.1,123.1,313.9,56.7,4.6,,,,
61.217,5,Atta_5,1173.4,1233.0,69.8,-77.1,-0.9,,,,
61.217,6,Atta_6,1264.1,761.4,259.7,-20.3,3.7,,,,
61.217,7,Atta_7,483.9,2685.2,115.7,-23.4,7.5,,,,
61.217,8,Atta_8,1496.1,2642.7,68.1,43.4,-3.8,,,,
61.217,9,Atta_9,1887.8,2408.1,36.7,60.6,0.6,,,,
61.217,10,Atta_10,152.1,2241.9,296.9,-62.9,-6.0,,,,
61.285,1,Atta_1,691.6,1760.3,219.8,81.8,-0.4,,,,
61.285,2,Atta_2,1606.8,790.5,34.8,-28.2,-8.8,,,,
61.285,3,Atta_3,1409.6,620.0,120.8,-99.5,4.8,,,,
61.285,4,Atta_4,554.3,125.8,317.9,21.4,4.0,,,,
61.285,5,Atta_5,1200.0,1272.7,72.0,47.8,2.2,,,,
61.285,6,Atta_6,1259.8,725.8,267.5,35.9,7.8,,,,
61.285,7,Atta_7,427.8,2663.4,119.6,60.2,3.9,,,,
61.285,8,Atta_8,1511.5,2645.9,59.0,15.7,-9.1,,,,
61.285,9,Atta_9,1853.0,2354.0,40.0,-64.3,3.3,,,,
61.285,10,Atta_10,248.7,2191.3,298.4,109.1,1.5,,,,
61.335,1,Atta_1,678.4,1805.7,218.3,-47.3,-1.5,,,,
61.335,2,Atta_2,1573.8,818.3,30.8,-43.1,-4.0,,,,
61.335,3,Atta_3,1448.0,669.0,127.9,62.3,7.1,,,,
61.335,4,Atta_4,524.9,206.5,322.0,-85.9,4.1,,,,
61.335,5,Atta_5,1233.6,1277.2,73.2,33.9,1.2,,,,
61.335,6,Atta_6,1256.4,696.2,273.6,29.8,6.1,,,,
61.335,7,Atta_7,476.1,2637.8,127.0,-54.7,7.4,,,,
61.335,8,Atta_8,1488.4,2591.1,56.8,-59.5,-2.2,,,,
61.335,9,Atta_9,1789.3,2341.4,35.6,-64.9,-4.4,,,,
61.335,10,Atta_10,223.3,2248.9,302.1,-63.0,3.7,,,,
61.391,1,Atta_1,737.7,1848.9,220.3,-73.4,2.0,,,,
61.391,2,Atta_2,1623.8,742.9,26.9,90.5,-3.9,,,,
61.391,3,Atta_3,1416.5,747.9,132.0,85.0,4.1,,,,
61.391,4,Atta_4,608.5,109.3,329.3,128.2,7.3,,,,
61.391,5,Atta_5,1247.6,1363.5,71.0,87.4,-2.2,,,,
61.391,6,Atta_6,1274.5,655.6,277.3,44.5,3.7,,,,
61.391,7,Atta_7,483.1,2646.5,131.5,11.2,4.5,,,,
61.391,8,Atta_8,1550.0,2648.3,48.5,84.1,-8.3,,,,
61.391,9,Atta_9,1827.1,2375.6,36.1,51.0,0.5,,,,
61.391,10,Atta_10,264.3,2219.3,300.1,50.6,-2.0,,,,
61.461,1,Atta_1,703.4,1818.4,223.0,45.9,2.7,,,,
61.461,2,Atta_2,1648.0,811.4,21.7,72.6,-5.2,,,,
61.461,3,Atta_3,1397.5,729.0,130.7,-26.8,-1.3,,,,
61.461,5,Atta_5,1297.1,1311.2,72.4,-72.0,1.4,,,,
61.461,6,Atta_6,1263.8,715.4,273.4,-60.7,-3.9,,,,
61.461,7,Atta_7,420.0,2673.2,137.0,68.5,5.5,,,,
61.461,8,Atta_8,1500.6,2635.8,47.9,-51.0,-0.6,,,,
61.461,9,Atta_9,1805.1,2451.9,37.8,79.4,1.7,,,,
61.461,10,Atta_10,207.9,2203.4,297.8,-58.6,-2.3,,,,
61.531,1,Atta_1,719.7,1808.6,227.0,-19.0,4.0,,,,
61.531,2,Atta_2,1647.1,771.6,19.6,-39.8,-2.1,,,,
61.531,3,Atta_3,1369.8,659.8,137.9,-74.5,7.2,,,,
61.531,4,Atta_4,550.9,124.4,338.2,-59.5,8.9,,,,
61.531,5,Atta_5,1244.8,1326.7,73.0,-54.5,0.6,,,,
61.531,6,Atta_6,1300.2,724.6,283.3,-37.5,9.9,,,,
61.531,7,Atta_7,403.7,2622.2,139.2,-53.5,2.2,,,,
61.531,8,Atta_8,1525.7,2555.8,43.3,-83.8,-4.6,,,,
61.531,9,Atta_9,1918.1,2428.1,37.0,115.5,-0.8,,,,
61.531,10,Atta_10,201.1,2204.6,300.2,-6.9,2.4,,,,
61.592,1,Atta_1,738.4,1772.8,232.1,40.4,5.1,,,,
61.592,2,Atta_2,1615.1,814.6,15.0,-53.6,-4.6,,,,
61.592,3,Atta_3,1460.5,708.1,139.7,-102.8,1.8,,,,
61.592,4,Atta_4,522.4,187.0,340.7,-68.8,2.5,,,,
61.592,5,Atta_5,1209.5,1320.9,74.5,-35.8,1.5,,,,
61.592,6,Atta_6,1271.1,776.6,287.2,-59.6,3.9,,,,
61.592,7,Atta_7,445.7,2614.2,142.6,-42.8,3.4,,,,
61.592,8,Atta_8,1539.0,2622.3,39.3,67.8,-4.0,,,,
61.592,9,Atta_9,1880.4,2415.9,38.8,-39.6,1.8,,,,
61.592,10,Atta_10,235.3,2232.2,298.3,-43.9,-1.9,,,,
61.658,1,Atta_1,746.7,1865.5,234.5,-93.1,2.4,,,,
61.658,2,Atta_2,1664.6,821.5,11.2,50.0,-3.8,,,,
61.658,3,Atta_3,1366.8,651.2,143.2,109.6,3.5,,,,
61.658,4,Atta_4,608.2,174.5,345.8,86.7,5.1,,,,
61.658,5,Atta_5,1247.6,1371.0,72.1,62.9,-2.4,,,,
61.658,6,Atta_6,1278.7,680.8,292.4,96.1,5.2,,,,
61.658,7,Atta_7,489.4,2658.4,151.4,-62.2,8.8,,,,
61.658,8,Atta_8,1527.8,2663.6,37.7,42.8,-1.6,,,,
61.658,9,Atta_9,1891.5,2425.4,37.3,14.6,-1.5,,,,
61.658,10,Atta_10,229.3,2154.5,298.3,77.9,0.0,,,,
61.729,1,Atta_1,732.7,1819.1,245.1,48.5,10.6,,,,
61.729,2,Atta_2,1614.8,779.1,5.9,-65.4,-5.3,,,,
61.729,3,Atta_3,1366.5,635.5,139.2,-15.7,-4.0,,,,
61.729,4,Atta_4,582.1,105.3,349.9,-74.0,4.1,,,,
61.729,5,Atta_5,1285.6,1401.9,71.3,49.0,-0.8,,,,
61.729,6,Atta_6,1252.5,649.8,295.0,40.6,2.6,,,,
61.729,7,Atta_7,392.3,2600.6,154.8,113.0,3.4,,,,
61.729,8,Atta_8,1519.5,2601.5,29.2,-62.7,-8.5,,,,
61.729,9,Atta_9,1853.6,2439.5,33.6,-40.4,-3.7,,,,
61.729,10,Atta_10,241.7,2142.7,299.2,17.1,0.9,,,,
61.798,1,Atta_1,713.2,1791.8,243.4,33.5,-1.7,,,,
61.798,2,Atta_2,1665.2,793.7,359.8,52.5,-6.1,,,,
61.798,3,Atta_3,1409.7,714.1,140.5,89.7,1.3,,,,
61.798,4,Atta_4,592.9,180.9,355.7,-76.4,5.8,,,,
61.798,5,Atta_5,1275.5,1370.5,71.6,-33.0,0.3,,,,
61.798,6,Atta_6,1248.7,729.5,302.8,-79.8,7.8,,,,
61.798,7,Atta_7,422.3,2616.4,158.7,-33.9,3.9,,,,
61.798,8,Atta_8,1501.9,2595.7,23.0,-18.5,-6.2,,,,
61.798,9,Atta_9,1910.1,2445.9,34.0,56.9,0.4,,,,
61.798,10,Atta_10,283.7,2167.8,299.3,-48.9,0.1,,,,
61.864,1,Atta_1,751.4,1776.4,249.2,-41.2,5.8,,,,
61.864,2,Atta_2,1650.8,777.8,356.1,-21.5,-3.7,,,,
61.864,3,Atta_3,1379.9,689.2,140.4,38.8,-0.1,,,,
61.864,4,Atta_4,538.8,194.2,2.9,-55.7,7.2,,,,
61.864,5,Atta_5,1312.5,1376.7,75.1,37.5,3.5,,,,
61.864,6,Atta_6,1276.2,678.8,308.6,57.7,5.8,,,,
61.864,7,Atta_7,470.2,2657.6,157.5,-63.2,-1.2,,,,
61.864,8,Atta_8,1520.3,2652.6,20.6,59.8,-2.4,,,,
61.864,9,Atta_9,1924.3,2459.8,38.3,19.9,4.3,,,,
61.864,10,Atta_10,236.0,2166.7,301.1,-47.7,1.8,,,,
61.929,1,Atta_1,737.2,1809.6,254.7,-36.1,5.5,,,,
61.929,2,Atta_2,1639.1,786.4,356.6,-14.5,0.5,,,,
61.929,3,Atta_3,1453.2,700.1,143.1,-74.1,2.7,,,,
61.929,4,Atta_4,539.1,133.9,3.5,-60.3,0.6,,,,
61.929,5,Atta_5,1255.3,1417.8,73.8,70.4,-1.3,,,,
61.929,6,Atta_6,1261.9,716.4,311.7,-40.2,3.1,,,,
61.929,7,Atta_7,456.0,2728.1,167.1,71.9,9.6,,,,
61.929,8,Atta_8,1484.4,2641.0,19.9,-37.7,-0.7,,,,
61.929,9,Atta_9,1884.2,2474.7,36.5,-42.8,-1.8,,,,
61.929,10,Atta_10,369.9,2111.3,300.2,144.9,-0.9,,,,
61.999,1,Atta_1,801.2,1804.4,257.3,-64.2,2.6,,,,
61.999,2,Atta_2,1561.1,798.6,349.2,-78.9,-7.4,,,,
61.999,3,Atta_3,1447.4,693.3,143.6,8.9,0.5,,,,
61.999,4,Atta_4,553.0,141.3,6.3,15.7,2.8,,,,
61.999,6,Atta_6,1282.2,716.9,309.0,20.3,-2.7,,,,
61.999,7,Atta_7,439.0,2644.2,171.9,-85.6,4.8,,,,
61.999,8,Atta_8,1526.6,2567.8,21.8,84.5,1.9,,,,
61.999,9,Atta_9,1912.8,2483.7,37.6,30.0,1.1,,,,
61.999,10,Atta_10,293.8,2143.9,301.8,-82.8,1.6,,,,
62.065,1,Atta_1,725.7,1784.9,263.8,78.0,6.5,,,,
62.065,2,Atta_2,1681.1,815.6,345.6,121.2,-3.6,,,,
62.065,3,Atta_3,1407.0,683.4,142.6,41.6,-1.0,,,,
62.065,4,Atta_4,563.3,157.8,11.4,19.5,5.1,,,,
62.065,5,Atta_5,1325.6,1380.9,71.5,-79.4,-2.3,,,,
62.065,6,Atta_6,1267.9,723.4,319.0,-15.7,10.0,,,,
62.065,7,Atta_7,426.3,2618.9,174.0,28.3,2.1,,,,
62.065,8,Atta_8,1528.3,2587.1,20.7,19.4,-1.1,,,,
62.065,9,Atta_9,1904.5,2500.2,40.4,18.5,2.8,,,,
62.065,10,Atta_10,330.1,2094.9,299.0,61.0,-2.8,,,,
62.198,1,Atta_1,744.2,1800.9,269.3,-24.5,5.5,,,,
62.198,2,Atta_2,1620.2,822.4,348.0,-61.3,2.4,,,,
62.198,3,Atta_3,1470.0,681.7,138.2,-63.0,-4.4,,,,
62.198,4,Atta_4,565.2,138.0,5.4,-19.9,-6.0,,,,
62.198,5,Atta_5,1304.1,1443.3,70.7,66.0,-0.8,,,,
62.198,6,Atta_6,1250.2,732.4,325.0,-19.9,6.0,,,,
62.198,7,Atta_7,414.0,2694.5,171.2,76.6,-2.8,,,,
62.198,8,Atta_8,1539.6,2624.6,18.9,39.2,-1.8,,,,
62.198,9,Atta_9,1883.0,2478.2,41.4,-30.8,1.0,,,,
62.198,10,Atta_10,353.1,2085.4,302.8,24.9,3.8,,,,
62.267,1,Atta_1,752.9,1821.9,279.9,-22.7,10.6,,,,
62.267,2,Atta_2,1670.1,833.6,345.4,51.1,-2.6,,,,
62.267,3,Atta_3,1480.6,679.0,137.4,-10.9,-0.8,,,,
62.267,4,Atta_4,548.3,127.6,9.6,-19.8,4.2,,,,
62.267,5,Atta_5,1266.1,1420.5,72.3,-44.3,1.6,,,,
62.267,6,Atta_6,1267.5,701.3,332.2,35.6,7.2,,,,
62.267,7,Atta_7,453.7,2689.2,171.9,-40.1,0.7,,,,
62.267,8,Atta_8,1504.6,2599.0,19.5,-43.4,0.6,,,,
62.267,9,Atta_9,1890.8,2430.7,38.4,-48.1,-3.0,,,,
62.267,10,Atta_10,306.8,2088.2,313.3,-46.4,10.5,,,,
62.332,1,Atta_1,735.5,1817.2,282.6,18.0,2.7,,,,
62.332,2,Atta_2,1571.3,750.1,348.3,-129.4,2.9,,,,
62.332,3,Atta_3,1467.5,643.9,141.7,-37.5,4.3,,,,
62.332,4,Atta_4,551.4,189.6,8.8,62.1,-0.8,,,,
62.332,5,Atta_5,1311.0,1509.6,68.3,99.8,-4.0,,,,
62.332,6,Atta_6,1244.5,702.6,336.8,-23.0,4.6,,,,
62.332,7,Atta_7,464.4,2637.9,171.2,-52.4,-0.7,,,,
62.332,8,Atta_8,1510.8,2629.3,19.8,30.9,0.3,,,,
62.332,9,Atta_9,1924.3,2458.8,37.8,43.7,-0.6,,,,
62.332,10,Atta_10,260.7,2065.0,320.2,-51.6,6.9,,,,
62.468,1,Atta_1,746.6,1752.9,283.9,65.3,1.3,,,,
62.468,2,Atta_2,1661.5,845.9,346.8,131.6,-1.5,,,,
62.468,3,Atta_3,1506.6,610.1,137.9,-51.7,-3.8,,,,
62.468,4,Atta_4,527.6,173.9,6.9,-28.5,-1.9,,,,
62.468,5,Atta_5,1259.3,1475.1,69.1,-62.2,0.8,,,,
62.468,6,Atta_6,1244.0,654.6,337.0,48.0,0.2,,,,
62.468,7,Atta_7,402.7,2647.3,173.3,62.4,2.1,,,,
62.468,8,Atta_8,1535.4,2620.3,22.3,26.2,2.5,,,,
62.468,9,Atta_9,1897.3,2432.3,41.8,-37.8,4.0,,,,
62.468,10,Atta_10,271.6,2119.8,318.0,-55.9,-2.2,,,,
62.537,1,Atta_1,735.0,1845.4,288.9,-93.2,5.0,,,,
62.537,2,Atta_2,1636.8,799.9,347.8,-52.2,1.0,,,,
62.537,3,Atta_3,1472.4,623.6,129.6,36.8,-8.3,,,,
62.537,4,Atta_4,567.8,111.6,11.4,74.1,4.5,,,,
62.537,5,Atta_5,1319.0,1485.9,69.5,60.7,0.4,,,,
62.537,6,Atta_6,1277.1,702.3,343.2,58.1,6.2,,,,
62.537,7,Atta_7,409.8,2642.9,170.8,-8.4,-2.5,,,,
62.537,8,Atta_8,1585.5,2628.9,18.4,50.8,-3.9,,,,
62.537,9,Atta_9,1902.7,2400.0,42.6,-32.7,0.8,,,,
62.537,10,Atta_10,225.6,2102.1,326.5,-49.3,8.5,,,,
62.603,1,Atta_1,741.6,1793.6,300.5,52.2,11.6,,,,
62.603,2,Atta_2,1677.6,803.7,339.2,41.0,-8.6,,,,
62.603,3,Atta_3,1483.9,636.7,123.8,17.4,-5.8,,,,
62.603,4,Atta_4,593.1,81.9,6.3,39.0,-5.1,,,,
62.603,5,Atta_5,1290.6,1517.1,73.7,42.2,4.2,,,,
62.603,6,Atta_6,1272.3,757.1,351.7,-55.0,8.5,,,,
62.603,7,Atta_7,403.8,2672.8,170.7,30.5,-0.1,,,,
62.603,8,Atta_8,1533.3,2633.9,20.9,-52.4,2.5,,,,
62.603,9,Atta_9,1818.9,2357.6,39.4,-93.9,-3.2,,,,
62.603,10,Atta_10,213.0,2090.6,331.2,-17.1,4.7,,,,
62.673,1,Atta_1,773.5,1777.1,299.9,35.9,-0.6,,,,
62.673,2,Atta_2,1587.7,819.1,340.9,-91.2,1.7,,,,
62.673,3,Atta_3,1467.1,629.0,123.0,18.5,-0.8,,,,
62.673,4,Atta_4,606.3,195.9,7.6,114.8,1.3,,,,
62.673,5,Atta_5,1222.9,1480.4,70.7,-77.0,-3.0,,,,
62.673,6,Atta_6,1277.5,659.0,1.7,98.2,10.0,,,,
62.673,7,Atta_7,418.5,2630.3,170.5,-45.0,-0.2,,,,
62.673,8,Atta_8,1541.9,2605.8,18.2,-29.4,-2.7,,,,
62.673,9,Atta_9,1817.6,2405.2,42.0,47.6,2.6,,,,
62.673,10,Atta_10,297.7,2104.8,342.5,85.9,11.3,,,,
62.807,1,Atta_1,766.7,1775.6,306.7,-7.0,6.8,,,,
62.807,2,Atta_2,1642.0,800.3,341.0,57.5,0.1,,,,
62.807,3,Atta_3,1502.6,635.2,119.7,-36.0,-3.3,,,,
62.807,4,Atta_4,639.6,139.0,8.8,65.9,1.2,,,,
62.807,5,Atta_5,1309.1,1511.9,72.1,91.8,1.4,,,,
62.807,6,Atta_6,1214.4,680.0,4.2,-66.5,2.5,,,,
62.807,7,Atta_7,437.6,2632.0,173.1,-19.2,2.6,,,,
62.807,8,Atta_8,1519.7,2666.2,17.5,-64.4,-0.7,,,,
62.807,9,Atta_9,1763.6,2398.2,38.3,-54.5,-3.7,,,,
62.873,1,Atta_1,705.4,1757.9,315.2,-63.8,8.5,,,,
62.873,2,Atta_2,1537.6,799.4,338.8,-104.4,-2.2,,,,
62.873,3,Atta_3,1489.6,657.7,109.7,26.0,-10.0,,,,
62.873,4,Atta_4,633.8,90.2,9.6,-49.1,0.8,,,,
62.873,5,Atta_5,1323.2,1590.3,67.7,79.7,-4.4,,,,
62.873,6,Atta_6,1239.1,698.7,14.0,31.0,9.8,,,,
62.873,7,Atta_7,312.8,2672.7,173.4,131.3,0.3,,,,
62.873,8,Atta_8,1565.1,2663.0,23.3,45.5,5.8,,,,
62.873,9,Atta_9,1813.1,2417.5,21.3,53.1,-17.0,,,,
62.873,10,Atta_10,318.8,2111.6,354.5,22.2,12.0,,,,
62.941,1,Atta_1,727.7,1764.6,323.6,23.3,8.4,,,,
62.941,2,Atta_2,1618.1,831.5,342.1,86.7,3.3,,,,
62.941,3,Atta_3,1445.2,658.2,102.3,44.4,-7.4,,,,
62.941,4,Atta_4,636.8,133.4,10.4,43.3,0.8,,,,
62.941,5,Atta_5,1324.0,1570.8,70.1,-19.5,2.4,,,,
62.941,6,Atta_6,1279.9,728.9,17.6,50.8,3.6,,,,
62.941,7,Atta_7,359.5,2664.3,173.8,-47.4,0.4,,,,
62.941,8,Atta_8,1550.6,2739.5,23.3,77.9,0.0,,,,
62.941,9,Atta_9,1813.3,2370.9,16.1,-46.6,-5.2,,,,
62.941,10,Atta_10,318.7,2082.2,355.1,29.4,0.6,,,,
63.076,1,Atta_1,713.4,1831.4,324.8,-68.3,1.2,,,,
63.076,2,Atta_2,1543.4,793.3,341.5,-83.9,-0.6,,,,
63.076,3,Atta_3,1504.8,643.0,99.8,-61.5,-2.5,,,,
63.076,4,Atta_4,668.8,172.7,11.5,50.7,1.1,,,,
63.076,5,Atta_5,1321.9,1565.6,74.0,-5.6,3.9,,,,
63.076,6,Atta_6,1308.0,713.8,17.1,31.9,-0.5,,,,
63.076,7,Atta_7,317.4,2688.5,173.0,48.6,-0.8,,,,
63.076,8,Atta_8,1581.4,2625.8,22.9,-117.8,-0.4,,,,
63.076,9,Atta_9,1855.4,2375.9,8.0,42.4,-8.1,,,,
63.076,10,Atta_10,315.4,2120.9,0.2,-38.8,5.1,,,,
63.141,1,Atta_1,711.6,1890.9,332.4,-59.5,7.6,,,,
63.141,2,Atta_2,1535.4,838.4,345.7,-45.8,4.2,,,,
63.141,3,Atta_3,1480.0,593.7,95.5,-55.2,-4.3,,,,
63.141,4,Atta_4,705.8,150.6,7.5,43.1,-4.0,,,,
63.141,5,Atta_5,1310.2,1569.3,74.5,12.3,0.5,,,,
63.141,6,Atta_6,1300.6,686.0,17.1,-28.8,0.0,,,,
63.141,7,Atta_7,339.3,2689.3,173.3,-21.9,0.3,,,,
63.141,8,Atta_8,1538.5,2625.5,28.6,-42.9,5.7,,,,
63.141,9,Atta_9,1836.3,2357.7,7.9,-26.4,-0.1,,,,
63.141,10,Atta_10,262.5,2099.9,5.2,-56.9,5.0,,,,
63.209,1,Atta_1,779.5,1778.5,334.3,131.3,1.9,,,,
63.209,2,Atta_2,1596.4,808.6,345.9,67.9,0.2,,,,
63.209,3,Atta_3,1443.9,656.0,89.4,72.0,-6.1,,,,
63.209,4,Atta_4,708.9,149.6,11.5,3.3,4.0,,,,
63.209,5,Atta_5,1336.5,1543.4,73.6,-36.9,-0.9,,,,
63.209,6,Atta_6,1264.5,719.1,16.4,-49.0,-0.7,,,,
63.209,7,Atta_7,330.1,2721.2,173.2,33.2,-0.1,,,,
63.209,8,Atta_8,1557.6,2601.2,26.6,30.9,-2.0,,,,
63.209,9,Atta_9,1803.4,2407.9,1.9,-60.0,-6.0,,,,
63.209,10,Atta_10,302.9,2084.7,9.6,43.2,4.4,,,,
63.278,1,Atta_1,751.2,1809.6,340.0,-42.0,5.7,,,,
63.278,2,Atta_2,1587.8,829.2,350.9,-22.3,5.0,,,,
63.278,3,Atta_3,1513.8,678.4,86.7,73.4,-2.7,,,,
63.278,4,Atta_4,721.8,163.2,6.6,18.7,-4.9,,,,
63.278,5,Atta_5,1336.2,1621.6,69.5,78.2,-4.1,,,,
63.278,6,Atta_6,1258.9,733.7,17.3,-15.6,0.9,,,,
63.278,7,Atta_7,328.9,2689.6,170.4,-31.6,-2.8,,,,
63.278,8,Atta_8,1568.4,2642.5,20.9,42.7,-5.7,,,,
63.278,9,Atta_9,1848.8,2376.5,357.8,55.2,-4.1,,,,
63.278,10,Atta_10,258.7,2149.1,11.7,-78.1,2.1,,,,
63.343,1,Atta_1,773.1,1835.7,345.2,34.1,5.2,,,,
63.343,2,Atta_2,1559.2,832.0,357.2,-28.7,6.3,,,,
63.343,3,Atta_3,1455.0,624.0,87.2,-80.1,0.5,,,,
63.343,4,Atta_4,744.4,165.4,10.8,22.7,4.2,,,,
63.343,5,Atta_5,1349.0,1638.7,71.9,21.4,2.4,,,,
63.343,6,Atta_6,1250.9,720.0,16.8,-15.9,-0.5,,,,
63.343,7,Atta_7,315.2,2693.7,174.0,14.3,3.6,,,,
63.343,8,Atta_8,1555.4,2647.9,22.0,-14.1,1.1,,,,
63.343,9,Atta_9,1779.8,2371.6,355.2,-69.2,-2.6,,,,
63.343,10,Atta_10,292.0,2132.8,19.8,37.1,8.1,,,,
63.41,1,Atta_1,745.9,1788.5,349.7,-54.5,4.5,,,,
63.41,2,Atta_2,1527.1,786.8,3.4,-55.4,6.2,,,,
63.41,3,Atta_3,1451.8,643.2,81.9,19.5,-5.3,,,,
63.41,4,Atta_4,715.5,164.4,7.1,-28.9,-3.7,,,,
63.41,5,Atta_5,1325.1,1640.7,73.4,-24.0,1.5,,,,
63.41,6,Atta_6,1258.6,689.7,17.8,-31.3,1.0,,,,
63.41,7,Atta_7,283.2,2701.7,176.1,33.0,2.1,,,,
63.41,8,Atta_8,1492.1,2623.5,23.4,-67.8,1.4,,,,
63.41,9,Atta_9,1843.5,2362.9,352.9,64.3,-2.3,,,,
63.41,10,Atta_10,238.1,2097.8,28.5,-64.3,8.7,,,,
63.478,1,Atta_1,738.6,1810.8,350.0,-23.5,0.3,,,,
63.478,2,Atta_2,1533.1,830.0,5.8,43.6,2.4,,,,
63.478,3,Atta_3,1395.1,651.8,80.4,57.3,-1.5,,,,
63.478,4,Atta_4,795.4,153.1,11.0,80.7,3.9,,,,
63.478,5,Atta_5,1385.9,1634.1,72.1,61.2,-1.3,,,,
63.478,6,Atta_6,1336.8,719.5,17.6,83.7,-0.2,,,,
63.478,7,Atta_7,347.0,2646.2,171.6,-84.6,-4.5,,,,
63.478,8,Atta_8,1503.9,2663.1,18.6,41.3,-4.8,,,,
63.478,9,Atta_9,1802.5,2372.5,342.9,-42.1,-10.0,,,,
63.478,10,Atta_10,254.9,2114.4,25.1,23.6,-3.4,,,,
63.547,1,Atta_1,754.3,1841.3,355.0,34.3,5.0,,,,
63.547,2,Atta_2,1557.8,824.8,12.7,25.2,6.9,,,,
63.547,3,Atta_3,1483.9,650.9,82.8,88.8,2.4,,,,
63.547,4,Atta_4,718.2,141.9,7.0,-78.0,-4.0,,,,
63.547,5,Atta_5,1341.6,1647.0,68.2,-46.1,-3.9,,,,
63.547,6,Atta_6,1290.4,718.5,19.0,-46.4,1.4,,,,
63.547,7,Atta_7,209.3,2731.3,171.8,161.9,0.2,,,,
63.547,8,Atta_8,1486.3,2589.4,26.5,-75.8,7.9,,,,
63.547,9,Atta_9,1774.0,2467.1,341.5,-98.8,-1.4,,,,
63.547,10,Atta_10,280.0,2100.5,35.6,28.7,10.5,,,,
63.616,1,Atta_1,749.7,1782.9,353.6,58.6,-1.4,,,,
63.616,2,Atta_2,1559.9,835.3,18.8,10.7,6.1,,,,
63.616,3,Atta_3,1447.8,683.1,82.0,48.4,-0.8,,,,
63.616,4,Atta_4,767.7,192.9,9.0,71.1,2.0,,,,
63.616,5,Atta_5,1327.6,1672.6,60.3,29.2,-7.9,,,,
63.616,6,Atta_6,1314.4,666.1,19.3,57.6,0.3,,,,
63.616,7,Atta_7,245.1,2681.4,175.2,-61.4,3.4,,,,
63.616,8,Atta_8,1494.2,2605.5,25.2,17.9,-1.3,,,,
63.616,9,Atta_9,1841.7,2405.8,335.7,91.3,-5.8,,,,
63.616,10,Atta_10,282.6,2091.5,37.0,-9.4,1.4,,,,
63.682,1,Atta_1,751.3,1772.9,353.8,10.1,0.2,,,,
63.682,2,Atta_2,1553.3,737.8,21.8,-97.7,3.0,,,,
63.682,3,Atta_3,1519.9,657.5,81.6,-76.5,-0.4,,,,
63.682,4,Atta_4,768.9,182.6,6.2,-10.4,-2.8,,,,
63.682,5,Atta_5,1279.3,1651.6,58.8,-52.7,-1.5,,,,
63.682,6,Atta_6,1320.3,733.0,19.6,67.2,0.3,,,,
63.682,7,Atta_7,276.7,2696.3,173.5,-34.9,-1.7,,,,
63.682,8,Atta_8,1442.4,2546.9,24.0,-78.2,-1.2,,,,
63.682,9,Atta_9,1820.5,2311.7,333.6,96.5,-2.1,,,,
63.682,10,Atta_10,263.7,2115.0,42.5,-30.2,5.5,,,,
63.75,1,Atta_1,760.2,1827.8,350.9,55.6,-2.9,,,,
63.75,2,Atta_2,1579.1,821.2,26.4,87.3,4.6,,,,
63.75,3,Atta_3,1521.2,645.6,83.8,-12.0,2.2,,,,
63.75,4,Atta_4,820.4,223.2,10.1,65.6,3.9,,,,
63.75,5,Atta_5,1358.8,1651.8,54.5,79.5,-4.3,,,,
63.75,6,Atta_6,1365.0,696.1,19.2,58.0,-0.4,,,,
63.75,7,Atta_7,252.9,2684.1,170.8,26.7,-2.7,,,,
63.75,8,Atta_8,1451.1,2607.3,23.0,61.0,-1.0,,,,
63.75,9,Atta_9,1827.1,2358.0,326.7,-46.8,-6.9,,,,
63.75,10,Atta_10,266.9,2136.3,50.1,21.5,7.6,,,,
63.819,1,Atta_1,740.5,1827.7,353.2,-19.7,2.3,,,,
63.819,2,Atta_2,1529.9,823.1,28.7,-49.2,2.3,,,,
63.819,3,Atta_3,1449.9,685.9,84.1,81.9,0.3,,,,
63.819,4,Atta_4,808.7,192.8,13.0,-32.6,2.9,,,,
63.819,5,Atta_5,1354.9,1661.6,46.0,10.5,-8.5,,,,
63.819,6,Atta_6,1334.7,704.2,15.5,-31.4,-3.7,,,,
63.819,7,Atta_7,232.9,2726.6,172.7,47.0,1.9,,,,
63.819,8,Atta_8,1458.2,2557.5,20.8,-50.3,-2.2,,,,
63.819,9,Atta_9,1855.3,2361.1,328.1,28.4,1.4,,,,
63.819,10,Atta_10,226.3,2120.9,51.7,-43.4,1.6,,,,
63.887,1,Atta_1,776.3,1814.5,350.5,38.2,-2.7,,,,
63.887,2,Atta_2,1578.3,797.4,35.0,54.8,6.3,,,,
63.887,3,Atta_3,1490.0,695.0,81.3,41.1,-2.8,,,,
63.887,4,Atta_4,784.9,133.1,5.8,-64.3,-7.2,,,,
63.887,5,Atta_5,1372.4,1652.8,43.5,19.6,-2.5,,,,
63.887,6,Atta_6,1336.6,711.0,21.7,7.1,6.2,,,,
63.887,7,Atta_7,197.9,2665.7,173.3,70.2,0.6,,,,
63.887,8,Atta_8,1403.2,2618.0,16.3,-81.8,-4.5,,,,
63.887,9,Atta_9,1857.2,2428.4,317.4,-67.3,-10.7,,,,
63.887,10,Atta_10,297.3,2085.0,53.9,79.6,2.2,,,,
63.956,1,Atta_1,747.0,1770.5,341.9,-52.9,-8.6,,,,
63.956,2,Atta_2,1572.9,793.5,40.1,-6.7,5.1,,,,
63.956,3,Atta_3,1500.5,708.6,86.4,17.2,5.1,,,,
63.956,4,Atta_4,828.3,235.2,15.9,110.9,10.1,,,,
63.956,5,Atta_5,1367.3,1640.6,41.8,-13.2,-1.7,,,,
63.956,6,Atta_6,1323.6,717.9,19.4,-14.7,-2.3,,,,
63.956,7,Atta_7,223.8,2722.9,174.0,-62.8,0.7,,,,
63.956,8,Atta_8,1463.8,2601.2,12.5,62.9,-3.8,,,,
63.956,9,Atta_9,1824.5,2393.8,312.5,-47.6,-4.9,,,,
63.956,10,Atta_10,289.5,2114.8,59.0,30.8,5.1,,,,
64.024,1,Atta_1,712.2,1769.3,332.1,-34.8,-9.8,,,,
64.024,2,Atta_2,1547.7,866.1,39.6,76.8,-0.5,,,,
64.024,3,Atta_3,1468.7,659.3,79.5,-58.7,-6.9,,,,
64.024,4,Atta_4,772.0,146.9,16.2,-104.7,0.3,,,,
64.024,5,Atta_5,1337.9,1574.8,36.1,-72.1,-5.7,,,,
64.024,6,Atta_6,1313.7,704.3,20.0,-16.8,0.6,,,,
64.024,7,Atta_7,178.2,2697.5,174.5,52.2,0.5,,,,
64.024,8,Atta_8,1477.0,2582.4,6.6,23.0,-5.9,,,,
64.024,9,Atta_9,1795.4,2433.5,308.0,-49.2,-4.5,,,,
64.024,10,Atta_10,286.6,2111.7,60.8,-4.2,1.8,,,,
64.09,1,Atta_1,755.6,1816.2,333.6,63.9,1.5,,,,
64.09,2,Atta_2,1568.9,801.9,38.1,-67.6,-1.5,,,,
64.09,3,Atta_3,1443.6,648.1,82.9,-27.5,3.4,,,,
64.09,4,Atta_4,829.7,174.6,23.6,64.0,7.4,,,,
64.09,5,Atta_5,1333.2,1593.4,32.9,19.2,-3.2,,,,
64.09,6,Atta_6,1303.5,676.9,19.7,-29.2,-0.3,,,,
64.09,7,Atta_7,172.1,2662.2,171.5,35.8,-3.0,,,,
64.09,8,Atta_8,1466.4,2631.6,3.5,-50.3,-3.1,,,,
64.09,9,Atta_9,1862.8,2426.7,303.5,67.7,-4.5,,,,
64.09,10,Atta_10,251.1,2107.6,69.0,-35.7,8.2,,,,
64.156,1,Atta_1,749.8,1813.1,331.3,-6.6,-2.3,,,,
64.156,2,Atta_2,1586.8,834.1,39.9,36.8,1.8,,,,
64.156,3,Atta_3,1499.8,623.7,81.7,-61.3,-1.2,,,,
64.156,4,Atta_4,833.9,200.5,28.0,26.2,4.4,,,,
64.156,5,Atta_5,1345.9,1624.7,26.6,33.8,-6.3,,,,
64.156,6,Atta_6,1258.0,713.8,22.0,-58.6,2.3,,,,
64.156,7,Atta_7,145.6,2655.6,172.4,27.3,0.9,,,,
64.156,8,Atta_8,1471.3,2591.6,356.8,40.3,-6.7,,,,
64.156,9,Atta_9,1844.8,2349.8,300.8,79.0,-2.7,,,,
64.156,10,Atta_10,243.7,2061.4,68.2,-46.8,-0.8,,,,
64.224,1,Atta_1,783.8,1784.6,327.0,44.4,-4.3,,,,
64.224,2,Atta_2,1560.3,775.2,36.3,-64.6,-3.6,,,,
64.224,3,Atta_3,1486.0,617.9,82.6,-15.0,0.9,,,,
64.224,4,Atta_4,798.5,182.2,29.3,-39.9,1.3,,,,
64.224,5,Atta_5,1318.4,1598.5,23.3,-38.0,-3.3,,,,
64.224,6,Atta_6,1278.9,753.4,20.9,44.8,-1.1,,,,
64.224,7,Atta_7,125.4,2742.5,172.8,89.2,0.4,,,,
64.224,8,Atta_8,1495.2,2649.3,354.1,62.5,-2.7,,,,
64.224,9,Atta_9,1867.0,2407.2,294.7,-61.5,-6.1,,,,
64.224,10,Atta_10,283.6,2142.2,70.0,90.1,1.8,,,,
64.291,1,Atta_1,729.5,1798.3,320.2,-56.0,-6.8,,,,
64.291,2,Atta_2,1556.2,841.4,42.1,66.3,5.8,,,,
64.291,3,Atta_3,1444.7,606.0,80.7,-43.0,-1.9,,,,
64.291,4,Atta_4,741.0,190.4,40.2,-58.1,10.9,,,,
64.291,5,Atta_5,1327.6,1612.2,15.7,16.5,-7.6,,,,
64.291,6,Atta_6,1282.8,681.2,22.3,-72.3,1.4,,,,
64.291,7,Atta_7,111.1,2690.8,172.3,53.6,-0.5,,,,
64.291,8,Atta_8,1489.4,2651.1,351.7,-6.1,-2.4,,,,
64.291,9,Atta_9,1822.3,2392.2,290.7,-47.1,-4.0,,,,
64.291,10,Atta_10,257.0,2097.3,73.9,-52.2,3.9,,,,
64.356,1,Atta_1,709.5,1778.0,315.0,-28.5,-5.2,,,,
64.356,2,Atta_2,1639.2,786.5,35.1,99.5,-7.0,,,,
64.356,3,Atta_3,1409.4,614.5,80.3,36.3,-0.4,,,,
64.356,4,Atta_4,816.8,187.6,40.8,75.9,0.6,,,,
64.356,5,Atta_5,1325.9,1673.1,14.0,60.9,-1.7,,,,
64.356,6,Atta_6,1225.4,682.5,22.2,-57.4,-0.1,,,,
64.356,7,Atta_7,83.9,2733.2,172.1,50.4,-0.2,,,,
64.356,8,Atta_8,1446.8,2605.4,343.1,-62.5,-8.6,,,,
64.356,9,Atta_9,1807.0,2393.9,296.8,-15.4,6.1,,,,
64.356,10,Atta_10,237.8,2081.2,71.0,-25.1,-2.9,,,,
64.422,1,Atta_1,746.6,1825.6,310.6,-60.4,-4.4,,,,
64.422,2,Atta_2,1623.6,847.2,41.3,62.7,6.2,,,,
64.422,3,Atta_3,1451.3,627.2,84.6,43.8,4.3,,,,
64.422,4,Atta_4,856.3,179.3,47.5,40.4,6.7,,,,
64.422,5,Atta_5,1340.8,1705.7,15.6,35.8,1.6,,,,
64.422,6,Atta_6,1273.8,666.7,29.2,50.9,7.0,,,,
64.422,7,Atta_7,159.5,2673.9,170.6,-96.1,-1.5,,,,
64.422,8,Atta_8,1508.8,2585.1,344.4,65.2,1.3,,,,
64.422,9,Atta_9,1823.9,2399.0,290.2,17.7,-6.6,,,,
64.422,10,Atta_10,249.6,2111.1,69.4,32.1,-1.6,,,,
64.489,1,Atta_1,716.1,1872.4,311.3,-55.9,0.7,,,,
64.489,2,Atta_2,1660.8,896.6,38.4,61.8,-2.9,,,,
64.489,3,Atta_3,1465.8,632.4,89.2,15.4,4.6,,,,
64.489,4,Atta_4,772.4,164.9,46.4,-85.1,-1.1,,,,
64.489,5,Atta_5,1302.9,1631.2,14.6,-83.6,-1.0,,,,
64.489,6,Atta_6,1238.3,700.6,32.0,-49.1,2.8,,,,
64.489,7,Atta_7,85.1,2683.9,176.4,75.1,5.8,,,,
64.489,8,Atta_8,1466.8,2577.6,334.7,-42.7,-9.7,,,,
64.489,9,Atta_9,1850.1,2339.2,292.1,65.3,1.9,,,,
64.489,10,Atta_10,305.0,2070.5,73.4,-68.7,4.0,,,,
64.544,1,Atta_1,721.7,1810.1,313.0,62.6,1.7,,,,
64.544,2,Atta_2,1628.3,881.3,36.0,-35.9,-2.4,,,,
64.544,3,Atta_3,1439.9,632.1,92.4,-25.9,3.2,,,,
64.544,4,Atta_4,787.1,204.7,51.1,42.4,4.7,,,,
64.544,5,Atta_5,1386.1,1687.5,9.5,100.5,-5.1,,,,
64.544,6,Atta_6,1268.3,707.3,39.4,30.7,7.4,,,,
64.544,7,Atta_7,171.7,2685.9,171.7,-86.6,-4.7,,,,
64.544,8,Atta_8,1482.1,2592.5,329.0,21.4,-5.7,,,,
64.544,9,Atta_9,1841.2,2340.7,291.0,-9.0,-1.1,,,,
64.544,10,Atta_10,274.1,2135.4,74.7,71.9,1.3,,,,
64.615,1,Atta_1,725.4,1838.5,308.4,-28.6,-4.6,,,,
64.615,3,Atta_3,1447.0,576.5,94.7,-56.1,2.3,,,,
64.615,4,Atta_4,772.4,118.0,58.6,-87.9,7.5,,,,
64.615,5,Atta_5,1343.5,1663.0,17.7,-49.1,8.2,,,,
64.615,6,Atta_6,1277.8,660.1,40.3,-48.1,0.9,,,,
64.615,7,Atta_7,156.0,2696.3,168.8,18.8,-2.9,,,,
64.615,8,Atta_8,1501.2,2651.4,325.8,-61.9,-3.2,,,,
64.615,9,Atta_9,1859.4,2347.8,295.9,-19.5,4.9,,,,
64.615,10,Atta_10,329.9,2130.6,73.2,56.0,-1.5,,,,
64.676,1,Atta_1,746.1,1755.4,306.6,85.6,-1.8,,,,
64.676,2,Atta_2,1618.7,773.4,38.4,-108.3,2.4,,,,
64.676,3,Atta_3,1446.4,628.0,104.3,51.5,9.6,,,,
64.676,4,Atta_4,812.3,185.5,63.0,78.4,4.4,,,,
64.676,5,Atta_5,1335.6,1630.3,18.4,-33.6,0.7,,,,
64.676,6,Atta_6,1256.7,731.0,49.3,74.0,9.0,,,,
64.676,7,Atta_7,153.2,2717.3,175.4,21.2,6.6,,,,
64.676,8,Atta_8,1461.7,2628.4,319.9,-45.7,-5.9,,,,
64.676,9,Atta_9,1832.6,2346.7,291.3,-26.8,-4.6,,,,
64.676,10,Atta_10,338.3,2154.7,71.8,25.5,-1.4,,,,
64.742,1,Atta_1,728.7,1797.3,312.5,-45.4,5.9,,,,
64.742,2,Atta_2,1649.6,830.5,37.2,64.9,-1.2,,,,
64.742,3,Atta_3,1478.2,623.1,106.5,-32.2,2.2,,,,
64.742,4,Atta_4,797.0,168.1,68.3,-23.2,5.3,,,,
64.742,5,Atta_5,1356.1,1570.9,20.8,62.8,2.4,,,,
64.742,6,Atta_6,1295.7,738.6,49.6,39.7,0.3,,,,
64.742,7,Atta_7,184.0,2698.7,171.3,-36.0,-4.1,,,,
64.742,8,Atta_8,1470.9,2583.6,315.9,45.7,-4.0,,,,
64.742,9,Atta_9,1806.1,2309.4,291.6,45.8,0.3,,,,
64.742,10,Atta_10,347.1,2139.5,72.4,-17.6,0.6,,,,
64.808,1,Atta_1,754.8,1795.8,314.1,26.1,1.6,,,,
64.808,2,Atta_2,1679.8,842.1,39.4,32.4,2.2,,,,
64.808,3,Atta_3,1473.6,634.7,108.7,12.5,2.2,,,,
64.808,4,Atta_4,787.2,193.4,70.4,27.1,2.1,,,,
64.808,5,Atta_5,1325.4,1658.1,25.9,92.4,5.1,,,,
64.808,6,Atta_6,1239.4,684.3,55.7,-78.2,6.1,,,,
64.808,7,Atta_7,141.9,2722.3,171.2,48.3,-0.1,,,,
64.808,8,Atta_8,1488.1,2638.6,311.8,-57.6,-4.1,,,,
64.808,9,Atta_9,1899.8,2337.1,293.0,97.7,1.4,,,,
64.808,10,Atta_10,283.1,2177.4,75.8,74.4,3.4,,,,
64.877,1,Atta_1,714.5,1755.9,317.1,56.7,3.0,,,,
64.877,2,Atta_2,1629.6,861.8,38.2,-53.9,-1.2,,,,
64.877,3,Atta_3,1446.7,613.3,113.1,-34.4,4.4,,,,
64.877,4,Atta_4,834.6,151.8,74.7,-63.1,4.3,,,,
64.877,5,Atta_5,1323.7,1568.6,31.2,-89.5,5.3,,,,
64.877,6,Atta_6,1263.0,707.9,60.5,33.4,4.8,,,,
64.877,7,Atta_7,117.0,2643.8,170.3,82.4,-0.9,,,,
64.877,8,Atta_8,1433.1,2643.5,308.8,-55.2,-3.0,,,,
64.877,9,Atta_9,1835.5,2376.3,289.4,-75.3,-3.6,,,,
64.877,10,Atta_10,278.0,2125.8,69.5,-51.9,-6.3,,,,
64.943,1,Atta_1,757.8,1818.7,323.9,-76.3,6.8,,,,
64.943,2,Atta_2,1676.9,843.8,40.9,50.6,2.7,,,,
64.943,3,Atta_3,1489.8,613.5,119.7,-43.1,6.6,,,,
64.943,4,Atta_4,775.8,189.2,85.3,69.7,10.6,,,,
64.943,5,Atta_5,1354.8,1609.7,31.6,51.5,0.4,,,,
64.943,6,Atta_6,1288.6,705.9,66.8,25.7,6.3,,,,
64.943,7,Atta_7,213.3,2695.6,170.7,-109.3,0.4,,,,
64.943,8,Atta_8,1437.3,2582.1,307.2,61.5,-1.6,,,,
64.943,9,Atta_9,1841.6,2324.9,297.6,51.8,8.2,,,,
64.943,10,Atta_10,342.0,2218.2,69.5,112.4,0.0,,,,
65.015,1,Atta_1,785.6,1800.3,330.3,33.3,6.4,,,,
65.015,2,Atta_2,1660.8,907.3,43.9,65.5,3.0,,,,
65.015,3,Atta_3,1511.5,622.4,123.8,-23.5,4.1,,,,
65.015,4,Atta_4,781.4,155.7,85.8,-34.0,0.5,,,,
65.015,5,Atta_5,1332.6,1632.0,41.1,-31.5,9.5,,,,
65.015,6,Atta_6,1250.3,729.8,70.1,45.1,3.3,,,,
65.015,7,Atta_7,249.1,2649.3,171.6,-58.5,0.9,,,,
65.015,8,Atta_8,1511.5,2583.3,302.4,74.2,-4.8,,,,
65.015,9,Atta_9,1895.4,2295.9,293.3,61.1,-4.3,,,,
65.015,10,Atta_10,304.9,2246.9,71.5,46.9,2.0,,,,
65.066,1,Atta_1,718.8,1821.6,332.1,-70.1,1.8,,,,
65.066,2,Atta_2,1619.5,827.2,40.8,-90.1,-3.1,,,,
65.066,3,Atta_3,1428.9,600.8,128.0,85.4,4.2,,,,
65.066,4,Atta_4,764.0,130.1,87.3,-31.0,1.5,,,,
65.066,5,Atta_5,1350.4,1643.3,42.4,21.1,1.3,,,,
65.066,6,Atta_6,1288.6,749.1,72.0,42.9,1.9,,,,
65.066,7,Atta_7,120.9,2704.1,164.6,139.4,-7.0,,,,
65.066,8,Atta_8,1424.5,2635.1,295.6,-101.3,-6.8,,,,
65.066,9,Atta_9,1846.3,2270.4,296.8,55.3,3.5,,,,
65.066,10,Atta_10,335.9,2233.8,71.3,-33.7,-0.2,,,,
65.187,1,Atta_1,754.2,1801.2,335.6,40.9,3.5,,,,
65.187,2,Atta_2,1636.0,753.9,38.7,-75.1,-2.1,,,,
65.187,3,Atta_3,1491.9,616.2,137.3,-64.9,9.3,,,,
65.187,4,Atta_4,803.3,137.3,95.1,40.0,7.8,,,,
65.187,5,Atta_5,1357.1,1696.6,48.6,53.7,6.2,,,,
65.187,6,Atta_6,1274.5,724.2,72.3,-28.6,0.3,,,,
65.187,7,Atta_7,153.1,2698.3,160.9,-32.7,-3.7,,,,
65.187,8,Atta_8,1470.2,2623.1,289.6,47.2,-6.0,,,,
65.187,9,Atta_9,1862.2,2326.2,293.8,-58.0,-3.0,,,,
65.187,10,Atta_10,334.0,2226.1,71.0,-7.9,-0.3,,,,
65.244,1,Atta_1,766.1,1802.0,337.1,11.9,1.5,,,,
65.244,2,Atta_2,1558.3,796.0,42.2,-88.4,3.5,,,,
65.244,3,Atta_3,1504.8,601.5,136.4,-19.6,-0.9,,,,
65.244,4,Atta_4,811.7,158.4,102.6,22.7,7.5,,,,
65.244,5,Atta_5,1384.0,1638.9,55.5,-63.7,6.9,,,,
65.244,6,Atta_6,1262.5,716.2,77.6,-14.4,5.3,,,,
65.244,7,Atta_7,200.3,2703.8,155.2,-47.5,-5.7,,,,
65.244,8,Atta_8,1483.8,2613.3,290.7,16.8,1.1,,,,
65.244,9,Atta_9,1861.8,2302.6,293.6,23.6,-0.2,,,,
65.244,10,Atta_10,271.9,2251.9,70.5,67.2,-0.5,,,,
65.314,1,Atta_1,769.1,1785.2,343.4,17.1,6.3,,,,
65.314,2,Atta_2,1587.7,823.9,44.3,40.5,2.1,,,,
65.314,3,Atta_3,1485.0,576.5,141.0,-31.9,4.6,,,,
65.314,4,Atta_4,795.7,173.3,100.4,21.9,-2.2,,,,
65.314,5,Atta_5,1325.9,1616.2,58.2,-62.4,2.7,,,,
65.314,6,Atta_6,1239.3,662.3,78.0,-58.7,0.4,,,,
65.314,7,Atta_7,159.4,2660.1,153.6,59.9,-1.6,,,,
65.314,8,Atta_8,1524.2,2615.2,292.3,40.4,1.6,,,,
65.314,9,Atta_9,1891.3,2253.5,295.6,57.3,2.0,,,,
65.314,10,Atta_10,340.4,2224.9,75.4,-73.6,4.9,,,,
65.368,1,Atta_1,771.1,1790.8,351.6,5.9,8.2,,,,
65.368,2,Atta_2,1637.9,770.2,42.7,-73.5,-1.6,,,,
65.368,3,Atta_3,1471.2,613.0,140.6,39.0,-0.4,,,,
65.368,4,Atta_4,806.1,231.6,105.8,59.2,5.4,,,,
65.368,5,Atta_5,1319.9,1617.7,58.2,-6.2,0.0,,,,
65.368,6,Atta_6,1265.4,706.2,79.2,51.1,1.2,,,,
65.368,7,Atta_7,151.3,2693.1,148.6,34.0,-5.0,,,,
65.368,8,Atta_8,1473.2,2570.8,293.7,67.6,1.4,,,,
65.368,9,Atta_9,1861.6,2294.5,291.0,-50.6,-4.6,,,,
65.368,10,Atta_10,372.9,2235.8,71.2,34.3,-4.2,,,,
65.437,1,Atta_1,730.9,1795.3,356.0,-40.5,4.4,,,,
65.437,2,Atta_2,1527.9,799.9,44.3,-113.9,1.6,,,,
65.437,3,Atta_3,1420.0,626.7,139.6,53.0,-1.0,,,,
65.437,4,Atta_4,834.4,142.2,113.5,-93.8,7.7,,,,
65.437,5,Atta_5,1363.3,1647.0,64.3,52.4,6.1,,,,
65.437,6,Atta_6,1279.1,699.9,81.3,-15.1,2.1,,,,
65.437,7,Atta_7,224.1,2709.5,147.3,-74.6,-1.3,,,,
65.437,8,Atta_8,1463.2,2625.2,293.6,-55.3,-0.1,,,,
65.437,9,Atta_9,1884.1,2275.2,294.5,29.6,3.5,,,,
65.437,10,Atta_10,344.9,2344.9,71.7,112.6,0.5,,,,
65.503,1,Atta_1,725.6,1785.2,354.3,-11.4,-1.7,,,,
65.503,2,Atta_2,1573.3,830.3,40.0,54.6,-4.3,,,,
65.503,3,Atta_3,1486.1,594.2,141.4,-73.7,1.8,,,,
65.503,4,Atta_4,827.8,198.4,119.3,56.6,5.8,,,,
65.503,5,Atta_5,1347.5,1638.3,70.4,-18.0,6.1,,,,
65.503,6,Atta_6,1234.0,724.7,79.0,51.5,-2.3,,,,
65.503,7,Atta_7,144.1,2695.2,138.1,81.3,-9.2,,,,
65.503,8,Atta_8,1496.6,2657.8,293.8,-46.7,0.2,,,,
65.503,9,Atta_9,1892.7,2268.7,294.6,10.8,0.1,,,,
65.503,10,Atta_10,343.5,2280.9,73.9,-64.0,2.2,,,,
65.569,1,Atta_1,799.3,1869.1,5.6,111.7,11.3,,,,
65.569,2,Atta_2,1590.0,803.5,42.3,-31.6,2.3,,,,
65.569,3,Atta_3,1394.3,593.9,138.2,91.8,-3.2,,,,
65.569,4,Atta_4,828.8,172.8,117.4,-25.6,-1.9,,,,
65.569,5,Atta_5,1326.4,1642.8,74.7,-21.6,4.3,,,,
65.569,6,Atta_6,1274.9,761.2,77.4,54.8,-1.6,,,,
65.569,7,Atta_7,169.9,2645.7,134.2,-55.8,-3.9,,,,
65.569,8,Atta_8,1430.5,2591.0,291.7,94.0,-2.1,,,,
65.569,9,Atta_9,1984.4,2279.8,292.4,92.4,-2.2,,,,
65.569,10,Atta_10,319.0,2220.6,73.0,-65.1,-0.9,,,,
65.623,1,Atta_1,764.8,1814.7,6.7,-64.4,1.1,,,,
65.623,2,Atta_2,1551.1,790.3,43.4,-41.1,1.1,,,,
65.623,3,Atta_3,1451.3,615.5,141.2,-61.0,3.0,,,,
65.623,4,Atta_4,763.9,200.6,124.5,70.6,7.1,,,,
65.623,5,Atta_5,1335.9,1621.3,79.2,-23.5,4.5,,,,
65.623,6,Atta_6,1272.2,734.2,75.2,-27.1,-2.2,,,,
65.623,7,Atta_7,194.7,2711.8,134.3,70.6,0.1,,,,
65.623,8,Atta_8,1546.9,2615.0,291.1,118.8,-0.6,,,,
65.623,9,Atta_9,1909.6,2180.1,290.5,124.6,-1.9,,,,
65.623,10,Atta_10,378.0,2294.4,68.4,94.5,-4.6,,,,
65.69,1,Atta_1,742.1,1794.6,11.4,-30.3,4.7,,,,
65.69,2,Atta_2,1512.2,807.6,46.3,-42.6,2.9,,,,
65.69,3,Atta_3,1467.6,596.7,140.5,-24.9,-0.7,,,,
65.69,4,Atta_4,781.3,198.5,131.1,-17.5,6.6,,,,
65.69,5,Atta_5,1355.9,1652.6,86.0,37.1,6.8,,,,
65.69,6,Atta_6,1276.1,763.6,78.0,29.7,2.8,,,,
65.69,7,Atta_7,170.6,2702.5,127.3,25.8,-7.0,,,,
65.69,8,Atta_8,1464.8,2589.4,287.9,-86.0,-3.2,,,,
65.69,9,Atta_9,1859.4,2220.3,290.4,-64.3,-0.1,,,,
65.69,10,Atta_10,337.4,2316.9,71.5,46.4,3.1,,,,
65.743,1,Atta_1,756.0,1770.4,19.1,27.9,7.7,,,,
65.743,2,Atta_2,1526.0,783.7,40.1,-27.6,-6.2,,,,
65.743,3,Atta_3,1446.6,655.3,137.2,62.2,-3.3,,,,
65.743,4,Atta_4,780.9,163.2,133.5,-35.3,2.4,,,,
65.743,5,Atta_5,1328.5,1610.9,86.5,-49.9,0.5,,,,
65.743,6,Atta_6,1302.7,765.7,77.3,26.7,-0.7,,,,
65.743,7,Atta_7,142.2,2683.9,121.1,33.9,-6.2,,,,
65.743,8,Atta_8,1527.8,2502.6,294.0,107.3,6.1,,,,
65.743,9,Atta_9,1907.5,2200.0,290.2,52.2,-0.2,,,,
65.743,10,Atta_10,331.8,2305.5,71.5,-12.7,0.0,,,,
65.875,1,Atta_1,718.3,1819.6,21.5,-62.0,2.4,,,,
65.875,2,Atta_2,1557.0,818.9,34.3,46.9,-5.8,,,,
65.875,3,Atta_3,1473.8,602.0,142.1,-59.8,4.9,,,,
65.875,4,Atta_4,819.3,201.3,141.5,54.1,8.0,,,,
65.875,5,Atta_5,1307.4,1653.4,93.9,47.4,7.4,,,,
65.875,6,Atta_6,1317.3,754.4,79.0,-18.5,1.7,,,,
65.875,7,Atta_7,137.8,2729.0,115.2,45.3,-5.9,,,,
65.875,8,Atta_8,1486.2,2501.0,290.4,-41.6,-3.6,,,,
65.875,9,Atta_9,1952.5,2212.6,297.4,46.7,7.2,,,,
65.875,10,Atta_10,328.6,2297.5,70.5,-8.6,-1.0,,,,
65.943,1,Atta_1,704.6,1796.0,19.7,-27.3,-1.8,,,,
65.943,2,Atta_2,1528.9,777.0,27.0,-50.5,-7.3,,,,
65.943,3,Atta_3,1402.6,692.5,139.5,115.2,-2.6,,,,
65.943,4,Atta_4,798.6,186.1,142.0,25.7,0.5,,,,
65.943,5,Atta_5,1390.5,1637.7,101.6,-84.6,7.7,,,,
65.943,6,Atta_6,1284.5,779.2,80.2,41.1,1.2,,,,
65.943,7,Atta_7,149.0,2719.0,114.4,-15.0,-0.8,,,,
65.943,8,Atta_8,1524.5,2468.8,292.4,50.0,2.0,,,,
65.943,9,Atta_9,1940.8,2168.7,295.1,45.4,-2.3,,,,
65.943,10,Atta_10,358.8,2335.6,74.4,48.6,3.9,,,,
66.012,1,Atta_1,746.4,1778.1,24.1,45.5,4.4,,,,
66.012,2,Atta_2,1549.9,760.0,17.8,27.0,-9.2,,,,
66.012,3,Atta_3,1403.4,679.2,141.5,-13.3,2.0,,,,
66.012,4,Atta_4,839.5,134.1,142.3,-66.2,0.3,,,,
66.012,5,Atta_5,1330.1,1622.5,109.4,-62.3,7.8,,,,
66.012,6,Atta_6,1333.6,813.5,80.5,59.9,0.3,,,,
66.012,7,Atta_7,122.9,2727.1,114.6,27.3,0.2,,,,
66.012,8,Atta_8,1533.4,2510.2,292.5,-42.3,0.1,,,,
66.012,9,Atta_9,1898.1,2117.5,291.4,66.7,-3.7,,,,
66.012,10,Atta_10,375.2,2353.6,70.8,24.4,-3.6,,,,
66.141,1,Atta_1,783.8,1795.0,21.4,41.0,-2.7,,,,
66.141,2,Atta_2,1545.6,794.4,21.3,34.7,3.5,,,,
66.141,3,Atta_3,1425.4,663.9,139.6,-26.8,-1.9,,,,
66.141,4,Atta_4,841.7,206.2,140.1,72.1,-2.2,,,,
66.141,5,Atta_5,1342.0,1630.2,108.7,14.2,-0.7,,,,
66.141,6,Atta_6,1317.4,799.1,79.1,-21.7,-1.4,,,,
66.141,7,Atta_7,155.1,2715.0,113.9,-34.4,-0.7,,,,
66.141,8,Atta_8,1510.8,2448.2,295.9,66.0,3.4,,,,
66.141,9,Atta_9,1955.6,2115.6,291.2,57.5,-0.2,,,,
66.141,10,Atta_10,317.4,2429.2,74.4,95.2,3.6,,,,
66.21,1,Atta_1,710.5,1747.9,20.0,-87.1,-1.4,,,,
66.21,2,Atta_2,1603.9,760.1,12.0,67.6,-9.3,,,,
66.21,3,Atta_3,1404.6,617.9,137.0,-50.5,-2.6,,,,
66.21,4,Atta_4,787.3,214.4,142.0,55.0,1.9,,,,
66.21,5,Atta_5,1322.6,1665.9,115.6,40.6,6.9,,,,
66.21,6,Atta_6,1268.7,833.7,78.7,59.7,-0.4,,,,
66.21,7,Atta_7,189.1,2665.5,115.3,-60.1,1.4,,,,
66.21,8,Atta_8,1560.5,2522.4,293.8,-89.3,-2.1,,,,
66.21,9,Atta_9,1952.8,2111.1,292.1,5.3,0.9,,,,
66.21,10,Atta_10,370.4,2401.6,75.6,-59.8,1.2,,,,
66.279,1,Atta_1,778.0,1774.4,22.6,72.5,2.6,,,,
66.279,2,Atta_2,1545.5,721.2,7.3,-70.2,-4.7,,,,
66.279,3,Atta_3,1420.0,712.8,137.8,96.1,0.8,,,,
66.279,4,Atta_4,807.0,169.4,144.6,-49.1,2.6,,,,
66.279,5,Atta_5,1293.5,1602.3,122.7,-69.9,7.1,,,,
66.279,6,Atta_6,1243.6,786.7,75.8,-53.3,-2.9,,,,
66.279,7,Atta_7,179.0,2684.7,110.8,21.7,-4.5,,,,
66.279,8,Atta_8,1486.0,2437.0,288.4,113.3,-5.4,,,,
66.279,9,Atta_9,1940.6,2098.7,293.4,17.4,1.3,,,,
66.279,10,Atta_10,358.2,2392.4,73.4,-15.3,-2.2,,,,
66.347,2,Atta_2,1531.9,766.4,2.2,-47.2,-5.1,,,,
66.347,3,Atta_3,1380.6,735.2,142.4,45.3,4.6,,,,
66.347,4,Atta_4,835.1,147.4,140.7,-35.7,-3.9,,,,
66.347,5,Atta_5,1344.4,1680.3,124.2,93.1,1.5,,,,
66.347,6,Atta_6,1311.9,823.6,72.4,77.6,-3.4,,,,
66.347,7,Atta_7,213.0,2738.3,118.9,63.5,8.1,,,,
66.347,8,Atta_8,1576.1,2481.0,293.3,-100.3,4.9,,,,
66.347,9,Atta_9,1919.7,2102.1,292.3,-21.2,-1.1,,,,
66.347,10,Atta_10,374.8,2378.7,68.6,-21.5,-4.8,,,,
66.413,1,Atta_1,794.0,1798.1,21.7,28.6,-0.9,,,,
66.413,2,Atta_2,1557.7,749.1,356.7,31.1,-5.5,,,,
66.413,3,Atta_3,1390.1,694.6,138.3,-41.7,-4.1,,,,
66.413,4,Atta_4,801.6,184.0,136.8,49.6,-3.9,,,,
66.413,5,Atta_5,1340.2,1625.9,130.1,-54.6,5.9,,,,
66.413,6,Atta_6,1280.1,812.9,68.1,-33.6,-4.3,,,,
66.413,7,Atta_7,158.7,2682.2,123.3,-78.1,4.4,,,,
66.413,8,Atta_8,1576.2,2445.9,288.7,35.1,-4.6,,,,
66.413,9,Atta_9,1966.4,2091.5,294.4,47.9,2.1,,,,
66.413,10,Atta_10,349.6,2433.6,72.6,60.4,4.0,,,,
66.479,1,Atta_1,751.7,1771.2,23.3,-50.1,1.6,,,,
66.479,2,Atta_2,1527.9,744.8,354.8,-30.1,-1.9,,,,
66.479,3,Atta_3,1384.1,692.2,135.5,6.5,-2.8,,,,
66.479,4,Atta_4,850.1,182.2,140.3,-48.5,3.5,,,,
66.479,5,Atta_5,1338.2,1632.2,132.2,6.6,2.1,,,,
66.479,6,Atta_6,1349.6,827.7,62.9,71.1,-5.2,,,,
66.479,7,Atta_7,179.5,2654.0,122.3,-35.0,-1.0,,,,
66.479,8,Atta_8,1523.4,2489.9,293.1,-68.7,4.4,,,,
66.479,9,Atta_9,1961.9,2120.7,296.8,-29.5,2.4,,,,
66.479,10,Atta_10,377.5,2397.9,69.5,-45.3,-3.1,,,,
66.549,1,Atta_1,765.9,1803.6,20.8,35.4,-2.5,,,,
66.549,2,Atta_2,1513.8,753.8,350.7,-16.7,-4.1,,,,
66.549,3,Atta_3,1393.5,738.5,128.1,47.2,-7.4,,,,
66.549,4,Atta_4,791.5,212.0,141.9,65.7,1.6,,,,
66.549,5,Atta_5,1311.5,1642.2,137.4,28.5,5.2,,,,
66.549,6,Atta_6,1349.9,803.9,59.3,-23.8,-3.6,,,,
66.549,7,Atta_7,249.9,2670.9,119.6,-72.4,-2.7,,,,
66.549,8,Atta_8,1559.7,2462.2,290.8,45.7,-2.3,,,,
66.549,9,Atta_9,1881.7,2143.2,296.4,-83.3,-0.4,,,,
66.549,10,Atta_10,406.2,2421.8,73.3,37.3,3.8,,,,
66.602,1,Atta_1,802.6,1780.7,24.7,43.3,3.9,,,,
66.602,2,Atta_2,1475.0,766.4,344.1,-40.8,-6.6,,,,
66.602,3,Atta_3,1412.7,693.2,120.2,-49.2,-7.9,,,,
66.602,4,Atta_4,773.8,199.9,140.7,21.4,-1.2,,,,
66.602,5,Atta_5,1313.7,1691.3,145.9,49.1,8.5,,,,
66.602,6,Atta_6,1258.7,815.4,53.6,-91.9,-5.7,,,,
66.602,7,Atta_7,217.5,2644.2,124.9,-42.0,5.3,,,,
66.602,8,Atta_8,1519.7,2432.3,292.3,49.9,1.5,,,,
66.602,9,Atta_9,1925.1,2114.3,295.7,52.1,-0.7,,,,
66.602,10,Atta_10,379.2,2426.1,72.0,-27.3,-1.3,,,,
66.672,1,Atta_1,826.4,1797.6,22.1,29.2,-2.6,,,,
66.672,2,Atta_2,1582.8,774.3,339.6,108.1,-4.5,,,,
66.672,3,Atta_3,1337.3,739.6,117.5,88.5,-2.7,,,,
66.672,4,Atta_4,700.0,230.9,140.3,80.0,-0.4,,,,
66.672,5,Atta_5,1378.2,1603.0,147.9,-109.3,2.0,,,,
66.672,6,Atta_6,1288.3,834.6,50.6,35.3,-3.0,,,,
66.672,7,Atta_7,219.9,2678.1,122.9,34.0,-2.0,,,,
66.672,8,Atta_8,1566.9,2410.2,292.4,52.1,0.1,,,,
66.672,9,Atta_9,1918.3,2169.5,302.4,-55.6,6.7,,,,
66.672,10,Atta_10,358.1,2435.7,71.2,23.2,-0.8,,,,
66.724,1,Atta_1,802.6,1830.0,25.0,-40.2,2.9,,,,
66.724,2,Atta_2,1558.6,769.0,335.5,-24.8,-4.1,,,,
66.724,3,Atta_3,1349.9,679.9,111.2,-61.0,-6.3,,,,
66.724,4,Atta_4,766.7,254.3,140.7,-70.7,0.4,,,,
66.724,5,Atta_5,1287.7,1640.5,150.1,98.0,2.2,,,,
66.724,6,Atta_6,1270.5,816.9,45.6,-25.1,-5.0,,,,
66.724,7,Atta_7,243.2,2672.6,118.2,-23.9,-4.7,,,,
66.724,8,Atta_8,1601.5,2414.8,291.9,34.9,-0.5,,,,
66.724,9,Atta_9,1894.4,2154.0,299.8,28.5,-2.6,,,,
66.724,10,Atta_10,371.6,2403.8,72.5,-34.6,1.3,,,,
66.793,1,Atta_1,859.3,1836.0,22.8,57.0,-2.2,,,,
66.793,2,Atta_2,1540.8,787.6,335.7,-25.7,0.2,,,,
66.793,3,Atta_3,1352.7,687.9,108.9,8.5,-2.3,,,,
66.793,4,Atta_4,727.9,235.4,142.0,43.2,1.3,,,,
66.793,5,Atta_5,1294.0,1659.3,155.0,19.8,4.9,,,,
66.793,6,Atta_6,1331.8,830.9,50.7,62.9,5.1,,,,
66.793,7,Atta_7,182.9,2636.4,125.0,-70.3,6.8,,,,
66.793,8,Atta_8,1527.1,2424.8,291.4,-75.1,-0.5,,,,
66.793,9,Atta_9,1913.1,2129.4,297.2,30.9,-2.6,,,,
66.793,10,Atta_10,408.7,2502.4,70.8,105.3,-1.7,,,,
66.862,1,Atta_1,824.4,1835.2,25.2,-34.9,2.4,,,,
66.862,2,Atta_2,1525.9,826.4,328.6,-41.6,-7.1,,,,
66.862,3,Atta_3,1416.7,650.1,101.5,-74.3,-7.4,,,,
66.862,4,Atta_4,778.1,267.4,141.1,-59.5,-0.9,,,,
66.862,5,Atta_5,1319.8,1654.5,159.5,-26.2,4.5,,,,
66.862,6,Atta_6,1313.0,817.9,52.2,-22.9,1.5,,,,
66.862,7,Atta_7,200.3,2631.5,126.8,-18.1,1.8,,,,
66.862,8,Atta_8,1540.1,2371.3,291.4,55.1,0.0,,,,
66.862,9,Atta_9,1866.4,2153.9,300.3,-52.7,3.1,,,,
66.862,10,Atta_10,384.9,2487.1,74.8,-28.3,4.0,,,,
66.914,1,Atta_1,760.1,1871.9,27.5,-74.0,2.3,,,,
66.914,2,Atta_2,1563.3,753.9,324.4,81.6,-4.2,,,,
66.914,3,Atta_3,1349.9,633.5,97.9,-68.8,-3.6,,,,
66.914,4,Atta_4,725.5,253.5,141.5,54.4,0.4,,,,
66.914,5,Atta_5,1299.2,1632.3,165.8,30.3,6.3,,,,
66.914,6,Atta_6,1278.5,807.4,49.4,-36.1,-2.8,,,,
66.914,7,Atta_7,219.1,2582.5,130.0,-52.5,3.2,,,,
66.914,8,Atta_8,1572.4,2333.1,293.1,50.0,1.7,,,,
66.914,9,Atta_9,1885.6,2219.7,293.8,-68.5,-6.5,,,,
66.914,10,Atta_10,386.1,2527.6,71.4,40.5,-3.4,,,,
67.029,1,Atta_1,823.5,1861.5,25.6,64.2,-1.9,,,,
67.029,2,Atta_2,1558.5,815.8,313.4,-62.1,-11.0,,,,
67.029,3,Atta_3,1391.6,698.9,88.8,77.6,-9.1,,,,
67.029,4,Atta_4,737.9,274.9,139.7,24.7,-1.8,,,,
67.029,5,Atta_5,1361.8,1655.0,173.1,-66.6,7.3,,,,
67.029,6,Atta_6,1245.4,793.2,47.5,-36.0,-1.9,,,,
67.029,7,Atta_7,206.5,2609.5,145.1,29.8,15.1,,,,
67.029,8,Atta_8,1562.4,2363.1,292.2,-31.6,-0.9,,,,
67.029,9,Atta_9,1892.5,2165.2,287.8,54.9,-6.0,,,,
67.029,10,Atta_10,390.3,2562.0,69.1,34.7,-2.3,,,,
67.166,1,Atta_1,869.7,1873.5,25.2,47.7,-0.4,,,,
67.166,2,Atta_2,1507.7,771.4,309.5,-67.5,-3.9,,,,
67.166,3,Atta_3,1353.3,728.7,86.7,48.5,-2.1,,,,
67.166,4,Atta_4,677.2,293.7,141.3,63.5,1.6,,,,
67.166,5,Atta_5,1378.7,1616.7,180.6,-41.9,7.5,,,,
67.166,6,Atta_6,1346.7,897.0,48.3,145.0,0.8,,,,
67.166,7,Atta_7,224.9,2670.3,145.7,63.5,0.6,,,,
67.166,8,Atta_8,1561.2,2335.6,292.0,27.5,-0.2,,,,
67.166,9,Atta_9,1897.7,2200.1,282.0,-35.3,-5.8,,,,
67.166,10,Atta_10,433.9,2600.6,73.2,58.2,4.1,,,,
67.216,1,Atta_1,906.0,1881.4,25.1,37.1,-0.1,,,,
67.216,2,Atta_2,1537.1,746.3,307.4,38.7,-2.1,,,,
67.216,3,Atta_3,1344.6,660.5,82.2,-68.8,-4.5,,,,
67.216,4,Atta_4,710.8,316.9,143.4,-40.8,2.1,,,,
67.216,5,Atta_5,1414.1,1575.6,183.7,-54.2,3.1,,,,
67.216,6,Atta_6,1365.0,896.2,51.7,18.3,3.4,,,,
67.216,7,Atta_7,243.4,2643.5,153.2,-32.6,7.5,,,,
67.216,8,Atta_8,1603.9,2374.5,289.5,-57.8,-2.5,,,,
67.216,9,Atta_9,1937.2,2114.7,276.5,94.1,-5.5,,,,
67.216,10,Atta_10,393.1,2560.2,69.9,-57.4,-3.3,,,,
67.268,1,Atta_1,908.8,1874.0,24.5,-7.9,-0.6,,,,
67.268,2,Atta_2,1529.5,782.0,309.8,-36.5,2.4,,,,
67.268,3,Atta_3,1382.1,655.6,78.8,37.8,-3.4,,,,
67.268,4,Atta_4,605.6,325.4,143.0,105.5,-0.4,,,,
67.268,5,Atta_5,1339.1,1688.8,187.3,135.8,3.6,,,,
67.268,6,Atta_6,1328.3,856.5,50.1,-54.1,-1.6,,,,
67.268,7,Atta_7,153.9,2630.3,154.7,90.5,1.5,,,,
67.268,8,Atta_8,1564.9,2290.6,292.5,92.5,3.0,,,,
67.268,9,Atta_9,1966.4,2157.9,272.8,-52.1,-3.7,,,,
67.268,10,Atta_10,396.8,2531.9,72.6,-28.5,2.7,,,,
67.336,1,Atta_1,918.0,1896.2,23.7,24.0,-0.8,,,,
67.336,2,Atta_2,1538.3,788.5,311.3,10.9,1.5,,,,
67.336,3,Atta_3,1379.7,670.2,75.1,14.8,-3.7,,,,
67.336,4,Atta_4,707.3,346.1,141.9,-103.8,-1.1,,,,
67.336,5,Atta_5,1375.7,1578.2,193.6,-116.5,6.3,,,,
67.336,6,Atta_6,1388.2,846.6,47.5,60.7,-2.6,,,,
67.336,7,Atta_7,211.2,2649.0,156.5,-60.3,1.8,,,,
67.336,8,Atta_8,1599.7,2319.2,289.8,-45.0,-2.7,,,,
67.336,9,Atta_9,1860.2,2166.8,266.4,-106.6,-6.4,,,,
67.336,10,Atta_10,428.5,2595.4,70.0,71.0,-2.6,,,,
67.389,1,Atta_1,886.8,1938.1,25.7,-52.2,2.0,,,,
67.389,2,Atta_2,1575.2,791.1,307.7,37.0,-3.6,,,,
67.389,3,Atta_3,1394.2,717.2,67.8,49.2,-7.3,,,,
67.389,4,Atta_4,619.6,271.5,141.6,115.1,-0.3,,,,
67.389,5,Atta_5,1359.2,1611.1,190.3,36.8,-3.3,,,,
67.389,6,Atta_6,1357.2,851.7,51.3,-31.4,3.8,,,,
67.389,7,Atta_7,166.8,2671.8,160.9,49.9,4.4,,,,
67.389,8,Atta_8,1540.0,2281.4,282.4,70.7,-7.4,,,,
67.389,9,Atta_9,1913.2,2150.5,257.4,55.4,-9.0,,,,
67.389,10,Atta_10,428.0,2537.0,73.7,-58.4,3.7,,,,
67.457,1,Atta_1,993.8,1881.9,21.2,120.9,-4.5,,,,
67.457,2,Atta_2,1537.5,745.0,307.6,59.6,-0.1,,,,
67.457,3,Atta_3,1370.9,653.5,66.4,-67.8,-1.4,,,,
67.457,4,Atta_4,637.7,310.2,141.0,42.7,-0.6,,,,
67.457,5,Atta_5,1305.9,1652.5,191.6,67.5,1.3,,,,
67.457,6,Atta_6,1361.7,892.5,48.2,41.0,-3.1,,,,
67.457,7,Atta_7,180.3,2623.2,165.6,-50.4,4.7,,,,
67.457,8,Atta_8,1587.0,2306.7,276.7,-53.4,-5.7,,,,
67.457,9,Atta_9,1902.5,2157.8,257.9,-13.0,0.5,,,,
67.457,10,Atta_10,399.4,2563.0,69.5,38.7,-4.2,,,,
67.526,1,Atta_1,971.4,1916.6,23.5,-41.3,2.3,,,,
67.526,2,Atta_2,1570.0,711.1,308.4,47.0,0.8,,,,
67.526,3,Atta_3,1403.4,722.0,69.3,75.8,2.9,,,,
67.526,4,Atta_4,669.7,344.6,141.8,-47.0,0.8,,,,
67.526,5,Atta_5,1270.1,1672.4,190.9,41.0,-0.7,,,,
67.526,6,Atta_6,1296.8,881.2,50.5,-65.9,2.3,,,,
67.526,7,Atta_7,216.9,2648.2,171.4,-44.3,5.8,,,,
67.526,8,Atta_8,1556.6,2314.0,271.1,-31.3,-5.6,,,,
67.526,9,Atta_9,1896.8,2163.8,248.3,-8.3,-9.6,,,,
67.526,10,Atta_10,500.9,2633.9,74.8,123.8,5.3,,,,
67.594,1,Atta_1,975.6,1933.3,23.9,17.2,0.4,,,,
67.594,2,Atta_2,1585.4,692.4,308.4,24.2,0.0,,,,
67.594,3,Atta_3,1386.4,719.9,63.4,-17.1,-5.9,,,,
67.594,4,Atta_4,607.6,353.5,141.4,62.7,-0.4,,,,
67.594,5,Atta_5,1278.5,1648.6,191.8,-25.2,0.9,,,,
67.594,6,Atta_6,1376.1,912.2,52.6,85.1,2.1,,,,
67.594,7,Atta_7,212.7,2603.2,176.8,-45.2,5.4,,,,
67.594,8,Atta_8,1558.9,2375.0,268.4,-61.0,-2.7,,,,
67.594,9,Atta_9,1861.5,2155.8,249.4,36.2,1.1,,,,
67.594,10,Atta_10,457.5,2633.9,73.9,-43.4,-0.9,,,,
67.655,1,Atta_1,963.5,1891.7,23.6,-43.3,-0.3,,,,
67.655,2,Atta_2,1569.9,707.7,311.3,-21.8,2.9,,,,
67.655,3,Atta_3,1371.0,713.4,67.4,-16.7,4.0,,,,
67.655,4,Atta_4,601.5,318.9,141.7,-35.1,0.3,,,,
67.655,5,Atta_5,1338.3,1634.8,193.8,-61.4,2.0,,,,
67.655,6,Atta_6,1351.8,853.0,49.2,-64.0,-3.4,,,,
67.655,7,Atta_7,244.6,2603.0,175.7,-31.9,-1.1,,,,
67.655,8,Atta_8,1555.8,2320.0,268.1,55.1,-0.3,,,,
67.655,9,Atta_9,1883.6,2174.5,243.9,-28.9,-5.5,,,,
67.655,10,Atta_10,458.3,2621.9,69.3,-12.0,-4.6,,,,
67.792,1,Atta_1,977.1,1864.0,21.0,30.9,-2.6,,,,
67.792,2,Atta_2,1587.6,720.0,314.9,21.6,3.6,,,,
67.792,3,Atta_3,1438.6,700.8,67.6,68.8,0.2,,,,
67.792,4,Atta_4,544.0,375.9,141.0,81.0,-0.7,,,,
67.792,5,Atta_5,1348.5,1659.4,198.3,-26.6,4.5,,,,
67.792,6,Atta_6,1387.0,923.5,51.7,78.8,2.5,,,,
67.792,7,Atta_7,220.1,2635.6,179.6,40.8,3.9,,,,
67.792,8,Atta_8,1591.9,2335.8,263.0,-39.4,-5.1,,,,
67.792,9,Atta_9,1939.4,2156.0,241.1,-58.8,-2.8,,,,
67.792,10,Atta_10,432.9,2612.7,73.1,-27.0,3.8,,,,
67.86,1,Atta_1,1032.0,1928.7,24.0,84.9,3.0,,,,
67.86,2,Atta_2,1620.4,733.9,307.9,35.6,-7.0,,,,
67.86,3,Atta_3,1405.9,698.2,66.4,-32.8,-1.2,,,,
67.86,4,Atta_4,583.7,375.3,141.3,-39.7,0.3,,,,
67.86,5,Atta_5,1303.2,1658.0,205.7,45.3,7.4,,,,
67.86,6,Atta_6,1389.5,972.8,51.5,49.4,-0.2,,,,
67.86,7,Atta_7,192.8,2604.2,178.9,41.6,-0.7,,,,
67.86,8,Atta_8,1544.1,2298.1,253.0,60.9,-10.0,,,,
67.86,9,Atta_9,1912.9,2152.1,242.6,26.8,1.5,,,,
67.86,10,Atta_10,467.2,2677.8,75.0,73.6,1.9,,,,
67.929,1,Atta_1,1062.2,1923.3,29.1,30.7,5.1,,,,
67.929,2,Atta_2,1569.1,693.3,307.9,65.4,0.0,,,,
67.929,3,Atta_3,1308.3,739.0,66.0,-105.8,-0.4,,,,
67.929,4,Atta_4,597.2,394.2,139.9,23.2,-1.4,,,,
67.929,5,Atta_5,1356.9,1656.0,207.8,-53.7,2.1,,,,
67.929,6,Atta_6,1398.4,931.9,48.6,-41.9,-2.9,,,,
67.929,7,Atta_7,205.1,2639.4,177.8,-37.3,-1.1,,,,
67.929,8,Atta_8,1566.2,2243.4,244.2,59.0,-8.8,,,,
67.929,9,Atta_9,1892.8,2175.9,238.0,-31.2,-4.6,,,,
67.929,10,Atta_10,460.1,2716.3,73.2,39.1,-1.8,,,,
68.064,1,Atta_1,1048.9,1905.5,27.1,-22.2,-2.0,,,,
68.064,2,Atta_2,1572.2,656.4,311.0,37.0,3.1,,,,
68.064,3,Atta_3,1350.2,768.3,65.8,51.1,-0.2,,,,
68.064,4,Atta_4,543.2,366.3,141.7,60.8,1.8,,,,
68.064,5,Atta_5,1311.1,1609.2,215.1,65.5,7.3,,,,
68.064,6,Atta_6,1446.1,917.0,50.5,50.0,1.9,,,,
68.064,7,Atta_7,223.1,2617.7,178.5,-28.2,0.7,,,,
68.064,8,Atta_8,1577.8,2290.3,243.6,-48.3,-0.6,,,,
68.064,9,Atta_9,1877.6,2154.9,239.7,25.9,1.7,,,,
68.064,10,Atta_10,466.8,2651.6,72.0,-65.0,-1.2,,,,
68.13,1,Atta_1,1003.7,1948.0,25.2,-62.0,-1.9,,,,
68.13,2,Atta_2,1556.5,682.6,311.6,-30.5,0.6,,,,
68.13,3,Atta_3,1393.6,751.1,66.9,46.7,1.1,,,,
68.13,4,Atta_4,534.2,436.2,139.3,70.5,-2.4,,,,
68.13,5,Atta_5,1319.1,1655.5,222.6,-47.0,7.5,,,,
68.13,6,Atta_6,1425.3,973.3,52.6,60.0,2.1,,,,
68.13,7,Atta_7,186.1,2607.1,178.1,38.5,-0.4,,,,
68.13,8,Atta_8,1545.4,2269.6,236.1,38.4,-7.5,,,,
68.13,9,Atta_9,1880.2,2093.0,242.0,62.0,2.3,,,,
68.13,10,Atta_10,429.7,2677.2,74.9,45.1,2.9,,,,
68.199,1,Atta_1,1045.5,1899.6,24.2,64.0,-1.0,,,,
68.199,2,Atta_2,1533.4,723.5,312.8,-47.0,1.2,,,,
68.199,3,Atta_3,1410.8,761.0,65.2,19.8,-1.7,,,,
68.199,4,Atta_4,517.8,412.3,141.7,-29.0,2.4,,,,
68.199,5,Atta_5,1291.1,1627.1,230.0,39.9,7.4,,,,
68.199,6,Atta_6,1431.0,978.2,52.4,7.5,-0.2,,,,
68.199,7,Atta_7,145.0,2655.2,180.0,63.3,1.9,,,,
68.199,8,Atta_8,1589.7,2292.7,234.6,-50.0,-1.5,,,,
68.199,9,Atta_9,1851.5,2094.3,240.0,28.7,-2.0,,,,
68.199,10,Atta_10,480.6,2702.0,73.4,56.6,-1.5,,,,
68.331,1,Atta_1,1050.1,1990.6,25.6,91.1,1.4,,,,
68.331,2,Atta_2,1553.8,695.2,311.8,34.9,-1.0,,,,
68.331,3,Atta_3,1409.4,786.2,65.5,25.2,0.3,,,,
68.331,4,Atta_4,567.0,344.2,144.6,-84.0,2.9,,,,
68.331,5,Atta_5,1330.0,1650.1,233.5,-45.2,3.5,,,,
68.331,6,Atta_6,1448.5,897.6,53.0,-82.5,0.6,,,,
68.331,7,Atta_7,133.1,2637.9,178.1,21.0,-1.9,,,,
68.331,8,Atta_8,1574.6,2329.9,232.1,-40.1,-2.5,,,,
68.331,9,Atta_9,1916.5,2148.8,237.4,-84.8,-2.6,,,,
68.331,10,Atta_10,498.9,2691.5,72.4,-21.1,-1.0,,,,
68.397,1,Atta_1,1111.7,1992.1,21.0,61.6,-4.6,,,,
68.397,2,Atta_2,1548.9,745.4,310.7,-50.4,-1.1,,,,
68.397,3,Atta_3,1431.4,738.7,67.2,-52.3,1.7,,,,
68.397,4,Atta_4,595.3,405.0,140.9,67.1,-3.7,,,,
68.397,5,Atta_5,1330.4,1662.9,237.8,-12.8,4.3,,,,
68.397,6,Atta_6,1397.5,964.5,49.4,84.1,-3.6,,,,
68.397,7,Atta_7,124.2,2646.2,179.2,12.2,1.1,,,,
68.397,8,Atta_8,1605.6,2297.2,234.5,45.1,2.4,,,,
68.397,9,Atta_9,1854.0,2109.5,241.1,73.8,3.7,,,,
68.397,10,Atta_10,453.0,2727.1,67.7,58.1,-4.7,,,,
68.466,1,Atta_1,1073.2,1976.7,23.6,-41.5,2.6,,,,
68.466,2,Atta_2,1562.8,787.6,313.4,-44.4,2.7,,,,
68.466,3,Atta_3,1385.9,835.2,65.4,106.7,-1.8,,,,
68.466,4,Atta_4,498.8,403.6,141.6,96.5,0.7,,,,
68.466,5,Atta_5,1345.9,1654.1,248.6,-17.8,10.8,,,,
68.466,6,Atta_6,1439.8,1043.5,51.0,89.6,1.6,,,,
68.466,7,Atta_7,140.6,2641.6,179.2,-17.0,0.0,,,,
68.466,8,Atta_8,1535.2,2309.7,230.9,71.5,-3.6,,,,
68.466,9,Atta_9,1848.1,2126.5,242.8,-18.0,1.7,,,,
68.466,10,Atta_10,526.0,2637.4,67.4,-115.7,-0.3,,,,
68.601,1,Atta_1,1155.8,1973.1,26.3,82.7,2.7,,,,
68.601,2,Atta_2,1532.4,766.8,308.8,-36.8,-4.6,,,,
68.601,3,Atta_3,1414.9,827.8,66.3,29.9,0.9,,,,
68.601,4,Atta_4,476.9,410.6,144.2,23.0,2.6,,,,
68.601,5,Atta_5,1323.3,1634.1,252.5,30.2,3.9,,,,
68.601,6,Atta_6,1439.2,1060.2,52.1,16.7,1.1,,,,
68.601,7,Atta_7,115.9,2673.6,182.0,40.4,2.8,,,,
68.601,8,Atta_8,1556.0,2276.0,237.6,39.6,6.7,,,,
68.601,9,Atta_9,1844.2,2088.0,240.6,38.7,-2.2,,,,
68.601,10,Atta_10,434.4,2623.9,67.8,-92.6,0.4,,,,
68.669,1,Atta_1,1180.8,1975.9,27.9,25.2,1.6,,,,
68.669,2,Atta_2,1509.8,736.6,304.2,37.7,-4.6,,,,
68.669,3,Atta_3,1456.1,874.6,66.3,62.4,0.0,,,,
68.669,4,Atta_4,444.8,458.1,142.2,57.3,-2.0,,,,
68.669,5,Atta_5,1319.6,1625.4,258.3,9.5,5.8,,,,
68.669,6,Atta_6,1436.0,1024.5,50.5,-35.8,-1.6,,,,
68.669,7,Atta_7,116.1,2601.3,172.2,72.3,-9.8,,,,
68.669,8,Atta_8,1581.1,2308.6,235.0,-41.1,-2.6,,,,
68.669,9,Atta_9,1847.9,2063.7,241.7,24.6,1.1,,,,
68.669,10,Atta_10,479.7,2585.8,68.1,-59.2,0.3,,,,
68.738,1,Atta_1,1127.3,1998.6,26.9,-58.1,-1.0,,,,
68.738,2,Atta_2,1534.8,744.9,295.0,26.3,-9.2,,,,
68.738,3,Atta_3,1477.7,912.9,68.3,44.0,2.0,,,,
68.738,4,Atta_4,499.9,488.5,141.6,-62.9,-0.6,,,,
68.738,5,Atta_5,1295.3,1648.8,264.4,-33.7,6.1,,,,
68.738,6,Atta_6,1450.1,1074.6,51.5,52.0,1.0,,,,
68.738,7,Atta_7,89.1,2629.3,177.5,38.9,5.3,,,,
68.738,8,Atta_8,1552.7,2272.7,229.1,45.8,-5.9,,,,
68.738,9,Atta_9,1874.9,2064.3,241.2,-27.0,-0.5,,,,
68.738,10,Atta_10,416.8,2642.0,65.5,84.3,-2.6,,,,
68.859,1,Atta_1,1157.9,1951.2,30.2,56.4,3.3,,,,
68.859,2,Atta_2,1548.9,722.8,288.8,26.2,-6.2,,,,
68.859,3,Atta_3,1459.5,818.9,67.8,-95.7,-0.5,,,,
68.859,4,Atta_4,492.1,467.4,139.7,-22.5,-1.9,,,,
68.859,5,Atta_5,1304.4,1632.0,267.0,19.1,2.6,,,,
68.859,6,Atta_6,1444.1,1009.3,49.8,-65.6,-1.7,,,,
68.859,7,Atta_7,124.9,2670.2,178.4,-54.4,0.9,,,,
68.859,8,Atta_8,1560.5,2308.9,235.7,-37.0,6.6,,,,
68.859,9,Atta_9,1878.2,2043.7,244.8,20.9,3.6,,,,
68.859,10,Atta_10,500.6,2660.9,62.5,85.9,-3.0,,,,
68.93,1,Atta_1,1143.6,1999.9,30.9,50.8,0.7,,,,
68.93,2,Atta_2,1544.1,722.8,288.8,-4.8,0.0,,,,
68.93,3,Atta_3,1476.8,909.0,65.6,91.7,-2.2,,,,
68.93,4,Atta_4,487.8,435.7,141.8,-32.0,2.1,,,,
68.93,5,Atta_5,1367.8,1642.6,276.9,-64.3,9.9,,,,
68.93,6,Atta_6,1562.1,1057.0,51.6,127.3,1.8,,,,
68.93,7,Atta_7,91.1,2676.3,176.5,34.3,-1.9,,,,
68.93,8,Atta_8,1527.7,2289.1,234.1,38.3,-1.6,,,,
68.93,9,Atta_9,1822.2,2071.9,245.5,-62.7,0.7,,,,
68.93,10,Atta_10,451.0,2676.6,54.8,-52.0,-7.7,,,,
69.0,1,Atta_1,1130.3,2000.0,30.9,-13.3,0.0,,,,
69.0,2,Atta_2,1550.6,810.1,278.8,-87.5,-10.0,,,,
69.0,3,Atta_3,1462.5,919.6,64.7,17.8,-0.9,,,,
69.0,4,Atta_4,454.5,475.0,139.6,51.5,-2.2,,,,
69.0,5,Atta_5,1353.3,1649.7,279.7,-16.1,2.8,,,,
69.0,6,Atta_6,1434.0,1053.5,51.2,-128.1,-0.4,,,,
69.0,7,Atta_7,138.5,2601.2,180.1,-88.8,3.6,,,,
69.0,8,Atta_8,1519.1,2250.2,234.0,39.8,-0.1,,,,
69.0,9,Atta_9,1875.6,2059.9,253.0,-54.7,7.5,,,,
69.0,10,Atta_10,461.2,2654.2,52.9,-24.6,-1.9,,,,
69.055,1,Atta_1,1201.5,2053.5,24.7,89.1,-6.2,,,,
69.055,2,Atta_2,1559.4,760.5,279.0,50.4,0.2,,,,
69.055,3,Atta_3,1442.9,828.5,70.6,-93.2,5.9,,,,
69.055,4,Atta_4,466.3,480.2,143.3,-12.9,3.7,,,,
69.055,5,Atta_5,1289.7,1622.6,284.6,69.1,4.9,,,,
69.055,6,Atta_6,1498.2,1077.5,48.4,68.5,-2.8,,,,
69.055,7,Atta_7,147.7,2666.1,181.2,-65.5,1.1,,,,
69.055,8,Atta_8,1519.5,2229.2,234.5,21.0,0.5,,,,
69.055,9,Atta_9,1793.3,2014.9,257.0,93.8,4.0,,,,
69.055,10,Atta_10,488.7,2606.2,43.6,-55.3,-9.3,,,,
69.124,1,Atta_1,1188.9,2001.6,26.5,-53.4,1.8,,,,
69.124,2,Atta_2,1596.6,728.8,271.7,48.9,-7.3,,,,
69.124,3,Atta_3,1464.7,889.9,68.7,65.2,-1.9,,,,
69.124,4,Atta_4,395.2,539.6,139.0,92.6,-4.3,,,,
69.124,5,Atta_5,1314.0,1635.9,284.7,-27.7,0.1,,,,
69.124,6,Atta_6,1568.2,1125.9,52.6,85.1,4.2,,,,
69.124,7,Atta_7,178.3,2618.1,176.5,-56.9,-4.7,,,,
69.124,8,Atta_8,1535.2,2247.0,235.5,-23.7,1.0,,,,
69.124,9,Atta_9,1837.4,2091.3,262.3,-88.2,5.3,,,,
69.124,10,Atta_10,432.4,2623.5,43.1,-58.9,-0.5,,,,
69.191,1,Atta_1,1155.5,2031.4,28.3,-44.8,1.8,,,,
69.191,2,Atta_2,1565.2,790.9,270.9,-69.6,-0.8,,,,
69.191,3,Atta_3,1432.7,851.0,67.3,-50.4,-1.4,,,,
69.191,4,Atta_4,441.2,460.5,141.0,-91.5,2.0,,,,
69.191,5,Atta_5,1386.2,1644.4,293.8,72.7,9.1,,,,
69.191,6,Atta_6,1501.2,1081.9,49.5,-80.2,-3.1,,,,
69.191,7,Atta_7,192.2,2621.8,176.5,-14.4,0.0,,,,
69.191,8,Atta_8,1543.5,2228.5,236.2,20.3,0.7,,,,
69.191,9,Atta_9,1810.6,2079.4,268.2,29.3,5.9,,,,
69.191,10,Atta_10,466.5,2656.8,36.5,47.7,-6.6,,,,
69.246,1,Atta_1,1201.6,2033.2,26.0,46.1,-2.3,,,,
69.246,2,Atta_2,1558.4,752.1,264.0,39.4,-6.9,,,,
69.246,3,Atta_3,1466.4,912.7,71.0,70.3,3.7,,,,
69.246,4,Atta_4,399.4,520.2,138.8,72.9,-2.2,,,,
69.246,5,Atta_5,1331.3,1639.3,298.9,-55.1,5.1,,,,
69.246,6,Atta_6,1514.1,1093.7,49.2,17.5,-0.3,,,,
69.246,7,Atta_7,204.5,2590.6,178.8,-33.5,2.3,,,,
69.246,8,Atta_8,1507.3,2234.6,232.3,36.7,-3.9,,,,
69.246,9,Atta_9,1887.7,2052.6,271.3,81.6,3.1,,,,
69.246,10,Atta_10,457.0,2679.9,32.7,25.0,-3.8,,,,
69.296,1,Atta_1,1213.8,2012.2,25.3,24.3,-0.7,,,,
69.296,2,Atta_2,1498.8,712.3,261.3,71.7,-2.7,,,,
69.296,3,Atta_3,1466.2,912.0,65.4,-0.7,-5.6,,,,
69.296,4,Atta_4,449.6,468.2,141.3,-72.3,2.5,,,,
69.296,5,Atta_5,1345.2,1605.7,303.2,36.4,4.3,,,,
69.296,6,Atta_6,1486.9,1087.7,50.8,-27.9,1.6,,,,
69.296,7,Atta_7,212.1,2683.0,179.0,-92.7,0.2,,,,
69.296,8,Atta_8,1526.7,2211.1,235.0,30.5,2.7,,,,
69.296,9,Atta_9,1808.1,2074.0,274.3,-82.4,3.0,,,,
69.296,10,Atta_10,484.4,2643.2,29.0,45.8,-3.7,,,,
69.365,1,Atta_1,1235.5,1983.8,31.0,35.7,5.7,,,,
69.365,2,Atta_2,1580.6,713.0,255.1,-81.8,-6.2,,,,
69.365,3,Atta_3,1425.0,859.2,62.8,-67.0,-2.6,,,,
69.365,4,Atta_4,409.6,512.1,142.6,59.4,1.3,,,,
69.365,5,Atta_5,1362.3,1591.8,305.5,22.0,2.3,,,,
69.365,6,Atta_6,1582.0,1185.3,49.4,136.3,-1.4,,,,
69.365,7,Atta_7,218.6,2624.5,178.0,-58.9,-1.0,,,,
69.365,8,Atta_8,1463.1,2201.5,233.5,64.3,-1.5,,,,
69.365,9,Atta_9,1836.9,2089.4,279.8,-32.7,5.5,,,,
69.365,10,Atta_10,396.4,2596.8,25.2,-99.5,-3.8,,,,
69.431,1,Atta_1,1215.8,2050.6,29.1,69.6,-1.9,,,,
69.431,2,Atta_2,1546.5,773.6,253.5,-69.5,-1.6,,,,
69.431,3,Atta_3,1507.3,865.9,65.4,82.6,2.6,,,,
69.431,4,Atta_4,400.0,514.7,142.9,9.9,0.3,,,,
69.431,5,Atta_5,1367.6,1685.2,306.5,-93.6,1.0,,,,
69.431,6,Atta_6,1539.4,1142.9,50.1,-60.1,0.7,,,,
69.431,7,Atta_7,202.5,2591.7,175.2,36.5,-2.8,,,,
69.431,8,Atta_8,1510.4,2133.7,234.2,82.7,0.7,,,,
69.431,9,Atta_9,1871.6,2044.0,281.8,57.1,2.0,,,,
69.431,10,Atta_10,389.0,2623.3,25.7,27.5,0.5,,,,
69.496,1,Atta_1,1232.0,1989.4,26.3,-63.3,-2.8,,,,
69.496,2,Atta_2,1575.9,729.7,254.3,52.8,0.8,,,,
69.496,3,Atta_3,1486.4,885.2,69.3,28.4,3.9,,,,
69.496,4,Atta_4,387.3,532.9,141.8,22.2,-1.1,,,,
69.496,5,Atta_5,1374.6,1639.2,312.1,46.5,5.6,,,,
69.496,6,Atta_6,1532.5,1163.1,48.0,21.3,-2.1,,,,
69.496,7,Atta_7,196.7,2658.1,175.7,66.7,0.5,,,,
69.496,8,Atta_8,1464.9,2194.9,238.4,-76.3,4.2,,,,
69.496,9,Atta_9,1856.7,2091.9,290.1,-50.2,8.3,,,,
69.496,10,Atta_10,418.8,2647.1,14.9,38.1,-10.8,,,,
69.562,1,Atta_1,1263.1,2069.5,23.6,85.9,-2.7,,,,
69.562,2,Atta_2,1548.0,755.0,255.2,-37.7,0.9,,,,
69.562,3,Atta_3,1464.3,873.3,69.5,-25.1,0.2,,,,
69.562,4,Atta_4,322.8,537.2,142.0,64.6,0.2,,,,
69.562,5,Atta_5,1368.8,1632.0,323.0,9.2,10.9,,,,
69.562,6,Atta_6,1549.6,1102.7,52.8,-62.8,4.8,,,,
69.562,7,Atta_7,289.0,2647.9,171.5,-92.9,-4.2,,,,
69.562,8,Atta_8,1513.7,2197.2,234.3,-48.9,-4.1,,,,
69.562,9,Atta_9,1856.3,2059.3,293.5,32.6,3.4,,,,
69.562,10,Atta_10,458.0,2604.0,10.4,58.3,-4.5,,,,
69.632,1,Atta_1,1254.3,2078.8,25.2,-12.8,1.6,,,,
69.632,2,Atta_2,1531.5,745.9,252.0,18.8,-3.2,,,,
69.632,3,Atta_3,1457.9,854.0,66.2,-20.3,-3.3,,,,
69.632,4,Atta_4,412.4,491.6,143.7,-100.5,1.7,,,,
69.632,5,Atta_5,1276.8,1641.9,323.9,-92.5,0.9,,,,
69.632,6,Atta_6,1606.2,1173.4,55.8,90.6,3.0,,,,
69.632,7,Atta_7,267.5,2602.6,168.2,50.1,-3.3,,,,
69.632,8,Atta_8,1431.0,2150.4,231.2,95.0,-3.1,,,,
69.632,9,Atta_9,1853.4,2048.3,296.1,11.4,2.6,,,,
69.632,10,Atta_10,478.2,2628.9,15.2,32.1,4.8,,,,
69.695,1,Atta_1,1198.8,2048.8,25.9,-63.1,0.7,,,,
69.695,2,Atta_2,1569.0,731.2,253.2,40.3,1.2,,,,
69.695,3,Atta_3,1438.5,891.2,65.2,42.0,-1.0,,,,
69.695,4,Atta_4,385.9,502.4,140.0,28.6,-3.7,,,,
69.695,5,Atta_5,1308.4,1648.7,328.0,32.3,4.1,,,,
69.695,6,Atta_6,1602.9,1154.3,49.8,-19.4,-6.0,,,,
69.695,7,Atta_7,221.8,2619.8,167.1,48.8,-1.1,,,,
69.695,8,Atta_8,1462.5,2119.2,235.3,44.3,4.1,,,,
69.695,9,Atta_9,1893.2,2086.5,305.8,-55.2,9.7,,,,
69.695,10,Atta_10,483.3,2608.0,13.2,-21.5,-2.0,,,,
69.766,1,Atta_1,1315.7,1997.6,22.2,127.6,-3.7,,,,
69.766,2,Atta_2,1538.4,744.9,256.6,-33.5,3.4,,,,
69.766,3,Atta_3,1457.5,907.5,68.5,25.0,3.3,,,,
69.766,4,Atta_4,385.4,562.7,140.4,60.3,0.4,,,,
69.766,5,Atta_5,1274.3,1643.9,330.7,-34.4,2.7,,,,
69.766,6,Atta_6,1598.2,1156.4,48.8,-5.1,-1.0,,,,
69.766,7,Atta_7,312.8,2594.7,156.2,-94.4,-10.9,,,,
69.766,8,Atta_8,1482.0,2168.9,233.1,-53.4,-2.2,,,,
69.766,9,Atta_9,1820.7,2062.4,306.7,-76.4,0.9,,,,
69.766,10,Atta_10,476.4,2579.5,10.9,-29.3,-2.3,,,,
69.835,1,Atta_1,1298.4,2044.5,29.9,50.0,7.7,,,,
69.835,2,Atta_2,1577.2,714.9,255.9,49.0,-0.7,,,,
69.835,3,Atta_3,1466.9,917.8,66.7,13.9,-1.8,,,,
69.835,4,Atta_4,285.6,557.8,140.0,99.9,-0.4,,,,
69.835,5,Atta_5,1336.4,1622.4,335.2,65.7,4.5,,,,
69.835,6,Atta_6,1602.4,1226.9,51.8,70.6,3.0,,,,
69.835,7,Atta_7,255.3,2683.1,156.8,105.5,0.6,,,,
69.835,8,Atta_8,1412.0,2175.3,235.4,70.3,2.3,,,,
69.835,9,Atta_9,1877.4,2049.0,313.3,58.3,6.6,,,,
69.835,10,Atta_10,457.0,2665.2,9.8,-87.9,-1.1,,,,
69.905,1,Atta_1,1258.3,2074.6,27.0,-50.1,-2.9,,,,
69.905,2,Atta_2,1553.1,731.0,254.9,-29.0,-1.0,,,,
69.905,3,Atta_3,1415.1,927.9,68.9,-52.8,2.2,,,,
69.905,4,Atta_4,389.4,571.0,135.8,-104.6,-4.2,,,,
69.905,5,Atta_5,1282.2,1637.2,337.1,-56.2,1.9,,,,
69.905,6,Atta_6,1546.5,1174.5,47.0,-76.6,-4.8,,,,
69.905,7,Atta_7,294.2,2601.3,152.2,-90.6,-4.6,,,,
69.905,8,Atta_8,1435.3,2123.1,235.1,57.2,-0.3,,,,
69.905,9,Atta_9,1850.7,2060.6,316.0,-29.1,2.7,,,,
69.905,10,Atta_10,469.8,2660.8,10.9,13.5,1.1,,,,
69.972,1,Atta_1,1326.9,2074.6,26.6,68.6,-0.4,,,,
69.972,2,Atta_2,1530.7,625.4,261.4,107.9,6.5,,,,
69.972,3,Atta_3,1415.7,869.4,68.0,-58.5,-0.9,,,,
69.972,4,Atta_4,312.0,554.7,138.4,79.1,2.6,,,,
69.972,5,Atta_5,1330.4,1607.6,347.0,56.6,9.9,,,,
69.972,6,Atta_6,1627.6,1166.1,47.5,81.5,0.5,,,,
69.972,7,Atta_7,218.9,2593.3,149.1,75.7,-3.1,,,,
69.972,8,Atta_8,1436.6,2086.1,230.0,37.0,-5.1,,,,
69.972,9,Atta_9,1807.2,2051.2,320.4,-44.5,4.4,,,,
69.972,10,Atta_10,430.5,2605.5,12.6,-67.8,1.7,,,,
70.096,1,Atta_1,1281.5,2103.4,26.4,-53.8,-0.2,,,,
70.096,2,Atta_2,1513.6,690.7,257.0,-67.5,-4.4,,,,
70.096,3,Atta_3,1435.3,831.8,65.8,-42.4,-2.2,,,,
70.096,4,Atta_4,307.7,653.9,141.2,99.3,2.8,,,,
70.096,5,Atta_5,1391.2,1615.9,346.3,61.4,-0.7,,,,
70.096,6,Atta_6,1545.6,1180.5,46.8,-83.3,-0.7,,,,
70.096,7,Atta_7,249.8,2665.2,140.7,78.3,-8.4,,,,
70.096,8,Atta_8,1437.2,2138.5,235.8,-52.4,5.8,,,,
70.096,9,Atta_9,1851.4,2060.5,326.0,45.2,5.6,,,,
70.096,10,Atta_10,461.4,2654.5,10.0,57.9,-2.6,,,,
70.164,1,Atta_1,1287.7,2039.8,30.3,-63.9,3.9,,,,
70.164,2,Atta_2,1533.5,639.5,256.1,54.9,-0.9,,,,
70.164,3,Atta_3,1490.4,879.3,68.4,72.7,2.6,,,,
70.164,4,Atta_4,280.3,537.4,141.0,-119.7,-0.2,,,,
70.164,5,Atta_5,1308.9,1576.0,355.8,-91.5,9.5,,,,
70.164,6,Atta_6,1543.7,1244.4,49.4,63.9,2.6,,,,
70.164,7,Atta_7,234.5,2658.5,135.2,16.7,-5.5,,,,
70.164,8,Atta_8,1450.4,2094.3,235.4,46.1,-0.4,,,,
70.164,9,Atta_9,1827.4,2066.1,329.6,-24.6,3.6,,,,
70.164,10,Atta_10,552.6,2683.2,11.5,95.6,1.5,,,,
70.298,1,Atta_1,1262.1,2141.4,27.4,104.8,-2.9,,,,
70.298,2,Atta_2,1531.4,686.5,255.9,-47.0,-0.2,,,,
70.298,3,Atta_3,1437.2,862.7,64.1,-55.7,-4.3,,,,
70.298,4,Atta_4,279.5,509.3,143.3,-28.1,2.3,,,,
70.298,5,Atta_5,1328.0,1664.1,2.3,90.1,6.5,,,,
70.298,6,Atta_6,1532.4,1157.4,45.6,-87.7,-3.8,,,,
70.298,7,Atta_7,233.3,2634.0,129.2,-24.5,-6.0,,,,
70.298,8,Atta_8,1418.9,2103.2,235.9,32.7,0.5,,,,
70.298,9,Atta_9,1887.0,2044.4,327.5,63.4,-2.1,,,,
70.298,10,Atta_10,495.0,2637.0,10.1,-73.8,-1.4,,,,
70.366,1,Atta_1,1354.0,2101.5,32.1,100.2,4.7,,,,
70.366,2,Atta_2,1489.4,616.9,253.3,81.3,-2.6,,,,
70.366,3,Atta_3,1422.1,877.3,63.5,21.0,-0.6,,,,
70.366,4,Atta_4,299.0,584.5,141.9,77.7,-1.4,,,,
70.366,5,Atta_5,1289.3,1652.2,5.5,-40.5,3.2,,,,
70.366,6,Atta_6,1578.5,1123.8,44.0,57.0,-1.6,,,,
70.366,7,Atta_7,187.7,2659.3,124.7,52.1,-4.5,,,,
70.366,8,Atta_8,1382.8,2045.2,234.0,68.3,-1.9,,,,
70.366,9,Atta_9,1827.4,2089.5,324.4,-74.7,-3.1,,,,
70.366,10,Atta_10,460.7,2557.0,9.7,-87.0,-0.4,,,,
70.429,1,Atta_1,1280.7,2051.6,25.4,-88.7,-6.7,,,,
70.429,2,Atta_2,1550.8,578.7,257.9,72.3,4.6,,,,
70.429,3,Atta_3,1416.1,902.9,68.5,26.3,5.0,,,,
70.429,4,Atta_4,304.3,605.5,140.6,21.7,-1.3,,,,
70.429,5,Atta_5,1336.7,1648.9,10.7,47.5,5.2,,,,
70.429,6,Atta_6,1581.8,1096.7,47.7,-27.3,3.7,,,,
70.429,7,Atta_7,268.6,2629.0,119.0,-86.4,-5.7,,,,
70.429,8,Atta_8,1354.9,2039.9,239.6,28.4,5.6,,,,
70.429,9,Atta_9,1793.4,2033.1,326.6,65.9,2.2,,,,
70.429,10,Atta_10,511.7,2645.4,10.4,102.1,0.7,,,,
70.496,1,Atta_1,1298.8,2057.5,28.0,19.0,2.6,,,,
70.496,2,Atta_2,1517.9,589.5,256.6,-34.6,-1.3,,,,
70.496,3,Atta_3,1476.1,889.2,66.5,61.5,-2.0,,,,
70.496,4,Atta_4,265.5,553.5,139.7,-64.9,-0.9,,,,
70.496,5,Atta_5,1322.3,1671.6,9.4,-26.9,-1.3,,,,
70.496,6,Atta_6,1471.0,1100.9,49.8,-110.9,2.1,,,,
70.496,7,Atta_7,218.4,2634.4,117.3,50.5,-1.7,,,,
70.496,8,Atta_8,1429.0,2098.4,237.1,-94.4,-2.5,,,,
70.496,9,Atta_9,1781.5,2093.2,326.9,-61.3,0.3,,,,
70.496,10,Atta_10,534.2,2646.7,12.1,22.5,1.7,,,,
70.565,1,Atta_1,1280.4,2043.6,29.5,-23.1,1.5,,,,
70.565,2,Atta_2,1535.2,627.1,255.9,-41.4,-0.7,,,,
70.565,3,Atta_3,1511.1,787.3,62.7,-107.7,-3.8,,,,
70.565,4,Atta_4,307.0,628.2,143.6,85.5,3.9,,,,
70.565,5,Atta_5,1291.4,1626.8,5.8,-54.4,-3.6,,,,
70.565,6,Atta_6,1530.8,1102.3,44.6,59.8,-5.2,,,,
70.565,7,Atta_7,303.8,2636.2,109.0,-85.4,-8.3,,,,
70.565,8,Atta_8,1383.5,2052.6,232.0,64.6,-5.1,,,,
70.565,9,Atta_9,1828.0,2058.7,327.0,57.9,0.1,,,,
70.565,10,Atta_10,568.0,2675.9,10.4,44.7,-1.7,,,,
70.632,1,Atta_1,1273.0,2045.9,26.6,-7.7,-2.9,,,,
70.632,2,Atta_2,1620.4,620.8,255.0,-85.4,-0.9,,,,
70.632,3,Atta_3,1478.5,846.8,67.0,67.8,4.3,,,,
70.632,4,Atta_4,287.3,604.7,144.8,30.7,1.2,,,,
70.632,5,Atta_5,1326.2,1623.3,12.4,35.0,6.6,,,,
70.632,6,Atta_6,1518.9,1112.6,47.6,-15.7,3.0,,,,
70.632,7,Atta_7,286.7,2654.6,107.6,25.1,-1.4,,,,
70.632,8,Atta_8,1377.9,2059.3,234.8,-8.7,2.8,,,,
70.632,9,Atta_9,1864.0,2000.6,329.0,68.3,2.0,,,,
70.632,10,Atta_10,566.6,2647.0,12.2,-28.9,1.8,,,,
70.686,1,Atta_1,1304.0,2029.9,24.4,34.9,-2.2,,,,
70.686,2,Atta_2,1504.0,611.8,257.7,116.7,2.7,,,,
70.686,3,Atta_3,1398.7,852.7,66.2,-80.0,-0.8,,,,
70.686,4,Atta_4,296.3,583.5,138.0,-23.0,-6.8,,,,
70.686,5,Atta_5,1327.8,1665.1,11.2,41.8,-1.2,,,,
70.686,6,Atta_6,1536.1,1117.5,45.4,17.9,-2.2,,,,
70.686,7,Atta_7,281.0,2594.4,103.4,-60.5,-4.2,,,,
70.686,8,Atta_8,1381.4,2007.9,235.6,51.5,0.8,,,,
70.686,9,Atta_9,1803.8,2044.0,327.2,-74.2,-1.8,,,,
70.686,10,Atta_10,488.2,2703.5,9.3,-96.6,-2.9,,,,
70.753,1,Atta_1,1284.4,2071.3,28.9,-45.8,4.5,,,,
70.753,2,Atta_2,1525.5,623.9,252.8,-24.7,-4.9,,,,
70.753,3,Atta_3,1443.4,903.0,67.1,67.3,0.9,,,,
70.753,4,Atta_4,302.8,559.2,143.3,-25.2,5.3,,,,
70.753,5,Atta_5,1343.1,1578.9,8.3,-87.5,-2.9,,,,
70.753,6,Atta_6,1463.5,1066.6,45.1,-88.7,-0.3,,,,
70.753,7,Atta_7,221.8,2583.5,97.1,60.2,-6.3,,,,
70.753,8,Atta_8,1333.4,2063.2,228.9,-73.2,-6.7,,,,
70.753,9,Atta_9,1802.4,2067.9,330.0,-23.9,2.8,,,,
70.753,10,Atta_10,562.3,2654.4,8.3,88.9,-1.0,,,,
70.819,1,Atta_1,1274.8,2101.2,28.9,31.4,0.0,,,,
70.819,2,Atta_2,1578.8,579.5,257.3,69.4,4.5,,,,
70.819,3,Atta_3,1445.9,879.4,68.6,-23.7,1.5,,,,
70.819,4,Atta_4,308.6,611.7,141.5,52.8,-1.8,,,,
70.819,5,Atta_5,1344.6,1612.6,7.5,33.7,-0.8,,,,
70.819,6,Atta_6,1496.2,1087.3,53.4,38.7,8.3,,,,
70.819,7,Atta_7,206.9,2674.9,94.0,92.6,-3.1,,,,
70.819,8,Atta_8,1415.0,2043.6,231.9,-83.9,3.0,,,,
70.819,9,Atta_9,1847.3,2088.3,330.6,49.3,0.6,,,,
70.819,10,Atta_10,575.7,2651.2,10.1,13.8,1.8,,,,
70.886,1,Atta_1,1271.9,2041.8,29.1,-59.5,0.2,,,,
70.886,2,Atta_2,1499.3,632.2,256.3,-95.4,-1.0,,,,
70.886,3,Atta_3,1475.3,853.0,64.2,-39.5,-4.4,,,,
70.886,4,Atta_4,300.8,577.4,143.8,-35.2,2.3,,,,
70.886,5,Atta_5,1303.1,1658.7,11.7,-62.0,4.2,,,,
70.886,6,Atta_6,1452.3,1102.1,57.8,-46.3,4.4,,,,
70.886,7,Atta_7,251.3,2620.9,85.7,-69.9,-8.3,,,,
70.886,8,Atta_8,1389.9,2005.0,236.4,46.0,4.5,,,,
70.886,9,Atta_9,1869.5,2018.6,327.7,73.2,-2.9,,,,
70.886,10,Atta_10,559.2,2669.0,8.0,-24.3,-2.1,,,,
70.948,1,Atta_1,1325.2,2038.7,27.7,53.4,-1.4,,,,
70.948,2,Atta_2,1533.1,595.6,255.7,49.8,-0.6,,,,
70.948,3,Atta_3,1465.2,911.9,68.5,59.8,4.3,,,,
70.948,4,Atta_4,289.6,634.9,142.7,58.6,-1.1,,,,
70.948,5,Atta_5,1311.4,1636.2,11.7,24.0,0.0,,,,
70.948,6,Atta_6,1510.5,1111.5,60.7,59.0,2.9,,,,
70.948,7,Atta_7,242.1,2650.3,84.2,30.8,-1.5,,,,
70.948,8,Atta_8,1400.0,2027.8,233.8,-24.9,-2.6,,,,
70.948,9,Atta_9,1850.3,2042.1,330.0,-30.3,2.3,,,,
70.948,10,Atta_10,612.7,2703.0,14.5,63.4,6.5,,,,
71.014,1,Atta_1,1286.2,2106.3,23.3,-78.0,-4.4,,,,
71.014,2,Atta_2,1525.9,661.2,257.0,-66.0,1.3,,,,
71.014,3,Atta_3,1498.1,875.1,65.8,-49.4,-2.7,,,,
71.014,4,Atta_4,345.9,601.9,138.7,-65.3,-4.0,,,,
71.014,5,Atta_5,1334.8,1667.8,11.1,39.3,-0.6,,,,
71.014,6,Atta_6,1488.1,1073.4,62.4,-44.2,1.7,,,,
71.014,7,Atta_7,225.6,2603.0,86.2,-50.1,2.0,,,,
71.014,8,Atta_8,1363.1,2042.2,235.5,39.6,1.7,,,,
71.014,9,Atta_9,1845.5,2076.1,325.6,-34.3,-4.4,,,,
71.014,10,Atta_10,521.0,2634.9,11.3,-114.2,-3.2,,,,
71.081,1,Atta_1,1278.8,2061.0,28.9,-45.9,5.6,,,,
71.081,2,Atta_2,1536.2,661.8,254.6,-10.3,-2.4,,,,
71.081,3,Atta_3,1405.8,837.8,64.2,-99.6,-1.6,,,,
71.081,4,Atta_4,285.4,598.2,141.6,60.6,2.9,,,,
71.081,5,Atta_5,1318.0,1624.3,9.3,-46.6,-1.8,,,,
71.081,6,Atta_6,1514.3,1094.1,70.4,33.4,8.0,,,,
71.081,7,Atta_7,246.4,2665.6,86.8,66.0,0.6,,,,
71.081,8,Atta_8,1404.7,2005.4,235.3,55.5,-0.2,,,,
71.081,9,Atta_9,1810.5,2070.0,328.4,-35.5,2.8,,,,
71.081,10,Atta_10,606.7,2664.6,11.0,90.7,-0.3,,,,
71.132,1,Atta_1,1292.2,2093.2,24.9,34.9,-4.0,,,,
71.132,2,Atta_2,1505.6,611.0,254.4,59.3,-0.2,,,,
71.132,3,Atta_3,1428.9,860.9,65.4,32.7,1.2,,,,
71.132,4,Atta_4,265.3,571.6,143.5,-33.3,1.9,,,,
71.132,5,Atta_5,1355.7,1628.6,9.9,37.9,0.6,,,,
71.132,6,Atta_6,1505.5,1073.2,70.4,-22.7,0.0,,,,
71.132,7,Atta_7,250.8,2687.7,83.1,22.5,-3.7,,,,
71.132,8,Atta_8,1401.9,2029.9,235.0,-24.7,-0.3,,,,
71.132,9,Atta_9,1883.4,2032.0,328.2,82.2,-0.2,,,,
71.132,10,Atta_10,546.1,2586.3,11.5,-99.0,0.5,,,,
71.265,1,Atta_1,1313.6,2063.8,24.8,36.4,-0.1,,,,
71.265,2,Atta_2,1507.9,605.9,257.6,5.6,3.2,,,,
71.265,3,Atta_3,1480.8,922.0,69.4,80.2,4.0,,,,
71.265,4,Atta_4,320.1,607.8,137.5,-65.7,-6.0,,,,
71.265,5,Atta_5,1321.9,1601.6,9.6,-43.3,-0.3,,,,
71.265,6,Atta_6,1517.0,1112.7,78.1,41.1,7.7,,,,
71.265,7,Atta_7,269.8,2667.0,85.5,-28.1,2.4,,,,
71.265,8,Atta_8,1374.3,2019.6,231.3,29.5,-3.7,,,,
71.265,9,Atta_9,1839.6,2085.1,326.7,-68.8,-1.5,,,,
71.265,10,Atta_10,534.9,2659.0,12.9,73.6,1.4,,,,
71.334,1,Atta_1,1252.3,2010.4,26.1,-81.3,1.3,,,,
71.334,2,Atta_2,1500.3,616.7,255.8,-13.2,-1.8,,,,
71.334,3,Atta_3,1504.6,854.4,62.8,-71.7,-6.6,,,,
71.334,4,Atta_4,297.8,602.9,142.4,22.8,4.9,,,,
71.334,5,Atta_5,1268.7,1662.2,6.2,-80.6,-3.4,,,,
71.334,6,Atta_6,1453.1,1076.8,80.3,-73.3,2.2,,,,
71.334,7,Atta_7,244.9,2576.3,84.7,-94.1,-0.8,,,,
71.334,8,Atta_8,1365.4,2026.9,232.8,-11.5,1.5,,,,
71.334,9,Atta_9,1838.1,1999.8,327.3,85.3,0.6,,,,
71.334,10,Atta_10,603.7,2650.2,15.6,69.4,2.7,,,,
71.402,1,Atta_1,1261.4,2062.1,27.0,52.5,0.9,,,,
71.402,2,Atta_2,1476.0,559.1,256.4,62.5,0.6,,,,
71.402,3,Atta_3,1374.2,891.3,65.4,-135.5,2.6,,,,
71.402,4,Atta_4,297.2,597.8,140.5,-5.1,-1.9,,,,
71.402,5,Atta_5,1330.0,1655.2,9.5,61.7,3.3,,,,
71.402,6,Atta_6,1492.6,1064.3,85.8,-41.4,5.5,,,,
71.402,7,Atta_7,249.3,2598.0,88.6,22.1,3.9,,,,
71.402,8,Atta_8,1402.9,2046.3,232.9,-42.2,0.1,,,,
71.402,9,Atta_9,1831.0,2049.9,328.9,-50.6,1.6,,,,
71.402,10,Atta_10,522.3,2675.7,13.8,-85.3,-1.8,,,,
71.47,1,Atta_1,1298.0,2026.3,27.7,51.2,0.7,,,,
71.47,2,Atta_2,1548.0,633.6,256.2,-103.6,-0.2,,,,
71.47,3,Atta_3,1426.0,850.1,69.6,-66.2,4.2,,,,
71.47,4,Atta_4,309.5,602.1,142.5,-13.0,2.0,,,,
71.47,5,Atta_5,1325.8,1683.4,8.9,28.5,-0.6,,,,
71.47,6,Atta_6,1477.3,1103.9,91.6,42.5,5.8,,,,
71.47,7,Atta_7,269.6,2643.0,84.8,49.4,-3.8,,,,
71.47,8,Atta_8,1329.3,2041.7,233.7,73.7,0.8,,,,
71.47,9,Atta_9,1835.4,2034.0,327.4,16.5,-1.5,,,,
71.47,10,Atta_10,562.4,2622.5,10.4,66.6,-3.4,,,,
71.536,1,Atta_1,1227.7,2025.7,27.6,-70.3,-0.1,,,,
71.536,2,Atta_2,1514.4,607.5,253.2,42.5,-3.0,,,,
71.536,3,Atta_3,1495.6,919.2,68.5,98.1,-1.1,,,,
71.536,4,Atta_4,300.9,556.3,138.2,-46.6,-4.3,,,,
71.536,5,Atta_5,1363.6,1609.3,6.7,83.2,-2.2,,,,
71.536,6,Atta_6,1503.1,1061.5,95.3,-49.6,3.7,,,,
71.536,7,Atta_7,267.5,2668.3,85.7,25.4,0.9,,,,
71.536,8,Atta_8,1381.6,2047.9,233.1,-52.7,-0.6,,,,
71.536,9,Atta_9,1893.7,2024.2,330.0,59.1,2.6,,,,
71.536,10,Atta_10,535.5,2653.5,10.5,-41.0,0.1,,,,
71.604,1,Atta_1,1231.2,2061.9,30.6,36.4,3.0,,,,
71.604,2,Atta_2,1537.2,635.0,256.6,-35.7,3.4,,,,
71.604,3,Atta_3,1473.1,873.9,66.5,-50.6,-2.0,,,,
71.604,4,Atta_4,280.4,564.2,143.3,22.0,5.1,,,,
71.604,5,Atta_5,1346.1,1630.8,10.5,-27.7,3.8,,,,
71.604,6,Atta_6,1514.9,1077.7,101.9,20.0,6.6,,,,
71.604,7,Atta_7,255.4,2632.0,83.5,-38.3,-2.2,,,,
71.604,9,Atta_9,1886.6,2049.7,324.6,-26.5,-5.4,,,,
71.604,10,Atta_10,585.2,2677.9,14.4,55.4,3.9,,,,
71.673,1,Atta_1,1321.9,2077.0,31.1,91.9,0.5,,,,
71.673,2,Atta_2,1509.0,650.9,255.2,-32.4,-1.4,,,,
71.673,3,Atta_3,1452.0,831.5,67.3,-47.4,0.8,,,,
71.673,4,Atta_4,325.0,566.5,144.1,-44.7,0.8,,,,
71.673,5,Atta_5,1303.3,1608.7,7.2,-48.2,-3.3,,,,
71.673,6,Atta_6,1499.1,1004.2,103.3,-75.2,1.4,,,,
71.673,7,Atta_7,209.3,2664.5,83.1,56.4,-0.4,,,,
71.673,8,Atta_8,1372.1,2036.0,234.7,15.2,1.6,,,,
71.673,9,Atta_9,1870.7,2107.6,326.6,-60.0,2.0,,,,
71.673,10,Atta_10,603.8,2668.9,10.0,20.7,-4.4,,,,
71.744,1,Atta_1,1311.1,1975.3,29.5,-102.3,-1.6,,,,
71.744,2,Atta_2,1537.3,627.6,257.8,36.7,2.6,,,,
71.744,3,Atta_3,1432.4,893.8,68.7,65.3,1.4,,,,
71.744,4,Atta_4,297.7,578.6,142.2,29.9,-1.9,,,,
71.744,5,Atta_5,1293.7,1665.4,8.9,-57.5,1.7,,,,
71.744,6,Atta_6,1476.4,1063.1,107.0,63.1,3.7,,,,
71.744,7,Atta_7,289.9,2683.2,85.5,82.7,2.4,,,,
71.744,8,Atta_8,1366.6,2046.3,235.3,-11.7,0.6,,,,
71.744,9,Atta_9,1822.1,2100.3,328.5,-49.1,1.9,,,,
71.744,10,Atta_10,565.5,2663.8,11.1,-38.6,1.1,,,,
71.81,1,Atta_1,1313.5,2048.1,29.3,72.8,-0.2,,,,
71.81,2,Atta_2,1502.8,661.4,259.0,-48.3,1.2,,,,
71.81,3,Atta_3,1477.3,894.8,64.8,44.9,-3.9,,,,
71.81,4,Atta_4,298.8,627.9,140.4,49.3,-1.8,,,,
71.81,5,Atta_5,1387.9,1616.9,7.2,106.0,-1.7,,,,
71.81,6,Atta_6,1469.8,1102.0,111.5,39.5,4.5,,,,
71.81,7,Atta_7,219.9,2695.0,82.7,71.0,-2.8,,,,
71.81,8,Atta_8,1392.6,2069.8,236.2,-35.0,0.9,,,,
71.81,9,Atta_9,1869.1,2069.1,329.7,56.4,1.2,,,,
71.81,10,Atta_10,606.0,2631.9,11.9,51.6,0.8,,,,
71.881,1,Atta_1,1289.5,2029.4,28.8,-30.4,-0.5,,,,
71.881,2,Atta_2,1563.1,641.2,259.6,63.6,0.6,,,,
71.881,3,Atta_3,1458.2,871.3,65.1,-30.3,0.3,,,,
71.881,4,Atta_4,346.4,554.9,141.8,-87.1,1.4,,,,
71.881,5,Atta_5,1356.5,1669.2,8.6,-61.0,1.4,,,,
71.881,6,Atta_6,1470.8,1153.0,117.3,51.0,5.8,,,,
71.881,7,Atta_7,302.8,2680.9,87.3,-84.1,4.6,,,,
71.881,8,Atta_8,1360.2,2015.0,236.0,63.7,-0.2,,,,
71.881,9,Atta_9,1877.8,2041.4,327.4,29.0,-2.3,,,,
71.881,10,Atta_10,565.1,2731.9,14.8,-108.0,2.9,,,,
71.934,1,Atta_1,1288.7,2074.1,28.7,44.7,-0.1,,,,
71.934,2,Atta_2,1508.3,598.4,254.2,69.5,-5.4,,,,
71.934,3,Atta_3,1489.9,935.5,65.5,71.6,0.4,,,,
71.934,4,Atta_4,359.6,572.3,142.4,21.8,0.6,,,,
71.934,5,Atta_5,1334.4,1635.8,8.6,-40.0,0.0,,,,
71.934,6,Atta_6,1476.3,1088.3,121.7,-64.9,4.4,,,,
71.934,7,Atta_7,258.1,2672.1,84.4,-45.6,-2.9,,,,
71.934,8,Atta_8,1374.6,2060.5,234.7,-47.7,-1.3,,,,
71.934,9,Atta_9,1801.9,2067.7,331.5,-80.3,4.1,,,,
71.934,10,Atta_10,567.1,2683.2,10.2,-48.7,-4.6,,,,
72.0,1,Atta_1,1274.0,2064.7,30.6,-17.4,1.9,,,,
72.0,2,Atta_2,1492.5,673.4,256.7,-76.6,2.5,,,,
72.0,3,Atta_3,1437.9,871.2,68.3,-82.7,2.8,,,,
72.0,4,Atta_4,302.4,629.6,139.9,81.0,-2.5,,,,
72.0,5,Atta_5,1332.4,1652.9,7.8,17.2,-0.8,,,,
72.0,6,Atta_6,1474.2,1058.3,125.8,-30.1,4.1,,,,
72.0,7,Atta_7,263.0,2713.9,84.6,42.1,0.2,,,,
72.0,8,Atta_8,1402.5,1993.0,233.8,73.0,-0.9,,,,
72.0,9,Atta_9,1857.2,2038.7,327.0,62.4,-4.5,,,,
72.0,10,Atta_10,589.6,2633.6,8.4,54.5,-1.8,,,,
72.069,1,Atta_1,1286.9,2053.4,27.4,17.1,-3.2,,,,
72.069,2,Atta_2,1503.6,611.2,252.6,63.2,-4.1,,,,
72.069,3,Atta_3,1449.9,873.0,66.0,12.1,-2.3,,,,
72.069,4,Atta_4,304.3,584.1,141.8,-45.5,1.9,,,,
72.069,5,Atta_5,1348.2,1616.4,10.3,39.8,2.5,,,,
72.069,6,Atta_6,1503.2,1076.9,133.2,-34.5,7.4,,,,
72.069,7,Atta_7,222.5,2684.8,85.2,-49.9,0.6,,,,
72.069,8,Atta_8,1398.8,2022.6,232.6,-29.8,-1.2,,,,
72.069,9,Atta_9,1863.1,2039.2,325.0,5.9,-2.0,,,,
72.069,10,Atta_10,558.5,2632.8,9.3,-31.1,0.9,,,,
72.136,1,Atta_1,1311.5,2037.5,27.2,29.3,-0.2,,,,
72.136,2,Atta_2,1531.2,615.9,259.2,-28.0,6.6,,,,
72.136,3,Atta_3,1503.2,862.4,62.2,54.3,-3.8,,,,
72.136,4,Atta_4,317.0,560.1,138.8,-27.2,-3.0,,,,
72.136,5,Atta_5,1356.9,1646.6,9.1,31.4,-1.2,,,,
72.136,6,Atta_6,1506.5,1036.0,133.4,-41.0,0.2,,,,
72.136,7,Atta_7,239.3,2677.0,84.1,-18.5,-1.1,,,,
72.136,8,Atta_8,1388.5,2064.2,233.4,-42.9,0.8,,,,
72.136,9,Atta_9,1869.4,2036.8,329.2,6.7,4.2,,,,
72.136,10,Atta_10,551.1,2643.7,7.9,-13.2,-1.4,,,,
72.19,1,Atta_1,1226.9,2078.2,28.8,-93.9,1.6,,,,
72.19,2,Atta_2,1544.8,653.0,255.6,-39.5,-3.6,,,,
72.19,3,Atta_3,1456.3,903.3,66.3,62.2,4.1,,,,
72.19,4,Atta_4,289.6,599.3,139.4,47.8,0.6,,,,
72.19,5,Atta_5,1348.7,1617.1,13.9,-30.6,4.8,,,,
72.19,6,Atta_6,1505.8,1071.5,136.7,35.5,3.3,,,,
72.19,7,Atta_7,246.4,2628.0,88.0,-49.5,3.9,,,,
72.19,8,Atta_8,1378.0,2105.6,237.9,-42.7,4.5,,,,
72.19,9,Atta_9,1857.7,2059.0,327.9,-25.1,-1.3,,,,
72.19,10,Atta_10,532.7,2673.0,12.2,-34.6,4.3,,,,
72.258,1,Atta_1,1252.9,2044.1,26.4,42.9,-2.4,,,,
72.258,2,Atta_2,1522.2,648.7,258.5,23.0,2.9,,,,
72.258,3,Atta_3,1469.4,898.3,67.2,14.0,0.9,,,,
72.258,4,Atta_4,268.5,565.4,142.6,-39.9,3.2,,,,
72.258,5,Atta_5,1369.4,1591.9,10.7,32.6,-3.2,,,,
72.258,6,Atta_6,1520.7,1105.2,138.1,36.8,1.4,,,,
72.258,7,Atta_7,239.1,2677.4,78.8,49.9,-9.2,,,,
72.258,8,Atta_8,1404.9,2018.0,233.0,91.6,-4.9,,,,
72.258,9,Atta_9,1851.2,2027.5,327.9,32.2,0.0,,,,
72.258,10,Atta_10,554.6,2691.0,10.9,28.3,-1.3,,,,
72.379,1,Atta_1,1267.2,2073.3,31.4,32.5,5.0,,,,
72.379,2,Atta_2,1534.8,632.0,255.8,20.9,-2.7,,,,
72.379,3,Atta_3,1433.3,867.0,65.6,-47.8,-1.6,,,,
72.379,4,Atta_4,294.9,595.8,141.6,-40.3,-1.0,,,,
72.379,5,Atta_5,1298.1,1702.3,8.0,-131.4,-2.7,,,,
72.379,6,Atta_6,1468.8,1080.2,141.5,57.6,3.4,,,,
72.379,7,Atta_7,281.1,2600.7,74.5,-87.4,-4.3,,,,
72.379,8,Atta_8,1400.9,2011.3,236.0,7.8,3.0,,,,
72.379,9,Atta_9,1893.6,2085.4,328.9,71.8,1.0,,,,
72.379,10,Atta_10,579.5,2658.0,9.8,41.3,-1.1,,,,
72.448,1,Atta_1,1257.8,2031.4,29.3,-42.9,-2.1,,,,
72.448,2,Atta_2,1499.6,689.4,259.2,-67.3,3.4,,,,
72.448,3,Atta_3,1454.2,869.5,69.9,21.0,4.3,,,,
72.448,4,Atta_4,303.9,591.4,145.4,-10.0,3.8,,,,
72.448,5,Atta_5,1372.4,1636.2,7.7,99.4,-0.3,,,,
72.448,6,Atta_6,1533.7,1100.7,139.8,-68.1,-1.7,,,,
72.448,7,Atta_7,254.6,2652.5,69.6,58.2,-4.9,,,,
72.448,8,Atta_8,1380.4,2021.6,234.5,22.9,-1.5,,,,
72.448,9,Atta_9,1864.8,2043.5,328.5,-50.8,-0.4,,,,
72.448,10,Atta_10,598.4,2679.7,11.1,28.8,1.3,,,,
72.513,1,Atta_1,1247.1,2060.3,26.5,30.8,-2.8,,,,
72.513,2,Atta_2,1535.6,588.4,256.2,107.2,-3.0,,,,
72.513,3,Atta_3,1452.9,917.3,65.5,47.8,-4.4,,,,
72.513,4,Atta_4,291.0,624.7,142.4,35.7,-3.0,,,,
72.513,5,Atta_5,1351.7,1608.6,8.0,-34.5,0.3,,,,
72.513,6,Atta_6,1477.3,1093.9,139.2,56.8,-0.6,,,,
72.513,7,Atta_7,245.9,2615.5,62.9,-38.0,-6.7,,,,
72.513,8,Atta_8,1406.7,2009.9,234.1,-28.8,-0.4,,,,
72.513,9,Atta_9,1854.0,2088.1,326.8,-45.9,-1.7,,,,
72.513,10,Atta_10,547.3,2668.7,10.4,-52.3,-0.7,,,,
72.646,1,Atta_1,1290.8,2078.2,29.1,47.2,2.6,,,,
72.646,2,Atta_2,1524.6,634.1,259.0,-47.0,2.8,,,,
72.646,3,Atta_3,1461.1,877.3,66.9,-40.8,1.4,,,,
72.646,4,Atta_4,292.8,558.1,138.7,-66.6,-3.7,,,,
72.646,5,Atta_5,1296.3,1592.2,10.3,-57.8,2.3,,,,
72.646,6,Atta_6,1496.7,1076.5,141.3,-26.1,2.1,,,,
72.646,7,Atta_7,276.5,2622.3,59.1,31.3,-3.8,,,,
72.646,8,Atta_8,1341.6,2020.2,235.6,65.9,1.5,,,,
72.646,9,Atta_9,1806.1,2095.5,327.1,-48.5,0.3,,,,
72.646,10,Atta_10,520.6,2622.4,13.7,-53.4,3.3,,,,
72.718,1,Atta_1,1264.0,2036.8,28.0,-49.3,-1.1,,,,
72.718,2,Atta_2,1490.4,620.0,253.9,37.0,-5.1,,,,
72.718,3,Atta_3,1436.4,929.0,68.0,57.3,1.1,,,,
72.718,4,Atta_4,256.8,573.8,141.9,39.3,3.2,,,,
72.718,5,Atta_5,1308.6,1650.7,13.8,59.8,3.5,,,,
72.718,6,Atta_6,1473.2,1094.8,136.5,29.8,-4.8,,,,
72.718,7,Atta_7,222.8,2646.3,55.7,-58.8,-3.4,,,,
72.718,8,Atta_8,1365.6,2044.9,232.7,-34.4,-2.9,,,,
72.718,9,Atta_9,1881.8,2106.7,325.6,76.5,-1.5,,,,
72.718,10,Atta_10,556.6,2649.4,11.8,45.0,-1.9,,,,
72.772,1,Atta_1,1220.4,2039.4,27.8,-43.7,-0.2,,,,
72.772,2,Atta_2,1494.2,655.8,256.3,-36.0,2.4,,,,
72.772,3,Atta_3,1443.1,909.1,68.4,-21.0,0.4,,,,
72.772,4,Atta_4,308.8,589.7,142.5,-54.4,0.6,,,,
72.772,5,Atta_5,1357.4,1632.9,9.8,51.9,-4.0,,,,
72.772,6,Atta_6,1459.6,1086.3,138.1,16.0,1.6,,,,
72.772,7,Atta_7,181.6,2602.2,50.9,-60.4,-4.8,,,,
72.772,8,Atta_8,1350.9,2067.0,232.8,-26.5,0.1,,,,
72.772,9,Atta_9,1885.5,2066.5,327.2,40.4,1.6,,,,
72.772,10,Atta_10,546.9,2687.6,12.0,-39.4,0.2,,,,
72.842,1,Atta_1,1200.6,2072.7,29.7,-38.7,1.9,,,,
72.842,2,Atta_2,1545.5,606.4,257.1,71.2,0.8,,,,
72.842,3,Atta_3,1480.2,870.9,65.0,-53.3,-3.4,,,,
72.842,4,Atta_4,328.5,588.0,143.0,-19.8,0.5,,,,
72.842,6,Atta_6,1541.1,1102.3,138.4,-83.1,0.3,,,,
72.842,7,Atta_7,260.4,2565.2,47.2,87.1,-3.7,,,,
72.842,8,Atta_8,1413.8,1989.2,237.8,100.0,5.0,,,,
72.842,9,Atta_9,1875.4,2087.6,326.4,-23.4,-0.8,,,,
72.842,10,Atta_10,600.6,2624.3,10.3,83.0,-1.7,,,,
72.911,1,Atta_1,1279.5,2008.7,27.6,101.6,-2.1,,,,
72.911,2,Atta_2,1509.5,643.4,257.1,-51.6,0.0,,,,
72.911,3,Atta_3,1417.0,874.8,68.4,-63.3,3.4,,,,
72.911,4,Atta_4,303.4,583.0,140.7,25.6,-2.3,,,,
72.911,5,Atta_5,1276.8,1695.7,10.2,-102.2,0.4,,,,
72.911,6,Atta_6,1449.7,1053.5,138.9,103.6,0.5,,,,
72.911,7,Atta_7,263.8,2579.6,41.0,14.8,-6.2,,,,
72.911,8,Atta_8,1434.0,2000.6,234.4,-23.2,-3.4,,,,
72.911,9,Atta_9,1883.0,2030.0,330.3,58.1,3.9,,,,
72.911,10,Atta_10,552.2,2678.1,9.7,-72.4,-0.6,,,,
72.98,1,Atta_1,1263.6,2081.0,29.1,74.0,1.5,,,,
72.98,2,Atta_2,1553.9,688.0,253.7,-62.9,-3.4,,,,
72.98,3,Atta_3,1451.2,842.6,65.3,-47.0,-3.1,,,,
72.98,4,Atta_4,299.5,590.4,145.8,8.4,5.1,,,,
72.98,5,Atta_5,1337.2,1666.9,12.6,66.9,2.4,,,,
72.98,6,Atta_6,1420.7,1108.9,140.9,62.5,2.0,,,,
72.98,7,Atta_7,239.2,2612.8,38.6,41.3,-2.4,,,,
72.98,8,Atta_8,1408.7,2017.3,233.0,30.3,-1.4,,,,
72.98,9,Atta_9,1918.4,2072.0,323.1,54.9,-7.2,,,,
72.98,10,Atta_10,577.4,2639.7,9.6,45.9,-0.1,,,,
73.049,1,Atta_1,1324.4,2109.4,30.5,67.1,1.4,,,,
73.049,2,Atta_2,1527.2,642.6,254.1,52.7,0.4,,,,
73.049,3,Atta_3,1469.3,879.2,68.1,40.8,2.8,,,,
73.049,4,Atta_4,304.6,574.3,139.5,-16.9,-6.3,,,,
73.049,5,Atta_5,1344.3,1618.7,7.2,-48.7,-5.4,,,,
73.049,6,Atta_6,1412.2,1130.0,139.1,22.7,-1.8,,,,
73.049,7,Atta_7,273.9,2602.9,32.2,36.1,-6.4,,,,
73.049,8,Atta_8,1321.0,2038.2,232.8,90.2,-0.2,,,,
73.049,9,Atta_9,1832.7,2055.8,326.9,-87.2,3.8,,,,
73.049,10,Atta_10,569.9,2631.1,11.6,-11.4,2.0,,,,
73.104,1,Atta_1,1307.8,2062.1,27.7,-50.1,-2.8,,,,
73.104,2,Atta_2,1482.5,687.0,256.3,-63.0,2.2,,,,
73.104,3,Atta_3,1456.9,848.9,66.9,-32.7,-1.2,,,,
73.104,4,Atta_4,301.7,542.7,142.7,-31.7,3.2,,,,
73.104,5,Atta_5,1334.6,1706.8,10.7,88.6,3.5,,,,
73.104,6,Atta_6,1388.5,1182.0,135.9,57.1,-3.2,,,,
73.104,7,Atta_7,282.1,2610.7,27.7,11.3,-4.5,,,,
73.104,8,Atta_8,1340.1,1990.4,234.3,51.5,1.5,,,,
73.104,9,Atta_9,1848.9,2046.7,328.5,18.6,1.6,,,,
73.104,10,Atta_10,574.5,2649.4,12.5,18.9,0.9,,,,
73.171,1,Atta_1,1231.5,2021.7,29.8,-86.3,2.1,,,,
73.171,2,Atta_2,1514.8,623.3,254.4,71.4,-1.9,,,,
73.171,3,Atta_3,1470.3,874.2,63.1,28.6,-3.8,,,,
73.171,4,Atta_4,276.6,573.2,144.1,39.5,1.4,,,,
73.171,5,Atta_5,1302.9,1629.7,9.4,-83.4,-1.3,,,,
73.171,6,Atta_6,1454.3,1148.4,140.6,-73.9,4.7,,,,
73.171,7,Atta_7,265.7,2640.0,26.0,-33.6,-1.7,,,,
73.171,8,Atta_8,1367.7,2045.1,232.7,-61.3,-1.6,,,,
73.171,9,Atta_9,1852.1,2060.8,328.6,-14.5,0.1,,,,
73.171,10,Atta_10,546.2,2639.7,14.3,-29.9,1.8,,,,
73.242,1,Atta_1,1241.7,2046.5,27.5,26.8,-2.3,,,,
73.242,2,Atta_2,1460.3,588.9,255.7,64.4,1.3,,,,
73.242,3,Atta_3,1454.4,899.0,68.2,29.5,5.1,,,,
73.242,4,Atta_4,294.1,534.5,143.5,-42.5,-0.6,,,,
73.242,5,Atta_5,1334.2,1626.8,6.8,31.4,-2.6,,,,
73.242,6,Atta_6,1422.6,1157.6,137.3,33.0,-3.3,,,,
73.242,7,Atta_7,264.5,2634.7,23.7,-5.4,-2.3,,,,
73.242,8,Atta_8,1375.9,2072.4,234.3,-28.5,1.6,,,,
73.242,9,Atta_9,1861.0,2108.9,329.3,-48.9,0.7,,,,
73.242,10,Atta_10,518.9,2680.8,9.8,-49.3,-4.5,,,,
73.311,1,Atta_1,1284.2,2039.1,28.7,43.1,1.2,,,,
73.311,2,Atta_2,1521.0,612.6,251.5,-65.2,-4.2,,,,
73.311,3,Atta_3,1399.0,905.8,66.4,-55.8,-1.8,,,,
73.311,4,Atta_4,248.3,566.0,140.2,55.6,-3.3,,,,
73.311,5,Atta_5,1324.6,1665.3,9.2,-39.7,2.4,,,,
73.311,6,Atta_6,1407.7,1171.0,137.6,20.0,0.3,,,,
73.311,7,Atta_7,242.4,2678.8,29.6,-49.3,5.9,,,,
73.311,8,Atta_8,1404.4,2107.3,236.2,-45.1,1.9,,,,
73.311,9,Atta_9,1842.8,2065.5,327.8,47.1,-1.5,,,,
73.311,10,Atta_10,541.7,2656.5,8.9,33.3,-0.9,,,,
73.377,1,Atta_1,1318.9,2033.6,29.7,35.1,1.0,,,,
73.377,2,Atta_2,1494.0,633.7,256.0,-34.3,4.5,,,,
73.377,3,Atta_3,1484.9,859.4,64.8,-97.6,-1.6,,,,
73.377,4,Atta_4,300.2,593.8,144.1,-58.9,3.9,,,,
73.377,5,Atta_5,1285.2,1683.4,5.5,-43.4,-3.7,,,,
73.377,6,Atta_6,1426.2,1219.2,142.0,51.6,4.4,,,,
73.377,7,Atta_7,235.1,2618.5,29.1,-60.7,-0.5,,,,
73.377,8,Atta_8,1339.8,2023.7,234.8,105.7,-1.4,,,,
73.377,9,Atta_9,1800.9,2052.8,329.2,-43.8,1.4,,,,
73.377,10,Atta_10,570.2,2651.1,9.7,29.0,0.8,,,,
73.447,1,Atta_1,1314.3,2040.8,25.5,-8.5,-4.2,,,,
73.447,2,Atta_2,1472.0,597.2,255.7,42.6,-0.3,,,,
73.447,3,Atta_3,1464.0,835.8,70.1,-31.5,5.3,,,,
73.447,4,Atta_4,299.1,588.9,141.9,-5.0,-2.2,,,,
73.447,5,Atta_5,1366.4,1661.9,9.0,84.0,3.5,,,,
73.447,6,Atta_6,1404.4,1145.1,138.0,-77.2,-4.0,,,,
73.447,7,Atta_7,196.5,2642.3,25.7,-45.3,-3.4,,,,
73.447,8,Atta_8,1402.1,2042.2,234.6,-65.0,-0.2,,,,
73.447,9,Atta_9,1839.3,2063.3,328.5,39.8,-0.7,,,,
73.447,10,Atta_10,604.7,2622.1,11.2,45.1,1.5,,,,
73.497,1,Atta_1,1237.4,2092.0,29.4,-92.4,3.9,,,,
73.497,2,Atta_2,1532.1,625.8,254.1,-66.6,-1.6,,,,
73.497,3,Atta_3,1442.2,845.7,64.7,23.9,-5.4,,,,
73.497,4,Atta_4,278.6,572.1,142.9,26.5,1.0,,,,
73.497,5,Atta_5,1433.6,1635.3,11.1,72.3,2.1,,,,
73.497,6,Atta_6,1419.9,1206.5,140.5,63.3,2.5,,,,
73.497,7,Atta_7,296.5,2619.9,26.1,102.5,0.4,,,,
73.497,8,Atta_8,1405.8,2076.2,236.1,-34.2,1.5,,,,
73.497,9,Atta_9,1836.2,2067.6,326.5,-5.3,-2.0,,,,
73.497,10,Atta_10,579.4,2671.2,10.2,-55.2,-1.0,,,,
73.565,1,Atta_1,1307.1,2055.3,25.2,78.8,-4.2,,,,
73.565,2,Atta_2,1559.8,616.1,253.2,29.3,-0.9,,,,
73.565,3,Atta_3,1481.6,914.2,67.5,79.0,2.8,,,,
73.565,4,Atta_4,309.2,545.5,138.1,-40.5,-4.8,,,,
73.565,5,Atta_5,1351.5,1630.8,7.3,-82.2,-3.8,,,,
73.565,6,Atta_6,1383.1,1179.7,138.4,45.5,-2.1,,,,
73.565,7,Atta_7,274.8,2629.0,28.9,-23.5,2.8,,,,
73.565,8,Atta_8,1382.4,2038.6,233.8,44.3,-2.3,,,,
73.565,9,Atta_9,1849.3,2059.5,329.9,15.4,3.4,,,,
73.565,10,Atta_10,554.2,2715.0,10.8,-50.5,0.6,,,,
73.627,1,Atta_1,1304.8,2048.5,28.3,-7.2,3.1,,,,
73.627,2,Atta_2,1506.3,665.8,259.1,-73.0,5.9,,,,
73.627,3,Atta_3,1465.1,886.1,70.8,-32.6,3.3,,,,
73.627,4,Atta_4,360.4,608.3,141.0,81.0,2.9,,,,
73.627,5,Atta_5,1327.5,1635.3,5.8,-24.4,-1.5,,,,
73.627,6,Atta_6,1369.2,1193.8,138.3,19.8,-0.1,,,,
73.627,7,Atta_7,272.9,2612.1,29.6,-17.0,0.7,,,,
73.627,8,Atta_8,1338.9,2030.1,231.1,44.3,-2.7,,,,
73.627,9,Atta_9,1811.0,2107.1,326.0,-61.1,-3.9,,,,
73.627,10,Atta_10,604.9,2600.5,12.8,125.2,2.0,,,,
73.696,1,Atta_1,1295.7,2037.2,27.6,-14.5,-0.7,,,,
73.696,2,Atta_2,1466.7,671.9,251.2,40.1,-7.9,,,,
73.696,3,Atta_3,1422.5,842.7,66.4,-60.8,-4.4,,,,
73.696,4,Atta_4,256.1,562.2,143.3,114.0,2.3,,,,
73.696,5,Atta_5,1318.3,1711.4,8.1,-76.7,2.3,,,,
73.696,6,Atta_6,1336.5,1240.4,136.4,56.9,-1.9,,,,
73.696,7,Atta_7,307.8,2654.1,28.5,54.6,-1.1,,,,
73.696,8,Atta_8,1418.1,2008.3,234.8,-82.1,3.7,,,,
73.696,9,Atta_9,1906.7,2006.5,326.4,138.8,0.4,,,,
73.696,10,Atta_10,575.9,2626.6,12.4,-39.0,-0.4,,,,
73.764,1,Atta_1,1304.7,1975.3,27.6,-62.6,0.0,,,,
73.764,2,Atta_2,1545.2,583.5,254.8,118.2,3.6,,,,
73.764,3,Atta_3,1477.6,895.9,63.8,76.6,-2.6,,,,
73.764,4,Atta_4,250.7,547.2,140.5,-15.9,-2.8,,,,
73.764,5,Atta_5,1397.1,1572.4,8.5,159.8,0.4,,,,
73.764,6,Atta_6,1369.3,1230.2,139.0,-34.3,2.6,,,,
73.764,7,Atta_7,264.3,2665.9,22.1,-45.1,-6.4,,,,
73.764,8,Atta_8,1373.8,2073.2,233.4,-78.6,-1.4,,,,
73.764,9,Atta_9,1829.1,2039.6,324.7,-84.4,-1.7,,,,
73.764,10,Atta_10,548.8,2662.9,10.4,-45.3,-2.0,,,,
73.83,1,Atta_1,1268.4,2081.9,27.3,112.6,-0.3,,,,
73.83,2,Atta_2,1543.8,636.8,258.2,-53.3,3.4,,,,
73.83,3,Atta_3,1419.9,850.2,67.2,-73.6,3.4,,,,
73.83,4,Atta_4,326.1,626.2,143.1,-109.2,2.6,,,,
73.83,5,Atta_5,1350.8,1631.2,3.8,-74.8,-4.7,,,,
73.83,6,Atta_6,1339.9,1256.7,138.5,39.6,-0.5,,,,
73.83,7,Atta_7,304.9,2697.7,31.0,51.6,8.9,,,,
73.83,8,Atta_8,1336.0,2036.4,236.0,52.8,2.6,,,,
73.83,9,Atta_9,1870.9,2060.6,327.8,46.8,3.1,,,,
73.83,10,Atta_10,549.8,2692.9,9.4,30.0,-1.0,,,,
73.898,1,Atta_1,1279.9,2070.8,25.6,16.0,-1.7,,,,
73.898,2,Atta_2,1519.9,618.7,254.6,30.0,-3.6,,,,
73.898,3,Atta_3,1463.8,842.9,67.9,44.5,0.7,,,,
73.898,4,Atta_4,292.6,574.2,141.1,-61.9,-2.0,,,,
73.898,5,Atta_5,1351.9,1608.4,10.5,-22.8,6.7,,,,
73.898,6,Atta_6,1320.0,1210.1,141.1,-50.7,2.6,,,,
73.898,7,Atta_7,337.6,2700.8,27.8,32.8,-3.2,,,,
73.898,8,Atta_8,1371.0,2017.5,235.6,-39.8,-0.4,,,,
73.898,9,Atta_9,1797.3,2024.4,327.5,-82.0,-0.3,,,,
73.898,10,Atta_10,593.7,2676.1,9.4,47.0,0.0,,,,
73.966,1,Atta_1,1311.8,2090.0,28.9,37.2,3.3,,,,
73.966,2,Atta_2,1515.0,651.9,257.2,-33.6,2.6,,,,
73.966,3,Atta_3,1476.2,880.3,67.2,39.4,-0.7,,,,
73.966,4,Atta_4,283.1,583.5,139.7,13.3,-1.4,,,,
73.966,5,Atta_5,1363.1,1651.8,5.5,44.8,-5.0,,,,
73.966,6,Atta_6,1309.6,1208.0,137.6,10.6,-3.5,,,,
73.966,7,Atta_7,313.0,2655.9,27.5,-51.2,-0.3,,,,
73.966,8,Atta_8,1388.5,2029.3,236.0,-21.1,0.4,,,,
73.966,9,Atta_9,1864.5,2101.4,327.5,102.2,0.0,,,,
73.966,10,Atta_10,563.6,2649.6,12.3,-40.1,2.9,,,,
74.032,1,Atta_1,1324.8,2078.0,27.4,17.7,-1.5,,,,
74.032,2,Atta_2,1518.7,674.0,256.0,-22.4,-1.2,,,,
74.032,3,Atta_3,1450.7,901.4,68.3,33.1,1.1,,,,
74.032,4,Atta_4,275.7,591.2,139.9,10.7,0.2,,,,
74.032,5,Atta_5,1346.3,1629.1,12.0,-28.2,6.5,,,,
74.032,6,Atta_6,1288.4,1218.2,138.5,23.5,0.9,,,,
74.032,7,Atta_7,334.4,2667.0,27.6,24.1,0.1,,,,
74.032,8,Atta_8,1369.9,2015.7,231.5,23.0,-4.5,,,,
74.032,9,Atta_9,1884.4,2122.5,328.8,29.0,1.3,,,,
74.032,10,Atta_10,571.9,2623.4,11.6,27.5,-0.7,,,,
74.104,1,Atta_1,1243.8,2030.3,29.9,-94.0,2.5,,,,
74.104,2,Atta_2,1533.1,649.0,259.0,28.9,3.0,,,,
74.104,3,Atta_3,1438.9,848.4,68.2,-54.3,-0.1,,,,
74.104,4,Atta_4,259.6,617.1,142.0,30.5,2.1,,,,
74.104,5,Atta_5,1354.3,1629.3,11.4,8.0,-0.6,,,,
74.104,6,Atta_6,1275.1,1253.6,136.0,37.8,-2.5,,,,
74.104,7,Atta_7,298.6,2665.0,29.3,-35.9,1.7,,,,
74.104,8,Atta_8,1440.0,2041.2,235.0,-74.6,3.5,,,,
74.104,9,Atta_9,1855.9,2050.5,324.3,77.4,-4.5,,,,
74.104,10,Atta_10,545.2,2631.7,12.0,-28.0,0.4,,,,
74.157,1,Atta_1,1277.0,2063.0,28.6,46.6,-1.3,,,,
74.157,2,Atta_2,1562.0,721.4,255.3,-78.0,-3.7,,,,
74.157,3,Atta_3,1456.2,849.4,63.9,17.3,-4.3,,,,
74.157,4,Atta_4,345.2,547.5,143.5,-110.3,1.5,,,,
74.157,5,Atta_5,1266.4,1618.9,7.2,-88.5,-4.2,,,,
74.157,6,Atta_6,1302.7,1297.0,140.0,51.4,4.0,,,,
74.157,7,Atta_7,363.2,2690.9,28.5,69.6,-0.8,,,,
74.157,8,Atta_8,1351.4,2113.8,234.0,-114.5,-1.0,,,,
74.157,9,Atta_9,1845.2,2059.4,328.9,-13.9,4.6,,,,
74.157,10,Atta_10,531.0,2665.2,7.1,-36.4,-4.9,,,,
74.225,1,Atta_1,1253.6,2059.0,31.6,-23.7,3.0,,,,
74.225,2,Atta_2,1539.5,631.1,254.6,93.1,-0.7,,,,
74.225,3,Atta_3,1492.1,902.0,66.4,63.7,2.5,,,,
74.225,4,Atta_4,338.4,570.7,141.8,24.2,-1.7,,,,
74.225,5,Atta_5,1338.9,1596.2,11.1,76.0,3.9,,,,
74.225,7,Atta_7,326.2,2706.5,26.0,-40.2,-2.5,,,,
74.225,8,Atta_8,1400.3,2015.0,233.0,110.2,-1.0,,,,
74.225,9,Atta_9,1844.2,2065.4,329.1,-6.1,0.2,,,,
74.225,10,Atta_10,546.5,2659.9,10.8,16.4,3.7,,,,
74.293,1,Atta_1,1276.7,2052.8,24.7,23.9,-6.9,,,,
74.293,2,Atta_2,1528.5,648.7,257.2,-20.8,2.6,,,,
74.293,3,Atta_3,1453.5,843.6,67.7,-70.0,1.3,,,,
74.293,4,Atta_4,326.0,589.1,143.0,22.2,1.2,,,,
74.293,5,Atta_5,1387.8,1584.2,4.3,50.4,-6.8,,,,
74.293,6,Atta_6,1313.5,1258.4,140.5,-40.1,0.5,,,,
74.293,7,Atta_7,356.3,2706.4,25.7,30.1,-0.3,,,,
74.293,8,Atta_8,1407.8,2011.5,235.5,-8.3,2.5,,,,
74.293,9,Atta_9,1872.2,1967.0,328.2,102.3,-0.9,,,,
74.293,10,Atta_10,530.8,2644.1,8.2,-22.3,-2.6,,,,
74.362,2,Atta_2,1533.0,674.6,259.8,-26.3,2.6,,,,
74.362,3,Atta_3,1506.7,882.2,67.4,65.7,-0.3,,,,
74.362,4,Atta_4,259.8,597.1,142.7,66.7,-0.3,,,,
74.362,5,Atta_5,1336.4,1659.2,11.1,-90.9,6.8,,,,
74.362,6,Atta_6,1271.3,1208.1,140.7,65.7,0.2,,,,
74.362,7,Atta_7,420.5,2697.4,28.9,64.8,3.2,,,,
74.362,8,Atta_8,1436.8,2003.5,233.6,-30.1,-1.9,,,,
74.362,9,Atta_9,1801.7,2067.8,330.7,-123.0,2.5,,,,
74.362,10,Atta_10,585.9,2635.8,9.3,55.7,1.1,,,,
74.43,1,Atta_1,1283.9,2022.9,27.3,-30.8,2.6,,,,
74.43,2,Atta_2,1534.4,601.3,251.9,73.3,-7.9,,,,
74.43,3,Atta_3,1416.4,846.9,69.1,-97.0,1.7,,,,
74.43,4,Atta_4,302.0,567.7,141.4,-51.4,-1.3,,,,
74.43,5,Atta_5,1364.6,1675.0,12.6,32.3,1.5,,,,
74.43,6,Atta_6,1246.3,1286.5,138.7,82.3,-2.0,,,,
74.43,7,Atta_7,328.2,2709.9,26.8,-93.1,-2.1,,,,
74.43,8,Atta_8,1308.0,1968.9,235.7,133.4,2.1,,,,
74.43,9,Atta_9,1792.1,2069.0,328.3,-9.7,-2.4,,,,
74.43,10,Atta_10,562.1,2703.5,12.9,-71.8,3.6,,,,
74.499,1,Atta_1,1319.1,2033.8,28.6,36.8,1.3,,,,
74.499,2,Atta_2,1550.1,606.6,254.9,-16.6,3.0,,,,
74.499,3,Atta_3,1459.2,889.7,64.7,60.5,-4.4,,,,
74.499,4,Atta_4,223.0,588.1,141.2,81.6,-0.2,,,,
74.499,5,Atta_5,1330.1,1615.2,9.0,-69.0,-3.6,,,,
74.499,6,Atta_6,1286.2,1307.5,141.5,-45.1,2.8,,,,
74.499,7,Atta_7,332.8,2663.3,27.6,-46.8,0.8,,,,
74.499,8,Atta_8,1413.5,2043.0,235.4,-128.9,-0.3,,,,
74.499,9,Atta_9,1863.2,2024.3,326.0,84.0,-2.3,,,,
74.499,10,Atta_10,578.7,2671.7,9.1,35.9,-3.8,,,,
74.567,1,Atta_1,1235.6,2071.2,25.2,-91.5,-3.4,,,,
74.567,2,Atta_2,1547.5,620.8,256.9,-14.4,2.0,,,,
74.567,3,Atta_3,1408.8,896.5,65.3,-50.9,0.6,,,,
74.567,4,Atta_4,308.2,627.0,142.1,-93.7,0.9,,,,
74.567,5,Atta_5,1307.7,1634.4,8.7,-29.5,-0.3,,,,
74.567,6,Atta_6,1314.1,1348.5,143.3,49.6,1.8,,,,
74.567,7,Atta_7,317.2,2695.9,28.6,36.1,1.0,,,,
74.567,8,Atta_8,1421.6,2075.4,237.4,-33.4,2.0,,,,
74.567,9,Atta_9,1846.3,2090.9,326.8,-68.7,0.8,,,,
74.567,10,Atta_10,552.6,2697.5,10.2,-36.7,1.1,,,,
74.636,1,Atta_1,1272.6,2042.7,24.2,46.7,-1.0,,,,
74.636,2,Atta_2,1562.1,623.3,251.1,-14.8,-5.8,,,,
74.636,3,Atta_3,1435.1,892.9,66.8,26.5,1.5,,,,
74.636,4,Atta_4,305.0,603.9,144.3,-23.3,2.2,,,,
74.636,6,Atta_6,1301.4,1290.0,137.8,-59.9,-5.5,,,,
74.636,7,Atta_7,331.6,2668.8,27.6,-30.7,-1.0,,,,
74.636,8,Atta_8,1368.6,2070.7,236.2,53.2,-1.2,,,,
74.636,9,Atta_9,1888.4,2029.1,326.8,74.8,0.0,,,,
74.636,10,Atta_10,549.5,2709.7,10.5,-12.6,0.3,,,,
74.702,1,Atta_1,1265.7,2081.6,28.1,39.5,3.9,,,,
74.702,2,Atta_2,1561.4,607.7,254.8,15.6,3.7,,,,
74.702,3,Atta_3,1419.8,916.4,67.5,28.0,0.7,,,,
74.702,4,Atta_4,307.6,571.2,140.2,-32.8,-4.1,,,,
74.702,5,Atta_5,1296.0,1630.0,11.3,-12.5,2.6,,,,
74.702,6,Atta_6,1222.5,1244.4,138.0,91.1,0.2,,,,
74.702,7,Atta_7,326.5,2732.7,25.8,64.1,-1.8,,,,
74.702,8,Atta_8,1408.7,1973.5,232.5,105.1,-3.7,,,,
74.702,9,Atta_9,1833.8,2056.8,330.2,-61.2,3.4,,,,
74.702,10,Atta_10,567.1,2634.7,13.0,77.0,2.5,,,,
74.771,1,Atta_1,1272.2,2064.2,25.5,-18.6,-2.6,,,,
74.771,2,Atta_2,1543.0,647.0,254.7,-43.4,-0.1,,,,
74.771,3,Atta_3,1421.0,906.2,67.3,-10.3,-0.2,,,,
74.771,4,Atta_4,280.3,608.0,142.2,45.8,2.0,,,,
74.771,5,Atta_5,1321.9,1655.1,6.4,36.1,-4.9,,,,
74.771,6,Atta_6,1280.6,1260.3,137.6,-60.2,-0.4,,,,
74.771,7,Atta_7,402.5,2705.0,29.6,80.9,3.8,,,,
74.771,8,Atta_8,1366.3,2013.4,235.0,-58.2,2.5,,,,
74.771,9,Atta_9,1820.4,2055.7,328.2,-13.4,-2.0,,,,
74.771,10,Atta_10,584.4,2640.9,8.6,18.4,-4.4,,,,
74.891,1,Atta_1,1253.3,1991.6,27.3,-75.0,1.8,,,,
74.891,2,Atta_2,1543.9,663.8,254.0,-16.8,-0.7,,,,
74.891,3,Atta_3,1477.0,867.1,68.4,-68.3,1.1,,,,
74.891,4,Atta_4,307.3,629.1,146.7,-34.3,4.5,,,,
74.891,5,Atta_5,1351.1,1632.6,7.9,36.9,1.5,,,,
74.891,6,Atta_6,1189.8,1254.6,138.4,91.0,0.8,,,,
74.891,7,Atta_7,338.7,2755.4,27.5,-81.3,-2.1,,,,
74.891,8,Atta_8,1359.4,2066.0,236.7,-53.1,1.7,,,,
74.891,9,Atta_9,1815.4,2101.4,327.4,-46.0,-0.8,,,,
74.891,10,Atta_10,590.7,2665.5,6.6,25.4,-2.0,,,,
74.957,1,Atta_1,1306.2,2080.2,26.9,103.2,-0.4,,,,
74.957,2,Atta_2,1524.7,633.8,253.1,35.6,-0.9,,,,
74.957,3,Atta_3,1459.5,904.0,67.6,40.8,-0.8,,,,
74.957,4,Atta_4,325.2,603.8,141.9,-31.0,-4.8,,,,
74.957,5,Atta_5,1354.4,1663.5,10.5,31.1,2.6,,,,
74.957,6,Atta_6,1259.9,1308.6,139.8,-88.5,1.4,,,,
74.957,7,Atta_7,363.4,2710.1,25.8,51.6,-1.7,,,,
74.957,8,Atta_8,1353.0,2007.5,235.7,58.8,-1.0,,,,
74.957,9,Atta_9,1889.2,2042.0,326.6,94.7,-0.8,,,,
74.957,10,Atta_10,553.7,2694.9,8.5,-47.3,1.9,,,,
75.09,1,Atta_1,1239.4,2055.1,26.6,-71.4,-0.3,,,,
75.09,2,Atta_2,1543.5,595.6,259.8,42.6,6.7,,,,
75.09,3,Atta_3,1419.4,889.1,63.8,-42.8,-3.8,,,,
75.09,4,Atta_4,296.4,622.9,136.5,34.6,-5.4,,,,
75.09,5,Atta_5,1362.9,1650.3,4.9,15.7,-5.6,,,,
75.09,6,Atta_6,1263.0,1301.7,133.5,-7.6,-6.3,,,,
75.09,7,Atta_7,339.8,2672.3,27.2,-44.6,1.4,,,,
75.09,8,Atta_8,1395.4,2041.3,237.9,-54.2,2.2,,,,
75.09,9,Atta_9,1835.5,2067.7,329.1,-59.5,2.5,,,,
75.09,10,Atta_10,598.3,2669.2,6.9,51.5,-1.6,,,,
75.157,1,Atta_1,1253.7,2071.8,23.7,22.0,-2.9,,,,
75.157,2,Atta_2,1534.1,675.7,262.0,-80.6,2.2,,,,
75.157,3,Atta_3,1439.1,901.1,62.6,23.1,-1.2,,,,
75.157,4,Atta_4,324.0,587.6,130.6,-44.8,-5.9,,,,
75.157,5,Atta_5,1368.8,1633.4,358.4,17.9,-6.5,,,,
75.157,6,Atta_6,1280.8,1279.3,133.6,-28.6,0.1,,,,
75.157,7,Atta_7,352.1,2696.8,19.6,27.4,-7.6,,,,
75.157,8,Atta_8,1347.1,2027.5,242.0,50.2,4.1,,,,
75.157,9,Atta_9,1847.5,2090.0,336.4,-25.3,7.3,,,,
75.157,10,Atta_10,557.5,2677.7,5.1,-41.7,-1.8,,,,
75.223,1,Atta_1,1261.8,2085.0,13.7,15.5,-10.0,,,,
75.223,2,Atta_2,1458.8,607.2,265.3,101.8,3.3,,,,
75.223,3,Atta_3,1457.1,881.5,57.7,-26.6,-4.9,,,,
75.223,4,Atta_4,302.2,560.8,128.6,-34.5,-2.0,,,,
75.223,6,Atta_6,1256.6,1285.5,125.2,25.0,-8.4,,,,
75.223,7,Atta_7,347.5,2666.6,17.7,-30.5,-1.9,,,,
75.223,8,Atta_8,1364.5,2033.4,247.4,-18.4,5.4,,,,
75.223,9,Atta_9,1878.1,2140.6,340.7,59.1,4.3,,,,
75.223,10,Atta_10,576.8,2650.8,0.4,33.1,-4.7,,,,
75.301,1,Atta_1,1268.7,2012.5,14.8,-72.8,1.1,,,,
75.301,2,Atta_2,1489.8,680.5,271.9,-79.6,6.6,,,,
75.301,3,Atta_3,1463.0,840.3,52.6,-41.6,-5.1,,,,
75.301,4,Atta_4,362.1,617.9,123.9,82.8,-4.7,,,,
75.301,5,Atta_5,1301.2,1641.9,354.2,-68.1,-4.2,,,,
75.301,6,Atta_6,1325.5,1296.7,119.9,-69.8,-5.3,,,,
75.301,7,Atta_7,332.5,2662.2,12.6,-15.6,-5.1,,,,
75.301,8,Atta_8,1380.2,2007.6,250.6,30.2,3.2,,,,
75.301,9,Atta_9,1819.9,2023.4,342.6,-130.9,1.9,,,,
75.301,10,Atta_10,574.4,2656.5,356.4,-6.2,-4.0,,,,
75.364,1,Atta_1,1239.8,2083.0,14.1,-76.2,-0.7,,,,
75.364,2,Atta_2,1525.9,668.1,273.3,38.2,1.4,,,,
75.364,3,Atta_3,1474.4,859.3,46.1,22.2,-6.5,,,,
75.364,4,Atta_4,297.3,541.7,119.1,-100.0,-4.8,,,,
75.364,5,Atta_5,1314.2,1632.5,352.9,16.0,-1.3,,,,
75.364,6,Atta_6,1274.2,1304.6,119.5,51.9,-0.4,,,,
75.364,7,Atta_7,352.2,2709.7,6.8,51.4,-5.8,,,,
75.364,8,Atta_8,1389.9,2080.2,255.8,-73.2,5.2,,,,
75.364,9,Atta_9,1790.8,2082.7,346.2,-66.1,3.6,,,,
75.364,10,Atta_10,587.8,2638.0,351.4,22.8,-5.0,,,,
75.432,1,Atta_1,1287.2,2004.1,11.4,92.0,-2.7,,,,
75.432,2,Atta_2,1510.9,636.9,281.6,34.6,8.3,,,,
75.432,3,Atta_3,1460.9,922.1,38.0,64.2,-8.1,,,,
75.432,4,Atta_4,270.0,583.9,110.5,50.3,-8.6,,,,
75.432,5,Atta_5,1325.7,1711.7,346.7,80.0,-6.2,,,,
75.432,6,Atta_6,1277.9,1310.2,110.5,6.7,-9.0,,,,
75.432,7,Atta_7,394.3,2679.7,2.6,51.7,-4.2,,,,
75.432,8,Atta_8,1345.6,2099.4,265.1,-48.3,9.3,,,,
75.432,9,Atta_9,1843.6,2023.8,357.2,79.1,11.0,,,,
75.432,10,Atta_10,576.1,2664.5,344.4,-29.0,-7.0,,,,
75.5,1,Atta_1,1287.2,2096.4,11.9,92.3,0.5,,,,
75.5,2,Atta_2,1500.4,632.4,289.3,11.4,7.7,,,,
75.5,3,Atta_3,1413.8,844.5,33.3,-90.8,-4.7,,,,
75.5,4,Atta_4,318.0,624.2,105.6,62.7,-4.9,,,,
75.5,5,Atta_5,1300.6,1604.9,340.4,109.7,-6.3,,,,
75.5,6,Atta_6,1284.2,1273.2,101.4,-37.5,-9.1,,,,
75.5,7,Atta_7,370.2,2671.5,356.0,-25.5,-6.6,,,,
75.5,8,Atta_8,1344.9,2032.3,268.5,67.1,3.4,,,,
75.5,9,Atta_9,1815.0,2051.1,1.1,-39.5,3.9,,,,
75.5,10,Atta_10,560.5,2673.5,343.5,-18.0,-0.9,,,,
75.57,1,Atta_1,1339.7,2059.7,11.5,64.1,-0.4,,,,
75.57,2,Atta_2,1475.8,614.1,291.6,30.7,2.3,,,,
75.57,3,Atta_3,1481.0,873.0,31.0,73.0,-2.3,,,,
75.57,4,Atta_4,292.0,594.1,103.4,-39.8,-2.2,,,,
75.57,5,Atta_5,1295.8,1613.5,338.6,-9.8,-1.8,,,,
75.57,6,Atta_6,1276.3,1322.0,100.9,49.4,-0.5,,,,
75.57,7,Atta_7,332.1,2659.3,346.3,-40.0,-9.7,,,,
75.57,8,Atta_8,1386.3,2073.4,271.5,-58.3,3.0,,,,
75.57,9,Atta_9,1847.5,2030.7,6.3,38.4,5.2,,,,
75.57,10,Atta_10,596.1,2653.5,343.4,40.8,-0.1,,,,
75.699,1,Atta_1,1166.6,2054.5,14.2,-173.2,2.7,,,,
75.699,2,Atta_2,1539.1,644.3,303.1,-70.1,11.5,,,,
75.699,3,Atta_3,1405.9,876.9,19.1,-75.2,-11.9,,,,
75.699,4,Atta_4,313.2,608.4,92.5,25.6,-10.9,,,,
75.699,5,Atta_5,1305.6,1634.0,338.3,22.7,-0.3,,,,
75.699,6,Atta_6,1255.8,1300.8,93.2,-29.5,-7.7,,,,
75.699,7,Atta_7,298.5,2678.2,350.3,-38.6,4.0,,,,
75.699,8,Atta_8,1380.3,2097.0,281.9,-24.4,10.4,,,,
75.699,9,Atta_9,1892.0,2012.2,6.4,48.2,0.1,,,,
75.699,10,Atta_10,534.9,2663.6,338.7,-62.0,-4.7,,,,
75.768,1,Atta_1,1256.3,2071.4,16.9,91.3,2.7,,,,
75.768,2,Atta_2,1523.0,640.1,307.9,-16.6,4.8,,,,
75.768,3,Atta_3,1466.3,919.4,19.2,73.9,0.1,,,,
75.768,4,Atta_4,236.4,618.1,88.1,77.4,-4.4,,,,
75.768,5,Atta_5,1330.5,1668.8,340.3,42.8,2.0,,,,
75.768,6,Atta_6,1296.8,1298.9,86.0,-41.0,-7.2,,,,
75.768,7,Atta_7,304.0,2677.3,350.1,5.6,-0.2,,,,
75.768,8,Atta_8,1420.5,2056.5,280.6,57.1,-1.3,,,,
75.768,9,Atta_9,1817.1,2054.9,5.1,-86.2,-1.3,,,,
75.768,10,Atta_10,524.0,2663.4,342.3,-10.9,3.6,,,,
75.892,1,Atta_1,1237.7,1993.2,13.5,-80.4,-3.4,,,,
75.892,2,Atta_2,1542.3,634.4,312.1,20.1,4.2,,,,
75.892,3,Atta_3,1419.3,867.8,9.5,-69.8,-9.7,,,,
75.892,4,Atta_4,277.7,546.6,86.6,-82.6,-1.5,,,,
75.892,5,Atta_5,1349.4,1660.8,342.4,20.5,2.1,,,,
75.892,6,Atta_6,1200.6,1309.8,85.0,96.8,-1.0,,,,
75.892,7,Atta_7,306.6,2690.6,354.3,13.6,4.2,,,,
75.892,8,Atta_8,1393.1,2107.1,291.3,-57.5,10.7,,,,
75.892,9,Atta_9,1853.8,2100.7,5.9,58.7,0.8,,,,
75.892,10,Atta_10,603.3,2647.2,344.3,80.9,2.0,,,,
75.962,1,Atta_1,1241.3,2089.5,15.2,96.4,1.7,,,,
75.962,2,Atta_2,1574.0,644.2,319.1,33.2,7.0,,,,
75.962,3,Atta_3,1505.4,866.1,5.0,86.1,-4.5,,,,
75.962,4,Atta_4,315.5,636.8,80.6,97.8,-6.0,,,,
75.962,5,Atta_5,1426.2,1643.7,342.3,78.7,-0.1,,,,
75.962,6,Atta_6,1236.9,1281.0,77.9,-46.3,-7.1,,,,
75.962,7,Atta_7,345.4,2689.1,345.4,38.8,-8.9,,,,
75.962,8,Atta_8,1400.1,2080.1,296.6,27.9,5.3,,,,
75.962,9,Atta_9,1804.9,2071.5,6.4,-57.0,0.5,,,,
75.962,10,Atta_10,555.3,2633.0,340.0,-50.1,-4.3,,,,
76.03,1,Atta_1,1186.9,2065.7,14.8,-59.4,-0.4,,,,
76.03,2,Atta_2,1509.2,608.7,318.0,-73.9,-1.1,,,,
76.03,3,Atta_3,1474.0,882.9,359.1,-35.6,-5.9,,,,
76.03,4,Atta_4,234.4,658.6,76.4,84.0,-4.2,,,,
76.03,5,Atta_5,1364.9,1628.3,338.0,-63.2,-4.3,,,,
76.03,6,Atta_6,1255.3,1308.3,71.7,32.9,-6.2,,,,
76.03,7,Atta_7,399.6,2726.3,350.5,65.7,5.1,,,,
76.03,8,Atta_8,1403.3,2039.5,297.9,40.7,1.3,,,,
76.03,9,Atta_9,1834.6,2093.3,6.6,36.8,0.2,,,,
76.03,10,Atta_10,613.6,2632.3,339.4,58.3,-0.6,,,,
76.097,1,Atta_1,1193.7,2034.3,18.7,-32.1,3.9,,,,
76.097,2,Atta_2,1510.6,619.3,328.0,-10.7,10.0,,,,
76.097,3,Atta_3,1443.4,866.7,357.0,-34.6,-2.1,,,,
76.097,4,Atta_4,332.0,575.5,73.2,-128.2,-3.2,,,,
76.097,5,Atta_5,1375.1,1646.3,339.6,20.7,1.6,,,,
76.097,6,Atta_6,1282.7,1298.8,67.3,-29.0,-4.4,,,,
76.097,7,Atta_7,381.9,2709.4,350.1,-24.5,-0.4,,,,
76.097,8,Atta_8,1371.4,2051.9,304.8,-34.2,6.9,,,,
76.097,9,Atta_9,1902.6,1979.7,3.8,132.4,-2.8,,,,
76.097,10,Atta_10,627.5,2687.0,342.4,-56.4,3.0,,,,
76.165,1,Atta_1,1201.5,2066.3,22.8,32.9,4.1,,,,
76.165,2,Atta_2,1506.9,648.5,332.7,-29.4,4.7,,,,
76.165,3,Atta_3,1460.4,835.4,351.7,35.6,-5.3,,,,
76.165,4,Atta_4,287.5,585.9,65.9,-45.7,-7.3,,,,
76.165,5,Atta_5,1392.7,1607.9,339.7,42.2,0.1,,,,
76.165,6,Atta_6,1295.1,1283.1,63.9,-20.0,-3.4,,,,
76.165,7,Atta_7,422.8,2659.0,346.4,64.9,-3.7,,,,
76.165,8,Atta_8,1336.6,2054.3,309.5,-34.9,4.7,,,,
76.165,9,Atta_9,1869.5,2054.7,4.6,-82.0,0.8,,,,
76.165,10,Atta_10,638.7,2628.8,345.0,59.3,2.6,,,,
76.233,1,Atta_1,1204.1,2039.1,26.5,-27.3,3.7,,,,
76.233,2,Atta_2,1542.7,602.6,333.4,58.2,0.7,,,,
76.233,3,Atta_3,1457.6,900.4,351.6,-65.1,-0.1,,,,
76.233,4,Atta_4,324.2,541.8,64.4,-57.4,-1.5,,,,
76.233,5,Atta_5,1383.2,1618.4,337.5,-14.2,-2.2,,,,
76.233,6,Atta_6,1290.2,1261.8,62.2,-21.9,-1.7,,,,
76.233,7,Atta_7,383.7,2724.3,346.7,-76.1,0.3,,,,
76.233,8,Atta_8,1402.5,2037.7,313.3,68.0,3.8,,,,
76.233,9,Atta_9,1917.0,2073.7,9.4,51.2,4.8,,,,
76.233,10,Atta_10,631.4,2574.8,341.7,54.5,-3.3,,,,
76.288,1,Atta_1,1185.7,2020.2,30.2,-26.4,3.7,,,,
76.288,2,Atta_2,1510.0,618.8,336.5,-36.5,3.1,,,,
76.288,3,Atta_3,1472.6,858.7,352.9,44.3,1.3,,,,
76.288,4,Atta_4,240.6,633.0,54.9,123.7,-9.5,,,,
76.288,5,Atta_5,1401.4,1624.5,340.7,19.2,3.2,,,,
76.288,6,Atta_6,1262.3,1295.5,56.7,43.8,-5.5,,,,
76.288,7,Atta_7,421.8,2715.7,347.7,39.1,1.0,,,,
76.288,8,Atta_8,1427.5,1979.5,317.9,63.3,4.6,,,,
76.288,9,Atta_9,1922.7,2037.2,8.2,-36.9,-1.2,,,,
76.288,10,Atta_10,634.9,2616.1,340.7,-41.4,-1.0,,,,
76.355,1,Atta_1,1229.1,2038.5,35.8,47.1,5.6,,,,
76.355,2,Atta_2,1583.2,638.7,344.9,75.9,8.4,,,,
76.355,3,Atta_3,1486.6,865.0,351.9,15.4,-1.0,,,,
76.355,4,Atta_4,266.1,622.2,54.9,27.7,0.0,,,,
76.355,5,Atta_5,1479.8,1582.7,340.7,88.8,0.0,,,,
76.355,6,Atta_6,1269.5,1267.5,55.8,-28.9,-0.9,,,,
76.355,7,Atta_7,477.3,2691.2,349.2,60.7,1.5,,,,
76.355,8,Atta_8,1378.9,2046.8,324.2,-83.0,6.3,,,,
76.355,9,Atta_9,1855.7,2039.8,6.4,-67.1,-1.8,,,,
76.355,10,Atta_10,616.9,2636.0,340.3,-26.8,-0.4,,,,
76.424,1,Atta_1,1201.6,2007.4,43.5,-41.5,7.7,,,,
76.424,2,Atta_2,1518.5,630.0,348.6,-65.3,3.7,,,,
76.424,3,Atta_3,1481.1,916.4,348.6,-51.7,-3.3,,,,
76.424,4,Atta_4,303.7,644.5,47.2,43.7,-7.7,,,,
76.424,5,Atta_5,1459.4,1644.2,337.7,-64.8,-3.0,,,,
76.424,6,Atta_6,1312.1,1293.2,46.2,49.8,-9.6,,,,
76.424,7,Atta_7,476.4,2641.4,349.3,49.8,0.1,,,,
76.424,9,Atta_9,1928.3,2061.4,6.7,75.7,0.3,,,,
76.424,10,Atta_10,681.1,2619.4,340.2,66.3,-0.1,,,,
76.491,1,Atta_1,1158.7,2058.9,44.0,67.0,0.5,,,,
76.491,2,Atta_2,1524.0,593.2,351.4,37.2,2.8,,,,
76.491,3,Atta_3,1439.6,849.1,350.2,-79.1,1.6,,,,
76.491,4,Atta_4,341.0,575.5,43.8,-78.4,-3.4,,,,
76.491,5,Atta_5,1467.0,1549.5,340.6,95.0,2.9,,,,
76.491,6,Atta_6,1244.1,1206.8,44.8,-109.9,-1.4,,,,
76.491,7,Atta_7,435.2,2659.0,348.6,-44.8,-0.7,,,,
76.491,8,Atta_8,1373.8,2067.4,329.6,-21.2,5.4,,,,
76.491,9,Atta_9,1957.1,2103.1,3.1,50.7,-3.6,,,,
76.491,10,Atta_10,735.6,2597.9,343.1,58.6,2.9,,,,
76.541,1,Atta_1,1216.9,2049.2,46.3,59.0,2.3,,,,
76.541,2,Atta_2,1534.2,590.2,356.2,10.6,4.8,,,,
76.541,3,Atta_3,1482.7,884.4,349.9,55.7,-0.3,,,,
76.541,4,Atta_4,280.2,644.3,36.8,91.8,-7.0,,,,
76.541,5,Atta_5,1497.5,1571.2,342.1,37.4,1.5,,,,
76.541,6,Atta_6,1274.0,1319.6,38.2,116.7,-6.6,,,,
76.541,7,Atta_7,467.8,2677.5,351.6,37.5,3.0,,,,
76.541,8,Atta_8,1422.5,2058.7,338.3,49.5,8.7,,,,
76.541,9,Atta_9,1903.9,2055.4,4.2,-71.5,1.1,,,,
76.541,10,Atta_10,671.3,2628.6,341.0,-71.3,-2.1,,,,
76.611,1,Atta_1,1188.3,2014.6,51.4,-44.9,5.1,,,,
76.611,2,Atta_2,1493.6,651.1,359.6,-73.2,3.4,,,,
76.611,3,Atta_3,1521.1,883.2,352.3,38.4,2.4,,,,
76.611,4,Atta_4,312.8,624.6,35.5,38.1,-1.3,,,,
76.611,5,Atta_5,1444.0,1573.9,343.3,-53.6,1.2,,,,
76.611,6,Atta_6,1309.8,1278.5,32.5,54.5,-5.7,,,,
76.611,7,Atta_7,468.6,2654.0,349.8,23.5,-1.8,,,,
76.611,8,Atta_8,1439.4,2015.7,339.7,46.2,1.4,,,,
76.611,9,Atta_9,1936.0,2074.5,5.4,37.4,1.2,,,,
76.611,10,Atta_10,677.9,2654.0,341.1,-26.2,0.1,,,,
76.677,1,Atta_1,1166.7,2031.7,55.2,-27.5,3.8,,,,
76.677,2,Atta_2,1509.8,641.4,358.9,18.9,-0.7,,,,
76.677,3,Atta_3,1486.4,876.4,352.7,-35.4,0.4,,,,
76.677,4,Atta_4,273.1,595.0,30.5,-49.5,-5.0,,,,
76.677,5,Atta_5,1490.3,1605.9,341.3,56.3,-2.0,,,,
76.677,6,Atta_6,1258.1,1270.7,29.3,-52.3,-3.2,,,,
76.677,7,Atta_7,446.3,2681.1,352.5,-35.1,2.7,,,,
76.677,8,Atta_8,1302.0,2050.9,344.2,-141.8,4.5,,,,
76.677,9,Atta_9,1956.5,2062.6,4.4,23.7,-1.0,,,,
76.677,10,Atta_10,724.4,2563.6,342.6,101.7,1.5,,,,
76.743,1,Atta_1,1219.0,2014.3,64.7,55.1,9.5,,,,
76.743,2,Atta_2,1510.5,703.7,359.7,-62.3,0.8,,,,
76.743,3,Atta_3,1515.0,908.1,351.6,42.7,-1.1,,,,
76.743,4,Atta_4,310.0,547.7,26.8,60.0,-3.7,,,,
76.743,5,Atta_5,1476.2,1607.8,343.3,-14.2,2.0,,,,
76.743,6,Atta_6,1292.1,1261.9,25.0,35.1,-4.3,,,,
76.743,7,Atta_7,505.4,2637.2,350.2,73.6,-2.3,,,,
76.743,8,Atta_8,1371.4,2029.9,345.6,72.5,1.4,,,,
76.743,9,Atta_9,2002.4,2066.7,5.4,46.1,1.0,,,,
76.743,10,Atta_10,738.6,2571.8,344.7,16.4,2.1,,,,
76.811,1,Atta_1,1183.2,2023.3,67.0,-36.9,2.3,,,,
76.811,2,Atta_2,1479.4,627.5,358.1,-82.3,-1.6,,,,
76.811,3,Atta_3,1499.2,869.5,353.8,-41.7,2.2,,,,
76.811,4,Atta_4,305.9,564.8,23.3,17.6,-3.5,,,,
76.811,5,Atta_5,1487.8,1623.1,340.5,19.2,-2.8,,,,
76.811,6,Atta_6,1218.5,1299.6,21.9,-82.7,-3.1,,,,
76.811,7,Atta_7,523.2,2673.5,348.3,40.4,-1.9,,,,
76.811,8,Atta_8,1398.3,2059.5,352.1,40.0,6.5,,,,
76.811,9,Atta_9,2026.8,2052.5,6.6,28.2,1.2,,,,
76.811,10,Atta_10,734.8,2602.8,345.6,-31.2,0.9,,,,
76.877,1,Atta_1,1177.6,2031.6,71.2,10.0,4.2,,,,
76.877,2,Atta_2,1452.2,657.5,358.1,-40.5,0.0,,,,
76.877,3,Atta_3,1578.9,907.3,352.1,88.2,-1.7,,,,
76.877,4,Atta_4,313.3,575.3,18.3,12.8,-5.0,,,,
76.877,5,Atta_5,1468.1,1552.3,338.5,73.5,-2.0,,,,
76.877,6,Atta_6,1267.9,1307.1,11.4,50.0,-10.5,,,,
76.877,7,Atta_7,536.6,2715.1,349.4,43.7,1.1,,,,
76.877,8,Atta_8,1400.6,2051.1,356.5,8.7,4.4,,,,
76.877,9,Atta_9,1978.3,2102.9,5.5,-69.9,-1.1,,,,
76.877,10,Atta_10,697.3,2523.1,344.3,-88.1,-1.3,,,,
76.994,1,Atta_1,1261.5,2027.8,72.6,84.0,1.4,,,,
76.994,2,Atta_2,1499.6,620.5,359.9,60.1,1.8,,,,
76.994,3,Atta_3,1547.4,879.9,351.8,-41.7,-0.3,,,,
76.994,4,Atta_4,337.9,588.0,8.8,27.7,-9.5,,,,
76.994,5,Atta_5,1482.5,1570.8,340.0,23.4,1.5,,,,
76.994,6,Atta_6,1273.5,1281.0,8.3,26.7,-3.1,,,,
76.994,7,Atta_7,541.6,2662.6,350.4,52.7,1.0,,,,
76.994,8,Atta_8,1372.1,2054.1,2.6,-28.7,6.1,,,,
76.994,9,Atta_9,2007.2,2060.0,6.6,51.7,1.1,,,,
76.994,10,Atta_10,724.9,2573.4,342.2,57.4,-2.1,,,,
77.061,1,Atta_1,1142.0,2022.8,74.6,-119.6,2.0,,,,
77.061,2,Atta_2,1533.1,639.4,359.0,38.5,-0.9,,,,
77.061,3,Atta_3,1553.2,887.5,355.3,9.6,3.5,,,,
77.061,4,Atta_4,296.5,565.9,2.2,-46.9,-6.6,,,,
77.061,5,Atta_5,1521.7,1572.5,339.7,39.2,-0.3,,,,
77.061,6,Atta_6,1220.4,1300.8,1.3,-56.7,-7.0,,,,
77.061,7,Atta_7,473.0,2642.9,349.0,-71.4,-1.4,,,,
77.061,8,Atta_8,1352.4,2022.8,358.9,-37.0,-3.7,,,,
77.061,9,Atta_9,2033.3,2043.6,7.7,30.8,1.1,,,,
77.061,10,Atta_10,789.7,2570.0,340.8,64.9,-1.4,,,,
77.198,1,Atta_1,1187.4,2055.1,71.9,55.7,-2.7,,,,
77.198,2,Atta_2,1558.5,650.1,354.9,27.6,-4.1,,,,
77.198,3,Atta_3,1544.8,864.3,352.4,-24.7,-2.9,,,,
77.198,4,Atta_4,268.9,570.9,0.9,-28.0,-1.3,,,,
77.198,5,Atta_5,1545.3,1565.6,341.9,24.6,2.2,,,,
77.198,6,Atta_6,1292.1,1248.9,356.4,88.5,-4.9,,,,
77.198,7,Atta_7,535.4,2661.8,349.4,65.2,0.4,,,,
77.198,8,Atta_8,1413.4,2034.5,2.8,62.1,3.9,,,,
77.198,9,Atta_9,2032.2,2068.2,3.8,24.6,-3.9,,,,
77.198,10,Atta_10,777.7,2533.6,344.8,38.3,4.0,,,,
77.268,1,Atta_1,1239.6,2014.6,73.8,-66.1,1.9,,,,
77.268,2,Atta_2,1532.2,587.3,359.5,-68.1,4.6,,,,
77.268,3,Atta_3,1512.2,823.7,353.5,-52.1,1.1,,,,
77.268,4,Atta_4,256.5,577.4,5.6,-14.0,4.7,,,,
77.268,5,Atta_5,1610.0,1574.5,338.8,65.3,-3.1,,,,
77.268,6,Atta_6,1286.1,1234.5,352.7,-15.6,-3.7,,,,
77.268,7,Atta_7,581.0,2694.6,347.4,56.2,-2.0,,,,
77.268,8,Atta_8,1369.3,2040.9,1.7,-44.6,-1.1,,,,
77.268,9,Atta_9,2060.4,2104.5,7.2,46.0,3.4,,,,
77.268,10,Atta_10,772.4,2569.3,343.8,-36.1,-1.0,,,,
77.319,1,Atta_1,1251.5,2034.3,72.6,23.0,-1.2,,,,
77.319,2,Atta_2,1610.3,632.8,0.5,90.4,1.0,,,,
77.319,3,Atta_3,1565.2,827.5,353.4,53.1,-0.1,,,,
77.319,4,Atta_4,295.8,592.4,4.5,42.1,-1.1,,,,
77.319,5,Atta_5,1605.0,1564.8,341.5,-10.9,2.7,,,,
77.319,6,Atta_6,1251.7,1325.7,349.9,-97.5,-2.8,,,,
77.319,7,Atta_7,512.5,2594.3,346.7,-121.5,-0.7,,,,
77.319,8,Atta_8,1379.1,2027.2,3.4,16.8,1.7,,,,
77.319,9,Atta_9,2130.5,2089.8,6.3,71.6,-0.9,,,,
77.319,10,Atta_10,805.7,2535.1,344.5,47.7,0.7,,,,
77.388,1,Atta_1,1242.8,2111.8,72.8,78.0,0.2,,,,
77.388,2,Atta_2,1598.0,631.4,358.6,-12.4,-1.9,,,,
77.388,3,Atta_3,1578.6,883.6,354.0,57.7,0.6,,,,
77.388,4,Atta_4,269.7,626.5,5.1,-42.9,0.6,,,,
77.388,5,Atta_5,1584.6,1557.4,338.7,-21.7,-2.8,,,,
77.388,6,Atta_6,1265.9,1276.5,344.9,51.2,-5.0,,,,
77.388,7,Atta_7,628.5,2668.2,352.5,137.5,5.8,,,,
77.388,8,Atta_8,1357.9,2024.4,2.2,-21.4,-1.2,,,,
77.388,9,Atta_9,2089.0,2154.4,2.0,-76.8,-4.3,,,,
77.388,10,Atta_10,847.8,2602.3,342.1,79.3,-2.4,,,,
77.456,1,Atta_1,1189.1,2062.7,73.8,-72.8,1.0,,,,
77.456,2,Atta_2,1577.3,671.4,359.6,-45.0,1.0,,,,
77.456,3,Atta_3,1651.8,892.3,353.5,73.7,-0.5,,,,
77.456,4,Atta_4,294.2,561.8,3.6,69.2,-1.5,,,,
77.456,5,Atta_5,1621.0,1545.6,339.2,38.3,0.5,,,,
77.456,6,Atta_6,1307.6,1339.1,345.2,75.2,0.3,,,,
77.456,7,Atta_7,586.5,2682.9,349.5,-44.5,-3.0,,,,
77.456,8,Atta_8,1389.2,2074.4,3.2,59.0,1.0,,,,
77.456,9,Atta_9,2099.3,2082.3,7.9,72.8,5.9,,,,
77.456,10,Atta_10,811.6,2592.2,340.3,-37.6,-1.8,,,,
77.516,1,Atta_1,1240.2,2069.1,74.6,51.5,0.8,,,,
77.516,2,Atta_2,1593.9,641.3,1.7,34.4,2.1,,,,
77.516,3,Atta_3,1605.1,863.7,350.9,-54.8,-2.6,,,,
77.516,4,Atta_4,320.9,571.0,4.0,28.2,0.4,,,,
77.516,5,Atta_5,1576.0,1543.9,336.2,-45.0,-3.0,,,,
77.516,6,Atta_6,1315.1,1267.2,346.6,72.3,1.4,,,,
77.516,7,Atta_7,617.4,2633.5,349.9,58.3,0.4,,,,
77.516,8,Atta_8,1423.1,1983.3,1.1,97.2,-2.1,,,,
77.516,9,Atta_9,2154.9,2134.8,3.4,76.5,-4.5,,,,
77.516,10,Atta_10,807.8,2607.4,343.9,-15.7,3.6,,,,
77.586,1,Atta_1,1233.2,2092.8,75.6,24.7,1.0,,,,
77.586,2,Atta_2,1585.5,591.4,359.4,-50.6,-2.3,,,,
77.586,3,Atta_3,1647.5,841.6,349.8,47.8,-1.1,,,,
77.586,4,Atta_4,330.7,596.8,5.9,27.6,1.9,,,,
77.586,5,Atta_5,1601.2,1549.4,334.3,25.8,-1.9,,,,
77.586,6,Atta_6,1284.0,1228.8,346.2,-49.4,-0.4,,,,
77.586,7,Atta_7,595.4,2629.0,347.6,-22.5,-2.3,,,,
77.586,8,Atta_8,1437.0,2065.7,2.2,83.6,1.1,,,,
77.586,9,Atta_9,2128.2,2097.4,6.4,-46.0,3.0,,,,
77.586,10,Atta_10,814.8,2621.2,338.9,15.5,-5.0,,,,
77.652,1,Atta_1,1234.1,2116.7,73.6,23.9,-2.0,,,,
77.652,2,Atta_2,1571.5,603.9,355.8,-18.8,-3.6,,,,
77.652,3,Atta_3,1648.8,864.6,354.4,-23.0,4.6,,,,
77.652,4,Atta_4,385.0,584.1,3.9,55.8,-2.0,,,,
77.652,5,Atta_5,1581.6,1540.2,337.4,-21.7,3.1,,,,
77.652,6,Atta_6,1288.4,1246.4,346.0,18.1,-0.2,,,,
77.652,7,Atta_7,562.7,2622.7,342.5,-33.3,-5.1,,,,
77.652,8,Atta_8,1474.4,2062.1,2.1,37.6,-0.1,,,,
77.652,9,Atta_9,2184.0,2051.1,8.4,72.5,2.0,,,,
77.652,10,Atta_10,838.6,2594.3,337.4,35.9,-1.5,,,,
77.721,1,Atta_1,1186.0,2127.2,73.2,-49.2,-0.4,,,,
77.721,2,Atta_2,1601.3,655.7,358.4,59.8,2.6,,,,
77.721,3,Atta_3,1636.4,838.3,353.2,-29.1,-1.2,,,,
77.721,4,Atta_4,396.8,609.8,3.4,28.3,-0.5,,,,
77.721,5,Atta_5,1530.8,1622.9,340.3,-97.1,2.9,,,,
77.721,6,Atta_6,1259.7,1339.2,343.1,-97.1,-2.9,,,,
77.721,7,Atta_7,610.4,2633.8,340.8,49.0,-1.7,,,,
77.721,8,Atta_8,1439.3,2014.4,4.1,-59.2,2.0,,,,
77.721,9,Atta_9,2138.9,2085.3,5.1,-56.6,-3.3,,,,
77.721,10,Atta_10,813.6,2631.4,340.2,-44.7,2.8,,,,
77.79,1,Atta_1,1197.0,2104.7,73.6,-25.0,0.4,,,,
77.79,2,Atta_2,1548.5,656.8,0.1,-52.8,1.7,,,,
77.79,3,Atta_3,1700.1,854.9,353.1,65.8,-0.1,,,,
77.79,4,Atta_4,320.9,582.4,6.5,-80.7,3.1,,,,
77.79,5,Atta_5,1532.5,1558.9,334.1,64.0,-6.2,,,,
77.79,6,Atta_6,1340.5,1250.8,344.2,119.8,1.1,,,,
77.79,7,Atta_7,630.3,2583.2,347.8,54.4,7.0,,,,
77.79,8,Atta_8,1463.8,2027.7,1.2,27.9,-2.9,,,,
77.79,9,Atta_9,2101.2,2108.4,7.0,-44.2,1.9,,,,
77.79,10,Atta_10,840.6,2599.7,342.3,41.6,2.1,,,,
77.845,1,Atta_1,1249.9,2111.0,71.4,53.3,-2.2,,,,
77.845,2,Atta_2,1576.3,642.9,358.7,31.1,-1.4,,,,
77.845,3,Atta_3,1703.1,799.2,353.3,55.8,0.2,,,,
77.845,4,Atta_4,354.2,590.1,5.9,34.2,-0.6,,,,
77.845,5,Atta_5,1524.7,1539.9,337.0,20.5,2.9,,,,
77.845,6,Atta_6,1317.3,1212.7,345.5,-44.6,1.3,,,,
77.845,7,Atta_7,602.3,2607.6,344.6,-37.1,-3.2,,,,
77.845,8,Atta_8,1472.4,2044.3,4.2,18.7,3.0,,,,
77.845,9,Atta_9,2120.0,2113.4,3.7,19.5,-3.3,,,,
77.845,10,Atta_10,859.1,2583.8,338.3,24.4,-4.0,,,,
77.913,1,Atta_1,1265.7,2145.8,75.3,38.2,3.9,,,,
77.913,2,Atta_2,1535.0,660.6,0.1,-44.9,1.4,,,,
77.913,3,Atta_3,1698.8,855.9,351.4,-56.9,-1.9,,,,
77.913,4,Atta_4,410.0,604.5,8.7,57.6,2.8,,,,
77.913,5,Atta_5,1520.9,1595.7,335.6,-55.9,-1.4,,,,
77.913,6,Atta_6,1310.3,1261.7,343.6,-49.5,-1.9,,,,
77.913,7,Atta_7,640.9,2629.5,342.9,44.4,-1.7,,,,
77.913,8,Atta_8,1486.1,2062.9,1.2,23.1,-3.0,,,,
77.913,9,Atta_9,2197.7,2046.9,3.8,102.3,0.1,,,,
77.913,10,Atta_10,801.1,2578.5,337.5,-58.2,-0.8,,,,
77.964,1,Atta_1,1198.5,2095.4,76.3,-84.0,1.0,,,,
77.964,2,Atta_2,1531.1,612.5,352.4,-48.3,-7.7,,,,
77.964,4,Atta_4,321.4,594.2,4.6,-89.2,-4.1,,,,
77.964,5,Atta_5,1573.5,1585.5,331.9,53.6,-3.7,,,,
77.964,6,Atta_6,1334.4,1196.3,346.8,69.7,3.2,,,,
77.964,7,Atta_7,648.3,2662.4,346.6,-33.7,3.7,,,,
77.964,8,Atta_8,1457.9,2057.3,1.2,-28.8,0.0,,,,
77.964,9,Atta_9,2165.0,2043.6,6.0,-32.9,2.2,,,,
77.964,10,Atta_10,833.9,2562.9,338.3,36.3,0.8,,,,
78.033,1,Atta_1,1239.2,2157.7,69.4,74.4,-6.9,,,,
78.033,2,Atta_2,1545.9,624.1,349.2,18.8,-3.2,,,,
78.033,3,Atta_3,1730.6,865.9,350.8,33.3,-0.6,,,,
78.033,4,Atta_4,402.4,555.5,7.8,89.8,3.2,,,,
78.033,5,Atta_5,1535.6,1580.8,329.2,-38.2,-2.7,,,,
78.033,6,Atta_6,1352.6,1301.1,345.7,-106.4,-1.1,,,,
78.033,7,Atta_7,661.4,2581.0,344.0,82.4,-2.6,,,,
78.033,8,Atta_8,1518.8,2040.8,3.4,63.1,2.2,,,,
78.033,9,Atta_9,2198.3,2045.8,6.8,33.4,0.8,,,,
78.033,10,Atta_10,907.2,2559.2,338.1,73.4,-0.2,,,,
78.101,1,Atta_1,1219.4,2163.6,65.9,-20.7,-3.5,,,,
78.101,2,Atta_2,1486.6,635.1,349.2,-60.3,0.0,,,,
78.101,3,Atta_3,1691.3,839.6,350.6,-47.3,-0.2,,,,
78.101,4,Atta_4,388.5,647.1,6.6,-92.6,-1.2,,,,
78.101,5,Atta_5,1507.7,1580.6,320.9,-27.9,-8.3,,,,
78.101,6,Atta_6,1384.6,1246.6,341.4,63.2,-4.3,,,,
78.101,7,Atta_7,668.2,2584.4,343.6,7.6,-0.4,,,,
78.101,8,Atta_8,1491.8,2036.8,6.1,-27.3,2.7,,,,
78.101,9,Atta_9,2193.6,2160.9,6.3,115.2,-0.5,,,,
78.101,10,Atta_10,836.8,2610.6,336.1,-87.2,-2.0,,,,
78.166,1,Atta_1,1261.0,2169.2,59.1,42.0,-6.8,,,,
78.166,2,Atta_2,1451.4,616.3,338.1,-39.9,-11.1,,,,
78.166,3,Atta_3,1737.9,880.6,351.1,62.1,0.5,,,,
78.166,4,Atta_4,420.2,631.8,4.6,35.2,-2.0,,,,
78.166,5,Atta_5,1527.2,1584.1,321.8,19.8,0.9,,,,
78.166,6,Atta_6,1279.8,1250.3,341.8,-104.9,0.4,,,,
78.166,7,Atta_7,626.5,2560.1,346.5,-48.3,2.9,,,,
78.166,8,Atta_8,1522.4,2061.9,4.5,39.6,-1.6,,,,
78.166,9,Atta_9,2216.2,2118.9,7.0,47.7,0.7,,,,
78.166,10,Atta_10,884.3,2556.1,339.4,72.3,3.3,,,,
78.232,1,Atta_1,1178.2,2153.6,51.2,-84.3,-7.9,,,,
78.232,2,Atta_2,1510.3,621.0,338.8,59.1,0.7,,,,
78.232,3,Atta_3,1742.1,835.9,350.5,44.9,-0.6,,,,
78.232,4,Atta_4,495.0,508.8,5.9,144.0,1.3,,,,
78.232,5,Atta_5,1505.4,1579.8,318.9,-22.2,-2.9,,,,
78.232,6,Atta_6,1309.0,1211.5,346.6,48.6,4.8,,,,
78.232,7,Atta_7,668.7,2620.1,345.2,73.4,-1.3,,,,
78.232,8,Atta_8,1495.9,2062.9,2.8,-26.5,-1.7,,,,
78.232,9,Atta_9,2214.9,2097.9,3.7,-21.0,-3.3,,,,
78.232,10,Atta_10,897.5,2533.1,338.8,26.5,-0.6,,,,
78.354,1,Atta_1,1217.7,2177.2,49.0,46.0,-2.2,,,,
78.354,2,Atta_2,1523.5,662.0,329.1,-43.1,-9.7,,,,
78.354,3,Atta_3,1801.8,825.5,353.8,60.6,3.3,,,,
78.354,4,Atta_4,472.0,569.8,7.3,-65.2,1.4,,,,
78.354,5,Atta_5,1485.5,1547.0,311.3,38.4,-7.6,,,,
78.354,6,Atta_6,1337.9,1170.5,345.3,50.2,-1.3,,,,
78.354,7,Atta_7,642.6,2671.3,345.6,-57.5,0.4,,,,
78.354,8,Atta_8,1554.4,2057.9,0.6,58.7,-2.2,,,,
78.354,9,Atta_9,2274.2,2138.3,5.3,71.8,1.6,,,,
78.354,10,Atta_10,951.1,2552.6,339.4,57.0,0.6,,,,
78.424,1,Atta_1,1230.8,2197.8,46.4,24.4,-2.6,,,,
78.424,2,Atta_2,1548.6,618.4,327.8,50.3,-1.3,,,,
78.424,3,Atta_3,1760.5,830.3,354.0,-41.6,0.2,,,,
78.424,4,Atta_4,430.8,566.2,5.3,-41.4,-2.0,,,,
78.424,5,Atta_5,1544.1,1598.6,306.7,-78.1,-4.6,,,,
78.424,6,Atta_6,1365.4,1309.0,347.8,-141.2,2.5,,,,
78.424,7,Atta_7,679.7,2629.8,347.6,55.7,2.0,,,,
78.424,8,Atta_8,1562.3,2005.2,2.9,53.3,2.3,,,,
78.424,9,Atta_9,2176.4,2136.2,3.7,-97.8,-1.6,,,,
78.424,10,Atta_10,976.8,2574.5,342.3,33.8,2.9,,,,
78.492,1,Atta_1,1247.3,2128.5,37.7,-71.2,-8.7,,,,
78.492,2,Atta_2,1518.3,594.0,320.8,-38.9,-7.0,,,,
78.492,3,Atta_3,1749.0,862.8,351.9,-34.5,-2.1,,,,
78.492,4,Atta_4,453.9,598.6,3.6,39.8,-1.7,,,,
78.492,5,Atta_5,1484.0,1574.7,296.6,-64.7,-10.1,,,,
78.492,6,Atta_6,1427.3,1244.2,345.9,89.6,-1.9,,,,
78.492,7,Atta_7,754.5,2597.7,345.3,81.4,-2.3,,,,
78.492,8,Atta_8,1604.5,2039.2,4.6,54.2,1.7,,,,
78.492,9,Atta_9,2275.4,2179.9,5.2,108.2,1.5,,,,
78.492,10,Atta_10,888.5,2520.8,339.4,-103.3,-2.9,,,,
78.624,1,Atta_1,1267.4,2115.3,33.2,24.0,-4.5,,,,
78.624,2,Atta_2,1520.1,671.3,314.6,-77.3,-6.2,,,,
78.624,3,Atta_3,1828.9,819.1,355.4,91.1,3.5,,,,
78.624,4,Atta_4,440.2,629.4,4.8,-33.7,1.2,,,,
78.624,5,Atta_5,1530.3,1569.2,290.9,46.6,-5.7,,,,
78.624,6,Atta_6,1386.5,1269.8,344.9,-48.2,-1.0,,,,
78.624,7,Atta_7,744.5,2574.3,344.4,-25.4,-0.9,,,,
78.624,8,Atta_8,1559.8,2087.7,1.4,-66.0,-3.2,,,,
78.624,9,Atta_9,2276.0,2083.7,2.8,-96.2,-2.4,,,,
78.624,10,Atta_10,963.4,2537.2,342.5,76.7,3.1,,,,
78.693,1,Atta_1,1223.8,2135.3,27.1,-48.0,-6.1,,,,
78.693,2,Atta_2,1539.0,666.7,310.1,19.5,-4.5,,,,
78.693,3,Atta_3,1761.6,849.6,351.8,-73.9,-3.6,,,,
78.693,4,Atta_4,541.1,557.3,0.7,124.0,-4.1,,,,
78.693,5,Atta_5,1484.1,1535.2,288.2,57.4,-2.7,,,,
78.693,6,Atta_6,1502.7,1242.2,343.8,119.4,-1.1,,,,
78.693,7,Atta_7,746.9,2607.2,346.0,-33.0,1.6,,,,
78.693,8,Atta_8,1583.3,2085.0,1.7,23.7,0.3,,,,
78.693,9,Atta_9,2356.2,2131.9,4.4,93.6,1.6,,,,
78.693,10,Atta_10,963.9,2486.3,339.8,50.9,-2.7,,,,
78.764,1,Atta_1,1227.2,2192.7,20.7,57.5,-6.4,,,,
78.764,2,Atta_2,1579.6,661.6,302.7,40.9,-7.4,,,,
78.764,3,Atta_3,1862.0,875.9,352.7,103.8,0.9,,,,
78.764,4,Atta_4,533.8,586.8,0.4,-30.4,-0.3,,,,
78.764,5,Atta_5,1571.1,1531.9,276.6,87.1,-11.6,,,,
78.764,6,Atta_6,1445.9,1195.3,344.9,-73.7,1.1,,,,
78.764,7,Atta_7,744.0,2564.3,342.5,43.0,-3.5,,,,
78.764,8,Atta_8,1610.4,2035.1,2.5,56.8,0.8,,,,
78.764,9,Atta_9,2294.2,2111.8,3.7,-65.2,-0.7,,,,
78.764,10,Atta_10,981.6,2499.8,336.6,22.3,-3.2,,,,
78.882,1,Atta_1,1219.7,2127.4,16.1,-65.7,-4.6,,,,
78.882,2,Atta_2,1593.6,598.1,301.9,65.0,-0.8,,,,
78.882,3,Atta_3,1852.5,887.0,350.0,-14.6,-2.7,,,,
78.882,4,Atta_4,513.2,655.0,3.3,-71.2,2.9,,,,
78.882,5,Atta_5,1609.0,1575.7,278.3,-57.9,1.7,,,,
78.882,6,Atta_6,1489.3,1187.5,345.7,44.1,0.8,,,,
78.882,7,Atta_7,787.1,2572.5,351.2,43.9,8.7,,,,
78.882,8,Atta_8,1587.4,2064.5,6.7,-37.3,4.2,,,,
78.882,9,Atta_9,2378.2,2163.2,5.7,98.5,2.0,,,,
78.882,10,Atta_10,1002.1,2514.5,335.8,25.2,-0.8,,,,
78.95,1,Atta_1,1190.7,2172.5,9.3,-53.6,-6.8,,,,
78.95,2,Atta_2,1520.7,595.3,302.6,-73.0,0.7,,,,
78.95,3,Atta_3,1864.0,817.2,353.6,70.7,3.6,,,,
78.95,4,Atta_4,533.4,620.3,4.2,40.2,0.9,,,,
78.95,5,Atta_5,1547.7,1597.4,280.2,-65.0,1.9,,,,
78.95,6,Atta_6,1484.2,1172.1,344.5,-16.2,-1.2,,,,
78.95,7,Atta_7,734.7,2580.4,344.6,-53.0,-6.6,,,,
78.95,8,Atta_8,1589.0,2060.0,5.7,4.8,-1.0,,,,
78.95,9,Atta_9,2337.3,2100.4,7.5,-74.9,1.8,,,,
78.95,10,Atta_10,986.2,2514.4,341.2,-15.9,5.4,,,,
79.016,1,Atta_1,1274.1,2123.7,7.1,96.6,-2.2,,,,
79.016,2,Atta_2,1537.7,614.3,304.1,-25.5,1.5,,,,
79.016,3,Atta_3,1886.9,826.8,351.7,24.8,-1.9,,,,
79.016,4,Atta_4,526.6,620.8,5.8,-6.8,1.6,,,,
79.016,5,Atta_5,1559.5,1606.3,278.1,-14.8,-2.1,,,,
79.016,6,Atta_6,1462.9,1193.9,347.0,-30.5,2.5,,,,
79.016,7,Atta_7,832.5,2581.8,345.2,97.8,0.6,,,,
79.016,8,Atta_8,1614.3,2051.8,5.1,26.6,-0.6,,,,
79.016,9,Atta_9,2386.6,2103.1,4.2,49.4,-3.3,,,,
79.016,10,Atta_10,1071.0,2517.6,337.6,84.9,-3.6,,,,
79.085,1,Atta_1,1250.1,2152.2,2.8,-37.3,-4.3,,,,
79.085,2,Atta_2,1538.6,639.5,301.2,-25.2,-2.9,,,,
79.085,3,Atta_3,1857.1,815.2,353.2,-32.0,1.5,,,,
79.085,4,Atta_4,523.8,573.5,5.1,-47.4,-0.7,,,,
79.085,5,Atta_5,1512.4,1554.7,278.6,69.9,0.5,,,,
79.085,6,Atta_6,1495.1,1245.2,342.9,60.6,-4.1,,,,
79.085,7,Atta_7,821.0,2586.2,343.0,-12.3,-2.2,,,,
79.085,8,Atta_8,1580.9,2012.2,3.9,-51.8,-1.2,,,,
79.085,9,Atta_9,2353.8,2095.9,4.7,-33.6,0.5,,,,
79.085,10,Atta_10,1001.1,2491.0,341.1,-74.8,3.5,,,,
79.152,1,Atta_1,1277.5,2169.4,356.0,32.4,-6.8,,,,
79.152,2,Atta_2,1599.5,615.5,301.8,65.5,0.6,,,,
79.152,3,Atta_3,1832.9,819.8,351.3,-24.6,-1.9,,,,
79.152,4,Atta_4,581.3,662.6,5.4,106.0,0.3,,,,
79.152,5,Atta_5,1457.0,1547.6,279.2,-55.9,0.6,,,,
79.152,6,Atta_6,1510.4,1236.0,342.6,17.9,-0.3,,,,
79.152,7,Atta_7,813.4,2609.8,343.0,-24.8,0.0,,,,
79.152,8,Atta_8,1562.7,2097.2,1.9,-86.9,-2.0,,,,
79.152,9,Atta_9,2321.2,2118.2,3.2,-39.5,-1.5,,,,
79.152,10,Atta_10,1046.7,2487.5,340.2,45.7,-0.9,,,,
79.218,1,Atta_1,1236.9,2171.7,353.5,-40.7,-2.5,,,,
79.218,2,Atta_2,1506.6,659.2,299.7,-102.7,-2.1,,,,
79.218,3,Atta_3,1848.1,823.0,349.9,15.5,-1.4,,,,
79.218,4,Atta_4,588.7,584.0,6.0,-78.9,0.6,,,,
79.218,5,Atta_5,1528.5,1584.0,277.4,-80.2,-1.8,,,,
79.218,6,Atta_6,1513.7,1254.8,347.8,-19.1,5.2,,,,
79.218,7,Atta_7,842.9,2626.2,348.1,33.8,5.1,,,,
79.218,8,Atta_8,1576.1,2011.2,3.3,87.0,1.4,,,,
79.218,9,Atta_9,2350.9,2109.0,3.3,31.1,0.1,,,,
79.218,10,Atta_10,1048.4,2542.4,339.8,-54.9,-0.4,,,,
79.272,1,Atta_1,1269.7,2116.2,350.1,64.5,-3.4,,,,
79.272,2,Atta_2,1550.5,628.7,304.2,53.5,4.5,,,,
79.272,3,Atta_3,1894.0,860.1,351.8,59.0,1.9,,,,
79.272,4,Atta_4,665.8,607.8,4.8,80.7,-1.2,,,,
79.272,5,Atta_5,1559.3,1535.1,278.5,57.8,1.1,,,,
79.272,6,Atta_6,1523.6,1239.9,344.6,17.9,-3.2,,,,
79.272,7,Atta_7,861.1,2537.0,344.2,91.0,-3.9,,,,
79.272,8,Atta_8,1511.7,2029.1,359.5,-66.8,-3.8,,,,
79.272,9,Atta_9,2457.7,2103.7,4.4,106.9,1.1,,,,
79.272,10,Atta_10,1042.2,2497.1,339.7,45.7,-0.1,,,,
79.342,1,Atta_1,1176.8,2147.2,345.7,-97.9,-4.4,,,,
79.342,2,Atta_2,1533.9,585.4,302.8,46.4,-1.4,,,,
79.342,3,Atta_3,1829.7,826.3,348.4,-72.6,-3.4,,,,
79.342,4,Atta_4,635.4,636.0,4.8,-41.5,0.0,,,,
79.342,5,Atta_5,1563.1,1564.5,278.4,-29.6,-0.1,,,,
79.342,6,Atta_6,1529.5,1237.7,348.6,6.3,4.0,,,,
79.342,7,Atta_7,879.2,2563.7,342.9,32.3,-1.3,,,,
79.342,8,Atta_8,1516.2,2015.6,354.3,14.2,-5.2,,,,
79.342,9,Atta_9,2421.4,2100.5,5.8,-36.4,1.4,,,,
79.342,10,Atta_10,1045.9,2531.9,338.0,-35.0,-1.7,,,,
79.407,1,Atta_1,1231.9,2153.8,343.8,55.5,-1.9,,,,
79.407,2,Atta_2,1502.8,605.5,299.1,-37.0,-3.7,,,,
79.407,3,Atta_3,1832.4,815.0,351.0,11.6,2.6,,,,
79.407,4,Atta_4,633.6,628.1,2.8,-8.1,-2.0,,,,
79.407,5,Atta_5,1549.0,1509.2,279.1,57.1,0.7,,,,
79.407,6,Atta_6,1569.5,1255.9,352.1,43.9,3.5,,,,
79.407,7,Atta_7,822.2,2622.3,344.7,-81.7,1.8,,,,
79.407,8,Atta_8,1556.2,2065.0,351.6,63.6,-2.7,,,,
79.407,9,Atta_9,2429.8,2143.1,4.3,43.4,-1.5,,,,
79.407,10,Atta_10,995.1,2508.6,340.1,-55.9,2.1,,,,
79.474,1,Atta_1,1139.8,2126.8,332.9,-96.0,-10.9,,,,
79.474,2,Atta_2,1556.2,589.9,297.9,55.6,-1.2,,,,
79.474,3,Atta_3,1876.0,765.3,351.0,66.1,0.0,,,,
79.474,4,Atta_4,629.1,600.5,5.8,-28.0,3.0,,,,
79.474,5,Atta_5,1527.6,1524.3,280.2,-26.2,1.1,,,,
79.474,6,Atta_6,1551.1,1259.4,345.2,-18.7,-6.9,,,,
79.474,7,Atta_7,893.1,2559.5,344.3,94.7,-0.4,,,,
79.474,8,Atta_8,1506.1,2081.0,346.2,-52.6,-5.4,,,,
79.474,9,Atta_9,2451.2,2102.6,4.5,45.8,0.2,,,,
79.474,10,Atta_10,1078.7,2460.8,339.3,96.3,-0.8,,,,
79.542,1,Atta_1,1228.6,2139.1,336.0,89.6,3.1,,,,
79.542,2,Atta_2,1593.9,583.5,302.3,38.2,4.4,,,,
79.542,3,Atta_3,1824.5,803.9,350.9,-64.4,-0.1,,,,
79.542,4,Atta_4,678.0,641.9,1.5,64.1,-4.3,,,,
79.542,5,Atta_5,1517.9,1522.3,280.3,9.9,0.1,,,,
79.542,6,Atta_6,1568.5,1217.6,351.3,45.3,6.1,,,,
79.542,7,Atta_7,900.1,2608.2,343.3,-49.2,-1.0,,,,
79.542,8,Atta_8,1559.8,2066.8,341.0,55.5,-5.2,,,,
79.542,9,Atta_9,2439.8,2123.2,5.3,-23.5,0.8,,,,
79.542,10,Atta_10,1050.4,2449.4,338.3,-30.5,-1.0,,,,
79.603,1,Atta_1,1231.2,2150.2,337.8,-11.4,1.8,,,,
79.603,2,Atta_2,1585.4,533.6,301.3,50.6,-1.0,,,,
79.603,3,Atta_3,1706.7,826.4,346.3,-119.9,-4.6,,,,
79.603,4,Atta_4,712.6,588.8,2.4,63.4,0.9,,,,
79.603,5,Atta_5,1526.7,1478.6,279.0,44.6,-1.3,,,,
79.603,6,Atta_6,1549.6,1241.8,346.9,-30.7,-4.4,,,,
79.603,7,Atta_7,836.8,2514.5,342.6,-113.1,-0.7,,,,
79.603,8,Atta_8,1541.1,2046.6,336.1,-27.5,-4.9,,,,
79.603,9,Atta_9,2495.5,2141.5,8.6,58.6,3.3,,,,
79.603,10,Atta_10,1081.4,2455.4,338.1,31.6,-0.2,,,,
79.674,1,Atta_1,1264.7,2175.8,333.5,42.2,-4.3,,,,
79.674,2,Atta_2,1580.4,576.8,299.1,-43.5,-2.2,,,,
79.674,3,Atta_3,1813.0,825.9,345.0,106.3,-1.3,,,,
79.674,4,Atta_4,710.9,621.7,7.7,-32.9,5.3,,,,
79.674,5,Atta_5,1527.2,1463.5,281.2,15.1,2.2,,,,
79.674,6,Atta_6,1608.6,1155.0,347.8,105.0,0.9,,,,
79.674,7,Atta_7,922.1,2567.0,346.2,100.2,3.6,,,,
79.674,8,Atta_8,1563.5,2067.6,332.7,30.7,-3.4,,,,
79.674,9,Atta_9,2452.1,2128.8,4.3,-45.2,-4.3,,,,
79.674,10,Atta_10,1112.3,2446.2,338.2,32.2,0.1,,,,
79.744,1,Atta_1,1239.8,2137.2,334.9,-45.9,1.4,,,,
79.744,2,Atta_2,1617.9,527.7,302.7,61.8,3.6,,,,
79.744,3,Atta_3,1819.9,767.1,339.0,59.2,-6.0,,,,
79.744,4,Atta_4,689.5,629.3,1.3,-22.7,-6.4,,,,
79.744,5,Atta_5,1564.3,1516.9,284.3,-65.0,3.1,,,,
79.744,6,Atta_6,1565.1,1267.0,347.3,-120.2,-0.5,,,,
79.744,7,Atta_7,899.0,2507.8,347.0,-63.5,0.8,,,,
79.744,8,Atta_8,1503.2,2029.2,331.0,-71.5,-1.7,,,,
79.744,9,Atta_9,2503.9,2144.4,4.3,54.1,0.0,,,,
79.744,10,Atta_10,1142.1,2474.8,340.9,41.3,2.7,,,,
79.794,1,Atta_1,1259.3,2173.9,335.6,41.6,0.7,,,,
79.794,2,Atta_2,1592.3,582.1,303.0,-60.1,0.3,,,,
79.794,3,Atta_3,1779.6,828.8,336.2,-73.7,-2.8,,,,
79.794,4,Atta_4,672.3,602.3,5.3,-32.0,4.0,,,,
79.794,5,Atta_5,1598.9,1428.5,280.6,94.9,-3.7,,,,
79.794,6,Atta_6,1587.9,1245.2,345.4,31.5,-1.9,,,,
79.794,7,Atta_7,943.2,2561.7,347.3,69.7,0.3,,,,
79.794,8,Atta_8,1509.5,2048.4,324.0,-20.2,-7.0,,,,
79.794,9,Atta_9,2493.5,2131.5,4.0,-16.6,-0.3,,,,
79.794,10,Atta_10,1155.3,2486.7,339.4,17.8,-1.5,,,,
79.86,1,Atta_1,1248.8,2138.6,333.1,36.8,-2.5,,,,
79.86,2,Atta_2,1560.1,524.2,303.2,66.3,0.2,,,,
79.86,3,Atta_3,1845.1,896.4,328.6,94.1,-7.6,,,,
79.86,4,Atta_4,747.5,601.4,4.4,75.2,-0.9,,,,
79.86,5,Atta_5,1590.1,1481.0,278.9,-53.2,-1.7,,,,
79.86,6,Atta_6,1630.5,1193.2,343.9,67.2,-1.5,,,,
79.86,7,Atta_7,933.6,2536.8,346.1,-26.7,-1.2,,,,
79.86,8,Atta_8,1544.1,2056.0,319.7,35.4,-4.3,,,,
79.86,9,Atta_9,2495.8,2200.6,3.1,69.1,-0.9,,,,
79.86,10,Atta_10,1121.8,2504.2,337.8,-37.8,-1.6,,,,
79.925,1,Atta_1,1225.2,2182.5,334.7,-49.8,1.6,,,,
79.925,2,Atta_2,1632.4,524.3,305.9,72.3,2.7,,,,
79.925,3,Atta_3,1822.0,839.5,322.6,61.4,-6.0,,,,
79.925,4,Atta_4,658.0,569.9,2.0,-94.9,-2.4,,,,
79.925,5,Atta_5,1592.1,1500.6,283.3,-19.7,4.4,,,,
79.925,6,Atta_6,1575.2,1235.9,347.2,-69.9,3.3,,,,
79.925,7,Atta_7,975.9,2558.0,343.2,47.3,-2.9,,,,
79.925,8,Atta_8,1565.1,2047.4,312.2,22.7,-7.5,,,,
79.925,9,Atta_9,2513.2,2105.3,7.2,96.9,4.1,,,,
79.925,10,Atta_10,1166.6,2451.7,340.7,69.0,2.9,,,,
79.991,1,Atta_1,1252.2,2146.5,331.9,45.0,-2.8,,,,
79.991,2,Atta_2,1584.5,523.2,310.1,-47.9,4.2,,,,
79.991,3,Atta_3,1822.5,847.4,322.1,-7.9,-0.5,,,,
79.991,4,Atta_4,813.6,622.0,1.0,164.1,-1.0,,,,
79.991,5,Atta_5,1488.1,1470.5,285.1,108.3,1.8,,,,
79.991,6,Atta_6,1560.9,1212.5,349.6,-27.4,2.4,,,,
79.991,7,Atta_7,889.8,2573.0,345.7,-87.4,2.5,,,,
79.991,8,Atta_8,1496.5,2047.5,304.4,-68.6,-7.8,,,,
79.991,9,Atta_9,2600.2,2137.6,5.3,92.8,-1.9,,,,
79.991,10,Atta_10,1162.0,2439.3,345.2,-13.2,4.5,,,,
80.057,1,Atta_1,1288.0,2177.2,333.6,47.2,1.7,,,,
80.057,2,Atta_2,1617.9,567.2,310.8,-55.2,0.7,,,,
80.057,3,Atta_3,1776.3,835.9,315.4,-47.6,-6.7,,,,
80.057,4,Atta_4,755.8,630.1,0.4,-58.4,-0.6,,,,
80.057,5,Atta_5,1524.6,1470.0,295.6,36.5,10.5,,,,
80.057,6,Atta_6,1507.9,1197.8,343.8,-55.0,-5.8,,,,
80.057,7,Atta_7,912.8,2556.2,344.2,28.5,-1.5,,,,
80.057,8,Atta_8,1544.9,2043.7,306.5,48.5,2.1,,,,
80.057,9,Atta_9,2519.3,2107.7,7.0,-86.2,1.7,,,,
80.057,10,Atta_10,1182.9,2432.6,341.2,21.9,-4.0,,,,
80.123,1,Atta_1,1296.6,2147.3,335.4,31.1,1.8,,,,
80.123,2,Atta_2,1527.6,511.5,320.3,-106.1,9.5,,,,
80.123,3,Atta_3,1766.8,821.7,309.9,17.1,-5.5,,,,
80.123,4,Atta_4,791.8,630.3,4.2,36.0,3.8,,,,
80.123,5,Atta_5,1532.5,1418.8,297.4,51.8,1.8,,,,
80.123,6,Atta_6,1552.6,1284.1,345.0,97.2,1.2,,,,
80.123,7,Atta_7,996.4,2547.7,344.7,84.0,0.5,,,,
80.123,8,Atta_8,1570.1,2011.1,305.7,41.2,-0.8,,,,
80.123,9,Atta_9,2549.9,2157.7,8.8,58.6,1.8,,,,
80.123,10,Atta_10,1178.8,2429.0,343.1,-5.5,1.9,,,,
80.242,1,Atta_1,1312.1,2124.1,335.0,27.9,-0.4,,,,
80.242,2,Atta_2,1574.4,548.2,327.0,59.5,6.7,,,,
80.242,3,Atta_3,1787.8,802.8,307.1,28.3,-2.8,,,,
80.242,4,Atta_4,769.6,669.8,3.4,-45.3,-0.8,,,,
80.242,5,Atta_5,1560.1,1483.9,304.5,-70.7,7.1,,,,
80.242,6,Atta_6,1566.9,1193.6,339.8,91.6,-5.2,,,,
80.242,7,Atta_7,978.5,2579.0,349.4,-36.1,4.7,,,,
80.242,8,Atta_8,1559.6,2001.2,306.7,14.4,1.0,,,,
80.242,9,Atta_9,2527.5,2227.7,5.8,-73.5,-3.0,,,,
80.242,10,Atta_10,1166.6,2411.0,337.3,-21.7,-5.8,,,,
80.318,1,Atta_1,1325.7,2126.5,338.0,13.8,3.0,,,,
80.318,2,Atta_2,1631.6,532.0,330.5,59.4,3.5,,,,
80.318,3,Atta_3,1776.3,745.0,301.1,58.9,-6.0,,,,
80.318,4,Atta_4,764.7,604.1,8.2,-65.9,4.8,,,,
80.318,5,Atta_5,1493.6,1475.7,311.7,-67.0,7.2,,,,
80.318,6,Atta_6,1537.7,1258.1,331.9,-70.8,-7.9,,,,
80.318,7,Atta_7,938.1,2510.5,347.5,-79.5,-1.9,,,,
80.318,8,Atta_8,1546.5,2112.5,303.4,-112.1,-3.3,,,,
80.318,9,Atta_9,2552.0,2172.8,9.1,60.1,3.3,,,,
80.318,10,Atta_10,1218.5,2434.1,340.2,56.8,2.9,,,,
80.387,1,Atta_1,1272.6,2114.9,337.2,-54.4,-0.8,,,,
80.387,2,Atta_2,1638.7,527.3,338.7,8.5,8.2,,,,
80.387,3,Atta_3,1839.8,850.8,294.1,-123.4,-7.0,,,,
80.387,4,Atta_4,786.4,571.0,5.2,39.6,-3.0,,,,
80.387,5,Atta_5,1498.2,1463.2,316.2,13.3,4.5,,,,
80.387,6,Atta_6,1495.7,1232.5,327.7,-49.2,-4.2,,,,
80.387,7,Atta_7,1023.2,2524.9,344.2,86.3,-3.3,,,,
80.387,8,Atta_8,1548.1,2082.0,302.8,30.5,-0.6,,,,
80.387,9,Atta_9,2555.1,2092.6,10.2,-80.3,1.1,,,,
80.387,10,Atta_10,1210.8,2449.4,338.4,-17.1,-1.8,,,,
80.453,1,Atta_1,1313.0,2130.4,336.0,43.3,-1.2,,,,
80.453,2,Atta_2,1583.8,517.5,341.5,-55.8,2.8,,,,
80.453,3,Atta_3,1775.7,823.0,296.7,-69.9,2.6,,,,
80.453,4,Atta_4,785.6,596.7,2.3,25.7,-2.9,,,,
80.453,5,Atta_5,1595.9,1442.9,319.3,99.8,3.1,,,,
80.453,6,Atta_6,1535.9,1217.2,324.2,43.0,-3.5,,,,
80.453,7,Atta_7,1087.6,2542.3,342.9,66.7,-1.3,,,,
80.453,8,Atta_8,1558.4,2047.7,307.2,35.8,4.4,,,,
80.453,9,Atta_9,2610.1,2170.4,3.6,95.3,-6.6,,,,
80.453,10,Atta_10,1260.0,2422.1,337.7,56.3,-0.7,,,,
80.522,1,Atta_1,1326.9,2066.3,333.5,65.6,-2.5,,,,
80.522,2,Atta_2,1600.2,502.1,344.1,22.5,2.6,,,,
80.522,3,Atta_3,1829.8,767.9,294.7,77.2,-2.0,,,,
80.522,4,Atta_4,778.4,623.6,358.3,-27.8,-4.0,,,,
80.522,5,Atta_5,1529.1,1453.2,323.8,-67.6,4.5,,,,
80.522,6,Atta_6,1492.9,1281.2,317.2,-77.1,-7.0,,,,
80.522,7,Atta_7,1045.4,2496.2,344.8,-62.5,1.9,,,,
80.522,8,Atta_8,1520.9,2023.0,306.3,-44.9,-0.9,,,,
80.522,9,Atta_9,2638.1,2126.8,3.1,51.8,-0.5,,,,
80.522,10,Atta_10,1236.6,2408.2,339.3,-27.2,1.6,,,,
80.59,1,Atta_1,1408.8,2098.7,336.8,88.1,3.3,,,,
80.59,2,Atta_2,1599.9,511.3,350.5,-9.2,6.4,,,,
80.59,3,Atta_3,1795.3,844.5,294.2,-84.0,-0.5,,,,
80.59,4,Atta_4,818.3,618.5,3.7,40.2,5.4,,,,
80.59,5,Atta_5,1527.5,1494.5,328.2,-41.3,4.4,,,,
80.59,6,Atta_6,1525.4,1219.0,312.8,70.2,-4.4,,,,
80.59,7,Atta_7,1028.4,2512.4,343.6,-23.5,-1.2,,,,
80.59,8,Atta_8,1559.5,2057.6,303.3,-51.8,-3.0,,,,
80.59,9,Atta_9,2611.7,2130.8,8.9,-26.7,5.8,,,,
80.59,10,Atta_10,1302.9,2401.9,343.0,66.6,3.7,,,,
80.713,1,Atta_1,1428.1,2078.9,334.5,27.7,-2.3,,,,
80.713,2,Atta_2,1563.3,564.7,354.7,-64.7,4.2,,,,
80.713,3,Atta_3,1841.7,775.2,297.8,83.4,3.6,,,,
80.713,4,Atta_4,836.9,676.4,358.6,60.8,-5.1,,,,
80.713,5,Atta_5,1566.1,1506.6,337.6,40.5,9.4,,,,
80.713,6,Atta_6,1533.5,1239.8,304.0,-22.3,-8.8,,,,
80.713,7,Atta_7,1073.1,2554.6,344.0,61.5,0.4,,,,
80.713,8,Atta_8,1569.3,1982.7,308.2,75.5,4.9,,,,
80.713,9,Atta_9,2661.7,2190.2,6.3,77.6,-2.6,,,,
80.713,10,Atta_10,1283.5,2383.5,330.2,-26.7,-12.8,,,,
80.849,1,Atta_1,1391.0,2089.9,335.0,-38.7,0.5,,,,
80.849,2,Atta_2,1607.4,542.6,354.0,49.3,-0.7,,,,
80.849,3,Atta_3,1801.1,821.2,294.9,-61.4,-2.9,,,,
80.849,4,Atta_4,798.1,640.4,4.6,-52.9,6.0,,,,
80.849,5,Atta_5,1539.0,1428.7,344.5,82.5,6.9,,,,
80.849,6,Atta_6,1482.7,1252.2,296.7,-52.3,-7.3,,,,
80.849,7,Atta_7,1069.9,2530.6,345.8,24.2,1.8,,,,
80.849,8,Atta_8,1574.2,2007.3,306.3,-25.1,-1.9,,,,
80.849,9,Atta_9,2715.3,2123.6,3.9,85.5,-2.4,,,,
80.849,10,Atta_10,1248.9,2378.9,336.4,-34.9,6.2,,,,
80.918,1,Atta_1,1395.1,2077.2,339.4,13.3,4.4,,,,
80.918,2,Atta_2,1591.5,563.6,352.4,-26.3,-1.6,,,,
80.918,3,Atta_3,1746.8,795.2,296.4,60.2,1.5,,,,
80.918,4,Atta_4,853.1,582.9,1.0,79.6,-3.6,,,,
80.918,5,Atta_5,1556.7,1377.7,344.8,54.0,0.3,,,,
80.918,6,Atta_6,1513.0,1284.5,296.7,-44.3,0.0,,,,
80.918,7,Atta_7,1150.4,2533.7,343.6,80.6,-2.2,,,,
80.918,8,Atta_8,1574.5,1962.7,304.8,44.6,-1.5,,,,
80.918,9,Atta_9,2663.0,2176.1,8.1,-74.1,4.2,,,,
80.918,10,Atta_10,1244.2,2418.4,334.4,-39.8,-2.0,,,,
80.987,1,Atta_1,1412.9,2067.7,338.3,20.2,-1.1,,,,
80.987,2,Atta_2,1611.3,543.1,354.8,28.5,2.4,,,,
80.987,3,Atta_3,1840.2,812.1,292.9,94.9,-3.5,,,,
80.987,4,Atta_4,837.1,627.7,4.7,-47.6,3.7,,,,
80.987,5,Atta_5,1535.5,1464.3,341.5,-89.2,-3.3,,,,
80.987,6,Atta_6,1563.8,1247.9,285.0,62.6,-11.7,,,,
80.987,7,Atta_7,1119.4,2533.1,344.3,-31.0,0.7,,,,
80.987,8,Atta_8,1582.1,1934.7,304.9,29.0,0.1,,,,
80.987,9,Atta_9,2642.8,2105.2,4.7,-73.7,-3.4,,,,
80.987,10,Atta_10,1316.2,2441.3,341.3,75.6,6.9,,,,
81.11,1,Atta_1,1383.3,2063.2,338.6,-29.9,0.3,,,,
81.11,2,Atta_2,1611.6,550.6,355.7,-7.5,0.9,,,,
81.11,3,Atta_3,1829.9,823.1,299.2,-15.1,6.3,,,,
81.11,4,Atta_4,874.1,604.4,359.5,43.7,-5.2,,,,
81.11,5,Atta_5,1588.2,1510.5,344.7,70.1,3.2,,,,
81.11,6,Atta_6,1523.5,1253.3,286.1,-40.7,1.1,,,,
81.11,7,Atta_7,1056.2,2552.3,345.1,-66.1,0.8,,,,
81.11,8,Atta_8,1632.8,1952.1,309.2,53.6,4.3,,,,
81.11,9,Atta_9,2710.3,2146.6,3.8,79.2,-0.9,,,,
81.11,10,Atta_10,1291.7,2338.4,335.7,105.8,-5.6,,,,
81.181,1,Atta_1,1470.3,2033.0,339.2,92.1,0.6,,,,
81.181,2,Atta_2,1563.1,529.8,351.2,-52.8,-4.5,,,,
81.181,3,Atta_3,1831.6,755.7,297.5,67.4,-1.7,,,,
81.181,4,Atta_4,879.1,621.8,3.8,18.1,4.3,,,,
81.181,5,Atta_5,1572.3,1462.4,339.2,-50.7,-5.5,,,,
81.181,6,Atta_6,1550.6,1301.8,283.2,-55.6,-2.9,,,,
81.181,7,Atta_7,1158.6,2480.5,341.5,125.1,-3.6,,,,
81.181,8,Atta_8,1599.7,1981.5,307.9,-44.3,-1.3,,,,
81.181,9,Atta_9,2738.5,2153.5,7.7,29.0,3.9,,,,
81.181,10,Atta_10,1292.5,2362.7,336.8,-24.3,1.1,,,,
81.25,1,Atta_1,1474.1,2100.1,338.7,-67.2,-0.5,,,,
81.25,2,Atta_2,1629.3,510.0,359.0,69.1,7.8,,,,
81.25,3,Atta_3,1851.7,743.3,295.8,23.6,-1.7,,,,
81.25,4,Atta_4,818.3,625.4,359.8,-60.9,-4.0,,,,
81.25,5,Atta_5,1528.3,1447.9,342.2,-46.3,3.0,,,,
81.25,6,Atta_6,1536.8,1274.9,285.8,30.2,2.6,,,,
81.25,7,Atta_7,1202.3,2513.6,342.3,54.8,0.8,,,,
81.25,8,Atta_8,1539.7,1953.3,314.2,-66.3,6.3,,,,
81.25,9,Atta_9,2704.0,2195.0,2.1,-54.0,-5.6,,,,
81.25,10,Atta_10,1330.5,2417.5,335.8,66.7,-1.0,,,,
81.302,1,Atta_1,1491.6,2053.2,332.4,50.1,-6.3,,,,
81.302,2,Atta_2,1626.6,493.0,358.3,-17.2,-0.7,,,,
81.302,3,Atta_3,1849.0,766.5,297.7,-23.4,1.9,,,,
81.302,4,Atta_4,944.4,620.1,1.4,126.2,1.6,,,,
81.302,5,Atta_5,1604.6,1429.3,342.4,78.5,0.2,,,,
81.302,6,Atta_6,1554.2,1240.7,283.7,38.4,-2.1,,,,
81.302,7,Atta_7,1173.1,2469.1,342.4,-53.2,0.1,,,,
81.302,8,Atta_8,1573.3,1956.2,315.1,33.7,0.9,,,,
81.302,9,Atta_9,2742.2,2086.5,5.0,115.0,2.9,,,,
81.302,10,Atta_10,1325.4,2401.6,337.3,16.7,1.5,,,,
81.371,1,Atta_1,1466.3,2103.7,334.0,-56.5,1.6,,,,
81.371,2,Atta_2,1590.0,486.4,351.4,-37.2,-6.9,,,,
81.371,3,Atta_3,1807.1,751.7,298.2,-44.4,0.5,,,,
81.371,4,Atta_4,931.0,610.6,1.8,-16.4,0.4,,,,
81.371,5,Atta_5,1606.7,1396.6,343.2,32.8,0.8,,,,
81.371,6,Atta_6,1479.9,1241.5,289.3,-74.3,5.6,,,,
81.371,7,Atta_7,1188.4,2457.2,347.3,19.4,4.9,,,,
81.371,8,Atta_8,1615.3,1902.7,318.4,68.0,3.3,,,,
81.371,9,Atta_9,2732.3,2119.3,2.7,-34.3,-2.3,,,,
81.371,10,Atta_10,1330.3,2389.8,336.6,12.8,-0.7,,,,
81.422,1,Atta_1,1434.8,2072.7,331.4,-44.2,-2.6,,,,
81.422,2,Atta_2,1658.1,511.8,352.5,72.7,1.1,,,,
81.422,3,Atta_3,1892.2,748.8,292.5,85.1,-5.7,,,,
81.422,4,Atta_4,910.1,651.4,0.4,-45.8,-1.4,,,,
81.422,5,Atta_5,1547.9,1445.9,341.2,-76.7,-2.0,,,,
81.422,6,Atta_6,1608.9,1226.2,290.0,129.9,0.7,,,,
81.422,7,Atta_7,1172.4,2457.7,342.2,-16.0,-5.1,,,,
81.422,8,Atta_8,1596.3,1941.4,325.9,-43.1,7.5,,,,
81.422,9,Atta_9,2748.9,2159.4,7.1,43.4,4.4,,,,
81.422,10,Atta_10,1301.3,2369.0,335.5,-35.7,-1.1,,,,
81.493,1,Atta_1,1488.8,2066.1,331.9,54.4,0.5,,,,
81.493,2,Atta_2,1663.1,572.2,355.2,-60.6,2.7,,,,
81.493,3,Atta_3,1885.6,782.8,298.1,-34.6,5.6,,,,
81.493,4,Atta_4,936.5,603.4,1.9,54.8,1.5,,,,
81.493,5,Atta_5,1588.4,1424.8,343.1,45.7,1.9,,,,
81.493,6,Atta_6,1510.1,1172.8,289.9,112.3,-0.1,,,,
81.493,7,Atta_7,1250.2,2490.9,344.3,84.6,2.1,,,,
81.493,8,Atta_8,1572.7,1948.6,329.5,-24.7,3.6,,,,
81.493,9,Atta_9,2748.9,2154.1,5.6,-5.3,-1.5,,,,
81.493,10,Atta_10,1354.5,2385.1,337.7,55.6,2.2,,,,
81.564,1,Atta_1,1420.7,2079.4,329.2,-69.4,-2.7,,,,
81.564,2,Atta_2,1723.2,524.5,357.0,76.7,1.8,,,,
81.564,3,Atta_3,1816.3,729.8,301.9,87.2,3.8,,,,
81.564,4,Atta_4,940.6,558.7,358.4,44.9,-3.5,,,,
81.564,5,Atta_5,1657.1,1406.5,338.5,71.1,-4.6,,,,
81.564,6,Atta_6,1579.7,1176.7,288.2,69.7,-1.7,,,,
81.564,7,Atta_7,1225.9,2437.3,345.6,-58.9,1.3,,,,
81.564,8,Atta_8,1669.9,1933.3,332.2,98.4,2.7,,,,
81.564,9,Atta_9,2820.5,2172.4,7.1,73.9,1.5,,,,
81.564,10,Atta_10,1376.2,2344.7,338.4,45.9,0.7,,,,
81.626,1,Atta_1,1422.3,2049.6,332.5,29.8,3.3,,,,
81.626,2,Atta_2,1721.3,553.1,359.3,-28.7,2.3,,,,
81.626,3,Atta_3,1831.7,754.2,303.3,-28.9,1.4,,,,
81.626,4,Atta_4,958.8,643.3,4.1,86.5,5.7,,,,
81.626,5,Atta_5,1627.4,1382.4,340.8,-38.2,2.3,,,,
81.626,6,Atta_6,1500.2,1168.5,286.5,-79.9,-1.7,,,,
81.626,7,Atta_7,1187.7,2460.2,346.4,-44.5,0.8,,,,
81.626,8,Atta_8,1577.5,1966.2,340.4,-98.1,8.2,,,,
81.626,9,Atta_9,2801.3,2151.9,7.8,-28.1,0.7,,,,
81.626,10,Atta_10,1327.2,2329.4,334.1,-51.3,-4.3,,,,
81.696,1,Atta_1,1525.7,2025.6,332.2,106.1,-0.3,,,,
81.696,2,Atta_2,1716.7,519.0,357.5,-34.4,-1.8,,,,
81.696,3,Atta_3,1873.7,716.9,311.2,56.2,7.9,,,,
81.696,4,Atta_4,979.6,598.3,3.2,49.6,-0.9,,,,
81.696,5,Atta_5,1626.9,1407.5,340.6,-25.1,-0.2,,,,
81.696,6,Atta_6,1530.4,1174.1,288.3,30.7,1.8,,,,
81.696,7,Atta_7,1177.7,2477.2,345.4,-19.7,-1.0,,,,
81.696,8,Atta_8,1572.0,1927.9,344.6,38.7,4.2,,,,
81.696,9,Atta_9,2801.6,2180.9,5.1,29.0,-2.7,,,,
81.696,10,Atta_10,1430.5,2322.5,334.5,103.5,0.4,,,,
81.763,1,Atta_1,1434.2,2091.4,330.5,-112.7,-1.7,,,,
81.763,2,Atta_2,1685.3,540.9,354.5,-38.3,-3.0,,,,
81.763,3,Atta_3,1828.4,710.7,318.5,-45.7,7.3,,,,
81.763,4,Atta_4,1019.3,621.5,4.1,46.0,0.9,,,,
81.763,5,Atta_5,1695.5,1470.5,344.9,93.1,4.3,,,,
81.763,6,Atta_6,1520.1,1194.1,288.7,-22.5,0.4,,,,
81.763,7,Atta_7,1189.8,2453.9,346.5,26.3,1.1,,,,
81.763,8,Atta_8,1531.6,1992.2,348.1,-75.9,3.5,,,,
81.763,9,Atta_9,2774.1,2119.3,8.6,-67.5,3.5,,,,
81.763,10,Atta_10,1408.5,2358.8,336.7,-42.4,2.2,,,,
81.83,1,Atta_1,1487.7,2057.2,330.9,63.5,0.4,,,,
81.83,2,Atta_2,1727.6,560.8,357.9,46.7,3.4,,,,
81.83,3,Atta_3,1825.5,691.3,324.6,19.6,6.1,,,,
81.83,4,Atta_4,949.9,573.6,3.0,-84.3,-1.1,,,,
81.83,5,Atta_5,1662.6,1438.5,342.3,-45.9,-2.6,,,,
81.83,6,Atta_6,1578.9,1150.6,289.7,73.1,1.0,,,,
81.83,7,Atta_7,1273.5,2462.2,344.7,84.1,-1.8,,,,
81.83,8,Atta_8,1618.6,1976.1,354.6,88.5,6.5,,,,
81.83,9,Atta_9,2846.4,2167.0,3.1,86.6,-5.5,,,,
81.83,10,Atta_10,1403.4,2313.4,337.8,45.7,1.1,,,,
81.882,1,Atta_1,1470.4,1989.0,334.7,70.4,3.8,,,,
81.882,2,Atta_2,1746.1,508.9,359.9,55.1,2.0,,,,
81.882,3,Atta_3,1872.7,704.0,331.4,48.9,6.8,,,,
81.882,4,Atta_4,1009.0,603.4,3.0,66.2,0.0,,,,
81.882,5,Atta_5,1690.4,1450.5,343.5,30.3,1.2,,,,
81.882,6,Atta_6,1546.0,1139.4,285.3,-34.8,-4.4,,,,
81.882,7,Atta_7,1227.3,2506.8,348.1,-64.2,3.4,,,,
81.882,8,Atta_8,1632.0,1963.6,357.2,18.3,2.6,,,,
81.882,9,Atta_9,2827.7,2183.2,5.5,-24.7,2.4,,,,
81.882,10,Atta_10,1419.2,2411.6,335.6,-99.5,-2.2,,,,
82.015,1,Atta_1,1530.6,2042.0,333.7,80.2,-1.0,,,,
82.015,2,Atta_2,1730.4,522.6,354.3,-20.8,-5.6,,,,
82.015,3,Atta_3,1848.0,744.0,330.9,-47.0,-0.5,,,,
82.015,4,Atta_4,996.9,592.2,1.0,-16.5,-2.0,,,,
82.015,5,Atta_5,1667.9,1397.8,342.0,-57.3,-1.5,,,,
82.015,6,Atta_6,1490.2,1119.6,289.2,59.2,3.9,,,,
82.015,7,Atta_7,1283.7,2449.2,350.6,80.6,2.5,,,,
82.015,8,Atta_8,1667.7,2024.1,1.2,70.2,4.0,,,,
82.015,9,Atta_9,2837.0,2163.2,5.7,22.1,0.2,,,,
82.015,10,Atta_10,1438.6,2335.9,338.9,78.1,3.3,,,,
82.068,1,Atta_1,1515.2,2062.3,328.7,-25.5,-5.0,,,,
82.068,2,Atta_2,1737.1,513.6,352.5,11.2,-1.8,,,,
82.068,3,Atta_3,1873.7,726.2,334.4,31.3,3.5,,,,
82.068,4,Atta_4,1004.6,625.5,0.5,34.2,-0.5,,,,
82.068,5,Atta_5,1656.8,1381.3,342.5,-19.9,0.5,,,,
82.068,6,Atta_6,1568.0,1092.5,287.9,82.4,-1.3,,,,
82.068,7,Atta_7,1242.0,2483.4,345.2,-53.9,-5.4,,,,
82.068,8,Atta_8,1591.8,1938.8,10.0,-114.2,8.8,,,,
82.068,9,Atta_9,2806.2,2136.2,3.1,-41.0,-2.6,,,,
82.068,10,Atta_10,1479.9,2297.3,336.5,56.5,-2.4,,,,
82.134,1,Atta_1,1472.6,2056.3,328.6,-43.0,-0.1,,,,
82.134,2,Atta_2,1835.1,529.6,354.5,99.3,2.0,,,,
82.134,3,Atta_3,1886.6,725.5,342.9,12.9,8.5,,,,
82.134,4,Atta_4,1039.4,657.0,0.6,46.9,0.1,,,,
82.134,5,Atta_5,1685.2,1445.3,345.2,70.0,2.7,,,,
82.134,6,Atta_6,1507.0,1108.2,283.4,-63.0,-4.5,,,,
82.134,7,Atta_7,1259.0,2440.2,344.4,46.4,-0.8,,,,
82.134,8,Atta_8,1601.4,1917.8,5.6,23.1,-4.4,,,,
82.134,9,Atta_9,2923.4,2139.6,5.0,117.2,1.9,,,,
82.134,10,Atta_10,1413.3,2341.8,333.6,-80.1,-2.9,,,,
82.2,1,Atta_1,1452.3,2111.4,327.2,-58.7,-1.4,,,,
82.2,2,Atta_2,1844.4,512.1,353.8,19.8,-0.7,,,,
82.2,3,Atta_3,1808.7,767.0,342.9,-88.3,0.0,,,,
82.2,4,Atta_4,1041.8,660.7,357.8,4.4,-2.8,,,,
82.2,5,Atta_5,1708.9,1421.4,343.9,33.7,-1.3,,,,
82.2,6,Atta_6,1569.4,1113.5,293.1,62.6,9.7,,,,
82.2,7,Atta_7,1240.4,2424.2,348.4,-24.5,4.0,,,,
82.2,8,Atta_8,1635.9,1905.3,8.9,36.7,3.3,,,,
82.2,9,Atta_9,2901.3,2120.6,6.4,-29.1,1.4,,,,
82.2,10,Atta_10,1386.9,2342.3,338.8,-26.4,5.2,,,,
82.266,1,Atta_1,1429.4,2134.6,326.0,-32.6,-1.2,,,,
82.266,2,Atta_2,1793.5,461.2,354.0,-72.0,0.2,,,,
82.266,3,Atta_3,1881.7,708.3,349.7,93.7,6.8,,,,
82.266,4,Atta_4,1034.4,632.8,3.5,-28.9,5.7,,,,
82.266,5,Atta_5,1675.0,1426.2,343.9,-34.2,0.0,,,,
82.266,6,Atta_6,1598.9,1105.2,296.1,30.6,3.0,,,,
82.266,7,Atta_7,1287.3,2476.7,346.4,70.4,-2.0,,,,
82.266,8,Atta_8,1610.8,1943.5,6.6,-45.7,-2.3,,,,
82.266,9,Atta_9,2912.9,2163.6,5.2,44.5,-1.2,,,,
82.266,10,Atta_10,1447.6,2365.9,337.9,65.1,-0.9,,,,
82.334,1,Atta_1,1439.2,2126.1,327.6,13.0,1.6,,,,
82.334,2,Atta_2,1785.9,473.7,353.3,-14.6,-0.7,,,,
82.334,3,Atta_3,1863.5,728.9,349.1,-27.5,-0.6,,,,
82.334,4,Atta_4,1047.2,691.8,2.2,60.4,-1.3,,,,
82.334,5,Atta_5,1725.7,1379.8,344.2,68.7,0.3,,,,
82.334,6,Atta_6,1536.9,1073.0,301.4,69.9,5.3,,,,
82.334,7,Atta_7,1320.0,2491.1,343.8,35.7,-2.6,,,,
82.334,8,Atta_8,1583.8,1945.3,11.5,-27.1,4.9,,,,
82.334,9,Atta_9,2883.2,2198.2,6.6,-45.6,1.4,,,,
82.334,10,Atta_10,1436.2,2322.1,336.4,45.3,-1.5,,,,
82.401,1,Atta_1,1390.3,2105.3,326.3,-53.1,-1.3,,,,
82.401,2,Atta_2,1812.8,535.2,352.4,67.1,-0.9,,,,
82.401,3,Atta_3,1815.4,724.2,348.3,-48.3,-0.8,,,,
82.401,4,Atta_4,1077.9,613.3,357.3,84.3,-4.9,,,,
82.401,5,Atta_5,1745.7,1362.9,343.1,26.2,-1.1,,,,
82.401,6,Atta_6,1508.9,1095.5,302.7,-35.9,1.3,,,,
82.401,7,Atta_7,1286.6,2434.7,350.0,-65.5,6.2,,,,
82.401,8,Atta_8,1632.8,1965.2,8.1,52.9,-3.4,,,,
82.401,9,Atta_9,2895.3,2144.4,6.5,55.1,-0.1,,,,
82.401,10,Atta_10,1529.6,2249.2,338.4,118.5,2.0,,,,
82.47,1,Atta_1,1467.7,2110.9,330.5,77.6,4.2,,,,
82.47,2,Atta_2,1813.2,539.7,355.5,-4.5,3.1,,,,
82.47,3,Atta_3,1907.7,747.4,349.3,95.2,1.0,,,,
82.47,4,Atta_4,1146.9,671.9,0.1,90.5,2.8,,,,
82.47,5,Atta_5,1777.3,1437.9,343.9,81.4,0.8,,,,
82.47,6,Atta_6,1505.5,1142.2,309.6,-46.8,6.9,,,,
82.47,7,Atta_7,1354.0,2456.3,345.7,70.8,-4.3,,,,
82.47,8,Atta_8,1633.4,1938.1,9.2,-27.1,1.1,,,,
82.47,9,Atta_9,2914.9,2212.2,5.6,70.6,-0.9,,,,
82.47,10,Atta_10,1509.4,2284.4,336.2,-40.6,-2.2,,,,
82.537,1,Atta_1,1448.4,2070.1,334.4,45.1,3.9,,,,
82.537,2,Atta_2,1887.0,478.2,353.4,96.1,-2.1,,,,
82.537,3,Atta_3,1807.7,736.0,350.6,-100.6,1.3,,,,
82.537,4,Atta_4,1034.3,685.0,2.2,-113.4,2.1,,,,
82.537,5,Atta_5,1794.4,1415.2,341.7,28.4,-2.2,,,,
82.537,6,Atta_6,1560.6,1092.5,313.2,74.2,3.6,,,,
82.537,7,Atta_7,1358.4,2457.3,342.2,4.5,-3.5,,,,
82.537,8,Atta_8,1614.0,1978.0,4.6,-44.4,-4.6,,,,
82.537,9,Atta_9,2960.9,2234.1,5.4,50.9,-0.2,,,,
82.537,10,Atta_10,1468.4,2351.3,338.2,-78.5,2.0,,,,
82.592,1,Atta_1,1476.4,2100.2,340.2,41.1,5.8,,,,
82.592,2,Atta_2,1873.2,541.6,357.3,-64.9,3.9,,,,
82.592,3,Atta_3,1912.5,714.4,350.9,107.0,0.3,,,,
82.592,4,Atta_4,1112.4,643.6,0.2,88.4,-2.0,,,,
82.592,5,Atta_5,1768.0,1386.7,342.9,-38.8,1.2,,,,
82.592,6,Atta_6,1603.3,1085.0,318.2,43.4,5.0,,,,
82.592,7,Atta_7,1351.2,2384.0,345.2,73.7,3.0,,,,
82.592,8,Atta_8,1621.1,1931.5,8.6,47.0,4.0,,,,
82.592,9,Atta_9,2983.8,2178.6,6.1,60.0,0.7,,,,
82.592,10,Atta_10,1523.2,2250.7,338.8,114.6,0.6,,,,
82.661,1,Atta_1,1453.2,2042.3,345.5,-62.4,5.3,,,,
82.661,2,Atta_2,1857.0,525.3,356.9,-23.0,-0.4,,,,
82.661,3,Atta_3,1845.7,713.9,348.1,-66.8,-2.8,,,,
82.661,4,Atta_4,1138.9,605.6,359.8,46.3,-0.4,,,,
82.661,5,Atta_5,1787.1,1376.4,342.6,21.7,-0.3,,,,
82.661,6,Atta_6,1575.4,1099.3,323.9,-31.4,5.7,,,,
82.661,7,Atta_7,1380.8,2452.7,344.2,74.8,-1.0,,,,
82.661,8,Atta_8,1707.0,1921.1,7.3,86.5,-1.3,,,,
82.661,9,Atta_9,2969.2,2166.6,2.1,-18.9,-4.0,,,,
82.661,10,Atta_10,1475.1,2337.0,339.0,-98.8,0.2,,,,
82.728,1,Atta_1,1462.7,2068.9,349.1,28.2,3.6,,,,
82.728,2,Atta_2,1851.3,461.9,357.9,-63.7,1.0,,,,
82.728,3,Atta_3,1886.2,721.6,349.9,41.2,1.8,,,,
82.728,4,Atta_4,1134.6,596.3,3.1,-10.2,3.3,,,,
82.728,5,Atta_5,1760.1,1372.2,345.8,-27.3,3.2,,,,
82.728,6,Atta_6,1612.2,1111.0,328.4,38.6,4.5,,,,
82.728,7,Atta_7,1400.4,2430.4,345.7,29.7,1.5,,,,
82.728,8,Atta_8,1750.5,1904.1,7.7,46.7,0.4,,,,
82.728,9,Atta_9,2977.0,2152.6,6.4,16.0,4.3,,,,
82.728,10,Atta_10,1503.7,2307.2,335.8,41.3,-3.2,,,,
82.779,1,Atta_1,1496.7,2114.9,354.1,57.2,5.0,,,,
82.779,2,Atta_2,1870.2,538.2,355.0,78.6,-2.9,,,,
82.779,3,Atta_3,1917.7,718.4,346.8,31.7,-3.1,,,,
82.779,4,Atta_4,1139.1,666.0,0.5,69.8,-2.6,,,,
82.779,5,Atta_5,1787.6,1365.9,344.4,28.2,-1.4,,,,
82.779,6,Atta_6,1583.1,1132.9,336.7,-36.4,8.3,,,,
82.779,7,Atta_7,1434.9,2385.7,341.7,56.5,-4.0,,,,
82.779,8,Atta_8,1672.9,1993.7,2.5,-118.5,-5.2,,,,
82.779,9,Atta_9,2975.7,2160.1,6.6,-7.6,0.2,,,,
82.779,10,Atta_10,1614.3,2251.2,338.1,124.0,2.3,,,,
82.848,1,Atta_1,1478.0,2059.0,358.3,-58.9,4.2,,,,
82.848,2,Atta_2,1827.5,536.1,359.5,-42.8,4.5,,,,
82.848,3,Atta_3,1941.8,699.0,347.0,30.9,0.2,,,,
82.848,4,Atta_4,1168.1,651.3,3.8,32.5,3.3,,,,
82.848,5,Atta_5,1860.6,1359.5,342.9,73.3,-1.5,,,,
82.848,6,Atta_6,1579.7,1135.3,336.7,-4.2,0.0,,,,
82.848,7,Atta_7,1403.8,2443.0,345.2,-65.2,3.5,,,,
82.848,8,Atta_8,1728.4,1948.6,4.6,71.5,2.1,,,,
82.848,9,Atta_9,3007.5,2144.4,6.5,35.5,-0.1,,,,
82.848,10,Atta_10,1547.9,2278.8,340.7,-71.9,2.6,,,,
82.971,1,Atta_1,1502.3,2039.1,1.8,31.4,3.5,,,,
82.971,2,Atta_2,1891.2,530.7,355.6,63.9,-3.9,,,,
82.971,3,Atta_3,1856.4,709.1,348.8,-86.0,1.8,,,,
82.971,4,Atta_4,1169.3,647.5,3.5,4.0,-0.3,,,,
82.971,5,Atta_5,1825.9,1329.7,342.6,-45.7,-0.3,,,,
82.971,6,Atta_6,1539.4,1157.3,341.6,-45.9,4.9,,,,
82.971,7,Atta_7,1363.0,2459.3,350.0,-43.9,4.8,,,,
82.971,8,Atta_8,1694.6,1951.9,8.5,-34.0,3.9,,,,
82.971,9,Atta_9,3055.2,2206.2,6.4,78.1,-0.1,,,,
82.971,10,Atta_10,1545.3,2281.2,333.9,-3.5,-6.8,,,,
83.037,1,Atta_1,1450.4,2097.2,10.0,-77.9,8.2,,,,
83.037,2,Atta_2,1823.2,530.2,358.9,-68.0,3.3,,,,
83.037,3,Atta_3,1985.5,673.3,349.5,134.0,0.7,,,,
83.037,4,Atta_4,1091.4,632.3,2.8,-79.4,-0.7,,,,
83.037,5,Atta_5,1834.6,1386.6,342.0,-57.6,-0.6,,,,
83.037,6,Atta_6,1578.6,1137.4,344.0,44.0,2.4,,,,
83.037,7,Atta_7,1404.8,2417.6,344.6,59.0,-5.4,,,,
83.037,8,Atta_8,1728.5,1947.0,5.5,34.3,-3.0,,,,
83.037,9,Atta_9,3018.3,2163.8,4.7,-56.2,-1.7,,,,
83.037,10,Atta_10,1550.4,2218.7,338.4,62.7,4.5,,,,
83.105,1,Atta_1,1388.6,2077.8,13.5,-64.8,3.5,,,,
83.105,2,Atta_2,1866.7,478.8,357.5,67.3,-1.4,,,,
83.105,3,Atta_3,1950.6,716.1,351.3,-55.2,1.8,,,,
83.105,4,Atta_4,1213.0,600.1,1.8,125.8,-1.0,,,,
83.105,5,Atta_5,1771.2,1325.8,341.4,-87.8,-0.6,,,,
83.105,6,Atta_6,1549.3,1139.4,339.7,-29.4,-4.3,,,,
83.105,7,Atta_7,1444.8,2351.7,346.5,77.1,1.9,,,,
83.105,8,Atta_8,1746.8,1993.3,9.6,49.8,4.1,,,,
83.105,9,Atta_9,3056.6,2198.1,5.9,51.4,1.2,,,,
83.105,10,Atta_10,1584.2,2288.9,337.1,77.9,-1.3,,,,
83.24,1,Atta_1,1403.1,2097.6,19.3,24.5,5.8,,,,
83.24,2,Atta_2,1868.5,513.5,353.7,34.7,-3.8,,,,
83.24,3,Atta_3,1938.2,699.1,347.2,-21.0,-4.1,,,,
83.24,4,Atta_4,1181.6,691.2,1.7,-96.4,-0.1,,,,
83.24,5,Atta_5,1837.4,1329.6,343.2,66.3,1.8,,,,
83.24,6,Atta_6,1570.4,1132.4,348.2,22.2,8.5,,,,
83.24,7,Atta_7,1483.0,2382.4,341.5,49.0,-5.0,,,,
83.24,8,Atta_8,1720.1,1968.4,9.8,-36.5,0.2,,,,
83.24,9,Atta_9,3085.6,2169.1,3.3,41.0,-2.6,,,,
83.24,10,Atta_10,1648.0,2251.2,338.4,74.1,1.3,,,,
83.307,1,Atta_1,1448.9,2086.8,26.7,47.1,7.4,,,,
83.307,2,Atta_2,1859.9,514.0,355.9,-8.6,2.2,,,,
83.307,3,Atta_3,1969.4,729.5,350.9,43.6,3.7,,,,
83.307,4,Atta_4,1193.3,600.9,1.3,91.1,-0.4,,,,
83.307,5,Atta_5,1855.1,1358.3,336.8,33.7,-6.4,,,,
83.307,6,Atta_6,1602.0,1136.5,347.3,31.9,-0.9,,,,
83.307,7,Atta_7,1467.1,2387.2,343.8,-16.6,2.3,,,,
83.307,8,Atta_8,1787.0,1937.3,7.6,73.8,-2.2,,,,
83.307,9,Atta_9,3017.0,2107.4,2.2,-92.3,-1.1,,,,
83.307,10,Atta_10,1575.7,2284.2,337.0,-79.5,-1.4,,,,
83.375,1,Atta_1,1476.1,2086.7,26.9,27.2,0.2,,,,
83.375,2,Atta_2,1827.6,505.8,355.7,-33.3,-0.2,,,,
83.375,3,Atta_3,1963.8,712.5,351.7,-17.9,0.8,,,,
83.375,4,Atta_4,1180.4,647.5,1.5,-48.4,0.2,,,,
83.375,5,Atta_5,1863.6,1364.0,337.1,10.2,0.3,,,,
83.375,6,Atta_6,1582.6,1138.8,347.4,-19.5,0.1,,,,
83.375,7,Atta_7,1490.9,2400.0,346.6,27.0,2.8,,,,
83.375,8,Atta_8,1780.6,1992.2,5.7,55.3,-1.9,,,,
83.375,9,Atta_9,3039.9,2195.5,4.0,91.0,1.8,,,,
83.375,10,Atta_10,1614.5,2218.0,337.0,76.7,0.0,,,,
83.445,1,Atta_1,1441.5,2039.6,24.9,-58.4,-2.0,,,,
83.445,2,Atta_2,1814.1,525.7,356.0,-24.0,0.3,,,,
83.445,3,Atta_3,2012.0,694.0,348.5,51.6,-3.2,,,,
83.445,4,Atta_4,1204.6,648.4,2.6,24.2,1.1,,,,
83.445,5,Atta_5,1867.3,1342.7,337.9,21.6,0.8,,,,
83.445,6,Atta_6,1595.9,1150.5,343.9,17.7,-3.5,,,,
83.445,7,Atta_7,1483.6,2382.9,341.2,-18.6,-5.4,,,,
83.445,8,Atta_8,1780.4,1978.9,8.0,-13.3,2.3,,,,
83.445,9,Atta_9,3099.9,2150.3,3.8,75.1,-0.2,,,,
83.445,10,Atta_10,1615.3,2259.6,339.1,-41.6,2.1,,,,
83.501,1,Atta_1,1469.0,2066.6,26.5,38.5,1.6,,,,
83.501,2,Atta_2,1761.5,499.4,357.6,-58.8,1.6,,,,
83.501,3,Atta_3,2017.2,676.1,347.5,18.6,-1.0,,,,
83.501,4,Atta_4,1258.0,625.6,359.9,58.1,-2.7,,,,
83.501,5,Atta_5,1868.2,1398.6,335.6,-55.9,-2.3,,,,
83.501,6,Atta_6,1589.7,1141.2,344.6,-11.2,0.7,,,,
83.501,7,Atta_7,1488.9,2416.9,344.2,-34.4,3.0,,,,
83.501,8,Atta_8,1752.7,1925.9,9.6,-59.8,1.6,,,,
83.501,9,Atta_9,3080.3,2178.8,4.1,-34.6,0.3,,,,
83.501,10,Atta_10,1698.7,2239.1,334.6,85.9,-4.5,,,,
83.57,1,Atta_1,1482.7,2050.9,27.2,20.8,0.7,,,,
83.57,2,Atta_2,1808.0,528.3,354.3,54.7,-3.3,,,,
83.57,3,Atta_3,2041.1,720.5,346.5,50.4,-1.0,,,,
83.57,4,Atta_4,1248.1,612.8,3.1,-16.2,3.2,,,,
83.57,5,Atta_5,1783.3,1415.7,337.4,-86.6,1.8,,,,
83.57,6,Atta_6,1643.6,1129.3,344.7,55.2,0.1,,,,
83.57,7,Atta_7,1515.2,2354.9,343.1,67.3,-1.1,,,,
83.57,8,Atta_8,1837.8,1993.0,10.9,108.4,1.3,,,,
83.57,9,Atta_9,3097.7,2118.7,2.5,62.6,-1.6,,,,
83.57,10,Atta_10,1704.2,2257.0,334.8,-18.7,0.2,,,,
83.639,1,Atta_1,1414.9,2042.1,27.7,-68.4,0.5,,,,
83.639,2,Atta_2,1780.8,497.6,356.8,-41.0,2.5,,,,
83.639,3,Atta_3,1977.7,708.2,346.1,-64.6,-0.4,,,,
83.639,4,Atta_4,1311.8,600.9,357.2,64.8,-5.9,,,,
83.639,5,Atta_5,1798.8,1352.8,338.5,64.8,1.1,,,,
83.639,6,Atta_6,1622.0,1146.9,347.0,-27.9,2.3,,,,
83.639,7,Atta_7,1491.1,2441.7,346.2,-90.1,3.1,,,,
83.639,8,Atta_8,1806.4,1880.5,10.0,-116.8,-0.9,,,,
83.639,9,Atta_9,3180.4,2145.1,7.9,86.8,5.4,,,,
83.639,10,Atta_10,1619.1,2260.9,333.9,-85.2,-0.9,,,,
83.707,1,Atta_1,1493.7,2067.1,29.6,82.7,1.9,,,,
83.707,2,Atta_2,1771.7,530.3,355.8,-33.9,-1.0,,,,
83.707,3,Atta_3,2107.8,666.7,346.8,136.6,0.7,,,,
83.707,4,Atta_4,1303.7,595.4,5.2,-9.8,8.0,,,,
83.707,5,Atta_5,1821.4,1380.4,340.4,35.7,1.9,,,,
83.707,6,Atta_6,1639.0,1035.6,345.4,112.6,-1.6,,,,
83.707,7,Atta_7,1543.5,2383.4,345.7,78.4,-0.5,,,,
83.707,8,Atta_8,1826.5,1949.5,6.0,71.9,-4.0,,,,
83.707,9,Atta_9,3076.6,2223.5,6.1,-130.1,-1.8,,,,
83.707,10,Atta_10,1619.4,2253.7,337.3,7.2,3.4,,,,
83.773,1,Atta_1,1452.6,2094.1,27.2,-49.2,-2.4,,,,
83.773,2,Atta_2,1832.9,522.6,347.2,61.7,-8.6,,,,
83.773,3,Atta_3,2020.7,711.1,352.3,-97.8,5.5,,,,
83.773,4,Atta_4,1291.8,691.9,3.5,-97.2,-1.7,,,,
83.773,5,Atta_5,1803.2,1390.1,340.0,-20.6,-0.4,,,,
83.773,6,Atta_6,1646.5,1100.3,350.0,-65.1,4.6,,,,
83.773,7,Atta_7,1543.6,2370.6,345.6,12.8,-0.1,,,,
83.773,8,Atta_8,1822.4,1963.7,7.8,-14.8,1.8,,,,
83.773,9,Atta_9,3133.5,2202.8,7.6,60.5,1.5,,,,
83.773,10,Atta_10,1616.8,2270.9,329.4,-17.4,-7.9,,,,
83.838,1,Atta_1,1457.1,2072.3,24.1,-22.3,-3.1,,,,
83.838,2,Atta_2,1829.0,479.0,340.4,43.8,-6.8,,,,
83.838,3,Atta_3,2046.2,709.1,348.5,25.6,-3.8,,,,
83.838,4,Atta_4,1294.1,664.3,0.5,27.7,-3.0,,,,
83.838,5,Atta_5,1870.3,1395.6,332.9,67.3,-7.1,,,,
83.838,6,Atta_6,1637.2,1158.2,347.5,-58.6,-2.5,,,,
83.838,7,Atta_7,1539.9,2352.1,341.3,18.9,-4.3,,,,
83.838,8,Atta_8,1896.3,1980.5,9.3,75.8,1.5,,,,
83.838,9,Atta_9,3166.7,2174.2,3.0,43.8,-4.6,,,,
83.838,10,Atta_10,1630.6,2264.6,333.5,15.2,4.1,,,,
83.905,1,Atta_1,1493.6,2090.0,28.0,40.6,3.9,,,,
83.905,2,Atta_2,1794.0,470.1,341.4,-36.1,1.0,,,,
83.905,3,Atta_3,2031.8,689.5,350.7,-24.3,2.2,,,,
83.905,4,Atta_4,1301.6,671.5,3.9,10.4,3.4,,,,
83.905,5,Atta_5,1846.1,1435.0,328.4,-46.2,-4.5,,,,
83.905,6,Atta_6,1678.0,1093.4,344.8,76.6,-2.7,,,,
83.905,7,Atta_7,1550.1,2399.2,346.3,-48.2,5.0,,,,
83.905,8,Atta_8,1790.4,1967.8,3.4,-106.7,-5.9,,,,
83.905,9,Atta_9,3170.6,2207.6,3.7,33.6,0.7,,,,
83.905,10,Atta_10,1604.1,2273.4,331.2,-27.9,-2.3,,,,
83.974,1,Atta_1,1510.8,2107.8,24.1,24.8,-3.9,,,,
83.974,2,Atta_2,1835.0,465.0,336.5,41.3,-4.9,,,,
83.974,3,Atta_3,2081.5,651.3,347.2,62.7,-3.5,,,,
83.974,4,Atta_4,1355.8,591.4,358.5,96.7,-5.4,,,,
83.974,5,Atta_5,1845.7,1418.2,323.0,16.8,-5.4,,,,
83.974,6,Atta_6,1602.9,1149.9,345.9,-94.0,1.1,,,,
83.974,7,Atta_7,1583.4,2347.9,348.3,61.2,2.0,,,,
83.974,8,Atta_8,1856.0,1940.1,4.1,71.2,0.7,,,,
83.974,9,Atta_9,3205.3,2160.7,3.7,58.3,0.0,,,,
83.974,10,Atta_10,1591.7,2238.7,330.9,36.8,-0.3,,,,
84.025,1,Atta_1,1522.5,2070.6,23.8,-39.0,-0.3,,,,
84.025,2,Atta_2,1797.3,573.0,332.0,-114.4,-4.5,,,,
84.025,3,Atta_3,2069.6,671.5,349.7,-23.4,2.5,,,,
84.025,4,Atta_4,1343.9,623.4,359.5,-34.1,1.0,,,,
84.025,5,Atta_5,1802.6,1347.1,319.2,83.1,-3.8,,,,
84.025,6,Atta_6,1691.5,1062.1,347.2,124.7,1.3,,,,
84.025,7,Atta_7,1530.2,2346.3,345.0,-53.2,-3.3,,,,
84.025,8,Atta_8,1861.8,1999.3,7.7,59.5,3.6,,,,
84.025,9,Atta_9,3220.7,2150.7,0.7,18.4,-3.0,,,,
84.025,10,Atta_10,1637.9,2237.4,332.2,46.2,1.3,,,,
84.095,1,Atta_1,1487.4,2088.4,24.8,-39.4,1.0,,,,
84.095,2,Atta_2,1806.6,549.1,322.3,25.6,-9.7,,,,
84.095,3,Atta_3,2077.7,679.7,349.6,11.5,-0.1,,,,
84.095,4,Atta_4,1324.8,651.4,357.3,-33.9,-2.2,,,,
84.095,5,Atta_5,1834.6,1386.3,310.9,-50.6,-8.3,,,,
84.095,6,Atta_6,1653.9,1067.1,344.1,-37.9,-3.1,,,,
84.095,7,Atta_7,1565.2,2379.6,349.1,48.3,4.1,,,,
84.095,8,Atta_8,1906.1,1965.2,4.1,55.9,-3.6,,,,
84.095,9,Atta_9,3248.3,2182.3,3.4,42.0,2.7,,,,
84.095,10,Atta_10,1636.8,2308.3,337.5,-70.9,5.3,,,,
84.161,1,Atta_1,1521.4,2120.0,27.0,46.4,2.2,,,,
84.161,2,Atta_2,1770.6,537.4,320.4,-37.9,-1.9,,,,
84.161,3,Atta_3,2080.2,703.8,353.0,-24.2,3.4,,,,
84.161,4,Atta_4,1377.0,576.8,2.6,91.0,5.3,,,,
84.161,5,Atta_5,1756.6,1403.6,316.6,-79.9,5.7,,,,
84.161,6,Atta_6,1670.8,1064.4,349.3,17.1,5.2,,,,
84.161,7,Atta_7,1589.7,2320.1,344.6,64.3,-4.5,,,,
84.161,8,Atta_8,1896.7,1967.6,6.9,-9.7,2.8,,,,
84.161,9,Atta_9,3179.3,2239.6,7.4,-89.7,4.0,,,,
84.161,10,Atta_10,1606.0,2273.4,336.8,-46.5,-0.7,,,,
84.227,1,Atta_1,1497.5,2135.3,24.9,-28.4,-2.1,,,,
84.227,2,Atta_2,1822.3,470.0,314.5,84.9,-5.9,,,,
84.227,3,Atta_3,2104.0,718.6,355.8,28.0,2.8,,,,
84.227,4,Atta_4,1354.1,653.9,2.0,-80.4,-0.6,,,,
84.227,5,Atta_5,1819.7,1355.1,303.4,79.6,-13.2,,,,
84.227,6,Atta_6,1664.8,1111.8,344.5,-47.8,-4.8,,,,
84.227,7,Atta_7,1589.2,2334.6,346.1,-14.5,1.5,,,,
84.227,8,Atta_8,1872.7,1955.9,7.3,-26.7,0.4,,,,
84.227,9,Atta_9,3202.5,2238.9,13.4,23.2,6.0,,,,
84.227,10,Atta_10,1578.1,2236.6,340.5,-46.2,3.7,,,,
84.293,1,Atta_1,1546.2,2128.6,24.4,49.2,-0.5,,,,
84.293,2,Atta_2,1799.4,528.7,314.0,-63.0,-0.5,,,,
84.293,3,Atta_3,2111.1,734.8,355.9,17.7,0.1,,,,
84.293,4,Atta_4,1308.1,622.6,2.2,-55.6,0.2,,,,
84.293,5,Atta_5,1840.4,1389.3,300.4,-40.0,-3.0,,,,
84.293,6,Atta_6,1723.9,1075.5,347.1,69.4,2.6,,,,
84.293,7,Atta_7,1530.2,2397.3,343.6,-86.1,-2.5,,,,
84.293,8,Atta_8,1868.6,1927.0,4.2,-29.2,-3.1,,,,
84.293,9,Atta_9,3157.3,2218.0,14.3,-49.8,0.9,,,,
84.293,10,Atta_10,1564.4,2290.3,346.5,-55.4,6.0,,,,
84.359,1,Atta_1,1562.3,2124.1,27.0,16.7,2.6,,,,
84.359,2,Atta_2,1816.0,529.3,310.1,16.6,-3.9,,,,
84.359,3,Atta_3,2108.4,698.5,355.8,-36.4,-0.1,,,,
84.359,4,Atta_4,1374.1,635.3,4.1,67.2,1.9,,,,
84.359,5,Atta_5,1745.9,1434.7,297.2,-104.8,-3.2,,,,
84.359,6,Atta_6,1779.3,1065.9,344.0,56.2,-3.1,,,,
84.359,7,Atta_7,1567.5,2359.7,344.4,53.0,0.8,,,,
84.359,8,Atta_8,1831.6,1928.5,10.6,-37.0,6.4,,,,
84.359,9,Atta_9,3213.2,2175.8,22.3,70.0,8.0,,,,
84.359,10,Atta_10,1571.0,2279.7,351.8,12.5,5.3,,,,
84.43,1,Atta_1,1460.8,2119.7,22.8,-101.6,-4.2,,,,
84.43,2,Atta_2,1814.2,483.1,303.8,46.2,-6.3,,,,
84.43,3,Atta_3,2095.3,606.6,350.6,-92.8,-5.2,,,,
84.43,4,Atta_4,1359.7,624.3,4.8,-18.1,0.7,,,,
84.43,5,Atta_5,1778.1,1385.7,290.4,58.6,-6.8,,,,
84.43,6,Atta_6,1764.7,1039.0,348.3,-30.6,4.3,,,,
84.43,7,Atta_7,1499.1,2367.5,335.2,-68.8,-9.2,,,,
84.43,8,Atta_8,1822.9,2000.3,5.5,72.3,-5.1,,,,
84.43,9,Atta_9,3207.9,2231.9,30.6,56.3,8.3,,,,
84.43,10,Atta_10,1594.8,2270.5,355.2,25.5,3.4,,,,
84.484,1,Atta_1,1536.0,2140.4,18.8,78.0,-4.0,,,,
84.484,2,Atta_2,1810.7,581.1,299.0,-98.1,-4.8,,,,
84.484,3,Atta_3,2120.7,675.4,351.3,73.3,0.7,,,,
84.484,4,Atta_4,1373.2,692.0,0.1,69.0,-4.7,,,,
84.484,5,Atta_5,1826.5,1386.2,286.2,48.4,-4.2,,,,
84.484,6,Atta_6,1772.4,1048.6,346.6,12.3,-1.7,,,,
84.484,7,Atta_7,1632.9,2422.9,341.6,144.8,6.4,,,,
84.484,8,Atta_8,1855.1,1947.7,7.9,61.7,2.4,,,,
84.484,9,Atta_9,3215.6,2242.4,31.1,13.0,0.5,,,,
84.484,10,Atta_10,1597.0,2258.7,1.1,12.0,5.9,,,,
84.55,1,Atta_1,1550.3,2176.1,11.9,38.5,-6.9,,,,
84.55,2,Atta_2,1790.9,558.4,299.6,30.1,0.6,,,,
84.55,3,Atta_3,2107.7,697.2,350.7,-25.4,-0.6,,,,
84.55,4,Atta_4,1412.6,677.2,0.7,42.1,0.6,,,,
84.55,5,Atta_5,1814.5,1367.3,282.6,22.4,-3.6,,,,
84.55,6,Atta_6,1776.1,1077.9,348.0,-29.5,1.4,,,,
84.55,7,Atta_7,1609.5,2398.2,339.5,-34.0,-2.1,,,,
84.55,8,Atta_8,1785.4,1938.2,14.2,-70.3,6.3,,,,
84.55,9,Atta_9,3155.8,2184.7,34.0,-83.1,2.9,,,,
84.55,10,Atta_10,1638.7,2298.8,0.6,57.9,-0.5,,,,
84.665,1,Atta_1,1520.7,2072.3,8.4,-107.9,-3.5,,,,
84.665,2,Atta_2,1802.3,523.6,298.0,36.6,-1.6,,,,
84.665,3,Atta_3,2109.9,719.2,355.6,-22.1,4.9,,,,
84.665,4,Atta_4,1459.5,627.9,359.5,68.0,-1.2,,,,
84.665,5,Atta_5,1810.8,1419.0,281.1,-51.8,-1.5,,,,
84.665,6,Atta_6,1760.3,1037.4,346.0,-43.5,-2.0,,,,
84.665,7,Atta_7,1551.7,2414.1,335.2,-59.9,-4.3,,,,
84.665,8,Atta_8,1820.0,2001.2,15.4,71.9,1.2,,,,
84.665,9,Atta_9,3208.2,2213.2,38.7,59.6,4.7,,,,
84.665,10,Atta_10,1628.2,2288.7,6.7,-14.6,6.1,,,,
84.733,1,Atta_1,1556.1,2167.4,358.9,101.5,-9.5,,,,
84.733,2,Atta_2,1803.4,514.4,301.2,9.3,3.2,,,,
84.733,3,Atta_3,2093.7,768.1,353.3,-51.5,-2.3,,,,
84.733,4,Atta_4,1466.7,617.1,1.2,13.0,1.7,,,,
84.733,5,Atta_5,1864.7,1413.0,279.8,54.2,-1.3,,,,
84.733,6,Atta_6,1811.1,1054.8,341.5,53.7,-4.5,,,,
84.733,7,Atta_7,1583.2,2409.8,338.6,31.8,3.4,,,,
84.733,8,Atta_8,1784.5,1965.4,24.4,-50.4,9.0,,,,
84.733,9,Atta_9,3224.7,2210.8,48.7,16.7,10.0,,,,
84.733,10,Atta_10,1546.4,2305.6,17.2,-83.5,10.5,,,,
84.866,1,Atta_1,1554.9,2104.7,356.5,62.7,-2.4,,,,
84.866,2,Atta_2,1835.2,546.7,304.6,-45.3,3.4,,,,
84.866,3,Atta_3,2175.3,613.9,350.3,174.5,-3.0,,,,
84.866,4,Atta_4,1424.5,639.9,1.8,-48.0,0.6,,,,
84.866,5,Atta_5,1781.9,1388.0,280.4,86.5,0.6,,,,
84.866,6,Atta_6,1764.6,1048.8,342.4,-46.9,0.9,,,,
84.866,7,Atta_7,1582.6,2405.8,335.3,4.0,-3.3,,,,
84.866,8,Atta_8,1802.6,1964.6,29.6,18.1,5.2,,,,
84.866,9,Atta_9,3219.4,2172.1,56.4,-39.1,7.7,,,,
84.866,10,Atta_10,1585.7,2339.7,21.7,52.0,4.5,,,,
84.934,1,Atta_1,1537.6,2153.5,347.9,-51.8,-8.6,,,,
84.934,2,Atta_2,1791.2,509.3,302.4,57.7,-2.2,,,,
84.934,3,Atta_3,2181.2,673.8,351.4,-60.2,1.1,,,,
84.934,4,Atta_4,1417.9,667.5,4.6,-28.4,2.8,,,,
84.934,5,Atta_5,1835.2,1357.1,285.6,61.6,5.2,,,,
84.934,6,Atta_6,1816.5,1016.8,348.1,61.0,5.7,,,,
84.934,7,Atta_7,1556.0,2395.1,336.2,-28.7,0.9,,,,
84.934,8,Atta_8,1837.4,1920.1,34.7,56.5,5.1,,,,
84.934,9,Atta_9,3207.6,2197.5,57.1,28.0,0.7,,,,
84.934,10,Atta_10,1578.7,2291.9,26.8,-48.3,5.1,,,,
85.002,1,Atta_1,1541.1,2100.0,345.7,53.6,-2.2,,,,
85.002,2,Atta_2,1758.7,473.1,303.2,48.6,0.8,,,,
85.002,3,Atta_3,2185.6,658.5,356.3,15.9,4.9,,,,
85.002,4,Atta_4,1479.5,676.9,5.8,62.3,1.2,,,,
85.002,5,Atta_5,1818.7,1442.5,280.4,-87.0,-5.2,,,,
85.002,6,Atta_6,1813.4,1054.4,351.5,-37.7,3.4,,,,
85.002,7,Atta_7,1533.2,2426.3,336.1,-38.6,-0.1,,,,
85.002,8,Atta_8,1799.0,1978.5,39.2,69.9,4.5,,,,
85.002,9,Atta_9,3140.5,2227.4,59.1,-73.5,2.0,,,,
85.002,10,Atta_10,1566.7,2258.8,27.8,-35.2,1.0,,,,
85.07,1,Atta_1,1571.1,2069.9,337.3,42.5,-8.4,,,,
85.07,2,Atta_2,1835.3,530.5,300.4,-95.7,-2.8,,,,
85.07,3,Atta_3,2250.2,679.0,352.8,67.8,-3.5,,,,
85.07,4,Atta_4,1550.9,684.5,358.9,71.8,-6.9,,,,
85.07,5,Atta_5,1850.1,1358.7,281.7,89.5,1.3,,,,
85.07,6,Atta_6,1802.5,1047.2,349.9,-13.1,-1.6,,,,
85.07,7,Atta_7,1510.0,2390.4,331.1,-42.7,-5.0,,,,
85.07,8,Atta_8,1800.9,1929.0,43.5,-49.5,4.3,,,,
85.07,9,Atta_9,3216.1,2161.2,66.0,-100.5,6.9,,,,
85.07,10,Atta_10,1589.4,2278.8,26.3,30.3,-1.5,,,,
85.139,1,Atta_1,1513.5,2146.0,333.3,-95.4,-4.0,,,,
85.139,2,Atta_2,1808.4,458.1,297.2,77.2,-3.2,,,,
85.139,3,Atta_3,2201.5,715.2,356.0,-60.7,3.2,,,,
85.139,4,Atta_4,1482.3,647.5,3.1,-77.9,4.2,,,,
85.139,5,Atta_5,1826.2,1331.0,279.7,36.6,-2.0,,,,
85.139,6,Atta_6,1826.2,1072.3,351.0,34.5,1.1,,,,
85.139,7,Atta_7,1522.5,2419.4,329.3,-31.6,-1.8,,,,
85.139,8,Atta_8,1787.8,1951.8,45.7,26.3,2.2,,,,
85.139,9,Atta_9,3210.5,2170.9,67.8,11.2,1.8,,,,
85.139,10,Atta_10,1580.9,2221.2,28.6,-58.2,2.3,,,,
85.204,1,Atta_1,1508.8,2059.6,334.0,86.5,0.7,,,,
85.204,2,Atta_2,1800.8,491.0,298.8,-33.8,1.6,,,,
85.204,3,Atta_3,2240.9,680.2,352.9,52.7,-3.1,,,,
85.204,4,Atta_4,1498.3,655.6,359.9,17.9,-3.2,,,,
85.204,5,Atta_5,1781.5,1331.4,279.8,-44.7,0.1,,,,
85.204,6,Atta_6,1819.9,990.7,354.1,81.8,3.1,,,,
85.204,7,Atta_7,1589.4,2383.5,323.3,75.9,-6.0,,,,
85.204,8,Atta_8,1821.8,2010.8,51.3,68.1,5.6,,,,
85.204,9,Atta_9,3182.4,2150.4,78.0,-34.8,10.2,,,,
85.204,10,Atta_10,1601.0,2310.3,26.3,91.3,-2.3,,,,
85.273,1,Atta_1,1546.1,2164.3,333.9,-111.1,-0.1,,,,
85.273,2,Atta_2,1835.4,487.6,299.2,34.8,0.4,,,,
85.273,3,Atta_3,2209.6,667.9,352.7,-33.6,-0.2,,,,
85.273,4,Atta_4,1555.6,642.3,2.8,58.8,2.9,,,,
85.273,5,Atta_5,1781.8,1287.5,285.4,43.9,5.6,,,,
85.273,6,Atta_6,1861.8,1088.1,350.0,106.0,-4.1,,,,
85.273,7,Atta_7,1530.6,2446.2,318.4,-86.0,-4.9,,,,
85.273,8,Atta_8,1836.9,1939.4,55.5,-73.0,4.2,,,,
85.273,9,Atta_9,3224.4,2232.9,81.6,92.6,3.6,,,,
85.273,10,Atta_10,1563.9,2237.2,28.4,-82.0,2.1,,,,
85.361,1,Atta_1,1543.6,2110.9,331.4,53.5,-2.5,,,,
85.361,2,Atta_2,1843.9,437.8,299.2,50.5,0.0,,,,
85.361,3,Atta_3,2228.7,641.7,352.4,32.4,-0.3,,,,
85.361,4,Atta_4,1537.7,633.1,2.5,-20.1,-0.3,,,,
85.361,5,Atta_5,1839.2,1344.1,270.3,-80.6,-15.1,,,,
85.361,6,Atta_6,1816.4,1013.8,353.0,-87.1,3.0,,,,
85.361,7,Atta_7,1496.0,2425.1,307.6,-40.5,-10.8,,,,
85.361,8,Atta_8,1809.4,1976.8,65.0,46.4,9.5,,,,
85.361,9,Atta_9,3206.3,2184.3,87.4,-51.9,5.8,,,,
85.361,10,Atta_10,1608.4,2283.9,27.7,64.5,-0.7,,,,
85.48,1,Atta_1,1566.9,2091.6,335.7,30.3,4.3,,,,
85.48,2,Atta_2,1856.3,428.1,302.3,15.7,3.1,,,,
85.48,3,Atta_3,2256.9,673.1,355.5,42.2,3.1,,,,
85.48,4,Atta_4,1554.4,705.7,2.2,74.5,-0.3,,,,
85.48,5,Atta_5,1895.3,1345.3,258.9,-56.1,-11.4,,,,
85.48,6,Atta_6,1823.1,1093.2,352.7,-79.7,-0.3,,,,
85.48,7,Atta_7,1597.6,2456.0,308.7,106.2,1.1,,,,
85.48,8,Atta_8,1821.9,1894.6,65.0,-83.1,0.0,,,,
85.48,9,Atta_9,3225.3,2239.7,93.4,58.6,6.0,,,,
85.48,10,Atta_10,1606.9,2315.1,26.5,31.2,-1.2,,,,
85.549,1,Atta_1,1484.3,2156.3,331.7,-104.9,-4.0,,,,
85.549,2,Atta_2,1891.0,455.2,303.9,-44.0,1.6,,,,
85.549,3,Atta_3,2272.1,660.4,350.8,19.8,-4.7,,,,
85.549,4,Atta_4,1566.2,657.7,0.9,49.4,-1.3,,,,
85.549,5,Atta_5,1790.2,1394.8,260.5,-116.2,1.6,,,,
85.549,6,Atta_6,1879.4,1003.9,352.8,105.6,0.1,,,,
85.549,7,Atta_7,1519.8,2428.7,298.8,-82.5,-9.9,,,,
85.549,8,Atta_8,1821.1,1997.2,65.3,102.6,0.3,,,,
85.549,9,Atta_9,3192.3,2195.7,101.5,-55.0,8.1,,,,
85.549,10,Atta_10,1631.5,2347.0,24.0,40.3,-2.5,,,,
85.686,1,Atta_1,1569.8,2099.5,332.8,102.6,1.1,,,,
85.686,2,Atta_2,1872.9,398.5,308.2,59.5,4.3,,,,
85.686,3,Atta_3,2322.1,645.1,351.8,52.3,1.0,,,,
85.686,4,Atta_4,1620.4,679.9,2.4,58.6,1.5,,,,
85.686,5,Atta_5,1840.4,1370.5,260.5,55.8,0.0,,,,
85.686,6,Atta_6,1847.9,1016.3,355.1,-33.9,2.3,,,,
85.686,7,Atta_7,1528.1,2360.3,290.8,68.9,-8.0,,,,
85.686,8,Atta_8,1842.1,1971.1,64.8,-33.5,-0.5,,,,
85.686,9,Atta_9,3195.4,2211.4,106.3,16.0,4.8,,,,
85.686,10,Atta_10,1710.9,2373.3,26.2,83.6,2.2,,,,
85.753,1,Atta_1,1620.5,2121.9,333.9,55.4,1.1,,,,
85.753,2,Atta_2,1845.6,429.9,308.7,-41.6,0.5,,,,
85.753,3,Atta_3,2283.9,663.4,354.6,-42.4,2.8,,,,
85.753,4,Atta_4,1614.9,658.9,359.2,-21.7,-3.2,,,,
85.753,5,Atta_5,1826.6,1423.1,261.1,-54.4,0.6,,,,
85.753,6,Atta_6,1906.6,1044.6,354.8,65.2,-0.3,,,,
85.753,7,Atta_7,1500.7,2399.4,290.0,-47.7,-0.8,,,,
85.753,8,Atta_8,1817.2,1934.9,66.6,-43.9,1.8,,,,
85.753,9,Atta_9,3193.9,2215.1,112.8,4.0,6.5,,,,
85.753,10,Atta_10,1616.2,2268.1,29.6,-141.5,3.4,,,,
85.821,1,Atta_1,1562.7,2123.8,334.7,-57.8,0.8,,,,
85.821,2,Atta_2,1893.3,333.4,314.8,107.6,6.1,,,,
85.821,3,Atta_3,2276.2,638.8,353.7,-25.8,-0.9,,,,
85.821,4,Atta_4,1545.8,587.2,0.6,-99.6,1.4,,,,
85.821,5,Atta_5,1813.5,1431.2,259.7,-15.4,-1.4,,,,
85.821,6,Atta_6,1814.9,1061.5,354.6,-93.2,-0.2,,,,
85.821,7,Atta_7,1570.3,2473.6,283.4,-101.7,-6.6,,,,
85.821,8,Atta_8,1789.1,1998.0,67.4,69.1,0.8,,,,
85.821,9,Atta_9,3223.9,2153.7,116.3,-68.3,3.5,,,,
85.821,10,Atta_10,1628.9,2304.9,34.5,38.9,4.9,,,,
85.872,1,Atta_1,1598.6,2053.4,330.9,79.0,-3.8,,,,
85.872,2,Atta_2,1823.7,390.0,320.6,-89.7,5.8,,,,
85.872,3,Atta_3,2316.7,642.8,353.5,40.7,-0.2,,,,
85.872,4,Atta_4,1559.5,619.8,0.9,35.4,0.3,,,,
85.872,5,Atta_5,1824.3,1387.4,261.5,45.1,1.8,,,,
85.872,6,Atta_6,1873.0,1019.1,352.8,71.9,-1.8,,,,
85.872,7,Atta_7,1534.4,2403.9,279.2,78.4,-4.2,,,,
85.872,8,Atta_8,1820.5,1957.6,63.7,-51.2,-3.7,,,,
85.872,9,Atta_9,3188.9,2259.5,121.5,111.4,5.2,,,,
85.872,10,Atta_10,1609.1,2255.6,33.3,-53.1,-1.2,,,,
85.94,1,Atta_1,1614.6,2151.5,327.8,-99.4,-3.1,,,,
85.94,2,Atta_2,1779.0,412.9,324.5,-50.2,3.9,,,,
85.94,3,Atta_3,2358.0,677.6,356.7,54.0,3.2,,,,
85.94,4,Atta_4,1588.2,611.8,2.4,29.8,1.5,,,,
85.94,5,Atta_5,1826.3,1474.2,260.0,-86.8,-1.5,,,,
85.94,6,Atta_6,1899.3,1054.1,350.6,43.8,-2.2,,,,
85.94,7,Atta_7,1494.8,2411.1,276.6,-40.2,-2.6,,,,
85.94,8,Atta_8,1820.5,1994.5,63.1,36.9,-0.6,,,,
85.94,9,Atta_9,3135.5,2195.3,122.2,-83.5,0.7,,,,
85.94,10,Atta_10,1627.5,2279.2,31.1,29.9,-2.2,,,,
86.009,1,Atta_1,1528.3,2079.5,331.3,-112.4,3.5,,,,
86.009,2,Atta_2,1866.3,418.2,329.2,87.5,4.7,,,,
86.009,3,Atta_3,2343.1,679.5,352.1,-15.0,-4.6,,,,
86.009,4,Atta_4,1567.3,600.0,0.6,-24.0,-1.8,,,,
86.009,5,Atta_5,1865.2,1446.3,259.2,47.9,-0.8,,,,
86.009,6,Atta_6,1868.9,1101.3,353.3,-56.1,2.7,,,,
86.009,7,Atta_7,1553.3,2421.6,279.2,-59.4,2.6,,,,
86.009,8,Atta_8,1818.3,2037.4,64.7,43.0,1.6,,,,
86.009,9,Atta_9,3206.5,2149.5,131.4,-84.5,9.2,,,,
86.009,10,Atta_10,1623.9,2243.2,30.0,-36.2,-1.1,,,,
86.075,1,Atta_1,1531.6,2129.4,330.8,-50.0,-0.5,,,,
86.075,2,Atta_2,1875.2,439.2,333.8,-22.8,4.6,,,,
86.075,3,Atta_3,2354.4,646.1,351.3,35.3,-0.8,,,,
86.075,4,Atta_4,1557.4,648.7,0.9,-49.7,0.3,,,,
86.075,5,Atta_5,1823.2,1449.5,261.7,42.1,2.5,,,,
86.075,6,Atta_6,1867.4,1113.1,358.0,-11.9,4.7,,,,
86.075,7,Atta_7,1526.2,2420.1,280.6,-27.1,1.4,,,,
86.075,8,Atta_8,1851.0,2058.1,63.3,38.7,-1.4,,,,
86.075,9,Atta_9,3175.3,2215.2,131.6,72.7,0.2,,,,
86.075,10,Atta_10,1642.2,2253.1,32.4,20.8,2.4,,,,
86.141,1,Atta_1,1534.2,2124.1,330.3,5.9,-0.5,,,,
86.141,2,Atta_2,1828.4,344.9,339.0,-105.3,5.2,,,,
86.141,3,Atta_3,2348.3,652.2,352.5,-8.6,1.2,,,,
86.141,4,Atta_4,1514.4,618.4,1.3,-52.6,0.4,,,,
86.141,5,Atta_5,1821.5,1395.6,263.9,53.9,2.2,,,,
86.141,6,Atta_6,1862.1,1049.3,354.0,-64.0,-4.0,,,,
86.141,7,Atta_7,1572.5,2427.8,282.7,46.9,2.1,,,,
86.141,8,Atta_8,1828.9,2119.9,68.1,65.6,4.8,,,,
86.141,9,Atta_9,3197.4,2119.4,139.9,-98.3,8.3,,,,
86.141,10,Atta_10,1595.8,2264.2,33.5,-47.7,1.1,,,,
86.207,1,Atta_1,1582.9,2149.2,327.5,54.8,-2.8,,,,
86.207,2,Atta_2,1803.9,410.0,344.8,-69.6,5.8,,,,
86.207,3,Atta_3,2411.2,600.8,354.5,81.2,2.0,,,,
86.207,4,Atta_4,1496.8,664.5,4.0,-49.3,2.7,,,,
86.207,5,Atta_5,1853.5,1438.1,264.8,-53.2,0.9,,,,
86.207,6,Atta_6,1818.8,1015.8,352.8,-54.7,-1.2,,,,
86.207,7,Atta_7,1536.5,2446.4,283.4,-40.5,0.7,,,,
86.207,8,Atta_8,1831.0,2014.0,62.9,-105.9,-5.2,,,,
86.207,9,Atta_9,3181.6,2210.4,146.7,92.4,6.8,,,,
86.207,10,Atta_10,1555.1,2244.6,26.0,-45.2,-7.5,,,,
86.272,1,Atta_1,1506.7,2144.3,328.6,-76.4,1.1,,,,
86.272,2,Atta_2,1846.1,417.6,346.5,42.9,1.7,,,,
86.272,3,Atta_3,2355.2,589.1,352.2,-57.2,-2.3,,,,
86.272,4,Atta_4,1545.5,592.8,10.8,86.7,6.8,,,,
86.272,5,Atta_5,1811.1,1443.2,266.1,-42.7,1.3,,,,
86.272,6,Atta_6,1791.1,1009.5,353.2,-28.4,0.4,,,,
86.272,7,Atta_7,1557.4,2383.9,275.8,65.9,-7.6,,,,
86.272,8,Atta_8,1834.8,2072.3,65.1,58.4,2.2,,,,
86.272,9,Atta_9,3182.9,2232.4,146.6,22.0,-0.1,,,,
86.272,10,Atta_10,1555.2,2269.3,21.4,24.7,-4.6,,,,
86.339,1,Atta_1,1498.7,2169.9,331.6,-26.8,3.0,,,,
86.339,2,Atta_2,1871.8,446.2,349.5,38.5,3.0,,,,
86.339,3,Atta_3,2406.3,645.2,354.1,75.9,1.9,,,,
86.339,4,Atta_4,1533.5,631.1,13.1,-40.1,2.3,,,,
86.339,5,Atta_5,1834.8,1510.4,261.4,-71.3,-4.7,,,,
86.339,6,Atta_6,1784.8,1022.3,349.7,-14.3,-3.5,,,,
86.339,7,Atta_7,1537.6,2422.3,274.7,-43.2,-1.1,,,,
86.339,9,Atta_9,3187.8,2166.0,146.2,-66.6,-0.4,,,,
86.339,10,Atta_10,1605.2,2232.1,19.0,62.3,-2.4,,,,
86.408,1,Atta_1,1513.4,2182.2,330.5,19.2,-1.1,,,,
86.408,2,Atta_2,1881.9,390.0,357.5,57.1,8.0,,,,
86.408,3,Atta_3,2450.2,625.3,355.3,48.2,1.2,,,,
86.408,4,Atta_4,1540.7,679.5,20.6,48.9,7.5,,,,
86.408,5,Atta_5,1802.4,1455.9,267.7,63.4,6.3,,,,
86.408,6,Atta_6,1823.5,1024.8,345.3,38.8,-4.4,,,,
86.408,7,Atta_7,1529.8,2371.2,281.8,51.7,7.1,,,,
86.408,8,Atta_8,1817.1,2005.1,65.9,-69.5,0.8,,,,
86.408,9,Atta_9,3233.1,2235.3,145.4,82.8,-0.8,,,,
86.408,10,Atta_10,1583.7,2279.6,15.5,-52.1,-3.5,,,,
86.458,1,Atta_1,1540.7,2106.9,331.4,80.1,0.9,,,,
86.458,2,Atta_2,1860.4,440.8,359.0,-55.2,1.5,,,,
86.458,3,Atta_3,2394.2,676.6,354.1,-75.9,-1.2,,,,
86.458,4,Atta_4,1512.9,674.8,23.1,-28.2,2.5,,,,
86.458,5,Atta_5,1832.3,1485.9,271.7,-42.4,4.0,,,,
86.458,6,Atta_6,1849.6,1045.2,341.1,33.1,-4.2,,,,
86.458,7,Atta_7,1508.8,2379.9,278.7,-22.7,-3.1,,,,
86.458,8,Atta_8,1819.1,2062.9,65.9,57.8,0.0,,,,
86.458,9,Atta_9,3161.0,2214.6,142.7,75.0,-2.7,,,,
86.458,10,Atta_10,1564.4,2230.1,12.6,-53.1,-2.9,,,,
86.527,1,Atta_1,1509.2,2162.0,328.8,-63.5,-2.6,,,,
86.527,2,Atta_2,1836.7,393.8,359.9,-52.6,0.9,,,,
86.527,3,Atta_3,2446.7,671.0,351.8,52.8,-2.3,,,,
86.527,4,Atta_4,1537.2,684.5,30.0,26.2,6.9,,,,
86.527,5,Atta_5,1862.3,1466.2,274.9,35.9,3.2,,,,
86.527,6,Atta_6,1811.5,1025.8,339.2,-42.8,-1.9,,,,
86.527,7,Atta_7,1522.4,2432.9,275.0,-54.7,-3.7,,,,
86.527,8,Atta_8,1870.6,2107.8,57.8,68.3,-8.1,,,,
86.527,9,Atta_9,3198.1,2208.6,146.5,-37.6,3.8,,,,
86.527,10,Atta_10,1615.8,2217.9,6.0,52.8,-6.6,,,,
86.596,1,Atta_1,1490.7,2209.3,324.3,-50.8,-4.5,,,,
86.596,2,Atta_2,1832.8,390.5,0.1,-5.1,0.2,,,,
86.596,3,Atta_3,2445.5,586.1,352.3,84.9,0.5,,,,
86.596,4,Atta_4,1511.5,598.8,34.4,-89.5,4.4,,,,
86.596,5,Atta_5,1827.2,1454.4,279.6,37.0,4.7,,,,
86.596,6,Atta_6,1790.9,1020.5,336.5,-21.3,-2.7,,,,
86.596,7,Atta_7,1542.9,2406.3,279.6,33.6,4.6,,,,
86.596,8,Atta_8,1847.4,2106.9,56.3,-23.2,-1.5,,,,
86.596,9,Atta_9,3140.5,2188.0,148.0,61.2,1.5,,,,
86.596,10,Atta_10,1576.6,2247.4,2.5,-49.1,-3.5,,,,
86.665,1,Atta_1,1519.7,2182.9,327.9,39.2,3.6,,,,
86.665,2,Atta_2,1907.8,380.6,357.0,75.7,-3.1,,,,
86.665,3,Atta_3,2514.0,660.7,355.9,101.3,3.6,,,,
86.665,4,Atta_4,1534.2,610.8,37.1,25.7,2.7,,,,
86.665,5,Atta_5,1837.9,1463.1,288.6,-13.8,9.0,,,,
86.665,6,Atta_6,1857.5,1063.7,325.1,79.4,-11.4,,,,
86.665,7,Atta_7,1521.3,2429.1,280.3,-31.4,0.7,,,,
86.665,8,Atta_8,1810.5,2061.3,46.4,-58.7,-9.9,,,,
86.665,9,Atta_9,3156.6,2231.9,145.2,46.8,-2.8,,,,
86.665,10,Atta_10,1600.4,2257.3,356.9,25.8,-5.6,,,,
86.732,1,Atta_1,1459.6,2191.5,327.5,-60.7,-0.4,,,,
86.732,2,Atta_2,1876.2,429.1,0.7,-57.9,3.7,,,,
86.732,3,Atta_3,2490.4,622.7,348.4,-44.7,-7.5,,,,
86.732,4,Atta_4,1514.1,642.5,42.4,37.5,5.3,,,,
86.732,5,Atta_5,1856.9,1409.4,291.3,57.0,2.7,,,,
86.732,6,Atta_6,1839.7,1036.3,320.4,32.7,-4.7,,,,
86.732,7,Atta_7,1493.0,2445.6,277.5,-32.8,-2.8,,,,
86.732,8,Atta_8,1867.3,2096.2,45.9,66.7,-0.5,,,,
86.732,9,Atta_9,3118.9,2226.2,147.4,38.1,2.2,,,,
86.732,10,Atta_10,1593.9,2207.0,353.4,-50.7,-3.5,,,,
86.782,1,Atta_1,1465.9,2144.0,321.9,47.9,-5.6,,,,
86.782,2,Atta_2,1885.7,362.2,2.8,67.6,2.1,,,,
86.782,3,Atta_3,2510.6,612.5,352.1,22.6,3.7,,,,
86.782,4,Atta_4,1544.9,663.8,45.8,37.4,3.4,,,,
86.782,5,Atta_5,1857.9,1419.9,293.8,-10.5,2.5,,,,
86.782,6,Atta_6,1771.0,1048.2,318.4,-69.7,-2.0,,,,
86.782,7,Atta_7,1484.2,2454.9,277.6,-12.8,0.1,,,,
86.782,8,Atta_8,1844.6,2097.9,42.1,-22.8,-3.8,,,,
86.782,9,Atta_9,3135.7,2159.2,144.7,-69.1,-2.7,,,,
86.782,10,Atta_10,1577.5,2257.8,346.1,-53.4,-7.3,,,,
86.901,1,Atta_1,1490.4,2127.1,318.9,29.8,-3.0,,,,
86.901,2,Atta_2,1857.2,451.0,1.5,-93.3,-1.3,,,,
86.901,3,Atta_3,2505.9,572.8,355.3,40.0,3.2,,,,
86.901,4,Atta_4,1556.3,657.7,50.6,12.9,4.8,,,,
86.901,5,Atta_5,1815.5,1428.9,297.8,-43.3,4.0,,,,
86.901,6,Atta_6,1851.8,1075.6,313.1,85.3,-5.3,,,,
86.901,7,Atta_7,1547.8,2454.2,276.2,63.6,-1.4,,,,
86.901,8,Atta_8,1817.8,2113.3,36.6,-30.9,-5.5,,,,
86.901,9,Atta_9,3127.0,2200.4,145.4,42.1,0.7,,,,
86.901,10,Atta_10,1551.4,2276.3,344.1,-32.0,-2.0,,,,
86.971,1,Atta_1,1445.3,2137.5,311.7,-46.3,-7.2,,,,
86.971,2,Atta_2,1891.5,389.4,1.3,70.5,-0.2,,,,
86.971,3,Atta_3,2538.1,602.0,352.6,43.5,-2.7,,,,
86.971,4,Atta_4,1527.9,602.1,55.9,-62.4,5.3,,,,
86.971,5,Atta_5,1861.2,1492.5,301.9,-78.3,4.1,,,,
86.971,6,Atta_6,1833.7,1068.8,311.5,-19.3,-1.6,,,,
86.971,7,Atta_7,1527.0,2476.9,269.9,-30.8,-6.3,,,,
86.971,8,Atta_8,1842.8,2044.3,32.7,-73.4,-3.9,,,,
86.971,9,Atta_9,3149.9,2177.2,146.7,-32.6,1.3,,,,
86.971,10,Atta_10,1594.2,2274.8,339.9,42.8,-4.2,,,,
87.037,1,Atta_1,1483.7,2176.2,307.2,-54.5,-4.5,,,,
87.037,2,Atta_2,1916.8,358.3,3.2,40.1,1.9,,,,
87.037,3,Atta_3,2541.5,611.6,351.5,10.2,-1.1,,,,
87.037,4,Atta_4,1545.8,697.7,59.4,97.3,3.5,,,,
87.037,5,Atta_5,1809.6,1416.6,307.5,91.8,5.6,,,,
87.037,6,Atta_6,1855.1,997.2,302.5,74.7,-9.0,,,,
87.037,7,Atta_7,1522.6,2452.0,267.9,25.3,-2.0,,,,
87.037,8,Atta_8,1836.6,2061.0,30.8,17.8,-1.9,,,,
87.037,9,Atta_9,3173.3,2253.0,144.5,79.3,-2.2,,,,
87.037,10,Atta_10,1575.4,2250.5,332.9,-30.7,-7.0,,,,
87.103,1,Atta_1,1478.4,2145.2,301.1,31.4,-6.1,,,,
87.103,2,Atta_2,1859.4,421.8,1.8,-85.6,-1.4,,,,
87.103,3,Atta_3,2539.7,670.1,352.2,-58.5,0.7,,,,
87.103,4,Atta_4,1499.5,595.9,60.4,-111.8,1.0,,,,
87.103,5,Atta_5,1834.1,1442.7,312.6,-35.8,5.1,,,,
87.103,6,Atta_6,1819.2,1043.0,300.0,-58.2,-2.5,,,,
87.103,7,Atta_7,1448.8,2529.0,260.1,-106.7,-7.8,,,,
87.103,8,Atta_8,1894.7,2049.4,24.6,59.2,-6.2,,,,
87.103,9,Atta_9,3161.9,2284.6,148.7,33.6,4.2,,,,
87.103,10,Atta_10,1601.1,2300.1,335.9,55.9,3.0,,,,
87.172,1,Atta_1,1512.5,2171.3,302.3,-42.9,1.2,,,,
87.172,2,Atta_2,1923.3,385.1,1.3,73.7,-0.5,,,,
87.172,3,Atta_3,2571.0,643.0,349.0,41.4,-3.2,,,,
87.172,4,Atta_4,1525.8,617.7,60.4,34.2,0.0,,,,
87.172,5,Atta_5,1824.3,1464.7,315.0,-24.1,2.4,,,,
87.172,6,Atta_6,1820.9,1045.7,292.5,-3.2,-7.5,,,,
87.172,7,Atta_7,1484.2,2469.9,257.0,68.9,-3.1,,,,
87.172,8,Atta_8,1853.6,2123.5,21.0,-84.7,-3.6,,,,
87.172,9,Atta_9,3056.3,2177.1,150.4,150.7,1.7,,,,
87.172,10,Atta_10,1527.0,2206.4,334.5,-119.5,-1.4,,,,
87.24,1,Atta_1,1411.9,2140.2,298.8,-105.3,-3.5,,,,
87.24,2,Atta_2,1918.7,422.0,359.0,-37.2,-2.3,,,,
87.24,3,Atta_3,2515.4,672.1,353.5,-62.8,4.5,,,,
87.24,4,Atta_4,1518.3,674.1,60.6,56.9,0.2,,,,
87.24,5,Atta_5,1807.4,1478.5,321.6,-21.8,6.6,,,,
87.24,6,Atta_6,1807.5,1072.3,297.6,-29.8,5.1,,,,
87.24,7,Atta_7,1554.5,2492.7,253.1,-73.9,-3.9,,,,
87.24,8,Atta_8,1852.2,2074.2,14.6,-49.3,-6.4,,,,
87.24,9,Atta_9,3173.6,2219.9,153.2,-124.9,2.8,,,,
87.24,10,Atta_10,1567.4,2191.1,332.1,43.2,-2.4,,,,
87.295,1,Atta_1,1481.4,2203.5,295.1,-94.0,-3.7,,,,
87.295,2,Atta_2,1935.2,402.0,0.9,25.9,1.9,,,,
87.295,3,Atta_3,2581.9,646.2,357.8,71.4,4.3,,,,
87.295,4,Atta_4,1539.5,672.3,58.4,21.3,-2.2,,,,
87.295,5,Atta_5,1804.8,1505.6,327.2,-27.2,5.6,,,,
87.295,6,Atta_6,1810.4,1012.3,294.5,60.1,-3.1,,,,
87.295,7,Atta_7,1476.2,2453.8,249.1,87.4,-4.0,,,,
87.295,8,Atta_8,1840.3,2087.8,11.4,-18.1,-3.2,,,,
87.295,9,Atta_9,3102.0,2174.7,160.4,84.7,7.2,,,,
87.295,10,Atta_10,1602.4,2249.2,335.7,67.8,3.6,,,,
87.365,1,Atta_1,1460.6,2190.2,288.2,24.7,-6.9,,,,
87.365,2,Atta_2,1914.5,415.0,0.1,-24.4,-0.8,,,,
87.365,3,Atta_3,2536.3,693.0,354.7,-65.3,-3.1,,,,
87.365,4,Atta_4,1535.3,670.1,58.9,-4.7,0.5,,,,
87.365,5,Atta_5,1829.2,1464.3,332.7,48.0,5.5,,,,
87.365,6,Atta_6,1822.5,1072.6,292.3,-61.5,-2.2,,,,
87.365,7,Atta_7,1522.3,2541.6,242.3,-99.2,-6.8,,,,
87.365,8,Atta_8,1822.2,2051.6,7.3,-40.5,-4.1,,,,
87.365,9,Atta_9,3101.1,2236.0,166.3,61.3,5.9,,,,
87.365,10,Atta_10,1543.2,2239.0,335.1,-60.1,-0.6,,,,
87.43,1,Atta_1,1516.9,2179.1,282.8,57.4,-5.4,,,,
87.43,2,Atta_2,1914.2,402.8,2.9,-12.2,2.8,,,,
87.43,3,Atta_3,2553.7,619.5,356.7,75.5,2.0,,,,
87.43,4,Atta_4,1527.9,705.9,62.2,36.6,3.3,,,,
87.43,5,Atta_5,1801.4,1440.8,334.3,-36.4,1.6,,,,
87.43,6,Atta_6,1842.4,1075.1,297.1,20.1,4.8,,,,
87.43,7,Atta_7,1457.7,2485.0,244.1,85.9,1.8,,,,
87.43,8,Atta_8,1884.5,2072.0,9.0,65.6,1.7,,,,
87.43,9,Atta_9,3155.1,2195.1,166.5,-67.7,0.2,,,,
87.43,10,Atta_10,1635.6,2289.3,336.7,105.2,1.6,,,,
87.496,1,Atta_1,1439.4,2143.1,275.6,85.5,-7.2,,,,
87.496,2,Atta_2,2024.2,424.0,2.0,112.0,-0.9,,,,
87.496,3,Atta_3,2589.0,622.3,353.8,35.4,-2.9,,,,
87.496,4,Atta_4,1528.3,642.6,59.8,-63.3,-2.4,,,,
87.496,5,Atta_5,1849.4,1472.0,340.8,57.2,6.5,,,,
87.496,6,Atta_6,1814.0,1019.1,298.5,62.8,1.4,,,,
87.496,7,Atta_7,1504.7,2491.3,233.6,-47.4,-10.5,,,,
87.496,8,Atta_8,1848.0,2097.1,5.0,-44.3,-4.0,,,,
87.496,9,Atta_9,3154.7,2246.1,174.1,51.0,7.6,,,,
87.496,10,Atta_10,1564.2,2212.3,337.1,-105.0,0.4,,,,
87.563,1,Atta_1,1509.6,2197.3,274.4,-88.7,-1.2,,,,
87.563,2,Atta_2,1994.3,418.5,2.9,-30.4,0.9,,,,
87.563,3,Atta_3,2631.5,645.1,350.5,48.2,-3.3,,,,
87.563,4,Atta_4,1566.6,638.5,59.3,38.5,-0.5,,,,
87.563,5,Atta_5,1847.6,1450.3,342.4,21.8,1.6,,,,
87.563,6,Atta_6,1789.0,1014.5,295.7,-25.4,-2.8,,,,
87.563,7,Atta_7,1533.0,2464.8,234.5,38.8,0.9,,,,
87.563,8,Atta_8,1801.8,2069.7,4.6,-53.7,-0.4,,,,
87.563,9,Atta_9,3093.1,2226.3,178.7,64.7,4.6,,,,
87.563,10,Atta_10,1665.6,2247.2,332.4,107.2,-4.7,,,,
87.629,1,Atta_1,1454.7,2209.7,265.4,-56.3,-9.0,,,,
87.629,2,Atta_2,2012.1,436.9,359.9,25.6,-3.0,,,,
87.629,3,Atta_3,2619.3,608.3,351.3,-38.8,0.8,,,,
87.629,4,Atta_4,1483.9,673.4,59.0,-89.8,-0.3,,,,
87.629,5,Atta_5,1861.9,1481.4,348.2,34.2,5.8,,,,
87.629,6,Atta_6,1875.4,1044.9,292.1,91.6,-3.6,,,,
87.629,7,Atta_7,1530.9,2436.7,224.8,28.2,-9.7,,,,
87.629,8,Atta_8,1819.2,2067.2,5.6,17.6,1.0,,,,
87.629,9,Atta_9,3164.0,2241.4,184.9,-72.5,6.2,,,,
87.629,10,Atta_10,1591.9,2229.9,334.7,-75.7,2.3,,,,
87.698,1,Atta_1,1486.1,2143.5,265.4,73.3,0.0,,,,
87.698,2,Atta_2,2032.3,389.5,357.8,51.5,-2.1,,,,
87.698,3,Atta_3,2637.3,697.8,353.8,91.3,2.5,,,,
87.698,4,Atta_4,1607.0,713.5,56.4,129.5,-2.6,,,,
87.698,5,Atta_5,1819.2,1457.7,353.8,-48.8,5.6,,,,
87.698,6,Atta_6,1805.8,1018.3,293.6,-74.5,1.5,,,,
87.698,7,Atta_7,1487.1,2512.6,218.4,-87.6,-6.4,,,,
87.698,8,Atta_8,1908.4,2041.4,2.2,92.9,-3.4,,,,
87.698,9,Atta_9,3128.0,2213.6,191.2,45.5,6.3,,,,
87.698,10,Atta_10,1653.6,2239.2,336.2,62.4,1.5,,,,
87.764,1,Atta_1,1493.4,2208.8,260.3,-65.7,-5.1,,,,
87.764,2,Atta_2,2125.0,384.2,0.8,92.9,3.0,,,,
87.764,3,Atta_3,2681.8,648.6,352.1,66.3,-1.7,,,,
87.764,4,Atta_4,1491.1,714.9,57.0,-115.9,0.6,,,,
87.764,5,Atta_5,1866.4,1472.9,354.3,49.6,0.5,,,,
87.764,6,Atta_6,1815.5,986.2,297.8,33.5,4.2,,,,
87.764,7,Atta_7,1548.9,2524.2,219.9,-62.9,1.5,,,,
87.764,8,Atta_8,1878.6,2046.1,6.5,-30.2,4.3,,,,
87.764,9,Atta_9,3110.0,2212.1,192.8,18.1,1.6,,,,
87.764,10,Atta_10,1626.0,2225.9,334.5,-30.6,-1.7,,,,
87.83,1,Atta_1,1536.6,2141.1,257.5,80.3,-2.8,,,,
87.83,2,Atta_2,2035.9,430.8,0.4,-100.6,-0.4,,,,
87.83,3,Atta_3,2695.9,662.1,354.4,19.5,2.3,,,,
87.83,4,Atta_4,1621.4,782.2,59.6,146.7,2.6,,,,
87.83,5,Atta_5,1860.6,1441.1,355.3,-32.3,1.0,,,,
87.83,6,Atta_6,1838.8,954.8,295.0,39.1,-2.8,,,,
87.83,7,Atta_7,1505.2,2430.5,221.9,103.4,2.0,,,,
87.83,8,Atta_8,1875.3,2124.4,10.5,78.4,4.0,,,,
87.83,9,Atta_9,3144.2,2215.7,201.4,-34.4,8.6,,,,
87.83,10,Atta_10,1664.7,2290.3,329.1,75.1,-5.4,,,,
87.902,1,Atta_1,1551.5,2193.6,249.9,-54.6,-7.6,,,,
87.902,2,Atta_2,2036.5,400.1,1.0,30.7,0.6,,,,
87.902,3,Atta_3,2660.1,590.3,352.6,-80.2,-1.8,,,,
87.902,4,Atta_4,1527.3,703.3,60.4,-122.8,0.8,,,,
87.902,5,Atta_5,1855.9,1484.1,352.8,-43.3,-2.5,,,,
87.902,6,Atta_6,1842.4,1012.6,297.2,-57.9,2.2,,,,
87.902,7,Atta_7,1516.8,2393.9,222.0,38.4,0.1,,,,
87.902,8,Atta_8,1890.1,2037.1,4.5,-88.5,-6.0,,,,
87.902,9,Atta_9,3114.0,2214.8,203.1,30.2,1.7,,,,
87.902,10,Atta_10,1635.0,2233.8,329.3,63.8,0.2,,,,
87.965,1,Atta_1,1465.9,2147.7,246.5,97.1,-3.4,,,,
87.965,2,Atta_2,2099.0,424.7,357.9,67.2,-3.1,,,,
87.965,3,Atta_3,2678.4,614.4,354.9,30.3,2.3,,,,
87.965,4,Atta_4,1619.4,772.2,60.6,115.0,0.2,,,,
87.965,5,Atta_5,1869.4,1427.8,357.6,57.9,4.8,,,,
87.965,6,Atta_6,1825.5,964.5,294.5,51.0,-2.7,,,,
87.965,7,Atta_7,1517.5,2471.0,220.9,-77.1,-1.1,,,,
87.965,8,Atta_8,1920.1,2010.7,6.1,40.0,1.6,,,,
87.965,9,Atta_9,3136.7,2248.8,206.8,-40.9,3.7,,,,
87.965,10,Atta_10,1666.0,2191.3,329.7,52.6,0.4,,,,
88.015,1,Atta_1,1501.3,2221.7,239.4,-82.0,-7.1,,,,
88.015,2,Atta_2,2075.1,448.1,0.3,-33.4,2.4,,,,
88.015,3,Atta_3,2676.2,590.1,354.5,-24.4,-0.4,,,,
88.015,4,Atta_4,1564.3,771.6,59.1,-55.1,-1.5,,,,
88.015,5,Atta_5,1830.9,1450.1,351.8,-44.5,-5.8,,,,
88.015,6,Atta_6,1867.0,926.2,293.6,56.5,-0.9,,,,
88.015,7,Atta_7,1508.5,2466.5,221.8,10.1,0.9,,,,
88.015,8,Atta_8,1926.9,2145.9,8.4,135.4,2.3,,,,
88.015,9,Atta_9,3148.0,2261.8,211.8,-17.2,5.0,,,,
88.015,10,Atta_10,1532.8,2227.2,328.5,-138.0,-1.2,,,,
88.082,1,Atta_1,1482.2,2192.8,237.5,34.6,-1.9,,,,
88.082,2,Atta_2,2115.7,415.8,1.5,51.9,1.2,,,,
88.082,3,Atta_3,2730.9,561.4,352.0,61.8,-2.5,,,,
88.082,4,Atta_4,1605.1,779.9,61.3,41.6,2.2,,,,
88.082,5,Atta_5,1851.4,1413.1,353.6,42.3,1.8,,,,
88.082,6,Atta_6,1843.6,970.7,295.8,-50.3,2.2,,,,
88.082,7,Atta_7,1436.8,2431.6,221.1,79.7,-0.7,,,,
88.082,8,Atta_8,1953.5,2082.7,7.0,68.6,-1.4,,,,
88.082,9,Atta_9,3183.0,2213.7,217.6,-59.5,5.8,,,,
88.082,10,Atta_10,1616.2,2250.6,328.0,86.6,-0.5,,,,
88.152,1,Atta_1,1431.9,2122.1,235.1,86.8,-2.4,,,,
88.152,2,Atta_2,2073.3,427.4,3.0,-44.0,1.5,,,,
88.152,3,Atta_3,2734.5,627.8,356.2,-66.5,4.2,,,,
88.152,4,Atta_4,1610.1,775.3,54.5,-6.8,-6.8,,,,
88.152,5,Atta_5,1891.1,1465.5,356.7,65.7,3.1,,,,
88.152,6,Atta_6,1884.5,909.8,295.5,73.4,-0.3,,,,
88.152,7,Atta_7,1476.9,2408.4,220.4,-46.3,-0.7,,,,
88.152,8,Atta_8,1944.3,2160.5,6.8,78.3,-0.2,,,,
88.152,9,Atta_9,3170.9,2188.9,219.5,27.6,1.9,,,,
88.152,10,Atta_10,1565.9,2242.4,331.9,-51.0,3.9,,,,
88.221,1,Atta_1,1458.8,2205.2,232.5,-87.3,-2.6,,,,
88.221,2,Atta_2,2057.0,382.6,4.2,-47.7,1.2,,,,
88.221,3,Atta_3,2738.0,622.8,351.3,6.1,-4.9,,,,
88.221,4,Atta_4,1558.1,731.4,50.5,-68.1,-4.0,,,,
88.221,5,Atta_5,1895.1,1498.3,356.8,33.0,0.1,,,,
88.221,6,Atta_6,1838.5,931.7,297.1,-50.9,1.6,,,,
88.221,7,Atta_7,1554.1,2455.2,221.2,-90.3,0.8,,,,
88.221,8,Atta_8,1959.5,2036.5,8.3,124.9,1.5,,,,
88.221,9,Atta_9,3135.9,2231.0,222.1,54.7,2.6,,,,
88.221,10,Atta_10,1562.8,2265.8,329.3,-23.6,-2.6,,,,
88.288,1,Atta_1,1465.8,2167.0,235.0,38.8,2.5,,,,
88.288,2,Atta_2,2111.3,362.2,0.5,58.0,-3.7,,,,
88.288,3,Atta_3,2737.3,583.2,350.6,39.6,-0.7,,,,
88.288,4,Atta_4,1623.3,749.3,44.9,67.6,-5.6,,,,
88.288,5,Atta_5,1862.2,1456.4,354.8,-53.3,-2.0,,,,
88.288,6,Atta_6,1861.2,866.9,300.3,68.7,3.2,,,,
88.288,7,Atta_7,1503.0,2437.4,221.4,54.1,0.2,,,,
88.288,8,Atta_8,1944.9,2097.7,3.4,-62.9,-4.9,,,,
88.288,9,Atta_9,3156.2,2208.4,228.0,30.4,5.9,,,,
88.288,10,Atta_10,1535.5,2297.0,327.0,-41.5,-2.3,,,,
88.354,1,Atta_1,1408.9,2187.9,235.0,60.6,0.0,,,,
88.354,2,Atta_2,2109.8,394.8,2.3,-32.6,1.8,,,,
88.354,3,Atta_3,2742.5,581.2,349.3,5.6,-1.3,,,,
88.354,4,Atta_4,1505.6,717.3,44.6,-122.0,-0.3,,,,
88.354,5,Atta_5,1868.8,1457.1,354.6,6.6,-0.2,,,,
88.354,6,Atta_6,1844.8,968.6,304.0,-103.0,3.7,,,,
88.354,7,Atta_7,1506.9,2450.9,220.4,-14.1,-1.0,,,,
88.354,8,Atta_8,1974.0,2151.2,8.7,60.9,5.3,,,,
88.354,9,Atta_9,3125.3,2246.3,233.7,-48.9,5.7,,,,
88.354,10,Atta_10,1567.7,2293.3,330.2,32.4,3.2,,,,
88.42,1,Atta_1,1487.9,2152.1,233.1,-86.7,-1.9,,,,
88.42,2,Atta_2,2076.3,413.6,2.5,-38.4,0.2,,,,
88.42,3,Atta_3,2723.0,579.1,351.6,-19.6,2.3,,,,
88.42,4,Atta_4,1559.6,762.1,36.3,70.2,-8.3,,,,
88.42,5,Atta_5,1854.2,1476.0,355.6,-23.9,1.0,,,,
88.42,6,Atta_6,1828.5,953.2,307.4,22.4,3.4,,,,
88.42,7,Atta_7,1429.4,2417.6,221.6,84.4,1.2,,,,
88.42,8,Atta_8,1999.6,2049.6,7.4,104.8,-1.3,,,,
88.42,9,Atta_9,3080.5,2234.6,237.9,46.3,4.2,,,,
88.42,10,Atta_10,1565.7,2256.5,328.9,36.9,-1.3,,,,
88.554,1,Atta_1,1465.6,2168.7,233.1,27.8,0.0,,,,
88.554,2,Atta_2,2137.2,387.2,1.8,66.4,-0.7,,,,
88.554,3,Atta_3,2717.6,575.9,353.7,-6.3,2.1,,,,
88.554,4,Atta_4,1588.8,775.6,28.8,32.2,-7.5,,,,
88.554,5,Atta_5,1843.8,1455.5,355.9,-23.0,0.3,,,,
88.554,6,Atta_6,1865.1,935.6,318.3,40.6,10.9,,,,
88.554,7,Atta_7,1449.6,2392.7,220.5,32.1,-1.1,,,,
88.554,8,Atta_8,2025.8,2108.7,3.9,64.6,-3.5,,,,
88.554,9,Atta_9,3066.9,2198.3,246.3,38.8,8.4,,,,
88.554,10,Atta_10,1505.6,2292.8,326.3,-70.2,-2.6,,,,
88.619,1,Atta_1,1464.1,2179.9,236.0,-11.3,2.9,,,,
88.619,2,Atta_2,2109.4,420.8,4.5,-43.6,2.7,,,,
88.619,3,Atta_3,2806.3,685.3,353.4,140.8,-0.3,,,,
88.619,4,Atta_4,1555.4,768.1,21.9,-34.2,-6.9,,,,
88.619,5,Atta_5,1855.2,1431.6,354.5,26.5,-1.4,,,,
88.619,6,Atta_6,1836.4,977.6,325.2,-50.9,6.9,,,,
88.619,7,Atta_7,1401.5,2400.6,221.3,48.7,0.8,,,,
88.619,8,Atta_8,2019.8,2112.6,8.1,-7.2,4.2,,,,
88.619,9,Atta_9,3156.5,2190.4,252.0,-89.9,5.7,,,,
88.619,10,Atta_10,1554.6,2313.6,330.6,53.2,4.3,,,,
88.754,1,Atta_1,1454.1,2167.3,233.8,16.1,-2.2,,,,
88.754,2,Atta_2,2070.6,415.2,1.0,-39.2,-3.5,,,,
88.754,3,Atta_3,2778.8,645.9,352.1,-48.0,-1.3,,,,
88.754,4,Atta_4,1606.7,746.9,19.1,55.5,-2.8,,,,
88.754,5,Atta_5,1846.9,1452.7,354.0,-22.7,-0.5,,,,
88.754,6,Atta_6,1863.6,943.4,322.7,43.7,-2.5,,,,
88.754,7,Atta_7,1426.6,2401.2,221.9,-25.1,0.6,,,,
88.754,8,Atta_8,2007.7,2080.9,9.7,-33.9,1.6,,,,
88.754,9,Atta_9,3144.3,2212.5,250.5,-25.2,-1.5,,,,
88.754,10,Atta_10,1569.0,2301.8,331.1,18.6,0.5,,,,
88.822,1,Atta_1,1442.4,2132.0,238.9,37.2,5.1,,,,
88.822,2,Atta_2,2122.0,442.9,1.5,58.4,0.5,,,,
88.822,3,Atta_3,2853.9,628.4,353.8,77.1,1.7,,,,
88.822,4,Atta_4,1572.3,749.9,14.4,-34.5,-4.7,,,,
88.822,5,Atta_5,1801.0,1525.0,358.3,-85.6,4.3,,,,
88.822,6,Atta_6,1883.6,947.9,329.4,20.5,6.7,,,,
88.822,7,Atta_7,1400.0,2368.6,226.3,42.1,4.4,,,,
88.822,8,Atta_8,1963.4,2128.0,6.7,-64.7,-3.0,,,,
88.822,9,Atta_9,3155.1,2201.9,264.8,15.1,14.3,,,,
88.822,10,Atta_10,1552.6,2316.1,322.6,-21.8,-8.5,,,,
88.89,1,Atta_1,1440.0,2120.8,238.3,11.5,-0.6,,,,
88.89,2,Atta_2,2112.2,463.8,358.9,-23.1,-2.6,,,,
88.89,3,Atta_3,2860.5,521.5,350.8,107.1,-3.0,,,,
88.89,4,Atta_4,1623.4,728.8,11.3,55.3,-3.1,,,,
88.89,5,Atta_5,1756.7,1442.0,353.4,-94.1,-4.9,,,,
88.89,6,Atta_6,1822.1,972.5,337.8,-66.2,8.4,,,,
88.89,7,Atta_7,1469.8,2364.9,227.8,-69.9,1.5,,,,
88.89,8,Atta_8,2041.3,2141.8,5.8,79.1,-0.9,,,,
88.89,9,Atta_9,3141.1,2259.9,265.2,-59.7,0.4,,,,
88.89,10,Atta_10,1523.7,2271.0,323.5,53.6,0.9,,,,
88.942,1,Atta_1,1387.2,2110.8,238.3,53.7,0.0,,,,
88.942,2,Atta_2,2148.8,401.7,3.3,72.1,4.4,,,,
88.942,3,Atta_3,2827.4,589.9,352.2,-76.0,1.4,,,,
88.942,4,Atta_4,1591.5,741.2,3.7,-34.2,-7.6,,,,
88.942,5,Atta_5,1835.7,1470.7,0.4,84.1,7.0,,,,
88.942,6,Atta_6,1848.5,944.7,336.9,38.3,-0.9,,,,
88.942,7,Atta_7,1415.6,2355.4,232.8,55.0,5.0,,,,
88.942,8,Atta_8,2041.1,2157.6,5.8,15.8,0.0,,,,
88.942,9,Atta_9,3090.8,2238.2,267.2,54.8,2.0,,,,
88.942,10,Atta_10,1535.8,2301.8,315.2,-33.1,-8.3,,,,
89.012,1,Atta_1,1403.4,2100.5,234.3,19.2,-4.0,,,,
89.012,2,Atta_2,2169.2,383.9,6.1,27.1,2.8,,,,
89.012,3,Atta_3,2754.6,532.9,357.0,-92.5,4.8,,,,
89.012,4,Atta_4,1583.4,655.0,359.9,-86.6,-3.8,,,,
89.012,5,Atta_5,1857.7,1503.5,3.9,39.5,3.5,,,,
89.012,6,Atta_6,1904.6,934.2,345.0,57.1,8.1,,,,
89.012,7,Atta_7,1479.8,2369.6,236.3,-65.8,3.5,,,,
89.012,8,Atta_8,2077.7,2117.5,5.1,54.3,-0.7,,,,
89.012,9,Atta_9,3121.4,2252.9,273.0,-33.9,5.8,,,,
89.012,10,Atta_10,1589.7,2312.4,307.7,54.9,-7.5,,,,
89.083,1,Atta_1,1383.9,2138.4,239.0,-42.6,4.7,,,,
89.083,2,Atta_2,2156.7,361.5,359.8,-25.7,-6.3,,,,
89.083,3,Atta_3,2877.9,574.5,354.1,130.1,-2.9,,,,
89.083,4,Atta_4,1531.9,776.4,1.2,-131.9,1.3,,,,
89.083,5,Atta_5,1761.2,1495.3,8.8,-96.8,4.9,,,,
89.083,6,Atta_6,1872.7,962.8,352.7,-42.8,7.7,,,,
89.083,7,Atta_7,1401.8,2369.5,239.8,78.0,3.5,,,,
89.083,8,Atta_8,2113.7,2104.6,5.4,38.2,0.3,,,,
89.083,9,Atta_9,3151.9,2257.9,277.3,-30.9,4.3,,,,
89.083,10,Atta_10,1561.4,2329.6,302.8,-33.1,-4.9,,,,
89.144,1,Atta_1,1437.6,2089.7,238.7,72.5,-0.3,,,,
89.144,2,Atta_2,2238.2,466.0,3.1,132.5,3.3,,,,
89.144,3,Atta_3,2895.2,610.0,358.6,39.5,4.5,,,,
89.144,4,Atta_4,1572.6,770.4,7.1,41.1,5.9,,,,
89.144,5,Atta_5,1873.5,1482.1,14.3,113.1,5.5,,,,
89.144,6,Atta_6,1883.5,931.5,350.9,33.1,-1.8,,,,
89.144,7,Atta_7,1438.6,2411.8,247.7,-56.1,7.9,,,,
89.144,8,Atta_8,2119.7,2105.1,4.2,6.0,-1.2,,,,
89.144,9,Atta_9,3209.9,2243.3,285.9,59.8,8.6,,,,
89.144,10,Atta_10,1543.8,2231.2,301.2,100.0,-1.6,,,,
89.214,1,Atta_1,1390.6,2077.5,234.8,48.6,-3.9,,,,
89.214,2,Atta_2,2179.7,393.2,3.3,-93.4,0.2,,,,
89.214,3,Atta_3,2931.4,627.3,357.8,40.1,-0.8,,,,
89.214,4,Atta_4,1601.6,756.2,0.6,32.3,-6.5,,,,
89.214,5,Atta_5,1776.0,1471.8,16.3,-98.0,2.0,,,,
89.214,6,Atta_6,1833.8,894.3,354.7,-62.1,3.8,,,,
89.214,7,Atta_7,1440.7,2356.4,248.7,55.4,1.0,,,,
89.214,8,Atta_8,2102.1,2115.3,8.6,-20.3,4.4,,,,
89.214,9,Atta_9,3137.4,2239.9,282.9,-72.6,-3.0,,,,
89.214,10,Atta_10,1505.7,2259.9,294.3,-47.7,-6.9,,,,
89.283,1,Atta_1,1362.0,2071.8,236.8,29.2,2.0,,,,
89.283,2,Atta_2,2149.0,414.0,4.6,-37.1,1.3,,,,
89.283,3,Atta_3,2842.3,566.5,354.7,-107.9,-3.1,,,,
89.283,4,Atta_4,1560.6,718.5,358.8,-55.7,-1.8,,,,
89.283,5,Atta_5,1811.1,1485.2,20.7,37.6,4.4,,,,
89.283,6,Atta_6,1838.8,957.0,352.2,-62.9,-2.5,,,,
89.283,7,Atta_7,1448.0,2380.9,254.2,-25.6,5.5,,,,
89.283,8,Atta_8,2059.9,2123.4,6.8,-43.0,-1.8,,,,
89.283,9,Atta_9,3163.4,2279.0,285.3,-47.0,2.4,,,,
89.283,10,Atta_10,1498.9,2275.7,288.5,-17.2,-5.8,,,,
89.35,1,Atta_1,1433.7,2083.9,232.7,-72.7,-4.1,,,,
89.35,2,Atta_2,2205.0,410.4,0.3,56.1,-4.3,,,,
89.35,3,Atta_3,2825.3,574.3,352.9,-18.7,-1.8,,,,
89.35,4,Atta_4,1553.9,773.8,359.3,-55.7,0.5,,,,
89.35,5,Atta_5,1828.4,1530.2,27.2,48.2,6.5,,,,
89.35,6,Atta_6,1807.9,939.7,356.8,-35.4,4.6,,,,
89.35,7,Atta_7,1429.2,2342.4,261.6,42.8,7.4,,,,
89.35,8,Atta_8,2145.6,2094.0,5.1,90.6,-1.7,,,,
89.35,9,Atta_9,3102.0,2217.0,284.2,87.3,-1.1,,,,
89.35,10,Atta_10,1570.8,2272.3,286.2,72.0,-2.3,,,,
89.401,1,Atta_1,1333.2,2030.5,237.9,113.8,5.2,,,,
89.401,2,Atta_2,2222.8,362.8,3.4,50.8,3.1,,,,
89.401,3,Atta_3,2829.9,579.0,359.6,6.6,6.7,,,,
89.401,4,Atta_4,1569.9,789.7,359.5,22.6,0.2,,,,
89.401,5,Atta_5,1834.3,1472.8,32.2,-57.7,5.0,,,,
89.401,6,Atta_6,1843.5,900.8,1.5,52.7,4.7,,,,
89.401,7,Atta_7,1400.7,2386.8,260.3,-52.8,-1.3,,,,
89.401,8,Atta_8,2147.3,2203.1,7.9,109.1,2.8,,,,
89.401,9,Atta_9,3092.5,2157.8,288.3,60.0,4.1,,,,
89.401,10,Atta_10,1534.2,2315.6,281.0,-56.7,-5.2,,,,
89.47,1,Atta_1,1357.3,2081.9,235.3,-56.8,-2.6,,,,
89.47,2,Atta_2,2221.3,371.4,2.1,-8.7,-1.3,,,,
89.47,3,Atta_3,2855.0,605.5,356.2,36.5,-3.4,,,,
89.47,4,Atta_4,1582.9,780.6,1.4,15.9,1.9,,,,
89.47,5,Atta_5,1852.7,1434.1,34.6,-42.9,2.4,,,,
89.47,6,Atta_6,1861.5,890.2,355.6,20.9,-5.9,,,,
89.47,7,Atta_7,1437.9,2355.3,272.4,48.7,12.1,,,,
89.47,8,Atta_8,2159.0,2086.6,5.4,-117.1,-2.5,,,,
89.47,9,Atta_9,3112.0,2213.9,287.5,-59.4,-0.8,,,,
89.47,10,Atta_10,1509.9,2301.7,276.0,28.0,-5.0,,,,
89.538,1,Atta_1,1363.0,2004.4,234.0,77.7,-1.3,,,,
89.538,2,Atta_2,2248.9,396.8,7.4,37.5,5.3,,,,
89.538,3,Atta_3,2889.7,599.8,356.2,35.2,0.0,,,,
89.538,4,Atta_4,1602.3,836.0,2.1,58.7,0.7,,,,
89.538,5,Atta_5,1829.6,1462.7,37.4,-36.8,2.8,,,,
89.538,6,Atta_6,1832.6,920.0,358.2,-41.5,2.6,,,,
89.538,7,Atta_7,1463.5,2367.5,273.6,-28.4,1.2,,,,
89.538,8,Atta_8,2124.0,2098.7,8.8,-37.0,3.4,,,,
89.538,9,Atta_9,3113.4,2230.2,286.8,-16.4,-0.7,,,,
89.538,10,Atta_10,1564.7,2420.8,267.7,-131.1,-8.3,,,,
89.605,1,Atta_1,1363.4,2011.8,236.2,-7.4,2.2,,,,
89.605,2,Atta_2,2282.5,367.8,4.6,44.4,-2.8,,,,
89.605,3,Atta_3,2885.3,651.4,357.0,-51.8,0.8,,,,
89.605,4,Atta_4,1572.4,719.4,359.4,-120.4,-2.7,,,,
89.605,5,Atta_5,1842.3,1497.5,45.2,37.0,7.8,,,,
89.605,6,Atta_6,1859.4,936.3,358.2,31.4,0.0,,,,
89.605,7,Atta_7,1437.2,2426.9,279.0,-65.0,5.4,,,,
89.605,8,Atta_8,2161.7,2115.1,3.7,41.1,-5.1,,,,
89.605,9,Atta_9,3144.0,2235.1,290.0,31.0,3.2,,,,
89.605,10,Atta_10,1595.3,2340.0,263.4,86.4,-4.3,,,,
89.659,1,Atta_1,1347.5,1970.0,235.4,44.7,-0.8,,,,
89.659,2,Atta_2,2251.6,355.3,3.5,-33.3,-1.1,,,,
89.659,3,Atta_3,2919.2,608.2,355.2,54.9,-1.8,,,,
89.659,4,Atta_4,1576.2,780.2,358.1,60.9,-1.3,,,,
89.659,5,Atta_5,1830.8,1469.7,47.7,-30.1,2.5,,,,
89.659,6,Atta_6,1860.9,905.3,355.5,31.0,-2.7,,,,
89.659,7,Atta_7,1453.2,2337.5,285.9,90.8,6.9,,,,
89.659,8,Atta_8,2116.7,2145.6,11.0,-54.4,7.3,,,,
89.659,9,Atta_9,3106.7,2190.7,288.4,58.0,-1.6,,,,
89.659,10,Atta_10,1536.3,2293.1,263.0,75.4,-0.4,,,,
89.728,1,Atta_1,1363.2,2016.9,240.5,-49.5,5.1,,,,
89.728,2,Atta_2,2295.7,434.5,2.3,90.7,-1.2,,,,
89.728,3,Atta_3,2964.9,613.4,356.3,46.0,1.1,,,,
89.728,4,Atta_4,1565.2,696.7,0.4,-84.2,2.3,,,,
89.728,5,Atta_5,1749.5,1423.0,51.4,-93.8,3.7,,,,
89.728,6,Atta_6,1867.9,974.1,355.8,69.2,0.3,,,,
89.728,7,Atta_7,1369.7,2398.8,283.7,-103.6,-2.2,,,,
89.728,8,Atta_8,2219.4,2062.7,8.9,132.0,-2.1,,,,
89.728,9,Atta_9,3089.5,2271.5,287.0,-82.6,-1.4,,,,
89.728,10,Atta_10,1538.2,2288.2,259.5,5.3,-3.5,,,,
89.794,1,Atta_1,1386.6,1977.0,237.4,46.3,-3.1,,,,
89.794,2,Atta_2,2263.6,355.6,2.8,-85.2,0.5,,,,
89.794,3,Atta_3,2907.6,555.9,356.2,-81.2,-0.1,,,,
89.794,4,Atta_4,1541.0,781.2,356.6,-87.9,-3.8,,,,
89.794,5,Atta_5,1793.3,1422.2,50.3,43.8,-1.1,,,,
89.794,6,Atta_6,1902.6,967.5,358.9,35.3,3.1,,,,
89.794,7,Atta_7,1416.6,2372.7,292.6,53.7,8.9,,,,
89.794,8,Atta_8,2215.7,2084.2,9.3,-21.8,0.4,,,,
89.794,9,Atta_9,3163.7,2223.1,290.4,88.6,3.4,,,,
89.794,10,Atta_10,1476.0,2315.2,251.6,-67.8,-7.9,,,,
89.862,1,Atta_1,1360.5,2016.6,235.7,-47.4,-1.7,,,,
89.862,2,Atta_2,2293.6,396.7,359.3,50.9,-3.5,,,,
89.862,3,Atta_3,2916.4,523.9,354.3,33.2,-1.9,,,,
89.862,4,Atta_4,1544.9,737.6,359.6,43.8,3.0,,,,
89.862,5,Atta_5,1831.8,1472.1,51.4,63.0,1.1,,,,
89.862,6,Atta_6,1929.8,936.7,352.9,41.1,-6.0,,,,
89.862,7,Atta_7,1414.7,2393.2,295.4,-20.6,2.8,,,,
89.862,8,Atta_8,2255.1,2095.6,8.1,41.0,-1.2,,,,
89.862,9,Atta_9,3127.2,2179.3,286.9,57.0,-3.5,,,,
89.862,10,Atta_10,1498.1,2286.0,250.1,36.6,-1.5,,,,
89.928,1,Atta_1,1284.8,1939.9,236.9,107.8,1.2,,,,
89.928,2,Atta_2,2327.6,381.4,359.2,37.3,-0.1,,,,
89.928,3,Atta_3,2951.9,581.9,357.8,68.0,3.5,,,,
89.928,4,Atta_4,1612.9,791.7,2.2,86.9,2.6,,,,
89.928,5,Atta_5,1885.1,1442.5,50.9,61.0,-0.5,,,,
89.928,6,Atta_6,1934.2,918.4,357.0,18.8,4.1,,,,
89.928,7,Atta_7,1452.6,2393.3,302.0,37.9,6.6,,,,
89.928,8,Atta_8,2206.6,2089.5,8.5,-48.9,0.4,,,,
89.928,9,Atta_9,3161.1,2217.2,286.2,-50.8,-0.7,,,,
89.928,10,Atta_10,1514.8,2283.6,244.2,-16.9,-5.9,,,,
90.068,1,Atta_1,1318.9,1980.8,234.9,-53.3,-2.0,,,,
90.068,2,Atta_2,2376.4,471.7,0.8,102.6,1.6,,,,
90.068,3,Atta_3,2943.7,584.7,359.9,-8.7,2.1,,,,
90.068,4,Atta_4,1527.6,757.5,7.3,-91.9,5.1,,,,
90.068,5,Atta_5,1838.2,1469.2,50.6,-54.0,-0.3,,,,
90.068,6,Atta_6,1991.1,899.9,0.1,59.8,3.1,,,,
90.068,7,Atta_7,1390.6,2380.6,310.0,-63.3,8.0,,,,
90.068,8,Atta_8,2251.7,2125.9,5.7,58.0,-2.8,,,,
90.068,9,Atta_9,3172.3,2171.8,284.7,46.8,-1.5,,,,
90.068,10,Atta_10,1521.5,2329.7,238.4,-46.6,-5.8,,,,
90.139,1,Atta_1,1367.5,1916.5,239.7,80.6,4.8,,,,
90.139,2,Atta_2,2383.0,478.3,3.4,9.3,2.6,,,,
90.139,3,Atta_3,2956.1,603.0,357.9,22.1,-2.0,,,,
90.139,4,Atta_4,1556.0,772.6,13.3,32.2,6.0,,,,
90.139,5,Atta_5,1781.6,1467.9,53.4,-56.6,2.8,,,,
90.139,6,Atta_6,1982.0,962.3,357.1,-63.1,-3.0,,,,
90.139,7,Atta_7,1426.6,2329.6,314.9,62.4,4.9,,,,
90.139,8,Atta_8,2233.0,2130.3,8.1,-19.2,2.4,,,,
90.139,9,Atta_9,3098.9,2092.5,283.6,108.1,-1.1,,,,
90.139,10,Atta_10,1534.7,2282.6,238.7,48.9,0.3,,,,
90.205,1,Atta_1,1275.4,1993.7,235.1,-120.2,-4.6,,,,
90.205,2,Atta_2,2364.6,436.1,1.5,-46.0,-1.9,,,,
90.205,3,Atta_3,2984.8,586.4,356.4,33.2,-1.5,,,,
90.205,4,Atta_4,1587.0,727.8,14.9,54.5,1.6,,,,
90.205,5,Atta_5,1812.7,1496.2,47.6,42.0,-5.8,,,,
90.205,6,Atta_6,1952.7,930.4,357.1,-43.3,0.0,,,,
90.205,7,Atta_7,1412.9,2377.5,314.6,-49.8,-0.3,,,,
90.205,8,Atta_8,2302.4,2162.1,6.3,76.3,-1.8,,,,
90.205,9,Atta_9,3134.1,2133.8,287.2,-54.3,3.6,,,,
90.205,10,Atta_10,1515.2,2325.7,242.0,-47.3,3.3,,,,
90.27,1,Atta_1,1280.2,1967.8,236.4,26.3,1.3,,,,
90.27,2,Atta_2,2373.0,430.0,1.6,10.4,0.1,,,,
90.27,3,Atta_3,2983.1,524.2,351.0,62.2,-5.4,,,,
90.27,4,Atta_4,1476.9,768.4,15.6,-117.3,0.7,,,,
90.27,5,Atta_5,1891.2,1480.2,48.8,80.1,1.2,,,,
90.27,6,Atta_6,2021.5,905.4,353.7,73.2,-3.4,,,,
90.27,7,Atta_7,1451.2,2374.5,323.6,38.4,9.0,,,,
90.27,8,Atta_8,2304.5,2151.4,2.7,10.9,-3.6,,,,
90.27,9,Atta_9,3170.9,2071.8,289.2,72.1,2.0,,,,
90.27,10,Atta_10,1473.0,2313.4,236.1,44.0,-5.9,,,,
90.348,1,Atta_1,1273.9,1904.0,241.5,64.1,5.1,,,,
90.348,2,Atta_2,2375.4,439.5,6.8,9.8,5.2,,,,
90.348,3,Atta_3,3015.7,635.8,359.4,116.3,8.4,,,,
90.348,4,Atta_4,1542.8,756.5,27.4,67.0,11.8,,,,
90.348,5,Atta_5,1895.5,1514.8,50.2,34.9,1.4,,,,
90.348,6,Atta_6,2026.8,877.2,358.6,28.7,4.9,,,,
90.348,7,Atta_7,1365.9,2368.8,329.2,-85.5,5.6,,,,
90.348,8,Atta_8,2279.2,2085.1,6.5,-71.0,3.8,,,,
90.348,9,Atta_9,3149.3,2087.5,296.5,-26.7,7.3,,,,
90.348,10,Atta_10,1470.4,2258.3,239.0,55.2,2.9,,,,
90.417,1,Atta_1,1304.4,1925.9,245.2,-37.5,3.7,,,,
90.417,2,Atta_2,2370.6,419.9,2.6,-20.2,-4.2,,,,
90.417,3,Atta_3,2962.4,566.9,357.0,-87.1,-2.4,,,,
90.417,4,Atta_4,1591.7,713.7,27.3,65.0,-0.1,,,,
90.417,5,Atta_5,1833.8,1512.0,50.2,-61.8,0.0,,,,
90.417,6,Atta_6,1979.5,981.9,356.3,-114.9,-2.3,,,,
90.417,7,Atta_7,1466.3,2365.6,330.7,100.5,1.5,,,,
90.417,8,Atta_8,2264.5,2106.7,6.3,-26.1,-0.2,,,,
90.417,9,Atta_9,3208.6,2136.4,298.4,-76.9,1.9,,,,
90.417,10,Atta_10,1526.1,2261.4,237.5,-55.8,-1.5,,,,
90.483,1,Atta_1,1327.9,1969.8,249.4,-49.8,4.2,,,,
90.483,2,Atta_2,2367.7,440.7,2.1,-21.0,-0.5,,,,
90.483,3,Atta_3,2978.9,558.2,355.6,18.7,-1.4,,,,
90.483,4,Atta_4,1543.1,717.6,33.3,-48.8,6.0,,,,
90.483,5,Atta_5,1856.3,1571.8,51.2,63.9,1.0,,,,
90.483,6,Atta_6,2061.1,952.4,355.1,86.8,-1.2,,,,
90.483,7,Atta_7,1428.3,2344.5,337.4,-43.5,6.7,,,,
90.483,8,Atta_8,2365.6,2148.7,6.9,109.5,0.6,,,,
90.483,9,Atta_9,3134.7,2120.1,305.4,-75.7,7.0,,,,
90.483,10,Atta_10,1494.2,2262.7,238.8,31.9,1.3,,,,
90.549,1,Atta_1,1284.9,1895.4,259.3,85.9,9.9,,,,
90.549,2,Atta_2,2403.4,405.1,0.5,50.4,-1.6,,,,
90.549,3,Atta_3,3023.5,619.3,358.7,75.6,3.1,,,,
90.549,4,Atta_4,1521.3,783.4,36.5,69.3,3.2,,,,
90.549,5,Atta_5,1876.8,1520.9,49.7,-54.9,-1.5,,,,
90.549,6,Atta_6,2038.5,991.8,357.4,-45.4,2.3,,,,
90.549,7,Atta_7,1444.9,2365.8,339.2,27.0,1.8,,,,
90.549,8,Atta_8,2339.3,2136.1,11.0,-29.2,4.1,,,,
90.549,9,Atta_9,3152.2,2092.2,309.6,32.9,4.2,,,,
90.549,10,Atta_10,1496.1,2286.1,237.5,-23.5,-1.3,,,,
90.616,1,Atta_1,1303.8,1914.0,260.0,-26.5,0.7,,,,
90.616,2,Atta_2,2405.7,428.3,2.0,23.3,1.5,,,,
90.616,3,Atta_3,3022.0,574.7,353.9,-44.6,-4.8,,,,
90.616,4,Atta_4,1534.3,728.2,39.0,-56.7,2.5,,,,
90.616,5,Atta_5,1899.7,1501.0,51.5,-30.3,1.8,,,,
90.616,6,Atta_6,2065.3,958.0,357.7,43.1,0.3,,,,
90.616,7,Atta_7,1438.7,2402.7,347.7,-37.4,8.5,,,,
90.616,8,Atta_8,2324.9,2153.5,6.1,-22.6,-4.9,,,,
90.616,9,Atta_9,3194.9,2110.6,312.8,46.5,3.2,,,,
90.616,10,Atta_10,1465.6,2260.9,234.6,39.6,-2.9,,,,
90.735,1,Atta_1,1324.4,1949.0,271.8,-40.6,11.8,,,,
90.735,2,Atta_2,2443.4,498.1,3.4,79.3,1.4,,,,
90.735,3,Atta_3,3096.8,523.5,356.5,90.6,2.6,,,,
90.735,4,Atta_4,1507.4,723.5,50.8,-27.3,11.8,,,,
90.735,5,Atta_5,1925.5,1582.8,52.4,85.8,0.9,,,,
90.735,6,Atta_6,2138.4,865.5,355.3,117.9,-2.4,,,,
90.735,7,Atta_7,1448.3,2366.8,341.8,37.2,-5.9,,,,
90.735,8,Atta_8,2408.6,2113.0,13.1,93.0,7.0,,,,
90.735,9,Atta_9,3166.0,2138.4,321.4,-40.1,8.6,,,,
90.735,10,Atta_10,1536.7,2256.4,236.6,-71.2,2.0,,,,
90.801,1,Atta_1,1314.3,1985.4,273.9,-37.8,2.1,,,,
90.801,2,Atta_2,2453.5,392.6,2.0,106.0,-1.4,,,,
90.801,3,Atta_3,3064.7,616.6,355.5,-98.5,-1.0,,,,
90.801,4,Atta_4,1531.4,702.4,54.0,-32.0,3.2,,,,
90.801,5,Atta_5,1922.4,1556.2,48.0,-26.8,-4.4,,,,
90.801,6,Atta_6,2110.0,989.8,357.9,-127.5,2.6,,,,
90.801,7,Atta_7,1443.1,2310.1,344.6,56.9,2.8,,,,
90.801,8,Atta_8,2404.8,2113.4,8.4,-3.8,-4.7,,,,
90.801,9,Atta_9,3185.9,2151.3,324.3,23.7,2.9,,,,
90.801,10,Atta_10,1451.9,2224.4,237.2,90.6,0.6,,,,
90.922,1,Atta_1,1321.2,1928.8,279.1,57.0,5.2,,,,
90.922,2,Atta_2,2491.0,398.9,3.4,38.0,1.4,,,,
90.922,3,Atta_3,3076.1,651.8,358.1,37.0,2.6,,,,
90.922,4,Atta_4,1520.4,809.5,57.7,107.7,3.7,,,,
90.922,5,Atta_5,1936.8,1537.5,40.7,-23.6,-7.3,,,,
90.922,6,Atta_6,2097.5,947.5,358.7,-44.1,0.8,,,,
90.922,7,Atta_7,1450.8,2394.3,343.5,-84.6,-1.1,,,,
90.922,8,Atta_8,2376.2,2184.8,5.8,-76.9,-2.6,,,,
90.922,9,Atta_9,3206.9,2105.2,327.5,50.7,3.2,,,,
90.922,10,Atta_10,1455.1,2274.9,240.3,-50.6,3.1,,,,
90.992,1,Atta_1,1292.8,1915.2,285.8,31.5,6.7,,,,
90.992,2,Atta_2,2424.0,438.1,0.1,-77.6,-3.3,,,,
90.992,3,Atta_3,3158.1,562.1,357.7,121.5,-0.4,,,,
90.992,4,Atta_4,1494.8,780.6,61.9,-38.6,4.2,,,,
90.992,5,Atta_5,1947.6,1619.2,39.4,82.4,-1.3,,,,
90.992,6,Atta_6,2086.8,894.7,354.3,-53.9,-4.4,,,,
90.992,7,Atta_7,1420.2,2386.8,344.0,-31.5,0.5,,,,
90.992,8,Atta_8,2371.5,2115.5,3.9,-69.5,-1.9,,,,
90.992,9,Atta_9,3139.1,2119.0,336.8,-69.2,9.3,,,,
90.992,10,Atta_10,1518.1,2281.0,235.9,-63.3,-4.4,,,,
91.046,1,Atta_1,1272.8,1928.1,289.4,-23.8,3.6,,,,
91.046,2,Atta_2,2499.3,434.9,357.5,75.4,-2.6,,,,
91.046,3,Atta_3,3080.5,592.0,356.6,-83.2,-1.1,,,,
91.046,4,Atta_4,1468.9,736.3,56.1,-51.3,-5.8,,,,
91.046,5,Atta_5,1931.1,1579.3,35.2,-43.2,-4.2,,,,
91.046,6,Atta_6,2131.6,894.3,352.5,44.8,-1.8,,,,
91.046,7,Atta_7,1449.0,2383.2,342.5,29.0,-1.5,,,,
91.046,8,Atta_8,2377.2,2167.0,4.4,51.8,0.5,,,,
91.046,9,Atta_9,3155.4,2099.6,337.9,25.3,1.1,,,,
91.046,10,Atta_10,1463.0,2240.5,237.9,68.4,2.0,,,,
91.118,1,Atta_1,1278.7,1897.9,291.9,30.8,2.5,,,,
91.118,2,Atta_2,2506.9,384.9,2.2,50.6,4.7,,,,
91.118,3,Atta_3,3085.6,617.2,359.9,25.7,3.3,,,,
91.118,4,Atta_4,1543.0,735.0,59.7,74.1,3.6,,,,
91.118,5,Atta_5,1902.0,1607.3,27.0,-40.4,-8.2,,,,
91.118,6,Atta_6,2136.6,892.2,355.6,5.4,3.1,,,,
91.118,7,Atta_7,1434.3,2389.7,347.0,-16.1,4.5,,,,
91.118,8,Atta_8,2394.4,2127.6,9.0,43.0,4.6,,,,
91.118,9,Atta_9,3200.4,2073.4,339.0,52.1,1.1,,,,
91.118,10,Atta_10,1426.3,2189.6,235.7,62.8,-2.2,,,,
91.178,1,Atta_1,1254.7,1890.9,296.0,-25.0,4.1,,,,
91.178,2,Atta_2,2530.6,403.4,5.5,30.1,3.3,,,,
91.178,3,Atta_3,3139.4,487.3,356.4,140.6,-3.5,,,,
91.178,4,Atta_4,1512.6,758.6,57.8,38.5,-1.9,,,,
91.178,5,Atta_5,1902.4,1558.9,26.5,-48.4,-0.5,,,,
91.178,6,Atta_6,2061.4,903.2,355.2,-76.0,-0.4,,,,
91.178,7,Atta_7,1423.7,2362.7,343.1,-29.0,-3.9,,,,
91.178,8,Atta_8,2484.2,2135.6,6.2,90.2,-2.8,,,,
91.178,9,Atta_9,3128.6,2135.0,342.4,-94.6,3.4,,,,
91.178,10,Atta_10,1477.8,2261.0,240.6,-88.0,4.9,,,,
91.245,1,Atta_1,1282.9,1854.6,301.0,46.0,5.0,,,,
91.245,2,Atta_2,2497.2,438.6,2.8,-48.5,-2.7,,,,
91.245,3,Atta_3,3140.2,600.0,358.4,-112.7,2.0,,,,
91.245,4,Atta_4,1501.3,762.5,55.0,-12.0,-2.8,,,,
91.245,5,Atta_5,1872.7,1541.5,20.1,-34.4,-6.4,,,,
91.245,6,Atta_6,2086.5,976.7,356.0,77.7,0.8,,,,
91.245,7,Atta_7,1539.9,2326.9,342.2,121.6,-0.9,,,,
91.245,8,Atta_8,2399.1,2136.3,6.7,-85.1,0.5,,,,
91.245,9,Atta_9,3126.9,2162.3,340.4,-27.4,-2.0,,,,
91.245,10,Atta_10,1453.5,2169.3,239.9,94.9,-0.7,,,,
91.299,1,Atta_1,1344.3,1900.8,305.5,-76.8,4.5,,,,
91.299,2,Atta_2,2592.4,410.3,1.2,99.3,-1.6,,,,
91.299,3,Atta_3,3119.8,632.0,357.6,-37.9,-0.8,,,,
91.299,4,Atta_4,1540.6,751.8,55.7,40.7,0.7,,,,
91.299,5,Atta_5,1919.6,1513.5,15.9,54.6,-4.2,,,,
91.299,6,Atta_6,2206.5,934.9,354.1,127.1,-1.9,,,,
91.299,7,Atta_7,1478.8,2337.3,345.6,-62.0,3.4,,,,
91.299,8,Atta_8,2465.1,2164.0,7.4,71.6,0.7,,,,
91.299,9,Atta_9,3148.5,2085.8,341.3,79.5,0.9,,,,
91.299,10,Atta_10,1483.1,2122.2,236.3,55.6,-3.6,,,,
91.364,1,Atta_1,1261.6,1915.0,309.7,-83.9,4.2,,,,
91.364,2,Atta_2,2574.3,387.7,2.9,-29.0,1.7,,,,
91.364,3,Atta_3,3176.6,623.3,357.9,57.5,0.3,,,,
91.364,4,Atta_4,1570.7,778.7,59.4,40.4,3.7,,,,
91.364,5,Atta_5,1914.8,1578.7,12.6,65.4,-3.3,,,,
91.364,6,Atta_6,2195.7,876.5,357.2,-59.4,3.1,,,,
91.364,7,Atta_7,1474.2,2334.3,345.0,-5.5,-0.6,,,,
91.364,8,Atta_8,2504.0,2151.8,5.3,40.8,-2.1,,,,
91.364,9,Atta_9,3136.6,2121.5,338.1,-37.6,-3.2,,,,
91.364,10,Atta_10,1407.4,2188.8,235.6,-100.8,-0.7,,,,
91.432,1,Atta_1,1340.0,1926.6,315.3,79.3,5.6,,,,
91.432,2,Atta_2,2541.3,375.4,2.1,-35.2,-0.8,,,,
91.432,3,Atta_3,3175.0,512.0,358.2,111.3,0.3,,,,
91.432,4,Atta_4,1505.9,739.6,59.5,-75.7,0.1,,,,
91.432,5,Atta_5,1841.4,1579.6,10.7,-73.4,-1.9,,,,
91.432,6,Atta_6,2184.6,950.8,357.5,-75.1,0.3,,,,
91.432,7,Atta_7,1552.3,2274.7,343.7,98.2,-1.3,,,,
91.432,8,Atta_8,2502.3,2144.1,8.4,-7.9,3.1,,,,
91.432,9,Atta_9,3196.1,2088.0,341.5,68.3,3.4,,,,
91.432,10,Atta_10,1415.0,2136.2,234.7,53.1,-0.9,,,,
91.559,1,Atta_1,1305.7,1907.2,315.9,-39.4,0.6,,,,
91.559,2,Atta_2,2558.8,378.8,358.9,17.8,-3.2,,,,
91.559,3,Atta_3,3185.9,562.0,355.6,51.2,-2.6,,,,
91.559,4,Atta_4,1520.3,797.8,61.6,60.0,2.1,,,,
91.559,5,Atta_5,1863.6,1547.8,1.2,38.8,-9.5,,,,
91.559,6,Atta_6,2159.1,992.8,355.4,-49.1,-2.1,,,,
91.559,7,Atta_7,1513.4,2335.7,344.0,-72.3,0.3,,,,
91.559,8,Atta_8,2487.6,2126.4,10.0,-23.0,1.6,,,,
91.559,9,Atta_9,3205.2,2118.9,340.3,-32.2,-1.2,,,,
91.559,10,Atta_10,1406.1,2209.7,239.0,-74.0,4.3,,,,
91.628,1,Atta_1,1317.5,1925.4,330.9,-21.7,15.0,,,,
91.628,2,Atta_2,2603.1,407.9,357.6,53.0,-1.3,,,,
91.628,3,Atta_3,3215.1,577.5,358.3,33.1,2.7,,,,
91.628,4,Atta_4,1534.4,820.8,56.9,27.0,-4.7,,,,
91.628,5,Atta_5,1874.5,1569.6,352.0,24.4,-9.2,,,,
91.628,6,Atta_6,2269.4,951.6,355.8,117.7,0.4,,,,
91.628,7,Atta_7,1580.2,2328.6,342.7,67.2,-1.3,,,,
91.628,8,Atta_8,2496.1,2178.3,6.7,52.6,-3.3,,,,
91.628,9,Atta_9,3274.2,2105.4,338.4,70.3,-1.9,,,,
91.628,10,Atta_10,1472.7,2117.4,238.8,113.8,-0.2,,,,
91.694,1,Atta_1,1290.8,1948.1,334.7,-35.0,3.8,,,,
91.694,2,Atta_2,2549.5,402.8,3.2,-53.8,5.6,,,,
91.694,3,Atta_3,3231.9,604.5,355.9,31.8,-2.4,,,,
91.694,4,Atta_4,1555.9,783.6,58.4,-43.0,1.5,,,,
91.694,5,Atta_5,1885.9,1548.3,350.2,24.2,-1.8,,,,
91.694,6,Atta_6,2235.1,903.5,356.8,-59.1,1.0,,,,
91.694,7,Atta_7,1533.1,2363.2,345.1,-58.4,2.4,,,,
91.694,8,Atta_8,2543.0,2109.7,4.7,83.1,-2.0,,,,
91.694,9,Atta_9,3183.8,2077.5,341.0,-94.6,2.6,,,,
91.694,10,Atta_10,1393.7,2099.0,235.2,81.1,-3.6,,,,
91.764,1,Atta_1,1294.6,1889.5,335.2,58.7,0.5,,,,
91.764,2,Atta_2,2601.6,405.0,0.1,52.1,-3.1,,,,
91.764,3,Atta_3,3170.9,575.3,356.6,-67.6,0.7,,,,
91.764,4,Atta_4,1621.2,841.5,59.0,87.3,0.6,,,,
91.764,5,Atta_5,1911.8,1540.9,344.4,26.9,-5.8,,,,
91.764,6,Atta_6,2273.4,950.7,357.7,60.8,0.9,,,,
91.764,7,Atta_7,1554.4,2367.3,344.5,21.7,-0.6,,,,
91.764,8,Atta_8,2534.7,2124.2,5.9,-16.7,1.2,,,,
91.764,9,Atta_9,3209.5,2116.2,341.4,46.5,0.4,,,,
91.764,10,Atta_10,1398.5,2145.1,234.8,-46.3,-0.4,,,,
91.881,1,Atta_1,1265.3,1926.4,340.0,-47.1,4.8,,,,
91.881,2,Atta_2,2592.4,408.2,7.6,-9.7,7.5,,,,
91.881,3,Atta_3,3244.9,607.6,358.8,80.7,2.2,,,,
91.881,4,Atta_4,1540.9,858.4,55.7,-82.1,-3.3,,,,
91.881,5,Atta_5,1914.6,1584.2,337.7,-43.4,-6.7,,,,
91.881,6,Atta_6,2260.2,980.3,356.6,-32.4,-1.1,,,,
91.881,7,Atta_7,1571.7,2334.6,344.1,37.0,-0.4,,,,
91.881,8,Atta_8,2541.9,2158.9,4.5,35.4,-1.4,,,,
91.881,9,Atta_9,3197.3,2088.8,337.4,-30.0,-4.0,,,,
91.881,10,Atta_10,1382.1,2128.9,236.3,23.1,1.5,,,,
91.949,1,Atta_1,1275.2,1910.3,339.2,18.9,-0.8,,,,
91.949,2,Atta_2,2640.9,410.4,9.3,48.5,1.7,,,,
91.949,3,Atta_3,3290.8,605.8,359.4,45.9,0.6,,,,
91.949,4,Atta_4,1613.0,814.3,58.8,84.5,3.1,,,,
91.949,5,Atta_5,1887.5,1590.2,343.5,-27.8,5.8,,,,
91.949,6,Atta_6,2269.0,903.1,357.5,77.7,0.9,,,,
91.949,7,Atta_7,1587.3,2336.4,345.3,15.7,1.2,,,,
91.949,8,Atta_8,2544.9,2163.5,7.3,5.5,2.8,,,,
91.949,9,Atta_9,3235.4,2073.1,339.6,41.2,2.2,,,,
91.949,10,Atta_10,1330.7,2096.0,240.7,61.0,4.4,,,,
92.078,1,Atta_1,1303.0,1904.2,341.5,28.5,2.3,,,,
92.078,2,Atta_2,2613.8,386.2,10.2,-36.3,0.9,,,,
92.078,3,Atta_3,3266.2,558.6,356.9,-53.2,-2.5,,,,
92.078,4,Atta_4,1593.1,829.3,53.1,24.9,-5.7,,,,
92.078,5,Atta_5,1848.8,1552.4,337.1,-54.1,-6.4,,,,
92.078,6,Atta_6,2309.8,923.5,358.7,45.6,1.2,,,,
92.078,7,Atta_7,1596.5,2283.1,346.4,54.1,1.1,,,,
92.078,8,Atta_8,2494.3,2177.1,8.0,-52.4,0.7,,,,
92.078,9,Atta_9,3245.0,2089.9,335.8,19.3,-3.8,,,,
92.078,10,Atta_10,1349.6,2107.5,238.7,-22.1,-2.0,,,,
92.147,1,Atta_1,1309.8,1945.4,342.0,-41.8,0.5,,,,
92.147,2,Atta_2,2672.2,413.6,11.2,64.5,1.0,,,,
92.147,3,Atta_3,3305.7,563.6,355.1,39.8,-1.8,,,,
92.147,4,Atta_4,1623.0,851.8,51.0,37.4,-2.1,,,,
92.147,5,Atta_5,1889.4,1555.9,339.8,40.8,2.7,,,,
92.147,6,Atta_6,2307.1,932.8,354.6,-9.7,-4.1,,,,
92.147,7,Atta_7,1520.2,2332.2,347.9,-90.7,1.5,,,,
92.147,8,Atta_8,2614.4,2235.0,6.3,133.3,-1.7,,,,
92.147,9,Atta_9,3194.0,2110.8,334.4,-55.1,-1.4,,,,
92.147,10,Atta_10,1427.2,2082.4,235.4,-81.6,-3.3,,,,
92.215,1,Atta_1,1300.4,1910.7,339.6,36.0,-2.4,,,,
92.215,2,Atta_2,2635.7,414.7,10.0,-36.5,-1.2,,,,
92.215,3,Atta_3,3293.8,567.8,356.0,-12.6,0.9,,,,
92.215,4,Atta_4,1615.6,842.4,43.9,-12.0,-7.1,,,,
92.215,5,Atta_5,1926.3,1516.8,337.8,53.8,-2.0,,,,
92.215,6,Atta_6,2360.5,946.6,356.2,55.2,1.6,,,,
92.215,7,Atta_7,1604.1,2285.1,342.2,96.2,-5.7,,,,
92.215,8,Atta_8,2625.5,2175.7,8.5,60.3,2.2,,,,
92.215,9,Atta_9,3214.8,2086.5,343.8,32.0,9.4,,,,
92.215,10,Atta_10,1365.6,2035.1,235.3,77.7,-0.1,,,,
92.284,1,Atta_1,1352.8,1898.2,340.2,53.9,0.6,,,,
92.284,2,Atta_2,2652.1,466.2,6.2,54.0,-3.8,,,,
92.284,3,Atta_3,3346.1,536.0,354.9,61.2,-1.1,,,,
92.284,4,Atta_4,1653.0,888.3,37.8,59.2,-6.1,,,,
92.284,5,Atta_5,1892.5,1579.9,341.6,-71.6,3.8,,,,
92.284,6,Atta_6,2318.6,901.9,356.4,-61.3,0.2,,,,
92.284,7,Atta_7,1655.6,2313.3,344.8,58.7,2.6,,,,
92.284,8,Atta_8,2614.6,2137.0,5.6,-40.2,-2.9,,,,
92.284,9,Atta_9,3259.4,2069.3,342.6,47.8,-1.2,,,,
92.284,10,Atta_10,1353.0,2078.5,237.2,-45.2,1.9,,,,
92.352,1,Atta_1,1317.9,1941.4,339.5,-55.5,-0.7,,,,
92.352,2,Atta_2,2618.5,381.3,9.7,-91.3,3.5,,,,
92.352,3,Atta_3,3343.9,527.0,358.3,-9.3,3.4,,,,
92.352,4,Atta_4,1538.2,851.2,35.8,-120.6,-2.0,,,,
92.352,5,Atta_5,1919.7,1600.5,338.4,34.1,-3.2,,,,
92.352,6,Atta_6,2296.4,906.3,359.1,-22.6,2.7,,,,
92.352,7,Atta_7,1614.9,2273.9,345.5,-56.6,0.7,,,,
92.352,8,Atta_8,2608.0,2140.9,1.6,-7.7,-4.0,,,,
92.352,9,Atta_9,3260.4,2093.7,340.4,-24.4,-2.2,,,,
92.352,10,Atta_10,1356.4,2074.0,232.3,5.6,-4.9,,,,
92.421,1,Atta_1,1346.8,1917.3,342.3,37.6,2.8,,,,
92.421,2,Atta_2,2669.8,462.4,8.9,96.0,-0.8,,,,
92.421,3,Atta_3,3323.4,555.3,355.3,-34.9,-3.0,,,,
92.421,4,Atta_4,1618.2,859.9,28.8,80.5,-7.0,,,,
92.421,5,Atta_5,1913.7,1569.3,335.8,31.8,-2.6,,,,
92.421,7,Atta_7,1695.8,2335.9,346.4,101.9,0.9,,,,
92.421,8,Atta_8,2618.9,2172.2,1.3,33.1,-0.3,,,,
92.421,9,Atta_9,3291.9,2073.5,343.1,37.4,2.7,,,,
92.421,10,Atta_10,1372.6,2086.3,231.4,-20.3,-0.9,,,,
92.492,1,Atta_1,1368.3,1909.9,340.7,22.7,-1.6,,,,
92.492,2,Atta_2,2682.2,446.3,4.4,20.3,-4.5,,,,
92.492,3,Atta_3,3289.5,530.3,354.5,-42.1,-0.8,,,,
92.492,4,Atta_4,1606.2,831.3,24.7,-31.0,-4.1,,,,
92.492,5,Atta_5,1908.2,1569.0,341.8,-5.5,6.0,,,,
92.492,6,Atta_6,2353.0,973.2,357.6,87.6,-1.5,,,,
92.492,7,Atta_7,1679.6,2327.4,347.1,-18.3,0.7,,,,
92.492,8,Atta_8,2646.3,2150.8,6.9,34.8,5.6,,,,
92.492,9,Atta_9,3227.0,2083.1,337.6,-65.6,-5.5,,,,
92.492,10,Atta_10,1359.6,2091.9,232.3,14.2,0.9,,,,
92.554,1,Atta_1,1353.3,1902.2,339.5,-16.9,-1.2,,,,
92.554,2,Atta_2,2686.1,407.8,6.6,38.7,2.2,,,,
92.554,3,Atta_3,3313.4,582.6,1.3,57.5,6.8,,,,
92.554,4,Atta_4,1575.3,812.7,19.4,-36.1,-5.3,,,,
92.554,5,Atta_5,1916.7,1519.0,341.3,50.7,-0.5,,,,
92.554,6,Atta_6,2356.1,900.2,355.4,73.1,-2.2,,,,
92.554,7,Atta_7,1705.3,2293.5,344.7,42.5,-2.4,,,,
92.554,8,Atta_8,2587.4,2152.9,1.3,-58.9,-5.6,,,,
92.554,9,Atta_9,3231.2,2138.5,339.1,-55.6,1.5,,,,
92.554,10,Atta_10,1400.2,2105.2,234.8,-42.7,2.5,,,,
92.604,1,Atta_1,1370.0,1969.3,344.1,-69.1,4.6,,,,
92.604,2,Atta_2,2706.7,393.6,8.6,25.0,2.0,,,,
92.604,3,Atta_3,3357.1,532.0,7.5,66.9,6.2,,,,
92.604,4,Atta_4,1596.5,876.4,17.0,67.1,-2.4,,,,
92.604,5,Atta_5,1966.9,1603.7,340.0,98.5,-1.3,,,,
92.604,6,Atta_6,2409.1,920.9,358.3,56.9,2.9,,,,
92.604,7,Atta_7,1695.3,2332.2,345.7,-40.0,1.0,,,,
92.604,8,Atta_8,2614.5,2257.4,0.7,108.0,-0.6,,,,
92.604,9,Atta_9,3232.6,2098.6,341.5,39.9,2.4,,,,
92.604,10,Atta_10,1412.2,2121.8,233.8,-20.5,-1.0,,,,
92.674,1,Atta_1,1374.4,1892.3,342.3,77.1,-1.8,,,,
92.674,2,Atta_2,2686.2,352.8,8.3,-45.7,-0.3,,,,
92.674,3,Atta_3,3282.7,507.1,8.5,-78.5,1.0,,,,
92.674,4,Atta_4,1617.8,896.7,8.8,29.4,-8.2,,,,
92.674,5,Atta_5,1972.6,1549.1,337.9,54.9,-2.1,,,,
92.674,6,Atta_6,2401.9,937.2,358.1,-17.8,-0.2,,,,
92.674,7,Atta_7,1701.6,2292.2,342.7,40.5,-3.0,,,,
92.674,8,Atta_8,2651.0,2094.2,7.8,167.2,7.1,,,,
92.674,9,Atta_9,3270.4,2055.3,338.5,57.5,-3.0,,,,
92.674,10,Atta_10,1448.8,2088.9,225.8,49.2,-8.0,,,,
92.739,1,Atta_1,1400.7,1902.3,342.5,28.1,0.2,,,,
92.739,2,Atta_2,2736.9,397.8,14.3,67.8,6.0,,,,
92.739,3,Atta_3,3337.4,532.9,10.4,60.5,1.9,,,,
92.739,4,Atta_4,1558.5,812.5,7.9,-103.0,-0.9,,,,
92.739,5,Atta_5,1971.8,1539.8,339.3,9.3,1.4,,,,
92.739,6,Atta_6,2363.6,862.0,1.6,-84.4,3.5,,,,
92.739,7,Atta_7,1725.8,2297.7,348.6,24.8,5.9,,,,
92.739,8,Atta_8,2573.2,2160.3,5.6,-102.1,-2.2,,,,
92.739,9,Atta_9,3230.8,2070.5,340.4,-42.4,1.9,,,,
92.739,10,Atta_10,1422.4,2107.8,224.5,32.5,-1.3,,,,
92.805,1,Atta_1,1441.0,1861.3,342.3,57.5,-0.2,,,,
92.805,2,Atta_2,2673.3,413.6,6.4,-65.5,-7.9,,,,
92.805,3,Atta_3,3306.0,598.7,8.3,-72.9,-2.1,,,,
92.805,4,Atta_4,1569.8,848.4,6.6,37.6,-1.3,,,,
92.805,5,Atta_5,1959.4,1540.0,343.2,-12.4,3.9,,,,
92.805,6,Atta_6,2344.6,895.2,359.0,-38.3,-2.6,,,,
92.805,7,Atta_7,1729.4,2282.7,342.3,15.4,-6.3,,,,
92.805,8,Atta_8,2647.0,2161.4,4.3,73.8,-1.3,,,,
92.805,9,Atta_9,3255.6,2071.1,338.2,24.8,-2.2,,,,
92.805,10,Atta_10,1401.9,2133.6,222.4,-33.0,-2.1,,,,
92.874,1,Atta_1,1385.7,1887.8,340.8,-61.3,-1.5,,,,
92.874,2,Atta_2,2685.2,427.1,5.6,18.0,-0.8,,,,
92.874,3,Atta_3,3341.4,594.2,9.0,35.7,0.7,,,,
92.874,4,Atta_4,1616.3,785.2,359.8,78.5,-6.8,,,,
92.874,5,Atta_5,1984.0,1524.9,337.2,28.9,-6.0,,,,
92.874,6,Atta_6,2396.8,900.7,359.9,52.5,0.9,,,,
92.874,7,Atta_7,1682.2,2262.1,345.0,-51.5,2.7,,,,
92.874,8,Atta_8,2687.1,2152.2,3.4,41.1,-0.9,,,,
92.874,9,Atta_9,3248.4,2082.3,340.8,-13.3,2.6,,,,
92.874,10,Atta_10,1430.0,2164.1,221.1,-41.5,-1.3,,,,
92.94,1,Atta_1,1412.1,1848.7,343.6,47.2,2.8,,,,
92.94,2,Atta_2,2708.8,419.0,9.8,25.0,4.2,,,,
92.94,3,Atta_3,3352.3,510.9,8.1,-84.0,-0.9,,,,
92.94,4,Atta_4,1565.7,825.7,359.9,-64.8,0.1,,,,
92.94,5,Atta_5,2004.1,1545.5,338.2,28.8,1.0,,,,
92.94,6,Atta_6,2343.0,940.1,1.2,-66.7,1.3,,,,
92.94,7,Atta_7,1766.6,2343.3,343.6,117.1,-1.4,,,,
92.94,8,Atta_8,2645.2,2159.1,2.1,-42.5,-1.3,,,,
92.94,9,Atta_9,3212.9,2120.5,341.5,-52.1,0.7,,,,
92.94,10,Atta_10,1417.4,2153.0,215.3,16.8,-5.8,,,,
93.009,1,Atta_1,1440.8,1896.8,340.5,56.0,-3.1,,,,
93.009,2,Atta_2,2766.8,422.5,6.5,58.1,-3.3,,,,
93.009,3,Atta_3,3292.2,598.7,6.3,-106.4,-1.8,,,,
93.009,4,Atta_4,1598.2,775.2,357.1,60.1,-2.8,,,,
93.009,5,Atta_5,2068.5,1528.4,338.6,66.6,0.4,,,,
93.009,6,Atta_6,2384.6,932.6,359.9,42.3,-1.3,,,,
93.009,7,Atta_7,1740.9,2286.0,346.4,-62.8,2.8,,,,
93.009,8,Atta_8,2659.5,2182.2,6.8,27.2,4.7,,,,
93.009,9,Atta_9,3220.1,2016.2,338.6,104.5,-2.9,,,,
93.009,10,Atta_10,1332.3,2139.9,209.1,86.1,-6.2,,,,
93.078,1,Atta_1,1419.3,1931.0,342.0,-40.4,1.5,,,,
93.078,2,Atta_2,2811.6,495.9,5.5,86.0,-1.0,,,,
93.078,3,Atta_3,3385.3,530.0,9.0,115.7,2.7,,,,
93.078,4,Atta_4,1571.6,890.4,355.5,-118.2,-1.6,,,,
93.078,5,Atta_5,2030.9,1504.4,338.7,-44.6,0.1,,,,
93.078,6,Atta_6,2438.7,899.2,0.1,63.6,0.2,,,,
93.078,7,Atta_7,1770.7,2256.6,345.8,41.9,-0.6,,,,
93.078,8,Atta_8,2687.9,2153.4,0.6,40.4,-6.2,,,,
93.078,9,Atta_9,3246.9,2111.7,339.7,-99.2,1.1,,,,
93.078,10,Atta_10,1445.3,2117.0,205.3,-115.3,-3.8,,,,
93.147,1,Atta_1,1442.5,1890.8,340.7,46.4,-1.3,,,,
93.147,2,Atta_2,2802.6,437.0,9.7,-59.6,4.2,,,,
93.147,3,Atta_3,3386.2,541.7,9.7,11.7,0.7,,,,
93.147,4,Atta_4,1590.9,898.5,356.5,20.9,1.0,,,,
93.147,5,Atta_5,2023.3,1548.2,340.1,-44.5,1.4,,,,
93.147,6,Atta_6,2448.8,917.3,0.2,20.7,0.1,,,,
93.147,7,Atta_7,1769.5,2274.9,347.8,-18.3,2.0,,,,
93.147,8,Atta_8,2672.0,2154.1,6.7,-15.9,6.1,,,,
93.147,9,Atta_9,3329.9,2064.6,339.8,95.4,0.1,,,,
93.147,10,Atta_10,1364.0,2106.0,197.4,82.0,-7.9,,,,
93.215,1,Atta_1,1452.5,1940.4,339.6,-50.6,-1.1,,,,
93.215,2,Atta_2,2679.7,524.6,10.2,-150.9,0.5,,,,
93.215,3,Atta_3,3406.1,563.4,9.6,29.4,-0.1,,,,
93.215,4,Atta_4,1592.5,822.4,2.4,76.1,5.9,,,,
93.215,5,Atta_5,2079.2,1497.8,336.4,75.3,-3.7,,,,
93.215,6,Atta_6,2438.2,896.1,354.9,-23.7,-5.3,,,,
93.215,7,Atta_7,1827.2,2298.1,344.5,62.2,-3.3,,,,
93.215,8,Atta_8,2670.6,2168.6,5.3,14.6,-1.4,,,,
93.215,9,Atta_9,3248.0,2086.3,339.4,-84.7,-0.4,,,,
93.215,10,Atta_10,1472.5,2121.5,196.3,-109.6,-1.1,,,,
93.285,1,Atta_1,1471.0,1895.0,343.6,49.0,4.0,,,,
93.285,2,Atta_2,2779.4,457.2,11.5,120.3,1.3,,,,
93.285,3,Atta_3,3406.2,534.9,7.1,-28.5,-2.5,,,,
93.285,4,Atta_4,1626.0,861.4,356.8,51.4,-5.6,,,,
93.285,5,Atta_5,2060.7,1497.5,334.8,-18.5,-1.6,,,,
93.285,6,Atta_6,2461.3,961.3,357.2,69.2,2.3,,,,
93.285,7,Atta_7,1779.2,2252.9,344.9,-65.9,0.4,,,,
93.285,8,Atta_8,2735.8,2162.2,3.9,65.5,-1.4,,,,
93.285,9,Atta_9,3269.8,2133.8,344.2,52.3,4.8,,,,
93.285,10,Atta_10,1443.2,2127.3,188.6,29.9,-7.7,,,,
93.352,1,Atta_1,1447.6,1875.8,341.2,-30.3,-2.4,,,,
93.352,2,Atta_2,2847.9,462.8,8.4,68.7,-3.1,,,,
93.352,3,Atta_3,3422.0,553.4,8.1,24.3,1.0,,,,
93.352,4,Atta_4,1614.7,814.3,1.2,-48.4,4.4,,,,
93.352,5,Atta_5,2074.9,1475.8,339.2,25.9,4.4,,,,
93.352,6,Atta_6,2476.8,893.7,358.3,69.4,1.1,,,,
93.352,7,Atta_7,1881.5,2275.2,342.9,104.7,-2.0,,,,
93.352,8,Atta_8,2730.0,2197.5,5.1,-35.8,1.2,,,,
93.352,9,Atta_9,3238.6,2093.4,342.3,-51.0,-1.9,,,,
93.352,10,Atta_10,1428.3,2156.6,186.6,32.9,-2.0,,,,
93.407,1,Atta_1,1459.1,1895.4,341.0,22.7,-0.2,,,,
93.407,2,Atta_2,2820.5,435.8,7.3,-38.5,-1.1,,,,
93.407,3,Atta_3,3436.8,574.1,9.5,25.4,1.4,,,,
93.407,4,Atta_4,1595.0,843.4,359.8,-35.1,-1.4,,,,
93.407,5,Atta_5,2096.6,1520.3,338.7,49.5,-0.5,,,,
93.407,6,Atta_6,2505.0,933.6,358.6,48.9,0.3,,,,
93.407,7,Atta_7,1797.6,2255.6,349.1,-86.2,6.2,,,,
93.407,8,Atta_8,2769.8,2172.0,2.5,47.3,-2.6,,,,
93.407,9,Atta_9,3247.7,2081.3,339.1,15.1,-3.2,,,,
93.407,10,Atta_10,1367.6,2120.8,181.9,70.5,-4.7,,,,
93.475,1,Atta_1,1566.4,1822.0,338.6,130.0,-2.4,,,,
93.475,2,Atta_2,2846.7,460.1,10.8,35.7,3.5,,,,
93.475,3,Atta_3,3445.1,602.7,9.3,29.8,-0.2,,,,
93.475,4,Atta_4,1590.6,869.3,0.7,-26.3,0.9,,,,
93.475,5,Atta_5,2127.4,1454.4,341.3,72.7,2.6,,,,
93.475,6,Atta_6,2505.6,923.9,358.9,9.7,0.3,,,,
93.475,7,Atta_7,1833.1,2264.0,344.4,36.5,-4.7,,,,
93.475,8,Atta_8,2723.0,2209.4,3.2,-59.9,0.7,,,,
93.475,9,Atta_9,3279.1,2163.5,341.4,88.0,2.3,,,,
93.475,10,Atta_10,1381.1,2119.7,174.4,-13.5,-7.5,,,,
93.544,1,Atta_1,1572.3,1851.8,339.4,-30.4,0.8,,,,
93.544,2,Atta_2,2826.8,447.3,7.7,-23.7,-3.1,,,,
93.544,3,Atta_3,3447.5,566.9,12.6,-35.9,3.3,,,,
93.544,4,Atta_4,1664.4,874.6,356.5,74.0,-4.2,,,,
93.544,5,Atta_5,2138.6,1482.6,342.4,30.3,1.1,,,,
93.544,6,Atta_6,2460.2,947.4,357.5,-51.1,-1.4,,,,
93.544,7,Atta_7,1827.9,2282.1,346.3,-18.8,1.9,,,,
93.544,8,Atta_8,2736.1,2186.5,3.1,26.4,-0.1,,,,
93.544,9,Atta_9,3306.5,2022.2,338.7,143.9,-2.7,,,,
93.544,10,Atta_10,1426.9,2076.3,176.1,-63.1,1.7,,,,
93.613,1,Atta_1,1587.3,1833.1,341.5,24.0,2.1,,,,
93.613,2,Atta_2,2872.4,426.9,9.1,50.0,1.4,,,,
93.613,3,Atta_3,3462.4,578.5,9.6,18.9,-3.0,,,,
93.613,4,Atta_4,1720.1,882.9,1.0,56.3,4.5,,,,
93.613,5,Atta_5,2122.5,1448.9,339.1,-37.3,-3.3,,,,
93.613,6,Atta_6,2432.3,878.3,357.9,-74.5,0.4,,,,
93.613,7,Atta_7,1924.8,2268.1,344.7,97.9,-1.6,,,,
93.613,8,Atta_8,2730.8,2226.9,359.3,-40.7,-3.8,,,,
93.613,9,Atta_9,3226.2,2145.3,340.6,-147.0,1.9,,,,
93.613,10,Atta_10,1352.3,2089.4,175.3,75.7,-0.8,,,,
93.682,1,Atta_1,1487.5,1809.9,345.0,-102.5,3.5,,,,
93.682,2,Atta_2,2867.4,431.4,9.3,-6.7,0.2,,,,
93.682,3,Atta_3,3505.1,537.1,5.4,59.5,-4.2,,,,
93.682,4,Atta_4,1633.9,895.3,355.2,-87.1,-5.8,,,,
93.682,5,Atta_5,2133.5,1486.4,341.7,-39.1,2.6,,,,
93.682,6,Atta_6,2478.1,924.7,356.6,65.2,-1.3,,,,
93.682,7,Atta_7,1808.3,2284.0,341.7,-117.6,-3.0,,,,
93.682,8,Atta_8,2743.9,2137.9,3.1,90.0,3.8,,,,
93.682,9,Atta_9,3260.8,2097.3,339.8,59.2,-0.8,,,,
93.682,10,Atta_10,1364.6,2093.3,178.6,-12.9,3.3,,,,
93.75,1,Atta_1,1539.3,1817.3,344.9,52.3,-0.1,,,,
93.75,2,Atta_2,2870.9,418.2,6.6,13.7,-2.7,,,,
93.75,3,Atta_3,3505.6,586.9,4.9,49.8,-0.5,,,,
93.75,4,Atta_4,1661.7,860.8,1.5,44.3,6.3,,,,
93.75,5,Atta_5,2162.1,1523.9,337.4,47.2,-4.3,,,,
93.75,6,Atta_6,2465.1,891.2,2.5,-35.9,5.9,,,,
93.75,7,Atta_7,1853.9,2288.8,348.5,45.9,6.8,,,,
93.75,8,Atta_8,2795.6,2220.6,3.2,97.5,0.1,,,,
93.75,9,Atta_9,3256.6,2121.7,340.5,-24.8,0.7,,,,
93.75,10,Atta_10,1469.8,2156.4,175.2,-122.7,-3.4,,,,
93.816,1,Atta_1,1578.1,1808.2,339.9,39.9,-5.0,,,,
93.816,2,Atta_2,2911.7,443.2,10.4,47.9,3.8,,,,
93.816,3,Atta_3,3482.5,585.8,9.6,-23.1,4.7,,,,
93.816,4,Atta_4,1692.0,785.1,356.8,81.5,-4.7,,,,
93.816,5,Atta_5,2110.0,1505.3,332.8,-55.3,-4.6,,,,
93.816,6,Atta_6,2525.2,903.3,359.1,61.3,-3.4,,,,
93.816,7,Atta_7,1889.8,2246.4,341.0,55.6,-7.5,,,,
93.816,8,Atta_8,2773.7,2194.5,2.2,-34.1,-1.0,,,,
93.816,9,Atta_9,3224.2,2074.1,337.7,-57.6,-2.8,,,,
93.816,10,Atta_10,1408.4,2074.2,172.5,102.6,-2.7,,,,
93.885,1,Atta_1,1578.3,1843.3,345.6,-35.1,5.7,,,,
93.885,2,Atta_2,2874.3,470.4,15.0,-46.2,4.6,,,,
93.885,3,Atta_3,3497.8,560.8,8.3,29.3,-1.3,,,,
93.885,4,Atta_4,1673.4,843.0,358.1,-60.8,1.3,,,,
93.885,5,Atta_5,2159.0,1465.6,335.7,63.1,2.9,,,,
93.885,6,Atta_6,2538.1,887.8,358.7,20.2,-0.4,,,,
93.885,7,Atta_7,1901.3,2259.7,337.1,17.6,-3.9,,,,
93.885,8,Atta_8,2848.3,2164.9,1.6,80.3,-0.6,,,,
93.885,9,Atta_9,3306.6,2068.4,340.8,82.6,3.1,,,,
93.885,10,Atta_10,1400.9,2156.4,173.9,82.5,1.4,,,,
93.955,1,Atta_1,1525.8,1818.3,339.9,-58.1,-5.7,,,,
93.955,2,Atta_2,2824.9,380.0,14.6,-103.0,-0.4,,,,
93.955,3,Atta_3,3544.3,542.6,10.5,49.9,2.2,,,,
93.955,4,Atta_4,1716.9,826.4,356.4,46.6,-1.7,,,,
93.955,5,Atta_5,2148.6,1489.2,336.5,-25.8,0.8,,,,
93.955,6,Atta_6,2552.9,950.5,2.1,64.4,3.4,,,,
93.955,7,Atta_7,1832.2,2225.2,340.3,-77.2,3.2,,,,
93.955,8,Atta_8,2786.7,2161.3,3.6,-61.7,2.0,,,,
93.955,9,Atta_9,3287.1,2098.3,340.2,-35.7,-0.6,,,,
93.955,10,Atta_10,1369.6,2091.6,179.6,72.0,5.7,,,,
94.024,1,Atta_1,1571.6,1823.2,344.5,46.1,4.6,,,,
94.024,2,Atta_2,2886.4,495.5,18.4,130.9,3.8,,,,
94.024,3,Atta_3,3525.2,555.4,5.3,-23.0,-5.2,,,,
94.024,4,Atta_4,1717.1,847.5,1.0,-21.1,4.6,,,,
94.024,5,Atta_5,2145.8,1426.4,335.0,62.9,-1.5,,,,
94.024,6,Atta_6,2533.3,907.5,358.2,-47.3,-3.9,,,,
94.024,7,Atta_7,1926.5,2204.9,341.4,96.5,1.1,,,,
94.024,8,Atta_8,2857.3,2157.9,2.6,70.7,-1.0,,,,
94.024,9,Atta_9,3278.6,2116.3,342.6,-19.9,2.4,,,,
94.024,10,Atta_10,1365.7,2154.6,175.2,63.1,-4.4,,,,
94.091,1,Atta_1,1615.4,1815.3,339.8,44.5,-4.7,,,,
94.091,2,Atta_2,2876.1,438.1,15.3,-58.3,-3.1,,,,
94.091,3,Atta_3,3525.4,588.5,12.7,33.1,7.4,,,,
94.091,4,Atta_4,1717.0,805.5,358.4,-42.0,-2.6,,,,
94.091,5,Atta_5,2076.5,1477.7,333.2,-86.2,-1.8,,,,
94.091,6,Atta_6,2548.1,955.9,357.3,50.6,-0.9,,,,
94.091,7,Atta_7,1854.9,2288.2,338.0,-109.8,-3.4,,,,
94.091,8,Atta_8,2841.7,2153.0,5.1,-16.4,2.5,,,,
94.091,9,Atta_9,3287.0,2105.3,339.1,13.8,-3.5,,,,
94.091,10,Atta_10,1335.7,2082.9,176.0,77.7,0.8,,,,
94.156,1,Atta_1,1602.2,1832.5,342.0,-21.7,2.2,,,,
94.156,2,Atta_2,2851.3,457.9,21.9,-31.7,6.6,,,,
94.156,3,Atta_3,3551.1,628.6,16.1,47.6,3.4,,,,
94.156,4,Atta_4,1747.4,849.0,1.2,53.1,2.8,,,,
94.156,5,Atta_5,2157.6,1481.0,336.9,81.2,3.7,,,,
94.156,6,Atta_6,2566.9,912.2,358.5,47.6,1.2,,,,
94.156,7,Atta_7,1909.6,2258.0,337.0,62.5,-1.0,,,,
94.156,8,Atta_8,2811.9,2163.2,4.7,-31.5,-0.4,,,,
94.156,9,Atta_9,3258.2,2134.0,338.7,-40.7,-0.4,,,,
94.156,10,Atta_10,1338.8,2091.1,178.6,-8.8,2.6,,,,
94.293,1,Atta_1,1612.1,1831.4,339.4,10.0,-2.6,,,,
94.293,2,Atta_2,2879.2,477.1,17.6,33.9,-4.3,,,,
94.293,3,Atta_3,3513.4,565.7,17.3,-73.3,1.2,,,,
94.293,4,Atta_4,1769.1,873.3,356.9,32.6,-4.3,,,,
94.293,5,Atta_5,2111.6,1486.7,332.1,-46.4,-4.8,,,,
94.293,6,Atta_6,2585.0,889.5,358.8,29.0,0.3,,,,
94.293,7,Atta_7,1785.8,2300.3,339.4,-130.8,2.4,,,,
94.293,8,Atta_8,2828.0,2208.0,4.7,47.6,0.0,,,,
94.293,9,Atta_9,3275.8,2075.4,337.8,61.2,-0.9,,,,
94.293,10,Atta_10,1270.3,2145.5,173.7,87.5,-4.9,,,,
94.358,1,Atta_1,1563.7,1887.1,343.6,-73.8,4.2,,,,
94.358,2,Atta_2,2859.7,484.8,20.3,-21.0,2.7,,,,
94.358,3,Atta_3,3546.5,603.9,29.4,50.5,12.1,,,,
94.358,4,Atta_4,1743.4,867.2,0.7,-26.4,3.8,,,,
94.358,5,Atta_5,2159.1,1494.6,335.3,48.2,3.2,,,,
94.358,6,Atta_6,2607.9,929.6,359.5,46.2,0.7,,,,
94.358,7,Atta_7,1841.4,2234.7,333.1,86.0,-6.3,,,,
94.358,8,Atta_8,2916.3,2184.6,3.2,91.3,-1.5,,,,
94.358,9,Atta_9,3308.1,2056.2,340.2,37.6,2.4,,,,
94.358,10,Atta_10,1313.3,2145.8,176.2,-43.0,2.5,,,,
94.424,1,Atta_1,1530.6,1816.6,334.8,-77.9,-8.8,,,,
94.424,2,Atta_2,2923.1,482.0,15.1,63.5,-5.2,,,,
94.424,3,Atta_3,3507.0,585.2,33.7,-43.7,4.3,,,,
94.424,4,Atta_4,1794.7,816.2,356.0,72.3,-4.7,,,,
94.424,5,Atta_5,2143.8,1434.1,336.5,62.4,1.2,,,,
94.424,6,Atta_6,2618.9,889.5,357.2,41.6,-2.3,,,,
94.424,7,Atta_7,1831.6,2276.7,331.1,-43.1,-2.0,,,,
94.424,8,Atta_8,2871.5,2201.6,3.3,-47.9,0.1,,,,
94.424,9,Atta_9,3268.7,2105.7,338.7,-63.3,-1.5,,,,
94.424,10,Atta_10,1304.9,2081.3,175.8,65.0,-0.4,,,,
94.49,1,Atta_1,1556.8,1880.9,341.2,-69.4,6.4,,,,
94.49,2,Atta_2,2869.9,451.3,16.4,-61.4,1.3,,,,
94.49,3,Atta_3,3524.7,590.5,42.3,18.5,8.6,,,,
94.49,4,Atta_4,1787.9,870.1,358.9,-54.3,2.9,,,,
94.49,5,Atta_5,2169.0,1403.0,334.2,40.0,-2.3,,,,
94.49,6,Atta_6,2636.9,850.0,358.7,43.4,1.5,,,,
94.49,7,Atta_7,1781.2,2267.9,324.2,-51.2,-6.9,,,,
94.49,8,Atta_8,2901.4,2179.6,4.9,37.1,1.6,,,,
94.49,9,Atta_9,3256.6,2091.4,340.4,-18.7,1.7,,,,
94.49,10,Atta_10,1324.5,2100.0,175.2,-27.1,-0.6,,,,
94.621,1,Atta_1,1480.9,1826.7,336.2,-93.3,-5.0,,,,
94.621,2,Atta_2,2938.9,505.6,19.3,87.8,2.9,,,,
94.621,3,Atta_3,3497.9,574.0,43.6,-31.5,1.3,,,,
94.621,4,Atta_4,1846.9,838.2,359.2,67.1,0.3,,,,
94.621,5,Atta_5,2133.3,1440.8,342.0,-52.0,7.8,,,,
94.621,6,Atta_6,2614.9,834.2,0.2,-27.1,1.5,,,,
94.621,7,Atta_7,1804.0,2309.3,321.2,-47.3,-3.0,,,,
94.621,8,Atta_8,2911.5,2153.1,2.9,28.4,-2.0,,,,
94.621,9,Atta_9,3252.6,2069.1,343.0,22.7,2.6,,,,
94.621,10,Atta_10,1235.0,2112.7,174.2,90.4,-1.0,,,,
94.691,1,Atta_1,1494.2,1854.8,325.4,31.1,-10.8,,,,
94.691,2,Atta_2,2954.8,463.1,15.4,45.4,-3.9,,,,
94.691,3,Atta_3,3505.7,563.7,52.4,-12.9,8.8,,,,
94.691,4,Atta_4,1840.9,828.1,0.1,-11.7,0.9,,,,
94.691,5,Atta_5,2207.2,1467.3,333.5,78.5,-8.5,,,,
94.691,6,Atta_6,2628.4,917.3,0.8,84.2,0.6,,,,
94.691,7,Atta_7,1763.1,2301.8,313.1,-41.6,-8.1,,,,
94.691,8,Atta_8,2965.1,2190.2,2.4,65.2,-0.5,,,,
94.691,9,Atta_9,3245.6,2109.7,339.5,-41.2,-3.5,,,,
94.691,10,Atta_10,1273.6,2148.2,183.7,-52.4,9.5,,,,
94.822,1,Atta_1,1530.2,1909.7,317.0,-65.7,-8.4,,,,
94.822,2,Atta_2,2925.7,460.6,17.0,-29.2,1.6,,,,
94.822,3,Atta_3,3459.0,601.9,58.7,60.3,6.3,,,,
94.822,4,Atta_4,1786.2,847.7,356.5,-58.1,-3.6,,,,
94.822,5,Atta_5,2212.7,1434.6,336.0,33.2,2.5,,,,
94.822,6,Atta_6,2636.7,953.3,1.4,36.9,0.6,,,,
94.822,7,Atta_7,1801.9,2260.3,307.3,56.8,-5.8,,,,
94.822,8,Atta_8,2971.3,2229.5,5.6,39.8,3.2,,,,
94.822,9,Atta_9,3212.2,2085.3,339.7,-41.4,0.2,,,,
94.822,10,Atta_10,1246.0,2162.9,189.8,31.3,6.1,,,,
94.883,1,Atta_1,1497.4,1851.1,315.7,67.2,-1.3,,,,
94.883,2,Atta_2,2956.0,498.1,22.1,48.2,5.1,,,,
94.883,3,Atta_3,3549.1,592.3,64.4,90.6,5.7,,,,
94.883,4,Atta_4,1859.6,854.9,358.7,73.8,2.2,,,,
94.883,5,Atta_5,2249.1,1442.4,336.0,37.2,0.0,,,,
94.883,6,Atta_6,2654.9,926.8,359.1,32.1,-2.3,,,,
94.883,7,Atta_7,1724.2,2190.0,304.5,104.8,-2.8,,,,
94.883,8,Atta_8,3022.3,2220.4,6.7,51.8,1.1,,,,
94.883,9,Atta_9,3256.0,2096.2,342.4,45.1,2.7,,,,
94.883,10,Atta_10,1286.5,2145.3,197.0,-44.2,7.2,,,,
94.949,1,Atta_1,1535.2,1853.5,313.1,37.9,-2.6,,,,
94.949,2,Atta_2,3002.7,573.8,21.0,88.9,-1.1,,,,
94.949,3,Atta_3,3571.1,547.0,63.6,-50.4,-0.8,,,,
94.949,4,Atta_4,1809.6,848.9,353.0,-50.4,-5.7,,,,
94.949,5,Atta_5,2286.6,1424.4,334.9,41.6,-1.1,,,,
94.949,6,Atta_6,2694.9,951.3,357.2,46.9,-1.9,,,,
94.949,7,Atta_7,1843.3,2249.3,297.3,133.0,-7.2,,,,
94.949,8,Atta_8,2989.7,2195.8,0.8,-40.8,-5.9,,,,
94.949,9,Atta_9,3251.6,2119.0,338.8,-23.2,-3.6,,,,
94.949,10,Atta_10,1314.3,2122.2,199.4,-36.1,2.4,,,,
95.016,1,Atta_1,1518.1,1807.9,308.5,48.7,-4.6,,,,
95.016,2,Atta_2,3017.0,533.9,15.5,-42.4,-5.5,,,,
95.016,3,Atta_3,3522.7,581.5,68.9,59.4,5.3,,,,
95.016,4,Atta_4,1862.9,885.2,357.4,64.5,4.4,,,,
95.016,5,Atta_5,2302.3,1363.0,337.7,63.4,2.8,,,,
95.016,6,Atta_6,2714.1,877.3,357.8,76.5,0.6,,,,
95.016,7,Atta_7,1835.2,2281.1,289.3,-32.8,-8.0,,,,
95.016,8,Atta_8,3015.6,2253.7,5.8,63.4,5.0,,,,
95.016,9,Atta_9,3292.6,2101.5,338.1,44.6,-0.7,,,,
95.016,10,Atta_10,1320.2,2142.6,203.0,-21.2,3.6,,,,
95.07,1,Atta_1,1555.3,1866.4,305.0,-69.3,-3.5,,,,
95.07,2,Atta_2,2979.8,479.1,21.1,-66.2,5.6,,,,
95.07,3,Atta_3,3515.1,587.8,75.4,9.9,6.5,,,,
95.07,4,Atta_4,1834.5,832.9,356.3,-59.5,-1.1,,,,
95.07,5,Atta_5,2266.8,1409.9,337.9,-58.8,0.2,,,,
95.07,6,Atta_6,2699.5,917.7,356.8,-43.0,-1.0,,,,
95.07,7,Atta_7,1816.2,2236.7,288.8,48.3,-0.5,,,,
95.07,8,Atta_8,3049.5,2241.0,4.3,36.2,-1.5,,,,
95.07,9,Atta_9,3251.7,2088.5,342.0,-42.9,3.9,,,,
95.07,10,Atta_10,1238.1,2192.8,208.0,96.2,5.0,,,,
95.136,1,Atta_1,1530.8,1861.7,301.0,-24.9,-4.0,,,,
95.136,2,Atta_2,2990.0,538.9,20.0,60.7,-1.1,,,,
95.136,3,Atta_3,3548.6,597.6,77.5,34.9,2.1,,,,
95.136,4,Atta_4,1864.9,873.1,4.2,50.4,7.9,,,,
95.136,5,Atta_5,2269.9,1416.7,336.4,7.5,-1.5,,,,
95.136,6,Atta_6,2771.8,955.2,357.9,81.4,1.1,,,,
95.136,7,Atta_7,1817.3,2327.7,282.0,-91.0,-6.8,,,,
95.136,8,Atta_8,3015.2,2164.4,360.0,-83.9,-4.3,,,,
95.136,9,Atta_9,3254.0,2133.7,339.9,-45.3,-2.1,,,,
95.136,10,Atta_10,1262.7,2099.6,209.9,96.4,1.9,,,,
95.202,1,Atta_1,1545.0,1872.7,293.3,-18.0,-7.7,,,,
95.202,2,Atta_2,2966.9,528.1,19.9,-25.5,-0.1,,,,
95.202,3,Atta_3,3531.4,572.0,86.6,-30.8,9.1,,,,
95.202,4,Atta_4,1860.3,811.0,350.1,-62.3,-14.1,,,,
95.202,5,Atta_5,2293.9,1373.2,331.3,49.7,-5.1,,,,
95.202,6,Atta_6,2766.4,905.0,1.3,-50.5,3.4,,,,
95.202,7,Atta_7,1765.8,2259.1,279.8,85.8,-2.2,,,,
95.202,8,Atta_8,3022.0,2205.0,0.0,41.2,0.0,,,,
95.202,9,Atta_9,3276.8,2124.0,341.4,24.8,1.5,,,,
95.202,10,Atta_10,1313.3,2115.8,213.1,-53.1,3.2,,,,
95.271,1,Atta_1,1527.6,1800.8,288.8,74.0,-4.5,,,,
95.271,2,Atta_2,3037.4,466.8,17.3,93.4,-2.6,,,,
95.271,3,Atta_3,3519.0,593.4,87.4,24.7,0.8,,,,
95.271,4,Atta_4,1859.3,751.2,358.6,59.8,8.5,,,,
95.271,5,Atta_5,2267.0,1377.3,337.6,-27.2,6.3,,,,
95.271,6,Atta_6,2791.1,909.5,358.4,25.1,-2.9,,,,
95.271,7,Atta_7,1773.2,2276.9,283.4,-19.3,3.6,,,,
95.271,8,Atta_8,3078.7,2157.5,0.9,74.0,0.9,,,,
95.271,9,Atta_9,3265.8,2102.0,338.9,-24.6,-2.5,,,,
95.271,10,Atta_10,1262.7,2072.6,221.6,66.5,8.5,,,,
95.348,1,Atta_1,1565.8,1883.3,285.8,-90.9,-3.0,,,,
95.348,2,Atta_2,3019.2,495.3,20.3,-33.8,3.0,,,,
95.348,3,Atta_3,3546.5,586.3,89.5,-28.4,2.1,,,,
95.348,4,Atta_4,1905.7,865.8,358.3,123.6,-0.3,,,,
95.348,5,Atta_5,2381.1,1334.9,334.1,121.7,-3.5,,,,
95.348,6,Atta_6,2765.9,914.6,359.0,-25.7,0.6,,,,
95.348,7,Atta_7,1784.8,2272.6,282.7,12.4,-0.7,,,,
95.348,8,Atta_8,3060.0,2152.8,2.0,-19.3,1.1,,,,
95.348,9,Atta_9,3249.3,2067.0,342.5,-38.7,3.6,,,,
95.348,10,Atta_10,1283.1,2121.8,223.3,-53.3,1.7,,,,
95.405,1,Atta_1,1558.3,1881.1,285.5,7.8,-0.3,,,,
95.405,2,Atta_2,3055.2,583.1,14.6,94.9,-5.7,,,,
95.405,3,Atta_3,3567.3,556.2,97.5,-36.6,8.0,,,,
95.405,4,Atta_4,1861.5,905.8,357.7,-59.6,-0.6,,,,
95.405,5,Atta_5,2324.0,1406.9,334.0,-91.9,-0.1,,,,
95.405,6,Atta_6,2773.8,945.2,2.8,31.6,3.8,,,,
95.405,7,Atta_7,1790.5,2309.4,284.2,-37.2,1.5,,,,
95.405,8,Atta_8,3079.5,2168.8,3.0,25.2,1.0,,,,
95.405,9,Atta_9,3268.3,2094.2,337.9,33.2,-4.6,,,,
95.405,10,Atta_10,1287.7,2111.4,231.5,11.4,8.2,,,,
95.471,1,Atta_1,1498.2,1893.4,281.7,-61.3,-3.8,,,,
95.471,2,Atta_2,3042.5,483.5,16.3,-100.4,1.7,,,,
95.471,3,Atta_3,3563.9,571.0,94.3,15.2,-3.2,,,,
95.471,4,Atta_4,1847.3,845.6,356.5,-61.9,-1.2,,,,
95.471,5,Atta_5,2313.2,1370.5,337.4,38.0,3.4,,,,
95.471,6,Atta_6,2776.3,911.3,2.8,34.0,0.0,,,,
95.471,7,Atta_7,1779.7,2315.1,284.2,-12.2,0.0,,,,
95.471,8,Atta_8,2968.2,2145.9,8.0,-113.6,5.0,,,,
95.471,9,Atta_9,3261.2,2057.7,335.0,37.2,-2.9,,,,
95.471,10,Atta_10,1286.8,2165.2,234.4,-53.8,2.9,,,,
95.536,1,Atta_1,1555.9,1884.6,280.7,58.4,-1.0,,,,
95.536,2,Atta_2,3112.8,517.8,15.3,78.2,-1.0,,,,
95.536,3,Atta_3,3535.9,609.3,95.8,47.4,1.5,,,,
95.536,4,Atta_4,1855.6,879.6,357.2,35.0,0.7,,,,
95.536,5,Atta_5,2349.6,1364.7,336.1,36.9,-1.3,,,,
95.536,6,Atta_6,2784.4,889.0,12.5,23.7,9.7,,,,
95.536,7,Atta_7,1805.0,2201.2,282.8,116.7,-1.4,,,,
95.536,8,Atta_8,3103.3,2174.2,4.6,138.0,-3.4,,,,
95.536,9,Atta_9,3258.1,2070.8,336.7,-13.5,1.7,,,,
95.536,10,Atta_10,1303.0,2143.6,236.6,27.0,2.2,,,,
95.606,1,Atta_1,1532.1,1875.1,281.2,25.6,0.5,,,,
95.606,2,Atta_2,3053.6,475.7,19.0,-72.6,3.7,,,,
95.606,3,Atta_3,3552.1,575.9,93.4,-37.1,-2.4,,,,
95.606,4,Atta_4,1778.3,836.5,356.2,-88.5,-1.0,,,,
95.606,5,Atta_5,2391.8,1354.2,335.4,43.5,-0.7,,,,
95.606,6,Atta_6,2763.9,887.8,11.7,-20.5,-0.8,,,,
95.606,7,Atta_7,1791.6,2227.7,282.3,-29.7,-0.5,,,,
95.606,8,Atta_8,3124.8,2180.7,5.6,22.5,1.0,,,,
95.606,9,Atta_9,3258.8,2105.5,344.7,-34.7,8.0,,,,
95.606,10,Atta_10,1246.2,2064.7,240.4,97.2,3.8,,,,
95.656,1,Atta_1,1523.2,1896.1,279.5,-22.8,-1.7,,,,
95.656,2,Atta_2,3146.6,573.6,19.6,135.0,0.6,,,,
95.656,3,Atta_3,3564.6,587.0,91.6,16.7,-1.8,,,,
95.656,4,Atta_4,1812.9,885.3,358.6,59.8,2.4,,,,
95.656,5,Atta_5,2333.5,1409.2,331.0,-80.1,-4.4,,,,
95.656,6,Atta_6,2785.7,880.2,19.6,23.1,7.9,,,,
95.656,7,Atta_7,1836.7,2187.5,282.1,60.4,-0.2,,,,
95.656,8,Atta_8,3090.6,2190.2,6.5,-35.5,0.9,,,,
95.656,9,Atta_9,3261.2,2040.3,338.2,65.2,-6.5,,,,
95.656,10,Atta_10,1292.0,2152.4,249.7,-98.9,9.3,,,,
95.727,1,Atta_1,1550.5,1844.1,280.9,58.7,1.4,,,,
95.727,2,Atta_2,3080.1,600.2,19.0,-71.6,-0.6,,,,
95.727,3,Atta_3,3508.5,636.4,94.6,74.8,3.0,,,,
95.727,4,Atta_4,1803.9,870.6,353.0,-17.2,-5.6,,,,
95.727,5,Atta_5,2397.4,1395.8,326.4,65.3,-4.6,,,,
95.727,6,Atta_6,2667.9,878.5,25.2,-117.8,5.6,,,,
95.727,7,Atta_7,1838.5,2249.8,281.2,-62.3,-0.9,,,,
95.727,8,Atta_8,3079.9,2187.0,6.7,-11.2,0.2,,,,
95.727,9,Atta_9,3245.8,2093.7,340.7,-55.6,2.5,,,,
95.727,10,Atta_10,1283.1,2109.2,249.8,44.1,0.1,,,,
95.793,1,Atta_1,1540.4,1838.1,282.0,11.7,1.1,,,,
95.793,2,Atta_2,3062.2,507.8,17.5,-94.1,-1.5,,,,
95.793,3,Atta_3,3520.0,635.0,94.8,-11.6,0.2,,,,
95.793,4,Atta_4,1800.3,817.5,359.0,53.2,6.0,,,,
95.793,5,Atta_5,2363.9,1405.7,328.2,-34.9,1.8,,,,
95.793,6,Atta_6,2775.4,928.0,26.1,118.3,0.9,,,,
95.793,7,Atta_7,1770.2,2271.3,285.8,-71.6,4.6,,,,
95.793,8,Atta_8,3128.0,2248.4,3.2,78.0,-3.5,,,,
95.793,9,Atta_9,3284.1,2072.5,340.4,43.8,-0.3,,,,
95.793,10,Atta_10,1302.9,2162.8,255.3,-57.1,5.5,,,,
95.862,1,Atta_1,1526.0,1849.3,283.6,-18.2,1.6,,,,
95.862,2,Atta_2,3131.0,539.8,8.9,75.9,-8.6,,,,
95.862,3,Atta_3,3543.3,600.4,93.9,-41.7,-0.9,,,,
95.862,4,Atta_4,1791.2,876.1,359.5,-59.3,0.5,,,,
95.862,5,Atta_5,2386.7,1381.2,329.3,33.5,1.1,,,,
95.862,6,Atta_6,2792.5,910.1,31.5,24.8,5.4,,,,
95.862,7,Atta_7,1855.8,2306.1,282.2,-92.4,-3.6,,,,
95.862,8,Atta_8,3105.1,2204.9,5.1,-49.2,1.9,,,,
95.862,9,Atta_9,3262.0,2120.4,337.4,-52.8,-3.0,,,,
95.862,10,Atta_10,1269.4,2166.5,260.7,33.7,5.4,,,,
95.916,1,Atta_1,1531.2,1845.4,273.5,6.5,-10.1,,,,
95.916,2,Atta_2,3119.6,569.5,11.0,-31.8,2.1,,,,
95.916,3,Atta_3,3521.4,595.4,94.9,-22.5,1.0,,,,
95.916,4,Atta_4,1777.9,881.8,355.1,-14.5,-4.4,,,,
95.916,5,Atta_5,2332.7,1375.5,325.6,-54.3,-3.7,,,,
95.916,6,Atta_6,2768.9,907.4,40.0,-23.8,8.5,,,,
95.916,7,Atta_7,1891.4,2162.3,282.6,148.1,0.4,,,,
95.916,8,Atta_8,3119.3,2175.1,2.6,33.0,-2.5,,,,
95.916,9,Atta_9,3231.9,2021.2,338.5,103.7,1.1,,,,
95.916,10,Atta_10,1307.2,2104.2,266.5,72.9,5.8,,,,
95.985,1,Atta_1,1591.8,1791.2,280.7,81.3,7.2,,,,
95.985,2,Atta_2,3082.1,587.0,7.6,-41.4,-3.4,,,,
95.985,3,Atta_3,3518.2,645.7,97.5,50.4,2.6,,,,
95.985,4,Atta_4,1819.3,891.6,356.5,42.5,1.4,,,,
95.985,5,Atta_5,2348.3,1387.3,329.1,19.6,3.5,,,,
95.985,6,Atta_6,2772.7,883.0,43.4,-24.7,3.4,,,,
95.985,7,Atta_7,1818.3,2201.5,286.7,-82.9,4.1,,,,
95.985,8,Atta_8,3042.9,2222.7,3.4,-90.0,0.8,,,,
95.985,9,Atta_9,3239.4,2070.6,341.2,-50.0,2.7,,,,
95.985,10,Atta_10,1275.9,2097.8,271.1,31.9,4.6,,,,
96.055,1,Atta_1,1565.2,1795.8,281.9,-27.0,1.2,,,,
96.055,2,Atta_2,3123.9,561.2,1.9,49.1,-5.7,,,,
96.055,3,Atta_3,3587.3,668.0,96.2,72.6,-1.3,,,,
96.055,4,Atta_4,1711.6,869.8,355.8,-109.9,-0.7,,,,
96.055,5,Atta_5,2391.1,1388.3,327.0,42.8,-2.1,,,,
96.055,6,Atta_6,2745.3,872.7,45.1,-29.3,1.7,,,,
96.055,7,Atta_7,1847.5,2189.5,281.2,31.6,-5.5,,,,
96.055,8,Atta_8,3123.2,2231.8,3.5,80.8,0.1,,,,
96.055,9,Atta_9,3204.4,2104.7,341.0,-48.9,-0.2,,,,
96.055,10,Atta_10,1310.4,2152.8,278.7,-64.9,7.6,,,,
96.124,1,Atta_1,1562.0,1765.1,279.3,30.9,-2.6,,,,
96.124,2,Atta_2,3082.4,527.9,357.1,-53.2,-4.8,,,,
96.124,3,Atta_3,3505.4,638.2,97.3,-87.2,1.1,,,,
96.124,4,Atta_4,1736.0,877.4,355.8,25.6,0.0,,,,
96.124,5,Atta_5,2359.4,1375.0,324.4,-34.4,-2.6,,,,
96.124,6,Atta_6,2798.6,864.6,49.7,53.9,4.6,,,,
96.124,7,Atta_7,1785.0,2222.1,279.8,-70.5,-1.4,,,,
96.124,8,Atta_8,3088.9,2209.9,9.4,-40.7,5.9,,,,
96.124,9,Atta_9,3254.2,2067.4,338.4,62.2,-2.6,,,,
96.124,10,Atta_10,1314.1,2165.9,282.4,-13.6,3.7,,,,
96.238,1,Atta_1,1486.3,1761.6,282.1,-75.8,2.8,,,,
96.238,2,Atta_2,3130.6,524.6,355.2,48.3,-1.9,,,,
96.238,3,Atta_3,3487.7,635.3,93.7,-17.9,-3.6,,,,
96.238,4,Atta_4,1737.3,907.9,4.7,-30.5,8.9,,,,
96.238,5,Atta_5,2399.1,1379.1,329.5,39.9,5.1,,,,
96.238,6,Atta_6,2772.5,925.6,56.7,66.3,7.0,,,,
96.238,7,Atta_7,1809.3,2219.0,283.3,24.5,3.5,,,,
96.238,8,Atta_8,3166.0,2188.0,6.7,80.1,-2.7,,,,
96.238,9,Atta_9,3268.9,2113.8,335.5,-48.7,-2.9,,,,
96.238,10,Atta_10,1321.9,2112.4,285.3,54.1,2.9,,,,
96.305,1,Atta_1,1539.7,1766.2,282.0,53.6,-0.1,,,,
96.305,2,Atta_2,3072.6,525.7,352.7,-58.0,-2.5,,,,
96.305,3,Atta_3,3512.5,685.8,94.9,56.3,1.2,,,,
96.305,4,Atta_4,1710.3,856.7,9.8,-57.9,5.1,,,,
96.305,5,Atta_5,2329.2,1362.3,328.5,-71.9,-1.0,,,,
96.305,6,Atta_6,2780.5,927.6,69.7,8.2,13.0,,,,
96.305,7,Atta_7,1796.4,2197.9,290.5,24.7,7.2,,,,
96.305,8,Atta_8,3187.5,2174.2,6.6,25.5,-0.1,,,,
96.305,9,Atta_9,3239.0,2055.8,337.5,-65.3,2.0,,,,
96.305,10,Atta_10,1281.4,2122.2,295.7,-41.7,10.4,,,,
96.437,1,Atta_1,1561.0,1772.4,280.4,-22.2,-1.6,,,,
96.437,2,Atta_2,3113.1,515.5,350.4,41.8,-2.3,,,,
96.437,3,Atta_3,3483.7,683.2,93.2,-28.9,-1.7,,,,
96.437,4,Atta_4,1724.2,872.8,12.6,21.3,2.8,,,,
96.437,5,Atta_5,2395.8,1352.6,329.5,67.3,1.0,,,,
96.437,6,Atta_6,2758.1,911.6,67.7,-27.5,-2.0,,,,
96.437,7,Atta_7,1861.3,2156.4,296.2,77.0,5.7,,,,
96.437,8,Atta_8,3166.7,2215.3,3.4,-46.1,-3.2,,,,
96.437,9,Atta_9,3201.3,2089.0,339.0,-50.2,1.5,,,,
96.437,10,Atta_10,1268.3,2180.9,297.5,-60.1,1.8,,,,
96.505,1,Atta_1,1575.2,1716.3,279.2,57.9,-1.2,,,,
96.505,2,Atta_2,3100.2,473.3,356.6,-44.1,6.2,,,,
96.505,3,Atta_3,3528.5,734.2,94.4,67.9,1.2,,,,
96.505,4,Atta_4,1670.2,824.4,19.8,-72.5,7.2,,,,
96.505,5,Atta_5,2397.7,1379.7,326.6,-27.2,-2.9,,,,
96.505,6,Atta_6,2775.1,858.3,73.0,-55.9,5.3,,,,
96.505,7,Atta_7,1811.8,2183.8,300.3,-56.6,4.1,,,,
96.505,8,Atta_8,3192.5,2159.5,5.9,61.5,2.5,,,,
96.505,9,Atta_9,3258.4,2099.3,342.1,58.0,3.1,,,,
96.505,10,Atta_10,1293.6,2102.0,303.0,82.9,5.5,,,,
96.575,1,Atta_1,1544.0,1763.2,285.0,-56.3,5.8,,,,
96.575,2,Atta_2,3147.1,552.8,355.4,92.3,-1.2,,,,
96.575,3,Atta_3,3481.6,703.1,95.4,-56.3,1.0,,,,
96.575,4,Atta_4,1695.0,805.2,22.9,31.4,3.1,,,,
96.575,5,Atta_5,2435.0,1321.2,326.3,69.4,-0.3,,,,
96.575,6,Atta_6,2730.9,882.7,77.1,50.5,4.1,,,,
96.575,7,Atta_7,1794.3,2154.9,304.9,33.8,4.6,,,,
96.575,8,Atta_8,3189.2,2163.6,2.7,-5.3,-3.2,,,,
96.575,9,Atta_9,3277.4,2137.9,339.4,43.0,-2.7,,,,
96.575,10,Atta_10,1285.4,2101.3,305.3,-8.2,2.3,,,,
96.64,1,Atta_1,1588.3,1760.7,290.9,44.4,5.9,,,,
96.64,2,Atta_2,3159.8,554.0,353.0,12.8,-2.4,,,,
96.64,3,Atta_3,3577.6,759.3,94.6,111.2,-0.8,,,,
96.64,4,Atta_4,1668.0,831.9,29.9,-38.0,7.0,,,,
96.64,5,Atta_5,2397.7,1299.5,328.3,-43.2,2.0,,,,
96.64,6,Atta_6,2802.9,923.2,82.0,82.6,4.9,,,,
96.64,7,Atta_7,1865.2,2165.6,305.5,71.7,0.6,,,,
96.64,8,Atta_8,3173.6,2269.8,3.4,-107.3,0.7,,,,
96.64,9,Atta_9,3258.0,2057.0,335.8,83.2,-3.6,,,,
96.64,10,Atta_10,1263.7,2133.8,309.3,-39.1,4.0,,,,
96.709,1,Atta_1,1576.9,1700.8,298.1,61.0,7.2,,,,
96.709,2,Atta_2,3121.0,520.1,352.7,-51.5,-0.3,,,,
96.709,3,Atta_3,3500.4,762.5,92.2,77.3,-2.4,,,,
96.709,4,Atta_4,1804.7,862.9,33.0,140.2,3.1,,,,
96.709,5,Atta_5,2420.1,1274.6,326.9,33.5,-1.4,,,,
96.709,6,Atta_6,2702.0,913.2,83.7,-101.4,1.7,,,,
96.709,7,Atta_7,1834.6,2182.7,315.9,-35.1,10.4,,,,
96.709,8,Atta_8,3242.9,2193.4,4.7,103.1,1.3,,,,
96.709,9,Atta_9,3208.5,2069.1,342.9,-51.0,7.1,,,,
96.709,10,Atta_10,1298.9,2086.2,315.6,59.2,6.3,,,,
96.778,1,Atta_1,1516.0,1727.0,297.5,-66.3,-0.6,,,,
96.778,2,Atta_2,3148.7,485.3,353.5,44.5,0.8,,,,
96.778,3,Atta_3,3539.8,756.5,96.4,-39.9,4.2,,,,
96.778,4,Atta_4,1719.7,818.3,40.9,-96.0,7.9,,,,
96.778,5,Atta_5,2419.3,1289.4,327.2,-14.8,0.3,,,,
96.778,6,Atta_6,2771.3,909.0,98.8,69.4,15.1,,,,
96.778,7,Atta_7,1810.4,2141.3,316.8,48.0,0.9,,,,
96.778,8,Atta_8,3259.5,2208.8,10.7,22.6,6.0,,,,
96.778,9,Atta_9,3258.4,2068.9,341.0,49.9,-1.9,,,,
96.778,10,Atta_10,1271.7,2156.8,322.2,-75.7,6.6,,,,
96.849,1,Atta_1,1570.8,1761.6,304.7,-64.8,7.2,,,,
96.849,2,Atta_2,3159.5,573.1,356.5,88.5,3.0,,,,
96.849,3,Atta_3,3540.3,766.5,103.8,10.0,7.4,,,,
96.849,4,Atta_4,1724.7,852.1,38.9,34.2,-2.0,,,,
96.849,5,Atta_5,2480.3,1305.4,326.8,63.1,-0.4,,,,
96.849,6,Atta_6,2715.9,911.1,94.3,55.4,-4.5,,,,
96.849,7,Atta_7,1828.2,2145.3,321.6,18.2,4.8,,,,
96.849,8,Atta_8,3245.2,2243.1,4.5,-37.2,-6.2,,,,
96.849,9,Atta_9,3254.1,2093.6,339.4,-25.1,-1.6,,,,
96.849,10,Atta_10,1255.7,2107.8,320.3,51.5,-1.9,,,,
96.903,1,Atta_1,1570.3,1728.8,311.8,32.8,7.1,,,,
96.903,2,Atta_2,3215.6,518.5,353.7,78.3,-2.8,,,,
96.903,3,Atta_3,3512.3,764.4,103.2,28.1,-0.6,,,,
96.903,4,Atta_4,1767.1,843.9,46.3,43.2,7.4,,,,
96.903,5,Atta_5,2496.1,1297.6,328.6,17.6,1.8,,,,
96.903,6,Atta_6,2739.6,914.4,99.1,23.9,4.8,,,,
96.903,7,Atta_7,1765.8,2114.1,331.9,-69.8,10.3,,,,
96.903,8,Atta_8,3256.7,2221.8,5.3,24.2,0.8,,,,
96.903,9,Atta_9,3269.3,2060.7,337.8,36.2,-1.6,,,,
96.903,10,Atta_10,1290.9,2098.8,329.0,36.3,8.7,,,,
96.968,1,Atta_1,1546.0,1736.1,312.2,-25.4,0.4,,,,
96.968,2,Atta_2,3177.4,504.9,351.9,-40.5,-1.8,,,,
96.968,3,Atta_3,3502.5,784.4,112.6,22.3,9.4,,,,
96.968,4,Atta_4,1720.4,827.3,48.4,-49.6,2.1,,,,
96.968,5,Atta_5,2472.7,1281.7,327.4,-28.3,-1.2,,,,
96.968,6,Atta_6,2768.8,881.7,107.1,-43.8,8.0,,,,
96.968,7,Atta_7,1860.7,2173.1,332.9,111.7,1.0,,,,
96.968,8,Atta_8,3281.7,2203.4,4.8,31.0,-0.5,,,,
96.968,9,Atta_9,3276.6,2075.7,342.0,16.7,4.2,,,,
96.968,10,Atta_10,1267.7,2129.8,336.0,-38.7,7.0,,,,
97.036,1,Atta_1,1595.8,1755.4,317.4,53.4,5.2,,,,
97.036,2,Atta_2,3210.1,494.2,355.5,34.4,3.6,,,,
97.036,3,Atta_3,3542.7,748.4,116.6,-54.0,4.0,,,,
97.036,4,Atta_4,1793.1,877.5,56.0,88.3,7.6,,,,
97.036,5,Atta_5,2493.7,1268.8,329.4,24.6,2.0,,,,
97.036,6,Atta_6,2744.9,872.3,105.9,-25.7,-1.2,,,,
97.036,7,Atta_7,1770.9,2215.5,334.3,-99.3,1.4,,,,
97.036,8,Atta_8,3256.9,2218.1,2.0,-28.8,-2.8,,,,
97.036,9,Atta_9,3259.8,2130.9,338.3,-57.7,-3.7,,,,
97.036,10,Atta_10,1206.9,2090.9,338.9,-72.2,2.9,,,,
97.09,1,Atta_1,1601.5,1775.1,323.7,-20.5,6.3,,,,
97.09,2,Atta_2,3181.1,548.8,357.1,-61.8,1.6,,,,
97.09,3,Atta_3,3458.6,764.9,120.5,85.7,3.9,,,,
97.09,4,Atta_4,1699.1,865.4,59.9,-94.8,3.9,,,,
97.09,5,Atta_5,2434.9,1318.2,327.8,-76.8,-1.6,,,,
97.09,6,Atta_6,2759.4,873.4,111.0,-14.5,5.1,,,,
97.09,7,Atta_7,1809.4,2153.2,342.7,73.2,8.4,,,,
97.09,8,Atta_8,3300.8,2155.6,6.6,76.4,4.6,,,,
97.09,9,Atta_9,3245.4,2113.6,340.8,-22.5,2.5,,,,
97.09,10,Atta_10,1228.4,2153.2,343.3,-65.9,4.4,,,,
97.159,1,Atta_1,1608.7,1712.7,328.0,62.8,4.3,,,,
97.159,2,Atta_2,3219.8,576.2,352.4,47.4,-4.7,,,,
97.159,3,Atta_3,3496.7,720.0,124.1,-58.9,3.6,,,,
97.159,4,Atta_4,1759.3,844.4,61.5,63.8,1.6,,,,
97.159,5,Atta_5,2515.3,1210.8,325.1,134.2,-2.7,,,,
97.159,6,Atta_6,2748.9,934.0,117.2,61.5,6.2,,,,
97.159,7,Atta_7,1814.8,2161.4,343.5,9.8,0.8,,,,
97.159,8,Atta_8,3375.4,2189.9,4.3,82.1,-2.3,,,,
97.159,9,Atta_9,3238.2,2130.5,336.4,-18.4,-4.4,,,,
97.159,10,Atta_10,1322.3,2128.4,347.2,97.1,3.9,,,,
97.213,1,Atta_1,1525.1,1738.8,335.3,-87.6,7.3,,,,
97.213,2,Atta_2,3254.8,517.8,354.5,68.1,2.1,,,,
97.213,3,Atta_3,3530.1,765.8,127.9,56.7,3.8,,,,
97.213,4,Atta_4,1712.2,833.5,69.0,-48.3,7.5,,,,
97.213,5,Atta_5,2507.2,1276.1,328.9,-65.8,3.8,,,,
97.213,6,Atta_6,2727.4,919.6,119.8,-25.9,2.6,,,,
97.213,7,Atta_7,1870.0,2195.3,347.7,64.8,4.2,,,,
97.213,8,Atta_8,3292.3,2185.7,4.3,-83.2,0.0,,,,
97.213,9,Atta_9,3286.6,2053.2,340.7,91.2,4.3,,,,
97.213,10,Atta_10,1255.0,2104.5,342.2,-71.4,-5.0,,,,
97.282,1,Atta_1,1555.2,1712.1,333.7,40.2,-1.6,,,,
97.282,2,Atta_2,3253.4,529.0,354.3,-11.3,-0.2,,,,
97.282,3,Atta_3,3480.4,787.9,134.7,54.4,6.8,,,,
97.282,4,Atta_4,1724.9,844.5,70.1,16.8,1.1,,,,
97.282,5,Atta_5,2522.5,1267.0,329.0,17.8,0.1,,,,
97.282,6,Atta_6,2769.9,892.8,128.0,-50.2,8.2,,,,
97.282,7,Atta_7,1808.4,2164.2,351.6,-69.0,3.9,,,,
97.282,8,Atta_8,3291.9,2231.9,6.0,46.2,1.7,,,,
97.282,9,Atta_9,3240.6,2037.4,336.3,-48.6,-4.4,,,,
97.282,10,Atta_10,1298.7,2098.5,345.7,44.1,3.5,,,,
97.354,1,Atta_1,1569.6,1750.0,341.0,-40.5,7.3,,,,
97.354,2,Atta_2,3250.0,552.4,357.8,-23.6,3.5,,,,
97.354,3,Atta_3,3492.1,752.8,139.9,-37.0,5.2,,,,
97.354,4,Atta_4,1753.9,900.8,78.2,63.3,8.1,,,,
97.354,5,Atta_5,2523.1,1232.8,328.6,34.2,-0.4,,,,
97.354,6,Atta_6,2799.6,879.2,134.1,-32.7,6.1,,,,
97.354,7,Atta_7,1853.5,2163.5,348.0,45.1,-3.6,,,,
97.354,8,Atta_8,3325.5,2250.7,6.8,38.5,0.8,,,,
97.354,9,Atta_9,3208.4,2062.5,340.1,-40.8,3.8,,,,
97.354,10,Atta_10,1341.4,2128.5,344.5,52.2,-1.2,,,,
97.416,1,Atta_1,1536.3,1734.9,343.7,-36.6,2.7,,,,
97.416,2,Atta_2,3232.9,549.3,3.4,-17.4,5.6,,,,
97.416,3,Atta_3,3509.1,794.9,141.2,45.4,1.3,,,,
97.416,4,Atta_4,1777.2,837.7,80.2,-67.3,2.0,,,,
97.416,5,Atta_5,2521.2,1249.4,327.5,-16.7,-1.1,,,,
97.416,6,Atta_6,2756.0,931.0,136.9,67.7,2.8,,,,
97.416,7,Atta_7,1825.4,2147.3,352.1,-32.4,4.1,,,,
97.416,8,Atta_8,3345.5,2209.8,5.8,45.5,-1.0,,,,
97.416,9,Atta_9,3258.7,2073.6,339.3,51.5,-0.8,,,,
97.416,10,Atta_10,1288.7,2114.3,347.6,-54.6,3.1,,,,
97.486,1,Atta_1,1561.1,1734.4,342.5,24.8,-1.2,,,,
97.486,2,Atta_2,3229.6,544.1,7.1,-6.2,3.7,,,,
97.486,3,Atta_3,3547.2,756.5,149.8,-54.1,8.6,,,,
97.486,4,Atta_4,1760.5,862.9,89.1,30.2,8.9,,,,
97.486,5,Atta_5,2558.3,1337.3,329.8,-95.4,2.3,,,,
97.486,6,Atta_6,2776.7,923.2,141.8,-22.1,4.9,,,,
97.486,7,Atta_7,1800.1,2192.4,351.7,-51.7,-0.4,,,,
97.486,8,Atta_8,3367.1,2233.3,5.9,31.9,0.1,,,,
97.486,9,Atta_9,3253.6,2088.7,341.7,-15.9,2.4,,,,
97.486,10,Atta_10,1295.4,2150.4,345.6,-36.7,-2.0,,,,
97.555,1,Atta_1,1543.0,1702.0,341.2,-37.1,-1.3,,,,
97.555,2,Atta_2,3253.9,533.2,10.2,26.6,3.1,,,,
97.555,3,Atta_3,3483.7,793.6,152.4,73.5,2.6,,,,
97.555,4,Atta_4,1647.0,893.8,88.9,117.6,-0.2,,,,
97.555,5,Atta_5,2543.7,1282.0,330.1,57.2,0.3,,,,
97.555,6,Atta_6,2736.2,878.3,142.1,60.5,0.3,,,,
97.555,7,Atta_7,1813.7,2182.4,349.9,16.9,-1.8,,,,
97.555,8,Atta_8,3352.1,2265.7,9.1,-35.7,3.2,,,,
97.555,9,Atta_9,3261.4,2112.1,337.6,24.7,-4.1,,,,
97.555,10,Atta_10,1330.5,2075.6,345.6,82.6,0.0,,,,
97.607,1,Atta_1,1570.3,1761.5,347.9,65.5,6.7,,,,
97.607,2,Atta_2,3241.4,561.8,15.0,-31.2,4.8,,,,
97.607,3,Atta_3,3489.8,756.8,156.5,-37.3,4.1,,,,
97.607,4,Atta_4,1749.5,841.7,92.0,-115.0,3.1,,,,
97.607,5,Atta_5,2544.3,1229.7,324.6,52.3,-5.5,,,,
97.607,6,Atta_6,2746.7,897.9,149.6,22.2,7.5,,,,
97.607,7,Atta_7,1826.9,2140.3,350.7,44.1,0.8,,,,
97.607,8,Atta_8,3339.6,2203.4,8.7,-63.5,-0.4,,,,
97.607,9,Atta_9,3219.6,2005.6,337.3,114.4,-0.3,,,,
97.607,10,Atta_10,1361.4,2122.3,346.3,56.0,0.7,,,,
97.672,1,Atta_1,1540.4,1739.5,344.3,-37.1,-3.6,,,,
97.672,2,Atta_2,3265.4,510.1,26.6,57.0,11.6,,,,
97.672,3,Atta_3,3454.9,761.4,160.7,35.2,4.2,,,,
97.672,4,Atta_4,1723.4,830.7,86.2,-28.3,-5.8,,,,
97.672,5,Atta_5,2567.1,1197.5,316.8,39.5,-7.8,,,,
97.672,6,Atta_6,2722.5,862.4,155.6,43.0,6.0,,,,
97.672,7,Atta_7,1845.3,2118.1,352.0,28.8,1.3,,,,
97.672,8,Atta_8,3387.9,2212.1,12.5,49.1,3.8,,,,
97.672,9,Atta_9,3244.1,2092.0,339.7,-89.8,2.4,,,,
97.672,10,Atta_10,1348.9,2145.3,342.5,-26.2,-3.8,,,,
97.805,1,Atta_1,1588.9,1740.0,342.1,48.5,-2.2,,,,
97.805,2,Atta_2,3224.7,477.3,26.6,-52.3,0.0,,,,
97.805,3,Atta_3,3567.8,727.6,161.3,-117.9,0.6,,,,
97.805,4,Atta_4,1693.6,863.0,87.1,43.9,0.9,,,,
97.805,5,Atta_5,2661.6,1294.2,317.2,135.2,0.4,,,,
97.805,6,Atta_6,2771.4,857.8,156.8,-49.1,1.2,,,,
97.805,7,Atta_7,1824.6,2137.5,351.0,-28.4,-1.0,,,,
97.805,8,Atta_8,3300.9,2159.7,9.9,-101.6,-2.6,,,,
97.805,9,Atta_9,3252.3,2096.4,340.5,9.3,0.8,,,,
97.805,10,Atta_10,1359.6,2126.2,346.2,21.9,3.7,,,,
97.859,1,Atta_1,1558.7,1743.3,347.1,-30.4,5.0,,,,
97.859,2,Atta_2,3259.3,511.2,33.0,48.4,6.4,,,,
97.859,3,Atta_3,3504.6,725.4,168.8,63.2,7.5,,,,
97.859,4,Atta_4,1689.2,830.8,92.5,-32.5,5.4,,,,
97.859,5,Atta_5,2637.7,1221.7,313.6,76.3,-3.6,,,,
97.859,6,Atta_6,2791.8,934.5,160.6,79.4,3.8,,,,
97.859,7,Atta_7,1878.1,2186.7,350.8,72.7,-0.2,,,,
97.859,8,Atta_8,3384.1,2272.6,11.7,140.2,1.8,,,,
97.859,9,Atta_9,3225.3,2075.9,339.8,-33.9,-0.7,,,,
97.859,10,Atta_10,1345.8,2063.0,346.1,64.7,-0.1,,,,
97.93,1,Atta_1,1591.3,1730.1,343.3,35.2,-3.8,,,,
97.93,2,Atta_2,3214.4,617.9,36.3,115.8,3.3,,,,
97.93,3,Atta_3,3512.6,732.9,175.1,-11.0,6.3,,,,
97.93,4,Atta_4,1728.6,887.1,87.5,68.7,-5.0,,,,
97.93,5,Atta_5,2511.1,1237.6,305.9,-127.6,-7.7,,,,
97.93,6,Atta_6,2721.2,958.7,170.5,74.6,9.9,,,,
97.93,7,Atta_7,1954.7,2125.1,351.1,98.3,0.3,,,,
97.93,8,Atta_8,3315.8,2238.7,10.0,-76.3,-1.7,,,,
97.93,9,Atta_9,3219.6,2091.5,340.1,-16.6,0.3,,,,
97.93,10,Atta_10,1319.1,2115.9,346.3,-59.3,0.2,,,,
97.981,1,Atta_1,1606.5,1693.1,342.9,40.0,-0.4,,,,
97.981,2,Atta_2,3230.1,504.3,39.2,-114.7,2.9,,,,
97.981,3,Atta_3,3518.1,786.9,180.6,-54.3,5.5,,,,
97.981,4,Atta_4,1700.8,890.1,93.5,28.0,6.0,,,,
97.981,5,Atta_5,2559.6,1223.6,298.6,50.5,-7.3,,,,
97.981,6,Atta_6,2755.1,876.7,167.2,-88.7,-3.3,,,,
97.981,7,Atta_7,1897.7,2149.7,350.8,-62.1,-0.3,,,,
97.981,8,Atta_8,3315.9,2193.0,7.3,-45.7,-2.7,,,,
97.981,9,Atta_9,3273.4,2095.0,339.4,53.9,-0.7,,,,
97.981,10,Atta_10,1332.8,2120.3,341.6,14.4,-4.7,,,,
98.051,1,Atta_1,1587.8,1768.9,339.8,-78.1,-3.1,,,,
98.051,2,Atta_2,3268.8,510.4,47.2,39.2,8.0,,,,
98.051,3,Atta_3,3459.5,764.4,182.0,62.8,1.4,,,,
98.051,4,Atta_4,1712.1,882.2,89.2,-13.8,-4.3,,,,
98.051,5,Atta_5,2574.3,1217.7,296.4,15.8,-2.2,,,,
98.051,6,Atta_6,2776.1,889.0,170.0,-24.3,2.8,,,,
98.051,7,Atta_7,1946.4,2107.1,351.4,64.7,0.6,,,,
98.051,8,Atta_8,3342.1,2211.5,6.2,32.1,-1.1,,,,
98.051,9,Atta_9,3245.6,2091.2,338.4,-28.1,-1.0,,,,
98.051,10,Atta_10,1381.9,2082.6,345.2,61.9,3.6,,,,
98.119,1,Atta_1,1599.8,1708.9,339.2,61.2,-0.6,,,,
98.119,2,Atta_2,3244.4,507.9,52.2,-24.5,5.0,,,,
98.119,3,Atta_3,3513.9,742.0,188.1,-58.8,6.1,,,,
98.119,4,Atta_4,1724.6,818.3,89.1,-65.1,-0.1,,,,
98.119,5,Atta_5,2512.8,1247.9,292.2,-68.5,-4.2,,,,
98.119,6,Atta_6,2812.8,893.7,167.9,-37.0,-2.1,,,,
98.119,7,Atta_7,1890.3,2159.5,352.9,-76.8,1.5,,,,
98.119,8,Atta_8,3384.4,2252.9,9.8,59.2,3.6,,,,
98.119,9,Atta_9,3270.7,2065.6,338.4,35.9,0.0,,,,
98.119,10,Atta_10,1344.1,2084.1,345.0,-37.8,-0.2,,,,
98.188,1,Atta_1,1646.1,1749.6,345.1,61.6,5.9,,,,
98.188,2,Atta_2,3221.6,527.5,53.6,30.1,1.4,,,,
98.188,3,Atta_3,3519.5,785.2,191.3,-43.6,3.2,,,,
98.188,4,Atta_4,1741.5,831.9,87.2,21.7,-1.9,,,,
98.188,5,Atta_5,2537.5,1257.4,290.7,26.5,-1.5,,,,
98.188,6,Atta_6,2742.6,870.4,164.8,74.0,-3.1,,,,
98.188,7,Atta_7,1950.1,2150.9,349.1,60.4,-3.8,,,,
98.188,8,Atta_8,3413.6,2244.5,10.4,30.4,0.6,,,,
98.188,9,Atta_9,3295.6,2122.2,339.1,61.8,0.7,,,,
98.188,10,Atta_10,1365.7,2151.6,347.7,70.9,2.7,,,,
98.257,1,Atta_1,1687.0,1779.8,345.0,50.8,-0.1,,,,
98.257,2,Atta_2,3271.0,514.3,58.8,51.1,5.2,,,,
98.257,3,Atta_3,3510.7,776.0,198.1,12.7,6.8,,,,
98.257,4,Atta_4,1717.1,875.6,89.3,50.1,2.1,,,,
98.257,5,Atta_5,2528.7,1242.0,281.4,17.7,-9.3,,,,
98.257,6,Atta_6,2751.8,873.5,169.6,-9.7,4.8,,,,
98.257,7,Atta_7,1936.9,2138.5,347.5,-18.1,-1.6,,,,
98.257,8,Atta_8,3425.6,2231.4,9.8,17.8,-0.6,,,,
98.257,9,Atta_9,3287.7,2101.7,338.1,-22.0,-1.0,,,,
98.257,10,Atta_10,1444.7,2080.4,343.1,106.4,-4.6,,,,
98.312,1,Atta_1,1639.2,1723.7,343.4,-73.7,-1.6,,,,
98.312,2,Atta_2,3204.7,544.9,62.3,-73.0,3.5,,,,
98.312,3,Atta_3,3492.8,725.8,201.3,53.3,3.2,,,,
98.312,4,Atta_4,1749.6,780.2,93.1,-100.8,3.8,,,,
98.312,5,Atta_5,2523.4,1206.3,281.7,36.1,0.3,,,,
98.312,6,Atta_6,2788.9,935.5,167.7,-72.3,-1.9,,,,
98.312,7,Atta_7,1953.4,2151.9,353.2,21.3,5.7,,,,
98.312,8,Atta_8,3435.5,2136.3,8.9,-95.6,-0.9,,,,
98.312,9,Atta_9,3281.8,2086.7,339.0,16.1,0.9,,,,
98.312,10,Atta_10,1447.7,2107.1,346.4,-26.9,3.3,,,,
98.383,1,Atta_1,1678.9,1676.9,341.1,61.4,-2.3,,,,
98.383,2,Atta_2,3219.0,511.7,65.4,-36.1,3.1,,,,
98.383,3,Atta_3,3515.7,821.1,198.2,-98.0,-3.1,,,,
98.383,4,Atta_4,1733.3,735.2,85.9,-47.9,-7.2,,,,
98.383,5,Atta_5,2588.8,1269.9,284.4,-91.2,2.7,,,,
98.383,6,Atta_6,2728.6,906.7,170.8,66.8,3.1,,,,
98.383,7,Atta_7,1908.4,2126.7,350.7,-51.6,-2.5,,,,
98.383,8,Atta_8,3396.1,2233.4,9.3,-104.8,0.4,,,,
98.383,9,Atta_9,3278.2,2160.5,335.5,-73.9,-3.5,,,,
98.383,10,Atta_10,1427.6,2124.9,345.7,-26.8,-0.7,,,,
98.437,1,Atta_1,1642.1,1697.9,342.4,-42.4,1.3,,,,
98.437,2,Atta_2,3234.4,573.7,72.0,63.9,6.6,,,,
98.437,3,Atta_3,3521.5,745.3,204.5,76.0,6.3,,,,
98.437,4,Atta_4,1690.3,775.5,92.3,58.9,6.4,,,,
98.437,5,Atta_5,2578.6,1209.5,282.0,61.3,-2.4,,,,
98.437,6,Atta_6,2715.9,880.4,169.1,29.2,-1.7,,,,
98.437,7,Atta_7,1973.1,2149.6,349.0,68.6,-1.7,,,,
98.437,8,Atta_8,3465.4,2211.8,5.9,72.6,-3.4,,,,
98.437,9,Atta_9,3299.1,2049.4,339.1,113.0,3.6,,,,
98.437,10,Atta_10,1358.9,2104.6,348.5,-71.6,2.8,,,,
98.506,1,Atta_1,1652.9,1680.1,342.2,20.8,-0.2,,,,
98.506,2,Atta_2,3279.5,572.0,77.2,45.1,5.2,,,,
98.506,3,Atta_3,3499.0,722.5,205.3,32.0,0.8,,,,
98.506,4,Atta_4,1650.9,857.0,96.2,90.5,3.9,,,,
98.506,5,Atta_5,2609.1,1200.9,285.5,31.7,3.5,,,,
98.506,6,Atta_6,2740.6,929.6,164.3,-55.1,-4.8,,,,
98.506,7,Atta_7,2004.0,2125.8,348.0,39.0,-1.0,,,,
98.506,8,Atta_8,3472.2,2258.0,5.9,46.7,0.0,,,,
98.506,9,Atta_9,3229.2,2150.9,336.0,-123.2,-3.1,,,,
98.506,10,Atta_10,1441.5,2146.3,344.1,92.5,-4.4,,,,
98.572,1,Atta_1,1707.4,1713.5,343.5,63.9,1.3,,,,
98.572,2,Atta_2,3265.6,540.9,78.1,-34.1,0.9,,,,
98.572,3,Atta_3,3503.4,718.5,204.7,-5.9,-0.6,,,,
98.572,4,Atta_4,1745.3,760.9,105.8,-134.7,9.6,,,,
98.572,5,Atta_5,2597.5,1197.7,281.2,-12.0,-4.3,,,,
98.572,6,Atta_6,2687.6,946.0,166.5,55.5,2.2,,,,
98.572,7,Atta_7,2091.1,2175.3,349.8,100.2,1.8,,,,
98.572,8,Atta_8,3486.8,2277.1,7.8,24.0,1.9,,,,
98.572,9,Atta_9,3270.0,2129.9,343.4,45.9,7.4,,,,
98.572,10,Atta_10,1441.3,2096.7,345.7,49.6,1.6,,,,
98.704,1,Atta_1,1761.0,1735.1,344.6,57.8,1.1,,,,
98.704,2,Atta_2,3305.0,535.5,90.6,39.8,12.5,,,,
98.704,3,Atta_3,3560.0,784.1,205.4,-86.6,0.7,,,,
98.704,4,Atta_4,1695.8,755.9,110.3,49.8,4.5,,,,
98.704,5,Atta_5,2515.8,1281.6,280.8,-117.1,-0.4,,,,
98.704,6,Atta_6,2672.2,942.0,166.9,15.9,0.4,,,,
98.704,7,Atta_7,1984.6,2114.4,351.2,-122.7,1.4,,,,
98.704,8,Atta_8,3432.7,2219.4,2.0,-79.1,-5.8,,,,
98.704,9,Atta_9,3259.5,2056.2,341.4,74.4,-2.0,,,,
98.704,10,Atta_10,1534.0,2023.5,344.5,118.1,-1.2,,,,
98.775,1,Atta_1,1739.1,1618.6,344.7,118.5,0.1,,,,
98.775,2,Atta_2,3246.3,499.1,95.0,-69.1,4.4,,,,
98.775,3,Atta_3,3533.1,783.2,210.9,26.9,5.5,,,,
98.775,4,Atta_4,1721.9,764.1,120.7,-27.4,10.4,,,,
98.775,5,Atta_5,2547.3,1201.7,281.5,85.9,0.7,,,,
98.775,6,Atta_6,2620.3,951.0,158.8,52.7,-8.1,,,,
98.775,7,Atta_7,2030.3,2143.7,349.2,54.3,-2.0,,,,
98.775,8,Atta_8,3398.2,2196.2,354.3,-41.6,-7.7,,,,
98.775,9,Atta_9,3253.7,2120.3,340.4,-64.4,-1.0,,,,
98.775,10,Atta_10,1453.3,2113.2,345.2,-120.7,0.7,,,,
98.904,1,Atta_1,1764.3,1725.8,344.2,-110.1,-0.5,,,,
98.904,2,Atta_2,3296.9,537.3,98.0,63.4,3.0,,,,
98.904,3,Atta_3,3483.4,747.1,207.1,61.4,-3.8,,,,
98.904,4,Atta_4,1717.6,766.2,116.9,4.8,-3.8,,,,
98.904,5,Atta_5,2590.6,1161.2,283.5,59.3,2.0,,,,
98.904,6,Atta_6,2716.9,908.3,157.2,-105.6,-1.6,,,,
98.904,7,Atta_7,2029.6,2161.6,351.6,-17.9,2.4,,,,
98.904,8,Atta_8,3460.8,2245.6,347.6,79.7,-6.7,,,,
98.904,9,Atta_9,3293.5,2069.4,337.9,64.6,-2.5,,,,
98.904,10,Atta_10,1492.0,2124.9,346.2,40.4,1.0,,,,
98.976,1,Atta_1,1720.6,1710.5,348.6,-46.3,4.4,,,,
98.976,2,Atta_2,3264.5,503.2,103.8,-47.0,5.8,,,,
98.976,3,Atta_3,3442.4,705.8,206.2,58.2,-0.9,,,,
98.976,4,Atta_4,1712.3,772.2,124.3,8.0,7.4,,,,
98.976,6,Atta_6,2712.1,919.4,152.5,12.1,-4.7,,,,
98.976,7,Atta_7,2032.8,2131.8,350.0,30.0,-1.6,,,,
98.976,8,Atta_8,3458.0,2235.7,342.4,-10.3,-5.2,,,,
98.976,9,Atta_9,3223.9,2128.5,340.7,-91.3,2.8,,,,
98.976,10,Atta_10,1499.1,2109.5,346.1,17.0,-0.1,,,,
99.045,1,Atta_1,1763.3,1675.6,345.1,55.1,-3.5,,,,
99.045,2,Atta_2,3205.2,470.9,110.8,-67.5,7.0,,,,
99.045,3,Atta_3,3449.3,735.4,209.2,-30.4,3.0,,,,
99.045,4,Atta_4,1733.0,766.0,132.7,-21.6,8.4,,,,
99.045,5,Atta_5,2636.7,1159.2,282.6,46.1,-0.9,,,,
99.045,6,Atta_6,2655.2,917.0,141.5,57.0,-11.0,,,,
99.045,7,Atta_7,2052.8,2063.6,353.2,71.1,3.2,,,,
99.045,8,Atta_8,3508.1,2176.4,335.5,77.6,-6.9,,,,
99.045,9,Atta_9,3256.0,2090.5,341.3,49.7,0.6,,,,
99.045,10,Atta_10,1550.4,2037.4,347.3,88.5,1.2,,,,
99.181,1,Atta_1,1779.8,1622.9,344.2,55.2,-0.9,,,,
99.181,2,Atta_2,3215.9,602.2,117.3,131.7,6.5,,,,
99.181,3,Atta_3,3433.6,690.9,208.6,47.2,-0.6,,,,
99.181,4,Atta_4,1703.6,842.6,133.0,82.0,0.3,,,,
99.181,5,Atta_5,2576.3,1151.2,281.9,-60.9,-0.7,,,,
99.181,6,Atta_6,2740.5,912.5,138.2,-85.4,-3.3,,,,
99.181,7,Atta_7,2151.8,2126.8,352.4,117.5,-0.8,,,,
99.181,8,Atta_8,3476.8,2210.9,329.4,-46.6,-6.1,,,,
99.181,9,Atta_9,3237.2,2105.3,339.9,-23.9,-1.4,,,,
99.181,10,Atta_10,1538.9,2096.6,350.2,-60.3,2.9,,,,
99.252,1,Atta_1,1809.1,1682.4,345.0,66.3,0.8,,,,
99.252,2,Atta_2,3252.7,513.4,111.8,-96.1,-5.5,,,,
99.252,3,Atta_3,3453.3,714.8,214.8,-31.0,6.2,,,,
99.252,4,Atta_4,1732.9,804.3,147.7,-48.2,14.7,,,,
99.252,5,Atta_5,2623.0,1149.2,284.5,46.7,2.6,,,,
99.252,6,Atta_6,2717.4,972.5,131.7,64.3,-6.5,,,,
99.252,7,Atta_7,2116.7,2117.9,351.4,-36.2,-1.0,,,,
99.252,8,Atta_8,3499.7,2200.2,320.4,25.3,-9.0,,,,
99.252,9,Atta_9,3245.6,2097.1,337.8,11.7,-2.1,,,,
99.252,10,Atta_10,1558.1,2091.9,344.8,19.8,-5.4,,,,
99.373,1,Atta_1,1748.8,1712.4,350.5,-67.4,5.5,,,,
99.373,2,Atta_2,3246.2,516.0,110.4,7.0,-1.4,,,,
99.373,3,Atta_3,3433.3,719.1,216.5,20.5,1.7,,,,
99.373,4,Atta_4,1749.0,795.6,147.3,-18.3,-0.4,,,,
99.373,5,Atta_5,2615.6,1145.1,281.8,8.5,-2.7,,,,
99.373,6,Atta_6,2705.5,930.1,120.4,-44.0,-11.3,,,,
99.373,7,Atta_7,2064.9,2154.3,352.2,-63.3,0.8,,,,
99.373,8,Atta_8,3480.8,2273.7,319.7,-75.9,-0.7,,,,
99.373,9,Atta_9,3264.1,2048.8,338.8,51.7,1.0,,,,
99.373,10,Atta_10,1532.6,2121.9,344.4,-39.4,-0.4,,,,
99.444,1,Atta_1,1787.7,1654.2,347.9,70.0,-2.6,,,,
99.444,2,Atta_2,3253.0,556.1,115.5,40.7,5.1,,,,
99.444,3,Atta_3,3449.8,772.4,222.3,-55.8,5.8,,,,
99.444,4,Atta_4,1706.7,808.3,146.2,44.2,-1.1,,,,
99.444,5,Atta_5,2617.4,1113.9,273.4,31.3,-8.4,,,,
99.444,6,Atta_6,2670.1,932.7,121.3,35.5,0.9,,,,
99.444,7,Atta_7,2147.0,2102.6,352.1,97.0,-0.1,,,,
99.444,8,Atta_8,3534.6,2232.4,315.0,67.8,-4.7,,,,
99.444,9,Atta_9,3301.4,2093.1,336.2,57.9,-2.6,,,,
99.444,10,Atta_10,1586.6,2070.8,344.3,74.3,-0.1,,,,
99.499,1,Atta_1,1800.5,1621.9,348.6,34.7,0.7,,,,
99.499,2,Atta_2,3273.9,529.3,115.3,-34.0,-0.2,,,,
99.499,3,Atta_3,3417.4,738.0,229.4,47.3,7.1,,,,
99.499,4,Atta_4,1672.4,758.7,147.5,60.3,1.3,,,,
99.499,5,Atta_5,2518.2,1103.2,270.9,99.8,-2.5,,,,
99.499,6,Atta_6,2725.6,873.4,116.6,-81.2,-4.7,,,,
99.499,7,Atta_7,2152.5,2115.3,350.9,13.8,-1.2,,,,
99.499,8,Atta_8,3449.7,2226.8,309.4,-85.1,-5.6,,,,
99.499,9,Atta_9,3265.4,2104.1,342.9,-37.6,6.7,,,,
99.499,10,Atta_10,1650.3,2058.3,345.4,64.9,1.1,,,,
99.57,1,Atta_1,1768.7,1698.0,350.8,-82.5,2.2,,,,
99.57,2,Atta_2,3308.3,514.6,114.6,-37.4,-0.7,,,,
99.57,3,Atta_3,3426.5,742.2,233.5,-10.0,4.1,,,,
99.57,4,Atta_4,1774.4,804.4,149.6,-111.8,2.1,,,,
99.57,5,Atta_5,2577.3,1140.4,268.7,-69.8,-2.2,,,,
99.57,6,Atta_6,2716.0,862.5,110.2,-14.5,-6.4,,,,
99.57,7,Atta_7,2090.6,2164.7,351.4,-79.2,0.5,,,,
99.57,8,Atta_8,3389.7,2269.6,304.7,-73.7,-4.7,,,,
99.57,9,Atta_9,3219.5,2075.7,340.0,-54.0,-2.9,,,,
99.57,10,Atta_10,1583.4,2055.9,347.7,-66.9,2.3,,,,
99.621,1,Atta_1,1813.2,1691.3,350.0,45.0,-0.8,,,,
99.621,2,Atta_2,3209.6,506.6,113.1,99.0,-1.5,,,,
99.621,3,Atta_3,3463.9,698.6,232.2,57.4,-1.3,,,,
99.621,4,Atta_4,1718.2,758.8,146.2,72.4,-3.4,,,,
99.621,5,Atta_5,2555.0,1123.6,264.6,27.9,-4.1,,,,
99.621,6,Atta_6,2717.5,942.9,106.1,80.4,-4.1,,,,
99.621,7,Atta_7,2195.4,2119.4,352.5,114.2,1.1,,,,
99.621,8,Atta_8,3486.1,2239.5,299.6,101.0,-5.1,,,,
99.621,9,Atta_9,3213.3,2069.1,341.9,-9.1,1.9,,,,
99.621,10,Atta_10,1557.2,2077.7,342.2,-34.1,-5.5,,,,
99.69,1,Atta_1,1816.2,1634.8,349.1,56.6,-0.9,,,,
99.69,2,Atta_2,3220.8,551.8,111.9,46.6,-1.2,,,,
99.69,3,Atta_3,3418.4,684.9,241.2,47.5,9.0,,,,
99.69,4,Atta_4,1713.4,785.4,146.1,27.0,-0.1,,,,
99.69,5,Atta_5,2593.9,1122.1,257.2,-38.9,-7.4,,,,
99.69,6,Atta_6,2648.1,861.5,101.0,-107.0,-5.1,,,,
99.69,7,Atta_7,2203.6,2072.6,350.1,47.5,-2.4,,,,
99.69,8,Atta_8,3426.1,2191.9,291.2,76.6,-8.4,,,,
99.69,9,Atta_9,3262.8,2127.3,340.6,76.4,-1.3,,,,
99.69,10,Atta_10,1633.8,2027.2,347.3,91.7,5.1,,,,
99.759,1,Atta_1,1818.8,1659.9,353.2,-25.2,4.1,,,,
99.759,2,Atta_2,3207.6,558.9,116.9,15.0,5.0,,,,
99.759,3,Atta_3,3458.3,709.6,244.2,-46.9,3.0,,,,
99.759,4,Atta_4,1721.5,803.9,147.6,20.2,1.5,,,,
99.759,5,Atta_5,2626.6,1072.0,256.8,59.8,-0.4,,,,
99.759,6,Atta_6,2657.4,967.7,93.7,106.6,-7.3,,,,
99.759,7,Atta_7,2199.6,2090.9,350.8,-18.7,0.7,,,,
99.759,8,Atta_8,3367.9,2251.5,292.3,-83.3,1.1,,,,
99.759,9,Atta_9,3274.5,2054.0,341.5,74.2,0.9,,,,
99.759,10,Atta_10,1644.9,2065.3,344.5,39.7,-2.8,,,,
99.825,1,Atta_1,1730.2,1666.6,352.6,-88.9,-0.6,,,,
99.825,2,Atta_2,3231.8,577.8,114.0,30.7,-2.9,,,,
99.825,3,Atta_3,3426.5,766.9,245.0,-65.5,0.8,,,,
99.825,4,Atta_4,1669.3,821.0,147.4,54.9,-0.2,,,,
99.825,5,Atta_5,2580.1,1128.4,249.9,-73.1,-6.9,,,,
99.825,6,Atta_6,2700.4,935.9,94.2,-53.5,0.5,,,,
99.825,7,Atta_7,2266.2,2131.4,348.5,77.9,-2.3,,,,
99.825,8,Atta_8,3473.8,2258.5,286.0,106.1,-6.3,,,,
99.825,9,Atta_9,3210.2,2035.3,346.7,-67.0,5.2,,,,
99.825,10,Atta_10,1670.5,2015.0,345.8,56.4,1.3,,,,
99.896,1,Atta_1,1869.3,1686.5,353.5,140.5,0.9,,,,
99.896,2,Atta_2,3233.2,675.6,111.9,97.8,-2.1,,,,
99.896,3,Atta_3,3449.7,691.1,250.5,79.3,5.5,,,,
99.896,4,Atta_4,1624.2,820.0,146.7,45.1,-0.7,,,,
99.896,5,Atta_5,2597.5,1124.3,247.1,-17.9,-2.8,,,,
99.896,6,Atta_6,2656.7,924.7,90.0,-45.1,-4.2,,,,
99.896,7,Atta_7,2200.6,2119.1,350.1,-66.7,1.6,,,,
99.896,8,Atta_8,3428.4,2204.6,285.0,70.5,-1.0,,,,
99.896,9,Atta_9,3231.2,2127.1,340.0,-94.2,-6.7,,,,
99.896,10,Atta_10,1647.6,2042.2,348.0,-35.6,2.2,,,,
99.958,1,Atta_1,1850.7,1597.6,354.9,-90.8,1.4,,,,
99.958,2,Atta_2,3181.5,626.1,103.8,-71.6,-8.1,,,,
99.958,3,Atta_3,3417.6,747.0,259.0,-64.5,8.5,,,,
99.958,4,Atta_4,1684.8,784.0,150.9,-70.5,4.2,,,,
99.958,5,Atta_5,2644.1,1051.6,238.6,86.4,-8.5,,,,
99.958,6,Atta_6,2656.2,905.9,85.9,-18.8,-4.1,,,,
99.958,7,Atta_7,2188.1,2110.6,353.2,-15.1,3.1,,,,
99.958,8,Atta_8,3426.5,2260.8,279.9,-56.2,-5.1,,,,
99.958,9,Atta_9,3202.4,2040.5,340.3,91.3,0.3,,,,
99.958,10,Atta_10,1683.2,2040.1,345.0,35.7,-3.0,,,,
100.028,1,Atta_1,1824.6,1651.4,350.6,-59.8,-4.3,,,,
100.028,2,Atta_2,3229.5,643.3,104.1,51.0,0.3,,,,
100.028,3,Atta_3,3443.4,718.1,260.6,38.7,1.6,,,,
100.028,4,Atta_4,1651.3,761.0,146.6,40.6,-4.3,,,,
100.028,5,Atta_5,2564.2,1152.8,238.4,-128.9,-0.2,,,,
100.028,6,Atta_6,2717.2,933.6,80.8,67.0,-5.1,,,,
100.028,7,Atta_7,2236.3,2115.6,354.1,48.5,0.9,,,,
100.028,8,Atta_8,3416.4,2190.0,272.1,71.5,-7.8,,,,
100.028,9,Atta_9,3275.8,2087.5,340.3,87.2,0.0,,,,
100.028,10,Atta_10,1670.1,2035.9,343.7,-13.8,-1.3,,,,
100.097,1,Atta_1,1903.1,1610.1,353.8,88.7,3.2,,,,
100.097,2,Atta_2,3193.9,556.3,100.5,-94.0,-3.6,,,,
100.097,3,Atta_3,3488.8,768.0,267.2,-67.5,6.6,,,,
100.097,4,Atta_4,1703.6,797.2,146.6,-63.6,0.0,,,,
100.097,5,Atta_5,2619.2,1115.2,236.9,66.6,-1.5,,,,
100.097,6,Atta_6,2734.5,915.1,74.4,-25.3,-6.4,,,,
100.097,7,Atta_7,2238.7,2116.6,349.4,2.6,-4.7,,,,
100.097,8,Atta_8,3410.8,2221.3,270.5,-31.8,-1.6,,,,
100.097,9,Atta_9,3289.4,2119.7,339.1,35.0,-1.2,,,,
100.097,10,Atta_10,1706.2,2022.4,347.5,38.5,3.8,,,,
100.151,1,Atta_1,1865.1,1671.8,349.9,-72.5,-3.9,,,,
100.151,2,Atta_2,3183.9,640.4,93.9,84.7,-6.6,,,,
100.151,3,Atta_3,3402.0,710.8,272.6,104.0,5.4,,,,
100.151,4,Atta_4,1648.9,817.9,143.8,58.5,-2.8,,,,
100.151,5,Atta_5,2617.0,1105.2,226.4,10.2,-10.5,,,,
100.151,6,Atta_6,2674.0,875.5,73.6,-72.3,-0.8,,,,
100.151,7,Atta_7,2230.6,2120.0,352.0,-8.8,2.6,,,,
100.151,8,Atta_8,3445.8,2246.1,270.9,-42.9,0.4,,,,
100.151,9,Atta_9,3181.9,2154.1,340.5,-112.9,1.4,,,,
100.151,10,Atta_10,1733.8,2016.9,345.5,28.1,-2.0,,,,
100.22,1,Atta_1,1895.8,1647.3,352.1,39.3,2.2,,,,
100.22,2,Atta_2,3248.4,588.3,89.5,-82.9,-4.4,,,,
100.22,3,Atta_3,3439.9,713.8,276.3,-38.0,3.7,,,,
100.22,4,Atta_4,1641.0,870.8,153.6,53.5,9.8,,,,
100.22,5,Atta_5,2605.6,1127.7,221.4,-25.2,-5.0,,,,
100.22,6,Atta_6,2642.0,972.4,69.7,102.0,-3.9,,,,
100.22,7,Atta_7,2300.4,2090.0,348.3,76.0,-3.7,,,,
100.22,8,Atta_8,3378.9,2253.8,272.3,-67.3,1.4,,,,
100.22,9,Atta_9,3242.6,2088.9,341.7,89.1,1.2,,,,
100.22,10,Atta_10,1747.8,1998.3,345.2,23.3,-0.3,,,,
100.345,1,Atta_1,1922.7,1669.9,349.7,35.1,-2.4,,,,
100.345,2,Atta_2,3185.2,538.0,81.6,-80.8,-7.9,,,,
100.345,3,Atta_3,3472.4,728.7,279.9,-35.8,3.6,,,,
100.345,4,Atta_4,1655.1,839.5,146.8,-34.3,-6.8,,,,
100.345,5,Atta_5,2604.1,1151.9,220.0,-24.2,-1.4,,,,
100.345,6,Atta_6,2688.7,876.7,64.8,-106.5,-4.9,,,,
100.345,7,Atta_7,2253.7,2068.5,349.7,-51.4,1.4,,,,
100.345,8,Atta_8,3466.3,2250.9,271.2,87.4,-1.1,,,,
100.345,9,Atta_9,3246.6,2125.9,336.1,-37.2,-5.6,,,,
100.345,10,Atta_10,1762.7,2004.1,345.1,16.0,-0.1,,,,
100.414,1,Atta_1,1915.7,1647.3,354.5,-23.7,4.8,,,,
100.414,2,Atta_2,3233.2,590.7,76.9,71.3,-4.7,,,,
100.414,3,Atta_3,3463.3,736.7,284.6,-12.1,4.7,,,,
100.414,4,Atta_4,1641.0,819.9,145.1,24.1,-1.7,,,,
100.414,5,Atta_5,2598.6,1108.4,213.8,43.8,-6.2,,,,
100.414,6,Atta_6,2679.2,913.0,57.8,37.5,-7.0,,,,
100.414,7,Atta_7,2269.2,2057.7,352.4,18.9,2.7,,,,
100.414,8,Atta_8,3420.2,2270.6,269.1,-50.1,-2.1,,,,
100.414,9,Atta_9,3248.7,2071.7,339.2,54.2,3.1,,,,
100.414,10,Atta_10,1789.9,2032.8,345.4,39.5,0.3,,,,
100.482,1,Atta_1,1877.8,1608.9,348.7,-54.0,-5.8,,,,
100.482,2,Atta_2,3166.8,601.9,75.1,-67.3,-1.8,,,,
100.482,3,Atta_3,3441.7,751.0,293.2,-25.9,8.6,,,,
100.482,4,Atta_4,1615.5,857.9,140.9,45.8,-4.2,,,,
100.482,5,Atta_5,2625.4,1120.1,203.4,-29.2,-10.4,,,,
100.482,6,Atta_6,2760.0,927.9,51.1,82.2,-6.7,,,,
100.482,7,Atta_7,2301.0,2084.2,350.9,41.4,-1.5,,,,
100.482,8,Atta_8,3443.9,2176.3,269.8,97.2,0.7,,,,
100.482,9,Atta_9,3284.6,2032.5,339.9,53.2,0.7,,,,
100.482,10,Atta_10,1797.2,1999.5,345.2,34.1,-0.2,,,,
100.551,1,Atta_1,1831.3,1680.7,350.6,-85.5,1.9,,,,
100.551,2,Atta_2,3204.8,592.0,75.3,39.3,0.2,,,,
100.551,3,Atta_3,3440.9,797.6,301.7,-46.6,8.5,,,,
100.551,4,Atta_4,1634.4,784.3,133.5,-76.0,-7.4,,,,
100.551,5,Atta_5,2628.9,1138.6,200.7,-18.8,-2.7,,,,
100.551,6,Atta_6,2780.2,946.0,48.4,27.1,-2.7,,,,
100.551,7,Atta_7,2289.4,2124.6,351.1,-42.0,0.2,,,,
100.551,8,Atta_8,3534.3,2205.0,271.9,-94.8,2.1,,,,
100.551,9,Atta_9,3276.9,2105.2,343.5,-73.1,3.6,,,,
100.551,10,Atta_10,1830.3,2006.8,346.0,33.9,0.8,,,,
100.621,1,Atta_1,1840.6,1666.0,347.0,17.4,-3.6,,,,
100.621,2,Atta_2,3214.6,599.0,70.6,12.0,-4.7,,,,
100.621,3,Atta_3,3458.7,705.9,302.3,93.4,0.6,,,,
100.621,4,Atta_4,1655.7,879.1,131.6,97.2,-1.9,,,,
100.621,5,Atta_5,2545.6,1108.2,194.0,88.7,-6.7,,,,
100.621,6,Atta_6,2717.8,898.8,41.2,-78.2,-7.2,,,,
100.621,7,Atta_7,2319.2,2088.3,354.0,47.0,2.9,,,,
100.621,8,Atta_8,3448.2,2229.9,273.1,-89.6,1.2,,,,
100.621,9,Atta_9,3245.5,2119.8,341.3,-34.6,-2.2,,,,
100.621,10,Atta_10,1785.9,2033.8,346.5,-52.0,0.5,,,,
100.689,1,Atta_1,1836.7,1633.0,353.0,33.2,6.0,,,,
100.689,2,Atta_2,3235.4,581.3,75.1,-27.3,4.5,,,,
100.689,3,Atta_3,3393.7,703.2,307.2,-65.1,4.9,,,,
100.689,4,Atta_4,1630.2,884.1,127.4,26.0,-4.2,,,,
100.689,5,Atta_5,2553.3,1125.3,189.6,-18.8,-4.4,,,,
100.689,6,Atta_6,2695.4,915.1,33.6,-27.7,-7.6,,,,
100.689,7,Atta_7,2289.9,2086.0,352.5,-29.4,-1.5,,,,
100.689,8,Atta_8,3423.6,2255.4,272.6,-35.4,-0.5,,,,
100.689,9,Atta_9,3251.9,2067.3,340.8,52.9,-0.5,,,,
100.689,10,Atta_10,1824.3,2029.6,344.7,38.6,-1.8,,,,
100.759,1,Atta_1,1819.0,1686.6,342.4,-56.4,-10.6,,,,
100.759,2,Atta_2,3184.0,538.3,74.5,-67.0,-0.6,,,,
100.759,3,Atta_3,3458.4,715.1,308.2,65.8,1.0,,,,
100.759,4,Atta_4,1575.1,868.9,122.9,57.2,-4.5,,,,
100.759,5,Atta_5,2598.1,1116.5,187.0,-45.7,-2.6,,,,
100.759,6,Atta_6,2681.3,887.7,30.2,-30.8,-3.4,,,,
100.759,7,Atta_7,2367.0,2131.8,351.6,89.7,-0.9,,,,
100.759,8,Atta_8,3496.5,2144.0,274.3,133.1,1.7,,,,
100.759,9,Atta_9,3247.9,2090.8,341.9,-23.8,1.1,,,,
100.759,10,Atta_10,1802.7,1981.3,345.6,-52.9,0.9,,,,
100.827,1,Atta_1,1805.4,1717.4,339.7,-33.7,-2.7,,,,
100.827,2,Atta_2,3221.4,644.3,75.4,112.4,0.9,,,,
100.827,3,Atta_3,3491.5,688.9,317.3,42.2,9.1,,,,
100.827,4,Atta_4,1591.1,849.9,116.2,-24.8,-6.7,,,,
100.827,5,Atta_5,2601.6,1156.6,184.9,-40.3,-2.1,,,,
100.827,6,Atta_6,2666.7,900.3,22.7,-19.3,-7.5,,,,
100.827,7,Atta_7,2394.3,2155.7,349.4,36.3,-2.2,,,,
100.827,8,Atta_8,3403.0,2154.0,269.8,-94.0,-4.5,,,,
100.827,9,Atta_9,3276.7,2042.4,337.5,56.3,-4.4,,,,
100.827,10,Atta_10,1789.9,2002.3,347.9,-24.6,2.3,,,,
100.892,1,Atta_1,1800.4,1710.3,335.1,-8.7,-4.6,,,,
100.892,2,Atta_2,3242.0,609.2,76.6,-40.7,1.2,,,,
100.892,3,Atta_3,3458.7,709.3,320.4,-38.6,3.1,,,,
100.892,4,Atta_4,1622.2,789.6,113.4,-67.8,-2.8,,,,
100.892,5,Atta_5,2639.8,1139.1,181.2,-42.0,-3.7,,,,
100.892,6,Atta_6,2701.8,945.9,28.9,57.5,6.2,,,,
100.892,7,Atta_7,2327.8,2109.6,350.2,-80.9,0.8,,,,
100.892,8,Atta_8,3421.6,2209.4,267.3,-58.4,-2.5,,,,
100.892,9,Atta_9,3214.1,2129.8,339.2,-107.5,1.7,,,,
100.892,10,Atta_10,1790.8,1977.4,348.2,24.9,0.3,,,,
101.025,1,Atta_1,1829.5,1657.8,326.9,60.0,-8.2,,,,
101.025,2,Atta_2,3263.0,602.5,74.3,-22.0,-2.3,,,,
101.025,3,Atta_3,3433.4,658.4,329.8,56.8,9.4,,,,
101.025,4,Atta_4,1609.3,846.3,100.2,58.1,-13.2,,,,
101.025,5,Atta_5,2590.9,1179.8,168.5,63.6,-12.7,,,,
101.025,6,Atta_6,2737.7,932.7,26.3,38.2,-2.6,,,,
101.025,7,Atta_7,2377.4,2082.9,350.3,56.3,0.1,,,,
101.025,8,Atta_8,3417.3,2126.8,273.6,82.7,6.3,,,,
101.025,9,Atta_9,3229.3,2037.3,338.8,93.7,-0.4,,,,
101.025,10,Atta_10,1818.3,1996.7,349.5,33.6,1.3,,,,
101.094,1,Atta_1,1829.9,1690.3,321.5,-32.5,-5.4,,,,
101.094,2,Atta_2,3173.7,620.4,74.1,-91.1,-0.2,,,,
101.094,3,Atta_3,3457.6,716.0,336.0,-62.5,6.2,,,,
101.094,4,Atta_4,1613.9,850.8,93.4,6.4,-6.8,,,,
101.094,5,Atta_5,2656.9,1145.3,164.0,-74.5,-4.5,,,,
101.094,6,Atta_6,2676.5,881.6,27.3,-79.7,1.0,,,,
101.094,7,Atta_7,2385.3,2116.6,352.6,34.6,2.3,,,,
101.094,8,Atta_8,3469.9,2111.5,269.4,54.8,-4.2,,,,
101.094,9,Atta_9,3303.3,2128.6,338.4,117.5,-0.4,,,,
101.094,10,Atta_10,1930.8,2034.1,344.7,118.6,-4.8,,,,
101.16,1,Atta_1,1824.8,1696.4,318.4,-8.0,-3.1,,,,
101.16,2,Atta_2,3220.9,647.3,73.6,54.3,-0.5,,,,
101.16,3,Atta_3,3453.6,759.6,337.9,-43.8,1.9,,,,
101.16,4,Atta_4,1660.6,864.3,90.7,48.6,-2.7,,,,
101.16,5,Atta_5,2593.8,1183.2,159.2,73.6,-4.8,,,,
101.16,6,Atta_6,2740.5,929.0,26.6,79.6,-0.7,,,,
101.16,7,Atta_7,2408.9,2008.4,351.4,110.7,-1.2,,,,
101.16,8,Atta_8,3458.0,2125.1,269.2,-18.1,-0.2,,,,
101.16,9,Atta_9,3256.0,2080.9,339.5,-67.2,1.1,,,,
101.16,10,Atta_10,1872.8,1997.1,347.2,-68.8,2.5,,,,
101.29,1,Atta_1,1842.1,1682.4,309.7,22.3,-8.7,,,,
101.29,2,Atta_2,3233.8,695.6,70.2,50.0,-3.4,,,,
101.29,3,Atta_3,3421.8,750.9,340.0,-33.0,2.1,,,,
101.29,4,Atta_4,1648.4,858.2,82.6,-13.6,-8.1,,,,
101.29,5,Atta_5,2653.9,1151.4,150.4,-68.0,-8.8,,,,
101.29,6,Atta_6,2770.2,939.1,27.0,31.4,0.4,,,,
101.29,7,Atta_7,2365.8,2094.0,351.7,-95.8,0.3,,,,
101.29,8,Atta_8,3488.1,2126.6,285.7,-30.1,16.5,,,,
101.29,9,Atta_9,3319.4,2062.0,342.9,66.2,3.4,,,,
101.29,10,Atta_10,1868.6,1975.3,338.0,22.2,-9.2,,,,
101.359,1,Atta_1,1778.8,1686.5,303.0,-63.4,-6.7,,,,
101.359,2,Atta_2,3251.8,720.8,72.7,31.0,2.5,,,,
101.359,3,Atta_3,3448.7,759.0,343.6,28.1,3.6,,,,
101.359,4,Atta_4,1629.1,860.4,79.6,-19.4,-3.0,,,,
101.359,5,Atta_5,2612.5,1108.2,150.3,59.8,-0.1,,,,
101.359,6,Atta_6,2736.8,911.8,28.7,-43.1,1.7,,,,
101.359,7,Atta_7,2461.7,2034.0,350.1,113.1,-1.6,,,,
101.359,8,Atta_8,3445.2,2123.1,286.0,-43.0,0.3,,,,
101.359,9,Atta_9,3251.1,2040.8,339.1,-71.5,-3.8,,,,
101.359,10,Atta_10,1843.9,2001.5,341.3,-36.0,3.3,,,,
101.491,1,Atta_1,1801.3,1690.0,302.7,22.8,-0.3,,,,
101.491,2,Atta_2,3285.3,758.4,72.0,50.4,-0.7,,,,
101.491,3,Atta_3,3439.7,704.1,341.7,55.6,-1.9,,,,
101.491,4,Atta_4,1625.1,877.4,73.5,17.5,-6.1,,,,
101.491,5,Atta_5,2613.0,1112.9,144.5,4.7,-5.8,,,,
101.491,6,Atta_6,2723.1,880.9,27.5,-33.8,-1.2,,,,
101.491,7,Atta_7,2474.1,2060.2,352.3,29.0,2.2,,,,
101.491,8,Atta_8,3534.2,2053.8,295.1,112.8,9.1,,,,
101.491,9,Atta_9,3232.8,2072.5,338.4,-36.6,-0.7,,,,
101.491,10,Atta_10,1846.6,2014.7,340.5,-13.5,-0.8,,,,
101.545,1,Atta_1,1799.4,1689.0,294.5,-2.1,-8.2,,,,
101.545,2,Atta_2,3267.7,736.8,77.2,-27.9,5.2,,,,
101.545,3,Atta_3,3439.2,712.1,342.6,-8.0,0.9,,,,
101.545,4,Atta_4,1621.5,800.4,69.3,-77.1,-4.2,,,,
101.545,5,Atta_5,2594.4,1155.1,137.0,46.1,-7.5,,,,
101.545,6,Atta_6,2750.7,929.1,31.4,55.5,3.9,,,,
101.545,7,Atta_7,2507.6,2059.6,352.6,33.5,0.3,,,,
101.545,8,Atta_8,3499.7,2098.5,292.5,-56.5,-2.6,,,,
101.545,9,Atta_9,3308.4,2048.0,341.9,79.5,3.5,,,,
101.545,10,Atta_10,1833.3,2004.1,341.0,-17.0,0.5,,,,
101.615,1,Atta_1,1842.1,1637.4,290.2,67.0,-4.3,,,,
101.615,2,Atta_2,3276.8,677.9,73.3,-59.6,-3.9,,,,
101.615,3,Atta_3,3466.5,680.7,341.4,41.6,-1.2,,,,
101.615,4,Atta_4,1682.7,872.9,64.9,94.9,-4.4,,,,
101.615,5,Atta_5,2596.2,1083.7,129.3,-71.4,-7.7,,,,
101.615,6,Atta_6,2742.6,922.8,25.3,-10.3,-6.1,,,,
101.615,7,Atta_7,2531.5,1979.9,348.4,83.2,-4.2,,,,
101.615,8,Atta_8,3427.6,2157.0,298.8,-92.8,6.3,,,,
101.615,9,Atta_9,3252.2,2112.7,336.8,-85.7,-5.1,,,,
101.615,10,Atta_10,1810.4,2036.3,340.1,-39.5,-0.9,,,,
101.68,1,Atta_1,1798.9,1673.4,293.6,-56.2,3.4,,,,
101.68,2,Atta_2,3263.1,727.6,75.3,51.6,2.0,,,,
101.68,3,Atta_3,3510.9,703.2,346.2,49.8,4.8,,,,
101.68,4,Atta_4,1599.3,883.4,59.9,-84.1,-5.0,,,,
101.68,5,Atta_5,2521.8,1162.3,127.5,108.2,-1.8,,,,
101.68,6,Atta_6,2757.0,992.3,22.1,71.0,-3.2,,,,
101.68,7,Atta_7,2492.1,2086.5,349.8,-113.6,1.4,,,,
101.68,8,Atta_8,3504.5,2130.8,303.5,81.2,4.7,,,,
101.68,9,Atta_9,3268.9,2062.3,338.6,53.1,1.8,,,,
101.68,10,Atta_10,1852.9,1990.9,337.2,62.2,-2.9,,,,
101.75,1,Atta_1,1759.4,1666.2,291.4,-40.2,-2.2,,,,
101.75,2,Atta_2,3273.6,726.5,71.9,10.6,-3.4,,,,
101.75,3,Atta_3,3468.7,700.2,343.6,-42.3,-2.6,,,,
101.75,4,Atta_4,1559.9,833.2,55.7,-63.8,-4.2,,,,
101.75,5,Atta_5,2555.4,1102.4,127.6,-68.7,0.1,,,,
101.75,6,Atta_6,2810.9,966.3,28.8,59.8,6.7,,,,
101.75,7,Atta_7,2505.9,2049.8,348.5,39.2,-1.3,,,,
101.75,8,Atta_8,3443.0,2121.8,302.0,-62.2,-1.5,,,,
101.75,9,Atta_9,3220.2,2078.8,340.5,-51.4,1.9,,,,
101.75,10,Atta_10,1810.8,2004.5,336.9,-44.2,-0.3,,,,
101.818,1,Atta_1,1803.0,1653.3,292.8,45.5,1.4,,,,
101.818,2,Atta_2,3281.0,727.8,74.1,7.5,2.2,,,,
101.818,3,Atta_3,3453.3,692.7,347.0,-17.1,3.4,,,,
101.818,4,Atta_4,1595.2,922.1,53.5,95.7,-2.2,,,,
101.818,5,Atta_5,2603.3,1186.3,121.4,96.6,-6.2,,,,
101.818,6,Atta_6,2771.7,987.5,29.7,-44.6,0.9,,,,
101.818,7,Atta_7,2537.3,2088.5,348.8,49.8,0.3,,,,
101.818,8,Atta_8,3460.5,2103.5,299.8,25.3,-2.2,,,,
101.818,9,Atta_9,3211.3,2042.2,339.5,37.7,-1.0,,,,
101.818,10,Atta_10,1834.8,1992.0,334.0,27.1,-2.9,,,,
101.887,1,Atta_1,1777.6,1680.4,292.8,-37.1,0.0,,,,
101.887,2,Atta_2,3266.4,712.6,75.6,-21.1,1.5,,,,
101.887,3,Atta_3,3514.0,707.8,341.7,62.5,-5.3,,,,
101.887,4,Atta_4,1599.7,824.2,42.5,-98.0,-11.0,,,,
101.887,5,Atta_5,2612.7,1093.5,122.9,-93.3,1.5,,,,
101.887,6,Atta_6,2782.3,978.2,31.1,14.1,1.4,,,,
101.887,7,Atta_7,2544.6,2085.9,351.3,7.7,2.5,,,,
101.887,8,Atta_8,3420.1,2149.0,304.7,-60.8,4.9,,,,
101.887,9,Atta_9,3269.9,2127.5,339.2,103.5,-0.3,,,,
101.887,10,Atta_10,1794.3,2029.7,329.9,-55.3,-4.1,,,,
101.956,1,Atta_1,1800.0,1652.8,288.2,35.5,-4.6,,,,
101.956,3,Atta_3,3516.3,731.8,340.4,-24.1,-1.3,,,,
101.956,4,Atta_4,1628.4,773.5,42.4,-58.3,-0.1,,,,
101.956,5,Atta_5,2582.8,1127.3,124.2,45.1,1.3,,,,
101.956,6,Atta_6,2814.5,1006.4,30.0,42.8,-1.1,,,,
101.956,7,Atta_7,2532.0,2057.4,350.4,-31.2,-0.9,,,,
101.956,8,Atta_8,3479.1,2098.0,304.3,78.0,-0.4,,,,
101.956,9,Atta_9,3205.0,2118.3,337.9,-65.5,-1.3,,,,
101.956,10,Atta_10,1857.9,2010.8,321.1,66.3,-8.8,,,,
102.021,1,Atta_1,1862.9,1663.5,291.3,63.8,3.1,,,,
102.021,2,Atta_2,3235.4,727.6,68.0,34.4,-7.6,,,,
102.021,3,Atta_3,3520.7,733.6,344.5,4.8,4.1,,,,
102.021,4,Atta_4,1620.7,822.4,40.5,49.5,-1.9,,,,
102.021,5,Atta_5,2552.6,1097.8,122.7,-42.2,-1.5,,,,
102.021,6,Atta_6,2867.7,982.9,25.7,58.2,-4.3,,,,
102.021,7,Atta_7,2571.6,2012.4,353.4,59.9,3.0,,,,
102.021,8,Atta_8,3493.1,2120.5,299.2,-26.5,-5.1,,,,
102.021,9,Atta_9,3272.2,2090.6,340.1,72.7,2.2,,,,
102.021,10,Atta_10,1855.6,2021.2,319.7,-10.7,-1.4,,,,
102.09,1,Atta_1,1826.8,1624.0,293.0,53.5,1.7,,,,
102.09,2,Atta_2,3233.7,751.8,75.2,24.3,7.2,,,,
102.09,3,Atta_3,3464.5,695.0,353.2,-68.2,8.7,,,,
102.09,4,Atta_4,1663.0,877.5,35.6,69.5,-4.9,,,,
102.09,5,Atta_5,2567.8,1159.1,126.3,63.2,3.6,,,,
102.09,6,Atta_6,2825.4,981.2,29.7,-42.3,4.0,,,,
102.09,7,Atta_7,2601.6,2141.1,349.3,132.2,-4.1,,,,
102.09,8,Atta_8,3506.4,2129.0,303.6,-15.8,4.4,,,,
102.09,9,Atta_9,3220.5,2084.5,337.9,-52.1,-2.2,,,,
102.09,10,Atta_10,1813.5,2036.6,315.7,-44.8,-4.0,,,,
102.156,1,Atta_1,1816.0,1614.2,289.9,14.6,-3.1,,,,
102.156,2,Atta_2,3260.9,709.1,72.7,-50.6,-2.5,,,,
102.156,3,Atta_3,3536.6,705.3,353.8,72.8,0.6,,,,
102.156,4,Atta_4,1636.1,842.3,29.8,-44.3,-5.8,,,,
102.156,5,Atta_5,2603.8,1096.4,119.9,-72.3,-6.4,,,,
102.156,6,Atta_6,2813.5,943.0,27.0,-40.0,-2.7,,,,
102.156,7,Atta_7,2566.5,2070.3,349.9,-79.0,0.6,,,,
102.156,8,Atta_8,3435.4,2112.2,299.0,-73.0,-4.6,,,,
102.156,9,Atta_9,3289.0,2097.4,342.4,69.7,4.5,,,,
102.156,10,Atta_10,1815.2,2028.6,313.3,8.2,-2.4,,,,
102.222,1,Atta_1,1814.4,1600.8,295.5,13.5,5.6,,,,
102.222,2,Atta_2,3265.8,760.2,72.8,51.3,0.1,,,,
102.222,3,Atta_3,3514.4,719.4,359.5,-26.3,5.7,,,,
102.222,4,Atta_4,1668.8,831.3,26.1,34.5,-3.7,,,,
102.222,5,Atta_5,2575.2,1134.2,123.5,47.4,3.6,,,,
102.222,6,Atta_6,2773.6,948.3,26.3,-40.3,-0.7,,,,
102.222,7,Atta_7,2570.3,2004.3,357.9,66.1,8.0,,,,
102.222,8,Atta_8,3466.7,2092.4,301.8,37.0,2.8,,,,
102.222,9,Atta_9,3292.0,2123.9,341.7,-26.7,-0.7,,,,
102.222,10,Atta_10,1806.1,1978.7,304.5,50.7,-8.8,,,,
102.292,1,Atta_1,1806.7,1618.6,290.0,-19.4,-5.5,,,,
102.292,2,Atta_2,3297.5,713.6,68.3,-56.4,-4.5,,,,
102.292,3,Atta_3,3502.1,722.9,7.1,-12.8,7.6,,,,
102.292,4,Atta_4,1629.0,834.3,18.6,-39.9,-7.5,,,,
102.292,5,Atta_5,2585.3,1180.0,123.5,46.9,0.0,,,,
102.292,6,Atta_6,2840.2,993.2,30.3,80.3,4.0,,,,
102.292,7,Atta_7,2610.5,2030.7,2.2,48.1,4.3,,,,
102.292,8,Atta_8,3477.5,2064.1,305.4,30.3,3.6,,,,
102.292,9,Atta_9,3286.1,2065.6,340.4,58.6,-1.3,,,,
102.292,10,Atta_10,1787.1,2027.8,298.0,-52.6,-6.5,,,,
102.355,1,Atta_1,1854.2,1631.7,294.3,49.3,4.3,,,,
102.355,2,Atta_2,3240.0,730.7,73.5,-60.0,5.2,,,,
102.355,3,Atta_3,3519.3,707.8,8.9,22.9,1.8,,,,
102.355,4,Atta_4,1697.1,861.7,17.6,73.4,-1.0,,,,
102.355,5,Atta_5,2554.1,1120.1,120.8,-67.5,-2.7,,,,
102.355,6,Atta_6,2855.1,990.0,24.4,15.2,-5.9,,,,
102.355,7,Atta_7,2620.4,2072.3,5.3,42.8,3.1,,,,
102.355,8,Atta_8,3521.3,2091.3,305.4,51.6,0.0,,,,
102.355,9,Atta_9,3237.0,2103.6,339.0,-62.1,-1.4,,,,
102.355,10,Atta_10,1785.4,1984.1,295.6,43.7,-2.4,,,,
102.424,1,Atta_1,1806.9,1585.3,293.2,66.3,-1.1,,,,
102.424,2,Atta_2,3242.8,704.0,74.7,-26.8,1.2,,,,
102.424,3,Atta_3,3512.3,705.8,15.9,-7.3,7.0,,,,
102.424,4,Atta_4,1602.1,886.3,10.9,-98.1,-6.7,,,,
102.424,5,Atta_5,2575.9,1167.2,121.4,51.9,0.6,,,,
102.424,6,Atta_6,2846.6,998.0,24.6,-11.7,0.2,,,,
102.424,7,Atta_7,2580.2,2088.7,6.1,-43.4,0.8,,,,
102.424,8,Atta_8,3508.8,2071.6,302.3,23.3,-3.1,,,,
102.424,9,Atta_9,3254.3,2062.1,340.9,45.0,1.9,,,,
102.424,10,Atta_10,1800.2,1998.5,292.3,-20.6,-3.3,,,,
102.493,1,Atta_1,1844.7,1622.3,290.4,-52.9,-2.8,,,,
102.493,2,Atta_2,3315.0,755.8,72.4,88.9,-2.3,,,,
102.493,3,Atta_3,3474.1,694.9,19.7,-39.7,3.8,,,,
102.493,4,Atta_4,1588.3,839.1,11.8,-49.2,0.9,,,,
102.493,5,Atta_5,2558.5,1148.4,126.7,-25.6,5.3,,,,
102.493,6,Atta_6,2809.4,992.1,30.0,-37.7,5.4,,,,
102.493,7,Atta_7,2584.2,2042.2,4.6,-46.7,-1.5,,,,
102.493,8,Atta_8,3455.0,2069.9,301.9,-53.8,-0.4,,,,
102.493,9,Atta_9,3310.6,2063.2,340.5,56.3,-0.4,,,,
102.493,10,Atta_10,1823.0,2024.3,287.6,-34.4,-4.7,,,,
102.564,1,Atta_1,1815.5,1640.0,290.1,-34.1,-0.3,,,,
102.564,2,Atta_2,3220.1,718.3,74.1,-102.0,1.7,,,,
102.564,3,Atta_3,3512.9,677.4,17.0,42.6,-2.7,,,,
102.564,4,Atta_4,1584.6,833.4,3.6,-6.8,-8.2,,,,
102.564,5,Atta_5,2510.6,1158.9,120.7,49.0,-6.0,,,,
102.564,6,Atta_6,2841.4,937.2,26.3,63.5,-3.7,,,,
102.564,7,Atta_7,2550.1,2093.6,3.5,-61.7,-1.1,,,,
102.564,8,Atta_8,3503.9,2083.4,305.6,50.7,3.7,,,,
102.564,9,Atta_9,3281.7,2173.1,340.0,-113.6,-0.5,,,,
102.564,10,Atta_10,1792.2,2023.7,280.1,-30.8,-7.5,,,,
102.626,1,Atta_1,1808.3,1597.4,289.6,43.2,-0.5,,,,
102.626,2,Atta_2,3192.7,762.6,71.1,52.1,-3.0,,,,
102.626,3,Atta_3,3536.2,639.2,20.4,44.7,3.4,,,,
102.626,4,Atta_4,1626.9,837.3,358.2,42.5,-5.4,,,,
102.626,5,Atta_5,2587.9,1202.5,119.5,-88.7,-1.2,,,,
102.626,6,Atta_6,2864.5,935.2,30.6,23.2,4.3,,,,
102.626,7,Atta_7,2576.3,2015.9,5.8,82.0,2.3,,,,
102.626,8,Atta_8,3436.1,2066.5,299.8,-69.9,-5.8,,,,
102.626,9,Atta_9,3280.6,2056.2,336.6,116.9,-3.4,,,,
102.626,10,Atta_10,1856.0,2010.2,284.2,65.2,4.1,,,,
102.696,1,Atta_1,1830.2,1563.3,294.7,40.5,5.1,,,,
102.696,2,Atta_2,3276.8,700.0,72.4,-104.8,1.3,,,,
102.696,3,Atta_3,3436.0,741.8,20.2,-143.4,-0.2,,,,
102.696,4,Atta_4,1660.8,859.1,1.2,40.3,3.0,,,,
102.696,5,Atta_5,2610.9,1194.8,110.7,-24.3,-8.8,,,,
102.696,6,Atta_6,2852.2,968.9,26.5,35.9,-4.1,,,,
102.696,7,Atta_7,2577.5,2023.4,3.8,7.6,-2.0,,,,
102.696,8,Atta_8,3479.6,2123.5,304.1,-71.7,4.3,,,,
102.696,9,Atta_9,3227.1,2049.5,343.1,-53.9,6.5,,,,
102.696,10,Atta_10,1735.8,1995.6,283.9,-121.1,-0.3,,,,
102.768,1,Atta_1,1864.9,1563.8,295.4,34.7,0.7,,,,
102.768,2,Atta_2,3304.6,785.4,73.3,89.8,0.9,,,,
102.768,3,Atta_3,3527.2,712.1,20.8,95.9,0.6,,,,
102.768,4,Atta_4,1611.0,859.1,355.2,-49.8,-6.0,,,,
102.768,5,Atta_5,2595.9,1145.7,105.8,-51.3,-4.9,,,,
102.768,6,Atta_6,2784.0,1000.5,28.1,-75.2,1.6,,,,
102.768,7,Atta_7,2614.9,2082.5,0.4,69.9,-3.4,,,,
102.768,8,Atta_8,3512.8,2065.3,302.2,67.0,-1.9,,,,
102.768,9,Atta_9,3297.7,2089.6,338.0,81.2,-5.1,,,,
102.768,10,Atta_10,1818.0,1989.8,283.7,82.4,-0.2,,,,
102.829,1,Atta_1,1886.8,1640.9,304.9,-80.1,9.5,,,,
102.829,2,Atta_2,3210.1,738.4,72.7,-105.5,-0.6,,,,
102.829,3,Atta_3,3461.6,668.1,17.2,-79.0,-3.6,,,,
102.829,4,Atta_4,1623.4,857.4,359.0,12.5,3.8,,,,
102.829,5,Atta_5,2543.5,1149.6,104.0,52.5,-1.8,,,,
102.829,6,Atta_6,2830.9,957.8,26.6,63.4,-1.5,,,,
102.829,7,Atta_7,2542.1,2005.6,6.7,-105.9,6.3,,,,
102.829,8,Atta_8,3472.6,2071.6,304.7,-40.7,2.5,,,,
102.829,9,Atta_9,3221.0,2130.1,339.8,-86.7,1.8,,,,
102.829,10,Atta_10,1827.9,2019.1,286.1,-30.9,2.4,,,,
102.901,1,Atta_1,1870.5,1547.9,309.4,94.4,4.5,,,,
102.901,2,Atta_2,3267.1,799.6,70.5,83.6,-2.2,,,,
102.901,3,Atta_3,3512.8,744.4,19.8,91.9,2.6,,,,
102.901,4,Atta_4,1613.0,837.9,359.4,-22.1,0.4,,,,
102.901,5,Atta_5,2563.9,1191.3,97.9,46.4,-6.1,,,,
102.901,6,Atta_6,2798.8,988.7,28.7,-44.6,2.1,,,,
102.901,7,Atta_7,2613.9,2027.4,4.5,75.0,-2.2,,,,
102.901,8,Atta_8,3411.5,2065.8,304.0,-61.4,-0.7,,,,
102.901,9,Atta_9,3271.0,2053.4,341.5,91.6,1.7,,,,
102.901,10,Atta_10,1825.0,2022.9,283.8,-4.8,-2.3,,,,
102.955,1,Atta_1,1857.8,1499.4,311.8,50.1,2.4,,,,
102.955,2,Atta_2,3267.6,772.5,71.2,-27.1,0.7,,,,
102.955,3,Atta_3,3539.0,757.5,21.4,29.3,1.6,,,,
102.955,4,Atta_4,1668.1,803.9,358.7,64.7,-0.7,,,,
102.955,5,Atta_5,2594.6,1159.8,93.6,-44.0,-4.3,,,,
102.955,6,Atta_6,2861.6,967.1,26.6,66.4,-2.1,,,,
102.955,7,Atta_7,2646.7,2043.2,3.3,36.4,-1.2,,,,
102.955,8,Atta_8,3483.3,2100.9,300.8,79.9,-3.2,,,,
102.955,9,Atta_9,3297.7,2092.3,338.8,47.2,-2.7,,,,
102.955,10,Atta_10,1809.6,2027.3,286.4,-16.0,2.6,,,,
103.025,1,Atta_1,1843.2,1581.9,316.9,-83.8,5.1,,,,
103.025,2,Atta_2,3286.6,750.7,72.0,-28.9,0.8,,,,
103.025,3,Atta_3,3537.2,716.4,18.8,-41.1,-2.6,,,,
103.025,4,Atta_4,1657.0,824.8,357.0,-23.7,-1.7,,,,
103.025,5,Atta_5,2556.8,1178.7,91.1,42.3,-2.5,,,,
103.025,6,Atta_6,2836.2,1001.7,24.2,-42.9,-2.4,,,,
103.025,7,Atta_7,2690.9,2046.2,1.5,44.3,-1.8,,,,
103.025,8,Atta_8,3521.7,2046.4,301.7,66.7,0.9,,,,
103.025,9,Atta_9,3303.9,2121.4,338.5,-29.8,-0.3,,,,
103.025,10,Atta_10,1841.8,1970.1,281.9,65.6,-4.5,,,,
103.091,1,Atta_1,1851.1,1513.9,315.8,68.5,-1.1,,,,
103.091,2,Atta_2,3228.3,762.1,76.5,-59.4,4.5,,,,
103.091,3,Atta_3,3554.6,696.7,17.8,26.3,-1.0,,,,
103.091,4,Atta_4,1633.8,818.6,356.4,-24.0,-0.6,,,,
103.091,5,Atta_5,2523.1,1163.2,82.2,-37.1,-8.9,,,,
103.091,6,Atta_6,2827.4,951.2,26.5,-51.3,2.3,,,,
103.091,7,Atta_7,2635.7,2034.2,5.8,-56.5,4.3,,,,
103.091,8,Atta_8,3492.5,2072.3,302.2,-39.0,0.5,,,,
103.091,9,Atta_9,3358.4,2072.5,340.7,73.2,2.2,,,,
103.091,10,Atta_10,1739.0,2009.2,282.8,-110.0,0.9,,,,
103.157,1,Atta_1,1809.9,1521.6,325.0,-41.9,9.2,,,,
103.157,2,Atta_2,3230.9,737.2,70.5,-25.0,-6.0,,,,
103.157,3,Atta_3,3588.9,706.9,19.1,35.8,1.3,,,,
103.157,4,Atta_4,1692.2,814.0,357.0,58.6,0.6,,,,
103.157,5,Atta_5,2568.6,1118.6,76.7,-63.7,-5.5,,,,
103.157,6,Atta_6,2862.6,956.7,26.9,35.6,0.4,,,,
103.157,7,Atta_7,2701.0,2067.3,2.4,73.2,-3.4,,,,
103.157,8,Atta_8,3459.2,2118.9,302.6,-57.3,0.4,,,,
103.157,9,Atta_9,3239.7,2056.5,344.7,-119.8,4.0,,,,
103.157,10,Atta_10,1838.4,1974.1,288.0,105.4,5.2,,,,
103.222,1,Atta_1,1871.3,1543.6,330.3,65.2,5.3,,,,
103.222,2,Atta_2,3323.3,758.7,73.2,94.9,2.7,,,,
103.222,3,Atta_3,3589.3,711.7,22.6,4.8,3.5,,,,
103.222,4,Atta_4,1693.1,838.7,358.1,-24.7,1.1,,,,
103.222,5,Atta_5,2549.0,1140.0,76.8,29.0,0.1,,,,
103.222,6,Atta_6,2853.8,1006.5,26.8,50.6,-0.1,,,,
103.222,7,Atta_7,2667.6,2070.3,1.1,-33.5,-1.3,,,,
103.222,8,Atta_8,3487.7,2074.9,302.2,52.4,-0.4,,,,
103.222,9,Atta_9,3253.8,2104.4,337.8,49.9,-6.9,,,,
103.222,10,Atta_10,1783.1,1905.8,282.9,87.9,-5.1,,,,
103.287,1,Atta_1,1833.2,1608.6,334.9,-75.3,4.6,,,,
103.287,2,Atta_2,3244.5,745.0,76.6,-80.0,3.4,,,,
103.287,3,Atta_3,3549.9,741.2,25.0,-49.2,2.4,,,,
103.287,4,Atta_4,1691.9,870.6,355.1,-31.9,-3.0,,,,
103.287,5,Atta_5,2496.3,1170.5,71.5,60.9,-5.3,,,,
103.287,6,Atta_6,2841.0,933.9,29.0,-73.7,2.2,,,,
103.287,7,Atta_7,2713.6,2067.7,1.2,46.1,0.1,,,,
103.287,8,Atta_8,3479.1,2102.3,302.1,-28.7,-0.1,,,,
103.287,9,Atta_9,3207.8,2094.0,343.0,-47.2,5.2,,,,
103.287,10,Atta_10,1800.9,1914.6,281.4,-19.9,-1.5,,,,
103.353,1,Atta_1,1847.7,1595.3,340.3,19.7,5.4,,,,
103.353,2,Atta_2,3279.6,777.1,68.9,47.6,-7.7,,,,
103.353,3,Atta_3,3582.6,737.0,34.0,33.0,9.0,,,,
103.353,4,Atta_4,1618.3,844.3,357.7,-78.2,2.6,,,,
103.353,5,Atta_5,2568.2,1144.1,65.8,-76.6,-5.7,,,,
103.353,6,Atta_6,2780.9,973.3,24.9,-71.9,-4.1,,,,
103.353,7,Atta_7,2708.3,2067.3,5.2,-5.3,4.0,,,,
103.353,8,Atta_8,3474.7,2089.6,303.0,13.4,0.9,,,,
103.353,9,Atta_9,3269.1,2095.9,338.8,61.3,-4.2,,,,
103.353,10,Atta_10,1789.5,1934.9,283.9,-23.3,2.5,,,,
103.418,1,Atta_1,1897.8,1568.0,342.7,57.1,2.4,,,,
103.418,2,Atta_2,3309.6,755.9,76.4,-36.7,7.5,,,,
103.418,3,Atta_3,3539.4,703.5,32.2,-54.7,-1.8,,,,
103.418,4,Atta_4,1641.5,828.9,1.0,27.8,3.3,,,,
103.418,5,Atta_5,2607.2,1168.5,61.1,46.0,-4.7,,,,
103.418,6,Atta_6,2792.7,957.9,27.3,19.4,2.4,,,,
103.418,7,Atta_7,2689.3,2088.7,4.6,-28.6,-0.6,,,,
103.418,8,Atta_8,3528.9,2127.9,305.4,-66.4,2.4,,,,
103.418,9,Atta_9,3214.6,2042.4,340.2,-76.4,1.4,,,,
103.418,10,Atta_10,1815.3,1898.2,283.4,44.9,-0.5,,,,
103.548,1,Atta_1,1797.6,1590.5,347.5,-102.7,4.8,,,,
103.548,2,Atta_2,3308.9,726.6,73.2,-29.3,-3.2,,,,
103.548,3,Atta_3,3536.2,700.9,39.7,-4.1,7.5,,,,
103.548,4,Atta_4,1765.7,834.5,356.2,124.3,-4.8,,,,
103.548,5,Atta_5,2608.9,1170.8,54.3,2.9,-6.8,,,,
103.548,6,Atta_6,2806.9,916.7,25.4,-43.6,-1.9,,,,
103.548,7,Atta_7,2659.0,2020.4,4.5,-74.7,-0.1,,,,
103.548,8,Atta_8,3507.6,2060.7,305.7,70.5,0.3,,,,
103.548,9,Atta_9,3237.9,2069.4,338.8,35.7,-1.4,,,,
103.548,10,Atta_10,1843.9,1943.3,283.9,-53.4,0.5,,,,
103.617,1,Atta_1,1829.3,1570.6,350.9,37.4,3.4,,,,
103.617,2,Atta_2,3349.3,765.7,70.5,56.2,-2.7,,,,
103.617,3,Atta_3,3565.9,698.3,48.8,29.8,9.1,,,,
103.617,4,Atta_4,1734.5,901.5,359.4,-73.9,3.2,,,,
103.617,5,Atta_5,2519.8,1190.8,50.1,-91.3,-4.2,,,,
103.617,6,Atta_6,2817.1,983.1,25.9,67.2,0.5,,,,
103.617,7,Atta_7,2717.5,2066.8,1.7,74.7,-2.8,,,,
103.617,8,Atta_8,3504.9,2021.6,305.9,39.2,0.2,,,,
103.617,9,Atta_9,3277.9,2082.5,341.4,42.1,2.6,,,,
103.617,10,Atta_10,1860.1,1906.2,284.8,40.5,0.9,,,,
103.671,1,Atta_1,1833.6,1534.9,350.4,36.0,-0.5,,,,
103.671,2,Atta_2,3252.1,733.7,71.9,-102.3,1.4,,,,
103.671,3,Atta_3,3556.0,696.5,48.1,-10.1,-0.7,,,,
103.671,4,Atta_4,1737.9,847.2,356.4,54.4,-3.0,,,,
103.671,5,Atta_5,2455.5,1166.5,46.7,-68.7,-3.4,,,,
103.671,6,Atta_6,2799.7,950.7,27.5,-36.8,1.6,,,,
103.671,7,Atta_7,2685.9,2045.4,4.3,-38.2,2.6,,,,
103.671,8,Atta_8,3392.3,2074.7,302.7,-124.5,-3.2,,,,
103.671,9,Atta_9,3266.4,2045.0,340.9,39.2,-0.5,,,,
103.671,10,Atta_10,1844.3,1857.7,286.0,51.0,1.2,,,,
103.742,1,Atta_1,1866.2,1506.5,352.7,43.2,2.3,,,,
103.742,2,Atta_2,3292.6,688.8,69.8,-60.5,-2.1,,,,
103.742,3,Atta_3,3525.2,758.6,52.6,69.3,4.5,,,,
103.742,4,Atta_4,1743.0,859.0,356.3,12.9,-0.1,,,,
103.742,5,Atta_5,2559.7,1166.1,43.0,104.2,-3.7,,,,
103.742,6,Atta_6,2802.6,1006.7,26.9,56.1,-0.6,,,,
103.742,7,Atta_7,2761.9,2075.7,2.0,81.8,-2.3,,,,
103.742,8,Atta_8,3499.2,2056.8,301.8,108.4,-0.9,,,,
103.742,9,Atta_9,3299.7,2088.7,336.3,54.9,-4.6,,,,
103.742,10,Atta_10,1799.8,1885.8,289.9,-52.6,3.9,,,,
103.805,1,Atta_1,1868.6,1544.8,349.9,-38.4,-2.8,,,,
103.805,2,Atta_2,3215.0,751.6,74.3,99.8,4.5,,,,
103.805,3,Atta_3,3561.0,729.2,59.0,-46.3,6.4,,,,
103.805,4,Atta_4,1772.2,858.9,359.4,29.2,3.1,,,,
103.805,5,Atta_5,2559.6,1192.6,37.9,26.5,-5.1,,,,
103.805,6,Atta_6,2804.9,1017.6,26.3,11.1,-0.6,,,,
103.805,7,Atta_7,2835.5,2001.5,2.7,104.5,0.7,,,,
103.805,8,Atta_8,3447.7,2016.1,299.8,65.6,-2.0,,,,
103.805,9,Atta_9,3279.4,2074.8,338.8,-24.6,2.5,,,,
103.805,10,Atta_10,1863.7,1870.4,298.3,65.7,8.4,,,,
103.876,1,Atta_1,1878.3,1551.3,352.6,11.7,2.7,,,,
103.876,2,Atta_2,3286.4,738.3,77.6,72.6,3.3,,,,
103.876,3,Atta_3,3475.5,733.9,60.2,-85.6,1.2,,,,
103.876,4,Atta_4,1759.9,844.0,356.2,-19.3,-3.2,,,,
103.876,5,Atta_5,2550.2,1174.8,36.2,-20.1,-1.7,,,,
103.876,6,Atta_6,2778.4,936.2,25.8,-85.6,-0.5,,,,
103.876,7,Atta_7,2709.5,2045.3,1.4,-133.4,-1.3,,,,
103.876,8,Atta_8,3513.2,2066.2,302.8,-82.5,3.0,,,,
103.876,9,Atta_9,3285.1,2119.0,342.5,-44.6,3.7,,,,
103.876,10,Atta_10,1817.6,1893.1,295.7,-51.4,-2.6,,,,
103.928,1,Atta_1,1839.8,1530.2,352.0,-43.9,-0.6,,,,
103.928,2,Atta_2,3271.5,768.0,69.2,33.2,-8.4,,,,
103.928,3,Atta_3,3517.4,654.2,66.9,-90.0,6.7,,,,
103.928,4,Atta_4,1835.4,860.0,358.8,77.2,2.6,,,,
103.928,5,Atta_5,2547.1,1209.8,35.7,35.1,-0.5,,,,
103.928,6,Atta_6,2786.0,1059.4,28.7,123.4,2.9,,,,
103.928,7,Atta_7,2808.8,2059.8,1.1,100.4,-0.3,,,,
103.928,8,Atta_8,3482.4,2084.7,306.1,-35.9,3.3,,,,
103.928,9,Atta_9,3267.7,2077.9,339.2,-44.6,-3.3,,,,
103.928,10,Atta_10,1817.6,1858.2,301.6,34.9,5.9,,,,
103.999,1,Atta_1,1857.1,1522.7,349.9,18.9,-2.1,,,,
103.999,2,Atta_2,3201.0,771.9,72.2,-70.6,3.0,,,,
103.999,3,Atta_3,3582.5,667.4,70.4,66.4,3.5,,,,
103.999,4,Atta_4,1780.7,824.2,360.0,-65.4,1.2,,,,
103.999,5,Atta_5,2578.6,1209.7,30.3,31.5,-5.4,,,,
103.999,6,Atta_6,2802.4,960.5,30.8,-100.3,2.1,,,,
103.999,7,Atta_7,2812.1,2044.7,2.5,15.5,1.4,,,,
103.999,8,Atta_8,3552.5,2071.8,301.9,71.3,-4.2,,,,
103.999,9,Atta_9,3270.5,2091.3,338.5,-13.7,-0.7,,,,
103.999,10,Atta_10,1831.8,1830.6,307.6,31.0,6.0,,,,
104.065,1,Atta_1,1890.1,1555.3,348.3,46.4,-1.6,,,,
104.065,2,Atta_2,3238.8,729.2,71.6,-57.0,-0.6,,,,
104.065,3,Atta_3,3522.9,714.0,71.5,75.7,1.1,,,,
104.065,4,Atta_4,1856.1,846.3,0.8,78.6,0.8,,,,
104.065,5,Atta_5,2564.2,1275.4,28.9,67.3,-1.4,,,,
104.065,7,Atta_7,2828.6,2062.8,5.1,24.5,2.6,,,,
104.065,8,Atta_8,3516.6,2051.5,301.5,-41.2,-0.4,,,,
104.065,9,Atta_9,3238.2,2112.2,338.7,-38.5,0.2,,,,
104.065,10,Atta_10,1815.6,1836.9,313.7,-17.4,6.1,,,,
104.135,1,Atta_1,1881.9,1587.4,357.3,-33.1,9.0,,,,
104.135,2,Atta_2,3274.9,727.0,72.2,36.2,0.6,,,,
104.135,3,Atta_3,3553.3,820.2,80.7,110.5,9.2,,,,
104.135,4,Atta_4,1827.5,889.5,358.1,-51.8,-2.7,,,,
104.135,5,Atta_5,2561.0,1203.5,31.6,-72.0,2.7,,,,
104.135,6,Atta_6,2775.1,988.0,28.7,-38.7,-2.1,,,,
104.135,7,Atta_7,2816.8,2091.2,4.6,-30.8,-0.5,,,,
104.135,8,Atta_8,3463.4,2158.4,302.7,-119.4,1.2,,,,
104.135,9,Atta_9,3226.4,2107.8,339.6,-12.6,0.9,,,,
104.135,10,Atta_10,1838.0,1846.1,317.9,24.2,4.2,,,,
104.186,1,Atta_1,1941.1,1555.7,356.7,67.2,-0.6,,,,
104.186,2,Atta_2,3230.6,730.2,74.0,-44.4,1.8,,,,
104.186,3,Atta_3,3538.5,755.9,84.3,-66.0,3.6,,,,
104.186,4,Atta_4,1846.4,833.5,355.8,59.1,-2.3,,,,
104.186,5,Atta_5,2565.6,1183.8,33.3,-20.2,1.7,,,,
104.186,6,Atta_6,2831.8,1003.8,24.1,58.9,-4.6,,,,
104.186,7,Atta_7,2820.6,2113.2,3.2,22.3,-1.4,,,,
104.186,8,Atta_8,3478.7,2065.6,304.2,94.1,1.5,,,,
104.186,9,Atta_9,3256.6,2024.2,342.9,88.9,3.3,,,,
104.186,10,Atta_10,1833.9,1920.9,319.9,-74.9,2.0,,,,
104.255,1,Atta_1,1913.8,1530.3,350.1,-37.3,-6.6,,,,
104.255,2,Atta_2,3282.3,773.3,72.9,67.3,-1.1,,,,
104.255,3,Atta_3,3543.7,702.2,87.8,-54.0,3.5,,,,
104.255,4,Atta_4,1843.3,850.3,358.7,-17.1,2.9,,,,
104.255,5,Atta_5,2525.7,1183.8,35.2,-39.9,1.9,,,,
104.255,6,Atta_6,2843.5,962.3,26.4,-43.1,2.3,,,,
104.255,7,Atta_7,2820.5,2076.4,356.2,-36.8,-7.0,,,,
104.255,8,Atta_8,3417.6,2074.0,301.4,-61.7,-2.8,,,,
104.255,9,Atta_9,3210.2,2106.2,339.4,-94.2,-3.5,,,,
104.255,10,Atta_10,1877.1,1915.6,325.3,43.5,5.4,,,,
104.325,1,Atta_1,1907.9,1571.6,352.4,-41.7,2.3,,,,
104.325,2,Atta_2,3283.6,745.8,73.2,-27.5,0.3,,,,
104.325,3,Atta_3,3553.8,744.6,96.7,43.6,8.9,,,,
104.325,4,Atta_4,1805.9,870.8,357.0,-42.6,-1.7,,,,
104.325,5,Atta_5,2548.6,1207.3,28.9,32.8,-6.3,,,,
104.325,6,Atta_6,2860.5,980.2,26.7,24.7,0.3,,,,
104.325,7,Atta_7,2802.6,2076.8,356.2,-17.9,0.0,,,,
104.325,8,Atta_8,3461.2,2069.0,304.1,43.9,2.7,,,,
104.325,9,Atta_9,3244.5,2065.3,338.8,53.4,-0.6,,,,
104.325,10,Atta_10,1853.0,1885.5,327.7,-38.6,2.4,,,,
104.379,1,Atta_1,1968.4,1496.5,350.6,96.4,-1.8,,,,
104.379,2,Atta_2,3185.2,739.3,74.8,-98.6,1.6,,,,
104.379,3,Atta_3,3560.6,765.4,95.7,21.9,-1.0,,,,
104.379,4,Atta_4,1884.5,831.8,357.7,87.7,0.7,,,,
104.379,5,Atta_5,2619.5,1198.1,30.7,71.5,1.8,,,,
104.379,6,Atta_6,2815.5,941.0,25.4,-59.7,-1.3,,,,
104.379,7,Atta_7,2844.7,2075.2,348.4,42.1,-7.8,,,,
104.379,8,Atta_8,3400.0,2055.8,302.4,-62.6,-1.7,,,,
104.379,9,Atta_9,3285.7,2125.1,341.6,72.6,2.8,,,,
104.379,10,Atta_10,1797.8,1919.5,333.6,-64.8,5.9,,,,
104.516,1,Atta_1,1896.2,1519.4,350.5,-75.7,-0.1,,,,
104.516,2,Atta_2,3247.3,737.0,72.3,62.1,-2.5,,,,
104.516,3,Atta_3,3581.9,758.4,106.5,-22.4,10.8,,,,
104.516,4,Atta_4,1866.1,828.8,357.5,-18.6,-0.2,,,,
104.516,5,Atta_5,2573.4,1216.8,31.0,-49.7,0.3,,,,
104.516,6,Atta_6,2800.1,972.1,28.7,-34.7,3.3,,,,
104.516,7,Atta_7,2815.0,2025.4,343.9,-58.0,-4.5,,,,
104.516,8,Atta_8,3530.9,2078.9,301.8,132.9,-0.6,,,,
104.516,9,Atta_9,3206.7,2133.5,337.8,-79.4,-3.8,,,,
104.516,10,Atta_10,1792.7,1890.4,338.0,29.5,4.4,,,,
104.586,1,Atta_1,2034.7,1550.0,352.9,141.8,2.4,,,,
104.586,2,Atta_2,3241.5,716.3,74.7,-21.5,2.4,,,,
104.586,3,Atta_3,3560.1,738.5,110.5,-29.5,4.0,,,,
104.586,4,Atta_4,1853.0,831.0,6.9,-13.3,9.4,,,,
104.586,5,Atta_5,2643.8,1215.9,33.3,70.4,2.3,,,,
104.586,6,Atta_6,2847.2,977.7,25.3,47.4,-3.4,,,,
104.586,7,Atta_7,2863.5,2073.2,333.8,68.1,-10.1,,,,
104.586,8,Atta_8,3461.7,2114.0,302.1,-77.6,0.3,,,,
104.586,9,Atta_9,3247.8,2150.4,340.3,44.4,2.5,,,,
104.586,10,Atta_10,1848.8,1937.8,344.9,73.4,6.9,,,,
104.654,1,Atta_1,2028.9,1562.0,356.0,-13.3,3.1,,,,
104.654,2,Atta_2,3241.5,765.3,72.9,49.0,-1.8,,,,
104.654,3,Atta_3,3511.1,772.8,115.7,59.8,5.2,,,,
104.654,4,Atta_4,1895.9,827.0,12.0,43.1,5.1,,,,
104.654,5,Atta_5,2649.1,1205.7,31.8,-11.5,-1.5,,,,
104.654,6,Atta_6,2851.7,1005.3,26.7,28.0,1.4,,,,
104.654,7,Atta_7,2824.8,2058.3,330.6,-41.5,-3.2,,,,
104.654,8,Atta_8,3479.7,2086.9,303.7,32.5,1.6,,,,
104.654,9,Atta_9,3265.4,2102.7,341.8,50.8,1.5,,,,
104.654,10,Atta_10,1866.1,1864.7,347.8,75.1,2.9,,,,
104.783,1,Atta_1,2021.6,1552.8,351.8,-11.7,-4.2,,,,
104.783,2,Atta_2,3312.8,761.6,76.4,71.4,3.5,,,,
104.783,3,Atta_3,3517.7,704.5,125.9,-68.6,10.2,,,,
104.783,4,Atta_4,1861.3,813.1,16.3,-37.3,4.3,,,,
104.783,5,Atta_5,2616.7,1230.7,31.7,-40.9,-0.1,,,,
104.783,6,Atta_6,2807.8,1008.9,29.5,-44.0,2.8,,,,
104.783,7,Atta_7,2875.2,2072.3,328.6,52.3,-2.0,,,,
104.783,8,Atta_8,3476.4,2100.1,304.0,-13.6,0.3,,,,
104.783,9,Atta_9,3288.4,2097.7,344.2,23.5,2.4,,,,
104.783,10,Atta_10,1838.2,1934.2,348.4,-74.9,0.6,,,,
104.851,1,Atta_1,2032.4,1542.9,355.8,14.7,4.0,,,,
104.851,2,Atta_2,3250.6,703.7,76.8,-85.0,0.4,,,,
104.851,3,Atta_3,3545.3,730.5,121.9,37.9,-4.0,,,,
104.851,4,Atta_4,1841.2,857.3,19.1,-48.6,2.8,,,,
104.851,5,Atta_5,2655.9,1200.4,31.6,49.5,-0.1,,,,
104.851,6,Atta_6,2857.5,1036.0,28.8,56.6,-0.7,,,,
104.851,7,Atta_7,2801.3,2083.2,321.0,-74.7,-7.6,,,,
104.851,8,Atta_8,3448.7,2085.9,302.7,-31.1,-1.3,,,,
104.851,9,Atta_9,3236.6,2056.8,337.2,-66.0,-7.0,,,,
104.851,10,Atta_10,1805.4,1920.7,344.9,-35.5,-3.5,,,,
104.92,1,Atta_1,2029.6,1487.5,352.5,55.5,-3.3,,,,
104.92,2,Atta_2,3212.6,755.5,75.8,64.2,-1.0,,,,
104.92,3,Atta_3,3577.9,739.9,136.4,-33.9,14.5,,,,
104.92,4,Atta_4,1895.8,907.0,26.8,73.8,7.7,,,,
104.92,5,Atta_5,2658.6,1218.9,31.6,18.7,0.0,,,,
104.92,6,Atta_6,2790.8,1040.5,27.4,-66.9,-1.4,,,,
104.92,7,Atta_7,2793.7,2067.7,318.8,17.3,-2.2,,,,
104.92,8,Atta_8,3479.2,2151.5,302.0,-72.3,-0.7,,,,
104.92,9,Atta_9,3236.6,2042.6,340.0,14.2,2.8,,,,
104.92,10,Atta_10,1783.5,1875.3,349.5,-50.4,4.6,,,,
105.055,1,Atta_1,2051.1,1540.3,354.4,57.0,1.9,,,,
105.055,2,Atta_2,3232.8,790.8,72.0,40.7,-3.8,,,,
105.055,3,Atta_3,3563.2,724.0,136.3,-21.7,-0.1,,,,
105.055,4,Atta_4,1841.3,832.0,34.9,-92.7,8.1,,,,
105.055,5,Atta_5,2694.5,1225.1,32.0,36.4,0.4,,,,
105.055,6,Atta_6,2817.9,934.0,23.0,-109.9,-4.4,,,,
105.055,7,Atta_7,2841.6,2015.7,316.5,70.7,-2.3,,,,
105.055,8,Atta_8,3464.5,2068.8,300.5,84.0,-1.5,,,,
105.055,9,Atta_9,3254.4,2081.5,338.6,42.8,-1.4,,,,
105.055,10,Atta_10,1871.3,1823.7,348.5,101.8,-1.0,,,,
105.123,1,Atta_1,2056.5,1514.2,357.7,26.7,3.3,,,,
105.123,2,Atta_2,3293.4,743.8,77.4,-76.7,5.4,,,,
105.123,3,Atta_3,3615.4,759.6,144.9,-63.2,8.6,,,,
105.123,4,Atta_4,1841.2,851.5,34.1,19.5,-0.8,,,,
105.123,5,Atta_5,2653.2,1246.6,35.1,-46.6,3.1,,,,
105.123,6,Atta_6,2800.3,1001.8,27.0,70.0,4.0,,,,
105.123,7,Atta_7,2833.3,2045.7,317.4,-31.1,0.9,,,,
105.123,8,Atta_8,3478.3,2102.2,303.6,-36.1,3.1,,,,
105.123,9,Atta_9,3228.0,2065.9,338.8,-30.7,0.2,,,,
105.123,10,Atta_10,1879.3,1870.5,349.3,-47.5,0.8,,,,
105.189,1,Atta_1,2069.5,1488.3,351.9,29.0,-5.8,,,,
105.189,2,Atta_2,3236.1,730.7,76.5,-58.8,-0.9,,,,
105.189,3,Atta_3,3581.6,715.4,146.8,55.6,1.9,,,,
105.189,4,Atta_4,1887.4,805.7,37.7,65.1,3.6,,,,
105.189,5,Atta_5,2690.6,1261.4,31.2,40.2,-3.9,,,,
105.189,6,Atta_6,2834.9,1004.0,27.6,34.7,0.6,,,,
105.189,7,Atta_7,2822.6,2060.6,319.8,-18.3,2.4,,,,
105.189,8,Atta_8,3487.8,2070.2,302.2,33.4,-1.4,,,,
105.189,9,Atta_9,3219.9,2118.9,339.4,-53.6,0.6,,,,
105.189,10,Atta_10,1876.0,1860.1,346.8,-10.9,-2.5,,,,
105.255,1,Atta_1,2049.9,1493.7,349.7,-20.3,-2.2,,,,
105.255,2,Atta_2,3284.6,808.9,75.0,92.0,-1.5,,,,
105.255,3,Atta_3,3525.5,742.6,152.3,62.3,5.5,,,,
105.255,4,Atta_4,1866.9,842.0,43.9,41.7,6.2,,,,
105.255,5,Atta_5,2689.2,1257.6,28.7,-4.0,-2.5,,,,
105.255,6,Atta_6,2847.5,968.8,27.1,-37.4,-0.5,,,,
105.255,7,Atta_7,2816.2,2083.5,316.9,-23.8,-2.9,,,,
105.255,8,Atta_8,3456.1,2097.0,300.5,-41.5,-1.7,,,,
105.255,9,Atta_9,3231.3,2056.2,339.6,63.7,0.2,,,,
105.255,10,Atta_10,1897.8,1918.3,347.4,62.1,0.6,,,,
105.321,1,Atta_1,2121.8,1558.9,354.9,97.1,5.2,,,,
105.321,2,Atta_2,3254.4,753.6,72.0,-63.0,-3.0,,,,
105.321,3,Atta_3,3578.0,732.8,150.3,-53.4,-2.0,,,,
105.321,4,Atta_4,1867.2,820.5,48.9,-21.5,5.0,,,,
105.321,5,Atta_5,2680.0,1282.7,22.8,26.7,-5.9,,,,
105.321,6,Atta_6,2806.7,1036.5,30.9,-79.0,3.8,,,,
105.321,7,Atta_7,2840.2,2061.4,321.0,32.6,4.1,,,,
105.321,8,Atta_8,3506.7,2103.1,302.3,51.0,1.8,,,,
105.321,9,Atta_9,3255.1,2049.4,339.9,24.8,0.3,,,,
105.321,10,Atta_10,1874.6,1904.0,345.9,-27.3,-1.5,,,,
105.382,1,Atta_1,2063.2,1515.8,354.5,-72.7,-0.4,,,,
105.382,2,Atta_2,3280.7,697.2,76.0,-62.2,4.0,,,,
105.382,3,Atta_3,3569.1,708.5,148.1,-25.9,-2.2,,,,
105.382,4,Atta_4,1842.8,862.7,55.8,48.7,6.9,,,,
105.382,5,Atta_5,2733.8,1243.1,19.1,66.8,-3.7,,,,
105.382,6,Atta_6,2835.2,1037.4,27.9,28.5,-3.0,,,,
105.382,7,Atta_7,2877.7,2080.7,320.0,42.2,-1.0,,,,
105.382,8,Atta_8,3525.4,2043.9,302.2,62.1,-0.1,,,,
105.382,9,Atta_9,3246.1,2089.6,340.2,-41.2,0.3,,,,
105.382,10,Atta_10,1932.5,1883.4,353.4,61.5,7.5,,,,
105.453,1,Atta_1,2089.6,1494.7,358.1,33.8,3.6,,,,
105.453,2,Atta_2,3275.3,719.0,75.9,22.5,-0.1,,,,
105.453,3,Atta_3,3593.5,712.2,147.8,-24.7,-0.3,,,,
105.453,4,Atta_4,1868.1,848.9,57.6,28.8,1.8,,,,
105.453,5,Atta_5,2678.2,1260.2,16.6,-58.2,-2.5,,,,
105.453,6,Atta_6,2799.2,1041.3,24.7,-36.2,-3.2,,,,
105.453,7,Atta_7,2874.5,2061.3,318.9,19.7,-1.1,,,,
105.453,8,Atta_8,3458.5,2055.5,301.6,-67.9,-0.6,,,,
105.453,9,Atta_9,3329.8,2087.6,340.4,83.7,0.2,,,,
105.453,10,Atta_10,1923.2,1858.7,349.5,-26.4,-3.9,,,,
105.519,1,Atta_1,2102.8,1501.6,356.3,14.9,-1.8,,,,
105.519,2,Atta_2,3224.1,750.5,70.4,60.1,-5.5,,,,
105.519,3,Atta_3,3537.2,697.2,150.8,58.3,3.0,,,,
105.519,4,Atta_4,1939.5,804.8,63.9,83.9,6.3,,,,
105.519,5,Atta_5,2651.8,1263.3,8.7,-26.6,-7.9,,,,
105.519,6,Atta_6,2830.5,1035.6,25.6,31.8,0.9,,,,
105.519,7,Atta_7,2828.7,2034.5,316.8,-53.1,-2.1,,,,
105.519,8,Atta_8,3449.5,2100.7,303.5,-46.1,1.9,,,,
105.519,9,Atta_9,3184.5,2115.4,336.6,-147.9,-3.8,,,,
105.519,10,Atta_10,1854.5,1888.3,350.0,-74.8,0.5,,,,
105.587,1,Atta_1,2121.6,1537.9,355.1,40.9,-1.2,,,,
105.587,2,Atta_2,3286.7,720.3,71.8,-69.5,1.4,,,,
105.587,3,Atta_3,3565.6,699.3,150.5,-28.5,-0.3,,,,
105.587,4,Atta_4,1892.3,834.0,70.5,55.5,6.6,,,,
105.587,5,Atta_5,2685.8,1243.2,9.4,39.5,0.7,,,,
105.587,6,Atta_6,2803.4,1022.5,23.0,-30.1,-2.6,,,,
105.587,7,Atta_7,2880.0,2044.3,317.1,52.2,0.3,,,,
105.587,8,Atta_8,3509.4,2042.8,305.0,83.3,1.5,,,,
105.587,9,Atta_9,3288.8,2082.8,342.2,109.3,5.6,,,,
105.587,10,Atta_10,1927.6,1848.3,348.0,83.3,-2.0,,,,
105.653,1,Atta_1,2122.0,1497.3,351.4,40.6,-3.7,,,,
105.653,2,Atta_2,3265.1,725.8,74.5,-22.3,2.7,,,,
105.653,3,Atta_3,3559.3,819.1,148.9,120.0,-1.6,,,,
105.653,4,Atta_4,1889.0,853.7,70.2,20.0,-0.3,,,,
105.653,5,Atta_5,2701.5,1279.1,1.2,39.2,-8.2,,,,
105.653,6,Atta_6,2828.2,1020.5,28.5,24.9,5.5,,,,
105.653,7,Atta_7,2898.3,1987.9,323.3,59.3,6.2,,,,
105.653,8,Atta_8,3485.2,2089.2,305.1,-52.3,0.1,,,,
105.653,9,Atta_9,3238.9,2081.3,340.7,-49.9,-1.5,,,,
105.653,10,Atta_10,1948.0,1866.0,349.2,27.0,1.2,,,,
105.721,1,Atta_1,2128.8,1555.0,357.8,-58.1,6.4,,,,
105.721,2,Atta_2,3252.2,764.1,78.3,40.4,3.8,,,,
105.721,3,Atta_3,3491.1,697.1,149.3,-139.8,0.4,,,,
105.721,4,Atta_4,1888.2,807.3,76.5,-46.4,6.3,,,,
105.721,5,Atta_5,2681.8,1306.2,357.4,-33.5,-3.8,,,,
105.721,6,Atta_6,2844.6,988.8,25.4,-35.7,-3.1,,,,
105.721,7,Atta_7,2906.8,1995.4,319.3,11.3,-4.0,,,,
105.721,8,Atta_8,3491.0,2080.3,305.0,10.6,-0.1,,,,
105.721,9,Atta_9,3246.7,2119.5,340.9,-39.0,0.2,,,,
105.721,10,Atta_10,1955.7,1874.0,347.9,11.1,-1.3,,,,
105.788,1,Atta_1,2130.0,1527.3,354.0,27.7,-3.8,,,,
105.788,2,Atta_2,3230.7,725.6,74.3,-44.1,-4.0,,,,
105.788,3,Atta_3,3529.2,747.4,149.4,-63.1,0.1,,,,
105.788,4,Atta_4,1868.5,885.4,81.8,80.5,5.3,,,,
105.788,5,Atta_5,2735.7,1316.5,355.5,54.9,-1.9,,,,
105.788,6,Atta_6,2792.8,1041.0,25.1,-73.5,-0.3,,,,
105.788,7,Atta_7,2872.1,2017.8,317.3,-41.3,-2.0,,,,
105.788,8,Atta_8,3510.5,2086.5,307.4,20.5,2.4,,,,
105.788,9,Atta_9,3251.2,2124.6,340.1,6.8,-0.8,,,,
105.788,10,Atta_10,2018.5,1817.0,350.0,84.8,2.1,,,,
105.86,1,Atta_1,2153.0,1525.3,355.8,23.1,1.8,,,,
105.86,2,Atta_2,3258.7,703.2,74.5,-35.9,0.2,,,,
105.86,3,Atta_3,3463.5,706.1,150.1,77.6,0.7,,,,
105.86,4,Atta_4,1858.4,857.6,78.9,-29.6,-2.9,,,,
105.86,5,Atta_5,2696.3,1283.1,357.1,-51.7,1.6,,,,
105.86,6,Atta_6,2862.2,970.1,25.8,99.2,0.7,,,,
105.86,7,Atta_7,2879.3,1981.9,320.9,36.6,3.6,,,,
105.86,8,Atta_8,3517.6,2046.4,302.0,40.7,-5.4,,,,
105.86,9,Atta_9,3261.2,2105.8,338.8,21.3,-1.3,,,,
105.86,10,Atta_10,1978.8,1898.8,349.6,-90.9,-0.4,,,,
105.914,1,Atta_1,2194.5,1598.2,355.6,83.9,-0.2,,,,
105.914,2,Atta_2,3317.1,764.7,70.0,84.8,-4.5,,,,
105.914,3,Atta_3,3530.0,752.4,148.9,-81.0,-1.2,,,,
105.914,4,Atta_4,1842.9,927.9,78.9,72.0,0.0,,,,
105.914,5,Atta_5,2677.1,1242.7,355.4,-44.7,-1.7,,,,
105.914,6,Atta_6,2770.0,982.2,23.4,-93.0,-2.4,,,,
105.914,7,Atta_7,2935.9,2023.0,317.7,69.9,-3.2,,,,
105.914,8,Atta_8,3481.4,2066.6,302.7,-41.5,0.7,,,,
105.914,9,Atta_9,3256.2,2037.0,341.0,69.0,2.2,,,,
105.914,10,Atta_10,2029.4,1859.5,347.5,64.1,-2.1,,,,
105.985,1,Atta_1,2162.3,1492.0,355.6,-111.0,0.0,,,,
105.985,2,Atta_2,3223.3,759.9,73.3,-93.9,3.3,,,,
105.985,3,Atta_3,3548.8,724.8,151.1,-33.4,2.2,,,,
105.985,4,Atta_4,1874.8,843.3,77.9,-90.4,-1.0,,,,
105.985,5,Atta_5,2693.6,1233.0,356.0,19.1,0.6,,,,
105.985,6,Atta_6,2791.9,969.7,25.7,25.2,2.3,,,,
105.985,7,Atta_7,2925.3,1991.0,321.5,33.7,3.8,,,,
105.985,8,Atta_8,3441.5,2037.6,302.3,49.3,-0.4,,,,
105.985,9,Atta_9,3228.8,2103.0,342.1,-71.5,1.1,,,,
105.985,10,Atta_10,1986.4,1819.5,347.5,-58.7,0.0,,,,
106.037,1,Atta_1,2203.4,1506.9,355.1,43.7,-0.5,,,,
106.037,2,Atta_2,3183.3,697.8,75.0,-73.9,1.7,,,,
106.037,3,Atta_3,3520.6,728.0,153.8,28.4,2.7,,,,
106.037,4,Atta_4,1855.9,789.4,77.6,-57.1,-0.3,,,,
106.037,5,Atta_5,2689.1,1247.6,357.0,-15.3,1.0,,,,
106.037,6,Atta_6,2877.3,969.2,28.4,85.4,2.7,,,,
106.037,7,Atta_7,2936.4,1949.8,317.7,42.7,-3.8,,,,
106.037,8,Atta_8,3516.1,2070.7,305.0,81.6,2.7,,,,
106.037,9,Atta_9,3272.6,2132.8,340.7,53.0,-1.4,,,,
106.037,10,Atta_10,2046.3,1837.3,349.4,62.5,1.9,,,,
106.104,1,Atta_1,2191.8,1557.7,350.5,-52.1,-4.6,,,,
106.104,2,Atta_2,3256.5,759.0,74.1,95.4,-0.9,,,,
106.104,3,Atta_3,3506.5,768.1,152.0,42.5,-1.8,,,,
106.104,4,Atta_4,1841.0,788.4,82.5,-14.9,4.9,,,,
106.104,5,Atta_5,2764.9,1257.8,354.3,76.5,-2.7,,,,
106.104,6,Atta_6,2819.5,1009.4,27.9,-70.4,-0.5,,,,
106.104,7,Atta_7,2951.8,1943.2,316.5,16.8,-1.2,,,,
106.104,8,Atta_8,3493.6,2120.2,302.4,-54.4,-2.6,,,,
106.104,9,Atta_9,3227.3,2126.2,337.6,-45.8,-3.1,,,,
106.104,10,Atta_10,1977.2,1827.3,352.4,-69.8,3.0,,,,
106.171,1,Atta_1,2236.7,1553.5,353.9,45.1,3.4,,,,
106.171,2,Atta_2,3293.5,778.5,72.7,41.8,-1.4,,,,
106.171,3,Atta_3,3553.4,745.9,151.3,-51.9,-0.7,,,,
106.171,4,Atta_4,1827.8,832.8,81.0,46.3,-1.5,,,,
106.171,5,Atta_5,2697.7,1220.3,354.6,-77.0,0.3,,,,
106.171,6,Atta_6,2836.9,999.6,26.5,20.0,-1.4,,,,
106.171,7,Atta_7,2930.6,1944.0,318.7,-21.2,2.2,,,,
106.171,8,Atta_8,3482.9,2088.7,303.2,33.3,0.8,,,,
106.171,9,Atta_9,3241.6,2105.9,339.7,24.8,2.1,,,,
106.171,10,Atta_10,2002.4,1828.9,349.2,25.3,-3.2,,,,
106.3,1,Atta_1,2178.4,1522.8,357.3,-65.9,3.4,,,,
106.3,2,Atta_2,3223.0,767.4,74.3,-71.4,1.6,,,,
106.3,3,Atta_3,3524.1,724.4,145.1,36.3,-6.2,,,,
106.3,4,Atta_4,1870.9,963.5,79.5,137.6,-1.5,,,,
106.3,5,Atta_5,2763.1,1243.4,355.8,69.4,1.2,,,,
106.3,6,Atta_6,2806.3,1008.4,27.0,-31.8,0.5,,,,
106.3,7,Atta_7,2976.0,1975.8,319.5,55.4,0.8,,,,
106.3,8,Atta_8,3448.5,2045.2,298.8,55.5,-4.4,,,,
106.3,9,Atta_9,3295.8,2087.9,341.8,57.1,2.1,,,,
106.3,10,Atta_10,2007.5,1893.0,349.1,-64.3,-0.1,,,,
106.366,1,Atta_1,2229.7,1488.9,355.9,61.5,-1.4,,,,
106.366,2,Atta_2,3216.8,732.8,74.0,-35.2,-0.3,,,,
106.366,3,Atta_3,3503.8,740.0,147.1,25.6,2.0,,,,
106.366,4,Atta_4,1865.8,862.8,78.0,-100.8,-1.5,,,,
106.366,5,Atta_5,2776.3,1248.5,357.3,14.2,1.5,,,,
106.366,6,Atta_6,2795.5,994.7,30.2,-17.4,3.2,,,,
106.366,7,Atta_7,2909.9,1957.6,318.9,-68.6,-0.6,,,,
106.366,8,Atta_8,3440.6,2067.4,300.7,-23.6,1.9,,,,
106.366,9,Atta_9,3262.3,2068.0,340.3,-39.0,-1.5,,,,
106.366,10,Atta_10,2059.1,1819.6,350.4,89.7,1.3,,,,
106.431,1,Atta_1,2263.6,1538.3,355.4,59.9,-0.5,,,,
106.431,2,Atta_2,3258.7,774.2,73.9,58.9,-0.1,,,,
106.431,3,Atta_3,3504.6,722.0,148.2,-18.0,1.1,,,,
106.431,4,Atta_4,1831.7,902.7,84.2,52.5,6.2,,,,
106.431,5,Atta_5,2727.4,1248.2,350.7,-48.9,-6.6,,,,
106.431,6,Atta_6,2845.2,985.3,26.3,50.6,-3.9,,,,
106.431,7,Atta_7,2971.3,1986.0,315.9,67.6,-3.0,,,,
106.431,8,Atta_8,3474.1,2034.2,303.0,47.2,2.3,,,,
106.431,9,Atta_9,3282.9,2073.3,340.8,21.3,0.5,,,,
106.431,10,Atta_10,2131.3,1796.8,345.9,75.7,-4.5,,,,
106.553,1,Atta_1,2303.5,1526.8,358.7,41.5,3.3,,,,
106.553,2,Atta_2,3196.9,730.9,74.0,-75.5,0.1,,,,
106.553,3,Atta_3,3500.3,781.2,151.0,59.4,2.8,,,,
106.553,4,Atta_4,1859.0,864.9,82.4,-46.6,-1.8,,,,
106.553,5,Atta_5,2738.1,1218.9,355.0,31.2,4.3,,,,
106.553,6,Atta_6,2805.0,992.7,26.3,-40.9,0.0,,,,
106.553,7,Atta_7,2910.5,1963.3,317.6,-64.9,1.7,,,,
106.553,8,Atta_8,3510.1,2038.8,303.3,36.3,0.3,,,,
106.553,9,Atta_9,3262.5,2040.7,340.8,-38.5,0.0,,,,
106.553,10,Atta_10,2103.4,1833.9,349.7,-46.4,3.8,,,,
106.623,1,Atta_1,2295.7,1536.2,355.2,-12.2,-3.5,,,,
106.623,2,Atta_2,3246.0,714.3,73.8,-51.8,-0.2,,,,
106.623,3,Atta_3,3467.9,796.6,145.8,35.9,-5.2,,,,
106.623,4,Atta_4,1879.4,951.3,79.5,88.8,-2.9,,,,
106.623,5,Atta_5,2752.8,1276.7,358.0,59.6,3.0,,,,
106.623,6,Atta_6,2807.5,933.1,24.8,-59.7,-1.5,,,,
106.623,7,Atta_7,2992.1,1948.6,316.9,82.9,-0.7,,,,
106.623,8,Atta_8,3510.7,2109.8,300.8,-71.0,-2.5,,,,
106.623,9,Atta_9,3231.8,2095.3,335.9,-62.6,-4.9,,,,
106.623,10,Atta_10,2074.4,1855.0,354.6,-35.9,4.9,,,,
106.689,1,Atta_1,2287.7,1473.0,351.6,-63.7,-3.6,,,,
106.689,2,Atta_2,3266.9,750.6,73.3,41.9,-0.5,,,,
106.689,3,Atta_3,3479.9,729.2,149.1,-68.5,3.3,,,,
106.689,4,Atta_4,1934.8,896.2,78.5,-78.1,-1.0,,,,
106.689,5,Atta_5,2741.7,1285.9,358.5,-14.4,0.5,,,,
106.689,6,Atta_6,2803.2,981.1,25.6,48.2,0.8,,,,
106.689,7,Atta_7,2984.8,1929.6,317.0,20.4,0.1,,,,
106.689,8,Atta_8,3456.0,2096.6,305.1,-56.3,4.3,,,,
106.689,9,Atta_9,3238.8,2090.8,343.7,8.3,7.8,,,,
106.689,10,Atta_10,2077.1,1859.9,354.7,5.6,0.1,,,,
106.757,1,Atta_1,2338.0,1466.6,356.8,50.7,5.2,,,,
106.757,2,Atta_2,3231.8,686.5,73.5,-73.1,0.2,,,,
106.757,3,Atta_3,3539.7,710.7,148.9,-62.6,-0.2,,,,
106.757,4,Atta_4,1882.5,950.7,82.3,75.5,3.8,,,,
106.757,5,Atta_5,2750.5,1209.2,356.6,77.2,-1.9,,,,
106.757,6,Atta_6,2844.5,1030.4,25.8,64.3,0.2,,,,
106.757,7,Atta_7,3028.7,1958.5,321.5,52.6,4.5,,,,
106.757,8,Atta_8,3441.1,2071.6,302.9,29.1,-2.2,,,,
106.757,9,Atta_9,3247.6,2130.0,337.8,-40.2,-5.9,,,,
106.757,10,Atta_10,2057.6,1858.2,354.0,-19.6,-0.7,,,,
106.826,1,Atta_1,2325.0,1498.4,357.3,-34.4,0.5,,,,
106.826,2,Atta_2,3264.5,722.5,71.0,48.6,-2.5,,,,
106.826,3,Atta_3,3503.2,749.2,150.3,53.1,1.4,,,,
106.826,4,Atta_4,1904.9,951.1,79.0,22.4,-3.3,,,,
106.826,5,Atta_5,2764.3,1282.6,355.6,74.7,-1.0,,,,
106.826,6,Atta_6,2809.8,973.6,27.3,-66.6,1.5,,,,
106.826,7,Atta_7,2989.5,1931.5,316.5,-47.6,-5.0,,,,
106.826,8,Atta_8,3485.7,2011.6,303.5,74.8,0.6,,,,
106.826,9,Atta_9,3245.7,2111.7,338.7,18.4,0.9,,,,
106.826,10,Atta_10,2105.6,1823.4,354.8,59.3,0.8,,,,
106.897,1,Atta_1,2323.9,1494.4,353.5,-4.1,-3.8,,,,
106.897,2,Atta_2,3213.3,776.7,72.4,74.6,1.4,,,,
106.897,3,Atta_3,3468.7,806.3,149.8,66.7,-0.5,,,,
106.897,4,Atta_4,1891.6,990.9,80.9,42.0,1.9,,,,
106.897,5,Atta_5,2790.5,1231.0,357.0,57.9,1.4,,,,
106.897,6,Atta_6,2864.6,949.6,26.7,59.8,-0.6,,,,
106.897,7,Atta_7,2944.3,1960.2,317.3,-53.5,0.8,,,,
106.897,8,Atta_8,3488.2,2064.3,302.2,-52.8,-1.3,,,,
106.897,9,Atta_9,3288.0,2070.6,342.8,59.0,4.1,,,,
106.897,10,Atta_10,2053.9,1863.4,354.6,-65.4,-0.2,,,,
106.959,1,Atta_1,2330.1,1487.0,355.8,9.7,2.3,,,,
106.959,2,Atta_2,3277.7,762.2,72.6,66.0,0.2,,,,
106.959,3,Atta_3,3591.5,787.1,150.1,-124.3,0.3,,,,
106.959,4,Atta_4,1942.3,922.8,73.9,-84.9,-7.0,,,,
106.959,5,Atta_5,2735.4,1239.9,355.8,-55.8,-1.2,,,,
106.959,6,Atta_6,2817.2,994.2,23.1,-65.1,-3.6,,,,
106.959,7,Atta_7,2943.9,1885.0,320.8,75.2,3.5,,,,
106.959,8,Atta_8,3505.5,2048.9,305.8,23.2,3.6,,,,
106.959,9,Atta_9,3246.9,2085.0,341.8,-43.5,-1.0,,,,
106.959,10,Atta_10,2067.5,1862.3,353.8,13.6,-0.8,,,,
107.028,1,Atta_1,2368.3,1543.6,0.6,68.3,4.8,,,,
107.028,2,Atta_2,3280.5,770.7,73.9,8.9,1.3,,,,
107.028,3,Atta_3,3549.0,738.4,151.5,64.6,1.4,,,,
107.028,4,Atta_4,1893.8,1020.4,68.6,109.0,-5.3,,,,
107.028,5,Atta_5,2762.4,1223.3,356.6,31.7,0.8,,,,
107.028,6,Atta_6,2841.8,990.2,25.7,24.9,2.6,,,,
107.028,7,Atta_7,2955.0,1940.8,319.6,-56.9,-1.2,,,,
107.028,8,Atta_8,3496.7,2047.4,303.3,-8.9,-2.5,,,,
107.028,9,Atta_9,3232.1,2096.0,339.8,-18.4,-2.0,,,,
107.028,10,Atta_10,2104.4,1893.3,354.0,48.2,0.2,,,,
107.094,1,Atta_1,2363.0,1549.8,3.6,-8.2,3.0,,,,
107.094,2,Atta_2,3206.3,772.5,71.5,-74.2,-2.4,,,,
107.094,3,Atta_3,3507.3,711.4,148.8,49.7,-2.7,,,,
107.094,4,Atta_4,1880.8,987.0,65.4,-35.8,-3.2,,,,
107.094,5,Atta_5,2754.4,1258.7,355.3,-36.3,-1.3,,,,
107.094,6,Atta_6,2832.2,1038.9,24.5,49.6,-1.2,,,,
107.094,7,Atta_7,2987.3,1946.6,314.7,32.8,-4.9,,,,
107.094,8,Atta_8,3519.3,2072.6,302.2,-33.8,-1.1,,,,
107.094,9,Atta_9,3280.3,2091.9,342.7,48.4,2.9,,,,
107.094,10,Atta_10,2140.6,1846.9,354.2,58.9,0.2,,,,
107.16,1,Atta_1,2370.4,1440.9,0.9,109.2,-2.7,,,,
107.16,2,Atta_2,3294.9,794.5,73.6,91.3,2.1,,,,
107.16,3,Atta_3,3493.6,760.5,149.8,51.0,1.0,,,,
107.16,4,Atta_4,1904.0,1016.0,57.5,37.1,-7.9,,,,
107.16,5,Atta_5,2731.4,1307.6,356.5,-54.0,1.2,,,,
107.16,6,Atta_6,2815.9,1007.1,28.9,-35.7,4.4,,,,
107.16,7,Atta_7,2990.3,1969.0,322.7,-22.6,8.0,,,,
107.16,8,Atta_8,3506.6,2147.3,302.7,-75.8,0.5,,,,
107.16,9,Atta_9,3230.6,2121.2,341.8,-57.7,-0.9,,,,
107.16,10,Atta_10,2161.5,1868.8,357.8,30.3,3.6,,,,
107.228,1,Atta_1,2317.3,1520.0,4.8,-95.3,3.9,,,,
107.228,2,Atta_2,3243.7,729.6,71.4,-82.7,-2.2,,,,
107.228,3,Atta_3,3560.5,719.0,150.6,-78.7,0.8,,,,
107.228,4,Atta_4,1882.1,966.7,51.5,-53.9,-6.0,,,,
107.228,5,Atta_5,2757.4,1239.5,354.1,72.9,-2.4,,,,
107.228,6,Atta_6,2842.6,943.3,27.0,-69.2,-1.9,,,,
107.228,7,Atta_7,2917.4,1971.2,323.9,-72.9,1.2,,,,
107.228,8,Atta_8,3444.1,2116.5,306.3,-69.7,3.6,,,,
107.228,9,Atta_9,3252.6,2095.6,341.2,33.8,-0.6,,,,
107.228,10,Atta_10,2157.7,1779.0,354.1,-89.9,-3.7,,,,
107.297,1,Atta_1,2335.0,1491.7,359.9,33.4,-4.9,,,,
107.297,2,Atta_2,3301.2,760.3,70.8,65.2,-0.6,,,,
107.297,3,Atta_3,3516.3,713.0,148.2,44.6,-2.4,,,,
107.297,4,Atta_4,1902.2,959.2,55.0,21.5,3.5,,,,
107.297,5,Atta_5,2782.2,1277.5,349.7,45.4,-4.4,,,,
107.297,6,Atta_6,2825.7,1023.2,26.7,81.7,-0.3,,,,
107.297,7,Atta_7,2958.3,1971.8,318.0,40.9,-5.9,,,,
107.297,8,Atta_8,3484.0,2051.6,300.4,76.2,-5.9,,,,
107.297,9,Atta_9,3281.7,2036.8,339.6,65.6,-1.6,,,,
107.297,10,Atta_10,2139.1,1773.7,350.9,-19.3,-3.2,,,,
107.363,1,Atta_1,2340.2,1528.2,359.6,36.9,-0.3,,,,
107.363,2,Atta_2,3241.7,771.6,73.6,-60.6,2.8,,,,
107.363,3,Atta_3,3521.8,751.3,150.2,38.7,2.0,,,,
107.363,4,Atta_4,1919.9,963.8,49.0,18.3,-6.0,,,,
107.363,5,Atta_5,2779.5,1235.9,355.4,41.7,5.7,,,,
107.363,6,Atta_6,2823.1,1009.2,25.9,-14.2,-0.8,,,,
107.363,7,Atta_7,2987.9,1968.1,317.3,29.8,-0.7,,,,
107.363,8,Atta_8,3488.9,2060.3,302.7,-10.0,2.3,,,,
107.363,9,Atta_9,3267.1,2107.4,337.1,-72.1,-2.5,,,,
107.363,10,Atta_10,2178.2,1848.4,354.3,84.3,3.4,,,,
107.432,1,Atta_1,2337.9,1521.8,1.1,-6.8,1.5,,,,
107.432,2,Atta_2,3240.3,708.3,72.1,-63.3,-1.5,,,,
107.432,3,Atta_3,3480.1,742.2,146.1,42.7,-4.1,,,,
107.432,4,Atta_4,1927.3,968.2,39.3,8.6,-9.7,,,,
107.432,5,Atta_5,2751.5,1238.3,354.4,-28.1,-1.0,,,,
107.432,6,Atta_6,2803.3,951.1,24.9,-61.4,-1.0,,,,
107.432,7,Atta_7,2899.1,1920.5,315.8,-100.8,-1.5,,,,
107.432,8,Atta_8,3494.8,2083.2,303.2,-23.6,0.5,,,,
107.432,9,Atta_9,3242.0,2105.0,342.0,-25.2,4.9,,,,
107.432,10,Atta_10,2170.9,1803.8,358.5,-45.2,4.2,,,,
107.498,1,Atta_1,2307.5,1459.6,357.7,-69.2,-3.4,,,,
107.498,2,Atta_2,3296.1,731.0,71.3,60.2,-0.8,,,,
107.498,3,Atta_3,3524.9,787.7,147.6,-63.9,1.5,,,,
107.498,4,Atta_4,1904.3,906.9,39.4,-65.5,0.1,,,,
107.498,5,Atta_5,2773.1,1248.0,356.7,23.7,2.3,,,,
107.498,6,Atta_6,2819.2,926.1,26.2,29.6,1.3,,,,
107.498,7,Atta_7,2987.0,1946.0,321.0,91.5,5.2,,,,
107.498,8,Atta_8,3468.9,2073.7,306.7,-27.6,3.5,,,,
107.498,9,Atta_9,3213.5,2121.8,340.7,-33.1,-1.3,,,,
107.498,10,Atta_10,2135.3,1814.1,355.1,-37.1,-3.4,,,,
107.564,1,Atta_1,2395.7,1508.1,1.9,100.7,4.2,,,,
107.564,2,Atta_2,3278.9,732.7,71.0,-17.3,-0.3,,,,
107.564,3,Atta_3,3475.7,744.3,149.2,65.6,1.6,,,,
107.564,4,Atta_4,1870.8,975.1,35.1,76.0,-4.3,,,,
107.564,5,Atta_5,2806.6,1204.3,356.5,55.1,-0.2,,,,
107.564,6,Atta_6,2865.1,987.1,26.3,76.3,0.1,,,,
107.564,7,Atta_7,2931.4,1949.3,316.4,-55.7,-4.6,,,,
107.564,8,Atta_8,3430.7,2099.7,305.1,-46.2,-1.6,,,,
107.564,9,Atta_9,3250.4,2106.1,341.9,40.1,1.2,,,,
107.564,10,Atta_10,2145.8,1858.0,354.9,45.1,-0.2,,,,
107.633,2,Atta_2,3277.1,739.9,69.5,7.4,-1.5,,,,
107.633,3,Atta_3,3526.3,747.5,149.1,-50.7,-0.1,,,,
107.633,4,Atta_4,1874.1,966.7,27.4,-9.0,-7.7,,,,
107.633,5,Atta_5,2736.3,1266.9,355.9,-94.1,-0.6,,,,
107.633,6,Atta_6,2819.2,1026.3,25.8,-60.4,-0.5,,,,
107.633,7,Atta_7,2995.9,1955.8,318.0,64.8,1.6,,,,
107.633,8,Atta_8,3480.0,2082.5,300.9,52.2,-4.2,,,,
107.633,9,Atta_9,3253.1,2078.7,339.8,27.5,-2.1,,,,
107.633,10,Atta_10,2245.2,1819.5,355.7,106.6,0.8,,,,
107.702,1,Atta_1,2473.4,1490.7,357.6,79.6,-4.3,,,,
107.702,2,Atta_2,3316.4,760.3,73.5,44.3,4.0,,,,
107.702,4,Atta_4,1918.9,955.8,24.6,46.1,-2.8,,,,
107.702,5,Atta_5,2806.0,1248.9,355.8,72.0,-0.1,,,,
107.702,6,Atta_6,2845.5,1035.1,27.1,27.7,1.3,,,,
107.702,7,Atta_7,2965.4,1962.9,319.4,-31.3,1.4,,,,
107.702,8,Atta_8,3461.3,2075.4,304.5,-20.0,3.6,,,,
107.702,9,Atta_9,3298.6,2122.5,342.0,63.2,2.2,,,,
107.702,10,Atta_10,2247.0,1803.2,355.7,16.4,0.0,,,,
107.756,1,Atta_1,2448.6,1533.4,2.1,-49.4,4.5,,,,
107.756,2,Atta_2,3254.5,706.4,75.2,-82.1,1.7,,,,
107.756,3,Atta_3,3553.2,763.7,150.6,-31.4,1.5,,,,
107.756,4,Atta_4,1872.3,1005.4,24.0,-68.1,-0.6,,,,
107.756,5,Atta_5,2739.3,1254.2,354.7,-66.9,-1.1,,,,
107.756,6,Atta_6,2797.5,1022.7,28.3,-49.6,1.2,,,,
107.756,7,Atta_7,2971.5,1900.3,319.9,62.9,0.5,,,,
107.756,8,Atta_8,3447.2,2063.4,304.4,18.5,-0.1,,,,
107.756,9,Atta_9,3232.2,2159.4,337.7,-76.0,-4.3,,,,
107.756,10,Atta_10,2254.2,1840.3,353.6,37.8,-2.1,,,,
107.825,1,Atta_1,2524.7,1513.0,0.8,78.8,-1.3,,,,
107.825,2,Atta_2,3275.6,731.9,74.6,33.1,-0.6,,,,
107.825,3,Atta_3,3511.8,722.5,145.8,58.4,-4.8,,,,
107.825,4,Atta_4,1875.6,936.4,17.0,-69.1,-7.0,,,,
107.825,5,Atta_5,2793.4,1233.6,354.0,57.9,-0.7,,,,
107.825,6,Atta_6,2781.1,982.6,26.4,-43.3,-1.9,,,,
107.825,7,Atta_7,2890.2,1937.2,319.1,-89.3,-0.8,,,,
107.825,8,Atta_8,3506.7,2076.9,299.9,61.0,-4.5,,,,
107.825,9,Atta_9,3217.2,2132.8,341.4,-30.5,3.7,,,,
107.825,10,Atta_10,2240.3,1834.6,355.4,-15.0,1.8,,,,
107.895,1,Atta_1,2392.5,1511.6,1.0,-132.2,0.2,,,,
107.895,2,Atta_2,3276.4,701.7,76.1,-30.2,1.5,,,,
107.895,3,Atta_3,3570.4,738.6,148.4,-60.8,2.6,,,,
107.895,4,Atta_4,1951.9,965.8,12.7,81.8,-4.3,,,,
107.895,5,Atta_5,2808.1,1263.7,0.6,33.5,6.6,,,,
107.895,6,Atta_6,2822.9,986.5,27.5,42.0,1.1,,,,
107.895,7,Atta_7,2959.7,1966.1,315.6,75.3,-3.5,,,,
107.895,8,Atta_8,3471.1,2048.4,301.2,45.6,1.3,,,,
107.895,9,Atta_9,3226.3,2115.6,339.2,19.5,-2.2,,,,
107.895,10,Atta_10,2230.3,1832.0,353.9,-10.3,-1.5,,,,
107.948,1,Atta_1,2466.7,1502.5,359.4,74.8,-1.6,,,,
107.948,2,Atta_2,3286.1,750.4,72.5,49.7,-3.6,,,,
107.948,3,Atta_3,3426.2,771.2,148.3,147.8,-0.1,,,,
107.948,4,Atta_4,1888.6,959.0,5.5,-63.7,-7.2,,,,
107.948,5,Atta_5,2738.7,1205.5,351.7,-90.6,-8.9,,,,
107.948,6,Atta_6,2820.4,1009.4,27.7,23.0,0.2,,,,
107.948,7,Atta_7,2975.1,2008.7,323.1,-45.3,7.5,,,,
107.948,8,Atta_8,3448.9,2104.4,303.1,-60.2,1.9,,,,
107.948,9,Atta_9,3202.8,2080.9,340.8,-41.9,1.6,,,,
107.948,10,Atta_10,2251.8,1798.9,355.1,39.5,1.2,,,,
108.017,1,Atta_1,2435.9,1483.9,359.0,-36.0,-0.4,,,,
108.017,2,Atta_2,3262.3,746.8,73.3,-24.1,0.8,,,,
108.017,3,Atta_3,3496.2,756.9,151.4,-71.4,3.1,,,,
108.017,4,Atta_4,1883.5,937.5,358.1,-22.1,-7.4,,,,
108.017,5,Atta_5,2748.1,1264.6,356.7,59.8,5.0,,,,
108.017,6,Atta_6,2885.3,990.2,26.5,67.7,-1.2,,,,
108.017,7,Atta_7,2967.7,1940.1,319.1,69.0,-4.0,,,,
108.017,8,Atta_8,3481.7,2049.2,303.7,64.2,0.6,,,,
108.017,9,Atta_9,3245.5,2086.7,337.7,43.1,-3.1,,,,
108.017,10,Atta_10,2266.2,1856.7,353.4,59.6,-1.7,,,,
108.086,1,Atta_1,2465.6,1503.5,359.9,35.6,0.9,,,,
108.086,2,Atta_2,3261.2,692.1,74.5,-54.7,1.2,,,,
108.086,3,Atta_3,3517.6,760.9,146.0,-21.8,-5.4,,,,
108.086,4,Atta_4,1912.6,943.3,357.4,29.7,-0.7,,,,
108.086,5,Atta_5,2767.5,1274.7,355.9,21.9,-0.8,,,,
108.086,6,Atta_6,2852.0,903.9,25.1,-92.5,-1.4,,,,
108.086,7,Atta_7,2979.9,1989.4,321.3,-50.8,2.2,,,,
108.086,8,Atta_8,3474.5,2106.8,303.5,-58.0,-0.2,,,,
108.086,9,Atta_9,3296.8,2099.3,341.6,52.8,3.9,,,,
108.086,10,Atta_10,2266.4,1834.6,355.1,22.1,1.7,,,,
108.154,1,Atta_1,2489.1,1514.2,360.0,25.8,0.1,,,,
108.154,2,Atta_2,3247.3,735.9,74.5,46.0,0.0,,,,
108.154,3,Atta_3,3475.0,752.5,152.7,43.4,6.7,,,,
108.154,4,Atta_4,1901.8,975.7,353.8,-34.2,-3.6,,,,
108.154,5,Atta_5,2788.3,1261.3,355.4,24.7,-0.5,,,,
108.154,6,Atta_6,2781.4,966.8,25.2,-94.6,0.1,,,,
108.154,7,Atta_7,2944.4,1965.8,319.5,-42.6,-1.8,,,,
108.154,8,Atta_8,3500.0,2047.7,304.2,64.4,0.7,,,,
108.154,9,Atta_9,3275.2,2081.6,337.3,-27.9,-4.3,,,,
108.154,10,Atta_10,2283.9,1806.0,356.7,33.5,1.6,,,,
108.225,1,Atta_1,2505.2,1473.4,356.4,43.9,-3.6,,,,
108.225,2,Atta_2,3283.9,736.4,73.3,36.6,-1.2,,,,
108.225,3,Atta_3,3538.3,761.9,150.3,-64.0,-2.4,,,,
108.225,4,Atta_4,1838.3,967.4,347.4,-64.0,-6.4,,,,
108.225,5,Atta_5,2746.9,1229.6,355.4,-52.1,0.0,,,,
108.225,6,Atta_6,2796.1,1012.5,26.7,48.0,1.5,,,,
108.225,7,Atta_7,2921.0,1914.8,322.9,56.1,3.4,,,,
108.225,8,Atta_8,3473.4,2095.5,306.0,-54.7,1.8,,,,
108.225,9,Atta_9,3223.3,2106.4,339.6,-57.5,2.3,,,,
108.225,10,Atta_10,2359.4,1843.0,355.3,84.1,-1.4,,,,
108.287,1,Atta_1,2532.5,1545.4,3.4,77.0,7.0,,,,
108.287,2,Atta_2,3267.8,742.4,73.4,17.2,0.1,,,,
108.287,3,Atta_3,3521.1,802.9,150.7,44.5,0.4,,,,
108.287,4,Atta_4,1936.3,975.7,349.6,98.4,2.2,,,,
108.287,5,Atta_5,2822.1,1236.0,358.1,75.5,2.7,,,,
108.287,6,Atta_6,2828.4,1012.5,23.8,32.3,-2.9,,,,
108.287,7,Atta_7,2909.7,1904.9,318.1,-15.0,-4.8,,,,
108.287,8,Atta_8,3537.6,2097.0,303.4,64.2,-2.6,,,,
108.287,9,Atta_9,3296.9,2083.5,336.4,77.1,-3.2,,,,
108.287,10,Atta_10,2317.3,1884.4,0.1,-59.0,4.8,,,,
108.356,1,Atta_1,2506.7,1438.5,359.2,-110.0,-4.2,,,,
108.356,2,Atta_2,3323.7,773.3,72.2,63.9,-1.2,,,,
108.356,3,Atta_3,3568.3,683.5,151.4,-128.4,0.7,,,,
108.356,4,Atta_4,1916.4,952.4,347.5,-30.6,-2.1,,,,
108.356,5,Atta_5,2748.6,1246.3,354.9,-74.2,-3.2,,,,
108.356,6,Atta_6,2855.9,985.4,24.5,38.6,0.7,,,,
108.356,7,Atta_7,2903.5,1934.8,319.1,-30.5,1.0,,,,
108.356,8,Atta_8,3556.3,2127.4,304.8,-35.7,1.4,,,,
108.356,9,Atta_9,3349.1,2039.6,343.4,68.2,7.0,,,,
108.356,10,Atta_10,2351.6,1800.9,355.6,90.3,-4.5,,,,
108.426,1,Atta_1,2532.3,1529.1,3.3,94.1,4.1,,,,
108.426,2,Atta_2,3250.2,740.6,73.4,-80.4,1.2,,,,
108.426,3,Atta_3,3551.6,751.0,148.2,69.5,-3.2,,,,
108.426,4,Atta_4,1907.1,924.8,347.1,-29.1,-0.4,,,,
108.426,5,Atta_5,2752.6,1215.8,355.6,30.8,0.7,,,,
108.426,6,Atta_6,2761.2,973.3,26.9,-95.5,2.4,,,,
108.426,7,Atta_7,2949.4,1977.5,317.7,62.7,-1.4,,,,
108.426,8,Atta_8,3519.4,2103.1,303.9,-44.2,-0.9,,,,
108.426,9,Atta_9,3230.3,2098.2,339.4,-132.5,-4.0,,,,
108.426,10,Atta_10,2334.3,1839.6,356.9,-42.4,1.3,,,,
108.492,1,Atta_1,2623.6,1516.5,3.5,92.2,0.2,,,,
108.492,2,Atta_2,3236.5,698.7,74.4,-44.1,1.0,,,,
108.492,3,Atta_3,3506.0,722.7,146.3,53.7,-1.9,,,,
108.492,4,Atta_4,1903.9,983.8,345.0,-59.1,-2.1,,,,
108.492,5,Atta_5,2754.1,1228.4,356.1,12.7,0.5,,,,
108.492,6,Atta_6,2789.1,974.1,26.9,27.9,0.0,,,,
108.492,7,Atta_7,2940.7,1925.1,318.9,53.1,1.2,,,,
108.492,8,Atta_8,3454.0,2087.7,304.7,-67.2,0.8,,,,
108.492,9,Atta_9,3285.5,2096.8,339.3,55.2,-0.1,,,,
108.492,10,Atta_10,2342.7,1805.1,358.1,35.5,1.2,,,,
108.562,1,Atta_1,2577.8,1476.1,3.0,-61.1,-0.5,,,,
108.562,2,Atta_2,3282.9,718.5,75.7,50.4,1.3,,,,
108.562,3,Atta_3,3535.9,724.1,151.8,-29.9,5.5,,,,
108.562,4,Atta_4,1915.4,960.4,349.0,26.1,4.0,,,,
108.562,5,Atta_5,2746.5,1240.5,355.4,-14.3,-0.7,,,,
108.562,6,Atta_6,2806.9,977.4,27.7,18.1,0.8,,,,
108.562,7,Atta_7,2928.7,1946.2,319.8,-24.3,0.9,,,,
108.562,8,Atta_8,3504.1,2065.9,302.5,54.6,-2.2,,,,
108.562,9,Atta_9,3302.8,2105.4,339.4,19.3,0.1,,,,
108.562,10,Atta_10,2292.5,1808.8,356.5,-50.3,-1.6,,,,
108.618,1,Atta_1,2586.1,1517.2,0.0,41.9,-3.0,,,,
108.618,2,Atta_2,3295.2,714.6,73.7,-12.9,-2.0,,,,
108.618,3,Atta_3,3517.3,808.4,148.2,86.3,-3.6,,,,
108.618,4,Atta_4,1913.2,903.7,345.4,56.7,-3.6,,,,
108.618,5,Atta_5,2764.9,1270.5,356.5,35.2,1.1,,,,
108.618,6,Atta_6,2803.0,1019.5,28.2,42.3,0.5,,,,
108.618,7,Atta_7,2939.4,1923.7,313.2,24.9,-6.6,,,,
108.618,8,Atta_8,3499.4,2119.7,304.3,-54.0,1.8,,,,
108.618,9,Atta_9,3263.2,2065.9,338.9,-55.9,-0.5,,,,
108.618,10,Atta_10,2329.0,1836.9,1.0,46.1,4.5,,,,
108.689,1,Atta_1,2532.4,1538.4,0.3,-57.7,0.3,,,,
108.689,2,Atta_2,3216.7,744.2,69.1,83.9,-4.6,,,,
108.689,3,Atta_3,3530.0,796.7,149.8,-17.3,1.6,,,,
108.689,4,Atta_4,1958.3,977.9,348.1,86.8,2.7,,,,
108.689,5,Atta_5,2773.0,1294.9,359.4,25.7,2.9,,,,
108.689,6,Atta_6,2853.8,945.6,27.8,89.7,-0.4,,,,
108.689,7,Atta_7,2949.5,1932.9,316.2,13.7,3.0,,,,
108.689,8,Atta_8,3477.3,2023.7,301.2,98.5,-3.1,,,,
108.689,9,Atta_9,3271.7,2088.4,339.5,-24.1,0.6,,,,
108.689,10,Atta_10,2328.4,1811.9,358.9,-25.0,-2.1,,,,
108.759,1,Atta_1,2570.7,1524.6,354.6,40.7,-5.7,,,,
108.759,2,Atta_2,3245.0,778.1,76.6,44.2,7.5,,,,
108.759,3,Atta_3,3531.1,792.2,144.8,-4.6,-5.0,,,,
108.759,4,Atta_4,1952.4,916.8,346.8,61.4,-1.3,,,,
108.759,5,Atta_5,2756.0,1250.7,356.0,-47.4,-3.4,,,,
108.759,6,Atta_6,2831.4,971.4,26.8,-34.2,-1.0,,,,
108.759,7,Atta_7,2961.1,1948.1,318.8,-19.1,2.6,,,,
108.759,8,Atta_8,3505.4,2046.2,303.9,-36.0,2.7,,,,
108.759,9,Atta_9,3259.7,2095.3,341.2,-13.8,1.7,,,,
108.759,10,Atta_10,2293.6,1771.7,357.5,-53.2,-1.4,,,,
108.825,1,Atta_1,2595.5,1494.5,355.8,39.0,1.2,,,,
108.825,2,Atta_2,3261.2,788.4,74.7,19.2,-1.9,,,,
108.825,3,Atta_3,3510.1,769.5,147.4,30.9,2.6,,,,
108.825,4,Atta_4,1894.6,911.6,345.8,-58.0,-1.0,,,,
108.825,5,Atta_5,2804.3,1251.9,353.7,48.3,-2.3,,,,
108.825,6,Atta_6,2863.4,985.9,27.1,35.1,0.3,,,,
108.825,7,Atta_7,2988.4,1941.1,317.3,28.2,-1.5,,,,
108.825,8,Atta_8,3467.8,2064.5,309.6,-41.8,5.7,,,,
108.825,9,Atta_9,3256.9,2108.8,339.1,-13.8,-2.1,,,,
108.825,10,Atta_10,2301.5,1806.1,359.7,35.3,2.2,,,,
108.879,1,Atta_1,2600.2,1513.4,359.2,19.5,3.4,,,,
108.879,2,Atta_2,3274.3,719.9,75.3,-69.7,0.6,,,,
108.879,3,Atta_3,3476.9,773.7,148.7,33.5,1.3,,,,
108.879,4,Atta_4,1883.3,978.3,348.5,-67.7,2.7,,,,
108.879,5,Atta_5,2746.4,1269.2,353.9,-60.4,0.2,,,,
108.879,6,Atta_6,2791.4,1025.0,24.8,-81.9,-2.3,,,,
108.879,7,Atta_7,2899.9,1893.2,318.9,-100.6,1.6,,,,
108.879,8,Atta_8,3448.9,2072.3,303.9,-20.4,-5.7,,,,
108.879,9,Atta_9,3225.5,2076.1,340.9,-45.3,1.8,,,,
108.879,10,Atta_10,2349.2,1798.7,358.3,48.3,-1.4,,,,
108.948,1,Atta_1,2631.2,1542.1,355.8,42.2,-3.4,,,,
108.948,2,Atta_2,3244.0,705.5,79.4,-33.5,4.1,,,,
108.948,3,Atta_3,3511.6,792.9,147.0,-39.7,-1.7,,,,
108.948,4,Atta_4,2011.0,951.6,350.0,130.5,1.5,,,,
108.948,5,Atta_5,2791.6,1276.5,353.8,45.8,-0.1,,,,
108.948,6,Atta_6,2876.8,990.3,31.2,92.2,6.4,,,,
108.948,7,Atta_7,2922.8,1934.9,321.4,-47.6,2.5,,,,
108.948,8,Atta_8,3418.0,2110.5,303.4,-49.1,-0.5,,,,
108.948,9,Atta_9,3270.7,2073.7,340.7,45.3,-0.2,,,,
108.948,10,Atta_10,2361.3,1824.3,357.5,28.3,-0.8,,,,
109.013,1,Atta_1,2602.5,1501.9,356.4,-49.4,0.6,,,,
109.013,2,Atta_2,3247.0,752.8,72.3,47.4,-7.1,,,,
109.013,3,Atta_3,3494.0,756.3,147.3,-40.6,0.3,,,,
109.013,4,Atta_4,1931.3,997.8,346.0,-92.1,-4.0,,,,
109.013,5,Atta_5,2755.9,1272.4,354.8,-35.9,1.0,,,,
109.013,6,Atta_6,2778.8,1007.8,27.4,-99.6,-3.8,,,,
109.013,7,Atta_7,3022.7,1944.8,317.6,100.4,-3.8,,,,
109.013,8,Atta_8,3492.0,2092.1,300.6,76.3,-2.8,,,,
109.013,9,Atta_9,3254.5,2087.5,341.5,-21.3,0.8,,,,
109.013,10,Atta_10,2396.7,1831.4,358.9,36.1,1.4,,,,
109.145,1,Atta_1,2591.3,1516.6,355.0,-18.5,-1.4,,,,
109.145,2,Atta_2,3269.5,704.9,72.5,-52.9,0.2,,,,
109.145,3,Atta_3,3525.5,760.5,149.4,-31.8,2.1,,,,
109.145,4,Atta_4,1941.1,927.1,347.2,71.4,1.2,,,,
109.145,5,Atta_5,2780.1,1236.6,356.4,43.2,1.6,,,,
109.145,6,Atta_6,2829.5,1008.4,25.7,50.7,-1.7,,,,
109.145,7,Atta_7,2973.6,1961.8,319.1,-52.0,1.5,,,,
109.145,8,Atta_8,3445.1,2093.4,305.3,-46.9,4.7,,,,
109.145,9,Atta_9,3230.2,2051.3,341.3,-43.6,-0.2,,,,
109.145,10,Atta_10,2407.3,1824.1,356.2,12.9,-2.7,,,,
109.212,1,Atta_1,2613.7,1526.2,357.8,24.4,2.8,,,,
109.212,2,Atta_2,3285.9,703.7,71.0,16.4,-1.5,,,,
109.212,3,Atta_3,3496.6,737.0,148.2,37.2,-1.2,,,,
109.212,4,Atta_4,2056.5,926.1,348.6,115.4,1.4,,,,
109.212,5,Atta_5,2800.9,1260.1,354.7,31.4,-1.7,,,,
109.212,6,Atta_6,2784.4,934.3,27.5,-86.7,1.8,,,,
109.212,7,Atta_7,2987.2,1855.0,320.2,107.7,1.1,,,,
109.212,8,Atta_8,3475.2,2076.6,302.9,34.5,-2.4,,,,
109.212,9,Atta_9,3229.0,2095.3,339.7,-44.0,-1.6,,,,
109.212,10,Atta_10,2389.6,1807.8,356.8,-24.1,0.6,,,,
109.351,1,Atta_1,2565.6,1517.8,355.5,-48.8,-2.3,,,,
109.351,2,Atta_2,3237.6,789.1,75.0,98.1,4.0,,,,
109.351,3,Atta_3,3507.2,685.9,148.8,-52.2,0.6,,,,
109.351,4,Atta_4,2003.7,958.7,350.8,-62.1,2.2,,,,
109.351,5,Atta_5,2794.2,1238.8,353.7,-22.3,-1.0,,,,
109.351,6,Atta_6,2812.4,1023.2,28.0,93.2,0.5,,,,
109.351,7,Atta_7,2917.9,2000.3,321.1,-161.0,0.9,,,,
109.351,8,Atta_8,3507.0,2072.4,303.1,32.1,0.2,,,,
109.351,9,Atta_9,3258.9,2082.3,340.8,32.6,1.1,,,,
109.351,10,Atta_10,2436.0,1785.0,2.6,51.7,5.8,,,,
109.418,1,Atta_1,2571.7,1507.2,359.3,12.2,3.8,,,,
109.418,2,Atta_2,3294.3,713.4,74.2,-94.6,-0.8,,,,
109.418,3,Atta_3,3521.8,755.6,145.3,71.2,-3.5,,,,
109.418,4,Atta_4,1966.0,961.4,348.8,-37.8,-2.0,,,,
109.418,5,Atta_5,2759.5,1234.5,352.9,-35.0,-0.8,,,,
109.418,6,Atta_6,2820.9,1005.2,29.2,-19.9,1.2,,,,
109.418,7,Atta_7,2942.7,1946.9,318.5,58.9,-2.6,,,,
109.418,8,Atta_8,3461.6,2083.2,302.8,-46.7,-0.3,,,,
109.418,9,Atta_9,3262.2,2057.0,336.7,25.5,-4.1,,,,
109.418,10,Atta_10,2469.3,1818.0,0.3,46.9,-2.3,,,,
109.469,1,Atta_1,2647.7,1515.5,355.5,76.5,-3.8,,,,
109.469,2,Atta_2,3249.9,704.0,73.2,-45.4,-1.0,,,,
109.469,3,Atta_3,3531.7,773.3,147.9,20.3,2.6,,,,
109.469,4,Atta_4,2025.9,936.1,345.8,65.0,-3.0,,,,
109.469,5,Atta_5,2771.6,1252.4,355.7,21.6,2.8,,,,
109.469,6,Atta_6,2830.7,958.6,24.7,-47.6,-4.5,,,,
109.469,7,Atta_7,2955.8,1912.3,321.5,37.0,3.0,,,,
109.469,8,Atta_8,3486.8,2073.2,307.3,27.1,4.5,,,,
109.469,9,Atta_9,3226.4,2082.1,342.1,-43.7,5.4,,,,
109.469,10,Atta_10,2436.1,1818.6,357.1,-33.2,-3.2,,,,
109.539,1,Atta_1,2621.8,1494.1,0.3,-33.6,4.8,,,,
109.539,2,Atta_2,3253.7,767.9,75.0,64.0,1.8,,,,
109.539,3,Atta_3,3467.0,766.6,147.6,65.0,-0.3,,,,
109.539,4,Atta_4,2035.9,970.2,345.7,35.5,-0.1,,,,
109.539,5,Atta_5,2798.5,1240.0,352.1,29.6,-3.6,,,,
109.539,6,Atta_6,2821.1,992.1,28.8,34.8,4.1,,,,
109.539,7,Atta_7,2985.5,1960.8,317.1,-56.9,-4.4,,,,
109.539,8,Atta_8,3461.0,2106.7,302.3,-42.3,-5.0,,,,
109.539,9,Atta_9,3237.0,2073.9,337.8,13.4,-4.3,,,,
109.539,10,Atta_10,2411.7,1826.9,359.4,-25.8,2.3,,,,
109.606,1,Atta_1,2669.3,1571.0,357.3,90.4,-3.0,,,,
109.606,2,Atta_2,3245.4,744.1,75.5,-25.2,0.5,,,,
109.606,3,Atta_3,3547.2,761.8,155.6,-80.3,8.0,,,,
109.606,4,Atta_4,2066.9,934.4,345.8,47.4,0.1,,,,
109.606,5,Atta_5,2775.1,1274.4,357.1,-41.6,5.0,,,,
109.606,6,Atta_6,2846.4,1010.4,25.8,31.2,-3.0,,,,
109.606,7,Atta_7,2947.3,1975.6,321.8,-41.0,4.7,,,,
109.606,8,Atta_8,3553.6,2085.6,303.6,95.0,1.3,,,,
109.606,9,Atta_9,3267.8,2118.9,336.0,54.5,-1.8,,,,
109.606,10,Atta_10,2479.8,1831.4,358.5,68.2,-0.9,,,,
109.679,1,Atta_1,2661.6,1520.8,359.4,-50.8,2.1,,,,
109.679,2,Atta_2,3310.5,750.0,72.7,65.4,-2.8,,,,
109.679,3,Atta_3,3516.5,781.1,147.9,36.3,-7.7,,,,
109.679,4,Atta_4,2113.2,865.3,345.7,83.2,-0.1,,,,
109.679,5,Atta_5,2780.3,1184.7,354.9,89.9,-2.2,,,,
109.679,6,Atta_6,2768.2,1019.7,28.7,-78.8,2.9,,,,
109.679,7,Atta_7,2940.8,1920.9,323.1,55.1,1.3,,,,
109.679,8,Atta_8,3529.5,2117.9,302.1,-40.3,-1.5,,,,
109.679,9,Atta_9,3261.9,2116.5,342.8,-6.4,6.8,,,,
109.679,10,Atta_10,2501.7,1803.4,0.6,35.5,2.1,,,,
109.749,1,Atta_1,2680.5,1556.8,358.6,40.7,-0.8,,,,
109.749,2,Atta_2,3232.9,742.2,79.4,-78.0,6.7,,,,
109.749,3,Atta_3,3537.9,753.1,148.8,-35.2,0.9,,,,
109.749,4,Atta_4,2106.5,924.2,349.5,-59.3,3.8,,,,
109.749,5,Atta_5,2830.8,1227.6,352.3,66.3,-2.6,,,,
109.749,6,Atta_6,2848.7,963.7,25.9,98.1,-2.8,,,,
109.749,7,Atta_7,3002.4,1954.7,322.0,70.3,-1.1,,,,
109.749,8,Atta_8,3493.0,2085.0,301.6,49.1,-0.5,,,,
109.749,9,Atta_9,3299.4,2115.3,335.9,37.5,-6.9,,,,
109.749,10,Atta_10,2426.6,1847.7,2.0,-87.2,1.4,,,,
109.815,1,Atta_1,2717.3,1486.9,357.2,79.0,-1.4,,,,
109.815,2,Atta_2,3287.1,727.9,75.1,-56.1,-4.3,,,,
109.815,3,Atta_3,3478.3,762.4,149.2,60.3,0.4,,,,
109.815,4,Atta_4,2113.3,939.6,347.0,16.8,-2.5,,,,
109.815,5,Atta_5,2778.1,1264.8,355.4,-64.5,3.1,,,,
109.815,6,Atta_6,2823.2,1009.3,28.1,-52.2,2.2,,,,
109.815,7,Atta_7,2922.7,1953.9,317.3,-79.7,-4.7,,,,
109.815,8,Atta_8,3491.8,2093.4,299.2,-8.5,-2.4,,,,
109.815,9,Atta_9,3226.9,2107.3,334.0,-72.9,-1.9,,,,
109.815,10,Atta_10,2495.9,1782.1,358.1,95.4,-3.9,,,,
109.884,1,Atta_1,2665.9,1471.6,355.0,-53.6,-2.2,,,,
109.884,2,Atta_2,3235.1,729.4,74.8,-52.0,-0.3,,,,
109.884,3,Atta_3,3550.3,754.6,145.8,-72.4,-3.4,,,,
109.884,4,Atta_4,2085.5,923.8,350.0,-32.0,3.0,,,,
109.884,5,Atta_5,2763.3,1270.2,356.8,-15.8,1.4,,,,
109.884,6,Atta_6,2840.0,986.5,28.9,28.3,0.8,,,,
109.884,7,Atta_7,2954.1,1961.4,319.7,32.3,2.4,,,,
109.884,8,Atta_8,3498.6,2037.9,300.9,55.9,1.7,,,,
109.884,9,Atta_9,3239.7,2136.3,337.9,-31.7,3.9,,,,
109.884,10,Atta_10,2534.3,1765.8,0.1,41.7,2.0,,,,
109.952,1,Atta_1,2712.0,1500.2,353.1,54.3,-1.9,,,,
109.952,2,Atta_2,3257.6,722.2,76.6,-23.6,1.8,,,,
109.952,3,Atta_3,3550.6,739.6,149.4,-15.0,3.6,,,,
109.952,4,Atta_4,2184.7,955.8,348.9,104.2,-1.1,,,,
109.952,5,Atta_5,2790.2,1217.6,355.2,59.1,-1.6,,,,
109.952,6,Atta_6,2795.9,965.7,27.0,-48.8,-1.9,,,,
109.952,7,Atta_7,2935.0,1903.8,319.9,60.7,0.2,,,,
109.952,8,Atta_8,3551.9,2082.4,303.2,-69.4,2.3,,,,
109.952,9,Atta_9,3263.5,2105.3,336.2,39.1,-1.7,,,,
109.952,10,Atta_10,2532.3,1784.7,358.3,-19.0,-1.8,,,,
110.019,1,Atta_1,2632.2,1478.4,349.6,-82.7,-3.5,,,,
110.019,2,Atta_2,3250.2,704.8,73.1,-18.9,-3.5,,,,
110.019,3,Atta_3,3504.9,710.2,151.1,54.3,1.7,,,,
110.019,4,Atta_4,2121.2,906.7,350.2,-80.3,1.3,,,,
110.019,5,Atta_5,2735.3,1248.9,357.5,-63.2,2.3,,,,
110.019,6,Atta_6,2828.4,962.6,27.5,32.6,0.5,,,,
110.019,7,Atta_7,2933.3,1956.3,315.7,-52.5,-4.2,,,,
110.019,8,Atta_8,3477.9,2080.6,302.0,-74.0,-1.2,,,,
110.019,9,Atta_9,3259.5,2039.0,341.1,66.4,4.9,,,,
110.019,10,Atta_10,2579.9,1817.0,0.6,57.5,2.3,,,,
110.091,1,Atta_1,2670.9,1506.8,344.5,48.0,-5.1,,,,
110.091,2,Atta_2,3261.4,734.7,74.0,31.9,0.9,,,,
110.091,3,Atta_3,3532.0,742.9,145.9,-42.5,-5.2,,,,
110.091,4,Atta_4,2158.0,932.4,349.4,44.9,-0.8,,,,
110.091,5,Atta_5,2780.5,1277.2,356.4,53.3,-1.1,,,,
110.091,6,Atta_6,2800.9,990.7,28.0,-39.3,0.5,,,,
110.091,7,Atta_7,2936.8,1990.1,317.4,-34.0,1.7,,,,
110.091,8,Atta_8,3492.8,2094.9,307.3,-20.7,5.3,,,,
110.091,9,Atta_9,3251.3,2059.4,341.1,-22.0,0.0,,,,
110.091,10,Atta_10,2540.0,1830.6,0.7,-42.2,0.1,,,,
110.144,1,Atta_1,2710.8,1518.2,340.6,41.5,-3.9,,,,
110.144,2,Atta_2,3215.3,753.8,74.7,49.9,0.7,,,,
110.144,3,Atta_3,3549.3,755.8,145.0,-21.6,-0.9,,,,
110.144,4,Atta_4,2140.5,911.7,348.0,-27.1,-1.4,,,,
110.144,5,Atta_5,2704.9,1259.4,354.7,-77.7,-1.7,,,,
110.144,6,Atta_6,2819.3,992.4,27.8,18.5,-0.2,,,,
110.144,7,Atta_7,2934.7,2022.2,320.5,-32.2,3.1,,,,
110.144,8,Atta_8,3432.6,2067.9,300.2,-66.0,-7.1,,,,
110.144,9,Atta_9,3261.5,2065.4,341.2,11.8,0.1,,,,
110.144,10,Atta_10,2554.2,1771.2,356.9,61.1,-3.8,,,,
110.212,1,Atta_1,2660.1,1528.7,333.2,-51.8,-7.4,,,,
110.212,2,Atta_2,3223.2,715.8,76.1,-38.8,1.4,,,,
110.212,3,Atta_3,3482.2,768.8,153.0,68.3,8.0,,,,
110.212,4,Atta_4,2162.3,926.2,345.1,26.2,-2.9,,,,
110.212,5,Atta_5,2758.1,1236.8,357.1,57.8,2.4,,,,
110.212,6,Atta_6,2804.1,975.5,26.9,-22.7,-0.9,,,,
110.212,7,Atta_7,2956.4,1913.1,324.7,111.2,4.2,,,,
110.212,8,Atta_8,3491.9,2103.0,305.8,-68.9,5.6,,,,
110.212,9,Atta_9,3278.5,2084.5,340.9,25.6,-0.3,,,,
110.212,10,Atta_10,2573.8,1751.5,358.6,27.8,1.7,,,,
110.265,1,Atta_1,2694.5,1515.4,329.7,36.9,-3.5,,,,
110.265,2,Atta_2,3279.3,754.8,73.6,68.3,-2.5,,,,
110.265,3,Atta_3,3453.6,771.7,149.7,28.7,-3.3,,,,
110.265,4,Atta_4,2181.8,916.1,349.8,22.0,4.7,,,,
110.265,5,Atta_5,2777.2,1210.4,355.2,32.6,-1.9,,,,
110.265,6,Atta_6,2876.8,946.3,31.0,78.3,4.1,,,,
110.265,7,Atta_7,2972.6,2006.4,318.8,-94.7,-5.9,,,,
110.265,8,Atta_8,3489.2,2072.8,305.7,30.3,-0.1,,,,
110.265,9,Atta_9,3187.9,2045.8,340.0,-98.5,-0.9,,,,
110.265,10,Atta_10,2593.7,1857.5,2.7,107.9,4.1,,,,
110.334,1,Atta_1,2699.0,1471.3,326.0,44.3,-3.7,,,,
110.334,3,Atta_3,3535.3,752.6,146.7,-83.9,-3.0,,,,
110.334,4,Atta_4,2154.9,905.5,347.9,-28.9,-1.9,,,,
110.334,5,Atta_5,2758.6,1211.3,353.6,-18.6,-1.6,,,,
110.334,6,Atta_6,2805.6,1017.8,23.2,-100.9,-7.8,,,,
110.334,7,Atta_7,2953.2,2018.6,323.4,-22.9,4.6,,,,
110.334,8,Atta_8,3485.4,2063.5,302.4,10.0,-3.3,,,,
110.334,9,Atta_9,3235.7,2065.4,337.3,51.7,-2.7,,,,
110.334,10,Atta_10,2601.5,1822.7,0.3,35.7,-2.4,,,,
110.403,1,Atta_1,2682.5,1501.0,324.7,-34.0,-1.3,,,,
110.403,2,Atta_2,3251.8,779.0,73.6,36.6,0.0,,,,
110.403,3,Atta_3,3545.4,763.5,147.7,-14.9,1.0,,,,
110.403,4,Atta_4,2165.5,861.0,350.3,45.7,2.4,,,,
110.403,5,Atta_5,2802.3,1257.2,356.8,63.4,3.2,,,,
110.403,6,Atta_6,2777.1,1019.0,25.1,-28.5,1.9,,,,
110.403,7,Atta_7,2959.9,2020.9,322.4,7.1,-1.0,,,,
110.403,8,Atta_8,3469.6,2099.1,302.4,-38.9,0.0,,,,
110.403,9,Atta_9,3188.2,2104.0,339.7,-61.2,2.4,,,,
110.403,10,Atta_10,2603.0,1794.6,352.3,28.1,-8.0,,,,
110.472,1,Atta_1,2739.4,1519.4,317.1,59.8,-7.6,,,,
110.472,2,Atta_2,3279.6,756.2,71.5,-36.0,-2.1,,,,
110.472,3,Atta_3,3482.7,754.4,149.8,63.4,2.1,,,,
110.472,4,Atta_4,2174.7,895.2,345.7,35.4,-4.6,,,,
110.472,5,Atta_5,2767.9,1246.3,0.6,-36.1,3.8,,,,
110.472,6,Atta_6,2789.2,989.5,31.5,-31.9,6.4,,,,
110.472,7,Atta_7,2919.0,1977.5,318.5,-59.6,-3.9,,,,
110.472,8,Atta_8,3457.0,2079.5,305.9,23.3,3.5,,,,
110.472,9,Atta_9,3239.5,2053.4,341.3,72.1,1.6,,,,
110.472,10,Atta_10,2605.0,1800.0,351.3,5.8,-1.0,,,,
110.541,1,Atta_1,2668.2,1475.1,312.3,-83.9,-4.8,,,,
110.541,2,Atta_2,3273.3,727.4,76.5,-29.5,5.0,,,,
110.541,3,Atta_3,3479.9,765.8,148.1,11.7,-1.7,,,,
110.541,4,Atta_4,2220.1,852.0,347.0,62.7,1.3,,,,
110.541,5,Atta_5,2743.8,1222.0,356.8,-34.2,-3.8,,,,
110.541,6,Atta_6,2839.3,982.3,27.7,50.6,-3.8,,,,
110.541,7,Atta_7,2989.7,2019.9,319.3,82.4,0.8,,,,
110.541,8,Atta_8,3512.5,2024.5,306.7,78.1,0.8,,,,
110.541,9,Atta_9,3265.6,2112.2,338.1,64.3,-3.2,,,,
110.541,10,Atta_10,2612.9,1805.5,346.7,9.6,-4.6,,,,
110.607,1,Atta_1,2703.3,1532.1,307.7,-66.9,-4.6,,,,
110.607,2,Atta_2,3205.4,719.8,76.6,-68.3,0.1,,,,
110.607,3,Atta_3,3508.4,728.8,147.3,-46.7,-0.8,,,,
110.607,4,Atta_4,2195.2,928.9,345.5,-80.8,-1.5,,,,
110.607,5,Atta_5,2763.9,1245.9,352.5,31.2,-4.3,,,,
110.607,6,Atta_6,2842.8,962.4,28.1,-20.2,0.4,,,,
110.607,7,Atta_7,2951.8,1931.7,319.0,96.0,-0.3,,,,
110.607,8,Atta_8,3494.1,2089.8,300.7,-67.8,-6.0,,,,
110.607,9,Atta_9,3286.4,2052.3,337.5,63.4,-0.6,,,,
110.607,10,Atta_10,2622.1,1750.3,340.3,56.0,-6.4,,,,
110.672,1,Atta_1,2680.1,1505.7,306.9,35.1,-0.8,,,,
110.672,2,Atta_2,3349.7,698.8,68.1,145.8,-8.5,,,,
110.672,3,Atta_3,3491.1,725.2,149.7,17.7,2.4,,,,
110.672,4,Atta_4,2176.1,867.3,350.2,-64.5,4.7,,,,
110.672,5,Atta_5,2742.0,1222.5,356.0,-32.0,3.5,,,,
110.672,6,Atta_6,2809.5,1041.4,26.4,85.7,-1.7,,,,
110.672,7,Atta_7,2905.6,1974.6,317.3,-63.0,-1.7,,,,
110.672,8,Atta_8,3488.1,2100.6,303.4,-12.4,2.7,,,,
110.672,9,Atta_9,3306.1,2056.5,338.3,20.1,0.8,,,,
110.672,10,Atta_10,2574.6,1839.6,336.1,-101.1,-4.2,,,,
110.741,1,Atta_1,2731.1,1523.1,306.5,53.9,-0.4,,,,
110.741,2,Atta_2,3269.0,752.8,70.6,97.1,2.5,,,,
110.741,3,Atta_3,3491.2,732.5,150.1,7.3,0.4,,,,
110.741,4,Atta_4,2201.1,876.1,347.7,26.5,-2.5,,,,
110.741,5,Atta_5,2802.8,1238.3,358.7,62.8,2.7,,,,
110.741,6,Atta_6,2839.0,992.5,24.2,57.1,-2.2,,,,
110.741,7,Atta_7,2986.4,1907.3,320.2,105.2,2.9,,,,
110.741,8,Atta_8,3464.8,2072.0,298.8,36.9,-4.6,,,,
110.741,9,Atta_9,3247.1,2116.6,339.3,-84.2,1.0,,,,
110.741,10,Atta_10,2555.3,1824.1,329.1,-24.8,-7.0,,,,
110.809,1,Atta_1,2683.7,1421.2,303.5,112.4,-3.0,,,,
110.809,2,Atta_2,3255.5,756.9,73.4,-14.1,2.8,,,,
110.809,3,Atta_3,3508.9,759.9,149.8,-32.6,-0.3,,,,
110.809,4,Atta_4,2273.5,878.9,347.2,72.5,-0.5,,,,
110.809,5,Atta_5,2740.2,1307.3,357.5,-93.2,-1.2,,,,
110.809,6,Atta_6,2867.9,1011.5,26.2,34.6,2.0,,,,
110.809,7,Atta_7,2965.1,1960.9,321.7,-57.7,1.5,,,,
110.809,8,Atta_8,3521.0,2088.0,304.0,58.4,5.2,,,,
110.809,9,Atta_9,3230.1,2130.3,342.8,-21.8,3.5,,,,
110.809,10,Atta_10,2604.0,1841.0,330.8,51.5,1.7,,,,
110.878,1,Atta_1,2716.2,1498.8,306.9,-84.1,3.4,,,,
110.878,2,Atta_2,3279.6,775.6,74.0,30.5,0.6,,,,
110.878,3,Atta_3,3522.8,788.8,149.1,32.1,-0.7,,,,
110.878,4,Atta_4,2279.4,877.3,347.6,6.1,0.4,,,,
110.878,5,Atta_5,2770.2,1224.2,353.8,88.3,-3.7,,,,
110.878,6,Atta_6,2824.8,937.5,27.7,-85.6,1.5,,,,
110.878,7,Atta_7,2950.2,1937.2,318.6,28.0,-3.1,,,,
110.878,8,Atta_8,3455.8,2001.2,304.0,108.6,0.0,,,,
110.878,9,Atta_9,3237.5,2040.8,340.1,89.8,-2.7,,,,
110.878,10,Atta_10,2559.0,1818.4,332.5,-50.4,1.7,,,,
110.948,1,Atta_1,2654.3,1458.4,303.9,-73.9,-3.0,,,,
110.948,2,Atta_2,3304.4,718.9,73.2,-61.9,-0.8,,,,
110.948,3,Atta_3,3482.5,753.4,148.3,53.6,-0.8,,,,
110.948,4,Atta_4,2261.0,856.4,346.5,-27.8,-1.1,,,,
110.948,5,Atta_5,2751.0,1234.2,354.9,-21.6,1.1,,,,
110.948,6,Atta_6,2836.6,1006.5,24.8,70.0,-2.9,,,,
110.948,7,Atta_7,2931.8,1924.6,315.3,-22.3,-3.3,,,,
110.948,8,Atta_8,3436.2,2100.7,305.4,-101.4,1.4,,,,
110.948,9,Atta_9,3246.3,2047.8,337.9,11.2,-2.2,,,,
110.948,10,Atta_10,2539.6,1791.3,332.4,-33.3,-0.1,,,,
111.076,1,Atta_1,2690.2,1478.8,307.0,41.3,3.1,,,,
111.076,2,Atta_2,3281.1,764.0,73.2,50.8,0.0,,,,
111.076,3,Atta_3,3538.8,720.1,150.7,-65.4,2.4,,,,
111.076,4,Atta_4,2356.7,892.6,350.2,102.3,3.7,,,,
111.076,5,Atta_5,2741.6,1234.1,355.9,-9.4,1.0,,,,
111.076,6,Atta_6,2765.3,948.2,29.1,-92.1,4.3,,,,
111.076,7,Atta_7,2982.2,1935.3,319.7,51.5,4.4,,,,
111.076,8,Atta_8,3472.6,2102.7,305.0,36.5,-0.4,,,,
111.076,9,Atta_9,3187.4,2067.0,341.9,-62.0,4.0,,,,
111.076,10,Atta_10,2659.5,1803.3,331.5,120.5,-0.9,,,,
111.127,1,Atta_1,2665.2,1460.7,304.2,-30.9,-2.8,,,,
111.127,2,Atta_2,3248.4,744.2,73.4,-38.2,0.2,,,,
111.127,3,Atta_3,3555.4,732.3,147.2,-20.6,-3.5,,,,
111.127,4,Atta_4,2265.6,851.9,346.8,-99.8,-3.4,,,,
111.127,5,Atta_5,2796.2,1244.7,355.0,55.6,-0.9,,,,
111.127,6,Atta_6,2822.9,1003.9,26.5,80.1,-2.6,,,,
111.127,7,Atta_7,2989.1,1931.8,322.1,7.7,2.4,,,,
111.127,8,Atta_8,3465.6,2093.9,301.8,11.2,-3.2,,,,
111.127,9,Atta_9,3261.2,2081.5,338.2,75.2,-3.7,,,,
111.127,10,Atta_10,2616.6,1762.4,331.9,-59.3,0.4,,,,
111.196,1,Atta_1,2714.5,1426.6,307.8,59.9,3.6,,,,
111.196,2,Atta_2,3305.4,734.8,73.7,57.8,0.3,,,,
111.196,3,Atta_3,3477.0,769.5,150.5,86.8,3.3,,,,
111.196,4,Atta_4,2361.3,848.4,347.1,95.8,0.3,,,,
111.196,5,Atta_5,2780.2,1268.9,353.3,-29.0,-1.7,,,,
111.196,6,Atta_6,2768.0,969.5,26.6,-64.8,0.1,,,,
111.196,7,Atta_7,2941.1,1970.0,320.7,-61.3,-1.4,,,,
111.196,8,Atta_8,3489.9,2080.0,303.0,28.0,1.2,,,,
111.196,9,Atta_9,3200.1,2095.1,340.1,-62.6,1.9,,,,
111.196,10,Atta_10,2604.7,1837.7,332.4,-76.2,0.5,,,,
111.332,1,Atta_1,2692.3,1456.8,308.7,-37.5,0.9,,,,
111.332,2,Atta_2,3202.2,761.3,71.9,-106.5,-1.8,,,,
111.332,3,Atta_3,3521.9,792.0,153.8,-50.2,3.3,,,,
111.332,4,Atta_4,2360.1,868.1,346.2,-19.7,-0.9,,,,
111.332,5,Atta_5,2764.9,1291.9,356.6,-27.6,3.3,,,,
111.332,6,Atta_6,2884.3,972.7,30.4,116.3,3.8,,,,
111.332,7,Atta_7,2916.6,1961.0,318.3,-26.1,-2.4,,,,
111.332,8,Atta_8,3447.5,2086.8,300.9,-42.9,-2.1,,,,
111.332,9,Atta_9,3234.0,2065.7,339.4,44.9,-0.7,,,,
111.332,10,Atta_10,2606.9,1774.0,331.7,63.7,-0.7,,,,
111.402,1,Atta_1,2685.6,1453.9,307.4,-7.3,-1.3,,,,
111.402,2,Atta_2,3231.3,757.7,70.7,29.3,-1.2,,,,
111.402,3,Atta_3,3566.1,734.5,146.7,-72.5,-7.1,,,,
111.402,4,Atta_4,2319.7,879.7,348.3,-42.0,2.1,,,,
111.402,5,Atta_5,2819.2,1240.6,357.4,74.7,0.8,,,,
111.402,6,Atta_6,2792.1,1033.9,26.0,-110.7,-4.4,,,,
111.402,7,Atta_7,2970.3,1972.4,313.9,54.9,-4.4,,,,
111.402,8,Atta_8,3448.8,2075.3,299.5,11.6,-1.4,,,,
111.402,9,Atta_9,3264.3,2120.8,339.9,62.9,0.5,,,,
111.402,10,Atta_10,2631.8,1830.8,332.8,-62.0,1.1,,,,
111.471,1,Atta_1,2770.2,1463.6,315.0,85.2,7.6,,,,
111.471,2,Atta_2,3241.1,730.1,74.4,-29.3,3.7,,,,
111.471,3,Atta_3,3499.1,632.7,152.5,121.9,5.8,,,,
111.471,4,Atta_4,2362.3,848.9,346.3,52.6,-2.0,,,,
111.471,5,Atta_5,2753.3,1231.2,357.9,-66.6,0.5,,,,
111.471,6,Atta_6,2790.8,968.2,24.7,-65.7,-1.3,,,,
111.471,7,Atta_7,2964.5,1988.6,321.6,-17.2,7.7,,,,
111.471,8,Atta_8,3459.2,2116.1,305.6,-42.1,6.1,,,,
111.471,9,Atta_9,3248.4,2091.3,341.7,-33.5,1.8,,,,
111.471,10,Atta_10,2653.8,1777.5,333.0,57.7,0.2,,,,
111.539,1,Atta_1,2710.9,1464.3,317.4,-59.3,2.4,,,,
111.539,2,Atta_2,3319.1,734.0,73.0,78.1,-1.4,,,,
111.539,3,Atta_3,3551.9,753.4,146.0,131.7,-6.5,,,,
111.539,4,Atta_4,2369.4,836.0,349.9,14.7,3.6,,,,
111.539,5,Atta_5,2755.3,1262.4,353.3,31.3,-4.6,,,,
111.539,7,Atta_7,2997.4,1994.8,321.0,33.5,-0.6,,,,
111.539,8,Atta_8,3508.5,2060.7,303.4,74.2,-2.2,,,,
111.539,9,Atta_9,3259.6,2066.2,338.9,27.5,-2.8,,,,
111.539,10,Atta_10,2630.5,1764.1,331.6,-26.9,-1.4,,,,
111.668,1,Atta_1,2728.1,1462.4,323.3,17.3,5.9,,,,
111.668,2,Atta_2,3297.7,754.8,73.7,29.8,0.7,,,,
111.668,3,Atta_3,3511.2,731.1,149.3,46.4,3.3,,,,
111.668,4,Atta_4,2411.1,875.7,351.0,57.6,1.1,,,,
111.668,5,Atta_5,2798.3,1206.3,354.8,70.7,1.5,,,,
111.668,6,Atta_6,2806.5,1039.8,29.8,73.3,5.1,,,,
111.668,7,Atta_7,2962.2,1985.0,316.3,-36.5,-4.7,,,,
111.668,8,Atta_8,3493.0,2080.6,304.2,-25.2,0.8,,,,
111.668,9,Atta_9,3255.0,2130.6,343.0,-64.6,4.1,,,,
111.668,10,Atta_10,2649.1,1771.3,337.5,19.9,5.9,,,,
111.735,1,Atta_1,2743.4,1484.5,325.9,-26.9,2.6,,,,
111.735,2,Atta_2,3214.1,697.3,71.9,-101.5,-1.8,,,,
111.735,3,Atta_3,3506.1,744.1,147.9,14.0,-1.4,,,,
111.735,4,Atta_4,2450.4,853.5,346.4,45.1,-4.6,,,,
111.735,5,Atta_5,2799.1,1231.6,359.2,-25.3,4.4,,,,
111.735,6,Atta_6,2835.4,976.8,27.9,-69.3,-1.9,,,,
111.735,7,Atta_7,2980.9,1913.8,320.1,73.6,3.8,,,,
111.735,8,Atta_8,3450.3,2064.0,301.8,-45.8,-2.4,,,,
111.735,9,Atta_9,3312.5,2083.4,341.9,74.4,-1.1,,,,
111.735,10,Atta_10,2667.2,1824.5,338.3,-56.2,0.8,,,,
111.786,1,Atta_1,2714.7,1431.1,333.1,60.6,7.2,,,,
111.786,2,Atta_2,3280.3,770.6,72.6,98.8,0.7,,,,
111.786,3,Atta_3,3511.5,759.7,148.9,16.5,1.0,,,,
111.786,4,Atta_4,2424.5,863.4,348.9,-27.7,2.5,,,,
111.786,5,Atta_5,2836.9,1227.3,355.1,38.0,-4.1,,,,
111.786,6,Atta_6,2827.1,942.4,28.4,-35.4,0.5,,,,
111.786,7,Atta_7,2958.4,1956.1,318.9,-47.9,-1.2,,,,
111.786,8,Atta_8,3475.4,2046.6,304.5,30.5,2.7,,,,
111.786,9,Atta_9,3198.6,2125.2,340.8,-121.3,-1.1,,,,
111.786,10,Atta_10,2639.9,1802.7,339.6,-34.9,1.3,,,,
111.857,1,Atta_1,2757.2,1443.8,339.6,44.4,6.5,,,,
111.857,2,Atta_2,3244.2,757.9,75.6,-38.3,3.0,,,,
111.857,3,Atta_3,3545.9,754.1,151.5,-34.9,2.6,,,,
111.857,4,Atta_4,2389.6,873.7,344.8,-36.4,-4.1,,,,
111.857,5,Atta_5,2767.6,1216.1,355.4,-70.2,0.3,,,,
111.857,6,Atta_6,2816.1,977.1,29.0,36.4,0.6,,,,
111.857,7,Atta_7,2958.5,1986.5,320.9,-30.4,2.0,,,,
111.857,8,Atta_8,3397.0,2094.1,303.9,-91.7,-0.6,,,,
111.857,9,Atta_9,3295.0,2048.9,341.2,122.9,0.4,,,,
111.857,10,Atta_10,2689.6,1771.2,342.3,58.8,2.7,,,,
111.927,1,Atta_1,2709.2,1423.1,342.7,-52.3,3.1,,,,
111.927,2,Atta_2,3228.7,737.1,73.7,-25.9,-1.9,,,,
111.927,3,Atta_3,3561.4,747.7,147.9,-16.8,-3.6,,,,
111.927,4,Atta_4,2433.4,853.0,348.4,48.4,3.6,,,,
111.927,5,Atta_5,2784.8,1267.2,355.7,53.9,0.3,,,,
111.927,6,Atta_6,2821.2,998.7,26.9,22.2,-2.1,,,,
111.927,7,Atta_7,2943.6,1965.7,316.2,25.6,-4.7,,,,
111.927,8,Atta_8,3479.7,2093.1,302.0,82.7,-1.9,,,,
111.927,9,Atta_9,3259.4,2114.3,338.7,-74.5,-2.5,,,,
111.927,10,Atta_10,2678.7,1778.3,340.6,-13.0,-1.7,,,,
111.979,1,Atta_1,2730.1,1451.5,348.9,35.3,6.2,,,,
111.979,2,Atta_2,3292.2,735.8,73.8,63.5,0.1,,,,
111.979,3,Atta_3,3467.4,749.6,147.8,94.0,-0.1,,,,
111.979,4,Atta_4,2440.6,856.1,348.0,7.8,-0.4,,,,
111.979,5,Atta_5,2787.2,1257.3,355.6,10.2,-0.1,,,,
111.979,6,Atta_6,2860.8,995.4,23.0,39.7,-3.9,,,,
111.979,7,Atta_7,2967.1,1964.6,317.6,23.5,1.4,,,,
111.979,8,Atta_8,3472.5,2097.8,303.2,-8.6,1.2,,,,
111.979,9,Atta_9,3271.9,2136.2,341.0,25.2,2.3,,,,
111.979,10,Atta_10,2665.8,1793.3,342.7,-19.8,2.1,,,,
112.048,1,Atta_1,2745.8,1459.4,348.6,17.6,-0.3,,,,
112.048,2,Atta_2,3249.9,735.6,75.2,-42.3,1.4,,,,
112.048,3,Atta_3,3485.6,755.4,151.5,-19.1,3.7,,,,
112.048,4,Atta_4,2413.7,835.8,349.2,-33.7,1.2,,,,
112.048,5,Atta_5,2801.1,1261.7,355.2,14.6,-0.4,,,,
112.048,6,Atta_6,2806.9,1009.1,28.3,-55.6,5.3,,,,
112.048,7,Atta_7,2927.9,1976.1,316.8,-40.9,-0.8,,,,
112.048,8,Atta_8,3498.1,2095.5,305.6,25.7,2.4,,,,
112.048,9,Atta_9,3317.3,2125.4,339.5,46.7,-1.5,,,,
112.048,10,Atta_10,2702.4,1808.0,345.6,39.4,2.9,,,,
112.117,1,Atta_1,2769.6,1443.9,356.3,28.4,7.7,,,,
112.117,2,Atta_2,3283.5,715.6,75.4,-39.1,0.2,,,,
112.117,3,Atta_3,3449.5,724.3,151.0,47.6,-0.5,,,,
112.117,4,Atta_4,2444.4,864.3,345.5,41.9,-3.7,,,,
112.117,5,Atta_5,2842.4,1261.2,355.8,41.3,0.6,,,,
112.117,6,Atta_6,2820.2,961.5,27.2,-49.4,-1.1,,,,
112.117,8,Atta_8,3511.5,2010.2,306.6,86.3,1.0,,,,
112.117,9,Atta_9,3210.9,2102.0,340.3,-108.9,0.8,,,,
112.117,10,Atta_10,2645.3,1814.3,345.5,-57.4,-0.1,,,,
112.183,1,Atta_1,2747.9,1457.8,5.3,-25.8,9.0,,,,
112.183,2,Atta_2,3246.3,762.2,72.9,59.6,-2.5,,,,
112.183,3,Atta_3,3530.3,756.5,147.9,-87.0,-3.1,,,,
112.183,4,Atta_4,2433.4,822.6,347.4,-43.1,1.9,,,,
112.183,5,Atta_5,2769.8,1230.0,355.2,-79.0,-0.6,,,,
112.183,6,Atta_6,2788.3,1039.4,26.6,84.2,-0.6,,,,
112.183,7,Atta_7,2934.5,1953.5,319.9,23.5,3.1,,,,
112.183,8,Atta_8,3438.5,2069.9,306.4,-94.3,-0.2,,,,
112.183,9,Atta_9,3283.8,2066.9,342.2,80.9,1.9,,,,
112.183,10,Atta_10,2676.2,1775.8,342.5,49.4,-3.0,,,,
112.25,1,Atta_1,2731.5,1473.2,0.9,-22.5,-4.4,,,,
112.25,2,Atta_2,3226.2,748.2,73.1,-24.5,0.2,,,,
112.25,3,Atta_3,3557.1,764.7,148.9,-28.0,1.0,,,,
112.25,4,Atta_4,2494.2,868.9,349.5,76.4,2.1,,,,
112.25,5,Atta_5,2767.6,1205.7,0.1,-24.4,4.9,,,,
112.25,6,Atta_6,2778.6,943.5,29.4,-96.4,2.8,,,,
112.25,7,Atta_7,2970.1,1921.8,317.2,47.7,-2.7,,,,
112.25,8,Atta_8,3516.9,2098.3,305.9,83.4,-0.5,,,,
112.25,9,Atta_9,3207.9,2112.3,338.7,-88.4,-3.5,,,,
112.25,10,Atta_10,2667.4,1784.4,337.9,-12.3,-4.6,,,,
112.304,1,Atta_1,2740.7,1407.2,9.2,66.6,8.3,,,,
112.304,2,Atta_2,3282.7,775.5,75.4,62.7,2.3,,,,
112.304,3,Atta_3,3523.5,724.3,150.0,52.5,1.1,,,,
112.304,4,Atta_4,2506.5,826.8,349.0,43.9,-0.5,,,,
112.304,5,Atta_5,2787.2,1227.1,354.5,29.0,-5.6,,,,
112.304,6,Atta_6,2889.9,952.9,30.6,111.7,1.2,,,,
112.304,7,Atta_7,2975.2,1974.7,318.1,-53.1,0.9,,,,
112.304,8,Atta_8,3508.8,2102.3,299.4,-9.0,-6.5,,,,
112.304,9,Atta_9,3234.6,2083.2,340.6,39.5,1.9,,,,
112.304,10,Atta_10,2628.5,1765.8,341.4,-43.1,3.5,,,,
112.37,1,Atta_1,2705.3,1436.5,11.5,-46.0,2.3,,,,
112.37,2,Atta_2,3249.2,745.8,75.1,-44.8,-0.3,,,,
112.37,3,Atta_3,3538.9,778.0,150.1,55.9,0.1,,,,
112.37,4,Atta_4,2531.0,818.5,342.8,25.9,-6.2,,,,
112.37,5,Atta_5,2851.6,1297.6,354.8,95.5,0.3,,,,
112.37,6,Atta_6,2834.9,951.6,27.1,-55.0,-3.5,,,,
112.37,7,Atta_7,2972.7,1979.3,317.3,-5.2,-0.8,,,,
112.37,8,Atta_8,3495.2,2118.3,305.6,-21.0,6.2,,,,
112.37,9,Atta_9,3263.4,2110.1,338.4,39.4,-2.2,,,,
112.37,10,Atta_10,2747.8,1747.2,338.5,120.7,-2.9,,,,
112.436,1,Atta_1,2750.1,1454.0,18.6,48.1,7.1,,,,
112.436,2,Atta_2,3207.9,729.6,73.4,-44.4,-1.7,,,,
112.436,3,Atta_3,3502.9,741.6,145.7,51.2,-4.4,,,,
112.436,4,Atta_4,2511.9,805.5,347.5,-23.1,4.7,,,,
112.436,5,Atta_5,2799.9,1233.4,355.0,-82.4,0.2,,,,
112.436,6,Atta_6,2812.8,1014.1,26.1,66.3,-1.0,,,,
112.436,7,Atta_7,2903.1,1894.5,316.5,109.7,-0.8,,,,
112.436,8,Atta_8,3477.2,2116.7,302.4,-18.1,-3.2,,,,
112.436,9,Atta_9,3237.7,2097.5,343.8,-28.6,5.4,,,,
112.436,10,Atta_10,2706.4,1719.4,343.1,-49.9,4.6,,,,
112.504,1,Atta_1,2762.0,1414.5,21.5,-41.3,2.9,,,,
112.504,2,Atta_2,3249.2,736.8,75.9,41.9,2.5,,,,
112.504,3,Atta_3,3524.8,711.8,146.4,-37.0,0.7,,,,
112.504,4,Atta_4,2476.8,811.3,348.6,-35.6,1.1,,,,
112.504,5,Atta_5,2722.1,1208.4,356.6,-81.7,1.6,,,,
112.504,6,Atta_6,2813.0,1019.2,27.0,5.1,0.9,,,,
112.504,7,Atta_7,2939.3,1971.9,316.5,-85.4,0.0,,,,
112.504,8,Atta_8,3476.5,2059.0,302.0,57.7,-0.4,,,,
112.504,9,Atta_9,3285.9,2094.4,340.0,48.3,-3.8,,,,
112.504,10,Atta_10,2717.6,1702.2,340.7,20.5,-2.4,,,,
112.571,1,Atta_1,2709.8,1454.6,26.2,-65.8,4.7,,,,
112.571,2,Atta_2,3257.6,779.5,73.7,43.5,-2.2,,,,
112.571,3,Atta_3,3519.5,738.9,149.1,27.6,2.7,,,,
112.571,4,Atta_4,2508.7,820.4,346.8,33.2,-1.8,,,,
112.571,5,Atta_5,2758.0,1261.4,357.1,64.0,0.5,,,,
112.571,6,Atta_6,2816.6,976.0,27.3,-43.3,0.3,,,,
112.571,7,Atta_7,2974.8,1908.0,318.8,73.1,2.3,,,,
112.571,8,Atta_8,3482.1,2107.0,301.7,-48.3,-0.3,,,,
112.571,9,Atta_9,3256.5,2114.3,336.8,-35.5,-3.2,,,,
112.571,10,Atta_10,2720.6,1793.0,339.7,-90.8,-1.0,,,,
112.691,1,Atta_1,2727.1,1428.7,27.8,31.1,1.6,,,,
112.691,2,Atta_2,3250.7,685.0,70.6,-94.8,-3.1,,,,
112.691,3,Atta_3,3498.3,737.7,148.4,21.2,-0.7,,,,
112.691,4,Atta_4,2516.6,833.3,349.5,15.1,2.7,,,,
112.691,5,Atta_5,2728.2,1245.2,359.3,-33.9,2.2,,,,
112.691,6,Atta_6,2811.5,979.7,25.0,-6.3,-2.3,,,,
112.691,7,Atta_7,2973.8,1938.3,318.8,-30.3,0.0,,,,
112.691,8,Atta_8,3465.3,2108.4,305.8,-16.9,4.1,,,,
112.691,9,Atta_9,3268.4,2056.5,340.9,59.0,4.1,,,,
112.759,1,Atta_1,2701.9,1399.9,32.9,-38.3,5.1,,,,
112.759,2,Atta_2,3251.9,755.8,75.2,70.8,4.6,,,,
112.759,3,Atta_3,3490.6,715.4,150.6,-23.6,2.2,,,,
112.759,4,Atta_4,2571.7,803.6,347.4,62.6,-2.1,,,,
112.759,5,Atta_5,2760.6,1269.5,0.2,40.5,0.9,,,,
112.759,6,Atta_6,2803.7,1060.1,23.9,80.8,-1.1,,,,
112.759,7,Atta_7,2964.2,1981.5,319.1,-44.3,0.3,,,,
112.759,8,Atta_8,3485.4,2043.7,301.4,67.8,-4.4,,,,
112.759,9,Atta_9,3260.3,2032.4,339.2,25.4,-1.7,,,,
112.759,10,Atta_10,2753.9,1728.8,343.1,72.3,3.4,,,,
112.829,1,Atta_1,2740.6,1519.6,40.7,125.8,7.8,,,,
112.829,2,Atta_2,3241.5,714.9,72.2,-42.2,-3.0,,,,
112.829,3,Atta_3,3536.9,732.4,146.9,-49.3,-3.7,,,,
112.829,4,Atta_4,2579.5,838.6,351.6,-35.9,4.2,,,,
112.829,5,Atta_5,2774.9,1281.9,356.6,18.9,-3.6,,,,
112.829,6,Atta_6,2825.4,963.8,27.9,-98.7,4.0,,,,
112.829,7,Atta_7,2868.0,1970.9,322.1,-96.8,3.0,,,,
112.829,8,Atta_8,3461.6,2042.9,303.7,-23.8,2.3,,,,
112.829,9,Atta_9,3243.1,2080.0,340.9,-50.6,1.7,,,,
112.829,10,Atta_10,2736.5,1755.1,343.7,-31.5,0.6,,,,
112.882,1,Atta_1,2754.8,1378.5,44.7,-141.8,4.0,,,,
112.882,2,Atta_2,3258.7,718.4,72.0,17.6,-0.2,,,,
112.882,3,Atta_3,3554.8,772.7,148.7,44.1,1.8,,,,
112.882,4,Atta_4,2567.4,773.1,347.3,-66.6,-4.3,,,,
112.882,5,Atta_5,2717.7,1220.0,357.8,-84.3,1.2,,,,
112.882,6,Atta_6,2800.8,999.7,27.7,-43.5,-0.2,,,,
112.882,7,Atta_7,2942.7,1970.3,317.0,74.7,-5.1,,,,
112.882,8,Atta_8,3495.8,2001.0,302.3,54.1,-1.4,,,,
112.882,9,Atta_9,3283.2,2069.6,338.7,41.4,-2.2,,,,
112.882,10,Atta_10,2757.6,1784.3,341.3,36.0,-2.4,,,,
112.949,1,Atta_1,2708.9,1403.7,46.8,-52.4,2.1,,,,
112.949,2,Atta_2,3286.0,749.5,72.7,41.4,0.7,,,,
112.949,3,Atta_3,3539.0,687.1,148.3,-87.0,-0.4,,,,
112.949,4,Atta_4,2632.5,833.3,349.7,88.7,2.4,,,,
112.949,5,Atta_5,2759.0,1262.4,355.8,59.2,-2.0,,,,
112.949,6,Atta_6,2801.4,986.8,26.1,-12.9,-1.6,,,,
112.949,7,Atta_7,2897.9,1931.8,315.1,-59.1,-1.9,,,,
112.949,8,Atta_8,3471.0,2097.8,302.4,-99.9,0.1,,,,
112.949,9,Atta_9,3265.7,2108.7,342.5,-42.8,3.8,,,,
112.949,10,Atta_10,2835.5,1714.3,341.1,104.7,-0.2,,,,
113.004,1,Atta_1,2708.0,1483.2,53.9,79.5,7.1,,,,
113.004,2,Atta_2,3228.6,725.9,72.7,-62.1,0.0,,,,
113.004,3,Atta_3,3549.3,788.8,151.4,102.2,3.1,,,,
113.004,4,Atta_4,2569.1,772.8,350.1,-87.6,0.4,,,,
113.004,5,Atta_5,2758.8,1212.3,356.2,50.1,0.4,,,,
113.004,6,Atta_6,2820.4,964.1,25.3,29.6,-0.8,,,,
113.004,7,Atta_7,2914.4,1908.5,318.1,28.6,3.0,,,,
113.004,8,Atta_8,3459.7,2098.8,304.5,-11.3,2.1,,,,
113.004,9,Atta_9,3297.5,2123.6,340.6,35.1,-1.9,,,,
113.004,10,Atta_10,2805.1,1702.5,344.2,-32.6,3.1,,,,
113.072,1,Atta_1,2747.4,1444.6,59.5,-55.2,5.6,,,,
113.072,2,Atta_2,3270.5,725.4,75.3,41.9,2.6,,,,
113.072,3,Atta_3,3500.8,769.8,148.6,52.1,-2.8,,,,
113.072,4,Atta_4,2574.0,773.1,345.6,4.9,-4.5,,,,
113.072,5,Atta_5,2784.4,1277.3,358.7,69.9,2.5,,,,
113.072,6,Atta_6,2818.2,992.0,22.9,28.0,-2.4,,,,
113.072,7,Atta_7,2943.8,1977.7,320.5,-75.2,2.4,,,,
113.072,8,Atta_8,3483.7,2116.8,300.7,-30.0,-3.8,,,,
113.072,9,Atta_9,3212.9,2109.9,339.1,-85.7,-1.5,,,,
113.072,10,Atta_10,2802.6,1720.6,341.8,-18.3,-2.4,,,,
113.127,1,Atta_1,2728.4,1434.5,62.1,-21.5,2.6,,,,
113.127,2,Atta_2,3241.8,699.5,72.0,-38.7,-3.3,,,,
113.127,3,Atta_3,3518.7,750.1,147.5,-26.6,-1.1,,,,
113.127,4,Atta_4,2632.1,807.9,348.8,67.7,3.2,,,,
113.127,5,Atta_5,2754.8,1262.0,354.6,-33.3,-4.1,,,,
113.127,6,Atta_6,2878.9,961.8,29.0,67.8,6.1,,,,
113.127,7,Atta_7,2978.5,2027.0,320.3,-60.3,-0.2,,,,
113.127,8,Atta_8,3447.0,2044.3,307.8,81.3,7.1,,,,
113.127,9,Atta_9,3218.3,2074.8,338.6,35.5,-0.5,,,,
113.127,10,Atta_10,2835.0,1742.5,340.6,39.1,-1.2,,,,
113.199,1,Atta_1,2707.3,1444.2,65.6,-23.2,3.5,,,,
113.199,2,Atta_2,3266.2,728.6,73.1,38.0,1.1,,,,
113.199,3,Atta_3,3516.0,753.0,150.4,4.0,2.9,,,,
113.199,4,Atta_4,2637.2,794.0,349.1,14.8,0.3,,,,
113.199,5,Atta_5,2764.0,1201.8,352.0,60.9,-2.6,,,,
113.199,6,Atta_6,2838.3,1000.5,28.7,-56.1,-0.3,,,,
113.199,7,Atta_7,2965.0,1908.0,317.0,119.8,-3.3,,,,
113.199,8,Atta_8,3500.6,2083.2,302.9,66.2,-4.9,,,,
113.199,9,Atta_9,3217.5,2104.2,342.5,-29.4,3.9,,,,
113.199,10,Atta_10,2842.4,1746.8,340.3,8.6,-0.3,,,,
113.26,1,Atta_1,2738.3,1438.7,70.5,31.5,4.9,,,,
113.26,2,Atta_2,3221.2,746.2,71.9,48.3,-1.2,,,,
113.26,3,Atta_3,3549.2,694.0,150.1,-67.7,-0.3,,,,
113.26,4,Atta_4,2663.6,831.7,347.3,46.0,-1.8,,,,
113.26,5,Atta_5,2723.6,1255.9,356.8,-67.5,4.8,,,,
113.26,6,Atta_6,2818.0,996.5,25.8,-20.7,-2.9,,,,
113.26,7,Atta_7,2956.1,1945.6,317.5,-38.6,0.5,,,,
113.26,8,Atta_8,3501.3,2037.4,303.6,45.8,0.7,,,,
113.26,9,Atta_9,3268.3,2071.2,339.9,60.6,-2.6,,,,
113.26,10,Atta_10,2866.3,1708.0,340.7,45.6,0.4,,,,
113.329,1,Atta_1,2741.4,1522.0,77.0,83.4,6.5,,,,
113.329,2,Atta_2,3267.8,755.0,73.4,47.4,1.5,,,,
113.329,3,Atta_3,3533.5,707.9,147.0,21.0,-3.1,,,,
113.329,4,Atta_4,2624.7,770.0,346.3,-72.9,-1.0,,,,
113.329,5,Atta_5,2771.6,1239.4,355.1,50.8,-1.7,,,,
113.329,6,Atta_6,2845.1,952.7,29.0,51.5,3.2,,,,
113.329,7,Atta_7,2960.4,1955.7,319.6,-11.0,2.1,,,,
113.329,8,Atta_8,3453.4,2024.2,299.1,-49.7,-4.5,,,,
113.329,9,Atta_9,3243.8,2069.3,340.2,-24.6,0.3,,,,
113.329,10,Atta_10,2844.7,1666.2,342.0,-47.1,1.3,,,,
113.395,1,Atta_1,2776.9,1449.9,82.2,-80.4,5.2,,,,
113.395,2,Atta_2,3209.4,730.7,71.8,-63.3,-1.6,,,,
113.395,3,Atta_3,3547.9,756.7,152.3,50.9,5.3,,,,
113.395,4,Atta_4,2677.4,790.7,349.8,56.6,3.5,,,,
113.395,5,Atta_5,2836.8,1238.1,354.1,65.2,-1.0,,,,
113.395,6,Atta_6,2871.2,978.6,27.0,36.8,-2.0,,,,
113.395,7,Atta_7,2935.0,1992.8,320.9,-45.0,1.3,,,,
113.395,8,Atta_8,3478.2,2096.7,303.4,-76.6,4.3,,,,
113.395,9,Atta_9,3206.9,2055.4,342.7,-39.4,2.5,,,,
113.395,10,Atta_10,2835.1,1636.9,348.1,-30.8,6.1,,,,
113.465,1,Atta_1,2706.9,1459.9,82.2,70.7,0.0,,,,
113.465,2,Atta_2,3244.1,707.0,74.1,-42.0,2.3,,,,
113.465,3,Atta_3,3523.6,825.0,149.3,72.5,-3.0,,,,
113.465,4,Atta_4,2711.6,810.5,347.1,39.5,-2.7,,,,
113.465,5,Atta_5,2772.9,1264.4,354.9,-69.1,0.8,,,,
113.465,6,Atta_6,2799.4,1018.2,26.6,-82.0,-0.4,,,,
113.465,7,Atta_7,2957.7,1941.2,319.5,56.4,-1.4,,,,
113.465,8,Atta_8,3491.3,2061.8,304.9,37.3,1.5,,,,
113.465,9,Atta_9,3225.9,2125.7,340.7,-72.8,-2.0,,,,
113.465,10,Atta_10,2893.7,1692.1,351.9,80.5,3.8,,,,
113.595,1,Atta_1,2700.5,1462.8,81.0,7.0,-1.2,,,,
113.595,2,Atta_2,3218.0,773.9,68.7,71.8,-5.4,,,,
113.595,3,Atta_3,3506.3,782.1,149.8,-46.3,0.5,,,,
113.595,4,Atta_4,2690.0,777.4,348.7,-39.5,1.6,,,,
113.595,5,Atta_5,2772.9,1241.7,358.2,22.7,3.3,,,,
113.595,7,Atta_7,2920.8,1974.7,319.8,-49.8,0.3,,,,
113.595,8,Atta_8,3481.7,2054.2,303.7,12.2,-1.2,,,,
113.595,9,Atta_9,3216.3,2095.0,341.9,32.2,1.2,,,,
113.595,10,Atta_10,2857.6,1695.1,0.4,-36.2,8.5,,,,
113.659,1,Atta_1,2712.2,1437.7,81.7,-27.7,0.7,,,,
113.659,2,Atta_2,3284.5,685.6,72.6,-110.5,3.9,,,,
113.659,3,Atta_3,3493.9,745.0,145.6,-39.1,-4.2,,,,
113.659,4,Atta_4,2730.1,782.9,351.6,40.5,2.9,,,,
113.659,5,Atta_5,2727.8,1297.1,357.2,-71.4,-1.0,,,,
113.659,6,Atta_6,2823.8,987.5,25.3,39.2,-1.3,,,,
113.659,7,Atta_7,2947.0,2010.6,316.2,-44.4,-3.6,,,,
113.659,8,Atta_8,3507.7,2097.9,303.2,-50.8,-0.5,,,,
113.659,9,Atta_9,3203.1,2101.6,337.5,-14.8,-4.4,,,,
113.659,10,Atta_10,2828.7,1720.8,6.8,-38.7,6.4,,,,
113.728,1,Atta_1,2710.3,1445.3,78.9,7.8,-2.8,,,,
113.728,2,Atta_2,3302.6,788.5,72.6,104.5,0.0,,,,
113.728,3,Atta_3,3496.1,793.4,150.4,48.4,4.8,,,,
113.728,4,Atta_4,2704.3,736.7,346.0,-52.9,-5.6,,,,
113.728,5,Atta_5,2788.2,1288.2,353.9,61.1,-3.3,,,,
113.728,6,Atta_6,2804.9,960.4,28.1,-33.0,2.8,,,,
113.728,7,Atta_7,2945.0,1908.8,321.3,101.8,5.1,,,,
113.728,8,Atta_8,3482.6,2064.6,302.1,41.7,-1.1,,,,
113.728,9,Atta_9,3235.2,2135.1,341.7,46.4,4.2,,,,
113.728,10,Atta_10,2837.7,1718.6,8.3,9.3,1.5,,,,
113.863,1,Atta_1,2748.1,1414.8,83.5,-48.6,4.6,,,,
113.863,2,Atta_2,3270.9,779.2,72.1,-33.0,-0.5,,,,
113.863,3,Atta_3,3506.3,750.5,148.0,-44.1,-2.4,,,,
113.863,4,Atta_4,2790.9,793.7,346.9,103.7,0.9,,,,
113.863,5,Atta_5,2757.7,1238.0,355.5,-58.7,1.6,,,,
113.863,6,Atta_6,2776.7,984.8,28.6,-37.3,0.5,,,,
113.863,7,Atta_7,2955.5,2011.8,316.6,-103.5,-4.7,,,,
113.863,8,Atta_8,3496.5,2084.5,303.5,-24.3,1.4,,,,
113.863,9,Atta_9,3230.8,2136.2,342.7,-4.5,1.0,,,,
113.863,10,Atta_10,2830.5,1657.1,12.9,-61.9,4.6,,,,
113.932,1,Atta_1,2741.8,1460.3,80.1,45.9,-3.4,,,,
113.932,2,Atta_2,3264.9,749.3,72.7,-30.5,0.6,,,,
113.932,3,Atta_3,3512.2,765.6,145.8,16.2,-2.2,,,,
113.932,4,Atta_4,2803.0,711.3,349.3,83.3,2.4,,,,
113.932,5,Atta_5,2771.1,1252.1,357.5,19.5,2.0,,,,
113.932,6,Atta_6,2766.8,964.8,25.7,-22.3,-2.9,,,,
113.932,7,Atta_7,2944.7,1999.1,319.3,16.7,2.7,,,,
113.932,8,Atta_8,3490.5,2008.5,300.1,76.2,-3.4,,,,
113.932,9,Atta_9,3226.2,2120.7,336.3,16.2,-6.4,,,,
113.932,10,Atta_10,2795.1,1692.9,22.9,-50.3,10.0,,,,
114.001,1,Atta_1,2774.0,1483.9,82.8,39.9,2.7,,,,
114.001,2,Atta_2,3340.6,759.6,77.1,76.4,4.4,,,,
114.001,3,Atta_3,3528.5,790.4,149.1,29.7,3.3,,,,
114.001,4,Atta_4,2750.0,799.6,348.9,-103.0,-0.4,,,,
114.001,5,Atta_5,2735.3,1249.6,358.4,-35.9,0.9,,,,
114.001,6,Atta_6,2820.5,1066.7,25.3,115.2,-0.4,,,,
114.001,7,Atta_7,2953.8,1940.4,320.8,59.4,1.5,,,,
114.001,8,Atta_8,3468.9,2067.4,305.8,-62.7,5.7,,,,
114.001,9,Atta_9,3236.5,2071.6,339.0,50.2,2.7,,,,
114.001,10,Atta_10,2854.6,1676.0,24.4,61.9,1.5,,,,
114.121,1,Atta_1,2743.7,1499.6,82.1,34.1,-0.7,,,,
114.121,2,Atta_2,3312.8,745.8,71.1,-31.0,-6.0,,,,
114.121,3,Atta_3,3513.6,725.6,150.1,-66.5,1.0,,,,
114.121,4,Atta_4,2748.2,716.2,347.3,83.4,-1.6,,,,
114.121,5,Atta_5,2736.8,1233.2,354.1,16.5,-4.3,,,,
114.121,6,Atta_6,2806.7,1001.9,26.4,-66.3,1.1,,,,
114.121,7,Atta_7,3000.7,1983.9,318.6,64.0,-2.2,,,,
114.121,8,Atta_8,3489.2,2038.5,305.0,35.3,-0.8,,,,
114.121,9,Atta_9,3276.8,2098.9,340.2,48.7,1.2,,,,
114.121,10,Atta_10,2840.8,1732.1,30.8,57.8,6.4,,,,
114.191,1,Atta_1,2719.7,1522.7,82.8,33.3,0.7,,,,
114.191,2,Atta_2,3280.5,710.6,72.3,-47.8,1.2,,,,
114.191,3,Atta_3,3524.7,730.2,147.4,-12.0,-2.7,,,,
114.191,4,Atta_4,2746.7,739.5,348.2,-23.3,0.9,,,,
114.191,5,Atta_5,2756.7,1240.5,352.7,21.2,-1.4,,,,
114.191,6,Atta_6,2798.9,998.6,24.6,-8.5,-1.8,,,,
114.191,7,Atta_7,2932.8,1981.3,316.8,-67.9,-1.8,,,,
114.191,8,Atta_8,3478.9,2090.3,303.7,-52.8,-1.3,,,,
114.191,9,Atta_9,3273.5,2111.3,338.2,-12.8,-2.0,,,,
114.191,10,Atta_10,2886.4,1731.4,34.0,45.6,3.2,,,,
114.258,1,Atta_1,2748.7,1505.5,86.6,-33.7,3.8,,,,
114.258,2,Atta_2,3287.4,765.5,71.2,55.3,-1.1,,,,
114.258,3,Atta_3,3500.7,738.6,150.0,25.4,2.6,,,,
114.258,4,Atta_4,2780.1,807.4,347.7,75.7,-0.5,,,,
114.258,5,Atta_5,2833.3,1302.9,355.8,98.8,3.1,,,,
114.258,6,Atta_6,2823.2,974.8,30.4,34.0,5.8,,,,
114.258,7,Atta_7,2929.0,1925.7,318.9,55.7,2.1,,,,
114.258,8,Atta_8,3524.3,2039.1,304.4,68.4,0.7,,,,
114.258,9,Atta_9,3267.3,2092.7,336.8,19.6,-1.4,,,,
114.258,10,Atta_10,2863.0,1643.1,41.6,-91.3,7.6,,,,
114.323,1,Atta_1,2804.0,1472.9,86.5,-64.2,-0.1,,,,
114.323,2,Atta_2,3268.5,780.2,72.8,23.9,1.6,,,,
114.323,3,Atta_3,3512.7,696.1,148.5,-44.2,-1.5,,,,
114.323,4,Atta_4,2854.0,743.1,346.6,98.0,-1.1,,,,
114.323,5,Atta_5,2773.8,1304.2,358.7,-59.5,2.9,,,,
114.323,6,Atta_6,2835.0,981.9,25.1,13.8,-5.3,,,,
114.323,7,Atta_7,2985.2,1971.6,321.4,72.6,2.5,,,,
114.323,8,Atta_8,3496.0,2061.7,302.0,-36.2,-2.4,,,,
114.323,9,Atta_9,3211.7,2057.0,340.0,-66.1,3.2,,,,
114.323,10,Atta_10,2816.2,1705.8,45.9,78.2,4.3,,,,
114.389,1,Atta_1,2739.4,1451.6,83.9,-68.0,-2.6,,,,
114.389,2,Atta_2,3236.4,779.2,69.1,-32.1,-3.7,,,,
114.389,3,Atta_3,3466.2,722.0,144.5,53.2,-4.0,,,,
114.389,4,Atta_4,2839.5,751.3,349.4,-16.7,2.8,,,,
114.389,5,Atta_5,2765.9,1284.8,357.8,-20.9,-0.9,,,,
114.389,6,Atta_6,2826.2,1037.6,29.7,56.4,4.6,,,,
114.389,7,Atta_7,2970.4,1949.3,315.4,26.8,-6.0,,,,
114.389,9,Atta_9,3242.7,2056.3,336.5,31.0,-3.5,,,,
114.389,10,Atta_10,2818.2,1685.7,49.4,-20.2,3.5,,,,
114.455,1,Atta_1,2767.6,1529.9,81.5,83.2,-2.4,,,,
114.455,2,Atta_2,3260.1,697.2,72.3,-85.4,3.2,,,,
114.455,3,Atta_3,3474.0,783.0,149.1,61.5,4.6,,,,
114.455,4,Atta_4,2794.7,752.6,348.0,-44.8,-1.4,,,,
114.455,5,Atta_5,2768.4,1219.7,355.5,65.1,-2.3,,,,
114.455,6,Atta_6,2813.2,973.0,28.6,-65.9,-1.1,,,,
114.455,7,Atta_7,2934.7,1912.8,317.2,51.1,1.8,,,,
114.455,8,Atta_8,3528.9,2073.7,302.6,35.0,0.6,,,,
114.455,9,Atta_9,3266.7,2114.4,340.0,-62.9,3.5,,,,
114.455,10,Atta_10,2797.5,1698.7,53.5,-24.4,4.1,,,,
114.524,1,Atta_1,2704.2,1519.9,79.9,-64.2,-1.6,,,,
114.524,2,Atta_2,3310.4,759.7,72.2,80.2,-0.1,,,,
114.524,3,Atta_3,3507.5,704.6,147.8,-85.3,-1.3,,,,
114.524,4,Atta_4,2855.7,781.7,345.6,67.6,-2.4,,,,
114.524,5,Atta_5,2753.3,1241.7,353.1,-26.7,-2.4,,,,
114.524,6,Atta_6,2801.5,974.7,24.3,-11.8,-4.3,,,,
114.524,7,Atta_7,2954.1,1973.8,318.4,-64.0,1.2,,,,
114.524,8,Atta_8,3493.2,2051.0,302.5,-42.3,-0.1,,,,
114.524,9,Atta_9,3266.7,2126.9,339.0,-12.5,-1.0,,,,
114.524,10,Atta_10,2880.2,1694.4,57.6,82.8,4.1,,,,
114.593,1,Atta_1,2749.5,1507.8,84.7,-46.9,4.8,,,,
114.593,2,Atta_2,3301.8,743.4,72.7,-18.4,0.5,,,,
114.593,3,Atta_3,3505.0,754.7,152.1,50.2,4.3,,,,
114.593,4,Atta_4,2880.8,672.9,346.4,111.7,0.8,,,,
114.593,5,Atta_5,2753.6,1229.3,353.6,12.4,0.5,,,,
114.593,6,Atta_6,2820.3,1009.3,26.2,39.4,1.9,,,,
114.593,7,Atta_7,3013.0,1904.6,316.5,90.9,-1.9,,,,
114.593,8,Atta_8,3451.7,2114.5,301.7,-75.9,-0.8,,,,
114.593,9,Atta_9,3278.7,2053.5,337.6,74.4,-1.4,,,,
114.593,10,Atta_10,2884.2,1692.2,62.9,4.6,5.3,,,,
114.661,1,Atta_1,2741.1,1495.7,81.3,-14.7,-3.4,,,,
114.661,2,Atta_2,3264.2,751.3,68.1,-38.4,-4.6,,,,
114.661,3,Atta_3,3522.9,772.6,151.9,-25.3,-0.2,,,,
114.661,4,Atta_4,2857.8,733.1,350.7,-64.4,4.3,,,,
114.661,5,Atta_5,2749.5,1284.5,356.0,-55.4,2.4,,,,
114.661,6,Atta_6,2878.6,989.2,26.3,61.7,0.1,,,,
114.661,7,Atta_7,3030.3,1897.4,318.5,18.7,2.0,,,,
114.661,8,Atta_8,3468.4,2116.3,305.6,16.8,3.9,,,,
114.661,9,Atta_9,3275.9,2083.5,336.8,-30.1,-0.8,,,,
114.661,10,Atta_10,2857.6,1683.6,66.1,-28.0,3.2,,,,
114.716,1,Atta_1,2780.2,1525.9,83.9,49.4,2.6,,,,
114.716,2,Atta_2,3318.9,722.3,73.3,-61.9,5.2,,,,
114.716,3,Atta_3,3466.7,742.0,148.6,64.0,-3.3,,,,
114.716,4,Atta_4,2891.9,772.1,354.5,51.8,3.8,,,,
114.716,5,Atta_5,2811.4,1230.4,359.6,82.2,3.6,,,,
114.716,6,Atta_6,2755.9,1014.9,27.9,-125.4,1.6,,,,
114.716,7,Atta_7,2990.2,1958.4,320.6,-73.0,2.1,,,,
114.716,8,Atta_8,3518.8,2062.8,302.4,73.5,-3.2,,,,
114.716,9,Atta_9,3248.3,2088.5,339.1,-28.0,2.3,,,,
114.716,10,Atta_10,2778.7,1751.7,76.7,104.2,10.6,,,,
114.783,1,Atta_1,2693.2,1482.1,82.7,-97.4,-1.2,,,,
114.783,2,Atta_2,3303.7,730.5,72.3,17.3,-1.0,,,,
114.783,3,Atta_3,3553.7,737.9,146.4,-87.1,-2.2,,,,
114.783,4,Atta_4,2867.1,738.5,354.7,-41.8,0.2,,,,
114.783,5,Atta_5,2812.2,1253.0,355.8,22.6,-3.8,,,,
114.783,6,Atta_6,2865.5,991.4,25.3,112.1,-2.6,,,,
114.783,7,Atta_7,2949.9,1989.7,319.0,-51.0,-1.6,,,,
114.783,8,Atta_8,3491.9,2099.7,306.8,-45.7,4.4,,,,
114.783,9,Atta_9,3257.2,2058.7,341.4,31.1,2.3,,,,
114.783,10,Atta_10,2827.6,1704.6,77.1,-67.9,0.4,,,,
114.834,1,Atta_1,2733.1,1537.3,83.7,68.1,1.0,,,,
114.834,2,Atta_2,3236.3,742.3,72.6,-68.4,0.3,,,,
114.834,3,Atta_3,3514.4,716.9,147.4,44.6,1.0,,,,
114.834,4,Atta_4,2905.2,775.5,357.8,53.1,3.1,,,,
114.834,5,Atta_5,2761.6,1228.9,356.2,-56.0,0.4,,,,
114.834,6,Atta_6,2804.3,1008.0,24.3,-63.4,-1.0,,,,
114.834,7,Atta_7,2940.2,1945.5,319.0,45.3,0.0,,,,
114.834,8,Atta_8,3512.3,2049.3,303.0,54.4,-3.8,,,,
114.834,9,Atta_9,3247.3,2098.3,336.3,-40.8,-5.1,,,,
114.834,10,Atta_10,2858.5,1668.0,76.9,-47.9,-0.2,,,,
114.903,1,Atta_1,2803.5,1535.5,84.9,70.4,1.2,,,,
114.903,2,Atta_2,3290.4,750.2,73.0,54.7,0.4,,,,
114.903,3,Atta_3,3548.6,746.3,148.9,-45.1,1.5,,,,
114.903,4,Atta_4,2861.7,774.4,5.9,-43.5,8.1,,,,
114.903,5,Atta_5,2810.4,1311.9,356.7,96.3,0.5,,,,
114.903,6,Atta_6,2789.2,948.5,24.0,-61.4,-0.3,,,,
114.903,7,Atta_7,3038.2,1912.2,321.3,103.5,2.3,,,,
114.903,8,Atta_8,3521.4,2065.0,302.3,-18.1,-0.7,,,,
114.903,9,Atta_9,3251.0,2122.7,340.1,-24.7,3.8,,,,
114.903,10,Atta_10,2835.7,1701.8,82.4,40.8,5.5,,,,
114.972,1,Atta_1,2708.2,1501.2,83.9,-101.3,-1.0,,,,
114.972,2,Atta_2,3221.5,792.6,69.3,80.9,-3.7,,,,
114.972,3,Atta_3,3539.2,776.6,149.7,31.7,0.8,,,,
114.972,4,Atta_4,2886.3,754.9,9.9,31.4,4.0,,,,
114.972,5,Atta_5,2782.2,1227.9,359.6,-88.6,2.9,,,,
114.972,6,Atta_6,2796.6,950.6,30.4,7.7,6.4,,,,
114.972,7,Atta_7,2938.3,1975.4,320.7,-118.2,-0.6,,,,
114.972,8,Atta_8,3452.7,2025.3,302.2,-79.3,-0.1,,,,
114.972,9,Atta_9,3287.0,2105.8,342.5,39.8,2.4,,,,
114.972,10,Atta_10,2836.8,1660.9,91.7,-40.9,9.3,,,,
115.04,1,Atta_1,2777.5,1479.0,81.5,-72.8,-2.4,,,,
115.04,2,Atta_2,3287.4,760.2,72.5,-73.4,3.2,,,,
115.04,3,Atta_3,3547.0,734.9,147.2,-42.4,-2.5,,,,
115.04,4,Atta_4,2957.8,739.9,13.3,73.1,3.4,,,,
115.04,5,Atta_5,2754.9,1244.8,352.9,-32.1,-6.7,,,,
115.04,6,Atta_6,2808.5,1048.9,27.6,99.0,-2.8,,,,
115.04,7,Atta_7,2915.3,1967.1,321.2,-24.5,0.5,,,,
115.04,8,Atta_8,3489.9,2048.3,301.5,43.7,-0.7,,,,
115.04,9,Atta_9,3208.6,2059.7,339.2,-90.9,-3.3,,,,
115.04,10,Atta_10,2839.2,1791.9,96.3,131.0,4.6,,,,
115.106,1,Atta_1,2733.4,1511.0,82.5,54.5,1.0,,,,
115.106,2,Atta_2,3251.3,710.8,75.3,-61.2,2.8,,,,
115.106,3,Atta_3,3558.8,762.6,149.4,30.1,2.2,,,,
115.106,4,Atta_4,2863.2,774.3,13.9,-100.7,0.6,,,,
115.106,5,Atta_5,2788.6,1236.6,353.6,34.7,0.7,,,,
115.106,6,Atta_6,2864.9,1000.6,23.0,74.3,-4.6,,,,
115.106,7,Atta_7,3000.3,1939.3,316.3,89.4,-4.9,,,,
115.106,8,Atta_8,3462.4,2024.8,303.0,36.2,1.5,,,,
115.106,9,Atta_9,3269.2,2082.5,336.6,64.7,-2.6,,,,
115.106,10,Atta_10,2859.1,1722.7,99.2,-72.0,2.9,,,,
115.173,1,Atta_1,2806.4,1529.8,84.2,75.4,1.7,,,,
115.173,2,Atta_2,3267.6,732.8,72.7,27.4,-2.6,,,,
115.173,3,Atta_3,3494.0,736.7,152.8,69.8,3.4,,,,
115.173,4,Atta_4,2906.4,762.5,22.5,44.8,8.6,,,,
115.173,5,Atta_5,2753.9,1253.3,356.8,-38.5,3.2,,,,
115.173,6,Atta_6,2774.5,980.4,27.0,-92.6,4.0,,,,
115.173,7,Atta_7,2981.9,1928.3,322.7,-21.4,6.4,,,,
115.173,8,Atta_8,3421.0,2035.0,304.4,-42.6,1.4,,,,
115.173,9,Atta_9,3269.1,2081.8,341.7,0.7,5.1,,,,
115.173,10,Atta_10,2817.9,1756.1,105.8,53.0,6.6,,,,
115.238,1,Atta_1,2804.8,1542.6,84.9,12.9,0.7,,,,
115.238,2,Atta_2,3259.2,767.3,73.2,35.5,0.5,,,,
115.238,3,Atta_3,3522.5,782.8,147.2,-54.2,-5.6,,,,
115.238,4,Atta_4,2866.3,750.7,29.1,-41.8,6.6,,,,
115.238,5,Atta_5,2812.2,1239.8,356.0,59.8,-0.8,,,,
115.238,6,Atta_6,2796.4,958.8,28.4,30.8,1.4,,,,
115.238,7,Atta_7,2991.2,1985.2,320.9,-57.7,-1.8,,,,
115.238,8,Atta_8,3555.1,2095.5,300.7,147.1,-3.7,,,,
115.238,9,Atta_9,3206.9,2062.9,338.9,-65.0,-2.8,,,,
115.238,10,Atta_10,2849.1,1691.6,106.9,-71.6,1.1,,,,
115.304,1,Atta_1,2693.6,1489.8,83.5,-123.1,-1.4,,,,
115.304,2,Atta_2,3242.6,767.9,74.3,-16.6,1.1,,,,
115.304,3,Atta_3,3523.6,709.3,147.6,-73.5,0.4,,,,
115.304,4,Atta_4,2920.0,773.1,25.0,58.2,-4.1,,,,
115.304,5,Atta_5,2774.9,1282.6,357.2,-56.8,1.2,,,,
115.304,6,Atta_6,2828.3,984.1,24.1,40.7,-4.3,,,,
115.304,7,Atta_7,3012.2,1986.0,321.8,21.0,0.9,,,,
115.304,8,Atta_8,3472.3,2075.3,305.0,-85.2,4.3,,,,
115.304,9,Atta_9,3262.8,2072.9,339.2,56.8,0.3,,,,
115.304,10,Atta_10,2855.1,1684.8,110.6,-9.1,3.7,,,,
115.421,1,Atta_1,2699.6,1514.1,84.4,25.0,0.9,,,,
115.421,2,Atta_2,3223.8,761.2,72.0,-20.0,-2.3,,,,
115.421,3,Atta_3,3524.7,707.1,152.8,-2.5,5.2,,,,
115.421,4,Atta_4,2894.9,762.5,27.4,-27.2,2.4,,,,
115.421,5,Atta_5,2748.8,1226.0,354.6,-62.3,-2.6,,,,
115.421,6,Atta_6,2836.4,986.5,25.7,8.4,1.6,,,,
115.421,7,Atta_7,2972.8,1912.6,319.2,83.3,-2.6,,,,
115.421,8,Atta_8,3502.4,2136.4,303.7,-68.1,-1.3,,,,
115.421,9,Atta_9,3200.2,2078.8,340.1,-62.9,0.9,,,,
115.421,10,Atta_10,2838.8,1750.1,117.8,67.3,7.2,,,,
115.487,1,Atta_1,2714.7,1480.0,85.5,-37.3,1.1,,,,
115.487,2,Atta_2,3267.8,729.9,75.0,-54.0,3.0,,,,
115.487,3,Atta_3,3445.3,661.8,149.4,91.4,-3.4,,,,
115.487,4,Atta_4,2886.0,782.4,29.9,21.8,2.5,,,,
115.487,5,Atta_5,2776.0,1274.3,356.9,55.4,2.3,,,,
115.487,6,Atta_6,2758.0,1011.0,27.6,-82.1,1.9,,,,
115.487,7,Atta_7,2960.1,1946.2,319.0,-35.9,-0.2,,,,
115.487,8,Atta_8,3461.2,2087.4,305.9,64.0,2.2,,,,
115.487,9,Atta_9,3243.4,2107.7,337.0,52.0,-3.1,,,,
115.487,10,Atta_10,2832.9,1726.4,118.0,-24.4,0.2,,,,
115.555,1,Atta_1,2777.8,1505.8,83.5,68.2,-2.0,,,,
115.555,2,Atta_2,3238.7,706.4,69.7,-37.4,-5.3,,,,
115.555,3,Atta_3,3464.6,770.0,149.6,109.9,0.2,,,,
115.555,4,Atta_4,2918.5,769.8,25.7,34.9,-4.2,,,,
115.555,5,Atta_5,2773.4,1259.4,355.8,-15.1,-1.1,,,,
115.555,6,Atta_6,2805.3,946.8,26.0,79.7,-1.6,,,,
115.555,7,Atta_7,2935.9,1914.3,319.9,40.0,0.9,,,,
115.555,8,Atta_8,3510.2,2064.2,302.7,54.2,-3.2,,,,
115.555,9,Atta_9,3286.2,2082.0,338.7,49.9,1.7,,,,
115.555,10,Atta_10,2843.3,1673.3,126.8,-54.1,8.8,,,,
115.626,1,Atta_1,2779.2,1500.5,79.0,-5.5,-4.5,,,,
115.626,2,Atta_2,3298.0,726.8,71.0,62.7,1.3,,,,
115.626,3,Atta_3,3534.8,681.9,148.2,-112.6,-1.4,,,,
115.626,4,Atta_4,2862.2,714.2,23.9,-79.1,-1.8,,,,
115.626,5,Atta_5,2788.2,1275.9,357.3,22.2,1.5,,,,
115.626,6,Atta_6,2778.2,1017.6,26.6,75.8,0.6,,,,
115.626,7,Atta_7,3007.0,1942.9,317.1,76.6,-2.8,,,,
115.626,8,Atta_8,3462.9,2016.0,301.3,67.5,-1.4,,,,
115.626,9,Atta_9,3293.2,2079.7,339.0,7.4,0.3,,,,
115.626,10,Atta_10,2861.5,1728.6,129.9,58.2,3.1,,,,
115.682,1,Atta_1,2757.1,1483.8,81.7,-27.7,2.7,,,,
115.682,2,Atta_2,3225.1,684.3,72.4,-84.4,1.4,,,,
115.682,3,Atta_3,3517.1,714.0,148.6,36.7,0.4,,,,
115.682,4,Atta_4,2869.0,785.0,29.6,71.1,5.7,,,,
115.682,5,Atta_5,2771.5,1244.7,358.2,-35.4,0.9,,,,
115.682,6,Atta_6,2808.0,955.4,30.1,-69.0,3.5,,,,
115.682,7,Atta_7,2968.7,1954.5,318.3,-40.0,1.2,,,,
115.682,8,Atta_8,3451.2,2087.9,302.4,-72.8,1.1,,,,
115.682,9,Atta_9,3237.8,2069.0,340.7,-56.4,1.7,,,,
115.682,10,Atta_10,2813.8,1688.1,134.9,-62.6,5.0,,,,
115.752,1,Atta_1,2693.3,1512.4,82.2,69.9,0.5,,,,
115.752,2,Atta_2,3294.7,748.7,75.2,94.8,2.8,,,,
115.752,3,Atta_3,3513.1,753.7,151.5,39.9,2.9,,,,
115.752,4,Atta_4,2845.4,715.9,27.0,-73.0,-2.6,,,,
115.752,5,Atta_5,2759.1,1252.3,357.4,-14.5,-0.8,,,,
115.752,6,Atta_6,2833.7,958.3,25.0,25.9,-5.1,,,,
115.752,7,Atta_7,2954.0,1987.1,318.4,-35.8,0.1,,,,
115.752,8,Atta_8,3441.4,2097.7,303.4,-13.9,1.0,,,,
115.752,9,Atta_9,3272.0,2120.5,339.2,61.8,-1.5,,,,
115.752,10,Atta_10,2830.5,1707.8,143.4,25.8,8.5,,,,
115.82,1,Atta_1,2753.7,1497.7,84.5,-62.2,2.3,,,,
115.82,2,Atta_2,3285.8,779.6,73.7,32.2,-1.5,,,,
115.82,3,Atta_3,3571.4,779.8,148.0,-63.9,-3.5,,,,
115.82,4,Atta_4,2908.5,760.4,27.1,77.2,0.1,,,,
115.82,5,Atta_5,2733.3,1341.8,354.9,-93.1,-2.5,,,,
115.82,6,Atta_6,2794.3,974.7,28.6,-42.7,3.6,,,,
115.82,7,Atta_7,2996.6,1921.0,316.0,78.6,-2.4,,,,
115.82,8,Atta_8,3522.6,2037.8,304.3,100.9,0.9,,,,
115.82,9,Atta_9,3231.2,2120.5,340.2,-40.8,1.0,,,,
115.82,10,Atta_10,2918.9,1731.2,144.6,-91.4,1.2,,,,
115.871,1,Atta_1,2695.2,1469.9,80.8,-64.8,-3.7,,,,
115.871,2,Atta_2,3276.9,714.2,71.6,-66.0,-2.1,,,,
115.871,3,Atta_3,3479.3,768.6,149.8,92.8,1.8,,,,
115.871,4,Atta_4,2905.4,824.6,28.2,64.3,1.1,,,,
115.871,5,Atta_5,2763.8,1185.9,356.8,158.9,1.9,,,,
115.871,6,Atta_6,2790.3,1021.0,27.6,46.5,-1.0,,,,
115.871,7,Atta_7,2985.4,1914.0,319.8,-13.2,3.8,,,,
115.871,8,Atta_8,3431.8,2035.1,301.7,-90.8,-2.6,,,,
115.871,9,Atta_9,3290.8,2082.6,341.8,70.6,1.6,,,,
115.871,10,Atta_10,2836.2,1753.1,149.1,85.6,4.5,,,,
115.94,1,Atta_1,2701.4,1524.0,81.9,54.5,1.1,,,,
115.94,2,Atta_2,3291.7,745.5,72.4,34.6,0.8,,,,
115.94,3,Atta_3,3473.7,727.1,147.0,-41.9,-2.8,,,,
115.94,4,Atta_4,2933.9,727.2,27.8,-101.5,-0.4,,,,
115.94,5,Atta_5,2757.3,1214.6,354.3,-29.4,-2.5,,,,
115.94,6,Atta_6,2800.7,937.0,22.9,-84.6,-4.7,,,,
115.94,7,Atta_7,2936.1,1931.6,322.8,-52.3,3.0,,,,
115.94,8,Atta_8,3490.9,2114.4,304.2,-98.9,2.5,,,,
115.94,9,Atta_9,3240.9,2115.0,340.1,-59.5,-1.7,,,,
115.94,10,Atta_10,2860.1,1701.0,151.1,-57.3,2.0,,,,
116.006,1,Atta_1,2742.2,1526.1,83.9,40.9,2.0,,,,
116.006,2,Atta_2,3310.7,733.3,76.6,-22.6,4.2,,,,
116.006,3,Atta_3,3512.2,752.9,147.7,-46.3,0.7,,,,
116.006,4,Atta_4,2907.1,751.0,25.7,-35.8,-2.1,,,,
116.006,5,Atta_5,2794.6,1235.8,354.2,42.9,-0.1,,,,
116.006,6,Atta_6,2841.3,1023.9,25.0,95.9,2.1,,,,
116.006,7,Atta_7,2897.2,2019.0,321.3,-95.7,-1.5,,,,
116.006,8,Atta_8,3466.1,2142.5,301.6,-37.5,-2.6,,,,
116.006,9,Atta_9,3247.4,2063.0,340.6,52.4,0.5,,,,
116.006,10,Atta_10,2834.4,1723.6,149.0,34.2,-2.1,,,,
116.072,1,Atta_1,2725.5,1480.3,81.5,-48.7,-2.4,,,,
116.072,2,Atta_2,3195.9,754.6,72.4,-116.8,-4.2,,,,
116.072,3,Atta_3,3503.8,712.0,147.8,-41.8,0.1,,,,
116.072,4,Atta_4,2929.0,800.8,18.5,54.4,-7.2,,,,
116.072,5,Atta_5,2714.7,1291.2,356.6,-97.2,2.4,,,,
116.072,6,Atta_6,2820.7,1005.2,28.2,-27.8,3.2,,,,
116.072,7,Atta_7,2962.6,2000.7,318.4,67.9,-2.9,,,,
116.072,8,Atta_8,3459.2,2079.6,306.5,63.3,4.9,,,,
116.072,9,Atta_9,3255.4,2130.5,343.1,-68.0,2.5,,,,
116.072,10,Atta_10,2823.1,1695.0,148.3,-30.8,-0.7,,,,
116.138,1,Atta_1,2716.1,1535.2,84.1,55.7,2.6,,,,
116.138,2,Atta_2,3310.2,676.1,70.7,-138.7,-1.7,,,,
116.138,3,Atta_3,3547.2,728.8,148.1,-46.5,0.3,,,,
116.138,4,Atta_4,2930.2,825.7,15.1,24.9,-3.4,,,,
116.138,5,Atta_5,2731.9,1307.6,356.4,23.8,-0.2,,,,
116.138,6,Atta_6,2807.8,974.4,28.2,-33.4,0.0,,,,
116.138,7,Atta_7,2925.3,1979.2,319.7,-43.1,1.3,,,,
116.138,8,Atta_8,3426.2,2089.9,303.8,-34.6,-2.7,,,,
116.138,9,Atta_9,3202.7,2046.2,337.7,-99.4,-5.4,,,,
116.138,10,Atta_10,2849.7,1694.3,151.7,-26.6,3.4,,,,
116.204,1,Atta_1,2733.8,1536.8,80.2,17.8,-3.9,,,,
116.204,2,Atta_2,3273.2,720.4,70.3,57.7,-0.4,,,,
116.204,3,Atta_3,3496.7,780.3,149.1,72.1,1.0,,,,
116.204,4,Atta_4,2893.7,748.6,10.6,-85.3,-4.5,,,,
116.204,5,Atta_5,2762.1,1270.8,355.6,47.6,-0.8,,,,
116.204,6,Atta_6,2819.6,982.9,30.7,14.5,2.5,,,,
116.204,7,Atta_7,2931.8,1935.0,318.3,44.7,-1.4,,,,
116.204,8,Atta_8,3544.7,2075.8,302.4,119.3,-1.4,,,,
116.204,9,Atta_9,3248.4,2169.5,339.1,-131.5,1.4,,,,
116.204,10,Atta_10,2832.3,1743.8,150.8,52.5,-0.9,,,,
116.273,1,Atta_1,2731.5,1496.3,81.4,-40.6,1.2,,,,
116.273,2,Atta_2,3303.3,768.7,73.7,56.9,3.4,,,,
116.273,3,Atta_3,3500.2,732.3,147.7,-48.1,-1.4,,,,
116.273,4,Atta_4,2939.0,783.2,1.7,57.0,-8.9,,,,
116.273,5,Atta_5,2742.9,1273.2,0.1,-19.3,4.5,,,,
116.273,6,Atta_6,2827.8,974.3,28.3,11.9,-2.4,,,,
116.273,7,Atta_7,2968.4,1969.2,316.3,50.1,-2.0,,,,
116.273,8,Atta_8,3535.2,2109.4,303.4,-34.9,1.0,,,,
116.273,9,Atta_9,3311.8,2098.0,341.6,95.6,2.5,,,,
116.273,10,Atta_10,2807.0,1744.6,152.6,25.3,1.8,,,,
116.403,1,Atta_1,2766.5,1502.4,84.3,35.5,2.9,,,,
116.403,2,Atta_2,3257.3,718.9,72.0,-67.8,-1.7,,,,
116.403,3,Atta_3,3514.9,736.3,151.0,-15.2,3.3,,,,
116.403,4,Atta_4,2903.9,771.1,351.6,-37.1,-10.1,,,,
116.403,5,Atta_5,2770.3,1270.4,354.7,27.5,-5.4,,,,
116.403,6,Atta_6,2856.6,965.4,28.2,30.1,-0.1,,,,
116.403,7,Atta_7,2966.0,1917.1,318.5,52.2,2.2,,,,
116.403,8,Atta_8,3451.2,2096.7,304.0,-85.0,0.6,,,,
116.403,9,Atta_9,3259.1,2119.5,339.2,-56.9,-2.4,,,,
116.403,10,Atta_10,2821.6,1699.5,146.9,-47.4,-5.7,,,,
116.473,1,Atta_1,2727.5,1518.3,83.3,42.1,-1.0,,,,
116.473,2,Atta_2,3253.9,798.1,72.9,79.3,0.9,,,,
116.473,3,Atta_3,3569.3,756.3,150.4,-58.0,-0.6,,,,
116.473,4,Atta_4,2941.0,727.8,348.6,57.0,-3.0,,,,
116.473,5,Atta_5,2759.7,1192.5,354.3,-78.6,-0.4,,,,
116.473,6,Atta_6,2832.6,1057.3,28.3,95.0,0.1,,,,
116.473,7,Atta_7,2925.4,1934.1,317.5,-44.0,-1.0,,,,
116.473,8,Atta_8,3492.8,2031.1,304.4,77.7,0.4,,,,
116.473,9,Atta_9,3234.9,2159.5,339.7,-46.8,0.5,,,,
116.473,10,Atta_10,2788.2,1783.2,149.6,90.1,2.7,,,,
116.542,1,Atta_1,2777.5,1549.8,80.5,59.1,-2.8,,,,
116.542,2,Atta_2,3212.9,739.2,73.8,-71.8,0.9,,,,
116.542,3,Atta_3,3477.4,726.1,148.9,96.7,-1.5,,,,
116.542,4,Atta_4,2880.0,766.3,348.5,-72.1,-0.1,,,,
116.542,5,Atta_5,2725.6,1204.0,352.6,-36.0,-1.7,,,,
116.542,6,Atta_6,2850.7,985.3,27.7,-74.2,-0.6,,,,
116.542,7,Atta_7,2942.5,1918.5,320.7,23.1,3.2,,,,
116.542,8,Atta_8,3461.8,2046.8,302.1,-34.7,-2.3,,,,
116.542,9,Atta_9,3263.8,2081.2,342.6,83.5,2.9,,,,
116.542,10,Atta_10,2777.7,1744.6,149.8,-40.0,0.2,,,,
116.613,1,Atta_1,2702.4,1390.4,82.6,-176.2,2.1,,,,
116.613,2,Atta_2,3285.3,726.2,71.3,73.6,-2.5,,,,
116.613,3,Atta_3,3554.9,747.3,150.1,-80.3,1.2,,,,
116.613,4,Atta_4,2913.9,783.1,344.0,37.8,-4.5,,,,
116.613,5,Atta_5,2824.0,1235.0,357.8,103.2,5.2,,,,
116.613,6,Atta_6,2811.2,973.0,29.6,-41.4,1.9,,,,
116.613,7,Atta_7,2977.0,1950.0,319.1,46.7,-1.6,,,,
116.613,8,Atta_8,3480.8,2128.4,300.0,-83.8,-2.1,,,,
116.613,9,Atta_9,3302.1,2089.6,345.8,39.2,3.2,,,,
116.613,10,Atta_10,2752.6,1752.5,153.2,26.3,3.4,,,,
116.679,1,Atta_1,2789.2,1534.9,81.6,168.6,-1.0,,,,
116.679,2,Atta_2,3231.8,731.8,76.0,-53.8,4.7,,,,
116.679,3,Atta_3,3508.1,778.6,148.7,56.3,-1.4,,,,
116.679,4,Atta_4,2900.0,780.6,342.5,-14.1,-1.5,,,,
116.679,5,Atta_5,2741.0,1212.5,355.5,-86.0,-2.3,,,,
116.679,6,Atta_6,2838.1,990.4,28.8,32.0,-0.8,,,,
116.679,7,Atta_7,2942.7,1958.7,317.3,-35.4,-1.8,,,,
116.679,8,Atta_8,3505.5,2050.4,305.0,81.8,5.0,,,,
116.679,9,Atta_9,3278.7,2093.3,343.0,-23.7,-2.8,,,,
116.679,10,Atta_10,2792.4,1777.9,150.4,-47.2,-2.8,,,,
116.747,1,Atta_1,2738.7,1542.9,83.8,51.1,2.2,,,,
116.747,2,Atta_2,3285.4,721.0,70.8,54.7,-5.2,,,,
116.747,3,Atta_3,3503.0,747.6,147.1,-31.4,-1.6,,,,
116.747,4,Atta_4,2899.8,786.8,335.6,-6.2,-6.9,,,,
116.747,5,Atta_5,2802.6,1228.8,356.1,63.7,0.6,,,,
116.747,6,Atta_6,2876.9,1001.9,25.5,40.5,-3.3,,,,
116.747,7,Atta_7,2926.5,1957.4,319.2,-16.3,1.9,,,,
116.747,8,Atta_8,3501.4,2056.4,304.6,-7.3,-0.4,,,,
116.747,9,Atta_9,3222.5,2088.0,340.0,-56.4,-3.0,,,,
116.747,10,Atta_10,2740.2,1747.0,151.0,60.7,0.6,,,,
116.812,1,Atta_1,2756.3,1516.7,82.8,-31.6,-1.0,,,,
116.812,2,Atta_2,3245.4,755.4,71.1,52.8,0.3,,,,
116.812,3,Atta_3,3526.4,764.4,151.9,-28.8,4.8,,,,
116.812,4,Atta_4,2911.7,774.8,329.2,16.9,-6.4,,,,
116.812,5,Atta_5,2785.1,1231.5,355.2,-17.7,-0.9,,,,
116.812,6,Atta_6,2801.0,992.6,26.3,-76.5,0.8,,,,
116.812,7,Atta_7,2957.3,1955.5,315.3,30.9,-3.9,,,,
116.812,8,Atta_8,3444.5,2041.5,306.5,-58.8,1.9,,,,
116.812,9,Atta_9,3227.8,2124.1,340.9,-36.5,0.9,,,,
116.812,10,Atta_10,2772.7,1783.1,149.6,-48.6,-1.4,,,,
116.947,1,Atta_1,2757.6,1449.9,83.3,-66.8,0.5,,,,
116.947,2,Atta_2,3319.6,723.2,74.7,-80.9,3.6,,,,
116.947,3,Atta_3,3494.5,779.6,149.5,35.3,-2.4,,,,
116.947,4,Atta_4,2926.6,798.6,322.3,28.1,-6.9,,,,
116.947,5,Atta_5,2787.5,1210.8,355.1,20.8,-0.1,,,,
116.947,6,Atta_6,2847.8,990.5,26.5,46.8,0.2,,,,
116.947,7,Atta_7,2934.4,1950.5,316.3,-23.4,1.0,,,,
116.947,8,Atta_8,3468.2,2068.5,303.7,-35.9,-2.8,,,,
116.947,9,Atta_9,3305.3,2059.2,339.5,101.1,-1.4,,,,
116.947,10,Atta_10,2787.9,1803.0,153.1,-25.0,3.5,,,,
117.015,1,Atta_1,2742.9,1508.2,82.4,60.1,-0.9,,,,
117.015,2,Atta_2,3242.2,736.4,75.0,-78.5,0.3,,,,
117.015,3,Atta_3,3486.9,724.9,145.7,-55.2,-3.8,,,,
117.015,4,Atta_4,2981.0,781.9,316.0,56.9,-6.3,,,,
117.015,5,Atta_5,2773.9,1221.5,356.9,-17.3,1.8,,,,
117.015,6,Atta_6,2816.7,975.3,30.3,-34.6,3.8,,,,
117.015,7,Atta_7,2954.4,1968.3,317.4,26.8,1.1,,,,
117.015,8,Atta_8,3483.0,2086.1,304.0,-23.0,0.3,,,,
117.015,9,Atta_9,3265.0,2033.7,338.3,-47.7,-1.2,,,,
117.015,10,Atta_10,2812.6,1731.9,150.3,-75.3,-2.8,,,,
117.081,1,Atta_1,2759.2,1521.1,78.8,20.8,-3.6,,,,
117.081,2,Atta_2,3227.2,773.9,70.4,40.4,-4.6,,,,
117.081,3,Atta_3,3557.6,717.7,150.0,-71.1,4.3,,,,
117.081,4,Atta_4,2927.5,776.4,312.6,-53.8,-3.4,,,,
117.081,5,Atta_5,2800.2,1177.6,355.2,51.2,-1.7,,,,
117.081,6,Atta_6,2821.3,1008.8,27.2,33.8,-3.1,,,,
117.081,7,Atta_7,2925.6,2003.0,320.5,-45.1,3.1,,,,
117.081,8,Atta_8,3484.6,2114.8,304.3,-28.7,0.3,,,,
117.081,9,Atta_9,3313.6,2063.7,337.1,57.1,-1.2,,,,
117.081,10,Atta_10,2763.1,1737.1,148.4,49.8,-1.9,,,,
117.214,1,Atta_1,2760.5,1510.4,82.2,-10.8,3.4,,,,
117.214,2,Atta_2,3249.3,743.3,73.7,-37.7,3.3,,,,
117.214,3,Atta_3,3493.0,754.0,147.1,74.1,-2.9,,,,
117.214,4,Atta_4,2930.2,761.3,306.7,15.3,-5.9,,,,
117.214,5,Atta_5,2794.4,1233.9,353.4,-56.6,-1.8,,,,
117.214,6,Atta_6,2833.1,928.4,28.3,-81.3,1.1,,,,
117.214,7,Atta_7,2934.9,1983.8,319.4,21.3,-1.1,,,,
117.214,8,Atta_8,3458.9,2006.8,303.5,111.0,-0.8,,,,
117.214,9,Atta_9,3184.9,2051.5,340.0,-129.3,2.9,,,,
117.214,10,Atta_10,2773.9,1780.7,149.0,44.9,0.6,,,,
117.28,1,Atta_1,2717.8,1547.2,81.6,56.4,-0.6,,,,
117.28,2,Atta_2,3306.6,733.8,73.4,58.1,-0.3,,,,
117.28,3,Atta_3,3575.0,755.6,144.7,-82.0,-2.4,,,,
117.28,4,Atta_4,2931.5,777.6,296.6,-16.4,-10.1,,,,
117.28,5,Atta_5,2835.2,1245.9,353.6,42.5,0.2,,,,
117.28,6,Atta_6,2791.3,1014.3,23.7,95.5,-4.6,,,,
117.28,7,Atta_7,2932.3,1933.2,319.6,50.7,0.2,,,,
117.28,8,Atta_8,3452.8,2119.3,304.9,-112.7,1.4,,,,
117.28,9,Atta_9,3307.4,2032.3,341.3,124.0,1.3,,,,
117.28,10,Atta_10,2743.7,1794.7,149.0,33.3,0.0,,,,
117.412,1,Atta_1,2736.5,1493.3,81.9,-57.1,0.3,,,,
117.412,2,Atta_2,3307.2,725.7,68.5,-8.1,-4.9,,,,
117.412,3,Atta_3,3512.4,776.5,147.2,66.0,2.5,,,,
117.412,4,Atta_4,2904.6,827.3,296.6,-56.5,0.0,,,,
117.412,5,Atta_5,2752.2,1254.3,357.3,-83.4,3.7,,,,
117.412,6,Atta_6,2829.1,1010.9,23.2,38.0,-0.5,,,,
117.412,7,Atta_7,2973.3,1966.3,318.7,52.7,-0.9,,,,
117.412,8,Atta_8,3484.3,2032.2,304.3,92.6,-0.6,,,,
117.412,9,Atta_9,3221.7,2082.9,341.6,-99.5,0.3,,,,
117.412,10,Atta_10,2775.5,1740.7,146.2,-62.7,-2.8,,,,
117.464,1,Atta_1,2771.5,1498.8,83.6,35.4,1.7,,,,
117.464,2,Atta_2,3345.0,769.6,75.9,57.9,7.4,,,,
117.464,3,Atta_3,3547.3,780.4,150.4,-35.1,3.2,,,,
117.464,4,Atta_4,2931.5,794.5,291.5,42.4,-5.1,,,,
117.464,5,Atta_5,2749.4,1220.8,359.5,-33.6,2.2,,,,
117.464,6,Atta_6,2831.6,948.1,31.8,-62.8,8.6,,,,
117.464,7,Atta_7,2972.1,1993.8,317.4,-27.5,-1.3,,,,
117.464,8,Atta_8,3448.2,2065.0,303.3,-48.8,-1.0,,,,
117.464,9,Atta_9,3260.0,2090.4,342.1,39.0,0.5,,,,
117.464,10,Atta_10,2731.5,1774.0,148.1,55.2,1.9,,,,
117.534,1,Atta_1,2724.0,1486.2,86.1,-49.1,2.5,,,,
117.534,2,Atta_2,3301.1,785.4,70.2,46.7,-5.7,,,,
117.534,3,Atta_3,3494.3,723.8,147.4,77.5,-3.0,,,,
117.534,4,Atta_4,2962.1,802.0,286.3,31.5,-5.2,,,,
117.534,5,Atta_5,2732.1,1270.2,355.4,-52.3,-4.1,,,,
117.534,6,Atta_6,2831.8,987.8,26.0,39.7,-5.8,,,,
117.534,7,Atta_7,2984.2,1929.4,319.2,65.5,1.8,,,,
117.534,8,Atta_8,3466.1,2079.7,304.9,-23.2,1.6,,,,
117.534,9,Atta_9,3281.5,2050.9,338.2,45.0,-3.9,,,,
117.534,10,Atta_10,2801.4,1749.7,147.3,-74.0,-0.8,,,,
117.6,1,Atta_1,2723.8,1552.0,81.9,65.8,-4.2,,,,
117.6,2,Atta_2,3219.1,747.8,73.5,-90.2,3.3,,,,
117.6,3,Atta_3,3529.3,766.3,150.2,-55.1,2.8,,,,
117.6,4,Atta_4,2941.7,737.8,285.9,67.4,-0.4,,,,
117.6,5,Atta_5,2778.7,1247.9,356.3,51.7,0.9,,,,
117.6,6,Atta_6,2816.4,969.3,28.6,-24.1,2.6,,,,
117.6,7,Atta_7,2948.5,1979.7,319.8,-61.7,0.6,,,,
117.6,8,Atta_8,3483.9,2050.1,300.3,34.5,-4.6,,,,
117.6,9,Atta_9,3243.0,2040.9,336.0,-39.8,-2.2,,,,
117.6,10,Atta_10,2778.7,1843.0,151.5,96.0,4.2,,,,
117.668,1,Atta_1,2753.4,1541.0,84.1,-31.6,2.2,,,,
117.668,2,Atta_2,3279.8,718.9,72.2,-67.2,-1.3,,,,
117.668,3,Atta_3,3515.7,724.8,149.8,-43.7,-0.4,,,,
117.668,4,Atta_4,2871.6,731.2,286.7,-70.4,0.8,,,,
117.668,5,Atta_5,2805.8,1223.7,354.6,36.3,-1.7,,,,
117.668,6,Atta_6,2830.0,1002.9,27.8,36.2,-0.8,,,,
117.668,7,Atta_7,2947.9,2027.5,317.7,-47.8,-2.1,,,,
117.668,8,Atta_8,3485.8,2078.4,303.4,-28.4,3.1,,,,
117.668,9,Atta_9,3217.5,2072.3,341.1,-40.5,5.1,,,,
117.668,10,Atta_10,2785.2,1741.0,150.9,-102.2,-0.6,,,,
117.722,1,Atta_1,2711.4,1529.0,84.5,-43.7,0.4,,,,
117.722,2,Atta_2,3258.6,736.0,75.5,27.2,3.3,,,,
117.722,3,Atta_3,3491.0,754.3,148.4,38.5,-1.4,,,,
117.722,4,Atta_4,2888.6,769.7,286.0,-42.1,-0.7,,,,
117.722,5,Atta_5,2767.7,1253.8,358.0,-48.6,3.4,,,,
117.722,6,Atta_6,2813.3,972.4,25.2,-34.8,-2.6,,,,
117.722,7,Atta_7,2964.0,1961.9,317.2,67.5,-0.5,,,,
117.722,8,Atta_8,3472.7,2078.6,301.1,-13.1,-2.3,,,,
117.722,9,Atta_9,3174.1,2037.9,339.2,-55.4,-1.9,,,,
117.722,10,Atta_10,2779.7,1750.2,151.4,10.7,0.5,,,,
117.791,1,Atta_1,2789.0,1498.2,82.9,-83.5,-1.6,,,,
117.791,2,Atta_2,3264.7,755.8,70.1,20.7,-5.4,,,,
117.791,3,Atta_3,3463.5,781.8,147.3,38.9,-1.1,,,,
117.791,4,Atta_4,2884.1,809.0,284.0,-39.6,-2.0,,,,
117.791,5,Atta_5,2784.2,1289.7,355.7,39.5,-2.3,,,,
117.791,6,Atta_6,2805.7,964.8,27.6,-10.7,2.4,,,,
117.791,7,Atta_7,2943.4,1976.2,316.1,-25.1,-1.1,,,,
117.791,8,Atta_8,3540.7,2095.3,303.9,70.0,2.8,,,,
117.791,9,Atta_9,3253.1,2083.2,340.9,91.1,1.7,,,,
117.791,10,Atta_10,2743.4,1775.2,146.0,44.1,-5.4,,,,
117.861,1,Atta_1,2691.8,1506.0,82.9,-97.5,0.0,,,,
117.861,2,Atta_2,3299.8,753.4,70.3,35.2,0.2,,,,
117.861,3,Atta_3,3507.5,736.5,150.2,-63.2,2.9,,,,
117.861,4,Atta_4,2894.3,799.7,287.9,13.8,3.9,,,,
117.861,5,Atta_5,2813.6,1255.1,356.7,45.4,1.0,,,,
117.861,6,Atta_6,2753.0,983.1,25.6,-55.8,-2.0,,,,
117.861,7,Atta_7,2997.3,1950.9,319.2,59.5,3.1,,,,
117.861,8,Atta_8,3384.8,2063.3,303.9,-159.2,0.0,,,,
117.861,9,Atta_9,3267.2,2075.3,340.6,16.2,-0.3,,,,
117.861,10,Atta_10,2801.6,1691.0,151.0,-102.4,5.0,,,,
117.915,1,Atta_1,2733.8,1530.7,80.9,48.7,-2.0,,,,
117.915,2,Atta_2,3317.7,759.2,73.1,18.8,2.8,,,,
117.915,3,Atta_3,3534.2,771.3,151.8,-43.9,1.6,,,,
117.915,4,Atta_4,2915.5,742.0,288.3,61.5,0.4,,,,
117.915,6,Atta_6,2869.7,956.4,31.8,119.7,6.2,,,,
117.915,7,Atta_7,2937.2,1932.1,316.9,-63.0,-2.3,,,,
117.915,8,Atta_8,3450.7,2070.2,306.0,66.3,2.1,,,,
117.915,9,Atta_9,3258.8,2068.6,340.9,-10.7,0.3,,,,
117.915,10,Atta_10,2803.1,1756.2,151.3,65.2,0.3,,,,
117.982,1,Atta_1,2756.8,1525.7,80.9,-23.5,0.0,,,,
117.982,2,Atta_2,3199.1,741.5,73.8,-119.9,0.7,,,,
117.982,3,Atta_3,3535.4,786.9,148.1,15.6,-3.7,,,,
117.982,4,Atta_4,2936.4,698.5,289.0,48.3,0.7,,,,
117.982,5,Atta_5,2764.7,1179.7,356.6,-89.9,-0.1,,,,
117.982,6,Atta_6,2807.7,925.5,25.8,-69.3,-6.0,,,,
117.982,7,Atta_7,2943.1,1946.1,320.5,-15.2,3.6,,,,
117.982,8,Atta_8,3450.9,2084.3,304.2,-14.1,-1.8,,,,
117.982,9,Atta_9,3305.0,2047.1,343.0,51.0,2.1,,,,
117.982,10,Atta_10,2742.0,1761.1,152.8,61.3,1.5,,,,
118.05,1,Atta_1,2750.6,1542.4,80.4,17.8,-0.5,,,,
118.05,2,Atta_2,3332.5,701.1,73.6,-139.4,-0.2,,,,
118.05,3,Atta_3,3487.3,763.6,149.9,53.4,1.8,,,,
118.05,4,Atta_4,2911.6,761.4,287.9,-67.6,-1.1,,,,
118.05,5,Atta_5,2771.8,1211.1,354.9,32.2,-1.7,,,,
118.05,6,Atta_6,2779.1,988.8,26.7,69.5,0.9,,,,
118.05,7,Atta_7,2966.2,1991.7,322.6,-51.1,2.1,,,,
118.05,8,Atta_8,3552.3,2097.2,302.5,102.2,-1.7,,,,
118.05,9,Atta_9,3313.2,2099.9,341.8,-53.4,-1.2,,,,
118.05,10,Atta_10,2827.2,1772.5,147.1,-86.0,-5.7,,,,
118.101,1,Atta_1,2721.1,1507.1,84.7,-46.0,4.3,,,,
118.101,2,Atta_2,3306.5,801.3,73.3,103.5,-0.3,,,,
118.101,3,Atta_3,3566.4,717.3,152.0,-91.7,2.1,,,,
118.101,4,Atta_4,2944.1,661.8,288.4,104.8,0.5,,,,
118.101,5,Atta_5,2782.6,1203.9,357.1,13.0,2.2,,,,
118.101,6,Atta_6,2774.2,1025.7,27.9,37.2,1.2,,,,
118.101,7,Atta_7,2968.3,1968.4,321.7,23.4,-0.9,,,,
118.101,8,Atta_8,3476.9,2043.6,304.8,92.5,2.3,,,,
118.101,9,Atta_9,3274.1,2088.4,342.6,-40.8,0.8,,,,
118.101,10,Atta_10,2754.1,1727.9,149.1,85.6,2.0,,,,
118.17,1,Atta_1,2754.6,1478.7,82.8,-43.9,-1.9,,,,
118.17,2,Atta_2,3268.6,737.2,73.5,-74.5,0.2,,,,
118.17,3,Atta_3,3501.7,754.1,148.9,74.4,-3.1,,,,
118.17,4,Atta_4,2946.6,708.8,285.8,-47.1,-2.6,,,,
118.17,5,Atta_5,2787.7,1251.0,354.4,47.4,-2.7,,,,
118.17,6,Atta_6,2823.1,981.8,24.7,65.7,-3.2,,,,
118.17,7,Atta_7,2920.7,1973.7,321.8,-47.9,0.1,,,,
118.17,8,Atta_8,3524.4,2105.6,305.3,-78.1,0.5,,,,
118.17,9,Atta_9,3297.7,2114.2,338.3,35.0,-4.3,,,,
118.17,10,Atta_10,2814.0,1745.2,148.7,-62.3,-0.4,,,,
118.309,1,Atta_1,2712.5,1537.7,86.9,72.5,4.1,,,,
118.309,2,Atta_2,3252.2,810.7,71.6,75.3,-1.9,,,,
118.309,3,Atta_3,3554.6,730.8,148.6,-57.8,-0.3,,,,
118.309,4,Atta_4,2930.2,728.8,288.2,-25.9,2.4,,,,
118.309,5,Atta_5,2810.4,1275.3,354.4,33.3,0.0,,,,
118.309,6,Atta_6,2786.5,1010.1,27.5,-46.3,2.8,,,,
118.309,7,Atta_7,2968.2,1913.6,318.4,76.6,-3.4,,,,
118.309,8,Atta_8,3475.2,2075.5,302.0,-57.7,-3.3,,,,
118.309,9,Atta_9,3247.0,2126.4,339.2,-52.1,0.9,,,,
118.309,10,Atta_10,2778.9,1720.6,150.1,42.9,1.4,,,,
118.379,1,Atta_1,2744.0,1569.1,81.6,44.5,-5.3,,,,
118.379,2,Atta_2,3263.9,771.7,72.5,-40.7,0.9,,,,
118.379,3,Atta_3,3572.5,757.4,150.0,-32.1,1.4,,,,
118.379,4,Atta_4,3022.5,727.6,284.7,92.3,-3.5,,,,
118.379,5,Atta_5,2759.1,1276.1,356.3,-51.3,1.9,,,,
118.379,6,Atta_6,2790.9,950.2,25.2,-60.1,-2.3,,,,
118.379,7,Atta_7,2971.3,1953.8,319.2,-40.3,0.8,,,,
118.379,8,Atta_8,3482.1,2063.9,305.2,13.5,3.2,,,,
118.379,9,Atta_9,3285.8,2103.4,341.3,45.1,2.1,,,,
118.379,10,Atta_10,2761.5,1772.9,148.3,55.1,-1.8,,,,
118.434,1,Atta_1,2786.8,1510.8,83.8,-72.3,2.2,,,,
118.434,2,Atta_2,3271.6,736.7,73.0,-35.8,0.5,,,,
118.434,3,Atta_3,3541.8,776.5,148.4,36.2,-1.6,,,,
118.434,4,Atta_4,2997.3,620.2,282.9,110.3,-1.8,,,,
118.434,5,Atta_5,2725.3,1216.4,357.1,-68.6,0.8,,,,
118.434,6,Atta_6,2840.6,923.1,28.2,56.6,3.0,,,,
118.434,7,Atta_7,2977.9,1933.2,315.9,21.6,-3.3,,,,
118.434,8,Atta_8,3469.7,2057.4,298.6,-14.0,-6.6,,,,
118.434,9,Atta_9,3263.3,2114.1,337.9,-24.9,-3.4,,,,
118.434,10,Atta_10,2822.9,1741.8,151.7,-68.8,3.4,,,,
118.5,1,Atta_1,2756.3,1536.2,82.4,39.7,-1.4,,,,
118.5,2,Atta_2,3318.0,719.9,73.5,-49.3,0.5,,,,
118.5,3,Atta_3,3494.9,743.9,151.3,57.1,2.9,,,,
118.5,4,Atta_4,2881.7,654.8,285.9,-120.7,3.0,,,,
118.5,5,Atta_5,2831.9,1239.5,356.5,109.1,-0.6,,,,
118.5,6,Atta_6,2807.4,968.2,25.3,-56.0,-2.9,,,,
118.5,7,Atta_7,2975.2,1997.4,318.0,-64.3,2.1,,,,
118.5,8,Atta_8,3482.0,2023.5,300.7,36.1,2.1,,,,
118.5,9,Atta_9,3265.6,2042.3,342.9,71.8,5.0,,,,
118.5,10,Atta_10,2767.2,1749.8,147.1,56.3,-4.6,,,,
118.566,1,Atta_1,2745.1,1509.2,82.8,-29.2,0.4,,,,
118.566,2,Atta_2,3235.1,750.2,73.8,88.3,0.3,,,,
118.566,3,Atta_3,3458.6,693.6,152.6,62.0,1.3,,,,
118.566,4,Atta_4,2940.3,647.6,287.1,59.0,1.2,,,,
118.566,5,Atta_5,2721.3,1291.7,355.7,-122.3,-0.8,,,,
118.566,6,Atta_6,2831.9,999.4,26.9,39.7,1.6,,,,
118.566,7,Atta_7,3020.9,1948.8,322.3,66.7,4.3,,,,
118.566,8,Atta_8,3432.3,2057.8,305.2,-60.4,4.5,,,,
118.566,9,Atta_9,3278.0,2053.9,337.9,17.0,-5.0,,,,
118.566,10,Atta_10,2797.8,1769.3,151.7,-36.3,4.6,,,,
118.635,1,Atta_1,2801.2,1512.7,78.3,56.2,-4.5,,,,
118.635,2,Atta_2,3300.3,719.3,74.4,-72.2,0.6,,,,
118.635,3,Atta_3,3516.1,719.2,147.3,-62.9,-5.3,,,,
118.635,4,Atta_4,2962.1,652.4,280.6,22.3,-6.5,,,,
118.635,5,Atta_5,2760.0,1175.1,355.1,122.9,-0.6,,,,
118.635,6,Atta_6,2787.4,963.5,25.5,-57.2,-1.4,,,,
118.635,7,Atta_7,2986.6,1956.9,318.7,-35.2,-3.6,,,,
118.635,8,Atta_8,3476.9,2068.9,302.8,46.0,-2.4,,,,
118.635,9,Atta_9,3233.9,2147.6,338.5,-103.6,0.6,,,,
118.635,10,Atta_10,2775.4,1731.7,150.1,43.8,-1.6,,,,
118.703,1,Atta_1,2746.6,1535.0,86.3,59.0,8.0,,,,
118.703,2,Atta_2,3251.8,757.3,71.3,61.6,-3.1,,,,
118.703,3,Atta_3,3484.0,745.8,148.3,41.7,1.0,,,,
118.703,4,Atta_4,3032.2,687.9,278.3,-78.6,-2.3,,,,
118.703,5,Atta_5,2780.9,1256.2,355.8,83.7,0.7,,,,
118.703,6,Atta_6,2853.1,981.9,28.0,68.2,2.5,,,,
118.703,7,Atta_7,2913.3,1940.0,322.0,-75.2,3.3,,,,
118.703,8,Atta_8,3463.0,2116.2,301.0,-49.3,-1.8,,,,
118.703,9,Atta_9,3263.4,2099.8,338.5,56.2,0.0,,,,
118.703,10,Atta_10,2787.2,1740.7,150.1,-14.8,0.0,,,,
118.759,1,Atta_1,2772.9,1501.0,80.4,-43.0,-5.9,,,,
118.759,2,Atta_2,3283.6,695.9,73.1,-69.1,1.8,,,,
118.759,3,Atta_3,3486.7,733.2,148.4,-12.9,0.1,,,,
118.759,4,Atta_4,2890.3,625.7,276.3,154.9,-2.0,,,,
118.759,5,Atta_5,2788.4,1212.8,352.4,44.0,-3.4,,,,
118.759,6,Atta_6,2782.2,974.8,26.1,-71.3,-1.9,,,,
118.759,7,Atta_7,2991.0,1932.1,320.8,78.1,-1.2,,,,
118.759,8,Atta_8,3513.6,2009.7,304.7,117.9,3.7,,,,
118.759,9,Atta_9,3286.8,2076.2,337.9,33.2,-0.6,,,,
118.759,10,Atta_10,2819.0,1738.3,150.0,-31.9,-0.1,,,,
118.829,1,Atta_1,2747.0,1555.9,79.9,60.7,-0.5,,,,
118.829,2,Atta_2,3263.8,761.6,72.3,68.6,-0.8,,,,
118.829,3,Atta_3,3464.5,760.1,150.9,34.9,2.5,,,,
118.829,4,Atta_4,2926.8,613.1,269.4,38.6,-6.9,,,,
118.829,5,Atta_5,2784.4,1293.2,357.3,-80.5,4.9,,,,
118.829,6,Atta_6,2750.9,1018.5,24.9,-53.8,-1.2,,,,
118.829,7,Atta_7,2956.2,1944.9,319.5,-37.1,-1.3,,,,
118.829,8,Atta_8,3472.7,2080.2,301.4,-81.5,-3.3,,,,
118.829,9,Atta_9,3234.7,2080.4,340.5,-52.3,2.6,,,,
118.829,10,Atta_10,2820.9,1744.8,151.5,6.8,1.5,,,,
118.897,1,Atta_1,2754.1,1560.1,85.3,8.2,5.4,,,,
118.897,2,Atta_2,3285.5,763.7,74.7,21.8,2.4,,,,
118.897,3,Atta_3,3505.2,778.6,150.0,-44.7,-0.9,,,,
118.897,4,Atta_4,2966.9,650.7,262.7,-55.0,-6.7,,,,
118.897,5,Atta_5,2786.8,1237.9,358.5,55.4,1.2,,,,
118.897,6,Atta_6,2864.1,921.3,24.9,149.2,0.0,,,,
118.897,7,Atta_7,2925.5,1944.3,320.9,-30.7,1.4,,,,
118.897,8,Atta_8,3473.5,2096.2,301.3,-16.0,-0.1,,,,
118.897,9,Atta_9,3249.4,2089.9,344.1,17.5,3.6,,,,
118.897,10,Atta_10,2814.5,1755.1,150.5,12.1,-1.0,,,,
118.959,1,Atta_1,2728.8,1507.8,83.4,-58.1,-1.9,,,,
118.959,2,Atta_2,3288.1,772.9,71.6,9.6,-3.1,,,,
118.959,3,Atta_3,3553.6,692.7,148.8,-98.6,-1.2,,,,
118.959,4,Atta_4,2879.0,675.6,259.4,-91.4,-3.3,,,,
118.959,5,Atta_5,2747.6,1236.2,359.1,-39.2,0.6,,,,
118.959,6,Atta_6,2861.8,1004.0,24.5,82.7,-0.4,,,,
118.959,7,Atta_7,2992.1,1981.7,321.2,76.4,0.3,,,,
118.959,8,Atta_8,3450.3,2064.4,304.9,39.4,3.6,,,,
118.959,9,Atta_9,3310.3,2064.0,339.7,66.2,-4.4,,,,
118.959,10,Atta_10,2838.0,1749.2,148.0,-24.2,-2.5,,,,
119.03,1,Atta_1,2694.3,1562.9,83.7,65.0,0.3,,,,
119.03,2,Atta_2,3236.5,736.1,75.2,-63.4,3.6,,,,
119.03,3,Atta_3,3547.4,743.4,147.6,51.1,-1.2,,,,
119.03,4,Atta_4,2945.5,706.0,251.8,-73.1,-7.6,,,,
119.03,5,Atta_5,2783.5,1260.3,354.7,43.2,-4.4,,,,
119.03,6,Atta_6,2856.0,1024.5,29.5,21.3,5.0,,,,
119.03,7,Atta_7,2916.9,1970.4,317.8,-76.0,-3.4,,,,
119.03,8,Atta_8,3447.0,2045.8,303.7,18.9,-1.2,,,,
119.03,9,Atta_9,3264.2,2117.7,340.7,-70.8,1.0,,,,
119.03,10,Atta_10,2822.5,1716.1,148.6,-36.5,0.6,,,,
119.099,1,Atta_1,2746.7,1556.6,80.9,-52.8,-2.8,,,,
119.099,2,Atta_2,3266.4,746.4,75.0,31.6,-0.2,,,,
119.099,3,Atta_3,3496.6,790.5,148.5,69.3,0.9,,,,
119.099,4,Atta_4,2942.2,668.6,250.4,37.5,-1.4,,,,
119.099,5,Atta_5,2868.7,1296.9,358.5,92.7,3.8,,,,
119.099,6,Atta_6,2762.8,979.7,24.7,-103.4,-4.8,,,,
119.099,7,Atta_7,2994.5,2007.7,321.7,86.1,3.9,,,,
119.099,8,Atta_8,3528.3,2022.9,302.4,84.5,-1.3,,,,
119.099,9,Atta_9,3268.4,2078.3,337.7,39.6,-3.0,,,,
119.099,10,Atta_10,2776.4,1673.9,153.7,62.5,5.1,,,,
