time,idrobot,robot,x,y,angle,linearDisplacement,angularDisplacement,ekf_x,ekf_y,ekf_angle,ekf_age_ms
0,1,Atta_1,177.6,249.2,2.0,0,0,,,,
0,2,Atta_2,153.5,498.8,359.6,0,0,,,,
0,3,Atta_3,177.5,799.2,356.8,0,0,,,,
0,4,Atta_4,179.4,1062.1,357.5,0,0,,,,
0,5,Atta_5,163.4,1345.1,0.4,0,0,,,,
0,6,Atta_6,254.3,1507.4,356.8,0,0,,,,
0,7,Atta_7,116.8,1769.1,359.5,0,0,,,,
0,8,Atta_8,158.2,2051.8,357.9,0,0,,,,
0,9,Atta_9,195.7,2251.6,357.8,0,0,,,,
0,10,Atta_10,159.4,2544.4,358.7,0,0,,,,
-0.267,1,Atta_1,204.1,276.8,359.0,38.3,-3.0,,,,
-0.267,2,Atta_2,173.5,494.0,358.6,20.6,-1.0,,,,
-0.267,3,Atta_3,250.5,758.8,358.6,83.4,1.8,,,,
-0.267,4,Atta_4,234.1,1072.6,3.8,55.7,6.3,,,,
-0.267,5,Atta_5,182.3,1234.9,356.8,111.8,-3.6,,,,
-0.267,6,Atta_6,163.1,1554.8,0.6,-102.8,3.8,,,,
-0.267,7,Atta_7,193.2,1803.2,356.0,83.7,-3.5,,,,
-0.267,8,Atta_8,217.9,2037.7,0.2,61.3,2.3,,,,
-0.267,9,Atta_9,202.4,2258.3,3.5,9.5,5.7,,,,
-0.267,10,Atta_10,252.4,2554.3,0.3,93.5,1.6,,,,
0.04,1,Atta_1,224.8,259.2,338.2,27.2,-20.8,,,,
0.04,2,Atta_2,179.7,561.0,340.0,67.3,-18.6,,,,
0.04,3,Atta_3,207.1,770.2,341.4,-44.9,-17.2,,,,
0.04,4,Atta_4,238.8,997.2,342.4,-75.5,-21.4,,,,
0.04,5,Atta_5,194.4,1261.9,343.2,29.6,-13.6,,,,
0.04,6,Atta_6,246.0,1521.6,343.4,89.3,-17.2,,,,
0.04,7,Atta_7,176.6,1782.4,340.5,-26.6,-15.5,,,,
0.04,8,Atta_8,173.1,1983.9,347.4,-70.0,-12.8,,,,
0.04,9,Atta_9,237.2,2320.2,343.3,71.0,-20.2,,,,
0.04,10,Atta_10,136.4,2511.1,342.0,-123.8,-18.3,,,,
0.099,1,Atta_1,178.2,297.4,336.8,-60.3,-1.4,,,,
0.099,2,Atta_2,180.8,538.3,338.1,22.7,-1.9,,,,
0.099,3,Atta_3,207.6,768.9,334.7,1.4,-6.7,,,,
0.099,4,Atta_4,204.5,1011.8,337.7,-37.3,-4.7,,,,
0.099,5,Atta_5,214.7,1243.4,333.6,27.5,-9.6,,,,
0.099,6,Atta_6,225.3,1578.9,338.3,-60.9,-5.1,,,,
0.099,7,Atta_7,221.6,1773.1,336.0,46.0,-4.5,,,,
0.099,8,Atta_8,200.9,2040.0,338.7,62.6,-8.7,,,,
0.099,9,Atta_9,200.0,2288.0,340.0,-49.2,-3.3,,,,
0.099,10,Atta_10,202.8,2507.6,340.7,66.5,-1.3,,,,
0.165,1,Atta_1,202.7,295.0,329.8,24.6,-7.0,,,,
0.165,2,Atta_2,196.5,544.7,328.3,17.0,-9.8,,,,
0.165,3,Atta_3,213.7,791.6,331.9,-23.5,-2.8,,,,
0.165,4,Atta_4,167.0,1053.9,330.9,-56.4,-6.8,,,,
0.165,5,Atta_5,213.2,1275.3,332.2,-31.9,-1.4,,,,
0.165,6,Atta_6,185.3,1541.4,332.8,-54.8,-5.5,,,,
0.165,7,Atta_7,235.3,1784.5,332.6,17.8,-3.4,,,,
0.165,8,Atta_8,194.1,1990.4,331.6,50.1,-7.1,,,,
0.165,9,Atta_9,162.6,2290.7,337.4,-37.5,-2.6,,,,
0.165,10,Atta_10,198.0,2544.8,334.7,-37.5,-6.0,,,,
0.215,1,Atta_1,164.7,264.4,328.1,-48.8,-1.7,,,,
0.215,2,Atta_2,211.4,554.7,327.3,17.9,-1.0,,,,
0.215,3,Atta_3,206.0,831.6,324.9,-40.7,-7.0,,,,
0.215,4,Atta_4,242.4,1050.0,328.4,75.5,-2.5,,,,
0.215,5,Atta_5,182.2,1246.3,326.5,-42.4,-5.7,,,,
0.215,6,Atta_6,209.4,1503.9,329.8,44.6,-3.0,,,,
0.215,7,Atta_7,152.6,1766.9,324.3,-84.6,-8.3,,,,
0.215,8,Atta_8,226.0,2054.3,332.5,-71.4,0.9,,,,
0.215,9,Atta_9,202.8,2205.8,330.9,93.9,-6.5,,,,
0.215,10,Atta_10,241.9,2476.5,330.4,81.2,-4.3,,,,
0.286,1,Atta_1,159.0,258.4,324.7,-8.3,-3.4,,,,
0.286,2,Atta_2,250.8,485.3,321.3,79.8,-6.0,,,,
0.286,3,Atta_3,220.8,731.7,320.7,101.0,-4.2,,,,
0.286,4,Atta_4,220.8,1046.8,323.1,-21.8,-5.3,,,,
0.286,5,Atta_5,186.0,1300.1,322.3,-53.9,-4.2,,,,
0.286,6,Atta_6,161.5,1515.9,325.0,-49.4,-4.8,,,,
0.286,7,Atta_7,202.2,1761.5,325.5,49.9,1.2,,,,
0.286,8,Atta_8,246.2,1988.3,324.8,69.0,-7.7,,,,
0.286,9,Atta_9,181.4,2246.3,326.2,-45.8,-4.7,,,,
0.286,10,Atta_10,204.3,2538.8,324.0,-72.8,-6.4,,,,
0.355,1,Atta_1,208.4,303.1,317.9,66.6,-6.8,,,,
0.355,2,Atta_2,186.3,541.4,317.5,-85.5,-3.8,,,,
0.355,3,Atta_3,194.9,764.9,320.7,-42.1,0.0,,,,
0.355,4,Atta_4,186.9,1074.8,319.7,-44.0,-3.4,,,,
0.355,5,Atta_5,174.8,1227.9,317.3,73.1,-5.0,,,,
0.355,6,Atta_6,188.2,1478.0,316.7,46.4,-8.3,,,,
0.355,7,Atta_7,237.4,1823.9,320.6,-71.6,-4.9,,,,
0.355,8,Atta_8,247.1,2054.8,322.9,-66.5,-1.9,,,,
0.355,9,Atta_9,244.9,2303.5,315.9,85.5,-10.3,,,,
0.355,10,Atta_10,237.2,2513.9,320.9,41.3,-3.1,,,,
0.425,1,Atta_1,158.1,243.2,316.3,78.2,-1.6,,,,
0.425,2,Atta_2,246.4,492.0,313.1,77.8,-4.4,,,,
0.425,3,Atta_3,246.6,811.8,314.8,69.8,-5.9,,,,
0.425,4,Atta_4,191.0,1054.1,316.6,21.1,-3.1,,,,
0.425,5,Atta_5,271.6,1258.1,315.2,101.4,-2.1,,,,
0.425,6,Atta_6,181.9,1507.1,313.1,-29.8,-3.6,,,,
0.425,7,Atta_7,204.5,1779.3,312.4,55.4,-8.2,,,,
0.425,8,Atta_8,183.9,1979.1,316.4,-98.6,-6.5,,,,
0.425,9,Atta_9,182.3,2222.0,317.6,102.8,1.7,,,,
0.425,10,Atta_10,229.1,2459.3,318.6,55.2,-2.3,,,,
0.491,1,Atta_1,191.5,286.2,310.4,-54.4,-5.9,,,,
0.491,2,Atta_2,176.4,571.8,306.4,-106.2,-6.7,,,,
0.491,3,Atta_3,159.9,774.1,310.8,-94.5,-4.0,,,,
0.491,4,Atta_4,184.4,998.7,308.0,55.8,-8.6,,,,
0.491,5,Atta_5,240.8,1228.2,310.1,-42.9,-5.1,,,,
0.491,6,Atta_6,200.9,1530.5,307.4,-30.1,-5.7,,,,
0.491,7,Atta_7,151.1,1788.1,309.4,-54.1,-3.0,,,,
0.491,8,Atta_8,244.6,2018.2,312.1,72.2,-4.3,,,,
0.491,9,Atta_9,221.6,2312.5,312.6,-98.7,-5.0,,,,
0.491,10,Atta_10,217.3,2614.5,316.8,-155.6,-1.8,,,,
0.56,1,Atta_1,192.3,284.8,304.3,1.6,-6.1,,,,
0.56,2,Atta_2,166.7,543.5,308.2,29.9,1.8,,,,
0.56,3,Atta_3,189.6,785.0,305.6,31.6,-5.2,,,,
0.56,4,Atta_4,234.0,978.2,305.4,53.7,-2.6,,,,
0.56,5,Atta_5,226.3,1254.3,307.4,-29.9,-2.7,,,,
0.56,7,Atta_7,203.4,1785.0,305.6,52.4,-3.8,,,,
0.56,8,Atta_8,220.4,2053.6,307.7,-42.9,-4.4,,,,
0.56,9,Atta_9,207.8,2257.8,308.3,56.4,-4.3,,,,
0.56,10,Atta_10,198.2,2532.8,310.7,83.9,-6.1,,,,
0.626,1,Atta_1,140.6,260.6,303.5,-57.1,-0.8,,,,
0.626,2,Atta_2,223.2,553.1,297.8,57.3,-10.4,,,,
0.626,3,Atta_3,235.8,798.9,302.0,48.2,-3.6,,,,
0.626,4,Atta_4,229.7,1013.6,299.1,-35.7,-6.3,,,,
0.626,5,Atta_5,203.4,1261.3,295.1,-23.9,-12.3,,,,
0.626,6,Atta_6,172.0,1513.6,300.3,-33.5,-7.1,,,,
0.626,7,Atta_7,176.1,1759.4,300.5,37.4,-5.1,,,,
0.626,8,Atta_8,179.6,2008.4,304.4,60.9,-3.3,,,,
0.626,9,Atta_9,174.3,2247.3,304.3,-35.1,-4.0,,,,
0.626,10,Atta_10,231.1,2515.3,302.0,37.3,-8.7,,,,
0.692,1,Atta_1,192.9,255.7,294.4,52.5,-9.1,,,,
0.692,2,Atta_2,199.7,529.5,293.9,33.3,-3.9,,,,
0.692,3,Atta_3,221.0,771.0,294.0,31.6,-8.0,,,,
0.692,4,Atta_4,265.4,1022.9,290.9,36.9,-8.2,,,,
0.692,5,Atta_5,217.4,1284.8,295.8,-27.4,0.7,,,,
0.692,6,Atta_6,201.5,1556.1,296.6,-51.7,-3.7,,,,
0.692,7,Atta_7,159.9,1808.5,295.0,-51.7,-5.5,,,,
0.692,8,Atta_8,181.5,2002.0,296.9,6.7,-7.5,,,,
0.692,9,Atta_9,235.3,2318.1,297.7,-93.5,-6.6,,,,
0.692,10,Atta_10,216.7,2519.2,300.2,-14.9,-1.8,,,,
0.758,1,Atta_1,165.8,299.1,290.1,-51.2,-4.3,,,,
0.758,2,Atta_2,173.1,558.7,293.7,-39.5,-0.2,,,,
0.758,3,Atta_3,175.3,744.1,288.4,53.0,-5.6,,,,
0.758,4,Atta_4,250.0,1050.2,290.7,-31.3,-0.2,,,,
0.758,5,Atta_5,242.0,1296.9,289.9,-27.4,-5.9,,,,
0.758,6,Atta_6,204.8,1507.0,292.6,49.2,-4.0,,,,
0.758,7,Atta_7,180.4,1793.9,288.8,25.2,-6.2,,,,
0.758,8,Atta_8,242.1,2015.3,294.8,62.0,-2.1,,,,
0.758,9,Atta_9,189.7,2328.5,297.0,-46.8,-0.7,,,,
0.758,10,Atta_10,176.7,2550.3,297.2,-50.7,-3.0,,,,
0.829,1,Atta_1,169.1,248.8,284.9,50.4,-5.2,,,,
0.829,2,Atta_2,179.0,532.6,289.0,26.8,-4.7,,,,
0.829,3,Atta_3,198.3,736.2,286.2,24.3,-2.2,,,,
0.829,4,Atta_4,238.0,1021.7,286.1,30.9,-4.6,,,,
0.829,5,Atta_5,156.6,1253.2,285.3,95.9,-4.6,,,,
0.829,6,Atta_6,257.6,1537.9,286.5,-61.2,-6.1,,,,
0.829,7,Atta_7,212.1,1777.8,284.6,35.6,-4.2,,,,
0.829,8,Atta_8,210.0,2020.7,290.7,-32.6,-4.1,,,,
0.829,9,Atta_9,168.2,2251.7,289.8,79.8,-7.2,,,,
0.829,10,Atta_10,196.7,2477.2,291.7,75.8,-5.5,,,,
0.891,1,Atta_1,186.6,247.9,285.2,17.5,0.3,,,,
0.891,2,Atta_2,170.7,557.0,283.3,-25.8,-5.7,,,,
0.891,3,Atta_3,215.4,854.8,280.6,-119.8,-5.6,,,,
0.891,4,Atta_4,175.5,1001.4,283.5,65.7,-2.6,,,,
0.891,5,Atta_5,180.0,1299.4,278.8,-51.8,-6.5,,,,
0.891,6,Atta_6,164.6,1519.6,281.5,-94.8,-5.0,,,,
0.891,7,Atta_7,138.4,1736.7,280.4,84.4,-4.2,,,,
0.891,8,Atta_8,225.2,2009.2,287.5,19.1,-3.2,,,,
0.891,9,Atta_9,189.1,2285.0,283.9,-39.3,-5.9,,,,
0.891,10,Atta_10,174.7,2486.9,284.8,-24.0,-6.9,,,,
0.961,1,Atta_1,259.9,345.2,280.4,-121.8,-4.8,,,,
0.961,2,Atta_2,213.5,486.7,276.0,82.3,-7.3,,,,
0.961,3,Atta_3,207.9,811.7,275.2,43.7,-5.4,,,,
0.961,4,Atta_4,175.8,989.7,277.0,11.7,-6.5,,,,
0.961,5,Atta_5,209.0,1264.1,276.8,45.7,-2.0,,,,
0.961,6,Atta_6,183.7,1497.4,277.2,29.3,-4.3,,,,
0.961,7,Atta_7,221.4,1779.0,280.3,-93.2,-0.1,,,,
0.961,8,Atta_8,222.4,2037.5,281.4,-28.4,-6.1,,,,
0.961,9,Atta_9,243.8,2276.5,283.1,55.4,-0.8,,,,
0.961,10,Atta_10,231.7,2528.3,277.7,-70.4,-7.1,,,,
1.027,1,Atta_1,226.4,263.2,272.1,88.6,-8.3,,,,
1.027,2,Atta_2,234.4,494.2,275.1,-22.2,-0.9,,,,
1.027,3,Atta_3,219.4,738.1,268.4,74.5,-6.8,,,,
1.027,4,Atta_4,230.5,1007.4,275.2,-57.5,-1.8,,,,
1.027,5,Atta_5,154.4,1328.0,274.7,-84.0,-2.1,,,,
1.027,6,Atta_6,208.3,1540.4,275.7,-49.5,-1.5,,,,
1.027,7,Atta_7,185.6,1812.4,277.8,-49.0,-2.5,,,,
1.027,8,Atta_8,191.3,2040.0,278.2,-31.2,-3.2,,,,
1.027,9,Atta_9,193.7,2291.5,280.6,-52.3,-2.5,,,,
1.027,10,Atta_10,114.7,2529.1,278.4,-117.0,0.7,,,,
1.095,1,Atta_1,243.8,271.8,270.6,-19.4,-1.5,,,,
1.095,2,Atta_2,182.5,550.2,272.7,-76.4,-2.4,,,,
1.095,3,Atta_3,189.8,792.4,271.8,-61.8,3.4,,,,
1.095,4,Atta_4,180.2,977.6,271.6,58.5,-3.6,,,,
1.095,5,Atta_5,197.1,1307.6,272.9,47.3,-1.8,,,,
1.095,6,Atta_6,186.5,1531.7,270.6,23.5,-5.1,,,,
1.095,7,Atta_7,245.1,1787.1,272.3,64.7,-5.5,,,,
1.095,8,Atta_8,235.0,2036.0,272.5,43.9,-5.7,,,,
1.095,9,Atta_9,205.9,2287.8,271.0,12.7,-9.6,,,,
1.095,10,Atta_10,213.3,2471.5,278.2,114.2,-0.2,,,,
1.163,1,Atta_1,180.4,263.8,272.3,63.9,1.7,,,,
1.163,2,Atta_2,187.3,555.7,273.2,-7.3,0.5,,,,
1.163,3,Atta_3,164.2,721.6,270.1,75.3,-1.7,,,,
1.163,4,Atta_4,186.2,1009.4,274.0,-32.4,2.4,,,,
1.163,5,Atta_5,187.1,1309.4,273.9,-10.2,1.0,,,,
1.163,6,Atta_6,167.2,1542.8,273.4,-22.3,2.8,,,,
1.163,7,Atta_7,209.8,1792.1,273.4,-35.7,1.1,,,,
1.163,8,Atta_8,148.1,1995.7,267.9,95.8,-4.6,,,,
1.163,9,Atta_9,237.0,2317.2,270.7,-42.8,-0.3,,,,
1.163,10,Atta_10,182.2,2507.9,270.9,-47.9,-7.3,,,,
1.285,1,Atta_1,215.1,317.3,269.9,-63.8,-2.4,,,,
1.285,2,Atta_2,147.5,582.5,271.0,-48.0,-2.2,,,,
1.285,3,Atta_3,177.8,784.7,269.9,-64.5,-0.2,,,,
1.285,4,Atta_4,170.6,1044.3,273.8,-38.2,-0.2,,,,
1.285,5,Atta_5,153.7,1252.2,275.3,66.2,1.4,,,,
1.285,6,Atta_6,175.2,1525.8,270.6,18.8,-2.8,,,,
1.285,7,Atta_7,168.5,1729.6,272.1,74.9,-1.3,,,,
1.285,8,Atta_8,205.3,1998.8,271.4,-57.3,3.5,,,,
1.285,9,Atta_9,238.8,2263.9,270.8,53.3,0.1,,,,
1.285,10,Atta_10,166.8,2522.2,272.6,-21.0,1.7,,,,
1.351,1,Atta_1,160.6,245.7,272.9,90.0,3.0,,,,
1.351,2,Atta_2,165.4,537.5,271.0,48.4,0.0,,,,
1.351,3,Atta_3,230.4,756.4,274.0,59.7,4.1,,,,
1.351,4,Atta_4,206.7,1039.9,268.4,36.4,-5.4,,,,
1.351,5,Atta_5,260.0,1276.9,272.2,-109.1,-3.1,,,,
1.351,6,Atta_6,235.5,1525.9,273.3,60.3,2.7,,,,
1.351,7,Atta_7,209.5,1770.6,271.7,-58.0,-0.4,,,,
1.351,8,Atta_8,200.1,2043.9,272.6,-45.4,1.2,,,,
1.351,9,Atta_9,227.0,2281.0,274.9,-20.8,4.1,,,,
1.351,10,Atta_10,223.0,2541.8,272.9,-59.5,0.3,,,,
1.42,1,Atta_1,190.5,276.7,275.7,-43.1,2.8,,,,
1.42,2,Atta_2,239.6,555.4,271.9,-76.3,0.9,,,,
1.42,3,Atta_3,243.9,730.5,271.9,29.2,-2.1,,,,
1.42,4,Atta_4,148.9,1014.6,274.0,63.1,5.6,,,,
1.42,5,Atta_5,186.8,1277.8,269.5,-73.2,-2.7,,,,
1.42,6,Atta_6,208.6,1558.0,270.3,-41.9,-3.0,,,,
1.42,7,Atta_7,172.6,1780.3,272.5,-38.2,0.8,,,,
1.42,8,Atta_8,206.3,2029.1,270.4,16.0,-2.2,,,,
1.42,9,Atta_9,188.3,2284.9,270.8,-38.9,-4.1,,,,
1.42,10,Atta_10,180.5,2507.7,270.2,54.5,-2.7,,,,
1.553,1,Atta_1,247.7,277.3,271.0,57.2,-4.7,,,,
1.553,2,Atta_2,165.2,520.7,271.9,82.1,0.0,,,,
1.553,3,Atta_3,230.1,761.3,270.7,-33.8,-1.2,,,,
1.553,4,Atta_4,216.2,1031.9,272.7,-69.5,-1.3,,,,
1.553,5,Atta_5,139.6,1208.2,270.8,84.1,1.3,,,,
1.553,6,Atta_6,227.5,1539.6,270.8,26.4,0.5,,,,
1.553,7,Atta_7,125.3,1778.2,270.9,47.3,-1.6,,,,
1.553,8,Atta_8,188.8,2004.1,273.6,30.5,3.2,,,,
1.553,9,Atta_9,201.8,2295.4,269.0,-17.1,-1.8,,,,
1.553,10,Atta_10,191.2,2529.7,270.6,-24.5,0.4,,,,
1.618,1,Atta_1,192.1,317.8,267.8,-68.8,-3.2,,,,
1.618,2,Atta_2,234.5,534.7,271.1,-70.7,-0.8,,,,
1.618,3,Atta_3,201.1,793.2,275.4,-43.1,4.7,,,,
1.618,4,Atta_4,251.2,991.7,274.7,53.3,2.0,,,,
1.618,5,Atta_5,134.7,1295.1,273.6,-87.0,2.8,,,,
1.618,6,Atta_6,187.3,1504.6,273.2,53.3,2.4,,,,
1.618,7,Atta_7,198.1,1811.9,270.6,-80.2,-0.3,,,,
1.618,8,Atta_8,171.0,2077.9,271.6,-75.9,-2.0,,,,
1.618,9,Atta_9,208.8,2326.1,273.4,-31.5,4.4,,,,
1.618,10,Atta_10,168.6,2563.0,271.2,-40.2,0.6,,,,
1.751,1,Atta_1,241.5,283.8,273.1,60.0,5.3,,,,
1.751,2,Atta_2,165.6,512.9,269.3,72.3,-1.8,,,,
1.751,3,Atta_3,174.3,782.0,273.6,29.0,-1.8,,,,
1.751,4,Atta_4,226.8,1024.5,272.7,-40.9,-2.0,,,,
1.751,5,Atta_5,200.6,1206.4,274.2,110.5,0.6,,,,
1.751,6,Atta_6,186.7,1514.0,273.1,-9.4,-0.1,,,,
1.751,7,Atta_7,173.2,1769.1,273.8,49.5,3.2,,,,
1.751,8,Atta_8,180.0,2054.3,273.0,25.3,1.4,,,,
1.751,9,Atta_9,204.8,2305.9,272.7,20.6,-0.7,,,,
1.751,10,Atta_10,205.9,2473.3,272.7,97.1,1.5,,,,
1.818,1,Atta_1,150.3,275.0,273.6,91.6,0.5,,,,
1.818,2,Atta_2,199.4,463.3,273.7,60.0,4.4,,,,
1.818,3,Atta_3,212.4,775.7,272.3,38.6,-1.3,,,,
1.818,4,Atta_4,218.1,1038.2,273.2,-16.2,0.5,,,,
1.818,5,Atta_5,223.1,1310.2,271.1,-106.2,-3.1,,,,
1.818,6,Atta_6,253.6,1507.9,272.7,67.2,-0.4,,,,
1.818,7,Atta_7,122.4,1807.2,274.9,-63.5,1.1,,,,
1.818,8,Atta_8,184.1,2017.1,272.3,37.4,-0.7,,,,
1.818,9,Atta_9,247.6,2295.3,273.8,44.1,1.1,,,,
1.818,10,Atta_10,224.4,2489.8,270.0,-24.8,-2.7,,,,
1.884,1,Atta_1,191.6,264.3,271.9,42.7,-1.7,,,,
1.884,2,Atta_2,201.4,542.8,273.4,-79.5,-0.3,,,,
1.884,3,Atta_3,132.8,764.9,270.2,80.3,-2.1,,,,
1.884,4,Atta_4,203.9,971.2,271.8,68.5,-1.4,,,,
1.884,5,Atta_5,181.2,1246.4,269.8,76.3,-1.3,,,,
1.884,6,Atta_6,211.2,1554.5,273.2,-63.0,0.5,,,,
1.884,7,Atta_7,207.0,1749.8,273.0,102.2,-1.9,,,,
1.884,8,Atta_8,135.4,2030.8,272.3,-50.6,0.0,,,,
1.884,9,Atta_9,257.0,2307.4,268.5,-15.3,-5.3,,,,
1.884,10,Atta_10,201.3,2536.9,269.8,-52.5,-0.2,,,,
1.953,1,Atta_1,130.2,248.2,271.2,63.5,-0.7,,,,
1.953,2,Atta_2,211.8,541.4,271.2,10.5,-2.2,,,,
1.953,3,Atta_3,157.2,783.7,273.8,-30.8,3.6,,,,
1.953,4,Atta_4,168.1,1007.7,273.7,-51.1,1.9,,,,
1.953,5,Atta_5,174.9,1303.5,273.2,-57.4,3.4,,,,
1.953,6,Atta_6,168.6,1557.0,272.3,-42.7,-0.9,,,,
1.953,7,Atta_7,238.8,1773.0,271.4,-39.4,-1.6,,,,
1.953,8,Atta_8,159.1,2054.7,271.9,-33.7,-0.4,,,,
1.953,9,Atta_9,157.6,2281.4,271.2,102.7,2.7,,,,
1.953,10,Atta_10,210.7,2539.0,272.8,-9.6,3.0,,,,
2.02,1,Atta_1,190.4,256.2,271.6,-60.7,0.4,,,,
2.02,2,Atta_2,232.2,481.9,273.9,62.9,2.7,,,,
2.02,3,Atta_3,245.6,777.6,272.5,88.6,-1.3,,,,
2.02,4,Atta_4,234.0,1014.6,269.2,-66.3,-4.5,,,,
2.02,5,Atta_5,203.4,1302.8,271.4,28.5,-1.8,,,,
2.02,6,Atta_6,182.2,1493.7,270.8,64.7,-1.5,,,,
2.02,7,Atta_7,220.9,1779.7,272.9,-19.1,1.5,,,,
2.02,8,Atta_8,184.8,1949.7,271.6,108.1,-0.3,,,,
2.02,9,Atta_9,179.7,2293.2,271.7,-25.1,0.5,,,,
2.02,10,Atta_10,210.1,2557.6,274.3,-18.6,1.5,,,,
2.086,1,Atta_1,180.6,226.6,269.3,31.2,-2.3,,,,
2.086,2,Atta_2,223.4,491.8,275.8,-13.2,1.9,,,,
2.086,3,Atta_3,175.7,786.0,272.5,-70.4,0.0,,,,
2.086,4,Atta_4,213.1,1010.7,269.7,21.3,0.5,,,,
2.086,5,Atta_5,220.5,1321.5,273.7,-25.3,2.3,,,,
2.086,6,Atta_6,214.3,1478.4,271.1,35.6,0.3,,,,
2.086,7,Atta_7,258.7,1757.1,270.9,44.0,-2.0,,,,
2.086,8,Atta_8,150.9,2033.3,269.5,-90.2,-2.1,,,,
2.086,9,Atta_9,237.6,2305.4,268.9,-59.2,-2.8,,,,
2.086,10,Atta_10,212.8,2476.1,270.2,81.5,-4.1,,,,
2.156,1,Atta_1,174.3,304.6,269.3,-78.3,0.0,,,,
2.156,2,Atta_2,149.8,518.8,273.2,-78.4,-2.6,,,,
2.156,3,Atta_3,174.8,758.7,272.0,27.3,-0.5,,,,
2.156,4,Atta_4,164.1,1014.7,272.1,-49.2,2.4,,,,
2.156,5,Atta_5,190.3,1301.8,272.9,36.1,-0.8,,,,
2.156,6,Atta_6,161.6,1525.4,273.2,-70.6,2.1,,,,
2.156,7,Atta_7,262.8,1781.0,274.3,-24.2,3.4,,,,
2.156,8,Atta_8,151.5,1993.2,271.7,40.1,2.2,,,,
2.156,9,Atta_9,223.6,2255.9,269.6,51.4,0.7,,,,
2.156,10,Atta_10,202.9,2567.3,273.5,-91.7,3.3,,,,
2.222,1,Atta_1,218.9,279.9,271.0,51.0,1.7,,,,
2.222,2,Atta_2,167.8,538.8,270.4,-26.9,-2.8,,,,
2.222,3,Atta_3,174.9,800.0,270.6,-41.3,-1.4,,,,
2.222,4,Atta_4,205.4,964.9,270.0,64.7,-2.1,,,,
2.222,5,Atta_5,136.4,1249.6,274.7,75.0,1.8,,,,
2.222,6,Atta_6,209.3,1571.9,272.8,-66.6,-0.4,,,,
2.222,7,Atta_7,193.8,1779.6,270.8,-69.0,-3.5,,,,
2.222,8,Atta_8,203.5,2018.7,269.6,-57.9,-2.1,,,,
2.222,9,Atta_9,210.0,2311.1,268.1,-56.9,-1.5,,,,
2.222,10,Atta_10,182.1,2524.9,270.5,47.2,-3.0,,,,
2.293,1,Atta_1,184.3,342.7,272.4,-71.7,1.4,,,,
2.293,2,Atta_2,188.2,492.9,273.2,50.2,2.8,,,,
2.293,3,Atta_3,169.9,751.0,274.4,49.3,3.8,,,,
2.293,4,Atta_4,170.4,1025.2,275.0,-69.7,5.0,,,,
2.293,5,Atta_5,206.4,1266.0,270.2,-71.9,-4.5,,,,
2.293,6,Atta_6,157.1,1520.6,271.0,73.2,-1.8,,,,
2.293,7,Atta_7,258.4,1755.3,272.6,69.0,1.8,,,,
2.293,8,Atta_8,161.3,2033.5,271.0,-44.7,1.4,,,,
2.293,9,Atta_9,283.6,2299.0,272.9,74.6,4.8,,,,
2.293,10,Atta_10,262.0,2518.3,272.7,80.2,2.2,,,,
2.362,1,Atta_1,243.3,252.1,271.1,108.1,-1.3,,,,
2.362,2,Atta_2,224.9,522.7,273.6,-47.3,0.4,,,,
2.362,3,Atta_3,192.9,784.5,272.6,-40.6,-1.8,,,,
2.362,4,Atta_4,220.6,1018.7,274.2,50.6,-0.8,,,,
2.362,5,Atta_5,150.6,1292.2,273.6,-61.6,3.4,,,,
2.362,6,Atta_6,190.5,1492.1,268.5,43.9,-2.5,,,,
2.362,7,Atta_7,193.6,1795.1,272.6,-76.0,0.0,,,,
2.362,8,Atta_8,180.2,2047.6,273.3,-23.6,2.3,,,,
2.362,9,Atta_9,180.7,2307.1,272.2,-103.2,-0.7,,,,
2.362,10,Atta_10,235.6,2488.9,271.8,39.5,-0.9,,,,
2.412,1,Atta_1,197.4,244.8,272.8,46.5,1.7,,,,
2.412,2,Atta_2,171.3,578.8,275.0,-77.6,1.4,,,,
2.412,3,Atta_3,174.6,837.2,271.0,-55.8,-1.6,,,,
2.412,4,Atta_4,204.5,1018.8,271.6,-16.1,-2.6,,,,
2.412,5,Atta_5,266.9,1252.2,273.7,123.0,0.1,,,,
2.412,6,Atta_6,223.7,1561.9,270.5,-77.3,2.0,,,,
2.412,7,Atta_7,205.5,1764.8,270.1,32.6,-2.5,,,,
2.412,8,Atta_8,236.4,2024.2,268.2,60.9,-5.1,,,,
2.412,9,Atta_9,230.0,2304.2,271.2,49.4,-1.0,,,,
2.412,10,Atta_10,255.5,2520.2,270.5,-37.1,-1.3,,,,
2.484,1,Atta_1,229.0,265.9,272.7,-38.0,-0.1,,,,
2.484,2,Atta_2,212.8,477.9,272.0,109.1,-3.0,,,,
2.484,3,Atta_3,217.1,756.6,273.8,91.1,2.8,,,,
2.484,4,Atta_4,170.2,1006.9,273.1,36.3,1.5,,,,
2.484,5,Atta_5,194.3,1255.6,273.3,-72.7,-0.4,,,,
2.484,6,Atta_6,197.9,1523.7,270.6,46.1,0.1,,,,
2.484,7,Atta_7,129.0,1779.6,272.6,-77.9,2.5,,,,
2.484,8,Atta_8,191.2,2001.2,272.3,50.7,4.1,,,,
2.484,9,Atta_9,176.6,2222.9,269.8,97.3,-1.4,,,,
2.484,10,Atta_10,256.4,2515.1,271.3,5.2,0.8,,,,
2.539,1,Atta_1,240.6,264.8,268.3,11.7,-4.4,,,,
2.539,2,Atta_2,197.1,518.5,274.8,-43.5,2.8,,,,
2.539,3,Atta_3,166.0,776.6,272.1,-54.9,-1.7,,,,
2.539,4,Atta_4,187.6,982.3,273.2,30.1,0.1,,,,
2.539,5,Atta_5,216.8,1268.0,269.8,-25.7,-3.5,,,,
2.539,6,Atta_6,194.5,1516.0,274.8,8.4,4.2,,,,
2.539,7,Atta_7,169.2,1712.0,271.7,78.6,-0.9,,,,
2.539,8,Atta_8,206.8,1978.4,270.8,27.6,-1.5,,,,
2.539,9,Atta_9,198.4,2275.8,271.7,-57.2,1.9,,,,
2.539,10,Atta_10,206.7,2491.2,272.5,55.1,1.2,,,,
2.591,1,Atta_1,204.9,259.7,274.5,36.1,6.2,,,,
2.591,2,Atta_2,251.4,482.0,272.7,65.4,-2.1,,,,
2.591,3,Atta_3,183.7,827.9,273.4,-54.3,1.3,,,,
2.591,4,Atta_4,218.1,999.0,272.0,-34.8,-1.2,,,,
2.591,5,Atta_5,251.2,1237.3,271.6,46.1,1.8,,,,
2.591,6,Atta_6,196.2,1494.1,273.1,22.0,-1.7,,,,
2.591,7,Atta_7,228.1,1781.2,272.0,-90.9,0.3,,,,
2.591,8,Atta_8,181.7,2015.8,268.9,-45.0,-1.9,,,,
2.591,9,Atta_9,197.6,2271.5,270.7,4.4,-1.0,,,,
2.591,10,Atta_10,177.0,2507.9,272.6,-34.1,0.1,,,,
2.662,1,Atta_1,163.1,245.7,271.0,44.1,-3.5,,,,
2.662,2,Atta_2,204.2,478.0,274.3,47.4,1.6,,,,
2.662,3,Atta_3,208.6,769.4,272.9,63.6,-0.5,,,,
2.662,4,Atta_4,233.6,998.0,271.2,15.5,-0.8,,,,
2.662,5,Atta_5,179.3,1291.6,272.9,-90.1,1.3,,,,
2.662,6,Atta_6,223.6,1493.8,271.0,27.4,-2.1,,,,
2.662,7,Atta_7,218.5,1744.7,270.9,37.7,-1.1,,,,
2.662,8,Atta_8,146.4,2021.5,272.6,-35.8,3.7,,,,
2.662,9,Atta_9,199.9,2298.4,270.8,-27.0,0.1,,,,
2.662,10,Atta_10,224.4,2560.8,273.0,-71.0,0.4,,,,
2.731,1,Atta_1,192.7,290.8,270.6,-53.9,-0.4,,,,
2.731,2,Atta_2,207.8,536.8,268.6,-58.9,-5.7,,,,
2.731,3,Atta_3,139.2,744.1,268.4,73.9,-4.5,,,,
2.731,4,Atta_4,177.4,1069.1,272.0,-90.6,0.8,,,,
2.731,5,Atta_5,219.4,1265.1,271.1,48.1,-1.8,,,,
2.731,6,Atta_6,173.3,1530.6,274.4,-62.3,3.4,,,,
2.731,7,Atta_7,187.4,1785.6,273.7,-51.4,2.8,,,,
2.731,8,Atta_8,216.1,2026.3,273.3,-69.9,0.7,,,,
2.731,9,Atta_9,184.5,2288.4,271.3,18.4,0.5,,,,
2.731,10,Atta_10,213.7,2507.1,274.2,54.8,1.2,,,,
2.801,1,Atta_1,224.8,288.4,273.0,32.2,2.4,,,,
2.801,2,Atta_2,180.6,521.0,273.9,31.5,5.3,,,,
2.801,3,Atta_3,167.6,754.9,276.3,-30.4,7.9,,,,
2.801,4,Atta_4,256.5,1029.8,270.7,88.3,-1.3,,,,
2.801,5,Atta_5,246.4,1305.3,275.0,-48.4,3.9,,,,
2.801,6,Atta_6,248.7,1528.6,274.9,75.4,0.5,,,,
2.801,7,Atta_7,219.3,1807.3,272.6,-38.6,-1.1,,,,
2.801,8,Atta_8,185.2,2011.1,272.4,34.4,-0.9,,,,
2.801,9,Atta_9,169.9,2202.9,273.0,86.7,1.7,,,,
2.801,10,Atta_10,231.0,2524.2,275.0,-24.3,0.8,,,,
2.863,1,Atta_1,214.6,303.2,271.4,-18.0,-1.6,,,,
2.863,2,Atta_2,144.4,543.8,274.4,-42.8,0.5,,,,
2.863,3,Atta_3,243.3,740.3,270.6,77.1,-5.7,,,,
2.863,4,Atta_4,213.8,967.1,273.7,75.9,3.0,,,,
2.863,5,Atta_5,157.3,1243.8,275.5,108.3,0.5,,,,
2.863,6,Atta_6,182.2,1515.0,269.7,67.9,-5.2,,,,
2.863,7,Atta_7,167.8,1810.8,276.6,-51.6,4.0,,,,
2.863,8,Atta_8,173.0,2022.0,270.8,-16.4,-1.6,,,,
2.863,9,Atta_9,161.9,2291.1,270.1,-88.6,-2.9,,,,
2.863,10,Atta_10,201.1,2496.0,273.7,41.1,-1.3,,,,
2.93,1,Atta_1,185.4,306.7,275.1,-29.4,3.7,,,,
2.93,2,Atta_2,227.2,531.7,271.9,83.7,-2.5,,,,
2.93,3,Atta_3,237.2,774.4,274.5,-34.6,3.9,,,,
2.93,4,Atta_4,190.8,1037.6,273.1,-74.2,-0.6,,,,
2.93,5,Atta_5,215.6,1266.3,273.5,-62.5,-2.0,,,,
2.93,6,Atta_6,206.7,1570.0,272.7,-60.2,3.0,,,,
2.93,7,Atta_7,202.4,1798.0,274.2,36.9,-2.4,,,,
2.93,8,Atta_8,178.9,2014.5,271.2,9.5,0.4,,,,
2.93,9,Atta_9,165.5,2293.3,274.7,-4.2,4.6,,,,
2.93,10,Atta_10,180.9,2495.7,273.1,-20.2,-0.6,,,,
3.0,1,Atta_1,191.4,262.0,275.0,45.1,-0.1,,,,
3.0,2,Atta_2,202.1,483.6,272.5,54.3,0.6,,,,
3.0,3,Atta_3,207.5,828.9,272.2,-62.1,-2.3,,,,
3.0,4,Atta_4,206.8,1018.3,275.2,25.1,2.1,,,,
3.0,5,Atta_5,143.5,1263.5,271.0,-72.2,-2.5,,,,
3.0,6,Atta_6,207.6,1541.9,270.7,28.1,-2.0,,,,
3.0,7,Atta_7,162.6,1749.0,273.0,63.1,-1.2,,,,
3.0,8,Atta_8,223.5,1988.0,271.3,51.9,0.1,,,,
3.0,9,Atta_9,233.9,2280.0,270.9,69.7,-3.8,,,,
3.0,10,Atta_10,203.5,2530.4,272.6,-41.4,-0.5,,,,
3.056,1,Atta_1,195.7,299.0,272.6,-37.2,-2.4,,,,
3.056,2,Atta_2,170.4,538.1,273.4,-63.0,0.9,,,,
3.056,3,Atta_3,153.4,765.5,273.1,83.3,0.9,,,,
3.056,4,Atta_4,231.7,1093.1,270.6,-78.8,-4.6,,,,
3.056,5,Atta_5,178.9,1261.0,270.5,35.5,-0.5,,,,
3.056,6,Atta_6,205.0,1493.1,273.3,48.9,2.6,,,,
3.056,7,Atta_7,225.1,1813.4,275.0,-89.7,2.0,,,,
3.056,8,Atta_8,178.3,2015.4,272.3,-52.9,1.0,,,,
3.056,9,Atta_9,167.5,2274.3,273.7,66.6,2.8,,,,
3.056,10,Atta_10,247.9,2437.7,272.1,102.8,-0.5,,,,
3.126,1,Atta_1,224.2,298.2,269.6,28.5,-3.0,,,,
3.126,2,Atta_2,263.8,515.8,273.6,96.0,0.2,,,,
3.126,3,Atta_3,195.1,776.0,273.3,-43.0,0.2,,,,
3.126,4,Atta_4,248.6,1082.6,272.5,19.9,1.9,,,,
3.126,5,Atta_5,186.6,1252.3,274.9,11.6,4.4,,,,
3.126,6,Atta_6,156.5,1560.1,273.7,-82.7,0.4,,,,
3.126,7,Atta_7,218.6,1780.6,269.6,33.4,-5.4,,,,
3.126,8,Atta_8,208.4,2036.8,271.2,-36.9,-1.1,,,,
3.126,9,Atta_9,263.7,2326.2,269.0,-109.3,-4.7,,,,
3.126,10,Atta_10,187.9,2551.1,270.8,-128.3,-1.3,,,,
3.192,1,Atta_1,188.6,280.2,273.7,39.9,4.1,,,,
3.192,2,Atta_2,233.4,532.4,275.2,-34.6,1.6,,,,
3.192,3,Atta_3,180.7,757.2,273.6,23.7,0.3,,,,
3.192,4,Atta_4,189.8,1036.6,271.4,74.7,-1.1,,,,
3.192,5,Atta_5,196.4,1243.2,274.6,13.4,-0.3,,,,
3.192,6,Atta_6,209.4,1557.7,273.7,53.0,0.0,,,,
3.192,7,Atta_7,207.5,1740.6,272.1,41.5,2.5,,,,
3.192,8,Atta_8,240.1,2010.8,273.5,41.0,2.3,,,,
3.192,9,Atta_9,207.0,2243.9,265.8,99.9,-3.2,,,,
3.192,10,Atta_10,205.9,2474.8,271.1,78.4,0.3,,,,
3.257,1,Atta_1,177.9,337.1,270.5,-57.9,-3.2,,,,
3.257,2,Atta_2,181.9,567.2,273.0,-62.2,-2.2,,,,
3.257,3,Atta_3,168.1,753.9,271.8,13.0,-1.8,,,,
3.257,4,Atta_4,201.0,1000.8,269.2,37.5,-2.2,,,,
3.257,5,Atta_5,214.3,1295.0,270.6,-54.8,-4.0,,,,
3.257,6,Atta_6,265.1,1540.0,270.1,58.4,-3.6,,,,
3.257,7,Atta_7,189.1,1752.6,269.5,-22.0,-2.6,,,,
3.257,8,Atta_8,179.0,2026.6,268.1,-63.1,-5.4,,,,
3.257,9,Atta_9,168.4,2334.0,273.5,-98.0,7.7,,,,
3.257,10,Atta_10,219.5,2523.5,269.1,-50.6,-2.0,,,,
3.324,1,Atta_1,211.2,234.4,270.9,108.0,0.4,,,,
3.324,2,Atta_2,177.8,535.8,271.9,31.7,-1.1,,,,
3.324,3,Atta_3,227.9,756.0,272.7,-59.8,0.9,,,,
3.324,4,Atta_4,220.5,970.6,272.3,35.9,3.1,,,,
3.324,5,Atta_5,227.5,1305.7,268.0,-17.0,-2.6,,,,
3.324,6,Atta_6,141.5,1528.4,272.3,124.1,2.2,,,,
3.324,7,Atta_7,237.2,1806.6,273.8,-72.3,4.3,,,,
3.324,8,Atta_8,201.4,1971.5,271.2,59.5,3.1,,,,
3.324,9,Atta_9,154.8,2243.3,273.5,91.7,0.0,,,,
3.324,10,Atta_10,186.1,2512.4,271.8,35.2,2.7,,,,
3.392,1,Atta_1,165.1,308.2,272.2,-87.0,1.3,,,,
3.392,2,Atta_2,197.5,566.0,271.7,-36.1,-0.2,,,,
3.392,3,Atta_3,232.6,763.8,274.5,-9.1,1.8,,,,
3.392,4,Atta_4,184.5,1010.5,276.7,-53.7,4.4,,,,
3.392,5,Atta_5,195.4,1297.6,270.6,33.1,2.6,,,,
3.392,6,Atta_6,189.5,1555.7,272.6,-55.2,0.3,,,,
3.392,7,Atta_7,203.7,1759.7,271.7,57.6,-2.1,,,,
3.392,8,Atta_8,211.0,2014.2,270.8,-43.8,-0.4,,,,
3.392,9,Atta_9,225.4,2254.7,272.8,-71.5,-0.7,,,,
3.392,10,Atta_10,166.4,2460.7,277.3,55.3,5.5,,,,
3.46,1,Atta_1,183.3,280.2,270.0,33.4,-2.2,,,,
3.46,2,Atta_2,166.2,524.5,273.1,52.0,1.4,,,,
3.46,3,Atta_3,197.5,788.0,271.8,-42.6,-2.7,,,,
3.46,4,Atta_4,190.9,980.3,272.5,30.9,-4.2,,,,
3.46,5,Atta_5,226.3,1269.4,270.5,41.8,-0.1,,,,
3.46,6,Atta_6,184.3,1535.2,269.4,21.1,-3.2,,,,
3.46,7,Atta_7,169.4,1736.7,270.8,41.3,-0.9,,,,
3.46,8,Atta_8,181.4,2056.7,268.1,-51.8,-2.7,,,,
3.46,9,Atta_9,192.4,2245.8,271.8,34.2,-1.0,,,,
3.46,10,Atta_10,148.4,2548.1,270.1,-89.2,-7.2,,,,
3.526,1,Atta_1,173.3,321.7,265.9,-42.7,-4.1,,,,
3.526,2,Atta_2,222.5,611.0,273.8,-103.2,0.7,,,,
3.526,3,Atta_3,217.2,752.7,275.1,40.4,3.3,,,,
3.526,4,Atta_4,204.3,999.8,272.3,-23.7,-0.2,,,,
3.526,5,Atta_5,250.0,1261.3,272.2,25.0,1.7,,,,
3.526,6,Atta_6,269.8,1514.4,274.6,88.0,5.2,,,,
3.526,7,Atta_7,213.2,1783.7,270.5,-64.2,-0.3,,,,
3.526,8,Atta_8,235.0,2039.3,268.7,56.4,0.6,,,,
3.526,9,Atta_9,182.2,2276.3,269.5,-32.2,-2.3,,,,
3.526,10,Atta_10,252.2,2511.4,269.2,110.1,-0.9,,,,
3.594,1,Atta_1,178.7,219.3,269.3,102.5,3.4,,,,
3.594,2,Atta_2,232.7,504.7,273.3,106.8,-0.5,,,,
3.594,3,Atta_3,219.1,777.6,271.6,-25.0,-3.5,,,,
3.594,4,Atta_4,192.8,1052.5,270.8,-53.9,-1.5,,,,
3.594,5,Atta_5,224.1,1317.2,275.0,-61.6,2.8,,,,
3.594,6,Atta_6,218.7,1534.1,272.6,-54.8,-2.0,,,,
3.594,7,Atta_7,192.6,1738.0,272.4,50.1,1.9,,,,
3.594,8,Atta_8,209.0,2036.3,271.3,26.2,2.6,,,,
3.594,9,Atta_9,216.9,2299.0,270.2,-41.5,0.7,,,,
3.594,10,Atta_10,137.4,2492.6,269.2,116.3,0.0,,,,
3.657,1,Atta_1,224.7,248.3,270.7,-54.4,1.4,,,,
3.657,2,Atta_2,216.1,554.1,268.6,-52.1,-4.7,,,,
3.657,3,Atta_3,208.1,823.4,273.0,-47.1,1.4,,,,
3.657,4,Atta_4,201.8,1000.7,271.9,52.6,1.1,,,,
3.657,5,Atta_5,192.5,1269.5,273.1,57.2,-1.9,,,,
3.657,6,Atta_6,245.7,1533.2,271.7,27.0,-0.9,,,,
3.657,7,Atta_7,195.5,1735.3,273.0,4.0,0.6,,,,
3.657,8,Atta_8,241.8,2042.0,273.7,-33.3,2.4,,,,
3.657,9,Atta_9,239.3,2247.8,268.7,55.9,-1.5,,,,
3.657,10,Atta_10,237.5,2519.2,271.0,-103.6,1.8,,,,
3.792,1,Atta_1,176.5,315.2,270.7,-82.5,0.0,,,,
3.792,2,Atta_2,200.6,490.1,270.1,65.9,1.5,,,,
3.792,3,Atta_3,188.3,742.9,273.0,82.9,0.0,,,,
3.792,4,Atta_4,181.4,1018.0,272.3,-26.7,0.4,,,,
3.792,5,Atta_5,250.5,1284.7,272.2,-60.0,-0.9,,,,
3.792,6,Atta_6,200.8,1516.3,273.3,48.0,1.6,,,,
3.792,7,Atta_7,124.2,1733.7,274.7,-71.3,1.7,,,,
3.792,8,Atta_8,161.0,1993.2,276.3,94.4,2.6,,,,
3.792,9,Atta_9,177.9,2289.1,275.3,-74.0,6.6,,,,
3.792,10,Atta_10,209.3,2554.8,271.3,-45.4,0.3,,,,
3.913,1,Atta_1,222.0,224.8,271.6,101.2,0.9,,,,
3.913,2,Atta_2,159.0,513.4,272.6,-47.7,2.5,,,,
3.913,3,Atta_3,209.1,813.4,271.2,-73.5,-1.8,,,,
3.913,4,Atta_4,187.4,1017.1,271.7,6.1,-0.6,,,,
3.913,5,Atta_5,231.9,1260.8,273.4,30.3,1.2,,,,
3.913,6,Atta_6,205.4,1493.6,274.0,23.2,0.7,,,,
3.913,7,Atta_7,236.3,1787.7,271.3,-124.4,-3.4,,,,
3.913,8,Atta_8,191.6,2032.9,274.1,-50.1,-2.2,,,,
3.913,9,Atta_9,214.7,2266.8,269.4,43.0,-5.9,,,,
3.913,10,Atta_10,258.0,2557.4,274.3,-48.8,3.0,,,,
3.981,1,Atta_1,220.3,288.9,271.2,-64.1,-0.4,,,,
3.981,2,Atta_2,267.3,497.8,275.1,109.4,2.5,,,,
3.981,3,Atta_3,215.9,813.7,274.2,-6.8,3.0,,,,
3.981,4,Atta_4,212.7,1056.0,276.1,-46.4,4.4,,,,
3.981,5,Atta_5,186.0,1295.4,271.2,-57.5,-2.2,,,,
3.981,6,Atta_6,194.5,1574.0,272.7,-81.1,-1.3,,,,
3.981,7,Atta_7,218.0,1750.8,270.0,41.2,-1.3,,,,
3.981,8,Atta_8,179.9,2009.3,271.1,26.3,-3.0,,,,
3.981,9,Atta_9,209.1,2226.3,272.2,40.9,2.8,,,,
3.981,10,Atta_10,174.3,2531.2,269.7,87.7,-4.6,,,,
4.048,1,Atta_1,163.3,265.9,269.5,61.5,-1.7,,,,
4.048,2,Atta_2,198.9,487.4,276.7,69.2,1.6,,,,
4.048,3,Atta_3,258.4,781.8,271.6,53.1,-2.6,,,,
4.048,4,Atta_4,229.6,982.3,278.9,75.6,2.8,,,,
4.048,5,Atta_5,224.3,1302.8,273.0,-39.0,1.8,,,,
4.048,6,Atta_6,181.8,1488.9,270.9,86.0,-1.8,,,,
4.048,7,Atta_7,173.0,1766.8,273.0,-47.8,3.0,,,,
4.048,8,Atta_8,204.0,2007.8,272.5,24.1,1.4,,,,
4.048,9,Atta_9,233.6,2248.4,270.9,-33.0,-1.3,,,,
4.048,10,Atta_10,233.7,2509.4,271.9,63.3,2.2,,,,
4.112,1,Atta_1,249.9,272.8,270.9,-86.9,1.4,,,,
4.112,2,Atta_2,192.6,541.8,271.9,-54.8,-4.8,,,,
4.112,3,Atta_3,244.4,768.6,269.9,19.2,-1.7,,,,
4.112,4,Atta_4,206.1,1001.7,274.4,-30.5,-4.5,,,,
4.112,5,Atta_5,212.1,1250.3,272.5,53.9,-0.5,,,,
4.112,6,Atta_6,206.3,1554.8,274.5,-70.3,3.6,,,,
4.112,7,Atta_7,195.5,1741.2,274.6,34.1,1.6,,,,
4.112,8,Atta_8,226.1,1996.5,273.3,24.8,0.8,,,,
4.112,9,Atta_9,201.6,2302.4,276.2,-62.8,5.3,,,,
4.112,10,Atta_10,147.1,2520.7,273.3,-87.3,1.4,,,,
4.182,1,Atta_1,178.6,291.3,273.3,-73.7,2.4,,,,
4.182,2,Atta_2,178.5,511.7,274.8,33.2,2.9,,,,
4.182,3,Atta_3,128.7,779.1,272.9,-116.2,3.0,,,,
4.182,4,Atta_4,188.3,1010.3,267.7,-19.8,-6.7,,,,
4.182,5,Atta_5,206.2,1272.4,272.1,-22.9,-0.4,,,,
4.182,6,Atta_6,168.6,1544.4,271.3,39.1,-3.2,,,,
4.182,7,Atta_7,222.2,1723.3,269.3,32.1,-5.3,,,,
4.182,8,Atta_8,172.2,2013.7,269.5,-56.6,-3.8,,,,
4.182,9,Atta_9,194.8,2259.7,270.6,43.2,-5.6,,,,
4.182,10,Atta_10,206.2,2475.2,273.7,74.6,0.4,,,,
4.252,1,Atta_1,178.5,322.0,267.6,-30.7,-5.7,,,,
4.252,2,Atta_2,206.4,484.2,275.5,39.2,0.7,,,,
4.252,3,Atta_3,186.9,801.4,271.3,-62.3,-1.6,,,,
4.252,4,Atta_4,231.7,1070.2,274.4,-74.0,6.7,,,,
4.252,5,Atta_5,191.3,1286.4,273.2,-20.4,1.1,,,,
4.252,6,Atta_6,192.7,1581.8,271.2,-44.5,-0.1,,,,
4.252,7,Atta_7,161.4,1754.9,269.4,-68.5,0.1,,,,
4.252,8,Atta_8,182.9,2029.0,271.7,-18.7,2.2,,,,
4.252,9,Atta_9,265.9,2225.4,275.3,78.9,4.7,,,,
4.252,10,Atta_10,215.4,2498.9,276.3,-25.4,2.6,,,,
4.314,1,Atta_1,207.6,324.1,269.5,-29.2,1.9,,,,
4.314,2,Atta_2,187.9,498.2,275.2,-23.2,-0.3,,,,
4.314,3,Atta_3,234.8,785.9,268.6,50.3,-2.7,,,,
4.314,4,Atta_4,249.1,1007.5,273.2,65.1,-1.2,,,,
4.314,5,Atta_5,197.4,1231.2,273.7,55.5,0.5,,,,
4.314,6,Atta_6,138.3,1490.9,272.5,105.9,1.3,,,,
4.314,7,Atta_7,186.8,1725.8,274.1,38.6,4.7,,,,
4.314,8,Atta_8,207.9,2087.5,269.9,-63.6,-1.8,,,,
4.314,9,Atta_9,199.5,2271.7,272.8,-80.9,-2.5,,,,
4.314,10,Atta_10,193.4,2533.3,275.2,-40.8,-1.1,,,,
4.455,1,Atta_1,133.6,265.2,273.0,94.6,3.5,,,,
4.455,2,Atta_2,208.6,541.8,274.2,-48.3,-1.0,,,,
4.455,3,Atta_3,240.4,788.0,271.5,-6.0,2.9,,,,
4.455,4,Atta_4,206.3,956.9,272.4,66.3,-0.8,,,,
4.455,5,Atta_5,185.2,1285.3,272.7,-55.5,-1.0,,,,
4.455,6,Atta_6,213.8,1513.0,271.3,-78.7,-1.2,,,,
4.455,7,Atta_7,265.7,1725.6,273.8,78.9,-0.3,,,,
4.455,8,Atta_8,186.3,1996.7,270.8,93.3,0.9,,,,
4.455,9,Atta_9,204.1,2279.0,275.0,-8.6,2.2,,,,
4.455,10,Atta_10,150.7,2502.5,268.4,52.6,-6.8,,,,
4.522,1,Atta_1,185.5,323.6,270.7,-78.1,-2.3,,,,
4.522,2,Atta_2,173.8,509.1,273.0,47.8,-1.2,,,,
4.522,3,Atta_3,221.8,753.3,272.5,39.4,1.0,,,,
4.522,4,Atta_4,274.2,1016.5,271.7,-90.3,-0.7,,,,
4.522,5,Atta_5,199.5,1311.9,269.4,-30.2,-3.3,,,,
4.522,6,Atta_6,186.2,1556.4,273.6,-51.4,2.3,,,,
4.522,7,Atta_7,188.4,1752.9,267.2,-82.0,-6.6,,,,
4.522,8,Atta_8,201.1,2120.6,269.1,-124.8,-1.7,,,,
4.522,9,Atta_9,207.8,2238.2,275.7,41.0,0.7,,,,
4.522,10,Atta_10,204.8,2505.3,270.9,-54.2,2.5,,,,
4.588,1,Atta_1,180.3,287.7,272.6,36.3,1.9,,,,
4.588,2,Atta_2,207.5,479.1,274.7,45.1,1.7,,,,
4.588,3,Atta_3,149.8,791.1,273.0,-81.3,0.5,,,,
4.588,4,Atta_4,198.3,1031.3,278.8,-77.3,7.1,,,,
4.588,5,Atta_5,162.3,1258.7,271.9,64.9,2.5,,,,
4.588,6,Atta_6,157.6,1525.3,275.5,42.3,1.9,,,,
4.588,7,Atta_7,179.1,1779.4,270.0,-28.1,2.8,,,,
4.588,8,Atta_8,206.2,1991.2,271.3,129.5,2.2,,,,
4.588,9,Atta_9,194.5,2293.4,272.5,-56.8,-3.2,,,,
4.588,10,Atta_10,188.2,2628.8,271.9,-124.6,1.0,,,,
4.709,1,Atta_1,189.0,262.7,274.4,26.5,1.8,,,,
4.709,2,Atta_2,181.5,531.0,270.1,-58.0,-4.6,,,,
4.709,3,Atta_3,237.4,760.8,275.6,92.7,2.6,,,,
4.709,4,Atta_4,180.6,1094.3,272.3,-65.4,-6.5,,,,
4.709,5,Atta_5,175.5,1308.3,271.8,-51.3,-0.1,,,,
4.709,6,Atta_6,193.2,1541.8,272.9,-39.2,-2.6,,,,
4.709,7,Atta_7,214.5,1776.6,269.0,35.5,-1.0,,,,
4.709,8,Atta_8,193.9,2020.8,273.2,-32.1,1.9,,,,
4.709,9,Atta_9,203.2,2308.7,273.0,-17.6,0.5,,,,
4.709,10,Atta_10,241.0,2481.6,270.8,156.4,-1.1,,,,
4.778,1,Atta_1,225.1,311.9,270.3,-61.0,-4.1,,,,
4.778,2,Atta_2,191.8,513.2,272.7,20.6,2.6,,,,
4.778,3,Atta_3,219.1,802.3,272.9,-45.4,-2.7,,,,
4.778,4,Atta_4,258.2,989.5,276.6,130.4,4.3,,,,
4.778,5,Atta_5,124.4,1208.2,271.9,112.4,0.1,,,,
4.778,6,Atta_6,230.4,1523.9,274.2,41.3,1.3,,,,
4.778,7,Atta_7,240.9,1814.0,271.6,-45.8,2.6,,,,
4.778,8,Atta_8,215.1,2039.3,271.1,-28.1,-2.1,,,,
4.778,9,Atta_9,218.1,2250.2,272.7,60.4,-0.3,,,,
4.778,10,Atta_10,192.7,2506.3,271.4,-54.2,0.6,,,,
4.844,1,Atta_1,181.0,313.7,270.2,-44.1,-0.1,,,,
4.844,2,Atta_2,182.7,485.1,274.1,29.5,1.4,,,,
4.844,3,Atta_3,190.2,781.3,273.8,35.7,0.9,,,,
4.844,4,Atta_4,160.7,1044.8,271.9,-112.1,-4.7,,,,
4.844,5,Atta_5,178.8,1268.3,271.5,-81.1,-0.4,,,,
4.844,6,Atta_6,169.2,1504.5,273.1,64.2,-1.1,,,,
4.844,7,Atta_7,201.0,1795.0,267.9,44.2,-3.7,,,,
4.844,8,Atta_8,164.8,2087.4,273.7,-69.6,2.6,,,,
4.844,9,Atta_9,168.2,2301.9,272.9,-71.9,0.2,,,,
4.844,10,Atta_10,201.7,2561.0,270.3,-55.4,-1.1,,,,
4.913,1,Atta_1,196.3,282.6,270.6,34.7,0.4,,,,
4.913,2,Atta_2,220.8,540.8,273.2,-67.5,-0.9,,,,
4.913,3,Atta_3,160.9,807.1,274.3,-39.0,0.5,,,,
4.913,4,Atta_4,187.2,983.7,272.4,66.6,0.5,,,,
4.913,5,Atta_5,183.1,1292.0,271.5,-24.1,0.0,,,,
4.913,6,Atta_6,174.4,1560.4,276.3,-56.1,3.2,,,,
4.913,7,Atta_7,210.5,1785.4,274.7,13.5,6.8,,,,
4.913,8,Atta_8,214.6,2036.5,272.5,71.2,-1.2,,,,
4.913,9,Atta_9,222.4,2253.0,270.0,73.0,-2.9,,,,
4.913,10,Atta_10,154.1,2542.5,273.0,51.1,2.7,,,,
4.991,1,Atta_1,233.6,326.6,273.0,-57.7,2.4,,,,
4.991,2,Atta_2,132.5,444.0,272.9,131.0,-0.3,,,,
4.991,3,Atta_3,170.8,771.8,271.5,36.7,-2.8,,,,
4.991,4,Atta_4,221.8,988.5,276.8,-34.9,4.4,,,,
4.991,5,Atta_5,190.9,1276.9,270.0,17.0,-1.5,,,,
4.991,6,Atta_6,200.4,1500.0,271.3,65.8,-5.0,,,,
4.991,7,Atta_7,232.9,1731.8,272.2,58.1,-2.5,,,,
4.991,8,Atta_8,234.3,2069.6,264.6,-38.5,-7.9,,,,
4.991,9,Atta_9,189.6,2293.7,269.6,-52.3,-0.4,,,,
4.991,10,Atta_10,259.2,2534.5,272.8,105.4,-0.2,,,,
5.119,1,Atta_1,172.8,213.9,271.8,128.1,-1.2,,,,
5.119,2,Atta_2,234.7,543.6,272.2,-142.7,-0.7,,,,
5.119,3,Atta_3,209.8,763.1,273.9,40.0,2.4,,,,
5.119,4,Atta_4,133.0,998.7,287.4,-89.4,10.6,,,,
5.119,5,Atta_5,194.5,1259.1,271.4,18.2,1.4,,,,
5.119,6,Atta_6,172.8,1505.0,274.0,-28.0,2.7,,,,
5.119,7,Atta_7,265.4,1787.5,267.7,-64.5,-4.5,,,,
5.119,8,Atta_8,213.5,2022.3,256.0,51.7,-8.6,,,,
5.119,9,Atta_9,215.3,2226.5,259.4,71.9,-10.2,,,,
5.119,10,Atta_10,142.8,2476.4,271.9,130.1,-0.9,,,,
5.185,1,Atta_1,272.4,278.0,271.5,-118.4,-0.3,,,,
5.185,2,Atta_2,169.6,513.2,273.6,71.8,1.4,,,,
5.185,3,Atta_3,187.5,723.1,274.3,45.8,0.4,,,,
5.185,4,Atta_4,239.9,1046.7,293.6,-117.2,6.2,,,,
5.185,5,Atta_5,192.5,1230.3,274.9,28.9,3.5,,,,
5.185,6,Atta_6,187.2,1452.5,273.3,54.4,-0.7,,,,
5.185,7,Atta_7,196.9,1734.1,273.0,86.9,5.3,,,,
5.185,8,Atta_8,238.3,2016.5,252.0,-25.5,-4.0,,,,
5.185,9,Atta_9,179.2,2306.9,256.6,-88.1,-2.8,,,,
5.185,10,Atta_10,229.9,2517.0,273.7,-96.1,1.8,,,,
5.254,1,Atta_1,214.2,233.0,274.4,73.6,2.9,,,,
5.254,2,Atta_2,164.3,457.9,272.3,55.6,-1.3,,,,
5.254,3,Atta_3,191.7,714.2,271.8,9.8,-2.5,,,,
5.254,4,Atta_4,260.9,1029.4,293.9,27.2,0.3,,,,
5.254,5,Atta_5,169.0,1207.1,275.5,33.0,0.6,,,,
5.254,6,Atta_6,212.1,1463.7,269.9,-27.3,-3.4,,,,
5.254,7,Atta_7,205.0,1718.2,278.5,17.8,5.5,,,,
5.254,8,Atta_8,185.6,2026.1,249.9,53.6,-2.1,,,,
5.254,9,Atta_9,211.0,2307.7,250.9,-31.8,-5.7,,,,
5.254,10,Atta_10,189.2,2473.3,271.7,59.7,-2.0,,,,
5.323,1,Atta_1,222.6,227.2,272.0,10.2,-2.4,,,,
5.323,2,Atta_2,196.1,432.9,270.3,40.5,-2.0,,,,
5.323,3,Atta_3,187.3,713.1,271.8,4.5,0.0,,,,
5.323,4,Atta_4,166.6,991.4,303.1,-101.7,9.2,,,,
5.323,5,Atta_5,232.6,1175.7,273.4,70.9,-2.1,,,,
5.323,6,Atta_6,157.4,1434.8,273.2,61.9,3.3,,,,
5.323,7,Atta_7,178.1,1732.7,272.8,-30.6,-5.7,,,,
5.323,8,Atta_8,154.3,1998.5,241.9,41.7,-8.0,,,,
5.323,9,Atta_9,196.9,2222.0,244.1,86.9,-6.8,,,,
5.323,10,Atta_10,140.7,2427.8,270.6,66.5,-1.1,,,,
5.392,1,Atta_1,175.7,211.0,277.3,49.6,5.3,,,,
5.392,2,Atta_2,237.9,450.7,271.6,-45.4,1.3,,,,
5.392,3,Atta_3,202.0,740.4,274.6,-31.0,2.8,,,,
5.392,4,Atta_4,171.1,1083.9,305.1,-92.6,2.0,,,,
5.392,5,Atta_5,151.5,1259.9,277.1,-116.9,3.7,,,,
5.392,6,Atta_6,188.1,1438.6,274.6,-30.9,1.4,,,,
5.392,7,Atta_7,175.0,1712.7,273.3,20.2,0.5,,,,
5.392,8,Atta_8,219.1,2018.7,239.4,-67.9,-2.5,,,,
5.392,9,Atta_9,149.8,2294.2,241.1,-86.2,-3.0,,,,
5.392,10,Atta_10,192.5,2432.8,273.6,-52.0,3.0,,,,
5.459,1,Atta_1,165.5,152.7,272.1,59.2,-5.2,,,,
5.459,2,Atta_2,214.0,459.2,275.6,-25.4,4.0,,,,
5.459,3,Atta_3,250.3,630.1,273.5,120.4,-1.1,,,,
5.459,4,Atta_4,189.3,1063.2,308.5,27.6,3.4,,,,
5.459,5,Atta_5,210.3,1149.9,269.6,124.7,-7.5,,,,
5.459,6,Atta_6,215.1,1441.3,273.2,-27.1,-1.4,,,,
5.459,7,Atta_7,191.4,1668.0,275.6,47.6,2.3,,,,
5.459,8,Atta_8,177.6,2021.9,233.2,41.6,-6.2,,,,
5.459,9,Atta_9,219.1,2318.3,237.4,-73.4,-3.7,,,,
5.459,10,Atta_10,226.8,2450.8,269.5,-38.7,-4.1,,,,
5.527,1,Atta_1,211.3,228.2,271.7,-88.3,-0.4,,,,
5.527,2,Atta_2,179.6,389.8,272.9,77.5,-2.7,,,,
5.527,3,Atta_3,255.8,719.3,270.2,-89.4,-3.3,,,,
5.527,4,Atta_4,214.4,1033.6,308.9,38.8,0.4,,,,
5.527,5,Atta_5,216.0,1228.6,272.6,-78.9,3.0,,,,
5.527,6,Atta_6,209.2,1408.9,271.7,32.9,-1.5,,,,
5.527,7,Atta_7,158.6,1638.9,274.7,43.8,-0.9,,,,
5.527,8,Atta_8,199.7,2021.8,230.7,-22.1,-2.5,,,,
5.527,9,Atta_9,192.6,2283.8,232.3,43.5,-5.1,,,,
5.527,10,Atta_10,208.1,2406.7,273.3,47.9,3.8,,,,
5.578,1,Atta_1,208.3,167.2,272.6,61.1,0.9,,,,
5.578,2,Atta_2,181.4,449.0,275.6,-59.2,2.7,,,,
5.578,3,Atta_3,181.5,690.4,272.4,79.7,2.2,,,,
5.578,4,Atta_4,126.5,1036.2,317.9,-87.9,9.0,,,,
5.578,5,Atta_5,168.9,1187.2,272.5,62.7,-0.1,,,,
5.578,6,Atta_6,176.2,1420.1,270.6,-34.8,-1.1,,,,
5.578,7,Atta_7,198.5,1626.6,272.4,41.8,-2.3,,,,
5.578,8,Atta_8,243.3,2002.3,223.4,-47.8,-7.3,,,,
5.578,9,Atta_9,171.4,2286.4,224.8,21.4,-7.5,,,,
5.578,10,Atta_10,194.0,2431.0,269.6,-28.1,-3.7,,,,
5.718,1,Atta_1,158.5,180.6,272.4,-51.6,-0.2,,,,
5.718,2,Atta_2,276.6,422.0,271.4,99.0,-4.2,,,,
5.718,3,Atta_3,171.1,644.6,268.3,47.0,-4.1,,,,
5.718,4,Atta_4,231.8,993.1,328.0,113.8,10.1,,,,
5.718,5,Atta_5,182.2,1143.8,271.4,45.4,-1.1,,,,
5.718,6,Atta_6,227.0,1437.6,273.9,-53.7,3.3,,,,
5.718,7,Atta_7,161.5,1636.0,273.3,-38.2,0.9,,,,
5.718,8,Atta_8,168.9,2015.2,215.1,75.5,-8.3,,,,
5.718,9,Atta_9,246.7,2288.3,216.5,-75.3,-8.3,,,,
5.718,10,Atta_10,169.4,2430.9,270.2,24.6,0.6,,,,
5.787,1,Atta_1,216.5,138.7,276.9,71.6,4.5,,,,
5.787,2,Atta_2,187.9,349.4,272.9,114.6,1.5,,,,
5.787,3,Atta_3,238.1,622.2,270.0,70.6,1.7,,,,
5.787,4,Atta_4,201.2,1037.1,330.6,-53.6,2.6,,,,
5.787,5,Atta_5,162.5,1283.7,272.0,-141.3,0.6,,,,
5.787,6,Atta_6,165.7,1341.3,271.7,114.2,-2.2,,,,
5.787,7,Atta_7,197.3,1622.4,273.8,38.3,0.5,,,,
5.787,8,Atta_8,208.9,2012.6,214.4,-40.1,-0.7,,,,
5.787,9,Atta_9,271.5,2279.2,213.1,-26.4,-3.4,,,,
5.787,10,Atta_10,189.7,2438.8,273.7,-21.8,3.5,,,,
5.855,1,Atta_1,226.6,107.2,277.1,33.1,0.2,,,,
5.855,2,Atta_2,246.9,366.8,268.0,-61.5,-4.9,,,,
5.855,3,Atta_3,209.0,621.0,271.6,29.1,1.6,,,,
5.855,4,Atta_4,198.0,1000.2,335.3,37.0,4.7,,,,
5.855,5,Atta_5,210.0,1262.8,272.4,51.9,0.4,,,,
5.855,6,Atta_6,237.2,1343.8,271.7,-71.5,0.0,,,,
5.855,7,Atta_7,147.6,1605.4,271.1,52.5,-2.7,,,,
5.855,8,Atta_8,186.3,2035.7,209.2,32.3,-5.2,,,,
5.855,9,Atta_9,263.3,2256.7,216.8,23.9,3.7,,,,
5.855,10,Atta_10,213.9,2488.4,268.4,-55.2,-5.3,,,,
5.979,1,Atta_1,196.8,149.0,269.7,-51.3,-7.4,,,,
5.979,2,Atta_2,173.1,352.5,271.0,75.2,3.0,,,,
5.979,3,Atta_3,167.8,584.4,275.0,55.1,3.4,,,,
5.979,4,Atta_4,222.3,1008.4,342.1,25.6,6.8,,,,
5.979,5,Atta_5,197.8,1272.5,276.3,-15.6,3.9,,,,
5.979,6,Atta_6,151.1,1300.6,275.9,96.3,4.2,,,,
5.979,7,Atta_7,184.9,1610.2,273.7,-37.6,2.6,,,,
5.979,8,Atta_8,223.1,1981.9,206.2,-65.2,-3.0,,,,
5.979,9,Atta_9,238.3,2244.3,212.8,27.9,-4.0,,,,
5.979,10,Atta_10,235.9,2495.5,274.6,-23.1,6.2,,,,
6.032,1,Atta_1,187.7,103.6,267.8,46.3,-1.9,,,,
6.032,2,Atta_2,198.1,372.0,267.7,-31.7,-3.3,,,,
6.032,3,Atta_3,240.9,603.7,271.2,-75.6,-3.8,,,,
6.032,4,Atta_4,175.6,1049.2,344.8,-62.0,2.7,,,,
6.032,5,Atta_5,203.5,1202.6,269.0,70.1,-7.3,,,,
6.032,6,Atta_6,247.0,1391.7,273.2,-132.3,-2.7,,,,
6.032,7,Atta_7,183.2,1632.1,274.7,-22.0,1.0,,,,
6.032,8,Atta_8,219.2,2066.1,199.3,-84.3,-6.9,,,,
6.032,9,Atta_9,162.6,2300.8,215.1,94.5,2.3,,,,
6.032,10,Atta_10,193.0,2488.1,269.8,43.5,-4.8,,,,
6.099,1,Atta_1,196.6,94.9,273.4,12.4,5.6,,,,
6.099,2,Atta_2,187.3,289.3,273.6,83.4,5.9,,,,
6.099,3,Atta_3,213.2,519.2,274.2,88.9,3.0,,,,
6.099,5,Atta_5,212.3,1231.9,278.1,-30.6,9.1,,,,
6.099,6,Atta_6,180.0,1375.0,273.4,69.0,0.2,,,,
6.099,7,Atta_7,234.6,1559.0,274.0,89.4,-0.7,,,,
6.099,8,Atta_8,189.5,2024.8,195.2,50.9,-4.1,,,,
6.099,9,Atta_9,222.8,2287.0,216.3,-61.8,1.2,,,,
6.099,10,Atta_10,196.6,2483.1,273.4,6.2,3.6,,,,
6.168,1,Atta_1,198.7,110.5,274.4,-15.7,1.0,,,,
6.168,2,Atta_2,215.5,346.5,272.9,-63.8,-0.7,,,,
6.168,3,Atta_3,224.6,564.6,270.1,-46.8,-4.1,,,,
6.168,4,Atta_4,216.1,1067.3,348.7,44.4,3.9,,,,
6.168,5,Atta_5,195.1,1247.0,284.1,-22.9,6.0,,,,
6.168,6,Atta_6,181.8,1488.8,271.8,-113.8,-1.6,,,,
6.168,7,Atta_7,174.0,1547.9,270.2,61.6,-3.8,,,,
6.168,8,Atta_8,160.3,2049.7,191.7,38.4,-3.5,,,,
6.168,9,Atta_9,203.1,2246.9,211.7,44.7,-4.6,,,,
6.168,10,Atta_10,208.5,2517.0,277.0,-35.9,3.6,,,,
6.238,1,Atta_1,126.3,125.4,274.4,-73.9,0.0,,,,
6.238,2,Atta_2,229.8,294.1,270.0,54.3,-2.9,,,,
6.238,3,Atta_3,174.6,522.1,269.7,65.6,-0.4,,,,
6.238,4,Atta_4,225.3,1029.8,345.8,38.6,-2.9,,,,
6.238,5,Atta_5,199.7,1223.6,283.8,23.8,-0.3,,,,
6.238,6,Atta_6,196.7,1333.2,272.8,156.3,1.0,,,,
6.238,7,Atta_7,198.0,1547.1,271.8,24.0,1.6,,,,
6.238,8,Atta_8,192.8,2036.8,180.7,-35.0,-11.0,,,,
6.238,9,Atta_9,183.1,2279.3,215.6,-38.1,3.9,,,,
6.238,10,Atta_10,226.9,2469.1,284.9,51.3,7.9,,,,
6.309,1,Atta_1,174.5,156.3,273.5,-57.3,-0.9,,,,
6.309,2,Atta_2,222.4,327.6,272.4,-34.3,2.4,,,,
6.309,3,Atta_3,204.3,539.6,272.9,-34.5,3.2,,,,
6.309,4,Atta_4,222.6,1066.8,344.8,-37.1,-1.0,,,,
6.309,5,Atta_5,178.6,1298.4,289.3,-77.7,5.5,,,,
6.309,6,Atta_6,230.7,1393.1,270.3,-68.9,-2.5,,,,
6.309,7,Atta_7,212.2,1535.0,269.3,18.7,-2.5,,,,
6.309,8,Atta_8,201.7,1985.1,184.4,-52.5,3.7,,,,
6.309,9,Atta_9,190.3,2233.8,215.7,46.1,0.1,,,,
6.309,10,Atta_10,198.8,2480.2,291.9,-30.2,7.0,,,,
6.372,1,Atta_1,192.7,149.2,272.0,19.5,-1.5,,,,
6.372,2,Atta_2,264.5,285.2,271.6,59.8,-0.8,,,,
6.372,3,Atta_3,218.8,526.3,271.8,19.7,-1.1,,,,
6.372,4,Atta_4,195.4,994.1,346.6,-77.6,1.8,,,,
6.372,5,Atta_5,227.9,1263.9,292.2,60.2,2.9,,,,
6.372,6,Atta_6,196.7,1441.7,269.4,-59.3,-0.9,,,,
6.372,7,Atta_7,202.7,1643.0,274.3,-108.4,5.0,,,,
6.372,8,Atta_8,174.5,2004.0,177.9,33.1,-6.5,,,,
6.372,9,Atta_9,208.3,2237.7,211.6,-18.4,-4.1,,,,
6.372,10,Atta_10,197.0,2460.6,291.3,19.7,-0.6,,,,
6.441,1,Atta_1,233.4,148.1,274.1,40.7,2.1,,,,
6.441,2,Atta_2,240.4,266.7,272.6,30.4,1.0,,,,
6.441,3,Atta_3,195.6,524.7,275.4,23.3,3.6,,,,
6.441,4,Atta_4,150.0,1000.2,346.6,-45.8,0.0,,,,
6.441,5,Atta_5,227.9,1231.5,294.8,32.4,2.6,,,,
6.441,6,Atta_6,193.8,1426.6,279.1,15.4,9.7,,,,
6.441,7,Atta_7,206.4,1595.7,273.4,47.4,-0.9,,,,
6.441,8,Atta_8,203.2,1997.0,176.3,-29.5,-1.6,,,,
6.441,9,Atta_9,158.8,2234.1,215.9,49.6,4.3,,,,
6.441,10,Atta_10,187.7,2472.7,296.6,-15.3,5.3,,,,
6.513,1,Atta_1,186.6,192.4,272.8,-64.4,-1.3,,,,
6.513,2,Atta_2,248.0,306.6,271.6,-40.6,-1.0,,,,
6.513,3,Atta_3,211.6,487.0,273.2,41.0,-2.2,,,,
6.513,4,Atta_4,218.6,999.9,345.0,68.6,-1.6,,,,
6.513,5,Atta_5,212.8,1225.5,302.5,-16.2,7.7,,,,
6.513,6,Atta_6,130.4,1517.3,283.2,-110.7,4.1,,,,
6.513,7,Atta_7,188.9,1645.4,270.7,-52.7,-2.7,,,,
6.513,8,Atta_8,242.5,2006.9,168.9,-40.5,-7.4,,,,
6.513,9,Atta_9,105.8,2259.7,214.9,58.9,-1.0,,,,
6.513,10,Atta_10,186.3,2520.3,302.4,-47.6,5.8,,,,
6.567,1,Atta_1,197.6,145.5,280.4,48.2,7.6,,,,
6.567,2,Atta_2,218.1,350.4,273.3,-53.0,1.7,,,,
6.567,3,Atta_3,212.8,506.0,271.5,-19.0,-1.7,,,,
6.567,4,Atta_4,248.9,985.2,343.4,33.7,-1.6,,,,
6.567,5,Atta_5,197.9,1247.6,306.5,-26.7,4.0,,,,
6.567,6,Atta_6,190.5,1468.4,286.9,77.5,3.7,,,,
6.567,7,Atta_7,210.5,1679.2,274.8,-40.1,4.1,,,,
6.567,8,Atta_8,215.5,2027.2,163.6,33.8,-5.3,,,,
6.567,9,Atta_9,98.9,2212.6,216.7,47.6,1.8,,,,
6.567,10,Atta_10,180.6,2534.8,303.2,-15.6,0.8,,,,
6.636,1,Atta_1,262.6,199.1,283.3,-84.2,2.9,,,,
6.636,2,Atta_2,203.0,382.1,273.3,-35.1,0.0,,,,
6.636,3,Atta_3,215.1,492.0,272.1,14.2,0.6,,,,
6.636,4,Atta_4,275.6,999.9,342.0,30.5,-1.4,,,,
6.636,5,Atta_5,253.9,1225.0,310.2,60.4,3.7,,,,
6.636,6,Atta_6,248.4,1463.3,289.8,58.1,2.9,,,,
6.636,7,Atta_7,194.1,1634.9,273.5,47.2,-1.3,,,,
6.636,8,Atta_8,216.3,2022.7,160.9,-4.6,-2.7,,,,
6.636,9,Atta_9,125.9,2206.5,214.2,-27.7,-2.5,,,,
6.636,10,Atta_10,174.8,2476.4,307.9,58.7,4.7,,,,
6.704,1,Atta_1,157.0,145.7,285.4,118.3,2.1,,,,
6.704,2,Atta_2,175.4,395.7,270.7,-30.8,-2.6,,,,
6.704,3,Atta_3,220.7,483.5,273.5,10.2,1.4,,,,
6.704,4,Atta_4,242.7,996.1,345.9,-33.1,3.9,,,,
6.704,5,Atta_5,194.8,1282.2,321.8,-82.2,11.6,,,,
6.704,6,Atta_6,226.0,1405.5,293.1,62.0,3.3,,,,
6.704,7,Atta_7,249.6,1589.3,274.6,71.8,1.1,,,,
6.704,8,Atta_8,214.8,1999.8,157.8,-22.9,-3.1,,,,
6.704,9,Atta_9,122.0,2258.2,211.6,-51.8,-2.6,,,,
6.704,10,Atta_10,229.0,2447.0,320.6,61.7,12.7,,,,
6.756,1,Atta_1,256.4,181.0,292.3,-105.5,6.9,,,,
6.756,2,Atta_2,235.6,316.9,272.6,99.2,1.9,,,,
6.756,3,Atta_3,177.8,555.7,272.2,-84.0,-1.3,,,,
6.756,4,Atta_4,330.1,1004.8,341.9,87.8,-4.0,,,,
6.756,5,Atta_5,166.7,1225.3,316.6,63.5,-5.2,,,,
6.756,6,Atta_6,180.8,1408.7,299.8,-45.3,6.7,,,,
6.756,7,Atta_7,155.9,1634.6,278.8,-104.1,4.2,,,,
6.756,8,Atta_8,179.2,1991.0,151.6,36.7,-6.2,,,,
6.756,9,Atta_9,59.1,2263.3,217.0,63.1,5.4,,,,
6.756,10,Atta_10,231.9,2550.2,319.8,-103.2,-0.8,,,,
6.826,1,Atta_1,187.2,176.9,298.5,-69.3,6.2,,,,
6.826,2,Atta_2,211.4,400.4,274.8,-86.9,2.2,,,,
6.826,3,Atta_3,155.6,517.2,271.1,44.4,-1.1,,,,
6.826,4,Atta_4,233.8,961.5,346.6,-105.6,4.7,,,,
6.826,5,Atta_5,201.9,1213.5,327.1,37.1,10.5,,,,
6.826,6,Atta_6,241.3,1400.4,302.2,61.1,2.4,,,,
6.826,7,Atta_7,221.1,1683.3,286.7,-81.4,7.9,,,,
6.826,8,Atta_8,210.4,2016.3,146.5,-40.2,-5.1,,,,
6.826,9,Atta_9,184.5,2282.9,212.4,-126.9,-4.6,,,,
6.826,10,Atta_10,217.9,2481.5,325.3,70.1,5.5,,,,
6.897,1,Atta_1,214.4,215.0,298.2,-46.8,-0.3,,,,
6.897,2,Atta_2,181.5,358.3,278.5,51.6,3.7,,,,
6.897,3,Atta_3,225.9,523.7,271.1,-70.6,0.0,,,,
6.897,4,Atta_4,316.6,1020.9,346.6,101.9,0.0,,,,
6.897,5,Atta_5,216.9,1244.7,330.6,-34.6,3.5,,,,
6.897,6,Atta_6,243.8,1464.4,311.0,-64.0,8.8,,,,
6.897,7,Atta_7,181.3,1635.1,288.5,62.5,1.8,,,,
6.897,8,Atta_8,198.1,2035.0,142.1,22.4,-4.4,,,,
6.897,9,Atta_9,127.0,2231.7,217.8,77.0,5.4,,,,
6.897,10,Atta_10,198.5,2517.5,329.4,-40.9,4.1,,,,
6.967,1,Atta_1,183.7,186.4,305.2,42.0,7.0,,,,
6.967,2,Atta_2,222.1,391.5,283.9,-52.4,5.4,,,,
6.967,3,Atta_3,241.3,563.3,273.9,-42.5,2.8,,,,
6.967,4,Atta_4,273.6,1025.3,347.1,-43.2,0.5,,,,
6.967,5,Atta_5,186.0,1282.4,330.0,-48.7,-0.6,,,,
6.967,6,Atta_6,190.8,1446.6,317.0,-55.9,6.0,,,,
6.967,7,Atta_7,191.2,1571.7,294.3,64.2,5.8,,,,
6.967,8,Atta_8,203.9,2045.7,135.6,12.2,-6.5,,,,
6.967,9,Atta_9,67.4,2227.1,217.6,59.8,-0.2,,,,
6.967,10,Atta_10,167.0,2512.1,331.0,-32.0,1.6,,,,
7.035,1,Atta_1,235.3,184.9,312.2,51.6,7.0,,,,
7.035,2,Atta_2,232.0,387.3,288.4,10.8,4.5,,,,
7.035,3,Atta_3,163.2,521.1,272.4,88.8,-1.5,,,,
7.035,4,Atta_4,275.2,999.2,346.1,26.1,-1.0,,,,
7.035,5,Atta_5,174.9,1277.4,330.2,-12.2,0.2,,,,
7.035,6,Atta_6,185.4,1425.3,320.5,22.0,3.5,,,,
7.035,7,Atta_7,221.5,1615.9,295.6,-53.6,1.3,,,,
7.035,8,Atta_8,180.6,2031.2,131.6,27.4,-4.0,,,,
7.035,9,Atta_9,113.7,2218.9,219.2,-47.0,1.6,,,,
7.035,10,Atta_10,277.4,2535.3,327.9,112.8,-3.1,,,,
7.102,2,Atta_2,197.3,406.1,294.0,-39.5,5.6,,,,
7.102,3,Atta_3,133.9,558.3,275.0,-47.4,2.6,,,,
7.102,4,Atta_4,298.4,990.4,343.0,24.8,-3.1,,,,
7.102,5,Atta_5,261.0,1262.2,330.5,87.4,0.3,,,,
7.102,6,Atta_6,184.2,1459.5,323.5,-34.2,3.0,,,,
7.102,7,Atta_7,184.7,1618.4,301.4,-36.9,5.8,,,,
7.102,8,Atta_8,223.5,2027.7,127.5,-43.0,-4.1,,,,
7.102,9,Atta_9,140.6,2216.2,215.8,-27.0,-3.4,,,,
7.102,10,Atta_10,224.8,2524.5,328.0,-53.7,0.1,,,,
7.169,1,Atta_1,232.1,239.9,322.4,-55.1,10.2,,,,
7.169,2,Atta_2,251.5,337.1,296.1,87.7,2.1,,,,
7.169,3,Atta_3,262.7,610.7,274.3,-139.1,-0.7,,,,
7.169,4,Atta_4,375.1,1002.4,341.9,77.6,-1.1,,,,
7.169,5,Atta_5,205.6,1221.4,327.9,-68.8,-2.6,,,,
7.169,6,Atta_6,206.8,1450.3,328.2,24.4,4.7,,,,
7.169,7,Atta_7,174.1,1630.5,300.5,-16.1,-0.9,,,,
7.169,8,Atta_8,136.2,2033.5,122.6,87.5,-4.9,,,,
7.169,9,Atta_9,144.3,2239.0,215.7,-23.1,-0.1,,,,
7.169,10,Atta_10,209.4,2500.1,328.7,-28.9,0.7,,,,
7.223,1,Atta_1,203.1,177.1,319.5,69.2,-2.9,,,,
7.223,2,Atta_2,226.1,357.8,296.1,-32.8,0.0,,,,
7.223,3,Atta_3,196.9,532.2,281.7,102.4,7.4,,,,
7.223,4,Atta_4,342.9,954.0,343.9,-58.1,2.0,,,,
7.223,5,Atta_5,204.3,1266.5,326.8,-45.1,-1.1,,,,
7.223,6,Atta_6,249.3,1453.6,330.3,42.6,2.1,,,,
7.223,7,Atta_7,135.1,1607.7,310.0,-45.2,9.5,,,,
7.223,8,Atta_8,167.3,2042.3,118.0,-32.3,-4.6,,,,
7.223,9,Atta_9,129.8,2226.5,222.5,19.1,6.8,,,,
7.223,10,Atta_10,216.4,2486.5,328.9,15.3,0.2,,,,
7.293,1,Atta_1,215.1,175.6,329.3,12.1,9.8,,,,
7.293,2,Atta_2,232.7,370.0,303.8,-13.9,7.7,,,,
7.293,3,Atta_3,222.7,574.1,287.3,-49.2,5.6,,,,
7.293,4,Atta_4,352.2,974.2,346.5,22.2,2.6,,,,
7.293,5,Atta_5,182.9,1267.6,331.7,-21.4,4.9,,,,
7.293,6,Atta_6,184.8,1496.1,328.9,-77.2,-1.4,,,,
7.293,7,Atta_7,195.3,1625.1,314.5,62.7,4.5,,,,
7.293,8,Atta_8,211.4,2011.3,114.4,-53.9,-3.6,,,,
7.293,9,Atta_9,131.5,2249.3,218.7,-22.9,-3.8,,,,
7.293,10,Atta_10,146.1,2464.4,328.4,-73.7,-0.5,,,,
7.358,1,Atta_1,229.7,190.6,329.7,20.9,0.4,,,,
7.358,2,Atta_2,217.0,347.9,309.0,27.1,5.2,,,,
7.358,3,Atta_3,238.2,517.3,285.5,58.9,-1.8,,,,
7.358,4,Atta_4,367.6,1028.2,344.7,56.2,-1.8,,,,
7.358,5,Atta_5,255.4,1232.0,329.3,80.8,-2.4,,,,
7.358,6,Atta_6,227.6,1404.0,331.3,101.6,2.4,,,,
7.358,7,Atta_7,205.9,1662.6,316.6,-39.0,2.1,,,,
7.358,8,Atta_8,230.5,2012.7,113.7,-19.2,-0.7,,,,
7.358,9,Atta_9,180.7,2308.8,220.4,-77.2,1.7,,,,
7.358,10,Atta_10,200.2,2474.5,324.7,55.0,-3.7,,,,
7.427,1,Atta_1,150.8,180.7,329.7,-79.5,0.0,,,,
7.427,2,Atta_2,250.8,361.2,318.7,36.3,9.7,,,,
7.427,3,Atta_3,219.6,522.4,293.3,-19.3,7.8,,,,
7.427,4,Atta_4,337.7,967.1,347.5,-68.0,2.8,,,,
7.427,5,Atta_5,249.2,1256.8,328.4,-25.6,-0.9,,,,
7.427,6,Atta_6,221.6,1413.6,329.2,-11.3,-2.1,,,,
7.427,7,Atta_7,197.0,1647.6,323.7,17.4,7.1,,,,
7.427,8,Atta_8,143.4,2021.5,104.2,87.5,-9.5,,,,
7.427,9,Atta_9,167.8,2296.4,222.4,17.9,2.0,,,,
7.427,10,Atta_10,272.2,2496.6,326.2,75.3,1.5,,,,
7.493,1,Atta_1,218.4,136.0,330.8,81.0,1.1,,,,
7.493,2,Atta_2,223.9,363.7,313.5,-27.0,-5.2,,,,
7.493,3,Atta_3,243.3,551.8,296.4,-37.8,3.1,,,,
7.493,4,Atta_4,386.5,950.9,347.4,51.4,-0.1,,,,
7.493,5,Atta_5,338.7,1191.1,331.1,111.0,2.7,,,,
7.493,6,Atta_6,228.3,1445.9,333.5,-33.0,4.3,,,,
7.493,7,Atta_7,229.9,1658.3,327.1,34.6,3.4,,,,
7.493,8,Atta_8,230.6,2024.4,100.3,-87.2,-3.9,,,,
7.493,9,Atta_9,199.5,2252.5,226.9,54.1,4.5,,,,
7.493,10,Atta_10,269.4,2442.7,329.7,54.0,3.5,,,,
7.562,1,Atta_1,222.9,188.2,329.7,-52.4,-1.1,,,,
7.562,2,Atta_2,168.6,373.4,325.8,-56.1,12.3,,,,
7.562,3,Atta_3,213.8,586.3,301.9,-45.4,5.5,,,,
7.562,4,Atta_4,441.5,1004.5,347.7,76.8,0.3,,,,
7.562,5,Atta_5,216.3,1218.5,330.3,-125.4,-0.8,,,,
7.562,6,Atta_6,217.3,1422.2,333.2,26.1,-0.3,,,,
7.562,7,Atta_7,187.1,1654.6,328.8,-43.0,1.7,,,,
7.562,8,Atta_8,210.8,1988.8,94.4,-40.7,-5.9,,,,
7.562,9,Atta_9,156.6,2241.4,231.6,44.3,4.7,,,,
7.562,10,Atta_10,211.6,2483.5,326.0,-70.7,-3.7,,,,
7.631,1,Atta_1,187.1,189.9,330.2,-35.8,0.5,,,,
7.631,2,Atta_2,206.8,376.4,328.6,38.3,2.8,,,,
7.631,3,Atta_3,216.9,558.8,308.8,27.7,6.9,,,,
7.631,4,Atta_4,402.4,936.7,344.5,-78.3,-3.2,,,,
7.631,5,Atta_5,224.5,1209.8,329.8,12.0,-0.5,,,,
7.631,6,Atta_6,258.2,1471.6,332.1,64.1,-1.1,,,,
7.631,7,Atta_7,195.9,1650.4,327.2,9.8,-1.6,,,,
7.631,8,Atta_8,141.1,2013.2,93.6,73.8,-0.8,,,,
7.631,9,Atta_9,110.2,2262.0,235.4,50.8,3.8,,,,
7.631,10,Atta_10,255.4,2448.4,330.7,56.1,4.7,,,,
7.701,1,Atta_1,182.9,191.0,330.0,-4.3,-0.2,,,,
7.701,2,Atta_2,165.2,381.1,329.3,-41.9,0.7,,,,
7.701,3,Atta_3,195.4,535.0,310.4,32.1,1.6,,,,
7.701,4,Atta_4,424.9,931.6,346.7,23.1,2.2,,,,
7.701,5,Atta_5,232.2,1170.9,329.2,39.7,-0.6,,,,
7.701,6,Atta_6,165.9,1425.0,327.5,-103.4,-4.6,,,,
7.701,7,Atta_7,250.3,1652.7,330.9,54.4,3.7,,,,
7.701,8,Atta_8,215.8,2040.8,97.8,79.6,4.2,,,,
7.701,9,Atta_9,182.1,2229.5,244.7,-78.9,9.3,,,,
7.701,10,Atta_10,307.2,2419.2,328.4,59.5,-2.3,,,,
7.77,1,Atta_1,232.7,120.4,334.1,86.4,4.1,,,,
7.77,2,Atta_2,201.9,418.5,328.0,52.4,-1.3,,,,
7.77,3,Atta_3,219.6,554.9,314.2,31.3,3.8,,,,
7.77,4,Atta_4,407.4,988.0,348.8,-59.1,2.1,,,,
7.77,5,Atta_5,249.1,1199.5,328.9,-33.2,-0.3,,,,
7.77,6,Atta_6,222.5,1400.6,330.9,61.6,3.4,,,,
7.77,7,Atta_7,196.3,1672.3,328.8,-57.4,-2.1,,,,
7.77,8,Atta_8,205.3,2025.2,95.5,-18.8,-2.3,,,,
7.77,9,Atta_9,157.3,2335.6,243.4,-109.0,-1.3,,,,
7.77,10,Atta_10,316.3,2422.5,329.3,9.7,0.9,,,,
7.839,1,Atta_1,230.4,123.7,329.0,-4.0,-5.1,,,,
7.839,2,Atta_2,246.0,389.6,327.4,52.7,-0.6,,,,
7.839,3,Atta_3,178.9,588.3,317.3,-52.7,3.1,,,,
7.839,4,Atta_4,417.4,909.5,346.8,79.1,-2.0,,,,
7.839,5,Atta_5,292.1,1191.1,326.8,43.8,-2.1,,,,
7.839,6,Atta_6,269.4,1429.1,325.2,54.9,-5.7,,,,
7.839,7,Atta_7,202.3,1663.3,327.3,10.8,-1.5,,,,
7.839,8,Atta_8,241.5,2017.3,99.4,-37.1,3.9,,,,
7.839,9,Atta_9,166.9,2238.6,249.2,97.5,5.8,,,,
7.839,10,Atta_10,316.1,2462.0,328.7,-39.5,-0.6,,,,
7.906,1,Atta_1,249.4,182.6,331.4,-61.9,2.4,,,,
7.906,2,Atta_2,191.7,389.9,330.1,-54.3,2.7,,,,
7.906,3,Atta_3,249.9,602.6,326.6,72.4,9.3,,,,
7.906,4,Atta_4,436.3,977.1,340.7,70.2,-6.1,,,,
7.906,5,Atta_5,262.5,1216.5,330.9,-39.0,4.1,,,,
7.906,6,Atta_6,246.7,1402.5,329.7,-35.0,4.5,,,,
7.906,7,Atta_7,186.4,1655.3,327.6,-17.8,0.3,,,,
7.906,8,Atta_8,144.6,2073.5,97.7,112.0,-1.7,,,,
7.906,9,Atta_9,173.8,2249.0,253.2,-12.5,4.0,,,,
7.906,10,Atta_10,309.9,2441.9,326.6,21.0,-2.1,,,,
7.971,1,Atta_1,255.3,161.1,328.7,22.3,-2.7,,,,
7.971,2,Atta_2,208.1,360.0,328.4,34.1,-1.7,,,,
7.971,3,Atta_3,181.2,534.0,327.9,-97.1,1.3,,,,
7.971,4,Atta_4,430.3,965.4,347.6,-13.1,6.9,,,,
7.971,5,Atta_5,292.4,1190.3,328.4,39.8,-2.5,,,,
7.971,6,Atta_6,285.0,1419.2,333.0,41.8,3.3,,,,
7.971,7,Atta_7,231.5,1679.5,327.6,51.2,0.0,,,,
7.971,8,Atta_8,200.3,1965.5,97.2,-121.5,-0.5,,,,
7.971,9,Atta_9,153.5,2281.5,259.5,-38.3,6.3,,,,
7.971,10,Atta_10,346.4,2466.4,328.5,44.0,1.9,,,,
8.04,1,Atta_1,230.2,186.8,329.5,-35.9,0.8,,,,
8.04,2,Atta_2,205.7,354.1,329.9,6.4,1.5,,,,
8.04,3,Atta_3,222.4,586.7,333.2,66.9,5.3,,,,
8.04,4,Atta_4,440.2,938.3,344.7,28.9,-2.9,,,,
8.04,5,Atta_5,315.6,1200.7,322.2,25.4,-6.2,,,,
8.04,6,Atta_6,265.8,1367.5,328.7,55.2,-4.3,,,,
8.04,7,Atta_7,231.6,1641.9,333.7,37.6,6.1,,,,
8.04,8,Atta_8,177.9,2033.3,93.2,71.4,-4.0,,,,
8.04,9,Atta_9,125.7,2230.2,263.4,58.3,3.9,,,,
8.04,10,Atta_10,343.2,2411.2,338.2,55.3,9.7,,,,
8.107,1,Atta_1,265.4,173.0,330.6,37.8,1.1,,,,
8.107,2,Atta_2,178.6,330.0,328.8,-36.3,-1.1,,,,
8.107,3,Atta_3,186.5,534.8,329.2,-63.1,-4.0,,,,
8.107,4,Atta_4,446.7,956.4,346.0,19.2,1.3,,,,
8.107,5,Atta_5,338.7,1165.5,319.6,42.1,-2.6,,,,
8.107,6,Atta_6,295.7,1396.1,330.5,41.4,1.8,,,,
8.107,7,Atta_7,315.5,1624.4,328.0,85.7,-5.7,,,,
8.107,8,Atta_8,253.7,2061.1,95.0,80.7,1.8,,,,
8.107,9,Atta_9,167.4,2285.6,270.6,-69.3,7.2,,,,
8.107,10,Atta_10,313.2,2437.7,342.1,-40.0,3.9,,,,
8.177,1,Atta_1,250.5,125.5,328.9,49.8,-1.7,,,,
8.177,2,Atta_2,194.3,335.0,329.6,16.5,0.8,,,,
8.177,3,Atta_3,204.5,569.1,329.8,-38.7,0.6,,,,
8.177,4,Atta_4,504.1,991.5,349.0,67.3,3.0,,,,
8.177,5,Atta_5,291.5,1170.8,313.7,-47.5,-5.9,,,,
8.177,6,Atta_6,311.9,1404.7,328.6,18.3,-1.9,,,,
8.177,7,Atta_7,270.2,1615.6,329.8,-46.1,1.8,,,,
8.177,8,Atta_8,195.3,2106.9,93.3,74.2,-1.7,,,,
8.177,9,Atta_9,183.0,2228.5,270.0,59.2,-0.6,,,,
8.177,10,Atta_10,307.1,2399.1,345.6,39.1,3.5,,,,
8.242,1,Atta_1,331.0,40.9,333.9,116.8,5.0,,,,
8.242,2,Atta_2,222.5,295.1,328.3,48.9,-1.3,,,,
8.242,3,Atta_3,216.9,565.9,328.9,12.8,-0.9,,,,
8.242,4,Atta_4,491.6,937.7,344.4,-55.2,-4.6,,,,
8.242,5,Atta_5,318.1,1159.9,308.5,28.7,-5.2,,,,
8.242,6,Atta_6,318.6,1409.3,331.6,8.1,3.0,,,,
8.242,7,Atta_7,264.7,1643.0,331.9,-27.9,2.1,,,,
8.242,8,Atta_8,175.6,2108.1,92.7,19.7,-0.6,,,,
8.242,9,Atta_9,149.8,2167.6,271.2,69.4,1.2,,,,
8.242,10,Atta_10,318.0,2378.6,350.2,23.2,4.6,,,,
8.312,1,Atta_1,270.7,147.3,332.8,-122.3,-1.1,,,,
8.312,2,Atta_2,265.0,356.1,327.0,74.3,-1.3,,,,
8.312,3,Atta_3,203.8,585.2,329.2,-23.3,0.3,,,,
8.312,4,Atta_4,481.2,945.3,345.6,-12.9,1.2,,,,
8.312,5,Atta_5,343.4,1225.0,304.0,-69.8,-4.5,,,,
8.312,6,Atta_6,393.8,1367.4,324.0,86.1,-7.6,,,,
8.312,7,Atta_7,268.7,1575.6,328.6,67.5,-3.3,,,,
8.312,8,Atta_8,203.5,2106.9,95.8,-27.9,3.1,,,,
8.312,9,Atta_9,150.6,2280.3,278.6,-112.7,7.4,,,,
8.312,10,Atta_10,278.9,2396.9,355.7,-43.2,5.5,,,,
8.383,1,Atta_1,301.3,89.7,335.3,65.2,2.5,,,,
8.383,2,Atta_2,261.7,368.5,330.3,-12.8,3.3,,,,
8.383,3,Atta_3,223.9,536.2,329.4,53.0,0.2,,,,
8.383,4,Atta_4,519.9,922.2,342.9,45.1,-2.7,,,,
8.383,5,Atta_5,273.4,1204.6,305.0,-72.9,1.0,,,,
8.383,6,Atta_6,259.1,1384.8,321.4,-135.8,-2.6,,,,
8.383,7,Atta_7,224.2,1595.3,326.5,-48.7,-2.1,,,,
8.383,8,Atta_8,225.2,2133.3,95.2,34.2,-0.6,,,,
8.383,9,Atta_9,122.8,2233.7,274.9,54.3,-3.7,,,,
8.383,10,Atta_10,306.3,2424.7,357.6,39.0,1.9,,,,
8.445,1,Atta_1,254.1,109.6,338.5,-51.2,3.2,,,,
8.445,2,Atta_2,253.7,349.1,325.8,21.0,-4.5,,,,
8.445,3,Atta_3,287.2,561.3,327.7,68.1,-1.7,,,,
8.445,4,Atta_4,544.2,913.0,344.6,26.0,1.7,,,,
8.445,5,Atta_5,305.5,1163.7,305.1,52.0,0.1,,,,
8.445,6,Atta_6,264.9,1421.4,316.9,-37.1,-4.5,,,,
8.445,7,Atta_7,309.9,1636.4,329.9,95.0,3.4,,,,
8.445,8,Atta_8,159.6,2078.9,92.3,-85.2,-2.9,,,,
8.445,9,Atta_9,175.5,2194.8,272.2,65.5,-2.7,,,,
8.445,10,Atta_10,329.4,2457.4,3.7,40.0,6.1,,,,
8.516,1,Atta_1,260.7,125.3,339.5,17.0,1.0,,,,
8.516,2,Atta_2,331.1,342.7,331.8,77.7,6.0,,,,
8.516,3,Atta_3,232.3,492.8,326.9,-87.8,-0.8,,,,
8.516,4,Atta_4,583.1,910.8,346.6,39.0,2.0,,,,
8.516,5,Atta_5,251.8,1177.7,302.0,-55.5,-3.1,,,,
8.516,6,Atta_6,352.9,1375.6,310.4,99.2,-6.5,,,,
8.516,7,Atta_7,348.3,1528.8,335.8,114.2,5.9,,,,
8.516,8,Atta_8,225.8,2059.9,95.2,-68.9,2.9,,,,
8.516,9,Atta_9,198.9,2267.8,273.2,-76.7,1.0,,,,
8.516,10,Atta_10,243.5,2414.5,8.4,-96.0,4.7,,,,
8.585,1,Atta_1,280.7,135.8,343.5,22.6,4.0,,,,
8.585,2,Atta_2,340.3,300.0,327.9,43.7,-3.9,,,,
8.585,3,Atta_3,247.9,563.9,331.2,-72.8,4.3,,,,
8.585,4,Atta_4,606.8,953.6,345.0,48.9,-1.6,,,,
8.585,5,Atta_5,283.0,1183.3,306.0,31.7,4.0,,,,
8.585,6,Atta_6,325.3,1374.2,305.6,-27.6,-4.8,,,,
8.585,7,Atta_7,346.3,1556.9,329.1,-28.2,-6.7,,,,
8.585,8,Atta_8,195.2,2101.3,94.4,51.5,-0.8,,,,
8.585,9,Atta_9,124.1,2210.1,273.2,94.5,0.0,,,,
8.585,10,Atta_10,286.5,2488.9,8.9,85.9,0.5,,,,
8.651,1,Atta_1,283.5,92.4,347.6,43.5,4.1,,,,
8.651,2,Atta_2,365.9,286.9,328.5,28.8,0.6,,,,
8.651,3,Atta_3,211.2,547.9,332.2,-40.0,1.0,,,,
8.651,4,Atta_4,641.7,961.1,345.1,35.7,0.1,,,,
8.651,5,Atta_5,262.1,1155.9,302.3,34.5,-3.7,,,,
8.651,6,Atta_6,381.8,1383.1,304.3,57.2,-1.3,,,,
8.651,7,Atta_7,279.3,1604.2,325.2,-82.0,-3.9,,,,
8.651,8,Atta_8,186.9,2093.6,94.6,-11.3,0.2,,,,
8.651,9,Atta_9,168.3,2294.9,274.3,-95.6,1.1,,,,
8.651,10,Atta_10,304.5,2438.3,14.0,53.7,5.1,,,,
8.717,1,Atta_1,233.0,111.1,356.1,-53.9,8.5,,,,
8.717,2,Atta_2,249.5,311.1,328.3,-118.9,-0.2,,,,
8.717,3,Atta_3,275.3,536.3,328.5,65.1,-3.7,,,,
8.717,4,Atta_4,564.9,960.1,343.4,-76.8,-1.7,,,,
8.717,5,Atta_5,285.7,1210.4,303.4,-59.4,1.1,,,,
8.717,6,Atta_6,280.8,1416.1,298.9,-106.3,-5.4,,,,
8.717,7,Atta_7,277.5,1576.9,321.1,27.4,-4.1,,,,
8.717,8,Atta_8,255.2,1998.4,94.0,-117.2,-0.6,,,,
8.717,9,Atta_9,201.9,2234.3,277.0,69.3,2.7,,,,
8.717,10,Atta_10,357.5,2448.2,19.9,53.9,5.9,,,,
8.847,1,Atta_1,306.7,125.2,355.5,75.0,-0.6,,,,
8.847,2,Atta_2,297.2,261.1,318.7,69.1,-9.6,,,,
8.847,3,Atta_3,325.0,527.7,327.1,50.4,-1.4,,,,
8.847,4,Atta_4,542.9,902.9,342.5,-61.3,-0.9,,,,
8.847,5,Atta_5,275.5,1248.0,301.5,-39.0,-1.9,,,,
8.847,6,Atta_6,307.4,1389.4,293.8,37.7,-5.1,,,,
8.847,7,Atta_7,308.9,1585.0,316.7,32.4,-4.4,,,,
8.847,8,Atta_8,192.7,2106.2,92.3,124.6,-1.7,,,,
8.847,9,Atta_9,111.6,2190.8,272.9,100.2,-4.1,,,,
8.847,10,Atta_10,252.1,2442.6,27.2,-105.5,7.3,,,,
8.914,1,Atta_1,284.5,108.5,3.2,-27.8,7.7,,,,
8.914,2,Atta_2,243.3,267.8,319.3,-54.3,0.6,,,,
8.914,3,Atta_3,297.7,516.3,333.4,-29.6,6.3,,,,
8.914,4,Atta_4,587.6,905.0,346.3,44.7,3.8,,,,
8.914,5,Atta_5,281.1,1168.4,305.0,79.8,3.5,,,,
8.914,6,Atta_6,275.3,1420.4,292.6,-44.6,-1.2,,,,
8.914,7,Atta_7,297.2,1544.3,313.0,42.3,-3.7,,,,
8.914,8,Atta_8,180.4,2102.6,96.4,-12.8,4.1,,,,
8.914,9,Atta_9,181.0,2174.4,275.4,71.3,2.5,,,,
8.914,10,Atta_10,297.4,2477.0,29.9,56.9,2.7,,,,
8.969,1,Atta_1,327.3,130.0,5.7,47.9,2.5,,,,
8.969,2,Atta_2,259.5,321.2,313.6,-55.8,-5.7,,,,
8.969,3,Atta_3,327.3,434.5,326.9,87.0,-6.5,,,,
8.969,4,Atta_4,701.6,920.8,346.8,115.1,0.5,,,,
8.969,5,Atta_5,312.0,1111.8,301.5,64.5,-3.5,,,,
8.969,6,Atta_6,307.3,1386.5,285.4,46.6,-7.2,,,,
8.969,7,Atta_7,311.7,1583.0,307.3,-41.3,-5.7,,,,
8.969,8,Atta_8,232.9,2034.3,94.1,-86.1,-2.3,,,,
8.969,9,Atta_9,87.0,2175.0,276.1,-94.0,0.7,,,,
8.969,10,Atta_10,332.0,2428.1,34.4,59.9,4.5,,,,
9.036,1,Atta_1,315.2,164.0,5.7,-36.1,0.0,,,,
9.036,2,Atta_2,339.3,350.4,310.3,85.0,-3.3,,,,
9.036,3,Atta_3,292.5,476.8,323.8,-54.8,-3.1,,,,
9.036,4,Atta_4,649.1,942.9,346.5,-57.0,-0.3,,,,
9.036,5,Atta_5,356.2,1146.4,301.6,-56.1,0.1,,,,
9.036,6,Atta_6,326.8,1361.0,281.9,32.1,-3.5,,,,
9.036,7,Atta_7,343.7,1591.8,303.1,33.2,-4.2,,,,
9.036,8,Atta_8,240.2,2097.2,94.6,63.3,0.5,,,,
9.036,9,Atta_9,181.6,2168.9,277.6,94.8,1.5,,,,
9.036,10,Atta_10,307.2,2461.9,38.2,-41.9,3.8,,,,
9.087,1,Atta_1,300.7,134.7,16.9,-32.7,11.2,,,,
9.087,2,Atta_2,280.1,304.0,301.5,-75.2,-8.8,,,,
9.087,3,Atta_3,342.1,602.0,330.3,-134.7,6.5,,,,
9.087,4,Atta_4,652.1,906.4,344.7,36.6,-1.8,,,,
9.087,5,Atta_5,331.2,1073.5,305.1,77.1,3.5,,,,
9.087,6,Atta_6,318.0,1345.3,275.1,18.0,-6.8,,,,
9.087,7,Atta_7,330.3,1682.2,302.3,-91.4,-0.8,,,,
9.087,8,Atta_8,219.2,2047.4,88.8,-54.0,-5.8,,,,
9.087,9,Atta_9,189.4,2208.5,273.7,-40.4,-3.9,,,,
9.087,10,Atta_10,312.7,2383.6,40.6,-78.5,2.4,,,,
9.137,1,Atta_1,343.9,122.3,23.4,44.9,6.5,,,,
9.137,2,Atta_2,330.9,285.0,304.4,54.2,2.9,,,,
9.137,3,Atta_3,332.3,531.7,339.1,71.0,8.8,,,,
9.137,4,Atta_4,674.6,899.1,344.5,23.7,-0.2,,,,
9.137,5,Atta_5,391.0,1089.0,299.7,61.8,-5.4,,,,
9.137,6,Atta_6,314.2,1426.6,273.0,-81.4,-2.1,,,,
9.137,7,Atta_7,334.0,1607.1,292.9,75.2,-9.4,,,,
9.137,8,Atta_8,228.2,2046.7,81.2,-9.0,-7.6,,,,
9.137,9,Atta_9,152.5,2179.4,274.3,47.0,0.6,,,,
9.137,10,Atta_10,324.8,2457.0,41.7,74.4,1.1,,,,
9.207,1,Atta_1,363.0,140.0,25.3,26.0,1.9,,,,
9.207,2,Atta_2,351.7,371.5,295.4,-89.0,-9.0,,,,
9.207,3,Atta_3,318.3,512.7,340.1,-23.6,1.0,,,,
9.207,4,Atta_4,641.7,952.0,342.1,-62.3,-2.4,,,,
9.207,5,Atta_5,398.9,1099.1,302.7,-12.8,3.0,,,,
9.207,6,Atta_6,303.2,1441.0,266.7,-18.1,-6.3,,,,
9.207,7,Atta_7,374.2,1584.4,287.4,46.2,-5.5,,,,
9.207,8,Atta_8,191.4,2038.8,76.5,-37.6,-4.7,,,,
9.207,9,Atta_9,188.1,2202.4,276.5,-42.4,2.2,,,,
9.207,10,Atta_10,299.0,2445.5,42.3,-28.2,0.6,,,,
9.33,1,Atta_1,292.3,138.4,30.9,-70.7,5.6,,,,
9.33,2,Atta_2,342.2,319.8,289.9,52.6,-5.5,,,,
9.33,3,Atta_3,294.0,490.2,345.9,-33.1,5.8,,,,
9.33,4,Atta_4,703.4,908.6,344.7,75.4,2.6,,,,
9.33,5,Atta_5,329.6,1156.7,302.3,-90.1,-0.4,,,,
9.33,6,Atta_6,346.0,1374.9,265.8,78.7,-0.9,,,,
9.33,7,Atta_7,341.5,1616.5,286.8,-45.8,-0.6,,,,
9.33,8,Atta_8,221.8,2026.3,74.4,-32.9,-2.1,,,,
9.33,9,Atta_9,118.4,2233.5,274.1,-76.3,-2.4,,,,
9.33,10,Atta_10,262.1,2455.7,43.3,-38.3,1.0,,,,
9.381,1,Atta_1,241.1,116.8,32.0,-55.6,1.1,,,,
9.381,2,Atta_2,310.9,287.4,290.4,45.0,0.5,,,,
9.381,3,Atta_3,368.1,497.1,350.5,74.4,4.6,,,,
9.381,4,Atta_4,682.7,865.0,342.2,-48.3,-2.5,,,,
9.381,5,Atta_5,383.4,1099.7,300.7,78.4,-1.6,,,,
9.381,6,Atta_6,315.6,1413.8,258.5,-49.4,-7.3,,,,
9.381,7,Atta_7,329.1,1592.8,281.8,26.7,-5.0,,,,
9.381,8,Atta_8,182.5,1996.6,71.0,-49.3,-3.4,,,,
9.381,9,Atta_9,192.0,2221.8,275.1,74.5,1.0,,,,
9.381,10,Atta_10,312.0,2436.4,42.9,53.5,-0.4,,,,
9.451,1,Atta_1,261.5,48.5,28.5,-71.3,-3.5,,,,
9.451,2,Atta_2,308.1,260.3,281.4,27.2,-9.0,,,,
9.451,3,Atta_3,276.4,479.1,355.8,-93.4,5.3,,,,
9.451,4,Atta_4,675.2,930.6,342.0,-66.0,-0.2,,,,
9.451,5,Atta_5,333.9,1071.5,299.7,-57.0,-1.0,,,,
9.451,6,Atta_6,327.2,1413.1,255.9,-11.6,-2.6,,,,
9.451,7,Atta_7,329.2,1529.0,276.9,63.8,-4.9,,,,
9.451,8,Atta_8,225.0,1977.5,62.1,-46.6,-8.9,,,,
9.451,9,Atta_9,105.4,2198.1,277.1,89.8,2.0,,,,
9.451,10,Atta_10,324.1,2428.2,42.3,14.6,-0.6,,,,
9.52,1,Atta_1,292.6,48.7,31.0,31.1,2.5,,,,
9.52,2,Atta_2,309.8,267.3,278.3,-7.2,-3.1,,,,
9.52,3,Atta_3,327.7,548.3,1.3,86.1,5.5,,,,
9.52,4,Atta_4,744.6,944.6,343.2,70.8,1.2,,,,
9.52,5,Atta_5,334.6,1088.8,304.1,-17.3,4.4,,,,
9.52,6,Atta_6,317.5,1365.4,251.0,48.7,-4.9,,,,
9.52,7,Atta_7,287.3,1577.3,271.3,-63.9,-5.6,,,,
9.52,8,Atta_8,142.0,2098.0,57.9,146.3,-4.2,,,,
9.52,9,Atta_9,180.4,2204.4,273.0,75.3,-4.1,,,,
9.52,10,Atta_10,308.3,2429.7,43.0,-15.9,0.7,,,,
9.588,1,Atta_1,284.7,122.2,32.2,73.9,1.2,,,,
9.588,2,Atta_2,320.2,311.0,271.9,-44.9,-6.4,,,,
9.588,3,Atta_3,308.8,507.4,3.6,-45.1,2.3,,,,
9.588,4,Atta_4,699.7,880.9,347.3,-77.9,4.1,,,,
9.588,5,Atta_5,413.1,1063.4,303.6,82.5,-0.5,,,,
9.588,6,Atta_6,309.3,1413.9,245.3,-49.2,-5.7,,,,
9.588,7,Atta_7,252.1,1588.7,266.1,-37.0,-5.2,,,,
9.588,8,Atta_8,173.9,1987.3,52.8,-115.2,-5.1,,,,
9.588,9,Atta_9,135.5,2218.6,276.0,-47.1,3.0,,,,
9.588,10,Atta_10,288.6,2460.6,44.9,36.6,1.9,,,,
9.654,1,Atta_1,307.3,141.9,29.0,30.0,-3.2,,,,
9.654,2,Atta_2,307.8,372.4,269.7,-62.6,-2.2,,,,
9.654,3,Atta_3,306.4,479.4,4.5,-28.1,0.9,,,,
9.654,4,Atta_4,732.9,869.1,345.2,35.2,-2.1,,,,
9.654,5,Atta_5,363.0,1078.9,300.0,-52.4,-3.6,,,,
9.654,6,Atta_6,318.8,1360.5,243.9,54.2,-1.4,,,,
9.654,7,Atta_7,326.7,1642.7,262.1,-92.1,-4.0,,,,
9.654,8,Atta_8,210.3,2054.5,49.6,76.4,-3.2,,,,
9.654,9,Atta_9,219.8,2279.0,269.3,-103.7,-6.7,,,,
9.654,10,Atta_10,316.5,2498.9,39.3,47.4,-5.6,,,,
9.723,1,Atta_1,308.7,123.9,31.0,-18.1,2.0,,,,
9.723,2,Atta_2,396.4,295.3,262.3,117.4,-7.4,,,,
9.723,3,Atta_3,383.1,517.1,14.3,85.5,9.8,,,,
9.723,4,Atta_4,644.8,859.3,345.3,-88.6,0.1,,,,
9.723,5,Atta_5,353.1,1070.6,299.3,12.9,-0.7,,,,
9.723,6,Atta_6,320.8,1416.3,243.6,-55.8,-0.3,,,,
9.723,7,Atta_7,315.4,1536.1,262.1,107.2,0.0,,,,
9.723,8,Atta_8,154.3,2047.0,46.4,-56.5,-3.2,,,,
9.723,9,Atta_9,176.2,2288.9,266.6,-44.7,-2.7,,,,
9.723,10,Atta_10,387.4,2456.0,42.4,82.9,3.1,,,,
9.791,1,Atta_1,337.9,126.3,33.7,29.3,2.7,,,,
9.791,2,Atta_2,345.9,298.6,257.8,50.6,-4.5,,,,
9.791,3,Atta_3,338.9,484.0,15.6,-55.2,1.3,,,,
9.791,4,Atta_4,698.8,975.0,344.4,127.7,-0.9,,,,
9.791,5,Atta_5,383.0,1031.4,305.9,49.3,6.6,,,,
9.791,6,Atta_6,313.1,1394.1,241.4,23.5,-2.2,,,,
9.791,7,Atta_7,310.9,1596.1,253.0,-60.2,-9.1,,,,
9.791,8,Atta_8,247.9,2067.2,43.7,95.8,-2.7,,,,
9.791,9,Atta_9,145.4,2251.7,257.6,48.3,-9.0,,,,
9.791,10,Atta_10,357.8,2486.1,41.2,-42.2,-1.2,,,,
9.86,1,Atta_1,350.8,144.9,26.4,22.6,-7.3,,,,
9.86,2,Atta_2,344.1,296.7,250.4,2.6,-7.4,,,,
9.86,3,Atta_3,331.0,560.5,21.4,76.9,5.8,,,,
9.86,4,Atta_4,734.6,925.0,348.1,61.5,3.7,,,,
9.86,5,Atta_5,420.5,1067.3,302.8,-51.9,-3.1,,,,
9.86,6,Atta_6,293.9,1364.4,241.4,35.4,0.0,,,,
9.86,7,Atta_7,311.2,1601.5,246.4,-5.4,-6.6,,,,
9.86,8,Atta_8,220.9,2043.5,37.5,-35.9,-6.2,,,,
9.86,9,Atta_9,131.3,2237.8,257.1,19.8,-0.5,,,,
9.86,10,Atta_10,361.2,2510.5,40.0,24.6,-1.2,,,,
9.929,1,Atta_1,368.3,128.5,29.5,24.0,3.1,,,,
9.929,2,Atta_2,301.8,269.9,256.0,50.1,5.6,,,,
9.929,3,Atta_3,278.2,482.6,27.7,-94.1,6.3,,,,
9.929,4,Atta_4,768.5,874.9,343.8,60.5,-4.3,,,,
9.929,5,Atta_5,416.2,1028.5,306.5,39.0,3.7,,,,
9.929,6,Atta_6,303.3,1354.4,243.9,13.7,2.5,,,,
9.929,7,Atta_7,312.7,1546.7,243.1,54.8,-3.3,,,,
9.929,8,Atta_8,236.9,2016.0,38.9,-31.8,1.4,,,,
9.929,9,Atta_9,171.3,2240.2,251.8,-40.1,-5.3,,,,
9.929,10,Atta_10,417.3,2498.9,42.1,57.3,2.1,,,,
10.002,1,Atta_1,413.7,151.6,29.6,50.9,0.1,,,,
10.002,2,Atta_2,340.2,240.1,243.6,48.6,-12.4,,,,
10.002,3,Atta_3,349.5,507.9,31.4,75.7,3.7,,,,
10.002,4,Atta_4,763.3,830.8,349.1,44.4,5.3,,,,
10.002,5,Atta_5,413.9,939.8,302.1,88.7,-4.4,,,,
10.002,6,Atta_6,343.4,1371.6,241.5,-43.6,-2.4,,,,
10.002,7,Atta_7,283.2,1630.7,240.4,-89.0,-2.7,,,,
10.002,8,Atta_8,211.1,2054.5,34.8,46.3,-4.1,,,,
10.002,9,Atta_9,188.6,2239.7,244.7,-17.3,-7.1,,,,
10.002,10,Atta_10,403.5,2492.4,41.2,-15.3,-0.9,,,,
10.061,1,Atta_1,361.5,112.5,29.0,-65.2,-0.6,,,,
10.061,2,Atta_2,353.1,282.9,241.9,-44.7,-1.7,,,,
10.061,3,Atta_3,307.7,449.2,33.6,-72.1,2.2,,,,
10.061,4,Atta_4,778.8,925.5,343.0,-96.0,-6.1,,,,
10.061,5,Atta_5,353.1,1013.7,304.6,-95.7,2.5,,,,
10.061,6,Atta_6,355.1,1346.1,238.1,28.1,-3.4,,,,
10.061,7,Atta_7,316.8,1565.1,237.2,73.7,-3.2,,,,
10.061,8,Atta_8,219.4,2023.5,41.9,-32.1,7.1,,,,
10.061,9,Atta_9,158.8,2306.5,244.6,-73.1,-0.1,,,,
10.061,10,Atta_10,371.8,2564.3,42.1,78.6,0.9,,,,
10.127,1,Atta_1,343.1,103.7,27.4,-20.4,-1.6,,,,
10.127,2,Atta_2,317.4,314.1,238.6,-47.4,-3.3,,,,
10.127,3,Atta_3,286.7,487.9,38.6,44.0,5.0,,,,
10.127,4,Atta_4,829.2,892.3,347.6,60.4,4.6,,,,
10.127,5,Atta_5,448.0,1038.1,302.8,98.0,-1.8,,,,
10.127,6,Atta_6,290.7,1391.9,231.9,-79.0,-6.2,,,,
10.127,7,Atta_7,373.2,1622.1,231.1,-80.2,-6.1,,,,
10.127,8,Atta_8,259.8,2080.9,37.5,70.2,-4.4,,,,
10.127,9,Atta_9,117.5,2274.3,236.0,52.4,-8.6,,,,
10.127,10,Atta_10,381.2,2492.5,41.8,-72.4,-0.3,,,,
10.197,1,Atta_1,410.8,155.5,29.8,85.2,2.4,,,,
10.197,2,Atta_2,349.8,292.5,237.2,38.9,-1.4,,,,
10.197,3,Atta_3,280.9,465.0,44.1,-23.6,5.5,,,,
10.197,4,Atta_4,797.8,881.6,341.1,-33.2,-6.5,,,,
10.197,5,Atta_5,438.4,971.5,302.8,67.3,0.0,,,,
10.197,6,Atta_6,270.1,1361.3,228.6,36.9,-3.3,,,,
10.197,7,Atta_7,278.2,1514.7,224.7,143.4,-6.4,,,,
10.197,8,Atta_8,217.7,1981.3,35.7,-108.1,-1.8,,,,
10.197,9,Atta_9,199.0,2276.3,233.8,-81.5,-2.2,,,,
10.197,10,Atta_10,385.6,2491.1,44.1,4.6,2.3,,,,
10.264,1,Atta_1,408.0,146.8,33.7,-9.1,3.9,,,,
10.264,2,Atta_2,314.0,321.6,228.2,-46.1,-9.0,,,,
10.264,3,Atta_3,318.1,545.0,46.6,88.2,2.5,,,,
10.264,4,Atta_4,766.0,867.9,344.4,-34.6,3.3,,,,
10.264,5,Atta_5,425.3,1004.7,302.2,-35.7,-0.6,,,,
10.264,6,Atta_6,260.7,1320.2,221.9,42.2,-6.7,,,,
10.264,7,Atta_7,296.7,1584.3,222.0,-72.0,-2.7,,,,
10.264,8,Atta_8,242.6,2099.7,38.6,121.0,2.9,,,,
10.264,9,Atta_9,236.1,2325.7,229.3,-61.8,-4.5,,,,
10.264,10,Atta_10,403.2,2484.3,45.9,18.9,1.8,,,,
10.33,1,Atta_1,429.6,160.8,32.6,25.7,-1.1,,,,
10.33,2,Atta_2,297.0,295.3,224.7,31.3,-3.5,,,,
10.33,3,Atta_3,345.8,549.3,49.5,28.0,2.9,,,,
10.33,4,Atta_4,792.8,844.7,344.6,35.4,0.2,,,,
10.33,5,Atta_5,450.2,913.9,301.8,94.2,-0.4,,,,
10.33,6,Atta_6,304.2,1362.6,218.5,-60.7,-3.4,,,,
10.33,7,Atta_7,317.3,1601.8,214.1,-27.0,-7.9,,,,
10.33,8,Atta_8,195.6,2029.9,33.5,-84.1,-5.1,,,,
10.33,9,Atta_9,152.3,2217.8,222.9,136.6,-6.4,,,,
10.33,10,Atta_10,431.9,2530.9,41.2,54.7,-4.7,,,,
10.396,1,Atta_1,407.7,149.1,31.5,-24.8,-1.1,,,,
10.396,2,Atta_2,342.7,277.7,217.3,-49.0,-7.4,,,,
10.396,3,Atta_3,293.7,549.1,54.2,-52.1,4.7,,,,
10.396,4,Atta_4,916.1,842.1,342.5,123.3,-2.1,,,,
10.396,5,Atta_5,412.7,917.5,300.1,-37.7,-1.7,,,,
10.396,6,Atta_6,330.8,1425.6,215.1,-68.4,-3.4,,,,
10.396,7,Atta_7,325.0,1594.7,209.4,-10.5,-4.7,,,,
10.396,8,Atta_8,242.1,2102.0,38.3,85.8,4.8,,,,
10.396,9,Atta_9,197.8,2254.8,222.4,-58.6,-0.5,,,,
10.396,10,Atta_10,424.4,2525.7,40.6,-9.1,-0.6,,,,
10.465,1,Atta_1,403.5,197.8,32.3,48.9,0.8,,,,
10.465,2,Atta_2,348.3,288.9,214.2,-12.5,-3.1,,,,
10.465,3,Atta_3,290.5,563.3,61.0,14.6,6.8,,,,
10.465,4,Atta_4,872.1,790.1,344.1,-68.1,1.6,,,,
10.465,5,Atta_5,481.1,928.4,301.6,69.3,1.5,,,,
10.465,6,Atta_6,313.9,1364.7,207.9,63.2,-7.2,,,,
10.465,7,Atta_7,334.1,1643.4,206.4,-49.5,-3.0,,,,
10.465,8,Atta_8,212.0,2079.4,37.6,-37.6,-0.7,,,,
10.465,9,Atta_9,174.4,2290.4,217.1,-42.6,-5.3,,,,
10.465,10,Atta_10,404.4,2513.1,40.9,-23.6,0.3,,,,
10.535,1,Atta_1,426.5,228.8,34.2,38.6,1.9,,,,
10.535,2,Atta_2,355.5,274.7,213.8,15.9,-0.4,,,,
10.535,3,Atta_3,322.4,509.0,57.9,-63.0,-3.1,,,,
10.535,4,Atta_4,869.8,912.0,344.4,-121.9,0.3,,,,
10.535,5,Atta_5,462.3,966.7,304.2,-42.7,2.6,,,,
10.535,6,Atta_6,316.1,1421.3,202.5,-56.6,-5.4,,,,
10.535,7,Atta_7,335.2,1570.6,205.4,72.8,-1.0,,,,
10.535,8,Atta_8,268.0,2050.8,41.1,62.9,3.5,,,,
10.535,9,Atta_9,163.9,2275.7,215.8,18.1,-1.3,,,,
10.535,10,Atta_10,440.0,2568.4,40.4,65.8,-0.5,,,,
10.606,1,Atta_1,448.6,227.6,35.1,22.1,0.9,,,,
10.606,2,Atta_2,278.9,338.2,205.4,99.5,-8.4,,,,
10.606,3,Atta_3,323.8,453.2,56.1,-55.8,-1.8,,,,
10.606,4,Atta_4,914.3,807.5,347.2,113.6,2.8,,,,
10.606,5,Atta_5,423.7,921.3,305.8,59.6,1.6,,,,
10.606,6,Atta_6,294.1,1443.3,202.2,31.1,-0.3,,,,
10.606,7,Atta_7,238.9,1594.7,200.1,99.3,-5.3,,,,
10.606,8,Atta_8,220.6,2067.4,38.6,-50.2,-2.5,,,,
10.606,9,Atta_9,153.1,2228.6,219.3,48.3,3.5,,,,
10.606,10,Atta_10,471.2,2558.7,40.4,32.7,0.0,,,,
10.669,1,Atta_1,475.5,176.4,32.3,-57.8,-2.8,,,,
10.669,2,Atta_2,389.2,319.7,202.6,-111.8,-2.8,,,,
10.669,3,Atta_3,336.0,517.3,60.1,65.3,4.0,,,,
10.669,4,Atta_4,934.0,829.5,343.1,29.5,-4.1,,,,
10.669,5,Atta_5,543.7,902.1,304.4,121.5,-1.4,,,,
10.669,6,Atta_6,307.7,1380.9,195.9,63.9,-6.3,,,,
10.669,7,Atta_7,302.1,1528.6,192.9,-91.5,-7.2,,,,
10.669,8,Atta_8,327.5,1996.0,39.9,128.6,1.3,,,,
10.669,9,Atta_9,169.1,2221.2,215.2,-17.6,-4.1,,,,
10.669,10,Atta_10,432.4,2568.4,43.3,-40.0,2.9,,,,
10.739,1,Atta_1,430.5,254.8,30.9,90.4,-1.4,,,,
10.739,2,Atta_2,311.9,299.7,195.9,79.8,-6.7,,,,
10.739,3,Atta_3,292.4,558.2,59.2,59.8,-0.9,,,,
10.739,4,Atta_4,886.0,807.7,344.1,-52.7,1.0,,,,
10.739,5,Atta_5,518.3,906.6,302.8,-25.8,-1.6,,,,
10.739,6,Atta_6,312.4,1423.0,189.3,-42.4,-6.6,,,,
10.739,7,Atta_7,317.0,1572.6,190.9,-46.5,-2.0,,,,
10.739,8,Atta_8,262.7,2106.7,38.3,128.3,-1.6,,,,
10.739,9,Atta_9,166.1,2292.2,218.5,-71.1,3.3,,,,
10.739,10,Atta_10,450.2,2566.2,40.2,17.9,-3.1,,,,
10.806,1,Atta_1,484.1,203.7,28.3,74.1,-2.6,,,,
10.806,2,Atta_2,310.9,265.6,189.2,34.1,-6.7,,,,
10.806,3,Atta_3,298.2,471.0,59.0,-87.4,-0.2,,,,
10.806,4,Atta_4,961.2,835.0,348.2,80.0,4.1,,,,
10.806,5,Atta_5,488.7,877.9,301.3,41.2,-1.5,,,,
10.806,6,Atta_6,268.3,1420.2,184.8,44.2,-4.5,,,,
10.806,7,Atta_7,355.4,1591.0,185.0,-42.6,-5.9,,,,
10.806,8,Atta_8,333.9,2107.4,37.4,71.2,-0.9,,,,
10.806,9,Atta_9,154.6,2281.8,216.7,15.5,-1.8,,,,
10.806,10,Atta_10,485.2,2555.6,43.4,36.6,3.2,,,,
10.874,1,Atta_1,423.5,237.0,32.5,-69.1,4.2,,,,
10.874,2,Atta_2,280.3,322.5,187.2,64.6,-2.0,,,,
10.874,3,Atta_3,328.6,513.9,69.7,52.6,10.7,,,,
10.874,4,Atta_4,942.1,813.8,346.6,-28.5,-1.6,,,,
10.874,5,Atta_5,490.3,858.3,303.4,19.7,2.1,,,,
10.874,6,Atta_6,309.8,1376.5,179.6,-60.3,-5.2,,,,
10.874,7,Atta_7,276.6,1584.1,179.2,79.1,-5.8,,,,
10.874,8,Atta_8,293.3,2078.5,35.5,-49.8,-1.9,,,,
10.874,9,Atta_9,73.8,2243.3,217.6,89.5,0.9,,,,
10.874,10,Atta_10,438.9,2663.7,38.9,117.6,-4.5,,,,
10.941,1,Atta_1,473.1,219.8,28.2,52.5,-4.3,,,,
10.941,2,Atta_2,329.7,293.2,186.8,-57.4,-0.4,,,,
10.941,3,Atta_3,299.3,521.7,71.7,-30.3,2.0,,,,
10.941,4,Atta_4,985.9,879.6,345.3,79.0,-1.3,,,,
10.941,5,Atta_5,499.4,848.7,303.9,13.2,0.5,,,,
10.941,6,Atta_6,342.7,1384.4,177.7,-33.8,-1.9,,,,
10.941,7,Atta_7,306.6,1615.9,173.7,-43.7,-5.5,,,,
10.941,8,Atta_8,311.5,2105.7,35.9,32.7,0.4,,,,
10.941,9,Atta_9,120.8,2223.3,221.8,-51.1,4.2,,,,
10.941,10,Atta_10,524.1,2581.0,43.9,118.7,5.0,,,,
11.007,1,Atta_1,548.7,213.0,34.4,75.9,6.2,,,,
11.007,2,Atta_2,304.6,314.9,180.7,33.2,-6.1,,,,
11.007,3,Atta_3,364.3,457.9,72.1,-91.1,0.4,,,,
11.007,4,Atta_4,915.2,840.9,343.7,-80.6,-1.6,,,,
11.007,5,Atta_5,497.0,875.3,301.1,-26.7,-2.8,,,,
11.007,6,Atta_6,294.6,1351.0,173.1,58.6,-4.6,,,,
11.007,7,Atta_7,297.5,1597.2,174.2,20.8,0.5,,,,
11.007,8,Atta_8,310.7,2110.5,30.6,4.9,-5.3,,,,
11.007,9,Atta_9,110.0,2259.6,219.2,-37.9,-2.6,,,,
11.007,10,Atta_10,524.0,2621.3,44.3,40.3,0.4,,,,
11.072,1,Atta_1,541.4,256.5,31.0,44.1,-3.4,,,,
11.072,2,Atta_2,332.8,341.4,173.3,-38.7,-7.4,,,,
11.072,3,Atta_3,314.3,505.0,79.7,68.7,7.6,,,,
11.072,4,Atta_4,943.6,826.6,346.9,31.8,3.2,,,,
11.072,5,Atta_5,563.0,837.9,306.7,75.9,5.6,,,,
11.072,6,Atta_6,346.0,1389.6,168.9,-64.3,-4.2,,,,
11.072,7,Atta_7,350.5,1637.1,168.0,-66.3,-6.2,,,,
11.072,8,Atta_8,287.6,2164.0,26.8,58.3,-3.8,,,,
11.072,9,Atta_9,123.1,2192.1,217.8,68.8,-1.4,,,,
11.072,10,Atta_10,559.6,2593.0,40.8,45.5,-3.5,,,,
11.142,1,Atta_1,475.2,308.9,29.0,-84.4,-2.0,,,,
11.142,2,Atta_2,314.4,309.4,171.5,36.9,-1.8,,,,
11.142,3,Atta_3,313.4,507.6,87.2,2.8,7.5,,,,
11.142,4,Atta_4,967.6,815.2,345.7,26.6,-1.2,,,,
11.142,5,Atta_5,500.1,902.5,304.9,-90.2,-1.8,,,,
11.142,6,Atta_6,323.5,1398.9,161.5,24.3,-7.4,,,,
11.142,7,Atta_7,268.5,1571.0,162.3,105.3,-5.7,,,,
11.142,8,Atta_8,301.6,2108.8,23.9,-56.9,-2.9,,,,
11.142,9,Atta_9,98.4,2248.1,219.3,-61.2,1.5,,,,
11.142,10,Atta_10,539.0,2598.9,42.4,-21.4,1.6,,,,
11.208,1,Atta_1,582.5,233.0,34.9,131.4,5.9,,,,
11.208,2,Atta_2,271.4,282.2,164.6,50.9,-6.9,,,,
11.208,3,Atta_3,320.0,546.5,88.9,39.5,1.7,,,,
11.208,4,Atta_4,1025.8,853.7,344.8,69.8,-0.9,,,,
11.208,5,Atta_5,503.7,830.4,301.1,72.2,-3.8,,,,
11.208,6,Atta_6,319.3,1372.4,157.8,-26.8,-3.7,,,,
11.208,7,Atta_7,284.9,1590.3,161.6,-25.3,-0.7,,,,
11.208,8,Atta_8,318.0,2089.1,15.5,25.6,-8.4,,,,
11.208,9,Atta_9,122.9,2187.2,219.0,65.6,-0.3,,,,
11.208,10,Atta_10,511.6,2652.0,41.3,59.8,-1.1,,,,
11.273,1,Atta_1,608.1,252.9,28.4,32.4,-6.5,,,,
11.273,2,Atta_2,279.0,270.4,160.3,-14.0,-4.3,,,,
11.273,3,Atta_3,305.0,483.4,84.4,-64.9,-4.5,,,,
11.273,4,Atta_4,986.0,848.3,346.3,-40.2,1.5,,,,
11.273,5,Atta_5,577.6,852.6,303.5,77.2,2.4,,,,
11.273,6,Atta_6,305.7,1399.1,154.8,30.0,-3.0,,,,
11.273,7,Atta_7,293.4,1575.8,152.8,-16.8,-8.8,,,,
11.273,8,Atta_8,303.9,2068.6,9.4,-24.9,-6.1,,,,
11.273,9,Atta_9,112.7,2183.9,216.6,10.7,-2.4,,,,
11.273,10,Atta_10,496.4,2661.5,40.9,-17.9,-0.4,,,,
11.342,1,Atta_1,560.1,225.8,31.9,-55.1,3.5,,,,
11.342,2,Atta_2,356.4,307.6,154.6,-85.9,-5.7,,,,
11.342,3,Atta_3,311.7,470.6,86.7,-14.4,2.3,,,,
11.342,4,Atta_4,977.9,817.7,342.7,-31.7,-3.6,,,,
11.342,5,Atta_5,542.8,833.5,302.7,-39.7,-0.8,,,,
11.342,6,Atta_6,265.2,1380.3,152.3,44.7,-2.5,,,,
11.342,7,Atta_7,313.6,1578.4,150.8,-20.4,-2.0,,,,
11.342,8,Atta_8,346.5,2112.7,8.7,61.3,-0.7,,,,
11.342,9,Atta_9,78.9,2266.4,218.2,-89.2,1.6,,,,
11.342,10,Atta_10,532.9,2688.2,39.4,45.2,-1.5,,,,
11.408,1,Atta_1,568.9,269.6,28.2,44.7,-3.7,,,,
11.408,2,Atta_2,327.3,329.7,153.3,36.5,-1.3,,,,
11.408,3,Atta_3,286.3,477.1,86.9,26.2,0.2,,,,
11.408,4,Atta_4,1036.4,814.5,344.0,58.6,1.3,,,,
11.408,5,Atta_5,554.1,837.8,303.9,12.1,1.2,,,,
11.408,6,Atta_6,356.0,1366.8,142.0,-91.8,-10.3,,,,
11.408,7,Atta_7,311.2,1504.8,153.2,-73.6,2.4,,,,
11.408,8,Atta_8,316.5,2127.4,9.3,-33.4,0.6,,,,
11.408,9,Atta_9,169.2,2275.0,224.5,-90.7,6.3,,,,
11.408,10,Atta_10,520.6,2684.6,42.4,-12.8,3.0,,,,
11.477,1,Atta_1,546.0,316.9,30.3,52.6,2.1,,,,
11.477,2,Atta_2,305.4,319.3,153.3,24.2,0.0,,,,
11.477,3,Atta_3,286.7,523.1,84.7,46.0,-2.2,,,,
11.477,4,Atta_4,989.0,814.6,347.2,-47.4,3.2,,,,
11.477,5,Atta_5,521.2,820.5,298.2,-37.2,-5.7,,,,
11.477,6,Atta_6,269.7,1400.4,139.7,92.6,-2.3,,,,
11.477,7,Atta_7,323.2,1626.5,153.6,122.3,0.4,,,,
11.477,8,Atta_8,238.2,2107.9,12.7,-80.7,3.4,,,,
11.477,9,Atta_9,141.0,2229.9,221.3,53.2,-3.2,,,,
11.477,10,Atta_10,598.3,2642.8,41.7,88.2,-0.7,,,,
11.545,1,Atta_1,612.0,293.7,33.6,70.0,3.3,,,,
11.545,2,Atta_2,303.2,303.4,151.0,-16.1,-2.3,,,,
11.545,3,Atta_3,298.1,516.1,85.4,-13.4,0.7,,,,
11.545,4,Atta_4,1037.2,804.7,345.6,49.2,-1.6,,,,
11.545,5,Atta_5,517.3,800.2,300.5,20.7,2.3,,,,
11.545,6,Atta_6,354.4,1379.3,136.4,-87.3,-3.3,,,,
11.545,7,Atta_7,318.2,1564.3,152.3,-62.4,-1.3,,,,
11.545,8,Atta_8,292.2,2093.2,12.5,56.0,-0.2,,,,
11.545,9,Atta_9,117.9,2229.1,224.6,23.1,3.3,,,,
11.545,10,Atta_10,551.8,2671.6,41.8,-54.7,0.1,,,,
11.614,1,Atta_1,600.7,334.0,32.9,41.9,-0.7,,,,
11.614,2,Atta_2,294.3,303.9,149.6,8.9,-1.4,,,,
11.614,3,Atta_3,358.5,522.5,89.5,60.7,4.1,,,,
11.614,4,Atta_4,1027.3,774.5,343.1,-31.8,-2.5,,,,
11.614,5,Atta_5,530.4,725.6,303.5,75.7,3.0,,,,
11.614,6,Atta_6,278.0,1343.2,133.9,84.5,-2.5,,,,
11.614,7,Atta_7,267.8,1568.5,152.4,50.6,0.1,,,,
11.614,8,Atta_8,328.6,2103.4,7.5,37.8,-5.0,,,,
11.614,9,Atta_9,181.0,2288.9,224.8,-86.9,0.2,,,,
11.614,10,Atta_10,568.9,2692.1,42.9,26.7,1.1,,,,
11.684,1,Atta_1,572.2,281.3,33.8,-59.9,0.9,,,,
11.684,2,Atta_2,310.8,283.1,152.3,-26.5,2.7,,,,
11.684,3,Atta_3,327.4,533.8,86.5,33.1,-3.0,,,,
11.684,4,Atta_4,1049.4,803.6,348.9,36.5,5.8,,,,
11.684,5,Atta_5,618.8,785.5,304.7,-106.8,1.2,,,,
11.684,6,Atta_6,301.9,1355.6,127.0,-26.9,-6.9,,,,
11.684,7,Atta_7,302.5,1563.1,152.0,-35.1,-0.4,,,,
11.684,8,Atta_8,322.1,2110.5,10.6,-9.6,3.1,,,,
11.684,9,Atta_9,197.6,2290.8,223.3,-16.7,-1.5,,,,
11.684,10,Atta_10,601.9,2696.2,42.1,33.3,-0.8,,,,
11.753,1,Atta_1,569.4,355.4,32.1,74.2,-1.7,,,,
11.753,2,Atta_2,316.4,306.1,149.7,23.7,-2.6,,,,
11.753,3,Atta_3,302.4,560.5,88.7,36.6,2.2,,,,
11.753,4,Atta_4,1020.5,780.6,342.7,-36.9,-6.2,,,,
11.753,5,Atta_5,558.0,747.9,306.1,-71.5,1.4,,,,
11.753,6,Atta_6,291.1,1376.5,120.9,23.5,-6.1,,,,
11.753,7,Atta_7,324.9,1587.3,155.6,-33.0,3.6,,,,
11.753,8,Atta_8,328.1,2132.0,15.3,22.3,4.7,,,,
11.753,9,Atta_9,79.7,2270.5,224.1,119.6,0.8,,,,
11.753,10,Atta_10,600.9,2665.3,39.9,-30.9,-2.2,,,,
11.823,1,Atta_1,613.6,335.2,32.5,48.6,0.4,,,,
11.823,2,Atta_2,308.8,330.1,153.3,25.2,3.6,,,,
11.823,3,Atta_3,361.8,551.8,88.6,-60.0,-0.1,,,,
11.823,4,Atta_4,1077.4,816.2,346.1,67.1,3.4,,,,
11.823,5,Atta_5,562.0,794.1,303.3,-46.4,-2.8,,,,
11.823,6,Atta_6,341.6,1412.1,115.9,61.8,-5.0,,,,
11.823,7,Atta_7,270.8,1569.1,153.2,57.1,-2.4,,,,
11.823,8,Atta_8,243.3,2109.5,21.3,-87.7,6.0,,,,
11.823,9,Atta_9,176.5,2296.6,223.8,-100.3,-0.3,,,,
11.823,10,Atta_10,547.3,2672.2,42.5,-54.0,2.6,,,,
11.889,1,Atta_1,615.6,289.7,30.6,-45.5,-1.9,,,,
11.889,2,Atta_2,272.5,308.6,148.6,42.2,-4.7,,,,
11.889,3,Atta_3,337.5,589.9,88.8,45.2,0.2,,,,
11.889,4,Atta_4,1060.4,801.6,357.0,-22.4,10.9,,,,
11.889,5,Atta_5,631.6,777.8,301.8,71.5,-1.5,,,,
11.889,6,Atta_6,269.7,1390.6,112.3,75.0,-3.6,,,,
11.889,7,Atta_7,284.5,1640.2,153.4,72.4,0.2,,,,
11.889,8,Atta_8,269.6,2152.8,25.3,50.7,4.0,,,,
11.889,9,Atta_9,201.8,2257.1,222.4,46.9,-1.4,,,,
11.957,1,Atta_1,652.3,369.7,32.6,88.0,2.0,,,,
11.957,2,Atta_2,248.2,305.1,149.6,24.6,1.0,,,,
11.957,3,Atta_3,281.5,593.4,90.9,56.1,2.1,,,,
11.957,4,Atta_4,1152.3,815.7,357.2,93.0,0.2,,,,
11.957,5,Atta_5,590.4,749.0,299.3,50.3,-2.5,,,,
11.957,6,Atta_6,287.8,1327.5,108.7,-65.6,-3.6,,,,
11.957,7,Atta_7,241.3,1703.0,152.8,76.2,-0.6,,,,
11.957,8,Atta_8,284.7,2138.1,30.0,21.1,4.7,,,,
11.957,9,Atta_9,221.0,2283.9,219.1,-33.0,-3.3,,,,
11.957,10,Atta_10,618.8,2725.7,41.0,89.3,-1.5,,,,
12.023,1,Atta_1,647.9,346.4,31.2,-23.7,-1.4,,,,
12.023,2,Atta_2,247.7,317.7,152.5,12.6,2.9,,,,
12.023,3,Atta_3,320.6,617.1,82.8,45.7,-8.1,,,,
12.023,4,Atta_4,1041.3,795.3,5.6,-112.9,8.4,,,,
12.023,5,Atta_5,566.5,733.6,304.1,28.4,4.8,,,,
12.023,6,Atta_6,301.2,1345.8,106.4,22.7,-2.3,,,,
12.023,7,Atta_7,226.9,1612.6,149.2,-91.5,-3.6,,,,
12.023,8,Atta_8,307.8,2080.0,31.6,-62.5,1.6,,,,
12.023,9,Atta_9,194.6,2314.6,224.3,40.5,5.2,,,,
12.023,10,Atta_10,572.3,2674.8,44.5,-68.9,3.5,,,,
12.094,1,Atta_1,673.0,376.1,33.6,38.9,2.4,,,,
12.094,2,Atta_2,294.7,336.6,150.2,-50.7,-2.3,,,,
12.094,3,Atta_3,342.9,648.2,86.4,38.3,3.6,,,,
12.094,4,Atta_4,1021.1,832.0,3.8,-41.9,-1.8,,,,
12.094,5,Atta_5,599.2,726.1,300.6,33.5,-3.5,,,,
12.094,6,Atta_6,268.1,1414.9,107.6,76.6,1.2,,,,
12.094,7,Atta_7,228.8,1629.4,153.3,16.9,4.1,,,,
12.094,8,Atta_8,319.6,2081.1,34.7,11.9,3.1,,,,
12.094,9,Atta_9,201.0,2353.9,225.4,-39.8,1.1,,,,
12.094,10,Atta_10,593.6,2608.5,45.7,-69.6,1.2,,,,
12.159,1,Atta_1,693.4,327.1,33.3,-53.1,-0.3,,,,
12.159,2,Atta_2,225.0,360.3,148.8,73.6,-1.4,,,,
12.159,3,Atta_3,310.2,650.7,84.9,32.8,-1.5,,,,
12.159,4,Atta_4,1072.2,773.6,10.6,77.6,6.8,,,,
12.159,5,Atta_5,607.4,670.1,300.3,56.6,-0.3,,,,
12.159,6,Atta_6,279.6,1423.1,106.9,14.1,-0.7,,,,
12.159,7,Atta_7,191.1,1642.1,152.4,39.8,-0.9,,,,
12.159,8,Atta_8,262.8,2070.7,42.9,-57.7,8.2,,,,
12.159,9,Atta_9,176.5,2356.4,227.6,24.6,2.2,,,,
12.159,10,Atta_10,575.9,2743.6,46.3,136.3,0.6,,,,
12.229,2,Atta_2,231.8,327.6,147.5,-33.4,-1.3,,,,
12.229,3,Atta_3,319.4,634.2,83.8,-18.9,-1.1,,,,
12.229,4,Atta_4,1066.6,833.1,11.6,59.8,1.0,,,,
12.229,5,Atta_5,683.0,744.4,302.5,-106.0,2.2,,,,
12.229,6,Atta_6,302.6,1402.0,108.1,-31.2,1.2,,,,
12.229,7,Atta_7,164.8,1599.2,150.5,50.3,-1.9,,,,
12.229,8,Atta_8,326.8,2144.8,43.5,97.9,0.6,,,,
12.229,9,Atta_9,197.1,2340.5,232.4,-26.0,4.8,,,,
12.229,10,Atta_10,560.0,2686.9,42.4,-58.9,-3.9,,,,
12.282,1,Atta_1,718.0,366.9,33.8,46.8,0.5,,,,
12.282,2,Atta_2,258.8,313.4,144.6,-30.5,-2.9,,,,
12.282,3,Atta_3,330.9,618.9,85.5,-19.1,1.7,,,,
12.282,4,Atta_4,1058.9,796.6,13.2,-37.3,1.6,,,,
12.282,5,Atta_5,613.1,626.1,299.5,137.4,-3.0,,,,
12.282,6,Atta_6,252.5,1386.7,113.8,52.4,5.7,,,,
12.282,7,Atta_7,223.0,1708.9,154.7,124.2,4.2,,,,
12.282,8,Atta_8,311.2,2134.3,51.3,-18.8,7.8,,,,
12.282,9,Atta_9,220.6,2284.9,235.3,60.4,2.9,,,,
12.282,10,Atta_10,516.6,2655.9,38.2,-53.3,-4.2,,,,
12.352,1,Atta_1,677.3,349.2,28.9,-44.4,-4.9,,,,
12.352,2,Atta_2,205.8,359.9,148.1,70.5,3.5,,,,
12.352,3,Atta_3,309.0,634.0,88.0,26.6,2.5,,,,
12.352,4,Atta_4,1100.1,821.2,16.6,48.0,3.4,,,,
12.352,5,Atta_5,707.3,668.2,303.3,103.2,3.8,,,,
12.352,6,Atta_6,293.1,1365.5,114.8,-45.8,1.0,,,,
12.352,7,Atta_7,209.9,1631.2,153.1,-78.8,-1.6,,,,
12.352,8,Atta_8,280.6,2134.6,57.2,-30.6,5.9,,,,
12.352,9,Atta_9,230.9,2302.0,238.5,-20.0,3.2,,,,
12.352,10,Atta_10,575.6,2649.6,38.4,59.3,0.2,,,,
12.418,1,Atta_1,691.9,391.5,34.2,44.7,5.3,,,,
12.418,2,Atta_2,217.3,384.5,149.4,27.2,1.3,,,,
12.418,3,Atta_3,315.2,629.8,89.0,-7.5,1.0,,,,
12.418,4,Atta_4,1072.0,819.1,15.1,-28.2,-1.5,,,,
12.418,5,Atta_5,634.3,698.6,303.1,-79.1,-0.2,,,,
12.418,6,Atta_6,342.5,1354.3,119.1,-50.7,4.3,,,,
12.418,7,Atta_7,178.2,1671.9,150.1,51.6,-3.0,,,,
12.418,8,Atta_8,240.1,2113.9,60.0,-45.5,2.8,,,,
12.418,9,Atta_9,152.7,2346.4,245.9,89.9,7.4,,,,
12.418,10,Atta_10,546.7,2651.5,34.3,-29.0,-4.1,,,,
12.484,1,Atta_1,755.5,382.2,30.9,64.3,-3.3,,,,
12.484,2,Atta_2,220.0,437.8,150.5,53.4,1.1,,,,
12.484,3,Atta_3,305.5,699.1,87.2,70.0,-1.8,,,,
12.484,4,Atta_4,1101.9,769.4,16.5,58.0,1.4,,,,
12.484,5,Atta_5,658.7,683.2,300.8,28.9,-2.3,,,,
12.484,6,Atta_6,276.1,1399.1,124.3,80.1,5.2,,,,
12.484,7,Atta_7,178.2,1663.7,153.2,-8.2,3.1,,,,
12.484,8,Atta_8,233.9,2131.7,66.5,18.8,6.5,,,,
12.484,9,Atta_9,161.7,2280.3,250.6,66.7,4.7,,,,
12.484,10,Atta_10,545.9,2683.8,26.7,32.3,-7.6,,,,
12.553,1,Atta_1,697.5,392.6,33.1,-58.9,2.2,,,,
12.553,2,Atta_2,199.1,391.3,151.2,-51.0,0.7,,,,
12.553,3,Atta_3,384.1,694.2,84.6,-78.8,-2.6,,,,
12.553,4,Atta_4,1066.0,802.6,11.8,-48.9,-4.7,,,,
12.553,5,Atta_5,674.6,575.9,303.0,108.5,2.2,,,,
12.553,6,Atta_6,352.7,1427.6,124.7,-81.7,0.4,,,,
12.553,7,Atta_7,112.1,1660.5,151.3,66.2,-1.9,,,,
12.553,8,Atta_8,344.8,2115.0,66.7,112.2,0.2,,,,
12.553,9,Atta_9,185.1,2325.8,256.3,-51.2,5.7,,,,
12.553,10,Atta_10,637.6,2677.6,25.0,91.9,-1.7,,,,
12.619,1,Atta_1,742.4,378.7,33.6,47.0,0.5,,,,
12.619,2,Atta_2,184.1,365.5,151.0,29.8,-0.2,,,,
12.619,3,Atta_3,319.4,684.4,85.6,-65.4,1.0,,,,
12.619,4,Atta_4,1132.3,767.0,12.7,75.3,0.9,,,,
12.619,5,Atta_5,670.7,632.2,300.7,-56.4,-2.3,,,,
12.619,6,Atta_6,317.3,1386.8,130.5,-54.0,5.8,,,,
12.619,7,Atta_7,145.2,1677.0,152.4,-37.0,1.1,,,,
12.619,8,Atta_8,347.9,2108.8,74.4,-6.9,7.7,,,,
12.619,9,Atta_9,278.2,2309.8,261.4,-94.5,5.1,,,,
12.619,10,Atta_10,539.7,2605.2,21.9,-121.8,-3.1,,,,
12.685,1,Atta_1,748.9,396.4,32.6,18.9,-1.0,,,,
12.685,2,Atta_2,155.7,424.4,153.9,65.4,2.9,,,,
12.685,3,Atta_3,334.9,725.7,85.8,44.1,0.2,,,,
12.685,4,Atta_4,1084.9,737.0,13.1,-56.1,0.4,,,,
12.685,5,Atta_5,671.7,675.4,303.1,-43.2,2.4,,,,
12.685,6,Atta_6,294.1,1407.0,134.2,30.8,3.7,,,,
12.685,7,Atta_7,187.1,1615.6,151.9,-74.3,-0.5,,,,
12.685,8,Atta_8,281.9,2094.1,79.5,-67.6,5.1,,,,
12.685,9,Atta_9,204.5,2323.7,262.3,-75.0,0.9,,,,
12.685,10,Atta_10,569.7,2666.6,16.0,68.3,-5.9,,,,
12.75,1,Atta_1,797.4,382.5,32.5,50.5,-0.1,,,,
12.75,2,Atta_2,142.1,378.9,151.1,-47.5,-2.8,,,,
12.75,3,Atta_3,333.0,661.8,85.4,-63.9,-0.4,,,,
12.75,4,Atta_4,1096.2,843.0,10.5,106.6,-2.6,,,,
12.75,5,Atta_5,683.6,619.5,301.7,57.2,-1.4,,,,
12.75,6,Atta_6,281.9,1377.5,140.3,-31.9,6.1,,,,
12.75,7,Atta_7,147.6,1653.2,151.0,54.5,-0.9,,,,
12.75,8,Atta_8,262.9,2143.5,82.6,52.9,3.1,,,,
12.75,9,Atta_9,250.8,2310.4,267.5,48.2,5.2,,,,
12.75,10,Atta_10,524.3,2679.5,11.3,-47.2,-4.7,,,,
12.816,1,Atta_1,763.9,421.5,33.9,-51.4,1.4,,,,
12.816,2,Atta_2,221.3,390.5,150.7,-80.0,-0.4,,,,
12.816,3,Atta_3,327.7,673.0,88.6,12.4,3.2,,,,
12.816,4,Atta_4,1136.6,833.3,18.2,41.5,7.7,,,,
12.816,5,Atta_5,740.3,607.2,304.6,58.0,2.9,,,,
12.816,6,Atta_6,274.3,1404.8,147.5,28.3,7.2,,,,
12.816,7,Atta_7,211.4,1664.1,155.4,-64.7,4.4,,,,
12.816,8,Atta_8,332.2,2130.5,89.0,-70.5,6.4,,,,
12.816,9,Atta_9,233.1,2294.2,271.2,24.0,3.7,,,,
12.816,10,Atta_10,500.3,2705.2,5.8,-35.2,-5.5,,,,
12.949,1,Atta_1,827.5,373.6,36.9,79.6,3.0,,,,
12.949,2,Atta_2,129.5,387.7,152.1,91.8,1.4,,,,
12.949,3,Atta_3,317.2,714.7,88.6,43.0,0.0,,,,
12.949,4,Atta_4,1088.9,801.5,13.3,-57.3,-4.9,,,,
12.949,5,Atta_5,665.6,619.8,302.3,-75.8,-2.3,,,,
12.949,6,Atta_6,281.3,1369.7,149.4,-35.8,1.9,,,,
12.949,7,Atta_7,107.9,1641.8,150.2,105.9,-5.2,,,,
12.949,8,Atta_8,267.8,2060.3,92.1,-95.3,3.1,,,,
12.949,9,Atta_9,223.2,2324.0,274.5,-31.4,3.3,,,,
12.949,10,Atta_10,523.0,2616.7,5.1,91.4,-0.7,,,,
13.018,1,Atta_1,734.2,373.6,34.2,-93.3,-2.7,,,,
13.018,2,Atta_2,130.8,454.5,148.2,66.8,-3.9,,,,
13.018,3,Atta_3,285.1,778.7,88.3,71.6,-0.3,,,,
13.018,4,Atta_4,1163.2,772.9,11.5,79.6,-1.8,,,,
13.018,5,Atta_5,705.7,632.2,305.3,42.0,3.0,,,,
13.018,6,Atta_6,286.9,1399.3,158.2,30.1,8.8,,,,
13.018,7,Atta_7,53.8,1677.7,150.9,64.9,0.7,,,,
13.018,8,Atta_8,293.2,2107.3,97.3,53.4,5.2,,,,
13.018,9,Atta_9,250.4,2275.7,281.8,55.4,7.3,,,,
13.018,10,Atta_10,587.3,2669.3,355.1,83.1,-10.0,,,,
13.084,1,Atta_1,783.8,435.1,31.8,79.0,-2.4,,,,
13.084,2,Atta_2,131.6,364.2,149.9,-90.3,1.7,,,,
13.084,3,Atta_3,306.3,756.5,86.4,-30.7,-1.9,,,,
13.084,4,Atta_4,1200.3,831.5,16.2,69.4,4.7,,,,
13.084,5,Atta_5,630.0,591.2,302.0,-86.1,-3.3,,,,
13.084,6,Atta_6,305.7,1346.0,163.1,-56.5,4.9,,,,
13.084,7,Atta_7,60.6,1710.1,150.5,33.1,-0.4,,,,
13.084,8,Atta_8,316.3,2078.7,103.7,-36.8,6.4,,,,
13.084,9,Atta_9,173.5,2369.6,289.5,-121.4,7.7,,,,
13.084,10,Atta_10,530.9,2692.5,347.8,-61.0,-7.3,,,,
13.217,1,Atta_1,859.9,395.9,37.5,85.6,5.7,,,,
13.217,2,Atta_2,141.1,445.7,151.3,82.1,1.4,,,,
13.217,3,Atta_3,323.6,769.2,86.8,21.5,0.4,,,,
13.217,4,Atta_4,1166.4,827.3,11.3,-34.2,-4.9,,,,
13.217,5,Atta_5,691.5,570.3,304.3,65.0,2.3,,,,
13.217,6,Atta_6,305.1,1387.8,170.1,41.8,7.0,,,,
13.217,7,Atta_7,87.1,1671.9,147.9,-46.5,-2.6,,,,
13.217,8,Atta_8,258.2,2122.5,107.1,72.8,3.4,,,,
13.217,9,Atta_9,257.9,2308.5,292.1,104.2,2.6,,,,
13.217,10,Atta_10,549.4,2655.8,341.0,41.1,-6.8,,,,
13.284,1,Atta_1,834.6,437.7,38.0,48.9,0.5,,,,
13.284,2,Atta_2,117.5,441.0,148.2,24.1,-3.1,,,,
13.284,3,Atta_3,357.7,782.1,85.0,36.5,-1.8,,,,
13.284,4,Atta_4,1199.5,819.4,14.8,34.0,3.5,,,,
13.284,5,Atta_5,743.1,501.5,302.1,86.0,-2.2,,,,
13.284,6,Atta_6,283.7,1418.7,178.0,37.6,7.9,,,,
13.284,7,Atta_7,164.7,1683.9,143.5,-78.5,-4.4,,,,
13.284,8,Atta_8,326.9,2052.4,120.0,-98.2,12.9,,,,
13.284,9,Atta_9,214.3,2319.3,303.4,-44.9,11.3,,,,
13.284,10,Atta_10,551.8,2655.0,348.4,2.5,7.4,,,,
13.35,1,Atta_1,899.8,465.5,36.4,70.9,-1.6,,,,
13.35,2,Atta_2,106.4,427.9,145.8,17.2,-2.4,,,,
13.35,3,Atta_3,338.9,813.3,85.0,36.4,0.0,,,,
13.35,4,Atta_4,1276.3,874.3,17.7,94.4,2.9,,,,
13.35,5,Atta_5,784.8,581.8,301.2,-90.5,-0.9,,,,
13.35,6,Atta_6,271.3,1345.3,185.6,74.4,7.6,,,,
13.35,7,Atta_7,142.2,1615.0,144.5,-72.5,1.0,,,,
13.35,8,Atta_8,320.8,2138.6,122.8,86.4,2.8,,,,
13.35,9,Atta_9,206.8,2296.5,309.2,24.0,5.8,,,,
13.35,10,Atta_10,555.0,2633.1,345.9,22.1,-2.5,,,,
13.479,1,Atta_1,867.3,493.1,33.1,-42.6,-3.3,,,,
13.479,2,Atta_2,144.4,374.1,147.3,-65.9,1.5,,,,
13.479,3,Atta_3,307.8,862.0,87.9,57.8,2.9,,,,
13.479,4,Atta_4,1214.3,839.7,14.8,-71.0,-2.9,,,,
13.479,5,Atta_5,690.7,532.7,305.6,-106.1,4.4,,,,
13.479,6,Atta_6,353.6,1389.8,184.7,-93.6,-0.9,,,,
13.479,7,Atta_7,118.9,1629.7,143.9,27.5,-0.6,,,,
13.479,8,Atta_8,247.2,2137.9,125.4,73.6,2.6,,,,
13.479,9,Atta_9,202.9,2339.5,313.2,-43.2,4.0,,,,
13.479,10,Atta_10,549.7,2664.4,347.3,-31.7,1.4,,,,
13.549,1,Atta_1,849.8,499.3,36.8,-18.6,3.7,,,,
13.549,2,Atta_2,156.2,406.4,145.7,34.4,-1.6,,,,
13.549,3,Atta_3,330.0,918.8,85.5,61.0,-2.4,,,,
13.549,4,Atta_4,1292.7,832.2,13.5,78.8,-1.3,,,,
13.549,5,Atta_5,687.2,518.1,304.8,15.0,-0.8,,,,
13.549,6,Atta_6,273.7,1398.7,193.4,80.4,8.7,,,,
13.549,7,Atta_7,173.5,1636.5,148.1,-55.0,4.2,,,,
13.549,8,Atta_8,295.8,2144.3,130.3,-49.0,4.9,,,,
13.549,9,Atta_9,182.5,2368.7,313.5,-35.6,0.3,,,,
13.549,10,Atta_10,601.5,2670.6,347.0,52.2,-0.3,,,,
13.601,1,Atta_1,845.8,512.3,34.6,13.6,-2.2,,,,
13.601,2,Atta_2,183.4,371.1,147.2,-44.6,1.5,,,,
13.601,3,Atta_3,336.1,888.6,84.3,-30.8,-1.2,,,,
13.601,4,Atta_4,1271.3,862.9,13.5,-37.4,0.0,,,,
13.601,5,Atta_5,723.4,577.7,306.6,-69.7,1.8,,,,
13.601,6,Atta_6,354.0,1382.1,195.8,-82.0,2.4,,,,
13.601,7,Atta_7,187.1,1659.0,143.2,26.3,-4.9,,,,
13.601,8,Atta_8,314.8,2035.5,137.9,-110.4,7.6,,,,
13.601,9,Atta_9,158.7,2298.8,314.5,73.8,1.0,,,,
13.601,10,Atta_10,548.7,2648.4,346.7,-57.3,-0.3,,,,
13.672,1,Atta_1,945.4,507.2,34.4,99.7,-0.2,,,,
13.672,2,Atta_2,140.7,391.2,147.8,47.2,0.6,,,,
13.672,3,Atta_3,280.6,822.4,82.1,-86.4,-2.2,,,,
13.672,4,Atta_4,1245.7,867.8,11.4,-26.1,-2.1,,,,
13.672,5,Atta_5,675.5,570.4,307.3,-48.5,0.7,,,,
13.672,6,Atta_6,320.3,1408.6,201.9,42.9,6.1,,,,
13.672,7,Atta_7,169.6,1716.3,137.6,59.9,-5.6,,,,
13.672,8,Atta_8,312.8,2114.9,142.3,79.4,4.4,,,,
13.672,9,Atta_9,244.5,2321.9,316.6,88.9,2.1,,,,
13.672,10,Atta_10,597.2,2638.5,347.8,49.5,1.1,,,,
13.726,1,Atta_1,942.7,469.0,33.9,-38.3,-0.5,,,,
13.726,2,Atta_2,192.2,375.8,142.0,-53.8,-5.8,,,,
13.726,3,Atta_3,312.6,856.4,87.5,46.7,5.4,,,,
13.726,4,Atta_4,1284.2,871.2,12.1,38.6,0.7,,,,
13.726,5,Atta_5,723.8,579.0,307.8,49.1,0.5,,,,
13.726,6,Atta_6,284.1,1382.0,208.3,44.9,6.4,,,,
13.726,7,Atta_7,162.7,1600.9,135.9,-115.6,-1.7,,,,
13.726,8,Atta_8,300.9,2091.0,147.1,-26.7,4.8,,,,
13.726,9,Atta_9,233.6,2341.8,314.5,-22.7,-2.1,,,,
13.726,10,Atta_10,562.9,2640.5,345.3,-34.4,-2.5,,,,
13.796,1,Atta_1,861.4,487.5,35.0,-83.4,1.1,,,,
13.796,2,Atta_2,144.5,381.7,139.7,48.1,-2.3,,,,
13.796,3,Atta_3,350.6,934.6,85.8,86.9,-1.7,,,,
13.796,4,Atta_4,1274.1,857.6,16.0,-16.9,3.9,,,,
13.796,5,Atta_5,722.9,597.0,304.2,-18.0,-3.6,,,,
13.796,6,Atta_6,288.2,1405.4,210.5,-23.8,2.2,,,,
13.796,7,Atta_7,108.9,1668.4,130.9,86.3,-5.0,,,,
13.796,8,Atta_8,315.3,2056.1,151.2,-37.8,4.1,,,,
13.796,9,Atta_9,156.2,2323.2,315.9,-79.6,1.4,,,,
13.796,10,Atta_10,639.0,2626.0,348.6,77.5,3.3,,,,
13.85,1,Atta_1,931.5,484.3,36.6,70.2,1.6,,,,
13.85,2,Atta_2,153.2,398.7,139.2,19.1,-0.5,,,,
13.85,3,Atta_3,322.8,917.7,85.0,-32.5,-0.8,,,,
13.85,4,Atta_4,1297.3,863.3,13.1,23.9,-2.9,,,,
13.85,5,Atta_5,661.2,586.4,305.6,-62.6,1.4,,,,
13.85,6,Atta_6,343.5,1392.8,215.7,-56.7,5.2,,,,
13.85,7,Atta_7,162.1,1597.0,125.0,-89.0,-5.9,,,,
13.85,8,Atta_8,314.2,2118.0,156.9,61.9,5.7,,,,
13.85,9,Atta_9,232.8,2223.0,309.2,126.1,-6.7,,,,
13.85,10,Atta_10,575.0,2639.0,344.2,-65.3,-4.4,,,,
13.916,1,Atta_1,954.2,534.8,34.3,55.4,-2.3,,,,
13.916,2,Atta_2,184.8,380.1,129.8,-36.7,-9.4,,,,
13.916,3,Atta_3,370.3,1002.1,90.3,96.8,5.3,,,,
13.916,4,Atta_4,1272.1,815.6,14.4,-53.9,1.3,,,,
13.916,5,Atta_5,655.7,643.8,302.1,-57.7,-3.5,,,,
13.916,6,Atta_6,286.9,1418.1,218.3,62.0,2.6,,,,
13.916,7,Atta_7,117.8,1649.0,123.0,68.3,-2.0,,,,
13.916,8,Atta_8,303.0,2146.8,161.3,30.9,4.4,,,,
13.916,10,Atta_10,564.7,2637.9,346.2,-10.4,2.0,,,,
13.985,1,Atta_1,956.4,473.3,37.6,-61.5,3.3,,,,
13.985,2,Atta_2,139.8,354.2,126.6,51.9,-3.2,,,,
13.985,3,Atta_3,326.8,896.3,83.3,-114.4,-7.0,,,,
13.985,4,Atta_4,1338.8,857.9,10.3,79.0,-4.1,,,,
13.985,5,Atta_5,694.7,633.8,297.3,40.3,-4.8,,,,
13.985,6,Atta_6,313.5,1427.8,223.9,-28.3,5.6,,,,
13.985,7,Atta_7,174.3,1611.4,117.9,-67.9,-5.1,,,,
13.985,8,Atta_8,288.8,2135.2,163.7,18.3,2.4,,,,
13.985,9,Atta_9,269.9,2301.4,313.1,-86.7,3.9,,,,
13.985,10,Atta_10,635.1,2629.9,345.7,70.9,-0.5,,,,
14.051,1,Atta_1,972.1,548.3,37.8,76.6,0.2,,,,
14.051,2,Atta_2,164.0,374.1,124.2,31.3,-2.4,,,,
14.051,3,Atta_3,363.0,896.7,84.4,36.2,1.1,,,,
14.051,4,Atta_4,1340.0,852.5,14.2,5.5,3.9,,,,
14.051,5,Atta_5,729.6,599.8,289.8,48.7,-7.5,,,,
14.051,6,Atta_6,307.1,1414.5,225.5,14.8,1.6,,,,
14.051,7,Atta_7,150.0,1648.1,113.4,44.0,-4.5,,,,
14.051,8,Atta_8,302.6,2095.7,167.4,-41.8,3.7,,,,
14.051,9,Atta_9,287.1,2281.7,312.5,26.2,-0.6,,,,
14.051,10,Atta_10,618.0,2625.2,347.2,-17.7,1.5,,,,
14.119,1,Atta_1,971.5,501.3,32.3,-47.0,-5.5,,,,
14.119,2,Atta_2,227.5,368.5,118.8,-63.7,-5.4,,,,
14.119,3,Atta_3,343.3,950.1,83.7,56.9,-0.7,,,,
14.119,4,Atta_4,1373.6,859.4,16.0,34.3,1.8,,,,
14.119,5,Atta_5,704.6,559.1,283.5,47.8,-6.3,,,,
14.119,6,Atta_6,360.3,1414.2,231.4,-53.2,5.9,,,,
14.119,7,Atta_7,216.6,1659.5,106.7,-67.6,-6.7,,,,
14.119,8,Atta_8,279.9,2101.8,176.0,23.5,8.6,,,,
14.119,9,Atta_9,266.9,2230.2,309.9,55.3,-2.6,,,,
14.119,10,Atta_10,622.4,2665.1,346.2,-40.1,-1.0,,,,
14.187,1,Atta_1,980.3,555.6,36.3,55.0,4.0,,,,
14.187,2,Atta_2,100.8,332.5,114.6,131.7,-4.2,,,,
14.187,3,Atta_3,340.7,951.2,88.4,2.8,4.7,,,,
14.187,4,Atta_4,1293.6,877.3,12.4,-82.0,-3.6,,,,
14.187,5,Atta_5,644.5,539.9,283.6,63.1,0.1,,,,
14.187,6,Atta_6,340.0,1380.6,232.9,39.3,1.5,,,,
14.187,7,Atta_7,167.6,1703.6,102.1,65.9,-4.6,,,,
14.187,8,Atta_8,326.0,2074.3,179.7,-53.7,3.7,,,,
14.187,9,Atta_9,262.2,2315.5,314.7,-85.4,4.8,,,,
14.187,10,Atta_10,718.3,2633.9,347.4,100.8,1.2,,,,
14.257,1,Atta_1,921.3,552.1,38.3,-59.1,2.0,,,,
14.257,2,Atta_2,158.0,381.4,110.5,75.3,-4.1,,,,
14.257,3,Atta_3,379.0,930.9,86.4,-43.3,-2.0,,,,
14.257,4,Atta_4,1350.3,865.8,12.3,57.9,-0.1,,,,
14.257,5,Atta_5,630.0,596.4,275.5,-58.3,-8.1,,,,
14.257,6,Atta_6,299.5,1349.6,240.4,51.0,7.5,,,,
14.257,7,Atta_7,180.4,1690.6,100.8,-18.2,-1.3,,,,
14.257,8,Atta_8,358.0,2097.8,181.2,-39.7,1.5,,,,
14.257,9,Atta_9,328.5,2251.7,314.5,92.0,-0.2,,,,
14.257,10,Atta_10,681.5,2627.7,348.9,-37.3,1.5,,,,
14.327,1,Atta_1,966.3,585.9,37.3,56.3,-1.0,,,,
14.327,2,Atta_2,161.9,316.1,106.9,-65.4,-3.6,,,,
14.327,3,Atta_3,344.1,1014.5,86.4,90.6,0.0,,,,
14.327,4,Atta_4,1356.9,800.4,13.2,-65.7,0.9,,,,
14.327,5,Atta_5,658.5,625.6,269.6,-40.8,-5.9,,,,
14.327,6,Atta_6,339.5,1404.1,242.9,-67.6,2.5,,,,
14.327,7,Atta_7,157.8,1675.8,94.7,-27.0,-6.1,,,,
14.327,8,Atta_8,290.8,2154.6,187.0,88.0,5.8,,,,
14.327,9,Atta_9,253.3,2243.7,318.2,-75.6,3.7,,,,
14.327,10,Atta_10,692.2,2599.4,354.2,30.3,5.3,,,,
14.393,1,Atta_1,1016.4,538.8,36.5,68.8,-0.8,,,,
14.393,2,Atta_2,186.3,420.9,97.7,107.6,-9.2,,,,
14.393,3,Atta_3,321.4,1036.4,84.8,31.5,-1.6,,,,
14.393,4,Atta_4,1400.1,863.9,14.2,76.8,1.0,,,,
14.393,5,Atta_5,689.0,576.8,267.5,57.5,-2.1,,,,
14.393,6,Atta_6,285.8,1421.7,242.5,56.5,-0.4,,,,
14.393,7,Atta_7,195.6,1647.1,93.5,-47.5,-1.2,,,,
14.393,8,Atta_8,324.0,2127.5,184.2,-42.9,-2.8,,,,
14.393,9,Atta_9,164.5,2307.9,316.3,-109.6,-1.9,,,,
14.393,10,Atta_10,690.7,2661.2,354.6,-61.8,0.4,,,,
14.461,1,Atta_1,983.3,527.9,37.2,-34.8,0.7,,,,
14.461,2,Atta_2,109.4,406.5,95.4,-78.2,-2.3,,,,
14.461,3,Atta_3,343.8,1029.1,83.1,-23.6,-1.7,,,,
14.461,4,Atta_4,1423.2,876.3,10.7,26.2,-3.5,,,,
14.461,5,Atta_5,693.8,612.6,265.0,-36.1,-2.5,,,,
14.461,6,Atta_6,296.4,1395.7,239.6,28.1,-2.9,,,,
14.461,7,Atta_7,141.0,1539.8,88.1,-120.4,-5.4,,,,
14.461,8,Atta_8,297.1,2144.4,184.3,31.8,0.1,,,,
14.461,9,Atta_9,203.3,2260.2,315.7,61.5,-0.6,,,,
14.461,10,Atta_10,685.1,2621.3,359.2,-40.3,4.6,,,,
14.511,1,Atta_1,982.4,601.7,36.8,73.8,-0.4,,,,
14.511,2,Atta_2,137.7,390.0,94.9,-32.8,-0.5,,,,
14.511,3,Atta_3,324.1,1074.8,85.9,49.8,2.8,,,,
14.511,4,Atta_4,1402.3,838.2,17.0,-43.5,6.3,,,,
14.511,5,Atta_5,661.9,610.7,258.2,32.0,-6.8,,,,
14.511,6,Atta_6,304.8,1369.0,244.7,28.0,5.1,,,,
14.511,7,Atta_7,157.2,1633.8,93.6,95.4,5.5,,,,
14.511,8,Atta_8,270.6,2144.6,184.0,26.5,-0.3,,,,
14.511,9,Atta_9,215.8,2243.5,316.3,20.9,0.6,,,,
14.511,10,Atta_10,706.2,2623.5,2.2,21.2,3.0,,,,
14.58,1,Atta_1,1053.1,599.5,33.6,70.7,-3.2,,,,
14.58,2,Atta_2,179.9,412.6,92.8,47.9,-2.1,,,,
14.58,3,Atta_3,335.0,998.3,88.5,-77.3,2.6,,,,
14.58,4,Atta_4,1445.6,895.4,16.6,71.7,-0.4,,,,
14.58,5,Atta_5,661.0,605.6,253.7,5.2,-4.5,,,,
14.58,6,Atta_6,311.3,1370.1,241.5,-6.6,-3.2,,,,
14.58,7,Atta_7,182.9,1658.8,91.6,35.9,-2.0,,,,
14.58,8,Atta_8,300.2,2079.7,186.9,-71.3,2.9,,,,
14.58,9,Atta_9,220.6,2291.4,317.7,-48.1,1.4,,,,
14.58,10,Atta_10,650.4,2587.0,13.5,-66.7,11.3,,,,
14.714,1,Atta_1,1007.8,598.3,38.8,-45.3,5.2,,,,
14.714,2,Atta_2,189.4,403.1,90.1,-13.4,-2.7,,,,
14.714,3,Atta_3,389.3,1111.5,84.8,125.5,-3.7,,,,
14.714,4,Atta_4,1381.8,823.9,17.8,-95.8,1.2,,,,
14.714,5,Atta_5,644.9,607.9,249.6,16.3,-4.1,,,,
14.714,6,Atta_6,359.7,1352.4,248.8,-51.5,7.3,,,,
14.714,7,Atta_7,126.9,1641.9,88.3,-58.5,-3.3,,,,
14.714,8,Atta_8,283.9,2139.8,188.5,62.3,1.6,,,,
14.714,9,Atta_9,206.8,2248.0,315.2,45.5,-2.5,,,,
14.714,10,Atta_10,680.0,2622.8,21.1,46.5,7.6,,,,
14.783,1,Atta_1,1031.1,600.6,36.3,23.4,-2.5,,,,
14.783,2,Atta_2,204.6,387.3,89.2,-21.9,-0.9,,,,
14.783,3,Atta_3,365.9,1034.1,81.7,-80.9,-3.1,,,,
14.783,4,Atta_4,1366.2,834.7,15.5,-19.0,-2.3,,,,
14.783,5,Atta_5,664.9,602.4,249.0,-20.7,-0.6,,,,
14.783,6,Atta_6,304.2,1411.9,256.3,-81.4,7.5,,,,
14.783,7,Atta_7,169.9,1612.6,87.7,-52.0,-0.6,,,,
14.783,8,Atta_8,262.5,2120.1,186.7,29.1,-1.8,,,,
14.783,9,Atta_9,135.0,2292.1,322.3,-84.3,7.1,,,,
14.783,10,Atta_10,659.2,2681.7,23.0,62.5,1.9,,,,
14.919,1,Atta_1,1041.4,570.0,35.4,-32.3,-0.9,,,,
14.919,2,Atta_2,170.4,344.4,91.8,-54.9,2.6,,,,
14.919,3,Atta_3,354.9,1067.7,84.3,35.4,2.6,,,,
14.919,4,Atta_4,1345.7,822.5,15.4,-23.9,-0.1,,,,
14.919,5,Atta_5,719.4,585.7,246.1,-57.0,-2.9,,,,
14.919,6,Atta_6,313.8,1332.6,260.3,79.9,4.0,,,,
14.919,7,Atta_7,191.6,1679.6,90.7,70.4,3.0,,,,
14.919,8,Atta_8,287.3,2076.1,189.8,-50.5,3.1,,,,
14.919,9,Atta_9,204.2,2296.2,325.5,69.3,3.2,,,,
14.919,10,Atta_10,705.2,2623.3,30.3,74.3,7.3,,,,
14.999,1,Atta_1,1067.8,642.5,35.7,77.2,0.3,,,,
14.999,2,Atta_2,185.0,440.7,90.8,97.4,-1.0,,,,
14.999,3,Atta_3,348.8,1096.6,86.1,29.5,1.8,,,,
14.999,4,Atta_4,1227.6,853.4,18.1,-122.1,2.7,,,,
14.999,5,Atta_5,654.3,593.5,250.3,65.6,4.2,,,,
14.999,6,Atta_6,298.7,1444.5,266.2,-112.9,5.9,,,,
14.999,7,Atta_7,175.6,1705.7,93.9,30.6,3.2,,,,
14.999,8,Atta_8,219.9,2092.0,186.2,69.3,-3.6,,,,
14.999,9,Atta_9,181.5,2363.2,330.9,-70.7,5.4,,,,
14.999,10,Atta_10,710.2,2659.4,25.4,36.4,-4.9,,,,
15.056,1,Atta_1,1072.0,638.5,33.4,5.8,-2.3,,,,
15.056,2,Atta_2,203.8,424.0,89.6,-25.1,-1.2,,,,
15.056,3,Atta_3,335.5,1066.6,86.1,-32.8,0.0,,,,
15.056,4,Atta_4,1310.6,854.8,18.5,83.0,0.4,,,,
15.056,5,Atta_5,679.3,676.8,249.5,-87.0,-0.8,,,,
15.056,6,Atta_6,283.6,1477.7,271.9,-36.5,5.7,,,,
15.056,7,Atta_7,103.4,1673.0,88.4,-79.3,-5.5,,,,
15.056,8,Atta_8,194.2,2120.7,185.2,38.5,-1.0,,,,
15.056,9,Atta_9,203.5,2275.8,338.2,90.1,7.3,,,,
15.056,10,Atta_10,647.8,2581.9,29.2,-99.5,3.8,,,,
15.122,1,Atta_1,1068.9,618.2,35.7,-20.5,2.3,,,,
15.122,2,Atta_2,177.8,405.0,90.5,-32.2,0.9,,,,
15.122,3,Atta_3,338.3,1060.0,84.6,-7.2,-1.5,,,,
15.122,4,Atta_4,1339.9,850.7,24.9,29.6,6.4,,,,
15.122,5,Atta_5,699.4,576.4,246.7,102.4,-2.8,,,,
15.122,6,Atta_6,381.4,1317.7,276.2,187.5,4.3,,,,
15.122,7,Atta_7,189.6,1713.4,88.4,95.2,0.0,,,,
15.122,8,Atta_8,278.5,2087.5,185.6,-90.6,0.4,,,,
15.122,9,Atta_9,175.4,2295.0,344.8,-34.0,6.6,,,,
15.122,10,Atta_10,692.2,2679.8,29.0,107.5,-0.2,,,,
15.194,1,Atta_1,1104.5,663.7,36.1,57.8,0.4,,,,
15.194,2,Atta_2,165.1,449.3,90.0,46.1,-0.5,,,,
15.194,3,Atta_3,308.7,1127.5,83.7,73.7,-0.9,,,,
15.194,4,Atta_4,1284.2,855.6,33.6,-55.9,8.7,,,,
15.194,5,Atta_5,629.3,629.4,248.7,-87.9,2.0,,,,
15.194,6,Atta_6,347.9,1420.1,281.8,-107.7,5.6,,,,
15.194,7,Atta_7,154.1,1734.0,87.4,41.0,-1.0,,,,
15.194,8,Atta_8,157.6,2076.1,183.1,121.4,-2.5,,,,
15.194,9,Atta_9,203.8,2355.7,351.0,67.0,6.2,,,,
15.194,10,Atta_10,707.7,2559.7,29.7,-121.1,0.7,,,,
15.264,1,Atta_1,1076.0,665.3,33.7,-28.5,-2.4,,,,
15.264,2,Atta_2,179.4,379.0,91.4,-71.7,1.4,,,,
15.264,3,Atta_3,389.8,1212.2,86.1,117.3,2.4,,,,
15.264,4,Atta_4,1347.2,850.8,35.2,63.2,1.6,,,,
15.264,5,Atta_5,641.1,562.6,246.3,67.8,-2.4,,,,
15.264,6,Atta_6,369.6,1383.8,285.1,42.3,3.3,,,,
15.264,7,Atta_7,190.6,1735.3,92.2,36.5,4.8,,,,
15.264,8,Atta_8,153.9,2082.4,186.4,7.3,3.3,,,,
15.264,9,Atta_9,230.0,2297.2,357.5,64.1,6.5,,,,
15.264,10,Atta_10,636.5,2677.1,34.8,-137.3,5.1,,,,
15.333,1,Atta_1,1099.2,631.8,39.0,40.7,5.3,,,,
15.333,2,Atta_2,159.6,453.2,89.3,76.8,-2.1,,,,
15.333,3,Atta_3,364.8,1159.0,84.1,-58.8,-2.0,,,,
15.333,4,Atta_4,1283.5,895.2,46.0,-77.6,10.8,,,,
15.333,5,Atta_5,684.1,564.5,247.7,-43.0,1.4,,,,
15.333,6,Atta_6,342.5,1403.6,293.2,-33.6,8.1,,,,
15.333,7,Atta_7,179.7,1749.0,89.9,17.5,-2.3,,,,
15.333,8,Atta_8,176.8,2062.0,185.3,-30.7,-1.1,,,,
15.333,9,Atta_9,206.0,2310.2,1.0,-27.3,3.5,,,,
15.333,10,Atta_10,700.9,2597.5,41.5,102.4,6.7,,,,
15.402,1,Atta_1,1067.3,676.7,37.9,55.1,-1.1,,,,
15.402,2,Atta_2,168.8,435.2,91.4,-20.2,2.1,,,,
15.402,3,Atta_3,406.4,1253.2,82.4,103.0,-1.7,,,,
15.402,4,Atta_4,1309.9,828.5,45.5,-71.7,-0.5,,,,
15.402,5,Atta_5,699.3,522.6,247.9,44.6,0.2,,,,
15.402,6,Atta_6,293.5,1395.2,294.5,-49.7,1.3,,,,
15.402,7,Atta_7,141.4,1763.3,90.5,40.9,0.6,,,,
15.402,8,Atta_8,182.6,2103.3,185.0,-41.7,-0.3,,,,
15.402,9,Atta_9,169.3,2278.3,1.9,-48.6,0.9,,,,
15.402,10,Atta_10,681.5,2644.6,44.6,50.9,3.1,,,,
15.469,1,Atta_1,1103.7,652.0,38.2,44.0,0.3,,,,
15.469,2,Atta_2,184.8,475.7,87.8,43.5,-3.6,,,,
15.469,3,Atta_3,382.2,1210.0,86.1,-49.5,3.7,,,,
15.469,4,Atta_4,1309.4,822.4,51.5,-6.1,6.0,,,,
15.469,5,Atta_5,661.9,567.2,247.4,-58.2,-0.5,,,,
15.469,6,Atta_6,318.1,1426.8,297.7,-40.0,3.2,,,,
15.469,7,Atta_7,188.4,1807.6,93.4,64.6,2.9,,,,
15.469,8,Atta_8,191.4,2097.1,189.0,-10.8,4.0,,,,
15.469,9,Atta_9,208.7,2292.3,7.1,41.8,5.2,,,,
15.469,10,Atta_10,659.3,2620.6,48.7,-32.7,4.1,,,,
15.537,1,Atta_1,1204.0,659.7,34.3,100.6,-3.9,,,,
15.537,2,Atta_2,174.3,483.7,88.3,13.2,0.5,,,,
15.537,3,Atta_3,367.7,1173.0,86.4,-39.7,0.3,,,,
15.537,4,Atta_4,1315.4,802.2,53.3,-21.1,1.8,,,,
15.537,5,Atta_5,683.0,458.8,252.8,110.4,5.4,,,,
15.537,6,Atta_6,294.3,1395.9,306.8,39.0,9.1,,,,
15.537,7,Atta_7,188.3,1750.3,90.6,-57.3,-2.8,,,,
15.537,8,Atta_8,182.7,2077.4,188.0,21.5,-1.0,,,,
15.537,9,Atta_9,156.2,2309.9,12.9,-55.4,5.8,,,,
15.537,10,Atta_10,648.3,2641.7,50.8,23.8,2.1,,,,
15.592,1,Atta_1,1151.0,735.4,37.2,-92.4,2.9,,,,
15.592,2,Atta_2,148.4,508.4,88.7,35.8,0.4,,,,
15.592,3,Atta_3,404.5,1194.3,87.3,42.5,0.9,,,,
15.592,4,Atta_4,1352.1,868.2,58.8,75.5,5.5,,,,
15.592,5,Atta_5,642.7,484.8,248.6,-48.0,-4.2,,,,
15.592,6,Atta_6,319.4,1381.4,310.4,29.0,3.6,,,,
15.592,7,Atta_7,102.5,1721.3,99.9,-90.6,9.3,,,,
15.592,8,Atta_8,136.4,2138.7,185.9,76.8,-2.1,,,,
15.592,9,Atta_9,166.7,2256.6,14.7,-54.3,1.8,,,,
15.592,10,Atta_10,610.4,2617.9,56.4,-44.8,5.6,,,,
15.663,1,Atta_1,1096.5,697.7,39.8,-66.3,2.6,,,,
15.663,2,Atta_2,173.3,491.6,87.2,-30.0,-1.5,,,,
15.663,3,Atta_3,370.9,1236.3,82.7,53.8,-4.6,,,,
15.663,4,Atta_4,1316.6,836.0,67.4,-47.9,8.6,,,,
15.663,5,Atta_5,625.3,532.1,250.0,-50.4,1.4,,,,
15.663,6,Atta_6,288.0,1391.3,313.5,-32.9,3.1,,,,
15.663,7,Atta_7,121.2,1752.2,104.0,36.1,4.1,,,,
15.663,8,Atta_8,149.7,2082.5,187.3,-57.8,1.4,,,,
15.663,9,Atta_9,180.9,2248.6,13.7,16.3,-1.0,,,,
15.663,10,Atta_10,705.6,2603.5,62.7,96.3,6.3,,,,
15.733,1,Atta_1,1154.0,687.0,35.6,58.5,-4.2,,,,
15.733,2,Atta_2,153.8,521.3,82.0,35.5,-5.2,,,,
15.733,3,Atta_3,387.2,1162.1,88.7,-76.0,6.0,,,,
15.733,4,Atta_4,1283.3,884.4,69.2,58.7,1.8,,,,
15.733,5,Atta_5,621.5,479.7,246.7,52.5,-3.3,,,,
15.733,6,Atta_6,279.6,1365.5,320.9,27.1,7.4,,,,
15.733,7,Atta_7,190.2,1747.8,107.2,-69.1,3.2,,,,
15.733,8,Atta_8,172.0,2083.3,187.6,-22.3,0.3,,,,
15.733,9,Atta_9,182.2,2256.3,11.0,7.8,-2.7,,,,
15.733,10,Atta_10,711.2,2644.7,67.2,41.6,4.5,,,,
15.784,1,Atta_1,1130.6,653.1,37.0,-41.2,1.4,,,,
15.784,2,Atta_2,150.2,498.1,77.1,-23.5,-4.9,,,,
15.784,3,Atta_3,380.7,1224.6,88.4,62.8,-0.3,,,,
15.784,4,Atta_4,1266.0,833.3,74.4,-53.9,5.2,,,,
15.784,5,Atta_5,598.0,520.5,240.0,-47.1,-6.7,,,,
15.784,6,Atta_6,282.6,1351.4,320.8,14.4,-0.1,,,,
15.784,7,Atta_7,161.5,1773.0,116.5,38.2,9.3,,,,
15.784,8,Atta_8,128.9,2071.1,184.5,44.8,-3.1,,,,
15.784,9,Atta_9,179.6,2282.1,12.7,25.9,1.7,,,,
15.784,10,Atta_10,681.5,2632.8,71.5,-32.0,4.3,,,,
15.854,1,Atta_1,1179.5,692.3,37.5,62.7,0.5,,,,
15.854,2,Atta_2,153.0,496.9,71.9,-3.0,-5.2,,,,
15.854,3,Atta_3,364.4,1307.0,84.6,84.0,-3.8,,,,
15.854,4,Atta_4,1315.3,883.2,70.3,70.1,-4.1,,,,
15.854,5,Atta_5,609.0,427.9,239.2,93.3,-0.8,,,,
15.854,6,Atta_6,302.8,1404.5,325.6,-56.8,4.8,,,,
15.854,7,Atta_7,158.2,1785.9,118.7,13.3,2.2,,,,
15.854,8,Atta_8,193.7,2112.5,185.1,-76.9,0.6,,,,
15.854,9,Atta_9,201.3,2311.5,8.4,36.5,-4.3,,,,
15.854,10,Atta_10,691.8,2580.7,73.9,-53.1,2.4,,,,
15.923,1,Atta_1,1124.4,734.8,37.9,-69.6,0.4,,,,
15.923,2,Atta_2,170.7,519.2,64.7,28.5,-7.2,,,,
15.923,3,Atta_3,385.4,1180.0,86.9,-128.7,2.3,,,,
15.923,4,Atta_4,1285.6,872.4,74.7,-31.6,4.4,,,,
15.923,5,Atta_5,637.7,512.8,232.9,-89.6,-6.3,,,,
15.923,6,Atta_6,266.5,1326.8,331.4,85.8,5.8,,,,
15.923,7,Atta_7,193.6,1784.3,123.0,-35.4,4.3,,,,
15.923,8,Atta_8,170.2,2087.9,187.1,34.0,2.0,,,,
15.923,9,Atta_9,209.8,2326.3,10.0,17.1,1.6,,,,
15.923,10,Atta_10,655.7,2653.0,80.3,80.8,6.4,,,,
15.989,1,Atta_1,1191.4,719.1,41.8,68.8,3.9,,,,
15.989,2,Atta_2,191.5,542.7,66.0,31.4,1.3,,,,
15.989,3,Atta_3,405.5,1281.6,85.0,103.6,-1.9,,,,
15.989,4,Atta_4,1313.5,845.7,77.0,-38.6,2.3,,,,
15.989,5,Atta_5,664.8,496.3,228.4,-31.7,-4.5,,,,
15.989,6,Atta_6,271.0,1381.7,334.6,-55.1,3.2,,,,
15.989,7,Atta_7,174.8,1766.6,127.1,-25.8,4.1,,,,
15.989,8,Atta_8,231.5,2128.7,186.2,-73.6,-0.9,,,,
15.989,9,Atta_9,232.6,2334.0,11.7,24.1,1.7,,,,
15.989,10,Atta_10,661.3,2583.6,86.3,-69.6,6.0,,,,
16.055,1,Atta_1,1216.6,705.5,41.4,28.6,-0.4,,,,
16.055,2,Atta_2,94.2,490.4,57.9,-110.5,-8.1,,,,
16.055,3,Atta_3,359.7,1272.6,83.9,-46.7,-1.1,,,,
16.055,4,Atta_4,1299.2,768.8,72.8,-78.2,-4.2,,,,
16.055,5,Atta_5,631.4,492.1,225.0,33.7,-3.4,,,,
16.055,6,Atta_6,310.5,1394.5,339.1,41.5,4.5,,,,
16.055,7,Atta_7,182.4,1785.4,133.7,20.3,6.6,,,,
16.055,8,Atta_8,138.8,2148.7,185.3,94.8,-0.9,,,,
16.055,9,Atta_9,216.8,2299.4,10.2,-38.0,-1.5,,,,
16.055,10,Atta_10,683.2,2600.3,88.0,27.5,1.7,,,,
16.125,1,Atta_1,1228.6,767.6,37.3,63.2,-4.1,,,,
16.125,2,Atta_2,182.5,539.2,51.6,100.9,-6.3,,,,
16.125,3,Atta_3,399.4,1225.9,85.5,-61.3,1.6,,,,
16.125,4,Atta_4,1362.8,806.4,73.0,73.9,0.2,,,,
16.125,5,Atta_5,650.2,476.2,220.7,-24.6,-4.3,,,,
16.125,6,Atta_6,328.5,1370.0,345.8,30.4,6.7,,,,
16.125,7,Atta_7,188.7,1800.6,136.5,16.5,2.8,,,,
16.125,8,Atta_8,151.4,2067.2,185.2,-82.5,-0.1,,,,
16.125,9,Atta_9,254.6,2274.8,16.6,45.1,6.4,,,,
16.125,10,Atta_10,741.8,2655.5,90.5,80.5,2.5,,,,
16.259,1,Atta_1,1256.6,763.9,36.8,28.2,-0.5,,,,
16.259,2,Atta_2,146.7,537.3,43.0,-35.9,-8.6,,,,
16.259,3,Atta_3,372.2,1161.4,86.2,-70.0,0.7,,,,
16.259,4,Atta_4,1300.0,797.5,73.3,-63.4,0.3,,,,
16.259,5,Atta_5,688.8,462.4,210.2,-41.0,-10.5,,,,
16.259,6,Atta_6,335.5,1417.2,352.9,-47.7,7.1,,,,
16.259,7,Atta_7,178.3,1823.0,143.3,24.7,6.8,,,,
16.259,8,Atta_8,197.3,2045.7,186.0,-50.7,0.8,,,,
16.259,9,Atta_9,287.0,2311.1,12.5,48.7,-4.1,,,,
16.259,10,Atta_10,655.9,2642.9,99.6,-86.8,9.1,,,,
16.326,1,Atta_1,1246.6,792.2,36.1,30.0,-0.7,,,,
16.326,2,Atta_2,214.4,477.0,42.6,90.7,-0.4,,,,
16.326,3,Atta_3,335.7,1172.0,85.2,38.0,-1.0,,,,
16.326,4,Atta_4,1313.5,818.6,71.1,25.0,-2.2,,,,
16.326,5,Atta_5,613.8,517.1,208.0,92.8,-2.2,,,,
16.326,6,Atta_6,357.2,1412.7,357.2,22.2,4.3,,,,
16.326,7,Atta_7,228.4,1809.4,145.0,-51.9,1.7,,,,
16.326,8,Atta_8,186.2,2109.4,189.6,64.7,3.6,,,,
16.326,9,Atta_9,279.5,2338.9,14.2,-28.8,1.7,,,,
16.326,10,Atta_10,645.0,2594.1,106.5,-50.0,6.9,,,,
16.446,1,Atta_1,1232.6,764.2,38.4,-31.3,2.3,,,,
16.446,2,Atta_2,186.6,503.0,33.1,-38.1,-9.5,,,,
16.446,3,Atta_3,330.3,1154.9,80.9,-17.9,-4.3,,,,
16.446,4,Atta_4,1290.4,858.5,72.8,46.1,1.7,,,,
16.446,5,Atta_5,680.1,484.6,201.6,-73.8,-6.4,,,,
16.446,6,Atta_6,326.9,1303.5,358.0,-113.3,0.8,,,,
16.446,7,Atta_7,109.0,1774.6,153.6,124.4,8.6,,,,
16.446,8,Atta_8,200.9,2114.4,189.7,-15.5,0.1,,,,
16.446,9,Atta_9,307.4,2345.3,14.3,28.6,0.1,,,,
16.446,10,Atta_10,682.2,2599.0,113.7,-37.5,7.2,,,,
16.512,1,Atta_1,1259.1,769.8,38.9,27.1,0.5,,,,
16.512,2,Atta_2,163.1,551.4,31.5,53.8,-1.6,,,,
16.512,3,Atta_3,379.8,1150.8,80.1,49.7,-0.8,,,,
16.512,4,Atta_4,1344.9,865.1,74.3,54.9,1.5,,,,
16.512,5,Atta_5,652.0,499.5,198.7,31.8,-2.9,,,,
16.512,6,Atta_6,339.5,1408.1,9.2,105.4,11.2,,,,
16.512,7,Atta_7,134.1,1697.1,157.7,-81.5,4.1,,,,
16.512,8,Atta_8,165.4,2130.3,198.4,38.9,8.7,,,,
16.512,9,Atta_9,339.6,2314.8,13.0,44.4,-1.3,,,,
16.512,10,Atta_10,688.7,2608.5,117.6,11.5,3.9,,,,
16.583,1,Atta_1,1240.4,838.7,35.7,71.4,-3.2,,,,
16.583,2,Atta_2,186.6,512.8,25.4,-45.2,-6.1,,,,
16.583,3,Atta_3,409.0,1195.4,76.2,53.3,-3.9,,,,
16.583,4,Atta_4,1346.9,926.8,74.5,61.7,0.2,,,,
16.583,5,Atta_5,637.6,545.6,196.3,-48.3,-2.4,,,,
16.583,6,Atta_6,312.0,1310.6,13.2,-101.3,4.0,,,,
16.583,7,Atta_7,159.3,1761.2,160.8,68.9,3.1,,,,
16.583,8,Atta_8,193.4,2124.6,203.7,-28.6,5.3,,,,
16.583,9,Atta_9,345.6,2289.4,12.0,26.1,-1.0,,,,
16.583,10,Atta_10,634.7,2676.9,122.0,87.1,4.4,,,,
16.645,1,Atta_1,1281.3,817.3,39.3,46.2,3.6,,,,
16.645,2,Atta_2,186.7,500.7,22.4,-12.1,-3.0,,,,
16.645,3,Atta_3,361.2,1164.6,67.2,-56.9,-9.0,,,,
16.645,4,Atta_4,1281.9,888.4,70.5,-75.5,-4.0,,,,
16.645,5,Atta_5,686.0,496.2,190.1,-69.2,-6.2,,,,
16.645,6,Atta_6,334.5,1428.6,14.9,120.1,1.7,,,,
16.645,7,Atta_7,243.0,1754.9,167.2,-83.9,6.4,,,,
16.645,8,Atta_8,152.1,2077.8,203.3,62.4,-0.4,,,,
16.645,9,Atta_9,359.5,2303.0,10.0,19.4,-2.0,,,,
16.645,10,Atta_10,672.3,2635.7,126.6,-55.8,4.6,,,,
16.714,1,Atta_1,1277.1,801.8,38.6,-16.1,-0.7,,,,
16.714,2,Atta_2,190.9,514.6,13.8,14.5,-8.6,,,,
16.714,3,Atta_3,330.3,1184.6,61.2,36.8,-6.0,,,,
16.714,4,Atta_4,1368.0,935.2,71.6,98.0,1.1,,,,
16.714,5,Atta_5,607.3,456.5,191.9,88.1,1.8,,,,
16.714,6,Atta_6,329.4,1390.2,14.6,-38.7,-0.3,,,,
16.714,7,Atta_7,142.5,1779.1,170.7,103.4,3.5,,,,
16.714,8,Atta_8,183.0,2113.7,207.4,-47.4,4.1,,,,
16.714,9,Atta_9,285.9,2359.7,7.9,-92.9,-2.1,,,,
16.714,10,Atta_10,713.1,2623.2,132.0,-42.7,5.4,,,,
16.783,1,Atta_1,1230.2,822.7,37.3,-51.3,-1.3,,,,
16.783,2,Atta_2,152.2,550.9,14.9,-53.1,1.1,,,,
16.783,3,Atta_3,349.3,1176.6,58.6,20.6,-2.6,,,,
16.783,4,Atta_4,1359.9,972.9,74.2,38.6,2.6,,,,
16.783,5,Atta_5,661.7,518.2,178.1,-82.3,-13.8,,,,
16.783,6,Atta_6,277.2,1383.8,13.2,-52.6,-1.4,,,,
16.783,7,Atta_7,157.3,1793.9,179.5,-20.9,8.8,,,,
16.783,8,Atta_8,194.3,2061.0,213.8,53.9,6.4,,,,
16.783,9,Atta_9,289.9,2350.7,6.0,9.8,-1.9,,,,
16.783,10,Atta_10,634.2,2637.0,138.3,80.1,6.3,,,,
16.851,1,Atta_1,1358.9,776.5,39.4,136.7,2.1,,,,
16.851,2,Atta_2,103.8,515.8,2.9,-59.8,-12.0,,,,
16.851,3,Atta_3,386.3,1173.7,54.5,37.1,-4.1,,,,
16.851,4,Atta_4,1300.7,984.8,72.6,-60.4,-1.6,,,,
16.851,5,Atta_5,638.8,473.6,179.3,50.1,1.2,,,,
16.851,6,Atta_6,293.3,1390.5,13.8,17.4,0.6,,,,
16.851,7,Atta_7,118.8,1747.0,181.3,60.7,1.8,,,,
16.851,8,Atta_8,194.1,2083.2,216.9,-22.2,3.1,,,,
16.851,9,Atta_9,315.0,2333.2,358.6,30.6,-7.4,,,,
16.851,10,Atta_10,656.6,2630.0,136.6,-23.5,-1.7,,,,
16.917,1,Atta_1,1329.0,826.8,38.5,58.5,-0.9,,,,
16.917,2,Atta_2,116.7,545.2,3.0,32.1,0.1,,,,
16.917,3,Atta_3,345.9,1185.6,47.7,-42.1,-6.8,,,,
16.917,4,Atta_4,1383.7,993.2,73.7,83.4,1.1,,,,
16.917,5,Atta_5,629.8,462.3,175.0,14.4,-4.3,,,,
16.917,6,Atta_6,309.6,1380.0,12.6,19.4,-1.2,,,,
16.917,7,Atta_7,165.0,1802.7,185.5,-72.4,4.2,,,,
16.917,8,Atta_8,195.8,2128.4,223.0,-45.2,6.1,,,,
16.917,9,Atta_9,281.2,2297.5,355.9,-49.2,-2.7,,,,
16.917,10,Atta_10,634.7,2639.9,141.6,24.0,5.0,,,,
16.986,1,Atta_1,1365.0,803.4,42.6,42.9,4.1,,,,
16.986,2,Atta_2,129.6,534.4,359.7,16.8,-3.3,,,,
16.986,3,Atta_3,416.2,1180.6,46.1,70.5,-1.6,,,,
16.986,4,Atta_4,1400.9,994.2,80.5,17.2,6.8,,,,
16.986,5,Atta_5,647.9,485.5,178.1,-29.4,3.1,,,,
16.986,6,Atta_6,282.9,1385.4,11.4,-27.2,-1.2,,,,
16.986,7,Atta_7,213.5,1824.8,189.3,-53.3,3.8,,,,
16.986,8,Atta_8,135.7,2046.1,225.4,101.9,2.4,,,,
16.986,9,Atta_9,310.7,2339.4,349.1,51.2,-6.8,,,,
16.986,10,Atta_10,686.4,2633.8,147.9,-52.1,6.3,,,,
17.053,1,Atta_1,1311.4,796.9,40.0,-54.0,-2.6,,,,
17.053,2,Atta_2,146.7,472.7,357.5,64.0,-2.2,,,,
17.053,3,Atta_3,338.8,1171.3,43.7,-78.0,-2.4,,,,
17.053,4,Atta_4,1374.6,942.3,86.5,-58.2,6.0,,,,
17.053,5,Atta_5,577.8,431.6,176.9,88.4,-1.2,,,,
17.053,6,Atta_6,297.9,1376.2,10.7,17.6,-0.7,,,,
17.053,7,Atta_7,173.1,1757.7,192.9,78.3,3.6,,,,
17.053,8,Atta_8,168.3,2072.9,231.5,-42.2,6.1,,,,
17.053,9,Atta_9,379.2,2373.7,346.8,76.6,-2.3,,,,
17.053,10,Atta_10,656.5,2643.1,153.0,31.3,5.1,,,,
17.109,1,Atta_1,1384.3,829.5,38.5,79.9,-1.5,,,,
17.109,2,Atta_2,205.7,537.4,352.7,87.6,-4.8,,,,
17.109,3,Atta_3,339.1,1179.9,37.9,8.6,-5.8,,,,
17.109,4,Atta_4,1344.7,937.2,90.7,-30.3,4.2,,,,
17.109,5,Atta_5,673.4,460.6,174.2,-99.9,-2.7,,,,
17.109,6,Atta_6,347.8,1391.1,16.1,52.1,5.4,,,,
17.109,7,Atta_7,144.4,1729.2,199.8,40.4,6.9,,,,
17.109,8,Atta_8,186.4,2086.0,239.4,-22.3,7.9,,,,
17.109,9,Atta_9,315.1,2351.5,339.7,-67.8,-7.1,,,,
17.109,10,Atta_10,734.0,2652.8,156.2,-78.1,3.2,,,,
17.175,1,Atta_1,1386.7,855.6,41.3,26.2,2.8,,,,
17.175,2,Atta_2,224.4,502.0,343.7,40.0,-9.0,,,,
17.175,3,Atta_3,380.0,1122.0,34.4,-70.9,-3.5,,,,
17.175,4,Atta_4,1352.8,1002.9,93.8,66.2,3.1,,,,
17.175,5,Atta_5,602.5,429.6,175.5,77.4,1.3,,,,
17.175,6,Atta_6,405.4,1417.7,13.4,63.4,-2.7,,,,
17.175,7,Atta_7,167.8,1791.6,203.0,-66.6,3.2,,,,
17.175,8,Atta_8,175.7,2142.8,243.1,-57.8,3.7,,,,
17.175,9,Atta_9,367.0,2322.2,332.9,59.6,-6.8,,,,
17.175,10,Atta_10,644.9,2593.3,161.7,107.1,5.5,,,,
17.245,1,Atta_1,1379.6,817.3,42.1,-39.0,0.8,,,,
17.245,2,Atta_2,165.8,554.7,343.4,-78.8,-0.3,,,,
17.245,3,Atta_3,339.2,1173.9,26.8,-66.0,-7.6,,,,
17.245,4,Atta_4,1366.6,1006.3,100.9,14.2,7.1,,,,
17.245,5,Atta_5,651.3,495.5,182.1,-82.0,6.6,,,,
17.245,6,Atta_6,349.0,1401.7,11.5,-58.6,-1.9,,,,
17.245,7,Atta_7,221.1,1760.7,210.5,-61.6,7.5,,,,
17.245,8,Atta_8,160.1,2099.8,241.7,45.7,-1.4,,,,
17.245,9,Atta_9,304.0,2322.7,330.0,-63.0,-2.9,,,,
17.245,10,Atta_10,664.1,2705.0,162.0,113.3,0.3,,,,
17.311,1,Atta_1,1350.9,869.4,37.6,59.5,-4.5,,,,
17.311,2,Atta_2,203.7,465.9,334.4,96.5,-9.0,,,,
17.311,3,Atta_3,327.2,1159.1,28.9,-19.1,2.1,,,,
17.311,4,Atta_4,1320.6,929.4,101.3,-89.6,0.4,,,,
17.311,5,Atta_5,612.4,474.6,184.8,44.2,2.7,,,,
17.311,6,Atta_6,340.3,1389.4,14.8,-15.1,3.3,,,,
17.311,7,Atta_7,142.4,1778.5,207.8,80.7,-2.7,,,,
17.311,8,Atta_8,154.5,2128.7,244.6,-29.4,2.9,,,,
17.311,9,Atta_9,354.4,2394.4,325.1,87.6,-4.9,,,,
17.311,10,Atta_10,689.4,2594.7,156.8,-113.2,-5.2,,,,
17.38,1,Atta_1,1349.4,844.6,38.4,-24.8,0.8,,,,
17.38,2,Atta_2,169.7,476.6,332.7,-35.6,-1.7,,,,
17.38,3,Atta_3,394.9,1202.0,28.4,80.1,-0.5,,,,
17.38,4,Atta_4,1343.5,971.9,101.3,48.3,0.0,,,,
17.38,5,Atta_5,623.8,514.5,189.5,-41.5,4.7,,,,
17.38,6,Atta_6,428.0,1384.1,11.0,87.9,-3.8,,,,
17.38,7,Atta_7,180.4,1722.7,213.1,-67.5,5.3,,,,
17.38,8,Atta_8,200.7,2110.5,243.3,-49.7,-1.3,,,,
17.38,9,Atta_9,305.1,2309.0,320.8,98.6,-4.3,,,,
17.38,10,Atta_10,673.2,2594.9,160.4,16.2,3.6,,,,
17.447,1,Atta_1,1387.2,870.6,41.5,45.9,3.1,,,,
17.447,2,Atta_2,195.6,536.3,325.1,-65.1,-7.6,,,,
17.447,3,Atta_3,361.9,1118.3,31.1,-90.0,2.7,,,,
17.447,4,Atta_4,1363.6,937.2,100.8,-40.1,-0.5,,,,
17.447,5,Atta_5,617.5,531.7,198.6,18.3,9.1,,,,
17.447,6,Atta_6,399.2,1401.4,14.3,-33.6,3.3,,,,
17.447,7,Atta_7,159.8,1767.6,219.8,-49.4,6.7,,,,
17.447,8,Atta_8,215.5,2094.8,242.1,21.6,-1.2,,,,
17.447,9,Atta_9,326.6,2341.9,317.8,-39.3,-3.0,,,,
17.447,10,Atta_10,686.1,2628.2,155.7,-35.7,-4.7,,,,
17.5,1,Atta_1,1407.4,898.1,34.9,34.1,-6.6,,,,
17.5,2,Atta_2,140.1,494.6,324.5,-69.4,-0.6,,,,
17.5,3,Atta_3,374.0,1160.3,28.4,43.7,-2.7,,,,
17.5,4,Atta_4,1318.0,977.2,103.1,60.7,2.3,,,,
17.5,5,Atta_5,632.2,507.4,200.5,-28.4,1.9,,,,
17.5,6,Atta_6,415.7,1387.4,11.7,21.6,-2.6,,,,
17.5,7,Atta_7,179.2,1753.0,227.5,-24.3,7.7,,,,
17.5,8,Atta_8,146.8,2150.0,244.9,-88.1,2.8,,,,
17.5,9,Atta_9,328.3,2331.9,311.5,10.1,-6.3,,,,
17.5,10,Atta_10,673.4,2643.1,160.3,19.6,4.6,,,,
17.566,1,Atta_1,1383.8,870.8,36.4,-36.1,1.5,,,,
17.566,2,Atta_2,181.7,450.2,319.2,60.8,-5.3,,,,
17.566,3,Atta_3,412.4,1173.1,27.4,40.5,-1.0,,,,
17.566,4,Atta_4,1314.5,934.2,99.5,-43.1,-3.6,,,,
17.566,5,Atta_5,641.2,515.2,203.0,-11.9,2.5,,,,
17.566,6,Atta_6,420.0,1443.4,16.6,56.2,4.9,,,,
17.566,7,Atta_7,134.5,1764.6,228.5,46.2,1.0,,,,
17.566,8,Atta_8,184.8,2138.7,240.8,-39.6,-4.1,,,,
17.566,9,Atta_9,280.6,2315.2,306.1,-50.5,-5.4,,,,
17.566,10,Atta_10,652.4,2626.0,155.2,27.1,-5.1,,,,
17.632,1,Atta_1,1347.3,876.3,35.7,-36.9,-0.7,,,,
17.632,2,Atta_2,140.9,495.3,317.5,-60.8,-1.7,,,,
17.632,3,Atta_3,374.5,1179.0,27.5,-38.4,0.1,,,,
17.632,4,Atta_4,1352.3,948.6,101.9,40.4,2.4,,,,
17.632,5,Atta_5,687.9,508.4,209.7,-47.2,6.7,,,,
17.632,6,Atta_6,405.1,1397.5,11.6,-48.3,-5.0,,,,
17.632,7,Atta_7,175.3,1754.7,233.5,-42.0,5.0,,,,
17.632,8,Atta_8,155.1,2068.8,246.0,75.9,5.2,,,,
17.632,9,Atta_9,345.5,2369.2,303.0,-84.4,-3.1,,,,
17.632,10,Atta_10,640.9,2610.6,152.8,19.2,-2.4,,,,
17.703,1,Atta_1,1392.4,864.4,35.6,46.6,-0.1,,,,
17.703,2,Atta_2,172.2,511.0,310.2,35.0,-7.3,,,,
17.703,3,Atta_3,393.1,1212.0,28.2,37.9,0.7,,,,
17.703,4,Atta_4,1347.2,1004.1,97.8,55.7,-4.1,,,,
17.703,5,Atta_5,635.9,467.2,211.6,66.3,1.9,,,,
17.703,6,Atta_6,453.7,1399.2,15.0,48.6,3.4,,,,
17.703,7,Atta_7,232.1,1753.7,238.5,-56.8,5.0,,,,
17.703,8,Atta_8,166.0,2114.4,237.9,-46.9,-8.1,,,,
17.703,9,Atta_9,347.4,2335.3,296.5,34.0,-6.5,,,,
17.703,10,Atta_10,627.7,2607.4,145.2,13.6,-7.6,,,,
17.769,1,Atta_1,1390.7,812.5,37.1,-51.9,1.5,,,,
17.769,2,Atta_2,165.3,510.7,306.1,-6.9,-4.1,,,,
17.769,3,Atta_3,355.2,1186.7,28.8,-45.6,0.6,,,,
17.769,4,Atta_4,1336.3,984.5,94.4,-22.4,-3.4,,,,
17.769,5,Atta_5,654.1,508.2,216.9,-44.9,5.3,,,,
17.769,6,Atta_6,411.3,1436.4,17.3,-56.4,2.3,,,,
17.769,7,Atta_7,184.7,1812.5,244.9,-75.5,6.4,,,,
17.769,8,Atta_8,211.2,2059.0,243.8,71.5,5.9,,,,
17.769,9,Atta_9,323.2,2407.3,295.9,-76.0,-0.6,,,,
17.769,10,Atta_10,724.1,2639.4,140.8,-101.6,-4.4,,,,
17.835,1,Atta_1,1353.3,871.1,38.5,69.5,1.4,,,,
17.835,2,Atta_2,174.4,535.5,302.4,-26.4,-3.7,,,,
17.835,3,Atta_3,406.5,1173.5,29.0,53.0,0.2,,,,
17.835,4,Atta_4,1351.5,989.0,82.1,15.9,-12.3,,,,
17.835,5,Atta_5,609.5,456.2,221.1,68.5,4.2,,,,
17.835,6,Atta_6,421.8,1365.9,13.7,-71.3,-3.6,,,,
17.835,7,Atta_7,149.5,1819.6,247.5,35.9,2.6,,,,
17.835,8,Atta_8,188.8,2062.3,245.0,22.6,1.2,,,,
17.835,9,Atta_9,276.2,2300.1,287.3,117.1,-8.6,,,,
17.835,10,Atta_10,633.0,2606.9,134.8,96.7,-6.0,,,,
17.904,1,Atta_1,1343.2,804.9,38.9,-67.0,0.4,,,,
17.904,2,Atta_2,148.8,557.5,299.2,-33.8,-3.2,,,,
17.904,3,Atta_3,437.3,1227.8,25.5,62.4,-3.5,,,,
17.904,4,Atta_4,1362.2,955.5,80.9,-35.2,-1.2,,,,
17.904,5,Atta_5,650.7,460.0,225.6,-41.4,4.5,,,,
17.904,6,Atta_6,445.2,1444.0,15.5,81.5,1.8,,,,
17.904,7,Atta_7,214.4,1768.0,253.0,82.9,5.5,,,,
17.904,8,Atta_8,183.4,2078.3,246.5,-16.9,1.5,,,,
17.904,9,Atta_9,315.4,2361.9,286.6,-73.2,-0.7,,,,
17.904,10,Atta_10,671.7,2622.5,133.3,-41.7,-1.5,,,,
17.973,1,Atta_1,1324.6,810.3,38.1,-19.4,-0.8,,,,
17.973,2,Atta_2,161.3,549.5,289.9,14.8,-9.3,,,,
17.973,3,Atta_3,415.1,1185.0,31.3,-48.2,5.8,,,,
17.973,4,Atta_4,1364.1,968.5,77.6,13.1,-3.3,,,,
17.973,5,Atta_5,611.4,462.9,230.7,39.4,5.1,,,,
17.973,6,Atta_6,533.4,1430.8,14.9,89.2,-0.6,,,,
17.973,7,Atta_7,196.9,1733.7,253.9,38.5,0.9,,,,
17.973,8,Atta_8,136.4,2020.6,243.5,74.4,-3.0,,,,
17.973,9,Atta_9,363.6,2309.4,284.6,71.3,-2.0,,,,
17.973,10,Atta_10,710.5,2612.7,134.1,-40.0,0.8,,,,
18.044,1,Atta_1,1330.3,861.8,41.1,51.8,3.0,,,,
18.044,2,Atta_2,191.5,501.6,289.5,56.6,-0.4,,,,
18.044,3,Atta_3,419.4,1229.5,31.9,44.7,0.6,,,,
18.044,4,Atta_4,1355.8,972.0,73.3,9.0,-4.3,,,,
18.044,5,Atta_5,633.7,519.0,237.2,-60.4,6.5,,,,
18.044,6,Atta_6,450.5,1393.9,11.9,-90.7,-3.0,,,,
18.044,7,Atta_7,115.6,1820.2,259.8,-118.7,5.9,,,,
18.044,8,Atta_8,86.2,1974.5,240.7,68.2,-2.8,,,,
18.044,9,Atta_9,347.0,2292.9,287.7,23.4,3.1,,,,
18.044,10,Atta_10,653.4,2604.0,132.4,57.8,-1.7,,,,
18.106,1,Atta_1,1310.1,854.0,50.4,-21.7,9.3,,,,
18.106,2,Atta_2,193.9,485.1,280.6,16.7,-8.9,,,,
18.106,3,Atta_3,439.8,1252.4,26.6,30.7,-5.3,,,,
18.106,4,Atta_4,1356.2,960.2,64.3,-11.8,-9.0,,,,
18.106,5,Atta_5,607.8,460.6,237.6,63.9,0.4,,,,
18.106,6,Atta_6,476.1,1501.4,14.9,110.5,3.0,,,,
18.106,7,Atta_7,186.8,1806.9,266.1,72.4,6.3,,,,
18.106,8,Atta_8,159.6,2004.9,245.4,-79.4,4.7,,,,
18.106,9,Atta_9,279.5,2364.1,282.7,-98.1,-5.0,,,,
18.106,10,Atta_10,688.9,2637.8,134.2,49.0,1.8,,,,
18.175,1,Atta_1,1308.1,839.8,52.8,-14.3,2.4,,,,
18.175,2,Atta_2,163.0,504.8,277.3,-36.6,-3.3,,,,
18.175,3,Atta_3,399.3,1242.3,30.1,-41.7,3.5,,,,
18.175,4,Atta_4,1380.0,915.6,62.9,-50.6,-1.4,,,,
18.175,5,Atta_5,643.0,515.4,240.5,-65.1,2.9,,,,
18.175,6,Atta_6,527.7,1498.1,14.1,51.7,-0.8,,,,
18.175,7,Atta_7,170.5,1820.0,270.6,-20.9,4.5,,,,
18.175,8,Atta_8,112.6,1982.1,243.4,52.2,-2.0,,,,
18.175,9,Atta_9,318.5,2335.7,285.2,48.2,2.5,,,,
18.175,10,Atta_10,693.9,2637.1,131.4,-5.0,-2.8,,,,
18.241,1,Atta_1,1349.7,844.5,59.1,41.9,6.3,,,,
18.241,2,Atta_2,167.9,508.8,272.4,-6.3,-4.9,,,,
18.241,3,Atta_3,496.7,1190.6,32.7,110.3,2.6,,,,
18.241,4,Atta_4,1386.7,956.3,59.6,41.2,-3.3,,,,
18.241,5,Atta_5,623.7,493.3,248.9,29.3,8.4,,,,
18.241,6,Atta_6,547.7,1454.0,15.5,48.4,1.4,,,,
18.241,7,Atta_7,174.1,1739.5,270.3,80.6,-0.3,,,,
18.241,8,Atta_8,127.5,1985.4,245.8,-15.3,2.4,,,,
18.241,9,Atta_9,374.0,2318.8,286.7,58.0,1.5,,,,
18.241,10,Atta_10,691.0,2602.6,137.8,-34.6,6.4,,,,
18.31,1,Atta_1,1356.8,816.6,61.2,-28.8,2.1,,,,
18.31,2,Atta_2,265.4,505.2,274.8,97.6,2.4,,,,
18.31,3,Atta_3,489.6,1220.5,29.7,30.7,-3.0,,,,
18.31,4,Atta_4,1407.8,992.2,55.1,41.6,-4.5,,,,
18.31,5,Atta_5,621.6,452.1,254.4,41.3,5.5,,,,
18.31,6,Atta_6,559.7,1438.4,14.2,19.7,-1.3,,,,
18.31,7,Atta_7,165.4,1790.4,267.0,-51.6,-3.3,,,,
18.31,8,Atta_8,151.1,1975.5,250.4,-25.6,4.6,,,,
18.31,9,Atta_9,304.9,2356.0,285.4,-78.5,-1.3,,,,
18.31,10,Atta_10,681.8,2609.1,140.7,11.3,2.9,,,,
18.378,1,Atta_1,1329.3,834.8,65.1,33.0,3.9,,,,
18.378,2,Atta_2,203.8,517.9,269.2,-62.9,-5.6,,,,
18.378,3,Atta_3,462.8,1278.0,38.6,63.4,8.9,,,,
18.378,4,Atta_4,1339.2,1009.5,51.8,-70.7,-3.3,,,,
18.378,5,Atta_5,650.2,492.7,254.8,-49.7,0.4,,,,
18.378,6,Atta_6,529.2,1442.2,12.0,-30.7,-2.2,,,,
18.378,7,Atta_7,105.3,1787.7,266.1,60.2,-0.9,,,,
18.378,8,Atta_8,148.8,1998.7,254.4,-23.3,4.0,,,,
18.378,9,Atta_9,310.1,2303.5,286.0,52.8,0.6,,,,
18.378,10,Atta_10,685.4,2627.1,141.3,18.4,0.6,,,,
18.444,1,Atta_1,1343.8,808.5,70.5,-30.0,5.4,,,,
18.444,2,Atta_2,134.4,482.3,270.1,78.0,0.9,,,,
18.444,3,Atta_3,483.4,1205.4,43.0,-75.5,4.4,,,,
18.444,4,Atta_4,1347.3,882.0,47.0,-127.8,-4.8,,,,
18.444,5,Atta_5,622.6,501.3,262.3,-28.9,7.5,,,,
18.444,6,Atta_6,611.6,1471.0,13.0,87.3,1.0,,,,
18.444,7,Atta_7,161.0,1808.5,269.8,-59.5,3.7,,,,
18.444,8,Atta_8,98.3,1936.4,255.8,80.2,1.4,,,,
18.444,9,Atta_9,292.4,2329.0,285.1,-31.0,-0.9,,,,
18.444,10,Atta_10,694.5,2618.8,148.0,-12.3,6.7,,,,
18.51,1,Atta_1,1326.8,809.9,72.9,-17.1,2.4,,,,
18.51,2,Atta_2,145.8,522.2,272.9,-41.5,2.8,,,,
18.51,3,Atta_3,499.7,1220.9,43.0,22.5,0.0,,,,
18.51,4,Atta_4,1348.4,969.2,42.2,87.2,-4.8,,,,
18.51,5,Atta_5,575.5,472.8,263.1,55.1,0.8,,,,
18.51,6,Atta_6,558.8,1460.4,13.1,-53.9,0.1,,,,
18.51,7,Atta_7,185.5,1762.4,267.5,52.2,-2.3,,,,
18.51,8,Atta_8,74.5,2001.3,260.0,-69.1,4.2,,,,
18.51,9,Atta_9,302.2,2314.4,285.2,17.6,0.1,,,,
18.51,10,Atta_10,650.5,2613.4,147.1,44.3,-0.9,,,,
18.577,1,Atta_1,1314.2,823.1,82.2,18.2,9.3,,,,
18.577,2,Atta_2,228.0,493.7,271.4,87.0,-1.5,,,,
18.577,3,Atta_3,474.9,1262.0,48.6,48.0,5.6,,,,
18.577,4,Atta_4,1357.3,955.1,41.0,-16.7,-1.2,,,,
18.577,5,Atta_5,608.0,464.0,262.6,33.7,-0.5,,,,
18.577,6,Atta_6,603.7,1490.8,11.7,54.2,-1.4,,,,
18.577,7,Atta_7,133.6,1760.9,268.3,51.9,0.8,,,,
18.577,8,Atta_8,145.1,1949.6,265.4,87.5,5.4,,,,
18.577,9,Atta_9,304.5,2281.3,287.0,33.2,1.8,,,,
18.577,10,Atta_10,682.3,2580.9,156.3,-45.5,9.2,,,,
18.643,1,Atta_1,1318.4,819.5,85.3,-5.5,3.1,,,,
18.643,2,Atta_2,165.8,464.2,272.4,68.8,1.0,,,,
18.643,3,Atta_3,424.7,1204.7,53.6,-76.2,5.0,,,,
18.643,4,Atta_4,1327.8,960.6,31.7,-30.0,-9.3,,,,
18.643,5,Atta_5,654.0,463.6,265.9,-46.0,3.3,,,,
18.643,6,Atta_6,638.7,1492.8,15.8,35.1,4.1,,,,
18.643,7,Atta_7,142.4,1695.8,269.4,65.7,1.1,,,,
18.643,8,Atta_8,87.1,1960.3,270.7,-59.0,5.3,,,,
18.643,9,Atta_9,296.6,2213.9,282.2,67.9,-4.8,,,,
18.643,10,Atta_10,672.4,2600.7,161.7,22.1,5.4,,,,
18.712,1,Atta_1,1371.6,802.8,82.0,-55.8,-3.3,,,,
18.712,2,Atta_2,198.6,473.7,274.7,-34.1,2.3,,,,
18.712,3,Atta_3,496.2,1255.6,53.2,87.8,-0.4,,,,
18.712,4,Atta_4,1379.3,1044.6,27.4,98.5,-4.3,,,,
18.712,5,Atta_5,715.4,470.4,258.9,-61.8,-7.0,,,,
18.712,6,Atta_6,579.8,1419.3,15.6,-94.2,-0.2,,,,
18.712,7,Atta_7,177.5,1727.7,269.1,-47.4,-0.3,,,,
18.712,8,Atta_8,190.3,2017.8,272.7,-118.1,2.0,,,,
18.712,9,Atta_9,311.2,2278.4,286.0,-66.1,3.8,,,,
18.712,10,Atta_10,649.8,2626.4,161.5,34.2,-0.2,,,,
18.781,1,Atta_1,1228.2,847.8,94.1,150.3,12.1,,,,
18.781,2,Atta_2,121.2,487.3,269.8,-78.6,-4.9,,,,
18.781,3,Atta_3,485.1,1211.2,62.6,-45.8,9.4,,,,
18.781,4,Atta_4,1329.1,969.3,24.3,-90.5,-3.1,,,,
18.781,5,Atta_5,602.9,405.7,261.2,129.8,2.3,,,,
18.781,6,Atta_6,614.0,1482.6,16.1,71.9,0.5,,,,
18.781,7,Atta_7,213.1,1705.6,265.5,41.9,-3.6,,,,
18.781,8,Atta_8,83.7,2018.0,280.1,-106.6,7.4,,,,
18.781,9,Atta_9,363.4,2227.5,288.2,72.9,2.2,,,,
18.781,10,Atta_10,646.2,2585.6,172.2,-41.0,10.7,,,,
18.85,1,Atta_1,1354.5,857.6,93.2,126.7,-0.9,,,,
18.85,2,Atta_2,131.3,490.2,274.2,-10.5,4.4,,,,
18.85,3,Atta_3,521.6,1258.2,66.7,59.5,4.1,,,,
18.85,4,Atta_4,1411.4,997.6,18.6,87.0,-5.7,,,,
18.85,5,Atta_5,667.1,468.8,264.4,-90.0,3.2,,,,
18.85,6,Atta_6,622.7,1493.3,15.3,13.8,-0.8,,,,
18.85,7,Atta_7,144.4,1692.3,268.4,70.0,2.9,,,,
18.85,8,Atta_8,134.0,2039.6,284.3,-54.7,4.2,,,,
18.85,9,Atta_9,296.9,2226.4,286.0,-66.5,-2.2,,,,
18.85,10,Atta_10,662.1,2618.9,171.8,-36.9,-0.4,,,,
18.92,1,Atta_1,1328.7,821.8,93.1,-44.1,-0.1,,,,
18.92,2,Atta_2,155.5,476.8,268.4,27.7,-5.8,,,,
18.92,3,Atta_3,511.3,1254.7,72.6,-10.9,5.9,,,,
18.92,4,Atta_4,1325.3,987.4,14.7,-86.7,-3.9,,,,
18.92,5,Atta_5,616.4,449.2,260.4,54.4,-4.0,,,,
18.92,6,Atta_6,616.2,1521.9,13.9,29.3,-1.4,,,,
18.92,7,Atta_7,155.7,1693.7,268.2,-11.4,-0.2,,,,
18.92,8,Atta_8,97.9,1976.1,286.1,73.0,1.8,,,,
18.92,9,Atta_9,308.2,2200.8,285.2,28.0,-0.8,,,,
18.92,10,Atta_10,675.9,2619.3,175.9,-13.8,4.1,,,,
18.975,1,Atta_1,1304.0,811.9,94.9,-26.6,1.8,,,,
18.975,2,Atta_2,138.6,431.2,271.7,48.6,3.3,,,,
18.975,3,Atta_3,543.9,1253.4,73.2,32.6,0.6,,,,
18.975,4,Atta_4,1344.7,980.6,11.5,20.6,-3.2,,,,
18.975,5,Atta_5,613.1,465.2,262.7,-16.3,2.3,,,,
18.975,6,Atta_6,666.4,1538.2,15.9,52.8,2.0,,,,
18.975,7,Atta_7,144.1,1683.6,268.6,15.4,0.4,,,,
18.975,8,Atta_8,133.0,1966.3,290.7,36.4,4.6,,,,
18.975,9,Atta_9,340.9,2273.2,279.8,-79.4,-5.4,,,,
18.975,10,Atta_10,651.1,2635.6,185.6,29.7,9.7,,,,
19.041,1,Atta_1,1334.0,861.6,95.3,58.1,0.4,,,,
19.041,2,Atta_2,148.0,465.4,273.3,-35.5,1.6,,,,
19.041,3,Atta_3,456.7,1224.3,78.2,-91.9,5.0,,,,
19.041,4,Atta_4,1366.0,949.7,3.9,37.5,-7.6,,,,
19.041,5,Atta_5,662.4,448.2,265.5,52.1,2.8,,,,
19.041,6,Atta_6,694.5,1462.8,10.2,80.5,-5.7,,,,
19.041,7,Atta_7,183.9,1666.7,264.8,43.2,-3.8,,,,
19.041,8,Atta_8,140.9,1964.8,297.4,8.0,6.7,,,,
19.041,9,Atta_9,338.6,2192.2,282.3,81.0,2.5,,,,
19.041,10,Atta_10,680.8,2632.2,185.0,-29.9,-0.6,,,,
19.107,1,Atta_1,1337.4,866.9,94.8,6.3,-0.5,,,,
19.107,2,Atta_2,158.5,467.7,269.6,-10.7,-3.7,,,,
19.107,3,Atta_3,477.5,1277.2,86.6,56.8,8.4,,,,
19.107,4,Atta_4,1295.7,897.5,359.5,-87.6,-4.4,,,,
19.107,5,Atta_5,649.4,432.0,261.0,20.8,-4.5,,,,
19.107,6,Atta_6,652.1,1474.6,16.5,-44.0,6.3,,,,
19.107,7,Atta_7,175.2,1641.6,268.2,26.6,3.4,,,,
19.107,8,Atta_8,144.0,1951.1,301.1,14.0,3.7,,,,
19.107,9,Atta_9,364.3,2194.6,285.0,25.8,2.7,,,,
19.107,10,Atta_10,690.1,2619.7,193.7,-15.6,8.7,,,,
19.176,1,Atta_1,1363.1,854.8,91.8,-28.4,-3.0,,,,
19.176,2,Atta_2,194.3,447.6,273.1,41.1,3.5,,,,
19.176,3,Atta_3,451.3,1212.4,87.1,-69.9,0.5,,,,
19.176,4,Atta_4,1377.0,1028.6,356.0,154.3,-3.5,,,,
19.176,6,Atta_6,685.7,1468.0,14.9,34.2,-1.6,,,,
19.176,7,Atta_7,146.9,1675.7,270.0,-44.3,1.8,,,,
19.176,8,Atta_8,108.7,1999.7,301.6,-60.1,0.5,,,,
19.176,9,Atta_9,375.3,2192.2,287.6,11.3,2.6,,,,
19.176,10,Atta_10,674.5,2572.7,193.8,49.5,0.1,,,,
19.245,1,Atta_1,1305.0,862.0,95.6,58.5,3.8,,,,
19.245,2,Atta_2,182.0,448.3,273.4,-12.3,0.3,,,,
19.245,3,Atta_3,448.6,1207.1,86.9,-5.9,-0.2,,,,
19.245,4,Atta_4,1341.6,977.8,350.7,-61.9,-5.3,,,,
19.245,5,Atta_5,557.7,385.2,260.4,103.0,-0.6,,,,
19.245,6,Atta_6,684.3,1482.9,14.1,15.0,-0.8,,,,
19.245,7,Atta_7,114.1,1585.5,263.5,96.0,-6.5,,,,
19.245,8,Atta_8,133.7,1940.5,298.1,64.3,-3.5,,,,
19.245,9,Atta_9,295.6,2147.3,287.0,91.5,-0.6,,,,
19.245,10,Atta_10,635.6,2617.1,200.9,59.0,7.1,,,,
19.364,1,Atta_1,1377.4,801.1,97.2,-94.6,1.6,,,,
19.364,2,Atta_2,187.4,321.9,267.0,126.5,-6.4,,,,
19.364,3,Atta_3,460.4,1254.8,85.9,49.1,-1.0,,,,
19.364,5,Atta_5,596.7,421.8,264.0,-53.5,3.6,,,,
19.364,6,Atta_6,674.7,1426.1,14.1,-57.6,0.0,,,,
19.364,7,Atta_7,153.4,1615.4,267.1,-49.4,3.6,,,,
19.364,8,Atta_8,144.4,1996.2,302.8,-56.7,4.7,,,,
19.364,9,Atta_9,363.0,2170.3,288.8,-71.2,1.8,,,,
19.364,10,Atta_10,696.6,2613.1,207.5,-61.1,6.6,,,,
19.433,1,Atta_1,1354.6,805.8,97.8,23.3,0.6,,,,
19.433,2,Atta_2,210.2,338.0,270.7,-27.9,3.7,,,,
19.433,3,Atta_3,403.6,1211.5,86.4,-71.4,0.5,,,,
19.433,4,Atta_4,1336.7,929.7,336.9,48.3,-13.8,,,,
19.433,5,Atta_5,648.1,373.9,265.5,70.3,1.5,,,,
19.433,6,Atta_6,711.7,1504.5,18.3,86.7,4.2,,,,
19.433,7,Atta_7,204.6,1561.0,271.1,74.7,4.0,,,,
19.433,8,Atta_8,144.7,1977.5,299.7,18.7,-3.1,,,,
19.433,9,Atta_9,389.1,2174.2,288.8,26.4,0.0,,,,
19.433,10,Atta_10,658.0,2688.6,217.5,-84.8,10.0,,,,
19.569,1,Atta_1,1357.4,768.4,95.5,-37.5,-2.3,,,,
19.569,2,Atta_2,153.7,284.1,271.6,78.1,0.9,,,,
19.569,3,Atta_3,473.8,1232.5,87.0,73.3,0.6,,,,
19.569,4,Atta_4,1310.8,982.7,338.4,-59.0,1.5,,,,
19.569,5,Atta_5,682.2,353.7,264.4,39.6,-1.1,,,,
19.569,6,Atta_6,733.5,1505.6,13.7,21.8,-4.6,,,,
19.569,7,Atta_7,161.5,1566.0,268.1,-43.4,-3.0,,,,
19.569,8,Atta_8,134.7,1973.4,307.2,-10.8,7.5,,,,
19.569,9,Atta_9,362.6,2184.7,284.1,-28.5,-4.7,,,,
19.569,10,Atta_10,666.0,2611.1,221.2,77.9,3.7,,,,
19.638,1,Atta_1,1350.7,797.4,98.7,29.8,3.2,,,,
19.638,2,Atta_2,202.0,359.5,270.4,-89.5,-1.2,,,,
19.638,3,Atta_3,415.2,1286.6,84.3,79.8,-2.7,,,,
19.638,4,Atta_4,1306.8,987.2,331.0,-6.0,-7.4,,,,
19.638,5,Atta_5,673.5,311.4,263.7,43.2,-0.7,,,,
19.638,6,Atta_6,717.7,1456.4,16.3,-51.7,2.6,,,,
19.638,7,Atta_7,212.4,1529.1,266.9,62.9,-1.2,,,,
19.638,8,Atta_8,171.2,2007.9,310.8,-50.2,3.6,,,,
19.638,9,Atta_9,378.2,2094.8,283.9,91.2,-0.2,,,,
19.638,10,Atta_10,681.1,2602.2,220.4,-17.5,-0.8,,,,
19.706,1,Atta_1,1320.5,724.0,97.8,-79.4,-0.9,,,,
19.706,2,Atta_2,220.6,283.4,270.5,78.3,0.1,,,,
19.706,3,Atta_3,434.6,1213.9,90.1,-75.2,5.8,,,,
19.706,4,Atta_4,1354.8,984.1,329.5,48.1,-1.5,,,,
19.706,5,Atta_5,627.6,339.9,261.7,-54.0,-2.0,,,,
19.706,6,Atta_6,770.0,1483.8,15.7,59.0,-0.6,,,,
19.706,7,Atta_7,106.2,1575.9,269.5,-116.1,2.6,,,,
19.706,8,Atta_8,125.6,1960.2,316.8,66.0,6.0,,,,
19.706,9,Atta_9,400.6,2144.1,286.9,-54.2,3.0,,,,
19.706,10,Atta_10,661.3,2628.0,222.9,-32.5,2.5,,,,
19.77,1,Atta_1,1379.1,715.6,99.6,-59.2,1.8,,,,
19.77,2,Atta_2,138.5,305.9,272.5,-85.1,2.0,,,,
19.77,3,Atta_3,477.0,1267.8,86.0,68.6,-4.1,,,,
19.77,4,Atta_4,1359.8,1028.7,330.0,-44.9,0.5,,,,
19.77,5,Atta_5,582.1,333.4,261.3,46.0,-0.4,,,,
19.77,6,Atta_6,711.2,1542.2,11.6,-82.9,-4.1,,,,
19.77,7,Atta_7,94.0,1546.4,269.4,31.9,-0.1,,,,
19.77,8,Atta_8,111.1,2027.1,322.4,-68.5,5.6,,,,
19.77,9,Atta_9,419.9,2121.4,286.4,29.8,-0.5,,,,
19.77,10,Atta_10,660.0,2650.6,218.7,-22.6,-4.2,,,,
19.821,1,Atta_1,1375.3,746.2,106.9,30.8,7.3,,,,
19.821,2,Atta_2,189.4,336.1,272.0,-59.2,-0.5,,,,
19.821,3,Atta_3,427.3,1295.4,84.0,56.8,-2.0,,,,
19.821,4,Atta_4,1370.9,907.7,328.6,121.5,-1.4,,,,
19.821,5,Atta_5,653.7,331.4,260.6,-71.6,-0.7,,,,
19.821,6,Atta_6,758.4,1562.4,13.5,51.3,1.9,,,,
19.821,7,Atta_7,177.7,1576.0,265.7,-88.8,-3.7,,,,
19.821,8,Atta_8,177.4,2006.0,325.3,69.6,2.9,,,,
19.821,9,Atta_9,421.8,2129.3,287.7,-8.1,1.3,,,,
19.821,10,Atta_10,703.4,2585.4,221.2,78.3,2.5,,,,
19.89,1,Atta_1,1346.3,791.8,113.4,54.0,6.5,,,,
19.89,2,Atta_2,160.3,290.5,273.8,54.1,1.8,,,,
19.89,3,Atta_3,470.9,1272.9,82.0,-49.1,-2.0,,,,
19.89,4,Atta_4,1324.6,988.5,328.9,-93.1,0.3,,,,
19.89,5,Atta_5,603.9,300.4,266.4,58.7,5.8,,,,
19.89,6,Atta_6,808.5,1485.3,18.3,91.9,4.8,,,,
19.89,7,Atta_7,181.9,1528.8,267.9,47.4,2.2,,,,
19.89,8,Atta_8,35.0,1999.4,330.7,-142.6,5.4,,,,
19.89,9,Atta_9,320.5,2011.0,284.7,155.7,-3.0,,,,
19.89,10,Atta_10,615.8,2620.0,217.9,94.2,-3.3,,,,
19.96,1,Atta_1,1347.9,798.5,115.2,6.9,1.8,,,,
19.96,2,Atta_2,125.5,297.6,273.2,-35.5,-0.6,,,,
19.96,3,Atta_3,500.4,1301.0,85.2,40.7,3.2,,,,
19.96,4,Atta_4,1415.8,985.5,330.2,91.2,1.3,,,,
19.96,5,Atta_5,582.2,279.4,263.9,30.2,-2.5,,,,
19.96,6,Atta_6,848.0,1505.6,15.9,44.4,-2.4,,,,
19.96,7,Atta_7,146.1,1573.0,270.2,-56.9,2.3,,,,
19.96,8,Atta_8,88.3,2009.7,335.6,54.3,4.9,,,,
19.96,9,Atta_9,415.0,2073.1,285.2,-113.1,0.5,,,,
19.96,10,Atta_10,654.0,2625.5,223.0,-38.6,5.1,,,,
20.037,1,Atta_1,1338.8,760.4,116.7,-39.2,1.5,,,,
20.037,2,Atta_2,142.3,320.1,272.7,-28.1,-0.5,,,,
20.037,3,Atta_3,445.8,1353.6,82.0,75.8,-3.2,,,,
20.037,4,Atta_4,1352.8,968.3,328.1,-65.3,-2.1,,,,
20.037,5,Atta_5,604.8,316.8,264.9,-43.7,1.0,,,,
20.037,6,Atta_6,819.2,1469.0,16.9,-46.6,1.0,,,,
20.037,7,Atta_7,219.1,1478.2,264.4,119.6,-5.8,,,,
20.037,8,Atta_8,125.0,1990.7,340.1,41.3,4.5,,,,
20.037,9,Atta_9,408.0,2008.3,284.0,65.2,-1.2,,,,
20.037,10,Atta_10,671.0,2641.7,228.2,-23.5,5.2,,,,
20.088,1,Atta_1,1297.8,769.4,128.7,42.0,12.0,,,,
20.088,2,Atta_2,206.8,251.1,269.4,94.5,-3.3,,,,
20.088,3,Atta_3,459.7,1299.7,86.6,-55.7,4.6,,,,
20.088,4,Atta_4,1405.5,1000.1,328.3,61.6,0.2,,,,
20.088,5,Atta_5,588.4,276.9,265.8,43.1,0.9,,,,
20.088,6,Atta_6,810.0,1517.5,15.5,49.4,-1.4,,,,
20.088,7,Atta_7,180.5,1477.7,266.7,38.6,2.3,,,,
20.088,8,Atta_8,131.8,1977.8,346.0,14.6,5.9,,,,
20.088,9,Atta_9,415.7,2059.6,283.4,-51.9,-0.6,,,,
20.088,10,Atta_10,631.3,2660.0,231.2,43.7,3.0,,,,
20.158,1,Atta_1,1349.7,787.0,130.8,-54.8,2.1,,,,
20.158,2,Atta_2,161.6,282.7,269.6,-55.2,0.2,,,,
20.158,3,Atta_3,404.1,1320.4,87.4,59.3,0.8,,,,
20.158,4,Atta_4,1404.1,927.1,331.6,73.0,3.3,,,,
20.158,5,Atta_5,600.0,301.2,265.7,-26.9,-0.1,,,,
20.158,6,Atta_6,787.1,1543.4,16.7,-34.6,1.2,,,,
20.158,7,Atta_7,164.7,1466.4,269.0,19.4,2.3,,,,
20.158,8,Atta_8,90.1,1979.9,351.1,-41.8,5.1,,,,
20.158,9,Atta_9,375.8,2033.4,284.1,47.7,0.7,,,,
20.158,10,Atta_10,663.3,2560.3,238.8,104.7,7.6,,,,
20.209,1,Atta_1,1334.5,792.2,136.2,16.1,5.4,,,,
20.209,2,Atta_2,197.8,223.6,271.6,69.3,2.0,,,,
20.209,3,Atta_3,515.6,1361.5,89.4,118.8,2.0,,,,
20.209,4,Atta_4,1420.8,926.3,329.2,16.7,-2.4,,,,
20.209,5,Atta_5,623.1,206.1,263.0,97.9,-2.7,,,,
20.209,6,Atta_6,817.6,1504.1,16.5,49.7,-0.2,,,,
20.209,7,Atta_7,126.9,1465.9,269.1,37.8,0.1,,,,
20.209,8,Atta_8,154.3,2037.7,354.4,86.4,3.3,,,,
20.209,9,Atta_9,430.9,2027.6,284.4,55.4,0.3,,,,
20.209,10,Atta_10,653.6,2619.7,241.4,-60.2,2.6,,,,
20.276,1,Atta_1,1327.1,750.3,140.2,-42.5,4.0,,,,
20.276,2,Atta_2,183.2,219.7,271.8,15.1,0.2,,,,
20.276,3,Atta_3,447.2,1401.2,85.5,79.1,-3.9,,,,
20.276,4,Atta_4,1418.1,905.0,329.1,21.5,-0.1,,,,
20.276,5,Atta_5,553.2,232.2,264.3,-74.6,1.3,,,,
20.276,6,Atta_6,839.4,1559.8,14.5,59.8,-2.0,,,,
20.276,7,Atta_7,153.5,1475.1,268.8,-28.1,-0.3,,,,
20.276,8,Atta_8,142.9,1983.5,357.2,-55.4,2.8,,,,
20.276,9,Atta_9,391.1,1973.8,282.2,66.9,-2.2,,,,
20.276,10,Atta_10,615.5,2633.2,246.4,40.4,5.0,,,,
20.346,1,Atta_1,1363.2,734.1,145.9,-39.6,5.7,,,,
20.346,2,Atta_2,135.0,268.4,271.1,-68.5,-0.7,,,,
20.346,3,Atta_3,484.7,1361.8,89.4,-54.4,3.9,,,,
20.346,4,Atta_4,1393.6,888.5,325.7,-29.5,-3.4,,,,
20.346,5,Atta_5,634.1,255.5,267.4,-84.2,3.1,,,,
20.346,6,Atta_6,899.8,1603.9,13.5,74.8,-1.0,,,,
20.346,7,Atta_7,180.9,1474.7,270.5,-27.4,1.7,,,,
20.346,8,Atta_8,144.5,1957.0,0.2,26.5,3.0,,,,
20.346,9,Atta_9,420.6,1990.0,288.6,-33.7,6.4,,,,
20.346,10,Atta_10,671.2,2577.3,251.0,78.9,4.6,,,,
20.415,1,Atta_1,1337.8,829.7,143.9,98.9,-2.0,,,,
20.415,2,Atta_2,147.7,191.3,268.1,78.1,-3.0,,,,
20.415,3,Atta_3,506.2,1390.8,85.9,36.1,-3.5,,,,
20.415,4,Atta_4,1396.6,968.2,327.0,-79.8,1.3,,,,
20.415,5,Atta_5,566.9,228.4,264.8,72.5,-2.6,,,,
20.415,6,Atta_6,824.8,1554.8,14.4,-89.6,0.9,,,,
20.415,7,Atta_7,185.5,1453.8,267.5,21.4,-3.0,,,,
20.415,8,Atta_8,113.1,1957.9,5.3,-31.4,5.1,,,,
20.415,9,Atta_9,442.2,1984.9,286.1,22.2,-2.5,,,,
20.415,10,Atta_10,668.4,2632.8,256.0,-55.6,5.0,,,,
20.481,1,Atta_1,1427.0,777.1,151.9,-103.6,8.0,,,,
20.481,2,Atta_2,134.5,145.2,266.2,48.0,-1.9,,,,
20.481,3,Atta_3,466.2,1371.4,83.3,-44.5,-2.6,,,,
20.481,4,Atta_4,1450.5,950.6,325.4,56.7,-1.6,,,,
20.481,5,Atta_5,597.4,242.6,262.6,-33.6,-2.2,,,,
20.481,6,Atta_6,890.6,1541.1,18.3,67.2,3.9,,,,
20.481,7,Atta_7,165.4,1462.1,266.2,-21.7,-1.3,,,,
20.481,8,Atta_8,161.6,2003.0,7.8,66.2,2.5,,,,
20.481,9,Atta_9,447.1,1962.9,283.6,22.5,-2.5,,,,
20.481,10,Atta_10,674.1,2581.1,262.1,52.0,6.1,,,,
20.552,1,Atta_1,1324.3,824.2,154.1,113.0,2.2,,,,
20.552,2,Atta_2,187.5,135.7,268.9,53.8,2.7,,,,
20.552,3,Atta_3,537.1,1352.7,86.1,-73.3,2.8,,,,
20.552,4,Atta_4,1366.0,962.3,325.5,-85.3,0.1,,,,
20.552,5,Atta_5,552.2,176.2,260.1,80.3,-2.5,,,,
20.552,6,Atta_6,922.5,1506.2,12.8,47.3,-5.5,,,,
20.552,7,Atta_7,141.7,1470.7,273.0,-25.2,6.8,,,,
20.552,8,Atta_8,117.8,1969.2,15.7,-55.3,7.9,,,,
20.552,9,Atta_9,419.8,1966.1,283.9,-27.5,0.3,,,,
20.552,10,Atta_10,696.7,2623.1,262.3,-47.7,0.2,,,,
20.67,1,Atta_1,1316.5,755.9,154.0,-68.7,-0.1,,,,
20.67,2,Atta_2,132.2,123.3,271.6,56.7,2.7,,,,
20.67,3,Atta_3,499.9,1415.9,83.8,73.3,-2.3,,,,
20.67,4,Atta_4,1371.2,962.4,323.7,5.2,-1.8,,,,
20.67,5,Atta_5,581.4,219.2,263.2,-52.0,3.1,,,,
20.67,6,Atta_6,905.9,1588.9,13.6,84.3,0.8,,,,
20.67,7,Atta_7,133.6,1371.7,265.2,99.3,-7.8,,,,
20.67,8,Atta_8,125.4,1987.7,17.0,20.0,1.3,,,,
20.67,9,Atta_9,453.6,1901.3,285.2,73.1,1.3,,,,
20.67,10,Atta_10,665.9,2614.3,263.8,32.0,1.5,,,,
20.741,1,Atta_1,1333.3,798.7,159.4,46.0,5.4,,,,
20.741,2,Atta_2,140.2,192.1,271.5,-69.3,-0.1,,,,
20.741,3,Atta_3,482.7,1421.3,79.5,18.0,-4.3,,,,
20.741,4,Atta_4,1362.7,972.7,325.3,-13.4,1.6,,,,
20.741,5,Atta_5,642.9,174.8,262.1,75.9,-1.1,,,,
20.741,6,Atta_6,936.3,1523.6,12.8,72.0,-0.8,,,,
20.741,7,Atta_7,114.5,1448.8,269.6,-79.4,4.4,,,,
20.741,8,Atta_8,162.8,1948.1,21.0,54.5,4.0,,,,
20.741,9,Atta_9,448.6,1868.5,284.6,33.2,-0.6,,,,
20.741,10,Atta_10,717.0,2605.6,258.7,51.8,-5.1,,,,
20.794,1,Atta_1,1330.5,746.9,157.8,-51.9,-1.6,,,,
20.794,2,Atta_2,175.5,158.2,270.5,48.9,-1.0,,,,
20.794,3,Atta_3,510.1,1463.7,86.3,50.5,6.8,,,,
20.794,4,Atta_4,1353.0,974.0,328.3,-9.8,3.0,,,,
20.794,5,Atta_5,588.9,164.2,262.1,55.0,0.0,,,,
20.794,6,Atta_6,928.7,1557.5,14.6,34.7,1.8,,,,
20.794,7,Atta_7,175.8,1355.9,268.1,111.3,-1.5,,,,
20.794,8,Atta_8,94.7,2006.7,27.2,-89.8,6.2,,,,
20.794,9,Atta_9,441.3,1890.1,287.4,-22.8,2.8,,,,
20.794,10,Atta_10,658.9,2685.7,263.7,-99.0,5.0,,,,
20.865,1,Atta_1,1330.4,784.8,157.7,37.9,-0.1,,,,
20.865,2,Atta_2,181.8,119.3,271.4,39.4,0.9,,,,
20.865,3,Atta_3,444.2,1387.3,84.6,-100.9,-1.7,,,,
20.865,4,Atta_4,1305.6,968.4,328.4,-47.7,0.1,,,,
20.865,5,Atta_5,554.7,147.9,261.4,37.9,-0.7,,,,
20.865,6,Atta_6,945.9,1551.0,16.2,18.4,1.6,,,,
20.865,7,Atta_7,140.2,1354.5,269.5,35.6,1.4,,,,
20.865,8,Atta_8,138.0,1942.7,28.0,77.3,0.8,,,,
20.865,9,Atta_9,487.9,1929.2,286.3,-60.8,-1.1,,,,
20.865,10,Atta_10,711.5,2590.9,260.5,108.4,-3.2,,,,
20.917,1,Atta_1,1326.9,772.4,156.7,-12.9,-1.0,,,,
20.917,2,Atta_2,152.4,112.7,266.5,30.1,-4.9,,,,
20.917,3,Atta_3,481.3,1476.1,87.3,96.2,2.7,,,,
20.917,4,Atta_4,1407.5,971.5,332.8,101.9,4.4,,,,
20.917,5,Atta_5,604.5,134.2,266.9,51.7,5.5,,,,
20.917,6,Atta_6,939.7,1589.6,13.8,39.1,-2.4,,,,
20.917,7,Atta_7,101.9,1413.2,267.0,-70.1,-2.5,,,,
20.917,8,Atta_8,134.1,1992.9,29.0,50.4,1.0,,,,
20.917,9,Atta_9,463.1,1899.3,284.9,38.8,-1.4,,,,
20.917,10,Atta_10,671.1,2560.5,261.9,50.6,1.4,,,,
20.988,1,Atta_1,1310.6,788.5,155.3,22.9,-1.4,,,,
20.988,2,Atta_2,178.9,66.1,268.8,53.6,2.3,,,,
20.988,3,Atta_3,411.0,1501.0,80.5,74.6,-6.8,,,,
20.988,4,Atta_4,1322.2,969.0,337.4,-85.3,4.6,,,,
20.988,5,Atta_5,605.2,175.0,263.7,-40.8,-3.2,,,,
20.988,6,Atta_6,998.5,1550.4,15.0,70.7,1.2,,,,
20.988,7,Atta_7,121.5,1355.0,266.2,61.4,-0.8,,,,
20.988,8,Atta_8,118.4,2005.0,31.7,-19.8,2.7,,,,
20.988,9,Atta_9,408.8,1910.0,284.1,-55.3,-0.8,,,,
20.988,10,Atta_10,663.2,2631.6,257.3,-71.5,-4.6,,,,
21.039,1,Atta_1,1360.5,772.5,155.3,-52.4,0.0,,,,
21.039,2,Atta_2,178.0,108.2,270.9,-42.1,2.1,,,,
21.039,3,Atta_3,498.4,1484.2,83.0,-89.0,2.5,,,,
21.039,4,Atta_4,1318.9,983.5,345.9,-14.9,8.5,,,,
21.039,5,Atta_5,630.2,138.5,264.2,44.2,0.5,,,,
21.039,6,Atta_6,996.7,1584.7,12.4,34.3,-2.6,,,,
21.039,7,Atta_7,138.6,1311.0,263.3,47.2,-2.9,,,,
21.039,8,Atta_8,144.5,2004.8,27.0,26.1,-4.7,,,,
21.039,9,Atta_9,446.0,1920.5,285.3,-38.7,1.2,,,,
21.039,10,Atta_10,644.4,2672.1,247.3,-44.7,-10.0,,,,
21.106,1,Atta_1,1353.1,841.2,158.4,69.1,3.1,,,,
21.106,2,Atta_2,225.6,50.4,270.6,74.9,-0.3,,,,
21.106,3,Atta_3,502.6,1490.6,85.4,7.7,2.4,,,,
21.106,4,Atta_4,1329.1,999.6,347.7,19.1,1.8,,,,
21.106,5,Atta_5,579.3,144.3,264.1,-51.2,-0.1,,,,
21.106,6,Atta_6,1017.9,1570.0,14.0,25.8,1.6,,,,
21.106,7,Atta_7,161.3,1386.8,265.9,-79.1,2.6,,,,
21.106,8,Atta_8,125.4,1969.9,28.9,-39.8,1.9,,,,
21.106,9,Atta_9,458.9,1873.2,284.7,49.0,-0.6,,,,
21.106,10,Atta_10,655.3,2614.0,242.8,59.1,-4.5,,,,
21.172,1,Atta_1,1274.0,772.4,155.5,104.8,-2.9,,,,
21.172,2,Atta_2,135.3,100.2,271.7,-103.1,1.1,,,,
21.172,3,Atta_3,550.2,1449.3,85.3,-63.0,-0.1,,,,
21.172,4,Atta_4,1337.1,968.0,350.1,32.6,2.4,,,,
21.172,5,Atta_5,545.7,138.2,265.6,34.1,1.5,,,,
21.172,6,Atta_6,958.1,1570.4,13.5,-59.8,-0.5,,,,
21.172,7,Atta_7,171.7,1275.4,270.0,111.9,4.1,,,,
21.172,8,Atta_8,136.9,1963.6,30.0,13.1,1.1,,,,
21.172,9,Atta_9,483.1,1801.5,284.5,75.7,-0.2,,,,
21.172,10,Atta_10,687.6,2586.0,239.5,42.7,-3.3,,,,
21.238,1,Atta_1,1287.4,812.8,159.1,42.6,3.6,,,,
21.238,2,Atta_2,167.3,184.8,269.8,-90.4,-1.9,,,,
21.238,3,Atta_3,519.5,1493.7,84.3,54.0,-1.0,,,,
21.238,4,Atta_4,1308.9,931.1,354.3,-46.4,4.2,,,,
21.238,5,Atta_5,598.7,96.1,264.8,67.7,-0.8,,,,
21.238,6,Atta_6,941.1,1529.8,13.6,-44.0,0.1,,,,
21.238,7,Atta_7,181.1,1305.4,267.1,-31.4,-2.9,,,,
21.238,8,Atta_8,153.8,2024.3,29.2,63.0,-0.8,,,,
21.238,9,Atta_9,469.0,1824.6,284.2,-27.1,-0.3,,,,
21.238,10,Atta_10,655.8,2664.9,238.1,-85.1,-1.4,,,,
21.304,1,Atta_1,1281.3,824.6,156.1,13.3,-3.0,,,,
21.304,2,Atta_2,137.4,182.2,270.8,30.0,1.0,,,,
21.304,3,Atta_3,507.1,1550.7,85.1,58.3,0.8,,,,
21.304,4,Atta_4,1322.6,971.8,4.8,42.9,10.5,,,,
21.304,5,Atta_5,605.4,94.1,262.0,7.0,-2.8,,,,
21.304,6,Atta_6,1021.0,1580.0,14.3,94.4,0.7,,,,
21.304,7,Atta_7,153.1,1344.4,267.6,-48.0,0.5,,,,
21.304,8,Atta_8,141.8,2054.7,31.1,32.7,1.9,,,,
21.304,9,Atta_9,446.3,1826.8,284.6,-22.8,0.4,,,,
21.304,10,Atta_10,687.3,2591.6,233.3,79.8,-4.8,,,,
21.37,1,Atta_1,1274.6,790.3,154.6,-34.9,-1.5,,,,
21.37,2,Atta_2,215.4,142.7,271.1,87.4,0.3,,,,
21.37,3,Atta_3,512.1,1526.8,84.3,-24.4,-0.8,,,,
21.37,4,Atta_4,1378.6,983.0,7.2,57.1,2.4,,,,
21.37,5,Atta_5,552.0,126.2,264.0,-62.3,2.0,,,,
21.37,6,Atta_6,986.9,1618.1,16.2,-51.1,1.9,,,,
21.37,7,Atta_7,140.2,1289.2,266.9,56.7,-0.7,,,,
21.37,8,Atta_8,206.0,2013.7,26.3,76.2,-4.8,,,,
21.37,9,Atta_9,483.0,1805.1,287.0,42.6,2.4,,,,
21.37,10,Atta_10,617.7,2605.3,227.2,70.9,-6.1,,,,
21.436,1,Atta_1,1229.9,791.6,155.7,44.7,1.1,,,,
21.436,2,Atta_2,195.0,192.5,274.6,-53.8,3.5,,,,
21.436,3,Atta_3,576.3,1597.1,86.5,95.2,2.2,,,,
21.436,4,Atta_4,1362.0,992.3,10.3,-19.0,3.1,,,,
21.436,5,Atta_5,542.8,162.9,263.1,-37.8,-0.9,,,,
21.436,6,Atta_6,1071.9,1567.6,17.0,98.9,0.8,,,,
21.436,7,Atta_7,141.0,1253.0,269.6,36.2,2.7,,,,
21.436,8,Atta_8,182.0,2081.5,31.6,71.9,5.3,,,,
21.436,9,Atta_9,494.4,1808.4,288.8,11.9,1.8,,,,
21.436,10,Atta_10,662.9,2663.8,224.9,-73.9,-2.3,,,,
21.505,1,Atta_1,1236.1,803.8,153.9,-13.7,-1.8,,,,
21.505,2,Atta_2,167.8,145.6,270.6,54.2,-4.0,,,,
21.505,3,Atta_3,451.8,1567.6,87.3,-127.9,0.8,,,,
21.505,4,Atta_4,1354.6,984.5,18.1,-10.8,7.8,,,,
21.505,5,Atta_5,604.1,144.9,264.7,63.9,1.6,,,,
21.505,6,Atta_6,1041.8,1599.9,13.2,-44.2,-3.8,,,,
21.505,7,Atta_7,126.1,1238.4,269.0,20.9,-0.6,,,,
21.505,8,Atta_8,205.0,2012.2,27.5,-73.0,-4.1,,,,
21.505,9,Atta_9,421.8,1811.2,286.6,-72.7,-2.2,,,,
21.505,10,Atta_10,654.9,2656.3,215.1,11.0,-9.8,,,,
21.626,1,Atta_1,1208.8,870.2,154.6,71.8,0.7,,,,
21.626,2,Atta_2,145.1,182.6,274.1,-43.4,3.5,,,,
21.626,3,Atta_3,525.5,1588.8,84.5,76.7,-2.8,,,,
21.626,4,Atta_4,1358.9,993.0,14.5,9.5,-3.6,,,,
21.626,5,Atta_5,626.1,164.7,261.1,-29.6,-3.6,,,,
21.626,6,Atta_6,1088.5,1606.8,16.2,47.2,3.0,,,,
21.626,7,Atta_7,120.7,1278.1,264.3,-40.1,-4.7,,,,
21.626,8,Atta_8,171.8,2053.0,25.0,-52.6,-2.5,,,,
21.626,9,Atta_9,533.4,1782.2,282.2,115.3,-4.4,,,,
21.626,10,Atta_10,658.2,2626.3,216.8,30.2,1.7,,,,
21.692,1,Atta_1,1259.0,790.7,164.9,-94.0,10.3,,,,
21.692,2,Atta_2,163.1,144.1,276.8,42.5,2.7,,,,
21.692,3,Atta_3,485.5,1569.7,84.5,-44.3,0.0,,,,
21.692,4,Atta_4,1323.5,994.6,24.5,-35.4,10.0,,,,
21.692,5,Atta_5,590.7,155.0,258.7,36.7,-2.4,,,,
21.692,6,Atta_6,1040.9,1590.6,15.0,-50.3,-1.2,,,,
21.692,7,Atta_7,91.4,1290.5,264.5,-31.8,0.2,,,,
21.692,8,Atta_8,174.2,2072.7,26.5,19.8,1.5,,,,
21.692,9,Atta_9,497.1,1744.2,285.2,52.6,3.0,,,,
21.692,10,Atta_10,704.2,2658.2,206.8,-56.0,-10.0,,,,
21.759,1,Atta_1,1255.5,830.3,166.4,39.8,1.5,,,,
21.759,2,Atta_2,151.0,178.5,285.4,-36.5,8.6,,,,
21.759,3,Atta_3,482.8,1580.3,85.8,10.9,1.3,,,,
21.759,4,Atta_4,1354.3,959.4,22.0,46.8,-2.5,,,,
21.759,5,Atta_5,647.8,145.1,254.0,-58.0,-4.7,,,,
21.759,6,Atta_6,1086.9,1603.5,15.0,47.8,0.0,,,,
21.759,7,Atta_7,187.2,1213.4,265.8,123.0,1.3,,,,
21.759,8,Atta_8,208.6,2062.0,29.0,36.0,2.5,,,,
21.759,9,Atta_9,475.7,1806.7,279.5,-66.1,-5.7,,,,
21.759,10,Atta_10,697.8,2611.8,206.2,46.8,-0.6,,,,
21.813,1,Atta_1,1203.3,824.0,171.3,52.6,4.9,,,,
21.813,2,Atta_2,171.3,184.1,284.7,-21.1,-0.7,,,,
21.813,3,Atta_3,472.6,1593.5,88.9,16.7,3.1,,,,
21.813,4,Atta_4,1334.8,971.6,26.7,-23.0,4.7,,,,
21.813,5,Atta_5,614.0,162.1,253.5,-37.8,-0.5,,,,
21.813,6,Atta_6,1064.7,1593.6,16.2,-24.3,1.2,,,,
21.813,7,Atta_7,113.0,1243.1,262.1,-79.9,-3.7,,,,
21.813,8,Atta_8,194.0,2047.2,29.4,-20.8,0.4,,,,
21.813,9,Atta_9,474.2,1737.4,283.7,69.3,4.2,,,,
21.813,10,Atta_10,700.8,2669.8,198.9,-58.1,-7.3,,,,
21.883,1,Atta_1,1198.6,810.3,176.8,14.5,5.5,,,,
21.883,2,Atta_2,172.5,178.8,291.8,5.4,7.1,,,,
21.883,3,Atta_3,476.3,1550.6,85.0,-43.1,-3.9,,,,
21.883,4,Atta_4,1304.5,1012.8,26.0,-51.1,-0.7,,,,
21.883,5,Atta_5,604.4,168.0,248.4,-11.3,-5.1,,,,
21.883,6,Atta_6,1071.0,1570.3,13.6,-24.1,-2.6,,,,
21.883,7,Atta_7,132.7,1201.5,269.1,46.0,7.0,,,,
21.883,8,Atta_8,183.6,2029.6,28.2,-20.4,-1.2,,,,
21.883,9,Atta_9,449.1,1760.6,291.1,-34.2,7.4,,,,
21.883,10,Atta_10,698.4,2611.0,197.2,58.8,-1.7,,,,
21.951,1,Atta_1,1192.4,863.3,178.1,53.4,1.3,,,,
21.951,2,Atta_2,130.9,158.0,294.6,46.5,2.8,,,,
21.951,3,Atta_3,473.5,1631.1,86.0,80.5,1.0,,,,
21.951,4,Atta_4,1363.4,1013.6,26.8,58.9,0.8,,,,
21.951,5,Atta_5,590.0,139.9,242.8,31.6,-5.6,,,,
21.951,6,Atta_6,1089.2,1561.6,18.3,20.2,4.7,,,,
21.951,7,Atta_7,140.3,1190.4,268.0,13.5,-1.1,,,,
21.951,8,Atta_8,290.3,2052.8,26.2,109.2,-2.0,,,,
21.951,9,Atta_9,510.5,1705.5,292.3,82.5,1.2,,,,
21.951,10,Atta_10,686.7,2608.0,191.5,12.1,-5.7,,,,
22.02,1,Atta_1,1250.5,810.2,185.3,-78.7,7.2,,,,
22.02,2,Atta_2,202.7,198.7,301.2,-82.5,6.6,,,,
22.02,3,Atta_3,522.9,1673.1,80.1,64.8,-5.9,,,,
22.02,4,Atta_4,1374.7,939.7,23.7,-74.8,-3.1,,,,
22.02,5,Atta_5,561.1,194.4,236.7,-61.7,-6.1,,,,
22.02,6,Atta_6,1103.0,1557.7,16.9,14.3,-1.4,,,,
22.02,7,Atta_7,96.3,1161.7,269.4,52.5,1.4,,,,
22.02,8,Atta_8,235.9,2066.9,25.2,-56.2,-1.0,,,,
22.02,9,Atta_9,445.7,1770.1,287.8,-91.5,-4.5,,,,
22.02,10,Atta_10,648.6,2618.5,183.8,39.5,-7.7,,,,
22.086,1,Atta_1,1217.4,786.6,184.2,40.7,-1.1,,,,
22.086,2,Atta_2,145.8,159.6,304.9,69.0,3.7,,,,
22.086,3,Atta_3,486.5,1609.6,73.5,-73.2,-6.6,,,,
22.086,4,Atta_4,1322.1,1029.7,24.4,-104.2,0.7,,,,
22.086,5,Atta_5,593.1,161.9,235.7,45.6,-1.0,,,,
22.086,6,Atta_6,1167.1,1617.9,17.9,87.9,1.0,,,,
22.086,7,Atta_7,153.6,1197.2,267.7,-67.4,-1.7,,,,
22.086,8,Atta_8,277.6,2052.7,28.7,44.1,3.5,,,,
22.086,9,Atta_9,453.2,1766.0,290.0,8.5,2.2,,,,
22.086,10,Atta_10,723.3,2659.6,180.5,-85.3,-3.3,,,,
22.152,1,Atta_1,1190.5,852.4,190.2,71.1,6.0,,,,
22.152,2,Atta_2,162.8,151.6,309.0,18.8,4.1,,,,
22.152,3,Atta_3,453.0,1561.4,69.1,-58.7,-4.4,,,,
22.152,4,Atta_4,1380.4,1016.6,23.6,59.8,-0.8,,,,
22.152,5,Atta_5,600.8,189.1,229.8,-28.3,-5.9,,,,
22.152,6,Atta_6,1126.4,1596.3,16.0,-46.1,-1.9,,,,
22.152,7,Atta_7,146.7,1134.1,272.0,63.5,4.3,,,,
22.152,8,Atta_8,300.7,2050.8,26.5,23.2,-2.2,,,,
22.152,9,Atta_9,432.6,1830.7,289.0,-67.9,-1.0,,,,
22.152,10,Atta_10,667.2,2608.4,181.8,76.0,1.3,,,,
22.218,1,Atta_1,1223.2,872.2,198.2,-38.2,8.0,,,,
22.218,2,Atta_2,189.2,173.8,311.8,-34.5,2.8,,,,
22.218,3,Atta_3,528.8,1633.7,62.8,104.8,-6.3,,,,
22.218,4,Atta_4,1418.2,1002.3,21.1,40.4,-2.5,,,,
22.218,5,Atta_5,624.1,168.1,224.2,31.4,-5.6,,,,
22.218,6,Atta_6,1186.2,1596.8,11.9,59.8,-4.1,,,,
22.218,7,Atta_7,134.7,1159.4,268.4,-28.0,-3.6,,,,
22.218,8,Atta_8,235.4,2096.0,29.6,-79.4,3.1,,,,
22.218,9,Atta_9,444.5,1791.1,289.7,41.3,0.7,,,,
22.218,10,Atta_10,710.9,2601.4,174.9,-44.3,-6.9,,,,
22.284,1,Atta_1,1209.8,793.4,202.3,79.9,4.1,,,,
22.284,2,Atta_2,157.5,157.4,316.2,-35.7,4.4,,,,
22.284,3,Atta_3,496.3,1632.9,61.8,-32.5,-1.0,,,,
22.284,4,Atta_4,1378.3,953.0,22.4,-63.4,1.3,,,,
22.284,5,Atta_5,595.4,212.8,221.7,-53.1,-2.5,,,,
22.284,6,Atta_6,1181.3,1609.1,13.5,-13.2,1.6,,,,
22.284,7,Atta_7,121.3,1149.1,271.7,16.9,3.3,,,,
22.284,8,Atta_8,307.5,2134.0,25.7,81.5,-3.9,,,,
22.284,9,Atta_9,401.6,1837.7,293.8,-63.3,4.1,,,,
22.284,10,Atta_10,643.2,2663.5,176.6,91.9,1.7,,,,
22.353,1,Atta_1,1235.0,829.0,209.1,-43.6,6.8,,,,
22.353,2,Atta_2,157.7,168.7,324.6,-11.3,8.4,,,,
22.353,3,Atta_3,567.4,1624.1,56.1,71.6,-5.7,,,,
22.353,4,Atta_4,1386.8,1058.5,19.6,105.8,-2.8,,,,
22.353,5,Atta_5,621.4,160.9,215.2,58.0,-6.5,,,,
22.353,6,Atta_6,1190.4,1611.2,14.2,9.3,0.7,,,,
22.353,7,Atta_7,165.9,1111.5,266.1,58.3,-5.6,,,,
22.353,8,Atta_8,326.9,2140.4,28.1,20.4,2.4,,,,
22.353,9,Atta_9,474.7,1849.6,294.2,74.1,0.4,,,,
22.353,10,Atta_10,696.0,2665.0,174.6,-52.8,-2.0,,,,
22.423,1,Atta_1,1257.0,811.2,212.1,-28.3,3.0,,,,
22.423,2,Atta_2,185.1,203.3,330.8,44.1,6.2,,,,
22.423,3,Atta_3,505.7,1669.3,55.2,76.5,-0.9,,,,
22.423,4,Atta_4,1440.2,1040.3,22.5,56.4,2.9,,,,
22.423,5,Atta_5,603.2,193.9,214.2,-37.7,-1.0,,,,
22.423,6,Atta_6,1155.4,1625.3,12.5,-37.7,-1.7,,,,
22.423,7,Atta_7,120.7,1085.3,265.8,52.2,-0.3,,,,
22.423,8,Atta_8,356.7,2011.2,26.1,-132.6,-2.0,,,,
22.423,9,Atta_9,498.3,1827.6,294.7,32.3,0.5,,,,
22.423,10,Atta_10,656.0,2596.0,174.0,79.8,-0.6,,,,
22.495,1,Atta_1,1214.7,841.0,214.4,51.7,2.3,,,,
22.495,2,Atta_2,190.0,192.4,330.6,12.0,-0.2,,,,
22.495,3,Atta_3,509.8,1546.4,51.1,-123.0,-4.1,,,,
22.495,4,Atta_4,1480.8,1035.8,22.0,40.8,-0.5,,,,
22.495,5,Atta_5,580.1,203.7,208.2,25.1,-6.0,,,,
22.495,6,Atta_6,1197.0,1620.6,15.6,41.9,3.1,,,,
22.495,7,Atta_7,210.6,1122.4,267.9,-97.3,2.1,,,,
22.495,8,Atta_8,293.1,2072.5,29.8,-88.3,3.7,,,,
22.495,9,Atta_9,452.2,1836.5,301.5,-47.0,6.8,,,,
22.495,10,Atta_10,675.3,2593.5,176.8,-19.5,2.8,,,,
22.557,1,Atta_1,1193.8,838.8,215.3,21.0,0.9,,,,
22.557,2,Atta_2,173.2,157.4,328.9,38.8,-1.7,,,,
22.557,3,Atta_3,524.1,1621.3,44.0,76.3,-7.1,,,,
22.557,4,Atta_4,1389.1,1082.5,21.5,-102.9,-0.5,,,,
22.557,5,Atta_5,588.3,201.5,209.5,-8.5,1.3,,,,
22.557,6,Atta_6,1208.2,1653.9,12.3,35.1,-3.3,,,,
22.557,7,Atta_7,132.3,1106.5,269.9,79.9,2.0,,,,
22.557,8,Atta_8,344.9,2130.7,28.1,77.9,-1.7,,,,
22.557,9,Atta_9,424.5,1821.7,308.6,-31.4,7.1,,,,
22.557,10,Atta_10,688.0,2605.4,174.2,-17.4,-2.6,,,,
22.626,1,Atta_1,1232.4,804.4,222.4,-51.7,7.1,,,,
22.626,2,Atta_2,173.5,178.5,329.1,-21.1,0.2,,,,
22.626,3,Atta_3,435.1,1626.7,40.3,-89.2,-3.7,,,,
22.626,4,Atta_4,1394.1,1012.5,24.6,-70.2,3.1,,,,
22.626,5,Atta_5,590.7,214.3,207.6,-13.0,-1.9,,,,
22.626,6,Atta_6,1189.4,1646.6,16.8,-20.2,4.5,,,,
22.626,7,Atta_7,101.1,1068.1,266.6,49.5,-3.3,,,,
22.626,8,Atta_8,256.6,2106.0,32.1,-91.7,4.0,,,,
22.626,9,Atta_9,508.0,1874.6,311.0,98.8,2.4,,,,
22.626,10,Atta_10,698.6,2594.6,169.3,-15.1,-4.9,,,,
22.692,1,Atta_1,1282.1,867.0,226.4,-79.9,4.0,,,,
22.692,2,Atta_2,159.9,187.1,327.2,-16.1,-1.9,,,,
22.692,3,Atta_3,477.0,1618.4,33.6,42.7,-6.7,,,,
22.692,4,Atta_4,1497.0,1057.4,20.5,112.3,-4.1,,,,
22.692,5,Atta_5,611.9,188.7,205.8,-33.2,-1.8,,,,
22.692,6,Atta_6,1257.2,1663.2,15.2,69.8,-1.6,,,,
22.692,7,Atta_7,155.8,1078.1,265.7,-55.6,-0.9,,,,
22.692,8,Atta_8,396.8,2114.0,30.1,140.4,-2.0,,,,
22.692,9,Atta_9,417.6,1894.9,312.7,-92.7,1.7,,,,
22.692,10,Atta_10,657.2,2588.2,175.0,41.9,5.7,,,,
22.761,1,Atta_1,1213.3,857.9,231.1,69.4,4.7,,,,
22.761,2,Atta_2,170.3,202.2,329.0,18.3,1.8,,,,
22.761,3,Atta_3,477.4,1625.0,30.7,6.6,-2.9,,,,
22.761,4,Atta_4,1461.9,1076.4,22.9,-39.9,2.4,,,,
22.761,5,Atta_5,580.2,226.1,206.5,49.0,0.7,,,,
22.761,6,Atta_6,1230.4,1630.1,13.0,-42.6,-2.2,,,,
22.761,7,Atta_7,121.8,1045.8,266.0,46.9,0.3,,,,
22.761,8,Atta_8,354.5,2088.3,30.9,-49.5,0.8,,,,
22.761,9,Atta_9,490.6,1803.1,316.0,117.3,3.3,,,,
22.761,10,Atta_10,625.3,2605.4,174.3,36.2,-0.7,,,,
22.827,1,Atta_1,1217.6,855.6,229.8,-4.9,-1.3,,,,
22.827,2,Atta_2,203.1,195.0,331.6,33.6,2.6,,,,
22.827,3,Atta_3,490.5,1627.2,24.5,13.3,-6.2,,,,
22.827,4,Atta_4,1412.2,994.3,18.6,-96.0,-4.3,,,,
22.827,5,Atta_5,610.9,199.7,200.5,-40.5,-6.0,,,,
22.827,6,Atta_6,1162.9,1672.1,15.3,-79.5,2.3,,,,
22.827,7,Atta_7,116.0,1008.9,268.1,37.4,2.1,,,,
22.827,8,Atta_8,362.0,2170.0,27.8,82.0,-3.1,,,,
22.827,9,Atta_9,421.0,1840.0,319.3,-78.8,3.3,,,,
22.827,10,Atta_10,577.6,2632.4,176.2,54.8,1.9,,,,
22.896,1,Atta_1,1213.8,785.3,229.6,70.4,-0.2,,,,
22.896,2,Atta_2,197.4,191.0,325.0,-7.0,-6.6,,,,
22.896,3,Atta_3,511.5,1606.2,21.0,29.7,-3.5,,,,
22.896,4,Atta_4,1426.1,1076.6,9.0,83.5,-9.6,,,,
22.896,5,Atta_5,605.7,181.0,208.1,19.4,7.6,,,,
22.896,6,Atta_6,1282.0,1653.2,15.5,120.6,0.2,,,,
22.896,7,Atta_7,129.0,1036.3,266.9,-30.3,-1.2,,,,
22.896,8,Atta_8,341.4,2091.5,29.0,-81.2,1.2,,,,
22.896,9,Atta_9,438.9,1824.9,324.5,23.4,5.2,,,,
22.896,10,Atta_10,650.0,2597.4,175.7,-80.4,-0.5,,,,
22.962,1,Atta_1,1179.0,757.1,231.2,44.8,1.6,,,,
22.962,2,Atta_2,227.3,180.3,325.9,31.8,0.9,,,,
22.962,3,Atta_3,529.1,1627.2,17.5,27.4,-3.5,,,,
22.962,4,Atta_4,1471.9,1059.9,4.8,48.7,-4.2,,,,
22.962,5,Atta_5,563.8,151.6,206.3,51.2,-1.8,,,,
22.962,6,Atta_6,1295.9,1648.1,12.0,14.8,-3.5,,,,
22.962,7,Atta_7,113.7,966.9,265.6,71.1,-1.3,,,,
22.962,8,Atta_8,412.4,2141.4,27.3,86.8,-1.7,,,,
22.962,9,Atta_9,419.9,1831.7,331.2,-20.2,6.7,,,,
22.962,10,Atta_10,564.5,2613.2,176.6,86.9,0.9,,,,
23.027,1,Atta_1,1240.3,773.1,234.7,-63.4,3.5,,,,
23.027,2,Atta_2,151.3,187.1,329.3,-76.3,3.4,,,,
23.027,3,Atta_3,539.1,1681.0,14.5,54.7,-3.0,,,,
23.027,4,Atta_4,1526.8,987.5,1.6,90.9,-3.2,,,,
23.027,5,Atta_5,597.3,184.7,208.4,-47.1,2.1,,,,
23.027,6,Atta_6,1328.2,1663.5,14.5,35.8,2.5,,,,
23.027,7,Atta_7,119.7,1022.9,267.6,-56.3,2.0,,,,
23.027,8,Atta_8,400.3,2108.3,28.7,-35.2,1.4,,,,
23.027,9,Atta_9,465.9,1846.3,338.2,48.3,7.0,,,,
23.027,10,Atta_10,551.8,2656.1,173.0,44.7,-3.6,,,,
23.093,1,Atta_1,1201.9,838.5,235.1,-75.8,0.4,,,,
23.093,2,Atta_2,181.5,156.7,330.0,42.9,0.7,,,,
23.093,3,Atta_3,498.8,1661.0,13.5,-45.0,-1.0,,,,
23.093,4,Atta_4,1452.7,1085.2,359.1,-122.6,-2.5,,,,
23.093,5,Atta_5,637.1,152.6,208.2,-51.1,-0.2,,,,
23.093,6,Atta_6,1358.2,1643.2,11.2,36.2,-3.3,,,,
23.093,7,Atta_7,142.4,981.7,269.4,47.0,1.8,,,,
23.093,8,Atta_8,400.4,2111.0,33.3,2.7,4.6,,,,
23.093,9,Atta_9,429.1,1852.7,343.8,-37.4,5.6,,,,
23.093,10,Atta_10,580.1,2642.0,174.3,-31.6,1.3,,,,
23.16,1,Atta_1,1198.7,804.6,236.2,34.1,1.1,,,,
23.16,2,Atta_2,192.9,167.2,326.2,15.5,-3.8,,,,
23.16,3,Atta_3,551.4,1651.7,12.6,53.4,-0.9,,,,
23.16,4,Atta_4,1497.1,1023.3,352.4,76.2,-6.7,,,,
23.16,5,Atta_5,534.6,117.9,203.9,108.2,-4.3,,,,
23.16,6,Atta_6,1303.4,1648.1,11.7,-55.0,0.5,,,,
23.16,7,Atta_7,89.1,949.4,264.3,62.3,-5.1,,,,
23.16,8,Atta_8,431.0,2143.7,29.5,44.8,-3.8,,,,
23.16,9,Atta_9,458.2,1823.7,344.4,41.1,0.6,,,,
23.16,10,Atta_10,622.4,2632.1,176.3,-43.4,2.0,,,,
23.231,1,Atta_1,1247.0,840.3,243.5,-60.1,7.3,,,,
23.231,2,Atta_2,243.0,194.6,328.3,57.1,2.1,,,,
23.231,3,Atta_3,482.8,1633.3,11.9,-71.0,-0.7,,,,
23.231,4,Atta_4,1425.2,1065.7,355.2,-83.5,2.8,,,,
23.231,5,Atta_5,557.9,130.5,210.1,-26.5,6.2,,,,
23.231,6,Atta_6,1306.7,1620.2,13.3,-28.1,1.6,,,,
23.231,7,Atta_7,165.8,1009.7,266.8,-97.6,2.5,,,,
23.231,8,Atta_8,460.5,2142.5,26.7,29.5,-2.8,,,,
23.231,9,Atta_9,449.8,1807.3,348.5,-18.4,4.1,,,,
23.231,10,Atta_10,564.7,2637.5,174.3,58.0,-2.0,,,,
23.3,1,Atta_1,1256.9,768.4,247.1,72.6,3.6,,,,
23.3,2,Atta_2,215.5,146.0,330.8,55.8,2.5,,,,
23.3,3,Atta_3,494.1,1621.4,14.7,16.4,2.8,,,,
23.3,4,Atta_4,1457.3,1041.8,351.3,40.0,-3.9,,,,
23.3,5,Atta_5,522.6,156.6,206.0,43.9,-4.1,,,,
23.3,6,Atta_6,1301.4,1650.2,12.9,30.5,-0.4,,,,
23.3,7,Atta_7,115.2,1016.6,268.8,-51.1,2.0,,,,
23.3,8,Atta_8,377.8,2119.3,28.9,-85.9,2.2,,,,
23.3,9,Atta_9,439.5,1759.6,347.0,-48.8,-1.5,,,,
23.3,10,Atta_10,544.3,2669.2,172.1,37.7,-2.2,,,,
23.366,1,Atta_1,1231.7,788.2,249.8,-32.0,2.7,,,,
23.366,2,Atta_2,236.7,100.4,333.2,50.3,2.4,,,,
23.366,3,Atta_3,502.5,1644.0,15.2,24.1,0.5,,,,
23.366,4,Atta_4,1461.9,1044.4,352.8,5.3,1.5,,,,
23.366,5,Atta_5,466.0,161.8,206.2,56.8,0.2,,,,
23.366,6,Atta_6,1341.6,1616.6,13.4,52.4,0.5,,,,
23.366,7,Atta_7,157.1,970.9,270.0,62.0,1.2,,,,
23.366,8,Atta_8,464.4,2228.3,27.6,139.2,-1.3,,,,
23.366,9,Atta_9,463.3,1808.4,344.8,54.3,-2.2,,,,
23.366,10,Atta_10,548.6,2678.7,174.2,-10.4,2.1,,,,
23.432,1,Atta_1,1245.1,866.7,255.9,-79.6,6.1,,,,
23.432,2,Atta_2,270.7,149.9,326.1,60.1,-7.1,,,,
23.432,3,Atta_3,524.2,1682.4,19.6,44.1,4.4,,,,
23.432,4,Atta_4,1477.8,1057.6,355.4,20.7,2.6,,,,
23.432,5,Atta_5,539.9,114.7,204.0,-87.6,-2.2,,,,
23.432,6,Atta_6,1363.0,1678.8,16.6,65.8,3.2,,,,
23.432,7,Atta_7,101.2,911.6,270.5,81.5,0.5,,,,
23.432,8,Atta_8,442.4,2205.0,27.5,-32.0,-0.1,,,,
23.432,9,Atta_9,463.3,1866.2,348.5,-57.8,3.7,,,,
23.432,10,Atta_10,481.5,2629.7,177.0,83.1,2.8,,,,
23.498,1,Atta_1,1216.2,824.4,261.4,51.2,5.5,,,,
23.498,2,Atta_2,308.5,126.5,322.9,44.5,-3.2,,,,
23.498,3,Atta_3,499.7,1624.5,23.0,-62.9,3.4,,,,
23.498,4,Atta_4,1472.5,975.3,351.5,82.5,-3.9,,,,
23.498,5,Atta_5,489.1,121.6,211.3,51.3,7.3,,,,
23.498,6,Atta_6,1354.1,1659.5,13.5,-21.3,-3.1,,,,
23.498,7,Atta_7,203.1,951.7,269.7,-109.5,-0.8,,,,
23.498,8,Atta_8,471.2,2181.1,27.1,37.4,-0.4,,,,
23.498,9,Atta_9,412.5,1841.9,351.3,-56.3,2.8,,,,
23.498,10,Atta_10,490.4,2669.9,178.9,-41.2,1.9,,,,
23.567,1,Atta_1,1282.0,821.0,265.9,-65.9,4.5,,,,
23.567,2,Atta_2,299.1,106.4,335.0,22.2,12.1,,,,
23.567,3,Atta_3,531.4,1683.5,31.7,67.0,8.7,,,,
23.567,4,Atta_4,1488.3,1097.3,358.1,-123.0,6.6,,,,
23.567,5,Atta_5,510.4,132.4,207.4,-23.9,-3.9,,,,
23.567,6,Atta_6,1389.1,1645.2,12.9,37.8,-0.6,,,,
23.567,7,Atta_7,121.5,943.3,264.7,82.0,-5.0,,,,
23.567,8,Atta_8,503.9,2190.0,26.9,33.9,-0.2,,,,
23.567,9,Atta_9,426.5,1821.6,348.8,24.7,-2.5,,,,
23.567,10,Atta_10,477.2,2656.9,174.9,18.5,-4.0,,,,
23.619,1,Atta_1,1224.0,819.9,269.1,58.0,3.2,,,,
23.619,2,Atta_2,244.5,139.3,338.4,-63.7,3.4,,,,
23.619,3,Atta_3,541.6,1623.5,32.7,-60.9,1.0,,,,
23.619,4,Atta_4,1407.1,1004.5,354.6,-123.3,-3.5,,,,
23.619,5,Atta_5,456.9,104.1,201.4,60.5,-6.0,,,,
23.619,6,Atta_6,1368.8,1644.8,14.8,-20.3,1.9,,,,
23.619,7,Atta_7,196.4,884.4,266.7,95.3,2.0,,,,
23.619,8,Atta_8,502.4,2183.7,27.8,-6.5,0.9,,,,
23.619,9,Atta_9,516.4,1848.5,349.6,93.8,0.8,,,,
23.619,10,Atta_10,485.2,2630.6,178.4,-27.5,3.5,,,,
23.687,1,Atta_1,1163.0,808.0,274.4,62.1,5.3,,,,
23.687,2,Atta_2,272.1,133.4,343.3,28.2,4.9,,,,
23.687,3,Atta_3,512.9,1613.4,36.6,-30.4,3.9,,,,
23.687,4,Atta_4,1424.4,991.5,356.2,21.6,1.6,,,,
23.687,5,Atta_5,523.3,113.5,197.9,-67.1,-3.5,,,,
23.687,6,Atta_6,1400.3,1630.4,13.7,34.6,-1.1,,,,
23.687,7,Atta_7,153.1,868.7,267.7,46.1,1.0,,,,
23.687,8,Atta_8,561.5,2197.1,26.6,60.6,-1.2,,,,
23.687,9,Atta_9,494.8,1873.7,348.0,-33.2,-1.6,,,,
23.687,10,Atta_10,547.9,2665.0,172.7,-71.5,-5.7,,,,
23.741,1,Atta_1,1233.3,811.9,280.0,70.4,5.6,,,,
23.741,2,Atta_2,266.4,109.7,346.9,24.4,3.6,,,,
23.741,3,Atta_3,478.5,1578.5,45.8,-49.0,9.2,,,,
23.741,4,Atta_4,1475.6,1049.7,352.0,77.5,-4.2,,,,
23.741,5,Atta_5,466.0,107.7,194.3,57.6,-3.6,,,,
23.741,6,Atta_6,1442.6,1686.6,15.0,70.3,1.3,,,,
23.741,7,Atta_7,96.9,914.0,269.8,-72.2,2.1,,,,
23.741,8,Atta_8,521.5,2237.2,31.5,-56.6,4.9,,,,
23.741,9,Atta_9,479.7,1835.9,343.8,-40.7,-4.2,,,,
23.741,10,Atta_10,395.6,2669.2,176.0,152.4,3.3,,,,
23.872,1,Atta_1,1266.0,774.5,279.7,49.7,-0.3,,,,
23.872,2,Atta_2,275.1,79.6,352.0,31.3,5.1,,,,
23.872,3,Atta_3,545.2,1615.3,44.8,76.2,-1.0,,,,
23.872,4,Atta_4,1513.4,990.9,353.7,69.9,1.7,,,,
23.872,5,Atta_5,496.9,150.6,184.7,-52.9,-9.6,,,,
23.872,6,Atta_6,1430.8,1673.4,16.9,-17.7,1.9,,,,
23.872,7,Atta_7,117.2,858.2,268.6,59.4,-1.2,,,,
23.872,8,Atta_8,501.6,2199.2,27.8,-42.9,-3.7,,,,
23.872,9,Atta_9,527.0,1784.2,349.1,70.1,5.3,,,,
23.872,10,Atta_10,452.0,2699.3,176.9,-63.9,0.9,,,,
23.926,1,Atta_1,1212.5,820.7,289.3,-70.7,9.6,,,,
23.926,2,Atta_2,234.4,132.6,356.3,-66.8,4.3,,,,
23.926,3,Atta_3,493.0,1621.5,49.4,-52.6,4.6,,,,
23.926,4,Atta_4,1556.3,1017.0,354.4,50.2,0.7,,,,
23.926,5,Atta_5,483.7,120.6,177.4,32.8,-7.3,,,,
23.926,6,Atta_6,1439.5,1662.2,13.7,14.2,-3.2,,,,
23.926,7,Atta_7,90.9,880.9,268.3,-34.7,-0.3,,,,
23.926,8,Atta_8,515.5,2264.9,32.0,67.2,4.2,,,,
23.926,9,Atta_9,506.8,1805.0,347.3,-29.0,-1.8,,,,
23.926,10,Atta_10,442.8,2613.8,172.2,86.0,-4.7,,,,
23.992,1,Atta_1,1150.3,807.4,285.4,-63.6,-3.9,,,,
23.992,2,Atta_2,239.5,114.3,352.8,19.0,-3.5,,,,
23.992,3,Atta_3,542.4,1626.7,53.0,49.7,3.6,,,,
23.992,4,Atta_4,1444.4,1022.0,355.3,-112.0,0.9,,,,
23.992,5,Atta_5,450.8,80.5,180.3,51.9,2.9,,,,
23.992,6,Atta_6,1438.8,1654.9,14.5,-7.3,0.8,,,,
23.992,7,Atta_7,162.3,847.8,272.0,78.7,3.7,,,,
23.992,8,Atta_8,514.7,2205.9,29.6,-59.0,-2.4,,,,
23.992,9,Atta_9,486.3,1790.5,349.2,-25.1,1.9,,,,
23.992,10,Atta_10,422.1,2675.9,175.7,65.5,3.5,,,,
24.058,1,Atta_1,1228.9,871.3,286.0,-101.3,0.6,,,,
24.058,2,Atta_2,266.2,151.6,355.1,45.9,2.3,,,,
24.058,3,Atta_3,513.2,1607.8,59.0,-34.8,6.0,,,,
24.058,4,Atta_4,1581.6,992.1,355.4,140.4,0.1,,,,
24.058,5,Atta_5,484.5,110.4,176.5,-45.1,-3.8,,,,
24.058,6,Atta_6,1453.5,1691.0,17.0,39.0,2.5,,,,
24.058,7,Atta_7,86.5,817.7,267.5,81.6,-4.5,,,,
24.058,8,Atta_8,568.1,2229.8,28.2,58.5,-1.4,,,,
24.058,9,Atta_9,569.5,1856.9,346.6,106.4,-2.6,,,,
24.058,10,Atta_10,419.0,2623.6,175.0,-52.4,-0.7,,,,
24.127,1,Atta_1,1227.3,838.0,287.9,33.3,1.9,,,,
24.127,2,Atta_2,275.3,111.6,356.3,41.0,1.2,,,,
24.127,3,Atta_3,490.6,1645.1,66.2,43.6,7.2,,,,
24.127,4,Atta_4,1552.8,1012.8,355.6,-35.5,0.2,,,,
24.127,5,Atta_5,508.4,152.9,167.5,-48.8,-9.0,,,,
24.127,6,Atta_6,1391.0,1692.3,13.7,-62.5,-3.3,,,,
24.127,7,Atta_7,129.8,821.8,270.7,-43.5,3.2,,,,
24.127,8,Atta_8,551.5,2233.1,27.6,-16.9,-0.6,,,,
24.127,9,Atta_9,601.6,1770.2,351.9,92.5,5.3,,,,
24.127,10,Atta_10,322.8,2588.8,177.0,102.3,2.0,,,,
24.181,1,Atta_1,1205.0,809.3,290.2,36.3,2.3,,,,
24.181,2,Atta_2,198.5,145.7,355.8,-84.0,-0.5,,,,
24.181,3,Atta_3,484.0,1627.0,69.7,-19.3,3.5,,,,
24.181,4,Atta_4,1575.5,1016.9,358.3,23.1,2.7,,,,
24.181,5,Atta_5,511.1,175.4,166.6,22.7,-0.9,,,,
24.181,6,Atta_6,1497.3,1692.1,15.4,106.3,1.7,,,,
24.181,7,Atta_7,115.1,881.7,268.1,-61.7,-2.6,,,,
24.181,8,Atta_8,587.7,2250.4,33.3,40.1,5.7,,,,
24.181,9,Atta_9,557.8,1802.3,349.1,-54.3,-2.8,,,,
24.181,10,Atta_10,409.5,2635.4,173.0,-98.4,-4.0,,,,
24.251,1,Atta_1,1230.9,783.6,291.4,36.5,1.2,,,,
24.251,2,Atta_2,296.1,62.1,357.3,128.5,1.5,,,,
24.251,3,Atta_3,497.2,1635.7,76.8,15.8,7.1,,,,
24.251,4,Atta_4,1599.3,985.5,353.9,39.4,-4.4,,,,
24.251,5,Atta_5,532.7,126.8,160.0,-53.2,-6.6,,,,
24.251,6,Atta_6,1488.2,1727.0,14.1,36.1,-1.3,,,,
24.251,7,Atta_7,114.9,817.8,262.9,63.9,-5.2,,,,
24.251,8,Atta_8,521.4,2206.9,29.9,-79.3,-3.4,,,,
24.251,9,Atta_9,610.7,1790.5,347.1,54.2,-2.0,,,,
24.251,10,Atta_10,414.9,2617.2,175.1,-19.0,2.1,,,,
24.32,1,Atta_1,1257.6,838.2,288.6,-60.8,-2.8,,,,
24.32,2,Atta_2,300.5,105.9,355.2,44.0,-2.1,,,,
24.32,3,Atta_3,518.2,1643.9,80.1,22.5,3.3,,,,
24.32,4,Atta_4,1608.2,1038.2,358.2,53.4,4.3,,,,
24.32,5,Atta_5,439.9,112.4,153.8,93.9,-6.2,,,,
24.32,6,Atta_6,1529.9,1669.7,13.1,70.9,-1.0,,,,
24.32,7,Atta_7,181.0,804.1,268.5,67.5,5.6,,,,
24.32,8,Atta_8,582.8,2247.3,29.5,73.5,-0.4,,,,
24.32,9,Atta_9,599.0,1818.7,340.6,-30.5,-6.5,,,,
24.32,10,Atta_10,362.5,2663.1,178.6,69.7,3.5,,,,
24.389,1,Atta_1,1265.5,809.8,288.2,29.5,-0.4,,,,
24.389,2,Atta_2,293.4,98.8,358.1,-10.0,2.9,,,,
24.389,3,Atta_3,532.2,1633.7,88.0,-17.3,7.9,,,,
24.389,4,Atta_4,1601.2,1049.3,356.7,-13.1,-1.5,,,,
24.389,5,Atta_5,508.2,132.5,148.7,-71.2,-5.1,,,,
24.389,6,Atta_6,1513.8,1700.9,15.7,-35.1,2.6,,,,
24.389,7,Atta_7,93.0,716.9,269.3,123.9,0.8,,,,
24.389,8,Atta_8,573.2,2225.0,27.8,-24.3,-1.7,,,,
24.389,9,Atta_9,610.2,1857.4,338.7,-40.3,-1.9,,,,
24.389,10,Atta_10,402.8,2680.4,175.6,-43.9,-3.0,,,,
24.457,1,Atta_1,1262.4,797.7,287.4,12.5,-0.8,,,,
24.457,2,Atta_2,342.2,130.4,355.3,58.1,-2.8,,,,
24.457,3,Atta_3,447.7,1634.6,91.3,-84.5,3.3,,,,
24.457,4,Atta_4,1610.1,993.7,353.8,56.3,-2.9,,,,
24.457,5,Atta_5,467.8,103.5,145.7,49.7,-3.0,,,,
24.457,6,Atta_6,1521.8,1712.1,13.0,13.8,-2.7,,,,
24.457,7,Atta_7,139.1,768.9,268.7,-69.5,-0.6,,,,
24.457,8,Atta_8,606.5,2252.8,30.1,43.4,2.3,,,,
24.457,9,Atta_9,573.9,1849.9,332.7,-37.1,-6.0,,,,
24.457,10,Atta_10,357.8,2659.3,177.8,49.7,2.2,,,,
24.525,1,Atta_1,1247.6,750.7,286.9,49.3,-0.5,,,,
24.525,2,Atta_2,290.5,97.8,353.2,-61.1,-2.1,,,,
24.525,3,Atta_3,478.9,1634.8,91.1,-31.2,-0.2,,,,
24.525,4,Atta_4,1619.2,1023.9,354.5,31.5,0.7,,,,
24.525,5,Atta_5,475.4,126.4,143.4,24.1,-2.3,,,,
24.525,6,Atta_6,1498.4,1726.3,15.0,-27.4,2.0,,,,
24.525,7,Atta_7,82.8,768.9,266.6,56.3,-2.1,,,,
24.525,8,Atta_8,622.9,2247.2,29.9,17.3,-0.2,,,,
24.525,9,Atta_9,599.8,1767.6,328.1,86.3,-4.6,,,,
24.525,10,Atta_10,347.0,2599.7,179.7,60.6,1.9,,,,
24.591,1,Atta_1,1203.0,761.0,287.2,-45.8,0.3,,,,
24.591,2,Atta_2,298.6,74.4,358.1,24.8,4.9,,,,
24.591,3,Atta_3,528.9,1656.5,96.4,54.5,5.3,,,,
24.591,4,Atta_4,1689.0,1052.3,356.9,75.4,2.4,,,,
24.591,5,Atta_5,484.2,112.7,137.6,-16.3,-5.8,,,,
24.591,6,Atta_6,1572.9,1721.8,17.4,74.6,2.4,,,,
24.591,7,Atta_7,118.9,731.7,267.0,51.8,0.4,,,,
24.591,8,Atta_8,603.6,2316.9,29.2,72.3,-0.7,,,,
24.591,9,Atta_9,545.4,1830.6,324.8,-83.2,-3.3,,,,
24.591,10,Atta_10,339.2,2671.4,175.5,72.1,-4.2,,,,
24.66,1,Atta_1,1235.9,720.9,288.4,51.9,1.2,,,,
24.66,2,Atta_2,307.2,174.5,355.9,100.5,-2.2,,,,
24.66,3,Atta_3,524.4,1691.1,98.5,34.9,2.1,,,,
24.66,4,Atta_4,1646.4,997.9,351.3,-69.1,-5.6,,,,
24.66,5,Atta_5,461.5,103.4,132.2,24.5,-5.4,,,,
24.66,6,Atta_6,1574.3,1701.8,16.9,-20.0,-0.5,,,,
24.66,7,Atta_7,127.6,750.6,265.5,-20.8,-1.5,,,,
24.66,8,Atta_8,654.1,2272.8,28.2,67.0,-1.0,,,,
24.66,9,Atta_9,554.1,1796.1,319.2,35.6,-5.6,,,,
24.66,10,Atta_10,303.4,2598.3,170.7,81.4,-4.8,,,,
24.73,1,Atta_1,1262.2,721.3,289.3,26.3,0.9,,,,
24.73,2,Atta_2,406.6,107.3,357.8,120.0,1.9,,,,
24.73,3,Atta_3,517.0,1672.2,102.0,-20.3,3.5,,,,
24.73,4,Atta_4,1666.4,988.8,358.9,22.0,7.6,,,,
24.73,5,Atta_5,465.0,123.8,130.9,20.7,-1.3,,,,
24.73,6,Atta_6,1526.9,1697.9,16.6,-47.6,-0.3,,,,
24.73,7,Atta_7,104.3,742.1,267.2,24.8,1.7,,,,
24.73,8,Atta_8,630.1,2268.3,28.2,-24.4,0.0,,,,
24.73,9,Atta_9,549.9,1792.0,317.5,-5.9,-1.7,,,,
24.73,10,Atta_10,278.6,2656.4,176.3,63.2,5.6,,,,
24.797,1,Atta_1,1281.0,759.6,288.3,-42.7,-1.0,,,,
24.797,2,Atta_2,342.3,123.8,356.6,-66.4,-1.2,,,,
24.797,3,Atta_3,524.8,1632.0,99.5,-40.9,-2.5,,,,
24.797,4,Atta_4,1668.6,1045.5,354.0,56.7,-4.9,,,,
24.797,5,Atta_5,554.8,103.8,131.6,-92.0,0.7,,,,
24.797,6,Atta_6,1617.1,1696.9,13.9,90.2,-2.7,,,,
24.797,7,Atta_7,157.3,724.9,267.5,55.7,0.3,,,,
24.797,8,Atta_8,665.1,2252.7,32.6,38.3,4.4,,,,
24.797,9,Atta_9,543.1,1812.4,306.8,-21.5,-10.7,,,,
24.797,10,Atta_10,271.1,2649.0,176.3,10.5,0.0,,,,
24.864,1,Atta_1,1236.2,737.0,291.0,50.2,2.7,,,,
24.864,2,Atta_2,323.6,150.1,353.0,-32.3,-3.6,,,,
24.864,3,Atta_3,574.0,1665.2,103.8,59.4,4.3,,,,
24.864,4,Atta_4,1683.5,1039.2,357.3,16.2,3.3,,,,
24.864,5,Atta_5,484.9,184.5,133.3,106.8,1.7,,,,
24.864,6,Atta_6,1551.4,1741.2,16.0,-79.2,2.1,,,,
24.864,7,Atta_7,107.9,682.4,267.1,65.2,-0.4,,,,
24.864,8,Atta_8,702.8,2286.7,28.1,50.8,-4.5,,,,
24.864,9,Atta_9,560.7,1827.4,306.6,-23.1,-0.2,,,,
24.864,10,Atta_10,312.5,2640.0,176.1,-42.4,-0.2,,,,
24.933,1,Atta_1,1244.0,683.6,291.1,54.0,0.1,,,,
24.933,2,Atta_2,365.8,138.9,355.6,43.7,2.6,,,,
24.933,3,Atta_3,483.8,1661.6,100.3,90.3,-3.5,,,,
24.933,4,Atta_4,1692.8,971.8,353.1,68.0,-4.2,,,,
24.933,5,Atta_5,532.1,99.5,132.9,-97.2,-0.4,,,,
24.933,6,Atta_6,1559.5,1714.1,13.8,28.3,-2.2,,,,
24.933,7,Atta_7,144.6,714.8,268.6,-49.0,1.5,,,,
24.933,8,Atta_8,695.9,2301.3,30.8,16.1,2.7,,,,
24.933,9,Atta_9,540.5,1818.3,300.9,-22.2,-5.7,,,,
24.933,10,Atta_10,250.2,2596.6,176.5,75.9,0.4,,,,
25.004,1,Atta_1,1270.3,707.3,293.6,-35.4,2.5,,,,
25.004,2,Atta_2,255.5,135.7,355.5,-110.3,-0.1,,,,
25.004,3,Atta_3,471.6,1645.6,100.7,-20.1,0.4,,,,
25.004,4,Atta_4,1706.0,1018.2,350.0,48.2,-3.1,,,,
25.004,5,Atta_5,471.9,81.8,132.7,62.7,-0.2,,,,
25.004,6,Atta_6,1580.9,1707.5,14.1,22.4,0.3,,,,
25.004,7,Atta_7,118.1,710.1,266.6,26.9,-2.0,,,,
25.004,8,Atta_8,741.5,2280.7,28.9,50.0,-1.9,,,,
25.004,9,Atta_9,549.1,1811.5,296.0,11.0,-4.9,,,,
25.004,10,Atta_10,233.9,2665.2,173.8,70.5,-2.7,,,,
25.058,1,Atta_1,1279.6,673.5,287.5,35.1,-6.1,,,,
25.058,2,Atta_2,285.8,166.0,357.2,42.9,1.7,,,,
25.058,3,Atta_3,503.8,1604.9,102.7,-51.9,2.0,,,,
25.058,4,Atta_4,1708.2,1031.1,356.0,-13.1,6.0,,,,
25.058,5,Atta_5,506.6,98.6,124.8,-38.6,-7.9,,,,
25.058,6,Atta_6,1616.7,1728.1,11.8,41.3,-2.3,,,,
25.058,7,Atta_7,127.9,654.1,265.2,56.9,-1.4,,,,
25.058,8,Atta_8,671.5,2317.9,23.7,-79.3,-5.2,,,,
25.058,9,Atta_9,556.4,1755.6,292.4,56.4,-3.6,,,,
25.058,10,Atta_10,256.0,2636.0,178.5,-36.6,4.7,,,,
25.124,1,Atta_1,1355.0,677.7,288.4,75.5,0.9,,,,
25.124,2,Atta_2,256.9,107.0,352.9,-65.7,-4.3,,,,
25.124,3,Atta_3,519.8,1627.2,102.2,27.4,-0.5,,,,
25.124,4,Atta_4,1683.2,996.3,354.5,-42.8,-1.5,,,,
25.124,5,Atta_5,510.0,134.0,122.9,35.6,-1.9,,,,
25.124,6,Atta_6,1622.4,1713.0,12.9,16.1,1.1,,,,
25.124,7,Atta_7,62.9,616.0,266.9,75.3,1.7,,,,
25.124,8,Atta_8,667.9,2287.7,28.7,-30.4,5.0,,,,
25.124,9,Atta_9,559.5,1814.3,287.9,-58.8,-4.5,,,,
25.124,10,Atta_10,218.8,2665.0,175.7,47.2,-2.8,,,,
25.193,1,Atta_1,1303.9,675.1,289.0,-51.2,0.6,,,,
25.193,2,Atta_2,278.2,97.0,3.4,23.5,10.5,,,,
25.193,3,Atta_3,521.5,1698.5,100.3,71.3,-1.9,,,,
25.193,4,Atta_4,1701.9,1060.5,352.5,66.9,-2.0,,,,
25.193,5,Atta_5,479.1,121.2,118.7,33.4,-4.2,,,,
25.193,6,Atta_6,1623.1,1741.8,14.5,28.8,1.6,,,,
25.193,7,Atta_7,130.7,690.9,266.1,-101.0,-0.8,,,,
25.193,8,Atta_8,722.4,2272.8,27.5,56.5,-1.2,,,,
25.193,9,Atta_9,567.9,1800.7,284.4,16.0,-3.5,,,,
25.193,10,Atta_10,184.5,2690.6,174.6,42.8,-1.1,,,,
25.258,1,Atta_1,1298.9,657.2,292.1,18.6,3.1,,,,
25.258,2,Atta_2,262.1,85.2,2.8,-20.0,-0.6,,,,
25.258,3,Atta_3,517.9,1638.0,102.3,-60.6,2.0,,,,
25.258,4,Atta_4,1765.7,1013.3,356.1,79.4,3.6,,,,
25.258,5,Atta_5,493.9,103.2,116.7,-23.3,-2.0,,,,
25.258,6,Atta_6,1728.6,1727.4,12.5,106.5,-2.0,,,,
25.258,7,Atta_7,145.0,645.2,270.6,47.9,4.5,,,,
25.258,8,Atta_8,688.8,2295.8,29.8,-40.7,2.3,,,,
25.258,9,Atta_9,579.5,1802.5,281.0,11.7,-3.4,,,,
25.258,10,Atta_10,225.6,2646.7,176.9,-60.1,2.3,,,,
25.325,1,Atta_1,1246.7,635.3,291.4,56.6,-0.7,,,,
25.325,2,Atta_2,251.4,143.0,5.4,-58.8,2.6,,,,
25.325,3,Atta_3,495.0,1660.8,102.5,32.3,0.2,,,,
25.325,4,Atta_4,1746.8,1052.6,354.1,-43.6,-2.0,,,,
25.325,5,Atta_5,508.5,80.3,106.5,-27.2,-10.2,,,,
25.325,6,Atta_6,1654.4,1739.2,14.3,-75.1,1.8,,,,
25.325,7,Atta_7,180.0,585.3,269.2,69.4,-1.4,,,,
25.325,8,Atta_8,737.4,2316.0,25.5,52.6,-4.3,,,,
25.325,9,Atta_9,598.2,1797.0,272.9,19.5,-8.1,,,,
25.325,10,Atta_10,197.6,2692.8,173.5,53.9,-3.4,,,,
25.391,1,Atta_1,1338.8,588.3,291.5,103.4,0.1,,,,
25.391,2,Atta_2,276.9,165.4,11.0,33.9,5.6,,,,
25.391,3,Atta_3,529.3,1705.9,101.3,56.7,-1.2,,,,
25.391,4,Atta_4,1776.0,1019.2,356.8,44.4,2.7,,,,
25.391,5,Atta_5,509.1,139.6,107.9,59.3,1.4,,,,
25.391,6,Atta_6,1620.4,1726.9,16.2,-36.2,1.9,,,,
25.391,7,Atta_7,146.0,569.3,269.3,37.6,0.1,,,,
25.391,8,Atta_8,756.9,2378.1,24.9,65.1,-0.6,,,,
25.391,9,Atta_9,551.1,1920.8,271.2,-132.5,-1.7,,,,
25.391,10,Atta_10,233.2,2662.4,176.5,-46.8,3.0,,,,
25.456,1,Atta_1,1304.7,683.7,292.5,-101.3,1.0,,,,
25.456,2,Atta_2,258.7,103.1,16.5,-64.9,5.5,,,,
25.456,3,Atta_3,495.1,1767.9,105.0,70.8,3.7,,,,
25.456,4,Atta_4,1800.8,984.6,353.9,42.6,-2.9,,,,
25.456,5,Atta_5,511.5,154.8,100.1,15.4,-7.8,,,,
25.456,6,Atta_6,1704.8,1782.4,12.6,101.0,-3.6,,,,
25.456,7,Atta_7,121.7,601.4,264.2,-40.3,-5.1,,,,
25.456,8,Atta_8,764.1,2344.6,28.5,-34.3,3.6,,,,
25.456,9,Atta_9,593.4,1794.2,271.0,133.5,-0.2,,,,
25.456,10,Atta_10,158.1,2659.6,181.4,75.2,4.9,,,,
25.586,1,Atta_1,1310.5,602.6,289.2,81.3,-3.3,,,,
25.586,2,Atta_2,259.6,113.2,27.2,10.1,10.7,,,,
25.586,3,Atta_3,496.5,1730.4,102.4,-37.5,-2.6,,,,
25.586,4,Atta_4,1872.4,1010.4,352.3,76.1,-1.6,,,,
25.586,5,Atta_5,494.1,142.9,89.6,-21.1,-10.5,,,,
25.586,6,Atta_6,1784.3,1753.5,14.8,84.6,2.2,,,,
25.586,7,Atta_7,128.7,584.9,269.5,17.9,5.3,,,,
25.586,8,Atta_8,821.0,2346.4,30.0,56.9,1.5,,,,
25.586,9,Atta_9,552.3,1873.0,254.4,-88.9,-16.6,,,,
25.586,10,Atta_10,119.2,2654.0,176.3,39.3,-5.1,,,,
25.652,1,Atta_1,1337.3,568.5,291.1,43.4,1.9,,,,
25.652,2,Atta_2,289.0,129.0,32.3,33.4,5.1,,,,
25.652,3,Atta_3,477.5,1721.6,100.7,-20.9,-1.7,,,,
25.652,4,Atta_4,1861.4,1013.1,355.4,-11.3,3.1,,,,
25.652,5,Atta_5,495.3,149.3,89.7,6.5,0.1,,,,
25.652,6,Atta_6,1747.2,1711.7,13.4,-55.9,-1.4,,,,
25.652,7,Atta_7,128.8,582.2,265.4,2.7,-4.1,,,,
25.652,8,Atta_8,822.2,2379.5,32.4,33.1,2.4,,,,
25.652,9,Atta_9,592.9,1841.7,249.0,51.3,-5.4,,,,
25.652,10,Atta_10,203.2,2651.1,172.0,-84.1,-4.3,,,,
25.785,1,Atta_1,1342.4,588.2,289.7,-20.3,-1.4,,,,
25.785,2,Atta_2,277.7,130.7,33.6,-11.4,1.3,,,,
25.785,3,Atta_3,481.6,1740.4,96.9,19.2,-3.8,,,,
25.785,4,Atta_4,1855.2,950.6,350.3,-62.8,-5.1,,,,
25.785,5,Atta_5,483.9,127.3,83.1,-24.8,-6.6,,,,
25.785,6,Atta_6,1712.4,1736.2,10.7,-42.6,-2.7,,,,
25.785,7,Atta_7,135.3,540.9,267.8,41.8,2.4,,,,
25.785,8,Atta_8,818.7,2314.8,32.2,-64.8,-0.2,,,,
25.785,9,Atta_9,558.0,1795.0,246.4,58.3,-2.6,,,,
25.785,10,Atta_10,146.1,2693.3,175.5,71.0,3.5,,,,
25.856,1,Atta_1,1303.4,565.7,289.2,45.0,-0.5,,,,
25.856,2,Atta_2,265.1,71.1,40.6,-60.9,7.0,,,,
25.856,3,Atta_3,509.5,1751.5,96.7,30.0,-0.2,,,,
25.856,4,Atta_4,1876.6,1012.3,350.6,65.3,0.3,,,,
25.856,5,Atta_5,474.7,121.1,73.6,-11.1,-9.5,,,,
25.856,6,Atta_6,1763.8,1765.5,16.4,59.2,5.7,,,,
25.856,7,Atta_7,118.5,534.9,268.3,17.8,0.5,,,,
25.856,8,Atta_8,807.2,2398.2,28.6,84.2,-3.6,,,,
25.856,9,Atta_9,562.4,1805.5,229.1,-11.4,-17.3,,,,
25.856,10,Atta_10,118.3,2664.3,173.5,40.2,-2.0,,,,
25.922,1,Atta_1,1314.0,508.4,295.4,58.3,6.2,,,,
25.922,2,Atta_2,288.8,106.6,47.8,42.7,7.2,,,,
25.922,3,Atta_3,456.4,1747.6,95.0,53.2,-1.7,,,,
25.922,4,Atta_4,1927.3,1019.9,354.2,51.3,3.6,,,,
25.922,5,Atta_5,477.2,130.2,68.2,9.4,-5.4,,,,
25.922,6,Atta_6,1781.4,1788.5,15.0,29.0,-1.4,,,,
25.922,7,Atta_7,102.5,533.7,267.6,16.0,-0.7,,,,
25.922,8,Atta_8,824.9,2383.4,29.6,23.1,1.0,,,,
25.922,9,Atta_9,581.5,1775.4,221.7,35.6,-7.4,,,,
25.922,10,Atta_10,146.8,2682.4,177.4,-33.8,3.9,,,,
26.059,1,Atta_1,1327.1,634.2,290.7,-126.5,-4.7,,,,
26.059,2,Atta_2,288.4,109.6,53.2,3.0,5.4,,,,
26.059,3,Atta_3,492.7,1783.7,92.9,51.2,-2.1,,,,
26.059,4,Atta_4,1833.1,966.8,355.8,-108.1,1.6,,,,
26.059,5,Atta_5,473.5,101.3,62.7,-29.1,-5.5,,,,
26.059,6,Atta_6,1795.0,1749.8,13.3,41.0,-1.7,,,,
26.059,7,Atta_7,145.8,536.2,268.1,-43.4,0.5,,,,
26.059,8,Atta_8,887.6,2396.3,29.1,64.0,-0.5,,,,
26.059,9,Atta_9,591.4,1753.9,220.7,23.7,-1.0,,,,
26.059,10,Atta_10,94.5,2709.6,172.4,59.0,-5.0,,,,
26.113,1,Atta_1,1290.5,555.4,285.6,86.9,-5.1,,,,
26.113,2,Atta_2,241.7,96.3,54.9,-48.6,1.7,,,,
26.113,3,Atta_3,446.1,1809.7,96.6,53.4,3.7,,,,
26.113,4,Atta_4,1903.3,950.8,351.1,72.0,-4.7,,,,
26.113,5,Atta_5,538.0,91.6,58.2,65.2,-4.5,,,,
26.113,6,Atta_6,1793.9,1783.5,14.7,33.7,1.4,,,,
26.113,7,Atta_7,74.7,505.2,268.7,77.6,0.6,,,,
26.113,8,Atta_8,816.0,2353.1,28.5,-83.6,-0.6,,,,
26.113,9,Atta_9,508.1,1800.2,215.6,95.3,-5.1,,,,
26.113,10,Atta_10,103.1,2648.8,176.4,-61.4,4.0,,,,
26.184,1,Atta_1,1391.3,536.0,281.3,102.6,-4.3,,,,
26.184,2,Atta_2,287.4,116.7,52.0,50.0,-2.9,,,,
26.184,3,Atta_3,482.0,1814.5,92.4,36.2,-4.2,,,,
26.184,4,Atta_4,1905.7,978.1,354.8,-27.4,3.7,,,,
26.184,5,Atta_5,502.9,172.6,61.9,88.3,3.7,,,,
26.184,6,Atta_6,1768.3,1749.9,15.2,-42.2,0.5,,,,
26.184,7,Atta_7,61.9,449.2,267.9,57.4,-0.8,,,,
26.184,8,Atta_8,870.8,2395.8,29.4,69.5,0.9,,,,
26.184,9,Atta_9,547.4,1789.1,215.8,-40.8,0.2,,,,
26.184,10,Atta_10,195.6,2669.6,173.5,-94.8,-2.9,,,,
26.253,1,Atta_1,1339.2,515.9,277.8,55.8,-3.5,,,,
26.253,2,Atta_2,286.6,101.5,52.3,-15.2,0.3,,,,
26.253,3,Atta_3,476.0,1862.4,94.4,48.3,2.0,,,,
26.253,4,Atta_4,1867.6,993.7,354.6,-41.2,-0.2,,,,
26.253,5,Atta_5,496.0,135.9,59.1,-37.3,-2.8,,,,
26.253,6,Atta_6,1851.3,1778.1,12.3,87.7,-2.9,,,,
26.253,7,Atta_7,113.6,417.3,267.8,60.7,-0.1,,,,
26.253,8,Atta_8,862.5,2391.3,31.4,-9.4,2.0,,,,
26.253,9,Atta_9,573.2,1824.5,216.8,-43.8,1.0,,,,
26.253,10,Atta_10,172.0,2698.4,176.7,37.2,3.2,,,,
26.319,1,Atta_1,1362.7,540.7,275.1,-34.2,-2.7,,,,
26.319,2,Atta_2,269.6,108.8,52.8,-18.5,0.5,,,,
26.319,3,Atta_3,439.6,1864.4,93.7,36.5,-0.7,,,,
26.319,4,Atta_4,1875.5,971.8,353.5,23.3,-1.1,,,,
26.319,5,Atta_5,559.5,138.6,57.8,63.6,-1.3,,,,
26.319,6,Atta_6,1837.5,1808.9,16.0,-33.8,3.7,,,,
26.319,7,Atta_7,97.0,492.6,268.6,-77.1,0.8,,,,
26.319,8,Atta_8,836.4,2381.5,26.5,-27.9,-4.9,,,,
26.319,9,Atta_9,530.6,1827.6,214.8,42.7,-2.0,,,,
26.374,1,Atta_1,1380.4,471.2,267.5,71.7,-7.6,,,,
26.374,2,Atta_2,244.6,165.0,55.8,61.5,3.0,,,,
26.374,3,Atta_3,475.0,1874.0,94.7,36.7,1.0,,,,
26.374,4,Atta_4,1844.3,991.0,355.1,-36.6,1.6,,,,
26.374,5,Atta_5,468.8,88.6,56.7,-103.6,-1.1,,,,
26.374,6,Atta_6,1829.0,1752.8,17.3,-56.7,1.3,,,,
26.374,7,Atta_7,159.9,434.4,270.7,85.7,2.1,,,,
26.374,8,Atta_8,849.6,2416.9,30.5,37.8,4.0,,,,
26.374,9,Atta_9,575.1,1850.4,216.9,-50.0,2.1,,,,
26.374,10,Atta_10,147.3,2608.7,172.7,93.0,-4.0,,,,
26.441,1,Atta_1,1333.3,540.9,266.0,-84.1,-1.5,,,,
26.441,2,Atta_2,278.4,81.0,53.5,-90.5,-2.3,,,,
26.441,3,Atta_3,454.8,1821.1,94.7,-56.6,0.0,,,,
26.441,4,Atta_4,1899.2,941.0,354.5,74.3,-0.6,,,,
26.441,5,Atta_5,477.7,136.7,59.0,48.9,2.3,,,,
26.441,6,Atta_6,1862.7,1750.2,14.9,33.8,-2.4,,,,
26.441,7,Atta_7,169.1,427.5,266.7,11.5,-4.0,,,,
26.441,8,Atta_8,943.0,2367.7,26.7,105.6,-3.8,,,,
26.441,9,Atta_9,547.4,1781.3,209.6,74.4,-7.3,,,,
26.441,10,Atta_10,159.7,2649.4,177.1,-42.5,4.4,,,,
26.493,1,Atta_1,1327.8,570.9,262.9,-30.5,-3.1,,,,
26.493,2,Atta_2,297.4,110.0,55.5,34.7,2.0,,,,
26.493,3,Atta_3,475.7,1872.2,93.5,55.2,-1.2,,,,
26.493,4,Atta_4,1808.9,1035.9,354.0,-131.0,-0.5,,,,
26.493,5,Atta_5,459.7,66.5,66.4,-72.5,7.4,,,,
26.493,6,Atta_6,1866.3,1824.6,14.3,74.5,-0.6,,,,
26.493,7,Atta_7,113.6,431.5,264.9,-55.6,-1.8,,,,
26.493,8,Atta_8,924.3,2424.7,31.8,60.0,5.1,,,,
26.493,9,Atta_9,585.4,1757.5,208.4,-44.8,-1.2,,,,
26.493,10,Atta_10,182.0,2673.8,169.7,-33.1,-7.4,,,,
26.563,1,Atta_1,1363.7,523.6,258.8,59.4,-4.1,,,,
26.563,2,Atta_2,279.5,168.3,56.0,61.0,0.5,,,,
26.563,3,Atta_3,451.0,1921.7,91.3,55.3,-2.2,,,,
26.563,4,Atta_4,1827.6,1019.0,355.3,25.2,1.3,,,,
26.563,5,Atta_5,461.1,111.0,69.8,44.5,3.4,,,,
26.563,6,Atta_6,1883.6,1813.9,14.8,20.3,0.5,,,,
26.563,7,Atta_7,120.8,423.1,267.4,11.1,2.5,,,,
26.563,8,Atta_8,1016.6,2431.1,26.9,92.5,-4.9,,,,
26.563,9,Atta_9,534.8,1870.3,201.2,-123.6,-7.2,,,,
26.563,10,Atta_10,194.2,2682.4,164.4,-14.9,-5.3,,,,
26.629,1,Atta_1,1349.1,570.3,255.2,-48.9,-3.6,,,,
26.629,2,Atta_2,309.8,139.7,50.0,-41.7,-6.0,,,,
26.629,3,Atta_3,452.3,1976.1,95.6,54.4,4.3,,,,
26.629,4,Atta_4,1821.7,997.2,357.3,-22.6,2.0,,,,
26.629,5,Atta_5,478.1,130.1,76.0,25.6,6.2,,,,
26.629,6,Atta_6,1898.5,1764.3,12.9,51.8,-1.9,,,,
26.629,7,Atta_7,146.8,383.9,266.8,47.0,-0.6,,,,
26.629,8,Atta_8,884.6,2358.0,22.9,-150.9,-4.0,,,,
26.629,9,Atta_9,576.7,1829.7,194.8,-58.3,-6.4,,,,
26.629,10,Atta_10,174.2,2629.6,161.8,56.5,-2.6,,,,
26.698,1,Atta_1,1357.8,549.9,247.7,22.2,-7.5,,,,
26.698,2,Atta_2,330.3,157.8,54.0,27.3,4.0,,,,
26.698,3,Atta_3,447.4,1883.7,95.0,-92.5,-0.6,,,,
26.698,4,Atta_4,1797.9,999.0,353.9,-23.9,-3.4,,,,
26.698,5,Atta_5,468.2,133.6,79.4,10.5,3.4,,,,
26.698,6,Atta_6,1883.0,1805.3,12.8,-43.8,-0.1,,,,
26.698,7,Atta_7,97.0,386.5,271.1,49.9,4.3,,,,
26.698,8,Atta_8,917.0,2439.8,30.6,88.0,7.7,,,,
26.698,9,Atta_9,582.9,1768.6,192.2,61.4,-2.6,,,,
26.698,10,Atta_10,182.7,2670.3,156.0,41.6,-5.8,,,,
26.767,1,Atta_1,1293.6,536.3,240.1,65.6,-7.6,,,,
26.767,2,Atta_2,287.5,208.7,51.4,66.5,-2.6,,,,
26.767,3,Atta_3,525.3,1903.2,97.0,80.3,2.0,,,,
26.767,4,Atta_4,1834.3,930.5,353.4,77.6,-0.5,,,,
26.767,5,Atta_5,458.5,111.4,80.9,-24.2,1.5,,,,
26.767,6,Atta_6,1869.9,1771.5,15.9,-36.2,3.1,,,,
26.767,7,Atta_7,102.3,317.9,265.8,68.8,-5.3,,,,
26.767,8,Atta_8,899.3,2444.8,29.0,-18.4,-1.6,,,,
26.767,9,Atta_9,558.4,1795.6,183.6,36.5,-8.6,,,,
26.767,10,Atta_10,191.9,2670.0,150.5,-9.2,-5.5,,,,
26.836,1,Atta_1,1323.9,542.0,238.0,-30.8,-2.1,,,,
26.836,2,Atta_2,337.9,153.1,53.1,-75.0,1.7,,,,
26.836,3,Atta_3,459.8,1949.6,91.5,80.3,-5.5,,,,
26.836,4,Atta_4,1737.3,927.7,354.1,-97.0,0.7,,,,
26.836,5,Atta_5,453.3,164.1,84.7,53.0,3.8,,,,
26.836,6,Atta_6,1928.0,1828.6,12.7,81.5,-3.2,,,,
26.836,7,Atta_7,132.4,451.0,268.1,-136.5,2.3,,,,
26.836,8,Atta_8,943.8,2459.6,24.6,46.9,-4.4,,,,
26.836,9,Atta_9,602.8,1789.8,181.1,-44.8,-2.5,,,,
26.836,10,Atta_10,209.6,2654.4,147.9,-23.6,-2.6,,,,
26.904,1,Atta_1,1361.9,472.9,234.7,78.9,-3.3,,,,
26.904,2,Atta_2,303.8,174.1,55.7,-40.0,2.6,,,,
26.904,3,Atta_3,462.6,1955.8,89.5,6.8,-2.0,,,,
26.904,4,Atta_4,1809.9,997.8,353.9,100.9,-0.2,,,,
26.904,5,Atta_5,450.0,114.6,93.0,-49.6,8.3,,,,
26.904,6,Atta_6,1882.9,1831.7,8.3,-45.2,-4.4,,,,
26.904,7,Atta_7,131.8,420.3,269.1,30.7,1.0,,,,
26.904,8,Atta_8,941.2,2491.1,22.3,31.6,-2.3,,,,
26.904,9,Atta_9,582.9,1808.8,177.4,27.5,-3.7,,,,
26.904,10,Atta_10,193.0,2616.9,144.5,-41.0,-3.4,,,,
26.969,1,Atta_1,1350.9,508.5,227.3,-37.3,-7.4,,,,
26.969,2,Atta_2,355.1,148.5,56.4,57.3,0.7,,,,
26.969,3,Atta_3,462.3,2011.0,94.9,55.2,5.4,,,,
26.969,4,Atta_4,1760.1,999.3,354.6,-49.8,0.7,,,,
26.969,5,Atta_5,534.1,123.7,99.6,84.6,6.6,,,,
26.969,6,Atta_6,1943.7,1795.1,1.3,71.0,-7.0,,,,
26.969,7,Atta_7,75.8,301.4,267.8,131.4,-1.3,,,,
26.969,8,Atta_8,954.1,2463.3,27.6,30.6,5.3,,,,
26.969,9,Atta_9,508.1,1769.1,177.8,84.7,0.4,,,,
26.969,10,Atta_10,162.1,2663.2,136.9,55.7,-7.6,,,,
27.035,1,Atta_1,1301.8,541.5,226.7,59.2,-0.6,,,,
27.035,2,Atta_2,300.7,188.2,54.1,67.3,-2.3,,,,
27.035,3,Atta_3,493.4,1949.1,94.0,-69.3,-0.9,,,,
27.035,4,Atta_4,1791.8,979.3,356.1,37.5,1.5,,,,
27.035,5,Atta_5,487.4,119.6,100.3,46.9,0.7,,,,
27.035,6,Atta_6,1944.9,1820.2,356.2,25.1,-5.1,,,,
27.035,7,Atta_7,128.3,359.8,264.9,-78.5,-2.9,,,,
27.035,8,Atta_8,964.4,2457.4,28.4,11.9,0.8,,,,
27.035,9,Atta_9,537.7,1833.5,170.7,-70.9,-7.1,,,,
27.035,10,Atta_10,204.2,2659.9,135.7,-42.2,-1.2,,,,
27.103,1,Atta_1,1300.2,540.2,222.3,2.1,-4.4,,,,
27.103,2,Atta_2,378.1,217.1,50.2,82.6,-3.9,,,,
27.103,3,Atta_3,449.4,1976.7,90.9,51.9,-3.1,,,,
27.103,4,Atta_4,1699.0,972.1,354.2,-93.1,-1.9,,,,
27.103,5,Atta_5,485.7,131.9,104.5,12.4,4.2,,,,
27.103,6,Atta_6,1873.4,1779.3,352.8,-82.4,-3.4,,,,
27.103,7,Atta_7,88.6,317.1,268.3,58.3,3.4,,,,
27.103,8,Atta_8,991.9,2491.1,29.8,43.5,1.4,,,,
27.103,9,Atta_9,521.1,1874.2,166.5,44.0,-4.2,,,,
27.103,10,Atta_10,174.3,2638.2,133.3,36.9,-2.4,,,,
27.226,1,Atta_1,1350.8,508.4,216.6,-59.8,-5.7,,,,
27.226,2,Atta_2,370.3,237.3,46.0,21.7,-4.2,,,,
27.226,3,Atta_3,492.0,2001.8,86.2,49.4,-4.7,,,,
27.226,4,Atta_4,1731.9,1005.2,350.9,46.7,-3.3,,,,
27.226,5,Atta_5,453.8,108.2,111.8,-39.7,7.3,,,,
27.226,6,Atta_6,1931.3,1838.4,350.1,82.7,-2.7,,,,
27.226,7,Atta_7,141.0,327.7,266.4,-53.5,-1.9,,,,
27.226,8,Atta_8,1001.2,2515.7,30.4,26.3,0.6,,,,
27.226,9,Atta_9,630.3,1785.6,161.3,-140.6,-5.2,,,,
27.226,10,Atta_10,132.8,2637.7,127.8,41.5,-5.5,,,,
27.293,1,Atta_1,1340.0,507.4,205.9,10.8,-10.7,,,,
27.293,2,Atta_2,363.7,249.2,36.1,13.6,-9.9,,,,
27.293,3,Atta_3,459.0,1982.6,75.1,-38.2,-11.1,,,,
27.293,4,Atta_4,1777.1,1014.0,340.9,46.0,-10.0,,,,
27.293,5,Atta_5,488.9,147.7,121.0,52.8,9.2,,,,
27.293,6,Atta_6,1866.0,1828.5,339.1,-66.0,-11.0,,,,
27.293,7,Atta_7,70.0,264.9,267.8,94.8,1.4,,,,
27.293,8,Atta_8,1023.7,2459.0,29.9,-61.0,-0.5,,,,
27.293,9,Atta_9,563.3,1800.9,153.4,68.7,-7.9,,,,
27.293,10,Atta_10,192.4,2686.9,120.4,77.3,-7.4,,,,
27.36,1,Atta_1,1326.4,494.2,198.0,19.0,-7.9,,,,
27.36,2,Atta_2,304.8,201.2,32.5,-76.0,-3.6,,,,
27.36,3,Atta_3,467.4,1937.4,70.8,-46.0,-4.3,,,,
27.36,4,Atta_4,1735.2,979.7,334.9,-54.1,-6.0,,,,
27.36,5,Atta_5,530.8,113.5,118.8,-54.1,-2.2,,,,
27.36,6,Atta_6,1936.2,1817.4,339.8,71.1,0.7,,,,
27.36,7,Atta_7,150.3,234.1,266.5,86.0,-1.3,,,,
27.36,8,Atta_8,1061.8,2512.6,28.3,65.8,-1.6,,,,
27.36,9,Atta_9,588.6,1783.1,148.8,-30.9,-4.6,,,,
27.36,10,Atta_10,205.3,2585.4,118.2,-102.3,-2.2,,,,
27.482,1,Atta_1,1363.0,533.4,198.5,-53.6,0.5,,,,
27.482,2,Atta_2,321.3,254.2,30.9,55.5,-1.6,,,,
27.482,3,Atta_3,427.1,1983.8,68.0,61.5,-2.8,,,,
27.482,4,Atta_4,1761.5,1011.2,332.8,41.0,-2.1,,,,
27.482,5,Atta_5,510.9,193.5,127.2,82.4,8.4,,,,
27.482,6,Atta_6,1954.9,1802.8,332.1,23.7,-7.7,,,,
27.482,7,Atta_7,136.4,231.5,269.4,14.1,2.9,,,,
27.482,8,Atta_8,1064.9,2508.8,28.7,4.9,0.4,,,,
27.482,9,Atta_9,554.4,1818.3,146.4,49.1,-2.4,,,,
27.482,10,Atta_10,208.9,2643.5,119.1,58.2,0.9,,,,
27.552,1,Atta_1,1330.3,521.8,194.5,34.7,-4.0,,,,
27.552,2,Atta_2,354.3,214.1,24.7,51.9,-6.2,,,,
27.552,3,Atta_3,449.0,1957.3,66.2,-34.4,-1.8,,,,
27.552,4,Atta_4,1723.5,1005.6,327.3,-38.4,-5.5,,,,
27.552,5,Atta_5,519.9,86.8,130.5,-107.1,3.3,,,,
27.552,6,Atta_6,1895.6,1773.0,328.1,-66.4,-4.0,,,,
27.552,7,Atta_7,77.2,236.8,267.0,-59.4,-2.4,,,,
27.552,8,Atta_8,1060.7,2503.9,27.6,-6.5,-1.1,,,,
27.552,9,Atta_9,612.9,1795.4,134.6,-62.8,-11.8,,,,
27.552,10,Atta_10,148.3,2653.9,117.8,61.5,-1.3,,,,
27.618,1,Atta_1,1351.5,539.5,189.8,-27.6,-4.7,,,,
27.618,2,Atta_2,345.2,206.7,20.8,-11.7,-3.9,,,,
27.618,3,Atta_3,479.4,1990.0,68.2,44.6,2.0,,,,
27.618,4,Atta_4,1778.1,1054.7,320.3,73.4,-7.0,,,,
27.618,5,Atta_5,521.2,88.9,139.1,2.5,8.6,,,,
27.618,6,Atta_6,1908.9,1801.7,321.2,-31.6,-6.9,,,,
27.618,7,Atta_7,95.2,296.7,269.0,-62.5,2.0,,,,
27.618,8,Atta_8,1063.9,2519.9,31.2,16.3,3.6,,,,
27.618,9,Atta_9,538.7,1818.3,133.8,77.7,-0.8,,,,
27.618,10,Atta_10,170.1,2657.7,120.2,-22.1,2.4,,,,
27.685,1,Atta_1,1333.6,521.0,183.9,25.7,-5.9,,,,
27.685,2,Atta_2,363.7,216.3,17.3,20.8,-3.5,,,,
27.685,3,Atta_3,437.7,1979.6,63.6,-43.0,-4.6,,,,
27.685,4,Atta_4,1777.9,1046.4,316.6,8.3,-3.7,,,,
27.685,5,Atta_5,501.3,57.9,139.6,-36.8,0.5,,,,
27.685,6,Atta_6,1913.0,1828.3,315.3,-26.9,-5.9,,,,
27.685,7,Atta_7,148.9,260.5,266.0,64.8,-3.0,,,,
27.685,8,Atta_8,1062.4,2510.4,24.5,-9.6,-6.7,,,,
27.685,9,Atta_9,591.0,1789.8,129.9,-59.6,-3.9,,,,
27.685,10,Atta_10,183.5,2658.3,120.4,-13.4,0.2,,,,
27.752,1,Atta_1,1305.2,508.3,182.5,31.1,-1.4,,,,
27.752,2,Atta_2,337.9,211.5,9.5,-26.2,-7.8,,,,
27.752,3,Atta_3,444.4,2037.8,63.6,58.6,0.0,,,,
27.752,4,Atta_4,1747.9,1001.9,316.9,53.7,0.3,,,,
27.752,5,Atta_5,545.5,124.2,146.9,79.7,7.3,,,,
27.752,6,Atta_6,1880.2,1780.3,312.6,58.1,-2.7,,,,
27.752,7,Atta_7,101.2,229.1,268.3,57.1,2.3,,,,
27.752,8,Atta_8,1130.2,2453.7,28.5,88.4,4.0,,,,
27.752,9,Atta_9,573.2,1833.0,119.5,46.7,-10.4,,,,
27.752,10,Atta_10,148.3,2632.6,117.2,-43.6,-3.2,,,,
27.818,1,Atta_1,1320.3,555.8,178.5,-49.8,-4.0,,,,
27.818,2,Atta_2,337.5,193.1,7.0,-18.4,-2.5,,,,
27.818,3,Atta_3,454.3,1955.0,66.2,-83.4,2.6,,,,
27.818,4,Atta_4,1748.1,962.6,309.5,39.3,-7.4,,,,
27.818,5,Atta_5,489.7,130.8,148.7,56.2,1.8,,,,
27.818,6,Atta_6,1881.4,1822.3,308.0,-42.0,-4.6,,,,
27.818,7,Atta_7,119.9,260.0,267.5,-36.1,-0.8,,,,
27.818,8,Atta_8,1045.5,2524.4,26.3,-110.3,-2.2,,,,
27.818,9,Atta_9,608.8,1780.6,121.3,-63.3,1.8,,,,
27.818,10,Atta_10,141.1,2669.8,117.8,37.9,0.6,,,,
27.888,1,Atta_1,1318.9,485.2,173.3,-70.6,-5.2,,,,
27.888,2,Atta_2,351.0,224.3,2.6,34.0,-4.4,,,,
27.888,3,Atta_3,444.8,1967.7,64.9,15.9,-1.3,,,,
27.888,4,Atta_4,1792.2,1025.6,304.0,-76.9,-5.5,,,,
27.888,5,Atta_5,456.6,137.1,149.9,33.7,1.2,,,,
27.888,6,Atta_6,1926.0,1801.2,303.0,49.3,-5.0,,,,
27.888,7,Atta_7,58.8,217.8,264.9,74.3,-2.6,,,,
27.888,8,Atta_8,1158.3,2556.2,27.2,117.2,0.9,,,,
27.888,9,Atta_9,564.7,1848.2,114.4,80.7,-6.9,,,,
27.888,10,Atta_10,140.8,2684.4,119.7,14.6,1.9,,,,
27.955,1,Atta_1,1292.5,490.6,169.6,26.9,-3.7,,,,
27.955,2,Atta_2,322.5,180.8,357.6,-52.0,-5.0,,,,
27.955,3,Atta_3,503.9,1987.5,63.2,62.3,-1.7,,,,
27.955,4,Atta_4,1788.0,968.4,300.8,57.4,-3.2,,,,
27.955,5,Atta_5,476.0,134.0,145.8,-19.6,-4.1,,,,
27.955,6,Atta_6,1925.5,1837.9,301.1,-36.7,-1.9,,,,
27.955,7,Atta_7,119.5,210.5,268.3,61.1,3.4,,,,
27.955,8,Atta_8,1122.0,2540.4,29.4,-39.6,2.2,,,,
27.955,9,Atta_9,579.1,1846.5,112.7,-14.5,-1.7,,,,
27.955,10,Atta_10,123.8,2723.2,117.5,42.4,-2.2,,,,
28.01,1,Atta_1,1378.1,537.0,158.6,-97.4,-11.0,,,,
28.01,2,Atta_2,304.8,229.7,352.0,-52.0,-5.6,,,,
28.01,3,Atta_3,440.1,1975.6,67.9,-64.9,4.7,,,,
28.01,4,Atta_4,1776.1,1015.3,293.9,-48.4,-6.9,,,,
28.01,5,Atta_5,527.0,124.1,150.0,-52.0,4.2,,,,
28.01,6,Atta_6,1888.2,1814.3,295.4,44.1,-5.7,,,,
28.01,7,Atta_7,112.1,162.4,270.9,48.7,2.6,,,,
28.01,8,Atta_8,1157.3,2501.4,30.6,52.6,1.2,,,,
28.01,9,Atta_9,569.0,1776.0,111.3,-71.2,-1.4,,,,
28.01,10,Atta_10,194.1,2688.0,121.5,-78.6,4.0,,,,
28.078,1,Atta_1,1282.8,531.6,156.9,95.5,-1.7,,,,
28.078,2,Atta_2,369.5,256.7,349.4,70.1,-2.6,,,,
28.078,3,Atta_3,491.5,2005.8,64.5,59.6,-3.4,,,,
28.078,4,Atta_4,1810.3,995.7,292.1,39.4,-1.8,,,,
28.078,5,Atta_5,472.0,143.3,146.8,58.3,-3.2,,,,
28.078,6,Atta_6,1856.5,1798.5,288.5,35.4,-6.9,,,,
28.078,7,Atta_7,84.0,170.3,267.5,-29.2,-3.4,,,,
28.078,8,Atta_8,1152.3,2544.5,29.7,43.4,-0.9,,,,
28.078,9,Atta_9,574.2,1837.8,103.7,62.0,-7.6,,,,
28.078,10,Atta_10,208.5,2679.7,123.6,-16.6,2.1,,,,
28.144,1,Atta_1,1347.9,510.1,153.3,-68.6,-3.6,,,,
28.144,2,Atta_2,358.9,240.2,347.7,-19.6,-1.7,,,,
28.144,3,Atta_3,426.6,1992.3,68.4,-66.3,3.9,,,,
28.144,4,Atta_4,1773.7,959.9,289.7,51.2,-2.4,,,,
28.144,5,Atta_5,485.6,120.6,144.3,-26.5,-2.5,,,,
28.144,6,Atta_6,1874.1,1778.0,286.7,27.0,-1.8,,,,
28.144,7,Atta_7,116.3,110.6,271.7,67.9,4.2,,,,
28.144,8,Atta_8,1147.6,2473.3,27.8,-71.4,-1.9,,,,
28.144,9,Atta_9,571.8,1847.3,100.4,9.8,-3.3,,,,
28.144,10,Atta_10,198.4,2680.0,121.6,10.1,-2.0,,,,
28.211,1,Atta_1,1329.0,497.3,148.6,22.8,-4.7,,,,
28.211,2,Atta_2,346.3,180.8,342.2,60.7,-5.5,,,,
28.211,3,Atta_3,459.5,1986.3,66.7,33.4,-1.7,,,,
28.211,4,Atta_4,1791.0,1018.2,279.0,-60.8,-10.7,,,,
28.211,5,Atta_5,510.7,124.7,147.2,-25.4,2.9,,,,
28.211,6,Atta_6,1913.1,1846.7,282.4,-79.0,-4.3,,,,
28.211,7,Atta_7,92.1,133.6,267.0,-33.4,-4.7,,,,
28.211,8,Atta_8,1213.9,2506.3,24.8,74.1,-3.0,,,,
28.211,9,Atta_9,557.2,1765.3,96.5,-83.3,-3.9,,,,
28.211,10,Atta_10,160.5,2634.8,126.2,-59.0,4.6,,,,
28.279,1,Atta_1,1330.4,544.9,147.6,47.6,-1.0,,,,
28.279,2,Atta_2,336.4,185.7,340.8,-11.0,-1.4,,,,
28.279,3,Atta_3,439.2,2041.6,67.7,58.9,1.0,,,,
28.279,4,Atta_4,1741.9,934.6,277.3,97.0,-1.7,,,,
28.279,5,Atta_5,483.3,148.2,145.2,36.1,-2.0,,,,
28.279,6,Atta_6,1898.2,1807.4,276.4,42.0,-6.0,,,,
28.279,7,Atta_7,122.2,176.7,267.5,-52.6,0.5,,,,
28.279,8,Atta_8,1168.7,2582.7,29.0,-88.8,4.2,,,,
28.279,9,Atta_9,532.3,1784.0,89.9,31.1,-6.6,,,,
28.279,10,Atta_10,164.7,2615.3,123.6,-19.9,-2.6,,,,
28.346,1,Atta_1,1295.0,549.6,142.3,35.7,-5.3,,,,
28.346,2,Atta_2,365.2,243.1,339.6,64.2,-1.2,,,,
28.346,3,Atta_3,510.9,2060.4,68.4,74.1,0.7,,,,
28.346,4,Atta_4,1797.7,1022.4,274.2,-104.0,-3.1,,,,
28.346,5,Atta_5,425.3,151.3,145.3,58.1,0.1,,,,
28.346,6,Atta_6,1945.2,1788.0,271.6,50.8,-4.8,,,,
28.346,7,Atta_7,150.1,201.9,268.4,-37.6,0.9,,,,
28.346,8,Atta_8,1130.0,2565.7,27.7,-42.3,-1.3,,,,
28.346,9,Atta_9,624.7,1806.1,86.1,95.0,-3.8,,,,
28.346,10,Atta_10,230.3,2633.4,124.9,-68.1,1.3,,,,
28.396,1,Atta_1,1346.2,513.2,133.8,-62.8,-8.5,,,,
28.396,2,Atta_2,316.1,227.0,338.6,-51.7,-1.0,,,,
28.396,3,Atta_3,497.3,2043.0,70.2,-22.1,1.8,,,,
28.396,4,Atta_4,1707.1,1107.6,269.5,-124.4,-4.7,,,,
28.396,5,Atta_5,465.8,147.4,147.2,-40.7,1.9,,,,
28.396,6,Atta_6,1920.9,1804.0,265.9,-29.1,-5.7,,,,
28.396,7,Atta_7,70.8,68.9,268.5,154.8,0.1,,,,
28.396,8,Atta_8,1198.0,2543.2,29.2,71.6,1.5,,,,
28.396,9,Atta_9,584.4,1830.8,84.3,47.3,-1.8,,,,
28.396,10,Atta_10,151.0,2640.9,125.3,79.7,0.4,,,,
28.462,1,Atta_1,1334.7,465.1,130.4,-49.5,-3.4,,,,
28.462,2,Atta_2,307.1,221.3,338.0,-10.7,-0.6,,,,
28.462,3,Atta_3,483.9,2091.7,67.9,50.5,-2.3,,,,
28.462,4,Atta_4,1743.8,984.7,263.2,128.3,-6.3,,,,
28.462,5,Atta_5,524.5,107.9,147.7,-70.8,0.5,,,,
28.462,6,Atta_6,1906.0,1773.8,264.7,33.7,-1.2,,,,
28.462,7,Atta_7,84.6,115.0,268.9,-48.1,0.4,,,,
28.462,8,Atta_8,1183.6,2514.1,30.9,-32.5,1.7,,,,
28.462,9,Atta_9,626.9,1805.2,90.1,-49.6,5.8,,,,
28.462,10,Atta_10,199.4,2611.5,127.1,-56.6,1.8,,,,
28.532,1,Atta_1,1323.5,551.2,128.1,86.8,-2.3,,,,
28.532,2,Atta_2,365.9,181.2,342.1,71.2,4.1,,,,
28.532,3,Atta_3,520.7,2114.6,64.3,43.3,-3.6,,,,
28.532,4,Atta_4,1767.2,1000.6,260.9,-28.3,-2.3,,,,
28.532,5,Atta_5,474.2,103.8,143.6,50.5,-4.1,,,,
28.532,6,Atta_6,1846.1,1744.3,259.6,66.8,-5.1,,,,
28.532,7,Atta_7,95.8,89.4,272.0,27.9,3.1,,,,
28.532,8,Atta_8,1260.4,2600.5,25.7,115.6,-5.2,,,,
28.532,9,Atta_9,573.1,1802.3,84.8,-53.9,-5.3,,,,
28.532,10,Atta_10,155.2,2644.4,130.5,55.1,3.4,,,,
28.601,1,Atta_1,1334.7,462.6,122.3,-89.3,-5.8,,,,
28.601,2,Atta_2,412.6,161.9,341.2,50.5,-0.9,,,,
28.601,3,Atta_3,473.9,2037.9,67.9,-89.9,3.6,,,,
28.601,4,Atta_4,1785.1,953.4,263.3,50.5,2.4,,,,
28.601,5,Atta_5,511.8,103.4,142.9,-37.6,-0.7,,,,
28.601,6,Atta_6,1948.1,1830.8,255.0,-133.7,-4.6,,,,
28.601,7,Atta_7,80.7,105.7,264.1,-22.2,-7.9,,,,
28.601,8,Atta_8,1184.7,2569.9,27.8,-81.7,2.1,,,,
28.601,9,Atta_9,605.3,1803.8,79.5,32.2,-5.3,,,,
28.601,10,Atta_10,148.6,2592.5,134.5,-52.3,4.0,,,,
28.67,1,Atta_1,1308.8,593.5,119.7,133.4,-2.6,,,,
28.67,2,Atta_2,357.0,223.9,341.2,-83.3,0.0,,,,
28.67,3,Atta_3,477.5,2137.8,67.6,100.0,-0.3,,,,
28.67,4,Atta_4,1771.4,1051.5,263.0,-99.1,-0.3,,,,
28.67,5,Atta_5,600.8,95.8,141.7,-89.3,-1.2,,,,
28.67,6,Atta_6,1892.1,1836.2,254.2,56.3,-0.8,,,,
28.67,7,Atta_7,132.6,123.7,265.2,-54.9,1.1,,,,
28.67,8,Atta_8,1201.4,2570.5,23.1,16.7,-4.7,,,,
28.67,9,Atta_9,601.4,1834.0,82.6,30.5,3.1,,,,
28.67,10,Atta_10,200.7,2586.8,138.6,-52.4,4.1,,,,
28.736,1,Atta_1,1361.8,563.9,113.8,-60.7,-5.9,,,,
28.736,2,Atta_2,385.8,177.8,337.8,54.4,-3.4,,,,
28.736,3,Atta_3,529.9,2114.3,64.9,-57.4,-2.7,,,,
28.736,4,Atta_4,1742.5,1007.2,261.7,52.9,-1.3,,,,
28.736,5,Atta_5,579.5,93.7,140.9,21.4,-0.8,,,,
28.736,6,Atta_6,1929.5,1837.6,249.4,-37.4,-4.8,,,,
28.736,7,Atta_7,68.1,52.0,266.3,96.4,1.1,,,,
28.736,8,Atta_8,1249.2,2579.4,20.6,48.6,-2.5,,,,
28.736,9,Atta_9,565.2,1815.0,79.1,-40.9,-3.5,,,,
28.736,10,Atta_10,190.3,2631.3,142.8,45.7,4.2,,,,
28.801,1,Atta_1,1358.3,506.9,108.2,-57.1,-5.6,,,,
28.801,2,Atta_2,386.2,201.1,341.2,-23.3,3.4,,,,
28.801,3,Atta_3,530.3,2102.7,66.5,-11.6,1.6,,,,
28.801,4,Atta_4,1748.2,1015.7,259.4,-10.2,-2.3,,,,
28.801,5,Atta_5,519.4,90.0,134.2,60.2,-6.7,,,,
28.801,6,Atta_6,1888.4,1809.3,242.1,49.9,-7.3,,,,
28.801,7,Atta_7,101.6,150.0,270.1,-103.6,3.8,,,,
28.801,8,Atta_8,1242.5,2624.5,13.1,45.6,-7.5,,,,
28.801,9,Atta_9,557.7,1800.7,75.5,-16.1,-3.6,,,,
28.801,10,Atta_10,281.8,2668.8,146.5,-98.9,3.7,,,,
28.87,1,Atta_1,1328.0,488.0,112.6,-35.7,4.4,,,,
28.87,2,Atta_2,372.5,207.0,337.9,-14.9,-3.3,,,,
28.87,3,Atta_3,562.2,2133.3,68.1,44.2,1.6,,,,
28.87,4,Atta_4,1747.2,950.3,264.0,65.4,4.6,,,,
28.87,5,Atta_5,504.4,107.7,131.3,23.2,-2.9,,,,
28.87,6,Atta_6,1899.0,1777.4,239.6,33.6,-2.5,,,,
28.87,7,Atta_7,54.0,170.2,267.3,-51.7,-2.8,,,,
28.87,8,Atta_8,1209.2,2552.7,8.7,-79.1,-4.4,,,,
28.87,9,Atta_9,530.5,1813.3,73.2,30.0,-2.3,,,,
28.87,10,Atta_10,217.6,2630.9,153.6,74.6,7.1,,,,
28.938,1,Atta_1,1384.2,509.9,110.8,-60.3,-1.8,,,,
28.938,2,Atta_2,434.3,192.9,338.4,63.4,0.5,,,,
28.938,3,Atta_3,576.3,2156.8,64.5,27.4,-3.6,,,,
28.938,4,Atta_4,1802.4,997.5,261.5,-72.6,-2.5,,,,
28.938,5,Atta_5,520.0,66.1,126.9,-44.4,-4.4,,,,
28.938,6,Atta_6,1897.7,1769.8,234.1,7.7,-5.5,,,,
28.938,7,Atta_7,111.0,176.5,271.4,-57.3,4.1,,,,
28.938,8,Atta_8,1217.9,2629.6,6.9,77.4,-1.8,,,,
28.938,9,Atta_9,566.7,1793.1,66.8,-41.5,-6.4,,,,
28.938,10,Atta_10,181.6,2595.8,156.4,50.3,2.8,,,,
28.999,1,Atta_1,1351.4,503.3,113.0,33.5,2.2,,,,
28.999,2,Atta_2,380.5,140.9,337.5,-74.8,-0.9,,,,
28.999,3,Atta_3,547.5,2100.0,67.1,-63.7,2.6,,,,
28.999,4,Atta_4,1764.7,986.8,265.8,39.2,4.3,,,,
28.999,5,Atta_5,530.2,83.8,124.2,20.4,-2.7,,,,
28.999,6,Atta_6,1903.5,1795.2,231.1,-26.1,-3.0,,,,
28.999,7,Atta_7,67.6,234.4,263.7,-72.4,-7.7,,,,
28.999,8,Atta_8,1249.9,2600.5,0.1,43.3,-6.8,,,,
28.999,9,Atta_9,568.8,1808.1,57.6,15.1,-9.2,,,,
28.999,10,Atta_10,166.1,2685.9,160.3,91.4,3.9,,,,
29.117,1,Atta_1,1315.2,545.7,112.8,55.8,-0.2,,,,
29.117,2,Atta_2,377.3,121.2,337.8,20.0,0.3,,,,
29.117,3,Atta_3,499.2,2197.3,67.4,108.6,0.3,,,,
29.117,4,Atta_4,1748.3,942.3,259.3,47.4,-6.5,,,,
29.117,5,Atta_5,498.4,95.9,119.8,34.0,-4.4,,,,
29.117,6,Atta_6,1914.2,1805.4,221.5,-14.8,-9.6,,,,
29.117,7,Atta_7,93.1,179.6,261.1,60.4,-2.6,,,,
29.117,8,Atta_8,1254.2,2591.3,355.2,10.2,-4.9,,,,
29.117,9,Atta_9,549.0,1823.1,56.9,24.8,-0.7,,,,
29.117,10,Atta_10,195.7,2656.0,165.0,-42.1,4.7,,,,
29.185,1,Atta_1,1287.7,528.5,113.0,-32.4,0.2,,,,
29.185,2,Atta_2,432.4,266.8,334.2,-155.7,-3.6,,,,
29.185,3,Atta_3,537.8,2135.2,66.5,-73.1,-0.9,,,,
29.185,4,Atta_4,1740.4,989.4,263.4,-47.8,4.1,,,,
29.185,5,Atta_5,504.8,139.8,113.5,44.4,-6.3,,,,
29.185,6,Atta_6,1922.9,1811.3,219.7,-10.5,-1.8,,,,
29.185,7,Atta_7,97.8,131.1,259.4,48.7,-1.7,,,,
29.185,8,Atta_8,1245.5,2620.0,349.1,-30.0,-6.1,,,,
29.185,9,Atta_9,574.5,1791.8,56.3,-40.4,-0.6,,,,
29.185,10,Atta_10,253.5,2630.3,176.0,-63.3,11.0,,,,
29.251,1,Atta_1,1318.6,548.4,110.6,36.8,-2.4,,,,
29.251,2,Atta_2,390.8,175.1,334.3,100.7,0.1,,,,
29.251,3,Atta_3,521.9,2187.4,68.8,54.6,2.3,,,,
29.251,4,Atta_4,1792.0,967.3,257.8,56.1,-5.6,,,,
29.251,5,Atta_5,542.4,94.9,113.3,-58.6,-0.2,,,,
29.251,6,Atta_6,1880.8,1832.4,214.1,47.1,-5.6,,,,
29.251,7,Atta_7,112.7,166.3,250.0,-38.2,-9.4,,,,
29.251,8,Atta_8,1210.2,2587.7,346.7,-47.8,-2.4,,,,
29.251,9,Atta_9,586.0,1838.5,53.9,48.1,-2.4,,,,
29.251,10,Atta_10,236.2,2687.9,178.1,60.1,2.1,,,,
29.317,1,Atta_1,1346.0,548.9,110.6,-27.4,0.0,,,,
29.317,2,Atta_2,375.5,234.5,333.4,-61.3,-0.9,,,,
29.317,3,Atta_3,581.0,2176.6,63.0,60.1,-5.8,,,,
29.317,4,Atta_4,1729.7,885.4,260.6,102.9,2.8,,,,
29.317,5,Atta_5,501.7,111.4,105.9,43.9,-7.4,,,,
29.317,6,Atta_6,1981.6,1809.4,212.7,-103.4,-1.4,,,,
29.317,7,Atta_7,99.0,167.5,248.7,13.8,-1.3,,,,
29.317,8,Atta_8,1218.9,2560.4,341.1,28.7,-5.6,,,,
29.317,9,Atta_9,581.8,1813.2,58.3,-25.6,4.4,,,,
29.317,10,Atta_10,196.2,2629.8,180.0,70.5,1.9,,,,
29.384,1,Atta_1,1234.3,569.8,111.4,113.6,0.8,,,,
29.384,2,Atta_2,364.5,136.8,334.2,98.3,0.8,,,,
29.384,3,Atta_3,587.6,2218.2,65.1,42.1,2.1,,,,
29.384,4,Atta_4,1754.5,930.4,261.9,-51.4,1.3,,,,
29.384,5,Atta_5,522.0,117.0,102.7,-21.1,-3.2,,,,
29.384,6,Atta_6,1983.1,1761.9,207.2,47.5,-5.5,,,,
29.384,7,Atta_7,81.9,236.6,242.4,-71.2,-6.3,,,,
29.384,8,Atta_8,1199.3,2593.3,333.7,-38.3,-7.4,,,,
29.384,9,Atta_9,540.8,1782.4,55.8,-51.3,-2.5,,,,
29.384,10,Atta_10,115.0,2653.2,178.3,84.5,-1.7,,,,
29.44,1,Atta_1,1344.5,521.2,110.5,-120.4,-0.9,,,,
29.44,2,Atta_2,341.9,219.3,334.5,-85.5,0.3,,,,
29.44,3,Atta_3,559.0,2198.4,66.4,-34.8,1.3,,,,
29.44,4,Atta_4,1759.6,909.3,259.2,21.7,-2.7,,,,
29.44,5,Atta_5,506.0,76.7,97.8,-43.4,-4.9,,,,
29.44,6,Atta_6,1916.2,1801.5,201.2,77.7,-6.0,,,,
29.44,7,Atta_7,118.3,183.4,236.8,64.5,-5.6,,,,
29.44,8,Atta_8,1221.6,2596.3,336.8,22.5,3.1,,,,
29.44,9,Atta_9,595.7,1824.4,55.2,69.1,-0.6,,,,
29.44,10,Atta_10,173.3,2628.7,180.2,-63.2,1.9,,,,
29.509,1,Atta_1,1315.9,650.3,108.6,132.2,-1.9,,,,
29.509,2,Atta_2,344.4,200.4,337.8,19.1,3.3,,,,
29.509,3,Atta_3,595.7,2190.7,64.9,37.5,-1.5,,,,
29.509,4,Atta_4,1730.9,903.3,264.1,29.3,4.9,,,,
29.509,5,Atta_5,511.7,131.1,94.5,54.7,-3.3,,,,
29.509,6,Atta_6,1935.8,1794.0,197.4,-21.0,-3.8,,,,
29.509,7,Atta_7,67.9,198.6,234.2,52.6,-2.6,,,,
29.509,8,Atta_8,1252.1,2592.7,331.2,30.7,-5.6,,,,
29.509,9,Atta_9,543.2,1841.9,59.0,-55.3,3.8,,,,
29.509,10,Atta_10,186.6,2586.2,178.9,-44.5,-1.3,,,,
29.579,1,Atta_1,1333.5,650.6,112.5,-17.6,3.9,,,,
29.579,2,Atta_2,340.9,216.3,335.6,-16.3,-2.2,,,,
29.579,3,Atta_3,570.9,2296.9,64.6,109.1,-0.3,,,,
29.579,4,Atta_4,1810.0,847.5,265.0,96.8,0.9,,,,
29.579,5,Atta_5,543.2,122.5,87.3,-32.7,-7.2,,,,
29.579,6,Atta_6,1875.5,1790.3,194.4,60.4,-3.0,,,,
29.579,7,Atta_7,79.5,166.8,226.9,33.8,-7.3,,,,
29.579,8,Atta_8,1195.3,2590.7,328.6,-56.8,-2.6,,,,
29.579,9,Atta_9,565.9,1815.6,59.5,-34.7,0.5,,,,
29.579,10,Atta_10,197.1,2662.6,182.0,-77.1,3.1,,,,
29.646,1,Atta_1,1311.1,600.3,113.7,-55.1,1.2,,,,
29.646,2,Atta_2,360.2,235.3,338.5,27.1,2.9,,,,
29.646,3,Atta_3,622.3,2214.0,65.7,-97.5,1.1,,,,
29.646,4,Atta_4,1785.9,849.0,262.7,24.1,-2.3,,,,
29.646,5,Atta_5,502.0,79.1,86.1,-59.8,-1.2,,,,
29.646,6,Atta_6,1931.3,1838.1,198.4,-73.5,4.0,,,,
29.646,7,Atta_7,72.8,191.0,226.3,-25.1,-0.6,,,,
29.646,8,Atta_8,1185.5,2573.6,333.3,19.7,4.7,,,,
29.646,9,Atta_9,589.0,1872.7,53.1,61.6,-6.4,,,,
29.646,10,Atta_10,210.7,2606.7,179.7,-57.5,-2.3,,,,
29.713,1,Atta_1,1282.7,622.5,108.2,36.0,-5.5,,,,
29.713,2,Atta_2,307.6,257.7,339.6,-57.2,1.1,,,,
29.713,3,Atta_3,580.1,2265.1,64.3,66.3,-1.4,,,,
29.713,4,Atta_4,1734.1,870.0,262.9,-55.9,0.2,,,,
29.713,5,Atta_5,522.7,95.2,85.5,26.2,-0.6,,,,
29.713,6,Atta_6,1933.7,1781.1,197.2,57.1,-1.2,,,,
29.713,7,Atta_7,23.3,167.4,221.7,54.8,-4.6,,,,
29.713,8,Atta_8,1243.6,2572.8,330.6,58.1,-2.7,,,,
29.713,9,Atta_9,570.8,1862.0,58.0,-21.1,4.9,,,,
29.713,10,Atta_10,182.4,2625.8,179.6,34.1,-0.1,,,,
29.781,1,Atta_1,1306.9,667.1,111.6,50.7,3.4,,,,
29.781,2,Atta_2,265.9,195.5,337.7,-74.9,-1.9,,,,
29.781,3,Atta_3,610.0,2299.2,65.9,45.4,1.6,,,,
29.781,4,Atta_4,1810.8,904.2,260.2,-84.0,-2.7,,,,
29.781,5,Atta_5,500.3,121.6,86.9,34.6,1.4,,,,
29.781,6,Atta_6,1916.8,1788.2,199.0,18.3,1.8,,,,
29.781,7,Atta_7,151.6,208.6,215.1,-134.8,-6.6,,,,
29.781,8,Atta_8,1238.6,2602.7,331.4,-30.3,0.8,,,,
29.781,9,Atta_9,631.5,1862.8,58.2,60.7,0.2,,,,
29.781,10,Atta_10,121.1,2591.3,182.3,70.3,2.7,,,,
29.843,1,Atta_1,1273.5,638.0,109.5,-44.3,-2.1,,,,
29.843,2,Atta_2,287.3,237.8,336.6,47.4,-1.1,,,,
29.843,3,Atta_3,584.7,2296.7,67.4,-25.4,1.5,,,,
29.843,4,Atta_4,1745.0,822.6,261.4,104.8,1.2,,,,
29.843,5,Atta_5,549.0,88.4,86.3,-58.9,-0.6,,,,
29.843,6,Atta_6,1921.0,1785.2,198.9,-5.2,-0.1,,,,
29.843,7,Atta_7,71.6,132.4,212.7,110.5,-2.4,,,,
29.843,8,Atta_8,1214.6,2535.6,329.0,71.3,-2.4,,,,
29.843,9,Atta_9,651.5,1883.1,55.3,28.5,-2.9,,,,
29.843,10,Atta_10,146.5,2720.1,176.3,-131.3,-6.0,,,,
29.912,1,Atta_1,1286.3,667.4,111.8,32.1,2.3,,,,
29.912,2,Atta_2,263.3,239.6,333.1,-24.1,-3.5,,,,
29.912,3,Atta_3,600.6,2286.4,67.9,-18.9,0.5,,,,
29.912,4,Atta_4,1716.2,840.5,262.2,-33.9,0.8,,,,
29.912,5,Atta_5,487.2,47.7,83.6,-74.0,-2.7,,,,
29.912,6,Atta_6,1948.4,1775.9,203.2,-28.9,4.3,,,,
29.912,7,Atta_7,135.4,180.3,212.3,-79.8,-0.4,,,,
29.912,8,Atta_8,1198.4,2603.5,334.2,-69.8,5.2,,,,
29.912,9,Atta_9,585.7,1866.5,52.2,-67.9,-3.1,,,,
29.912,10,Atta_10,135.7,2609.6,177.8,111.0,1.5,,,,
29.978,1,Atta_1,1260.1,718.2,110.0,57.2,-1.8,,,,
29.978,2,Atta_2,280.4,219.0,336.6,26.8,3.5,,,,
29.978,3,Atta_3,611.6,2291.1,66.6,12.0,-1.3,,,,
29.978,4,Atta_4,1741.4,849.8,261.5,-26.9,-0.7,,,,
29.978,5,Atta_5,546.4,69.0,83.4,62.9,-0.2,,,,
29.978,6,Atta_6,1914.1,1789.7,209.8,37.0,6.6,,,,
29.978,7,Atta_7,41.8,138.6,211.6,102.5,-0.7,,,,
29.978,8,Atta_8,1244.7,2582.4,329.4,50.9,-4.8,,,,
29.978,9,Atta_9,617.2,1897.4,54.1,44.1,1.9,,,,
29.978,10,Atta_10,117.2,2658.1,180.6,51.9,2.8,,,,
30.064,1,Atta_1,1245.6,702.1,113.3,-21.7,3.3,,,,
30.064,2,Atta_2,271.5,268.2,340.7,-50.0,4.1,,,,
30.064,3,Atta_3,587.9,2253.3,65.8,-44.6,-0.8,,,,
30.064,4,Atta_4,1692.0,757.5,261.5,104.7,0.0,,,,
30.064,5,Atta_5,545.0,158.8,88.6,89.8,5.2,,,,
30.064,6,Atta_6,1880.2,1818.3,210.0,44.4,0.2,,,,
30.064,7,Atta_7,150.6,194.1,211.7,-122.1,0.1,,,,
30.064,8,Atta_8,1244.9,2547.2,334.2,35.2,4.8,,,,
30.064,9,Atta_9,677.8,1850.3,52.9,-76.8,-1.2,,,,
30.064,10,Atta_10,133.0,2700.8,181.9,-45.5,1.3,,,,
30.134,1,Atta_1,1285.5,701.3,111.8,-39.9,-1.5,,,,
30.134,2,Atta_2,306.8,266.2,345.0,35.4,4.3,,,,
30.134,3,Atta_3,555.0,2359.2,63.9,110.9,-1.9,,,,
30.134,4,Atta_4,1720.0,791.9,262.4,-44.4,0.9,,,,
30.134,5,Atta_5,621.1,115.0,83.9,-87.8,-4.7,,,,
30.134,6,Atta_6,1898.2,1797.6,215.9,-27.4,5.9,,,,
30.134,7,Atta_7,81.4,204.5,215.1,70.0,3.4,,,,
30.134,8,Atta_8,1258.1,2597.1,331.9,-51.6,-2.3,,,,
30.134,9,Atta_9,604.5,1972.9,58.2,142.8,5.3,,,,
30.134,10,Atta_10,44.8,2638.3,181.2,108.1,-0.7,,,,
30.204,1,Atta_1,1280.6,725.7,110.4,24.9,-1.4,,,,
30.204,2,Atta_2,211.1,188.1,352.3,-123.5,7.3,,,,
30.204,3,Atta_3,563.2,2303.7,67.3,-56.1,3.4,,,,
30.204,4,Atta_4,1753.3,743.4,261.0,58.8,-1.4,,,,
30.204,5,Atta_5,544.3,147.2,87.2,83.3,3.3,,,,
30.204,6,Atta_6,1887.4,1756.9,220.9,42.1,5.0,,,,
30.204,7,Atta_7,23.2,203.7,204.2,58.2,-10.9,,,,
30.204,8,Atta_8,1280.6,2490.2,331.7,109.2,-0.2,,,,
30.204,9,Atta_9,684.7,1845.2,55.0,-150.8,-3.2,,,,
30.204,10,Atta_10,161.1,2649.6,182.8,-116.8,1.6,,,,
30.275,1,Atta_1,1247.5,695.6,113.1,-44.7,2.7,,,,
30.275,2,Atta_2,189.9,256.3,359.7,-71.4,7.4,,,,
30.275,3,Atta_3,669.7,2341.9,66.6,113.1,-0.7,,,,
30.275,4,Atta_4,1721.8,793.5,262.6,-59.2,1.6,,,,
30.275,5,Atta_5,546.9,181.4,86.8,34.3,-0.4,,,,
30.275,6,Atta_6,1900.5,1843.4,230.4,-87.5,9.5,,,,
30.275,7,Atta_7,112.0,199.5,211.9,-88.9,7.7,,,,
30.275,8,Atta_8,1296.6,2587.5,330.5,-98.6,-1.2,,,,
30.275,9,Atta_9,593.3,1917.1,54.6,116.3,-0.4,,,,
30.275,10,Atta_10,126.5,2616.9,175.0,47.6,-7.8,,,,
30.341,1,Atta_1,1319.6,718.5,113.6,-75.6,0.5,,,,
30.341,2,Atta_2,299.1,257.8,6.6,109.2,6.9,,,,
30.341,3,Atta_3,651.4,2384.9,61.8,46.7,-4.8,,,,
30.341,4,Atta_4,1685.0,761.8,260.5,48.6,-2.1,,,,
30.341,5,Atta_5,518.2,154.4,86.7,-39.4,-0.1,,,,
30.341,6,Atta_6,1870.8,1795.9,232.7,56.0,2.3,,,,
30.341,7,Atta_7,69.7,156.6,209.2,60.2,-2.7,,,,
30.341,8,Atta_8,1310.9,2580.6,330.3,15.9,-0.2,,,,
30.341,9,Atta_9,680.6,1911.9,55.1,87.5,0.5,,,,
30.341,10,Atta_10,102.8,2687.5,180.5,74.5,5.5,,,,
30.407,1,Atta_1,1278.0,696.8,114.0,-46.9,0.4,,,,
30.407,2,Atta_2,317.3,222.2,7.5,40.0,0.9,,,,
30.407,3,Atta_3,609.5,2348.0,72.2,-55.8,10.4,,,,
30.407,4,Atta_4,1734.0,695.8,263.8,82.2,3.3,,,,
30.407,5,Atta_5,541.1,195.6,88.3,47.1,1.6,,,,
30.407,6,Atta_6,1892.9,1816.2,240.8,-30.0,8.1,,,,
30.407,7,Atta_7,123.2,215.8,211.9,-79.8,2.7,,,,
30.407,8,Atta_8,1353.5,2525.2,330.8,69.9,0.5,,,,
30.407,9,Atta_9,664.6,1952.8,54.0,43.9,-1.1,,,,
30.407,10,Atta_10,53.1,2637.1,176.8,70.8,-3.7,,,,
30.475,1,Atta_1,1244.5,741.6,113.6,55.9,-0.4,,,,
30.475,2,Atta_2,298.6,275.0,13.5,-56.0,6.0,,,,
30.475,3,Atta_3,642.9,2393.3,67.5,56.3,-4.7,,,,
30.475,4,Atta_4,1704.5,700.4,261.5,-29.9,-2.3,,,,
30.475,5,Atta_5,478.2,201.1,87.3,63.1,-1.0,,,,
30.475,6,Atta_6,1915.1,1816.3,242.6,-22.2,1.8,,,,
30.475,7,Atta_7,92.8,222.1,213.5,31.0,1.6,,,,
30.475,8,Atta_8,1276.0,2496.5,327.2,-82.6,-3.6,,,,
30.475,9,Atta_9,672.4,1952.6,55.5,7.8,1.5,,,,
30.475,10,Atta_10,142.8,2601.2,175.5,-96.6,-1.3,,,,
30.541,1,Atta_1,1235.6,761.9,110.8,22.2,-2.8,,,,
30.541,2,Atta_2,351.4,212.9,18.6,81.5,5.1,,,,
30.541,3,Atta_3,622.8,2357.0,65.5,-41.5,-2.0,,,,
30.541,4,Atta_4,1690.4,733.4,260.3,-35.9,-1.2,,,,
30.541,5,Atta_5,556.4,212.2,88.4,79.0,1.1,,,,
30.541,6,Atta_6,1890.2,1754.9,247.6,66.3,5.0,,,,
30.541,7,Atta_7,128.6,216.8,211.0,-36.2,-2.5,,,,
30.541,8,Atta_8,1337.0,2519.7,329.7,65.3,2.5,,,,
30.541,9,Atta_9,697.2,1923.2,55.2,-38.5,-0.3,,,,
30.541,10,Atta_10,120.5,2657.1,180.8,60.2,5.3,,,,
30.608,1,Atta_1,1255.8,778.8,114.7,26.3,3.9,,,,
30.608,2,Atta_2,270.5,258.7,23.5,-93.0,4.9,,,,
30.608,3,Atta_3,701.2,2437.9,67.4,112.7,1.9,,,,
30.608,4,Atta_4,1712.1,722.4,264.8,24.3,4.5,,,,
30.608,5,Atta_5,540.1,219.2,86.8,17.7,-1.6,,,,
30.608,6,Atta_6,1934.2,1784.7,251.7,-53.1,4.1,,,,
30.608,7,Atta_7,156.4,213.8,210.4,-28.0,-0.6,,,,
30.608,8,Atta_8,1417.8,2618.2,331.4,127.4,1.7,,,,
30.608,9,Atta_9,731.8,1974.3,55.1,61.7,-0.1,,,,
30.608,10,Atta_10,187.0,2606.8,177.0,-83.4,-3.8,,,,
30.727,1,Atta_1,1192.2,805.9,114.1,69.1,-0.6,,,,
30.727,2,Atta_2,284.9,185.0,27.2,-75.1,3.7,,,,
30.727,3,Atta_3,636.1,2426.4,63.9,-66.1,-3.5,,,,
30.727,4,Atta_4,1753.8,733.7,267.0,-43.2,2.2,,,,
30.727,5,Atta_5,524.2,223.9,80.8,16.6,-6.0,,,,
30.727,6,Atta_6,1875.6,1804.3,255.3,-61.8,3.6,,,,
30.727,7,Atta_7,192.4,210.6,215.4,-36.1,5.0,,,,
30.727,8,Atta_8,1415.5,2451.4,329.7,166.8,-1.7,,,,
30.727,9,Atta_9,609.7,1962.5,46.4,-122.7,-8.7,,,,
30.727,10,Atta_10,157.0,2668.5,174.2,68.6,-2.8,,,,
30.793,1,Atta_1,1226.6,748.4,113.3,-67.0,-0.8,,,,
30.793,2,Atta_2,280.8,166.6,29.9,-18.9,2.7,,,,
30.793,3,Atta_3,608.0,2429.1,65.8,-28.2,1.9,,,,
30.793,4,Atta_4,1730.8,682.1,271.7,56.5,4.7,,,,
30.793,5,Atta_5,533.7,244.5,80.2,22.7,-0.6,,,,
30.793,6,Atta_6,1911.9,1815.2,259.3,-37.9,4.0,,,,
30.793,7,Atta_7,168.1,233.4,221.6,33.3,6.2,,,,
30.793,8,Atta_8,1399.6,2535.5,327.1,-85.6,-2.6,,,,
30.793,9,Atta_9,733.3,1987.2,42.6,126.0,-3.8,,,,
30.793,10,Atta_10,205.3,2597.2,181.2,-86.1,7.0,,,,
30.863,1,Atta_1,1196.3,745.0,112.6,30.5,-0.7,,,,
30.863,2,Atta_2,261.8,285.3,34.6,120.2,4.7,,,,
30.863,3,Atta_3,687.5,2408.9,65.8,82.0,0.0,,,,
30.863,4,Atta_4,1686.3,736.5,276.5,-70.3,4.8,,,,
30.863,5,Atta_5,546.0,231.7,70.3,-17.8,-9.9,,,,
30.863,6,Atta_6,1905.9,1780.4,266.9,35.3,7.6,,,,
30.863,7,Atta_7,137.8,235.5,220.1,30.4,-1.5,,,,
30.863,8,Atta_8,1412.5,2526.7,330.5,15.6,3.4,,,,
30.863,9,Atta_9,675.4,1955.5,43.7,-66.0,1.1,,,,
30.863,10,Atta_10,186.7,2606.7,179.0,20.9,-2.2,,,,
30.931,1,Atta_1,1219.7,817.8,112.6,76.5,0.0,,,,
30.931,2,Atta_2,293.0,209.3,40.6,-82.2,6.0,,,,
30.931,3,Atta_3,708.3,2444.0,63.6,40.8,-2.2,,,,
30.931,4,Atta_4,1704.9,689.9,282.8,50.2,6.3,,,,
30.931,5,Atta_5,541.7,172.4,66.9,-59.5,-3.4,,,,
30.931,6,Atta_6,1911.8,1748.3,272.3,32.6,5.4,,,,
30.931,7,Atta_7,188.5,204.5,223.8,-59.4,3.7,,,,
30.931,8,Atta_8,1367.9,2490.1,329.0,-57.7,-1.5,,,,
30.931,9,Atta_9,655.8,2006.9,37.4,55.0,-6.3,,,,
30.931,10,Atta_10,213.1,2652.6,179.9,-53.0,0.9,,,,
31.0,1,Atta_1,1220.1,809.1,113.9,-8.7,1.3,,,,
31.0,2,Atta_2,343.3,269.1,43.7,78.1,3.1,,,,
31.0,3,Atta_3,693.2,2479.7,64.9,38.8,1.3,,,,
31.0,4,Atta_4,1716.0,753.7,282.9,-64.8,0.1,,,,
31.0,5,Atta_5,548.1,191.8,64.1,20.4,-2.8,,,,
31.0,6,Atta_6,1867.6,1806.6,276.3,-73.2,4.0,,,,
31.0,7,Atta_7,174.6,198.8,230.3,15.0,6.5,,,,
31.0,8,Atta_8,1436.6,2485.5,326.8,68.9,-2.2,,,,
31.0,9,Atta_9,675.4,1971.5,33.1,-40.5,-4.3,,,,
31.0,10,Atta_10,270.7,2645.0,179.8,-58.1,-0.1,,,,
31.069,1,Atta_1,1247.4,811.1,118.5,-27.4,4.6,,,,
31.069,2,Atta_2,281.8,235.0,47.6,-70.3,3.9,,,,
31.069,3,Atta_3,697.8,2445.5,66.2,-34.5,1.3,,,,
31.069,4,Atta_4,1703.7,727.0,290.2,29.4,7.3,,,,
31.069,5,Atta_5,523.2,226.3,57.8,42.5,-6.3,,,,
31.069,6,Atta_6,1861.1,1783.1,278.0,24.4,1.7,,,,
31.069,7,Atta_7,163.9,179.2,232.9,22.3,2.6,,,,
31.069,8,Atta_8,1391.9,2524.5,331.0,-59.3,4.2,,,,
31.069,9,Atta_9,678.8,1977.3,28.4,6.7,-4.7,,,,
31.069,10,Atta_10,222.9,2679.6,177.3,59.0,-2.5,,,,
31.135,1,Atta_1,1243.6,817.5,115.2,7.4,-3.3,,,,
31.135,2,Atta_2,277.2,219.1,51.9,-16.6,4.3,,,,
31.135,3,Atta_3,680.3,2511.6,63.2,68.4,-3.0,,,,
31.135,4,Atta_4,1750.3,642.6,294.3,96.4,4.1,,,,
31.135,5,Atta_5,556.0,230.3,52.3,33.0,-5.5,,,,
31.135,6,Atta_6,1926.4,1864.0,284.2,-104.0,6.2,,,,
31.135,7,Atta_7,147.2,211.8,240.7,-36.6,7.8,,,,
31.135,8,Atta_8,1383.4,2556.3,325.7,-32.9,-5.3,,,,
31.135,9,Atta_9,670.0,1949.0,23.4,-29.6,-5.0,,,,
31.135,10,Atta_10,275.1,2630.3,171.5,-71.8,-5.8,,,,
31.204,1,Atta_1,1192.5,865.5,116.7,70.1,1.5,,,,
31.204,2,Atta_2,269.8,191.9,53.2,-28.2,1.3,,,,
31.204,3,Atta_3,705.7,2495.6,66.3,-30.0,3.1,,,,
31.204,4,Atta_4,1760.2,714.7,299.6,-72.8,5.3,,,,
31.204,5,Atta_5,585.6,234.2,52.2,29.9,-0.1,,,,
31.204,6,Atta_6,1912.6,1771.4,288.8,93.6,4.6,,,,
31.204,7,Atta_7,195.0,211.9,246.8,-47.8,6.1,,,,
31.204,8,Atta_8,1263.3,2524.6,333.7,-124.2,8.0,,,,
31.204,9,Atta_9,715.1,1971.6,21.0,50.4,-2.4,,,,
31.204,10,Atta_10,247.9,2614.3,169.7,31.6,-1.8,,,,
31.271,1,Atta_1,1218.3,832.7,113.3,-41.7,-3.4,,,,
31.271,2,Atta_2,256.2,248.3,64.3,58.0,11.1,,,,
31.271,3,Atta_3,769.3,2544.0,63.8,79.9,-2.5,,,,
31.271,4,Atta_4,1784.5,720.0,302.9,24.9,3.3,,,,
31.271,5,Atta_5,537.0,271.3,43.9,-61.1,-8.3,,,,
31.271,6,Atta_6,1934.6,1849.9,291.1,-81.5,2.3,,,,
31.271,7,Atta_7,134.3,211.1,249.3,60.7,2.5,,,,
31.271,8,Atta_8,1335.6,2539.8,330.1,73.9,-3.6,,,,
31.271,9,Atta_9,718.7,1962.1,13.6,-10.2,-7.4,,,,
31.271,10,Atta_10,258.8,2653.8,165.0,-41.0,-4.7,,,,
31.342,1,Atta_1,1224.5,856.0,116.4,24.1,3.1,,,,
31.342,2,Atta_2,299.5,245.4,70.8,43.4,6.5,,,,
31.342,3,Atta_3,725.3,2488.9,65.4,-70.5,1.6,,,,
31.342,4,Atta_4,1745.3,709.6,306.8,-40.6,3.9,,,,
31.342,5,Atta_5,547.0,224.7,41.2,-47.7,-2.7,,,,
31.342,6,Atta_6,1953.0,1809.7,299.5,44.2,8.4,,,,
31.342,7,Atta_7,208.1,247.9,254.1,-82.5,4.8,,,,
31.342,8,Atta_8,1310.1,2552.9,328.6,-28.7,-1.5,,,,
31.342,9,Atta_9,676.5,1903.0,11.5,-72.6,-2.1,,,,
31.342,10,Atta_10,269.6,2637.3,160.3,-19.7,-4.7,,,,
31.407,1,Atta_1,1163.8,917.6,112.7,86.5,-3.7,,,,
31.407,2,Atta_2,260.3,231.6,65.4,-41.6,-5.4,,,,
31.407,3,Atta_3,732.0,2549.0,63.3,60.5,-2.1,,,,
31.407,4,Atta_4,1729.8,719.4,315.0,-18.3,8.2,,,,
31.407,5,Atta_5,530.0,220.7,37.1,-17.5,-4.1,,,,
31.407,6,Atta_6,1906.4,1825.2,301.4,-49.1,1.9,,,,
31.407,7,Atta_7,121.0,232.3,256.8,88.5,2.7,,,,
31.407,8,Atta_8,1304.9,2468.1,330.9,85.0,2.3,,,,
31.407,9,Atta_9,760.8,1964.2,5.6,104.2,-5.9,,,,
31.407,10,Atta_10,215.6,2632.4,157.4,54.2,-2.9,,,,
31.478,1,Atta_1,1135.8,926.4,117.3,29.4,4.6,,,,
31.478,2,Atta_2,286.1,263.5,70.6,41.0,5.2,,,,
31.478,3,Atta_3,719.1,2569.7,68.2,24.4,4.9,,,,
31.478,4,Atta_4,1659.7,725.1,319.3,-70.3,4.3,,,,
31.478,5,Atta_5,552.4,203.0,30.7,28.5,-6.4,,,,
31.478,6,Atta_6,1919.7,1808.8,307.3,21.1,5.9,,,,
31.478,7,Atta_7,178.2,245.1,265.2,-58.6,8.4,,,,
31.478,8,Atta_8,1317.8,2581.1,322.1,-113.7,-8.8,,,,
31.478,9,Atta_9,642.1,1938.4,0.3,-121.5,-5.3,,,,
31.478,10,Atta_10,247.0,2589.9,151.3,-52.8,-6.1,,,,
31.546,1,Atta_1,1202.3,918.2,113.1,-67.0,-4.2,,,,
31.546,2,Atta_2,307.6,213.0,67.7,-54.9,-2.9,,,,
31.546,3,Atta_3,688.2,2544.7,65.6,-39.7,-2.6,,,,
31.546,4,Atta_4,1723.9,781.6,322.0,85.5,2.7,,,,
31.546,5,Atta_5,536.0,190.4,24.8,-20.7,-5.9,,,,
31.546,6,Atta_6,1918.2,1787.4,311.2,21.5,3.9,,,,
31.546,7,Atta_7,179.9,201.1,268.4,44.0,3.2,,,,
31.546,8,Atta_8,1350.4,2540.9,318.1,51.8,-4.0,,,,
31.546,9,Atta_9,731.1,1992.2,355.7,104.0,-4.6,,,,
31.546,10,Atta_10,218.7,2622.7,147.6,43.3,-3.7,,,,
31.606,1,Atta_1,1160.8,886.7,109.0,-52.1,-4.1,,,,
31.606,2,Atta_2,248.9,179.9,65.2,-67.4,-2.5,,,,
31.606,3,Atta_3,722.7,2590.3,63.6,57.2,-2.0,,,,
31.606,4,Atta_4,1686.5,752.3,326.1,-47.5,4.1,,,,
31.606,5,Atta_5,532.7,224.5,24.3,34.3,-0.5,,,,
31.606,6,Atta_6,1933.7,1791.8,316.5,16.1,5.3,,,,
31.606,7,Atta_7,135.1,228.7,268.2,-52.6,-0.2,,,,
31.606,8,Atta_8,1306.4,2551.6,313.8,-45.3,-4.3,,,,
31.606,9,Atta_9,707.1,2003.3,359.2,-26.4,3.5,,,,
31.606,10,Atta_10,272.3,2640.5,140.0,-56.5,-7.6,,,,
31.671,1,Atta_1,1192.9,954.7,115.7,75.2,6.7,,,,
31.671,2,Atta_2,299.3,277.9,70.1,110.2,4.9,,,,
31.671,3,Atta_3,765.7,2555.4,68.1,-55.4,4.5,,,,
31.671,4,Atta_4,1716.5,694.1,328.5,65.5,2.4,,,,
31.671,5,Atta_5,597.3,165.3,14.8,87.6,-9.5,,,,
31.671,6,Atta_6,1840.3,1800.3,318.1,-93.8,1.6,,,,
31.671,7,Atta_7,136.3,208.2,269.6,20.5,1.4,,,,
31.671,8,Atta_8,1293.8,2547.3,308.6,-13.3,-5.2,,,,
31.671,9,Atta_9,676.0,1988.5,2.0,-34.4,2.8,,,,
31.671,10,Atta_10,282.5,2611.3,138.0,-30.9,-2.0,,,,
31.737,1,Atta_1,1144.2,996.2,114.4,64.0,-1.3,,,,
31.737,2,Atta_2,267.4,297.8,69.5,37.6,-0.6,,,,
31.737,3,Atta_3,764.6,2592.8,65.6,37.4,-2.5,,,,
31.737,4,Atta_4,1694.5,706.7,336.4,-25.4,7.9,,,,
31.737,5,Atta_5,569.0,219.4,14.8,-61.1,0.0,,,,
31.737,6,Atta_6,1926.6,1814.3,325.1,87.4,7.0,,,,
31.737,7,Atta_7,152.7,194.7,272.7,21.2,3.1,,,,
31.737,8,Atta_8,1326.6,2527.3,303.5,38.4,-5.1,,,,
31.737,9,Atta_9,738.0,2002.2,359.1,63.5,-2.9,,,,
31.737,10,Atta_10,277.6,2635.7,134.2,24.9,-3.8,,,,
31.809,1,Atta_1,1172.2,930.4,114.8,-71.5,0.4,,,,
31.809,2,Atta_2,276.8,247.2,66.9,-51.5,-2.6,,,,
31.809,3,Atta_3,685.4,2598.0,67.4,-79.4,1.8,,,,
31.809,4,Atta_4,1742.6,655.9,337.9,70.0,1.5,,,,
31.809,5,Atta_5,555.6,240.6,13.0,-25.1,-1.8,,,,
31.809,6,Atta_6,1954.0,1797.8,327.0,32.0,1.9,,,,
31.809,7,Atta_7,149.9,227.7,272.3,-33.1,-0.4,,,,
31.809,8,Atta_8,1325.3,2549.4,298.4,-22.1,-5.1,,,,
31.809,9,Atta_9,760.7,1942.1,358.6,64.2,-0.5,,,,
31.809,10,Atta_10,209.0,2597.0,123.8,78.8,-10.4,,,,
31.872,1,Atta_1,1186.1,960.1,116.4,32.8,1.6,,,,
31.872,2,Atta_2,305.2,310.7,70.1,69.6,3.2,,,,
31.872,3,Atta_3,793.0,2587.6,66.1,108.1,-1.3,,,,
31.872,4,Atta_4,1775.3,739.4,344.6,-89.7,6.7,,,,
31.872,5,Atta_5,538.1,176.2,12.0,-66.7,-1.0,,,,
31.872,6,Atta_6,1875.1,1817.9,331.2,-81.4,4.2,,,,
31.872,7,Atta_7,135.7,155.9,268.4,73.2,-3.9,,,,
31.872,8,Atta_8,1335.3,2533.0,298.6,19.2,0.2,,,,
31.872,9,Atta_9,738.0,1960.9,3.1,-29.5,4.5,,,,
31.872,10,Atta_10,218.4,2694.4,124.8,97.9,1.0,,,,
31.942,1,Atta_1,1129.0,965.8,117.8,57.4,1.4,,,,
31.942,2,Atta_2,291.4,239.2,65.6,-72.8,-4.5,,,,
31.942,3,Atta_3,768.5,2598.8,67.1,26.9,1.0,,,,
31.942,4,Atta_4,1743.3,714.0,348.3,-40.9,3.7,,,,
31.942,5,Atta_5,530.7,210.4,13.2,-35.0,1.2,,,,
31.942,6,Atta_6,1887.8,1806.3,337.6,17.2,6.4,,,,
31.942,7,Atta_7,179.0,230.1,266.7,-85.9,-1.7,,,,
31.942,8,Atta_8,1350.8,2530.4,291.8,15.7,-6.8,,,,
31.942,9,Atta_9,731.7,1925.1,358.0,-36.4,-5.1,,,,
31.942,10,Atta_10,248.9,2629.5,117.2,-71.7,-7.6,,,,
32.01,1,Atta_1,1143.3,957.1,117.6,-16.7,-0.2,,,,
32.01,2,Atta_2,344.6,279.6,69.7,66.8,4.1,,,,
32.01,3,Atta_3,698.4,2612.4,63.6,-71.4,-3.5,,,,
32.01,4,Atta_4,1729.1,677.9,351.5,-38.8,3.2,,,,
32.01,5,Atta_5,570.0,248.9,12.8,55.0,-0.4,,,,
32.01,6,Atta_6,1910.6,1784.8,344.7,31.3,7.1,,,,
32.01,7,Atta_7,198.7,205.1,263.8,31.8,-2.9,,,,
32.01,8,Atta_8,1342.3,2547.9,288.7,-19.5,-3.1,,,,
32.01,9,Atta_9,712.8,1987.2,358.8,-64.9,0.8,,,,
32.01,10,Atta_10,247.5,2644.6,119.0,15.2,1.8,,,,
32.06,1,Atta_1,1128.1,1021.2,116.0,65.9,-1.6,,,,
32.06,2,Atta_2,298.7,295.5,70.0,-48.6,0.3,,,,
32.06,3,Atta_3,740.7,2628.9,66.4,45.4,2.8,,,,
32.06,4,Atta_4,1701.2,741.2,357.3,-69.2,5.8,,,,
32.06,5,Atta_5,559.4,212.1,20.2,-38.3,7.4,,,,
32.06,6,Atta_6,1872.6,1845.3,345.9,-71.4,1.2,,,,
32.06,7,Atta_7,176.7,171.4,269.2,40.2,5.4,,,,
32.06,8,Atta_8,1295.0,2543.5,280.9,-47.5,-7.8,,,,
32.06,9,Atta_9,750.4,1965.7,357.7,43.3,-1.1,,,,
32.06,10,Atta_10,251.2,2663.0,113.4,18.8,-5.6,,,,
32.129,1,Atta_1,1156.6,961.2,119.5,-66.4,3.5,,,,
32.129,2,Atta_2,331.0,300.5,69.4,32.7,-0.6,,,,
32.129,3,Atta_3,740.6,2674.0,72.5,45.1,6.1,,,,
32.129,4,Atta_4,1757.6,691.0,1.4,75.5,4.1,,,,
32.129,5,Atta_5,548.7,214.6,20.7,-11.0,0.5,,,,
32.129,6,Atta_6,1820.6,1747.2,350.3,-111.0,4.4,,,,
32.129,7,Atta_7,131.8,179.8,271.4,-45.7,2.2,,,,
32.129,8,Atta_8,1282.9,2526.7,279.4,20.7,-1.5,,,,
32.129,9,Atta_9,748.4,2092.7,356.8,-127.0,-0.9,,,,
32.129,10,Atta_10,249.9,2629.5,106.5,-33.5,-6.9,,,,
32.195,1,Atta_1,1132.0,973.3,112.8,27.4,-6.7,,,,
32.195,2,Atta_2,288.2,315.9,71.2,-45.5,1.8,,,,
32.195,3,Atta_3,748.4,2631.2,75.6,-43.5,3.1,,,,
32.195,4,Atta_4,1728.2,675.3,8.1,-33.3,6.7,,,,
32.195,5,Atta_5,488.8,217.6,25.4,-60.0,4.7,,,,
32.195,6,Atta_6,1875.5,1836.2,358.8,104.6,8.5,,,,
32.195,7,Atta_7,195.6,168.2,272.8,64.8,1.4,,,,
32.195,8,Atta_8,1378.0,2555.5,273.8,-99.4,-5.6,,,,
32.195,9,Atta_9,743.2,2009.7,355.0,-83.2,-1.8,,,,
32.195,10,Atta_10,284.8,2611.7,104.9,-39.2,-1.6,,,,
32.264,1,Atta_1,1104.9,1002.4,116.2,39.8,3.4,,,,
32.264,2,Atta_2,309.0,364.4,67.8,52.8,-3.4,,,,
32.264,3,Atta_3,705.5,2598.3,79.7,-54.1,4.1,,,,
32.264,4,Atta_4,1710.3,693.1,12.7,-25.2,4.6,,,,
32.264,5,Atta_5,563.3,205.6,30.7,75.5,5.3,,,,
32.264,6,Atta_6,1904.7,1753.8,0.2,87.4,1.4,,,,
32.264,7,Atta_7,93.5,156.2,272.6,102.8,-0.2,,,,
32.264,8,Atta_8,1390.4,2528.8,269.9,29.4,-3.9,,,,
32.264,9,Atta_9,820.9,1990.8,359.3,80.0,4.3,,,,
32.264,10,Atta_10,254.1,2637.9,96.7,40.4,-8.2,,,,
32.33,1,Atta_1,1130.7,1022.2,114.2,32.5,-2.0,,,,
32.33,2,Atta_2,341.6,333.3,63.5,-45.1,-4.3,,,,
32.33,3,Atta_3,775.5,2647.4,85.2,85.5,5.5,,,,
32.33,4,Atta_4,1711.7,701.9,12.4,8.9,-0.3,,,,
32.33,5,Atta_5,537.6,233.5,34.0,-37.9,3.3,,,,
32.33,6,Atta_6,1917.4,1767.5,3.9,18.7,3.7,,,,
32.33,7,Atta_7,134.6,142.4,267.7,43.4,-4.9,,,,
32.33,8,Atta_8,1316.4,2566.6,273.6,-83.1,3.7,,,,
32.33,9,Atta_9,787.8,1956.5,357.1,-47.7,-2.2,,,,
32.33,10,Atta_10,232.9,2673.6,90.5,41.5,-6.2,,,,
32.397,1,Atta_1,1097.5,991.6,116.6,-45.2,2.4,,,,
32.397,2,Atta_2,392.0,346.7,69.7,52.2,6.2,,,,
32.397,3,Atta_3,722.1,2557.8,91.0,-104.3,5.8,,,,
32.397,4,Atta_4,1706.4,743.5,21.2,41.9,8.8,,,,
32.397,5,Atta_5,498.6,136.4,37.1,-104.6,3.1,,,,
32.397,6,Atta_6,1928.6,1808.8,5.3,42.8,1.4,,,,
32.397,7,Atta_7,151.0,146.8,265.2,-17.0,-2.5,,,,
32.397,8,Atta_8,1298.8,2507.4,269.0,61.8,-4.6,,,,
32.397,9,Atta_9,783.3,2001.3,359.7,-45.0,2.6,,,,
32.397,10,Atta_10,208.4,2623.7,90.3,-55.6,-0.2,,,,
32.463,1,Atta_1,1110.3,1036.7,116.2,46.9,-0.4,,,,
32.463,2,Atta_2,359.4,402.9,66.8,65.0,-2.9,,,,
32.463,3,Atta_3,775.9,2610.0,93.6,75.0,2.6,,,,
32.463,4,Atta_4,1700.2,674.2,24.5,-69.6,3.3,,,,
32.463,5,Atta_5,535.0,259.3,38.6,128.2,1.5,,,,
32.463,6,Atta_6,1930.7,1785.0,13.4,-23.9,8.1,,,,
32.463,7,Atta_7,112.2,94.9,265.5,64.8,0.3,,,,
32.463,8,Atta_8,1378.8,2542.2,271.0,-87.2,2.0,,,,
32.463,9,Atta_9,783.7,1983.2,0.2,18.1,0.5,,,,
32.463,10,Atta_10,286.8,2656.1,84.4,84.8,-5.9,,,,
32.528,1,Atta_1,1124.0,1082.9,117.3,48.2,1.1,,,,
32.528,2,Atta_2,326.7,377.2,69.4,-41.6,2.6,,,,
32.528,3,Atta_3,783.0,2643.8,100.6,34.5,7.0,,,,
32.528,4,Atta_4,1686.4,730.1,28.1,57.6,3.6,,,,
32.528,5,Atta_5,559.1,210.9,50.4,-54.1,11.8,,,,
32.528,6,Atta_6,1862.2,1845.9,14.8,-91.7,1.4,,,,
32.528,7,Atta_7,195.7,74.5,265.4,86.0,-0.1,,,,
32.528,8,Atta_8,1330.6,2528.6,272.1,50.1,1.1,,,,
32.528,9,Atta_9,813.6,1973.2,355.0,31.5,-5.2,,,,
32.528,10,Atta_10,146.5,2605.7,81.7,-149.1,-2.7,,,,
32.597,1,Atta_1,1065.1,1076.7,117.6,59.2,0.3,,,,
32.597,2,Atta_2,333.3,412.5,66.4,35.9,-3.0,,,,
32.597,3,Atta_3,729.5,2580.2,101.1,-83.1,0.5,,,,
32.597,4,Atta_4,1787.7,681.3,34.5,112.4,6.4,,,,
32.597,5,Atta_5,547.8,207.6,52.1,-11.8,1.7,,,,
32.597,6,Atta_6,1916.1,1767.4,16.8,95.2,2.0,,,,
32.597,7,Atta_7,84.1,88.2,268.9,-112.4,3.5,,,,
32.597,8,Atta_8,1323.0,2517.3,269.5,13.6,-2.6,,,,
32.597,9,Atta_9,791.5,2000.3,358.4,-35.0,3.4,,,,
32.597,10,Atta_10,220.2,2561.1,86.2,-86.1,4.5,,,,
32.663,1,Atta_1,1103.4,1137.5,116.7,71.9,-0.9,,,,
32.663,2,Atta_2,359.6,411.6,67.4,26.3,1.0,,,,
32.663,3,Atta_3,789.9,2584.3,107.5,-60.5,6.4,,,,
32.663,4,Atta_4,1743.8,730.5,39.6,-65.9,5.1,,,,
32.663,5,Atta_5,543.3,253.5,56.7,46.1,4.6,,,,
32.663,6,Atta_6,1898.0,1781.5,13.4,-22.9,-3.4,,,,
32.663,7,Atta_7,120.2,118.4,268.3,-47.1,-0.6,,,,
32.663,8,Atta_8,1241.3,2413.2,271.3,132.3,1.8,,,,
32.663,9,Atta_9,840.3,2015.9,359.5,51.2,1.1,,,,
32.663,10,Atta_10,215.4,2695.6,89.2,134.6,3.0,,,,
32.795,1,Atta_1,1084.1,1069.5,118.9,-70.7,2.2,,,,
32.795,2,Atta_2,334.3,408.7,67.0,-25.5,-0.4,,,,
32.795,3,Atta_3,782.7,2611.9,109.5,28.5,2.0,,,,
32.795,4,Atta_4,1721.7,708.6,37.8,-31.1,-1.8,,,,
32.795,5,Atta_5,499.5,251.0,66.0,-43.9,9.3,,,,
32.795,6,Atta_6,1885.4,1801.3,13.9,-23.5,0.5,,,,
32.795,7,Atta_7,207.7,143.0,265.7,-90.9,-2.6,,,,
32.795,8,Atta_8,1302.3,2487.4,271.9,-96.1,0.6,,,,
32.795,9,Atta_9,877.1,1978.4,357.4,52.5,-2.1,,,,
32.795,10,Atta_10,206.4,2622.3,83.9,-73.9,-5.3,,,,
32.861,1,Atta_1,1049.7,1114.9,116.2,57.0,-2.7,,,,
32.861,2,Atta_2,416.7,432.1,67.2,85.7,0.2,,,,
32.861,3,Atta_3,760.0,2628.7,109.0,28.2,-0.5,,,,
32.861,4,Atta_4,1682.3,758.7,34.2,-63.7,-3.6,,,,
32.861,5,Atta_5,553.9,204.8,67.7,-71.4,1.7,,,,
32.861,6,Atta_6,1847.7,1809.2,12.5,-38.5,-1.4,,,,
32.861,7,Atta_7,145.7,156.8,266.4,-63.5,0.7,,,,
32.861,8,Atta_8,1302.9,2505.7,271.7,-18.3,-0.2,,,,
32.861,9,Atta_9,896.4,1995.4,359.8,25.7,2.4,,,,
32.861,10,Atta_10,241.0,2666.2,84.2,55.9,0.3,,,,
32.928,1,Atta_1,1043.9,1110.3,116.6,-7.4,0.4,,,,
32.928,2,Atta_2,398.8,408.3,68.7,-29.8,1.5,,,,
32.928,3,Atta_3,721.2,2628.8,108.6,38.8,-0.4,,,,
32.928,4,Atta_4,1732.2,701.0,34.3,76.3,0.1,,,,
32.928,5,Atta_5,491.6,248.8,72.3,76.3,4.6,,,,
32.928,6,Atta_6,1965.3,1782.7,13.3,120.5,0.8,,,,
32.928,7,Atta_7,172.6,184.4,267.3,-38.5,0.9,,,,
32.928,8,Atta_8,1266.2,2460.6,267.3,58.1,-4.4,,,,
32.928,9,Atta_9,866.0,1973.7,357.3,-37.4,-2.5,,,,
32.928,10,Atta_10,205.7,2689.9,88.4,42.5,4.2,,,,
33.058,1,Atta_1,1062.5,1167.6,118.7,60.2,2.1,,,,
33.058,2,Atta_2,392.4,480.5,66.5,72.5,-2.2,,,,
33.058,3,Atta_3,683.4,2645.6,109.0,41.4,0.4,,,,
33.058,4,Atta_4,1710.3,757.7,32.7,60.8,-1.6,,,,
33.058,5,Atta_5,528.1,237.6,75.3,38.2,3.0,,,,
33.058,6,Atta_6,1960.5,1863.3,11.5,80.7,-1.8,,,,
33.058,7,Atta_7,145.0,155.8,268.8,39.7,1.5,,,,
33.058,8,Atta_8,1303.5,2476.3,271.2,-40.5,3.9,,,,
33.058,9,Atta_9,876.6,1932.1,0.5,42.9,3.2,,,,
33.058,10,Atta_10,268.6,2693.6,84.9,63.0,-3.5,,,,
33.127,1,Atta_1,1052.3,1101.4,115.3,-67.0,-3.4,,,,
33.127,2,Atta_2,320.4,482.3,65.0,-72.0,-1.5,,,,
33.127,3,Atta_3,798.8,2606.1,107.7,-122.0,-1.3,,,,
33.127,4,Atta_4,1732.4,690.8,35.6,-70.5,2.9,,,,
33.127,5,Atta_5,554.6,232.8,88.0,26.9,12.7,,,,
33.127,6,Atta_6,1926.4,1824.8,356.7,-51.4,-14.8,,,,
33.127,7,Atta_7,97.6,120.8,269.6,58.9,0.8,,,,
33.127,8,Atta_8,1355.2,2448.6,273.7,58.7,2.5,,,,
33.127,9,Atta_9,893.1,1959.3,1.2,31.8,0.7,,,,
33.127,10,Atta_10,250.4,2677.8,83.0,-24.1,-1.9,,,,
33.264,1,Atta_1,1039.9,1168.8,114.4,68.5,-0.9,,,,
33.264,2,Atta_2,440.7,476.9,65.4,120.4,0.4,,,,
33.264,3,Atta_3,762.1,2688.3,109.2,90.0,1.5,,,,
33.264,4,Atta_4,1712.0,721.2,36.8,36.6,1.2,,,,
33.264,6,Atta_6,1946.1,1757.8,357.7,69.8,1.0,,,,
33.264,7,Atta_7,134.0,235.9,266.1,-120.7,-3.5,,,,
33.264,8,Atta_8,1288.8,2419.2,269.5,72.6,-4.2,,,,
33.264,9,Atta_9,995.9,1972.8,357.9,103.7,-3.3,,,,
33.264,10,Atta_10,238.9,2654.2,85.7,-26.3,2.7,,,,
33.32,1,Atta_1,1032.6,1158.9,117.5,-12.3,3.1,,,,
33.32,2,Atta_2,417.9,484.6,66.4,-24.1,1.0,,,,
33.32,3,Atta_3,758.7,2653.3,108.4,-35.2,-0.8,,,,
33.32,4,Atta_4,1769.4,695.9,36.3,62.7,-0.5,,,,
33.32,5,Atta_5,523.5,258.4,92.5,40.3,4.5,,,,
33.32,6,Atta_6,1921.2,1822.1,355.4,-69.0,-2.3,,,,
33.32,7,Atta_7,161.2,208.0,270.5,39.0,4.4,,,,
33.32,8,Atta_8,1333.1,2393.9,272.9,51.0,3.4,,,,
33.32,9,Atta_9,996.2,2007.1,359.8,-34.3,1.9,,,,
33.32,10,Atta_10,269.8,2713.6,87.6,67.0,1.9,,,,
33.385,1,Atta_1,996.6,1134.9,122.3,-43.3,4.8,,,,
33.385,2,Atta_2,486.1,503.8,69.5,70.9,3.1,,,,
33.385,3,Atta_3,722.7,2661.8,107.4,37.0,-1.0,,,,
33.385,4,Atta_4,1749.9,786.3,33.2,92.5,-3.1,,,,
33.385,5,Atta_5,533.3,194.4,99.9,-64.7,7.4,,,,
33.385,6,Atta_6,1855.2,1805.2,358.8,-68.1,3.4,,,,
33.385,7,Atta_7,128.0,198.0,268.4,34.7,-2.1,,,,
33.385,8,Atta_8,1294.9,2363.9,274.3,48.6,1.4,,,,
33.385,9,Atta_9,959.1,1952.5,356.8,-66.0,-3.0,,,,
33.385,10,Atta_10,247.9,2690.9,83.8,-31.5,-3.8,,,,
33.455,1,Atta_1,1052.7,1169.8,129.2,-66.1,6.9,,,,
33.455,2,Atta_2,396.7,488.4,65.1,-90.7,-4.4,,,,
33.455,3,Atta_3,716.1,2700.0,105.5,38.8,-1.9,,,,
33.455,4,Atta_4,1758.3,776.7,33.2,12.8,0.0,,,,
33.455,5,Atta_5,582.6,196.6,101.8,-49.3,1.9,,,,
33.455,6,Atta_6,1894.2,1844.6,358.6,55.4,-0.2,,,,
33.455,7,Atta_7,167.4,194.6,268.4,39.5,0.0,,,,
33.455,8,Atta_8,1305.6,2398.6,278.9,-36.3,4.6,,,,
33.455,9,Atta_9,951.4,1998.4,1.3,-46.5,4.5,,,,
33.455,10,Atta_10,262.8,2733.6,84.6,45.2,0.8,,,,
33.521,1,Atta_1,1002.0,1140.3,132.5,58.7,3.3,,,,
33.521,2,Atta_2,380.6,503.6,64.5,22.1,-0.6,,,,
33.521,3,Atta_3,767.9,2704.7,111.5,-52.0,6.0,,,,
33.521,4,Atta_4,1831.7,754.0,39.0,76.8,5.8,,,,
33.521,5,Atta_5,522.5,190.6,107.5,60.4,5.7,,,,
33.521,6,Atta_6,1862.0,1827.7,357.4,-36.4,-1.2,,,,
33.521,7,Atta_7,132.8,248.3,264.4,-63.9,-4.0,,,,
33.521,8,Atta_8,1364.2,2374.0,280.7,63.6,1.8,,,,
33.521,9,Atta_9,1016.0,1924.0,358.9,98.5,-2.4,,,,
33.521,10,Atta_10,229.7,2650.3,84.6,-89.6,0.0,,,,
33.587,1,Atta_1,1063.5,1183.8,139.7,-75.3,7.2,,,,
33.587,2,Atta_2,447.3,562.4,58.2,88.9,-6.3,,,,
33.587,3,Atta_3,699.7,2756.5,109.8,85.6,-1.7,,,,
33.587,4,Atta_4,1804.1,782.4,34.9,-39.6,-4.1,,,,
33.587,5,Atta_5,537.2,164.2,113.9,-30.2,6.4,,,,
33.587,6,Atta_6,1846.1,1792.1,359.7,-39.0,2.3,,,,
33.587,7,Atta_7,187.8,196.2,261.4,75.8,-3.0,,,,
33.587,8,Atta_8,1320.2,2375.9,288.5,-44.0,7.8,,,,
33.587,9,Atta_9,980.0,1989.5,0.9,-74.7,2.0,,,,
33.587,10,Atta_10,233.3,2660.9,83.3,11.2,-1.3,,,,
33.656,1,Atta_1,1042.1,1206.9,143.0,31.5,3.3,,,,
33.656,2,Atta_2,462.5,520.4,55.0,-44.7,-3.2,,,,
33.656,3,Atta_3,691.4,2673.7,113.4,-83.2,3.6,,,,
33.656,4,Atta_4,1826.2,780.4,35.2,22.2,0.3,,,,
33.656,5,Atta_5,552.2,221.6,117.2,59.3,3.3,,,,
33.656,6,Atta_6,1915.4,1773.2,4.6,71.8,4.9,,,,
33.656,7,Atta_7,230.6,210.1,261.1,-45.0,-0.3,,,,
33.656,8,Atta_8,1322.7,2440.8,289.4,-64.9,0.9,,,,
33.656,9,Atta_9,997.6,1974.5,0.6,23.1,-0.3,,,,
33.656,10,Atta_10,249.7,2650.2,83.4,-19.6,0.1,,,,
33.722,1,Atta_1,974.6,1181.6,144.3,72.1,1.3,,,,
33.722,2,Atta_2,446.3,472.8,47.6,-50.3,-7.4,,,,
33.722,3,Atta_3,765.6,2677.0,110.3,-74.3,-3.1,,,,
33.722,4,Atta_4,1866.3,775.4,31.4,40.4,-3.8,,,,
33.722,5,Atta_5,529.5,193.5,122.7,-36.1,5.5,,,,
33.722,6,Atta_6,1847.7,1820.2,7.5,-82.4,2.9,,,,
33.722,7,Atta_7,146.8,253.8,251.5,-94.5,-9.6,,,,
33.722,8,Atta_8,1329.0,2374.8,297.1,66.3,7.7,,,,
33.722,9,Atta_9,970.6,1972.7,8.6,-27.1,8.0,,,,
33.722,10,Atta_10,265.8,2623.5,89.0,-31.2,5.6,,,,
33.792,1,Atta_1,999.0,1210.3,154.7,-37.7,10.4,,,,
33.792,2,Atta_2,426.4,533.8,47.0,64.2,-0.6,,,,
33.792,3,Atta_3,698.4,2697.5,112.1,70.3,1.8,,,,
33.792,4,Atta_4,1862.7,800.4,35.5,25.3,4.1,,,,
33.792,5,Atta_5,568.9,144.4,126.3,-63.0,3.6,,,,
33.792,6,Atta_6,1885.8,1817.3,15.6,38.2,8.1,,,,
33.792,7,Atta_7,201.3,269.4,247.2,-56.7,-4.3,,,,
33.792,8,Atta_8,1324.5,2433.8,300.6,-59.2,3.5,,,,
33.792,9,Atta_9,950.9,1909.2,8.4,-66.5,-0.2,,,,
33.792,10,Atta_10,276.5,2636.0,81.1,16.5,-7.9,,,,
33.846,1,Atta_1,1041.2,1198.8,152.7,-43.7,-2.0,,,,
33.846,2,Atta_2,384.3,499.2,40.4,-54.5,-6.6,,,,
33.846,3,Atta_3,721.1,2705.6,113.5,-24.1,1.4,,,,
33.846,4,Atta_4,1877.7,733.1,32.5,-69.0,-3.0,,,,
33.846,5,Atta_5,548.8,184.9,132.7,45.2,6.4,,,,
33.846,6,Atta_6,1882.3,1764.0,15.9,-53.4,0.3,,,,
33.846,7,Atta_7,193.7,260.7,244.1,11.6,-3.1,,,,
33.846,8,Atta_8,1345.0,2364.8,299.9,72.0,-0.7,,,,
33.846,9,Atta_9,992.8,1910.8,12.2,41.9,3.8,,,,
33.846,10,Atta_10,255.9,2633.1,74.8,-20.8,-6.3,,,,
33.916,1,Atta_1,1073.2,1192.7,165.7,-32.6,13.0,,,,
33.916,2,Atta_2,404.7,494.4,40.3,21.0,-0.1,,,,
33.916,3,Atta_3,783.2,2630.5,111.8,-97.4,-1.7,,,,
33.916,4,Atta_4,1817.9,798.9,33.7,-88.9,1.2,,,,
33.916,5,Atta_5,578.1,188.8,136.2,-29.6,3.5,,,,
33.916,6,Atta_6,1869.9,1807.8,19.4,45.5,3.5,,,,
33.916,7,Atta_7,152.8,212.5,239.0,63.2,-5.1,,,,
33.916,8,Atta_8,1356.9,2406.2,313.0,-43.1,13.1,,,,
33.916,9,Atta_9,984.9,2004.3,14.4,93.8,2.2,,,,
33.916,10,Atta_10,253.0,2566.2,71.8,-67.0,-3.0,,,,
33.985,1,Atta_1,1043.5,1204.4,159.0,31.9,-6.7,,,,
33.985,2,Atta_2,422.8,577.0,43.0,84.6,2.7,,,,
33.985,3,Atta_3,766.8,2599.6,114.3,-35.0,2.5,,,,
33.985,4,Atta_4,1839.6,810.2,30.7,24.5,-3.0,,,,
33.985,5,Atta_5,559.2,220.9,140.7,37.3,4.5,,,,
33.985,6,Atta_6,1870.2,1818.4,23.0,10.6,3.6,,,,
33.985,7,Atta_7,126.5,207.1,234.1,26.8,-4.9,,,,
33.985,8,Atta_8,1331.4,2450.6,313.1,-51.2,0.1,,,,
33.985,9,Atta_9,962.5,1982.4,19.6,-31.3,5.2,,,,
33.985,10,Atta_10,266.3,2588.3,66.8,25.8,-5.0,,,,
34.05,1,Atta_1,1021.8,1178.3,160.2,33.9,1.2,,,,
34.05,2,Atta_2,430.0,540.3,38.8,-37.4,-4.2,,,,
34.05,3,Atta_3,765.9,2665.3,114.0,65.7,-0.3,,,,
34.05,4,Atta_4,1878.5,809.2,37.4,38.9,6.7,,,,
34.05,5,Atta_5,497.4,203.2,144.7,64.3,4.0,,,,
34.05,6,Atta_6,1884.1,1838.1,34.5,24.1,11.5,,,,
34.05,7,Atta_7,145.4,253.8,230.2,-50.4,-3.9,,,,
34.05,8,Atta_8,1337.2,2362.7,322.2,88.1,9.1,,,,
34.05,9,Atta_9,987.4,2019.9,27.9,45.0,8.3,,,,
34.05,10,Atta_10,292.4,2640.5,64.1,58.4,-2.7,,,,
34.116,1,Atta_1,1049.1,1109.7,160.0,-73.8,-0.2,,,,
34.116,2,Atta_2,430.8,555.4,41.0,15.1,2.2,,,,
34.116,3,Atta_3,796.4,2632.8,116.6,-44.6,2.6,,,,
34.116,4,Atta_4,1856.3,833.8,32.5,-33.1,-4.9,,,,
34.116,5,Atta_5,564.2,209.7,144.9,-67.1,0.2,,,,
34.116,6,Atta_6,1848.3,1866.6,32.6,-45.8,-1.9,,,,
34.116,7,Atta_7,224.0,236.2,220.5,-80.5,-9.7,,,,
34.116,8,Atta_8,1300.8,2415.7,320.3,-64.3,-1.9,,,,
34.116,9,Atta_9,1004.2,1983.9,30.2,-39.7,2.3,,,,
34.116,10,Atta_10,258.2,2599.1,60.1,-53.7,-4.0,,,,
34.181,1,Atta_1,1082.7,1142.6,162.5,-47.0,2.5,,,,
34.181,2,Atta_2,447.3,562.4,39.3,17.9,-1.7,,,,
34.181,3,Atta_3,747.2,2577.1,123.4,-74.3,6.8,,,,
34.181,4,Atta_4,1869.0,810.8,36.2,-26.3,3.7,,,,
34.181,5,Atta_5,479.1,205.5,147.1,85.2,2.2,,,,
34.181,6,Atta_6,1927.5,1833.8,41.2,85.7,8.6,,,,
34.181,7,Atta_7,155.4,267.9,220.9,75.6,0.4,,,,
34.181,8,Atta_8,1346.1,2390.9,328.9,51.6,8.6,,,,
34.181,9,Atta_9,975.8,1980.8,37.5,-28.6,7.3,,,,
34.181,10,Atta_10,267.6,2679.2,56.1,80.6,-4.0,,,,
34.252,1,Atta_1,1052.8,1145.6,160.4,30.1,-2.1,,,,
34.252,2,Atta_2,374.6,501.8,38.7,-94.6,-0.6,,,,
34.252,3,Atta_3,746.3,2620.1,124.6,43.0,1.2,,,,
34.252,4,Atta_4,1893.3,836.8,32.5,35.6,-3.7,,,,
34.252,5,Atta_5,622.6,199.4,146.4,-143.6,-0.7,,,,
34.252,6,Atta_6,1838.8,1776.2,46.3,-105.8,5.1,,,,
34.252,7,Atta_7,138.1,219.1,210.7,51.8,-10.2,,,,
34.252,8,Atta_8,1295.6,2391.7,329.0,-50.5,0.1,,,,
34.252,9,Atta_9,981.1,1990.0,41.3,10.6,3.8,,,,
34.252,10,Atta_10,225.4,2641.6,51.9,-56.5,-4.2,,,,
34.317,1,Atta_1,1061.0,1218.0,160.0,72.9,-0.4,,,,
34.317,2,Atta_2,391.5,516.4,32.7,22.3,-6.0,,,,
34.317,3,Atta_3,725.7,2628.4,129.8,22.2,5.2,,,,
34.317,4,Atta_4,1846.3,851.7,37.2,-49.3,4.7,,,,
34.317,5,Atta_5,483.8,213.1,150.1,139.5,3.7,,,,
34.317,6,Atta_6,1867.5,1792.4,50.5,33.0,4.2,,,,
34.317,7,Atta_7,216.4,283.9,212.2,-101.6,1.5,,,,
34.317,8,Atta_8,1325.7,2401.0,331.9,31.5,2.9,,,,
34.317,9,Atta_9,1052.6,1978.3,41.3,72.5,0.0,,,,
34.317,10,Atta_10,244.8,2658.2,46.8,25.5,-5.1,,,,
34.387,1,Atta_1,1030.7,1187.7,160.2,42.9,0.2,,,,
34.387,2,Atta_2,371.6,503.6,25.1,-23.7,-7.6,,,,
34.387,3,Atta_3,749.5,2666.6,137.9,45.0,8.1,,,,
34.387,4,Atta_4,1892.7,836.7,32.3,48.8,-4.9,,,,
34.387,5,Atta_5,524.8,215.6,149.2,-41.1,-0.9,,,,
34.387,6,Atta_6,1926.1,1787.8,49.9,58.8,-0.6,,,,
34.387,7,Atta_7,167.2,213.6,207.4,85.8,-4.8,,,,
34.387,8,Atta_8,1335.5,2402.6,331.0,9.9,-0.9,,,,
34.387,9,Atta_9,943.6,2004.3,43.8,-112.1,2.5,,,,
34.387,10,Atta_10,237.3,2557.5,40.7,-101.0,-6.1,,,,
34.453,1,Atta_1,997.7,1201.3,162.9,35.7,2.7,,,,
34.453,2,Atta_2,350.4,483.0,26.1,-29.6,1.0,,,,
34.453,3,Atta_3,790.8,2602.1,137.3,-76.6,-0.6,,,,
34.453,4,Atta_4,1927.7,843.6,34.6,35.7,2.3,,,,
34.453,5,Atta_5,597.5,189.5,145.9,-77.2,-3.3,,,,
34.453,6,Atta_6,1856.1,1841.6,56.5,-88.3,6.6,,,,
34.453,7,Atta_7,131.7,202.9,199.7,37.1,-7.7,,,,
34.453,8,Atta_8,1336.3,2457.4,329.8,-54.8,-1.2,,,,
34.453,9,Atta_9,957.0,2048.4,39.2,46.1,-4.6,,,,
34.453,10,Atta_10,234.2,2657.5,36.2,100.0,-4.5,,,,
34.519,1,Atta_1,989.8,1162.6,161.0,-39.5,-1.9,,,,
34.519,2,Atta_2,403.4,516.2,19.4,62.5,-6.7,,,,
34.519,3,Atta_3,791.2,2611.1,143.7,9.0,6.4,,,,
34.519,4,Atta_4,1927.0,827.4,35.1,-16.2,0.5,,,,
34.519,5,Atta_5,486.8,171.6,153.9,112.1,8.0,,,,
34.519,6,Atta_6,1880.3,1802.0,58.8,-46.4,2.3,,,,
34.519,7,Atta_7,160.2,277.9,199.9,-80.2,0.2,,,,
34.519,8,Atta_8,1265.0,2434.9,327.4,-74.8,-2.4,,,,
34.519,9,Atta_9,1015.5,1927.6,41.9,-134.2,2.7,,,,
34.519,10,Atta_10,255.5,2592.6,33.0,-68.3,-3.2,,,,
34.588,1,Atta_1,984.3,1237.8,160.7,75.4,-0.3,,,,
34.588,2,Atta_2,390.5,562.8,12.9,48.4,-6.5,,,,
34.588,3,Atta_3,773.1,2641.9,147.6,35.7,3.9,,,,
34.588,4,Atta_4,1936.0,921.0,38.9,94.0,3.8,,,,
34.588,5,Atta_5,531.8,216.1,162.0,-63.3,8.1,,,,
34.588,6,Atta_6,1850.5,1860.6,53.3,65.7,-5.5,,,,
34.588,7,Atta_7,164.7,253.6,193.3,24.7,-6.6,,,,
34.588,8,Atta_8,1301.4,2402.5,332.6,48.7,5.2,,,,
34.588,9,Atta_9,930.3,1952.9,44.3,-88.9,2.4,,,,
34.588,10,Atta_10,224.0,2620.4,29.3,-42.0,-3.7,,,,
34.656,1,Atta_1,963.8,1199.5,158.6,43.4,-2.1,,,,
34.656,2,Atta_2,380.5,527.6,11.6,-36.6,-1.3,,,,
34.656,3,Atta_3,706.3,2637.2,156.9,67.0,9.3,,,,
34.656,4,Atta_4,1969.0,881.6,37.4,51.4,-1.5,,,,
34.656,5,Atta_5,507.1,228.6,164.4,27.7,2.4,,,,
34.656,6,Atta_6,1835.9,1781.9,57.5,-80.0,4.2,,,,
34.656,8,Atta_8,1291.7,2429.3,338.8,-28.5,6.2,,,,
34.656,9,Atta_9,1005.6,2058.3,43.7,129.5,-0.6,,,,
34.656,10,Atta_10,206.0,2656.2,27.1,40.1,-2.2,,,,
34.722,1,Atta_1,1007.5,1199.7,162.5,-43.7,3.9,,,,
34.722,2,Atta_2,350.6,540.3,7.6,-32.5,-4.0,,,,
34.722,3,Atta_3,739.7,2649.6,160.6,-35.6,3.7,,,,
34.722,4,Atta_4,1949.3,863.6,35.3,-26.7,-2.1,,,,
34.722,5,Atta_5,501.6,204.5,168.4,-24.7,4.0,,,,
34.722,6,Atta_6,1889.2,1871.5,56.7,104.3,-0.8,,,,
34.722,7,Atta_7,148.1,275.1,185.6,27.2,-7.7,,,,
34.722,8,Atta_8,1333.0,2437.7,344.4,42.1,5.6,,,,
34.722,9,Atta_9,939.7,2029.5,49.7,-71.9,6.0,,,,
34.722,10,Atta_10,203.0,2612.7,31.2,-43.6,4.1,,,,
34.789,1,Atta_1,975.9,1202.3,161.6,31.7,-0.9,,,,
34.789,2,Atta_2,425.0,524.5,1.5,76.1,-6.1,,,,
34.789,3,Atta_3,727.9,2618.6,162.2,33.2,1.6,,,,
34.789,4,Atta_4,1956.8,895.1,30.7,32.4,-4.6,,,,
34.789,5,Atta_5,620.6,190.6,177.8,-119.8,9.4,,,,
34.789,6,Atta_6,1830.1,1774.9,57.8,-113.2,1.1,,,,
34.789,7,Atta_7,149.7,234.3,179.7,40.8,-5.9,,,,
34.789,8,Atta_8,1296.6,2481.1,347.6,-56.6,3.2,,,,
34.789,9,Atta_9,1015.8,1956.2,53.0,-105.7,3.3,,,,
34.789,10,Atta_10,269.2,2639.7,27.7,71.5,-3.5,,,,
34.852,1,Atta_1,997.0,1187.9,160.8,-25.5,-0.8,,,,
34.852,2,Atta_2,340.3,537.3,353.7,-85.7,-7.8,,,,
34.852,3,Atta_3,806.1,2646.7,168.3,-83.1,6.1,,,,
34.852,4,Atta_4,1943.8,872.9,33.9,-25.7,3.2,,,,
34.852,5,Atta_5,559.7,203.5,179.8,62.3,2.0,,,,
34.852,6,Atta_6,1849.1,1817.7,56.1,46.8,-1.7,,,,
34.852,7,Atta_7,159.1,227.2,174.8,-11.8,-4.9,,,,
34.852,8,Atta_8,1301.2,2367.1,353.3,114.1,5.7,,,,
34.852,9,Atta_9,978.2,2022.0,59.1,75.8,6.1,,,,
34.852,10,Atta_10,250.3,2582.2,28.4,-60.5,0.7,,,,
34.971,1,Atta_1,990.1,1245.2,164.7,57.7,3.9,,,,
34.971,2,Atta_2,420.0,528.1,346.6,80.2,-7.1,,,,
34.971,3,Atta_3,794.7,2672.0,170.2,27.7,1.9,,,,
34.971,4,Atta_4,1995.1,907.6,34.2,61.9,0.3,,,,
34.971,5,Atta_5,558.1,192.5,180.4,11.1,0.6,,,,
34.971,6,Atta_6,1862.1,1849.0,57.7,33.9,1.6,,,,
34.971,7,Atta_7,147.0,207.9,174.4,22.8,-0.4,,,,
34.971,8,Atta_8,1339.5,2428.9,357.3,72.7,4.0,,,,
34.971,9,Atta_9,1022.0,1992.1,61.7,-53.0,2.6,,,,
34.971,10,Atta_10,205.3,2596.8,28.8,-47.3,0.4,,,,
35.041,1,Atta_1,937.2,1159.0,158.9,101.1,-5.8,,,,
35.041,2,Atta_2,409.8,517.3,346.6,-14.9,0.0,,,,
35.041,3,Atta_3,756.4,2662.2,171.5,39.5,1.3,,,,
35.041,4,Atta_4,2006.5,880.2,36.7,-29.7,2.5,,,,
35.041,5,Atta_5,551.8,196.7,185.3,7.6,4.9,,,,
35.041,6,Atta_6,1912.1,1828.1,55.3,54.2,-2.4,,,,
35.041,7,Atta_7,222.6,231.0,176.6,-79.1,2.2,,,,
35.041,8,Atta_8,1319.3,2386.7,358.7,-46.8,1.4,,,,
35.041,9,Atta_9,962.6,1968.9,64.8,-63.8,3.1,,,,
35.041,10,Atta_10,243.0,2654.3,27.2,68.8,-1.6,,,,
35.111,1,Atta_1,914.8,1218.1,160.7,63.2,1.8,,,,
35.111,2,Atta_2,446.8,493.1,341.1,44.2,-5.5,,,,
35.111,3,Atta_3,818.7,2576.3,169.5,-106.1,-2.0,,,,
35.111,4,Atta_4,2030.9,899.3,34.0,31.0,-2.7,,,,
35.111,5,Atta_5,525.6,205.2,191.7,27.5,6.4,,,,
35.111,6,Atta_6,1864.7,1818.8,57.0,-48.3,1.7,,,,
35.111,7,Atta_7,142.0,235.3,174.7,80.7,-1.9,,,,
35.111,8,Atta_8,1336.1,2345.0,2.5,45.0,3.8,,,,
35.111,9,Atta_9,1005.0,1985.8,72.7,45.6,7.9,,,,
35.111,10,Atta_10,276.9,2654.0,25.9,33.9,-1.3,,,,
35.181,1,Atta_1,859.6,1229.6,160.0,56.4,-0.7,,,,
35.181,2,Atta_2,409.2,495.2,337.8,-37.7,-3.3,,,,
35.181,3,Atta_3,705.3,2584.2,170.6,113.7,1.1,,,,
35.181,4,Atta_4,1987.4,922.3,36.0,-49.2,2.0,,,,
35.181,5,Atta_5,515.5,188.1,197.9,19.9,6.2,,,,
35.181,6,Atta_6,1899.0,1893.5,58.3,82.2,1.3,,,,
35.181,7,Atta_7,171.2,232.1,174.5,-29.4,-0.2,,,,
35.181,8,Atta_8,1273.3,2461.2,7.2,-132.1,4.7,,,,
35.181,9,Atta_9,958.0,1954.5,74.7,-56.5,2.0,,,,
35.181,10,Atta_10,281.9,2592.1,27.4,-62.1,1.5,,,,
35.25,1,Atta_1,877.7,1219.0,160.5,-21.0,0.5,,,,
35.25,2,Atta_2,415.0,508.1,331.7,14.1,-6.1,,,,
35.25,3,Atta_3,730.4,2661.7,171.8,-81.5,1.2,,,,
35.25,4,Atta_4,2037.0,902.1,33.4,53.6,-2.6,,,,
35.25,5,Atta_5,522.1,227.0,198.8,-39.5,0.9,,,,
35.25,6,Atta_6,1862.2,1899.6,55.1,-37.3,-3.2,,,,
35.25,7,Atta_7,131.4,212.5,173.9,44.4,-0.6,,,,
35.25,8,Atta_8,1338.0,2399.1,14.9,89.7,7.7,,,,
35.25,9,Atta_9,968.3,1983.4,78.3,30.7,3.6,,,,
35.25,10,Atta_10,248.2,2597.1,25.7,-34.1,-1.7,,,,
35.318,1,Atta_1,850.5,1205.9,163.4,30.2,2.9,,,,
35.318,2,Atta_2,431.6,511.7,327.9,17.0,-3.8,,,,
35.318,3,Atta_3,782.2,2635.5,170.6,-58.0,-1.2,,,,
35.318,4,Atta_4,2105.9,909.9,34.6,69.3,1.2,,,,
35.318,5,Atta_5,552.5,178.2,207.2,-57.5,8.4,,,,
35.318,6,Atta_6,1924.2,1901.6,58.6,62.0,3.5,,,,
35.318,7,Atta_7,186.1,252.6,173.9,-67.8,0.0,,,,
35.318,8,Atta_8,1357.6,2464.1,16.4,67.9,1.5,,,,
35.318,9,Atta_9,977.5,1978.5,85.1,-10.4,6.8,,,,
35.318,10,Atta_10,330.3,2646.5,26.2,95.8,0.5,,,,
35.388,1,Atta_1,909.0,1234.8,160.8,-65.2,-2.6,,,,
35.388,2,Atta_2,439.7,500.5,322.8,13.8,-5.1,,,,
35.388,3,Atta_3,784.6,2627.6,171.1,-8.3,0.5,,,,
35.388,4,Atta_4,2049.8,934.6,35.7,-61.3,1.1,,,,
35.388,5,Atta_5,503.3,243.1,206.3,81.4,-0.9,,,,
35.388,6,Atta_6,1927.5,1924.8,60.5,23.4,1.9,,,,
35.388,7,Atta_7,201.7,282.5,174.0,-33.7,0.1,,,,
35.388,8,Atta_8,1334.7,2369.8,23.0,-97.0,6.6,,,,
35.388,9,Atta_9,1039.9,1994.6,93.4,64.4,8.3,,,,
35.388,10,Atta_10,318.9,2701.0,26.0,55.7,-0.2,,,,
35.454,1,Atta_1,882.0,1245.9,164.3,29.2,3.5,,,,
35.454,2,Atta_2,438.2,540.5,328.1,-40.0,5.3,,,,
35.454,3,Atta_3,728.1,2590.8,167.0,67.4,-4.1,,,,
35.454,4,Atta_4,2050.6,967.3,38.1,32.7,2.4,,,,
35.454,5,Atta_5,509.0,270.9,213.7,-28.4,7.4,,,,
35.454,6,Atta_6,1941.5,1890.0,58.4,-37.5,-2.1,,,,
35.454,7,Atta_7,104.9,247.1,176.5,103.1,2.5,,,,
35.454,8,Atta_8,1349.4,2391.7,23.0,26.4,0.0,,,,
35.454,9,Atta_9,998.9,1989.5,97.4,-41.3,4.0,,,,
35.454,10,Atta_10,331.6,2714.4,29.3,18.5,3.3,,,,
35.523,1,Atta_1,844.5,1213.4,164.4,49.6,0.1,,,,
35.523,2,Atta_2,416.8,513.8,324.9,-34.2,-3.2,,,,
35.523,3,Atta_3,682.0,2676.2,169.5,97.0,2.5,,,,
35.523,4,Atta_4,2100.6,926.4,37.1,64.6,-1.0,,,,
35.523,5,Atta_5,570.5,234.0,216.8,-71.7,3.1,,,,
35.523,6,Atta_6,1963.7,1893.7,59.2,22.5,0.8,,,,
35.523,7,Atta_7,125.8,272.7,174.4,-33.0,-2.1,,,,
35.523,8,Atta_8,1325.5,2400.4,28.9,-25.4,5.9,,,,
35.523,9,Atta_9,1003.7,1928.1,99.6,-61.6,2.2,,,,
35.523,10,Atta_10,293.6,2634.0,25.9,-88.9,-3.4,,,,
35.592,1,Atta_1,843.4,1243.8,157.4,30.4,-7.0,,,,
35.592,2,Atta_2,424.5,497.6,326.5,17.9,1.6,,,,
35.592,3,Atta_3,734.4,2664.6,170.0,-53.7,0.5,,,,
35.592,4,Atta_4,2110.0,951.9,32.8,27.2,-4.3,,,,
35.592,5,Atta_5,530.3,204.0,220.4,50.2,3.6,,,,
35.592,6,Atta_6,1868.3,1935.9,59.2,-104.3,0.0,,,,
35.592,7,Atta_7,79.6,234.8,174.0,59.8,-0.4,,,,
35.592,8,Atta_8,1347.3,2430.4,23.3,37.1,-5.6,,,,
35.592,9,Atta_9,983.5,1968.2,101.1,44.9,1.5,,,,
35.592,10,Atta_10,321.8,2658.1,30.1,37.1,4.2,,,,
35.659,1,Atta_1,863.0,1256.9,162.2,-23.6,4.8,,,,
35.659,2,Atta_2,390.2,545.5,327.8,-58.9,1.3,,,,
35.659,3,Atta_3,692.7,2660.7,170.7,41.9,0.7,,,,
35.659,4,Atta_4,2100.9,934.5,37.0,-19.6,4.2,,,,
35.659,5,Atta_5,581.9,235.5,225.5,-60.5,5.1,,,,
35.659,6,Atta_6,1895.4,1900.5,63.8,-44.6,4.6,,,,
35.659,7,Atta_7,74.4,286.8,170.0,52.3,-4.0,,,,
35.659,8,Atta_8,1320.1,2413.9,29.9,-31.8,6.6,,,,
35.659,9,Atta_9,1012.6,1969.5,109.6,-29.1,8.5,,,,
35.659,10,Atta_10,381.5,2717.8,24.9,84.4,-5.2,,,,
35.714,1,Atta_1,786.6,1190.6,161.4,101.2,-0.8,,,,
35.714,2,Atta_2,396.8,541.3,326.8,7.8,-1.0,,,,
35.714,3,Atta_3,718.1,2648.6,171.1,-28.1,0.4,,,,
35.714,4,Atta_4,2093.7,982.8,36.5,48.8,-0.5,,,,
35.714,5,Atta_5,528.1,225.1,232.4,54.8,6.9,,,,
35.714,6,Atta_6,1918.3,1952.6,69.4,56.9,5.6,,,,
35.714,7,Atta_7,113.0,269.9,171.8,-42.1,1.8,,,,
35.714,8,Atta_8,1308.5,2436.3,27.8,25.2,-2.1,,,,
35.714,9,Atta_9,943.9,1989.7,109.5,71.6,-0.1,,,,
35.714,10,Atta_10,352.3,2714.5,33.7,-29.4,8.8,,,,
35.784,1,Atta_1,853.3,1198.5,160.3,-67.2,-1.1,,,,
35.784,2,Atta_2,425.3,513.6,325.7,39.7,-1.1,,,,
35.784,3,Atta_3,694.1,2609.0,170.0,46.3,-1.1,,,,
35.784,4,Atta_4,2095.1,987.5,35.2,4.9,-1.3,,,,
35.784,5,Atta_5,584.0,212.0,234.7,-57.4,2.3,,,,
35.784,6,Atta_6,1924.4,1880.2,75.6,-72.7,6.2,,,,
35.784,7,Atta_7,93.8,271.4,173.3,19.3,1.5,,,,
35.784,8,Atta_8,1332.6,2412.1,26.1,34.2,-1.7,,,,
35.784,9,Atta_9,1049.2,1954.8,116.8,-110.9,7.3,,,,
35.784,10,Atta_10,361.3,2685.8,37.5,-30.1,3.8,,,,
35.854,1,Atta_1,788.9,1265.4,161.1,92.9,0.8,,,,
35.854,2,Atta_2,454.2,518.5,328.7,29.3,3.0,,,,
35.854,3,Atta_3,637.4,2607.6,166.3,56.7,-3.7,,,,
35.854,4,Atta_4,2116.2,980.1,33.4,22.4,-1.8,,,,
35.854,5,Atta_5,520.2,207.4,240.9,64.0,6.2,,,,
35.854,6,Atta_6,1901.8,1898.4,79.5,29.0,3.9,,,,
35.854,7,Atta_7,117.8,251.6,175.2,-31.1,1.9,,,,
35.854,8,Atta_8,1330.2,2402.5,23.8,-9.9,-2.3,,,,
35.854,9,Atta_9,975.2,1953.8,120.2,74.0,3.4,,,,
35.854,10,Atta_10,352.8,2722.8,43.5,38.0,6.0,,,,
35.924,1,Atta_1,796.4,1298.5,162.8,33.9,1.7,,,,
35.924,2,Atta_2,454.3,513.2,326.9,5.3,-1.8,,,,
35.924,3,Atta_3,661.0,2665.3,173.6,-62.3,7.3,,,,
35.924,4,Atta_4,2112.5,978.6,35.0,-4.0,1.6,,,,
35.924,5,Atta_5,507.4,251.6,242.7,-46.0,1.8,,,,
35.924,6,Atta_6,1899.8,1898.8,84.9,2.0,5.4,,,,
35.924,7,Atta_7,141.2,207.9,175.7,-49.6,0.5,,,,
35.924,8,Atta_8,1351.4,2472.7,25.5,73.3,1.7,,,,
35.924,9,Atta_9,1023.4,1989.2,129.1,59.8,8.9,,,,
35.924,10,Atta_10,325.8,2709.4,46.7,-30.1,3.2,,,,
35.99,1,Atta_1,762.7,1230.9,163.5,75.5,0.7,,,,
35.99,2,Atta_2,472.5,541.9,323.7,-34.0,-3.2,,,,
35.99,3,Atta_3,624.5,2622.3,171.0,56.4,-2.6,,,,
35.99,4,Atta_4,2159.0,931.8,32.3,66.0,-2.7,,,,
35.99,5,Atta_5,547.0,229.5,251.3,45.3,8.6,,,,
35.99,6,Atta_6,1981.2,1912.0,88.6,82.5,3.7,,,,
35.99,7,Atta_7,141.6,246.8,171.7,38.9,-4.0,,,,
35.99,8,Atta_8,1322.7,2451.8,26.8,-35.5,1.3,,,,
35.99,9,Atta_9,1044.3,1961.3,126.4,-34.9,-2.7,,,,
35.99,10,Atta_10,391.2,2704.4,50.3,65.6,3.6,,,,
36.059,1,Atta_1,750.4,1244.6,166.0,18.4,2.5,,,,
36.059,2,Atta_2,491.5,509.3,326.6,37.7,2.9,,,,
36.059,3,Atta_3,639.6,2624.5,164.0,-15.3,-7.0,,,,
36.059,4,Atta_4,2172.3,981.7,38.7,51.6,6.4,,,,
36.059,5,Atta_5,557.1,221.8,252.7,12.7,1.4,,,,
36.059,6,Atta_6,1928.6,1886.2,90.4,-58.6,1.8,,,,
36.059,7,Atta_7,216.0,238.8,175.5,-74.8,3.8,,,,
36.059,8,Atta_8,1381.0,2425.0,25.3,64.2,-1.5,,,,
36.059,9,Atta_9,1006.3,1931.4,135.4,-48.4,9.0,,,,
36.059,10,Atta_10,349.1,2644.6,56.2,-73.1,5.9,,,,
36.125,1,Atta_1,713.2,1276.2,162.2,48.8,-3.8,,,,
36.125,2,Atta_2,448.1,487.4,326.8,-48.6,0.2,,,,
36.125,3,Atta_3,620.9,2673.4,161.2,52.4,-2.8,,,,
36.125,4,Atta_4,2152.4,972.2,34.9,-22.1,-3.8,,,,
36.125,5,Atta_5,525.2,216.4,256.0,32.4,3.3,,,,
36.125,6,Atta_6,1924.8,1890.2,100.2,5.5,9.8,,,,
36.125,7,Atta_7,179.1,279.5,173.8,54.9,-1.7,,,,
36.125,8,Atta_8,1384.0,2444.9,23.6,20.1,-1.7,,,,
36.125,9,Atta_9,1011.0,1964.2,140.7,33.1,5.3,,,,
36.125,10,Atta_10,304.9,2653.4,58.6,-45.1,2.4,,,,
36.194,1,Atta_1,741.8,1232.6,162.4,-52.1,0.2,,,,
36.194,2,Atta_2,484.4,423.2,324.9,73.8,-1.9,,,,
36.194,3,Atta_3,617.1,2652.9,160.3,-20.8,-0.9,,,,
36.194,4,Atta_4,2167.9,974.6,35.7,15.7,0.8,,,,
36.194,5,Atta_5,551.7,239.9,265.1,-35.4,9.1,,,,
36.194,6,Atta_6,1953.9,1897.1,100.7,29.9,0.5,,,,
36.194,7,Atta_7,115.4,246.4,170.9,71.8,-2.9,,,,
36.194,8,Atta_8,1374.5,2431.9,26.3,-16.1,2.7,,,,
36.194,9,Atta_9,960.7,1988.9,142.8,56.0,2.1,,,,
36.194,10,Atta_10,383.5,2669.0,65.3,80.1,6.7,,,,
36.263,1,Atta_1,706.8,1248.0,161.4,38.2,-1.0,,,,
36.263,2,Atta_2,479.9,419.6,324.7,-5.8,-0.2,,,,
36.263,3,Atta_3,591.3,2631.7,152.4,33.4,-7.9,,,,
36.263,4,Atta_4,2158.9,1010.2,32.9,36.7,-2.8,,,,
36.263,5,Atta_5,499.1,240.8,268.9,52.6,3.8,,,,
36.263,6,Atta_6,1943.0,1917.4,102.9,23.0,2.2,,,,
36.263,7,Atta_7,157.2,260.2,164.2,-44.0,-6.7,,,,
36.263,8,Atta_8,1363.5,2440.1,25.8,-13.7,-0.5,,,,
36.263,9,Atta_9,984.9,1911.3,151.1,-81.3,8.3,,,,
36.263,10,Atta_10,383.2,2703.1,67.6,34.1,2.3,,,,
36.33,1,Atta_1,742.0,1304.0,163.0,-66.1,1.6,,,,
36.33,2,Atta_2,532.7,510.3,325.2,-104.9,0.5,,,,
36.33,3,Atta_3,581.2,2663.6,149.9,33.5,-2.5,,,,
36.33,4,Atta_4,2152.9,997.2,33.3,-14.3,0.4,,,,
36.33,5,Atta_5,543.5,201.3,269.9,59.4,1.0,,,,
36.33,6,Atta_6,1944.9,1923.5,108.9,6.4,6.0,,,,
36.33,7,Atta_7,161.3,285.3,162.8,25.4,-1.4,,,,
36.33,8,Atta_8,1382.7,2470.9,32.4,36.3,6.6,,,,
36.33,9,Atta_9,967.6,1949.8,153.1,42.2,2.0,,,,
36.33,10,Atta_10,324.1,2663.6,73.7,-71.1,6.1,,,,
36.399,1,Atta_1,676.5,1314.7,160.7,66.4,-2.3,,,,
36.399,2,Atta_2,499.3,428.0,322.9,88.8,-2.3,,,,
36.399,3,Atta_3,642.1,2637.6,142.9,-66.2,-7.0,,,,
36.399,4,Atta_4,2209.9,1025.4,41.7,63.6,8.4,,,,
36.399,5,Atta_5,520.8,184.1,276.1,28.5,6.2,,,,
36.399,6,Atta_6,1934.1,1986.0,115.4,63.4,6.5,,,,
36.399,7,Atta_7,208.3,253.7,158.6,-56.6,-4.2,,,,
36.399,8,Atta_8,1388.5,2420.4,34.8,-50.8,2.4,,,,
36.399,9,Atta_9,1009.2,1931.5,157.2,-45.4,4.1,,,,
36.399,10,Atta_10,361.1,2673.0,75.8,38.2,2.1,,,,
36.466,1,Atta_1,701.2,1301.4,161.1,-28.1,0.4,,,,
36.466,2,Atta_2,559.1,406.8,326.0,63.4,3.1,,,,
36.466,3,Atta_3,678.5,2656.0,137.8,-40.8,-5.1,,,,
36.466,4,Atta_4,2220.0,988.8,46.7,-38.0,5.0,,,,
36.466,5,Atta_5,537.8,211.5,277.3,-32.2,1.2,,,,
36.466,6,Atta_6,1925.9,1930.1,116.5,-56.5,1.1,,,,
36.466,7,Atta_7,239.8,257.2,155.4,-31.7,-3.2,,,,
36.466,8,Atta_8,1390.2,2434.7,32.0,14.4,-2.8,,,,
36.466,9,Atta_9,948.0,1971.6,163.4,73.2,6.2,,,,
36.466,10,Atta_10,319.7,2672.5,78.3,-41.4,2.5,,,,
36.532,1,Atta_1,675.5,1273.9,162.1,37.6,1.0,,,,
36.532,2,Atta_2,479.6,452.5,323.2,-91.7,-2.8,,,,
36.532,3,Atta_3,584.0,2688.2,133.0,99.8,-4.8,,,,
36.532,4,Atta_4,2202.1,1028.0,51.1,43.1,4.4,,,,
36.532,5,Atta_5,543.9,210.4,278.3,6.2,1.0,,,,
36.532,6,Atta_6,1883.2,1938.8,123.2,43.6,6.7,,,,
36.532,7,Atta_7,143.0,202.2,144.9,111.3,-10.5,,,,
36.532,8,Atta_8,1397.0,2489.1,30.5,54.8,-1.5,,,,
36.532,9,Atta_9,944.5,1975.9,164.3,5.5,0.9,,,,
36.532,10,Atta_10,366.5,2732.0,85.0,75.7,6.7,,,,
36.598,1,Atta_1,682.3,1312.6,160.7,39.3,-1.4,,,,
36.598,2,Atta_2,553.4,433.8,325.7,76.1,2.5,,,,
36.598,3,Atta_3,606.3,2626.8,127.0,-65.3,-6.0,,,,
36.598,4,Atta_4,2133.2,985.0,53.5,-81.2,2.4,,,,
36.598,5,Atta_5,543.8,196.0,277.2,14.4,-1.1,,,,
36.598,6,Atta_6,1920.4,1881.3,126.4,-68.5,3.2,,,,
36.598,7,Atta_7,213.7,264.5,146.3,-94.2,1.4,,,,
36.598,8,Atta_8,1406.0,2428.9,33.9,-60.9,3.4,,,,
36.598,9,Atta_9,993.4,1968.1,169.1,-49.5,4.8,,,,
36.598,10,Atta_10,383.8,2652.9,93.3,-81.0,8.3,,,,
36.667,1,Atta_1,582.1,1341.4,165.3,104.3,4.6,,,,
36.667,2,Atta_2,514.2,422.6,329.1,-40.8,3.4,,,,
36.667,3,Atta_3,609.3,2572.4,128.3,-54.5,1.3,,,,
36.667,4,Atta_4,2184.6,1001.9,58.6,54.1,5.1,,,,
36.667,5,Atta_5,560.5,207.1,279.0,-20.1,1.8,,,,
36.667,6,Atta_6,1937.1,1920.6,134.8,42.7,8.4,,,,
36.667,7,Atta_7,180.2,247.2,136.0,37.7,-10.3,,,,
36.667,8,Atta_8,1336.1,2377.8,29.1,-86.6,-4.8,,,,
36.667,9,Atta_9,991.7,1953.0,175.4,-15.2,6.3,,,,
36.667,10,Atta_10,378.8,2707.2,98.3,54.5,5.0,,,,
36.734,1,Atta_1,644.3,1375.8,164.2,-71.1,-1.1,,,,
36.734,2,Atta_2,497.7,461.6,328.6,-42.3,-0.5,,,,
36.734,3,Atta_3,646.0,2637.1,122.7,74.4,-5.6,,,,
36.734,4,Atta_4,2146.1,1051.1,59.6,62.5,1.0,,,,
36.734,5,Atta_5,493.9,249.0,277.7,-78.7,-1.3,,,,
36.734,6,Atta_6,1890.9,1849.0,133.6,-85.2,-1.2,,,,
36.734,7,Atta_7,201.5,183.6,137.1,-67.1,1.1,,,,
36.734,8,Atta_8,1326.9,2431.4,30.1,54.4,1.0,,,,
36.734,9,Atta_9,988.5,2011.5,179.1,58.6,3.7,,,,
36.734,10,Atta_10,340.1,2694.0,101.1,-40.9,2.8,,,,
36.802,1,Atta_1,641.6,1254.5,162.3,-121.3,-1.9,,,,
36.802,2,Atta_2,620.5,418.3,322.2,130.2,-6.4,,,,
36.802,3,Atta_3,657.0,2647.1,115.9,14.9,-6.8,,,,
36.802,4,Atta_4,2206.4,998.2,68.1,-80.2,8.5,,,,
36.802,5,Atta_5,537.8,192.3,275.3,71.7,-2.4,,,,
36.802,6,Atta_6,1897.3,1902.1,141.1,53.5,7.5,,,,
36.802,7,Atta_7,127.6,253.2,128.2,101.5,-8.9,,,,
36.802,8,Atta_8,1283.1,2403.1,25.6,-52.1,-4.5,,,,
36.802,9,Atta_9,1022.2,1990.0,181.2,-40.0,2.1,,,,
36.802,10,Atta_10,379.6,2690.6,98.1,-39.6,-3.0,,,,
36.856,1,Atta_1,636.3,1323.3,161.7,69.0,-0.6,,,,
36.856,2,Atta_2,602.8,447.3,323.8,-34.0,1.6,,,,
36.856,3,Atta_3,634.1,2656.6,110.9,24.8,-5.0,,,,
36.856,4,Atta_4,2131.9,1000.6,74.2,-74.5,6.1,,,,
36.856,5,Atta_5,522.8,182.2,282.9,18.1,7.6,,,,
36.856,6,Atta_6,1892.6,1901.9,145.6,4.7,4.5,,,,
36.856,7,Atta_7,177.2,253.1,126.4,-49.6,-1.8,,,,
36.856,8,Atta_8,1332.9,2430.5,21.6,56.8,-4.0,,,,
36.856,9,Atta_9,1014.8,1974.6,192.4,17.1,11.2,,,,
36.856,10,Atta_10,333.9,2694.4,101.7,45.9,3.6,,,,
36.922,1,Atta_1,606.0,1319.1,162.4,30.6,0.7,,,,
36.922,2,Atta_2,511.3,410.6,327.3,-98.6,3.5,,,,
36.922,3,Atta_3,632.1,2642.4,108.3,-14.3,-2.6,,,,
36.922,4,Atta_4,2152.7,1028.4,75.9,34.7,1.7,,,,
36.922,5,Atta_5,522.3,218.0,280.0,-35.8,-2.9,,,,
36.922,6,Atta_6,1933.6,1905.3,150.1,-41.1,4.5,,,,
36.922,7,Atta_7,190.7,215.3,120.0,-40.1,-6.4,,,,
36.922,8,Atta_8,1333.6,2413.9,18.5,-16.6,-3.1,,,,
36.922,9,Atta_9,972.0,1954.8,194.0,47.2,1.6,,,,
36.922,10,Atta_10,353.4,2650.2,101.8,-48.3,0.1,,,,
36.988,1,Atta_1,641.3,1299.3,168.1,-40.5,5.7,,,,
36.988,2,Atta_2,563.1,352.1,325.1,78.1,-2.2,,,,
36.988,3,Atta_3,645.4,2724.2,102.1,82.9,-6.2,,,,
36.988,4,Atta_4,2152.9,1033.3,82.8,4.9,6.9,,,,
36.988,5,Atta_5,523.3,156.8,280.1,61.2,0.1,,,,
36.988,6,Atta_6,1882.4,1871.5,152.9,61.4,2.8,,,,
36.988,7,Atta_7,164.7,302.2,116.7,90.7,-3.3,,,,
36.988,8,Atta_8,1288.9,2389.4,14.2,-51.0,-4.3,,,,
36.988,9,Atta_9,1005.1,1945.3,198.2,-34.4,4.2,,,,
36.988,10,Atta_10,326.5,2636.2,102.5,-30.3,0.7,,,,
37.056,1,Atta_1,631.7,1326.1,164.1,28.5,-4.0,,,,
37.056,2,Atta_2,625.5,342.9,326.4,63.1,1.3,,,,
37.056,3,Atta_3,556.6,2610.0,101.9,-144.7,-0.2,,,,
37.056,4,Atta_4,2173.1,1016.3,86.8,-26.4,4.0,,,,
37.056,5,Atta_5,567.7,156.5,274.7,44.4,-5.4,,,,
37.056,6,Atta_6,1942.1,1921.0,162.7,-77.6,9.8,,,,
37.056,7,Atta_7,183.4,276.6,117.3,-31.7,0.6,,,,
37.056,8,Atta_8,1272.9,2391.0,5.9,-16.1,-8.3,,,,
37.056,9,Atta_9,1007.1,1966.4,207.9,-21.2,9.7,,,,
37.056,10,Atta_10,391.0,2672.1,106.1,73.8,3.6,,,,
37.127,1,Atta_1,605.0,1299.9,162.6,37.4,-1.5,,,,
37.127,2,Atta_2,599.3,374.3,327.1,-40.9,0.7,,,,
37.127,3,Atta_3,602.6,2720.6,95.6,119.8,-6.3,,,,
37.127,4,Atta_4,2196.6,974.1,90.9,-48.3,4.1,,,,
37.127,5,Atta_5,531.5,96.6,276.5,70.0,1.8,,,,
37.127,6,Atta_6,1944.3,1955.0,161.2,34.1,-1.5,,,,
37.127,7,Atta_7,143.7,224.1,115.5,-65.8,-1.8,,,,
37.127,8,Atta_8,1338.3,2386.6,1.7,65.5,-4.2,,,,
37.127,9,Atta_9,1000.8,2012.4,205.5,-46.4,-2.4,,,,
37.127,10,Atta_10,351.1,2654.6,105.9,-43.6,-0.2,,,,
37.248,1,Atta_1,618.3,1288.5,162.4,-17.5,-0.2,,,,
37.248,2,Atta_2,594.3,354.2,325.0,20.7,-2.1,,,,
37.248,3,Atta_3,612.2,2644.0,91.4,-77.2,-4.2,,,,
37.248,4,Atta_4,2155.7,1007.1,92.4,52.6,1.5,,,,
37.248,5,Atta_5,539.9,175.3,277.9,-79.1,1.4,,,,
37.248,6,Atta_6,1935.3,1877.4,165.6,-78.1,4.4,,,,
37.248,7,Atta_7,143.6,260.6,115.0,36.5,-0.5,,,,
37.248,8,Atta_8,1325.4,2416.4,1.8,-32.5,0.1,,,,
37.248,9,Atta_9,1020.6,2008.1,216.7,-20.3,11.2,,,,
37.248,10,Atta_10,329.5,2705.0,109.1,54.8,3.2,,,,
37.317,1,Atta_1,564.8,1338.3,163.1,73.1,0.7,,,,
37.317,2,Atta_2,676.5,380.9,323.0,86.4,-2.0,,,,
37.317,3,Atta_3,689.2,2656.9,83.6,78.1,-7.8,,,,
37.317,4,Atta_4,2172.9,1074.7,104.4,69.8,12.0,,,,
37.317,5,Atta_5,576.6,142.3,280.2,49.4,2.3,,,,
37.317,6,Atta_6,1873.3,1918.8,179.9,74.6,14.3,,,,
37.317,7,Atta_7,142.0,266.5,116.5,6.1,1.5,,,,
37.317,8,Atta_8,1301.1,2382.8,352.3,-41.5,-9.5,,,,
37.317,9,Atta_9,1051.7,2004.5,217.0,-31.3,0.3,,,,
37.317,10,Atta_10,355.4,2648.8,115.3,-61.9,6.2,,,,
37.385,1,Atta_1,527.8,1355.9,166.0,41.0,2.9,,,,
37.385,2,Atta_2,657.5,366.9,320.4,-23.6,-2.6,,,,
37.385,3,Atta_3,629.5,2654.2,81.6,-59.8,-2.0,,,,
37.385,4,Atta_4,2180.0,1064.2,113.0,-12.7,8.6,,,,
37.385,5,Atta_5,516.3,93.2,279.9,77.8,-0.3,,,,
37.385,6,Atta_6,1950.6,1941.7,178.3,-80.6,-1.6,,,,
37.385,7,Atta_7,179.0,270.0,116.1,-37.2,-0.4,,,,
37.385,8,Atta_8,1282.1,2380.0,349.3,-19.2,-3.0,,,,
37.385,9,Atta_9,985.6,1997.3,215.1,66.5,-1.9,,,,
37.385,10,Atta_10,384.7,2633.7,119.3,-33.0,4.0,,,,
37.514,1,Atta_1,543.4,1284.4,163.3,-73.2,-2.7,,,,
37.514,2,Atta_2,645.3,335.5,322.1,33.7,1.7,,,,
37.514,3,Atta_3,647.3,2676.7,79.6,28.7,-2.0,,,,
37.514,4,Atta_4,2205.4,1072.6,111.4,-26.8,-1.6,,,,
37.514,5,Atta_5,586.6,122.5,276.8,-76.2,-3.1,,,,
37.514,6,Atta_6,1952.2,1885.6,184.3,-56.1,6.0,,,,
37.514,7,Atta_7,146.6,200.3,117.8,-76.9,1.7,,,,
37.514,8,Atta_8,1347.0,2461.0,340.1,103.8,-9.2,,,,
37.514,9,Atta_9,1017.7,1939.1,215.5,66.5,0.4,,,,
37.514,10,Atta_10,375.4,2703.3,128.8,70.2,9.5,,,,
37.58,1,Atta_1,493.5,1334.5,160.8,70.7,-2.5,,,,
37.58,2,Atta_2,664.4,305.8,323.8,35.3,1.7,,,,
37.58,3,Atta_3,687.8,2656.5,83.3,-45.3,3.7,,,,
37.58,4,Atta_4,2170.0,1012.8,120.9,-69.5,9.5,,,,
37.58,5,Atta_5,541.1,126.0,278.8,-45.6,2.0,,,,
37.58,6,Atta_6,1917.3,1919.4,189.2,48.6,4.9,,,,
37.58,7,Atta_7,209.2,284.7,115.8,105.1,-2.0,,,,
37.58,8,Atta_8,1288.6,2412.0,333.8,-76.2,-6.3,,,,
37.58,9,Atta_9,1000.4,1976.3,217.5,-41.0,2.0,,,,
37.58,10,Atta_10,391.8,2685.7,137.1,-24.1,8.3,,,,
37.649,1,Atta_1,504.4,1388.4,164.9,55.0,4.1,,,,
37.649,2,Atta_2,650.8,325.6,323.0,-24.0,-0.8,,,,
37.649,3,Atta_3,626.8,2603.4,82.7,-80.9,-0.6,,,,
37.649,4,Atta_4,2155.4,1008.4,128.8,15.2,7.9,,,,
37.649,5,Atta_5,548.2,141.0,284.5,-16.6,5.7,,,,
37.649,6,Atta_6,1968.1,1915.7,192.9,-50.9,3.7,,,,
37.649,7,Atta_7,190.4,291.3,115.1,19.9,-0.7,,,,
37.649,8,Atta_8,1346.5,2417.9,334.2,58.2,0.4,,,,
37.649,9,Atta_9,946.8,1956.3,220.9,57.2,3.4,,,,
37.649,10,Atta_10,304.6,2675.8,138.7,87.8,1.6,,,,
37.778,1,Atta_1,533.1,1365.5,164.3,-36.7,-0.6,,,,
37.778,2,Atta_2,641.7,383.6,323.4,-58.7,0.4,,,,
37.778,3,Atta_3,645.2,2643.8,82.9,44.4,0.2,,,,
37.778,4,Atta_4,2171.6,1034.8,131.4,31.0,2.6,,,,
37.778,5,Atta_5,488.4,150.3,277.6,-60.5,-6.9,,,,
37.778,6,Atta_6,1937.7,1896.8,187.4,35.8,-5.5,,,,
37.778,7,Atta_7,215.3,307.4,115.9,29.7,0.8,,,,
37.778,8,Atta_8,1362.7,2462.7,333.1,-47.6,-1.1,,,,
37.778,9,Atta_9,983.1,1997.7,226.5,-55.1,5.6,,,,
37.778,10,Atta_10,351.8,2700.4,146.4,-53.2,7.7,,,,
37.849,1,Atta_1,518.0,1390.9,165.2,29.5,0.9,,,,
37.849,2,Atta_2,708.3,282.6,326.4,121.0,3.0,,,,
37.849,3,Atta_3,666.3,2717.8,85.2,76.9,2.3,,,,
37.849,4,Atta_4,2162.2,1008.1,133.3,-28.3,1.9,,,,
37.849,5,Atta_5,566.1,109.8,278.9,87.6,1.3,,,,
37.849,6,Atta_6,1946.1,1950.9,190.0,-54.7,2.6,,,,
37.849,7,Atta_7,122.3,317.9,116.3,93.6,0.4,,,,
37.849,8,Atta_8,1350.2,2423.9,330.4,40.8,-2.7,,,,
37.849,9,Atta_9,1032.3,2000.0,228.2,-49.3,1.7,,,,
37.918,1,Atta_1,470.4,1362.1,168.8,55.6,3.6,,,,
37.918,2,Atta_2,722.2,309.2,327.8,-30.0,1.4,,,,
37.918,3,Atta_3,661.3,2684.7,83.2,-33.5,-2.0,,,,
37.918,4,Atta_4,2187.0,1091.0,141.0,86.5,7.7,,,,
37.918,5,Atta_5,589.4,182.7,282.5,-76.5,3.6,,,,
37.918,6,Atta_6,1907.2,1894.4,190.8,68.6,0.8,,,,
37.918,7,Atta_7,112.6,327.5,118.4,13.6,2.1,,,,
37.918,8,Atta_8,1323.9,2403.8,335.9,-33.1,5.5,,,,
37.918,9,Atta_9,987.4,1934.4,240.0,79.5,11.8,,,,
37.918,10,Atta_10,348.7,2711.8,161.0,11.8,14.6,,,,
38.055,1,Atta_1,442.2,1350.7,164.8,30.4,-4.0,,,,
38.055,2,Atta_2,688.6,294.2,327.7,-36.8,-0.1,,,,
38.055,3,Atta_3,641.5,2685.6,80.4,-19.8,-2.8,,,,
38.055,4,Atta_4,2267.3,1066.6,148.1,-83.9,7.1,,,,
38.055,5,Atta_5,477.0,106.8,284.8,135.6,2.3,,,,
38.055,6,Atta_6,1897.2,1952.3,192.7,-58.8,1.9,,,,
38.055,7,Atta_7,114.5,375.3,119.6,47.8,1.2,,,,
38.055,8,Atta_8,1356.4,2357.2,335.0,56.8,-0.9,,,,
38.055,9,Atta_9,978.0,1999.5,241.0,-65.8,1.0,,,,
38.055,10,Atta_10,369.5,2654.6,160.7,-60.9,-0.3,,,,
38.124,1,Atta_1,423.9,1338.2,164.8,22.2,0.0,,,,
38.124,2,Atta_2,774.8,235.1,322.0,104.5,-5.7,,,,
38.124,3,Atta_3,665.1,2669.9,83.5,-28.3,3.1,,,,
38.124,4,Atta_4,2165.8,1056.7,157.9,102.0,9.8,,,,
38.124,5,Atta_5,542.3,187.0,295.2,-103.4,10.4,,,,
38.124,6,Atta_6,1916.3,1953.7,191.6,-19.2,-1.1,,,,
38.124,7,Atta_7,120.1,339.0,124.2,-36.7,4.6,,,,
38.124,8,Atta_8,1344.7,2436.5,332.9,-80.2,-2.1,,,,
38.124,9,Atta_9,1000.0,2002.0,253.5,-22.1,12.5,,,,
38.124,10,Atta_10,332.1,2674.7,172.5,42.5,11.8,,,,
38.264,1,Atta_1,373.7,1337.8,166.1,50.2,1.3,,,,
38.264,2,Atta_2,767.3,321.5,323.5,-86.7,1.5,,,,
38.264,3,Atta_3,618.9,2634.0,81.5,-58.5,-2.0,,,,
38.264,4,Atta_4,2146.8,994.8,161.3,-64.8,3.4,,,,
38.264,5,Atta_5,553.0,134.3,297.0,53.8,1.8,,,,
38.264,6,Atta_6,1844.0,1899.1,188.6,90.6,-3.0,,,,
38.264,7,Atta_7,132.1,361.9,130.9,25.9,6.7,,,,
38.264,8,Atta_8,1437.9,2320.6,332.6,148.7,-0.3,,,,
38.264,9,Atta_9,1003.2,1986.1,252.7,16.2,-0.8,,,,
38.264,10,Atta_10,360.5,2718.4,177.3,-52.1,4.8,,,,
38.326,1,Atta_1,341.4,1370.8,164.0,46.2,-2.1,,,,
38.326,2,Atta_2,795.1,236.6,324.5,89.3,1.0,,,,
38.326,3,Atta_3,598.5,2592.0,82.6,-46.7,1.1,,,,
38.326,4,Atta_4,2121.9,1048.4,169.2,59.1,7.9,,,,
38.326,5,Atta_5,544.0,185.9,309.1,-52.4,12.1,,,,
38.326,6,Atta_6,1886.0,1890.5,188.7,-42.9,0.1,,,,
38.326,7,Atta_7,55.1,307.9,138.0,94.0,7.1,,,,
38.326,8,Atta_8,1390.1,2319.0,333.7,-47.8,1.1,,,,
38.326,9,Atta_9,1025.3,1961.1,266.9,33.4,14.2,,,,
38.326,10,Atta_10,348.3,2748.0,187.3,32.0,10.0,,,,
38.397,1,Atta_1,357.9,1372.2,166.7,-16.6,2.7,,,,
38.397,2,Atta_2,759.8,267.9,322.0,-47.2,-2.5,,,,
38.397,3,Atta_3,641.6,2635.1,83.3,61.0,0.7,,,,
38.397,4,Atta_4,2184.5,1101.6,172.3,-82.2,3.1,,,,
38.397,5,Atta_5,532.3,170.2,313.2,19.6,4.1,,,,
38.397,6,Atta_6,1787.0,1896.0,193.4,99.2,4.7,,,,
38.397,7,Atta_7,117.3,365.9,139.3,-85.0,1.3,,,,
38.397,8,Atta_8,1398.8,2411.6,332.3,-93.0,-1.4,,,,
38.397,9,Atta_9,1008.7,1973.3,271.2,-20.6,4.3,,,,
38.397,10,Atta_10,366.9,2688.7,188.2,-62.1,0.9,,,,
38.463,1,Atta_1,440.0,1352.0,165.3,-84.5,-1.4,,,,
38.463,2,Atta_2,764.7,290.3,327.2,-22.9,5.2,,,,
38.463,3,Atta_3,573.6,2585.3,79.3,-84.3,-4.0,,,,
38.463,4,Atta_4,2142.5,1070.1,169.5,52.5,-2.8,,,,
38.463,5,Atta_5,516.6,155.0,318.7,21.9,5.5,,,,
38.463,6,Atta_6,1830.4,1906.3,190.1,-44.6,-3.3,,,,
38.463,7,Atta_7,134.0,331.8,149.4,-38.0,10.1,,,,
38.463,8,Atta_8,1428.7,2350.8,333.9,67.8,1.6,,,,
38.463,9,Atta_9,975.7,1937.3,277.4,48.8,6.2,,,,
38.463,10,Atta_10,311.7,2692.0,192.1,55.3,3.9,,,,
38.53,1,Atta_1,382.0,1349.2,166.1,58.1,0.8,,,,
38.53,2,Atta_2,765.2,262.9,322.8,27.4,-4.4,,,,
38.53,3,Atta_3,629.1,2633.8,75.3,73.7,-4.0,,,,
38.53,4,Atta_4,2199.2,1026.2,166.1,-71.7,-3.4,,,,
38.53,5,Atta_5,495.0,189.2,323.5,-40.4,4.8,,,,
38.53,6,Atta_6,1818.9,1851.8,188.5,55.7,-1.6,,,,
38.53,7,Atta_7,119.1,295.5,149.6,-39.2,0.2,,,,
38.53,8,Atta_8,1424.6,2298.2,333.3,52.8,-0.6,,,,
38.53,9,Atta_9,1025.4,1997.4,283.2,-78.0,5.8,,,,
38.53,10,Atta_10,331.1,2703.9,189.0,-22.8,-3.1,,,,
38.596,1,Atta_1,369.3,1402.7,163.7,55.0,-2.4,,,,
38.596,2,Atta_2,830.9,208.6,326.2,85.2,3.4,,,,
38.596,3,Atta_3,625.4,2656.2,70.8,22.7,-4.5,,,,
38.596,4,Atta_4,2157.1,1012.2,165.1,44.4,-1.0,,,,
38.596,5,Atta_5,531.0,135.7,324.3,64.5,0.8,,,,
38.596,6,Atta_6,1847.3,1877.5,188.5,-38.3,0.0,,,,
38.596,7,Atta_7,95.2,314.2,156.5,30.3,6.9,,,,
38.596,8,Atta_8,1461.3,2323.8,336.2,44.7,2.9,,,,
38.596,9,Atta_9,981.3,1991.5,284.8,-44.5,1.6,,,,
38.596,10,Atta_10,349.8,2649.0,190.7,-58.0,1.7,,,,
38.666,1,Atta_1,351.4,1393.1,165.7,20.3,2.0,,,,
38.666,2,Atta_2,785.4,224.7,326.3,-48.3,0.1,,,,
38.666,3,Atta_3,639.4,2591.7,62.6,-66.0,-8.2,,,,
38.666,4,Atta_4,2143.7,1032.0,167.3,23.9,2.2,,,,
38.666,5,Atta_5,492.5,174.1,333.5,-54.4,9.2,,,,
38.666,6,Atta_6,1756.3,1878.5,186.9,91.0,-1.6,,,,
38.666,7,Atta_7,133.9,347.7,163.8,-51.2,7.3,,,,
38.666,8,Atta_8,1405.3,2371.2,327.7,-73.4,-8.5,,,,
38.666,9,Atta_9,972.9,2001.5,285.4,-13.1,0.6,,,,
38.666,10,Atta_10,394.6,2658.8,191.2,-45.9,0.5,,,,
38.732,1,Atta_1,343.3,1390.5,165.6,8.5,-0.1,,,,
38.732,2,Atta_2,871.7,178.9,324.0,97.7,-2.3,,,,
38.732,3,Atta_3,651.4,2625.7,60.3,36.1,-2.3,,,,
38.732,4,Atta_4,2151.9,1051.0,167.7,-20.7,0.4,,,,
38.732,5,Atta_5,517.2,129.7,334.8,50.8,1.3,,,,
38.732,6,Atta_6,1769.8,1873.5,188.4,-14.4,1.5,,,,
38.732,7,Atta_7,63.4,367.7,164.7,73.3,0.9,,,,
38.732,8,Atta_8,1416.4,2374.3,327.7,11.5,0.0,,,,
38.732,9,Atta_9,1009.1,1967.7,288.6,49.5,3.2,,,,
38.732,10,Atta_10,339.5,2666.2,192.0,55.6,0.8,,,,
38.798,1,Atta_1,302.3,1441.7,163.2,65.6,-2.4,,,,
38.798,2,Atta_2,841.1,200.4,323.4,-37.4,-0.6,,,,
38.798,3,Atta_3,622.8,2614.9,61.2,-30.6,0.9,,,,
38.798,4,Atta_4,2134.9,1018.3,162.3,36.9,-5.4,,,,
38.798,5,Atta_5,509.2,136.8,335.0,-10.7,0.2,,,,
38.798,6,Atta_6,1780.6,1917.0,188.6,-44.8,0.2,,,,
38.798,7,Atta_7,123.6,356.5,168.7,-61.2,4.0,,,,
38.798,8,Atta_8,1441.9,2362.0,317.5,28.3,-10.2,,,,
38.798,9,Atta_9,944.6,1922.9,289.4,78.5,0.8,,,,
38.798,10,Atta_10,352.2,2678.4,197.0,-17.6,5.0,,,,
38.867,1,Atta_1,343.7,1445.1,163.1,-41.5,-0.1,,,,
38.867,2,Atta_2,837.1,233.2,323.3,-33.0,-0.1,,,,
38.867,3,Atta_3,668.6,2652.2,53.3,59.1,-7.9,,,,
38.867,4,Atta_4,2190.3,1008.1,164.0,-56.3,1.7,,,,
38.867,5,Atta_5,520.9,121.0,336.8,19.7,1.8,,,,
38.867,6,Atta_6,1780.9,1892.9,191.4,24.1,2.8,,,,
38.867,7,Atta_7,102.9,397.3,171.6,45.8,2.9,,,,
38.867,8,Atta_8,1401.1,2371.6,314.5,-41.9,-3.0,,,,
38.867,9,Atta_9,999.5,1989.9,293.6,-86.6,4.2,,,,
38.867,10,Atta_10,318.9,2725.7,198.7,57.8,1.7,,,,
38.933,1,Atta_1,284.7,1391.4,167.3,79.8,4.2,,,,
38.933,2,Atta_2,845.6,182.6,322.7,51.3,-0.6,,,,
38.933,3,Atta_3,578.5,2662.9,45.5,-90.7,-7.8,,,,
38.933,4,Atta_4,2173.0,1027.6,162.9,26.1,-1.1,,,,
38.933,5,Atta_5,519.0,150.5,335.9,-29.6,-0.9,,,,
38.933,6,Atta_6,1738.3,1900.7,190.8,43.3,-0.6,,,,
38.933,7,Atta_7,153.0,349.7,182.5,-69.1,10.9,,,,
38.933,8,Atta_8,1451.1,2318.5,312.3,72.9,-2.2,,,,
38.933,9,Atta_9,1010.3,1983.5,293.7,12.6,0.1,,,,
38.933,10,Atta_10,380.9,2622.0,206.7,-120.8,8.0,,,,
39.001,1,Atta_1,294.1,1359.3,167.9,-33.4,0.6,,,,
39.001,2,Atta_2,882.6,202.9,322.9,42.2,0.2,,,,
39.001,3,Atta_3,641.0,2625.2,41.9,73.0,-3.6,,,,
39.001,4,Atta_4,2187.1,1017.8,167.8,-17.2,4.9,,,,
39.001,5,Atta_5,553.7,208.7,333.2,67.8,-2.7,,,,
39.001,6,Atta_6,1741.4,1915.9,191.1,-15.5,0.3,,,,
39.001,7,Atta_7,85.5,305.9,182.3,80.5,-0.2,,,,
39.001,8,Atta_8,1466.8,2330.4,306.9,19.7,-5.4,,,,
39.001,9,Atta_9,968.8,1966.2,292.5,-45.0,-1.2,,,,
39.001,10,Atta_10,352.0,2731.9,208.0,-113.6,1.3,,,,
39.123,1,Atta_1,245.9,1403.6,172.3,65.5,4.4,,,,
39.123,2,Atta_2,919.0,181.9,322.8,42.0,-0.1,,,,
39.123,3,Atta_3,671.6,2595.1,34.1,42.9,-7.8,,,,
39.123,4,Atta_4,2176.5,983.6,164.2,35.8,-3.6,,,,
39.123,5,Atta_5,539.4,215.9,337.1,-16.0,3.9,,,,
39.123,6,Atta_6,1719.0,1852.4,188.2,67.3,-2.9,,,,
39.123,7,Atta_7,43.1,321.0,192.9,45.0,10.6,,,,
39.123,8,Atta_8,1448.6,2329.9,299.6,-18.2,-7.3,,,,
39.123,9,Atta_9,1031.3,1954.3,290.1,63.6,-2.4,,,,
39.123,10,Atta_10,326.0,2678.8,222.1,59.1,14.1,,,,
39.191,1,Atta_1,220.1,1400.6,166.1,26.0,-6.2,,,,
39.191,2,Atta_2,877.6,128.9,321.5,-67.3,-1.3,,,,
39.191,3,Atta_3,601.7,2602.7,31.8,-70.3,-2.3,,,,
39.191,4,Atta_4,2227.4,1014.4,164.9,-59.5,0.7,,,,
39.191,5,Atta_5,558.1,188.1,333.6,33.5,-3.5,,,,
39.191,6,Atta_6,1712.9,1909.1,188.6,-57.0,0.4,,,,
39.191,7,Atta_7,75.0,388.0,191.8,-74.2,-1.1,,,,
39.191,8,Atta_8,1400.6,2382.5,296.1,-71.2,-3.5,,,,
39.191,9,Atta_9,1011.6,1917.4,289.5,41.8,-0.6,,,,
39.191,10,Atta_10,367.7,2689.8,221.3,-43.1,-0.8,,,,
39.26,1,Atta_1,284.7,1441.8,168.7,-76.6,2.6,,,,
39.26,2,Atta_2,894.8,227.4,322.4,-100.0,0.9,,,,
39.26,3,Atta_3,622.7,2605.1,27.0,21.1,-4.8,,,,
39.26,4,Atta_4,2255.9,996.5,173.4,-33.7,8.5,,,,
39.26,5,Atta_5,511.4,149.4,334.9,-60.7,1.3,,,,
39.26,6,Atta_6,1698.7,1899.6,190.1,17.1,1.5,,,,
39.26,7,Atta_7,113.3,360.5,188.5,-47.2,-3.3,,,,
39.26,8,Atta_8,1380.8,2357.6,287.3,31.8,-8.8,,,,
39.26,9,Atta_9,968.1,1972.8,289.4,-70.4,-0.1,,,,
39.26,10,Atta_10,362.4,2700.0,225.3,-11.5,4.0,,,,
39.327,1,Atta_1,162.0,1396.2,168.4,130.9,-0.3,,,,
39.327,2,Atta_2,953.5,171.4,321.3,81.1,-1.1,,,,
39.327,3,Atta_3,629.7,2596.8,26.2,10.9,-0.8,,,,
39.327,4,Atta_4,2205.7,1065.6,175.3,85.4,1.9,,,,
39.327,5,Atta_5,543.8,161.6,336.9,34.6,2.0,,,,
39.327,6,Atta_6,1667.7,1863.8,190.5,47.4,0.4,,,,
39.327,7,Atta_7,121.3,340.1,189.3,-21.9,0.8,,,,
39.327,8,Atta_8,1408.9,2372.8,283.5,-31.9,-3.8,,,,
39.327,9,Atta_9,1027.4,1947.1,291.4,64.6,2.0,,,,
39.327,10,Atta_10,407.8,2607.0,227.7,103.5,2.4,,,,
39.393,1,Atta_1,190.1,1409.6,167.9,-31.1,-0.5,,,,
39.393,2,Atta_2,868.2,140.8,326.2,-90.6,4.9,,,,
39.393,3,Atta_3,632.2,2610.2,23.8,13.6,-2.4,,,,
39.393,4,Atta_4,2253.2,973.9,177.0,-103.3,1.7,,,,
39.393,5,Atta_5,586.3,158.1,334.6,42.6,-2.3,,,,
39.393,6,Atta_6,1696.7,1846.3,190.0,-33.9,-0.5,,,,
39.393,7,Atta_7,81.2,399.5,190.3,71.7,1.0,,,,
39.393,8,Atta_8,1453.7,2359.2,283.0,46.8,-0.5,,,,
39.393,9,Atta_9,1054.6,1973.9,290.3,-38.2,-1.1,,,,
39.393,10,Atta_10,414.5,2698.1,235.4,-91.3,7.7,,,,
39.458,1,Atta_1,224.0,1465.2,167.3,-65.1,-0.6,,,,
39.458,2,Atta_2,934.5,167.5,325.5,71.5,-0.7,,,,
39.458,3,Atta_3,659.2,2639.2,25.3,39.6,1.5,,,,
39.458,4,Atta_4,2160.9,966.6,179.9,92.6,2.9,,,,
39.458,5,Atta_5,568.3,134.0,335.2,-30.1,0.6,,,,
39.458,6,Atta_6,1667.1,1887.0,186.4,50.3,-3.6,,,,
39.458,7,Atta_7,139.1,365.7,185.1,-67.0,-5.2,,,,
39.458,8,Atta_8,1397.8,2307.9,276.8,75.9,-6.2,,,,
39.458,9,Atta_9,1023.6,1901.3,286.5,78.9,-3.8,,,,
39.458,10,Atta_10,348.1,2673.9,230.3,70.7,-5.1,,,,
39.527,1,Atta_1,205.2,1431.2,164.0,38.9,-3.3,,,,
39.527,2,Atta_2,948.8,74.9,323.6,93.7,-1.9,,,,
39.527,3,Atta_3,629.5,2611.0,28.6,-41.0,3.3,,,,
39.527,4,Atta_4,2184.5,953.1,189.5,-27.2,9.6,,,,
39.527,5,Atta_5,580.4,120.7,334.0,18.0,-1.2,,,,
39.527,6,Atta_6,1640.2,1939.9,189.5,59.3,3.1,,,,
39.527,7,Atta_7,85.5,306.1,190.1,80.2,5.0,,,,
39.527,8,Atta_8,1456.0,2341.0,271.8,-67.0,-5.0,,,,
39.527,9,Atta_9,949.0,1879.3,291.3,-77.8,4.8,,,,
39.527,10,Atta_10,406.4,2687.6,232.4,-59.9,2.1,,,,
39.593,1,Atta_1,214.5,1444.7,168.8,-16.4,4.8,,,,
39.593,2,Atta_2,955.2,97.1,323.9,-23.1,0.3,,,,
39.593,3,Atta_3,574.6,2586.2,23.7,-60.2,-4.9,,,,
39.593,4,Atta_4,2221.1,1038.2,190.0,-92.6,0.5,,,,
39.593,5,Atta_5,644.5,144.4,339.2,68.3,5.2,,,,
39.593,6,Atta_6,1622.7,1858.9,186.8,82.9,-2.7,,,,
39.593,7,Atta_7,161.7,401.2,189.8,-121.9,-0.3,,,,
39.593,8,Atta_8,1492.0,2354.0,268.8,-38.3,-3.0,,,,
39.593,9,Atta_9,1077.9,1884.6,288.5,129.0,-2.8,,,,
39.593,10,Atta_10,340.8,2702.4,229.5,67.2,-2.9,,,,
39.731,1,Atta_1,136.2,1429.4,168.3,79.8,-0.5,,,,
39.731,2,Atta_2,972.9,173.8,323.6,-78.7,-0.3,,,,
39.731,3,Atta_3,600.0,2692.5,23.6,109.3,-0.1,,,,
39.731,4,Atta_4,2232.2,1007.0,198.9,-33.1,8.9,,,,
39.731,5,Atta_5,630.3,132.2,334.9,-18.7,-4.3,,,,
39.731,6,Atta_6,1614.7,1859.6,191.8,8.0,5.0,,,,
39.731,7,Atta_7,121.1,338.6,192.9,74.6,3.1,,,,
39.731,8,Atta_8,1444.8,2362.7,254.0,-48.0,-14.8,,,,
39.731,9,Atta_9,1060.1,1841.4,286.8,46.7,-1.7,,,,
39.731,10,Atta_10,310.6,2721.0,240.6,35.5,11.1,,,,
39.796,1,Atta_1,130.7,1480.4,167.9,51.3,-0.4,,,,
39.796,2,Atta_2,942.9,128.3,327.7,54.5,4.1,,,,
39.796,3,Atta_3,655.3,2665.0,22.6,61.8,-1.0,,,,
39.796,4,Atta_4,2194.6,973.9,201.6,50.1,2.7,,,,
39.796,5,Atta_5,613.7,93.9,338.5,41.7,3.6,,,,
39.796,6,Atta_6,1613.1,1872.2,187.7,-12.7,-4.1,,,,
39.796,7,Atta_7,93.1,374.3,189.4,45.4,-3.5,,,,
39.796,8,Atta_8,1466.9,2356.4,253.4,-23.0,-0.6,,,,
39.796,9,Atta_9,1052.9,1803.9,291.9,38.2,5.1,,,,
39.796,10,Atta_10,331.7,2617.8,241.8,105.3,1.2,,,,
39.862,1,Atta_1,157.2,1398.1,166.9,-86.5,-1.0,,,,
39.862,2,Atta_2,1056.0,137.8,323.2,113.5,-4.5,,,,
39.862,3,Atta_3,665.2,2685.8,25.7,23.0,3.1,,,,
39.862,4,Atta_4,2183.6,982.5,211.9,14.0,10.3,,,,
39.862,5,Atta_5,598.1,129.5,341.1,-38.9,2.6,,,,
39.862,6,Atta_6,1561.3,1830.0,175.4,66.8,-12.3,,,,
39.862,7,Atta_7,142.9,353.4,190.6,-54.0,1.2,,,,
39.862,8,Atta_8,1449.1,2362.7,248.4,-18.9,-5.0,,,,
39.862,9,Atta_9,1049.2,1881.7,291.3,-77.9,-0.6,,,,
39.862,10,Atta_10,371.0,2716.8,246.6,-106.5,4.8,,,,
39.997,1,Atta_1,169.3,1435.3,163.6,-39.1,-3.3,,,,
39.997,2,Atta_2,952.0,149.5,322.8,-104.7,-0.4,,,,
39.997,3,Atta_3,653.1,2677.9,29.1,-14.5,3.4,,,,
39.997,4,Atta_4,2238.3,958.5,215.5,-59.7,3.6,,,,
39.997,5,Atta_5,689.5,100.2,345.9,96.0,4.8,,,,
39.997,6,Atta_6,1609.0,1875.6,175.1,-66.0,-0.3,,,,
39.997,7,Atta_7,152.3,321.5,189.4,-33.3,-1.2,,,,
39.997,8,Atta_8,1440.0,2394.5,243.9,-33.1,-4.5,,,,
39.997,9,Atta_9,1094.7,1811.5,293.9,83.7,2.6,,,,
39.997,10,Atta_10,329.0,2677.7,248.3,57.4,1.7,,,,
40.08,1,Atta_1,112.1,1428.0,163.6,57.7,0.0,,,,
40.08,2,Atta_2,998.8,112.5,325.3,59.7,2.5,,,,
40.08,3,Atta_3,652.2,2692.5,27.0,14.6,-2.1,,,,
40.08,4,Atta_4,2232.5,961.7,216.5,6.6,1.0,,,,
40.08,5,Atta_5,717.1,173.1,347.8,77.9,1.9,,,,
40.08,6,Atta_6,1668.8,1844.0,176.9,-67.6,1.8,,,,
40.08,7,Atta_7,178.8,338.0,193.5,-31.2,4.1,,,,
40.08,8,Atta_8,1508.7,2313.0,243.1,106.6,-0.8,,,,
40.08,9,Atta_9,1040.2,1769.8,290.3,68.6,-3.6,,,,
40.08,10,Atta_10,420.0,2742.7,258.6,-111.8,10.3,,,,
40.134,1,Atta_1,68.6,1459.7,168.7,53.8,5.1,,,,
40.134,2,Atta_2,1007.9,127.4,324.1,-17.5,-1.2,,,,
40.134,3,Atta_3,761.1,2641.2,24.7,120.4,-2.3,,,,
40.134,4,Atta_4,2232.1,965.3,222.8,-3.6,6.3,,,,
40.134,5,Atta_5,651.0,118.0,359.0,-86.1,11.2,,,,
40.134,6,Atta_6,1661.5,1836.7,172.4,10.3,-4.5,,,,
40.134,7,Atta_7,142.6,381.6,194.7,56.7,1.2,,,,
40.134,8,Atta_8,1448.0,2327.9,237.1,62.5,-6.0,,,,
40.134,9,Atta_9,1073.2,1767.1,290.7,33.1,0.4,,,,
40.134,10,Atta_10,336.1,2707.3,260.2,91.1,1.6,,,,
40.203,1,Atta_1,102.3,1440.6,164.9,-38.7,-3.8,,,,
40.203,2,Atta_2,1034.3,92.4,323.7,43.8,-0.4,,,,
40.203,3,Atta_3,749.5,2673.1,24.4,33.9,-0.3,,,,
40.203,4,Atta_4,2213.7,1049.5,225.4,-86.2,2.6,,,,
40.203,5,Atta_5,623.6,127.8,1.6,-29.1,2.6,,,,
40.203,6,Atta_6,1637.0,1857.7,176.4,32.3,4.0,,,,
40.203,7,Atta_7,204.7,347.3,200.8,-70.9,6.1,,,,
40.203,8,Atta_8,1421.5,2317.5,225.3,28.5,-11.8,,,,
40.203,9,Atta_9,1132.8,1782.9,291.4,61.7,0.7,,,,
40.203,10,Atta_10,349.2,2636.0,267.8,72.5,7.6,,,,
40.253,1,Atta_1,141.9,1407.2,164.4,-51.8,-0.5,,,,
40.253,2,Atta_2,1040.8,88.9,321.3,7.4,-2.4,,,,
40.253,3,Atta_3,717.8,2687.3,27.8,-34.7,3.4,,,,
40.253,4,Atta_4,2266.2,992.0,221.6,77.9,-3.8,,,,
40.253,5,Atta_5,608.0,166.1,9.2,-41.4,7.6,,,,
40.253,6,Atta_6,1611.3,1858.3,175.3,25.7,-1.1,,,,
40.253,7,Atta_7,189.1,381.5,204.5,37.6,3.7,,,,
40.253,8,Atta_8,1430.1,2327.2,219.8,-13.0,-5.5,,,,
40.253,9,Atta_9,1011.1,1835.3,289.4,-132.5,-2.0,,,,
40.253,10,Atta_10,392.7,2670.0,276.9,-55.2,9.1,,,,
40.32,1,Atta_1,151.5,1443.4,163.4,37.5,-1.0,,,,
40.32,2,Atta_2,965.3,136.1,320.5,-89.0,-0.8,,,,
40.32,3,Atta_3,706.5,2683.2,20.6,-12.0,-7.2,,,,
40.32,4,Atta_4,2210.4,1004.2,221.0,57.1,-0.6,,,,
40.32,5,Atta_5,622.0,135.3,14.6,33.8,5.4,,,,
40.32,6,Atta_6,1679.2,1773.9,178.6,-108.3,3.3,,,,
40.32,7,Atta_7,199.6,390.9,210.4,-14.1,5.9,,,,
40.32,8,Atta_8,1455.9,2336.7,217.6,-27.5,-2.2,,,,
40.32,9,Atta_9,1033.8,1742.0,290.9,96.0,1.5,,,,
40.32,10,Atta_10,354.8,2738.3,275.6,-78.1,-1.3,,,,
40.391,1,Atta_1,169.5,1416.9,166.6,-32.0,3.2,,,,
40.391,2,Atta_2,993.5,111.5,318.3,37.4,-2.2,,,,
40.391,3,Atta_3,745.3,2756.2,15.5,82.7,-5.1,,,,
40.391,4,Atta_4,2184.3,1021.4,217.8,31.3,-3.2,,,,
40.391,5,Atta_5,645.6,137.9,17.6,23.7,3.0,,,,
40.391,6,Atta_6,1681.2,1809.1,177.6,-35.3,-1.0,,,,
40.391,7,Atta_7,189.9,362.8,216.2,29.7,5.8,,,,
40.391,8,Atta_8,1410.4,2333.3,208.2,45.6,-9.4,,,,
40.391,9,Atta_9,1067.7,1769.4,290.9,-43.6,0.0,,,,
40.391,10,Atta_10,370.3,2733.8,274.4,16.1,-1.2,,,,
40.445,1,Atta_1,166.1,1442.2,164.2,25.5,-2.4,,,,
40.445,2,Atta_2,1024.7,88.4,323.7,38.8,5.4,,,,
40.445,3,Atta_3,763.2,2734.0,15.5,28.5,0.0,,,,
40.445,4,Atta_4,2231.4,955.8,218.6,80.8,0.8,,,,
40.445,5,Atta_5,680.6,99.7,23.5,51.8,5.9,,,,
40.445,6,Atta_6,1703.6,1828.9,186.4,-29.9,8.8,,,,
40.445,7,Atta_7,179.9,358.5,218.3,10.9,2.1,,,,
40.445,8,Atta_8,1438.0,2352.4,211.6,-33.6,3.4,,,,
40.445,9,Atta_9,1029.5,1696.6,291.4,82.2,0.5,,,,
40.445,10,Atta_10,300.3,2653.7,273.1,106.4,-1.3,,,,
40.516,1,Atta_1,210.4,1480.5,166.2,-58.6,2.0,,,,
40.516,2,Atta_2,978.1,117.8,319.0,-55.1,-4.7,,,,
40.516,3,Atta_3,690.5,2651.2,5.5,-110.2,-10.0,,,,
40.516,4,Atta_4,2150.2,918.1,218.4,89.5,-0.2,,,,
40.516,5,Atta_5,625.5,117.6,29.6,-57.9,6.1,,,,
40.516,6,Atta_6,1665.8,1810.2,186.2,42.2,-0.2,,,,
40.516,7,Atta_7,207.2,396.3,222.8,-46.6,4.5,,,,
40.516,8,Atta_8,1431.1,2310.8,207.0,42.2,-4.6,,,,
40.516,9,Atta_9,1091.7,1721.6,292.3,-67.0,0.9,,,,
40.516,10,Atta_10,302.2,2639.0,275.7,14.8,2.6,,,,
40.582,1,Atta_1,178.6,1419.6,161.1,68.7,-5.1,,,,
40.582,2,Atta_2,962.2,146.7,326.4,-33.0,7.4,,,,
40.582,3,Atta_3,720.7,2681.2,5.2,42.6,-0.3,,,,
40.582,4,Atta_4,2224.6,970.6,222.3,-91.1,3.9,,,,
40.582,5,Atta_5,708.4,103.0,33.5,84.2,3.9,,,,
40.582,6,Atta_6,1662.4,1868.4,193.6,-58.3,7.4,,,,
40.582,7,Atta_7,134.1,416.8,233.6,75.9,10.8,,,,
40.582,8,Atta_8,1444.0,2412.1,202.8,-102.1,-4.2,,,,
40.582,9,Atta_9,1114.9,1709.3,293.0,26.3,0.7,,,,
40.582,10,Atta_10,368.8,2660.8,273.5,-70.1,-2.2,,,,
40.633,1,Atta_1,196.0,1440.8,158.2,-27.4,-2.9,,,,
40.633,2,Atta_2,947.6,77.3,324.3,70.9,-2.1,,,,
40.633,3,Atta_3,712.6,2592.6,360.0,-89.0,-5.2,,,,
40.633,4,Atta_4,2200.6,962.0,219.7,25.5,-2.6,,,,
40.633,5,Atta_5,664.5,106.0,36.2,-44.0,2.7,,,,
40.633,6,Atta_6,1641.2,1858.2,199.6,23.5,6.0,,,,
40.633,7,Atta_7,223.4,311.4,235.8,138.1,2.2,,,,
40.633,8,Atta_8,1459.5,2352.6,200.5,61.5,-2.3,,,,
40.633,9,Atta_9,1109.4,1682.4,292.6,27.5,-0.4,,,,
40.633,10,Atta_10,379.1,2669.4,274.5,-13.4,1.0,,,,
40.765,1,Atta_1,151.6,1392.2,147.6,65.8,-10.6,,,,
40.765,2,Atta_2,977.3,172.7,333.9,-99.9,9.6,,,,
40.765,3,Atta_3,722.5,2680.7,350.3,88.7,-9.7,,,,
40.765,4,Atta_4,2135.5,924.3,221.0,75.2,1.3,,,,
40.765,5,Atta_5,718.8,95.9,44.7,55.2,8.5,,,,
40.765,6,Atta_6,1660.5,1861.6,206.0,-19.6,6.4,,,,
40.765,7,Atta_7,172.5,340.5,241.9,58.6,6.1,,,,
40.765,8,Atta_8,1464.0,2357.5,202.9,-6.7,2.4,,,,
40.765,9,Atta_9,1107.7,1717.2,289.3,-34.8,-3.3,,,,
40.765,10,Atta_10,381.0,2605.2,273.1,64.2,-1.4,,,,
40.831,1,Atta_1,177.8,1460.2,142.6,72.9,-5.0,,,,
40.831,2,Atta_2,1002.3,138.6,339.8,42.3,5.9,,,,
40.831,3,Atta_3,783.1,2740.1,351.6,84.9,1.3,,,,
40.831,4,Atta_4,2191.3,876.0,222.8,-73.8,1.8,,,,
40.831,5,Atta_5,616.3,99.1,49.2,-102.5,4.5,,,,
40.831,6,Atta_6,1678.1,1883.8,210.8,-28.3,4.8,,,,
40.831,7,Atta_7,177.8,362.2,249.4,-22.3,7.5,,,,
40.831,8,Atta_8,1460.7,2370.8,201.2,-13.7,-1.7,,,,
40.831,9,Atta_9,1092.6,1780.7,286.9,-65.3,-2.4,,,,
40.831,10,Atta_10,411.5,2635.2,273.7,-42.8,0.6,,,,
40.961,1,Atta_1,156.1,1382.0,137.6,-81.2,-5.0,,,,
40.961,2,Atta_2,965.9,163.8,346.8,-44.3,7.0,,,,
40.961,3,Atta_3,735.8,2626.3,345.8,-123.2,-5.8,,,,
40.961,4,Atta_4,2213.7,923.2,222.4,-52.2,-0.4,,,,
40.961,5,Atta_5,646.0,210.5,54.5,115.3,5.3,,,,
40.961,6,Atta_6,1661.7,1853.9,217.9,34.1,7.1,,,,
40.961,7,Atta_7,127.4,349.1,245.9,52.1,-3.5,,,,
40.961,8,Atta_8,1467.0,2407.6,200.4,-37.3,-0.8,,,,
40.961,9,Atta_9,1089.8,1711.4,281.7,69.4,-5.2,,,,
40.961,10,Atta_10,350.8,2602.9,278.2,68.8,4.5,,,,
41.028,1,Atta_1,132.4,1438.3,132.0,61.1,-5.6,,,,
41.028,2,Atta_2,1002.2,149.1,347.1,39.2,0.3,,,,
41.028,3,Atta_3,774.2,2636.5,338.8,39.7,-7.0,,,,
41.028,4,Atta_4,2155.9,922.9,219.7,57.8,-2.7,,,,
41.028,5,Atta_5,705.4,86.9,59.7,-137.1,5.2,,,,
41.028,6,Atta_6,1660.3,1841.7,220.6,12.3,2.7,,,,
41.028,7,Atta_7,136.4,324.4,249.8,26.3,3.9,,,,
41.028,8,Atta_8,1365.6,2318.4,193.3,135.1,-7.1,,,,
41.028,9,Atta_9,1073.1,1658.9,273.6,55.1,-8.1,,,,
41.028,10,Atta_10,313.8,2652.1,277.2,-61.6,-1.0,,,,
41.08,1,Atta_1,158.5,1449.2,132.0,-28.3,0.0,,,,
41.08,2,Atta_2,974.2,120.5,356.1,-40.0,9.0,,,,
41.08,3,Atta_3,731.4,2714.2,333.9,-88.7,-4.9,,,,
41.08,4,Atta_4,2152.0,924.4,219.8,4.2,0.1,,,,
41.08,5,Atta_5,657.6,184.8,65.0,108.9,5.3,,,,
41.08,6,Atta_6,1655.3,1884.7,224.6,-43.3,4.0,,,,
41.08,7,Atta_7,191.6,266.7,254.1,79.9,4.3,,,,
41.08,8,Atta_8,1442.1,2312.8,190.7,-76.7,-2.6,,,,
41.08,9,Atta_9,1070.7,1630.1,274.0,28.9,0.4,,,,
41.08,10,Atta_10,314.3,2669.0,275.2,-16.9,-2.0,,,,
41.149,1,Atta_1,216.2,1435.2,122.9,-59.4,-9.1,,,,
41.149,2,Atta_2,971.0,131.1,360.0,-11.1,3.9,,,,
41.149,3,Atta_3,700.1,2683.0,326.3,-44.2,-7.6,,,,
41.149,4,Atta_4,2115.6,897.0,213.7,45.6,-6.1,,,,
41.149,5,Atta_5,647.7,122.1,68.8,-63.5,3.8,,,,
41.149,6,Atta_6,1723.8,1866.0,225.6,-71.0,1.0,,,,
41.149,7,Atta_7,212.7,364.6,249.5,-100.1,-4.6,,,,
41.149,8,Atta_8,1438.9,2320.4,187.5,8.2,-3.2,,,,
41.149,9,Atta_9,1106.5,1711.2,267.4,-88.7,-6.6,,,,
41.149,10,Atta_10,384.0,2582.6,275.8,111.0,0.6,,,,
41.216,1,Atta_1,194.2,1408.7,118.0,-34.4,-4.9,,,,
41.216,2,Atta_2,974.3,112.3,0.3,19.1,0.3,,,,
41.216,3,Atta_3,706.9,2733.7,323.9,-51.2,-2.4,,,,
41.216,4,Atta_4,2108.2,875.1,214.8,23.1,1.1,,,,
41.216,5,Atta_5,655.6,104.4,72.6,-19.4,3.8,,,,
41.216,6,Atta_6,1680.2,1903.9,231.3,57.8,5.7,,,,
41.216,7,Atta_7,147.9,367.7,249.2,64.9,-0.3,,,,
41.216,8,Atta_8,1425.0,2395.1,183.6,76.0,-3.9,,,,
41.216,9,Atta_9,1059.0,1683.5,265.4,55.0,-2.0,,,,
41.216,10,Atta_10,348.1,2604.8,272.4,-42.2,-3.4,,,,
41.281,1,Atta_1,92.1,1425.4,115.3,103.5,-2.7,,,,
41.281,2,Atta_2,951.1,132.9,7.4,-31.0,7.1,,,,
41.281,3,Atta_3,745.8,2673.9,322.4,71.3,-1.5,,,,
41.281,4,Atta_4,2159.6,940.7,210.5,-83.3,-4.3,,,,
41.281,5,Atta_5,635.6,103.6,77.1,-20.0,4.5,,,,
41.281,6,Atta_6,1703.1,1849.7,232.3,58.8,1.0,,,,
41.281,7,Atta_7,172.4,360.6,250.1,-25.5,0.9,,,,
41.281,8,Atta_8,1439.6,2346.9,175.6,-50.4,-8.0,,,,
41.281,9,Atta_9,1100.1,1685.5,255.9,-41.1,-9.5,,,,
41.281,10,Atta_10,351.5,2588.7,272.5,16.5,0.1,,,,
41.347,1,Atta_1,185.3,1438.5,110.5,-94.1,-4.8,,,,
41.347,2,Atta_2,950.4,167.3,7.9,34.4,0.5,,,,
41.347,3,Atta_3,686.9,2718.6,312.0,-73.9,-10.4,,,,
41.347,4,Atta_4,2156.8,924.3,207.6,16.6,-2.9,,,,
41.347,5,Atta_5,650.2,145.3,82.3,44.2,5.2,,,,
41.347,6,Atta_6,1674.0,1851.0,235.0,29.1,2.7,,,,
41.347,7,Atta_7,188.9,388.3,247.7,-32.2,-2.4,,,,
41.347,8,Atta_8,1393.8,2270.6,171.2,89.0,-4.4,,,,
41.347,9,Atta_9,1079.5,1675.6,253.2,22.9,-2.7,,,,
41.347,10,Atta_10,373.6,2532.7,274.3,60.2,1.8,,,,
41.413,1,Atta_1,169.9,1411.5,109.1,-31.1,-1.4,,,,
41.413,2,Atta_2,923.6,171.0,16.7,-27.1,8.8,,,,
41.413,3,Atta_3,768.5,2694.8,310.5,85.0,-1.5,,,,
41.413,4,Atta_4,2134.1,943.6,202.3,29.8,-5.3,,,,
41.413,5,Atta_5,629.6,110.6,85.5,-40.4,3.2,,,,
41.413,6,Atta_6,1693.8,1851.8,231.9,-19.8,-3.1,,,,
41.413,7,Atta_7,205.6,344.8,249.3,46.6,1.6,,,,
41.413,8,Atta_8,1503.4,2367.4,167.5,-146.2,-3.7,,,,
41.413,9,Atta_9,1125.0,1692.4,248.2,-48.5,-5.0,,,,
41.413,10,Atta_10,368.9,2522.6,272.9,11.1,-1.4,,,,
41.479,1,Atta_1,158.7,1481.8,105.5,71.2,-3.6,,,,
41.479,2,Atta_2,911.5,114.2,19.4,-58.1,2.7,,,,
41.479,3,Atta_3,749.8,2646.9,304.5,51.4,-6.0,,,,
41.479,4,Atta_4,2071.2,900.1,195.2,76.5,-7.1,,,,
41.479,5,Atta_5,687.8,123.8,88.2,59.7,2.7,,,,
41.479,6,Atta_6,1690.8,1828.8,232.5,23.2,0.6,,,,
41.479,7,Atta_7,168.9,326.4,250.9,41.1,1.6,,,,
41.479,8,Atta_8,1409.1,2305.0,163.1,113.1,-4.4,,,,
41.479,9,Atta_9,1102.1,1673.3,247.3,29.8,-0.9,,,,
41.479,10,Atta_10,397.9,2565.2,274.5,-51.5,1.6,,,,
41.55,1,Atta_1,166.1,1400.6,109.7,-81.5,4.2,,,,
41.55,2,Atta_2,941.5,140.2,18.1,39.7,-1.3,,,,
41.55,3,Atta_3,827.0,2676.0,303.3,82.5,-1.2,,,,
41.55,4,Atta_4,2127.7,917.5,188.9,-59.1,-6.3,,,,
41.55,5,Atta_5,679.0,174.4,89.4,51.4,1.2,,,,
41.55,6,Atta_6,1655.5,1835.1,230.6,35.9,-1.9,,,,
41.55,7,Atta_7,93.4,343.8,247.5,77.5,-3.4,,,,
41.55,8,Atta_8,1439.6,2335.3,156.4,-43.0,-6.7,,,,
41.55,9,Atta_9,1086.8,1660.9,238.3,19.7,-9.0,,,,
41.55,10,Atta_10,366.4,2509.5,275.4,64.0,0.9,,,,
41.605,1,Atta_1,183.6,1441.4,105.2,44.4,-4.5,,,,
41.605,2,Atta_2,974.4,132.0,19.7,33.9,1.6,,,,
41.605,3,Atta_3,736.0,2670.5,293.9,-91.2,-9.4,,,,
41.605,4,Atta_4,2135.1,931.8,188.7,-16.1,-0.2,,,,
41.605,5,Atta_5,677.7,126.2,96.5,-48.2,7.1,,,,
41.605,6,Atta_6,1700.8,1898.9,232.1,-78.2,1.5,,,,
41.605,7,Atta_7,169.5,336.8,248.9,-76.4,1.4,,,,
41.605,8,Atta_8,1487.5,2359.1,153.9,-53.5,-2.5,,,,
41.605,9,Atta_9,1110.0,1721.5,233.8,-64.9,-4.5,,,,
41.605,10,Atta_10,352.5,2488.1,275.2,25.5,-0.2,,,,
41.671,1,Atta_1,180.1,1437.6,104.7,-5.2,-0.5,,,,
41.671,2,Atta_2,971.3,145.8,17.3,14.1,-2.4,,,,
41.671,3,Atta_3,789.2,2709.6,293.6,-66.0,-0.3,,,,
41.671,4,Atta_4,2163.7,898.8,185.4,-43.7,-3.3,,,,
41.671,5,Atta_5,655.6,73.8,100.6,-56.9,4.1,,,,
41.671,6,Atta_6,1639.4,1843.9,229.0,82.4,-3.1,,,,
41.671,7,Atta_7,160.0,276.6,247.0,60.9,-1.9,,,,
41.671,8,Atta_8,1466.0,2387.0,146.5,35.2,-7.4,,,,
41.671,9,Atta_9,1125.9,1676.5,233.9,47.7,0.1,,,,
41.671,10,Atta_10,337.6,2546.7,272.4,-60.5,-2.8,,,,
41.74,1,Atta_1,173.5,1477.9,106.4,40.8,1.7,,,,
41.74,2,Atta_2,959.0,180.6,20.3,-36.9,3.0,,,,
41.74,3,Atta_3,783.6,2668.2,285.4,41.8,-8.2,,,,
41.74,4,Atta_4,2140.7,937.7,182.6,45.2,-2.8,,,,
41.74,5,Atta_5,677.7,76.5,107.9,-22.3,7.3,,,,
41.74,6,Atta_6,1689.2,1831.7,232.6,-51.3,3.6,,,,
41.74,7,Atta_7,96.0,296.7,247.3,67.1,0.3,,,,
41.74,8,Atta_8,1462.5,2306.1,141.4,-81.0,-5.1,,,,
41.74,9,Atta_9,1123.5,1684.3,228.8,-8.2,-5.1,,,,
41.74,10,Atta_10,378.6,2438.4,273.8,115.8,1.4,,,,
41.81,1,Atta_1,194.2,1477.1,106.3,-20.7,-0.1,,,,
41.81,2,Atta_2,943.3,120.2,17.0,-62.4,-3.3,,,,
41.81,3,Atta_3,742.9,2603.8,287.5,76.2,2.1,,,,
41.81,4,Atta_4,2104.8,930.9,179.4,36.5,-3.2,,,,
41.81,5,Atta_5,697.8,97.5,110.3,29.1,2.4,,,,
41.81,6,Atta_6,1681.7,1811.5,228.9,21.5,-3.7,,,,
41.81,7,Atta_7,138.1,325.3,248.2,-50.9,0.9,,,,
41.81,8,Atta_8,1481.4,2354.0,144.2,51.5,2.8,,,,
41.81,9,Atta_9,1055.9,1697.3,221.5,68.8,-7.3,,,,
41.81,10,Atta_10,357.2,2462.2,276.4,-32.0,2.6,,,,
41.881,1,Atta_1,126.7,1456.7,105.3,-70.5,-1.0,,,,
41.881,2,Atta_2,1006.5,187.7,20.6,92.5,3.6,,,,
41.881,3,Atta_3,731.8,2674.3,279.5,-71.4,-8.0,,,,
41.881,4,Atta_4,2182.9,894.4,180.3,-86.2,0.9,,,,
41.881,5,Atta_5,678.1,161.9,116.0,67.3,5.7,,,,
41.881,6,Atta_6,1644.5,1844.5,232.6,-49.7,3.7,,,,
41.881,7,Atta_7,147.0,277.9,250.0,48.2,1.8,,,,
41.881,8,Atta_8,1456.4,2362.5,136.6,26.4,-7.6,,,,
41.881,9,Atta_9,1175.7,1649.2,218.0,-129.1,-3.5,,,,
41.881,10,Atta_10,348.4,2477.5,272.0,-17.7,-4.4,,,,
41.945,1,Atta_1,94.6,1432.9,107.7,-40.0,2.4,,,,
41.945,2,Atta_2,999.2,116.9,18.9,-71.2,-1.7,,,,
41.945,3,Atta_3,741.3,2695.3,280.5,-23.0,1.0,,,,
41.945,4,Atta_4,2175.4,903.4,177.4,11.7,-2.9,,,,
41.945,5,Atta_5,656.4,95.3,119.1,-70.0,3.1,,,,
41.945,6,Atta_6,1622.6,1821.1,233.1,32.0,0.5,,,,
41.945,7,Atta_7,105.6,204.5,249.9,84.3,-0.1,,,,
41.945,8,Atta_8,1442.4,2329.3,133.4,-36.0,-3.2,,,,
41.945,9,Atta_9,1061.8,1689.3,213.7,120.8,-4.3,,,,
41.945,10,Atta_10,369.4,2496.3,272.5,-28.2,0.5,,,,
42.012,1,Atta_1,151.9,1510.7,104.8,96.6,-2.9,,,,
42.012,2,Atta_2,1023.7,168.3,20.3,56.9,1.4,,,,
42.012,3,Atta_3,731.0,2667.3,269.8,29.8,-10.7,,,,
42.012,4,Atta_4,2116.4,907.2,178.3,59.1,0.9,,,,
42.012,5,Atta_5,625.5,179.9,125.8,90.1,6.7,,,,
42.012,6,Atta_6,1554.6,1775.3,230.3,82.0,-2.8,,,,
42.012,7,Atta_7,77.6,259.6,254.1,-61.8,4.2,,,,
42.012,8,Atta_8,1470.0,2397.3,126.2,73.4,-7.2,,,,
42.012,9,Atta_9,1084.5,1669.8,219.1,-29.9,5.4,,,,
42.012,10,Atta_10,355.3,2407.4,272.4,90.0,-0.1,,,,
42.062,1,Atta_1,147.1,1503.5,109.1,-8.7,4.3,,,,
42.062,2,Atta_2,987.9,120.8,19.0,-59.5,-1.3,,,,
42.062,3,Atta_3,754.6,2685.9,265.1,-30.0,-4.7,,,,
42.062,4,Atta_4,2171.0,899.5,179.4,-55.1,1.1,,,,
42.062,5,Atta_5,690.4,194.9,133.0,-66.6,7.2,,,,
42.062,6,Atta_6,1609.5,1771.2,232.5,-55.1,2.2,,,,
42.062,7,Atta_7,136.9,230.6,255.7,66.0,1.6,,,,
42.062,8,Atta_8,1435.0,2375.1,124.9,41.4,-1.3,,,,
42.062,9,Atta_9,1109.8,1670.5,217.4,-25.3,-1.7,,,,
42.062,10,Atta_10,376.6,2390.8,272.3,27.0,-0.1,,,,
42.129,1,Atta_1,115.4,1511.7,107.8,32.7,-1.3,,,,
42.129,2,Atta_2,1064.4,191.8,21.8,104.4,2.8,,,,
42.129,3,Atta_3,685.7,2651.5,262.9,77.0,-2.2,,,,
42.129,4,Atta_4,2125.4,928.4,184.8,54.0,5.4,,,,
42.129,5,Atta_5,633.1,97.0,133.9,-113.4,0.9,,,,
42.129,6,Atta_6,1644.5,1756.3,232.5,-38.0,0.0,,,,
42.129,7,Atta_7,129.3,252.4,265.3,-23.1,9.6,,,,
42.129,8,Atta_8,1426.3,2337.0,121.4,-39.1,-3.5,,,,
42.129,9,Atta_9,1116.1,1636.9,220.0,34.2,2.6,,,,
42.129,10,Atta_10,407.7,2442.6,272.9,-60.4,0.6,,,,
42.263,1,Atta_1,131.6,1551.1,104.9,42.6,-2.9,,,,
42.263,2,Atta_2,1059.9,191.9,18.5,-4.5,-3.3,,,,
42.263,3,Atta_3,693.1,2664.1,257.0,-14.6,-5.9,,,,
42.263,4,Atta_4,2115.3,950.3,187.3,24.1,2.5,,,,
42.263,5,Atta_5,648.6,166.0,138.7,70.7,4.8,,,,
42.263,6,Atta_6,1656.6,1754.6,233.1,-12.2,0.6,,,,
42.263,7,Atta_7,110.7,221.9,268.0,35.7,2.7,,,,
42.263,8,Atta_8,1464.7,2403.7,113.5,77.0,-7.9,,,,
42.263,9,Atta_9,1010.0,1733.6,220.8,143.6,0.8,,,,
42.263,10,Atta_10,379.0,2389.8,273.7,60.1,0.8,,,,
42.334,1,Atta_1,126.0,1525.8,104.2,-25.9,-0.7,,,,
42.334,2,Atta_2,1060.4,200.6,17.2,8.7,-1.3,,,,
42.334,3,Atta_3,761.7,2682.2,248.8,-70.9,-8.2,,,,
42.334,4,Atta_4,2076.5,875.6,197.6,84.2,10.3,,,,
42.334,5,Atta_5,684.8,150.5,146.3,-39.4,7.6,,,,
42.334,6,Atta_6,1593.8,1751.3,219.8,62.9,-13.3,,,,
42.334,7,Atta_7,99.1,199.7,276.8,25.0,8.8,,,,
42.334,8,Atta_8,1417.3,2299.1,102.9,-114.8,-10.6,,,,
42.334,9,Atta_9,1027.6,1652.9,219.9,82.6,-0.9,,,,
42.334,10,Atta_10,373.4,2404.5,275.0,-15.7,1.3,,,,
42.463,1,Atta_1,139.4,1553.4,111.0,30.7,6.8,,,,
42.463,2,Atta_2,1112.5,224.2,17.7,57.2,0.5,,,,
42.463,3,Atta_3,732.9,2659.2,238.6,36.9,-10.2,,,,
42.463,4,Atta_4,2147.4,912.3,208.7,-79.8,11.1,,,,
42.463,5,Atta_5,675.1,113.8,156.8,-38.0,10.5,,,,
42.463,6,Atta_6,1639.1,1730.0,213.9,-50.1,-5.9,,,,
42.463,7,Atta_7,169.0,258.1,272.8,-91.1,-4.0,,,,
42.463,8,Atta_8,1445.6,2347.8,94.6,56.3,-8.3,,,,
42.463,9,Atta_9,1092.2,1687.7,221.0,-73.4,1.1,,,,
42.463,10,Atta_10,389.0,2383.1,274.5,26.5,-0.5,,,,
42.529,1,Atta_1,127.7,1520.6,110.0,-34.8,-1.0,,,,
42.529,2,Atta_2,1085.6,203.8,20.6,-33.8,2.9,,,,
42.529,3,Atta_3,720.9,2641.8,238.5,21.1,-0.1,,,,
42.529,4,Atta_4,2131.6,963.8,212.0,-53.9,3.3,,,,
42.529,5,Atta_5,704.7,156.2,155.0,-51.7,-1.8,,,,
42.529,6,Atta_6,1548.0,1810.7,213.3,121.7,-0.6,,,,
42.529,7,Atta_7,142.9,269.5,274.3,-28.5,1.5,,,,
42.529,8,Atta_8,1441.7,2327.1,89.1,-21.1,-5.5,,,,
42.529,9,Atta_9,1010.1,1637.9,218.4,96.0,-2.6,,,,
42.529,10,Atta_10,363.3,2355.7,271.6,37.6,-2.9,,,,
42.599,1,Atta_1,151.7,1546.5,116.3,35.3,6.3,,,,
42.599,2,Atta_2,1145.7,175.2,25.6,66.6,5.0,,,,
42.599,3,Atta_3,751.1,2720.0,235.5,-83.8,-3.0,,,,
42.599,4,Atta_4,2102.2,954.3,216.1,30.9,4.1,,,,
42.599,5,Atta_5,637.8,128.1,154.7,72.6,-0.3,,,,
42.599,6,Atta_6,1572.5,1676.4,201.8,136.5,-11.5,,,,
42.599,7,Atta_7,136.2,252.6,275.5,18.2,1.2,,,,
42.599,8,Atta_8,1441.6,2344.1,86.4,17.0,-2.7,,,,
42.599,9,Atta_9,1064.3,1663.4,217.7,-59.9,-0.7,,,,
42.599,10,Atta_10,399.9,2327.1,273.4,46.4,1.8,,,,
42.668,1,Atta_1,173.3,1510.4,119.9,-42.1,3.6,,,,
42.668,2,Atta_2,1098.7,184.0,33.4,-47.8,7.8,,,,
42.668,3,Atta_3,744.0,2693.4,225.7,27.5,-9.8,,,,
42.668,4,Atta_4,2094.7,937.7,221.4,18.2,5.3,,,,
42.668,5,Atta_5,640.6,158.0,151.5,30.0,-3.2,,,,
42.668,6,Atta_6,1629.0,1714.5,202.8,-68.1,1.0,,,,
42.668,7,Atta_7,87.3,246.8,274.8,49.2,-0.7,,,,
42.668,8,Atta_8,1416.1,2356.9,82.6,28.5,-3.8,,,,
42.668,9,Atta_9,1023.6,1631.0,217.4,52.0,-0.3,,,,
42.668,10,Atta_10,325.6,2301.1,271.1,78.7,-2.3,,,,
42.736,1,Atta_1,84.8,1559.2,124.4,101.1,4.5,,,,
42.736,2,Atta_2,1055.4,167.0,34.8,-46.5,1.4,,,,
42.736,3,Atta_3,745.7,2668.0,218.6,25.5,-7.1,,,,
42.736,4,Atta_4,2194.8,895.5,218.6,-108.6,-2.8,,,,
42.736,5,Atta_5,667.4,89.7,152.9,-73.4,1.4,,,,
42.736,6,Atta_6,1663.9,1750.9,196.0,-50.4,-6.8,,,,
42.736,7,Atta_7,150.9,208.9,282.7,74.0,7.9,,,,
42.736,8,Atta_8,1442.4,2327.5,75.5,-39.4,-7.1,,,,
42.736,9,Atta_9,977.5,1631.7,221.8,46.1,4.4,,,,
42.736,10,Atta_10,367.9,2299.6,276.6,42.3,5.5,,,,
42.802,1,Atta_1,139.7,1539.7,129.0,-58.3,4.6,,,,
42.802,2,Atta_2,1038.1,141.0,40.9,-31.2,6.1,,,,
42.802,3,Atta_3,734.1,2660.0,218.6,14.1,0.0,,,,
42.802,4,Atta_4,2156.6,959.3,221.1,-74.4,2.5,,,,
42.802,5,Atta_5,660.8,104.2,156.9,15.9,4.0,,,,
42.802,6,Atta_6,1549.1,1814.0,193.3,131.0,-2.7,,,,
42.802,7,Atta_7,123.1,270.9,287.6,-67.9,4.9,,,,
42.802,8,Atta_8,1420.9,2359.3,70.5,38.4,-5.0,,,,
42.802,9,Atta_9,1051.3,1608.9,218.3,-77.2,-3.5,,,,
42.802,10,Atta_10,412.9,2271.6,276.0,53.0,-0.6,,,,
42.871,1,Atta_1,93.0,1470.9,134.9,-83.2,5.9,,,,
42.871,2,Atta_2,1099.5,179.6,43.0,72.5,2.1,,,,
42.871,3,Atta_3,730.0,2750.1,212.0,-90.2,-6.6,,,,
42.871,4,Atta_4,2181.4,968.3,225.5,-26.4,4.4,,,,
42.871,5,Atta_5,676.5,91.2,164.1,-20.4,7.2,,,,
42.871,6,Atta_6,1571.2,1676.2,183.2,139.6,-10.1,,,,
42.871,7,Atta_7,39.8,204.4,286.2,106.6,-1.4,,,,
42.871,8,Atta_8,1436.0,2300.8,69.3,-60.4,-1.2,,,,
42.871,9,Atta_9,1000.7,1655.6,217.0,68.9,-1.3,,,,
42.871,10,Atta_10,364.7,2317.2,274.2,-66.4,-1.8,,,,
42.941,1,Atta_1,113.9,1553.4,141.1,85.1,6.2,,,,
42.941,2,Atta_2,1080.0,127.6,50.0,-55.5,7.0,,,,
42.941,3,Atta_3,691.1,2691.6,206.1,70.3,-5.9,,,,
42.941,4,Atta_4,2131.6,975.9,221.9,50.4,-3.6,,,,
42.941,5,Atta_5,664.8,124.0,165.1,34.8,1.0,,,,
42.941,6,Atta_6,1589.3,1715.2,181.3,-43.0,-1.9,,,,
42.941,7,Atta_7,80.2,250.6,291.0,-61.4,4.8,,,,
42.941,8,Atta_8,1439.9,2346.6,70.8,46.0,1.5,,,,
42.941,9,Atta_9,1005.1,1560.9,220.3,94.8,3.3,,,,
42.941,10,Atta_10,378.2,2221.2,275.9,96.9,1.7,,,,
43.076,1,Atta_1,128.5,1576.1,149.2,27.0,8.1,,,,
43.076,2,Atta_2,1087.9,173.7,56.0,46.8,6.0,,,,
43.076,3,Atta_3,677.1,2639.8,207.8,53.7,1.7,,,,
43.076,4,Atta_4,2150.3,929.0,219.9,50.5,-2.0,,,,
43.076,5,Atta_5,679.7,105.7,176.3,-23.6,11.2,,,,
43.076,6,Atta_6,1618.5,1718.2,175.7,-29.4,-5.6,,,,
43.076,7,Atta_7,83.5,251.2,305.3,3.4,14.3,,,,
43.076,8,Atta_8,1438.6,2325.2,70.2,-21.4,-0.6,,,,
43.076,9,Atta_9,985.2,1609.9,217.7,-52.9,-2.6,,,,
43.076,10,Atta_10,376.1,2250.4,272.9,-29.3,-3.0,,,,
43.142,1,Atta_1,128.8,1537.9,151.9,-38.2,2.7,,,,
43.142,2,Atta_2,1078.6,130.5,61.1,-44.2,5.1,,,,
43.142,3,Atta_3,771.2,2645.2,209.8,-94.3,2.0,,,,
43.142,4,Atta_4,2136.4,922.9,219.7,15.2,-0.2,,,,
43.142,5,Atta_5,644.1,152.2,182.7,58.6,6.4,,,,
43.142,6,Atta_6,1574.9,1786.1,168.8,80.7,-6.9,,,,
43.142,7,Atta_7,71.5,256.1,304.2,-13.0,-1.1,,,,
43.142,8,Atta_8,1461.9,2373.3,69.0,53.4,-1.2,,,,
43.142,9,Atta_9,1043.7,1565.9,216.0,-73.2,-1.7,,,,
43.142,10,Atta_10,369.9,2252.1,277.3,-6.4,4.4,,,,
43.208,1,Atta_1,175.7,1494.1,159.4,-64.2,7.5,,,,
43.208,2,Atta_2,1090.7,158.8,70.4,30.8,9.3,,,,
43.208,3,Atta_3,700.1,2730.5,207.8,111.0,-2.0,,,,
43.208,4,Atta_4,2108.4,902.4,221.1,34.7,1.4,,,,
43.208,5,Atta_5,658.2,136.2,185.2,-21.3,2.5,,,,
43.208,6,Atta_6,1615.9,1731.8,164.9,-68.0,-3.9,,,,
43.208,7,Atta_7,124.4,264.7,314.5,53.6,10.3,,,,
43.208,8,Atta_8,1387.8,2377.2,69.9,-74.2,0.9,,,,
43.208,9,Atta_9,970.8,1586.2,220.4,75.7,4.4,,,,
43.208,10,Atta_10,380.5,2224.5,273.0,29.6,-4.3,,,,
43.347,1,Atta_1,125.9,1530.8,164.7,61.9,5.3,,,,
43.347,2,Atta_2,1026.8,203.6,74.5,78.0,4.1,,,,
43.347,3,Atta_3,762.1,2705.8,208.0,-66.7,0.2,,,,
43.347,4,Atta_4,2016.5,876.8,219.6,95.4,-1.5,,,,
43.347,5,Atta_5,645.8,106.6,188.2,32.1,3.0,,,,
43.347,6,Atta_6,1576.0,1740.1,157.1,40.8,-7.8,,,,
43.347,7,Atta_7,139.0,228.9,318.7,38.7,4.2,,,,
43.347,8,Atta_8,1483.1,2362.0,74.0,96.5,4.1,,,,
43.347,9,Atta_9,948.1,1514.0,217.0,75.7,-3.4,,,,
43.347,10,Atta_10,404.9,2287.5,276.1,-67.6,3.1,,,,
43.403,1,Atta_1,147.1,1501.2,166.7,-36.4,2.0,,,,
43.403,2,Atta_2,1045.6,221.8,75.4,26.2,0.9,,,,
43.403,3,Atta_3,737.0,2676.3,203.6,38.7,-4.4,,,,
43.403,4,Atta_4,2138.7,889.4,223.9,-122.8,4.3,,,,
43.403,5,Atta_5,707.2,144.2,194.3,-72.0,6.1,,,,
43.403,6,Atta_6,1628.0,1738.6,154.9,-52.0,-2.2,,,,
43.403,7,Atta_7,104.2,238.0,323.3,-36.0,4.6,,,,
43.403,8,Atta_8,1460.0,2416.5,72.8,59.2,-1.2,,,,
43.403,9,Atta_9,926.3,1563.1,223.1,-53.7,6.1,,,,
43.403,10,Atta_10,325.9,2206.3,273.2,113.3,-2.9,,,,
43.475,1,Atta_1,162.9,1508.0,172.6,-17.2,5.9,,,,
43.475,2,Atta_2,1118.9,199.5,78.4,-76.6,3.0,,,,
43.475,3,Atta_3,717.3,2639.7,208.0,41.6,4.4,,,,
43.475,4,Atta_4,2066.0,846.3,220.8,84.5,-3.1,,,,
43.475,5,Atta_5,639.3,143.7,198.0,67.9,3.7,,,,
43.475,6,Atta_6,1590.7,1735.3,148.1,37.4,-6.8,,,,
43.475,7,Atta_7,170.3,223.5,326.0,67.7,2.7,,,,
43.475,8,Atta_8,1483.6,2319.9,67.8,-99.4,-5.0,,,,
43.475,9,Atta_9,933.2,1544.8,218.2,19.6,-4.9,,,,
43.475,10,Atta_10,386.5,2227.2,277.6,-64.1,4.4,,,,
43.538,1,Atta_1,171.4,1529.5,179.6,-23.1,7.0,,,,
43.538,2,Atta_2,1130.5,150.9,83.2,-50.0,4.8,,,,
43.538,3,Atta_3,699.8,2666.4,206.5,31.9,-1.5,,,,
43.538,4,Atta_4,2039.6,884.0,216.8,-46.0,-4.0,,,,
43.538,5,Atta_5,624.8,120.8,192.7,27.1,-5.3,,,,
43.538,6,Atta_6,1566.3,1718.3,145.2,29.7,-2.9,,,,
43.538,7,Atta_7,113.9,217.0,329.8,-56.8,3.8,,,,
43.538,8,Atta_8,1455.1,2443.8,71.4,127.1,3.6,,,,
43.538,9,Atta_9,948.6,1539.0,218.2,-16.5,0.0,,,,
43.538,10,Atta_10,377.2,2196.9,274.0,31.7,-3.6,,,,
43.589,1,Atta_1,176.4,1470.4,184.0,-59.3,4.4,,,,
43.589,2,Atta_2,1156.1,182.8,88.5,40.9,5.3,,,,
43.589,3,Atta_3,746.9,2659.9,208.7,-47.5,2.2,,,,
43.589,4,Atta_4,2106.0,829.8,222.8,-85.7,6.0,,,,
43.589,5,Atta_5,610.9,106.0,199.6,20.3,6.9,,,,
43.589,6,Atta_6,1618.2,1790.5,141.5,-88.9,-3.7,,,,
43.589,7,Atta_7,164.9,264.1,336.6,69.4,6.8,,,,
43.589,8,Atta_8,1463.9,2390.7,68.1,-53.8,-3.3,,,,
43.589,9,Atta_9,883.7,1576.6,219.8,75.0,1.6,,,,
43.589,10,Atta_10,381.8,2189.4,276.3,8.8,2.3,,,,
43.655,1,Atta_1,122.5,1545.2,190.1,92.2,6.1,,,,
43.655,2,Atta_2,1074.2,140.1,93.9,-92.4,5.4,,,,
43.655,3,Atta_3,688.7,2659.7,208.0,58.2,-0.7,,,,
43.655,4,Atta_4,2007.9,883.5,217.9,111.8,-4.9,,,,
43.655,5,Atta_5,650.7,93.8,198.4,-41.6,-1.2,,,,
43.655,6,Atta_6,1566.7,1691.6,139.9,-111.5,-1.6,,,,
43.655,7,Atta_7,129.2,270.4,341.6,-36.3,5.0,,,,
43.655,8,Atta_8,1455.2,2414.0,63.2,24.9,-4.9,,,,
43.655,9,Atta_9,895.9,1565.4,218.6,-16.6,-1.2,,,,
43.655,10,Atta_10,367.1,2167.1,277.6,26.7,1.3,,,,
43.726,1,Atta_1,161.1,1572.7,189.1,-47.4,-1.0,,,,
43.726,2,Atta_2,1104.1,215.7,97.7,81.3,3.8,,,,
43.726,3,Atta_3,659.7,2659.9,206.9,29.0,-1.1,,,,
43.726,4,Atta_4,2021.2,879.3,220.9,-13.9,3.0,,,,
43.726,5,Atta_5,651.3,63.7,196.2,30.1,-2.2,,,,
43.726,6,Atta_6,1600.6,1750.5,131.8,68.0,-8.1,,,,
43.726,7,Atta_7,128.5,242.2,346.5,28.2,4.9,,,,
43.726,8,Atta_8,1405.8,2379.1,65.8,-60.5,2.6,,,,
43.726,9,Atta_9,925.1,1545.6,215.1,-35.3,-3.5,,,,
43.726,10,Atta_10,414.4,2123.5,276.0,64.3,-1.6,,,,
43.795,1,Atta_1,109.8,1590.2,192.3,54.2,3.2,,,,
43.795,2,Atta_2,1031.2,178.8,103.9,-81.7,6.2,,,,
43.795,3,Atta_3,684.7,2628.8,208.8,-39.9,1.9,,,,
43.795,4,Atta_4,2025.5,821.6,220.5,57.9,-0.4,,,,
43.795,5,Atta_5,637.2,142.0,195.7,-79.6,-0.5,,,,
43.795,6,Atta_6,1552.5,1785.1,127.9,59.3,-3.9,,,,
43.795,7,Atta_7,141.1,248.5,349.3,14.1,2.8,,,,
43.795,8,Atta_8,1422.4,2348.5,65.0,-34.8,-0.8,,,,
43.795,9,Atta_9,900.8,1562.4,219.2,29.5,4.1,,,,
43.795,10,Atta_10,415.2,2113.3,273.1,10.2,-2.9,,,,
43.862,1,Atta_1,159.2,1544.3,196.6,-67.4,4.3,,,,
43.862,2,Atta_2,1143.2,160.1,104.7,-113.6,0.8,,,,
43.862,3,Atta_3,636.8,2615.5,213.4,49.7,4.6,,,,
43.862,4,Atta_4,2031.8,763.4,218.3,58.5,-2.2,,,,
43.862,5,Atta_5,696.2,91.4,204.5,-77.7,8.8,,,,
43.862,6,Atta_6,1595.9,1740.6,124.0,-62.2,-3.9,,,,
43.862,7,Atta_7,102.8,249.5,351.9,-38.3,2.6,,,,
43.862,8,Atta_8,1456.7,2338.4,63.5,35.8,-1.5,,,,
43.862,9,Atta_9,923.2,1559.0,220.0,-22.7,0.8,,,,
43.862,10,Atta_10,468.8,2199.5,274.3,-101.5,1.2,,,,
43.928,1,Atta_1,69.2,1522.6,198.2,92.6,1.6,,,,
43.928,2,Atta_2,1027.7,157.7,112.3,115.5,7.6,,,,
43.928,3,Atta_3,698.0,2603.5,204.6,-62.4,-8.8,,,,
43.928,4,Atta_4,2041.0,809.0,219.4,-46.5,1.1,,,,
43.928,5,Atta_5,669.0,144.2,206.7,59.4,2.2,,,,
43.928,6,Atta_6,1652.5,1793.8,120.3,77.7,-3.7,,,,
43.928,7,Atta_7,132.5,248.9,356.7,29.7,4.8,,,,
43.928,8,Atta_8,1475.9,2355.6,67.6,25.8,4.1,,,,
43.928,9,Atta_9,912.1,1517.9,221.6,42.6,1.6,,,,
43.928,10,Atta_10,385.0,2099.8,273.5,130.2,-0.8,,,,
43.98,1,Atta_1,135.1,1510.7,195.6,-67.0,-2.6,,,,
43.98,2,Atta_2,1080.9,265.4,117.6,120.1,5.3,,,,
43.98,3,Atta_3,664.0,2615.5,205.9,36.1,1.3,,,,
43.98,4,Atta_4,2039.4,797.9,219.1,11.2,-0.3,,,,
43.98,5,Atta_5,564.1,143.4,213.1,104.9,6.4,,,,
43.98,6,Atta_6,1580.4,1736.0,116.6,-92.4,-3.7,,,,
43.98,7,Atta_7,159.3,251.7,1.6,26.9,4.9,,,,
43.98,8,Atta_8,1493.5,2273.3,70.0,-84.2,2.4,,,,
43.98,9,Atta_9,819.8,1516.2,219.5,92.3,-2.1,,,,
43.98,10,Atta_10,392.7,2154.4,274.9,-55.1,1.4,,,,
44.03,1,Atta_1,122.3,1542.0,199.2,33.8,3.6,,,,
44.03,2,Atta_2,1119.5,168.1,120.9,-104.7,3.3,,,,
44.03,3,Atta_3,618.3,2575.9,205.5,60.5,-0.4,,,,
44.03,4,Atta_4,2045.6,804.5,218.7,-9.1,-0.4,,,,
44.03,5,Atta_5,635.8,166.8,220.8,-75.4,7.7,,,,
44.03,6,Atta_6,1549.6,1718.9,109.1,-35.2,-7.5,,,,
44.03,7,Atta_7,73.9,278.8,2.4,-89.6,0.8,,,,
44.03,8,Atta_8,1375.7,2337.3,66.1,134.1,-3.9,,,,
44.03,9,Atta_9,851.4,1512.8,216.5,-31.8,-3.0,,,,
44.03,10,Atta_10,421.7,2074.9,277.1,84.6,2.2,,,,
44.1,1,Atta_1,81.0,1490.1,195.7,66.3,-3.5,,,,
44.1,2,Atta_2,1098.6,181.8,122.6,25.0,1.7,,,,
44.1,3,Atta_3,649.1,2627.1,206.6,-59.8,1.1,,,,
44.1,4,Atta_4,2028.2,803.8,219.7,17.4,1.0,,,,
44.1,5,Atta_5,743.1,104.1,221.1,-124.3,0.3,,,,
44.1,6,Atta_6,1618.6,1818.8,109.4,121.4,0.3,,,,
44.1,7,Atta_7,74.5,256.5,3.8,-22.3,1.4,,,,
44.1,8,Atta_8,1410.6,2344.1,56.0,35.6,-10.1,,,,
44.1,9,Atta_9,860.6,1466.1,217.9,47.6,1.4,,,,
44.1,10,Atta_10,403.6,2092.9,272.8,-25.5,-4.3,,,,
44.236,1,Atta_1,126.6,1623.1,194.3,-140.6,-1.4,,,,
44.236,2,Atta_2,1125.8,184.9,129.3,-27.4,6.7,,,,
44.236,3,Atta_3,635.6,2574.9,206.9,53.9,0.3,,,,
44.236,4,Atta_4,1971.5,784.2,221.7,60.0,2.0,,,,
44.236,5,Atta_5,652.3,162.3,227.6,107.9,6.5,,,,
44.236,6,Atta_6,1604.0,1762.0,101.5,-58.6,-7.9,,,,
44.236,7,Atta_7,123.8,257.8,6.3,49.3,2.5,,,,
44.236,8,Atta_8,1420.5,2313.8,52.7,-31.9,-3.3,,,,
44.236,9,Atta_9,876.7,1531.7,215.6,-67.5,-2.3,,,,
44.236,10,Atta_10,416.8,2112.0,276.9,-23.2,4.1,,,,
44.302,1,Atta_1,118.4,1536.0,197.1,87.5,2.8,,,,
44.302,2,Atta_2,1051.1,137.5,136.3,88.5,7.0,,,,
44.302,3,Atta_3,518.3,2586.4,205.7,117.9,-1.2,,,,
44.302,4,Atta_4,2001.3,738.4,220.8,54.6,-0.9,,,,
44.302,5,Atta_5,636.7,74.3,232.0,89.4,4.4,,,,
44.302,6,Atta_6,1588.1,1753.6,91.1,-18.0,-10.4,,,,
44.302,7,Atta_7,123.6,295.6,4.6,37.8,-1.7,,,,
44.302,8,Atta_8,1440.8,2339.4,46.7,32.7,-6.0,,,,
44.302,9,Atta_9,813.2,1482.4,217.0,80.4,1.4,,,,
44.302,10,Atta_10,437.9,2029.7,274.0,85.0,-2.9,,,,
44.371,1,Atta_1,89.3,1595.1,194.2,65.9,-2.9,,,,
44.371,2,Atta_2,1139.0,200.2,144.6,-108.0,8.3,,,,
44.371,3,Atta_3,536.0,2658.9,207.5,-74.6,1.8,,,,
44.371,4,Atta_4,2024.6,785.8,221.6,-52.8,0.8,,,,
44.371,5,Atta_5,621.0,106.1,241.7,-35.5,9.7,,,,
44.371,6,Atta_6,1595.8,1734.8,88.7,-20.3,-2.4,,,,
44.371,7,Atta_7,186.7,280.2,3.9,65.0,-0.7,,,,
44.371,8,Atta_8,1426.3,2264.2,37.3,-76.6,-9.4,,,,
44.371,9,Atta_9,835.3,1454.5,219.1,-35.6,2.1,,,,
44.371,10,Atta_10,393.9,2023.0,272.9,44.5,-1.1,,,,
44.501,1,Atta_1,86.5,1541.5,201.9,53.7,7.7,,,,
44.501,2,Atta_2,1105.0,205.2,145.9,34.4,1.3,,,,
44.501,3,Atta_3,639.1,2593.6,207.3,-122.0,-0.2,,,,
44.501,4,Atta_4,1979.4,734.7,221.7,68.2,0.1,,,,
44.501,5,Atta_5,620.2,148.4,245.8,-42.3,4.1,,,,
44.501,6,Atta_6,1618.1,1753.3,81.1,29.0,-7.6,,,,
44.501,7,Atta_7,182.9,269.5,1.9,-11.4,-2.0,,,,
44.501,8,Atta_8,1423.0,2335.0,36.7,70.9,-0.6,,,,
44.501,9,Atta_9,790.8,1472.1,216.7,47.9,-2.4,,,,
44.501,10,Atta_10,387.2,2024.0,272.3,-6.8,-0.6,,,,
44.567,1,Atta_1,71.5,1485.6,199.9,57.9,-2.0,,,,
44.567,2,Atta_2,1080.9,127.5,156.5,-81.4,10.6,,,,
44.567,3,Atta_3,511.7,2616.1,210.0,129.4,2.7,,,,
44.567,4,Atta_4,1952.9,809.1,222.2,-79.0,0.5,,,,
44.567,5,Atta_5,602.4,117.7,251.3,35.5,5.5,,,,
44.567,6,Atta_6,1622.9,1778.2,67.8,25.4,-13.3,,,,
44.567,7,Atta_7,206.0,215.4,3.2,58.8,1.3,,,,
44.567,8,Atta_8,1430.2,2337.0,26.0,7.5,-10.7,,,,
44.567,9,Atta_9,773.5,1450.0,218.3,28.1,1.6,,,,
44.567,10,Atta_10,449.3,2013.6,274.7,63.0,2.4,,,,
44.703,1,Atta_1,84.2,1593.5,200.1,-108.6,0.2,,,,
44.703,2,Atta_2,1059.2,168.9,161.4,46.7,4.9,,,,
44.703,3,Atta_3,549.5,2527.2,208.4,96.6,-1.6,,,,
44.703,4,Atta_4,1907.1,779.7,223.1,54.4,0.9,,,,
44.703,5,Atta_5,669.4,131.7,260.5,-68.4,9.2,,,,
44.703,6,Atta_6,1631.5,1786.6,71.2,12.0,3.4,,,,
44.703,7,Atta_7,157.3,227.3,5.1,-50.1,1.9,,,,
44.703,8,Atta_8,1410.1,2338.2,23.9,-20.1,-2.1,,,,
44.703,9,Atta_9,755.8,1437.6,218.2,21.6,-0.1,,,,
44.703,10,Atta_10,418.3,1988.9,270.9,39.6,-3.8,,,,
44.757,1,Atta_1,126.3,1544.7,200.0,-64.5,-0.1,,,,
44.757,2,Atta_2,1062.1,230.0,166.5,61.2,5.1,,,,
44.757,3,Atta_3,515.0,2600.5,207.6,-81.0,-0.8,,,,
44.757,4,Atta_4,1881.8,729.1,222.8,56.6,-0.3,,,,
44.757,5,Atta_5,689.2,126.7,262.9,20.4,2.4,,,,
44.757,6,Atta_6,1585.6,1761.6,67.8,-52.3,-3.4,,,,
44.757,7,Atta_7,223.5,271.1,7.0,79.4,1.9,,,,
44.757,8,Atta_8,1388.9,2345.3,17.4,-22.4,-6.5,,,,
44.757,9,Atta_9,818.4,1378.0,218.4,-86.4,0.2,,,,
44.757,10,Atta_10,371.5,1997.6,272.5,-47.6,1.6,,,,
44.812,1,Atta_1,157.0,1537.0,197.5,-31.7,-2.5,,,,
44.812,2,Atta_2,1053.6,176.9,171.7,-53.8,5.2,,,,
44.812,3,Atta_3,533.5,2593.8,207.2,-19.7,-0.4,,,,
44.812,4,Atta_4,1937.3,730.6,222.9,-55.5,0.1,,,,
44.812,5,Atta_5,683.3,117.0,266.9,11.4,4.0,,,,
44.812,6,Atta_6,1603.2,1772.8,60.6,20.9,-7.2,,,,
44.812,7,Atta_7,171.8,288.3,4.3,-54.5,-2.7,,,,
44.812,8,Atta_8,1398.1,2356.9,12.9,14.8,-4.5,,,,
44.812,9,Atta_9,822.0,1375.1,216.6,-4.6,-1.8,,,,
44.812,10,Atta_10,441.9,1963.1,273.0,78.4,0.5,,,,
44.883,1,Atta_1,180.8,1595.0,202.6,-62.7,5.1,,,,
44.883,2,Atta_2,1112.7,213.5,176.3,-69.5,4.6,,,,
44.883,3,Atta_3,511.3,2537.7,210.6,60.3,3.4,,,,
44.883,4,Atta_4,1869.9,707.8,224.2,71.2,1.3,,,,
44.883,5,Atta_5,643.1,132.0,268.7,-42.9,1.8,,,,
44.883,6,Atta_6,1609.4,1681.8,56.3,-91.2,-4.3,,,,
44.883,7,Atta_7,244.3,298.7,7.6,73.2,3.3,,,,
44.883,8,Atta_8,1413.2,2329.2,6.8,31.5,-6.1,,,,
44.883,9,Atta_9,752.8,1351.1,217.4,73.2,0.8,,,,
44.883,10,Atta_10,421.5,1978.5,274.1,-25.6,1.1,,,,
44.954,1,Atta_1,128.7,1522.8,204.6,89.0,2.0,,,,
44.954,2,Atta_2,1085.5,254.4,179.7,49.1,3.4,,,,
44.954,3,Atta_3,492.9,2541.5,208.1,18.8,-2.5,,,,
44.954,5,Atta_5,651.0,127.5,276.5,9.1,7.8,,,,
44.954,6,Atta_6,1614.3,1768.1,55.3,86.4,-1.0,,,,
44.954,7,Atta_7,220.6,274.3,6.4,-34.0,-1.2,,,,
44.954,8,Atta_8,1453.5,2329.1,3.3,40.3,-3.5,,,,
44.954,9,Atta_9,758.5,1440.5,224.3,-89.6,6.9,,,,
44.954,10,Atta_10,441.7,1934.5,275.3,48.4,1.2,,,,
45.022,1,Atta_1,178.8,1594.5,209.6,-87.5,5.0,,,,
45.022,2,Atta_2,1054.3,181.8,184.2,79.0,4.5,,,,
45.022,3,Atta_3,492.0,2537.6,210.7,4.0,2.6,,,,
45.022,4,Atta_4,1900.4,688.2,220.1,-36.3,-4.1,,,,
45.022,5,Atta_5,644.4,127.7,279.9,-6.6,3.4,,,,
45.022,6,Atta_6,1646.9,1759.1,53.3,33.8,-2.0,,,,
45.022,7,Atta_7,227.6,272.9,6.9,7.1,0.5,,,,
45.022,8,Atta_8,1431.0,2276.9,9.4,-56.8,6.1,,,,
45.022,9,Atta_9,743.4,1422.5,219.1,23.5,-5.2,,,,
45.022,10,Atta_10,417.1,1906.9,274.9,37.0,-0.4,,,,
45.111,1,Atta_1,195.7,1568.3,216.9,-31.2,7.3,,,,
45.111,2,Atta_2,1123.0,187.8,191.8,-69.0,7.6,,,,
45.111,3,Atta_3,378.2,2600.0,208.4,129.8,-2.3,,,,
45.111,4,Atta_4,1865.4,702.3,219.8,37.7,-0.3,,,,
45.111,5,Atta_5,670.4,157.4,282.8,-39.5,2.9,,,,
45.111,6,Atta_6,1569.9,1800.1,56.1,-87.2,2.8,,,,
45.111,7,Atta_7,267.6,257.9,5.8,42.7,-1.1,,,,
45.111,8,Atta_8,1405.3,2337.0,5.9,-65.4,-3.5,,,,
45.111,9,Atta_9,788.0,1445.1,221.1,-50.0,2.0,,,,
45.111,10,Atta_10,357.2,1937.9,269.7,-67.4,-5.2,,,,
45.166,1,Atta_1,179.6,1562.3,221.3,17.2,4.4,,,,
45.166,2,Atta_2,1102.9,166.9,195.2,29.0,3.4,,,,
45.166,3,Atta_3,512.7,2557.1,207.9,-141.2,-0.5,,,,
45.166,4,Atta_4,1859.2,688.6,221.7,15.0,1.9,,,,
45.166,5,Atta_5,683.8,92.9,282.7,65.9,-0.1,,,,
45.166,6,Atta_6,1612.6,1778.3,55.3,47.9,-0.8,,,,
45.166,7,Atta_7,261.7,281.5,2.1,-24.3,-3.7,,,,
45.166,9,Atta_9,722.4,1386.7,216.9,87.8,-4.2,,,,
45.166,10,Atta_10,424.6,1920.0,276.6,69.7,6.9,,,,
45.232,1,Atta_1,121.5,1565.3,226.4,58.2,5.1,,,,
45.232,2,Atta_2,1035.4,193.9,193.5,72.7,-1.7,,,,
45.232,3,Atta_3,424.0,2532.2,207.5,92.1,-0.4,,,,
45.232,4,Atta_4,1839.9,680.0,217.2,21.1,-4.5,,,,
45.232,5,Atta_5,631.9,111.9,280.4,-55.3,-2.3,,,,
45.232,7,Atta_7,282.3,244.1,3.6,42.7,1.5,,,,
45.232,8,Atta_8,1431.8,2338.7,6.8,26.6,0.9,,,,
45.232,9,Atta_9,703.3,1369.4,220.3,25.8,3.4,,,,
45.232,10,Atta_10,386.4,1890.7,277.4,48.1,0.8,,,,
45.302,1,Atta_1,145.8,1532.5,232.0,40.8,5.6,,,,
45.302,2,Atta_2,1007.7,226.3,192.3,42.6,-1.2,,,,
45.302,3,Atta_3,457.4,2515.1,206.0,-37.5,-1.5,,,,
45.302,4,Atta_4,1887.5,611.0,218.0,83.8,0.8,,,,
45.302,5,Atta_5,683.6,189.8,289.7,-93.5,9.3,,,,
45.302,6,Atta_6,1612.0,1792.3,57.1,14.0,1.8,,,,
45.302,7,Atta_7,358.1,256.9,4.3,76.9,0.7,,,,
45.302,8,Atta_8,1441.4,2344.3,3.1,11.1,-3.7,,,,
45.302,9,Atta_9,694.9,1408.0,218.3,-39.5,-2.0,,,,
45.302,10,Atta_10,381.1,1890.3,274.4,-5.3,-3.0,,,,
45.352,1,Atta_1,210.9,1543.7,232.7,-66.1,0.7,,,,
45.352,2,Atta_2,1100.2,205.9,194.8,-94.7,2.5,,,,
45.352,3,Atta_3,381.0,2564.3,204.6,90.9,-1.4,,,,
45.352,4,Atta_4,1822.1,705.0,220.0,-114.5,2.0,,,,
45.352,5,Atta_5,690.1,89.5,284.3,100.5,-5.4,,,,
45.352,6,Atta_6,1620.1,1772.1,55.4,-21.8,-1.7,,,,
45.352,7,Atta_7,306.7,272.9,1.4,-53.8,-2.9,,,,
45.352,8,Atta_8,1455.2,2349.8,2.8,14.9,-0.3,,,,
45.352,9,Atta_9,636.3,1437.7,218.5,65.7,0.2,,,,
45.352,10,Atta_10,413.6,1902.4,272.7,-34.7,-1.7,,,,
45.423,1,Atta_1,142.4,1587.4,243.8,81.3,11.1,,,,
45.423,2,Atta_2,1075.7,195.6,195.8,26.6,1.0,,,,
45.423,3,Atta_3,384.8,2523.9,203.4,40.6,-1.2,,,,
45.423,4,Atta_4,1821.4,666.7,222.1,38.3,2.1,,,,
45.423,5,Atta_5,630.6,120.4,283.8,-67.0,-0.5,,,,
45.423,6,Atta_6,1695.5,1804.2,51.4,81.9,-4.0,,,,
45.423,7,Atta_7,287.4,248.1,3.9,-31.4,2.5,,,,
45.423,8,Atta_8,1477.7,2343.0,6.0,23.5,3.2,,,,
45.423,9,Atta_9,663.5,1356.7,216.3,85.4,-2.2,,,,
45.423,10,Atta_10,394.5,1888.3,275.2,23.7,2.5,,,,
45.49,1,Atta_1,202.3,1570.9,247.8,-62.1,4.0,,,,
45.49,2,Atta_2,1049.4,113.0,194.2,86.7,-1.6,,,,
45.49,3,Atta_3,400.6,2442.7,206.2,82.7,2.8,,,,
45.49,4,Atta_4,1826.4,666.1,221.8,-5.0,-0.3,,,,
45.49,5,Atta_5,666.9,57.0,282.2,73.1,-1.6,,,,
45.49,6,Atta_6,1670.9,1790.1,56.4,-28.4,5.0,,,,
45.49,7,Atta_7,321.4,232.8,2.4,37.3,-1.5,,,,
45.49,8,Atta_8,1445.9,2317.7,5.1,-40.6,-0.9,,,,
45.49,9,Atta_9,636.5,1377.4,215.8,34.0,-0.5,,,,
45.49,10,Atta_10,413.6,1822.4,273.2,68.6,-2.0,,,,
45.542,1,Atta_1,166.7,1566.7,248.0,35.8,0.2,,,,
45.542,2,Atta_2,1074.6,207.0,196.8,-97.3,2.6,,,,
45.542,3,Atta_3,367.7,2489.7,204.5,57.4,-1.7,,,,
45.542,4,Atta_4,1766.3,674.4,224.7,60.7,2.9,,,,
45.542,5,Atta_5,600.5,110.9,286.1,-85.5,3.9,,,,
45.542,6,Atta_6,1579.1,1807.9,56.6,-93.5,0.2,,,,
45.542,7,Atta_7,344.2,213.5,355.0,29.9,-7.4,,,,
45.542,8,Atta_8,1440.8,2333.8,6.4,-16.9,1.3,,,,
45.542,9,Atta_9,670.3,1395.3,218.3,-38.2,2.5,,,,
45.542,10,Atta_10,424.2,1829.4,273.8,-12.7,0.6,,,,
45.682,1,Atta_1,191.9,1558.9,250.1,-26.4,2.1,,,,
45.682,2,Atta_2,992.6,200.1,194.3,82.3,-2.5,,,,
45.682,3,Atta_3,400.2,2466.8,209.6,-39.8,5.1,,,,
45.682,4,Atta_4,1816.7,647.9,219.7,-56.9,-5.0,,,,
45.682,5,Atta_5,646.5,96.5,284.5,48.2,-1.6,,,,
45.682,6,Atta_6,1662.1,1838.9,53.6,88.6,-3.0,,,,
45.682,7,Atta_7,318.2,259.1,357.3,-52.5,2.3,,,,
45.682,8,Atta_8,1485.4,2306.5,7.5,52.3,1.1,,,,
45.682,9,Atta_9,639.0,1329.0,218.1,73.3,-0.2,,,,
45.682,10,Atta_10,401.8,1815.8,272.6,26.2,-1.2,,,,
45.749,1,Atta_1,132.3,1505.3,253.8,80.2,3.7,,,,
45.749,2,Atta_2,1075.0,191.2,201.5,-82.9,7.2,,,,
45.749,3,Atta_3,422.8,2500.8,207.0,-40.8,-2.6,,,,
45.749,4,Atta_4,1848.9,594.7,220.4,62.2,0.7,,,,
45.749,5,Atta_5,599.3,127.3,282.4,-56.4,-2.1,,,,
45.749,6,Atta_6,1654.6,1826.2,57.1,-14.7,3.5,,,,
45.749,7,Atta_7,358.2,279.0,347.9,44.7,-9.4,,,,
45.749,8,Atta_8,1481.8,2348.2,9.8,41.9,2.3,,,,
45.749,9,Atta_9,685.5,1345.7,216.5,-49.4,-1.6,,,,
45.749,10,Atta_10,371.0,1804.7,275.6,32.7,3.0,,,,
45.815,1,Atta_1,163.3,1567.2,256.8,-69.2,3.0,,,,
45.815,2,Atta_2,1018.5,153.3,192.2,68.0,-9.3,,,,
45.815,3,Atta_3,356.4,2482.7,209.4,68.8,2.4,,,,
45.815,4,Atta_4,1827.3,600.6,225.2,22.4,4.8,,,,
45.815,5,Atta_5,654.2,170.5,288.1,-69.9,5.7,,,,
45.815,6,Atta_6,1656.5,1866.4,53.0,40.2,-4.1,,,,
45.815,7,Atta_7,323.4,268.9,338.1,-36.2,-9.8,,,,
45.815,8,Atta_8,1517.7,2390.2,8.4,55.3,-1.4,,,,
45.815,9,Atta_9,596.1,1307.3,221.5,97.3,5.0,,,,
45.815,10,Atta_10,470.0,1841.3,275.8,-105.5,0.2,,,,
45.881,1,Atta_1,181.3,1590.9,254.1,-29.8,-2.7,,,,
45.881,2,Atta_2,1050.5,147.0,192.2,-32.6,0.0,,,,
45.881,3,Atta_3,373.1,2452.0,208.3,34.9,-1.1,,,,
45.881,4,Atta_4,1754.3,558.0,221.0,84.5,-4.2,,,,
45.881,5,Atta_5,670.7,196.1,284.8,-30.5,-3.3,,,,
45.881,6,Atta_6,1679.8,1831.9,53.1,-41.6,0.1,,,,
45.881,7,Atta_7,305.5,308.3,334.6,-43.3,-3.5,,,,
45.881,8,Atta_8,1547.4,2337.2,9.5,60.8,1.1,,,,
45.881,9,Atta_9,623.6,1285.7,217.9,-35.0,-3.6,,,,
45.881,10,Atta_10,448.5,1734.8,273.3,108.6,-2.5,,,,
46.015,1,Atta_1,194.7,1586.7,256.0,14.0,1.9,,,,
46.015,2,Atta_2,988.6,220.1,196.4,95.8,4.2,,,,
46.015,3,Atta_3,381.8,2470.2,206.4,-20.2,-1.9,,,,
46.015,4,Atta_4,1725.4,620.8,223.4,-69.1,2.4,,,,
46.015,5,Atta_5,649.8,143.5,284.6,56.6,-0.2,,,,
46.015,6,Atta_6,1673.3,1826.4,54.7,-8.5,1.6,,,,
46.015,7,Atta_7,314.8,288.3,328.5,22.1,-6.1,,,,
46.015,8,Atta_8,1544.2,2384.7,2.1,47.6,-7.4,,,,
46.015,9,Atta_9,611.4,1291.3,217.5,13.4,-0.4,,,,
46.015,10,Atta_10,431.1,1791.8,274.3,-59.6,1.0,,,,
46.084,1,Atta_1,167.0,1564.8,257.7,35.3,1.7,,,,
46.084,2,Atta_2,1019.8,125.2,194.2,-99.9,-2.2,,,,
46.084,3,Atta_3,382.1,2488.7,214.2,-18.5,7.8,,,,
46.084,4,Atta_4,1778.8,578.4,218.8,-68.2,-4.6,,,,
46.084,5,Atta_5,644.8,177.2,292.3,-34.1,7.7,,,,
46.084,6,Atta_6,1692.9,1867.0,50.6,45.1,-4.1,,,,
46.084,7,Atta_7,278.3,269.2,325.3,-41.2,-3.2,,,,
46.084,8,Atta_8,1598.6,2348.9,358.8,65.1,-3.3,,,,
46.084,9,Atta_9,581.2,1243.9,219.2,56.2,1.7,,,,
46.084,10,Atta_10,437.2,1754.2,273.8,38.1,-0.5,,,,
46.15,1,Atta_1,148.9,1523.8,255.9,44.8,-1.8,,,,
46.15,2,Atta_2,934.6,111.7,197.7,86.3,3.5,,,,
46.15,3,Atta_3,338.1,2450.9,207.7,58.0,-6.5,,,,
46.15,4,Atta_4,1742.0,588.2,223.5,38.1,4.7,,,,
46.15,5,Atta_5,640.2,192.4,294.3,-15.9,2.0,,,,
46.15,6,Atta_6,1729.2,1832.4,53.0,-50.1,2.4,,,,
46.15,7,Atta_7,362.8,291.1,321.6,87.3,-3.7,,,,
46.15,8,Atta_8,1532.7,2308.9,353.9,-77.1,-4.9,,,,
46.15,9,Atta_9,603.2,1297.3,215.0,-57.8,-4.2,,,,
46.15,10,Atta_10,449.7,1728.5,276.6,28.6,2.8,,,,
46.219,1,Atta_1,184.9,1497.7,257.6,44.5,1.7,,,,
46.219,2,Atta_2,913.1,197.4,194.7,-88.4,-3.0,,,,
46.219,3,Atta_3,304.8,2498.9,209.6,58.4,1.9,,,,
46.219,4,Atta_4,1705.5,600.6,222.8,38.5,-0.7,,,,
46.219,5,Atta_5,611.5,172.9,301.2,34.7,6.9,,,,
46.219,6,Atta_6,1693.3,1918.8,54.7,93.6,1.7,,,,
46.219,7,Atta_7,344.7,243.4,323.8,51.0,2.2,,,,
46.219,8,Atta_8,1556.5,2368.7,347.1,64.4,-6.8,,,,
46.219,9,Atta_9,544.8,1257.4,221.2,70.7,6.2,,,,
46.219,10,Atta_10,415.0,1683.1,275.1,57.1,-1.5,,,,
46.285,1,Atta_1,138.9,1496.4,257.8,46.0,0.2,,,,
46.285,2,Atta_2,963.0,112.6,192.8,-98.4,-1.9,,,,
46.285,3,Atta_3,295.1,2397.9,204.0,101.5,-5.6,,,,
46.285,4,Atta_4,1771.0,579.8,220.6,-68.7,-2.2,,,,
46.285,5,Atta_5,655.1,181.5,303.1,44.4,1.9,,,,
46.285,6,Atta_6,1714.7,1863.1,54.7,-59.7,0.0,,,,
46.285,7,Atta_7,333.3,197.4,323.0,47.4,-0.8,,,,
46.285,8,Atta_8,1531.9,2277.5,343.4,-94.5,-3.7,,,,
46.285,9,Atta_9,565.3,1248.2,221.1,-22.5,-0.1,,,,
46.285,10,Atta_10,410.5,1742.7,273.5,-59.8,-1.6,,,,
46.351,1,Atta_1,133.2,1505.5,257.3,-10.7,-0.5,,,,
46.351,2,Atta_2,952.9,100.0,194.7,16.1,1.9,,,,
46.351,3,Atta_3,296.8,2478.8,206.2,-80.9,2.2,,,,
46.351,4,Atta_4,1709.3,507.0,219.0,95.4,-1.6,,,,
46.351,5,Atta_5,628.2,187.8,311.8,-27.6,8.7,,,,
46.351,6,Atta_6,1726.3,1970.3,57.2,107.8,2.5,,,,
46.351,7,Atta_7,283.1,203.1,319.5,-50.5,-3.5,,,,
46.351,8,Atta_8,1553.8,2356.3,340.4,-81.8,-3.0,,,,
46.351,9,Atta_9,559.3,1280.7,217.0,-33.0,-4.1,,,,
46.351,10,Atta_10,375.4,1704.0,277.3,52.2,3.8,,,,
46.421,1,Atta_1,179.8,1534.6,258.0,-54.9,0.7,,,,
46.421,2,Atta_2,886.9,136.3,192.8,75.3,-1.9,,,,
46.421,3,Atta_3,296.8,2457.5,208.5,21.3,2.3,,,,
46.421,4,Atta_4,1699.5,556.0,220.5,-50.0,1.5,,,,
46.421,5,Atta_5,657.6,143.8,314.5,52.9,2.7,,,,
46.421,6,Atta_6,1719.2,1896.8,53.8,-73.8,-3.4,,,,
46.421,7,Atta_7,295.3,259.5,321.1,-57.7,1.6,,,,
46.421,8,Atta_8,1533.0,2329.8,336.1,-33.7,-4.3,,,,
46.421,9,Atta_9,556.7,1281.8,221.9,2.8,4.9,,,,
46.421,10,Atta_10,365.8,1683.3,271.0,22.8,-6.3,,,,
46.491,1,Atta_1,127.0,1470.6,262.1,83.0,4.1,,,,
46.491,2,Atta_2,927.9,94.1,196.3,-58.8,3.5,,,,
46.491,3,Atta_3,333.2,2437.1,204.9,-41.7,-3.6,,,,
46.491,4,Atta_4,1695.5,592.7,222.9,-36.9,2.4,,,,
46.491,5,Atta_5,677.8,107.6,319.3,41.5,4.8,,,,
46.491,6,Atta_6,1711.7,1926.6,57.2,30.7,3.4,,,,
46.491,7,Atta_7,357.4,251.0,319.9,62.7,-1.2,,,,
46.491,8,Atta_8,1542.8,2352.4,329.6,-24.6,-6.5,,,,
46.491,9,Atta_9,522.4,1245.7,215.2,49.8,-6.7,,,,
46.491,10,Atta_10,403.1,1705.1,272.2,-43.2,1.2,,,,
46.556,1,Atta_1,128.0,1464.1,262.3,6.6,0.2,,,,
46.556,2,Atta_2,877.6,197.3,198.4,114.8,2.1,,,,
46.556,3,Atta_3,275.9,2413.4,208.3,62.0,3.4,,,,
46.556,4,Atta_4,1679.6,506.8,221.1,87.4,-1.8,,,,
46.556,5,Atta_5,604.3,160.8,321.2,-90.7,1.9,,,,
46.556,6,Atta_6,1693.4,1906.8,51.4,-27.0,-5.8,,,,
46.556,7,Atta_7,367.4,286.8,327.9,-37.2,8.0,,,,
46.556,8,Atta_8,1494.0,2324.3,327.3,-56.3,-2.3,,,,
46.556,9,Atta_9,498.8,1267.6,216.3,32.2,1.1,,,,
46.556,10,Atta_10,405.8,1689.7,274.3,15.6,2.1,,,,
46.606,1,Atta_1,197.0,1429.3,255.8,77.3,-6.5,,,,
46.606,2,Atta_2,893.3,225.2,193.9,-32.0,-4.5,,,,
46.606,3,Atta_3,275.9,2405.2,207.8,8.2,-0.5,,,,
46.606,4,Atta_4,1639.3,511.5,223.0,40.6,1.9,,,,
46.606,5,Atta_5,607.1,144.5,324.3,16.5,3.1,,,,
46.606,6,Atta_6,1739.9,1938.5,56.7,56.3,5.3,,,,
46.606,7,Atta_7,320.6,215.9,332.6,-85.0,4.7,,,,
46.606,8,Atta_8,1521.6,2314.6,318.1,29.3,-9.2,,,,
46.606,9,Atta_9,472.9,1201.4,217.3,71.1,1.0,,,,
46.606,10,Atta_10,461.6,1667.8,270.9,59.9,-3.4,,,,
46.677,1,Atta_1,133.7,1424.6,259.4,63.5,3.6,,,,
46.677,2,Atta_2,866.6,123.5,192.0,105.1,-1.9,,,,
46.677,3,Atta_3,225.0,2408.8,203.8,51.0,-4.0,,,,
46.677,4,Atta_4,1638.2,560.0,220.1,-48.5,-2.9,,,,
46.677,5,Atta_5,658.0,225.0,326.4,-95.2,2.1,,,,
46.677,6,Atta_6,1778.8,1927.9,53.4,40.3,-3.3,,,,
46.677,7,Atta_7,340.6,263.0,335.1,-51.2,2.5,,,,
46.677,8,Atta_8,1585.3,2400.4,314.3,-106.9,-3.8,,,,
46.677,9,Atta_9,526.7,1232.8,221.8,-62.3,4.5,,,,
46.677,10,Atta_10,434.5,1635.2,274.3,42.4,3.4,,,,
46.746,1,Atta_1,123.3,1477.3,254.2,-53.7,-5.2,,,,
46.746,2,Atta_2,814.1,137.4,195.3,54.3,3.3,,,,
46.746,3,Atta_3,226.6,2388.0,207.0,20.9,3.2,,,,
46.746,4,Atta_4,1706.7,530.6,223.1,-74.5,3.0,,,,
46.746,5,Atta_5,634.7,145.1,333.5,83.2,7.1,,,,
46.746,6,Atta_6,1743.8,1932.7,52.8,-35.3,-0.6,,,,
46.746,7,Atta_7,296.9,264.3,340.2,-43.7,5.1,,,,
46.746,8,Atta_8,1518.4,2419.3,315.6,-69.5,1.3,,,,
46.746,9,Atta_9,494.2,1199.9,218.7,46.2,-3.1,,,,
46.746,10,Atta_10,414.2,1697.6,273.2,-65.6,-1.1,,,,
46.816,1,Atta_1,141.6,1442.1,259.9,39.7,5.7,,,,
46.816,2,Atta_2,899.4,88.4,192.4,-98.4,-2.9,,,,
46.816,3,Atta_3,219.8,2386.2,204.7,7.0,-2.3,,,,
46.816,4,Atta_4,1651.2,476.9,223.5,77.2,0.4,,,,
46.816,5,Atta_5,651.3,213.9,343.5,-70.8,10.0,,,,
46.816,6,Atta_6,1738.5,1938.6,53.7,7.9,0.9,,,,
46.816,7,Atta_7,349.1,260.5,342.8,52.3,2.6,,,,
46.816,8,Atta_8,1547.6,2401.2,307.0,34.4,-8.6,,,,
46.816,9,Atta_9,493.7,1232.0,217.6,-32.1,-1.1,,,,
46.816,10,Atta_10,407.8,1674.0,278.3,24.5,5.1,,,,
46.869,1,Atta_1,113.9,1438.6,266.4,27.9,6.5,,,,
46.869,2,Atta_2,850.9,70.7,197.3,51.6,4.9,,,,
46.869,3,Atta_3,232.8,2371.6,211.9,-19.5,7.2,,,,
46.869,4,Atta_4,1615.8,505.2,219.2,45.3,-4.3,,,,
46.869,5,Atta_5,649.4,187.4,346.1,26.6,2.6,,,,
46.869,6,Atta_6,1736.6,2011.1,54.7,72.5,1.0,,,,
46.869,7,Atta_7,320.5,278.0,348.9,-33.5,6.1,,,,
46.869,8,Atta_8,1585.5,2340.4,310.0,71.6,3.0,,,,
46.869,9,Atta_9,490.6,1210.3,218.4,21.9,0.8,,,,
46.869,10,Atta_10,402.2,1673.0,274.3,5.7,-4.0,,,,
46.939,1,Atta_1,179.7,1419.1,271.7,68.6,5.3,,,,
46.939,2,Atta_2,838.9,81.2,196.1,15.9,-1.2,,,,
46.939,3,Atta_3,217.9,2406.7,208.6,-38.1,-3.3,,,,
46.939,4,Atta_4,1605.1,444.7,222.5,61.4,3.3,,,,
46.939,5,Atta_5,686.1,161.3,344.7,45.0,-1.4,,,,
46.939,6,Atta_6,1776.9,1949.2,54.3,-73.9,-0.4,,,,
46.939,7,Atta_7,310.3,264.5,354.6,-16.9,5.7,,,,
46.939,8,Atta_8,1514.7,2345.2,309.4,-71.0,-0.6,,,,
46.939,9,Atta_9,504.0,1231.2,216.8,-24.8,-1.6,,,,
46.939,10,Atta_10,485.0,1610.6,274.1,103.7,-0.2,,,,
47.009,1,Atta_1,155.6,1427.2,275.4,-25.4,3.7,,,,
47.009,2,Atta_2,829.0,138.3,192.7,-58.0,-3.4,,,,
47.009,3,Atta_3,179.5,2341.3,207.9,75.8,-0.7,,,,
47.009,4,Atta_4,1637.3,487.2,223.7,-53.3,1.2,,,,
47.009,5,Atta_5,595.8,196.2,340.9,-96.8,-3.8,,,,
47.009,6,Atta_6,1774.0,1987.4,46.5,38.3,-7.8,,,,
47.009,7,Atta_7,356.5,259.4,356.5,46.5,1.9,,,,
47.009,8,Atta_8,1545.1,2365.8,309.8,36.7,0.4,,,,
47.009,9,Atta_9,459.7,1246.5,216.4,46.9,-0.4,,,,
47.009,10,Atta_10,460.9,1605.5,272.7,24.6,-1.4,,,,
47.064,1,Atta_1,113.2,1460.4,281.6,-53.9,6.2,,,,
47.064,2,Atta_2,833.0,117.6,192.7,21.1,0.0,,,,
47.064,3,Atta_3,149.7,2394.6,209.3,61.1,1.4,,,,
47.064,4,Atta_4,1613.8,533.1,219.6,-51.6,-4.1,,,,
47.064,5,Atta_5,609.7,179.8,345.4,21.5,4.5,,,,
47.064,6,Atta_6,1765.1,1998.7,50.1,14.4,3.6,,,,
47.064,7,Atta_7,339.1,270.3,1.4,-20.5,4.9,,,,
47.064,8,Atta_8,1589.2,2304.2,308.3,75.8,-1.5,,,,
47.064,9,Atta_9,430.3,1169.7,217.8,82.2,1.4,,,,
47.064,10,Atta_10,420.6,1582.8,275.4,46.3,2.7,,,,
47.135,1,Atta_1,180.6,1357.8,287.9,122.8,6.3,,,,
47.135,2,Atta_2,819.2,95.7,193.6,25.9,0.9,,,,
47.135,3,Atta_3,171.7,2351.8,205.6,48.1,-3.7,,,,
47.135,4,Atta_4,1598.8,407.1,223.2,126.9,3.6,,,,
47.135,5,Atta_5,639.3,134.0,346.0,54.5,0.6,,,,
47.135,6,Atta_6,1863.9,1980.9,53.3,100.4,3.2,,,,
47.135,7,Atta_7,379.1,258.8,7.0,41.6,5.6,,,,
47.135,8,Atta_8,1583.1,2334.9,310.3,-31.3,2.0,,,,
47.135,9,Atta_9,393.5,1163.1,217.2,37.4,-0.6,,,,
47.135,10,Atta_10,391.1,1588.5,275.0,-30.0,-0.4,,,,
47.201,1,Atta_1,195.0,1469.2,289.6,-112.3,1.7,,,,
47.201,2,Atta_2,774.4,107.0,196.5,46.2,2.9,,,,
47.201,3,Atta_3,150.5,2358.9,207.9,22.4,2.3,,,,
47.201,4,Atta_4,1599.0,460.3,221.7,-53.2,-1.5,,,,
47.201,5,Atta_5,660.3,211.6,341.6,80.4,-4.4,,,,
47.201,6,Atta_6,1844.4,2015.6,49.5,39.8,-3.8,,,,
47.201,7,Atta_7,273.9,324.5,12.0,-124.0,5.0,,,,
47.201,8,Atta_8,1541.7,2263.3,317.3,82.7,7.0,,,,
47.201,9,Atta_9,423.8,1165.7,215.6,-30.4,-1.6,,,,
47.201,10,Atta_10,383.2,1576.4,272.3,14.5,-2.7,,,,
47.268,1,Atta_1,133.2,1469.5,293.6,-61.8,4.0,,,,
47.268,2,Atta_2,774.4,130.0,192.8,-23.0,-3.7,,,,
47.268,3,Atta_3,160.8,2361.2,206.2,-10.6,-1.7,,,,
47.268,4,Atta_4,1613.4,431.2,221.9,32.5,0.2,,,,
47.268,5,Atta_5,656.9,166.7,344.5,45.0,2.9,,,,
47.268,6,Atta_6,1822.5,2094.3,53.9,81.7,4.4,,,,
47.268,7,Atta_7,321.4,318.3,15.5,47.9,3.5,,,,
47.268,8,Atta_8,1501.9,2341.0,322.7,-87.3,5.4,,,,
47.268,9,Atta_9,428.1,1180.3,216.5,-15.2,0.9,,,,
47.268,10,Atta_10,485.1,1540.9,274.6,107.9,2.3,,,,
47.337,1,Atta_1,166.8,1443.3,301.8,42.6,8.2,,,,
47.337,2,Atta_2,795.9,88.0,191.0,-47.2,-1.8,,,,
47.337,3,Atta_3,125.2,2363.0,206.7,35.6,0.5,,,,
47.337,4,Atta_4,1574.2,454.2,219.6,45.4,-2.3,,,,
47.337,5,Atta_5,651.4,184.3,348.3,-18.4,3.8,,,,
47.337,6,Atta_6,1801.4,2097.4,54.1,-21.3,0.2,,,,
47.337,7,Atta_7,344.0,206.6,18.7,-114.0,3.2,,,,
47.337,8,Atta_8,1525.0,2363.0,323.8,31.9,1.1,,,,
47.337,9,Atta_9,419.9,1163.0,214.9,19.1,-1.6,,,,
47.337,10,Atta_10,420.4,1521.8,272.6,67.5,-2.0,,,,
47.474,1,Atta_1,157.2,1440.8,311.9,-9.9,10.1,,,,
47.474,2,Atta_2,770.6,118.1,200.5,39.3,9.5,,,,
47.474,3,Atta_3,53.6,2368.9,208.4,71.8,1.7,,,,
47.474,4,Atta_4,1570.9,446.4,218.0,8.5,-1.6,,,,
47.474,5,Atta_5,672.9,156.6,341.0,35.1,-7.3,,,,
47.474,7,Atta_7,347.3,243.6,30.0,37.1,11.3,,,,
47.474,8,Atta_8,1524.7,2302.8,333.9,60.2,10.1,,,,
47.474,9,Atta_9,394.1,1142.7,217.0,32.8,2.1,,,,
47.474,10,Atta_10,461.4,1529.6,273.6,-41.7,1.0,,,,
47.54,1,Atta_1,115.4,1451.0,312.6,-43.0,0.7,,,,
47.54,2,Atta_2,831.3,118.4,200.1,-60.7,-0.4,,,,
47.54,3,Atta_3,118.0,2330.8,212.8,-74.8,4.4,,,,
47.54,4,Atta_4,1545.1,447.2,226.6,25.8,8.6,,,,
47.54,5,Atta_5,642.0,189.9,341.7,-45.4,0.7,,,,
47.54,6,Atta_6,1799.8,2117.8,55.3,20.5,1.2,,,,
47.54,7,Atta_7,377.8,272.0,32.2,41.7,2.2,,,,
47.54,8,Atta_8,1573.5,2377.8,337.3,89.5,3.4,,,,
47.54,9,Atta_9,347.8,1109.6,217.6,56.9,0.6,,,,
47.54,10,Atta_10,437.6,1499.1,277.6,38.7,4.0,,,,
47.612,1,Atta_1,150.1,1441.0,313.8,36.1,1.2,,,,
47.612,2,Atta_2,808.4,86.8,199.5,39.0,-0.6,,,,
47.612,3,Atta_3,37.0,2290.7,211.2,90.4,-1.6,,,,
47.612,4,Atta_4,1542.8,376.1,224.1,71.1,-2.5,,,,
47.612,5,Atta_5,572.3,253.9,337.4,-94.6,-4.3,,,,
47.612,6,Atta_6,1854.9,2096.7,57.2,59.0,1.9,,,,
47.612,7,Atta_7,315.7,250.9,36.5,-65.6,4.3,,,,
47.612,8,Atta_8,1495.9,2397.0,344.1,-79.9,6.8,,,,
47.612,9,Atta_9,347.4,1148.4,214.1,-38.8,-3.5,,,,
47.612,10,Atta_10,432.8,1498.2,274.0,4.9,-3.6,,,,
47.732,1,Atta_1,111.8,1467.9,321.7,-46.8,7.9,,,,
47.732,2,Atta_2,872.7,85.6,198.2,-64.3,-1.3,,,,
47.732,3,Atta_3,89.7,2351.5,213.3,-80.5,2.1,,,,
47.732,4,Atta_4,1573.9,406.1,222.5,-43.2,-1.6,,,,
47.732,5,Atta_5,560.0,207.4,341.1,48.1,3.7,,,,
47.732,6,Atta_6,1867.7,2107.8,56.6,16.9,-0.6,,,,
47.732,7,Atta_7,340.6,236.8,44.0,28.6,7.5,,,,
47.732,8,Atta_8,1577.3,2382.6,346.2,82.7,2.1,,,,
47.732,9,Atta_9,408.8,1151.1,218.0,-61.5,3.9,,,,
47.732,10,Atta_10,477.5,1512.0,272.6,-46.8,-1.4,,,,
47.798,1,Atta_1,178.1,1403.4,323.6,92.5,1.9,,,,
47.798,2,Atta_2,847.9,149.8,202.0,68.8,3.8,,,,
47.798,3,Atta_3,86.4,2390.9,211.8,-39.5,-1.5,,,,
47.798,4,Atta_4,1524.9,440.5,220.2,59.9,-2.3,,,,
47.798,5,Atta_5,646.7,216.8,337.4,87.2,-3.7,,,,
47.798,6,Atta_6,1803.5,2052.7,55.1,-84.6,-1.5,,,,
47.798,7,Atta_7,312.6,232.2,44.7,-28.4,0.7,,,,
47.798,8,Atta_8,1526.9,2338.4,353.7,-67.0,7.5,,,,
47.798,9,Atta_9,340.1,1127.7,221.5,72.6,3.5,,,,
47.798,10,Atta_10,456.7,1478.2,276.6,39.7,4.0,,,,
47.868,1,Atta_1,130.2,1470.0,327.8,-82.0,4.2,,,,
47.868,2,Atta_2,873.0,138.8,199.3,-27.4,-2.7,,,,
47.868,3,Atta_3,113.2,2411.1,213.8,-33.6,2.0,,,,
47.868,4,Atta_4,1556.9,419.1,223.0,-38.5,2.8,,,,
47.868,5,Atta_5,613.3,166.5,337.8,-60.4,0.4,,,,
47.868,6,Atta_6,1885.9,2119.0,55.3,105.8,0.2,,,,
47.868,7,Atta_7,334.8,229.9,54.7,22.3,10.0,,,,
47.868,8,Atta_8,1536.3,2374.0,357.3,36.8,3.6,,,,
47.868,9,Atta_9,384.5,1111.9,216.1,-47.1,-5.4,,,,
47.868,10,Atta_10,445.6,1454.9,273.8,25.8,-2.8,,,,
47.937,1,Atta_1,110.6,1397.3,332.9,75.3,5.1,,,,
47.937,2,Atta_2,909.6,66.5,200.4,-81.0,1.1,,,,
47.937,3,Atta_3,179.7,2395.5,215.7,-68.3,1.9,,,,
47.937,4,Atta_4,1586.3,418.2,220.5,-29.4,-2.5,,,,
47.937,5,Atta_5,583.7,169.6,342.2,-29.8,4.4,,,,
47.937,6,Atta_6,1856.8,2154.2,51.9,45.7,-3.4,,,,
47.937,7,Atta_7,325.7,264.7,56.6,36.0,1.9,,,,
47.937,8,Atta_8,1497.3,2366.3,358.7,-39.8,1.4,,,,
47.937,9,Atta_9,336.1,1066.1,219.6,66.6,3.5,,,,
47.937,10,Atta_10,416.7,1490.2,276.4,-45.6,2.6,,,,
48.004,1,Atta_1,185.9,1435.1,339.0,84.3,6.1,,,,
48.004,2,Atta_2,834.8,139.6,208.2,104.6,7.8,,,,
48.004,3,Atta_3,137.3,2367.3,214.1,50.9,-1.6,,,,
48.004,4,Atta_4,1583.0,430.6,223.4,-12.8,2.9,,,,
48.004,5,Atta_5,602.7,204.8,343.6,40.0,1.4,,,,
48.004,6,Atta_6,1908.3,2106.5,52.3,-70.2,0.4,,,,
48.004,7,Atta_7,337.9,240.4,57.2,-27.2,0.6,,,,
48.004,8,Atta_8,1557.6,2357.7,5.1,60.9,6.4,,,,
48.004,9,Atta_9,340.3,1051.3,218.4,15.4,-1.2,,,,
48.004,10,Atta_10,445.0,1438.8,277.5,58.7,1.1,,,,
48.07,1,Atta_1,148.6,1433.6,343.7,-37.3,4.7,,,,
48.07,2,Atta_2,895.5,128.6,213.7,-61.7,5.5,,,,
48.07,3,Atta_3,90.1,2430.1,214.3,78.6,0.2,,,,
48.07,4,Atta_4,1641.6,496.9,224.0,-88.5,0.6,,,,
48.07,5,Atta_5,623.9,183.6,355.3,30.0,11.7,,,,
48.07,6,Atta_6,1866.2,2144.5,58.4,56.7,6.1,,,,
48.07,7,Atta_7,327.5,279.8,64.4,40.7,7.2,,,,
48.07,8,Atta_8,1557.9,2329.9,9.7,-27.8,4.6,,,,
48.07,9,Atta_9,324.8,1108.0,220.4,-58.8,2.0,,,,
48.07,10,Atta_10,373.6,1450.9,276.1,-72.4,-1.4,,,,
48.136,1,Atta_1,151.9,1464.6,345.1,-31.2,1.4,,,,
48.136,2,Atta_2,830.5,135.1,216.8,65.3,3.1,,,,
48.136,3,Atta_3,172.4,2395.5,217.6,-89.3,3.3,,,,
48.136,4,Atta_4,1629.3,469.9,222.0,29.7,-2.0,,,,
48.136,5,Atta_5,563.6,250.5,359.8,-90.1,4.5,,,,
48.136,6,Atta_6,1868.4,2158.2,54.4,13.9,-4.0,,,,
48.136,7,Atta_7,318.1,283.6,72.2,-10.1,7.8,,,,
48.136,8,Atta_8,1535.9,2376.5,14.5,-51.5,4.8,,,,
48.136,9,Atta_9,335.5,1102.7,217.9,-11.9,-2.5,,,,
48.136,10,Atta_10,470.6,1447.3,277.4,97.1,1.3,,,,
48.202,1,Atta_1,65.9,1496.9,350.0,-91.9,4.9,,,,
48.202,2,Atta_2,833.4,157.6,221.7,-22.7,4.9,,,,
48.202,3,Atta_3,173.6,2356.3,219.0,39.2,1.4,,,,
48.202,4,Atta_4,1595.3,451.6,216.2,38.6,-5.8,,,,
48.202,5,Atta_5,559.7,195.3,2.4,-55.3,2.6,,,,
48.202,6,Atta_6,1926.4,2138.0,55.5,61.4,1.1,,,,
48.202,7,Atta_7,343.6,220.7,72.4,-67.9,0.2,,,,
48.202,8,Atta_8,1581.8,2321.3,18.8,71.8,4.3,,,,
48.202,9,Atta_9,290.6,1064.2,216.3,59.1,-1.6,,,,
48.202,10,Atta_10,460.9,1422.6,274.1,26.5,-3.3,,,,
48.268,1,Atta_1,127.1,1407.7,355.3,108.2,5.3,,,,
48.268,2,Atta_2,824.3,112.8,225.9,45.7,4.2,,,,
48.268,3,Atta_3,184.4,2386.3,226.7,-31.9,7.7,,,,
48.268,4,Atta_4,1641.1,474.1,212.6,-51.0,-3.6,,,,
48.268,5,Atta_5,608.2,203.0,7.3,49.1,4.9,,,,
48.268,6,Atta_6,1859.7,2136.2,53.9,-66.7,-1.6,,,,
48.268,7,Atta_7,303.2,293.7,77.7,83.4,5.3,,,,
48.268,8,Atta_8,1533.6,2329.5,24.5,-48.9,5.7,,,,
48.268,9,Atta_9,309.3,1132.9,211.3,-71.2,-5.0,,,,
48.268,10,Atta_10,379.8,1382.5,274.2,90.5,0.1,,,,
48.335,1,Atta_1,116.7,1398.4,1.4,-14.0,6.1,,,,
48.335,2,Atta_2,805.8,121.5,227.8,20.4,1.9,,,,
48.335,3,Atta_3,142.7,2420.3,227.6,53.8,0.9,,,,
48.335,4,Atta_4,1586.3,426.8,207.1,72.4,-5.5,,,,
48.335,5,Atta_5,591.3,228.1,10.3,-30.3,3.0,,,,
48.335,6,Atta_6,1891.1,2170.8,51.2,46.7,-2.7,,,,
48.335,7,Atta_7,351.3,316.4,82.4,53.2,4.7,,,,
48.335,8,Atta_8,1510.5,2353.9,30.0,-33.6,5.5,,,,
48.335,9,Atta_9,311.6,1048.8,208.3,84.1,-3.0,,,,
48.335,10,Atta_10,455.2,1405.5,271.8,-78.8,-2.4,,,,
48.387,1,Atta_1,163.5,1375.7,4.3,52.0,2.9,,,,
48.387,2,Atta_2,862.4,127.0,233.8,-56.9,6.0,,,,
48.387,3,Atta_3,124.8,2378.3,233.9,45.7,6.3,,,,
48.387,4,Atta_4,1635.9,453.3,204.4,-56.2,-2.7,,,,
48.387,5,Atta_5,605.2,211.1,16.4,22.0,6.1,,,,
48.387,6,Atta_6,1889.3,2207.8,52.3,37.0,1.1,,,,
48.387,7,Atta_7,327.0,234.8,86.8,-85.1,4.4,,,,
48.387,8,Atta_8,1542.4,2373.0,32.1,37.2,2.1,,,,
48.387,9,Atta_9,252.5,1054.5,207.3,59.4,-1.0,,,,
48.387,10,Atta_10,441.3,1371.8,274.3,36.5,2.5,,,,
48.457,1,Atta_1,127.9,1457.7,9.2,-89.4,4.9,,,,
48.457,2,Atta_2,847.7,89.1,239.7,40.7,5.9,,,,
48.457,3,Atta_3,143.1,2323.4,236.0,57.9,2.1,,,,
48.457,4,Atta_4,1600.9,453.1,201.0,35.0,-3.4,,,,
48.457,5,Atta_5,555.0,185.5,18.7,-56.4,2.3,,,,
48.457,6,Atta_6,1907.5,2128.7,47.7,-81.2,-4.6,,,,
48.457,7,Atta_7,341.7,227.2,90.6,-16.5,3.8,,,,
48.457,8,Atta_8,1562.9,2322.0,36.6,-55.0,4.5,,,,
48.457,9,Atta_9,341.2,1072.1,196.1,-90.4,-11.2,,,,
48.457,10,Atta_10,434.4,1395.4,273.5,-24.6,-0.8,,,,
48.523,1,Atta_1,169.4,1458.5,15.3,41.5,6.1,,,,
48.523,2,Atta_2,881.4,174.9,244.9,-92.2,5.2,,,,
48.523,3,Atta_3,152.7,2370.4,241.0,-48.0,5.0,,,,
48.523,4,Atta_4,1603.0,438.6,188.5,14.7,-12.5,,,,
48.523,5,Atta_5,618.3,200.9,26.9,65.1,8.2,,,,
48.523,6,Atta_6,1865.8,2108.2,51.7,-46.5,4.0,,,,
48.523,7,Atta_7,343.9,297.0,98.5,69.8,7.9,,,,
48.523,8,Atta_8,1593.2,2272.3,40.8,-58.2,4.2,,,,
48.523,9,Atta_9,298.3,1085.5,194.8,44.9,-1.3,,,,
48.523,10,Atta_10,406.1,1360.6,276.7,44.9,3.2,,,,
48.589,1,Atta_1,156.2,1437.3,15.8,-25.0,0.5,,,,
48.589,2,Atta_2,892.6,126.3,248.4,49.9,3.5,,,,
48.589,3,Atta_3,172.6,2350.2,249.9,28.4,8.9,,,,
48.589,4,Atta_4,1640.7,435.2,188.4,-37.9,-0.1,,,,
48.589,5,Atta_5,577.6,213.8,25.9,-42.7,-1.0,,,,
48.589,6,Atta_6,1860.6,2138.8,55.2,31.0,3.5,,,,
48.589,7,Atta_7,303.9,196.4,104.9,-108.3,6.4,,,,
48.589,8,Atta_8,1592.1,2370.8,50.1,98.5,9.3,,,,
48.589,9,Atta_9,362.5,1033.4,188.8,-82.7,-6.0,,,,
48.589,10,Atta_10,450.9,1382.3,272.7,-49.8,-4.0,,,,
48.658,1,Atta_1,144.1,1413.6,20.3,-26.6,4.5,,,,
48.658,2,Atta_2,878.8,110.8,252.8,20.8,4.4,,,,
48.658,3,Atta_3,208.6,2450.7,250.9,-106.8,1.0,,,,
48.658,4,Atta_4,1587.2,493.1,186.7,78.8,-1.7,,,,
48.658,5,Atta_5,592.4,204.8,29.7,17.3,3.8,,,,
48.658,6,Atta_6,1926.3,2054.4,49.1,-107.0,-6.1,,,,
48.658,7,Atta_7,334.7,306.6,102.5,114.4,-2.4,,,,
48.658,8,Atta_8,1546.1,2361.7,47.6,-46.9,-2.5,,,,
48.658,9,Atta_9,342.7,1093.6,187.4,63.4,-1.4,,,,
48.658,10,Atta_10,446.1,1259.7,274.3,122.7,1.6,,,,
48.728,1,Atta_1,102.2,1380.8,28.7,-53.2,8.4,,,,
48.728,2,Atta_2,913.6,116.5,260.5,-35.3,7.7,,,,
48.728,3,Atta_3,179.5,2383.0,253.7,73.7,2.8,,,,
48.728,4,Atta_4,1626.9,466.7,179.4,-47.7,-7.3,,,,
48.728,5,Atta_5,623.8,209.3,39.4,31.7,9.7,,,,
48.728,6,Atta_6,1853.3,2109.3,51.0,-91.3,1.9,,,,
48.728,7,Atta_7,330.2,280.3,106.6,-26.7,4.1,,,,
48.728,8,Atta_8,1523.1,2293.5,53.6,-72.0,6.0,,,,
48.728,9,Atta_9,288.3,1084.4,177.7,55.2,-9.7,,,,
48.728,10,Atta_10,444.3,1273.6,276.9,-14.0,2.6,,,,
48.783,1,Atta_1,136.1,1437.0,31.6,65.6,2.9,,,,
48.783,2,Atta_2,863.5,132.7,254.4,-52.7,-6.1,,,,
48.783,3,Atta_3,180.9,2425.7,257.2,-42.7,3.5,,,,
48.783,4,Atta_4,1666.2,459.8,172.8,-39.9,-6.6,,,,
48.783,5,Atta_5,592.4,229.1,35.8,-37.1,-3.6,,,,
48.783,6,Atta_6,1840.2,2057.4,54.3,-53.5,3.3,,,,
48.783,7,Atta_7,316.1,331.3,115.2,52.9,8.6,,,,
48.783,8,Atta_8,1557.0,2382.8,59.3,95.5,5.7,,,,
48.783,9,Atta_9,303.1,1077.9,176.1,-16.2,-1.6,,,,
48.783,10,Atta_10,443.2,1306.8,276.0,-33.2,-0.9,,,,
48.853,1,Atta_1,157.5,1425.7,28.9,24.2,-2.7,,,,
48.853,2,Atta_2,867.9,128.1,258.7,6.4,4.3,,,,
48.853,3,Atta_3,178.7,2408.4,265.9,17.4,8.7,,,,
48.853,4,Atta_4,1579.6,452.9,168.6,86.9,-4.2,,,,
48.853,5,Atta_5,503.6,186.3,35.9,-98.6,0.1,,,,
48.853,6,Atta_6,1842.5,2108.3,60.5,51.0,6.2,,,,
48.853,7,Atta_7,357.2,284.5,115.9,-62.3,0.7,,,,
48.853,8,Atta_8,1558.4,2368.4,63.1,-14.5,3.8,,,,
48.853,9,Atta_9,370.3,1045.4,170.7,-74.6,-5.4,,,,
48.853,10,Atta_10,404.0,1289.4,271.1,42.9,-4.9,,,,
48.922,1,Atta_1,182.4,1400.7,30.4,35.3,1.5,,,,
48.922,2,Atta_2,853.5,132.0,257.2,-14.9,-1.5,,,,
48.922,3,Atta_3,189.0,2397.7,270.3,14.9,4.4,,,,
48.922,4,Atta_4,1621.1,447.0,164.2,-41.9,-4.4,,,,
48.922,5,Atta_5,566.3,186.8,36.2,62.7,0.3,,,,
48.922,6,Atta_6,1881.6,2124.3,66.2,42.2,5.7,,,,
48.922,7,Atta_7,280.6,262.9,126.4,79.6,10.5,,,,
48.922,8,Atta_8,1584.8,2347.4,69.3,-33.7,6.2,,,,
48.922,9,Atta_9,310.1,1000.0,167.9,75.4,-2.8,,,,
48.922,10,Atta_10,425.3,1282.7,275.4,22.3,4.3,,,,
48.988,1,Atta_1,157.2,1414.5,32.4,-28.7,2.0,,,,
48.988,2,Atta_2,864.5,149.1,258.6,-20.3,1.4,,,,
48.988,3,Atta_3,163.9,2368.4,271.7,38.6,1.4,,,,
48.988,4,Atta_4,1616.7,458.6,165.1,12.4,0.9,,,,
48.988,5,Atta_5,619.5,158.8,37.4,60.1,1.2,,,,
48.988,6,Atta_6,1840.1,2079.0,69.1,-61.4,2.9,,,,
48.988,7,Atta_7,345.0,269.0,127.5,-64.7,1.1,,,,
48.988,8,Atta_8,1531.4,2325.3,73.3,-57.8,4.0,,,,
48.988,9,Atta_9,312.3,1086.8,162.3,86.8,-5.6,,,,
48.988,10,Atta_10,463.8,1288.8,277.0,-39.0,1.6,,,,
49.054,1,Atta_1,134.7,1413.1,31.0,-22.5,-1.4,,,,
49.054,2,Atta_2,810.9,102.8,254.7,70.8,-3.9,,,,
49.054,3,Atta_3,226.7,2357.8,271.2,63.7,-0.5,,,,
49.054,4,Atta_4,1629.6,481.0,166.4,-25.8,1.3,,,,
49.054,5,Atta_5,578.8,165.5,36.7,-41.2,-0.7,,,,
49.054,6,Atta_6,1818.7,2119.3,75.5,45.6,6.4,,,,
49.054,7,Atta_7,349.2,252.8,130.2,-16.7,2.7,,,,
49.054,8,Atta_8,1585.2,2360.2,78.2,64.1,4.9,,,,
49.054,9,Atta_9,298.7,1100.7,159.6,19.4,-2.7,,,,
49.054,10,Atta_10,456.6,1267.7,277.1,22.3,0.1,,,,
49.12,1,Atta_1,114.6,1462.3,32.9,53.1,1.9,,,,
49.12,2,Atta_2,828.5,85.4,257.7,24.7,3.0,,,,
49.12,3,Atta_3,238.4,2410.5,270.9,-54.0,-0.3,,,,
49.12,4,Atta_4,1583.5,476.1,165.9,46.4,-0.5,,,,
49.12,5,Atta_5,604.6,193.2,40.3,37.9,3.6,,,,
49.12,6,Atta_6,1850.4,2129.2,77.1,33.2,1.6,,,,
49.12,7,Atta_7,321.7,272.4,137.4,33.8,7.2,,,,
49.12,8,Atta_8,1543.6,2331.5,75.8,-50.5,-2.4,,,,
49.12,9,Atta_9,307.1,1021.3,155.5,-79.8,-4.1,,,,
49.12,10,Atta_10,489.4,1280.5,272.2,-35.2,-4.9,,,,
49.189,1,Atta_1,133.1,1383.0,36.3,-81.4,3.4,,,,
49.189,2,Atta_2,811.9,56.3,255.6,33.5,-2.1,,,,
49.189,3,Atta_3,145.2,2398.3,275.2,94.0,4.3,,,,
49.189,4,Atta_4,1622.9,443.8,166.3,-50.9,0.4,,,,
49.189,5,Atta_5,591.0,175.5,37.0,-22.3,-3.3,,,,
49.189,6,Atta_6,1839.6,2152.1,81.4,25.3,4.3,,,,
49.189,7,Atta_7,333.5,331.9,138.0,60.7,0.6,,,,
49.189,8,Atta_8,1532.6,2308.9,77.7,-25.1,1.9,,,,
49.189,9,Atta_9,349.5,1123.4,149.9,110.6,-5.6,,,,
49.189,10,Atta_10,435.7,1274.7,276.3,54.0,4.1,,,,
49.244,1,Atta_1,178.5,1452.8,44.4,83.3,8.1,,,,
49.244,2,Atta_2,827.3,145.8,250.8,-90.8,-4.8,,,,
49.244,3,Atta_3,205.9,2358.0,272.3,72.9,-2.9,,,,
49.244,4,Atta_4,1548.9,473.6,165.2,79.8,-1.1,,,,
49.244,5,Atta_5,609.0,208.8,36.4,37.9,-0.6,,,,
49.244,6,Atta_6,1849.4,2100.9,84.4,-52.1,3.0,,,,
49.244,7,Atta_7,317.6,254.2,137.7,-79.3,-0.3,,,,
49.244,8,Atta_8,1561.5,2363.2,85.9,61.5,8.2,,,,
49.244,9,Atta_9,282.3,1065.2,146.1,88.9,-3.8,,,,
49.244,10,Atta_10,417.7,1238.0,276.5,40.9,0.2,,,,
49.31,1,Atta_1,165.2,1438.7,44.5,-19.4,0.1,,,,
49.31,2,Atta_2,861.4,132.9,248.9,36.5,-1.9,,,,
49.31,3,Atta_3,150.9,2384.4,271.4,-61.0,-0.9,,,,
49.31,4,Atta_4,1637.0,498.9,167.5,-91.7,2.3,,,,
49.31,5,Atta_5,608.4,224.5,37.5,15.7,1.1,,,,
49.31,6,Atta_6,1843.3,2105.4,92.9,7.6,8.5,,,,
49.31,7,Atta_7,299.8,290.3,140.0,40.2,2.3,,,,
49.31,8,Atta_8,1562.0,2336.7,79.0,-26.5,-6.9,,,,
49.31,9,Atta_9,290.9,1072.7,143.5,-11.4,-2.6,,,,
49.31,10,Atta_10,505.6,1260.3,271.7,-90.7,-4.8,,,,
49.445,1,Atta_1,117.7,1389.7,53.2,-68.2,8.7,,,,
49.445,2,Atta_2,843.5,160.0,248.9,-32.5,0.0,,,,
49.445,3,Atta_3,186.1,2335.4,269.4,60.3,-2.0,,,,
49.445,4,Atta_4,1655.8,485.4,168.8,-23.1,1.3,,,,
49.445,5,Atta_5,617.9,211.6,37.8,-16.0,0.3,,,,
49.445,6,Atta_6,1870.8,2090.0,95.0,-31.5,2.1,,,,
49.445,7,Atta_7,356.5,248.0,137.6,-70.7,-2.4,,,,
49.445,8,Atta_8,1521.9,2386.0,80.1,63.5,1.1,,,,
49.445,9,Atta_9,327.1,1101.7,145.5,-46.4,2.0,,,,
49.445,10,Atta_10,457.8,1240.7,273.2,51.7,1.5,,,,
49.511,1,Atta_1,142.5,1507.4,57.6,120.3,4.4,,,,
49.511,2,Atta_2,846.9,205.4,249.7,-45.5,0.8,,,,
49.511,3,Atta_3,124.2,2293.5,271.9,74.7,2.5,,,,
49.511,4,Atta_4,1508.1,475.7,166.2,148.0,-2.6,,,,
49.511,5,Atta_5,592.8,285.8,38.4,78.3,0.6,,,,
49.511,6,Atta_6,1799.5,2099.2,102.8,71.9,7.8,,,,
49.511,7,Atta_7,342.3,207.6,142.4,-42.8,4.8,,,,
49.511,8,Atta_8,1606.1,2378.4,83.6,84.5,3.5,,,,
49.511,9,Atta_9,329.0,1069.2,145.0,-32.6,-0.5,,,,
49.511,10,Atta_10,437.0,1189.8,275.1,55.0,1.9,,,,
49.635,1,Atta_1,169.3,1474.4,63.2,-42.5,5.6,,,,
49.635,2,Atta_2,885.2,183.1,250.3,44.3,0.6,,,,
49.635,3,Atta_3,184.0,2362.2,267.5,-91.1,-4.4,,,,
49.635,4,Atta_4,1521.4,500.5,165.3,-28.1,-0.9,,,,
49.635,5,Atta_5,678.5,285.9,37.6,85.7,-0.8,,,,
49.635,6,Atta_6,1865.3,2126.3,107.2,71.2,4.4,,,,
49.635,7,Atta_7,353.4,297.5,146.7,90.6,4.3,,,,
49.635,8,Atta_8,1535.1,2368.1,80.1,-71.7,-3.5,,,,
49.635,9,Atta_9,275.6,1099.5,146.1,61.4,1.1,,,,
49.635,10,Atta_10,476.3,1178.4,270.7,40.9,-4.4,,,,
49.706,1,Atta_1,168.8,1430.1,72.8,-44.3,9.6,,,,
49.706,2,Atta_2,903.4,142.7,250.0,44.3,-0.3,,,,
49.706,3,Atta_3,190.6,2306.0,270.1,56.6,2.6,,,,
49.706,4,Atta_4,1574.7,492.9,168.9,-53.8,3.6,,,,
49.706,5,Atta_5,654.2,295.1,36.7,-26.0,-0.9,,,,
49.706,6,Atta_6,1893.2,2115.7,106.1,-29.8,-1.1,,,,
49.706,7,Atta_7,325.1,321.1,148.5,36.8,1.8,,,,
49.706,8,Atta_8,1568.3,2307.0,79.2,-69.5,-0.9,,,,
49.706,9,Atta_9,287.5,1025.1,144.3,-75.3,-1.8,,,,
49.706,10,Atta_10,473.9,1117.3,274.6,61.1,3.9,,,,
49.776,1,Atta_1,79.1,1433.8,74.4,-89.8,1.6,,,,
49.776,2,Atta_2,888.5,171.8,246.6,-32.7,-3.4,,,,
49.776,3,Atta_3,175.4,2285.8,271.7,25.3,1.6,,,,
49.776,4,Atta_4,1508.5,504.1,164.4,67.1,-4.5,,,,
49.776,5,Atta_5,651.0,225.0,34.2,-70.2,-2.5,,,,
49.776,6,Atta_6,1830.2,2162.5,108.8,78.5,2.7,,,,
49.776,7,Atta_7,330.9,255.3,152.9,-66.1,4.4,,,,
49.776,8,Atta_8,1517.2,2352.3,82.3,68.3,3.1,,,,
49.776,9,Atta_9,322.0,1038.5,142.6,-37.0,-1.7,,,,
49.776,10,Atta_10,451.1,1118.9,274.1,-22.9,-0.5,,,,
49.842,1,Atta_1,188.8,1416.1,74.5,111.1,0.1,,,,
49.842,2,Atta_2,926.5,220.3,243.3,-61.6,-3.3,,,,
49.842,3,Atta_3,197.7,2325.8,270.7,-45.8,-1.0,,,,
49.842,4,Atta_4,1544.9,495.0,167.2,-37.5,2.8,,,,
49.842,5,Atta_5,698.8,258.5,39.5,58.4,5.3,,,,
49.842,6,Atta_6,1881.9,2029.0,107.9,-143.2,-0.9,,,,
49.842,7,Atta_7,321.8,241.7,162.6,16.4,9.7,,,,
49.842,8,Atta_8,1510.6,2365.7,82.0,14.9,-0.3,,,,
49.842,9,Atta_9,271.9,1083.8,145.0,67.5,2.4,,,,
49.842,10,Atta_10,469.5,1135.4,275.4,-24.7,1.3,,,,
49.912,1,Atta_1,120.4,1450.2,85.3,76.4,10.8,,,,
49.912,2,Atta_2,871.8,116.4,238.1,117.4,-5.2,,,,
49.912,3,Atta_3,171.0,2245.8,268.0,84.3,-2.7,,,,
49.912,4,Atta_4,1533.7,517.9,166.2,25.5,-1.0,,,,
49.912,5,Atta_5,711.9,219.5,44.0,-41.1,4.5,,,,
49.912,6,Atta_6,1826.8,2081.7,108.5,76.2,0.6,,,,
49.912,7,Atta_7,332.8,280.9,161.5,40.7,-1.1,,,,
49.912,8,Atta_8,1531.5,2331.1,85.0,-40.4,3.0,,,,
49.912,9,Atta_9,256.0,1062.0,148.2,27.0,3.2,,,,
49.912,10,Atta_10,483.0,1123.1,275.8,18.3,0.4,,,,
49.974,1,Atta_1,146.6,1438.1,90.2,-28.9,4.9,,,,
49.974,2,Atta_2,891.9,170.9,233.8,-58.1,-4.3,,,,
49.974,3,Atta_3,195.3,2285.3,273.2,-46.4,5.2,,,,
49.974,4,Atta_4,1491.3,482.6,167.2,55.2,1.0,,,,
49.974,5,Atta_5,666.1,264.1,49.2,-63.9,5.2,,,,
49.974,6,Atta_6,1902.2,2123.5,105.6,86.2,-2.9,,,,
49.974,7,Atta_7,316.9,266.7,172.9,21.3,11.4,,,,
49.974,8,Atta_8,1542.6,2389.9,80.2,59.8,-4.8,,,,
49.974,9,Atta_9,292.4,1161.7,144.2,106.1,-4.0,,,,
49.974,10,Atta_10,418.4,1109.1,276.0,66.1,0.2,,,,
50.024,1,Atta_1,135.7,1472.7,93.5,36.3,3.3,,,,
50.024,2,Atta_2,852.9,133.2,230.3,54.2,-3.5,,,,
50.024,3,Atta_3,179.9,2302.9,272.0,-23.4,-1.2,,,,
50.024,4,Atta_4,1480.8,519.4,166.7,38.3,-0.5,,,,
50.024,5,Atta_5,648.1,240.4,55.2,-29.8,6.0,,,,
50.024,6,Atta_6,1851.0,2125.8,106.7,51.3,1.1,,,,
50.024,7,Atta_7,322.5,299.0,171.3,-32.8,-1.6,,,,
50.024,8,Atta_8,1526.1,2284.3,76.8,-106.9,-3.4,,,,
50.024,9,Atta_9,285.1,1098.5,143.1,-63.6,-1.1,,,,
50.024,10,Atta_10,401.5,1084.6,274.6,29.8,-1.4,,,,
50.102,1,Atta_1,149.8,1441.0,99.2,-34.7,5.7,,,,
50.102,2,Atta_2,890.8,170.9,223.7,-53.5,-6.6,,,,
50.102,3,Atta_3,199.0,2302.8,273.6,19.1,1.6,,,,
50.102,4,Atta_4,1485.1,508.1,171.0,-12.1,4.3,,,,
50.102,5,Atta_5,641.8,265.2,59.0,25.6,3.8,,,,
50.102,6,Atta_6,1842.2,2134.3,109.1,12.2,2.4,,,,
50.102,7,Atta_7,317.3,264.8,176.8,-34.6,5.5,,,,
50.102,8,Atta_8,1527.0,2312.4,78.7,28.1,1.9,,,,
50.102,9,Atta_9,227.9,1118.3,146.1,60.5,3.0,,,,
50.102,10,Atta_10,444.5,1142.2,279.9,-71.9,5.3,,,,
50.169,1,Atta_1,169.7,1435.0,100.9,-20.8,1.7,,,,
50.169,2,Atta_2,853.0,139.0,222.0,49.5,-1.7,,,,
50.169,3,Atta_3,165.8,2281.6,282.5,39.4,8.9,,,,
50.169,4,Atta_4,1435.3,578.1,176.7,85.9,5.7,,,,
50.169,5,Atta_5,705.8,272.5,64.5,64.4,5.5,,,,
50.169,6,Atta_6,1866.4,2183.9,104.3,55.2,-4.8,,,,
50.169,7,Atta_7,345.5,196.2,183.5,-74.2,6.7,,,,
50.169,8,Atta_8,1574.9,2357.6,80.4,65.9,1.7,,,,
50.169,9,Atta_9,162.9,1084.0,142.2,73.5,-3.9,,,,
50.169,10,Atta_10,508.9,1053.3,274.8,109.8,-5.1,,,,
50.22,1,Atta_1,140.0,1416.1,110.0,-35.2,9.1,,,,
50.22,2,Atta_2,888.1,151.0,214.7,-37.1,-7.3,,,,
50.22,3,Atta_3,171.3,2273.7,285.7,9.6,3.2,,,,
50.22,4,Atta_4,1452.9,448.9,178.6,-130.4,1.9,,,,
50.22,5,Atta_5,673.7,271.0,67.4,-32.1,2.9,,,,
50.22,6,Atta_6,1875.7,2135.8,106.1,-49.0,1.8,,,,
50.22,7,Atta_7,344.3,289.5,184.9,-93.3,1.4,,,,
50.22,8,Atta_8,1552.0,2302.2,81.8,-59.9,1.4,,,,
50.22,9,Atta_9,220.2,1124.7,146.5,-70.3,4.3,,,,
50.22,10,Atta_10,398.1,1062.8,274.1,-111.2,-0.7,,,,
50.289,1,Atta_1,164.9,1373.7,111.4,-49.2,1.4,,,,
50.289,2,Atta_2,906.6,189.5,215.8,-42.7,1.1,,,,
50.289,3,Atta_3,166.6,2276.8,286.3,-5.6,0.6,,,,
50.289,4,Atta_4,1482.2,483.4,182.4,-45.3,3.8,,,,
50.289,5,Atta_5,607.0,253.6,72.6,-68.9,5.2,,,,
50.289,6,Atta_6,1838.9,2110.7,107.5,-44.5,1.4,,,,
50.289,7,Atta_7,307.2,265.2,191.3,44.3,6.4,,,,
50.289,8,Atta_8,1576.5,2291.7,72.6,-26.7,-9.2,,,,
50.289,9,Atta_9,222.8,1168.1,142.4,43.5,-4.1,,,,
50.289,10,Atta_10,496.3,1088.3,273.6,-101.5,-0.5,,,,
50.356,1,Atta_1,136.4,1493.1,111.0,122.8,-0.4,,,,
50.356,2,Atta_2,915.3,184.1,208.9,-10.2,-6.9,,,,
50.356,3,Atta_3,219.1,2316.2,293.5,-65.6,7.2,,,,
50.356,4,Atta_4,1461.4,470.5,188.5,24.5,6.1,,,,
50.356,5,Atta_5,691.1,276.2,72.9,87.1,0.3,,,,
50.356,6,Atta_6,1825.9,2179.0,104.9,69.5,-2.6,,,,
50.356,7,Atta_7,336.5,281.9,193.6,-33.7,2.3,,,,
50.356,8,Atta_8,1573.6,2313.4,71.2,21.9,-1.4,,,,
50.356,9,Atta_9,181.9,1157.6,143.5,42.2,1.1,,,,
50.356,10,Atta_10,540.4,1072.5,276.1,46.8,2.5,,,,
50.422,1,Atta_1,120.2,1475.2,116.8,-24.1,5.8,,,,
50.422,2,Atta_2,887.4,181.7,205.7,28.0,-3.2,,,,
50.422,3,Atta_3,133.0,2287.6,299.9,-90.7,6.4,,,,
50.422,4,Atta_4,1452.5,476.1,191.0,10.5,2.5,,,,
50.422,5,Atta_5,669.9,248.5,81.6,-34.9,8.7,,,,
50.422,6,Atta_6,1842.3,2211.9,109.1,36.8,4.2,,,,
50.422,7,Atta_7,322.5,225.8,200.7,57.8,7.1,,,,
50.422,8,Atta_8,1575.1,2326.9,66.9,13.6,-4.3,,,,
50.422,9,Atta_9,232.6,1153.9,144.3,-50.8,0.8,,,,
50.422,10,Atta_10,508.9,975.5,278.7,102.0,2.6,,,,
50.488,1,Atta_1,150.2,1433.6,125.7,-51.3,8.9,,,,
50.488,2,Atta_2,854.1,179.2,196.9,33.4,-8.8,,,,
50.488,3,Atta_3,161.6,2251.8,304.1,45.8,4.2,,,,
50.488,4,Atta_4,1503.1,499.1,202.4,-55.6,11.4,,,,
50.488,5,Atta_5,706.5,268.9,86.4,41.9,4.8,,,,
50.488,6,Atta_6,1811.4,2221.0,109.4,32.2,0.3,,,,
50.488,7,Atta_7,349.7,321.7,200.7,-99.7,0.0,,,,
50.488,8,Atta_8,1572.1,2295.5,65.3,-31.5,-1.6,,,,
50.488,9,Atta_9,198.9,1183.0,147.4,44.5,3.1,,,,
50.488,10,Atta_10,533.6,1035.7,272.7,-65.1,-6.0,,,,
50.556,1,Atta_1,139.1,1450.9,128.9,20.6,3.2,,,,
50.556,2,Atta_2,890.0,147.2,196.1,-48.1,-0.8,,,,
50.556,3,Atta_3,149.3,2333.5,309.5,-82.6,5.4,,,,
50.556,4,Atta_4,1516.5,494.8,200.9,-14.1,-1.5,,,,
50.556,5,Atta_5,691.6,235.6,91.8,-36.5,5.4,,,,
50.556,6,Atta_6,1820.7,2228.3,108.5,11.8,-0.9,,,,
50.556,7,Atta_7,327.9,268.4,211.7,57.6,11.0,,,,
50.556,8,Atta_8,1486.9,2376.6,59.2,117.6,-6.1,,,,
50.556,9,Atta_9,166.1,1163.2,145.4,38.3,-2.0,,,,
50.556,10,Atta_10,469.0,990.3,270.1,79.0,-2.6,,,,
50.627,1,Atta_1,224.6,1390.0,131.1,-105.0,2.2,,,,
50.627,2,Atta_2,883.0,163.1,194.1,17.4,-2.0,,,,
50.627,3,Atta_3,184.9,2222.7,308.8,116.4,-0.7,,,,
50.627,4,Atta_4,1484.4,449.9,206.3,55.2,5.4,,,,
50.627,5,Atta_5,697.0,235.2,93.7,-5.4,1.9,,,,
50.627,6,Atta_6,1785.8,2244.1,109.3,38.3,0.8,,,,
50.627,7,Atta_7,343.0,212.3,213.4,58.1,1.7,,,,
50.627,8,Atta_8,1541.6,2336.2,52.5,-68.0,-6.7,,,,
50.627,9,Atta_9,207.1,1193.1,142.0,-50.7,-3.4,,,,
50.627,10,Atta_10,473.7,994.1,273.8,-6.0,3.7,,,,
50.688,1,Atta_1,121.9,1428.6,138.3,109.7,7.2,,,,
50.688,2,Atta_2,853.6,212.0,193.2,57.1,-0.9,,,,
50.688,3,Atta_3,196.1,2306.0,313.2,-84.0,4.4,,,,
50.688,4,Atta_4,1491.8,544.2,211.2,-94.6,4.9,,,,
50.688,5,Atta_5,685.8,271.3,98.8,37.8,5.1,,,,
50.688,6,Atta_6,1844.9,2219.1,112.0,-64.2,2.7,,,,
50.688,7,Atta_7,310.6,239.6,221.4,42.4,8.0,,,,
50.688,8,Atta_8,1556.5,2323.3,49.0,-19.7,-3.5,,,,
50.688,9,Atta_9,149.0,1174.6,147.0,61.0,5.0,,,,
50.688,10,Atta_10,506.0,1007.2,274.2,-34.9,0.4,,,,
50.754,1,Atta_1,119.5,1456.4,143.1,27.9,4.8,,,,
50.754,2,Atta_2,918.1,189.4,195.3,-68.3,2.1,,,,
50.754,3,Atta_3,183.2,2258.9,311.7,48.8,-1.5,,,,
50.754,4,Atta_4,1495.7,514.8,214.4,29.7,3.2,,,,
50.754,5,Atta_5,655.2,239.1,102.1,-44.4,3.3,,,,
50.754,6,Atta_6,1802.0,2225.2,117.6,43.3,5.6,,,,
50.754,7,Atta_7,325.7,256.6,224.1,-22.7,2.7,,,,
50.754,8,Atta_8,1578.0,2285.0,45.2,-43.9,-3.8,,,,
50.754,9,Atta_9,168.1,1179.7,144.1,-19.8,-2.9,,,,
50.754,10,Atta_10,485.6,1002.0,273.1,21.1,-1.1,,,,
50.824,1,Atta_1,137.8,1442.3,145.6,-23.1,2.5,,,,
50.824,2,Atta_2,891.9,185.8,192.6,26.4,-2.7,,,,
50.824,3,Atta_3,198.3,2273.8,312.5,-21.2,0.8,,,,
50.824,4,Atta_4,1491.5,474.9,218.5,40.1,4.1,,,,
50.824,5,Atta_5,692.4,247.2,109.3,38.1,7.2,,,,
50.824,6,Atta_6,1813.0,2199.5,121.9,-28.0,4.3,,,,
50.824,7,Atta_7,315.1,261.9,223.8,11.9,-0.3,,,,
50.824,8,Atta_8,1564.2,2250.9,40.5,-36.8,-4.7,,,,
50.824,9,Atta_9,134.3,1182.8,144.3,33.9,0.2,,,,
50.824,10,Atta_10,503.4,1003.7,271.9,-17.9,-1.2,,,,
50.876,1,Atta_1,125.9,1391.5,153.1,-52.2,7.5,,,,
50.876,2,Atta_2,843.4,138.7,195.9,67.6,3.3,,,,
50.876,3,Atta_3,114.8,2274.7,312.4,-83.5,-0.1,,,,
50.876,4,Atta_4,1473.2,462.1,223.9,22.3,5.4,,,,
50.876,5,Atta_5,668.3,282.4,111.9,42.7,2.6,,,,
50.876,6,Atta_6,1828.3,2202.4,124.9,-15.6,3.0,,,,
50.876,7,Atta_7,332.0,273.7,231.6,-20.6,7.8,,,,
50.876,8,Atta_8,1547.8,2309.6,35.3,60.9,-5.2,,,,
50.876,9,Atta_9,43.8,1187.0,143.9,90.6,-0.4,,,,
50.876,10,Atta_10,485.6,959.3,274.4,47.8,2.5,,,,
51.013,1,Atta_1,133.5,1463.2,158.3,72.1,5.2,,,,
51.013,2,Atta_2,914.7,149.7,191.8,-72.1,-4.1,,,,
51.013,3,Atta_3,186.2,2244.6,313.2,77.5,0.8,,,,
51.013,4,Atta_4,1442.3,543.7,229.3,-87.3,5.4,,,,
51.013,5,Atta_5,677.7,287.7,118.9,10.8,7.0,,,,
51.013,6,Atta_6,1778.1,2239.0,128.7,62.1,3.8,,,,
51.013,7,Atta_7,347.6,276.2,238.2,-15.8,6.6,,,,
51.013,8,Atta_8,1555.5,2305.0,27.0,9.0,-8.3,,,,
51.013,9,Atta_9,107.7,1264.9,145.6,-100.8,1.7,,,,
51.013,10,Atta_10,499.2,942.5,280.3,21.6,5.9,,,,
51.082,1,Atta_1,97.5,1493.2,157.6,46.9,-0.7,,,,
51.082,2,Atta_2,866.0,152.0,194.2,48.8,2.4,,,,
51.082,3,Atta_3,146.7,2231.5,317.2,-41.6,4.0,,,,
51.082,4,Atta_4,1483.8,532.1,233.6,-43.1,4.3,,,,
51.082,5,Atta_5,711.6,269.9,122.9,-38.3,4.0,,,,
51.082,6,Atta_6,1795.8,2214.8,132.9,-30.0,4.2,,,,
51.082,7,Atta_7,333.5,261.9,241.8,20.1,3.6,,,,
51.082,8,Atta_8,1532.5,2348.6,26.6,-49.3,-0.4,,,,
51.082,9,Atta_9,112.3,1197.4,145.0,-67.7,-0.6,,,,
51.082,10,Atta_10,437.7,924.5,271.6,64.1,-8.7,,,,
51.148,1,Atta_1,150.7,1364.9,164.6,-138.9,7.0,,,,
51.148,2,Atta_2,822.1,219.2,196.4,80.3,2.2,,,,
51.148,3,Atta_3,232.5,2209.8,313.8,88.5,-3.4,,,,
51.148,4,Atta_4,1514.6,505.0,239.5,41.0,5.9,,,,
51.148,5,Atta_5,616.8,282.3,122.9,95.6,0.0,,,,
51.148,6,Atta_6,1808.2,2174.6,137.4,-42.1,4.5,,,,
51.148,7,Atta_7,376.7,249.2,247.1,-45.0,5.3,,,,
51.148,8,Atta_8,1489.4,2369.6,24.8,-47.9,-1.8,,,,
51.148,9,Atta_9,116.4,1164.4,143.8,-33.3,-1.2,,,,
51.148,10,Atta_10,523.5,917.6,275.6,86.1,4.0,,,,
51.218,1,Atta_1,151.6,1449.0,169.5,84.1,4.9,,,,
51.218,2,Atta_2,780.9,122.6,193.6,105.0,-2.8,,,,
51.218,3,Atta_3,208.0,2259.2,307.9,-55.1,-5.9,,,,
51.218,4,Atta_4,1495.7,499.9,241.8,19.6,2.3,,,,
51.218,5,Atta_5,695.5,264.4,122.6,-80.7,-0.3,,,,
51.218,6,Atta_6,1851.9,2248.8,143.8,86.1,6.4,,,,
51.218,7,Atta_7,348.3,278.4,250.5,-40.7,3.4,,,,
51.218,8,Atta_8,1483.7,2342.1,23.3,-28.1,-1.5,,,,
51.218,9,Atta_9,107.4,1201.7,147.8,38.4,4.0,,,,
51.218,10,Atta_10,502.1,898.3,276.7,28.8,1.1,,,,
51.287,1,Atta_1,139.1,1397.3,176.6,53.2,7.1,,,,
51.287,2,Atta_2,761.9,129.3,194.2,20.1,0.6,,,,
51.287,3,Atta_3,213.0,2208.3,313.1,51.1,5.2,,,,
51.287,4,Atta_4,1479.6,524.7,245.7,-29.6,3.9,,,,
51.287,5,Atta_5,749.1,257.8,124.2,-54.0,1.6,,,,
51.287,6,Atta_6,1777.1,2230.9,144.2,76.9,0.4,,,,
51.287,7,Atta_7,328.9,277.2,255.6,19.4,5.1,,,,
51.287,8,Atta_8,1562.7,2326.2,25.9,80.6,2.6,,,,
51.287,9,Atta_9,125.2,1230.1,142.0,33.5,-5.8,,,,
51.287,10,Atta_10,404.7,844.6,274.2,111.2,-2.5,,,,
51.338,1,Atta_1,168.8,1436.7,177.7,-49.3,1.1,,,,
51.338,2,Atta_2,832.9,140.8,193.9,-71.9,-0.3,,,,
51.338,3,Atta_3,235.2,2228.0,311.1,29.7,-2.0,,,,
51.338,4,Atta_4,1463.6,517.2,251.6,17.7,5.9,,,,
51.338,5,Atta_5,670.4,286.7,125.7,83.8,1.5,,,,
51.338,6,Atta_6,1857.6,2251.1,150.2,-83.0,6.0,,,,
51.338,7,Atta_7,317.7,314.2,261.8,-38.7,6.2,,,,
51.338,8,Atta_8,1578.1,2313.1,22.0,20.2,-3.9,,,,
51.338,9,Atta_9,137.0,1244.9,141.0,-18.9,-1.0,,,,
51.338,10,Atta_10,476.9,934.8,275.3,-115.5,1.1,,,,
51.408,1,Atta_1,180.4,1432.6,180.9,-12.3,3.2,,,,
51.408,2,Atta_2,759.9,115.0,193.2,77.4,-0.7,,,,
51.408,3,Atta_3,193.2,2220.9,311.0,-42.6,-0.1,,,,
51.408,4,Atta_4,1502.5,478.5,253.8,54.9,2.2,,,,
51.408,5,Atta_5,621.7,294.3,123.8,49.3,-1.9,,,,
51.408,6,Atta_6,1853.3,2220.3,147.9,-31.1,-2.3,,,,
51.408,7,Atta_7,331.2,230.5,261.5,84.8,-0.3,,,,
51.408,8,Atta_8,1528.5,2275.5,20.6,-62.2,-1.4,,,,
51.408,9,Atta_9,196.2,1222.9,141.3,-63.2,0.3,,,,
51.408,10,Atta_10,526.3,822.6,271.4,122.6,-3.9,,,,
51.477,1,Atta_1,177.2,1480.9,186.4,48.4,5.5,,,,
51.477,2,Atta_2,750.5,168.1,193.9,-53.9,0.7,,,,
51.477,3,Atta_3,184.3,2201.0,313.5,21.8,2.5,,,,
51.477,4,Atta_4,1499.1,550.0,262.2,-71.6,8.4,,,,
51.477,5,Atta_5,663.5,238.3,129.4,-69.9,5.6,,,,
51.477,6,Atta_6,1809.5,2268.5,149.3,65.1,1.4,,,,
51.477,7,Atta_7,349.1,273.2,265.0,-46.3,3.5,,,,
51.477,8,Atta_8,1508.3,2344.4,25.3,71.8,4.7,,,,
51.477,9,Atta_9,100.3,1192.9,139.5,100.5,-1.8,,,,
51.477,10,Atta_10,501.6,856.3,276.7,-41.8,5.3,,,,
51.546,1,Atta_1,108.5,1435.3,194.0,82.5,7.6,,,,
51.546,2,Atta_2,764.0,96.3,196.8,73.1,2.9,,,,
51.546,3,Atta_3,174.1,2169.5,310.8,33.1,-2.7,,,,
51.546,4,Atta_4,1479.0,483.1,264.4,69.9,2.2,,,,
51.546,5,Atta_5,694.5,272.4,124.9,46.1,-4.5,,,,
51.546,6,Atta_6,1831.3,2230.3,151.4,-44.0,2.1,,,,
51.546,7,Atta_7,315.3,263.5,272.1,35.2,7.1,,,,
51.546,8,Atta_8,1563.2,2337.5,23.7,55.3,-1.6,,,,
51.546,9,Atta_9,95.8,1200.7,141.4,9.0,1.9,,,,
51.546,10,Atta_10,498.9,862.6,275.1,-6.9,-1.6,,,,
51.612,1,Atta_1,144.0,1444.0,199.2,-36.6,5.2,,,,
51.612,2,Atta_2,706.5,130.9,193.7,67.1,-3.1,,,,
51.612,3,Atta_3,205.3,2228.2,312.9,-66.5,2.1,,,,
51.612,4,Atta_4,1438.7,450.3,271.2,52.0,6.8,,,,
51.612,5,Atta_5,701.0,304.7,122.5,32.9,-2.4,,,,
51.612,6,Atta_6,1797.9,2228.0,153.3,33.5,1.9,,,,
51.612,7,Atta_7,294.1,309.2,277.8,-50.4,5.7,,,,
51.612,8,Atta_8,1601.2,2357.8,20.5,43.1,-3.2,,,,
51.612,9,Atta_9,130.1,1170.2,140.0,-45.9,-1.4,,,,
51.612,10,Atta_10,495.9,858.7,274.6,4.9,-0.5,,,,
51.683,1,Atta_1,105.1,1439.2,199.8,39.2,0.6,,,,
51.683,2,Atta_2,815.7,139.5,191.0,-109.5,-2.7,,,,
51.683,3,Atta_3,246.2,2163.3,310.4,76.7,-2.5,,,,
51.683,4,Atta_4,1489.9,462.9,274.3,-52.7,3.1,,,,
51.683,5,Atta_5,708.3,303.2,121.7,-7.5,-0.8,,,,
51.683,6,Atta_6,1804.1,2236.9,145.5,-10.8,-7.8,,,,
51.683,7,Atta_7,343.0,253.6,279.9,74.0,2.1,,,,
51.683,8,Atta_8,1565.9,2283.1,23.4,-82.6,2.9,,,,
51.683,9,Atta_9,137.5,1213.2,140.0,43.6,0.0,,,,
51.683,10,Atta_10,449.4,892.7,275.2,-57.6,0.6,,,,
51.745,1,Atta_1,118.4,1439.8,203.5,-13.3,3.7,,,,
51.745,2,Atta_2,784.6,137.5,186.7,31.2,-4.3,,,,
51.745,3,Atta_3,219.8,2154.5,310.4,-27.8,0.0,,,,
51.745,4,Atta_4,1563.1,515.8,279.3,-90.3,5.0,,,,
51.745,5,Atta_5,661.4,316.9,122.4,48.9,0.7,,,,
51.745,6,Atta_6,1873.2,2269.0,143.3,-76.2,-2.2,,,,
51.745,7,Atta_7,326.6,258.7,288.3,-17.2,8.4,,,,
51.745,8,Atta_8,1516.0,2308.4,25.8,-55.9,2.4,,,,
51.745,9,Atta_9,164.0,1172.1,138.0,-48.9,-2.0,,,,
51.745,10,Atta_10,427.3,790.3,275.2,104.8,0.0,,,,
51.816,1,Atta_1,156.5,1455.8,208.2,-41.3,4.7,,,,
51.816,2,Atta_2,720.4,138.6,182.4,64.2,-4.3,,,,
51.816,3,Atta_3,228.4,2142.1,311.1,15.1,0.7,,,,
51.816,4,Atta_4,1428.7,516.9,281.2,-134.4,1.9,,,,
51.816,5,Atta_5,653.9,326.9,124.8,12.5,2.4,,,,
51.816,6,Atta_6,1853.8,2235.5,138.8,-38.7,-4.5,,,,
51.816,7,Atta_7,328.3,298.3,288.4,-39.6,0.1,,,,
51.816,8,Atta_8,1657.1,2337.9,23.4,144.2,-2.4,,,,
51.816,9,Atta_9,128.7,1217.5,129.1,57.5,-8.9,,,,
51.816,10,Atta_10,465.8,845.1,277.5,-67.0,2.3,,,,
51.885,1,Atta_1,129.4,1401.5,210.4,60.7,2.2,,,,
51.885,2,Atta_2,773.4,138.8,176.9,-53.0,-5.5,,,,
51.885,3,Atta_3,246.4,2161.0,311.5,-26.1,0.4,,,,
51.885,4,Atta_4,1504.7,528.6,292.0,76.9,10.8,,,,
51.885,5,Atta_5,594.9,333.4,122.6,59.4,-2.2,,,,
51.885,6,Atta_6,1785.9,2168.2,134.7,95.6,-4.1,,,,
51.885,7,Atta_7,355.8,298.3,292.2,27.5,3.8,,,,
51.885,8,Atta_8,1562.1,2380.5,28.7,-104.1,5.3,,,,
51.885,9,Atta_9,134.8,1119.2,126.8,-98.5,-2.3,,,,
51.885,10,Atta_10,417.8,822.1,276.2,53.2,-1.3,,,,
51.954,1,Atta_1,121.6,1424.2,208.0,-24.0,-2.4,,,,
51.954,2,Atta_2,776.1,148.8,173.0,-10.4,-3.9,,,,
51.954,3,Atta_3,329.7,2141.6,313.1,85.5,1.6,,,,
51.954,4,Atta_4,1446.2,529.7,291.1,-58.5,-0.9,,,,
51.954,5,Atta_5,624.9,333.0,122.8,-30.0,0.2,,,,
51.954,6,Atta_6,1808.8,2206.1,127.3,44.3,-7.4,,,,
51.954,7,Atta_7,344.8,278.4,298.7,22.7,6.5,,,,
51.954,8,Atta_8,1621.2,2338.6,25.8,72.4,-2.9,,,,
51.954,9,Atta_9,184.5,1156.4,121.4,62.1,-5.4,,,,
51.954,10,Atta_10,507.4,794.2,273.7,93.8,-2.5,,,,
52.021,1,Atta_1,140.6,1445.2,208.5,-28.3,0.5,,,,
52.021,2,Atta_2,728.3,151.1,172.8,47.9,-0.2,,,,
52.021,3,Atta_3,278.1,2115.4,310.8,-57.9,-2.3,,,,
52.021,4,Atta_4,1431.9,549.3,297.3,-24.3,6.2,,,,
52.021,5,Atta_5,616.4,318.3,125.1,-17.0,2.3,,,,
52.021,6,Atta_6,1784.6,2316.9,120.5,113.4,-6.8,,,,
52.021,7,Atta_7,347.2,290.6,304.2,-12.4,5.5,,,,
52.021,8,Atta_8,1632.6,2352.9,24.2,18.3,-1.6,,,,
52.021,9,Atta_9,184.7,1168.4,119.9,12.0,-1.5,,,,
52.021,10,Atta_10,523.6,781.7,277.4,20.5,3.7,,,,
52.092,1,Atta_1,160.9,1447.3,210.0,-20.4,1.5,,,,
52.092,2,Atta_2,803.9,136.3,167.6,-77.0,-5.2,,,,
52.092,3,Atta_3,297.7,2097.1,316.5,26.8,5.7,,,,
52.092,4,Atta_4,1489.4,498.9,302.8,76.5,5.5,,,,
52.092,5,Atta_5,605.3,316.9,124.1,11.2,-1.0,,,,
52.092,6,Atta_6,1849.3,2185.9,117.8,-146.1,-2.7,,,,
52.092,7,Atta_7,321.4,229.3,304.5,66.5,0.3,,,,
52.092,8,Atta_8,1613.2,2366.1,24.8,-23.5,0.6,,,,
52.092,9,Atta_9,148.2,1148.2,109.8,41.7,-10.1,,,,
52.092,10,Atta_10,451.9,758.3,272.6,75.4,-4.8,,,,
52.144,1,Atta_1,177.4,1421.2,208.6,-30.9,-1.4,,,,
52.144,2,Atta_2,805.8,176.8,155.6,40.5,-12.0,,,,
52.144,3,Atta_3,344.9,2128.2,313.3,56.5,-3.2,,,,
52.144,4,Atta_4,1521.8,496.0,307.7,32.5,4.9,,,,
52.144,5,Atta_5,540.4,370.5,126.2,84.2,2.1,,,,
52.144,6,Atta_6,1855.3,2165.8,114.5,-21.0,-3.3,,,,
52.144,7,Atta_7,349.1,287.4,314.2,-64.4,9.7,,,,
52.144,8,Atta_8,1657.1,2372.1,27.2,44.3,2.4,,,,
52.144,9,Atta_9,154.8,1220.1,111.7,72.2,1.9,,,,
52.144,10,Atta_10,489.9,698.5,276.7,70.9,4.1,,,,
52.213,1,Atta_1,149.9,1443.1,210.8,35.2,2.2,,,,
52.213,2,Atta_2,807.8,181.3,150.8,4.9,-4.8,,,,
52.213,3,Atta_3,290.7,2146.2,316.9,-57.1,3.6,,,,
52.213,4,Atta_4,1520.5,485.4,307.7,10.7,0.0,,,,
52.213,5,Atta_5,627.4,397.6,126.7,-91.1,0.5,,,,
52.213,6,Atta_6,1835.4,2185.9,112.0,28.3,-2.5,,,,
52.213,7,Atta_7,330.1,239.4,313.4,51.6,-0.8,,,,
52.213,8,Atta_8,1678.4,2324.8,21.2,-51.9,-6.0,,,,
52.213,9,Atta_9,155.4,1194.3,101.3,-25.8,-10.4,,,,
52.213,10,Atta_10,494.6,676.3,275.4,22.7,-1.3,,,,
52.283,1,Atta_1,65.5,1418.4,211.1,87.9,0.3,,,,
52.283,2,Atta_2,748.0,125.1,150.5,82.1,-0.3,,,,
52.283,3,Atta_3,364.2,2151.8,312.9,73.7,-4.0,,,,
52.283,4,Atta_4,1466.4,498.3,316.5,-55.6,8.8,,,,
52.283,5,Atta_5,650.0,366.2,123.9,-38.7,-2.8,,,,
52.283,6,Atta_6,1791.0,2244.0,105.5,73.1,-6.5,,,,
52.283,7,Atta_7,305.1,313.1,314.0,-77.8,0.6,,,,
52.283,8,Atta_8,1654.0,2385.0,15.4,-65.0,-5.8,,,,
52.283,9,Atta_9,135.1,1140.0,100.9,-58.0,-0.4,,,,
52.283,10,Atta_10,509.5,727.9,276.4,-53.7,1.0,,,,
52.338,1,Atta_1,165.3,1448.3,210.3,-104.2,-0.8,,,,
52.338,2,Atta_2,800.4,150.4,145.1,-58.2,-5.4,,,,
52.338,3,Atta_3,330.5,2133.6,310.7,-38.3,-2.2,,,,
52.338,4,Atta_4,1501.3,462.2,319.0,50.2,2.5,,,,
52.338,5,Atta_5,587.8,430.3,125.3,89.3,1.4,,,,
52.338,6,Atta_6,1807.9,2238.7,101.1,-17.7,-4.4,,,,
52.338,7,Atta_7,379.7,262.2,316.9,90.3,2.9,,,,
52.338,8,Atta_8,1632.1,2330.9,13.6,-58.4,-1.8,,,,
52.338,9,Atta_9,162.8,1148.3,93.5,28.9,-7.4,,,,
52.338,10,Atta_10,480.7,713.5,275.0,32.2,-1.4,,,,
52.405,1,Atta_1,137.7,1444.1,214.7,27.9,4.4,,,,
52.405,2,Atta_2,736.6,146.7,144.2,63.9,-0.9,,,,
52.405,3,Atta_3,310.3,2139.6,310.1,-21.1,-0.6,,,,
52.405,4,Atta_4,1526.0,484.6,327.9,33.3,8.9,,,,
52.405,5,Atta_5,625.5,395.2,126.0,-51.5,0.7,,,,
52.405,6,Atta_6,1834.3,2208.5,97.5,-40.1,-3.6,,,,
52.405,7,Atta_7,281.2,234.6,315.0,-102.3,-1.9,,,,
52.405,8,Atta_8,1687.7,2374.9,4.9,70.9,-8.7,,,,
52.405,9,Atta_9,100.7,1156.1,89.4,62.6,-4.1,,,,
52.405,10,Atta_10,494.4,696.9,276.9,21.5,1.9,,,,
52.471,1,Atta_1,101.1,1403.1,212.5,55.0,-2.2,,,,
52.471,2,Atta_2,756.4,159.7,140.2,-23.7,-4.0,,,,
52.471,3,Atta_3,296.0,2136.0,312.5,-14.7,2.4,,,,
52.471,4,Atta_4,1509.2,522.7,326.8,-41.6,-1.1,,,,
52.471,5,Atta_5,563.3,389.5,125.6,62.5,-0.4,,,,
52.471,6,Atta_6,1830.7,2183.8,95.4,-25.0,-2.1,,,,
52.471,7,Atta_7,323.2,277.5,315.3,-60.0,0.3,,,,
52.471,8,Atta_8,1701.9,2454.7,4.2,81.1,-0.7,,,,
52.471,9,Atta_9,186.5,1111.3,88.5,-96.8,-0.9,,,,
52.471,10,Atta_10,513.8,707.6,275.5,-22.2,-1.4,,,,
52.538,1,Atta_1,116.4,1435.1,216.3,-35.5,3.8,,,,
52.538,2,Atta_2,774.5,140.7,132.3,-26.2,-7.9,,,,
52.538,3,Atta_3,338.4,2087.0,315.0,64.8,2.5,,,,
52.538,4,Atta_4,1462.3,443.0,332.3,92.5,5.5,,,,
52.538,5,Atta_5,576.6,472.7,125.7,84.3,0.1,,,,
52.538,6,Atta_6,1805.0,2224.3,89.9,48.0,-5.5,,,,
52.538,8,Atta_8,1661.7,2383.1,356.6,-82.1,-7.6,,,,
52.538,9,Atta_9,136.8,1144.7,82.8,59.9,-5.7,,,,
52.538,10,Atta_10,498.4,643.8,272.2,65.6,-3.3,,,,
52.611,1,Atta_1,113.7,1469.5,212.9,-34.5,-3.4,,,,
52.611,2,Atta_2,730.1,149.0,129.1,45.2,-3.2,,,,
52.611,3,Atta_3,338.3,2078.4,317.2,8.6,2.2,,,,
52.611,4,Atta_4,1495.0,485.5,339.9,53.6,7.6,,,,
52.611,5,Atta_5,616.8,457.5,122.7,-43.0,-3.0,,,,
52.611,6,Atta_6,1793.1,2201.5,85.5,-25.7,-4.4,,,,
52.611,7,Atta_7,298.1,269.7,309.6,-26.3,-5.7,,,,
52.611,8,Atta_8,1647.7,2415.9,352.2,-35.7,-4.4,,,,
52.611,9,Atta_9,121.2,1122.2,81.3,-27.4,-1.5,,,,
52.611,10,Atta_10,451.1,699.4,274.3,-73.0,2.1,,,,
52.682,1,Atta_1,124.5,1423.0,214.4,47.7,1.5,,,,
52.682,2,Atta_2,797.9,167.8,124.4,-70.4,-4.7,,,,
52.682,3,Atta_3,351.1,2105.9,325.0,-30.3,7.8,,,,
52.682,4,Atta_4,1511.6,487.8,341.8,16.8,1.9,,,,
52.682,5,Atta_5,531.5,500.7,122.1,95.6,-0.6,,,,
52.682,6,Atta_6,1843.9,2234.3,76.4,60.5,-9.1,,,,
52.682,7,Atta_7,295.5,247.1,305.4,22.7,-4.2,,,,
52.682,8,Atta_8,1615.4,2346.5,348.3,-76.5,-3.9,,,,
52.682,9,Atta_9,212.8,1206.6,80.2,124.6,-1.1,,,,
52.682,10,Atta_10,510.9,631.0,271.6,90.9,-2.7,,,,
52.751,1,Atta_1,195.9,1526.2,210.1,-125.5,-4.3,,,,
52.751,2,Atta_2,766.0,167.7,118.0,31.9,-6.4,,,,
52.751,3,Atta_3,383.4,2072.1,327.5,46.8,2.5,,,,
52.751,4,Atta_4,1515.2,483.1,343.7,5.9,1.9,,,,
52.751,5,Atta_5,548.7,488.4,123.5,-21.1,1.4,,,,
52.751,6,Atta_6,1807.3,2244.9,77.1,38.1,0.7,,,,
52.751,7,Atta_7,282.2,282.2,301.9,-37.5,-3.5,,,,
52.751,8,Atta_8,1635.5,2356.1,343.2,22.3,-5.1,,,,
52.751,9,Atta_9,188.3,1119.5,82.6,-90.5,2.4,,,,
52.751,10,Atta_10,502.1,659.9,273.1,-30.2,1.5,,,,
52.817,1,Atta_1,149.4,1410.1,216.1,125.1,6.0,,,,
52.817,2,Atta_2,733.8,141.8,112.4,-41.3,-5.6,,,,
52.817,3,Atta_3,335.8,2097.0,336.2,-53.7,8.7,,,,
52.817,4,Atta_4,1462.9,530.1,345.0,-70.3,1.3,,,,
52.817,5,Atta_5,571.8,492.1,125.7,-23.4,2.2,,,,
52.817,6,Atta_6,1814.6,2208.7,72.4,-36.9,-4.7,,,,
52.817,7,Atta_7,357.1,273.6,297.8,75.4,-4.1,,,,
52.817,8,Atta_8,1640.3,2384.4,342.0,-28.7,-1.2,,,,
52.817,9,Atta_9,138.6,1191.2,86.0,87.2,3.4,,,,
52.817,10,Atta_10,498.9,671.6,274.7,-12.1,1.6,,,,
52.885,1,Atta_1,144.8,1458.1,213.9,-48.2,-2.2,,,,
52.885,2,Atta_2,714.9,125.4,109.6,-25.0,-2.8,,,,
52.885,3,Atta_3,346.9,2098.4,341.6,11.2,5.4,,,,
52.885,4,Atta_4,1497.1,463.8,346.3,74.6,1.3,,,,
52.885,5,Atta_5,549.3,447.5,121.6,-50.0,-4.1,,,,
52.885,6,Atta_6,1851.7,2231.7,67.5,43.7,-4.9,,,,
52.885,7,Atta_7,265.0,313.5,289.6,-100.4,-8.2,,,,
52.885,8,Atta_8,1664.9,2439.4,336.2,60.3,-5.8,,,,
52.885,9,Atta_9,183.9,1141.3,85.6,-67.4,-0.4,,,,
52.885,10,Atta_10,526.2,613.9,275.5,63.8,0.8,,,,
52.937,1,Atta_1,129.6,1494.9,211.8,-39.8,-2.1,,,,
52.937,2,Atta_2,751.9,176.9,106.5,63.4,-3.1,,,,
52.937,3,Atta_3,334.8,2042.1,339.1,57.6,-2.5,,,,
52.937,4,Atta_4,1504.2,532.4,339.2,-69.0,-7.1,,,,
52.937,5,Atta_5,519.7,489.7,125.5,51.5,3.9,,,,
52.937,6,Atta_6,1825.3,2232.2,59.9,-26.4,-7.6,,,,
52.937,7,Atta_7,333.1,277.4,283.8,77.1,-5.8,,,,
52.937,8,Atta_8,1652.0,2417.4,336.0,-25.5,-0.2,,,,
52.937,9,Atta_9,134.8,1119.0,84.3,-53.9,-1.3,,,,
52.937,10,Atta_10,461.6,631.7,274.0,-67.0,-1.5,,,,
53.005,1,Atta_1,118.9,1423.5,220.9,72.2,9.1,,,,
53.005,2,Atta_2,730.5,161.8,99.4,-26.2,-7.1,,,,
53.005,3,Atta_3,293.8,2044.9,344.0,-41.1,4.9,,,,
53.005,4,Atta_4,1451.2,466.9,347.1,-84.3,7.9,,,,
53.005,5,Atta_5,514.8,496.0,126.3,8.0,0.8,,,,
53.005,6,Atta_6,1815.8,2266.3,58.8,35.4,-1.1,,,,
53.005,7,Atta_7,351.4,335.2,288.2,-60.6,4.4,,,,
53.005,8,Atta_8,1597.1,2409.5,328.7,-55.5,-7.3,,,,
53.005,9,Atta_9,188.4,1212.2,81.6,107.5,-2.7,,,,
53.005,10,Atta_10,522.4,593.5,275.1,71.8,1.1,,,,
53.056,1,Atta_1,174.0,1445.7,225.5,-59.4,4.6,,,,
53.056,2,Atta_2,742.0,141.0,96.6,-23.8,-2.8,,,,
53.056,3,Atta_3,391.4,2054.5,339.6,98.1,-4.4,,,,
53.056,4,Atta_4,1507.6,544.5,338.7,95.9,-8.4,,,,
53.056,5,Atta_5,538.7,491.2,131.8,-24.4,5.5,,,,
53.056,6,Atta_6,1808.7,2239.6,53.4,-27.6,-5.4,,,,
53.056,7,Atta_7,333.2,273.8,285.8,64.0,-2.4,,,,
53.056,8,Atta_8,1686.9,2392.3,321.4,91.4,-7.3,,,,
53.056,9,Atta_9,122.7,1220.4,80.7,-66.2,-0.9,,,,
53.056,10,Atta_10,502.7,600.4,272.0,-20.9,-3.1,,,,
53.193,1,Atta_1,111.2,1455.4,231.0,63.5,5.5,,,,
53.193,2,Atta_2,724.2,104.2,92.2,-40.9,-4.4,,,,
53.193,3,Atta_3,338.5,2067.3,335.5,-54.4,-4.1,,,,
53.193,4,Atta_4,1424.9,469.0,334.8,-112.0,-3.9,,,,
53.193,5,Atta_5,606.7,459.8,125.2,-74.9,-6.6,,,,
53.193,6,Atta_6,1823.5,2226.8,44.3,-19.6,-9.1,,,,
53.193,7,Atta_7,268.6,306.5,287.9,-72.4,2.1,,,,
53.193,8,Atta_8,1659.7,2410.9,317.8,-33.0,-3.6,,,,
53.193,9,Atta_9,130.9,1256.7,84.3,37.2,3.6,,,,
53.193,10,Atta_10,456.2,647.2,273.8,-66.0,1.8,,,,
53.259,1,Atta_1,144.3,1465.5,240.2,-34.6,9.2,,,,
53.259,2,Atta_2,758.7,169.7,84.1,74.0,-8.1,,,,
53.259,3,Atta_3,316.2,2064.4,347.2,-22.5,11.7,,,,
53.259,4,Atta_4,1481.3,538.8,324.2,89.7,-10.6,,,,
53.259,5,Atta_5,600.4,466.2,128.4,9.0,3.2,,,,
53.259,6,Atta_6,1850.1,2246.1,35.6,32.9,-8.7,,,,
53.259,7,Atta_7,311.7,262.4,284.0,61.7,-3.9,,,,
53.259,8,Atta_8,1605.3,2352.4,307.4,-79.9,-10.4,,,,
53.259,9,Atta_9,123.2,1234.8,82.2,-23.2,-2.1,,,,
53.259,10,Atta_10,527.2,660.3,275.7,-72.2,1.9,,,,
53.389,1,Atta_1,153.3,1449.1,244.1,18.7,3.9,,,,
53.389,2,Atta_2,695.8,119.1,78.6,-80.7,-5.5,,,,
53.389,3,Atta_3,335.2,2097.7,354.0,38.3,6.8,,,,
53.389,4,Atta_4,1543.1,493.7,321.1,76.5,-3.1,,,,
53.389,5,Atta_5,578.8,443.7,126.5,-31.2,-1.9,,,,
53.389,6,Atta_6,1806.1,2236.1,32.0,-45.1,-3.6,,,,
53.389,7,Atta_7,294.6,256.2,285.1,18.2,1.1,,,,
53.389,8,Atta_8,1661.5,2404.6,300.6,-76.7,-6.8,,,,
53.389,9,Atta_9,135.1,1268.6,86.5,35.8,4.3,,,,
53.389,10,Atta_10,505.4,670.8,276.1,-24.2,0.4,,,,
53.455,1,Atta_1,205.5,1444.9,249.0,-52.4,4.9,,,,
53.455,2,Atta_2,702.0,140.2,76.7,22.0,-1.9,,,,
53.455,3,Atta_3,378.7,2104.3,354.1,44.0,0.1,,,,
53.455,4,Atta_4,1485.1,532.3,314.1,-69.7,-7.0,,,,
53.455,5,Atta_5,532.1,410.1,125.9,57.5,-0.6,,,,
53.455,6,Atta_6,1794.1,2178.6,33.8,-58.7,1.8,,,,
53.455,7,Atta_7,316.6,204.6,289.8,56.1,4.7,,,,
53.455,8,Atta_8,1642.0,2357.1,298.0,51.3,-2.6,,,,
53.455,9,Atta_9,168.4,1320.7,83.9,61.8,-2.6,,,,
53.455,10,Atta_10,478.6,609.5,272.1,66.9,-4.0,,,,
53.521,1,Atta_1,179.7,1473.5,253.1,-38.5,4.1,,,,
53.521,2,Atta_2,721.9,199.7,68.5,62.7,-8.2,,,,
53.521,3,Atta_3,360.9,2065.2,356.2,-43.0,2.1,,,,
53.521,4,Atta_4,1437.8,472.0,311.2,76.6,-2.9,,,,
53.521,5,Atta_5,568.4,381.8,127.4,-46.0,1.5,,,,
53.521,6,Atta_6,1826.5,2233.2,28.0,63.5,-5.8,,,,
53.521,7,Atta_7,289.8,205.7,283.5,-26.8,-6.3,,,,
53.521,8,Atta_8,1671.8,2421.8,289.2,-71.2,-8.8,,,,
53.521,9,Atta_9,191.1,1358.6,83.5,44.2,-0.4,,,,
53.521,10,Atta_10,517.2,692.5,272.1,-91.5,0.0,,,,
53.589,1,Atta_1,130.8,1490.2,256.4,-51.7,3.3,,,,
53.589,2,Atta_2,740.7,142.0,65.2,-60.7,-3.3,,,,
53.589,3,Atta_3,352.8,2007.0,4.2,-58.8,8.0,,,,
53.589,4,Atta_4,1493.3,515.0,307.8,70.2,-3.4,,,,
53.589,5,Atta_5,584.1,461.2,127.0,80.9,-0.4,,,,
53.589,6,Atta_6,1822.5,2201.1,17.8,-32.3,-10.2,,,,
53.589,7,Atta_7,357.9,236.8,288.4,-74.9,4.9,,,,
53.589,8,Atta_8,1662.6,2326.6,286.3,95.6,-2.9,,,,
53.589,9,Atta_9,199.1,1300.4,86.6,-58.7,3.1,,,,
53.589,10,Atta_10,494.6,695.6,264.0,-22.8,-8.1,,,,
53.655,1,Atta_1,116.2,1484.0,259.9,15.9,3.5,,,,
53.655,2,Atta_2,752.2,123.1,59.5,-22.1,-5.7,,,,
53.655,3,Atta_3,344.6,2097.7,8.1,-91.1,3.9,,,,
53.655,4,Atta_4,1519.3,507.9,299.4,27.0,-8.4,,,,
53.655,5,Atta_5,552.6,403.9,126.2,-65.4,-0.8,,,,
53.655,6,Atta_6,1763.3,2211.5,16.8,-60.1,-1.0,,,,
53.655,7,Atta_7,381.9,220.7,287.6,28.9,-0.8,,,,
53.655,8,Atta_8,1623.1,2303.9,286.8,45.6,0.5,,,,
53.655,9,Atta_9,186.7,1326.5,88.5,28.9,1.9,,,,
53.655,10,Atta_10,496.9,676.6,261.9,19.1,-2.1,,,,
53.721,1,Atta_1,158.4,1458.6,266.8,49.3,6.9,,,,
53.721,2,Atta_2,740.0,104.8,52.4,-22.0,-7.1,,,,
53.721,3,Atta_3,349.2,2081.5,9.7,16.8,1.6,,,,
53.721,4,Atta_4,1528.4,462.7,297.0,46.1,-2.4,,,,
53.721,5,Atta_5,677.1,311.3,127.4,-155.2,1.2,,,,
53.721,6,Atta_6,1793.1,2222.2,19.9,31.7,3.1,,,,
53.721,7,Atta_7,331.1,258.2,286.3,-63.1,-1.3,,,,
53.721,8,Atta_8,1683.5,2401.4,280.2,-114.7,-6.6,,,,
53.721,9,Atta_9,219.7,1253.6,92.8,-80.0,4.3,,,,
53.721,10,Atta_10,578.5,761.9,258.7,-118.0,-3.2,,,,
53.787,1,Atta_1,183.3,1474.6,273.2,-29.6,6.4,,,,
53.787,2,Atta_2,796.8,135.6,53.1,64.6,0.7,,,,
53.787,3,Atta_3,396.1,2105.0,14.8,52.5,5.1,,,,
53.787,4,Atta_4,1537.6,493.8,292.5,-32.4,-4.5,,,,
53.787,5,Atta_5,597.2,361.5,127.6,94.4,0.2,,,,
53.787,6,Atta_6,1824.8,2162.6,21.3,67.5,1.4,,,,
53.787,7,Atta_7,354.8,240.9,287.4,29.3,1.1,,,,
53.787,8,Atta_8,1660.2,2346.4,274.9,59.7,-5.3,,,,
53.787,9,Atta_9,162.8,1319.6,97.6,87.1,4.8,,,,
53.787,10,Atta_10,521.1,719.0,256.1,71.7,-2.6,,,,
53.854,1,Atta_1,119.9,1458.9,271.8,65.3,-1.4,,,,
53.854,2,Atta_2,789.2,177.8,50.9,42.9,-2.2,,,,
53.854,3,Atta_3,315.6,2071.2,23.1,-87.3,8.3,,,,
53.854,4,Atta_4,1467.0,521.7,290.7,-75.9,-1.8,,,,
53.854,5,Atta_5,653.9,371.6,126.7,-57.6,-0.9,,,,
53.854,6,Atta_6,1798.5,2246.3,14.2,87.7,-7.1,,,,
53.854,7,Atta_7,342.5,207.6,289.2,35.5,1.8,,,,
53.854,8,Atta_8,1634.1,2348.6,273.7,-26.2,-1.2,,,,
53.854,9,Atta_9,164.2,1283.3,100.7,-36.3,3.1,,,,
53.854,10,Atta_10,452.1,677.7,250.8,80.4,-5.3,,,,
53.919,1,Atta_1,140.2,1491.0,270.6,-38.0,-1.2,,,,
53.919,2,Atta_2,753.8,170.8,42.5,-36.1,-8.4,,,,
53.919,3,Atta_3,353.8,2079.5,27.1,39.1,4.0,,,,
53.919,4,Atta_4,1463.1,523.7,286.5,-4.4,-4.2,,,,
53.919,5,Atta_5,645.9,385.6,128.5,16.1,1.8,,,,
53.919,6,Atta_6,1760.7,2221.1,18.5,-45.4,4.3,,,,
53.919,7,Atta_7,348.0,132.3,287.7,75.5,-1.5,,,,
53.919,8,Atta_8,1628.7,2427.9,271.6,-79.5,-2.1,,,,
53.919,9,Atta_9,180.1,1309.8,107.7,30.9,7.0,,,,
53.919,10,Atta_10,490.5,676.8,247.9,-38.4,-2.9,,,,
53.986,1,Atta_1,170.7,1484.1,269.8,31.3,-0.8,,,,
53.986,2,Atta_2,748.3,137.7,37.8,-33.6,-4.7,,,,
53.986,3,Atta_3,327.1,2026.3,28.1,-59.5,1.0,,,,
53.986,4,Atta_4,1516.4,507.6,284.1,55.7,-2.4,,,,
53.986,5,Atta_5,636.5,360.5,133.4,-26.8,4.9,,,,
53.986,6,Atta_6,1827.3,2220.5,17.6,66.6,-0.9,,,,
53.986,7,Atta_7,379.4,96.1,287.0,47.9,-0.7,,,,
53.986,8,Atta_8,1617.4,2351.0,264.2,77.7,-7.4,,,,
53.986,9,Atta_9,178.4,1288.3,110.1,-21.6,2.4,,,,
53.986,10,Atta_10,524.2,655.4,239.4,39.9,-8.5,,,,
54.053,1,Atta_1,196.8,1460.6,272.6,35.1,2.8,,,,
54.053,2,Atta_2,812.2,141.9,33.9,64.0,-3.9,,,,
54.053,3,Atta_3,337.3,2072.5,33.5,47.3,5.4,,,,
54.053,4,Atta_4,1484.0,491.9,285.2,36.0,1.1,,,,
54.053,5,Atta_5,665.9,396.8,139.2,46.7,5.8,,,,
54.053,6,Atta_6,1822.0,2219.5,16.3,-5.4,-1.3,,,,
54.053,7,Atta_7,399.0,177.3,288.3,-83.5,1.3,,,,
54.053,8,Atta_8,1654.2,2398.4,255.5,-60.0,-8.7,,,,
54.053,9,Atta_9,145.0,1339.1,115.8,60.8,5.7,,,,
54.053,10,Atta_10,583.5,685.9,237.2,-66.7,-2.2,,,,
54.119,1,Atta_1,228.8,1467.1,269.4,-32.7,-3.2,,,,
54.119,2,Atta_2,767.9,152.3,28.7,-45.5,-5.2,,,,
54.119,3,Atta_3,304.6,2078.0,34.4,-33.2,0.9,,,,
54.119,4,Atta_4,1517.2,551.5,287.3,-68.2,2.1,,,,
54.119,5,Atta_5,626.5,388.2,144.0,40.3,4.8,,,,
54.119,6,Atta_6,1862.8,2253.6,19.2,53.2,2.9,,,,
54.119,7,Atta_7,330.7,123.0,285.4,87.3,-2.9,,,,
54.119,8,Atta_8,1685.8,2358.1,254.5,51.2,-1.0,,,,
54.119,9,Atta_9,102.5,1311.0,118.5,-50.9,2.7,,,,
54.119,10,Atta_10,504.6,640.1,232.7,91.2,-4.5,,,,
54.187,1,Atta_1,171.6,1506.0,272.2,-69.2,2.8,,,,
54.187,2,Atta_2,711.6,166.5,25.8,-58.1,-2.9,,,,
54.187,3,Atta_3,331.1,2102.2,37.5,35.9,3.1,,,,
54.187,4,Atta_4,1493.1,487.8,286.0,68.1,-1.3,,,,
54.187,5,Atta_5,628.3,351.1,148.7,-37.1,4.7,,,,
54.187,6,Atta_6,1856.9,2214.5,13.8,-39.5,-5.4,,,,
54.187,7,Atta_7,341.1,107.7,287.5,18.5,2.1,,,,
54.187,8,Atta_8,1634.8,2334.5,252.4,56.2,-2.1,,,,
54.187,9,Atta_9,212.7,1333.3,126.5,-112.4,8.0,,,,
54.187,10,Atta_10,490.0,728.6,230.9,-89.7,-1.8,,,,
54.249,1,Atta_1,156.3,1418.7,273.9,88.6,1.7,,,,
54.249,2,Atta_2,772.5,171.6,17.8,61.1,-8.0,,,,
54.249,3,Atta_3,320.5,2078.2,38.6,-26.2,1.1,,,,
54.249,4,Atta_4,1502.5,510.7,284.7,-24.8,-1.3,,,,
54.249,5,Atta_5,620.5,412.8,149.7,62.2,1.0,,,,
54.249,6,Atta_6,1856.4,2246.5,19.9,32.0,6.1,,,,
54.249,7,Atta_7,422.3,95.3,287.9,82.1,0.4,,,,
54.249,8,Atta_8,1632.0,2352.3,255.9,-18.0,3.5,,,,
54.249,9,Atta_9,197.3,1292.2,127.0,-43.9,0.5,,,,
54.249,10,Atta_10,473.2,728.5,223.2,16.8,-7.7,,,,
54.32,1,Atta_1,129.7,1454.7,273.0,-44.8,-0.9,,,,
54.32,2,Atta_2,757.7,140.9,14.5,-34.1,-3.3,,,,
54.32,3,Atta_3,347.2,2131.5,37.5,59.6,-1.1,,,,
54.32,4,Atta_4,1518.6,469.4,278.0,44.3,-6.7,,,,
54.32,5,Atta_5,632.8,374.3,157.3,-40.4,7.6,,,,
54.32,6,Atta_6,1892.0,2208.8,15.6,51.9,-4.3,,,,
54.32,7,Atta_7,372.0,118.0,287.1,-55.2,-0.8,,,,
54.32,8,Atta_8,1687.4,2390.3,254.2,-67.2,-1.7,,,,
54.32,9,Atta_9,105.2,1308.8,132.1,93.6,5.1,,,,
54.32,10,Atta_10,533.4,649.0,215.4,99.7,-7.8,,,,
54.388,1,Atta_1,161.9,1457.9,276.6,-32.4,3.6,,,,
54.388,2,Atta_2,723.1,179.5,19.4,-51.8,4.9,,,,
54.388,3,Atta_3,308.8,2086.1,37.3,-59.5,-0.2,,,,
54.388,4,Atta_4,1465.3,532.3,279.0,-82.4,1.0,,,,
54.388,5,Atta_5,612.3,376.8,162.8,20.7,5.5,,,,
54.388,6,Atta_6,1860.6,2247.1,19.6,-49.5,4.0,,,,
54.388,7,Atta_7,383.3,124.4,289.8,-13.0,2.7,,,,
54.388,8,Atta_8,1608.9,2351.6,250.8,87.5,-3.4,,,,
54.388,9,Atta_9,156.9,1275.6,136.2,-61.4,4.1,,,,
54.388,10,Atta_10,493.1,760.1,218.6,-118.2,3.2,,,,
54.451,1,Atta_1,212.1,1454.5,275.6,50.3,-1.0,,,,
54.451,2,Atta_2,758.3,107.2,14.1,80.4,-5.3,,,,
54.451,3,Atta_3,329.7,2055.7,37.9,-36.9,0.6,,,,
54.451,4,Atta_4,1479.9,476.3,268.5,57.9,-10.5,,,,
54.451,5,Atta_5,597.0,401.7,166.9,29.2,4.1,,,,
54.451,6,Atta_6,1859.7,2297.7,23.1,50.6,3.5,,,,
54.451,7,Atta_7,379.1,128.3,291.4,-5.7,1.6,,,,
54.451,8,Atta_8,1670.1,2357.1,255.0,-61.4,4.2,,,,
54.451,9,Atta_9,168.5,1328.8,140.5,54.4,4.3,,,,
54.451,10,Atta_10,500.0,702.6,218.8,57.9,0.2,,,,
54.517,1,Atta_1,147.2,1477.5,274.2,-68.9,-1.4,,,,
54.517,2,Atta_2,706.1,92.9,15.1,-54.1,1.0,,,,
54.517,3,Atta_3,309.1,2149.3,36.3,95.8,-1.6,,,,
54.517,4,Atta_4,1525.1,422.3,265.5,70.4,-3.0,,,,
54.517,5,Atta_5,628.2,322.7,169.5,-84.9,2.6,,,,
54.517,6,Atta_6,1882.7,2201.8,19.3,-98.6,-3.8,,,,
54.517,7,Atta_7,349.6,127.8,291.1,-29.5,-0.3,,,,
54.517,8,Atta_8,1660.4,2355.1,251.8,9.9,-3.2,,,,
54.517,9,Atta_9,136.9,1300.3,147.8,42.6,7.3,,,,
54.517,10,Atta_10,530.0,689.2,220.2,-32.9,1.4,,,,
54.584,1,Atta_1,176.8,1534.0,274.8,-63.8,0.6,,,,
54.584,2,Atta_2,740.2,150.8,17.5,67.2,2.4,,,,
54.584,3,Atta_3,389.2,2089.7,35.4,99.8,-0.9,,,,
54.584,4,Atta_4,1502.1,507.1,262.4,-87.9,-3.1,,,,
54.584,5,Atta_5,620.0,391.8,175.5,69.6,6.0,,,,
54.584,6,Atta_6,1839.4,2235.6,20.6,-54.9,1.3,,,,
54.584,7,Atta_7,331.1,149.4,293.7,-28.4,2.6,,,,
54.584,8,Atta_8,1623.4,2334.0,251.4,42.6,-0.4,,,,
54.584,9,Atta_9,168.7,1302.0,150.2,-31.8,2.4,,,,
54.584,10,Atta_10,432.6,691.3,214.5,97.4,-5.7,,,,
54.653,1,Atta_1,158.7,1500.0,274.8,38.5,0.0,,,,
54.653,2,Atta_2,747.5,165.3,17.5,16.2,0.0,,,,
54.653,3,Atta_3,406.0,2096.3,41.0,18.0,5.6,,,,
54.653,4,Atta_4,1479.0,438.5,258.0,72.4,-4.4,,,,
54.653,5,Atta_5,667.4,346.6,179.6,-65.5,4.1,,,,
54.653,6,Atta_6,1827.6,2218.7,22.2,-20.6,1.6,,,,
54.653,7,Atta_7,348.1,105.3,292.6,47.3,-1.1,,,,
54.653,8,Atta_8,1684.2,2350.2,251.9,-62.9,0.5,,,,
54.653,9,Atta_9,245.4,1285.3,155.2,-78.5,5.0,,,,
54.653,10,Atta_10,531.0,709.8,218.3,-100.1,3.8,,,,
54.708,1,Atta_1,160.5,1568.1,271.7,-68.1,-3.1,,,,
54.708,2,Atta_2,737.3,162.8,18.1,-10.5,0.6,,,,
54.708,3,Atta_3,393.8,2100.3,36.3,-12.8,-4.7,,,,
54.708,4,Atta_4,1488.2,502.1,251.3,-64.3,-6.7,,,,
54.708,5,Atta_5,647.2,375.8,187.4,35.5,7.8,,,,
54.708,6,Atta_6,1861.4,2267.7,25.8,59.5,3.6,,,,
54.708,7,Atta_7,367.9,169.8,290.2,-67.5,-2.4,,,,
54.708,8,Atta_8,1634.2,2309.8,251.1,64.3,-0.8,,,,
54.708,9,Atta_9,188.1,1285.7,155.6,57.3,0.4,,,,
54.708,10,Atta_10,450.3,698.5,217.7,81.5,-0.6,,,,
54.775,1,Atta_1,116.5,1514.1,276.5,69.7,4.8,,,,
54.775,2,Atta_2,781.7,108.8,15.2,69.9,-2.9,,,,
54.775,3,Atta_3,371.3,2168.1,36.8,71.4,0.5,,,,
54.775,4,Atta_4,1589.7,505.9,241.1,-101.6,-10.2,,,,
54.775,5,Atta_5,621.2,374.0,186.9,26.1,-0.5,,,,
54.775,6,Atta_6,1798.9,2201.9,21.6,-90.8,-4.2,,,,
54.775,7,Atta_7,346.1,177.6,291.0,-23.2,0.8,,,,
54.775,8,Atta_8,1669.1,2316.3,254.9,-35.5,3.8,,,,
54.775,9,Atta_9,150.7,1302.6,156.8,41.0,1.2,,,,
54.775,10,Atta_10,467.3,662.4,218.8,39.9,1.1,,,,
54.893,1,Atta_1,198.8,1489.5,287.8,85.9,11.3,,,,
54.893,2,Atta_2,821.3,156.5,14.3,62.0,-0.9,,,,
54.893,3,Atta_3,431.4,2105.8,35.9,86.6,-0.9,,,,
54.893,4,Atta_4,1486.2,484.3,244.3,105.7,3.2,,,,
54.893,5,Atta_5,632.4,407.8,197.7,-35.6,10.8,,,,
54.893,6,Atta_6,1803.8,2206.5,25.3,6.7,3.7,,,,
54.893,7,Atta_7,416.6,152.3,296.0,74.9,5.0,,,,
54.893,8,Atta_8,1626.5,2274.3,251.2,59.8,-3.7,,,,
54.893,9,Atta_9,184.3,1277.8,153.0,-41.8,-3.8,,,,
54.893,10,Atta_10,480.6,610.6,219.7,53.5,0.9,,,,
54.96,1,Atta_1,145.0,1481.8,294.7,-54.3,6.9,,,,
54.96,2,Atta_2,849.6,84.2,12.7,77.6,-1.6,,,,
54.96,3,Atta_3,383.0,2184.7,35.9,92.6,0.0,,,,
54.96,4,Atta_4,1466.9,457.7,243.5,32.9,-0.8,,,,
54.96,5,Atta_5,612.5,335.2,201.2,75.3,3.5,,,,
54.96,6,Atta_6,1796.3,2213.6,29.0,-10.3,3.7,,,,
54.96,7,Atta_7,321.7,199.4,304.9,-105.9,8.9,,,,
54.96,8,Atta_8,1599.0,2296.0,251.1,-35.0,-0.1,,,,
54.96,9,Atta_9,180.4,1259.1,154.0,-19.1,1.0,,,,
54.96,10,Atta_10,381.7,654.0,214.7,108.0,-5.0,,,,
55.074,1,Atta_1,131.4,1518.3,289.7,-39.0,-5.0,,,,
55.074,2,Atta_2,851.3,147.8,19.3,63.6,6.6,,,,
55.074,3,Atta_3,464.3,2231.6,36.9,93.9,1.0,,,,
55.074,4,Atta_4,1519.6,514.8,244.0,-77.7,0.5,,,,
55.074,5,Atta_5,624.1,349.5,208.4,-18.4,7.2,,,,
55.074,6,Atta_6,1802.8,2215.9,36.5,6.9,7.5,,,,
55.074,7,Atta_7,371.8,248.5,306.1,-70.1,1.2,,,,
55.074,8,Atta_8,1662.1,2192.9,249.4,120.9,-1.7,,,,
55.074,9,Atta_9,215.3,1269.3,156.5,-36.4,2.5,,,,
55.074,10,Atta_10,413.6,651.4,215.7,-32.0,1.0,,,,
55.141,1,Atta_1,117.5,1509.3,302.1,16.6,12.4,,,,
55.141,2,Atta_2,887.1,179.1,13.0,47.6,-6.3,,,,
55.141,3,Atta_3,430.7,2197.7,35.4,-47.7,-1.5,,,,
55.141,4,Atta_4,1496.2,473.0,241.6,47.9,-2.4,,,,
55.141,5,Atta_5,632.9,343.8,208.2,-10.5,-0.2,,,,
55.141,6,Atta_6,1790.6,2218.5,41.0,-12.5,4.5,,,,
55.141,7,Atta_7,360.1,185.7,311.7,63.9,5.6,,,,
55.141,8,Atta_8,1585.4,2274.7,249.4,-112.1,0.0,,,,
55.141,9,Atta_9,169.5,1354.4,155.3,96.6,-1.2,,,,
55.141,10,Atta_10,411.6,694.7,215.3,-43.3,-0.4,,,,
55.191,1,Atta_1,95.6,1524.1,301.9,-26.4,-0.2,,,,
55.191,2,Atta_2,801.9,171.3,12.2,-85.6,-0.8,,,,
55.191,3,Atta_3,440.5,2185.7,38.5,15.5,3.1,,,,
55.191,4,Atta_4,1512.1,513.6,242.8,-43.6,1.2,,,,
55.191,5,Atta_5,673.5,421.5,213.8,-87.7,5.6,,,,
55.191,6,Atta_6,1876.7,2230.7,44.3,87.0,3.3,,,,
55.191,7,Atta_7,344.6,134.5,319.3,53.5,7.6,,,,
55.191,8,Atta_8,1647.6,2227.5,254.5,78.1,5.1,,,,
55.191,9,Atta_9,155.0,1239.9,153.9,-115.4,-1.4,,,,
55.191,10,Atta_10,422.1,623.2,218.8,72.3,3.5,,,,
55.262,1,Atta_1,109.9,1515.7,310.8,16.6,8.9,,,,
55.262,2,Atta_2,835.9,151.9,15.6,39.1,3.4,,,,
55.262,3,Atta_3,483.7,2126.4,37.0,-73.4,-1.5,,,,
55.262,4,Atta_4,1521.9,429.7,244.2,84.5,1.4,,,,
55.262,5,Atta_5,587.6,381.3,220.0,94.8,6.2,,,,
55.262,6,Atta_6,1825.9,2206.4,46.9,-56.3,2.6,,,,
55.262,7,Atta_7,369.0,145.6,322.8,26.8,3.5,,,,
55.262,8,Atta_8,1584.1,2232.6,252.6,63.7,-1.9,,,,
55.262,9,Atta_9,107.2,1306.4,155.2,81.9,1.3,,,,
55.316,1,Atta_1,149.3,1527.3,313.1,41.1,2.3,,,,
55.316,2,Atta_2,782.8,189.8,14.7,-65.2,-0.9,,,,
55.316,3,Atta_3,442.1,2194.9,36.0,80.1,-1.0,,,,
55.316,4,Atta_4,1503.5,481.9,240.9,-55.3,-3.3,,,,
55.316,5,Atta_5,666.5,356.9,219.8,-82.6,-0.2,,,,
55.316,6,Atta_6,1819.4,2208.2,48.6,-6.7,1.7,,,,
55.316,7,Atta_7,328.1,160.5,323.9,-43.5,1.1,,,,
55.316,8,Atta_8,1555.7,2255.2,250.2,-36.3,-2.4,,,,
55.316,9,Atta_9,128.5,1270.2,159.0,-42.0,3.8,,,,
55.316,10,Atta_10,351.5,673.1,218.4,86.5,-0.4,,,,
55.386,1,Atta_1,106.4,1442.2,320.7,95.3,7.6,,,,
55.386,2,Atta_2,916.1,186.4,17.9,133.3,3.2,,,,
55.386,3,Atta_3,552.1,2177.1,35.3,111.4,-0.7,,,,
55.386,4,Atta_4,1487.1,467.4,245.9,21.9,5.0,,,,
55.386,5,Atta_5,600.8,356.6,221.6,65.7,1.8,,,,
55.386,6,Atta_6,1801.2,2165.7,63.3,-46.2,14.7,,,,
55.386,7,Atta_7,399.6,152.5,335.6,71.9,11.7,,,,
55.386,8,Atta_8,1608.4,2232.4,255.0,57.4,4.8,,,,
55.386,9,Atta_9,90.4,1336.9,154.6,76.8,-4.4,,,,
55.386,10,Atta_10,394.3,622.6,215.7,-66.2,-2.7,,,,
55.451,1,Atta_1,218.4,1523.9,323.7,138.6,3.0,,,,
55.451,2,Atta_2,944.1,192.9,16.9,28.7,-1.0,,,,
55.451,3,Atta_3,441.4,2213.3,36.3,-116.5,1.0,,,,
55.451,4,Atta_4,1453.1,433.6,242.0,47.9,-3.9,,,,
55.451,5,Atta_5,646.7,400.8,218.7,-63.7,-2.9,,,,
55.451,6,Atta_6,1843.9,2261.1,66.0,104.5,2.7,,,,
55.451,7,Atta_7,365.5,199.9,333.2,-58.4,-2.4,,,,
55.451,8,Atta_8,1595.5,2219.8,250.0,18.0,-5.0,,,,
55.451,9,Atta_9,114.7,1330.3,159.3,-25.2,4.7,,,,
55.451,10,Atta_10,446.7,605.6,225.4,-55.1,9.7,,,,
55.521,1,Atta_1,228.0,1489.4,327.5,35.8,3.8,,,,
55.521,2,Atta_2,867.3,144.5,18.0,-90.8,1.1,,,,
55.521,3,Atta_3,512.2,2160.7,31.8,88.2,-4.5,,,,
55.521,4,Atta_4,1511.9,464.2,241.6,-66.3,-0.4,,,,
55.521,5,Atta_5,635.2,371.0,217.2,31.9,-1.5,,,,
55.521,6,Atta_6,1834.1,2284.8,68.8,25.6,2.8,,,,
55.521,7,Atta_7,377.8,112.8,342.2,88.0,9.0,,,,
55.521,8,Atta_8,1583.4,2227.1,249.3,-14.1,-0.7,,,,
55.521,9,Atta_9,67.4,1333.6,152.9,47.4,-6.4,,,,
55.521,10,Atta_10,380.4,658.1,228.3,84.6,2.9,,,,
55.641,1,Atta_1,128.7,1577.9,329.8,-133.0,2.3,,,,
55.641,2,Atta_2,930.0,216.4,16.9,95.4,-1.1,,,,
55.641,3,Atta_3,519.1,2194.8,37.5,34.8,5.7,,,,
55.641,4,Atta_4,1476.5,498.2,243.1,-49.1,1.5,,,,
55.641,5,Atta_5,690.9,348.2,219.5,-60.2,2.3,,,,
55.641,6,Atta_6,1808.3,2271.8,66.0,-28.9,-2.8,,,,
55.641,7,Atta_7,365.5,219.9,348.1,-107.8,5.9,,,,
55.641,8,Atta_8,1619.5,2182.9,249.6,57.1,0.3,,,,
55.641,9,Atta_9,103.8,1341.6,150.5,-37.3,-2.4,,,,
55.641,10,Atta_10,412.8,665.8,231.6,-33.3,3.3,,,,
55.692,1,Atta_1,154.6,1552.1,328.0,36.6,-1.8,,,,
55.692,2,Atta_2,904.8,161.2,17.8,-60.7,0.9,,,,
55.692,3,Atta_3,443.3,2170.7,37.5,-79.5,0.0,,,,
55.692,4,Atta_4,1464.7,367.6,243.9,131.1,0.8,,,,
55.692,5,Atta_5,563.3,332.9,220.8,128.5,1.3,,,,
55.692,6,Atta_6,1831.4,2153.2,73.9,-120.8,7.9,,,,
55.692,7,Atta_7,366.8,152.4,349.9,67.5,1.8,,,,
55.692,8,Atta_8,1560.3,2176.2,249.2,59.6,-0.4,,,,
55.692,9,Atta_9,118.1,1312.4,149.4,-32.5,-1.1,,,,
55.692,10,Atta_10,355.1,671.3,232.5,58.0,0.9,,,,
55.759,1,Atta_1,145.9,1465.9,332.0,86.6,4.0,,,,
55.759,2,Atta_2,927.5,240.7,14.3,82.7,-3.5,,,,
55.759,3,Atta_3,464.8,2197.9,37.2,34.7,-0.3,,,,
55.759,4,Atta_4,1469.7,400.9,239.7,-33.7,-4.2,,,,
55.759,5,Atta_5,652.0,361.5,221.1,-93.2,0.3,,,,
55.759,6,Atta_6,1815.1,2277.7,79.8,125.6,5.9,,,,
55.759,7,Atta_7,370.4,205.3,350.1,-53.0,0.2,,,,
55.759,8,Atta_8,1530.2,2148.8,251.2,40.7,2.0,,,,
55.759,9,Atta_9,125.2,1324.4,155.2,-13.9,5.8,,,,
55.759,10,Atta_10,363.2,590.8,238.7,80.9,6.2,,,,
55.828,1,Atta_1,189.7,1561.1,330.9,-104.8,-1.1,,,,
55.828,2,Atta_2,971.8,225.3,15.0,46.9,0.7,,,,
55.828,3,Atta_3,520.2,2241.2,38.7,70.3,1.5,,,,
55.828,4,Atta_4,1497.9,416.0,244.1,-32.0,4.4,,,,
55.828,5,Atta_5,581.9,340.0,221.6,73.3,0.5,,,,
55.828,6,Atta_6,1782.8,2258.5,77.8,-37.6,-2.0,,,,
55.828,7,Atta_7,325.1,143.8,347.5,-76.4,-2.6,,,,
55.828,8,Atta_8,1566.5,2176.2,256.1,-45.5,4.9,,,,
55.828,9,Atta_9,173.3,1247.5,153.4,-90.7,-1.8,,,,
55.828,10,Atta_10,389.1,619.0,245.6,-38.3,6.9,,,,
55.879,1,Atta_1,150.8,1445.4,328.9,122.1,-2.0,,,,
55.879,2,Atta_2,957.7,202.2,15.8,-27.1,0.8,,,,
55.879,3,Atta_3,518.6,2215.5,38.3,-25.7,-0.4,,,,
55.879,4,Atta_4,1436.2,389.9,242.6,67.0,-1.5,,,,
55.879,5,Atta_5,602.9,328.5,224.2,-23.9,2.6,,,,
55.879,6,Atta_6,1789.3,2189.3,78.1,-69.5,0.3,,,,
55.879,7,Atta_7,357.0,101.4,348.4,53.1,0.9,,,,
55.879,8,Atta_8,1678.9,2153.0,248.0,-114.8,-8.1,,,,
55.879,9,Atta_9,173.8,1370.2,157.7,122.7,4.3,,,,
55.879,10,Atta_10,445.4,621.6,253.4,-56.4,7.8,,,,
55.947,1,Atta_1,185.5,1536.7,328.6,-97.7,-0.3,,,,
55.947,2,Atta_2,998.3,180.4,13.7,46.1,-2.1,,,,
55.947,3,Atta_3,563.7,2217.9,38.5,45.2,0.2,,,,
55.947,4,Atta_4,1431.4,406.2,242.6,-17.0,0.0,,,,
55.947,5,Atta_5,552.3,283.3,220.8,67.8,-3.4,,,,
55.947,6,Atta_6,1823.8,2120.8,82.3,-76.7,4.2,,,,
55.947,7,Atta_7,403.4,172.9,350.9,85.2,2.5,,,,
55.947,8,Atta_8,1592.0,2121.1,246.6,92.6,-1.4,,,,
55.947,9,Atta_9,169.3,1271.6,153.0,-98.7,-4.7,,,,
55.947,10,Atta_10,378.3,605.1,255.7,69.1,2.3,,,,
55.999,1,Atta_1,157.4,1476.4,330.9,66.5,2.3,,,,
55.999,2,Atta_2,967.7,167.9,15.1,-33.1,1.4,,,,
55.999,3,Atta_3,550.1,2207.7,38.2,-17.0,-0.3,,,,
55.999,4,Atta_4,1425.7,324.2,241.1,82.2,-1.5,,,,
55.999,5,Atta_5,540.1,354.2,220.2,-71.9,-0.6,,,,
55.999,6,Atta_6,1821.2,2235.9,80.3,115.1,-2.0,,,,
55.999,7,Atta_7,367.6,158.6,351.5,-38.6,0.6,,,,
55.999,8,Atta_8,1618.4,2197.9,247.0,-81.2,0.4,,,,
55.999,9,Atta_9,171.6,1236.8,148.1,-34.9,-4.9,,,,
55.999,10,Atta_10,352.9,630.8,260.8,-36.1,5.1,,,,
56.069,1,Atta_1,201.0,1500.2,331.0,49.7,0.1,,,,
56.069,2,Atta_2,957.2,212.4,13.4,45.7,-1.7,,,,
56.069,3,Atta_3,585.0,2227.7,40.7,40.2,2.5,,,,
56.069,4,Atta_4,1410.9,393.9,242.4,-71.3,1.3,,,,
56.069,5,Atta_5,524.5,307.8,222.3,49.0,2.1,,,,
56.069,7,Atta_7,346.1,166.3,351.7,-22.8,0.2,,,,
56.069,8,Atta_8,1560.9,2184.4,247.3,59.1,0.3,,,,
56.069,9,Atta_9,207.3,1296.2,141.3,69.3,-6.8,,,,
56.069,10,Atta_10,331.2,588.6,263.9,47.5,3.1,,,,
56.134,1,Atta_1,142.2,1521.2,331.9,-62.4,0.9,,,,
56.134,2,Atta_2,984.1,221.7,11.1,28.5,-2.3,,,,
56.134,3,Atta_3,595.1,2238.8,37.3,15.0,-3.4,,,,
56.134,4,Atta_4,1409.0,352.6,241.4,41.3,-1.0,,,,
56.134,5,Atta_5,580.1,328.2,218.3,-59.2,-4.0,,,,
56.134,6,Atta_6,1769.2,2170.1,78.4,-83.9,-1.9,,,,
56.134,7,Atta_7,360.5,204.6,349.1,40.9,-2.6,,,,
56.134,8,Atta_8,1585.8,2156.3,249.4,37.5,2.1,,,,
56.134,9,Atta_9,127.8,1277.1,142.8,81.8,1.5,,,,
56.134,10,Atta_10,382.9,612.0,264.4,-56.7,0.5,,,,
56.203,1,Atta_1,203.9,1472.1,329.7,78.9,-2.2,,,,
56.203,2,Atta_2,1002.2,256.7,20.0,39.4,8.9,,,,
56.203,3,Atta_3,588.9,2256.7,38.1,18.9,0.8,,,,
56.203,4,Atta_4,1398.7,301.4,240.6,52.2,-0.8,,,,
56.203,5,Atta_5,546.9,327.4,218.3,33.2,0.0,,,,
56.203,6,Atta_6,1779.9,2261.2,74.9,91.7,-3.5,,,,
56.203,7,Atta_7,413.4,154.0,350.0,73.2,0.9,,,,
56.203,8,Atta_8,1626.2,2204.0,247.5,-62.5,-1.9,,,,
56.203,9,Atta_9,143.5,1265.7,133.1,-19.4,-9.7,,,,
56.203,10,Atta_10,398.0,604.0,274.0,17.1,9.6,,,,
56.272,1,Atta_1,186.2,1519.7,333.3,-50.8,3.6,,,,
56.272,2,Atta_2,1021.5,248.6,26.3,20.9,6.3,,,,
56.272,3,Atta_3,588.4,2285.3,36.1,28.6,-2.0,,,,
56.272,4,Atta_4,1414.0,310.4,242.7,-17.8,2.1,,,,
56.272,5,Atta_5,613.6,285.5,221.9,-78.8,3.6,,,,
56.272,6,Atta_6,1813.5,2191.4,79.0,-77.5,4.1,,,,
56.272,7,Atta_7,403.0,158.4,351.9,-11.3,1.9,,,,
56.272,8,Atta_8,1586.7,2254.7,248.7,-64.3,1.2,,,,
56.272,9,Atta_9,169.7,1259.5,132.8,-26.9,-0.3,,,,
56.272,10,Atta_10,430.5,605.5,277.0,32.5,3.0,,,,
56.322,1,Atta_1,241.1,1499.4,328.7,58.5,-4.6,,,,
56.322,2,Atta_2,951.5,239.3,27.5,-70.6,1.2,,,,
56.322,3,Atta_3,605.4,2293.9,39.9,19.1,3.8,,,,
56.322,4,Atta_4,1410.8,321.0,241.6,-11.1,-1.1,,,,
56.322,5,Atta_5,529.3,333.3,220.2,96.9,-1.7,,,,
56.322,6,Atta_6,1802.2,2271.1,80.2,80.5,1.2,,,,
56.322,7,Atta_7,456.0,202.1,352.8,68.7,0.9,,,,
56.322,8,Atta_8,1614.6,2172.2,246.8,87.1,-1.9,,,,
56.322,9,Atta_9,202.2,1327.5,125.6,75.4,-7.2,,,,
56.322,10,Atta_10,422.4,631.1,279.0,-26.9,2.0,,,,
56.392,1,Atta_1,282.8,1482.3,335.9,45.1,7.2,,,,
56.392,2,Atta_2,954.4,233.2,33.1,-6.8,5.6,,,,
56.392,3,Atta_3,622.0,2261.9,37.0,-36.0,-2.9,,,,
56.392,4,Atta_4,1380.9,301.5,243.9,35.7,2.3,,,,
56.392,5,Atta_5,518.1,238.1,219.9,95.9,-0.3,,,,
56.392,6,Atta_6,1876.2,2246.2,80.3,-78.1,0.1,,,,
56.392,7,Atta_7,451.6,161.6,346.8,40.7,-6.0,,,,
56.392,8,Atta_8,1637.1,2251.2,248.2,-82.1,1.4,,,,
56.392,9,Atta_9,172.1,1319.9,122.0,31.0,-3.6,,,,
56.392,10,Atta_10,422.9,576.7,286.0,54.4,7.0,,,,
56.461,1,Atta_1,202.5,1497.1,331.2,-81.7,-4.7,,,,
56.461,2,Atta_2,1032.4,211.2,41.4,81.0,8.3,,,,
56.461,3,Atta_3,621.5,2320.9,36.9,59.0,-0.1,,,,
56.461,4,Atta_4,1385.3,299.0,241.6,5.1,-2.3,,,,
56.461,5,Atta_5,489.0,272.4,219.9,45.0,0.0,,,,
56.461,6,Atta_6,1860.4,2279.1,78.2,36.5,-2.1,,,,
56.461,7,Atta_7,416.4,138.9,349.5,-41.9,2.7,,,,
56.461,8,Atta_8,1637.7,2235.1,246.4,16.1,-1.8,,,,
56.461,9,Atta_9,159.0,1270.6,115.4,-51.0,-6.6,,,,
56.461,10,Atta_10,428.3,641.1,291.7,-64.6,5.7,,,,
56.527,1,Atta_1,256.5,1440.1,332.2,78.5,1.0,,,,
56.527,2,Atta_2,991.8,193.9,44.3,-44.1,2.9,,,,
56.527,3,Atta_3,577.3,2301.9,36.7,-48.1,-0.2,,,,
56.527,4,Atta_4,1414.4,239.8,240.0,66.0,-1.6,,,,
56.527,5,Atta_5,441.0,230.9,219.1,63.5,-0.8,,,,
56.527,6,Atta_6,1755.5,2302.6,78.0,107.5,-0.2,,,,
56.527,7,Atta_7,484.2,131.0,349.5,68.3,0.0,,,,
56.527,8,Atta_8,1589.1,2241.0,248.7,49.0,2.3,,,,
56.527,9,Atta_9,190.3,1257.7,109.7,-33.9,-5.7,,,,
56.527,10,Atta_10,416.1,643.7,296.7,-12.5,5.0,,,,
56.593,1,Atta_1,257.6,1475.0,330.6,-34.9,-1.6,,,,
56.593,2,Atta_2,945.9,220.7,46.4,-53.2,2.1,,,,
56.593,3,Atta_3,640.1,2316.5,38.7,64.5,2.0,,,,
56.593,4,Atta_4,1384.8,252.5,241.0,32.2,1.0,,,,
56.593,5,Atta_5,513.5,264.0,225.8,-79.7,6.7,,,,
56.593,6,Atta_6,1828.5,2326.4,78.1,76.8,0.1,,,,
56.593,7,Atta_7,470.4,181.6,348.5,-52.4,-1.0,,,,
56.593,8,Atta_8,1616.9,2292.0,247.1,-58.1,-1.6,,,,
56.593,9,Atta_9,184.2,1327.8,106.5,70.4,-3.2,,,,
56.593,10,Atta_10,385.5,579.2,299.7,71.4,3.0,,,,
56.662,1,Atta_1,253.2,1459.8,337.0,15.8,6.4,,,,
56.662,2,Atta_2,951.0,225.7,44.5,7.1,-1.9,,,,
56.662,3,Atta_3,606.2,2251.1,38.0,-73.7,-0.7,,,,
56.662,4,Atta_4,1386.3,318.4,239.9,-65.9,-1.1,,,,
56.662,5,Atta_5,475.6,289.5,221.8,45.7,-4.0,,,,
56.662,6,Atta_6,1818.8,2331.3,83.4,10.9,5.3,,,,
56.662,7,Atta_7,497.4,141.9,349.4,48.0,0.9,,,,
56.662,8,Atta_8,1594.3,2269.9,245.5,31.6,-1.6,,,,
56.662,9,Atta_9,156.6,1371.7,103.4,51.9,-3.1,,,,
56.662,10,Atta_10,362.3,572.6,302.9,-24.1,3.2,,,,
56.727,1,Atta_1,233.3,1435.4,339.5,-31.5,2.5,,,,
56.727,2,Atta_2,1017.9,229.9,42.0,67.0,-2.5,,,,
56.727,3,Atta_3,635.7,2337.3,36.7,91.1,-1.3,,,,
56.727,4,Atta_4,1420.2,267.4,242.9,61.2,3.0,,,,
56.727,5,Atta_5,509.4,351.7,225.4,-70.8,3.6,,,,
56.727,6,Atta_6,1864.3,2326.3,77.9,45.8,-5.5,,,,
56.727,7,Atta_7,414.6,177.8,348.9,-90.2,-0.5,,,,
56.727,8,Atta_8,1642.4,2309.3,251.6,-62.2,6.1,,,,
56.727,9,Atta_9,170.1,1297.8,97.7,-75.1,-5.7,,,,
56.727,10,Atta_10,408.4,614.0,309.7,-62.0,6.8,,,,
56.793,1,Atta_1,250.4,1473.9,346.1,42.1,6.6,,,,
56.793,2,Atta_2,1062.8,184.7,44.8,63.7,2.8,,,,
56.793,3,Atta_3,691.9,2295.7,40.0,69.9,3.3,,,,
56.793,4,Atta_4,1306.9,237.4,245.8,117.2,2.9,,,,
56.793,5,Atta_5,498.9,311.3,224.5,41.7,-0.9,,,,
56.793,6,Atta_6,1820.1,2266.0,76.6,-74.8,-1.3,,,,
56.793,7,Atta_7,494.0,200.8,339.6,82.7,-9.3,,,,
56.793,8,Atta_8,1667.4,2345.5,255.5,-44.0,3.9,,,,
56.793,9,Atta_9,223.3,1247.3,97.7,-73.4,0.0,,,,
56.793,10,Atta_10,372.7,617.4,315.1,-35.9,5.4,,,,
56.859,1,Atta_1,222.2,1460.8,349.5,-31.1,3.4,,,,
56.859,2,Atta_2,996.0,155.9,38.7,-72.7,-6.1,,,,
56.859,3,Atta_3,638.7,2304.7,34.1,-54.0,-5.9,,,,
56.859,4,Atta_4,1351.5,271.3,244.1,-56.0,-1.7,,,,
56.859,5,Atta_5,520.7,281.1,225.2,37.2,0.7,,,,
56.859,6,Atta_6,1780.0,2312.9,70.9,61.7,-5.7,,,,
56.859,7,Atta_7,452.1,169.3,340.3,-52.4,0.7,,,,
56.859,8,Atta_8,1611.2,2282.2,262.2,84.6,6.7,,,,
56.859,9,Atta_9,117.6,1322.1,93.6,129.5,-4.1,,,,
56.859,10,Atta_10,373.9,552.3,315.2,65.1,0.1,,,,
56.991,1,Atta_1,305.8,1411.2,355.9,97.2,6.4,,,,
56.991,2,Atta_2,1031.6,186.4,42.4,46.9,3.7,,,,
56.991,3,Atta_3,673.2,2356.1,42.0,61.9,7.9,,,,
56.991,4,Atta_4,1330.4,242.3,243.4,35.9,-0.7,,,,
56.991,5,Atta_5,547.7,338.5,223.3,-63.4,-1.9,,,,
56.991,6,Atta_6,1836.6,2347.1,68.5,66.1,-2.4,,,,
56.991,7,Atta_7,501.7,132.5,330.9,61.8,-9.4,,,,
56.991,8,Atta_8,1635.0,2325.9,265.0,-49.8,2.8,,,,
56.991,9,Atta_9,157.4,1301.2,95.2,-45.0,1.6,,,,
56.991,10,Atta_10,419.5,637.4,322.3,-96.5,7.1,,,,
57.06,1,Atta_1,237.8,1443.5,356.2,-75.3,0.3,,,,
57.06,2,Atta_2,973.0,194.8,43.8,-59.2,1.4,,,,
57.06,3,Atta_3,719.3,2324.2,37.4,56.1,-4.6,,,,
57.06,4,Atta_4,1399.2,184.2,241.3,90.1,-2.1,,,,
57.06,5,Atta_5,581.3,300.1,222.0,51.0,-1.3,,,,
57.06,6,Atta_6,1847.6,2323.9,64.1,-25.7,-4.4,,,,
57.06,7,Atta_7,452.6,177.8,330.2,-66.8,-0.7,,,,
57.06,8,Atta_8,1669.9,2303.7,272.9,41.4,7.9,,,,
57.06,9,Atta_9,145.2,1382.9,92.0,82.6,-3.2,,,,
57.06,10,Atta_10,422.5,581.5,327.8,56.0,5.5,,,,
57.131,1,Atta_1,249.0,1469.3,11.0,28.1,14.8,,,,
57.131,2,Atta_2,994.1,236.2,46.5,46.5,2.7,,,,
57.131,3,Atta_3,705.7,2368.8,36.6,46.6,-0.8,,,,
57.131,4,Atta_4,1346.2,220.2,240.7,-64.1,-0.6,,,,
57.131,5,Atta_5,611.9,342.6,212.4,-52.4,-9.6,,,,
57.131,6,Atta_6,1916.1,2311.0,57.8,69.7,-6.3,,,,
57.131,7,Atta_7,493.5,166.9,319.5,42.3,-10.7,,,,
57.131,8,Atta_8,1669.1,2351.6,281.4,-47.9,8.5,,,,
57.131,9,Atta_9,188.1,1295.8,92.2,-97.1,0.2,,,,
57.131,10,Atta_10,406.6,611.2,337.1,-33.7,9.3,,,,
57.249,1,Atta_1,264.9,1432.7,8.6,39.9,-2.4,,,,
57.249,2,Atta_2,1025.9,226.3,43.6,33.3,-2.9,,,,
57.249,3,Atta_3,716.1,2383.3,36.0,17.8,-0.6,,,,
57.249,4,Atta_4,1331.7,189.1,244.4,34.3,3.7,,,,
57.249,5,Atta_5,544.7,313.4,206.8,73.3,-5.6,,,,
57.249,6,Atta_6,1800.8,2337.4,49.9,-118.3,-7.9,,,,
57.249,7,Atta_7,446.9,133.1,315.3,-57.6,-4.2,,,,
57.249,8,Atta_8,1620.3,2298.8,285.2,71.9,3.8,,,,
57.249,9,Atta_9,118.5,1344.1,96.7,84.7,4.5,,,,
57.249,10,Atta_10,374.8,551.2,342.2,-67.9,5.1,,,,
57.3,1,Atta_1,262.8,1441.5,15.7,-9.0,7.1,,,,
57.3,2,Atta_2,1021.6,222.0,45.3,-6.1,1.7,,,,
57.3,3,Atta_3,737.0,2394.1,37.8,23.5,1.8,,,,
57.3,4,Atta_4,1341.4,170.3,244.2,21.2,-0.2,,,,
57.3,5,Atta_5,604.2,305.3,204.2,-60.0,-2.6,,,,
57.3,6,Atta_6,1837.0,2359.1,44.2,42.2,-5.7,,,,
57.3,7,Atta_7,455.0,195.9,312.3,-63.3,-3.0,,,,
57.3,8,Atta_8,1663.8,2248.0,286.8,66.9,1.6,,,,
57.3,9,Atta_9,120.5,1289.2,93.1,-54.9,-3.6,,,,
57.3,10,Atta_10,358.9,598.5,341.4,-49.9,-0.8,,,,
57.371,1,Atta_1,254.2,1429.3,22.3,-14.9,6.6,,,,
57.371,2,Atta_2,1088.4,313.3,43.2,113.1,-2.1,,,,
57.371,3,Atta_3,687.8,2386.5,36.2,-49.8,-1.6,,,,
57.371,4,Atta_4,1314.9,174.1,242.0,26.8,-2.2,,,,
57.371,5,Atta_5,575.2,261.1,200.2,52.9,-4.0,,,,
57.371,6,Atta_6,1787.5,2372.5,41.5,-51.3,-2.7,,,,
57.371,7,Atta_7,459.2,151.1,305.4,45.0,-6.9,,,,
57.371,8,Atta_8,1621.4,2350.6,295.6,-111.0,8.8,,,,
57.371,9,Atta_9,152.5,1353.3,90.5,71.6,-2.6,,,,
57.371,10,Atta_10,379.1,558.1,351.5,45.2,10.1,,,,
57.425,1,Atta_1,277.8,1473.6,26.6,50.2,4.3,,,,
57.425,2,Atta_2,1027.6,285.2,37.9,-67.0,-5.3,,,,
57.425,3,Atta_3,772.4,2332.2,35.8,100.5,-0.4,,,,
57.425,4,Atta_4,1331.5,136.2,241.0,41.4,-1.0,,,,
57.425,5,Atta_5,566.5,296.0,195.5,-36.0,-4.7,,,,
57.425,6,Atta_6,1858.5,2325.3,36.6,85.3,-4.9,,,,
57.425,7,Atta_7,480.4,149.6,305.1,21.3,-0.3,,,,
57.425,8,Atta_8,1632.1,2341.0,298.1,14.4,2.5,,,,
57.425,9,Atta_9,155.2,1377.5,94.6,24.4,4.1,,,,
57.425,10,Atta_10,424.3,577.1,349.3,49.0,-2.2,,,,
57.491,1,Atta_1,287.9,1514.1,27.2,41.7,0.6,,,,
57.491,2,Atta_2,1098.4,232.6,38.8,88.2,0.9,,,,
57.491,3,Atta_3,804.3,2391.9,39.0,67.7,3.2,,,,
57.491,4,Atta_4,1327.2,170.4,244.5,-34.5,3.5,,,,
57.491,5,Atta_5,534.3,272.9,190.3,39.6,-5.2,,,,
57.491,6,Atta_6,1838.5,2339.8,36.4,-24.7,-0.2,,,,
57.491,7,Atta_7,504.7,106.9,298.5,49.1,-6.6,,,,
57.491,8,Atta_8,1665.3,2277.5,304.5,71.7,6.4,,,,
57.491,9,Atta_9,172.6,1392.3,94.8,22.8,0.2,,,,
57.491,10,Atta_10,402.7,598.8,358.0,-30.6,8.7,,,,
57.56,1,Atta_1,298.0,1469.5,32.2,-45.7,5.0,,,,
57.56,2,Atta_2,1082.2,304.1,44.9,73.3,6.1,,,,
57.56,3,Atta_3,724.0,2367.5,34.0,-83.9,-5.0,,,,
57.56,4,Atta_4,1285.5,94.2,241.5,86.9,-3.0,,,,
57.56,5,Atta_5,532.2,297.0,185.6,-24.2,-4.7,,,,
57.56,6,Atta_6,1869.4,2341.0,32.7,30.9,-3.7,,,,
57.56,7,Atta_7,532.4,144.8,294.3,-46.9,-4.2,,,,
57.56,8,Atta_8,1694.3,2285.6,311.6,30.1,7.1,,,,
57.56,9,Atta_9,129.9,1351.8,92.2,-58.9,-2.6,,,,
57.56,10,Atta_10,398.3,570.8,359.9,-28.3,1.9,,,,
57.626,1,Atta_1,280.2,1427.9,40.8,-45.2,8.6,,,,
57.626,2,Atta_2,1117.5,319.0,42.8,38.3,-2.1,,,,
57.626,3,Atta_3,740.2,2423.2,39.6,58.0,5.6,,,,
57.626,4,Atta_4,1304.4,134.4,244.5,-44.4,3.0,,,,
57.626,5,Atta_5,556.5,327.4,184.8,-38.9,-0.8,,,,
57.626,6,Atta_6,1860.7,2336.6,37.1,-9.7,4.4,,,,
57.626,7,Atta_7,473.6,123.5,290.2,-62.5,-4.1,,,,
57.626,8,Atta_8,1649.9,2268.9,311.4,-47.4,-0.2,,,,
57.626,9,Atta_9,169.6,1366.2,94.4,42.2,2.2,,,,
57.626,10,Atta_10,426.5,594.0,6.1,36.5,6.2,,,,
57.695,1,Atta_1,249.3,1425.4,44.1,-31.0,3.3,,,,
57.695,2,Atta_2,1090.5,301.3,45.6,-32.3,2.8,,,,
57.695,3,Atta_3,762.1,2411.1,39.3,25.0,-0.3,,,,
57.695,4,Atta_4,1317.5,143.8,245.6,-16.1,1.1,,,,
57.695,5,Atta_5,586.0,293.9,177.8,-44.6,-7.0,,,,
57.695,6,Atta_6,1851.5,2322.7,33.8,-16.7,-3.3,,,,
57.695,7,Atta_7,502.4,147.4,286.9,-37.4,-3.3,,,,
57.695,8,Atta_8,1654.4,2228.2,316.6,40.9,5.2,,,,
57.695,9,Atta_9,155.4,1360.1,94.0,-15.5,-0.4,,,,
57.695,10,Atta_10,412.5,617.8,8.2,-27.6,2.1,,,,
57.764,1,Atta_1,196.3,1486.1,45.9,80.6,1.8,,,,
57.764,2,Atta_2,1027.0,347.1,43.7,-78.3,-1.9,,,,
57.764,3,Atta_3,729.6,2388.6,37.6,-39.5,-1.7,,,,
57.764,4,Atta_4,1345.0,65.5,244.3,83.0,-1.3,,,,
57.764,5,Atta_5,545.9,267.7,171.2,47.9,-6.6,,,,
57.764,6,Atta_6,1836.5,2358.9,39.7,39.2,5.9,,,,
57.764,7,Atta_7,462.7,203.1,280.3,-68.4,-6.6,,,,
57.764,8,Atta_8,1609.3,2280.9,322.6,-69.4,6.0,,,,
57.764,9,Atta_9,137.0,1429.2,95.2,71.5,1.2,,,,
57.764,10,Atta_10,372.3,617.2,15.5,-40.2,7.3,,,,
57.833,1,Atta_1,293.2,1479.0,56.1,97.2,10.2,,,,
57.833,2,Atta_2,1147.4,363.6,41.4,121.5,-2.3,,,,
57.833,3,Atta_3,754.0,2440.5,41.0,57.3,3.4,,,,
57.833,4,Atta_4,1263.5,156.5,242.5,-122.2,-1.8,,,,
57.833,5,Atta_5,557.2,333.8,169.9,-67.1,-1.3,,,,
57.833,6,Atta_6,1857.3,2320.3,36.7,-43.8,-3.0,,,,
57.833,7,Atta_7,473.0,139.4,275.3,64.5,-5.0,,,,
57.833,8,Atta_8,1656.3,2285.4,322.7,47.2,0.1,,,,
57.833,9,Atta_9,124.9,1399.9,90.2,-31.7,-5.0,,,,
57.833,10,Atta_10,381.5,583.0,21.4,-35.4,5.9,,,,
57.9,1,Atta_1,220.1,1473.7,57.3,-73.3,1.2,,,,
57.9,2,Atta_2,1124.6,330.7,40.6,-40.0,-0.8,,,,
57.9,3,Atta_3,812.9,2472.2,38.5,66.9,-2.5,,,,
57.9,4,Atta_4,1301.7,85.3,241.3,80.8,-1.2,,,,
57.9,5,Atta_5,605.6,299.3,170.6,-59.4,0.7,,,,
57.9,6,Atta_6,1837.1,2365.3,40.0,49.3,3.3,,,,
57.9,7,Atta_7,475.9,132.7,271.8,7.3,-3.5,,,,
57.9,8,Atta_8,1655.3,2301.2,328.8,-15.8,6.1,,,,
57.9,9,Atta_9,178.1,1405.1,96.5,53.5,6.3,,,,
57.9,10,Atta_10,384.0,630.8,27.4,47.9,6.0,,,,
57.972,1,Atta_1,294.8,1458.8,57.9,76.2,0.6,,,,
57.972,2,Atta_2,1080.9,298.0,42.5,-54.6,1.9,,,,
57.972,3,Atta_3,791.6,2425.8,35.6,-51.1,-2.9,,,,
57.972,4,Atta_4,1295.7,82.5,235.9,6.6,-5.4,,,,
57.972,5,Atta_5,557.8,284.9,167.6,49.9,-3.0,,,,
57.972,6,Atta_6,1870.1,2368.9,38.4,33.2,-1.6,,,,
57.972,7,Atta_7,478.0,174.7,267.5,-42.1,-4.3,,,,
57.972,8,Atta_8,1633.0,2278.5,334.1,-31.8,5.3,,,,
57.972,9,Atta_9,147.4,1362.6,101.2,-52.4,4.7,,,,
57.972,10,Atta_10,363.8,622.7,26.1,-21.8,-1.3,,,,
58.093,1,Atta_1,252.3,1455.3,58.1,-42.6,0.2,,,,
58.093,2,Atta_2,1117.3,325.5,39.1,45.6,-3.4,,,,
58.093,3,Atta_3,798.0,2427.6,40.0,6.6,4.4,,,,
58.093,4,Atta_4,1324.3,138.7,238.2,-63.1,2.3,,,,
58.093,5,Atta_5,577.6,298.5,164.5,-24.0,-3.1,,,,
58.093,6,Atta_6,1889.7,2352.9,35.9,25.3,-2.5,,,,
58.093,7,Atta_7,499.3,160.2,260.5,25.8,-7.0,,,,
58.093,8,Atta_8,1628.5,2299.6,336.3,-21.6,2.2,,,,
58.093,9,Atta_9,158.5,1440.4,112.5,78.6,11.3,,,,
58.093,10,Atta_10,380.5,585.5,34.3,-40.8,8.2,,,,
58.211,1,Atta_1,284.1,1467.7,58.5,34.1,0.4,,,,
58.211,2,Atta_2,1172.4,374.2,42.5,73.5,3.4,,,,
58.211,3,Atta_3,847.5,2469.4,38.5,64.8,-1.5,,,,
58.211,5,Atta_5,558.6,314.6,165.5,24.9,1.0,,,,
58.211,6,Atta_6,1944.0,2366.4,35.9,56.0,0.0,,,,
58.211,7,Atta_7,564.1,158.8,261.1,-64.8,0.6,,,,
58.211,8,Atta_8,1625.7,2297.6,344.2,-3.4,7.9,,,,
58.211,9,Atta_9,162.3,1422.2,115.8,-18.6,3.3,,,,
58.211,10,Atta_10,300.3,631.2,34.8,-92.3,0.5,,,,
58.28,1,Atta_1,249.2,1488.0,61.3,-40.4,2.8,,,,
58.28,2,Atta_2,1116.3,386.2,43.3,-57.4,0.8,,,,
58.28,3,Atta_3,836.7,2542.4,38.4,73.8,-0.1,,,,
58.28,4,Atta_4,1292.2,140.0,236.5,32.1,-1.7,,,,
58.28,5,Atta_5,593.4,347.0,167.5,-47.5,2.0,,,,
58.28,6,Atta_6,1888.3,2372.3,36.7,-56.0,0.8,,,,
58.28,7,Atta_7,481.1,114.6,264.8,94.0,3.7,,,,
58.28,8,Atta_8,1684.7,2262.0,343.9,68.9,-0.3,,,,
58.28,9,Atta_9,98.9,1447.0,117.6,68.1,1.8,,,,
58.28,10,Atta_10,434.4,617.0,36.0,134.8,1.2,,,,
58.349,1,Atta_1,298.3,1467.4,59.2,53.2,-2.1,,,,
58.349,2,Atta_2,1130.6,359.6,44.5,-30.2,1.2,,,,
58.349,3,Atta_3,852.8,2445.5,39.3,-98.2,0.9,,,,
58.349,4,Atta_4,1265.8,148.0,235.1,27.6,-1.4,,,,
58.349,5,Atta_5,485.1,327.1,168.7,110.1,1.2,,,,
58.349,6,Atta_6,1909.1,2352.5,35.6,28.7,-1.1,,,,
58.349,7,Atta_7,452.2,102.6,260.9,31.3,-3.9,,,,
58.349,8,Atta_8,1656.4,2294.7,335.0,-43.2,-8.9,,,,
58.349,9,Atta_9,155.0,1405.6,125.0,-69.7,7.4,,,,
58.349,10,Atta_10,406.4,570.3,36.3,-54.5,0.3,,,,
58.419,1,Atta_1,229.7,1477.7,58.3,-69.4,-0.9,,,,
58.419,2,Atta_2,1220.0,394.4,42.1,95.9,-2.4,,,,
58.419,3,Atta_3,848.1,2463.5,38.0,18.6,-1.3,,,,
58.419,4,Atta_4,1317.7,223.1,229.0,-91.3,-6.1,,,,
58.419,5,Atta_5,529.7,280.5,166.1,-64.5,-2.6,,,,
58.419,6,Atta_6,1855.3,2377.7,34.7,-59.4,-0.9,,,,
58.419,7,Atta_7,478.0,136.0,266.4,-42.2,5.5,,,,
58.419,8,Atta_8,1649.1,2259.2,339.3,36.2,4.3,,,,
58.419,9,Atta_9,205.0,1373.2,132.7,-59.6,7.7,,,,
58.419,10,Atta_10,390.7,647.4,34.0,78.7,-2.3,,,,
58.488,1,Atta_1,293.4,1516.9,62.2,74.8,3.9,,,,
58.488,2,Atta_2,1207.5,430.4,42.1,38.1,0.0,,,,
58.488,3,Atta_3,851.3,2497.6,39.7,34.2,1.7,,,,
58.488,4,Atta_4,1274.4,112.3,228.3,119.0,-0.7,,,,
58.488,5,Atta_5,532.6,353.8,168.9,73.4,2.8,,,,
58.488,6,Atta_6,1925.2,2429.1,39.3,86.8,4.6,,,,
58.488,7,Atta_7,429.4,102.5,272.4,59.0,6.0,,,,
58.488,8,Atta_8,1673.2,2250.2,341.4,25.7,2.1,,,,
58.488,9,Atta_9,172.6,1406.3,136.1,46.3,3.4,,,,
58.488,10,Atta_10,410.9,608.8,35.6,-43.6,1.6,,,,
58.628,1,Atta_1,257.7,1510.7,62.1,-36.2,-0.1,,,,
58.628,2,Atta_2,1142.8,437.0,44.8,-65.0,2.7,,,,
58.628,3,Atta_3,835.4,2469.9,34.1,-31.9,-5.6,,,,
58.628,4,Atta_4,1342.9,175.6,220.9,-93.3,-7.4,,,,
58.628,5,Atta_5,452.7,319.2,165.2,87.1,-3.7,,,,
58.628,6,Atta_6,1954.3,2379.7,38.3,-57.3,-1.0,,,,
58.628,7,Atta_7,481.0,168.1,277.6,-83.5,5.2,,,,
58.628,8,Atta_8,1662.7,2244.3,340.2,-12.0,-1.2,,,,
58.628,9,Atta_9,191.4,1383.9,143.7,-29.2,7.6,,,,
58.628,10,Atta_10,353.4,603.9,34.3,-57.7,-1.3,,,,
58.696,1,Atta_1,305.8,1551.9,60.1,63.3,-2.0,,,,
58.696,2,Atta_2,1196.6,419.5,41.4,56.6,-3.4,,,,
58.696,3,Atta_3,877.9,2556.1,36.7,96.1,2.6,,,,
58.696,4,Atta_4,1340.1,105.0,215.8,70.7,-5.1,,,,
58.696,5,Atta_5,501.4,351.2,168.1,-58.3,2.9,,,,
58.696,6,Atta_6,1957.6,2431.8,34.3,52.2,-4.0,,,,
58.696,7,Atta_7,460.7,159.4,289.1,22.1,11.5,,,,
58.696,8,Atta_8,1688.1,2312.8,338.9,73.1,-1.3,,,,
58.696,9,Atta_9,165.1,1410.1,149.8,37.1,6.1,,,,
58.696,10,Atta_10,417.3,676.1,34.0,96.4,-0.3,,,,
58.762,1,Atta_1,300.5,1535.6,64.0,-17.1,3.9,,,,
58.762,2,Atta_2,1310.0,454.2,43.8,118.6,2.4,,,,
58.762,3,Atta_3,931.9,2545.1,34.6,55.1,-2.1,,,,
58.762,4,Atta_4,1290.1,192.6,212.2,-100.9,-3.6,,,,
58.762,5,Atta_5,478.0,376.1,168.0,34.2,-0.1,,,,
58.762,6,Atta_6,1993.2,2440.1,35.5,36.6,1.2,,,,
58.762,7,Atta_7,467.3,161.4,288.0,6.9,-1.1,,,,
58.762,8,Atta_8,1732.4,2289.0,341.1,50.3,2.2,,,,
58.762,9,Atta_9,118.4,1399.2,151.1,48.0,1.3,,,,
58.762,10,Atta_10,484.6,663.8,32.6,68.4,-1.4,,,,
58.892,1,Atta_1,317.2,1601.5,61.3,68.0,-2.7,,,,
58.892,2,Atta_2,1283.5,424.0,40.4,-40.2,-3.4,,,,
58.892,3,Atta_3,900.4,2510.1,35.9,-47.1,1.3,,,,
58.892,4,Atta_4,1372.9,225.4,203.8,-89.1,-8.4,,,,
58.892,5,Atta_5,491.4,354.8,167.9,-25.2,-0.1,,,,
58.892,6,Atta_6,2026.6,2415.0,35.3,41.8,-0.2,,,,
58.892,7,Atta_7,569.6,93.7,296.5,122.7,8.5,,,,
58.892,8,Atta_8,1666.3,2261.5,342.7,-71.6,1.6,,,,
58.892,9,Atta_9,151.2,1405.2,152.8,-33.3,1.7,,,,
58.892,10,Atta_10,425.1,669.1,34.7,-59.7,2.1,,,,
58.958,1,Atta_1,309.6,1532.9,56.2,-69.0,-5.1,,,,
58.958,2,Atta_2,1254.6,480.6,41.6,63.6,1.2,,,,
58.958,3,Atta_3,941.6,2511.4,36.8,41.2,0.9,,,,
58.958,4,Atta_4,1327.3,167.1,198.1,74.0,-5.7,,,,
58.958,5,Atta_5,401.8,362.8,165.4,90.0,-2.5,,,,
58.958,6,Atta_6,1978.0,2447.3,37.5,-58.4,2.2,,,,
58.958,7,Atta_7,486.8,167.3,300.3,-110.8,3.8,,,,
58.958,8,Atta_8,1708.4,2259.0,341.5,42.2,-1.2,,,,
58.958,9,Atta_9,133.7,1417.9,149.6,21.6,-3.2,,,,
58.958,10,Atta_10,459.0,726.8,34.8,66.9,0.1,,,,
59.028,1,Atta_1,321.9,1582.9,61.6,51.5,5.4,,,,
59.028,2,Atta_2,1248.5,488.7,39.9,10.1,-1.7,,,,
59.028,3,Atta_3,912.9,2559.6,36.2,56.1,-0.6,,,,
59.028,4,Atta_4,1343.7,217.8,197.3,-53.3,-0.8,,,,
59.028,5,Atta_5,506.3,366.7,161.7,-104.6,-3.7,,,,
59.028,6,Atta_6,2024.3,2433.5,37.2,48.3,-0.3,,,,
59.028,7,Atta_7,483.9,101.0,304.2,66.4,3.9,,,,
59.028,8,Atta_8,1770.5,2276.5,338.0,64.5,-3.5,,,,
59.028,9,Atta_9,218.0,1427.9,152.3,-84.9,2.7,,,,
59.028,10,Atta_10,536.3,675.5,32.1,92.8,-2.7,,,,
59.098,1,Atta_1,334.8,1584.5,64.7,13.0,3.1,,,,
59.098,2,Atta_2,1281.4,461.8,42.8,42.5,2.9,,,,
59.098,3,Atta_3,973.7,2577.9,37.2,63.5,1.0,,,,
59.098,4,Atta_4,1366.2,165.6,190.6,-56.8,-6.7,,,,
59.098,5,Atta_5,427.2,360.6,158.1,79.3,-3.6,,,,
59.098,6,Atta_6,1955.8,2482.4,32.6,-84.2,-4.6,,,,
59.098,7,Atta_7,449.3,159.3,305.9,-67.8,1.7,,,,
59.098,8,Atta_8,1752.1,2317.6,338.0,-45.0,0.0,,,,
59.098,9,Atta_9,156.5,1448.4,153.8,64.8,1.5,,,,
59.098,10,Atta_10,469.1,629.1,31.1,-81.7,-1.0,,,,
59.164,1,Atta_1,340.9,1638.3,62.7,54.1,-2.0,,,,
59.164,2,Atta_2,1270.9,513.9,43.3,53.1,0.5,,,,
59.164,3,Atta_3,914.0,2563.1,37.3,-61.5,0.1,,,,
59.164,4,Atta_4,1344.6,210.0,184.6,49.4,-6.0,,,,
59.164,5,Atta_5,408.6,344.0,152.4,24.9,-5.7,,,,
59.164,6,Atta_6,2073.5,2396.9,39.2,145.5,6.6,,,,
59.164,7,Atta_7,450.1,117.7,314.5,41.6,8.6,,,,
59.164,8,Atta_8,1689.2,2268.4,339.7,-79.9,1.7,,,,
59.164,9,Atta_9,127.8,1397.5,148.0,58.4,-5.8,,,,
59.164,10,Atta_10,498.3,702.4,35.5,78.9,4.4,,,,
59.233,1,Atta_1,302.1,1607.4,63.0,-49.6,0.3,,,,
59.233,2,Atta_2,1267.8,461.2,42.5,-52.8,-0.8,,,,
59.233,3,Atta_3,949.0,2543.1,37.7,40.3,0.4,,,,
59.233,4,Atta_4,1294.5,166.3,186.1,66.5,1.5,,,,
59.233,5,Atta_5,446.7,385.4,149.1,-56.3,-3.3,,,,
59.233,6,Atta_6,2003.0,2430.1,37.9,-77.9,-1.3,,,,
59.233,7,Atta_7,471.6,187.9,314.6,-73.4,0.1,,,,
59.233,8,Atta_8,1763.2,2251.9,339.4,75.8,-0.3,,,,
59.233,9,Atta_9,161.1,1433.1,149.3,-48.7,1.3,,,,
59.233,10,Atta_10,510.8,663.9,35.5,-40.5,0.0,,,,
59.302,1,Atta_1,308.0,1617.1,65.3,11.4,2.3,,,,
59.302,2,Atta_2,1296.9,475.7,43.2,32.5,0.7,,,,
59.302,3,Atta_3,967.9,2609.0,38.1,68.6,0.4,,,,
59.302,4,Atta_4,1340.7,102.8,179.7,-78.5,-6.4,,,,
59.302,5,Atta_5,485.5,381.3,144.6,-39.0,-4.5,,,,
59.302,6,Atta_6,2054.1,2503.3,39.1,89.3,1.2,,,,
59.302,7,Atta_7,475.5,145.7,322.8,42.4,8.2,,,,
59.302,8,Atta_8,1804.1,2241.4,343.0,42.2,3.6,,,,
59.302,9,Atta_9,70.1,1475.1,151.1,100.2,1.8,,,,
59.302,10,Atta_10,474.9,656.0,37.6,-36.8,2.1,,,,
59.372,1,Atta_1,350.5,1601.0,63.4,45.4,-1.9,,,,
59.372,2,Atta_2,1332.2,508.4,46.1,48.1,2.9,,,,
59.372,3,Atta_3,1016.6,2593.1,38.8,51.2,0.7,,,,
59.372,4,Atta_4,1349.8,139.3,176.6,-37.6,-3.1,,,,
59.372,5,Atta_5,437.1,341.5,139.6,62.7,-5.0,,,,
59.372,6,Atta_6,2042.7,2462.8,38.9,-42.1,-0.2,,,,
59.372,7,Atta_7,470.3,82.9,323.8,63.0,1.0,,,,
59.372,8,Atta_8,1796.5,2241.4,342.3,-7.6,-0.7,,,,
59.372,9,Atta_9,144.8,1477.7,148.1,-74.7,-3.0,,,,
59.372,10,Atta_10,502.1,730.3,34.4,79.1,-3.2,,,,
59.437,1,Atta_1,334.2,1628.1,60.1,31.6,-3.3,,,,
59.437,2,Atta_2,1329.7,489.9,39.6,-18.7,-6.5,,,,
59.437,3,Atta_3,984.7,2566.4,40.3,-41.6,1.5,,,,
59.437,4,Atta_4,1339.0,176.2,178.8,38.4,2.2,,,,
59.437,5,Atta_5,467.9,368.2,133.6,-40.8,-6.0,,,,
59.437,6,Atta_6,2039.2,2455.8,35.9,-7.8,-3.0,,,,
59.437,7,Atta_7,481.5,123.8,330.4,-42.4,6.6,,,,
59.437,8,Atta_8,1807.0,2291.9,342.6,-51.6,0.3,,,,
59.437,9,Atta_9,127.7,1423.1,153.6,-57.2,5.5,,,,
59.437,10,Atta_10,594.3,709.7,38.4,94.5,4.0,,,,
59.505,1,Atta_1,399.8,1595.5,60.2,73.3,0.1,,,,
59.505,2,Atta_2,1314.2,561.2,41.0,73.0,1.4,,,,
59.505,3,Atta_3,1056.1,2595.7,35.2,77.2,-5.1,,,,
59.505,4,Atta_4,1324.6,142.4,181.6,36.7,2.8,,,,
59.505,5,Atta_5,508.8,338.3,133.1,-50.7,-0.5,,,,
59.505,6,Atta_6,2073.9,2533.6,34.9,85.2,-1.0,,,,
59.505,7,Atta_7,552.8,157.1,336.9,78.7,6.5,,,,
59.505,8,Atta_8,1818.5,2282.6,340.5,14.8,-2.1,,,,
59.505,9,Atta_9,117.6,1427.8,152.0,11.1,-1.6,,,,
59.505,10,Atta_10,540.4,755.1,34.1,-70.5,-4.3,,,,
59.574,1,Atta_1,368.5,1671.7,61.4,82.4,1.2,,,,
59.574,2,Atta_2,1331.7,474.7,41.4,-88.3,0.4,,,,
59.574,3,Atta_3,1026.3,2598.4,33.5,-29.9,-1.7,,,,
59.574,4,Atta_4,1321.5,136.9,181.7,6.3,0.1,,,,
59.574,5,Atta_5,401.4,386.7,122.6,117.8,-10.5,,,,
59.574,6,Atta_6,2086.5,2452.8,36.8,-81.8,1.9,,,,
59.574,7,Atta_7,494.4,98.0,338.6,-83.1,1.7,,,,
59.574,8,Atta_8,1784.6,2219.1,341.5,-72.0,1.0,,,,
59.574,9,Atta_9,95.2,1417.2,148.8,24.8,-3.2,,,,
59.574,10,Atta_10,520.0,707.8,34.0,-51.5,-0.1,,,,
59.643,1,Atta_1,384.5,1653.4,62.2,-24.3,0.8,,,,
59.643,2,Atta_2,1330.3,494.0,40.2,19.4,-1.2,,,,
59.643,3,Atta_3,976.2,2590.3,37.9,-50.8,4.4,,,,
59.643,4,Atta_4,1338.6,180.1,180.6,-46.5,-1.1,,,,
59.643,5,Atta_5,418.0,333.8,119.2,-55.4,-3.4,,,,
59.643,6,Atta_6,2090.7,2559.2,34.8,106.5,-2.0,,,,
59.643,7,Atta_7,489.6,192.4,343.1,-94.5,4.5,,,,
59.643,8,Atta_8,1877.9,2205.5,343.1,94.3,1.6,,,,
59.643,9,Atta_9,159.7,1414.9,148.2,-64.5,-0.6,,,,
59.643,10,Atta_10,583.4,731.6,38.8,67.7,4.8,,,,
59.712,1,Atta_1,380.2,1577.7,61.7,-75.8,-0.5,,,,
59.712,2,Atta_2,1309.0,541.4,40.0,52.0,-0.2,,,,
59.712,3,Atta_3,1081.7,2666.3,36.2,130.0,-1.7,,,,
59.712,4,Atta_4,1312.8,191.7,179.6,28.3,-1.0,,,,
59.712,5,Atta_5,467.9,300.4,119.0,-60.0,-0.2,,,,
59.712,6,Atta_6,2123.2,2496.3,38.9,-70.8,4.1,,,,
59.712,7,Atta_7,468.9,149.4,347.0,-47.7,3.9,,,,
59.712,8,Atta_8,1826.2,2200.2,339.2,-52.0,-3.9,,,,
59.712,9,Atta_9,102.2,1408.0,149.6,57.9,1.4,,,,
59.712,10,Atta_10,579.4,782.1,33.5,50.7,-5.3,,,,
59.779,1,Atta_1,385.2,1695.1,65.2,117.5,3.5,,,,
59.779,2,Atta_2,1301.5,505.0,37.3,-37.2,-2.7,,,,
59.779,3,Atta_3,1048.3,2612.7,39.3,-63.2,3.1,,,,
59.779,4,Atta_4,1312.0,141.8,182.6,49.9,3.0,,,,
59.779,5,Atta_5,413.2,294.2,109.5,55.1,-9.5,,,,
59.779,6,Atta_6,2107.1,2544.0,36.2,50.3,-2.7,,,,
59.779,7,Atta_7,499.1,151.3,349.7,30.3,2.7,,,,
59.779,8,Atta_8,1805.8,2190.7,341.6,-22.5,2.4,,,,
59.779,9,Atta_9,132.3,1424.0,149.0,-34.1,-0.6,,,,
59.779,10,Atta_10,598.2,753.0,36.0,-34.6,2.5,,,,
59.83,1,Atta_1,419.3,1679.0,60.9,-37.7,-4.3,,,,
59.83,2,Atta_2,1343.1,521.9,41.3,44.9,4.0,,,,
59.83,3,Atta_3,1063.6,2619.5,39.1,16.7,-0.2,,,,
59.83,4,Atta_4,1323.9,184.4,182.1,-44.2,-0.5,,,,
59.83,5,Atta_5,448.2,360.7,107.6,75.1,-1.9,,,,
59.83,6,Atta_6,2122.3,2533.3,37.7,18.6,1.5,,,,
59.83,7,Atta_7,494.9,150.0,350.2,-4.4,0.5,,,,
59.83,8,Atta_8,1850.6,2203.8,339.5,46.7,-2.1,,,,
59.83,9,Atta_9,143.2,1429.4,147.0,-12.2,-2.0,,,,
59.9,1,Atta_1,333.4,1709.3,62.2,-91.1,1.3,,,,
59.9,2,Atta_2,1317.6,514.5,41.7,-26.6,0.4,,,,
59.9,3,Atta_3,1076.8,2593.7,34.8,-29.0,-4.3,,,,
59.9,4,Atta_4,1267.8,188.2,181.6,56.2,-0.5,,,,
59.9,5,Atta_5,448.9,347.6,105.1,-13.1,-2.5,,,,
59.9,6,Atta_6,2101.7,2612.6,34.8,81.9,-2.9,,,,
59.9,7,Atta_7,430.0,166.1,347.7,-66.9,-2.5,,,,
59.9,8,Atta_8,1904.5,2219.0,342.3,56.0,2.8,,,,
59.9,9,Atta_9,144.0,1400.7,146.8,-28.7,-0.2,,,,
59.9,10,Atta_10,551.6,839.8,35.8,98.5,-0.2,,,,
59.97,1,Atta_1,378.5,1746.5,64.6,58.5,2.4,,,,
59.97,2,Atta_2,1339.4,565.1,43.9,55.1,2.2,,,,
59.97,3,Atta_3,1068.3,2656.8,36.6,63.7,1.8,,,,
59.97,4,Atta_4,1261.1,180.2,179.3,10.4,-2.3,,,,
59.97,5,Atta_5,403.0,357.7,95.6,47.0,-9.5,,,,
59.97,6,Atta_6,2059.3,2553.9,28.0,-72.4,-6.8,,,,
59.97,7,Atta_7,491.9,121.8,349.4,76.1,1.7,,,,
59.97,8,Atta_8,1858.3,2201.1,336.4,-49.5,-5.9,,,,
59.97,9,Atta_9,201.7,1360.2,148.6,-70.5,1.8,,,,
59.97,10,Atta_10,630.3,765.6,36.1,108.2,0.3,,,,
60.022,1,Atta_1,346.0,1661.3,66.5,-91.2,1.9,,,,
60.022,2,Atta_2,1359.9,583.6,43.9,27.6,0.0,,,,
60.022,3,Atta_3,1101.3,2669.9,39.1,35.5,2.5,,,,
60.022,4,Atta_4,1235.4,237.1,180.3,62.4,1.0,,,,
60.022,5,Atta_5,487.4,360.3,94.6,-84.4,-1.0,,,,
60.022,6,Atta_6,2129.5,2580.7,23.8,75.1,-4.2,,,,
60.022,7,Atta_7,454.7,93.9,351.3,-46.5,1.9,,,,
60.022,8,Atta_8,1842.1,2196.7,336.9,-16.8,0.5,,,,
60.022,9,Atta_9,162.1,1509.7,149.8,154.7,1.2,,,,
60.022,10,Atta_10,603.3,770.3,33.0,-27.4,-3.1,,,,
60.094,1,Atta_1,439.8,1775.2,64.6,147.6,-1.9,,,,
60.094,2,Atta_2,1400.9,585.2,39.1,41.0,-4.8,,,,
60.094,3,Atta_3,1105.8,2653.2,38.2,-17.3,-0.9,,,,
60.094,4,Atta_4,1268.6,137.5,183.0,-105.0,2.7,,,,
60.094,5,Atta_5,488.0,370.1,90.0,9.8,-4.6,,,,
60.094,6,Atta_6,2144.1,2537.0,18.2,-46.1,-5.6,,,,
60.094,7,Atta_7,483.0,186.4,347.1,96.7,-4.2,,,,
60.094,8,Atta_8,1839.4,2178.8,334.2,18.1,-2.7,,,,
60.094,9,Atta_9,234.0,1360.7,149.7,-165.4,-0.1,,,,
60.094,10,Atta_10,636.1,818.1,37.0,58.0,4.0,,,,
60.18,1,Atta_1,386.0,1722.9,59.8,-75.0,-4.8,,,,
60.18,2,Atta_2,1406.1,569.3,42.5,-16.7,3.4,,,,
60.18,3,Atta_3,1132.0,2664.1,38.1,28.4,-0.1,,,,
60.18,4,Atta_4,1265.2,152.6,180.9,15.5,-2.1,,,,
60.18,5,Atta_5,455.7,332.4,85.5,-49.6,-4.5,,,,
60.18,6,Atta_6,2067.7,2586.9,14.0,-91.3,-4.2,,,,
60.18,7,Atta_7,507.9,160.0,347.5,36.3,0.4,,,,
60.18,8,Atta_8,1836.1,2233.7,335.4,-55.0,1.2,,,,
60.18,9,Atta_9,170.7,1394.5,148.9,71.8,-0.8,,,,
60.18,10,Atta_10,624.6,798.4,34.1,-22.8,-2.9,,,,
60.248,1,Atta_1,426.9,1812.2,62.5,98.2,2.7,,,,
60.248,2,Atta_2,1464.8,577.8,42.0,59.3,-0.5,,,,
60.248,3,Atta_3,1121.7,2638.4,37.9,-27.7,-0.2,,,,
60.248,4,Atta_4,1211.7,161.0,185.0,54.2,4.1,,,,
60.248,5,Atta_5,461.8,358.6,80.6,26.9,-4.9,,,,
60.248,6,Atta_6,2105.6,2527.7,13.5,70.3,-0.5,,,,
60.248,7,Atta_7,470.1,163.6,352.4,-38.0,4.9,,,,
60.248,8,Atta_8,1793.9,2194.1,336.1,-57.9,0.7,,,,
60.248,9,Atta_9,168.6,1440.1,148.4,45.6,-0.5,,,,
60.248,10,Atta_10,637.7,830.3,34.2,34.5,0.1,,,,
60.314,1,Atta_1,448.9,1747.0,60.2,-68.8,-2.3,,,,
60.314,2,Atta_2,1432.2,599.1,39.4,-38.9,-2.6,,,,
60.314,3,Atta_3,1159.4,2678.3,35.2,54.9,-2.7,,,,
60.314,4,Atta_4,1186.1,143.5,180.1,31.0,-4.9,,,,
60.314,5,Atta_5,376.7,380.4,82.0,87.8,1.4,,,,
60.314,6,Atta_6,2116.1,2586.7,5.9,59.9,-7.6,,,,
60.314,7,Atta_7,537.3,177.1,350.1,68.5,-2.3,,,,
60.314,8,Atta_8,1779.4,2206.3,333.4,-18.9,-2.7,,,,
60.314,9,Atta_9,216.3,1398.7,148.2,-63.2,-0.2,,,,
60.314,10,Atta_10,640.2,786.0,34.0,-44.4,-0.2,,,,
60.385,1,Atta_1,449.0,1827.4,71.7,80.4,11.5,,,,
60.385,2,Atta_2,1422.0,612.5,39.9,16.8,0.5,,,,
60.385,3,Atta_3,1133.8,2661.8,35.5,-30.5,0.3,,,,
60.385,4,Atta_4,1188.9,154.2,180.1,-11.1,0.0,,,,
60.385,5,Atta_5,445.9,359.0,81.0,-72.4,-1.0,,,,
60.385,6,Atta_6,2099.1,2518.2,0.1,-70.6,-5.8,,,,
60.385,7,Atta_7,484.0,148.8,348.5,-60.3,-1.6,,,,
60.385,8,Atta_8,1756.4,2233.9,336.3,-35.9,2.9,,,,
60.385,9,Atta_9,228.0,1382.9,146.9,-19.7,-1.3,,,,
60.385,10,Atta_10,648.9,750.2,30.8,-36.8,-3.2,,,,
60.455,1,Atta_1,468.3,1811.4,63.4,-25.1,-8.3,,,,
60.455,2,Atta_2,1474.5,624.6,42.6,53.9,2.7,,,,
60.455,3,Atta_3,1160.5,2640.9,38.7,33.9,3.2,,,,
60.455,4,Atta_4,1209.5,172.0,184.9,-27.2,4.8,,,,
60.455,5,Atta_5,466.3,320.0,82.5,-44.0,1.5,,,,
60.455,6,Atta_6,2103.2,2538.7,3.5,20.9,3.4,,,,
60.455,7,Atta_7,526.0,148.4,355.1,42.0,6.6,,,,
60.455,8,Atta_8,1834.1,2242.5,332.9,78.2,-3.4,,,,
60.455,9,Atta_9,219.5,1384.4,146.5,8.6,-0.4,,,,
60.455,10,Atta_10,658.9,789.7,33.5,40.7,2.7,,,,
60.507,1,Atta_1,446.1,1786.9,72.7,-33.1,9.3,,,,
60.507,2,Atta_2,1410.8,611.2,42.8,-65.1,0.2,,,,
60.507,3,Atta_3,1162.6,2657.5,42.7,16.7,4.0,,,,
60.507,4,Atta_4,1184.5,188.8,193.4,30.1,8.5,,,,
60.507,5,Atta_5,378.3,282.8,79.6,-95.5,-2.9,,,,
60.507,6,Atta_6,2109.9,2567.8,351.2,29.9,-12.3,,,,
60.507,7,Atta_7,544.7,107.6,348.6,44.9,-6.5,,,,
60.507,8,Atta_8,1832.5,2253.3,331.9,-10.9,-1.0,,,,
60.507,9,Atta_9,206.7,1410.8,139.8,29.3,-6.7,,,,
60.507,10,Atta_10,651.9,863.4,33.6,74.0,0.1,,,,
60.577,1,Atta_1,464.5,1770.3,76.4,-24.8,3.7,,,,
60.577,2,Atta_2,1478.9,583.9,49.2,73.4,6.4,,,,
60.577,3,Atta_3,1156.6,2686.5,37.7,29.6,-5.0,,,,
60.577,4,Atta_4,1192.0,165.1,194.4,-24.9,1.0,,,,
60.577,5,Atta_5,479.5,321.4,78.8,108.3,-0.8,,,,
60.577,6,Atta_6,2120.1,2545.1,348.9,24.9,-2.3,,,,
60.577,7,Atta_7,551.7,127.8,347.8,21.4,-0.8,,,,
60.577,8,Atta_8,1809.6,2257.4,326.4,-23.3,-5.5,,,,
60.577,9,Atta_9,269.5,1381.4,137.2,-69.3,-2.6,,,,
60.577,10,Atta_10,662.2,825.2,33.7,-39.6,0.1,,,,
60.647,1,Atta_1,405.3,1757.9,80.2,-60.5,3.8,,,,
60.647,2,Atta_2,1395.5,617.5,51.2,-89.9,2.0,,,,
60.647,3,Atta_3,1173.1,2699.6,41.5,21.1,3.8,,,,
60.647,4,Atta_4,1228.8,197.7,202.6,-49.2,8.2,,,,
60.647,5,Atta_5,480.0,405.8,81.6,84.4,2.8,,,,
60.647,6,Atta_6,2084.6,2547.8,344.0,-35.6,-4.9,,,,
60.647,7,Atta_7,563.3,67.1,349.7,61.8,1.9,,,,
60.647,8,Atta_8,1779.2,2261.3,321.4,-30.6,-5.0,,,,
60.647,9,Atta_9,243.2,1338.7,133.7,-50.1,-3.5,,,,
60.647,10,Atta_10,747.7,828.8,36.3,85.6,2.6,,,,
60.701,1,Atta_1,475.8,1794.8,83.6,79.6,3.4,,,,
60.701,2,Atta_2,1478.6,657.1,53.9,92.1,2.7,,,,
60.701,3,Atta_3,1120.1,2687.3,42.1,-54.4,0.6,,,,
60.701,4,Atta_4,1251.0,104.7,208.0,95.6,5.4,,,,
60.701,5,Atta_5,469.5,412.6,80.8,12.5,-0.8,,,,
60.701,6,Atta_6,2063.8,2576.6,336.7,-35.5,-7.3,,,,
60.701,7,Atta_7,606.7,94.2,347.1,51.2,-2.6,,,,
60.701,8,Atta_8,1821.8,2266.6,316.7,42.9,-4.7,,,,
60.701,9,Atta_9,202.6,1405.4,123.2,78.1,-10.5,,,,
60.701,10,Atta_10,706.8,853.3,32.9,-47.7,-3.4,,,,
60.77,1,Atta_1,472.1,1767.9,89.1,-27.2,5.5,,,,
60.77,2,Atta_2,1445.7,591.0,59.8,-73.8,5.9,,,,
60.77,3,Atta_3,1124.1,2654.5,41.3,-33.0,-0.8,,,,
60.77,4,Atta_4,1222.1,174.4,208.6,-75.5,0.6,,,,
60.77,5,Atta_5,453.3,408.0,79.5,-16.8,-1.3,,,,
60.77,6,Atta_6,2156.6,2524.4,334.3,106.5,-2.4,,,,
60.77,7,Atta_7,612.4,103.4,346.7,10.8,-0.4,,,,
60.77,8,Atta_8,1734.3,2241.4,312.5,-91.1,-4.2,,,,
60.77,9,Atta_9,200.5,1337.7,119.2,-67.7,-4.0,,,,
60.77,10,Atta_10,704.0,819.9,32.6,-33.5,-0.3,,,,
60.836,1,Atta_1,441.9,1714.5,99.8,-61.3,10.7,,,,
60.836,2,Atta_2,1455.8,589.7,63.6,10.2,3.8,,,,
60.836,3,Atta_3,1163.7,2738.0,38.8,92.4,-2.5,,,,
60.836,4,Atta_4,1180.8,157.5,211.1,44.6,2.5,,,,
60.836,5,Atta_5,427.6,384.9,81.5,-34.6,2.0,,,,
60.836,6,Atta_6,2101.4,2566.2,327.8,-69.2,-6.5,,,,
60.836,7,Atta_7,581.5,149.7,345.8,-55.7,-0.9,,,,
60.836,8,Atta_8,1838.9,2228.9,308.9,105.3,-3.6,,,,
60.836,9,Atta_9,195.9,1325.5,120.4,-13.0,1.2,,,,
60.836,10,Atta_10,764.6,854.8,37.7,69.9,5.1,,,,
60.903,1,Atta_1,423.9,1727.3,101.6,22.1,1.8,,,,
60.903,2,Atta_2,1429.4,605.4,68.2,30.7,4.6,,,,
60.903,3,Atta_3,1136.7,2646.2,39.9,-95.7,1.1,,,,
60.903,4,Atta_4,1190.2,155.0,223.5,-9.7,12.4,,,,
60.903,5,Atta_5,433.0,423.3,75.6,38.8,-5.9,,,,
60.903,6,Atta_6,2097.0,2552.9,326.1,14.0,-1.7,,,,
60.903,7,Atta_7,600.9,80.0,350.0,72.3,4.2,,,,
60.903,8,Atta_8,1833.5,2275.5,304.2,-46.9,-4.7,,,,
60.903,9,Atta_9,201.8,1330.6,113.8,7.8,-6.6,,,,
60.903,10,Atta_10,759.2,823.9,36.1,-31.4,-1.6,,,,
60.958,1,Atta_1,389.9,1749.4,102.4,40.6,0.8,,,,
60.958,2,Atta_2,1441.2,581.2,70.5,-26.9,2.3,,,,
60.958,3,Atta_3,1125.8,2671.8,41.4,27.8,1.5,,,,
60.958,4,Atta_4,1189.0,200.8,223.5,-45.8,0.0,,,,
60.958,5,Atta_5,491.9,466.7,81.2,73.2,5.6,,,,
60.958,6,Atta_6,2083.0,2599.2,322.7,-48.4,-3.4,,,,
60.958,7,Atta_7,626.6,117.4,349.3,45.4,-0.7,,,,
60.958,8,Atta_8,1824.2,2245.7,298.4,31.2,-5.8,,,,
60.958,9,Atta_9,166.7,1319.5,107.1,36.8,-6.7,,,,
60.958,10,Atta_10,698.6,831.6,31.0,-61.1,-5.1,,,,
61.029,1,Atta_1,476.8,1725.4,107.4,-90.2,5.0,,,,
61.029,2,Atta_2,1497.8,634.1,76.4,77.5,5.9,,,,
61.029,3,Atta_3,1078.1,2675.0,41.5,-47.8,0.1,,,,
61.029,4,Atta_4,1245.2,158.7,226.4,-70.2,2.9,,,,
61.029,5,Atta_5,431.0,407.9,80.6,-84.7,-0.6,,,,
61.029,6,Atta_6,2114.2,2528.5,314.6,77.3,-8.1,,,,
61.029,7,Atta_7,610.0,61.0,349.7,-58.8,0.4,,,,
61.029,8,Atta_8,1802.1,2182.4,295.3,67.0,-3.1,,,,
61.029,9,Atta_9,167.9,1382.1,104.9,62.6,-2.2,,,,
61.029,10,Atta_10,761.0,938.4,35.1,123.7,4.1,,,,
61.083,1,Atta_1,416.3,1797.8,113.4,94.4,6.0,,,,
61.083,2,Atta_2,1408.3,595.0,80.5,-97.7,4.1,,,,
61.083,3,Atta_3,1116.9,2689.3,40.6,41.4,-0.9,,,,
61.083,4,Atta_4,1183.4,181.1,232.5,65.7,6.1,,,,
61.083,5,Atta_5,496.4,385.3,78.9,-69.2,-1.7,,,,
61.083,6,Atta_6,2084.8,2531.1,313.3,-29.5,-1.3,,,,
61.083,7,Atta_7,596.8,121.3,347.9,-61.7,-1.8,,,,
61.083,8,Atta_8,1853.6,2222.3,288.7,-65.1,-6.6,,,,
61.083,9,Atta_9,264.5,1331.8,100.0,-108.9,-4.9,,,,
61.083,10,Atta_10,708.6,905.1,32.2,-62.1,-2.9,,,,
61.155,1,Atta_1,458.2,1752.4,117.4,-61.8,4.0,,,,
61.155,2,Atta_2,1401.5,604.7,84.1,11.8,3.6,,,,
61.155,3,Atta_3,1131.3,2637.3,34.7,-54.0,-5.9,,,,
61.155,4,Atta_4,1228.3,196.2,241.0,-47.4,8.5,,,,
61.155,5,Atta_5,443.7,450.3,75.8,83.7,-3.1,,,,
61.155,6,Atta_6,2132.8,2529.5,307.6,48.0,-5.7,,,,
61.155,7,Atta_7,687.2,74.1,348.9,102.0,1.0,,,,
61.155,8,Atta_8,1789.5,2235.9,283.1,-65.5,-5.6,,,,
61.155,9,Atta_9,198.3,1423.5,95.5,113.1,-4.5,,,,
61.155,10,Atta_10,767.7,858.0,28.2,75.6,-4.0,,,,
61.225,1,Atta_1,392.5,1775.5,117.2,69.6,-0.2,,,,
61.225,2,Atta_2,1465.1,609.8,83.8,63.8,-0.3,,,,
61.225,3,Atta_3,1083.6,2629.4,29.1,-48.3,-5.6,,,,
61.225,4,Atta_4,1207.2,192.3,244.4,21.5,3.4,,,,
61.225,5,Atta_5,545.9,481.6,78.0,106.9,2.2,,,,
61.225,6,Atta_6,2065.7,2554.5,304.7,-71.6,-2.9,,,,
61.225,7,Atta_7,626.7,83.2,349.5,-61.2,0.6,,,,
61.225,8,Atta_8,1857.2,2219.4,279.7,69.7,-3.4,,,,
61.225,9,Atta_9,247.6,1380.4,92.1,-65.5,-3.4,,,,
61.225,10,Atta_10,808.4,913.6,25.5,68.9,-2.7,,,,
61.296,1,Atta_1,455.8,1742.9,126.3,-71.2,9.1,,,,
61.296,2,Atta_2,1366.2,565.1,86.0,-108.5,2.2,,,,
61.296,3,Atta_3,1062.0,2638.1,25.4,-23.3,-3.7,,,,
61.296,4,Atta_4,1171.1,186.1,248.0,36.6,3.6,,,,
61.296,5,Atta_5,466.6,462.6,82.0,-81.5,4.0,,,,
61.296,6,Atta_6,2131.0,2564.9,298.2,66.1,-6.5,,,,
61.296,7,Atta_7,690.0,95.8,350.9,64.5,1.4,,,,
61.296,8,Atta_8,1797.9,2256.2,274.0,-69.8,-5.7,,,,
61.296,9,Atta_9,238.3,1389.1,84.7,12.7,-7.4,,,,
61.296,10,Atta_10,840.8,904.6,17.9,33.6,-7.6,,,,
61.348,1,Atta_1,462.5,1758.8,128.4,17.3,2.1,,,,
61.348,2,Atta_2,1479.7,622.5,85.2,127.2,-0.8,,,,
61.348,3,Atta_3,1076.3,2630.4,18.2,16.2,-7.2,,,,
61.348,4,Atta_4,1157.8,188.2,252.7,13.5,4.7,,,,
61.348,5,Atta_5,489.6,530.3,82.6,71.5,0.6,,,,
61.348,6,Atta_6,2107.6,2529.5,293.7,42.4,-4.5,,,,
61.348,7,Atta_7,690.0,76.6,349.4,19.2,-1.5,,,,
61.348,8,Atta_8,1784.7,2234.7,274.8,25.2,0.8,,,,
61.348,9,Atta_9,222.4,1396.1,83.2,17.4,-1.5,,,,
61.348,10,Atta_10,759.6,897.7,13.0,-81.5,-4.9,,,,
61.417,1,Atta_1,390.6,1761.0,133.2,71.9,4.8,,,,
61.417,2,Atta_2,1426.6,665.8,81.0,68.5,-4.2,,,,
61.417,3,Atta_3,1022.2,2596.0,15.4,-64.1,-2.8,,,,
61.417,4,Atta_4,1162.2,163.8,254.8,24.8,2.1,,,,
61.417,5,Atta_5,487.0,483.3,81.2,-47.1,-1.4,,,,
61.417,6,Atta_6,2133.3,2527.9,288.1,25.7,-5.6,,,,
61.417,7,Atta_7,727.4,157.5,351.0,89.1,1.6,,,,
61.417,8,Atta_8,1774.7,2219.4,277.4,18.3,2.6,,,,
61.417,9,Atta_9,209.2,1362.8,76.2,-35.8,-7.0,,,,
61.417,10,Atta_10,740.9,861.8,11.5,-40.5,-1.5,,,,
61.486,1,Atta_1,444.2,1756.3,140.0,-53.8,6.8,,,,
61.486,2,Atta_2,1428.5,680.2,83.7,14.5,2.7,,,,
61.486,3,Atta_3,1051.3,2665.2,10.7,75.1,-4.7,,,,
61.486,4,Atta_4,1253.2,159.5,258.0,-91.1,3.2,,,,
61.486,5,Atta_5,548.7,446.0,79.4,-72.1,-1.8,,,,
61.486,6,Atta_6,2080.3,2571.9,284.2,-68.9,-3.9,,,,
61.486,7,Atta_7,780.6,113.4,350.1,69.1,-0.9,,,,
61.486,8,Atta_8,1822.8,2213.2,280.8,48.5,3.4,,,,
61.486,9,Atta_9,223.7,1342.9,73.9,-24.6,-2.3,,,,
61.486,10,Atta_10,747.0,873.7,7.8,13.4,-3.7,,,,
61.552,1,Atta_1,394.9,1714.6,146.4,64.6,6.4,,,,
61.552,2,Atta_2,1438.5,681.7,84.7,10.1,1.0,,,,
61.552,3,Atta_3,1069.3,2689.5,8.5,30.2,-2.2,,,,
61.552,4,Atta_4,1219.9,163.0,269.0,33.5,11.0,,,,
61.552,5,Atta_5,530.3,565.4,76.1,120.8,-3.3,,,,
61.552,6,Atta_6,2090.3,2507.5,284.2,65.2,0.0,,,,
61.552,7,Atta_7,751.7,130.4,346.8,-33.5,-3.3,,,,
61.552,8,Atta_8,1790.8,2248.0,280.2,-47.3,-0.6,,,,
61.552,9,Atta_9,217.4,1354.6,68.9,13.3,-5.0,,,,
61.552,10,Atta_10,744.2,888.6,358.7,-15.2,-9.1,,,,
61.621,1,Atta_1,438.0,1768.0,150.3,-68.6,3.9,,,,
61.621,2,Atta_2,1461.8,658.9,83.4,-32.6,-1.3,,,,
61.621,3,Atta_3,1060.3,2625.0,359.5,-65.1,-9.0,,,,
61.621,4,Atta_4,1191.3,148.4,268.1,32.1,-0.9,,,,
61.621,5,Atta_5,499.1,508.4,78.2,-65.0,2.1,,,,
61.621,6,Atta_6,2148.0,2528.9,277.8,-61.5,-6.4,,,,
61.621,7,Atta_7,757.2,77.8,350.8,52.9,4.0,,,,
61.621,8,Atta_8,1804.4,2147.1,280.1,101.8,-0.1,,,,
61.621,9,Atta_9,210.8,1416.6,62.2,62.4,-6.7,,,,
61.621,10,Atta_10,766.8,911.6,358.0,32.2,-0.7,,,,
61.687,1,Atta_1,410.1,1777.7,151.8,29.5,1.5,,,,
61.687,2,Atta_2,1445.1,624.8,82.3,-38.0,-1.1,,,,
61.687,3,Atta_3,1060.7,2677.6,357.2,-52.6,-2.3,,,,
61.687,4,Atta_4,1216.1,159.7,275.1,-27.3,7.0,,,,
61.687,5,Atta_5,464.9,583.7,77.1,82.7,-1.1,,,,
61.687,6,Atta_6,2127.4,2565.5,268.8,-42.0,-9.0,,,,
61.687,7,Atta_7,778.8,95.0,349.7,27.6,-1.1,,,,
61.687,8,Atta_8,1804.6,2218.8,275.7,-71.7,-4.4,,,,
61.687,9,Atta_9,197.3,1412.1,61.1,-14.2,-1.1,,,,
61.687,10,Atta_10,776.5,860.5,353.9,52.0,-4.1,,,,
61.756,1,Atta_1,460.9,1770.2,154.5,-51.4,2.7,,,,
61.756,2,Atta_2,1421.5,648.7,86.3,33.6,4.0,,,,
61.756,3,Atta_3,1133.1,2672.6,351.9,72.6,-5.3,,,,
61.756,4,Atta_4,1180.7,166.4,277.6,-36.0,2.5,,,,
61.756,5,Atta_5,484.8,526.8,80.5,-60.3,3.4,,,,
61.756,6,Atta_6,2078.9,2540.6,266.6,54.5,-2.2,,,,
61.756,7,Atta_7,791.9,127.9,348.9,35.4,-0.8,,,,
61.756,8,Atta_8,1785.9,2177.9,276.4,45.0,0.7,,,,
61.756,9,Atta_9,267.4,1351.8,57.4,-92.5,-3.7,,,,
61.756,10,Atta_10,767.6,857.1,350.7,-9.5,-3.2,,,,
61.824,1,Atta_1,428.0,1710.8,163.9,67.9,9.4,,,,
61.824,2,Atta_2,1450.8,629.8,84.2,-34.9,-2.1,,,,
61.824,3,Atta_3,1080.8,2645.1,352.9,-59.1,1.0,,,,
61.824,4,Atta_4,1158.8,200.8,276.1,-40.8,-1.5,,,,
61.824,5,Atta_5,463.7,585.7,77.1,62.6,-3.4,,,,
61.824,6,Atta_6,2105.9,2510.6,265.5,40.4,-1.1,,,,
61.824,7,Atta_7,829.1,105.6,347.6,43.4,-1.3,,,,
61.824,8,Atta_8,1793.1,2164.6,277.0,15.1,0.6,,,,
61.824,9,Atta_9,238.3,1389.7,60.6,47.8,3.2,,,,
61.824,10,Atta_10,798.2,862.5,345.3,31.1,-5.4,,,,
61.891,1,Atta_1,421.0,1780.6,166.9,70.2,3.0,,,,
61.891,2,Atta_2,1463.0,637.7,80.1,14.5,-4.1,,,,
61.891,3,Atta_3,1039.4,2655.9,343.0,-42.8,-9.9,,,,
61.891,4,Atta_4,1252.4,193.5,286.9,93.9,10.8,,,,
61.891,5,Atta_5,484.9,584.2,78.9,21.3,1.8,,,,
61.891,6,Atta_6,2101.7,2533.1,259.3,-22.9,-6.2,,,,
61.891,7,Atta_7,749.4,38.9,346.7,-103.9,-0.9,,,,
61.891,8,Atta_8,1844.2,2173.4,276.5,-51.9,-0.5,,,,
61.891,9,Atta_9,280.5,1327.3,55.7,-75.3,-4.9,,,,
61.891,10,Atta_10,781.5,848.7,343.0,-21.7,-2.3,,,,
61.957,1,Atta_1,442.7,1754.3,170.9,-34.1,4.0,,,,
61.957,2,Atta_2,1474.8,626.5,83.4,-16.3,3.3,,,,
61.957,3,Atta_3,1149.9,2609.3,346.5,119.9,3.5,,,,
61.957,4,Atta_4,1202.4,167.3,290.4,56.4,3.5,,,,
61.957,5,Atta_5,549.8,588.6,76.8,65.0,-2.1,,,,
61.957,6,Atta_6,2116.9,2509.5,252.9,28.1,-6.4,,,,
61.957,7,Atta_7,846.6,137.9,349.2,138.7,2.5,,,,
61.957,8,Atta_8,1801.3,2186.8,274.6,-44.9,-1.9,,,,
61.957,9,Atta_9,255.9,1396.7,56.7,73.6,1.0,,,,
61.957,10,Atta_10,789.0,833.6,334.0,16.9,-9.0,,,,
62.026,1,Atta_1,363.1,1772.4,174.5,81.6,3.6,,,,
62.026,2,Atta_2,1462.4,624.7,84.6,-12.5,1.2,,,,
62.026,3,Atta_3,1145.4,2681.7,339.0,-72.5,-7.5,,,,
62.026,4,Atta_4,1253.5,159.6,298.9,51.7,8.5,,,,
62.026,5,Atta_5,456.0,571.8,78.1,-95.3,1.3,,,,
62.026,6,Atta_6,2105.2,2507.3,248.8,11.9,-4.1,,,,
62.026,7,Atta_7,793.1,57.3,348.6,-96.7,-0.6,,,,
62.026,8,Atta_8,1797.5,2172.8,278.2,14.5,3.6,,,,
62.026,9,Atta_9,228.3,1366.6,60.5,-40.8,3.8,,,,
62.026,10,Atta_10,769.0,869.6,327.5,-41.2,-6.5,,,,
62.092,1,Atta_1,454.7,1748.0,177.7,-94.8,3.2,,,,
62.092,2,Atta_2,1442.8,600.7,84.0,-31.0,-0.6,,,,
62.092,3,Atta_3,1100.2,2683.9,341.2,-45.3,2.2,,,,
62.092,4,Atta_4,1177.4,179.9,301.1,-78.8,2.2,,,,
62.092,5,Atta_5,464.1,614.0,69.5,43.0,-8.6,,,,
62.092,6,Atta_6,2125.4,2535.3,246.0,-34.5,-2.8,,,,
62.092,7,Atta_7,824.2,55.7,346.7,31.1,-1.9,,,,
62.092,8,Atta_8,1800.7,2179.7,282.8,-7.6,4.6,,,,
62.092,9,Atta_9,247.2,1384.4,60.9,26.0,0.4,,,,
62.092,10,Atta_10,770.9,894.6,326.3,-25.1,-1.2,,,,
62.222,1,Atta_1,440.3,1794.0,190.0,48.2,12.3,,,,
62.222,2,Atta_2,1409.6,517.5,84.2,-89.6,0.2,,,,
62.222,3,Atta_3,1182.1,2661.8,340.2,84.8,-1.0,,,,
62.222,4,Atta_4,1241.8,192.7,309.8,65.7,8.7,,,,
62.222,5,Atta_5,468.8,621.2,68.9,8.6,-0.6,,,,
62.222,6,Atta_6,2182.6,2575.2,239.2,-69.7,-6.8,,,,
62.222,7,Atta_7,818.6,34.3,349.5,-22.1,2.8,,,,
62.222,8,Atta_8,1895.1,2161.3,277.3,96.2,-5.5,,,,
62.222,9,Atta_9,247.6,1388.0,56.5,3.6,-4.4,,,,
62.222,10,Atta_10,717.4,827.8,316.1,-85.6,-10.2,,,,
62.291,1,Atta_1,452.9,1763.0,193.8,-33.5,3.8,,,,
62.291,2,Atta_2,1468.7,570.7,92.1,79.5,7.9,,,,
62.291,3,Atta_3,1150.8,2685.6,342.7,-39.3,2.5,,,,
62.291,4,Atta_4,1206.2,201.6,315.0,-36.7,5.2,,,,
62.291,5,Atta_5,419.6,628.8,61.5,-49.8,-7.4,,,,
62.291,6,Atta_6,2082.2,2489.7,234.9,131.9,-4.3,,,,
62.291,7,Atta_7,841.1,61.4,348.6,35.2,-0.9,,,,
62.291,8,Atta_8,1859.9,2104.7,280.3,66.7,3.0,,,,
62.291,9,Atta_9,247.5,1434.0,55.2,46.0,-1.3,,,,
62.291,10,Atta_10,759.8,845.9,314.2,46.1,-1.9,,,,
62.426,1,Atta_1,397.4,1708.9,195.6,77.5,1.8,,,,
62.426,2,Atta_2,1421.9,550.0,92.2,-51.2,0.1,,,,
62.426,3,Atta_3,1102.7,2646.0,342.5,-62.3,-0.2,,,,
62.426,4,Atta_4,1172.3,145.3,309.2,65.7,-5.8,,,,
62.426,5,Atta_5,484.2,604.3,58.0,69.1,-3.5,,,,
62.426,6,Atta_6,2140.4,2517.2,229.3,-64.4,-5.6,,,,
62.426,7,Atta_7,846.7,23.0,347.3,38.8,-1.3,,,,
62.426,8,Atta_8,1881.2,2104.9,271.6,21.3,-8.7,,,,
62.426,9,Atta_9,283.8,1363.6,58.0,-79.2,2.8,,,,
62.426,10,Atta_10,751.4,825.1,305.4,22.4,-8.8,,,,
62.495,1,Atta_1,388.5,1825.6,193.4,-117.0,-2.2,,,,
62.495,2,Atta_2,1486.5,652.1,106.5,120.8,14.3,,,,
62.495,3,Atta_3,1158.4,2623.8,343.9,60.0,1.4,,,,
62.495,4,Atta_4,1253.0,136.7,311.1,81.2,1.9,,,,
62.495,5,Atta_5,452.9,582.2,47.1,-38.3,-10.9,,,,
62.495,6,Atta_6,2135.9,2513.7,222.5,5.7,-6.8,,,,
62.495,7,Atta_7,817.9,77.2,347.1,-61.4,-0.2,,,,
62.495,8,Atta_8,1829.0,2115.9,260.4,-53.3,-11.2,,,,
62.495,9,Atta_9,268.2,1412.2,55.5,51.0,-2.5,,,,
62.495,10,Atta_10,819.9,889.1,298.8,-93.7,-6.6,,,,
62.56,1,Atta_1,469.6,1775.0,200.9,-95.6,7.5,,,,
62.56,2,Atta_2,1447.1,589.4,108.8,-74.1,2.3,,,,
62.56,3,Atta_3,1203.7,2619.1,342.2,45.5,-1.7,,,,
62.56,4,Atta_4,1182.5,200.6,307.4,-95.1,-3.7,,,,
62.56,5,Atta_5,472.9,569.4,45.7,23.7,-1.4,,,,
62.56,6,Atta_6,2135.5,2507.1,220.7,6.6,-1.8,,,,
62.56,7,Atta_7,837.5,79.1,351.2,19.7,4.1,,,,
62.56,8,Atta_8,1793.0,2096.4,260.8,40.9,0.4,,,,
62.56,9,Atta_9,265.8,1461.9,56.9,49.8,1.4,,,,
62.56,10,Atta_10,776.1,892.3,293.8,-43.9,-5.0,,,,
62.691,1,Atta_1,440.0,1749.3,196.3,39.2,-4.6,,,,
62.691,2,Atta_2,1498.7,621.7,115.6,60.9,6.8,,,,
62.691,3,Atta_3,1134.0,2643.6,339.7,-73.9,-2.5,,,,
62.691,4,Atta_4,1171.4,188.9,313.1,16.1,5.7,,,,
62.691,5,Atta_5,496.2,565.7,39.8,23.6,-5.9,,,,
62.691,6,Atta_6,2142.9,2539.8,218.1,-33.5,-2.6,,,,
62.691,7,Atta_7,918.1,69.0,350.4,81.2,-0.8,,,,
62.691,8,Atta_8,1888.7,2180.6,256.8,-127.5,-4.0,,,,
62.691,9,Atta_9,316.9,1455.7,58.1,51.5,1.2,,,,
62.691,10,Atta_10,758.6,916.7,285.9,-30.0,-7.9,,,,
62.76,1,Atta_1,446.4,1809.6,192.6,-60.6,-3.7,,,,
62.76,2,Atta_2,1477.4,595.9,116.3,-33.5,0.7,,,,
62.76,3,Atta_3,1196.4,2625.5,342.1,65.0,2.4,,,,
62.76,4,Atta_4,1246.6,149.0,319.8,85.1,6.7,,,,
62.76,5,Atta_5,475.3,549.1,35.0,-26.7,-4.8,,,,
62.76,6,Atta_6,2044.3,2601.4,221.3,116.3,3.2,,,,
62.76,7,Atta_7,930.8,79.0,349.3,16.2,-1.1,,,,
62.76,8,Atta_8,1826.8,2111.5,252.3,92.8,-4.5,,,,
62.76,9,Atta_9,280.5,1395.1,56.4,-70.7,-1.7,,,,
62.76,10,Atta_10,771.1,901.1,286.7,20.0,0.8,,,,
62.828,1,Atta_1,423.4,1791.9,196.4,29.0,3.8,,,,
62.828,2,Atta_2,1391.0,573.0,117.9,89.4,1.6,,,,
62.828,3,Atta_3,1121.8,2659.7,342.0,-82.1,-0.1,,,,
62.828,4,Atta_4,1169.7,188.1,319.8,-86.3,0.0,,,,
62.828,5,Atta_5,449.1,619.0,29.4,74.6,-5.6,,,,
62.828,6,Atta_6,2104.0,2551.4,219.4,-77.9,-1.9,,,,
62.828,7,Atta_7,908.1,99.8,349.4,-30.8,0.1,,,,
62.828,8,Atta_8,1824.9,2100.8,245.2,10.9,-7.1,,,,
62.828,9,Atta_9,256.3,1489.0,56.4,97.0,0.0,,,,
62.828,10,Atta_10,820.3,891.4,281.6,50.1,-5.1,,,,
62.897,1,Atta_1,388.7,1805.2,196.6,37.2,0.2,,,,
62.897,2,Atta_2,1475.9,595.7,124.7,-87.9,6.8,,,,
62.897,3,Atta_3,1184.0,2588.1,342.6,94.8,0.6,,,,
62.897,4,Atta_4,1221.7,140.3,331.4,70.6,11.6,,,,
62.897,5,Atta_5,511.6,579.5,23.1,73.9,-6.3,,,,
62.897,6,Atta_6,2105.7,2509.3,218.8,42.1,-0.6,,,,
62.897,7,Atta_7,923.5,89.5,349.6,18.5,0.2,,,,
62.897,8,Atta_8,1874.8,2180.0,242.8,-93.6,-2.4,,,,
62.897,9,Atta_9,284.0,1461.4,57.4,-39.1,1.0,,,,
62.897,10,Atta_10,779.2,884.9,278.3,-41.6,-3.3,,,,
62.966,1,Atta_1,356.8,1730.1,201.4,81.6,4.8,,,,
62.966,2,Atta_2,1443.6,560.1,129.5,-48.1,4.8,,,,
62.966,3,Atta_3,1196.1,2589.1,341.9,12.1,-0.7,,,,
62.966,4,Atta_4,1274.5,107.3,334.4,62.3,3.0,,,,
62.966,5,Atta_5,549.5,574.0,18.9,38.3,-4.2,,,,
62.966,6,Atta_6,2095.0,2559.1,217.8,-50.9,-1.0,,,,
62.966,7,Atta_7,1016.9,72.9,345.7,94.9,-3.9,,,,
62.966,8,Atta_8,1819.4,2087.2,237.2,108.1,-5.6,,,,
62.966,9,Atta_9,289.8,1458.8,55.5,6.4,-1.9,,,,
62.966,10,Atta_10,745.0,850.8,271.0,48.3,-7.3,,,,
63.032,1,Atta_1,336.8,1710.8,195.6,27.8,-5.8,,,,
63.032,2,Atta_2,1459.7,548.1,135.0,-20.1,5.5,,,,
63.032,3,Atta_3,1201.2,2667.9,335.6,-79.0,-6.3,,,,
63.032,4,Atta_4,1191.8,143.8,338.5,-90.4,4.1,,,,
63.032,5,Atta_5,488.8,569.6,16.1,-60.9,-2.8,,,,
63.032,6,Atta_6,2080.1,2476.7,218.7,83.7,0.9,,,,
63.032,7,Atta_7,888.7,90.1,348.1,-129.3,2.4,,,,
63.032,8,Atta_8,1842.0,2121.4,231.6,-41.0,-5.6,,,,
63.032,9,Atta_9,308.5,1476.7,53.7,25.9,-1.8,,,,
63.032,10,Atta_10,736.2,885.0,267.9,-35.3,-3.1,,,,
63.102,1,Atta_1,370.1,1695.3,198.2,-36.7,2.6,,,,
63.102,2,Atta_2,1430.8,589.6,136.6,50.6,1.6,,,,
63.102,3,Atta_3,1212.7,2618.4,337.4,50.8,1.8,,,,
63.102,4,Atta_4,1210.6,198.0,342.9,-57.4,4.4,,,,
63.102,5,Atta_5,475.6,544.9,10.9,-28.0,-5.2,,,,
63.102,6,Atta_6,2069.1,2442.4,218.5,36.0,-0.2,,,,
63.102,7,Atta_7,928.4,58.7,350.2,50.6,2.1,,,,
63.102,8,Atta_8,1827.5,2126.9,229.9,15.5,-1.7,,,,
63.102,9,Atta_9,366.7,1524.9,55.7,75.6,2.0,,,,
63.102,10,Atta_10,805.2,847.9,263.9,78.3,-4.0,,,,
63.157,1,Atta_1,369.0,1744.7,198.7,-49.4,0.5,,,,
63.157,2,Atta_2,1449.9,566.8,141.1,-29.7,4.5,,,,
63.157,3,Atta_3,1190.7,2656.5,332.6,-44.0,-4.8,,,,
63.157,4,Atta_4,1214.4,204.4,345.0,7.4,2.1,,,,
63.157,5,Atta_5,489.2,605.0,6.2,61.6,-4.7,,,,
63.157,6,Atta_6,2019.4,2481.5,216.3,63.2,-2.2,,,,
63.157,7,Atta_7,847.5,78.4,349.5,-83.3,-0.7,,,,
63.157,8,Atta_8,1806.7,2133.6,223.1,21.9,-6.8,,,,
63.157,9,Atta_9,303.4,1484.6,56.4,-75.0,0.7,,,,
63.157,10,Atta_10,813.1,854.5,259.9,-10.3,-4.0,,,,
63.227,1,Atta_1,323.7,1719.9,196.8,51.6,-1.9,,,,
63.227,2,Atta_2,1450.8,544.5,143.0,-22.3,1.9,,,,
63.227,3,Atta_3,1207.2,2595.0,324.8,63.7,-7.8,,,,
63.227,4,Atta_4,1191.2,132.9,348.6,-75.2,3.6,,,,
63.227,5,Atta_5,491.1,649.3,4.5,44.3,-1.7,,,,
63.227,6,Atta_6,2087.9,2517.6,214.1,-77.4,-2.2,,,,
63.227,7,Atta_7,846.2,99.2,344.1,-20.8,-5.4,,,,
63.227,8,Atta_8,1833.3,2076.1,216.2,63.4,-6.9,,,,
63.227,9,Atta_9,312.1,1553.1,53.9,69.1,-2.5,,,,
63.227,10,Atta_10,697.9,895.9,253.1,-122.4,-6.8,,,,
63.297,1,Atta_1,307.6,1749.3,197.0,33.5,0.2,,,,
63.297,2,Atta_2,1402.4,642.5,141.0,109.3,-2.0,,,,
63.297,3,Atta_3,1235.4,2606.2,325.1,30.3,0.3,,,,
63.297,4,Atta_4,1267.8,171.3,354.9,85.7,6.3,,,,
63.297,5,Atta_5,496.3,619.1,358.2,30.6,-6.3,,,,
63.297,6,Atta_6,1968.7,2486.2,220.7,123.3,6.6,,,,
63.297,7,Atta_7,809.3,80.2,348.9,-41.5,4.8,,,,
63.297,8,Atta_8,1813.6,2115.7,216.1,-44.2,-0.1,,,,
63.297,9,Atta_9,301.5,1515.3,56.1,-39.3,2.2,,,,
63.297,10,Atta_10,702.5,870.4,249.6,25.9,-3.5,,,,
63.366,1,Atta_1,353.9,1750.4,195.8,-46.3,-1.2,,,,
63.366,2,Atta_2,1458.5,606.4,138.0,-66.7,-3.0,,,,
63.366,3,Atta_3,1266.3,2616.1,319.3,32.4,-5.8,,,,
63.366,4,Atta_4,1236.7,135.6,4.2,-47.3,9.3,,,,
63.366,5,Atta_5,460.4,596.0,355.2,-42.7,-3.0,,,,
63.366,6,Atta_6,1995.0,2491.3,218.9,-26.8,-1.8,,,,
63.366,7,Atta_7,847.4,93.5,354.9,40.4,6.0,,,,
63.366,8,Atta_8,1849.4,2151.2,210.6,-50.4,-5.5,,,,
63.366,9,Atta_9,373.7,1569.4,58.1,90.2,2.0,,,,
63.366,10,Atta_10,743.3,824.0,243.6,61.8,-6.0,,,,
63.432,1,Atta_1,333.3,1732.3,195.6,27.4,-0.2,,,,
63.432,2,Atta_2,1489.6,576.5,140.9,-43.1,2.9,,,,
63.432,3,Atta_3,1228.1,2574.2,314.6,-56.7,-4.7,,,,
63.432,4,Atta_4,1246.2,179.6,5.1,45.0,0.9,,,,
63.432,5,Atta_5,533.8,556.5,349.6,83.4,-5.6,,,,
63.432,6,Atta_6,2118.0,2433.6,218.5,-135.9,-0.4,,,,
63.432,7,Atta_7,845.5,83.9,358.2,-9.8,3.3,,,,
63.432,8,Atta_8,1812.8,2115.0,205.5,51.5,-5.1,,,,
63.432,9,Atta_9,419.6,1530.6,53.9,-60.1,-4.2,,,,
63.432,10,Atta_10,795.2,905.4,238.7,-96.5,-4.9,,,,
63.499,1,Atta_1,302.9,1703.3,198.5,42.0,2.9,,,,
63.499,2,Atta_2,1426.1,615.6,141.3,74.6,0.4,,,,
63.499,3,Atta_3,1250.7,2623.6,311.9,-54.3,-2.7,,,,
63.499,4,Atta_4,1199.1,81.0,7.5,-109.3,2.4,,,,
63.499,5,Atta_5,483.5,624.2,340.7,-84.3,-8.9,,,,
63.499,6,Atta_6,1997.9,2491.7,220.7,133.4,2.2,,,,
63.499,7,Atta_7,854.0,83.6,4.1,8.5,5.9,,,,
63.499,8,Atta_8,1850.3,2109.1,200.0,-38.0,-5.5,,,,
63.499,9,Atta_9,347.3,1561.2,54.4,-78.5,0.5,,,,
63.499,10,Atta_10,749.6,862.3,237.4,62.7,-1.3,,,,
63.565,1,Atta_1,281.8,1711.0,196.1,22.5,-2.4,,,,
63.565,2,Atta_2,1427.2,505.3,141.1,-110.3,-0.2,,,,
63.565,3,Atta_3,1242.6,2595.8,307.3,29.0,-4.6,,,,
63.565,4,Atta_4,1199.3,146.2,11.5,65.2,4.0,,,,
63.565,5,Atta_5,514.6,621.4,343.3,31.2,2.6,,,,
63.565,6,Atta_6,1999.3,2472.7,221.0,19.1,0.3,,,,
63.565,7,Atta_7,878.1,92.8,11.0,25.8,6.9,,,,
63.565,8,Atta_8,1862.1,2088.2,191.4,-24.0,-8.6,,,,
63.565,9,Atta_9,367.0,1600.7,56.8,44.1,2.4,,,,
63.565,10,Atta_10,789.4,892.9,233.2,-50.2,-4.2,,,,
63.631,1,Atta_1,289.7,1707.7,193.9,-8.6,-2.2,,,,
63.631,2,Atta_2,1472.4,595.5,142.4,100.9,1.3,,,,
63.631,3,Atta_3,1234.4,2620.9,301.8,-26.4,-5.5,,,,
63.631,4,Atta_4,1217.9,98.8,20.0,50.9,8.5,,,,
63.631,5,Atta_5,440.7,603.4,340.9,-76.1,-2.4,,,,
63.631,6,Atta_6,2001.2,2457.1,219.2,15.7,-1.8,,,,
63.631,7,Atta_7,800.7,121.5,14.9,-82.5,3.9,,,,
63.631,8,Atta_8,1856.0,2079.1,197.1,11.0,5.7,,,,
63.631,9,Atta_9,340.6,1571.4,57.7,-39.4,0.9,,,,
63.631,10,Atta_10,769.6,877.6,224.4,25.0,-8.8,,,,
63.697,1,Atta_1,301.8,1739.3,196.2,-33.8,2.3,,,,
63.697,2,Atta_2,1438.8,625.1,141.1,44.8,-1.3,,,,
63.697,3,Atta_3,1179.9,2607.8,296.4,-56.1,-5.4,,,,
63.697,4,Atta_4,1244.7,169.0,23.1,75.1,3.1,,,,
63.697,5,Atta_5,490.0,557.2,331.5,67.6,-9.4,,,,
63.697,6,Atta_6,2035.4,2466.4,221.2,-35.4,2.0,,,,
63.697,7,Atta_7,839.8,95.7,16.9,46.8,2.0,,,,
63.697,8,Atta_8,1830.3,2107.6,187.0,38.4,-10.1,,,,
63.697,9,Atta_9,396.1,1569.3,57.9,55.5,0.2,,,,
63.697,10,Atta_10,766.7,870.6,221.6,7.6,-2.8,,,,
63.766,1,Atta_1,269.2,1661.3,200.8,84.5,4.6,,,,
63.766,2,Atta_2,1411.2,620.7,141.8,27.9,0.7,,,,
63.766,3,Atta_3,1251.6,2633.0,292.4,76.0,-4.0,,,,
63.766,4,Atta_4,1213.0,221.7,26.4,-61.5,3.3,,,,
63.766,5,Atta_5,523.2,578.9,327.4,39.7,-4.1,,,,
63.766,6,Atta_6,1976.6,2420.8,219.3,74.4,-1.9,,,,
63.766,7,Atta_7,879.0,82.8,23.9,41.3,7.0,,,,
63.766,8,Atta_8,1809.7,2132.2,184.1,32.1,-2.9,,,,
63.766,9,Atta_9,380.8,1627.5,58.0,60.2,0.1,,,,
63.766,10,Atta_10,785.5,879.3,219.4,-20.7,-2.2,,,,
63.835,1,Atta_1,247.5,1685.2,197.7,32.3,-3.1,,,,
63.835,2,Atta_2,1375.1,662.4,142.8,55.2,1.0,,,,
63.835,3,Atta_3,1280.7,2619.0,288.9,32.3,-3.5,,,,
63.835,4,Atta_4,1209.4,173.0,32.5,-48.8,6.1,,,,
63.835,5,Atta_5,492.2,551.1,325.8,-41.6,-1.6,,,,
63.835,6,Atta_6,1984.8,2433.6,218.1,-15.2,-1.2,,,,
63.835,7,Atta_7,848.0,86.9,29.3,-31.3,5.4,,,,
63.835,8,Atta_8,1833.1,2122.7,176.0,-25.3,-8.1,,,,
63.835,9,Atta_9,379.6,1567.7,54.6,-59.8,-3.4,,,,
63.835,10,Atta_10,812.2,837.9,219.2,49.3,-0.2,,,,
63.903,1,Atta_1,285.6,1709.9,200.0,-45.4,2.3,,,,
63.903,2,Atta_2,1368.6,647.2,138.0,-16.5,-4.8,,,,
63.903,3,Atta_3,1260.9,2599.6,281.8,27.7,-7.1,,,,
63.903,4,Atta_4,1189.6,143.6,36.7,-35.4,4.2,,,,
63.903,5,Atta_5,482.6,561.3,317.7,-14.0,-8.1,,,,
63.903,6,Atta_6,1984.4,2387.3,220.5,46.3,2.4,,,,
63.903,7,Atta_7,890.5,-4.2,32.2,-100.5,2.9,,,,
63.903,8,Atta_8,1854.0,2055.2,174.9,-70.7,-1.1,,,,
63.903,9,Atta_9,407.7,1633.9,53.9,71.9,-0.7,,,,
63.903,10,Atta_10,764.6,872.5,218.0,58.8,-1.2,,,,
63.966,1,Atta_1,244.8,1722.5,198.1,42.7,-1.9,,,,
63.966,2,Atta_2,1342.5,669.6,143.5,34.4,5.5,,,,
63.966,3,Atta_3,1251.3,2613.6,277.3,-17.0,-4.5,,,,
63.966,4,Atta_4,1219.0,234.2,42.2,95.3,5.5,,,,
63.966,5,Atta_5,487.8,624.2,313.8,-63.1,-3.9,,,,
63.966,6,Atta_6,1955.8,2365.6,217.8,35.9,-2.7,,,,
63.966,7,Atta_7,877.9,88.0,33.3,93.1,1.1,,,,
63.966,8,Atta_8,1836.8,2088.9,172.9,37.8,-2.0,,,,
63.966,9,Atta_9,435.1,1664.9,50.8,41.4,-3.1,,,,
63.966,10,Atta_10,763.2,901.6,214.0,-29.1,-4.0,,,,
64.038,1,Atta_1,185.2,1710.5,192.8,60.8,-5.3,,,,
64.038,2,Atta_2,1353.4,612.7,142.9,-57.9,-0.6,,,,
64.038,3,Atta_3,1249.0,2650.0,273.0,-36.5,-4.3,,,,
64.038,4,Atta_4,1186.0,166.2,40.3,-75.6,-1.9,,,,
64.038,5,Atta_5,502.8,555.9,307.4,69.9,-6.4,,,,
64.038,6,Atta_6,1927.7,2305.0,221.7,66.8,3.9,,,,
64.038,7,Atta_7,854.6,125.6,44.6,44.2,11.3,,,,
64.038,8,Atta_8,1803.4,2055.8,166.6,47.0,-6.3,,,,
64.038,9,Atta_9,380.7,1568.3,48.6,-110.9,-2.2,,,,
64.038,10,Atta_10,746.6,838.2,220.4,65.5,6.4,,,,
64.091,1,Atta_1,180.8,1727.4,199.8,17.5,7.0,,,,
64.091,2,Atta_2,1370.0,702.9,140.3,91.7,-2.6,,,,
64.091,3,Atta_3,1241.1,2568.6,269.8,81.8,-3.2,,,,
64.091,4,Atta_4,1143.6,138.3,39.8,-50.8,-0.5,,,,
64.091,5,Atta_5,481.8,562.8,303.0,-22.1,-4.4,,,,
64.091,6,Atta_6,1951.1,2398.8,220.3,-96.7,-1.4,,,,
64.091,7,Atta_7,866.3,52.7,45.4,-73.8,0.8,,,,
64.091,8,Atta_8,1869.2,2110.1,160.1,-85.3,-6.5,,,,
64.091,9,Atta_9,380.8,1633.2,39.9,64.9,-8.7,,,,
64.091,10,Atta_10,762.9,817.4,218.1,26.4,-2.3,,,,
64.141,1,Atta_1,206.0,1699.3,199.0,-37.7,-0.8,,,,
64.141,2,Atta_2,1425.3,692.0,140.4,-56.4,0.1,,,,
64.141,3,Atta_3,1201.3,2676.3,267.4,-114.8,-2.4,,,,
64.141,4,Atta_4,1264.2,190.3,37.8,131.3,-2.0,,,,
64.141,5,Atta_5,441.0,562.7,302.2,-40.8,-0.8,,,,
64.141,6,Atta_6,1939.9,2344.4,219.1,55.5,-1.2,,,,
64.141,7,Atta_7,833.0,46.9,44.4,-33.8,-1.0,,,,
64.141,8,Atta_8,1800.0,2093.5,158.7,71.2,-1.4,,,,
64.141,9,Atta_9,395.4,1629.2,39.8,15.1,-0.1,,,,
64.141,10,Atta_10,755.5,875.7,214.3,-58.8,-3.8,,,,
64.213,1,Atta_1,169.4,1663.0,195.7,51.5,-3.3,,,,
64.213,2,Atta_2,1308.7,656.1,137.4,122.0,-3.0,,,,
64.213,3,Atta_3,1179.6,2607.9,266.9,71.8,-0.5,,,,
64.213,4,Atta_4,1192.7,181.4,39.6,-72.1,1.8,,,,
64.213,5,Atta_5,450.1,603.4,297.4,-41.7,-4.8,,,,
64.213,6,Atta_6,1884.6,2405.1,218.8,82.1,-0.3,,,,
64.213,7,Atta_7,892.6,111.7,45.3,88.0,0.9,,,,
64.213,8,Atta_8,1850.5,2121.3,155.8,-57.6,-2.9,,,,
64.213,9,Atta_9,398.4,1576.7,33.1,-52.6,-6.7,,,,
64.213,10,Atta_10,768.2,850.6,217.9,28.1,3.6,,,,
64.333,1,Atta_1,118.5,1666.4,196.5,51.0,0.8,,,,
64.333,2,Atta_2,1360.4,617.4,127.2,-64.6,-10.2,,,,
64.333,3,Atta_3,1196.1,2604.2,258.6,16.9,-8.3,,,,
64.333,4,Atta_4,1212.9,186.1,39.5,20.7,-0.1,,,,
64.333,5,Atta_5,464.7,586.3,292.4,22.5,-5.0,,,,
64.333,6,Atta_6,1901.6,2335.5,221.5,71.6,2.7,,,,
64.333,7,Atta_7,864.0,40.6,47.7,-76.6,2.4,,,,
64.333,8,Atta_8,1832.4,2134.2,148.0,22.2,-7.8,,,,
64.333,9,Atta_9,368.2,1647.2,26.8,76.7,-6.3,,,,
64.333,10,Atta_10,796.7,922.6,216.4,-77.4,-1.5,,,,
64.401,1,Atta_1,138.8,1746.5,198.5,-82.6,2.0,,,,
64.401,2,Atta_2,1310.3,652.7,122.8,61.3,-4.4,,,,
64.401,3,Atta_3,1240.5,2576.8,247.1,52.2,-11.5,,,,
64.401,4,Atta_4,1221.5,187.5,39.7,8.7,0.2,,,,
64.401,5,Atta_5,457.5,578.0,281.3,11.0,-11.1,,,,
64.401,6,Atta_6,1897.7,2365.5,218.6,-30.3,-2.9,,,,
64.401,7,Atta_7,827.4,71.7,42.7,-48.0,-5.0,,,,
64.401,8,Atta_8,1823.8,2173.5,137.9,40.2,-10.1,,,,
64.401,9,Atta_9,381.4,1588.9,19.5,-59.8,-7.3,,,,
64.401,10,Atta_10,689.8,843.1,216.2,133.2,-0.2,,,,
64.471,1,Atta_1,158.4,1670.5,196.3,78.5,-2.2,,,,
64.471,2,Atta_2,1332.4,681.1,115.7,36.0,-7.1,,,,
64.471,3,Atta_3,1242.7,2640.9,243.3,-64.1,-3.8,,,,
64.471,4,Atta_4,1289.2,189.5,39.5,67.7,-0.2,,,,
64.471,5,Atta_5,510.0,573.4,277.6,52.7,-3.7,,,,
64.471,6,Atta_6,1921.3,2349.8,217.1,-28.3,-1.5,,,,
64.471,7,Atta_7,828.6,88.8,46.6,17.1,3.9,,,,
64.471,8,Atta_8,1779.8,2172.7,132.9,44.0,-5.0,,,,
64.471,9,Atta_9,361.5,1581.1,15.3,-21.4,-4.2,,,,
64.471,10,Atta_10,780.1,824.3,217.0,-92.2,0.8,,,,
64.606,1,Atta_1,115.2,1634.4,200.4,56.3,4.1,,,,
64.606,2,Atta_2,1408.2,671.3,113.8,-76.4,-1.9,,,,
64.606,3,Atta_3,1187.3,2663.8,238.3,59.9,-5.0,,,,
64.606,4,Atta_4,1276.7,180.5,41.8,-15.4,2.3,,,,
64.606,5,Atta_5,488.0,623.9,276.3,-55.1,-1.3,,,,
64.606,6,Atta_6,1903.8,2377.0,220.6,-32.3,3.5,,,,
64.606,7,Atta_7,845.3,93.7,46.8,17.4,0.2,,,,
64.606,8,Atta_8,1836.3,2032.3,131.4,-151.3,-1.5,,,,
64.606,9,Atta_9,382.7,1582.9,6.9,21.3,-8.4,,,,
64.606,10,Atta_10,706.2,866.6,218.3,85.1,1.3,,,,
64.674,1,Atta_1,84.7,1684.6,202.2,58.7,1.8,,,,
64.674,2,Atta_2,1317.4,652.7,114.3,92.7,0.5,,,,
64.674,3,Atta_3,1165.4,2568.3,233.0,98.0,-5.3,,,,
64.674,4,Atta_4,1242.2,206.5,39.3,-43.2,-2.5,,,,
64.674,5,Atta_5,475.8,568.6,268.4,56.6,-7.9,,,,
64.674,6,Atta_6,1891.9,2333.7,220.1,44.9,-0.5,,,,
64.674,7,Atta_7,850.9,39.0,44.6,-55.0,-2.2,,,,
64.674,8,Atta_8,1775.0,2077.8,128.1,76.3,-3.3,,,,
64.674,9,Atta_9,422.2,1559.4,8.6,46.0,1.7,,,,
64.674,10,Atta_10,652.3,788.9,219.5,94.6,1.2,,,,
64.727,1,Atta_1,156.8,1671.4,200.2,-73.3,-2.0,,,,
64.727,2,Atta_2,1361.4,669.1,117.1,-47.0,2.8,,,,
64.727,3,Atta_3,1249.2,2616.6,228.5,-96.7,-4.5,,,,
64.727,4,Atta_4,1286.6,197.3,41.9,45.3,2.6,,,,
64.727,5,Atta_5,489.7,652.7,264.3,-85.2,-4.1,,,,
64.727,6,Atta_6,1890.4,2366.3,220.6,-32.6,0.5,,,,
64.727,7,Atta_7,841.7,111.4,48.5,73.0,3.9,,,,
64.727,8,Atta_8,1784.0,2110.8,121.1,34.2,-7.0,,,,
64.727,9,Atta_9,416.1,1618.8,4.6,59.7,-4.0,,,,
64.727,10,Atta_10,647.2,831.0,218.6,-42.4,-0.9,,,,
64.798,1,Atta_1,117.9,1638.2,200.2,51.1,0.0,,,,
64.798,2,Atta_2,1307.0,665.1,117.2,54.5,0.1,,,,
64.798,3,Atta_3,1190.3,2602.1,226.4,60.7,-2.1,,,,
64.798,4,Atta_4,1263.8,214.2,40.5,-28.4,-1.4,,,,
64.798,5,Atta_5,487.8,586.2,259.1,66.5,-5.2,,,,
64.798,6,Atta_6,1874.2,2348.9,218.7,23.8,-1.9,,,,
64.798,7,Atta_7,908.3,53.6,48.8,88.2,0.3,,,,
64.798,8,Atta_8,1837.6,2098.7,117.8,-54.9,-3.3,,,,
64.798,9,Atta_9,384.5,1627.7,357.3,-32.8,-7.3,,,,
64.798,10,Atta_10,709.4,850.0,218.6,-65.0,0.0,,,,
64.849,1,Atta_1,119.9,1735.1,203.0,-96.9,2.8,,,,
64.849,2,Atta_2,1360.1,699.2,115.2,63.1,-2.0,,,,
64.849,3,Atta_3,1213.8,2617.9,221.7,-28.3,-4.7,,,,
64.849,4,Atta_4,1280.9,220.0,40.4,18.1,-0.1,,,,
64.849,5,Atta_5,479.7,579.4,265.6,10.6,6.5,,,,
64.849,6,Atta_6,1824.2,2313.6,218.9,61.2,0.2,,,,
64.849,7,Atta_7,888.4,132.0,45.4,80.9,-3.4,,,,
64.849,8,Atta_8,1786.1,2108.0,112.7,52.3,-5.1,,,,
64.849,9,Atta_9,397.1,1537.9,352.3,90.7,-5.0,,,,
64.849,10,Atta_10,638.3,791.2,222.5,92.3,3.9,,,,
64.92,1,Atta_1,138.8,1602.8,204.6,133.6,1.6,,,,
64.92,2,Atta_2,1367.0,692.7,115.5,-9.5,0.3,,,,
64.92,3,Atta_3,1179.5,2604.3,211.7,36.9,-10.0,,,,
64.92,4,Atta_4,1305.1,171.9,38.0,-53.8,-2.4,,,,
64.92,5,Atta_5,507.0,567.6,264.2,29.7,-1.4,,,,
64.92,6,Atta_6,1813.9,2272.8,219.1,42.1,0.2,,,,
64.92,7,Atta_7,968.2,102.4,41.8,85.1,-3.6,,,,
64.92,8,Atta_8,1806.7,2150.5,105.9,47.2,-6.8,,,,
64.92,9,Atta_9,376.9,1674.2,346.8,-137.8,-5.5,,,,
64.92,10,Atta_10,691.6,800.1,216.9,-54.0,-5.6,,,,
64.989,1,Atta_1,114.4,1640.8,203.1,45.2,-1.5,,,,
64.989,2,Atta_2,1332.5,669.7,110.4,-41.5,-5.1,,,,
64.989,3,Atta_3,1170.7,2604.1,210.8,8.8,-0.9,,,,
64.989,4,Atta_4,1254.2,227.1,40.8,-75.1,2.8,,,,
64.989,5,Atta_5,492.9,614.5,261.5,-49.0,-2.7,,,,
64.989,6,Atta_6,1820.0,2359.9,223.9,-87.3,4.8,,,,
64.989,7,Atta_7,893.8,117.0,41.2,-75.8,-0.6,,,,
64.989,8,Atta_8,1848.2,2132.9,103.1,-45.1,-2.8,,,,
64.989,9,Atta_9,425.4,1576.0,344.7,109.5,-2.1,,,,
64.989,10,Atta_10,631.5,785.8,216.6,61.8,-0.3,,,,
65.056,1,Atta_1,96.0,1655.0,204.5,23.2,1.4,,,,
65.056,2,Atta_2,1353.1,693.3,111.4,31.3,1.0,,,,
65.056,3,Atta_3,1223.0,2642.8,209.4,-65.1,-1.4,,,,
65.056,4,Atta_4,1388.4,281.2,41.0,144.7,0.2,,,,
65.056,5,Atta_5,473.2,611.1,262.4,20.0,0.9,,,,
65.056,6,Atta_6,1841.6,2331.5,219.8,35.7,-4.1,,,,
65.056,7,Atta_7,866.5,124.2,46.2,-28.2,5.0,,,,
65.056,8,Atta_8,1861.6,2109.8,102.3,-26.7,-0.8,,,,
65.056,9,Atta_9,417.9,1597.2,339.2,-22.5,-5.5,,,,
65.056,10,Atta_10,661.5,824.9,215.5,-49.3,-1.1,,,,
65.108,1,Atta_1,114.4,1690.1,205.0,-39.6,0.5,,,,
65.108,2,Atta_2,1408.1,682.8,114.2,-56.0,2.8,,,,
65.108,3,Atta_3,1218.9,2601.7,202.1,41.3,-7.3,,,,
65.108,4,Atta_4,1342.0,243.2,38.0,-60.0,-3.0,,,,
65.108,5,Atta_5,428.8,623.3,263.7,-46.0,1.3,,,,
65.108,6,Atta_6,1777.2,2313.3,220.9,66.9,1.1,,,,
65.108,7,Atta_7,957.7,164.2,45.9,99.6,-0.3,,,,
65.108,8,Atta_8,1816.0,2078.8,98.6,-55.1,-3.7,,,,
65.108,9,Atta_9,366.5,1586.5,332.2,-52.5,-7.0,,,,
65.108,10,Atta_10,602.4,775.2,213.8,77.2,-1.7,,,,
65.169,1,Atta_1,147.3,1691.2,203.7,-32.9,-1.3,,,,
65.169,2,Atta_2,1326.8,660.2,111.5,84.4,-2.7,,,,
65.169,3,Atta_3,1193.6,2620.5,195.1,31.5,-7.0,,,,
65.169,4,Atta_4,1322.2,171.6,43.3,-74.3,5.3,,,,
65.169,5,Atta_5,417.8,607.7,262.4,19.1,-1.3,,,,
65.169,6,Atta_6,1786.7,2244.5,218.8,69.5,-2.1,,,,
65.169,7,Atta_7,900.1,107.7,47.4,-80.7,1.5,,,,
65.169,8,Atta_8,1821.4,2117.6,96.8,39.2,-1.8,,,,
65.169,9,Atta_9,358.3,1581.0,331.4,-9.9,-0.8,,,,
65.169,10,Atta_10,613.7,813.5,218.0,-39.9,4.2,,,,
65.235,1,Atta_1,155.4,1698.0,204.4,-10.6,0.7,,,,
65.235,2,Atta_2,1330.8,767.6,114.7,107.5,3.2,,,,
65.235,3,Atta_3,1173.5,2555.8,195.4,67.8,0.3,,,,
65.235,4,Atta_4,1350.6,273.4,37.0,105.7,-6.3,,,,
65.235,5,Atta_5,489.2,588.4,259.8,74.0,-2.6,,,,
65.235,6,Atta_6,1812.7,2293.9,219.1,-55.8,0.3,,,,
65.235,7,Atta_7,979.9,155.2,52.7,92.9,5.3,,,,
65.235,8,Atta_8,1846.1,2122.3,102.3,25.1,5.5,,,,
65.235,9,Atta_9,360.1,1617.9,328.9,-36.9,-2.5,,,,
65.235,10,Atta_10,601.8,735.4,216.2,79.0,-1.8,,,,
65.303,1,Atta_1,177.3,1670.4,208.8,-35.2,4.4,,,,
65.303,2,Atta_2,1326.9,752.4,115.0,-15.7,0.3,,,,
65.303,3,Atta_3,1260.7,2629.3,187.0,-114.0,-8.4,,,,
65.303,4,Atta_4,1365.5,296.7,39.8,27.7,2.8,,,,
65.303,5,Atta_5,485.2,567.6,260.7,21.2,0.9,,,,
65.303,6,Atta_6,1810.9,2326.8,215.9,-32.9,-3.2,,,,
65.303,7,Atta_7,943.1,175.8,55.0,-42.2,2.3,,,,
65.303,8,Atta_8,1796.4,2089.7,101.1,-59.4,-1.2,,,,
65.303,9,Atta_9,369.2,1623.7,327.8,10.8,-1.1,,,,
65.303,10,Atta_10,643.3,721.1,216.7,-43.9,0.5,,,,
65.374,1,Atta_1,154.3,1692.8,216.4,32.1,7.6,,,,
65.374,2,Atta_2,1268.5,773.5,118.5,62.1,3.5,,,,
65.374,3,Atta_3,1230.1,2607.2,181.9,37.7,-5.1,,,,
65.374,4,Atta_4,1381.4,282.8,40.1,21.1,0.3,,,,
65.374,5,Atta_5,470.7,551.2,259.2,21.9,-1.5,,,,
65.374,6,Atta_6,1807.3,2253.3,217.2,73.6,1.3,,,,
65.374,7,Atta_7,926.8,134.4,64.6,-44.5,9.6,,,,
65.374,8,Atta_8,1776.6,2167.4,107.6,80.2,6.5,,,,
65.374,9,Atta_9,313.4,1607.3,331.9,-58.2,4.1,,,,
65.374,10,Atta_10,591.2,726.4,218.9,52.4,2.2,,,,
65.515,1,Atta_1,149.7,1704.0,220.8,-12.1,4.4,,,,
65.515,2,Atta_2,1272.9,787.3,111.4,14.5,-7.1,,,,
65.515,3,Atta_3,1176.7,2623.5,176.3,55.8,-5.6,,,,
65.515,4,Atta_4,1368.8,336.6,43.7,55.3,3.6,,,,
65.515,5,Atta_5,465.1,544.5,261.8,8.7,2.6,,,,
65.515,6,Atta_6,1716.9,2265.4,218.4,91.2,1.2,,,,
65.515,7,Atta_7,952.9,172.8,71.6,46.4,7.0,,,,
65.515,8,Atta_8,1813.4,2109.7,110.6,-68.4,3.0,,,,
65.515,9,Atta_9,371.0,1619.9,330.2,59.0,-1.7,,,,
65.515,10,Atta_10,632.2,728.0,216.0,-41.0,-2.9,,,,
65.581,1,Atta_1,172.9,1731.0,219.4,-35.6,-1.4,,,,
65.581,2,Atta_2,1297.8,745.1,111.8,-49.0,0.4,,,,
65.581,3,Atta_3,1201.1,2619.8,170.8,-24.7,-5.5,,,,
65.581,4,Atta_4,1405.5,332.4,42.8,36.9,-0.9,,,,
65.581,5,Atta_5,505.6,539.3,261.9,-40.8,0.1,,,,
65.581,6,Atta_6,1758.6,2259.4,221.6,-42.1,3.2,,,,
65.581,7,Atta_7,929.7,165.4,73.1,-24.4,1.5,,,,
65.581,8,Atta_8,1821.9,2160.0,118.1,51.0,7.5,,,,
65.581,9,Atta_9,374.7,1612.0,329.6,8.7,-0.6,,,,
65.581,10,Atta_10,531.1,711.0,218.9,102.5,2.9,,,,
65.65,1,Atta_1,220.9,1773.5,230.6,-64.1,11.2,,,,
65.65,2,Atta_2,1296.8,803.5,111.8,58.4,0.0,,,,
65.65,3,Atta_3,1229.7,2659.6,167.0,-49.0,-3.8,,,,
65.65,4,Atta_4,1385.4,236.3,39.6,-98.2,-3.2,,,,
65.65,5,Atta_5,443.4,462.2,264.7,99.1,2.8,,,,
65.65,6,Atta_6,1737.0,2211.1,220.4,52.9,-1.2,,,,
65.65,7,Atta_7,913.9,156.0,80.0,-18.4,6.9,,,,
65.65,8,Atta_8,1859.8,2088.8,120.8,-80.7,2.7,,,,
65.65,9,Atta_9,413.6,1578.5,326.5,51.3,-3.1,,,,
65.65,10,Atta_10,569.4,698.6,218.6,-40.3,-0.3,,,,
65.719,1,Atta_1,227.6,1633.4,236.6,140.3,6.0,,,,
65.719,2,Atta_2,1238.6,772.1,117.4,-66.1,5.6,,,,
65.719,3,Atta_3,1194.3,2606.5,168.1,63.8,1.1,,,,
65.719,4,Atta_4,1465.8,334.8,40.9,127.1,1.3,,,,
65.719,5,Atta_5,454.4,523.1,265.4,-61.9,0.7,,,,
65.719,6,Atta_6,1730.9,2244.6,218.2,-34.1,-2.2,,,,
65.719,7,Atta_7,938.6,198.1,86.8,48.8,6.8,,,,
65.719,8,Atta_8,1796.9,2090.5,126.0,62.9,5.2,,,,
65.719,9,Atta_9,398.3,1614.2,329.6,-38.8,3.1,,,,
65.719,10,Atta_10,616.1,681.8,218.3,-49.6,-0.3,,,,
65.785,1,Atta_1,192.3,1633.9,237.2,35.3,0.6,,,,
65.785,2,Atta_2,1239.1,799.0,111.1,26.9,-6.3,,,,
65.785,3,Atta_3,1243.7,2636.5,169.3,-57.8,1.2,,,,
65.785,4,Atta_4,1418.3,341.9,41.9,-48.0,1.0,,,,
65.785,5,Atta_5,447.2,474.2,259.8,49.4,-5.6,,,,
65.785,6,Atta_6,1710.2,2202.7,219.6,46.7,1.4,,,,
65.785,7,Atta_7,917.6,213.1,91.0,25.8,4.2,,,,
65.785,8,Atta_8,1828.8,2114.4,132.1,39.9,6.1,,,,
65.785,9,Atta_9,436.3,1592.4,328.1,43.8,-1.5,,,,
65.785,10,Atta_10,570.4,730.8,212.3,67.0,-6.0,,,,
65.856,1,Atta_1,146.8,1671.3,246.8,-58.9,9.6,,,,
65.856,2,Atta_2,1285.7,805.0,115.1,-47.0,4.0,,,,
65.856,3,Atta_3,1211.0,2663.7,168.2,42.5,-1.1,,,,
65.856,4,Atta_4,1426.0,292.1,35.4,-50.4,-6.5,,,,
65.856,5,Atta_5,474.0,445.9,263.9,39.0,4.1,,,,
65.856,6,Atta_6,1662.9,2202.1,219.7,47.3,0.1,,,,
65.856,7,Atta_7,929.0,138.6,86.5,-75.4,-4.5,,,,
65.856,8,Atta_8,1848.6,2113.8,135.8,-19.8,3.7,,,,
65.856,9,Atta_9,416.9,1590.7,330.7,-19.5,2.6,,,,
65.856,10,Atta_10,500.4,664.3,216.2,96.6,3.9,,,,
65.927,1,Atta_1,166.9,1660.6,250.0,22.8,3.2,,,,
65.927,2,Atta_2,1311.6,812.8,112.0,-27.0,-3.1,,,,
65.927,3,Atta_3,1228.4,2636.0,165.4,-32.7,-2.8,,,,
65.927,4,Atta_4,1416.4,325.2,36.7,34.5,1.3,,,,
65.927,5,Atta_5,504.6,430.5,264.2,34.3,0.3,,,,
65.927,6,Atta_6,1731.4,2208.3,218.3,-68.8,-1.4,,,,
65.927,7,Atta_7,958.3,181.6,88.0,52.0,1.5,,,,
65.927,8,Atta_8,1804.0,2109.3,139.9,44.8,4.1,,,,
65.927,9,Atta_9,480.0,1555.3,329.4,72.4,-1.3,,,,
65.927,10,Atta_10,476.3,723.3,217.6,-63.7,1.4,,,,
65.979,1,Atta_1,197.3,1724.0,252.8,-70.3,2.8,,,,
65.979,2,Atta_2,1257.9,777.7,112.0,-64.2,0.0,,,,
65.979,3,Atta_3,1188.4,2598.4,166.6,54.9,1.2,,,,
65.979,4,Atta_4,1412.2,389.3,38.6,64.2,1.9,,,,
65.979,5,Atta_5,503.6,448.8,258.7,-18.3,-5.5,,,,
65.979,6,Atta_6,1700.9,2224.7,222.3,34.6,4.0,,,,
65.979,7,Atta_7,940.7,245.3,89.8,66.1,1.8,,,,
65.979,8,Atta_8,1800.0,2147.5,144.2,38.4,4.3,,,,
65.979,9,Atta_9,455.7,1572.0,330.4,-29.5,1.0,,,,
65.979,10,Atta_10,516.4,664.7,218.0,71.0,0.4,,,,
66.108,1,Atta_1,158.2,1707.9,256.3,42.3,3.5,,,,
66.108,2,Atta_2,1319.4,859.4,112.6,102.3,0.6,,,,
66.108,3,Atta_3,1267.9,2600.9,162.8,-79.5,-3.8,,,,
66.108,4,Atta_4,1417.2,345.0,40.4,-44.6,1.8,,,,
66.108,5,Atta_5,464.0,367.7,263.6,90.3,4.9,,,,
66.108,6,Atta_6,1658.0,2248.3,214.8,49.0,-7.5,,,,
66.108,7,Atta_7,905.5,207.0,91.2,-52.0,1.4,,,,
66.108,8,Atta_8,1856.2,2089.1,149.3,-81.0,5.1,,,,
66.108,9,Atta_9,445.9,1585.7,328.3,-16.8,-2.1,,,,
66.108,10,Atta_10,532.9,692.7,217.5,-32.5,-0.5,,,,
66.175,1,Atta_1,171.3,1697.4,262.8,16.8,6.5,,,,
66.175,2,Atta_2,1298.2,898.8,115.7,44.7,3.1,,,,
66.175,3,Atta_3,1238.5,2585.5,156.8,33.2,-6.0,,,,
66.175,4,Atta_4,1409.6,376.6,44.7,32.5,4.3,,,,
66.175,5,Atta_5,444.6,388.5,262.1,-28.4,-1.5,,,,
66.175,6,Atta_6,1667.0,2241.9,217.2,-11.0,2.4,,,,
66.175,7,Atta_7,931.2,162.7,87.3,-51.2,-3.9,,,,
66.175,8,Atta_8,1874.8,2080.8,154.0,-20.4,4.7,,,,
66.175,9,Atta_9,486.7,1523.3,329.2,74.6,0.9,,,,
66.175,10,Atta_10,543.5,624.8,219.0,68.7,1.5,,,,
66.24,1,Atta_1,115.8,1711.6,263.4,-57.3,0.6,,,,
66.24,2,Atta_2,1251.1,868.8,113.8,-55.8,-1.9,,,,
66.24,3,Atta_3,1232.4,2648.8,154.8,63.6,-2.0,,,,
66.24,4,Atta_4,1438.3,373.8,51.4,28.8,6.7,,,,
66.24,5,Atta_5,493.0,387.1,261.3,-48.4,-0.8,,,,
66.24,6,Atta_6,1698.8,2213.4,215.2,-42.7,-2.0,,,,
66.24,7,Atta_7,951.9,167.8,88.8,21.3,1.5,,,,
66.24,8,Atta_8,1811.8,2170.8,154.4,109.9,0.4,,,,
66.24,9,Atta_9,471.2,1541.9,329.3,-24.2,0.1,,,,
66.24,10,Atta_10,487.9,656.0,218.0,63.8,-1.0,,,,
66.309,1,Atta_1,188.9,1662.4,262.0,88.1,-1.4,,,,
66.309,2,Atta_2,1265.1,855.6,111.8,-19.2,-2.0,,,,
66.309,3,Atta_3,1244.1,2653.1,147.3,-12.5,-7.5,,,,
66.309,4,Atta_4,1406.3,379.7,48.8,-32.5,-2.6,,,,
66.309,5,Atta_5,466.9,415.6,266.9,-38.6,5.6,,,,
66.309,6,Atta_6,1691.3,2123.3,222.0,90.4,6.8,,,,
66.309,7,Atta_7,917.6,183.2,85.7,37.6,-3.1,,,,
66.309,8,Atta_8,1802.4,2068.4,156.5,-102.8,2.1,,,,
66.309,9,Atta_9,451.2,1599.2,329.9,-60.7,0.6,,,,
66.309,10,Atta_10,468.1,660.5,216.8,20.3,-1.2,,,,
66.37,1,Atta_1,212.9,1714.5,258.5,-57.4,-3.5,,,,
66.37,2,Atta_2,1313.6,938.2,113.6,95.8,1.8,,,,
66.37,3,Atta_3,1276.9,2601.2,142.3,-61.4,-5.0,,,,
66.37,4,Atta_4,1421.1,357.9,57.6,-26.3,8.8,,,,
66.37,5,Atta_5,455.4,358.8,264.1,58.0,-2.8,,,,
66.37,6,Atta_6,1673.0,2233.8,213.8,-112.0,-8.2,,,,
66.37,7,Atta_7,935.6,198.7,88.5,23.8,2.8,,,,
66.37,8,Atta_8,1802.6,2121.4,156.7,53.0,0.2,,,,
66.37,9,Atta_9,487.8,1563.4,328.9,51.2,-1.0,,,,
66.37,10,Atta_10,455.3,663.6,219.1,13.2,2.3,,,,
66.439,1,Atta_1,198.4,1662.3,262.4,54.2,3.9,,,,
66.439,2,Atta_2,1246.6,918.6,111.0,69.8,-2.6,,,,
66.439,3,Atta_3,1133.9,2603.6,135.5,143.0,-6.8,,,,
66.439,4,Atta_4,1430.0,286.2,60.1,-72.3,2.5,,,,
66.439,5,Atta_5,510.8,358.6,261.4,-55.4,-2.7,,,,
66.439,6,Atta_6,1687.7,2202.2,220.7,34.9,6.9,,,,
66.439,7,Atta_7,947.8,255.2,88.8,57.8,0.3,,,,
66.439,8,Atta_8,1821.3,2137.0,159.1,-24.4,2.4,,,,
66.439,9,Atta_9,475.1,1554.1,331.2,-15.7,2.3,,,,
66.439,10,Atta_10,442.6,629.4,214.4,36.5,-4.7,,,,
66.507,1,Atta_1,141.1,1719.8,263.0,-81.2,0.6,,,,
66.507,2,Atta_2,1248.3,870.9,112.8,-47.7,1.8,,,,
66.507,3,Atta_3,1240.4,2612.6,133.8,-106.9,-1.7,,,,
66.507,4,Atta_4,1440.3,349.8,66.0,64.4,5.9,,,,
66.507,5,Atta_5,486.2,322.3,265.4,43.9,4.0,,,,
66.507,6,Atta_6,1599.2,2224.2,217.7,91.2,-3.0,,,,
66.507,7,Atta_7,916.0,222.3,88.8,-45.8,0.0,,,,
66.507,8,Atta_8,1858.8,2106.6,158.4,-48.3,-0.7,,,,
66.507,9,Atta_9,543.3,1549.0,327.6,68.4,-3.6,,,,
66.507,10,Atta_10,501.3,619.9,217.8,-59.5,3.4,,,,
66.574,1,Atta_1,133.2,1656.7,263.1,63.6,0.1,,,,
66.574,2,Atta_2,1277.3,940.8,111.7,75.7,-1.1,,,,
66.574,3,Atta_3,1222.5,2604.7,131.7,19.6,-2.1,,,,
66.574,4,Atta_4,1396.4,330.4,69.0,-48.0,3.0,,,,
66.574,5,Atta_5,516.8,355.0,261.6,-44.8,-3.8,,,,
66.574,6,Atta_6,1650.7,2147.4,216.8,92.5,-0.9,,,,
66.574,7,Atta_7,972.6,210.5,85.6,-57.8,-3.2,,,,
66.574,8,Atta_8,1880.4,2118.4,157.1,-24.6,-1.3,,,,
66.574,9,Atta_9,546.6,1500.7,326.2,48.4,-1.4,,,,
66.574,10,Atta_10,437.5,667.2,221.0,79.4,3.2,,,,
66.629,1,Atta_1,183.7,1657.3,263.2,-50.5,0.1,,,,
66.629,2,Atta_2,1290.8,967.6,114.7,30.0,3.0,,,,
66.629,3,Atta_3,1145.5,2622.7,123.7,79.1,-8.0,,,,
66.629,4,Atta_4,1446.0,354.6,77.6,55.2,8.6,,,,
66.629,5,Atta_5,439.5,337.0,261.5,79.4,-0.1,,,,
66.629,6,Atta_6,1630.8,2169.7,221.4,29.9,4.6,,,,
66.629,7,Atta_7,931.4,238.4,91.4,49.8,5.8,,,,
66.629,8,Atta_8,1794.3,2145.9,156.9,90.4,-0.2,,,,
66.629,9,Atta_9,485.4,1542.9,333.1,-74.3,6.9,,,,
66.629,10,Atta_10,434.4,646.4,218.5,21.0,-2.5,,,,
66.698,1,Atta_1,119.6,1624.3,262.1,72.1,-1.1,,,,
66.698,2,Atta_2,1213.2,901.2,111.4,-102.1,-3.3,,,,
66.698,3,Atta_3,1233.2,2623.9,121.6,-87.7,-2.1,,,,
66.698,4,Atta_4,1422.6,336.0,84.1,-29.9,6.5,,,,
66.698,5,Atta_5,472.2,369.3,261.4,-46.0,-0.1,,,,
66.698,6,Atta_6,1589.2,2115.0,220.1,68.7,-1.3,,,,
66.698,7,Atta_7,940.9,240.8,89.0,9.8,-2.4,,,,
66.698,8,Atta_8,1807.2,2163.6,154.6,-21.9,-2.3,,,,
66.698,9,Atta_9,616.1,1476.3,325.7,146.7,-7.4,,,,
66.698,10,Atta_10,425.9,607.1,218.8,40.2,0.3,,,,
66.764,1,Atta_1,171.5,1644.5,264.1,-55.7,2.0,,,,
66.764,2,Atta_2,1241.2,910.4,110.7,-29.5,-0.7,,,,
66.764,3,Atta_3,1200.5,2595.0,116.7,-43.6,-4.9,,,,
66.764,4,Atta_4,1484.0,381.7,87.2,76.5,3.1,,,,
66.764,5,Atta_5,429.9,231.7,260.4,144.0,-1.0,,,,
66.764,6,Atta_6,1572.8,2119.2,220.0,16.9,-0.1,,,,
66.764,7,Atta_7,943.1,317.8,89.3,77.0,0.3,,,,
66.764,8,Atta_8,1766.7,2125.5,158.6,55.6,4.0,,,,
66.764,9,Atta_9,509.2,1533.9,325.3,-121.4,-0.4,,,,
66.764,10,Atta_10,419.4,598.1,209.9,11.1,-8.9,,,,
66.834,1,Atta_1,148.9,1635.7,261.3,24.3,-2.8,,,,
66.834,2,Atta_2,1185.6,932.8,113.6,59.9,2.9,,,,
66.834,3,Atta_3,1215.2,2644.4,109.6,51.5,-7.1,,,,
66.834,4,Atta_4,1463.2,315.6,84.7,-69.3,-2.5,,,,
66.834,5,Atta_5,466.3,308.7,262.2,-85.2,1.8,,,,
66.834,6,Atta_6,1617.8,2212.6,219.1,-103.7,-0.9,,,,
66.834,7,Atta_7,903.6,309.3,87.4,-40.4,-1.9,,,,
66.834,8,Atta_8,1757.6,2094.6,158.6,-32.2,0.0,,,,
66.834,9,Atta_9,555.8,1497.1,327.1,59.4,1.8,,,,
66.834,10,Atta_10,427.3,626.4,216.9,-29.4,7.0,,,,
66.903,1,Atta_1,152.5,1613.2,259.3,22.8,-2.0,,,,
66.903,2,Atta_2,1152.4,943.1,109.7,34.8,-3.9,,,,
66.903,3,Atta_3,1222.6,2619.9,108.9,-25.6,-0.7,,,,
66.903,4,Atta_4,1470.4,317.0,91.0,7.3,6.3,,,,
66.903,5,Atta_5,445.9,294.5,264.1,24.9,1.9,,,,
66.903,6,Atta_6,1615.4,2143.7,218.9,68.9,-0.2,,,,
66.903,7,Atta_7,965.9,281.8,89.7,-68.1,2.3,,,,
66.903,8,Atta_8,1718.2,2102.5,157.0,40.2,-1.6,,,,
66.903,9,Atta_9,661.1,1528.2,327.6,109.8,0.5,,,,
66.903,10,Atta_10,410.3,561.3,215.5,67.3,-1.4,,,,
66.972,1,Atta_1,138.4,1647.8,262.8,-37.4,3.5,,,,
66.972,2,Atta_2,1263.2,989.9,112.5,120.3,2.8,,,,
66.972,3,Atta_3,1184.9,2606.8,96.7,-39.9,-12.2,,,,
66.972,4,Atta_4,1413.7,345.2,98.4,63.3,7.4,,,,
66.972,5,Atta_5,431.0,290.4,259.1,15.5,-5.0,,,,
66.972,6,Atta_6,1579.4,2137.9,220.6,36.5,1.7,,,,
66.972,7,Atta_7,908.3,283.9,86.6,57.6,-3.1,,,,
66.972,8,Atta_8,1776.5,2085.8,159.9,-60.6,2.9,,,,
66.972,9,Atta_9,588.0,1484.3,328.5,-85.3,0.9,,,,
66.972,10,Atta_10,399.2,578.8,217.1,-20.7,1.6,,,,
67.038,1,Atta_1,168.2,1576.6,260.7,77.2,-2.1,,,,
67.038,2,Atta_2,1256.3,1020.0,112.2,30.9,-0.3,,,,
67.038,3,Atta_3,1197.2,2661.3,99.8,55.9,3.1,,,,
67.038,4,Atta_4,1389.6,388.4,101.9,49.5,3.5,,,,
67.038,5,Atta_5,475.4,288.3,263.5,-44.4,4.4,,,,
67.038,6,Atta_6,1557.7,2154.1,220.6,27.1,0.0,,,,
67.038,7,Atta_7,941.9,324.4,87.5,52.6,0.9,,,,
67.038,8,Atta_8,1719.7,2124.6,152.1,68.8,-7.8,,,,
67.038,9,Atta_9,640.8,1494.3,328.6,53.7,0.1,,,,
67.038,10,Atta_10,416.1,560.1,217.2,-25.2,0.1,,,,
67.108,1,Atta_1,171.9,1558.3,260.9,18.7,0.2,,,,
67.108,2,Atta_2,1241.6,989.2,117.6,-34.1,5.4,,,,
67.108,3,Atta_3,1210.3,2577.7,94.3,-84.6,-5.5,,,,
67.108,4,Atta_4,1458.2,431.9,109.5,81.2,7.6,,,,
67.108,5,Atta_5,453.5,280.3,261.6,23.3,-1.9,,,,
67.108,6,Atta_6,1607.7,2201.9,223.9,-69.2,3.3,,,,
67.108,7,Atta_7,926.0,378.6,88.2,56.5,0.7,,,,
67.108,8,Atta_8,1744.8,2115.1,153.1,-26.8,1.0,,,,
67.108,9,Atta_9,606.6,1464.3,331.4,-45.5,2.8,,,,
67.108,10,Atta_10,359.1,617.9,215.3,81.2,-1.9,,,,
67.177,1,Atta_1,195.3,1589.7,261.4,-39.2,0.5,,,,
67.177,2,Atta_2,1196.7,987.0,122.6,45.0,5.0,,,,
67.177,3,Atta_3,1206.3,2607.4,90.4,30.0,-3.9,,,,
67.177,4,Atta_4,1417.5,328.2,111.0,-111.4,1.5,,,,
67.177,5,Atta_5,474.3,253.3,261.8,34.1,0.2,,,,
67.177,6,Atta_6,1654.9,2192.2,225.8,-48.2,1.9,,,,
67.177,7,Atta_7,892.2,366.7,88.4,-35.8,0.2,,,,
67.177,8,Atta_8,1773.4,2136.6,157.5,-35.8,4.4,,,,
67.177,9,Atta_9,572.6,1485.0,341.9,-39.8,10.5,,,,
67.177,10,Atta_10,360.1,532.5,219.5,85.4,4.2,,,,
67.247,1,Atta_1,174.5,1542.5,266.6,51.6,5.2,,,,
67.247,2,Atta_2,1254.0,982.9,127.1,-57.4,4.5,,,,
67.247,3,Atta_3,1199.7,2594.1,83.4,-14.8,-7.0,,,,
67.247,4,Atta_4,1463.0,320.4,120.8,-46.2,9.8,,,,
67.247,5,Atta_5,438.5,183.5,258.9,78.4,-2.9,,,,
67.247,6,Atta_6,1689.9,2183.4,221.6,-36.1,-4.2,,,,
67.247,7,Atta_7,932.5,411.3,88.1,60.1,-0.3,,,,
67.247,8,Atta_8,1840.0,2142.4,156.2,-66.9,-1.3,,,,
67.247,9,Atta_9,549.8,1491.1,340.8,-23.6,-1.1,,,,
67.247,10,Atta_10,342.5,611.7,216.5,-81.1,-3.0,,,,
67.298,1,Atta_1,183.1,1540.5,268.2,8.8,1.6,,,,
67.298,2,Atta_2,1195.7,919.9,131.5,-85.8,4.4,,,,
67.298,3,Atta_3,1218.9,2632.4,81.0,42.8,-2.4,,,,
67.298,4,Atta_4,1405.5,368.7,117.5,75.1,-3.3,,,,
67.298,5,Atta_5,415.3,247.9,253.8,-68.5,-5.1,,,,
67.298,6,Atta_6,1653.2,2188.7,220.9,37.1,-0.7,,,,
67.298,7,Atta_7,971.1,334.5,90.4,-86.0,2.3,,,,
67.298,8,Atta_8,1787.3,2051.1,154.1,105.4,-2.1,,,,
67.298,9,Atta_9,590.1,1456.2,349.1,53.3,8.3,,,,
67.298,10,Atta_10,289.4,575.6,216.0,64.2,-0.5,,,,
67.367,1,Atta_1,151.4,1505.6,273.7,47.1,5.5,,,,
67.367,2,Atta_2,1190.2,999.2,136.1,79.5,4.6,,,,
67.367,3,Atta_3,1229.4,2599.6,77.6,-34.4,-3.4,,,,
67.367,4,Atta_4,1443.5,388.0,125.7,-42.6,8.2,,,,
67.367,5,Atta_5,413.2,269.4,244.7,-21.6,-9.1,,,,
67.367,6,Atta_6,1628.1,2168.7,214.5,32.1,-6.4,,,,
67.367,7,Atta_7,940.0,392.6,87.4,65.9,-3.0,,,,
67.367,8,Atta_8,1866.3,2062.8,156.4,-79.9,2.3,,,,
67.367,9,Atta_9,602.2,1482.6,353.6,29.0,4.5,,,,
67.367,10,Atta_10,268.7,531.1,217.3,49.1,1.3,,,,
67.437,1,Atta_1,104.0,1596.8,283.1,-102.8,9.4,,,,
67.437,2,Atta_2,1182.9,963.0,140.5,-36.9,4.4,,,,
67.437,3,Atta_3,1214.5,2603.5,78.3,15.4,0.7,,,,
67.437,4,Atta_4,1447.1,345.9,129.5,-42.3,3.8,,,,
67.437,5,Atta_5,405.2,248.3,246.3,22.6,1.6,,,,
67.437,6,Atta_6,1670.5,2156.5,210.7,-44.1,-3.8,,,,
67.437,7,Atta_7,896.1,312.4,91.2,-91.4,3.8,,,,
67.437,8,Atta_8,1866.6,2090.4,153.2,27.6,-3.2,,,,
67.437,9,Atta_9,623.6,1478.9,354.0,21.7,0.4,,,,
67.437,10,Atta_10,295.7,519.1,215.4,-29.5,-1.9,,,,
67.504,1,Atta_1,172.7,1586.5,282.2,69.5,-0.9,,,,
67.504,2,Atta_2,1194.8,966.8,147.8,-12.5,7.3,,,,
67.504,3,Atta_3,1263.4,2598.3,79.0,49.2,0.7,,,,
67.504,4,Atta_4,1441.8,343.1,134.0,6.0,4.5,,,,
67.504,5,Atta_5,452.5,201.9,239.0,66.3,-7.3,,,,
67.504,6,Atta_6,1662.4,2133.7,212.1,24.2,1.4,,,,
67.504,7,Atta_7,942.8,395.7,89.3,95.5,-1.9,,,,
67.504,8,Atta_8,1844.1,2095.4,153.0,23.0,-0.2,,,,
67.504,9,Atta_9,627.2,1478.9,359.4,3.6,5.4,,,,
67.504,10,Atta_10,298.9,490.1,215.8,29.2,0.4,,,,
67.568,1,Atta_1,171.0,1594.0,287.6,-7.7,5.4,,,,
67.568,2,Atta_2,1258.5,953.8,150.9,-65.0,3.1,,,,
67.568,3,Atta_3,1203.3,2612.3,80.3,61.7,1.3,,,,
67.568,4,Atta_4,1438.8,364.2,143.0,21.3,9.0,,,,
67.568,5,Atta_5,438.9,210.9,236.6,-16.3,-2.4,,,,
67.568,6,Atta_6,1619.6,2124.4,206.2,43.8,-5.9,,,,
67.568,7,Atta_7,957.1,398.6,91.5,14.6,2.2,,,,
67.568,8,Atta_8,1788.4,2129.4,145.6,65.3,-7.4,,,,
67.568,9,Atta_9,576.4,1503.2,6.1,-56.3,6.7,,,,
67.568,10,Atta_10,253.1,513.9,217.7,51.6,1.9,,,,
67.638,1,Atta_1,113.4,1531.1,294.5,85.3,6.9,,,,
67.638,2,Atta_2,1223.5,973.2,154.4,40.0,3.5,,,,
67.638,3,Atta_3,1224.6,2628.0,76.0,26.5,-4.3,,,,
67.638,4,Atta_4,1418.3,316.2,144.8,-52.2,1.8,,,,
67.638,5,Atta_5,404.8,271.4,231.3,-69.4,-5.3,,,,
67.638,6,Atta_6,1665.1,2146.4,199.7,-50.5,-6.5,,,,
67.638,7,Atta_7,985.5,457.4,88.2,65.3,-3.3,,,,
67.638,8,Atta_8,1831.6,2102.7,141.8,-50.8,-3.8,,,,
67.638,9,Atta_9,610.6,1473.2,7.2,45.5,1.1,,,,
67.638,10,Atta_10,281.1,528.0,217.6,-31.3,-0.1,,,,
67.704,1,Atta_1,107.5,1547.3,294.9,-17.2,0.4,,,,
67.704,2,Atta_2,1177.9,972.0,160.4,45.6,6.0,,,,
67.704,3,Atta_3,1203.8,2620.5,76.4,-22.1,0.4,,,,
67.704,4,Atta_4,1465.5,369.2,148.8,-71.0,4.0,,,,
67.704,5,Atta_5,416.6,247.6,228.4,26.6,-2.9,,,,
67.704,6,Atta_6,1715.4,2196.2,194.1,-70.8,-5.6,,,,
67.704,7,Atta_7,932.9,465.3,82.3,53.2,-5.9,,,,
67.704,8,Atta_8,1842.9,2146.8,136.2,45.5,-5.6,,,,
67.704,9,Atta_9,575.1,1440.3,12.6,-48.4,5.4,,,,
67.704,10,Atta_10,292.4,504.3,215.4,26.3,-2.2,,,,
67.773,1,Atta_1,135.8,1570.1,306.4,-36.3,11.5,,,,
67.773,2,Atta_2,1232.3,956.9,165.7,-56.5,5.3,,,,
67.773,3,Atta_3,1192.4,2650.9,80.3,32.5,3.9,,,,
67.773,4,Atta_4,1504.3,307.2,151.9,-73.1,3.1,,,,
67.773,5,Atta_5,463.7,229.8,219.4,-50.4,-9.0,,,,
67.773,6,Atta_6,1604.2,2222.4,194.2,114.2,0.1,,,,
67.773,7,Atta_7,938.7,458.2,90.0,-9.2,7.7,,,,
67.773,8,Atta_8,1867.3,2053.9,133.3,-96.1,-2.9,,,,
67.773,9,Atta_9,599.8,1408.6,19.6,40.2,7.0,,,,
67.773,10,Atta_10,299.4,509.1,215.2,-8.5,-0.2,,,,
67.84,1,Atta_1,134.6,1488.1,306.2,82.0,-0.2,,,,
67.84,2,Atta_2,1194.9,1016.4,165.5,70.3,-0.2,,,,
67.84,3,Atta_3,1235.2,2650.9,78.2,42.8,-2.1,,,,
67.84,4,Atta_4,1487.8,368.8,154.7,63.8,2.8,,,,
67.84,5,Atta_5,428.4,253.7,216.4,42.6,-3.0,,,,
67.84,6,Atta_6,1705.7,2156.5,186.7,-121.0,-7.5,,,,
67.84,7,Atta_7,910.1,446.6,90.2,-30.9,0.2,,,,
67.84,8,Atta_8,1844.9,2148.9,130.2,97.6,-3.1,,,,
67.84,9,Atta_9,598.3,1493.9,21.1,85.3,1.5,,,,
67.84,10,Atta_10,250.2,515.0,216.6,49.6,1.4,,,,
67.902,1,Atta_1,147.7,1600.5,312.1,-113.2,5.9,,,,
67.902,2,Atta_2,1170.4,1041.4,174.3,35.0,8.8,,,,
67.902,3,Atta_3,1207.6,2645.9,78.5,-28.0,0.3,,,,
67.902,4,Atta_4,1384.6,371.8,162.2,103.2,7.5,,,,
67.902,5,Atta_5,439.9,314.1,214.8,-61.5,-1.6,,,,
67.902,6,Atta_6,1643.7,2155.0,182.5,62.0,-4.2,,,,
67.902,7,Atta_7,944.4,438.3,89.9,-35.3,-0.3,,,,
67.902,8,Atta_8,1833.3,2069.8,127.4,-79.9,-2.8,,,,
67.902,9,Atta_9,560.0,1503.5,27.4,-39.5,6.3,,,,
67.902,10,Atta_10,272.8,449.2,219.9,69.6,3.3,,,,
68.021,1,Atta_1,226.5,1578.9,318.7,81.7,6.6,,,,
68.021,2,Atta_2,1247.6,989.4,175.6,-93.1,1.3,,,,
68.021,3,Atta_3,1215.3,2682.6,77.6,37.5,-0.9,,,,
68.021,4,Atta_4,1454.5,383.7,169.6,-70.9,7.4,,,,
68.021,5,Atta_5,468.4,251.0,210.5,69.2,-4.3,,,,
68.021,6,Atta_6,1607.5,2183.5,180.0,46.1,-2.5,,,,
68.021,7,Atta_7,1021.0,465.6,89.1,81.3,-0.8,,,,
68.021,8,Atta_8,1831.1,2067.2,121.8,-3.4,-5.6,,,,
68.021,9,Atta_9,615.4,1485.8,35.1,58.2,7.7,,,,
68.021,10,Atta_10,221.0,526.8,219.4,-93.3,-0.5,,,,
68.087,1,Atta_1,159.6,1531.6,322.6,-81.9,3.9,,,,
68.087,2,Atta_2,1173.9,940.3,188.5,88.6,12.9,,,,
68.087,3,Atta_3,1243.7,2677.8,79.8,28.8,2.2,,,,
68.087,4,Atta_4,1471.0,337.1,175.5,-49.4,5.9,,,,
68.087,5,Atta_5,420.1,301.7,200.4,70.0,-10.1,,,,
68.087,6,Atta_6,1613.0,2176.0,166.7,-9.3,-13.3,,,,
68.087,7,Atta_7,914.9,498.4,90.8,111.1,1.7,,,,
68.087,8,Atta_8,1800.8,2103.0,113.7,46.9,-8.1,,,,
68.087,9,Atta_9,620.0,1472.3,37.8,-14.3,2.7,,,,
68.087,10,Atta_10,207.7,457.4,218.0,70.7,-1.4,,,,
68.222,1,Atta_1,163.6,1548.8,330.0,-17.7,7.4,,,,
68.222,2,Atta_2,1220.6,988.3,192.3,-67.0,3.8,,,,
68.222,3,Atta_3,1199.3,2736.5,76.5,73.6,-3.3,,,,
68.222,4,Atta_4,1449.9,349.3,173.4,24.4,-2.1,,,,
68.222,5,Atta_5,417.2,252.5,193.9,49.3,-6.5,,,,
68.222,6,Atta_6,1652.9,2146.8,166.9,-49.4,0.2,,,,
68.222,7,Atta_7,930.0,486.1,83.7,-19.5,-7.1,,,,
68.222,8,Atta_8,1810.2,2065.8,104.4,-38.4,-9.3,,,,
68.222,9,Atta_9,570.5,1501.0,44.7,-57.2,6.9,,,,
68.222,10,Atta_10,259.8,399.1,218.5,-78.2,0.5,,,,
68.288,1,Atta_1,148.2,1584.1,333.3,-38.5,3.3,,,,
68.288,2,Atta_2,1185.9,995.2,195.7,35.4,3.4,,,,
68.288,3,Atta_3,1246.2,2664.5,71.3,-85.9,-5.2,,,,
68.288,4,Atta_4,1459.2,359.6,176.6,-13.9,3.2,,,,
68.288,5,Atta_5,458.1,267.0,189.9,-43.4,-4.0,,,,
68.288,6,Atta_6,1648.7,2215.5,162.4,68.8,-4.5,,,,
68.288,7,Atta_7,953.1,484.8,92.0,23.1,8.3,,,,
68.288,8,Atta_8,1875.9,2120.6,99.8,85.6,-4.6,,,,
68.288,9,Atta_9,603.8,1473.6,46.5,43.1,1.8,,,,
68.288,10,Atta_10,238.1,490.5,218.4,-93.9,-0.1,,,,
68.354,1,Atta_1,151.2,1594.4,339.5,-10.7,6.2,,,,
68.354,2,Atta_2,1158.8,910.7,200.7,88.7,5.0,,,,
68.354,3,Atta_3,1229.2,2645.4,79.1,-25.6,7.8,,,,
68.354,4,Atta_4,1424.7,335.4,168.1,42.1,-8.5,,,,
68.354,5,Atta_5,435.9,284.7,192.4,28.4,2.5,,,,
68.354,6,Atta_6,1641.9,2195.9,166.4,20.7,4.0,,,,
68.354,7,Atta_7,918.7,577.7,89.5,99.1,-2.5,,,,
68.354,8,Atta_8,1775.8,2102.6,97.1,-101.7,-2.7,,,,
68.354,9,Atta_9,611.6,1530.1,54.4,57.0,7.9,,,,
68.354,10,Atta_10,200.7,453.3,215.0,52.8,-3.4,,,,
68.421,1,Atta_1,87.6,1596.4,344.1,-63.6,4.6,,,,
68.421,2,Atta_2,1194.7,1046.0,203.5,-140.0,2.8,,,,
68.421,3,Atta_3,1199.1,2657.4,76.2,32.4,-2.9,,,,
68.421,4,Atta_4,1428.4,344.9,171.3,-10.2,3.2,,,,
68.421,5,Atta_5,452.5,242.2,186.6,-45.6,-5.8,,,,
68.421,6,Atta_6,1691.5,2107.3,163.1,-101.5,-3.3,,,,
68.421,7,Atta_7,952.2,484.2,90.6,-99.3,1.1,,,,
68.421,8,Atta_8,1836.0,2132.8,96.8,67.4,-0.3,,,,
68.421,9,Atta_9,583.2,1475.9,62.6,-61.2,8.2,,,,
68.421,10,Atta_10,173.2,405.7,213.3,55.0,-1.7,,,,
68.491,1,Atta_1,129.5,1530.8,350.7,77.8,6.6,,,,
68.491,2,Atta_2,1217.7,956.9,206.8,92.0,3.3,,,,
68.491,3,Atta_3,1213.1,2633.9,75.4,-27.4,-0.8,,,,
68.491,4,Atta_4,1528.0,396.1,172.7,-112.0,1.4,,,,
68.491,5,Atta_5,440.1,258.8,189.3,20.7,2.7,,,,
68.491,6,Atta_6,1660.4,2159.1,165.6,60.4,2.5,,,,
68.491,7,Atta_7,915.9,521.8,87.4,52.3,-3.2,,,,
68.491,8,Atta_8,1854.8,2120.1,95.4,-22.7,-1.4,,,,
68.491,9,Atta_9,622.9,1447.7,62.1,-48.7,-0.5,,,,
68.491,10,Atta_10,222.3,421.2,219.9,-51.5,6.6,,,,
68.546,1,Atta_1,121.9,1565.7,350.2,-35.7,-0.5,,,,
68.546,2,Atta_2,1200.6,1038.3,214.4,-83.2,7.6,,,,
68.546,3,Atta_3,1244.8,2659.3,75.9,40.6,0.5,,,,
68.546,4,Atta_4,1416.4,319.4,171.4,135.4,-1.3,,,,
68.546,5,Atta_5,488.2,254.3,185.7,-48.3,-3.6,,,,
68.546,6,Atta_6,1606.5,2173.3,164.6,55.7,-1.0,,,,
68.546,7,Atta_7,958.2,579.3,88.4,71.4,1.0,,,,
68.546,8,Atta_8,1832.3,2063.1,98.1,-61.3,2.7,,,,
68.546,9,Atta_9,600.2,1492.3,69.9,50.0,7.8,,,,
68.546,10,Atta_10,158.6,353.4,216.3,93.0,-3.6,,,,
68.596,1,Atta_1,157.5,1546.9,357.9,40.3,7.7,,,,
68.596,2,Atta_2,1260.2,1000.8,218.8,-70.4,4.4,,,,
68.596,3,Atta_3,1219.2,2636.9,74.6,-34.0,-1.3,,,,
68.596,4,Atta_4,1378.9,286.2,170.4,50.1,-1.0,,,,
68.596,5,Atta_5,453.4,225.0,187.7,45.5,2.0,,,,
68.596,6,Atta_6,1648.9,2176.8,163.9,-42.5,-0.7,,,,
68.596,7,Atta_7,979.8,601.2,88.0,30.8,-0.4,,,,
68.596,8,Atta_8,1771.5,2118.9,101.2,82.5,3.1,,,,
68.596,9,Atta_9,624.5,1501.6,70.7,26.0,0.8,,,,
68.596,10,Atta_10,191.1,493.2,217.5,-143.5,1.2,,,,
68.662,1,Atta_1,115.0,1586.4,359.2,-58.0,1.3,,,,
68.662,2,Atta_2,1242.9,1062.8,220.2,-64.4,1.4,,,,
68.662,3,Atta_3,1166.7,2614.8,75.9,-57.0,1.3,,,,
68.662,4,Atta_4,1345.7,354.5,170.8,75.9,0.4,,,,
68.662,5,Atta_5,395.7,227.7,192.7,57.8,5.0,,,,
68.662,6,Atta_6,1613.0,2205.7,167.7,46.1,3.8,,,,
68.662,7,Atta_7,930.0,595.6,86.5,-50.1,-1.5,,,,
68.662,8,Atta_8,1826.2,2104.0,97.3,-56.7,-3.9,,,,
68.662,9,Atta_9,644.7,1486.6,75.1,-25.2,4.4,,,,
68.662,10,Atta_10,208.5,425.9,217.1,69.5,-0.4,,,,
68.731,1,Atta_1,85.9,1552.4,6.6,-44.8,7.4,,,,
68.731,2,Atta_2,1159.4,1004.5,227.7,101.8,7.5,,,,
68.731,3,Atta_3,1212.8,2671.0,73.0,72.7,-2.9,,,,
68.731,4,Atta_4,1390.0,440.4,172.6,-96.7,1.8,,,,
68.731,5,Atta_5,455.1,244.4,199.1,-61.7,6.4,,,,
68.731,6,Atta_6,1674.9,2161.2,166.0,-76.2,-1.7,,,,
68.731,7,Atta_7,1015.6,585.9,89.2,-86.1,2.7,,,,
68.731,8,Atta_8,1832.0,2119.3,101.4,16.4,4.1,,,,
68.731,9,Atta_9,631.4,1453.6,80.1,-35.6,5.0,,,,
68.731,10,Atta_10,126.5,367.5,216.7,100.7,-0.4,,,,
68.799,1,Atta_1,158.7,1552.1,12.2,72.8,5.6,,,,
68.799,2,Atta_2,1236.8,1011.7,228.7,-77.7,1.0,,,,
68.799,3,Atta_3,1186.8,2638.0,68.0,-42.0,-5.0,,,,
68.799,4,Atta_4,1436.5,418.3,170.2,-51.5,-2.4,,,,
68.799,5,Atta_5,465.4,238.2,204.1,-12.0,5.0,,,,
68.799,6,Atta_6,1559.0,2193.5,161.9,120.3,-4.1,,,,
68.799,7,Atta_7,910.8,628.5,87.4,113.1,-1.8,,,,
68.799,8,Atta_8,1852.5,2086.6,92.7,-38.6,-8.7,,,,
68.799,9,Atta_9,652.4,1444.5,86.8,-22.9,6.7,,,,
68.799,10,Atta_10,152.9,430.2,217.6,-68.0,0.9,,,,
68.85,1,Atta_1,145.7,1634.8,15.4,83.7,3.2,,,,
68.85,2,Atta_2,1217.5,1019.3,236.9,20.7,8.2,,,,
68.85,3,Atta_3,1205.4,2631.8,62.5,19.6,-5.5,,,,
68.85,4,Atta_4,1376.3,346.2,172.4,93.9,2.2,,,,
68.85,5,Atta_5,449.6,219.4,207.2,24.6,3.1,,,,
68.85,6,Atta_6,1592.8,2197.9,166.4,-34.1,4.5,,,,
68.85,7,Atta_7,915.8,591.3,86.9,-37.5,-0.5,,,,
68.85,8,Atta_8,1847.7,2160.9,96.8,74.5,4.1,,,,
68.85,9,Atta_9,593.9,1462.0,88.1,61.1,1.3,,,,
68.85,10,Atta_10,171.4,379.1,214.8,54.3,-2.8,,,,
68.916,1,Atta_1,108.7,1605.3,19.3,-47.3,3.9,,,,
68.916,2,Atta_2,1227.4,972.4,243.6,47.9,6.7,,,,
68.916,3,Atta_3,1188.6,2648.8,57.5,23.9,-5.0,,,,
68.916,4,Atta_4,1344.7,370.1,172.5,39.6,0.1,,,,
68.916,5,Atta_5,448.3,219.0,211.9,1.4,4.7,,,,
68.916,6,Atta_6,1542.1,2176.3,165.1,55.1,-1.3,,,,
68.916,7,Atta_7,860.1,637.5,88.9,72.4,2.0,,,,
68.916,8,Atta_8,1883.0,2147.1,96.0,-37.9,-0.8,,,,
68.916,9,Atta_9,578.5,1504.4,97.9,45.1,9.8,,,,
68.916,10,Atta_10,136.2,329.2,218.6,61.1,3.8,,,,
68.983,1,Atta_1,123.8,1538.7,21.8,-68.3,2.5,,,,
68.983,2,Atta_2,1170.2,983.7,243.9,58.3,0.3,,,,
68.983,3,Atta_3,1179.3,2592.9,51.0,-56.7,-6.5,,,,
68.983,4,Atta_4,1355.7,370.4,171.2,-11.0,-1.3,,,,
68.983,5,Atta_5,401.6,253.5,216.0,58.1,4.1,,,,
68.983,6,Atta_6,1633.0,2163.7,167.7,-91.8,2.6,,,,
68.983,7,Atta_7,868.4,649.5,88.5,14.6,-0.4,,,,
68.983,8,Atta_8,1800.7,2214.0,98.7,106.1,2.7,,,,
68.983,9,Atta_9,609.6,1515.7,100.9,33.1,3.0,,,,
68.983,10,Atta_10,119.2,358.1,219.5,-33.5,0.9,,,,
69.099,1,Atta_1,123.5,1593.8,27.7,55.1,5.9,,,,
69.099,2,Atta_2,1209.1,958.9,248.1,46.1,4.2,,,,
69.099,3,Atta_3,1210.8,2588.0,46.3,31.9,-4.7,,,,
69.099,4,Atta_4,1299.8,417.0,171.4,72.8,0.2,,,,
69.099,5,Atta_5,392.0,231.8,224.1,23.7,8.1,,,,
69.099,6,Atta_6,1569.4,2141.5,165.3,67.4,-2.4,,,,
69.099,7,Atta_7,961.9,693.8,87.4,103.5,-1.1,,,,
69.099,8,Atta_8,1802.8,2164.9,96.7,-49.1,-2.0,,,,
69.099,9,Atta_9,592.3,1491.9,100.0,-29.4,-0.9,,,,
69.099,10,Atta_10,153.9,360.9,217.2,-34.8,-2.3,,,,
69.168,1,Atta_1,158.3,1523.0,35.6,-78.9,7.9,,,,
69.168,2,Atta_2,1233.9,1054.7,253.5,-99.0,5.4,,,,
69.168,3,Atta_3,1198.6,2634.6,42.2,48.2,-4.1,,,,
69.168,4,Atta_4,1315.3,376.2,171.2,-43.6,-0.2,,,,
69.168,5,Atta_5,420.6,217.4,227.5,-32.0,3.4,,,,
69.168,6,Atta_6,1573.1,2198.3,163.7,56.9,-1.6,,,,
69.168,7,Atta_7,899.0,650.8,90.2,-76.2,2.8,,,,
69.168,8,Atta_8,1817.0,2134.3,97.4,-33.7,0.7,,,,
69.168,9,Atta_9,582.8,1518.1,102.9,27.9,2.9,,,,
69.168,10,Atta_10,132.5,388.0,214.7,34.5,-2.5,,,,
69.233,1,Atta_1,180.3,1574.0,37.4,55.5,1.8,,,,
69.233,2,Atta_2,1204.1,988.0,258.3,73.1,4.8,,,,
69.233,3,Atta_3,1257.5,2635.7,41.1,58.9,-1.1,,,,
69.233,4,Atta_4,1286.6,366.5,170.8,30.3,-0.4,,,,
69.233,5,Atta_5,432.8,303.3,230.1,-86.8,2.6,,,,
69.233,6,Atta_6,1519.8,2194.2,163.7,53.5,0.0,,,,
69.233,7,Atta_7,943.2,686.6,89.2,56.9,-1.0,,,,
69.233,8,Atta_8,1769.3,2198.2,92.6,79.7,-4.8,,,,
69.233,9,Atta_9,614.6,1439.8,98.2,-84.5,-4.7,,,,
69.233,10,Atta_10,106.3,376.5,217.8,28.6,3.1,,,,
69.299,1,Atta_1,128.6,1558.7,43.2,-53.9,5.8,,,,
69.299,2,Atta_2,1251.1,999.2,262.0,-48.3,3.7,,,,
69.299,3,Atta_3,1164.6,2610.1,34.4,-96.4,-6.7,,,,
69.299,4,Atta_4,1324.8,374.2,174.4,-39.0,3.6,,,,
69.299,5,Atta_5,388.3,186.6,234.2,124.9,4.1,,,,
69.299,6,Atta_6,1492.3,2200.2,166.8,28.1,3.1,,,,
69.299,7,Atta_7,931.2,675.1,92.4,-16.6,3.2,,,,
69.299,8,Atta_8,1827.7,2180.6,96.0,-61.0,3.4,,,,
69.299,9,Atta_9,633.8,1538.2,102.6,100.3,4.4,,,,
69.299,10,Atta_10,111.8,391.8,218.2,-16.3,0.4,,,,
69.365,1,Atta_1,95.1,1571.5,45.5,-35.9,2.3,,,,
69.365,2,Atta_2,1211.8,985.4,268.0,41.7,6.0,,,,
69.365,3,Atta_3,1148.8,2610.8,32.7,-15.8,-1.7,,,,
69.365,4,Atta_4,1299.0,437.1,176.7,68.0,2.3,,,,
69.365,5,Atta_5,434.8,227.3,239.1,-61.8,4.9,,,,
69.365,6,Atta_6,1538.0,2180.8,166.1,-49.6,-0.7,,,,
69.365,7,Atta_7,994.7,698.2,87.1,67.6,-5.3,,,,
69.365,8,Atta_8,1797.4,2218.9,93.4,48.8,-2.6,,,,
69.365,9,Atta_9,619.7,1467.7,103.0,-71.9,0.4,,,,
69.365,10,Atta_10,95.5,382.5,214.9,18.8,-3.3,,,,
69.435,1,Atta_1,155.2,1597.9,51.7,65.6,6.2,,,,
69.435,2,Atta_2,1186.4,1013.6,269.4,-38.0,1.4,,,,
69.435,3,Atta_3,1220.7,2658.9,24.3,86.5,-8.4,,,,
69.435,4,Atta_4,1289.9,417.9,173.7,21.2,-3.0,,,,
69.435,5,Atta_5,407.6,268.8,242.0,-49.6,2.9,,,,
69.435,6,Atta_6,1499.2,2192.4,165.0,40.5,-1.1,,,,
69.435,7,Atta_7,952.7,725.9,89.9,50.3,2.8,,,,
69.435,8,Atta_8,1832.6,2159.7,95.1,-68.9,1.7,,,,
69.435,9,Atta_9,593.6,1456.2,96.9,-28.5,-6.1,,,,
69.435,10,Atta_10,117.1,385.5,216.6,-21.8,1.7,,,,
69.486,1,Atta_1,152.8,1539.5,54.8,-58.4,3.1,,,,
69.486,2,Atta_2,1231.0,999.2,276.4,46.9,7.0,,,,
69.486,3,Atta_3,1172.0,2619.7,16.4,-62.5,-7.9,,,,
69.486,4,Atta_4,1296.9,369.2,170.7,-49.2,-3.0,,,,
69.486,5,Atta_5,449.7,216.8,248.0,66.9,6.0,,,,
69.486,6,Atta_6,1514.2,2249.0,164.7,58.6,-0.3,,,,
69.486,7,Atta_7,921.8,716.3,84.6,-32.4,-5.3,,,,
69.486,8,Atta_8,1821.7,2199.3,92.9,41.1,-2.2,,,,
69.486,9,Atta_9,583.0,1455.1,103.0,10.7,6.1,,,,
69.486,10,Atta_10,163.9,408.7,216.4,-52.2,-0.2,,,,
69.552,1,Atta_1,205.0,1616.2,56.3,92.8,1.5,,,,
69.552,2,Atta_2,1198.8,992.4,278.7,32.9,2.3,,,,
69.552,3,Atta_3,1209.8,2597.9,16.2,43.6,-0.2,,,,
69.552,4,Atta_4,1259.0,368.8,171.9,37.9,1.2,,,,
69.552,5,Atta_5,419.1,298.9,243.6,-87.6,-4.4,,,,
69.552,6,Atta_6,1514.8,2213.4,167.0,-35.6,2.3,,,,
69.552,7,Atta_7,888.4,677.6,85.5,-51.1,0.9,,,,
69.552,8,Atta_8,1822.2,2171.8,92.9,-27.5,0.0,,,,
69.552,9,Atta_9,603.7,1524.2,101.5,72.1,-1.5,,,,
69.552,10,Atta_10,133.6,357.1,215.3,59.8,-1.1,,,,
69.623,1,Atta_1,122.8,1590.1,64.8,-86.2,8.5,,,,
69.623,2,Atta_2,1180.2,1000.6,285.9,-20.3,7.2,,,,
69.623,3,Atta_3,1175.9,2588.5,19.2,-35.2,3.0,,,,
69.623,4,Atta_4,1220.2,419.5,172.8,63.8,0.9,,,,
69.623,5,Atta_5,462.5,234.6,246.6,77.6,3.0,,,,
69.623,6,Atta_6,1508.1,2195.5,167.7,19.1,0.7,,,,
69.623,7,Atta_7,944.8,748.1,86.5,90.3,1.0,,,,
69.623,8,Atta_8,1807.1,2247.0,93.1,76.7,0.2,,,,
69.623,9,Atta_9,612.0,1508.4,102.8,-17.8,1.3,,,,
69.623,10,Atta_10,130.1,367.9,217.2,-11.4,1.9,,,,
69.674,1,Atta_1,133.0,1602.2,68.7,15.8,3.9,,,,
69.674,2,Atta_2,1250.4,934.1,289.5,96.7,3.6,,,,
69.674,3,Atta_3,1274.2,2569.8,16.6,100.1,-2.6,,,,
69.674,4,Atta_4,1202.3,436.7,171.3,24.8,-1.5,,,,
69.674,5,Atta_5,422.1,230.2,246.3,40.6,-0.3,,,,
69.674,6,Atta_6,1580.4,2160.2,165.4,-80.5,-2.3,,,,
69.674,7,Atta_7,915.3,662.4,87.5,-90.6,1.0,,,,
69.674,8,Atta_8,1781.4,2214.6,94.6,-41.4,1.5,,,,
69.674,9,Atta_9,608.6,1495.5,99.7,-13.3,-3.1,,,,
69.674,10,Atta_10,125.2,387.4,216.4,-20.1,-0.8,,,,
69.744,1,Atta_1,129.9,1578.4,69.5,-24.0,0.8,,,,
69.744,2,Atta_2,1159.1,979.5,289.4,-102.0,-0.1,,,,
69.744,3,Atta_3,1212.8,2636.4,15.8,-90.6,-0.8,,,,
69.744,4,Atta_4,1220.2,372.0,174.6,-67.1,3.3,,,,
69.744,5,Atta_5,458.0,252.1,246.4,-42.1,0.1,,,,
69.744,6,Atta_6,1531.9,2138.5,166.5,53.1,1.1,,,,
69.744,7,Atta_7,943.3,710.8,86.0,55.9,-1.5,,,,
69.744,8,Atta_8,1860.9,2207.7,94.7,-79.8,0.1,,,,
69.744,9,Atta_9,604.2,1515.3,99.8,20.3,0.1,,,,
69.744,10,Atta_10,116.1,445.5,217.3,-58.8,0.9,,,,
69.809,1,Atta_1,115.4,1558.5,75.9,-24.6,6.4,,,,
69.809,2,Atta_2,1150.1,971.1,288.6,12.3,-0.8,,,,
69.809,3,Atta_3,1209.9,2631.7,17.1,-5.5,1.3,,,,
69.809,4,Atta_4,1203.7,362.1,172.2,19.2,-2.4,,,,
69.809,5,Atta_5,398.0,191.2,244.4,85.5,-2.0,,,,
69.809,6,Atta_6,1529.6,2178.6,168.2,40.2,1.7,,,,
69.809,7,Atta_7,938.7,721.7,87.3,11.8,1.3,,,,
69.809,8,Atta_8,1813.2,2261.3,96.8,71.8,2.1,,,,
69.809,9,Atta_9,593.8,1516.6,99.1,10.5,-0.7,,,,
69.809,10,Atta_10,161.2,401.3,219.9,-63.1,2.6,,,,
69.875,1,Atta_1,152.8,1542.2,79.5,-40.8,3.6,,,,
69.875,2,Atta_2,1189.1,969.9,290.9,39.0,2.3,,,,
69.875,3,Atta_3,1212.2,2572.9,18.2,-58.8,1.1,,,,
69.875,4,Atta_4,1200.2,424.0,175.5,62.0,3.3,,,,
69.875,5,Atta_5,400.8,234.1,243.8,-43.0,-0.6,,,,
69.875,6,Atta_6,1512.8,2165.4,167.7,21.4,-0.5,,,,
69.875,7,Atta_7,996.5,730.2,86.4,58.4,-0.9,,,,
69.875,8,Atta_8,1788.1,2228.4,92.6,-41.4,-4.2,,,,
69.875,9,Atta_9,612.7,1497.8,103.0,-26.7,3.9,,,,
69.875,10,Atta_10,124.4,330.3,221.5,80.0,1.6,,,,
69.941,1,Atta_1,188.6,1554.0,82.3,37.7,2.8,,,,
69.941,2,Atta_2,1136.1,972.9,289.8,-53.1,-1.1,,,,
69.941,3,Atta_3,1274.3,2636.6,21.0,89.0,2.8,,,,
69.941,4,Atta_4,1180.9,433.8,173.8,21.6,-1.7,,,,
69.941,5,Atta_5,438.7,283.4,247.3,-62.2,3.5,,,,
69.941,6,Atta_6,1566.1,2233.3,165.1,-86.3,-2.6,,,,
69.941,7,Atta_7,964.9,731.8,87.0,-31.6,0.6,,,,
69.941,8,Atta_8,1818.8,2266.9,96.9,49.2,4.3,,,,
69.941,9,Atta_9,658.2,1473.1,104.4,-51.8,1.4,,,,
69.941,10,Atta_10,197.5,374.9,218.6,-85.6,-2.9,,,,
70.007,1,Atta_1,187.1,1588.8,83.9,34.8,1.6,,,,
70.007,2,Atta_2,1221.5,967.9,291.8,85.5,2.0,,,,
70.007,3,Atta_3,1249.6,2629.7,15.6,-25.6,-5.4,,,,
70.007,4,Atta_4,1196.5,439.7,173.7,-16.7,-0.1,,,,
70.007,5,Atta_5,477.2,266.7,247.0,42.0,-0.3,,,,
70.007,6,Atta_6,1563.5,2205.7,167.7,-27.7,2.6,,,,
70.007,7,Atta_7,910.2,677.4,88.5,-77.1,1.5,,,,
70.007,8,Atta_8,1797.8,2181.6,95.7,-87.8,-1.2,,,,
70.007,9,Atta_9,547.9,1424.4,98.5,-120.6,-5.9,,,,
70.007,10,Atta_10,164.6,349.1,221.0,41.8,2.4,,,,
70.075,1,Atta_1,142.1,1573.4,79.6,-47.6,-4.3,,,,
70.075,2,Atta_2,1215.1,965.7,286.9,-6.8,-4.9,,,,
70.075,3,Atta_3,1234.6,2632.6,17.0,-15.3,1.4,,,,
70.075,4,Atta_4,1146.1,371.9,171.6,84.5,-2.1,,,,
70.075,5,Atta_5,443.6,263.4,249.2,33.8,2.2,,,,
70.075,6,Atta_6,1579.3,2256.4,164.0,-53.1,-3.7,,,,
70.075,7,Atta_7,941.7,633.2,88.0,-54.3,-0.5,,,,
70.075,8,Atta_8,1836.2,2231.1,97.6,62.6,1.9,,,,
70.075,9,Atta_9,568.6,1526.6,101.2,104.3,2.7,,,,
70.075,10,Atta_10,193.5,385.5,220.8,-46.5,-0.2,,,,
70.145,1,Atta_1,111.6,1570.2,81.5,-30.7,1.9,,,,
70.145,2,Atta_2,1195.9,990.2,285.7,-31.1,-1.2,,,,
70.145,3,Atta_3,1234.7,2637.0,17.0,4.4,0.0,,,,
70.145,4,Atta_4,1156.6,365.3,169.4,-12.4,-2.2,,,,
70.145,5,Atta_5,448.2,231.4,248.7,32.3,-0.5,,,,
70.145,6,Atta_6,1512.5,2248.7,164.5,67.2,0.5,,,,
70.145,7,Atta_7,965.4,687.2,87.5,59.0,-0.5,,,,
70.145,8,Atta_8,1810.8,2228.1,96.2,25.6,-1.4,,,,
70.145,9,Atta_9,660.1,1512.3,103.9,-92.6,2.7,,,,
70.145,10,Atta_10,93.2,399.7,218.0,101.3,-2.8,,,,
70.214,1,Atta_1,236.4,1560.2,78.9,125.2,-2.6,,,,
70.214,2,Atta_2,1210.6,983.0,289.1,16.4,3.4,,,,
70.214,3,Atta_3,1215.1,2641.0,21.2,-20.0,4.2,,,,
70.214,4,Atta_4,1103.2,385.7,174.2,57.2,4.8,,,,
70.214,5,Atta_5,383.1,262.8,244.8,-72.3,-3.9,,,,
70.214,6,Atta_6,1445.8,2218.3,168.5,73.3,4.0,,,,
70.214,7,Atta_7,974.1,755.3,90.4,68.7,2.9,,,,
70.214,8,Atta_8,1790.9,2220.9,96.4,-21.2,0.2,,,,
70.214,9,Atta_9,589.9,1520.6,101.9,70.7,-2.0,,,,
70.214,10,Atta_10,152.2,408.5,218.3,-59.7,0.3,,,,
70.283,1,Atta_1,132.0,1604.6,82.8,113.4,3.9,,,,
70.283,2,Atta_2,1187.7,988.7,287.5,-23.6,-1.6,,,,
70.283,3,Atta_3,1321.7,2665.0,16.2,109.3,-5.0,,,,
70.283,4,Atta_4,1115.2,399.2,175.4,-18.1,1.2,,,,
70.283,5,Atta_5,470.8,251.5,245.0,-88.4,0.2,,,,
70.283,6,Atta_6,1522.7,2174.4,163.8,-88.5,-4.7,,,,
70.283,7,Atta_7,938.0,718.2,88.3,-51.8,-2.1,,,,
70.283,8,Atta_8,1799.1,2206.5,96.1,-16.6,-0.3,,,,
70.283,9,Atta_9,610.1,1459.5,99.6,-64.4,-2.3,,,,
70.283,10,Atta_10,222.4,407.1,217.1,-70.2,-1.2,,,,
70.353,1,Atta_1,110.4,1594.0,82.2,-24.1,-0.6,,,,
70.353,2,Atta_2,1172.3,1026.6,288.9,-40.9,1.4,,,,
70.353,3,Atta_3,1295.2,2644.8,17.9,-33.3,1.7,,,,
70.353,4,Atta_4,1093.5,399.5,170.3,21.7,-5.1,,,,
70.353,5,Atta_5,481.5,256.0,247.2,-11.6,2.2,,,,
70.353,6,Atta_6,1506.2,2161.5,169.3,20.9,5.5,,,,
70.353,7,Atta_7,896.0,694.0,88.3,-48.5,0.0,,,,
70.353,8,Atta_8,1815.8,2224.8,95.4,24.8,-0.7,,,,
70.353,9,Atta_9,568.1,1494.7,102.0,54.8,2.4,,,,
70.353,10,Atta_10,124.8,362.4,219.3,107.3,2.2,,,,
70.42,1,Atta_1,101.1,1576.5,81.6,-19.8,-0.6,,,,
70.42,2,Atta_2,1207.2,1004.3,290.1,41.4,1.2,,,,
70.42,3,Atta_3,1338.1,2656.4,20.7,44.4,2.8,,,,
70.42,4,Atta_4,1089.3,432.8,169.7,33.6,-0.6,,,,
70.42,5,Atta_5,442.6,265.6,243.0,40.1,-4.2,,,,
70.42,6,Atta_6,1543.2,2196.8,166.2,-51.1,-3.1,,,,
70.42,7,Atta_7,938.4,693.0,84.2,42.4,-4.1,,,,
70.42,8,Atta_8,1779.8,2236.6,95.1,37.9,-0.3,,,,
70.42,9,Atta_9,603.1,1553.9,103.0,68.8,1.0,,,,
70.42,10,Atta_10,106.8,398.8,218.5,-40.6,-0.8,,,,
70.472,2,Atta_2,1224.6,944.6,290.9,62.2,0.8,,,,
70.472,3,Atta_3,1328.4,2651.2,15.7,-11.0,-5.0,,,,
70.472,4,Atta_4,1068.9,423.1,171.8,22.6,2.1,,,,
70.472,5,Atta_5,490.3,200.4,246.6,80.8,3.6,,,,
70.472,6,Atta_6,1567.4,2215.4,166.6,-30.5,0.4,,,,
70.472,7,Atta_7,970.6,775.6,86.8,88.7,2.6,,,,
70.472,8,Atta_8,1769.7,2240.1,97.4,10.7,2.3,,,,
70.472,9,Atta_9,633.1,1519.5,104.0,-45.6,1.0,,,,
70.472,10,Atta_10,174.1,335.7,214.3,-92.3,-4.2,,,,
70.541,1,Atta_1,146.7,1614.3,84.0,59.2,2.4,,,,
70.541,2,Atta_2,1212.2,947.2,286.4,-12.7,-4.5,,,,
70.541,3,Atta_3,1312.5,2680.8,19.8,-33.6,4.1,,,,
70.541,4,Atta_4,1031.5,382.5,171.9,55.2,0.1,,,,
70.541,5,Atta_5,466.4,241.3,250.8,-47.4,4.2,,,,
70.541,6,Atta_6,1576.3,2188.1,165.6,-28.7,-1.0,,,,
70.541,7,Atta_7,923.3,704.6,86.0,-85.3,-0.8,,,,
70.541,8,Atta_8,1766.8,2236.6,94.1,-4.5,-3.3,,,,
70.541,9,Atta_9,559.7,1518.0,100.8,73.4,-3.2,,,,
70.541,10,Atta_10,118.7,403.4,217.1,87.5,2.8,,,,
70.607,1,Atta_1,133.8,1572.9,80.2,-43.4,-3.8,,,,
70.607,2,Atta_2,1210.5,979.8,289.4,-32.6,3.0,,,,
70.607,3,Atta_3,1351.2,2686.7,20.1,39.1,0.3,,,,
70.607,4,Atta_4,1080.2,400.5,171.7,-51.9,-0.2,,,,
70.607,5,Atta_5,467.6,271.0,248.5,-29.7,-2.3,,,,
70.607,6,Atta_6,1557.3,2208.0,164.9,27.5,-0.7,,,,
70.607,7,Atta_7,954.0,755.2,88.6,59.2,2.6,,,,
70.607,8,Atta_8,1793.2,2235.6,93.9,-26.4,-0.2,,,,
70.607,9,Atta_9,587.4,1476.3,101.2,-50.1,0.4,,,,
70.607,10,Atta_10,149.8,419.0,217.3,-34.8,0.2,,,,
70.676,1,Atta_1,117.8,1548.8,80.0,-28.9,-0.2,,,,
70.676,2,Atta_2,1196.7,983.2,290.9,-14.2,1.5,,,,
70.676,3,Atta_3,1327.9,2664.8,18.6,-32.0,-1.5,,,,
70.676,4,Atta_4,1042.6,446.4,171.2,59.3,-0.5,,,,
70.676,5,Atta_5,435.0,191.4,245.5,86.0,-3.0,,,,
70.676,6,Atta_6,1527.5,2238.0,166.1,42.3,1.2,,,,
70.676,7,Atta_7,952.2,700.5,92.0,-54.7,3.4,,,,
70.676,8,Atta_8,1842.3,2209.1,95.8,-55.8,1.9,,,,
70.676,9,Atta_9,603.9,1470.0,101.6,-17.7,0.4,,,,
70.676,10,Atta_10,125.1,365.3,216.3,59.1,-1.0,,,,
70.746,1,Atta_1,240.3,1574.4,83.8,125.1,3.8,,,,
70.746,2,Atta_2,1254.6,965.6,290.0,60.5,-0.9,,,,
70.746,3,Atta_3,1342.6,2701.0,20.8,39.1,2.2,,,,
70.746,4,Atta_4,1149.1,402.8,171.6,-115.1,0.4,,,,
70.746,5,Atta_5,472.4,274.4,247.5,-91.0,2.0,,,,
70.746,6,Atta_6,1543.9,2207.3,165.2,-34.8,-0.9,,,,
70.746,7,Atta_7,953.3,768.1,82.7,67.6,-9.3,,,,
70.746,8,Atta_8,1827.5,2244.9,93.2,38.7,-2.6,,,,
70.746,9,Atta_9,608.0,1490.9,101.9,21.3,0.3,,,,
70.746,10,Atta_10,141.1,420.7,213.3,-57.7,-3.0,,,,
70.817,1,Atta_1,163.8,1556.3,81.6,-78.6,-2.2,,,,
70.817,2,Atta_2,1239.0,1040.0,288.2,-76.0,-1.8,,,,
70.817,3,Atta_3,1275.2,2683.1,14.0,-69.7,-6.8,,,,
70.817,4,Atta_4,1099.2,453.1,173.4,70.9,1.8,,,,
70.817,5,Atta_5,435.7,225.4,247.4,61.2,-0.1,,,,
70.817,6,Atta_6,1539.4,2180.9,163.1,-26.8,-2.1,,,,
70.817,7,Atta_7,1018.7,704.8,86.4,-91.0,3.7,,,,
70.817,8,Atta_8,1834.7,2214.5,97.6,-31.2,4.4,,,,
70.817,9,Atta_9,584.1,1468.3,102.1,-32.9,0.2,,,,
70.817,10,Atta_10,178.1,378.1,219.8,-56.4,6.5,,,,
70.935,1,Atta_1,125.4,1515.2,79.8,-56.2,-1.8,,,,
70.935,2,Atta_2,1187.7,973.7,291.9,83.8,3.7,,,,
70.935,3,Atta_3,1310.7,2670.2,16.3,37.8,2.3,,,,
70.935,4,Atta_4,1131.6,424.1,170.4,-43.5,-3.0,,,,
70.935,5,Atta_5,482.8,217.2,250.5,-47.8,3.1,,,,
70.935,6,Atta_6,1516.1,2223.0,166.4,48.1,3.3,,,,
70.935,7,Atta_7,995.6,706.5,89.8,23.2,3.4,,,,
70.935,8,Atta_8,1759.5,2211.5,98.2,75.3,0.6,,,,
70.935,9,Atta_9,653.0,1519.7,99.1,86.0,-3.0,,,,
70.935,10,Atta_10,142.3,370.8,217.2,36.5,-2.6,,,,
71.005,1,Atta_1,116.5,1562.8,77.7,48.4,-2.1,,,,
71.005,2,Atta_2,1185.4,967.6,294.1,6.5,2.2,,,,
71.005,3,Atta_3,1297.1,2655.6,11.3,-20.0,-5.0,,,,
71.005,4,Atta_4,1083.7,375.1,163.9,68.5,-6.5,,,,
71.005,5,Atta_5,436.1,257.3,249.9,-61.6,-0.6,,,,
71.005,6,Atta_6,1514.3,2179.8,161.5,-43.2,-4.9,,,,
71.005,7,Atta_7,963.0,720.2,83.5,35.4,-6.3,,,,
71.005,8,Atta_8,1778.1,2233.5,91.1,28.8,-7.1,,,,
71.005,9,Atta_9,545.0,1480.9,93.9,-114.8,-5.2,,,,
71.005,10,Atta_10,148.5,382.8,226.1,-13.5,8.9,,,,
71.059,1,Atta_1,163.3,1577.8,74.7,49.1,-3.0,,,,
71.059,2,Atta_2,1197.9,998.9,295.8,-33.7,1.7,,,,
71.059,3,Atta_3,1346.8,2700.2,7.7,66.8,-3.6,,,,
71.059,4,Atta_4,1079.3,387.8,161.8,13.4,-2.1,,,,
71.059,5,Atta_5,439.7,200.2,255.7,57.2,5.8,,,,
71.059,6,Atta_6,1488.3,2186.3,157.2,26.8,-4.3,,,,
71.059,7,Atta_7,890.7,717.9,81.1,-72.3,-2.4,,,,
71.059,8,Atta_8,1807.5,2229.4,88.7,-29.7,-2.4,,,,
71.059,9,Atta_9,627.8,1456.9,95.1,-86.2,1.2,,,,
71.059,10,Atta_10,159.1,372.7,226.3,-14.6,0.2,,,,
71.129,1,Atta_1,182.0,1567.5,66.0,-21.3,-8.7,,,,
71.129,2,Atta_2,1159.8,1007.2,304.4,-39.0,8.6,,,,
71.129,3,Atta_3,1323.0,2665.9,8.7,-41.7,1.0,,,,
71.129,4,Atta_4,1116.2,357.8,159.7,-47.6,-2.1,,,,
71.129,5,Atta_5,416.2,278.6,262.7,-81.8,7.0,,,,
71.129,6,Atta_6,1486.8,2214.7,154.1,28.4,-3.1,,,,
71.129,7,Atta_7,958.2,756.1,73.7,77.6,-7.4,,,,
71.129,8,Atta_8,1835.3,2168.0,86.0,-67.4,-2.7,,,,
71.129,9,Atta_9,597.6,1491.7,89.2,46.1,-5.9,,,,
71.129,10,Atta_10,131.1,387.5,231.0,31.7,4.7,,,,
71.195,1,Atta_1,97.5,1565.3,66.7,-84.5,0.7,,,,
71.195,2,Atta_2,1157.5,960.7,304.4,46.6,0.0,,,,
71.195,3,Atta_3,1268.5,2638.8,1.5,-60.9,-7.2,,,,
71.195,4,Atta_4,1046.4,374.5,154.9,71.8,-4.8,,,,
71.195,5,Atta_5,462.3,229.1,265.2,67.6,2.5,,,,
71.195,6,Atta_6,1552.9,2220.7,145.4,-66.4,-8.7,,,,
71.195,7,Atta_7,974.8,733.8,70.3,-27.8,-3.4,,,,
71.195,8,Atta_8,1790.2,2199.8,78.5,55.2,-7.5,,,,
71.195,9,Atta_9,651.1,1540.9,81.4,72.7,-7.8,,,,
71.195,10,Atta_10,117.8,383.4,235.3,13.9,4.3,,,,
71.263,1,Atta_1,171.7,1572.9,56.0,74.6,-10.7,,,,
71.263,2,Atta_2,1246.2,1022.6,309.9,-108.2,5.5,,,,
71.263,3,Atta_3,1255.0,2710.4,357.4,-72.9,-4.1,,,,
71.263,4,Atta_4,1066.9,410.4,147.0,-41.3,-7.9,,,,
71.263,5,Atta_5,440.7,261.9,270.7,-39.3,5.5,,,,
71.263,6,Atta_6,1500.0,2198.0,143.2,57.6,-2.2,,,,
71.263,7,Atta_7,895.7,700.1,63.1,-86.0,-7.2,,,,
71.263,8,Atta_8,1784.4,2259.9,72.9,60.4,-5.6,,,,
71.263,9,Atta_9,635.0,1482.0,80.6,-61.1,-0.8,,,,
71.263,10,Atta_10,196.5,394.5,239.1,-79.5,3.8,,,,
71.329,1,Atta_1,137.1,1580.7,56.8,-35.5,0.8,,,,
71.329,2,Atta_2,1222.5,968.2,313.8,59.3,3.9,,,,
71.329,3,Atta_3,1377.3,2652.2,353.5,135.4,-3.9,,,,
71.329,4,Atta_4,1079.9,416.1,145.2,-14.2,-1.8,,,,
71.329,6,Atta_6,1502.6,2227.8,137.3,29.9,-5.9,,,,
71.329,7,Atta_7,910.5,709.8,63.0,17.7,-0.1,,,,
71.329,8,Atta_8,1849.2,2252.4,71.1,65.2,-1.8,,,,
71.329,9,Atta_9,602.8,1567.8,74.4,91.6,-6.2,,,,
71.329,10,Atta_10,159.7,357.2,244.7,52.4,5.6,,,,
71.397,1,Atta_1,161.2,1530.7,52.2,-55.5,-4.6,,,,
71.397,2,Atta_2,1196.4,1008.0,320.6,-47.6,6.8,,,,
71.397,3,Atta_3,1371.4,2622.7,346.8,-30.1,-6.7,,,,
71.397,4,Atta_4,1064.3,318.5,140.0,-98.8,-5.2,,,,
71.397,5,Atta_5,451.7,237.0,275.2,27.2,4.5,,,,
71.397,6,Atta_6,1516.9,2223.8,131.9,-14.8,-5.4,,,,
71.397,7,Atta_7,998.4,693.0,60.2,89.5,-2.8,,,,
71.397,8,Atta_8,1835.6,2210.4,61.3,-44.1,-9.8,,,,
71.397,9,Atta_9,541.8,1481.5,71.8,-105.7,-2.6,,,,
71.397,10,Atta_10,54.7,378.9,250.7,107.2,6.0,,,,
71.453,1,Atta_1,203.0,1619.8,46.6,98.4,-5.6,,,,
71.453,2,Atta_2,1183.7,929.4,322.6,79.6,2.0,,,,
71.453,3,Atta_3,1337.9,2653.0,344.2,-45.2,-2.6,,,,
71.453,4,Atta_4,1119.5,397.9,134.2,96.7,-5.8,,,,
71.453,5,Atta_5,423.5,215.4,281.1,35.5,5.9,,,,
71.453,6,Atta_6,1536.6,2188.0,130.5,-40.9,-1.4,,,,
71.453,7,Atta_7,939.5,737.8,51.6,74.0,-8.6,,,,
71.453,8,Atta_8,1793.9,2265.0,63.9,68.7,2.6,,,,
71.453,9,Atta_9,609.0,1474.9,67.7,67.5,-4.1,,,,
71.453,10,Atta_10,147.0,348.6,254.0,-97.1,3.3,,,,
71.52,1,Atta_1,168.0,1594.8,42.5,-43.0,-4.1,,,,
71.52,2,Atta_2,1150.2,970.5,332.2,-53.0,9.6,,,,
71.52,3,Atta_3,1299.4,2662.2,347.4,-39.6,3.2,,,,
71.52,4,Atta_4,1163.6,425.9,131.0,-52.2,-3.2,,,,
71.52,5,Atta_5,420.3,241.4,287.6,-26.2,6.5,,,,
71.52,6,Atta_6,1513.2,2218.0,123.2,38.0,-7.3,,,,
71.52,7,Atta_7,953.0,802.7,43.8,66.3,-7.8,,,,
71.52,8,Atta_8,1862.3,2231.2,52.1,-76.3,-11.8,,,,
71.52,9,Atta_9,647.2,1458.7,63.1,-41.5,-4.6,,,,
71.52,10,Atta_10,173.3,414.8,257.5,-71.2,3.5,,,,
71.59,1,Atta_1,212.1,1582.9,39.9,45.7,-2.6,,,,
71.59,2,Atta_2,1239.5,965.6,334.8,89.4,2.6,,,,
71.59,3,Atta_3,1335.6,2752.4,345.7,97.2,-1.7,,,,
71.59,4,Atta_4,1111.3,402.7,126.8,57.2,-4.2,,,,
71.59,5,Atta_5,382.3,228.1,291.8,40.3,4.2,,,,
71.59,6,Atta_6,1582.9,2222.1,122.5,-69.8,-0.7,,,,
71.59,7,Atta_7,932.6,731.8,41.7,-73.8,-2.1,,,,
71.59,8,Atta_8,1790.9,2277.7,51.8,-85.2,-0.3,,,,
71.59,9,Atta_9,608.2,1528.6,56.1,80.0,-7.0,,,,
71.59,10,Atta_10,106.1,387.2,262.9,72.6,5.4,,,,
71.661,1,Atta_1,125.7,1586.0,35.1,-86.5,-4.8,,,,
71.661,2,Atta_2,1229.1,1023.0,337.5,-58.3,2.7,,,,
71.661,3,Atta_3,1301.7,2667.0,345.4,-91.9,-0.3,,,,
71.661,4,Atta_4,1125.9,413.1,121.8,-17.9,-5.0,,,,
71.661,5,Atta_5,429.4,256.5,295.8,-55.0,4.0,,,,
71.661,6,Atta_6,1515.2,2211.8,112.8,68.5,-9.7,,,,
71.661,7,Atta_7,933.0,755.6,38.6,23.8,-3.1,,,,
71.661,8,Atta_8,1828.4,2210.6,42.3,-76.9,-9.5,,,,
71.661,9,Atta_9,627.4,1494.7,54.8,-39.0,-1.3,,,,
71.661,10,Atta_10,139.7,359.7,265.0,43.4,2.1,,,,
71.731,1,Atta_1,163.0,1606.4,29.8,42.5,-5.3,,,,
71.731,2,Atta_2,1184.5,983.4,345.0,-59.6,7.5,,,,
71.731,3,Atta_3,1351.3,2694.9,347.8,56.9,2.4,,,,
71.731,4,Atta_4,1065.1,439.3,118.8,66.2,-3.0,,,,
71.731,5,Atta_5,442.1,250.3,301.8,14.1,6.0,,,,
71.731,6,Atta_6,1482.5,2202.8,108.9,33.9,-3.9,,,,
71.731,7,Atta_7,949.9,738.3,33.2,24.2,-5.4,,,,
71.731,8,Atta_8,1739.8,2215.3,42.8,-88.7,0.5,,,,
71.731,9,Atta_9,651.0,1467.6,50.1,-35.9,-4.7,,,,
71.731,10,Atta_10,174.6,373.8,273.7,-37.6,8.7,,,,
71.8,1,Atta_1,130.2,1553.7,24.9,-62.1,-4.9,,,,
71.8,2,Atta_2,1246.4,983.0,345.6,61.9,0.6,,,,
71.8,3,Atta_3,1369.4,2650.5,344.6,47.9,-3.2,,,,
71.8,4,Atta_4,1083.9,476.5,114.6,41.7,-4.2,,,,
71.8,5,Atta_5,445.3,261.5,308.3,-11.6,6.5,,,,
71.8,6,Atta_6,1490.7,2174.8,103.8,-29.2,-5.1,,,,
71.8,7,Atta_7,943.9,727.1,27.5,-12.7,-5.7,,,,
71.8,8,Atta_8,1788.0,2261.8,36.4,67.0,-6.4,,,,
71.8,9,Atta_9,617.6,1423.3,42.0,-55.5,-8.1,,,,
71.8,10,Atta_10,112.4,363.0,278.1,63.1,4.4,,,,
71.867,1,Atta_1,152.1,1551.7,15.5,22.0,-9.4,,,,
71.867,2,Atta_2,1219.5,926.7,353.7,-62.4,8.1,,,,
71.867,3,Atta_3,1346.3,2638.1,346.8,-26.2,2.2,,,,
71.867,4,Atta_4,1051.1,417.1,106.3,-67.9,-8.3,,,,
71.867,5,Atta_5,450.7,286.0,309.9,-25.1,1.6,,,,
71.867,6,Atta_6,1504.0,2212.3,103.7,39.8,-0.1,,,,
71.867,7,Atta_7,953.1,705.6,24.3,-23.4,-3.2,,,,
71.867,8,Atta_8,1822.5,2266.5,33.8,34.8,-2.6,,,,
71.867,9,Atta_9,653.7,1488.5,37.2,74.5,-4.8,,,,
71.867,10,Atta_10,145.9,340.4,279.7,40.4,1.6,,,,
71.937,1,Atta_1,151.4,1561.3,13.8,9.6,-1.7,,,,
71.937,2,Atta_2,1194.5,982.3,3.2,-61.0,9.5,,,,
71.937,3,Atta_3,1402.3,2613.5,345.6,61.2,-1.2,,,,
71.937,4,Atta_4,1112.4,432.0,105.9,-63.1,-0.4,,,,
71.937,5,Atta_5,460.6,239.0,315.0,48.0,5.1,,,,
71.937,6,Atta_6,1569.8,2180.1,98.4,-73.3,-5.3,,,,
71.937,7,Atta_7,960.4,685.6,20.2,-21.3,-4.1,,,,
71.937,8,Atta_8,1782.5,2212.1,26.7,-67.5,-7.1,,,,
71.937,9,Atta_9,665.8,1464.2,34.4,-27.1,-2.8,,,,
71.937,10,Atta_10,124.0,366.0,282.5,-33.7,2.8,,,,
72.003,1,Atta_1,126.0,1549.0,9.1,-28.2,-4.7,,,,
72.003,2,Atta_2,1253.9,1030.5,357.2,76.5,-6.0,,,,
72.003,3,Atta_3,1348.2,2680.9,348.7,-86.4,3.1,,,,
72.003,4,Atta_4,1067.8,350.1,100.4,-93.3,-5.5,,,,
72.003,5,Atta_5,418.0,262.9,319.3,-48.8,4.3,,,,
72.003,6,Atta_6,1566.5,2172.0,95.2,-8.7,-3.2,,,,
72.003,7,Atta_7,974.9,732.9,13.9,49.5,-6.3,,,,
72.003,8,Atta_8,1815.4,2223.4,23.9,34.8,-2.8,,,,
72.003,9,Atta_9,605.8,1494.9,28.2,-67.4,-6.2,,,,
72.003,10,Atta_10,135.3,377.3,292.2,-16.0,9.7,,,,
72.073,1,Atta_1,215.8,1539.0,4.7,90.4,-4.4,,,,
72.073,2,Atta_2,1242.9,976.3,8.2,-55.3,11.0,,,,
72.073,3,Atta_3,1415.0,2678.2,345.2,66.9,-3.5,,,,
72.073,4,Atta_4,1132.9,437.3,93.7,108.8,-6.7,,,,
72.073,5,Atta_5,467.8,261.8,321.6,49.8,2.3,,,,
72.073,6,Atta_6,1543.0,2214.0,94.0,48.1,-1.2,,,,
72.073,7,Atta_7,927.9,705.4,12.3,-54.5,-1.6,,,,
72.073,8,Atta_8,1818.9,2176.4,22.1,-47.1,-1.8,,,,
72.073,9,Atta_9,625.6,1495.0,20.0,19.8,-8.2,,,,
72.073,10,Atta_10,125.9,410.6,293.8,-34.6,1.6,,,,
72.128,1,Atta_1,131.3,1562.8,4.5,-87.8,-0.2,,,,
72.128,2,Atta_2,1193.2,958.3,11.7,-52.9,3.5,,,,
72.128,3,Atta_3,1398.2,2669.9,340.8,-18.7,-4.4,,,,
72.128,4,Atta_4,1067.0,354.1,93.2,-106.1,-0.5,,,,
72.128,5,Atta_5,371.3,292.6,330.2,-101.3,8.6,,,,
72.128,6,Atta_6,1547.0,2185.3,85.5,-29.0,-8.5,,,,
72.128,7,Atta_7,954.5,755.5,10.6,56.7,-1.7,,,,
72.128,8,Atta_8,1818.2,2197.2,16.4,20.8,-5.7,,,,
72.128,9,Atta_9,524.1,1463.4,18.2,-106.3,-1.8,,,,
72.128,10,Atta_10,201.1,407.7,295.8,75.3,2.0,,,,
72.197,1,Atta_1,164.2,1597.8,3.7,48.0,-0.8,,,,
72.197,2,Atta_2,1217.7,954.9,13.1,24.7,1.4,,,,
72.197,3,Atta_3,1379.1,2622.8,340.3,-50.8,-0.5,,,,
72.197,4,Atta_4,1108.4,387.7,88.9,53.3,-4.3,,,,
72.197,5,Atta_5,465.3,253.6,329.5,101.8,-0.7,,,,
72.197,6,Atta_6,1552.3,2184.2,82.7,-5.4,-2.8,,,,
72.197,7,Atta_7,934.5,723.7,12.6,-37.6,2.0,,,,
72.197,8,Atta_8,1832.5,2273.6,11.0,77.7,-5.4,,,,
72.197,9,Atta_9,617.6,1525.7,14.7,112.4,-3.5,,,,
72.197,10,Atta_10,103.5,301.8,299.5,144.0,3.7,,,,
72.263,1,Atta_1,137.7,1585.3,2.8,-29.3,-0.9,,,,
72.263,2,Atta_2,1201.2,951.0,17.3,-17.0,4.2,,,,
72.263,3,Atta_3,1302.2,2719.5,343.1,-123.5,2.8,,,,
72.263,4,Atta_4,1073.7,442.4,81.6,64.8,-7.3,,,,
72.263,5,Atta_5,447.9,242.5,337.7,-20.6,8.2,,,,
72.263,6,Atta_6,1545.8,2253.5,74.0,69.6,-8.7,,,,
72.263,7,Atta_7,962.3,755.1,11.7,41.9,-0.9,,,,
72.263,8,Atta_8,1808.3,2237.7,8.1,-43.3,-2.9,,,,
72.263,9,Atta_9,605.2,1490.6,10.0,-37.2,-4.7,,,,
72.263,10,Atta_10,137.7,399.1,307.4,-103.1,7.9,,,,
72.333,1,Atta_1,195.8,1630.8,2.6,73.8,-0.2,,,,
72.333,2,Atta_2,1198.9,1004.2,26.0,53.2,8.7,,,,
72.333,3,Atta_3,1337.4,2689.4,344.4,46.3,1.3,,,,
72.333,4,Atta_4,1147.6,449.4,75.9,74.2,-5.7,,,,
72.333,5,Atta_5,443.6,290.0,336.5,-47.7,-1.2,,,,
72.333,6,Atta_6,1591.3,2184.5,70.1,-82.7,-3.9,,,,
72.333,7,Atta_7,955.6,748.6,11.0,-9.3,-0.7,,,,
72.333,8,Atta_8,1806.5,2190.9,1.9,-46.8,-6.2,,,,
72.333,9,Atta_9,639.7,1488.1,5.7,34.6,-4.3,,,,
72.333,10,Atta_10,132.8,405.1,311.5,-7.7,4.1,,,,
72.402,1,Atta_1,91.7,1538.5,1.4,-139.1,-1.2,,,,
72.402,2,Atta_2,1208.1,977.2,29.9,-28.5,3.9,,,,
72.402,3,Atta_3,1389.5,2710.9,343.9,56.4,-0.5,,,,
72.402,4,Atta_4,1086.5,384.0,74.8,-89.5,-1.1,,,,
72.402,5,Atta_5,387.2,220.3,343.5,-89.7,7.0,,,,
72.402,6,Atta_6,1494.5,2224.7,65.6,104.8,-4.5,,,,
72.402,7,Atta_7,947.3,683.2,14.8,-65.9,3.8,,,,
72.402,8,Atta_8,1813.2,2274.1,354.8,83.5,-7.1,,,,
72.402,9,Atta_9,595.7,1444.8,3.7,-61.7,-2.0,,,,
72.402,10,Atta_10,108.8,403.3,317.1,-24.1,5.6,,,,
72.473,1,Atta_1,162.9,1556.5,4.3,73.4,2.9,,,,
72.473,2,Atta_2,1206.9,1012.2,28.7,35.0,-1.2,,,,
72.473,3,Atta_3,1324.9,2635.1,340.3,-99.6,-3.6,,,,
72.473,4,Atta_4,1025.1,344.2,68.1,-73.2,-6.7,,,,
72.473,5,Atta_5,397.9,188.5,346.6,33.6,3.1,,,,
72.473,6,Atta_6,1521.4,2242.3,61.6,32.1,-4.0,,,,
72.473,7,Atta_7,1007.4,730.3,9.8,76.4,-5.0,,,,
72.473,8,Atta_8,1799.2,2137.6,352.1,-137.2,-2.7,,,,
72.473,9,Atta_9,597.3,1470.9,359.9,26.1,-3.8,,,,
72.473,10,Atta_10,122.9,385.8,320.3,22.5,3.2,,,,
72.539,1,Atta_1,204.7,1573.4,1.3,45.1,-3.0,,,,
72.539,2,Atta_2,1268.8,1046.6,22.8,70.8,-5.9,,,,
72.539,3,Atta_3,1342.6,2719.6,339.9,-86.3,-0.4,,,,
72.539,4,Atta_4,1032.0,354.4,63.4,12.3,-4.7,,,,
72.539,5,Atta_5,453.1,260.2,354.1,90.5,7.5,,,,
72.539,6,Atta_6,1548.1,2177.2,58.3,-70.4,-3.3,,,,
72.539,7,Atta_7,1013.4,692.1,14.8,-38.7,5.0,,,,
72.539,8,Atta_8,1835.9,2211.1,348.0,82.2,-4.1,,,,
72.539,9,Atta_9,577.2,1489.0,354.7,-27.0,-5.2,,,,
72.539,10,Atta_10,153.6,400.8,326.4,34.2,6.1,,,,
72.608,1,Atta_1,112.2,1559.6,2.3,-93.5,1.0,,,,
72.608,2,Atta_2,1172.4,1011.8,27.1,-102.5,4.3,,,,
72.608,3,Atta_3,1292.2,2689.4,340.2,-58.8,0.3,,,,
72.608,4,Atta_4,1052.6,411.9,59.8,61.1,-3.6,,,,
72.608,5,Atta_5,385.2,251.1,358.4,-68.5,4.3,,,,
72.608,6,Atta_6,1531.0,2197.7,53.7,26.7,-4.6,,,,
72.608,7,Atta_7,1018.6,743.5,13.5,51.7,-1.3,,,,
72.608,8,Atta_8,1773.6,2258.2,342.4,-78.1,-5.6,,,,
72.608,9,Atta_9,594.3,1532.6,352.2,46.8,-2.5,,,,
72.608,10,Atta_10,198.9,387.7,328.0,47.2,1.6,,,,
72.68,1,Atta_1,232.7,1574.0,0.6,121.4,-1.7,,,,
72.68,2,Atta_2,1218.5,957.1,29.9,71.5,2.8,,,,
72.68,3,Atta_3,1257.5,2663.4,332.9,-43.4,-7.3,,,,
72.68,4,Atta_4,1093.2,441.2,57.2,50.1,-2.6,,,,
72.68,5,Atta_5,421.7,217.6,4.7,49.5,6.3,,,,
72.68,6,Atta_6,1525.5,2273.6,52.7,76.1,-1.0,,,,
72.68,7,Atta_7,951.2,763.7,10.9,-70.4,-2.6,,,,
72.68,8,Atta_8,1810.3,2276.0,338.7,40.8,-3.7,,,,
72.68,9,Atta_9,602.8,1544.4,353.4,14.5,1.2,,,,
72.68,10,Atta_10,171.4,378.2,334.5,-29.1,6.5,,,,
72.743,1,Atta_1,222.6,1556.8,2.0,-19.9,1.4,,,,
72.743,2,Atta_2,1221.7,972.1,29.8,15.3,-0.1,,,,
72.743,3,Atta_3,1313.6,2623.3,330.3,69.0,-2.6,,,,
72.743,4,Atta_4,1079.0,394.8,55.5,-48.5,-1.7,,,,
72.743,5,Atta_5,400.7,206.6,9.7,-23.7,5.0,,,,
72.743,6,Atta_6,1546.0,2209.1,45.8,-67.7,-6.9,,,,
72.743,7,Atta_7,939.4,725.9,11.7,-39.6,0.8,,,,
72.743,8,Atta_8,1773.4,2228.7,334.2,-60.0,-4.5,,,,
72.743,9,Atta_9,540.7,1558.0,355.2,-63.6,1.8,,,,
72.743,10,Atta_10,80.1,366.7,336.5,-92.0,2.0,,,,
72.812,1,Atta_1,197.5,1560.8,2.9,-25.4,0.9,,,,
72.812,2,Atta_2,1234.5,1015.5,26.7,45.2,-3.1,,,,
72.812,3,Atta_3,1341.7,2668.2,324.9,53.0,-5.4,,,,
72.812,4,Atta_4,1109.8,395.8,47.9,30.8,-7.6,,,,
72.812,5,Atta_5,469.3,271.0,8.1,94.1,-1.6,,,,
72.812,6,Atta_6,1510.3,2229.0,41.1,-40.9,-4.7,,,,
72.812,7,Atta_7,1049.6,752.4,11.7,113.3,0.0,,,,
72.812,8,Atta_8,1804.3,2207.9,337.0,37.2,2.8,,,,
72.812,9,Atta_9,561.4,1480.5,355.1,80.2,-0.1,,,,
72.812,10,Atta_10,121.6,416.5,345.1,64.8,8.6,,,,
72.879,1,Atta_1,206.0,1510.1,1.8,51.4,-1.1,,,,
72.879,2,Atta_2,1281.8,944.5,29.6,85.3,2.9,,,,
72.879,3,Atta_3,1307.7,2671.9,317.6,-34.2,-7.3,,,,
72.879,4,Atta_4,1075.3,433.9,42.2,51.4,-5.7,,,,
72.879,5,Atta_5,407.6,245.5,6.9,-66.8,-1.2,,,,
72.879,6,Atta_6,1564.6,2164.1,35.1,-84.6,-6.0,,,,
72.879,7,Atta_7,1056.5,689.8,13.6,-63.0,1.9,,,,
72.879,8,Atta_8,1859.1,2220.0,339.7,56.1,2.7,,,,
72.879,9,Atta_9,589.8,1471.2,358.9,29.9,3.8,,,,
72.879,10,Atta_10,88.3,400.1,347.7,-37.1,2.6,,,,
72.95,1,Atta_1,248.9,1590.3,2.2,91.0,0.4,,,,
72.95,2,Atta_2,1218.1,993.9,30.3,-80.6,0.7,,,,
72.95,3,Atta_3,1305.7,2664.8,314.6,7.4,-3.0,,,,
72.95,4,Atta_4,1104.2,421.3,39.5,31.5,-2.7,,,,
72.95,5,Atta_5,474.0,259.6,5.2,67.9,-1.7,,,,
72.95,6,Atta_6,1584.6,2197.5,31.9,38.9,-3.2,,,,
72.95,7,Atta_7,982.5,734.0,10.0,-86.2,-3.6,,,,
72.95,8,Atta_8,1786.3,2256.6,331.7,-81.5,-8.0,,,,
72.95,9,Atta_9,584.8,1528.0,354.4,-57.0,-4.5,,,,
72.95,10,Atta_10,105.2,377.2,350.6,28.5,2.9,,,,
73.011,1,Atta_1,241.6,1563.3,1.6,-28.0,-0.6,,,,
73.011,2,Atta_2,1286.8,1010.4,27.8,70.7,-2.5,,,,
73.011,3,Atta_3,1318.6,2678.6,313.4,-18.9,-1.2,,,,
73.011,4,Atta_4,1125.8,378.3,33.8,-48.1,-5.7,,,,
73.011,5,Atta_5,456.1,303.5,13.5,-47.4,8.3,,,,
73.011,6,Atta_6,1448.6,2216.8,25.1,-137.4,-6.8,,,,
73.011,7,Atta_7,1022.5,700.6,10.5,52.1,0.5,,,,
73.011,8,Atta_8,1882.6,2174.5,334.4,126.5,2.7,,,,
73.011,9,Atta_9,644.6,1410.2,355.2,132.1,0.8,,,,
73.011,10,Atta_10,208.9,391.4,354.9,104.7,4.3,,,,
73.081,1,Atta_1,290.0,1540.9,5.2,53.3,3.6,,,,
73.081,2,Atta_2,1315.2,1007.8,30.2,28.5,2.4,,,,
73.081,3,Atta_3,1306.7,2677.0,305.0,-12.0,-8.4,,,,
73.081,4,Atta_4,1123.4,429.3,29.5,51.1,-4.3,,,,
73.081,5,Atta_5,407.0,294.2,9.0,-50.0,-4.5,,,,
73.081,6,Atta_6,1563.6,2253.9,21.0,120.8,-4.1,,,,
73.081,7,Atta_7,1027.7,755.2,9.8,54.8,-0.7,,,,
73.081,8,Atta_8,1806.2,2206.8,338.5,-82.9,4.1,,,,
73.081,9,Atta_9,659.0,1462.9,353.6,54.6,-1.6,,,,
73.081,10,Atta_10,116.9,354.1,1.5,-99.3,6.6,,,,
73.149,1,Atta_1,256.1,1585.2,1.0,-55.8,-4.2,,,,
73.149,2,Atta_2,1267.1,1062.8,28.2,-73.1,-2.0,,,,
73.149,3,Atta_3,1289.6,2688.3,297.6,-20.5,-7.4,,,,
73.149,4,Atta_4,1048.6,446.8,23.6,-76.8,-5.9,,,,
73.149,5,Atta_5,466.5,227.2,6.6,89.6,-2.4,,,,
73.149,6,Atta_6,1508.6,2189.4,15.7,-84.8,-5.3,,,,
73.149,7,Atta_7,1053.8,750.9,16.5,26.5,6.7,,,,
73.149,8,Atta_8,1825.8,2202.5,332.5,20.1,-6.0,,,,
73.149,9,Atta_9,622.6,1524.9,354.8,-71.9,1.2,,,,
73.149,10,Atta_10,149.4,389.8,358.6,48.3,-2.9,,,,
73.218,1,Atta_1,243.8,1601.1,2.7,-20.1,1.7,,,,
73.218,2,Atta_2,1248.8,989.3,29.3,-75.7,1.1,,,,
73.218,3,Atta_3,1297.0,2651.9,297.7,37.1,0.1,,,,
73.218,4,Atta_4,1119.7,413.7,18.3,78.4,-5.3,,,,
73.218,5,Atta_5,465.1,290.3,6.3,63.1,-0.3,,,,
73.218,6,Atta_6,1466.5,2192.7,13.9,-42.2,-1.8,,,,
73.218,7,Atta_7,1054.0,777.4,11.3,26.5,-5.2,,,,
73.218,8,Atta_8,1877.7,2206.3,338.0,52.0,5.5,,,,
73.218,9,Atta_9,643.6,1436.2,356.4,91.2,1.6,,,,
73.218,10,Atta_10,180.5,408.3,2.1,36.2,3.5,,,,
73.287,1,Atta_1,280.4,1575.8,3.2,44.5,0.5,,,,
73.287,2,Atta_2,1257.0,1041.0,27.2,52.3,-2.1,,,,
73.287,3,Atta_3,1298.7,2714.2,294.7,-62.3,-3.0,,,,
73.287,4,Atta_4,1058.6,465.9,16.4,-80.4,-1.9,,,,
73.287,5,Atta_5,523.1,290.1,6.5,58.0,0.2,,,,
73.287,6,Atta_6,1533.5,2197.8,6.9,67.2,-7.0,,,,
73.287,7,Atta_7,1111.7,721.5,15.1,80.3,3.8,,,,
73.287,8,Atta_8,1803.7,2250.0,338.4,-85.9,0.4,,,,
73.287,9,Atta_9,639.0,1494.8,356.3,-58.8,-0.1,,,,
73.287,10,Atta_10,133.8,376.7,2.0,-56.4,-0.1,,,,
73.356,1,Atta_1,298.2,1555.5,359.1,27.0,-4.1,,,,
73.356,2,Atta_2,1363.4,1044.2,28.3,106.4,1.1,,,,
73.356,3,Atta_3,1362.7,2715.3,288.8,64.0,-5.9,,,,
73.356,4,Atta_4,1113.3,394.7,11.1,89.8,-5.3,,,,
73.356,5,Atta_5,507.3,265.0,6.2,-29.7,-0.3,,,,
73.356,6,Atta_6,1507.3,2234.1,5.3,-44.8,-1.6,,,,
73.356,7,Atta_7,1098.4,772.9,14.2,53.1,-0.9,,,,
73.356,8,Atta_8,1879.8,2211.5,336.0,85.3,-2.4,,,,
73.356,9,Atta_9,700.8,1489.1,350.3,62.1,-6.0,,,,
73.356,10,Atta_10,104.7,401.8,359.3,-38.4,-2.7,,,,
73.425,1,Atta_1,354.2,1541.8,2.8,57.7,3.7,,,,
73.425,2,Atta_2,1333.8,1059.4,30.8,-33.3,2.5,,,,
73.425,3,Atta_3,1334.5,2683.8,283.0,42.3,-5.8,,,,
73.425,4,Atta_4,1120.5,397.0,7.4,7.6,-3.7,,,,
73.425,5,Atta_5,549.2,250.0,6.1,44.5,-0.1,,,,
73.425,6,Atta_6,1509.2,2173.5,4.1,-60.6,-1.2,,,,
73.425,7,Atta_7,1048.2,706.8,14.4,-83.0,0.2,,,,
73.425,8,Atta_8,1839.2,2216.5,332.1,-40.9,-3.9,,,,
73.425,9,Atta_9,738.8,1506.7,356.8,41.9,6.5,,,,
73.425,10,Atta_10,128.0,388.4,358.9,26.9,-0.4,,,,
73.487,1,Atta_1,329.0,1588.9,6.6,-53.4,3.8,,,,
73.487,2,Atta_2,1291.1,1055.2,27.6,-42.9,-3.2,,,,
73.487,3,Atta_3,1329.6,2681.9,284.0,5.3,1.0,,,,
73.487,4,Atta_4,1114.0,398.8,7.5,-6.7,0.1,,,,
73.487,5,Atta_5,492.3,228.1,10.2,-61.0,4.1,,,,
73.487,6,Atta_6,1551.1,2133.7,7.2,57.8,3.1,,,,
73.487,7,Atta_7,1105.1,756.5,9.8,75.5,-4.6,,,,
73.487,8,Atta_8,1884.4,2172.6,338.9,63.0,6.8,,,,
73.487,9,Atta_9,694.7,1508.5,353.8,-44.1,-3.0,,,,
73.487,10,Atta_10,154.1,412.4,357.1,35.5,-1.8,,,,
73.559,1,Atta_1,361.2,1561.9,3.4,42.0,-3.2,,,,
73.559,2,Atta_2,1299.8,1029.1,27.0,-27.5,-0.6,,,,
73.559,3,Atta_3,1295.9,2737.8,286.0,-65.3,2.0,,,,
73.559,4,Atta_4,1094.8,388.8,6.2,-21.6,-1.3,,,,
73.559,5,Atta_5,504.2,309.0,9.3,81.8,-0.9,,,,
73.559,6,Atta_6,1532.7,2176.1,3.7,-46.2,-3.5,,,,
73.559,7,Atta_7,1195.5,787.7,13.2,95.6,3.4,,,,
73.559,8,Atta_8,1854.2,2235.2,332.0,-69.5,-6.9,,,,
73.559,9,Atta_9,709.4,1458.5,358.5,52.1,4.7,,,,
73.559,10,Atta_10,164.7,355.6,358.8,57.8,1.7,,,,
73.612,1,Atta_1,313.3,1624.6,3.7,-78.9,0.3,,,,
73.612,2,Atta_2,1342.0,1056.1,28.0,50.1,1.0,,,,
73.612,3,Atta_3,1301.0,2649.5,285.0,88.4,-1.0,,,,
73.612,4,Atta_4,1064.4,399.3,3.5,-32.2,-2.7,,,,
73.612,5,Atta_5,588.5,265.0,10.3,95.1,1.0,,,,
73.612,6,Atta_6,1462.8,2211.6,5.5,-78.4,1.8,,,,
73.612,7,Atta_7,1169.2,770.4,12.3,-31.5,-0.9,,,,
73.612,8,Atta_8,1855.3,2195.0,332.4,40.2,0.4,,,,
73.612,9,Atta_9,758.6,1496.9,358.3,62.4,-0.2,,,,
73.612,10,Atta_10,164.0,375.0,358.5,-19.4,-0.3,,,,
73.682,1,Atta_1,358.2,1570.6,2.7,70.2,-1.0,,,,
73.682,2,Atta_2,1373.9,1014.4,25.9,52.5,-2.1,,,,
73.682,3,Atta_3,1316.1,2651.7,283.7,15.3,-1.3,,,,
73.682,4,Atta_4,1111.9,409.4,6.4,48.6,2.9,,,,
73.682,5,Atta_5,543.6,268.9,11.6,-45.1,1.3,,,,
73.682,6,Atta_6,1551.7,2213.8,6.0,88.9,0.5,,,,
73.682,7,Atta_7,1200.9,730.3,9.7,51.1,-2.6,,,,
73.682,8,Atta_8,1826.5,2196.0,329.7,-28.8,-2.7,,,,
73.682,9,Atta_9,736.9,1475.3,356.8,-30.6,-1.5,,,,
73.682,10,Atta_10,238.2,336.0,357.4,83.8,-1.1,,,,
73.75,1,Atta_1,339.4,1572.9,4.4,-18.9,1.7,,,,
73.75,2,Atta_2,1364.3,1074.7,27.3,61.1,1.4,,,,
73.75,3,Atta_3,1311.8,2644.9,282.7,8.0,-1.0,,,,
73.75,4,Atta_4,1031.6,415.5,358.7,-80.5,-7.7,,,,
73.75,5,Atta_5,539.6,284.4,7.1,-16.0,-4.5,,,,
73.75,6,Atta_6,1559.9,2219.6,4.9,10.0,-1.1,,,,
73.75,7,Atta_7,1196.7,745.0,13.4,-15.3,3.7,,,,
73.75,8,Atta_8,1851.9,2244.6,332.7,-54.8,3.0,,,,
73.75,9,Atta_9,733.4,1485.1,355.6,-10.4,-1.2,,,,
73.75,10,Atta_10,186.1,375.3,359.8,-65.3,2.4,,,,
73.818,1,Atta_1,364.8,1613.8,1.6,48.1,-2.8,,,,
73.818,2,Atta_2,1327.6,1059.7,27.0,-39.6,-0.3,,,,
73.818,3,Atta_3,1286.8,2673.2,284.2,-37.8,1.5,,,,
73.818,4,Atta_4,1131.8,351.8,7.6,118.7,8.9,,,,
73.818,5,Atta_5,518.5,298.2,9.7,-25.2,2.6,,,,
73.818,6,Atta_6,1509.8,2167.0,6.8,-72.6,1.9,,,,
73.818,7,Atta_7,1179.5,765.2,13.9,-26.5,0.5,,,,
73.818,8,Atta_8,1826.2,2263.2,329.0,-31.7,-3.7,,,,
73.818,9,Atta_9,793.6,1466.4,355.1,63.0,-0.5,,,,
73.818,10,Atta_10,258.6,364.6,0.2,73.3,0.4,,,,
73.943,1,Atta_1,372.6,1572.2,5.5,42.3,3.9,,,,
73.943,2,Atta_2,1391.6,1096.7,25.1,73.9,-1.9,,,,
73.943,3,Atta_3,1326.6,2635.6,282.7,54.8,-1.5,,,,
73.943,4,Atta_4,1081.4,421.4,6.8,-85.9,-0.8,,,,
73.943,5,Atta_5,636.0,286.0,7.8,118.1,-1.9,,,,
73.943,6,Atta_6,1563.6,2229.3,4.3,82.3,-2.5,,,,
73.943,7,Atta_7,1184.0,766.6,5.6,4.7,-8.3,,,,
73.943,8,Atta_8,1809.5,2234.9,327.2,32.9,-1.8,,,,
73.943,9,Atta_9,834.4,1458.0,358.4,41.7,3.3,,,,
73.943,10,Atta_10,261.2,337.7,3.3,27.0,3.1,,,,
74.074,1,Atta_1,386.1,1586.0,3.0,19.3,-2.5,,,,
74.074,2,Atta_2,1394.2,1157.8,25.2,61.2,0.1,,,,
74.074,3,Atta_3,1279.5,2627.3,283.1,-47.8,0.4,,,,
74.074,4,Atta_4,1106.8,366.9,4.0,60.1,-2.8,,,,
74.074,5,Atta_5,599.6,298.3,3.5,-38.4,-4.3,,,,
74.074,6,Atta_6,1573.0,2212.1,7.6,19.6,3.3,,,,
74.074,7,Atta_7,1184.6,736.8,9.3,-29.8,3.7,,,,
74.074,8,Atta_8,1792.0,2289.6,324.9,-57.4,-2.3,,,,
74.074,9,Atta_9,757.0,1480.6,358.2,-80.6,-0.2,,,,
74.074,10,Atta_10,280.1,374.3,354.3,41.2,-9.0,,,,
74.127,1,Atta_1,456.6,1583.1,2.0,70.6,-1.0,,,,
74.127,2,Atta_2,1433.5,1084.6,25.1,83.1,-0.1,,,,
74.127,3,Atta_3,1351.6,2608.6,283.2,74.5,0.1,,,,
74.127,4,Atta_4,1165.1,417.1,2.2,76.9,-1.8,,,,
74.127,5,Atta_5,628.1,277.3,9.4,35.4,5.9,,,,
74.127,6,Atta_6,1504.3,2281.0,6.0,-97.3,-1.6,,,,
74.127,7,Atta_7,1219.5,795.7,5.2,68.5,-4.1,,,,
74.127,8,Atta_8,1811.9,2255.6,321.9,39.4,-3.0,,,,
74.127,9,Atta_9,821.6,1441.4,354.3,75.6,-3.9,,,,
74.127,10,Atta_10,264.4,385.9,356.8,-19.5,2.5,,,,
74.197,1,Atta_1,456.4,1610.4,3.6,27.3,1.6,,,,
74.197,2,Atta_2,1369.6,1115.6,25.0,-71.0,-0.1,,,,
74.197,4,Atta_4,1157.2,388.0,4.1,-30.2,1.9,,,,
74.197,5,Atta_5,634.9,229.2,10.7,-48.6,1.3,,,,
74.197,6,Atta_6,1595.8,2197.0,3.8,124.2,-2.2,,,,
74.197,7,Atta_7,1254.0,763.1,6.9,47.5,1.7,,,,
74.197,8,Atta_8,1835.1,2184.1,315.0,75.2,-6.9,,,,
74.197,9,Atta_9,834.0,1446.8,356.8,13.5,2.5,,,,
74.197,10,Atta_10,244.1,417.2,356.5,-37.3,-0.3,,,,
74.264,1,Atta_1,423.2,1568.9,0.2,-53.1,-3.4,,,,
74.264,2,Atta_2,1426.5,1058.7,27.3,80.5,2.3,,,,
74.264,3,Atta_3,1350.2,2586.9,282.4,21.7,-0.8,,,,
74.264,4,Atta_4,1176.9,393.7,4.6,20.5,0.5,,,,
74.264,5,Atta_5,604.7,274.0,7.7,-54.0,-3.0,,,,
74.264,6,Atta_6,1629.9,2148.0,6.5,59.7,2.7,,,,
74.264,7,Atta_7,1164.6,724.8,6.3,-97.3,-0.6,,,,
74.264,8,Atta_8,1789.3,2226.1,312.8,-62.1,-2.2,,,,
74.264,9,Atta_9,824.3,1450.1,354.8,-10.2,-2.0,,,,
74.264,10,Atta_10,245.9,388.0,1.9,29.3,5.4,,,,
74.319,1,Atta_1,470.0,1587.7,4.4,50.4,4.2,,,,
74.319,2,Atta_2,1451.7,1066.5,26.4,26.4,-0.9,,,,
74.319,3,Atta_3,1309.9,2612.7,282.1,-47.9,-0.3,,,,
74.319,4,Atta_4,1140.7,363.9,3.3,-46.9,-1.3,,,,
74.319,5,Atta_5,641.5,248.0,6.4,45.1,-1.3,,,,
74.319,6,Atta_6,1616.5,2193.7,6.0,-47.6,-0.5,,,,
74.319,7,Atta_7,1247.9,745.1,7.7,85.7,1.4,,,,
74.319,8,Atta_8,1836.5,2213.2,311.8,48.9,-1.0,,,,
74.319,9,Atta_9,859.9,1449.8,356.2,35.6,1.4,,,,
74.319,10,Atta_10,274.5,386.3,357.4,28.7,-4.5,,,,
74.388,1,Atta_1,455.2,1552.8,3.9,-37.9,-0.5,,,,
74.388,2,Atta_2,1453.4,1061.7,30.7,-5.1,4.3,,,,
74.388,3,Atta_3,1338.3,2561.0,283.5,59.0,1.4,,,,
74.388,4,Atta_4,1202.9,391.8,4.8,68.2,1.5,,,,
74.388,5,Atta_5,745.3,328.4,8.0,131.3,1.6,,,,
74.388,6,Atta_6,1636.7,2179.6,5.0,24.6,-1.0,,,,
74.388,7,Atta_7,1205.6,715.7,4.2,-51.5,-3.5,,,,
74.388,8,Atta_8,1796.8,2220.2,303.0,-40.3,-8.8,,,,
74.388,9,Atta_9,778.0,1491.8,356.0,-92.0,-0.2,,,,
74.388,10,Atta_10,326.8,398.2,357.2,53.6,-0.2,,,,
74.458,1,Atta_1,517.2,1574.8,5.8,65.8,1.9,,,,
74.458,2,Atta_2,1499.9,1125.4,27.9,78.9,-2.8,,,,
74.458,3,Atta_3,1393.9,2587.7,285.8,-61.7,2.3,,,,
74.458,4,Atta_4,1212.4,454.8,3.3,63.7,-1.5,,,,
74.458,5,Atta_5,654.1,338.5,6.1,-91.8,-1.9,,,,
74.458,6,Atta_6,1646.8,2216.4,5.8,38.2,0.8,,,,
74.458,7,Atta_7,1185.9,766.2,5.9,-54.2,1.7,,,,
74.458,8,Atta_8,1787.3,2257.2,299.1,-38.2,-3.9,,,,
74.458,9,Atta_9,881.4,1438.1,356.9,116.5,0.9,,,,
74.458,10,Atta_10,293.5,352.4,2.9,-56.6,5.7,,,,
74.524,1,Atta_1,484.0,1599.6,4.1,-41.4,-1.7,,,,
74.524,2,Atta_2,1504.8,1140.0,23.8,15.4,-4.1,,,,
74.524,3,Atta_3,1352.4,2595.2,282.1,-42.2,-3.7,,,,
74.524,4,Atta_4,1194.4,400.2,5.1,-57.5,1.8,,,,
74.524,5,Atta_5,709.9,301.7,6.0,66.8,-0.1,,,,
74.524,6,Atta_6,1683.3,2224.4,6.2,37.4,0.4,,,,
74.524,7,Atta_7,1274.2,768.8,6.6,88.3,0.7,,,,
74.524,8,Atta_8,1807.9,2252.5,295.8,21.1,-3.3,,,,
74.524,9,Atta_9,895.2,1533.5,351.9,96.4,-5.0,,,,
74.524,10,Atta_10,311.7,433.6,356.4,83.2,-6.5,,,,
74.577,1,Atta_1,511.8,1532.7,5.7,72.4,1.6,,,,
74.577,2,Atta_2,1448.4,1133.0,28.1,-56.8,4.3,,,,
74.577,3,Atta_3,1324.4,2586.7,285.9,29.3,3.8,,,,
74.577,4,Atta_4,1218.7,390.3,0.6,26.2,-4.5,,,,
74.577,5,Atta_5,723.2,277.8,9.7,27.4,3.7,,,,
74.577,6,Atta_6,1656.8,2205.5,2.5,-32.5,-3.7,,,,
74.577,7,Atta_7,1255.6,798.0,3.4,-34.6,-3.2,,,,
74.577,8,Atta_8,1847.1,2271.3,291.7,43.5,-4.1,,,,
74.577,9,Atta_9,920.3,1432.4,357.7,104.2,5.8,,,,
74.577,10,Atta_10,322.0,410.5,0.8,25.3,4.4,,,,
74.644,1,Atta_1,543.7,1586.5,4.2,62.5,-1.5,,,,
74.644,2,Atta_2,1528.5,1208.9,27.2,110.3,-0.9,,,,
74.644,3,Atta_3,1303.4,2569.0,290.4,27.5,4.5,,,,
74.644,4,Atta_4,1210.5,384.3,4.0,-10.2,3.4,,,,
74.644,5,Atta_5,696.1,305.9,7.7,-39.0,-2.0,,,,
74.644,6,Atta_6,1665.3,2229.6,7.7,25.6,5.2,,,,
74.644,7,Atta_7,1234.6,790.2,6.9,-22.4,3.5,,,,
74.644,8,Atta_8,1762.1,2270.5,286.8,-85.0,-4.9,,,,
74.644,9,Atta_9,928.8,1499.9,355.6,68.0,-2.1,,,,
74.644,10,Atta_10,344.5,375.2,358.1,41.9,-2.7,,,,
74.712,1,Atta_1,519.2,1614.3,6.4,-37.1,2.2,,,,
74.712,2,Atta_2,1500.0,1124.0,23.3,-89.6,-3.9,,,,
74.712,3,Atta_3,1384.8,2553.6,296.2,82.8,5.8,,,,
74.712,4,Atta_4,1252.8,423.8,4.1,57.9,0.1,,,,
74.712,5,Atta_5,732.3,349.3,6.6,56.5,-1.1,,,,
74.712,6,Atta_6,1630.8,2219.1,1.5,-36.1,-6.2,,,,
74.712,7,Atta_7,1288.7,745.9,5.9,69.9,-1.0,,,,
74.712,8,Atta_8,1782.7,2241.4,283.4,35.7,-3.4,,,,
74.712,9,Atta_9,950.2,1426.0,353.2,76.9,-2.4,,,,
74.712,10,Atta_10,336.5,436.8,357.9,-62.1,-0.2,,,,
74.78,1,Atta_1,505.4,1612.2,2.7,-14.0,-3.7,,,,
74.78,2,Atta_2,1544.2,1086.6,26.8,57.9,3.5,,,,
74.78,3,Atta_3,1333.5,2537.5,300.9,-53.8,4.7,,,,
74.78,4,Atta_4,1252.1,443.2,5.5,19.4,1.4,,,,
74.78,5,Atta_5,779.6,246.2,7.4,113.4,0.8,,,,
74.78,6,Atta_6,1602.6,2199.2,6.4,-34.5,4.9,,,,
74.78,7,Atta_7,1294.6,776.8,7.2,31.5,1.3,,,,
74.78,8,Atta_8,1810.2,2227.5,277.0,30.8,-6.4,,,,
74.78,9,Atta_9,922.4,1438.4,353.9,-30.4,0.7,,,,
74.78,10,Atta_10,351.4,356.9,357.5,81.3,-0.4,,,,
74.835,1,Atta_1,508.7,1642.7,4.0,30.7,1.3,,,,
74.835,2,Atta_2,1538.0,1158.7,24.5,72.4,-2.3,,,,
74.835,3,Atta_3,1322.5,2566.4,303.8,-30.9,2.9,,,,
74.835,4,Atta_4,1257.2,424.5,6.7,19.4,1.2,,,,
74.835,5,Atta_5,701.8,274.1,10.5,-82.7,3.1,,,,
74.835,6,Atta_6,1585.3,2147.7,9.8,-54.3,3.4,,,,
74.835,7,Atta_7,1299.3,766.1,7.0,11.7,-0.2,,,,
74.835,8,Atta_8,1815.1,2289.5,272.4,-62.2,-4.6,,,,
74.835,9,Atta_9,939.2,1495.1,354.0,59.1,0.1,,,,
74.835,10,Atta_10,360.0,362.8,358.4,10.4,0.9,,,,
74.902,1,Atta_1,529.2,1618.6,4.5,31.6,0.5,,,,
74.902,2,Atta_2,1509.5,1130.4,22.0,-40.2,-2.5,,,,
74.902,3,Atta_3,1334.1,2573.5,308.0,13.6,4.2,,,,
74.902,4,Atta_4,1250.3,450.9,8.7,-27.3,2.0,,,,
74.902,5,Atta_5,768.9,264.7,11.4,67.8,0.9,,,,
74.902,6,Atta_6,1629.1,2226.3,5.5,90.0,-4.3,,,,
74.902,7,Atta_7,1339.4,752.0,7.7,42.5,0.7,,,,
74.902,8,Atta_8,1752.2,2216.8,270.9,96.1,-1.5,,,,
74.902,9,Atta_9,901.6,1452.6,352.0,-56.7,-2.0,,,,
74.902,10,Atta_10,363.2,391.9,0.6,29.3,2.2,,,,
75.038,1,Atta_1,596.2,1621.6,5.0,67.1,0.5,,,,
75.038,2,Atta_2,1552.3,1145.9,24.9,45.5,2.9,,,,
75.038,3,Atta_3,1335.9,2604.8,317.5,-31.4,9.5,,,,
75.038,4,Atta_4,1341.3,481.5,5.6,96.0,-3.1,,,,
75.038,5,Atta_5,783.5,331.5,3.8,68.4,-7.6,,,,
75.038,6,Atta_6,1597.9,2239.8,1.0,-34.0,-4.5,,,,
75.038,7,Atta_7,1296.6,739.6,6.9,-44.6,-0.8,,,,
75.038,8,Atta_8,1803.9,2284.7,269.9,-85.3,-1.0,,,,
75.038,9,Atta_9,982.7,1471.9,354.5,83.4,2.5,,,,
75.038,10,Atta_10,331.9,367.7,359.8,-39.6,-0.8,,,,
75.106,1,Atta_1,553.4,1649.8,4.7,-51.3,-0.3,,,,
75.106,2,Atta_2,1565.4,1197.3,25.7,53.0,0.8,,,,
75.106,3,Atta_3,1360.2,2575.4,326.6,38.1,9.1,,,,
75.106,4,Atta_4,1267.7,432.9,5.9,-88.2,0.3,,,,
75.106,5,Atta_5,757.4,334.4,7.9,-26.3,4.1,,,,
75.106,6,Atta_6,1549.3,2206.2,354.3,-59.1,-6.7,,,,
75.106,7,Atta_7,1378.3,781.7,8.0,91.9,1.1,,,,
75.106,8,Atta_8,1802.3,2165.8,272.7,118.9,2.8,,,,
75.106,9,Atta_9,968.7,1456.2,354.3,-21.0,-0.2,,,,
75.106,10,Atta_10,376.8,362.1,3.2,45.2,3.4,,,,
75.231,1,Atta_1,612.1,1577.2,8.2,93.4,3.5,,,,
75.231,2,Atta_2,1606.9,1208.1,26.3,42.9,0.6,,,,
75.231,3,Atta_3,1298.9,2564.9,327.3,-62.2,0.7,,,,
75.231,4,Atta_4,1366.2,368.6,6.0,117.6,0.1,,,,
75.231,5,Atta_5,801.3,263.3,3.5,83.6,-4.4,,,,
75.231,6,Atta_6,1599.2,2209.4,351.4,50.0,-2.9,,,,
75.231,7,Atta_7,1395.7,821.0,6.4,43.0,-1.6,,,,
75.231,8,Atta_8,1872.2,2209.1,270.6,-82.2,-2.1,,,,
75.231,9,Atta_9,1038.2,1402.9,356.8,87.6,2.5,,,,
75.231,10,Atta_10,409.8,409.9,0.1,58.1,-3.1,,,,
75.301,1,Atta_1,575.4,1606.3,5.5,-46.8,-2.7,,,,
75.301,2,Atta_2,1612.9,1129.2,25.9,-79.1,-0.4,,,,
75.301,3,Atta_3,1360.7,2571.5,331.5,62.2,4.2,,,,
75.301,4,Atta_4,1333.4,404.9,4.6,-48.9,-1.4,,,,
75.301,5,Atta_5,839.4,304.4,6.6,56.0,3.1,,,,
75.301,6,Atta_6,1667.2,2215.5,344.6,68.3,-6.8,,,,
75.301,7,Atta_7,1326.5,778.2,9.1,-81.4,2.7,,,,
75.301,8,Atta_8,1764.0,2195.1,270.5,109.1,-0.1,,,,
75.301,9,Atta_9,1059.2,1456.8,351.2,57.8,-5.6,,,,
75.301,10,Atta_10,431.8,451.8,359.9,47.3,-0.2,,,,
75.371,1,Atta_1,653.1,1606.6,8.2,77.7,2.7,,,,
75.371,2,Atta_2,1606.2,1149.8,26.0,21.7,0.1,,,,
75.371,3,Atta_3,1337.0,2557.8,339.9,-27.4,8.4,,,,
75.371,4,Atta_4,1355.9,438.3,7.0,40.3,2.4,,,,
75.371,5,Atta_5,798.4,296.7,7.0,-41.7,0.4,,,,
75.371,6,Atta_6,1528.4,2220.9,341.3,-138.9,-3.3,,,,
75.371,7,Atta_7,1317.5,775.8,7.9,-9.3,-1.2,,,,
75.371,8,Atta_8,1850.4,2215.1,273.1,-88.7,2.6,,,,
75.371,9,Atta_9,978.5,1482.6,351.5,-84.7,0.3,,,,
75.371,10,Atta_10,388.2,402.1,359.0,-66.1,-0.9,,,,
75.44,1,Atta_1,635.2,1586.1,0.8,-27.2,-7.4,,,,
75.44,2,Atta_2,1634.5,1196.8,26.5,54.9,0.5,,,,
75.44,3,Atta_3,1363.0,2571.6,337.0,29.4,-2.9,,,,
75.44,4,Atta_4,1379.6,413.0,7.8,34.7,0.8,,,,
75.44,5,Atta_5,805.0,283.6,6.5,14.7,-0.5,,,,
75.44,6,Atta_6,1606.4,2236.3,339.1,79.5,-2.2,,,,
75.44,7,Atta_7,1354.8,761.2,5.3,40.1,-2.6,,,,
75.44,8,Atta_8,1784.8,2237.7,271.9,-69.4,-1.2,,,,
75.44,9,Atta_9,1030.9,1413.3,356.7,86.9,5.2,,,,
75.44,10,Atta_10,357.0,387.9,4.5,-34.3,5.5,,,,
75.511,1,Atta_1,621.2,1580.9,7.5,-14.9,6.7,,,,
75.511,2,Atta_2,1539.3,1219.1,26.2,-97.8,-0.3,,,,
75.511,3,Atta_3,1324.6,2566.5,340.8,-38.7,3.8,,,,
75.511,4,Atta_4,1371.2,468.9,4.6,-56.5,-3.2,,,,
75.511,5,Atta_5,846.0,341.7,8.4,71.1,1.9,,,,
75.511,6,Atta_6,1577.1,2179.9,329.7,-63.6,-9.4,,,,
75.511,7,Atta_7,1392.5,784.9,7.1,44.5,1.8,,,,
75.511,8,Atta_8,1833.6,2230.6,274.5,49.3,2.6,,,,
75.511,9,Atta_9,1005.5,1357.4,354.1,-61.4,-2.6,,,,
75.511,10,Atta_10,433.9,413.3,2.5,81.0,-2.0,,,,
75.572,1,Atta_1,687.0,1628.8,3.6,81.4,-3.9,,,,
75.572,2,Atta_2,1608.3,1210.5,24.7,69.5,-1.5,,,,
75.572,3,Atta_3,1363.8,2630.3,336.9,74.9,-3.9,,,,
75.572,4,Atta_4,1338.1,446.9,5.1,-39.7,0.5,,,,
75.572,5,Atta_5,787.9,300.6,6.1,-71.2,-2.3,,,,
75.572,6,Atta_6,1581.2,2260.5,327.4,-80.7,-2.3,,,,
75.572,7,Atta_7,1388.3,795.9,8.2,-11.8,1.1,,,,
75.572,8,Atta_8,1813.9,2127.7,269.4,104.8,-5.1,,,,
75.572,9,Atta_9,1041.2,1359.2,355.5,35.7,1.4,,,,
75.572,10,Atta_10,460.5,397.7,2.5,30.8,0.0,,,,
75.641,1,Atta_1,680.5,1574.8,4.6,-54.4,1.0,,,,
75.641,2,Atta_2,1636.0,1234.8,28.3,36.8,3.6,,,,
75.641,3,Atta_3,1358.7,2568.0,342.2,62.5,5.3,,,,
75.641,4,Atta_4,1412.5,408.2,1.0,83.9,-4.1,,,,
75.641,5,Atta_5,820.9,244.4,4.4,65.2,-1.7,,,,
75.641,6,Atta_6,1597.5,2205.4,325.8,57.5,-1.6,,,,
75.641,7,Atta_7,1433.3,768.5,5.9,52.7,-2.3,,,,
75.641,8,Atta_8,1827.2,2151.0,272.7,-26.8,3.3,,,,
75.641,9,Atta_9,1053.5,1406.5,354.5,48.9,-1.0,,,,
75.641,10,Atta_10,441.6,355.1,2.1,-46.6,-0.4,,,,
75.708,1,Atta_1,662.9,1576.0,0.8,-17.6,-3.8,,,,
75.708,2,Atta_2,1654.4,1246.3,27.1,21.7,-1.2,,,,
75.708,3,Atta_3,1334.7,2606.5,339.4,-45.4,-2.8,,,,
75.708,4,Atta_4,1409.6,382.6,5.4,-25.8,4.4,,,,
75.708,5,Atta_5,909.0,321.0,7.5,116.7,3.1,,,,
75.708,6,Atta_6,1587.7,2183.7,316.9,23.8,-8.9,,,,
75.708,7,Atta_7,1331.4,756.9,6.8,-102.6,0.9,,,,
75.708,8,Atta_8,1785.3,2159.2,271.2,-42.7,-1.5,,,,
75.708,9,Atta_9,1086.8,1493.2,354.6,92.9,0.1,,,,
75.708,10,Atta_10,445.0,393.4,359.1,38.5,-3.0,,,,
75.776,1,Atta_1,698.0,1582.8,9.2,35.8,8.4,,,,
75.776,2,Atta_2,1673.3,1189.2,25.8,-60.1,-1.3,,,,
75.776,3,Atta_3,1402.7,2522.4,342.2,108.2,2.8,,,,
75.776,4,Atta_4,1418.3,444.7,4.9,62.7,-0.5,,,,
75.776,5,Atta_5,870.4,290.4,7.2,-49.3,-0.3,,,,
75.776,6,Atta_6,1559.7,2172.8,310.9,-30.0,-6.0,,,,
75.776,7,Atta_7,1398.9,771.1,5.6,69.0,-1.2,,,,
75.776,8,Atta_8,1900.0,2130.9,271.6,118.1,0.4,,,,
75.776,9,Atta_9,1116.1,1465.3,352.5,40.5,-2.1,,,,
75.776,10,Atta_10,480.5,344.9,0.5,60.1,1.4,,,,
75.842,1,Atta_1,700.7,1557.2,4.5,-25.7,-4.7,,,,
75.842,2,Atta_2,1655.0,1215.1,24.7,-31.7,-1.1,,,,
75.842,3,Atta_3,1372.5,2540.3,339.4,-35.1,-2.8,,,,
75.842,4,Atta_4,1416.8,449.6,4.5,-5.1,-0.4,,,,
75.842,5,Atta_5,913.2,296.6,6.1,43.2,-1.1,,,,
75.842,6,Atta_6,1603.6,2227.3,310.5,-70.0,-0.4,,,,
75.842,7,Atta_7,1290.0,748.7,8.9,-111.2,3.3,,,,
75.842,8,Atta_8,1819.3,2075.9,275.0,97.7,3.4,,,,
75.842,9,Atta_9,1137.1,1451.1,356.2,25.4,3.7,,,,
75.842,10,Atta_10,492.6,418.3,0.0,74.4,-0.5,,,,
75.909,1,Atta_1,719.9,1613.5,6.5,59.5,2.0,,,,
75.909,2,Atta_2,1649.6,1243.5,26.2,28.9,1.5,,,,
75.909,3,Atta_3,1366.0,2556.7,340.4,-17.6,1.0,,,,
75.909,4,Atta_4,1420.3,423.0,8.1,26.8,3.6,,,,
75.909,5,Atta_5,905.0,314.9,6.6,-20.1,0.5,,,,
75.909,6,Atta_6,1559.7,2196.3,310.3,-53.7,-0.2,,,,
75.909,7,Atta_7,1325.8,783.0,9.1,49.6,0.2,,,,
75.909,8,Atta_8,1768.7,2098.7,275.3,-55.5,0.3,,,,
75.909,9,Atta_9,1111.9,1457.4,355.0,-26.0,-1.2,,,,
75.909,10,Atta_10,490.1,462.4,0.8,-44.2,0.8,,,,
75.977,1,Atta_1,703.7,1620.2,4.1,-17.5,-2.4,,,,
75.977,2,Atta_2,1722.1,1238.5,26.4,72.7,0.2,,,,
75.977,3,Atta_3,1354.3,2502.6,345.9,55.4,5.5,,,,
75.977,4,Atta_4,1460.8,415.2,4.0,41.2,-4.1,,,,
75.977,5,Atta_5,906.4,359.2,5.7,44.3,-0.9,,,,
75.977,6,Atta_6,1589.6,2263.9,306.5,-73.9,-3.8,,,,
75.977,7,Atta_7,1277.1,766.8,5.7,-51.3,-3.4,,,,
75.977,8,Atta_8,1829.1,2141.5,275.5,-74.0,0.2,,,,
75.977,9,Atta_9,1124.1,1444.2,351.0,18.0,-4.0,,,,
75.977,10,Atta_10,503.4,394.9,356.4,68.8,-4.4,,,,
76.043,1,Atta_1,772.1,1628.2,5.4,68.9,1.3,,,,
76.043,2,Atta_2,1625.4,1274.6,25.2,-103.2,-1.2,,,,
76.043,3,Atta_3,1360.1,2530.2,338.0,-28.2,-7.9,,,,
76.043,4,Atta_4,1503.7,437.4,6.4,48.3,2.4,,,,
76.043,5,Atta_5,918.6,269.2,6.4,90.8,0.7,,,,
76.043,6,Atta_6,1572.3,2178.9,307.3,86.7,0.8,,,,
76.043,7,Atta_7,1355.1,795.0,5.4,82.9,-0.3,,,,
76.043,8,Atta_8,1798.1,2089.0,271.1,61.0,-4.4,,,,
76.043,9,Atta_9,1118.9,1425.4,351.1,-19.5,0.1,,,,
76.043,10,Atta_10,522.2,382.8,0.5,22.4,4.1,,,,
76.112,1,Atta_1,693.1,1613.2,7.4,-80.4,2.0,,,,
76.112,2,Atta_2,1698.5,1223.6,23.8,89.1,-1.4,,,,
76.112,3,Atta_3,1408.8,2579.8,335.9,69.5,-2.1,,,,
76.112,4,Atta_4,1484.7,478.4,2.6,-45.2,-3.8,,,,
76.112,5,Atta_5,914.8,297.1,6.5,-28.2,0.1,,,,
76.112,6,Atta_6,1607.6,2192.2,307.4,37.7,0.1,,,,
76.112,7,Atta_7,1290.4,791.1,0.3,-64.8,-5.1,,,,
76.112,8,Atta_8,1855.0,2124.7,284.4,-67.2,13.3,,,,
76.112,9,Atta_9,1075.7,1415.4,347.8,-44.3,-3.3,,,,
76.112,10,Atta_10,540.6,337.2,0.0,49.2,-0.5,,,,
76.178,1,Atta_1,811.7,1634.9,10.1,120.6,2.7,,,,
76.178,2,Atta_2,1692.2,1212.6,20.8,-12.7,-3.0,,,,
76.178,3,Atta_3,1316.8,2556.5,339.9,-94.9,4.0,,,,
76.178,4,Atta_4,1503.9,477.4,7.8,19.2,5.2,,,,
76.178,5,Atta_5,920.9,355.6,9.6,58.8,3.1,,,,
76.178,6,Atta_6,1569.8,2204.2,308.2,-39.7,0.8,,,,
76.178,7,Atta_7,1272.9,801.2,352.3,-20.2,-8.0,,,,
76.178,8,Atta_8,1763.8,2098.2,282.6,95.0,-1.8,,,,
76.178,9,Atta_9,1075.7,1428.6,351.8,-13.2,4.0,,,,
76.178,10,Atta_10,565.7,389.3,0.1,57.8,0.1,,,,
76.244,1,Atta_1,791.2,1544.2,3.0,-93.0,-7.1,,,,
76.244,2,Atta_2,1734.5,1254.3,25.4,59.4,4.6,,,,
76.244,3,Atta_3,1355.4,2568.4,336.5,40.4,-3.4,,,,
76.244,4,Atta_4,1494.2,412.1,6.2,-66.0,-1.6,,,,
76.244,5,Atta_5,953.3,363.9,10.7,33.4,1.1,,,,
76.244,6,Atta_6,1574.9,2184.5,307.3,20.3,-0.9,,,,
76.244,7,Atta_7,1273.0,780.3,351.8,20.9,-0.5,,,,
76.244,8,Atta_8,1803.5,2126.4,293.0,-48.7,10.4,,,,
76.244,9,Atta_9,1086.6,1460.3,352.9,33.5,1.1,,,,
76.244,10,Atta_10,521.4,404.8,357.5,-46.9,-2.6,,,,
76.314,1,Atta_1,779.3,1537.2,6.9,-13.8,3.9,,,,
76.314,2,Atta_2,1788.6,1218.3,23.0,65.0,-2.4,,,,
76.314,3,Atta_3,1385.5,2566.0,335.6,30.2,-0.9,,,,
76.314,4,Atta_4,1520.4,447.2,4.6,43.8,-1.6,,,,
76.314,5,Atta_5,958.0,350.4,13.8,14.3,3.1,,,,
76.314,6,Atta_6,1650.7,2189.4,308.5,76.0,1.2,,,,
76.314,7,Atta_7,1346.8,746.7,345.1,81.1,-6.7,,,,
76.314,8,Atta_8,1840.7,2086.7,293.6,54.4,0.6,,,,
76.314,9,Atta_9,1125.8,1458.1,349.5,39.3,-3.4,,,,
76.314,10,Atta_10,611.7,418.8,1.4,91.4,3.9,,,,
76.367,1,Atta_1,841.5,1619.7,9.8,103.3,2.9,,,,
76.367,2,Atta_2,1771.7,1144.3,27.4,-75.9,4.4,,,,
76.367,3,Atta_3,1301.0,2540.0,338.2,-88.4,2.6,,,,
76.367,4,Atta_4,1503.4,396.2,5.7,-53.8,1.1,,,,
76.367,5,Atta_5,947.9,257.4,8.1,-93.5,-5.7,,,,
76.367,6,Atta_6,1604.4,2183.4,307.4,-46.7,-1.1,,,,
76.367,7,Atta_7,1316.1,808.9,340.3,-69.4,-4.8,,,,
76.367,8,Atta_8,1817.6,2149.8,299.0,-67.2,5.4,,,,
76.367,9,Atta_9,1088.2,1446.7,351.2,-39.3,1.7,,,,
76.367,10,Atta_10,574.0,418.9,2.2,-37.7,0.8,,,,
76.437,1,Atta_1,792.9,1575.3,4.4,-65.8,-5.4,,,,
76.437,2,Atta_2,1763.0,1263.6,26.8,119.6,-0.6,,,,
76.437,3,Atta_3,1382.1,2608.6,337.3,106.2,-0.9,,,,
76.437,4,Atta_4,1498.0,434.2,6.4,-38.4,0.7,,,,
76.437,5,Atta_5,952.9,339.1,13.7,81.9,5.6,,,,
76.437,6,Atta_6,1610.2,2156.0,306.8,28.0,-0.6,,,,
76.437,7,Atta_7,1309.2,751.4,339.0,57.9,-1.3,,,,
76.437,8,Atta_8,1828.4,2088.5,305.1,62.2,6.1,,,,
76.437,9,Atta_9,1153.2,1463.2,354.8,67.1,3.6,,,,
76.437,10,Atta_10,568.5,459.4,1.0,-40.9,-1.2,,,,
76.506,1,Atta_1,873.9,1620.7,6.8,92.9,2.4,,,,
76.506,2,Atta_2,1765.9,1215.4,28.1,-48.3,1.3,,,,
76.506,3,Atta_3,1307.5,2637.7,334.4,-80.1,-2.9,,,,
76.506,4,Atta_4,1559.0,453.8,8.1,64.1,1.7,,,,
76.506,5,Atta_5,976.2,299.8,11.3,45.7,-2.4,,,,
76.506,6,Atta_6,1593.1,2132.2,310.1,29.3,3.3,,,,
76.506,7,Atta_7,1307.5,795.9,333.5,-44.5,-5.5,,,,
76.506,8,Atta_8,1775.3,2142.8,309.8,-75.9,4.7,,,,
76.506,9,Atta_9,1151.3,1418.9,353.9,44.3,-0.9,,,,
76.506,10,Atta_10,578.0,464.0,357.6,10.6,-3.4,,,,
76.573,1,Atta_1,850.1,1613.0,8.1,-25.0,1.3,,,,
76.573,2,Atta_2,1770.5,1251.9,23.8,36.8,-4.3,,,,
76.573,3,Atta_3,1292.2,2595.7,337.9,44.7,3.5,,,,
76.573,4,Atta_4,1566.3,411.2,5.5,43.2,-2.6,,,,
76.573,5,Atta_5,946.4,263.6,4.7,-46.9,-6.6,,,,
76.573,6,Atta_6,1636.8,2174.4,307.1,-60.7,-3.0,,,,
76.573,7,Atta_7,1300.9,736.0,325.9,60.3,-7.6,,,,
76.573,8,Atta_8,1810.9,2110.9,310.5,47.8,0.7,,,,
76.573,9,Atta_9,1141.2,1470.8,356.1,-52.9,2.2,,,,
76.573,10,Atta_10,597.4,349.7,0.4,115.9,2.8,,,,
76.639,1,Atta_1,841.0,1647.7,7.1,-35.9,-1.0,,,,
76.639,2,Atta_2,1774.5,1229.6,24.3,-22.7,0.5,,,,
76.639,3,Atta_3,1310.5,2581.2,332.6,23.3,-5.3,,,,
76.639,4,Atta_4,1592.3,477.1,4.8,70.8,-0.7,,,,
76.639,5,Atta_5,971.6,360.2,10.5,99.8,5.8,,,,
76.639,6,Atta_6,1679.9,2144.2,309.9,52.6,2.8,,,,
76.639,7,Atta_7,1343.0,795.5,324.8,72.9,-1.1,,,,
76.639,8,Atta_8,1831.0,2098.0,316.6,23.9,6.1,,,,
76.639,9,Atta_9,1186.5,1426.5,355.0,63.4,-1.1,,,,
76.639,10,Atta_10,598.0,362.0,2.1,12.3,1.7,,,,
76.771,1,Atta_1,859.1,1608.4,5.5,43.3,-1.6,,,,
76.771,2,Atta_2,1773.9,1289.8,23.0,60.2,-1.3,,,,
76.771,3,Atta_3,1241.5,2585.0,336.5,-69.1,3.9,,,,
76.771,4,Atta_4,1538.8,424.9,6.9,-74.7,2.1,,,,
76.771,5,Atta_5,1021.3,317.8,13.3,65.3,2.8,,,,
76.771,6,Atta_6,1647.3,2174.7,306.9,-44.6,-3.0,,,,
76.771,7,Atta_7,1298.1,796.8,313.0,-44.9,-11.8,,,,
76.771,8,Atta_8,1810.0,2100.9,326.4,-21.2,9.8,,,,
76.771,9,Atta_9,1145.9,1404.9,350.6,-46.0,-4.4,,,,
76.771,10,Atta_10,639.5,342.5,359.3,45.9,-2.8,,,,
76.837,1,Atta_1,883.7,1579.0,7.0,38.3,1.5,,,,
76.837,2,Atta_2,1816.1,1283.8,27.9,42.6,4.9,,,,
76.837,3,Atta_3,1271.0,2618.7,333.7,44.8,-2.8,,,,
76.837,4,Atta_4,1576.3,426.0,4.3,37.5,-2.6,,,,
76.837,5,Atta_5,957.6,340.5,12.3,-67.6,-1.0,,,,
76.837,6,Atta_6,1689.9,2094.8,305.8,90.5,-1.1,,,,
76.837,7,Atta_7,1359.3,794.3,311.3,61.3,-1.7,,,,
76.837,8,Atta_8,1810.0,2117.9,333.3,-17.0,6.9,,,,
76.837,9,Atta_9,1225.9,1432.6,354.2,84.7,3.6,,,,
76.837,10,Atta_10,670.2,356.9,356.5,33.9,-2.8,,,,
76.971,1,Atta_1,852.4,1637.4,4.2,-66.3,-2.8,,,,
76.971,2,Atta_2,1822.8,1253.0,26.6,-31.5,-1.3,,,,
76.971,3,Atta_3,1257.7,2555.7,330.9,64.4,-2.8,,,,
76.971,4,Atta_4,1579.2,414.3,7.6,12.1,3.3,,,,
76.971,5,Atta_5,1029.0,333.7,10.8,71.7,-1.5,,,,
76.971,6,Atta_6,1736.6,2106.3,310.3,48.1,4.5,,,,
76.971,7,Atta_7,1357.6,801.6,310.3,-7.5,-1.0,,,,
76.971,8,Atta_8,1803.2,2106.7,332.3,-13.1,-1.0,,,,
76.971,9,Atta_9,1166.5,1405.4,354.6,-65.3,0.4,,,,
76.971,10,Atta_10,644.6,413.5,0.5,-62.1,4.0,,,,
77.026,1,Atta_1,912.3,1602.2,9.2,69.5,5.0,,,,
77.026,2,Atta_2,1845.2,1315.9,23.4,66.8,-3.2,,,,
77.026,3,Atta_3,1258.8,2557.2,326.7,1.9,-4.2,,,,
77.026,4,Atta_4,1625.4,435.6,2.2,50.9,-5.4,,,,
77.026,5,Atta_5,990.4,315.9,8.6,-42.5,-2.2,,,,
77.026,6,Atta_6,1640.5,2080.8,311.0,-99.4,0.7,,,,
77.026,7,Atta_7,1277.0,736.2,306.1,-103.8,-4.2,,,,
77.026,8,Atta_8,1766.3,2136.4,339.5,-47.4,7.2,,,,
77.026,9,Atta_9,1234.2,1447.0,351.8,79.5,-2.8,,,,
77.026,10,Atta_10,676.3,369.6,360.0,54.1,-0.5,,,,
77.078,1,Atta_1,851.9,1630.5,3.9,-66.7,-5.3,,,,
77.078,2,Atta_2,1815.3,1329.6,23.2,-32.9,-0.2,,,,
77.078,3,Atta_3,1205.7,2549.3,323.1,-53.7,-3.6,,,,
77.078,4,Atta_4,1662.1,438.7,2.9,36.8,0.7,,,,
77.078,5,Atta_5,1001.0,329.6,12.5,17.3,3.9,,,,
77.078,6,Atta_6,1716.1,2082.4,315.9,75.6,4.9,,,,
77.078,7,Atta_7,1268.6,815.4,312.5,-79.6,6.4,,,,
77.078,8,Atta_8,1807.9,2122.1,338.0,44.0,-1.5,,,,
77.078,9,Atta_9,1300.7,1443.8,351.7,66.6,-0.1,,,,
77.078,10,Atta_10,684.7,368.2,5.8,8.5,5.8,,,,
77.149,1,Atta_1,903.6,1629.5,3.2,51.7,-0.7,,,,
77.149,2,Atta_2,1843.5,1314.6,27.3,31.9,4.1,,,,
77.149,3,Atta_3,1280.7,2560.5,319.2,75.8,-3.9,,,,
77.149,4,Atta_4,1630.0,530.1,5.9,-96.9,3.0,,,,
77.149,5,Atta_5,1032.7,335.9,11.4,32.3,-1.1,,,,
77.149,6,Atta_6,1661.3,2111.4,320.7,-62.0,4.8,,,,
77.149,7,Atta_7,1315.6,790.8,309.2,53.0,-3.3,,,,
77.149,8,Atta_8,1776.5,2130.1,337.6,-32.4,-0.4,,,,
77.149,9,Atta_9,1229.7,1457.3,352.8,-72.3,1.1,,,,
77.149,10,Atta_10,726.6,391.5,358.8,47.9,-7.0,,,,
77.218,1,Atta_1,937.4,1657.8,1.9,44.1,-1.3,,,,
77.218,2,Atta_2,1840.7,1283.2,24.7,-31.5,-2.6,,,,
77.218,3,Atta_3,1243.6,2630.3,314.4,-79.0,-4.8,,,,
77.218,4,Atta_4,1699.8,421.9,3.2,128.8,-2.7,,,,
77.218,5,Atta_5,1042.3,289.2,11.9,47.7,0.5,,,,
77.218,6,Atta_6,1681.9,2086.6,325.3,32.2,4.6,,,,
77.218,7,Atta_7,1305.6,780.5,311.9,14.4,2.7,,,,
77.218,8,Atta_8,1843.6,2113.2,340.2,69.2,2.6,,,,
77.218,9,Atta_9,1206.6,1437.6,352.9,-30.4,0.1,,,,
77.218,10,Atta_10,667.4,379.0,5.8,-60.5,7.0,,,,
77.285,1,Atta_1,840.7,1580.6,2.9,-123.7,1.0,,,,
77.285,2,Atta_2,1874.6,1270.3,28.1,36.3,3.4,,,,
77.285,3,Atta_3,1243.3,2574.7,306.2,55.6,-8.2,,,,
77.285,4,Atta_4,1644.5,464.6,4.4,-69.9,1.2,,,,
77.285,5,Atta_5,1032.6,359.5,11.4,71.0,-0.5,,,,
77.285,6,Atta_6,1656.7,2159.1,328.2,-76.8,2.9,,,,
77.285,7,Atta_7,1337.8,802.3,312.7,38.9,0.8,,,,
77.285,8,Atta_8,1833.3,2100.3,335.1,-16.5,-5.1,,,,
77.285,9,Atta_9,1260.4,1373.3,351.0,83.8,-1.9,,,,
77.285,10,Atta_10,721.6,368.3,359.3,55.2,-6.5,,,,
77.352,1,Atta_1,907.6,1633.8,360.0,85.5,-2.9,,,,
77.352,2,Atta_2,1899.1,1305.8,26.7,43.1,-1.4,,,,
77.352,3,Atta_3,1239.1,2555.6,302.7,19.6,-3.5,,,,
77.352,4,Atta_4,1617.1,419.3,3.1,-52.9,-1.3,,,,
77.352,5,Atta_5,1118.2,332.0,7.8,89.9,-3.6,,,,
77.352,6,Atta_6,1645.1,2089.7,336.7,70.4,8.5,,,,
77.352,7,Atta_7,1305.0,729.2,310.0,80.1,-2.7,,,,
77.352,8,Atta_8,1794.4,2102.8,337.2,-39.0,2.1,,,,
77.352,9,Atta_9,1284.4,1354.2,355.0,30.7,4.0,,,,
77.352,10,Atta_10,790.3,404.5,358.9,77.7,-0.4,,,,
77.406,1,Atta_1,919.8,1617.2,2.9,20.6,2.9,,,,
77.406,2,Atta_2,1845.4,1347.1,24.3,-67.7,-2.4,,,,
77.406,3,Atta_3,1218.6,2635.3,303.0,-82.3,0.3,,,,
77.406,4,Atta_4,1632.3,420.1,6.8,15.2,3.7,,,,
77.406,5,Atta_5,1075.9,349.0,10.3,-45.6,2.5,,,,
77.406,6,Atta_6,1694.7,2098.7,337.8,50.4,1.1,,,,
77.406,7,Atta_7,1310.2,793.7,311.6,-64.7,1.6,,,,
77.406,8,Atta_8,1840.2,2143.6,338.1,61.3,0.9,,,,
77.406,9,Atta_9,1287.4,1396.3,354.1,-42.2,-0.9,,,,
77.406,10,Atta_10,711.6,369.2,0.9,-86.3,2.0,,,,
77.476,1,Atta_1,892.8,1633.1,5.1,-31.3,2.2,,,,
77.476,2,Atta_2,1934.6,1319.2,22.4,93.5,-1.9,,,,
77.476,3,Atta_3,1259.1,2657.7,295.3,46.3,-7.7,,,,
77.476,4,Atta_4,1705.3,464.3,3.9,85.3,-2.9,,,,
77.476,5,Atta_5,1025.2,304.7,14.5,-67.3,4.2,,,,
77.476,6,Atta_6,1664.1,2089.7,341.9,-31.9,4.1,,,,
77.476,7,Atta_7,1356.8,735.8,307.7,74.3,-3.9,,,,
77.476,8,Atta_8,1855.9,2159.4,337.1,22.3,-1.0,,,,
77.476,9,Atta_9,1360.2,1432.7,351.1,81.4,-3.0,,,,
77.476,10,Atta_10,709.5,380.3,2.3,-11.3,1.4,,,,
77.546,1,Atta_1,939.0,1657.3,5.3,52.2,0.2,,,,
77.546,2,Atta_2,1923.1,1367.0,26.3,49.2,3.9,,,,
77.546,3,Atta_3,1270.6,2627.6,290.7,32.2,-4.6,,,,
77.546,4,Atta_4,1672.8,422.1,2.2,-53.3,-1.7,,,,
77.546,5,Atta_5,1108.0,352.9,9.6,95.8,-4.9,,,,
77.546,6,Atta_6,1630.9,2117.9,351.0,-43.6,9.1,,,,
77.546,7,Atta_7,1314.5,769.5,307.6,-54.1,-0.1,,,,
77.546,8,Atta_8,1915.6,2041.5,339.3,132.2,2.2,,,,
77.546,9,Atta_9,1262.4,1399.6,352.0,-103.2,0.9,,,,
77.546,10,Atta_10,769.7,410.1,1.0,67.2,-1.3,,,,
77.597,1,Atta_1,965.8,1575.5,1.7,86.1,-3.6,,,,
77.597,2,Atta_2,1926.2,1328.1,25.3,-39.0,-1.0,,,,
77.597,3,Atta_3,1248.1,2567.9,282.0,63.8,-8.7,,,,
77.597,4,Atta_4,1704.8,541.8,6.1,123.9,3.9,,,,
77.597,5,Atta_5,1122.5,338.2,10.9,20.6,1.3,,,,
77.597,6,Atta_6,1682.6,2167.7,351.7,71.8,0.7,,,,
77.597,7,Atta_7,1381.1,718.6,310.6,83.8,3.0,,,,
77.597,8,Atta_8,1869.6,2112.5,335.9,-84.6,-3.4,,,,
77.597,9,Atta_9,1341.8,1448.9,349.9,93.5,-2.1,,,,
77.597,10,Atta_10,729.8,368.0,1.8,-58.0,0.8,,,,
77.73,1,Atta_1,905.4,1554.3,2.9,-64.0,1.2,,,,
77.73,2,Atta_2,1970.0,1337.0,25.2,44.7,-0.1,,,,
77.73,3,Atta_3,1241.3,2578.3,280.3,-12.4,-1.7,,,,
77.73,4,Atta_4,1788.1,471.1,5.1,109.3,-1.0,,,,
77.73,5,Atta_5,1132.7,371.9,13.1,35.2,2.2,,,,
77.73,6,Atta_6,1602.9,2141.2,357.8,-84.0,6.1,,,,
77.73,7,Atta_7,1378.6,724.6,307.5,-6.5,-3.1,,,,
77.73,8,Atta_8,1871.5,2099.2,333.9,13.4,-2.0,,,,
77.73,9,Atta_9,1337.2,1436.1,350.8,-13.6,0.9,,,,
77.73,10,Atta_10,772.0,360.0,5.4,43.0,3.6,,,,
77.801,1,Atta_1,968.6,1686.0,0.6,146.1,-2.3,,,,
77.801,2,Atta_2,1946.6,1331.2,22.8,-24.1,-2.4,,,,
77.801,3,Atta_3,1212.5,2621.5,279.6,-51.9,-0.7,,,,
77.801,4,Atta_4,1793.4,556.8,2.7,85.9,-2.4,,,,
77.801,5,Atta_5,1156.6,341.9,9.6,38.4,-3.5,,,,
77.801,6,Atta_6,1655.0,2072.9,0.6,85.9,2.8,,,,
77.801,7,Atta_7,1409.4,683.6,310.6,51.3,3.1,,,,
77.801,8,Atta_8,1861.6,2093.6,338.1,-11.4,4.2,,,,
77.801,9,Atta_9,1416.3,1409.5,348.7,83.5,-2.1,,,,
77.801,10,Atta_10,816.7,347.2,359.7,46.5,-5.7,,,,
77.855,1,Atta_1,910.7,1626.0,2.1,-83.4,1.5,,,,
77.855,2,Atta_2,1943.2,1300.7,26.2,-30.7,3.4,,,,
77.855,3,Atta_3,1265.6,2610.0,271.3,54.3,-8.3,,,,
77.855,4,Atta_4,1784.4,435.3,3.2,-121.8,0.5,,,,
77.855,5,Atta_5,1150.0,336.3,14.5,-8.7,4.9,,,,
77.855,6,Atta_6,1604.9,2141.7,4.7,-85.1,4.1,,,,
77.855,7,Atta_7,1371.7,693.9,312.2,-39.1,1.6,,,,
77.855,8,Atta_8,1881.3,2054.2,336.5,44.1,-1.6,,,,
77.855,9,Atta_9,1332.1,1441.9,355.6,-90.2,6.9,,,,
77.855,10,Atta_10,833.2,354.5,1.4,18.0,1.7,,,,
77.907,1,Atta_1,997.4,1605.1,1.9,89.2,-0.2,,,,
77.907,2,Atta_2,2019.9,1346.7,25.8,89.4,-0.4,,,,
77.907,3,Atta_3,1299.8,2632.1,270.7,-40.7,-0.6,,,,
77.907,4,Atta_4,1791.9,447.2,3.4,14.1,0.2,,,,
77.907,5,Atta_5,1115.6,336.8,11.5,-34.4,-3.0,,,,
77.907,6,Atta_6,1634.1,2056.5,3.0,90.1,-1.7,,,,
77.907,7,Atta_7,1410.4,681.2,307.9,40.7,-4.3,,,,
77.907,8,Atta_8,1914.7,2084.6,335.3,45.2,-1.2,,,,
77.907,9,Atta_9,1365.5,1408.0,353.8,47.6,-1.8,,,,
77.907,10,Atta_10,801.0,329.8,1.2,-40.6,-0.2,,,,
77.957,1,Atta_1,978.6,1607.5,3.2,-19.0,1.3,,,,
77.957,2,Atta_2,2012.6,1361.2,26.9,-16.2,1.1,,,,
77.957,3,Atta_3,1276.3,2636.1,264.8,-23.8,-5.9,,,,
77.957,5,Atta_5,1213.0,346.6,12.0,97.9,0.5,,,,
77.957,6,Atta_6,1711.5,2131.3,4.2,107.6,1.2,,,,
77.957,7,Atta_7,1368.6,730.8,307.2,-64.9,-0.7,,,,
77.957,8,Atta_8,1914.1,2055.7,338.9,28.9,3.6,,,,
77.957,9,Atta_9,1343.3,1434.5,356.9,-34.6,3.1,,,,
77.957,10,Atta_10,852.4,464.2,358.6,143.9,-2.6,,,,
78.071,1,Atta_1,959.1,1608.3,3.2,-19.5,0.0,,,,
78.071,2,Atta_2,1970.0,1342.7,23.7,-46.4,-3.2,,,,
78.071,3,Atta_3,1270.3,2572.8,261.1,63.6,-3.7,,,,
78.071,4,Atta_4,1803.0,437.2,5.2,14.9,1.8,,,,
78.071,5,Atta_5,1193.0,369.3,9.1,-30.3,-2.9,,,,
78.071,6,Atta_6,1647.2,2072.8,5.1,-86.9,0.9,,,,
78.071,7,Atta_7,1441.1,658.2,312.6,102.6,5.4,,,,
78.071,8,Atta_8,1918.0,2063.8,337.1,9.0,-1.8,,,,
78.071,9,Atta_9,1393.0,1372.1,355.7,79.8,-1.2,,,,
78.071,10,Atta_10,863.5,347.2,1.8,117.5,3.2,,,,
78.142,1,Atta_1,1078.5,1630.9,1.4,121.5,-1.8,,,,
78.142,2,Atta_2,2007.5,1375.4,23.5,49.8,-0.2,,,,
78.142,3,Atta_3,1222.7,2592.0,257.9,-51.3,-3.2,,,,
78.142,4,Atta_4,1809.1,466.3,6.4,29.7,1.2,,,,
78.142,5,Atta_5,1155.2,359.9,6.7,-39.0,-2.4,,,,
78.142,6,Atta_6,1676.3,2108.0,2.7,45.7,-2.4,,,,
78.142,7,Atta_7,1398.3,688.3,317.8,-52.3,5.2,,,,
78.142,8,Atta_8,1952.4,2082.7,337.4,39.3,0.3,,,,
78.142,9,Atta_9,1426.7,1464.5,350.2,98.4,-5.5,,,,
78.142,10,Atta_10,849.0,373.9,3.3,-30.4,1.5,,,,
78.208,1,Atta_1,995.7,1645.4,4.7,-84.1,3.3,,,,
78.208,2,Atta_2,2025.0,1391.7,24.8,23.9,1.3,,,,
78.208,3,Atta_3,1268.3,2576.1,254.9,48.3,-3.0,,,,
78.208,4,Atta_4,1817.2,389.5,4.8,-77.2,-1.6,,,,
78.208,5,Atta_5,1206.7,374.6,8.4,53.6,1.7,,,,
78.208,6,Atta_6,1715.9,2122.3,3.9,42.1,1.2,,,,
78.208,7,Atta_7,1429.1,649.9,322.7,49.2,4.9,,,,
78.208,8,Atta_8,1968.9,2048.9,338.1,37.6,0.7,,,,
78.208,9,Atta_9,1362.2,1397.4,352.3,-93.1,2.1,,,,
78.208,10,Atta_10,846.4,456.6,3.6,82.7,0.3,,,,
78.278,1,Atta_1,1037.5,1655.9,4.3,43.1,-0.4,,,,
78.278,2,Atta_2,2032.4,1367.0,24.7,-25.8,-0.1,,,,
78.278,3,Atta_3,1212.1,2629.0,248.3,-77.2,-6.6,,,,
78.278,4,Atta_4,1767.6,449.2,4.4,-77.6,-0.4,,,,
78.278,5,Atta_5,1153.9,377.6,12.9,-52.9,4.5,,,,
78.278,6,Atta_6,1665.8,2096.4,4.5,-56.4,0.6,,,,
78.278,7,Atta_7,1392.9,717.2,327.4,-76.4,4.7,,,,
78.278,8,Atta_8,1955.3,2041.0,332.4,-15.7,-5.7,,,,
78.278,9,Atta_9,1392.8,1406.9,352.1,32.0,-0.2,,,,
78.278,10,Atta_10,858.9,367.3,0.9,90.2,-2.7,,,,
78.332,1,Atta_1,1086.2,1633.7,1.4,53.5,-2.9,,,,
78.332,2,Atta_2,2042.8,1371.5,24.5,11.3,-0.2,,,,
78.332,3,Atta_3,1190.5,2676.9,242.2,-52.5,-6.1,,,,
78.332,4,Atta_4,1811.0,493.8,7.5,62.2,3.1,,,,
78.332,5,Atta_5,1198.7,436.5,7.6,74.0,-5.3,,,,
78.332,6,Atta_6,1670.8,2099.0,4.9,5.6,0.4,,,,
78.332,7,Atta_7,1352.3,693.2,330.9,-47.2,3.5,,,,
78.332,8,Atta_8,2033.2,2048.8,334.7,78.3,2.3,,,,
78.332,9,Atta_9,1334.7,1412.9,356.1,-58.4,4.0,,,,
78.332,10,Atta_10,892.8,445.0,358.9,84.8,-2.0,,,,
78.404,1,Atta_1,1049.6,1662.8,3.0,-46.8,1.6,,,,
78.404,2,Atta_2,2049.0,1408.9,24.1,37.9,-0.4,,,,
78.404,3,Atta_3,1251.1,2628.0,244.0,77.9,1.8,,,,
78.404,4,Atta_4,1808.4,538.8,3.4,45.1,-4.1,,,,
78.404,5,Atta_5,1261.7,401.2,10.7,72.2,3.1,,,,
78.404,6,Atta_6,1682.0,2116.2,2.2,20.5,-2.7,,,,
78.404,7,Atta_7,1412.1,710.5,337.1,62.3,6.2,,,,
78.404,8,Atta_8,2034.9,2039.4,336.3,9.6,1.6,,,,
78.404,9,Atta_9,1366.5,1432.1,352.1,37.1,-4.0,,,,
78.404,10,Atta_10,898.5,330.4,356.4,114.7,-2.5,,,,
78.456,1,Atta_1,1050.8,1646.0,1.5,16.8,-1.5,,,,
78.456,2,Atta_2,2012.8,1384.9,22.6,-43.4,-1.5,,,,
78.456,3,Atta_3,1236.1,2620.2,246.1,16.9,2.1,,,,
78.456,4,Atta_4,1863.9,491.1,4.5,73.2,1.1,,,,
78.456,5,Atta_5,1221.4,382.1,12.1,-44.6,1.4,,,,
78.456,6,Atta_6,1673.4,2106.5,3.4,-13.0,1.2,,,,
78.456,7,Atta_7,1370.8,671.5,341.1,-56.8,4.0,,,,
78.456,8,Atta_8,1942.2,2065.1,337.9,-96.2,1.6,,,,
78.456,9,Atta_9,1298.7,1392.4,351.0,-78.6,-1.1,,,,
78.456,10,Atta_10,939.1,418.3,2.7,96.8,6.3,,,,
78.522,1,Atta_1,1019.0,1663.7,4.1,-36.4,2.6,,,,
78.522,2,Atta_2,2075.8,1412.0,24.3,68.6,1.7,,,,
78.522,3,Atta_3,1299.0,2612.3,242.5,-63.4,-3.6,,,,
78.522,4,Atta_4,1826.0,463.3,4.8,-47.0,0.3,,,,
78.522,5,Atta_5,1327.6,374.9,9.1,106.4,-3.0,,,,
78.522,6,Atta_6,1709.6,2126.4,1.7,41.3,-1.7,,,,
78.522,7,Atta_7,1348.5,670.6,344.9,-22.3,3.8,,,,
78.522,8,Atta_8,2001.2,2041.2,339.5,63.7,1.6,,,,
78.522,9,Atta_9,1347.1,1438.2,353.5,66.6,2.5,,,,
78.522,10,Atta_10,887.6,372.9,4.3,-68.7,1.6,,,,
78.589,1,Atta_1,1053.7,1700.0,2.6,50.2,-1.5,,,,
78.589,2,Atta_2,2091.2,1425.3,26.9,20.3,2.6,,,,
78.589,3,Atta_3,1244.7,2670.0,242.4,-79.2,-0.1,,,,
78.589,4,Atta_4,1843.2,443.1,359.7,26.5,-5.1,,,,
78.589,5,Atta_5,1277.7,393.4,11.3,-53.2,2.2,,,,
78.589,6,Atta_6,1753.8,2097.0,4.8,53.1,3.1,,,,
78.589,7,Atta_7,1417.5,658.2,349.2,70.1,4.3,,,,
78.589,8,Atta_8,2002.8,2029.4,338.6,11.9,-0.9,,,,
78.589,9,Atta_9,1335.0,1419.1,349.9,-22.6,-3.6,,,,
78.589,10,Atta_10,923.6,453.6,0.3,88.4,-4.0,,,,
78.655,1,Atta_1,1116.5,1577.6,7.0,137.6,4.4,,,,
78.655,2,Atta_2,2066.7,1397.0,20.8,-37.4,-6.1,,,,
78.655,3,Atta_3,1262.9,2637.0,243.0,37.7,0.6,,,,
78.655,4,Atta_4,1893.8,453.6,3.0,51.7,3.3,,,,
78.655,5,Atta_5,1246.5,368.4,12.0,-40.0,0.7,,,,
78.655,6,Atta_6,1726.7,2108.9,5.8,-29.6,1.0,,,,
78.655,7,Atta_7,1335.1,707.6,355.4,-96.1,6.2,,,,
78.655,8,Atta_8,2035.2,2042.0,333.9,34.8,-4.7,,,,
78.655,9,Atta_9,1278.3,1438.3,342.0,-59.9,-7.9,,,,
78.655,10,Atta_10,979.4,414.4,2.8,68.2,2.5,,,,
78.721,1,Atta_1,1090.7,1604.3,2.3,-37.1,-4.7,,,,
78.721,2,Atta_2,2058.5,1427.4,23.6,31.5,2.8,,,,
78.721,3,Atta_3,1311.8,2626.3,246.5,-50.1,3.5,,,,
78.721,4,Atta_4,1856.4,481.7,4.4,-46.8,1.4,,,,
78.721,5,Atta_5,1284.5,375.7,9.9,38.7,-2.1,,,,
78.721,6,Atta_6,1815.1,2114.3,0.9,88.6,-4.9,,,,
78.721,7,Atta_7,1334.1,652.5,358.4,55.1,3.0,,,,
78.721,8,Atta_8,2017.3,1990.9,338.3,54.1,4.4,,,,
78.721,9,Atta_9,1253.0,1400.6,340.5,-45.4,-1.5,,,,
78.721,10,Atta_10,899.8,365.0,0.2,-93.7,-2.6,,,,
78.787,1,Atta_1,1166.9,1588.0,6.5,77.9,4.2,,,,
78.787,2,Atta_2,2113.4,1394.2,22.0,64.2,-1.6,,,,
78.787,3,Atta_3,1220.5,2568.4,243.0,108.1,-3.5,,,,
78.787,4,Atta_4,1829.4,451.2,4.0,-40.7,-0.4,,,,
78.787,5,Atta_5,1332.3,445.4,14.7,84.5,4.8,,,,
78.787,6,Atta_6,1801.8,2135.9,4.9,-25.4,4.0,,,,
78.787,7,Atta_7,1451.2,676.8,359.3,119.6,0.9,,,,
78.787,8,Atta_8,2043.8,2055.7,332.0,70.0,-6.3,,,,
78.787,9,Atta_9,1339.0,1439.0,335.5,94.2,-5.0,,,,
78.787,10,Atta_10,948.0,384.7,1.9,52.1,1.7,,,,
78.853,1,Atta_1,1077.9,1667.2,359.1,-119.1,-7.4,,,,
78.853,2,Atta_2,2162.3,1348.9,18.0,66.7,-4.0,,,,
78.853,3,Atta_3,1271.2,2548.5,240.8,-54.5,-2.2,,,,
78.853,4,Atta_4,1864.6,519.0,1.0,76.4,-3.0,,,,
78.853,5,Atta_5,1346.3,375.7,9.6,-71.1,-5.1,,,,
78.853,6,Atta_6,1688.8,2094.2,3.3,-120.4,-1.6,,,,
78.853,7,Atta_7,1375.4,696.5,8.2,-78.3,8.9,,,,
78.853,8,Atta_8,2063.3,2015.2,338.7,44.9,6.7,,,,
78.853,9,Atta_9,1291.8,1388.5,333.4,-69.1,-2.1,,,,
78.853,10,Atta_10,901.0,392.1,1.3,-47.6,-0.6,,,,
78.922,1,Atta_1,1144.1,1637.4,0.8,72.6,1.7,,,,
78.922,2,Atta_2,2097.2,1386.2,26.5,-75.0,8.5,,,,
78.922,3,Atta_3,1247.7,2535.4,240.9,26.9,0.1,,,,
78.922,4,Atta_4,1812.7,438.5,2.8,-95.8,1.8,,,,
78.922,5,Atta_5,1372.3,371.9,8.6,26.3,-1.0,,,,
78.922,6,Atta_6,1817.5,2092.1,3.2,128.7,-0.1,,,,
78.922,7,Atta_7,1367.5,728.8,10.1,-33.3,1.9,,,,
78.922,8,Atta_8,2022.2,2022.4,341.8,-41.7,3.1,,,,
78.922,9,Atta_9,1294.0,1429.9,326.6,-41.5,-6.8,,,,
78.922,10,Atta_10,1001.4,324.5,2.9,121.0,1.6,,,,
78.988,1,Atta_1,1142.3,1646.9,3.6,-9.7,2.8,,,,
78.988,2,Atta_2,2107.7,1428.2,31.1,43.3,4.6,,,,
78.988,3,Atta_3,1178.9,2545.6,239.0,69.6,-1.9,,,,
78.988,4,Atta_4,1814.6,530.5,4.0,92.0,1.2,,,,
78.988,5,Atta_5,1304.5,368.8,8.4,-67.9,-0.2,,,,
78.988,6,Atta_6,1789.0,2146.7,6.1,-61.6,2.9,,,,
78.988,7,Atta_7,1418.2,693.4,8.6,61.8,-1.5,,,,
78.988,8,Atta_8,2046.6,1998.1,340.5,34.4,-1.3,,,,
78.988,9,Atta_9,1275.9,1418.2,323.0,-21.6,-3.6,,,,
78.988,10,Atta_10,982.2,441.6,0.4,-118.7,-2.5,,,,
79.053,1,Atta_1,1127.2,1625.3,0.8,-26.4,-2.8,,,,
79.053,2,Atta_2,2105.7,1438.0,27.8,10.0,-3.3,,,,
79.053,3,Atta_3,1222.2,2487.9,243.2,72.1,4.2,,,,
79.053,4,Atta_4,1817.4,464.8,4.7,-65.8,0.7,,,,
79.053,5,Atta_5,1308.4,407.8,13.5,39.2,5.1,,,,
79.053,6,Atta_6,1834.0,2076.3,5.2,83.6,-0.9,,,,
79.053,7,Atta_7,1356.9,650.8,5.9,-74.6,-2.7,,,,
79.053,8,Atta_8,2025.9,1990.7,340.6,-22.0,0.1,,,,
79.053,9,Atta_9,1279.3,1391.1,316.8,27.3,-6.2,,,,
79.053,10,Atta_10,1001.8,416.2,0.0,32.1,-0.4,,,,
79.122,1,Atta_1,1141.9,1639.3,1.5,20.3,0.7,,,,
79.122,2,Atta_2,2113.8,1400.4,30.5,-38.5,2.7,,,,
79.122,3,Atta_3,1234.9,2530.4,241.2,-44.4,-2.0,,,,
79.122,4,Atta_4,1783.3,497.3,1.3,-47.1,-3.4,,,,
79.122,5,Atta_5,1389.8,416.8,13.3,81.9,-0.2,,,,
79.122,6,Atta_6,1795.2,2122.2,2.3,-60.1,-2.9,,,,
79.122,7,Atta_7,1421.4,642.5,8.5,65.0,2.6,,,,
79.122,8,Atta_8,2044.9,2008.5,338.1,26.0,-2.5,,,,
79.122,9,Atta_9,1310.1,1396.4,311.8,31.3,-5.0,,,,
79.122,10,Atta_10,1008.0,371.5,3.1,45.1,3.1,,,,
79.189,1,Atta_1,1211.9,1594.2,2.5,83.3,1.0,,,,
79.189,2,Atta_2,2070.1,1428.5,30.1,-52.0,-0.4,,,,
79.189,3,Atta_3,1219.6,2522.1,240.5,17.4,-0.7,,,,
79.189,4,Atta_4,1750.9,405.3,356.1,-97.5,-5.2,,,,
79.189,5,Atta_5,1401.6,388.8,10.9,30.4,-2.4,,,,
79.189,6,Atta_6,1864.8,2140.3,3.3,71.9,1.0,,,,
79.189,7,Atta_7,1402.2,699.7,9.7,-60.3,1.2,,,,
79.189,8,Atta_8,2089.9,1973.7,341.1,56.9,3.0,,,,
79.189,9,Atta_9,1258.2,1407.3,306.3,-53.0,-5.5,,,,
79.189,10,Atta_10,1103.2,380.0,5.1,95.6,2.0,,,,
79.258,1,Atta_1,1147.6,1645.4,359.9,-82.2,-2.6,,,,
79.258,2,Atta_2,2091.5,1439.2,34.1,23.9,4.0,,,,
79.258,3,Atta_3,1233.7,2530.1,240.7,-16.2,0.2,,,,
79.258,4,Atta_4,1805.0,518.1,348.3,125.1,-7.8,,,,
79.258,5,Atta_5,1351.9,408.8,12.4,-53.6,1.5,,,,
79.258,6,Atta_6,1841.7,2115.5,4.7,-33.9,1.4,,,,
79.258,7,Atta_7,1409.5,728.6,10.0,29.8,0.3,,,,
79.258,8,Atta_8,2052.4,2030.2,340.3,-67.8,-0.8,,,,
79.258,9,Atta_9,1276.3,1407.8,301.2,18.1,-5.1,,,,
79.258,10,Atta_10,1011.1,378.9,0.6,-92.1,-4.5,,,,
79.395,1,Atta_1,1145.5,1689.1,3.0,-43.8,3.1,,,,
79.395,2,Atta_2,2097.1,1393.7,27.0,-45.8,-7.1,,,,
79.395,3,Atta_3,1169.0,2548.7,238.9,67.3,-1.8,,,,
79.395,4,Atta_4,1714.1,473.9,349.3,-101.1,1.0,,,,
79.395,5,Atta_5,1391.3,370.3,13.5,55.1,1.1,,,,
79.395,6,Atta_6,1916.0,2158.6,5.2,85.9,0.5,,,,
79.395,7,Atta_7,1408.8,717.8,5.4,-10.8,-4.6,,,,
79.395,8,Atta_8,2065.0,1974.0,341.3,57.6,1.0,,,,
79.395,9,Atta_9,1286.8,1456.7,298.0,-50.0,-3.2,,,,
79.395,10,Atta_10,1007.2,356.0,4.7,-23.2,4.1,,,,
79.461,1,Atta_1,1174.4,1636.0,1.8,60.5,-1.2,,,,
79.461,2,Atta_2,2166.1,1441.4,29.1,83.9,2.1,,,,
79.461,3,Atta_3,1197.9,2466.9,240.3,86.8,1.4,,,,
79.461,4,Atta_4,1736.5,495.3,336.2,31.0,-13.1,,,,
79.461,5,Atta_5,1403.5,407.1,10.9,38.8,-2.6,,,,
79.461,6,Atta_6,1918.4,2139.7,2.5,19.1,-2.7,,,,
79.461,7,Atta_7,1377.7,693.4,7.9,-39.5,2.5,,,,
79.461,8,Atta_8,2076.3,2011.5,342.4,-39.2,1.1,,,,
79.461,9,Atta_9,1323.9,1425.0,296.8,48.8,-1.2,,,,
79.461,10,Atta_10,1066.2,423.2,0.3,89.4,-4.4,,,,
79.594,1,Atta_1,1227.5,1615.1,1.4,57.1,-0.4,,,,
79.594,2,Atta_2,2149.0,1443.9,31.3,-17.3,2.2,,,,
79.594,3,Atta_3,1149.9,2483.1,242.1,50.7,1.8,,,,
79.594,4,Atta_4,1734.9,409.7,334.5,85.6,-1.7,,,,
79.594,5,Atta_5,1437.4,400.4,11.1,34.6,0.2,,,,
79.594,6,Atta_6,1903.1,2145.7,3.2,-16.4,0.7,,,,
79.594,7,Atta_7,1370.8,695.9,9.8,-7.3,1.9,,,,
79.594,8,Atta_8,2035.1,1982.4,342.6,-50.4,0.2,,,,
79.594,9,Atta_9,1258.5,1401.2,296.5,-69.6,-0.3,,,,
79.594,10,Atta_10,1105.4,388.1,1.9,52.6,1.6,,,,
79.66,1,Atta_1,1211.0,1605.1,2.3,-19.3,0.9,,,,
79.66,2,Atta_2,2180.1,1429.5,30.4,34.3,-0.9,,,,
79.66,3,Atta_3,1167.4,2434.4,242.3,51.7,0.2,,,,
79.66,4,Atta_4,1775.5,494.4,323.3,93.9,-11.2,,,,
79.66,5,Atta_5,1438.7,427.6,9.6,27.2,-1.5,,,,
79.66,6,Atta_6,1898.4,2118.4,1.5,-27.7,-1.7,,,,
79.66,7,Atta_7,1357.5,719.7,6.7,-27.3,-3.1,,,,
79.66,8,Atta_8,2118.8,1998.1,343.3,85.2,0.7,,,,
79.66,9,Atta_9,1321.4,1465.3,296.1,-89.8,-0.4,,,,
79.66,10,Atta_10,1138.0,384.0,1.0,32.9,-0.9,,,,
79.726,1,Atta_1,1200.2,1660.3,2.6,-56.2,0.3,,,,
79.726,2,Atta_2,2160.3,1510.9,30.0,83.8,-0.4,,,,
79.726,3,Atta_3,1158.9,2471.2,241.3,-37.8,-1.0,,,,
79.726,4,Atta_4,1835.5,451.6,321.7,73.7,-1.6,,,,
79.726,5,Atta_5,1440.4,355.9,10.7,-71.7,1.1,,,,
79.726,6,Atta_6,1933.3,2104.9,1.2,37.4,-0.3,,,,
79.726,7,Atta_7,1392.3,687.3,7.5,47.5,0.8,,,,
79.726,8,Atta_8,2147.4,2022.7,340.9,37.7,-2.4,,,,
79.726,9,Atta_9,1330.6,1437.8,294.2,29.0,-1.9,,,,
79.726,10,Atta_10,1104.6,424.3,359.4,-52.3,-1.6,,,,
79.856,1,Atta_1,1218.3,1568.9,359.6,93.2,-3.0,,,,
79.856,2,Atta_2,2187.2,1469.1,29.0,49.7,-1.0,,,,
79.856,3,Atta_3,1141.2,2457.3,241.7,22.5,0.4,,,,
79.856,4,Atta_4,1791.0,417.1,312.8,-56.3,-8.9,,,,
79.856,5,Atta_5,1506.9,438.3,7.2,105.9,-3.5,,,,
79.856,6,Atta_6,1938.9,2140.4,1.9,35.9,0.7,,,,
79.856,7,Atta_7,1315.2,689.8,12.2,-77.1,4.7,,,,
79.856,8,Atta_8,2109.5,1930.5,340.5,-99.7,-0.4,,,,
79.856,9,Atta_9,1339.7,1434.5,295.0,9.7,0.8,,,,
79.856,10,Atta_10,1095.1,376.4,1.4,-48.8,2.0,,,,
79.922,1,Atta_1,1226.3,1582.8,2.5,16.0,2.9,,,,
79.922,2,Atta_2,2211.7,1461.5,31.1,25.7,2.1,,,,
79.922,3,Atta_3,1133.4,2406.0,242.1,51.9,0.4,,,,
79.922,4,Atta_4,1807.2,473.9,311.8,-59.1,-1.0,,,,
79.922,5,Atta_5,1524.6,417.4,7.6,27.4,0.4,,,,
79.922,6,Atta_6,1944.0,2107.1,3.0,33.7,1.1,,,,
79.922,7,Atta_7,1361.3,630.3,8.9,75.3,-3.3,,,,
79.922,8,Atta_8,2162.2,1971.9,342.8,67.0,2.3,,,,
79.922,9,Atta_9,1332.0,1349.2,295.6,85.6,0.6,,,,
79.922,10,Atta_10,1137.1,415.0,0.6,57.0,-0.8,,,,
79.988,1,Atta_1,1275.4,1623.4,2.7,63.7,0.2,,,,
79.988,2,Atta_2,2146.2,1468.8,25.8,-65.9,-5.3,,,,
79.988,3,Atta_3,1130.8,2368.2,240.8,37.9,-1.3,,,,
79.988,4,Atta_4,1734.8,435.5,307.1,-82.0,-4.7,,,,
79.988,5,Atta_5,1480.5,357.4,7.1,-74.5,-0.5,,,,
79.988,6,Atta_6,1954.9,2137.4,1.4,32.2,-1.6,,,,
79.988,7,Atta_7,1332.2,737.9,1.7,-111.5,-7.2,,,,
79.988,8,Atta_8,2190.4,1985.4,341.1,31.3,-1.7,,,,
79.988,9,Atta_9,1314.4,1373.3,295.5,-29.8,-0.1,,,,
79.988,10,Atta_10,1166.4,353.2,1.1,68.4,0.5,,,,
80.055,1,Atta_1,1270.9,1645.9,1.6,-22.9,-1.1,,,,
80.055,2,Atta_2,2246.6,1484.0,31.1,101.5,5.3,,,,
80.055,3,Atta_3,1170.6,2422.8,242.0,-67.6,1.2,,,,
80.055,4,Atta_4,1803.0,420.8,309.0,69.8,1.9,,,,
80.055,5,Atta_5,1500.4,434.2,9.4,79.3,2.3,,,,
80.055,6,Atta_6,2015.6,2128.9,2.1,61.3,0.7,,,,
80.055,7,Atta_7,1371.4,730.1,3.1,40.0,1.4,,,,
80.055,8,Atta_8,2177.4,2012.5,343.9,-30.1,2.8,,,,
80.055,9,Atta_9,1285.1,1388.1,300.1,-32.8,4.6,,,,
80.055,10,Atta_10,1098.7,373.6,359.5,-70.7,-1.6,,,,
80.124,1,Atta_1,1250.3,1717.0,2.8,-74.0,1.2,,,,
80.124,2,Atta_2,2224.9,1478.7,28.2,-22.3,-2.9,,,,
80.124,3,Atta_3,1111.9,2382.3,244.3,71.3,2.3,,,,
80.124,4,Atta_4,1826.8,458.6,306.0,-44.7,-3.0,,,,
80.124,5,Atta_5,1496.7,479.2,8.9,45.2,-0.5,,,,
80.124,6,Atta_6,1956.2,2126.4,2.1,-59.5,0.0,,,,
80.124,7,Atta_7,1365.4,672.0,352.8,-58.4,-10.3,,,,
80.124,8,Atta_8,2197.1,1992.8,341.0,27.9,-2.9,,,,
80.124,9,Atta_9,1361.0,1397.4,292.6,76.5,-7.5,,,,
80.124,10,Atta_10,1171.5,377.8,2.6,72.9,3.1,,,,
80.195,1,Atta_1,1202.2,1629.7,2.2,-99.7,-0.6,,,,
80.195,2,Atta_2,2260.1,1459.2,30.1,40.2,1.9,,,,
80.195,3,Atta_3,1119.9,2333.4,244.2,49.6,-0.1,,,,
80.195,4,Atta_4,1782.3,485.0,307.4,-51.7,1.4,,,,
80.195,5,Atta_5,1568.0,477.2,10.5,71.3,1.6,,,,
80.195,6,Atta_6,2022.6,2117.4,2.2,67.0,0.1,,,,
80.195,7,Atta_7,1315.3,699.5,349.9,-57.2,-2.9,,,,
80.195,8,Atta_8,2134.9,1977.0,339.8,-64.2,-1.2,,,,
80.195,9,Atta_9,1339.1,1427.3,296.0,-37.1,3.4,,,,
80.195,10,Atta_10,1208.6,339.4,2.3,53.4,-0.3,,,,
80.267,1,Atta_1,1278.9,1608.6,6.3,79.5,4.1,,,,
80.267,2,Atta_2,2255.3,1474.0,31.5,15.6,1.4,,,,
80.267,3,Atta_3,1106.9,2314.5,245.7,22.9,1.5,,,,
80.267,4,Atta_4,1833.8,483.0,306.7,51.5,-0.7,,,,
80.267,5,Atta_5,1520.6,409.1,12.0,-83.0,1.5,,,,
80.267,6,Atta_6,2040.2,2106.4,2.2,20.8,0.0,,,,
80.267,7,Atta_7,1382.4,690.8,346.8,67.7,-3.1,,,,
80.267,8,Atta_8,2263.5,1970.0,342.8,128.8,3.0,,,,
80.267,9,Atta_9,1378.2,1304.2,294.4,129.2,-1.6,,,,
80.267,10,Atta_10,1151.9,367.8,0.8,-63.4,-1.5,,,,
80.323,1,Atta_1,1306.1,1637.1,4.6,39.4,-1.7,,,,
80.323,2,Atta_2,2312.9,1499.2,30.0,62.9,-1.5,,,,
80.323,3,Atta_3,1123.5,2355.2,245.1,-44.0,-0.6,,,,
80.323,4,Atta_4,1786.8,515.1,305.5,-56.9,-1.2,,,,
80.323,5,Atta_5,1537.0,433.0,12.5,29.0,0.5,,,,
80.323,6,Atta_6,2059.1,2111.4,3.5,19.6,1.3,,,,
80.323,7,Atta_7,1304.8,652.2,340.1,-86.7,-6.7,,,,
80.323,8,Atta_8,2188.7,1998.8,341.3,-80.2,-1.5,,,,
80.323,9,Atta_9,1368.1,1333.2,295.4,-30.7,1.0,,,,
80.323,10,Atta_10,1201.9,448.1,1.2,94.6,0.4,,,,
80.373,1,Atta_1,1305.6,1686.8,0.0,49.7,-4.6,,,,
80.373,2,Atta_2,2239.7,1564.4,29.1,-98.0,-0.9,,,,
80.373,3,Atta_3,1121.9,2325.8,241.3,29.4,-3.8,,,,
80.373,4,Atta_4,1779.5,428.1,310.2,87.3,4.7,,,,
80.373,5,Atta_5,1528.3,467.9,14.3,-36.0,1.8,,,,
80.373,6,Atta_6,1998.9,2131.9,3.5,-63.6,0.0,,,,
80.373,7,Atta_7,1284.8,707.1,334.3,-58.4,-5.8,,,,
80.373,8,Atta_8,2204.8,1944.4,346.3,56.7,5.0,,,,
80.373,9,Atta_9,1408.3,1361.8,297.3,-49.3,1.9,,,,
80.373,10,Atta_10,1216.5,406.0,358.3,44.6,-2.9,,,,
80.44,1,Atta_1,1332.1,1667.6,4.5,32.7,4.5,,,,
80.44,2,Atta_2,2231.6,1512.1,31.0,-52.9,1.9,,,,
80.44,3,Atta_3,1139.1,2282.3,244.1,46.8,2.8,,,,
80.44,4,Atta_4,1788.6,405.2,307.6,24.6,-2.6,,,,
80.44,5,Atta_5,1542.1,418.7,10.7,51.1,-3.6,,,,
80.44,6,Atta_6,2048.4,2115.5,7.2,52.1,3.7,,,,
80.44,7,Atta_7,1370.8,649.4,329.3,103.6,-5.0,,,,
80.44,8,Atta_8,2214.0,2004.0,340.5,-60.3,-5.8,,,,
80.44,9,Atta_9,1353.9,1339.6,292.5,-58.8,-4.8,,,,
80.44,10,Atta_10,1217.0,415.9,0.9,9.9,2.6,,,,
80.509,1,Atta_1,1338.5,1620.7,3.4,47.3,-1.1,,,,
80.509,2,Atta_2,2227.1,1482.4,31.3,-30.0,0.3,,,,
80.509,3,Atta_3,1156.8,2319.9,245.9,-41.6,1.8,,,,
80.509,4,Atta_4,1799.5,457.4,310.0,-53.3,2.4,,,,
80.509,5,Atta_5,1603.4,397.3,10.5,64.9,-0.2,,,,
80.509,6,Atta_6,2056.9,2092.5,4.0,24.5,-3.2,,,,
80.509,7,Atta_7,1314.1,678.7,326.6,-63.8,-2.7,,,,
80.509,8,Atta_8,2239.9,1959.8,340.5,51.2,0.0,,,,
80.509,9,Atta_9,1390.6,1336.4,298.0,36.8,5.5,,,,
80.509,10,Atta_10,1218.3,386.0,1.9,29.9,1.0,,,,
80.578,1,Atta_1,1356.1,1633.2,1.1,21.6,-2.3,,,,
80.578,2,Atta_2,2276.0,1505.9,28.6,54.3,-2.7,,,,
80.578,3,Atta_3,1118.2,2389.0,249.3,-79.2,3.4,,,,
80.578,4,Atta_4,1842.8,421.1,306.5,56.5,-3.5,,,,
80.578,5,Atta_5,1585.5,396.8,13.0,-17.9,2.5,,,,
80.578,6,Atta_6,2042.3,2143.0,0.3,-52.6,-3.7,,,,
80.578,7,Atta_7,1355.1,709.4,326.3,51.2,-0.3,,,,
80.578,9,Atta_9,1360.3,1297.8,302.2,49.1,4.2,,,,
80.578,10,Atta_10,1217.6,400.7,359.5,-14.7,-2.4,,,,
80.644,1,Atta_1,1345.8,1660.4,358.5,-29.1,-2.6,,,,
80.644,2,Atta_2,2331.6,1504.4,28.5,55.6,-0.1,,,,
80.644,3,Atta_3,1107.7,2335.6,253.4,54.4,4.1,,,,
80.644,4,Atta_4,1846.9,378.3,308.8,43.0,2.3,,,,
80.644,5,Atta_5,1607.6,495.6,10.7,101.2,-2.3,,,,
80.644,6,Atta_6,2087.1,2166.7,359.8,50.7,-0.5,,,,
80.644,7,Atta_7,1316.5,655.8,322.6,-66.1,-3.7,,,,
80.644,8,Atta_8,2282.4,1931.5,339.4,51.1,-1.1,,,,
80.644,9,Atta_9,1391.6,1322.0,306.9,-39.6,4.7,,,,
80.644,10,Atta_10,1287.9,344.6,0.2,89.9,0.7,,,,
80.715,1,Atta_1,1402.9,1641.4,4.2,60.2,5.7,,,,
80.715,2,Atta_2,2308.5,1591.4,31.0,90.0,2.5,,,,
80.715,3,Atta_3,1098.3,2276.2,259.5,60.1,6.1,,,,
80.715,4,Atta_4,1827.9,377.4,308.8,-19.0,0.0,,,,
80.715,5,Atta_5,1607.3,447.3,9.2,-48.3,-1.5,,,,
80.715,6,Atta_6,2123.6,2141.1,5.7,44.6,5.9,,,,
80.715,7,Atta_7,1329.0,692.3,318.3,-38.6,-4.3,,,,
80.715,8,Atta_8,2315.9,1914.0,337.9,37.8,-1.5,,,,
80.715,9,Atta_9,1364.7,1320.1,311.1,-27.0,4.2,,,,
80.715,10,Atta_10,1226.0,418.3,360.0,-96.2,-0.2,,,,
80.778,1,Atta_1,1392.9,1628.5,359.4,-16.3,-4.8,,,,
80.778,2,Atta_2,2348.7,1581.6,27.2,41.4,-3.8,,,,
80.778,3,Atta_3,1063.8,2322.4,261.9,-57.7,2.4,,,,
80.778,4,Atta_4,1865.1,372.7,309.8,37.5,1.0,,,,
80.778,5,Atta_5,1675.6,412.8,9.4,76.5,0.2,,,,
80.778,6,Atta_6,2080.9,2154.8,3.5,-44.8,-2.2,,,,
80.778,7,Atta_7,1344.5,679.6,313.6,20.0,-4.7,,,,
80.778,8,Atta_8,2333.9,1875.8,344.0,42.2,6.1,,,,
80.778,9,Atta_9,1353.4,1266.0,309.9,55.3,-1.2,,,,
80.778,10,Atta_10,1291.4,351.3,356.9,93.6,-3.1,,,,
80.843,1,Atta_1,1408.6,1645.6,2.7,23.2,3.3,,,,
80.843,2,Atta_2,2380.9,1580.3,33.7,32.2,6.5,,,,
80.843,3,Atta_3,1134.3,2290.7,268.3,77.3,6.4,,,,
80.843,4,Atta_4,1846.7,360.5,307.7,-22.1,-2.1,,,,
80.843,5,Atta_5,1640.9,453.8,9.9,-53.7,0.5,,,,
80.843,6,Atta_6,2058.6,2119.0,8.0,-42.2,4.5,,,,
80.843,7,Atta_7,1373.8,666.3,315.7,32.2,2.1,,,,
80.843,8,Atta_8,2296.2,1926.1,343.1,-62.9,-0.9,,,,
80.843,9,Atta_9,1368.2,1256.6,320.8,17.5,10.9,,,,
80.843,10,Atta_10,1315.4,396.9,359.8,51.5,2.9,,,,
80.91,1,Atta_1,1383.1,1626.0,3.0,-32.2,0.3,,,,
80.91,2,Atta_2,2369.5,1560.9,29.4,-22.5,-4.3,,,,
80.91,3,Atta_3,1063.8,2322.9,272.1,-77.5,3.8,,,,
80.91,4,Atta_4,1894.2,414.4,307.1,-71.8,-0.6,,,,
80.91,5,Atta_5,1600.2,420.2,7.8,-52.8,-2.1,,,,
80.91,6,Atta_6,2083.5,2140.3,3.4,32.8,-4.6,,,,
80.91,7,Atta_7,1349.5,657.2,312.3,-25.9,-3.4,,,,
80.91,8,Atta_8,2283.1,1928.1,339.8,-13.3,-3.3,,,,
80.91,9,Atta_9,1349.2,1300.9,321.0,-48.2,0.2,,,,
80.91,10,Atta_10,1320.5,330.3,2.3,66.8,2.5,,,,
80.976,1,Atta_1,1437.0,1651.9,2.8,59.8,-0.2,,,,
80.976,2,Atta_2,2371.0,1528.9,28.4,-32.0,-1.0,,,,
80.976,3,Atta_3,1103.5,2323.5,278.0,39.7,5.9,,,,
80.976,4,Atta_4,1893.3,378.3,307.5,36.1,0.4,,,,
80.976,5,Atta_5,1709.2,415.2,9.4,109.1,1.6,,,,
80.976,6,Atta_6,2096.7,2120.6,2.4,23.7,-1.0,,,,
80.976,7,Atta_7,1352.7,688.6,312.3,-31.6,0.0,,,,
80.976,8,Atta_8,2336.1,1920.1,339.2,53.6,-0.6,,,,
80.976,9,Atta_9,1393.6,1336.0,330.8,56.6,9.8,,,,
80.976,10,Atta_10,1314.7,360.3,358.0,-30.6,-4.3,,,,
81.042,1,Atta_1,1438.8,1633.3,2.6,18.7,-0.2,,,,
81.042,3,Atta_3,1092.7,2359.5,282.6,-37.6,4.6,,,,
81.042,4,Atta_4,1848.2,368.7,306.8,-46.1,-0.7,,,,
81.042,5,Atta_5,1669.6,490.1,11.2,-84.7,1.8,,,,
81.042,6,Atta_6,2135.8,2129.0,3.0,40.0,0.6,,,,
81.042,7,Atta_7,1307.5,623.7,314.9,79.1,2.6,,,,
81.042,8,Atta_8,2342.8,1958.5,341.2,-39.0,2.0,,,,
81.042,9,Atta_9,1334.4,1299.0,333.8,-69.8,3.0,,,,
81.042,10,Atta_10,1288.8,358.3,3.2,-26.0,5.2,,,,
81.114,2,Atta_2,2329.7,1571.8,33.9,-59.5,5.5,,,,
81.114,3,Atta_3,1169.9,2357.3,287.9,77.2,5.3,,,,
81.114,4,Atta_4,1908.8,373.2,312.9,60.8,6.1,,,,
81.114,5,Atta_5,1676.4,437.3,9.7,-53.2,-1.5,,,,
81.114,6,Atta_6,2108.8,2109.1,1.5,-33.5,-1.5,,,,
81.114,7,Atta_7,1349.8,644.6,310.8,47.2,-4.1,,,,
81.114,8,Atta_8,2263.3,1892.0,340.3,-103.6,-0.9,,,,
81.114,9,Atta_9,1332.7,1308.4,339.9,-9.6,6.1,,,,
81.114,10,Atta_10,1314.6,393.9,355.6,44.0,-7.6,,,,
81.167,1,Atta_1,1519.4,1662.4,1.6,85.7,-1.0,,,,
81.167,2,Atta_2,2392.6,1607.5,32.7,72.3,-1.2,,,,
81.167,3,Atta_3,1120.9,2355.0,289.7,-49.1,1.8,,,,
81.167,4,Atta_4,1852.8,346.5,320.4,-62.0,7.5,,,,
81.167,5,Atta_5,1719.8,436.2,8.7,43.4,-1.0,,,,
81.167,6,Atta_6,2154.7,2141.2,2.0,56.0,0.5,,,,
81.167,7,Atta_7,1339.4,636.3,313.7,-13.3,2.9,,,,
81.167,8,Atta_8,2364.4,1885.2,341.7,101.3,1.4,,,,
81.167,9,Atta_9,1337.7,1299.8,337.9,9.9,-2.0,,,,
81.167,10,Atta_10,1359.1,404.1,0.6,45.7,5.0,,,,
81.237,1,Atta_1,1488.1,1654.9,4.3,-32.2,2.7,,,,
81.237,2,Atta_2,2399.8,1569.5,30.1,-38.7,-2.6,,,,
81.237,3,Atta_3,1070.7,2314.2,294.3,64.7,4.6,,,,
81.237,4,Atta_4,1894.1,362.1,323.7,44.1,3.3,,,,
81.237,5,Atta_5,1669.4,461.1,10.0,-56.2,1.3,,,,
81.237,6,Atta_6,2217.7,2144.3,0.8,63.1,-1.2,,,,
81.237,7,Atta_7,1319.5,711.5,309.8,-77.8,-3.9,,,,
81.237,8,Atta_8,2421.5,1896.2,342.1,58.1,0.4,,,,
81.237,9,Atta_9,1359.0,1336.6,350.2,42.5,12.3,,,,
81.237,10,Atta_10,1367.3,359.9,359.5,45.0,-1.1,,,,
81.306,1,Atta_1,1481.2,1674.6,4.6,-20.9,0.3,,,,
81.306,2,Atta_2,2387.7,1598.8,34.4,31.7,4.3,,,,
81.306,3,Atta_3,1066.8,2372.2,300.6,-58.1,6.3,,,,
81.306,4,Atta_4,1877.1,385.1,327.7,-28.6,4.0,,,,
81.306,5,Atta_5,1676.2,487.3,8.3,27.1,-1.7,,,,
81.306,6,Atta_6,2167.9,2142.0,3.0,-49.9,2.2,,,,
81.306,7,Atta_7,1365.7,639.8,312.6,85.3,2.8,,,,
81.306,8,Atta_8,2369.4,1977.6,342.3,-96.6,0.2,,,,
81.306,9,Atta_9,1364.7,1294.4,345.4,42.6,-4.8,,,,
81.306,10,Atta_10,1388.9,404.5,1.0,49.6,1.5,,,,
81.372,1,Atta_1,1546.8,1727.8,6.5,84.5,1.9,,,,
81.372,2,Atta_2,2399.3,1567.2,25.3,-33.7,-9.1,,,,
81.372,3,Atta_3,1082.8,2286.9,302.5,86.8,1.9,,,,
81.372,4,Atta_4,1840.2,392.2,329.7,-37.6,2.0,,,,
81.372,5,Atta_5,1749.4,428.6,8.9,93.8,0.6,,,,
81.372,6,Atta_6,2154.4,2132.6,5.4,-16.5,2.4,,,,
81.372,7,Atta_7,1406.2,629.7,316.8,41.7,4.2,,,,
81.372,8,Atta_8,2389.1,1894.0,340.5,85.9,-1.8,,,,
81.372,9,Atta_9,1360.3,1280.7,353.9,-14.4,8.5,,,,
81.372,10,Atta_10,1423.9,392.1,3.2,37.1,2.2,,,,
81.438,1,Atta_1,1449.7,1635.2,5.1,-134.2,-1.4,,,,
81.438,2,Atta_2,2394.0,1608.7,30.1,41.8,4.8,,,,
81.438,3,Atta_3,1088.3,2374.4,308.7,-87.7,6.2,,,,
81.438,4,Atta_4,1861.7,370.8,338.3,30.3,8.6,,,,
81.438,5,Atta_5,1773.1,473.3,13.7,50.6,4.8,,,,
81.438,6,Atta_6,2205.0,2129.3,3.8,50.7,-1.6,,,,
81.438,7,Atta_7,1365.2,657.5,314.1,-49.5,-2.7,,,,
81.438,8,Atta_8,2385.6,1851.8,343.0,42.3,2.5,,,,
81.438,9,Atta_9,1355.9,1273.1,349.0,-8.8,-4.9,,,,
81.438,10,Atta_10,1389.4,421.8,3.9,-45.5,0.7,,,,
81.506,1,Atta_1,1509.2,1649.9,1.1,61.3,-4.0,,,,
81.506,2,Atta_2,2429.3,1619.6,28.6,36.9,-1.5,,,,
81.506,3,Atta_3,1094.7,2344.4,313.5,30.7,4.8,,,,
81.506,4,Atta_4,1852.2,312.0,341.4,59.6,3.1,,,,
81.506,5,Atta_5,1756.7,460.1,12.4,-21.1,-1.3,,,,
81.506,6,Atta_6,2262.3,2145.5,1.4,59.5,-2.4,,,,
81.506,7,Atta_7,1394.0,625.1,311.8,43.3,-2.3,,,,
81.506,8,Atta_8,2401.3,1891.1,340.8,42.3,-2.2,,,,
81.506,9,Atta_9,1347.5,1321.1,344.7,-48.7,-4.3,,,,
81.506,10,Atta_10,1395.0,378.5,0.7,43.7,-3.2,,,,
81.569,1,Atta_1,1514.6,1669.8,4.3,20.6,3.2,,,,
81.569,2,Atta_2,2459.1,1589.0,28.8,42.7,0.2,,,,
81.569,3,Atta_3,1128.2,2309.0,317.8,48.7,4.3,,,,
81.569,4,Atta_4,1872.7,344.3,346.4,38.3,5.0,,,,
81.569,5,Atta_5,1791.3,423.3,10.0,50.5,-2.4,,,,
81.569,6,Atta_6,2316.9,2142.0,5.9,54.7,4.5,,,,
81.569,7,Atta_7,1425.7,598.9,313.0,41.1,1.2,,,,
81.569,8,Atta_8,2471.8,1866.2,343.6,74.8,2.8,,,,
81.569,9,Atta_9,1354.7,1346.4,349.2,26.3,4.5,,,,
81.569,10,Atta_10,1423.0,448.4,1.9,75.3,1.2,,,,
81.64,1,Atta_1,1530.2,1690.9,4.4,26.2,0.1,,,,
81.64,2,Atta_2,2449.8,1585.6,30.4,-9.9,1.6,,,,
81.64,3,Atta_3,1134.1,2314.7,320.8,8.2,3.0,,,,
81.64,4,Atta_4,1875.6,414.0,348.1,-69.8,1.7,,,,
81.64,5,Atta_5,1779.7,449.8,11.8,-28.9,1.8,,,,
81.64,6,Atta_6,2216.9,2213.8,0.6,-123.1,-5.3,,,,
81.64,7,Atta_7,1357.0,601.1,311.7,-68.7,-1.3,,,,
81.64,8,Atta_8,2425.1,1847.3,338.2,-50.4,-5.4,,,,
81.64,9,Atta_9,1311.3,1305.1,351.0,-59.9,1.8,,,,
81.64,10,Atta_10,1437.7,399.8,0.2,50.8,-1.7,,,,
81.711,1,Atta_1,1598.3,1669.7,3.0,71.3,-1.4,,,,
81.711,2,Atta_2,2433.0,1580.5,29.1,-17.6,-1.3,,,,
81.711,3,Atta_3,1146.6,2310.5,328.4,13.2,7.6,,,,
81.711,4,Atta_4,1872.6,337.6,353.9,76.5,5.8,,,,
81.711,5,Atta_5,1814.4,472.7,11.4,41.6,-0.4,,,,
81.711,6,Atta_6,2246.7,2162.4,4.5,59.4,3.9,,,,
81.711,7,Atta_7,1371.9,631.4,312.9,-33.8,1.2,,,,
81.711,8,Atta_8,2419.3,1888.1,339.6,-41.2,1.4,,,,
81.711,9,Atta_9,1362.7,1333.5,345.7,58.7,-5.3,,,,
81.711,10,Atta_10,1473.3,387.7,358.6,37.6,-1.6,,,,
81.777,1,Atta_1,1577.0,1661.0,5.5,-23.0,2.5,,,,
81.777,2,Atta_2,2482.6,1610.7,27.7,58.1,-1.4,,,,
81.777,3,Atta_3,1099.7,2372.3,328.5,-77.6,0.1,,,,
81.777,4,Atta_4,1879.3,358.0,360.0,21.5,6.1,,,,
81.777,5,Atta_5,1763.3,489.5,10.9,-53.8,-0.5,,,,
81.777,6,Atta_6,2224.5,2133.0,4.7,-36.8,0.2,,,,
81.777,7,Atta_7,1403.3,553.4,313.3,84.1,0.4,,,,
81.777,8,Atta_8,2434.1,1903.3,338.9,21.2,-0.7,,,,
81.777,9,Atta_9,1391.7,1270.6,344.9,69.3,-0.8,,,,
81.777,10,Atta_10,1426.6,348.3,358.0,-61.1,-0.6,,,,
81.832,1,Atta_1,1564.1,1665.2,4.2,-13.6,-1.3,,,,
81.832,2,Atta_2,2498.2,1580.8,29.5,-33.7,1.8,,,,
81.832,3,Atta_3,1149.6,2354.3,337.1,53.0,8.6,,,,
81.832,4,Atta_4,1886.2,374.1,3.6,17.5,3.6,,,,
81.832,5,Atta_5,1779.0,425.3,10.9,66.1,0.0,,,,
81.832,6,Atta_6,2293.9,2068.6,1.9,94.7,-2.8,,,,
81.832,7,Atta_7,1398.0,621.0,313.5,-67.8,0.2,,,,
81.832,8,Atta_8,2486.2,1852.6,342.2,72.7,3.3,,,,
81.832,9,Atta_9,1355.0,1345.5,348.5,-83.4,3.6,,,,
81.832,10,Atta_10,1455.1,348.3,0.6,28.5,2.6,,,,
81.898,1,Atta_1,1576.0,1686.8,360.0,24.7,-4.2,,,,
81.898,2,Atta_2,2483.3,1649.7,31.0,70.5,1.5,,,,
81.898,3,Atta_3,1117.7,2339.6,339.8,-35.1,2.7,,,,
81.898,4,Atta_4,1881.6,340.6,3.3,-33.8,-0.3,,,,
81.898,5,Atta_5,1790.4,475.3,7.3,51.3,-3.6,,,,
81.898,6,Atta_6,2283.7,2181.2,359.9,-113.1,-2.0,,,,
81.898,7,Atta_7,1420.7,625.0,321.8,23.0,8.3,,,,
81.898,8,Atta_8,2464.5,1845.1,339.6,-23.0,-2.6,,,,
81.898,9,Atta_9,1397.7,1273.2,346.5,84.0,-2.0,,,,
81.898,10,Atta_10,1486.6,367.8,6.5,37.0,5.9,,,,
81.967,1,Atta_1,1555.8,1636.4,3.0,-54.3,3.0,,,,
81.967,2,Atta_2,2487.0,1628.4,28.8,-21.6,-2.2,,,,
81.967,3,Atta_3,1124.5,2324.3,343.7,16.7,3.9,,,,
81.967,4,Atta_4,1850.4,343.0,5.0,-31.3,1.7,,,,
81.967,5,Atta_5,1818.0,462.0,11.1,30.6,3.8,,,,
81.967,6,Atta_6,2296.3,2132.0,3.7,50.8,3.8,,,,
81.967,7,Atta_7,1402.5,613.1,325.7,-21.7,3.9,,,,
81.967,8,Atta_8,2452.1,1819.2,341.0,-28.7,1.4,,,,
81.967,9,Atta_9,1356.5,1273.1,342.1,-41.2,-4.4,,,,
81.967,10,Atta_10,1376.5,412.4,359.5,-118.8,-7.0,,,,
82.035,1,Atta_1,1611.5,1673.5,3.9,66.9,0.9,,,,
82.035,2,Atta_2,2510.9,1675.5,30.1,52.8,1.3,,,,
82.035,3,Atta_3,1131.4,2334.5,353.3,12.3,9.6,,,,
82.035,4,Atta_4,1838.0,395.5,5.4,-53.9,0.4,,,,
82.035,5,Atta_5,1844.3,423.6,8.4,46.5,-2.7,,,,
82.035,6,Atta_6,2341.0,2109.9,1.6,49.9,-2.1,,,,
82.035,7,Atta_7,1391.4,594.2,329.0,21.9,3.3,,,,
82.035,8,Atta_8,2489.3,1833.3,345.1,39.8,4.1,,,,
82.035,9,Atta_9,1348.4,1268.0,347.1,-9.6,5.0,,,,
82.035,10,Atta_10,1567.1,417.9,0.6,190.7,1.1,,,,
82.105,1,Atta_1,1580.4,1595.7,10.2,-83.8,6.3,,,,
82.105,2,Atta_2,2584.4,1652.5,29.8,77.0,-0.3,,,,
82.105,3,Atta_3,1132.6,2295.4,348.3,39.1,-5.0,,,,
82.105,4,Atta_4,1817.7,364.0,3.9,-37.5,-1.5,,,,
82.105,5,Atta_5,1847.7,462.2,9.9,38.7,1.5,,,,
82.105,6,Atta_6,2333.2,2151.4,0.1,-42.2,-1.5,,,,
82.105,7,Atta_7,1367.9,623.5,331.2,-37.6,2.2,,,,
82.105,8,Atta_8,2451.4,1879.3,338.8,-59.6,-6.3,,,,
82.105,9,Atta_9,1385.8,1291.7,343.5,44.3,-3.6,,,,
82.105,10,Atta_10,1515.7,401.2,2.0,-54.0,1.4,,,,
82.173,1,Atta_1,1658.7,1681.1,5.6,115.9,-4.6,,,,
82.173,2,Atta_2,2564.7,1663.2,31.8,-22.4,2.0,,,,
82.173,3,Atta_3,1153.2,2339.8,347.7,48.9,-0.6,,,,
82.173,4,Atta_4,1858.9,327.7,5.7,54.9,1.8,,,,
82.173,5,Atta_5,1860.6,498.9,12.7,38.9,2.8,,,,
82.173,6,Atta_6,2328.3,2148.3,3.7,-5.8,3.6,,,,
82.173,7,Atta_7,1437.4,649.3,338.9,74.1,7.7,,,,
82.173,8,Atta_8,2512.6,1829.4,339.5,79.0,0.7,,,,
82.173,9,Atta_9,1332.0,1345.5,344.2,-76.1,0.7,,,,
82.173,10,Atta_10,1504.9,407.0,0.5,-12.3,-1.5,,,,
82.239,1,Atta_1,1670.8,1635.1,7.2,47.6,1.6,,,,
82.239,2,Atta_2,2576.0,1652.2,32.5,15.8,0.7,,,,
82.239,3,Atta_3,1108.8,2302.0,353.0,-58.3,5.3,,,,
82.239,4,Atta_4,1893.4,404.8,0.7,84.5,-5.0,,,,
82.239,5,Atta_5,1828.2,488.8,11.1,-33.9,-1.6,,,,
82.239,6,Atta_6,2343.8,2092.4,2.8,58.0,-0.9,,,,
82.239,7,Atta_7,1417.3,581.0,344.3,71.2,5.4,,,,
82.239,8,Atta_8,2523.3,1883.3,343.0,-55.0,3.5,,,,
82.239,9,Atta_9,1288.7,1383.4,343.7,-57.5,-0.5,,,,
82.239,10,Atta_10,1523.6,492.1,358.8,87.1,-1.7,,,,
82.306,1,Atta_1,1672.7,1709.6,8.4,74.5,1.2,,,,
82.306,2,Atta_2,2607.7,1691.6,26.9,50.6,-5.6,,,,
82.306,3,Atta_3,1087.5,2306.2,347.9,-21.7,-5.1,,,,
82.306,4,Atta_4,1855.2,342.6,4.6,-73.0,3.9,,,,
82.306,5,Atta_5,1835.8,514.4,11.8,26.7,0.7,,,,
82.306,6,Atta_6,2393.1,2187.7,2.4,107.3,-0.4,,,,
82.306,7,Atta_7,1445.3,596.0,349.4,31.8,5.1,,,,
82.306,8,Atta_8,2529.4,1846.2,349.0,37.6,6.0,,,,
82.306,9,Atta_9,1322.5,1275.7,338.7,112.9,-5.0,,,,
82.306,10,Atta_10,1508.6,430.3,4.4,-63.6,5.6,,,,
82.377,1,Atta_1,1612.3,1697.2,6.1,-61.7,-2.3,,,,
82.377,2,Atta_2,2579.8,1663.1,28.1,-39.9,1.2,,,,
82.377,3,Atta_3,1088.0,2332.3,351.4,-26.1,3.5,,,,
82.377,4,Atta_4,1901.5,421.8,7.2,91.7,2.6,,,,
82.377,5,Atta_5,1885.0,457.5,9.8,75.2,-2.0,,,,
82.377,6,Atta_6,2284.8,2144.7,3.5,-116.5,1.1,,,,
82.377,7,Atta_7,1433.3,550.2,355.4,-47.3,6.0,,,,
82.377,8,Atta_8,2504.5,1887.7,351.2,-48.4,2.2,,,,
82.377,9,Atta_9,1348.1,1356.9,332.8,-85.1,-5.9,,,,
82.377,10,Atta_10,1532.1,421.3,5.5,25.2,1.1,,,,
82.499,1,Atta_1,1631.5,1669.1,358.9,34.0,-7.2,,,,
82.499,2,Atta_2,2527.2,1619.5,31.6,-68.3,3.5,,,,
82.499,3,Atta_3,1133.3,2387.2,352.4,71.2,1.0,,,,
82.499,4,Atta_4,1894.1,357.1,4.2,-65.1,-3.0,,,,
82.499,5,Atta_5,1823.3,485.9,11.3,-67.9,1.5,,,,
82.499,6,Atta_6,2427.8,2148.4,5.5,143.0,2.0,,,,
82.499,7,Atta_7,1401.8,590.3,355.2,-51.0,-0.2,,,,
82.499,8,Atta_8,2509.2,1845.7,353.3,42.3,2.1,,,,
82.499,9,Atta_9,1340.0,1322.3,331.1,35.5,-1.7,,,,
82.499,10,Atta_10,1567.1,422.7,2.5,35.0,-3.0,,,,
82.569,1,Atta_1,1600.2,1673.2,350.6,-31.6,-8.3,,,,
82.569,2,Atta_2,2525.7,1676.3,32.4,56.8,0.8,,,,
82.569,3,Atta_3,1193.4,2331.6,347.5,81.9,-4.9,,,,
82.569,4,Atta_4,1912.7,410.3,7.5,56.4,3.3,,,,
82.569,5,Atta_5,1810.5,503.6,12.6,-21.8,1.3,,,,
82.569,6,Atta_6,2398.1,2156.5,6.6,-30.8,1.1,,,,
82.569,7,Atta_7,1452.4,578.2,11.0,52.0,15.8,,,,
82.569,8,Atta_8,2499.9,1864.6,352.9,-21.1,-0.4,,,,
82.569,9,Atta_9,1308.6,1359.3,322.3,-48.5,-8.8,,,,
82.569,10,Atta_10,1579.4,369.7,2.5,54.4,0.0,,,,
82.637,1,Atta_1,1660.0,1750.6,345.2,97.8,-5.4,,,,
82.637,2,Atta_2,2567.4,1705.7,30.9,51.0,-1.5,,,,
82.637,3,Atta_3,1139.6,2325.6,352.6,-54.1,5.1,,,,
82.637,4,Atta_4,1918.1,413.4,4.3,6.2,-3.2,,,,
82.637,5,Atta_5,1776.9,485.3,9.8,-38.3,-2.8,,,,
82.637,6,Atta_6,2400.2,2176.2,2.8,19.8,-3.8,,,,
82.637,7,Atta_7,1387.6,558.1,8.8,-67.8,-2.2,,,,
82.637,8,Atta_8,2497.2,1847.8,356.9,-17.0,4.0,,,,
82.637,9,Atta_9,1352.0,1377.9,316.5,47.2,-5.8,,,,
82.637,10,Atta_10,1579.6,331.4,2.3,-38.3,-0.2,,,,
82.774,1,Atta_1,1697.9,1635.1,348.8,121.6,3.6,,,,
82.774,2,Atta_2,2541.0,1685.1,30.4,-33.5,-0.5,,,,
82.774,3,Atta_3,1178.4,2304.1,351.2,44.4,-1.4,,,,
82.774,4,Atta_4,1985.3,385.8,4.7,72.6,0.4,,,,
82.774,5,Atta_5,1820.4,513.4,12.2,51.8,2.4,,,,
82.774,6,Atta_6,2387.5,2127.6,3.9,-50.2,1.1,,,,
82.774,7,Atta_7,1457.2,539.8,9.7,72.0,0.9,,,,
82.774,8,Atta_8,2509.1,1851.7,355.2,12.5,-1.7,,,,
82.774,9,Atta_9,1273.5,1322.2,311.5,-96.3,-5.0,,,,
82.774,10,Atta_10,1605.8,391.5,1.9,65.6,-0.4,,,,
82.843,1,Atta_1,1687.6,1665.1,347.7,-31.7,-1.1,,,,
82.843,2,Atta_2,2574.5,1682.7,31.8,33.6,1.4,,,,
82.843,3,Atta_3,1192.4,2318.3,349.3,19.9,-1.9,,,,
82.843,4,Atta_4,1924.9,402.5,4.3,-62.7,-0.4,,,,
82.843,5,Atta_5,1792.6,520.2,3.5,-28.6,-8.7,,,,
82.843,6,Atta_6,2414.3,2119.6,358.9,28.0,-5.0,,,,
82.843,7,Atta_7,1435.3,595.8,11.0,-60.1,1.3,,,,
82.843,8,Atta_8,2556.4,1848.6,352.2,47.4,-3.0,,,,
82.843,9,Atta_9,1347.4,1345.9,303.6,77.6,-7.9,,,,
82.843,10,Atta_10,1629.2,438.0,1.0,52.1,-0.9,,,,
82.978,1,Atta_1,1672.8,1664.7,346.5,-14.8,-1.2,,,,
82.978,2,Atta_2,2633.9,1683.1,30.2,59.4,-1.6,,,,
82.978,3,Atta_3,1154.6,2337.7,351.9,-42.5,2.6,,,,
82.978,4,Atta_4,1994.7,374.7,5.9,75.1,1.6,,,,
82.978,5,Atta_5,1797.0,460.3,355.3,60.1,-8.2,,,,
82.978,6,Atta_6,2394.1,2167.7,359.2,-52.2,0.3,,,,
82.978,7,Atta_7,1384.7,595.5,11.7,-50.6,0.7,,,,
82.978,8,Atta_8,2530.7,1874.2,355.0,-36.3,2.8,,,,
82.978,9,Atta_9,1273.8,1303.8,300.7,-84.8,-2.9,,,,
82.978,10,Atta_10,1607.4,405.4,358.1,-39.2,-2.9,,,,
83.045,1,Atta_1,1635.8,1707.4,348.5,-56.5,2.0,,,,
83.045,2,Atta_2,2531.0,1748.4,32.9,-121.9,2.7,,,,
83.045,3,Atta_3,1290.2,2307.7,351.3,138.9,-0.6,,,,
83.045,4,Atta_4,1997.0,365.2,1.7,9.8,-4.2,,,,
83.045,5,Atta_5,1766.5,476.4,354.0,-34.5,-1.3,,,,
83.045,6,Atta_6,2508.0,2165.1,3.1,113.9,3.9,,,,
83.045,7,Atta_7,1445.6,603.4,11.1,61.4,-0.6,,,,
83.045,8,Atta_8,2557.1,1837.7,351.0,45.0,-4.0,,,,
83.045,9,Atta_9,1384.3,1297.5,297.4,110.7,-3.3,,,,
83.045,10,Atta_10,1655.7,455.0,2.4,69.2,4.3,,,,
83.099,1,Atta_1,1651.8,1649.7,346.7,59.9,-1.8,,,,
83.099,2,Atta_2,2577.1,1701.9,29.2,65.5,-3.7,,,,
83.099,3,Atta_3,1227.4,2348.4,349.5,-74.8,-1.8,,,,
83.099,4,Atta_4,2035.8,417.3,2.1,65.0,0.4,,,,
83.099,5,Atta_5,1768.3,511.4,349.7,-35.0,-4.3,,,,
83.099,6,Atta_6,2501.5,2127.8,5.8,-37.9,2.7,,,,
83.099,7,Atta_7,1507.3,601.3,6.8,61.7,-4.3,,,,
83.099,8,Atta_8,2527.0,1820.3,352.2,-34.8,1.2,,,,
83.099,9,Atta_9,1323.4,1309.8,293.0,-62.1,-4.4,,,,
83.099,10,Atta_10,1709.9,464.8,1.3,55.1,-1.1,,,,
83.165,1,Atta_1,1687.0,1626.9,350.2,41.9,3.5,,,,
83.165,2,Atta_2,2605.3,1720.5,28.4,33.8,-0.8,,,,
83.165,3,Atta_3,1308.3,2275.9,349.4,108.6,-0.1,,,,
83.165,4,Atta_4,2032.6,326.4,4.9,-91.0,2.8,,,,
83.165,5,Atta_5,1783.2,442.6,342.5,70.4,-7.2,,,,
83.165,6,Atta_6,2538.3,2117.6,2.8,38.2,-3.0,,,,
83.165,7,Atta_7,1456.8,628.9,10.5,-57.6,3.7,,,,
83.165,8,Atta_8,2633.8,1868.2,352.9,117.0,0.7,,,,
83.165,9,Atta_9,1342.9,1274.4,286.0,40.4,-7.0,,,,
83.165,10,Atta_10,1691.7,391.2,2.7,-75.8,1.4,,,,
83.233,1,Atta_1,1678.9,1686.1,345.9,-59.8,-4.3,,,,
83.233,2,Atta_2,2636.6,1702.1,35.1,36.3,6.7,,,,
83.233,3,Atta_3,1248.5,2329.4,350.1,-80.2,0.7,,,,
83.233,4,Atta_4,2013.5,346.2,2.8,-27.5,-2.1,,,,
83.233,5,Atta_5,1829.0,463.8,343.2,50.5,0.7,,,,
83.233,6,Atta_6,2523.5,2156.0,0.5,-41.2,-2.3,,,,
83.233,7,Atta_7,1466.4,600.4,8.6,30.1,-1.9,,,,
83.233,8,Atta_8,2615.1,1892.1,353.8,-30.3,0.9,,,,
83.233,9,Atta_9,1328.1,1319.3,288.5,-47.3,2.5,,,,
83.233,10,Atta_10,1611.6,448.1,3.4,-98.3,0.7,,,,
83.303,1,Atta_1,1677.7,1632.8,348.9,53.3,3.0,,,,
83.303,2,Atta_2,2630.1,1651.0,32.4,-51.5,-2.7,,,,
83.303,3,Atta_3,1246.3,2287.7,349.1,41.8,-1.0,,,,
83.303,4,Atta_4,2021.0,323.0,2.5,24.4,-0.3,,,,
83.303,5,Atta_5,1848.1,444.0,335.6,27.5,-7.6,,,,
83.303,6,Atta_6,2503.7,2145.2,3.1,-22.6,2.6,,,,
83.303,7,Atta_7,1440.2,595.6,10.1,-26.6,1.5,,,,
83.303,8,Atta_8,2613.7,1805.6,354.0,86.5,0.2,,,,
83.303,9,Atta_9,1314.1,1312.5,285.7,15.6,-2.8,,,,
83.303,10,Atta_10,1582.4,391.6,2.2,-63.6,-1.2,,,,
83.357,1,Atta_1,1752.2,1651.5,346.5,76.8,-2.4,,,,
83.357,2,Atta_2,2677.0,1720.6,30.3,83.9,-2.1,,,,
83.357,3,Atta_3,1225.0,2339.8,350.4,-56.3,1.3,,,,
83.357,4,Atta_4,2020.4,370.7,5.4,47.7,2.9,,,,
83.357,5,Atta_5,1776.2,417.2,329.3,-76.7,-6.3,,,,
83.357,6,Atta_6,2580.1,2190.9,1.8,89.0,-1.3,,,,
83.357,7,Atta_7,1497.5,624.7,9.0,64.3,-1.1,,,,
83.357,8,Atta_8,2597.2,1836.5,353.9,-35.0,-0.1,,,,
83.357,9,Atta_9,1331.5,1302.3,287.9,20.2,2.2,,,,
83.357,10,Atta_10,1660.7,450.4,2.7,97.9,0.5,,,,
83.428,1,Atta_1,1730.2,1707.3,351.3,-60.0,4.8,,,,
83.428,2,Atta_2,2647.8,1677.2,30.0,-52.3,-0.3,,,,
83.428,3,Atta_3,1240.6,2288.6,349.1,53.5,-1.3,,,,
83.428,4,Atta_4,2107.2,375.2,5.7,86.9,0.3,,,,
83.428,5,Atta_5,1816.4,508.3,327.1,-99.6,-2.2,,,,
83.428,6,Atta_6,2554.0,2135.6,1.5,-61.1,-0.3,,,,
83.428,7,Atta_7,1460.1,561.7,10.4,-73.3,1.4,,,,
83.428,8,Atta_8,2563.9,1804.1,354.5,-46.5,0.6,,,,
83.428,9,Atta_9,1304.1,1378.7,288.3,-81.2,0.4,,,,
83.428,10,Atta_10,1590.4,392.8,3.5,-90.9,0.8,,,,
83.482,1,Atta_1,1751.6,1634.4,346.2,76.0,-5.1,,,,
83.482,2,Atta_2,2691.9,1694.9,32.3,47.5,2.3,,,,
83.482,3,Atta_3,1289.2,2306.5,351.3,51.8,2.2,,,,
83.482,4,Atta_4,2137.4,380.5,4.8,30.7,-0.9,,,,
83.482,5,Atta_5,1795.4,419.1,323.0,91.6,-4.1,,,,
83.482,6,Atta_6,2530.7,2185.6,1.9,-55.2,0.4,,,,
83.482,7,Atta_7,1563.1,590.9,11.6,107.1,1.2,,,,
83.482,8,Atta_8,2668.9,1849.4,351.2,114.4,-3.3,,,,
83.482,9,Atta_9,1300.4,1310.7,287.4,68.1,-0.9,,,,
83.482,10,Atta_10,1635.6,417.2,3.8,51.4,0.3,,,,
83.548,1,Atta_1,1759.6,1659.6,347.6,26.4,1.4,,,,
83.548,2,Atta_2,2681.3,1708.1,27.5,-16.9,-4.8,,,,
83.548,3,Atta_3,1263.6,2251.1,347.8,-61.0,-3.5,,,,
83.548,4,Atta_4,2171.5,394.9,0.4,37.0,-4.4,,,,
83.548,5,Atta_5,1814.8,453.0,317.6,-39.1,-5.4,,,,
83.548,6,Atta_6,2503.3,2243.5,3.8,-64.1,1.9,,,,
83.548,7,Atta_7,1452.6,531.2,8.7,-125.6,-2.9,,,,
83.548,8,Atta_8,2631.9,1816.1,355.1,-49.8,3.9,,,,
83.548,9,Atta_9,1345.4,1271.5,287.2,59.7,-0.2,,,,
83.548,10,Atta_10,1538.2,387.2,4.6,-101.9,0.8,,,,
83.617,1,Atta_1,1772.9,1663.9,349.4,14.0,1.8,,,,
83.617,2,Atta_2,2650.0,1728.1,39.0,-37.1,11.5,,,,
83.617,3,Atta_3,1287.0,2323.2,349.5,75.8,1.7,,,,
83.617,4,Atta_4,2114.5,389.9,8.7,-57.2,8.3,,,,
83.617,5,Atta_5,1812.2,396.2,314.7,56.9,-2.9,,,,
83.617,6,Atta_6,2619.6,2133.5,3.6,160.1,-0.2,,,,
83.617,7,Atta_7,1536.5,630.3,9.9,129.8,1.2,,,,
83.617,8,Atta_8,2673.1,1777.3,346.0,56.6,-9.1,,,,
83.617,9,Atta_9,1357.9,1268.3,290.2,12.9,3.0,,,,
83.617,10,Atta_10,1596.3,413.5,1.9,63.8,-2.7,,,,
83.685,1,Atta_1,1778.1,1606.4,348.0,57.7,-1.4,,,,
83.685,2,Atta_2,2670.7,1753.4,38.9,32.7,-0.1,,,,
83.685,3,Atta_3,1340.2,2296.2,352.4,59.7,2.9,,,,
83.685,4,Atta_4,2136.8,359.1,6.3,38.0,-2.4,,,,
83.685,5,Atta_5,1839.9,457.4,314.2,-67.2,-0.5,,,,
83.685,6,Atta_6,2599.5,2153.8,1.9,-28.6,-1.7,,,,
83.685,7,Atta_7,1524.4,583.9,8.0,-48.0,-1.9,,,,
83.685,8,Atta_8,2647.1,1851.6,343.9,-78.7,-2.1,,,,
83.685,9,Atta_9,1296.9,1271.6,288.1,-61.1,-2.1,,,,
83.685,10,Atta_10,1564.7,385.4,357.7,-42.3,-4.2,,,,
83.752,1,Atta_1,1710.1,1602.2,346.5,-68.1,-1.5,,,,
83.752,2,Atta_2,2713.6,1795.5,39.7,60.1,0.8,,,,
83.752,3,Atta_3,1303.0,2308.4,349.7,-39.1,-2.7,,,,
83.752,4,Atta_4,2126.4,336.5,5.7,-24.9,-0.6,,,,
83.752,5,Atta_5,1834.6,448.7,312.7,10.2,-1.5,,,,
83.752,6,Atta_6,2612.3,2123.0,359.7,33.4,-2.2,,,,
83.752,7,Atta_7,1532.2,637.6,6.9,54.3,-1.1,,,,
83.752,8,Atta_8,2663.6,1786.7,337.8,67.0,-6.1,,,,
83.752,9,Atta_9,1278.1,1222.0,284.2,53.0,-3.9,,,,
83.752,10,Atta_10,1580.4,435.4,349.7,52.4,-8.0,,,,
83.817,1,Atta_1,1760.1,1635.0,351.5,59.8,5.0,,,,
83.817,2,Atta_2,2715.2,1733.6,38.8,-61.9,-0.9,,,,
83.817,3,Atta_3,1366.4,2338.1,351.6,70.0,1.9,,,,
83.817,4,Atta_4,2123.9,388.8,2.4,52.4,-3.3,,,,
83.817,5,Atta_5,1815.1,440.8,312.9,-21.0,0.2,,,,
83.817,6,Atta_6,2618.7,2226.8,3.2,104.0,3.5,,,,
83.817,7,Atta_7,1555.5,616.9,11.7,31.2,4.8,,,,
83.817,8,Atta_8,2652.5,1872.2,327.3,-86.2,-10.5,,,,
83.817,9,Atta_9,1279.6,1297.6,289.5,-75.6,5.3,,,,
83.817,10,Atta_10,1606.1,389.7,347.9,52.4,-1.8,,,,
83.883,1,Atta_1,1805.7,1636.1,348.9,45.6,-2.6,,,,
83.883,2,Atta_2,2739.3,1774.9,43.2,47.8,4.4,,,,
83.883,3,Atta_3,1402.9,2280.6,352.3,68.1,0.7,,,,
83.883,4,Atta_4,2110.4,392.7,5.5,-14.1,3.1,,,,
83.883,5,Atta_5,1797.7,489.6,314.4,-51.8,1.5,,,,
83.883,6,Atta_6,2621.1,2163.3,1.7,-63.5,-1.5,,,,
83.883,7,Atta_7,1584.6,562.8,9.7,61.4,-2.0,,,,
83.883,8,Atta_8,2629.9,1842.4,326.3,-37.4,-1.0,,,,
83.883,9,Atta_9,1300.8,1307.1,287.9,-23.2,-1.6,,,,
83.883,10,Atta_10,1608.9,457.0,341.3,-67.4,-6.6,,,,
83.951,1,Atta_1,1793.3,1687.8,347.5,-53.2,-1.4,,,,
83.951,2,Atta_2,2735.0,1782.2,40.8,8.5,-2.4,,,,
83.951,3,Atta_3,1387.2,2262.4,349.7,-24.0,-2.6,,,,
83.951,4,Atta_4,2150.9,347.6,4.2,60.6,-1.3,,,,
83.951,5,Atta_5,1855.9,491.3,314.6,58.2,0.2,,,,
83.951,6,Atta_6,2599.5,2156.3,1.2,-22.7,-0.5,,,,
83.951,7,Atta_7,1593.6,620.4,7.4,58.3,-2.3,,,,
83.951,8,Atta_8,2665.6,1849.5,323.7,36.4,-2.6,,,,
83.951,9,Atta_9,1354.8,1281.4,286.0,59.8,-1.9,,,,
83.951,10,Atta_10,1559.6,450.0,338.0,-49.8,-3.3,,,,
84.02,1,Atta_1,1819.6,1618.8,348.3,73.8,0.8,,,,
84.02,2,Atta_2,2751.1,1829.3,43.6,49.8,2.8,,,,
84.02,3,Atta_3,1384.4,2312.2,346.5,-49.9,-3.2,,,,
84.02,4,Atta_4,2127.7,397.8,1.6,-55.3,-2.6,,,,
84.02,5,Atta_5,1817.4,477.6,314.3,-40.9,-0.3,,,,
84.02,6,Atta_6,2646.6,2149.6,3.5,47.6,2.3,,,,
84.02,7,Atta_7,1559.0,599.4,10.5,-40.5,3.1,,,,
84.02,8,Atta_8,2641.4,1817.8,326.1,-39.9,2.4,,,,
84.02,9,Atta_9,1350.9,1228.8,289.0,52.7,3.0,,,,
84.02,10,Atta_10,1563.6,397.5,335.5,52.7,-2.5,,,,
84.091,1,Atta_1,1885.4,1630.2,344.0,66.8,-4.3,,,,
84.091,2,Atta_2,2762.2,1770.5,38.7,-59.8,-4.9,,,,
84.091,3,Atta_3,1404.5,2302.9,349.9,22.1,3.4,,,,
84.091,4,Atta_4,2146.2,483.6,2.2,87.8,0.6,,,,
84.091,5,Atta_5,1811.9,435.6,310.2,42.4,-4.1,,,,
84.091,6,Atta_6,2616.1,2205.8,3.1,-63.9,-0.4,,,,
84.091,7,Atta_7,1613.3,582.0,9.4,57.0,-1.1,,,,
84.091,9,Atta_9,1362.2,1219.5,285.6,14.6,-3.4,,,,
84.091,10,Atta_10,1566.1,424.7,326.4,-27.3,-9.1,,,,
84.224,1,Atta_1,1826.6,1638.1,349.6,-59.3,5.6,,,,
84.224,2,Atta_2,2716.6,1770.8,44.1,-45.6,5.4,,,,
84.224,3,Atta_3,1381.2,2243.2,352.2,-64.1,2.3,,,,
84.224,4,Atta_4,2209.8,428.3,7.7,84.3,5.5,,,,
84.224,5,Atta_5,1794.0,424.3,316.4,-21.2,6.2,,,,
84.224,6,Atta_6,2661.3,2167.2,4.2,59.4,1.1,,,,
84.224,7,Atta_7,1634.1,589.7,11.3,22.2,1.9,,,,
84.224,8,Atta_8,2652.0,1840.7,325.6,-25.2,-0.5,,,,
84.224,9,Atta_9,1385.3,1216.0,290.9,23.4,5.3,,,,
84.224,10,Atta_10,1528.3,392.4,319.7,-49.7,-6.7,,,,
84.291,1,Atta_1,1861.5,1614.3,352.3,42.2,2.7,,,,
84.291,2,Atta_2,2784.2,1794.4,41.5,71.6,-2.6,,,,
84.291,3,Atta_3,1464.6,2302.9,350.6,102.6,-1.6,,,,
84.291,4,Atta_4,2280.2,389.4,5.5,80.4,-2.2,,,,
84.291,5,Atta_5,1829.8,448.8,312.9,43.4,-3.5,,,,
84.291,6,Atta_6,2662.6,2137.1,4.0,-30.1,-0.2,,,,
84.291,7,Atta_7,1600.4,562.4,9.0,-43.4,-2.3,,,,
84.291,8,Atta_8,2672.8,1922.0,328.4,-83.9,2.8,,,,
84.291,9,Atta_9,1378.6,1194.4,296.0,22.6,5.1,,,,
84.291,10,Atta_10,1588.8,434.6,315.7,73.8,-4.0,,,,
84.357,1,Atta_1,1874.6,1663.7,348.9,51.1,-3.4,,,,
84.357,2,Atta_2,2788.2,1793.2,38.1,4.2,-3.4,,,,
84.357,3,Atta_3,1454.9,2293.8,350.0,-13.3,-0.6,,,,
84.357,4,Atta_4,2192.8,395.0,4.1,-87.6,-1.4,,,,
84.357,5,Atta_5,1801.5,426.2,313.4,-36.2,0.5,,,,
84.357,6,Atta_6,2729.8,2176.8,5.2,78.1,1.2,,,,
84.357,7,Atta_7,1689.2,624.7,9.4,108.5,0.4,,,,
84.357,8,Atta_8,2695.7,1875.7,326.9,51.7,-1.5,,,,
84.357,9,Atta_9,1372.4,1169.1,296.3,26.0,0.3,,,,
84.357,10,Atta_10,1579.7,451.8,308.6,-19.5,-7.1,,,,
84.426,1,Atta_1,1849.2,1651.7,345.4,-28.1,-3.5,,,,
84.426,2,Atta_2,2732.3,1798.1,35.7,-56.1,-2.4,,,,
84.426,3,Atta_3,1443.3,2280.1,345.9,-18.0,-4.1,,,,
84.426,4,Atta_4,2263.6,371.8,4.5,74.5,0.4,,,,
84.426,5,Atta_5,1924.0,432.2,310.6,122.6,-2.8,,,,
84.426,6,Atta_6,2697.1,2120.8,4.0,-64.8,-1.2,,,,
84.426,7,Atta_7,1659.7,628.6,12.2,-29.8,2.8,,,,
84.426,8,Atta_8,2641.2,1928.5,330.2,-75.9,3.3,,,,
84.426,9,Atta_9,1312.6,1188.6,303.6,-62.9,7.3,,,,
84.426,10,Atta_10,1587.0,371.5,304.7,80.6,-3.9,,,,
84.492,1,Atta_1,1856.8,1668.9,350.6,18.8,5.2,,,,
84.492,2,Atta_2,2742.2,1804.7,31.7,11.9,-4.0,,,,
84.492,3,Atta_3,1494.6,2309.3,352.3,59.0,6.4,,,,
84.492,4,Atta_4,2272.5,391.7,4.4,21.8,-0.1,,,,
84.492,5,Atta_5,1848.3,384.5,312.6,-89.5,2.0,,,,
84.492,6,Atta_6,2639.1,2214.2,1.3,-109.9,-2.7,,,,
84.492,7,Atta_7,1717.9,618.8,9.5,59.0,-2.7,,,,
84.492,8,Atta_8,2654.5,1873.7,328.1,56.4,-2.1,,,,
84.492,9,Atta_9,1361.9,1240.9,304.7,-71.9,1.1,,,,
84.492,10,Atta_10,1639.6,460.3,306.8,-103.2,2.1,,,,
84.557,1,Atta_1,1834.7,1663.2,347.9,-22.8,-2.7,,,,
84.557,2,Atta_2,2771.0,1840.0,34.5,45.6,2.8,,,,
84.557,3,Atta_3,1468.0,2239.6,349.0,-74.6,-3.3,,,,
84.557,4,Atta_4,2271.2,425.7,6.6,34.0,2.2,,,,
84.557,5,Atta_5,1814.7,350.6,313.1,47.7,0.5,,,,
84.557,6,Atta_6,2688.7,2190.2,6.9,55.1,5.6,,,,
84.557,7,Atta_7,1706.9,621.8,5.8,-11.4,-3.7,,,,
84.557,8,Atta_8,2563.9,1883.6,326.7,-91.1,-1.4,,,,
84.557,9,Atta_9,1387.4,1214.3,310.4,36.8,5.7,,,,
84.557,10,Atta_10,1596.7,441.0,302.9,-47.0,-3.9,,,,
84.623,1,Atta_1,1823.3,1598.5,346.7,65.7,-1.2,,,,
84.623,2,Atta_2,2752.2,1778.3,30.2,-64.5,-4.3,,,,
84.623,3,Atta_3,1556.2,2284.0,351.3,98.7,2.3,,,,
84.623,4,Atta_4,2282.1,413.8,6.1,16.1,-0.5,,,,
84.623,5,Atta_5,1895.2,364.3,310.7,81.7,-2.4,,,,
84.623,6,Atta_6,2818.3,2139.0,3.2,139.3,-3.7,,,,
84.623,7,Atta_7,1675.4,591.1,10.7,-44.0,4.9,,,,
84.623,8,Atta_8,2609.3,1879.4,327.0,45.6,0.3,,,,
84.623,9,Atta_9,1367.6,1204.8,316.8,-22.0,6.4,,,,
84.623,10,Atta_10,1589.3,410.5,304.1,31.4,1.2,,,,
84.761,1,Atta_1,1813.2,1607.7,349.6,-13.7,2.9,,,,
84.761,2,Atta_2,2745.9,1809.1,32.5,31.4,2.3,,,,
84.761,3,Atta_3,1526.5,2266.9,353.2,-34.3,1.9,,,,
84.761,4,Atta_4,2347.9,361.5,6.2,84.1,0.1,,,,
84.761,5,Atta_5,1870.5,376.1,319.7,-27.4,9.0,,,,
84.761,6,Atta_6,2783.8,2210.0,1.4,-78.9,-1.8,,,,
84.761,7,Atta_7,1723.5,654.9,11.0,79.9,0.3,,,,
84.761,8,Atta_8,2588.4,1901.7,332.8,-30.6,5.8,,,,
84.761,9,Atta_9,1345.4,1221.2,324.9,-27.6,8.1,,,,
84.761,10,Atta_10,1629.2,402.2,303.7,40.8,-0.4,,,,
84.828,1,Atta_1,1798.2,1644.5,351.1,-39.7,1.5,,,,
84.828,2,Atta_2,2753.2,1807.2,32.1,7.5,-0.4,,,,
84.828,3,Atta_3,1519.6,2297.1,351.4,-31.0,-1.8,,,,
84.828,4,Atta_4,2318.9,412.1,3.9,-58.3,-2.3,,,,
84.828,5,Atta_5,1859.2,386.0,324.2,-15.0,4.5,,,,
84.828,6,Atta_6,2796.8,2198.1,2.8,17.6,1.4,,,,
84.828,7,Atta_7,1719.8,624.4,7.8,-30.7,-3.2,,,,
84.828,8,Atta_8,2576.3,1844.3,341.7,58.7,8.9,,,,
84.828,9,Atta_9,1390.5,1212.6,326.8,45.9,1.9,,,,
84.828,10,Atta_10,1645.5,408.1,305.4,17.3,1.7,,,,
84.947,1,Atta_1,1793.5,1628.7,344.2,-16.5,-6.9,,,,
84.947,2,Atta_2,2811.5,1827.9,31.7,61.9,-0.4,,,,
84.947,3,Atta_3,1520.7,2310.1,352.1,-13.0,0.7,,,,
84.947,4,Atta_4,2290.6,372.4,3.5,-48.8,-0.4,,,,
84.947,5,Atta_5,1839.3,338.6,325.8,51.4,1.6,,,,
84.947,6,Atta_6,2766.8,2153.9,4.6,-53.4,1.8,,,,
84.947,7,Atta_7,1683.3,611.4,9.1,-38.7,1.3,,,,
84.947,8,Atta_8,2616.9,1895.7,346.2,65.5,4.5,,,,
84.947,9,Atta_9,1369.1,1179.3,335.8,39.6,9.0,,,,
84.947,10,Atta_10,1642.3,353.1,304.6,55.1,-0.8,,,,
85.017,1,Atta_1,1856.4,1635.5,342.3,63.3,-1.9,,,,
85.017,2,Atta_2,2820.7,1798.6,31.8,-30.7,0.1,,,,
85.017,3,Atta_3,1527.5,2281.6,348.3,29.3,-3.8,,,,
85.017,4,Atta_4,2340.9,344.8,1.6,57.4,-1.9,,,,
85.017,5,Atta_5,1858.3,371.8,336.1,-38.3,10.3,,,,
85.017,6,Atta_6,2824.8,2196.7,1.7,72.1,-2.9,,,,
85.017,7,Atta_7,1728.0,609.1,7.9,44.8,-1.2,,,,
85.017,8,Atta_8,2634.7,1877.0,350.6,25.8,4.4,,,,
85.017,9,Atta_9,1398.0,1177.9,337.3,28.9,1.5,,,,
85.017,10,Atta_10,1633.5,411.2,302.2,-58.8,-2.4,,,,
85.085,1,Atta_1,1764.8,1681.7,339.0,-102.6,-3.3,,,,
85.085,2,Atta_2,2811.6,1797.8,33.1,-9.1,1.3,,,,
85.085,3,Atta_3,1576.0,2270.7,349.6,49.7,1.3,,,,
85.085,4,Atta_4,2359.5,387.8,359.6,46.9,-2.0,,,,
85.085,5,Atta_5,1883.5,354.9,339.7,30.3,3.6,,,,
85.085,6,Atta_6,2802.6,2188.5,2.0,-23.7,0.3,,,,
85.085,7,Atta_7,1741.1,661.8,8.6,54.3,0.7,,,,
85.085,8,Atta_8,2632.4,1852.0,351.2,25.1,0.6,,,,
85.085,9,Atta_9,1351.2,1142.5,346.1,-58.7,8.8,,,,
85.085,10,Atta_10,1613.8,387.9,299.5,30.5,-2.7,,,,
85.135,1,Atta_1,1776.1,1619.1,330.0,63.6,-9.0,,,,
85.135,2,Atta_2,2805.5,1809.3,33.7,13.0,0.6,,,,
85.135,3,Atta_3,1544.2,2274.7,348.6,-32.1,-1.0,,,,
85.135,4,Atta_4,2360.5,332.5,6.4,55.3,6.8,,,,
85.135,5,Atta_5,1863.0,343.6,340.9,-23.4,1.2,,,,
85.135,6,Atta_6,2852.4,2201.9,6.0,51.6,4.0,,,,
85.135,7,Atta_7,1773.1,633.9,11.1,42.5,2.5,,,,
85.135,8,Atta_8,2581.5,1853.3,0.6,-50.9,9.4,,,,
85.135,9,Atta_9,1385.4,1176.8,349.9,48.4,3.8,,,,
85.135,10,Atta_10,1632.3,370.1,307.0,25.7,7.5,,,,
85.205,1,Atta_1,1808.6,1620.7,323.4,32.5,-6.6,,,,
85.205,2,Atta_2,2811.7,1834.9,33.0,26.3,-0.7,,,,
85.205,3,Atta_3,1593.1,2321.0,350.0,67.3,1.4,,,,
85.205,4,Atta_4,2367.7,398.2,8.6,66.1,2.2,,,,
85.205,5,Atta_5,1912.7,435.6,343.6,104.6,2.7,,,,
85.205,6,Atta_6,2830.5,2205.4,1.3,-22.2,-4.7,,,,
85.205,7,Atta_7,1771.2,641.4,10.2,-7.7,-0.9,,,,
85.205,8,Atta_8,2556.6,1902.4,0.9,-55.1,0.3,,,,
85.205,9,Atta_9,1351.1,1160.1,354.2,-38.1,4.3,,,,
85.205,10,Atta_10,1615.4,365.2,301.5,-17.6,-5.5,,,,
85.28,1,Atta_1,1794.7,1622.6,323.1,-14.0,-0.3,,,,
85.28,2,Atta_2,2818.2,1846.8,35.6,13.6,2.6,,,,
85.28,3,Atta_3,1565.7,2305.3,346.4,-31.6,-3.6,,,,
85.28,4,Atta_4,2398.9,354.0,8.4,54.1,-0.2,,,,
85.28,5,Atta_5,1895.6,357.5,350.5,80.0,6.9,,,,
85.28,6,Atta_6,2790.3,2167.1,6.4,-55.5,5.1,,,,
85.28,7,Atta_7,1777.6,725.8,10.0,84.6,-0.2,,,,
85.28,8,Atta_8,2536.7,1835.1,8.2,-70.2,7.3,,,,
85.28,9,Atta_9,1372.5,1225.5,354.4,68.8,0.2,,,,
85.28,10,Atta_10,1621.6,335.4,305.2,30.4,3.7,,,,
85.351,1,Atta_1,1811.7,1642.7,319.4,26.3,-3.7,,,,
85.351,2,Atta_2,2837.5,1846.7,33.5,19.3,-2.1,,,,
85.351,3,Atta_3,1567.4,2254.1,347.4,51.2,1.0,,,,
85.351,4,Atta_4,2353.5,388.3,12.3,-56.9,3.9,,,,
85.351,5,Atta_5,1831.2,399.4,354.4,-76.8,3.9,,,,
85.351,6,Atta_6,2863.5,2198.9,6.7,79.8,0.3,,,,
85.351,7,Atta_7,1794.4,662.1,9.2,65.9,-0.8,,,,
85.351,8,Atta_8,2637.2,1854.9,9.5,102.4,1.3,,,,
85.351,9,Atta_9,1390.6,1178.1,0.6,50.7,6.2,,,,
85.351,10,Atta_10,1586.4,284.7,304.8,61.7,-0.4,,,,
85.418,1,Atta_1,1825.7,1613.3,315.0,32.6,-4.4,,,,
85.418,2,Atta_2,2828.9,1868.2,30.9,23.2,-2.6,,,,
85.418,3,Atta_3,1615.9,2231.9,348.2,53.3,0.8,,,,
85.418,4,Atta_4,2396.3,370.1,14.2,46.5,1.9,,,,
85.418,5,Atta_5,1888.2,374.4,1.3,62.2,6.9,,,,
85.418,6,Atta_6,2933.8,2193.8,6.1,70.5,-0.6,,,,
85.418,7,Atta_7,1827.6,669.8,11.6,34.1,2.4,,,,
85.418,8,Atta_8,2613.0,1888.1,14.4,-41.1,4.9,,,,
85.418,9,Atta_9,1339.1,1219.6,356.8,-66.1,-3.8,,,,
85.418,10,Atta_10,1616.1,330.1,304.2,-54.3,-0.6,,,,
85.486,1,Atta_1,1769.2,1617.2,310.7,-56.6,-4.3,,,,
85.486,2,Atta_2,2882.5,1787.8,33.9,96.6,3.0,,,,
85.486,3,Atta_3,1624.0,2282.9,349.3,-51.6,1.1,,,,
85.486,4,Atta_4,2408.8,365.3,11.9,13.4,-2.3,,,,
85.486,5,Atta_5,1876.3,406.0,2.6,-33.8,1.3,,,,
85.486,6,Atta_6,2848.9,2202.5,6.6,-85.3,0.5,,,,
85.486,7,Atta_7,1787.8,673.4,10.6,-40.0,-1.0,,,,
85.486,8,Atta_8,2660.0,1899.2,15.8,48.3,1.4,,,,
85.486,9,Atta_9,1357.8,1219.9,1.3,18.7,4.5,,,,
85.486,10,Atta_10,1661.9,317.8,304.3,47.4,0.1,,,,
85.552,1,Atta_1,1805.4,1605.7,302.8,38.0,-7.9,,,,
85.552,2,Atta_2,2875.1,1883.2,30.9,95.7,-3.0,,,,
85.552,3,Atta_3,1622.1,2279.4,349.2,-4.0,-0.1,,,,
85.552,4,Atta_4,2358.3,375.3,11.9,-51.5,0.0,,,,
85.552,5,Atta_5,1861.4,392.6,9.5,-20.0,6.9,,,,
85.552,6,Atta_6,2893.3,2165.3,7.7,57.9,1.1,,,,
85.552,7,Atta_7,1850.4,623.3,7.6,80.2,-3.0,,,,
85.552,8,Atta_8,2550.1,1892.8,23.6,-110.1,7.8,,,,
85.552,9,Atta_9,1338.5,1211.3,359.9,-21.1,-1.4,,,,
85.552,10,Atta_10,1643.8,257.6,302.2,62.9,-2.1,,,,
85.622,1,Atta_1,1753.3,1641.5,296.5,-63.2,-6.3,,,,
85.622,2,Atta_2,2868.4,1932.4,34.2,49.7,3.3,,,,
85.622,3,Atta_3,1588.0,2257.5,353.2,-40.5,4.0,,,,
85.622,4,Atta_4,2337.0,398.8,11.2,-31.7,-0.7,,,,
85.622,5,Atta_5,1870.3,384.4,11.3,12.1,1.8,,,,
85.622,6,Atta_6,2838.8,2169.7,1.6,-54.7,-6.1,,,,
85.622,7,Atta_7,1803.8,645.4,10.4,-51.6,2.8,,,,
85.622,8,Atta_8,2595.8,1892.8,25.7,45.7,2.1,,,,
85.622,9,Atta_9,1338.3,1193.9,359.9,-17.4,0.0,,,,
85.622,10,Atta_10,1677.4,273.7,305.6,37.3,3.4,,,,
85.677,1,Atta_1,1776.4,1692.3,293.9,-55.8,-2.6,,,,
85.677,2,Atta_2,2902.3,1878.7,31.0,-63.5,-3.2,,,,
85.677,3,Atta_3,1671.9,2218.1,349.8,92.7,-3.4,,,,
85.677,4,Atta_4,2377.0,400.0,9.4,40.0,-1.8,,,,
85.677,5,Atta_5,1928.5,373.3,17.5,59.2,6.2,,,,
85.677,6,Atta_6,2914.2,2165.1,1.2,75.5,-0.4,,,,
85.677,7,Atta_7,1846.3,687.9,7.9,60.1,-2.5,,,,
85.677,8,Atta_8,2556.8,1926.1,24.5,-51.3,-1.2,,,,
85.677,9,Atta_9,1378.8,1167.5,1.3,48.3,1.4,,,,
85.677,10,Atta_10,1671.3,411.4,311.9,-137.8,6.3,,,,
85.749,1,Atta_1,1771.7,1692.3,289.4,-4.7,-4.5,,,,
85.749,2,Atta_2,2909.2,1908.2,31.7,30.3,0.7,,,,
85.749,3,Atta_3,1654.9,2254.4,354.6,-40.1,4.8,,,,
85.749,4,Atta_4,2388.1,397.3,11.4,11.4,2.0,,,,
85.749,5,Atta_5,1902.2,373.9,20.1,-26.3,2.6,,,,
85.749,6,Atta_6,2937.0,2235.5,3.7,74.0,2.5,,,,
85.749,7,Atta_7,1861.1,674.0,8.8,20.3,0.9,,,,
85.749,8,Atta_8,2608.7,1882.3,26.0,67.9,1.5,,,,
85.749,9,Atta_9,1396.9,1194.5,0.6,32.5,-0.7,,,,
85.749,10,Atta_10,1626.7,249.3,312.9,168.1,1.0,,,,
85.801,1,Atta_1,1801.9,1579.8,290.3,116.5,0.9,,,,
85.801,2,Atta_2,2895.4,1888.5,35.5,-24.1,3.8,,,,
85.801,3,Atta_3,1673.4,2247.3,349.5,19.8,-5.1,,,,
85.801,4,Atta_4,2394.9,421.9,10.4,25.5,-1.0,,,,
85.801,5,Atta_5,1973.1,363.0,19.1,71.7,-1.0,,,,
85.801,6,Atta_6,2916.4,2184.5,3.4,-55.0,-0.3,,,,
85.801,7,Atta_7,1831.3,685.6,9.2,-32.0,0.4,,,,
85.801,8,Atta_8,2553.7,1903.2,24.7,-58.8,-1.3,,,,
85.801,9,Atta_9,1404.1,1202.9,358.8,11.1,-1.8,,,,
85.801,10,Atta_10,1695.0,279.9,313.9,74.8,1.0,,,,
85.87,1,Atta_1,1816.1,1588.4,287.5,-16.6,-2.8,,,,
85.87,2,Atta_2,2884.3,1917.4,33.5,31.0,-2.0,,,,
85.87,3,Atta_3,1672.8,2255.1,350.2,-7.8,0.7,,,,
85.87,4,Atta_4,2403.2,425.6,10.5,9.1,0.1,,,,
85.87,5,Atta_5,1924.4,346.3,17.7,-51.5,-1.4,,,,
85.87,6,Atta_6,2873.5,2209.3,2.0,-49.6,-1.4,,,,
85.87,7,Atta_7,1921.5,646.1,9.9,98.5,0.7,,,,
85.87,8,Atta_8,2603.2,1845.0,23.7,76.4,-1.0,,,,
85.87,9,Atta_9,1404.1,1239.3,357.3,-36.4,-1.5,,,,
85.87,10,Atta_10,1667.7,318.5,327.8,-47.3,13.9,,,,
85.94,1,Atta_1,1783.3,1631.9,291.5,-54.5,4.0,,,,
85.94,2,Atta_2,2913.9,1942.5,30.3,38.8,-3.2,,,,
85.94,3,Atta_3,1705.0,2258.0,349.6,32.3,-0.6,,,,
85.94,4,Atta_4,2402.4,387.2,12.4,-38.4,1.9,,,,
85.94,5,Atta_5,1889.9,450.8,19.5,-110.0,1.8,,,,
85.94,6,Atta_6,2922.9,2181.1,1.2,56.9,-0.8,,,,
85.94,7,Atta_7,1921.6,650.3,12.8,4.2,2.9,,,,
85.94,8,Atta_8,2572.6,1896.8,23.5,-60.2,-0.2,,,,
85.94,9,Atta_9,1419.2,1204.9,358.7,37.6,1.4,,,,
85.94,10,Atta_10,1678.7,296.9,330.6,24.2,2.8,,,,
86.009,1,Atta_1,1808.4,1646.4,290.9,-29.0,-0.6,,,,
86.009,2,Atta_2,2957.6,1931.5,29.3,45.1,-1.0,,,,
86.009,3,Atta_3,1701.3,2260.5,350.5,-4.5,0.9,,,,
86.009,4,Atta_4,2414.1,368.7,8.3,21.9,-4.1,,,,
86.009,5,Atta_5,1833.7,414.7,17.8,-66.8,-1.7,,,,
86.009,6,Atta_6,2943.0,2214.4,6.8,38.9,5.6,,,,
86.009,7,Atta_7,1889.0,655.4,7.3,-33.0,-5.5,,,,
86.009,8,Atta_8,2679.2,1895.5,27.2,106.6,3.7,,,,
86.009,9,Atta_9,1390.2,1224.8,355.3,-35.2,-3.4,,,,
86.009,10,Atta_10,1695.9,307.7,331.0,20.3,0.4,,,,
86.078,1,Atta_1,1832.4,1677.7,289.3,-39.4,-1.6,,,,
86.078,2,Atta_2,2927.2,1932.0,31.1,-30.4,1.8,,,,
86.078,3,Atta_3,1687.4,2223.7,352.2,-39.3,1.7,,,,
86.078,4,Atta_4,2387.2,382.0,14.7,-30.0,6.4,,,,
86.078,5,Atta_5,1886.9,360.7,19.6,75.8,1.8,,,,
86.078,6,Atta_6,2984.5,2179.1,4.7,54.5,-2.1,,,,
86.078,7,Atta_7,1938.5,716.5,12.0,78.6,4.7,,,,
86.078,8,Atta_8,2650.2,1924.0,24.9,-40.7,-2.3,,,,
86.078,9,Atta_9,1384.9,1173.8,357.3,-51.3,2.0,,,,
86.078,10,Atta_10,1649.7,345.2,335.8,-59.5,4.8,,,,
86.145,1,Atta_1,1804.4,1609.5,290.9,73.7,1.6,,,,
86.145,2,Atta_2,2947.2,1962.2,32.3,36.2,1.2,,,,
86.145,3,Atta_3,1734.2,2249.6,348.4,53.5,-3.8,,,,
86.145,4,Atta_4,2509.8,447.4,8.3,139.0,-6.4,,,,
86.145,5,Atta_5,1874.2,406.0,16.8,47.0,-2.8,,,,
86.145,6,Atta_6,2969.8,2248.4,2.5,-70.8,-2.2,,,,
86.145,7,Atta_7,1890.8,740.5,12.9,-53.4,0.9,,,,
86.145,8,Atta_8,2656.6,1924.8,19.2,6.4,-5.7,,,,
86.145,9,Atta_9,1420.0,1216.1,359.2,55.0,1.9,,,,
86.145,10,Atta_10,1660.9,332.4,339.3,17.0,3.5,,,,
86.197,1,Atta_1,1829.6,1647.0,289.0,-45.2,-1.9,,,,
86.197,2,Atta_2,2930.1,1906.6,28.4,-58.2,-3.9,,,,
86.197,3,Atta_3,1730.1,2234.0,351.8,-16.1,3.4,,,,
86.197,4,Atta_4,2473.4,431.0,9.5,-39.9,1.2,,,,
86.197,5,Atta_5,1910.1,375.2,19.3,47.3,2.5,,,,
86.197,6,Atta_6,3035.9,2196.1,359.8,84.3,-2.7,,,,
86.197,7,Atta_7,1915.9,654.7,14.0,89.4,1.1,,,,
86.197,8,Atta_8,2706.4,1925.7,22.3,49.8,3.1,,,,
86.197,9,Atta_9,1488.0,1229.7,359.0,69.3,-0.2,,,,
86.197,10,Atta_10,1661.2,322.6,347.2,9.8,7.9,,,,
86.266,1,Atta_1,1801.7,1623.0,287.0,36.8,-2.0,,,,
86.266,2,Atta_2,3011.5,1921.9,30.2,82.8,1.8,,,,
86.266,3,Atta_3,1707.5,2187.7,351.8,-51.5,0.0,,,,
86.266,4,Atta_4,2474.9,420.2,9.2,-10.9,-0.3,,,,
86.266,5,Atta_5,1892.8,406.8,20.6,-36.0,1.3,,,,
86.266,6,Atta_6,3005.6,2188.0,358.5,-31.4,-1.3,,,,
86.266,7,Atta_7,1914.3,687.5,9.4,32.8,-4.6,,,,
86.266,8,Atta_8,2625.8,1932.7,28.1,-80.9,5.8,,,,
86.266,9,Atta_9,1450.1,1236.6,356.3,-38.5,-2.7,,,,
86.266,10,Atta_10,1654.8,293.7,352.2,29.6,5.0,,,,
86.335,1,Atta_1,1757.6,1578.0,290.4,63.0,3.4,,,,
86.335,2,Atta_2,3017.8,1949.9,32.6,28.7,2.4,,,,
86.335,3,Atta_3,1706.6,2230.2,349.1,-42.5,-2.7,,,,
86.335,4,Atta_4,2508.4,414.9,8.7,33.9,-0.5,,,,
86.335,5,Atta_5,1930.9,407.7,23.4,38.1,2.8,,,,
86.335,6,Atta_6,3033.3,2231.7,5.9,51.7,7.4,,,,
86.335,7,Atta_7,1928.8,642.7,13.7,47.1,4.3,,,,
86.335,8,Atta_8,2653.2,1962.1,23.3,40.2,-4.8,,,,
86.335,9,Atta_9,1543.0,1181.9,357.0,107.8,0.7,,,,
86.335,10,Atta_10,1644.1,277.0,353.7,-19.8,1.5,,,,
86.403,1,Atta_1,1751.2,1613.8,286.1,-36.4,-4.3,,,,
86.403,2,Atta_2,2969.8,1981.3,33.8,-57.4,1.2,,,,
86.403,3,Atta_3,1751.8,2256.0,354.2,52.0,5.1,,,,
86.403,4,Atta_4,2530.4,391.9,7.6,31.8,-1.1,,,,
86.403,5,Atta_5,1903.5,422.0,21.0,-30.9,-2.4,,,,
86.403,6,Atta_6,3010.0,2178.2,0.2,-58.4,-5.7,,,,
86.403,7,Atta_7,1891.1,696.4,13.0,-65.6,-0.7,,,,
86.403,8,Atta_8,2689.9,1904.6,25.7,68.2,2.4,,,,
86.403,9,Atta_9,1516.8,1196.0,359.1,-29.8,2.1,,,,
86.403,10,Atta_10,1693.4,292.7,2.6,51.7,8.9,,,,
86.523,1,Atta_1,1822.6,1570.7,288.2,83.4,2.1,,,,
86.523,2,Atta_2,3004.3,2005.9,29.5,42.4,-4.3,,,,
86.523,3,Atta_3,1767.2,2215.8,351.4,43.0,-2.8,,,,
86.523,4,Atta_4,2504.8,445.0,11.2,-58.9,3.6,,,,
86.523,5,Atta_5,1874.2,373.7,23.5,-56.5,2.5,,,,
86.523,6,Atta_6,3001.8,2149.3,1.0,-30.0,0.8,,,,
86.523,7,Atta_7,1925.0,680.4,15.8,37.5,2.8,,,,
86.523,8,Atta_8,2653.6,1925.5,24.8,-41.9,-0.9,,,,
86.523,9,Atta_9,1474.0,1206.8,357.9,-44.1,-1.2,,,,
86.523,10,Atta_10,1666.4,292.6,4.1,-27.0,1.5,,,,
86.573,1,Atta_1,1831.6,1563.1,290.5,11.8,2.3,,,,
86.573,2,Atta_2,3017.8,1970.9,33.1,-37.5,3.6,,,,
86.573,3,Atta_3,1835.6,2239.0,350.5,72.2,-0.9,,,,
86.573,4,Atta_4,2484.5,366.7,12.0,-80.9,0.8,,,,
86.573,5,Atta_5,1922.0,422.4,20.0,68.2,-3.5,,,,
86.573,6,Atta_6,3056.9,2199.8,3.3,74.7,2.3,,,,
86.573,7,Atta_7,1887.8,672.4,11.0,-38.1,-4.8,,,,
86.573,8,Atta_8,2671.1,1942.3,23.3,24.3,-1.5,,,,
86.573,9,Atta_9,1483.6,1213.6,356.5,11.8,-1.4,,,,
86.573,10,Atta_10,1658.8,327.9,2.9,-36.1,-1.2,,,,
86.624,1,Atta_1,1832.6,1545.8,289.0,17.3,-1.5,,,,
86.624,2,Atta_2,2992.9,1989.9,29.7,-31.3,-3.4,,,,
86.624,3,Atta_3,1796.3,2226.4,356.3,-41.3,5.8,,,,
86.624,4,Atta_4,2523.8,485.2,9.4,124.8,-2.6,,,,
86.624,5,Atta_5,1874.2,363.3,21.8,-76.0,1.8,,,,
86.624,6,Atta_6,3115.9,2173.3,2.0,64.7,-1.3,,,,
86.624,7,Atta_7,1915.0,689.9,15.4,32.3,4.4,,,,
86.624,8,Atta_8,2705.2,1926.2,23.1,37.7,-0.2,,,,
86.624,9,Atta_9,1508.7,1210.6,358.3,25.3,1.8,,,,
86.624,10,Atta_10,1684.3,303.9,4.5,35.0,1.6,,,,
86.694,1,Atta_1,1879.2,1580.9,291.9,-58.3,2.9,,,,
86.694,2,Atta_2,3054.1,1966.0,30.6,65.7,0.9,,,,
86.694,3,Atta_3,1859.4,2217.0,352.5,63.8,-3.8,,,,
86.694,4,Atta_4,2518.5,426.1,11.0,-59.3,1.6,,,,
86.694,5,Atta_5,1861.3,413.8,24.3,52.1,2.5,,,,
86.694,6,Atta_6,3167.4,2140.2,3.6,61.2,1.6,,,,
86.694,7,Atta_7,1944.7,699.7,11.2,31.3,-4.2,,,,
86.694,8,Atta_8,2685.6,1941.6,23.5,-24.9,0.4,,,,
86.694,9,Atta_9,1506.4,1197.7,358.3,-13.1,0.0,,,,
86.694,10,Atta_10,1609.3,252.1,5.5,-91.1,1.0,,,,
86.766,1,Atta_1,1869.5,1528.7,289.5,53.1,-2.4,,,,
86.766,2,Atta_2,3011.1,2012.1,33.6,-63.0,3.0,,,,
86.766,3,Atta_3,1802.7,2189.7,349.7,-62.9,-2.8,,,,
86.766,4,Atta_4,2518.0,410.5,10.8,-15.6,-0.2,,,,
86.766,5,Atta_5,1853.0,357.8,15.7,-56.6,-8.6,,,,
86.766,6,Atta_6,3064.2,2183.6,3.8,-112.0,0.2,,,,
86.766,7,Atta_7,1955.6,699.1,11.8,10.9,0.6,,,,
86.766,8,Atta_8,2684.8,1907.1,19.5,-34.5,-4.0,,,,
86.766,9,Atta_9,1642.4,1231.5,1.6,140.1,3.3,,,,
86.766,10,Atta_10,1661.8,341.8,4.1,103.9,-1.4,,,,
86.837,1,Atta_1,1851.5,1505.0,293.7,29.8,4.2,,,,
86.837,2,Atta_2,2996.6,2023.5,32.6,-18.4,-1.0,,,,
86.837,3,Atta_3,1865.8,2203.6,346.9,64.6,-2.8,,,,
86.837,4,Atta_4,2534.6,427.9,10.4,24.0,-0.4,,,,
86.837,5,Atta_5,1817.8,334.9,12.7,-42.0,-3.0,,,,
86.837,6,Atta_6,3084.3,2202.3,0.3,27.5,-3.5,,,,
86.837,7,Atta_7,1915.9,718.2,9.8,-44.1,-2.0,,,,
86.837,8,Atta_8,2791.5,1924.3,7.2,108.1,-12.3,,,,
86.837,9,Atta_9,1579.9,1221.6,357.2,-63.3,-4.4,,,,
86.837,10,Atta_10,1707.5,307.8,5.9,57.0,1.8,,,,
86.904,1,Atta_1,1842.4,1501.6,293.4,-9.7,-0.3,,,,
86.904,2,Atta_2,3121.9,2012.2,31.6,125.8,-1.0,,,,
86.904,3,Atta_3,1846.4,2227.5,351.2,-30.8,4.3,,,,
86.904,4,Atta_4,2557.3,434.6,12.1,23.7,1.7,,,,
86.904,5,Atta_5,1840.1,351.7,9.0,27.9,-3.7,,,,
86.904,6,Atta_6,3172.5,2245.6,3.1,98.3,2.8,,,,
86.904,7,Atta_7,1991.4,643.5,11.4,106.2,1.6,,,,
86.904,8,Atta_8,2737.3,2015.4,5.9,-106.0,-1.3,,,,
86.904,9,Atta_9,1550.5,1178.8,358.9,-51.9,1.7,,,,
86.904,10,Atta_10,1695.3,325.7,0.8,-21.7,-5.1,,,,
86.971,1,Atta_1,1868.5,1534.8,298.1,-42.2,4.7,,,,
86.971,2,Atta_2,3085.2,2029.7,31.0,-40.7,-0.6,,,,
86.971,3,Atta_3,1851.6,2270.3,355.7,-43.1,4.5,,,,
86.971,4,Atta_4,2605.9,412.3,9.4,53.5,-2.7,,,,
86.971,5,Atta_5,1861.9,397.2,2.4,50.5,-6.6,,,,
86.971,6,Atta_6,3109.3,2218.7,2.0,-68.7,-1.1,,,,
86.971,7,Atta_7,1945.5,688.7,15.9,-64.4,4.5,,,,
86.971,8,Atta_8,2683.5,1981.5,1.9,-63.6,-4.0,,,,
86.971,9,Atta_9,1559.3,1171.1,357.4,11.7,-1.5,,,,
86.971,10,Atta_10,1621.6,326.1,0.3,-73.7,-0.5,,,,
87.039,1,Atta_1,1848.7,1520.5,306.0,24.4,7.9,,,,
87.039,3,Atta_3,1835.7,2216.1,350.1,-56.5,-5.6,,,,
87.039,4,Atta_4,2601.0,424.7,13.3,-13.3,3.9,,,,
87.039,5,Atta_5,1806.8,379.9,358.8,-57.8,-3.6,,,,
87.039,6,Atta_6,3165.5,2218.4,4.7,56.2,2.7,,,,
87.039,7,Atta_7,1984.7,758.7,13.7,80.2,-2.2,,,,
87.039,8,Atta_8,2681.7,1957.0,357.9,-24.6,-4.0,,,,
87.039,9,Atta_9,1615.9,1228.4,2.4,80.5,5.0,,,,
87.039,10,Atta_10,1662.6,321.9,3.7,41.2,3.4,,,,
87.1,1,Atta_1,1822.5,1500.3,309.7,33.1,3.7,,,,
87.1,2,Atta_2,3059.5,1994.5,32.8,-43.6,1.8,,,,
87.1,3,Atta_3,1924.4,2242.1,351.0,92.4,0.9,,,,
87.1,4,Atta_4,2662.8,421.2,12.4,61.9,-0.9,,,,
87.1,5,Atta_5,1763.6,367.1,354.3,-45.1,-4.5,,,,
87.1,6,Atta_6,3161.5,2173.5,4.2,-45.1,-0.5,,,,
87.1,7,Atta_7,2036.4,698.8,11.1,79.1,-2.6,,,,
87.1,8,Atta_8,2686.0,1936.4,350.3,21.0,-7.6,,,,
87.1,9,Atta_9,1549.9,1228.7,1.8,-66.0,-0.6,,,,
87.1,10,Atta_10,1723.6,342.6,1.5,64.4,-2.2,,,,
87.15,1,Atta_1,1829.1,1519.1,314.2,-19.9,4.5,,,,
87.15,2,Atta_2,3055.8,1996.9,29.9,-4.4,-2.9,,,,
87.15,3,Atta_3,1843.2,2170.2,349.5,-108.5,-1.5,,,,
87.15,4,Atta_4,2614.0,470.7,9.0,-69.5,-3.4,,,,
87.15,5,Atta_5,1817.6,369.4,348.1,54.0,-6.2,,,,
87.15,6,Atta_6,3191.2,2195.0,3.3,36.7,-0.9,,,,
87.15,7,Atta_7,2043.7,691.0,12.7,10.7,1.6,,,,
87.15,8,Atta_8,2699.8,1938.6,342.5,14.0,-7.8,,,,
87.15,9,Atta_9,1579.2,1265.4,358.3,47.0,-3.5,,,,
87.15,10,Atta_10,1696.6,328.4,2.7,-30.5,1.2,,,,
87.221,1,Atta_1,1895.5,1592.9,316.5,-99.3,2.3,,,,
87.221,2,Atta_2,3112.7,2017.1,30.8,60.4,0.9,,,,
87.221,3,Atta_3,1836.6,2215.1,347.8,-45.4,-1.7,,,,
87.221,4,Atta_4,2650.7,473.3,11.3,36.8,2.3,,,,
87.221,5,Atta_5,1795.0,337.1,347.2,-39.4,-0.9,,,,
87.221,6,Atta_6,3148.5,2182.4,2.4,-44.5,-0.9,,,,
87.221,7,Atta_7,2061.0,694.9,11.1,17.7,-1.6,,,,
87.221,8,Atta_8,2638.4,1923.5,343.4,-63.2,0.9,,,,
87.221,9,Atta_9,1615.4,1216.9,1.6,60.5,3.3,,,,
87.221,10,Atta_10,1674.4,375.5,2.2,-52.1,-0.5,,,,
87.358,1,Atta_1,1842.3,1528.2,323.7,83.8,7.2,,,,
87.358,2,Atta_2,3119.9,1999.0,27.8,-19.5,-3.0,,,,
87.358,3,Atta_3,1807.7,2244.2,350.0,-41.0,2.2,,,,
87.358,4,Atta_4,2657.2,445.6,11.0,28.5,-0.3,,,,
87.358,5,Atta_5,1801.8,426.1,340.8,-89.3,-6.4,,,,
87.358,6,Atta_6,3109.9,2207.3,360.0,-45.9,-2.4,,,,
87.358,7,Atta_7,2089.8,679.8,12.1,32.5,1.0,,,,
87.358,8,Atta_8,2724.6,1938.2,335.6,87.4,-7.8,,,,
87.358,9,Atta_9,1643.8,1164.7,359.6,59.4,-2.0,,,,
87.358,10,Atta_10,1704.0,285.9,4.6,94.4,2.4,,,,
87.423,1,Atta_1,1854.0,1528.7,331.6,11.7,7.9,,,,
87.423,2,Atta_2,3096.0,2002.5,34.0,-24.2,6.2,,,,
87.423,3,Atta_3,1880.1,2232.5,348.8,73.3,-1.2,,,,
87.423,4,Atta_4,2678.1,476.8,8.9,37.6,-2.1,,,,
87.423,5,Atta_5,1807.1,347.0,332.4,79.3,-8.4,,,,
87.423,6,Atta_6,3212.4,2208.8,350.1,102.5,-9.9,,,,
87.423,7,Atta_7,2078.5,683.6,11.3,-11.9,-0.8,,,,
87.423,8,Atta_8,2715.0,1911.6,330.7,28.3,-4.9,,,,
87.423,9,Atta_9,1643.8,1198.1,358.5,-33.4,-1.1,,,,
87.423,10,Atta_10,1629.3,342.5,4.8,-93.7,0.2,,,,
87.49,1,Atta_1,1829.8,1503.8,331.2,-34.7,-0.4,,,,
87.49,2,Atta_2,3145.2,2055.3,33.4,72.2,-0.6,,,,
87.49,3,Atta_3,1853.5,2195.4,349.8,-45.7,1.0,,,,
87.49,4,Atta_4,2675.9,425.6,6.6,-51.2,-2.3,,,,
87.49,5,Atta_5,1869.1,328.2,331.3,64.8,-1.1,,,,
87.49,6,Atta_6,3191.8,2205.0,345.2,-20.9,-4.9,,,,
87.49,7,Atta_7,2096.3,719.8,13.8,40.3,2.5,,,,
87.49,8,Atta_8,2725.9,1993.3,325.9,-82.4,-4.8,,,,
87.49,9,Atta_9,1710.2,1183.7,2.7,67.9,4.2,,,,
87.49,10,Atta_10,1673.3,265.0,4.9,89.1,0.1,,,,
87.62,1,Atta_1,1793.8,1491.1,338.9,-38.2,7.7,,,,
87.62,2,Atta_2,3161.6,2065.7,28.7,19.4,-4.7,,,,
87.62,3,Atta_3,1763.4,2184.6,349.3,-90.7,-0.5,,,,
87.62,4,Atta_4,2661.8,457.5,9.6,-34.9,3.0,,,,
87.62,5,Atta_5,1841.2,388.0,324.7,-66.0,-6.6,,,,
87.62,6,Atta_6,3179.4,2202.4,338.6,-12.7,-6.6,,,,
87.62,7,Atta_7,2137.0,703.8,13.3,43.7,-0.5,,,,
87.62,8,Atta_8,2703.4,1935.5,321.8,62.0,-4.1,,,,
87.62,9,Atta_9,1689.8,1262.4,357.7,-81.3,-5.0,,,,
87.62,10,Atta_10,1691.9,270.6,1.5,19.4,-3.4,,,,
87.686,1,Atta_1,1849.6,1496.4,348.4,56.1,9.5,,,,
87.686,2,Atta_2,3186.8,2035.1,32.5,39.6,3.8,,,,
87.686,3,Atta_3,1759.2,2236.5,346.3,-52.1,-3.0,,,,
87.686,4,Atta_4,2700.3,482.9,6.8,46.1,-2.8,,,,
87.686,5,Atta_5,1847.5,335.6,324.9,52.8,0.2,,,,
87.686,6,Atta_6,3168.2,2171.4,335.2,33.0,-3.4,,,,
87.686,7,Atta_7,2093.0,764.0,12.2,-74.6,-1.1,,,,
87.686,8,Atta_8,2704.6,1991.2,315.8,-55.7,-6.0,,,,
87.686,9,Atta_9,1641.8,1144.3,1.9,-127.5,4.2,,,,
87.686,10,Atta_10,1697.7,286.9,3.6,17.3,2.1,,,,
87.753,1,Atta_1,1889.2,1469.1,344.1,48.1,-4.3,,,,
87.753,2,Atta_2,3156.7,2124.9,34.0,94.7,1.5,,,,
87.753,3,Atta_3,1775.9,2240.2,342.0,17.1,-4.3,,,,
87.753,4,Atta_4,2708.6,473.7,12.5,12.4,5.7,,,,
87.753,5,Atta_5,1834.9,383.4,325.9,-49.4,1.0,,,,
87.753,6,Atta_6,3132.7,2215.9,331.8,-56.9,-3.4,,,,
87.753,7,Atta_7,2123.8,674.1,13.8,95.0,1.6,,,,
87.753,8,Atta_8,2704.4,1918.9,313.2,72.3,-2.6,,,,
87.753,9,Atta_9,1719.4,1183.5,356.9,86.9,-5.0,,,,
87.753,10,Atta_10,1657.6,257.1,1.8,-50.0,-1.8,,,,
87.822,1,Atta_1,1852.5,1493.3,350.3,-44.0,6.2,,,,
87.822,2,Atta_2,3158.0,2051.9,30.1,-73.0,-3.9,,,,
87.822,3,Atta_3,1757.3,2255.0,335.4,-23.8,-6.6,,,,
87.822,4,Atta_4,2761.0,481.3,11.3,52.9,-1.2,,,,
87.822,5,Atta_5,1820.1,397.7,323.0,-20.6,-2.9,,,,
87.822,6,Atta_6,3142.8,2222.4,329.8,12.0,-2.0,,,,
87.822,7,Atta_7,2104.9,724.5,11.7,-53.8,-2.1,,,,
87.822,8,Atta_8,2720.3,1918.1,308.4,15.9,-4.8,,,,
87.822,9,Atta_9,1706.0,1179.1,358.5,-14.1,1.6,,,,
87.822,10,Atta_10,1628.1,345.0,354.0,-92.7,-7.8,,,,
87.888,1,Atta_1,1871.0,1599.7,0.9,108.0,10.6,,,,
87.888,2,Atta_2,3217.2,2081.0,29.7,66.0,-0.4,,,,
87.888,3,Atta_3,1793.3,2160.4,334.1,101.2,-1.3,,,,
87.888,4,Atta_4,2700.4,472.0,7.7,-61.3,-3.6,,,,
87.888,5,Atta_5,1847.9,367.0,327.1,41.4,4.1,,,,
87.888,6,Atta_6,3163.1,2238.2,323.6,25.7,-6.2,,,,
87.888,7,Atta_7,2148.0,734.8,14.5,44.3,2.8,,,,
87.888,8,Atta_8,2719.7,1938.4,310.5,-20.3,2.1,,,,
87.888,9,Atta_9,1721.8,1232.8,356.2,56.0,-2.3,,,,
87.888,10,Atta_10,1662.5,334.6,348.1,35.9,-5.9,,,,
87.954,1,Atta_1,1863.9,1545.3,357.3,-54.9,-3.6,,,,
87.954,2,Atta_2,3148.5,2082.0,31.2,-68.7,1.5,,,,
87.954,3,Atta_3,1792.7,2243.2,327.8,-82.8,-6.3,,,,
87.954,4,Atta_4,2752.0,479.9,10.5,52.2,2.8,,,,
87.954,5,Atta_5,1828.9,366.7,328.3,-19.0,1.2,,,,
87.954,6,Atta_6,3166.5,2161.0,317.6,77.3,-6.0,,,,
87.954,7,Atta_7,2188.6,767.2,10.5,51.9,-4.0,,,,
87.954,8,Atta_8,2696.9,1935.4,311.8,-23.0,1.3,,,,
87.954,9,Atta_9,1748.9,1164.8,357.4,73.2,1.2,,,,
87.954,10,Atta_10,1581.6,235.7,343.9,-127.8,-4.2,,,,
88.02,1,Atta_1,1878.8,1506.6,357.1,41.5,-0.2,,,,
88.02,2,Atta_2,3230.5,2074.9,26.5,82.3,-4.7,,,,
88.02,3,Atta_3,1806.1,2214.0,324.1,32.1,-3.7,,,,
88.02,4,Atta_4,2733.5,470.1,7.4,-20.9,-3.1,,,,
88.02,5,Atta_5,1877.5,366.0,329.1,48.6,0.8,,,,
88.02,6,Atta_6,3178.1,2226.6,307.8,-66.6,-9.8,,,,
88.02,7,Atta_7,2151.1,727.5,20.5,-54.6,10.0,,,,
88.02,8,Atta_8,2686.9,1926.3,311.3,13.5,-0.5,,,,
88.02,9,Atta_9,1683.6,1196.4,358.4,-72.5,1.0,,,,
88.02,10,Atta_10,1646.0,282.7,339.8,79.7,-4.1,,,,
88.09,1,Atta_1,1899.1,1493.3,358.0,24.3,0.9,,,,
88.09,2,Atta_2,3201.3,2077.9,19.7,-29.4,-6.8,,,,
88.09,3,Atta_3,1798.3,2238.1,320.0,-25.3,-4.1,,,,
88.09,4,Atta_4,2755.2,488.8,9.4,28.6,2.0,,,,
88.09,5,Atta_5,1850.1,339.1,325.5,-38.4,-3.6,,,,
88.09,6,Atta_6,3193.4,2183.9,307.5,45.4,-0.3,,,,
88.09,7,Atta_7,2127.7,686.9,17.5,-46.9,-3.0,,,,
88.09,8,Atta_8,2705.8,1931.1,313.5,19.5,2.2,,,,
88.09,9,Atta_9,1754.0,1225.6,358.5,76.2,0.1,,,,
88.09,10,Atta_10,1614.5,253.0,336.4,-43.3,-3.4,,,,
88.159,1,Atta_1,1823.7,1464.9,355.8,-80.6,-2.2,,,,
88.159,2,Atta_2,3174.2,2085.2,18.3,-28.1,-1.4,,,,
88.159,3,Atta_3,1741.6,2186.5,317.1,-76.7,-2.9,,,,
88.159,4,Atta_4,2779.7,466.6,7.9,33.1,-1.5,,,,
88.159,5,Atta_5,1863.7,341.0,325.8,13.7,0.3,,,,
88.159,6,Atta_6,3114.6,2204.5,304.3,-81.4,-3.2,,,,
88.159,7,Atta_7,2159.5,747.2,17.0,68.2,-0.5,,,,
88.159,8,Atta_8,2647.7,1937.8,309.8,-58.5,-3.7,,,,
88.159,9,Atta_9,1724.5,1189.5,357.8,-46.6,-0.7,,,,
88.159,10,Atta_10,1653.8,315.8,329.8,74.1,-6.6,,,,
88.226,1,Atta_1,1850.2,1578.8,359.7,116.9,3.9,,,,
88.226,2,Atta_2,3191.2,2054.5,15.5,35.1,-2.8,,,,
88.226,3,Atta_3,1796.3,2228.7,305.7,69.1,-11.4,,,,
88.226,4,Atta_4,2769.3,465.9,10.5,-10.4,2.6,,,,
88.226,5,Atta_5,1917.3,319.2,322.4,57.9,-3.4,,,,
88.226,6,Atta_6,3138.2,2182.0,299.7,32.6,-4.6,,,,
88.226,7,Atta_7,2108.3,724.6,20.8,-56.0,3.8,,,,
88.226,8,Atta_8,2765.7,1915.6,313.7,120.1,3.9,,,,
88.226,9,Atta_9,1792.6,1190.1,358.1,68.1,0.3,,,,
88.226,10,Atta_10,1677.9,302.4,324.1,27.6,-5.7,,,,
88.297,1,Atta_1,1881.5,1509.9,358.0,75.7,-1.7,,,,
88.297,2,Atta_2,3191.3,2044.7,19.7,-9.8,4.2,,,,
88.297,3,Atta_3,1755.5,2221.2,302.4,-41.5,-3.3,,,,
88.297,4,Atta_4,2843.5,497.5,11.0,80.6,0.5,,,,
88.297,5,Atta_5,1877.0,339.2,322.3,-45.0,-0.1,,,,
88.297,6,Atta_6,3155.6,2168.0,297.3,22.3,-2.4,,,,
88.297,7,Atta_7,2131.7,763.7,14.6,45.6,-6.2,,,,
88.297,8,Atta_8,2749.2,1893.2,311.0,27.8,-2.7,,,,
88.297,9,Atta_9,1798.7,1199.7,357.9,11.4,-0.2,,,,
88.297,10,Atta_10,1646.3,284.5,323.2,-36.3,-0.9,,,,
88.368,1,Atta_1,1874.7,1509.3,358.0,-6.8,0.0,,,,
88.368,2,Atta_2,3207.1,2025.9,19.6,24.6,-0.1,,,,
88.368,3,Atta_3,1768.6,2209.7,301.5,17.4,-0.9,,,,
88.368,4,Atta_4,2823.4,482.0,9.1,-25.4,-1.9,,,,
88.368,5,Atta_5,1942.5,317.6,325.3,69.0,3.0,,,,
88.368,6,Atta_6,3132.3,2204.3,291.5,-43.1,-5.8,,,,
88.368,7,Atta_7,2154.6,764.6,15.9,22.9,1.3,,,,
88.368,8,Atta_8,2753.9,1883.3,308.5,11.0,-2.5,,,,
88.368,10,Atta_10,1600.1,329.7,322.2,-64.6,-1.0,,,,
88.434,1,Atta_1,1904.5,1537.1,358.7,40.8,0.7,,,,
88.434,2,Atta_2,3195.4,2104.6,21.2,79.6,1.6,,,,
88.434,3,Atta_3,1830.7,2203.8,298.5,62.4,-3.0,,,,
88.434,4,Atta_4,2801.4,494.6,6.8,-25.4,-2.3,,,,
88.434,5,Atta_5,1961.3,296.1,326.9,28.6,1.6,,,,
88.434,6,Atta_6,3210.4,2271.0,283.8,-102.7,-7.7,,,,
88.434,7,Atta_7,2161.9,695.8,15.0,-69.2,-0.9,,,,
88.434,8,Atta_8,2739.1,1874.7,308.3,-17.1,-0.2,,,,
88.434,9,Atta_9,1835.7,1190.7,359.2,38.1,1.3,,,,
88.434,10,Atta_10,1579.6,284.4,316.7,49.7,-5.5,,,,
88.504,1,Atta_1,1895.4,1571.9,358.2,-36.0,-0.5,,,,
88.504,2,Atta_2,3213.8,2059.6,18.7,48.6,-2.5,,,,
88.504,3,Atta_3,1799.7,2227.4,292.2,-39.0,-6.3,,,,
88.504,4,Atta_4,2823.9,426.0,9.1,72.2,2.3,,,,
88.504,5,Atta_5,1940.9,337.5,323.1,-46.2,-3.8,,,,
88.504,6,Atta_6,3171.0,2201.2,279.3,80.2,-4.5,,,,
88.504,7,Atta_7,2188.6,742.3,16.5,53.6,1.5,,,,
88.504,8,Atta_8,2755.7,1888.7,309.8,-21.7,1.5,,,,
88.504,9,Atta_9,1833.8,1221.6,357.4,-31.0,-1.8,,,,
88.504,10,Atta_10,1622.0,326.6,307.7,59.8,-9.0,,,,
88.565,1,Atta_1,1899.3,1463.1,359.9,108.9,1.7,,,,
88.565,2,Atta_2,3205.8,2091.4,20.8,32.8,2.1,,,,
88.565,3,Atta_3,1827.6,2252.7,294.1,-37.7,1.9,,,,
88.565,4,Atta_4,2890.8,438.8,11.6,68.1,2.5,,,,
88.565,5,Atta_5,1884.3,269.5,323.9,-88.5,0.8,,,,
88.565,6,Atta_6,3127.0,2194.8,277.1,-44.5,-2.2,,,,
88.565,7,Atta_7,2185.5,718.8,16.4,-23.7,-0.1,,,,
88.565,8,Atta_8,2751.7,1876.9,309.7,12.5,-0.1,,,,
88.565,9,Atta_9,1812.3,1208.7,2.0,-25.1,4.6,,,,
88.565,10,Atta_10,1598.2,314.4,309.2,-26.7,1.5,,,,
88.636,1,Atta_1,1879.7,1535.6,358.3,-75.1,-1.6,,,,
88.636,2,Atta_2,3255.6,2058.6,20.1,59.6,-0.7,,,,
88.636,3,Atta_3,1800.0,2192.0,294.0,66.7,-0.1,,,,
88.636,4,Atta_4,2870.6,428.7,11.1,-22.6,-0.5,,,,
88.636,5,Atta_5,1955.3,319.5,324.8,86.8,0.9,,,,
88.636,6,Atta_6,3164.7,2201.9,277.2,-38.4,0.1,,,,
88.636,7,Atta_7,2189.7,715.8,17.2,5.2,0.8,,,,
88.636,8,Atta_8,2804.7,1868.3,311.1,53.7,1.4,,,,
88.636,9,Atta_9,1913.6,1147.0,358.1,118.6,-3.9,,,,
88.636,10,Atta_10,1594.3,261.1,307.9,53.4,-1.3,,,,
88.687,1,Atta_1,1963.9,1543.0,358.5,84.5,0.2,,,,
88.687,2,Atta_2,3199.6,1994.1,22.9,-85.4,2.8,,,,
88.687,3,Atta_3,1779.8,2195.4,293.9,-20.5,-0.1,,,,
88.687,4,Atta_4,2842.6,467.1,7.8,-47.5,-3.3,,,,
88.687,5,Atta_5,2003.5,246.7,327.4,87.3,2.6,,,,
88.687,6,Atta_6,3144.3,2214.3,276.3,-23.9,-0.9,,,,
88.687,7,Atta_7,2227.2,724.4,15.5,38.5,-1.7,,,,
88.687,8,Atta_8,2755.8,1858.5,315.0,-49.9,3.9,,,,
88.687,9,Atta_9,1828.6,1178.1,357.5,-90.5,-0.6,,,,
88.687,10,Atta_10,1632.0,307.0,308.4,-59.4,0.5,,,,
88.757,1,Atta_1,1911.4,1476.4,3.5,-84.8,5.0,,,,
88.757,2,Atta_2,3244.0,2055.7,21.5,75.9,-1.4,,,,
88.757,3,Atta_3,1833.6,2234.5,295.5,-66.5,1.6,,,,
88.757,4,Atta_4,2890.3,470.6,15.9,47.8,8.1,,,,
88.757,5,Atta_5,1917.3,353.7,333.5,-137.4,6.1,,,,
88.757,6,Atta_6,3166.0,2111.4,277.0,105.2,0.7,,,,
88.757,7,Atta_7,2240.6,742.7,17.0,22.7,1.5,,,,
88.757,8,Atta_8,2760.7,1858.7,308.2,4.9,-6.8,,,,
88.757,9,Atta_9,1826.4,1234.1,356.2,-56.0,-1.3,,,,
88.757,10,Atta_10,1648.2,285.0,308.7,27.3,0.3,,,,
88.825,1,Atta_1,1952.7,1532.1,355.5,69.3,-8.0,,,,
88.825,2,Atta_2,3224.8,2156.8,21.6,102.9,0.1,,,,
88.825,3,Atta_3,1766.6,2220.2,294.2,-68.5,-1.3,,,,
88.825,4,Atta_4,2890.1,486.9,17.3,16.3,1.4,,,,
88.825,5,Atta_5,1961.9,254.3,335.5,108.9,2.0,,,,
88.825,6,Atta_6,3182.6,2250.5,277.7,-140.1,0.7,,,,
88.825,7,Atta_7,2210.6,756.6,13.9,-33.1,-3.1,,,,
88.825,8,Atta_8,2787.7,1878.4,311.5,33.4,3.3,,,,
88.825,9,Atta_9,1864.1,1161.2,355.5,82.1,-0.7,,,,
88.825,10,Atta_10,1603.4,304.6,304.5,-48.9,-4.2,,,,
88.875,1,Atta_1,1984.8,1506.5,358.2,41.1,2.7,,,,
88.875,2,Atta_2,3267.4,2081.1,20.3,86.9,-1.3,,,,
88.875,3,Atta_3,1799.0,2204.7,286.8,35.9,-7.4,,,,
88.875,4,Atta_4,2886.1,480.2,20.5,-7.8,3.2,,,,
88.875,5,Atta_5,1946.6,264.7,334.8,-18.5,-0.7,,,,
88.875,6,Atta_6,3194.8,2180.6,273.9,71.0,-3.8,,,,
88.875,7,Atta_7,2288.0,761.1,20.1,77.5,6.2,,,,
88.875,8,Atta_8,2765.2,1853.1,310.0,33.9,-1.5,,,,
88.875,9,Atta_9,1933.2,1195.1,358.8,77.0,3.3,,,,
88.875,10,Atta_10,1618.1,342.8,305.6,-40.9,1.1,,,,
88.998,1,Atta_1,1991.8,1610.1,355.9,103.8,-2.3,,,,
88.998,2,Atta_2,3297.7,2114.2,21.6,44.9,1.3,,,,
88.998,3,Atta_3,1816.6,2153.1,295.0,54.5,8.2,,,,
88.998,4,Atta_4,2871.6,470.2,20.5,-17.6,0.0,,,,
88.998,5,Atta_5,1929.1,302.3,350.6,-41.5,15.8,,,,
88.998,6,Atta_6,3201.9,2214.0,276.9,-34.1,3.0,,,,
88.998,7,Atta_7,2259.9,795.0,17.4,-44.0,-2.7,,,,
88.998,8,Atta_8,2805.5,1820.4,314.0,51.9,4.0,,,,
88.998,9,Atta_9,1886.9,1196.7,359.8,-46.3,1.0,,,,
88.998,10,Atta_10,1654.2,286.3,305.6,67.0,0.0,,,,
89.118,1,Atta_1,1989.9,1523.3,359.2,86.8,3.3,,,,
89.118,2,Atta_2,3341.6,2112.7,20.3,43.9,-1.3,,,,
89.118,3,Atta_3,1864.8,2180.3,296.2,-55.3,1.2,,,,
89.118,4,Atta_4,2890.5,510.6,19.5,44.6,-1.0,,,,
89.118,5,Atta_5,1962.0,232.8,350.6,76.9,0.0,,,,
89.118,6,Atta_6,3191.5,2084.3,276.4,130.1,-0.5,,,,
89.118,7,Atta_7,2276.5,725.2,17.5,-71.7,0.1,,,,
89.118,8,Atta_8,2835.1,1799.1,309.8,36.5,-4.2,,,,
89.118,9,Atta_9,1811.0,1183.6,0.3,-77.0,0.5,,,,
89.118,10,Atta_10,1598.4,265.4,305.1,-59.6,-0.5,,,,
89.174,1,Atta_1,2008.2,1518.9,358.7,18.8,-0.5,,,,
89.174,2,Atta_2,3276.7,2115.7,24.7,-65.0,4.4,,,,
89.174,3,Atta_3,1791.7,2114.5,293.7,98.4,-2.5,,,,
89.174,4,Atta_4,2876.7,479.0,19.6,-34.5,0.1,,,,
89.174,5,Atta_5,1950.6,367.0,0.3,-134.7,9.7,,,,
89.174,6,Atta_6,3191.3,2118.9,275.4,-34.6,-1.0,,,,
89.174,7,Atta_7,2292.4,810.6,16.4,86.9,-1.1,,,,
89.174,8,Atta_8,2795.8,1804.5,314.8,-39.7,5.0,,,,
89.174,9,Atta_9,1835.4,1180.9,356.4,24.5,-3.9,,,,
89.174,10,Atta_10,1641.7,253.4,304.6,44.9,-0.5,,,,
89.244,1,Atta_1,2079.1,1531.8,0.7,72.1,2.0,,,,
89.244,2,Atta_2,3404.0,2143.4,19.4,130.3,-5.3,,,,
89.244,3,Atta_3,1825.1,2197.9,288.9,-89.8,-4.8,,,,
89.244,4,Atta_4,2878.2,529.3,19.8,50.3,0.2,,,,
89.244,5,Atta_5,1960.4,214.4,1.4,152.9,1.1,,,,
89.244,6,Atta_6,3178.9,2073.2,273.1,47.4,-2.3,,,,
89.244,7,Atta_7,2275.6,768.0,18.9,-45.8,2.5,,,,
89.244,8,Atta_8,2877.7,1813.5,311.6,82.4,-3.2,,,,
89.244,9,Atta_9,1848.6,1246.5,0.5,66.9,4.1,,,,
89.244,10,Atta_10,1636.2,230.0,306.1,24.0,1.5,,,,
89.312,1,Atta_1,2052.0,1482.2,3.4,-56.5,2.7,,,,
89.312,2,Atta_2,3332.5,2121.4,18.9,-74.8,-0.5,,,,
89.312,3,Atta_3,1851.8,2161.5,291.5,45.1,2.6,,,,
89.312,4,Atta_4,2865.7,483.0,18.4,-48.0,-1.4,,,,
89.312,5,Atta_5,1942.0,281.5,7.3,-69.6,5.9,,,,
89.312,6,Atta_6,3161.3,2121.9,278.5,-51.8,5.4,,,,
89.312,7,Atta_7,2309.3,719.9,16.5,58.7,-2.4,,,,
89.312,8,Atta_8,2842.4,1766.5,312.0,58.8,0.4,,,,
89.312,9,Atta_9,1832.5,1192.5,0.3,-56.3,-0.2,,,,
89.312,10,Atta_10,1719.4,264.3,304.4,90.0,-1.7,,,,
89.379,1,Atta_1,2041.4,1453.2,357.4,-30.9,-6.0,,,,
89.379,2,Atta_2,3364.8,2149.1,19.4,42.6,0.5,,,,
89.379,3,Atta_3,1857.1,2126.4,291.2,35.5,-0.3,,,,
89.379,4,Atta_4,2875.7,502.0,18.4,21.5,0.0,,,,
89.379,5,Atta_5,1885.8,239.5,12.4,-70.2,5.1,,,,
89.379,6,Atta_6,3161.4,2099.0,279.2,22.9,0.7,,,,
89.379,7,Atta_7,2344.8,773.8,17.7,64.5,1.2,,,,
89.379,8,Atta_8,2814.7,1792.5,310.0,-38.0,-2.0,,,,
89.379,9,Atta_9,1837.8,1195.6,359.9,6.1,-0.4,,,,
89.379,10,Atta_10,1647.9,227.5,304.3,-80.4,-0.1,,,,
89.434,1,Atta_1,2035.2,1573.8,0.1,-120.8,2.7,,,,
89.434,2,Atta_2,3344.0,2130.9,19.6,-27.6,0.2,,,,
89.434,3,Atta_3,1816.0,2100.7,293.0,48.5,1.8,,,,
89.434,4,Atta_4,2903.1,506.9,16.0,27.8,-2.4,,,,
89.434,5,Atta_5,1951.9,281.0,15.8,78.0,3.4,,,,
89.434,6,Atta_6,3141.1,2125.1,272.7,-33.1,-6.5,,,,
89.434,7,Atta_7,2291.0,770.7,21.5,-53.9,3.8,,,,
89.434,8,Atta_8,2824.9,1843.3,305.2,-51.8,-4.8,,,,
89.434,9,Atta_9,1800.5,1187.6,2.4,-38.1,2.5,,,,
89.434,10,Atta_10,1680.0,213.0,309.5,35.2,5.2,,,,
89.501,1,Atta_1,2108.1,1524.5,359.0,88.0,-1.1,,,,
89.501,2,Atta_2,3411.7,2113.7,19.7,69.9,0.1,,,,
89.501,3,Atta_3,1842.7,2117.8,289.9,-31.7,-3.1,,,,
89.501,4,Atta_4,2906.0,526.3,17.2,19.6,1.2,,,,
89.501,5,Atta_5,1987.6,313.7,21.7,48.4,5.9,,,,
89.501,6,Atta_6,3195.3,2122.9,275.9,54.2,3.2,,,,
89.501,7,Atta_7,2383.7,782.2,16.7,93.4,-4.8,,,,
89.501,8,Atta_8,2786.3,1793.1,301.4,63.3,-3.8,,,,
89.501,9,Atta_9,1856.5,1200.5,5.0,57.5,2.6,,,,
89.501,10,Atta_10,1690.6,216.8,306.8,11.3,-2.7,,,,
89.556,1,Atta_1,2056.6,1480.5,0.1,-67.7,1.1,,,,
89.556,2,Atta_2,3388.2,2173.4,20.4,-64.2,0.7,,,,
89.556,3,Atta_3,1864.5,2105.1,290.5,25.2,0.6,,,,
89.556,4,Atta_4,2901.8,490.6,18.8,-35.9,1.6,,,,
89.556,5,Atta_5,1954.2,289.4,21.6,-41.3,-0.1,,,,
89.556,6,Atta_6,3196.6,2009.7,271.4,113.2,-4.5,,,,
89.556,7,Atta_7,2345.6,804.4,15.5,-44.1,-1.2,,,,
89.556,8,Atta_8,2844.5,1798.7,295.7,58.5,-5.7,,,,
89.556,9,Atta_9,1823.2,1267.3,9.6,-74.6,4.6,,,,
89.556,10,Atta_10,1772.7,169.7,304.5,94.7,-2.3,,,,
89.625,1,Atta_1,2047.2,1544.7,356.1,-64.9,-4.0,,,,
89.625,2,Atta_2,3398.4,2165.6,20.0,12.8,-0.4,,,,
89.625,3,Atta_3,1901.4,2094.4,299.8,38.4,9.3,,,,
89.625,4,Atta_4,2971.2,496.3,19.2,69.6,0.4,,,,
89.625,5,Atta_5,1926.3,269.2,20.1,-34.4,-1.5,,,,
89.625,6,Atta_6,3150.7,2078.8,271.3,-83.0,-0.1,,,,
89.625,7,Atta_7,2403.2,754.9,17.1,75.9,1.6,,,,
89.625,8,Atta_8,2933.9,1791.0,294.2,89.7,-1.5,,,,
89.625,9,Atta_9,1818.6,1176.9,12.5,-90.5,2.9,,,,
89.625,10,Atta_10,1681.2,189.5,308.1,-93.6,3.6,,,,
89.69,1,Atta_1,2107.1,1505.9,3.5,71.4,7.4,,,,
89.69,2,Atta_2,3430.5,2099.7,20.6,73.3,0.6,,,,
89.69,3,Atta_3,1898.8,2099.7,303.1,-5.9,3.3,,,,
89.69,4,Atta_4,2944.3,587.5,20.2,95.1,1.0,,,,
89.69,5,Atta_5,1891.9,293.3,25.6,-42.0,5.5,,,,
89.69,6,Atta_6,3175.5,2096.3,274.6,-30.4,3.3,,,,
89.69,7,Atta_7,2342.2,764.8,16.9,-61.8,-0.2,,,,
89.69,8,Atta_8,2864.9,1757.6,291.7,76.7,-2.5,,,,
89.69,9,Atta_9,1833.6,1167.2,18.3,17.9,5.8,,,,
89.69,10,Atta_10,1744.4,210.0,313.1,66.4,5.0,,,,
89.759,1,Atta_1,2164.2,1554.2,2.8,74.8,-0.7,,,,
89.759,2,Atta_2,3428.4,2111.1,17.2,11.6,-3.4,,,,
89.759,3,Atta_3,1906.3,2157.3,303.4,-58.1,0.3,,,,
89.759,4,Atta_4,2943.4,521.3,22.3,-66.2,2.1,,,,
89.759,5,Atta_5,1900.7,277.9,20.6,17.7,-5.0,,,,
89.759,6,Atta_6,3187.7,2062.9,275.0,35.6,0.4,,,,
89.759,7,Atta_7,2359.0,827.2,17.6,64.6,0.7,,,,
89.759,8,Atta_8,2861.3,1737.7,289.3,20.2,-2.4,,,,
89.759,9,Atta_9,1838.8,1166.3,24.3,5.3,6.0,,,,
89.759,10,Atta_10,1637.5,150.5,321.4,-122.3,8.3,,,,
89.825,1,Atta_1,2084.7,1501.9,1.2,-95.2,-1.6,,,,
89.825,2,Atta_2,3443.3,2212.4,16.7,102.4,-0.5,,,,
89.825,3,Atta_3,1821.8,2116.9,311.8,-93.7,8.4,,,,
89.825,4,Atta_4,2987.0,458.1,21.3,76.8,-1.0,,,,
89.825,5,Atta_5,2009.6,299.6,19.3,111.0,-1.3,,,,
89.825,6,Atta_6,3156.8,2086.4,276.7,-38.8,1.7,,,,
89.825,7,Atta_7,2364.3,819.3,14.9,9.5,-2.7,,,,
89.825,8,Atta_8,2873.6,1723.8,280.7,18.6,-8.6,,,,
89.825,9,Atta_9,1811.4,1194.1,25.1,-39.0,0.8,,,,
89.825,10,Atta_10,1719.5,177.6,324.9,86.4,3.5,,,,
89.894,1,Atta_1,2148.3,1503.2,1.2,63.6,0.0,,,,
89.894,2,Atta_2,3479.2,2160.5,17.5,63.1,0.8,,,,
89.894,3,Atta_3,1828.5,2115.2,314.9,6.9,3.1,,,,
89.894,4,Atta_4,2975.6,528.7,22.6,71.5,1.3,,,,
89.894,5,Atta_5,1904.2,325.5,17.5,-108.5,-1.8,,,,
89.894,6,Atta_6,3210.0,2070.9,274.2,55.4,-2.5,,,,
89.894,7,Atta_7,2359.8,817.1,18.5,-5.0,3.6,,,,
89.894,8,Atta_8,2855.2,1752.0,273.3,-33.7,-7.4,,,,
89.894,9,Atta_9,1741.6,1177.7,32.9,-71.7,7.8,,,,
89.894,10,Atta_10,1684.6,181.4,328.5,-35.1,3.6,,,,
89.96,1,Atta_1,2209.2,1545.4,0.8,74.1,-0.4,,,,
89.96,2,Atta_2,3495.0,2149.6,15.2,19.2,-2.3,,,,
89.96,3,Atta_3,1870.8,2087.4,319.9,50.6,5.0,,,,
89.96,4,Atta_4,3017.0,529.4,17.5,41.4,-5.1,,,,
89.96,5,Atta_5,1910.3,355.7,18.7,30.8,1.2,,,,
89.96,6,Atta_6,3167.8,2103.2,279.5,-53.1,5.3,,,,
89.96,7,Atta_7,2447.8,773.3,15.8,98.3,-2.7,,,,
89.96,8,Atta_8,2841.2,1837.4,275.0,-86.5,1.7,,,,
89.96,9,Atta_9,1842.2,1228.3,38.8,112.6,5.9,,,,
89.96,10,Atta_10,1747.3,234.1,329.0,81.9,0.5,,,,
90.026,1,Atta_1,2152.1,1561.6,1.2,-59.4,0.4,,,,
90.026,2,Atta_2,3450.1,2183.2,12.6,-56.1,-2.6,,,,
90.026,3,Atta_3,1815.9,2121.5,321.4,-64.6,1.5,,,,
90.026,4,Atta_4,3038.1,503.7,20.9,33.3,3.4,,,,
90.026,5,Atta_5,1976.5,335.3,20.8,69.3,2.1,,,,
90.026,6,Atta_6,3192.0,2090.6,275.3,27.3,-4.2,,,,
90.026,7,Atta_7,2449.0,851.8,16.1,78.5,0.3,,,,
90.026,8,Atta_8,2861.5,1800.5,264.9,42.1,-10.1,,,,
90.026,9,Atta_9,1799.3,1213.0,37.3,-45.5,-1.5,,,,
90.026,10,Atta_10,1649.9,191.7,338.9,-106.2,9.9,,,,
90.092,1,Atta_1,2182.7,1555.7,3.0,31.2,1.8,,,,
90.092,2,Atta_2,3433.5,2146.0,4.8,-40.7,-7.8,,,,
90.092,3,Atta_3,1819.2,2130.7,329.0,-9.8,7.6,,,,
90.092,4,Atta_4,3019.4,491.4,19.1,-22.4,-1.8,,,,
90.092,5,Atta_5,1997.4,308.3,16.2,34.1,-4.6,,,,
90.092,6,Atta_6,3194.2,2075.8,276.2,15.0,0.9,,,,
90.092,7,Atta_7,2513.6,725.0,16.3,142.3,0.2,,,,
90.092,8,Atta_8,2815.8,1801.0,263.0,45.7,-1.9,,,,
90.092,9,Atta_9,1796.2,1272.1,46.7,59.2,9.4,,,,
90.092,10,Atta_10,1695.4,235.1,341.1,62.9,2.2,,,,
90.157,1,Atta_1,2126.7,1531.6,5.3,-61.0,2.3,,,,
90.157,2,Atta_2,3401.8,2118.8,3.6,-41.8,-1.2,,,,
90.157,3,Atta_3,1833.8,2064.5,333.3,67.8,4.3,,,,
90.157,4,Atta_4,2990.7,557.9,21.5,-72.4,2.4,,,,
90.157,5,Atta_5,2016.5,332.2,18.8,30.6,2.6,,,,
90.157,6,Atta_6,3159.2,2087.4,271.1,-36.9,-5.1,,,,
90.157,7,Atta_7,2413.3,810.7,15.1,-131.9,-1.2,,,,
90.157,8,Atta_8,2803.6,1781.8,256.8,22.7,-6.2,,,,
90.157,9,Atta_9,1808.6,1170.1,47.7,-102.8,1.0,,,,
90.157,10,Atta_10,1703.8,200.4,343.9,35.7,2.8,,,,
90.294,1,Atta_1,2172.5,1521.4,358.0,46.9,-7.3,,,,
90.294,2,Atta_2,3435.1,2119.7,356.2,33.3,-7.4,,,,
90.294,3,Atta_3,1864.6,2127.9,335.5,-70.5,2.2,,,,
90.294,4,Atta_4,3036.2,562.2,20.5,45.7,-1.0,,,,
90.294,5,Atta_5,1988.4,304.0,21.7,-39.8,2.9,,,,
90.294,6,Atta_6,3106.6,2039.2,274.0,71.3,2.9,,,,
90.294,7,Atta_7,2470.7,863.6,15.9,78.1,0.8,,,,
90.294,8,Atta_8,2838.2,1742.5,252.8,52.4,-4.0,,,,
90.294,9,Atta_9,1807.3,1199.1,53.5,29.0,5.8,,,,
90.294,10,Atta_10,1684.3,227.8,348.2,-33.6,4.3,,,,
90.36,1,Atta_1,2212.5,1500.4,4.1,45.2,6.1,,,,
90.36,2,Atta_2,3443.6,2146.9,353.3,28.5,-2.9,,,,
90.36,3,Atta_3,1821.9,2127.6,341.9,-42.7,6.4,,,,
90.36,4,Atta_4,3027.2,536.4,21.0,-27.3,0.5,,,,
90.36,5,Atta_5,2012.0,365.1,17.7,65.5,-4.0,,,,
90.36,6,Atta_6,3200.1,2040.8,271.9,93.5,-2.1,,,,
90.36,7,Atta_7,2474.0,874.9,17.4,11.8,1.5,,,,
90.36,8,Atta_8,2872.2,1787.1,251.1,-56.1,-1.7,,,,
90.36,9,Atta_9,1842.4,1215.7,57.6,38.8,4.1,,,,
90.36,10,Atta_10,1756.1,245.4,354.0,73.9,5.8,,,,
90.429,1,Atta_1,2268.2,1550.5,357.8,74.9,-6.3,,,,
90.429,2,Atta_2,3425.1,2153.2,340.6,-19.5,-12.7,,,,
90.429,3,Atta_3,1841.0,2060.5,352.0,69.8,10.1,,,,
90.429,4,Atta_4,3064.2,586.9,18.9,62.6,-2.1,,,,
90.429,5,Atta_5,2039.1,357.7,20.7,28.1,3.0,,,,
90.429,6,Atta_6,3127.1,2055.2,273.5,-74.4,1.6,,,,
90.429,7,Atta_7,2494.4,851.3,18.7,31.2,1.3,,,,
90.429,8,Atta_8,2888.9,1775.1,239.1,20.6,-12.0,,,,
90.429,9,Atta_9,1841.0,1139.6,56.4,-76.1,-1.2,,,,
90.429,10,Atta_10,1747.4,193.8,2.9,-52.3,8.9,,,,
90.5,1,Atta_1,2246.0,1510.2,359.6,-46.0,1.8,,,,
90.5,2,Atta_2,3486.7,2133.2,337.4,64.8,-3.2,,,,
90.5,3,Atta_3,1847.3,2149.8,353.3,-89.5,1.3,,,,
90.5,4,Atta_4,3068.6,586.2,21.2,4.5,2.3,,,,
90.5,5,Atta_5,2091.4,298.9,18.7,78.7,-2.0,,,,
90.5,6,Atta_6,3175.7,2092.8,274.8,-61.4,1.3,,,,
90.5,7,Atta_7,2483.4,825.9,15.4,-27.7,-3.3,,,,
90.5,8,Atta_8,2815.1,1778.7,237.8,73.9,-1.3,,,,
90.5,9,Atta_9,1846.6,1171.2,56.8,32.1,0.4,,,,
90.5,10,Atta_10,1768.5,192.5,9.1,21.1,6.2,,,,
90.57,1,Atta_1,2250.5,1532.9,2.2,23.1,2.6,,,,
90.57,2,Atta_2,3407.0,2141.3,333.4,-80.1,-4.0,,,,
90.57,3,Atta_3,1917.5,2088.1,358.6,93.5,5.3,,,,
90.57,4,Atta_4,3081.0,521.8,22.3,-65.6,1.1,,,,
90.57,5,Atta_5,2074.1,390.1,22.5,92.8,3.8,,,,
90.57,6,Atta_6,3157.8,2067.0,272.6,31.4,-2.2,,,,
90.57,7,Atta_7,2512.0,829.4,15.3,28.8,-0.1,,,,
90.57,8,Atta_8,2836.6,1771.9,230.0,-22.5,-7.8,,,,
90.57,9,Atta_9,1776.8,1141.9,54.4,-75.7,-2.4,,,,
90.57,10,Atta_10,1756.3,170.2,8.7,-25.4,-0.4,,,,
90.692,1,Atta_1,2268.9,1537.7,5.6,19.0,3.4,,,,
90.692,2,Atta_2,3437.7,2145.2,329.9,30.9,-3.5,,,,
90.692,3,Atta_3,1821.3,2094.2,358.2,-96.4,-0.4,,,,
90.692,4,Atta_4,3103.9,568.3,16.9,51.8,-5.4,,,,
90.692,5,Atta_5,2084.7,378.3,22.6,15.9,0.1,,,,
90.692,6,Atta_6,3184.9,2063.8,275.3,27.3,2.7,,,,
90.692,7,Atta_7,2519.9,848.3,15.0,20.5,-0.3,,,,
90.692,8,Atta_8,2843.1,1773.4,226.8,-6.7,-3.2,,,,
90.692,9,Atta_9,1852.5,1225.8,57.8,113.0,3.4,,,,
90.692,10,Atta_10,1705.5,217.4,7.6,-69.3,-1.1,,,,
90.762,1,Atta_1,2282.1,1502.5,1.0,37.6,-4.6,,,,
90.762,2,Atta_2,3416.3,2124.6,323.0,-29.7,-6.9,,,,
90.762,3,Atta_3,1826.7,2144.3,358.2,50.4,0.0,,,,
90.762,4,Atta_4,3120.3,526.6,17.5,44.8,0.6,,,,
90.762,5,Atta_5,2089.9,276.9,24.1,-101.5,1.5,,,,
90.762,6,Atta_6,3168.0,2097.8,272.9,-38.0,-2.4,,,,
90.762,7,Atta_7,2555.1,796.3,15.3,62.8,0.3,,,,
90.762,8,Atta_8,2832.8,1765.5,226.2,13.0,-0.6,,,,
90.762,9,Atta_9,1801.6,1144.2,59.4,-96.2,1.6,,,,
90.762,10,Atta_10,1711.3,239.6,8.3,22.9,0.7,,,,
90.831,1,Atta_1,2244.9,1510.7,5.0,-38.1,4.0,,,,
90.831,2,Atta_2,3386.6,2174.6,318.6,-58.2,-4.4,,,,
90.831,3,Atta_3,1871.3,2151.0,356.8,45.1,-1.4,,,,
90.831,4,Atta_4,3127.5,614.4,21.0,88.1,3.5,,,,
90.831,5,Atta_5,2086.7,346.1,22.7,69.3,-1.4,,,,
90.831,6,Atta_6,3165.7,2040.8,274.9,57.0,2.0,,,,
90.831,7,Atta_7,2507.7,823.3,18.6,-54.6,3.3,,,,
90.831,8,Atta_8,2881.3,1754.4,225.3,-49.8,-0.9,,,,
90.831,9,Atta_9,1866.3,1262.6,57.6,134.9,-1.8,,,,
90.831,10,Atta_10,1681.2,219.0,8.3,-36.5,0.0,,,,
90.96,1,Atta_1,2297.5,1536.5,5.8,58.6,0.8,,,,
90.96,2,Atta_2,3477.8,2099.0,312.1,118.5,-6.5,,,,
90.96,3,Atta_3,1873.0,2142.2,355.9,9.0,-0.9,,,,
90.96,4,Atta_4,3141.0,579.1,17.0,-37.8,-4.0,,,,
90.96,5,Atta_5,2097.3,342.9,18.0,11.1,-4.7,,,,
90.96,6,Atta_6,3146.6,2034.1,275.1,20.2,0.2,,,,
90.96,7,Atta_7,2564.3,838.0,18.4,58.5,-0.2,,,,
90.96,8,Atta_8,2888.0,1791.2,226.0,-37.4,0.7,,,,
90.96,9,Atta_9,1828.2,1294.0,56.1,49.4,-1.5,,,,
90.96,10,Atta_10,1710.5,291.5,6.3,78.2,-2.0,,,,
91.029,1,Atta_1,2308.3,1555.8,3.3,22.1,-2.5,,,,
91.029,2,Atta_2,3442.8,2155.9,303.5,-66.8,-8.6,,,,
91.029,3,Atta_3,1901.5,2123.6,357.1,34.0,1.2,,,,
91.029,4,Atta_4,3105.6,553.5,18.2,-43.7,1.2,,,,
91.029,5,Atta_5,2103.3,370.7,20.6,28.4,2.6,,,,
91.029,6,Atta_6,3202.1,2073.5,277.8,-68.1,2.7,,,,
91.029,7,Atta_7,2561.2,857.9,15.1,20.1,-3.3,,,,
91.029,8,Atta_8,2821.4,1784.9,226.6,66.9,0.6,,,,
91.029,9,Atta_9,1861.5,1274.8,55.3,38.4,-0.8,,,,
91.029,10,Atta_10,1787.8,185.2,12.7,131.4,6.4,,,,
91.149,1,Atta_1,2316.2,1546.4,4.1,12.3,0.8,,,,
91.149,2,Atta_2,3478.4,2167.8,293.8,37.5,-9.7,,,,
91.149,3,Atta_3,1951.3,2123.8,354.5,49.8,-2.6,,,,
91.149,4,Atta_4,3153.0,621.6,19.5,83.0,1.3,,,,
91.149,5,Atta_5,2108.6,326.7,20.6,-44.3,0.0,,,,
91.149,6,Atta_6,3200.4,2044.8,274.9,28.8,-2.9,,,,
91.149,7,Atta_7,2605.1,832.4,15.2,50.8,0.1,,,,
91.149,8,Atta_8,2827.5,1708.1,226.2,77.0,-0.4,,,,
91.149,9,Atta_9,1899.6,1301.1,55.2,46.3,-0.1,,,,
91.149,10,Atta_10,1779.6,190.4,4.5,-9.7,-8.2,,,,
91.216,1,Atta_1,2408.5,1522.6,4.7,95.3,0.6,,,,
91.216,2,Atta_2,3439.7,2149.3,295.6,42.9,1.8,,,,
91.216,3,Atta_3,1864.1,2104.2,355.3,-89.4,0.8,,,,
91.216,4,Atta_4,3169.7,615.2,20.4,17.9,0.9,,,,
91.216,5,Atta_5,2188.6,381.8,20.1,97.1,-0.5,,,,
91.216,6,Atta_6,3172.9,2082.2,277.0,-46.4,2.1,,,,
91.216,7,Atta_7,2579.8,893.3,17.7,-65.9,2.5,,,,
91.216,8,Atta_8,2836.2,1728.9,225.5,-22.5,-0.7,,,,
91.216,9,Atta_9,1894.2,1274.9,57.3,-26.8,2.1,,,,
91.216,10,Atta_10,1753.9,186.4,9.2,-26.0,4.7,,,,
91.286,1,Atta_1,2292.6,1545.1,2.4,-118.1,-2.3,,,,
91.286,2,Atta_2,3427.8,2205.3,287.1,-57.3,-8.5,,,,
91.286,3,Atta_3,1890.3,2100.0,356.4,26.5,1.1,,,,
91.286,4,Atta_4,3188.5,585.0,21.6,35.6,1.2,,,,
91.286,5,Atta_5,2144.7,361.9,20.5,-48.2,0.4,,,,
91.286,6,Atta_6,3197.1,2102.4,276.2,-31.5,-0.8,,,,
91.286,7,Atta_7,2606.5,803.1,17.3,-94.1,-0.4,,,,
91.286,8,Atta_8,2801.9,1807.0,225.1,-85.3,-0.4,,,,
91.286,9,Atta_9,1857.5,1310.0,58.5,50.8,1.2,,,,
91.286,10,Atta_10,1771.0,261.4,4.0,76.9,-5.2,,,,
91.339,1,Atta_1,2384.9,1551.7,356.0,92.5,-6.4,,,,
91.339,2,Atta_2,3471.1,2175.8,285.8,52.4,-1.3,,,,
91.339,3,Atta_3,1892.0,2066.7,354.7,33.3,-1.7,,,,
91.339,4,Atta_4,3171.3,545.5,20.5,-43.1,-1.1,,,,
91.339,5,Atta_5,2215.3,433.0,19.0,100.2,-1.5,,,,
91.339,6,Atta_6,3188.0,2057.8,277.7,45.5,1.5,,,,
91.339,7,Atta_7,2646.9,792.7,18.8,41.7,1.5,,,,
91.339,8,Atta_8,2791.3,1731.8,230.9,75.9,5.8,,,,
91.339,9,Atta_9,1836.1,1313.0,57.3,-21.6,-1.2,,,,
91.339,10,Atta_10,1811.9,245.0,5.1,44.1,1.1,,,,
91.408,1,Atta_1,2319.1,1507.1,358.7,-79.5,2.7,,,,
91.408,2,Atta_2,3437.7,2158.1,281.0,37.8,-4.8,,,,
91.408,3,Atta_3,1929.3,2087.3,1.4,42.6,6.7,,,,
91.408,4,Atta_4,3217.6,553.3,22.8,47.0,2.3,,,,
91.408,5,Atta_5,2169.0,367.5,19.5,-80.2,0.5,,,,
91.408,6,Atta_6,3168.5,2040.8,274.3,25.9,-3.4,,,,
91.408,7,Atta_7,2694.9,860.8,14.9,83.3,-3.9,,,,
91.408,8,Atta_8,2786.5,1698.1,227.5,34.0,-3.4,,,,
91.408,9,Atta_9,1858.6,1289.7,53.1,-32.4,-4.2,,,,
91.408,10,Atta_10,1780.7,159.6,9.0,-90.9,3.9,,,,
91.462,1,Atta_1,2321.9,1520.3,355.5,13.5,-3.2,,,,
91.462,2,Atta_2,3473.2,2166.5,279.7,-36.5,-1.3,,,,
91.462,3,Atta_3,1956.8,2000.2,359.2,91.3,-2.2,,,,
91.462,4,Atta_4,3266.1,649.7,22.8,107.9,0.0,,,,
91.462,5,Atta_5,2165.8,397.3,21.4,30.0,1.9,,,,
91.462,6,Atta_6,3154.4,2013.6,272.8,30.6,-1.5,,,,
91.462,7,Atta_7,2615.9,871.9,13.4,-79.8,-1.5,,,,
91.462,8,Atta_8,2846.4,1725.5,227.7,-65.9,0.2,,,,
91.462,9,Atta_9,1876.4,1291.9,48.9,17.9,-4.2,,,,
91.462,10,Atta_10,1816.7,219.2,5.7,69.6,-3.3,,,,
91.532,1,Atta_1,2332.0,1528.4,358.8,12.9,3.3,,,,
91.532,2,Atta_2,3429.6,2154.4,276.9,45.2,-2.8,,,,
91.532,3,Atta_3,1959.6,2115.7,351.7,115.5,-7.5,,,,
91.532,4,Atta_4,3260.6,638.8,19.6,-12.2,-3.2,,,,
91.532,5,Atta_5,2178.7,390.3,19.2,14.7,-2.2,,,,
91.532,6,Atta_6,3147.8,2079.9,273.7,-66.6,0.9,,,,
91.532,7,Atta_7,2677.8,823.9,13.9,78.3,0.5,,,,
91.532,8,Atta_8,2839.3,1699.7,227.3,26.8,-0.4,,,,
91.532,9,Atta_9,1914.1,1287.8,43.8,37.9,-5.1,,,,
91.532,10,Atta_10,1780.4,189.9,7.2,-46.6,1.5,,,,
91.598,1,Atta_1,2368.0,1524.8,352.8,36.2,-6.0,,,,
91.598,2,Atta_2,3441.9,2139.5,282.0,19.3,5.1,,,,
91.598,3,Atta_3,2012.1,2141.2,350.9,58.4,-0.8,,,,
91.598,4,Atta_4,3249.2,615.5,14.2,-25.9,-5.4,,,,
91.598,5,Atta_5,2254.7,352.4,22.5,84.9,3.3,,,,
91.598,6,Atta_6,3172.6,2075.1,277.3,25.3,3.6,,,,
91.598,7,Atta_7,2672.3,887.3,16.8,63.6,2.9,,,,
91.598,8,Atta_8,2810.9,1742.2,225.8,-51.1,-1.5,,,,
91.598,9,Atta_9,1825.8,1300.4,41.2,-89.2,-2.6,,,,
91.598,10,Atta_10,1846.2,206.1,5.5,67.8,-1.7,,,,
91.666,1,Atta_1,2351.4,1524.5,358.2,-16.6,5.4,,,,
91.666,2,Atta_2,3449.3,2149.4,279.7,-12.4,-2.3,,,,
91.666,3,Atta_3,1981.4,2071.3,354.7,-76.3,3.8,,,,
91.666,4,Atta_4,3225.5,580.3,13.1,-42.4,-1.1,,,,
91.666,5,Atta_5,2287.6,454.6,20.6,107.4,-1.9,,,,
91.666,6,Atta_6,3149.3,2043.1,274.7,39.6,-2.6,,,,
91.666,7,Atta_7,2662.0,848.1,12.5,-40.5,-4.3,,,,
91.666,8,Atta_8,2789.3,1756.7,229.3,26.0,3.5,,,,
91.666,9,Atta_9,1881.1,1369.0,39.7,88.1,-1.5,,,,
91.666,10,Atta_10,1824.8,193.4,7.1,-24.9,1.6,,,,
91.735,1,Atta_1,2343.0,1529.3,356.6,-9.7,-1.6,,,,
91.735,2,Atta_2,3435.2,2161.5,279.9,-18.6,0.2,,,,
91.735,3,Atta_3,2009.1,2074.0,354.7,27.8,0.0,,,,
91.735,4,Atta_4,3196.1,626.0,7.4,-54.3,-5.7,,,,
91.735,5,Atta_5,2250.4,424.5,21.0,-47.9,0.4,,,,
91.735,6,Atta_6,3143.7,2047.2,277.4,-6.9,2.7,,,,
91.735,7,Atta_7,2654.2,892.0,15.6,44.6,3.1,,,,
91.735,8,Atta_8,2712.8,1745.7,231.1,77.3,1.8,,,,
91.735,9,Atta_9,1891.3,1313.0,31.7,-56.9,-8.0,,,,
91.735,10,Atta_10,1839.7,154.1,9.0,42.0,1.9,,,,
91.804,1,Atta_1,2344.1,1566.1,355.1,-36.8,-1.5,,,,
91.804,2,Atta_2,3387.8,2160.4,279.5,-47.4,-0.4,,,,
91.804,3,Atta_3,2043.2,2114.1,355.7,52.6,1.0,,,,
91.804,4,Atta_4,3240.4,597.7,4.8,52.6,-2.6,,,,
91.804,5,Atta_5,2288.8,388.9,21.3,52.4,0.3,,,,
91.804,6,Atta_6,3174.9,2051.7,271.3,-31.5,-6.1,,,,
91.804,7,Atta_7,2633.4,843.4,14.9,-52.9,-0.7,,,,
91.804,8,Atta_8,2757.7,1690.1,225.7,71.5,-5.4,,,,
91.804,9,Atta_9,1879.1,1333.6,27.6,23.9,-4.1,,,,
91.804,10,Atta_10,1866.1,291.7,7.7,140.1,-1.3,,,,
91.87,1,Atta_1,2369.8,1497.9,356.5,72.9,1.4,,,,
91.87,2,Atta_2,3449.2,2121.5,277.5,72.7,-2.0,,,,
91.87,3,Atta_3,1998.9,2071.8,358.3,-61.3,2.6,,,,
91.87,4,Atta_4,3228.1,569.5,356.6,-30.8,-8.2,,,,
91.87,5,Atta_5,2223.5,398.7,17.9,-66.0,-3.4,,,,
91.87,6,Atta_6,3149.3,2058.4,275.8,-26.5,4.5,,,,
91.87,7,Atta_7,2729.6,848.7,22.7,96.3,7.8,,,,
91.87,8,Atta_8,2797.1,1692.5,228.2,-39.5,2.5,,,,
91.87,9,Atta_9,1814.5,1283.9,24.6,-81.5,-3.0,,,,
91.87,10,Atta_10,1891.6,195.4,7.7,99.6,0.0,,,,
91.936,1,Atta_1,2378.6,1469.6,359.1,29.6,2.6,,,,
91.936,2,Atta_2,3457.0,2188.2,279.9,-67.2,2.4,,,,
91.936,3,Atta_3,2079.9,2057.8,355.4,82.2,-2.9,,,,
91.936,4,Atta_4,3232.8,576.2,353.6,8.2,-3.0,,,,
91.936,5,Atta_5,2283.0,382.1,22.5,61.8,4.6,,,,
91.936,6,Atta_6,3209.9,2140.8,276.9,-102.3,1.1,,,,
91.936,7,Atta_7,2664.7,915.0,13.7,-92.8,-9.0,,,,
91.936,8,Atta_8,2773.5,1680.1,229.2,26.7,1.0,,,,
91.936,9,Atta_9,1912.4,1278.6,16.2,98.0,-8.4,,,,
91.936,10,Atta_10,1908.0,187.6,10.0,18.2,2.3,,,,
92.002,1,Atta_1,2426.8,1523.2,356.8,72.1,-2.3,,,,
92.002,2,Atta_2,3474.2,2107.2,282.4,82.8,2.5,,,,
92.002,3,Atta_3,2058.1,2074.6,357.0,-27.5,1.6,,,,
92.002,4,Atta_4,3242.3,661.6,353.6,-85.9,0.0,,,,
92.002,5,Atta_5,2325.5,382.0,21.3,42.5,-1.2,,,,
92.002,6,Atta_6,3220.0,2141.7,276.5,10.1,-0.4,,,,
92.002,7,Atta_7,2664.9,893.0,18.0,-22.0,4.3,,,,
92.002,8,Atta_8,2761.4,1721.6,228.2,-43.2,-1.0,,,,
92.002,9,Atta_9,1907.1,1341.4,12.8,63.0,-3.4,,,,
92.002,10,Atta_10,1885.6,249.5,7.4,-65.8,-2.6,,,,
92.071,1,Atta_1,2380.7,1554.1,355.9,-55.5,-0.9,,,,
92.071,2,Atta_2,3409.5,2130.3,276.2,-68.7,-6.2,,,,
92.071,3,Atta_3,2011.0,2130.5,356.8,-73.1,-0.2,,,,
92.071,4,Atta_4,3199.3,614.8,343.0,-63.6,-10.6,,,,
92.071,5,Atta_5,2292.9,424.9,19.1,-53.9,-2.2,,,,
92.071,6,Atta_6,3207.9,2071.4,273.2,71.3,-3.3,,,,
92.071,7,Atta_7,2680.8,876.4,19.7,23.0,1.7,,,,
92.071,8,Atta_8,2814.0,1646.1,225.0,92.0,-3.2,,,,
92.071,9,Atta_9,1900.8,1295.6,12.0,-46.2,-0.8,,,,
92.071,10,Atta_10,1923.4,255.3,9.2,38.2,1.8,,,,
92.14,1,Atta_1,2452.2,1523.4,354.8,77.8,-1.1,,,,
92.14,2,Atta_2,3422.2,2086.4,278.6,45.7,2.4,,,,
92.14,3,Atta_3,2078.8,2098.1,355.5,75.1,-1.3,,,,
92.14,4,Atta_4,3223.2,642.0,341.8,36.2,-1.2,,,,
92.14,5,Atta_5,2298.8,401.7,21.9,-23.9,2.8,,,,
92.14,6,Atta_6,3227.7,2088.5,272.7,-26.2,-0.5,,,,
92.14,7,Atta_7,2697.7,900.5,12.8,29.4,-6.9,,,,
92.14,8,Atta_8,2734.0,1702.5,227.0,97.9,2.0,,,,
92.14,9,Atta_9,1869.0,1319.1,3.1,-39.5,-8.9,,,,
92.14,10,Atta_10,1959.1,186.1,12.6,77.9,3.4,,,,
92.206,1,Atta_1,2440.7,1500.4,356.0,-25.7,1.2,,,,
92.206,2,Atta_2,3426.2,2034.7,280.5,51.9,1.9,,,,
92.206,3,Atta_3,2076.6,2041.5,358.8,56.6,3.3,,,,
92.206,4,Atta_4,3222.8,637.9,331.2,4.1,-10.6,,,,
92.206,5,Atta_5,2357.4,414.6,19.7,60.0,-2.2,,,,
92.206,6,Atta_6,3120.4,2094.9,278.2,-107.5,5.5,,,,
92.206,7,Atta_7,2660.5,906.6,16.1,-37.7,3.3,,,,
92.206,8,Atta_8,2813.7,1666.6,226.2,-87.4,-0.8,,,,
92.206,9,Atta_9,1824.4,1300.4,357.2,-48.4,-5.9,,,,
92.206,10,Atta_10,1963.9,265.8,8.4,79.8,-4.2,,,,
92.272,1,Atta_1,2456.8,1489.8,356.1,19.3,0.1,,,,
92.272,2,Atta_2,3476.1,2013.7,280.7,54.1,0.2,,,,
92.272,3,Atta_3,2075.5,2113.0,355.6,-71.5,-3.2,,,,
92.272,4,Atta_4,3242.6,588.2,331.4,53.5,0.2,,,,
92.272,5,Atta_5,2343.9,460.0,16.5,47.4,-3.2,,,,
92.272,6,Atta_6,3190.9,2041.9,271.2,88.2,-7.0,,,,
92.272,7,Atta_7,2741.4,894.1,14.2,81.9,-1.9,,,,
92.272,8,Atta_8,2779.8,1712.8,229.6,-57.3,3.4,,,,
92.272,9,Atta_9,1903.6,1280.0,354.8,81.8,-2.4,,,,
92.272,10,Atta_10,1956.3,237.3,7.8,-29.5,-0.6,,,,
92.338,1,Atta_1,2422.1,1469.9,354.5,-40.0,-1.6,,,,
92.338,2,Atta_2,3430.9,2054.9,279.2,-61.2,-1.5,,,,
92.338,3,Atta_3,2131.3,2047.3,357.8,86.2,2.2,,,,
92.338,4,Atta_4,3268.1,665.9,326.5,-81.8,-4.9,,,,
92.338,5,Atta_5,2345.7,419.6,19.2,-40.4,2.7,,,,
92.338,6,Atta_6,3124.2,2067.7,276.0,-71.5,4.8,,,,
92.338,7,Atta_7,2767.4,874.5,11.2,32.6,-3.0,,,,
92.338,8,Atta_8,2805.5,1722.7,226.1,-27.5,-3.5,,,,
92.338,9,Atta_9,1898.2,1249.9,354.9,-30.6,0.1,,,,
92.338,10,Atta_10,1929.9,247.9,6.2,-28.4,-1.6,,,,
92.405,1,Atta_1,2464.6,1522.9,357.8,67.9,3.3,,,,
92.405,2,Atta_2,3407.8,2031.3,279.9,33.0,0.7,,,,
92.405,3,Atta_3,2105.8,2058.1,357.2,-27.7,-0.6,,,,
92.405,4,Atta_4,3186.3,647.9,321.5,-83.8,-5.0,,,,
92.405,5,Atta_5,2353.6,467.5,18.7,48.5,-0.5,,,,
92.405,6,Atta_6,3134.8,2038.4,275.8,31.2,-0.2,,,,
92.405,7,Atta_7,2740.8,918.0,12.6,-51.0,1.4,,,,
92.405,8,Atta_8,2805.6,1737.9,225.6,-15.2,-0.5,,,,
92.405,9,Atta_9,1891.8,1282.7,354.2,-33.4,-0.7,,,,
92.405,10,Atta_10,1932.2,202.9,7.9,-45.1,1.7,,,,
92.473,1,Atta_1,2496.2,1543.9,354.2,37.9,-3.6,,,,
92.473,2,Atta_2,3525.7,2084.1,278.7,-129.2,-1.2,,,,
92.473,3,Atta_3,2140.3,2114.7,354.1,66.3,-3.1,,,,
92.473,4,Atta_4,3242.0,621.1,313.5,61.8,-8.0,,,,
92.473,5,Atta_5,2334.4,422.2,22.5,-49.2,3.8,,,,
92.473,6,Atta_6,3195.7,2093.0,277.0,-81.8,1.2,,,,
92.473,7,Atta_7,2654.4,905.3,18.4,-87.3,5.8,,,,
92.473,8,Atta_8,2822.4,1756.2,230.6,-24.8,5.0,,,,
92.473,9,Atta_9,1934.9,1320.3,352.8,57.2,-1.4,,,,
92.473,10,Atta_10,1940.6,275.3,10.6,72.9,2.7,,,,
92.542,1,Atta_1,2468.4,1452.8,358.0,-95.2,3.8,,,,
92.542,2,Atta_2,3453.5,2067.1,278.6,74.2,-0.1,,,,
92.542,3,Atta_3,2173.0,2103.5,357.5,34.6,3.4,,,,
92.542,4,Atta_4,3234.4,607.6,314.2,15.5,0.7,,,,
92.542,5,Atta_5,2394.7,467.8,17.7,75.6,-4.8,,,,
92.542,6,Atta_6,3192.3,2060.5,271.1,32.7,-5.9,,,,
92.542,7,Atta_7,2695.4,876.9,23.7,49.9,5.3,,,,
92.542,8,Atta_8,2808.1,1685.0,229.4,72.6,-1.2,,,,
92.542,9,Atta_9,1845.3,1299.9,351.1,-91.9,-1.7,,,,
92.542,10,Atta_10,1948.8,240.7,6.8,35.6,-3.8,,,,
92.608,1,Atta_1,2548.9,1527.6,359.0,109.9,1.0,,,,
92.608,2,Atta_2,3436.5,2134.2,276.2,-69.2,-2.4,,,,
92.608,3,Atta_3,2120.3,2098.7,358.9,-52.9,1.4,,,,
92.608,4,Atta_4,3234.4,610.2,308.4,-2.6,-5.8,,,,
92.608,5,Atta_5,2379.2,459.8,19.8,-17.4,2.1,,,,
92.608,6,Atta_6,3176.9,2138.5,276.7,-79.5,5.6,,,,
92.608,7,Atta_7,2745.9,826.4,28.2,71.4,4.5,,,,
92.608,8,Atta_8,2808.6,1715.3,223.0,-30.3,-6.4,,,,
92.608,9,Atta_9,1875.6,1339.3,353.5,49.7,2.4,,,,
92.608,10,Atta_10,2022.2,261.9,8.4,76.4,1.6,,,,
92.673,1,Atta_1,2471.4,1532.7,0.3,-77.7,1.3,,,,
92.673,2,Atta_2,3450.7,2026.1,277.4,109.0,1.2,,,,
92.673,3,Atta_3,2171.2,2105.0,0.6,51.3,1.7,,,,
92.673,4,Atta_4,3210.0,618.3,301.7,-25.7,-6.7,,,,
92.673,5,Atta_5,2431.6,427.2,21.2,61.7,1.4,,,,
92.673,6,Atta_6,3162.2,2091.8,276.7,49.0,0.0,,,,
92.673,7,Atta_7,2754.8,820.5,33.4,10.7,5.2,,,,
92.673,8,Atta_8,2796.0,1658.7,226.0,58.0,3.0,,,,
92.673,9,Atta_9,1905.2,1335.7,355.3,29.8,1.8,,,,
92.673,10,Atta_10,2081.8,243.4,5.9,62.4,-2.5,,,,
92.742,1,Atta_1,2529.7,1545.2,357.7,59.6,-2.6,,,,
92.742,2,Atta_2,3427.5,2075.0,279.1,-54.1,1.7,,,,
92.742,3,Atta_3,2154.9,2094.2,358.8,-19.6,-1.8,,,,
92.742,4,Atta_4,3187.9,628.5,301.6,-24.3,-0.1,,,,
92.742,5,Atta_5,2378.9,489.7,21.9,-81.8,0.7,,,,
92.742,6,Atta_6,3197.1,2066.3,273.3,43.2,-3.4,,,,
92.742,7,Atta_7,2742.3,962.0,34.3,142.1,0.9,,,,
92.742,8,Atta_8,2780.7,1682.1,225.9,-28.0,-0.1,,,,
92.742,9,Atta_9,1859.8,1240.3,351.8,-105.7,-3.5,,,,
92.742,10,Atta_10,2023.7,207.9,6.4,-68.1,0.5,,,,
92.808,1,Atta_1,2560.0,1518.5,355.7,40.4,-2.0,,,,
92.808,2,Atta_2,3502.1,2072.7,273.4,74.6,-5.7,,,,
92.808,3,Atta_3,2207.3,2100.8,355.1,52.8,-3.7,,,,
92.808,4,Atta_4,3241.0,644.6,295.3,55.5,-6.3,,,,
92.808,5,Atta_5,2428.3,446.6,21.1,65.6,-0.8,,,,
92.808,6,Atta_6,3161.4,2069.7,275.8,-35.9,2.5,,,,
92.808,7,Atta_7,2766.3,919.9,37.5,-48.5,3.2,,,,
92.808,8,Atta_8,2734.5,1704.3,227.1,51.3,1.2,,,,
92.808,9,Atta_9,1892.3,1303.0,353.2,70.6,1.4,,,,
92.808,10,Atta_10,2033.2,261.8,7.2,54.7,0.8,,,,
92.938,1,Atta_1,2563.2,1573.5,354.7,-55.1,-1.0,,,,
92.938,2,Atta_2,3432.7,2028.6,278.7,82.2,5.3,,,,
92.938,3,Atta_3,2204.4,2059.9,355.4,41.0,0.3,,,,
92.938,4,Atta_4,3205.9,662.3,288.5,-39.3,-6.8,,,,
92.938,5,Atta_5,2416.8,497.3,19.8,52.0,-1.3,,,,
92.938,6,Atta_6,3168.1,2063.4,278.9,9.2,3.1,,,,
92.938,7,Atta_7,2768.8,971.7,49.4,51.9,11.9,,,,
92.938,8,Atta_8,2757.2,1695.1,226.4,-24.5,-0.7,,,,
92.938,9,Atta_9,1956.6,1291.5,358.1,65.3,4.9,,,,
92.938,10,Atta_10,2075.6,201.2,6.1,74.0,-1.1,,,,
93.008,1,Atta_1,2591.3,1494.9,357.4,83.5,2.7,,,,
93.008,2,Atta_2,3438.8,2023.3,275.5,8.1,-3.2,,,,
93.008,3,Atta_3,2215.2,2075.3,354.2,18.8,-1.2,,,,
93.008,4,Atta_4,3239.7,605.6,282.4,66.0,-6.1,,,,
93.008,5,Atta_5,2411.2,463.3,22.5,-34.5,2.7,,,,
93.008,6,Atta_6,3167.1,2081.3,278.2,-17.9,-0.7,,,,
93.008,7,Atta_7,2744.0,914.7,53.9,-62.2,4.5,,,,
93.008,8,Atta_8,2799.2,1712.8,228.0,-45.6,1.6,,,,
93.008,9,Atta_9,1932.1,1262.4,355.5,-38.0,-2.6,,,,
93.008,10,Atta_10,2019.7,263.4,6.6,-83.6,0.5,,,,
93.128,1,Atta_1,2528.0,1466.7,354.7,-69.3,-2.7,,,,
93.128,2,Atta_2,3444.0,2083.7,280.1,-60.6,4.6,,,,
93.128,3,Atta_3,2246.0,2123.1,0.8,56.9,6.6,,,,
93.128,4,Atta_4,3246.7,600.4,276.0,8.7,-6.4,,,,
93.128,5,Atta_5,2483.0,540.2,16.7,105.2,-5.8,,,,
93.128,6,Atta_6,3173.8,2065.8,278.0,16.9,-0.2,,,,
93.128,7,Atta_7,2783.5,856.8,56.0,-70.1,2.1,,,,
93.128,8,Atta_8,2784.4,1712.0,228.0,14.8,0.0,,,,
93.128,9,Atta_9,1998.0,1285.7,353.1,69.9,-2.4,,,,
93.128,10,Atta_10,2059.3,284.8,9.2,45.0,2.6,,,,
93.194,1,Atta_1,2558.6,1545.4,347.7,84.4,-7.0,,,,
93.194,2,Atta_2,3402.4,2084.2,278.1,-41.6,-2.0,,,,
93.194,3,Atta_3,2289.9,2091.4,355.1,54.1,-5.7,,,,
93.194,4,Atta_4,3238.4,626.8,273.4,-27.7,-2.6,,,,
93.194,5,Atta_5,2470.7,516.3,18.7,-26.9,2.0,,,,
93.194,6,Atta_6,3179.4,2043.5,273.8,23.0,-4.2,,,,
93.194,7,Atta_7,2770.6,859.0,62.5,-13.1,6.5,,,,
93.194,8,Atta_8,2793.8,1693.9,226.7,20.4,-1.3,,,,
93.194,9,Atta_9,1940.0,1328.8,355.0,-72.3,1.9,,,,
93.194,10,Atta_10,2077.3,245.2,7.0,43.5,-2.2,,,,
93.265,1,Atta_1,2571.4,1548.6,345.4,13.2,-2.3,,,,
93.265,2,Atta_2,3406.6,2067.5,278.4,17.2,0.3,,,,
93.265,3,Atta_3,2270.3,2049.1,353.7,-46.6,-1.4,,,,
93.265,4,Atta_4,3196.8,661.4,268.9,-54.1,-4.5,,,,
93.265,5,Atta_5,2440.3,512.9,19.3,-30.6,0.6,,,,
93.265,6,Atta_6,3143.5,2078.2,275.9,-49.9,2.1,,,,
93.265,7,Atta_7,2733.2,915.4,66.6,67.7,4.1,,,,
93.265,8,Atta_8,2777.4,1661.1,227.5,36.7,0.8,,,,
93.265,9,Atta_9,2025.5,1268.7,355.9,104.5,0.9,,,,
93.265,10,Atta_10,2056.8,237.7,8.8,-21.8,1.8,,,,
93.326,1,Atta_1,2614.0,1514.8,339.6,54.4,-5.8,,,,
93.326,2,Atta_2,3439.7,2051.4,277.7,36.8,-0.7,,,,
93.326,3,Atta_3,2300.9,2024.1,358.5,39.5,4.8,,,,
93.326,4,Atta_4,3193.3,592.2,266.2,69.3,-2.7,,,,
93.326,5,Atta_5,2519.6,495.0,18.3,81.3,-1.0,,,,
93.326,6,Atta_6,3169.1,2076.2,274.8,25.7,-1.1,,,,
93.326,7,Atta_7,2715.2,910.9,72.9,-18.6,6.3,,,,
93.326,8,Atta_8,2776.1,1687.2,227.5,-26.1,0.0,,,,
93.326,9,Atta_9,2030.0,1254.1,356.6,15.3,0.7,,,,
93.326,10,Atta_10,2110.9,260.1,9.2,58.6,0.4,,,,
93.397,1,Atta_1,2594.8,1522.3,339.8,-20.6,0.2,,,,
93.397,2,Atta_2,3487.0,2052.9,278.6,47.3,0.9,,,,
93.397,3,Atta_3,2236.2,2082.5,0.8,-87.2,2.3,,,,
93.397,4,Atta_4,3207.1,627.8,259.0,-38.2,-7.2,,,,
93.397,5,Atta_5,2519.6,517.5,17.6,22.5,-0.7,,,,
93.397,6,Atta_6,3189.0,2062.5,275.7,24.2,0.9,,,,
93.397,7,Atta_7,2788.4,915.0,75.2,73.3,2.3,,,,
93.397,8,Atta_8,2809.1,1723.1,230.0,-48.8,2.5,,,,
93.397,9,Atta_9,1992.2,1302.2,353.1,-61.2,-3.5,,,,
93.397,10,Atta_10,2087.6,281.1,7.3,-31.4,-1.9,,,,
93.45,1,Atta_1,2558.4,1509.5,332.2,-38.6,-7.6,,,,
93.45,2,Atta_2,3436.0,2028.7,276.0,56.5,-2.6,,,,
93.45,3,Atta_3,2266.3,2072.4,358.5,31.7,-2.3,,,,
93.45,4,Atta_4,3249.9,652.0,256.8,-49.2,-2.2,,,,
93.45,5,Atta_5,2555.3,514.5,19.8,35.8,2.2,,,,
93.45,6,Atta_6,3194.0,2054.2,276.7,9.7,1.0,,,,
93.45,7,Atta_7,2683.5,883.2,79.3,-109.6,4.1,,,,
93.45,8,Atta_8,2787.5,1737.3,227.9,25.8,-2.1,,,,
93.45,9,Atta_9,2008.3,1238.7,352.5,65.5,-0.6,,,,
93.45,10,Atta_10,2132.2,263.7,9.0,47.9,1.7,,,,
93.515,1,Atta_1,2582.6,1476.0,328.3,41.3,-3.9,,,,
93.515,2,Atta_2,3437.4,2039.5,278.0,-10.9,2.0,,,,
93.515,3,Atta_3,2305.6,2011.0,0.3,72.9,1.8,,,,
93.515,4,Atta_4,3282.2,644.4,252.7,33.2,-4.1,,,,
93.515,5,Atta_5,2497.1,509.7,21.3,-58.4,1.5,,,,
93.515,6,Atta_6,3137.0,2089.6,270.1,-67.1,-6.6,,,,
93.515,7,Atta_7,2761.9,893.6,83.1,79.1,3.8,,,,
93.515,8,Atta_8,2796.6,1702.1,227.7,36.4,-0.2,,,,
93.515,9,Atta_9,1988.0,1309.2,353.7,-73.4,1.2,,,,
93.515,10,Atta_10,2126.2,269.2,7.3,-8.1,-1.7,,,,
93.582,1,Atta_1,2555.3,1520.7,326.1,-52.4,-2.2,,,,
93.582,2,Atta_2,3390.9,2021.1,278.7,50.0,0.7,,,,
93.582,3,Atta_3,2323.9,2127.3,357.4,117.7,-2.9,,,,
93.582,4,Atta_4,3218.8,626.4,244.1,65.9,-8.6,,,,
93.582,5,Atta_5,2531.8,583.2,24.7,81.3,3.4,,,,
93.582,6,Atta_6,3188.5,2088.8,276.3,51.5,6.2,,,,
93.582,7,Atta_7,2738.8,902.8,89.8,24.9,6.7,,,,
93.582,8,Atta_8,2742.9,1681.5,228.3,57.5,0.6,,,,
93.582,9,Atta_9,2067.5,1265.2,353.7,90.9,0.0,,,,
93.582,10,Atta_10,2139.9,304.3,6.5,37.7,-0.8,,,,
93.648,1,Atta_1,2563.1,1531.8,318.2,13.6,-7.9,,,,
93.648,2,Atta_2,3467.1,2097.6,274.8,-108.0,-3.9,,,,
93.648,3,Atta_3,2301.8,2056.9,354.4,-73.8,-3.0,,,,
93.648,4,Atta_4,3272.2,565.1,243.6,81.3,-0.5,,,,
93.648,5,Atta_5,2538.7,492.3,21.8,-91.2,-2.9,,,,
93.648,6,Atta_6,3171.8,2023.0,272.3,67.9,-4.0,,,,
93.648,7,Atta_7,2770.3,909.6,90.4,32.2,0.6,,,,
93.648,8,Atta_8,2795.0,1688.3,235.0,-52.5,6.7,,,,
93.648,9,Atta_9,2078.2,1311.7,353.5,47.7,-0.2,,,,
93.648,10,Atta_10,2200.4,306.2,9.9,60.5,3.4,,,,
93.718,1,Atta_1,2579.6,1517.9,312.8,21.6,-5.4,,,,
93.718,2,Atta_2,3444.3,2018.0,281.3,82.8,6.5,,,,
93.718,3,Atta_3,2340.0,2067.6,356.3,39.7,1.9,,,,
93.718,4,Atta_4,3260.9,616.7,243.0,-52.8,-0.6,,,,
93.718,5,Atta_5,2560.5,501.1,19.3,23.5,-2.5,,,,
93.718,6,Atta_6,3183.2,2074.0,276.7,-52.3,4.4,,,,
93.718,7,Atta_7,2747.5,855.5,98.3,-58.7,7.9,,,,
93.718,8,Atta_8,2759.8,1750.6,228.8,-71.6,-6.2,,,,
93.718,9,Atta_9,2046.1,1312.7,354.3,-32.1,0.8,,,,
93.718,10,Atta_10,2168.8,280.6,7.5,-40.7,-2.4,,,,
93.785,1,Atta_1,2575.2,1513.0,308.6,6.6,-4.2,,,,
93.785,2,Atta_2,3445.3,2037.1,277.5,-19.1,-3.8,,,,
93.785,3,Atta_3,2345.0,2115.3,355.9,48.0,-0.4,,,,
93.785,4,Atta_4,3291.7,584.0,237.6,44.9,-5.4,,,,
93.785,5,Atta_5,2554.0,447.6,24.1,-53.9,4.8,,,,
93.785,6,Atta_6,3079.8,2063.9,275.3,-103.9,-1.4,,,,
93.785,7,Atta_7,2748.6,902.1,105.9,46.6,7.6,,,,
93.785,8,Atta_8,2800.7,1723.6,225.8,-49.0,-3.0,,,,
93.785,9,Atta_9,2067.9,1308.6,353.5,22.2,-0.8,,,,
93.785,10,Atta_10,2198.8,246.2,10.2,45.6,2.7,,,,
93.851,1,Atta_1,2591.2,1558.6,305.5,-48.3,-3.1,,,,
93.851,2,Atta_2,3510.7,2045.1,274.6,65.9,-2.9,,,,
93.851,3,Atta_3,2400.0,2088.4,357.0,61.2,1.1,,,,
93.851,4,Atta_4,3280.9,637.0,237.1,-54.1,-0.5,,,,
93.851,5,Atta_5,2585.5,465.4,22.7,36.2,-1.4,,,,
93.851,6,Atta_6,3197.1,2068.3,278.8,117.4,3.5,,,,
93.851,7,Atta_7,2757.2,900.6,110.9,-8.7,5.0,,,,
93.851,8,Atta_8,2775.5,1725.7,224.5,25.3,-1.3,,,,
93.851,9,Atta_9,2052.3,1305.2,357.0,-16.0,3.5,,,,
93.851,10,Atta_10,2232.2,263.9,5.3,37.8,-4.9,,,,
93.918,1,Atta_1,2559.2,1547.6,302.0,-33.8,-3.5,,,,
93.918,2,Atta_2,3449.5,2052.5,279.9,-61.6,5.3,,,,
93.918,3,Atta_3,2318.4,2125.5,355.9,-89.6,-1.1,,,,
93.918,4,Atta_4,3212.4,629.4,238.4,68.9,1.3,,,,
93.918,5,Atta_5,2604.5,520.0,18.6,57.8,-4.1,,,,
93.918,6,Atta_6,3151.4,2095.3,278.4,-53.1,-0.4,,,,
93.918,7,Atta_7,2777.6,874.5,108.6,-33.1,-2.3,,,,
93.918,8,Atta_8,2757.9,1712.3,231.9,22.1,7.4,,,,
93.918,9,Atta_9,2094.9,1288.9,354.5,45.6,-2.5,,,,
93.918,10,Atta_10,2169.4,235.7,8.2,-68.8,2.9,,,,
93.987,1,Atta_1,2566.5,1506.4,297.1,41.8,-4.9,,,,
93.987,2,Atta_2,3461.7,2084.2,278.9,-34.0,-1.0,,,,
93.987,3,Atta_3,2419.5,2057.5,357.8,121.8,1.9,,,,
93.987,4,Atta_4,3244.2,622.4,237.3,-32.6,-1.1,,,,
93.987,5,Atta_5,2605.5,554.8,19.7,34.8,1.1,,,,
93.987,6,Atta_6,3265.9,2074.9,276.2,116.3,-2.2,,,,
93.987,7,Atta_7,2756.7,905.2,115.5,37.1,6.9,,,,
93.987,8,Atta_8,2808.5,1696.4,226.4,-53.0,-5.5,,,,
93.987,9,Atta_9,2141.7,1254.8,353.4,57.9,-1.1,,,,
93.987,10,Atta_10,2206.5,241.2,12.4,37.5,4.2,,,,
94.057,1,Atta_1,2611.0,1514.9,294.7,45.3,-2.4,,,,
94.057,2,Atta_2,3446.2,2039.1,279.2,47.7,0.3,,,,
94.057,3,Atta_3,2394.8,2111.8,355.2,-59.7,-2.6,,,,
94.057,4,Atta_4,3216.7,624.1,236.0,27.6,-1.3,,,,
94.057,5,Atta_5,2649.9,560.9,20.9,44.8,1.2,,,,
94.057,6,Atta_6,3187.2,2094.0,275.7,-81.0,-0.5,,,,
94.057,7,Atta_7,2757.0,910.6,118.8,5.4,3.3,,,,
94.057,8,Atta_8,2809.5,1709.4,223.3,-13.0,-3.1,,,,
94.057,9,Atta_9,2116.3,1293.3,355.1,-46.1,1.7,,,,
94.057,10,Atta_10,2222.7,251.7,9.8,19.3,-2.6,,,,
94.108,1,Atta_1,2575.0,1561.5,285.9,-58.9,-8.8,,,,
94.108,2,Atta_2,3483.5,2025.9,275.2,39.6,-4.0,,,,
94.108,3,Atta_3,2327.1,2103.0,356.8,-68.3,1.6,,,,
94.108,4,Atta_4,3243.4,627.8,237.3,-27.0,1.3,,,,
94.108,5,Atta_5,2620.0,507.2,18.8,-61.5,-2.1,,,,
94.108,6,Atta_6,3154.5,2036.7,273.7,66.0,-2.0,,,,
94.108,7,Atta_7,2796.5,893.5,127.7,-43.0,8.9,,,,
94.108,8,Atta_8,2764.4,1750.7,228.2,61.2,4.9,,,,
94.108,9,Atta_9,2169.1,1279.3,353.4,54.6,-1.7,,,,
94.108,10,Atta_10,2257.2,264.2,5.5,36.7,-4.3,,,,
94.225,1,Atta_1,2623.2,1540.6,282.7,52.5,-3.2,,,,
94.225,2,Atta_2,3448.6,2052.9,279.1,-44.1,3.9,,,,
94.225,3,Atta_3,2428.0,2112.1,355.2,101.3,-1.6,,,,
94.225,4,Atta_4,3193.0,615.0,238.5,52.0,1.2,,,,
94.225,5,Atta_5,2623.6,575.1,21.0,68.0,2.2,,,,
94.225,6,Atta_6,3169.4,2117.8,276.2,-82.5,2.5,,,,
94.225,7,Atta_7,2709.0,873.5,131.2,89.8,3.5,,,,
94.225,8,Atta_8,2819.6,1746.6,229.5,-55.4,1.3,,,,
94.225,9,Atta_9,2136.5,1223.9,354.7,-64.3,1.3,,,,
94.225,10,Atta_10,2253.0,244.5,6.2,-20.1,0.7,,,,
94.277,1,Atta_1,2606.8,1496.7,286.6,46.9,3.9,,,,
94.277,2,Atta_2,3453.1,2027.1,277.1,26.2,-2.0,,,,
94.277,3,Atta_3,2445.6,2020.0,359.4,93.8,4.2,,,,
94.277,5,Atta_5,2632.7,618.2,19.0,44.1,-2.0,,,,
94.277,6,Atta_6,3168.9,2002.5,273.8,115.3,-2.4,,,,
94.277,7,Atta_7,2770.6,947.9,134.8,96.6,3.6,,,,
94.277,8,Atta_8,2792.7,1746.3,227.8,26.9,-1.7,,,,
94.277,9,Atta_9,2104.7,1224.9,355.2,-31.8,0.5,,,,
94.277,10,Atta_10,2283.0,316.0,7.2,77.5,1.0,,,,
94.343,1,Atta_1,2608.4,1484.9,282.5,11.9,-4.1,,,,
94.343,2,Atta_2,3434.1,2057.2,275.6,-35.6,-1.5,,,,
94.343,3,Atta_3,2488.3,2077.4,355.9,71.5,-3.5,,,,
94.343,4,Atta_4,3213.8,572.8,234.7,47.0,-3.8,,,,
94.343,5,Atta_5,2593.8,602.3,22.4,-42.0,3.4,,,,
94.343,6,Atta_6,3166.9,2088.9,276.0,-86.4,2.2,,,,
94.343,7,Atta_7,2745.3,885.3,136.3,-67.5,1.5,,,,
94.343,8,Atta_8,2759.5,1664.3,230.7,88.5,2.9,,,,
94.343,9,Atta_9,2145.8,1240.7,357.8,44.0,2.6,,,,
94.343,10,Atta_10,2277.4,293.9,10.4,-22.8,3.2,,,,
94.409,1,Atta_1,2559.9,1489.4,281.3,-48.7,-1.2,,,,
94.409,2,Atta_2,3460.7,2067.2,278.1,-28.4,2.5,,,,
94.409,3,Atta_3,2456.6,2104.6,359.2,-41.8,3.3,,,,
94.409,4,Atta_4,3205.2,558.8,236.7,16.4,2.0,,,,
94.409,5,Atta_5,2640.7,513.0,21.5,100.9,-0.9,,,,
94.409,6,Atta_6,3185.4,2079.0,275.9,21.0,-0.1,,,,
94.409,7,Atta_7,2748.6,896.3,141.5,11.5,5.2,,,,
94.409,8,Atta_8,2736.8,1674.5,224.6,24.9,-6.1,,,,
94.409,9,Atta_9,2150.4,1256.3,350.0,16.3,-7.8,,,,
94.409,10,Atta_10,2285.5,270.0,5.2,25.2,-5.2,,,,
94.479,1,Atta_1,2549.5,1510.1,283.3,-23.2,2.0,,,,
94.479,2,Atta_2,3436.5,2041.0,279.4,35.7,1.3,,,,
94.479,3,Atta_3,2503.4,2079.3,357.1,53.2,-2.1,,,,
94.479,4,Atta_4,3238.6,490.3,236.2,76.2,-0.5,,,,
94.479,5,Atta_5,2666.3,529.0,23.7,30.2,2.2,,,,
94.479,6,Atta_6,3228.0,2056.0,271.0,48.4,-4.9,,,,
94.479,7,Atta_7,2786.9,889.1,136.7,-39.0,-4.8,,,,
94.479,8,Atta_8,2788.7,1770.1,230.6,-108.8,6.0,,,,
94.479,9,Atta_9,2163.0,1236.5,352.7,23.5,2.7,,,,
94.479,10,Atta_10,2308.5,262.9,8.0,24.1,2.8,,,,
94.546,1,Atta_1,2595.7,1517.6,286.3,46.8,3.0,,,,
94.546,2,Atta_2,3480.9,2027.3,279.6,46.5,0.2,,,,
94.546,3,Atta_3,2490.7,2103.6,353.0,-27.4,-4.1,,,,
94.546,4,Atta_4,3189.8,526.6,237.9,-60.8,1.7,,,,
94.546,5,Atta_5,2671.6,548.9,17.0,20.6,-6.7,,,,
94.546,6,Atta_6,3138.0,2093.1,274.6,-97.3,3.6,,,,
94.546,7,Atta_7,2756.7,923.9,137.2,46.1,0.5,,,,
94.546,8,Atta_8,2780.6,1730.1,226.1,40.8,-4.5,,,,
94.546,9,Atta_9,2231.9,1224.0,351.6,70.0,-1.1,,,,
94.546,10,Atta_10,2330.0,262.8,6.0,21.5,-2.0,,,,
94.611,1,Atta_1,2576.9,1507.2,283.1,21.5,-3.2,,,,
94.611,2,Atta_2,3423.9,2044.9,280.4,-59.7,0.8,,,,
94.611,3,Atta_3,2497.7,2084.1,357.0,20.7,4.0,,,,
94.611,4,Atta_4,3196.6,600.8,236.7,-74.5,-1.2,,,,
94.611,5,Atta_5,2708.0,576.5,21.3,45.7,4.3,,,,
94.611,6,Atta_6,3155.0,2088.8,274.2,17.5,-0.4,,,,
94.611,7,Atta_7,2774.2,933.7,141.2,-20.1,4.0,,,,
94.611,8,Atta_8,2830.5,1688.2,227.7,-65.2,1.6,,,,
94.611,9,Atta_9,2173.1,1264.1,353.1,-71.2,1.5,,,,
94.611,10,Atta_10,2309.4,276.1,7.4,-24.5,1.4,,,,
94.682,1,Atta_1,2526.6,1452.0,280.4,74.7,-2.7,,,,
94.682,2,Atta_2,3462.8,2037.9,275.1,39.5,-5.3,,,,
94.682,3,Atta_3,2509.2,2045.3,357.2,40.5,0.2,,,,
94.682,4,Atta_4,3182.5,545.9,226.5,56.7,-10.2,,,,
94.682,5,Atta_5,2713.0,566.0,18.8,11.6,-2.5,,,,
94.682,6,Atta_6,3161.9,2041.8,273.9,47.5,-0.3,,,,
94.682,7,Atta_7,2774.6,919.4,143.6,-14.3,2.4,,,,
94.682,8,Atta_8,2740.9,1718.2,226.0,94.5,-1.7,,,,
94.682,9,Atta_9,2238.1,1281.7,351.7,67.3,-1.4,,,,
94.682,10,Atta_10,2382.1,229.0,5.8,86.6,-1.6,,,,
94.748,1,Atta_1,2522.7,1573.3,282.4,-121.4,2.0,,,,
94.748,2,Atta_2,3443.7,2022.5,279.1,24.5,4.0,,,,
94.748,3,Atta_3,2496.9,2098.8,358.0,-54.9,0.8,,,,
94.748,4,Atta_4,3152.2,556.8,225.1,32.2,-1.4,,,,
94.748,5,Atta_5,2669.5,562.4,21.6,-43.6,2.8,,,,
94.748,6,Atta_6,3136.7,2033.7,273.0,26.5,-0.9,,,,
94.748,7,Atta_7,2693.0,964.4,141.5,93.2,-2.1,,,,
94.748,8,Atta_8,2747.6,1669.9,229.5,48.8,3.5,,,,
94.748,9,Atta_9,2206.4,1273.7,353.5,-32.7,1.8,,,,
94.748,10,Atta_10,2315.1,244.3,10.3,-68.7,4.5,,,,
94.815,1,Atta_1,2573.1,1485.3,283.3,101.4,0.9,,,,
94.815,2,Atta_2,3408.8,2072.2,278.8,-60.7,-0.3,,,,
94.815,3,Atta_3,2505.3,2076.6,356.5,23.7,-1.5,,,,
94.815,4,Atta_4,3210.1,563.5,217.7,-58.3,-7.4,,,,
94.815,5,Atta_5,2738.1,567.7,19.0,68.8,-2.6,,,,
94.815,6,Atta_6,3177.4,2050.0,279.4,-43.8,6.4,,,,
94.815,7,Atta_7,2705.9,881.7,139.6,-83.7,-1.9,,,,
94.815,8,Atta_8,2761.9,1704.8,228.7,-37.7,-0.8,,,,
94.815,9,Atta_9,2202.0,1298.3,352.3,-25.0,-1.2,,,,
94.815,10,Atta_10,2334.9,283.9,5.4,44.3,-4.9,,,,
94.869,1,Atta_1,2576.3,1444.8,285.2,40.6,1.9,,,,
94.869,2,Atta_2,3430.1,2031.1,277.6,46.3,-1.2,,,,
94.869,3,Atta_3,2498.1,2117.3,356.4,-41.3,-0.1,,,,
94.869,4,Atta_4,3206.1,511.4,214.1,52.3,-3.6,,,,
94.869,5,Atta_5,2657.0,589.6,18.6,-84.0,-0.4,,,,
94.869,6,Atta_6,3166.7,2072.3,275.4,-24.7,-4.0,,,,
94.869,7,Atta_7,2713.7,938.0,137.2,56.8,-2.4,,,,
94.869,8,Atta_8,2797.6,1700.4,230.3,-36.0,1.6,,,,
94.869,9,Atta_9,2259.1,1254.3,355.0,72.1,2.7,,,,
94.869,10,Atta_10,2299.7,310.6,10.4,-44.2,5.0,,,,
94.935,1,Atta_1,2639.1,1457.3,288.3,64.0,3.1,,,,
94.935,2,Atta_2,3511.6,2067.9,279.5,-89.4,1.9,,,,
94.935,3,Atta_3,2538.6,2026.3,357.5,99.6,1.1,,,,
94.935,4,Atta_4,3235.5,551.0,205.9,-49.3,-8.2,,,,
94.935,5,Atta_5,2715.3,539.6,17.2,76.8,-1.4,,,,
94.935,6,Atta_6,3216.3,2007.3,273.0,81.8,-2.4,,,,
94.935,7,Atta_7,2732.1,895.1,142.1,-46.7,4.9,,,,
94.935,8,Atta_8,2762.5,1726.1,225.1,43.5,-5.2,,,,
94.935,9,Atta_9,2318.7,1294.9,347.5,72.1,-7.5,,,,
94.935,10,Atta_10,2380.2,310.5,6.7,80.5,-3.7,,,,
95.065,1,Atta_1,2585.8,1477.2,301.2,-56.9,12.9,,,,
95.065,2,Atta_2,3482.7,2034.3,278.1,44.3,-1.4,,,,
95.065,3,Atta_3,2529.3,2054.9,354.6,-30.1,-2.9,,,,
95.065,4,Atta_4,3230.6,544.1,199.4,8.5,-6.5,,,,
95.065,5,Atta_5,2745.6,577.8,21.5,48.8,4.3,,,,
95.065,6,Atta_6,3232.1,2046.4,274.3,-42.2,1.3,,,,
95.065,7,Atta_7,2656.7,1010.3,138.8,137.7,-3.3,,,,
95.065,8,Atta_8,2791.3,1774.4,227.1,-56.2,2.0,,,,
95.065,9,Atta_9,2319.7,1291.5,355.0,3.5,7.5,,,,
95.065,10,Atta_10,2394.7,257.9,7.9,54.6,1.2,,,,
95.131,1,Atta_1,2591.9,1451.0,301.8,26.9,0.6,,,,
95.131,2,Atta_2,3486.3,2064.5,276.1,-30.4,-2.0,,,,
95.131,3,Atta_3,2569.7,2080.9,0.3,48.0,5.7,,,,
95.131,4,Atta_4,3253.8,548.7,199.8,-23.7,0.4,,,,
95.131,5,Atta_5,2756.3,598.1,18.6,22.9,-2.9,,,,
95.131,6,Atta_6,3235.3,2026.9,275.5,19.8,1.2,,,,
95.131,7,Atta_7,2764.6,957.5,137.1,-120.1,-1.7,,,,
95.131,8,Atta_8,2798.1,1695.7,229.9,79.0,2.8,,,,
95.131,9,Atta_9,2300.1,1274.2,351.9,-26.1,-3.1,,,,
95.131,10,Atta_10,2423.1,258.9,5.3,28.4,-2.6,,,,
95.261,1,Atta_1,2508.1,1503.6,308.3,-98.9,6.5,,,,
95.261,2,Atta_2,3475.4,2015.8,275.9,49.9,-0.2,,,,
95.261,3,Atta_3,2539.6,2104.5,357.8,-38.2,-2.5,,,,
95.261,4,Atta_4,3173.2,579.3,194.7,86.2,-5.1,,,,
95.261,5,Atta_5,2823.4,613.5,23.5,68.8,4.9,,,,
95.261,6,Atta_6,3159.4,2060.9,274.6,-83.2,-0.9,,,,
95.261,7,Atta_7,2659.6,938.1,129.4,106.8,-7.7,,,,
95.261,8,Atta_8,2787.1,1732.4,230.2,-38.3,0.3,,,,
95.261,9,Atta_9,2326.6,1220.6,351.5,59.8,-0.4,,,,
95.261,10,Atta_10,2476.2,230.4,8.0,60.3,2.7,,,,
95.34,1,Atta_1,2592.2,1430.2,312.6,111.6,4.3,,,,
95.34,2,Atta_2,3452.2,2085.1,279.8,-73.1,3.9,,,,
95.34,3,Atta_3,2631.6,2043.4,353.5,110.4,-4.3,,,,
95.34,4,Atta_4,3193.1,497.1,183.1,84.6,-11.6,,,,
95.34,5,Atta_5,2752.4,571.8,21.9,-82.3,-1.6,,,,
95.34,6,Atta_6,3153.7,2042.2,273.5,19.5,-1.1,,,,
95.34,7,Atta_7,2697.5,896.1,126.3,-56.6,-3.1,,,,
95.34,8,Atta_8,2752.8,1738.8,227.3,34.9,-2.9,,,,
95.34,9,Atta_9,2296.9,1272.2,353.2,-59.5,1.7,,,,
95.34,10,Atta_10,2448.7,291.8,8.9,-67.3,0.9,,,,
95.392,1,Atta_1,2580.2,1465.9,311.1,-37.7,-1.5,,,,
95.392,2,Atta_2,3410.5,2014.5,280.7,82.0,0.9,,,,
95.392,3,Atta_3,2575.3,2014.7,359.0,-63.2,5.5,,,,
95.392,4,Atta_4,3125.4,528.1,182.5,74.5,-0.6,,,,
95.392,5,Atta_5,2780.7,651.2,18.9,84.3,-3.0,,,,
95.392,6,Atta_6,3132.3,2091.2,278.3,-53.5,4.8,,,,
95.392,7,Atta_7,2699.5,911.0,126.6,15.0,0.3,,,,
95.392,8,Atta_8,2794.6,1713.2,231.6,-49.0,4.3,,,,
95.392,9,Atta_9,2309.3,1258.1,355.6,18.8,2.4,,,,
95.392,10,Atta_10,2390.9,342.0,9.0,-76.6,0.1,,,,
95.462,1,Atta_1,2579.7,1447.6,309.5,18.3,-1.6,,,,
95.462,2,Atta_2,3437.8,1996.0,282.1,33.0,1.4,,,,
95.462,3,Atta_3,2615.4,2055.9,2.4,57.5,3.4,,,,
95.462,4,Atta_4,3216.0,535.7,176.1,-90.9,-6.4,,,,
95.462,5,Atta_5,2851.8,624.8,21.4,75.8,2.5,,,,
95.462,6,Atta_6,3200.7,2082.2,272.7,69.0,-5.6,,,,
95.462,7,Atta_7,2730.5,932.1,116.5,-37.5,-10.1,,,,
95.462,8,Atta_8,2801.1,1731.5,225.2,-19.4,-6.4,,,,
95.462,9,Atta_9,2369.6,1260.3,351.0,60.3,-4.6,,,,
95.462,10,Atta_10,2458.7,298.8,3.2,80.4,-5.8,,,,
95.528,1,Atta_1,2559.9,1467.8,312.2,-28.3,2.7,,,,
95.528,2,Atta_2,3489.1,2082.9,280.5,-100.9,-1.6,,,,
95.528,3,Atta_3,2596.9,2006.0,1.2,-53.2,-1.2,,,,
95.528,4,Atta_4,3174.1,533.5,165.7,42.0,-10.4,,,,
95.528,5,Atta_5,2829.5,564.7,20.0,-64.1,-1.4,,,,
95.528,6,Atta_6,3168.3,2026.9,273.1,64.1,0.4,,,,
95.528,7,Atta_7,2636.2,950.5,112.7,96.1,-3.8,,,,
95.528,8,Atta_8,2761.7,1757.3,228.5,47.1,3.3,,,,
95.528,9,Atta_9,2362.1,1227.1,352.0,-34.0,1.0,,,,
95.528,10,Atta_10,2457.4,220.8,7.8,-78.0,4.6,,,,
95.594,1,Atta_1,2572.8,1467.6,310.7,12.9,-1.5,,,,
95.594,2,Atta_2,3441.4,2033.0,281.0,69.0,0.5,,,,
95.594,3,Atta_3,2603.4,2052.6,0.6,47.1,-0.6,,,,
95.594,4,Atta_4,3199.8,603.6,162.6,-74.7,-3.1,,,,
95.594,5,Atta_5,2860.5,611.0,17.6,55.7,-2.4,,,,
95.594,6,Atta_6,3190.0,2096.8,274.2,-73.2,1.1,,,,
95.594,7,Atta_7,2739.0,963.9,105.3,-103.7,-7.4,,,,
95.594,8,Atta_8,2761.6,1692.4,226.9,64.9,-1.6,,,,
95.594,9,Atta_9,2349.2,1205.2,352.4,-25.4,0.4,,,,
95.594,10,Atta_10,2496.3,326.5,6.2,112.6,-1.6,,,,
95.726,1,Atta_1,2598.2,1468.2,310.1,25.4,-0.6,,,,
95.726,2,Atta_2,3444.4,2046.1,274.7,-13.4,-6.3,,,,
95.726,3,Atta_3,2610.0,2009.7,359.6,43.4,-1.0,,,,
95.726,4,Atta_4,3139.6,545.6,155.8,83.6,-6.8,,,,
95.726,5,Atta_5,2813.0,619.3,21.7,-48.2,4.1,,,,
95.726,6,Atta_6,3114.7,2138.5,275.3,-86.1,1.1,,,,
95.726,7,Atta_7,2653.8,978.6,98.1,86.5,-7.2,,,,
95.726,8,Atta_8,2832.2,1714.3,228.6,-73.9,1.7,,,,
95.726,9,Atta_9,2379.0,1239.1,356.3,45.1,3.9,,,,
95.726,10,Atta_10,2484.3,318.9,5.3,-14.2,-0.9,,,,
95.792,1,Atta_1,2608.2,1441.8,310.6,28.2,0.5,,,,
95.792,2,Atta_2,3438.2,1999.0,277.3,47.5,2.6,,,,
95.792,3,Atta_3,2602.5,2039.3,3.0,-30.5,3.4,,,,
95.792,4,Atta_4,3217.8,552.7,156.1,-78.5,0.3,,,,
95.792,5,Atta_5,2852.1,640.4,18.8,44.4,-2.9,,,,
95.792,6,Atta_6,3165.7,2030.0,275.5,119.9,0.2,,,,
95.792,7,Atta_7,2679.0,941.4,97.0,-44.9,-1.1,,,,
95.792,8,Atta_8,2777.4,1770.6,227.6,-78.6,-1.0,,,,
95.792,9,Atta_9,2347.9,1253.1,357.2,-34.1,0.9,,,,
95.792,10,Atta_10,2472.3,305.4,7.1,-18.1,1.8,,,,
95.861,1,Atta_1,2654.0,1457.5,308.8,48.4,-1.8,,,,
95.861,2,Atta_2,3436.5,2065.1,279.2,-66.1,1.9,,,,
95.861,3,Atta_3,2628.9,2076.7,3.7,45.8,0.7,,,,
95.861,4,Atta_4,3150.4,569.2,145.8,69.4,-10.3,,,,
95.861,5,Atta_5,2882.7,679.7,21.7,49.8,2.9,,,,
95.861,6,Atta_6,3192.0,2078.1,277.3,-54.8,1.8,,,,
95.861,7,Atta_7,2731.7,916.6,87.5,-58.2,-9.5,,,,
95.861,8,Atta_8,2783.4,1656.9,228.7,113.9,1.1,,,,
95.861,9,Atta_9,2358.5,1208.5,354.9,45.8,-2.3,,,,
95.861,10,Atta_10,2524.9,324.6,10.5,56.0,3.4,,,,
95.99,1,Atta_1,2641.5,1411.9,310.7,47.3,1.9,,,,
95.99,2,Atta_2,3435.6,2030.3,282.9,34.8,3.7,,,,
95.99,3,Atta_3,2597.0,2048.6,359.5,-42.5,-4.2,,,,
95.99,4,Atta_4,3171.4,540.6,140.3,-35.5,-5.5,,,,
95.99,5,Atta_5,2912.6,602.7,28.1,-82.6,6.4,,,,
95.99,6,Atta_6,3165.7,2078.3,276.1,-26.3,-1.2,,,,
95.99,7,Atta_7,2729.4,957.8,86.3,41.3,-1.2,,,,
95.99,8,Atta_8,2818.7,1775.6,225.5,-123.8,-3.2,,,,
95.99,9,Atta_9,2389.4,1213.5,359.0,31.3,4.1,,,,
95.99,10,Atta_10,2572.3,305.5,7.8,51.1,-2.7,,,,
96.06,1,Atta_1,2695.0,1421.0,308.7,54.3,-2.0,,,,
96.06,2,Atta_2,3452.2,2018.1,277.7,20.6,-5.2,,,,
96.06,3,Atta_3,2639.1,2038.0,1.7,43.4,2.2,,,,
96.06,4,Atta_4,3198.1,605.3,136.8,70.0,-3.5,,,,
96.06,5,Atta_5,2885.4,641.7,26.4,-47.5,-1.7,,,,
96.06,6,Atta_6,3100.9,2096.3,276.7,-67.3,0.6,,,,
96.06,7,Atta_7,2689.6,958.1,78.4,-39.8,-7.9,,,,
96.06,8,Atta_8,2733.4,1720.2,226.5,101.7,1.0,,,,
96.06,9,Atta_9,2390.7,1229.1,2.6,15.7,3.6,,,,
96.06,10,Atta_10,2618.1,286.5,5.3,49.6,-2.5,,,,
96.13,1,Atta_1,2680.1,1445.1,301.1,-28.3,-7.6,,,,
96.13,2,Atta_2,3477.4,2062.7,279.4,-51.2,1.7,,,,
96.13,3,Atta_3,2608.8,2059.4,5.3,-37.1,3.6,,,,
96.13,4,Atta_4,3202.3,522.6,128.5,-82.8,-8.3,,,,
96.13,5,Atta_5,2867.3,641.7,32.4,-18.1,6.0,,,,
96.13,6,Atta_6,3134.5,2036.8,274.8,68.3,-1.9,,,,
96.13,7,Atta_7,2709.0,904.4,78.9,-57.1,0.5,,,,
96.13,8,Atta_8,2791.6,1686.9,227.8,-67.1,1.3,,,,
96.13,9,Atta_9,2372.6,1264.9,0.5,-40.1,-2.1,,,,
96.13,10,Atta_10,2580.3,385.6,6.7,-106.1,1.4,,,,
96.201,1,Atta_1,2617.4,1400.3,300.5,77.1,-0.6,,,,
96.201,2,Atta_2,3452.0,2046.9,278.9,29.9,-0.5,,,,
96.201,3,Atta_3,2646.3,2088.0,359.2,47.2,-6.1,,,,
96.201,4,Atta_4,3217.9,512.4,126.5,-18.6,-2.0,,,,
96.201,5,Atta_5,2874.7,620.7,39.5,-22.3,7.1,,,,
96.201,6,Atta_6,3175.5,2096.1,275.8,-72.1,1.0,,,,
96.201,7,Atta_7,2696.2,953.4,71.7,50.6,-7.2,,,,
96.201,8,Atta_8,2735.7,1648.1,226.2,68.0,-1.6,,,,
96.201,9,Atta_9,2431.2,1265.5,358.4,58.6,-2.1,,,,
96.201,10,Atta_10,2567.9,315.1,7.5,-71.6,0.8,,,,
96.265,1,Atta_1,2585.0,1462.7,294.4,-70.3,-6.1,,,,
96.265,2,Atta_2,3457.3,2057.8,277.7,-12.1,-1.2,,,,
96.265,3,Atta_3,2638.7,2087.9,0.3,-7.6,1.1,,,,
96.265,4,Atta_4,3156.1,557.7,122.2,76.6,-4.3,,,,
96.265,5,Atta_5,2883.2,577.7,35.8,-43.8,-3.7,,,,
96.265,6,Atta_6,3158.3,2098.3,274.2,-17.3,-1.6,,,,
96.265,7,Atta_7,2679.7,925.7,67.8,-32.2,-3.9,,,,
96.265,8,Atta_8,2799.8,1699.3,231.7,-82.0,5.5,,,,
96.265,9,Atta_9,2388.3,1245.9,356.3,-47.2,-2.1,,,,
96.265,10,Atta_10,2553.2,332.8,10.1,-23.0,2.6,,,,
96.332,1,Atta_1,2675.2,1392.8,293.3,114.1,-1.1,,,,
96.332,2,Atta_2,3460.4,2085.8,275.5,-28.2,-2.2,,,,
96.332,3,Atta_3,2692.8,2076.2,2.7,55.4,2.4,,,,
96.332,4,Atta_4,3165.4,480.5,119.2,-77.8,-3.0,,,,
96.332,5,Atta_5,2901.6,676.0,36.5,100.0,0.7,,,,
96.332,6,Atta_6,3157.6,2077.0,273.0,21.3,-1.2,,,,
96.332,7,Atta_7,2714.9,939.6,61.2,37.8,-6.6,,,,
96.332,8,Atta_8,2718.9,1708.9,228.1,81.5,-3.6,,,,
96.332,9,Atta_9,2379.6,1245.9,357.8,-8.7,1.5,,,,
96.332,10,Atta_10,2651.3,366.9,6.7,103.9,-3.4,,,,
96.402,1,Atta_1,2644.5,1474.0,282.7,-86.8,-10.6,,,,
96.402,2,Atta_2,3497.1,2011.1,280.8,83.2,5.3,,,,
96.402,3,Atta_3,2647.2,2098.3,2.2,-50.7,-0.5,,,,
96.402,4,Atta_4,3192.9,611.8,111.8,134.1,-7.4,,,,
96.402,5,Atta_5,2935.0,609.2,32.8,-74.7,-3.7,,,,
96.402,6,Atta_6,3176.2,2090.5,277.2,-23.0,4.2,,,,
96.402,7,Atta_7,2694.4,879.9,54.9,-63.1,-6.3,,,,
96.402,8,Atta_8,2806.3,1620.7,228.8,124.2,0.7,,,,
96.402,9,Atta_9,2447.2,1274.5,357.9,73.4,0.1,,,,
96.402,10,Atta_10,2598.0,336.2,6.0,-61.5,-0.7,,,,
96.468,1,Atta_1,2632.4,1446.9,280.3,29.7,-2.4,,,,
96.468,2,Atta_2,3470.8,2038.0,277.7,-37.6,-3.1,,,,
96.468,3,Atta_3,2699.1,2088.2,358.6,52.9,-3.6,,,,
96.468,4,Atta_4,3179.2,610.5,107.4,13.8,-4.4,,,,
96.468,5,Atta_5,2889.0,634.7,35.4,-52.6,2.6,,,,
96.468,6,Atta_6,3138.2,2102.7,272.3,-39.9,-4.9,,,,
96.468,7,Atta_7,2664.0,1000.0,53.5,123.9,-1.4,,,,
96.468,8,Atta_8,2783.8,1665.4,228.7,-50.0,-0.1,,,,
96.468,9,Atta_9,2418.6,1238.1,358.7,-46.3,0.8,,,,
96.468,10,Atta_10,2582.2,309.8,4.4,-30.8,-1.6,,,,
96.534,1,Atta_1,2654.9,1406.5,276.8,46.2,-3.5,,,,
96.534,2,Atta_2,3457.4,2063.2,278.7,-28.5,1.0,,,,
96.534,3,Atta_3,2755.8,2009.0,3.0,97.4,4.4,,,,
96.534,4,Atta_4,3202.5,608.0,103.9,-23.4,-3.5,,,,
96.534,5,Atta_5,2865.5,619.1,33.1,-28.2,-2.3,,,,
96.534,6,Atta_6,3163.4,2046.8,278.5,61.3,6.2,,,,
96.534,7,Atta_7,2734.4,895.1,47.9,-126.3,-5.6,,,,
96.534,8,Atta_8,2789.7,1688.3,226.4,-23.6,-2.3,,,,
96.534,9,Atta_9,2455.5,1250.4,355.5,38.9,-3.2,,,,
96.534,10,Atta_10,2635.9,323.6,4.9,55.4,0.5,,,,
96.601,1,Atta_1,2598.4,1433.2,267.7,-62.5,-9.1,,,,
96.601,2,Atta_2,3462.8,1985.7,274.7,77.7,-4.0,,,,
96.601,3,Atta_3,2742.4,2032.0,2.4,-26.6,-0.6,,,,
96.601,4,Atta_4,3174.8,588.9,100.6,-33.6,-3.3,,,,
96.601,5,Atta_5,2897.0,627.2,33.8,32.5,0.7,,,,
96.601,6,Atta_6,3175.6,2074.8,276.5,-30.5,-2.0,,,,
96.601,7,Atta_7,2663.7,893.0,49.4,-70.7,1.5,,,,
96.601,8,Atta_8,2739.3,1721.4,226.8,60.3,0.4,,,,
96.601,9,Atta_9,2452.2,1232.9,359.0,-17.8,3.5,,,,
96.601,10,Atta_10,2615.1,344.6,4.4,-29.6,-0.5,,,,
96.667,1,Atta_1,2636.0,1396.1,267.9,52.8,0.2,,,,
96.667,2,Atta_2,3456.2,2025.2,277.6,-40.0,2.9,,,,
96.667,3,Atta_3,2726.2,2113.3,3.9,-82.9,1.5,,,,
96.667,4,Atta_4,3215.9,519.4,94.1,-80.7,-6.5,,,,
96.667,5,Atta_5,2935.1,646.9,35.3,42.9,1.5,,,,
96.667,6,Atta_6,3196.7,2089.5,278.6,-25.7,2.1,,,,
96.667,7,Atta_7,2695.4,921.2,51.0,42.4,1.6,,,,
96.667,8,Atta_8,2757.8,1740.0,227.6,-26.2,0.8,,,,
96.667,9,Atta_9,2521.7,1243.2,0.2,70.3,1.2,,,,
96.667,10,Atta_10,2637.4,354.2,5.3,24.3,0.9,,,,
96.733,1,Atta_1,2639.9,1396.4,262.9,-3.9,-5.0,,,,
96.733,2,Atta_2,3421.6,2042.2,279.2,-38.6,1.6,,,,
96.733,3,Atta_3,2738.2,2051.2,4.5,63.2,0.6,,,,
96.733,4,Atta_4,3178.6,573.0,90.0,65.3,-4.1,,,,
96.733,5,Atta_5,2925.1,694.8,37.5,48.9,2.2,,,,
96.733,6,Atta_6,3227.8,2067.1,277.4,38.3,-1.2,,,,
96.733,7,Atta_7,2658.7,989.1,49.3,77.2,-1.7,,,,
96.733,8,Atta_8,2812.7,1694.7,229.3,-71.2,1.7,,,,
96.733,9,Atta_9,2497.7,1246.6,359.0,-24.2,-1.2,,,,
96.733,10,Atta_10,2711.6,339.7,10.7,75.6,5.4,,,,
96.799,1,Atta_1,2565.7,1464.5,261.4,-100.7,-1.5,,,,
96.799,2,Atta_2,3459.9,2050.6,277.2,-39.2,-2.0,,,,
96.799,3,Atta_3,2778.7,2061.5,1.8,41.8,-2.7,,,,
96.799,4,Atta_4,3206.8,585.8,89.0,31.0,-1.0,,,,
96.799,5,Atta_5,2893.4,645.2,32.9,-58.9,-4.6,,,,
96.799,6,Atta_6,3116.6,2030.1,274.9,117.2,-2.5,,,,
96.799,7,Atta_7,2703.3,965.0,48.9,50.7,-0.4,,,,
96.799,8,Atta_8,2794.2,1752.6,227.1,-60.8,-2.2,,,,
96.799,9,Atta_9,2548.4,1248.8,358.4,50.7,-0.6,,,,
96.799,10,Atta_10,2651.8,324.6,7.0,-61.7,-3.7,,,,
96.868,1,Atta_1,2644.1,1424.0,253.7,88.2,-7.7,,,,
96.868,2,Atta_2,3448.7,2035.5,277.9,18.8,0.7,,,,
96.868,3,Atta_3,2730.6,2092.1,1.3,-57.0,-0.5,,,,
96.868,4,Atta_4,3246.8,566.8,84.5,-44.3,-4.5,,,,
96.868,5,Atta_5,2916.0,663.1,36.2,28.8,3.3,,,,
96.868,6,Atta_6,3144.7,2071.5,275.6,-50.0,0.7,,,,
96.868,7,Atta_7,2674.1,1011.3,48.3,54.7,-0.6,,,,
96.868,8,Atta_8,2775.6,1694.5,226.4,61.0,-0.7,,,,
96.868,9,Atta_9,2457.0,1322.1,354.7,-117.2,-3.7,,,,
96.868,10,Atta_10,2669.5,399.7,5.5,77.2,-1.5,,,,
96.936,1,Atta_1,2628.4,1380.6,249.0,46.2,-4.7,,,,
96.936,2,Atta_2,3468.1,1991.0,277.7,48.5,-0.2,,,,
96.936,3,Atta_3,2802.4,2020.0,3.7,101.8,2.4,,,,
96.936,4,Atta_4,3204.6,485.0,75.7,-92.0,-8.8,,,,
96.936,5,Atta_5,2939.0,604.2,35.5,-63.2,-0.7,,,,
96.936,6,Atta_6,3168.2,2042.1,277.1,37.6,1.5,,,,
96.936,7,Atta_7,2722.5,998.1,48.3,50.2,0.0,,,,
96.936,8,Atta_8,2736.4,1757.4,224.7,-74.1,-1.7,,,,
96.936,9,Atta_9,2483.4,1252.6,356.4,74.3,1.7,,,,
96.936,10,Atta_10,2717.9,271.7,7.8,136.8,2.3,,,,
96.992,1,Atta_1,2674.6,1417.8,244.8,-59.3,-4.2,,,,
96.992,2,Atta_2,3411.0,2052.1,277.8,-83.6,0.1,,,,
96.992,3,Atta_3,2812.9,2061.2,359.7,42.5,-4.0,,,,
96.992,4,Atta_4,3222.5,536.3,79.8,54.3,4.1,,,,
96.992,5,Atta_5,2950.9,705.6,32.0,102.1,-3.5,,,,
96.992,6,Atta_6,3174.0,2052.8,276.7,-12.2,-0.4,,,,
96.992,7,Atta_7,2706.4,959.8,48.5,-41.5,0.2,,,,
96.992,8,Atta_8,2807.2,1721.8,226.2,-79.2,1.5,,,,
96.992,9,Atta_9,2523.2,1256.1,359.7,40.0,3.3,,,,
96.992,10,Atta_10,2679.9,362.0,12.9,-98.0,5.1,,,,
97.059,1,Atta_1,2609.3,1423.7,240.2,65.6,-4.6,,,,
97.059,2,Atta_2,3467.5,2012.1,274.5,69.2,-3.3,,,,
97.059,3,Atta_3,2828.8,2061.5,1.4,15.9,1.7,,,,
97.059,4,Atta_4,3205.4,585.5,77.0,52.1,-2.8,,,,
97.059,5,Atta_5,2917.0,698.3,36.8,-34.7,4.8,,,,
97.059,6,Atta_6,3188.4,2070.7,273.0,-23.0,-3.7,,,,
97.059,7,Atta_7,2736.6,962.4,47.9,30.3,-0.6,,,,
97.059,8,Atta_8,2795.8,1742.2,224.1,-23.4,-2.1,,,,
97.059,9,Atta_9,2529.1,1243.9,358.2,13.6,-1.5,,,,
97.059,10,Atta_10,2705.8,294.2,8.7,72.6,-4.2,,,,
97.125,1,Atta_1,2635.8,1385.9,236.2,46.2,-4.0,,,,
97.125,2,Atta_2,3464.7,2034.3,278.4,-22.4,3.9,,,,
97.125,3,Atta_3,2814.4,2036.7,0.7,-28.7,-0.7,,,,
97.125,4,Atta_4,3208.3,553.5,77.2,-32.1,0.2,,,,
97.125,5,Atta_5,2984.6,658.3,40.6,78.5,3.8,,,,
97.125,6,Atta_6,3186.3,2134.0,276.0,-63.3,3.0,,,,
97.125,7,Atta_7,2698.1,965.8,51.1,-38.6,3.2,,,,
97.125,8,Atta_8,2804.4,1700.5,226.7,42.6,2.6,,,,
97.125,9,Atta_9,2546.6,1197.7,358.1,49.4,-0.1,,,,
97.125,10,Atta_10,2688.0,367.5,10.3,-75.4,1.6,,,,
97.191,1,Atta_1,2632.2,1423.4,232.2,-37.7,-4.0,,,,
97.191,2,Atta_2,3419.5,2032.3,279.7,-45.2,1.3,,,,
97.191,3,Atta_3,2852.5,2039.5,359.3,38.2,-1.4,,,,
97.191,4,Atta_4,3217.7,539.3,76.7,-17.0,-0.5,,,,
97.191,5,Atta_5,2962.2,704.9,48.5,51.7,7.9,,,,
97.191,6,Atta_6,3197.1,2070.1,273.1,64.8,-2.9,,,,
97.191,7,Atta_7,2728.9,990.5,50.3,39.5,-0.8,,,,
97.191,8,Atta_8,2779.2,1689.6,225.8,27.5,-0.9,,,,
97.191,9,Atta_9,2556.2,1261.8,359.4,64.8,1.3,,,,
97.191,10,Atta_10,2696.6,371.7,11.9,9.6,1.6,,,,
97.26,1,Atta_1,2661.0,1414.2,228.6,-30.2,-3.6,,,,
97.26,2,Atta_2,3432.0,1990.1,279.3,44.0,-0.4,,,,
97.26,3,Atta_3,2823.3,2085.7,0.9,-54.7,1.6,,,,
97.26,4,Atta_4,3195.2,561.0,77.1,31.3,0.4,,,,
97.26,5,Atta_5,2920.7,712.6,53.1,-42.2,4.6,,,,
97.26,6,Atta_6,3190.5,2110.4,276.1,-40.8,3.0,,,,
97.26,7,Atta_7,2775.5,972.8,48.9,49.8,-1.4,,,,
97.26,8,Atta_8,2788.6,1715.7,226.8,-27.7,1.0,,,,
97.26,9,Atta_9,2589.0,1242.8,359.0,37.9,-0.4,,,,
97.26,10,Atta_10,2691.4,322.8,8.3,-49.2,-3.6,,,,
97.326,1,Atta_1,2579.2,1456.9,223.4,92.3,-5.2,,,,
97.326,2,Atta_2,3396.7,2081.9,279.7,-98.4,0.4,,,,
97.326,3,Atta_3,2847.9,2075.5,359.4,26.6,-1.5,,,,
97.326,4,Atta_4,3215.5,586.5,74.4,32.6,-2.7,,,,
97.326,5,Atta_5,2982.5,757.0,53.6,76.1,0.5,,,,
97.326,6,Atta_6,3196.7,2067.7,278.2,43.1,2.1,,,,
97.326,7,Atta_7,2816.4,1008.7,47.9,54.4,-1.0,,,,
97.326,8,Atta_8,2795.2,1741.0,227.0,-26.1,0.2,,,,
97.326,9,Atta_9,2578.2,1245.2,359.6,-11.1,0.6,,,,
97.326,10,Atta_10,2700.8,272.3,7.6,51.4,-0.7,,,,
97.448,1,Atta_1,2629.2,1407.2,218.6,-70.5,-4.8,,,,
97.448,2,Atta_2,3444.5,2054.1,276.8,55.3,-2.9,,,,
97.448,3,Atta_3,2871.8,2053.3,355.5,32.6,-3.9,,,,
97.448,4,Atta_4,3174.4,599.7,75.9,43.2,1.5,,,,
97.448,5,Atta_5,2957.3,678.4,63.4,-82.5,9.8,,,,
97.448,6,Atta_6,3135.5,2088.7,278.6,-64.7,0.4,,,,
97.448,7,Atta_7,2728.2,958.3,50.4,-101.6,2.5,,,,
97.448,8,Atta_8,2788.1,1659.7,226.0,81.6,-1.0,,,,
97.448,9,Atta_9,2562.2,1298.8,358.3,-55.9,-1.3,,,,
97.448,10,Atta_10,2738.2,313.9,7.1,55.9,-0.5,,,,
97.514,1,Atta_1,2669.1,1446.3,212.9,-55.9,-5.7,,,,
97.514,2,Atta_2,3456.6,2042.7,279.1,16.6,2.3,,,,
97.514,3,Atta_3,2855.1,2049.8,350.1,-17.1,-5.4,,,,
97.514,4,Atta_4,3170.9,629.8,77.6,30.3,1.7,,,,
97.514,5,Atta_5,2948.0,709.9,67.0,32.8,3.6,,,,
97.514,6,Atta_6,3149.8,2019.9,274.4,70.3,-4.2,,,,
97.514,7,Atta_7,2728.5,999.3,47.5,41.0,-2.9,,,,
97.514,8,Atta_8,2821.0,1669.3,226.5,-34.3,0.5,,,,
97.514,9,Atta_9,2619.7,1203.1,357.3,111.6,-1.0,,,,
97.514,10,Atta_10,2710.4,286.1,10.9,-39.3,3.8,,,,
97.586,1,Atta_1,2605.5,1420.1,212.7,68.8,-0.2,,,,
97.586,2,Atta_2,3418.4,2123.5,277.9,-89.4,-1.2,,,,
97.586,3,Atta_3,2844.8,2124.3,346.8,-75.2,-3.3,,,,
97.586,4,Atta_4,3152.0,645.7,79.6,24.7,2.0,,,,
97.586,5,Atta_5,3002.9,659.0,71.0,-74.9,4.0,,,,
97.586,6,Atta_6,3112.1,2068.0,277.9,-61.1,3.5,,,,
97.586,7,Atta_7,2786.8,1059.1,47.5,83.5,0.0,,,,
97.586,8,Atta_8,2770.2,1675.9,229.3,51.2,2.8,,,,
97.586,9,Atta_9,2630.0,1277.9,0.8,75.5,3.5,,,,
97.586,10,Atta_10,2784.7,305.8,8.0,76.9,-2.9,,,,
97.641,1,Atta_1,2602.2,1402.4,202.1,18.0,-10.6,,,,
97.641,2,Atta_2,3441.5,2041.1,279.9,85.6,2.0,,,,
97.641,3,Atta_3,2810.8,2066.7,340.4,-66.9,-6.4,,,,
97.641,4,Atta_4,3239.1,609.9,77.5,-94.2,-2.1,,,,
97.641,5,Atta_5,2992.2,734.7,73.8,76.5,2.8,,,,
97.641,6,Atta_6,3197.7,2111.4,274.1,-96.0,-3.8,,,,
97.641,7,Atta_7,2770.4,1031.4,48.3,-32.2,0.8,,,,
97.641,8,Atta_8,2834.5,1710.6,227.4,-73.1,-1.9,,,,
97.641,9,Atta_9,2629.2,1259.4,357.9,-18.5,-2.9,,,,
97.641,10,Atta_10,2718.5,348.5,13.4,-78.8,5.4,,,,
97.71,1,Atta_1,2677.7,1423.5,197.4,-78.4,-4.7,,,,
97.71,2,Atta_2,3399.6,2005.8,279.6,54.8,-0.3,,,,
97.71,3,Atta_3,2836.4,2041.5,337.4,35.9,-3.0,,,,
97.71,4,Atta_4,3149.9,647.6,75.6,96.8,-1.9,,,,
97.71,5,Atta_5,2934.1,722.5,76.4,-59.4,2.6,,,,
97.71,6,Atta_6,3144.3,2088.1,275.1,58.3,1.0,,,,
97.71,7,Atta_7,2798.8,1007.7,47.4,37.0,-0.9,,,,
97.71,8,Atta_8,2778.3,1715.0,226.4,56.4,-1.0,,,,
97.71,9,Atta_9,2596.4,1237.9,354.9,-39.2,-3.0,,,,
97.71,10,Atta_10,2768.8,374.3,8.2,56.5,-5.2,,,,
97.778,1,Atta_1,2646.3,1391.3,194.5,45.0,-2.9,,,,
97.778,2,Atta_2,3417.1,2048.3,282.6,-46.0,3.0,,,,
97.778,3,Atta_3,2926.4,2015.0,334.9,93.8,-2.5,,,,
97.778,4,Atta_4,3199.8,618.9,77.1,-57.6,1.5,,,,
97.778,5,Atta_5,2984.4,684.0,82.9,-63.3,6.5,,,,
97.778,6,Atta_6,3109.7,2081.4,275.7,35.2,0.6,,,,
97.778,7,Atta_7,2757.7,1097.5,47.0,98.8,-0.4,,,,
97.778,8,Atta_8,2730.3,1707.7,225.5,48.6,-0.9,,,,
97.778,9,Atta_9,2650.0,1280.6,357.2,68.5,2.3,,,,
97.778,10,Atta_10,2826.1,321.3,10.6,78.1,2.4,,,,
97.849,1,Atta_1,2662.3,1370.1,189.3,-26.6,-5.2,,,,
97.849,2,Atta_2,3473.9,2054.5,280.4,57.1,-2.2,,,,
97.849,3,Atta_3,2873.1,2026.7,328.9,-54.6,-6.0,,,,
97.849,4,Atta_4,3204.7,660.4,75.8,41.8,-1.3,,,,
97.849,5,Atta_5,2963.9,693.9,85.8,22.8,2.9,,,,
97.849,6,Atta_6,3180.3,2101.4,275.2,-73.4,-0.5,,,,
97.849,7,Atta_7,2803.4,1042.1,38.3,-71.8,-8.7,,,,
97.849,8,Atta_8,2776.2,1692.9,227.5,-48.2,2.0,,,,
97.849,9,Atta_9,2612.0,1215.0,359.5,-75.8,2.3,,,,
97.849,10,Atta_10,2775.8,339.2,7.9,-53.4,-2.7,,,,
97.904,1,Atta_1,2636.6,1464.3,185.0,97.6,-4.3,,,,
97.904,2,Atta_2,3404.6,2052.7,280.5,-69.3,0.1,,,,
97.904,3,Atta_3,2862.0,2092.4,332.3,-66.6,3.4,,,,
97.904,4,Atta_4,3138.3,682.9,75.6,70.1,-0.2,,,,
97.904,5,Atta_5,2881.4,766.5,88.3,109.9,2.5,,,,
97.904,6,Atta_6,3177.6,2060.9,277.3,40.6,2.1,,,,
97.904,7,Atta_7,2741.8,1024.2,33.3,-64.1,-5.0,,,,
97.904,8,Atta_8,2737.3,1723.0,224.1,49.2,-3.4,,,,
97.904,9,Atta_9,2714.0,1254.7,357.2,109.5,-2.3,,,,
97.904,10,Atta_10,2729.7,330.1,11.6,-47.0,3.7,,,,
97.97,1,Atta_1,2602.1,1398.0,181.5,74.7,-3.5,,,,
97.97,2,Atta_2,3439.7,2113.1,279.7,-69.9,-0.8,,,,
97.97,3,Atta_3,2909.5,2059.8,335.2,57.6,2.9,,,,
97.97,4,Atta_4,3141.6,675.6,75.8,-8.0,0.2,,,,
97.97,5,Atta_5,2943.5,655.8,89.5,-126.9,1.2,,,,
97.97,6,Atta_6,3194.0,1995.6,273.4,67.3,-3.9,,,,
97.97,7,Atta_7,2786.0,1041.0,30.2,47.3,-3.1,,,,
97.97,8,Atta_8,2742.3,1737.1,230.5,-15.0,6.4,,,,
97.97,9,Atta_9,2696.9,1272.3,0.8,-24.5,3.6,,,,
97.97,10,Atta_10,2758.0,344.5,12.3,31.8,0.7,,,,
98.041,1,Atta_1,2619.3,1393.8,177.6,-17.7,-3.9,,,,
98.041,2,Atta_2,3478.7,2062.0,278.2,64.3,-1.5,,,,
98.041,3,Atta_3,2864.5,2016.7,331.1,-62.3,-4.1,,,,
98.041,4,Atta_4,3240.4,674.0,74.1,98.8,-1.7,,,,
98.041,5,Atta_5,2988.1,684.5,90.6,53.0,1.1,,,,
98.041,6,Atta_6,3161.8,2097.9,276.8,-107.2,3.4,,,,
98.041,7,Atta_7,2784.9,1045.6,29.9,4.7,-0.3,,,,
98.041,8,Atta_8,2755.3,1706.5,229.5,33.2,-1.0,,,,
98.041,9,Atta_9,2680.7,1237.8,0.2,-38.1,-0.6,,,,
98.041,10,Atta_10,2849.1,280.2,9.4,111.5,-2.9,,,,
98.102,1,Atta_1,2597.3,1415.4,171.4,30.8,-6.2,,,,
98.102,2,Atta_2,3446.0,2031.8,280.3,44.5,2.1,,,,
98.102,3,Atta_3,2808.1,2086.1,328.8,-89.4,-2.3,,,,
98.102,4,Atta_4,3213.9,675.0,81.1,-26.5,7.0,,,,
98.102,5,Atta_5,2951.3,689.6,92.1,37.2,1.5,,,,
98.102,6,Atta_6,3196.6,2079.9,274.6,39.2,-2.2,,,,
98.102,7,Atta_7,2803.9,1074.9,23.9,34.9,-6.0,,,,
98.102,8,Atta_8,2802.6,1687.4,228.3,-51.0,-1.2,,,,
98.102,9,Atta_9,2720.1,1213.1,357.3,46.5,-2.9,,,,
98.102,10,Atta_10,2845.0,380.1,9.0,100.0,-0.4,,,,
98.171,1,Atta_1,2583.7,1389.5,165.3,29.3,-6.1,,,,
98.171,2,Atta_2,3413.9,2051.5,279.2,-37.7,-1.1,,,,
98.171,3,Atta_3,2848.3,2028.8,336.3,70.0,7.5,,,,
98.171,4,Atta_4,3247.5,708.5,78.2,47.4,-2.9,,,,
98.171,5,Atta_5,2997.9,777.2,85.7,99.2,-6.4,,,,
98.171,6,Atta_6,3184.8,2076.1,277.2,12.4,2.6,,,,
98.171,7,Atta_7,2784.3,1044.8,15.6,-35.9,-8.3,,,,
98.171,8,Atta_8,2747.9,1726.6,225.4,67.3,-2.9,,,,
98.171,9,Atta_9,2731.9,1198.6,2.6,18.7,5.3,,,,
98.171,10,Atta_10,2865.5,352.9,11.4,34.1,2.4,,,,
98.241,1,Atta_1,2621.4,1401.5,166.7,-39.6,1.4,,,,
98.241,2,Atta_2,3425.3,2020.9,277.0,32.7,-2.2,,,,
98.241,3,Atta_3,2863.0,2117.4,332.1,-89.8,-4.2,,,,
98.241,4,Atta_4,3215.1,773.6,81.6,72.7,3.4,,,,
98.241,5,Atta_5,2943.1,661.0,87.5,-128.5,1.8,,,,
98.241,6,Atta_6,3124.5,2055.9,272.9,63.6,-4.3,,,,
98.241,7,Atta_7,2782.6,1009.1,15.5,-35.7,-0.1,,,,
98.241,8,Atta_8,2780.0,1698.5,225.1,-42.7,-0.3,,,,
98.241,9,Atta_9,2770.1,1218.3,355.9,43.0,-6.7,,,,
98.241,10,Atta_10,2862.4,403.8,7.4,51.0,-4.0,,,,
98.31,1,Atta_1,2666.7,1429.5,158.1,-53.3,-8.6,,,,
98.31,2,Atta_2,3415.8,2043.3,278.8,-24.3,1.8,,,,
98.31,3,Atta_3,2906.7,2026.6,332.3,100.8,0.2,,,,
98.31,4,Atta_4,3277.0,730.3,77.0,-75.5,-4.6,,,,
98.31,5,Atta_5,2984.0,671.1,86.6,42.1,-0.9,,,,
98.31,6,Atta_6,3234.5,2114.2,275.1,-124.5,2.2,,,,
98.31,7,Atta_7,2829.6,1048.3,11.7,61.2,-3.8,,,,
98.31,8,Atta_8,2791.5,1706.2,228.9,-13.8,3.8,,,,
98.31,9,Atta_9,2758.6,1236.8,1.3,-21.8,5.4,,,,
98.31,10,Atta_10,2826.2,395.5,10.8,-37.1,3.4,,,,
98.38,1,Atta_1,2666.2,1401.4,157.7,-28.1,-0.4,,,,
98.38,2,Atta_2,3443.8,2065.7,275.8,-35.9,-3.0,,,,
98.38,3,Atta_3,2883.4,2038.7,334.2,-26.3,1.9,,,,
98.38,4,Atta_4,3247.8,725.0,75.9,-29.7,-1.1,,,,
98.38,5,Atta_5,2953.6,711.4,92.4,50.5,5.8,,,,
98.38,6,Atta_6,3133.6,2089.8,275.9,103.8,0.8,,,,
98.38,7,Atta_7,2805.9,1007.0,3.1,-47.6,-8.6,,,,
98.38,8,Atta_8,2816.2,1799.7,228.8,-96.7,-0.1,,,,
98.38,9,Atta_9,2735.1,1239.8,0.3,-23.7,-1.0,,,,
98.38,10,Atta_10,2900.7,377.6,9.0,76.6,-1.8,,,,
98.431,1,Atta_1,2667.8,1399.4,149.7,-2.6,-8.0,,,,
98.431,2,Atta_2,3433.3,2056.3,280.2,14.1,4.4,,,,
98.431,3,Atta_3,2918.2,2073.5,334.0,49.2,-0.2,,,,
98.431,4,Atta_4,3224.4,730.3,79.0,-24.0,3.1,,,,
98.431,5,Atta_5,3013.2,684.6,92.1,-65.3,-0.3,,,,
98.431,6,Atta_6,3154.8,2016.8,271.5,76.0,-4.4,,,,
98.431,7,Atta_7,2783.1,1062.3,359.0,-59.8,-4.1,,,,
98.431,8,Atta_8,2802.7,1761.8,228.5,40.2,-0.3,,,,
98.431,9,Atta_9,2750.3,1254.6,2.3,21.2,2.0,,,,
98.431,10,Atta_10,2939.6,372.2,6.4,39.3,-2.6,,,,
98.481,1,Atta_1,2615.5,1396.5,146.1,52.4,-3.6,,,,
98.481,2,Atta_2,3463.1,2042.6,279.2,32.8,-1.0,,,,
98.481,3,Atta_3,2893.9,2059.1,330.5,-28.2,-3.5,,,,
98.481,4,Atta_4,3269.8,722.2,77.6,46.1,-1.4,,,,
98.481,5,Atta_5,2967.3,736.2,89.2,69.1,-2.9,,,,
98.481,6,Atta_6,3155.1,2081.9,277.1,-65.1,5.6,,,,
98.481,7,Atta_7,2756.4,1030.8,356.8,-41.3,-2.2,,,,
98.481,8,Atta_8,2769.2,1716.6,226.8,56.3,-1.7,,,,
98.481,9,Atta_9,2726.4,1206.5,355.3,-53.7,-7.0,,,,
98.481,10,Atta_10,2895.2,342.8,9.5,-53.3,3.1,,,,
98.55,1,Atta_1,2630.4,1453.7,148.2,59.1,2.1,,,,
98.55,2,Atta_2,3457.9,2079.2,274.4,-37.0,-4.8,,,,
98.55,3,Atta_3,2888.0,2062.3,323.6,-6.7,-6.9,,,,
98.55,4,Atta_4,3185.9,721.2,82.7,-83.9,5.1,,,,
98.55,5,Atta_5,2962.5,757.5,87.1,21.8,-2.1,,,,
98.55,6,Atta_6,3130.9,2050.0,276.4,40.0,-0.7,,,,
98.55,7,Atta_7,2788.9,1021.8,352.6,33.7,-4.2,,,,
98.55,8,Atta_8,2853.4,1669.5,226.1,-96.5,-0.7,,,,
98.55,9,Atta_9,2775.8,1223.1,1.5,52.1,6.2,,,,
98.55,10,Atta_10,2949.5,349.3,12.3,54.7,2.8,,,,
98.618,1,Atta_1,2600.4,1423.6,145.6,42.5,-2.6,,,,
98.618,2,Atta_2,3424.0,2032.5,275.4,57.7,1.0,,,,
98.618,3,Atta_3,2853.0,2063.8,318.0,-35.0,-5.6,,,,
98.618,4,Atta_4,3251.1,745.2,78.4,69.5,-4.3,,,,
98.618,5,Atta_5,2995.2,813.4,91.4,64.8,4.3,,,,
98.618,6,Atta_6,3166.8,2075.4,277.3,-44.0,0.9,,,,
98.618,7,Atta_7,2773.7,1020.6,345.2,-15.2,-7.4,,,,
98.618,8,Atta_8,2790.4,1748.0,225.7,-100.7,-0.4,,,,
98.618,9,Atta_9,2684.8,1266.0,359.0,-100.6,-2.5,,,,
98.618,10,Atta_10,2909.6,352.1,8.2,-40.0,-4.1,,,,
98.688,1,Atta_1,2641.1,1406.0,145.0,-44.3,-0.6,,,,
98.688,2,Atta_2,3422.7,2071.6,278.4,-39.1,3.0,,,,
98.688,3,Atta_3,2904.1,2020.4,313.7,67.0,-4.3,,,,
98.688,4,Atta_4,3150.4,691.9,79.0,-113.9,0.6,,,,
98.688,5,Atta_5,2995.4,755.4,88.4,-58.0,-3.0,,,,
98.688,6,Atta_6,3180.0,2088.3,274.4,-18.5,-2.9,,,,
98.688,7,Atta_7,2834.1,1026.3,340.2,60.7,-5.0,,,,
98.688,8,Atta_8,2794.0,1706.1,227.5,42.1,1.8,,,,
98.688,9,Atta_9,2736.4,1253.7,358.3,53.0,-0.7,,,,
98.688,10,Atta_10,2993.8,368.6,9.7,85.8,1.5,,,,
98.803,1,Atta_1,2603.7,1434.5,147.5,47.0,2.5,,,,
98.803,2,Atta_2,3491.7,2072.2,276.9,69.0,-1.5,,,,
98.803,3,Atta_3,2919.5,2061.7,312.3,-44.1,-1.4,,,,
98.803,4,Atta_4,3259.3,732.0,79.0,116.0,0.0,,,,
98.803,5,Atta_5,2944.6,819.3,94.6,81.6,6.2,,,,
98.803,6,Atta_6,3193.5,2086.3,274.7,13.6,0.3,,,,
98.803,7,Atta_7,2804.2,1042.2,339.0,-33.9,-1.2,,,,
98.803,8,Atta_8,2797.0,1689.1,225.0,17.3,-2.5,,,,
98.803,9,Atta_9,2732.0,1281.1,358.0,-27.8,-0.3,,,,
98.803,10,Atta_10,2974.5,372.5,10.1,-19.7,0.4,,,,
98.873,1,Atta_1,2667.2,1425.5,148.3,-64.1,0.8,,,,
98.873,2,Atta_2,3460.6,2070.6,275.5,-31.1,-1.4,,,,
98.873,3,Atta_3,2855.9,1992.9,311.9,93.7,-0.4,,,,
98.873,4,Atta_4,3263.1,678.2,77.0,-53.9,-2.0,,,,
98.873,5,Atta_5,2968.9,758.9,94.4,-65.1,-0.2,,,,
98.873,6,Atta_6,3176.0,2031.9,274.2,57.1,-0.5,,,,
98.873,7,Atta_7,2871.4,1052.4,335.3,68.0,-3.7,,,,
98.873,8,Atta_8,2763.8,1721.2,226.6,46.2,1.6,,,,
98.873,9,Atta_9,2720.5,1286.8,357.8,-12.8,-0.2,,,,
98.873,10,Atta_10,2898.4,347.0,11.5,-80.3,1.4,,,,
98.941,1,Atta_1,2608.9,1441.2,143.0,60.4,-5.3,,,,
98.941,2,Atta_2,3477.5,2051.4,280.5,25.6,5.0,,,,
98.941,3,Atta_3,2938.5,2027.9,311.0,89.7,-0.9,,,,
98.941,4,Atta_4,3212.6,664.6,77.4,-52.3,0.4,,,,
98.941,5,Atta_5,2956.4,812.1,100.4,54.6,6.0,,,,
98.941,6,Atta_6,3193.4,2084.1,279.2,-55.0,5.0,,,,
98.941,7,Atta_7,2853.1,1080.8,328.1,-33.8,-7.2,,,,
98.941,8,Atta_8,2699.2,1694.8,228.7,69.8,2.1,,,,
98.941,9,Atta_9,2713.9,1239.0,358.9,-48.3,1.1,,,,
98.941,10,Atta_10,2907.6,379.4,19.2,33.7,7.7,,,,
99.007,1,Atta_1,2625.1,1469.0,146.1,32.2,3.1,,,,
99.007,2,Atta_2,3437.7,2025.3,280.9,47.6,0.4,,,,
99.007,3,Atta_3,2894.8,2080.7,310.7,-68.5,-0.3,,,,
99.007,4,Atta_4,3255.6,686.7,76.1,48.3,-1.3,,,,
99.007,5,Atta_5,3020.4,778.5,106.8,-72.3,6.4,,,,
99.007,6,Atta_6,3149.0,2058.8,277.8,51.1,-1.4,,,,
99.007,7,Atta_7,2740.3,1027.9,326.2,-124.6,-1.9,,,,
99.007,8,Atta_8,2798.7,1694.3,229.9,-99.5,1.2,,,,
99.007,9,Atta_9,2659.7,1216.6,358.2,-58.6,-0.7,,,,
99.007,10,Atta_10,2978.2,317.3,16.8,94.0,-2.4,,,,
99.073,1,Atta_1,2619.7,1429.3,145.5,-40.1,-0.6,,,,
99.073,2,Atta_2,3414.7,2006.6,279.1,29.6,-1.8,,,,
99.073,3,Atta_3,2916.4,2053.6,307.8,34.7,-2.9,,,,
99.073,4,Atta_4,3196.6,720.2,76.3,67.8,0.2,,,,
99.073,5,Atta_5,2972.7,788.1,109.7,48.7,2.9,,,,
99.073,6,Atta_6,3189.0,2088.5,273.4,-49.8,-4.4,,,,
99.073,7,Atta_7,2835.1,1069.2,320.3,103.4,-5.9,,,,
99.073,8,Atta_8,2815.6,1742.6,226.5,-51.2,-3.4,,,,
99.073,9,Atta_9,2754.0,1222.8,0.9,94.5,2.7,,,,
99.073,10,Atta_10,3005.3,347.7,17.3,40.7,0.5,,,,
99.142,1,Atta_1,2630.8,1430.6,147.1,-11.2,1.6,,,,
99.142,2,Atta_2,3453.5,2044.4,278.1,-54.2,-1.0,,,,
99.142,3,Atta_3,2915.3,2058.4,314.2,-4.9,6.4,,,,
99.142,4,Atta_4,3223.9,711.7,77.3,-28.6,1.0,,,,
99.142,5,Atta_5,2991.9,769.4,115.8,-26.8,6.1,,,,
99.142,6,Atta_6,3166.6,2108.7,278.8,-30.2,5.4,,,,
99.142,7,Atta_7,2761.0,1042.1,316.3,-78.9,-4.0,,,,
99.142,8,Atta_8,2753.9,1719.1,229.7,66.0,3.2,,,,
99.142,9,Atta_9,2757.4,1257.3,355.3,34.7,-5.6,,,,
99.142,10,Atta_10,2957.0,335.6,18.1,-49.8,0.8,,,,
99.211,1,Atta_1,2561.1,1465.1,146.2,77.8,-0.9,,,,
99.211,2,Atta_2,3500.4,2051.4,276.9,-47.4,-1.2,,,,
99.211,3,Atta_3,2931.5,2044.4,310.4,21.4,-3.8,,,,
99.211,4,Atta_4,3201.9,688.9,75.5,-31.7,-1.8,,,,
99.211,5,Atta_5,2935.9,758.1,118.9,57.1,3.1,,,,
99.211,6,Atta_6,3196.8,2126.6,274.5,-35.1,-4.3,,,,
99.211,7,Atta_7,2844.9,1104.6,317.8,104.6,1.5,,,,
99.211,8,Atta_8,2781.4,1712.7,226.7,-28.2,-3.0,,,,
99.211,9,Atta_9,2777.6,1266.4,358.0,22.2,2.7,,,,
99.211,10,Atta_10,2931.0,372.8,18.3,-45.4,0.2,,,,
99.262,1,Atta_1,2588.6,1389.3,148.5,-80.6,2.3,,,,
99.262,2,Atta_2,3426.1,2011.1,276.4,84.5,-0.5,,,,
99.262,3,Atta_3,2941.8,2018.9,309.9,27.5,-0.5,,,,
99.262,4,Atta_4,3166.9,674.8,72.0,-37.7,-3.5,,,,
99.262,5,Atta_5,2974.6,772.2,122.4,-41.2,3.5,,,,
99.262,6,Atta_6,3214.0,2079.9,273.6,49.8,-0.9,,,,
99.262,7,Atta_7,2785.8,1016.8,318.4,105.8,0.6,,,,
99.262,8,Atta_8,2851.2,1722.6,231.2,-70.5,4.5,,,,
99.262,9,Atta_9,2728.3,1272.9,358.6,-49.7,0.6,,,,
99.262,10,Atta_10,2972.2,382.9,16.0,42.4,-2.3,,,,
99.328,1,Atta_1,2554.5,1466.9,148.5,84.8,0.0,,,,
99.328,2,Atta_2,3419.9,2042.4,280.0,-31.9,3.6,,,,
99.328,3,Atta_3,2890.7,2050.7,311.8,-60.2,1.9,,,,
99.328,4,Atta_4,3209.5,652.1,77.2,-48.3,5.2,,,,
99.328,5,Atta_5,2947.8,807.1,124.7,44.0,2.3,,,,
99.328,6,Atta_6,3196.9,2135.9,275.3,-58.6,1.7,,,,
99.328,7,Atta_7,2723.1,1074.2,316.9,-85.0,-1.5,,,,
99.328,8,Atta_8,2828.3,1744.3,229.9,-31.5,-1.3,,,,
99.328,9,Atta_9,2744.6,1256.3,359.1,23.3,0.5,,,,
99.328,10,Atta_10,2920.7,337.9,19.2,-68.4,3.2,,,,
99.398,1,Atta_1,2527.8,1418.2,144.6,-55.5,-3.9,,,,
99.398,2,Atta_2,3425.0,2003.2,280.8,39.5,0.8,,,,
99.398,3,Atta_3,2916.6,2027.6,311.5,34.7,-0.3,,,,
99.398,4,Atta_4,3238.8,742.1,79.0,94.6,1.8,,,,
99.398,5,Atta_5,2976.7,820.2,130.6,-31.7,5.9,,,,
99.398,6,Atta_6,3145.3,2069.6,278.2,84.0,2.9,,,,
99.398,7,Atta_7,2816.4,1092.3,319.4,95.0,2.5,,,,
99.398,8,Atta_8,2795.9,1711.3,229.9,46.2,0.0,,,,
99.398,9,Atta_9,2737.4,1244.2,357.4,-14.1,-1.7,,,,
99.398,10,Atta_10,2921.3,370.1,19.5,32.2,0.3,,,,
99.467,1,Atta_1,2551.4,1476.8,142.7,63.2,-1.9,,,,
99.467,2,Atta_2,3467.0,2013.4,279.9,-43.2,-0.9,,,,
99.467,3,Atta_3,2947.9,1970.5,310.8,65.1,-0.7,,,,
99.467,4,Atta_4,3265.3,680.7,74.5,-66.9,-4.5,,,,
99.467,5,Atta_5,2937.4,814.9,136.3,39.7,5.7,,,,
99.467,6,Atta_6,3153.3,2067.2,275.1,8.4,-3.1,,,,
99.467,7,Atta_7,2867.1,1021.5,319.9,87.1,0.5,,,,
99.467,8,Atta_8,2837.4,1665.5,226.5,61.8,-3.4,,,,
99.467,9,Atta_9,2731.4,1171.3,358.6,-73.1,1.2,,,,
99.467,10,Atta_10,3019.4,358.0,16.5,98.8,-3.0,,,,
99.534,1,Atta_1,2547.1,1492.1,142.8,15.9,0.1,,,,
99.534,2,Atta_2,3524.8,2058.5,279.5,-73.3,-0.4,,,,
99.534,3,Atta_3,2988.4,2029.1,311.0,-71.2,0.2,,,,
99.534,4,Atta_4,3206.3,690.3,74.0,-59.8,-0.5,,,,
99.534,5,Atta_5,2975.8,750.2,143.0,-75.2,6.7,,,,
99.534,6,Atta_6,3202.6,2085.7,269.5,-52.7,-5.6,,,,
99.534,7,Atta_7,2811.3,1059.6,316.3,-67.6,-3.6,,,,
99.534,8,Atta_8,2743.2,1700.4,226.0,100.5,-0.5,,,,
99.534,9,Atta_9,2713.2,1265.3,1.2,-95.7,2.6,,,,
99.534,10,Atta_10,2956.7,377.3,17.3,-65.6,0.8,,,,
99.601,1,Atta_1,2533.2,1515.5,133.8,27.2,-9.0,,,,
99.601,2,Atta_2,3418.6,2063.2,276.8,-106.3,-2.7,,,,
99.601,3,Atta_3,2951.5,1985.6,311.5,57.0,0.5,,,,
99.601,4,Atta_4,3210.7,714.4,81.3,24.5,7.3,,,,
99.601,5,Atta_5,2973.3,810.7,143.8,60.6,0.8,,,,
99.601,6,Atta_6,3134.4,2110.5,273.4,-72.6,3.9,,,,
99.601,7,Atta_7,2807.9,1016.6,317.9,43.1,1.6,,,,
99.601,8,Atta_8,2771.2,1677.7,225.5,-36.0,-0.5,,,,
99.601,9,Atta_9,2754.2,1196.6,355.7,80.0,-5.5,,,,
99.601,10,Atta_10,2988.1,409.0,19.1,44.6,1.8,,,,
99.67,1,Atta_1,2553.1,1435.5,131.3,-82.4,-2.5,,,,
99.67,2,Atta_2,3469.3,2054.9,277.4,51.4,0.6,,,,
99.67,3,Atta_3,2955.1,2015.7,311.7,-30.3,0.2,,,,
99.67,4,Atta_4,3239.5,704.1,77.6,-30.6,-3.7,,,,
99.67,5,Atta_5,2946.8,788.2,147.9,34.8,4.1,,,,
99.67,6,Atta_6,3203.5,2059.4,274.4,85.9,1.0,,,,
99.67,7,Atta_7,2799.6,968.7,315.2,48.6,-2.7,,,,
99.67,8,Atta_8,2831.0,1733.8,227.1,-82.0,1.6,,,,
99.67,9,Atta_9,2693.7,1260.1,355.6,-87.7,-0.1,,,,
99.67,10,Atta_10,2996.1,437.2,14.0,29.3,-5.1,,,,
99.739,1,Atta_1,2572.5,1465.1,128.7,35.4,-2.6,,,,
99.739,2,Atta_2,3473.3,2057.8,278.9,-4.9,1.5,,,,
99.739,3,Atta_3,2972.2,1971.3,309.8,47.6,-1.9,,,,
99.739,4,Atta_4,3177.0,718.2,75.8,64.1,-1.8,,,,
99.739,5,Atta_5,2940.6,729.1,152.1,-59.4,4.2,,,,
99.739,6,Atta_6,3156.7,2022.7,275.6,59.5,1.2,,,,
99.739,7,Atta_7,2854.3,1000.9,316.9,63.5,1.7,,,,
99.739,8,Atta_8,2801.5,1701.2,224.8,44.0,-2.3,,,,
99.739,9,Atta_9,2777.0,1313.6,359.5,99.0,3.9,,,,
99.739,10,Atta_10,2999.4,380.1,18.1,-57.2,4.1,,,,
99.805,1,Atta_1,2509.5,1480.5,124.0,64.9,-4.7,,,,
99.805,2,Atta_2,3457.4,2082.2,279.3,-29.1,0.4,,,,
99.805,3,Atta_3,2955.4,1947.7,312.7,29.0,2.9,,,,
99.805,4,Atta_4,3240.1,767.8,76.7,80.3,0.9,,,,
99.805,5,Atta_5,2901.0,765.4,159.0,53.7,6.9,,,,
99.805,6,Atta_6,3142.1,2040.8,274.6,-23.3,-1.0,,,,
99.805,7,Atta_7,2826.1,1070.3,316.7,-74.9,-0.2,,,,
99.805,8,Atta_8,2782.0,1759.8,228.8,-61.8,4.0,,,,
99.805,9,Atta_9,2734.2,1260.2,358.7,-68.4,-0.8,,,,
99.805,10,Atta_10,3021.1,436.6,17.4,60.5,-0.7,,,,
99.871,1,Atta_1,2575.8,1499.6,118.2,-69.0,-5.8,,,,
99.871,2,Atta_2,3450.7,2058.8,276.4,24.3,-2.9,,,,
99.871,3,Atta_3,2953.9,1962.5,308.2,-14.9,-4.5,,,,
99.871,4,Atta_4,3197.8,737.8,76.2,-51.9,-0.5,,,,
99.871,5,Atta_5,2938.8,805.5,163.3,-55.1,4.3,,,,
99.871,6,Atta_6,3237.6,2065.2,275.4,-98.6,0.8,,,,
99.871,7,Atta_7,2815.0,992.2,315.5,78.9,-1.2,,,,
99.871,8,Atta_8,2777.9,1718.0,227.9,42.0,-0.9,,,,
99.871,9,Atta_9,2751.7,1202.5,355.7,60.3,-3.0,,,,
99.871,10,Atta_10,3040.1,390.2,15.8,50.1,-1.6,,,,
99.939,1,Atta_1,2624.9,1465.3,113.7,-59.9,-4.5,,,,
99.939,2,Atta_2,3443.6,2037.0,275.7,22.9,-0.7,,,,
99.939,3,Atta_3,2971.1,1940.9,311.7,27.6,3.5,,,,
99.939,4,Atta_4,3238.0,680.9,79.7,-69.7,3.5,,,,
99.939,5,Atta_5,2963.1,752.5,164.9,-58.3,1.6,,,,
99.939,6,Atta_6,3101.9,2027.8,273.7,140.8,-1.7,,,,
99.939,7,Atta_7,2830.5,1014.1,318.7,-26.8,3.2,,,,
99.939,8,Atta_8,2791.1,1738.4,227.0,-24.3,-0.9,,,,
99.939,9,Atta_9,2708.7,1247.8,360.0,-62.5,4.3,,,,
99.939,10,Atta_10,3131.4,355.2,15.4,97.8,-0.4,,,,
100.008,1,Atta_1,2511.6,1506.8,110.5,120.7,-3.2,,,,
100.008,2,Atta_2,3476.6,1996.7,278.2,52.1,2.5,,,,
100.008,3,Atta_3,3018.4,1904.3,310.7,59.8,-1.0,,,,
100.008,4,Atta_4,3231.1,708.1,80.7,28.1,1.0,,,,
100.008,5,Atta_5,2951.0,730.0,172.3,25.5,7.4,,,,
100.008,6,Atta_6,3214.1,2058.9,276.9,-116.4,3.2,,,,
100.008,7,Atta_7,2843.7,984.8,320.4,32.1,1.7,,,,
100.008,8,Atta_8,2776.8,1710.1,226.7,31.7,-0.3,,,,
100.008,9,Atta_9,2727.0,1251.0,357.6,18.6,-2.4,,,,
100.008,10,Atta_10,3061.3,377.9,19.4,-73.7,4.0,,,,
100.078,1,Atta_1,2549.1,1439.2,102.4,-77.3,-8.1,,,,
100.078,2,Atta_2,3435.0,2020.1,281.4,-47.7,3.2,,,,
100.078,3,Atta_3,2957.9,1934.2,307.7,-67.5,-3.0,,,,
100.078,4,Atta_4,3237.6,755.9,79.4,48.2,-1.3,,,,
100.078,5,Atta_5,2987.6,773.4,175.2,-56.8,2.9,,,,
100.078,6,Atta_6,3176.8,2098.4,272.1,-54.3,-4.8,,,,
100.078,7,Atta_7,2842.1,1025.1,317.4,-40.3,-3.0,,,,
100.078,8,Atta_8,2762.8,1740.5,227.9,-33.5,1.2,,,,
100.078,9,Atta_9,2700.6,1185.5,0.5,-70.6,2.9,,,,
100.078,10,Atta_10,3095.8,380.4,15.4,34.6,-4.0,,,,
100.144,1,Atta_1,2626.2,1414.9,96.9,-80.8,-5.5,,,,
100.144,2,Atta_2,3427.2,2088.7,279.5,-69.0,-1.9,,,,
100.144,3,Atta_3,2987.8,1937.5,310.0,30.1,2.3,,,,
100.144,4,Atta_4,3254.2,708.4,77.1,-50.3,-2.3,,,,
100.144,5,Atta_5,3000.2,786.9,180.4,-18.5,5.2,,,,
100.144,6,Atta_6,3170.3,2086.0,277.9,14.0,5.8,,,,
100.144,8,Atta_8,2790.5,1758.5,225.8,-33.0,-2.1,,,,
100.144,9,Atta_9,2723.7,1245.4,0.9,64.2,0.4,,,,
100.144,10,Atta_10,3088.8,347.5,26.0,-33.6,10.6,,,,
100.212,1,Atta_1,2460.7,1480.2,94.6,177.9,-2.3,,,,
100.212,2,Atta_2,3482.3,2059.8,273.6,62.2,-5.9,,,,
100.212,3,Atta_3,2993.3,1994.1,311.6,-56.9,1.6,,,,
100.212,4,Atta_4,3241.5,698.9,81.2,-15.9,4.1,,,,
100.212,5,Atta_5,2948.6,793.6,185.2,52.0,4.8,,,,
100.212,6,Atta_6,3242.0,2101.2,273.9,-73.3,-4.0,,,,
100.212,7,Atta_7,2873.1,1005.3,317.9,36.8,0.5,,,,
100.212,8,Atta_8,2797.6,1659.6,230.6,99.2,4.8,,,,
100.212,9,Atta_9,2702.2,1265.7,355.4,-29.6,-5.5,,,,
100.212,10,Atta_10,3065.7,450.8,21.8,105.9,-4.2,,,,
100.279,1,Atta_1,2559.8,1517.6,90.0,105.9,-4.6,,,,
100.279,2,Atta_2,3438.1,2044.2,275.7,46.9,2.1,,,,
100.279,3,Atta_3,2995.1,1878.3,307.6,115.8,-4.0,,,,
100.279,4,Atta_4,3262.1,712.3,75.2,24.6,-6.0,,,,
100.279,5,Atta_5,2982.0,766.6,186.6,-42.9,1.4,,,,
100.279,6,Atta_6,3214.8,2074.5,275.6,38.1,1.7,,,,
100.279,7,Atta_7,2831.1,1076.1,315.8,-82.3,-2.1,,,,
100.279,8,Atta_8,2715.7,1697.2,223.4,90.1,-7.2,,,,
100.279,9,Atta_9,2740.1,1205.1,359.1,71.5,3.7,,,,
100.279,10,Atta_10,3055.6,395.7,16.5,-56.0,-5.3,,,,
100.332,1,Atta_1,2592.0,1415.8,83.7,-106.8,-6.3,,,,
100.332,2,Atta_2,3444.6,2021.6,280.2,23.5,4.5,,,,
100.332,3,Atta_3,2916.8,1948.4,308.6,-105.1,1.0,,,,
100.332,4,Atta_4,3238.4,679.3,77.9,-40.6,2.7,,,,
100.332,5,Atta_5,2869.0,835.3,196.6,132.2,10.0,,,,
100.332,6,Atta_6,3161.5,2040.6,275.7,63.2,0.1,,,,
100.332,7,Atta_7,2847.4,979.0,318.4,98.5,2.6,,,,
100.332,8,Atta_8,2760.9,1716.4,227.4,-49.1,4.0,,,,
100.332,9,Atta_9,2765.8,1193.9,357.2,28.0,-1.9,,,,
100.332,10,Atta_10,3075.4,387.2,19.9,21.5,3.4,,,,
100.471,1,Atta_1,2516.6,1516.5,81.7,125.8,-2.0,,,,
100.471,2,Atta_2,3409.2,2039.1,278.3,-39.5,-1.9,,,,
100.471,3,Atta_3,2978.2,1953.2,307.2,61.6,-1.4,,,,
100.471,5,Atta_5,2925.4,805.1,198.4,-64.0,1.8,,,,
100.471,6,Atta_6,3128.7,2039.9,275.8,-32.8,0.1,,,,
100.471,7,Atta_7,2894.5,998.5,317.0,51.0,-1.4,,,,
100.471,8,Atta_8,2766.3,1753.0,227.8,-37.0,0.4,,,,
100.471,9,Atta_9,2728.6,1253.2,359.3,-70.0,2.1,,,,
100.471,10,Atta_10,3137.9,440.9,18.8,82.4,-1.1,,,,
100.521,1,Atta_1,2492.7,1469.3,77.3,-52.9,-4.4,,,,
100.521,2,Atta_2,3463.6,2052.6,278.6,-56.1,0.3,,,,
100.521,3,Atta_3,2958.3,1988.1,310.5,-40.2,3.3,,,,
100.521,4,Atta_4,3238.4,690.5,73.2,11.2,-4.7,,,,
100.521,5,Atta_5,3035.7,780.3,201.0,-113.1,2.6,,,,
100.521,6,Atta_6,3141.2,2083.4,277.1,-45.3,1.3,,,,
100.521,7,Atta_7,2803.1,1012.1,317.4,-92.4,0.4,,,,
100.521,8,Atta_8,2815.9,1716.3,228.7,-61.7,0.9,,,,
100.521,9,Atta_9,2672.2,1226.6,0.4,-62.4,1.1,,,,
100.521,10,Atta_10,3165.5,433.2,22.4,28.7,3.6,,,,
100.59,1,Atta_1,2591.0,1431.9,72.7,-105.2,-4.6,,,,
100.59,2,Atta_2,3476.9,2032.5,278.3,24.1,-0.3,,,,
100.59,3,Atta_3,3013.1,1916.8,306.7,89.9,-3.8,,,,
100.59,4,Atta_4,3278.1,698.3,72.5,40.5,-0.7,,,,
100.59,5,Atta_5,2954.5,816.4,207.0,88.9,6.0,,,,
100.59,6,Atta_6,3203.1,2048.7,276.7,71.0,-0.4,,,,
100.59,7,Atta_7,2883.1,1015.3,313.6,80.1,-3.8,,,,
100.59,8,Atta_8,2809.2,1700.5,228.7,17.2,0.0,,,,
100.59,9,Atta_9,2703.7,1218.4,0.4,32.5,0.0,,,,
100.59,10,Atta_10,3190.9,417.3,21.0,30.0,-1.4,,,,
100.659,1,Atta_1,2549.9,1500.6,72.2,80.1,-0.5,,,,
100.659,2,Atta_2,3473.5,2003.9,279.2,28.8,0.9,,,,
100.659,3,Atta_3,3019.6,1877.9,310.6,39.4,3.9,,,,
100.659,4,Atta_4,3205.5,681.6,76.2,-74.5,3.7,,,,
100.659,5,Atta_5,2959.7,728.5,210.2,88.1,3.2,,,,
100.659,6,Atta_6,3156.1,2030.9,274.9,50.3,-1.8,,,,
100.659,7,Atta_7,2894.9,985.3,315.1,32.2,1.5,,,,
100.659,8,Atta_8,2802.4,1741.2,226.8,-41.3,-1.9,,,,
100.659,9,Atta_9,2769.8,1199.7,359.9,68.7,-0.5,,,,
100.659,10,Atta_10,3144.6,455.0,16.5,-59.7,-4.5,,,,
100.73,1,Atta_1,2596.6,1397.1,74.2,-113.5,2.0,,,,
100.73,2,Atta_2,3393.3,2034.7,277.3,-85.9,-1.9,,,,
100.73,3,Atta_3,2989.2,1978.9,307.7,-105.5,-2.9,,,,
100.73,4,Atta_4,3218.0,728.0,74.2,48.1,-2.0,,,,
100.73,5,Atta_5,2957.8,782.7,214.3,-54.2,4.1,,,,
100.73,6,Atta_6,3163.7,2028.7,274.3,7.9,-0.6,,,,
100.73,7,Atta_7,2851.1,989.4,318.9,-44.0,3.8,,,,
100.73,8,Atta_8,2799.7,1699.3,225.7,42.0,-1.1,,,,
100.73,9,Atta_9,2712.6,1198.3,357.0,-57.2,-2.9,,,,
100.73,10,Atta_10,3241.4,460.9,17.2,97.0,0.7,,,,
100.792,1,Atta_1,2534.9,1500.5,77.3,120.4,3.1,,,,
100.792,2,Atta_2,3452.8,2003.2,279.4,67.3,2.1,,,,
100.792,3,Atta_3,2978.4,1921.1,311.0,58.8,3.3,,,,
100.792,4,Atta_4,3208.2,746.7,75.4,21.1,1.2,,,,
100.792,5,Atta_5,3007.5,783.9,217.9,-49.7,3.6,,,,
100.792,6,Atta_6,3148.5,2105.2,274.9,-78.0,0.6,,,,
100.792,7,Atta_7,2872.9,1001.8,319.7,25.1,0.8,,,,
100.792,8,Atta_8,2767.3,1743.8,227.0,-55.0,1.3,,,,
100.792,9,Atta_9,2762.5,1223.5,356.6,55.9,-0.4,,,,
100.792,10,Atta_10,3171.0,479.4,17.3,-72.8,0.1,,,,
100.859,1,Atta_1,2585.0,1472.0,74.8,-57.6,-2.5,,,,
100.859,2,Atta_2,3378.5,2098.2,274.9,-120.6,-4.5,,,,
100.859,3,Atta_3,2955.9,1973.4,311.7,-56.9,0.7,,,,
100.859,4,Atta_4,3222.8,654.6,75.9,-93.3,0.5,,,,
100.859,5,Atta_5,2982.6,820.0,222.1,-43.9,4.2,,,,
100.859,6,Atta_6,3172.8,2070.5,278.3,42.4,3.4,,,,
100.859,7,Atta_7,2838.9,1035.5,317.3,-47.9,-2.4,,,,
100.859,8,Atta_8,2759.1,1716.8,230.4,28.2,3.4,,,,
100.859,9,Atta_9,2744.2,1282.9,359.3,-62.2,2.7,,,,
100.859,10,Atta_10,3196.8,454.7,17.4,35.7,0.1,,,,
100.929,1,Atta_1,2581.1,1481.8,75.3,10.5,0.5,,,,
100.929,2,Atta_2,3416.2,2043.4,273.8,66.5,-1.1,,,,
100.929,3,Atta_3,2995.1,1993.5,312.0,44.1,0.3,,,,
100.929,4,Atta_4,3225.1,696.3,82.3,41.8,6.4,,,,
100.929,5,Atta_5,2970.0,746.4,219.9,74.7,-2.2,,,,
100.929,6,Atta_6,3089.8,2026.8,276.2,93.8,-2.1,,,,
100.929,7,Atta_7,2858.3,966.8,319.7,71.4,2.4,,,,
100.929,8,Atta_8,2791.1,1711.2,232.7,-32.5,2.3,,,,
100.929,9,Atta_9,2782.8,1259.9,0.6,44.9,1.3,,,,
100.929,10,Atta_10,3161.0,433.0,19.4,-41.9,2.0,,,,
100.998,1,Atta_1,2582.8,1462.9,75.6,-19.0,0.3,,,,
100.998,2,Atta_2,3496.2,2049.5,282.1,-80.2,8.3,,,,
100.998,3,Atta_3,2950.4,1972.0,313.8,-49.6,1.8,,,,
100.998,4,Atta_4,3222.1,726.5,76.7,30.3,-5.6,,,,
100.998,5,Atta_5,2953.9,786.0,218.6,-42.7,-1.3,,,,
100.998,6,Atta_6,3233.8,2101.4,278.5,-162.2,2.3,,,,
100.998,7,Atta_7,2915.2,999.8,316.6,65.8,-3.1,,,,
100.998,8,Atta_8,2853.5,1666.7,223.0,-76.6,-9.7,,,,
100.998,9,Atta_9,2711.6,1240.2,359.0,-73.9,-1.6,,,,
100.998,10,Atta_10,3240.6,391.5,20.9,89.8,1.5,,,,
101.053,1,Atta_1,2574.6,1494.9,76.5,33.0,0.9,,,,
101.053,2,Atta_2,3443.9,2051.3,280.2,-52.3,-1.9,,,,
101.053,3,Atta_3,2999.6,1971.0,311.3,49.2,-2.5,,,,
101.053,4,Atta_4,3220.8,708.5,78.4,-18.0,1.7,,,,
101.053,5,Atta_5,2934.0,777.2,222.3,21.8,3.7,,,,
101.053,6,Atta_6,3172.7,2051.5,275.3,78.9,-3.2,,,,
101.053,7,Atta_7,2832.5,973.2,315.6,-86.9,-1.0,,,,
101.053,8,Atta_8,2769.6,1689.5,226.6,86.9,3.6,,,,
101.053,9,Atta_9,2717.1,1271.5,356.9,31.8,-2.1,,,,
101.053,10,Atta_10,3199.1,426.0,18.3,-54.0,-2.6,,,,
101.122,1,Atta_1,2579.1,1462.7,78.1,-32.5,1.6,,,,
101.122,2,Atta_2,3425.1,2041.3,281.5,21.3,1.3,,,,
101.122,3,Atta_3,3024.1,1978.1,310.1,25.5,-1.2,,,,
101.122,4,Atta_4,3151.2,710.2,77.8,-69.6,-0.6,,,,
101.122,5,Atta_5,2931.6,757.3,217.5,20.0,-4.8,,,,
101.122,6,Atta_6,3135.5,2065.4,276.4,-39.7,1.1,,,,
101.122,7,Atta_7,2815.9,1015.2,316.6,-45.2,1.0,,,,
101.122,8,Atta_8,2764.1,1715.4,226.0,-26.5,-0.6,,,,
101.122,9,Atta_9,2727.6,1215.8,358.2,56.7,1.3,,,,
101.122,10,Atta_10,3208.1,462.9,15.9,38.0,-2.4,,,,
101.189,1,Atta_1,2528.6,1514.5,75.1,72.3,-3.0,,,,
101.189,2,Atta_2,3478.0,2068.0,277.2,-59.3,-4.3,,,,
101.189,3,Atta_3,3041.1,1941.2,312.8,40.6,2.7,,,,
101.189,4,Atta_4,3157.9,680.2,76.9,-30.7,-0.9,,,,
101.189,5,Atta_5,2940.1,790.2,219.1,-34.0,1.6,,,,
101.189,6,Atta_6,3182.1,2072.8,275.1,-47.2,-1.3,,,,
101.189,7,Atta_7,2870.1,982.7,315.8,63.2,-0.8,,,,
101.189,8,Atta_8,2790.6,1751.1,225.8,-44.5,-0.2,,,,
101.189,9,Atta_9,2726.7,1240.5,357.2,-24.7,-1.0,,,,
101.189,10,Atta_10,3241.6,467.2,17.9,33.8,2.0,,,,
101.24,1,Atta_1,2575.4,1486.1,77.7,-54.7,2.6,,,,
101.24,2,Atta_2,3468.6,2035.7,279.7,33.6,2.5,,,,
101.24,3,Atta_3,2970.7,1972.6,314.3,-77.1,1.5,,,,
101.24,4,Atta_4,3249.3,730.3,76.8,104.2,-0.1,,,,
101.24,5,Atta_5,2920.3,714.4,221.0,78.3,1.9,,,,
101.24,6,Atta_6,3124.5,2096.4,271.7,-62.2,-3.4,,,,
101.24,7,Atta_7,2806.3,967.4,317.5,-65.6,1.7,,,,
101.24,8,Atta_8,2778.5,1684.2,229.0,68.0,3.2,,,,
101.24,9,Atta_9,2776.8,1193.9,358.4,68.4,1.2,,,,
101.24,10,Atta_10,3246.0,435.8,18.2,-31.7,0.3,,,,
101.31,1,Atta_1,2517.0,1520.1,85.2,67.6,7.5,,,,
101.31,2,Atta_2,3393.3,2079.0,278.3,-86.9,-1.4,,,,
101.31,3,Atta_3,2999.7,1983.1,314.1,30.8,-0.2,,,,
101.31,4,Atta_4,3231.9,747.1,74.2,24.2,-2.6,,,,
101.31,5,Atta_5,2913.7,697.0,216.8,18.6,-4.2,,,,
101.31,6,Atta_6,3203.0,2066.4,272.9,84.0,1.2,,,,
101.31,7,Atta_7,2816.1,1042.1,317.8,-75.3,0.3,,,,
101.31,8,Atta_8,2802.9,1710.5,225.8,-35.9,-3.2,,,,
101.31,9,Atta_9,2681.9,1247.5,355.7,-109.0,-2.7,,,,
101.31,10,Atta_10,3242.8,445.5,15.7,-10.2,-2.5,,,,
101.376,1,Atta_1,2562.3,1512.3,84.8,-46.0,-0.4,,,,
101.376,2,Atta_2,3438.9,2031.3,282.9,66.0,4.6,,,,
101.376,3,Atta_3,2995.4,1893.5,310.5,89.7,-3.6,,,,
101.376,4,Atta_4,3246.9,729.6,76.5,-23.0,2.3,,,,
101.376,5,Atta_5,2938.1,746.9,223.1,-55.5,6.3,,,,
101.376,6,Atta_6,3126.1,2062.3,279.2,77.0,6.3,,,,
101.376,7,Atta_7,2870.2,1037.4,317.1,54.3,-0.7,,,,
101.376,8,Atta_8,2749.3,1703.8,227.1,54.0,1.3,,,,
101.376,9,Atta_9,2742.5,1185.4,357.6,86.8,1.9,,,,
101.376,10,Atta_10,3204.8,471.2,19.3,-45.9,3.6,,,,
101.443,1,Atta_1,2555.7,1553.1,91.0,41.3,6.2,,,,
101.443,2,Atta_2,3424.9,2065.9,277.6,-37.3,-5.3,,,,
101.443,3,Atta_3,2963.5,1932.4,311.9,-50.3,1.4,,,,
101.443,4,Atta_4,3228.3,674.1,75.1,-58.5,-1.4,,,,
101.443,5,Atta_5,2901.8,729.0,217.4,40.5,-5.7,,,,
101.443,6,Atta_6,3197.1,2074.9,278.2,-72.1,-1.0,,,,
101.443,7,Atta_7,2817.8,980.2,315.1,77.6,-2.0,,,,
101.443,8,Atta_8,2787.2,1734.9,225.0,-49.0,-2.1,,,,
101.443,9,Atta_9,2714.8,1160.3,358.9,-37.4,1.3,,,,
101.443,10,Atta_10,3284.0,512.9,16.4,89.5,-2.9,,,,
101.51,1,Atta_1,2592.8,1531.0,88.8,-43.2,-2.2,,,,
101.51,2,Atta_2,3460.4,2038.8,274.9,44.7,-2.7,,,,
101.51,3,Atta_3,2949.9,1970.3,310.1,-40.3,-1.8,,,,
101.51,4,Atta_4,3244.3,701.9,78.5,32.1,3.4,,,,
101.51,5,Atta_5,2873.3,710.8,220.7,33.8,3.3,,,,
101.51,6,Atta_6,3126.7,2078.4,275.7,-70.5,-2.5,,,,
101.51,7,Atta_7,2906.8,980.1,318.8,89.0,3.7,,,,
101.51,8,Atta_8,2827.7,1727.1,225.0,-41.2,0.0,,,,
101.51,9,Atta_9,2700.9,1235.2,359.2,-76.2,0.3,,,,
101.51,10,Atta_10,3296.5,457.8,16.1,-56.5,-0.3,,,,
101.58,1,Atta_1,2591.2,1472.4,93.1,-58.6,4.3,,,,
101.58,2,Atta_2,3499.9,1984.3,274.6,67.3,-0.3,,,,
101.58,3,Atta_3,2977.4,1958.5,310.1,29.9,0.0,,,,
101.58,4,Atta_4,3188.6,689.7,79.5,-57.0,1.0,,,,
101.58,5,Atta_5,2873.3,731.4,216.7,-20.6,-4.0,,,,
101.58,6,Atta_6,3136.5,2036.2,275.9,43.3,0.2,,,,
101.58,7,Atta_7,2833.7,937.6,318.2,-84.6,-0.6,,,,
101.58,8,Atta_8,2734.2,1693.5,227.0,99.4,2.0,,,,
101.58,9,Atta_9,2764.1,1245.0,357.4,64.0,-1.8,,,,
101.58,10,Atta_10,3329.5,458.9,18.0,33.0,1.9,,,,
101.646,1,Atta_1,2574.5,1475.0,92.1,16.9,-1.0,,,,
101.646,2,Atta_2,3459.7,2041.5,279.3,-69.9,4.7,,,,
101.646,3,Atta_3,3052.2,1941.6,307.3,76.7,-2.8,,,,
101.646,4,Atta_4,3207.2,750.9,75.9,64.0,-3.6,,,,
101.646,5,Atta_5,2918.1,722.3,212.7,-45.7,-4.0,,,,
101.646,6,Atta_6,3157.5,2049.0,280.5,-24.6,4.6,,,,
101.646,7,Atta_7,2890.9,1002.7,321.9,-86.7,3.7,,,,
101.646,8,Atta_8,2761.1,1725.3,230.8,-41.7,3.8,,,,
101.646,9,Atta_9,2719.2,1220.1,357.7,-51.3,0.3,,,,
101.646,10,Atta_10,3361.0,514.2,20.5,63.6,2.5,,,,
101.712,1,Atta_1,2579.2,1523.4,89.2,48.6,-2.9,,,,
101.712,2,Atta_2,3487.2,1989.6,277.3,58.7,-2.0,,,,
101.712,3,Atta_3,2981.1,2003.9,310.4,-94.5,3.1,,,,
101.712,4,Atta_4,3281.1,663.2,75.9,-114.7,0.0,,,,
101.712,5,Atta_5,2883.8,785.5,208.1,-71.9,-4.6,,,,
101.712,6,Atta_6,3183.8,2073.1,276.0,-35.7,-4.5,,,,
101.712,7,Atta_7,2810.5,995.7,318.4,-80.7,-3.5,,,,
101.712,8,Atta_8,2788.5,1722.2,231.1,-27.6,0.3,,,,
101.712,9,Atta_9,2672.6,1211.9,355.4,-47.3,-2.3,,,,
101.712,10,Atta_10,3353.5,512.5,20.3,-7.7,-0.2,,,,
101.782,1,Atta_1,2568.6,1457.7,95.3,-66.5,6.1,,,,
101.782,2,Atta_2,3436.1,2052.7,283.1,-81.2,5.8,,,,
101.782,3,Atta_3,2977.0,1938.1,312.1,65.9,1.7,,,,
101.782,4,Atta_4,3270.3,704.9,78.2,43.1,2.3,,,,
101.782,5,Atta_5,2872.6,711.2,202.3,75.1,-5.8,,,,
101.782,6,Atta_6,3131.5,2110.7,276.6,-64.4,0.6,,,,
101.782,7,Atta_7,2860.6,1011.0,319.8,52.4,1.4,,,,
101.782,8,Atta_8,2732.2,1743.8,226.1,60.3,-5.0,,,,
101.782,9,Atta_9,2729.4,1196.4,355.9,58.9,0.5,,,,
101.782,10,Atta_10,3313.8,524.7,20.0,-41.5,-0.3,,,,
101.853,1,Atta_1,2580.2,1518.3,93.0,61.7,-2.3,,,,
101.853,2,Atta_2,3455.1,2025.1,277.0,33.5,-6.1,,,,
101.853,3,Atta_3,2962.9,2010.6,311.1,-73.9,-1.0,,,,
101.853,4,Atta_4,3210.8,645.1,76.9,-84.4,-1.3,,,,
101.853,5,Atta_5,2905.7,665.4,199.5,-56.5,-2.8,,,,
101.853,6,Atta_6,3158.5,2066.6,272.0,51.7,-4.6,,,,
101.853,7,Atta_7,2836.9,1036.6,317.4,-34.9,-2.4,,,,
101.853,8,Atta_8,2787.9,1678.2,225.0,86.1,-1.1,,,,
101.853,9,Atta_9,2703.1,1273.7,358.9,-81.7,3.0,,,,
101.853,10,Atta_10,3324.7,518.8,18.2,12.4,-1.8,,,,
101.919,1,Atta_1,2547.4,1570.5,94.6,61.6,1.6,,,,
101.919,2,Atta_2,3445.1,2047.8,276.9,-24.8,-0.1,,,,
101.919,3,Atta_3,2992.3,1883.0,311.7,130.9,0.6,,,,
101.919,4,Atta_4,3207.1,709.9,74.4,64.9,-2.5,,,,
101.919,5,Atta_5,2821.6,730.0,193.8,106.0,-5.7,,,,
101.919,6,Atta_6,3168.4,2099.7,277.1,-34.5,5.1,,,,
101.919,7,Atta_7,2849.5,1001.3,319.3,37.5,1.9,,,,
101.919,8,Atta_8,2781.6,1711.4,232.4,-33.8,7.4,,,,
101.919,9,Atta_9,2737.9,1240.8,357.9,47.9,-1.0,,,,
101.919,10,Atta_10,3322.8,506.6,16.5,-12.3,-1.7,,,,
101.985,1,Atta_1,2579.4,1555.2,93.3,-35.5,-1.3,,,,
101.985,2,Atta_2,3465.3,2101.5,281.6,-57.4,4.7,,,,
101.985,3,Atta_3,2944.9,1948.2,312.2,-80.6,0.5,,,,
101.985,4,Atta_4,3206.3,726.1,76.4,16.2,2.0,,,,
101.985,5,Atta_5,2906.4,711.8,189.5,-86.7,-4.3,,,,
101.985,6,Atta_6,3118.6,2011.8,277.4,101.0,0.3,,,,
101.985,7,Atta_7,2839.4,997.9,317.0,-10.7,-2.3,,,,
101.985,8,Atta_8,2826.3,1714.0,227.8,-44.8,-4.6,,,,
101.985,9,Atta_9,2712.0,1202.1,359.3,-46.6,1.4,,,,
101.985,10,Atta_10,3391.4,533.4,18.8,73.6,2.3,,,,
102.051,1,Atta_1,2588.2,1565.5,86.4,13.5,-6.9,,,,
102.051,2,Atta_2,3469.7,2041.6,278.0,60.1,-3.6,,,,
102.051,3,Atta_3,2953.1,1936.4,308.6,14.4,-3.6,,,,
102.051,4,Atta_4,3272.3,704.2,75.6,-69.5,-0.8,,,,
102.051,5,Atta_5,2906.6,686.4,188.4,25.4,-1.1,,,,
102.051,6,Atta_6,3130.1,2141.8,275.0,-130.5,-2.4,,,,
102.051,7,Atta_7,2843.9,1007.8,319.1,-10.9,2.1,,,,
102.051,8,Atta_8,2793.8,1778.6,230.4,-72.3,2.6,,,,
102.051,9,Atta_9,2749.5,1207.7,358.3,37.9,-1.0,,,,
102.051,10,Atta_10,3371.2,517.9,19.0,-25.5,0.2,,,,
102.184,1,Atta_1,2577.6,1629.4,88.6,64.8,2.2,,,,
102.184,2,Atta_2,3455.0,2100.0,278.2,-60.2,0.2,,,,
102.184,3,Atta_3,3016.1,1919.8,310.8,65.2,2.2,,,,
102.184,4,Atta_4,3186.7,676.0,76.0,-90.1,0.4,,,,
102.184,5,Atta_5,2934.9,713.8,181.5,-39.4,-6.9,,,,
102.184,6,Atta_6,3182.8,2062.4,275.9,95.3,0.9,,,,
102.184,7,Atta_7,2848.2,1059.3,314.8,-51.7,-4.3,,,,
102.184,8,Atta_8,2754.7,1746.7,225.4,50.5,-5.0,,,,
102.184,9,Atta_9,2719.5,1258.2,1.3,-58.7,3.0,,,,
102.184,10,Atta_10,3422.4,532.1,19.4,53.1,0.4,,,,
102.254,1,Atta_1,2618.4,1572.1,83.3,-70.3,-5.3,,,,
102.254,2,Atta_2,3438.3,2047.1,279.1,55.5,0.9,,,,
102.254,3,Atta_3,2939.7,1957.3,307.6,-85.1,-3.2,,,,
102.254,4,Atta_4,3196.5,699.2,79.8,25.2,3.8,,,,
102.254,5,Atta_5,2884.8,719.9,171.5,50.5,-10.0,,,,
102.254,6,Atta_6,3153.9,2051.8,271.4,30.8,-4.5,,,,
102.254,7,Atta_7,2827.1,969.0,318.1,92.7,3.3,,,,
102.254,8,Atta_8,2798.8,1687.0,224.3,74.2,-1.1,,,,
102.254,9,Atta_9,2756.3,1229.5,0.9,46.7,-0.4,,,,
102.254,10,Atta_10,3419.0,509.5,18.0,-22.9,-1.4,,,,
102.32,1,Atta_1,2546.6,1604.0,77.7,78.6,-5.6,,,,
102.32,2,Atta_2,3483.9,2032.4,278.1,47.9,-1.0,,,,
102.32,3,Atta_3,2966.4,1924.8,311.8,42.1,4.2,,,,
102.32,4,Atta_4,3233.9,771.8,76.7,81.7,-3.1,,,,
102.32,5,Atta_5,2876.2,780.3,165.8,61.0,-5.7,,,,
102.32,6,Atta_6,3173.7,2088.5,278.3,-41.7,6.9,,,,
102.32,7,Atta_7,2812.8,991.6,318.8,-26.7,0.7,,,,
102.32,8,Atta_8,2759.3,1690.6,229.6,39.7,5.3,,,,
102.32,9,Atta_9,2749.2,1236.5,359.7,-10.0,-1.2,,,,
102.32,10,Atta_10,3348.7,559.8,14.9,-86.4,-3.1,,,,
102.442,1,Atta_1,2574.9,1588.1,75.0,-32.5,-2.7,,,,
102.442,2,Atta_2,3473.9,2052.0,280.7,-22.0,2.6,,,,
102.442,3,Atta_3,2963.6,1931.8,308.2,-7.5,-3.6,,,,
102.442,4,Atta_4,3175.9,671.1,75.2,-116.2,-1.5,,,,
102.442,5,Atta_5,2900.2,764.3,161.3,-28.8,-4.5,,,,
102.442,6,Atta_6,3150.3,2050.3,277.4,44.8,-0.9,,,,
102.442,7,Atta_7,2834.1,997.4,318.1,22.1,-0.7,,,,
102.442,8,Atta_8,2788.3,1674.5,225.2,-33.2,-4.4,,,,
102.442,9,Atta_9,2768.5,1232.4,358.8,19.7,-0.9,,,,
102.442,10,Atta_10,3468.2,532.1,24.0,122.7,9.1,,,,
102.494,1,Atta_1,2582.6,1581.9,70.9,-9.9,-4.1,,,,
102.494,2,Atta_2,3470.0,2065.4,274.0,-14.0,-6.7,,,,
102.494,3,Atta_3,2971.9,1978.4,311.9,-47.3,3.7,,,,
102.494,4,Atta_4,3281.4,722.3,77.6,117.3,2.4,,,,
102.494,5,Atta_5,2927.2,760.1,155.8,-27.3,-5.5,,,,
102.494,6,Atta_6,3129.2,2066.3,275.5,-26.5,-1.9,,,,
102.494,7,Atta_7,2887.5,1006.7,319.9,54.2,1.8,,,,
102.494,8,Atta_8,2730.9,1690.9,226.9,59.7,1.7,,,,
102.494,9,Atta_9,2711.6,1193.2,359.6,-69.1,0.8,,,,
102.494,10,Atta_10,3432.7,463.1,26.5,-77.6,2.5,,,,
102.544,1,Atta_1,2556.3,1593.9,63.6,28.9,-7.3,,,,
102.544,2,Atta_2,3506.5,2021.5,279.0,57.1,5.0,,,,
102.544,3,Atta_3,2903.5,1923.4,310.0,-87.8,-1.9,,,,
102.544,4,Atta_4,3214.3,733.7,78.7,-68.1,1.1,,,,
102.544,5,Atta_5,2932.7,772.3,154.3,-13.4,-1.5,,,,
102.544,6,Atta_6,3124.9,2095.0,275.1,-29.0,-0.4,,,,
102.544,7,Atta_7,2835.9,1008.2,315.8,-51.6,-4.1,,,,
102.544,8,Atta_8,2816.6,1749.7,229.1,-103.9,2.2,,,,
102.544,9,Atta_9,2756.3,1210.1,357.7,47.8,-1.9,,,,
102.544,10,Atta_10,3413.9,542.9,25.7,82.0,-0.8,,,,
102.61,1,Atta_1,2577.3,1578.2,61.9,-26.2,-1.7,,,,
102.61,2,Atta_2,3468.6,2061.7,281.6,-55.2,2.6,,,,
102.61,3,Atta_3,2977.3,1905.3,308.0,76.0,-2.0,,,,
102.61,4,Atta_4,3202.0,685.0,76.6,-50.2,-2.1,,,,
102.61,5,Atta_5,2942.8,746.3,151.6,-27.9,-2.7,,,,
102.61,6,Atta_6,3139.4,2066.3,276.3,32.2,1.2,,,,
102.61,7,Atta_7,2776.6,1001.5,315.4,-59.7,-0.4,,,,
102.61,8,Atta_8,2793.6,1683.4,226.8,70.2,-2.3,,,,
102.61,9,Atta_9,2725.2,1214.4,357.9,-31.4,0.2,,,,
102.61,10,Atta_10,3441.3,536.8,20.6,28.1,-5.1,,,,
102.679,1,Atta_1,2554.0,1584.1,58.8,-24.0,-3.1,,,,
102.679,2,Atta_2,3450.1,2092.3,277.0,-35.8,-4.6,,,,
102.679,3,Atta_3,2978.0,1963.9,308.6,-58.6,0.6,,,,
102.679,4,Atta_4,3183.3,723.5,74.3,42.8,-2.3,,,,
102.679,5,Atta_5,2815.5,745.7,145.1,127.3,-6.5,,,,
102.679,6,Atta_6,3192.6,2049.1,275.6,55.9,-0.7,,,,
102.679,7,Atta_7,2809.6,1032.3,319.5,45.1,4.1,,,,
102.679,8,Atta_8,2857.1,1727.8,229.5,-77.5,2.7,,,,
102.679,9,Atta_9,2704.0,1227.2,1.4,-24.8,3.5,,,,
102.679,10,Atta_10,3452.4,513.8,22.9,25.5,2.3,,,,
102.749,1,Atta_1,2537.2,1611.9,50.4,32.5,-8.4,,,,
102.749,2,Atta_2,3468.3,2042.2,276.9,53.3,-0.1,,,,
102.749,3,Atta_3,2980.0,1966.2,314.1,-3.0,5.5,,,,
102.749,4,Atta_4,3219.0,703.1,79.6,-41.1,5.3,,,,
102.749,5,Atta_5,2903.3,758.1,137.8,-88.7,-7.3,,,,
102.749,6,Atta_6,3176.1,2100.0,276.8,-53.5,1.2,,,,
102.749,7,Atta_7,2847.1,1034.6,317.2,37.6,-2.3,,,,
102.749,8,Atta_8,2790.8,1710.7,227.7,68.5,-1.8,,,,
102.749,9,Atta_9,2719.9,1238.1,358.1,19.3,-3.3,,,,
102.749,10,Atta_10,3429.6,484.8,28.8,-36.9,5.9,,,,
102.803,1,Atta_1,2569.9,1515.8,49.9,-101.5,-0.5,,,,
102.803,2,Atta_2,3473.6,2092.0,278.3,-50.1,1.4,,,,
102.803,3,Atta_3,2994.7,1951.7,307.3,20.6,-6.8,,,,
102.803,4,Atta_4,3229.4,690.1,77.4,-16.6,-2.2,,,,
102.803,5,Atta_5,2911.6,760.6,139.5,-8.7,1.7,,,,
102.803,6,Atta_6,3236.1,2089.6,275.0,60.9,-1.8,,,,
102.803,7,Atta_7,2892.7,997.6,317.4,58.7,0.2,,,,
102.803,8,Atta_8,2759.4,1711.9,226.4,31.4,-1.3,,,,
102.803,9,Atta_9,2675.6,1233.8,358.9,-44.5,0.8,,,,
102.803,10,Atta_10,3399.2,516.9,26.4,-44.2,-2.4,,,,
102.873,1,Atta_1,2543.2,1557.0,44.6,49.1,-5.3,,,,
102.873,2,Atta_2,3482.1,2043.3,276.3,49.4,-2.0,,,,
102.873,3,Atta_3,2987.3,1972.6,311.2,-22.2,3.9,,,,
102.873,4,Atta_4,3258.7,703.7,74.2,32.3,-3.2,,,,
102.873,5,Atta_5,2870.8,684.3,130.3,-86.5,-9.2,,,,
102.873,6,Atta_6,3180.5,2085.8,275.4,-55.7,0.4,,,,
102.873,7,Atta_7,2849.8,1041.1,321.0,-61.1,3.6,,,,
102.873,8,Atta_8,2781.3,1725.7,225.0,-25.9,-1.4,,,,
102.873,9,Atta_9,2646.2,1280.5,2.2,-55.2,3.3,,,,
102.873,10,Atta_10,3410.9,538.1,25.5,24.2,-0.9,,,,
102.942,1,Atta_1,2504.5,1583.7,38.6,-47.0,-6.0,,,,
102.942,2,Atta_2,3448.0,2028.4,280.8,37.2,4.5,,,,
102.942,3,Atta_3,2952.8,1952.7,311.8,-39.8,0.6,,,,
102.942,4,Atta_4,3250.9,757.1,76.3,54.0,2.1,,,,
102.942,5,Atta_5,2928.1,754.6,127.0,90.7,-3.3,,,,
102.942,6,Atta_6,3151.4,2097.0,278.4,-31.2,3.0,,,,
102.942,7,Atta_7,2794.3,1008.5,317.4,-64.4,-3.6,,,,
102.942,8,Atta_8,2809.1,1701.7,228.6,-36.7,3.6,,,,
102.942,9,Atta_9,2697.9,1221.2,357.6,78.7,-4.6,,,,
102.942,10,Atta_10,3464.6,475.0,29.9,82.9,4.4,,,,
103.011,1,Atta_1,2603.9,1570.1,34.5,100.3,-4.1,,,,
103.011,2,Atta_2,3463.2,2012.3,279.5,22.1,-1.3,,,,
103.011,3,Atta_3,2995.6,1977.0,313.7,49.2,1.9,,,,
103.011,4,Atta_4,3191.1,747.4,74.1,-60.6,-2.2,,,,
103.011,5,Atta_5,2939.5,693.6,120.3,-62.1,-6.7,,,,
103.011,6,Atta_6,3134.7,2050.7,274.6,49.2,-3.8,,,,
103.011,7,Atta_7,2865.9,1013.4,318.8,71.8,1.4,,,,
103.011,8,Atta_8,2790.6,1706.8,229.8,19.2,1.2,,,,
103.011,9,Atta_9,2741.3,1234.8,0.6,45.5,3.0,,,,
103.011,10,Atta_10,3478.6,518.9,28.5,46.1,-1.4,,,,
103.081,1,Atta_1,2564.3,1561.2,29.7,-40.6,-4.8,,,,
103.081,2,Atta_2,3422.9,1995.8,278.8,43.5,-0.7,,,,
103.081,3,Atta_3,2965.8,1928.9,307.9,56.6,-5.8,,,,
103.081,4,Atta_4,3229.9,723.0,74.6,-45.8,0.5,,,,
103.081,5,Atta_5,2878.5,739.9,116.6,76.6,-3.7,,,,
103.081,6,Atta_6,3140.9,2114.6,273.5,-64.2,-1.1,,,,
103.081,7,Atta_7,2839.9,1037.3,316.9,-35.3,-1.9,,,,
103.081,8,Atta_8,2771.8,1704.5,226.1,18.9,-3.7,,,,
103.081,9,Atta_9,2727.9,1235.4,358.9,-13.4,-1.7,,,,
103.081,10,Atta_10,3437.2,609.1,30.6,99.2,2.1,,,,
103.151,1,Atta_1,2495.8,1566.7,26.1,-68.7,-3.6,,,,
103.151,2,Atta_2,3479.2,2071.1,279.8,-94.0,1.0,,,,
103.151,3,Atta_3,3004.3,1971.0,310.6,-57.0,2.7,,,,
103.151,4,Atta_4,3289.4,680.6,78.5,-73.1,3.9,,,,
103.151,5,Atta_5,2846.5,789.6,115.7,59.1,-0.9,,,,
103.151,6,Atta_6,3193.6,1990.1,272.9,135.2,-0.6,,,,
103.151,7,Atta_7,2845.9,966.7,317.1,70.9,0.2,,,,
103.151,8,Atta_8,2754.8,1690.5,227.8,22.0,1.7,,,,
103.151,9,Atta_9,2754.9,1287.9,1.2,59.0,2.3,,,,
103.151,10,Atta_10,3486.6,592.7,29.0,52.1,-1.6,,,,
103.22,1,Atta_1,2525.5,1575.1,20.5,30.9,-5.6,,,,
103.22,2,Atta_2,3466.5,2029.5,278.4,43.5,-1.4,,,,
103.22,3,Atta_3,2986.1,2005.6,314.1,-39.1,3.5,,,,
103.22,4,Atta_4,3224.0,699.6,78.4,68.1,-0.1,,,,
103.22,5,Atta_5,2906.7,664.6,108.1,-138.7,-7.6,,,,
103.22,6,Atta_6,3148.2,2076.6,275.7,-97.7,2.8,,,,
103.22,7,Atta_7,2867.3,987.3,316.2,29.7,-0.9,,,,
103.22,8,Atta_8,2822.9,1713.6,231.8,-71.9,4.0,,,,
103.22,9,Atta_9,2758.5,1228.0,0.4,60.0,-0.8,,,,
103.22,10,Atta_10,3509.1,551.6,27.2,-46.9,-1.8,,,,
103.288,1,Atta_1,2504.0,1549.6,14.7,-33.4,-5.8,,,,
103.288,2,Atta_2,3469.6,2058.4,277.9,-29.1,-0.5,,,,
103.288,3,Atta_3,2957.0,2007.9,308.4,-29.2,-5.7,,,,
103.288,4,Atta_4,3233.2,697.4,77.0,-9.5,-1.4,,,,
103.288,5,Atta_5,2877.4,722.2,102.9,64.6,-5.2,,,,
103.288,6,Atta_6,3164.0,2072.0,273.6,16.5,-2.1,,,,
103.288,7,Atta_7,2763.2,983.1,319.2,-104.2,3.0,,,,
103.288,8,Atta_8,2816.1,1757.8,226.3,-44.7,-5.5,,,,
103.288,9,Atta_9,2685.8,1245.1,5.4,-74.7,5.0,,,,
103.288,10,Atta_10,3470.3,554.6,25.7,-38.9,-1.5,,,,
103.354,1,Atta_1,2577.1,1538.8,12.6,73.9,-2.1,,,,
103.354,2,Atta_2,3459.6,1981.8,278.0,77.2,0.1,,,,
103.354,3,Atta_3,2964.2,1953.6,309.0,54.8,0.6,,,,
103.354,4,Atta_4,3223.7,687.5,76.9,-13.7,-0.1,,,,
103.354,5,Atta_5,2922.0,755.4,99.5,55.6,-3.4,,,,
103.354,6,Atta_6,3167.1,2112.5,272.5,-40.6,-1.1,,,,
103.354,7,Atta_7,2853.6,982.5,313.5,90.4,-5.7,,,,
103.354,8,Atta_8,2798.3,1733.6,228.5,30.0,2.2,,,,
103.354,9,Atta_9,2723.9,1249.7,357.3,38.4,-8.1,,,,
103.354,10,Atta_10,3448.2,602.5,24.5,52.8,-1.2,,,,
103.423,1,Atta_1,2562.7,1540.9,7.6,-14.6,-5.0,,,,
103.423,2,Atta_2,3425.9,2012.5,278.5,-45.6,0.5,,,,
103.423,3,Atta_3,3013.9,1964.3,311.5,50.8,2.5,,,,
103.423,4,Atta_4,3236.5,682.3,77.0,-13.8,0.1,,,,
103.423,5,Atta_5,2872.3,791.9,98.6,61.7,-0.9,,,,
103.423,6,Atta_6,3197.4,2037.0,275.3,81.4,2.8,,,,
103.423,7,Atta_7,2826.0,1044.2,321.1,-67.6,7.6,,,,
103.423,8,Atta_8,2787.2,1716.7,222.1,20.2,-6.4,,,,
103.423,9,Atta_9,2754.4,1244.7,1.0,30.9,3.7,,,,
103.423,10,Atta_10,3546.3,605.1,22.2,98.1,-2.3,,,,
103.492,1,Atta_1,2564.7,1574.5,3.8,33.7,-3.8,,,,
103.492,2,Atta_2,3485.2,2025.3,278.8,-60.7,0.3,,,,
103.492,3,Atta_3,3049.3,1971.4,310.4,36.1,-1.1,,,,
103.492,4,Atta_4,3251.1,774.4,77.3,93.3,0.3,,,,
103.492,5,Atta_5,2885.6,728.1,88.7,-65.2,-9.9,,,,
103.492,6,Atta_6,3148.0,2056.9,277.3,-53.3,2.0,,,,
103.492,7,Atta_7,2855.8,993.9,318.2,58.5,-2.9,,,,
103.492,8,Atta_8,2779.3,1720.3,222.0,8.7,-0.1,,,,
103.492,9,Atta_9,2761.9,1233.2,357.0,13.7,-4.0,,,,
103.492,10,Atta_10,3540.3,584.2,29.6,-21.7,7.4,,,,
103.557,1,Atta_1,2548.4,1503.9,357.2,-72.5,-6.6,,,,
103.557,2,Atta_2,3454.2,2027.9,278.5,-31.1,-0.3,,,,
103.557,3,Atta_3,3013.4,1971.9,312.2,-35.9,1.8,,,,
103.557,4,Atta_4,3273.7,729.9,76.3,-49.9,-1.0,,,,
103.557,5,Atta_5,2887.1,706.6,84.9,-21.6,-3.8,,,,
103.557,6,Atta_6,3165.4,2098.5,274.6,-45.1,-2.7,,,,
103.557,7,Atta_7,2794.7,989.2,317.9,-61.3,-0.3,,,,
103.557,8,Atta_8,2772.7,1707.7,224.3,14.2,2.3,,,,
103.557,9,Atta_9,2767.1,1279.7,356.8,46.8,-0.2,,,,
103.557,10,Atta_10,3503.2,607.5,30.3,-43.8,0.7,,,,
103.626,1,Atta_1,2603.8,1545.8,354.1,69.5,-3.1,,,,
103.626,2,Atta_2,3477.4,2072.0,277.4,-49.8,-1.1,,,,
103.626,3,Atta_3,3017.1,1947.3,314.4,24.9,2.2,,,,
103.626,4,Atta_4,3257.2,702.5,76.4,-32.0,0.1,,,,
103.626,5,Atta_5,2920.0,738.5,81.9,45.8,-3.0,,,,
103.626,6,Atta_6,3187.5,2071.5,276.5,34.9,1.9,,,,
103.626,7,Atta_7,2828.4,1004.9,316.7,37.2,-1.2,,,,
103.626,8,Atta_8,2775.3,1675.5,226.0,32.3,1.7,,,,
103.626,9,Atta_9,2781.6,1212.2,358.3,69.0,1.5,,,,
103.626,10,Atta_10,3598.8,554.1,31.9,109.5,1.6,,,,
103.692,1,Atta_1,2508.9,1597.6,348.4,-108.1,-5.7,,,,
103.692,2,Atta_2,3467.4,2027.7,277.5,45.4,0.1,,,,
103.692,3,Atta_3,2955.8,1913.6,311.7,-70.0,-2.7,,,,
103.692,4,Atta_4,3203.1,786.8,75.6,100.2,-0.8,,,,
103.692,5,Atta_5,2852.3,685.6,77.3,-85.9,-4.6,,,,
103.692,6,Atta_6,3178.3,2040.6,279.6,32.2,3.1,,,,
103.692,7,Atta_7,2840.4,1036.7,318.8,-34.0,2.1,,,,
103.692,8,Atta_8,2776.5,1690.4,229.9,-14.9,3.9,,,,
103.692,9,Atta_9,2731.4,1243.0,1.1,-58.9,2.8,,,,
103.692,10,Atta_10,3518.6,628.7,38.8,-109.5,6.9,,,,
103.757,1,Atta_1,2481.6,1647.4,343.9,-56.8,-4.5,,,,
103.757,2,Atta_2,3433.0,2048.6,281.0,-40.3,3.5,,,,
103.757,3,Atta_3,2958.7,1945.5,310.7,-32.0,-1.0,,,,
103.757,4,Atta_4,3163.8,756.6,77.6,-49.6,2.0,,,,
103.757,5,Atta_5,2888.4,717.4,72.9,48.1,-4.4,,,,
103.757,6,Atta_6,3194.1,2070.7,273.2,-34.0,-6.4,,,,
103.757,7,Atta_7,2825.6,1058.1,315.1,-26.0,-3.7,,,,
103.757,8,Atta_8,2774.4,1719.0,225.4,-28.7,-4.5,,,,
103.757,9,Atta_9,2762.6,1196.2,0.4,56.2,-0.7,,,,
103.757,10,Atta_10,3453.2,622.3,44.6,-65.7,5.8,,,,
103.891,1,Atta_1,2488.3,1564.7,342.9,83.0,-1.0,,,,
103.891,2,Atta_2,3394.5,2017.1,275.3,49.7,-5.7,,,,
103.891,3,Atta_3,2977.7,1952.6,311.8,20.3,1.1,,,,
103.891,4,Atta_4,3237.0,653.1,76.7,-126.8,-0.9,,,,
103.891,5,Atta_5,2933.9,676.4,67.0,-61.2,-5.9,,,,
103.891,6,Atta_6,3154.4,2019.9,274.5,64.5,1.3,,,,
103.891,7,Atta_7,2820.4,1026.1,318.9,32.4,3.8,,,,
103.891,8,Atta_8,2745.1,1665.2,230.1,61.3,4.7,,,,
103.891,9,Atta_9,2713.0,1230.4,357.0,-60.2,-3.4,,,,
103.891,10,Atta_10,3492.9,527.8,51.1,-102.5,6.5,,,,
103.944,1,Atta_1,2603.8,1503.8,339.8,130.6,-3.1,,,,
103.944,2,Atta_2,3447.5,2083.7,281.3,-85.1,6.0,,,,
103.944,3,Atta_3,2974.2,1919.8,309.1,33.0,-2.7,,,,
103.944,4,Atta_4,3235.2,670.0,81.9,17.0,5.2,,,,
103.944,5,Atta_5,2881.0,703.7,64.2,59.5,-2.8,,,,
103.944,6,Atta_6,3195.4,2079.2,280.7,-72.1,6.2,,,,
103.944,7,Atta_7,2834.7,1038.8,316.0,19.1,-2.9,,,,
103.944,8,Atta_8,2789.2,1747.0,226.2,-92.9,-3.9,,,,
103.944,9,Atta_9,2774.5,1235.9,357.9,61.7,0.9,,,,
103.944,10,Atta_10,3539.6,577.1,52.7,67.9,1.6,,,,
104.016,1,Atta_1,2562.7,1640.1,342.8,-142.4,3.0,,,,
104.016,2,Atta_2,3470.8,2038.8,278.1,50.6,-3.2,,,,
104.016,3,Atta_3,3001.4,1971.3,312.5,-58.2,3.4,,,,
104.016,4,Atta_4,3218.2,703.7,79.6,37.7,-2.3,,,,
104.016,5,Atta_5,2867.0,691.6,60.3,-18.5,-3.9,,,,
104.016,6,Atta_6,3220.0,2034.6,278.4,50.9,-2.3,,,,
104.016,7,Atta_7,2824.7,1003.9,317.4,36.3,1.4,,,,
104.016,8,Atta_8,2811.7,1734.3,230.0,-25.8,3.8,,,,
104.016,9,Atta_9,2699.9,1245.0,359.1,-75.2,1.2,,,,
104.016,10,Atta_10,3511.8,617.0,57.1,48.6,4.4,,,,
104.085,1,Atta_1,2563.5,1589.0,340.0,51.1,-2.8,,,,
104.085,2,Atta_2,3430.4,2066.0,277.0,-48.7,-1.1,,,,
104.085,3,Atta_3,2964.0,1962.6,309.6,-38.4,-2.9,,,,
104.085,4,Atta_4,3273.2,755.5,77.1,75.6,-2.5,,,,
104.085,5,Atta_5,2879.4,682.1,53.4,-15.6,-6.9,,,,
104.085,6,Atta_6,3192.7,2068.6,277.3,-43.6,-1.1,,,,
104.085,7,Atta_7,2890.9,989.8,320.2,67.7,2.8,,,,
104.085,8,Atta_8,2803.0,1728.0,229.2,10.7,-0.8,,,,
104.085,9,Atta_9,2720.3,1233.1,357.2,23.6,-1.9,,,,
104.085,10,Atta_10,3572.6,540.0,60.3,-98.1,3.2,,,,
104.151,1,Atta_1,2620.0,1530.5,340.3,81.3,0.3,,,,
104.151,2,Atta_2,3429.2,2080.1,277.2,-14.2,0.2,,,,
104.151,3,Atta_3,2943.2,1950.7,308.5,-24.0,-1.1,,,,
104.151,4,Atta_4,3267.2,674.1,76.9,-81.6,-0.2,,,,
104.151,5,Atta_5,2936.7,720.1,55.0,68.8,1.6,,,,
104.151,6,Atta_6,3171.5,2047.3,277.9,30.1,0.6,,,,
104.151,7,Atta_7,2837.5,1014.0,316.6,-58.6,-3.6,,,,
104.151,8,Atta_8,2777.6,1709.7,225.3,31.3,-3.9,,,,
104.151,9,Atta_9,2675.5,1295.7,360.0,-77.0,2.8,,,,
104.151,10,Atta_10,3518.2,592.3,60.2,75.5,-0.1,,,,
104.219,1,Atta_1,2573.5,1555.5,341.5,-52.8,1.2,,,,
104.219,2,Atta_2,3416.8,2068.8,276.1,16.8,-1.1,,,,
104.219,3,Atta_3,2969.2,1915.2,309.7,44.0,1.2,,,,
104.219,4,Atta_4,3235.4,751.2,75.4,83.4,-1.5,,,,
104.219,5,Atta_5,2900.0,714.1,47.2,-37.2,-7.8,,,,
104.219,6,Atta_6,3188.2,2103.1,277.0,-58.2,-0.9,,,,
104.219,7,Atta_7,2818.8,994.9,312.4,-26.7,-4.2,,,,
104.219,8,Atta_8,2778.3,1718.4,230.6,-8.7,5.3,,,,
104.219,9,Atta_9,2687.8,1282.1,358.5,18.3,-1.5,,,,
104.219,10,Atta_10,3444.7,591.1,71.2,-73.5,11.0,,,,
104.274,1,Atta_1,2528.7,1625.4,338.8,-83.0,-2.7,,,,
104.274,2,Atta_2,3511.3,2055.9,278.3,95.4,2.2,,,,
104.274,3,Atta_3,2959.3,1977.6,309.8,-63.2,0.1,,,,
104.274,4,Atta_4,3243.9,719.3,77.1,-33.0,1.7,,,,
104.274,5,Atta_5,2932.0,745.7,42.0,45.0,-5.2,,,,
104.274,6,Atta_6,3181.4,2067.6,276.6,36.1,-0.4,,,,
104.274,7,Atta_7,2872.9,957.5,316.7,65.8,4.3,,,,
104.274,8,Atta_8,2792.7,1729.1,230.2,-17.9,-0.4,,,,
104.274,9,Atta_9,2778.8,1260.7,358.9,93.5,0.4,,,,
104.274,10,Atta_10,3536.1,554.4,79.8,-98.5,8.6,,,,
104.34,1,Atta_1,2621.9,1565.8,341.5,110.6,2.7,,,,
104.34,2,Atta_2,3418.8,2034.7,282.0,94.9,3.7,,,,
104.34,3,Atta_3,2937.5,1985.2,309.6,-23.1,-0.2,,,,
104.34,4,Atta_4,3211.2,719.9,76.6,-32.7,-0.5,,,,
104.34,5,Atta_5,2891.8,735.0,46.8,-41.6,4.8,,,,
104.34,6,Atta_6,3188.3,2099.0,273.8,-32.1,-2.8,,,,
104.34,7,Atta_7,2795.2,1017.3,318.2,-98.0,1.5,,,,
104.34,8,Atta_8,2818.2,1776.2,228.0,-53.6,-2.2,,,,
104.34,9,Atta_9,2739.8,1240.0,360.0,-44.2,1.1,,,,
104.34,10,Atta_10,3547.4,600.5,75.7,47.5,-4.1,,,,
104.41,1,Atta_1,2618.7,1575.7,341.2,-10.4,-0.3,,,,
104.41,2,Atta_2,3422.7,2048.8,278.5,-14.6,-3.5,,,,
104.41,3,Atta_3,2999.1,1986.9,313.5,61.6,3.9,,,,
104.41,4,Atta_4,3243.3,697.6,74.9,-39.1,-1.7,,,,
104.41,5,Atta_5,2918.5,715.2,45.0,33.2,-1.8,,,,
104.41,6,Atta_6,3142.9,2039.6,275.5,74.8,1.7,,,,
104.41,7,Atta_7,2813.3,971.6,318.0,49.2,-0.2,,,,
104.41,8,Atta_8,2753.8,1706.1,230.6,95.2,2.6,,,,
104.41,9,Atta_9,2768.6,1236.5,357.2,29.0,-2.8,,,,
104.41,10,Atta_10,3490.4,602.9,83.1,-57.1,7.4,,,,
104.466,1,Atta_1,2586.7,1566.6,339.7,-33.3,-1.5,,,,
104.466,3,Atta_3,2986.3,1933.5,309.8,54.9,-3.7,,,,
104.466,4,Atta_4,3206.3,701.0,78.9,-37.2,4.0,,,,
104.466,5,Atta_5,2883.5,692.1,46.3,-41.9,1.3,,,,
104.466,6,Atta_6,3188.2,2059.6,275.2,-49.5,-0.3,,,,
104.466,7,Atta_7,2872.6,1034.2,317.0,86.2,-1.0,,,,
104.466,8,Atta_8,2783.3,1697.4,225.0,-30.8,-5.6,,,,
104.466,9,Atta_9,2721.7,1200.5,359.9,-59.1,2.7,,,,
104.466,10,Atta_10,3492.9,575.8,86.7,-27.2,3.6,,,,
104.533,1,Atta_1,2602.6,1516.5,338.5,52.6,-1.2,,,,
104.533,2,Atta_2,3442.2,2077.4,276.5,-34.6,-2.0,,,,
104.533,3,Atta_3,2971.7,1949.6,308.8,-21.7,-1.0,,,,
104.533,4,Atta_4,3285.4,692.1,77.3,79.6,-1.6,,,,
104.533,5,Atta_5,2913.4,746.6,47.3,62.2,1.0,,,,
104.533,6,Atta_6,3169.6,2009.7,277.4,53.3,2.2,,,,
104.533,7,Atta_7,2812.6,1011.3,313.7,-64.2,-3.3,,,,
104.533,8,Atta_8,2771.7,1718.8,229.0,-24.3,4.0,,,,
104.533,9,Atta_9,2734.5,1259.5,358.7,60.4,-1.2,,,,
104.533,10,Atta_10,3524.9,579.5,93.8,32.2,7.1,,,,
104.585,1,Atta_1,2644.5,1570.4,341.9,68.3,3.4,,,,
104.585,2,Atta_2,3468.8,2016.7,279.6,66.3,3.1,,,,
104.585,3,Atta_3,3003.4,1903.6,310.1,55.9,1.3,,,,
104.585,4,Atta_4,3225.5,658.8,78.1,-68.5,0.8,,,,
104.585,5,Atta_5,2894.4,706.9,43.1,-44.0,-4.2,,,,
104.585,6,Atta_6,3185.6,1996.9,273.3,20.5,-4.1,,,,
104.585,7,Atta_7,2851.9,963.9,318.1,61.6,4.4,,,,
104.585,8,Atta_8,2814.6,1707.3,226.1,-44.4,-2.9,,,,
104.585,9,Atta_9,2756.1,1249.7,0.1,23.7,1.4,,,,
104.585,10,Atta_10,3530.7,619.5,95.1,40.4,1.3,,,,
104.651,1,Atta_1,2653.4,1559.7,343.7,13.9,1.8,,,,
104.651,2,Atta_2,3448.2,2123.5,281.5,-108.8,1.9,,,,
104.651,3,Atta_3,2943.7,1917.0,312.2,-61.2,2.1,,,,
104.651,4,Atta_4,3198.6,712.4,77.0,60.0,-1.1,,,,
104.651,5,Atta_5,2854.6,746.3,47.4,-56.0,4.3,,,,
104.651,6,Atta_6,3175.6,2122.0,275.5,-125.5,2.2,,,,
104.651,7,Atta_7,2813.6,998.1,317.2,-51.3,-0.9,,,,
104.651,8,Atta_8,2731.2,1651.9,227.5,100.1,1.4,,,,
104.651,9,Atta_9,2729.4,1245.8,358.6,-27.0,-1.5,,,,
104.651,10,Atta_10,3553.4,618.2,105.1,-22.7,10.0,,,,
104.72,1,Atta_1,2603.9,1515.9,338.6,-66.1,-5.1,,,,
104.72,2,Atta_2,3468.5,1973.1,279.3,151.8,-2.2,,,,
104.72,3,Atta_3,3008.8,1935.9,306.8,67.8,-5.4,,,,
104.72,4,Atta_4,3228.6,706.2,76.3,30.6,-0.7,,,,
104.72,5,Atta_5,2942.9,744.7,45.2,88.3,-2.2,,,,
104.72,6,Atta_6,3179.3,2068.5,274.3,53.6,-1.2,,,,
104.72,7,Atta_7,2800.1,1034.9,315.0,-39.2,-2.2,,,,
104.72,8,Atta_8,2812.9,1743.2,228.3,-122.5,0.8,,,,
104.72,9,Atta_9,2742.9,1252.3,359.5,15.0,0.9,,,,
104.72,10,Atta_10,3537.2,643.6,103.5,30.1,-1.6,,,,
104.789,1,Atta_1,2650.6,1491.4,340.9,52.7,2.3,,,,
104.789,2,Atta_2,3461.1,2005.1,277.1,-32.8,-2.2,,,,
104.789,3,Atta_3,3051.8,1939.0,313.1,43.1,6.3,,,,
104.789,4,Atta_4,3211.8,624.2,76.6,-83.7,0.3,,,,
104.789,5,Atta_5,2937.1,776.4,47.0,32.2,1.8,,,,
104.789,6,Atta_6,3175.2,2069.9,277.0,-4.3,2.7,,,,
104.789,7,Atta_7,2823.2,1001.7,314.8,40.4,-0.2,,,,
104.789,8,Atta_8,2830.6,1717.9,227.0,30.9,-1.3,,,,
104.789,9,Atta_9,2739.5,1281.8,358.8,-29.7,-0.7,,,,
104.789,10,Atta_10,3505.2,584.1,107.8,-67.6,4.3,,,,
104.858,1,Atta_1,2634.5,1561.6,341.1,-72.0,0.2,,,,
104.858,2,Atta_2,3467.7,2084.6,278.4,-79.8,1.3,,,,
104.858,3,Atta_3,2975.9,1993.4,312.3,-93.4,-0.8,,,,
104.858,4,Atta_4,3197.7,721.0,75.5,97.8,-1.1,,,,
104.858,5,Atta_5,2965.2,794.5,41.4,33.4,-5.6,,,,
104.858,6,Atta_6,3203.2,2054.1,274.4,32.2,-2.6,,,,
104.858,7,Atta_7,2821.5,1067.2,320.8,-65.5,6.0,,,,
104.858,8,Atta_8,2761.4,1715.3,226.3,69.2,-0.7,,,,
104.858,9,Atta_9,2708.2,1241.6,356.5,-50.9,-2.3,,,,
104.858,10,Atta_10,3507.2,606.6,109.3,22.6,1.5,,,,
104.928,1,Atta_1,2665.8,1548.7,339.4,33.9,-1.7,,,,
104.928,2,Atta_2,3433.4,2031.6,280.2,63.1,1.8,,,,
104.928,3,Atta_3,2986.1,1965.7,312.8,29.5,0.5,,,,
104.928,4,Atta_4,3207.0,706.3,78.3,-17.4,2.8,,,,
104.928,5,Atta_5,2938.3,777.2,44.0,-32.0,2.6,,,,
104.928,6,Atta_6,3116.2,2054.0,275.6,-87.0,1.2,,,,
104.928,7,Atta_7,2858.3,999.7,315.7,76.9,-5.1,,,,
104.928,8,Atta_8,2784.2,1728.5,226.6,-26.3,0.3,,,,
104.928,9,Atta_9,2733.4,1239.1,359.8,25.3,3.3,,,,
104.928,10,Atta_10,3529.5,554.9,106.7,-56.3,-2.6,,,,
105.046,1,Atta_1,2674.3,1535.2,337.8,16.0,-1.6,,,,
105.046,2,Atta_2,3468.4,2008.7,278.6,41.8,-1.6,,,,
105.046,3,Atta_3,2942.0,1945.6,312.6,-48.5,-0.2,,,,
105.046,4,Atta_4,3214.0,710.3,76.8,8.1,-1.5,,,,
105.046,5,Atta_5,2942.7,841.4,47.4,64.4,3.4,,,,
105.046,6,Atta_6,3188.4,2061.1,274.5,-72.5,-1.1,,,,
105.046,7,Atta_7,2867.9,1034.0,317.9,-35.6,2.2,,,,
105.046,8,Atta_8,2819.2,1686.9,228.8,54.4,2.2,,,,
105.046,9,Atta_9,2732.3,1231.8,358.2,-7.4,-1.6,,,,
105.046,10,Atta_10,3524.4,547.3,108.0,-9.2,1.3,,,,
105.177,1,Atta_1,2681.2,1525.7,329.6,11.7,-8.2,,,,
105.177,2,Atta_2,3465.0,2043.0,277.4,-34.5,-1.2,,,,
105.177,3,Atta_3,3008.8,1923.7,305.2,70.3,-7.4,,,,
105.177,4,Atta_4,3232.4,687.7,75.4,-29.1,-1.4,,,,
105.177,5,Atta_5,2990.5,780.7,46.4,-77.3,-1.0,,,,
105.177,6,Atta_6,3125.1,2117.2,274.6,-84.6,0.1,,,,
105.177,7,Atta_7,2808.2,981.9,316.5,-79.2,-1.4,,,,
105.177,8,Atta_8,2806.4,1729.9,229.8,-44.9,1.0,,,,
105.177,9,Atta_9,2760.9,1176.4,359.7,62.3,1.5,,,,
105.177,10,Atta_10,3567.2,678.4,110.1,137.9,2.1,,,,
105.243,1,Atta_1,2661.5,1527.3,325.8,-19.8,-3.8,,,,
105.243,2,Atta_2,3471.4,2045.2,280.3,-6.8,2.9,,,,
105.243,3,Atta_3,2980.5,1916.4,312.3,-29.2,7.1,,,,
105.243,4,Atta_4,3189.1,733.7,75.5,63.2,0.1,,,,
105.243,5,Atta_5,2998.0,784.1,44.4,8.2,-2.0,,,,
105.243,6,Atta_6,3189.4,2070.0,277.7,79.8,3.1,,,,
105.243,7,Atta_7,2838.3,1017.6,316.2,-46.7,-0.3,,,,
105.243,8,Atta_8,2785.9,1746.5,225.4,26.4,-4.4,,,,
105.243,9,Atta_9,2724.3,1263.4,357.6,-94.4,-2.1,,,,
105.243,10,Atta_10,3455.4,607.7,111.1,-132.3,1.0,,,,
105.31,1,Atta_1,2720.6,1568.3,320.0,71.9,-5.8,,,,
105.31,2,Atta_2,3409.0,2040.2,279.1,-62.6,-1.2,,,,
105.31,3,Atta_3,3016.3,1963.2,306.6,-58.9,-5.7,,,,
105.31,4,Atta_4,3282.2,699.3,78.6,-99.3,3.1,,,,
105.31,5,Atta_5,2987.5,828.1,43.9,45.2,-0.5,,,,
105.31,6,Atta_6,3144.9,2102.0,271.2,-54.8,-6.5,,,,
105.31,7,Atta_7,2855.4,1010.4,315.3,18.6,-0.9,,,,
105.31,8,Atta_8,2771.9,1739.7,229.4,15.6,4.0,,,,
105.31,9,Atta_9,2745.7,1187.7,356.9,78.7,-0.7,,,,
105.31,10,Atta_10,3494.0,554.4,108.4,-65.8,-2.7,,,,
105.398,1,Atta_1,2693.9,1565.9,325.6,-26.8,5.6,,,,
105.398,2,Atta_2,3478.4,2030.4,280.5,70.1,1.4,,,,
105.398,3,Atta_3,2953.0,1933.8,309.9,-69.8,3.3,,,,
105.398,4,Atta_4,3199.4,677.9,76.6,-85.5,-2.0,,,,
105.398,5,Atta_5,2979.9,836.8,42.8,11.6,-1.1,,,,
105.398,6,Atta_6,3173.3,2047.7,277.3,61.3,6.1,,,,
105.398,7,Atta_7,2802.4,1013.5,317.0,-53.1,1.7,,,,
105.398,8,Atta_8,2765.0,1757.8,228.1,-19.4,-1.3,,,,
105.398,9,Atta_9,2680.8,1213.8,358.0,-70.0,1.1,,,,
105.398,10,Atta_10,3507.3,601.7,108.9,49.1,0.5,,,,
105.448,1,Atta_1,2647.7,1510.2,317.5,-72.4,-8.1,,,,
105.448,2,Atta_2,3435.0,2075.0,280.4,-62.2,-0.1,,,,
105.448,3,Atta_3,3007.9,1955.6,312.1,59.1,2.2,,,,
105.448,4,Atta_4,3250.5,734.9,76.3,76.6,-0.3,,,,
105.448,5,Atta_5,2972.0,830.0,43.6,-10.4,0.8,,,,
105.448,6,Atta_6,3165.4,2038.1,276.2,12.4,-1.1,,,,
105.448,7,Atta_7,2783.9,995.7,317.1,-25.7,0.1,,,,
105.448,8,Atta_8,2832.3,1679.6,228.2,103.2,0.1,,,,
105.448,9,Atta_9,2689.5,1223.8,357.3,13.3,-0.7,,,,
105.448,10,Atta_10,3507.3,654.3,104.7,52.6,-4.2,,,,
105.515,1,Atta_1,2702.0,1498.1,318.7,55.6,1.2,,,,
105.515,2,Atta_2,3490.6,2070.9,278.6,55.8,-1.8,,,,
105.515,3,Atta_3,2990.9,1916.3,312.2,42.8,0.1,,,,
105.515,4,Atta_4,3240.7,676.2,75.3,-59.5,-1.0,,,,
105.515,5,Atta_5,3052.0,859.0,47.7,85.1,4.1,,,,
105.515,6,Atta_6,3185.9,2043.2,277.2,-21.1,1.0,,,,
105.515,7,Atta_7,2846.4,962.4,315.5,70.8,-1.6,,,,
105.515,8,Atta_8,2774.5,1737.8,225.7,-82.0,-2.5,,,,
105.515,9,Atta_9,2706.9,1239.0,1.7,23.1,4.4,,,,
105.515,10,Atta_10,3516.5,647.9,108.6,-11.2,3.9,,,,
105.581,1,Atta_1,2685.7,1556.6,323.5,-60.7,4.8,,,,
105.581,2,Atta_2,3443.9,2053.7,278.8,49.8,0.2,,,,
105.581,3,Atta_3,2981.2,1976.7,313.6,-61.2,1.4,,,,
105.581,4,Atta_4,3252.9,716.8,75.5,42.4,0.2,,,,
105.581,5,Atta_5,2998.1,806.8,47.2,-75.0,-0.5,,,,
105.581,6,Atta_6,3189.1,2039.7,273.5,4.7,-3.7,,,,
105.581,7,Atta_7,2854.0,989.0,317.6,-27.7,2.1,,,,
105.581,8,Atta_8,2794.5,1714.1,228.9,31.0,3.2,,,,
105.581,9,Atta_9,2687.4,1190.3,357.8,-52.5,-3.9,,,,
105.581,10,Atta_10,3515.5,674.8,108.5,26.9,-0.1,,,,
105.65,1,Atta_1,2659.1,1511.2,319.1,52.6,-4.4,,,,
105.65,2,Atta_2,3451.9,2025.8,283.7,29.0,4.9,,,,
105.65,3,Atta_3,2930.7,1940.0,308.8,-62.4,-4.8,,,,
105.65,4,Atta_4,3238.8,678.3,79.8,-41.0,4.3,,,,
105.65,5,Atta_5,3049.9,857.1,46.8,72.2,-0.4,,,,
105.65,6,Atta_6,3131.6,2054.2,271.7,-59.3,-1.8,,,,
105.65,7,Atta_7,2837.6,1019.5,321.3,-34.6,3.7,,,,
105.65,8,Atta_8,2782.5,1756.2,229.3,-43.8,0.4,,,,
105.65,9,Atta_9,2663.9,1270.6,358.6,-83.7,0.8,,,,
105.65,10,Atta_10,3508.1,691.9,114.1,18.6,5.6,,,,
105.782,1,Atta_1,2712.2,1535.3,328.3,58.3,9.2,,,,
105.782,2,Atta_2,3413.1,2005.1,278.8,44.0,-4.9,,,,
105.782,3,Atta_3,2988.9,1925.0,311.7,60.1,2.9,,,,
105.782,4,Atta_4,3261.2,706.0,79.2,35.6,-0.6,,,,
105.782,5,Atta_5,2957.9,858.6,45.7,-92.0,-1.1,,,,
105.782,6,Atta_6,3168.4,2023.9,276.2,47.7,4.5,,,,
105.782,7,Atta_7,2822.2,973.7,317.9,48.3,-3.4,,,,
105.782,8,Atta_8,2793.2,1726.2,229.3,31.9,0.0,,,,
105.782,9,Atta_9,2733.1,1230.8,1.6,79.8,3.0,,,,
105.782,10,Atta_10,3550.8,695.8,111.1,-42.9,-3.0,,,,
105.848,1,Atta_1,2699.7,1491.4,323.8,45.6,-4.5,,,,
105.848,2,Atta_2,3427.9,2083.4,281.1,-79.7,2.3,,,,
105.848,3,Atta_3,2915.4,1956.9,307.0,-80.1,-4.7,,,,
105.848,4,Atta_4,3204.3,711.1,77.5,-57.1,-1.7,,,,
105.848,5,Atta_5,3004.0,890.6,44.8,56.1,-0.9,,,,
105.848,6,Atta_6,3229.0,2125.2,272.3,-118.0,-3.9,,,,
105.848,7,Atta_7,2805.8,971.3,316.2,-16.6,-1.7,,,,
105.848,8,Atta_8,2773.7,1688.3,227.0,42.6,-2.3,,,,
105.848,9,Atta_9,2737.4,1197.6,358.5,33.5,-3.1,,,,
105.848,10,Atta_10,3519.1,663.3,112.9,-45.4,1.8,,,,
105.917,1,Atta_1,2727.8,1493.0,322.2,28.1,-1.6,,,,
105.917,2,Atta_2,3419.3,2010.6,277.2,73.3,-3.9,,,,
105.917,3,Atta_3,2946.9,1904.6,312.3,61.1,5.3,,,,
105.917,4,Atta_4,3236.3,701.3,78.3,-33.5,0.8,,,,
105.917,5,Atta_5,2957.0,857.8,43.5,-57.3,-1.3,,,,
105.917,6,Atta_6,3175.0,2051.9,276.6,91.0,4.3,,,,
105.917,7,Atta_7,2770.7,987.3,319.1,-38.6,2.9,,,,
105.917,8,Atta_8,2769.4,1672.6,227.2,16.3,0.2,,,,
105.917,9,Atta_9,2707.7,1226.5,358.2,-41.4,-0.3,,,,
105.917,10,Atta_10,3544.9,735.2,112.0,76.4,-0.9,,,,
105.983,1,Atta_1,2769.5,1502.6,325.1,42.8,2.9,,,,
105.983,2,Atta_2,3492.3,2065.4,278.5,-91.3,1.3,,,,
105.983,3,Atta_3,2946.9,1955.0,310.0,-50.4,-2.3,,,,
105.983,4,Atta_4,3195.9,682.7,76.2,-44.5,-2.1,,,,
105.983,5,Atta_5,3024.7,811.5,45.9,82.0,2.4,,,,
105.983,6,Atta_6,3162.5,2068.3,272.0,-20.6,-4.6,,,,
105.983,7,Atta_7,2849.2,1000.4,320.1,79.6,1.0,,,,
105.983,8,Atta_8,2773.3,1717.8,225.6,-45.4,-1.6,,,,
105.983,9,Atta_9,2692.9,1265.4,359.6,-41.6,1.4,,,,
105.983,10,Atta_10,3495.0,701.5,106.8,-60.2,-5.2,,,,
106.055,1,Atta_1,2739.5,1521.0,321.1,-35.2,-4.0,,,,
106.055,2,Atta_2,3409.1,2063.9,275.5,-83.2,-3.0,,,,
106.055,3,Atta_3,2994.3,1929.6,305.1,53.8,-4.9,,,,
106.055,4,Atta_4,3225.7,747.4,77.5,71.2,1.3,,,,
106.055,5,Atta_5,2964.2,840.6,43.4,-67.1,-2.5,,,,
106.055,6,Atta_6,3165.3,2035.2,274.0,33.2,2.0,,,,
106.055,7,Atta_7,2860.2,953.1,319.8,48.6,-0.3,,,,
106.055,8,Atta_8,2862.6,1695.1,227.2,-92.1,1.6,,,,
106.055,9,Atta_9,2792.0,1234.7,357.7,103.7,-1.9,,,,
106.055,10,Atta_10,3453.4,696.2,113.9,41.9,7.1,,,,
106.118,1,Atta_1,2718.4,1473.9,317.6,51.6,-3.5,,,,
106.118,2,Atta_2,3429.3,2060.6,275.8,20.5,0.3,,,,
106.118,3,Atta_3,3041.5,1901.4,311.7,55.0,6.6,,,,
106.118,4,Atta_4,3218.0,722.4,76.0,-26.2,-1.5,,,,
106.118,5,Atta_5,3017.8,873.5,42.9,62.9,-0.5,,,,
106.118,6,Atta_6,3157.2,2056.4,277.7,-22.7,3.7,,,,
106.118,7,Atta_7,2860.7,1014.7,317.6,-61.6,-2.2,,,,
106.118,8,Atta_8,2723.2,1692.3,228.5,139.4,1.3,,,,
106.118,9,Atta_9,2729.6,1282.6,0.6,-78.7,2.9,,,,
106.118,10,Atta_10,3541.3,657.5,106.8,-96.0,-7.1,,,,
106.188,1,Atta_1,2747.2,1480.0,316.4,29.4,-1.2,,,,
106.188,2,Atta_2,3494.1,2026.4,276.5,73.3,0.7,,,,
106.188,3,Atta_3,3016.9,1925.3,311.3,-34.3,-0.4,,,,
106.188,4,Atta_4,3245.6,690.6,76.7,-42.1,0.7,,,,
106.188,5,Atta_5,2994.7,758.3,44.7,-117.5,1.8,,,,
106.188,6,Atta_6,3192.2,2070.2,276.7,-37.6,-1.0,,,,
106.188,7,Atta_7,2893.7,1028.3,313.0,35.7,-4.6,,,,
106.188,8,Atta_8,2731.8,1692.8,230.0,-8.6,1.5,,,,
106.188,9,Atta_9,2757.1,1232.2,2.1,57.4,1.5,,,,
106.188,10,Atta_10,3593.0,739.4,108.2,96.9,1.4,,,,
106.257,1,Atta_1,2696.4,1499.8,313.7,-54.5,-2.7,,,,
106.257,2,Atta_2,3424.3,2080.4,277.6,-88.2,1.1,,,,
106.257,3,Atta_3,3015.0,2003.0,310.9,-77.7,-0.4,,,,
106.257,4,Atta_4,3248.2,727.2,74.4,36.7,-2.3,,,,
106.257,5,Atta_5,2969.8,855.4,46.1,100.2,1.4,,,,
106.257,6,Atta_6,3132.8,2115.1,271.3,-74.5,-5.4,,,,
106.257,7,Atta_7,2828.3,1035.7,319.1,-65.8,6.1,,,,
106.257,8,Atta_8,2781.5,1717.7,226.7,-55.6,-3.3,,,,
106.257,9,Atta_9,2697.4,1243.8,359.3,-60.8,-2.8,,,,
106.257,10,Atta_10,3457.2,684.7,105.0,-146.4,-3.2,,,,
106.327,1,Atta_1,2749.3,1491.4,304.3,53.6,-9.4,,,,
106.327,2,Atta_2,3488.4,2040.9,279.9,75.3,2.3,,,,
106.327,3,Atta_3,2946.4,1915.2,311.2,111.4,0.3,,,,
106.327,4,Atta_4,3238.9,730.5,74.3,9.9,-0.1,,,,
106.327,5,Atta_5,2956.5,812.7,47.2,-44.7,1.1,,,,
106.327,6,Atta_6,3182.7,2071.0,275.3,66.6,4.0,,,,
106.327,7,Atta_7,2830.3,1043.3,314.8,-7.9,-4.3,,,,
106.327,8,Atta_8,2772.6,1763.2,227.0,-46.4,0.3,,,,
106.327,9,Atta_9,2746.8,1290.1,3.6,67.7,4.3,,,,
106.327,10,Atta_10,3514.1,657.2,112.2,-63.2,7.2,,,,
106.394,1,Atta_1,2851.9,1497.4,298.2,102.8,-6.1,,,,
106.394,2,Atta_2,3436.3,2035.5,277.9,-52.4,-2.0,,,,
106.394,3,Atta_3,2968.9,1952.6,309.7,-43.6,-1.5,,,,
106.394,4,Atta_4,3171.0,726.8,75.4,-68.0,1.1,,,,
106.394,5,Atta_5,2990.1,887.1,46.5,81.6,-0.7,,,,
106.394,6,Atta_6,3140.1,2050.6,274.4,47.2,-0.9,,,,
106.394,7,Atta_7,2782.4,978.3,319.0,80.7,4.2,,,,
106.394,8,Atta_8,2797.2,1711.3,224.0,57.4,-3.0,,,,
106.394,9,Atta_9,2684.9,1282.6,358.4,-62.4,-5.2,,,,
106.394,10,Atta_10,3479.6,671.5,111.2,37.3,-1.0,,,,
106.463,1,Atta_1,2782.2,1502.6,296.1,-69.9,-2.1,,,,
106.463,2,Atta_2,3462.7,2099.7,280.2,-69.4,2.3,,,,
106.463,3,Atta_3,3033.9,1925.7,308.4,70.3,-1.3,,,,
106.463,4,Atta_4,3227.5,735.2,73.3,57.1,-2.1,,,,
106.463,5,Atta_5,2976.8,833.3,44.6,-55.4,-1.9,,,,
106.463,6,Atta_6,3124.1,2103.5,275.9,-55.3,1.5,,,,
106.463,7,Atta_7,2890.9,966.7,317.8,109.1,-1.2,,,,
106.463,8,Atta_8,2858.1,1728.0,229.8,-63.1,5.8,,,,
106.463,9,Atta_9,2703.5,1232.1,355.3,53.8,-3.1,,,,
106.463,10,Atta_10,3466.8,657.5,109.8,-19.0,-1.4,,,,
106.532,1,Atta_1,2784.5,1479.4,292.9,23.3,-3.2,,,,
106.532,2,Atta_2,3436.8,2055.7,275.0,51.1,-5.2,,,,
106.532,3,Atta_3,2972.1,1909.8,311.4,-63.8,3.0,,,,
106.532,4,Atta_4,3223.3,700.0,77.8,-35.4,4.5,,,,
106.532,5,Atta_5,3010.3,862.9,41.4,44.7,-3.2,,,,
106.532,6,Atta_6,3180.9,2086.0,274.5,59.4,-1.4,,,,
106.532,7,Atta_7,2843.3,961.2,317.6,-47.9,-0.2,,,,
106.532,8,Atta_8,2772.7,1736.9,225.1,85.9,-4.7,,,,
106.532,9,Atta_9,2681.9,1199.4,359.8,-39.2,4.5,,,,
106.532,10,Atta_10,3451.3,686.5,102.3,32.9,-7.5,,,,
106.599,1,Atta_1,2764.9,1514.2,286.1,-39.9,-6.8,,,,
106.599,2,Atta_2,3455.5,2045.8,283.3,21.2,8.3,,,,
106.599,3,Atta_3,2919.7,1981.3,309.4,-88.6,-2.0,,,,
106.599,4,Atta_4,3221.3,696.1,77.0,-4.4,-0.8,,,,
106.599,5,Atta_5,3012.7,847.2,42.5,-15.9,1.1,,,,
106.599,6,Atta_6,3163.3,2062.2,277.6,29.6,3.1,,,,
106.599,7,Atta_7,2821.4,1027.0,314.8,-69.3,-2.8,,,,
106.599,8,Atta_8,2750.4,1683.2,229.1,58.1,4.0,,,,
106.599,9,Atta_9,2749.5,1251.7,356.2,85.5,-3.6,,,,
106.599,10,Atta_10,3430.8,678.2,106.0,-22.1,3.7,,,,
106.667,1,Atta_1,2726.9,1480.4,286.6,50.9,0.5,,,,
106.667,2,Atta_2,3520.6,2051.9,278.1,65.4,-5.2,,,,
106.667,3,Atta_3,3009.2,1950.3,309.5,94.7,0.1,,,,
106.667,4,Atta_4,3243.5,724.2,80.1,35.8,3.1,,,,
106.667,5,Atta_5,2941.0,780.2,45.3,-98.1,2.8,,,,
106.667,6,Atta_6,3179.5,2078.6,274.3,-23.1,-3.3,,,,
106.667,7,Atta_7,2833.9,1019.5,319.5,14.6,4.7,,,,
106.667,8,Atta_8,2820.4,1678.6,225.1,-70.2,-4.0,,,,
106.667,9,Atta_9,2731.8,1259.8,357.1,-19.5,0.9,,,,
106.667,10,Atta_10,3521.3,658.7,111.0,-92.6,5.0,,,,
106.735,1,Atta_1,2721.9,1477.0,280.6,6.0,-6.0,,,,
106.735,2,Atta_2,3477.3,2017.7,277.0,55.2,-1.1,,,,
106.735,3,Atta_3,2922.5,1901.2,311.0,-99.6,1.5,,,,
106.735,4,Atta_4,3165.5,722.5,79.4,-78.0,-0.7,,,,
106.735,5,Atta_5,3019.4,801.9,45.5,81.3,0.2,,,,
106.735,6,Atta_6,3142.2,2088.0,275.5,-38.5,1.2,,,,
106.735,7,Atta_7,2849.6,1001.8,317.4,23.7,-2.1,,,,
106.735,8,Atta_8,2720.8,1762.7,230.0,130.4,4.9,,,,
106.735,9,Atta_9,2730.0,1216.1,357.9,43.7,0.8,,,,
106.735,10,Atta_10,3480.0,742.4,110.0,93.3,-1.0,,,,
106.804,1,Atta_1,2704.3,1455.5,275.3,27.8,-5.3,,,,
106.804,2,Atta_2,3524.1,2091.4,277.0,-87.3,0.0,,,,
106.804,3,Atta_3,2949.0,1890.7,312.3,28.5,1.3,,,,
106.804,4,Atta_4,3249.5,698.6,80.5,-87.3,1.1,,,,
106.804,5,Atta_5,2962.6,804.2,41.3,-56.8,-4.2,,,,
106.804,6,Atta_6,3186.7,2064.5,276.2,50.3,0.7,,,,
106.804,7,Atta_7,2852.5,1026.8,315.9,-25.2,-1.5,,,,
106.804,8,Atta_8,2756.5,1715.5,223.1,59.2,-6.9,,,,
106.804,9,Atta_9,2706.0,1209.9,0.5,-24.8,2.6,,,,
106.804,10,Atta_10,3483.3,693.5,110.9,-49.0,0.9,,,,
106.872,1,Atta_1,2745.9,1490.2,270.6,-54.2,-4.7,,,,
106.872,2,Atta_2,3478.6,2032.5,280.3,74.4,3.3,,,,
106.872,3,Atta_3,2996.6,1929.5,312.1,61.4,-0.2,,,,
106.872,4,Atta_4,3193.1,702.1,76.3,-56.5,-4.2,,,,
106.872,5,Atta_5,3029.9,763.9,44.5,78.4,3.2,,,,
106.872,6,Atta_6,3194.2,2090.8,276.7,-27.3,0.5,,,,
106.872,7,Atta_7,2838.7,978.9,318.3,49.8,2.4,,,,
106.872,8,Atta_8,2799.8,1754.1,228.3,-58.0,5.2,,,,
106.872,9,Atta_9,2737.8,1283.8,359.7,80.5,-0.8,,,,
106.872,10,Atta_10,3468.7,646.3,110.9,-49.4,0.0,,,,
106.934,1,Atta_1,2737.8,1481.6,265.3,11.8,-5.3,,,,
106.934,2,Atta_2,3432.6,2019.8,279.1,47.7,-1.2,,,,
106.934,3,Atta_3,2994.1,1950.1,311.2,-20.8,-0.9,,,,
106.934,4,Atta_4,3217.9,712.7,73.0,27.0,-3.3,,,,
106.934,5,Atta_5,2983.8,777.9,46.9,-48.2,2.4,,,,
106.934,6,Atta_6,3179.8,2106.1,274.9,-21.0,-1.8,,,,
106.934,7,Atta_7,2827.1,983.7,319.3,-12.6,1.0,,,,
106.934,8,Atta_8,2782.6,1701.0,227.5,55.8,-0.8,,,,
106.934,9,Atta_9,2740.6,1251.0,357.6,32.9,-2.1,,,,
106.934,10,Atta_10,3508.2,683.6,106.3,54.3,-4.6,,,,
107.005,1,Atta_1,2780.4,1488.3,257.5,-43.1,-7.8,,,,
107.005,2,Atta_2,3481.3,2040.5,279.1,-52.9,0.0,,,,
107.005,3,Atta_3,3013.0,1943.5,310.0,20.0,-1.2,,,,
107.005,4,Atta_4,3256.2,781.3,79.1,78.6,6.1,,,,
107.005,5,Atta_5,2963.7,854.5,44.5,79.2,-2.4,,,,
107.005,6,Atta_6,3126.1,2075.7,272.0,61.7,-2.9,,,,
107.005,7,Atta_7,2812.7,985.5,317.5,-14.5,-1.8,,,,
107.005,8,Atta_8,2760.4,1739.2,227.4,-44.2,-0.1,,,,
107.005,9,Atta_9,2745.3,1230.4,359.2,21.1,1.6,,,,
107.005,10,Atta_10,3535.3,706.0,108.9,35.2,2.6,,,,
107.073,1,Atta_1,2766.0,1492.2,258.9,-14.9,1.4,,,,
107.073,2,Atta_2,3511.9,2028.6,276.5,32.8,-2.6,,,,
107.073,3,Atta_3,2967.7,1964.5,312.1,-49.9,2.1,,,,
107.073,4,Atta_4,3209.7,698.3,74.9,-95.1,-4.2,,,,
107.073,5,Atta_5,2976.8,852.7,43.5,13.2,-1.0,,,,
107.073,6,Atta_6,3151.8,2113.6,274.3,-45.8,2.3,,,,
107.073,7,Atta_7,2807.8,979.2,315.2,8.0,-2.3,,,,
107.073,8,Atta_8,2711.3,1720.8,227.6,52.4,0.2,,,,
107.073,9,Atta_9,2750.2,1276.4,0.4,46.3,1.2,,,,
107.073,10,Atta_10,3486.5,672.6,109.9,-59.1,1.0,,,,
107.143,1,Atta_1,2744.7,1500.7,251.9,-22.9,-7.0,,,,
107.143,2,Atta_2,3434.2,2040.2,281.0,-78.6,4.5,,,,
107.143,3,Atta_3,3019.8,1943.8,314.4,56.1,2.3,,,,
107.143,4,Atta_4,3222.4,692.8,77.5,-13.8,2.6,,,,
107.143,5,Atta_5,3022.9,801.1,48.0,-69.2,4.5,,,,
107.143,6,Atta_6,3175.3,2031.5,275.4,85.4,1.1,,,,
107.143,7,Atta_7,2834.6,1042.2,316.0,-68.5,0.8,,,,
107.143,8,Atta_8,2820.0,1734.5,224.7,-109.6,-2.9,,,,
107.143,9,Atta_9,2762.2,1235.7,359.1,42.4,-1.3,,,,
107.143,10,Atta_10,3437.4,695.6,112.7,54.2,2.8,,,,
107.196,1,Atta_1,2720.2,1475.8,249.6,34.9,-2.3,,,,
107.196,2,Atta_2,3450.4,2039.4,275.9,16.2,-5.1,,,,
107.196,3,Atta_3,2932.1,1932.0,316.5,-88.5,2.1,,,,
107.196,4,Atta_4,3212.5,717.7,80.0,26.8,2.5,,,,
107.196,5,Atta_5,2993.0,821.2,48.2,-36.0,0.2,,,,
107.196,6,Atta_6,3155.0,2112.8,275.3,-83.8,-0.1,,,,
107.196,7,Atta_7,2882.8,983.0,319.6,76.3,3.6,,,,
107.196,8,Atta_8,2773.1,1679.5,227.9,72.3,3.2,,,,
107.196,9,Atta_9,2713.0,1263.2,357.5,-56.4,-1.6,,,,
107.196,10,Atta_10,3481.9,697.5,108.7,-44.5,-4.0,,,,
107.265,1,Atta_1,2743.1,1523.7,241.1,-53.1,-8.5,,,,
107.265,2,Atta_2,3425.5,2059.8,279.5,-32.2,3.6,,,,
107.265,3,Atta_3,2992.7,1966.2,313.0,69.6,-3.5,,,,
107.265,4,Atta_4,3242.3,687.1,78.3,-42.7,-1.7,,,,
107.265,5,Atta_5,2920.5,789.1,43.9,-79.3,-4.3,,,,
107.265,6,Atta_6,3183.4,2076.2,278.2,46.3,2.9,,,,
107.265,7,Atta_7,2841.4,996.7,317.6,-43.6,-2.0,,,,
107.265,8,Atta_8,2776.0,1754.0,231.0,-74.6,3.1,,,,
107.265,9,Atta_9,2680.9,1213.7,356.3,-59.0,-1.2,,,,
107.265,10,Atta_10,3474.5,676.9,109.6,-21.9,0.9,,,,
107.336,1,Atta_1,2789.0,1489.9,241.7,57.0,0.6,,,,
107.336,2,Atta_2,3469.7,2060.8,275.5,44.2,-4.0,,,,
107.336,3,Atta_3,2973.4,1961.7,309.7,-19.8,-3.3,,,,
107.336,4,Atta_4,3179.2,700.5,75.6,64.5,-2.7,,,,
107.336,5,Atta_5,2963.6,820.5,45.6,53.3,1.7,,,,
107.336,6,Atta_6,3194.6,2077.6,273.6,11.3,-4.6,,,,
107.336,7,Atta_7,2849.3,991.2,319.8,9.6,2.2,,,,
107.336,8,Atta_8,2806.1,1720.9,228.1,44.7,-2.9,,,,
107.336,9,Atta_9,2718.2,1172.5,358.4,55.6,2.1,,,,
107.336,10,Atta_10,3456.2,698.9,107.5,28.6,-2.1,,,,
107.4,1,Atta_1,2706.3,1456.1,234.8,89.3,-6.9,,,,
107.4,2,Atta_2,3434.7,2056.6,278.4,35.3,2.9,,,,
107.4,3,Atta_3,2966.7,1958.6,310.9,-7.4,1.2,,,,
107.4,4,Atta_4,3230.0,664.5,74.8,-62.3,-0.8,,,,
107.4,5,Atta_5,3012.4,823.3,42.6,48.9,-3.0,,,,
107.4,6,Atta_6,3148.7,2069.1,275.8,46.7,2.2,,,,
107.4,7,Atta_7,2832.9,1000.8,315.7,-19.0,-4.1,,,,
107.4,8,Atta_8,2792.7,1729.7,227.2,16.0,-0.9,,,,
107.4,9,Atta_9,2714.6,1270.5,358.1,-98.1,-0.3,,,,
107.4,10,Atta_10,3495.6,726.2,109.4,47.9,1.9,,,,
107.451,1,Atta_1,2781.5,1513.7,229.5,-94.7,-5.3,,,,
107.451,2,Atta_2,3476.9,2036.7,279.0,46.7,0.6,,,,
107.451,3,Atta_3,2951.2,1925.1,310.3,36.9,-0.6,,,,
107.451,4,Atta_4,3209.7,698.3,78.5,39.4,3.7,,,,
107.451,5,Atta_5,3020.9,886.0,45.2,63.3,2.6,,,,
107.451,6,Atta_6,3204.7,2069.1,276.2,56.0,0.4,,,,
107.451,7,Atta_7,2868.3,950.3,319.2,61.7,3.5,,,,
107.451,8,Atta_8,2804.5,1701.9,226.7,30.2,-0.5,,,,
107.451,9,Atta_9,2742.8,1270.2,358.0,28.2,-0.1,,,,
107.451,10,Atta_10,3490.6,668.1,108.9,-58.3,-0.5,,,,
107.522,1,Atta_1,2725.0,1517.5,225.0,56.6,-4.5,,,,
107.522,2,Atta_2,3440.0,2004.8,278.2,48.8,-0.8,,,,
107.522,3,Atta_3,3000.0,1971.6,310.1,-67.4,-0.2,,,,
107.522,4,Atta_4,3170.0,730.6,72.1,51.2,-6.4,,,,
107.522,5,Atta_5,3002.8,874.3,42.7,-21.6,-2.5,,,,
107.522,6,Atta_6,3134.7,2070.2,275.7,-70.0,-0.5,,,,
107.522,7,Atta_7,2842.7,990.8,317.2,-47.9,-2.0,,,,
107.522,8,Atta_8,2780.9,1764.2,225.9,-66.6,-0.8,,,,
107.522,9,Atta_9,2718.5,1209.2,356.3,-65.7,-1.7,,,,
107.522,10,Atta_10,3469.8,675.5,110.0,22.1,1.1,,,,
107.593,1,Atta_1,2719.6,1454.3,222.8,63.4,-2.2,,,,
107.593,2,Atta_2,3429.2,2021.3,282.1,-19.7,3.9,,,,
107.593,3,Atta_3,3025.6,1977.7,311.6,26.3,1.5,,,,
107.593,4,Atta_4,3286.7,680.9,78.5,-126.8,6.4,,,,
107.593,5,Atta_5,3019.8,803.3,43.6,-73.0,0.9,,,,
107.593,6,Atta_6,3135.4,2021.5,273.8,48.7,-1.9,,,,
107.593,7,Atta_7,2791.6,977.7,318.0,-52.8,0.8,,,,
107.593,8,Atta_8,2760.2,1717.1,229.1,51.4,3.2,,,,
107.593,9,Atta_9,2755.4,1263.7,357.6,65.8,1.3,,,,
107.593,10,Atta_10,3412.4,627.7,105.5,-74.7,-4.5,,,,
107.661,1,Atta_1,2691.5,1477.0,215.0,36.1,-7.8,,,,
107.661,2,Atta_2,3427.5,2008.6,277.3,12.8,-4.8,,,,
107.661,3,Atta_3,2978.5,1988.9,305.5,-48.4,-6.1,,,,
107.661,4,Atta_4,3260.0,708.4,78.3,38.3,-0.2,,,,
107.661,5,Atta_5,2994.9,835.8,45.1,40.9,1.5,,,,
107.661,6,Atta_6,3141.2,2070.9,275.7,-49.7,1.9,,,,
107.661,7,Atta_7,2882.9,951.2,321.3,95.1,3.3,,,,
107.661,8,Atta_8,2783.0,1716.1,227.0,-22.8,-2.1,,,,
107.661,9,Atta_9,2706.3,1177.0,2.3,-99.6,4.7,,,,
107.661,10,Atta_10,3512.6,701.6,107.1,124.5,1.6,,,,
107.732,1,Atta_1,2771.6,1472.5,211.5,-80.2,-3.5,,,,
107.732,2,Atta_2,3468.6,2071.4,280.0,-75.1,2.7,,,,
107.732,3,Atta_3,3023.2,1977.4,313.9,46.2,8.4,,,,
107.732,4,Atta_4,3248.0,754.9,76.3,48.0,-2.0,,,,
107.732,5,Atta_5,2967.9,825.8,45.7,-28.8,0.6,,,,
107.732,6,Atta_6,3189.8,2048.9,274.4,53.3,-1.3,,,,
107.732,7,Atta_7,2899.0,1017.2,321.7,-67.9,0.4,,,,
107.732,8,Atta_8,2785.3,1706.8,226.9,9.6,-0.1,,,,
107.732,9,Atta_9,2710.1,1267.4,2.5,90.5,0.2,,,,
107.732,10,Atta_10,3472.3,665.6,110.3,-54.0,3.2,,,,
107.786,1,Atta_1,2824.9,1445.0,207.3,-60.0,-4.2,,,,
107.786,2,Atta_2,3428.8,2041.1,278.3,50.0,-1.7,,,,
107.786,3,Atta_3,2973.4,1937.8,311.3,-63.6,-2.6,,,,
107.786,4,Atta_4,3228.9,689.3,79.4,-68.3,3.1,,,,
107.786,5,Atta_5,2995.2,837.2,41.0,29.6,-4.7,,,,
107.786,6,Atta_6,3198.2,2044.5,271.7,9.5,-2.7,,,,
107.786,7,Atta_7,2835.1,1005.0,319.2,-65.1,-2.5,,,,
107.786,8,Atta_8,2805.5,1711.5,225.3,-20.7,-1.6,,,,
107.786,9,Atta_9,2748.1,1255.1,1.2,39.9,-1.3,,,,
107.786,10,Atta_10,3550.8,674.0,113.8,-78.9,3.5,,,,
107.852,1,Atta_1,2741.3,1462.6,204.5,85.4,-2.8,,,,
107.852,2,Atta_2,3433.5,2064.5,280.3,-23.9,2.0,,,,
107.852,3,Atta_3,3032.4,1936.6,310.2,59.0,-1.1,,,,
107.852,4,Atta_4,3245.8,707.5,80.5,24.8,1.1,,,,
107.852,5,Atta_5,3061.3,811.6,44.2,70.9,3.2,,,,
107.852,6,Atta_6,3161.2,2117.2,275.8,-81.6,4.1,,,,
107.852,7,Atta_7,2815.2,1020.2,319.6,-25.0,0.4,,,,
107.852,8,Atta_8,2808.6,1749.0,229.0,-37.6,3.7,,,,
107.852,9,Atta_9,2706.9,1221.6,0.6,-53.1,-0.6,,,,
107.852,10,Atta_10,3528.3,627.9,111.0,-51.3,-2.8,,,,
107.918,1,Atta_1,2704.1,1455.7,196.8,37.8,-7.7,,,,
107.918,2,Atta_2,3477.2,2087.2,278.2,-49.2,-2.1,,,,
107.918,3,Atta_3,2993.9,1967.8,309.2,-49.6,-1.0,,,,
107.918,4,Atta_4,3212.0,714.2,72.8,34.5,-7.7,,,,
107.918,5,Atta_5,3006.7,860.6,41.6,-73.4,-2.6,,,,
107.918,6,Atta_6,3178.7,2017.4,272.8,101.3,-3.0,,,,
107.918,7,Atta_7,2796.2,998.8,317.5,-28.6,-2.1,,,,
107.918,8,Atta_8,2811.4,1738.9,224.3,10.5,-4.7,,,,
107.918,9,Atta_9,2728.4,1238.2,359.0,27.2,-1.6,,,,
107.918,10,Atta_10,3493.2,691.8,111.7,72.9,0.7,,,,
107.987,1,Atta_1,2725.0,1505.7,195.6,-54.2,-1.2,,,,
107.987,2,Atta_2,3415.8,2004.8,277.6,102.8,-0.6,,,,
107.987,3,Atta_3,3014.0,1942.2,311.5,32.5,2.3,,,,
107.987,4,Atta_4,3234.7,669.8,75.5,-49.9,2.7,,,,
107.987,5,Atta_5,2985.9,825.8,42.1,-40.5,0.5,,,,
107.987,6,Atta_6,3174.7,2083.7,272.2,-66.4,-0.6,,,,
107.987,7,Atta_7,2845.2,970.5,317.1,56.6,-0.4,,,,
107.987,8,Atta_8,2794.6,1709.8,229.0,33.6,4.7,,,,
107.987,9,Atta_9,2744.7,1213.2,3.1,29.8,4.1,,,,
107.987,10,Atta_10,3488.8,653.3,111.0,-38.8,-0.7,,,,
108.055,1,Atta_1,2740.9,1522.4,187.0,-23.1,-8.6,,,,
108.055,2,Atta_2,3464.6,2007.9,280.1,48.9,2.5,,,,
108.055,3,Atta_3,2998.6,1965.8,312.7,-28.2,1.2,,,,
108.055,4,Atta_4,3270.5,729.0,80.7,69.2,5.2,,,,
108.055,5,Atta_5,3019.9,867.3,47.6,53.6,5.5,,,,
108.055,6,Atta_6,3202.9,2035.7,273.6,55.7,1.4,,,,
108.055,7,Atta_7,2890.7,976.3,320.2,45.9,3.1,,,,
108.055,8,Atta_8,2824.3,1674.1,227.7,46.4,-1.3,,,,
108.055,9,Atta_9,2720.0,1259.7,356.7,-52.7,-6.4,,,,
108.055,10,Atta_10,3441.7,676.2,106.7,52.4,-4.3,,,,
108.124,1,Atta_1,2769.8,1485.1,183.3,-47.2,-3.7,,,,
108.124,2,Atta_2,3425.6,1986.9,278.5,44.3,-1.6,,,,
108.124,3,Atta_3,3016.7,1927.8,309.2,42.1,-3.5,,,,
108.124,4,Atta_4,3243.8,716.8,77.8,-29.4,-2.9,,,,
108.124,5,Atta_5,3001.9,871.4,41.1,-18.5,-6.5,,,,
108.124,6,Atta_6,3164.6,2081.8,276.3,-59.9,2.7,,,,
108.124,7,Atta_7,2840.1,1050.0,317.3,-89.4,-2.9,,,,
108.124,8,Atta_8,2750.3,1704.4,225.1,80.0,-2.6,,,,
108.124,9,Atta_9,2702.0,1245.3,359.3,-23.1,2.6,,,,
108.124,10,Atta_10,3447.3,730.8,111.4,54.9,4.7,,,,
108.194,1,Atta_1,2716.9,1498.7,182.7,54.6,-0.6,,,,
108.194,2,Atta_2,3470.3,2099.1,278.1,-120.8,-0.4,,,,
108.194,3,Atta_3,2985.7,1950.6,312.9,-38.5,3.7,,,,
108.194,4,Atta_4,3252.6,678.6,77.4,-39.2,-0.4,,,,
108.194,5,Atta_5,2972.8,832.6,46.6,-48.5,5.5,,,,
108.194,6,Atta_6,3128.0,2111.3,276.6,-47.0,0.3,,,,
108.194,7,Atta_7,2837.5,960.5,318.1,89.5,0.8,,,,
108.194,8,Atta_8,2782.4,1729.6,226.6,-40.8,1.5,,,,
108.194,9,Atta_9,2783.3,1253.3,0.4,81.7,1.1,,,,
108.194,10,Atta_10,3490.7,713.2,111.5,-46.8,0.1,,,,
108.248,1,Atta_1,2736.5,1526.1,182.3,-33.7,-0.4,,,,
108.248,2,Atta_2,3461.7,2068.6,279.2,31.7,1.1,,,,
108.248,3,Atta_3,3007.8,1927.9,309.7,31.7,-3.2,,,,
108.248,4,Atta_4,3233.0,721.6,79.1,47.3,1.7,,,,
108.248,5,Atta_5,3004.4,793.7,42.7,-50.1,-3.9,,,,
108.248,6,Atta_6,3168.6,2050.3,274.9,73.3,-1.7,,,,
108.248,7,Atta_7,2786.5,1004.6,317.2,-67.4,-0.9,,,,
108.248,8,Atta_8,2800.7,1739.5,228.6,-20.8,2.0,,,,
108.248,9,Atta_9,2745.7,1234.0,360.0,-42.3,-0.4,,,,
108.248,10,Atta_10,3477.8,714.1,110.0,12.9,-1.5,,,,
108.316,1,Atta_1,2742.6,1453.9,185.9,-72.5,3.6,,,,
108.316,2,Atta_2,3416.7,2066.3,278.8,-45.1,-0.4,,,,
108.316,3,Atta_3,2902.6,1949.8,308.4,-107.5,-1.3,,,,
108.316,4,Atta_4,3261.7,723.5,76.1,28.8,-3.0,,,,
108.316,5,Atta_5,3030.6,853.7,46.1,65.5,3.4,,,,
108.316,6,Atta_6,3155.3,2058.9,276.2,-15.8,1.3,,,,
108.316,7,Atta_7,2818.3,1016.5,320.8,34.0,3.6,,,,
108.316,8,Atta_8,2820.6,1723.0,230.1,-25.9,1.5,,,,
108.316,9,Atta_9,2743.5,1228.1,1.2,-6.3,1.2,,,,
108.316,10,Atta_10,3500.7,684.9,106.3,-37.1,-3.7,,,,
108.386,1,Atta_1,2731.0,1464.0,180.8,15.4,-5.1,,,,
108.386,2,Atta_2,3468.4,2011.0,277.0,75.7,-1.8,,,,
108.386,3,Atta_3,2936.1,1944.1,312.9,34.0,4.5,,,,
108.386,4,Atta_4,3223.2,703.2,78.2,-43.5,2.1,,,,
108.386,5,Atta_5,2979.0,862.0,47.1,-52.3,1.0,,,,
108.386,6,Atta_6,3166.6,2022.8,273.9,37.8,-2.3,,,,
108.386,7,Atta_7,2820.8,1033.5,319.0,-17.2,-1.8,,,,
108.386,8,Atta_8,2805.7,1707.0,227.6,21.9,-2.5,,,,
108.386,9,Atta_9,2710.9,1254.2,356.3,-41.8,-4.9,,,,
108.386,10,Atta_10,3486.5,715.7,110.5,33.9,4.2,,,,
108.44,1,Atta_1,2768.5,1482.9,181.7,-42.0,0.9,,,,
108.44,2,Atta_2,3472.7,2039.7,273.4,-29.0,-3.6,,,,
108.44,3,Atta_3,2965.9,1962.9,311.6,35.2,-1.3,,,,
108.44,4,Atta_4,3183.4,725.7,77.6,45.7,-0.6,,,,
108.44,5,Atta_5,2980.8,852.3,46.4,-9.9,-0.7,,,,
108.44,6,Atta_6,3189.4,2125.5,274.1,-105.2,0.2,,,,
108.44,7,Atta_7,2851.3,995.5,314.9,48.7,-4.1,,,,
108.44,8,Atta_8,2801.5,1757.5,227.4,-50.7,-0.2,,,,
108.44,10,Atta_10,3509.0,699.6,109.5,-27.7,-1.0,,,,
108.51,1,Atta_1,2776.1,1474.9,182.7,-11.0,1.0,,,,
108.51,2,Atta_2,3419.3,2056.4,279.9,-56.0,6.5,,,,
108.51,3,Atta_3,2937.9,1968.3,311.0,-28.5,-0.6,,,,
108.51,4,Atta_4,3278.7,734.6,77.5,95.7,-0.1,,,,
108.51,5,Atta_5,3021.7,865.9,46.2,43.1,-0.2,,,,
108.51,7,Atta_7,2773.7,983.3,315.4,-78.6,0.5,,,,
108.51,8,Atta_8,2744.3,1713.5,222.6,72.2,-4.8,,,,
108.51,9,Atta_9,2784.5,1192.8,359.1,95.8,2.8,,,,
108.51,10,Atta_10,3498.1,735.2,107.3,37.2,-2.2,,,,
108.578,1,Atta_1,2709.3,1501.4,188.6,71.9,5.9,,,,
108.578,2,Atta_2,3482.7,2051.0,279.7,63.6,-0.2,,,,
108.578,3,Atta_3,2968.1,1897.1,312.7,77.3,1.7,,,,
108.578,4,Atta_4,3270.5,636.8,75.5,-98.1,-2.0,,,,
108.578,5,Atta_5,3026.5,858.3,45.1,-9.0,-1.1,,,,
108.578,6,Atta_6,3160.5,2113.1,273.3,31.4,-0.8,,,,
108.578,7,Atta_7,2854.5,1019.1,323.5,88.4,8.1,,,,
108.578,8,Atta_8,2795.2,1741.1,229.4,-57.9,6.8,,,,
108.578,9,Atta_9,2726.7,1282.5,358.8,-106.7,-0.3,,,,
108.578,10,Atta_10,3519.8,674.9,106.8,-64.1,-0.5,,,,
108.696,1,Atta_1,2723.7,1473.2,185.5,-31.7,-3.1,,,,
108.696,2,Atta_2,3391.9,2048.1,278.6,-90.8,-1.1,,,,
108.696,3,Atta_3,2981.0,1913.5,312.1,-20.9,-0.6,,,,
108.696,4,Atta_4,3244.7,693.0,77.9,61.8,2.4,,,,
108.696,5,Atta_5,3007.7,876.6,44.5,-26.2,-0.6,,,,
108.696,6,Atta_6,3174.0,2047.9,277.0,66.6,3.7,,,,
108.696,7,Atta_7,2871.3,959.1,319.9,62.3,-3.6,,,,
108.696,8,Atta_8,2767.0,1755.0,227.7,31.4,-1.7,,,,
108.696,9,Atta_9,2736.5,1218.4,358.9,64.8,0.1,,,,
108.696,10,Atta_10,3491.0,720.4,111.8,53.8,5.0,,,,
108.766,1,Atta_1,2713.4,1504.6,181.6,33.0,-3.9,,,,
108.766,2,Atta_2,3384.7,2018.0,278.7,30.9,0.1,,,,
108.766,3,Atta_3,2967.0,1946.4,310.8,-35.8,-1.3,,,,
108.766,4,Atta_4,3258.2,736.9,77.7,45.9,-0.2,,,,
108.766,5,Atta_5,3009.8,883.0,42.3,6.7,-2.2,,,,
108.766,6,Atta_6,3125.4,2155.9,276.9,-118.4,-0.1,,,,
108.766,7,Atta_7,2858.9,999.8,319.2,-42.5,-0.7,,,,
108.766,8,Atta_8,2776.2,1734.7,230.1,22.3,2.4,,,,
108.766,9,Atta_9,2778.6,1214.1,358.6,42.3,-0.3,,,,
108.766,10,Atta_10,3558.7,712.6,106.9,-68.1,-4.9,,,,
108.837,1,Atta_1,2694.2,1442.3,185.5,65.2,3.9,,,,
108.837,2,Atta_2,3462.6,1991.2,276.9,82.4,-1.8,,,,
108.837,3,Atta_3,3032.3,1935.5,311.9,66.2,1.1,,,,
108.837,4,Atta_4,3176.0,688.8,75.4,-95.2,-2.3,,,,
108.837,5,Atta_5,2969.3,828.3,41.0,-68.1,-1.3,,,,
108.837,6,Atta_6,3174.4,2071.7,277.6,97.4,0.7,,,,
108.837,7,Atta_7,2865.2,1014.3,318.0,-15.8,-1.2,,,,
108.837,8,Atta_8,2828.1,1751.7,228.8,-54.6,-1.3,,,,
108.837,9,Atta_9,2660.9,1263.5,2.4,-127.6,3.8,,,,
108.837,10,Atta_10,3477.7,649.4,108.6,-102.7,1.7,,,,
108.891,1,Atta_1,2687.5,1502.6,184.5,60.7,-1.0,,,,
108.891,2,Atta_2,3409.0,2040.7,282.7,-73.0,5.8,,,,
108.891,3,Atta_3,2999.4,1877.1,310.3,67.0,-1.6,,,,
108.891,4,Atta_4,3218.0,772.9,74.8,94.0,-0.6,,,,
108.891,5,Atta_5,3000.6,815.5,44.7,33.8,3.7,,,,
108.891,6,Atta_6,3167.0,2050.2,277.9,22.7,0.3,,,,
108.891,7,Atta_7,2799.8,1039.5,317.1,-70.1,-0.9,,,,
108.891,8,Atta_8,2800.7,1713.1,225.3,47.3,-3.5,,,,
108.891,9,Atta_9,2734.2,1217.4,357.9,86.6,-4.5,,,,
108.891,10,Atta_10,3533.5,648.2,108.6,-55.8,0.0,,,,
108.959,1,Atta_1,2703.8,1531.9,183.9,-33.5,-0.6,,,,
108.959,2,Atta_2,3464.3,2080.7,281.0,-68.3,-1.7,,,,
108.959,3,Atta_3,3003.1,1951.3,309.1,-74.3,-1.2,,,,
108.959,4,Atta_4,3139.0,710.3,76.5,-100.8,1.7,,,,
108.959,5,Atta_5,2961.4,841.8,46.1,-47.2,1.4,,,,
108.959,6,Atta_6,3181.6,2137.0,277.4,-88.0,-0.5,,,,
108.959,7,Atta_7,2819.7,991.4,321.0,52.1,3.9,,,,
108.959,8,Atta_8,2821.8,1710.2,225.4,-21.3,0.1,,,,
108.959,9,Atta_9,2745.9,1225.6,359.9,14.3,2.0,,,,
108.959,10,Atta_10,3445.1,685.4,109.6,95.9,1.0,,,,
109.029,1,Atta_1,2704.9,1568.1,185.1,-36.2,1.2,,,,
109.029,2,Atta_2,3411.2,2117.5,272.5,-64.6,-8.5,,,,
109.029,3,Atta_3,2984.3,1963.2,307.8,-22.2,-1.3,,,,
109.029,4,Atta_4,3223.3,732.5,77.5,87.2,1.0,,,,
109.029,5,Atta_5,3014.0,829.2,51.1,54.1,5.0,,,,
109.029,6,Atta_6,3171.3,2047.9,273.1,89.7,-4.3,,,,
109.029,7,Atta_7,2838.1,1018.7,318.7,-32.9,-2.3,,,,
109.029,8,Atta_8,2792.9,1661.4,228.7,56.7,3.3,,,,
109.029,9,Atta_9,2769.8,1294.4,354.8,72.8,-5.1,,,,
109.029,10,Atta_10,3489.2,652.3,107.6,-55.1,-2.0,,,,
109.096,1,Atta_1,2796.9,1462.1,182.0,-140.4,-3.1,,,,
109.096,2,Atta_2,3424.4,2064.6,280.5,54.5,8.0,,,,
109.096,3,Atta_3,2955.4,1942.4,313.1,-35.6,5.3,,,,
109.096,4,Atta_4,3218.7,681.8,76.9,-50.9,-0.6,,,,
109.096,5,Atta_5,2982.0,819.7,47.3,-33.4,-3.8,,,,
109.096,6,Atta_6,3194.6,2059.1,275.8,-25.9,2.7,,,,
109.096,7,Atta_7,2857.6,980.3,317.6,43.1,-1.1,,,,
109.096,8,Atta_8,2791.4,1645.5,227.6,16.0,-1.1,,,,
109.096,9,Atta_9,2755.2,1215.5,357.6,-80.2,2.8,,,,
109.096,10,Atta_10,3521.2,619.7,107.3,-45.7,-0.3,,,,
109.165,1,Atta_1,2688.6,1499.9,183.5,114.7,1.5,,,,
109.165,2,Atta_2,3409.2,2028.5,279.8,39.2,-0.7,,,,
109.165,3,Atta_3,3024.5,1989.7,310.7,83.7,-2.4,,,,
109.165,4,Atta_4,3236.0,740.3,75.1,61.0,-1.8,,,,
109.165,5,Atta_5,3023.5,782.4,44.7,55.8,-2.6,,,,
109.165,7,Atta_7,2854.1,991.3,322.4,-11.5,4.8,,,,
109.165,8,Atta_8,2681.2,1689.1,228.5,118.5,0.9,,,,
109.165,9,Atta_9,2749.2,1242.5,356.1,-27.7,-1.5,,,,
109.165,10,Atta_10,3561.6,709.7,110.4,98.7,3.1,,,,
109.231,1,Atta_1,2695.8,1463.9,181.7,-36.7,-1.8,,,,
109.231,2,Atta_2,3507.7,2067.8,276.6,-106.1,-3.2,,,,
109.231,3,Atta_3,3010.8,1999.5,313.1,-16.8,2.4,,,,
109.231,4,Atta_4,3233.7,748.4,75.3,8.4,0.2,,,,
109.231,5,Atta_5,2975.5,842.9,49.2,77.2,4.5,,,,
109.231,6,Atta_6,3167.9,2083.1,273.2,-35.9,-2.6,,,,
109.231,7,Atta_7,2910.7,956.2,321.0,66.6,-1.4,,,,
109.231,8,Atta_8,2789.4,1754.5,226.4,-126.4,-2.1,,,,
109.231,9,Atta_9,2721.2,1255.2,359.9,-30.7,3.8,,,,
109.231,10,Atta_10,3523.6,663.3,108.4,-60.0,-2.0,,,,
109.297,1,Atta_1,2680.6,1460.5,182.7,15.6,1.0,,,,
109.297,2,Atta_2,3441.6,2032.1,275.7,75.1,-0.9,,,,
109.297,3,Atta_3,3003.3,1934.2,312.1,65.7,-1.0,,,,
109.297,4,Atta_4,3186.2,711.4,77.7,-60.2,2.4,,,,
109.297,5,Atta_5,2986.6,838.2,45.3,12.1,-3.9,,,,
109.297,6,Atta_6,3194.7,2051.4,275.4,41.5,2.2,,,,
109.297,7,Atta_7,2867.1,1022.0,316.4,-78.9,-4.6,,,,
109.297,8,Atta_8,2813.4,1702.7,226.5,57.1,0.1,,,,
109.297,9,Atta_9,2695.8,1243.7,353.4,-27.9,-6.5,,,,
109.297,10,Atta_10,3479.6,728.0,109.8,78.2,1.4,,,,
109.367,1,Atta_1,2690.4,1469.4,181.0,-13.2,-1.7,,,,
109.367,2,Atta_2,3434.3,2071.4,280.8,-40.0,5.1,,,,
109.367,3,Atta_3,2998.1,1920.1,312.1,15.0,0.0,,,,
109.367,4,Atta_4,3223.5,696.9,73.1,-40.0,-4.6,,,,
109.367,5,Atta_5,3004.2,765.7,44.5,-74.6,-0.8,,,,
109.367,6,Atta_6,3134.3,2065.4,275.5,-62.0,0.1,,,,
109.367,7,Atta_7,2832.6,1002.7,317.3,-39.5,0.9,,,,
109.367,8,Atta_8,2777.9,1746.9,225.8,-56.7,-0.7,,,,
109.367,9,Atta_9,2716.3,1251.8,357.6,22.0,4.2,,,,
109.367,10,Atta_10,3455.2,610.8,110.6,-119.7,0.8,,,,
109.436,1,Atta_1,2745.9,1500.7,183.3,-63.7,2.3,,,,
109.436,2,Atta_2,3419.4,2079.7,279.0,-17.1,-1.8,,,,
109.436,3,Atta_3,3013.3,1929.3,311.9,17.8,-0.2,,,,
109.436,4,Atta_4,3242.9,723.1,77.2,32.6,4.1,,,,
109.436,5,Atta_5,2978.6,807.8,48.4,49.3,3.9,,,,
109.436,6,Atta_6,3190.4,2069.9,274.6,56.3,-0.9,,,,
109.436,7,Atta_7,2917.4,1039.4,318.6,92.4,1.3,,,,
109.436,8,Atta_8,2753.6,1658.8,226.1,91.4,0.3,,,,
109.436,9,Atta_9,2722.0,1237.2,358.9,15.7,1.3,,,,
109.436,10,Atta_10,3524.8,729.7,109.3,137.8,-1.3,,,,
109.5,1,Atta_1,2651.5,1499.8,183.5,94.4,0.2,,,,
109.5,2,Atta_2,3393.5,1996.1,277.1,87.5,-1.9,,,,
109.5,3,Atta_3,2951.4,2006.8,309.0,-99.2,-2.9,,,,
109.5,4,Atta_4,3256.3,734.0,74.1,17.3,-3.1,,,,
109.5,5,Atta_5,2992.7,819.2,46.3,18.1,-2.1,,,,
109.5,6,Atta_6,3186.2,2030.8,272.8,39.3,-1.8,,,,
109.5,7,Atta_7,2856.5,1001.8,317.2,-71.6,-1.4,,,,
109.5,8,Atta_8,2749.1,1730.1,231.5,-71.4,5.4,,,,
109.5,9,Atta_9,2737.0,1230.4,2.1,16.5,3.2,,,,
109.5,10,Atta_10,3475.5,657.3,112.8,-87.6,3.5,,,,
109.57,1,Atta_1,2712.1,1422.7,183.1,-98.1,-0.4,,,,
109.57,2,Atta_2,3496.5,2078.1,281.4,-131.7,4.3,,,,
109.57,3,Atta_3,3027.2,1954.2,306.8,92.3,-2.2,,,,
109.57,4,Atta_4,3215.5,781.4,76.2,62.5,2.1,,,,
109.57,5,Atta_5,2987.3,897.4,48.8,78.4,2.5,,,,
109.57,6,Atta_6,3135.0,2108.6,277.4,-93.1,4.6,,,,
109.57,7,Atta_7,2882.5,1016.8,317.3,30.0,0.1,,,,
109.57,8,Atta_8,2715.0,1770.1,229.4,-52.6,-2.1,,,,
109.57,9,Atta_9,2676.7,1253.0,3.3,-64.4,1.2,,,,
109.57,10,Atta_10,3459.0,767.8,106.3,111.7,-6.5,,,,
109.641,1,Atta_1,2677.2,1470.5,185.1,59.2,2.0,,,,
109.641,2,Atta_2,3516.8,2058.4,276.7,28.3,-4.7,,,,
109.641,3,Atta_3,2969.8,1955.8,311.7,-57.4,4.9,,,,
109.641,4,Atta_4,3237.2,709.5,80.4,-75.1,4.2,,,,
109.641,5,Atta_5,2991.3,846.2,43.5,-51.4,-5.3,,,,
109.641,6,Atta_6,3125.0,2075.0,272.1,35.1,-5.3,,,,
109.641,7,Atta_7,2859.4,978.0,317.8,45.2,0.5,,,,
109.641,8,Atta_8,2747.5,1684.4,223.8,91.7,-5.6,,,,
109.641,9,Atta_9,2751.3,1293.0,354.0,84.6,-9.3,,,,
109.641,10,Atta_10,3473.8,678.9,107.6,-90.1,1.3,,,,
109.695,1,Atta_1,2654.3,1438.1,182.7,39.7,-2.4,,,,
109.695,2,Atta_2,3403.6,2088.5,276.1,-117.1,-0.6,,,,
109.695,3,Atta_3,3006.4,1950.1,310.6,37.0,-1.1,,,,
109.695,4,Atta_4,3161.4,727.2,74.7,77.8,-5.7,,,,
109.695,5,Atta_5,3004.2,816.1,46.1,-32.7,2.6,,,,
109.695,6,Atta_6,3198.9,2077.3,276.8,73.9,4.7,,,,
109.695,7,Atta_7,2856.0,1031.9,320.2,-54.0,2.4,,,,
109.695,8,Atta_8,2771.2,1723.0,228.0,-45.3,4.2,,,,
109.695,9,Atta_9,2716.5,1253.5,356.5,-52.6,2.5,,,,
109.695,10,Atta_10,3498.8,644.1,114.7,-42.8,7.1,,,,
109.763,1,Atta_1,2688.1,1502.6,183.1,-72.8,0.4,,,,
109.763,2,Atta_2,3444.9,2012.2,281.3,86.8,5.2,,,,
109.763,3,Atta_3,2985.4,1926.9,316.7,31.3,6.1,,,,
109.763,4,Atta_4,3248.1,709.6,76.0,88.5,1.3,,,,
109.763,5,Atta_5,2960.0,835.9,44.9,-48.4,-1.2,,,,
109.763,6,Atta_6,3133.5,2071.8,274.7,-65.6,-2.1,,,,
109.763,7,Atta_7,2853.6,1036.4,320.5,-5.1,0.3,,,,
109.763,8,Atta_8,2723.9,1739.6,223.6,50.1,-4.4,,,,
109.763,9,Atta_9,2721.3,1254.1,359.8,4.8,3.3,,,,
109.763,10,Atta_10,3481.7,661.2,110.2,24.2,-4.5,,,,
109.833,1,Atta_1,2740.4,1474.3,185.3,-59.5,2.2,,,,
109.833,2,Atta_2,3460.3,2017.9,278.6,-16.4,-2.7,,,,
109.833,3,Atta_3,2995.9,1933.5,308.2,12.4,-8.5,,,,
109.833,4,Atta_4,3216.4,695.4,74.7,-34.7,-1.3,,,,
109.833,5,Atta_5,2963.6,849.5,45.6,14.1,0.7,,,,
109.833,6,Atta_6,3180.1,2085.8,274.8,-48.7,0.1,,,,
109.833,7,Atta_7,2814.9,1037.5,319.1,-38.7,-1.4,,,,
109.833,8,Atta_8,2796.8,1678.2,226.2,-95.3,2.6,,,,
109.833,9,Atta_9,2756.8,1210.1,3.0,56.5,3.2,,,,
109.833,10,Atta_10,3474.0,720.9,110.3,60.2,0.1,,,,
109.9,1,Atta_1,2710.5,1462.7,186.5,32.1,1.2,,,,
109.9,2,Atta_2,3470.4,2049.3,278.9,-33.0,0.3,,,,
109.9,3,Atta_3,2911.1,1940.6,311.4,-85.1,3.2,,,,
109.9,4,Atta_4,3203.7,737.9,78.9,44.4,4.2,,,,
109.9,5,Atta_5,3020.5,857.7,46.2,57.5,0.6,,,,
109.9,6,Atta_6,3186.5,2137.6,275.9,-52.2,1.1,,,,
109.9,7,Atta_7,2834.6,1020.1,318.3,26.3,-0.8,,,,
109.9,8,Atta_8,2808.6,1754.9,224.7,-77.6,-1.5,,,,
109.9,9,Atta_9,2710.8,1198.8,357.3,-47.4,-5.7,,,,
109.9,10,Atta_10,3512.3,715.7,109.6,-38.7,-0.7,,,,
109.969,1,Atta_1,2732.0,1547.8,183.6,-87.8,-2.9,,,,
109.969,2,Atta_2,3419.1,2021.4,280.1,58.4,1.2,,,,
109.969,3,Atta_3,3013.2,1929.7,313.7,102.7,2.3,,,,
109.969,4,Atta_4,3221.3,744.8,71.7,18.9,-7.2,,,,
109.969,5,Atta_5,2999.8,835.4,41.6,-30.4,-4.6,,,,
109.969,6,Atta_6,3160.7,2096.2,275.1,48.8,-0.8,,,,
109.969,7,Atta_7,2830.9,1001.8,316.2,18.7,-2.1,,,,
109.969,8,Atta_8,2816.4,1789.4,227.8,-35.4,3.1,,,,
109.969,9,Atta_9,2743.7,1267.7,358.7,76.4,1.4,,,,
109.969,10,Atta_10,3475.1,701.6,111.0,-39.8,1.4,,,,
110.029,1,Atta_1,2706.5,1451.9,184.4,99.2,0.8,,,,
110.029,2,Atta_2,3424.6,2052.1,276.2,-31.2,-3.9,,,,
110.029,3,Atta_3,2984.1,1895.1,312.7,45.2,-1.0,,,,
110.029,4,Atta_4,3227.5,680.6,78.4,-64.5,6.7,,,,
110.029,5,Atta_5,3014.8,847.3,45.5,19.1,3.9,,,,
110.029,6,Atta_6,3172.4,2041.8,275.8,55.6,0.7,,,,
110.029,7,Atta_7,2854.0,954.5,320.8,52.6,4.6,,,,
110.029,8,Atta_8,2799.0,1690.8,230.5,100.1,2.7,,,,
110.029,9,Atta_9,2716.8,1283.4,358.2,-31.1,-0.5,,,,
110.029,10,Atta_10,3506.4,674.4,110.2,-41.5,-0.8,,,,
110.098,1,Atta_1,2753.6,1476.3,181.6,-53.0,-2.8,,,,
110.098,2,Atta_2,3474.4,2023.0,276.3,57.7,0.1,,,,
110.098,3,Atta_3,2959.6,1971.1,313.2,-79.9,0.5,,,,
110.098,4,Atta_4,3256.9,717.7,77.7,47.3,-0.7,,,,
110.098,5,Atta_5,2968.6,838.2,48.0,-47.1,2.5,,,,
110.098,6,Atta_6,3112.7,2056.5,270.9,-61.5,-4.9,,,,
110.098,7,Atta_7,2812.9,1005.9,316.8,-65.8,-4.0,,,,
110.098,8,Atta_8,2767.6,1746.1,224.6,-63.6,-5.9,,,,
110.098,9,Atta_9,2740.8,1202.8,358.8,84.1,0.6,,,,
110.098,10,Atta_10,3474.4,725.4,107.2,60.2,-3.0,,,,
110.152,1,Atta_1,2722.0,1511.1,185.8,47.0,4.2,,,,
110.152,2,Atta_2,3483.0,2076.2,277.7,-53.9,1.4,,,,
110.152,3,Atta_3,2963.4,1949.2,313.0,22.2,-0.2,,,,
110.152,4,Atta_4,3254.7,703.3,78.5,-14.6,0.8,,,,
110.152,5,Atta_5,3012.1,826.9,42.5,44.9,-5.5,,,,
110.152,6,Atta_6,3159.1,2073.2,275.4,-49.3,4.5,,,,
110.152,7,Atta_7,2872.4,1022.6,316.3,61.8,-0.5,,,,
110.152,8,Atta_8,2765.3,1749.9,226.7,-4.4,2.1,,,,
110.152,9,Atta_9,2716.8,1270.1,0.7,-71.5,1.9,,,,
110.152,10,Atta_10,3489.5,650.2,108.0,-76.7,0.8,,,,
110.218,1,Atta_1,2672.2,1499.0,185.6,51.2,-0.2,,,,
110.218,2,Atta_2,3468.0,2052.4,280.2,28.1,2.5,,,,
110.218,3,Atta_3,3043.5,1942.5,312.7,80.4,-0.3,,,,
110.218,4,Atta_4,3191.4,707.4,79.9,-63.4,1.4,,,,
110.218,5,Atta_5,3063.0,811.4,50.2,53.2,7.7,,,,
110.218,6,Atta_6,3126.2,2037.4,276.4,48.6,1.0,,,,
110.218,7,Atta_7,2884.2,1020.2,315.9,12.0,-0.4,,,,
110.218,8,Atta_8,2787.8,1693.2,226.9,61.0,0.2,,,,
110.218,9,Atta_9,2712.5,1219.1,359.0,-51.2,-1.7,,,,
110.218,10,Atta_10,3441.4,726.0,110.6,89.8,2.6,,,,
110.288,1,Atta_1,2720.6,1484.6,188.5,-50.5,2.9,,,,
110.288,2,Atta_2,3421.9,2028.5,278.9,51.9,-1.3,,,,
110.288,3,Atta_3,2972.1,1883.5,311.2,-92.6,-1.5,,,,
110.288,4,Atta_4,3254.6,696.2,75.9,64.2,-4.0,,,,
110.288,5,Atta_5,2933.8,836.4,40.5,-131.6,-9.7,,,,
110.288,6,Atta_6,3157.6,2085.2,275.1,-57.2,-1.3,,,,
110.288,7,Atta_7,2854.0,1005.9,317.9,-33.4,2.0,,,,
110.288,8,Atta_8,2773.5,1769.0,225.7,-77.1,-1.2,,,,
110.288,9,Atta_9,2697.2,1258.4,356.7,-42.2,-2.3,,,,
110.288,10,Atta_10,3519.1,669.3,109.2,-96.2,-1.4,,,,
110.359,1,Atta_1,2679.2,1553.2,188.9,80.1,0.4,,,,
110.359,2,Atta_2,3421.9,2038.4,281.4,-9.9,2.5,,,,
110.359,3,Atta_3,2929.9,1983.4,314.0,-108.4,2.8,,,,
110.359,4,Atta_4,3250.8,733.7,79.3,37.7,3.4,,,,
110.359,5,Atta_5,3004.1,774.7,41.9,93.5,1.4,,,,
110.359,6,Atta_6,3165.4,2102.7,274.2,-19.2,-0.9,,,,
110.359,7,Atta_7,2885.5,998.4,314.0,32.4,-3.9,,,,
110.359,8,Atta_8,2732.7,1682.9,231.2,95.3,5.5,,,,
110.359,9,Atta_9,2731.4,1266.8,357.9,35.2,1.2,,,,
110.359,10,Atta_10,3510.2,702.3,110.9,34.2,1.7,,,,
110.414,1,Atta_1,2777.6,1496.5,183.5,-113.6,-5.4,,,,
110.414,2,Atta_2,3449.6,2060.5,281.1,-35.4,-0.3,,,,
110.414,3,Atta_3,2974.2,1933.7,308.6,66.6,-5.4,,,,
110.414,4,Atta_4,3234.7,691.7,74.3,-45.0,-5.0,,,,
110.414,5,Atta_5,2964.6,781.7,46.1,-40.1,4.2,,,,
110.414,6,Atta_6,3184.8,2074.0,273.0,34.6,-1.2,,,,
110.414,7,Atta_7,2825.2,1012.6,318.6,-61.9,4.6,,,,
110.414,8,Atta_8,2793.7,1690.2,228.7,-61.4,-2.5,,,,
110.414,9,Atta_9,2700.4,1247.8,359.6,-36.4,1.7,,,,
110.414,10,Atta_10,3455.0,664.6,106.1,-66.8,-4.8,,,,
110.471,1,Atta_1,2712.6,1495.9,186.0,65.0,2.5,,,,
110.471,2,Atta_2,3452.4,2069.9,277.4,-9.8,-3.7,,,,
110.471,3,Atta_3,3028.3,1927.1,311.5,54.5,2.9,,,,
110.471,4,Atta_4,3225.1,715.3,77.2,25.5,2.9,,,,
110.471,5,Atta_5,3007.7,868.6,44.4,97.0,-1.7,,,,
110.471,6,Atta_6,3217.6,2096.4,273.1,-39.7,0.1,,,,
110.471,7,Atta_7,2879.0,1008.6,314.0,53.9,-4.6,,,,
110.471,8,Atta_8,2821.4,1748.8,226.8,-64.8,-1.9,,,,
110.471,9,Atta_9,2702.3,1309.8,357.6,62.0,-2.0,,,,
110.471,10,Atta_10,3498.9,678.6,107.8,46.1,1.7,,,,
110.522,1,Atta_1,2678.6,1453.9,187.0,54.0,1.0,,,,
110.522,2,Atta_2,3469.6,2025.6,278.2,47.5,0.8,,,,
110.522,3,Atta_3,2959.5,2006.5,310.8,-105.1,-0.7,,,,
110.522,4,Atta_4,3231.2,670.8,79.5,-44.9,2.3,,,,
110.522,5,Atta_5,2998.0,845.9,45.4,-24.7,1.0,,,,
110.522,6,Atta_6,3116.2,2132.2,274.4,-107.5,1.3,,,,
110.522,7,Atta_7,2785.0,1016.5,319.0,-94.3,5.0,,,,
110.522,8,Atta_8,2814.3,1769.6,228.0,-22.0,1.2,,,,
110.522,9,Atta_9,2690.5,1192.6,354.5,-117.8,-3.1,,,,
110.522,10,Atta_10,3495.0,713.1,110.1,34.7,2.3,,,,
110.652,1,Atta_1,2672.2,1499.3,184.5,45.8,-2.5,,,,
110.652,2,Atta_2,3444.9,2038.9,277.2,-28.1,-1.0,,,,
110.652,3,Atta_3,2946.9,1993.0,313.1,18.5,2.3,,,,
110.652,4,Atta_4,3222.6,730.5,78.2,60.3,-1.3,,,,
110.652,5,Atta_5,2961.4,825.3,43.0,-42.0,-2.4,,,,
110.652,6,Atta_6,3178.7,2047.1,270.3,105.6,-4.1,,,,
110.652,7,Atta_7,2875.4,973.6,312.9,100.1,-6.1,,,,
110.652,8,Atta_8,2805.6,1718.3,230.2,52.0,2.2,,,,
110.652,9,Atta_9,2747.4,1240.9,357.7,74.6,3.2,,,,
110.652,10,Atta_10,3500.8,669.9,105.8,-43.6,-4.3,,,,
110.718,1,Atta_1,2704.5,1512.9,186.6,-35.0,2.1,,,,
110.718,2,Atta_2,3424.5,2066.6,279.4,-34.4,2.2,,,,
110.718,3,Atta_3,2930.5,1909.7,311.4,84.9,-1.7,,,,
110.718,4,Atta_4,3262.9,713.5,74.8,-43.7,-3.4,,,,
110.718,5,Atta_5,3056.0,787.2,45.9,102.0,2.9,,,,
110.718,6,Atta_6,3168.0,2074.9,275.3,-29.8,5.0,,,,
110.718,7,Atta_7,2877.2,982.1,318.9,-8.7,6.0,,,,
110.718,8,Atta_8,2829.1,1742.8,228.2,-33.9,-2.0,,,,
110.718,9,Atta_9,2734.4,1242.4,357.7,-13.1,0.0,,,,
110.718,10,Atta_10,3479.0,671.0,107.3,21.8,1.5,,,,
110.787,1,Atta_1,2726.6,1524.0,180.6,-24.7,-6.0,,,,
110.787,2,Atta_2,3493.1,2033.8,276.9,76.0,-2.5,,,,
110.787,3,Atta_3,2956.2,1944.5,311.1,-43.3,-0.3,,,,
110.787,4,Atta_4,3279.7,630.2,73.8,-85.0,-1.0,,,,
110.787,5,Atta_5,2955.0,851.3,44.2,-119.6,-1.7,,,,
110.787,6,Atta_6,3179.4,2040.0,274.6,36.7,-0.7,,,,
110.787,7,Atta_7,2835.5,958.1,319.2,-48.1,0.3,,,,
110.787,8,Atta_8,2762.8,1782.0,224.4,77.0,-3.8,,,,
110.787,9,Atta_9,2769.7,1259.4,358.9,39.2,1.2,,,,
110.787,10,Atta_10,3468.8,691.0,110.1,22.5,2.8,,,,
110.855,1,Atta_1,2699.8,1504.6,184.3,33.1,3.7,,,,
110.855,2,Atta_2,3448.7,2068.8,279.8,-56.5,2.9,,,,
110.855,3,Atta_3,2961.6,1958.9,310.8,-15.4,-0.3,,,,
110.855,4,Atta_4,3202.7,732.6,76.5,128.1,2.7,,,,
110.855,5,Atta_5,3021.0,800.2,42.8,83.5,-1.4,,,,
110.855,6,Atta_6,3159.3,2086.4,275.7,-50.6,1.1,,,,
110.855,7,Atta_7,2848.5,953.8,317.5,13.7,-1.7,,,,
110.855,8,Atta_8,2794.6,1735.5,228.8,56.3,4.4,,,,
110.855,9,Atta_9,2715.7,1224.7,358.8,-64.2,-0.1,,,,
110.855,10,Atta_10,3493.2,712.3,109.3,32.4,-0.8,,,,
110.921,1,Atta_1,2723.7,1500.3,185.9,-24.3,1.6,,,,
110.921,2,Atta_2,3456.3,2065.6,278.4,8.2,-1.4,,,,
110.921,3,Atta_3,2992.5,1946.7,308.2,33.2,-2.6,,,,
110.921,4,Atta_4,3222.3,723.6,77.8,-21.6,1.3,,,,
110.921,5,Atta_5,2973.9,880.3,47.6,92.9,4.8,,,,
110.921,6,Atta_6,3199.5,2062.5,273.6,46.8,-2.1,,,,
110.921,7,Atta_7,2825.3,1059.8,320.4,-108.5,2.9,,,,
110.921,8,Atta_8,2748.5,1768.2,229.9,56.5,1.1,,,,
110.921,9,Atta_9,2699.0,1152.3,0.0,-74.3,1.2,,,,
110.921,10,Atta_10,3461.4,728.8,109.8,35.8,0.5,,,,
110.99,1,Atta_1,2639.8,1501.4,182.8,83.9,-3.1,,,,
110.99,2,Atta_2,3476.6,2067.8,281.3,20.4,2.9,,,,
110.99,3,Atta_3,2985.9,1928.1,312.9,19.7,4.7,,,,
110.99,4,Atta_4,3233.1,726.4,80.5,11.2,2.7,,,,
110.99,5,Atta_5,2943.7,770.8,44.6,-113.6,-3.0,,,,
110.99,6,Atta_6,3206.1,2003.6,273.9,59.3,0.3,,,,
110.99,7,Atta_7,2864.6,1080.7,316.4,44.5,-4.0,,,,
110.99,8,Atta_8,2799.3,1724.8,229.6,66.8,-0.3,,,,
110.99,9,Atta_9,2685.0,1276.1,358.8,-124.6,-1.2,,,,
110.99,10,Atta_10,3470.9,716.2,109.3,-15.8,-0.5,,,,
111.06,1,Atta_1,2713.3,1480.7,181.3,-76.4,-1.5,,,,
111.06,2,Atta_2,3446.8,2037.4,276.4,42.6,-4.9,,,,
111.06,3,Atta_3,2991.5,1908.1,311.9,20.8,-1.0,,,,
111.06,4,Atta_4,3153.9,682.9,78.8,-90.4,-1.7,,,,
111.06,5,Atta_5,2991.4,792.4,47.0,52.4,2.4,,,,
111.06,6,Atta_6,3136.5,2064.7,275.1,-92.6,1.2,,,,
111.06,7,Atta_7,2798.7,976.8,316.6,123.0,0.2,,,,
111.06,8,Atta_8,2780.8,1758.1,224.4,-38.1,-5.2,,,,
111.06,9,Atta_9,2732.6,1228.6,359.9,67.2,1.1,,,,
111.06,10,Atta_10,3464.4,744.9,111.2,29.4,1.9,,,,
111.115,1,Atta_1,2756.6,1463.3,183.6,-46.7,2.3,,,,
111.115,2,Atta_2,3428.7,2022.9,275.4,23.2,-1.0,,,,
111.115,3,Atta_3,2959.0,1989.5,311.3,-87.6,-0.6,,,,
111.115,4,Atta_4,3190.1,682.5,77.0,36.2,-1.8,,,,
111.115,5,Atta_5,3027.6,843.7,44.7,62.8,-2.3,,,,
111.115,6,Atta_6,3195.3,2057.0,277.8,59.3,2.7,,,,
111.115,7,Atta_7,2847.4,950.9,321.2,55.2,4.6,,,,
111.115,8,Atta_8,2812.8,1763.2,223.7,-32.4,-0.7,,,,
111.115,9,Atta_9,2726.7,1261.4,357.1,-33.3,-2.8,,,,
111.115,10,Atta_10,3470.9,690.4,110.8,-54.9,-0.4,,,,
111.181,1,Atta_1,2688.8,1492.1,181.6,73.7,-2.0,,,,
111.181,2,Atta_2,3423.2,2013.4,278.6,11.0,3.2,,,,
111.181,3,Atta_3,3006.3,1966.8,310.0,52.5,-1.3,,,,
111.181,4,Atta_4,3194.1,743.7,77.6,61.3,0.6,,,,
111.181,5,Atta_5,3006.9,852.3,43.1,-22.4,-1.6,,,,
111.181,6,Atta_6,3188.1,2065.3,273.2,-11.0,-4.6,,,,
111.181,7,Atta_7,2856.8,1015.1,314.9,-64.9,-6.3,,,,
111.181,8,Atta_8,2738.9,1680.0,223.6,111.3,-0.1,,,,
111.181,9,Atta_9,2755.3,1209.9,358.0,58.9,0.9,,,,
111.181,10,Atta_10,3476.6,696.2,109.5,8.1,-1.3,,,,
111.25,1,Atta_1,2697.4,1503.5,186.1,-14.3,4.5,,,,
111.25,2,Atta_2,3430.9,2072.6,280.4,-59.7,1.8,,,,
111.25,3,Atta_3,2982.1,1908.0,313.9,63.6,3.9,,,,
111.25,4,Atta_4,3232.1,720.7,75.8,-44.4,-1.8,,,,
111.25,5,Atta_5,3017.4,861.5,46.5,14.0,3.4,,,,
111.25,6,Atta_6,3167.9,2054.7,276.2,22.8,3.0,,,,
111.25,7,Atta_7,2777.5,965.5,316.7,-93.5,1.8,,,,
111.25,8,Atta_8,2719.8,1633.6,226.3,50.2,2.7,,,,
111.25,9,Atta_9,2753.3,1223.3,358.0,-13.5,0.0,,,,
111.25,10,Atta_10,3496.5,668.8,111.2,-33.9,1.7,,,,
111.319,1,Atta_1,2671.0,1452.5,183.2,57.4,-2.9,,,,
111.319,2,Atta_2,3466.4,2082.4,280.1,-36.8,-0.3,,,,
111.319,3,Atta_3,3040.0,1958.0,310.1,76.5,-3.8,,,,
111.319,4,Atta_4,3203.8,711.1,76.8,-29.9,1.0,,,,
111.319,5,Atta_5,2953.9,851.1,45.8,-64.3,-0.7,,,,
111.319,6,Atta_6,3191.3,2071.6,274.9,-28.9,-1.3,,,,
111.319,7,Atta_7,2872.9,1033.4,313.8,117.1,-2.9,,,,
111.319,8,Atta_8,2746.5,1718.4,227.0,-88.9,0.7,,,,
111.319,9,Atta_9,2706.5,1266.7,357.9,-63.8,-0.1,,,,
111.319,10,Atta_10,3486.7,651.6,110.3,-19.8,-0.9,,,,
111.384,1,Atta_1,2690.5,1479.2,182.2,-33.1,-1.0,,,,
111.384,2,Atta_2,3409.7,1999.7,278.8,100.3,-1.3,,,,
111.384,3,Atta_3,2997.1,1871.6,314.8,96.5,4.7,,,,
111.384,4,Atta_4,3218.7,731.0,76.8,24.9,0.0,,,,
111.384,5,Atta_5,2968.8,854.1,46.7,15.2,0.9,,,,
111.384,6,Atta_6,3178.7,2109.8,278.1,-40.2,3.2,,,,
111.384,7,Atta_7,2885.5,952.2,314.1,82.2,0.3,,,,
111.384,8,Atta_8,2806.3,1728.0,226.9,-60.6,-0.1,,,,
111.384,9,Atta_9,2708.4,1309.8,355.9,43.1,-2.0,,,,
111.384,10,Atta_10,3479.2,665.4,109.2,15.7,-1.1,,,,
111.453,1,Atta_1,2684.7,1540.6,183.2,61.7,1.0,,,,
111.453,2,Atta_2,3483.1,2040.2,283.6,-83.8,4.8,,,,
111.453,3,Atta_3,2995.3,1891.8,307.5,-20.3,-7.3,,,,
111.453,4,Atta_4,3230.1,705.9,75.9,-27.6,-0.9,,,,
111.453,5,Atta_5,3013.8,876.1,46.7,50.1,0.0,,,,
111.453,6,Atta_6,3196.4,2093.9,277.2,23.8,-0.9,,,,
111.453,7,Atta_7,2826.2,954.1,318.9,-59.3,4.8,,,,
111.453,8,Atta_8,2838.3,1712.0,226.4,-35.8,-0.5,,,,
111.453,9,Atta_9,2747.9,1233.5,357.2,85.9,1.3,,,,
111.453,10,Atta_10,3487.8,703.9,108.0,39.4,-1.2,,,,
111.522,1,Atta_1,2727.8,1480.1,183.5,-74.3,0.3,,,,
111.522,2,Atta_2,3504.5,2071.5,280.3,-37.9,-3.3,,,,
111.522,3,Atta_3,3017.2,1991.7,307.1,-102.3,-0.4,,,,
111.522,4,Atta_4,3236.7,757.5,80.9,52.0,5.0,,,,
111.522,5,Atta_5,3031.7,805.9,47.2,-72.4,0.5,,,,
111.522,6,Atta_6,3174.3,2057.9,276.7,42.2,-0.5,,,,
111.522,7,Atta_7,2833.7,1013.9,313.7,-60.3,-5.2,,,,
111.522,8,Atta_8,2784.5,1694.4,225.3,56.6,-1.1,,,,
111.522,9,Atta_9,2761.9,1235.5,3.7,14.1,6.5,,,,
111.522,10,Atta_10,3488.0,656.6,110.5,-47.3,2.5,,,,
111.588,1,Atta_1,2772.3,1480.5,184.7,-44.5,1.2,,,,
111.588,2,Atta_2,3436.4,2043.4,276.1,73.7,-4.2,,,,
111.588,3,Atta_3,3024.7,1887.3,309.1,104.7,2.0,,,,
111.588,4,Atta_4,3225.1,711.8,75.5,-47.1,-5.4,,,,
111.588,5,Atta_5,3026.9,805.4,41.3,-4.8,-5.9,,,,
111.588,6,Atta_6,3147.2,2078.2,275.2,-33.9,-1.5,,,,
111.588,7,Atta_7,2846.5,1015.4,318.5,12.9,4.8,,,,
111.588,8,Atta_8,2744.6,1740.7,221.5,-61.1,-3.8,,,,
111.588,9,Atta_9,2730.6,1261.7,359.9,-40.8,-3.8,,,,
111.588,10,Atta_10,3473.1,721.5,105.5,66.6,-5.0,,,,
111.657,1,Atta_1,2675.1,1501.6,183.2,99.5,-1.5,,,,
111.657,2,Atta_2,3455.2,2010.2,281.0,38.2,4.9,,,,
111.657,3,Atta_3,3002.1,1959.2,307.5,-75.4,-1.6,,,,
111.657,4,Atta_4,3249.8,705.5,73.9,25.5,-1.6,,,,
111.657,5,Atta_5,3050.6,875.7,44.1,74.2,2.8,,,,
111.657,6,Atta_6,3206.4,2075.9,276.8,59.2,1.6,,,,
111.657,7,Atta_7,2841.9,1023.5,316.8,-9.3,-1.7,,,,
111.657,8,Atta_8,2762.4,1709.1,227.8,36.3,6.3,,,,
111.657,9,Atta_9,2755.0,1254.4,356.0,25.5,-3.9,,,,
111.657,10,Atta_10,3512.3,634.0,110.1,-95.9,4.6,,,,
111.727,1,Atta_1,2701.9,1501.3,185.3,-26.8,2.1,,,,
111.727,2,Atta_2,3471.2,2033.5,280.9,-28.3,-0.1,,,,
111.727,3,Atta_3,2952.0,1925.9,313.0,-60.2,5.5,,,,
111.727,4,Atta_4,3276.0,713.3,79.3,27.3,5.4,,,,
111.727,5,Atta_5,3002.8,825.9,39.8,-69.0,-4.3,,,,
111.727,6,Atta_6,3179.4,2084.8,273.8,-28.4,-3.0,,,,
111.727,7,Atta_7,2789.4,1051.6,316.2,-59.5,-0.6,,,,
111.727,8,Atta_8,2829.7,1737.5,230.1,-73.0,2.3,,,,
111.727,9,Atta_9,2742.3,1251.7,358.2,-13.0,2.2,,,,
111.727,10,Atta_10,3469.0,618.3,106.7,46.1,-3.4,,,,
111.796,1,Atta_1,2685.9,1443.9,186.1,59.6,0.8,,,,
111.796,2,Atta_2,3470.9,2053.5,279.7,-20.0,-1.2,,,,
111.796,3,Atta_3,2958.0,1914.0,310.8,13.3,-2.2,,,,
111.796,4,Atta_4,3259.0,749.2,73.6,39.7,-5.7,,,,
111.796,5,Atta_5,3011.4,851.1,45.0,26.6,5.2,,,,
111.796,6,Atta_6,3172.9,2076.1,276.8,10.9,3.0,,,,
111.796,7,Atta_7,2852.1,1039.8,315.9,63.8,-0.3,,,,
111.796,8,Atta_8,2769.9,1700.7,225.2,70.2,-4.9,,,,
111.796,9,Atta_9,2762.8,1270.2,356.5,27.6,-1.7,,,,
111.796,10,Atta_10,3449.3,638.7,110.7,28.4,4.0,,,,
111.851,1,Atta_1,2720.8,1465.1,182.8,-40.8,-3.3,,,,
111.851,2,Atta_2,3480.1,2024.3,280.2,30.6,0.5,,,,
111.851,3,Atta_3,3025.6,1980.9,309.0,-95.1,-1.8,,,,
111.851,4,Atta_4,3209.7,717.2,71.0,-58.8,-2.6,,,,
111.851,5,Atta_5,3025.3,828.9,45.3,-26.2,0.3,,,,
111.851,6,Atta_6,3226.3,2091.9,275.1,-55.7,-1.7,,,,
111.851,7,Atta_7,2808.5,1055.8,318.1,-46.4,2.2,,,,
111.851,8,Atta_8,2774.8,1716.2,228.9,-16.3,3.7,,,,
111.851,9,Atta_9,2748.0,1279.2,359.7,-17.3,3.2,,,,
111.851,10,Atta_10,3488.9,631.2,109.8,-40.3,-0.9,,,,
111.901,1,Atta_1,2662.8,1473.5,184.9,58.6,2.1,,,,
111.901,2,Atta_2,3436.0,2082.3,279.0,-72.9,-1.2,,,,
111.901,3,Atta_3,3048.1,1956.5,312.2,33.2,3.2,,,,
111.901,4,Atta_4,3181.0,712.5,78.3,-29.1,7.3,,,,
111.901,5,Atta_5,3028.6,836.6,44.0,8.4,-1.3,,,,
111.901,6,Atta_6,3187.2,2079.8,278.9,40.9,3.8,,,,
111.901,7,Atta_7,2788.5,1027.2,314.9,34.9,-3.2,,,,
111.901,8,Atta_8,2790.4,1682.0,226.4,37.6,-2.5,,,,
111.901,9,Atta_9,2769.7,1220.1,357.6,63.0,-2.1,,,,
111.901,10,Atta_10,3459.1,713.2,112.8,87.2,3.0,,,,
111.967,1,Atta_1,2666.9,1509.4,188.0,-36.1,3.1,,,,
111.967,2,Atta_2,3418.0,2042.0,279.0,44.1,0.0,,,,
111.967,3,Atta_3,2969.4,1913.9,308.8,-89.5,-3.4,,,,
111.967,4,Atta_4,3225.6,719.0,77.4,45.1,-0.9,,,,
111.967,5,Atta_5,2970.3,790.8,43.9,-74.1,-0.1,,,,
111.967,6,Atta_6,3186.0,2096.6,275.3,-16.8,-3.6,,,,
111.967,7,Atta_7,2819.1,1057.4,319.2,43.0,4.3,,,,
111.967,8,Atta_8,2779.9,1687.2,226.9,11.7,0.5,,,,
111.967,9,Atta_9,2719.0,1243.5,359.0,-55.8,1.4,,,,
111.967,10,Atta_10,3564.5,639.0,110.8,-128.9,-2.0,,,,
