time,idrobot,robot,x,y,angle,linearDisplacement,angularDisplacement,ekf_x,ekf_y,ekf_angle,ekf_age_ms
0,1,Atta_1,248.9,329.0,1.8,0,0,,,,
0,2,Atta_2,202.8,532.3,0.8,0,0,,,,
0,3,Atta_3,200.3,793.7,358.2,0,0,,,,
0,4,Atta_4,194.1,1090.9,0.6,0,0,,,,
0,5,Atta_5,147.8,1311.7,1.5,0,0,,,,
0,6,Atta_6,191.8,1512.3,356.8,0,0,,,,
0,7,Atta_7,219.9,1784.1,0.3,0,0,,,,
0,8,Atta_8,215.3,2039.2,7.1,0,0,,,,
0,9,Atta_9,177.3,2260.8,357.0,0,0,,,,
0,10,Atta_10,178.2,2559.2,358.6,0,0,,,,
-0.304,1,Atta_1,203.3,311.0,357.0,-49.0,-4.8,,,,
-0.304,2,Atta_2,202.7,539.8,358.1,7.5,-2.7,,,,
-0.304,3,Atta_3,188.1,815.4,0.2,-24.9,2.0,,,,
-0.304,4,Atta_4,181.8,1017.6,0.7,-74.3,0.1,,,,
-0.304,5,Atta_5,174.4,1280.8,0.8,40.8,-0.7,,,,
-0.304,6,Atta_6,195.8,1557.4,0.7,45.3,3.9,,,,
-0.304,7,Atta_7,219.1,1791.3,354.8,-7.2,-5.5,,,,
-0.304,8,Atta_8,194.6,2037.8,357.9,-20.7,-9.2,,,,
-0.304,9,Atta_9,243.4,2320.8,359.4,89.3,2.4,,,,
-0.304,10,Atta_10,203.6,2502.7,359.7,61.9,1.1,,,,
0.029,1,Atta_1,188.6,246.7,335.1,-66.0,-21.9,,,,
0.029,2,Atta_2,206.1,573.6,337.2,34.0,-20.9,,,,
0.029,3,Atta_3,152.8,749.6,339.3,-74.7,-20.9,,,,
0.029,4,Atta_4,238.1,1041.2,336.3,61.0,-24.4,,,,
0.029,5,Atta_5,206.9,1266.7,336.8,35.4,-24.0,,,,
0.029,6,Atta_6,177.8,1572.9,340.3,-23.8,-20.4,,,,
0.029,7,Atta_7,245.8,1809.6,337.0,32.4,-17.8,,,,
0.029,8,Atta_8,212.5,2005.1,335.5,37.3,-22.4,,,,
0.029,9,Atta_9,154.9,2254.2,341.6,-110.8,-17.8,,,,
0.029,10,Atta_10,150.6,2575.9,337.0,-90.4,-22.7,,,,
0.086,1,Atta_1,197.0,211.3,333.2,36.4,-1.9,,,,
0.086,2,Atta_2,198.0,457.5,333.7,116.4,-3.5,,,,
0.086,3,Atta_3,188.7,802.3,331.2,63.8,-8.1,,,,
0.086,4,Atta_4,165.5,1008.9,335.9,-79.5,-0.4,,,,
0.086,5,Atta_5,201.5,1231.6,330.5,35.5,-6.3,,,,
0.086,6,Atta_6,223.6,1473.5,331.8,109.4,-8.5,,,,
0.086,7,Atta_7,191.9,1813.7,330.2,-54.1,-6.8,,,,
0.086,8,Atta_8,210.2,2041.0,332.7,-36.0,-2.8,,,,
0.086,9,Atta_9,210.1,2271.6,333.6,57.9,-8.0,,,,
0.086,10,Atta_10,180.9,2513.1,331.7,69.7,-5.3,,,,
0.153,1,Atta_1,214.7,239.7,325.9,33.5,-7.3,,,,
0.153,2,Atta_2,197.6,508.1,327.1,-50.6,-6.6,,,,
0.153,3,Atta_3,203.7,798.4,328.0,15.5,-3.2,,,,
0.153,4,Atta_4,236.8,1008.1,330.9,71.3,-5.0,,,,
0.153,5,Atta_5,221.8,1271.0,331.4,-44.3,0.9,,,,
0.153,6,Atta_6,176.6,1535.6,328.0,-77.9,-3.8,,,,
0.153,7,Atta_7,188.9,1775.1,331.8,38.7,1.6,,,,
0.153,8,Atta_8,144.1,2021.0,329.0,-69.1,-3.7,,,,
0.153,9,Atta_9,248.3,2264.5,325.5,38.9,-8.1,,,,
0.153,10,Atta_10,184.0,2483.1,325.3,30.2,-6.4,,,,
0.218,1,Atta_1,171.2,310.0,326.8,-82.7,0.9,,,,
0.218,2,Atta_2,218.0,523.1,323.9,25.3,-3.2,,,,
0.218,3,Atta_3,283.3,785.2,324.4,80.7,-3.6,,,,
0.218,4,Atta_4,235.8,1054.6,324.7,-46.5,-6.2,,,,
0.218,5,Atta_5,186.8,1287.6,324.7,-38.7,-6.7,,,,
0.218,6,Atta_6,191.9,1531.7,327.6,15.8,-0.4,,,,
0.218,7,Atta_7,190.9,1723.0,323.2,52.1,-8.6,,,,
0.218,8,Atta_8,154.4,2005.3,324.5,18.8,-4.5,,,,
0.218,9,Atta_9,204.2,2264.2,321.4,-44.1,-4.1,,,,
0.218,10,Atta_10,191.7,2497.3,323.7,-16.2,-1.6,,,,
0.288,1,Atta_1,200.4,279.7,320.3,42.1,-6.5,,,,
0.288,2,Atta_2,234.4,502.4,319.5,26.4,-4.4,,,,
0.288,3,Atta_3,185.9,762.6,319.1,-100.0,-5.3,,,,
0.288,4,Atta_4,213.4,1001.3,315.0,57.8,-9.7,,,,
0.288,5,Atta_5,223.8,1243.0,323.6,57.9,-1.1,,,,
0.288,6,Atta_6,186.7,1518.0,315.4,14.7,-12.2,,,,
0.288,7,Atta_7,249.3,1834.2,322.6,-125.6,-0.6,,,,
0.288,8,Atta_8,169.1,2085.1,319.3,-81.1,-5.2,,,,
0.288,10,Atta_10,200.9,2560.3,324.9,-63.7,1.2,,,,
0.357,1,Atta_1,203.9,276.5,314.3,4.7,-6.0,,,,
0.357,2,Atta_2,159.1,535.2,316.5,-82.1,-3.0,,,,
0.357,3,Atta_3,225.0,747.9,315.4,41.8,-3.7,,,,
0.357,4,Atta_4,238.5,1057.1,313.6,-61.2,-1.4,,,,
0.357,5,Atta_5,194.8,1256.3,313.3,-31.9,-10.3,,,,
0.357,6,Atta_6,165.8,1524.5,318.0,-21.9,2.6,,,,
0.357,7,Atta_7,212.6,1745.4,317.2,96.1,-5.4,,,,
0.357,8,Atta_8,163.2,2041.0,315.9,44.5,-3.4,,,,
0.357,9,Atta_9,194.1,2325.8,311.7,-62.4,-9.7,,,,
0.357,10,Atta_10,170.0,2509.4,315.3,59.5,-9.6,,,,
0.425,1,Atta_1,244.0,242.5,309.6,52.6,-4.7,,,,
0.425,2,Atta_2,174.5,510.8,312.5,28.9,-4.0,,,,
0.425,3,Atta_3,189.0,794.9,309.8,-59.2,-5.6,,,,
0.425,4,Atta_4,189.9,1052.6,310.2,-48.8,-3.4,,,,
0.425,5,Atta_5,134.2,1295.7,312.6,-72.3,-0.7,,,,
0.425,6,Atta_6,240.8,1520.2,310.5,75.1,-7.5,,,,
0.425,7,Atta_7,178.2,1773.8,310.8,-44.6,-6.4,,,,
0.425,8,Atta_8,192.3,2043.7,313.2,29.2,-2.7,,,,
0.425,9,Atta_9,206.3,2280.5,311.3,46.9,-0.4,,,,
0.425,10,Atta_10,175.9,2567.6,316.3,-58.5,1.0,,,,
0.494,1,Atta_1,163.4,229.0,308.1,-81.7,-1.5,,,,
0.494,2,Atta_2,254.3,568.8,306.8,98.7,-5.7,,,,
0.494,3,Atta_3,213.4,781.3,307.3,27.9,-2.5,,,,
0.494,4,Atta_4,205.5,1028.4,311.3,28.8,1.1,,,,
0.494,5,Atta_5,194.1,1287.8,305.8,60.4,-6.8,,,,
0.494,6,Atta_6,142.0,1484.2,306.5,-105.2,-4.0,,,,
0.494,7,Atta_7,275.2,1741.3,306.1,102.3,-4.7,,,,
0.494,8,Atta_8,195.8,2036.6,304.4,7.9,-8.8,,,,
0.494,9,Atta_9,190.5,2254.0,305.3,30.9,-6.0,,,,
0.494,10,Atta_10,180.0,2519.3,306.6,48.5,-9.7,,,,
0.56,1,Atta_1,171.0,255.9,301.4,-28.0,-6.7,,,,
0.56,2,Atta_2,216.2,445.4,299.4,129.1,-7.4,,,,
0.56,3,Atta_3,256.6,736.7,298.5,62.1,-8.8,,,,
0.56,4,Atta_4,195.0,1001.3,303.2,29.1,-8.1,,,,
0.56,5,Atta_5,200.8,1271.4,302.5,17.7,-3.3,,,,
0.56,6,Atta_6,244.6,1512.0,301.1,106.3,-5.4,,,,
0.56,7,Atta_7,220.3,1810.1,299.2,-88.0,-6.9,,,,
0.56,8,Atta_8,210.8,2098.9,301.6,-64.1,-2.8,,,,
0.56,9,Atta_9,154.4,2216.1,303.6,52.3,-1.7,,,,
0.56,10,Atta_10,218.5,2520.8,300.2,38.5,-6.4,,,,
0.626,1,Atta_1,233.7,283.3,297.7,68.4,-3.7,,,,
0.626,2,Atta_2,169.8,532.2,298.5,-98.4,-0.9,,,,
0.626,3,Atta_3,268.8,760.1,296.8,-26.4,-1.7,,,,
0.626,4,Atta_4,223.4,1028.3,297.3,-39.2,-5.9,,,,
0.626,5,Atta_5,188.9,1275.0,299.1,-12.4,-3.4,,,,
0.626,6,Atta_6,218.6,1568.1,299.5,-61.8,-1.6,,,,
0.626,7,Atta_7,224.5,1755.0,299.7,55.3,0.5,,,,
0.626,8,Atta_8,189.4,2049.0,299.6,54.3,-2.0,,,,
0.626,9,Atta_9,193.2,2292.1,298.3,-85.3,-5.3,,,,
0.626,10,Atta_10,179.4,2555.2,297.9,-52.1,-2.3,,,,
0.694,1,Atta_1,208.8,241.7,293.4,48.5,-4.3,,,,
0.694,2,Atta_2,197.9,510.9,292.5,35.3,-6.0,,,,
0.694,3,Atta_3,226.2,836.4,296.7,-87.4,-0.1,,,,
0.694,4,Atta_4,227.4,1011.4,293.0,17.4,-4.3,,,,
0.694,5,Atta_5,204.1,1301.8,289.3,-30.8,-9.8,,,,
0.694,6,Atta_6,221.4,1504.4,293.5,63.8,-6.0,,,,
0.694,7,Atta_7,193.5,1791.0,292.1,-47.5,-7.6,,,,
0.694,8,Atta_8,223.0,2072.4,292.9,-40.9,-6.7,,,,
0.694,9,Atta_9,239.6,2291.9,290.0,46.4,-8.3,,,,
0.694,10,Atta_10,194.7,2551.7,295.3,15.7,-2.6,,,,
0.764,1,Atta_1,202.6,284.0,288.9,-42.8,-4.5,,,,
0.764,2,Atta_2,204.4,429.8,284.8,81.4,-7.7,,,,
0.764,3,Atta_3,186.5,729.4,288.3,114.1,-8.4,,,,
0.764,4,Atta_4,177.0,1063.1,291.3,-72.2,-1.7,,,,
0.764,5,Atta_5,168.0,1296.5,284.7,-36.5,-4.6,,,,
0.764,6,Atta_6,204.0,1520.4,289.9,-23.6,-3.6,,,,
0.764,7,Atta_7,210.4,1788.9,287.2,17.0,-4.9,,,,
0.764,8,Atta_8,191.6,2059.5,285.4,-33.9,-7.5,,,,
0.764,9,Atta_9,134.9,2309.9,285.5,-106.2,-4.5,,,,
0.764,10,Atta_10,168.9,2497.7,290.7,59.8,-4.6,,,,
0.824,1,Atta_1,188.1,296.4,280.5,-19.1,-8.4,,,,
0.824,2,Atta_2,150.3,507.3,286.1,-94.5,1.3,,,,
0.824,3,Atta_3,192.8,788.7,284.1,-59.6,-4.2,,,,
0.824,4,Atta_4,253.7,1052.0,283.1,77.5,-8.2,,,,
0.824,5,Atta_5,186.5,1325.0,281.5,-34.0,-3.2,,,,
0.824,6,Atta_6,215.4,1503.0,284.1,20.8,-5.8,,,,
0.824,7,Atta_7,230.1,1774.6,283.5,24.3,-3.7,,,,
0.824,8,Atta_8,235.6,2023.1,282.5,57.1,-2.9,,,,
0.824,9,Atta_9,229.8,2263.8,282.2,105.5,-3.3,,,,
0.824,10,Atta_10,197.9,2541.4,282.6,-52.4,-8.1,,,,
0.89,1,Atta_1,232.3,301.4,280.1,44.5,-0.4,,,,
0.89,2,Atta_2,132.0,506.4,278.2,-18.3,-7.9,,,,
0.89,3,Atta_3,182.9,777.3,276.8,15.1,-7.3,,,,
0.89,4,Atta_4,257.0,1005.8,281.8,46.3,-1.3,,,,
0.89,5,Atta_5,176.2,1248.7,279.5,77.0,-2.0,,,,
0.89,6,Atta_6,201.7,1482.4,281.6,24.7,-2.5,,,,
0.89,7,Atta_7,167.0,1758.1,278.1,65.2,-5.4,,,,
0.89,8,Atta_8,234.3,2059.5,276.5,-36.4,-6.0,,,,
0.89,9,Atta_9,207.3,2243.0,278.9,30.6,-3.3,,,,
0.89,10,Atta_10,201.5,2520.3,281.5,21.4,-1.1,,,,
1.012,1,Atta_1,232.0,318.5,276.3,-17.1,-3.8,,,,
1.012,2,Atta_2,200.5,540.8,273.9,-76.7,-4.3,,,,
1.012,3,Atta_3,186.9,766.4,271.6,11.6,-5.2,,,,
1.012,4,Atta_4,140.9,1031.7,276.4,-119.0,-5.4,,,,
1.012,5,Atta_5,173.2,1256.9,275.1,-8.7,-4.4,,,,
1.012,6,Atta_6,209.6,1557.0,276.1,-75.0,-5.5,,,,
1.012,7,Atta_7,178.2,1735.7,272.6,25.0,-5.5,,,,
1.012,8,Atta_8,178.1,2035.6,272.1,61.1,-4.4,,,,
1.012,9,Atta_9,174.7,2285.5,273.6,-53.6,-5.3,,,,
1.012,10,Atta_10,193.2,2520.4,274.1,-8.3,-7.4,,,,
1.08,1,Atta_1,228.9,272.4,268.4,46.2,-7.9,,,,
1.08,2,Atta_2,208.3,548.9,272.8,-11.2,-1.1,,,,
1.08,3,Atta_3,180.5,830.8,277.2,-64.7,5.6,,,,
1.08,4,Atta_4,208.6,988.6,271.0,80.3,-5.4,,,,
1.08,5,Atta_5,216.0,1288.3,273.3,-53.1,-1.8,,,,
1.08,6,Atta_6,173.6,1547.2,270.9,37.3,-5.2,,,,
1.08,7,Atta_7,224.9,1798.8,273.2,-78.5,0.6,,,,
1.08,8,Atta_8,176.4,1976.6,275.1,59.0,3.0,,,,
1.08,9,Atta_9,217.2,2251.6,270.9,54.4,-2.7,,,,
1.08,10,Atta_10,157.1,2509.9,273.5,37.6,-0.6,,,,
1.21,1,Atta_1,206.7,351.2,268.0,-81.9,-0.4,,,,
1.21,2,Atta_2,192.9,477.3,272.2,73.2,-0.6,,,,
1.21,3,Atta_3,222.4,756.5,268.4,85.3,-8.8,,,,
1.21,4,Atta_4,230.5,1044.0,278.4,-59.6,7.4,,,,
1.21,5,Atta_5,248.0,1246.3,272.3,52.8,-1.0,,,,
1.21,6,Atta_6,196.4,1521.7,269.7,34.2,-1.2,,,,
1.21,7,Atta_7,210.9,1729.0,272.8,71.2,-0.4,,,,
1.21,8,Atta_8,181.6,2003.7,273.9,-27.6,-1.2,,,,
1.21,9,Atta_9,143.5,2254.7,272.2,-73.8,1.3,,,,
1.21,10,Atta_10,213.0,2465.5,272.6,71.4,-0.9,,,,
1.28,1,Atta_1,183.9,262.8,269.8,91.3,1.8,,,,
1.28,2,Atta_2,186.1,494.4,269.2,-18.4,-3.0,,,,
1.28,3,Atta_3,235.7,754.3,274.5,13.5,6.1,,,,
1.28,4,Atta_4,204.9,1021.3,274.7,34.2,-3.7,,,,
1.28,5,Atta_5,251.4,1272.7,271.7,-26.6,-0.6,,,,
1.28,6,Atta_6,227.9,1550.3,273.6,-42.5,3.9,,,,
1.28,7,Atta_7,200.8,1840.6,270.9,-112.1,-1.9,,,,
1.28,8,Atta_8,189.5,2031.2,271.9,-28.6,-2.0,,,,
1.28,9,Atta_9,216.1,2307.9,271.2,-90.0,-1.0,,,,
1.28,10,Atta_10,191.2,2528.4,273.4,-66.6,0.8,,,,
1.349,1,Atta_1,179.5,232.9,271.1,30.2,1.3,,,,
1.349,2,Atta_2,249.8,517.6,275.7,-67.8,6.5,,,,
1.349,3,Atta_3,242.7,781.6,269.2,-28.2,-5.3,,,,
1.349,4,Atta_4,181.3,995.7,270.9,34.8,-3.8,,,,
1.349,5,Atta_5,191.7,1273.8,273.1,-59.7,1.4,,,,
1.349,6,Atta_6,211.5,1541.8,270.9,18.5,-2.7,,,,
1.349,7,Atta_7,225.7,1814.3,273.3,36.2,2.4,,,,
1.349,8,Atta_8,184.9,2009.6,269.1,22.1,-2.8,,,,
1.349,9,Atta_9,214.3,2248.3,272.2,59.6,1.0,,,,
1.349,10,Atta_10,170.8,2530.1,274.9,-20.5,1.5,,,,
1.484,1,Atta_1,150.0,251.5,271.3,-34.9,0.2,,,,
1.484,2,Atta_2,223.1,502.3,271.8,30.8,-3.9,,,,
1.484,3,Atta_3,207.3,759.7,275.7,41.6,6.5,,,,
1.484,4,Atta_4,184.5,1001.7,271.6,-6.8,0.7,,,,
1.484,5,Atta_5,183.1,1268.8,276.4,9.9,3.3,,,,
1.484,6,Atta_6,212.9,1557.6,269.9,-15.9,-1.0,,,,
1.484,7,Atta_7,228.4,1785.0,275.2,29.4,1.9,,,,
1.484,8,Atta_8,187.1,2037.9,273.4,-28.4,4.3,,,,
1.484,9,Atta_9,201.2,2259.8,271.5,-17.4,-0.7,,,,
1.484,10,Atta_10,254.1,2493.4,269.5,91.0,-5.4,,,,
1.553,1,Atta_1,198.4,308.7,272.1,-74.9,0.8,,,,
1.553,2,Atta_2,186.0,462.7,276.3,54.3,4.5,,,,
1.553,3,Atta_3,170.2,702.0,273.4,68.6,-2.3,,,,
1.553,4,Atta_4,199.7,981.6,274.3,25.2,2.7,,,,
1.553,5,Atta_5,185.6,1248.6,269.7,20.4,-6.7,,,,
1.553,6,Atta_6,111.2,1566.9,271.8,-102.1,1.9,,,,
1.553,7,Atta_7,178.4,1771.9,269.5,51.7,-5.7,,,,
1.553,8,Atta_8,210.2,2015.5,272.3,32.2,-1.1,,,,
1.553,9,Atta_9,186.5,2267.6,275.1,-16.6,3.6,,,,
1.553,10,Atta_10,167.5,2552.0,276.1,-104.6,6.6,,,,
1.604,1,Atta_1,206.0,212.5,271.9,96.5,-0.2,,,,
1.604,2,Atta_2,166.1,556.7,274.3,-96.1,-2.0,,,,
1.604,3,Atta_3,142.2,787.7,271.1,-90.2,-2.3,,,,
1.604,4,Atta_4,220.9,1041.7,274.6,-63.7,0.3,,,,
1.604,5,Atta_5,190.1,1245.7,275.0,5.4,5.3,,,,
1.604,6,Atta_6,186.2,1474.4,271.6,119.1,-0.2,,,,
1.604,7,Atta_7,147.4,1749.5,271.1,38.2,1.6,,,,
1.604,8,Atta_8,226.1,2050.2,269.8,-38.2,-2.5,,,,
1.604,9,Atta_9,250.0,2295.3,272.2,-69.3,-2.9,,,,
1.604,10,Atta_10,221.0,2526.0,272.4,59.5,-3.7,,,,
1.676,1,Atta_1,240.9,255.4,272.0,-55.3,0.1,,,,
1.676,2,Atta_2,208.0,560.9,271.8,-42.1,-2.5,,,,
1.676,3,Atta_3,175.8,790.3,275.7,-33.7,4.6,,,,
1.676,4,Atta_4,191.7,1058.9,272.1,-33.9,-2.5,,,,
1.676,5,Atta_5,138.7,1332.1,273.0,-100.5,-2.0,,,,
1.676,6,Atta_6,208.4,1520.5,268.5,-51.2,-3.1,,,,
1.676,7,Atta_7,222.9,1774.8,277.2,-79.6,6.1,,,,
1.676,8,Atta_8,181.2,2014.6,270.1,57.3,0.3,,,,
1.676,9,Atta_9,163.8,2215.9,271.6,117.2,-0.6,,,,
1.676,10,Atta_10,167.3,2488.9,272.1,65.3,-0.3,,,,
1.729,1,Atta_1,222.0,262.9,273.5,-20.3,1.5,,,,
1.729,2,Atta_2,231.0,525.2,271.4,42.5,-0.4,,,,
1.729,3,Atta_3,196.0,778.7,273.6,23.3,-2.1,,,,
1.729,4,Atta_4,181.7,943.9,270.0,115.4,-2.1,,,,
1.729,5,Atta_5,217.9,1315.0,271.0,81.0,-2.0,,,,
1.729,6,Atta_6,140.5,1495.8,271.5,72.3,3.0,,,,
1.729,7,Atta_7,220.5,1772.9,272.4,3.1,-4.8,,,,
1.729,8,Atta_8,181.1,1997.7,274.5,16.9,4.4,,,,
1.729,9,Atta_9,194.8,2278.1,272.0,-69.5,0.4,,,,
1.729,10,Atta_10,180.5,2558.7,274.7,-71.0,2.6,,,,
1.799,1,Atta_1,254.4,318.0,270.9,-63.9,-2.6,,,,
1.799,2,Atta_2,244.1,515.0,271.2,16.6,-0.2,,,,
1.799,3,Atta_3,228.6,782.8,270.4,-32.9,-3.2,,,,
1.799,4,Atta_4,184.2,984.7,273.8,-40.9,3.8,,,,
1.799,5,Atta_5,185.7,1221.5,271.9,98.9,0.9,,,,
1.799,6,Atta_6,228.8,1519.0,271.6,-91.3,0.1,,,,
1.799,7,Atta_7,177.2,1733.0,270.4,58.9,-2.0,,,,
1.799,8,Atta_8,212.3,2085.5,277.8,-93.2,3.3,,,,
1.799,9,Atta_9,188.3,2299.1,272.7,-22.0,0.7,,,,
1.799,10,Atta_10,180.8,2521.4,270.6,37.3,-4.1,,,,
1.854,1,Atta_1,206.1,269.6,271.4,68.4,0.5,,,,
1.854,2,Atta_2,199.5,520.0,272.4,-44.9,1.2,,,,
1.854,3,Atta_3,158.2,778.0,270.2,70.6,-0.2,,,,
1.854,4,Atta_4,237.6,963.1,274.2,57.6,0.4,,,,
1.854,5,Atta_5,208.6,1279.7,274.7,-62.5,2.8,,,,
1.854,6,Atta_6,240.4,1478.1,270.2,42.5,-1.4,,,,
1.854,7,Atta_7,199.5,1788.9,273.1,-60.2,2.7,,,,
1.854,8,Atta_8,210.0,2014.8,271.3,70.7,-6.5,,,,
1.854,9,Atta_9,247.1,2316.1,272.6,-61.2,-0.1,,,,
1.854,10,Atta_10,219.0,2478.3,269.7,57.6,-0.9,,,,
1.922,1,Atta_1,165.7,263.2,271.4,40.9,0.0,,,,
1.922,2,Atta_2,197.7,538.1,273.1,-18.2,0.7,,,,
1.922,3,Atta_3,236.4,783.1,272.8,-78.4,2.6,,,,
1.922,4,Atta_4,143.3,1044.0,271.7,-124.2,-2.5,,,,
1.922,5,Atta_5,279.5,1280.6,270.6,70.9,-4.1,,,,
1.922,6,Atta_6,201.2,1538.3,274.0,-71.8,3.8,,,,
1.922,7,Atta_7,212.0,1790.7,267.8,-12.6,-5.3,,,,
1.922,8,Atta_8,246.3,1993.8,273.5,41.9,2.2,,,,
1.922,9,Atta_9,150.4,2270.0,273.9,107.1,1.3,,,,
1.922,10,Atta_10,252.9,2509.6,272.4,-46.1,2.7,,,,
1.975,1,Atta_1,207.0,250.8,272.3,43.1,0.9,,,,
1.975,2,Atta_2,164.5,566.3,275.8,-43.6,2.7,,,,
1.975,3,Atta_3,178.2,776.3,274.5,58.6,1.7,,,,
1.975,4,Atta_4,225.9,1032.4,272.1,83.4,0.4,,,,
1.975,5,Atta_5,264.0,1254.0,273.0,30.8,2.4,,,,
1.975,6,Atta_6,141.9,1523.4,275.4,61.1,1.4,,,,
1.975,7,Atta_7,222.7,1818.9,270.2,-30.2,2.4,,,,
1.975,8,Atta_8,228.4,2009.4,270.7,-23.7,-2.8,,,,
1.975,9,Atta_9,207.5,2255.3,275.1,59.0,1.2,,,,
1.975,10,Atta_10,198.4,2530.4,268.5,-58.3,-3.9,,,,
2.041,1,Atta_1,189.6,253.4,270.1,-17.6,-2.2,,,,
2.041,2,Atta_2,210.5,533.4,269.3,56.6,-6.5,,,,
2.041,3,Atta_3,199.0,759.7,272.1,26.6,-2.4,,,,
2.041,4,Atta_4,194.6,983.4,272.2,58.1,0.1,,,,
2.041,5,Atta_5,119.9,1278.3,269.8,-146.1,-3.2,,,,
2.041,6,Atta_6,186.3,1488.9,270.5,56.2,-4.9,,,,
2.041,7,Atta_7,199.5,1821.4,275.1,-23.3,4.9,,,,
2.041,8,Atta_8,193.3,2036.4,272.5,-44.3,1.8,,,,
2.041,9,Atta_9,172.7,2292.1,269.6,-50.6,-5.5,,,,
2.041,10,Atta_10,214.8,2508.8,273.3,27.1,4.8,,,,
2.177,1,Atta_1,213.3,314.7,271.0,-65.7,0.9,,,,
2.177,2,Atta_2,234.0,482.7,277.0,55.9,7.7,,,,
2.177,3,Atta_3,206.3,791.0,274.8,-32.1,2.7,,,,
2.177,4,Atta_4,175.7,1007.1,273.0,-30.3,0.8,,,,
2.177,5,Atta_5,220.1,1300.5,269.0,-102.6,-0.8,,,,
2.177,6,Atta_6,231.1,1553.8,273.0,-78.9,2.5,,,,
2.177,7,Atta_7,208.0,1807.6,273.3,16.2,-1.8,,,,
2.177,8,Atta_8,214.5,2072.8,272.7,-42.1,0.2,,,,
2.177,9,Atta_9,167.9,2273.2,273.1,19.5,3.5,,,,
2.177,10,Atta_10,158.5,2532.9,274.6,-61.2,1.3,,,,
2.245,1,Atta_1,205.7,245.8,271.3,69.3,0.3,,,,
2.245,2,Atta_2,155.7,566.1,273.3,-114.4,-3.7,,,,
2.245,3,Atta_3,187.1,731.7,275.5,62.3,0.7,,,,
2.245,4,Atta_4,219.8,1066.9,272.9,-74.3,-0.1,,,,
2.245,5,Atta_5,151.8,1237.8,274.6,92.7,5.6,,,,
2.245,6,Atta_6,228.0,1520.4,273.3,33.5,0.3,,,,
2.245,7,Atta_7,204.6,1834.4,272.5,-27.0,-0.8,,,,
2.245,8,Atta_8,229.3,2054.1,271.2,23.8,-1.5,,,,
2.245,9,Atta_9,237.1,2251.9,269.9,72.4,-3.2,,,,
2.245,10,Atta_10,173.9,2448.1,272.9,86.2,-1.7,,,,
2.308,1,Atta_1,210.2,241.3,274.4,6.4,3.1,,,,
2.308,2,Atta_2,215.1,568.6,275.1,59.5,1.8,,,,
2.308,3,Atta_3,173.3,784.3,273.1,-54.4,-2.4,,,,
2.308,4,Atta_4,180.2,1007.3,270.0,71.6,-2.9,,,,
2.308,5,Atta_5,252.1,1290.6,270.0,-113.3,-4.6,,,,
2.308,6,Atta_6,190.3,1506.1,273.2,40.3,-0.1,,,,
2.308,7,Atta_7,157.5,1768.6,274.8,80.9,2.3,,,,
2.308,8,Atta_8,193.6,2068.6,272.3,-38.5,1.1,,,,
2.308,9,Atta_9,181.2,2213.8,269.7,67.6,-0.2,,,,
2.308,10,Atta_10,189.7,2583.1,272.6,-135.9,-0.3,,,,
2.445,1,Atta_1,223.1,307.7,269.8,-67.6,-4.6,,,,
2.445,2,Atta_2,177.9,511.4,274.9,68.2,-0.2,,,,
2.445,3,Atta_3,195.7,801.1,274.7,-28.0,1.6,,,,
2.445,4,Atta_4,184.7,957.3,269.9,50.2,-0.1,,,,
2.445,5,Atta_5,184.7,1273.8,274.9,69.5,4.9,,,,
2.445,6,Atta_6,188.8,1553.3,269.9,-47.2,-3.3,,,,
2.445,7,Atta_7,234.0,1793.8,272.9,-80.5,-1.9,,,,
2.445,8,Atta_8,155.3,2036.7,273.7,49.8,1.4,,,,
2.445,9,Atta_9,178.6,2300.8,273.1,-87.0,3.4,,,,
2.445,10,Atta_10,158.5,2531.0,270.8,60.7,-1.8,,,,
2.515,1,Atta_1,221.7,280.7,269.9,27.0,0.1,,,,
2.515,2,Atta_2,212.3,498.9,268.3,36.6,-6.6,,,,
2.515,3,Atta_3,208.6,822.9,272.2,-25.3,-2.5,,,,
2.515,4,Atta_4,174.1,993.2,273.2,-37.4,3.3,,,,
2.515,5,Atta_5,154.4,1347.7,275.6,-79.9,0.7,,,,
2.515,6,Atta_6,232.1,1499.9,271.6,68.7,1.7,,,,
2.515,7,Atta_7,199.1,1747.4,276.2,58.1,3.3,,,,
2.515,8,Atta_8,247.9,2010.5,273.9,96.2,0.2,,,,
2.515,9,Atta_9,224.5,2257.2,272.4,63.3,-0.7,,,,
2.515,10,Atta_10,166.2,2487.4,273.1,44.3,2.3,,,,
2.583,1,Atta_1,192.0,253.3,271.3,40.4,1.4,,,,
2.583,2,Atta_2,160.1,471.7,273.3,58.9,5.0,,,,
2.583,3,Atta_3,230.0,761.4,273.4,65.1,1.2,,,,
2.583,4,Atta_4,183.8,1033.9,271.9,-41.8,-1.3,,,,
2.583,5,Atta_5,291.5,1271.6,271.3,156.8,-4.3,,,,
2.583,6,Atta_6,212.5,1525.3,272.4,-32.1,0.8,,,,
2.583,7,Atta_7,184.9,1786.7,271.3,-41.8,-4.9,,,,
2.583,8,Atta_8,174.4,2048.4,273.4,-82.7,-0.5,,,,
2.583,9,Atta_9,173.7,2326.9,273.5,-86.2,1.1,,,,
2.583,10,Atta_10,231.3,2506.4,275.7,-67.8,2.6,,,,
2.706,1,Atta_1,176.5,273.6,268.9,-25.5,-2.4,,,,
2.706,2,Atta_2,159.5,571.9,273.2,-100.2,-0.1,,,,
2.706,3,Atta_3,155.4,758.7,269.5,-74.6,-3.9,,,,
2.706,4,Atta_4,202.1,1082.0,271.8,-51.5,-0.1,,,,
2.706,5,Atta_5,197.4,1262.3,276.2,94.6,4.9,,,,
2.706,6,Atta_6,239.5,1532.4,271.4,-27.9,-1.0,,,,
2.706,7,Atta_7,184.3,1724.0,271.4,62.7,0.1,,,,
2.706,8,Atta_8,211.9,2025.3,271.3,44.0,-2.1,,,,
2.706,9,Atta_9,247.0,2232.3,274.2,119.7,0.7,,,,
2.706,10,Atta_10,163.4,2540.7,271.6,-76.1,-4.1,,,,
2.757,1,Atta_1,191.9,272.1,269.2,15.5,0.3,,,,
2.757,2,Atta_2,144.2,579.9,271.1,-17.3,-2.1,,,,
2.757,3,Atta_3,228.5,744.2,268.2,74.5,-1.3,,,,
2.757,4,Atta_4,201.5,1015.1,273.0,66.9,1.2,,,,
2.757,5,Atta_5,164.0,1266.4,272.2,-33.7,-4.0,,,,
2.757,6,Atta_6,197.4,1517.8,274.9,44.6,3.5,,,,
2.757,7,Atta_7,233.6,1750.5,269.7,-56.0,-1.7,,,,
2.757,8,Atta_8,164.4,2016.4,274.5,48.3,3.2,,,,
2.757,9,Atta_9,214.1,2243.6,270.4,-34.8,-3.8,,,,
2.757,10,Atta_10,162.1,2529.5,273.7,11.3,2.1,,,,
2.823,1,Atta_1,173.1,305.1,270.3,-38.0,1.1,,,,
2.823,2,Atta_2,202.2,520.8,273.5,82.8,2.4,,,,
2.823,3,Atta_3,180.5,764.9,276.4,-52.3,8.2,,,,
2.823,4,Atta_4,200.1,1029.3,273.8,-14.3,0.8,,,,
2.823,5,Atta_5,153.3,1274.2,272.3,-13.2,0.1,,,,
2.823,6,Atta_6,177.1,1476.4,268.0,46.1,-6.9,,,,
2.823,7,Atta_7,263.9,1787.0,275.2,-47.4,5.5,,,,
2.823,8,Atta_8,155.3,2037.3,273.7,-22.8,-0.8,,,,
2.823,9,Atta_9,201.3,2243.3,273.8,12.8,3.4,,,,
2.823,10,Atta_10,225.8,2548.9,270.7,-66.6,-3.0,,,,
2.889,1,Atta_1,211.5,265.2,272.3,55.4,2.0,,,,
2.889,2,Atta_2,186.6,578.2,273.3,-59.5,-0.2,,,,
2.889,3,Atta_3,224.1,779.5,269.4,-46.0,-7.0,,,,
2.889,4,Atta_4,178.1,1017.2,274.2,25.1,0.4,,,,
2.889,5,Atta_5,185.3,1296.0,270.1,-38.7,-2.2,,,,
2.889,6,Atta_6,190.5,1532.9,272.6,-58.1,4.6,,,,
2.889,7,Atta_7,181.6,1731.2,276.6,99.4,1.4,,,,
2.889,8,Atta_8,214.9,2038.0,270.4,59.6,-3.3,,,,
2.889,9,Atta_9,220.3,2288.1,274.9,-48.7,1.1,,,,
2.889,10,Atta_10,225.1,2538.6,271.1,10.3,0.4,,,,
2.958,1,Atta_1,156.2,241.2,273.8,60.3,1.5,,,,
2.958,2,Atta_2,188.5,510.9,274.3,67.3,1.0,,,,
2.958,3,Atta_3,220.8,754.0,268.0,25.7,-1.4,,,,
2.958,4,Atta_4,257.1,1023.9,273.4,-79.3,-0.8,,,,
2.958,5,Atta_5,225.1,1318.0,276.4,-45.5,6.3,,,,
2.958,6,Atta_6,206.5,1538.1,270.6,-16.8,-2.0,,,,
2.958,7,Atta_7,192.2,1807.8,271.9,-77.3,-4.7,,,,
2.958,8,Atta_8,223.1,2024.4,273.3,15.9,2.9,,,,
2.958,9,Atta_9,269.8,2310.0,272.2,-54.1,-2.7,,,,
2.958,10,Atta_10,166.3,2488.7,270.8,77.1,-0.3,,,,
3.027,1,Atta_1,172.1,266.7,270.0,-30.1,-3.8,,,,
3.027,2,Atta_2,218.5,550.1,272.3,-49.4,-2.0,,,,
3.027,3,Atta_3,163.1,761.1,269.0,-58.1,1.0,,,,
3.027,4,Atta_4,176.5,1056.4,275.7,-86.9,2.3,,,,
3.027,5,Atta_5,225.4,1291.1,272.5,26.9,-3.9,,,,
3.027,6,Atta_6,195.1,1526.7,274.3,16.1,3.7,,,,
3.027,7,Atta_7,225.3,1773.6,269.9,47.6,-2.0,,,,
3.027,8,Atta_8,180.9,2041.4,272.0,-45.5,-1.3,,,,
3.027,9,Atta_9,168.9,2284.8,270.7,104.0,-1.5,,,,
3.027,10,Atta_10,169.0,2506.6,272.7,-18.1,1.9,,,,
3.098,1,Atta_1,189.7,301.1,270.6,-38.6,0.6,,,,
3.098,2,Atta_2,191.0,596.0,274.9,-53.5,2.6,,,,
3.098,3,Atta_3,200.9,768.0,276.8,-38.4,7.8,,,,
3.098,4,Atta_4,182.7,984.1,276.1,72.6,0.4,,,,
3.098,5,Atta_5,226.4,1297.7,271.6,-6.7,-0.9,,,,
3.098,6,Atta_6,220.5,1536.1,274.8,-27.1,0.5,,,,
3.098,7,Atta_7,216.8,1808.5,276.8,-35.9,6.9,,,,
3.098,8,Atta_8,153.1,2079.0,273.2,-46.8,1.2,,,,
3.098,9,Atta_9,226.8,2308.0,269.8,-62.4,-0.9,,,,
3.098,10,Atta_10,228.9,2511.7,270.4,-60.1,-2.3,,,,
3.149,1,Atta_1,236.3,236.8,272.1,79.4,1.5,,,,
3.149,2,Atta_2,212.1,557.2,274.1,44.2,-0.8,,,,
3.149,3,Atta_3,183.0,789.0,273.4,-27.6,-3.4,,,,
3.149,4,Atta_4,218.6,1034.2,277.7,-61.6,1.6,,,,
3.149,5,Atta_5,213.9,1226.4,270.9,72.4,-0.7,,,,
3.149,6,Atta_6,180.9,1543.2,270.8,-40.2,-4.0,,,,
3.149,7,Atta_7,201.7,1766.8,272.7,44.3,-4.1,,,,
3.149,8,Atta_8,213.8,2000.9,273.7,98.9,0.5,,,,
3.149,9,Atta_9,223.6,2283.7,272.2,24.5,2.4,,,,
3.149,10,Atta_10,153.5,2493.2,270.1,77.6,-0.3,,,,
3.215,1,Atta_1,195.8,316.2,274.1,-89.1,2.0,,,,
3.215,2,Atta_2,215.8,540.3,275.1,17.3,1.0,,,,
3.215,3,Atta_3,216.0,764.3,269.7,41.2,-3.7,,,,
3.215,4,Atta_4,203.1,1036.9,273.3,-15.7,-4.4,,,,
3.215,5,Atta_5,163.9,1310.1,273.4,-97.5,2.5,,,,
3.215,6,Atta_6,188.6,1523.0,273.1,21.6,2.3,,,,
3.215,7,Atta_7,191.3,1782.2,272.8,-18.6,0.1,,,,
3.215,8,Atta_8,207.3,2017.4,272.9,-17.7,-0.8,,,,
3.215,9,Atta_9,216.0,2231.7,275.8,52.6,3.6,,,,
3.215,10,Atta_10,212.8,2504.8,274.9,-60.4,4.8,,,,
3.266,1,Atta_1,207.5,302.4,269.4,18.1,-4.7,,,,
3.266,2,Atta_2,198.0,513.6,274.1,32.1,-1.0,,,,
3.266,3,Atta_3,169.0,747.7,269.7,49.8,0.0,,,,
3.266,4,Atta_4,201.7,1052.6,271.8,-15.8,-1.5,,,,
3.266,5,Atta_5,241.3,1293.9,271.8,79.1,-1.6,,,,
3.266,6,Atta_6,117.4,1520.1,271.3,-71.3,-1.8,,,,
3.266,7,Atta_7,180.6,1729.3,273.7,54.0,0.9,,,,
3.266,8,Atta_8,199.9,2038.4,275.6,-22.3,2.7,,,,
3.266,9,Atta_9,174.3,2266.7,274.1,-54.4,-1.7,,,,
3.266,10,Atta_10,231.3,2556.9,273.7,-55.3,-1.2,,,,
3.332,1,Atta_1,215.4,246.3,269.1,56.7,-0.3,,,,
3.332,2,Atta_2,185.1,490.5,272.4,26.5,-1.7,,,,
3.332,3,Atta_3,106.2,790.3,273.9,-75.9,4.2,,,,
3.332,4,Atta_4,174.2,1085.5,266.6,-42.9,-5.2,,,,
3.332,5,Atta_5,205.9,1257.5,274.9,50.8,3.1,,,,
3.332,6,Atta_6,159.1,1512.9,275.2,42.3,3.9,,,,
3.332,7,Atta_7,187.4,1738.2,270.6,-11.2,-3.1,,,,
3.332,8,Atta_8,167.3,1990.6,271.7,57.9,-3.9,,,,
3.332,9,Atta_9,172.7,2230.3,270.5,36.4,-3.6,,,,
3.332,10,Atta_10,145.6,2548.8,269.7,86.1,-4.0,,,,
3.4,1,Atta_1,219.3,273.2,271.5,-27.2,2.4,,,,
3.4,2,Atta_2,144.0,495.4,273.1,-41.4,0.7,,,,
3.4,3,Atta_3,212.9,758.7,270.5,111.3,-3.4,,,,
3.4,4,Atta_4,210.4,1041.1,270.2,57.3,3.6,,,,
3.4,5,Atta_5,285.8,1238.6,276.3,82.1,1.4,,,,
3.4,6,Atta_6,194.7,1542.3,271.7,-46.2,-3.5,,,,
3.4,7,Atta_7,194.7,1756.8,271.6,-20.0,1.0,,,,
3.4,8,Atta_8,177.3,1989.5,270.1,10.1,-1.6,,,,
3.4,9,Atta_9,251.7,2282.0,273.1,-94.4,2.6,,,,
3.4,10,Atta_10,181.7,2493.0,272.9,66.5,3.2,,,,
3.469,1,Atta_1,263.9,289.1,271.2,-47.3,-0.3,,,,
3.469,2,Atta_2,206.1,519.9,273.9,-66.8,0.8,,,,
3.469,3,Atta_3,167.3,799.2,273.5,-61.0,3.0,,,,
3.469,4,Atta_4,183.7,1002.9,271.5,46.6,1.3,,,,
3.469,5,Atta_5,193.1,1228.0,273.4,93.3,-2.9,,,,
3.469,7,Atta_7,151.1,1762.8,272.1,-44.0,0.5,,,,
3.469,8,Atta_8,174.6,2033.9,271.9,-44.5,1.8,,,,
3.469,9,Atta_9,175.0,2279.3,272.6,-76.7,-0.5,,,,
3.469,10,Atta_10,199.8,2556.6,273.5,-66.1,0.6,,,,
3.537,1,Atta_1,172.6,214.7,271.4,117.8,0.2,,,,
3.537,2,Atta_2,153.5,518.8,270.1,-52.6,-3.8,,,,
3.537,3,Atta_3,175.3,755.9,272.0,44.0,-1.5,,,,
3.537,4,Atta_4,208.9,1031.5,275.4,-38.1,3.9,,,,
3.537,5,Atta_5,238.9,1258.9,273.7,-55.2,0.3,,,,
3.537,6,Atta_6,144.2,1588.0,274.0,-68.1,2.3,,,,
3.537,7,Atta_7,228.2,1801.2,274.8,-86.1,2.7,,,,
3.537,8,Atta_8,236.3,2064.7,272.4,-69.0,0.5,,,,
3.537,9,Atta_9,157.7,2252.5,271.4,31.9,-1.2,,,,
3.537,10,Atta_10,210.7,2525.6,273.0,32.9,-0.5,,,,
3.606,1,Atta_1,173.9,292.5,271.6,-77.8,0.2,,,,
3.606,2,Atta_2,194.5,523.7,269.5,-41.3,-0.6,,,,
3.606,3,Atta_3,201.6,786.5,272.5,-40.3,0.5,,,,
3.606,4,Atta_4,187.2,964.9,271.3,70.0,-4.1,,,,
3.606,5,Atta_5,192.4,1224.1,274.2,58.1,0.5,,,,
3.606,6,Atta_6,169.0,1544.6,272.6,50.0,-1.4,,,,
3.606,7,Atta_7,250.2,1775.5,270.8,33.8,-4.0,,,,
3.606,8,Atta_8,200.4,1986.7,272.4,85.9,0.0,,,,
3.606,9,Atta_9,149.6,2323.1,271.3,-71.1,-0.1,,,,
3.606,10,Atta_10,217.1,2585.9,274.7,-60.6,1.7,,,,
3.675,1,Atta_1,198.6,313.8,269.9,-32.6,-1.7,,,,
3.675,2,Atta_2,157.9,526.9,268.7,-36.7,-0.8,,,,
3.675,3,Atta_3,199.0,766.7,271.8,20.0,-0.7,,,,
3.675,4,Atta_4,151.4,1011.1,274.5,-58.4,3.2,,,,
3.675,5,Atta_5,238.4,1357.2,272.5,-140.8,-1.7,,,,
3.675,6,Atta_6,226.8,1524.2,273.1,61.3,0.5,,,,
3.675,7,Atta_7,222.6,1806.4,268.2,-41.4,-2.6,,,,
3.675,8,Atta_8,195.9,2009.6,274.2,-23.3,1.8,,,,
3.675,9,Atta_9,133.6,2255.8,272.4,69.2,1.1,,,,
3.675,10,Atta_10,188.7,2514.9,273.3,76.5,-1.4,,,,
3.744,1,Atta_1,219.9,223.0,269.9,93.3,0.0,,,,
3.744,2,Atta_2,173.0,553.0,274.0,-30.2,5.3,,,,
3.744,3,Atta_3,139.4,798.9,275.1,-67.7,3.3,,,,
3.744,4,Atta_4,199.8,1027.7,272.6,-51.2,-1.9,,,,
3.744,5,Atta_5,245.0,1310.1,267.3,47.6,-5.2,,,,
3.744,6,Atta_6,196.1,1456.9,272.0,74.0,-1.1,,,,
3.744,7,Atta_7,190.0,1700.8,273.8,110.5,5.6,,,,
3.744,8,Atta_8,215.2,2013.0,269.2,-19.6,-5.0,,,,
3.744,9,Atta_9,188.7,2224.5,274.1,63.4,1.7,,,,
3.744,10,Atta_10,158.6,2576.9,270.7,-68.9,-2.6,,,,
3.813,1,Atta_1,184.4,283.1,270.9,-69.8,1.0,,,,
3.813,2,Atta_2,191.2,526.5,271.1,32.1,-2.9,,,,
3.813,3,Atta_3,177.8,795.7,274.0,38.5,-1.1,,,,
3.813,4,Atta_4,171.1,1041.1,276.9,-31.7,4.3,,,,
3.813,5,Atta_5,211.4,1314.3,271.8,-33.9,4.5,,,,
3.813,6,Atta_6,229.2,1505.1,274.0,-58.5,2.0,,,,
3.813,7,Atta_7,227.7,1782.9,272.2,-90.3,-1.6,,,,
3.813,8,Atta_8,201.1,1992.3,270.9,25.0,1.7,,,,
3.813,9,Atta_9,183.0,2200.0,273.3,25.2,-0.8,,,,
3.813,10,Atta_10,174.8,2513.7,270.5,65.2,-0.2,,,,
3.875,1,Atta_1,208.4,298.3,268.3,-28.4,-2.6,,,,
3.875,2,Atta_2,192.7,499.7,274.3,26.8,3.2,,,,
3.875,3,Atta_3,224.0,722.6,274.7,86.5,0.7,,,,
3.875,4,Atta_4,208.5,998.9,271.6,56.4,-5.3,,,,
3.875,5,Atta_5,186.9,1281.8,274.4,40.7,2.6,,,,
3.875,6,Atta_6,169.6,1528.3,271.7,-64.0,-2.3,,,,
3.875,7,Atta_7,186.7,1813.9,271.4,-51.4,-0.8,,,,
3.875,8,Atta_8,225.8,1974.6,272.8,30.4,1.9,,,,
3.875,9,Atta_9,245.3,2294.8,272.9,-113.4,-0.4,,,,
3.875,10,Atta_10,188.2,2515.4,272.3,-13.5,1.8,,,,
3.945,1,Atta_1,169.8,291.6,268.7,39.2,0.4,,,,
3.945,2,Atta_2,177.9,540.8,271.6,-43.7,-2.7,,,,
3.945,3,Atta_3,189.0,792.4,269.7,-78.1,-5.0,,,,
3.945,4,Atta_4,241.3,996.8,271.2,32.9,-0.4,,,,
3.945,5,Atta_5,200.8,1228.9,274.5,54.7,0.1,,,,
3.945,6,Atta_6,154.4,1564.2,269.8,-39.0,-1.9,,,,
3.945,7,Atta_7,175.0,1746.4,269.8,68.5,-1.6,,,,
3.945,8,Atta_8,202.3,2061.0,271.4,-89.5,-1.4,,,,
3.945,9,Atta_9,187.5,2286.0,271.6,58.5,-1.3,,,,
3.945,10,Atta_10,219.5,2475.0,274.3,51.1,2.0,,,,
4.015,1,Atta_1,166.4,264.4,272.0,27.4,3.3,,,,
4.015,2,Atta_2,242.5,528.7,272.7,65.7,1.1,,,,
4.015,3,Atta_3,233.2,721.8,273.8,83.3,4.1,,,,
4.015,4,Atta_4,215.1,1062.7,271.4,-70.9,0.2,,,,
4.015,5,Atta_5,188.1,1299.2,271.3,-71.4,-3.2,,,,
4.015,6,Atta_6,220.1,1550.0,272.1,67.2,2.3,,,,
4.015,7,Atta_7,223.6,1826.9,270.3,-94.0,0.5,,,,
4.015,8,Atta_8,190.5,2052.8,271.1,14.4,-0.3,,,,
4.015,9,Atta_9,209.5,2351.6,274.3,-69.2,2.7,,,,
4.015,10,Atta_10,263.3,2518.9,273.1,-62.0,-1.2,,,,
4.141,1,Atta_1,175.3,254.5,268.3,13.3,-3.7,,,,
4.141,2,Atta_2,228.7,529.4,272.3,-13.8,-0.4,,,,
4.141,3,Atta_3,193.2,802.3,267.9,-89.9,-5.9,,,,
4.141,4,Atta_4,195.9,1034.0,275.9,34.5,4.5,,,,
4.141,5,Atta_5,182.9,1259.5,271.8,40.0,0.5,,,,
4.141,6,Atta_6,162.1,1558.2,276.0,-58.6,3.9,,,,
4.141,7,Atta_7,251.4,1803.2,272.2,36.5,1.9,,,,
4.141,8,Atta_8,216.9,2058.1,273.8,-26.9,2.7,,,,
4.141,9,Atta_9,261.6,2268.4,271.7,98.2,-2.6,,,,
4.141,10,Atta_10,212.5,2525.2,269.8,-51.2,-3.3,,,,
4.206,1,Atta_1,185.1,292.2,269.7,-39.0,1.4,,,,
4.206,2,Atta_2,188.9,522.4,275.4,40.4,3.1,,,,
4.206,3,Atta_3,188.5,807.5,271.5,-7.0,3.6,,,,
4.206,4,Atta_4,214.9,977.5,273.9,59.6,-2.0,,,,
4.206,5,Atta_5,209.0,1226.0,270.4,42.5,-1.4,,,,
4.206,6,Atta_6,220.9,1468.1,270.1,107.6,-5.9,,,,
4.206,7,Atta_7,220.6,1820.2,273.3,-35.2,1.1,,,,
4.206,8,Atta_8,252.0,2021.4,272.2,50.8,-1.6,,,,
4.206,9,Atta_9,209.5,2278.3,272.0,-53.0,0.3,,,,
4.206,10,Atta_10,225.5,2503.4,271.7,25.4,1.9,,,,
4.276,1,Atta_1,167.3,276.7,274.8,23.6,5.1,,,,
4.276,2,Atta_2,201.3,493.2,270.3,31.7,-5.1,,,,
4.276,3,Atta_3,165.6,792.1,273.8,27.6,2.3,,,,
4.276,4,Atta_4,230.6,992.0,274.5,-21.4,0.6,,,,
4.276,5,Atta_5,176.4,1320.4,274.2,-99.9,3.8,,,,
4.276,6,Atta_6,169.3,1496.2,271.4,-58.8,1.3,,,,
4.276,7,Atta_7,209.6,1752.4,271.9,68.7,-1.4,,,,
4.276,8,Atta_8,212.8,2041.3,272.5,-44.0,0.3,,,,
4.276,9,Atta_9,221.2,2229.3,272.1,50.4,0.1,,,,
4.276,10,Atta_10,164.1,2531.0,272.8,-67.3,1.1,,,,
4.343,1,Atta_1,199.2,243.1,274.6,46.3,-0.2,,,,
4.343,2,Atta_2,170.2,502.6,273.8,-32.5,3.5,,,,
4.343,3,Atta_3,167.3,757.0,268.2,35.1,-5.6,,,,
4.343,4,Atta_4,207.1,1033.2,275.4,-47.4,0.9,,,,
4.343,5,Atta_5,211.2,1221.3,270.5,105.0,-3.7,,,,
4.343,6,Atta_6,189.7,1505.6,273.2,-22.5,1.8,,,,
4.343,7,Atta_7,220.6,1736.1,274.5,19.7,2.6,,,,
4.343,8,Atta_8,234.6,2003.9,273.6,43.3,1.1,,,,
4.343,9,Atta_9,221.3,2282.6,272.2,-53.3,0.1,,,,
4.343,10,Atta_10,230.0,2496.8,270.5,74.2,-2.3,,,,
4.409,1,Atta_1,210.0,281.7,272.7,-40.1,-1.9,,,,
4.409,2,Atta_2,163.5,531.5,272.6,-29.7,-1.2,,,,
4.409,3,Atta_3,186.7,809.3,271.0,-55.8,2.8,,,,
4.409,4,Atta_4,229.9,988.2,275.8,50.4,0.4,,,,
4.409,5,Atta_5,200.5,1278.1,269.8,-57.8,-0.7,,,,
4.409,6,Atta_6,197.4,1520.2,270.3,-16.5,-2.9,,,,
4.409,7,Atta_7,163.6,1772.2,274.0,-67.5,-0.5,,,,
4.409,8,Atta_8,202.5,2047.8,271.6,-54.4,-2.0,,,,
4.409,9,Atta_9,214.9,2290.2,272.3,-9.9,0.1,,,,
4.409,10,Atta_10,192.3,2528.2,273.8,-49.1,3.3,,,,
4.478,1,Atta_1,195.1,301.3,273.0,-24.6,0.3,,,,
4.478,2,Atta_2,230.6,552.4,272.1,-70.3,-0.5,,,,
4.478,3,Atta_3,241.5,761.0,271.8,73.0,0.8,,,,
4.478,4,Atta_4,182.2,1051.9,272.1,-79.6,-3.7,,,,
4.478,5,Atta_5,243.4,1259.0,273.6,47.0,3.8,,,,
4.478,6,Atta_6,210.9,1533.4,273.5,-18.9,3.2,,,,
4.478,7,Atta_7,168.2,1769.9,273.3,5.1,-0.7,,,,
4.478,8,Atta_8,244.7,2016.8,275.0,52.4,3.4,,,,
4.478,9,Atta_9,142.6,2249.9,274.3,82.8,2.0,,,,
4.478,10,Atta_10,186.0,2554.6,271.4,-27.1,-2.4,,,,
4.544,1,Atta_1,230.5,259.7,269.6,54.6,-3.4,,,,
4.544,2,Atta_2,214.3,508.6,274.6,46.7,2.5,,,,
4.544,3,Atta_3,213.8,761.5,272.2,-27.7,0.4,,,,
4.544,4,Atta_4,163.7,1045.5,272.8,19.6,0.7,,,,
4.544,5,Atta_5,256.3,1279.0,269.7,-23.8,-3.9,,,,
4.544,6,Atta_6,194.5,1549.5,269.9,-23.0,-3.6,,,,
4.544,7,Atta_7,225.6,1749.8,272.7,60.8,-0.6,,,,
4.544,8,Atta_8,182.3,1999.3,272.9,64.8,-2.1,,,,
4.544,9,Atta_9,218.0,2226.7,272.0,78.9,-2.3,,,,
4.544,10,Atta_10,184.8,2477.1,272.5,77.5,1.1,,,,
4.611,1,Atta_1,172.2,292.4,272.0,-66.8,2.4,,,,
4.611,2,Atta_2,222.9,526.5,273.2,-19.9,-1.4,,,,
4.611,3,Atta_3,201.8,730.4,276.6,33.3,4.4,,,,
4.611,4,Atta_4,217.3,1013.2,271.6,62.6,-1.2,,,,
4.611,5,Atta_5,225.6,1213.4,273.2,72.4,3.5,,,,
4.611,6,Atta_6,210.2,1507.8,275.6,44.6,5.7,,,,
4.611,7,Atta_7,195.9,1802.8,271.5,-60.8,-1.2,,,,
4.611,8,Atta_8,154.0,2022.2,275.1,-36.4,2.2,,,,
4.611,9,Atta_9,202.4,2329.2,271.4,-103.7,-0.6,,,,
4.611,10,Atta_10,203.7,2529.4,270.9,-55.6,-1.6,,,,
4.68,1,Atta_1,190.0,315.1,269.9,-28.8,-2.1,,,,
4.68,2,Atta_2,170.9,512.4,273.4,53.9,0.2,,,,
4.68,3,Atta_3,205.2,742.9,270.6,-13.0,-6.0,,,,
4.68,4,Atta_4,155.3,1065.5,270.0,-81.1,-1.6,,,,
4.68,5,Atta_5,218.8,1274.2,273.0,-61.2,-0.2,,,,
4.68,6,Atta_6,215.6,1543.6,276.2,-36.2,0.6,,,,
4.68,7,Atta_7,227.2,1815.4,275.6,-33.7,4.1,,,,
4.68,8,Atta_8,161.0,1985.2,268.2,37.7,-6.9,,,,
4.68,9,Atta_9,161.7,2232.2,271.3,105.2,-0.1,,,,
4.68,10,Atta_10,233.3,2454.6,272.4,80.4,1.5,,,,
4.75,1,Atta_1,214.9,298.7,272.4,29.8,2.5,,,,
4.75,2,Atta_2,169.3,519.9,272.7,-7.7,-0.7,,,,
4.75,3,Atta_3,220.0,698.0,276.8,47.3,6.2,,,,
4.75,4,Atta_4,196.9,1046.4,272.7,45.8,2.7,,,,
4.75,5,Atta_5,160.4,1244.4,268.4,65.6,-4.6,,,,
4.75,6,Atta_6,223.2,1530.6,274.3,15.1,-1.9,,,,
4.75,7,Atta_7,241.5,1748.3,272.8,68.6,-2.8,,,,
4.75,8,Atta_8,192.6,1957.1,270.6,42.3,2.4,,,,
4.75,9,Atta_9,235.5,2264.5,271.8,-80.6,0.5,,,,
4.75,10,Atta_10,218.8,2491.0,275.8,-39.2,3.4,,,,
4.867,1,Atta_1,218.2,251.3,272.0,47.5,-0.4,,,,
4.867,2,Atta_2,171.3,506.7,271.9,13.4,-0.8,,,,
4.867,3,Atta_3,189.4,744.2,283.0,-55.4,6.2,,,,
4.867,4,Atta_4,198.7,1037.6,274.3,9.0,1.6,,,,
4.867,5,Atta_5,194.4,1284.0,273.5,-52.2,5.1,,,,
4.867,6,Atta_6,235.2,1555.0,268.8,-27.2,-5.5,,,,
4.867,7,Atta_7,190.8,1730.2,272.6,53.8,-0.2,,,,
4.867,8,Atta_8,212.3,2011.0,274.8,-57.4,4.2,,,,
4.867,9,Atta_9,229.3,2256.4,265.7,10.2,-6.1,,,,
4.867,10,Atta_10,169.6,2479.3,271.7,50.6,-4.1,,,,
4.934,1,Atta_1,219.5,230.4,272.2,20.9,0.2,,,,
4.934,2,Atta_2,215.7,446.8,271.6,74.6,-0.3,,,,
4.934,3,Atta_3,180.3,794.5,280.4,-51.1,-2.6,,,,
4.934,4,Atta_4,160.3,969.1,273.8,78.5,-0.5,,,,
4.934,5,Atta_5,201.8,1224.9,271.8,59.6,-1.7,,,,
4.934,6,Atta_6,219.7,1514.7,272.3,43.2,3.5,,,,
4.934,7,Atta_7,186.4,1778.7,270.5,-48.7,-2.1,,,,
4.934,8,Atta_8,197.1,2005.1,273.4,16.3,-1.4,,,,
4.934,9,Atta_9,127.1,2245.8,265.6,102.7,-0.1,,,,
4.934,10,Atta_10,224.4,2475.7,273.1,54.9,1.4,,,,
4.992,1,Atta_1,179.2,264.3,271.1,-52.7,-1.1,,,,
4.992,2,Atta_2,196.3,442.7,271.1,19.8,-0.5,,,,
4.992,3,Atta_3,166.2,776.0,289.4,23.3,9.0,,,,
4.992,4,Atta_4,140.1,1008.4,270.3,-44.2,-3.5,,,,
4.992,5,Atta_5,161.2,1169.4,272.9,68.8,1.1,,,,
4.992,6,Atta_6,273.0,1477.5,273.5,65.0,1.2,,,,
4.992,7,Atta_7,232.3,1737.8,275.7,61.5,5.2,,,,
4.992,8,Atta_8,189.2,1951.2,274.1,54.5,0.7,,,,
4.992,9,Atta_9,217.8,2239.5,258.8,-90.9,-6.8,,,,
4.992,10,Atta_10,190.6,2447.6,273.6,44.0,0.5,,,,
5.064,1,Atta_1,225.2,209.5,274.4,71.5,3.3,,,,
5.064,2,Atta_2,210.5,458.3,271.3,-21.1,0.2,,,,
5.064,3,Atta_3,176.7,797.8,292.4,-24.2,3.0,,,,
5.064,4,Atta_4,235.8,973.4,274.2,101.9,3.9,,,,
5.064,5,Atta_5,221.9,1218.7,277.2,-78.2,4.3,,,,
5.064,6,Atta_6,217.7,1453.3,275.8,60.4,2.3,,,,
5.064,7,Atta_7,223.6,1712.8,273.2,26.5,-2.5,,,,
5.064,8,Atta_8,251.0,1996.6,272.6,-76.7,-1.5,,,,
5.064,9,Atta_9,180.2,2302.2,252.6,-73.1,-6.2,,,,
5.064,10,Atta_10,181.1,2457.9,277.3,-14.0,3.7,,,,
5.118,1,Atta_1,158.6,168.0,271.6,78.5,-2.8,,,,
5.118,2,Atta_2,160.7,490.5,272.1,-59.3,0.8,,,,
5.118,3,Atta_3,185.0,790.2,296.0,11.3,3.6,,,,
5.118,4,Atta_4,209.4,963.0,272.2,28.4,-2.0,,,,
5.118,5,Atta_5,207.9,1219.2,272.1,-14.0,-5.1,,,,
5.118,6,Atta_6,290.4,1477.0,271.3,-76.5,-4.5,,,,
5.118,7,Atta_7,249.9,1690.1,271.3,34.7,-1.9,,,,
5.118,8,Atta_8,229.9,1954.4,270.4,47.2,-2.2,,,,
5.118,9,Atta_9,242.8,2252.0,243.5,80.2,-9.1,,,,
5.118,10,Atta_10,209.5,2471.7,271.1,-31.6,-6.2,,,,
5.185,1,Atta_1,194.3,236.2,272.6,-77.0,1.0,,,,
5.185,2,Atta_2,177.4,484.9,274.1,17.6,2.0,,,,
5.185,3,Atta_3,138.2,779.3,302.3,-48.1,6.3,,,,
5.185,4,Atta_4,195.6,910.1,272.5,54.7,0.3,,,,
5.185,5,Atta_5,171.5,1216.3,272.1,36.5,0.0,,,,
5.185,6,Atta_6,193.4,1441.8,267.8,103.2,-3.5,,,,
5.185,7,Atta_7,148.0,1697.7,278.0,-102.2,6.7,,,,
5.185,8,Atta_8,201.8,1948.5,270.3,28.7,-0.1,,,,
5.185,9,Atta_9,211.7,2256.5,248.1,31.4,4.6,,,,
5.185,10,Atta_10,181.2,2479.1,271.6,-29.3,0.5,,,,
5.253,1,Atta_1,224.5,182.9,270.7,61.3,-1.9,,,,
5.253,2,Atta_2,171.4,455.7,273.1,29.8,-1.0,,,,
5.253,3,Atta_3,165.1,777.3,303.9,27.0,1.6,,,,
5.253,4,Atta_4,204.6,960.2,270.2,-50.9,-2.3,,,,
5.253,5,Atta_5,233.0,1199.9,270.2,63.6,-1.9,,,,
5.253,6,Atta_6,206.7,1446.8,274.3,-14.2,6.5,,,,
5.253,7,Atta_7,197.0,1711.4,273.5,-50.9,-4.5,,,,
5.253,8,Atta_8,192.1,1911.1,275.4,38.6,5.1,,,,
5.253,9,Atta_9,258.9,2227.2,240.8,55.6,-7.3,,,,
5.253,10,Atta_10,177.4,2473.9,274.1,6.4,2.5,,,,
5.319,1,Atta_1,208.4,161.8,269.8,26.5,-0.9,,,,
5.319,2,Atta_2,192.9,430.5,272.6,33.1,-0.5,,,,
5.319,3,Atta_3,161.8,766.9,312.8,10.9,8.9,,,,
5.319,4,Atta_4,214.4,886.0,272.5,74.8,2.3,,,,
5.319,5,Atta_5,222.7,1166.8,270.9,34.7,0.7,,,,
5.319,6,Atta_6,183.7,1475.0,273.7,-36.4,-0.6,,,,
5.319,7,Atta_7,213.0,1655.6,270.4,58.0,-3.1,,,,
5.319,8,Atta_8,241.7,1986.7,271.4,-90.4,-4.0,,,,
5.319,9,Atta_9,149.7,2276.3,236.3,119.7,-4.5,,,,
5.319,10,Atta_10,170.5,2435.2,273.8,39.3,-0.3,,,,
5.387,1,Atta_1,227.4,136.2,277.1,31.9,7.3,,,,
5.387,2,Atta_2,261.4,424.0,274.6,68.8,2.0,,,,
5.387,3,Atta_3,197.4,812.7,313.2,-58.0,0.4,,,,
5.387,4,Atta_4,227.1,933.9,270.7,-49.6,-1.8,,,,
5.387,5,Atta_5,183.9,1163.4,271.0,38.9,0.1,,,,
5.387,6,Atta_6,176.7,1350.2,272.6,125.0,-1.1,,,,
5.387,7,Atta_7,156.1,1659.2,274.7,-57.0,4.3,,,,
5.387,8,Atta_8,197.2,1939.7,269.5,64.7,-1.9,,,,
5.387,9,Atta_9,188.1,2261.7,229.4,-41.1,-6.9,,,,
5.387,10,Atta_10,204.7,2393.0,273.9,54.3,0.1,,,,
5.448,1,Atta_1,251.4,122.1,271.8,27.8,-5.3,,,,
5.448,2,Atta_2,199.7,372.9,273.0,80.1,-1.6,,,,
5.448,3,Atta_3,168.7,758.8,318.2,61.1,5.0,,,,
5.448,4,Atta_4,236.3,907.7,275.9,27.8,5.2,,,,
5.448,5,Atta_5,238.2,1120.9,271.7,69.0,0.7,,,,
5.448,6,Atta_6,239.2,1393.9,274.8,-76.3,2.2,,,,
5.448,7,Atta_7,202.9,1662.1,269.8,46.9,-4.9,,,,
5.448,8,Atta_8,182.7,1898.5,273.1,43.7,3.6,,,,
5.448,9,Atta_9,184.4,2267.8,231.7,-7.1,2.3,,,,
5.448,10,Atta_10,196.3,2396.5,272.7,-9.1,-1.2,,,,
5.517,1,Atta_1,224.0,228.5,270.1,-109.9,-1.7,,,,
5.517,2,Atta_2,183.0,448.7,274.7,-77.6,1.7,,,,
5.517,3,Atta_3,163.4,835.2,323.7,-76.6,5.5,,,,
5.517,4,Atta_4,159.9,922.1,270.4,-77.7,-5.5,,,,
5.517,5,Atta_5,195.4,1132.3,278.0,-44.3,6.3,,,,
5.517,6,Atta_6,182.9,1416.4,272.1,-60.6,-2.7,,,,
5.517,7,Atta_7,184.5,1641.9,269.0,27.3,-0.8,,,,
5.517,8,Atta_8,192.1,1852.2,272.6,47.2,-0.5,,,,
5.517,9,Atta_9,123.0,2239.5,231.7,67.6,0.0,,,,
5.517,10,Atta_10,191.4,2415.9,271.3,-20.0,-1.4,,,,
5.587,1,Atta_1,224.2,131.4,273.2,97.1,3.1,,,,
5.587,2,Atta_2,211.6,434.2,272.5,32.1,-2.2,,,,
5.587,3,Atta_3,172.9,739.1,329.8,96.6,6.1,,,,
5.587,4,Atta_4,209.1,968.3,272.7,-67.5,2.3,,,,
5.587,5,Atta_5,173.5,1097.3,274.0,41.3,-4.0,,,,
5.587,6,Atta_6,206.3,1392.3,273.8,33.6,1.7,,,,
5.587,8,Atta_8,242.3,1913.5,269.9,-79.2,-2.7,,,,
5.587,9,Atta_9,228.0,2225.9,231.7,-105.9,0.0,,,,
5.587,10,Atta_10,198.1,2449.0,273.9,-33.8,2.6,,,,
5.653,1,Atta_1,217.1,69.6,272.4,62.2,-0.8,,,,
5.653,2,Atta_2,239.8,398.7,272.3,45.3,-0.2,,,,
5.653,3,Atta_3,181.6,770.6,334.2,-32.7,4.4,,,,
5.653,4,Atta_4,229.4,998.1,271.5,-36.1,-1.2,,,,
5.653,5,Atta_5,152.1,1141.7,273.6,-49.3,-0.4,,,,
5.653,6,Atta_6,200.7,1423.1,269.5,-31.3,-4.3,,,,
5.653,7,Atta_7,198.1,1613.6,275.3,31.4,6.3,,,,
5.653,8,Atta_8,213.4,1857.0,271.3,63.5,1.4,,,,
5.653,9,Atta_9,174.0,2242.1,234.3,56.4,2.6,,,,
5.653,10,Atta_10,204.8,2534.4,272.2,-85.7,-1.7,,,,
5.721,1,Atta_1,186.0,107.8,272.4,-49.3,0.0,,,,
5.721,2,Atta_2,194.5,433.9,272.3,-57.4,0.0,,,,
5.721,3,Atta_3,203.2,776.7,330.8,22.4,-3.4,,,,
5.721,4,Atta_4,255.7,959.8,272.9,46.5,1.4,,,,
5.721,5,Atta_5,152.3,1112.8,275.3,28.9,1.7,,,,
5.721,6,Atta_6,211.2,1347.6,273.0,76.2,3.5,,,,
5.721,7,Atta_7,190.6,1595.1,272.5,20.0,-2.8,,,,
5.721,8,Atta_8,153.5,1846.0,271.2,60.9,-0.1,,,,
5.721,9,Atta_9,162.3,2318.8,228.5,-77.6,-5.8,,,,
5.721,10,Atta_10,241.9,2459.6,271.6,83.5,-0.6,,,,
5.846,1,Atta_1,226.0,90.2,272.3,43.7,-0.1,,,,
5.846,2,Atta_2,179.6,252.8,271.3,181.7,-1.0,,,,
5.846,3,Atta_3,198.7,755.2,332.4,22.0,1.6,,,,
5.846,4,Atta_4,192.2,968.4,273.2,-64.1,0.3,,,,
5.846,5,Atta_5,189.2,1123.3,273.6,-38.4,-1.7,,,,
5.846,6,Atta_6,236.5,1318.3,275.1,38.7,2.1,,,,
5.846,7,Atta_7,169.5,1572.4,274.3,31.0,1.8,,,,
5.846,8,Atta_8,243.1,1861.9,273.0,-91.0,1.8,,,,
5.846,9,Atta_9,174.5,2257.6,230.3,62.4,1.8,,,,
5.846,10,Atta_10,196.6,2508.1,273.0,-66.4,1.4,,,,
5.897,1,Atta_1,236.1,71.8,270.0,21.0,-2.3,,,,
5.897,2,Atta_2,226.0,327.4,270.6,-87.9,-0.7,,,,
5.897,3,Atta_3,204.0,769.2,324.4,-15.0,-8.0,,,,
5.897,4,Atta_4,174.3,980.2,271.5,-21.4,-1.7,,,,
5.897,5,Atta_5,212.7,1106.2,275.0,29.1,1.4,,,,
5.897,6,Atta_6,172.7,1345.4,271.7,-69.3,-3.4,,,,
5.897,7,Atta_7,185.1,1563.8,274.5,17.8,0.2,,,,
5.897,8,Atta_8,227.7,1812.0,271.4,52.2,-1.6,,,,
5.897,9,Atta_9,212.5,2253.2,227.6,-38.3,-2.7,,,,
5.897,10,Atta_10,162.3,2514.5,275.5,-34.9,2.5,,,,
5.966,1,Atta_1,246.3,118.6,270.7,-47.9,0.7,,,,
5.966,2,Atta_2,246.2,332.5,269.7,-20.8,-0.9,,,,
5.966,3,Atta_3,211.2,789.1,332.3,-21.2,7.9,,,,
5.966,4,Atta_4,191.3,1051.5,280.6,-73.3,9.1,,,,
5.966,5,Atta_5,245.8,1115.9,274.9,-34.5,-0.1,,,,
5.966,6,Atta_6,223.0,1353.5,274.6,-50.9,2.9,,,,
5.966,7,Atta_7,227.3,1593.6,273.4,-51.7,-1.1,,,,
5.966,8,Atta_8,207.5,1800.9,270.1,23.0,-1.3,,,,
5.966,9,Atta_9,158.0,2215.4,232.8,66.3,5.2,,,,
5.966,10,Atta_10,237.3,2462.8,282.2,91.1,6.7,,,,
6.036,1,Atta_1,240.5,85.7,275.1,33.4,4.4,,,,
6.036,2,Atta_2,188.6,277.3,270.9,79.8,1.2,,,,
6.036,3,Atta_3,199.7,761.5,325.5,29.9,-6.8,,,,
6.036,4,Atta_4,240.1,995.6,283.6,74.2,3.0,,,,
6.036,5,Atta_5,217.8,1234.9,274.8,-122.2,-0.1,,,,
6.036,6,Atta_6,203.9,1305.7,272.8,51.5,-1.8,,,,
6.036,7,Atta_7,207.1,1549.8,274.3,48.2,0.9,,,,
6.036,8,Atta_8,216.8,1810.8,271.3,-13.6,1.2,,,,
6.036,9,Atta_9,194.7,2271.4,232.3,-67.0,-0.5,,,,
6.036,10,Atta_10,202.2,2504.6,281.5,-54.6,-0.7,,,,
6.091,1,Atta_1,212.4,138.1,269.9,-59.5,-5.2,,,,
6.091,2,Atta_2,171.2,295.5,271.0,-25.2,0.1,,,,
6.091,3,Atta_3,275.1,756.1,327.5,75.6,2.0,,,,
6.091,4,Atta_4,231.7,1019.4,287.7,-25.2,4.1,,,,
6.091,5,Atta_5,165.8,1137.0,274.7,110.9,-0.1,,,,
6.091,6,Atta_6,206.7,1354.4,274.2,-48.8,1.4,,,,
6.091,7,Atta_7,191.8,1528.4,274.7,26.3,0.4,,,,
6.091,8,Atta_8,197.9,1786.2,271.1,31.0,-0.2,,,,
6.091,9,Atta_9,145.5,2219.1,230.4,71.8,-1.9,,,,
6.091,10,Atta_10,133.2,2539.0,288.3,-77.1,6.8,,,,
6.157,1,Atta_1,186.3,181.4,273.3,-50.6,3.4,,,,
6.157,2,Atta_2,265.4,278.1,271.7,95.8,0.7,,,,
6.157,3,Atta_3,261.2,741.5,327.5,-20.2,0.0,,,,
6.157,4,Atta_4,256.3,1028.9,294.0,-26.4,6.3,,,,
6.157,5,Atta_5,223.9,1211.7,268.7,-94.6,-6.0,,,,
6.157,6,Atta_6,140.9,1376.7,275.2,-69.5,1.0,,,,
6.157,7,Atta_7,229.0,1532.3,270.5,-37.4,-4.2,,,,
6.157,8,Atta_8,182.9,1808.1,272.8,-26.5,1.7,,,,
6.157,9,Atta_9,147.8,2235.3,227.8,-16.4,-2.6,,,,
6.157,10,Atta_10,240.2,2474.9,292.7,124.7,4.4,,,,
6.224,1,Atta_1,246.9,131.2,273.7,78.7,0.4,,,,
6.224,2,Atta_2,189.0,274.5,269.9,76.5,-1.8,,,,
6.224,3,Atta_3,253.5,757.9,331.2,-18.1,3.7,,,,
6.224,4,Atta_4,187.5,964.8,294.8,94.0,0.8,,,,
6.224,5,Atta_5,146.3,1188.8,275.6,80.9,6.9,,,,
6.224,6,Atta_6,212.9,1329.5,271.2,86.1,-4.0,,,,
6.224,7,Atta_7,224.8,1562.7,273.2,-30.7,2.7,,,,
6.224,8,Atta_8,193.2,1796.8,272.3,15.3,-0.5,,,,
6.224,9,Atta_9,107.6,2224.5,229.6,41.6,1.8,,,,
6.224,10,Atta_10,171.7,2514.8,300.3,-79.3,7.6,,,,
6.29,1,Atta_1,244.2,186.8,271.7,-55.7,-2.0,,,,
6.29,2,Atta_2,146.6,257.6,272.5,45.6,2.6,,,,
6.29,3,Atta_3,276.7,753.7,326.3,23.6,-4.9,,,,
6.29,4,Atta_4,216.5,979.4,298.9,-32.5,4.1,,,,
6.29,5,Atta_5,172.1,1169.9,282.1,32.0,6.5,,,,
6.29,6,Atta_6,251.2,1390.4,272.2,-71.9,1.0,,,,
6.29,7,Atta_7,225.1,1519.2,273.7,43.5,0.5,,,,
6.29,8,Atta_8,197.2,1769.1,275.4,28.0,3.1,,,,
6.29,9,Atta_9,125.1,2152.2,229.0,74.4,-0.6,,,,
6.29,10,Atta_10,177.3,2547.1,300.2,-32.8,-0.1,,,,
6.356,1,Atta_1,205.1,153.5,278.0,51.4,6.3,,,,
6.356,2,Atta_2,193.0,361.1,274.5,-113.4,2.0,,,,
6.356,3,Atta_3,212.2,750.9,330.6,-64.6,4.3,,,,
6.356,4,Atta_4,178.1,942.5,304.1,53.3,5.2,,,,
6.356,5,Atta_5,173.6,1201.5,285.5,-31.6,3.4,,,,
6.356,6,Atta_6,220.0,1360.7,274.6,43.1,2.4,,,,
6.356,7,Atta_7,199.8,1532.7,273.6,-28.7,-0.1,,,,
6.356,8,Atta_8,245.2,1759.9,272.6,48.9,-2.8,,,,
6.356,9,Atta_9,95.1,2209.3,231.4,-64.5,2.4,,,,
6.356,10,Atta_10,185.8,2479.2,306.2,68.4,6.0,,,,
6.425,1,Atta_1,197.4,162.6,279.4,-11.9,1.4,,,,
6.425,2,Atta_2,211.4,334.3,274.9,32.5,0.4,,,,
6.425,3,Atta_3,246.7,756.4,333.3,34.9,2.7,,,,
6.425,4,Atta_4,224.7,968.2,310.8,53.2,6.7,,,,
6.425,5,Atta_5,188.1,1239.0,285.9,-40.2,0.4,,,,
6.425,6,Atta_6,167.8,1367.7,269.8,-52.7,-4.8,,,,
6.425,7,Atta_7,211.0,1494.6,273.1,39.7,-0.5,,,,
6.425,8,Atta_8,259.1,1786.9,271.5,-30.4,-1.1,,,,
6.425,9,Atta_9,138.7,2143.6,226.7,78.9,-4.7,,,,
6.425,10,Atta_10,211.3,2466.9,309.0,28.3,2.8,,,,
6.494,1,Atta_1,199.8,182.2,286.2,-19.7,6.8,,,,
6.494,2,Atta_2,252.6,342.4,271.7,-42.0,-3.2,,,,
6.494,3,Atta_3,297.6,747.3,329.2,51.7,-4.1,,,,
6.494,4,Atta_4,205.7,1024.8,310.7,-59.7,-0.1,,,,
6.494,5,Atta_5,190.2,1195.9,289.2,43.2,3.3,,,,
6.494,6,Atta_6,259.5,1366.7,275.7,91.7,5.9,,,,
6.494,7,Atta_7,193.2,1557.7,270.9,-65.6,-2.2,,,,
6.494,8,Atta_8,142.5,1752.0,271.8,121.7,0.3,,,,
6.494,9,Atta_9,166.3,2145.6,226.7,-27.7,0.0,,,,
6.494,10,Atta_10,185.8,2490.9,311.4,-35.0,2.4,,,,
6.564,1,Atta_1,154.6,161.0,289.4,49.9,3.2,,,,
6.564,2,Atta_2,212.8,396.1,271.6,-66.8,-0.1,,,,
6.564,3,Atta_3,256.8,662.7,330.7,93.9,1.5,,,,
6.564,4,Atta_4,201.6,1028.5,318.2,-5.5,7.5,,,,
6.564,5,Atta_5,207.2,1231.6,300.3,-39.5,11.1,,,,
6.564,6,Atta_6,241.0,1416.3,275.7,-52.9,0.0,,,,
6.564,7,Atta_7,152.2,1584.9,271.6,-49.2,0.7,,,,
6.564,8,Atta_8,186.3,1672.9,274.5,90.4,2.7,,,,
6.564,9,Atta_9,77.0,2124.8,228.1,91.7,1.4,,,,
6.564,10,Atta_10,197.0,2503.3,321.4,-16.7,10.0,,,,
6.629,1,Atta_1,198.5,189.3,291.1,-52.2,1.7,,,,
6.629,2,Atta_2,191.3,393.4,271.0,21.7,-0.6,,,,
6.629,3,Atta_3,304.0,703.9,329.3,62.7,-1.4,,,,
6.629,4,Atta_4,248.2,1010.8,320.9,49.8,2.7,,,,
6.629,5,Atta_5,233.5,1217.3,299.8,29.9,-0.5,,,,
6.629,6,Atta_6,206.3,1394.8,282.3,40.8,6.6,,,,
6.629,7,Atta_7,188.2,1521.7,274.0,72.7,2.4,,,,
6.629,8,Atta_8,208.5,1766.1,269.0,-95.8,-5.5,,,,
6.629,9,Atta_9,104.5,2199.2,231.7,-79.3,3.6,,,,
6.629,10,Atta_10,238.6,2483.1,324.1,46.2,2.7,,,,
6.7,1,Atta_1,148.3,168.7,299.4,54.3,8.3,,,,
6.7,2,Atta_2,220.3,398.1,275.3,-29.4,4.3,,,,
6.7,3,Atta_3,318.3,722.0,329.8,23.1,0.5,,,,
6.7,4,Atta_4,234.8,968.5,325.9,44.4,5.0,,,,
6.7,5,Atta_5,193.0,1201.7,309.2,-43.4,9.4,,,,
6.7,6,Atta_6,229.7,1370.8,287.2,33.5,4.9,,,,
6.7,7,Atta_7,185.8,1529.3,271.6,-8.0,-2.4,,,,
6.7,8,Atta_8,200.1,1762.9,272.5,9.0,3.5,,,,
6.7,9,Atta_9,101.2,2146.0,232.7,53.3,1.0,,,,
6.7,10,Atta_10,162.8,2491.6,328.1,-76.3,4.0,,,,
6.77,1,Atta_1,194.8,139.4,306.8,55.0,7.4,,,,
6.77,2,Atta_2,221.8,388.5,279.7,9.7,4.4,,,,
6.77,3,Atta_3,298.6,655.8,329.7,69.1,-0.1,,,,
6.77,4,Atta_4,271.1,986.1,326.4,40.3,0.5,,,,
6.77,5,Atta_5,188.5,1178.2,312.1,23.9,2.9,,,,
6.77,6,Atta_6,211.2,1400.3,292.6,-34.8,5.4,,,,
6.77,7,Atta_7,199.5,1591.5,276.4,-63.7,4.8,,,,
6.77,8,Atta_8,232.9,1722.8,273.5,51.8,1.0,,,,
6.77,9,Atta_9,89.3,2125.0,223.9,24.1,-8.8,,,,
6.77,10,Atta_10,208.8,2474.4,329.2,49.1,1.1,,,,
6.825,1,Atta_1,197.6,229.5,311.6,-90.1,4.8,,,,
6.825,2,Atta_2,218.5,376.2,282.7,12.7,3.0,,,,
6.825,3,Atta_3,375.8,668.0,329.8,78.2,0.1,,,,
6.825,4,Atta_4,134.2,1015.7,326.5,-140.1,0.1,,,,
6.825,5,Atta_5,177.8,1192.4,315.3,-17.8,3.2,,,,
6.825,6,Atta_6,232.2,1379.5,296.0,29.6,3.4,,,,
6.825,7,Atta_7,227.6,1620.9,272.7,-40.7,-3.7,,,,
6.825,8,Atta_8,197.9,1731.9,273.3,-36.2,-0.2,,,,
6.825,9,Atta_9,100.7,2113.6,223.3,-16.1,-0.6,,,,
6.825,10,Atta_10,179.7,2517.1,328.3,-51.7,-0.9,,,,
6.894,1,Atta_1,236.9,159.8,316.0,80.0,4.4,,,,
6.894,2,Atta_2,184.9,418.6,286.3,-54.1,3.6,,,,
6.894,3,Atta_3,328.4,696.7,328.3,-55.4,-1.5,,,,
6.894,4,Atta_4,214.5,980.4,328.7,87.7,2.2,,,,
6.894,5,Atta_5,205.5,1243.0,321.5,-57.7,6.2,,,,
6.894,6,Atta_6,167.1,1360.9,298.4,-67.7,2.4,,,,
6.894,7,Atta_7,191.0,1563.0,279.5,68.5,6.8,,,,
6.894,8,Atta_8,131.8,1737.7,275.9,-66.4,2.6,,,,
6.894,9,Atta_9,120.7,2161.5,230.0,-51.9,6.7,,,,
6.894,10,Atta_10,193.8,2458.4,327.5,60.4,-0.8,,,,
6.963,1,Atta_1,178.6,170.1,314.8,-59.2,-1.2,,,,
6.963,2,Atta_2,254.1,350.2,293.5,97.3,7.2,,,,
6.963,3,Atta_3,410.5,713.2,330.4,83.7,2.1,,,,
6.963,4,Atta_4,231.8,999.7,331.0,25.9,2.3,,,,
6.963,5,Atta_5,189.0,1205.7,323.2,40.8,1.7,,,,
6.963,6,Atta_6,218.5,1388.5,301.0,58.3,2.6,,,,
6.963,7,Atta_7,203.8,1546.6,282.9,20.8,3.4,,,,
6.963,8,Atta_8,210.9,1748.7,270.1,-79.9,-5.8,,,,
6.963,9,Atta_9,113.7,2211.9,226.3,-50.9,-3.7,,,,
6.963,10,Atta_10,199.8,2485.0,332.6,-27.3,5.1,,,,
7.032,1,Atta_1,211.6,153.0,322.7,37.2,7.9,,,,
7.032,2,Atta_2,207.0,340.4,301.4,-48.1,7.9,,,,
7.032,3,Atta_3,404.8,718.8,329.3,-8.0,-1.1,,,,
7.032,4,Atta_4,216.1,1048.8,331.1,-51.5,0.1,,,,
7.032,5,Atta_5,141.0,1170.8,326.8,-59.3,3.6,,,,
7.032,6,Atta_6,186.2,1337.9,308.2,60.0,7.2,,,,
7.032,7,Atta_7,205.8,1601.5,286.0,-54.9,3.1,,,,
7.032,8,Atta_8,177.9,1729.3,274.3,38.3,4.2,,,,
7.032,9,Atta_9,155.5,2150.0,226.0,74.7,-0.3,,,,
7.032,10,Atta_10,206.3,2476.7,331.5,10.5,-1.1,,,,
7.099,1,Atta_1,187.4,151.5,327.5,-24.2,4.8,,,,
7.099,2,Atta_2,176.3,341.9,303.4,-30.7,2.0,,,,
7.099,3,Atta_3,342.4,715.7,327.5,-62.5,-1.8,,,,
7.099,4,Atta_4,212.3,1003.9,328.5,45.1,-2.6,,,,
7.099,5,Atta_5,162.3,1184.0,328.5,25.1,1.7,,,,
7.099,6,Atta_6,169.6,1334.4,314.4,-17.0,6.2,,,,
7.099,7,Atta_7,150.9,1595.5,291.4,-55.2,5.4,,,,
7.099,8,Atta_8,242.4,1767.5,270.3,-75.0,-4.0,,,,
7.099,9,Atta_9,107.0,2182.4,225.7,58.3,-0.3,,,,
7.099,10,Atta_10,210.8,2547.4,330.5,-70.8,-1.0,,,,
7.22,1,Atta_1,205.8,163.1,329.3,21.8,1.8,,,,
7.22,2,Atta_2,248.0,389.7,305.9,-86.2,2.5,,,,
7.22,3,Atta_3,419.4,685.9,330.8,82.6,3.3,,,,
7.22,4,Atta_4,223.5,940.7,329.4,64.2,0.9,,,,
7.22,5,Atta_5,199.0,1194.5,330.2,38.2,1.7,,,,
7.22,6,Atta_6,268.7,1414.7,316.4,127.5,2.0,,,,
7.22,7,Atta_7,190.2,1563.5,294.7,50.7,3.3,,,,
7.22,8,Atta_8,159.3,1742.8,274.7,86.7,4.4,,,,
7.22,9,Atta_9,144.6,2208.9,226.0,-46.0,0.3,,,,
7.22,10,Atta_10,213.0,2511.3,331.6,36.2,1.1,,,,
7.289,1,Atta_1,194.2,217.7,331.7,-55.8,2.4,,,,
7.289,2,Atta_2,189.6,333.9,319.1,80.8,13.2,,,,
7.289,3,Atta_3,347.6,643.4,327.6,-83.4,-3.2,,,,
7.289,4,Atta_4,183.1,980.1,330.4,-56.4,1.0,,,,
7.289,5,Atta_5,165.1,1149.2,329.0,-56.6,-1.2,,,,
7.289,6,Atta_6,208.4,1393.1,323.2,-64.1,6.8,,,,
7.289,7,Atta_7,210.0,1628.6,305.6,-68.0,10.9,,,,
7.289,8,Atta_8,210.2,1780.2,280.1,-63.2,5.4,,,,
7.289,9,Atta_9,93.1,2163.0,235.4,69.0,9.4,,,,
7.289,10,Atta_10,187.0,2465.5,327.6,-52.7,-4.0,,,,
7.357,1,Atta_1,176.3,209.6,332.2,-19.6,0.5,,,,
7.357,2,Atta_2,215.7,405.9,321.3,-76.6,2.2,,,,
7.357,3,Atta_3,425.1,635.9,331.8,77.9,4.2,,,,
7.357,4,Atta_4,227.6,972.1,331.5,45.2,1.1,,,,
7.357,5,Atta_5,139.7,1264.7,327.6,-118.3,-1.4,,,,
7.357,6,Atta_6,217.8,1374.4,329.2,20.9,6.0,,,,
7.357,7,Atta_7,216.4,1620.3,309.1,10.5,3.5,,,,
7.357,8,Atta_8,176.4,1811.8,283.5,-46.3,3.4,,,,
7.357,9,Atta_9,155.5,2204.1,234.3,-74.7,-1.1,,,,
7.357,10,Atta_10,194.1,2427.6,329.2,38.6,1.6,,,,
7.487,1,Atta_1,195.1,139.3,328.4,72.8,-3.8,,,,
7.487,2,Atta_2,166.5,385.8,324.6,-53.1,3.3,,,,
7.487,3,Atta_3,422.5,591.5,327.3,44.5,-4.5,,,,
7.487,4,Atta_4,296.7,953.4,325.8,71.6,-5.7,,,,
7.487,5,Atta_5,221.1,1180.7,330.6,117.0,3.0,,,,
7.487,6,Atta_6,205.1,1429.8,331.0,-56.8,1.8,,,,
7.487,7,Atta_7,237.1,1564.5,313.3,59.5,4.2,,,,
7.487,8,Atta_8,216.7,1771.7,291.8,56.9,8.3,,,,
7.487,9,Atta_9,144.4,2158.0,239.6,47.4,5.3,,,,
7.487,10,Atta_10,281.6,2415.0,331.0,88.4,1.8,,,,
7.556,1,Atta_1,187.4,150.5,328.5,-13.6,0.1,,,,
7.556,2,Atta_2,201.4,358.3,328.2,44.4,3.6,,,,
7.556,3,Atta_3,461.1,654.5,329.1,-73.9,1.8,,,,
7.556,4,Atta_4,317.5,983.0,329.4,36.2,3.6,,,,
7.556,5,Atta_5,152.5,1138.4,329.3,-80.6,-1.3,,,,
7.556,6,Atta_6,193.3,1322.0,328.5,108.4,-2.5,,,,
7.556,7,Atta_7,197.3,1572.2,318.3,-40.5,5.0,,,,
7.556,8,Atta_8,202.9,1774.1,295.1,-14.0,3.3,,,,
7.556,9,Atta_9,135.4,2186.8,240.7,-30.2,1.1,,,,
7.556,10,Atta_10,234.5,2408.2,328.7,-47.6,-2.3,,,,
7.61,2,Atta_2,165.0,392.1,332.4,-49.7,4.2,,,,
7.61,3,Atta_3,403.4,640.9,330.3,-59.3,1.2,,,,
7.61,4,Atta_4,299.1,950.0,331.2,37.8,1.8,,,,
7.61,5,Atta_5,253.7,1204.4,331.4,120.8,2.1,,,,
7.61,6,Atta_6,218.8,1373.2,328.7,-57.2,0.2,,,,
7.61,7,Atta_7,192.1,1597.1,323.7,-25.4,5.4,,,,
7.61,8,Atta_8,203.0,1782.2,296.6,-8.1,1.5,,,,
7.61,9,Atta_9,181.0,2208.1,251.2,-50.3,10.5,,,,
7.61,10,Atta_10,317.5,2522.2,328.2,141.0,-0.5,,,,
7.679,1,Atta_1,214.2,176.4,327.7,37.3,-0.8,,,,
7.679,2,Atta_2,160.1,357.1,328.7,35.3,-3.7,,,,
7.679,3,Atta_3,466.9,612.9,325.5,69.4,-4.8,,,,
7.679,4,Atta_4,316.0,924.0,330.7,31.0,-0.5,,,,
7.679,5,Atta_5,183.3,1165.9,331.3,-80.2,-0.1,,,,
7.679,6,Atta_6,148.7,1383.3,330.7,-70.8,2.0,,,,
7.679,7,Atta_7,194.0,1614.1,327.7,-17.1,4.0,,,,
7.679,8,Atta_8,215.7,1769.5,303.5,18.0,6.9,,,,
7.679,9,Atta_9,141.6,2210.3,257.1,39.5,5.9,,,,
7.679,10,Atta_10,309.8,2449.5,330.3,73.1,2.1,,,,
7.746,1,Atta_1,256.5,169.1,326.4,42.9,-1.3,,,,
7.746,2,Atta_2,157.5,398.3,332.2,-41.3,3.5,,,,
7.746,3,Atta_3,464.1,599.0,326.6,14.2,1.1,,,,
7.746,4,Atta_4,266.5,967.3,329.0,-65.8,-1.7,,,,
7.746,5,Atta_5,320.6,1191.9,330.3,139.7,-1.0,,,,
7.746,6,Atta_6,202.9,1456.2,327.3,90.8,-3.4,,,,
7.746,7,Atta_7,201.3,1588.4,330.4,26.7,2.7,,,,
7.746,8,Atta_8,225.8,1793.3,311.9,-25.9,8.4,,,,
7.746,9,Atta_9,151.0,2170.5,261.4,40.9,4.3,,,,
7.746,10,Atta_10,271.2,2426.4,331.2,-45.0,0.9,,,,
7.812,1,Atta_1,235.3,209.5,336.0,-45.6,9.6,,,,
7.812,2,Atta_2,198.9,365.5,329.3,52.8,-2.9,,,,
7.812,3,Atta_3,460.5,626.7,330.9,-27.9,4.3,,,,
7.812,4,Atta_4,243.9,927.1,327.3,46.1,-1.7,,,,
7.812,5,Atta_5,295.9,1091.0,329.9,103.9,-0.4,,,,
7.812,6,Atta_6,235.0,1403.4,327.2,61.8,-0.1,,,,
7.812,7,Atta_7,215.1,1527.4,329.7,62.5,-0.7,,,,
7.812,8,Atta_8,212.9,1737.4,313.4,57.4,1.5,,,,
7.812,9,Atta_9,184.2,2172.9,263.1,-33.3,1.7,,,,
7.812,10,Atta_10,339.6,2378.4,333.2,83.6,2.0,,,,
7.878,1,Atta_1,304.4,137.2,327.8,100.0,-8.2,,,,
7.878,2,Atta_2,139.7,387.3,324.1,-63.1,-5.2,,,,
7.878,3,Atta_3,451.6,609.8,334.7,19.1,3.8,,,,
7.878,4,Atta_4,344.0,971.5,325.8,109.5,-1.5,,,,
7.878,5,Atta_5,267.4,1135.7,331.4,-53.0,1.5,,,,
7.878,6,Atta_6,241.4,1394.6,328.7,10.9,1.5,,,,
7.878,7,Atta_7,219.8,1581.1,333.4,-53.9,3.7,,,,
7.878,8,Atta_8,257.0,1854.1,318.8,-124.8,5.4,,,,
7.878,9,Atta_9,101.3,2179.7,269.9,83.2,6.8,,,,
7.878,10,Atta_10,311.6,2405.2,325.2,-38.8,-8.0,,,,
7.943,1,Atta_1,283.0,169.6,335.1,-38.8,7.3,,,,
7.943,2,Atta_2,223.3,358.6,330.2,88.4,6.1,,,,
7.943,3,Atta_3,507.7,614.7,329.3,56.3,-5.4,,,,
7.943,4,Atta_4,337.6,932.9,322.2,39.1,-3.6,,,,
7.943,5,Atta_5,279.2,1127.0,332.2,14.7,0.8,,,,
7.943,6,Atta_6,227.4,1307.1,331.3,88.6,2.6,,,,
7.943,7,Atta_7,215.3,1611.0,329.4,-30.2,-4.0,,,,
7.943,8,Atta_8,159.5,1801.9,320.2,-110.6,1.4,,,,
7.943,9,Atta_9,135.0,2176.6,271.9,33.8,2.0,,,,
7.943,10,Atta_10,304.3,2434.5,323.9,-30.2,-1.3,,,,
8.012,1,Atta_1,288.9,142.5,333.2,27.7,-1.9,,,,
8.012,2,Atta_2,246.1,334.0,328.6,33.5,-1.6,,,,
8.012,3,Atta_3,538.5,631.3,333.1,35.0,3.8,,,,
8.012,4,Atta_4,319.3,936.4,315.2,-18.6,-7.0,,,,
8.012,5,Atta_5,266.8,1128.3,327.6,-12.5,-4.6,,,,
8.012,6,Atta_6,196.6,1374.8,329.9,-74.4,-1.4,,,,
8.012,7,Atta_7,233.6,1539.2,333.0,74.1,3.6,,,,
8.012,8,Atta_8,214.3,1806.7,330.3,55.0,10.1,,,,
8.012,9,Atta_9,208.0,2192.8,277.1,-74.8,5.2,,,,
8.012,10,Atta_10,326.6,2431.0,314.6,22.6,-9.3,,,,
8.081,1,Atta_1,241.0,139.9,332.4,-48.0,-0.8,,,,
8.081,2,Atta_2,241.5,368.1,328.6,-34.4,0.0,,,,
8.081,3,Atta_3,492.1,639.9,329.0,-47.2,-4.1,,,,
8.081,4,Atta_4,290.8,895.4,308.8,49.9,-6.4,,,,
8.081,5,Atta_5,325.0,1151.3,328.2,62.6,0.6,,,,
8.081,6,Atta_6,295.8,1401.3,326.7,102.7,-3.2,,,,
8.081,7,Atta_7,189.3,1598.4,329.3,-73.9,-3.7,,,,
8.081,8,Atta_8,168.5,1781.4,325.7,-52.3,-4.6,,,,
8.081,9,Atta_9,96.0,2208.3,282.9,-113.1,5.8,,,,
8.081,10,Atta_10,336.4,2441.1,311.7,-14.1,-2.9,,,,
8.148,1,Atta_1,318.7,119.9,332.9,80.2,0.5,,,,
8.148,2,Atta_2,292.1,359.5,330.7,51.3,2.1,,,,
8.148,4,Atta_4,286.0,953.1,306.0,-57.9,-2.8,,,,
8.148,5,Atta_5,311.6,1149.5,326.8,-13.5,-1.4,,,,
8.148,6,Atta_6,299.6,1369.1,329.0,32.4,2.3,,,,
8.148,7,Atta_7,241.9,1568.3,330.5,60.6,1.2,,,,
8.148,8,Atta_8,161.0,1748.0,330.4,34.2,4.7,,,,
8.148,9,Atta_9,112.3,2228.4,283.9,-25.9,1.0,,,,
8.148,10,Atta_10,308.2,2424.9,306.2,-32.5,-5.5,,,,
8.216,1,Atta_1,317.7,147.6,328.5,-27.7,-4.4,,,,
8.216,2,Atta_2,261.6,291.2,324.3,74.8,-6.4,,,,
8.216,3,Atta_3,550.4,632.5,327.6,58.8,-1.4,,,,
8.216,4,Atta_4,290.7,952.9,305.9,4.7,-0.1,,,,
8.216,5,Atta_5,307.0,1114.4,325.6,35.4,-1.2,,,,
8.216,6,Atta_6,234.3,1373.6,328.2,-65.5,-0.8,,,,
8.216,7,Atta_7,200.3,1569.4,329.9,-41.6,-0.6,,,,
8.216,8,Atta_8,207.5,1795.2,330.4,66.3,0.0,,,,
8.216,9,Atta_9,154.2,2214.7,287.5,44.1,3.6,,,,
8.216,10,Atta_10,234.1,2422.8,302.7,-74.1,-3.5,,,,
8.281,1,Atta_1,306.5,109.5,334.2,39.7,5.7,,,,
8.281,2,Atta_2,226.3,309.5,330.4,-39.8,6.1,,,,
8.281,3,Atta_3,532.6,614.6,331.1,-25.2,3.5,,,,
8.281,4,Atta_4,316.9,957.3,296.7,26.6,-9.2,,,,
8.281,5,Atta_5,316.8,1152.1,318.3,-39.0,-7.3,,,,
8.281,6,Atta_6,243.7,1332.5,328.9,42.2,0.7,,,,
8.281,7,Atta_7,222.2,1539.0,326.5,37.5,-3.4,,,,
8.281,8,Atta_8,198.2,1765.2,334.2,31.4,3.8,,,,
8.281,9,Atta_9,154.5,2194.8,283.3,19.9,-4.2,,,,
8.281,10,Atta_10,258.9,2471.7,297.5,-54.8,-5.2,,,,
8.348,1,Atta_1,332.5,86.9,341.3,34.4,7.1,,,,
8.348,2,Atta_2,260.0,300.6,329.0,34.9,-1.4,,,,
8.348,3,Atta_3,521.4,571.2,330.9,44.8,-0.2,,,,
8.348,4,Atta_4,326.6,900.2,293.8,57.9,-2.9,,,,
8.348,5,Atta_5,280.1,1096.2,314.8,66.9,-3.5,,,,
8.348,6,Atta_6,261.0,1336.5,328.2,17.8,-0.7,,,,
8.348,7,Atta_7,257.7,1541.2,329.2,35.6,2.7,,,,
8.348,8,Atta_8,223.6,1754.2,330.3,27.7,-3.9,,,,
8.348,9,Atta_9,100.4,2163.6,282.2,62.5,-1.1,,,,
8.348,10,Atta_10,285.7,2453.4,293.8,32.5,-3.7,,,,
8.418,1,Atta_1,277.8,73.1,346.7,-56.4,5.4,,,,
8.418,2,Atta_2,328.2,313.6,328.9,69.4,-0.1,,,,
8.418,3,Atta_3,506.9,526.0,326.1,47.5,-4.8,,,,
8.418,4,Atta_4,317.5,930.5,287.7,-31.6,-6.1,,,,
8.418,5,Atta_5,334.6,1132.0,308.7,65.2,-6.1,,,,
8.418,6,Atta_6,288.2,1374.1,329.3,46.4,1.1,,,,
8.418,7,Atta_7,261.1,1565.9,329.3,-24.9,0.1,,,,
8.418,8,Atta_8,208.8,1731.4,330.7,-27.2,0.4,,,,
8.418,9,Atta_9,157.0,2179.4,281.1,-58.8,-1.1,,,,
8.418,10,Atta_10,275.1,2450.0,289.6,-11.1,-4.2,,,,
8.488,1,Atta_1,300.2,78.6,348.4,23.1,1.7,,,,
8.488,2,Atta_2,302.4,278.0,331.3,-44.0,2.4,,,,
8.488,3,Atta_3,549.0,587.9,325.8,74.9,-0.3,,,,
8.488,4,Atta_4,261.9,975.6,284.0,-71.6,-3.7,,,,
8.488,5,Atta_5,309.4,1126.0,306.8,-25.9,-1.9,,,,
8.488,6,Atta_6,363.5,1358.2,333.7,77.0,4.4,,,,
8.488,7,Atta_7,281.0,1517.8,330.4,52.1,1.1,,,,
8.488,8,Atta_8,233.6,1790.4,326.9,-64.0,-3.8,,,,
8.488,9,Atta_9,107.1,2159.7,283.8,53.6,2.7,,,,
8.488,10,Atta_10,270.0,2467.3,281.9,-18.0,-7.7,,,,
8.555,1,Atta_1,350.1,115.9,351.5,62.3,3.1,,,,
8.555,2,Atta_2,268.8,272.6,328.3,-34.0,-3.0,,,,
8.555,3,Atta_3,578.6,563.4,329.4,38.4,3.6,,,,
8.555,4,Atta_4,272.0,971.6,274.1,10.9,-9.9,,,,
8.555,5,Atta_5,276.0,1116.4,302.0,-34.8,-4.8,,,,
8.555,6,Atta_6,282.2,1347.7,338.0,-82.0,4.3,,,,
8.555,7,Atta_7,228.5,1548.4,327.5,-60.8,-2.9,,,,
8.555,8,Atta_8,222.7,1793.1,327.4,-11.2,0.5,,,,
8.555,9,Atta_9,104.5,2247.2,278.2,-87.5,-5.6,,,,
8.555,10,Atta_10,366.5,2392.1,281.5,122.3,-0.4,,,,
8.622,1,Atta_1,289.1,110.6,359.8,-61.2,8.3,,,,
8.622,2,Atta_2,330.5,276.9,333.6,61.8,5.3,,,,
8.622,3,Atta_3,577.4,519.7,328.1,43.7,-1.3,,,,
8.622,4,Atta_4,283.1,936.4,275.7,36.9,1.6,,,,
8.622,5,Atta_5,321.0,1167.8,295.5,-68.3,-6.5,,,,
8.622,6,Atta_6,327.6,1403.8,339.6,72.2,1.6,,,,
8.622,7,Atta_7,284.5,1579.3,332.7,64.0,5.2,,,,
8.622,8,Atta_8,248.1,1781.0,328.0,28.1,0.6,,,,
8.622,9,Atta_9,165.2,2132.4,284.5,129.9,6.3,,,,
8.622,10,Atta_10,352.2,2415.9,277.5,-27.8,-4.0,,,,
8.689,1,Atta_1,311.2,88.5,0.9,31.3,1.1,,,,
8.689,2,Atta_2,291.6,316.2,336.1,-55.3,2.5,,,,
8.689,3,Atta_3,583.1,526.5,330.8,8.9,2.7,,,,
8.689,4,Atta_4,326.8,872.4,271.0,77.5,-4.7,,,,
8.689,5,Atta_5,322.0,1184.8,293.0,-17.0,-2.5,,,,
8.689,6,Atta_6,318.7,1345.5,342.7,59.0,3.1,,,,
8.689,7,Atta_7,274.9,1535.9,330.1,44.4,-2.6,,,,
8.689,8,Atta_8,247.5,1719.8,327.6,61.2,-0.4,,,,
8.689,9,Atta_9,149.6,2162.6,282.9,-34.0,-1.6,,,,
8.689,10,Atta_10,319.3,2455.7,271.2,-51.6,-6.3,,,,
8.741,1,Atta_1,272.4,101.9,4.9,-41.0,4.0,,,,
8.741,2,Atta_2,325.7,274.4,341.9,53.9,5.8,,,,
8.741,3,Atta_3,539.8,534.3,328.0,-44.0,-2.8,,,,
8.741,4,Atta_4,267.8,931.4,268.1,-83.4,-2.9,,,,
8.741,5,Atta_5,336.1,1193.1,288.0,-16.4,-5.0,,,,
8.741,6,Atta_6,322.9,1372.0,352.6,-26.8,9.9,,,,
8.741,7,Atta_7,315.5,1556.4,331.8,45.5,1.7,,,,
8.741,8,Atta_8,255.8,1812.3,325.6,-92.9,-2.0,,,,
8.741,9,Atta_9,172.1,2157.1,277.2,23.2,-5.7,,,,
8.741,10,Atta_10,366.1,2400.8,266.3,72.1,-4.9,,,,
8.811,1,Atta_1,348.5,114.9,9.0,77.2,4.1,,,,
8.811,2,Atta_2,263.1,273.3,347.1,-62.6,5.2,,,,
8.811,3,Atta_3,545.6,552.0,327.5,-18.6,-0.5,,,,
8.811,4,Atta_4,295.7,929.5,260.7,28.0,-7.4,,,,
8.811,5,Atta_5,330.6,1134.1,277.8,59.3,-10.2,,,,
8.811,6,Atta_6,280.9,1373.2,353.7,-42.0,1.1,,,,
8.811,7,Atta_7,360.5,1513.0,332.8,62.5,1.0,,,,
8.811,8,Atta_8,319.1,1771.1,332.4,75.5,6.8,,,,
8.811,9,Atta_9,160.4,2185.8,287.8,-31.0,10.6,,,,
8.811,10,Atta_10,302.4,2383.2,264.8,66.1,-1.5,,,,
8.88,1,Atta_1,298.0,84.3,14.9,-59.0,5.9,,,,
8.88,2,Atta_2,307.8,332.3,353.0,74.0,5.9,,,,
8.88,3,Atta_3,624.1,497.0,328.5,95.9,1.0,,,,
8.88,4,Atta_4,280.2,905.4,262.1,28.7,1.4,,,,
8.88,5,Atta_5,322.5,1142.2,281.0,-11.5,3.2,,,,
8.88,6,Atta_6,318.7,1409.9,357.3,52.7,3.6,,,,
8.88,7,Atta_7,360.2,1547.5,340.7,-34.5,7.9,,,,
8.88,8,Atta_8,308.3,1696.9,326.9,75.0,-5.5,,,,
8.88,9,Atta_9,199.1,2128.1,281.2,69.5,-6.6,,,,
8.88,10,Atta_10,298.2,2467.5,258.5,-84.4,-6.3,,,,
8.95,1,Atta_1,338.7,102.2,21.0,44.5,6.1,,,,
8.95,2,Atta_2,337.6,291.4,350.9,50.6,-2.1,,,,
8.95,3,Atta_3,598.8,552.3,331.3,-60.8,2.8,,,,
8.95,4,Atta_4,315.6,935.0,252.3,-46.1,-9.8,,,,
8.95,5,Atta_5,315.9,1136.1,273.6,9.0,-7.4,,,,
8.95,6,Atta_6,322.4,1290.2,3.5,119.8,6.2,,,,
8.95,7,Atta_7,304.8,1506.1,339.5,-69.2,-1.2,,,,
8.95,8,Atta_8,240.6,1693.5,327.9,-67.8,1.0,,,,
8.95,9,Atta_9,181.7,2108.1,286.0,26.5,4.8,,,,
8.95,10,Atta_10,281.2,2452.2,252.1,22.9,-6.4,,,,
9.02,1,Atta_1,269.7,112.4,24.4,-69.7,3.4,,,,
9.02,2,Atta_2,334.8,341.1,0.3,-49.8,9.4,,,,
9.02,3,Atta_3,649.1,509.4,328.0,66.1,-3.3,,,,
9.02,4,Atta_4,293.3,947.7,246.7,-25.7,-5.6,,,,
9.02,5,Atta_5,306.9,1086.8,269.0,50.1,-4.6,,,,
9.02,6,Atta_6,276.8,1316.6,7.9,-52.7,4.4,,,,
9.02,7,Atta_7,292.5,1494.2,347.1,-17.1,7.6,,,,
9.02,8,Atta_8,289.9,1723.2,332.1,57.6,4.2,,,,
9.02,9,Atta_9,148.4,2034.5,285.3,80.8,-0.7,,,,
9.02,10,Atta_10,324.4,2456.7,246.1,-43.4,-6.0,,,,
9.086,1,Atta_1,353.5,145.8,26.9,90.2,2.5,,,,
9.086,2,Atta_2,324.5,296.9,2.0,-45.4,1.7,,,,
9.086,3,Atta_3,667.1,515.2,331.6,18.9,3.6,,,,
9.086,4,Atta_4,332.5,946.8,243.9,-39.2,-2.8,,,,
9.086,5,Atta_5,314.7,1129.9,264.8,-43.8,-4.2,,,,
9.086,6,Atta_6,261.6,1322.9,11.3,-16.5,3.4,,,,
9.086,7,Atta_7,289.5,1505.4,348.7,-11.6,1.6,,,,
9.086,8,Atta_8,321.1,1764.8,330.7,52.0,-1.4,,,,
9.086,9,Atta_9,197.8,2116.9,280.5,-96.1,-4.8,,,,
9.086,10,Atta_10,280.5,2444.7,247.8,45.5,1.7,,,,
9.155,1,Atta_1,252.4,115.9,33.2,-105.4,6.3,,,,
9.155,2,Atta_2,316.5,303.9,10.1,-10.6,8.1,,,,
9.155,3,Atta_3,663.0,537.7,327.3,-22.9,-4.3,,,,
9.155,4,Atta_4,328.9,895.4,239.0,51.5,-4.9,,,,
9.155,5,Atta_5,346.2,1134.7,260.1,-31.9,-4.7,,,,
9.155,6,Atta_6,310.8,1347.1,17.0,54.8,5.7,,,,
9.155,7,Atta_7,347.7,1509.6,354.9,58.4,6.2,,,,
9.155,8,Atta_8,277.2,1721.4,338.2,-61.7,7.5,,,,
9.155,9,Atta_9,174.0,2058.0,278.8,63.5,-1.7,,,,
9.155,10,Atta_10,291.8,2489.5,241.3,-46.2,-6.5,,,,
9.223,1,Atta_1,284.3,44.1,32.8,-78.6,-0.4,,,,
9.223,2,Atta_2,285.9,311.0,9.5,-31.4,-0.6,,,,
9.223,3,Atta_3,628.8,498.9,330.8,-51.7,3.5,,,,
9.223,4,Atta_4,302.5,913.9,238.4,-32.2,-0.6,,,,
9.223,5,Atta_5,378.5,1106.3,253.8,43.0,-6.3,,,,
9.223,6,Atta_6,294.5,1294.8,22.8,-54.8,5.8,,,,
9.223,7,Atta_7,298.8,1578.2,359.0,-84.2,4.1,,,,
9.223,9,Atta_9,133.6,2049.1,276.1,41.4,-2.7,,,,
9.223,10,Atta_10,267.5,2440.5,242.9,54.7,1.6,,,,
9.292,1,Atta_1,275.5,101.2,31.5,57.8,-1.3,,,,
9.292,2,Atta_2,327.8,308.1,10.2,42.0,0.7,,,,
9.292,3,Atta_3,717.3,511.9,330.7,89.4,-0.1,,,,
9.292,4,Atta_4,313.8,955.4,229.8,-43.0,-8.6,,,,
9.292,5,Atta_5,303.7,1131.9,255.5,-79.1,1.7,,,,
9.292,6,Atta_6,252.5,1397.0,23.5,110.5,0.7,,,,
9.292,7,Atta_7,307.6,1522.0,7.5,56.9,8.5,,,,
9.292,8,Atta_8,339.9,1672.2,346.4,79.7,8.2,,,,
9.292,9,Atta_9,199.2,2076.7,271.7,-71.2,-4.4,,,,
9.292,10,Atta_10,330.8,2396.6,244.1,77.0,1.2,,,,
9.36,1,Atta_1,280.0,109.9,31.9,9.8,0.4,,,,
9.36,2,Atta_2,321.0,302.7,8.0,-8.7,-2.2,,,,
9.36,3,Atta_3,718.8,460.3,327.2,51.6,-3.5,,,,
9.36,4,Atta_4,300.9,942.0,225.1,18.6,-4.7,,,,
9.36,5,Atta_5,322.3,1158.5,261.4,-32.5,5.9,,,,
9.36,6,Atta_6,293.9,1313.3,21.9,93.4,-1.6,,,,
9.36,7,Atta_7,298.7,1556.6,13.9,-35.7,6.4,,,,
9.36,8,Atta_8,285.2,1731.5,349.7,-80.7,3.3,,,,
9.36,9,Atta_9,203.4,2095.9,271.5,-19.7,-0.2,,,,
9.36,10,Atta_10,307.8,2474.5,239.9,-81.2,-4.2,,,,
9.416,1,Atta_1,332.0,131.6,28.5,56.3,-3.4,,,,
9.416,2,Atta_2,350.9,267.3,12.1,46.3,4.1,,,,
9.416,3,Atta_3,710.9,484.6,328.8,-25.6,1.6,,,,
9.416,4,Atta_4,271.6,880.6,221.8,68.0,-3.3,,,,
9.416,5,Atta_5,287.8,1125.3,259.5,47.9,-1.9,,,,
9.416,6,Atta_6,311.9,1412.1,26.0,100.4,4.1,,,,
9.416,7,Atta_7,305.7,1566.0,15.2,11.7,1.3,,,,
9.416,8,Atta_8,352.9,1692.2,352.5,78.3,2.8,,,,
9.416,9,Atta_9,152.0,2088.1,264.2,52.0,-7.3,,,,
9.416,10,Atta_10,285.8,2447.0,240.3,35.2,0.4,,,,
9.536,1,Atta_1,297.4,130.9,29.3,-34.6,0.8,,,,
9.536,2,Atta_2,289.3,299.4,11.1,-69.5,-1.0,,,,
9.536,3,Atta_3,715.5,451.7,330.2,33.2,1.4,,,,
9.536,4,Atta_4,292.8,925.9,216.6,-50.0,-5.2,,,,
9.536,5,Atta_5,305.8,1162.8,262.6,-41.6,3.1,,,,
9.536,6,Atta_6,299.2,1339.7,28.2,-73.5,2.2,,,,
9.536,7,Atta_7,314.3,1524.1,19.0,-42.8,3.8,,,,
9.536,8,Atta_8,296.4,1715.5,357.9,-61.1,5.4,,,,
9.536,9,Atta_9,99.3,2064.5,260.2,57.7,-4.0,,,,
9.536,10,Atta_10,290.0,2435.7,241.2,12.1,0.9,,,,
9.606,1,Atta_1,365.9,139.6,28.0,69.1,-1.3,,,,
9.606,2,Atta_2,292.2,266.7,12.0,-32.8,0.9,,,,
9.606,3,Atta_3,751.6,463.3,330.4,37.9,0.2,,,,
9.606,4,Atta_4,315.2,956.8,211.4,-38.2,-5.2,,,,
9.606,5,Atta_5,332.5,1101.4,257.7,67.0,-4.9,,,,
9.606,6,Atta_6,341.5,1306.0,28.2,54.1,0.0,,,,
9.606,7,Atta_7,331.3,1540.1,18.5,23.3,-0.5,,,,
9.606,8,Atta_8,331.4,1778.5,4.1,72.1,6.2,,,,
9.606,9,Atta_9,164.3,2059.6,256.9,-65.2,-3.3,,,,
9.606,10,Atta_10,297.8,2432.8,241.9,-8.3,0.7,,,,
9.676,1,Atta_1,375.4,173.9,30.1,35.6,2.1,,,,
9.676,2,Atta_2,351.4,300.0,10.1,67.9,-1.9,,,,
9.676,3,Atta_3,695.3,463.1,326.7,-56.3,-3.7,,,,
9.676,4,Atta_4,322.8,987.3,208.4,-31.4,-3.0,,,,
9.676,5,Atta_5,302.7,1077.0,259.3,38.5,1.6,,,,
9.676,6,Atta_6,283.9,1309.2,28.7,-57.7,0.5,,,,
9.676,7,Atta_7,315.6,1543.9,28.1,-16.2,9.6,,,,
9.676,8,Atta_8,258.0,1680.2,8.8,-122.7,4.7,,,,
9.676,9,Atta_9,137.8,2112.7,252.1,-59.3,-4.8,,,,
9.676,10,Atta_10,310.1,2420.4,241.8,17.5,-0.1,,,,
9.73,1,Atta_1,334.5,152.2,32.7,-46.3,2.6,,,,
9.73,2,Atta_2,326.4,344.9,7.6,-51.4,-2.5,,,,
9.73,3,Atta_3,751.5,469.2,330.7,56.5,4.0,,,,
9.73,4,Atta_4,336.7,914.2,203.4,74.4,-5.0,,,,
9.73,5,Atta_5,336.6,1110.1,257.2,-47.4,-2.1,,,,
9.73,6,Atta_6,331.3,1303.4,27.0,47.8,-1.7,,,,
9.73,7,Atta_7,323.7,1476.5,32.1,-67.9,4.0,,,,
9.73,8,Atta_8,285.0,1791.5,5.6,114.5,-3.2,,,,
9.73,9,Atta_9,202.2,2108.5,244.6,-64.5,-7.5,,,,
9.73,10,Atta_10,276.6,2399.4,242.8,39.5,1.0,,,,
9.795,1,Atta_1,359.5,149.7,31.8,25.1,-0.9,,,,
9.795,2,Atta_2,393.2,331.4,12.0,68.2,4.4,,,,
9.795,3,Atta_3,724.8,476.0,329.8,-27.6,-0.9,,,,
9.795,4,Atta_4,285.1,910.4,198.7,51.7,-4.7,,,,
9.795,5,Atta_5,315.2,1090.2,253.4,29.2,-3.8,,,,
9.795,6,Atta_6,289.5,1374.5,27.8,-82.5,0.8,,,,
9.795,7,Atta_7,262.3,1533.0,36.9,-83.4,4.8,,,,
9.795,8,Atta_8,384.4,1673.5,16.7,154.3,11.1,,,,
9.795,9,Atta_9,196.9,2082.3,242.0,26.7,-2.6,,,,
9.861,1,Atta_1,343.7,191.8,29.8,45.0,-2.0,,,,
9.861,2,Atta_2,343.3,306.6,12.2,-55.7,0.2,,,,
9.861,3,Atta_3,738.0,432.4,330.7,45.6,0.9,,,,
9.861,4,Atta_4,308.7,912.0,197.1,-23.7,-1.6,,,,
9.861,5,Atta_5,277.9,1075.8,256.3,40.0,2.9,,,,
9.861,6,Atta_6,342.1,1355.2,29.6,56.0,1.8,,,,
9.861,7,Atta_7,313.3,1549.3,40.6,53.5,3.7,,,,
9.861,8,Atta_8,336.6,1772.1,19.2,-109.6,2.5,,,,
9.861,9,Atta_9,199.0,2068.7,237.3,13.8,-4.7,,,,
9.861,10,Atta_10,274.5,2370.9,243.8,28.6,1.0,,,,
9.912,1,Atta_1,427.6,201.2,30.5,84.4,0.7,,,,
9.912,2,Atta_2,410.0,342.1,13.0,75.6,0.8,,,,
9.912,3,Atta_3,770.2,422.6,329.1,33.7,-1.6,,,,
9.912,4,Atta_4,296.6,985.9,196.2,-74.9,-0.9,,,,
9.912,5,Atta_5,277.2,1082.6,258.3,-6.8,2.0,,,,
9.912,6,Atta_6,363.8,1305.0,32.2,-54.7,2.6,,,,
9.912,7,Atta_7,288.0,1495.2,43.4,-59.7,2.8,,,,
9.912,8,Atta_8,328.1,1730.0,20.3,-42.9,1.1,,,,
9.912,9,Atta_9,219.9,2074.8,233.4,-21.8,-3.9,,,,
9.912,10,Atta_10,271.1,2334.6,241.6,36.5,-2.2,,,,
9.983,1,Atta_1,409.8,198.9,32.6,-17.9,2.1,,,,
9.983,2,Atta_2,364.1,345.2,12.0,-46.0,-1.0,,,,
9.983,3,Atta_3,800.9,398.0,329.7,39.3,0.6,,,,
9.983,4,Atta_4,335.8,1013.3,197.9,-47.8,1.7,,,,
9.983,5,Atta_5,311.7,1056.7,253.4,43.1,-4.9,,,,
9.983,6,Atta_6,337.5,1391.4,22.8,90.3,-9.4,,,,
9.983,7,Atta_7,285.8,1526.5,36.2,31.4,-7.2,,,,
9.983,8,Atta_8,338.0,1706.4,26.9,25.6,6.6,,,,
9.983,9,Atta_9,166.9,2084.0,230.7,53.8,-2.7,,,,
9.983,10,Atta_10,265.9,2430.3,241.1,-95.8,-0.5,,,,
10.037,1,Atta_1,368.3,147.7,30.5,-65.9,-2.1,,,,
10.037,2,Atta_2,395.4,309.3,11.2,47.6,-0.8,,,,
10.037,3,Atta_3,781.9,428.0,326.1,-35.5,-3.6,,,,
10.037,4,Atta_4,305.4,969.7,196.2,53.2,-1.7,,,,
10.037,5,Atta_5,272.3,1051.3,255.9,39.8,2.5,,,,
10.037,6,Atta_6,338.9,1357.9,26.6,-33.5,3.8,,,,
10.037,7,Atta_7,300.7,1524.3,43.0,15.1,6.8,,,,
10.037,8,Atta_8,330.8,1725.6,30.7,20.5,3.8,,,,
10.037,9,Atta_9,176.7,2154.8,225.8,-71.5,-4.9,,,,
10.037,10,Atta_10,308.1,2305.9,240.6,131.4,-0.5,,,,
10.106,1,Atta_1,484.0,149.0,31.0,115.7,0.5,,,,
10.106,3,Atta_3,789.1,414.9,330.9,14.9,4.8,,,,
10.106,4,Atta_4,322.5,906.9,196.2,65.1,0.0,,,,
10.106,5,Atta_5,317.0,1099.8,254.7,-66.0,-1.2,,,,
10.106,6,Atta_6,322.6,1317.8,28.5,-43.3,1.9,,,,
10.106,7,Atta_7,345.3,1517.0,38.0,45.2,-5.0,,,,
10.106,8,Atta_8,313.3,1702.5,36.9,-29.0,6.2,,,,
10.106,9,Atta_9,162.9,2112.5,221.4,44.5,-4.4,,,,
10.106,10,Atta_10,201.2,2397.1,241.0,-140.5,0.4,,,,
10.172,1,Atta_1,410.2,180.1,30.7,-80.1,-0.3,,,,
10.172,2,Atta_2,393.5,298.6,12.2,-10.9,1.0,,,,
10.172,3,Atta_3,873.0,502.3,330.7,121.2,-0.2,,,,
10.172,4,Atta_4,272.2,889.4,195.9,53.3,-0.3,,,,
10.172,5,Atta_5,290.9,1094.9,255.8,26.6,1.1,,,,
10.172,6,Atta_6,364.4,1366.6,25.8,64.3,-2.7,,,,
10.172,7,Atta_7,310.3,1544.3,43.7,-44.4,5.7,,,,
10.172,8,Atta_8,326.6,1717.5,43.5,20.0,6.6,,,,
10.172,9,Atta_9,219.5,2057.8,215.4,-78.7,-6.0,,,,
10.172,10,Atta_10,232.4,2343.3,240.9,62.2,-0.1,,,,
10.242,1,Atta_1,428.3,185.9,31.0,19.0,0.3,,,,
10.242,2,Atta_2,430.6,333.4,10.2,50.9,-2.0,,,,
10.242,3,Atta_3,816.6,398.2,327.7,118.4,-3.0,,,,
10.242,4,Atta_4,254.3,969.1,197.2,-81.7,1.3,,,,
10.242,5,Atta_5,306.1,1185.7,255.1,-92.1,-0.7,,,,
10.242,6,Atta_6,406.7,1400.8,25.6,54.4,-0.2,,,,
10.242,7,Atta_7,366.9,1520.5,41.6,61.4,-2.1,,,,
10.242,8,Atta_8,331.4,1719.9,48.3,5.4,4.8,,,,
10.242,9,Atta_9,170.5,2052.3,209.6,49.3,-5.8,,,,
10.242,10,Atta_10,237.9,2348.5,242.9,-7.6,2.0,,,,
10.31,1,Atta_1,385.4,128.3,30.5,-71.8,-0.5,,,,
10.31,2,Atta_2,433.5,329.0,11.1,5.3,0.9,,,,
10.31,3,Atta_3,845.9,394.6,331.8,29.5,4.1,,,,
10.31,4,Atta_4,259.5,989.1,197.1,-20.7,-0.1,,,,
10.31,5,Atta_5,297.4,1175.4,253.0,13.5,-2.1,,,,
10.31,6,Atta_6,340.9,1418.4,27.8,-68.1,2.2,,,,
10.31,7,Atta_7,278.6,1547.5,42.2,-92.3,0.6,,,,
10.31,8,Atta_8,296.0,1741.1,50.8,-41.3,2.5,,,,
10.31,9,Atta_9,239.2,2072.5,204.5,-71.6,-5.1,,,,
10.31,10,Atta_10,241.2,2278.0,243.0,70.6,0.1,,,,
10.376,1,Atta_1,416.5,210.3,33.3,87.7,2.8,,,,
10.376,2,Atta_2,517.0,324.9,9.0,83.6,-2.1,,,,
10.376,3,Atta_3,841.1,423.6,326.7,-29.4,-5.1,,,,
10.376,4,Atta_4,282.7,916.0,195.5,-76.7,-1.6,,,,
10.376,5,Atta_5,297.9,1186.1,254.6,-10.7,1.6,,,,
10.376,6,Atta_6,427.5,1363.8,26.2,102.4,-1.6,,,,
10.376,7,Atta_7,390.5,1519.0,38.5,115.5,-3.7,,,,
10.376,8,Atta_8,329.0,1713.4,53.4,-43.1,2.6,,,,
10.376,9,Atta_9,221.6,2111.7,202.9,-43.0,-1.6,,,,
10.376,10,Atta_10,216.2,2315.7,241.2,-45.2,-1.8,,,,
10.443,1,Atta_1,476.4,221.0,28.0,60.8,-5.3,,,,
10.443,2,Atta_2,463.4,309.7,11.8,-55.7,2.8,,,,
10.443,3,Atta_3,845.3,377.3,330.3,46.5,3.6,,,,
10.443,4,Atta_4,245.0,887.8,199.5,47.1,4.0,,,,
10.443,5,Atta_5,327.6,1175.8,250.1,31.4,-4.5,,,,
10.443,6,Atta_6,427.1,1439.5,30.9,75.7,4.7,,,,
10.443,7,Atta_7,302.6,1594.3,44.4,-115.7,5.9,,,,
10.443,8,Atta_8,324.0,1694.1,57.0,-19.9,3.6,,,,
10.443,9,Atta_9,166.2,2081.6,194.5,63.0,-8.4,,,,
10.443,10,Atta_10,201.8,2297.7,241.4,23.1,0.2,,,,
10.512,1,Atta_1,473.0,240.4,30.7,19.7,2.7,,,,
10.512,2,Atta_2,458.5,346.6,11.9,37.2,0.1,,,,
10.512,3,Atta_3,832.0,389.0,331.8,-17.7,1.5,,,,
10.512,4,Atta_4,263.0,911.2,199.5,-29.5,0.0,,,,
10.512,5,Atta_5,357.3,1153.7,245.8,37.0,-4.3,,,,
10.512,6,Atta_6,476.8,1434.9,28.8,49.9,-2.1,,,,
10.512,7,Atta_7,357.8,1559.7,45.8,65.1,1.4,,,,
10.512,8,Atta_8,272.5,1723.3,54.4,-59.2,-2.6,,,,
10.512,9,Atta_9,186.5,2075.8,190.2,-21.1,-4.3,,,,
10.512,10,Atta_10,227.2,2336.0,243.5,-46.0,2.1,,,,
10.578,1,Atta_1,466.4,190.4,31.8,-50.4,1.1,,,,
10.578,2,Atta_2,489.2,376.1,8.8,42.6,-3.1,,,,
10.578,3,Atta_3,894.0,364.7,325.9,66.6,-5.9,,,,
10.578,4,Atta_4,250.3,935.5,198.9,27.4,-0.6,,,,
10.578,5,Atta_5,270.7,1170.2,240.1,88.2,-5.7,,,,
10.578,6,Atta_6,481.2,1453.2,29.8,18.8,1.0,,,,
10.578,7,Atta_7,329.7,1616.3,42.7,63.2,-3.1,,,,
10.578,8,Atta_8,353.9,1713.7,56.8,82.0,2.4,,,,
10.578,9,Atta_9,194.1,2071.2,190.4,-8.9,0.2,,,,
10.578,10,Atta_10,206.8,2223.3,241.3,114.5,-2.2,,,,
10.715,1,Atta_1,527.0,230.1,33.0,72.4,1.2,,,,
10.715,2,Atta_2,547.4,353.6,14.9,62.4,6.1,,,,
10.715,3,Atta_3,852.7,312.4,333.3,-66.6,7.4,,,,
10.715,4,Atta_4,203.8,834.4,193.4,111.3,-5.5,,,,
10.715,5,Atta_5,343.8,1166.4,234.2,-73.2,-5.9,,,,
10.715,6,Atta_6,481.7,1388.4,26.4,-64.8,-3.4,,,,
10.715,7,Atta_7,426.8,1593.6,40.6,99.7,-2.1,,,,
10.715,8,Atta_8,290.4,1704.7,58.7,-64.1,1.9,,,,
10.715,9,Atta_9,127.8,2078.8,179.0,66.7,-11.4,,,,
10.715,10,Atta_10,224.8,2224.6,241.9,-18.0,0.6,,,,
10.784,1,Atta_1,435.4,266.2,30.5,-98.5,-2.5,,,,
10.784,2,Atta_2,488.0,354.4,9.5,-59.4,-5.4,,,,
10.784,3,Atta_3,840.3,330.3,327.1,-21.8,-6.2,,,,
10.784,4,Atta_4,201.9,933.6,197.7,-99.2,4.3,,,,
10.784,5,Atta_5,332.3,1163.7,230.0,11.8,-4.2,,,,
10.784,6,Atta_6,491.4,1387.7,25.1,9.7,-1.3,,,,
10.784,7,Atta_7,362.4,1543.8,44.6,-81.4,4.0,,,,
10.784,8,Atta_8,293.8,1750.3,59.3,45.7,0.6,,,,
10.784,9,Atta_9,160.4,2120.4,175.2,-52.9,-3.8,,,,
10.784,10,Atta_10,218.1,2236.2,244.3,-13.4,2.4,,,,
10.853,1,Atta_1,534.3,229.8,30.0,105.4,-0.5,,,,
10.853,2,Atta_2,522.1,362.5,8.5,35.0,-1.0,,,,
10.853,3,Atta_3,928.5,337.9,330.1,88.5,3.0,,,,
10.853,4,Atta_4,143.4,873.4,198.5,83.9,0.8,,,,
10.853,5,Atta_5,319.8,1113.3,222.5,51.9,-7.5,,,,
10.853,6,Atta_6,446.8,1453.3,28.6,-79.3,3.5,,,,
10.853,7,Atta_7,385.3,1610.4,40.5,70.4,-4.1,,,,
10.853,8,Atta_8,318.5,1737.8,57.4,27.7,-1.9,,,,
10.853,9,Atta_9,158.3,2117.8,170.4,3.3,-4.8,,,,
10.853,10,Atta_10,196.6,2229.2,242.0,22.6,-2.3,,,,
10.921,1,Atta_1,524.0,207.9,32.8,-24.2,2.8,,,,
10.921,2,Atta_2,520.7,345.8,12.3,-16.8,3.8,,,,
10.921,3,Atta_3,974.8,370.6,332.7,56.7,2.6,,,,
10.921,4,Atta_4,199.4,887.4,197.8,-57.7,-0.7,,,,
10.921,5,Atta_5,358.3,1134.6,220.0,-44.0,-2.5,,,,
10.921,6,Atta_6,523.2,1390.2,28.8,99.1,0.2,,,,
10.921,7,Atta_7,368.2,1653.1,43.0,46.0,2.5,,,,
10.921,8,Atta_8,297.8,1729.0,59.2,-22.5,1.8,,,,
10.921,9,Atta_9,248.5,2032.3,165.1,-124.3,-5.3,,,,
10.921,10,Atta_10,161.5,2242.4,242.3,37.5,0.3,,,,
10.99,1,Atta_1,521.8,263.3,36.3,55.4,3.5,,,,
10.99,2,Atta_2,589.8,367.6,6.8,72.5,-5.5,,,,
10.99,3,Atta_3,923.2,351.1,331.2,-55.2,-1.5,,,,
10.99,4,Atta_4,200.0,897.1,195.4,-9.7,-2.4,,,,
10.99,5,Atta_5,330.2,1139.8,214.1,28.6,-5.9,,,,
10.99,6,Atta_6,527.6,1463.5,26.6,73.4,-2.2,,,,
10.99,7,Atta_7,406.1,1639.4,42.6,40.3,-0.4,,,,
10.99,8,Atta_8,301.2,1775.3,56.4,46.4,-2.8,,,,
10.99,9,Atta_9,190.4,2134.2,160.4,117.3,-4.7,,,,
10.99,10,Atta_10,240.7,2230.3,242.8,-80.1,0.5,,,,
11.055,1,Atta_1,507.1,233.5,36.7,-33.2,0.4,,,,
11.055,2,Atta_2,566.6,353.6,11.5,-27.1,4.7,,,,
11.055,3,Atta_3,925.9,345.3,328.8,6.4,-2.4,,,,
11.055,4,Atta_4,92.3,899.9,200.9,107.7,5.5,,,,
11.055,5,Atta_5,334.0,1109.0,211.0,31.0,-3.1,,,,
11.055,6,Atta_6,468.2,1509.2,24.3,-74.9,-2.3,,,,
11.055,7,Atta_7,374.5,1638.6,42.9,-31.6,0.3,,,,
11.055,8,Atta_8,354.3,1843.4,55.1,86.4,-1.3,,,,
11.055,9,Atta_9,140.6,2050.7,155.3,97.2,-5.1,,,,
11.055,10,Atta_10,216.6,2236.9,238.2,25.0,-4.6,,,,
11.127,1,Atta_1,480.1,244.4,33.0,-29.1,-3.7,,,,
11.127,2,Atta_2,547.9,401.2,6.9,-51.1,-4.6,,,,
11.127,3,Atta_3,943.8,357.9,329.8,21.9,1.0,,,,
11.127,4,Atta_4,155.7,891.9,194.0,-63.9,-6.9,,,,
11.127,5,Atta_5,285.8,1142.9,201.4,58.9,-9.6,,,,
11.127,6,Atta_6,545.5,1376.7,26.0,153.4,1.7,,,,
11.127,7,Atta_7,429.4,1641.6,43.0,55.0,0.1,,,,
11.127,8,Atta_8,372.5,1706.4,56.5,-138.2,1.4,,,,
11.127,9,Atta_9,163.0,2068.6,153.2,-28.7,-2.1,,,,
11.127,10,Atta_10,269.6,2262.2,236.5,-58.7,-1.7,,,,
11.258,1,Atta_1,425.5,222.1,38.8,-59.0,5.8,,,,
11.258,2,Atta_2,589.4,361.5,10.3,57.4,3.4,,,,
11.258,3,Atta_3,983.7,340.9,332.9,43.4,3.1,,,,
11.258,4,Atta_4,139.7,906.1,198.4,21.4,4.4,,,,
11.258,5,Atta_5,292.5,1118.7,203.8,25.1,2.4,,,,
11.258,6,Atta_6,551.4,1491.0,25.2,114.5,-0.8,,,,
11.258,7,Atta_7,434.0,1673.2,41.5,31.9,-1.5,,,,
11.258,8,Atta_8,396.0,1790.6,57.8,87.4,1.3,,,,
11.258,9,Atta_9,181.5,2066.8,147.5,-18.6,-5.7,,,,
11.258,10,Atta_10,217.9,2262.8,241.1,51.7,4.6,,,,
11.324,1,Atta_1,440.9,133.5,36.7,-89.9,-2.1,,,,
11.324,2,Atta_2,645.3,336.6,6.3,61.2,-4.0,,,,
11.324,3,Atta_3,1004.9,235.6,331.2,107.4,-1.7,,,,
11.324,4,Atta_4,44.6,886.2,200.8,97.2,2.4,,,,
11.324,5,Atta_5,335.7,1142.2,194.0,-49.2,-9.8,,,,
11.324,6,Atta_6,569.0,1448.5,29.2,-46.0,4.0,,,,
11.324,7,Atta_7,452.2,1665.2,45.2,19.9,3.7,,,,
11.324,8,Atta_8,313.4,1797.6,57.4,-82.9,-0.4,,,,
11.324,9,Atta_9,212.9,2120.0,154.1,61.8,6.6,,,,
11.324,10,Atta_10,243.8,2266.1,237.6,-26.1,-3.5,,,,
11.394,1,Atta_1,458.0,141.5,29.7,18.9,-7.0,,,,
11.394,2,Atta_2,622.9,415.6,8.7,-82.1,2.4,,,,
11.394,3,Atta_3,1007.3,349.0,328.6,-113.4,-2.6,,,,
11.394,4,Atta_4,140.8,901.9,193.4,-97.5,-7.4,,,,
11.394,5,Atta_5,340.7,1164.4,194.1,-22.8,0.1,,,,
11.394,6,Atta_6,606.5,1466.2,27.1,41.5,-2.1,,,,
11.394,7,Atta_7,470.8,1647.5,39.7,25.7,-5.5,,,,
11.394,8,Atta_8,341.7,1809.0,58.3,30.5,0.9,,,,
11.394,9,Atta_9,173.6,2120.1,153.3,39.3,-0.8,,,,
11.394,10,Atta_10,187.6,2319.9,239.0,-77.8,1.4,,,,
11.528,1,Atta_1,505.8,162.9,25.4,52.4,-4.3,,,,
11.528,2,Atta_2,650.5,359.9,10.1,62.2,1.4,,,,
11.528,3,Atta_3,961.2,322.3,321.4,-53.3,-7.2,,,,
11.528,4,Atta_4,77.2,883.1,198.7,66.3,5.3,,,,
11.528,5,Atta_5,365.0,1114.1,198.5,-55.9,4.4,,,,
11.528,6,Atta_6,558.4,1491.6,29.4,-54.4,2.3,,,,
11.528,7,Atta_7,464.3,1606.9,40.2,-41.1,0.5,,,,
11.528,8,Atta_8,434.5,1820.0,60.1,93.4,1.8,,,,
11.528,9,Atta_9,234.0,2088.2,149.6,-68.3,-3.7,,,,
11.528,10,Atta_10,208.6,2278.0,233.2,46.9,-5.8,,,,
11.598,1,Atta_1,463.3,201.4,16.9,-57.3,-8.5,,,,
11.598,2,Atta_2,624.6,363.7,11.1,-26.2,1.0,,,,
11.598,3,Atta_3,1056.7,333.4,311.2,96.1,-10.2,,,,
11.598,4,Atta_4,186.2,858.3,202.9,-111.8,4.2,,,,
11.598,5,Atta_5,318.5,1101.4,195.8,48.2,-2.7,,,,
11.598,6,Atta_6,571.9,1427.1,38.5,-65.9,9.1,,,,
11.598,7,Atta_7,527.4,1713.4,45.4,123.8,5.2,,,,
11.598,8,Atta_8,366.7,1843.2,60.3,-71.7,0.2,,,,
11.598,9,Atta_9,123.4,2103.2,151.7,111.6,2.1,,,,
11.598,10,Atta_10,233.6,2301.5,226.3,-34.3,-6.9,,,,
11.667,1,Atta_1,473.8,191.9,14.7,14.2,-2.2,,,,
11.667,2,Atta_2,658.3,316.2,10.2,58.2,-0.9,,,,
11.667,3,Atta_3,968.3,301.6,307.5,-93.9,-3.7,,,,
11.667,4,Atta_4,170.6,944.7,198.0,-87.8,-4.9,,,,
11.667,5,Atta_5,353.6,1189.9,199.6,-95.2,3.8,,,,
11.667,6,Atta_6,552.8,1455.8,40.7,34.5,2.2,,,,
11.667,7,Atta_7,422.3,1691.3,42.3,-107.4,-3.1,,,,
11.667,8,Atta_8,396.0,1842.5,59.0,29.3,-1.3,,,,
11.667,9,Atta_9,133.9,2077.6,148.4,-27.7,-3.3,,,,
11.667,10,Atta_10,249.7,2286.0,221.2,22.3,-5.1,,,,
11.79,1,Atta_1,409.5,184.6,10.3,-64.7,-4.4,,,,
11.79,2,Atta_2,666.9,358.4,7.1,43.1,-3.1,,,,
11.79,3,Atta_3,985.9,309.6,306.5,19.3,-1.0,,,,
11.79,4,Atta_4,184.1,886.5,200.2,59.7,2.2,,,,
11.79,5,Atta_5,277.9,1172.6,200.2,77.7,0.6,,,,
11.79,6,Atta_6,592.7,1460.5,45.7,40.2,5.0,,,,
11.79,7,Atta_7,528.8,1721.9,46.8,110.8,4.5,,,,
11.79,8,Atta_8,396.1,1911.3,57.9,68.8,-1.1,,,,
11.79,9,Atta_9,139.1,2138.1,151.4,60.7,3.0,,,,
11.79,10,Atta_10,224.0,2263.6,215.9,34.1,-5.3,,,,
11.856,1,Atta_1,477.3,198.9,5.6,69.3,-4.7,,,,
11.856,2,Atta_2,705.0,401.4,9.4,57.5,2.3,,,,
11.856,3,Atta_3,949.8,310.3,299.7,-36.1,-6.8,,,,
11.856,4,Atta_4,146.1,956.8,198.9,79.9,-1.3,,,,
11.856,5,Atta_5,299.9,1088.0,197.0,87.4,-3.2,,,,
11.856,6,Atta_6,547.4,1505.7,53.8,64.0,8.1,,,,
11.856,7,Atta_7,516.5,1763.1,45.9,43.0,-0.9,,,,
11.856,8,Atta_8,481.2,1835.0,57.0,-114.3,-0.9,,,,
11.856,9,Atta_9,87.5,2128.7,152.6,52.4,1.2,,,,
11.856,10,Atta_10,207.9,2291.8,213.5,-32.5,-2.4,,,,
11.924,1,Atta_1,486.3,218.7,358.6,21.7,-7.0,,,,
11.924,2,Atta_2,734.3,401.0,7.0,29.3,-2.4,,,,
11.924,3,Atta_3,981.6,347.6,295.2,-49.0,-4.5,,,,
11.924,4,Atta_4,161.5,935.5,201.7,-26.3,2.8,,,,
11.924,5,Atta_5,277.3,1092.1,194.7,23.0,-2.3,,,,
11.924,6,Atta_6,547.7,1442.7,58.2,-63.0,4.4,,,,
11.924,7,Atta_7,535.8,1722.6,37.9,-44.9,-8.0,,,,
11.924,8,Atta_8,406.1,1890.3,55.6,93.3,-1.4,,,,
11.924,9,Atta_9,119.0,2146.7,150.6,-36.3,-2.0,,,,
11.924,10,Atta_10,245.4,2270.5,206.1,-43.1,-7.4,,,,
11.992,1,Atta_1,459.5,224.9,356.7,-27.5,-1.9,,,,
11.992,2,Atta_2,718.1,390.2,7.2,-19.5,0.2,,,,
11.992,3,Atta_3,973.2,273.0,292.2,75.1,-3.0,,,,
11.992,4,Atta_4,218.1,888.1,202.9,-73.8,1.2,,,,
11.992,5,Atta_5,269.6,1096.0,199.2,8.6,4.5,,,,
11.992,6,Atta_6,573.0,1463.8,60.2,32.9,2.0,,,,
11.992,7,Atta_7,529.5,1655.2,42.5,-67.7,4.6,,,,
11.992,8,Atta_8,451.0,1875.3,58.3,47.3,2.7,,,,
11.992,9,Atta_9,110.4,2124.3,148.9,-24.0,-1.7,,,,
11.992,10,Atta_10,154.6,2279.8,205.9,91.3,-0.2,,,,
12.063,1,Atta_1,486.0,178.3,350.7,53.6,-6.0,,,,
12.063,2,Atta_2,713.9,407.5,11.1,-17.8,3.9,,,,
12.063,3,Atta_3,998.3,330.6,282.2,-62.8,-10.0,,,,
12.063,4,Atta_4,151.4,897.3,208.4,67.3,5.5,,,,
12.063,5,Atta_5,271.0,1151.6,193.5,-55.6,-5.7,,,,
12.063,6,Atta_6,574.2,1484.1,65.4,20.3,5.2,,,,
12.063,7,Atta_7,523.5,1757.7,46.5,102.7,4.0,,,,
12.063,8,Atta_8,391.8,1887.6,63.9,-60.5,5.6,,,,
12.063,9,Atta_9,96.0,2136.5,153.1,18.9,4.2,,,,
12.063,10,Atta_10,249.5,2292.2,194.9,-95.7,-11.0,,,,
12.129,1,Atta_1,458.6,231.3,347.7,-59.7,-3.0,,,,
12.129,2,Atta_2,774.9,373.6,8.1,69.8,-3.0,,,,
12.129,3,Atta_3,950.5,330.2,285.4,-47.8,3.2,,,,
12.129,4,Atta_4,191.8,891.7,210.2,-40.8,1.8,,,,
12.129,5,Atta_5,262.6,1173.2,196.5,23.2,3.0,,,,
12.129,6,Atta_6,563.3,1443.5,72.0,-42.0,6.6,,,,
12.129,7,Atta_7,574.6,1761.4,47.9,51.2,1.4,,,,
12.129,8,Atta_8,425.4,1854.3,66.2,-47.3,2.3,,,,
12.129,9,Atta_9,94.1,2099.8,150.8,-36.7,-2.3,,,,
12.129,10,Atta_10,232.7,2281.1,196.0,20.1,1.1,,,,
12.195,1,Atta_1,405.9,192.6,343.2,-65.4,-4.5,,,,
12.195,2,Atta_2,701.6,438.8,9.5,-98.1,1.4,,,,
12.195,3,Atta_3,940.8,340.4,286.9,-14.1,1.5,,,,
12.195,4,Atta_4,193.7,897.6,216.7,-6.2,6.5,,,,
12.195,5,Atta_5,185.7,1163.0,199.1,77.6,2.6,,,,
12.195,6,Atta_6,552.4,1483.6,73.9,41.6,1.9,,,,
12.195,7,Atta_7,519.5,1718.2,54.3,-70.0,6.4,,,,
12.195,8,Atta_8,445.5,1905.1,73.4,54.6,7.2,,,,
12.195,9,Atta_9,123.4,2102.0,150.1,-29.4,-0.7,,,,
12.195,10,Atta_10,283.6,2323.9,186.2,-66.5,-9.8,,,,
12.26,1,Atta_1,427.4,217.8,337.1,33.1,-6.1,,,,
12.26,2,Atta_2,722.4,409.5,11.6,35.9,2.1,,,,
12.26,3,Atta_3,982.1,330.8,288.1,42.4,1.2,,,,
12.26,4,Atta_4,173.6,894.6,221.3,20.3,4.6,,,,
12.26,5,Atta_5,204.9,1112.6,193.6,-53.9,-5.5,,,,
12.26,6,Atta_6,635.7,1474.6,76.6,83.8,2.7,,,,
12.26,7,Atta_7,573.4,1729.5,60.0,55.1,5.7,,,,
12.26,8,Atta_8,414.4,1861.3,73.2,-53.7,-0.2,,,,
12.26,9,Atta_9,101.4,2170.3,145.9,71.8,-4.2,,,,
12.26,10,Atta_10,253.3,2351.6,179.8,41.1,-6.4,,,,
12.33,1,Atta_1,510.8,234.7,335.5,85.1,-1.6,,,,
12.33,2,Atta_2,754.2,410.1,14.2,31.8,2.6,,,,
12.33,3,Atta_3,968.4,359.6,287.8,-31.9,-0.3,,,,
12.33,4,Atta_4,148.1,915.1,222.9,32.7,1.6,,,,
12.33,5,Atta_5,225.9,1131.0,197.4,-27.9,3.8,,,,
12.33,6,Atta_6,595.7,1475.8,88.1,-40.0,11.5,,,,
12.33,7,Atta_7,553.9,1727.3,63.5,-19.6,3.5,,,,
12.33,8,Atta_8,457.8,1824.7,82.5,-56.8,9.3,,,,
12.33,9,Atta_9,85.3,2034.5,149.3,-136.8,3.4,,,,
12.33,10,Atta_10,191.6,2307.7,181.7,75.7,1.9,,,,
12.386,1,Atta_1,454.3,192.4,333.8,-70.6,-1.7,,,,
12.386,2,Atta_2,825.6,390.9,6.4,73.9,-7.8,,,,
12.386,3,Atta_3,963.1,315.6,285.8,44.3,-2.0,,,,
12.386,4,Atta_4,123.3,906.2,226.9,26.3,4.0,,,,
12.386,5,Atta_5,221.4,1109.5,193.6,22.0,-3.8,,,,
12.386,6,Atta_6,610.9,1460.5,86.6,-21.6,-1.5,,,,
12.386,7,Atta_7,531.4,1685.7,64.7,-47.3,1.2,,,,
12.386,8,Atta_8,445.5,1921.6,81.9,97.7,-0.6,,,,
12.386,9,Atta_9,166.4,2054.8,144.8,-83.6,-4.5,,,,
12.386,10,Atta_10,274.1,2277.0,182.9,-88.0,1.2,,,,
12.455,1,Atta_1,427.5,204.5,337.1,-29.4,3.3,,,,
12.455,2,Atta_2,824.3,404.9,9.9,14.1,3.5,,,,
12.455,3,Atta_3,1026.9,339.4,281.6,-68.1,-4.2,,,,
12.455,4,Atta_4,192.1,875.7,236.8,-75.3,9.9,,,,
12.455,5,Atta_5,176.2,1101.2,188.2,46.0,-5.4,,,,
12.455,6,Atta_6,559.3,1536.6,83.7,91.9,-2.9,,,,
12.455,7,Atta_7,530.2,1774.9,71.0,89.2,6.3,,,,
12.455,8,Atta_8,430.5,1887.3,93.0,-37.4,11.1,,,,
12.455,9,Atta_9,176.8,2101.4,148.8,47.7,4.0,,,,
12.455,10,Atta_10,222.5,2290.8,182.6,53.4,-0.3,,,,
12.524,1,Atta_1,418.6,129.3,339.1,75.7,2.0,,,,
12.524,2,Atta_2,781.5,434.8,9.7,-52.2,-0.2,,,,
12.524,3,Atta_3,962.0,327.6,278.1,-66.0,-3.5,,,,
12.524,4,Atta_4,163.4,898.6,235.9,-36.7,-0.9,,,,
12.524,5,Atta_5,177.3,1187.6,188.8,-86.4,0.6,,,,
12.524,6,Atta_6,558.4,1449.5,84.7,-87.1,1.0,,,,
12.524,7,Atta_7,494.4,1732.4,75.1,-55.6,4.1,,,,
12.524,8,Atta_8,380.8,1906.9,92.7,53.4,-0.3,,,,
12.524,9,Atta_9,126.3,2056.7,149.1,67.4,0.3,,,,
12.524,10,Atta_10,256.7,2233.9,182.5,-66.4,-0.1,,,,
12.591,1,Atta_1,477.3,174.2,336.6,73.9,-2.5,,,,
12.591,2,Atta_2,851.6,375.2,8.8,92.0,-0.9,,,,
12.591,3,Atta_3,1015.7,332.8,272.8,54.0,-5.3,,,,
12.591,4,Atta_4,145.5,859.8,242.2,42.7,6.3,,,,
12.591,5,Atta_5,188.2,1114.7,185.1,73.7,-3.7,,,,
12.591,6,Atta_6,581.1,1502.2,88.8,57.4,4.1,,,,
12.591,7,Atta_7,482.0,1748.5,81.0,20.3,5.9,,,,
12.591,8,Atta_8,457.1,1945.5,98.5,85.5,5.8,,,,
12.591,9,Atta_9,153.9,2091.8,142.6,-44.7,-6.5,,,,
12.591,10,Atta_10,256.1,2318.6,184.7,-84.7,2.2,,,,
12.659,1,Atta_1,445.3,147.9,336.9,-41.4,0.3,,,,
12.659,2,Atta_2,776.4,418.4,6.9,-86.7,-1.9,,,,
12.659,3,Atta_3,959.4,289.8,267.8,70.8,-5.0,,,,
12.659,4,Atta_4,126.9,952.4,248.7,-94.4,6.5,,,,
12.659,5,Atta_5,228.0,1079.0,177.0,-53.5,-8.1,,,,
12.659,6,Atta_6,566.8,1484.4,83.1,-22.8,-5.7,,,,
12.659,7,Atta_7,590.8,1756.3,83.8,109.1,2.8,,,,
12.659,8,Atta_8,425.8,1912.1,99.1,-45.8,0.6,,,,
12.659,9,Atta_9,180.5,2064.3,141.6,-38.3,-1.0,,,,
12.659,10,Atta_10,200.4,2337.1,183.9,58.7,-0.8,,,,
12.726,1,Atta_1,479.2,167.9,338.5,39.4,1.6,,,,
12.726,2,Atta_2,846.9,401.0,9.2,72.6,2.3,,,,
12.726,3,Atta_3,964.0,325.8,263.9,-36.3,-3.9,,,,
12.726,4,Atta_4,144.8,927.4,252.0,30.7,3.3,,,,
12.726,5,Atta_5,179.8,1090.6,172.0,49.6,-5.0,,,,
12.726,6,Atta_6,525.9,1466.0,86.0,-44.8,2.9,,,,
12.726,7,Atta_7,565.9,1770.0,88.7,28.4,4.9,,,,
12.726,8,Atta_8,427.1,1880.4,95.8,-31.7,-3.3,,,,
12.726,9,Atta_9,215.3,2081.6,137.7,-38.9,-3.9,,,,
12.726,10,Atta_10,231.5,2258.4,182.7,-84.6,-1.2,,,,
12.793,1,Atta_1,498.7,145.4,335.2,29.8,-3.3,,,,
12.793,2,Atta_2,845.1,486.6,7.6,85.6,-1.6,,,,
12.793,3,Atta_3,1032.3,335.3,260.0,-69.0,-3.9,,,,
12.793,4,Atta_4,121.8,932.3,259.2,23.5,7.2,,,,
12.793,5,Atta_5,218.7,1048.9,168.6,-57.0,-3.4,,,,
12.793,6,Atta_6,596.7,1501.9,84.0,79.4,-2.0,,,,
12.793,7,Atta_7,517.5,1728.3,89.5,-63.9,0.8,,,,
12.793,8,Atta_8,410.1,1870.8,102.4,-19.5,6.6,,,,
12.793,9,Atta_9,182.3,2029.9,128.8,-61.3,-8.9,,,,
12.793,10,Atta_10,160.6,2302.2,178.2,83.3,-4.5,,,,
12.859,1,Atta_1,521.6,199.3,337.6,-58.6,2.4,,,,
12.859,2,Atta_2,888.8,426.1,12.1,74.6,4.5,,,,
12.859,3,Atta_3,991.0,330.4,254.3,41.6,-5.7,,,,
12.859,4,Atta_4,187.4,886.7,255.9,79.9,-3.3,,,,
12.859,5,Atta_5,172.3,1123.1,164.7,87.5,-3.9,,,,
12.859,6,Atta_6,635.2,1424.1,82.0,-86.8,-2.0,,,,
12.859,7,Atta_7,544.8,1752.5,98.3,36.5,8.8,,,,
12.859,8,Atta_8,365.6,1862.9,100.3,45.2,-2.1,,,,
12.859,9,Atta_9,170.7,2084.2,125.5,55.5,-3.3,,,,
12.859,10,Atta_10,280.2,2253.8,180.5,-129.0,2.3,,,,
12.928,1,Atta_1,546.4,146.1,334.2,58.7,-3.4,,,,
12.928,2,Atta_2,822.0,375.7,12.4,-83.7,0.3,,,,
12.928,3,Atta_3,978.8,328.8,254.6,12.3,0.3,,,,
12.928,4,Atta_4,190.7,912.4,255.6,-25.9,-0.3,,,,
12.928,5,Atta_5,234.0,1137.3,158.8,-63.3,-5.9,,,,
12.928,6,Atta_6,600.7,1512.0,83.9,94.4,1.9,,,,
12.928,7,Atta_7,548.6,1712.1,103.1,-40.6,4.8,,,,
12.928,8,Atta_8,441.7,1908.6,102.0,88.8,1.7,,,,
12.928,9,Atta_9,163.7,2028.8,120.4,-55.8,-5.1,,,,
12.928,10,Atta_10,179.5,2286.1,178.7,105.8,-1.8,,,,
12.994,1,Atta_1,493.7,159.6,336.6,-54.4,2.4,,,,
12.994,2,Atta_2,891.4,396.3,10.6,72.4,-1.8,,,,
12.994,3,Atta_3,926.9,304.3,246.2,57.4,-8.4,,,,
12.994,4,Atta_4,181.2,923.7,256.9,-14.8,1.3,,,,
12.994,5,Atta_5,204.1,1085.7,154.1,59.6,-4.7,,,,
12.994,6,Atta_6,546.1,1495.5,83.0,-57.0,-0.9,,,,
12.994,7,Atta_7,575.6,1715.1,108.7,-27.2,5.6,,,,
12.994,8,Atta_8,447.4,1915.0,100.0,8.6,-2.0,,,,
12.994,9,Atta_9,145.4,2047.8,118.6,26.4,-1.8,,,,
12.994,10,Atta_10,165.0,2300.9,180.3,20.7,1.6,,,,
13.064,1,Atta_1,448.9,115.7,333.8,-62.7,-2.8,,,,
13.064,2,Atta_2,886.0,367.9,8.6,-28.9,-2.0,,,,
13.064,3,Atta_3,973.3,306.3,243.8,-46.4,-2.4,,,,
13.064,4,Atta_4,152.5,914.8,260.0,30.0,3.1,,,,
13.064,5,Atta_5,187.9,1102.8,148.1,23.6,-6.0,,,,
13.064,6,Atta_6,545.4,1620.6,82.1,125.1,-0.9,,,,
13.064,7,Atta_7,556.8,1733.1,112.0,26.0,3.3,,,,
13.064,8,Atta_8,462.8,1923.2,100.7,17.4,0.7,,,,
13.064,9,Atta_9,127.8,2077.7,113.3,34.7,-5.3,,,,
13.064,10,Atta_10,182.8,2339.4,183.3,-42.4,3.0,,,,
13.126,1,Atta_1,483.6,160.3,336.1,56.5,2.3,,,,
13.126,2,Atta_2,877.0,384.8,8.3,-19.1,-0.3,,,,
13.126,3,Atta_3,933.8,280.4,235.1,47.2,-8.7,,,,
13.126,4,Atta_4,181.5,876.2,256.6,48.3,-3.4,,,,
13.126,5,Atta_5,212.8,1127.5,147.4,-35.1,-0.7,,,,
13.126,6,Atta_6,593.9,1501.1,89.6,-129.0,7.5,,,,
13.126,7,Atta_7,544.0,1726.3,117.5,-14.5,5.5,,,,
13.126,8,Atta_8,424.0,1927.5,101.6,39.0,0.9,,,,
13.126,9,Atta_9,229.7,2101.7,108.7,-104.7,-4.6,,,,
13.126,10,Atta_10,147.4,2253.8,181.1,92.6,-2.2,,,,
13.197,1,Atta_1,525.2,134.4,338.9,49.0,2.8,,,,
13.197,2,Atta_2,899.7,433.5,9.2,53.7,0.9,,,,
13.197,3,Atta_3,1009.9,304.7,232.6,-79.9,-2.5,,,,
13.197,4,Atta_4,166.7,857.8,260.4,23.6,3.8,,,,
13.197,5,Atta_5,233.9,1169.1,138.6,46.6,-8.8,,,,
13.197,6,Atta_6,598.4,1543.1,84.8,42.2,-4.8,,,,
13.197,7,Atta_7,571.0,1697.6,122.1,-39.4,4.6,,,,
13.197,8,Atta_8,438.9,1927.6,98.4,-14.9,-3.2,,,,
13.197,9,Atta_9,223.9,2077.5,100.9,-24.9,-7.8,,,,
13.197,10,Atta_10,160.5,2276.2,183.8,-25.9,2.7,,,,
13.263,1,Atta_1,623.3,128.1,337.4,98.3,-1.5,,,,
13.263,2,Atta_2,898.1,428.3,7.6,-5.4,-1.6,,,,
13.263,3,Atta_3,983.3,337.4,228.8,-42.2,-3.8,,,,
13.263,4,Atta_4,168.7,882.3,258.0,-24.6,-2.4,,,,
13.263,5,Atta_5,172.3,1151.9,141.2,64.0,2.6,,,,
13.263,6,Atta_6,565.1,1528.2,83.5,-36.5,-1.3,,,,
13.263,7,Atta_7,485.4,1742.4,124.3,96.6,2.2,,,,
13.263,8,Atta_8,407.5,1931.6,101.3,31.7,2.9,,,,
13.263,9,Atta_9,197.6,2113.6,98.0,44.7,-2.9,,,,
13.263,10,Atta_10,118.0,2252.7,178.9,48.6,-4.9,,,,
13.329,1,Atta_1,543.1,174.0,331.8,-92.4,-5.6,,,,
13.329,2,Atta_2,915.5,374.3,9.0,56.7,1.4,,,,
13.329,3,Atta_3,985.6,324.6,219.4,13.0,-9.4,,,,
13.329,4,Atta_4,149.6,925.5,253.8,-47.2,-4.2,,,,
13.329,5,Atta_5,228.5,1113.3,139.7,-68.2,-1.5,,,,
13.329,6,Atta_6,571.0,1586.6,82.0,58.7,-1.5,,,,
13.329,7,Atta_7,495.0,1736.4,132.0,-11.3,7.7,,,,
13.329,8,Atta_8,464.4,1932.1,101.1,-56.9,-0.2,,,,
13.329,9,Atta_9,103.2,2003.6,91.9,-145.0,-6.1,,,,
13.329,10,Atta_10,131.6,2295.6,181.7,-45.0,2.8,,,,
13.396,1,Atta_1,539.1,139.7,329.8,34.5,-2.0,,,,
13.396,2,Atta_2,929.5,452.2,10.1,79.1,1.1,,,,
13.396,3,Atta_3,995.8,322.2,221.1,-10.5,1.7,,,,
13.396,4,Atta_4,174.9,888.0,260.4,45.2,6.6,,,,
13.396,5,Atta_5,154.1,1083.1,138.7,80.3,-1.0,,,,
13.396,6,Atta_6,569.9,1613.6,86.4,27.0,4.4,,,,
13.396,7,Atta_7,576.5,1671.9,134.7,-103.9,2.7,,,,
13.396,8,Atta_8,430.0,1952.9,98.7,40.2,-2.4,,,,
13.396,9,Atta_9,134.3,2086.2,91.4,88.3,-0.5,,,,
13.396,10,Atta_10,118.2,2247.0,186.8,50.4,5.1,,,,
13.464,1,Atta_1,539.3,189.6,326.1,-49.9,-3.7,,,,
13.464,2,Atta_2,989.6,443.3,4.8,60.8,-5.3,,,,
13.464,3,Atta_3,981.4,346.2,212.0,-28.0,-9.1,,,,
13.464,4,Atta_4,177.8,894.6,260.6,-7.2,0.2,,,,
13.464,5,Atta_5,168.9,1102.5,137.3,24.4,-1.4,,,,
13.464,6,Atta_6,592.1,1627.5,86.6,26.2,0.2,,,,
13.464,7,Atta_7,537.7,1713.3,139.9,56.7,5.2,,,,
13.464,8,Atta_8,464.4,1989.6,97.1,50.3,-1.6,,,,
13.464,9,Atta_9,158.9,2064.1,90.9,-33.1,-0.5,,,,
13.464,10,Atta_10,147.6,2319.7,188.7,-78.4,1.9,,,,
13.532,1,Atta_1,595.5,211.2,318.5,60.2,-7.6,,,,
13.532,2,Atta_2,1006.7,425.2,10.6,24.9,5.8,,,,
13.532,3,Atta_3,964.0,352.2,215.9,18.4,3.9,,,,
13.532,4,Atta_4,212.1,786.5,257.3,113.4,-3.3,,,,
13.532,5,Atta_5,219.8,1185.2,139.4,97.1,2.1,,,,
13.532,6,Atta_6,616.2,1540.6,84.2,-90.2,-2.4,,,,
13.532,7,Atta_7,572.8,1701.2,143.2,-37.1,3.3,,,,
13.532,8,Atta_8,404.2,1940.2,105.3,-77.9,8.2,,,,
13.532,9,Atta_9,97.1,2011.5,91.2,-81.2,0.3,,,,
13.532,10,Atta_10,68.2,2279.9,197.4,88.8,8.7,,,,
13.599,1,Atta_1,550.6,124.2,315.6,97.9,-2.9,,,,
13.599,2,Atta_2,936.5,390.3,8.7,-78.4,-1.9,,,,
13.599,3,Atta_3,951.5,293.6,214.8,59.9,-1.1,,,,
13.599,4,Atta_4,95.2,809.6,256.6,119.2,-0.7,,,,
13.599,5,Atta_5,218.0,1124.0,139.9,-61.2,0.5,,,,
13.599,6,Atta_6,565.9,1605.4,82.8,82.0,-1.4,,,,
13.599,7,Atta_7,535.1,1731.5,149.6,48.4,6.4,,,,
13.599,8,Atta_8,361.0,2026.8,102.6,96.8,-2.7,,,,
13.599,9,Atta_9,133.4,2024.7,91.4,38.6,0.2,,,,
13.599,10,Atta_10,109.6,2254.9,196.9,-48.4,-0.5,,,,
13.665,1,Atta_1,533.0,202.9,311.0,-80.6,-4.6,,,,
13.665,2,Atta_2,997.5,414.9,9.4,65.8,0.7,,,,
13.665,3,Atta_3,967.0,325.5,214.6,-35.5,-0.2,,,,
13.665,4,Atta_4,161.7,828.1,257.9,-69.0,1.3,,,,
13.665,5,Atta_5,151.4,1076.0,140.5,82.1,0.6,,,,
13.665,6,Atta_6,544.5,1531.8,82.6,-76.6,-0.2,,,,
13.665,7,Atta_7,485.1,1765.7,152.2,60.6,2.6,,,,
13.665,8,Atta_8,384.2,2019.2,104.2,-24.4,1.6,,,,
13.665,9,Atta_9,166.7,2173.3,88.7,152.3,-2.7,,,,
13.665,10,Atta_10,96.9,2270.9,202.7,20.4,5.8,,,,
13.783,1,Atta_1,560.7,129.9,309.6,78.1,-1.4,,,,
13.783,2,Atta_2,1000.3,453.5,9.6,38.7,0.2,,,,
13.783,3,Atta_3,1034.6,300.4,216.2,-72.1,1.6,,,,
13.783,4,Atta_4,173.3,832.3,262.8,-12.3,4.9,,,,
13.783,5,Atta_5,161.5,1171.7,139.2,96.2,-1.3,,,,
13.783,6,Atta_6,570.1,1531.3,79.7,25.6,-2.9,,,,
13.783,7,Atta_7,551.3,1750.2,149.7,-68.0,-2.5,,,,
13.783,8,Atta_8,441.3,2064.3,100.2,72.8,-4.0,,,,
13.783,9,Atta_9,189.9,2070.0,90.0,-105.9,1.3,,,,
13.783,10,Atta_10,121.9,2280.2,211.2,-26.7,8.5,,,,
13.852,1,Atta_1,531.3,189.8,296.2,-66.7,-13.4,,,,
13.852,2,Atta_2,987.7,449.9,8.2,-13.1,-1.4,,,,
13.852,3,Atta_3,957.5,334.1,212.7,84.1,-3.5,,,,
13.852,4,Atta_4,151.1,743.6,258.4,91.4,-4.4,,,,
13.852,5,Atta_5,160.5,1178.0,139.5,6.4,0.3,,,,
13.852,6,Atta_6,611.8,1515.0,84.4,-44.8,4.7,,,,
13.852,7,Atta_7,591.9,1735.5,166.8,-43.2,17.1,,,,
13.852,8,Atta_8,381.9,2025.6,98.7,-70.9,-1.5,,,,
13.852,9,Atta_9,149.2,2105.8,87.7,54.2,-2.3,,,,
13.852,10,Atta_10,159.2,2297.3,216.9,-41.0,5.7,,,,
13.921,1,Atta_1,582.6,181.6,294.2,52.0,-2.0,,,,
13.921,2,Atta_2,1014.7,413.4,5.8,45.4,-2.4,,,,
13.921,3,Atta_3,908.5,327.0,215.8,49.5,3.1,,,,
13.921,4,Atta_4,180.0,774.1,255.4,-42.0,-3.0,,,,
13.921,5,Atta_5,166.5,1172.4,140.0,-8.2,0.5,,,,
13.921,6,Atta_6,547.8,1532.3,85.4,66.3,1.0,,,,
13.921,7,Atta_7,557.3,1725.1,170.9,36.1,4.1,,,,
13.921,8,Atta_8,373.1,2092.7,100.6,67.7,1.9,,,,
13.921,9,Atta_9,100.5,2093.6,91.3,-50.2,3.6,,,,
13.921,10,Atta_10,113.9,2327.7,224.3,54.6,7.4,,,,
14.051,1,Atta_1,552.3,126.2,295.2,63.1,1.0,,,,
14.051,2,Atta_2,1109.4,432.3,5.8,96.6,0.0,,,,
14.051,3,Atta_3,958.0,263.4,215.8,-80.6,0.0,,,,
14.051,4,Atta_4,165.3,804.6,252.4,-33.9,-3.0,,,,
14.051,5,Atta_5,128.0,1195.1,140.4,44.7,0.4,,,,
14.051,6,Atta_6,566.7,1489.3,79.0,-47.0,-6.4,,,,
14.051,7,Atta_7,529.5,1741.6,174.1,32.3,3.2,,,,
14.051,8,Atta_8,436.9,2076.2,98.0,-65.9,-2.6,,,,
14.051,9,Atta_9,144.9,2148.0,92.2,70.2,0.9,,,,
14.051,10,Atta_10,77.0,2282.8,225.1,58.1,0.8,,,,
14.118,1,Atta_1,572.7,120.6,294.0,21.2,-1.2,,,,
14.118,2,Atta_2,1057.4,384.2,7.9,-70.8,2.1,,,,
14.118,3,Atta_3,958.6,258.1,214.9,5.3,-0.9,,,,
14.118,4,Atta_4,121.8,771.9,246.1,54.4,-6.3,,,,
14.118,5,Atta_5,120.3,1182.8,139.6,-14.5,-0.8,,,,
14.118,6,Atta_6,580.5,1495.3,72.6,15.0,-6.4,,,,
14.118,7,Atta_7,523.9,1750.9,176.1,10.9,2.0,,,,
14.118,8,Atta_8,383.1,2062.6,95.1,-55.5,-2.9,,,,
14.118,9,Atta_9,175.9,2102.5,91.3,-55.1,-0.9,,,,
14.118,10,Atta_10,143.7,2300.5,227.8,-69.0,2.7,,,,
14.174,1,Atta_1,555.8,99.5,296.5,27.0,2.5,,,,
14.174,2,Atta_2,1050.6,468.5,9.7,84.6,1.8,,,,
14.174,3,Atta_3,885.8,292.2,212.5,80.4,-2.4,,,,
14.174,4,Atta_4,108.0,722.4,238.5,51.4,-7.6,,,,
14.174,5,Atta_5,123.2,1192.1,138.4,9.7,-1.2,,,,
14.174,6,Atta_6,550.1,1525.8,69.1,43.1,-3.5,,,,
14.174,7,Atta_7,540.6,1744.1,173.8,-18.0,-2.3,,,,
14.174,8,Atta_8,404.2,2106.8,97.9,49.0,2.8,,,,
14.174,9,Atta_9,159.4,2189.9,88.3,88.9,-3.0,,,,
14.174,10,Atta_10,146.6,2256.9,235.2,43.7,7.4,,,,
14.244,1,Atta_1,569.0,108.2,292.7,-15.8,-3.8,,,,
14.244,2,Atta_2,1043.6,448.5,10.2,-21.2,0.5,,,,
14.244,3,Atta_3,942.7,289.7,214.2,-57.0,1.7,,,,
14.244,4,Atta_4,121.0,798.2,235.5,-76.9,-3.0,,,,
14.244,5,Atta_5,88.5,1172.5,140.8,39.9,2.4,,,,
14.244,6,Atta_6,651.1,1492.4,62.6,106.4,-6.5,,,,
14.244,7,Atta_7,543.1,1702.9,175.4,-41.3,1.6,,,,
14.244,8,Atta_8,373.8,2072.4,102.5,-45.9,4.6,,,,
14.244,9,Atta_9,211.9,2152.7,93.1,-64.3,4.8,,,,
14.244,10,Atta_10,124.9,2265.1,242.7,23.2,7.5,,,,
14.313,1,Atta_1,490.0,163.5,293.8,-96.4,1.1,,,,
14.313,2,Atta_2,1104.4,450.7,7.7,60.8,-2.5,,,,
14.313,3,Atta_3,887.2,298.9,215.3,56.3,1.1,,,,
14.313,4,Atta_4,168.2,789.1,234.3,-48.1,-1.2,,,,
14.313,5,Atta_5,88.5,1182.1,138.6,9.6,-2.2,,,,
14.313,6,Atta_6,567.2,1512.6,58.4,-86.3,-4.2,,,,
14.313,7,Atta_7,509.9,1715.0,174.5,35.3,-0.9,,,,
14.313,8,Atta_8,315.4,2087.4,100.5,60.3,-2.0,,,,
14.313,9,Atta_9,211.1,2128.0,94.5,-24.7,1.4,,,,
14.313,10,Atta_10,113.6,2311.3,244.6,-47.6,1.9,,,,
14.382,1,Atta_1,616.3,168.6,298.5,126.4,4.7,,,,
14.382,2,Atta_2,1153.0,407.2,9.2,65.2,1.5,,,,
14.382,3,Atta_3,854.9,365.9,218.2,-74.4,2.9,,,,
14.382,4,Atta_4,146.6,804.3,226.6,26.4,-7.7,,,,
14.382,5,Atta_5,58.3,1153.8,143.0,41.4,4.4,,,,
14.382,6,Atta_6,553.4,1492.6,51.9,-24.3,-6.5,,,,
14.382,7,Atta_7,555.6,1749.9,174.2,-57.5,-0.3,,,,
14.382,8,Atta_8,422.1,2160.5,98.6,129.3,-1.9,,,,
14.382,9,Atta_9,236.7,2077.8,87.8,-56.4,-6.7,,,,
14.382,10,Atta_10,97.2,2325.8,248.7,-21.9,4.1,,,,
14.45,1,Atta_1,579.0,185.7,300.9,-41.0,2.4,,,,
14.45,2,Atta_2,1132.5,458.7,9.0,-55.4,-0.2,,,,
14.45,3,Atta_3,903.9,254.5,211.5,121.7,-6.7,,,,
14.45,4,Atta_4,96.4,794.0,219.3,51.2,-7.3,,,,
14.45,5,Atta_5,75.7,1168.7,140.6,-22.9,-2.4,,,,
14.45,6,Atta_6,537.8,1459.5,50.6,-36.6,-1.3,,,,
14.45,7,Atta_7,590.0,1764.1,174.1,-37.2,-0.1,,,,
14.45,8,Atta_8,334.9,2126.1,97.2,-93.7,-1.4,,,,
14.45,9,Atta_9,183.9,2089.7,89.3,54.1,1.5,,,,
14.45,10,Atta_10,75.8,2278.7,254.2,51.7,5.5,,,,
14.519,1,Atta_1,584.7,148.9,311.2,37.2,10.3,,,,
14.519,2,Atta_2,1159.1,462.4,4.7,26.9,-4.3,,,,
14.519,3,Atta_3,853.5,239.1,214.8,52.7,3.3,,,,
14.519,4,Atta_4,146.5,817.8,220.3,-55.5,1.0,,,,
14.519,5,Atta_5,144.4,1200.0,136.5,-75.5,-4.1,,,,
14.519,6,Atta_6,551.8,1517.4,42.8,59.6,-7.8,,,,
14.519,7,Atta_7,530.7,1688.5,174.1,96.1,0.0,,,,
14.519,8,Atta_8,336.0,2216.4,96.1,90.3,-1.1,,,,
14.519,9,Atta_9,144.7,2080.6,91.1,-40.2,1.8,,,,
14.519,10,Atta_10,101.0,2279.8,254.9,-25.2,0.7,,,,
14.588,1,Atta_1,593.5,149.9,315.0,8.9,3.8,,,,
14.588,2,Atta_2,1150.7,448.0,9.3,-16.7,4.6,,,,
14.588,3,Atta_3,869.5,235.2,210.4,-16.5,-4.4,,,,
14.588,4,Atta_4,173.9,817.0,216.6,-27.4,-3.7,,,,
14.588,5,Atta_5,141.1,1252.0,137.4,52.1,0.9,,,,
14.588,6,Atta_6,545.9,1504.6,40.2,-14.1,-2.6,,,,
14.588,7,Atta_7,503.0,1729.3,177.3,49.3,3.2,,,,
14.588,8,Atta_8,370.5,2183.6,98.2,-47.6,2.1,,,,
14.588,9,Atta_9,163.7,2138.7,93.8,61.1,2.7,,,,
14.588,10,Atta_10,116.0,2296.0,264.1,-22.1,9.2,,,,
14.657,1,Atta_1,505.7,168.9,319.2,-89.8,4.2,,,,
14.657,2,Atta_2,1130.1,513.2,9.6,-68.4,0.3,,,,
14.657,3,Atta_3,885.8,235.2,215.3,-16.3,4.9,,,,
14.657,4,Atta_4,97.0,749.8,212.3,102.1,-4.3,,,,
14.657,5,Atta_5,76.1,1160.0,132.9,-112.6,-4.5,,,,
14.657,6,Atta_6,592.4,1534.7,38.7,55.4,-1.5,,,,
14.657,7,Atta_7,480.5,1713.6,174.2,27.4,-3.1,,,,
14.657,8,Atta_8,391.1,2220.6,101.7,42.3,3.5,,,,
14.657,9,Atta_9,175.3,2127.0,87.4,-16.5,-6.4,,,,
14.657,10,Atta_10,141.3,2256.1,270.3,47.2,6.2,,,,
14.723,1,Atta_1,520.1,65.6,322.3,104.3,3.1,,,,
14.723,2,Atta_2,1174.6,434.4,11.7,90.5,2.1,,,,
14.723,3,Atta_3,837.9,217.8,212.2,51.0,-3.1,,,,
14.723,4,Atta_4,194.0,755.6,216.4,-97.2,4.1,,,,
14.723,5,Atta_5,125.6,1145.1,136.4,-51.7,3.5,,,,
14.723,6,Atta_6,624.2,1480.8,33.2,-62.6,-5.5,,,,
14.723,7,Atta_7,484.9,1730.6,176.6,-17.6,2.4,,,,
14.723,8,Atta_8,363.0,2188.2,99.9,-42.9,-1.8,,,,
14.723,9,Atta_9,170.2,2097.3,91.6,-30.1,4.2,,,,
14.723,10,Atta_10,141.9,2296.1,273.6,-40.0,3.3,,,,
14.789,1,Atta_1,569.1,160.4,327.2,-106.7,4.9,,,,
14.789,2,Atta_2,1167.9,436.8,8.1,-7.1,-3.6,,,,
14.789,3,Atta_3,823.5,288.1,213.2,-71.8,1.0,,,,
14.789,4,Atta_4,170.0,799.7,219.0,-50.2,2.6,,,,
14.789,5,Atta_5,150.1,1163.0,133.4,-30.3,-3.0,,,,
14.789,6,Atta_6,594.6,1528.7,27.3,56.3,-5.9,,,,
14.789,7,Atta_7,438.0,1728.5,178.6,46.9,2.0,,,,
14.789,8,Atta_8,388.2,2157.0,99.2,-40.1,-0.7,,,,
14.789,9,Atta_9,150.3,2045.4,90.2,-55.6,-1.4,,,,
14.789,10,Atta_10,166.0,2337.7,276.8,-48.1,3.2,,,,
14.857,1,Atta_1,547.6,150.2,331.3,-23.8,4.1,,,,
14.857,2,Atta_2,1134.1,415.5,9.9,-40.0,1.8,,,,
14.857,3,Atta_3,852.4,186.5,215.4,105.6,2.2,,,,
14.857,4,Atta_4,182.2,823.4,215.0,-26.7,-4.0,,,,
14.857,5,Atta_5,176.1,1163.0,136.7,-26.0,3.3,,,,
14.857,6,Atta_6,576.2,1528.4,27.6,-18.4,0.3,,,,
14.857,7,Atta_7,414.0,1766.1,178.2,44.6,-0.4,,,,
14.857,8,Atta_8,365.5,2195.6,101.2,44.8,2.0,,,,
14.857,9,Atta_9,160.6,2072.5,90.9,29.0,0.7,,,,
14.857,10,Atta_10,177.9,2333.7,280.9,12.6,4.1,,,,
14.919,1,Atta_1,577.2,102.6,337.9,56.1,6.6,,,,
14.919,2,Atta_2,1234.9,460.4,6.3,110.3,-3.6,,,,
14.919,3,Atta_3,774.8,213.4,210.8,82.1,-4.6,,,,
14.919,4,Atta_4,134.6,790.6,215.8,57.8,0.8,,,,
14.919,5,Atta_5,191.4,1118.6,133.3,-47.0,-3.4,,,,
14.919,6,Atta_6,554.1,1563.6,29.6,-41.6,2.0,,,,
14.919,7,Atta_7,463.8,1753.3,175.0,-51.4,-3.2,,,,
14.919,8,Atta_8,294.1,2178.4,100.1,-73.4,-1.1,,,,
14.919,9,Atta_9,208.4,2043.7,91.5,-55.8,0.6,,,,
14.919,10,Atta_10,115.0,2308.0,286.0,67.9,5.1,,,,
14.989,1,Atta_1,538.1,173.8,339.9,-81.2,2.0,,,,
14.989,2,Atta_2,1226.3,410.8,9.0,-50.3,2.7,,,,
14.989,3,Atta_3,834.7,225.2,211.1,-61.1,0.3,,,,
14.989,4,Atta_4,131.8,802.7,218.4,-12.4,2.6,,,,
14.989,5,Atta_5,187.6,1146.9,134.7,28.6,1.4,,,,
14.989,6,Atta_6,590.9,1514.2,22.2,61.6,-7.4,,,,
14.989,7,Atta_7,449.5,1760.8,175.3,16.1,0.3,,,,
14.989,8,Atta_8,368.2,2200.5,99.0,77.3,-1.1,,,,
14.989,9,Atta_9,207.3,1997.7,88.8,-46.0,-2.7,,,,
14.989,10,Atta_10,148.0,2270.0,289.0,50.3,3.0,,,,
15.058,1,Atta_1,552.2,136.0,349.6,40.3,9.7,,,,
15.058,2,Atta_2,1217.4,443.9,6.6,-34.3,-2.4,,,,
15.058,3,Atta_3,831.6,253.8,213.6,-28.8,2.5,,,,
15.058,4,Atta_4,128.4,792.6,214.7,10.7,-3.7,,,,
15.058,5,Atta_5,204.1,1102.8,135.4,-47.1,0.7,,,,
15.058,6,Atta_6,572.7,1469.3,24.8,-48.4,2.6,,,,
15.058,7,Atta_7,382.5,1766.5,177.2,67.2,1.9,,,,
15.058,8,Atta_8,358.8,2286.6,97.3,86.6,-1.7,,,,
15.058,9,Atta_9,157.3,1992.6,91.6,-50.3,2.8,,,,
15.058,10,Atta_10,114.7,2305.5,295.6,-48.7,6.6,,,,
15.128,1,Atta_1,563.5,149.0,352.8,17.2,3.2,,,,
15.128,2,Atta_2,1236.3,465.6,13.1,28.8,6.5,,,,
15.128,3,Atta_3,818.7,237.7,217.2,20.6,3.6,,,,
15.128,4,Atta_4,87.1,716.3,217.5,86.8,2.8,,,,
15.128,5,Atta_5,207.0,1163.6,137.9,60.9,2.5,,,,
15.128,6,Atta_6,533.2,1525.6,27.2,-68.8,2.4,,,,
15.128,7,Atta_7,381.3,1743.6,180.3,22.9,3.1,,,,
15.128,8,Atta_8,334.6,2258.8,105.9,-36.9,8.6,,,,
15.128,9,Atta_9,154.1,2018.0,87.2,25.6,-4.4,,,,
15.128,10,Atta_10,116.7,2285.4,297.9,20.2,2.3,,,,
15.184,1,Atta_1,558.4,145.6,354.5,-6.1,1.7,,,,
15.184,2,Atta_2,1217.8,489.0,6.1,-29.8,-7.0,,,,
15.184,3,Atta_3,783.3,186.9,213.3,61.9,-3.9,,,,
15.184,4,Atta_4,99.7,770.6,218.1,-55.7,0.6,,,,
15.184,5,Atta_5,129.7,1122.4,136.3,87.6,-1.6,,,,
15.184,6,Atta_6,593.4,1490.4,26.9,69.7,-0.3,,,,
15.184,7,Atta_7,412.4,1733.1,176.3,-32.8,-4.0,,,,
15.184,8,Atta_8,364.5,2173.7,108.3,-90.2,2.4,,,,
15.184,9,Atta_9,149.1,2063.8,84.9,46.1,-2.3,,,,
15.184,10,Atta_10,129.5,2376.7,304.3,-92.2,6.4,,,,
15.235,1,Atta_1,597.5,146.4,358.9,39.1,4.4,,,,
15.235,2,Atta_2,1252.8,462.3,8.2,44.0,2.1,,,,
15.235,3,Atta_3,770.9,151.1,216.5,37.9,3.2,,,,
15.235,4,Atta_4,120.6,790.2,221.0,-28.7,2.9,,,,
15.235,5,Atta_5,179.5,1118.0,134.0,-50.0,-2.3,,,,
15.235,6,Atta_6,657.4,1518.1,27.6,69.7,0.7,,,,
15.235,7,Atta_7,365.9,1702.8,172.2,55.5,-4.1,,,,
15.235,8,Atta_8,358.8,2210.0,111.2,36.7,2.9,,,,
15.235,9,Atta_9,153.5,2046.8,76.4,-17.6,-8.5,,,,
15.235,10,Atta_10,122.2,2290.8,308.2,86.2,3.9,,,,
15.305,1,Atta_1,536.4,104.7,5.8,-74.0,6.9,,,,
15.305,2,Atta_2,1310.7,457.6,8.4,58.1,0.2,,,,
15.305,3,Atta_3,782.5,197.5,214.9,-47.8,-1.6,,,,
15.305,4,Atta_4,119.2,774.0,219.7,16.3,-1.3,,,,
15.305,5,Atta_5,211.2,1084.0,132.7,-46.5,-1.3,,,,
15.305,6,Atta_6,569.7,1575.2,27.2,-104.7,-0.4,,,,
15.305,7,Atta_7,334.9,1720.5,174.9,35.7,2.7,,,,
15.305,8,Atta_8,371.2,2267.6,116.5,58.9,5.3,,,,
15.305,9,Atta_9,230.9,2013.8,69.9,-84.1,-6.5,,,,
15.305,10,Atta_10,89.0,2318.9,312.8,-43.5,4.6,,,,
15.375,1,Atta_1,583.1,144.7,12.2,61.5,6.4,,,,
15.375,2,Atta_2,1270.2,465.6,8.8,-41.3,0.4,,,,
15.375,3,Atta_3,810.9,179.7,214.5,-33.5,-0.4,,,,
15.375,4,Atta_4,98.0,758.0,219.3,26.6,-0.4,,,,
15.375,5,Atta_5,225.5,1114.0,126.7,33.2,-6.0,,,,
15.375,6,Atta_6,634.0,1519.8,28.9,84.9,1.7,,,,
15.375,7,Atta_7,444.2,1772.8,174.4,-121.2,-0.5,,,,
15.375,8,Atta_8,427.5,2241.5,126.0,-62.1,9.5,,,,
15.375,9,Atta_9,199.5,2008.9,70.9,-31.8,1.0,,,,
15.375,10,Atta_10,74.3,2293.9,315.0,29.0,2.2,,,,
15.441,1,Atta_1,603.2,83.9,13.5,64.0,1.3,,,,
15.441,2,Atta_2,1242.9,517.2,4.7,-58.4,-4.1,,,,
15.441,3,Atta_3,764.0,209.5,214.8,55.6,0.3,,,,
15.441,4,Atta_4,152.7,805.4,221.5,-72.4,2.2,,,,
15.441,5,Atta_5,154.0,1149.2,124.7,79.7,-2.0,,,,
15.441,6,Atta_6,660.5,1498.5,29.9,34.0,1.0,,,,
15.441,7,Atta_7,342.7,1728.1,176.8,110.9,2.4,,,,
15.441,8,Atta_8,346.8,2211.7,128.4,86.0,2.4,,,,
15.441,9,Atta_9,99.7,1975.2,67.4,-105.3,-3.5,,,,
15.441,10,Atta_10,86.0,2263.9,318.9,32.2,3.9,,,,
15.51,1,Atta_1,545.5,112.0,22.9,-64.2,9.4,,,,
15.51,2,Atta_2,1276.2,467.8,6.9,59.6,2.2,,,,
15.51,3,Atta_3,766.4,163.8,210.9,45.8,-3.9,,,,
15.51,4,Atta_4,123.8,767.8,220.5,47.4,-1.0,,,,
15.51,5,Atta_5,174.8,1053.3,119.1,-98.1,-5.6,,,,
15.51,6,Atta_6,636.9,1539.7,26.6,47.5,-3.3,,,,
15.51,7,Atta_7,349.8,1745.0,171.9,-18.3,-4.9,,,,
15.51,8,Atta_8,359.0,2257.5,134.4,47.4,6.0,,,,
15.51,9,Atta_9,161.8,2034.5,57.4,85.9,-10.0,,,,
15.51,10,Atta_10,123.3,2264.9,324.4,37.3,5.5,,,,
15.576,1,Atta_1,600.0,155.5,24.8,69.7,1.9,,,,
15.576,2,Atta_2,1265.9,456.3,6.9,-15.4,0.0,,,,
15.576,3,Atta_3,759.2,193.5,215.2,-30.6,4.3,,,,
15.576,4,Atta_4,134.2,774.7,217.7,-12.5,-2.8,,,,
15.576,5,Atta_5,207.4,1103.9,112.8,60.2,-6.3,,,,
15.576,6,Atta_6,657.1,1582.9,25.2,47.7,-1.4,,,,
15.576,7,Atta_7,346.2,1735.9,176.2,9.8,4.3,,,,
15.576,8,Atta_8,402.0,2273.8,137.9,-46.0,3.5,,,,
15.576,9,Atta_9,178.6,1989.5,56.8,-48.0,-0.6,,,,
15.576,10,Atta_10,111.2,2307.7,329.3,-44.5,4.9,,,,
15.646,1,Atta_1,563.8,123.0,27.1,-48.6,2.3,,,,
15.646,2,Atta_2,1282.3,482.2,7.2,30.7,0.3,,,,
15.646,3,Atta_3,767.7,137.7,213.0,56.4,-2.2,,,,
15.646,4,Atta_4,145.5,844.3,219.2,-70.5,1.5,,,,
15.646,5,Atta_5,185.3,1129.5,106.3,33.8,-6.5,,,,
15.646,6,Atta_6,716.8,1583.2,25.9,59.7,0.7,,,,
15.646,7,Atta_7,331.3,1717.7,173.9,23.5,-2.3,,,,
15.646,8,Atta_8,367.5,2164.0,137.5,-115.1,-0.4,,,,
15.646,9,Atta_9,200.3,1985.1,47.8,22.1,-9.0,,,,
15.646,10,Atta_10,84.8,2267.3,337.5,-48.3,8.2,,,,
15.768,1,Atta_1,551.2,109.6,30.3,-18.4,3.2,,,,
15.768,2,Atta_2,1303.5,467.8,7.9,25.6,0.7,,,,
15.768,3,Atta_3,731.1,134.1,214.1,36.8,1.1,,,,
15.768,4,Atta_4,165.4,845.5,221.6,-19.9,2.4,,,,
15.768,5,Atta_5,175.1,1086.6,108.7,-44.1,2.4,,,,
15.768,6,Atta_6,667.1,1541.3,25.1,-65.0,-0.8,,,,
15.768,7,Atta_7,380.7,1699.4,175.0,-52.7,1.1,,,,
15.768,8,Atta_8,353.7,2215.2,144.2,53.0,6.7,,,,
15.768,9,Atta_9,124.6,2039.7,42.9,-93.3,-4.9,,,,
15.768,10,Atta_10,136.8,2261.9,339.2,52.3,1.7,,,,
15.836,1,Atta_1,503.6,167.5,36.1,-75.0,5.8,,,,
15.836,2,Atta_2,1359.4,496.6,8.8,62.9,0.9,,,,
15.836,3,Atta_3,696.8,96.9,214.4,50.6,0.3,,,,
15.836,4,Atta_4,162.0,784.1,224.3,61.5,2.7,,,,
15.836,5,Atta_5,245.4,1086.7,98.3,-70.3,-10.4,,,,
15.836,6,Atta_6,666.7,1619.9,29.8,78.6,4.7,,,,
15.836,7,Atta_7,326.6,1731.1,174.0,62.7,-1.0,,,,
15.836,8,Atta_8,374.5,2265.4,148.4,54.3,4.2,,,,
15.836,9,Atta_9,135.9,2008.4,42.0,-33.3,-0.9,,,,
15.836,10,Atta_10,154.3,2257.4,340.3,18.1,1.1,,,,
15.902,1,Atta_1,567.8,151.0,44.1,66.3,8.0,,,,
15.902,2,Atta_2,1350.2,496.6,5.6,-9.2,-3.2,,,,
15.902,3,Atta_3,766.7,165.4,217.1,-97.9,2.7,,,,
15.902,4,Atta_4,220.5,810.2,217.2,-64.1,-7.1,,,,
15.902,5,Atta_5,201.7,1071.3,93.6,-46.3,-4.7,,,,
15.902,6,Atta_6,679.5,1567.7,36.4,-53.7,6.6,,,,
15.902,7,Atta_7,285.3,1786.7,176.0,69.3,2.0,,,,
15.902,8,Atta_8,332.9,2202.5,157.4,75.4,9.0,,,,
15.902,9,Atta_9,204.6,2061.1,32.3,86.6,-9.7,,,,
15.902,10,Atta_10,33.3,2316.2,349.8,-134.5,9.5,,,,
15.971,1,Atta_1,538.5,190.1,48.7,48.9,4.6,,,,
15.971,2,Atta_2,1339.5,476.8,3.6,-22.5,-2.0,,,,
15.971,3,Atta_3,800.3,98.6,214.8,74.8,-2.3,,,,
15.971,4,Atta_4,213.9,867.4,218.8,-57.6,1.6,,,,
15.971,5,Atta_5,238.5,1066.0,85.0,-37.2,-8.6,,,,
15.971,6,Atta_6,691.1,1611.7,35.7,45.5,-0.7,,,,
15.971,7,Atta_7,245.5,1768.8,174.9,43.6,-1.1,,,,
15.971,8,Atta_8,370.1,2305.9,156.9,109.9,-0.5,,,,
15.971,9,Atta_9,161.9,2014.8,26.6,-63.0,-5.7,,,,
15.971,10,Atta_10,146.4,2299.9,1.3,114.3,11.5,,,,
16.1,1,Atta_1,586.1,165.4,54.7,53.6,6.0,,,,
16.1,2,Atta_2,1416.7,562.2,8.7,115.1,5.1,,,,
16.1,3,Atta_3,684.3,116.7,218.5,117.4,3.7,,,,
16.1,4,Atta_4,158.8,809.7,218.8,79.8,0.0,,,,
16.1,5,Atta_5,183.9,1123.2,76.1,79.1,-8.9,,,,
16.1,6,Atta_6,727.1,1523.6,42.0,-95.2,6.3,,,,
16.1,7,Atta_7,222.4,1813.3,175.4,50.1,0.5,,,,
16.1,8,Atta_8,369.2,2239.6,158.5,-66.3,1.6,,,,
16.1,9,Atta_9,137.4,2032.7,20.0,-30.3,-6.6,,,,
16.1,10,Atta_10,127.2,2326.1,0.5,-32.5,-0.8,,,,
16.172,1,Atta_1,591.5,147.0,55.9,-19.2,1.2,,,,
16.172,2,Atta_2,1415.2,494.7,4.6,-67.5,-4.1,,,,
16.172,3,Atta_3,722.1,135.2,216.2,-42.1,-2.3,,,,
16.172,4,Atta_4,221.6,840.5,220.6,-69.9,1.8,,,,
16.172,5,Atta_5,150.7,1118.4,71.9,-33.5,-4.2,,,,
16.172,6,Atta_6,706.1,1612.0,45.8,90.9,3.8,,,,
16.172,7,Atta_7,221.8,1721.3,174.7,-92.0,-0.7,,,,
16.172,8,Atta_8,364.4,2188.8,156.7,-51.0,-1.8,,,,
16.172,9,Atta_9,197.8,2020.5,18.0,61.6,-2.0,,,,
16.172,10,Atta_10,71.5,2296.6,359.0,-63.0,-1.5,,,,
16.227,1,Atta_1,565.3,163.2,62.4,-30.8,6.5,,,,
16.227,2,Atta_2,1436.7,472.9,2.9,30.6,-1.7,,,,
16.227,3,Atta_3,758.7,157.5,213.8,-42.9,-2.4,,,,
16.227,4,Atta_4,200.9,869.4,225.5,-35.5,4.9,,,,
16.227,5,Atta_5,222.2,1129.4,72.2,72.3,0.3,,,,
16.227,6,Atta_6,718.6,1598.5,49.0,-18.4,3.2,,,,
16.227,7,Atta_7,196.3,1717.1,172.9,25.8,-1.8,,,,
16.227,8,Atta_8,372.5,2264.5,157.6,76.1,0.9,,,,
16.227,9,Atta_9,129.2,1966.2,15.3,-87.5,-2.7,,,,
16.227,10,Atta_10,168.0,2299.8,0.9,96.6,1.9,,,,
16.297,1,Atta_1,530.9,106.3,67.9,-66.5,5.5,,,,
16.297,2,Atta_2,1431.4,411.6,6.0,-61.5,3.1,,,,
16.297,3,Atta_3,771.9,179.9,215.1,-26.0,1.3,,,,
16.297,4,Atta_4,191.9,884.6,232.5,-17.7,7.0,,,,
16.297,5,Atta_5,244.6,1133.6,68.4,22.8,-3.8,,,,
16.297,6,Atta_6,664.3,1557.5,55.2,-68.0,6.2,,,,
16.297,7,Atta_7,252.6,1770.9,176.3,-77.9,3.4,,,,
16.297,8,Atta_8,351.4,2223.1,158.0,46.5,0.4,,,,
16.297,9,Atta_9,164.0,2005.9,8.7,52.8,-6.6,,,,
16.297,10,Atta_10,96.2,2299.8,359.8,-71.8,-1.1,,,,
16.366,1,Atta_1,493.2,137.6,73.4,49.0,5.5,,,,
16.366,2,Atta_2,1469.6,446.2,7.1,51.5,1.1,,,,
16.366,3,Atta_3,812.6,177.2,223.2,-40.8,8.1,,,,
16.366,4,Atta_4,225.3,862.3,235.3,-40.2,2.8,,,,
16.366,5,Atta_5,190.8,1138.0,65.2,-54.0,-3.2,,,,
16.366,6,Atta_6,662.5,1569.8,61.6,12.4,6.4,,,,
16.366,7,Atta_7,214.0,1757.7,177.4,40.8,1.1,,,,
16.366,8,Atta_8,390.7,2235.1,163.8,-41.1,5.8,,,,
16.366,9,Atta_9,173.6,1977.5,7.2,30.0,-1.5,,,,
16.366,10,Atta_10,160.7,2285.0,357.2,66.2,-2.6,,,,
16.432,1,Atta_1,602.6,113.2,77.5,112.1,4.1,,,,
16.432,2,Atta_2,1446.8,455.8,10.2,-24.7,3.1,,,,
16.432,3,Atta_3,790.6,207.7,224.7,-37.6,1.5,,,,
16.432,4,Atta_4,218.1,835.8,240.3,27.5,5.0,,,,
16.432,5,Atta_5,196.1,1136.9,61.1,5.4,-4.1,,,,
16.432,6,Atta_6,738.8,1628.1,68.0,96.0,6.4,,,,
16.432,7,Atta_7,202.6,1700.1,172.0,58.7,-5.4,,,,
16.432,8,Atta_8,351.5,2269.9,166.9,52.4,3.1,,,,
16.432,9,Atta_9,190.3,2001.3,1.7,29.1,-5.5,,,,
16.432,10,Atta_10,122.3,2359.9,358.9,-84.2,1.7,,,,
16.501,1,Atta_1,579.8,129.7,81.5,28.1,4.0,,,,
16.501,2,Atta_2,1409.8,500.0,5.7,-57.6,-4.5,,,,
16.501,3,Atta_3,773.6,174.1,230.5,37.7,5.8,,,,
16.501,4,Atta_4,183.5,894.2,248.4,-67.9,8.1,,,,
16.501,5,Atta_5,193.2,1121.0,54.1,-16.2,-7.0,,,,
16.501,6,Atta_6,699.5,1607.5,72.6,-44.4,4.6,,,,
16.501,7,Atta_7,196.9,1730.8,173.7,31.2,1.7,,,,
16.501,8,Atta_8,385.3,2286.2,171.2,-37.5,4.3,,,,
16.501,9,Atta_9,161.6,1994.1,354.2,-29.6,-7.5,,,,
16.501,10,Atta_10,140.1,2256.4,2.2,105.0,3.3,,,,
16.57,1,Atta_1,568.5,122.8,86.3,-13.2,4.8,,,,
16.57,2,Atta_2,1438.0,434.8,8.1,71.0,2.4,,,,
16.57,3,Atta_3,779.4,164.6,236.5,11.1,6.0,,,,
16.57,4,Atta_4,141.8,829.3,250.0,77.1,1.6,,,,
16.57,5,Atta_5,241.5,1101.8,48.1,52.0,-6.0,,,,
16.57,6,Atta_6,714.5,1589.9,74.6,-23.1,2.0,,,,
16.57,7,Atta_7,173.5,1742.5,175.5,26.2,1.8,,,,
16.57,8,Atta_8,320.5,2223.7,176.1,90.0,4.9,,,,
16.57,9,Atta_9,194.4,1994.6,358.1,32.8,3.9,,,,
16.57,10,Atta_10,108.6,2262.2,0.6,-32.0,-1.6,,,,
16.636,1,Atta_1,548.8,118.3,88.7,-20.2,2.4,,,,
16.636,2,Atta_2,1479.1,488.6,7.9,67.7,-0.2,,,,
16.636,3,Atta_3,804.0,201.4,240.1,-44.3,3.6,,,,
16.636,4,Atta_4,240.4,819.4,254.9,-99.1,4.9,,,,
16.636,5,Atta_5,226.4,1133.7,45.6,35.3,-2.5,,,,
16.636,6,Atta_6,780.6,1576.6,79.3,67.4,4.7,,,,
16.636,7,Atta_7,155.9,1772.7,173.6,35.0,-1.9,,,,
16.636,8,Atta_8,372.1,2215.2,183.3,-52.3,7.2,,,,
16.636,9,Atta_9,176.3,1974.8,357.0,-26.8,-1.1,,,,
16.636,10,Atta_10,113.0,2306.0,354.7,44.0,-5.9,,,,
16.704,1,Atta_1,572.4,90.5,90.9,-36.5,2.2,,,,
16.704,2,Atta_2,1451.9,482.0,4.6,-28.0,-3.3,,,,
16.704,3,Atta_3,822.6,116.5,244.8,86.9,4.7,,,,
16.704,4,Atta_4,179.1,858.0,258.7,-72.4,3.8,,,,
16.704,5,Atta_5,240.3,1136.7,38.3,14.2,-7.3,,,,
16.704,6,Atta_6,663.7,1587.9,83.4,-117.4,4.1,,,,
16.704,7,Atta_7,155.6,1713.7,176.1,-59.0,2.5,,,,
16.704,8,Atta_8,385.0,2275.7,185.4,-61.9,2.1,,,,
16.704,9,Atta_9,153.6,1985.7,0.1,-25.2,3.1,,,,
16.704,10,Atta_10,124.7,2292.8,358.1,17.6,3.4,,,,
16.767,1,Atta_1,570.2,182.8,98.2,92.3,7.3,,,,
16.767,2,Atta_2,1488.3,471.4,5.2,37.9,0.6,,,,
16.767,3,Atta_3,799.6,191.2,247.9,-78.2,3.1,,,,
16.767,4,Atta_4,186.9,827.7,261.6,31.3,2.9,,,,
16.767,5,Atta_5,208.7,1085.4,40.2,-60.3,1.9,,,,
16.767,6,Atta_6,654.1,1574.0,91.6,-16.9,8.2,,,,
16.767,7,Atta_7,137.7,1725.1,175.6,21.2,-0.5,,,,
16.767,8,Atta_8,364.5,2296.8,193.1,29.4,7.7,,,,
16.767,9,Atta_9,126.8,2056.1,358.1,-75.3,-2.0,,,,
16.767,10,Atta_10,185.6,2338.9,357.8,76.4,-0.3,,,,
16.837,1,Atta_1,558.7,108.0,104.0,-75.7,5.8,,,,
16.837,2,Atta_2,1476.1,514.3,5.0,-44.6,-0.2,,,,
16.837,3,Atta_3,750.9,136.9,254.3,72.9,6.4,,,,
16.837,4,Atta_4,166.5,825.6,268.9,20.5,7.3,,,,
16.837,5,Atta_5,195.8,1142.3,41.9,58.3,1.7,,,,
16.837,6,Atta_6,660.6,1577.4,88.2,7.3,-3.4,,,,
16.837,7,Atta_7,126.8,1831.5,176.5,107.0,0.9,,,,
16.837,8,Atta_8,375.5,2219.3,196.9,78.3,3.8,,,,
16.837,9,Atta_9,187.9,2048.7,353.5,61.5,-4.6,,,,
16.837,10,Atta_10,213.5,2274.4,358.9,70.3,1.1,,,,
16.903,1,Atta_1,595.8,141.2,109.1,49.8,5.1,,,,
16.903,2,Atta_2,1535.6,513.5,8.0,59.5,3.0,,,,
16.903,3,Atta_3,751.3,156.6,258.5,-19.7,4.2,,,,
16.903,4,Atta_4,171.6,824.4,272.9,5.2,4.0,,,,
16.903,5,Atta_5,209.1,1149.5,41.7,15.1,-0.2,,,,
16.903,6,Atta_6,659.1,1506.1,97.7,-71.3,9.5,,,,
16.903,7,Atta_7,90.8,1799.7,175.9,48.0,-0.6,,,,
16.903,8,Atta_8,376.1,2265.6,198.4,-46.3,1.5,,,,
16.903,9,Atta_9,192.9,2003.0,359.3,46.0,5.8,,,,
16.903,10,Atta_10,264.7,2257.8,356.2,53.8,-2.7,,,,
16.972,1,Atta_1,486.9,121.0,108.9,110.8,-0.2,,,,
16.972,2,Atta_2,1543.0,519.5,6.5,9.5,-1.5,,,,
16.972,3,Atta_3,775.0,165.0,263.5,-25.1,5.0,,,,
16.972,4,Atta_4,240.8,830.4,273.5,-69.5,0.6,,,,
16.972,5,Atta_5,246.5,1088.5,41.9,-71.6,0.2,,,,
16.972,6,Atta_6,683.5,1565.5,100.8,64.2,3.1,,,,
16.972,7,Atta_7,108.2,1768.9,174.1,-35.4,-1.8,,,,
16.972,8,Atta_8,381.2,2305.1,204.4,-39.8,6.0,,,,
16.972,9,Atta_9,199.3,1963.0,355.4,40.5,-3.9,,,,
16.972,10,Atta_10,222.7,2220.4,1.6,-56.2,5.4,,,,
17.028,1,Atta_1,515.0,149.9,114.0,40.3,5.1,,,,
17.028,2,Atta_2,1589.1,484.2,5.1,58.1,-1.4,,,,
17.028,3,Atta_3,792.4,179.5,265.0,-22.6,1.5,,,,
17.028,4,Atta_4,202.5,883.7,282.9,-65.6,9.4,,,,
17.028,5,Atta_5,166.8,1077.8,44.4,-80.4,2.5,,,,
17.028,6,Atta_6,684.0,1607.4,97.2,41.9,-3.6,,,,
17.028,7,Atta_7,83.4,1725.7,175.6,49.8,1.5,,,,
17.028,8,Atta_8,398.1,2225.6,210.2,81.3,5.8,,,,
17.028,9,Atta_9,183.9,2024.6,358.7,-63.5,3.3,,,,
17.028,10,Atta_10,203.2,2317.0,358.6,-98.5,-3.0,,,,
17.098,1,Atta_1,519.1,119.8,113.2,-30.4,-0.8,,,,
17.098,2,Atta_2,1568.5,475.6,4.4,-22.3,-0.7,,,,
17.098,3,Atta_3,757.0,189.3,267.6,-36.7,2.6,,,,
17.098,4,Atta_4,255.2,839.9,284.7,68.5,1.8,,,,
17.098,5,Atta_5,237.2,1097.2,46.4,73.0,2.0,,,,
17.098,6,Atta_6,660.1,1505.6,99.8,-104.6,2.6,,,,
17.098,7,Atta_7,129.9,1801.5,175.4,-88.9,-0.2,,,,
17.098,8,Atta_8,366.3,2263.6,212.6,49.6,2.4,,,,
17.098,9,Atta_9,166.2,1993.3,359.3,-36.0,0.6,,,,
17.098,10,Atta_10,274.9,2314.2,358.7,71.8,0.1,,,,
17.167,1,Atta_1,560.6,156.2,115.7,55.2,2.5,,,,
17.167,2,Atta_2,1565.9,538.0,3.2,62.5,-1.2,,,,
17.167,3,Atta_3,776.9,210.8,275.3,-29.3,7.7,,,,
17.167,4,Atta_4,168.2,816.2,287.4,90.2,2.7,,,,
17.167,5,Atta_5,187.6,1164.9,44.8,83.9,-1.6,,,,
17.167,6,Atta_6,685.3,1573.3,99.0,72.2,-0.8,,,,
17.167,7,Atta_7,183.5,1770.0,175.3,-62.2,-0.1,,,,
17.167,8,Atta_8,332.5,2263.4,215.5,33.8,2.9,,,,
17.167,9,Atta_9,190.7,2040.0,359.2,52.7,-0.1,,,,
17.167,10,Atta_10,195.8,2261.8,355.5,-94.9,-3.2,,,,
17.233,1,Atta_1,533.5,132.0,110.5,-36.3,-5.2,,,,
17.233,2,Atta_2,1582.6,530.6,7.4,18.3,4.2,,,,
17.233,3,Atta_3,741.1,187.5,274.3,42.7,-1.0,,,,
17.233,4,Atta_4,219.4,824.1,295.6,51.8,8.2,,,,
17.233,5,Atta_5,217.5,1108.9,42.1,-63.5,-2.7,,,,
17.233,6,Atta_6,680.4,1560.2,98.1,-14.0,-0.9,,,,
17.233,7,Atta_7,124.0,1776.7,172.4,59.9,-2.9,,,,
17.233,8,Atta_8,378.8,2227.9,223.9,-58.3,8.4,,,,
17.233,9,Atta_9,198.6,1996.5,358.8,44.2,-0.4,,,,
17.233,10,Atta_10,206.6,2294.7,358.9,34.6,3.4,,,,
17.299,1,Atta_1,545.9,180.0,111.9,49.6,1.4,,,,
17.299,2,Atta_2,1585.0,590.7,3.2,60.1,-4.2,,,,
17.299,3,Atta_3,747.7,123.8,276.7,64.0,2.4,,,,
17.299,4,Atta_4,196.3,863.9,303.2,-46.0,7.6,,,,
17.299,5,Atta_5,217.0,1172.3,44.5,63.4,2.4,,,,
17.299,6,Atta_6,718.2,1562.4,100.2,-37.9,2.1,,,,
17.299,7,Atta_7,101.8,1754.5,174.0,31.4,1.6,,,,
17.299,8,Atta_8,397.8,2178.0,227.1,53.4,3.2,,,,
17.299,9,Atta_9,261.2,2034.9,359.0,73.4,0.2,,,,
17.299,10,Atta_10,214.2,2279.5,357.9,17.0,-1.0,,,,
17.365,1,Atta_1,550.1,105.9,116.2,-74.2,4.3,,,,
17.365,2,Atta_2,1574.8,490.2,5.8,-101.0,2.6,,,,
17.365,3,Atta_3,715.2,123.9,274.7,-32.5,-2.0,,,,
17.365,4,Atta_4,203.2,838.8,304.8,26.0,1.6,,,,
17.365,5,Atta_5,222.0,1145.1,41.0,-27.7,-3.5,,,,
17.365,6,Atta_6,777.7,1600.1,98.8,70.4,-1.4,,,,
17.365,7,Atta_7,142.1,1737.8,174.8,-43.6,0.8,,,,
17.365,8,Atta_8,356.1,2173.6,229.2,41.9,2.1,,,,
17.365,9,Atta_9,280.2,2063.0,355.0,33.9,-4.0,,,,
17.365,10,Atta_10,164.3,2307.0,356.1,-57.0,-1.8,,,,
17.436,1,Atta_1,580.5,179.4,117.7,79.5,1.5,,,,
17.436,2,Atta_2,1649.6,497.4,7.7,75.1,1.9,,,,
17.436,3,Atta_3,806.5,173.2,271.9,-103.8,-2.8,,,,
17.436,4,Atta_4,225.0,892.1,308.4,-57.6,3.6,,,,
17.436,5,Atta_5,198.7,1164.9,47.6,-30.6,6.6,,,,
17.436,6,Atta_6,719.1,1632.7,101.6,67.1,2.8,,,,
17.436,7,Atta_7,156.4,1762.8,175.8,-28.8,1.0,,,,
17.436,8,Atta_8,355.2,2264.3,233.2,-90.7,4.0,,,,
17.436,9,Atta_9,318.7,2000.3,358.8,73.6,3.8,,,,
17.436,10,Atta_10,151.2,2303.3,358.6,-13.6,2.5,,,,
17.496,1,Atta_1,529.7,156.6,115.4,55.7,-2.3,,,,
17.496,2,Atta_2,1568.0,562.4,6.2,-104.3,-1.5,,,,
17.496,3,Atta_3,736.1,153.7,276.7,73.1,4.8,,,,
17.496,4,Atta_4,198.9,864.9,311.5,37.7,3.1,,,,
17.496,5,Atta_5,233.6,1138.2,38.7,43.9,-8.9,,,,
17.496,6,Atta_6,685.8,1624.6,101.4,-34.3,-0.2,,,,
17.496,7,Atta_7,195.0,1752.7,176.7,-39.9,0.9,,,,
17.496,8,Atta_8,402.4,2197.0,239.4,82.2,6.2,,,,
17.496,9,Atta_9,285.3,2000.6,360.0,-33.4,1.2,,,,
17.496,10,Atta_10,181.5,2252.8,1.5,58.9,2.9,,,,
17.566,1,Atta_1,524.2,179.7,116.3,23.7,0.9,,,,
17.566,2,Atta_2,1632.8,501.7,9.0,88.8,2.8,,,,
17.566,3,Atta_3,791.0,209.0,277.2,-77.9,0.5,,,,
17.566,4,Atta_4,245.5,813.1,312.1,69.7,0.6,,,,
17.566,5,Atta_5,220.3,1166.9,41.3,31.6,2.6,,,,
17.566,6,Atta_6,670.3,1567.4,98.1,-59.3,-3.3,,,,
17.566,7,Atta_7,190.3,1730.9,167.3,22.3,-9.4,,,,
17.566,8,Atta_8,358.6,2247.6,247.2,-66.9,7.8,,,,
17.566,9,Atta_9,221.3,1986.2,356.9,-65.6,-3.1,,,,
17.566,10,Atta_10,135.9,2343.2,1.1,-101.2,-0.4,,,,
17.695,1,Atta_1,560.9,213.1,112.6,49.6,-3.7,,,,
17.695,2,Atta_2,1620.5,538.7,5.5,-39.0,-3.5,,,,
17.695,3,Atta_3,789.8,140.2,274.0,68.8,-3.2,,,,
17.695,4,Atta_4,203.2,790.2,315.4,-48.1,3.3,,,,
17.695,5,Atta_5,224.3,1170.4,42.1,5.3,0.8,,,,
17.695,6,Atta_6,744.1,1642.9,98.2,105.6,0.1,,,,
17.695,7,Atta_7,114.7,1744.6,162.7,76.8,-4.6,,,,
17.695,8,Atta_8,387.2,2243.7,246.0,-28.9,-1.2,,,,
17.695,9,Atta_9,320.4,2014.6,356.2,103.1,-0.7,,,,
17.695,10,Atta_10,155.9,2297.9,357.1,49.5,-4.0,,,,
17.764,1,Atta_1,509.7,262.6,114.7,71.2,2.1,,,,
17.764,2,Atta_2,1626.6,550.5,4.5,13.3,-1.0,,,,
17.764,3,Atta_3,771.5,110.7,276.7,34.7,2.7,,,,
17.764,4,Atta_4,208.0,834.5,315.4,-44.6,0.0,,,,
17.764,5,Atta_5,286.7,1185.5,49.1,64.2,7.0,,,,
17.764,6,Atta_6,685.7,1671.8,99.9,65.2,1.7,,,,
17.764,7,Atta_7,200.4,1782.2,156.3,-93.6,-6.4,,,,
17.764,8,Atta_8,349.5,2146.8,257.0,104.0,11.0,,,,
17.764,9,Atta_9,403.2,1998.4,358.3,84.4,2.1,,,,
17.764,10,Atta_10,115.2,2311.8,359.3,-43.0,2.2,,,,
17.83,1,Atta_1,557.7,229.5,112.1,-58.3,-2.6,,,,
17.83,2,Atta_2,1647.2,541.9,9.8,22.3,5.3,,,,
17.83,3,Atta_3,818.9,81.4,277.9,55.7,1.2,,,,
17.83,4,Atta_4,192.9,828.8,315.9,-16.1,0.5,,,,
17.83,5,Atta_5,255.3,1213.5,45.0,42.1,-4.1,,,,
17.83,6,Atta_6,678.9,1664.3,103.0,-10.1,3.1,,,,
17.83,7,Atta_7,193.7,1788.6,154.7,9.3,-1.6,,,,
17.83,8,Atta_8,343.2,2252.7,260.5,-106.1,3.5,,,,
17.83,9,Atta_9,328.6,1976.3,355.5,-77.8,-2.8,,,,
17.83,10,Atta_10,49.3,2275.7,358.8,-75.1,-0.5,,,,
17.963,1,Atta_1,561.6,208.6,114.9,-21.3,2.8,,,,
17.963,2,Atta_2,1727.8,529.5,9.1,81.5,-0.7,,,,
17.963,3,Atta_3,760.8,69.5,273.7,59.3,-4.2,,,,
17.963,4,Atta_4,202.0,847.2,315.4,-20.5,-0.5,,,,
17.963,5,Atta_5,333.1,1246.7,46.8,84.6,1.8,,,,
17.963,6,Atta_6,662.1,1660.0,99.3,-17.3,-3.7,,,,
17.963,7,Atta_7,173.6,1745.7,148.6,-47.4,-6.1,,,,
17.963,8,Atta_8,329.6,2242.2,267.8,17.2,7.3,,,,
17.963,9,Atta_9,341.3,1951.2,358.6,28.1,3.1,,,,
17.963,10,Atta_10,56.9,2288.2,0.0,14.6,1.2,,,,
18.029,1,Atta_1,456.4,282.3,118.1,128.4,3.2,,,,
18.029,2,Atta_2,1644.7,522.0,3.1,-83.4,-6.0,,,,
18.029,3,Atta_3,766.4,120.9,273.8,-51.7,0.1,,,,
18.029,4,Atta_4,250.3,850.5,314.4,48.4,-1.0,,,,
18.029,5,Atta_5,330.4,1206.1,44.8,-40.7,-2.0,,,,
18.029,6,Atta_6,694.7,1677.9,98.0,37.2,-1.3,,,,
18.029,7,Atta_7,188.3,1720.5,140.7,-29.2,-7.9,,,,
18.029,8,Atta_8,373.3,2241.0,271.4,-43.7,3.6,,,,
18.029,9,Atta_9,397.4,2002.9,358.1,76.3,-0.5,,,,
18.029,10,Atta_10,81.2,2248.9,358.7,46.2,-1.3,,,,
18.098,1,Atta_1,545.4,240.9,114.3,-98.2,-3.8,,,,
18.098,2,Atta_2,1745.7,537.0,3.4,102.1,0.3,,,,
18.098,3,Atta_3,734.3,147.9,277.2,-41.9,3.4,,,,
18.098,4,Atta_4,277.4,890.6,312.4,-48.4,-2.0,,,,
18.098,5,Atta_5,309.4,1222.3,44.3,-26.5,-0.5,,,,
18.098,6,Atta_6,723.3,1698.2,99.6,35.1,1.6,,,,
18.098,7,Atta_7,184.2,1828.4,138.0,108.0,-2.7,,,,
18.098,8,Atta_8,353.0,2269.9,276.7,-35.3,5.3,,,,
18.098,9,Atta_9,377.6,2013.9,354.7,-22.7,-3.4,,,,
18.098,10,Atta_10,97.8,2282.2,2.3,37.2,3.6,,,,
18.167,1,Atta_1,516.3,256.3,113.2,32.9,-1.1,,,,
18.167,2,Atta_2,1693.2,489.1,5.2,-71.1,1.8,,,,
18.167,3,Atta_3,733.3,167.4,277.9,-19.5,0.7,,,,
18.167,4,Atta_4,222.4,744.8,312.3,155.8,-0.1,,,,
18.167,5,Atta_5,320.1,1218.7,41.6,11.3,-2.7,,,,
18.167,6,Atta_6,703.3,1709.4,99.5,22.9,-0.1,,,,
18.167,7,Atta_7,167.1,1772.7,131.0,-58.3,-7.0,,,,
18.167,8,Atta_8,377.7,2227.5,281.9,49.1,5.2,,,,
18.167,9,Atta_9,391.1,1996.5,359.0,22.0,4.3,,,,
18.167,10,Atta_10,86.0,2268.4,7.2,-18.2,4.9,,,,
18.232,1,Atta_1,502.4,275.7,116.1,23.9,2.9,,,,
18.232,2,Atta_2,1721.1,546.2,6.1,63.6,0.9,,,,
18.232,3,Atta_3,775.2,112.2,275.6,69.3,-2.3,,,,
18.232,4,Atta_4,245.2,808.6,314.3,-67.8,2.0,,,,
18.232,5,Atta_5,342.1,1210.5,47.9,23.5,6.3,,,,
18.232,6,Atta_6,730.0,1732.5,97.7,35.3,-1.8,,,,
18.232,7,Atta_7,184.7,1732.2,132.8,-44.2,1.8,,,,
18.232,8,Atta_8,398.9,2209.4,283.1,27.9,1.2,,,,
18.232,9,Atta_9,376.6,2015.4,356.5,-23.8,-2.5,,,,
18.232,10,Atta_10,124.0,2340.7,12.7,81.7,5.5,,,,
18.299,1,Atta_1,442.7,301.0,116.3,64.8,0.2,,,,
18.299,2,Atta_2,1786.8,551.6,6.1,65.9,0.0,,,,
18.299,3,Atta_3,775.0,107.1,277.1,5.1,1.5,,,,
18.299,4,Atta_4,275.2,798.0,308.1,31.8,-6.2,,,,
18.299,5,Atta_5,401.7,1225.0,41.3,61.3,-6.6,,,,
18.299,6,Atta_6,659.9,1743.8,96.4,71.0,-1.3,,,,
18.299,7,Atta_7,178.8,1749.8,124.7,18.6,-8.1,,,,
18.299,8,Atta_8,288.9,2256.5,289.3,-119.7,6.2,,,,
18.299,9,Atta_9,430.5,1991.9,356.5,58.8,0.0,,,,
18.299,10,Atta_10,153.7,2262.2,16.1,83.9,3.4,,,,
18.356,1,Atta_1,490.4,292.6,113.6,-48.4,-2.7,,,,
18.356,2,Atta_2,1793.4,515.7,5.0,36.5,-1.1,,,,
18.356,3,Atta_3,760.8,158.4,276.9,-53.2,-0.2,,,,
18.356,4,Atta_4,286.3,757.3,311.2,42.2,3.1,,,,
18.356,5,Atta_5,356.6,1276.0,46.2,-68.1,4.9,,,,
18.356,6,Atta_6,672.7,1720.9,98.7,-26.2,2.3,,,,
18.356,7,Atta_7,158.7,1783.3,122.3,39.1,-2.4,,,,
18.356,8,Atta_8,298.6,2279.4,288.6,-24.9,-0.7,,,,
18.356,9,Atta_9,420.2,1997.8,358.2,-11.9,1.7,,,,
18.356,10,Atta_10,82.3,2306.3,22.2,-83.9,6.1,,,,
18.426,1,Atta_1,475.8,306.4,115.2,20.1,1.6,,,,
18.426,2,Atta_2,1775.8,538.1,7.1,-28.5,2.1,,,,
18.426,3,Atta_3,808.7,148.3,273.2,49.0,-3.7,,,,
18.426,4,Atta_4,291.3,756.7,311.3,5.0,0.1,,,,
18.426,5,Atta_5,387.8,1333.1,42.0,65.1,-4.2,,,,
18.426,6,Atta_6,629.9,1809.8,101.9,98.7,3.2,,,,
18.426,7,Atta_7,137.1,1749.8,115.2,-39.9,-7.1,,,,
18.426,8,Atta_8,399.7,2241.8,290.5,107.9,1.9,,,,
18.426,9,Atta_9,423.4,1990.4,356.6,8.1,-1.6,,,,
18.426,10,Atta_10,69.0,2272.0,26.0,-36.8,3.8,,,,
18.492,1,Atta_1,509.3,323.6,116.1,37.7,0.9,,,,
18.492,2,Atta_2,1732.3,519.7,6.4,-47.2,-0.7,,,,
18.492,3,Atta_3,688.8,192.2,270.3,-127.7,-2.9,,,,
18.492,4,Atta_4,304.9,781.2,311.4,-28.0,0.1,,,,
18.492,5,Atta_5,398.8,1295.2,41.1,-39.5,-0.9,,,,
18.492,6,Atta_6,646.1,1765.3,100.1,-47.4,-1.8,,,,
18.492,7,Atta_7,118.5,1751.6,117.5,18.7,2.3,,,,
18.492,8,Atta_8,415.5,2210.4,291.1,35.2,0.6,,,,
18.492,9,Atta_9,442.4,2022.2,357.2,37.0,0.6,,,,
18.492,10,Atta_10,101.5,2283.0,30.3,34.3,4.3,,,,
18.562,1,Atta_1,489.4,270.2,117.8,-57.0,1.7,,,,
18.562,2,Atta_2,1751.1,517.8,5.3,18.9,-1.1,,,,
18.562,3,Atta_3,785.7,145.3,279.3,107.7,9.0,,,,
18.562,4,Atta_4,298.7,718.6,311.5,62.9,0.1,,,,
18.562,5,Atta_5,404.7,1361.8,43.3,66.9,2.2,,,,
18.562,6,Atta_6,637.9,1777.0,99.8,14.3,-0.3,,,,
18.562,7,Atta_7,181.6,1794.4,122.1,76.2,4.6,,,,
18.562,8,Atta_8,302.1,2274.0,291.9,-130.0,0.8,,,,
18.562,9,Atta_9,469.2,1977.7,1.4,51.9,4.2,,,,
18.562,10,Atta_10,134.5,2288.7,34.2,33.5,3.9,,,,
18.633,1,Atta_1,505.0,360.9,115.4,92.0,-2.4,,,,
18.633,2,Atta_2,1768.6,566.6,2.9,51.8,-2.4,,,,
18.633,3,Atta_3,802.8,144.9,281.9,17.1,2.6,,,,
18.633,4,Atta_4,311.1,749.6,312.7,-33.4,1.2,,,,
18.633,5,Atta_5,402.3,1258.3,44.7,-103.5,1.4,,,,
18.633,6,Atta_6,655.6,1825.2,101.8,51.3,2.0,,,,
18.633,7,Atta_7,194.8,1828.5,116.8,36.6,-5.3,,,,
18.633,8,Atta_8,316.8,2262.1,295.2,18.9,3.3,,,,
18.633,9,Atta_9,469.1,2019.6,357.4,41.9,-4.0,,,,
18.633,10,Atta_10,73.1,2238.1,37.9,-79.6,3.7,,,,
18.694,1,Atta_1,455.0,358.9,118.1,50.0,2.7,,,,
18.694,2,Atta_2,1808.2,526.8,3.4,56.1,0.5,,,,
18.694,3,Atta_3,748.6,194.6,286.0,-73.5,4.1,,,,
18.694,4,Atta_4,329.9,751.4,313.2,18.9,0.5,,,,
18.694,5,Atta_5,418.0,1286.0,42.5,31.8,-2.2,,,,
18.694,6,Atta_6,635.4,1780.6,100.1,-49.0,-1.7,,,,
18.694,7,Atta_7,217.8,1742.4,118.1,-89.1,1.3,,,,
18.694,8,Atta_8,334.9,2242.1,282.6,27.0,-12.6,,,,
18.694,9,Atta_9,454.8,1932.8,2.5,-88.0,5.1,,,,
18.694,10,Atta_10,120.8,2332.1,43.6,105.4,5.7,,,,
18.764,1,Atta_1,467.9,376.2,117.2,21.6,-0.9,,,,
18.764,2,Atta_2,1863.4,559.0,7.1,63.9,3.7,,,,
18.764,3,Atta_3,764.5,148.7,290.7,48.6,4.7,,,,
18.764,4,Atta_4,328.5,728.0,314.1,23.4,0.9,,,,
18.764,5,Atta_5,375.5,1304.6,42.8,-46.4,0.3,,,,
18.764,6,Atta_6,607.0,1783.0,99.7,28.5,-0.4,,,,
18.764,7,Atta_7,240.1,1797.2,119.9,59.2,1.8,,,,
18.764,8,Atta_8,380.0,2259.7,278.1,-48.4,-4.5,,,,
18.764,9,Atta_9,492.8,2063.5,4.1,136.1,1.6,,,,
18.764,10,Atta_10,103.2,2286.8,49.5,-48.6,5.9,,,,
18.832,1,Atta_1,450.9,418.4,115.3,45.5,-1.9,,,,
18.832,2,Atta_2,1847.0,532.0,4.7,-31.6,-2.4,,,,
18.832,3,Atta_3,763.3,187.2,296.4,-38.5,5.7,,,,
18.832,4,Atta_4,301.6,713.2,312.0,-30.7,-2.1,,,,
18.832,5,Atta_5,372.5,1309.0,44.4,5.3,1.6,,,,
18.832,6,Atta_6,661.1,1801.9,96.8,57.3,-2.9,,,,
18.832,7,Atta_7,154.6,1809.9,119.9,86.4,0.0,,,,
18.832,8,Atta_8,334.4,2266.4,276.0,-46.1,-2.1,,,,
18.832,9,Atta_9,496.9,1960.4,14.2,-103.2,10.1,,,,
18.832,10,Atta_10,123.6,2255.6,50.8,-37.3,1.3,,,,
18.9,1,Atta_1,508.6,431.9,116.3,-59.3,1.0,,,,
18.9,2,Atta_2,1913.1,490.7,8.2,77.9,3.5,,,,
18.9,3,Atta_3,772.5,221.8,298.6,-35.8,2.2,,,,
18.9,4,Atta_4,354.0,683.7,315.6,60.1,3.6,,,,
18.9,5,Atta_5,403.8,1300.3,37.0,32.5,-7.4,,,,
18.9,6,Atta_6,604.8,1776.2,99.2,-61.9,2.4,,,,
18.9,7,Atta_7,167.5,1774.3,118.5,-37.9,-1.4,,,,
18.9,8,Atta_8,395.0,2266.3,270.3,60.6,-5.7,,,,
18.9,9,Atta_9,496.4,2042.4,16.4,82.0,2.2,,,,
18.9,10,Atta_10,46.5,2271.0,56.8,-78.6,6.0,,,,
18.969,1,Atta_1,530.2,364.0,115.6,-71.3,-0.7,,,,
18.969,2,Atta_2,1910.2,525.4,3.8,34.8,-4.4,,,,
18.969,3,Atta_3,800.1,178.1,309.0,51.7,10.4,,,,
18.969,4,Atta_4,297.6,698.1,313.3,-58.2,-2.3,,,,
18.969,5,Atta_5,459.9,1255.3,33.4,71.9,-3.6,,,,
18.969,6,Atta_6,641.4,1852.5,100.7,84.6,1.5,,,,
18.969,7,Atta_7,153.5,1810.2,115.3,38.5,-3.2,,,,
18.969,8,Atta_8,371.1,2263.8,265.2,24.0,-5.1,,,,
18.969,9,Atta_9,446.1,2038.0,18.4,-50.5,2.0,,,,
18.969,10,Atta_10,108.1,2256.3,61.2,63.3,4.4,,,,
19.038,1,Atta_1,495.2,398.3,112.7,49.0,-2.9,,,,
19.038,2,Atta_2,1871.9,554.8,6.5,-48.3,2.7,,,,
19.038,3,Atta_3,793.5,183.6,312.3,-8.6,3.3,,,,
19.038,4,Atta_4,331.3,663.2,312.8,48.5,-0.5,,,,
19.038,5,Atta_5,434.4,1293.8,29.9,-46.2,-3.5,,,,
19.038,6,Atta_6,649.1,1897.3,102.7,45.5,2.0,,,,
19.038,7,Atta_7,211.0,1784.8,118.5,-62.9,3.2,,,,
19.038,8,Atta_8,391.5,2269.5,262.5,-21.2,-2.7,,,,
19.038,9,Atta_9,442.5,1970.1,23.3,-68.0,4.9,,,,
19.038,10,Atta_10,115.3,2310.3,64.3,54.5,3.1,,,,
19.106,1,Atta_1,420.0,372.3,119.1,79.6,6.4,,,,
19.106,2,Atta_2,1831.8,527.9,15.2,-48.3,8.7,,,,
19.106,3,Atta_3,770.0,180.0,313.8,-23.8,1.5,,,,
19.106,4,Atta_4,375.2,654.7,310.7,44.7,-2.1,,,,
19.106,5,Atta_5,375.6,1300.1,25.8,-59.1,-4.1,,,,
19.106,6,Atta_6,653.6,1884.3,104.1,-13.8,1.4,,,,
19.106,7,Atta_7,153.7,1848.9,118.8,86.0,0.3,,,,
19.106,8,Atta_8,360.5,2267.0,259.4,31.1,-3.1,,,,
19.106,9,Atta_9,487.4,1989.0,28.3,48.7,5.0,,,,
19.106,10,Atta_10,73.9,2266.0,68.2,-60.6,3.9,,,,
19.174,1,Atta_1,427.4,374.5,116.4,-7.7,-2.7,,,,
19.174,2,Atta_2,1879.0,506.6,20.9,51.8,5.7,,,,
19.174,3,Atta_3,775.6,136.1,315.0,44.3,1.2,,,,
19.174,4,Atta_4,338.0,701.2,310.5,-59.5,-0.2,,,,
19.174,5,Atta_5,469.0,1335.0,18.5,99.7,-7.3,,,,
19.174,6,Atta_6,701.0,1914.1,97.9,56.0,-6.2,,,,
19.174,7,Atta_7,184.4,1885.9,120.3,48.1,1.5,,,,
19.174,8,Atta_8,402.5,2206.7,255.2,73.5,-4.2,,,,
19.174,9,Atta_9,479.2,2062.1,33.5,73.6,5.2,,,,
19.174,10,Atta_10,85.2,2296.8,75.0,32.8,6.8,,,,
19.243,1,Atta_1,450.2,456.1,113.6,84.7,-2.8,,,,
19.243,2,Atta_2,1872.2,563.1,21.9,56.9,1.0,,,,
19.243,3,Atta_3,818.8,186.4,320.8,-66.3,5.8,,,,
19.243,4,Atta_4,280.4,711.8,313.3,-58.6,2.8,,,,
19.243,5,Atta_5,456.0,1290.6,19.8,-46.3,1.3,,,,
19.243,6,Atta_6,634.7,1918.9,102.2,66.5,4.3,,,,
19.243,7,Atta_7,133.7,1799.0,114.9,-100.6,-5.4,,,,
19.243,8,Atta_8,430.3,2294.4,247.5,-92.0,-7.7,,,,
19.243,9,Atta_9,449.0,2002.6,33.5,-66.7,0.0,,,,
19.243,10,Atta_10,68.9,2275.3,77.1,-27.0,2.1,,,,
19.312,1,Atta_1,406.1,461.4,113.8,44.4,0.2,,,,
19.312,2,Atta_2,1897.8,529.2,29.6,42.5,7.7,,,,
19.312,3,Atta_3,758.6,215.1,330.3,-66.7,9.5,,,,
19.312,4,Atta_4,348.1,643.7,310.6,96.0,-2.7,,,,
19.312,5,Atta_5,408.2,1292.3,13.3,-47.8,-6.5,,,,
19.312,6,Atta_6,597.0,1906.5,98.3,-39.7,-3.9,,,,
19.312,7,Atta_7,109.0,1846.9,121.3,53.9,6.4,,,,
19.312,8,Atta_8,337.7,2241.8,247.5,106.5,0.0,,,,
19.312,9,Atta_9,463.1,2060.8,43.7,59.9,10.2,,,,
19.312,10,Atta_10,56.1,2298.5,81.2,26.5,4.1,,,,
19.378,1,Atta_1,432.7,459.2,120.0,-26.7,6.2,,,,
19.378,2,Atta_2,1887.8,489.5,33.9,-40.9,4.3,,,,
19.378,3,Atta_3,794.8,176.2,333.5,53.1,3.2,,,,
19.378,4,Atta_4,386.2,681.0,314.3,-53.3,3.7,,,,
19.378,5,Atta_5,418.4,1259.4,6.6,34.4,-6.7,,,,
19.378,6,Atta_6,679.6,1908.0,102.7,-82.6,4.4,,,,
19.378,7,Atta_7,121.3,1816.7,116.4,-32.6,-4.9,,,,
19.378,8,Atta_8,344.4,2203.4,244.7,39.0,-2.8,,,,
19.378,9,Atta_9,468.0,2033.0,43.1,-28.2,-0.6,,,,
19.378,10,Atta_10,107.9,2282.5,90.7,-54.2,9.5,,,,
19.447,1,Atta_1,361.6,425.2,117.9,78.8,-2.1,,,,
19.447,2,Atta_2,1938.1,541.8,35.5,72.6,1.6,,,,
19.447,3,Atta_3,778.1,223.0,335.6,-49.7,2.1,,,,
19.447,4,Atta_4,449.9,672.6,308.8,64.3,-5.5,,,,
19.447,5,Atta_5,417.6,1304.6,359.1,45.2,-7.5,,,,
19.447,6,Atta_6,663.6,1898.5,96.5,-18.6,-6.2,,,,
19.447,7,Atta_7,57.5,1826.6,117.5,64.6,1.1,,,,
19.447,8,Atta_8,339.3,2207.2,250.0,-6.4,5.3,,,,
19.447,9,Atta_9,440.7,2000.0,50.5,-42.8,7.4,,,,
19.447,10,Atta_10,116.7,2282.1,86.2,-8.8,-4.5,,,,
19.516,1,Atta_1,436.4,502.2,116.4,107.4,-1.5,,,,
19.516,2,Atta_2,1853.2,524.3,43.0,-86.7,7.5,,,,
19.516,3,Atta_3,762.8,148.5,332.7,76.1,-2.9,,,,
19.516,4,Atta_4,362.9,659.8,310.8,-87.9,2.0,,,,
19.516,5,Atta_5,388.8,1338.8,357.6,-44.7,-1.5,,,,
19.516,6,Atta_6,641.2,1950.3,89.6,56.4,-6.9,,,,
19.516,7,Atta_7,90.9,1848.9,123.5,40.2,6.0,,,,
19.516,8,Atta_8,360.3,2241.4,248.4,-40.1,-1.6,,,,
19.516,9,Atta_9,468.2,2024.7,57.8,37.0,7.3,,,,
19.516,10,Atta_10,7.6,2316.4,92.7,114.4,6.5,,,,
19.581,1,Atta_1,399.1,474.4,116.5,-46.5,0.1,,,,
19.581,2,Atta_2,1911.9,557.8,43.3,67.6,0.3,,,,
19.581,3,Atta_3,782.3,138.3,336.2,22.0,3.5,,,,
19.581,4,Atta_4,392.5,687.1,314.6,-40.3,3.8,,,,
19.581,5,Atta_5,478.4,1334.3,350.1,89.7,-7.5,,,,
19.581,6,Atta_6,605.3,1947.6,83.7,-36.0,-5.9,,,,
19.581,7,Atta_7,98.7,1862.2,132.6,15.4,9.1,,,,
19.581,8,Atta_8,400.8,2249.2,249.0,-41.2,0.6,,,,
19.581,9,Atta_9,474.1,1944.0,62.0,-80.9,4.2,,,,
19.581,10,Atta_10,92.0,2241.6,93.2,-112.8,0.5,,,,
19.701,1,Atta_1,425.0,519.6,119.0,52.1,2.5,,,,
19.701,2,Atta_2,1839.7,523.2,57.1,-80.1,13.8,,,,
19.701,3,Atta_3,811.1,205.2,332.0,-72.8,-4.2,,,,
19.701,4,Atta_4,383.0,628.6,306.6,59.3,-8.0,,,,
19.701,5,Atta_5,434.4,1333.1,339.7,-44.0,-10.4,,,,
19.701,6,Atta_6,698.8,1897.4,77.2,-106.1,-6.5,,,,
19.701,7,Atta_7,126.0,1900.9,136.8,47.4,4.2,,,,
19.701,8,Atta_8,342.8,2220.1,248.6,64.9,-0.4,,,,
19.701,9,Atta_9,415.2,2019.8,71.1,96.0,9.1,,,,
19.701,10,Atta_10,120.9,2298.0,88.7,63.4,-4.5,,,,
19.769,1,Atta_1,387.5,501.0,123.0,41.9,4.0,,,,
19.769,2,Atta_2,1866.4,550.9,64.3,38.5,7.2,,,,
19.769,3,Atta_3,821.3,167.1,328.3,39.4,-3.7,,,,
19.769,4,Atta_4,420.4,627.0,304.5,37.4,-2.1,,,,
19.769,5,Atta_5,410.5,1359.9,338.7,-35.9,-1.0,,,,
19.769,6,Atta_6,656.0,1942.7,76.9,62.3,-0.3,,,,
19.769,7,Atta_7,110.4,1909.3,144.1,17.7,7.3,,,,
19.769,8,Atta_8,304.4,2212.6,248.3,39.1,-0.3,,,,
19.769,9,Atta_9,458.6,2018.6,74.2,43.4,3.1,,,,
19.769,10,Atta_10,72.5,2293.4,93.0,-48.6,4.3,,,,
19.822,1,Atta_1,426.1,431.5,118.9,-79.5,-4.1,,,,
19.822,2,Atta_2,1826.2,537.9,67.3,-42.2,3.0,,,,
19.822,3,Atta_3,790.7,183.3,332.9,-34.6,4.6,,,,
19.822,4,Atta_4,418.8,615.7,296.1,11.4,-8.4,,,,
19.822,5,Atta_5,428.2,1363.8,333.6,18.1,-5.1,,,,
19.822,6,Atta_6,594.7,1903.4,73.9,-72.8,-3.0,,,,
19.822,7,Atta_7,90.3,1892.7,148.0,26.1,3.9,,,,
19.822,8,Atta_8,348.0,2176.2,247.6,56.8,-0.7,,,,
19.822,9,Atta_9,487.1,2010.3,82.3,-29.7,8.1,,,,
19.822,10,Atta_10,100.0,2286.9,90.8,-28.3,-2.2,,,,
19.957,1,Atta_1,405.3,426.5,120.3,21.4,1.4,,,,
19.957,2,Atta_2,1862.3,507.2,74.7,-47.4,7.4,,,,
19.957,3,Atta_3,818.0,188.8,333.4,27.8,0.5,,,,
19.957,4,Atta_4,420.4,625.8,292.0,-10.2,-4.1,,,,
19.957,5,Atta_5,391.5,1340.8,328.3,-43.3,-5.3,,,,
19.957,6,Atta_6,584.1,1919.4,58.9,19.2,-15.0,,,,
19.957,7,Atta_7,146.4,1901.2,155.4,-56.7,7.4,,,,
19.957,8,Atta_8,286.1,2217.7,246.9,-74.5,-0.7,,,,
19.957,9,Atta_9,513.5,1934.4,87.9,-80.4,5.6,,,,
19.957,10,Atta_10,125.3,2297.6,90.5,27.5,-0.3,,,,
20.026,1,Atta_1,467.9,430.9,122.5,-62.8,2.2,,,,
20.026,2,Atta_2,1886.2,600.4,78.4,96.2,3.7,,,,
20.026,3,Atta_3,801.1,116.8,330.6,74.0,-2.8,,,,
20.026,4,Atta_4,399.5,623.7,283.2,-21.0,-8.8,,,,
20.026,5,Atta_5,465.6,1325.2,320.4,75.7,-7.9,,,,
20.026,6,Atta_6,652.8,1889.2,58.0,75.0,-0.9,,,,
20.026,7,Atta_7,87.3,1881.0,157.9,62.5,2.5,,,,
20.026,8,Atta_8,332.4,2171.0,244.9,65.8,-2.0,,,,
20.026,9,Atta_9,460.0,1991.3,84.9,78.1,-3.0,,,,
20.026,10,Atta_10,73.7,2334.3,93.6,63.3,3.1,,,,
20.093,1,Atta_1,458.9,414.0,128.1,-19.1,5.6,,,,
20.093,2,Atta_2,1886.5,562.9,84.9,-37.5,6.5,,,,
20.093,3,Atta_3,870.3,164.1,331.5,83.8,0.9,,,,
20.093,4,Atta_4,378.3,651.4,286.0,-34.9,2.8,,,,
20.093,5,Atta_5,403.8,1363.7,317.2,-72.8,-3.2,,,,
20.093,6,Atta_6,630.5,1900.2,50.9,-24.9,-7.1,,,,
20.093,7,Atta_7,118.0,1823.8,161.8,-64.9,3.9,,,,
20.093,8,Atta_8,318.4,2161.7,248.7,16.8,3.8,,,,
20.093,9,Atta_9,457.6,2004.7,84.8,13.6,-0.1,,,,
20.093,10,Atta_10,77.1,2354.8,93.0,20.8,-0.6,,,,
20.224,1,Atta_1,448.5,403.5,133.6,-14.8,5.5,,,,
20.224,2,Atta_2,1851.9,533.5,87.8,-45.4,2.9,,,,
20.224,3,Atta_3,853.9,95.3,335.5,70.7,4.0,,,,
20.224,4,Atta_4,427.5,622.9,278.8,56.9,-7.2,,,,
20.224,5,Atta_5,360.6,1290.2,313.3,85.3,-3.9,,,,
20.224,6,Atta_6,598.1,1957.1,44.9,65.5,-6.0,,,,
20.224,7,Atta_7,65.2,1912.5,170.0,103.2,8.2,,,,
20.224,8,Atta_8,306.5,2154.5,242.4,13.9,-6.3,,,,
20.224,9,Atta_9,402.0,1979.0,86.5,-61.3,1.7,,,,
20.224,10,Atta_10,80.1,2311.4,91.0,-43.5,-2.0,,,,
20.293,1,Atta_1,461.2,411.1,137.1,-14.8,3.5,,,,
20.293,2,Atta_2,1797.4,531.1,89.2,-54.6,1.4,,,,
20.293,3,Atta_3,840.1,141.1,330.1,-47.8,-5.4,,,,
20.293,4,Atta_4,429.4,653.2,271.3,-30.4,-7.5,,,,
20.293,5,Atta_5,429.9,1337.2,303.1,83.7,-10.2,,,,
20.293,6,Atta_6,612.8,1892.6,39.6,-66.2,-5.3,,,,
20.293,7,Atta_7,101.8,1888.4,179.1,-43.8,9.1,,,,
20.293,8,Atta_8,298.8,2062.5,247.7,92.3,5.3,,,,
20.293,9,Atta_9,410.5,2025.4,90.1,47.2,3.6,,,,
20.293,10,Atta_10,49.5,2401.3,90.1,95.0,-0.9,,,,
20.425,1,Atta_1,427.9,442.2,145.4,45.6,8.3,,,,
20.425,2,Atta_2,1850.6,576.1,94.3,69.7,5.1,,,,
20.425,3,Atta_3,878.8,143.2,331.6,38.8,1.5,,,,
20.425,4,Atta_4,422.9,692.1,264.4,-39.4,-6.9,,,,
20.425,5,Atta_5,403.6,1322.5,300.5,-30.1,-2.6,,,,
20.425,6,Atta_6,625.0,1867.2,36.4,-28.2,-3.2,,,,
20.425,7,Atta_7,145.7,1924.1,181.9,-56.6,2.8,,,,
20.425,8,Atta_8,284.2,2095.7,247.0,-36.3,-0.7,,,,
20.425,9,Atta_9,475.1,2005.4,92.9,-67.6,2.8,,,,
20.425,10,Atta_10,86.9,2427.7,86.1,45.8,-4.0,,,,
20.492,1,Atta_1,430.3,432.0,146.4,-10.5,1.0,,,,
20.492,2,Atta_2,1861.9,553.2,93.3,-25.5,-1.0,,,,
20.492,3,Atta_3,973.4,139.8,336.8,94.7,5.2,,,,
20.492,4,Atta_4,429.7,588.8,260.6,103.5,-3.8,,,,
20.492,5,Atta_5,418.7,1285.1,297.5,40.3,-3.0,,,,
20.492,6,Atta_6,621.3,1981.0,28.9,113.9,-7.5,,,,
20.492,7,Atta_7,81.0,1817.3,183.9,124.9,2.0,,,,
20.492,8,Atta_8,294.7,2128.3,246.6,-34.2,-0.4,,,,
20.492,9,Atta_9,437.0,2010.7,97.3,38.5,4.4,,,,
20.492,10,Atta_10,87.0,2427.3,91.9,-0.4,5.8,,,,
20.56,1,Atta_1,475.3,390.9,152.3,-60.9,5.9,,,,
20.56,2,Atta_2,1874.7,528.0,92.5,-28.3,-0.8,,,,
20.56,3,Atta_3,862.4,100.2,336.1,-117.9,-0.7,,,,
20.56,4,Atta_4,407.2,597.3,255.8,-24.1,-4.8,,,,
20.56,5,Atta_5,415.5,1313.4,292.1,-28.5,-5.4,,,,
20.56,6,Atta_6,633.8,1921.4,22.2,-60.9,-6.7,,,,
20.56,7,Atta_7,132.0,1873.2,184.1,-75.7,0.2,,,,
20.56,8,Atta_8,289.4,2107.7,246.8,21.3,0.2,,,,
20.56,9,Atta_9,445.2,1969.9,100.1,-41.6,2.8,,,,
20.56,10,Atta_10,67.7,2373.2,89.0,-57.4,-2.9,,,,
20.63,1,Atta_1,496.6,384.4,154.1,-22.3,1.8,,,,
20.63,2,Atta_2,1819.7,528.6,93.0,55.0,0.5,,,,
20.63,3,Atta_3,907.8,119.0,343.2,49.1,7.1,,,,
20.63,4,Atta_4,406.1,607.9,245.7,-10.7,-10.1,,,,
20.63,5,Atta_5,402.8,1315.6,287.2,-12.9,-4.9,,,,
20.63,6,Atta_6,593.1,1913.2,20.0,-41.5,-2.2,,,,
20.63,7,Atta_7,132.1,1865.3,196.4,7.9,12.3,,,,
20.63,8,Atta_8,327.0,2042.9,249.4,74.9,2.6,,,,
20.63,9,Atta_9,465.1,2004.7,104.4,40.1,4.3,,,,
20.63,10,Atta_10,65.6,2455.4,95.1,82.2,6.1,,,,
20.696,1,Atta_1,430.1,433.0,165.8,82.4,11.7,,,,
20.696,2,Atta_2,1866.5,554.4,91.1,53.4,-1.9,,,,
20.696,3,Atta_3,848.7,94.3,350.1,-64.1,6.9,,,,
20.696,4,Atta_4,435.4,662.0,243.5,-61.5,-2.2,,,,
20.696,5,Atta_5,406.8,1228.7,280.1,87.0,-7.1,,,,
20.696,6,Atta_6,592.4,1896.5,18.2,-16.7,-1.8,,,,
20.696,7,Atta_7,119.5,1850.9,196.5,19.1,0.1,,,,
20.696,8,Atta_8,313.0,2079.4,249.6,-39.1,0.2,,,,
20.696,9,Atta_9,485.2,2011.2,113.7,21.1,9.3,,,,
20.696,10,Atta_10,99.4,2424.3,88.6,-45.9,-6.5,,,,
20.762,1,Atta_1,460.8,442.3,164.1,-32.1,-1.7,,,,
20.762,2,Atta_2,1829.1,568.7,80.9,40.0,-10.2,,,,
20.762,3,Atta_3,891.4,74.9,354.6,46.9,4.5,,,,
20.762,4,Atta_4,444.8,620.3,243.4,42.7,-0.1,,,,
20.762,5,Atta_5,433.3,1334.9,275.9,-109.5,-4.2,,,,
20.762,6,Atta_6,564.7,1924.2,13.9,-39.2,-4.3,,,,
20.762,7,Atta_7,178.7,1843.6,203.2,-59.6,6.7,,,,
20.762,8,Atta_8,283.7,2061.8,247.3,34.2,-2.3,,,,
20.762,9,Atta_9,449.2,1992.5,117.8,-40.6,4.1,,,,
20.762,10,Atta_10,49.4,2468.0,91.2,66.4,2.6,,,,
20.831,1,Atta_1,454.4,397.8,168.6,-45.0,4.5,,,,
20.831,2,Atta_2,1843.9,548.0,82.1,-25.4,1.2,,,,
20.831,3,Atta_3,859.9,126.3,353.8,-60.3,-0.8,,,,
20.831,4,Atta_4,447.0,614.3,237.3,6.4,-6.1,,,,
20.831,5,Atta_5,407.1,1357.8,273.5,-34.8,-2.4,,,,
20.831,6,Atta_6,622.1,1924.4,11.6,57.4,-2.3,,,,
20.831,7,Atta_7,112.8,1851.5,203.3,66.4,0.1,,,,
20.831,8,Atta_8,256.7,2062.4,245.1,27.0,-2.2,,,,
20.831,9,Atta_9,513.7,1963.6,121.3,-70.7,3.5,,,,
20.831,10,Atta_10,98.8,2449.1,92.8,-52.9,1.6,,,,
20.899,1,Atta_1,479.8,409.6,175.2,-28.0,6.6,,,,
20.899,2,Atta_2,1831.7,549.1,73.1,-12.2,-9.0,,,,
20.899,3,Atta_3,827.9,106.3,1.2,-37.7,7.4,,,,
20.899,4,Atta_4,431.2,617.9,231.5,16.2,-5.8,,,,
20.899,5,Atta_5,434.1,1263.5,269.8,98.1,-3.7,,,,
20.899,6,Atta_6,647.9,1919.4,1.7,26.3,-9.9,,,,
20.899,7,Atta_7,119.9,1885.2,207.4,-34.4,4.1,,,,
20.899,8,Atta_8,240.7,2042.0,246.3,25.9,1.2,,,,
20.899,9,Atta_9,471.5,2027.5,124.6,76.6,3.3,,,,
20.899,10,Atta_10,47.4,2434.9,88.8,-53.3,-4.0,,,,
20.967,1,Atta_1,460.2,404.5,183.1,20.3,7.9,,,,
20.967,2,Atta_2,1851.7,550.9,71.5,20.1,-1.6,,,,
20.967,3,Atta_3,908.5,102.5,7.6,80.7,6.4,,,,
20.967,4,Atta_4,377.4,601.2,228.7,56.3,-2.8,,,,
20.967,5,Atta_5,431.0,1342.2,268.8,-78.8,-1.0,,,,
20.967,6,Atta_6,620.0,1897.6,359.2,-35.4,-2.5,,,,
20.967,7,Atta_7,114.8,1817.4,205.7,68.0,-1.7,,,,
20.967,9,Atta_9,508.6,1982.1,130.5,-58.6,5.9,,,,
20.967,10,Atta_10,117.4,2504.8,87.9,98.9,-0.9,,,,
21.028,1,Atta_1,450.9,446.7,176.1,43.2,-7.0,,,,
21.028,2,Atta_2,1905.4,559.5,64.9,54.4,-6.6,,,,
21.028,3,Atta_3,917.5,161.3,13.5,59.5,5.9,,,,
21.028,4,Atta_4,426.0,602.0,224.2,-48.6,-4.5,,,,
21.028,5,Atta_5,462.7,1348.4,257.7,-32.3,-11.1,,,,
21.028,6,Atta_6,576.8,1940.4,355.0,-60.8,-4.2,,,,
21.028,7,Atta_7,128.4,1902.3,207.7,-86.0,2.0,,,,
21.028,8,Atta_8,277.4,2010.5,247.0,48.4,0.7,,,,
21.028,9,Atta_9,490.4,1996.9,130.3,23.5,-0.2,,,,
21.028,10,Atta_10,114.7,2498.1,89.7,-7.2,1.8,,,,
21.095,1,Atta_1,494.2,419.4,181.2,-51.2,5.1,,,,
21.095,2,Atta_2,1839.9,533.6,59.1,-70.4,-5.8,,,,
21.095,3,Atta_3,910.7,170.0,15.9,-11.0,2.4,,,,
21.095,4,Atta_4,420.9,631.6,222.1,-30.0,-2.1,,,,
21.095,5,Atta_5,420.1,1294.7,253.1,68.5,-4.6,,,,
21.095,6,Atta_6,647.9,1978.6,349.9,80.7,-5.1,,,,
21.095,7,Atta_7,146.3,1893.1,207.6,-20.1,-0.1,,,,
21.095,8,Atta_8,255.3,1998.6,250.8,25.1,3.8,,,,
21.095,9,Atta_9,468.6,2025.3,139.0,35.8,8.7,,,,
21.095,10,Atta_10,111.4,2559.5,88.1,61.5,-1.6,,,,
21.163,1,Atta_1,499.6,410.7,175.8,-10.2,-5.4,,,,
21.163,2,Atta_2,1853.2,537.6,60.0,13.9,0.9,,,,
21.163,3,Atta_3,928.5,125.6,19.8,47.8,3.9,,,,
21.163,4,Atta_4,429.2,617.8,223.5,16.1,1.4,,,,
21.163,5,Atta_5,389.3,1311.8,250.4,-35.2,-2.7,,,,
21.163,6,Atta_6,660.0,1943.5,345.2,37.1,-4.7,,,,
21.163,7,Atta_7,169.1,1816.6,203.8,79.8,-3.8,,,,
21.163,8,Atta_8,293.5,1993.7,243.7,-38.5,-7.1,,,,
21.163,9,Atta_9,456.8,2001.4,143.4,-26.7,4.4,,,,
21.163,10,Atta_10,19.5,2520.0,91.6,-100.0,3.5,,,,
21.216,1,Atta_1,422.5,414.7,182.6,77.2,6.8,,,,
21.216,2,Atta_2,1871.5,513.8,51.5,-30.0,-8.5,,,,
21.216,3,Atta_3,866.2,142.8,24.9,-64.6,5.1,,,,
21.216,4,Atta_4,402.8,622.6,223.8,26.8,0.3,,,,
21.216,5,Atta_5,442.4,1341.1,244.5,-60.6,-5.9,,,,
21.216,6,Atta_6,610.7,1915.1,339.7,-56.9,-5.5,,,,
21.216,7,Atta_7,70.1,1868.9,209.2,112.0,5.4,,,,
21.216,8,Atta_8,188.7,1971.2,246.8,107.2,3.1,,,,
21.216,9,Atta_9,489.9,2003.8,144.3,-33.2,0.9,,,,
21.216,10,Atta_10,93.6,2579.0,92.1,94.7,0.5,,,,
21.283,1,Atta_1,443.7,350.1,181.4,-68.0,-1.2,,,,
21.283,2,Atta_2,1871.0,561.5,45.9,47.7,-5.6,,,,
21.283,3,Atta_3,901.3,126.0,28.3,38.9,3.4,,,,
21.283,4,Atta_4,393.4,590.3,223.6,33.6,-0.2,,,,
21.283,5,Atta_5,403.5,1325.4,241.1,41.9,-3.4,,,,
21.283,6,Atta_6,620.2,1958.2,336.5,-44.1,-3.2,,,,
21.283,7,Atta_7,34.3,1860.9,206.3,36.7,-2.9,,,,
21.283,8,Atta_8,227.6,1993.9,246.0,-45.0,-0.8,,,,
21.283,9,Atta_9,468.2,1956.2,151.5,-52.3,7.2,,,,
21.283,10,Atta_10,97.0,2571.2,93.5,-8.5,1.4,,,,
21.338,1,Atta_1,447.8,404.9,179.2,-55.0,-2.2,,,,
21.338,2,Atta_2,1854.1,529.1,42.3,-36.5,-3.6,,,,
21.338,3,Atta_3,932.4,122.0,29.8,31.4,1.5,,,,
21.338,4,Atta_4,396.8,642.3,223.7,-52.1,0.1,,,,
21.338,5,Atta_5,416.0,1320.6,233.7,-13.4,-7.4,,,,
21.338,6,Atta_6,623.5,1875.0,330.9,83.3,-5.6,,,,
21.338,7,Atta_7,108.7,1871.4,212.5,-75.1,6.2,,,,
21.338,8,Atta_8,250.3,2016.6,247.3,-32.1,1.3,,,,
21.338,9,Atta_9,489.0,2012.7,158.9,60.2,7.4,,,,
21.338,10,Atta_10,97.8,2579.7,90.5,8.5,-3.0,,,,
21.407,1,Atta_1,371.8,357.5,179.4,89.6,0.2,,,,
21.407,2,Atta_2,1802.5,525.2,40.8,-51.7,-1.5,,,,
21.407,3,Atta_3,896.9,151.3,36.5,-46.0,6.7,,,,
21.407,4,Atta_4,392.1,582.3,223.5,60.2,-0.2,,,,
21.407,5,Atta_5,447.5,1270.3,232.5,59.3,-1.2,,,,
21.407,6,Atta_6,598.0,1866.8,331.7,-26.8,0.8,,,,
21.407,7,Atta_7,119.4,1871.9,209.3,-10.7,-3.2,,,,
21.407,8,Atta_8,240.0,1940.6,250.1,76.7,2.8,,,,
21.407,9,Atta_9,431.0,1987.2,158.2,63.4,-0.7,,,,
21.407,10,Atta_10,89.5,2537.1,93.8,-43.4,3.3,,,,
21.473,1,Atta_1,435.7,390.8,181.0,-72.1,1.6,,,,
21.473,2,Atta_2,1845.8,559.3,35.7,55.1,-5.1,,,,
21.473,3,Atta_3,826.6,123.8,40.5,-75.5,4.0,,,,
21.473,4,Atta_4,412.2,631.8,225.1,-53.4,1.6,,,,
21.473,5,Atta_5,447.8,1346.0,230.4,-75.7,-2.1,,,,
21.473,6,Atta_6,608.3,1921.0,332.2,-55.2,0.5,,,,
21.473,7,Atta_7,118.4,1881.0,209.6,-9.2,0.3,,,,
21.473,8,Atta_8,257.9,1948.6,245.0,-19.6,-5.1,,,,
21.473,9,Atta_9,460.3,2016.3,156.5,-41.3,-1.7,,,,
21.473,10,Atta_10,71.9,2579.9,91.0,46.3,-2.8,,,,
21.589,1,Atta_1,426.7,399.4,180.4,12.4,-0.6,,,,
21.589,2,Atta_2,1827.5,525.1,35.9,-38.8,0.2,,,,
21.589,3,Atta_3,886.3,101.4,45.3,63.8,4.8,,,,
21.589,4,Atta_4,377.4,635.7,226.4,35.0,1.3,,,,
21.589,5,Atta_5,438.0,1325.3,225.8,22.9,-4.6,,,,
21.589,6,Atta_6,638.6,1935.0,325.9,33.4,-6.3,,,,
21.589,7,Atta_7,120.9,1911.1,212.0,-30.2,2.4,,,,
21.589,8,Atta_8,240.0,1977.5,240.7,-34.0,-4.3,,,,
21.589,9,Atta_9,490.9,1994.1,157.3,-37.8,0.8,,,,
21.589,10,Atta_10,125.1,2623.2,91.2,68.6,0.2,,,,
21.644,1,Atta_1,426.0,403.6,180.6,4.3,0.2,,,,
21.644,2,Atta_2,1928.2,552.4,22.9,104.3,-13.0,,,,
21.644,3,Atta_3,888.0,107.6,52.0,6.4,6.7,,,,
21.644,4,Atta_4,398.2,583.7,227.9,56.0,1.5,,,,
21.644,5,Atta_5,458.4,1354.5,225.1,-35.6,-0.7,,,,
21.644,6,Atta_6,616.2,1963.0,327.2,-35.9,1.3,,,,
21.644,7,Atta_7,119.2,1878.4,212.0,32.7,0.0,,,,
21.644,8,Atta_8,265.2,1993.5,239.8,-29.9,-0.9,,,,
21.644,9,Atta_9,421.4,1947.1,158.4,83.9,1.1,,,,
21.644,10,Atta_10,55.8,2658.3,96.8,77.7,5.6,,,,
21.71,1,Atta_1,389.1,413.7,180.1,38.3,-0.5,,,,
21.71,2,Atta_2,1848.2,547.4,19.0,-80.2,-3.9,,,,
21.71,3,Atta_3,871.7,152.1,57.8,47.4,5.8,,,,
21.71,4,Atta_4,349.4,544.4,227.0,62.7,-0.9,,,,
21.71,5,Atta_5,440.2,1375.0,228.3,-27.4,3.2,,,,
21.71,6,Atta_6,665.0,1873.1,325.3,102.3,-1.9,,,,
21.71,7,Atta_7,183.4,1870.8,216.1,-64.6,4.1,,,,
21.71,8,Atta_8,264.8,1965.9,246.1,27.6,6.3,,,,
21.71,9,Atta_9,499.8,2001.1,163.6,-95.2,5.2,,,,
21.71,10,Atta_10,67.0,2570.5,99.8,-88.5,3.0,,,,
21.777,1,Atta_1,336.1,433.2,179.3,56.5,-0.8,,,,
21.777,2,Atta_2,1830.9,511.4,15.9,-39.9,-3.1,,,,
21.777,3,Atta_3,875.3,89.3,61.1,-62.9,3.3,,,,
21.777,4,Atta_4,397.9,576.4,226.7,-58.1,-0.3,,,,
21.777,5,Atta_5,437.5,1319.2,224.9,55.9,-3.4,,,,
21.777,6,Atta_6,611.4,1914.7,331.1,-67.8,5.8,,,,
21.777,7,Atta_7,125.2,1909.2,212.6,69.7,-3.5,,,,
21.777,8,Atta_8,234.4,1983.9,245.1,-35.3,-1.0,,,,
21.777,9,Atta_9,510.7,1986.5,158.6,-18.2,-5.0,,,,
21.777,10,Atta_10,106.4,2613.3,104.6,58.2,4.8,,,,
21.845,1,Atta_1,350.7,368.4,182.0,-66.4,2.7,,,,
21.845,2,Atta_2,1869.5,546.4,13.7,52.1,-2.2,,,,
21.845,3,Atta_3,814.1,90.5,60.0,-61.2,-1.1,,,,
21.845,4,Atta_4,316.3,573.1,220.8,81.7,-5.9,,,,
21.845,5,Atta_5,444.2,1300.8,227.1,19.6,2.2,,,,
21.845,6,Atta_6,560.7,1877.8,334.2,-62.7,3.1,,,,
21.845,7,Atta_7,157.6,1869.5,217.9,-51.2,5.3,,,,
21.845,8,Atta_8,286.9,2008.2,243.5,-57.9,-1.6,,,,
21.845,9,Atta_9,457.9,2058.5,160.3,89.3,1.7,,,,
21.845,10,Atta_10,58.3,2556.4,109.6,-74.5,5.0,,,,
21.914,1,Atta_1,363.9,420.5,180.7,-53.7,-1.3,,,,
21.914,2,Atta_2,1909.4,550.2,8.3,40.1,-5.4,,,,
21.914,3,Atta_3,810.9,122.2,60.9,31.9,0.9,,,,
21.914,4,Atta_4,286.7,599.7,227.8,39.8,7.0,,,,
21.914,5,Atta_5,440.9,1387.5,226.3,-86.8,-0.8,,,,
21.914,6,Atta_6,603.4,1937.7,341.0,73.6,6.8,,,,
21.914,7,Atta_7,187.8,1934.7,220.4,-71.9,2.5,,,,
21.914,8,Atta_8,258.9,1983.0,243.2,37.7,-0.3,,,,
21.914,9,Atta_9,452.0,1982.3,158.2,-76.4,-2.1,,,,
21.914,10,Atta_10,114.9,2547.1,111.4,-57.4,1.8,,,,
21.98,1,Atta_1,312.0,467.6,181.9,70.1,1.2,,,,
21.98,2,Atta_2,1837.2,569.8,5.1,-74.8,-3.2,,,,
21.98,3,Atta_3,832.1,77.1,60.9,-49.8,0.0,,,,
21.98,4,Atta_4,350.0,555.3,227.3,-77.3,-0.5,,,,
21.98,5,Atta_5,415.0,1311.8,227.2,80.0,0.9,,,,
21.98,6,Atta_6,649.1,1903.9,343.6,56.8,2.6,,,,
21.98,7,Atta_7,166.1,1973.3,228.4,-44.3,8.0,,,,
21.98,8,Atta_8,261.3,2052.0,247.2,-69.0,4.0,,,,
21.98,9,Atta_9,446.6,2058.6,153.6,76.5,-4.6,,,,
21.98,10,Atta_10,61.8,2542.5,119.7,53.3,8.3,,,,
22.05,1,Atta_1,285.8,471.7,177.0,26.5,-4.9,,,,
22.05,2,Atta_2,1878.6,532.2,353.3,55.9,-11.8,,,,
22.05,3,Atta_3,930.4,160.0,58.3,128.6,-2.6,,,,
22.05,4,Atta_4,379.1,623.5,226.3,-74.1,-1.0,,,,
22.05,5,Atta_5,430.0,1305.2,227.2,-16.4,0.0,,,,
22.05,6,Atta_6,607.8,1891.4,350.6,-43.2,7.0,,,,
22.05,7,Atta_7,166.0,1897.0,229.6,76.3,1.2,,,,
22.05,8,Atta_8,272.5,2016.7,252.4,37.0,5.2,,,,
22.05,9,Atta_9,392.4,1996.8,159.3,82.2,5.7,,,,
22.05,10,Atta_10,101.3,2608.3,120.1,76.7,0.4,,,,
22.121,1,Atta_1,315.7,430.3,174.3,-51.1,-2.7,,,,
22.121,2,Atta_2,1863.7,523.6,355.0,-17.2,1.7,,,,
22.121,3,Atta_3,882.0,99.0,60.4,-77.9,2.1,,,,
22.121,4,Atta_4,365.2,557.6,225.2,67.3,-1.1,,,,
22.121,5,Atta_5,376.9,1304.0,224.8,53.1,-2.4,,,,
22.121,6,Atta_6,645.5,1878.7,351.2,39.8,0.6,,,,
22.121,7,Atta_7,153.1,1888.1,237.0,15.7,7.4,,,,
22.121,8,Atta_8,287.0,2036.6,255.5,-24.6,3.1,,,,
22.121,9,Atta_9,399.9,1993.0,154.1,-8.4,-5.2,,,,
22.121,10,Atta_10,89.1,2607.3,128.6,12.2,8.5,,,,
22.19,1,Atta_1,283.1,419.5,168.5,34.3,-5.8,,,,
22.19,2,Atta_2,1833.4,538.4,351.0,-33.7,-4.0,,,,
22.19,3,Atta_3,866.9,106.9,59.3,-17.0,-1.1,,,,
22.19,4,Atta_4,363.6,609.8,227.3,-52.2,2.1,,,,
22.19,5,Atta_5,371.6,1314.5,223.4,-11.8,-1.4,,,,
22.19,6,Atta_6,592.7,1877.8,357.7,-52.8,6.5,,,,
22.19,7,Atta_7,192.6,1907.9,241.1,-44.2,4.1,,,,
22.19,8,Atta_8,284.8,2023.7,261.4,13.1,5.9,,,,
22.19,9,Atta_9,479.1,1973.3,152.8,-81.6,-1.3,,,,
22.19,10,Atta_10,115.5,2570.7,130.1,-45.1,1.5,,,,
22.244,1,Atta_1,335.3,418.4,163.2,-52.2,-5.3,,,,
22.244,2,Atta_2,1870.5,563.7,345.2,44.9,-5.8,,,,
22.244,3,Atta_3,917.4,136.5,59.4,58.5,0.1,,,,
22.244,4,Atta_4,378.4,616.7,224.8,-16.3,-2.5,,,,
22.244,5,Atta_5,361.3,1275.0,228.3,40.8,4.9,,,,
22.244,6,Atta_6,687.8,1950.3,1.5,119.6,3.8,,,,
22.244,7,Atta_7,169.0,1886.8,243.4,31.7,2.3,,,,
22.244,8,Atta_8,243.4,2070.5,263.0,-62.5,1.6,,,,
22.244,9,Atta_9,462.6,1984.5,155.1,19.9,2.3,,,,
22.244,10,Atta_10,43.0,2548.2,130.8,75.9,0.7,,,,
22.316,1,Atta_1,318.8,396.0,161.0,27.8,-2.2,,,,
22.316,2,Atta_2,1840.2,518.1,345.1,-54.7,-0.1,,,,
22.316,3,Atta_3,905.7,165.9,60.3,31.6,0.9,,,,
22.316,4,Atta_4,399.1,616.6,225.6,-20.7,0.8,,,,
22.316,5,Atta_5,398.4,1252.3,225.2,-43.5,-3.1,,,,
22.316,6,Atta_6,611.9,1922.0,5.0,-81.0,3.5,,,,
22.316,7,Atta_7,139.2,1850.4,252.4,47.0,9.0,,,,
22.316,8,Atta_8,260.5,2043.1,267.0,32.3,4.0,,,,
22.316,9,Atta_9,423.2,2016.7,151.3,50.9,-3.8,,,,
22.316,10,Atta_10,109.5,2605.4,136.6,-87.7,5.8,,,,
22.369,1,Atta_1,307.6,428.1,156.4,34.0,-4.6,,,,
22.369,2,Atta_2,1796.2,549.9,336.2,-54.3,-8.9,,,,
22.369,3,Atta_3,870.3,162.8,59.1,-35.5,-1.2,,,,
22.369,4,Atta_4,452.6,608.5,222.6,-54.1,-3.0,,,,
22.369,5,Atta_5,371.7,1235.7,227.5,31.4,2.3,,,,
22.369,6,Atta_6,645.4,1898.4,7.4,41.0,2.4,,,,
22.369,7,Atta_7,171.3,1856.0,254.9,-32.6,2.5,,,,
22.369,8,Atta_8,239.3,2027.1,273.7,26.6,6.7,,,,
22.369,9,Atta_9,456.0,1969.6,155.9,-57.4,4.6,,,,
22.369,10,Atta_10,63.5,2592.5,132.0,47.8,-4.6,,,,
22.439,1,Atta_1,299.0,429.9,148.8,8.8,-7.6,,,,
22.439,2,Atta_2,1862.8,528.0,330.2,70.1,-6.0,,,,
22.439,3,Atta_3,861.6,150.7,61.7,-14.9,2.6,,,,
22.439,4,Atta_4,450.6,592.7,217.3,15.9,-5.3,,,,
22.439,5,Atta_5,319.4,1249.9,226.2,54.2,-1.3,,,,
22.439,6,Atta_6,681.5,1891.9,19.9,36.7,12.5,,,,
22.439,7,Atta_7,194.6,1914.3,256.2,-62.8,1.3,,,,
22.439,8,Atta_8,256.7,2033.6,279.4,-18.6,5.7,,,,
22.439,9,Atta_9,467.4,1963.0,154.2,-13.2,-1.7,,,,
22.439,10,Atta_10,84.6,2562.6,132.5,-36.6,0.5,,,,
22.505,1,Atta_1,346.1,454.6,146.0,-53.2,-2.8,,,,
22.505,2,Atta_2,1893.7,454.5,326.1,79.7,-4.1,,,,
22.505,3,Atta_3,880.3,178.8,61.8,33.8,0.1,,,,
22.505,4,Atta_4,429.9,628.7,218.1,-41.5,0.8,,,,
22.505,5,Atta_5,387.2,1214.7,224.1,-76.4,-2.1,,,,
22.505,6,Atta_6,595.4,1913.1,18.5,-88.7,-1.4,,,,
22.505,7,Atta_7,216.9,1910.2,260.4,-22.7,4.2,,,,
22.505,8,Atta_8,260.2,2075.0,280.9,-41.5,1.5,,,,
22.505,9,Atta_9,493.9,2004.7,154.0,-49.4,-0.2,,,,
22.505,10,Atta_10,89.0,2596.9,128.2,34.6,-4.3,,,,
22.574,1,Atta_1,325.0,436.7,144.1,27.7,-1.9,,,,
22.574,2,Atta_2,1893.3,549.0,322.9,-94.5,-3.2,,,,
22.574,3,Atta_3,925.8,111.9,58.0,-80.9,-3.8,,,,
22.574,4,Atta_4,376.8,571.1,209.2,78.3,-8.9,,,,
22.574,5,Atta_5,354.8,1262.1,227.5,-57.4,3.4,,,,
22.574,6,Atta_6,704.4,1930.6,23.7,110.4,5.2,,,,
22.574,7,Atta_7,176.8,1943.9,265.9,-52.4,5.5,,,,
22.574,8,Atta_8,319.9,2017.9,286.1,82.6,5.2,,,,
22.574,9,Atta_9,516.6,1993.2,147.3,-25.4,-6.7,,,,
22.574,10,Atta_10,111.7,2580.5,132.5,-28.0,4.3,,,,
22.641,1,Atta_1,310.2,424.0,134.6,19.5,-9.5,,,,
22.641,2,Atta_2,1850.4,536.1,317.9,-44.8,-5.0,,,,
22.641,3,Atta_3,917.1,185.4,56.5,74.0,-1.5,,,,
22.641,4,Atta_4,400.6,612.5,206.6,-47.8,-2.6,,,,
22.641,5,Atta_5,365.6,1216.6,224.6,46.8,-2.9,,,,
22.641,6,Atta_6,651.1,1939.3,29.7,-54.0,6.0,,,,
22.641,7,Atta_7,158.9,1837.6,270.1,107.8,4.2,,,,
22.641,8,Atta_8,272.3,2028.1,293.1,-48.7,7.0,,,,
22.641,9,Atta_9,434.5,2011.5,143.9,84.1,-3.4,,,,
22.641,10,Atta_10,83.0,2587.9,127.4,29.6,-5.1,,,,
22.707,1,Atta_1,322.9,476.6,130.3,54.1,-4.3,,,,
22.707,2,Atta_2,1866.8,582.8,310.6,-49.5,-7.3,,,,
22.707,3,Atta_3,907.1,180.3,59.2,-11.2,2.7,,,,
22.707,4,Atta_4,412.2,614.2,200.0,-11.7,-6.6,,,,
22.707,5,Atta_5,283.5,1233.2,222.0,83.8,-2.6,,,,
22.707,6,Atta_6,609.0,1964.6,31.5,-49.1,1.8,,,,
22.707,7,Atta_7,196.7,1871.5,267.2,-50.8,-2.9,,,,
22.707,8,Atta_8,323.2,2007.8,295.3,54.8,2.2,,,,
22.707,9,Atta_9,562.9,1952.5,143.8,-141.3,-0.1,,,,
22.707,10,Atta_10,35.1,2545.9,125.3,-63.7,-2.1,,,,
22.775,1,Atta_1,305.5,454.5,130.2,-28.1,-0.1,,,,
22.775,2,Atta_2,1827.9,602.2,308.8,-43.5,-1.8,,,,
22.775,3,Atta_3,920.0,225.6,60.3,47.1,1.1,,,,
22.775,4,Atta_4,403.0,565.7,195.7,49.4,-4.3,,,,
22.775,5,Atta_5,356.3,1195.1,224.3,-82.2,2.3,,,,
22.775,6,Atta_6,642.8,1896.9,42.1,-75.7,10.6,,,,
22.775,7,Atta_7,153.6,1922.7,268.7,-66.9,1.5,,,,
22.775,8,Atta_8,316.2,1984.0,298.0,24.8,2.7,,,,
22.775,9,Atta_9,473.9,2015.3,136.8,108.9,-7.0,,,,
22.775,10,Atta_10,85.2,2585.3,118.3,63.7,-7.0,,,,
22.826,1,Atta_1,271.6,462.1,124.7,34.7,-5.5,,,,
22.826,2,Atta_2,1876.8,516.3,305.9,98.8,-2.9,,,,
22.826,3,Atta_3,973.2,223.5,61.2,53.2,0.9,,,,
22.826,4,Atta_4,371.7,612.0,191.1,55.9,-4.6,,,,
22.826,5,Atta_5,388.4,1175.0,222.0,-37.9,-2.3,,,,
22.826,6,Atta_6,615.6,1925.7,42.3,-39.6,0.2,,,,
22.826,7,Atta_7,139.2,1896.4,268.7,30.0,0.0,,,,
22.826,8,Atta_8,300.6,2021.9,303.1,-41.0,5.1,,,,
22.826,9,Atta_9,479.1,1984.1,134.7,-31.6,-2.1,,,,
22.826,10,Atta_10,127.0,2586.9,111.8,-41.8,-6.5,,,,
22.963,1,Atta_1,279.9,456.4,119.1,-10.1,-5.6,,,,
22.963,2,Atta_2,1858.9,567.5,300.3,-54.2,-5.6,,,,
22.963,3,Atta_3,919.8,244.0,60.8,-57.2,-0.4,,,,
22.963,4,Atta_4,452.5,597.7,187.4,-82.1,-3.7,,,,
22.963,5,Atta_5,316.3,1145.7,226.0,77.8,4.0,,,,
22.963,6,Atta_6,612.3,1956.5,40.9,31.0,-1.4,,,,
22.963,7,Atta_7,223.5,1942.3,271.1,-96.0,2.4,,,,
22.963,8,Atta_8,281.7,2005.7,299.3,24.9,-3.8,,,,
22.963,9,Atta_9,501.5,1997.9,125.6,-26.3,-9.1,,,,
22.963,10,Atta_10,61.2,2593.6,108.4,66.1,-3.4,,,,
23.031,1,Atta_1,312.6,423.9,113.0,-46.1,-6.1,,,,
23.031,2,Atta_2,1829.4,541.3,292.7,39.5,-7.6,,,,
23.031,3,Atta_3,950.5,254.1,54.9,32.3,-5.9,,,,
23.031,4,Atta_4,417.6,603.2,179.3,35.3,-8.1,,,,
23.031,5,Atta_5,309.2,1198.9,222.2,-53.7,-3.8,,,,
23.031,6,Atta_6,623.4,1899.4,55.9,-58.2,15.0,,,,
23.031,7,Atta_7,197.0,1923.0,270.9,32.8,-0.2,,,,
23.031,8,Atta_8,313.5,1998.8,298.0,32.5,-1.3,,,,
23.031,9,Atta_9,466.0,1957.3,118.1,-53.9,-7.5,,,,
23.031,10,Atta_10,96.0,2594.6,105.1,-34.8,-3.3,,,,
23.1,1,Atta_1,337.9,428.2,106.6,-25.7,-6.4,,,,
23.1,2,Atta_2,1784.8,502.4,289.5,59.2,-3.2,,,,
23.1,3,Atta_3,905.5,292.6,55.1,59.2,0.2,,,,
23.1,4,Atta_4,382.6,652.7,175.0,60.6,-4.3,,,,
23.1,5,Atta_5,259.6,1160.1,222.9,63.0,0.7,,,,
23.1,6,Atta_6,595.5,1948.0,57.7,56.0,1.8,,,,
23.1,7,Atta_7,147.8,1841.2,270.1,95.5,-0.8,,,,
23.1,8,Atta_8,273.1,1986.9,298.8,-42.1,0.8,,,,
23.1,9,Atta_9,454.9,2030.1,114.0,73.6,-4.1,,,,
23.1,10,Atta_10,36.1,2587.6,107.1,60.3,2.0,,,,
23.229,1,Atta_1,301.8,403.2,99.7,-43.9,-6.9,,,,
23.229,2,Atta_2,1900.2,513.8,282.6,116.0,-6.9,,,,
23.229,3,Atta_3,952.5,266.5,57.4,53.8,2.3,,,,
23.229,4,Atta_4,366.8,635.1,165.7,23.7,-9.3,,,,
23.229,5,Atta_5,303.3,1118.6,228.2,-60.3,5.3,,,,
23.229,6,Atta_6,621.8,1935.6,55.3,29.1,-2.4,,,,
23.229,7,Atta_7,141.8,1871.4,269.9,-30.8,-0.2,,,,
23.229,8,Atta_8,275.9,2039.6,299.2,-52.8,0.4,,,,
23.229,9,Atta_9,482.3,1981.9,111.1,-55.4,-2.9,,,,
23.229,10,Atta_10,126.6,2555.1,104.5,-96.2,-2.6,,,,
23.301,1,Atta_1,337.6,420.7,98.4,39.8,-1.3,,,,
23.301,2,Atta_2,1880.6,525.2,276.9,-22.7,-5.7,,,,
23.301,3,Atta_3,971.4,307.1,59.1,44.8,1.7,,,,
23.301,4,Atta_4,397.0,622.2,167.7,-32.8,2.0,,,,
23.301,5,Atta_5,288.1,1130.3,221.7,19.2,-6.5,,,,
23.301,7,Atta_7,219.0,1836.9,272.8,84.6,2.9,,,,
23.301,8,Atta_8,339.2,2020.9,303.2,66.0,4.0,,,,
23.301,9,Atta_9,437.1,1947.7,108.3,-56.7,-2.8,,,,
23.301,10,Atta_10,78.1,2576.1,102.2,52.9,-2.3,,,,
23.364,1,Atta_1,349.6,472.2,90.4,52.9,-8.0,,,,
23.364,2,Atta_2,1877.7,536.4,272.8,-11.6,-4.1,,,,
23.364,3,Atta_3,949.7,331.7,62.7,32.8,3.6,,,,
23.364,4,Atta_4,410.6,645.5,169.3,-27.0,1.6,,,,
23.364,5,Atta_5,195.3,1181.5,226.0,106.0,4.3,,,,
23.364,6,Atta_6,658.2,1918.3,54.0,40.3,-1.3,,,,
23.364,7,Atta_7,183.3,1797.1,269.3,53.5,-3.5,,,,
23.364,8,Atta_8,289.6,2029.5,298.3,-50.3,-4.9,,,,
23.364,9,Atta_9,483.3,1984.7,101.1,59.2,-7.2,,,,
23.364,10,Atta_10,125.8,2561.5,105.8,-49.9,3.6,,,,
23.433,1,Atta_1,257.2,402.7,87.8,-115.6,-2.6,,,,
23.433,2,Atta_2,1900.1,523.5,274.9,25.8,2.1,,,,
23.433,3,Atta_3,1007.4,344.0,60.5,59.0,-2.2,,,,
23.433,4,Atta_4,387.5,599.2,166.4,51.7,-2.9,,,,
23.433,5,Atta_5,303.9,1124.4,221.8,-122.7,-4.2,,,,
23.433,6,Atta_6,638.5,1902.6,57.0,-25.2,3.0,,,,
23.433,7,Atta_7,200.4,1834.8,263.9,-41.4,-5.4,,,,
23.433,8,Atta_8,265.5,1991.2,298.5,45.3,0.2,,,,
23.433,9,Atta_9,504.2,2012.0,95.6,34.4,-5.5,,,,
23.433,10,Atta_10,83.1,2593.8,101.6,53.5,-4.2,,,,
23.501,1,Atta_1,312.4,436.3,83.8,64.6,-4.0,,,,
23.501,2,Atta_2,1820.2,537.1,280.1,-81.0,5.2,,,,
23.501,3,Atta_3,982.2,299.0,59.8,-51.6,-0.7,,,,
23.501,4,Atta_4,383.4,614.2,166.5,15.6,0.1,,,,
23.501,5,Atta_5,192.6,1151.4,225.3,114.5,3.5,,,,
23.501,6,Atta_6,674.4,1941.9,59.2,53.2,2.2,,,,
23.501,7,Atta_7,129.3,1811.4,265.5,74.9,1.6,,,,
23.501,8,Atta_8,287.5,2000.3,299.4,23.8,0.9,,,,
23.501,9,Atta_9,498.2,1922.1,94.3,-90.1,-1.3,,,,
23.501,10,Atta_10,64.3,2612.5,104.6,26.5,3.0,,,,
23.57,1,Atta_1,308.3,421.8,78.1,-15.1,-5.7,,,,
23.57,2,Atta_2,1854.1,524.2,276.3,36.3,-3.8,,,,
23.57,3,Atta_3,971.6,349.2,59.9,51.3,0.1,,,,
23.57,4,Atta_4,402.9,584.9,164.8,-35.2,-1.7,,,,
23.57,5,Atta_5,257.2,1103.8,228.4,-80.2,3.1,,,,
23.57,6,Atta_6,666.7,1988.0,68.9,46.7,9.7,,,,
23.57,7,Atta_7,209.6,1792.5,266.9,82.5,1.4,,,,
23.57,8,Atta_8,271.7,2062.5,300.8,-64.2,1.4,,,,
23.57,9,Atta_9,499.4,1969.2,97.5,47.1,3.2,,,,
23.57,10,Atta_10,63.7,2644.3,105.9,31.8,1.3,,,,
23.642,1,Atta_1,300.9,410.2,71.5,-13.8,-6.6,,,,
23.642,3,Atta_3,997.2,299.7,56.2,-55.7,-3.7,,,,
23.642,4,Atta_4,433.4,645.4,170.2,-67.8,5.4,,,,
23.642,5,Atta_5,242.8,1074.8,225.6,32.4,-2.8,,,,
23.642,6,Atta_6,646.7,1909.1,70.6,-81.4,1.7,,,,
23.642,7,Atta_7,210.9,1799.4,268.0,-7.0,1.1,,,,
23.642,8,Atta_8,279.0,1961.6,295.8,101.2,-5.0,,,,
23.642,9,Atta_9,504.1,1992.6,95.3,23.9,-2.2,,,,
23.642,10,Atta_10,98.8,2660.3,111.2,38.6,5.3,,,,
23.696,1,Atta_1,352.9,397.4,73.3,53.6,1.8,,,,
23.696,2,Atta_2,1807.6,578.7,278.4,-71.6,2.1,,,,
23.696,3,Atta_3,946.6,333.2,61.5,-60.7,5.3,,,,
23.696,4,Atta_4,384.3,644.1,164.5,49.1,-5.7,,,,
23.696,5,Atta_5,189.7,1105.7,226.5,61.4,0.9,,,,
23.696,6,Atta_6,679.9,1921.1,78.9,35.3,8.3,,,,
23.696,7,Atta_7,203.2,1802.4,264.2,-8.3,-3.8,,,,
23.696,8,Atta_8,287.2,1916.3,299.7,46.0,3.9,,,,
23.696,9,Atta_9,490.6,1994.8,99.7,13.7,4.4,,,,
23.696,10,Atta_10,97.7,2564.2,104.1,-96.1,-7.1,,,,
23.762,1,Atta_1,326.8,420.5,64.2,34.9,-9.1,,,,
23.762,2,Atta_2,1896.1,471.6,272.4,138.9,-6.0,,,,
23.762,3,Atta_3,1055.6,379.0,55.6,118.2,-5.9,,,,
23.762,4,Atta_4,407.9,628.3,168.7,-28.4,4.2,,,,
23.762,5,Atta_5,173.4,1090.5,225.6,22.3,-0.9,,,,
23.762,6,Atta_6,586.1,1910.5,80.2,-94.4,1.3,,,,
23.762,7,Atta_7,131.5,1753.1,259.7,87.0,-4.5,,,,
23.762,8,Atta_8,352.2,1901.3,297.9,66.7,-1.8,,,,
23.762,9,Atta_9,455.9,1973.5,96.2,-40.7,-3.5,,,,
23.762,10,Atta_10,85.8,2585.2,111.8,24.1,7.7,,,,
23.831,1,Atta_1,335.7,433.4,60.5,15.7,-3.7,,,,
23.831,2,Atta_2,1909.1,562.1,276.6,-91.4,4.2,,,,
23.831,3,Atta_3,1033.3,368.2,64.3,-24.8,8.7,,,,
23.831,4,Atta_4,286.5,580.4,168.6,130.5,-0.1,,,,
23.831,5,Atta_5,169.8,1062.5,227.0,28.2,1.4,,,,
23.831,6,Atta_6,573.9,1920.5,82.8,15.8,2.6,,,,
23.831,7,Atta_7,182.5,1757.3,261.1,-51.2,1.4,,,,
23.831,8,Atta_8,346.3,1856.2,299.8,45.5,1.9,,,,
23.831,9,Atta_9,484.0,1982.2,97.4,29.4,1.2,,,,
23.831,10,Atta_10,59.4,2608.8,105.8,35.4,-6.0,,,,
23.9,1,Atta_1,412.5,381.6,55.2,-92.6,-5.3,,,,
23.9,2,Atta_2,1861.9,492.9,275.0,83.8,-1.6,,,,
23.9,3,Atta_3,1027.7,399.2,59.8,31.5,-4.5,,,,
23.9,4,Atta_4,336.7,572.5,168.0,-50.8,-0.6,,,,
23.9,5,Atta_5,172.8,1055.8,224.9,7.3,-2.1,,,,
23.9,6,Atta_6,631.8,1903.6,87.4,-60.3,4.6,,,,
23.9,7,Atta_7,155.4,1818.7,253.7,-67.1,-7.4,,,,
23.9,8,Atta_8,365.9,1919.3,301.2,-66.1,1.4,,,,
23.9,9,Atta_9,458.0,2013.1,100.2,40.4,2.8,,,,
23.9,10,Atta_10,21.2,2578.8,107.6,-48.6,1.8,,,,
23.971,1,Atta_1,349.3,468.5,52.6,107.5,-2.6,,,,
23.971,2,Atta_2,1867.2,486.0,275.2,8.7,0.2,,,,
23.971,3,Atta_3,1005.5,376.5,66.2,-31.8,6.4,,,,
23.971,4,Atta_4,357.0,599.3,164.3,-33.6,-3.7,,,,
23.971,5,Atta_5,187.1,1023.1,223.4,35.7,-1.5,,,,
23.971,6,Atta_6,682.2,1911.0,95.9,50.9,8.5,,,,
23.971,7,Atta_7,130.0,1839.7,246.8,-33.0,-6.9,,,,
23.971,8,Atta_8,329.3,1933.2,309.8,-39.2,8.6,,,,
23.971,9,Atta_9,464.9,1995.1,96.7,-19.3,-3.5,,,,
23.971,10,Atta_10,37.4,2545.7,112.2,-36.9,4.6,,,,
24.032,1,Atta_1,286.3,399.4,51.0,-93.5,-1.6,,,,
24.032,2,Atta_2,1879.7,458.1,274.5,30.6,-0.7,,,,
24.032,3,Atta_3,1039.2,341.4,69.1,-48.7,2.9,,,,
24.032,4,Atta_4,358.7,623.4,168.1,24.2,3.8,,,,
24.032,5,Atta_5,217.3,1077.8,223.3,-62.5,-0.1,,,,
24.032,6,Atta_6,644.3,1906.2,97.3,-38.2,1.4,,,,
24.032,7,Atta_7,153.1,1821.0,248.9,29.7,2.1,,,,
24.032,8,Atta_8,332.5,1901.1,311.4,32.3,1.6,,,,
24.032,9,Atta_9,501.3,2062.6,96.3,76.7,-0.4,,,,
24.032,10,Atta_10,143.2,2521.0,108.5,-108.6,-3.7,,,,
24.103,1,Atta_1,302.6,403.1,42.5,16.7,-8.5,,,,
24.103,2,Atta_2,1894.6,474.3,274.6,-22.0,0.1,,,,
24.103,3,Atta_3,1021.9,440.5,74.3,100.6,5.2,,,,
24.103,4,Atta_4,294.1,594.0,166.2,71.0,-1.9,,,,
24.103,5,Atta_5,147.0,1048.7,223.8,76.1,0.5,,,,
24.103,6,Atta_6,640.0,1963.5,101.3,57.5,4.0,,,,
24.103,7,Atta_7,133.4,1765.2,240.1,59.2,-8.8,,,,
24.103,8,Atta_8,358.7,1935.7,314.7,-43.4,3.3,,,,
24.103,9,Atta_9,512.3,2045.6,95.3,-20.2,-1.0,,,,
24.103,10,Atta_10,65.0,2576.3,102.4,95.8,-6.1,,,,
24.154,1,Atta_1,268.3,425.5,34.7,-41.0,-7.8,,,,
24.154,2,Atta_2,1874.9,463.7,276.0,22.4,1.4,,,,
24.154,3,Atta_3,1051.7,353.4,76.3,-92.1,2.0,,,,
24.154,4,Atta_4,355.8,651.8,168.1,-84.5,1.9,,,,
24.154,5,Atta_5,104.0,1084.0,225.5,55.6,1.7,,,,
24.154,6,Atta_6,641.7,1886.3,108.6,-77.2,7.3,,,,
24.154,7,Atta_7,136.9,1732.0,236.7,33.4,-3.4,,,,
24.154,8,Atta_8,342.5,1912.0,319.3,28.7,4.6,,,,
24.154,9,Atta_9,546.0,2106.3,97.2,69.4,1.9,,,,
24.154,10,Atta_10,106.7,2583.3,99.0,-42.3,-3.4,,,,
24.223,1,Atta_1,334.6,420.4,36.9,66.5,2.2,,,,
24.223,2,Atta_2,1838.2,417.3,277.8,59.2,1.8,,,,
24.223,3,Atta_3,1005.9,403.7,82.1,68.0,5.8,,,,
24.223,4,Atta_4,279.4,596.7,168.3,94.2,0.2,,,,
24.223,5,Atta_5,182.8,1069.0,225.6,-80.2,0.1,,,,
24.223,6,Atta_6,621.7,1892.7,109.4,21.0,0.8,,,,
24.223,7,Atta_7,92.0,1719.6,235.6,46.6,-1.1,,,,
24.223,8,Atta_8,302.9,1979.6,328.9,-78.3,9.6,,,,
24.223,9,Atta_9,487.6,2048.8,95.4,-82.0,-1.8,,,,
24.223,10,Atta_10,124.5,2573.1,94.1,-20.5,-4.9,,,,
24.292,1,Atta_1,355.7,399.1,29.0,30.0,-7.9,,,,
24.292,3,Atta_3,1027.8,405.7,82.0,22.0,-0.1,,,,
24.292,4,Atta_4,225.6,637.5,168.6,67.5,0.3,,,,
24.292,5,Atta_5,106.3,1054.2,223.5,77.9,-2.1,,,,
24.292,6,Atta_6,599.6,1912.9,117.4,29.9,8.0,,,,
24.292,7,Atta_7,126.1,1779.4,226.0,-68.8,-9.6,,,,
24.292,8,Atta_8,300.0,1919.0,328.9,60.7,0.0,,,,
24.292,9,Atta_9,497.0,2064.6,94.1,18.4,-1.3,,,,
24.292,10,Atta_10,64.2,2543.7,92.9,-67.1,-1.2,,,,
24.358,1,Atta_1,340.5,427.6,25.3,32.3,-3.7,,,,
24.358,2,Atta_2,1858.8,477.3,276.2,-63.4,-1.6,,,,
24.358,3,Atta_3,1011.0,374.9,89.4,-35.1,7.4,,,,
24.358,4,Atta_4,266.3,596.8,164.7,-57.6,-3.9,,,,
24.358,5,Atta_5,75.9,1024.0,226.5,42.9,3.0,,,,
24.358,6,Atta_6,596.2,1937.6,119.3,24.9,1.9,,,,
24.358,7,Atta_7,158.0,1746.3,224.9,46.0,-1.1,,,,
24.358,8,Atta_8,369.4,1872.4,333.8,83.6,4.9,,,,
24.358,9,Atta_9,452.7,2116.4,97.8,68.2,3.7,,,,
24.358,10,Atta_10,113.3,2573.8,87.0,57.6,-5.9,,,,
24.413,1,Atta_1,344.2,379.6,21.6,-48.1,-3.7,,,,
24.413,2,Atta_2,1890.9,336.1,276.7,144.8,0.5,,,,
24.413,3,Atta_3,1007.6,368.8,93.4,-7.0,4.0,,,,
24.413,4,Atta_4,285.4,668.7,158.9,74.4,-5.8,,,,
24.413,5,Atta_5,125.1,953.3,227.7,86.1,1.2,,,,
24.413,6,Atta_6,615.0,1924.8,124.1,-22.7,4.8,,,,
24.413,7,Atta_7,176.9,1773.6,226.8,-33.2,1.9,,,,
24.413,8,Atta_8,332.9,1991.5,335.5,-124.6,1.7,,,,
24.413,9,Atta_9,524.9,2108.3,94.0,-72.7,-3.8,,,,
24.413,10,Atta_10,84.3,2585.2,79.9,31.2,-7.1,,,,
24.479,1,Atta_1,303.6,432.9,16.5,-67.0,-5.1,,,,
24.479,2,Atta_2,1857.1,401.4,278.0,-73.5,1.3,,,,
24.479,3,Atta_3,1057.0,390.3,100.1,53.9,6.7,,,,
24.479,4,Atta_4,266.3,608.9,153.1,-62.8,-5.8,,,,
24.479,5,Atta_5,139.8,1025.9,226.2,-74.1,-1.5,,,,
24.479,6,Atta_6,658.6,1859.8,126.7,-78.3,2.6,,,,
24.479,7,Atta_7,142.8,1746.2,227.3,43.7,0.5,,,,
24.479,8,Atta_8,326.1,1946.3,341.4,45.7,5.9,,,,
24.479,9,Atta_9,466.4,2042.3,92.2,-88.2,-1.8,,,,
24.479,10,Atta_10,150.5,2567.3,78.4,-68.6,-1.5,,,,
24.548,1,Atta_1,301.3,449.9,14.9,17.2,-1.6,,,,
24.548,2,Atta_2,1846.5,344.2,278.1,58.2,0.1,,,,
24.548,3,Atta_3,1073.7,404.6,101.4,22.0,1.3,,,,
24.548,4,Atta_4,268.3,673.3,151.9,64.4,-1.2,,,,
24.548,5,Atta_5,130.2,969.1,226.2,57.6,0.0,,,,
24.548,6,Atta_6,692.3,1893.3,128.8,47.5,2.1,,,,
24.548,7,Atta_7,177.7,1696.7,226.5,60.6,-0.8,,,,
24.548,8,Atta_8,290.4,1932.4,348.0,-38.3,6.6,,,,
24.548,9,Atta_9,451.0,2073.2,86.7,34.5,-5.5,,,,
24.548,10,Atta_10,29.0,2508.9,72.7,-134.8,-5.7,,,,
24.613,1,Atta_1,316.0,456.3,9.2,16.0,-5.7,,,,
24.613,2,Atta_2,1880.2,363.6,272.8,-38.9,-5.3,,,,
24.613,3,Atta_3,1042.1,345.7,109.8,-66.8,8.4,,,,
24.613,4,Atta_4,250.0,645.0,143.6,33.7,-8.3,,,,
24.613,5,Atta_5,68.7,979.8,228.1,62.4,1.9,,,,
24.613,6,Atta_6,647.3,1957.8,129.8,78.6,1.0,,,,
24.613,7,Atta_7,159.3,1729.4,224.0,-37.5,-2.5,,,,
24.613,8,Atta_8,381.6,1905.7,351.5,95.0,3.5,,,,
24.613,9,Atta_9,469.2,2106.5,86.1,37.9,-0.6,,,,
24.613,10,Atta_10,92.7,2515.7,66.2,64.1,-6.5,,,,
24.681,1,Atta_1,347.6,416.0,0.9,51.2,-8.3,,,,
24.681,2,Atta_2,1853.1,329.3,277.4,43.7,4.6,,,,
24.681,3,Atta_3,979.5,396.0,112.0,80.3,2.2,,,,
24.681,4,Atta_4,237.4,623.1,138.6,-25.3,-5.0,,,,
24.681,5,Atta_5,94.6,1021.3,227.9,-48.9,-0.2,,,,
24.681,6,Atta_6,628.4,1904.1,126.3,-56.9,-3.5,,,,
24.681,7,Atta_7,153.1,1776.6,230.9,-47.6,6.9,,,,
24.681,8,Atta_8,385.3,1876.1,356.6,29.8,5.1,,,,
24.681,9,Atta_9,503.8,2101.9,80.0,-34.9,-6.1,,,,
24.681,10,Atta_10,89.6,2522.9,63.1,7.8,-3.1,,,,
24.743,1,Atta_1,304.4,394.3,8.3,-48.3,7.4,,,,
24.743,2,Atta_2,1887.5,308.2,274.8,40.4,-2.6,,,,
24.743,3,Atta_3,1035.7,326.8,115.9,-89.1,3.9,,,,
24.743,4,Atta_4,312.5,652.3,135.4,-80.6,-3.2,,,,
24.743,5,Atta_5,106.2,989.2,221.3,34.1,-6.6,,,,
24.743,6,Atta_6,669.3,1876.8,128.2,-49.2,1.9,,,,
24.743,7,Atta_7,163.6,1815.3,234.2,-40.1,3.3,,,,
24.743,8,Atta_8,357.8,1936.7,358.1,-66.5,1.5,,,,
24.743,9,Atta_9,472.7,2099.0,73.9,-31.2,-6.1,,,,
24.743,10,Atta_10,90.9,2530.0,57.5,7.2,-5.6,,,,
24.883,1,Atta_1,308.0,390.5,3.2,5.2,-5.1,,,,
24.883,2,Atta_2,1876.9,316.5,274.7,-13.5,-0.1,,,,
24.883,3,Atta_3,980.7,426.5,127.7,113.9,11.8,,,,
24.883,4,Atta_4,310.7,601.8,129.5,-50.5,-5.9,,,,
24.883,5,Atta_5,141.6,1018.5,224.4,-46.0,3.1,,,,
24.883,6,Atta_6,652.5,1888.9,128.4,20.7,0.2,,,,
24.883,7,Atta_7,213.8,1799.8,245.7,-52.5,11.5,,,,
24.883,8,Atta_8,331.8,1941.0,12.2,-26.4,14.1,,,,
24.883,9,Atta_9,460.2,2145.6,62.2,48.2,-11.7,,,,
24.883,10,Atta_10,78.2,2503.8,51.6,-29.1,-5.9,,,,
24.948,1,Atta_1,324.0,480.1,359.1,91.0,-4.1,,,,
24.948,2,Atta_2,1859.9,280.4,276.4,39.9,1.7,,,,
24.948,3,Atta_3,1037.3,386.0,130.0,-69.6,2.3,,,,
24.948,4,Atta_4,258.2,598.9,122.6,52.6,-6.9,,,,
24.948,5,Atta_5,128.1,1009.6,225.6,16.2,1.2,,,,
24.948,6,Atta_6,568.9,1911.2,128.8,86.5,0.4,,,,
24.948,7,Atta_7,185.0,1757.7,248.0,51.0,2.3,,,,
24.948,8,Atta_8,356.0,1938.0,15.2,24.4,3.0,,,,
24.948,9,Atta_9,458.1,2069.7,58.7,-75.9,-3.5,,,,
24.948,10,Atta_10,69.2,2544.2,54.2,41.4,2.6,,,,
25.018,1,Atta_1,302.3,386.5,2.0,-96.1,2.9,,,,
25.018,2,Atta_2,1887.8,305.0,272.2,-37.2,-4.2,,,,
25.018,3,Atta_3,1004.0,395.4,135.3,34.6,5.3,,,,
25.018,4,Atta_4,251.4,667.7,118.8,69.1,-3.8,,,,
25.018,5,Atta_5,203.5,1003.7,223.7,-75.6,-1.9,,,,
25.018,6,Atta_6,631.6,2010.0,132.8,117.0,4.0,,,,
25.018,7,Atta_7,153.6,1812.7,257.4,-63.3,9.4,,,,
25.018,8,Atta_8,308.4,1888.6,19.2,-68.6,4.0,,,,
25.018,9,Atta_9,457.9,2159.6,55.7,89.9,-3.0,,,,
25.018,10,Atta_10,126.4,2515.1,50.9,64.2,-3.3,,,,
25.149,1,Atta_1,417.0,407.5,2.3,116.6,0.3,,,,
25.149,2,Atta_2,1964.5,206.8,274.8,124.6,2.6,,,,
25.149,3,Atta_3,1021.1,382.6,144.5,-21.4,9.2,,,,
25.149,4,Atta_4,239.2,636.8,113.0,-33.2,-5.8,,,,
25.149,5,Atta_5,158.3,1037.5,229.7,56.4,6.0,,,,
25.149,6,Atta_6,621.5,1942.6,123.9,-68.2,-8.9,,,,
25.149,7,Atta_7,223.6,1746.6,254.4,96.3,-3.0,,,,
25.149,8,Atta_8,344.9,1926.1,25.7,52.3,6.5,,,,
25.149,9,Atta_9,505.8,2047.6,48.7,-121.8,-7.0,,,,
25.149,10,Atta_10,97.0,2488.3,53.0,-39.8,2.1,,,,
25.217,1,Atta_1,309.9,403.0,2.6,-107.2,0.3,,,,
25.217,2,Atta_2,1869.5,193.3,274.0,96.0,-0.8,,,,
25.217,3,Atta_3,1047.0,399.1,144.6,-30.7,0.1,,,,
25.217,4,Atta_4,221.9,660.1,108.1,29.0,-4.9,,,,
25.217,5,Atta_5,162.6,1041.7,232.4,-6.0,2.7,,,,
25.217,6,Atta_6,633.9,1993.5,130.0,52.4,6.1,,,,
25.217,7,Atta_7,185.2,1798.6,253.3,-64.6,-1.1,,,,
25.217,8,Atta_8,295.8,1926.5,31.6,-49.1,5.9,,,,
25.217,9,Atta_9,426.3,2145.5,43.9,126.1,-4.8,,,,
25.217,10,Atta_10,105.9,2555.4,56.2,67.7,3.2,,,,
25.35,1,Atta_1,347.7,397.7,5.0,38.2,2.4,,,,
25.35,2,Atta_2,1904.1,284.2,275.0,-97.3,1.0,,,,
25.35,3,Atta_3,1010.9,415.6,152.9,39.7,8.3,,,,
25.35,4,Atta_4,334.6,661.7,102.9,-112.7,-5.2,,,,
25.35,5,Atta_5,137.0,1002.3,240.8,47.0,8.4,,,,
25.35,6,Atta_6,533.5,1955.6,125.1,107.3,-4.9,,,,
25.35,7,Atta_7,208.3,1773.8,256.2,33.9,2.9,,,,
25.35,8,Atta_8,351.3,1946.5,36.0,59.0,4.4,,,,
25.35,9,Atta_9,442.3,2097.1,41.3,-51.0,-2.6,,,,
25.35,10,Atta_10,93.0,2562.4,54.0,-14.7,-2.2,,,,
25.419,1,Atta_1,406.8,438.0,3.0,71.5,-2.0,,,,
25.419,2,Atta_2,1806.8,159.7,275.4,158.0,0.4,,,,
25.419,3,Atta_3,1010.6,372.3,159.5,-43.3,6.6,,,,
25.419,4,Atta_4,248.3,645.7,90.6,87.8,-12.3,,,,
25.419,5,Atta_5,142.4,1034.9,247.1,-33.0,6.3,,,,
25.419,6,Atta_6,559.8,2033.1,130.8,81.8,5.7,,,,
25.419,7,Atta_7,114.2,1775.1,255.0,94.1,-1.2,,,,
25.419,8,Atta_8,386.0,1927.4,43.8,39.6,7.8,,,,
25.419,9,Atta_9,499.8,2107.6,29.7,58.5,-11.6,,,,
25.419,10,Atta_10,146.5,2567.5,51.6,53.7,-2.4,,,,
25.487,1,Atta_1,422.2,430.0,4.3,17.4,1.3,,,,
25.487,2,Atta_2,1897.7,217.2,273.9,-107.6,-1.5,,,,
25.487,3,Atta_3,987.2,400.4,166.5,36.6,7.0,,,,
25.487,4,Atta_4,220.1,722.1,87.8,81.4,-2.8,,,,
25.487,5,Atta_5,178.6,1005.5,250.3,46.6,3.2,,,,
25.487,6,Atta_6,556.8,1938.3,133.5,-94.8,2.7,,,,
25.487,7,Atta_7,158.3,1751.9,251.1,49.8,-3.9,,,,
25.487,8,Atta_8,324.8,1947.8,50.6,-64.5,6.8,,,,
25.487,9,Atta_9,496.2,2121.5,26.4,14.4,-3.3,,,,
25.487,10,Atta_10,105.2,2579.1,52.6,-42.9,1.0,,,,
25.623,1,Atta_1,479.2,478.1,3.1,74.6,-1.2,,,,
25.623,2,Atta_2,1828.8,189.5,274.3,74.3,0.4,,,,
25.623,3,Atta_3,1077.3,392.8,171.1,-90.4,4.6,,,,
25.623,4,Atta_4,382.4,588.6,82.1,-210.2,-5.7,,,,
25.623,5,Atta_5,170.1,1035.7,257.7,-31.4,7.4,,,,
25.623,6,Atta_6,539.8,1970.5,130.8,36.4,-2.7,,,,
25.623,7,Atta_7,155.0,1730.0,250.6,22.1,-0.5,,,,
25.623,8,Atta_8,333.2,1965.7,51.9,19.8,1.3,,,,
25.623,9,Atta_9,463.7,2112.2,17.9,-33.8,-8.5,,,,
25.623,10,Atta_10,161.7,2558.4,50.7,60.2,-1.9,,,,
25.685,1,Atta_1,413.5,423.1,7.0,-85.7,3.9,,,,
25.685,2,Atta_2,1899.6,247.5,275.9,-91.5,1.6,,,,
25.685,3,Atta_3,987.4,340.2,177.7,104.2,6.6,,,,
25.685,4,Atta_4,246.1,591.1,78.2,-136.3,-3.9,,,,
25.685,5,Atta_5,149.3,1041.0,258.0,-21.5,0.3,,,,
25.685,6,Atta_6,613.8,1971.4,132.0,-74.0,1.2,,,,
25.685,7,Atta_7,92.4,1736.5,253.1,62.9,2.5,,,,
25.685,8,Atta_8,297.1,1868.9,57.6,-103.3,5.7,,,,
25.685,9,Atta_9,460.4,2051.3,18.6,-61.0,0.7,,,,
25.685,10,Atta_10,85.2,2637.8,51.7,110.3,1.0,,,,
25.751,1,Atta_1,430.7,439.1,2.5,23.5,-4.5,,,,
25.751,2,Atta_2,1887.2,196.7,274.2,52.3,-1.7,,,,
25.751,3,Atta_3,1001.3,430.1,180.4,-91.0,2.7,,,,
25.751,4,Atta_4,314.3,650.9,75.3,90.7,-2.9,,,,
25.751,5,Atta_5,113.0,1011.8,266.0,46.6,8.0,,,,
25.751,6,Atta_6,603.7,1961.2,129.2,-14.4,-2.8,,,,
25.751,7,Atta_7,173.6,1731.9,254.1,-81.3,1.0,,,,
25.751,8,Atta_8,307.0,1914.3,63.0,46.5,5.4,,,,
25.751,9,Atta_9,476.2,2086.4,12.3,38.5,-6.3,,,,
25.751,10,Atta_10,79.8,2571.0,53.1,-67.0,1.4,,,,
25.82,1,Atta_1,458.4,451.6,2.6,30.4,0.1,,,,
25.82,2,Atta_2,1827.8,112.8,274.3,102.8,0.1,,,,
25.82,3,Atta_3,1051.8,360.5,189.3,-86.0,8.9,,,,
25.82,4,Atta_4,271.1,705.7,62.9,69.8,-12.4,,,,
25.82,5,Atta_5,151.5,1043.8,276.1,-50.1,10.1,,,,
25.82,6,Atta_6,619.2,1928.3,134.5,-36.4,5.3,,,,
25.82,7,Atta_7,159.8,1694.0,253.4,40.3,-0.7,,,,
25.82,8,Atta_8,334.4,1840.8,73.3,-78.4,10.3,,,,
25.82,9,Atta_9,487.8,2109.8,10.4,26.1,-1.9,,,,
25.82,10,Atta_10,195.7,2650.0,55.2,140.3,2.1,,,,
25.956,1,Atta_1,542.1,458.4,4.4,84.0,1.8,,,,
25.956,2,Atta_2,1947.4,150.7,273.8,-125.5,-0.5,,,,
25.956,3,Atta_3,1030.5,341.8,192.1,28.3,2.8,,,,
25.956,4,Atta_4,289.8,616.4,62.6,-91.2,-0.3,,,,
25.956,5,Atta_5,154.5,1021.7,281.4,22.3,5.3,,,,
25.956,6,Atta_6,662.8,1919.6,128.0,-44.5,-6.5,,,,
25.956,7,Atta_7,176.8,1677.9,254.7,23.4,1.3,,,,
25.956,8,Atta_8,366.6,1917.6,74.2,83.3,0.9,,,,
25.956,9,Atta_9,431.5,2068.2,10.4,-70.0,0.0,,,,
25.956,10,Atta_10,160.2,2604.9,50.0,-57.4,-5.2,,,,
26.024,1,Atta_1,514.2,442.1,1.9,-32.3,-2.5,,,,
26.024,2,Atta_2,1905.5,76.2,274.3,85.5,0.5,,,,
26.024,3,Atta_3,1027.4,328.2,194.2,13.9,2.1,,,,
26.024,4,Atta_4,297.2,690.0,52.9,74.0,-9.7,,,,
26.024,5,Atta_5,136.0,1029.3,284.4,-20.0,3.0,,,,
26.024,6,Atta_6,591.9,1937.2,123.2,73.1,-4.8,,,,
26.024,7,Atta_7,108.4,1665.6,254.5,69.5,-0.2,,,,
26.024,8,Atta_8,370.8,1946.8,73.3,29.5,-0.9,,,,
26.024,9,Atta_9,486.5,2118.7,10.9,74.7,0.5,,,,
26.024,10,Atta_10,178.1,2641.1,48.9,40.4,-1.1,,,,
26.084,1,Atta_1,500.5,430.9,2.5,-17.7,0.6,,,,
26.084,2,Atta_2,1907.6,130.6,277.2,-54.4,2.9,,,,
26.084,3,Atta_3,995.5,419.0,201.5,96.2,7.3,,,,
26.084,4,Atta_4,194.2,669.0,48.9,-105.1,-4.0,,,,
26.084,5,Atta_5,165.8,1061.6,282.3,-43.9,-2.1,,,,
26.084,6,Atta_6,614.6,1928.1,118.4,-24.5,-4.8,,,,
26.084,7,Atta_7,114.5,1631.9,253.6,34.2,-0.9,,,,
26.084,8,Atta_8,319.5,1929.8,74.4,-54.0,1.1,,,,
26.084,9,Atta_9,510.1,2075.9,10.9,48.9,0.0,,,,
26.084,10,Atta_10,233.3,2648.7,45.5,55.7,-3.4,,,,
26.153,1,Atta_1,469.0,411.2,6.3,-37.2,3.8,,,,
26.153,2,Atta_2,1873.7,165.9,278.6,-48.9,1.4,,,,
26.153,3,Atta_3,976.0,343.3,207.3,78.2,5.8,,,,
26.153,4,Atta_4,274.6,659.7,42.7,80.9,-6.2,,,,
26.153,5,Atta_5,105.1,1025.5,280.0,70.6,-2.3,,,,
26.153,6,Atta_6,625.8,1955.0,113.4,29.1,-5.0,,,,
26.153,7,Atta_7,80.5,1705.7,254.6,-81.3,1.0,,,,
26.153,8,Atta_8,310.2,1973.8,75.7,45.0,1.3,,,,
26.153,9,Atta_9,463.1,2121.2,7.1,-65.3,-3.8,,,,
26.153,10,Atta_10,164.0,2695.9,39.9,-83.8,-5.6,,,,
26.221,1,Atta_1,509.6,466.8,1.2,68.8,-5.1,,,,
26.221,2,Atta_2,1885.9,171.9,271.2,-13.6,-7.4,,,,
26.221,3,Atta_3,1012.4,413.7,212.8,-79.3,5.5,,,,
26.221,4,Atta_4,318.2,585.8,43.5,-85.8,0.8,,,,
26.221,5,Atta_5,190.8,989.3,283.3,93.0,3.3,,,,
26.221,6,Atta_6,605.2,1916.5,108.0,-43.7,-5.4,,,,
26.221,7,Atta_7,137.9,1675.8,252.1,64.7,-2.5,,,,
26.221,8,Atta_8,376.6,1897.1,73.1,-101.4,-2.6,,,,
26.221,9,Atta_9,473.3,2049.1,10.6,72.8,3.5,,,,
26.221,10,Atta_10,182.8,2674.8,32.1,28.3,-7.8,,,,
26.29,1,Atta_1,559.0,404.3,3.9,79.7,2.7,,,,
26.29,2,Atta_2,1911.2,54.5,272.6,120.1,1.4,,,,
26.29,3,Atta_3,1065.3,403.3,217.0,-53.9,4.2,,,,
26.29,4,Atta_4,309.6,654.6,37.3,69.3,-6.2,,,,
26.29,5,Atta_5,146.5,1018.3,279.2,-52.9,-4.1,,,,
26.29,6,Atta_6,648.9,1950.3,103.0,55.2,-5.0,,,,
26.29,7,Atta_7,104.4,1647.9,252.1,43.6,0.0,,,,
26.29,8,Atta_8,368.0,1932.1,73.3,36.0,0.2,,,,
26.29,9,Atta_9,498.4,2115.5,7.1,71.0,-3.5,,,,
26.29,10,Atta_10,181.4,2637.8,28.8,-37.0,-3.3,,,,
26.357,1,Atta_1,564.4,453.0,1.9,49.0,-2.0,,,,
26.357,2,Atta_2,1925.4,67.6,275.7,-19.3,3.1,,,,
26.357,3,Atta_3,1028.5,356.8,223.3,59.3,6.3,,,,
26.357,4,Atta_4,282.9,651.9,34.0,-26.8,-3.3,,,,
26.357,5,Atta_5,124.7,1057.0,283.7,-44.4,4.5,,,,
26.357,6,Atta_6,609.3,1897.1,98.8,-66.3,-4.2,,,,
26.357,7,Atta_7,125.4,1650.0,250.2,-21.1,-1.9,,,,
26.357,8,Atta_8,298.5,1959.9,69.8,74.9,-3.5,,,,
26.357,9,Atta_9,462.4,2077.6,12.1,-52.3,5.0,,,,
26.357,10,Atta_10,232.4,2643.1,24.4,51.3,-4.4,,,,
26.424,1,Atta_1,528.4,391.7,3.4,-71.1,1.5,,,,
26.424,2,Atta_2,1876.4,105.1,274.1,-61.7,-1.6,,,,
26.424,3,Atta_3,1029.6,351.3,222.4,5.6,-0.9,,,,
26.424,4,Atta_4,268.4,644.3,28.7,-16.4,-5.3,,,,
26.424,5,Atta_5,139.4,1058.5,281.1,14.8,-2.6,,,,
26.424,6,Atta_6,572.5,1926.1,95.2,46.9,-3.6,,,,
26.424,7,Atta_7,131.3,1553.3,255.3,96.9,5.1,,,,
26.424,8,Atta_8,328.6,1965.0,71.6,30.5,1.8,,,,
26.424,9,Atta_9,505.1,2086.5,6.9,43.6,-5.2,,,,
26.424,10,Atta_10,141.0,2630.7,22.7,-92.2,-1.7,,,,
26.478,1,Atta_1,572.5,412.7,5.4,48.8,2.0,,,,
26.478,2,Atta_2,1960.4,114.0,274.5,-84.5,0.4,,,,
26.478,3,Atta_3,994.3,394.9,226.2,-56.1,3.8,,,,
26.478,4,Atta_4,295.0,643.6,23.7,26.6,-5.0,,,,
26.478,5,Atta_5,125.9,950.3,281.0,109.0,-0.1,,,,
26.478,6,Atta_6,675.4,1998.8,88.1,126.0,-7.1,,,,
26.478,7,Atta_7,129.5,1586.7,256.4,-33.4,1.1,,,,
26.478,8,Atta_8,311.4,1992.6,71.5,32.5,-0.1,,,,
26.478,9,Atta_9,530.4,2067.4,7.8,31.7,0.9,,,,
26.478,10,Atta_10,170.5,2673.4,20.9,51.9,-1.8,,,,
26.548,1,Atta_1,602.4,520.4,2.6,111.8,-2.8,,,,
26.548,2,Atta_2,1877.3,135.8,274.3,-85.9,-0.2,,,,
26.548,3,Atta_3,1032.2,373.8,233.1,-43.4,6.9,,,,
26.548,4,Atta_4,309.1,615.7,23.6,31.3,-0.1,,,,
26.548,5,Atta_5,203.7,1036.8,281.2,-116.3,0.2,,,,
26.548,6,Atta_6,640.0,1934.4,85.2,-73.5,-2.9,,,,
26.548,7,Atta_7,152.7,1584.8,252.3,-23.3,-4.1,,,,
26.548,8,Atta_8,355.5,1959.8,71.1,-55.0,-0.4,,,,
26.548,9,Atta_9,564.8,2079.6,7.9,36.5,0.1,,,,
26.548,10,Atta_10,166.6,2666.3,14.0,-8.1,-6.9,,,,
26.599,1,Atta_1,598.5,455.3,5.8,-65.2,3.2,,,,
26.599,2,Atta_2,1859.7,149.5,275.0,-22.3,0.7,,,,
26.599,3,Atta_3,1102.1,408.7,236.0,-78.1,2.9,,,,
26.599,4,Atta_4,283.3,636.9,14.8,-33.4,-8.8,,,,
26.599,5,Atta_5,77.8,979.3,282.4,138.4,1.2,,,,
26.599,6,Atta_6,630.4,1926.7,84.0,-12.3,-1.2,,,,
26.599,7,Atta_7,135.0,1576.5,252.7,19.5,0.4,,,,
26.599,8,Atta_8,361.1,2015.9,71.5,56.4,0.4,,,,
26.599,9,Atta_9,554.6,2129.7,6.9,-51.1,-1.0,,,,
26.599,10,Atta_10,158.5,2644.0,8.2,-23.7,-5.8,,,,
26.667,1,Atta_1,558.9,450.3,6.6,-39.9,0.8,,,,
26.667,2,Atta_2,1907.4,159.6,274.0,-48.8,-1.0,,,,
26.667,3,Atta_3,1059.6,361.0,235.0,63.9,-1.0,,,,
26.667,4,Atta_4,266.6,601.2,9.9,-39.4,-4.9,,,,
26.667,5,Atta_5,131.9,1007.2,282.4,-60.9,0.0,,,,
26.667,6,Atta_6,672.3,1927.1,76.2,41.9,-7.8,,,,
26.667,7,Atta_7,51.4,1533.6,255.3,94.0,2.6,,,,
26.667,8,Atta_8,373.9,1954.0,70.0,-63.2,-1.5,,,,
26.667,9,Atta_9,587.1,2124.0,7.3,33.0,0.4,,,,
26.667,10,Atta_10,193.5,2644.0,4.3,35.0,-3.9,,,,
26.723,1,Atta_1,527.5,441.3,5.7,-32.7,-0.9,,,,
26.723,2,Atta_2,1897.4,183.3,275.5,-25.7,1.5,,,,
26.723,3,Atta_3,992.1,383.3,236.1,71.1,1.1,,,,
26.723,4,Atta_4,260.5,613.4,5.5,-13.6,-4.4,,,,
26.723,5,Atta_5,160.7,979.7,281.4,39.8,-1.0,,,,
26.723,6,Atta_6,651.1,1959.8,71.0,39.0,-5.2,,,,
26.723,7,Atta_7,87.2,1590.8,252.4,-67.5,-2.9,,,,
26.723,8,Atta_8,370.6,2040.9,69.0,87.0,-1.0,,,,
26.723,9,Atta_9,629.4,2122.4,8.8,42.3,1.5,,,,
26.723,10,Atta_10,150.5,2712.5,1.4,-80.9,-2.9,,,,
26.794,1,Atta_1,614.9,408.0,3.3,93.5,-2.4,,,,
26.794,2,Atta_2,1923.1,185.1,276.3,25.8,0.8,,,,
26.794,3,Atta_3,1088.5,384.8,236.2,-96.4,0.1,,,,
26.794,4,Atta_4,324.5,666.2,2.3,83.0,-3.2,,,,
26.794,5,Atta_5,181.6,932.4,283.6,51.7,2.2,,,,
26.794,6,Atta_6,624.2,1870.5,80.5,-93.3,9.5,,,,
26.794,7,Atta_7,119.0,1568.2,253.9,39.0,1.5,,,,
26.794,8,Atta_8,415.5,2042.2,72.8,44.9,3.8,,,,
26.794,9,Atta_9,570.4,2149.8,8.3,-65.1,-0.5,,,,
26.794,10,Atta_10,200.7,2641.6,351.6,86.9,-9.8,,,,
26.908,1,Atta_1,629.8,441.5,7.8,36.7,4.5,,,,
26.908,2,Atta_2,1879.9,200.4,284.2,-45.8,7.9,,,,
26.908,3,Atta_3,1026.3,410.3,236.5,67.2,0.3,,,,
26.908,4,Atta_4,308.6,584.8,356.4,-82.9,-5.9,,,,
26.908,5,Atta_5,185.1,951.6,282.2,-19.5,-1.4,,,,
26.908,6,Atta_6,609.2,1935.7,74.4,66.9,-6.1,,,,
26.908,7,Atta_7,91.8,1532.9,252.2,44.6,-1.7,,,,
26.908,8,Atta_8,326.9,2049.4,68.4,-88.9,-4.4,,,,
26.908,9,Atta_9,610.7,2086.0,8.7,75.5,0.4,,,,
26.908,10,Atta_10,180.1,2601.1,348.7,-45.4,-2.9,,,,
26.974,1,Atta_1,638.4,459.3,1.2,19.8,-6.6,,,,
26.974,2,Atta_2,1908.7,174.5,288.7,38.7,4.5,,,,
26.974,3,Atta_3,1013.9,397.0,238.0,18.2,1.5,,,,
26.974,4,Atta_4,244.0,655.8,349.2,-96.0,-7.2,,,,
26.974,5,Atta_5,192.2,910.8,280.8,41.4,-1.4,,,,
26.974,6,Atta_6,639.5,1863.7,75.1,-78.1,0.7,,,,
26.974,7,Atta_7,89.3,1587.5,259.0,-54.7,6.8,,,,
26.974,8,Atta_8,414.7,2059.0,73.9,88.3,5.5,,,,
26.974,9,Atta_9,623.4,2142.6,10.6,58.0,1.9,,,,
26.974,10,Atta_10,250.6,2652.8,345.9,87.4,-2.8,,,,
27.044,1,Atta_1,640.9,424.9,7.9,34.5,6.7,,,,
27.044,2,Atta_2,1898.1,164.4,296.3,14.6,7.6,,,,
27.044,3,Atta_3,1008.1,458.9,245.9,-62.2,7.9,,,,
27.044,4,Atta_4,295.0,631.8,353.9,56.4,4.7,,,,
27.044,5,Atta_5,212.6,993.2,282.7,-84.9,1.9,,,,
27.044,6,Atta_6,611.5,1915.4,75.9,58.8,0.8,,,,
27.044,7,Atta_7,102.8,1515.0,264.0,73.7,5.0,,,,
27.044,8,Atta_8,420.3,2056.8,69.0,-6.0,-4.9,,,,
27.044,9,Atta_9,650.0,2133.9,7.8,28.0,-2.8,,,,
27.044,10,Atta_10,144.7,2673.3,337.9,-107.9,-8.0,,,,
27.111,1,Atta_1,588.3,459.6,358.9,-63.0,-9.0,,,,
27.111,2,Atta_2,1870.1,193.8,301.3,-40.6,5.0,,,,
27.111,3,Atta_3,992.6,386.0,247.0,74.5,1.1,,,,
27.111,4,Atta_4,291.1,590.9,352.4,41.1,-1.5,,,,
27.111,5,Atta_5,174.3,911.3,282.7,90.4,0.0,,,,
27.111,6,Atta_6,610.7,1909.9,73.6,-5.6,-2.3,,,,
27.111,7,Atta_7,152.2,1499.7,266.0,51.7,2.0,,,,
27.111,8,Atta_8,386.1,2042.1,74.8,-37.2,5.8,,,,
27.111,9,Atta_9,636.5,2093.2,5.0,-42.9,-2.8,,,,
27.111,10,Atta_10,206.3,2624.7,341.3,78.5,3.4,,,,
27.179,1,Atta_1,679.3,467.8,0.6,91.4,1.7,,,,
27.179,2,Atta_2,1918.6,197.4,297.7,48.6,-3.6,,,,
27.179,3,Atta_3,1000.1,340.1,250.7,46.5,3.7,,,,
27.179,4,Atta_4,297.4,659.5,351.0,-68.9,-1.4,,,,
27.179,5,Atta_5,216.7,949.6,288.2,-57.1,5.5,,,,
27.179,6,Atta_6,596.6,1969.2,74.5,61.0,0.9,,,,
27.179,7,Atta_7,70.3,1545.3,272.1,-93.7,6.1,,,,
27.179,8,Atta_8,414.4,2068.0,71.4,38.4,-3.4,,,,
27.179,9,Atta_9,606.5,2148.8,6.4,-63.2,1.4,,,,
27.179,10,Atta_10,211.1,2613.2,341.5,12.5,0.2,,,,
27.248,1,Atta_1,740.4,447.8,4.4,64.3,3.8,,,,
27.248,2,Atta_2,1862.9,183.6,305.3,-57.4,7.6,,,,
27.248,3,Atta_3,1052.4,323.6,257.6,-54.8,6.9,,,,
27.248,4,Atta_4,256.8,643.6,351.2,-43.6,0.2,,,,
27.248,5,Atta_5,155.0,956.3,289.1,-62.1,0.9,,,,
27.248,6,Atta_6,571.3,1969.2,74.7,-25.3,0.2,,,,
27.248,7,Atta_7,57.5,1562.0,275.5,-21.0,3.4,,,,
27.248,8,Atta_8,386.7,2113.3,70.5,53.1,-0.9,,,,
27.248,9,Atta_9,693.0,2094.7,6.5,102.0,0.1,,,,
27.248,10,Atta_10,156.8,2633.5,342.6,-58.0,1.1,,,,
27.315,1,Atta_1,703.8,462.3,6.5,-39.4,2.1,,,,
27.315,2,Atta_2,1894.1,167.4,310.1,35.2,4.8,,,,
27.315,3,Atta_3,1021.8,401.0,261.5,-83.2,3.9,,,,
27.315,4,Atta_4,304.0,597.8,350.3,65.8,-0.9,,,,
27.315,5,Atta_5,125.3,911.7,299.0,53.6,9.9,,,,
27.315,6,Atta_6,606.3,1971.9,73.8,35.1,-0.9,,,,
27.315,7,Atta_7,117.3,1520.6,279.7,72.7,4.2,,,,
27.315,8,Atta_8,412.1,2082.8,71.3,-39.7,0.8,,,,
27.315,9,Atta_9,694.2,2140.5,8.1,45.8,1.6,,,,
27.315,10,Atta_10,139.4,2622.2,337.8,-20.7,-4.8,,,,
27.381,1,Atta_1,695.7,417.7,2.2,-45.3,-4.3,,,,
27.381,2,Atta_2,1877.2,177.2,312.6,-19.5,2.5,,,,
27.381,3,Atta_3,1092.0,354.3,267.1,84.3,5.6,,,,
27.381,4,Atta_4,289.8,570.4,353.9,-30.9,3.6,,,,
27.381,5,Atta_5,184.1,897.0,298.4,60.6,-0.6,,,,
27.381,6,Atta_6,673.1,1938.3,78.2,-74.8,4.4,,,,
27.381,7,Atta_7,70.8,1528.2,284.5,-47.1,4.8,,,,
27.381,8,Atta_8,394.1,2134.7,70.8,54.9,-0.5,,,,
27.381,9,Atta_9,677.8,2151.1,8.0,-19.5,-0.1,,,,
27.381,10,Atta_10,128.8,2673.4,340.2,-52.3,2.4,,,,
27.449,1,Atta_1,676.8,438.0,5.0,-27.7,2.8,,,,
27.449,2,Atta_2,1881.4,200.9,320.9,-24.1,8.3,,,,
27.449,3,Atta_3,1049.3,398.0,272.6,-61.1,5.5,,,,
27.449,4,Atta_4,279.3,655.7,346.7,-85.9,-7.2,,,,
27.449,5,Atta_5,173.7,885.5,305.6,15.5,7.2,,,,
27.449,6,Atta_6,618.4,1984.1,73.9,71.3,-4.3,,,,
27.449,7,Atta_7,87.0,1529.1,284.2,16.2,-0.3,,,,
27.449,8,Atta_8,389.0,2088.1,69.1,-46.9,-1.7,,,,
27.449,9,Atta_9,700.0,2120.6,7.1,37.7,-0.9,,,,
27.449,10,Atta_10,192.8,2622.5,338.7,81.8,-1.5,,,,
27.503,1,Atta_1,733.8,457.2,7.0,60.1,2.0,,,,
27.503,2,Atta_2,1867.3,141.0,324.8,61.5,3.9,,,,
27.503,3,Atta_3,986.5,364.9,271.4,71.0,-1.2,,,,
27.503,4,Atta_4,329.8,642.9,353.6,52.1,6.9,,,,
27.503,5,Atta_5,185.8,857.9,309.3,30.1,3.7,,,,
27.503,6,Atta_6,651.7,1988.9,75.6,33.6,1.7,,,,
27.503,7,Atta_7,101.7,1556.1,297.3,-30.7,13.1,,,,
27.503,8,Atta_8,377.6,2135.1,71.6,48.4,2.5,,,,
27.503,9,Atta_9,747.6,2142.7,8.1,52.5,1.0,,,,
27.503,10,Atta_10,126.9,2646.1,339.7,-70.0,1.0,,,,
27.569,1,Atta_1,715.7,413.3,4.3,-47.5,-2.7,,,,
27.569,2,Atta_2,1828.1,193.4,328.1,-65.4,3.3,,,,
27.569,3,Atta_3,1022.3,413.3,281.0,-60.2,9.6,,,,
27.569,4,Atta_4,306.3,551.2,353.1,-94.7,-0.5,,,,
27.569,5,Atta_5,153.0,920.5,318.4,-70.7,9.1,,,,
27.569,6,Atta_6,644.2,2001.4,68.5,14.6,-7.1,,,,
27.569,7,Atta_7,98.0,1484.9,301.3,71.3,4.0,,,,
27.569,8,Atta_8,397.0,2155.0,70.1,27.8,-1.5,,,,
27.569,9,Atta_9,741.6,2162.6,8.0,-20.8,-0.1,,,,
27.569,10,Atta_10,217.8,2602.2,336.0,100.9,-3.7,,,,
27.623,1,Atta_1,766.7,389.1,6.8,56.5,2.5,,,,
27.623,2,Atta_2,1900.4,137.6,329.3,91.3,1.2,,,,
27.623,3,Atta_3,1041.4,411.2,285.3,19.2,4.3,,,,
27.623,4,Atta_4,338.6,722.6,352.3,174.4,-0.8,,,,
27.623,5,Atta_5,121.0,939.1,321.1,-37.0,2.7,,,,
27.623,6,Atta_6,609.2,2046.2,69.0,56.9,0.5,,,,
27.623,7,Atta_7,109.4,1515.2,305.6,-32.4,4.3,,,,
27.623,9,Atta_9,712.5,2107.7,6.7,-62.1,-1.3,,,,
27.623,10,Atta_10,205.7,2650.9,338.2,-50.2,2.2,,,,
27.692,1,Atta_1,736.2,432.0,3.6,-52.6,-3.2,,,,
27.692,2,Atta_2,1873.6,142.4,331.0,-27.2,1.7,,,,
27.692,3,Atta_3,1054.1,359.1,288.8,53.6,3.5,,,,
27.692,4,Atta_4,380.7,624.7,352.2,106.6,-0.1,,,,
27.692,5,Atta_5,180.8,933.3,326.4,60.1,5.3,,,,
27.692,6,Atta_6,597.5,2019.4,73.9,-29.2,4.9,,,,
27.692,7,Atta_7,105.8,1538.0,306.6,-23.1,1.0,,,,
27.692,8,Atta_8,446.2,2158.2,74.8,49.3,4.7,,,,
27.692,9,Atta_9,755.6,2156.8,9.3,65.3,2.6,,,,
27.692,10,Atta_10,276.4,2614.6,339.9,79.5,1.7,,,,
27.761,1,Atta_1,781.0,474.4,3.7,61.7,0.1,,,,
27.761,2,Atta_2,1907.9,174.6,330.9,47.0,-0.1,,,,
27.761,3,Atta_3,1036.5,390.7,290.8,-36.2,2.0,,,,
27.761,4,Atta_4,333.5,589.4,352.6,-58.9,0.4,,,,
27.761,5,Atta_5,142.5,912.7,327.2,-43.5,0.8,,,,
27.761,6,Atta_6,613.4,1910.6,68.1,-110.0,-5.8,,,,
27.761,7,Atta_7,55.6,1505.5,313.7,-59.8,7.1,,,,
27.761,8,Atta_8,417.6,2202.5,73.9,52.7,-0.9,,,,
27.761,9,Atta_9,733.4,2130.4,3.5,-34.5,-5.8,,,,
27.761,10,Atta_10,213.6,2587.8,338.3,-68.3,-1.6,,,,
27.831,1,Atta_1,833.9,463.7,4.2,54.0,0.5,,,,
27.831,2,Atta_2,1928.7,162.1,332.8,24.3,1.9,,,,
27.831,3,Atta_3,1016.8,405.4,297.8,-24.6,7.0,,,,
27.831,4,Atta_4,371.1,627.0,352.7,53.2,0.1,,,,
27.831,5,Atta_5,196.6,925.1,333.0,55.5,5.8,,,,
27.831,6,Atta_6,648.0,1897.6,70.3,37.0,2.2,,,,
27.831,7,Atta_7,99.5,1532.4,315.5,51.5,1.8,,,,
27.831,8,Atta_8,465.6,2177.2,73.3,-54.3,-0.6,,,,
27.831,9,Atta_9,802.1,2185.6,9.2,88.1,5.7,,,,
27.831,10,Atta_10,243.6,2613.7,339.5,39.6,1.2,,,,
27.897,1,Atta_1,844.1,469.3,3.5,11.6,-0.7,,,,
27.897,2,Atta_2,1926.5,112.8,329.0,49.3,-3.8,,,,
27.897,3,Atta_3,1026.7,388.6,301.1,19.5,3.3,,,,
27.897,4,Atta_4,402.0,639.4,351.7,33.3,-1.0,,,,
27.897,5,Atta_5,172.3,917.4,343.3,-25.5,10.3,,,,
27.897,6,Atta_6,574.5,1914.2,68.5,-75.4,-1.8,,,,
27.897,7,Atta_7,87.9,1498.1,319.5,36.2,4.0,,,,
27.897,8,Atta_8,444.3,2206.6,71.1,36.3,-2.2,,,,
27.897,9,Atta_9,754.3,2195.1,9.7,-48.7,0.5,,,,
27.897,10,Atta_10,235.7,2617.6,338.9,-8.8,-0.6,,,,
27.969,1,Atta_1,813.9,420.3,1.9,-57.6,-1.6,,,,
27.969,2,Atta_2,1945.8,207.4,332.0,-96.5,3.0,,,,
27.969,3,Atta_3,1058.7,336.1,307.6,61.5,6.5,,,,
27.969,4,Atta_4,433.6,591.9,349.6,57.1,-2.1,,,,
27.969,5,Atta_5,222.6,934.5,342.8,53.1,-0.5,,,,
27.969,6,Atta_6,611.0,1958.3,73.0,57.2,4.5,,,,
27.969,7,Atta_7,86.1,1558.2,323.6,-60.1,4.1,,,,
27.969,8,Atta_8,435.7,2185.2,74.6,-23.1,3.5,,,,
27.969,9,Atta_9,758.6,2172.4,15.7,23.1,6.0,,,,
27.969,10,Atta_10,265.9,2596.3,340.0,37.0,1.1,,,,
28.022,1,Atta_1,871.7,451.7,3.2,65.8,1.3,,,,
28.022,2,Atta_2,1874.4,122.7,333.3,-110.8,1.3,,,,
28.022,3,Atta_3,1015.2,340.5,311.3,-43.7,3.7,,,,
28.022,4,Atta_4,439.0,604.4,353.5,13.6,3.9,,,,
28.022,5,Atta_5,121.5,868.0,348.8,-121.0,6.0,,,,
28.022,6,Atta_6,611.8,1942.0,77.5,-16.3,4.5,,,,
28.022,7,Atta_7,74.0,1583.5,329.6,-28.0,6.0,,,,
28.022,8,Atta_8,409.0,2218.4,72.6,42.6,-2.0,,,,
28.022,9,Atta_9,752.4,2133.8,18.5,-39.1,2.8,,,,
28.022,10,Atta_10,202.7,2578.0,340.0,-65.8,0.0,,,,
28.092,1,Atta_1,812.5,475.1,4.8,-63.7,1.6,,,,
28.092,2,Atta_2,1883.7,150.9,328.1,-29.7,-5.2,,,,
28.092,3,Atta_3,987.3,366.7,318.3,-38.3,7.0,,,,
28.092,4,Atta_4,429.9,609.7,351.6,-10.5,-1.9,,,,
28.092,5,Atta_5,188.2,889.0,350.7,69.9,1.9,,,,
28.092,6,Atta_6,593.2,1950.2,77.8,20.3,0.3,,,,
28.092,7,Atta_7,84.0,1558.8,334.2,26.6,4.6,,,,
28.092,8,Atta_8,415.6,2247.0,74.5,29.4,1.9,,,,
28.092,9,Atta_9,810.5,2147.6,22.1,59.7,3.6,,,,
28.092,10,Atta_10,320.1,2585.1,341.4,117.6,1.4,,,,
28.163,1,Atta_1,839.0,477.2,6.8,26.6,2.0,,,,
28.163,2,Atta_2,1972.0,142.7,330.0,88.7,1.9,,,,
28.163,3,Atta_3,1003.5,376.0,319.9,18.7,1.6,,,,
28.163,4,Atta_4,416.6,673.5,350.5,-65.2,-1.1,,,,
28.163,5,Atta_5,198.6,904.0,356.9,18.3,6.2,,,,
28.163,6,Atta_6,623.6,1975.7,83.3,39.7,5.5,,,,
28.163,7,Atta_7,100.9,1599.9,342.6,-44.4,8.4,,,,
28.163,8,Atta_8,490.5,2229.9,72.0,76.8,-2.5,,,,
28.163,9,Atta_9,777.5,2142.1,29.0,-33.5,6.9,,,,
28.163,10,Atta_10,327.9,2648.5,335.8,-63.9,-5.6,,,,
28.294,1,Atta_1,903.8,496.7,3.2,67.7,-3.6,,,,
28.294,2,Atta_2,1936.6,134.9,333.8,-36.2,3.8,,,,
28.294,3,Atta_3,1009.7,375.5,324.7,6.2,4.8,,,,
28.294,4,Atta_4,430.6,571.1,348.9,103.4,-1.6,,,,
28.294,5,Atta_5,188.0,926.1,1.1,-24.5,4.2,,,,
28.294,6,Atta_6,598.4,1907.7,89.1,-72.5,5.8,,,,
28.294,7,Atta_7,91.2,1565.5,344.8,35.7,2.2,,,,
28.294,8,Atta_8,420.9,2201.4,67.8,-75.2,-4.2,,,,
28.294,9,Atta_9,753.3,2148.6,34.1,-25.1,5.1,,,,
28.294,10,Atta_10,357.1,2613.1,340.2,45.9,4.4,,,,
28.364,1,Atta_1,885.8,492.8,4.2,-18.4,1.0,,,,
28.364,2,Atta_2,1950.7,134.8,331.8,14.1,-2.0,,,,
28.364,3,Atta_3,1065.9,366.0,322.2,57.0,-2.5,,,,
28.364,4,Atta_4,496.8,676.2,351.2,124.2,2.3,,,,
28.364,5,Atta_5,167.5,947.9,10.8,-29.9,9.7,,,,
28.364,6,Atta_6,620.7,1951.0,95.9,48.7,6.8,,,,
28.364,7,Atta_7,107.7,1508.3,352.7,59.5,7.9,,,,
28.364,8,Atta_8,450.9,2298.7,74.0,101.8,6.2,,,,
28.364,9,Atta_9,746.2,2178.3,40.3,30.5,6.2,,,,
28.364,10,Atta_10,300.1,2537.2,338.7,-94.9,-1.5,,,,
28.432,1,Atta_1,853.9,411.7,6.2,-87.1,2.0,,,,
28.432,2,Atta_2,1995.9,113.7,333.0,49.9,1.2,,,,
28.432,3,Atta_3,1048.1,393.5,324.5,-32.8,2.3,,,,
28.432,4,Atta_4,448.9,593.1,352.2,-95.9,1.0,,,,
28.432,5,Atta_5,206.1,950.3,14.6,38.7,3.8,,,,
28.432,6,Atta_6,517.8,1951.2,102.6,102.9,6.7,,,,
28.432,7,Atta_7,84.5,1574.2,355.8,-69.9,3.1,,,,
28.432,8,Atta_8,436.7,2251.3,75.1,-49.5,1.1,,,,
28.432,9,Atta_9,778.9,2169.5,44.0,33.9,3.7,,,,
28.432,10,Atta_10,409.3,2605.5,338.3,128.8,-0.4,,,,
28.553,1,Atta_1,895.5,486.4,7.2,85.5,1.0,,,,
28.553,2,Atta_2,2009.5,129.8,329.8,21.1,-3.2,,,,
28.553,3,Atta_3,1015.6,375.3,322.5,-37.2,-2.0,,,,
28.553,4,Atta_4,478.5,578.8,354.0,32.9,1.8,,,,
28.553,5,Atta_5,164.6,948.8,18.5,-41.5,3.9,,,,
28.553,6,Atta_6,599.8,1875.5,105.4,-111.6,2.8,,,,
28.553,7,Atta_7,147.1,1507.9,358.4,91.2,2.6,,,,
28.553,8,Atta_8,435.4,2260.3,72.9,9.1,-2.2,,,,
28.553,9,Atta_9,797.6,2118.2,47.1,-54.6,3.1,,,,
28.553,10,Atta_10,379.6,2577.9,337.8,-40.5,-0.5,,,,
28.623,1,Atta_1,901.1,459.9,3.4,27.1,-3.8,,,,
28.623,2,Atta_2,2023.5,139.4,327.6,17.0,-2.2,,,,
28.623,3,Atta_3,1047.8,333.8,322.3,52.5,-0.2,,,,
28.623,4,Atta_4,502.3,556.1,352.5,32.9,-1.5,,,,
28.623,5,Atta_5,160.0,881.6,24.8,-67.4,6.3,,,,
28.623,6,Atta_6,648.5,2017.7,112.2,150.3,6.8,,,,
28.623,7,Atta_7,82.9,1478.3,4.7,-70.7,6.3,,,,
28.623,8,Atta_8,434.8,2305.4,76.9,45.1,4.0,,,,
28.623,9,Atta_9,826.1,2134.2,54.9,32.7,7.8,,,,
28.623,10,Atta_10,376.1,2578.0,341.9,-3.5,4.1,,,,
28.689,1,Atta_1,867.1,507.3,10.3,-58.3,6.9,,,,
28.689,2,Atta_2,1954.4,187.3,330.7,-84.1,3.1,,,,
28.689,3,Atta_3,1037.6,433.1,322.5,-99.8,0.2,,,,
28.689,4,Atta_4,485.5,527.8,352.1,-32.9,-0.4,,,,
28.689,5,Atta_5,214.8,900.1,29.3,57.8,4.5,,,,
28.689,6,Atta_6,620.6,1930.0,114.8,-92.0,2.6,,,,
28.689,7,Atta_7,129.2,1507.4,9.8,54.7,5.1,,,,
28.689,8,Atta_8,443.1,2246.4,73.0,-59.6,-3.9,,,,
28.689,9,Atta_9,842.3,2146.8,54.6,20.5,-0.3,,,,
28.689,10,Atta_10,333.3,2549.7,341.3,-51.3,-0.6,,,,
28.757,1,Atta_1,891.6,416.2,2.0,94.3,-8.3,,,,
28.757,2,Atta_2,2049.1,130.1,339.2,110.6,8.5,,,,
28.757,3,Atta_3,1014.2,391.4,323.1,47.8,0.6,,,,
28.757,4,Atta_4,502.7,565.4,352.6,41.3,0.5,,,,
28.757,5,Atta_5,209.0,931.1,31.3,31.5,2.0,,,,
28.757,6,Atta_6,581.5,1928.9,115.4,39.1,0.6,,,,
28.757,7,Atta_7,70.2,1525.9,12.8,-61.8,3.0,,,,
28.757,8,Atta_8,459.9,2343.3,71.2,98.3,-1.8,,,,
28.757,9,Atta_9,833.0,2190.5,66.0,44.7,11.4,,,,
28.757,10,Atta_10,378.4,2580.2,341.9,54.4,0.6,,,,
28.82,1,Atta_1,864.3,416.3,6.4,-27.3,4.4,,,,
28.82,2,Atta_2,2008.1,154.4,339.3,-47.7,0.1,,,,
28.82,3,Atta_3,1040.9,336.8,325.2,60.8,2.1,,,,
28.82,4,Atta_4,531.7,624.6,347.0,65.9,-5.6,,,,
28.82,5,Atta_5,151.7,885.0,37.6,-73.5,6.3,,,,
28.82,6,Atta_6,668.2,1930.7,125.4,-86.7,10.0,,,,
28.82,7,Atta_7,73.9,1584.1,19.8,58.3,7.0,,,,
28.82,8,Atta_8,482.7,2301.0,71.3,-48.1,0.1,,,,
28.82,9,Atta_9,751.1,2162.8,64.8,-86.5,-1.2,,,,
28.82,10,Atta_10,377.5,2538.7,342.8,41.5,0.9,,,,
28.89,1,Atta_1,874.5,479.5,5.7,64.0,-0.7,,,,
28.89,2,Atta_2,2006.4,108.9,343.6,45.5,4.3,,,,
28.89,3,Atta_3,1093.7,361.3,325.5,58.2,0.3,,,,
28.89,4,Atta_4,509.2,584.8,346.7,-45.7,-0.3,,,,
28.89,5,Atta_5,166.5,901.7,38.6,22.3,1.0,,,,
28.89,6,Atta_6,541.1,1914.9,129.4,128.1,4.0,,,,
28.89,7,Atta_7,102.4,1499.4,24.8,-89.4,5.0,,,,
28.89,8,Atta_8,475.8,2357.0,68.6,56.4,-2.7,,,,
28.89,9,Atta_9,751.5,2119.6,75.3,-43.2,10.5,,,,
28.959,1,Atta_1,838.7,395.7,5.9,-91.1,0.2,,,,
28.959,2,Atta_2,2001.0,131.6,345.1,-23.3,1.5,,,,
28.959,3,Atta_3,1075.2,370.4,325.2,-20.6,-0.3,,,,
28.959,4,Atta_4,535.0,588.3,347.2,26.0,0.5,,,,
28.959,5,Atta_5,158.6,899.7,44.7,-8.1,6.1,,,,
28.959,6,Atta_6,663.4,1905.1,122.5,-122.7,-6.9,,,,
28.959,7,Atta_7,116.6,1520.6,31.9,25.5,7.1,,,,
28.959,8,Atta_8,445.6,2391.9,74.4,46.2,5.8,,,,
28.959,9,Atta_9,786.5,2148.2,75.6,45.2,0.3,,,,
28.959,10,Atta_10,387.8,2554.7,339.0,19.0,-3.8,,,,
29.025,1,Atta_1,924.4,386.2,4.6,86.2,-1.3,,,,
29.025,2,Atta_2,1944.5,117.2,352.4,-58.3,7.3,,,,
29.025,3,Atta_3,1076.4,338.9,324.4,31.5,-0.8,,,,
29.025,4,Atta_4,556.1,581.9,351.7,22.0,4.5,,,,
29.025,5,Atta_5,158.3,865.4,46.6,-34.3,1.9,,,,
29.025,6,Atta_6,583.2,1923.8,127.5,82.4,5.0,,,,
29.025,7,Atta_7,81.8,1514.1,30.0,-35.4,-1.9,,,,
29.025,8,Atta_8,524.4,2419.4,73.6,83.5,-0.8,,,,
29.025,9,Atta_9,764.0,2144.5,79.0,-22.8,3.4,,,,
29.025,10,Atta_10,407.0,2545.6,340.1,21.2,1.1,,,,
29.091,1,Atta_1,810.4,461.8,11.8,-136.8,7.2,,,,
29.091,2,Atta_2,1979.8,96.1,359.9,41.1,7.5,,,,
29.091,3,Atta_3,1095.8,322.6,327.3,25.3,2.9,,,,
29.091,4,Atta_4,622.1,592.2,350.1,66.8,-1.6,,,,
29.091,5,Atta_5,171.0,936.5,54.1,72.2,7.5,,,,
29.091,6,Atta_6,643.1,1877.6,130.7,-75.6,3.2,,,,
29.091,7,Atta_7,81.5,1549.9,39.2,35.8,9.2,,,,
29.091,8,Atta_8,497.3,2404.5,73.0,-30.9,-0.6,,,,
29.091,9,Atta_9,788.7,2195.7,85.6,56.8,6.6,,,,
29.091,10,Atta_10,465.4,2555.0,338.6,59.2,-1.5,,,,
29.163,1,Atta_1,815.9,467.6,11.0,8.0,-0.8,,,,
29.163,2,Atta_2,1974.1,129.9,0.2,-34.3,0.3,,,,
29.163,3,Atta_3,1120.3,358.1,322.4,43.1,-4.9,,,,
29.163,4,Atta_4,578.8,511.0,351.2,-92.0,1.1,,,,
29.163,5,Atta_5,125.1,884.1,57.1,-69.7,3.0,,,,
29.163,6,Atta_6,590.1,1939.8,126.0,81.7,-4.7,,,,
29.163,7,Atta_7,68.3,1551.0,39.7,-13.2,0.5,,,,
29.163,8,Atta_8,517.1,2412.2,75.0,21.2,2.0,,,,
29.163,9,Atta_9,769.2,2120.4,91.7,-77.8,6.1,,,,
29.163,10,Atta_10,470.8,2582.0,337.4,-27.5,-1.2,,,,
29.218,1,Atta_1,854.5,443.7,17.6,45.4,6.6,,,,
29.218,2,Atta_2,2013.6,74.0,2.8,68.4,2.6,,,,
29.218,3,Atta_3,1158.8,331.5,324.7,46.8,2.3,,,,
29.218,4,Atta_4,556.9,578.6,352.0,-71.1,0.8,,,,
29.218,5,Atta_5,172.7,920.8,65.0,60.1,7.9,,,,
29.218,6,Atta_6,655.6,1891.5,130.6,-81.4,4.6,,,,
29.218,7,Atta_7,107.0,1536.1,46.5,41.5,6.8,,,,
29.218,8,Atta_8,493.8,2410.6,75.0,-23.4,0.0,,,,
29.218,9,Atta_9,746.9,2150.1,93.9,37.1,2.2,,,,
29.218,10,Atta_10,508.7,2520.4,338.7,72.3,1.3,,,,
29.283,1,Atta_1,799.4,471.9,23.6,-61.9,6.0,,,,
29.283,2,Atta_2,1952.0,150.9,11.2,-98.5,8.4,,,,
29.283,3,Atta_3,1113.0,312.9,323.0,-49.4,-1.7,,,,
29.283,4,Atta_4,629.6,608.0,351.2,78.4,-0.8,,,,
29.283,5,Atta_5,224.0,924.9,65.8,51.5,0.8,,,,
29.283,6,Atta_6,626.9,1944.1,126.2,59.9,-4.4,,,,
29.283,7,Atta_7,117.1,1557.1,51.2,23.3,4.7,,,,
29.283,8,Atta_8,508.9,2381.5,69.4,-32.8,-5.6,,,,
29.283,9,Atta_9,784.0,2137.0,99.8,-39.3,5.9,,,,
29.283,10,Atta_10,453.6,2539.1,338.5,-58.2,-0.2,,,,
29.35,1,Atta_1,883.0,456.5,25.7,85.0,2.1,,,,
29.35,2,Atta_2,1926.0,141.8,15.7,-27.5,4.5,,,,
29.35,4,Atta_4,608.3,566.3,353.1,-46.8,1.9,,,,
29.35,5,Atta_5,169.9,926.4,70.8,-54.1,5.0,,,,
29.35,6,Atta_6,685.4,1941.6,127.4,-58.6,1.2,,,,
29.35,7,Atta_7,51.5,1555.6,58.9,-65.6,7.7,,,,
29.35,8,Atta_8,460.1,2373.4,70.2,-49.5,0.8,,,,
29.35,9,Atta_9,800.8,2171.0,101.6,37.9,1.8,,,,
29.35,10,Atta_10,467.0,2519.7,339.9,23.6,1.4,,,,
29.421,1,Atta_1,839.7,445.8,28.8,-44.6,3.1,,,,
29.421,2,Atta_2,2024.3,128.7,21.4,99.2,5.7,,,,
29.421,3,Atta_3,1123.8,316.6,323.8,11.4,0.8,,,,
29.421,4,Atta_4,620.2,580.9,349.9,18.8,-3.2,,,,
29.421,5,Atta_5,145.7,956.4,78.5,38.5,7.7,,,,
29.421,6,Atta_6,551.4,1978.9,125.1,139.1,-2.3,,,,
29.421,7,Atta_7,146.5,1535.8,57.3,97.0,-1.6,,,,
29.421,8,Atta_8,510.5,2377.1,65.0,50.5,-5.2,,,,
29.421,9,Atta_9,779.1,2116.7,106.0,-58.5,4.4,,,,
29.421,10,Atta_10,493.8,2530.8,340.5,29.0,0.6,,,,
29.49,1,Atta_1,827.2,404.5,38.6,-43.2,9.8,,,,
29.49,2,Atta_2,1943.1,113.1,24.8,-82.7,3.4,,,,
29.49,3,Atta_3,1135.0,315.3,324.2,11.3,0.4,,,,
29.49,4,Atta_4,705.1,556.4,352.6,88.4,2.7,,,,
29.49,5,Atta_5,155.2,938.7,80.5,-20.1,2.0,,,,
29.49,6,Atta_6,566.0,2019.1,128.3,42.8,3.2,,,,
29.49,7,Atta_7,42.9,1578.4,64.6,-112.0,7.3,,,,
29.49,8,Atta_8,501.4,2369.2,69.1,-12.1,4.1,,,,
29.49,9,Atta_9,784.4,2101.7,110.3,-15.9,4.3,,,,
29.49,10,Atta_10,495.9,2503.2,341.6,27.7,1.1,,,,
29.556,1,Atta_1,872.5,421.9,37.2,48.5,-1.4,,,,
29.556,2,Atta_2,1990.9,88.1,29.1,53.9,4.3,,,,
29.556,3,Atta_3,1200.4,309.4,325.7,65.7,1.5,,,,
29.556,4,Atta_4,675.0,517.5,351.2,-49.2,-1.4,,,,
29.556,5,Atta_5,186.4,919.7,89.3,-36.5,8.8,,,,
29.556,6,Atta_6,523.8,1892.4,126.5,-133.5,-1.8,,,,
29.556,7,Atta_7,91.5,1517.3,66.2,-78.1,1.6,,,,
29.556,8,Atta_8,494.3,2361.0,68.0,-10.8,-1.1,,,,
29.556,9,Atta_9,787.8,2129.9,114.7,28.4,4.4,,,,
29.556,10,Atta_10,476.0,2485.0,329.8,-27.0,-11.8,,,,
29.622,1,Atta_1,830.7,491.2,46.6,80.9,9.4,,,,
29.622,2,Atta_2,2000.1,129.4,29.1,42.3,0.0,,,,
29.622,3,Atta_3,1120.0,297.1,324.9,-81.3,-0.8,,,,
29.622,4,Atta_4,661.3,576.8,355.2,-60.9,4.0,,,,
29.622,5,Atta_5,175.8,930.7,91.2,15.3,1.9,,,,
29.622,6,Atta_6,552.6,2018.9,126.9,129.7,0.4,,,,
29.622,7,Atta_7,110.2,1547.3,72.2,35.4,6.0,,,,
29.622,8,Atta_8,514.7,2283.2,68.5,-80.4,0.5,,,,
29.622,9,Atta_9,752.1,2209.9,117.3,87.6,2.6,,,,
29.622,10,Atta_10,549.2,2510.6,331.7,77.5,1.9,,,,
29.687,1,Atta_1,859.5,483.1,47.9,29.9,1.3,,,,
29.687,2,Atta_2,1971.0,107.0,42.4,-36.7,13.3,,,,
29.687,3,Atta_3,1148.1,300.7,318.9,28.3,-6.0,,,,
29.687,4,Atta_4,708.9,636.9,348.9,76.7,-6.3,,,,
29.687,5,Atta_5,163.3,868.7,97.1,-63.2,5.9,,,,
29.687,6,Atta_6,587.3,1967.8,126.6,-61.8,-0.3,,,,
29.687,7,Atta_7,121.1,1462.1,69.5,-85.9,-2.7,,,,
29.687,8,Atta_8,452.7,2287.1,66.3,-62.1,-2.2,,,,
29.687,9,Atta_9,812.9,2179.2,121.7,-68.1,4.4,,,,
29.687,10,Atta_10,508.7,2512.1,326.9,-40.5,-4.8,,,,
29.756,1,Atta_1,867.9,386.5,51.0,-97.0,3.1,,,,
29.756,2,Atta_2,1995.8,119.2,43.5,27.6,1.1,,,,
29.756,3,Atta_3,1148.5,254.1,321.2,46.6,2.3,,,,
29.756,4,Atta_4,688.2,540.6,353.4,-98.5,4.5,,,,
29.756,5,Atta_5,180.8,940.8,101.9,74.2,4.8,,,,
29.756,6,Atta_6,562.3,2015.7,129.3,54.0,2.7,,,,
29.756,7,Atta_7,116.2,1503.2,68.6,41.4,-0.9,,,,
29.756,8,Atta_8,467.9,2367.5,62.5,81.8,-3.8,,,,
29.756,9,Atta_9,797.5,2118.3,130.3,-62.8,8.6,,,,
29.756,10,Atta_10,487.4,2530.3,322.0,-28.0,-4.9,,,,
29.825,1,Atta_1,819.8,438.5,62.2,70.8,11.2,,,,
29.825,2,Atta_2,1985.3,92.9,50.4,-28.3,6.9,,,,
29.825,3,Atta_3,1161.7,317.0,321.6,-64.3,0.4,,,,
29.825,4,Atta_4,643.6,513.3,348.9,-52.3,-4.5,,,,
29.825,5,Atta_5,131.6,906.0,103.0,-60.3,1.1,,,,
29.825,6,Atta_6,564.4,1991.8,125.5,-24.0,-3.8,,,,
29.825,7,Atta_7,90.8,1484.6,73.1,-31.5,4.5,,,,
29.825,8,Atta_8,481.4,2263.2,62.4,-105.2,-0.1,,,,
29.825,9,Atta_9,797.3,2164.1,134.2,45.8,3.9,,,,
29.825,10,Atta_10,449.1,2467.6,313.6,73.5,-8.4,,,,
29.888,1,Atta_1,837.0,474.2,60.5,39.6,-1.7,,,,
29.888,2,Atta_2,1995.6,130.7,57.9,39.2,7.5,,,,
29.888,3,Atta_3,1145.6,300.7,321.0,-22.9,-0.6,,,,
29.888,4,Atta_4,701.0,500.9,354.4,58.7,5.5,,,,
29.888,5,Atta_5,234.6,964.5,96.7,118.5,-6.3,,,,
29.888,6,Atta_6,567.7,2004.6,125.7,13.2,0.2,,,,
29.888,7,Atta_7,114.6,1544.0,69.6,64.0,-3.5,,,,
29.888,8,Atta_8,474.2,2334.1,57.8,71.3,-4.6,,,,
29.888,9,Atta_9,759.6,2192.4,136.2,47.1,2.0,,,,
29.888,10,Atta_10,527.5,2546.9,314.1,-111.5,0.5,,,,
29.958,1,Atta_1,817.9,465.0,65.1,-21.2,4.6,,,,
29.958,2,Atta_2,2008.2,98.2,54.4,-34.9,-3.5,,,,
29.958,3,Atta_3,1129.0,328.0,322.5,-32.0,1.5,,,,
29.958,4,Atta_4,745.5,576.8,353.3,88.0,-1.1,,,,
29.958,5,Atta_5,104.0,864.0,98.4,-164.8,1.7,,,,
29.958,6,Atta_6,464.3,2053.6,132.1,114.4,6.4,,,,
29.958,7,Atta_7,126.0,1484.2,67.5,-60.9,-2.1,,,,
29.958,8,Atta_8,451.4,2283.3,51.7,-55.7,-6.1,,,,
29.958,9,Atta_9,784.9,2106.8,139.1,-89.3,2.9,,,,
29.958,10,Atta_10,486.3,2512.6,305.7,-53.6,-8.4,,,,
30.027,1,Atta_1,844.0,438.5,66.4,-37.2,1.3,,,,
30.027,2,Atta_2,2004.2,154.0,61.7,55.9,7.3,,,,
30.027,3,Atta_3,1080.6,314.1,321.4,-50.4,-1.1,,,,
30.027,4,Atta_4,746.8,627.2,350.1,-50.4,-3.2,,,,
30.027,5,Atta_5,218.2,904.4,101.9,121.1,3.5,,,,
30.027,6,Atta_6,575.7,2013.9,133.6,-118.3,1.5,,,,
30.027,7,Atta_7,78.3,1553.8,70.4,84.4,2.9,,,,
30.027,8,Atta_8,511.7,2349.4,46.6,89.5,-5.1,,,,
30.027,9,Atta_9,763.8,2132.6,141.3,33.3,2.2,,,,
30.027,10,Atta_10,498.7,2490.0,301.9,25.8,-3.8,,,,
30.097,1,Atta_1,846.5,461.9,61.5,23.5,-4.9,,,,
30.097,2,Atta_2,1960.3,83.9,63.0,-82.7,1.3,,,,
30.097,3,Atta_3,1110.7,330.8,320.0,34.4,-1.4,,,,
30.097,4,Atta_4,704.3,558.8,347.2,-80.5,-2.9,,,,
30.097,5,Atta_5,216.5,923.6,102.1,19.3,0.2,,,,
30.097,6,Atta_6,525.0,1958.3,137.8,-75.2,4.2,,,,
30.097,7,Atta_7,82.8,1560.8,71.9,8.3,1.5,,,,
30.097,8,Atta_8,423.5,2356.5,42.4,-88.5,-4.2,,,,
30.097,9,Atta_9,710.9,2162.7,141.1,60.9,-0.2,,,,
30.097,10,Atta_10,481.5,2522.2,298.1,-36.5,-3.8,,,,
30.152,1,Atta_1,862.5,446.2,65.4,-22.4,3.9,,,,
30.152,2,Atta_2,1953.9,110.1,72.7,27.0,9.7,,,,
30.152,3,Atta_3,1073.1,337.2,325.4,-38.1,5.4,,,,
30.152,4,Atta_4,753.3,544.3,349.6,51.1,2.4,,,,
30.152,5,Atta_5,179.1,931.9,102.8,38.3,0.7,,,,
30.152,6,Atta_6,516.6,2019.1,143.7,61.4,5.9,,,,
30.152,7,Atta_7,95.7,1617.1,67.5,57.8,-4.4,,,,
30.152,8,Atta_8,429.7,2293.6,37.1,-63.2,-5.3,,,,
30.152,9,Atta_9,780.4,2190.7,140.5,-74.9,-0.6,,,,
30.152,10,Atta_10,461.8,2529.1,294.0,-20.9,-4.1,,,,
30.221,1,Atta_1,869.6,463.6,58.0,18.8,-7.4,,,,
30.221,2,Atta_2,2028.4,130.8,74.8,77.3,2.1,,,,
30.221,3,Atta_3,1085.8,340.6,325.9,13.1,0.5,,,,
30.221,4,Atta_4,821.0,575.4,349.5,74.5,-0.1,,,,
30.221,5,Atta_5,139.4,915.4,111.0,-43.0,8.2,,,,
30.221,6,Atta_6,567.4,2075.5,149.3,-75.9,5.6,,,,
30.221,7,Atta_7,104.3,1639.1,68.6,23.6,1.1,,,,
30.221,8,Atta_8,441.1,2338.7,33.9,46.5,-3.2,,,,
30.221,9,Atta_9,822.2,2151.6,138.3,-57.2,-2.2,,,,
30.221,10,Atta_10,516.3,2554.5,291.0,-60.1,-3.0,,,,
30.29,1,Atta_1,775.3,485.2,60.8,-96.7,2.8,,,,
30.29,2,Atta_2,1999.9,89.3,78.3,-50.3,3.5,,,,
30.29,3,Atta_3,1104.3,349.1,333.1,20.4,7.2,,,,
30.29,4,Atta_4,718.0,562.6,350.6,-103.8,1.1,,,,
30.29,5,Atta_5,162.6,884.1,116.1,-39.0,5.1,,,,
30.29,6,Atta_6,575.3,1996.8,153.6,-79.1,4.3,,,,
30.29,7,Atta_7,137.4,1635.9,70.4,33.3,1.8,,,,
30.29,8,Atta_8,444.9,2274.1,28.4,-64.7,-5.5,,,,
30.29,9,Atta_9,741.5,2119.3,133.6,86.9,-4.7,,,,
30.29,10,Atta_10,553.9,2527.6,286.9,46.2,-4.1,,,,
30.36,1,Atta_1,881.9,515.6,61.2,110.8,0.4,,,,
30.36,2,Atta_2,1991.1,95.1,82.5,10.5,4.2,,,,
30.36,3,Atta_3,1107.8,361.7,336.1,-13.1,3.0,,,,
30.36,4,Atta_4,761.1,514.1,352.2,64.9,1.6,,,,
30.36,5,Atta_5,172.4,931.4,120.2,48.3,4.1,,,,
30.36,6,Atta_6,553.6,2006.0,156.7,23.6,3.1,,,,
30.36,7,Atta_7,146.0,1614.9,71.3,-22.7,0.9,,,,
30.36,8,Atta_8,484.6,2293.4,26.9,44.1,-1.5,,,,
30.36,9,Atta_9,791.8,2138.2,131.3,-53.7,-2.3,,,,
30.36,10,Atta_10,479.2,2546.7,283.7,-77.1,-3.2,,,,
30.427,1,Atta_1,900.8,523.0,64.3,20.3,3.1,,,,
30.427,2,Atta_2,1971.9,146.8,90.7,55.2,8.2,,,,
30.427,3,Atta_3,1096.4,369.0,340.2,-13.5,4.1,,,,
30.427,4,Atta_4,799.9,529.9,351.5,41.9,-0.7,,,,
30.427,5,Atta_5,171.5,896.2,121.7,-35.2,1.5,,,,
30.427,6,Atta_6,531.8,2037.2,163.8,38.1,7.1,,,,
30.427,7,Atta_7,155.2,1586.9,69.7,-29.5,-1.6,,,,
30.427,8,Atta_8,445.5,2329.1,22.6,-52.9,-4.3,,,,
30.427,9,Atta_9,780.5,2146.9,125.3,14.3,-6.0,,,,
30.427,10,Atta_10,473.9,2534.3,284.3,13.5,0.6,,,,
30.481,1,Atta_1,828.8,442.6,65.4,-107.9,1.1,,,,
30.481,2,Atta_2,1958.1,123.0,90.8,-27.5,0.1,,,,
30.481,3,Atta_3,1070.2,333.5,346.7,-44.1,6.5,,,,
30.481,4,Atta_4,774.8,553.0,352.4,-34.1,0.9,,,,
30.481,5,Atta_5,181.1,927.0,127.1,32.3,5.4,,,,
30.481,6,Atta_6,503.6,2041.7,165.3,28.6,1.5,,,,
30.481,7,Atta_7,131.5,1613.1,72.2,35.3,2.5,,,,
30.481,8,Atta_8,490.7,2332.1,15.5,45.3,-7.1,,,,
30.481,9,Atta_9,804.2,2097.8,125.1,-54.5,-0.2,,,,
30.481,10,Atta_10,489.2,2557.2,280.7,-27.5,-3.6,,,,
30.548,1,Atta_1,855.6,510.0,62.2,72.5,-3.2,,,,
30.548,2,Atta_2,2002.0,186.3,95.4,77.0,4.6,,,,
30.548,3,Atta_3,1120.3,358.8,353.7,56.1,7.0,,,,
30.548,4,Atta_4,701.1,544.7,349.2,-74.2,-3.2,,,,
30.548,5,Atta_5,189.6,875.4,131.3,-52.3,4.2,,,,
30.548,6,Atta_6,573.0,1996.0,171.0,-83.1,5.7,,,,
30.548,7,Atta_7,111.7,1691.2,74.0,80.6,1.8,,,,
30.548,8,Atta_8,457.2,2308.2,12.2,-41.2,-3.3,,,,
30.548,9,Atta_9,699.7,2144.5,120.4,114.5,-4.7,,,,
30.548,10,Atta_10,506.8,2481.4,280.6,77.8,-0.1,,,,
30.616,1,Atta_1,846.2,494.2,65.8,-18.4,3.6,,,,
30.616,2,Atta_2,1956.2,140.8,102.1,-64.6,6.7,,,,
30.616,3,Atta_3,1109.5,295.3,356.2,-64.4,2.5,,,,
30.616,4,Atta_4,754.2,542.7,350.4,53.1,1.2,,,,
30.616,5,Atta_5,212.5,884.6,136.4,-24.7,5.1,,,,
30.616,6,Atta_6,545.7,2046.1,175.5,57.1,4.5,,,,
30.616,7,Atta_7,185.8,1693.1,69.5,74.1,-4.5,,,,
30.616,8,Atta_8,483.5,2344.7,11.6,45.0,-0.6,,,,
30.616,9,Atta_9,751.2,2136.8,115.2,-52.1,-5.2,,,,
30.616,10,Atta_10,522.4,2506.5,282.5,-29.6,1.9,,,,
30.682,1,Atta_1,854.9,578.7,68.2,84.9,2.4,,,,
30.682,2,Atta_2,2004.9,189.0,102.7,68.5,0.6,,,,
30.682,3,Atta_3,1097.8,340.3,358.9,-46.5,2.7,,,,
30.682,4,Atta_4,761.4,532.9,351.2,12.2,0.8,,,,
30.682,5,Atta_5,132.5,931.6,138.5,92.8,2.1,,,,
30.682,6,Atta_6,545.9,2040.0,181.9,-6.1,6.4,,,,
30.682,7,Atta_7,143.9,1609.2,70.7,-93.8,1.2,,,,
30.682,8,Atta_8,398.7,2373.0,15.2,-89.4,3.6,,,,
30.682,9,Atta_9,695.8,2096.0,111.2,-68.8,-4.0,,,,
30.682,10,Atta_10,450.9,2536.8,277.5,-77.7,-5.0,,,,
30.815,1,Atta_1,868.3,513.3,66.4,-66.8,-1.8,,,,
30.815,2,Atta_2,1990.7,88.6,109.0,-101.4,6.3,,,,
30.815,3,Atta_3,1086.3,345.9,2.1,-12.8,3.2,,,,
30.815,4,Atta_4,738.6,538.9,351.7,-23.6,0.5,,,,
30.815,5,Atta_5,145.5,901.4,146.8,-32.9,8.3,,,,
30.815,6,Atta_6,468.0,2046.5,185.2,78.2,3.3,,,,
30.815,7,Atta_7,143.5,1620.1,69.2,10.9,-1.5,,,,
30.815,8,Atta_8,438.5,2300.0,8.4,83.1,-6.8,,,,
30.815,9,Atta_9,791.7,2169.0,105.1,120.5,-6.1,,,,
30.815,10,Atta_10,494.4,2493.3,280.6,61.5,3.1,,,,
30.884,1,Atta_1,911.2,537.6,67.4,49.3,1.0,,,,
30.884,2,Atta_2,1967.3,140.9,120.5,57.3,11.5,,,,
30.884,3,Atta_3,1124.6,355.3,12.9,39.4,10.8,,,,
30.884,4,Atta_4,737.3,592.2,356.3,-53.3,4.6,,,,
30.884,5,Atta_5,195.5,920.3,143.6,-53.5,-3.2,,,,
30.884,6,Atta_6,551.1,2023.0,196.6,-86.4,11.4,,,,
30.884,7,Atta_7,145.7,1699.4,72.3,79.3,3.1,,,,
30.884,8,Atta_8,420.5,2340.6,11.8,-44.4,3.4,,,,
30.884,9,Atta_9,836.5,2128.9,94.3,-60.1,-10.8,,,,
30.884,10,Atta_10,489.7,2528.9,285.7,-35.9,5.1,,,,
30.953,1,Atta_1,947.5,577.3,71.6,53.8,4.2,,,,
30.953,2,Atta_2,2001.9,129.0,124.2,-36.6,3.7,,,,
30.953,3,Atta_3,1096.2,338.9,14.8,-32.8,1.9,,,,
30.953,4,Atta_4,673.8,526.7,0.9,-91.2,4.6,,,,
30.953,5,Atta_5,159.8,914.3,142.2,36.2,-1.4,,,,
30.953,6,Atta_6,536.6,1963.7,198.9,61.0,2.3,,,,
30.953,7,Atta_7,171.7,1706.3,70.3,26.9,-2.0,,,,
30.953,8,Atta_8,454.0,2365.0,9.8,41.4,-2.0,,,,
30.953,9,Atta_9,725.1,2153.0,94.4,114.0,0.1,,,,
30.953,10,Atta_10,493.0,2401.0,280.9,127.9,-4.8,,,,
31.089,1,Atta_1,864.5,532.9,77.5,-94.1,5.9,,,,
31.089,2,Atta_2,2038.9,125.0,128.8,-37.2,4.6,,,,
31.089,3,Atta_3,1107.4,286.6,18.9,-53.5,4.1,,,,
31.089,4,Atta_4,716.3,564.5,4.2,56.9,3.3,,,,
31.089,5,Atta_5,125.5,876.9,144.1,50.7,1.9,,,,
31.089,6,Atta_6,563.6,1969.2,201.6,-27.6,2.7,,,,
31.089,7,Atta_7,137.9,1672.1,67.8,-48.1,-2.5,,,,
31.089,8,Atta_8,443.0,2373.7,9.9,-14.0,0.1,,,,
31.089,9,Atta_9,745.6,2147.8,88.8,-21.1,-5.6,,,,
31.089,10,Atta_10,493.0,2461.4,285.9,-60.4,5.0,,,,
31.158,1,Atta_1,845.4,547.1,82.4,23.8,4.9,,,,
31.158,2,Atta_2,2040.8,146.0,135.2,21.1,6.4,,,,
31.158,3,Atta_3,1094.3,346.4,18.4,61.2,-0.5,,,,
31.158,4,Atta_4,709.4,532.1,13.2,-33.1,9.0,,,,
31.158,5,Atta_5,152.2,887.8,137.4,-28.8,-6.7,,,,
31.158,6,Atta_6,580.3,1999.8,201.5,-34.9,-0.1,,,,
31.158,7,Atta_7,151.7,1756.9,74.6,85.9,6.8,,,,
31.158,8,Atta_8,554.3,2306.2,10.6,130.2,0.7,,,,
31.158,9,Atta_9,705.4,2167.5,76.8,44.8,-12.0,,,,
31.158,10,Atta_10,511.5,2509.1,283.2,-51.2,-2.7,,,,
31.227,1,Atta_1,878.3,554.5,87.4,33.7,5.0,,,,
31.227,2,Atta_2,1972.3,140.3,140.7,68.7,5.5,,,,
31.227,3,Atta_3,1079.9,365.1,15.8,-23.6,-2.6,,,,
31.227,4,Atta_4,675.7,579.1,19.6,-57.8,6.4,,,,
31.227,5,Atta_5,199.0,965.1,139.7,90.4,2.3,,,,
31.227,6,Atta_6,560.6,1955.9,200.1,48.1,-1.4,,,,
31.227,7,Atta_7,150.3,1736.2,72.4,-20.7,-2.2,,,,
31.227,8,Atta_8,555.5,2335.8,9.3,29.6,-1.3,,,,
31.227,9,Atta_9,767.4,2094.3,72.6,-95.9,-4.2,,,,
31.227,10,Atta_10,538.5,2573.6,284.5,-69.9,1.3,,,,
31.295,1,Atta_1,860.3,580.1,91.2,31.3,3.8,,,,
31.295,2,Atta_2,2033.1,120.8,144.0,-63.9,3.3,,,,
31.295,3,Atta_3,1103.5,267.0,16.9,-100.9,1.1,,,,
31.295,4,Atta_4,695.5,567.7,20.1,22.8,0.5,,,,
31.295,5,Atta_5,84.5,972.6,145.4,114.7,5.7,,,,
31.295,6,Atta_6,537.4,1974.9,201.0,30.0,0.9,,,,
31.295,7,Atta_7,202.0,1767.4,70.0,60.4,-2.4,,,,
31.295,8,Atta_8,580.3,2305.1,10.4,39.5,1.1,,,,
31.295,9,Atta_9,766.0,2135.7,68.7,41.4,-3.9,,,,
31.295,10,Atta_10,501.2,2494.9,283.5,87.1,-1.0,,,,
31.432,1,Atta_1,907.1,580.6,105.9,-46.8,14.7,,,,
31.432,2,Atta_2,1965.0,70.4,147.0,84.7,3.0,,,,
31.432,3,Atta_3,1137.3,315.5,21.6,59.1,4.7,,,,
31.432,4,Atta_4,699.1,582.2,35.7,14.9,15.6,,,,
31.432,5,Atta_5,86.6,825.5,142.4,-147.1,-3.0,,,,
31.432,6,Atta_6,570.3,2029.5,196.1,-63.7,-4.9,,,,
31.432,7,Atta_7,192.4,1805.3,72.1,39.1,2.1,,,,
31.432,8,Atta_8,547.9,2302.1,13.5,-32.5,3.1,,,,
31.432,9,Atta_9,745.7,2149.4,59.9,24.5,-8.8,,,,
31.432,10,Atta_10,503.2,2514.9,285.6,-20.1,2.1,,,,
31.501,1,Atta_1,881.6,554.3,105.2,-36.6,-0.7,,,,
31.501,2,Atta_2,1985.1,172.6,148.1,104.2,1.1,,,,
31.501,3,Atta_3,1118.8,329.7,20.7,-23.3,-0.9,,,,
31.501,4,Atta_4,736.0,598.9,34.5,40.5,-1.2,,,,
31.501,5,Atta_5,123.6,954.2,143.7,133.9,1.3,,,,
31.501,6,Atta_6,520.6,1995.2,199.1,60.4,3.0,,,,
31.501,7,Atta_7,160.6,1733.7,70.2,-78.3,-1.9,,,,
31.501,8,Atta_8,556.8,2325.4,11.8,24.9,-1.7,,,,
31.501,9,Atta_9,743.6,2157.1,56.3,8.0,-3.6,,,,
31.501,10,Atta_10,482.1,2524.9,288.4,-23.3,2.8,,,,
31.567,1,Atta_1,830.1,595.0,111.0,65.6,5.8,,,,
31.567,2,Atta_2,1994.8,105.7,148.9,-67.6,0.8,,,,
31.567,3,Atta_3,1185.9,408.6,18.9,103.6,-1.8,,,,
31.567,4,Atta_4,705.2,540.7,43.0,-65.8,8.5,,,,
31.567,5,Atta_5,87.5,958.6,143.8,36.4,0.1,,,,
31.567,6,Atta_6,501.7,2006.3,202.9,21.9,3.8,,,,
31.567,7,Atta_7,188.9,1781.8,72.1,55.8,1.9,,,,
31.567,8,Atta_8,580.3,2341.8,13.9,28.7,2.1,,,,
31.567,9,Atta_9,768.5,2183.6,51.9,36.4,-4.4,,,,
31.567,10,Atta_10,461.0,2558.3,293.4,-39.5,5.0,,,,
31.7,1,Atta_1,877.2,555.7,118.8,-61.3,7.8,,,,
31.7,2,Atta_2,1953.4,168.5,148.5,75.2,-0.4,,,,
31.7,3,Atta_3,1144.3,329.7,17.2,-89.2,-1.7,,,,
31.7,4,Atta_4,667.8,603.3,50.7,72.9,7.7,,,,
31.7,5,Atta_5,104.3,979.6,135.9,-26.9,-7.9,,,,
31.7,6,Atta_6,494.6,2006.2,199.9,7.1,-3.0,,,,
31.7,7,Atta_7,196.6,1831.5,69.2,50.3,-2.9,,,,
31.7,8,Atta_8,556.7,2381.6,3.0,-46.3,-10.9,,,,
31.7,9,Atta_9,752.4,2155.0,43.0,-32.8,-8.9,,,,
31.7,10,Atta_10,452.1,2543.0,306.0,17.7,12.6,,,,
31.769,1,Atta_1,888.8,552.2,123.1,-12.1,4.3,,,,
31.769,2,Atta_2,2002.1,123.1,146.5,-66.6,-2.0,,,,
31.769,3,Atta_3,1219.5,327.4,18.3,75.2,1.1,,,,
31.769,4,Atta_4,707.1,608.8,51.2,39.7,0.5,,,,
31.769,5,Atta_5,100.6,1004.3,137.7,25.0,1.8,,,,
31.769,6,Atta_6,438.1,1983.5,202.0,60.9,2.1,,,,
31.769,7,Atta_7,183.4,1811.1,66.5,-24.3,-2.7,,,,
31.769,8,Atta_8,569.3,2341.6,0.2,41.9,-2.8,,,,
31.769,9,Atta_9,761.1,2109.7,39.3,-46.1,-3.7,,,,
31.769,10,Atta_10,465.5,2561.0,306.1,-22.4,0.1,,,,
31.899,1,Atta_1,869.4,570.9,129.6,26.9,6.5,,,,
31.899,2,Atta_2,1960.5,104.7,145.4,45.5,-1.1,,,,
31.899,3,Atta_3,1210.2,386.6,18.8,59.9,0.5,,,,
31.899,4,Atta_4,675.4,590.4,47.1,-36.7,-4.1,,,,
31.899,5,Atta_5,118.2,991.8,139.7,-21.6,2.0,,,,
31.899,6,Atta_6,480.0,1951.2,199.0,-52.9,-3.0,,,,
31.899,7,Atta_7,212.5,1838.6,70.2,40.0,3.7,,,,
31.899,8,Atta_8,559.2,2321.7,353.2,-22.3,-7.0,,,,
31.899,9,Atta_9,785.9,2149.9,32.1,47.2,-7.2,,,,
31.899,10,Atta_10,452.0,2521.6,306.3,41.6,0.2,,,,
31.965,1,Atta_1,871.8,508.2,133.1,-62.7,3.5,,,,
31.965,2,Atta_2,1954.1,147.8,151.6,43.6,6.2,,,,
31.965,3,Atta_3,1198.1,301.1,19.2,-86.4,0.4,,,,
31.965,4,Atta_4,652.6,571.7,48.7,-29.5,1.6,,,,
31.965,5,Atta_5,117.6,928.0,138.9,-63.8,-0.8,,,,
31.965,6,Atta_6,449.3,1978.2,200.8,40.9,1.8,,,,
31.965,8,Atta_8,569.8,2341.7,350.9,22.6,-2.3,,,,
31.965,9,Atta_9,787.4,2190.1,32.6,40.2,0.5,,,,
31.965,10,Atta_10,509.1,2601.1,311.8,-97.9,5.5,,,,
32.034,1,Atta_1,905.9,576.0,139.1,75.9,6.0,,,,
32.034,2,Atta_2,1939.5,166.8,149.5,24.0,-2.1,,,,
32.034,3,Atta_3,1235.0,372.1,18.3,80.0,-0.9,,,,
32.034,4,Atta_4,687.1,588.9,52.8,38.5,4.1,,,,
32.034,5,Atta_5,131.4,952.5,138.9,28.1,0.0,,,,
32.034,6,Atta_6,422.2,1934.3,201.7,51.6,0.9,,,,
32.034,7,Atta_7,293.0,1820.1,68.3,82.6,-1.9,,,,
32.034,8,Atta_8,545.2,2343.1,343.3,-24.6,-7.6,,,,
32.034,9,Atta_9,814.3,2131.3,18.2,-64.7,-14.4,,,,
32.034,10,Atta_10,486.8,2529.1,323.2,75.4,11.4,,,,
32.169,1,Atta_1,813.4,562.5,138.1,93.5,-1.0,,,,
32.169,2,Atta_2,1896.8,91.9,146.6,-86.2,-2.9,,,,
32.169,3,Atta_3,1188.2,351.5,25.3,-51.1,7.0,,,,
32.169,4,Atta_4,717.2,625.2,48.4,47.2,-4.4,,,,
32.169,5,Atta_5,177.5,907.0,138.4,-64.8,-0.5,,,,
32.169,6,Atta_6,383.6,1968.4,199.4,51.5,-2.3,,,,
32.169,7,Atta_7,218.6,1900.2,72.6,109.3,4.3,,,,
32.169,8,Atta_8,592.3,2342.0,341.7,47.1,-1.6,,,,
32.169,9,Atta_9,806.1,2112.4,18.1,-20.6,-0.1,,,,
32.169,10,Atta_10,508.2,2569.4,330.3,-45.6,7.1,,,,
32.232,1,Atta_1,900.7,550.9,141.3,-88.1,3.2,,,,
32.232,2,Atta_2,1911.6,114.6,146.9,27.1,0.3,,,,
32.232,3,Atta_3,1186.6,391.4,31.1,39.9,5.8,,,,
32.232,4,Atta_4,751.5,589.6,44.0,-49.4,-4.4,,,,
32.232,5,Atta_5,115.7,982.1,136.6,97.3,-1.8,,,,
32.232,6,Atta_6,395.5,1958.5,200.4,-15.5,1.0,,,,
32.232,7,Atta_7,200.8,1914.6,71.7,22.9,-0.9,,,,
32.232,8,Atta_8,578.7,2308.6,346.0,-36.1,4.3,,,,
32.232,9,Atta_9,759.5,2116.4,11.5,-46.8,-6.6,,,,
32.232,10,Atta_10,502.4,2579.8,334.2,-11.9,3.9,,,,
32.301,1,Atta_1,899.3,581.9,140.5,31.0,-0.8,,,,
32.301,2,Atta_2,1890.0,163.1,148.5,53.1,1.6,,,,
32.301,3,Atta_3,1252.4,360.7,33.3,72.6,2.2,,,,
32.301,4,Atta_4,743.8,590.7,50.4,-7.8,6.4,,,,
32.301,5,Atta_5,145.7,953.2,128.0,-41.7,-8.6,,,,
32.301,6,Atta_6,401.7,1964.6,197.9,-8.7,-2.5,,,,
32.301,7,Atta_7,222.1,1911.5,70.8,21.5,-0.9,,,,
32.301,8,Atta_8,570.9,2270.9,343.3,38.5,-2.7,,,,
32.301,9,Atta_9,786.1,2177.7,6.4,66.8,-5.1,,,,
32.301,10,Atta_10,520.6,2529.2,334.5,53.8,0.3,,,,
32.37,1,Atta_1,880.9,546.3,138.1,-40.1,-2.4,,,,
32.37,2,Atta_2,1900.1,151.9,151.2,-15.1,2.7,,,,
32.37,3,Atta_3,1191.3,360.7,39.8,-61.1,6.5,,,,
32.37,4,Atta_4,744.9,625.5,47.7,34.8,-2.7,,,,
32.37,5,Atta_5,119.2,980.7,128.8,38.2,0.8,,,,
32.37,6,Atta_6,400.9,1980.8,203.2,-16.2,5.3,,,,
32.37,7,Atta_7,236.0,1917.1,69.6,15.0,-1.2,,,,
32.37,8,Atta_8,572.2,2304.9,341.4,-34.0,-1.9,,,,
32.37,9,Atta_9,742.3,2097.0,8.6,-91.8,2.2,,,,
32.37,10,Atta_10,503.9,2547.5,339.0,-24.8,4.5,,,,
32.437,1,Atta_1,887.0,561.0,144.0,15.9,5.9,,,,
32.437,2,Atta_2,1869.1,232.6,149.6,86.4,-1.6,,,,
32.437,3,Atta_3,1239.4,404.3,42.3,64.9,2.5,,,,
32.437,4,Atta_4,786.5,651.7,46.0,49.2,-1.7,,,,
32.437,5,Atta_5,184.7,918.1,123.4,-90.6,-5.4,,,,
32.437,6,Atta_6,345.5,1988.1,200.2,55.9,-3.0,,,,
32.437,7,Atta_7,212.7,1905.9,73.2,-25.9,3.6,,,,
32.437,8,Atta_8,586.5,2374.3,341.5,-70.9,0.1,,,,
32.437,9,Atta_9,770.2,2139.0,9.9,50.4,1.3,,,,
32.437,10,Atta_10,531.4,2524.0,341.4,36.2,2.4,,,,
32.493,1,Atta_1,858.6,545.3,141.0,32.5,-3.0,,,,
32.493,2,Atta_2,1902.7,177.9,144.3,-64.2,-5.3,,,,
32.493,3,Atta_3,1209.5,391.5,46.4,-32.5,4.1,,,,
32.493,4,Atta_4,784.5,596.3,45.8,-55.4,-0.2,,,,
32.493,5,Atta_5,100.7,942.6,116.6,87.5,-6.8,,,,
32.493,6,Atta_6,375.9,1993.1,200.3,-30.8,0.1,,,,
32.493,7,Atta_7,265.2,1974.3,71.2,86.2,-2.0,,,,
32.493,8,Atta_8,626.8,2371.6,340.7,40.4,-0.8,,,,
32.493,9,Atta_9,831.5,2111.5,7.3,67.2,-2.6,,,,
32.493,10,Atta_10,494.9,2563.6,342.3,-53.9,0.9,,,,
32.543,1,Atta_1,876.8,581.2,150.9,40.2,9.9,,,,
32.543,2,Atta_2,1880.2,169.9,149.1,23.9,4.8,,,,
32.543,3,Atta_3,1267.9,378.5,50.2,59.8,3.8,,,,
32.543,4,Atta_4,828.7,659.6,46.6,77.2,0.8,,,,
32.543,5,Atta_5,183.6,1025.5,108.9,117.2,-7.7,,,,
32.543,6,Atta_6,364.9,1953.4,206.5,41.2,6.2,,,,
32.543,7,Atta_7,243.0,1914.3,72.8,-64.0,1.6,,,,
32.543,8,Atta_8,604.9,2353.1,344.2,-28.7,3.5,,,,
32.543,9,Atta_9,748.7,2194.5,8.1,-117.2,0.8,,,,
32.543,10,Atta_10,531.1,2567.2,344.0,36.4,1.7,,,,
32.614,1,Atta_1,899.6,594.7,157.0,-26.5,6.1,,,,
32.614,2,Atta_2,1870.2,203.5,147.9,35.1,-1.2,,,,
32.614,3,Atta_3,1257.5,288.5,53.7,-90.6,3.5,,,,
32.614,4,Atta_4,761.5,664.9,47.3,-67.4,0.7,,,,
32.614,5,Atta_5,175.2,919.8,106.8,-106.0,-2.1,,,,
32.614,6,Atta_6,387.4,1964.5,204.6,-25.1,-1.9,,,,
32.614,7,Atta_7,263.9,1960.6,76.1,50.8,3.3,,,,
32.614,8,Atta_8,655.7,2340.2,343.3,52.4,-0.9,,,,
32.614,9,Atta_9,780.7,2151.7,6.5,53.4,-1.6,,,,
32.614,10,Atta_10,476.9,2544.3,340.9,-58.8,-3.1,,,,
32.684,1,Atta_1,869.4,555.5,157.5,49.5,0.5,,,,
32.684,2,Atta_2,1815.1,245.4,147.7,69.2,-0.2,,,,
32.684,3,Atta_3,1208.9,410.2,64.0,131.0,10.3,,,,
32.684,4,Atta_4,799.6,653.9,50.7,39.7,3.4,,,,
32.684,5,Atta_5,186.0,898.3,101.0,-24.1,-5.8,,,,
32.684,6,Atta_6,419.5,1991.9,202.3,-42.2,-2.3,,,,
32.684,7,Atta_7,209.2,1955.9,74.8,-54.9,-1.3,,,,
32.684,8,Atta_8,615.7,2356.8,343.0,-43.3,-0.3,,,,
32.684,9,Atta_9,749.1,2131.3,7.9,-37.6,1.4,,,,
32.684,10,Atta_10,461.2,2563.9,341.5,-25.1,0.6,,,,
32.751,1,Atta_1,911.4,543.3,165.1,-43.7,7.6,,,,
32.751,2,Atta_2,1873.4,174.3,145.1,-91.9,-2.6,,,,
32.751,3,Atta_3,1202.6,376.0,64.1,-34.8,0.1,,,,
32.751,4,Atta_4,783.3,620.8,49.4,-36.9,-1.3,,,,
32.751,5,Atta_5,171.7,904.0,100.1,15.4,-0.9,,,,
32.751,6,Atta_6,389.2,2009.5,202.8,35.0,0.5,,,,
32.751,7,Atta_7,215.1,2016.3,69.9,60.7,-4.9,,,,
32.751,8,Atta_8,665.0,2306.0,345.4,70.8,2.4,,,,
32.751,9,Atta_9,797.5,2148.5,7.4,51.4,-0.5,,,,
32.751,10,Atta_10,487.0,2520.3,341.8,50.7,0.3,,,,
32.819,1,Atta_1,863.1,560.5,169.6,51.3,4.5,,,,
32.819,2,Atta_2,1820.6,180.8,144.7,53.2,-0.4,,,,
32.819,3,Atta_3,1176.0,369.4,71.9,-27.4,7.8,,,,
32.819,4,Atta_4,747.3,638.5,52.1,-40.1,2.7,,,,
32.819,5,Atta_5,157.8,930.4,90.8,29.8,-9.3,,,,
32.819,6,Atta_6,444.5,1995.4,205.2,-57.1,2.4,,,,
32.819,7,Atta_7,263.0,2008.0,67.7,48.6,-2.2,,,,
32.819,8,Atta_8,690.5,2344.3,342.3,46.0,-3.1,,,,
32.819,9,Atta_9,815.0,2146.1,6.5,17.7,-0.9,,,,
32.819,10,Atta_10,552.5,2535.5,342.0,67.2,0.2,,,,
32.888,2,Atta_2,1821.2,181.4,149.0,-0.8,4.3,,,,
32.888,3,Atta_3,1293.5,361.1,69.8,117.8,-2.1,,,,
32.888,4,Atta_4,794.6,656.4,57.2,50.6,5.1,,,,
32.888,5,Atta_5,207.0,878.6,89.2,-71.4,-1.6,,,,
32.888,6,Atta_6,450.3,2021.2,205.1,-26.4,-0.1,,,,
32.888,7,Atta_7,293.9,1991.1,73.2,-35.2,5.5,,,,
32.888,8,Atta_8,719.8,2331.2,343.1,32.1,0.8,,,,
32.888,9,Atta_9,833.0,2145.3,6.9,18.0,0.4,,,,
32.888,10,Atta_10,546.3,2562.9,341.0,-28.1,-1.0,,,,
32.953,1,Atta_1,838.3,514.2,181.9,52.5,12.3,,,,
32.953,2,Atta_2,1803.8,205.4,142.5,29.6,-6.5,,,,
32.953,3,Atta_3,1220.5,341.9,74.7,-75.5,4.9,,,,
32.953,4,Atta_4,713.1,618.8,63.7,-89.8,6.5,,,,
32.953,5,Atta_5,183.6,927.8,84.2,54.5,-5.0,,,,
32.953,6,Atta_6,458.0,1981.3,201.5,40.6,-3.6,,,,
32.953,7,Atta_7,248.4,1987.0,73.1,-45.7,-0.1,,,,
32.953,8,Atta_8,671.2,2293.8,342.2,-61.3,-0.9,,,,
32.953,9,Atta_9,813.9,2176.0,7.5,-36.2,0.6,,,,
32.953,10,Atta_10,500.4,2497.1,339.9,-80.2,-1.1,,,,
33.019,1,Atta_1,906.9,589.9,183.7,-102.2,1.8,,,,
33.019,2,Atta_2,1768.8,285.8,146.6,87.7,4.1,,,,
33.019,3,Atta_3,1166.3,357.7,82.3,56.5,7.6,,,,
33.019,4,Atta_4,758.8,695.6,63.2,89.4,-0.5,,,,
33.019,5,Atta_5,150.1,920.7,80.3,-34.2,-3.9,,,,
33.019,6,Atta_6,484.0,1991.0,204.3,-27.8,2.8,,,,
33.019,7,Atta_7,276.3,1992.9,68.6,28.5,-4.5,,,,
33.019,8,Atta_8,668.0,2312.1,343.8,-18.6,1.6,,,,
33.019,9,Atta_9,880.0,2174.7,7.7,66.1,0.2,,,,
33.019,10,Atta_10,551.5,2532.2,345.7,62.0,5.8,,,,
33.085,1,Atta_1,922.5,587.7,183.7,-15.8,0.0,,,,
33.085,2,Atta_2,1762.9,254.2,150.3,-32.1,3.7,,,,
33.085,3,Atta_3,1234.5,403.5,87.4,82.2,5.1,,,,
33.085,4,Atta_4,760.5,655.9,73.6,-39.7,10.4,,,,
33.085,5,Atta_5,88.3,905.5,81.2,-63.6,0.9,,,,
33.085,6,Atta_6,446.6,1982.4,202.8,38.4,-1.5,,,,
33.085,7,Atta_7,308.6,2057.9,68.1,72.6,-0.5,,,,
33.085,8,Atta_8,706.0,2310.1,344.0,38.1,0.2,,,,
33.085,9,Atta_9,839.4,2214.7,7.0,-57.0,-0.7,,,,
33.085,10,Atta_10,600.8,2594.3,343.7,79.3,-2.0,,,,
33.151,1,Atta_1,903.1,569.4,181.6,26.7,-2.1,,,,
33.151,2,Atta_2,1803.9,300.8,146.5,-62.1,-3.8,,,,
33.151,3,Atta_3,1249.1,320.0,92.4,-84.8,5.0,,,,
33.151,4,Atta_4,751.7,638.8,75.0,-19.2,1.4,,,,
33.151,5,Atta_5,174.5,945.2,81.9,94.9,0.7,,,,
33.151,6,Atta_6,445.6,1992.2,204.6,-9.9,1.8,,,,
33.151,7,Atta_7,264.3,2018.3,70.8,-59.4,2.7,,,,
33.151,8,Atta_8,736.6,2334.6,345.0,39.2,1.0,,,,
33.151,9,Atta_9,845.5,2166.2,6.5,48.9,-0.5,,,,
33.151,10,Atta_10,586.7,2542.0,340.4,54.2,-3.3,,,,
33.219,1,Atta_1,900.9,473.2,183.0,96.2,1.4,,,,
33.219,2,Atta_2,1802.5,239.5,148.4,-61.3,1.9,,,,
33.219,3,Atta_3,1238.8,405.8,88.9,86.4,-3.5,,,,
33.219,4,Atta_4,813.7,675.4,77.2,72.0,2.2,,,,
33.219,5,Atta_5,122.2,928.2,78.8,-55.0,-3.1,,,,
33.219,6,Atta_6,423.3,2026.6,203.7,41.0,-0.9,,,,
33.219,7,Atta_7,292.9,2015.5,71.5,28.7,0.7,,,,
33.219,8,Atta_8,661.3,2315.8,338.8,-77.6,-6.2,,,,
33.219,9,Atta_9,897.4,2134.5,8.3,60.8,1.8,,,,
33.219,10,Atta_10,581.8,2523.1,339.3,19.5,-1.1,,,,
33.348,1,Atta_1,854.7,547.7,181.8,87.7,-1.2,,,,
33.348,2,Atta_2,1740.2,269.5,142.8,69.1,-5.6,,,,
33.348,3,Atta_3,1157.4,448.0,90.1,91.7,1.2,,,,
33.348,4,Atta_4,820.4,647.0,82.5,-29.2,5.3,,,,
33.348,5,Atta_5,146.0,930.9,79.2,24.0,0.4,,,,
33.348,6,Atta_6,512.1,2060.4,205.1,-95.0,1.4,,,,
33.348,7,Atta_7,220.5,2093.0,68.4,106.1,-3.1,,,,
33.348,8,Atta_8,740.4,2252.5,340.2,101.3,1.4,,,,
33.348,9,Atta_9,868.4,2170.4,9.3,-46.1,1.0,,,,
33.348,10,Atta_10,623.4,2539.8,341.8,44.8,2.5,,,,
33.415,1,Atta_1,867.4,588.1,184.3,-42.3,2.5,,,,
33.415,2,Atta_2,1749.9,265.9,145.8,-10.3,3.0,,,,
33.415,3,Atta_3,1267.2,345.5,87.0,-150.2,-3.1,,,,
33.415,4,Atta_4,826.2,620.4,93.8,-27.2,11.3,,,,
33.415,5,Atta_5,169.2,940.7,81.2,25.2,2.0,,,,
33.415,6,Atta_6,491.5,2028.9,212.3,37.6,7.2,,,,
33.415,7,Atta_7,315.5,2108.4,69.3,96.2,0.9,,,,
33.415,8,Atta_8,789.5,2313.8,340.7,78.5,0.5,,,,
33.415,9,Atta_9,831.0,2148.8,7.1,-43.2,-2.2,,,,
33.415,10,Atta_10,628.7,2570.6,345.1,-31.3,3.3,,,,
33.485,1,Atta_1,864.1,540.5,180.5,47.7,-3.8,,,,
33.485,2,Atta_2,1731.2,283.3,149.2,25.5,3.4,,,,
33.485,3,Atta_3,1186.9,359.8,92.4,81.6,5.4,,,,
33.485,4,Atta_4,756.9,655.1,94.9,77.5,1.1,,,,
33.485,5,Atta_5,140.6,949.1,81.8,29.8,0.6,,,,
33.485,6,Atta_6,506.3,1973.0,217.2,57.8,4.9,,,,
33.485,7,Atta_7,250.7,2021.5,71.7,-108.4,2.4,,,,
33.485,8,Atta_8,775.3,2254.0,338.6,61.5,-2.1,,,,
33.485,9,Atta_9,914.4,2242.5,9.7,125.4,2.6,,,,
33.485,10,Atta_10,568.0,2540.5,347.9,-67.8,2.8,,,,
33.622,1,Atta_1,885.2,576.4,182.7,-41.6,2.2,,,,
33.622,2,Atta_2,1737.0,353.1,142.2,70.0,-7.0,,,,
33.622,3,Atta_3,1166.6,430.0,90.3,73.1,-2.1,,,,
33.622,4,Atta_4,815.5,671.4,101.4,60.8,6.5,,,,
33.622,5,Atta_5,148.1,921.2,81.5,-28.9,-0.3,,,,
33.622,6,Atta_6,526.2,2046.9,219.7,-76.5,2.5,,,,
33.622,7,Atta_7,255.8,2082.0,68.6,60.7,-3.1,,,,
33.622,8,Atta_8,726.3,2292.2,338.7,-62.1,0.1,,,,
33.622,9,Atta_9,894.6,2183.6,7.7,-62.1,-2.0,,,,
33.622,10,Atta_10,576.4,2455.7,353.1,85.2,5.2,,,,
33.692,2,Atta_2,1721.8,265.0,145.8,-89.4,3.6,,,,
33.692,3,Atta_3,1200.0,371.5,88.8,-67.4,-1.5,,,,
33.692,4,Atta_4,802.0,659.6,105.3,-17.9,3.9,,,,
33.692,5,Atta_5,227.6,985.0,84.0,101.9,2.5,,,,
33.692,6,Atta_6,489.0,2034.0,222.4,39.4,2.7,,,,
33.692,7,Atta_7,293.2,2108.1,68.4,45.6,-0.2,,,,
33.692,8,Atta_8,812.6,2294.8,343.2,86.3,4.5,,,,
33.692,9,Atta_9,931.1,2143.6,10.2,54.2,2.5,,,,
33.692,10,Atta_10,667.0,2549.1,359.0,130.1,5.9,,,,
33.751,1,Atta_1,807.5,532.7,181.0,89.1,-1.7,,,,
33.751,2,Atta_2,1751.9,228.8,140.6,-47.1,-5.2,,,,
33.751,3,Atta_3,1222.0,356.8,88.0,-26.5,-0.8,,,,
33.751,4,Atta_4,804.3,701.7,108.1,42.2,2.8,,,,
33.751,5,Atta_5,133.8,975.3,80.2,-94.3,-3.8,,,,
33.751,6,Atta_6,502.9,2015.1,226.2,23.5,3.8,,,,
33.751,7,Atta_7,270.5,2114.5,73.5,-23.6,5.1,,,,
33.751,8,Atta_8,827.4,2278.9,342.6,21.7,-0.6,,,,
33.751,9,Atta_9,954.1,2165.9,7.7,32.0,-2.5,,,,
33.751,10,Atta_10,586.3,2527.1,0.5,-83.6,1.5,,,,
33.821,1,Atta_1,831.6,573.5,183.1,-47.4,2.1,,,,
33.821,2,Atta_2,1794.6,212.2,144.5,-45.8,3.9,,,,
33.821,3,Atta_3,1258.0,398.6,93.0,55.2,5.0,,,,
33.821,4,Atta_4,773.3,717.5,114.0,34.8,5.9,,,,
33.821,5,Atta_5,170.4,985.9,79.1,38.1,-1.1,,,,
33.821,6,Atta_6,435.8,1998.1,234.4,69.2,8.2,,,,
33.821,7,Atta_7,254.9,2126.4,72.8,19.6,-0.7,,,,
33.821,8,Atta_8,791.5,2268.2,340.5,-37.5,-2.1,,,,
33.821,9,Atta_9,999.0,2144.9,8.5,49.6,0.8,,,,
33.821,10,Atta_10,616.9,2513.6,7.4,33.4,6.9,,,,
33.889,1,Atta_1,758.4,552.8,178.6,76.1,-4.5,,,,
33.889,2,Atta_2,1742.4,205.9,145.0,52.6,0.5,,,,
33.889,3,Atta_3,1220.4,430.7,91.3,49.4,-1.7,,,,
33.889,4,Atta_4,786.1,658.8,119.3,-60.1,5.3,,,,
33.889,5,Atta_5,187.2,1021.7,78.9,39.5,-0.2,,,,
33.889,6,Atta_6,484.2,2008.8,235.9,-49.6,1.5,,,,
33.889,7,Atta_7,292.2,2174.6,66.3,60.9,-6.5,,,,
33.889,8,Atta_8,784.0,2317.1,341.4,-49.5,0.9,,,,
33.889,9,Atta_9,999.3,2228.3,11.5,83.4,3.0,,,,
33.889,10,Atta_10,598.5,2472.6,13.2,-44.9,5.8,,,,
33.957,1,Atta_1,761.4,530.3,186.0,-22.7,7.4,,,,
33.957,2,Atta_2,1780.6,201.0,140.0,-38.5,-5.0,,,,
33.957,3,Atta_3,1260.8,457.9,89.8,48.7,-1.5,,,,
33.957,4,Atta_4,832.9,638.9,124.0,-50.9,4.7,,,,
33.957,5,Atta_5,156.8,1053.8,83.1,44.2,4.2,,,,
33.957,6,Atta_6,500.6,2076.5,243.2,-69.7,7.3,,,,
33.957,7,Atta_7,309.3,2163.9,65.2,-20.2,-1.1,,,,
33.957,8,Atta_8,779.0,2242.3,342.3,75.0,0.9,,,,
33.957,9,Atta_9,980.4,2210.3,10.2,-26.1,-1.3,,,,
33.957,10,Atta_10,576.1,2526.6,17.1,-58.5,3.9,,,,
34.02,1,Atta_1,806.3,525.8,188.7,-45.1,2.7,,,,
34.02,2,Atta_2,1787.9,258.2,144.1,57.7,4.1,,,,
34.02,3,Atta_3,1204.2,411.5,94.1,-73.2,4.3,,,,
34.02,4,Atta_4,757.0,711.5,126.1,105.0,2.1,,,,
34.02,5,Atta_5,154.2,1061.2,84.0,7.8,0.9,,,,
34.02,6,Atta_6,491.5,1993.8,244.4,83.2,1.2,,,,
34.02,7,Atta_7,346.1,2092.5,59.7,-80.3,-5.5,,,,
34.02,8,Atta_8,828.8,2208.4,344.1,60.2,1.8,,,,
34.02,9,Atta_9,1038.8,2173.6,10.4,69.0,0.2,,,,
34.02,10,Atta_10,598.1,2466.9,18.9,63.6,1.8,,,,
34.09,1,Atta_1,783.5,543.3,182.3,28.7,-6.4,,,,
34.09,2,Atta_2,1776.0,219.5,145.8,-40.5,1.7,,,,
34.09,3,Atta_3,1155.0,401.6,93.5,-50.2,-0.6,,,,
34.09,4,Atta_4,802.6,653.9,135.1,-73.5,9.0,,,,
34.09,5,Atta_5,144.3,1062.9,81.9,10.0,-2.1,,,,
34.09,6,Atta_6,468.1,2046.1,248.8,-57.3,4.4,,,,
34.09,7,Atta_7,269.2,2131.7,52.4,-86.3,-7.3,,,,
34.09,8,Atta_8,820.5,2269.3,342.6,-61.5,-1.5,,,,
34.09,9,Atta_9,1023.1,2157.5,9.8,-22.5,-0.6,,,,
34.09,10,Atta_10,572.6,2531.4,25.0,-69.4,6.1,,,,
34.16,1,Atta_1,718.1,540.6,182.3,65.5,0.0,,,,
34.16,2,Atta_2,1824.5,238.8,154.9,-52.2,9.1,,,,
34.16,3,Atta_3,1224.6,459.4,93.1,90.5,-0.4,,,,
34.16,4,Atta_4,787.6,645.1,138.4,17.4,3.3,,,,
34.16,5,Atta_5,107.3,1034.1,77.9,-46.9,-4.0,,,,
34.16,6,Atta_6,514.6,2054.3,253.2,-47.2,4.4,,,,
34.16,7,Atta_7,252.4,2140.9,50.8,-19.2,-1.6,,,,
34.16,8,Atta_8,844.0,2274.0,344.7,24.0,2.1,,,,
34.16,9,Atta_9,1025.0,2204.2,6.8,46.7,-3.0,,,,
34.16,10,Atta_10,575.2,2523.1,31.5,-8.7,6.5,,,,
34.213,1,Atta_1,796.8,604.6,185.3,-101.4,3.0,,,,
34.213,2,Atta_2,1827.5,223.0,160.1,-16.1,5.2,,,,
34.213,3,Atta_3,1219.4,485.9,94.0,27.0,0.9,,,,
34.213,4,Atta_4,770.6,691.6,135.1,49.5,-3.3,,,,
34.213,5,Atta_5,174.7,1045.1,71.8,68.3,-6.1,,,,
34.213,6,Atta_6,531.8,2009.5,259.3,48.0,6.1,,,,
34.213,7,Atta_7,280.3,2196.8,44.8,62.5,-6.0,,,,
34.213,8,Atta_8,841.6,2296.8,340.6,-22.9,-4.1,,,,
34.213,9,Atta_9,1069.5,2194.0,7.2,45.7,0.4,,,,
34.213,10,Atta_10,614.7,2512.3,37.5,40.9,6.0,,,,
34.283,1,Atta_1,734.3,578.2,184.1,67.8,-1.2,,,,
34.283,2,Atta_2,1789.8,226.5,164.7,37.9,4.6,,,,
34.283,3,Atta_3,1226.3,481.1,91.9,-8.4,-2.1,,,,
34.283,4,Atta_4,790.5,620.7,137.5,-73.6,2.4,,,,
34.283,5,Atta_5,225.1,1042.2,71.5,50.5,-0.3,,,,
34.283,7,Atta_7,275.3,2143.2,45.2,-53.8,0.4,,,,
34.283,8,Atta_8,925.4,2264.4,347.4,89.8,6.8,,,,
34.283,9,Atta_9,1067.7,2216.5,7.0,22.6,-0.2,,,,
34.283,10,Atta_10,623.2,2512.1,39.4,8.5,1.9,,,,
34.334,1,Atta_1,682.0,482.0,188.7,109.5,4.6,,,,
34.334,2,Atta_2,1785.1,273.9,163.4,47.6,-1.3,,,,
34.334,3,Atta_3,1247.5,466.2,91.9,-25.9,0.0,,,,
34.334,4,Atta_4,800.2,713.1,139.6,92.9,2.1,,,,
34.334,5,Atta_5,201.7,1029.7,65.5,-26.5,-6.0,,,,
34.334,6,Atta_6,496.1,1998.3,272.8,37.4,13.5,,,,
34.334,7,Atta_7,307.6,2179.9,40.1,48.9,-5.1,,,,
34.334,8,Atta_8,922.6,2235.8,344.0,28.7,-3.4,,,,
34.334,9,Atta_9,1085.0,2102.4,6.7,115.4,-0.3,,,,
34.334,10,Atta_10,596.2,2489.1,37.8,-35.5,-1.6,,,,
34.401,1,Atta_1,722.6,574.8,183.9,-101.3,-4.8,,,,
34.401,2,Atta_2,1862.6,204.0,171.9,-104.4,8.5,,,,
34.401,3,Atta_3,1308.2,520.6,85.4,81.5,-6.5,,,,
34.401,4,Atta_4,832.8,668.0,134.6,-55.6,-5.0,,,,
34.401,5,Atta_5,160.1,1014.3,62.2,-44.4,-3.3,,,,
34.401,6,Atta_6,514.6,2012.7,271.1,-23.4,-1.7,,,,
34.401,7,Atta_7,326.3,2191.9,30.0,22.2,-10.1,,,,
34.401,8,Atta_8,932.9,2292.1,344.0,-57.2,0.0,,,,
34.401,9,Atta_9,1084.8,2225.7,11.2,123.3,4.5,,,,
34.401,10,Atta_10,643.6,2524.3,47.6,59.0,9.8,,,,
34.452,1,Atta_1,692.8,562.5,184.1,32.2,0.2,,,,
34.452,2,Atta_2,1795.2,242.0,177.1,77.4,5.2,,,,
34.452,3,Atta_3,1203.5,496.1,93.4,-107.5,8.0,,,,
34.452,4,Atta_4,766.0,637.8,137.6,73.3,3.0,,,,
34.452,5,Atta_5,196.7,1022.8,54.0,37.6,-8.2,,,,
34.452,6,Atta_6,537.2,2055.6,276.9,-48.5,5.8,,,,
34.452,7,Atta_7,288.6,2199.0,26.6,-38.4,-3.4,,,,
34.452,8,Atta_8,925.9,2291.7,340.4,-7.0,-3.6,,,,
34.452,9,Atta_9,1029.0,2208.6,7.0,-58.4,-4.2,,,,
34.452,10,Atta_10,619.2,2518.3,52.7,-25.1,5.1,,,,
34.519,1,Atta_1,591.6,518.4,184.1,110.4,0.0,,,,
34.519,2,Atta_2,1805.6,179.4,182.0,-63.5,4.9,,,,
34.519,3,Atta_3,1210.1,485.6,90.6,-12.4,-2.8,,,,
34.519,4,Atta_4,789.9,694.6,142.1,61.6,4.5,,,,
34.519,5,Atta_5,266.8,1008.9,53.1,71.5,-0.9,,,,
34.519,6,Atta_6,495.7,1990.1,280.0,77.5,3.1,,,,
34.519,7,Atta_7,343.2,2169.9,22.3,61.9,-4.3,,,,
34.519,8,Atta_8,888.7,2270.5,339.7,-42.8,-0.7,,,,
34.519,9,Atta_9,1046.1,2179.8,6.7,33.5,-0.3,,,,
34.519,10,Atta_10,616.0,2493.6,55.8,-24.9,3.1,,,,
34.634,1,Atta_1,661.7,532.3,186.6,-71.5,2.5,,,,
34.634,2,Atta_2,1819.4,289.4,182.3,-110.9,0.3,,,,
34.634,3,Atta_3,1228.0,480.6,91.3,-18.6,0.7,,,,
34.634,4,Atta_4,792.1,684.9,145.8,-9.9,3.7,,,,
34.634,5,Atta_5,142.1,1029.6,42.8,-126.4,-10.3,,,,
34.634,6,Atta_6,474.6,2033.8,285.5,-48.5,5.5,,,,
34.634,7,Atta_7,238.5,2119.5,20.9,-116.2,-1.4,,,,
34.634,8,Atta_8,914.4,2236.6,341.4,42.5,1.7,,,,
34.634,9,Atta_9,988.5,2179.3,9.3,-57.6,2.6,,,,
34.634,10,Atta_10,628.5,2517.0,60.3,26.5,4.5,,,,
34.703,1,Atta_1,646.4,562.9,182.1,34.2,-4.5,,,,
34.703,2,Atta_2,1783.0,261.3,186.4,46.0,4.1,,,,
34.703,3,Atta_3,1242.7,476.2,89.7,-15.3,-1.6,,,,
34.703,4,Atta_4,734.5,620.7,154.8,86.3,9.0,,,,
34.703,5,Atta_5,207.6,1021.1,42.1,66.0,-0.7,,,,
34.703,6,Atta_6,511.5,1978.7,292.0,66.3,6.5,,,,
34.703,7,Atta_7,300.4,2188.5,17.4,92.7,-3.5,,,,
34.703,8,Atta_8,882.0,2177.5,338.8,-67.4,-2.6,,,,
34.703,9,Atta_9,933.6,2148.1,6.6,-63.1,-2.7,,,,
34.703,10,Atta_10,634.9,2547.4,66.4,31.1,6.1,,,,
34.773,1,Atta_1,690.7,592.4,184.5,-53.2,2.4,,,,
34.773,2,Atta_2,1820.6,200.4,194.0,-71.6,7.6,,,,
34.773,3,Atta_3,1245.8,400.3,91.8,-76.0,2.1,,,,
34.773,4,Atta_4,783.0,675.8,154.9,-73.4,0.1,,,,
34.773,5,Atta_5,164.9,1029.8,38.4,-43.6,-3.7,,,,
34.773,6,Atta_6,505.6,2032.5,294.8,-54.1,2.8,,,,
34.773,7,Atta_7,287.8,2193.6,13.3,-13.6,-4.1,,,,
34.773,8,Atta_8,870.0,2248.6,336.7,-72.1,-2.1,,,,
34.773,9,Atta_9,1019.1,2181.6,10.8,91.8,4.2,,,,
34.773,10,Atta_10,635.2,2523.5,70.1,-23.9,3.7,,,,
34.839,1,Atta_1,666.7,561.4,183.3,39.2,-1.2,,,,
34.839,2,Atta_2,1776.3,241.0,198.9,60.1,4.9,,,,
34.839,3,Atta_3,1199.2,367.6,90.5,-56.9,-1.3,,,,
34.839,4,Atta_4,849.0,664.4,163.1,-67.0,8.2,,,,
34.839,5,Atta_5,195.8,1037.0,31.3,31.7,-7.1,,,,
34.839,6,Atta_6,495.1,1987.5,296.1,46.2,1.3,,,,
34.839,7,Atta_7,312.3,2177.6,17.3,29.3,4.0,,,,
34.839,8,Atta_8,903.9,2296.2,342.6,58.4,5.9,,,,
34.839,9,Atta_9,1015.6,2157.6,6.3,-24.3,-4.5,,,,
34.839,10,Atta_10,599.5,2494.2,72.2,-46.2,2.1,,,,
34.907,1,Atta_1,651.2,507.2,185.4,56.4,2.1,,,,
34.907,2,Atta_2,1799.2,221.5,201.6,-30.1,2.7,,,,
34.907,3,Atta_3,1207.0,325.5,90.4,-42.8,-0.1,,,,
34.907,4,Atta_4,829.2,661.2,169.9,20.1,6.8,,,,
34.907,5,Atta_5,139.4,1064.2,30.3,-62.6,-1.0,,,,
34.907,6,Atta_6,428.7,2012.6,297.6,-71.0,1.5,,,,
34.907,7,Atta_7,337.9,2084.2,7.7,-96.8,-9.6,,,,
34.907,8,Atta_8,873.9,2289.6,338.5,-30.7,-4.1,,,,
34.907,9,Atta_9,977.9,2158.0,10.4,-37.7,4.1,,,,
34.907,10,Atta_10,564.2,2541.0,71.4,58.6,-0.8,,,,
34.958,1,Atta_1,593.3,550.6,182.5,72.4,-2.9,,,,
34.958,2,Atta_2,1818.0,234.1,199.1,-22.6,-2.5,,,,
34.958,3,Atta_3,1191.6,430.1,82.7,105.7,-7.7,,,,
34.958,4,Atta_4,811.9,655.8,168.7,18.1,-1.2,,,,
34.958,5,Atta_5,192.2,1011.5,26.4,74.6,-3.9,,,,
34.958,6,Atta_6,451.2,2066.1,296.2,-58.0,-1.4,,,,
34.958,7,Atta_7,311.6,2160.0,15.6,-80.2,7.9,,,,
34.958,8,Atta_8,869.1,2226.0,340.9,63.8,2.4,,,,
34.958,9,Atta_9,1016.4,2151.0,16.8,39.1,6.4,,,,
34.958,10,Atta_10,587.3,2524.6,68.3,-28.3,-3.1,,,,
35.028,1,Atta_1,640.6,615.5,183.6,-80.3,1.1,,,,
35.028,2,Atta_2,1795.6,233.5,200.3,22.4,1.2,,,,
35.028,3,Atta_3,1255.1,387.5,78.0,-76.5,-4.7,,,,
35.028,4,Atta_4,778.7,627.5,171.6,43.6,2.9,,,,
35.028,5,Atta_5,143.2,1092.4,21.6,-94.6,-4.8,,,,
35.028,6,Atta_6,450.1,2022.0,297.0,44.1,0.8,,,,
35.028,7,Atta_7,313.3,2126.9,13.3,-33.1,-2.3,,,,
35.028,8,Atta_8,861.3,2273.8,342.1,-48.4,1.2,,,,
35.028,9,Atta_9,1016.9,2164.6,20.1,13.6,3.3,,,,
35.028,10,Atta_10,578.9,2514.8,73.4,-12.9,5.1,,,,
35.094,1,Atta_1,612.6,540.6,185.5,80.0,1.9,,,,
35.094,2,Atta_2,1824.6,203.5,197.6,-41.7,-2.7,,,,
35.094,3,Atta_3,1223.6,443.8,74.5,64.5,-3.5,,,,
35.094,4,Atta_4,812.1,665.3,178.4,-50.4,6.8,,,,
35.094,5,Atta_5,119.8,1031.3,13.9,-65.4,-7.7,,,,
35.094,6,Atta_6,521.9,2006.0,294.2,73.6,-2.8,,,,
35.094,7,Atta_7,304.3,2182.4,8.6,56.2,-4.7,,,,
35.094,8,Atta_8,869.6,2297.1,344.5,24.7,2.4,,,,
35.094,9,Atta_9,968.3,2121.0,22.2,-65.3,2.1,,,,
35.094,10,Atta_10,550.0,2492.9,68.9,-36.3,-4.5,,,,
35.163,1,Atta_1,521.4,500.0,181.8,99.8,-3.7,,,,
35.163,2,Atta_2,1809.8,237.9,203.6,37.4,6.0,,,,
35.163,3,Atta_3,1125.2,434.4,68.3,-98.8,-6.2,,,,
35.163,4,Atta_4,778.4,632.5,181.4,47.0,3.0,,,,
35.163,5,Atta_5,123.7,1039.7,12.9,9.3,-1.0,,,,
35.163,6,Atta_6,493.1,2072.1,296.2,-72.1,2.0,,,,
35.163,7,Atta_7,281.2,2162.4,3.5,-30.6,-5.1,,,,
35.163,8,Atta_8,807.0,2228.3,351.0,-93.0,6.5,,,,
35.163,9,Atta_9,972.9,2235.2,28.1,114.3,5.9,,,,
35.163,10,Atta_10,607.5,2477.0,69.3,59.7,0.4,,,,
35.232,1,Atta_1,549.1,579.9,183.9,-84.6,2.1,,,,
35.232,2,Atta_2,1775.0,234.4,201.3,35.0,-2.3,,,,
35.232,3,Atta_3,1247.5,400.2,63.8,127.0,-4.5,,,,
35.232,4,Atta_4,780.9,646.3,179.9,-14.0,-1.5,,,,
35.232,5,Atta_5,190.3,1023.0,7.3,68.7,-5.6,,,,
35.232,6,Atta_6,522.1,2041.7,295.0,42.0,-1.2,,,,
35.232,7,Atta_7,334.7,2168.3,2.3,53.8,-1.2,,,,
35.232,8,Atta_8,839.9,2294.0,358.6,73.5,7.6,,,,
35.232,9,Atta_9,972.9,2130.9,30.8,-104.3,2.7,,,,
35.232,10,Atta_10,609.3,2524.5,67.3,47.5,-2.0,,,,
35.301,1,Atta_1,538.0,516.0,181.4,64.9,-2.5,,,,
35.301,2,Atta_2,1785.0,205.6,200.6,30.5,-0.7,,,,
35.301,3,Atta_3,1198.2,453.8,64.7,72.8,0.9,,,,
35.301,4,Atta_4,845.8,649.1,175.0,-65.0,-4.9,,,,
35.301,5,Atta_5,201.0,1013.7,3.5,14.2,-3.8,,,,
35.301,6,Atta_6,506.3,1962.3,297.2,81.0,2.2,,,,
35.301,7,Atta_7,328.9,2134.6,353.8,-34.2,-8.5,,,,
35.301,8,Atta_8,857.8,2240.2,358.4,56.7,-0.2,,,,
35.301,9,Atta_9,980.4,2234.7,34.8,104.1,4.0,,,,
35.301,10,Atta_10,614.2,2567.2,66.0,43.0,-1.3,,,,
35.367,1,Atta_1,508.7,565.0,185.3,57.1,3.9,,,,
35.367,2,Atta_2,1801.6,176.5,204.5,-33.5,3.9,,,,
35.367,3,Atta_3,1246.5,494.0,56.2,62.8,-8.5,,,,
35.367,4,Atta_4,812.7,654.7,175.3,33.6,0.3,,,,
35.367,5,Atta_5,227.0,1035.1,358.4,33.7,-5.1,,,,
35.367,6,Atta_6,543.0,1997.2,299.5,-50.6,2.3,,,,
35.367,7,Atta_7,271.2,2114.0,353.9,-61.3,0.1,,,,
35.367,8,Atta_8,773.9,2282.7,4.5,-94.1,6.1,,,,
35.367,9,Atta_9,992.2,2159.0,43.5,-76.6,8.7,,,,
35.367,10,Atta_10,609.3,2562.4,72.1,-6.9,6.1,,,,
35.435,1,Atta_1,589.4,549.8,183.3,-82.1,-2.0,,,,
35.435,2,Atta_2,1761.2,246.0,202.3,80.4,-2.2,,,,
35.435,3,Atta_3,1253.1,410.6,52.7,-83.7,-3.5,,,,
35.435,4,Atta_4,761.2,672.8,181.5,54.6,6.2,,,,
35.435,5,Atta_5,206.6,1035.0,353.0,-20.4,-5.4,,,,
35.435,6,Atta_6,560.6,1951.6,296.9,48.9,-2.6,,,,
35.435,7,Atta_7,333.2,2178.0,350.6,89.1,-3.3,,,,
35.435,8,Atta_8,920.6,2238.1,8.6,153.3,4.1,,,,
35.435,9,Atta_9,1016.5,2157.7,47.2,24.3,3.7,,,,
35.435,10,Atta_10,645.9,2533.4,67.5,-46.7,-4.6,,,,
35.505,1,Atta_1,469.3,516.4,186.1,124.7,2.8,,,,
35.505,2,Atta_2,1744.0,233.8,199.3,21.1,-3.0,,,,
35.505,3,Atta_3,1241.9,482.3,46.8,72.6,-5.9,,,,
35.505,4,Atta_4,811.1,675.2,184.0,-50.0,2.5,,,,
35.505,5,Atta_5,171.9,1017.6,346.0,-38.8,-7.0,,,,
35.505,6,Atta_6,472.6,1946.9,297.3,-88.1,0.4,,,,
35.505,7,Atta_7,346.0,2148.8,341.5,31.9,-9.1,,,,
35.505,8,Atta_8,816.4,2237.0,12.8,-104.2,4.2,,,,
35.505,9,Atta_9,996.5,2211.7,54.3,57.6,7.1,,,,
35.505,10,Atta_10,657.8,2554.5,67.4,24.2,-0.1,,,,
35.572,1,Atta_1,552.2,500.6,177.0,-84.4,-9.1,,,,
35.572,2,Atta_2,1732.5,210.2,199.1,26.3,-0.2,,,,
35.572,3,Atta_3,1168.0,377.2,44.6,-128.5,-2.2,,,,
35.572,4,Atta_4,821.5,682.5,191.3,-12.7,7.3,,,,
35.572,5,Atta_5,160.6,1045.9,344.1,-30.5,-1.9,,,,
35.572,6,Atta_6,520.0,1912.9,297.9,58.3,0.6,,,,
35.572,7,Atta_7,315.3,2184.4,337.5,-47.0,-4.0,,,,
35.572,8,Atta_8,819.3,2269.3,16.4,32.4,3.6,,,,
35.572,9,Atta_9,979.9,2189.5,61.2,-27.7,6.9,,,,
35.572,10,Atta_10,608.9,2549.8,72.4,-49.1,5.0,,,,
35.638,1,Atta_1,565.6,554.3,172.9,-55.3,-4.1,,,,
35.638,2,Atta_2,1681.8,245.7,199.3,61.9,0.2,,,,
35.638,3,Atta_3,1250.4,434.1,38.2,100.1,-6.4,,,,
35.638,4,Atta_4,801.8,653.8,194.4,34.8,3.1,,,,
35.638,5,Atta_5,190.1,1035.0,342.2,31.4,-1.9,,,,
35.638,6,Atta_6,505.2,1953.5,296.9,-43.2,-1.0,,,,
35.638,7,Atta_7,274.0,2139.2,332.9,-61.2,-4.6,,,,
35.638,8,Atta_8,840.6,2274.0,25.4,21.8,9.0,,,,
35.638,9,Atta_9,944.3,2165.1,59.7,-43.2,-1.5,,,,
35.638,10,Atta_10,654.8,2583.6,65.8,57.0,-6.6,,,,
35.71,1,Atta_1,500.8,499.8,168.3,84.7,-4.6,,,,
35.71,2,Atta_2,1772.1,205.9,199.6,-98.7,0.3,,,,
35.71,3,Atta_3,1259.4,417.6,35.4,-18.8,-2.8,,,,
35.71,4,Atta_4,770.7,649.6,198.2,31.4,3.8,,,,
35.71,5,Atta_5,176.2,1076.6,335.3,-43.9,-6.9,,,,
35.71,6,Atta_6,573.5,1938.9,296.6,69.8,-0.3,,,,
35.71,7,Atta_7,251.4,2149.3,330.9,-24.8,-2.0,,,,
35.71,8,Atta_8,863.5,2225.0,25.1,-54.1,-0.3,,,,
35.71,9,Atta_9,1045.9,2191.7,64.3,105.0,4.6,,,,
35.71,10,Atta_10,629.3,2623.9,71.9,47.7,6.1,,,,
35.764,1,Atta_1,545.1,514.7,165.4,-46.7,-2.9,,,,
35.764,2,Atta_2,1721.7,215.0,201.5,51.2,1.9,,,,
35.764,3,Atta_3,1242.9,446.4,30.5,33.2,-4.9,,,,
35.764,4,Atta_4,751.5,693.1,202.0,47.5,3.8,,,,
35.764,5,Atta_5,144.4,1040.4,330.0,-48.2,-5.3,,,,
35.764,6,Atta_6,550.9,1933.1,296.4,-23.3,-0.2,,,,
35.764,7,Atta_7,299.7,2188.0,324.5,61.9,-6.4,,,,
35.764,8,Atta_8,893.5,2274.3,33.2,57.7,8.1,,,,
35.764,9,Atta_9,1001.6,2215.3,64.5,50.2,0.2,,,,
35.764,10,Atta_10,653.4,2624.9,71.7,24.1,-0.2,,,,
35.834,1,Atta_1,535.1,559.6,162.7,46.0,-2.7,,,,
35.834,2,Atta_2,1732.6,190.1,201.5,-27.2,0.0,,,,
35.834,3,Atta_3,1206.8,426.0,32.7,-41.5,2.2,,,,
35.834,4,Atta_4,795.2,662.4,207.6,-53.4,5.6,,,,
35.834,5,Atta_5,169.5,1052.2,325.7,27.7,-4.3,,,,
35.834,6,Atta_6,527.1,1893.0,299.0,46.6,2.6,,,,
35.834,7,Atta_7,277.4,2206.4,318.7,-28.9,-5.8,,,,
35.834,8,Atta_8,858.3,2297.7,35.4,-42.3,2.2,,,,
35.834,9,Atta_9,1019.2,2207.4,65.2,19.3,0.7,,,,
35.834,10,Atta_10,663.9,2602.0,66.8,-25.2,-4.9,,,,
35.901,1,Atta_1,559.5,562.8,153.5,-24.6,-9.2,,,,
35.901,2,Atta_2,1681.1,103.2,201.5,101.0,0.0,,,,
35.901,3,Atta_3,1228.8,422.3,33.5,22.3,0.8,,,,
35.901,4,Atta_4,850.0,706.2,210.1,-70.2,2.5,,,,
35.901,5,Atta_5,197.1,1056.6,319.3,27.9,-6.4,,,,
35.901,6,Atta_6,559.2,1853.9,296.2,50.6,-2.8,,,,
35.901,7,Atta_7,299.0,2192.1,314.6,25.9,-4.1,,,,
35.901,8,Atta_8,836.3,2277.5,39.6,-29.9,4.2,,,,
35.901,9,Atta_9,960.6,2111.9,63.8,-112.0,-1.4,,,,
35.901,10,Atta_10,655.7,2653.7,71.7,52.3,4.9,,,,
35.972,1,Atta_1,547.0,529.7,150.7,-35.4,-2.8,,,,
35.972,2,Atta_2,1697.5,182.9,204.5,-81.4,3.0,,,,
35.972,3,Atta_3,1280.6,418.3,33.3,52.0,-0.2,,,,
35.972,4,Atta_4,781.5,637.5,216.4,97.0,6.3,,,,
35.972,5,Atta_5,192.2,1010.5,317.5,46.4,-1.8,,,,
35.972,6,Atta_6,534.8,1857.1,296.3,-24.6,0.1,,,,
35.972,7,Atta_7,290.2,2156.0,306.7,37.2,-7.9,,,,
35.972,8,Atta_8,859.5,2258.1,37.3,30.2,-2.3,,,,
35.972,9,Atta_9,945.4,2147.7,63.8,38.9,0.0,,,,
35.972,10,Atta_10,671.0,2640.2,71.0,-20.4,-0.7,,,,
36.04,1,Atta_1,530.6,573.9,145.9,47.1,-4.8,,,,
36.04,2,Atta_2,1674.7,174.6,209.3,24.3,4.8,,,,
36.04,3,Atta_3,1225.2,420.9,33.5,-55.5,0.2,,,,
36.04,4,Atta_4,841.5,652.2,220.9,-61.8,4.5,,,,
36.04,5,Atta_5,122.7,1114.4,310.5,-125.0,-7.0,,,,
36.04,6,Atta_6,570.3,1823.6,296.6,48.8,0.3,,,,
36.04,7,Atta_7,294.8,2167.5,307.4,-12.4,0.7,,,,
36.04,8,Atta_8,828.1,2285.9,35.1,-41.9,-2.2,,,,
36.04,9,Atta_9,971.6,2191.4,69.5,51.0,5.7,,,,
36.04,10,Atta_10,665.1,2696.4,69.4,56.5,-1.6,,,,
36.1,1,Atta_1,531.2,538.9,144.3,-35.0,-1.6,,,,
36.1,2,Atta_2,1678.6,194.4,211.5,-20.2,2.2,,,,
36.1,3,Atta_3,1287.9,432.7,30.8,63.8,-2.7,,,,
36.1,4,Atta_4,792.2,620.4,219.9,58.7,-1.0,,,,
36.1,5,Atta_5,141.8,1042.2,310.5,74.7,0.0,,,,
36.1,6,Atta_6,572.7,1856.2,295.3,-32.7,-1.3,,,,
36.1,7,Atta_7,307.2,2102.6,300.2,66.1,-7.2,,,,
36.1,8,Atta_8,830.4,2292.2,37.0,6.7,1.9,,,,
36.1,9,Atta_9,986.4,2228.2,63.5,39.7,-6.0,,,,
36.1,10,Atta_10,662.1,2678.2,71.8,-18.4,2.4,,,,
36.17,1,Atta_1,533.6,499.0,133.6,-40.0,-10.7,,,,
36.17,2,Atta_2,1675.8,199.5,217.1,-5.8,5.6,,,,
36.17,3,Atta_3,1255.7,405.5,29.2,-42.2,-1.6,,,,
36.17,4,Atta_4,776.0,677.1,223.0,-59.0,3.1,,,,
36.17,5,Atta_5,194.6,1073.4,308.4,61.3,-2.1,,,,
36.17,6,Atta_6,586.4,1870.3,298.4,-19.7,3.1,,,,
36.17,7,Atta_7,301.8,2145.2,301.0,-42.9,0.8,,,,
36.17,8,Atta_8,821.3,2368.6,32.8,76.9,-4.2,,,,
36.17,9,Atta_9,1006.6,2198.5,65.9,-35.9,2.4,,,,
36.17,10,Atta_10,661.4,2623.7,71.7,-54.5,-0.1,,,,
36.238,1,Atta_1,565.4,531.9,133.0,45.8,-0.6,,,,
36.238,2,Atta_2,1648.4,166.5,224.4,42.9,7.3,,,,
36.238,3,Atta_3,1313.7,484.5,33.7,98.0,4.5,,,,
36.238,4,Atta_4,768.3,670.8,219.6,9.9,-3.4,,,,
36.238,5,Atta_5,165.0,1037.2,314.7,46.8,6.3,,,,
36.238,6,Atta_6,546.4,1823.8,295.7,61.3,-2.7,,,,
36.238,7,Atta_7,294.0,2147.2,297.4,-8.1,-3.6,,,,
36.238,8,Atta_8,838.6,2289.0,36.0,-81.5,3.2,,,,
36.238,9,Atta_9,990.1,2188.9,65.7,-19.1,-0.2,,,,
36.238,10,Atta_10,694.5,2707.2,64.4,89.8,-7.3,,,,
36.306,1,Atta_1,537.4,517.6,125.1,31.4,-7.9,,,,
36.306,2,Atta_2,1624.1,164.1,231.1,24.4,6.7,,,,
36.306,3,Atta_3,1263.7,408.9,36.4,-90.6,2.7,,,,
36.306,4,Atta_4,800.6,650.7,220.8,-38.0,1.2,,,,
36.306,5,Atta_5,185.9,1073.7,306.8,-42.1,-7.9,,,,
36.306,6,Atta_6,612.8,1877.0,297.5,-85.1,1.8,,,,
36.306,7,Atta_7,300.1,2180.5,288.5,-33.9,-8.9,,,,
36.306,8,Atta_8,819.6,2293.6,32.2,-19.5,-3.8,,,,
36.306,9,Atta_9,1028.6,2199.6,68.0,40.0,2.3,,,,
36.306,10,Atta_10,653.8,2637.3,67.2,-80.9,2.8,,,,
36.373,1,Atta_1,518.4,549.9,120.7,37.5,-4.4,,,,
36.373,2,Atta_2,1659.3,146.8,230.8,-39.2,-0.3,,,,
36.373,3,Atta_3,1337.4,459.3,35.4,89.3,-1.0,,,,
36.373,4,Atta_4,807.5,669.8,221.8,-20.3,1.0,,,,
36.373,5,Atta_5,165.5,1046.4,311.0,34.1,4.2,,,,
36.373,6,Atta_6,583.8,1889.9,296.4,-31.7,-1.1,,,,
36.373,7,Atta_7,358.0,2183.9,286.3,58.0,-2.2,,,,
36.373,8,Atta_8,849.3,2287.6,36.9,30.3,4.7,,,,
36.373,9,Atta_9,1014.8,2242.7,68.6,45.3,0.6,,,,
36.373,10,Atta_10,709.6,2711.2,66.9,92.6,-0.3,,,,
36.441,1,Atta_1,513.2,518.6,120.2,-31.7,-0.5,,,,
36.441,2,Atta_2,1709.0,135.9,235.6,-50.9,4.8,,,,
36.441,3,Atta_3,1257.3,455.8,35.2,-80.2,-0.2,,,,
36.441,4,Atta_4,768.4,675.0,221.4,39.4,-0.4,,,,
36.441,5,Atta_5,166.3,1023.7,308.8,22.7,-2.2,,,,
36.441,6,Atta_6,620.6,1831.8,295.3,68.8,-1.1,,,,
36.441,7,Atta_7,287.4,2101.0,278.4,108.9,-7.9,,,,
36.441,8,Atta_8,868.7,2278.0,33.2,21.6,-3.7,,,,
36.441,9,Atta_9,1032.8,2220.8,66.2,-28.3,-2.4,,,,
36.441,10,Atta_10,678.8,2721.7,68.8,-32.5,1.9,,,,
36.507,1,Atta_1,534.7,487.1,118.6,-38.1,-1.6,,,,
36.507,2,Atta_2,1631.1,161.9,241.8,82.1,6.2,,,,
36.507,3,Atta_3,1300.1,435.5,37.8,47.4,2.6,,,,
36.507,4,Atta_4,793.0,673.3,219.3,-24.7,-2.1,,,,
36.507,5,Atta_5,183.9,983.7,307.6,43.7,-1.2,,,,
36.507,6,Atta_6,616.5,1796.8,297.2,35.2,1.9,,,,
36.507,7,Atta_7,329.5,2143.2,273.8,-59.6,-4.6,,,,
36.507,8,Atta_8,821.2,2311.0,36.1,-57.8,2.9,,,,
36.507,9,Atta_9,1046.3,2273.4,66.5,54.3,0.3,,,,
36.507,10,Atta_10,670.1,2665.0,66.4,-57.4,-2.4,,,,
36.573,1,Atta_1,510.4,531.7,109.7,50.8,-8.9,,,,
36.573,2,Atta_2,1689.8,218.5,244.9,-81.5,3.1,,,,
36.573,3,Atta_3,1292.7,481.8,37.0,46.9,-0.8,,,,
36.573,4,Atta_4,707.8,683.0,220.3,85.8,1.0,,,,
36.573,5,Atta_5,166.2,1022.5,310.7,-42.6,3.1,,,,
36.573,6,Atta_6,660.8,1866.3,297.3,-82.4,0.1,,,,
36.573,7,Atta_7,298.4,2152.1,269.7,-32.3,-4.1,,,,
36.573,8,Atta_8,852.6,2320.0,36.0,32.7,-0.1,,,,
36.573,9,Atta_9,1023.0,2288.8,64.3,27.9,-2.2,,,,
36.573,10,Atta_10,685.8,2646.0,62.7,-24.6,-3.7,,,,
36.64,1,Atta_1,565.6,521.3,104.5,-56.2,-5.2,,,,
36.64,2,Atta_2,1715.3,187.7,247.1,40.0,2.2,,,,
36.64,3,Atta_3,1300.2,479.0,32.0,8.0,-5.0,,,,
36.64,4,Atta_4,713.4,600.7,219.9,82.5,-0.4,,,,
36.64,5,Atta_5,197.6,1008.9,311.0,34.2,0.3,,,,
36.64,6,Atta_6,542.6,1775.5,298.2,149.0,0.9,,,,
36.64,7,Atta_7,293.2,2175.6,268.1,-24.1,-1.6,,,,
36.64,8,Atta_8,874.8,2360.7,32.7,46.4,-3.3,,,,
36.64,9,Atta_9,978.5,2199.3,65.7,-100.0,1.4,,,,
36.64,10,Atta_10,617.7,2647.6,69.8,-68.1,7.1,,,,
36.706,1,Atta_1,526.6,545.7,101.1,46.0,-3.4,,,,
36.706,2,Atta_2,1677.9,222.3,252.8,-51.0,5.7,,,,
36.706,3,Atta_3,1312.2,495.2,30.5,20.2,-1.5,,,,
36.706,4,Atta_4,764.5,644.5,222.6,-67.3,2.7,,,,
36.706,5,Atta_5,195.3,982.8,308.8,26.2,-2.2,,,,
36.706,6,Atta_6,733.0,1839.0,297.1,200.7,-1.1,,,,
36.706,7,Atta_7,311.9,2175.2,264.7,-18.7,-3.4,,,,
36.706,8,Atta_8,899.8,2313.2,34.6,-53.7,1.9,,,,
36.706,9,Atta_9,1016.2,2198.7,68.4,37.7,2.7,,,,
36.706,10,Atta_10,626.3,2623.1,67.5,-26.0,-2.3,,,,
36.772,1,Atta_1,561.1,540.4,95.5,-34.9,-5.6,,,,
36.772,2,Atta_2,1683.5,185.7,258.2,37.0,5.4,,,,
36.772,3,Atta_3,1354.5,434.2,35.5,74.2,5.0,,,,
36.772,4,Atta_4,775.9,600.6,220.6,45.4,-2.0,,,,
36.772,5,Atta_5,235.6,1008.9,313.1,48.0,4.3,,,,
36.772,6,Atta_6,628.5,1717.9,298.0,160.0,0.9,,,,
36.772,7,Atta_7,341.6,2172.1,257.8,29.9,-6.9,,,,
36.772,8,Atta_8,914.8,2378.9,39.9,67.4,5.3,,,,
36.772,9,Atta_9,1073.8,2282.8,63.1,101.9,-5.3,,,,
36.772,10,Atta_10,692.7,2640.6,67.7,68.7,0.2,,,,
36.838,1,Atta_1,539.0,462.4,94.9,-81.1,-0.6,,,,
36.838,2,Atta_2,1682.2,177.5,264.4,8.3,6.2,,,,
36.838,3,Atta_3,1318.4,503.2,35.8,77.9,0.3,,,,
36.838,4,Atta_4,715.7,610.3,221.5,61.0,0.9,,,,
36.838,5,Atta_5,243.4,947.2,310.2,62.2,-2.9,,,,
36.838,6,Atta_6,599.9,1807.6,298.1,-94.1,0.1,,,,
36.838,7,Atta_7,279.5,2152.4,254.3,65.1,-3.5,,,,
36.838,8,Atta_8,963.9,2345.2,34.0,59.6,-5.9,,,,
36.838,9,Atta_9,1056.2,2291.5,60.5,-19.6,-2.6,,,,
36.838,10,Atta_10,568.7,2679.6,59.1,-130.0,-8.6,,,,
36.904,1,Atta_1,533.2,596.5,99.4,134.2,4.5,,,,
36.904,2,Atta_2,1666.2,166.9,264.0,19.2,-0.4,,,,
36.904,3,Atta_3,1332.7,494.4,41.1,16.8,5.3,,,,
36.904,4,Atta_4,685.3,645.7,222.0,-46.7,0.5,,,,
36.904,5,Atta_5,191.4,1002.3,315.3,-75.8,5.1,,,,
36.904,6,Atta_6,690.3,1724.2,297.5,123.0,-0.6,,,,
36.904,7,Atta_7,337.1,2187.8,249.8,-67.6,-4.5,,,,
36.904,8,Atta_8,959.5,2424.5,34.2,79.4,0.2,,,,
36.904,9,Atta_9,1026.8,2295.5,55.3,-29.7,-5.2,,,,
36.904,10,Atta_10,625.6,2651.7,59.5,63.4,0.4,,,,
36.973,1,Atta_1,497.6,545.2,98.3,-62.4,-1.1,,,,
36.973,2,Atta_2,1656.8,189.5,273.5,-24.5,9.5,,,,
36.973,3,Atta_3,1390.7,524.7,50.7,65.4,9.6,,,,
36.973,4,Atta_4,687.5,606.7,222.2,39.1,0.2,,,,
36.973,5,Atta_5,166.7,1024.4,311.1,-33.1,-4.2,,,,
36.973,6,Atta_6,653.0,1776.2,304.5,-64.0,7.0,,,,
36.973,7,Atta_7,269.3,2095.6,241.0,114.4,-8.8,,,,
36.973,8,Atta_8,959.4,2280.4,28.5,-144.1,-5.7,,,,
36.973,9,Atta_9,1030.0,2304.9,54.7,9.9,-0.6,,,,
36.973,10,Atta_10,626.5,2653.9,49.6,2.4,-9.9,,,,
37.038,1,Atta_1,479.6,577.8,94.1,37.2,-4.2,,,,
37.038,2,Atta_2,1652.6,186.0,275.9,5.5,2.4,,,,
37.038,3,Atta_3,1352.3,473.3,51.2,-64.2,0.5,,,,
37.038,4,Atta_4,715.6,668.3,222.8,-67.7,0.6,,,,
37.038,5,Atta_5,231.0,938.5,309.8,107.3,-1.3,,,,
37.038,6,Atta_6,633.1,1764.1,309.0,-23.3,4.5,,,,
37.038,7,Atta_7,293.9,2180.7,240.9,-88.6,-0.1,,,,
37.038,8,Atta_8,973.8,2381.5,23.9,102.1,-4.6,,,,
37.038,9,Atta_9,1040.3,2288.6,45.2,-19.3,-9.5,,,,
37.038,10,Atta_10,651.2,2575.4,44.0,-82.3,-5.6,,,,
37.104,1,Atta_1,559.4,546.2,98.0,-85.8,3.9,,,,
37.104,2,Atta_2,1698.4,185.5,278.5,45.8,2.6,,,,
37.104,3,Atta_3,1302.1,518.3,56.7,67.4,5.5,,,,
37.104,4,Atta_4,648.3,594.3,218.9,100.0,-3.9,,,,
37.104,5,Atta_5,230.7,927.0,311.2,11.5,1.4,,,,
37.104,6,Atta_6,637.0,1808.5,315.2,-44.6,6.2,,,,
37.104,7,Atta_7,334.1,2235.0,235.9,-67.6,-5.0,,,,
37.104,8,Atta_8,944.3,2338.2,20.9,-52.4,-3.0,,,,
37.104,9,Atta_9,1076.0,2265.1,40.2,42.7,-5.0,,,,
37.104,10,Atta_10,601.3,2655.1,39.5,94.0,-4.5,,,,
37.235,1,Atta_1,519.2,564.8,98.8,44.3,0.8,,,,
37.235,2,Atta_2,1696.5,212.7,285.6,-27.3,7.1,,,,
37.235,3,Atta_3,1378.4,504.2,64.3,77.6,7.6,,,,
37.235,4,Atta_4,693.5,481.9,217.2,121.1,-1.7,,,,
37.235,5,Atta_5,238.7,975.4,309.2,-49.1,-2.0,,,,
37.235,6,Atta_6,684.1,1743.2,322.8,80.5,7.6,,,,
37.235,7,Atta_7,313.3,2168.2,224.3,70.0,-11.6,,,,
37.235,8,Atta_8,912.1,2386.9,9.8,-58.4,-11.1,,,,
37.235,9,Atta_9,1072.3,2283.5,33.5,18.8,-6.7,,,,
37.235,10,Atta_10,610.6,2590.6,30.3,-65.2,-9.2,,,,
37.301,1,Atta_1,548.8,551.3,94.5,-32.5,-4.3,,,,
37.301,2,Atta_2,1742.7,178.7,290.1,57.4,4.5,,,,
37.301,3,Atta_3,1333.2,467.3,71.1,-58.3,6.8,,,,
37.301,4,Atta_4,712.1,545.9,220.9,-66.6,3.7,,,,
37.301,5,Atta_5,213.0,977.8,311.1,-25.8,1.9,,,,
37.301,6,Atta_6,707.3,1731.9,325.4,25.8,2.6,,,,
37.301,7,Atta_7,281.3,2194.0,224.3,41.1,0.0,,,,
37.301,8,Atta_8,924.7,2329.2,10.6,59.1,0.8,,,,
37.301,9,Atta_9,998.7,2274.8,28.0,-74.1,-5.5,,,,
37.301,10,Atta_10,635.9,2683.0,30.8,95.8,0.5,,,,
37.417,1,Atta_1,522.1,663.0,98.3,114.8,3.8,,,,
37.417,2,Atta_2,1676.0,197.2,285.5,-69.2,-4.6,,,,
37.417,3,Atta_3,1285.1,523.1,72.6,73.7,1.5,,,,
37.417,4,Atta_4,674.1,547.5,218.4,38.0,-2.5,,,,
37.417,5,Atta_5,251.5,916.0,312.1,72.8,1.0,,,,
37.417,6,Atta_6,633.3,1706.4,328.8,-78.3,3.4,,,,
37.417,7,Atta_7,310.7,2110.2,218.7,88.8,-5.6,,,,
37.417,8,Atta_8,927.0,2316.4,4.4,-13.0,-6.2,,,,
37.417,9,Atta_9,1019.7,2283.1,21.5,22.6,-6.5,,,,
37.417,10,Atta_10,658.5,2592.8,25.6,-93.0,-5.2,,,,
37.47,1,Atta_1,512.2,605.9,97.1,-58.0,-1.2,,,,
37.47,2,Atta_2,1697.7,159.0,286.6,43.9,1.1,,,,
37.47,3,Atta_3,1334.7,485.8,77.0,-62.1,4.4,,,,
37.47,4,Atta_4,636.9,538.6,220.2,38.2,1.8,,,,
37.47,5,Atta_5,277.6,890.2,312.3,36.7,0.2,,,,
37.47,6,Atta_6,646.5,1750.9,335.1,-46.4,6.3,,,,
37.47,7,Atta_7,321.9,2176.5,212.2,-67.2,-6.5,,,,
37.47,8,Atta_8,980.3,2363.7,0.0,71.3,-4.4,,,,
37.47,9,Atta_9,1038.5,2259.1,24.5,30.5,3.0,,,,
37.47,10,Atta_10,621.7,2623.9,23.5,-48.2,-2.1,,,,
37.536,1,Atta_1,524.7,609.5,97.7,13.0,0.6,,,,
37.536,2,Atta_2,1715.0,213.2,289.3,-56.9,2.7,,,,
37.536,3,Atta_3,1309.9,470.8,86.2,-29.0,9.2,,,,
37.536,4,Atta_4,625.0,538.3,221.5,11.9,1.3,,,,
37.536,5,Atta_5,227.6,893.9,310.9,-50.1,-1.4,,,,
37.536,6,Atta_6,624.0,1794.6,340.5,-49.2,5.4,,,,
37.536,7,Atta_7,258.4,2167.4,209.6,64.1,-2.6,,,,
37.536,8,Atta_8,979.1,2333.7,354.3,-30.0,-5.7,,,,
37.536,9,Atta_9,983.4,2285.5,23.5,-61.1,-1.0,,,,
37.536,10,Atta_10,636.3,2631.8,13.8,16.6,-9.7,,,,
37.602,1,Atta_1,521.3,588.5,93.4,-21.3,-4.3,,,,
37.602,2,Atta_2,1700.8,174.1,287.0,41.6,-2.3,,,,
37.602,3,Atta_3,1343.4,512.1,88.0,53.2,1.8,,,,
37.602,4,Atta_4,641.4,544.4,223.4,-17.5,1.9,,,,
37.602,5,Atta_5,315.5,896.8,310.7,87.9,-0.2,,,,
37.602,6,Atta_6,621.4,1726.8,344.4,67.8,3.9,,,,
37.602,7,Atta_7,299.9,2152.7,203.3,-44.0,-6.3,,,,
37.602,8,Atta_8,964.1,2363.2,355.5,-33.1,1.2,,,,
37.602,9,Atta_9,1029.0,2220.5,25.2,79.4,1.7,,,,
37.602,10,Atta_10,697.4,2602.9,9.6,67.6,-4.2,,,,
37.672,1,Atta_1,506.3,632.0,99.5,46.0,6.1,,,,
37.672,2,Atta_2,1687.6,203.6,288.9,-32.3,1.9,,,,
37.672,3,Atta_3,1305.0,511.9,90.0,-38.4,2.0,,,,
37.672,4,Atta_4,692.2,487.0,223.2,76.7,-0.2,,,,
37.672,5,Atta_5,243.9,893.9,310.1,-71.7,-0.6,,,,
37.672,6,Atta_6,649.3,1769.2,346.7,50.8,2.3,,,,
37.672,7,Atta_7,311.8,2155.3,199.6,-12.2,-3.7,,,,
37.672,8,Atta_8,983.0,2349.3,354.6,23.5,-0.9,,,,
37.672,9,Atta_9,1040.6,2295.0,20.7,75.4,-4.5,,,,
37.672,10,Atta_10,587.7,2593.8,8.0,-110.1,-1.6,,,,
37.748,1,Atta_1,500.1,595.4,96.3,-37.1,-3.2,,,,
37.748,2,Atta_2,1709.6,222.5,288.3,-29.0,-0.6,,,,
37.748,3,Atta_3,1308.2,509.0,94.8,-4.3,4.8,,,,
37.748,4,Atta_4,608.7,523.2,220.8,91.0,-2.4,,,,
37.748,5,Atta_5,279.6,873.1,309.7,41.3,-0.4,,,,
37.748,6,Atta_6,658.1,1724.3,351.0,45.8,4.3,,,,
37.748,7,Atta_7,313.1,2127.8,198.4,27.5,-1.2,,,,
37.748,8,Atta_8,999.2,2333.8,352.6,22.4,-2.0,,,,
37.748,9,Atta_9,1044.6,2328.5,22.8,33.7,2.1,,,,
37.748,10,Atta_10,674.0,2613.5,9.4,88.5,1.4,,,,
37.82,1,Atta_1,486.0,632.4,95.8,39.6,-0.5,,,,
37.82,2,Atta_2,1694.1,159.8,289.3,64.6,1.0,,,,
37.82,3,Atta_3,1357.5,513.1,102.6,-49.5,7.8,,,,
37.82,4,Atta_4,610.0,491.1,222.6,32.1,1.8,,,,
37.82,5,Atta_5,373.0,841.8,310.1,98.5,0.4,,,,
37.82,6,Atta_6,673.5,1722.3,355.7,15.5,4.7,,,,
37.82,7,Atta_7,253.6,2129.9,193.4,59.5,-5.0,,,,
37.82,8,Atta_8,991.3,2366.8,354.8,-33.9,2.2,,,,
37.82,9,Atta_9,1033.9,2305.2,19.8,-25.6,-3.0,,,,
37.82,10,Atta_10,649.4,2660.7,9.8,-53.2,0.4,,,,
37.872,1,Atta_1,475.5,675.2,95.1,44.1,-0.7,,,,
37.872,2,Atta_2,1690.4,114.1,289.6,45.8,0.3,,,,
37.872,3,Atta_3,1337.7,439.6,104.1,-76.1,1.5,,,,
37.872,4,Atta_4,617.6,533.4,221.8,-43.0,-0.8,,,,
37.872,5,Atta_5,379.2,862.5,310.9,-21.6,0.8,,,,
37.872,6,Atta_6,641.8,1734.1,2.1,-33.8,6.4,,,,
37.872,8,Atta_8,981.1,2334.4,354.7,-34.0,-0.1,,,,
37.872,9,Atta_9,1043.5,2220.0,24.5,-85.7,4.7,,,,
37.872,10,Atta_10,546.2,2666.6,5.4,-103.4,-4.4,,,,
37.943,1,Atta_1,464.6,624.9,101.6,-51.5,6.5,,,,
37.943,2,Atta_2,1734.9,101.8,287.7,46.2,-1.9,,,,
37.943,3,Atta_3,1336.7,493.3,106.8,53.7,2.7,,,,
37.943,4,Atta_4,598.4,477.3,223.3,59.3,1.5,,,,
37.943,5,Atta_5,368.1,873.7,306.5,-15.8,-4.4,,,,
37.943,6,Atta_6,604.5,1774.2,9.3,-54.8,7.2,,,,
37.943,7,Atta_7,312.6,2076.1,198.0,-79.8,4.6,,,,
37.943,8,Atta_8,948.5,2354.4,354.4,-38.2,-0.3,,,,
37.943,9,Atta_9,1132.3,2302.9,21.7,121.5,-2.8,,,,
37.943,10,Atta_10,568.6,2623.9,10.4,48.2,5.0,,,,
38.006,1,Atta_1,513.0,692.7,96.1,83.3,-5.5,,,,
38.006,2,Atta_2,1712.2,79.3,287.4,32.0,-0.3,,,,
38.006,3,Atta_3,1331.5,463.5,107.5,-30.3,0.7,,,,
38.006,4,Atta_4,531.0,464.1,220.7,68.7,-2.6,,,,
38.006,5,Atta_5,363.7,829.3,308.1,44.6,1.6,,,,
38.006,6,Atta_6,677.4,1737.6,12.2,81.6,2.9,,,,
38.006,7,Atta_7,297.4,2124.1,197.4,-50.3,-0.6,,,,
38.006,8,Atta_8,868.6,2341.9,352.2,-80.9,-2.2,,,,
38.006,9,Atta_9,1087.8,2237.3,23.2,-79.3,1.5,,,,
38.006,10,Atta_10,620.7,2618.1,9.1,52.4,-1.3,,,,
38.072,1,Atta_1,572.2,721.7,98.5,65.9,2.4,,,,
38.072,2,Atta_2,1744.1,85.0,285.6,32.4,-1.8,,,,
38.072,3,Atta_3,1327.7,478.0,108.3,15.0,0.8,,,,
38.072,4,Atta_4,579.8,455.2,225.2,-49.6,4.5,,,,
38.072,5,Atta_5,391.6,802.8,309.0,38.5,0.9,,,,
38.072,6,Atta_6,667.4,1777.8,16.4,-41.4,4.2,,,,
38.072,7,Atta_7,291.0,2127.6,201.7,7.3,4.3,,,,
38.072,8,Atta_8,980.2,2317.8,353.5,114.2,1.3,,,,
38.072,9,Atta_9,1107.0,2224.3,25.9,23.2,2.7,,,,
38.072,10,Atta_10,727.8,2662.4,9.4,115.9,0.3,,,,
38.137,1,Atta_1,542.3,665.6,95.2,-63.6,-3.3,,,,
38.137,2,Atta_2,1720.4,69.9,289.5,28.1,3.9,,,,
38.137,3,Atta_3,1326.2,551.9,103.6,73.9,-4.7,,,,
38.137,4,Atta_4,547.4,445.7,220.3,33.8,-4.9,,,,
38.137,5,Atta_5,349.3,816.5,310.5,-44.5,1.5,,,,
38.137,6,Atta_6,640.2,1805.8,20.9,-39.0,4.5,,,,
38.137,7,Atta_7,267.4,2186.9,201.4,63.8,-0.3,,,,
38.137,8,Atta_8,900.4,2342.8,354.0,-83.6,0.5,,,,
38.137,9,Atta_9,1113.6,2309.4,22.8,85.4,-3.1,,,,
38.137,10,Atta_10,679.4,2662.9,5.2,-48.4,-4.2,,,,
38.204,1,Atta_1,565.5,702.5,98.2,43.6,3.0,,,,
38.204,2,Atta_2,1716.5,93.3,292.3,-23.7,2.8,,,,
38.204,3,Atta_3,1308.0,450.7,106.0,-102.8,2.4,,,,
38.204,4,Atta_4,510.7,469.4,221.5,43.7,1.2,,,,
38.204,5,Atta_5,352.1,812.6,307.8,4.8,-2.7,,,,
38.204,6,Atta_6,644.5,1733.7,23.9,-72.2,3.0,,,,
38.204,7,Atta_7,325.6,2125.9,208.6,-84.3,7.2,,,,
38.204,8,Atta_8,862.4,2354.1,353.3,-39.6,-0.7,,,,
38.204,9,Atta_9,1162.3,2319.6,18.8,49.8,-4.0,,,,
38.204,10,Atta_10,660.1,2672.5,7.1,-21.6,1.9,,,,
38.27,1,Atta_1,505.1,730.1,100.6,66.4,2.4,,,,
38.27,2,Atta_2,1695.8,115.7,291.9,-30.5,-0.4,,,,
38.27,3,Atta_3,1317.0,464.2,98.8,16.2,-7.2,,,,
38.27,4,Atta_4,528.0,441.8,218.2,32.6,-3.3,,,,
38.27,5,Atta_5,399.7,856.5,307.5,-64.8,-0.3,,,,
38.27,6,Atta_6,610.7,1750.9,30.9,-37.9,7.0,,,,
38.27,7,Atta_7,294.8,2154.5,215.8,42.0,7.2,,,,
38.27,8,Atta_8,876.4,2355.4,353.8,14.1,0.5,,,,
38.27,9,Atta_9,1124.5,2342.8,24.4,-44.4,5.6,,,,
38.27,10,Atta_10,717.3,2624.5,6.4,74.7,-0.7,,,,
38.335,1,Atta_1,516.9,701.3,99.0,-31.1,-1.6,,,,
38.335,2,Atta_2,1719.7,70.0,288.9,51.6,-3.0,,,,
38.335,3,Atta_3,1323.1,474.9,99.9,12.3,1.1,,,,
38.335,4,Atta_4,497.0,435.2,219.7,31.7,1.5,,,,
38.335,5,Atta_5,411.9,812.8,310.1,45.4,2.6,,,,
38.335,6,Atta_6,621.9,1759.9,36.7,14.4,5.8,,,,
38.335,7,Atta_7,248.0,2163.8,216.2,47.7,0.4,,,,
38.335,8,Atta_8,893.9,2385.1,352.5,34.5,-1.3,,,,
38.335,9,Atta_9,1184.8,2327.3,26.3,62.3,1.9,,,,
38.335,10,Atta_10,672.3,2636.5,7.5,-46.6,1.1,,,,
38.402,1,Atta_1,463.5,752.0,97.8,73.6,-1.2,,,,
38.402,2,Atta_2,1680.0,159.8,291.3,-98.2,2.4,,,,
38.402,3,Atta_3,1312.7,494.7,95.2,22.4,-4.7,,,,
38.402,4,Atta_4,512.1,441.9,220.0,-16.5,0.3,,,,
38.402,5,Atta_5,396.5,842.6,313.9,-33.5,3.8,,,,
38.402,6,Atta_6,641.7,1749.3,37.5,22.5,0.8,,,,
38.402,7,Atta_7,308.7,2144.7,222.6,-63.6,6.4,,,,
38.402,8,Atta_8,841.7,2389.5,351.5,-52.4,-1.0,,,,
38.402,9,Atta_9,1102.4,2307.6,22.2,-84.7,-4.1,,,,
38.402,10,Atta_10,723.1,2704.6,4.1,85.0,-3.4,,,,
38.467,1,Atta_1,478.0,746.9,100.8,-15.4,3.0,,,,
38.467,2,Atta_2,1686.1,158.3,294.4,6.3,3.1,,,,
38.467,3,Atta_3,1282.2,471.2,85.2,-38.5,-10.0,,,,
38.467,4,Atta_4,541.2,468.7,222.0,-39.6,2.0,,,,
38.467,5,Atta_5,387.3,833.9,311.2,-12.7,-2.7,,,,
38.467,6,Atta_6,699.2,1732.6,41.0,59.9,3.5,,,,
38.467,7,Atta_7,312.9,2167.0,226.5,-22.7,3.9,,,,
38.467,8,Atta_8,846.9,2351.9,351.4,38.0,-0.1,,,,
38.467,9,Atta_9,1104.7,2313.7,21.0,6.5,-1.2,,,,
38.467,10,Atta_10,731.5,2688.9,8.5,17.8,4.4,,,,
38.533,1,Atta_1,533.9,787.3,94.6,69.0,-6.2,,,,
38.533,2,Atta_2,1718.9,181.7,293.8,-40.3,-0.6,,,,
38.533,3,Atta_3,1313.5,539.4,86.3,75.0,1.1,,,,
38.533,4,Atta_4,484.6,422.1,216.8,73.3,-5.2,,,,
38.533,5,Atta_5,364.7,804.5,311.1,37.1,-0.1,,,,
38.533,6,Atta_6,668.5,1708.0,42.1,-39.3,1.1,,,,
38.533,7,Atta_7,265.8,2118.1,231.5,67.9,5.0,,,,
38.533,8,Atta_8,881.7,2352.8,352.0,34.8,0.6,,,,
38.533,9,Atta_9,1115.1,2341.5,23.1,29.7,2.1,,,,
38.533,10,Atta_10,740.0,2653.7,7.7,36.2,-0.8,,,,
38.601,1,Atta_1,506.8,744.9,97.4,-50.3,2.8,,,,
38.601,2,Atta_2,1663.9,165.0,291.4,-57.5,-2.4,,,,
38.601,3,Atta_3,1335.3,519.7,79.2,-29.4,-7.1,,,,
38.601,4,Atta_4,569.7,451.7,213.1,-90.1,-3.7,,,,
38.601,5,Atta_5,362.0,813.6,313.4,-9.5,2.3,,,,
38.601,6,Atta_6,705.1,1790.3,50.6,90.1,8.5,,,,
38.601,7,Atta_7,283.1,2119.3,234.6,-17.3,3.1,,,,
38.601,8,Atta_8,821.1,2340.1,353.1,-61.9,1.1,,,,
38.601,9,Atta_9,1174.7,2332.6,21.3,60.3,-1.8,,,,
38.601,10,Atta_10,799.4,2667.0,10.6,60.9,2.9,,,,
38.668,1,Atta_1,509.6,844.4,98.5,99.5,1.1,,,,
38.668,2,Atta_2,1728.4,140.3,297.1,69.1,5.7,,,,
38.668,3,Atta_3,1331.6,448.7,73.2,-71.1,-6.0,,,,
38.668,4,Atta_4,538.3,448.6,210.4,31.6,-2.7,,,,
38.668,5,Atta_5,381.8,868.7,311.3,-58.5,-2.1,,,,
38.668,6,Atta_6,589.7,1769.1,56.4,-117.3,5.8,,,,
38.668,7,Atta_7,303.9,2125.0,240.0,-21.6,5.4,,,,
38.668,8,Atta_8,852.8,2352.4,354.8,34.0,1.7,,,,
38.668,9,Atta_9,1219.6,2322.4,26.7,46.0,5.4,,,,
38.668,10,Atta_10,735.8,2676.9,9.5,-64.4,-1.1,,,,
38.737,1,Atta_1,515.7,808.5,103.4,-36.4,4.9,,,,
38.737,2,Atta_2,1708.7,168.7,300.4,-34.6,3.3,,,,
38.737,3,Atta_3,1330.0,508.3,68.4,59.6,-4.8,,,,
38.737,4,Atta_4,486.7,395.4,204.2,74.1,-6.2,,,,
38.737,5,Atta_5,302.1,835.0,308.4,-86.5,-2.9,,,,
38.737,6,Atta_6,598.9,1784.6,60.6,18.0,4.2,,,,
38.737,7,Atta_7,347.9,2146.0,245.4,-48.8,5.4,,,,
38.737,8,Atta_8,782.6,2409.1,354.2,-90.2,-0.6,,,,
38.737,9,Atta_9,1222.8,2326.1,20.8,4.9,-5.9,,,,
38.737,10,Atta_10,795.2,2661.5,13.3,61.4,3.8,,,,
38.807,1,Atta_1,494.5,821.5,95.6,24.9,-7.8,,,,
38.807,2,Atta_2,1687.0,142.4,303.6,34.1,3.2,,,,
38.807,3,Atta_3,1336.9,496.0,62.9,-14.1,-5.5,,,,
38.807,4,Atta_4,530.3,432.7,199.0,-57.4,-5.2,,,,
38.807,5,Atta_5,366.5,870.3,313.5,73.4,5.1,,,,
38.807,6,Atta_6,637.7,1786.2,62.3,38.8,1.7,,,,
38.807,7,Atta_7,289.9,2137.1,248.0,58.7,2.6,,,,
38.807,8,Atta_8,783.4,2371.0,357.0,38.1,2.8,,,,
38.807,9,Atta_9,1177.0,2355.8,21.7,-54.6,0.9,,,,
38.807,10,Atta_10,730.2,2645.1,10.9,-67.0,-2.4,,,,
38.876,1,Atta_1,496.1,803.1,100.4,-18.5,4.8,,,,
38.876,2,Atta_2,1706.0,200.2,310.7,-60.8,7.1,,,,
38.876,3,Atta_3,1318.3,482.3,62.5,-23.1,-0.4,,,,
38.876,4,Atta_4,582.9,484.8,192.8,-74.0,-6.2,,,,
38.876,5,Atta_5,254.8,873.6,310.1,-111.7,-3.4,,,,
38.876,6,Atta_6,616.4,1749.9,69.8,-42.1,7.5,,,,
38.876,7,Atta_7,271.2,2136.6,253.0,18.7,5.0,,,,
38.876,8,Atta_8,766.7,2339.5,2.0,-35.7,5.0,,,,
38.876,9,Atta_9,1202.0,2367.6,24.6,27.6,2.9,,,,
38.876,10,Atta_10,772.5,2641.8,20.3,42.4,9.4,,,,
38.99,1,Atta_1,495.6,878.6,99.1,75.5,-1.3,,,,
38.99,2,Atta_2,1696.3,145.2,310.5,55.8,-0.2,,,,
38.99,3,Atta_3,1334.0,543.5,63.7,63.2,1.2,,,,
38.99,4,Atta_4,508.4,383.0,187.7,126.1,-5.1,,,,
38.99,5,Atta_5,275.7,835.2,300.2,43.7,-9.9,,,,
38.99,6,Atta_6,602.0,1755.3,70.5,15.4,0.7,,,,
38.99,7,Atta_7,295.8,2163.6,255.1,-36.5,2.1,,,,
38.99,8,Atta_8,816.3,2355.8,5.3,52.2,3.3,,,,
38.99,9,Atta_9,1159.0,2412.7,24.4,-62.3,-0.2,,,,
38.99,10,Atta_10,742.2,2667.6,23.8,-39.8,3.5,,,,
39.057,1,Atta_1,459.6,830.5,99.5,-60.1,0.4,,,,
39.057,2,Atta_2,1637.3,180.2,316.1,-68.6,5.6,,,,
39.057,3,Atta_3,1334.7,500.0,65.9,-43.5,2.2,,,,
39.057,4,Atta_4,510.3,374.1,182.6,-9.1,-5.1,,,,
39.057,5,Atta_5,293.6,846.4,300.2,-21.1,0.0,,,,
39.057,6,Atta_6,670.2,1770.1,68.4,69.8,-2.1,,,,
39.057,7,Atta_7,299.7,2117.9,255.3,45.9,0.2,,,,
39.057,8,Atta_8,758.5,2360.6,9.1,-58.0,3.8,,,,
39.057,9,Atta_9,1283.3,2391.9,24.0,126.0,-0.4,,,,
39.057,10,Atta_10,766.6,2672.0,26.9,24.8,3.1,,,,
39.108,1,Atta_1,529.3,859.6,99.7,75.5,0.2,,,,
39.108,2,Atta_2,1718.3,159.2,320.0,83.7,3.9,,,,
39.108,3,Atta_3,1268.9,521.8,62.6,-69.3,-3.3,,,,
39.108,4,Atta_4,546.3,434.4,178.9,-70.2,-3.7,,,,
39.108,5,Atta_5,313.5,830.5,293.7,25.5,-6.5,,,,
39.108,6,Atta_6,644.9,1733.6,69.5,-44.4,1.1,,,,
39.108,7,Atta_7,290.8,2116.7,253.2,9.0,-2.1,,,,
39.108,8,Atta_8,875.5,2386.5,17.1,119.8,8.0,,,,
39.108,9,Atta_9,1248.5,2380.0,23.6,-36.8,-0.4,,,,
39.108,10,Atta_10,798.0,2599.9,33.3,-78.6,6.4,,,,
39.178,1,Atta_1,464.3,853.7,101.4,65.3,1.7,,,,
39.178,2,Atta_2,1639.5,149.5,326.1,-79.4,6.1,,,,
39.178,3,Atta_3,1303.7,496.0,62.3,-43.3,-0.3,,,,
39.178,4,Atta_4,548.8,461.2,174.9,-26.9,-4.0,,,,
39.178,5,Atta_5,359.8,837.3,288.9,46.8,-4.8,,,,
39.178,6,Atta_6,659.4,1764.2,71.0,33.9,1.5,,,,
39.178,7,Atta_7,287.8,2174.5,252.8,-57.9,-0.4,,,,
39.178,8,Atta_8,767.9,2387.2,19.2,-107.6,2.1,,,,
39.178,9,Atta_9,1224.6,2381.3,24.3,-23.9,0.7,,,,
39.178,10,Atta_10,787.7,2703.2,35.5,103.8,2.2,,,,
39.233,1,Atta_1,490.3,868.0,101.4,29.7,0.0,,,,
39.233,2,Atta_2,1662.1,184.4,329.0,-41.6,2.9,,,,
39.233,3,Atta_3,1366.7,516.8,64.5,66.3,2.2,,,,
39.233,4,Atta_4,503.6,397.6,174.0,78.0,-0.9,,,,
39.233,5,Atta_5,312.9,862.5,285.2,-53.2,-3.7,,,,
39.233,6,Atta_6,599.8,1773.1,68.7,-60.3,-2.3,,,,
39.233,7,Atta_7,287.7,2115.1,250.9,59.4,-1.9,,,,
39.233,8,Atta_8,805.1,2352.5,24.2,50.9,5.0,,,,
39.233,9,Atta_9,1282.5,2446.7,22.9,87.3,-1.4,,,,
39.233,10,Atta_10,773.1,2673.0,43.0,-33.5,7.5,,,,
39.302,1,Atta_1,423.4,892.1,97.6,71.1,-3.8,,,,
39.302,2,Atta_2,1693.9,155.7,332.4,42.8,3.4,,,,
39.302,3,Atta_3,1322.7,499.0,64.3,-47.5,-0.2,,,,
39.302,4,Atta_4,528.5,501.3,169.0,-106.6,-5.0,,,,
39.302,5,Atta_5,340.3,881.1,282.0,-33.1,-3.2,,,,
39.302,6,Atta_6,623.3,1799.0,68.9,35.0,0.2,,,,
39.302,7,Atta_7,289.7,2148.9,250.2,-33.9,-0.7,,,,
39.302,8,Atta_8,770.2,2365.3,24.9,-37.2,0.7,,,,
39.302,9,Atta_9,1285.6,2392.0,24.8,-54.8,1.9,,,,
39.302,10,Atta_10,767.4,2630.2,48.1,-43.2,5.1,,,,
39.37,1,Atta_1,510.8,929.2,98.3,94.9,0.7,,,,
39.37,2,Atta_2,1749.7,199.6,337.8,71.0,5.4,,,,
39.37,3,Atta_3,1366.5,576.5,64.2,89.0,-0.1,,,,
39.37,4,Atta_4,546.9,451.5,162.6,-53.1,-6.4,,,,
39.37,5,Atta_5,298.7,853.3,278.2,50.0,-3.8,,,,
39.37,6,Atta_6,655.5,1759.2,71.3,-51.2,2.4,,,,
39.37,7,Atta_7,286.4,2116.2,241.5,32.9,-8.7,,,,
39.37,8,Atta_8,801.4,2351.4,33.2,34.2,8.3,,,,
39.37,9,Atta_9,1287.8,2408.1,22.9,16.2,-1.9,,,,
39.37,10,Atta_10,823.3,2662.7,50.0,64.7,1.9,,,,
39.436,1,Atta_1,503.7,880.9,99.9,-48.8,1.6,,,,
39.436,2,Atta_2,1652.8,207.6,346.6,-97.2,8.8,,,,
39.436,3,Atta_3,1357.6,524.5,66.0,-52.8,1.8,,,,
39.436,4,Atta_4,485.0,436.0,157.5,63.8,-5.1,,,,
39.436,5,Atta_5,361.4,820.4,271.0,70.8,-7.2,,,,
39.436,6,Atta_6,649.1,1757.9,72.0,-6.5,0.7,,,,
39.436,7,Atta_7,284.1,2138.9,239.4,-22.8,-2.1,,,,
39.436,9,Atta_9,1308.0,2355.5,20.9,-56.3,-2.0,,,,
39.436,10,Atta_10,770.6,2673.1,55.4,-53.7,5.4,,,,
39.503,1,Atta_1,482.0,875.9,99.2,-22.3,-0.7,,,,
39.503,2,Atta_2,1668.9,172.9,349.6,38.3,3.0,,,,
39.503,3,Atta_3,1364.6,561.0,65.0,37.2,-1.0,,,,
39.503,4,Atta_4,556.0,410.8,153.2,-75.3,-4.3,,,,
39.503,5,Atta_5,271.7,820.9,270.1,-89.7,-0.9,,,,
39.503,6,Atta_6,614.3,1813.2,71.0,65.3,-1.0,,,,
39.503,7,Atta_7,314.8,2178.3,233.6,-49.9,-5.8,,,,
39.503,8,Atta_8,821.8,2392.2,44.1,45.6,10.9,,,,
39.503,9,Atta_9,1287.5,2372.3,21.9,-26.5,1.0,,,,
39.503,10,Atta_10,762.7,2665.6,58.5,-10.9,3.1,,,,
39.571,1,Atta_1,449.6,934.4,99.8,66.9,0.6,,,,
39.571,2,Atta_2,1699.3,186.6,347.8,33.3,-1.8,,,,
39.571,3,Atta_3,1343.4,526.7,60.5,-40.3,-4.5,,,,
39.571,4,Atta_4,477.0,437.1,147.2,83.3,-6.0,,,,
39.571,5,Atta_5,395.5,873.5,262.7,-134.5,-7.4,,,,
39.571,6,Atta_6,655.4,1752.9,70.9,-73.0,-0.1,,,,
39.571,7,Atta_7,282.4,2116.1,230.7,70.1,-2.9,,,,
39.571,8,Atta_8,839.6,2366.2,43.0,-31.5,-1.1,,,,
39.571,9,Atta_9,1355.4,2393.3,24.1,71.1,2.2,,,,
39.571,10,Atta_10,746.4,2616.1,58.4,-52.1,-0.1,,,,
39.637,1,Atta_1,456.4,996.0,98.0,62.0,-1.8,,,,
39.637,2,Atta_2,1684.2,161.0,350.3,-29.7,2.5,,,,
39.637,3,Atta_3,1340.6,575.0,65.2,48.4,4.7,,,,
39.637,4,Atta_4,557.5,426.6,141.6,-81.2,-5.6,,,,
39.637,5,Atta_5,300.2,828.6,259.9,105.3,-2.8,,,,
39.637,6,Atta_6,698.5,1780.6,71.2,51.2,0.3,,,,
39.637,7,Atta_7,266.1,2160.8,225.5,-47.6,-5.2,,,,
39.637,8,Atta_8,837.5,2387.9,47.6,21.8,4.6,,,,
39.637,9,Atta_9,1329.6,2393.4,25.0,-25.8,0.9,,,,
39.637,10,Atta_10,783.9,2620.5,72.0,37.8,13.6,,,,
39.706,1,Atta_1,477.5,985.2,96.2,-23.7,-1.8,,,,
39.706,2,Atta_2,1741.2,137.8,351.2,61.5,0.9,,,,
39.706,3,Atta_3,1328.1,550.2,61.5,-27.8,-3.7,,,,
39.706,4,Atta_4,552.5,454.6,140.2,28.4,-1.4,,,,
39.706,5,Atta_5,312.9,854.7,253.2,-29.0,-6.7,,,,
39.706,6,Atta_6,681.6,1819.0,72.1,42.0,0.9,,,,
39.706,7,Atta_7,326.3,2155.3,220.5,-60.5,-5.0,,,,
39.706,8,Atta_8,796.9,2359.2,53.9,-49.7,6.3,,,,
39.706,9,Atta_9,1371.0,2425.9,27.1,52.6,2.1,,,,
39.706,10,Atta_10,715.3,2660.4,78.6,79.4,6.6,,,,
39.772,1,Atta_1,415.0,977.6,99.8,-63.0,3.6,,,,
39.772,2,Atta_2,1701.8,166.9,348.6,-49.0,-2.6,,,,
39.772,3,Atta_3,1372.1,543.3,63.9,44.5,2.4,,,,
39.772,4,Atta_4,482.8,389.6,135.7,95.3,-4.5,,,,
39.772,5,Atta_5,323.5,861.9,259.2,-12.8,6.0,,,,
39.772,6,Atta_6,669.4,1832.0,70.7,17.8,-1.4,,,,
39.772,7,Atta_7,330.4,2126.7,217.3,28.9,-3.2,,,,
39.772,8,Atta_8,782.3,2339.9,55.2,-24.2,1.3,,,,
39.772,9,Atta_9,1369.9,2438.9,23.7,13.0,-3.4,,,,
39.772,10,Atta_10,773.5,2675.1,75.5,60.0,-3.1,,,,
39.843,1,Atta_1,470.0,1003.7,99.0,60.9,-0.8,,,,
39.843,2,Atta_2,1668.9,183.6,344.9,-36.9,-3.7,,,,
39.843,3,Atta_3,1382.5,586.6,64.5,44.5,0.6,,,,
39.843,4,Atta_4,569.9,448.5,134.7,-105.1,-1.0,,,,
39.843,5,Atta_5,332.3,833.8,256.2,29.4,-3.0,,,,
39.843,6,Atta_6,642.2,1824.9,68.9,-28.1,-1.8,,,,
39.843,7,Atta_7,299.8,2140.1,211.4,33.4,-5.9,,,,
39.843,8,Atta_8,802.2,2317.3,61.5,-30.1,6.3,,,,
39.843,9,Atta_9,1381.4,2456.9,22.5,21.4,-1.2,,,,
39.843,10,Atta_10,769.0,2657.7,83.4,-18.0,7.9,,,,
39.904,1,Atta_1,426.0,1028.3,100.5,50.4,1.5,,,,
39.904,2,Atta_2,1684.8,120.7,347.0,64.9,2.1,,,,
39.904,3,Atta_3,1401.2,589.2,64.7,18.9,0.2,,,,
39.904,4,Atta_4,546.6,448.3,131.4,23.3,-3.3,,,,
39.904,5,Atta_5,346.6,852.6,256.5,-23.6,0.3,,,,
39.904,6,Atta_6,652.2,1920.3,69.1,95.9,0.2,,,,
39.904,7,Atta_7,288.4,2120.2,203.2,22.9,-8.2,,,,
39.904,8,Atta_8,791.8,2405.4,65.5,88.7,4.0,,,,
39.904,9,Atta_9,1344.1,2408.3,19.8,-61.3,-2.7,,,,
39.904,10,Atta_10,763.5,2629.8,85.8,-28.4,2.4,,,,
39.974,1,Atta_1,514.2,1010.6,97.9,-90.0,-2.6,,,,
39.974,2,Atta_2,1726.8,175.1,348.0,68.7,1.0,,,,
39.974,3,Atta_3,1363.8,618.7,64.8,47.6,0.1,,,,
39.974,4,Atta_4,470.0,410.9,135.0,85.2,3.6,,,,
39.974,5,Atta_5,280.9,879.0,255.7,-70.8,-0.8,,,,
39.974,6,Atta_6,657.9,1814.1,68.6,-106.4,-0.5,,,,
39.974,7,Atta_7,305.6,2127.4,206.0,-18.6,2.8,,,,
39.974,8,Atta_8,784.0,2352.4,74.3,-53.6,8.8,,,,
39.974,9,Atta_9,1391.5,2437.4,24.5,55.6,4.7,,,,
39.974,10,Atta_10,813.9,2634.7,90.9,50.6,5.1,,,,
40.043,1,Atta_1,438.5,1018.2,101.2,76.1,3.3,,,,
40.043,2,Atta_2,1691.9,172.1,346.7,-35.0,-1.3,,,,
40.043,3,Atta_3,1312.3,584.1,58.8,-62.0,-6.0,,,,
40.043,4,Atta_4,519.1,455.0,134.7,-66.0,-0.3,,,,
40.043,5,Atta_5,316.9,839.7,256.9,53.3,1.2,,,,
40.043,6,Atta_6,684.5,1890.3,71.8,80.7,3.2,,,,
40.043,7,Atta_7,284.0,2167.5,199.2,45.5,-6.8,,,,
40.043,8,Atta_8,738.8,2362.2,76.4,-46.3,2.1,,,,
40.043,9,Atta_9,1411.8,2468.4,23.0,37.1,-1.5,,,,
40.043,10,Atta_10,724.1,2721.8,97.6,125.1,6.7,,,,
40.112,1,Atta_1,448.7,1012.5,100.2,-11.7,-1.0,,,,
40.112,2,Atta_2,1777.9,185.0,350.3,87.0,3.6,,,,
40.112,3,Atta_3,1416.4,635.7,65.5,116.2,6.7,,,,
40.112,4,Atta_4,513.8,453.5,137.1,5.5,2.4,,,,
40.112,5,Atta_5,331.5,874.6,257.1,-37.8,0.2,,,,
40.112,6,Atta_6,697.2,1901.2,68.2,16.7,-3.6,,,,
40.112,7,Atta_7,291.3,2099.4,194.1,68.5,-5.1,,,,
40.112,8,Atta_8,795.2,2376.7,81.9,58.2,5.5,,,,
40.112,9,Atta_9,1407.7,2423.1,22.8,-45.5,-0.2,,,,
40.112,10,Atta_10,820.8,2611.6,101.1,-146.6,3.5,,,,
40.181,1,Atta_1,399.6,1048.2,102.5,60.7,2.3,,,,
40.181,2,Atta_2,1780.4,164.4,349.5,20.8,-0.8,,,,
40.181,3,Atta_3,1374.6,655.1,64.9,46.1,-0.6,,,,
40.181,4,Atta_4,517.2,538.3,131.5,84.9,-5.6,,,,
40.181,5,Atta_5,269.1,799.0,259.4,98.0,2.3,,,,
40.181,6,Atta_6,680.6,1929.2,67.5,32.6,-0.7,,,,
40.181,7,Atta_7,284.6,2160.3,188.8,-61.3,-5.3,,,,
40.181,8,Atta_8,814.7,2326.5,87.7,-53.9,5.8,,,,
40.181,9,Atta_9,1339.5,2448.3,23.7,-72.7,0.9,,,,
40.181,10,Atta_10,733.5,2617.7,107.0,87.5,5.9,,,,
40.248,1,Atta_1,440.6,1074.4,99.8,48.7,-2.7,,,,
40.248,2,Atta_2,1792.2,179.6,352.1,19.2,2.6,,,,
40.248,3,Atta_3,1397.4,720.0,61.2,68.8,-3.7,,,,
40.248,4,Atta_4,509.7,422.1,135.2,-116.4,3.7,,,,
40.248,5,Atta_5,294.0,766.1,252.3,41.3,-7.1,,,,
40.248,6,Atta_6,703.8,1896.3,68.9,-40.3,1.4,,,,
40.248,7,Atta_7,288.2,2172.5,187.2,-12.7,-1.6,,,,
40.248,8,Atta_8,839.4,2364.3,88.0,45.2,0.3,,,,
40.248,9,Atta_9,1441.9,2459.8,20.1,103.0,-3.6,,,,
40.248,10,Atta_10,738.8,2672.5,112.3,55.1,5.3,,,,
40.311,1,Atta_1,482.1,1011.6,99.4,-75.3,-0.4,,,,
40.311,2,Atta_2,1818.4,183.1,347.2,26.4,-4.9,,,,
40.311,3,Atta_3,1427.2,655.8,63.7,-70.8,2.5,,,,
40.311,4,Atta_4,518.3,449.9,137.7,29.1,2.5,,,,
40.311,5,Atta_5,248.8,776.2,257.7,46.3,5.4,,,,
40.311,6,Atta_6,738.2,1943.7,66.0,58.6,-2.9,,,,
40.311,7,Atta_7,319.9,2187.6,179.5,-35.1,-7.7,,,,
40.311,8,Atta_8,835.7,2370.2,87.5,7.0,-0.5,,,,
40.311,9,Atta_9,1479.9,2454.0,25.0,38.4,4.9,,,,
40.311,10,Atta_10,772.1,2660.4,118.3,-35.4,6.0,,,,
40.38,1,Atta_1,465.6,1055.9,99.4,47.3,0.0,,,,
40.38,2,Atta_2,1762.2,150.5,348.4,-65.0,1.2,,,,
40.38,3,Atta_3,1424.1,664.3,62.3,9.0,-1.4,,,,
40.38,4,Atta_4,492.4,475.8,133.0,36.6,-4.7,,,,
40.38,5,Atta_5,286.5,819.0,259.9,-57.0,2.2,,,,
40.38,6,Atta_6,717.4,1927.3,67.1,-26.5,1.1,,,,
40.38,7,Atta_7,337.2,2163.9,177.9,-29.3,-1.6,,,,
40.38,8,Atta_8,783.4,2390.2,87.5,56.0,0.0,,,,
40.38,9,Atta_9,1488.9,2472.5,25.5,20.6,0.5,,,,
40.38,10,Atta_10,793.2,2652.2,123.6,-22.6,5.3,,,,
40.449,1,Atta_1,466.0,1067.1,99.3,11.2,-0.1,,,,
40.449,2,Atta_2,1780.0,176.4,348.2,31.4,-0.2,,,,
40.449,3,Atta_3,1449.5,653.2,54.2,27.7,-8.1,,,,
40.449,4,Atta_4,472.7,457.4,133.1,-27.0,0.1,,,,
40.449,5,Atta_5,292.7,791.4,255.2,28.3,-4.7,,,,
40.449,6,Atta_6,696.7,1950.0,69.0,30.7,1.9,,,,
40.449,7,Atta_7,302.5,2220.9,171.2,66.7,-6.7,,,,
40.449,8,Atta_8,855.1,2337.6,84.5,-88.9,-3.0,,,,
40.449,9,Atta_9,1422.1,2418.9,23.5,-85.6,-2.0,,,,
40.449,10,Atta_10,803.5,2643.3,120.6,-13.6,-3.0,,,,
40.514,1,Atta_1,455.8,1101.2,100.8,35.6,1.5,,,,
40.514,2,Atta_2,1813.3,184.9,346.5,34.4,-1.7,,,,
40.514,3,Atta_3,1385.1,686.8,49.7,-72.6,-4.5,,,,
40.514,4,Atta_4,488.3,474.2,134.2,22.9,1.1,,,,
40.514,5,Atta_5,289.5,801.5,256.5,-10.6,1.3,,,,
40.514,6,Atta_6,672.9,1976.8,68.1,35.8,-0.9,,,,
40.514,7,Atta_7,350.1,2148.2,165.2,-86.9,-6.0,,,,
40.514,8,Atta_8,786.6,2373.4,87.6,77.3,3.1,,,,
40.514,9,Atta_9,1394.1,2481.2,20.6,-68.3,-2.9,,,,
40.514,10,Atta_10,776.2,2669.4,128.6,37.8,8.0,,,,
40.58,1,Atta_1,451.2,1087.1,100.9,-14.8,0.1,,,,
40.58,2,Atta_2,1821.9,106.4,350.9,79.0,4.4,,,,
40.58,3,Atta_3,1425.3,734.7,51.1,62.5,1.4,,,,
40.58,4,Atta_4,502.0,517.3,137.8,45.2,3.6,,,,
40.58,5,Atta_5,308.5,792.7,255.2,20.9,-1.3,,,,
40.58,6,Atta_6,737.3,1949.2,66.6,-70.1,-1.5,,,,
40.58,7,Atta_7,362.7,2172.3,162.3,-27.2,-2.9,,,,
40.58,8,Atta_8,813.3,2326.1,87.2,-54.3,-0.4,,,,
40.58,9,Atta_9,1474.4,2489.9,21.6,80.8,1.0,,,,
40.58,10,Atta_10,765.9,2657.9,133.6,-15.4,5.0,,,,
40.646,1,Atta_1,422.8,1124.7,97.5,47.1,-3.4,,,,
40.646,2,Atta_2,1815.0,149.1,357.2,-43.3,6.3,,,,
40.646,3,Atta_3,1411.4,743.4,43.1,-16.4,-8.0,,,,
40.646,4,Atta_4,434.4,474.3,131.5,80.1,-6.3,,,,
40.646,5,Atta_5,317.5,755.7,254.3,38.1,-0.9,,,,
40.646,6,Atta_6,742.7,1983.3,67.0,34.5,0.4,,,,
40.646,7,Atta_7,257.6,2177.8,160.4,105.2,-1.9,,,,
40.646,8,Atta_8,809.8,2421.2,85.5,95.2,-1.7,,,,
40.646,9,Atta_9,1505.0,2479.5,23.9,32.3,2.3,,,,
40.646,10,Atta_10,771.7,2709.2,136.4,51.6,2.8,,,,
40.713,1,Atta_1,402.6,1092.8,103.7,-37.8,6.2,,,,
40.713,2,Atta_2,1843.4,135.5,1.9,31.5,4.7,,,,
40.713,3,Atta_3,1416.8,670.2,40.5,-73.4,-2.6,,,,
40.713,4,Atta_4,460.4,506.6,134.2,41.5,2.7,,,,
40.713,5,Atta_5,289.2,728.6,252.2,39.2,-2.1,,,,
40.713,6,Atta_6,680.3,2002.9,66.4,-65.4,-0.6,,,,
40.713,7,Atta_7,289.3,2164.2,154.4,-34.5,-6.0,,,,
40.713,8,Atta_8,825.4,2398.4,79.4,-27.6,-6.1,,,,
40.713,9,Atta_9,1513.1,2446.1,23.8,-34.4,-0.1,,,,
40.713,10,Atta_10,729.6,2655.5,136.6,-68.2,0.2,,,,
40.781,1,Atta_1,415.0,1139.2,101.3,48.0,-2.4,,,,
40.781,2,Atta_2,1792.1,137.9,1.7,-51.4,-0.2,,,,
40.781,3,Atta_3,1389.9,658.6,36.3,-29.3,-4.2,,,,
40.781,4,Atta_4,415.3,497.0,133.8,46.1,-0.4,,,,
40.781,5,Atta_5,266.5,774.4,262.4,-51.1,10.2,,,,
40.781,6,Atta_6,751.5,1972.3,66.9,77.5,0.5,,,,
40.781,7,Atta_7,316.9,2166.1,149.5,-27.7,-4.9,,,,
40.781,8,Atta_8,743.8,2405.2,84.0,-81.9,4.6,,,,
40.781,9,Atta_9,1488.0,2427.3,22.1,-31.4,-1.7,,,,
40.781,10,Atta_10,794.4,2605.4,140.8,-81.9,4.2,,,,
40.849,1,Atta_1,426.3,1189.8,103.3,51.8,2.0,,,,
40.849,2,Atta_2,1780.1,152.5,4.1,-18.9,2.4,,,,
40.849,3,Atta_3,1386.0,711.4,32.1,52.9,-4.2,,,,
40.849,4,Atta_4,459.4,515.2,131.9,-47.7,-1.9,,,,
40.849,5,Atta_5,280.0,723.8,264.5,52.4,2.1,,,,
40.849,6,Atta_6,747.9,1981.9,70.8,10.3,3.9,,,,
40.849,7,Atta_7,313.9,2121.3,146.0,-44.9,-3.5,,,,
40.849,8,Atta_8,841.3,2405.3,86.6,97.5,2.6,,,,
40.849,9,Atta_9,1492.9,2461.5,23.4,34.5,1.3,,,,
40.849,10,Atta_10,734.9,2665.3,138.2,84.4,-2.6,,,,
40.915,1,Atta_1,403.6,1113.0,104.3,-80.1,1.0,,,,
40.915,2,Atta_2,1806.7,166.7,16.7,30.2,12.6,,,,
40.915,3,Atta_3,1357.9,643.7,26.8,-73.3,-5.3,,,,
40.915,4,Atta_4,439.9,492.6,132.2,-29.8,0.3,,,,
40.915,5,Atta_5,315.6,702.8,269.2,41.3,4.7,,,,
40.915,6,Atta_6,747.6,2035.9,70.4,54.0,-0.4,,,,
40.915,7,Atta_7,266.4,2164.9,138.6,64.5,-7.4,,,,
40.915,8,Atta_8,860.2,2405.3,83.7,18.9,-2.9,,,,
40.915,9,Atta_9,1564.6,2503.9,20.1,83.3,-3.3,,,,
40.915,10,Atta_10,754.2,2655.6,139.1,-21.6,0.9,,,,
40.984,1,Atta_1,452.5,1235.1,98.2,131.5,-6.1,,,,
40.984,2,Atta_2,1802.8,134.0,19.2,-32.9,2.5,,,,
40.984,3,Atta_3,1434.2,719.2,22.7,107.3,-4.1,,,,
40.984,4,Atta_4,417.9,509.1,134.3,27.5,2.1,,,,
40.984,6,Atta_6,747.8,1991.7,69.0,-44.2,-1.4,,,,
40.984,7,Atta_7,290.1,2115.9,139.2,-54.4,0.6,,,,
40.984,8,Atta_8,832.1,2459.3,83.6,60.9,-0.1,,,,
40.984,9,Atta_9,1520.3,2487.8,25.0,-47.1,4.9,,,,
40.984,10,Atta_10,755.2,2650.2,138.0,-5.5,-1.1,,,,
41.106,1,Atta_1,416.9,1194.7,100.0,-53.8,1.8,,,,
41.106,3,Atta_3,1370.5,678.3,17.6,-75.7,-5.1,,,,
41.106,4,Atta_4,398.7,560.3,132.1,54.7,-2.2,,,,
41.106,5,Atta_5,285.5,711.5,275.4,-31.3,6.2,,,,
41.106,6,Atta_6,758.8,2018.8,67.3,29.2,-1.7,,,,
41.106,7,Atta_7,294.4,2163.1,130.4,47.4,-8.8,,,,
41.106,8,Atta_8,831.9,2438.3,86.6,-21.0,3.0,,,,
41.106,9,Atta_9,1543.6,2517.2,25.7,37.5,0.7,,,,
41.106,10,Atta_10,718.2,2627.2,141.9,43.6,3.9,,,,
41.175,1,Atta_1,344.8,1181.4,101.9,-73.3,1.9,,,,
41.175,2,Atta_2,1813.7,136.4,25.1,11.2,5.9,,,,
41.175,3,Atta_3,1403.0,696.9,13.6,37.4,-4.0,,,,
41.175,4,Atta_4,451.1,573.7,132.4,-54.1,0.3,,,,
41.175,5,Atta_5,320.3,691.5,280.4,40.1,5.0,,,,
41.175,6,Atta_6,738.3,2056.2,62.7,42.6,-4.6,,,,
41.175,7,Atta_7,376.4,2106.4,128.8,-99.7,-1.6,,,,
41.175,8,Atta_8,799.2,2450.4,91.0,34.9,4.4,,,,
41.175,9,Atta_9,1588.9,2539.3,22.8,50.4,-2.9,,,,
41.175,10,Atta_10,744.9,2666.5,142.4,47.5,0.5,,,,
41.24,1,Atta_1,474.0,1288.7,98.9,167.9,-3.0,,,,
41.24,2,Atta_2,1833.5,97.6,35.3,43.6,10.2,,,,
41.24,3,Atta_3,1425.7,640.5,4.8,60.8,-8.8,,,,
41.24,4,Atta_4,378.8,642.3,137.0,99.7,4.6,,,,
41.24,5,Atta_5,326.3,744.8,296.4,-53.6,16.0,,,,
41.24,6,Atta_6,773.7,2054.2,50.9,35.5,-11.8,,,,
41.24,7,Atta_7,290.9,2145.1,116.5,93.9,-12.3,,,,
41.24,8,Atta_8,814.4,2454.8,86.2,15.8,-4.8,,,,
41.24,9,Atta_9,1583.7,2527.4,22.5,-13.0,-0.3,,,,
41.24,10,Atta_10,723.1,2651.5,138.9,26.5,-3.5,,,,
41.308,1,Atta_1,475.9,1235.7,104.0,-53.0,5.1,,,,
41.308,2,Atta_2,1791.7,88.6,39.0,-42.8,3.7,,,,
41.308,3,Atta_3,1388.3,699.4,359.8,-69.8,-5.0,,,,
41.308,4,Atta_4,323.1,571.6,134.7,-90.0,-2.3,,,,
41.308,5,Atta_5,325.0,765.4,296.8,-20.6,0.4,,,,
41.308,6,Atta_6,740.1,2061.4,48.2,-34.4,-2.7,,,,
41.308,7,Atta_7,264.6,2124.4,114.9,-33.5,-1.6,,,,
41.308,8,Atta_8,837.3,2451.7,87.5,-23.1,1.3,,,,
41.308,9,Atta_9,1609.5,2530.1,23.2,25.9,0.7,,,,
41.308,10,Atta_10,703.2,2646.5,143.4,20.5,4.5,,,,
41.449,1,Atta_1,372.1,1274.0,99.9,110.6,-4.1,,,,
41.449,2,Atta_2,1844.2,160.2,43.5,88.8,4.5,,,,
41.449,3,Atta_3,1477.9,705.1,352.0,89.8,-7.8,,,,
41.449,4,Atta_4,374.5,578.8,130.8,-51.9,-3.9,,,,
41.449,5,Atta_5,297.7,702.6,302.7,68.5,5.9,,,,
41.449,6,Atta_6,757.8,1968.8,47.8,-94.3,-0.4,,,,
41.449,7,Atta_7,283.4,2149.9,109.2,31.7,-5.7,,,,
41.449,8,Atta_8,765.2,2503.7,86.8,88.9,-0.7,,,,
41.449,9,Atta_9,1639.6,2558.7,22.9,41.5,-0.3,,,,
41.449,10,Atta_10,735.7,2710.1,140.6,71.4,-2.8,,,,
41.513,1,Atta_1,396.6,1258.5,102.5,-29.0,2.6,,,,
41.513,2,Atta_2,1789.9,108.0,48.6,-75.3,5.1,,,,
41.513,3,Atta_3,1409.5,668.1,348.8,-77.8,-3.2,,,,
41.513,4,Atta_4,353.8,541.8,131.7,-42.4,0.9,,,,
41.513,5,Atta_5,303.5,758.6,308.2,-56.3,5.5,,,,
41.513,6,Atta_6,781.2,2036.1,38.2,71.3,-9.6,,,,
41.513,7,Atta_7,273.6,2164.2,106.4,17.3,-2.8,,,,
41.513,8,Atta_8,842.5,2524.9,86.0,80.2,-0.8,,,,
41.513,9,Atta_9,1635.8,2564.1,20.7,-6.6,-2.2,,,,
41.513,10,Atta_10,738.4,2642.0,139.2,-68.2,-1.4,,,,
41.579,1,Atta_1,439.8,1307.4,100.7,65.2,-1.8,,,,
41.579,2,Atta_2,1823.7,154.9,58.7,57.8,10.1,,,,
41.579,3,Atta_3,1418.0,684.3,345.5,18.3,-3.3,,,,
41.579,4,Atta_4,337.2,591.3,135.9,52.2,4.2,,,,
41.579,5,Atta_5,367.8,745.8,316.7,65.6,8.5,,,,
41.579,6,Atta_6,755.1,2013.8,31.6,-34.3,-6.6,,,,
41.579,7,Atta_7,277.4,2168.5,96.9,5.7,-9.5,,,,
41.579,8,Atta_8,834.6,2565.9,85.5,41.8,-0.5,,,,
41.579,9,Atta_9,1652.9,2535.0,21.5,33.8,0.8,,,,
41.579,10,Atta_10,662.2,2752.4,139.3,134.1,0.1,,,,
41.646,1,Atta_1,413.7,1301.5,99.0,-26.8,-1.7,,,,
41.646,2,Atta_2,1791.8,190.8,64.7,48.0,6.0,,,,
41.646,3,Atta_3,1393.3,689.1,335.8,-25.2,-9.7,,,,
41.646,4,Atta_4,363.5,591.9,139.4,-26.3,3.5,,,,
41.646,5,Atta_5,283.4,738.3,320.5,-84.7,3.8,,,,
41.646,6,Atta_6,722.2,2067.5,24.1,63.0,-7.5,,,,
41.646,7,Atta_7,325.9,2126.7,95.5,-64.0,-1.4,,,,
41.646,8,Atta_8,830.6,2529.3,87.5,-36.8,2.0,,,,
41.646,9,Atta_9,1650.5,2584.1,25.7,49.2,4.2,,,,
41.646,10,Atta_10,704.7,2699.0,139.1,-68.2,-0.2,,,,
41.766,1,Atta_1,404.4,1308.7,99.5,11.8,0.5,,,,
41.766,2,Atta_2,1849.0,127.7,69.0,-85.2,4.3,,,,
41.766,3,Atta_3,1457.0,688.4,337.0,63.7,1.2,,,,
41.766,4,Atta_4,412.1,581.0,134.1,-49.8,-5.3,,,,
41.766,5,Atta_5,249.4,759.2,321.5,-39.9,1.0,,,,
41.766,6,Atta_6,760.7,2060.4,20.1,39.1,-4.0,,,,
41.766,7,Atta_7,354.0,2172.2,85.6,53.5,-9.9,,,,
41.766,8,Atta_8,798.4,2519.1,85.5,-33.8,-2.0,,,,
41.766,9,Atta_9,1620.6,2589.4,24.4,-30.4,-1.3,,,,
41.766,10,Atta_10,716.9,2688.7,137.8,-16.0,-1.3,,,,
41.831,1,Atta_1,391.9,1354.6,104.6,47.6,5.1,,,,
41.831,2,Atta_2,1794.6,111.4,74.7,-56.8,5.7,,,,
41.831,3,Atta_3,1395.1,651.6,327.1,-72.0,-9.9,,,,
41.831,4,Atta_4,391.0,588.0,135.2,22.2,1.1,,,,
41.831,5,Atta_5,295.6,759.9,328.4,46.2,6.9,,,,
41.831,6,Atta_6,775.8,2026.7,20.1,36.9,0.0,,,,
41.831,7,Atta_7,322.3,2150.2,82.4,-38.6,-3.2,,,,
41.831,8,Atta_8,838.3,2594.2,89.2,85.0,3.7,,,,
41.831,9,Atta_9,1640.1,2524.5,25.1,-67.8,0.7,,,,
41.831,10,Atta_10,751.5,2715.0,137.1,-43.5,-0.7,,,,
41.898,1,Atta_1,408.2,1319.3,102.9,-38.9,-1.7,,,,
41.898,2,Atta_2,1776.0,138.0,76.6,32.5,1.9,,,,
41.898,3,Atta_3,1468.3,663.8,321.2,74.2,-5.9,,,,
41.898,4,Atta_4,370.2,594.0,137.4,21.6,2.2,,,,
41.898,5,Atta_5,307.0,752.4,332.0,13.6,3.6,,,,
41.898,6,Atta_6,759.9,2020.2,15.4,-17.2,-4.7,,,,
41.898,7,Atta_7,332.6,2166.3,74.1,19.1,-8.3,,,,
41.898,8,Atta_8,803.5,2606.6,84.2,36.9,-5.0,,,,
41.898,9,Atta_9,1657.7,2599.3,23.9,76.8,-1.2,,,,
41.898,10,Atta_10,723.9,2666.6,133.9,-55.7,-3.2,,,,
41.964,1,Atta_1,344.7,1366.3,102.1,79.0,-0.8,,,,
41.964,2,Atta_2,1810.4,221.3,81.1,90.1,4.5,,,,
41.964,3,Atta_3,1452.8,656.4,320.8,-17.2,-0.4,,,,
41.964,4,Atta_4,375.8,578.9,134.9,-16.1,-2.5,,,,
41.964,5,Atta_5,272.5,801.6,335.7,-60.1,3.7,,,,
41.964,6,Atta_6,762.5,2036.3,16.8,16.3,1.4,,,,
41.964,7,Atta_7,355.4,2119.8,73.2,-51.8,-0.9,,,,
41.964,8,Atta_8,842.9,2605.3,88.0,39.4,3.8,,,,
41.964,9,Atta_9,1693.8,2563.8,24.2,50.6,0.3,,,,
41.964,10,Atta_10,752.7,2701.4,134.9,45.2,1.0,,,,
42.032,1,Atta_1,383.3,1337.5,98.2,-48.2,-3.9,,,,
42.032,2,Atta_2,1811.5,143.0,85.5,-78.3,4.4,,,,
42.032,3,Atta_3,1439.0,658.2,315.5,-13.9,-5.3,,,,
42.032,4,Atta_4,479.0,564.3,136.7,-104.2,1.8,,,,
42.032,5,Atta_5,287.5,757.9,340.3,46.2,4.6,,,,
42.032,6,Atta_6,732.3,1974.9,9.9,-68.4,-6.9,,,,
42.032,7,Atta_7,298.8,2149.7,76.3,64.0,3.1,,,,
42.032,8,Atta_8,855.9,2561.4,89.6,-45.8,1.6,,,,
42.032,9,Atta_9,1723.1,2597.0,19.8,44.3,-4.4,,,,
42.032,10,Atta_10,748.7,2664.6,134.9,-37.0,0.0,,,,
42.101,1,Atta_1,378.7,1303.3,105.5,-34.5,7.3,,,,
42.101,2,Atta_2,1831.7,134.5,90.0,-21.9,4.5,,,,
42.101,3,Atta_3,1464.6,654.2,307.9,25.9,-7.6,,,,
42.101,4,Atta_4,404.6,541.6,137.6,77.8,0.9,,,,
42.101,5,Atta_5,312.9,777.6,344.7,32.1,4.4,,,,
42.101,6,Atta_6,733.8,2039.5,9.7,64.6,-0.2,,,,
42.101,7,Atta_7,289.8,2132.1,72.3,-19.8,-4.0,,,,
42.101,8,Atta_8,810.8,2652.2,94.2,101.4,4.6,,,,
42.101,9,Atta_9,1724.6,2534.8,18.4,-62.2,-1.4,,,,
42.101,10,Atta_10,693.2,2703.1,143.5,67.5,8.6,,,,
42.171,1,Atta_1,373.2,1351.0,104.9,48.0,-0.6,,,,
42.171,2,Atta_2,1749.8,146.7,95.7,82.8,5.7,,,,
42.171,3,Atta_3,1382.7,647.0,305.1,-82.2,-2.8,,,,
42.171,4,Atta_4,401.8,594.1,138.9,52.6,1.3,,,,
42.171,5,Atta_5,283.9,754.2,342.2,-37.3,-2.5,,,,
42.171,6,Atta_6,749.2,2049.8,11.8,18.5,2.1,,,,
42.171,7,Atta_7,308.9,2159.9,76.4,33.7,4.1,,,,
42.171,8,Atta_8,838.2,2584.4,91.5,-73.1,-2.7,,,,
42.171,9,Atta_9,1718.0,2509.4,20.7,-26.2,2.3,,,,
42.171,10,Atta_10,733.8,2691.4,144.5,-42.3,1.0,,,,
42.225,1,Atta_1,335.8,1351.1,105.6,37.4,0.7,,,,
42.225,2,Atta_2,1779.1,179.9,96.4,44.3,0.7,,,,
42.225,3,Atta_3,1457.3,672.4,302.7,78.8,-2.4,,,,
42.225,4,Atta_4,434.1,564.4,146.3,-43.9,7.4,,,,
42.225,5,Atta_5,259.9,732.8,344.5,-32.2,2.3,,,,
42.225,6,Atta_6,755.1,2040.3,9.1,11.2,-2.7,,,,
42.225,7,Atta_7,228.2,2198.6,76.0,89.5,-0.4,,,,
42.225,8,Atta_8,848.2,2621.6,90.8,38.5,-0.7,,,,
42.225,9,Atta_9,1743.5,2567.6,26.0,63.5,5.3,,,,
42.225,10,Atta_10,713.9,2655.1,142.2,-41.4,-2.3,,,,
42.293,1,Atta_1,383.7,1388.6,102.7,60.8,-2.9,,,,
42.293,2,Atta_2,1785.7,165.7,104.8,-15.7,8.4,,,,
42.293,3,Atta_3,1425.1,657.3,297.1,-35.6,-5.6,,,,
42.293,4,Atta_4,418.9,559.0,148.1,16.1,1.8,,,,
42.293,5,Atta_5,232.2,718.0,343.9,-31.4,-0.6,,,,
42.293,6,Atta_6,771.8,1979.0,12.1,63.5,3.0,,,,
42.293,7,Atta_7,314.5,2235.7,76.6,93.9,0.6,,,,
42.293,8,Atta_8,853.9,2564.2,90.2,-57.7,-0.6,,,,
42.293,9,Atta_9,1744.9,2583.0,23.2,15.5,-2.8,,,,
42.293,10,Atta_10,730.9,2693.1,145.0,41.6,2.8,,,,
42.362,1,Atta_1,350.7,1399.9,103.2,34.9,0.5,,,,
42.362,2,Atta_2,1823.2,73.2,108.0,-99.8,3.2,,,,
42.362,3,Atta_3,1437.1,673.9,292.1,-20.5,-5.0,,,,
42.362,4,Atta_4,423.0,524.2,154.5,-35.0,6.4,,,,
42.362,5,Atta_5,235.8,738.2,340.8,-20.5,-3.1,,,,
42.362,6,Atta_6,700.1,1953.4,14.3,-76.1,2.2,,,,
42.362,7,Atta_7,333.8,2182.9,77.1,-56.2,0.5,,,,
42.362,8,Atta_8,858.9,2513.7,94.0,-50.7,3.8,,,,
42.362,9,Atta_9,1705.4,2609.5,35.1,-47.6,11.9,,,,
42.362,10,Atta_10,750.0,2643.0,141.5,-53.6,-3.5,,,,
42.433,1,Atta_1,370.4,1417.9,102.3,26.7,-0.9,,,,
42.433,2,Atta_2,1819.5,150.2,110.8,77.1,2.8,,,,
42.433,3,Atta_3,1405.2,647.3,290.5,41.5,-1.6,,,,
42.433,4,Atta_4,413.9,601.4,154.8,77.7,0.3,,,,
42.433,5,Atta_5,252.4,667.4,345.9,72.7,5.1,,,,
42.433,6,Atta_6,755.0,2038.5,8.0,101.3,-6.3,,,,
42.433,7,Atta_7,338.5,2187.0,75.7,6.2,-1.4,,,,
42.433,8,Atta_8,856.0,2526.5,97.1,13.1,3.1,,,,
42.433,9,Atta_9,1725.3,2601.8,35.0,21.3,-0.1,,,,
42.433,10,Atta_10,732.9,2613.4,142.9,-34.2,1.4,,,,
42.497,1,Atta_1,381.4,1435.6,103.0,20.8,0.7,,,,
42.497,2,Atta_2,1782.4,151.1,115.7,37.1,4.9,,,,
42.497,3,Atta_3,1385.4,741.6,285.9,-96.4,-4.6,,,,
42.497,4,Atta_4,377.5,550.3,162.6,62.7,7.8,,,,
42.497,5,Atta_5,270.3,709.8,352.4,46.0,6.5,,,,
42.497,6,Atta_6,798.9,2023.4,11.2,46.4,3.2,,,,
42.497,7,Atta_7,272.7,2178.8,77.0,-66.3,1.3,,,,
42.497,8,Atta_8,824.0,2566.7,94.4,51.4,-2.7,,,,
42.497,9,Atta_9,1768.7,2606.2,42.9,43.6,7.9,,,,
42.497,10,Atta_10,802.3,2584.1,142.4,-75.3,-0.5,,,,
42.567,1,Atta_1,396.7,1395.1,103.7,-43.3,0.7,,,,
42.567,2,Atta_2,1834.5,215.6,122.6,82.9,6.9,,,,
42.567,3,Atta_3,1470.8,659.5,279.9,118.5,-6.0,,,,
42.567,4,Atta_4,390.2,541.2,165.2,-15.6,2.6,,,,
42.567,5,Atta_5,310.2,734.0,351.7,46.7,-0.7,,,,
42.567,6,Atta_6,838.7,2088.8,14.9,76.6,3.7,,,,
42.567,7,Atta_7,303.9,2148.0,79.4,-43.8,2.4,,,,
42.567,8,Atta_8,810.5,2488.5,95.4,-79.4,1.0,,,,
42.567,9,Atta_9,1751.8,2594.0,44.5,-20.8,1.6,,,,
42.567,10,Atta_10,759.4,2653.1,147.5,81.2,5.1,,,,
42.636,1,Atta_1,413.9,1439.6,104.2,47.7,0.5,,,,
42.636,2,Atta_2,1808.6,89.5,127.6,-128.7,5.0,,,,
42.636,3,Atta_3,1436.5,672.2,273.1,-36.6,-6.8,,,,
42.636,4,Atta_4,446.1,518.7,170.1,-60.3,4.9,,,,
42.636,5,Atta_5,263.9,749.1,0.7,-48.7,9.0,,,,
42.636,6,Atta_6,825.6,2035.7,9.3,-54.7,-5.6,,,,
42.636,7,Atta_7,283.8,2191.8,75.5,48.2,-3.9,,,,
42.636,8,Atta_8,819.2,2555.6,92.7,67.7,-2.7,,,,
42.636,9,Atta_9,1732.1,2584.3,48.5,-22.0,4.0,,,,
42.636,10,Atta_10,762.9,2624.0,151.4,-29.3,3.9,,,,
42.702,1,Atta_1,381.7,1450.2,102.0,33.9,-2.2,,,,
42.702,2,Atta_2,1809.7,214.1,126.2,124.6,-1.4,,,,
42.702,3,Atta_3,1392.2,651.9,274.9,48.7,1.8,,,,
42.702,4,Atta_4,371.3,601.6,176.3,111.7,6.2,,,,
42.702,5,Atta_5,353.0,716.5,7.2,94.9,6.5,,,,
42.702,6,Atta_6,817.4,2078.1,12.1,-43.2,2.8,,,,
42.702,7,Atta_7,307.9,2247.1,76.7,60.3,1.2,,,,
42.702,8,Atta_8,825.5,2523.6,83.8,-32.6,-8.9,,,,
42.702,9,Atta_9,1689.6,2597.5,54.8,-44.5,6.3,,,,
42.702,10,Atta_10,765.2,2642.1,162.2,18.2,10.8,,,,
42.772,1,Atta_1,360.7,1442.3,106.2,-22.4,4.2,,,,
42.772,2,Atta_2,1820.8,172.9,133.9,-42.7,7.7,,,,
42.772,3,Atta_3,1426.1,677.5,264.8,-42.5,-10.1,,,,
42.772,4,Atta_4,412.4,574.7,181.8,-49.1,5.5,,,,
42.772,5,Atta_5,320.7,729.6,10.9,-34.9,3.7,,,,
42.772,6,Atta_6,856.6,2124.6,14.8,60.8,2.7,,,,
42.772,7,Atta_7,380.5,2288.1,76.8,83.4,0.1,,,,
42.772,8,Atta_8,823.3,2555.2,86.3,31.7,2.5,,,,
42.772,9,Atta_9,1706.8,2535.1,55.8,-64.7,1.0,,,,
42.772,10,Atta_10,765.0,2655.8,163.1,13.7,0.9,,,,
42.838,1,Atta_1,293.8,1504.3,105.0,91.2,-1.2,,,,
42.838,2,Atta_2,1835.8,143.0,139.2,-33.5,5.3,,,,
42.838,3,Atta_3,1402.4,658.4,265.4,30.4,0.6,,,,
42.838,4,Atta_4,464.2,562.7,187.7,-53.2,5.9,,,,
42.838,5,Atta_5,283.9,719.2,14.4,-38.2,3.5,,,,
42.838,6,Atta_6,787.2,2051.8,11.9,-100.6,-2.9,,,,
42.838,7,Atta_7,374.6,2199.2,78.8,-89.1,2.0,,,,
42.838,8,Atta_8,798.5,2560.8,78.4,25.4,-7.9,,,,
42.838,9,Atta_9,1720.0,2646.9,60.6,112.6,4.8,,,,
42.838,10,Atta_10,772.1,2616.6,165.3,-39.8,2.2,,,,
42.893,1,Atta_1,377.6,1525.2,102.2,-86.4,-2.8,,,,
42.893,2,Atta_2,1794.1,172.7,142.0,51.2,2.8,,,,
42.893,3,Atta_3,1401.1,666.3,255.5,-8.0,-9.9,,,,
42.893,4,Atta_4,412.6,558.7,188.7,51.8,1.0,,,,
42.893,5,Atta_5,327.2,724.9,16.3,43.7,1.9,,,,
42.893,6,Atta_6,901.0,2101.6,13.9,124.2,2.0,,,,
42.893,7,Atta_7,351.0,2293.0,78.5,96.7,-0.3,,,,
42.893,8,Atta_8,858.0,2523.8,71.3,-70.1,-7.1,,,,
42.893,9,Atta_9,1739.7,2564.5,68.5,-84.7,7.9,,,,
42.893,10,Atta_10,710.4,2605.8,170.8,62.6,5.5,,,,
42.963,1,Atta_1,387.4,1458.7,102.3,-67.2,0.1,,,,
42.963,2,Atta_2,1793.2,93.1,149.3,-79.6,7.3,,,,
42.963,3,Atta_3,1419.4,627.3,250.9,43.1,-4.6,,,,
42.963,4,Atta_4,484.9,504.1,194.4,-90.6,5.7,,,,
42.963,5,Atta_5,266.6,696.7,27.8,-66.8,11.5,,,,
42.963,6,Atta_6,834.2,2090.2,11.4,-67.8,-2.5,,,,
42.963,7,Atta_7,362.2,2264.5,79.7,-30.6,1.2,,,,
42.963,8,Atta_8,827.9,2536.1,66.2,32.5,-5.1,,,,
42.963,9,Atta_9,1725.4,2589.3,71.0,28.6,2.5,,,,
42.963,10,Atta_10,787.4,2647.7,173.8,-87.7,3.0,,,,
43.015,1,Atta_1,320.8,1509.5,107.3,83.8,5.0,,,,
43.015,2,Atta_2,1798.9,147.7,153.1,54.9,3.8,,,,
43.015,3,Atta_3,1432.3,656.1,244.5,-31.6,-6.4,,,,
43.015,4,Atta_4,419.2,559.4,193.3,85.9,-1.1,,,,
43.015,5,Atta_5,301.0,725.8,28.4,45.1,0.6,,,,
43.015,6,Atta_6,857.4,2042.9,8.1,52.7,-3.3,,,,
43.015,7,Atta_7,333.0,2290.1,70.6,38.8,-9.1,,,,
43.015,8,Atta_8,834.3,2503.2,66.0,-33.5,-0.2,,,,
43.015,9,Atta_9,1823.1,2601.1,75.9,98.4,4.9,,,,
43.015,10,Atta_10,835.7,2640.4,178.6,-48.8,4.8,,,,
43.086,1,Atta_1,354.8,1561.1,106.1,61.8,-1.2,,,,
43.086,2,Atta_2,1808.3,142.7,159.2,-10.6,6.1,,,,
43.086,3,Atta_3,1418.3,695.0,245.8,-41.3,1.3,,,,
43.086,4,Atta_4,341.2,604.4,192.5,90.0,-0.8,,,,
43.086,5,Atta_5,277.7,711.3,29.5,-27.4,1.1,,,,
43.086,6,Atta_6,855.4,2009.1,11.6,-33.9,3.5,,,,
43.086,7,Atta_7,294.5,2247.5,74.4,-57.4,3.8,,,,
43.086,8,Atta_8,862.8,2523.2,58.2,34.8,-7.8,,,,
43.086,9,Atta_9,1715.2,2599.5,80.1,-107.9,4.2,,,,
43.086,10,Atta_10,727.7,2608.9,179.8,112.5,1.2,,,,
43.152,1,Atta_1,349.7,1563.3,108.3,5.6,2.2,,,,
43.152,2,Atta_2,1813.0,131.7,161.6,-12.0,2.4,,,,
43.152,3,Atta_3,1440.3,643.1,246.3,56.4,0.5,,,,
43.152,4,Atta_4,456.1,577.7,190.9,-118.0,-1.6,,,,
43.152,5,Atta_5,307.5,737.7,34.6,39.8,5.1,,,,
43.152,6,Atta_6,937.1,2036.5,13.1,86.2,1.5,,,,
43.152,7,Atta_7,315.0,2302.4,76.4,58.6,2.0,,,,
43.152,8,Atta_8,821.1,2550.9,55.5,50.1,-2.7,,,,
43.152,9,Atta_9,1753.9,2551.0,87.0,-62.0,6.9,,,,
43.152,10,Atta_10,757.1,2606.3,191.5,-29.5,11.7,,,,
43.222,1,Atta_1,343.8,1563.0,106.9,5.9,-1.4,,,,
43.222,2,Atta_2,1744.3,200.4,163.9,97.2,2.3,,,,
43.222,3,Atta_3,1434.2,677.0,243.5,-34.4,-2.8,,,,
43.222,4,Atta_4,461.1,602.5,193.1,-25.3,2.2,,,,
43.222,5,Atta_5,281.3,684.5,40.1,-59.3,5.5,,,,
43.222,6,Atta_6,924.8,2058.1,11.4,-24.9,-1.7,,,,
43.222,7,Atta_7,321.7,2287.0,76.1,-16.8,-0.3,,,,
43.222,8,Atta_8,864.3,2554.0,51.3,43.3,-4.2,,,,
43.222,9,Atta_9,1704.3,2626.8,89.6,90.6,2.6,,,,
43.222,10,Atta_10,812.7,2634.5,192.7,-62.3,1.2,,,,
43.286,1,Atta_1,331.8,1587.8,104.4,27.6,-2.5,,,,
43.286,2,Atta_2,1810.2,103.5,164.7,-117.2,0.8,,,,
43.286,3,Atta_3,1429.6,597.5,247.1,79.6,3.6,,,,
43.286,4,Atta_4,409.6,494.2,195.6,119.9,2.5,,,,
43.286,5,Atta_5,282.0,800.3,47.8,115.8,7.7,,,,
43.286,6,Atta_6,928.8,2036.1,14.2,-22.4,2.8,,,,
43.286,7,Atta_7,323.8,2262.5,77.6,-24.6,1.5,,,,
43.286,8,Atta_8,815.5,2528.0,42.7,-55.3,-8.6,,,,
43.286,9,Atta_9,1738.0,2579.8,93.9,-57.8,4.3,,,,
43.286,10,Atta_10,798.4,2625.2,194.7,17.1,2.0,,,,
43.356,1,Atta_1,340.5,1557.4,104.5,-31.6,0.1,,,,
43.356,2,Atta_2,1850.0,144.2,169.5,-56.9,4.8,,,,
43.356,3,Atta_3,1451.0,675.0,242.9,-80.4,-4.2,,,,
43.356,4,Atta_4,416.0,570.9,197.0,-77.0,1.4,,,,
43.356,5,Atta_5,287.2,684.1,53.0,-116.3,5.2,,,,
43.356,6,Atta_6,939.4,2078.6,10.9,43.8,-3.3,,,,
43.356,7,Atta_7,371.5,2329.5,74.5,82.2,-3.1,,,,
43.356,8,Atta_8,868.9,2498.1,39.0,61.2,-3.7,,,,
43.356,9,Atta_9,1729.6,2575.4,99.0,-9.5,5.1,,,,
43.356,10,Atta_10,746.0,2679.0,202.5,75.1,7.8,,,,
43.424,1,Atta_1,297.7,1588.9,103.5,53.1,-1.0,,,,
43.424,2,Atta_2,1874.6,135.6,165.7,-26.1,-3.8,,,,
43.424,3,Atta_3,1393.4,610.6,246.6,86.4,3.7,,,,
43.424,4,Atta_4,353.9,548.1,195.8,66.2,-1.2,,,,
43.424,5,Atta_5,246.3,749.2,54.1,76.9,1.1,,,,
43.424,6,Atta_6,961.0,2047.3,8.9,38.0,-2.0,,,,
43.424,7,Atta_7,349.2,2410.9,76.1,84.4,1.6,,,,
43.424,8,Atta_8,846.3,2542.1,39.5,49.5,0.5,,,,
43.424,9,Atta_9,1779.2,2587.5,95.3,51.1,-3.7,,,,
43.424,10,Atta_10,796.2,2615.7,204.2,-80.8,1.7,,,,
43.491,1,Atta_1,356.9,1559.5,103.6,-66.1,0.1,,,,
43.491,2,Atta_2,1797.6,178.4,165.7,88.1,0.0,,,,
43.491,3,Atta_3,1417.9,644.2,245.2,-41.6,-1.4,,,,
43.491,4,Atta_4,353.1,570.9,191.7,-22.8,-4.1,,,,
43.491,5,Atta_5,236.5,748.9,57.9,-9.8,3.8,,,,
43.491,6,Atta_6,974.0,2070.1,13.3,26.2,4.4,,,,
43.491,7,Atta_7,312.4,2384.4,78.3,-45.3,2.2,,,,
43.491,8,Atta_8,829.9,2504.6,41.4,-40.9,1.9,,,,
43.491,9,Atta_9,1623.8,2535.0,95.4,-164.0,0.1,,,,
43.491,10,Atta_10,784.6,2594.7,208.8,24.0,4.6,,,,
43.56,1,Atta_1,282.6,1637.1,104.5,107.4,0.9,,,,
43.56,2,Atta_2,1839.9,179.8,168.6,-42.3,2.9,,,,
43.56,3,Atta_3,1398.7,623.7,246.6,28.1,1.4,,,,
43.56,4,Atta_4,409.1,560.4,191.4,-57.0,-0.3,,,,
43.56,5,Atta_5,369.0,751.6,66.2,132.5,8.3,,,,
43.56,6,Atta_6,980.8,2093.1,12.4,24.0,-0.9,,,,
43.56,7,Atta_7,394.5,2353.9,81.3,-87.6,3.0,,,,
43.56,8,Atta_8,866.7,2560.0,39.4,66.5,-2.0,,,,
43.56,9,Atta_9,1737.2,2518.4,97.5,-114.6,2.1,,,,
43.56,10,Atta_10,776.5,2606.1,216.7,14.0,7.9,,,,
43.632,1,Atta_1,371.6,1597.0,104.8,-97.6,0.3,,,,
43.632,2,Atta_2,1818.0,117.8,170.4,65.8,1.8,,,,
43.632,3,Atta_3,1377.1,619.4,246.9,22.0,0.3,,,,
43.632,4,Atta_4,333.6,531.5,192.4,80.8,1.0,,,,
43.632,5,Atta_5,285.4,710.7,68.7,-93.1,2.5,,,,
43.632,6,Atta_6,990.9,2057.8,11.7,36.7,-0.7,,,,
43.632,7,Atta_7,312.9,2310.8,76.2,-92.3,-5.1,,,,
43.632,8,Atta_8,861.2,2491.6,39.9,-68.6,0.5,,,,
43.632,9,Atta_9,1766.0,2569.3,97.7,58.5,0.2,,,,
43.632,10,Atta_10,742.9,2635.8,216.0,44.8,-0.7,,,,
43.756,1,Atta_1,378.2,1603.5,104.0,9.3,-0.8,,,,
43.756,2,Atta_2,1843.2,110.9,173.8,-26.1,3.4,,,,
43.756,3,Atta_3,1382.6,615.3,246.8,6.9,-0.1,,,,
43.756,4,Atta_4,342.3,551.7,195.3,-22.0,2.9,,,,
43.756,5,Atta_5,347.0,695.6,72.3,63.4,3.6,,,,
43.756,6,Atta_6,963.0,2086.9,12.0,-40.3,0.3,,,,
43.756,7,Atta_7,362.1,2333.5,78.4,54.2,2.2,,,,
43.756,8,Atta_8,810.5,2557.2,39.9,82.9,0.0,,,,
43.756,9,Atta_9,1714.6,2642.2,90.1,89.2,-7.6,,,,
43.756,10,Atta_10,827.1,2618.9,223.1,-85.9,7.1,,,,
43.807,1,Atta_1,314.0,1685.8,103.9,104.4,-0.1,,,,
43.807,2,Atta_2,1778.9,158.4,182.5,79.9,8.7,,,,
43.807,3,Atta_3,1388.9,609.5,246.6,8.6,-0.2,,,,
43.807,4,Atta_4,375.4,538.8,195.5,-35.5,0.2,,,,
43.807,5,Atta_5,279.2,699.1,66.5,-67.9,-5.8,,,,
43.807,6,Atta_6,999.3,2069.7,12.6,40.2,0.6,,,,
43.807,7,Atta_7,370.5,2424.7,76.6,91.6,-1.8,,,,
43.807,8,Atta_8,781.2,2520.9,39.6,-46.6,-0.3,,,,
43.807,9,Atta_9,1688.9,2617.6,86.4,-35.6,-3.7,,,,
43.807,10,Atta_10,777.2,2632.4,229.3,51.7,6.2,,,,
43.876,1,Atta_1,307.5,1637.8,103.7,-48.4,-0.2,,,,
43.876,2,Atta_2,1804.7,136.2,185.7,-34.0,3.2,,,,
43.876,3,Atta_3,1355.8,582.5,246.3,42.7,-0.3,,,,
43.876,4,Atta_4,355.1,538.1,192.8,20.3,-2.7,,,,
43.876,5,Atta_5,338.8,738.9,70.3,71.7,3.8,,,,
43.876,6,Atta_6,1017.3,2055.7,11.8,22.8,-0.8,,,,
43.876,7,Atta_7,390.7,2427.0,76.9,20.3,0.3,,,,
43.876,8,Atta_8,857.3,2541.6,40.1,78.9,0.5,,,,
43.876,9,Atta_9,1705.4,2518.1,81.2,-100.9,-5.2,,,,
43.876,10,Atta_10,777.4,2625.4,235.4,7.0,6.1,,,,
43.942,1,Atta_1,290.6,1627.7,105.5,-19.7,1.8,,,,
43.942,2,Atta_2,1819.6,131.5,188.5,-15.6,2.8,,,,
43.942,3,Atta_3,1363.7,594.3,251.9,-14.2,5.6,,,,
43.942,4,Atta_4,284.3,514.7,192.9,74.6,0.1,,,,
43.942,5,Atta_5,306.9,713.8,68.3,-40.6,-2.0,,,,
43.942,6,Atta_6,975.2,2077.0,7.9,-47.2,-3.9,,,,
43.942,7,Atta_7,327.6,2390.1,78.4,-73.1,1.5,,,,
43.942,8,Atta_8,857.7,2561.8,40.2,20.2,0.1,,,,
43.942,9,Atta_9,1740.2,2535.7,78.2,39.0,-3.0,,,,
43.942,10,Atta_10,788.3,2612.1,236.3,17.2,0.9,,,,
44.008,1,Atta_1,263.7,1674.9,108.1,54.3,2.6,,,,
44.008,2,Atta_2,1741.1,122.6,195.1,79.0,6.6,,,,
44.008,3,Atta_3,1358.1,588.8,246.1,7.8,-5.8,,,,
44.008,4,Atta_4,317.0,567.8,193.2,-62.4,0.3,,,,
44.008,5,Atta_5,320.2,752.2,69.1,40.6,0.8,,,,
44.008,6,Atta_6,1031.6,2084.7,10.3,56.9,2.4,,,,
44.008,7,Atta_7,418.9,2436.5,76.1,102.4,-2.3,,,,
44.008,8,Atta_8,828.0,2564.0,38.0,-29.8,-2.2,,,,
44.008,9,Atta_9,1738.8,2560.0,73.5,24.3,-4.7,,,,
44.008,10,Atta_10,738.9,2540.6,237.2,86.9,0.9,,,,
44.076,1,Atta_1,301.0,1687.7,106.4,39.4,-1.7,,,,
44.076,2,Atta_2,1807.6,151.2,200.1,-72.4,5.0,,,,
44.076,3,Atta_3,1408.6,542.9,249.3,68.2,3.2,,,,
44.076,4,Atta_4,290.3,523.7,193.5,51.6,0.3,,,,
44.076,5,Atta_5,269.8,756.3,68.6,-50.6,-0.5,,,,
44.076,6,Atta_6,1055.9,2061.0,12.4,33.9,2.1,,,,
44.076,7,Atta_7,410.3,2418.2,76.4,-20.2,0.3,,,,
44.076,8,Atta_8,895.0,2592.3,39.7,72.7,1.7,,,,
44.076,9,Atta_9,1742.4,2566.6,68.3,7.5,-5.2,,,,
44.076,10,Atta_10,812.1,2629.8,233.5,-115.4,-3.7,,,,
44.142,1,Atta_1,351.1,1669.8,104.7,-53.2,-1.7,,,,
44.142,2,Atta_2,1812.1,180.2,201.1,-29.3,1.0,,,,
44.142,3,Atta_3,1349.1,593.7,245.1,-78.2,-4.2,,,,
44.142,4,Atta_4,295.9,557.3,193.9,-34.1,0.4,,,,
44.142,5,Atta_5,320.7,786.9,69.7,59.4,1.1,,,,
44.142,6,Atta_6,1023.4,2103.1,9.8,-53.2,-2.6,,,,
44.142,7,Atta_7,415.3,2453.7,75.6,35.9,-0.8,,,,
44.142,8,Atta_8,826.4,2538.6,35.5,-87.1,-4.2,,,,
44.142,9,Atta_9,1726.2,2642.8,66.7,77.9,-1.6,,,,
44.142,10,Atta_10,798.7,2644.8,235.4,-20.1,1.9,,,,
44.211,1,Atta_1,279.0,1734.1,106.6,96.6,1.9,,,,
44.211,2,Atta_2,1845.6,143.0,205.9,-50.1,4.8,,,,
44.211,3,Atta_3,1338.3,577.2,247.4,19.7,2.3,,,,
44.211,4,Atta_4,315.9,530.7,203.8,-33.3,9.9,,,,
44.211,5,Atta_5,265.7,710.9,69.5,-93.8,-0.2,,,,
44.211,6,Atta_6,1112.9,2101.6,12.7,89.5,2.9,,,,
44.211,7,Atta_7,379.1,2447.7,78.7,-36.7,3.1,,,,
44.211,8,Atta_8,915.1,2554.3,37.5,90.1,2.0,,,,
44.211,9,Atta_9,1798.5,2610.5,69.8,-79.2,3.1,,,,
44.211,10,Atta_10,796.5,2638.0,234.0,7.1,-1.4,,,,
44.278,1,Atta_1,333.5,1704.7,105.2,-61.9,-1.4,,,,
44.278,2,Atta_2,1782.1,157.9,212.9,65.2,7.0,,,,
44.278,3,Atta_3,1321.4,589.1,250.1,-20.7,2.7,,,,
44.278,4,Atta_4,327.5,554.6,209.3,-26.6,5.5,,,,
44.278,5,Atta_5,269.7,771.9,72.8,61.1,3.3,,,,
44.278,6,Atta_6,1046.2,2105.5,13.6,-66.8,0.9,,,,
44.278,7,Atta_7,324.1,2466.9,80.9,58.3,2.2,,,,
44.278,8,Atta_8,893.5,2613.1,37.8,62.6,0.3,,,,
44.278,9,Atta_9,1768.3,2582.0,66.8,-41.5,-3.0,,,,
44.278,10,Atta_10,783.9,2621.0,236.6,21.2,2.6,,,,
44.344,1,Atta_1,298.4,1759.5,104.5,65.1,-0.7,,,,
44.344,2,Atta_2,1789.0,122.7,216.1,35.9,3.2,,,,
44.344,3,Atta_3,1350.9,570.5,244.1,34.9,-6.0,,,,
44.344,4,Atta_4,300.2,494.2,217.5,66.3,8.2,,,,
44.344,5,Atta_5,283.5,805.0,72.3,35.9,-0.5,,,,
44.344,6,Atta_6,1054.3,2150.7,11.3,45.9,-2.3,,,,
44.344,7,Atta_7,383.9,2554.9,75.6,106.4,-5.3,,,,
44.344,8,Atta_8,842.4,2594.6,37.5,-54.3,-0.3,,,,
44.344,9,Atta_9,1686.2,2568.5,66.4,-83.2,-0.4,,,,
44.344,10,Atta_10,779.5,2611.4,236.6,10.6,0.0,,,,
44.413,1,Atta_1,333.4,1752.3,106.4,-35.7,1.9,,,,
44.413,2,Atta_2,1804.1,193.9,224.4,-72.8,8.3,,,,
44.413,3,Atta_3,1342.4,469.8,246.0,101.1,1.9,,,,
44.413,4,Atta_4,317.1,558.3,214.5,-66.3,-3.0,,,,
44.413,5,Atta_5,308.9,774.4,68.7,-39.8,-3.6,,,,
44.413,6,Atta_6,1002.9,2077.1,11.8,-89.8,0.5,,,,
44.413,7,Atta_7,355.8,2473.9,77.2,-85.7,1.6,,,,
44.413,8,Atta_8,899.6,2641.3,39.4,73.8,1.9,,,,
44.413,9,Atta_9,1757.7,2553.4,65.2,73.1,-1.2,,,,
44.413,10,Atta_10,764.5,2579.3,233.7,35.4,-2.9,,,,
44.479,1,Atta_1,300.3,1809.8,107.0,66.3,0.6,,,,
44.479,2,Atta_2,1773.8,121.4,224.1,78.6,-0.3,,,,
44.479,3,Atta_3,1308.2,561.3,244.5,-97.7,-1.5,,,,
44.479,4,Atta_4,261.6,547.4,221.6,56.6,7.1,,,,
44.479,5,Atta_5,324.6,794.2,69.1,25.3,0.4,,,,
44.479,6,Atta_6,991.5,2107.4,12.1,-32.4,0.3,,,,
44.479,7,Atta_7,380.5,2515.5,78.5,48.4,1.3,,,,
44.479,8,Atta_8,890.3,2652.9,36.0,14.9,-3.4,,,,
44.479,9,Atta_9,1717.1,2578.9,65.4,47.9,0.2,,,,
44.479,10,Atta_10,790.8,2619.5,237.1,-48.0,3.4,,,,
44.545,1,Atta_1,301.7,1736.0,102.2,-73.8,-4.8,,,,
44.545,2,Atta_2,1772.5,174.7,232.2,-53.3,8.1,,,,
44.545,3,Atta_3,1329.4,546.2,244.7,26.0,0.2,,,,
44.545,4,Atta_4,293.6,563.2,227.4,-35.7,5.8,,,,
44.545,5,Atta_5,311.0,845.9,71.8,53.5,2.7,,,,
44.545,6,Atta_6,987.7,2111.2,12.4,-5.4,0.3,,,,
44.545,7,Atta_7,361.1,2527.0,75.7,22.6,-2.8,,,,
44.545,8,Atta_8,925.7,2596.7,32.5,-66.4,-3.5,,,,
44.545,9,Atta_9,1803.2,2606.0,67.7,90.3,2.3,,,,
44.545,10,Atta_10,732.2,2581.1,237.7,70.1,0.6,,,,
44.612,1,Atta_1,321.0,1760.1,104.6,30.9,2.4,,,,
44.612,2,Atta_2,1833.9,171.0,233.8,-61.5,1.6,,,,
44.612,3,Atta_3,1271.8,440.0,244.8,120.8,0.1,,,,
44.612,4,Atta_4,292.0,527.1,229.7,36.1,2.3,,,,
44.612,5,Atta_5,393.5,851.4,72.5,82.7,0.7,,,,
44.612,6,Atta_6,976.4,2061.3,13.4,-51.2,1.0,,,,
44.612,7,Atta_7,420.8,2560.0,79.8,68.2,4.1,,,,
44.612,8,Atta_8,921.5,2632.9,30.9,36.4,-1.6,,,,
44.612,9,Atta_9,1742.1,2624.0,64.5,-63.7,-3.2,,,,
44.612,10,Atta_10,756.3,2556.5,234.3,34.4,-3.4,,,,
44.683,1,Atta_1,351.9,1781.6,105.3,37.6,0.7,,,,
44.683,2,Atta_2,1815.2,170.9,240.1,18.7,6.3,,,,
44.683,3,Atta_3,1403.7,514.3,247.0,-151.4,2.2,,,,
44.683,4,Atta_4,285.7,516.8,236.4,12.1,6.7,,,,
44.683,5,Atta_5,312.5,821.2,74.4,-86.4,1.9,,,,
44.683,6,Atta_6,942.7,2095.0,15.2,-47.7,1.8,,,,
44.683,7,Atta_7,449.2,2580.5,79.6,35.0,-0.2,,,,
44.683,8,Atta_8,946.6,2586.4,27.5,-52.8,-3.4,,,,
44.683,9,Atta_9,1739.2,2658.8,69.4,34.9,4.9,,,,
44.683,10,Atta_10,793.1,2607.6,235.9,-63.0,1.6,,,,
44.755,1,Atta_1,270.7,1821.9,105.1,90.7,-0.2,,,,
44.755,2,Atta_2,1815.8,137.5,243.5,33.4,3.4,,,,
44.755,3,Atta_3,1278.9,436.8,246.7,146.9,-0.3,,,,
44.755,4,Atta_4,281.0,505.2,238.7,12.5,2.3,,,,
44.755,5,Atta_5,342.5,864.5,72.2,52.7,-2.2,,,,
44.755,6,Atta_6,979.9,2016.3,9.6,87.0,-5.6,,,,
44.755,7,Atta_7,343.4,2621.9,75.6,113.6,-4.0,,,,
44.755,8,Atta_8,941.9,2658.4,20.5,72.2,-7.0,,,,
44.755,9,Atta_9,1795.0,2624.2,65.9,-65.7,-3.5,,,,
44.755,10,Atta_10,721.6,2514.4,237.9,117.5,2.0,,,,
44.817,1,Atta_1,322.3,1719.2,106.0,-114.9,0.9,,,,
44.817,3,Atta_3,1327.8,453.9,247.5,-51.8,0.8,,,,
44.817,4,Atta_4,326.2,476.3,243.0,53.6,4.3,,,,
44.817,5,Atta_5,308.8,801.4,67.8,-71.5,-4.4,,,,
44.817,6,Atta_6,938.8,2007.1,6.5,-42.1,-3.1,,,,
44.817,7,Atta_7,407.8,2594.6,78.2,-69.9,2.6,,,,
44.817,8,Atta_8,894.3,2600.7,15.9,-74.8,-4.6,,,,
44.817,9,Atta_9,1710.6,2609.2,66.9,-85.7,1.0,,,,
44.817,10,Atta_10,740.1,2563.2,238.0,-52.2,0.1,,,,
44.888,1,Atta_1,188.0,1774.7,106.6,145.3,0.6,,,,
44.888,2,Atta_2,1798.8,155.0,252.9,-24.4,9.4,,,,
44.888,3,Atta_3,1283.2,435.8,246.8,48.1,-0.7,,,,
44.888,4,Atta_4,280.7,500.4,246.8,-51.5,3.8,,,,
44.888,5,Atta_5,355.1,862.0,72.7,76.3,4.9,,,,
44.888,6,Atta_6,1013.7,2083.0,5.0,106.6,-1.5,,,,
44.888,7,Atta_7,383.7,2573.8,74.2,-31.8,-4.0,,,,
44.888,8,Atta_8,907.6,2684.8,9.4,85.1,-6.5,,,,
44.888,9,Atta_9,1772.2,2608.7,66.4,61.6,-0.5,,,,
44.888,10,Atta_10,681.8,2611.5,231.2,-75.7,-6.8,,,,
44.954,1,Atta_1,294.8,1769.0,105.9,-107.0,-0.7,,,,
44.954,2,Atta_2,1828.1,132.1,253.9,37.2,1.0,,,,
44.954,3,Atta_3,1306.1,430.5,245.9,-23.5,-0.9,,,,
44.954,4,Atta_4,334.4,502.2,255.2,-53.7,8.4,,,,
44.954,5,Atta_5,358.3,895.4,66.6,33.6,-6.1,,,,
44.954,6,Atta_6,1013.3,2091.0,356.8,8.0,-8.2,,,,
44.954,7,Atta_7,425.1,2614.4,77.8,58.0,3.6,,,,
44.954,8,Atta_8,915.3,2614.2,4.4,-71.0,-5.0,,,,
44.954,9,Atta_9,1754.8,2665.8,71.0,59.7,4.6,,,,
44.954,10,Atta_10,648.4,2503.7,237.0,112.9,5.8,,,,
45.02,1,Atta_1,274.3,1823.2,111.4,57.9,5.5,,,,
45.02,2,Atta_2,1833.7,153.2,254.6,-21.8,0.7,,,,
45.02,3,Atta_3,1301.9,493.3,251.2,-62.9,5.3,,,,
45.02,4,Atta_4,295.6,559.9,257.3,-69.5,2.1,,,,
45.02,5,Atta_5,297.5,914.9,74.0,-63.9,7.4,,,,
45.02,6,Atta_6,956.1,2083.5,353.8,-57.7,-3.0,,,,
45.02,7,Atta_7,412.5,2580.2,76.4,-36.4,-1.4,,,,
45.02,8,Atta_8,924.7,2610.5,3.5,10.1,-0.9,,,,
45.02,9,Atta_9,1776.5,2666.8,67.7,21.7,-3.3,,,,
45.02,10,Atta_10,720.9,2547.5,233.8,-84.7,-3.2,,,,
45.075,1,Atta_1,322.7,1868.3,108.1,66.2,-3.3,,,,
45.075,2,Atta_2,1757.1,119.0,257.4,83.9,2.8,,,,
45.075,3,Atta_3,1300.3,427.4,246.4,65.9,-4.8,,,,
45.075,4,Atta_4,219.6,554.5,257.2,76.2,-0.1,,,,
45.075,5,Atta_5,378.2,920.4,70.7,80.9,-3.3,,,,
45.075,6,Atta_6,994.4,2098.7,346.2,41.2,-7.6,,,,
45.075,7,Atta_7,459.9,2601.2,77.0,51.8,0.6,,,,
45.075,8,Atta_8,924.4,2566.7,355.7,-43.8,-7.8,,,,
45.075,9,Atta_9,1770.4,2698.8,68.1,32.6,0.4,,,,
45.075,10,Atta_10,692.5,2477.8,234.5,75.3,0.7,,,,
45.141,1,Atta_1,285.1,1884.5,105.5,40.9,-2.6,,,,
45.141,2,Atta_2,1790.2,173.4,251.8,-63.7,-5.6,,,,
45.141,3,Atta_3,1315.7,418.7,248.6,17.7,2.2,,,,
45.141,4,Atta_4,316.6,480.4,267.7,122.1,10.5,,,,
45.141,5,Atta_5,358.2,957.2,73.4,41.9,2.7,,,,
45.141,6,Atta_6,969.0,2132.9,346.1,-42.6,-0.1,,,,
45.141,7,Atta_7,452.8,2670.9,76.3,70.1,-0.7,,,,
45.141,8,Atta_8,958.6,2612.2,353.0,56.9,-2.7,,,,
45.141,9,Atta_9,1793.9,2691.3,66.8,24.7,-1.3,,,,
45.141,10,Atta_10,712.9,2493.1,234.9,-25.5,0.4,,,,
45.21,1,Atta_1,275.0,1811.6,111.5,-73.6,6.0,,,,
45.21,2,Atta_2,1797.8,99.1,250.0,74.7,-1.8,,,,
45.21,3,Atta_3,1240.2,318.3,247.1,125.6,-1.5,,,,
45.21,4,Atta_4,262.6,485.8,269.8,-54.3,2.1,,,,
45.21,5,Atta_5,387.9,878.2,71.7,-84.4,-1.7,,,,
45.21,6,Atta_6,992.4,2078.5,343.2,59.2,-2.9,,,,
45.21,7,Atta_7,385.5,2597.6,76.6,-99.5,0.3,,,,
45.21,8,Atta_8,904.9,2584.1,347.8,-60.6,-5.2,,,,
45.21,9,Atta_9,1794.0,2677.7,67.1,-13.6,0.3,,,,
45.21,10,Atta_10,674.0,2480.5,233.1,40.9,-1.8,,,,
45.279,1,Atta_1,251.4,1875.0,115.2,67.6,3.7,,,,
45.279,2,Atta_2,1791.4,122.8,249.4,-24.5,-0.6,,,,
45.279,3,Atta_3,1325.8,407.1,245.9,-123.3,-1.2,,,,
45.279,4,Atta_4,285.8,547.5,278.2,-65.9,8.4,,,,
45.279,5,Atta_5,374.2,923.9,72.1,47.7,0.4,,,,
45.279,6,Atta_6,950.4,2055.7,333.6,-47.8,-9.6,,,,
45.279,7,Atta_7,435.9,2640.7,77.0,66.3,0.4,,,,
45.279,8,Atta_8,920.6,2561.1,347.4,27.8,-0.4,,,,
45.279,9,Atta_9,1789.6,2672.1,61.7,-7.1,-5.4,,,,
45.279,10,Atta_10,622.9,2460.5,233.6,54.9,0.5,,,,
45.347,1,Atta_1,241.8,1853.5,118.6,-23.5,3.4,,,,
45.347,2,Atta_2,1782.9,135.8,244.9,-15.5,-4.5,,,,
45.347,3,Atta_3,1267.8,432.2,245.3,63.2,-0.6,,,,
45.347,4,Atta_4,267.7,567.9,280.8,-27.3,2.6,,,,
45.347,5,Atta_5,428.1,888.0,75.3,-64.8,3.2,,,,
45.347,6,Atta_6,1044.8,2077.2,330.0,96.8,-3.6,,,,
45.347,7,Atta_7,417.7,2663.6,77.0,29.3,0.0,,,,
45.347,8,Atta_8,895.8,2605.9,339.8,-51.2,-7.6,,,,
45.347,9,Atta_9,1796.3,2704.9,63.2,33.5,1.5,,,,
45.347,10,Atta_10,681.6,2514.1,236.7,-79.5,3.1,,,,
45.402,1,Atta_1,248.8,1893.6,122.9,40.7,4.3,,,,
45.402,2,Atta_2,1806.2,114.2,241.7,31.8,-3.2,,,,
45.402,3,Atta_3,1262.1,345.7,243.9,86.7,-1.4,,,,
45.402,4,Atta_4,258.3,558.4,287.1,13.4,6.3,,,,
45.402,5,Atta_5,391.8,943.8,70.3,66.6,-5.0,,,,
45.402,6,Atta_6,1019.3,2121.8,328.9,-51.4,-1.1,,,,
45.402,7,Atta_7,401.0,2639.6,77.4,-29.2,0.4,,,,
45.402,8,Atta_8,957.8,2573.8,333.0,69.8,-6.8,,,,
45.402,9,Atta_9,1777.8,2686.4,61.8,-26.2,-1.4,,,,
45.402,10,Atta_10,688.9,2453.6,233.5,60.9,-3.2,,,,
45.469,1,Atta_1,276.3,1832.2,130.2,-67.3,7.3,,,,
45.469,2,Atta_2,1795.0,202.5,236.5,-89.0,-5.2,,,,
45.469,3,Atta_3,1314.5,372.1,239.4,-58.7,-4.5,,,,
45.469,4,Atta_4,262.0,526.2,288.4,32.4,1.3,,,,
45.469,5,Atta_5,390.9,919.1,71.2,-24.7,0.9,,,,
45.469,6,Atta_6,1028.9,2096.0,321.1,27.5,-7.8,,,,
45.469,7,Atta_7,416.3,2706.8,75.2,68.9,-2.2,,,,
45.469,8,Atta_8,927.9,2627.4,328.8,-61.4,-4.2,,,,
45.469,9,Atta_9,1757.9,2688.7,61.7,-20.0,-0.1,,,,
45.469,10,Atta_10,678.3,2392.4,233.4,62.1,-0.1,,,,
45.538,1,Atta_1,236.1,1896.3,133.6,75.7,3.4,,,,
45.538,2,Atta_2,1853.9,219.0,232.8,-61.2,-3.7,,,,
45.538,3,Atta_3,1282.6,329.8,250.2,53.0,10.8,,,,
45.538,4,Atta_4,319.0,482.3,296.5,71.9,8.1,,,,
45.538,5,Atta_5,399.7,953.8,69.7,35.8,-1.5,,,,
45.538,6,Atta_6,979.1,2101.6,319.1,-50.1,-2.0,,,,
45.538,7,Atta_7,394.3,2698.1,78.4,-23.7,3.2,,,,
45.538,8,Atta_8,862.8,2598.3,328.2,-71.3,-0.6,,,,
45.538,9,Atta_9,1776.6,2679.7,65.8,20.8,4.1,,,,
45.538,10,Atta_10,628.3,2435.7,234.2,-66.1,0.8,,,,
45.604,1,Atta_1,326.1,1865.9,134.3,-95.0,0.7,,,,
45.604,2,Atta_2,1816.5,154.3,225.3,74.7,-7.5,,,,
45.604,3,Atta_3,1288.5,380.7,249.0,-51.2,-1.2,,,,
45.604,4,Atta_4,313.5,537.0,297.5,-55.0,1.0,,,,
45.604,5,Atta_5,330.2,962.3,61.9,-70.0,-7.8,,,,
45.604,6,Atta_6,1005.5,2113.3,317.8,28.9,-1.3,,,,
45.604,7,Atta_7,424.9,2722.4,77.3,39.1,-1.1,,,,
45.604,8,Atta_8,878.8,2605.0,324.0,17.3,-4.2,,,,
45.604,9,Atta_9,1720.0,2589.2,66.6,-106.7,0.8,,,,
45.604,10,Atta_10,616.9,2438.5,233.5,11.7,-0.7,,,,
45.67,1,Atta_1,310.1,1817.9,141.0,-50.6,6.7,,,,
45.67,2,Atta_2,1863.9,164.5,226.5,-48.5,1.2,,,,
45.67,3,Atta_3,1279.3,333.7,246.3,47.9,-2.7,,,,
45.67,4,Atta_4,317.0,564.3,298.3,-27.5,0.8,,,,
45.67,5,Atta_5,411.3,955.4,58.2,81.4,-3.7,,,,
45.67,6,Atta_6,992.9,2061.7,314.3,53.1,-3.5,,,,
45.67,7,Atta_7,428.5,2714.9,72.6,-8.3,-4.7,,,,
45.67,8,Atta_8,899.9,2575.8,315.9,36.0,-8.1,,,,
45.67,9,Atta_9,1745.3,2579.4,61.4,27.1,-5.2,,,,
45.67,10,Atta_10,656.0,2386.6,238.0,65.0,4.5,,,,
45.736,1,Atta_1,211.2,1820.7,145.8,98.9,4.8,,,,
45.736,2,Atta_2,1818.0,135.8,218.6,54.1,-7.9,,,,
45.736,3,Atta_3,1258.1,301.4,247.8,38.6,1.5,,,,
45.736,4,Atta_4,285.6,536.2,304.2,42.1,5.9,,,,
45.736,5,Atta_5,401.1,1016.7,57.7,62.1,-0.5,,,,
45.736,6,Atta_6,971.1,2116.6,315.5,-59.1,1.2,,,,
45.736,7,Atta_7,362.8,2704.6,74.2,-66.5,1.6,,,,
45.736,8,Atta_8,905.2,2616.0,313.5,-40.5,-2.4,,,,
45.736,9,Atta_9,1757.1,2696.0,60.8,117.2,-0.6,,,,
45.736,10,Atta_10,642.6,2391.0,234.8,14.1,-3.2,,,,
45.806,1,Atta_1,296.0,1843.7,146.5,-87.9,0.7,,,,
45.806,2,Atta_2,1797.1,138.3,212.9,21.0,-5.7,,,,
45.806,3,Atta_3,1256.2,292.1,244.1,9.5,-3.7,,,,
45.806,4,Atta_4,305.4,497.1,313.1,43.8,8.9,,,,
45.806,5,Atta_5,417.5,932.9,48.2,-85.4,-9.5,,,,
45.806,6,Atta_6,990.7,2102.5,315.6,24.1,0.1,,,,
45.806,7,Atta_7,390.5,2699.0,73.0,28.3,-1.2,,,,
45.806,8,Atta_8,926.3,2654.7,304.9,-44.1,-8.6,,,,
45.806,9,Atta_9,1733.7,2618.9,53.0,-80.6,-7.8,,,,
45.806,10,Atta_10,701.8,2429.9,236.0,-70.8,1.2,,,,
45.872,1,Atta_1,238.5,1798.4,149.4,73.2,2.9,,,,
45.872,2,Atta_2,1795.1,191.8,206.8,-53.5,-6.1,,,,
45.872,3,Atta_3,1174.1,289.7,244.9,82.1,0.8,,,,
45.872,4,Atta_4,325.3,560.9,316.9,-66.8,3.8,,,,
45.872,5,Atta_5,376.1,993.4,45.9,73.3,-2.3,,,,
45.872,6,Atta_6,1056.4,2062.0,322.1,77.2,6.5,,,,
45.872,7,Atta_7,450.3,2643.5,76.6,-81.6,3.6,,,,
45.872,8,Atta_8,886.0,2610.7,301.7,59.7,-3.2,,,,
45.872,9,Atta_9,1798.6,2675.3,50.5,86.0,-2.5,,,,
45.872,10,Atta_10,623.1,2367.9,233.4,100.2,-2.6,,,,
45.941,1,Atta_1,249.9,1842.4,150.1,45.5,0.7,,,,
45.941,2,Atta_2,1796.1,140.3,203.0,51.5,-3.8,,,,
45.941,3,Atta_3,1259.6,232.4,246.2,102.9,1.3,,,,
45.941,4,Atta_4,288.3,534.4,320.8,-45.5,3.9,,,,
45.941,5,Atta_5,328.5,950.1,42.1,-64.3,-3.8,,,,
45.941,6,Atta_6,992.1,2071.1,318.4,-64.9,-3.7,,,,
45.941,7,Atta_7,412.1,2636.1,71.7,-38.9,-4.9,,,,
45.941,8,Atta_8,920.2,2643.4,299.4,-47.3,-2.3,,,,
45.941,9,Atta_9,1731.3,2569.3,42.9,-125.6,-7.6,,,,
45.941,10,Atta_10,609.5,2354.3,234.0,19.2,0.6,,,,
46.008,1,Atta_1,244.0,1839.9,148.9,6.4,-1.2,,,,
46.008,2,Atta_2,1757.7,134.5,199.6,38.8,-3.4,,,,
46.008,3,Atta_3,1234.9,316.2,241.4,-87.4,-4.8,,,,
46.008,4,Atta_4,339.4,514.2,324.8,54.9,4.0,,,,
46.008,5,Atta_5,319.8,936.7,41.0,-16.0,-1.1,,,,
46.008,6,Atta_6,955.0,2030.4,315.7,-55.1,-2.7,,,,
46.008,7,Atta_7,426.6,2649.1,77.2,19.5,5.5,,,,
46.008,8,Atta_8,899.4,2642.0,297.6,-20.8,-1.8,,,,
46.008,9,Atta_9,1779.6,2632.9,41.1,79.9,-1.8,,,,
46.008,10,Atta_10,589.3,2405.6,236.4,-55.1,2.4,,,,
46.125,1,Atta_1,243.1,1863.7,149.7,23.8,0.8,,,,
46.125,2,Atta_2,1839.9,119.6,197.6,-83.5,-2.0,,,,
46.125,3,Atta_3,1211.8,252.1,243.7,68.1,2.3,,,,
46.125,4,Atta_4,291.2,530.5,330.4,-50.9,5.6,,,,
46.125,5,Atta_5,416.8,1010.9,46.7,122.1,5.7,,,,
46.125,6,Atta_6,1012.0,2054.3,316.2,61.8,0.5,,,,
46.125,7,Atta_7,394.6,2633.2,71.1,-35.7,-6.1,,,,
46.125,8,Atta_8,911.5,2579.2,288.3,64.0,-9.3,,,,
46.125,9,Atta_9,1723.1,2680.0,37.8,-73.6,-3.3,,,,
46.125,10,Atta_10,641.5,2398.8,235.3,-52.6,-1.1,,,,
46.194,1,Atta_1,248.1,1832.2,151.6,-31.9,1.9,,,,
46.194,2,Atta_2,1809.4,149.4,187.7,42.6,-9.9,,,,
46.194,3,Atta_3,1258.2,297.6,242.4,-65.0,-1.3,,,,
46.194,4,Atta_4,347.0,554.8,332.4,60.9,2.0,,,,
46.194,5,Atta_5,410.7,929.0,42.6,-82.1,-4.1,,,,
46.194,6,Atta_6,1055.8,2031.1,315.2,49.6,-1.0,,,,
46.194,7,Atta_7,479.0,2629.8,68.2,84.5,-2.9,,,,
46.194,8,Atta_8,923.6,2624.8,287.8,-47.2,-0.5,,,,
46.194,9,Atta_9,1754.5,2649.5,29.3,43.8,-8.5,,,,
46.194,10,Atta_10,621.2,2461.6,224.4,-66.0,-10.9,,,,
46.263,1,Atta_1,292.5,1887.0,153.2,-70.5,1.6,,,,
46.263,2,Atta_2,1823.8,130.5,187.2,-23.8,-0.5,,,,
46.263,3,Atta_3,1191.0,301.7,239.1,67.3,-3.3,,,,
46.263,4,Atta_4,321.5,530.8,339.5,-35.0,7.1,,,,
46.263,5,Atta_5,410.7,905.9,45.6,-23.1,3.0,,,,
46.263,6,Atta_6,1072.1,2054.8,318.1,-28.8,2.9,,,,
46.263,7,Atta_7,407.6,2626.7,65.1,-71.5,-3.1,,,,
46.263,8,Atta_8,926.4,2634.5,280.9,-10.1,-6.9,,,,
46.263,9,Atta_9,1700.9,2618.0,24.7,-62.2,-4.6,,,,
46.263,10,Atta_10,624.4,2396.9,218.1,64.8,-6.3,,,,
46.329,1,Atta_1,204.1,1888.2,150.0,88.4,-3.2,,,,
46.329,2,Atta_2,1797.3,222.1,184.0,95.4,-3.2,,,,
46.329,3,Atta_3,1251.1,341.0,240.3,-71.8,1.2,,,,
46.329,4,Atta_4,327.7,533.7,344.9,6.8,5.4,,,,
46.329,5,Atta_5,400.0,1023.6,45.0,118.2,-0.6,,,,
46.329,6,Atta_6,1017.1,2034.4,318.1,-58.7,0.0,,,,
46.329,7,Atta_7,369.6,2619.4,58.6,-38.7,-6.5,,,,
46.329,8,Atta_8,908.1,2600.8,274.9,38.3,-6.0,,,,
46.329,9,Atta_9,1745.5,2628.4,22.3,45.8,-2.4,,,,
46.329,10,Atta_10,588.7,2348.7,215.9,60.0,-2.2,,,,
46.399,1,Atta_1,252.1,1869.7,149.4,-51.4,-0.6,,,,
46.399,2,Atta_2,1837.5,163.3,180.8,-71.2,-3.2,,,,
46.399,3,Atta_3,1298.8,311.9,243.8,55.9,3.5,,,,
46.399,4,Atta_4,324.7,562.2,350.2,-28.7,5.3,,,,
46.399,5,Atta_5,374.4,1016.5,43.4,-26.6,-1.6,,,,
46.399,6,Atta_6,1062.8,2058.8,318.0,51.8,-0.1,,,,
46.399,7,Atta_7,441.5,2646.3,53.9,76.8,-4.7,,,,
46.399,8,Atta_8,961.2,2583.0,276.8,56.0,1.9,,,,
46.399,9,Atta_9,1713.5,2658.1,20.5,-43.7,-1.8,,,,
46.399,10,Atta_10,587.3,2381.4,212.2,-32.7,-3.7,,,,
46.466,1,Atta_1,186.2,1866.5,148.2,66.0,-1.2,,,,
46.466,2,Atta_2,1796.1,149.9,179.0,43.5,-1.8,,,,
46.466,3,Atta_3,1247.6,347.7,243.7,-62.5,-0.1,,,,
46.466,4,Atta_4,277.4,507.5,352.8,-72.3,2.6,,,,
46.466,5,Atta_5,374.1,910.8,43.1,-105.7,-0.3,,,,
46.466,6,Atta_6,1057.3,2019.6,311.1,39.6,-6.9,,,,
46.466,7,Atta_7,418.2,2630.4,49.4,-28.2,-4.5,,,,
46.466,8,Atta_8,916.1,2636.6,268.1,-70.0,-8.7,,,,
46.466,9,Atta_9,1773.4,2697.3,12.6,71.6,-7.9,,,,
46.466,10,Atta_10,608.4,2342.8,204.3,44.0,-7.9,,,,
46.532,1,Atta_1,250.3,1942.9,149.7,-99.7,1.5,,,,
46.532,2,Atta_2,1782.6,147.0,180.1,13.8,1.1,,,,
46.532,3,Atta_3,1221.9,369.7,238.0,-33.8,-5.7,,,,
46.532,4,Atta_4,274.9,524.3,356.9,-17.0,4.1,,,,
46.532,5,Atta_5,442.7,1013.5,47.8,123.5,4.7,,,,
46.532,6,Atta_6,1067.8,2024.7,317.8,11.7,6.7,,,,
46.532,7,Atta_7,394.9,2645.5,45.7,-27.8,-3.7,,,,
46.532,8,Atta_8,907.6,2585.2,265.8,52.1,-2.3,,,,
46.532,9,Atta_9,1759.8,2619.9,9.9,-78.6,-2.7,,,,
46.532,10,Atta_10,507.6,2364.8,202.7,103.2,-1.6,,,,
46.6,1,Atta_1,176.2,1883.6,148.1,94.9,-1.6,,,,
46.6,2,Atta_2,1811.9,154.0,182.5,-30.1,2.4,,,,
46.6,3,Atta_3,1261.3,350.7,236.9,-43.7,-1.1,,,,
46.6,4,Atta_4,261.1,543.1,359.7,-23.3,2.8,,,,
46.6,5,Atta_5,408.3,979.2,43.6,-48.6,-4.2,,,,
46.6,6,Atta_6,1127.7,2026.7,320.1,59.9,2.3,,,,
46.6,7,Atta_7,394.9,2636.3,44.1,-9.2,-1.6,,,,
46.6,8,Atta_8,879.8,2607.4,266.1,-35.6,0.3,,,,
46.6,9,Atta_9,1763.7,2624.4,5.4,6.0,-4.5,,,,
46.6,10,Atta_10,573.7,2412.5,199.0,-81.5,-3.7,,,,
46.655,1,Atta_1,135.5,1851.2,150.7,52.0,2.6,,,,
46.655,2,Atta_2,1861.0,158.7,181.3,-49.3,-1.2,,,,
46.655,3,Atta_3,1260.5,339.3,226.3,11.4,-10.6,,,,
46.655,4,Atta_4,290.5,544.3,9.7,29.4,10.0,,,,
46.655,5,Atta_5,367.9,1011.6,41.2,-51.8,-2.4,,,,
46.655,6,Atta_6,1059.0,2015.7,322.3,-69.6,2.2,,,,
46.655,7,Atta_7,411.0,2650.0,38.0,21.1,-6.1,,,,
46.655,8,Atta_8,939.4,2588.8,268.2,62.4,2.1,,,,
46.655,9,Atta_9,1792.6,2586.1,10.3,48.0,4.9,,,,
46.655,10,Atta_10,562.6,2370.2,190.6,43.7,-8.4,,,,
46.726,1,Atta_1,147.0,1866.5,152.5,-19.1,1.8,,,,
46.726,2,Atta_2,1820.1,156.8,182.2,40.9,0.9,,,,
46.726,3,Atta_3,1337.9,401.2,223.2,-99.1,-3.1,,,,
46.726,4,Atta_4,323.7,570.9,14.0,42.5,4.3,,,,
46.726,5,Atta_5,429.8,1009.5,46.7,61.9,5.5,,,,
46.726,6,Atta_6,1058.2,1979.8,325.1,35.9,2.8,,,,
46.726,7,Atta_7,468.0,2568.6,34.0,-99.4,-4.0,,,,
46.726,8,Atta_8,872.4,2623.6,270.9,-75.5,2.7,,,,
46.726,9,Atta_9,1727.3,2630.2,6.2,-78.8,-4.1,,,,
46.726,10,Atta_10,663.2,2324.5,187.8,-110.5,-2.8,,,,
46.794,1,Atta_1,219.0,1900.9,150.9,-79.8,-1.6,,,,
46.794,2,Atta_2,1855.9,130.2,177.2,-44.6,-5.0,,,,
46.794,3,Atta_3,1315.1,396.3,220.0,23.3,-3.2,,,,
46.794,4,Atta_4,311.5,519.4,5.6,-52.9,-8.4,,,,
46.794,5,Atta_5,461.7,1055.9,41.4,56.3,-5.3,,,,
46.794,6,Atta_6,1101.3,2030.8,329.7,66.8,4.6,,,,
46.794,7,Atta_7,387.4,2672.3,28.6,-131.3,-5.4,,,,
46.794,8,Atta_8,914.6,2572.5,267.1,66.3,-3.8,,,,
46.794,9,Atta_9,1736.1,2642.8,6.8,15.4,0.6,,,,
46.794,10,Atta_10,584.8,2351.1,186.3,82.8,-1.5,,,,
46.86,1,Atta_1,153.3,1860.6,150.8,77.1,-0.1,,,,
46.86,2,Atta_2,1744.2,169.5,177.2,118.4,0.0,,,,
46.86,3,Atta_3,1312.9,354.0,217.7,42.4,-2.3,,,,
46.86,4,Atta_4,283.8,486.6,13.3,-42.9,7.7,,,,
46.86,5,Atta_5,438.9,1028.7,44.8,-35.5,3.4,,,,
46.86,6,Atta_6,1122.5,2018.3,333.4,24.6,3.7,,,,
46.86,7,Atta_7,418.0,2598.4,25.7,-80.0,-2.9,,,,
46.86,8,Atta_8,915.8,2604.5,264.2,-32.0,-2.9,,,,
46.86,9,Atta_9,1740.8,2706.3,7.1,63.7,0.3,,,,
46.86,10,Atta_10,544.2,2417.9,180.7,78.2,-5.6,,,,
46.929,1,Atta_1,121.1,1918.7,149.5,66.4,-1.3,,,,
46.929,2,Atta_2,1723.0,164.4,178.1,21.8,0.9,,,,
46.929,3,Atta_3,1271.4,354.2,212.7,41.5,-5.0,,,,
46.929,4,Atta_4,262.0,465.9,8.3,-30.1,-5.0,,,,
46.929,5,Atta_5,444.8,991.6,42.2,-37.6,-2.6,,,,
46.929,6,Atta_6,1080.9,1956.5,341.1,-74.5,7.7,,,,
46.929,7,Atta_7,396.1,2605.1,16.6,-22.9,-9.1,,,,
46.929,8,Atta_8,909.9,2639.1,265.8,-35.1,1.6,,,,
46.929,9,Atta_9,1736.8,2610.4,4.1,-96.0,-3.0,,,,
46.929,10,Atta_10,639.0,2420.7,171.5,-94.8,-9.2,,,,
47.001,1,Atta_1,153.3,1883.6,152.8,-47.6,3.3,,,,
47.001,2,Atta_2,1773.6,151.6,180.2,-52.2,2.1,,,,
47.001,3,Atta_3,1251.0,278.4,210.6,78.5,-2.1,,,,
47.001,4,Atta_4,322.9,506.9,11.0,73.4,2.7,,,,
47.001,5,Atta_5,484.0,1057.1,42.9,76.3,0.7,,,,
47.001,6,Atta_6,1116.1,1997.6,338.9,54.1,-2.2,,,,
47.001,7,Atta_7,448.7,2594.7,18.7,53.6,2.1,,,,
47.001,8,Atta_8,962.5,2625.6,264.3,54.3,-1.5,,,,
47.001,9,Atta_9,1721.4,2584.4,7.5,-30.2,3.4,,,,
47.001,10,Atta_10,564.7,2381.7,169.2,83.9,-2.3,,,,
47.064,1,Atta_1,122.8,1919.9,149.1,47.4,-3.7,,,,
47.064,2,Atta_2,1699.8,135.3,182.3,75.6,2.1,,,,
47.064,3,Atta_3,1236.5,342.4,199.6,-65.6,-11.0,,,,
47.064,4,Atta_4,300.2,532.3,7.7,-34.1,-3.3,,,,
47.064,5,Atta_5,483.4,1068.7,43.6,11.6,0.7,,,,
47.064,6,Atta_6,1078.4,1968.7,345.5,-47.5,6.6,,,,
47.064,7,Atta_7,437.4,2640.1,18.7,46.8,0.0,,,,
47.064,8,Atta_8,927.8,2540.2,262.5,92.2,-1.8,,,,
47.064,9,Atta_9,1778.8,2627.2,7.2,71.6,-0.3,,,,
47.064,10,Atta_10,627.3,2369.0,166.3,-63.9,-2.9,,,,
47.13,1,Atta_1,143.4,1911.9,153.7,-22.1,4.6,,,,
47.13,2,Atta_2,1732.5,138.8,174.9,-32.9,-7.4,,,,
47.13,3,Atta_3,1299.4,361.9,201.9,-65.9,2.3,,,,
47.13,4,Atta_4,315.7,499.5,16.2,36.3,8.5,,,,
47.13,5,Atta_5,460.1,1055.4,40.2,-26.8,-3.4,,,,
47.13,6,Atta_6,1065.3,2058.7,346.0,-90.9,0.5,,,,
47.13,7,Atta_7,409.0,2644.5,18.4,-28.7,-0.3,,,,
47.13,8,Atta_8,881.6,2538.9,266.3,46.2,3.8,,,,
47.13,9,Atta_9,1815.8,2605.5,3.3,42.9,-3.9,,,,
47.13,10,Atta_10,554.2,2367.7,163.7,73.1,-2.6,,,,
47.197,1,Atta_1,93.7,1993.5,154.0,95.5,0.3,,,,
47.197,2,Atta_2,1758.9,153.9,181.6,-30.4,6.7,,,,
47.197,3,Atta_3,1262.4,405.6,195.5,57.3,-6.4,,,,
47.197,4,Atta_4,257.8,492.0,19.2,-58.4,3.0,,,,
47.197,5,Atta_5,510.4,1056.3,39.6,50.3,-0.6,,,,
47.197,6,Atta_6,1107.9,1906.5,342.6,158.0,-3.4,,,,
47.197,7,Atta_7,433.2,2656.7,13.6,27.1,-4.8,,,,
47.197,8,Atta_8,943.8,2535.3,267.5,-62.3,1.2,,,,
47.197,9,Atta_9,1784.6,2584.0,2.0,-37.9,-1.3,,,,
47.197,10,Atta_10,589.4,2399.2,155.7,-47.2,-8.0,,,,
47.267,1,Atta_1,122.4,1946.4,149.2,-55.2,-4.8,,,,
47.267,2,Atta_2,1702.0,151.1,182.4,57.0,0.8,,,,
47.267,3,Atta_3,1309.6,376.7,190.0,-55.3,-5.5,,,,
47.267,4,Atta_4,246.4,557.1,24.2,66.1,5.0,,,,
47.267,5,Atta_5,474.6,1119.0,45.0,72.2,5.4,,,,
47.267,6,Atta_6,1037.1,2015.6,346.6,-130.1,4.0,,,,
47.267,7,Atta_7,443.0,2686.6,16.5,31.5,2.9,,,,
47.267,8,Atta_8,911.9,2504.9,266.4,44.1,-1.1,,,,
47.267,9,Atta_9,1851.3,2662.5,8.0,103.0,6.0,,,,
47.267,10,Atta_10,601.9,2359.2,157.0,-41.9,1.3,,,,
47.338,1,Atta_1,98.7,1939.2,149.1,24.8,-0.1,,,,
47.338,2,Atta_2,1664.6,151.0,178.3,37.4,-4.1,,,,
47.338,3,Atta_3,1244.9,312.5,186.0,91.1,-4.0,,,,
47.338,4,Atta_4,316.3,552.5,28.2,70.1,4.0,,,,
47.338,5,Atta_5,451.3,1100.7,42.4,-29.6,-2.6,,,,
47.338,6,Atta_6,1059.4,2020.5,343.9,22.8,-2.7,,,,
47.338,7,Atta_7,394.4,2617.4,14.6,-84.6,-1.9,,,,
47.338,8,Atta_8,916.6,2500.4,266.5,6.5,0.1,,,,
47.338,9,Atta_9,1841.1,2633.0,2.5,-31.2,-5.5,,,,
47.338,10,Atta_10,605.8,2401.9,151.0,42.9,-6.0,,,,
47.406,1,Atta_1,102.6,1955.9,146.9,17.1,-2.2,,,,
47.406,2,Atta_2,1677.5,166.3,181.6,-20.0,3.3,,,,
47.406,3,Atta_3,1315.0,354.0,184.8,-81.5,-1.2,,,,
47.406,4,Atta_4,237.1,539.7,34.4,-80.2,6.2,,,,
47.406,5,Atta_5,521.6,1083.7,46.8,72.3,4.4,,,,
47.406,6,Atta_6,1094.8,1966.4,341.0,64.7,-2.9,,,,
47.406,7,Atta_7,399.4,2618.5,14.5,5.1,-0.1,,,,
47.406,8,Atta_8,943.7,2510.5,265.8,-28.9,-0.7,,,,
47.406,9,Atta_9,1793.5,2631.8,4.9,-47.6,2.4,,,,
47.406,10,Atta_10,626.9,2329.6,146.3,-75.3,-4.7,,,,
47.475,1,Atta_1,148.0,1895.6,148.1,-75.5,1.2,,,,
47.475,2,Atta_2,1629.6,124.2,180.8,63.8,-0.8,,,,
47.475,3,Atta_3,1300.7,296.5,184.9,59.3,0.1,,,,
47.475,4,Atta_4,282.8,482.0,36.8,73.6,2.4,,,,
47.475,5,Atta_5,485.6,1117.1,46.1,-49.1,-0.7,,,,
47.475,6,Atta_6,1125.3,1999.9,346.2,45.3,5.2,,,,
47.475,7,Atta_7,426.6,2668.6,16.3,57.0,1.8,,,,
47.475,8,Atta_8,875.4,2492.9,267.9,70.5,2.1,,,,
47.475,9,Atta_9,1815.1,2677.2,6.0,50.3,1.1,,,,
47.475,10,Atta_10,593.9,2363.5,148.6,47.3,2.3,,,,
47.541,1,Atta_1,130.1,1947.6,148.8,55.0,0.7,,,,
47.541,2,Atta_2,1591.4,177.4,180.3,65.5,-0.5,,,,
47.541,3,Atta_3,1239.9,290.4,183.7,61.1,-1.2,,,,
47.541,4,Atta_4,312.0,515.5,42.3,44.4,5.5,,,,
47.541,5,Atta_5,516.0,1139.8,42.2,37.9,-3.9,,,,
47.541,6,Atta_6,1088.7,1959.8,346.7,-54.3,0.5,,,,
47.541,7,Atta_7,436.9,2641.0,19.6,29.5,3.3,,,,
47.541,8,Atta_8,983.5,2548.1,269.8,-121.4,1.9,,,,
47.541,9,Atta_9,1861.5,2707.3,10.0,55.3,4.0,,,,
47.541,10,Atta_10,599.2,2385.6,146.8,22.7,-1.8,,,,
47.608,1,Atta_1,109.5,1916.3,147.8,37.5,-1.0,,,,
47.608,2,Atta_2,1627.2,194.6,182.9,-39.7,2.6,,,,
47.608,3,Atta_3,1281.7,378.9,182.3,-97.9,-1.4,,,,
47.608,4,Atta_4,259.7,522.9,50.7,-52.8,8.4,,,,
47.608,5,Atta_5,512.0,1119.6,41.7,-20.6,-0.5,,,,
47.608,6,Atta_6,1061.7,2047.5,344.9,-91.8,-1.8,,,,
47.608,7,Atta_7,407.8,2667.0,18.2,-39.0,-1.4,,,,
47.608,8,Atta_8,935.9,2465.6,271.1,95.2,1.3,,,,
47.608,9,Atta_9,1825.5,2616.0,9.5,-98.1,-0.5,,,,
47.608,10,Atta_10,573.0,2396.3,142.0,28.3,-4.8,,,,
47.679,1,Atta_1,201.0,1983.0,148.6,-113.2,0.8,,,,
47.679,2,Atta_2,1669.8,156.5,179.9,-57.2,-3.0,,,,
47.679,3,Atta_3,1257.9,336.1,182.4,49.0,0.1,,,,
47.679,4,Atta_4,343.7,487.7,49.7,91.1,-1.0,,,,
47.679,5,Atta_5,573.6,1155.5,45.4,71.3,3.7,,,,
47.679,6,Atta_6,1136.9,2027.7,345.9,77.8,1.0,,,,
47.679,7,Atta_7,482.4,2660.7,16.1,74.9,-2.1,,,,
47.679,8,Atta_8,962.9,2401.8,266.7,69.3,-4.4,,,,
47.679,9,Atta_9,1893.7,2661.1,8.3,81.8,-1.2,,,,
47.679,10,Atta_10,618.5,2391.9,149.3,-45.7,7.3,,,,
47.749,1,Atta_1,184.4,1902.6,147.3,-82.1,-1.3,,,,
47.749,2,Atta_2,1598.3,108.4,178.7,86.2,-1.2,,,,
47.749,3,Atta_3,1260.8,373.9,186.0,-37.9,3.6,,,,
47.749,4,Atta_4,325.4,511.3,54.7,29.9,5.0,,,,
47.749,5,Atta_5,513.9,1178.0,42.0,-63.8,-3.4,,,,
47.749,6,Atta_6,1152.6,2005.6,346.1,27.1,0.2,,,,
47.749,7,Atta_7,462.1,2683.4,15.9,-30.5,-0.2,,,,
47.749,8,Atta_8,906.6,2479.3,265.4,-95.8,-1.3,,,,
47.749,9,Atta_9,1855.7,2616.9,15.5,-58.3,7.2,,,,
47.749,10,Atta_10,551.1,2361.2,139.1,74.1,-10.2,,,,
47.828,1,Atta_1,191.1,1893.3,143.8,-11.5,-3.5,,,,
47.828,2,Atta_2,1627.6,158.7,178.9,-58.2,0.2,,,,
47.828,3,Atta_3,1282.7,392.0,180.1,-28.4,-5.9,,,,
47.828,4,Atta_4,295.1,525.3,61.8,-33.4,7.1,,,,
47.828,5,Atta_5,507.7,1134.5,42.5,-43.9,0.5,,,,
47.828,6,Atta_6,1187.9,1971.5,346.9,49.1,0.8,,,,
47.828,7,Atta_7,498.9,2609.9,15.2,82.2,-0.7,,,,
47.828,8,Atta_8,917.1,2497.3,265.3,-20.8,-0.1,,,,
47.828,9,Atta_9,1862.9,2630.5,15.7,15.4,0.2,,,,
47.828,10,Atta_10,625.5,2334.6,135.0,-79.0,-4.1,,,,
47.88,1,Atta_1,161.4,1904.9,133.5,31.9,-10.3,,,,
47.88,2,Atta_2,1677.8,130.4,179.2,-57.6,0.3,,,,
47.88,3,Atta_3,1265.9,323.9,183.0,70.1,2.9,,,,
47.88,4,Atta_4,278.3,528.5,65.0,-17.1,3.2,,,,
47.88,5,Atta_5,521.0,1094.1,40.6,-42.5,-1.9,,,,
47.88,6,Atta_6,1160.6,1995.0,341.0,-36.0,-5.9,,,,
47.88,7,Atta_7,527.9,2649.7,15.6,49.2,0.4,,,,
47.88,8,Atta_8,905.8,2403.4,266.4,94.6,1.1,,,,
47.88,9,Atta_9,1848.5,2655.2,20.7,-28.6,5.0,,,,
47.88,10,Atta_10,678.8,2403.6,133.3,87.2,-1.7,,,,
47.949,1,Atta_1,194.3,1871.8,135.3,-46.7,1.8,,,,
47.949,2,Atta_2,1617.7,184.3,176.9,80.7,-2.3,,,,
47.949,3,Atta_3,1214.1,380.1,184.7,76.4,1.7,,,,
47.949,4,Atta_4,329.8,586.5,70.0,77.6,5.0,,,,
47.949,5,Atta_5,540.4,1178.1,42.7,86.2,2.1,,,,
47.949,6,Atta_6,1161.5,1960.3,342.1,34.7,1.1,,,,
47.949,7,Atta_7,512.2,2663.6,14.7,-21.0,-0.9,,,,
47.949,8,Atta_8,934.8,2450.0,266.0,-54.9,-0.4,,,,
47.949,9,Atta_9,1904.8,2687.8,30.0,65.1,9.3,,,,
47.949,10,Atta_10,628.2,2377.9,132.7,56.8,-0.6,,,,
48.015,1,Atta_1,203.6,1918.5,131.6,47.6,-3.7,,,,
48.015,2,Atta_2,1569.9,210.8,179.4,54.7,2.5,,,,
48.015,3,Atta_3,1188.4,347.2,184.3,41.7,-0.4,,,,
48.015,4,Atta_4,312.2,572.7,72.2,-22.4,2.2,,,,
48.015,5,Atta_5,602.5,1181.4,42.7,62.2,0.0,,,,
48.015,6,Atta_6,1186.8,1988.3,346.7,37.7,4.6,,,,
48.015,7,Atta_7,500.9,2636.7,14.6,-29.2,-0.1,,,,
48.015,8,Atta_8,928.9,2441.5,267.0,10.3,1.0,,,,
48.015,9,Atta_9,1892.1,2671.4,36.3,-20.7,6.3,,,,
48.015,10,Atta_10,659.4,2374.6,128.4,-31.4,-4.3,,,,
48.086,1,Atta_1,214.4,1928.0,122.5,-14.4,-9.1,,,,
48.086,2,Atta_2,1546.4,172.3,182.0,45.1,2.6,,,,
48.086,3,Atta_3,1189.2,300.9,184.7,46.3,0.4,,,,
48.086,4,Atta_4,227.6,488.8,76.7,-119.1,4.5,,,,
48.086,5,Atta_5,614.4,1161.0,44.2,-23.6,1.5,,,,
48.086,6,Atta_6,1214.6,1970.0,346.8,33.3,0.1,,,,
48.086,7,Atta_7,542.9,2688.7,15.1,66.8,0.5,,,,
48.086,8,Atta_8,887.3,2380.3,264.8,74.0,-2.2,,,,
48.086,9,Atta_9,1858.9,2624.0,32.5,-57.9,-3.8,,,,
48.086,10,Atta_10,607.1,2312.4,117.3,-81.3,-11.1,,,,
48.138,1,Atta_1,133.7,1914.9,117.6,81.8,-4.9,,,,
48.138,2,Atta_2,1528.1,175.2,178.6,18.5,-3.4,,,,
48.138,3,Atta_3,1209.3,332.8,183.9,-37.7,-0.8,,,,
48.138,4,Atta_4,308.3,537.5,82.0,94.3,5.3,,,,
48.138,5,Atta_5,594.0,1170.1,45.2,-22.3,1.0,,,,
48.138,6,Atta_6,1178.3,2008.4,343.5,-52.8,-3.3,,,,
48.138,7,Atta_7,519.4,2657.6,10.2,-39.0,-4.9,,,,
48.138,8,Atta_8,919.6,2434.0,267.1,-62.7,2.3,,,,
48.138,9,Atta_9,1863.2,2641.8,33.2,18.3,0.7,,,,
48.138,10,Atta_10,590.1,2385.8,119.4,75.3,2.1,,,,
48.206,1,Atta_1,154.5,1890.1,117.3,-32.4,-0.3,,,,
48.206,2,Atta_2,1529.8,161.2,178.9,-14.1,0.3,,,,
48.206,3,Atta_3,1156.3,314.3,183.1,56.1,-0.8,,,,
48.206,4,Atta_4,276.1,531.5,82.4,-32.8,0.4,,,,
48.206,5,Atta_5,575.9,1184.6,41.7,-23.2,-3.5,,,,
48.206,6,Atta_6,1181.9,1946.3,345.9,62.2,2.4,,,,
48.206,7,Atta_7,518.1,2657.3,4.6,-1.3,-5.6,,,,
48.206,8,Atta_8,934.1,2358.6,266.9,76.8,-0.2,,,,
48.206,9,Atta_9,1917.3,2655.0,33.2,55.7,0.0,,,,
48.206,10,Atta_10,545.7,2363.5,108.7,49.7,-10.7,,,,
48.263,1,Atta_1,153.7,1859.9,111.7,-30.2,-5.6,,,,
48.263,2,Atta_2,1520.9,114.6,176.1,47.4,-2.8,,,,
48.263,3,Atta_3,1184.8,348.1,184.3,-44.2,1.2,,,,
48.263,4,Atta_4,281.3,527.0,80.7,-6.9,-1.7,,,,
48.263,5,Atta_5,598.1,1199.9,43.5,27.0,1.8,,,,
48.263,6,Atta_6,1238.9,1928.4,343.0,59.7,-2.9,,,,
48.263,7,Atta_7,546.7,2712.4,358.7,62.1,-5.9,,,,
48.263,8,Atta_8,882.8,2408.6,264.5,-71.6,-2.4,,,,
48.263,9,Atta_9,1911.1,2623.8,32.7,-31.8,-0.5,,,,
48.263,10,Atta_10,641.5,2364.6,107.8,-95.8,-0.9,,,,
48.313,1,Atta_1,164.0,1882.2,108.4,24.6,-3.3,,,,
48.313,2,Atta_2,1534.3,197.6,181.7,-84.1,5.6,,,,
48.313,3,Atta_3,1203.4,375.4,185.8,-33.0,1.5,,,,
48.313,4,Atta_4,293.1,513.2,85.0,-18.2,4.3,,,,
48.313,5,Atta_5,630.4,1187.6,44.2,34.6,0.7,,,,
48.313,6,Atta_6,1273.4,1909.1,344.0,39.5,1.0,,,,
48.313,7,Atta_7,545.0,2656.3,354.6,-56.1,-4.1,,,,
48.313,8,Atta_8,926.0,2361.9,266.6,63.6,2.1,,,,
48.313,9,Atta_9,1835.4,2648.4,31.6,-79.6,-1.1,,,,
48.313,10,Atta_10,614.2,2398.2,105.5,43.3,-2.3,,,,
48.38,1,Atta_1,142.3,1937.3,99.2,59.2,-9.2,,,,
48.38,2,Atta_2,1476.8,155.1,176.5,71.5,-5.2,,,,
48.38,3,Atta_3,1170.0,329.5,186.6,56.8,0.8,,,,
48.38,4,Atta_4,304.5,559.7,83.1,47.9,-1.9,,,,
48.38,5,Atta_5,651.3,1165.1,42.7,-30.7,-1.5,,,,
48.38,6,Atta_6,1234.6,1968.8,346.8,-71.2,2.8,,,,
48.38,7,Atta_7,499.0,2676.3,348.5,-50.2,-6.1,,,,
48.38,8,Atta_8,903.8,2340.5,265.0,30.8,-1.6,,,,
48.38,9,Atta_9,1820.4,2584.4,36.6,-65.7,5.0,,,,
48.38,10,Atta_10,664.7,2410.5,96.1,-52.0,-9.4,,,,
48.449,1,Atta_1,145.8,1931.5,96.7,-6.8,-2.5,,,,
48.449,2,Atta_2,1499.2,177.5,175.4,-31.7,-1.1,,,,
48.449,3,Atta_3,1159.3,362.9,189.9,35.1,3.3,,,,
48.449,4,Atta_4,251.2,547.0,84.8,-54.8,1.7,,,,
48.449,5,Atta_5,693.0,1232.3,42.8,79.1,0.1,,,,
48.449,6,Atta_6,1302.5,1956.2,346.8,69.1,0.0,,,,
48.449,7,Atta_7,536.1,2664.6,344.6,38.9,-3.9,,,,
48.449,8,Atta_8,921.6,2334.0,266.5,18.9,1.5,,,,
48.449,9,Atta_9,1867.5,2577.2,37.8,47.6,1.2,,,,
48.449,10,Atta_10,599.6,2393.4,94.2,-67.3,-1.9,,,,
48.515,1,Atta_1,170.3,1898.4,92.2,-41.2,-4.5,,,,
48.515,2,Atta_2,1489.7,154.8,179.4,24.6,4.0,,,,
48.515,3,Atta_3,1163.0,321.9,193.7,41.2,3.8,,,,
48.515,4,Atta_4,262.7,518.0,93.4,-31.2,8.6,,,,
48.515,5,Atta_5,645.1,1268.8,45.8,-60.2,3.0,,,,
48.515,6,Atta_6,1275.4,1970.9,344.1,-30.8,-2.7,,,,
48.515,7,Atta_7,513.8,2686.1,337.8,-31.0,-6.8,,,,
48.515,8,Atta_8,907.5,2312.0,267.7,26.1,1.2,,,,
48.515,9,Atta_9,1853.8,2653.0,43.5,77.0,5.7,,,,
48.515,10,Atta_10,631.3,2386.3,90.8,-32.5,-3.4,,,,
48.583,1,Atta_1,146.9,1905.6,82.5,24.5,-9.7,,,,
48.583,2,Atta_2,1454.6,100.2,178.4,64.9,-1.0,,,,
48.583,3,Atta_3,1129.1,341.2,196.2,39.0,2.5,,,,
48.583,4,Atta_4,280.4,499.9,93.2,-25.3,-0.2,,,,
48.583,5,Atta_5,704.2,1215.0,43.4,79.9,-2.4,,,,
48.583,6,Atta_6,1271.7,1980.2,340.4,-10.0,-3.7,,,,
48.583,7,Atta_7,540.6,2640.2,334.7,53.2,-3.1,,,,
48.583,8,Atta_8,940.4,2309.6,266.5,33.0,-1.2,,,,
48.583,9,Atta_9,1840.0,2638.8,50.0,-19.8,6.5,,,,
48.583,10,Atta_10,621.6,2402.2,82.1,18.6,-8.7,,,,
48.652,1,Atta_1,157.5,1925.4,88.6,22.5,6.1,,,,
48.652,2,Atta_2,1457.0,176.2,178.0,-76.0,-0.4,,,,
48.652,3,Atta_3,1168.9,353.0,205.1,-41.5,8.9,,,,
48.652,4,Atta_4,316.1,474.9,97.1,-43.6,3.9,,,,
48.652,5,Atta_5,672.1,1224.2,44.0,-33.4,0.6,,,,
48.652,6,Atta_6,1311.1,1907.0,341.7,83.1,1.3,,,,
48.652,7,Atta_7,551.6,2679.2,332.4,-40.5,-2.3,,,,
48.652,8,Atta_8,890.6,2287.7,267.9,54.4,1.4,,,,
48.652,9,Atta_9,1862.2,2629.9,54.4,23.9,4.4,,,,
48.652,10,Atta_10,567.2,2356.0,82.8,-71.4,0.7,,,,
48.72,1,Atta_1,143.6,1904.5,87.2,-25.1,-1.4,,,,
48.72,2,Atta_2,1436.9,155.9,178.3,28.6,0.3,,,,
48.72,3,Atta_3,1153.5,336.5,207.0,22.6,1.9,,,,
48.72,4,Atta_4,258.6,553.1,100.9,97.1,3.8,,,,
48.72,5,Atta_5,672.3,1249.4,41.5,25.2,-2.5,,,,
48.72,6,Atta_6,1318.0,1906.6,344.1,6.9,2.4,,,,
48.72,7,Atta_7,507.8,2634.5,326.6,-62.6,-5.8,,,,
48.72,8,Atta_8,919.1,2297.8,265.3,-30.2,-2.6,,,,
48.72,9,Atta_9,1879.7,2614.1,61.1,-23.6,6.7,,,,
48.72,10,Atta_10,542.2,2367.5,77.1,27.5,-5.7,,,,
48.789,1,Atta_1,139.9,1896.0,88.4,-9.3,1.2,,,,
48.789,2,Atta_2,1424.4,124.6,181.9,33.7,3.6,,,,
48.789,3,Atta_3,1140.8,357.9,214.2,24.9,7.2,,,,
48.789,4,Atta_4,298.3,596.4,108.0,58.7,7.1,,,,
48.789,5,Atta_5,708.9,1277.6,41.5,46.2,0.0,,,,
48.789,6,Atta_6,1319.4,1931.0,345.1,-24.4,1.0,,,,
48.789,7,Atta_7,530.2,2690.7,326.1,-60.5,-0.5,,,,
48.789,8,Atta_8,875.6,2297.8,267.9,43.5,2.6,,,,
48.789,9,Atta_9,1876.2,2647.4,61.4,33.5,0.3,,,,
48.789,10,Atta_10,613.8,2402.3,69.0,79.6,-8.1,,,,
48.855,1,Atta_1,139.9,1943.9,85.2,47.9,-3.2,,,,
48.855,2,Atta_2,1417.0,111.4,179.7,15.1,-2.2,,,,
48.855,3,Atta_3,1158.1,359.2,217.8,-17.3,3.6,,,,
48.855,4,Atta_4,289.5,530.1,115.4,-66.9,7.4,,,,
48.855,5,Atta_5,674.8,1278.7,47.2,-34.1,5.7,,,,
48.855,6,Atta_6,1330.0,1924.0,345.1,12.7,0.0,,,,
48.855,7,Atta_7,538.1,2629.1,317.0,62.1,-9.1,,,,
48.855,8,Atta_8,884.2,2269.4,264.9,29.7,-3.0,,,,
48.855,9,Atta_9,1902.6,2587.2,60.4,-65.7,-1.0,,,,
48.855,10,Atta_10,557.0,2388.4,67.6,-58.5,-1.4,,,,
48.924,1,Atta_1,182.3,1924.1,86.2,-46.8,1.0,,,,
48.924,2,Atta_2,1431.7,117.3,179.1,-15.8,-0.6,,,,
48.924,3,Atta_3,1157.5,365.8,218.7,-6.6,0.9,,,,
48.924,4,Atta_4,289.7,520.4,112.7,-9.7,-2.7,,,,
48.924,5,Atta_5,708.3,1262.9,43.1,37.0,-4.1,,,,
48.924,6,Atta_6,1350.1,1904.7,344.6,27.9,-0.5,,,,
48.924,7,Atta_7,496.0,2641.5,315.2,-43.9,-1.8,,,,
48.924,8,Atta_8,967.9,2275.0,266.8,-83.9,1.9,,,,
48.924,9,Atta_9,1853.0,2638.4,62.0,71.3,1.6,,,,
48.924,10,Atta_10,603.3,2332.7,62.8,-72.4,-4.8,,,,
48.993,1,Atta_1,151.0,1995.1,87.4,77.6,1.2,,,,
48.993,2,Atta_2,1367.8,190.7,178.0,97.3,-1.1,,,,
48.993,3,Atta_3,1155.8,311.8,222.9,54.0,4.2,,,,
48.993,4,Atta_4,274.4,546.5,121.9,30.3,9.2,,,,
48.993,5,Atta_5,770.0,1287.8,45.0,66.5,1.9,,,,
48.993,6,Atta_6,1357.2,1960.1,346.4,-55.9,1.8,,,,
48.993,7,Atta_7,558.9,2623.6,310.4,65.4,-4.8,,,,
48.993,8,Atta_8,908.7,2195.2,270.0,99.4,3.2,,,,
48.993,9,Atta_9,1886.3,2675.3,62.5,49.7,0.5,,,,
48.993,10,Atta_10,617.5,2435.8,59.2,104.1,-3.6,,,,
49.061,1,Atta_1,153.4,1923.3,91.3,-71.8,3.9,,,,
49.061,2,Atta_2,1398.6,131.9,181.4,-66.4,3.4,,,,
49.061,3,Atta_3,1154.5,358.4,229.9,-46.6,7.0,,,,
49.061,4,Atta_4,277.9,444.2,124.4,-102.4,2.5,,,,
49.061,5,Atta_5,724.6,1305.6,43.2,-48.8,-1.8,,,,
49.061,6,Atta_6,1435.2,1859.9,345.0,127.0,-1.4,,,,
49.061,7,Atta_7,569.3,2649.6,303.7,-28.0,-6.7,,,,
49.061,8,Atta_8,910.9,2170.1,269.0,25.2,-1.0,,,,
49.061,9,Atta_9,1869.6,2645.1,61.1,-34.5,-1.4,,,,
49.061,10,Atta_10,652.1,2354.5,60.4,-88.4,1.2,,,,
49.131,1,Atta_1,179.8,1977.0,88.1,59.8,-3.2,,,,
49.131,2,Atta_2,1407.8,147.0,180.6,-17.7,-0.8,,,,
49.131,3,Atta_3,1097.6,313.4,232.6,72.5,2.7,,,,
49.131,4,Atta_4,330.7,519.3,127.7,91.8,3.3,,,,
49.131,5,Atta_5,732.6,1291.0,41.1,-16.6,-2.1,,,,
49.131,6,Atta_6,1415.2,1920.6,346.3,-63.9,1.3,,,,
49.131,7,Atta_7,533.0,2713.8,300.6,-73.8,-3.1,,,,
49.131,8,Atta_8,933.6,2185.3,265.9,-27.3,-3.1,,,,
49.131,9,Atta_9,1898.2,2646.8,62.3,28.7,1.2,,,,
49.131,10,Atta_10,594.7,2391.5,60.1,68.3,-0.3,,,,
49.196,1,Atta_1,197.4,1923.3,87.9,-56.5,-0.2,,,,
49.196,2,Atta_2,1386.6,174.2,174.6,34.5,-6.0,,,,
49.196,3,Atta_3,1137.5,315.0,238.8,-39.9,6.2,,,,
49.196,4,Atta_4,334.3,575.1,126.9,55.9,-0.8,,,,
49.196,5,Atta_5,780.2,1319.6,40.5,55.5,-0.6,,,,
49.196,6,Atta_6,1462.4,1912.5,345.9,47.9,-0.4,,,,
49.196,7,Atta_7,533.6,2703.9,297.3,9.9,-3.3,,,,
49.196,8,Atta_8,921.7,2204.7,265.3,-22.8,-0.6,,,,
49.196,9,Atta_9,1906.0,2626.4,61.6,-21.8,-0.7,,,,
49.196,10,Atta_10,573.3,2381.4,58.4,-23.7,-1.7,,,,
49.262,1,Atta_1,191.0,1958.8,92.6,36.1,4.7,,,,
49.262,2,Atta_2,1370.2,124.1,181.6,52.7,7.0,,,,
49.262,3,Atta_3,1103.4,366.0,241.0,-61.3,2.2,,,,
49.262,4,Atta_4,358.2,542.7,122.8,-40.3,-4.1,,,,
49.262,5,Atta_5,757.6,1331.4,42.9,-25.5,2.4,,,,
49.262,6,Atta_6,1397.5,1908.0,344.9,-65.1,-1.0,,,,
49.262,7,Atta_7,508.5,2692.0,291.2,-27.8,-6.1,,,,
49.262,8,Atta_8,914.5,2191.2,266.5,15.3,1.2,,,,
49.262,9,Atta_9,1814.0,2688.1,63.1,110.8,1.5,,,,
49.262,10,Atta_10,586.8,2357.1,55.0,-27.8,-3.4,,,,
49.331,1,Atta_1,138.8,1983.5,89.2,57.7,-3.4,,,,
49.331,2,Atta_2,1358.2,85.2,177.3,40.7,-4.3,,,,
49.331,3,Atta_3,1118.0,278.2,239.9,89.0,-1.1,,,,
49.331,4,Atta_4,293.1,565.2,128.2,68.9,5.4,,,,
49.331,5,Atta_5,748.6,1276.0,45.5,-56.1,2.6,,,,
49.331,6,Atta_6,1443.9,1885.2,344.6,51.7,-0.3,,,,
49.331,7,Atta_7,506.5,2646.8,292.2,45.2,1.0,,,,
49.331,8,Atta_8,936.1,2209.1,267.4,-28.1,0.9,,,,
49.331,9,Atta_9,1878.8,2656.3,62.7,72.2,-0.4,,,,
49.331,10,Atta_10,595.8,2414.7,64.7,58.3,9.7,,,,
49.402,1,Atta_1,192.9,1979.9,89.3,-54.2,0.1,,,,
49.402,2,Atta_2,1315.2,198.7,179.6,121.4,2.3,,,,
49.402,3,Atta_3,1202.9,373.5,240.0,-127.6,0.1,,,,
49.402,4,Atta_4,284.1,504.6,125.9,-61.3,-2.3,,,,
49.402,5,Atta_5,806.0,1299.2,45.1,61.9,-0.4,,,,
49.402,6,Atta_6,1443.1,1908.7,346.9,-23.5,2.3,,,,
49.402,7,Atta_7,505.4,2650.6,285.7,-4.0,-6.5,,,,
49.402,8,Atta_8,852.3,2128.8,264.5,116.1,-2.9,,,,
49.402,9,Atta_9,1941.5,2699.9,61.7,76.4,-1.0,,,,
49.402,10,Atta_10,625.1,2420.1,65.8,29.8,1.1,,,,
49.471,1,Atta_1,218.8,1976.2,88.2,-26.2,-1.1,,,,
49.471,2,Atta_2,1306.8,131.9,178.4,67.3,-1.2,,,,
49.471,3,Atta_3,1092.5,316.7,241.6,124.2,1.6,,,,
49.471,4,Atta_4,344.9,532.7,127.4,-67.0,1.5,,,,
49.471,6,Atta_6,1411.2,1948.1,343.7,-50.7,-3.2,,,,
49.471,7,Atta_7,488.2,2677.5,276.1,-31.9,-9.6,,,,
49.471,8,Atta_8,902.0,2091.8,265.7,62.0,1.2,,,,
49.471,9,Atta_9,1856.3,2731.2,60.3,-90.8,-1.4,,,,
49.471,10,Atta_10,656.9,2358.0,68.0,-69.8,2.2,,,,
49.54,1,Atta_1,129.8,2043.6,92.9,111.6,4.7,,,,
49.54,2,Atta_2,1312.0,124.4,177.7,-9.1,-0.7,,,,
49.54,3,Atta_3,1187.1,351.3,238.3,-100.7,-3.3,,,,
49.54,4,Atta_4,246.7,527.5,127.9,98.3,0.5,,,,
49.54,5,Atta_5,753.1,1394.4,46.1,108.9,1.0,,,,
49.54,6,Atta_6,1415.5,1848.1,341.2,100.1,-2.5,,,,
49.54,7,Atta_7,575.5,2666.2,269.4,88.0,-6.7,,,,
49.54,8,Atta_8,840.6,2127.1,272.6,-70.8,6.9,,,,
49.54,9,Atta_9,1889.7,2705.3,57.0,-42.3,-3.3,,,,
49.54,10,Atta_10,605.1,2357.3,74.5,-51.8,6.5,,,,
49.609,1,Atta_1,149.4,2053.7,87.2,22.0,-5.7,,,,
49.609,2,Atta_2,1327.6,176.0,178.0,-53.9,0.3,,,,
49.609,3,Atta_3,1159.9,350.3,241.0,27.2,2.7,,,,
49.609,4,Atta_4,269.3,567.5,124.0,45.9,-3.9,,,,
49.609,5,Atta_5,809.9,1395.7,42.9,56.8,-3.2,,,,
49.609,6,Atta_6,1444.4,1922.6,349.8,79.9,8.6,,,,
49.609,7,Atta_7,573.8,2611.4,272.6,54.8,3.2,,,,
49.609,8,Atta_8,832.4,2130.6,273.5,-8.9,0.9,,,,
49.609,9,Atta_9,1933.9,2703.5,56.6,44.2,-0.4,,,,
49.609,10,Atta_10,631.2,2409.1,80.8,58.0,6.3,,,,
49.678,1,Atta_1,162.0,1999.3,82.9,-55.8,-4.3,,,,
49.678,2,Atta_2,1385.1,60.1,179.4,-129.4,1.4,,,,
49.678,3,Atta_3,1158.5,378.4,240.9,-28.1,-0.1,,,,
49.678,4,Atta_4,185.2,559.1,123.3,84.5,-0.7,,,,
49.678,5,Atta_5,771.4,1393.3,43.4,-38.6,0.5,,,,
49.678,6,Atta_6,1413.2,1908.7,346.6,-34.2,-3.2,,,,
49.678,7,Atta_7,501.3,2618.2,265.3,-72.8,-7.3,,,,
49.678,8,Atta_8,865.0,2148.4,279.3,-37.1,5.8,,,,
49.678,9,Atta_9,1897.4,2655.7,58.2,-60.1,1.6,,,,
49.678,10,Atta_10,653.5,2406.7,87.1,22.4,6.3,,,,
49.743,1,Atta_1,123.4,2064.9,81.2,76.1,-1.7,,,,
49.743,2,Atta_2,1396.7,157.1,181.0,-97.7,1.6,,,,
49.743,3,Atta_3,1158.7,273.3,242.9,105.1,2.0,,,,
49.743,4,Atta_4,230.1,582.8,126.8,-50.8,3.5,,,,
49.743,5,Atta_5,825.4,1324.5,44.1,-87.5,0.7,,,,
49.743,6,Atta_6,1452.3,1859.8,346.6,62.6,0.0,,,,
49.743,7,Atta_7,523.6,2725.5,258.9,-109.6,-6.4,,,,
49.743,8,Atta_8,897.3,2167.9,287.6,-37.7,8.3,,,,
49.743,9,Atta_9,1923.2,2668.4,57.5,28.8,-0.7,,,,
49.743,10,Atta_10,665.8,2375.3,90.5,-33.7,3.4,,,,
49.81,1,Atta_1,160.0,2028.9,77.2,-51.3,-4.0,,,,
49.81,2,Atta_2,1400.2,211.0,177.5,-54.0,-3.5,,,,
49.81,3,Atta_3,1140.4,306.1,242.2,-37.6,-0.7,,,,
49.81,4,Atta_4,277.3,619.6,126.5,59.9,-0.3,,,,
49.81,5,Atta_5,782.8,1365.9,39.5,-59.4,-4.6,,,,
49.81,6,Atta_6,1447.0,1823.4,344.2,36.8,-2.4,,,,
49.81,7,Atta_7,542.1,2595.8,259.7,131.0,0.8,,,,
49.81,8,Atta_8,914.5,2152.4,289.0,23.2,1.4,,,,
49.81,9,Atta_9,1843.3,2586.2,59.6,-114.6,2.1,,,,
49.81,10,Atta_10,540.5,2400.9,97.0,127.9,6.5,,,,
49.938,1,Atta_1,192.5,2044.8,71.2,36.2,-6.0,,,,
49.938,2,Atta_2,1420.0,136.3,175.7,-77.3,-1.8,,,,
49.938,3,Atta_3,1123.6,314.3,241.6,18.7,-0.6,,,,
49.938,4,Atta_4,211.4,581.5,124.5,76.1,-2.0,,,,
49.938,5,Atta_5,802.5,1377.7,42.1,23.0,2.6,,,,
49.938,6,Atta_6,1536.8,1898.2,345.0,116.9,0.8,,,,
49.938,7,Atta_7,512.5,2689.9,250.4,-98.6,-9.3,,,,
49.938,8,Atta_8,869.0,2153.1,295.7,-45.5,6.7,,,,
49.938,9,Atta_9,1834.9,2664.7,60.4,78.9,0.8,,,,
49.938,10,Atta_10,599.7,2423.3,104.1,63.3,7.1,,,,
50.004,1,Atta_1,161.3,2002.6,65.1,-52.5,-6.1,,,,
50.004,2,Atta_2,1398.4,114.6,168.2,30.6,-7.5,,,,
50.004,3,Atta_3,1143.9,231.8,238.4,85.0,-3.2,,,,
50.004,4,Atta_4,176.7,625.2,127.3,55.8,2.8,,,,
50.004,5,Atta_5,820.3,1411.1,43.4,37.8,1.3,,,,
50.004,6,Atta_6,1499.1,1927.2,342.2,-47.6,-2.8,,,,
50.004,7,Atta_7,506.6,2687.1,245.2,6.5,-5.2,,,,
50.004,8,Atta_8,895.7,2135.7,300.5,31.9,4.8,,,,
50.004,9,Atta_9,1917.1,2607.0,51.6,-100.4,-8.8,,,,
50.004,10,Atta_10,601.8,2437.0,104.5,13.9,0.4,,,,
50.072,1,Atta_1,105.7,1978.2,57.4,-60.7,-7.7,,,,
50.072,2,Atta_2,1425.6,125.9,167.5,-29.5,-0.7,,,,
50.072,3,Atta_3,1156.8,264.8,240.5,-35.4,2.1,,,,
50.072,4,Atta_4,258.0,674.0,126.0,-94.8,-1.3,,,,
50.072,5,Atta_5,868.7,1426.0,44.8,50.6,1.4,,,,
50.072,6,Atta_6,1491.2,1888.3,340.4,39.7,-1.8,,,,
50.072,7,Atta_7,578.3,2727.5,237.2,-82.3,-8.0,,,,
50.072,8,Atta_8,915.5,2178.4,308.4,-47.1,7.9,,,,
50.072,9,Atta_9,1836.8,2652.6,53.2,-92.3,1.6,,,,
50.072,10,Atta_10,582.2,2371.5,111.8,-68.4,7.3,,,,
50.195,1,Atta_1,111.1,2006.7,53.4,29.0,-4.0,,,,
50.195,2,Atta_2,1412.0,159.2,164.8,36.0,-2.7,,,,
50.195,3,Atta_3,1103.7,252.3,242.2,54.6,1.7,,,,
50.195,4,Atta_4,221.6,640.9,127.8,-49.2,1.8,,,,
50.195,5,Atta_5,879.5,1431.5,41.8,12.1,-3.0,,,,
50.195,6,Atta_6,1519.0,1863.8,343.9,37.1,3.5,,,,
50.195,7,Atta_7,566.1,2671.1,232.8,57.7,-4.4,,,,
50.195,8,Atta_8,858.4,2184.4,311.9,-57.4,3.5,,,,
50.195,9,Atta_9,1846.4,2609.5,48.2,-44.2,-5.0,,,,
50.195,10,Atta_10,544.6,2373.3,118.0,37.6,6.2,,,,
50.245,1,Atta_1,135.5,2056.6,48.6,55.5,-4.8,,,,
50.245,2,Atta_2,1403.0,173.3,160.9,16.7,-3.9,,,,
50.245,3,Atta_3,1091.2,282.6,242.1,-32.8,-0.1,,,,
50.245,4,Atta_4,237.4,663.3,126.8,27.4,-1.0,,,,
50.245,5,Atta_5,806.3,1419.7,37.8,-74.1,-4.0,,,,
50.245,6,Atta_6,1528.0,1935.6,340.5,-72.4,-3.4,,,,
50.245,7,Atta_7,493.9,2691.4,233.2,75.0,0.4,,,,
50.245,8,Atta_8,884.6,2178.1,315.5,26.9,3.6,,,,
50.245,9,Atta_9,1868.0,2667.5,41.4,61.9,-6.8,,,,
50.245,10,Atta_10,568.2,2371.4,116.8,-23.7,-1.2,,,,
50.314,1,Atta_1,162.8,2022.3,46.4,-43.8,-2.2,,,,
50.314,2,Atta_2,1443.0,150.9,152.7,-45.8,-8.2,,,,
50.314,3,Atta_3,1128.2,266.9,242.4,-40.2,0.3,,,,
50.314,4,Atta_4,221.8,613.6,124.1,-52.1,-2.7,,,,
50.314,5,Atta_5,854.5,1388.5,34.6,57.4,-3.2,,,,
50.314,6,Atta_6,1523.8,1918.6,337.1,17.5,-3.4,,,,
50.314,7,Atta_7,534.4,2651.8,224.6,56.6,-8.6,,,,
50.314,8,Atta_8,961.5,2202.0,320.2,80.5,4.7,,,,
50.314,9,Atta_9,1820.1,2626.9,38.0,-62.8,-3.4,,,,
50.314,10,Atta_10,549.0,2316.9,121.9,-57.8,5.1,,,,
50.384,1,Atta_1,118.8,2027.7,39.8,-44.3,-6.6,,,,
50.384,2,Atta_2,1401.2,170.0,151.1,46.0,-1.6,,,,
50.384,3,Atta_3,1055.5,228.5,242.5,82.2,0.1,,,,
50.384,4,Atta_4,187.9,635.9,125.9,40.6,1.8,,,,
50.384,5,Atta_5,840.7,1447.3,29.9,60.4,-4.7,,,,
50.384,6,Atta_6,1535.9,1929.2,342.1,16.1,5.0,,,,
50.384,7,Atta_7,528.8,2693.5,217.9,-42.1,-6.7,,,,
50.384,8,Atta_8,857.5,2162.2,324.6,-111.4,4.4,,,,
50.384,9,Atta_9,1861.6,2676.4,35.1,64.6,-2.9,,,,
50.384,10,Atta_10,574.6,2350.6,131.9,42.3,10.0,,,,
50.442,1,Atta_1,167.1,2029.0,38.0,48.3,-1.8,,,,
50.442,2,Atta_2,1422.4,128.8,146.9,-46.3,-4.2,,,,
50.442,3,Atta_3,1032.4,248.7,241.0,-30.7,-1.5,,,,
50.442,4,Atta_4,181.0,686.7,125.4,51.3,-0.5,,,,
50.442,5,Atta_5,825.5,1410.9,23.4,-39.4,-6.5,,,,
50.442,6,Atta_6,1537.0,1822.8,336.8,106.4,-5.3,,,,
50.442,7,Atta_7,533.4,2655.5,218.6,38.3,0.7,,,,
50.442,8,Atta_8,895.9,2164.8,329.4,38.5,4.8,,,,
50.442,9,Atta_9,1888.9,2644.3,30.4,42.1,-4.7,,,,
50.442,10,Atta_10,594.3,2361.7,134.5,-22.6,2.6,,,,
50.514,1,Atta_1,176.6,2056.1,32.1,28.7,-5.9,,,,
50.514,2,Atta_2,1420.9,79.7,141.2,-49.1,-5.7,,,,
50.514,3,Atta_3,1076.5,165.8,243.8,93.9,2.8,,,,
50.514,4,Atta_4,155.0,700.6,129.2,29.5,3.8,,,,
50.514,5,Atta_5,872.3,1406.9,18.8,47.0,-4.6,,,,
50.514,6,Atta_6,1520.8,1897.8,341.8,-76.7,5.0,,,,
50.514,7,Atta_7,492.0,2668.7,213.0,43.5,-5.6,,,,
50.514,8,Atta_8,846.8,2118.0,332.9,-67.8,3.5,,,,
50.514,9,Atta_9,1873.8,2600.0,25.7,-46.8,-4.7,,,,
50.514,10,Atta_10,621.9,2444.7,140.2,87.5,5.7,,,,
50.583,1,Atta_1,229.7,2059.3,31.9,53.2,-0.2,,,,
50.583,2,Atta_2,1401.2,79.9,137.6,19.7,-3.6,,,,
50.583,3,Atta_3,1065.2,144.5,242.3,24.1,-1.5,,,,
50.583,4,Atta_4,141.6,675.2,125.7,-28.7,-3.5,,,,
50.583,5,Atta_5,802.9,1423.5,13.5,-71.4,-5.3,,,,
50.583,6,Atta_6,1468.7,1909.9,341.8,-53.5,0.0,,,,
50.583,7,Atta_7,545.9,2716.4,206.3,-72.0,-6.7,,,,
50.583,8,Atta_8,915.5,2189.7,338.1,99.3,5.2,,,,
50.583,9,Atta_9,1864.8,2645.8,21.5,46.7,-4.2,,,,
50.583,10,Atta_10,615.7,2349.3,144.9,-95.6,4.7,,,,
50.649,1,Atta_1,197.2,2055.9,28.8,-32.7,-3.1,,,,
50.649,2,Atta_2,1425.5,168.2,129.6,91.6,-8.0,,,,
50.649,3,Atta_3,1073.0,178.8,241.0,-35.2,-1.3,,,,
50.649,4,Atta_4,185.1,681.9,127.9,-44.0,2.2,,,,
50.649,5,Atta_5,851.8,1405.7,5.6,52.0,-7.9,,,,
50.649,6,Atta_6,1380.9,1870.9,340.2,-96.1,-1.6,,,,
50.649,7,Atta_7,578.4,2685.2,202.7,-45.1,-3.6,,,,
50.649,8,Atta_8,847.6,2129.9,336.4,-90.5,-1.7,,,,
50.649,9,Atta_9,1863.7,2612.3,16.2,-33.5,-5.3,,,,
50.649,10,Atta_10,603.2,2362.3,148.8,18.0,3.9,,,,
50.715,1,Atta_1,179.4,2009.2,31.5,-50.0,2.7,,,,
50.715,2,Atta_2,1336.1,205.2,128.1,96.8,-1.5,,,,
50.715,3,Atta_3,1063.0,166.0,240.8,16.2,-0.2,,,,
50.715,4,Atta_4,127.7,682.8,129.8,57.4,1.9,,,,
50.715,5,Atta_5,829.5,1368.3,2.8,-43.5,-2.8,,,,
50.715,6,Atta_6,1490.1,1893.9,338.2,111.6,-2.0,,,,
50.715,7,Atta_7,502.1,2638.8,199.0,89.3,-3.7,,,,
50.715,8,Atta_8,871.4,2160.3,338.0,38.6,1.6,,,,
50.715,9,Atta_9,1860.3,2656.8,8.3,44.6,-7.9,,,,
50.715,10,Atta_10,623.3,2418.2,153.3,59.4,4.5,,,,
50.781,1,Atta_1,169.9,2024.4,32.5,-17.9,1.0,,,,
50.781,2,Atta_2,1414.2,207.4,119.4,-78.1,-8.7,,,,
50.781,3,Atta_3,1064.7,170.0,243.9,-4.3,3.1,,,,
50.781,4,Atta_4,203.0,646.3,135.7,-83.7,5.9,,,,
50.781,5,Atta_5,819.9,1449.1,1.5,-81.4,-1.3,,,,
50.781,6,Atta_6,1473.1,1879.0,329.0,-22.6,-9.2,,,,
50.781,7,Atta_7,530.9,2645.5,198.3,-29.6,-0.7,,,,
50.781,8,Atta_8,885.1,2160.3,335.9,13.7,-2.1,,,,
50.781,9,Atta_9,1856.3,2657.2,4.5,-4.0,-3.8,,,,
50.781,10,Atta_10,604.4,2370.6,153.8,-51.2,0.5,,,,
50.85,1,Atta_1,134.2,2023.1,28.5,-35.7,-4.0,,,,
50.85,2,Atta_2,1380.4,117.8,120.9,-95.8,1.5,,,,
50.85,3,Atta_3,1022.8,143.9,241.9,49.4,-2.0,,,,
50.85,4,Atta_4,201.1,682.7,139.4,36.4,3.7,,,,
50.85,5,Atta_5,917.7,1389.2,358.0,114.7,-3.5,,,,
50.85,6,Atta_6,1447.5,1868.6,326.5,-27.6,-2.5,,,,
50.85,7,Atta_7,545.6,2681.9,202.2,-39.3,3.9,,,,
50.85,8,Atta_8,895.6,2180.1,341.6,22.4,5.7,,,,
50.85,9,Atta_9,1911.2,2652.1,2.3,55.1,-2.2,,,,
50.85,10,Atta_10,656.4,2379.9,163.7,-52.8,9.9,,,,
50.911,1,Atta_1,166.8,2037.6,30.5,35.7,2.0,,,,
50.911,2,Atta_2,1394.4,160.7,120.3,45.1,-0.6,,,,
50.911,3,Atta_3,1043.5,171.2,241.1,-34.3,-0.8,,,,
50.911,4,Atta_4,125.7,691.0,144.1,75.9,4.7,,,,
50.911,5,Atta_5,839.3,1461.0,353.0,-106.3,-5.0,,,,
50.911,6,Atta_6,1413.8,1890.1,319.9,-40.0,-6.6,,,,
50.911,7,Atta_7,544.5,2615.1,199.9,66.8,-2.3,,,,
50.911,8,Atta_8,897.2,2132.4,338.4,47.7,-3.2,,,,
50.911,9,Atta_9,1896.0,2624.7,2.9,-31.3,0.6,,,,
50.911,10,Atta_10,565.1,2432.1,169.4,105.2,5.7,,,,
50.983,1,Atta_1,217.9,1996.7,31.9,65.5,1.4,,,,
50.983,2,Atta_2,1370.6,172.2,122.8,26.4,2.5,,,,
50.983,3,Atta_3,1064.5,138.9,239.9,38.5,-1.2,,,,
50.983,4,Atta_4,166.0,695.2,148.8,-40.5,4.7,,,,
50.983,5,Atta_5,752.6,1388.2,347.1,-113.2,-5.9,,,,
50.983,6,Atta_6,1480.2,1842.2,315.7,81.9,-4.2,,,,
50.983,7,Atta_7,531.2,2640.4,196.8,28.6,-3.1,,,,
50.983,8,Atta_8,961.0,2133.7,336.7,63.8,-1.7,,,,
50.983,9,Atta_9,1821.8,2660.2,0.0,-82.3,-2.9,,,,
50.983,10,Atta_10,601.4,2445.8,171.6,-38.8,2.2,,,,
51.033,1,Atta_1,163.4,2051.2,32.5,-77.1,0.6,,,,
51.033,2,Atta_2,1444.5,107.7,120.6,-98.1,-2.2,,,,
51.033,3,Atta_3,1054.2,102.9,239.1,37.4,-0.8,,,,
51.033,4,Atta_4,189.7,711.3,157.1,-28.7,8.3,,,,
51.033,5,Atta_5,834.6,1471.3,344.2,116.7,-2.9,,,,
51.033,6,Atta_6,1446.4,1905.3,315.4,-71.6,-0.3,,,,
51.033,7,Atta_7,559.7,2643.8,201.4,-28.7,4.6,,,,
51.033,8,Atta_8,919.8,2131.6,328.7,-41.3,-8.0,,,,
51.033,9,Atta_9,1886.0,2649.1,3.3,65.2,3.3,,,,
51.033,10,Atta_10,602.0,2370.7,177.2,-75.1,5.6,,,,
51.106,1,Atta_1,182.0,2028.6,31.4,29.3,-1.1,,,,
51.106,2,Atta_2,1407.8,117.6,121.5,38.0,0.9,,,,
51.106,3,Atta_3,1045.8,98.8,238.9,9.3,-0.2,,,,
51.106,4,Atta_4,209.8,671.5,156.1,-44.6,-1.0,,,,
51.106,5,Atta_5,883.9,1445.8,339.4,55.5,-4.8,,,,
51.106,6,Atta_6,1524.6,1850.5,309.4,95.5,-6.0,,,,
51.106,7,Atta_7,469.9,2695.0,198.4,103.4,-3.0,,,,
51.106,8,Atta_8,868.2,2089.2,321.5,-66.8,-7.2,,,,
51.106,9,Atta_9,1829.9,2590.0,2.2,-81.5,-1.1,,,,
51.106,10,Atta_10,636.9,2339.1,179.1,-47.1,1.9,,,,
51.157,1,Atta_1,226.4,2037.6,27.2,45.3,-4.2,,,,
51.157,2,Atta_2,1427.4,82.6,119.6,-40.1,-1.9,,,,
51.157,3,Atta_3,988.7,88.0,244.7,58.1,5.8,,,,
51.157,4,Atta_4,199.0,698.3,151.4,28.9,-4.7,,,,
51.157,5,Atta_5,875.9,1426.4,332.5,-21.0,-6.9,,,,
51.157,6,Atta_6,1431.6,1872.6,305.4,-95.6,-4.0,,,,
51.157,7,Atta_7,432.0,2590.1,202.6,111.5,4.2,,,,
51.157,8,Atta_8,883.0,2147.0,320.0,-59.7,-1.5,,,,
51.157,9,Atta_9,1827.4,2634.3,2.0,-44.4,-0.2,,,,
51.157,10,Atta_10,593.4,2354.2,183.9,46.0,4.8,,,,
51.291,1,Atta_1,234.1,2132.2,34.3,94.9,7.1,,,,
51.291,2,Atta_2,1394.6,122.3,121.3,51.5,1.7,,,,
51.291,3,Atta_3,1011.9,66.8,235.7,31.4,-9.0,,,,
51.291,4,Atta_4,231.3,737.8,151.3,-51.0,-0.1,,,,
51.291,5,Atta_5,820.1,1370.2,328.3,-79.2,-4.2,,,,
51.291,6,Atta_6,1465.7,1847.2,298.3,42.5,-7.1,,,,
51.291,7,Atta_7,506.3,2611.0,200.9,-77.2,-1.7,,,,
51.291,8,Atta_8,859.1,2102.5,315.4,50.5,-4.6,,,,
51.291,9,Atta_9,1842.3,2684.3,3.9,52.2,1.9,,,,
51.291,10,Atta_10,575.7,2382.1,190.4,33.0,6.5,,,,
51.345,1,Atta_1,272.1,2070.1,30.2,-72.8,-4.1,,,,
51.345,2,Atta_2,1407.2,199.5,118.3,78.2,-3.0,,,,
51.345,3,Atta_3,984.8,116.3,233.5,-56.4,-2.2,,,,
51.345,4,Atta_4,116.7,650.1,152.3,144.3,1.0,,,,
51.345,5,Atta_5,922.6,1393.4,326.6,105.1,-1.7,,,,
51.345,6,Atta_6,1457.9,1904.3,295.0,-57.6,-3.3,,,,
51.345,7,Atta_7,472.4,2656.6,198.2,56.8,-2.7,,,,
51.345,8,Atta_8,922.6,2141.6,311.2,74.6,-4.2,,,,
51.345,9,Atta_9,1879.9,2612.4,1.0,81.1,-2.9,,,,
51.345,10,Atta_10,643.0,2391.6,191.0,-68.0,0.6,,,,
51.415,1,Atta_1,292.6,2105.2,34.9,40.6,4.7,,,,
51.415,2,Atta_2,1395.7,162.6,119.4,-38.7,1.1,,,,
51.415,3,Atta_3,1005.9,106.9,238.9,-23.1,5.4,,,,
51.415,4,Atta_4,183.9,709.1,157.0,-89.4,4.7,,,,
51.415,5,Atta_5,781.5,1485.6,321.7,-168.6,-4.9,,,,
51.415,6,Atta_6,1522.6,1949.2,291.8,-78.8,-3.2,,,,
51.415,7,Atta_7,475.6,2597.5,201.0,59.2,2.8,,,,
51.415,8,Atta_8,893.1,2124.9,306.6,-33.9,-4.6,,,,
51.415,9,Atta_9,1923.6,2654.8,1.1,60.9,0.1,,,,
51.415,10,Atta_10,612.2,2382.3,192.4,32.2,1.4,,,,
51.485,1,Atta_1,267.3,2056.2,32.7,-55.1,-2.2,,,,
51.485,2,Atta_2,1377.4,163.7,121.7,18.3,2.3,,,,
51.485,3,Atta_3,1086.6,95.1,236.9,-81.6,-2.0,,,,
51.485,4,Atta_4,250.4,711.6,161.5,-66.5,4.5,,,,
51.485,5,Atta_5,825.9,1430.8,313.3,70.5,-8.4,,,,
51.485,6,Atta_6,1468.5,1885.2,283.3,83.8,-8.5,,,,
51.485,7,Atta_7,430.9,2636.2,198.8,59.1,-2.2,,,,
51.485,8,Atta_8,918.2,2155.9,301.3,-39.9,-5.3,,,,
51.485,9,Atta_9,1839.8,2661.8,1.4,-84.1,0.3,,,,
51.485,10,Atta_10,601.2,2355.4,188.3,29.1,-4.1,,,,
51.554,1,Atta_1,308.3,2069.5,30.9,43.1,-1.8,,,,
51.554,2,Atta_2,1405.9,220.0,120.2,63.1,-1.5,,,,
51.554,3,Atta_3,1079.5,185.5,238.9,-90.7,2.0,,,,
51.554,4,Atta_4,159.3,690.3,163.3,93.6,1.8,,,,
51.554,5,Atta_5,839.0,1427.0,314.8,13.6,1.5,,,,
51.554,6,Atta_6,1459.7,1884.5,280.9,-8.8,-2.4,,,,
51.554,7,Atta_7,437.8,2617.6,197.8,-19.8,-1.0,,,,
51.554,8,Atta_8,893.1,2124.1,300.1,40.5,-1.2,,,,
51.554,9,Atta_9,1890.3,2661.0,1.6,50.5,0.2,,,,
51.554,10,Atta_10,687.0,2342.3,190.6,-86.8,2.3,,,,
51.624,1,Atta_1,257.5,2126.8,32.9,-76.6,2.0,,,,
51.624,2,Atta_2,1385.1,263.5,120.0,48.2,-0.2,,,,
51.624,3,Atta_3,1030.1,203.5,237.2,52.6,-1.7,,,,
51.624,4,Atta_4,202.2,751.6,168.2,-74.8,4.9,,,,
51.624,5,Atta_5,907.2,1359.9,311.9,95.7,-2.9,,,,
51.624,6,Atta_6,1481.1,1947.7,285.6,-66.7,4.7,,,,
51.624,7,Atta_7,491.7,2676.2,197.5,-79.6,-0.3,,,,
51.624,8,Atta_8,868.6,2121.8,293.3,-24.6,-6.8,,,,
51.624,9,Atta_9,1919.7,2613.3,1.5,56.0,-0.1,,,,
51.624,10,Atta_10,630.3,2364.7,190.6,61.0,0.0,,,,
51.68,1,Atta_1,298.8,2147.5,30.0,46.2,-2.9,,,,
51.68,2,Atta_2,1333.8,275.9,119.9,52.8,-0.1,,,,
51.68,3,Atta_3,1130.4,135.0,241.8,121.5,4.6,,,,
51.68,4,Atta_4,146.3,670.5,175.7,98.5,7.5,,,,
51.68,5,Atta_5,844.0,1389.2,315.2,-69.7,3.3,,,,
51.68,6,Atta_6,1445.0,1892.4,284.4,66.0,-1.2,,,,
51.68,7,Atta_7,404.3,2616.3,200.3,106.0,2.8,,,,
51.68,8,Atta_8,907.9,2169.8,291.2,-62.0,-2.1,,,,
51.68,9,Atta_9,1950.5,2635.7,0.2,38.1,-1.3,,,,
51.68,10,Atta_10,596.1,2345.1,197.7,39.4,7.1,,,,
51.752,1,Atta_1,293.6,2075.8,33.7,-71.9,3.7,,,,
51.752,2,Atta_2,1385.7,221.6,122.4,-75.1,2.5,,,,
51.752,3,Atta_3,1070.0,201.8,239.8,-90.1,-2.0,,,,
51.752,4,Atta_4,181.2,649.4,176.6,-40.8,0.9,,,,
51.752,5,Atta_5,833.5,1411.6,315.2,-24.7,0.0,,,,
51.752,6,Atta_6,1475.1,1866.9,283.9,39.4,-0.5,,,,
51.752,7,Atta_7,421.9,2606.2,199.9,-20.3,-0.4,,,,
51.752,8,Atta_8,922.8,2120.9,285.7,51.1,-5.5,,,,
51.752,9,Atta_9,1957.7,2644.3,359.9,11.2,-0.3,,,,
51.752,10,Atta_10,541.8,2466.2,189.9,132.7,-7.8,,,,
51.814,1,Atta_1,298.3,2069.6,37.2,7.8,3.5,,,,
51.814,2,Atta_2,1398.6,227.6,123.1,-14.2,0.7,,,,
51.814,3,Atta_3,1062.9,142.1,234.4,60.1,-5.4,,,,
51.814,4,Atta_4,169.7,656.7,181.6,13.6,5.0,,,,
51.814,5,Atta_5,834.7,1422.6,315.8,-11.1,0.6,,,,
51.814,6,Atta_6,1445.9,1882.7,281.9,-33.2,-2.0,,,,
51.814,7,Atta_7,437.3,2596.1,199.1,-18.4,-0.8,,,,
51.814,8,Atta_8,890.9,2188.5,282.8,-74.7,-2.9,,,,
51.814,9,Atta_9,1923.5,2587.5,3.9,-66.3,4.0,,,,
51.814,10,Atta_10,616.1,2327.8,192.9,-157.1,3.0,,,,
51.884,1,Atta_1,346.4,2136.4,33.2,82.3,-4.0,,,,
51.884,2,Atta_2,1377.6,277.8,120.4,54.4,-2.7,,,,
51.884,3,Atta_3,1046.8,190.7,226.2,-51.2,-8.2,,,,
51.884,4,Atta_4,167.8,729.0,187.6,-72.3,6.0,,,,
51.884,5,Atta_5,857.0,1417.2,311.3,22.9,-4.5,,,,
51.884,6,Atta_6,1444.1,1930.7,283.3,-48.0,1.4,,,,
51.884,7,Atta_7,400.8,2578.5,196.5,40.5,-2.6,,,,
51.884,8,Atta_8,877.8,2210.9,274.2,-25.9,-8.6,,,,
51.884,9,Atta_9,1974.5,2627.8,4.8,65.0,0.9,,,,
51.884,10,Atta_10,576.6,2400.8,192.4,83.0,-0.5,,,,
51.95,1,Atta_1,355.6,2126.4,29.5,13.6,-3.7,,,,
51.95,2,Atta_2,1346.1,273.7,125.5,31.8,5.1,,,,
51.95,3,Atta_3,1040.4,144.2,218.7,46.9,-7.5,,,,
51.95,4,Atta_4,182.0,695.0,192.3,-36.8,4.7,,,,
51.95,5,Atta_5,831.4,1405.7,305.9,-28.1,-5.4,,,,
51.95,6,Atta_6,1490.0,1855.1,285.1,88.4,1.8,,,,
51.95,7,Atta_7,397.9,2592.2,201.2,-14.0,4.7,,,,
51.95,8,Atta_8,897.4,2157.1,272.1,57.3,-2.1,,,,
51.95,9,Atta_9,1979.2,2637.4,1.3,10.7,-3.5,,,,
51.95,10,Atta_10,546.8,2420.7,190.7,35.8,-1.7,,,,
52.016,1,Atta_1,290.6,2094.2,32.7,-72.5,3.2,,,,
52.016,2,Atta_2,1294.2,226.1,127.8,-70.4,2.3,,,,
52.016,3,Atta_3,1064.4,125.5,222.2,-30.4,3.5,,,,
52.016,4,Atta_4,175.3,709.2,196.2,15.7,3.9,,,,
52.016,5,Atta_5,803.1,1439.1,297.9,-43.8,-8.0,,,,
52.016,6,Atta_6,1465.6,1889.6,283.2,-42.3,-1.9,,,,
52.016,7,Atta_7,398.3,2572.5,199.2,19.7,-2.0,,,,
52.016,8,Atta_8,921.8,2160.2,269.8,-24.6,-2.3,,,,
52.016,9,Atta_9,1961.0,2668.4,353.6,-35.9,-7.7,,,,
52.016,10,Atta_10,589.2,2387.3,194.6,-54.0,3.9,,,,
52.082,1,Atta_1,360.6,2133.0,33.5,80.0,0.8,,,,
52.082,2,Atta_2,1338.7,255.5,132.1,-53.3,4.3,,,,
52.082,3,Atta_3,1031.0,182.8,214.8,-66.3,-7.4,,,,
52.082,4,Atta_4,217.3,686.5,198.7,-47.7,2.5,,,,
52.082,5,Atta_5,870.0,1464.6,298.3,71.6,0.4,,,,
52.082,6,Atta_6,1467.0,1841.8,284.5,47.8,1.3,,,,
52.082,7,Atta_7,376.9,2609.6,198.0,42.8,-1.2,,,,
52.082,8,Atta_8,902.5,2205.1,261.8,-48.9,-8.0,,,,
52.082,9,Atta_9,1974.9,2680.2,350.7,18.2,-2.9,,,,
52.082,10,Atta_10,510.2,2361.1,188.5,83.2,-6.1,,,,
52.148,1,Atta_1,331.1,2123.8,34.1,-30.9,0.6,,,,
52.148,2,Atta_2,1371.4,251.2,137.1,-33.0,5.0,,,,
52.148,3,Atta_3,1072.6,185.7,208.9,-41.7,-5.9,,,,
52.148,4,Atta_4,192.3,655.2,206.8,40.1,8.1,,,,
52.148,5,Atta_5,845.6,1432.6,295.8,40.2,-2.5,,,,
52.148,6,Atta_6,1481.6,1839.3,286.6,14.8,2.1,,,,
52.148,7,Atta_7,380.0,2601.4,201.6,-8.8,3.6,,,,
52.148,8,Atta_8,865.4,2152.3,258.4,64.5,-3.4,,,,
52.148,9,Atta_9,1949.3,2676.3,350.1,-25.9,-0.6,,,,
52.148,10,Atta_10,542.3,2357.2,191.3,-32.3,2.8,,,,
52.217,2,Atta_2,1353.9,284.8,146.4,37.9,9.3,,,,
52.217,3,Atta_3,1070.6,165.8,200.7,20.0,-8.2,,,,
52.217,4,Atta_4,128.1,700.4,206.9,78.5,0.1,,,,
52.217,5,Atta_5,816.3,1386.1,289.5,55.0,-6.3,,,,
52.217,6,Atta_6,1510.9,1873.2,286.8,-44.8,0.2,,,,
52.217,7,Atta_7,366.8,2619.3,203.2,22.2,1.6,,,,
52.217,8,Atta_8,960.8,2137.5,253.2,-96.5,-5.2,,,,
52.217,9,Atta_9,1983.7,2600.0,342.2,83.7,-7.9,,,,
52.217,10,Atta_10,528.8,2369.3,195.4,18.1,4.1,,,,
52.287,1,Atta_1,374.1,2163.9,33.0,58.8,-1.1,,,,
52.287,2,Atta_2,1339.8,272.7,150.0,18.6,3.6,,,,
52.287,3,Atta_3,1127.6,161.9,197.6,-57.1,-3.1,,,,
52.287,4,Atta_4,147.4,751.1,210.6,-54.2,3.7,,,,
52.287,5,Atta_5,794.5,1428.5,284.7,-47.7,-4.8,,,,
52.287,6,Atta_6,1449.0,1815.2,281.1,84.8,-5.7,,,,
52.287,7,Atta_7,298.8,2567.3,197.6,85.6,-5.6,,,,
52.287,8,Atta_8,893.7,2193.2,249.9,-87.2,-3.3,,,,
52.287,9,Atta_9,1978.7,2683.7,336.0,-83.8,-6.2,,,,
52.287,10,Atta_10,503.5,2331.9,190.6,45.2,-4.8,,,,
52.357,1,Atta_1,365.5,2182.9,33.5,20.9,0.5,,,,
52.357,2,Atta_2,1302.7,214.5,148.2,69.0,-1.8,,,,
52.357,3,Atta_3,1063.0,223.0,193.6,88.9,-4.0,,,,
52.357,4,Atta_4,170.7,667.8,214.7,86.5,4.1,,,,
52.357,5,Atta_5,815.9,1359.6,280.3,72.1,-4.4,,,,
52.357,6,Atta_6,1486.2,1800.7,282.4,39.9,1.3,,,,
52.357,7,Atta_7,346.2,2600.1,198.8,-57.6,1.2,,,,
52.357,8,Atta_8,915.2,2147.1,244.8,50.9,-5.1,,,,
52.357,9,Atta_9,1917.2,2625.8,334.2,-84.5,-1.8,,,,
52.357,10,Atta_10,505.1,2346.0,190.4,-14.2,-0.2,,,,
52.427,1,Atta_1,428.0,2182.8,37.3,62.5,3.8,,,,
52.427,2,Atta_2,1365.2,256.1,153.9,-75.1,5.7,,,,
52.427,3,Atta_3,1121.2,152.7,195.3,-91.3,1.7,,,,
52.427,4,Atta_4,196.4,733.3,223.2,-70.4,8.5,,,,
52.427,5,Atta_5,879.3,1419.2,275.4,-87.0,-4.9,,,,
52.427,6,Atta_6,1497.0,1830.2,284.6,-31.4,2.2,,,,
52.427,7,Atta_7,285.3,2594.0,200.8,61.2,2.0,,,,
52.427,8,Atta_8,908.1,2193.6,237.8,-47.0,-7.0,,,,
52.427,9,Atta_9,2013.2,2578.4,335.9,107.1,1.7,,,,
52.427,10,Atta_10,530.5,2367.0,191.9,-33.0,1.5,,,,
52.494,1,Atta_1,415.7,2141.5,34.9,-43.1,-2.4,,,,
52.494,2,Atta_2,1376.6,328.6,161.8,73.4,7.9,,,,
52.494,3,Atta_3,1020.9,149.4,184.4,100.4,-10.9,,,,
52.494,4,Atta_4,172.2,641.5,229.5,94.9,6.3,,,,
52.494,5,Atta_5,767.2,1434.1,268.6,-113.1,-6.8,,,,
52.494,6,Atta_6,1504.4,1878.3,280.3,-48.7,-4.3,,,,
52.494,7,Atta_7,267.1,2579.1,202.1,23.5,1.3,,,,
52.494,8,Atta_8,888.7,2151.5,233.9,46.4,-3.9,,,,
52.494,9,Atta_9,1995.7,2629.0,331.0,-53.5,-4.9,,,,
52.494,10,Atta_10,505.4,2344.4,190.9,33.8,-1.0,,,,
52.55,1,Atta_1,399.7,2145.3,35.0,-16.4,0.1,,,,
52.55,2,Atta_2,1352.0,221.7,163.3,-109.7,1.5,,,,
52.55,3,Atta_3,1070.9,179.7,180.6,-58.5,-3.8,,,,
52.55,4,Atta_4,201.0,736.9,222.8,-99.7,-6.7,,,,
52.55,5,Atta_5,851.6,1458.5,264.6,-87.9,-4.0,,,,
52.55,6,Atta_6,1451.8,1773.8,288.0,117.0,7.7,,,,
52.55,7,Atta_7,258.9,2579.8,198.6,8.2,-3.5,,,,
52.55,8,Atta_8,837.7,2142.1,227.7,51.9,-6.2,,,,
52.55,9,Atta_9,1976.5,2602.7,337.2,-32.6,6.2,,,,
52.55,10,Atta_10,446.7,2323.0,191.7,62.5,0.8,,,,
52.621,1,Atta_1,450.2,2230.1,32.0,98.7,-3.0,,,,
52.621,2,Atta_2,1350.7,270.2,171.4,48.5,8.1,,,,
52.621,3,Atta_3,1108.2,174.3,180.7,-37.7,0.1,,,,
52.621,4,Atta_4,146.2,683.7,225.7,76.4,2.9,,,,
52.621,5,Atta_5,856.9,1446.9,264.2,12.8,-0.4,,,,
52.621,6,Atta_6,1460.1,1796.3,286.2,-24.0,-1.8,,,,
52.621,7,Atta_7,251.3,2582.0,197.8,7.9,-0.8,,,,
52.621,8,Atta_8,844.5,2140.3,226.9,-7.0,-0.8,,,,
52.621,9,Atta_9,1992.4,2653.8,333.7,-53.5,-3.5,,,,
52.621,10,Atta_10,470.3,2354.1,193.8,-39.0,2.1,,,,
52.673,1,Atta_1,451.1,2151.9,33.8,-78.2,1.8,,,,
52.673,2,Atta_2,1346.6,268.7,174.1,4.4,2.7,,,,
52.673,3,Atta_3,1085.7,115.5,182.8,63.0,2.1,,,,
52.673,4,Atta_4,164.9,732.6,224.5,-52.4,-1.2,,,,
52.673,5,Atta_5,876.1,1454.1,257.6,-20.5,-6.6,,,,
52.673,6,Atta_6,1457.0,1752.8,291.7,43.6,5.5,,,,
52.673,7,Atta_7,324.8,2550.1,200.6,-80.1,2.8,,,,
52.673,8,Atta_8,854.7,2156.6,225.1,-19.2,-1.8,,,,
52.673,10,Atta_10,420.5,2339.0,192.5,52.0,-1.3,,,,
52.743,1,Atta_1,404.4,2149.1,32.8,-46.8,-1.0,,,,
52.743,2,Atta_2,1320.1,258.9,179.3,28.3,5.2,,,,
52.743,3,Atta_3,1031.2,183.5,178.8,87.1,-4.0,,,,
52.743,4,Atta_4,201.2,640.6,227.3,98.9,2.8,,,,
52.743,5,Atta_5,763.8,1482.6,251.5,-115.9,-6.1,,,,
52.743,6,Atta_6,1473.8,1780.3,301.1,-32.2,9.4,,,,
52.743,7,Atta_7,282.2,2561.6,201.5,44.1,0.9,,,,
52.743,8,Atta_8,896.6,2114.2,216.8,59.6,-8.3,,,,
52.743,9,Atta_9,1968.3,2616.6,331.9,-44.3,-1.8,,,,
52.743,10,Atta_10,412.3,2327.3,191.6,14.3,-0.9,,,,
52.812,1,Atta_1,402.2,2152.4,34.4,-4.0,1.6,,,,
52.812,2,Atta_2,1348.3,349.0,185.4,-94.4,6.1,,,,
52.812,3,Atta_3,1059.2,166.9,183.3,-32.6,4.5,,,,
52.812,4,Atta_4,162.2,722.2,224.6,-90.4,-2.7,,,,
52.812,5,Atta_5,814.2,1414.5,249.7,84.7,-1.8,,,,
52.812,6,Atta_6,1456.8,1777.7,303.5,-17.2,2.4,,,,
52.812,7,Atta_7,222.4,2552.7,200.6,60.5,-0.9,,,,
52.812,8,Atta_8,862.2,2120.2,209.7,34.9,-7.1,,,,
52.812,9,Atta_9,2063.7,2666.5,318.5,107.7,-13.4,,,,
52.812,10,Atta_10,403.0,2335.1,191.0,12.1,-0.6,,,,
52.88,1,Atta_1,443.7,2222.0,29.9,81.0,-4.5,,,,
52.88,2,Atta_2,1376.9,253.8,189.9,-99.4,4.5,,,,
52.88,3,Atta_3,1117.8,171.3,181.8,-58.8,-1.5,,,,
52.88,4,Atta_4,132.7,702.0,225.1,35.8,0.5,,,,
52.88,5,Atta_5,894.3,1393.4,243.4,-82.8,-6.3,,,,
52.88,6,Atta_6,1477.9,1842.9,307.5,-68.5,4.0,,,,
52.88,7,Atta_7,192.6,2583.8,197.9,43.1,-2.7,,,,
52.88,8,Atta_8,914.8,2142.7,207.2,-57.2,-2.5,,,,
52.88,9,Atta_9,1969.0,2628.3,317.3,-102.1,-1.2,,,,
52.88,10,Atta_10,395.3,2312.2,192.0,24.2,1.0,,,,
52.949,1,Atta_1,483.8,2230.8,30.2,41.1,0.3,,,,
52.949,2,Atta_2,1382.0,299.3,193.8,-45.8,3.9,,,,
52.949,3,Atta_3,1020.7,175.2,180.4,97.2,-1.4,,,,
52.949,4,Atta_4,130.7,670.7,226.0,31.4,0.9,,,,
52.949,5,Atta_5,885.9,1460.6,238.4,-67.7,-5.0,,,,
52.949,6,Atta_6,1454.1,1806.2,310.6,43.7,3.1,,,,
52.949,7,Atta_7,233.7,2591.0,196.6,-41.7,-1.3,,,,
52.949,8,Atta_8,862.4,2107.3,205.1,63.2,-2.1,,,,
52.949,9,Atta_9,1965.2,2623.2,308.9,6.4,-8.4,,,,
52.949,10,Atta_10,439.6,2347.7,190.0,-56.8,-2.0,,,,
53.017,1,Atta_1,474.7,2149.2,36.1,-82.1,5.9,,,,
53.017,2,Atta_2,1368.0,238.1,198.0,62.8,4.2,,,,
53.017,3,Atta_3,1052.8,154.4,180.5,-38.2,0.1,,,,
53.017,4,Atta_4,174.0,627.2,229.4,61.4,3.4,,,,
53.017,5,Atta_5,872.2,1427.9,234.1,35.5,-4.3,,,,
53.017,6,Atta_6,1466.9,1814.5,315.2,15.3,4.6,,,,
53.017,7,Atta_7,200.4,2586.5,198.2,33.6,1.6,,,,
53.017,8,Atta_8,890.0,2219.4,201.5,-115.4,-3.6,,,,
53.017,9,Atta_9,1933.4,2624.1,308.1,-31.8,-0.8,,,,
53.017,10,Atta_10,365.7,2322.2,188.9,78.2,-1.1,,,,
53.086,1,Atta_1,421.7,2233.4,35.2,99.5,-0.9,,,,
53.086,2,Atta_2,1356.1,267.9,200.0,32.1,2.0,,,,
53.086,3,Atta_3,1077.5,158.8,176.7,-25.1,-3.8,,,,
53.086,4,Atta_4,166.5,626.5,223.9,7.5,-5.5,,,,
53.086,5,Atta_5,863.8,1431.4,234.4,9.1,0.3,,,,
53.086,6,Atta_6,1420.4,1762.4,322.2,69.8,7.0,,,,
53.086,7,Atta_7,211.0,2585.6,195.7,-10.6,-2.5,,,,
53.086,8,Atta_8,932.2,2131.1,193.8,-97.9,-7.7,,,,
53.086,9,Atta_9,2033.9,2655.2,302.5,105.2,-5.6,,,,
53.086,10,Atta_10,367.1,2341.3,192.6,-19.2,3.7,,,,
53.154,1,Atta_1,545.6,2216.0,32.1,125.1,-3.1,,,,
53.154,2,Atta_2,1323.6,241.9,207.0,41.6,7.0,,,,
53.154,3,Atta_3,1010.5,150.8,181.3,67.5,4.6,,,,
53.154,4,Atta_4,66.4,747.0,229.7,-156.7,5.8,,,,
53.154,5,Atta_5,807.7,1388.3,227.2,70.7,-7.2,,,,
53.154,6,Atta_6,1484.2,1775.8,325.1,65.2,2.9,,,,
53.154,7,Atta_7,241.6,2533.3,202.6,-60.6,6.9,,,,
53.154,8,Atta_8,858.7,2141.0,197.1,74.2,3.3,,,,
53.154,9,Atta_9,1983.1,2606.5,301.3,70.4,-1.2,,,,
53.154,10,Atta_10,405.3,2334.2,192.4,-38.9,-0.2,,,,
53.212,1,Atta_1,484.9,2272.1,33.1,-82.7,1.0,,,,
53.212,2,Atta_2,1359.3,240.5,207.1,-35.7,0.1,,,,
53.212,3,Atta_3,998.6,94.5,179.2,57.5,-2.1,,,,
53.212,4,Atta_4,122.7,674.8,227.8,91.6,-1.9,,,,
53.212,5,Atta_5,869.4,1437.0,218.5,-78.6,-8.7,,,,
53.212,6,Atta_6,1495.7,1800.2,329.8,-27.0,4.7,,,,
53.212,7,Atta_7,192.9,2477.5,200.0,74.1,-2.6,,,,
53.212,8,Atta_8,922.2,2103.1,184.1,-74.0,-13.0,,,,
53.212,9,Atta_9,2009.6,2647.4,294.7,-48.7,-6.6,,,,
53.212,10,Atta_10,372.8,2272.9,193.6,69.4,1.2,,,,
53.279,1,Atta_1,469.0,2297.9,37.1,30.3,4.0,,,,
53.279,2,Atta_2,1341.4,235.5,208.3,18.6,1.2,,,,
53.279,3,Atta_3,980.5,191.5,186.5,98.7,7.3,,,,
53.279,4,Atta_4,120.8,644.7,224.5,30.2,-3.3,,,,
53.279,5,Atta_5,932.6,1391.0,213.8,-78.2,-4.7,,,,
53.279,6,Atta_6,1491.6,1791.0,332.9,10.1,3.1,,,,
53.279,7,Atta_7,196.9,2553.6,198.1,-76.2,-1.9,,,,
53.279,8,Atta_8,893.6,2091.1,179.1,31.0,-5.0,,,,
53.279,9,Atta_9,1949.5,2655.8,290.7,-60.7,-4.0,,,,
53.279,10,Atta_10,339.7,2307.2,194.8,47.7,1.2,,,,
53.352,1,Atta_1,503.1,2242.6,36.8,-65.0,-0.3,,,,
53.352,2,Atta_2,1391.4,250.6,207.6,-52.2,-0.7,,,,
53.352,3,Atta_3,1027.4,198.0,182.3,-47.3,-4.2,,,,
53.352,4,Atta_4,111.3,585.1,226.1,60.4,1.6,,,,
53.352,5,Atta_5,821.6,1414.7,213.4,113.5,-0.4,,,,
53.352,6,Atta_6,1498.4,1811.3,340.0,-21.4,7.1,,,,
53.352,7,Atta_7,212.4,2535.2,200.3,-24.1,2.2,,,,
53.352,8,Atta_8,866.4,2154.0,182.4,68.5,3.3,,,,
53.352,9,Atta_9,1951.2,2610.7,285.3,45.1,-5.4,,,,
53.352,10,Atta_10,365.5,2348.7,192.4,-48.9,-2.4,,,,
53.415,1,Atta_1,480.0,2243.4,36.7,-23.1,-0.1,,,,
53.415,2,Atta_2,1433.8,225.6,207.6,-49.2,0.0,,,,
53.415,3,Atta_3,977.5,178.3,179.3,53.6,-3.0,,,,
53.415,4,Atta_4,80.5,591.2,226.6,31.4,0.5,,,,
53.415,5,Atta_5,880.2,1428.6,205.6,-60.2,-7.8,,,,
53.415,6,Atta_6,1475.9,1782.6,342.7,-36.5,2.7,,,,
53.415,7,Atta_7,156.5,2528.9,201.0,56.3,0.7,,,,
53.415,8,Atta_8,827.1,2179.8,172.3,47.0,-10.1,,,,
53.415,9,Atta_9,2014.2,2626.8,283.0,65.0,-2.3,,,,
53.415,10,Atta_10,284.4,2308.1,192.1,90.7,-0.3,,,,
53.485,1,Atta_1,562.3,2261.6,35.3,84.3,-1.4,,,,
53.485,2,Atta_2,1386.6,217.9,207.9,47.8,0.3,,,,
53.485,3,Atta_3,1014.4,148.8,182.0,-47.2,2.7,,,,
53.485,4,Atta_4,25.8,601.2,226.9,55.6,0.3,,,,
53.485,5,Atta_5,852.5,1404.6,204.1,36.7,-1.5,,,,
53.485,6,Atta_6,1505.5,1747.9,348.4,45.6,5.7,,,,
53.485,7,Atta_7,107.0,2542.1,199.4,51.2,-1.6,,,,
53.485,8,Atta_8,859.3,2106.2,169.0,-80.3,-3.3,,,,
53.485,9,Atta_9,1950.1,2617.6,277.6,-64.8,-5.4,,,,
53.485,10,Atta_10,290.0,2267.4,191.1,41.1,-1.0,,,,
53.554,1,Atta_1,554.1,2244.5,37.1,-19.0,1.8,,,,
53.554,2,Atta_2,1361.5,347.3,208.9,-131.8,1.0,,,,
53.554,3,Atta_3,1013.9,192.1,179.6,-43.3,-2.4,,,,
53.554,4,Atta_4,154.4,595.8,221.4,-128.7,-5.5,,,,
53.554,5,Atta_5,891.2,1418.2,201.1,-41.0,-3.0,,,,
53.554,6,Atta_6,1459.8,1859.6,351.7,-120.7,3.3,,,,
53.554,7,Atta_7,143.2,2547.9,198.5,-36.7,-0.9,,,,
53.554,8,Atta_8,897.8,2133.3,159.7,-47.1,-9.3,,,,
53.554,9,Atta_9,2033.6,2646.5,273.8,-88.4,-3.8,,,,
53.554,10,Atta_10,321.0,2349.8,195.1,-88.0,4.0,,,,
53.62,1,Atta_1,551.3,2285.9,32.1,41.5,-5.0,,,,
53.62,2,Atta_2,1364.3,252.4,210.0,94.9,1.1,,,,
53.62,3,Atta_3,969.9,176.6,179.1,46.7,-0.5,,,,
53.62,4,Atta_4,72.6,599.1,222.9,81.9,1.5,,,,
53.62,5,Atta_5,853.6,1375.7,192.7,56.7,-8.4,,,,
53.62,6,Atta_6,1489.5,1713.0,356.6,149.6,4.9,,,,
53.62,7,Atta_7,97.7,2517.8,199.8,54.6,1.3,,,,
53.62,8,Atta_8,873.1,2136.0,161.7,24.8,2.0,,,,
53.62,9,Atta_9,2036.1,2667.6,271.2,-21.2,-2.6,,,,
53.62,10,Atta_10,257.9,2300.6,193.9,80.0,-1.2,,,,
53.689,1,Atta_1,591.9,2259.7,35.4,48.3,3.3,,,,
53.689,2,Atta_2,1288.7,243.1,207.8,76.2,-2.2,,,,
53.689,3,Atta_3,964.0,143.4,174.9,33.7,-4.2,,,,
53.689,4,Atta_4,206.0,622.9,222.4,-135.5,-0.5,,,,
53.689,5,Atta_5,882.5,1391.8,192.4,-33.1,-0.3,,,,
53.689,6,Atta_6,1516.5,1780.5,360.0,72.7,3.4,,,,
53.689,7,Atta_7,141.1,2538.4,202.2,-48.0,2.4,,,,
53.689,8,Atta_8,939.1,2145.5,160.4,-66.7,-1.3,,,,
53.689,9,Atta_9,2008.3,2681.0,267.5,-30.9,-3.7,,,,
53.689,10,Atta_10,304.1,2272.5,193.3,-54.1,-0.6,,,,
53.758,1,Atta_1,570.2,2231.5,35.6,-35.6,0.2,,,,
53.758,2,Atta_2,1313.3,241.5,207.7,-24.7,-0.1,,,,
53.758,3,Atta_3,921.8,161.9,173.9,46.1,-1.0,,,,
53.758,4,Atta_4,129.8,653.4,220.3,82.1,-2.1,,,,
53.758,5,Atta_5,838.3,1419.0,183.8,51.9,-8.6,,,,
53.758,6,Atta_6,1485.9,1799.1,2.0,-35.8,2.0,,,,
53.758,7,Atta_7,118.7,2556.0,201.9,28.5,-0.3,,,,
53.758,8,Atta_8,914.2,2157.2,158.6,27.5,-1.8,,,,
53.758,9,Atta_9,2002.1,2636.1,256.7,45.3,-10.8,,,,
53.758,10,Atta_10,282.1,2260.8,191.5,24.9,-1.8,,,,
53.813,1,Atta_1,562.5,2319.2,34.8,88.0,-0.8,,,,
53.813,2,Atta_2,1297.2,212.6,209.1,33.1,1.4,,,,
53.813,3,Atta_3,974.6,199.5,164.8,-64.8,-9.1,,,,
53.813,4,Atta_4,112.5,636.8,223.6,24.0,3.3,,,,
53.813,5,Atta_5,821.3,1439.9,186.3,26.9,2.5,,,,
53.813,6,Atta_6,1484.0,1781.6,11.5,-17.6,9.5,,,,
53.813,7,Atta_7,126.0,2486.9,205.0,69.5,3.1,,,,
53.813,8,Atta_8,893.3,2133.7,162.7,31.4,4.1,,,,
53.813,9,Atta_9,2032.3,2608.7,261.8,40.8,5.1,,,,
53.813,10,Atta_10,287.4,2289.0,193.3,-28.7,1.8,,,,
53.884,1,Atta_1,604.8,2302.5,38.4,45.5,3.6,,,,
53.884,2,Atta_2,1313.9,271.4,215.8,-61.1,6.7,,,,
53.884,3,Atta_3,961.6,179.8,164.2,23.6,-0.6,,,,
53.884,4,Atta_4,172.8,608.4,225.6,-66.7,2.0,,,,
53.884,5,Atta_5,841.9,1420.6,180.9,-28.2,-5.4,,,,
53.884,6,Atta_6,1470.1,1771.8,8.8,-17.0,-2.7,,,,
53.884,7,Atta_7,113.2,2544.4,202.2,-58.9,-2.8,,,,
53.884,8,Atta_8,904.1,2208.1,163.5,75.2,0.8,,,,
53.884,9,Atta_9,2051.3,2645.9,263.1,-41.8,1.3,,,,
53.884,10,Atta_10,190.5,2373.6,194.1,128.6,0.8,,,,
53.954,1,Atta_1,592.6,2297.7,38.0,-13.1,-0.4,,,,
53.954,2,Atta_2,1326.9,263.7,211.5,-15.1,-4.3,,,,
53.954,3,Atta_3,965.4,161.1,157.2,-19.1,-7.0,,,,
53.954,4,Atta_4,131.2,662.3,223.6,-68.1,-2.0,,,,
53.954,5,Atta_5,862.8,1443.0,181.1,-30.6,0.2,,,,
53.954,6,Atta_6,1508.2,1787.9,10.6,41.4,1.8,,,,
53.954,7,Atta_7,125.3,2504.2,204.1,42.0,1.9,,,,
53.954,8,Atta_8,910.3,2114.0,161.5,-94.3,-2.0,,,,
53.954,9,Atta_9,2006.0,2627.5,261.7,48.9,-1.4,,,,
53.954,10,Atta_10,207.2,2256.8,193.9,118.0,-0.2,,,,
54.071,1,Atta_1,614.0,2280.4,35.5,27.5,-2.5,,,,
54.071,2,Atta_2,1362.3,252.1,215.2,-37.3,3.7,,,,
54.071,3,Atta_3,920.2,228.9,150.8,81.5,-6.4,,,,
54.071,4,Atta_4,202.9,697.3,230.3,-79.8,6.7,,,,
54.071,5,Atta_5,835.5,1412.2,185.3,41.2,4.2,,,,
54.071,6,Atta_6,1541.6,1779.1,12.7,34.5,2.1,,,,
54.071,7,Atta_7,118.4,2536.9,205.5,-33.4,1.4,,,,
54.071,8,Atta_8,887.9,2198.2,165.6,87.1,4.1,,,,
54.071,9,Atta_9,1973.5,2624.5,260.4,32.6,-1.3,,,,
54.071,10,Atta_10,224.5,2294.0,189.1,-41.0,-4.8,,,,
54.137,1,Atta_1,647.9,2299.6,35.6,39.0,0.1,,,,
54.137,2,Atta_2,1312.8,260.3,214.6,50.2,-0.6,,,,
54.137,3,Atta_3,947.3,129.4,146.4,-103.1,-4.4,,,,
54.137,4,Atta_4,216.5,678.9,236.7,22.9,6.4,,,,
54.137,5,Atta_5,843.5,1438.1,183.4,-27.1,-1.9,,,,
54.137,6,Atta_6,1456.3,1767.9,13.0,-86.0,0.3,,,,
54.137,7,Atta_7,160.4,2566.2,204.3,-51.2,-1.2,,,,
54.137,8,Atta_8,848.2,2129.7,162.6,79.2,-3.0,,,,
54.137,9,Atta_9,1951.6,2650.8,259.4,-34.2,-1.0,,,,
54.137,10,Atta_10,201.0,2249.3,192.2,50.5,3.1,,,,
54.203,1,Atta_1,616.7,2322.3,37.3,-38.6,1.7,,,,
54.203,2,Atta_2,1322.5,257.2,212.0,-10.2,-2.6,,,,
54.203,3,Atta_3,943.9,191.7,140.7,62.4,-5.7,,,,
54.203,4,Atta_4,107.3,688.4,243.5,109.6,6.8,,,,
54.203,5,Atta_5,813.6,1458.9,182.6,36.4,-0.8,,,,
54.203,6,Atta_6,1490.2,1805.2,9.7,50.4,-3.3,,,,
54.203,7,Atta_7,133.6,2519.8,203.9,53.6,-0.4,,,,
54.203,8,Atta_8,834.0,2198.8,160.3,70.5,-2.3,,,,
54.203,9,Atta_9,1982.3,2620.9,261.1,42.9,1.7,,,,
54.203,10,Atta_10,185.7,2258.2,189.9,17.7,-2.3,,,,
54.272,1,Atta_1,602.2,2338.7,37.5,-21.9,0.2,,,,
54.272,3,Atta_3,924.6,198.0,141.1,20.3,0.4,,,,
54.272,4,Atta_4,171.3,656.2,241.1,71.6,-2.4,,,,
54.272,5,Atta_5,764.8,1415.2,184.1,65.5,1.5,,,,
54.272,6,Atta_6,1488.1,1776.9,10.0,-28.4,0.3,,,,
54.272,7,Atta_7,180.2,2557.0,205.7,-59.6,1.8,,,,
54.272,8,Atta_8,858.8,2153.8,160.8,-51.4,0.5,,,,
54.272,9,Atta_9,1961.2,2613.0,263.2,22.5,2.1,,,,
54.272,10,Atta_10,177.3,2410.4,193.2,-152.4,3.3,,,,
54.343,1,Atta_1,602.2,2415.2,36.8,76.5,-0.7,,,,
54.343,2,Atta_2,1360.7,265.5,212.5,-39.1,0.5,,,,
54.343,3,Atta_3,909.8,228.9,130.5,34.3,-10.6,,,,
54.343,4,Atta_4,226.9,659.7,247.6,-55.7,6.5,,,,
54.343,5,Atta_5,832.8,1399.2,184.2,-69.9,0.1,,,,
54.343,6,Atta_6,1426.8,1809.2,6.1,-69.3,-3.9,,,,
54.343,7,Atta_7,215.9,2588.1,212.6,-47.3,6.9,,,,
54.343,9,Atta_9,1954.5,2578.8,263.7,34.9,0.5,,,,
54.343,10,Atta_10,186.1,2337.3,193.6,73.6,0.4,,,,
54.404,1,Atta_1,664.3,2372.9,35.1,75.1,-1.7,,,,
54.404,2,Atta_2,1377.0,269.6,206.3,-16.8,-6.2,,,,
54.404,3,Atta_3,998.0,144.7,130.3,-121.9,-0.2,,,,
54.404,4,Atta_4,182.5,679.6,251.9,-48.7,4.3,,,,
54.404,5,Atta_5,832.5,1403.9,183.9,-4.7,-0.3,,,,
54.404,6,Atta_6,1509.4,1798.5,9.5,83.3,3.4,,,,
54.404,7,Atta_7,212.1,2492.1,213.9,96.1,1.3,,,,
54.404,8,Atta_8,815.5,2179.8,162.9,50.5,2.1,,,,
54.404,9,Atta_9,1974.2,2627.1,261.1,-52.2,-2.6,,,,
54.404,10,Atta_10,123.2,2287.6,191.2,80.2,-2.4,,,,
54.473,1,Atta_1,607.9,2302.3,31.1,-90.4,-4.0,,,,
54.473,2,Atta_2,1346.8,271.0,202.8,30.2,-3.5,,,,
54.473,3,Atta_3,936.0,182.1,126.2,72.4,-4.1,,,,
54.473,4,Atta_4,194.0,646.1,254.6,35.4,2.7,,,,
54.473,5,Atta_5,760.6,1503.4,186.7,122.8,2.8,,,,
54.473,6,Atta_6,1553.9,1754.8,11.7,62.4,2.2,,,,
54.473,7,Atta_7,202.3,2576.7,220.8,-85.2,6.9,,,,
54.473,8,Atta_8,816.1,2147.4,161.7,-32.4,-1.2,,,,
54.473,9,Atta_9,1970.9,2574.5,263.0,52.7,1.9,,,,
54.473,10,Atta_10,60.9,2281.4,192.5,62.6,1.3,,,,
54.544,1,Atta_1,714.4,2358.2,38.8,120.3,7.7,,,,
54.544,2,Atta_2,1326.9,248.1,196.4,30.3,-6.4,,,,
54.544,3,Atta_3,896.4,140.1,120.4,-57.7,-5.8,,,,
54.544,4,Atta_4,155.0,731.4,257.8,-93.8,3.2,,,,
54.544,5,Atta_5,770.6,1392.9,182.2,111.0,-4.5,,,,
54.544,6,Atta_6,1551.7,1815.9,5.9,61.1,-5.8,,,,
54.544,7,Atta_7,175.2,2524.8,225.8,58.5,5.0,,,,
54.544,8,Atta_8,832.0,2217.2,162.3,71.6,0.6,,,,
54.544,9,Atta_9,1956.4,2581.5,265.2,-16.1,2.2,,,,
54.544,10,Atta_10,155.4,2293.7,190.9,-95.3,-1.6,,,,
54.603,1,Atta_1,719.3,2452.2,37.6,94.1,-1.2,,,,
54.603,2,Atta_2,1403.4,256.3,193.0,-76.9,-3.4,,,,
54.603,3,Atta_3,939.1,94.2,120.5,-62.7,0.1,,,,
54.603,4,Atta_4,195.0,660.1,265.2,81.8,7.4,,,,
54.603,5,Atta_5,736.6,1409.1,182.6,37.7,0.4,,,,
54.603,6,Atta_6,1546.6,1794.2,10.0,-22.3,4.1,,,,
54.603,7,Atta_7,140.8,2539.6,224.9,37.4,-0.9,,,,
54.603,8,Atta_8,780.7,2158.3,162.3,78.1,0.0,,,,
54.603,9,Atta_9,1935.4,2577.9,266.1,21.3,0.9,,,,
54.603,10,Atta_10,127.8,2249.8,192.7,51.9,1.8,,,,
54.669,1,Atta_1,669.9,2396.0,35.8,-74.8,-1.8,,,,
54.669,2,Atta_2,1382.6,310.0,194.9,57.6,1.9,,,,
54.669,3,Atta_3,977.1,154.5,111.1,71.3,-9.4,,,,
54.669,4,Atta_4,180.3,620.7,269.0,42.1,3.8,,,,
54.669,5,Atta_5,766.9,1411.5,184.7,-30.4,2.1,,,,
54.669,6,Atta_6,1494.1,1775.1,12.7,-55.9,2.7,,,,
54.669,7,Atta_7,172.1,2555.9,231.6,-35.3,6.7,,,,
54.669,8,Atta_8,801.7,2237.7,161.8,82.1,-0.5,,,,
54.669,9,Atta_9,1967.7,2471.8,263.0,110.9,-3.1,,,,
54.669,10,Atta_10,101.1,2245.4,193.9,27.1,1.2,,,,
54.738,1,Atta_1,670.7,2375.3,36.5,-20.7,0.7,,,,
54.738,2,Atta_2,1347.8,266.9,186.9,55.4,-8.0,,,,
54.738,3,Atta_3,894.0,125.3,107.1,88.1,-4.0,,,,
54.738,4,Atta_4,138.9,693.7,274.6,-83.9,5.6,,,,
54.738,5,Atta_5,827.1,1397.1,183.7,-61.9,-1.0,,,,
54.738,6,Atta_6,1559.7,1768.9,7.0,65.9,-5.7,,,,
54.738,7,Atta_7,108.1,2540.3,233.0,65.9,1.4,,,,
54.738,8,Atta_8,789.8,2238.2,160.1,11.9,-1.7,,,,
54.738,9,Atta_9,1963.8,2460.7,257.7,11.8,-5.3,,,,
54.738,10,Atta_10,90.3,2272.8,190.0,29.5,-3.9,,,,
54.808,1,Atta_1,733.4,2387.1,34.3,63.8,-2.2,,,,
54.808,2,Atta_2,1326.5,252.6,184.4,25.7,-2.5,,,,
54.808,3,Atta_3,888.8,113.7,105.6,-12.7,-1.5,,,,
54.808,4,Atta_4,123.2,645.9,278.9,50.3,4.3,,,,
54.808,5,Atta_5,752.3,1435.6,180.5,84.1,-3.2,,,,
54.808,6,Atta_6,1538.2,1805.3,12.7,-42.3,5.7,,,,
54.808,7,Atta_7,151.3,2518.4,241.7,-48.4,8.7,,,,
54.808,8,Atta_8,738.6,2198.8,162.7,64.6,2.6,,,,
54.808,9,Atta_9,2000.7,2536.4,263.5,-84.2,5.8,,,,
54.808,10,Atta_10,88.3,2248.7,195.0,24.2,5.0,,,,
54.863,1,Atta_1,680.7,2361.0,40.0,-58.8,5.7,,,,
54.863,2,Atta_2,1357.2,296.1,179.2,-53.2,-5.2,,,,
54.863,3,Atta_3,988.8,225.8,94.9,150.2,-10.7,,,,
54.863,4,Atta_4,158.1,626.8,281.9,39.8,3.0,,,,
54.863,5,Atta_5,721.3,1364.2,185.1,77.8,4.6,,,,
54.863,6,Atta_6,1533.0,1842.1,12.1,37.2,-0.6,,,,
54.863,7,Atta_7,198.7,2536.5,246.6,-50.7,4.9,,,,
54.863,8,Atta_8,781.8,2174.5,163.3,-49.6,0.6,,,,
54.863,9,Atta_9,1967.9,2540.5,258.2,-33.1,-5.3,,,,
54.863,10,Atta_10,72.4,2281.0,195.0,36.0,0.0,,,,
54.929,1,Atta_1,747.3,2415.5,34.3,86.1,-5.7,,,,
54.929,2,Atta_2,1382.9,236.6,173.1,-64.8,-6.1,,,,
54.929,3,Atta_3,934.1,181.0,95.0,-70.7,0.1,,,,
54.929,4,Atta_4,161.4,681.8,282.9,-55.1,1.0,,,,
54.929,5,Atta_5,727.8,1422.7,182.4,-58.9,-2.7,,,,
54.929,6,Atta_6,1506.7,1801.7,12.5,-48.2,0.4,,,,
54.929,7,Atta_7,183.1,2549.9,251.7,-20.6,5.1,,,,
54.929,8,Atta_8,780.0,2163.0,159.0,-11.6,-4.3,,,,
54.929,9,Atta_9,1959.6,2499.5,256.8,41.8,-1.4,,,,
54.929,10,Atta_10,118.4,2265.5,196.3,-48.5,1.3,,,,
54.998,1,Atta_1,735.1,2398.3,38.3,-21.1,4.0,,,,
54.998,2,Atta_2,1357.6,261.4,170.9,35.4,-2.2,,,,
54.998,3,Atta_3,918.6,123.7,92.7,-59.4,-2.3,,,,
54.998,4,Atta_4,128.8,684.6,282.9,-32.7,0.0,,,,
54.998,5,Atta_5,714.5,1386.3,184.0,38.8,1.6,,,,
54.998,6,Atta_6,1504.9,1828.5,8.8,26.9,-3.7,,,,
54.998,7,Atta_7,143.1,2542.9,257.1,40.6,5.4,,,,
54.998,8,Atta_8,712.3,2165.7,159.1,67.8,0.1,,,,
54.998,9,Atta_9,1960.2,2517.6,260.0,-18.1,3.2,,,,
54.998,10,Atta_10,190.3,2327.4,195.1,-94.9,-1.2,,,,
55.064,1,Atta_1,724.7,2450.4,31.9,53.1,-6.4,,,,
55.064,2,Atta_2,1338.4,327.3,166.2,68.6,-4.7,,,,
55.064,3,Atta_3,967.0,170.6,81.8,67.4,-10.9,,,,
55.064,4,Atta_4,109.7,630.4,281.6,57.5,-1.3,,,,
55.064,5,Atta_5,691.9,1401.5,181.8,27.2,-2.2,,,,
55.064,6,Atta_6,1456.6,1770.3,9.8,-75.6,1.0,,,,
55.064,7,Atta_7,197.0,2552.0,256.9,-54.7,-0.2,,,,
55.064,8,Atta_8,747.9,2253.6,160.8,-94.8,1.7,,,,
55.064,9,Atta_9,1962.0,2454.8,263.4,62.8,3.4,,,,
55.064,10,Atta_10,156.5,2318.3,197.0,35.0,1.9,,,,
55.13,1,Atta_1,771.1,2441.4,36.8,47.3,4.9,,,,
55.13,2,Atta_2,1349.9,295.5,158.8,-33.8,-7.4,,,,
55.13,3,Atta_3,917.1,171.2,78.7,-49.9,-3.1,,,,
55.13,4,Atta_4,183.2,731.3,279.7,-124.8,-1.9,,,,
55.13,5,Atta_5,661.7,1384.5,184.2,34.7,2.4,,,,
55.13,6,Atta_6,1451.3,1793.9,11.9,-24.2,2.1,,,,
55.13,7,Atta_7,159.6,2557.5,262.4,37.8,5.5,,,,
55.13,8,Atta_8,723.7,2177.6,163.3,-79.8,2.5,,,,
55.13,9,Atta_9,1958.9,2477.0,262.4,-22.4,-1.0,,,,
55.13,10,Atta_10,145.6,2271.3,194.9,48.2,-2.1,,,,
55.196,1,Atta_1,783.3,2505.2,38.3,65.0,1.5,,,,
55.196,2,Atta_2,1423.0,233.5,158.1,-95.9,-0.7,,,,
55.196,3,Atta_3,899.1,154.5,77.0,-24.6,-1.7,,,,
55.196,4,Atta_4,195.4,652.4,281.4,79.8,1.7,,,,
55.196,5,Atta_5,613.2,1416.9,183.7,58.3,-0.5,,,,
55.196,6,Atta_6,1490.7,1810.7,11.2,42.8,-0.7,,,,
55.196,7,Atta_7,176.0,2539.9,260.9,24.1,-1.5,,,,
55.196,8,Atta_8,651.7,2191.1,161.7,73.3,-1.6,,,,
55.196,9,Atta_9,1945.6,2465.9,259.6,17.3,-2.8,,,,
55.196,10,Atta_10,115.3,2295.6,197.8,38.8,2.9,,,,
55.264,1,Atta_1,739.3,2427.6,38.0,-89.2,-0.3,,,,
55.264,2,Atta_2,1395.0,226.5,154.1,28.9,-4.0,,,,
55.264,3,Atta_3,977.4,140.0,71.4,79.6,-5.6,,,,
55.264,4,Atta_4,104.7,607.6,281.2,101.2,-0.2,,,,
55.264,5,Atta_5,631.4,1422.9,184.1,-19.2,0.4,,,,
55.264,6,Atta_6,1472.4,1752.7,11.3,-60.8,0.1,,,,
55.264,7,Atta_7,193.2,2580.0,260.8,-43.6,-0.1,,,,
55.264,8,Atta_8,711.3,2212.2,161.1,-63.2,-0.6,,,,
55.264,9,Atta_9,1912.5,2468.5,262.6,33.2,3.0,,,,
55.264,10,Atta_10,171.4,2259.2,198.7,-66.9,0.9,,,,
55.33,1,Atta_1,765.3,2440.4,37.9,29.0,-0.1,,,,
55.33,2,Atta_2,1397.2,298.3,155.6,71.8,1.5,,,,
55.33,3,Atta_3,933.6,147.2,69.6,-44.4,-1.8,,,,
55.33,4,Atta_4,93.7,661.3,280.9,-54.8,-0.3,,,,
55.33,5,Atta_5,668.4,1407.7,181.3,-40.0,-2.8,,,,
55.33,6,Atta_6,1485.9,1769.3,13.5,21.4,2.2,,,,
55.33,7,Atta_7,179.4,2570.2,262.0,16.9,1.2,,,,
55.33,8,Atta_8,694.4,2179.0,162.2,37.3,1.1,,,,
55.33,9,Atta_9,1925.3,2452.1,259.3,20.8,-3.3,,,,
55.33,10,Atta_10,121.0,2285.7,200.5,56.9,1.8,,,,
55.397,1,Atta_1,784.8,2464.2,37.5,30.8,-0.4,,,,
55.397,2,Atta_2,1366.5,315.9,154.5,35.4,-1.1,,,,
55.397,3,Atta_3,995.4,140.6,65.5,62.2,-4.1,,,,
55.397,4,Atta_4,152.5,618.8,283.7,72.6,2.8,,,,
55.397,5,Atta_5,641.3,1411.8,183.0,27.4,1.7,,,,
55.397,6,Atta_6,1479.6,1723.8,12.8,-45.9,-0.7,,,,
55.397,7,Atta_7,142.1,2531.4,265.2,53.8,3.2,,,,
55.397,8,Atta_8,706.0,2245.8,164.1,67.8,1.9,,,,
55.397,9,Atta_9,2013.4,2469.4,261.3,-89.8,2.0,,,,
55.397,10,Atta_10,132.3,2290.1,205.4,-12.1,4.9,,,,
55.463,1,Atta_1,876.9,2430.1,39.0,98.2,1.5,,,,
55.463,2,Atta_2,1363.0,304.4,157.2,-12.0,2.7,,,,
55.463,3,Atta_3,938.3,145.0,59.9,-57.3,-5.6,,,,
55.463,4,Atta_4,199.3,573.8,277.6,64.9,-6.1,,,,
55.463,5,Atta_5,583.2,1411.8,183.9,58.1,0.9,,,,
55.463,6,Atta_6,1440.5,1744.7,9.7,-44.3,-3.1,,,,
55.463,7,Atta_7,156.7,2564.7,262.2,-36.4,-3.0,,,,
55.463,8,Atta_8,639.5,2233.6,163.6,67.6,-0.5,,,,
55.463,9,Atta_9,1999.5,2401.8,261.3,69.0,0.0,,,,
55.463,10,Atta_10,196.6,2333.5,210.8,-77.6,5.4,,,,
55.529,1,Atta_1,813.8,2455.3,40.4,-67.9,1.4,,,,
55.529,2,Atta_2,1343.1,287.8,153.1,25.9,-4.1,,,,
55.529,3,Atta_3,895.2,208.9,55.7,77.1,-4.2,,,,
55.529,4,Atta_4,147.9,609.5,282.5,-62.6,4.9,,,,
55.529,5,Atta_5,648.1,1411.7,182.6,-64.9,-1.3,,,,
55.529,6,Atta_6,1406.9,1768.7,9.8,-41.3,0.1,,,,
55.529,7,Atta_7,199.6,2577.0,263.8,-44.6,1.6,,,,
55.529,8,Atta_8,601.6,2237.1,159.7,38.1,-3.9,,,,
55.529,9,Atta_9,1940.6,2414.2,264.1,-60.2,2.8,,,,
55.529,10,Atta_10,139.0,2340.0,215.6,58.0,4.8,,,,
55.596,1,Atta_1,778.1,2509.7,40.3,65.1,-0.1,,,,
55.596,2,Atta_2,1360.6,293.3,155.3,-18.3,2.2,,,,
55.596,3,Atta_3,975.5,156.7,50.2,95.8,-5.5,,,,
55.596,4,Atta_4,109.2,605.3,282.4,-38.9,-0.1,,,,
55.596,5,Atta_5,605.1,1365.4,185.1,63.2,2.5,,,,
55.596,6,Atta_6,1423.5,1792.9,11.7,29.3,1.9,,,,
55.596,7,Atta_7,113.1,2523.4,264.1,101.8,0.3,,,,
55.596,8,Atta_8,624.0,2219.2,162.0,-28.7,2.3,,,,
55.596,9,Atta_9,1922.9,2343.1,262.2,73.3,-1.9,,,,
55.596,10,Atta_10,179.4,2347.5,221.1,-41.1,5.5,,,,
55.664,1,Atta_1,845.3,2507.2,39.8,67.2,-0.5,,,,
55.664,2,Atta_2,1399.4,298.4,158.4,-39.1,3.1,,,,
55.664,3,Atta_3,951.5,175.4,47.7,-30.4,-2.5,,,,
55.664,4,Atta_4,193.0,618.5,284.1,84.8,1.7,,,,
55.664,5,Atta_5,585.5,1415.1,179.6,53.4,-5.5,,,,
55.664,6,Atta_6,1406.7,1756.5,5.4,-40.1,-6.3,,,,
55.664,7,Atta_7,152.1,2498.1,261.5,46.5,-2.6,,,,
55.664,8,Atta_8,595.6,2243.1,160.3,37.1,-1.7,,,,
55.664,9,Atta_9,1973.5,2385.8,262.1,-66.2,-0.1,,,,
55.664,10,Atta_10,151.1,2302.0,220.3,53.6,-0.8,,,,
55.794,1,Atta_1,868.8,2454.7,36.5,-57.5,-3.3,,,,
55.794,2,Atta_2,1340.7,324.0,156.8,64.0,-1.6,,,,
55.794,3,Atta_3,952.0,201.1,45.5,25.7,-2.2,,,,
55.794,4,Atta_4,173.4,538.7,280.7,82.2,-3.4,,,,
55.794,5,Atta_5,589.2,1387.8,183.1,-27.5,3.5,,,,
55.794,6,Atta_6,1372.5,1742.2,356.7,-37.1,-8.7,,,,
55.794,7,Atta_7,125.8,2455.4,262.9,50.1,1.4,,,,
55.794,8,Atta_8,590.1,2235.6,164.0,9.3,3.7,,,,
55.794,9,Atta_9,1954.8,2357.9,260.4,33.6,-1.7,,,,
55.794,10,Atta_10,132.4,2258.7,232.8,47.2,12.5,,,,
55.861,1,Atta_1,866.1,2464.0,34.9,9.7,-1.6,,,,
55.861,2,Atta_2,1344.9,336.4,154.1,13.1,-2.7,,,,
55.861,3,Atta_3,960.7,169.2,49.1,-33.1,3.6,,,,
55.861,4,Atta_4,152.5,526.6,281.7,24.1,1.0,,,,
55.861,5,Atta_5,488.3,1408.1,184.4,102.9,1.3,,,,
55.861,6,Atta_6,1419.9,1746.0,349.5,47.6,-7.2,,,,
55.861,7,Atta_7,144.3,2463.9,261.5,-20.4,-1.4,,,,
55.861,8,Atta_8,555.1,2260.2,162.6,42.8,-1.4,,,,
55.861,9,Atta_9,1953.4,2351.6,265.9,6.5,5.5,,,,
55.861,10,Atta_10,142.3,2235.8,239.7,24.9,6.9,,,,
55.984,1,Atta_1,843.0,2537.4,37.0,76.9,2.1,,,,
55.984,2,Atta_2,1275.6,263.3,156.3,100.7,2.2,,,,
55.984,3,Atta_3,958.3,149.7,51.9,-19.6,2.8,,,,
55.984,4,Atta_4,199.6,554.3,284.2,-54.6,2.5,,,,
55.984,5,Atta_5,519.4,1400.0,179.5,-32.1,-4.9,,,,
55.984,6,Atta_6,1444.3,1718.9,349.1,36.5,-0.4,,,,
55.984,7,Atta_7,152.1,2476.9,261.3,-15.2,-0.2,,,,
55.984,8,Atta_8,644.0,2243.4,160.1,-90.5,-2.5,,,,
55.984,9,Atta_9,1959.1,2357.3,262.9,-8.1,-3.0,,,,
55.984,10,Atta_10,174.0,2211.7,239.9,39.8,0.2,,,,
56.05,1,Atta_1,859.8,2512.3,37.5,-30.2,0.5,,,,
56.05,2,Atta_2,1242.0,287.6,155.2,41.5,-1.1,,,,
56.05,3,Atta_3,944.2,119.2,49.6,-33.6,-2.3,,,,
56.05,4,Atta_4,177.2,506.8,291.5,52.5,7.3,,,,
56.05,5,Atta_5,584.9,1393.9,183.1,-65.8,3.6,,,,
56.05,6,Atta_6,1454.2,1743.7,346.8,26.7,-2.3,,,,
56.05,7,Atta_7,153.7,2460.0,260.2,17.0,-1.1,,,,
56.05,8,Atta_8,580.5,2231.0,163.5,64.7,3.4,,,,
56.05,9,Atta_9,1926.0,2356.5,265.9,33.1,3.0,,,,
56.05,10,Atta_10,190.5,2318.7,246.7,-108.3,6.8,,,,
56.102,1,Atta_1,868.0,2526.0,39.7,16.0,2.2,,,,
56.102,2,Atta_2,1286.8,277.3,152.9,-46.0,-2.3,,,,
56.102,3,Atta_3,949.9,203.5,40.9,84.5,-8.7,,,,
56.102,4,Atta_4,208.1,566.6,293.7,-67.3,2.2,,,,
56.102,5,Atta_5,532.7,1413.3,186.6,55.7,3.5,,,,
56.102,6,Atta_6,1431.2,1786.3,339.7,-48.4,-7.1,,,,
56.102,7,Atta_7,86.4,2404.4,259.7,87.3,-0.5,,,,
56.102,8,Atta_8,561.2,2254.9,160.0,30.7,-3.5,,,,
56.102,9,Atta_9,1979.4,2333.0,261.3,58.3,-4.6,,,,
56.102,10,Atta_10,192.3,2337.5,250.8,-18.9,4.1,,,,
56.167,1,Atta_1,867.5,2510.2,37.7,-15.8,-2.0,,,,
56.167,2,Atta_2,1305.5,314.7,155.1,41.8,2.2,,,,
56.167,3,Atta_3,951.1,204.8,36.7,1.8,-4.2,,,,
56.167,4,Atta_4,196.4,509.2,296.4,58.6,2.7,,,,
56.167,5,Atta_5,515.7,1342.1,180.5,73.2,-6.1,,,,
56.167,6,Atta_6,1415.2,1790.8,337.8,-16.6,-1.9,,,,
56.167,7,Atta_7,183.9,2431.4,263.0,-101.2,3.3,,,,
56.167,8,Atta_8,551.1,2240.4,161.9,17.7,1.9,,,,
56.167,9,Atta_9,1922.6,2268.6,262.4,85.9,1.1,,,,
56.167,10,Atta_10,136.5,2251.0,246.8,102.9,-4.0,,,,
56.238,1,Atta_1,913.6,2506.5,38.4,46.2,0.7,,,,
56.238,2,Atta_2,1258.9,295.4,151.4,50.4,-3.7,,,,
56.238,3,Atta_3,966.4,175.5,27.6,-33.1,-9.1,,,,
56.238,4,Atta_4,165.8,532.9,304.1,-38.7,7.7,,,,
56.238,5,Atta_5,520.5,1409.1,183.1,-67.2,2.6,,,,
56.238,6,Atta_6,1474.6,1800.8,329.9,60.2,-7.9,,,,
56.238,7,Atta_7,179.7,2472.1,261.1,-40.9,-1.9,,,,
56.238,8,Atta_8,542.8,2303.0,162.4,63.1,0.5,,,,
56.238,9,Atta_9,1910.8,2287.4,262.2,-22.2,-0.2,,,,
56.238,10,Atta_10,142.2,2292.7,252.2,-42.1,5.4,,,,
56.303,1,Atta_1,887.9,2585.2,36.7,82.8,-1.7,,,,
56.303,2,Atta_2,1233.6,274.7,159.7,32.7,8.3,,,,
56.303,3,Atta_3,953.1,222.1,25.3,48.5,-2.3,,,,
56.303,4,Atta_4,137.8,592.3,306.4,-65.7,2.3,,,,
56.303,5,Atta_5,486.8,1350.3,180.5,67.8,-2.6,,,,
56.303,6,Atta_6,1398.9,1781.5,323.6,-78.1,-6.3,,,,
56.303,7,Atta_7,136.0,2440.8,260.8,53.8,-0.3,,,,
56.303,8,Atta_8,516.1,2293.2,162.7,28.4,0.3,,,,
56.303,9,Atta_9,1891.3,2241.7,256.3,49.7,-5.9,,,,
56.303,10,Atta_10,168.6,2253.6,252.6,47.2,0.4,,,,
56.373,1,Atta_1,891.7,2558.8,35.0,-26.7,-1.7,,,,
56.373,2,Atta_2,1268.2,360.0,161.8,-92.1,2.1,,,,
56.373,3,Atta_3,965.6,170.5,21.4,-53.1,-3.9,,,,
56.373,4,Atta_4,167.1,558.7,311.0,44.6,4.6,,,,
56.373,5,Atta_5,471.9,1429.3,185.2,80.4,4.7,,,,
56.373,6,Atta_6,1449.6,1753.8,322.3,57.8,-1.3,,,,
56.373,7,Atta_7,140.8,2446.9,261.9,-7.8,1.1,,,,
56.373,8,Atta_8,523.7,2316.7,159.4,-24.7,-3.3,,,,
56.373,9,Atta_9,1991.3,2256.7,261.5,-101.1,5.2,,,,
56.373,10,Atta_10,177.4,2342.3,252.2,-89.1,-0.4,,,,
56.443,1,Atta_1,870.7,2557.7,36.0,-21.0,1.0,,,,
56.443,2,Atta_2,1285.5,261.7,167.3,-99.8,5.5,,,,
56.443,3,Atta_3,890.0,142.9,18.4,-80.5,-3.0,,,,
56.443,4,Atta_4,192.7,572.6,316.2,29.1,5.2,,,,
56.443,5,Atta_5,476.4,1405.4,180.6,-24.3,-4.6,,,,
56.443,6,Atta_6,1465.8,1742.9,316.7,19.5,-5.6,,,,
56.443,7,Atta_7,149.9,2401.5,260.9,46.3,-1.0,,,,
56.443,8,Atta_8,538.2,2254.1,160.2,-64.3,0.8,,,,
56.443,9,Atta_9,1917.2,2228.7,263.4,79.2,1.9,,,,
56.443,10,Atta_10,128.4,2277.6,251.0,81.2,-1.2,,,,
56.509,1,Atta_1,908.7,2540.4,39.5,41.8,3.5,,,,
56.509,2,Atta_2,1250.0,343.5,173.9,89.2,6.6,,,,
56.509,3,Atta_3,1004.9,176.8,9.8,119.8,-8.6,,,,
56.509,4,Atta_4,190.9,526.8,320.8,45.8,4.6,,,,
56.509,5,Atta_5,430.4,1387.5,181.8,49.4,1.2,,,,
56.509,6,Atta_6,1391.1,1839.4,316.5,-122.0,-0.2,,,,
56.509,7,Atta_7,142.0,2445.5,259.7,-44.7,-1.2,,,,
56.509,8,Atta_8,453.6,2308.3,164.7,100.5,4.5,,,,
56.509,9,Atta_9,1944.2,2255.7,263.2,-38.2,-0.2,,,,
56.509,10,Atta_10,161.3,2303.2,248.7,-41.7,-2.3,,,,
56.578,1,Atta_1,972.1,2588.6,39.0,79.6,-0.5,,,,
56.578,2,Atta_2,1259.1,334.5,176.7,-12.8,2.8,,,,
56.578,3,Atta_3,876.7,168.0,8.5,-128.5,-1.3,,,,
56.578,4,Atta_4,163.3,549.0,324.2,-35.4,3.4,,,,
56.578,5,Atta_5,413.1,1354.2,184.4,37.5,2.6,,,,
56.578,6,Atta_6,1434.5,1756.0,309.9,94.0,-6.6,,,,
56.578,7,Atta_7,206.5,2510.1,264.0,-91.3,4.3,,,,
56.578,8,Atta_8,430.9,2298.8,163.3,24.6,-1.4,,,,
56.578,9,Atta_9,1853.3,2224.2,262.9,96.2,-0.3,,,,
56.578,10,Atta_10,130.7,2248.3,251.7,62.9,3.0,,,,
56.647,1,Atta_1,970.0,2567.4,38.6,-21.3,-0.4,,,,
56.647,2,Atta_2,1220.4,335.3,182.5,38.7,5.8,,,,
56.647,3,Atta_3,922.3,151.5,4.3,48.5,-4.2,,,,
56.647,4,Atta_4,228.6,550.1,327.8,65.3,3.6,,,,
56.647,5,Atta_5,368.4,1381.1,180.6,52.2,-3.8,,,,
56.647,6,Atta_6,1418.9,1752.5,302.5,-16.0,-7.4,,,,
56.647,7,Atta_7,175.7,2488.6,256.5,37.6,-7.5,,,,
56.647,8,Atta_8,508.1,2271.9,163.9,-81.8,0.6,,,,
56.647,9,Atta_9,1859.7,2234.4,261.8,-12.0,-1.1,,,,
56.647,10,Atta_10,189.6,2239.7,253.5,-59.5,1.8,,,,
56.715,1,Atta_1,960.4,2543.9,37.7,-25.4,-0.9,,,,
56.715,2,Atta_2,1240.2,275.6,186.6,-62.9,4.1,,,,
56.715,3,Atta_3,941.7,125.0,359.1,32.8,-5.2,,,,
56.715,4,Atta_4,183.9,542.6,335.0,-45.3,7.2,,,,
56.715,5,Atta_5,484.9,1352.7,183.6,-119.9,3.0,,,,
56.715,6,Atta_6,1412.5,1783.0,301.4,-31.2,-1.1,,,,
56.715,7,Atta_7,146.5,2500.9,254.6,-31.7,-1.9,,,,
56.715,8,Atta_8,467.0,2297.6,164.0,48.5,0.1,,,,
56.715,9,Atta_9,1915.5,2168.6,260.2,86.3,-1.6,,,,
56.715,10,Atta_10,140.2,2177.7,249.4,79.3,-4.1,,,,
56.768,1,Atta_1,972.6,2617.1,38.7,74.2,1.0,,,,
56.768,2,Atta_2,1207.6,321.1,190.4,56.0,3.8,,,,
56.768,3,Atta_3,919.8,193.0,356.8,-71.4,-2.3,,,,
56.768,4,Atta_4,187.7,533.7,336.1,9.7,1.1,,,,
56.768,5,Atta_5,427.3,1428.5,185.4,95.2,1.8,,,,
56.768,6,Atta_6,1404.3,1818.6,294.4,-36.5,-7.0,,,,
56.768,7,Atta_7,150.5,2540.2,250.6,-39.5,-4.0,,,,
56.768,8,Atta_8,430.2,2296.2,162.0,36.8,-2.0,,,,
56.768,9,Atta_9,1934.8,2189.9,260.0,-28.7,-0.2,,,,
56.768,10,Atta_10,204.2,2236.7,251.1,-87.0,1.7,,,,
56.84,1,Atta_1,960.2,2562.2,40.5,-56.3,1.8,,,,
56.84,2,Atta_2,1257.7,347.9,195.1,-56.8,4.7,,,,
56.84,3,Atta_3,969.8,120.7,346.3,87.9,-10.5,,,,
56.84,4,Atta_4,141.1,564.2,342.3,-55.7,6.2,,,,
56.84,5,Atta_5,355.6,1404.2,180.7,75.7,-4.7,,,,
56.84,6,Atta_6,1364.7,1757.6,290.8,72.7,-3.6,,,,
56.84,7,Atta_7,149.4,2561.5,245.8,-21.3,-4.8,,,,
56.84,8,Atta_8,359.7,2319.7,161.6,74.3,-0.4,,,,
56.84,9,Atta_9,1883.7,2158.5,258.6,60.0,-1.4,,,,
56.84,10,Atta_10,163.6,2239.4,251.8,40.7,0.7,,,,
56.898,1,Atta_1,969.4,2557.2,40.2,10.5,-0.3,,,,
56.898,2,Atta_2,1280.4,344.2,197.6,-23.0,2.5,,,,
56.898,3,Atta_3,898.0,156.0,343.4,-80.0,-2.9,,,,
56.898,4,Atta_4,183.6,591.3,347.6,50.4,5.3,,,,
56.898,5,Atta_5,405.8,1441.7,184.7,-62.7,4.0,,,,
56.898,6,Atta_6,1422.2,1704.0,286.3,78.6,-4.5,,,,
56.898,7,Atta_7,145.1,2532.5,243.5,29.3,-2.3,,,,
56.898,8,Atta_8,374.7,2310.5,161.8,-17.6,0.2,,,,
56.898,9,Atta_9,1860.0,2200.8,262.8,-48.5,4.2,,,,
56.898,10,Atta_10,193.1,2160.8,252.1,84.0,0.3,,,,
56.967,1,Atta_1,963.2,2628.4,41.8,71.5,1.6,,,,
56.967,2,Atta_2,1226.3,356.1,204.7,55.4,7.1,,,,
56.967,3,Atta_3,868.5,188.0,340.2,-43.5,-3.2,,,,
56.967,4,Atta_4,180.8,537.1,352.7,54.3,5.1,,,,
56.967,5,Atta_5,388.5,1402.1,184.1,43.2,-0.6,,,,
56.967,6,Atta_6,1435.0,1788.1,282.4,-85.1,-3.9,,,,
56.967,7,Atta_7,126.3,2536.3,236.3,19.2,-7.2,,,,
56.967,8,Atta_8,400.0,2309.4,161.5,-25.3,-0.3,,,,
56.967,9,Atta_9,1956.2,2146.6,259.9,110.4,-2.9,,,,
56.967,10,Atta_10,166.5,2185.6,251.0,-36.4,-1.1,,,,
57.032,1,Atta_1,979.5,2605.1,40.6,-28.4,-1.2,,,,
57.032,2,Atta_2,1290.9,263.0,207.1,-113.3,2.4,,,,
57.032,3,Atta_3,905.1,186.1,337.6,36.6,-2.6,,,,
57.032,4,Atta_4,183.3,525.2,354.8,12.2,2.1,,,,
57.032,5,Atta_5,400.1,1412.7,184.1,-15.7,0.0,,,,
57.032,6,Atta_6,1498.7,1785.5,279.6,63.8,-2.8,,,,
57.032,7,Atta_7,162.4,2462.3,230.3,82.3,-6.0,,,,
57.032,8,Atta_8,320.5,2313.2,161.9,79.6,0.4,,,,
57.032,9,Atta_9,1850.0,2103.6,263.8,114.6,3.9,,,,
57.032,10,Atta_10,99.0,2209.7,251.7,-71.7,0.7,,,,
57.098,1,Atta_1,1043.8,2636.1,41.1,71.4,0.5,,,,
57.098,2,Atta_2,1298.4,320.5,214.7,-58.0,7.6,,,,
57.098,3,Atta_3,958.1,155.5,333.8,61.2,-3.8,,,,
57.098,4,Atta_4,226.7,509.8,0.6,46.1,5.8,,,,
57.098,5,Atta_5,329.1,1385.1,181.6,76.2,-2.5,,,,
57.098,6,Atta_6,1413.6,1748.5,279.4,92.8,-0.2,,,,
57.098,7,Atta_7,102.7,2476.6,226.4,61.4,-3.9,,,,
57.098,8,Atta_8,357.3,2328.1,164.1,-39.7,2.2,,,,
57.098,9,Atta_9,1868.8,2103.7,268.5,-18.8,4.7,,,,
57.098,10,Atta_10,137.6,2193.9,253.6,41.7,1.9,,,,
57.168,1,Atta_1,951.8,2650.0,36.5,-93.0,-4.6,,,,
57.168,2,Atta_2,1310.0,307.3,216.9,-17.6,2.2,,,,
57.168,3,Atta_3,1002.7,166.4,338.0,45.9,4.2,,,,
57.168,4,Atta_4,208.8,527.8,8.1,-25.4,7.5,,,,
57.168,5,Atta_5,358.9,1407.7,182.6,-37.4,1.0,,,,
57.168,6,Atta_6,1427.6,1756.1,278.6,-15.9,-0.8,,,,
57.168,7,Atta_7,183.3,2494.4,225.8,-82.5,-0.6,,,,
57.168,8,Atta_8,417.6,2313.6,160.9,-62.0,-3.2,,,,
57.168,9,Atta_9,1939.6,2141.7,261.6,-80.4,-6.9,,,,
57.168,10,Atta_10,186.9,2168.7,251.0,55.4,-2.6,,,,
57.237,1,Atta_1,1010.4,2626.2,43.2,63.2,6.7,,,,
57.237,2,Atta_2,1231.0,336.1,221.3,84.1,4.4,,,,
57.237,3,Atta_3,998.4,162.9,338.7,-5.5,0.7,,,,
57.237,4,Atta_4,228.2,581.4,9.7,57.0,1.6,,,,
57.237,5,Atta_5,357.9,1377.7,181.6,30.0,-1.0,,,,
57.237,6,Atta_6,1396.4,1834.6,278.6,-84.5,0.0,,,,
57.237,7,Atta_7,168.4,2502.2,219.3,16.8,-6.5,,,,
57.237,8,Atta_8,335.1,2348.8,161.3,89.7,0.4,,,,
57.237,9,Atta_9,1898.5,2120.1,263.1,46.4,1.5,,,,
57.237,10,Atta_10,152.2,2208.5,256.6,-52.8,5.6,,,,
57.303,1,Atta_1,1041.5,2655.8,40.1,42.9,-3.1,,,,
57.303,2,Atta_2,1211.0,269.5,226.8,69.5,5.5,,,,
57.303,3,Atta_3,1003.2,175.5,335.9,-13.5,-2.8,,,,
57.303,4,Atta_4,136.2,533.6,6.0,-103.7,-3.7,,,,
57.303,5,Atta_5,285.6,1421.8,183.9,84.7,2.3,,,,
57.303,6,Atta_6,1406.5,1742.3,279.9,92.9,1.3,,,,
57.303,7,Atta_7,145.0,2535.4,217.1,-40.6,-2.2,,,,
57.303,8,Atta_8,282.0,2350.4,162.3,53.1,1.0,,,,
57.303,9,Atta_9,1855.8,2136.2,260.0,-45.6,-3.1,,,,
57.303,10,Atta_10,86.2,2190.8,261.8,68.3,5.2,,,,
57.369,1,Atta_1,1032.3,2700.9,38.5,46.0,-1.6,,,,
57.369,2,Atta_2,1308.7,280.9,229.4,-98.4,2.6,,,,
57.369,3,Atta_3,959.3,168.7,337.0,-44.4,1.1,,,,
57.369,4,Atta_4,162.3,541.9,8.7,27.4,2.7,,,,
57.369,5,Atta_5,277.8,1376.0,183.1,46.5,-0.8,,,,
57.369,6,Atta_6,1424.2,1753.8,279.7,-21.1,-0.2,,,,
57.369,7,Atta_7,189.6,2442.9,210.8,102.7,-6.3,,,,
57.369,8,Atta_8,368.8,2356.4,161.5,-87.0,-0.8,,,,
57.369,9,Atta_9,1873.4,2122.9,263.6,22.1,3.6,,,,
57.369,10,Atta_10,108.2,2216.6,269.5,-33.9,7.7,,,,
57.438,1,Atta_1,1021.4,2695.7,38.6,-12.1,0.1,,,,
57.438,2,Atta_2,1305.0,353.8,234.9,-73.0,5.5,,,,
57.438,3,Atta_3,935.1,212.8,335.8,-50.3,-1.2,,,,
57.438,4,Atta_4,172.2,578.0,9.6,37.4,0.9,,,,
57.438,5,Atta_5,295.8,1397.1,187.3,-27.7,4.2,,,,
57.438,6,Atta_6,1476.1,1756.8,277.2,52.0,-2.5,,,,
57.438,7,Atta_7,169.2,2526.3,201.3,-85.9,-9.5,,,,
57.438,8,Atta_8,350.5,2345.0,162.2,21.6,0.7,,,,
57.438,9,Atta_9,1900.3,2109.5,259.1,30.1,-4.5,,,,
57.438,10,Atta_10,88.1,2192.4,272.6,31.5,3.1,,,,
57.503,1,Atta_1,1085.9,2670.0,42.1,69.4,3.5,,,,
57.503,2,Atta_2,1254.6,320.2,241.4,60.6,6.5,,,,
57.503,3,Atta_3,960.5,184.8,336.4,37.8,0.6,,,,
57.503,4,Atta_4,192.6,525.5,10.7,56.3,1.1,,,,
57.503,5,Atta_5,317.4,1403.9,182.5,-22.6,-4.8,,,,
57.503,6,Atta_6,1467.2,1743.5,278.4,16.0,1.2,,,,
57.503,7,Atta_7,175.7,2468.6,206.8,58.1,5.5,,,,
57.503,8,Atta_8,346.1,2356.7,162.4,12.5,0.2,,,,
57.503,9,Atta_9,1900.8,2054.4,260.1,55.1,1.0,,,,
57.503,10,Atta_10,121.1,2198.4,273.7,-33.5,1.1,,,,
57.569,1,Atta_1,1064.4,2631.3,42.7,-44.3,0.6,,,,
57.569,2,Atta_2,1290.6,295.0,243.1,43.9,1.7,,,,
57.569,3,Atta_3,991.1,158.4,335.0,40.4,-1.4,,,,
57.569,4,Atta_4,120.9,545.5,5.7,-74.4,-5.0,,,,
57.569,5,Atta_5,358.4,1373.8,183.2,-50.9,0.7,,,,
57.569,6,Atta_6,1442.0,1679.8,280.4,68.5,2.0,,,,
57.569,7,Atta_7,141.3,2465.4,203.5,34.5,-3.3,,,,
57.569,8,Atta_8,324.4,2328.9,155.0,35.3,-7.4,,,,
57.569,9,Atta_9,1933.6,2041.7,258.4,35.2,-1.7,,,,
57.569,10,Atta_10,70.2,2161.9,277.5,62.6,3.8,,,,
57.638,1,Atta_1,1051.4,2648.0,45.2,21.2,2.5,,,,
57.638,2,Atta_2,1261.0,291.7,241.5,29.8,-1.6,,,,
57.638,3,Atta_3,971.5,179.5,333.7,-28.8,-1.3,,,,
57.638,4,Atta_4,145.7,534.4,11.6,27.2,5.9,,,,
57.638,5,Atta_5,230.3,1346.5,182.6,131.0,-0.6,,,,
57.638,6,Atta_6,1430.1,1749.3,279.7,-70.5,-0.7,,,,
57.638,7,Atta_7,156.6,2521.1,205.7,-57.8,2.2,,,,
57.638,8,Atta_8,272.9,2391.9,153.4,81.4,-1.6,,,,
57.638,9,Atta_9,1858.3,2058.2,261.4,-77.1,3.0,,,,
57.638,10,Atta_10,88.7,2202.9,282.3,-45.0,4.8,,,,
57.77,1,Atta_1,1057.9,2645.2,42.1,7.1,-3.1,,,,
57.77,3,Atta_3,978.0,132.1,338.5,47.8,4.8,,,,
57.77,4,Atta_4,165.7,514.5,7.7,28.2,-3.9,,,,
57.77,5,Atta_5,256.6,1384.2,181.8,-46.0,-0.8,,,,
57.77,6,Atta_6,1430.4,1702.4,277.2,46.9,-2.5,,,,
57.77,7,Atta_7,170.5,2474.5,200.7,48.6,-5.0,,,,
57.77,8,Atta_8,338.3,2334.7,148.0,-86.9,-5.4,,,,
57.77,9,Atta_9,1876.9,2074.3,259.7,-24.6,-1.7,,,,
57.77,10,Atta_10,130.4,2156.4,284.4,62.5,2.1,,,,
57.825,1,Atta_1,1049.8,2604.7,45.5,-41.3,3.4,,,,
57.825,2,Atta_2,1225.3,362.8,242.6,-79.6,1.1,,,,
57.825,3,Atta_3,990.4,90.1,334.7,43.8,-3.8,,,,
57.825,4,Atta_4,225.5,533.1,7.3,62.6,-0.4,,,,
57.825,5,Atta_5,228.1,1365.6,188.2,34.0,6.4,,,,
57.825,6,Atta_6,1416.9,1685.9,275.2,21.3,-2.0,,,,
57.825,7,Atta_7,186.2,2546.2,201.2,-73.4,0.5,,,,
57.825,8,Atta_8,300.7,2306.3,144.1,47.1,-3.9,,,,
57.825,9,Atta_9,1888.4,2048.6,258.6,28.2,-1.1,,,,
57.825,10,Atta_10,110.5,2172.0,291.7,-25.3,7.3,,,,
57.894,1,Atta_1,1050.6,2637.0,42.2,32.3,-3.3,,,,
57.894,2,Atta_2,1264.0,286.4,242.7,85.6,0.1,,,,
57.894,3,Atta_3,1019.8,176.0,337.1,-90.8,2.4,,,,
57.894,4,Atta_4,230.6,535.2,9.6,5.5,2.3,,,,
57.894,5,Atta_5,186.0,1391.1,183.0,49.2,-5.2,,,,
57.894,6,Atta_6,1486.7,1644.8,277.1,81.0,1.9,,,,
57.894,7,Atta_7,139.6,2493.9,203.9,70.0,2.7,,,,
57.894,8,Atta_8,348.8,2347.3,137.9,-63.2,-6.2,,,,
57.894,9,Atta_9,1891.0,1986.3,262.6,62.4,4.0,,,,
57.894,10,Atta_10,150.8,2125.8,295.6,61.3,3.9,,,,
57.964,1,Atta_1,1008.8,2654.3,46.1,-45.2,3.9,,,,
57.964,2,Atta_2,1227.9,323.4,243.9,-51.7,1.2,,,,
57.964,3,Atta_3,986.6,93.7,339.3,88.7,2.2,,,,
57.964,4,Atta_4,213.9,583.0,12.3,-50.6,2.7,,,,
57.964,5,Atta_5,189.5,1374.2,182.2,-17.3,-0.8,,,,
57.964,6,Atta_6,1449.6,1678.7,283.6,-50.3,6.5,,,,
57.964,7,Atta_7,151.6,2490.8,201.3,-12.4,-2.6,,,,
57.964,8,Atta_8,316.9,2233.6,133.8,-118.1,-4.1,,,,
57.964,9,Atta_9,1906.2,2014.1,260.4,-31.7,-2.2,,,,
57.964,10,Atta_10,96.3,2123.9,299.9,-54.5,4.3,,,,
58.019,1,Atta_1,962.4,2591.8,49.3,-77.8,3.2,,,,
58.019,2,Atta_2,1243.0,357.0,243.4,-36.8,-0.5,,,,
58.019,3,Atta_3,1044.6,106.9,337.1,59.5,-2.2,,,,
58.019,4,Atta_4,245.8,563.0,7.5,37.7,-4.8,,,,
58.019,5,Atta_5,222.8,1359.3,182.8,-36.5,0.6,,,,
58.019,6,Atta_6,1498.0,1614.8,275.4,80.2,-8.2,,,,
58.019,7,Atta_7,122.0,2488.6,204.0,29.7,2.7,,,,
58.019,8,Atta_8,348.0,2342.9,132.0,113.6,-1.8,,,,
58.019,9,Atta_9,1896.2,1969.7,259.4,45.5,-1.0,,,,
58.019,10,Atta_10,145.9,2201.5,305.5,-92.1,5.6,,,,
58.089,1,Atta_1,1044.4,2609.9,55.0,84.0,5.7,,,,
58.089,2,Atta_2,1235.8,293.8,240.5,63.6,-2.9,,,,
58.089,3,Atta_3,1001.0,121.8,337.1,-46.1,0.0,,,,
58.089,5,Atta_5,194.4,1323.1,180.7,46.0,-2.1,,,,
58.089,6,Atta_6,1447.3,1659.7,277.1,-67.7,1.7,,,,
58.089,7,Atta_7,111.9,2540.4,204.4,-52.8,0.4,,,,
58.089,8,Atta_8,295.3,2327.0,125.6,55.0,-6.4,,,,
58.089,9,Atta_9,1861.6,1940.0,259.9,45.6,0.5,,,,
58.089,10,Atta_10,139.8,2188.3,310.8,14.5,5.3,,,,
58.14,1,Atta_1,1085.8,2639.0,58.0,50.6,3.0,,,,
58.14,2,Atta_2,1296.8,204.4,244.8,108.2,4.3,,,,
58.14,3,Atta_3,1080.3,122.4,330.9,79.3,-6.2,,,,
58.14,4,Atta_4,260.5,510.1,5.8,54.9,-1.7,,,,
58.14,5,Atta_5,175.5,1356.5,183.3,38.4,2.6,,,,
58.14,6,Atta_6,1481.2,1698.0,279.7,-51.1,2.6,,,,
58.14,7,Atta_7,143.4,2463.4,202.0,83.2,-2.4,,,,
58.14,8,Atta_8,369.9,2334.7,122.8,-75.0,-2.8,,,,
58.14,9,Atta_9,1886.6,1924.6,260.9,29.4,1.0,,,,
58.14,10,Atta_10,193.8,2185.7,317.6,54.1,6.8,,,,
58.206,1,Atta_1,1030.9,2589.9,65.8,-73.7,7.8,,,,
58.206,2,Atta_2,1217.2,271.7,242.7,-104.2,-2.1,,,,
58.206,3,Atta_3,1082.4,97.8,333.6,24.7,2.7,,,,
58.206,4,Atta_4,254.3,613.6,7.1,103.7,1.3,,,,
58.206,5,Atta_5,164.9,1383.5,185.7,29.0,2.4,,,,
58.206,6,Atta_6,1479.9,1655.0,278.9,43.0,-0.8,,,,
58.206,7,Atta_7,66.7,2418.4,199.4,88.9,-2.6,,,,
58.206,8,Atta_8,296.7,2377.1,118.7,84.6,-4.1,,,,
58.206,9,Atta_9,1804.1,1964.3,257.5,-91.6,-3.4,,,,
58.206,10,Atta_10,148.7,2137.6,320.8,-65.9,3.2,,,,
58.276,1,Atta_1,1021.0,2625.2,65.5,36.7,-0.3,,,,
58.276,2,Atta_2,1271.5,292.7,239.3,-58.2,-3.4,,,,
58.276,3,Atta_3,1078.8,145.4,332.5,-47.7,-1.1,,,,
58.276,4,Atta_4,289.6,566.9,9.2,58.5,2.1,,,,
58.276,5,Atta_5,184.0,1367.2,184.5,-25.1,-1.2,,,,
58.276,6,Atta_6,1471.7,1634.8,276.2,21.8,-2.7,,,,
58.276,7,Atta_7,123.8,2425.5,206.5,-57.5,7.1,,,,
58.276,8,Atta_8,308.0,2367.8,108.6,-14.6,-10.1,,,,
58.276,9,Atta_9,1883.2,1958.7,261.0,-79.3,3.5,,,,
58.276,10,Atta_10,140.9,2186.5,320.7,-49.5,-0.1,,,,
58.342,1,Atta_1,1012.1,2523.9,73.2,-101.7,7.7,,,,
58.342,2,Atta_2,1332.9,302.8,237.9,-62.2,-1.4,,,,
58.342,3,Atta_3,1023.4,138.9,334.3,-55.8,1.8,,,,
58.342,4,Atta_4,324.5,588.6,6.2,41.1,-3.0,,,,
58.342,5,Atta_5,95.3,1411.8,185.4,99.3,0.9,,,,
58.342,6,Atta_6,1442.2,1548.7,275.9,91.0,-0.3,,,,
58.342,7,Atta_7,138.8,2521.3,207.0,-97.0,0.5,,,,
58.342,8,Atta_8,306.0,2354.4,106.3,-13.5,-2.3,,,,
58.342,9,Atta_9,1906.9,1922.5,261.4,43.3,0.4,,,,
58.342,10,Atta_10,152.9,2246.1,323.1,-60.8,2.4,,,,
58.411,1,Atta_1,1043.8,2570.9,81.2,56.7,8.0,,,,
58.411,2,Atta_2,1221.8,305.7,236.5,111.1,-1.4,,,,
58.411,3,Atta_3,1065.0,162.7,330.0,47.9,-4.3,,,,
58.411,4,Atta_4,351.3,558.5,9.3,40.3,3.1,,,,
58.411,5,Atta_5,116.0,1398.1,181.3,-24.8,-4.1,,,,
58.411,6,Atta_6,1419.2,1626.4,279.3,-81.0,3.4,,,,
58.411,7,Atta_7,81.7,2502.7,207.1,60.1,0.1,,,,
58.411,8,Atta_8,336.3,2315.2,100.6,-49.5,-5.7,,,,
58.411,9,Atta_9,1875.5,1906.1,260.7,35.4,-0.7,,,,
58.411,10,Atta_10,95.0,2205.6,325.4,-70.7,2.3,,,,
58.479,1,Atta_1,992.2,2630.4,83.0,78.8,1.8,,,,
58.479,2,Atta_2,1242.4,231.5,236.1,77.0,-0.4,,,,
58.479,3,Atta_3,967.1,143.1,330.5,-99.8,0.5,,,,
58.479,4,Atta_4,410.9,589.4,6.8,67.1,-2.5,,,,
58.479,5,Atta_5,100.6,1389.6,181.3,17.6,0.0,,,,
58.479,6,Atta_6,1477.3,1604.5,277.1,62.1,-2.2,,,,
58.479,7,Atta_7,175.0,2449.5,207.5,-107.4,0.4,,,,
58.479,8,Atta_8,331.9,2292.1,98.6,-23.5,-2.0,,,,
58.479,9,Atta_9,1862.8,1928.1,261.2,-25.4,0.5,,,,
58.479,10,Atta_10,131.8,2123.7,321.4,89.8,-4.0,,,,
58.546,1,Atta_1,1051.7,2612.4,85.7,-62.2,2.7,,,,
58.546,2,Atta_2,1276.6,309.0,240.3,-84.7,4.2,,,,
58.546,3,Atta_3,998.6,99.4,331.3,53.9,0.8,,,,
58.546,4,Atta_4,316.8,549.8,7.6,-102.1,0.8,,,,
58.546,5,Atta_5,51.4,1463.2,181.8,88.5,0.5,,,,
58.546,6,Atta_6,1488.2,1580.3,279.2,26.5,2.1,,,,
58.546,7,Atta_7,72.5,2461.5,209.8,103.2,2.3,,,,
58.546,8,Atta_8,355.9,2323.6,91.4,39.6,-7.2,,,,
58.546,9,Atta_9,1823.4,1907.5,263.0,44.5,1.8,,,,
58.546,10,Atta_10,106.1,2192.0,324.8,-73.0,3.4,,,,
58.612,1,Atta_1,970.5,2594.9,89.4,-83.1,3.7,,,,
58.612,2,Atta_2,1290.1,323.6,237.9,-19.9,-2.4,,,,
58.612,3,Atta_3,968.1,108.6,327.1,-31.9,-4.2,,,,
58.612,4,Atta_4,343.3,553.3,10.6,26.7,3.0,,,,
58.612,5,Atta_5,96.0,1410.2,183.6,-69.3,1.8,,,,
58.612,6,Atta_6,1456.0,1477.3,278.1,107.9,-1.1,,,,
58.612,7,Atta_7,154.3,2534.7,206.3,-109.8,-3.5,,,,
58.612,8,Atta_8,333.3,2315.6,92.1,-24.0,0.7,,,,
58.612,9,Atta_9,1858.9,1883.2,263.3,43.0,0.3,,,,
58.612,10,Atta_10,125.8,2166.8,321.4,32.0,-3.4,,,,
58.678,1,Atta_1,1025.8,2575.9,95.5,-58.5,6.1,,,,
58.678,2,Atta_2,1196.7,329.9,239.3,93.6,1.4,,,,
58.678,3,Atta_3,991.5,185.3,329.0,-80.2,1.9,,,,
58.678,4,Atta_4,369.3,585.3,8.5,41.2,-2.1,,,,
58.678,5,Atta_5,85.1,1362.3,182.4,49.1,-1.2,,,,
58.678,6,Atta_6,1495.0,1490.3,274.5,-41.1,-3.6,,,,
58.678,7,Atta_7,181.5,2509.9,208.9,-36.8,2.6,,,,
58.678,8,Atta_8,312.3,2383.2,89.2,70.8,-2.9,,,,
58.678,9,Atta_9,1833.1,1875.7,258.4,26.9,-4.9,,,,
58.678,10,Atta_10,151.7,2197.4,327.9,40.1,6.5,,,,
58.749,1,Atta_1,993.1,2631.5,100.8,64.5,5.3,,,,
58.749,2,Atta_2,1218.4,394.6,240.4,-68.2,1.1,,,,
58.749,3,Atta_3,1027.2,161.4,324.1,43.0,-4.9,,,,
58.749,4,Atta_4,356.2,597.9,7.6,-18.2,-0.9,,,,
58.749,5,Atta_5,108.6,1380.3,184.3,-29.6,1.9,,,,
58.749,6,Atta_6,1486.5,1534.3,280.3,-44.8,5.8,,,,
58.749,7,Atta_7,177.2,2517.5,209.3,8.7,0.4,,,,
58.749,8,Atta_8,343.2,2374.8,77.7,-32.0,-11.5,,,,
58.749,9,Atta_9,1866.1,1857.7,265.8,37.6,7.4,,,,
58.749,10,Atta_10,145.7,2159.9,323.7,38.0,-4.2,,,,
58.811,1,Atta_1,1003.0,2614.1,97.7,-20.0,-3.1,,,,
58.811,2,Atta_2,1270.6,359.4,238.2,63.0,-2.2,,,,
58.811,3,Atta_3,960.3,165.4,318.2,-67.0,-5.9,,,,
58.811,4,Atta_4,406.4,564.4,6.6,60.4,-1.0,,,,
58.811,5,Atta_5,107.9,1387.2,184.2,6.9,-0.1,,,,
58.811,6,Atta_6,1507.5,1516.1,280.8,27.8,0.5,,,,
58.811,7,Atta_7,202.6,2497.6,208.2,-32.3,-1.1,,,,
58.811,8,Atta_8,339.8,2300.3,76.4,-74.6,-1.3,,,,
58.811,9,Atta_9,1840.0,1915.4,257.4,-63.3,-8.4,,,,
58.811,10,Atta_10,186.0,2133.0,329.2,48.5,5.5,,,,
58.877,1,Atta_1,994.2,2627.6,102.9,16.1,5.2,,,,
58.877,2,Atta_2,1288.7,337.1,236.8,28.7,-1.4,,,,
58.877,3,Atta_3,1017.2,111.7,317.7,78.2,-0.5,,,,
58.877,4,Atta_4,354.1,619.7,6.7,-76.1,0.1,,,,
58.877,5,Atta_5,151.5,1375.8,181.1,-45.1,-3.1,,,,
58.877,6,Atta_6,1445.0,1546.5,277.4,-69.5,-3.4,,,,
58.877,7,Atta_7,234.3,2503.3,206.6,-32.2,-1.6,,,,
58.877,8,Atta_8,329.8,2332.8,77.2,34.0,0.8,,,,
58.877,9,Atta_9,1862.1,1863.2,260.1,56.7,2.7,,,,
58.877,10,Atta_10,176.6,2151.8,323.7,-21.0,-5.5,,,,
58.946,1,Atta_1,963.4,2600.7,100.6,-40.9,-2.3,,,,
58.946,2,Atta_2,1273.4,332.3,239.4,16.0,2.6,,,,
58.946,3,Atta_3,1010.0,83.8,311.5,28.8,-6.2,,,,
58.946,4,Atta_4,390.0,614.1,10.0,36.3,3.3,,,,
58.946,5,Atta_5,104.8,1379.8,182.2,46.9,1.1,,,,
58.946,6,Atta_6,1530.3,1475.0,277.4,111.3,0.0,,,,
58.946,7,Atta_7,215.8,2508.9,210.0,19.3,3.4,,,,
58.946,8,Atta_8,242.2,2354.5,72.8,90.2,-4.4,,,,
58.946,9,Atta_9,1912.8,1884.9,255.6,-55.1,-4.5,,,,
58.946,10,Atta_10,153.9,2160.3,322.3,-24.2,-1.4,,,,
59.013,1,Atta_1,1010.5,2628.7,102.8,54.8,2.2,,,,
59.013,2,Atta_2,1306.3,380.4,236.0,-58.3,-3.4,,,,
59.013,3,Atta_3,1004.8,131.8,307.0,-48.3,-4.5,,,,
59.013,4,Atta_4,405.5,569.0,13.5,47.7,3.5,,,,
59.013,5,Atta_5,124.5,1347.6,186.9,-37.7,4.7,,,,
59.013,6,Atta_6,1499.0,1463.2,276.5,33.5,-0.9,,,,
59.013,7,Atta_7,225.7,2538.3,211.4,-31.0,1.4,,,,
59.013,8,Atta_8,339.2,2372.8,73.4,98.7,0.6,,,,
59.013,9,Atta_9,1831.4,1850.0,251.0,88.6,-4.6,,,,
59.013,10,Atta_10,197.3,2139.8,323.7,48.0,1.4,,,,
59.082,1,Atta_1,995.3,2668.8,102.4,42.9,-0.4,,,,
59.082,2,Atta_2,1393.8,387.9,237.5,-87.8,1.5,,,,
59.082,3,Atta_3,969.0,127.2,302.0,-36.1,-5.0,,,,
59.082,4,Atta_4,429.8,613.3,10.5,50.5,-3.0,,,,
59.082,5,Atta_5,174.4,1375.6,181.8,-57.2,-5.1,,,,
59.082,6,Atta_6,1485.5,1453.0,277.5,16.9,1.0,,,,
59.082,7,Atta_7,231.5,2504.1,205.6,34.7,-5.8,,,,
59.082,8,Atta_8,322.4,2315.7,69.1,-59.5,-4.3,,,,
59.082,9,Atta_9,1813.8,1882.3,248.1,-36.8,-2.9,,,,
59.082,10,Atta_10,183.0,2114.3,323.9,29.2,0.2,,,,
59.151,1,Atta_1,1023.1,2621.4,100.3,-55.0,-2.1,,,,
59.151,2,Atta_2,1313.6,355.2,232.3,86.6,-5.2,,,,
59.151,3,Atta_3,1010.3,164.5,296.3,-55.7,-5.7,,,,
59.151,4,Atta_4,420.3,542.0,5.9,-71.9,-4.6,,,,
59.151,5,Atta_5,123.9,1445.5,182.1,86.2,0.3,,,,
59.151,6,Atta_6,1452.7,1486.7,276.4,-47.0,-1.1,,,,
59.151,7,Atta_7,215.5,2568.9,212.7,-66.7,7.1,,,,
59.151,8,Atta_8,313.2,2309.6,73.5,-11.0,4.4,,,,
59.151,9,Atta_9,1795.0,1842.8,244.0,43.7,-4.1,,,,
59.151,10,Atta_10,231.9,2150.3,327.1,60.7,3.2,,,,
59.218,1,Atta_1,958.9,2573.3,106.4,-80.2,6.1,,,,
59.218,2,Atta_2,1246.5,415.9,233.5,-90.5,1.2,,,,
59.218,3,Atta_3,1008.9,133.8,289.9,30.7,-6.4,,,,
59.218,4,Atta_4,481.8,625.8,6.8,103.9,0.9,,,,
59.218,5,Atta_5,167.5,1392.3,189.9,-68.8,7.8,,,,
59.218,6,Atta_6,1490.9,1484.6,285.0,38.3,8.6,,,,
59.218,7,Atta_7,176.3,2565.6,216.4,39.3,3.7,,,,
59.218,8,Atta_8,325.3,2351.4,78.0,43.5,4.5,,,,
59.218,9,Atta_9,1886.6,1863.7,239.3,-94.0,-4.7,,,,
59.218,10,Atta_10,191.2,2120.4,320.4,-50.5,-6.7,,,,
59.287,1,Atta_1,945.4,2652.8,101.2,80.6,-5.2,,,,
59.287,2,Atta_2,1322.1,414.4,229.0,-75.6,-4.5,,,,
59.287,3,Atta_3,1002.0,126.3,287.4,10.2,-2.5,,,,
59.287,4,Atta_4,391.3,566.5,4.7,-108.2,-2.1,,,,
59.287,5,Atta_5,167.5,1387.9,190.8,4.4,0.9,,,,
59.287,6,Atta_6,1484.7,1535.5,287.8,-51.3,2.8,,,,
59.287,7,Atta_7,162.2,2561.1,218.0,14.8,1.6,,,,
59.287,8,Atta_8,318.8,2321.1,79.4,-31.0,1.4,,,,
59.287,9,Atta_9,1874.0,1834.6,235.5,31.7,-3.8,,,,
59.287,10,Atta_10,228.3,2147.9,321.7,46.2,1.3,,,,
59.353,1,Atta_1,970.9,2652.3,99.8,-25.5,-1.4,,,,
59.353,2,Atta_2,1332.6,371.1,221.5,44.6,-7.5,,,,
59.353,3,Atta_3,944.1,140.6,283.3,-59.6,-4.1,,,,
59.353,4,Atta_4,473.6,581.3,9.3,83.6,4.6,,,,
59.353,5,Atta_5,190.1,1425.7,195.7,-44.0,4.9,,,,
59.353,6,Atta_6,1493.6,1447.6,292.7,88.3,4.9,,,,
59.353,7,Atta_7,235.6,2517.3,227.9,-85.5,9.9,,,,
59.353,8,Atta_8,255.3,2372.6,88.3,81.8,8.9,,,,
59.353,9,Atta_9,1831.7,1853.5,231.7,46.3,-3.8,,,,
59.353,10,Atta_10,240.5,2092.4,325.7,56.8,4.0,,,,
59.418,1,Atta_1,990.3,2652.7,104.1,-19.4,4.3,,,,
59.418,2,Atta_2,1354.0,393.0,218.9,-30.6,-2.6,,,,
59.418,3,Atta_3,991.1,131.0,276.4,48.0,-6.9,,,,
59.418,4,Atta_4,445.2,571.8,11.9,-29.9,2.6,,,,
59.418,5,Atta_5,173.9,1374.7,197.0,53.5,1.3,,,,
59.418,6,Atta_6,1450.5,1460.2,297.7,-44.9,5.0,,,,
59.418,7,Atta_7,228.9,2527.5,225.3,-12.2,-2.6,,,,
59.418,8,Atta_8,284.6,2263.7,89.3,-112.8,1.0,,,,
59.418,9,Atta_9,1821.8,1867.4,225.8,-17.1,-5.9,,,,
59.418,10,Atta_10,252.5,2187.2,322.4,-95.6,-3.3,,,,
59.487,1,Atta_1,960.1,2722.9,102.9,76.4,-1.2,,,,
59.487,2,Atta_2,1292.8,416.1,211.5,65.4,-7.4,,,,
59.487,3,Atta_3,996.2,180.6,272.7,-49.9,-3.7,,,,
59.487,4,Atta_4,492.1,534.5,18.0,59.9,6.1,,,,
59.487,5,Atta_5,156.4,1411.4,208.2,40.7,11.2,,,,
59.487,6,Atta_6,1464.3,1499.3,303.2,-41.5,5.5,,,,
59.487,7,Atta_7,228.2,2548.6,234.6,-21.1,9.3,,,,
59.487,8,Atta_8,333.1,2253.1,96.0,-49.6,6.7,,,,
59.487,9,Atta_9,1820.0,1871.7,223.9,-4.7,-1.9,,,,
59.487,10,Atta_10,244.8,2058.5,326.3,128.9,3.9,,,,
59.555,1,Atta_1,972.7,2710.5,103.2,-17.7,0.3,,,,
59.555,2,Atta_2,1341.1,416.7,212.9,-48.3,1.4,,,,
59.555,3,Atta_3,965.5,139.7,272.8,51.1,0.1,,,,
59.555,4,Atta_4,517.6,615.1,21.9,84.5,3.9,,,,
59.555,5,Atta_5,187.5,1416.9,209.8,-31.6,1.6,,,,
59.555,6,Atta_6,1455.7,1501.0,305.0,-8.8,1.8,,,,
59.555,7,Atta_7,281.5,2527.4,236.1,-57.4,1.5,,,,
59.555,8,Atta_8,279.7,2347.3,101.3,108.3,5.3,,,,
59.555,9,Atta_9,1865.6,1834.7,214.0,-58.7,-9.9,,,,
59.555,10,Atta_10,205.6,2128.4,325.4,-80.1,-0.9,,,,
59.606,1,Atta_1,994.5,2706.4,99.8,-22.2,-3.4,,,,
59.606,2,Atta_2,1372.9,399.6,201.0,-36.1,-11.9,,,,
59.606,3,Atta_3,1026.6,164.2,271.2,-65.8,-1.6,,,,
59.606,4,Atta_4,462.3,515.3,29.6,-114.1,7.7,,,,
59.606,5,Atta_5,187.6,1350.0,216.2,66.9,6.4,,,,
59.606,6,Atta_6,1499.3,1470.0,308.6,53.5,3.6,,,,
59.606,7,Atta_7,244.2,2564.0,244.7,-52.3,8.6,,,,
59.606,8,Atta_8,344.0,2267.5,105.6,-102.5,4.3,,,,
59.606,9,Atta_9,1819.7,1815.4,209.7,49.8,-4.3,,,,
59.606,10,Atta_10,271.1,2122.3,321.9,65.8,-3.5,,,,
59.741,1,Atta_1,955.4,2690.7,106.6,-42.1,6.8,,,,
59.741,2,Atta_2,1254.5,394.7,198.8,118.5,-2.2,,,,
59.741,3,Atta_3,944.1,124.0,274.2,91.8,3.0,,,,
59.741,4,Atta_4,474.4,547.6,30.8,34.5,1.2,,,,
59.741,5,Atta_5,164.5,1377.2,219.9,35.7,3.7,,,,
59.741,6,Atta_6,1443.8,1473.8,314.3,-55.6,5.7,,,,
59.741,7,Atta_7,216.2,2534.2,248.6,40.9,3.9,,,,
59.741,8,Atta_8,300.8,2289.9,108.8,48.7,3.2,,,,
59.741,9,Atta_9,1861.9,1830.7,204.0,-44.9,-5.7,,,,
59.741,10,Atta_10,274.1,2076.3,327.9,46.1,6.0,,,,
59.794,1,Atta_1,957.7,2663.6,105.4,-27.2,-1.2,,,,
59.794,2,Atta_2,1291.5,396.2,195.7,-37.0,-3.1,,,,
59.794,3,Atta_3,1035.9,225.0,277.5,-136.5,3.3,,,,
59.794,4,Atta_4,445.3,560.9,37.8,-32.0,7.0,,,,
59.794,5,Atta_5,151.1,1384.5,227.0,15.3,7.1,,,,
59.794,6,Atta_6,1469.5,1509.8,316.5,-44.2,2.2,,,,
59.794,7,Atta_7,277.2,2577.2,252.8,-74.6,4.2,,,,
59.794,8,Atta_8,304.7,2344.4,115.4,54.6,6.6,,,,
59.794,9,Atta_9,1924.7,1868.5,198.0,-73.3,-6.0,,,,
59.794,10,Atta_10,341.5,2040.8,324.1,76.2,-3.8,,,,
59.865,1,Atta_1,982.1,2656.3,102.0,-25.5,-3.4,,,,
59.865,2,Atta_2,1295.6,410.7,188.3,-15.1,-7.4,,,,
59.865,3,Atta_3,984.7,159.3,271.6,83.3,-5.9,,,,
59.865,4,Atta_4,474.8,629.1,43.5,74.3,5.7,,,,
59.865,5,Atta_5,195.3,1337.1,230.6,64.8,3.6,,,,
59.865,6,Atta_6,1488.1,1475.6,320.0,38.9,3.5,,,,
59.865,7,Atta_7,283.4,2559.0,251.8,19.2,-1.0,,,,
59.865,8,Atta_8,355.2,2291.2,116.0,-73.4,0.6,,,,
59.865,9,Atta_9,1886.2,1836.3,198.7,50.2,0.7,,,,
59.865,10,Atta_10,297.8,2056.6,326.3,-46.5,2.2,,,,
59.934,1,Atta_1,960.1,2680.3,105.7,32.6,3.7,,,,
59.934,2,Atta_2,1292.2,394.4,186.2,16.7,-2.1,,,,
59.934,3,Atta_3,1037.0,134.8,275.2,57.8,3.6,,,,
59.934,4,Atta_4,492.4,587.8,43.9,-44.9,0.4,,,,
59.934,5,Atta_5,236.1,1411.0,233.1,-84.4,2.5,,,,
59.934,6,Atta_6,1415.0,1537.3,326.2,-95.7,6.2,,,,
59.934,7,Atta_7,261.8,2561.5,262.5,21.7,10.7,,,,
59.934,8,Atta_8,379.1,2314.5,121.5,33.4,5.5,,,,
59.934,9,Atta_9,1859.3,1825.6,195.8,28.9,-2.9,,,,
59.934,10,Atta_10,377.6,2089.6,325.1,86.4,-1.2,,,,
60.0,1,Atta_1,1042.2,2623.4,103.6,-99.9,-2.1,,,,
60.0,2,Atta_2,1281.7,372.2,176.8,24.6,-9.4,,,,
60.0,3,Atta_3,992.7,157.1,272.8,-49.6,-2.4,,,,
60.0,4,Atta_4,461.9,569.9,48.8,-35.4,4.9,,,,
60.0,5,Atta_5,251.5,1428.5,233.6,-23.3,0.5,,,,
60.0,6,Atta_6,1462.0,1421.3,331.4,125.2,5.2,,,,
60.0,7,Atta_7,260.7,2575.2,263.4,-13.7,0.9,,,,
60.0,8,Atta_8,311.2,2322.3,127.6,68.3,6.1,,,,
60.0,9,Atta_9,1880.7,1833.3,191.8,-22.7,-4.0,,,,
60.0,10,Atta_10,288.6,2065.7,324.7,-92.2,-0.4,,,,
60.066,1,Atta_1,965.7,2607.7,107.3,78.1,3.7,,,,
60.066,2,Atta_2,1286.9,358.6,177.6,-14.6,0.8,,,,
60.066,3,Atta_3,982.8,120.0,274.5,38.4,1.7,,,,
60.066,4,Atta_4,479.3,571.6,50.9,17.5,2.1,,,,
60.066,5,Atta_5,220.0,1339.5,240.0,94.4,6.4,,,,
60.066,6,Atta_6,1492.4,1473.2,338.7,60.1,7.3,,,,
60.066,7,Atta_7,204.2,2506.3,266.6,89.1,3.2,,,,
60.066,8,Atta_8,355.0,2324.2,131.7,-43.8,4.1,,,,
60.066,9,Atta_9,1881.4,1807.4,183.3,25.9,-8.5,,,,
60.066,10,Atta_10,375.1,2005.3,323.6,105.5,-1.1,,,,
60.132,1,Atta_1,1018.4,2607.0,109.0,-52.7,1.7,,,,
60.132,2,Atta_2,1295.4,367.8,171.2,-12.5,-6.4,,,,
60.132,3,Atta_3,942.2,109.6,276.3,41.9,1.8,,,,
60.132,4,Atta_4,457.0,614.0,58.2,47.9,7.3,,,,
60.132,5,Atta_5,152.2,1409.3,237.0,-97.3,-3.0,,,,
60.132,6,Atta_6,1497.7,1534.7,339.3,-61.7,0.6,,,,
60.132,7,Atta_7,224.3,2571.0,272.1,-67.8,5.5,,,,
60.132,8,Atta_8,283.1,2353.3,138.4,77.6,6.7,,,,
60.132,9,Atta_9,1873.6,1827.9,177.6,21.9,-5.7,,,,
60.132,10,Atta_10,369.7,2056.2,326.2,-51.2,2.6,,,,
60.203,1,Atta_1,1040.3,2622.1,111.7,26.6,2.7,,,,
60.203,2,Atta_2,1318.3,434.9,170.1,-70.9,-1.1,,,,
60.203,3,Atta_3,989.0,113.9,271.5,47.0,-4.8,,,,
60.203,4,Atta_4,517.0,625.0,62.8,61.0,4.6,,,,
60.203,5,Atta_5,182.6,1363.9,242.2,54.6,5.2,,,,
60.203,6,Atta_6,1501.8,1476.0,346.4,58.8,7.1,,,,
60.203,7,Atta_7,233.1,2516.5,277.2,55.2,5.1,,,,
60.203,8,Atta_8,351.9,2337.9,140.6,-70.5,2.2,,,,
60.203,9,Atta_9,1882.9,1814.5,177.4,-16.3,-0.2,,,,
60.203,10,Atta_10,314.0,2021.9,323.1,-65.4,-3.1,,,,
60.263,1,Atta_1,1046.7,2599.0,114.4,-24.0,2.7,,,,
60.263,2,Atta_2,1329.0,391.8,167.6,-44.4,-2.5,,,,
60.263,3,Atta_3,1011.9,62.8,274.1,56.0,2.6,,,,
60.263,4,Atta_4,480.5,614.8,67.9,-37.9,5.1,,,,
60.263,5,Atta_5,145.5,1414.5,237.9,-62.7,-4.3,,,,
60.263,6,Atta_6,1447.7,1437.9,347.6,-66.2,1.2,,,,
60.263,7,Atta_7,270.2,2576.4,283.2,-70.5,6.0,,,,
60.263,8,Atta_8,313.3,2333.7,145.5,38.8,4.9,,,,
60.263,9,Atta_9,1830.6,1909.6,175.3,108.5,-2.1,,,,
60.263,10,Atta_10,359.8,1985.0,327.2,58.8,4.1,,,,
60.334,1,Atta_1,1006.3,2646.2,117.6,62.1,3.2,,,,
60.334,2,Atta_2,1319.8,365.8,159.5,27.6,-8.1,,,,
60.334,3,Atta_3,1066.9,140.8,271.3,-95.4,-2.8,,,,
60.334,4,Atta_4,471.1,599.5,70.4,-18.0,2.5,,,,
60.334,5,Atta_5,184.2,1395.3,239.6,-43.2,1.7,,,,
60.334,6,Atta_6,1476.4,1473.1,353.9,45.4,6.3,,,,
60.334,7,Atta_7,223.9,2568.2,285.6,-47.0,2.4,,,,
60.334,8,Atta_8,291.0,2331.0,149.2,22.5,3.7,,,,
60.334,9,Atta_9,1861.5,1864.6,176.6,-54.6,1.3,,,,
60.334,10,Atta_10,366.1,1975.3,323.7,11.6,-3.5,,,,
60.386,1,Atta_1,1041.3,2633.9,122.0,-37.1,4.4,,,,
60.386,2,Atta_2,1327.3,404.3,157.1,39.2,-2.4,,,,
60.386,3,Atta_3,1007.2,138.7,274.4,59.7,3.1,,,,
60.386,4,Atta_4,500.3,559.5,76.4,-49.5,6.0,,,,
60.386,5,Atta_5,175.4,1412.0,241.6,-18.9,2.0,,,,
60.386,6,Atta_6,1463.7,1479.4,356.7,-14.2,2.8,,,,
60.386,7,Atta_7,207.2,2547.1,291.9,26.9,6.3,,,,
60.386,8,Atta_8,358.6,2330.0,151.8,-67.6,2.6,,,,
60.386,9,Atta_9,1814.6,1829.8,171.7,58.4,-4.9,,,,
60.386,10,Atta_10,380.5,2020.3,320.9,-47.2,-2.8,,,,
60.455,1,Atta_1,980.9,2614.7,127.1,63.4,5.1,,,,
60.455,2,Atta_2,1339.0,372.6,150.1,-33.8,-7.0,,,,
60.455,3,Atta_3,978.9,140.1,276.3,-28.3,1.9,,,,
60.455,4,Atta_4,467.6,575.0,81.9,36.2,5.5,,,,
60.455,5,Atta_5,129.0,1396.1,236.5,49.0,-5.1,,,,
60.455,6,Atta_6,1519.4,1464.2,6.4,57.7,9.7,,,,
60.455,7,Atta_7,253.5,2552.3,294.5,46.6,2.6,,,,
60.455,8,Atta_8,286.0,2380.7,160.3,88.6,8.5,,,,
60.455,9,Atta_9,1882.9,1877.1,172.1,-83.1,0.4,,,,
60.455,10,Atta_10,418.4,1986.2,323.0,51.0,2.1,,,,
60.526,1,Atta_1,992.4,2663.2,131.4,49.8,4.3,,,,
60.526,2,Atta_2,1328.0,387.8,145.0,18.8,-5.1,,,,
60.526,3,Atta_3,983.4,171.4,274.2,-31.6,-2.1,,,,
60.526,4,Atta_4,462.7,606.3,84.7,31.7,2.8,,,,
60.526,5,Atta_5,149.1,1406.5,239.9,-22.6,3.4,,,,
60.526,6,Atta_6,1525.7,1434.7,8.6,30.2,2.2,,,,
60.526,7,Atta_7,240.1,2579.3,298.9,-30.1,4.4,,,,
60.526,8,Atta_8,309.0,2372.1,164.4,-24.6,4.1,,,,
60.526,9,Atta_9,1787.7,1805.3,172.9,119.2,0.8,,,,
60.526,10,Atta_10,370.9,1983.5,324.9,-47.6,1.9,,,,
60.577,1,Atta_1,994.8,2621.4,136.5,-41.9,5.1,,,,
60.577,2,Atta_2,1297.1,437.2,145.6,58.3,0.6,,,,
60.577,3,Atta_3,1003.5,182.9,276.0,-23.2,1.8,,,,
60.577,4,Atta_4,440.6,606.4,92.9,-22.1,8.2,,,,
60.577,5,Atta_5,149.2,1348.1,238.1,58.4,-1.8,,,,
60.577,6,Atta_6,1498.1,1478.9,14.4,-52.1,5.8,,,,
60.577,7,Atta_7,241.9,2521.3,297.1,58.0,-1.8,,,,
60.577,8,Atta_8,287.3,2329.7,168.8,47.6,4.4,,,,
60.577,9,Atta_9,1866.1,1805.0,170.8,-78.4,-2.1,,,,
60.577,10,Atta_10,431.6,2098.2,322.5,-129.8,-2.4,,,,
60.647,1,Atta_1,983.7,2597.2,142.2,-26.6,5.7,,,,
60.647,2,Atta_2,1334.3,407.5,143.1,-47.6,-2.5,,,,
60.647,3,Atta_3,1061.6,208.4,276.0,-63.4,0.0,,,,
60.647,4,Atta_4,439.5,558.7,91.0,-47.7,-1.9,,,,
60.647,5,Atta_5,116.0,1347.6,238.7,33.2,0.6,,,,
60.647,6,Atta_6,1452.3,1468.0,17.1,-47.1,2.7,,,,
60.647,7,Atta_7,248.3,2509.8,301.3,13.2,4.2,,,,
60.647,8,Atta_8,369.9,2361.0,173.1,-88.3,4.3,,,,
60.647,9,Atta_9,1803.5,1845.0,175.7,74.3,4.9,,,,
60.647,10,Atta_10,439.8,1949.5,326.0,148.9,3.5,,,,
60.717,1,Atta_1,988.3,2644.7,146.1,47.7,3.9,,,,
60.717,2,Atta_2,1267.7,325.1,144.6,105.9,1.5,,,,
60.717,3,Atta_3,944.8,153.7,282.8,129.0,6.8,,,,
60.717,4,Atta_4,445.9,560.6,100.1,6.7,9.1,,,,
60.717,5,Atta_5,156.2,1308.4,239.2,56.1,0.5,,,,
60.717,6,Atta_6,1471.5,1485.3,16.6,25.8,-0.5,,,,
60.717,7,Atta_7,204.4,2595.3,299.0,-96.1,-2.3,,,,
60.717,8,Atta_8,330.0,2370.9,172.9,41.1,-0.2,,,,
60.717,9,Atta_9,1821.0,1879.0,176.1,-38.2,0.4,,,,
60.717,10,Atta_10,410.7,1983.1,324.1,-44.4,-1.9,,,,
60.786,1,Atta_1,982.1,2645.1,151.1,6.2,5.0,,,,
60.786,2,Atta_2,1351.2,390.7,146.5,-106.2,1.9,,,,
60.786,3,Atta_3,961.4,137.0,283.6,23.5,0.8,,,,
60.786,4,Atta_4,503.2,587.8,102.9,63.4,2.8,,,,
60.786,5,Atta_5,123.9,1326.1,244.0,36.8,4.8,,,,
60.786,6,Atta_6,1443.1,1474.4,26.4,-30.4,9.8,,,,
60.786,7,Atta_7,205.5,2582.9,301.3,12.4,2.3,,,,
60.786,8,Atta_8,341.1,2317.9,182.4,-54.1,9.5,,,,
60.786,9,Atta_9,1829.3,1853.6,172.8,-26.7,-3.3,,,,
60.786,10,Atta_10,454.6,1982.7,325.9,43.9,1.8,,,,
60.852,1,Atta_1,969.8,2669.5,155.4,27.3,4.3,,,,
60.852,2,Atta_2,1303.1,412.4,146.3,52.8,-0.2,,,,
60.852,3,Atta_3,978.8,171.5,290.3,-38.6,6.7,,,,
60.852,4,Atta_4,488.8,575.8,108.1,-18.7,5.2,,,,
60.852,5,Atta_5,112.7,1346.0,237.0,-22.8,-7.0,,,,
60.852,6,Atta_6,1449.4,1449.5,30.2,-25.7,3.8,,,,
60.852,7,Atta_7,173.4,2620.0,301.3,-49.1,0.0,,,,
60.852,8,Atta_8,308.9,2346.4,184.3,43.0,1.9,,,,
60.852,9,Atta_9,1780.4,1844.1,173.8,49.8,1.0,,,,
60.852,10,Atta_10,429.6,2009.6,334.9,-36.7,9.0,,,,
60.921,1,Atta_1,1027.5,2718.7,163.6,-75.8,8.2,,,,
60.921,2,Atta_2,1315.3,388.7,146.2,-26.7,-0.1,,,,
60.921,3,Atta_3,998.9,134.1,293.4,42.5,3.1,,,,
60.921,4,Atta_4,497.1,571.9,112.5,-9.2,4.4,,,,
60.921,5,Atta_5,86.4,1339.0,242.8,27.2,5.8,,,,
60.921,6,Atta_6,1515.4,1433.9,40.3,67.8,10.1,,,,
60.921,7,Atta_7,235.9,2577.9,297.2,75.4,-4.1,,,,
60.921,8,Atta_8,219.0,2308.6,192.3,97.5,8.0,,,,
60.921,9,Atta_9,1776.0,1832.8,171.4,12.1,-2.4,,,,
60.921,10,Atta_10,456.6,1921.1,339.2,92.5,4.3,,,,
60.989,1,Atta_1,1031.6,2607.8,158.0,-111.0,-5.6,,,,
60.989,2,Atta_2,1251.1,436.5,148.8,80.0,2.6,,,,
60.989,3,Atta_3,976.7,179.1,296.4,-50.2,3.0,,,,
60.989,4,Atta_4,488.3,584.5,115.8,15.4,3.3,,,,
60.989,5,Atta_5,127.6,1278.3,241.7,73.4,-1.1,,,,
60.989,6,Atta_6,1434.9,1485.0,37.5,-95.3,-2.8,,,,
60.989,7,Atta_7,235.1,2472.0,300.1,105.9,2.9,,,,
60.989,8,Atta_8,382.4,2372.8,197.8,-175.6,5.5,,,,
60.989,9,Atta_9,1814.8,1866.7,175.3,-51.5,3.9,,,,
60.989,10,Atta_10,359.6,1918.9,341.5,-97.0,2.3,,,,
61.057,1,Atta_1,1028.4,2654.4,164.1,46.7,6.1,,,,
61.057,2,Atta_2,1230.9,385.7,141.7,-54.7,-7.1,,,,
61.057,3,Atta_3,1001.0,186.9,306.0,25.5,9.6,,,,
61.057,4,Atta_4,492.6,612.6,122.4,28.4,6.6,,,,
61.057,5,Atta_5,134.6,1255.6,239.1,23.8,-2.6,,,,
61.057,6,Atta_6,1504.3,1519.7,39.4,77.6,1.9,,,,
61.057,7,Atta_7,237.8,2534.7,299.8,-62.8,-0.3,,,,
61.057,8,Atta_8,396.7,2353.3,199.9,-24.2,2.1,,,,
61.057,9,Atta_9,1742.9,1891.3,175.6,76.0,0.3,,,,
61.057,10,Atta_10,455.9,1965.1,349.2,106.8,7.7,,,,
61.126,1,Atta_1,963.2,2601.9,161.9,83.7,-2.2,,,,
61.126,2,Atta_2,1278.6,410.0,147.2,-53.5,5.5,,,,
61.126,3,Atta_3,993.5,190.3,307.6,-8.2,1.6,,,,
61.126,4,Atta_4,478.5,628.9,126.9,21.6,4.5,,,,
61.126,5,Atta_5,121.8,1287.6,242.6,-34.5,3.5,,,,
61.126,6,Atta_6,1449.5,1530.7,45.0,-55.9,5.6,,,,
61.126,7,Atta_7,266.2,2486.6,299.3,55.9,-0.5,,,,
61.126,8,Atta_8,371.4,2380.2,202.6,36.9,2.7,,,,
61.126,9,Atta_9,1761.4,1822.5,173.5,-71.2,-2.1,,,,
61.126,10,Atta_10,397.7,1965.4,350.2,-58.2,1.0,,,,
61.194,1,Atta_1,991.5,2597.1,164.2,-28.7,2.3,,,,
61.194,2,Atta_2,1242.9,435.6,148.0,43.9,0.8,,,,
61.194,3,Atta_3,1015.3,149.9,309.4,45.9,1.8,,,,
61.194,4,Atta_4,492.4,597.6,126.6,-34.2,-0.3,,,,
61.194,5,Atta_5,86.9,1278.0,250.0,36.2,7.4,,,,
61.194,6,Atta_6,1453.3,1456.3,45.7,-74.5,0.7,,,,
61.194,7,Atta_7,250.8,2520.9,298.3,-37.6,-1.0,,,,
61.194,8,Atta_8,359.7,2331.9,209.3,49.7,6.7,,,,
61.194,9,Atta_9,1815.7,1905.6,173.9,-99.3,0.4,,,,
61.194,10,Atta_10,454.4,1953.0,356.1,58.0,5.9,,,,
61.256,1,Atta_1,990.4,2661.4,163.2,64.3,-1.0,,,,
61.256,2,Atta_2,1271.5,434.6,147.7,-28.6,-0.3,,,,
61.256,3,Atta_3,968.5,146.9,316.9,-46.9,7.5,,,,
61.256,4,Atta_4,506.2,565.7,136.7,-34.8,10.1,,,,
61.256,5,Atta_5,83.4,1329.6,251.1,-51.7,1.1,,,,
61.256,6,Atta_6,1501.2,1491.6,53.4,59.5,7.7,,,,
61.256,7,Atta_7,301.0,2497.4,300.3,55.4,2.0,,,,
61.256,8,Atta_8,319.8,2339.9,210.7,40.7,1.4,,,,
61.256,9,Atta_9,1863.6,1834.6,169.9,-85.6,-4.0,,,,
61.256,10,Atta_10,414.7,1974.1,359.1,-45.0,3.0,,,,
61.326,1,Atta_1,976.7,2607.9,161.1,-55.2,-2.1,,,,
61.326,2,Atta_2,1216.0,451.0,144.8,57.9,-2.9,,,,
61.326,3,Atta_3,1004.0,136.2,319.7,37.1,2.8,,,,
61.326,4,Atta_4,461.4,571.5,141.3,45.2,4.6,,,,
61.326,5,Atta_5,76.0,1202.7,257.7,127.1,6.6,,,,
61.326,6,Atta_6,1486.2,1453.7,50.0,-40.8,-3.4,,,,
61.326,7,Atta_7,253.1,2489.1,299.9,-48.6,-0.4,,,,
61.326,8,Atta_8,388.1,2395.0,215.9,-87.8,5.2,,,,
61.326,9,Atta_9,1854.3,1845.2,173.0,14.1,3.1,,,,
61.326,10,Atta_10,387.7,1913.8,9.0,-66.1,9.9,,,,
61.395,1,Atta_1,979.6,2599.4,163.7,-9.0,2.6,,,,
61.395,2,Atta_2,1201.3,415.2,145.4,-38.7,0.6,,,,
61.395,3,Atta_3,1024.1,209.8,321.3,-76.3,1.6,,,,
61.395,4,Atta_4,462.4,604.9,145.0,33.4,3.7,,,,
61.395,5,Atta_5,126.3,1309.5,258.9,-118.1,1.2,,,,
61.395,6,Atta_6,1456.8,1484.5,52.1,42.6,2.1,,,,
61.395,7,Atta_7,266.5,2457.9,296.4,34.0,-3.5,,,,
61.395,8,Atta_8,347.7,2306.1,221.6,97.6,5.7,,,,
61.395,9,Atta_9,1808.0,1827.7,169.8,49.5,-3.2,,,,
61.395,10,Atta_10,400.4,2025.1,12.0,112.0,3.0,,,,
61.461,1,Atta_1,1006.7,2640.8,162.6,-49.5,-1.1,,,,
61.461,2,Atta_2,1180.7,480.3,147.8,68.3,2.4,,,,
61.461,3,Atta_3,1013.1,191.7,328.7,21.2,7.4,,,,
61.461,4,Atta_4,476.7,620.1,142.5,-20.9,-2.5,,,,
61.461,5,Atta_5,92.9,1243.2,264.2,74.2,5.3,,,,
61.461,6,Atta_6,1460.5,1493.3,52.8,9.5,0.7,,,,
61.461,7,Atta_7,221.2,2447.6,305.6,-46.5,9.2,,,,
61.461,8,Atta_8,275.0,2297.2,223.0,73.2,1.4,,,,
61.461,9,Atta_9,1844.9,1833.6,172.7,-37.4,2.9,,,,
61.461,10,Atta_10,474.1,1945.9,12.3,108.2,0.3,,,,
61.531,1,Atta_1,997.9,2625.5,163.5,17.7,0.9,,,,
61.531,2,Atta_2,1153.7,477.9,146.1,27.1,-1.7,,,,
61.531,3,Atta_3,1023.1,202.3,332.4,14.6,3.7,,,,
61.531,4,Atta_4,474.4,577.8,153.6,-42.4,11.1,,,,
61.531,5,Atta_5,98.0,1290.6,269.4,-47.7,5.2,,,,
61.531,6,Atta_6,1467.2,1458.0,53.7,-35.9,0.9,,,,
61.531,7,Atta_7,301.7,2475.6,307.6,85.2,2.0,,,,
61.531,8,Atta_8,284.1,2375.2,227.8,-78.5,4.8,,,,
61.531,9,Atta_9,1882.7,1846.4,179.4,-39.9,6.7,,,,
61.531,10,Atta_10,381.2,1906.4,18.8,-100.9,6.5,,,,
61.597,1,Atta_1,926.0,2665.5,162.5,82.3,-1.0,,,,
61.597,2,Atta_2,1201.8,490.7,144.8,-49.8,-1.3,,,,
61.597,3,Atta_3,970.7,178.7,330.1,-57.5,-2.3,,,,
61.597,4,Atta_4,455.3,592.7,159.9,24.2,6.3,,,,
61.597,5,Atta_5,140.1,1307.7,275.2,-45.4,5.8,,,,
61.597,6,Atta_6,1485.6,1465.9,49.6,20.0,-4.1,,,,
61.597,7,Atta_7,301.8,2560.2,301.3,-84.6,-6.3,,,,
61.597,8,Atta_8,318.2,2302.1,235.0,80.7,7.2,,,,
61.597,9,Atta_9,1868.4,1866.8,183.9,24.9,4.5,,,,
61.597,10,Atta_10,425.3,1996.0,23.2,99.9,4.4,,,,
61.663,1,Atta_1,984.4,2663.7,162.6,-58.4,0.1,,,,
61.663,2,Atta_2,1225.0,474.3,146.7,-28.4,1.9,,,,
61.663,3,Atta_3,967.7,158.6,330.9,20.3,0.8,,,,
61.663,4,Atta_4,528.6,575.3,160.1,-75.3,0.2,,,,
61.663,5,Atta_5,120.2,1283.7,278.4,31.2,3.2,,,,
61.663,6,Atta_6,1462.1,1422.3,51.7,-49.5,2.1,,,,
61.663,7,Atta_7,215.4,2481.3,308.4,117.0,7.1,,,,
61.663,8,Atta_8,309.8,2332.5,239.2,-31.5,4.2,,,,
61.663,9,Atta_9,1895.9,1846.8,185.1,-34.0,1.2,,,,
61.663,10,Atta_10,434.4,1972.0,30.5,-25.7,7.3,,,,
61.732,1,Atta_1,932.7,2664.9,164.8,51.7,2.2,,,,
61.732,2,Atta_2,1220.2,563.3,144.7,89.1,-2.0,,,,
61.732,3,Atta_3,1007.1,155.3,330.0,39.5,-0.9,,,,
61.732,4,Atta_4,484.5,592.1,165.7,47.2,5.6,,,,
61.732,5,Atta_5,123.2,1286.7,280.2,-4.2,1.8,,,,
61.732,6,Atta_6,1508.5,1415.3,49.3,46.9,-2.4,,,,
61.732,7,Atta_7,240.8,2534.2,305.6,-58.7,-2.8,,,,
61.732,8,Atta_8,310.2,2370.7,244.7,-38.2,5.5,,,,
61.732,9,Atta_9,1865.7,1874.2,192.6,40.8,7.5,,,,
61.798,1,Atta_1,951.5,2663.7,162.9,-18.8,-1.9,,,,
61.798,2,Atta_2,1160.2,488.3,146.0,96.0,1.3,,,,
61.798,3,Atta_3,996.3,240.3,333.4,-85.7,3.4,,,,
61.798,4,Atta_4,450.4,594.1,169.6,34.2,3.9,,,,
61.798,5,Atta_5,106.8,1343.7,280.8,-59.3,0.6,,,,
61.798,6,Atta_6,1488.7,1494.5,48.6,81.6,-0.7,,,,
61.798,7,Atta_7,187.8,2490.8,304.0,68.5,-1.6,,,,
61.798,8,Atta_8,365.6,2341.8,246.5,62.5,1.8,,,,
61.798,9,Atta_9,1865.2,1884.4,197.5,-10.2,4.9,,,,
61.798,10,Atta_10,443.7,1974.3,36.8,9.6,6.3,,,,
61.87,1,Atta_1,836.2,2629.4,164.6,120.3,1.7,,,,
61.87,2,Atta_2,1166.6,517.8,144.8,30.2,-1.2,,,,
61.87,3,Atta_3,1044.2,163.9,334.0,90.2,0.6,,,,
61.87,4,Atta_4,475.8,615.3,174.4,-33.1,4.8,,,,
61.87,5,Atta_5,108.6,1272.1,285.9,71.6,5.1,,,,
61.87,6,Atta_6,1486.4,1476.9,50.6,-17.7,2.0,,,,
61.87,7,Atta_7,247.3,2509.4,304.1,62.3,0.1,,,,
61.87,8,Atta_8,306.2,2336.4,252.3,59.6,5.8,,,,
61.87,9,Atta_9,1843.5,1859.4,198.9,33.1,1.4,,,,
61.87,10,Atta_10,412.4,1982.9,42.3,-32.5,5.5,,,,
61.994,1,Atta_1,944.0,2643.3,160.2,-108.7,-4.4,,,,
61.994,2,Atta_2,1119.5,486.4,144.8,56.6,0.0,,,,
61.994,3,Atta_3,983.2,151.6,330.6,-62.2,-3.4,,,,
61.994,4,Atta_4,500.1,634.1,174.9,-30.7,0.5,,,,
61.994,5,Atta_5,102.6,1267.2,284.1,7.7,-1.8,,,,
61.994,6,Atta_6,1499.8,1530.2,51.1,55.0,0.5,,,,
61.994,7,Atta_7,219.6,2531.3,310.0,-35.3,5.9,,,,
61.994,8,Atta_8,378.7,2376.2,250.0,-82.7,-2.3,,,,
61.994,9,Atta_9,1829.7,1883.3,202.4,27.6,3.5,,,,
61.994,10,Atta_10,419.8,1947.9,46.4,-35.8,4.1,,,,
62.047,1,Atta_1,861.6,2653.1,164.5,83.0,4.3,,,,
62.047,2,Atta_2,1126.2,492.8,145.5,-9.3,0.7,,,,
62.047,3,Atta_3,1019.1,144.2,331.3,36.7,0.7,,,,
62.047,4,Atta_4,497.4,577.3,183.6,-56.9,8.7,,,,
62.047,5,Atta_5,106.4,1292.9,279.5,-26.0,-4.6,,,,
62.047,6,Atta_6,1524.6,1478.9,47.2,-57.0,-3.9,,,,
62.047,7,Atta_7,215.6,2508.7,312.0,23.0,2.0,,,,
62.047,8,Atta_8,379.2,2358.8,252.4,17.4,2.4,,,,
62.047,9,Atta_9,1861.1,1837.8,207.2,-55.3,4.8,,,,
62.047,10,Atta_10,447.2,1963.9,50.5,31.7,4.1,,,,
62.115,1,Atta_1,860.4,2657.6,170.6,4.7,6.1,,,,
62.115,2,Atta_2,1102.6,497.2,146.4,24.0,0.9,,,,
62.115,3,Atta_3,1062.2,145.3,330.5,43.1,-0.8,,,,
62.115,4,Atta_4,475.8,596.0,185.5,28.6,1.9,,,,
62.115,5,Atta_5,73.1,1255.9,288.2,49.8,8.7,,,,
62.115,6,Atta_6,1520.3,1574.2,49.3,95.4,2.1,,,,
62.115,7,Atta_7,234.9,2555.0,318.5,-50.2,6.5,,,,
62.115,8,Atta_8,308.3,2360.5,252.4,70.9,0.0,,,,
62.115,9,Atta_9,1911.7,1827.6,211.2,-51.6,4.0,,,,
62.115,10,Atta_10,427.2,1972.5,56.9,-21.8,6.4,,,,
62.181,1,Atta_1,888.6,2662.3,170.5,-28.6,-0.1,,,,
62.181,2,Atta_2,1136.0,544.3,145.9,-57.7,-0.5,,,,
62.181,3,Atta_3,1081.0,133.1,333.9,22.4,3.4,,,,
62.181,4,Atta_4,439.7,614.5,185.1,40.6,-0.4,,,,
62.181,5,Atta_5,95.6,1300.3,290.9,-49.8,2.7,,,,
62.181,6,Atta_6,1532.9,1570.5,50.2,13.1,0.9,,,,
62.181,7,Atta_7,191.6,2485.7,324.7,81.7,6.2,,,,
62.181,8,Atta_8,292.1,2346.7,253.5,21.3,1.1,,,,
62.181,9,Atta_9,1830.7,1863.0,220.3,88.4,9.1,,,,
62.181,10,Atta_10,398.9,1962.3,60.7,-30.1,3.8,,,,
62.25,1,Atta_1,833.6,2632.7,174.8,62.5,4.3,,,,
62.25,2,Atta_2,1064.8,565.1,144.1,74.2,-1.8,,,,
62.25,3,Atta_3,1051.6,181.7,332.4,-56.8,-1.5,,,,
62.25,4,Atta_4,482.7,583.1,184.4,-53.2,-0.7,,,,
62.25,5,Atta_5,78.5,1250.6,295.4,52.6,4.5,,,,
62.25,6,Atta_6,1524.6,1598.2,47.5,28.9,-2.7,,,,
62.25,7,Atta_7,249.6,2537.5,327.7,77.8,3.0,,,,
62.25,8,Atta_8,301.3,2350.8,252.1,-10.1,-1.4,,,,
62.25,9,Atta_9,1861.5,1858.0,221.7,-31.2,1.4,,,,
62.25,10,Atta_10,423.1,2016.3,65.2,59.2,4.5,,,,
62.306,1,Atta_1,854.4,2662.8,179.8,-36.6,5.0,,,,
62.306,2,Atta_2,1091.3,564.8,146.8,-26.5,2.7,,,,
62.306,3,Atta_3,1016.0,166.8,333.7,-38.6,1.3,,,,
62.306,4,Atta_4,477.0,627.6,183.8,44.9,-0.6,,,,
62.306,5,Atta_5,98.5,1255.5,297.7,20.6,2.3,,,,
62.306,6,Atta_6,1576.9,1525.6,48.7,-89.5,1.2,,,,
62.306,7,Atta_7,232.8,2522.4,332.7,-22.6,5.0,,,,
62.306,8,Atta_8,347.1,2316.1,250.6,57.5,-1.5,,,,
62.306,9,Atta_9,1771.6,1832.2,227.0,93.5,5.3,,,,
62.306,10,Atta_10,425.0,2038.8,69.6,22.6,4.4,,,,
62.375,1,Atta_1,933.1,2680.3,184.4,-80.6,4.6,,,,
62.375,2,Atta_2,1122.4,552.0,146.7,-33.6,-0.1,,,,
62.375,3,Atta_3,1101.5,126.1,330.6,94.7,-3.1,,,,
62.375,4,Atta_4,431.6,601.5,187.0,52.4,3.2,,,,
62.375,5,Atta_5,136.9,1333.1,306.5,-86.6,8.8,,,,
62.375,6,Atta_6,1544.9,1578.3,51.8,61.7,3.1,,,,
62.375,7,Atta_7,237.3,2503.5,335.2,19.4,2.5,,,,
62.375,8,Atta_8,277.5,2333.6,249.2,71.8,-1.4,,,,
62.375,9,Atta_9,1861.5,1906.1,229.8,-116.4,2.8,,,,
62.375,10,Atta_10,422.3,1954.5,70.3,-84.3,0.7,,,,
62.444,1,Atta_1,893.9,2688.7,193.3,40.1,8.9,,,,
62.444,2,Atta_2,1028.5,520.5,146.3,99.0,-0.4,,,,
62.444,3,Atta_3,1035.0,197.0,330.1,-97.2,-0.5,,,,
62.444,4,Atta_4,466.8,597.0,186.4,-35.5,-0.6,,,,
62.444,5,Atta_5,114.2,1242.2,311.9,93.7,5.4,,,,
62.444,6,Atta_6,1626.2,1588.5,54.3,81.9,2.5,,,,
62.444,7,Atta_7,206.0,2551.2,342.2,-57.1,7.0,,,,
62.444,8,Atta_8,337.5,2365.0,252.5,-67.7,3.3,,,,
62.444,9,Atta_9,1884.8,1852.4,233.6,58.5,3.8,,,,
62.444,10,Atta_10,413.0,1995.5,81.9,42.0,11.6,,,,
62.515,1,Atta_1,891.2,2630.0,197.2,58.8,3.9,,,,
62.515,2,Atta_2,1042.8,530.0,143.0,-17.2,-3.3,,,,
62.515,3,Atta_3,1044.9,109.1,323.9,88.5,-6.2,,,,
62.515,4,Atta_4,440.6,597.2,183.7,26.2,-2.7,,,,
62.515,5,Atta_5,106.6,1302.6,313.0,-60.9,1.1,,,,
62.515,6,Atta_6,1533.0,1592.3,49.0,-93.3,-5.3,,,,
62.515,7,Atta_7,190.9,2485.2,349.5,67.7,7.3,,,,
62.515,8,Atta_8,286.8,2309.1,256.0,75.5,3.5,,,,
62.515,9,Atta_9,1847.1,1866.8,234.2,40.4,0.6,,,,
62.515,10,Atta_10,420.6,1978.8,83.4,-18.3,1.5,,,,
62.581,1,Atta_1,965.3,2649.0,200.5,-76.5,3.3,,,,
62.581,2,Atta_2,1061.9,608.2,145.0,80.5,2.0,,,,
62.581,3,Atta_3,1082.3,141.5,330.6,49.5,6.7,,,,
62.581,4,Atta_4,370.0,565.9,184.6,77.2,0.9,,,,
62.581,5,Atta_5,112.2,1226.1,316.9,76.7,3.9,,,,
62.581,6,Atta_6,1587.1,1600.4,48.3,54.7,-0.7,,,,
62.581,7,Atta_7,211.4,2521.2,349.8,41.4,0.3,,,,
62.581,8,Atta_8,265.0,2290.7,251.4,28.5,-4.6,,,,
62.581,9,Atta_9,1923.0,1848.8,229.9,-78.0,-4.3,,,,
62.581,10,Atta_10,459.5,1975.1,87.2,39.1,3.8,,,,
62.648,1,Atta_1,869.1,2685.7,205.9,103.0,5.4,,,,
62.648,2,Atta_2,1037.7,575.7,140.8,40.5,-4.2,,,,
62.648,3,Atta_3,980.8,168.0,329.2,-104.9,-1.4,,,,
62.648,4,Atta_4,479.6,585.7,182.1,-111.4,-2.5,,,,
62.648,5,Atta_5,69.7,1294.6,321.1,-80.6,4.2,,,,
62.648,6,Atta_6,1633.9,1623.6,53.8,52.2,5.5,,,,
62.648,7,Atta_7,263.0,2579.9,352.9,78.2,3.1,,,,
62.648,8,Atta_8,313.8,2260.5,251.4,57.4,0.0,,,,
62.648,9,Atta_9,1855.2,1856.3,232.4,68.2,2.5,,,,
62.648,10,Atta_10,432.3,1978.2,94.6,27.4,7.4,,,,
62.7,1,Atta_1,930.7,2639.1,207.9,-77.2,2.0,,,,
62.7,2,Atta_2,1108.4,610.9,148.6,-79.0,7.8,,,,
62.7,3,Atta_3,974.0,134.1,329.5,34.6,0.3,,,,
62.7,4,Atta_4,413.4,616.6,182.6,73.1,0.5,,,,
62.7,5,Atta_5,108.6,1218.3,324.5,85.6,3.4,,,,
62.7,6,Atta_6,1629.5,1613.7,50.4,-10.8,-3.4,,,,
62.7,7,Atta_7,235.1,2583.7,357.9,-28.2,5.0,,,,
62.7,8,Atta_8,319.2,2281.7,254.0,-21.9,2.6,,,,
62.7,9,Atta_9,1877.2,1856.8,231.5,-22.0,-0.9,,,,
62.7,10,Atta_10,405.6,2005.5,94.0,38.2,-0.6,,,,
62.766,1,Atta_1,899.7,2629.9,210.4,32.3,2.5,,,,
62.766,2,Atta_2,1055.9,556.5,153.1,75.6,4.5,,,,
62.766,3,Atta_3,996.3,191.0,328.5,-61.1,-1.0,,,,
62.766,4,Atta_4,400.3,584.2,189.7,34.9,7.1,,,,
62.766,5,Atta_5,90.7,1292.9,325.4,-76.7,0.9,,,,
62.766,6,Atta_6,1603.8,1603.6,50.7,-27.6,0.3,,,,
62.766,7,Atta_7,223.5,2543.7,1.0,-41.6,3.1,,,,
62.766,8,Atta_8,254.5,2180.5,254.4,120.1,0.4,,,,
62.766,9,Atta_9,1844.1,1832.0,228.5,41.4,-3.0,,,,
62.766,10,Atta_10,401.1,1967.6,100.5,-38.2,6.5,,,,
62.888,1,Atta_1,921.4,2626.1,218.3,-22.0,7.9,,,,
62.888,2,Atta_2,1002.7,564.2,164.7,53.8,11.6,,,,
62.888,3,Atta_3,990.8,170.8,332.5,20.9,4.0,,,,
62.888,4,Atta_4,386.8,563.6,182.9,24.6,-6.8,,,,
62.888,5,Atta_5,128.6,1310.9,324.0,42.0,-1.4,,,,
62.888,6,Atta_6,1635.1,1673.2,51.2,76.3,0.5,,,,
62.888,7,Atta_7,179.5,2576.4,2.2,-54.8,1.2,,,,
62.888,8,Atta_8,381.2,2229.7,252.2,-135.9,-2.2,,,,
62.888,9,Atta_9,1840.8,1868.2,231.0,-36.4,2.5,,,,
62.888,10,Atta_10,390.3,1990.8,104.9,25.6,4.4,,,,
62.957,1,Atta_1,880.4,2632.1,229.2,41.4,10.9,,,,
62.957,2,Atta_2,1041.1,559.7,171.4,-38.7,6.7,,,,
62.957,4,Atta_4,328.4,563.4,183.5,58.4,0.6,,,,
62.957,5,Atta_5,80.6,1311.9,324.2,-48.0,0.2,,,,
62.957,6,Atta_6,1631.5,1716.5,50.5,43.4,-0.7,,,,
62.957,7,Atta_7,276.1,2592.4,4.3,97.9,2.1,,,,
62.957,8,Atta_8,245.0,2209.6,254.3,137.7,2.1,,,,
62.957,9,Atta_9,1853.4,1830.8,229.8,39.5,-1.2,,,,
62.957,10,Atta_10,391.6,1982.9,113.4,-8.0,8.5,,,,
63.025,1,Atta_1,887.7,2680.0,232.8,-48.5,3.6,,,,
63.025,2,Atta_2,1095.0,513.2,168.8,-71.2,-2.6,,,,
63.025,3,Atta_3,945.4,162.2,329.7,-46.2,-2.8,,,,
63.025,4,Atta_4,356.8,574.2,187.0,-30.4,3.5,,,,
63.025,5,Atta_5,90.0,1269.7,326.1,43.2,1.9,,,,
63.025,6,Atta_6,1635.1,1603.0,53.2,-113.6,2.7,,,,
63.025,7,Atta_7,215.1,2509.4,1.1,-103.0,-3.2,,,,
63.025,8,Atta_8,266.1,2201.4,252.0,22.6,-2.3,,,,
63.025,9,Atta_9,1805.2,1772.9,233.6,75.3,3.8,,,,
63.025,10,Atta_10,373.6,1937.2,121.3,-49.1,7.9,,,,
63.153,1,Atta_1,874.5,2730.5,235.0,-52.2,2.2,,,,
63.153,2,Atta_2,1103.2,624.9,178.6,112.0,9.8,,,,
63.153,3,Atta_3,933.6,169.0,329.3,-13.6,-0.4,,,,
63.153,4,Atta_4,339.1,619.5,183.5,48.6,-3.5,,,,
63.153,5,Atta_5,116.9,1293.7,318.8,36.1,-7.3,,,,
63.153,6,Atta_6,1659.4,1665.8,51.4,67.3,-1.8,,,,
63.153,7,Atta_7,237.5,2511.0,359.5,22.5,-1.6,,,,
63.153,8,Atta_8,233.4,2192.3,253.7,33.9,1.7,,,,
63.153,9,Atta_9,1763.9,1808.2,228.3,-54.3,-5.3,,,,
63.153,10,Atta_10,389.5,1998.8,122.9,63.6,1.6,,,,
63.225,1,Atta_1,893.8,2640.4,244.3,92.1,9.3,,,,
63.225,2,Atta_2,1060.3,515.1,183.8,117.9,5.2,,,,
63.225,3,Atta_3,895.9,163.8,326.0,-38.1,-3.3,,,,
63.225,4,Atta_4,347.2,554.1,184.8,-65.9,1.3,,,,
63.225,5,Atta_5,157.7,1284.3,312.0,41.9,-6.8,,,,
63.225,6,Atta_6,1634.8,1732.7,54.6,71.3,3.2,,,,
63.225,7,Atta_7,261.9,2518.5,2.4,25.5,2.9,,,,
63.225,8,Atta_8,246.2,2206.7,248.0,-19.3,-5.7,,,,
63.225,9,Atta_9,1790.3,1758.5,232.3,56.3,4.0,,,,
63.225,10,Atta_10,445.0,1898.1,130.0,-115.0,7.1,,,,
63.345,1,Atta_1,835.3,2647.3,247.4,58.9,3.1,,,,
63.345,2,Atta_2,1051.8,546.7,187.0,32.7,3.2,,,,
63.345,3,Atta_3,976.1,193.9,323.6,85.7,-2.4,,,,
63.345,4,Atta_4,277.7,630.9,187.4,103.6,2.6,,,,
63.345,5,Atta_5,89.9,1304.5,309.2,-70.7,-2.8,,,,
63.345,6,Atta_6,1668.9,1686.2,50.4,-57.7,-4.2,,,,
63.345,7,Atta_7,301.5,2575.9,2.1,69.7,-0.3,,,,
63.345,8,Atta_8,264.3,2211.2,250.2,-18.7,2.2,,,,
63.345,9,Atta_9,1798.4,1718.7,229.2,40.6,-3.1,,,,
63.345,10,Atta_10,452.0,2019.8,135.3,121.9,5.3,,,,
63.396,1,Atta_1,917.9,2655.7,254.2,-83.0,6.8,,,,
63.396,2,Atta_2,1045.5,607.9,188.3,-61.5,1.3,,,,
63.396,3,Atta_3,978.0,240.7,315.8,-46.8,-7.8,,,,
63.396,4,Atta_4,297.8,593.2,184.4,-42.7,-3.0,,,,
63.396,5,Atta_5,59.1,1241.9,302.5,69.8,-6.7,,,,
63.396,7,Atta_7,271.1,2516.0,1.4,-67.2,-0.7,,,,
63.396,8,Atta_8,222.5,2127.4,251.9,93.6,1.7,,,,
63.396,9,Atta_9,1838.6,1744.4,227.3,-47.7,-1.9,,,,
63.396,10,Atta_10,376.7,1968.1,137.6,91.3,2.3,,,,
63.465,1,Atta_1,916.8,2679.2,257.8,-23.5,3.6,,,,
63.465,2,Atta_2,1058.0,585.6,189.0,-25.6,0.7,,,,
63.465,3,Atta_3,929.3,263.3,310.3,-53.7,-5.5,,,,
63.465,4,Atta_4,304.8,626.3,185.2,-33.8,0.8,,,,
63.465,5,Atta_5,141.5,1261.2,295.6,84.6,-6.9,,,,
63.465,6,Atta_6,1678.0,1671.8,48.8,-17.0,-1.6,,,,
63.465,7,Atta_7,249.3,2517.9,2.4,-21.9,1.0,,,,
63.465,8,Atta_8,232.1,2178.5,252.7,-52.0,0.8,,,,
63.465,9,Atta_9,1837.2,1818.9,228.5,-74.5,1.2,,,,
63.465,10,Atta_10,428.8,1931.7,144.8,-63.6,7.2,,,,
63.533,1,Atta_1,924.1,2699.2,262.8,-21.3,5.0,,,,
63.533,2,Atta_2,1016.2,620.4,189.1,54.4,0.1,,,,
63.533,3,Atta_3,916.0,196.1,309.8,68.5,-0.5,,,,
63.533,4,Atta_4,232.6,549.0,186.5,105.8,1.3,,,,
63.533,5,Atta_5,83.8,1314.8,297.6,-78.8,2.0,,,,
63.533,6,Atta_6,1600.1,1685.9,49.9,-79.2,1.1,,,,
63.533,7,Atta_7,282.1,2592.9,2.2,81.9,-0.2,,,,
63.533,8,Atta_8,245.1,2129.4,253.2,50.8,0.5,,,,
63.533,9,Atta_9,1816.9,1803.3,226.2,25.6,-2.3,,,,
63.533,10,Atta_10,417.6,1964.1,143.4,34.3,-1.4,,,,
63.602,1,Atta_1,881.5,2663.5,270.4,55.6,7.6,,,,
63.602,2,Atta_2,1061.0,530.2,188.3,-100.7,-0.8,,,,
63.602,3,Atta_3,924.3,208.9,304.3,-15.3,-5.5,,,,
63.602,4,Atta_4,277.6,625.4,185.0,-88.7,-1.5,,,,
63.602,5,Atta_5,115.1,1256.9,300.8,65.8,3.2,,,,
63.602,6,Atta_6,1642.6,1677.3,46.1,43.4,-3.8,,,,
63.602,7,Atta_7,282.5,2514.9,2.7,-78.0,0.5,,,,
63.602,8,Atta_8,278.9,2060.4,251.5,76.8,-1.7,,,,
63.602,9,Atta_9,1837.5,1856.1,226.2,-56.7,0.0,,,,
63.602,10,Atta_10,463.6,1973.7,139.8,-47.0,-3.6,,,,
63.672,1,Atta_1,862.8,2675.0,270.7,-22.0,0.3,,,,
63.672,2,Atta_2,1064.1,596.2,184.3,-66.1,-4.0,,,,
63.672,3,Atta_3,935.5,190.9,296.9,21.2,-7.4,,,,
63.672,4,Atta_4,303.0,583.2,183.7,-49.3,-1.3,,,,
63.672,5,Atta_5,62.6,1284.5,296.3,-59.3,-4.5,,,,
63.672,6,Atta_6,1656.1,1689.9,49.7,18.5,3.6,,,,
63.672,7,Atta_7,317.8,2524.3,2.6,36.5,-0.1,,,,
63.672,8,Atta_8,206.1,2114.5,248.2,-90.7,-3.3,,,,
63.672,9,Atta_9,1791.0,1783.5,225.8,86.2,-0.4,,,,
63.672,10,Atta_10,402.9,2004.5,145.7,68.1,5.9,,,,
63.741,1,Atta_1,862.0,2653.4,274.1,21.6,3.4,,,,
63.741,2,Atta_2,1044.0,499.1,188.4,99.2,4.1,,,,
63.741,3,Atta_3,931.8,269.6,291.6,-78.8,-5.3,,,,
63.741,4,Atta_4,208.5,559.2,187.1,97.5,3.4,,,,
63.741,5,Atta_5,140.0,1274.2,296.3,78.1,0.0,,,,
63.741,6,Atta_6,1573.6,1702.6,43.1,-83.5,-6.6,,,,
63.741,7,Atta_7,384.6,2530.4,1.4,67.1,-1.2,,,,
63.741,8,Atta_8,276.2,2065.9,252.1,85.3,3.9,,,,
63.741,9,Atta_9,1813.8,1881.7,228.3,-100.8,2.5,,,,
63.741,10,Atta_10,447.6,1983.0,142.5,-49.6,-3.2,,,,
63.8,1,Atta_1,906.5,2637.3,279.6,47.3,5.5,,,,
63.8,2,Atta_2,1082.0,564.8,186.5,-75.9,-1.9,,,,
63.8,3,Atta_3,942.5,227.1,286.2,43.8,-5.4,,,,
63.8,4,Atta_4,223.9,542.5,186.1,-22.7,-1.0,,,,
63.8,5,Atta_5,109.0,1282.1,298.7,-32.0,2.4,,,,
63.8,6,Atta_6,1686.4,1622.9,47.7,138.1,4.6,,,,
63.8,7,Atta_7,354.3,2527.1,359.9,-30.5,-1.5,,,,
63.8,8,Atta_8,252.3,2095.2,252.2,-37.8,0.1,,,,
63.8,9,Atta_9,1882.6,1781.6,224.9,121.5,-3.4,,,,
63.8,10,Atta_10,326.9,1966.9,144.4,121.8,1.9,,,,
63.871,1,Atta_1,959.7,2655.4,285.8,-56.2,6.2,,,,
63.871,2,Atta_2,1055.0,562.2,186.9,27.1,0.4,,,,
63.871,3,Atta_3,976.0,240.9,283.6,-36.2,-2.6,,,,
63.871,4,Atta_4,233.4,570.9,185.0,-29.9,-1.1,,,,
63.871,5,Atta_5,145.3,1329.7,302.1,-59.9,3.4,,,,
63.871,6,Atta_6,1625.7,1685.0,49.9,86.8,2.2,,,,
63.871,7,Atta_7,338.9,2540.8,3.5,-20.6,3.6,,,,
63.871,8,Atta_8,170.4,2094.5,254.3,81.9,2.1,,,,
63.871,9,Atta_9,1843.4,1759.3,229.8,45.1,4.9,,,,
63.871,10,Atta_10,432.6,2070.8,139.6,-148.2,-4.8,,,,
63.941,1,Atta_1,913.6,2687.0,290.7,-55.9,4.9,,,,
63.941,2,Atta_2,969.1,509.3,187.2,100.9,0.3,,,,
63.941,3,Atta_3,984.3,237.4,276.9,9.0,-6.7,,,,
63.941,4,Atta_4,181.2,561.3,189.4,53.1,4.4,,,,
63.941,5,Atta_5,83.8,1296.9,308.8,-69.7,6.7,,,,
63.941,6,Atta_6,1626.2,1581.5,55.9,-103.5,6.0,,,,
63.941,7,Atta_7,415.9,2524.8,11.3,78.6,7.8,,,,
63.941,8,Atta_8,272.1,2073.8,251.3,-103.8,-3.0,,,,
63.941,9,Atta_9,1842.7,1808.6,236.8,-49.3,7.0,,,,
63.941,10,Atta_10,392.8,1964.5,142.3,-113.5,2.7,,,,
63.996,1,Atta_1,873.1,2654.7,292.0,51.8,1.3,,,,
63.996,2,Atta_2,917.7,582.0,189.5,89.0,2.3,,,,
63.996,3,Atta_3,923.4,206.2,278.3,68.4,1.4,,,,
63.996,4,Atta_4,157.4,520.9,184.4,46.9,-5.0,,,,
63.996,5,Atta_5,129.5,1314.1,312.6,48.8,3.8,,,,
63.996,6,Atta_6,1621.7,1630.1,61.4,48.8,5.5,,,,
63.996,7,Atta_7,345.6,2566.5,14.1,-81.7,2.8,,,,
63.996,8,Atta_8,226.9,2103.4,251.8,-54.0,0.5,,,,
63.996,9,Atta_9,1837.5,1816.6,239.9,-9.5,3.1,,,,
63.996,10,Atta_10,351.4,1984.3,140.8,45.9,-1.5,,,,
64.068,1,Atta_1,909.7,2664.2,295.6,37.8,3.6,,,,
64.068,2,Atta_2,1024.1,566.4,186.7,-107.5,-2.8,,,,
64.068,3,Atta_3,942.6,253.3,272.1,-50.9,-6.2,,,,
64.068,4,Atta_4,228.8,587.8,185.0,-97.8,0.6,,,,
64.068,5,Atta_5,141.1,1371.2,319.6,-58.3,7.0,,,,
64.068,6,Atta_6,1630.2,1667.9,63.0,38.7,1.6,,,,
64.068,7,Atta_7,324.6,2512.6,21.1,-57.8,7.0,,,,
64.068,8,Atta_8,242.6,2090.1,250.9,20.6,-0.9,,,,
64.068,9,Atta_9,1819.5,1810.2,244.8,19.1,4.9,,,,
64.068,10,Atta_10,396.3,2034.9,139.9,-67.6,-0.9,,,,
64.12,1,Atta_1,879.8,2637.9,297.3,39.8,1.7,,,,
64.12,2,Atta_2,921.3,562.2,183.5,102.9,-3.2,,,,
64.12,3,Atta_3,914.1,205.5,266.9,55.7,-5.2,,,,
64.12,4,Atta_4,184.8,503.6,182.8,95.0,-2.2,,,,
64.12,5,Atta_5,125.3,1294.6,320.8,78.2,1.2,,,,
64.12,6,Atta_6,1589.5,1619.9,71.1,-62.9,8.1,,,,
64.12,7,Atta_7,341.4,2573.8,23.9,63.5,2.8,,,,
64.12,8,Atta_8,253.9,2052.6,250.6,39.2,-0.3,,,,
64.12,9,Atta_9,1850.0,1848.6,252.8,-49.0,8.0,,,,
64.12,10,Atta_10,364.1,1959.2,141.7,-82.3,1.8,,,,
64.261,1,Atta_1,912.4,2634.1,296.4,32.8,-0.9,,,,
64.261,2,Atta_2,966.9,575.3,181.9,-47.4,-1.6,,,,
64.261,3,Atta_3,920.2,177.7,258.1,28.5,-8.8,,,,
64.261,4,Atta_4,156.0,580.0,184.3,81.6,1.5,,,,
64.261,5,Atta_5,72.2,1321.8,328.3,-59.7,7.5,,,,
64.261,6,Atta_6,1564.1,1658.4,78.6,46.1,7.5,,,,
64.261,7,Atta_7,351.8,2549.2,36.1,-26.7,12.2,,,,
64.261,8,Atta_8,198.7,2009.2,254.6,70.2,4.0,,,,
64.261,9,Atta_9,1822.2,1783.2,260.5,71.1,7.7,,,,
64.261,10,Atta_10,328.8,2009.7,137.2,61.6,-4.5,,,,
64.33,1,Atta_1,925.2,2666.6,299.8,-34.9,3.4,,,,
64.33,2,Atta_2,941.5,560.2,189.7,29.5,7.8,,,,
64.33,3,Atta_3,964.7,236.7,255.1,-73.9,-3.0,,,,
64.33,4,Atta_4,105.2,475.7,182.2,116.0,-2.1,,,,
64.33,5,Atta_5,150.1,1244.6,336.5,109.7,8.2,,,,
64.33,6,Atta_6,1583.4,1632.5,82.1,-32.3,3.5,,,,
64.33,7,Atta_7,345.0,2560.4,34.4,13.1,-1.7,,,,
64.33,8,Atta_8,219.2,2045.9,252.2,-42.0,-2.4,,,,
64.33,9,Atta_9,1827.4,1808.5,262.5,-25.8,2.0,,,,
64.33,10,Atta_10,430.7,2009.4,139.0,-101.9,1.8,,,,
64.398,1,Atta_1,891.2,2594.3,297.2,79.9,-2.6,,,,
64.398,2,Atta_2,944.6,520.6,187.1,39.7,-2.6,,,,
64.398,3,Atta_3,968.7,159.4,246.8,77.4,-8.3,,,,
64.398,4,Atta_4,130.9,525.0,184.3,-55.6,2.1,,,,
64.398,5,Atta_5,96.5,1298.4,337.6,-75.9,1.1,,,,
64.398,6,Atta_6,1649.3,1612.7,86.8,-68.8,4.7,,,,
64.398,7,Atta_7,325.7,2565.0,36.0,-19.8,1.6,,,,
64.398,8,Atta_8,213.6,1979.2,250.6,66.9,-1.6,,,,
64.398,9,Atta_9,1874.9,1819.2,266.0,-48.7,3.5,,,,
64.398,10,Atta_10,362.2,2043.7,138.9,76.6,-0.1,,,,
64.532,1,Atta_1,872.4,2665.8,305.6,-73.9,8.4,,,,
64.532,2,Atta_2,932.0,543.6,187.0,26.2,-0.1,,,,
64.532,3,Atta_3,887.6,201.9,246.6,-91.6,-0.2,,,,
64.532,4,Atta_4,117.2,524.6,185.0,13.7,0.7,,,,
64.532,5,Atta_5,117.0,1268.4,345.9,36.3,8.3,,,,
64.532,6,Atta_6,1614.0,1668.5,90.9,66.0,4.1,,,,
64.532,7,Atta_7,387.8,2531.8,43.4,70.4,7.4,,,,
64.532,8,Atta_8,226.4,1961.1,249.3,22.2,-1.3,,,,
64.532,9,Atta_9,1854.4,1862.1,270.9,-47.5,4.9,,,,
64.532,10,Atta_10,408.7,1935.3,139.2,-118.0,0.3,,,,
64.601,1,Atta_1,904.4,2696.6,310.7,-44.4,5.1,,,,
64.601,2,Atta_2,897.2,535.9,183.8,35.6,-3.2,,,,
64.601,3,Atta_3,916.6,266.4,235.5,-70.7,-11.1,,,,
64.601,4,Atta_4,126.1,527.7,175.2,-9.4,-9.8,,,,
64.601,5,Atta_5,159.8,1348.7,355.4,91.0,9.5,,,,
64.601,6,Atta_6,1630.5,1668.1,100.6,-16.5,9.7,,,,
64.601,7,Atta_7,357.4,2556.3,43.3,-39.0,-0.1,,,,
64.601,8,Atta_8,128.5,2043.6,251.5,-128.0,2.2,,,,
64.601,9,Atta_9,1848.9,1819.4,278.9,43.1,8.0,,,,
64.601,10,Atta_10,432.9,1984.6,137.1,54.9,-2.1,,,,
64.669,1,Atta_1,882.4,2621.7,319.6,78.1,8.9,,,,
64.669,2,Atta_2,863.4,548.8,188.1,36.2,4.3,,,,
64.669,3,Atta_3,983.4,268.8,239.5,-66.8,4.0,,,,
64.669,4,Atta_4,77.8,561.0,174.0,58.7,-1.2,,,,
64.669,5,Atta_5,167.2,1298.1,356.9,51.1,1.5,,,,
64.669,6,Atta_6,1600.2,1677.3,100.3,31.7,-0.3,,,,
64.669,7,Atta_7,323.6,2532.6,42.8,-41.3,-0.5,,,,
64.669,8,Atta_8,178.9,1988.4,252.5,74.7,1.0,,,,
64.669,9,Atta_9,1811.2,1890.1,281.9,-80.1,3.0,,,,
64.669,10,Atta_10,425.8,1963.0,131.8,-22.7,-5.3,,,,
64.805,1,Atta_1,815.4,2629.8,324.3,-67.5,4.7,,,,
64.805,2,Atta_2,872.1,548.0,186.4,-8.7,-1.7,,,,
64.805,3,Atta_3,946.6,221.0,233.5,60.3,-6.0,,,,
64.805,4,Atta_4,145.3,557.5,168.5,-67.6,-5.5,,,,
64.805,5,Atta_5,168.8,1275.4,1.8,22.8,4.9,,,,
64.805,6,Atta_6,1621.8,1627.3,102.6,-54.5,2.3,,,,
64.805,7,Atta_7,303.9,2578.1,39.4,49.6,-3.4,,,,
64.805,8,Atta_8,193.0,1924.3,250.6,65.6,-1.9,,,,
64.805,9,Atta_9,1831.5,1828.2,286.1,65.1,4.2,,,,
64.805,10,Atta_10,356.5,1962.2,124.8,69.3,-7.0,,,,
64.869,1,Atta_1,856.4,2634.8,326.8,41.3,2.5,,,,
64.869,2,Atta_2,879.6,562.6,186.1,-16.4,-0.3,,,,
64.869,3,Atta_3,927.8,225.1,235.0,19.2,1.5,,,,
64.869,4,Atta_4,161.6,637.9,164.5,82.0,-4.0,,,,
64.869,5,Atta_5,107.2,1250.2,8.6,-66.6,6.8,,,,
64.869,6,Atta_6,1642.6,1609.9,104.0,-27.1,1.4,,,,
64.869,7,Atta_7,372.1,2543.4,42.2,76.5,2.8,,,,
64.869,8,Atta_8,233.5,1945.3,252.5,-45.6,1.9,,,,
64.869,9,Atta_9,1844.3,1822.4,281.5,14.1,-4.6,,,,
64.869,10,Atta_10,405.6,1995.7,127.1,-59.4,2.3,,,,
64.919,1,Atta_1,891.5,2665.8,330.9,46.8,4.1,,,,
64.919,2,Atta_2,884.9,571.6,185.6,-10.4,-0.5,,,,
64.919,3,Atta_3,947.2,182.8,233.9,46.5,-1.1,,,,
64.919,4,Atta_4,159.2,533.0,156.8,-104.9,-7.7,,,,
64.919,5,Atta_5,119.4,1241.7,9.8,14.9,1.2,,,,
64.919,6,Atta_6,1642.3,1684.7,105.4,74.8,1.4,,,,
64.919,7,Atta_7,308.1,2535.1,43.3,-64.5,1.1,,,,
64.919,8,Atta_8,190.8,1849.5,249.8,104.9,-2.7,,,,
64.919,9,Atta_9,1869.0,1756.8,286.5,70.1,5.0,,,,
64.919,10,Atta_10,472.1,1973.8,120.5,-70.0,-6.6,,,,
64.97,1,Atta_1,852.5,2660.7,341.0,-39.3,10.1,,,,
64.97,2,Atta_2,864.8,570.8,184.6,20.1,-1.0,,,,
64.97,3,Atta_3,943.3,222.0,235.0,-39.4,1.1,,,,
64.97,4,Atta_4,139.8,527.3,151.8,20.2,-5.0,,,,
64.97,5,Atta_5,56.5,1240.7,14.5,-62.9,4.7,,,,
64.97,6,Atta_6,1619.8,1664.9,99.7,-30.0,-5.7,,,,
64.97,7,Atta_7,410.9,2538.9,45.6,102.9,2.3,,,,
64.97,8,Atta_8,125.0,1929.0,252.0,-103.2,2.2,,,,
64.97,9,Atta_9,1864.8,1824.0,284.2,-67.3,-2.3,,,,
64.97,10,Atta_10,435.0,1959.3,114.7,39.8,-5.8,,,,
65.037,1,Atta_1,876.7,2715.1,339.3,59.5,-1.7,,,,
65.037,2,Atta_2,909.3,540.7,185.6,-53.7,1.0,,,,
65.037,3,Atta_3,941.9,174.1,235.0,47.9,0.0,,,,
65.037,4,Atta_4,116.1,542.6,150.9,28.2,-0.9,,,,
65.037,5,Atta_5,118.3,1242.8,22.3,61.8,7.8,,,,
65.037,6,Atta_6,1575.8,1672.0,107.1,44.6,7.4,,,,
65.037,7,Atta_7,384.8,2516.5,40.9,-34.4,-4.7,,,,
65.037,8,Atta_8,134.7,1930.5,250.0,-9.8,-2.0,,,,
65.037,9,Atta_9,1862.0,1834.3,287.2,-10.7,3.0,,,,
65.037,10,Atta_10,399.5,1964.4,110.1,35.9,-4.6,,,,
65.087,1,Atta_1,878.7,2695.5,342.6,19.7,3.3,,,,
65.087,2,Atta_2,836.7,609.0,189.9,99.7,4.3,,,,
65.087,3,Atta_3,881.1,179.3,235.1,61.0,0.1,,,,
65.087,4,Atta_4,127.5,557.3,146.9,-18.6,-4.0,,,,
65.087,5,Atta_5,108.8,1266.7,25.9,25.7,3.6,,,,
65.087,6,Atta_6,1599.8,1634.7,101.2,-44.4,-5.9,,,,
65.087,7,Atta_7,429.1,2606.6,43.0,100.4,2.1,,,,
65.087,8,Atta_8,184.9,1906.2,251.4,55.8,1.4,,,,
65.087,9,Atta_9,1817.7,1799.2,282.6,56.5,-4.6,,,,
65.087,10,Atta_10,412.4,1907.7,109.4,-58.1,-0.7,,,,
65.157,1,Atta_1,880.1,2641.4,342.7,54.1,0.1,,,,
65.157,2,Atta_2,813.7,539.4,183.7,73.3,-6.2,,,,
65.157,3,Atta_3,880.8,211.1,233.8,-31.8,-1.3,,,,
65.157,4,Atta_4,213.4,505.2,140.3,-100.5,-6.6,,,,
65.157,5,Atta_5,141.9,1289.4,29.9,40.1,4.0,,,,
65.157,6,Atta_6,1585.9,1678.3,101.5,45.8,0.3,,,,
65.157,7,Atta_7,378.8,2635.7,43.9,-58.1,0.9,,,,
65.157,8,Atta_8,197.2,1921.5,248.0,-19.6,-3.4,,,,
65.157,9,Atta_9,1880.4,1789.3,284.3,63.5,1.7,,,,
65.157,10,Atta_10,447.9,1921.2,103.6,38.0,-5.8,,,,
65.227,1,Atta_1,899.7,2639.1,340.4,19.7,-2.3,,,,
65.227,2,Atta_2,836.4,567.6,185.2,-36.2,1.5,,,,
65.227,3,Atta_3,886.6,225.0,233.8,-15.1,0.0,,,,
65.227,4,Atta_4,140.2,567.4,134.8,96.1,-5.5,,,,
65.227,5,Atta_5,62.5,1319.7,32.4,-85.0,2.5,,,,
65.227,6,Atta_6,1583.9,1660.9,104.3,-17.5,2.8,,,,
65.227,7,Atta_7,377.3,2572.4,43.2,-63.3,-0.7,,,,
65.227,8,Atta_8,106.2,1822.3,249.1,134.6,1.1,,,,
65.227,9,Atta_9,1844.5,1780.0,281.0,37.1,-3.3,,,,
65.227,10,Atta_10,372.5,1993.3,97.7,104.3,-5.9,,,,
65.292,1,Atta_1,946.1,2648.2,340.1,47.3,-0.3,,,,
65.292,2,Atta_2,763.9,568.2,190.1,72.5,4.9,,,,
65.292,3,Atta_3,914.5,169.3,237.4,62.3,3.6,,,,
65.292,4,Atta_4,129.4,557.7,132.5,14.5,-2.3,,,,
65.292,5,Atta_5,105.8,1329.8,36.3,44.5,3.9,,,,
65.292,6,Atta_6,1615.5,1654.3,104.1,-32.3,-0.2,,,,
65.292,7,Atta_7,423.3,2563.3,45.1,46.9,1.9,,,,
65.292,8,Atta_8,146.4,1858.6,253.1,-54.2,4.0,,,,
65.292,9,Atta_9,1826.4,1758.0,287.3,28.5,6.3,,,,
65.292,10,Atta_10,375.8,1961.8,94.4,-31.7,-3.3,,,,
65.36,1,Atta_1,921.7,2721.7,340.3,-77.4,0.2,,,,
65.36,2,Atta_2,824.2,505.9,183.6,-86.7,-6.5,,,,
65.36,3,Atta_3,893.8,134.1,239.3,40.8,1.9,,,,
65.36,4,Atta_4,176.8,545.8,127.5,-48.9,-5.0,,,,
65.36,5,Atta_5,39.9,1303.4,38.3,-71.0,2.0,,,,
65.36,6,Atta_6,1629.0,1680.9,103.2,29.8,-0.9,,,,
65.36,7,Atta_7,402.5,2602.1,48.1,44.0,3.0,,,,
65.36,8,Atta_8,159.1,1839.4,249.1,23.0,-4.0,,,,
65.36,9,Atta_9,1820.8,1752.1,286.4,8.1,-0.9,,,,
65.36,10,Atta_10,439.1,1964.7,93.0,-63.4,-1.4,,,,
65.431,1,Atta_1,894.9,2663.7,342.2,-63.9,1.9,,,,
65.431,2,Atta_2,811.7,575.5,184.9,70.7,1.3,,,,
65.431,3,Atta_3,836.3,106.8,232.2,63.7,-7.1,,,,
65.431,4,Atta_4,104.2,579.9,121.1,80.2,-6.4,,,,
65.431,5,Atta_5,140.9,1211.8,45.8,136.4,7.5,,,,
65.431,6,Atta_6,1591.8,1724.4,103.7,57.2,0.5,,,,
65.431,7,Atta_7,439.6,2642.3,41.8,54.7,-6.3,,,,
65.431,8,Atta_8,167.8,1801.5,247.9,38.9,-1.2,,,,
65.431,9,Atta_9,1857.9,1722.3,280.5,47.6,-5.9,,,,
65.431,10,Atta_10,394.0,1964.3,85.9,45.1,-7.1,,,,
65.493,1,Atta_1,918.4,2646.5,339.9,29.1,-2.3,,,,
65.493,2,Atta_2,740.5,502.4,185.9,102.0,1.0,,,,
65.493,3,Atta_3,918.3,137.1,235.0,-87.4,2.8,,,,
65.493,4,Atta_4,71.7,589.4,121.7,33.9,0.6,,,,
65.493,5,Atta_5,115.5,1281.7,52.4,74.4,6.6,,,,
65.493,6,Atta_6,1572.4,1700.5,102.8,-30.8,-0.9,,,,
65.493,7,Atta_7,419.1,2622.8,42.6,-28.3,0.8,,,,
65.493,8,Atta_8,121.5,1814.6,250.0,48.1,2.1,,,,
65.493,9,Atta_9,1821.8,1806.5,286.1,-91.6,5.6,,,,
65.493,10,Atta_10,412.6,1962.1,82.9,-18.7,-3.0,,,,
65.558,1,Atta_1,867.6,2653.1,338.6,-51.2,-1.3,,,,
65.558,2,Atta_2,712.5,538.8,184.5,45.9,-1.4,,,,
65.558,3,Atta_3,808.6,130.2,237.7,109.9,2.7,,,,
65.558,4,Atta_4,66.4,575.4,118.9,-15.0,-2.8,,,,
65.558,5,Atta_5,112.4,1292.4,51.8,11.1,-0.6,,,,
65.558,6,Atta_6,1623.4,1724.2,102.1,56.2,-0.7,,,,
65.558,7,Atta_7,450.1,2637.6,43.5,34.4,0.9,,,,
65.558,8,Atta_8,118.7,1793.3,253.9,21.5,3.9,,,,
65.558,9,Atta_9,1941.0,1732.2,282.6,140.5,-3.5,,,,
65.558,10,Atta_10,494.4,1995.2,81.6,88.2,-1.3,,,,
65.699,1,Atta_1,964.4,2621.7,343.9,101.8,5.3,,,,
65.699,2,Atta_2,743.4,525.9,184.4,-33.5,-0.1,,,,
65.699,3,Atta_3,835.2,146.7,237.0,-31.3,-0.7,,,,
65.699,4,Atta_4,136.2,504.3,106.8,-99.6,-12.1,,,,
65.699,5,Atta_5,193.8,1310.4,65.1,83.4,13.3,,,,
65.699,6,Atta_6,1549.3,1724.8,102.7,74.1,0.6,,,,
65.699,7,Atta_7,492.7,2654.6,41.0,45.9,-2.5,,,,
65.699,8,Atta_8,118.8,1815.3,251.8,-22.0,-2.1,,,,
65.699,9,Atta_9,1876.4,1694.1,283.9,75.0,1.3,,,,
65.699,10,Atta_10,494.5,1961.4,83.8,-33.8,2.2,,,,
65.768,1,Atta_1,966.1,2713.1,341.4,-91.4,-2.5,,,,
65.768,2,Atta_2,745.2,506.5,188.4,-19.5,4.0,,,,
65.768,3,Atta_3,861.2,102.1,239.3,51.6,2.3,,,,
65.768,4,Atta_4,128.4,574.2,102.9,70.3,-3.9,,,,
65.768,5,Atta_5,154.3,1203.9,69.3,-113.6,4.2,,,,
65.768,6,Atta_6,1549.6,1798.7,99.2,73.9,-3.5,,,,
65.768,7,Atta_7,463.8,2642.2,43.9,-31.4,2.9,,,,
65.768,8,Atta_8,148.5,1728.8,251.4,91.5,-0.4,,,,
65.768,9,Atta_9,1833.8,1705.3,279.3,-44.0,-4.6,,,,
65.768,10,Atta_10,431.4,1936.3,80.7,-67.9,-3.1,,,,
65.833,1,Atta_1,932.1,2661.0,342.6,-62.2,1.2,,,,
65.833,2,Atta_2,681.4,495.8,194.4,64.7,6.0,,,,
65.833,3,Atta_3,898.3,120.6,231.1,-41.5,-8.2,,,,
65.833,4,Atta_4,180.3,587.5,97.2,53.6,-5.7,,,,
65.833,5,Atta_5,99.9,1288.3,72.1,100.4,2.8,,,,
65.833,6,Atta_6,1603.9,1794.0,99.8,-54.5,0.6,,,,
65.833,7,Atta_7,439.9,2667.7,43.0,34.9,-0.9,,,,
65.833,8,Atta_8,113.7,1757.5,249.7,-45.1,-1.7,,,,
65.833,9,Atta_9,1880.1,1635.4,274.7,83.8,-4.6,,,,
65.833,10,Atta_10,463.8,1879.3,79.4,-65.6,-1.3,,,,
65.902,1,Atta_1,978.4,2581.1,340.7,92.3,-1.9,,,,
65.902,2,Atta_2,717.4,526.4,198.5,-47.2,4.1,,,,
65.902,3,Atta_3,825.9,63.8,232.2,92.0,1.1,,,,
65.902,4,Atta_4,110.9,518.7,98.9,-97.7,1.7,,,,
65.902,5,Atta_5,136.6,1222.0,79.5,-75.8,7.4,,,,
65.902,6,Atta_6,1557.9,1773.8,90.4,-50.2,-9.4,,,,
65.902,7,Atta_7,420.0,2678.9,41.6,-22.8,-1.4,,,,
65.902,8,Atta_8,147.4,1718.3,251.3,51.7,1.6,,,,
65.902,9,Atta_9,1823.7,1673.5,270.4,-68.1,-4.3,,,,
65.902,10,Atta_10,402.1,1971.7,81.9,111.1,2.5,,,,
65.97,1,Atta_1,1030.3,2602.6,343.5,56.2,2.8,,,,
65.97,2,Atta_2,751.1,566.4,203.3,-52.3,4.8,,,,
65.97,3,Atta_3,817.0,107.4,231.0,-44.5,-1.2,,,,
65.97,4,Atta_4,193.5,552.9,100.4,89.4,1.5,,,,
65.97,5,Atta_5,110.6,1263.6,82.2,49.1,2.7,,,,
65.97,6,Atta_6,1568.4,1713.4,84.8,-61.3,-5.6,,,,
65.97,7,Atta_7,544.3,2657.0,42.9,126.2,1.3,,,,
65.97,8,Atta_8,83.5,1724.6,249.4,64.2,-1.9,,,,
65.97,9,Atta_9,1859.4,1726.8,267.4,-64.2,-3.0,,,,
65.97,10,Atta_10,460.0,1999.4,81.0,64.2,-0.9,,,,
66.036,1,Atta_1,1066.5,2615.2,342.7,38.3,-0.8,,,,
66.036,2,Atta_2,713.5,519.3,208.1,60.3,4.8,,,,
66.036,3,Atta_3,936.0,114.8,233.9,-119.2,2.9,,,,
66.036,4,Atta_4,166.2,583.3,100.6,40.9,0.2,,,,
66.036,5,Atta_5,46.9,1225.3,85.3,-74.3,3.1,,,,
66.036,6,Atta_6,1582.5,1765.4,85.6,53.9,0.8,,,,
66.036,7,Atta_7,524.5,2671.7,43.8,-24.7,0.9,,,,
66.036,8,Atta_8,136.3,1707.0,252.0,-55.7,2.6,,,,
66.036,9,Atta_9,1898.0,1700.5,265.9,46.7,-1.5,,,,
66.036,10,Atta_10,369.5,2056.1,84.5,106.8,3.5,,,,
66.105,1,Atta_1,977.5,2602.5,339.0,-89.9,-3.7,,,,
66.105,2,Atta_2,763.3,491.5,212.5,-57.0,4.4,,,,
66.105,3,Atta_3,904.5,96.8,229.5,36.3,-4.4,,,,
66.105,4,Atta_4,109.1,561.0,99.9,-61.3,-0.7,,,,
66.105,5,Atta_5,73.5,1225.6,89.7,26.6,4.4,,,,
66.105,6,Atta_6,1563.5,1761.0,80.9,-19.5,-4.7,,,,
66.105,7,Atta_7,506.0,2632.3,41.3,-43.5,-2.5,,,,
66.105,8,Atta_8,116.6,1682.3,253.7,31.6,1.7,,,,
66.105,9,Atta_9,1899.8,1662.4,260.5,38.1,-5.4,,,,
66.105,10,Atta_10,452.4,2000.2,79.4,-100.0,-5.1,,,,
66.238,1,Atta_1,997.2,2657.3,339.1,-58.2,0.1,,,,
66.238,2,Atta_2,733.4,530.6,211.2,49.2,-1.3,,,,
66.238,3,Atta_3,882.5,164.9,232.6,-71.6,3.1,,,,
66.238,4,Atta_4,143.6,535.0,106.2,-43.2,6.3,,,,
66.238,5,Atta_5,145.2,1290.4,101.7,96.6,12.0,,,,
66.238,6,Atta_6,1613.3,1779.7,71.1,53.2,-9.8,,,,
66.238,7,Atta_7,530.0,2678.3,39.3,51.9,-2.0,,,,
66.238,8,Atta_8,131.1,1711.8,262.1,-32.9,8.4,,,,
66.238,9,Atta_9,1853.9,1695.4,249.8,-56.5,-10.7,,,,
66.238,10,Atta_10,458.3,2056.0,80.0,56.1,0.6,,,,
66.307,1,Atta_1,1037.0,2631.7,340.3,47.3,1.2,,,,
66.307,2,Atta_2,637.2,563.8,216.0,101.8,4.8,,,,
66.307,3,Atta_3,879.0,162.6,228.8,4.2,-3.8,,,,
66.307,4,Atta_4,133.0,549.0,111.6,17.6,5.4,,,,
66.307,5,Atta_5,107.1,1284.1,104.5,38.6,2.8,,,,
66.307,6,Atta_6,1523.7,1785.9,66.5,-89.8,-4.6,,,,
66.307,7,Atta_7,528.0,2702.6,47.9,24.4,8.6,,,,
66.307,8,Atta_8,177.2,1723.2,265.7,-47.5,3.6,,,,
66.307,9,Atta_9,1891.4,1765.6,244.9,-79.6,-4.9,,,,
66.307,10,Atta_10,380.9,2073.6,80.7,79.4,0.7,,,,
66.376,1,Atta_1,1030.6,2655.0,339.4,-24.2,-0.9,,,,
66.376,2,Atta_2,704.7,520.8,211.6,-80.0,-4.4,,,,
66.376,3,Atta_3,906.0,231.8,226.6,-74.3,-2.2,,,,
66.376,4,Atta_4,85.7,640.9,113.3,103.4,1.7,,,,
66.376,5,Atta_5,92.6,1277.4,108.7,-16.0,4.2,,,,
66.376,6,Atta_6,1593.1,1754.3,64.3,-76.3,-2.2,,,,
66.376,7,Atta_7,501.4,2696.2,47.8,-27.4,-0.1,,,,
66.376,8,Atta_8,108.4,1694.3,270.5,74.6,4.8,,,,
66.376,9,Atta_9,1858.9,1655.5,240.4,114.8,-4.5,,,,
66.376,10,Atta_10,491.2,2053.5,81.5,-112.1,0.8,,,,
66.511,1,Atta_1,1002.8,2578.4,337.5,81.5,-1.9,,,,
66.511,2,Atta_2,725.1,501.8,216.2,-27.9,4.6,,,,
66.511,3,Atta_3,880.4,157.0,220.6,79.1,-6.0,,,,
66.511,4,Atta_4,78.2,562.6,118.3,-78.7,5.0,,,,
66.511,5,Atta_5,105.6,1230.2,117.1,-49.0,8.4,,,,
66.511,6,Atta_6,1582.2,1761.5,54.5,13.1,-9.8,,,,
66.511,7,Atta_7,483.6,2673.3,48.1,-29.0,0.3,,,,
66.511,8,Atta_8,139.9,1714.0,271.2,-37.2,0.7,,,,
66.511,9,Atta_9,1840.4,1695.1,239.0,-43.7,-1.4,,,,
66.511,10,Atta_10,471.6,2028.0,81.5,-32.2,0.0,,,,
66.58,1,Atta_1,1067.9,2628.2,336.6,82.0,-0.9,,,,
66.58,2,Atta_2,692.5,476.9,215.7,41.0,-0.5,,,,
66.58,3,Atta_3,881.1,145.4,211.8,11.6,-8.8,,,,
66.58,4,Atta_4,98.4,564.8,128.8,-20.3,10.5,,,,
66.58,5,Atta_5,115.9,1308.1,116.7,78.6,-0.4,,,,
66.58,6,Atta_6,1611.7,1781.4,46.1,35.6,-8.4,,,,
66.58,7,Atta_7,535.5,2672.5,43.3,51.9,-4.8,,,,
66.58,8,Atta_8,130.7,1744.5,283.2,-31.9,12.0,,,,
66.58,9,Atta_9,1913.1,1731.6,224.4,-81.3,-14.6,,,,
66.58,10,Atta_10,460.5,2021.2,89.0,-13.0,7.5,,,,
66.649,1,Atta_1,1044.2,2594.5,337.4,-41.2,0.8,,,,
66.649,2,Atta_2,673.7,481.7,214.8,19.4,-0.9,,,,
66.649,3,Atta_3,929.3,125.3,205.0,-52.2,-6.8,,,,
66.649,4,Atta_4,76.4,558.2,131.4,23.0,2.6,,,,
66.649,5,Atta_5,88.2,1255.3,112.4,-59.6,-4.3,,,,
66.649,6,Atta_6,1607.1,1742.2,44.6,-39.5,-1.5,,,,
66.649,7,Atta_7,463.9,2654.0,43.4,-74.0,0.1,,,,
66.649,8,Atta_8,120.2,1720.2,288.7,26.5,5.5,,,,
66.649,9,Atta_9,1888.4,1717.0,219.6,28.7,-4.8,,,,
66.649,10,Atta_10,446.5,2090.4,94.4,70.6,5.4,,,,
66.718,1,Atta_1,978.4,2661.4,335.6,-93.8,-1.8,,,,
66.718,2,Atta_2,728.2,538.5,211.9,-78.7,-2.9,,,,
66.718,3,Atta_3,908.1,158.6,195.9,39.5,-9.1,,,,
66.718,4,Atta_4,118.8,561.2,141.5,-42.5,10.1,,,,
66.718,5,Atta_5,147.7,1298.3,112.4,73.4,0.0,,,,
66.718,6,Atta_6,1621.2,1754.6,39.7,18.8,-4.9,,,,
66.718,7,Atta_7,491.6,2603.3,41.4,-57.8,-2.0,,,,
66.718,8,Atta_8,83.0,1725.0,291.1,-37.5,2.4,,,,
66.718,9,Atta_9,1872.5,1649.3,219.6,69.5,0.0,,,,
66.718,10,Atta_10,435.7,2113.9,96.4,25.9,2.0,,,,
66.784,1,Atta_1,1038.0,2600.1,337.4,85.5,1.8,,,,
66.784,2,Atta_2,684.0,523.4,216.5,46.7,4.6,,,,
66.784,3,Atta_3,886.7,184.3,196.7,33.4,0.8,,,,
66.784,4,Atta_4,82.2,537.8,141.6,43.4,0.1,,,,
66.784,5,Atta_5,138.4,1332.9,112.1,35.8,-0.3,,,,
66.784,6,Atta_6,1587.4,1790.8,33.4,-49.5,-6.3,,,,
66.784,7,Atta_7,427.5,2660.8,42.5,-86.1,1.1,,,,
66.784,8,Atta_8,114.8,1755.1,297.5,-43.8,6.4,,,,
66.784,9,Atta_9,1897.2,1734.5,210.0,-88.7,-9.6,,,,
66.784,10,Atta_10,379.7,2103.4,102.0,-57.0,5.6,,,,
66.85,1,Atta_1,1027.8,2621.5,336.8,-23.7,-0.6,,,,
66.85,2,Atta_2,677.5,486.0,215.1,38.0,-1.4,,,,
66.85,3,Atta_3,895.2,158.4,191.5,-27.3,-5.2,,,,
66.85,4,Atta_4,127.4,541.7,144.8,-45.4,3.2,,,,
66.85,5,Atta_5,169.1,1289.1,113.5,-53.5,1.4,,,,
66.85,6,Atta_6,1543.7,1766.4,31.9,-50.1,-1.5,,,,
66.85,7,Atta_7,446.7,2583.0,35.9,-80.1,-6.6,,,,
66.85,8,Atta_8,114.6,1713.7,300.9,41.4,3.4,,,,
66.85,9,Atta_9,1885.8,1709.5,207.7,27.5,-2.3,,,,
66.85,10,Atta_10,456.3,2090.2,99.9,-77.7,-2.1,,,,
66.92,1,Atta_1,971.1,2639.1,333.9,-59.4,-2.9,,,,
66.92,2,Atta_2,639.3,540.0,209.1,66.1,-6.0,,,,
66.92,3,Atta_3,900.7,168.8,188.3,-11.8,-3.2,,,,
66.92,4,Atta_4,132.8,561.7,153.3,20.7,8.5,,,,
66.92,5,Atta_5,131.7,1328.3,111.2,54.2,-2.3,,,,
66.92,6,Atta_6,1563.0,1797.4,24.8,36.5,-7.1,,,,
66.92,7,Atta_7,495.9,2704.4,28.7,131.0,-7.2,,,,
66.92,8,Atta_8,107.7,1683.4,301.7,31.1,0.8,,,,
66.92,9,Atta_9,1894.1,1671.5,202.3,38.9,-5.4,,,,
66.92,10,Atta_10,441.1,2098.4,107.8,17.3,7.9,,,,
66.988,1,Atta_1,978.5,2620.2,329.0,20.3,-4.9,,,,
66.988,2,Atta_2,591.8,532.4,215.6,48.1,6.5,,,,
66.988,3,Atta_3,846.6,157.6,183.7,55.2,-4.6,,,,
66.988,4,Atta_4,158.6,525.8,158.5,-44.2,5.2,,,,
66.988,5,Atta_5,124.3,1282.3,115.8,-46.6,4.6,,,,
66.988,6,Atta_6,1612.6,1717.7,23.6,93.9,-1.2,,,,
66.988,7,Atta_7,465.5,2665.7,23.9,-49.2,-4.8,,,,
66.988,8,Atta_8,94.7,1739.5,309.1,-57.6,7.4,,,,
66.988,9,Atta_9,1874.6,1726.2,201.9,-58.1,-0.4,,,,
66.988,10,Atta_10,375.0,2047.2,109.6,-83.6,1.8,,,,
67.059,1,Atta_1,940.6,2653.5,327.2,-50.5,-1.8,,,,
67.059,2,Atta_2,667.6,493.0,215.0,-85.4,-0.6,,,,
67.059,3,Atta_3,919.5,137.6,177.2,-75.6,-6.5,,,,
67.059,4,Atta_4,152.7,590.6,163.2,65.1,4.7,,,,
67.059,5,Atta_5,94.5,1301.0,113.5,35.2,-2.3,,,,
67.059,6,Atta_6,1593.1,1763.2,16.7,49.5,-6.9,,,,
67.059,7,Atta_7,444.1,2675.7,22.0,-23.6,-1.9,,,,
67.059,8,Atta_8,106.2,1731.3,314.2,14.1,5.1,,,,
67.059,9,Atta_9,1824.4,1702.1,193.4,55.7,-8.5,,,,
67.059,10,Atta_10,469.1,2075.0,116.0,-98.1,6.4,,,,
67.179,1,Atta_1,963.1,2577.2,315.8,79.5,-11.4,,,,
67.179,2,Atta_2,599.3,489.3,212.2,68.4,-2.8,,,,
67.179,3,Atta_3,922.4,244.7,178.7,107.1,1.5,,,,
67.179,4,Atta_4,117.9,529.0,168.9,70.8,5.7,,,,
67.179,5,Atta_5,74.2,1358.2,114.3,60.7,0.8,,,,
67.179,6,Atta_6,1606.8,1817.4,3.7,55.9,-13.0,,,,
67.179,7,Atta_7,467.6,2624.2,13.9,56.6,-8.1,,,,
67.179,8,Atta_8,160.5,1693.8,323.6,66.0,9.4,,,,
67.179,9,Atta_9,1882.3,1757.7,181.8,-80.3,-11.6,,,,
67.179,10,Atta_10,419.8,2070.7,124.8,49.5,8.8,,,,
67.245,1,Atta_1,983.5,2622.0,312.5,-49.2,-3.3,,,,
67.245,2,Atta_2,591.6,486.3,213.7,8.3,1.5,,,,
67.245,3,Atta_3,943.4,209.9,177.3,-40.6,-1.4,,,,
67.245,4,Atta_4,118.1,541.5,175.2,12.5,6.3,,,,
67.245,5,Atta_5,58.9,1354.2,114.2,15.8,-0.1,,,,
67.245,6,Atta_6,1557.1,1735.9,6.1,-95.5,2.4,,,,
67.245,7,Atta_7,518.5,2696.6,6.8,88.5,-7.1,,,,
67.245,8,Atta_8,123.5,1731.4,327.4,-52.8,3.8,,,,
67.245,9,Atta_9,1904.7,1713.8,181.1,-49.3,-0.7,,,,
67.245,10,Atta_10,400.3,2067.3,126.5,19.8,1.7,,,,
67.381,1,Atta_1,967.5,2670.5,307.9,-51.1,-4.6,,,,
67.381,2,Atta_2,709.6,442.7,214.3,-125.8,0.6,,,,
67.381,3,Atta_3,914.6,136.5,174.5,78.8,-2.8,,,,
67.381,4,Atta_4,126.0,573.9,176.9,-33.3,1.7,,,,
67.381,5,Atta_5,115.1,1327.6,118.3,-62.2,4.1,,,,
67.381,6,Atta_6,1564.5,1795.1,357.6,59.7,-8.5,,,,
67.381,7,Atta_7,484.2,2625.4,2.6,-79.0,-4.2,,,,
67.381,8,Atta_8,98.8,1729.8,331.6,-24.8,4.2,,,,
67.381,9,Atta_9,1829.1,1700.4,178.1,76.8,-3.0,,,,
67.381,10,Atta_10,444.4,2098.8,134.2,-54.2,7.7,,,,
67.449,1,Atta_1,1023.2,2648.0,300.2,60.1,-7.7,,,,
67.449,2,Atta_2,601.4,426.5,213.9,109.4,-0.4,,,,
67.449,3,Atta_3,878.5,139.8,173.8,36.3,-0.7,,,,
67.449,4,Atta_4,138.1,540.7,184.7,-35.3,7.8,,,,
67.449,5,Atta_5,105.6,1342.5,124.3,17.7,6.0,,,,
67.449,6,Atta_6,1598.0,1805.6,352.5,35.1,-5.1,,,,
67.449,7,Atta_7,484.8,2590.2,357.8,-35.2,-4.8,,,,
67.449,8,Atta_8,85.7,1722.3,339.7,-15.1,8.1,,,,
67.449,9,Atta_9,1816.3,1709.2,176.4,15.5,-1.7,,,,
67.449,10,Atta_10,448.4,2043.5,140.5,-55.4,6.3,,,,
67.501,1,Atta_1,1010.6,2659.1,295.1,-16.8,-5.1,,,,
67.501,2,Atta_2,579.9,480.7,212.9,-58.3,-1.0,,,,
67.501,3,Atta_3,921.2,153.8,173.0,-44.9,-0.8,,,,
67.501,4,Atta_4,166.6,577.5,189.4,-46.5,4.7,,,,
67.501,5,Atta_5,101.8,1324.8,123.5,-18.1,-0.8,,,,
67.501,6,Atta_6,1577.5,1756.6,350.1,-53.1,-2.4,,,,
67.501,7,Atta_7,542.6,2646.2,354.2,80.5,-3.6,,,,
67.501,8,Atta_8,93.9,1714.5,338.5,11.3,-1.2,,,,
67.501,9,Atta_9,1854.8,1688.7,169.9,-43.6,-6.5,,,,
67.501,10,Atta_10,443.4,2099.9,143.9,56.6,3.4,,,,
67.571,1,Atta_1,986.6,2614.2,293.1,50.9,-2.0,,,,
67.571,2,Atta_2,593.8,437.4,215.0,45.5,2.1,,,,
67.571,3,Atta_3,836.2,137.7,172.5,86.5,-0.5,,,,
67.571,4,Atta_4,161.1,588.5,192.9,12.3,3.5,,,,
67.571,5,Atta_5,95.4,1277.7,118.9,-47.5,-4.6,,,,
67.571,6,Atta_6,1584.7,1746.1,345.0,12.7,-5.1,,,,
67.571,7,Atta_7,465.4,2594.2,349.9,-93.1,-4.3,,,,
67.571,8,Atta_8,112.9,1717.1,344.4,19.2,5.9,,,,
67.571,9,Atta_9,1910.5,1682.4,167.6,-56.1,-2.3,,,,
67.571,10,Atta_10,393.3,2116.1,150.2,52.7,6.3,,,,
67.64,1,Atta_1,961.2,2637.9,290.2,-34.7,-2.9,,,,
67.64,2,Atta_2,564.6,427.1,215.6,31.0,0.6,,,,
67.64,3,Atta_3,915.3,170.8,174.8,-85.7,2.3,,,,
67.64,4,Atta_4,115.8,534.1,192.8,70.8,-0.1,,,,
67.64,5,Atta_5,105.3,1319.3,119.9,42.8,1.0,,,,
67.64,6,Atta_6,1560.8,1764.5,339.6,-30.2,-5.4,,,,
67.64,7,Atta_7,453.7,2634.3,346.4,-41.8,-3.5,,,,
67.64,8,Atta_8,147.1,1735.8,350.4,39.0,6.0,,,,
67.64,9,Atta_9,1864.4,1748.8,158.5,80.8,-9.1,,,,
67.64,10,Atta_10,439.2,2046.2,156.7,-83.6,6.5,,,,
67.709,1,Atta_1,981.5,2658.5,284.6,-28.9,-5.6,,,,
67.709,2,Atta_2,502.0,437.7,216.7,63.5,1.1,,,,
67.709,3,Atta_3,894.3,220.4,175.7,53.9,0.9,,,,
67.709,4,Atta_4,135.9,497.1,199.7,-42.1,6.9,,,,
67.709,5,Atta_5,113.0,1287.9,122.3,-32.3,2.4,,,,
67.709,6,Atta_6,1616.8,1728.5,335.8,66.6,-3.8,,,,
67.709,7,Atta_7,504.9,2614.2,351.5,55.0,5.1,,,,
67.709,8,Atta_8,86.0,1744.6,353.6,-61.7,3.2,,,,
67.709,9,Atta_9,1847.5,1671.5,155.5,-79.1,-3.0,,,,
67.709,10,Atta_10,448.1,2086.0,155.1,40.8,-1.6,,,,
67.778,1,Atta_1,1017.6,2624.9,279.9,49.3,-4.7,,,,
67.778,2,Atta_2,536.9,413.1,213.4,-42.7,-3.3,,,,
67.778,3,Atta_3,881.9,171.7,175.8,50.3,0.1,,,,
67.778,4,Atta_4,145.1,541.5,206.1,-45.3,6.4,,,,
67.778,5,Atta_5,104.4,1267.4,122.0,-22.2,-0.3,,,,
67.778,6,Atta_6,1554.6,1741.5,328.8,-63.5,-7.0,,,,
67.778,7,Atta_7,534.8,2649.7,348.9,46.4,-2.6,,,,
67.778,8,Atta_8,110.0,1710.4,358.8,41.8,5.2,,,,
67.778,9,Atta_9,1834.3,1683.7,151.0,18.0,-4.5,,,,
67.778,10,Atta_10,328.5,2120.0,159.5,124.3,4.4,,,,
67.863,1,Atta_1,1024.0,2645.5,277.0,-21.6,-2.9,,,,
67.863,2,Atta_2,500.4,417.7,212.8,36.8,-0.6,,,,
67.863,3,Atta_3,839.6,174.9,173.6,42.4,-2.2,,,,
67.863,4,Atta_4,120.3,535.9,211.4,25.4,5.3,,,,
67.863,5,Atta_5,176.8,1308.9,117.2,-83.5,-4.8,,,,
67.863,6,Atta_6,1538.6,1763.0,326.5,-26.8,-2.3,,,,
67.863,7,Atta_7,463.6,2648.0,346.7,-71.2,-2.2,,,,
67.863,8,Atta_8,142.8,1691.4,4.1,37.9,5.3,,,,
67.863,9,Atta_9,1883.4,1724.0,148.2,-63.5,-2.8,,,,
67.863,10,Atta_10,446.6,2132.0,167.5,-118.7,8.0,,,,
67.917,1,Atta_1,1015.2,2604.5,279.1,41.9,2.1,,,,
67.917,2,Atta_2,525.5,411.3,214.3,-25.9,1.5,,,,
67.917,3,Atta_3,804.2,128.9,177.0,58.0,3.4,,,,
67.917,4,Atta_4,117.8,551.8,217.7,-16.1,6.3,,,,
67.917,5,Atta_5,120.9,1253.3,109.9,-78.8,-7.3,,,,
67.917,6,Atta_6,1606.7,1726.9,320.6,77.1,-5.9,,,,
67.917,7,Atta_7,428.9,2644.9,346.9,-34.8,0.2,,,,
67.917,8,Atta_8,109.0,1698.9,6.7,-34.6,2.6,,,,
67.917,9,Atta_9,1880.4,1703.6,150.6,-20.6,2.4,,,,
67.917,10,Atta_10,472.1,2096.3,171.4,-43.9,3.9,,,,
67.987,1,Atta_1,963.9,2662.4,278.1,-77.4,-1.0,,,,
67.987,2,Atta_2,518.4,441.1,214.2,-30.6,-0.1,,,,
67.987,3,Atta_3,807.1,164.1,176.6,-35.3,-0.4,,,,
67.987,4,Atta_4,57.2,566.2,220.8,62.3,3.1,,,,
67.987,5,Atta_5,112.4,1255.7,106.8,8.8,-3.1,,,,
67.987,6,Atta_6,1544.5,1743.6,319.8,-64.4,-0.8,,,,
67.987,7,Atta_7,518.7,2608.8,345.1,96.8,-1.8,,,,
67.987,8,Atta_8,105.5,1741.3,15.1,42.5,8.4,,,,
67.987,9,Atta_9,1824.8,1723.8,152.2,59.2,1.6,,,,
67.987,10,Atta_10,459.3,2097.2,170.4,12.8,-1.0,,,,
68.058,1,Atta_1,998.7,2668.7,277.3,-35.4,-0.8,,,,
68.058,2,Atta_2,506.7,394.3,212.6,48.2,-1.6,,,,
68.058,3,Atta_3,821.7,152.4,176.8,-18.7,0.2,,,,
68.058,4,Atta_4,143.5,541.2,226.1,-89.8,5.3,,,,
68.058,5,Atta_5,147.9,1264.3,101.2,-36.5,-5.6,,,,
68.058,6,Atta_6,1564.6,1787.7,310.4,-48.5,-9.4,,,,
68.058,7,Atta_7,481.3,2637.8,348.7,-47.3,3.6,,,,
68.058,8,Atta_8,114.5,1727.0,21.9,16.9,6.8,,,,
68.058,9,Atta_9,1822.6,1677.9,152.2,-46.0,0.0,,,,
68.058,10,Atta_10,435.4,2098.7,184.7,23.9,14.3,,,,
68.177,1,Atta_1,997.4,2647.6,279.2,21.1,1.9,,,,
68.177,2,Atta_2,448.7,391.7,212.0,58.1,-0.6,,,,
68.177,3,Atta_3,787.5,171.2,175.0,39.0,-1.8,,,,
68.177,4,Atta_4,90.3,605.4,226.9,-83.4,0.8,,,,
68.177,5,Atta_5,107.3,1267.0,96.2,40.7,-5.0,,,,
68.177,6,Atta_6,1595.7,1733.2,302.4,62.7,-8.0,,,,
68.177,7,Atta_7,451.0,2673.2,345.3,-46.6,-3.4,,,,
68.177,8,Atta_8,146.6,1791.5,28.8,72.0,6.9,,,,
68.177,9,Atta_9,1882.2,1683.6,150.1,-59.9,-2.1,,,,
68.177,10,Atta_10,487.2,2082.2,186.1,-54.4,1.4,,,,
68.243,1,Atta_1,1008.6,2659.3,279.0,-16.2,-0.2,,,,
68.243,2,Atta_2,477.6,395.3,211.5,-29.1,-0.5,,,,
68.243,3,Atta_3,826.7,150.1,175.7,-44.5,0.7,,,,
68.243,4,Atta_4,90.8,589.4,237.7,16.0,10.8,,,,
68.243,5,Atta_5,124.6,1251.8,90.4,-23.0,-5.8,,,,
68.243,6,Atta_6,1549.3,1717.4,297.2,-49.0,-5.2,,,,
68.243,7,Atta_7,483.8,2635.5,347.0,50.0,1.7,,,,
68.243,8,Atta_8,140.9,1707.5,32.2,-84.2,3.4,,,,
68.243,9,Atta_9,1877.4,1634.7,137.4,-49.1,-12.7,,,,
68.243,10,Atta_10,423.0,2048.9,193.6,72.3,7.5,,,,
68.309,1,Atta_1,940.2,2585.4,279.2,100.7,0.2,,,,
68.309,2,Atta_2,480.7,357.1,213.4,38.3,1.9,,,,
68.309,3,Atta_3,785.0,176.4,167.0,49.3,-8.7,,,,
68.309,4,Atta_4,138.1,572.0,244.8,-50.4,7.1,,,,
68.309,5,Atta_5,131.0,1263.4,89.3,13.2,-1.1,,,,
68.309,6,Atta_6,1607.5,1781.4,293.7,-86.5,-3.5,,,,
68.309,7,Atta_7,522.4,2636.5,346.9,38.6,-0.1,,,,
68.309,8,Atta_8,175.8,1660.8,34.9,58.3,2.7,,,,
68.309,9,Atta_9,1881.9,1733.3,134.6,98.7,-2.8,,,,
68.309,10,Atta_10,468.5,2118.9,194.2,-83.5,0.6,,,,
68.375,1,Atta_1,979.9,2572.0,275.6,41.9,-3.6,,,,
68.375,2,Atta_2,455.4,350.0,210.9,26.3,-2.5,,,,
68.375,3,Atta_3,805.8,151.8,164.2,-32.2,-2.8,,,,
68.375,4,Atta_4,86.9,566.0,241.8,51.6,-3.0,,,,
68.375,5,Atta_5,138.0,1214.6,83.7,-49.3,-5.6,,,,
68.375,6,Atta_6,1606.7,1809.5,291.0,-28.1,-2.7,,,,
68.375,7,Atta_7,555.6,2633.5,350.1,33.3,3.2,,,,
68.375,8,Atta_8,86.3,1705.8,40.7,-100.2,5.8,,,,
68.375,9,Atta_9,1890.1,1711.7,132.3,-23.1,-2.3,,,,
68.375,10,Atta_10,496.6,2044.4,201.9,-79.6,7.7,,,,
68.442,1,Atta_1,1003.2,2592.5,280.0,-31.0,4.4,,,,
68.442,2,Atta_2,433.9,328.8,210.3,30.2,-0.6,,,,
68.442,3,Atta_3,745.3,142.6,161.3,61.2,-2.9,,,,
68.442,4,Atta_4,96.8,526.6,249.6,40.6,7.8,,,,
68.442,5,Atta_5,167.4,1280.2,80.9,71.9,-2.8,,,,
68.442,6,Atta_6,1641.7,1801.0,289.1,36.0,-1.9,,,,
68.442,7,Atta_7,577.1,2686.6,352.6,57.3,2.5,,,,
68.442,8,Atta_8,153.9,1672.6,47.4,75.3,6.7,,,,
68.442,9,Atta_9,1916.3,1697.5,123.4,-29.8,-8.9,,,,
68.442,10,Atta_10,447.9,2096.5,208.2,71.3,6.3,,,,
68.507,1,Atta_1,979.5,2616.3,277.3,-33.6,-2.7,,,,
68.507,2,Atta_2,442.4,309.1,212.4,21.5,2.1,,,,
68.507,3,Atta_3,816.5,142.7,152.3,-71.2,-9.0,,,,
68.507,4,Atta_4,117.3,607.4,258.8,-83.4,9.2,,,,
68.507,5,Atta_5,101.4,1248.1,73.4,-73.4,-7.5,,,,
68.507,6,Atta_6,1577.8,1735.5,285.1,91.5,-4.0,,,,
68.507,7,Atta_7,578.6,2655.4,347.9,31.2,-4.7,,,,
68.507,8,Atta_8,147.8,1724.0,49.9,51.8,2.5,,,,
68.507,9,Atta_9,1900.3,1720.9,122.5,28.3,-0.9,,,,
68.507,10,Atta_10,421.4,2100.7,208.6,26.8,0.4,,,,
68.573,1,Atta_1,997.6,2559.4,281.4,59.7,4.1,,,,
68.573,2,Atta_2,360.7,335.0,212.8,85.7,0.4,,,,
68.573,3,Atta_3,796.4,140.4,150.5,20.2,-1.8,,,,
68.573,4,Atta_4,154.3,505.9,259.4,108.0,0.6,,,,
68.573,5,Atta_5,115.1,1291.1,68.6,45.1,-4.8,,,,
68.573,6,Atta_6,1604.7,1743.8,287.1,-28.2,2.0,,,,
68.573,7,Atta_7,566.0,2628.1,345.5,-30.1,-2.4,,,,
68.573,8,Atta_8,97.4,1764.3,56.0,-64.5,6.1,,,,
68.573,9,Atta_9,1789.7,1695.6,117.1,113.5,-5.4,,,,
68.573,10,Atta_10,421.4,2112.8,215.7,-12.1,7.1,,,,
68.641,1,Atta_1,1001.6,2531.0,279.8,28.7,-1.6,,,,
68.641,2,Atta_2,459.9,316.1,215.3,-101.0,2.5,,,,
68.641,3,Atta_3,787.8,188.8,150.3,49.2,-0.2,,,,
68.641,4,Atta_4,122.6,571.5,263.9,-72.9,4.5,,,,
68.641,5,Atta_5,114.6,1336.3,63.7,45.2,-4.9,,,,
68.641,6,Atta_6,1525.4,1759.4,284.7,-80.8,-2.4,,,,
68.641,7,Atta_7,644.2,2623.0,350.6,78.4,5.1,,,,
68.641,8,Atta_8,126.8,1658.3,57.3,-110.0,1.3,,,,
68.641,9,Atta_9,1852.1,1658.8,115.8,-72.4,-1.3,,,,
68.641,10,Atta_10,479.7,2022.4,214.4,107.6,-1.3,,,,
68.71,1,Atta_1,1038.0,2547.2,278.7,-39.8,-1.1,,,,
68.71,2,Atta_2,432.6,338.6,210.6,35.4,-4.7,,,,
68.71,3,Atta_3,741.3,189.6,138.0,46.5,-12.3,,,,
68.71,4,Atta_4,106.4,530.5,268.7,44.1,4.8,,,,
68.71,5,Atta_5,192.0,1282.3,63.5,-94.4,-0.2,,,,
68.71,6,Atta_6,1574.0,1714.8,288.4,66.0,3.7,,,,
68.71,7,Atta_7,561.4,2638.9,354.3,-84.3,3.7,,,,
68.71,8,Atta_8,109.7,1709.6,65.4,54.1,8.1,,,,
68.71,9,Atta_9,1891.3,1715.0,111.2,68.5,-4.6,,,,
68.71,10,Atta_10,424.4,2083.2,213.3,82.2,-1.1,,,,
68.78,1,Atta_1,1046.3,2499.0,277.2,48.9,-1.5,,,,
68.78,2,Atta_2,401.7,316.7,211.8,37.9,1.2,,,,
68.78,3,Atta_3,800.1,181.0,137.2,-59.4,-0.8,,,,
68.78,4,Atta_4,91.6,474.6,273.3,57.8,4.6,,,,
68.78,5,Atta_5,117.8,1272.0,62.8,-74.9,-0.7,,,,
68.78,6,Atta_6,1589.7,1763.6,289.0,-51.3,0.6,,,,
68.78,7,Atta_7,553.7,2680.3,355.9,-42.1,1.6,,,,
68.78,8,Atta_8,84.1,1711.7,66.6,-25.7,1.2,,,,
68.78,9,Atta_9,1902.4,1713.6,107.7,-11.2,-3.5,,,,
68.78,10,Atta_10,409.1,2067.6,215.2,21.9,1.9,,,,
68.846,1,Atta_1,1004.6,2531.4,281.6,-52.8,4.4,,,,
68.846,2,Atta_2,411.7,276.9,211.5,41.0,-0.3,,,,
68.846,3,Atta_3,755.6,174.3,132.2,45.0,-5.0,,,,
68.846,4,Atta_4,118.2,535.9,274.5,-66.8,1.2,,,,
68.846,5,Atta_5,75.5,1279.6,63.8,-43.0,1.0,,,,
68.846,6,Atta_6,1618.8,1766.2,283.7,29.2,-5.3,,,,
68.846,7,Atta_7,620.1,2574.5,5.0,124.9,9.1,,,,
68.846,8,Atta_8,117.0,1708.3,70.6,33.1,4.0,,,,
68.846,9,Atta_9,1910.0,1631.9,109.6,-82.1,1.9,,,,
68.846,10,Atta_10,469.2,2113.6,215.6,-75.7,0.4,,,,
68.915,1,Atta_1,1042.3,2486.1,278.1,58.9,-3.5,,,,
68.915,2,Atta_2,393.2,362.8,217.1,-87.9,5.6,,,,
68.915,3,Atta_3,844.0,188.5,126.3,-89.5,-5.9,,,,
68.915,4,Atta_4,175.1,611.0,277.2,-94.2,2.7,,,,
68.915,5,Atta_5,92.1,1288.1,62.8,18.6,-1.0,,,,
68.915,6,Atta_6,1550.1,1733.1,286.9,76.3,3.2,,,,
68.915,7,Atta_7,573.1,2612.1,5.3,-60.2,0.3,,,,
68.915,8,Atta_8,93.2,1784.3,70.0,79.6,-0.6,,,,
68.915,9,Atta_9,1871.9,1711.6,110.9,88.3,1.3,,,,
68.915,10,Atta_10,447.4,2090.5,214.9,31.8,-0.7,,,,
68.984,1,Atta_1,1009.5,2524.9,280.9,-50.8,2.8,,,,
68.984,2,Atta_2,370.2,314.9,213.0,53.1,-4.1,,,,
68.984,3,Atta_3,776.6,200.7,123.8,68.5,-2.5,,,,
68.984,4,Atta_4,76.2,552.0,276.2,115.2,-1.0,,,,
68.984,5,Atta_5,130.8,1267.4,63.4,-43.9,0.6,,,,
68.984,6,Atta_6,1564.4,1747.2,286.4,-20.1,-0.5,,,,
68.984,7,Atta_7,588.8,2676.4,11.7,66.2,6.4,,,,
68.984,8,Atta_8,102.0,1706.5,67.7,-78.3,-2.3,,,,
68.984,9,Atta_9,1895.1,1708.2,109.3,-23.4,-1.6,,,,
68.984,10,Atta_10,469.7,2037.5,213.0,57.5,-1.9,,,,
69.05,1,Atta_1,974.5,2476.9,276.2,59.4,-4.7,,,,
69.05,2,Atta_2,388.7,317.1,210.2,-18.6,-2.8,,,,
69.05,3,Atta_3,785.6,206.5,117.5,-10.7,-6.3,,,,
69.05,4,Atta_4,133.7,626.0,277.4,-93.7,1.2,,,,
69.05,5,Atta_5,68.7,1265.0,60.3,-62.1,-3.1,,,,
69.05,6,Atta_6,1543.4,1748.6,289.4,-21.0,3.0,,,,
69.05,7,Atta_7,622.8,2579.0,18.4,103.2,6.7,,,,
69.05,8,Atta_8,135.4,1751.5,68.7,56.0,1.0,,,,
69.05,9,Atta_9,1849.3,1733.6,109.9,52.4,0.6,,,,
69.05,10,Atta_10,471.6,2097.5,214.1,-60.0,1.1,,,,
69.116,1,Atta_1,995.0,2534.4,276.2,-61.0,0.0,,,,
69.116,2,Atta_2,344.0,330.3,212.9,46.6,2.7,,,,
69.116,3,Atta_3,751.5,140.5,116.9,-74.3,-0.6,,,,
69.116,4,Atta_4,159.5,565.3,270.2,66.0,-7.2,,,,
69.116,5,Atta_5,157.2,1238.8,62.3,92.3,2.0,,,,
69.116,6,Atta_6,1607.6,1769.4,289.1,67.5,-0.3,,,,
69.116,7,Atta_7,577.2,2592.5,18.2,-47.6,-0.2,,,,
69.116,8,Atta_8,140.2,1775.1,67.2,24.1,-1.5,,,,
69.116,9,Atta_9,1889.8,1713.0,111.3,-45.4,1.4,,,,
69.116,10,Atta_10,422.7,2105.5,210.8,49.6,-3.3,,,,
69.181,1,Atta_1,1002.4,2497.7,281.3,37.4,5.1,,,,
69.181,2,Atta_2,303.0,274.6,209.2,69.2,-3.7,,,,
69.181,3,Atta_3,744.6,172.3,114.9,32.5,-2.0,,,,
69.181,4,Atta_4,99.7,519.1,274.1,75.6,3.9,,,,
69.181,5,Atta_5,142.9,1337.0,60.6,99.2,-1.7,,,,
69.181,6,Atta_6,1559.7,1762.1,285.7,-48.5,-3.4,,,,
69.181,7,Atta_7,559.7,2642.8,21.5,-53.3,3.3,,,,
69.181,8,Atta_8,115.5,1679.6,69.8,-98.6,2.6,,,,
69.181,9,Atta_9,1859.1,1690.9,108.5,-37.8,-2.8,,,,
69.181,10,Atta_10,454.2,2065.4,212.6,-51.0,1.8,,,,
69.251,1,Atta_1,973.5,2537.5,278.0,-49.2,-3.3,,,,
69.251,2,Atta_2,329.9,211.2,213.3,68.9,4.1,,,,
69.251,3,Atta_3,733.3,194.2,120.1,24.6,5.2,,,,
69.251,4,Atta_4,152.4,538.7,276.0,-56.2,1.9,,,,
69.251,5,Atta_5,154.2,1337.2,64.4,11.3,3.8,,,,
69.251,6,Atta_6,1530.5,1723.6,282.5,48.3,-3.2,,,,
69.251,7,Atta_7,557.7,2619.4,31.8,-23.5,10.3,,,,
69.251,8,Atta_8,82.3,1692.9,69.5,35.8,-0.3,,,,
69.251,9,Atta_9,1874.4,1739.0,110.4,50.5,1.9,,,,
69.251,10,Atta_10,469.8,2073.0,217.6,-17.4,5.0,,,,
69.32,1,Atta_1,1017.7,2546.6,281.9,-45.1,3.9,,,,
69.32,2,Atta_2,285.8,241.0,213.0,53.2,-0.3,,,,
69.32,3,Atta_3,718.0,191.9,115.2,15.5,-4.9,,,,
69.32,4,Atta_4,96.6,586.3,275.9,-73.3,-0.1,,,,
69.32,5,Atta_5,163.4,1293.5,61.8,-44.7,-2.6,,,,
69.32,6,Atta_6,1596.4,1753.3,282.9,-72.3,0.4,,,,
69.32,7,Atta_7,621.7,2602.3,34.5,66.2,2.7,,,,
69.32,8,Atta_8,181.0,1753.1,65.7,115.6,-3.8,,,,
69.32,9,Atta_9,1857.7,1720.4,107.5,-25.0,-2.9,,,,
69.32,10,Atta_10,439.4,2111.8,215.0,49.3,-2.6,,,,
69.39,1,Atta_1,993.2,2469.8,278.8,80.6,-3.1,,,,
69.39,2,Atta_2,292.7,279.2,211.9,-38.8,-1.1,,,,
69.39,3,Atta_3,815.2,179.5,116.8,-98.0,1.6,,,,
69.39,4,Atta_4,83.0,557.8,272.9,31.6,-3.0,,,,
69.39,5,Atta_5,178.4,1344.6,64.6,53.3,2.8,,,,
69.39,6,Atta_6,1610.0,1758.5,285.5,-14.6,2.6,,,,
69.39,7,Atta_7,542.1,2633.1,37.7,-85.4,3.2,,,,
69.39,8,Atta_8,72.0,1718.4,63.1,-114.4,-2.6,,,,
69.39,9,Atta_9,1857.6,1685.7,110.4,-34.7,2.9,,,,
69.39,10,Atta_10,423.2,2078.5,213.6,37.0,-1.4,,,,
69.451,1,Atta_1,1025.2,2547.1,279.9,-83.7,1.1,,,,
69.451,2,Atta_2,346.3,260.3,209.4,-56.8,-2.5,,,,
69.451,3,Atta_3,755.2,202.7,118.8,64.3,2.0,,,,
69.451,4,Atta_4,128.6,519.0,277.3,59.9,4.4,,,,
69.451,5,Atta_5,111.2,1334.5,64.2,-68.0,-0.4,,,,
69.451,6,Atta_6,1601.2,1761.0,284.0,-9.1,-1.5,,,,
69.451,7,Atta_7,598.8,2614.0,45.6,59.8,7.9,,,,
69.451,8,Atta_8,107.7,1673.3,68.3,-57.5,5.2,,,,
69.451,9,Atta_9,1863.3,1673.8,106.4,-13.2,-4.0,,,,
69.451,10,Atta_10,414.9,2058.3,213.1,21.8,-0.5,,,,
69.52,1,Atta_1,1044.4,2524.1,279.3,30.0,-0.6,,,,
69.52,2,Atta_2,291.5,228.4,213.5,63.4,4.1,,,,
69.52,3,Atta_3,774.9,161.7,113.1,-45.5,-5.7,,,,
69.52,4,Atta_4,127.9,567.3,276.9,-48.3,-0.4,,,,
69.52,5,Atta_5,143.3,1374.8,70.2,51.5,6.0,,,,
69.52,6,Atta_6,1544.7,1747.4,286.4,-58.1,2.4,,,,
69.52,7,Atta_7,569.0,2591.5,47.0,-37.3,1.4,,,,
69.52,8,Atta_8,114.0,1749.6,70.8,76.6,2.5,,,,
69.52,9,Atta_9,1852.3,1685.3,110.3,15.9,3.9,,,,
69.52,10,Atta_10,474.6,2132.5,212.9,-95.2,-0.2,,,,
69.588,1,Atta_1,1000.9,2503.3,281.7,48.2,2.4,,,,
69.588,2,Atta_2,330.5,240.6,212.4,-40.9,-1.1,,,,
69.588,3,Atta_3,802.8,203.4,120.4,50.2,7.3,,,,
69.588,4,Atta_4,83.4,549.9,272.5,47.8,-4.4,,,,
69.588,5,Atta_5,145.8,1368.5,61.4,-6.8,-8.8,,,,
69.588,6,Atta_6,1607.1,1799.0,286.0,-81.0,-0.4,,,,
69.588,7,Atta_7,608.2,2629.6,54.1,54.7,7.1,,,,
69.588,8,Atta_8,122.9,1652.2,71.3,-97.8,0.5,,,,
69.588,9,Atta_9,1891.2,1694.1,110.4,-39.9,0.1,,,,
69.588,10,Atta_10,398.3,2132.6,214.7,76.3,1.8,,,,
69.655,1,Atta_1,1016.5,2492.2,278.8,19.1,-2.9,,,,
69.655,2,Atta_2,287.9,271.8,212.5,52.8,0.1,,,,
69.655,3,Atta_3,798.5,198.7,114.8,-6.4,-5.6,,,,
69.655,4,Atta_4,112.4,599.8,277.3,-57.7,4.8,,,,
69.655,5,Atta_5,196.2,1385.1,65.0,53.1,3.6,,,,
69.655,6,Atta_6,1578.3,1740.5,286.7,65.2,0.7,,,,
69.655,7,Atta_7,506.4,2673.6,52.2,-110.9,-1.9,,,,
69.655,8,Atta_8,78.0,1686.7,67.1,56.6,-4.2,,,,
69.655,9,Atta_9,1868.1,1693.9,110.3,23.1,-0.1,,,,
69.655,10,Atta_10,484.1,2050.8,212.3,-118.5,-2.4,,,,
69.708,1,Atta_1,989.7,2546.2,281.1,-60.3,2.3,,,,
69.708,2,Atta_2,254.4,220.9,210.3,60.9,-2.2,,,,
69.708,3,Atta_3,752.2,112.5,119.8,-97.8,5.0,,,,
69.708,4,Atta_4,219.2,520.4,273.0,133.1,-4.3,,,,
69.708,5,Atta_5,172.2,1365.7,62.0,-30.9,-3.0,,,,
69.708,6,Atta_6,1550.0,1748.4,289.0,-29.4,2.3,,,,
69.708,7,Atta_7,607.1,2664.4,61.0,101.1,8.8,,,,
69.708,8,Atta_8,103.4,1702.3,66.6,29.8,-0.5,,,,
69.708,9,Atta_9,1860.5,1717.9,108.2,25.2,-2.1,,,,
69.708,10,Atta_10,464.0,2035.6,214.7,25.2,2.4,,,,
69.774,1,Atta_1,1063.6,2486.9,276.4,94.8,-4.7,,,,
69.774,2,Atta_2,260.0,241.8,215.0,-21.6,4.7,,,,
69.774,3,Atta_3,788.0,233.6,119.1,126.3,-0.7,,,,
69.774,4,Atta_4,148.2,564.9,275.4,-83.8,2.4,,,,
69.774,5,Atta_5,153.5,1422.8,62.6,60.1,0.6,,,,
69.774,6,Atta_6,1574.7,1784.7,281.7,-43.9,-7.3,,,,
69.774,7,Atta_7,575.0,2618.9,67.3,-55.7,6.3,,,,
69.774,8,Atta_8,81.0,1736.5,65.9,40.9,-0.7,,,,
69.774,9,Atta_9,1900.2,1693.0,108.8,-46.9,0.6,,,,
69.774,10,Atta_10,458.9,2136.5,214.7,-101.0,0.0,,,,
69.906,1,Atta_1,996.7,2471.7,283.5,68.6,7.1,,,,
69.906,2,Atta_2,228.1,228.3,211.4,34.6,-3.6,,,,
69.906,3,Atta_3,770.9,184.3,116.0,-52.2,-3.1,,,,
69.906,4,Atta_4,117.8,559.0,273.8,31.0,-1.6,,,,
69.906,5,Atta_5,198.8,1413.8,60.5,46.2,-2.1,,,,
69.906,6,Atta_6,1565.5,1745.1,285.8,40.7,4.1,,,,
69.906,7,Atta_7,607.5,2645.0,68.4,41.7,1.1,,,,
69.906,8,Atta_8,107.8,1739.4,66.5,27.0,0.6,,,,
69.906,9,Atta_9,1909.4,1740.9,110.0,48.8,1.2,,,,
69.906,10,Atta_10,436.5,2140.5,214.4,22.8,-0.3,,,,
69.977,1,Atta_1,1008.9,2507.1,280.6,-37.4,-2.9,,,,
69.977,2,Atta_2,233.8,218.1,208.9,11.7,-2.5,,,,
69.977,3,Atta_3,797.6,171.7,116.5,-29.5,0.5,,,,
69.977,4,Atta_4,150.8,560.7,276.6,33.0,2.8,,,,
69.977,5,Atta_5,229.1,1381.1,62.8,-44.6,2.3,,,,
69.977,6,Atta_6,1545.5,1755.4,284.4,-22.5,-1.4,,,,
69.977,7,Atta_7,616.6,2609.5,74.5,-36.6,6.1,,,,
69.977,8,Atta_8,110.8,1679.1,72.2,-60.4,5.7,,,,
69.977,9,Atta_9,1894.7,1701.6,111.5,-42.0,1.5,,,,
69.977,10,Atta_10,398.3,2059.8,212.7,89.3,-1.7,,,,
70.038,1,Atta_1,1002.2,2534.9,280.2,-28.6,-0.4,,,,
70.038,2,Atta_2,212.9,195.6,206.0,30.7,-2.9,,,,
70.038,3,Atta_3,799.5,169.9,121.1,-2.6,4.6,,,,
70.038,4,Atta_4,145.3,540.2,276.6,21.2,0.0,,,,
70.038,5,Atta_5,150.0,1397.4,60.2,-80.8,-2.6,,,,
70.038,6,Atta_6,1608.9,1766.9,287.9,64.4,3.5,,,,
70.038,7,Atta_7,527.0,2606.1,77.7,-89.7,3.2,,,,
70.038,8,Atta_8,93.8,1739.8,69.8,63.0,-2.4,,,,
70.038,9,Atta_9,1892.4,1709.5,110.8,8.2,-0.7,,,,
70.038,10,Atta_10,428.8,2091.2,215.0,-43.8,2.3,,,,
70.107,1,Atta_1,982.7,2532.6,279.1,-19.6,-1.1,,,,
70.107,2,Atta_2,228.1,193.4,210.5,-15.4,4.5,,,,
70.107,3,Atta_3,750.5,129.4,119.6,-63.6,-1.5,,,,
70.107,4,Atta_4,148.6,587.5,272.8,-47.4,-3.8,,,,
70.107,5,Atta_5,184.5,1389.6,65.6,35.4,5.4,,,,
70.107,6,Atta_6,1595.4,1780.6,287.0,-19.2,-0.9,,,,
70.107,7,Atta_7,596.4,2592.1,81.0,70.8,3.3,,,,
70.107,8,Atta_8,132.1,1744.9,68.5,38.6,-1.3,,,,
70.107,9,Atta_9,1873.4,1729.5,108.8,27.6,-2.0,,,,
70.107,10,Atta_10,484.2,2141.8,215.7,-75.0,0.7,,,,
70.173,1,Atta_1,980.6,2520.5,283.6,12.3,4.5,,,,
70.173,2,Atta_2,256.3,159.7,212.6,-43.9,2.1,,,,
70.173,3,Atta_3,794.6,145.8,116.0,-47.1,-3.6,,,,
70.173,4,Atta_4,70.1,552.7,275.4,85.9,2.6,,,,
70.173,5,Atta_5,198.3,1382.1,61.4,-15.7,-4.2,,,,
70.173,6,Atta_6,1609.9,1714.1,286.0,68.1,-1.0,,,,
70.173,7,Atta_7,656.4,2675.9,89.4,103.1,8.4,,,,
70.173,8,Atta_8,102.9,1724.7,69.4,-35.5,0.9,,,,
70.173,9,Atta_9,1888.0,1685.2,106.0,-46.6,-2.8,,,,
70.173,10,Atta_10,461.3,2094.5,215.1,52.6,-0.6,,,,
70.242,1,Atta_1,1007.8,2524.5,280.1,27.5,-3.5,,,,
70.242,2,Atta_2,225.4,188.2,212.7,42.0,0.1,,,,
70.242,3,Atta_3,774.0,201.4,117.3,59.3,1.3,,,,
70.242,4,Atta_4,131.5,578.2,275.6,-66.5,0.2,,,,
70.242,5,Atta_5,177.4,1442.0,62.9,63.4,1.5,,,,
70.242,6,Atta_6,1610.3,1757.6,290.1,-43.5,4.1,,,,
70.242,7,Atta_7,593.7,2639.4,91.0,-72.6,1.6,,,,
70.242,8,Atta_8,96.6,1666.3,65.9,-58.7,-3.5,,,,
70.242,9,Atta_9,1916.9,1687.7,109.7,-29.0,3.7,,,,
70.242,10,Atta_10,413.1,2092.8,210.8,48.2,-4.3,,,,
70.313,1,Atta_1,1047.5,2430.3,279.8,102.2,-0.3,,,,
70.313,2,Atta_2,259.2,183.4,211.6,-34.1,-1.1,,,,
70.313,3,Atta_3,712.5,144.7,120.1,-83.6,2.8,,,,
70.313,4,Atta_4,151.9,512.3,274.4,69.0,-1.2,,,,
70.313,5,Atta_5,188.6,1394.8,61.5,-48.5,-1.4,,,,
70.313,6,Atta_6,1608.2,1797.7,288.2,-40.2,-1.9,,,,
70.313,7,Atta_7,599.4,2643.1,96.8,6.8,5.8,,,,
70.313,8,Atta_8,128.2,1785.1,67.5,122.9,1.6,,,,
70.313,9,Atta_9,1848.1,1672.5,109.9,70.5,0.2,,,,
70.313,10,Atta_10,463.5,2102.7,213.0,-51.4,2.2,,,,
70.375,1,Atta_1,1025.8,2516.4,275.4,-88.8,-4.4,,,,
70.375,2,Atta_2,148.7,218.7,209.0,116.0,-2.6,,,,
70.375,3,Atta_3,797.5,161.3,117.3,-86.6,-2.8,,,,
70.375,4,Atta_4,126.2,567.9,272.8,-61.3,-1.6,,,,
70.375,5,Atta_5,186.4,1407.0,63.3,12.4,1.8,,,,
70.375,6,Atta_6,1556.3,1760.7,287.8,63.7,-0.4,,,,
70.375,7,Atta_7,609.4,2646.1,101.7,10.4,4.9,,,,
70.375,8,Atta_8,140.3,1746.7,68.0,-40.3,0.5,,,,
70.375,9,Atta_9,1947.1,1705.9,108.1,-104.5,-1.8,,,,
70.375,10,Atta_10,441.2,2056.4,216.6,51.4,3.6,,,,
70.446,1,Atta_1,1000.2,2539.3,278.7,-34.3,3.3,,,,
70.446,2,Atta_2,262.6,243.6,213.6,-116.6,4.6,,,,
70.446,3,Atta_3,754.6,115.3,117.1,-62.9,-0.2,,,,
70.446,4,Atta_4,129.9,585.8,274.3,-18.3,1.5,,,,
70.446,5,Atta_5,223.4,1384.5,62.1,-43.3,-1.2,,,,
70.446,6,Atta_6,1586.6,1754.8,286.1,30.9,-1.7,,,,
70.446,7,Atta_7,604.2,2638.5,107.9,-9.2,6.2,,,,
70.446,8,Atta_8,58.0,1723.4,68.4,-85.5,0.4,,,,
70.446,9,Atta_9,1882.7,1698.1,113.7,64.9,5.6,,,,
70.446,10,Atta_10,431.8,2097.8,220.3,-42.5,3.7,,,,
70.517,1,Atta_1,1003.4,2498.8,278.1,40.6,-0.6,,,,
70.517,2,Atta_2,232.2,230.1,213.1,33.3,-0.5,,,,
70.517,3,Atta_3,797.0,171.8,116.1,70.6,-1.0,,,,
70.517,4,Atta_4,63.9,483.3,274.0,121.9,-0.3,,,,
70.517,5,Atta_5,144.6,1396.9,61.1,-79.8,-1.0,,,,
70.517,6,Atta_6,1597.4,1694.7,284.2,61.1,-1.9,,,,
70.517,7,Atta_7,578.1,2634.7,107.7,26.4,-0.2,,,,
70.517,8,Atta_8,53.2,1745.4,70.9,22.5,2.5,,,,
70.517,9,Atta_9,1865.5,1675.4,111.0,-28.5,-2.7,,,,
70.517,10,Atta_10,457.6,2094.0,214.1,-26.1,-6.2,,,,
70.568,1,Atta_1,1046.5,2491.8,278.9,43.7,0.8,,,,
70.568,2,Atta_2,191.6,231.9,211.7,40.6,-1.4,,,,
70.568,3,Atta_3,774.8,158.2,117.0,-26.0,0.9,,,,
70.568,4,Atta_4,110.0,607.3,273.9,-132.3,-0.1,,,,
70.568,5,Atta_5,205.4,1410.9,62.3,62.4,1.2,,,,
70.568,6,Atta_6,1581.5,1767.7,287.6,-74.7,3.4,,,,
70.568,7,Atta_7,553.4,2641.6,113.7,25.6,6.0,,,,
70.568,8,Atta_8,104.8,1749.0,68.5,51.7,-2.4,,,,
70.568,9,Atta_9,1906.9,1710.0,109.0,54.0,-2.0,,,,
70.568,10,Atta_10,406.0,2065.1,210.9,59.1,-3.2,,,,
70.637,1,Atta_1,1040.2,2546.5,283.9,-55.1,5.0,,,,
70.637,2,Atta_2,272.7,175.2,212.6,-99.0,0.9,,,,
70.637,3,Atta_3,875.8,119.5,120.3,-108.2,3.3,,,,
70.637,4,Atta_4,142.1,589.8,274.1,36.6,0.2,,,,
70.637,5,Atta_5,172.7,1437.9,62.3,42.4,0.0,,,,
70.637,6,Atta_6,1612.5,1755.4,286.4,33.4,-1.2,,,,
70.637,7,Atta_7,626.7,2635.3,121.6,-73.6,7.9,,,,
70.637,8,Atta_8,69.9,1751.6,67.6,-35.0,-0.9,,,,
70.637,9,Atta_9,1859.3,1725.6,108.5,50.1,-0.5,,,,
70.637,10,Atta_10,463.3,2094.0,212.3,-64.2,1.4,,,,
70.703,1,Atta_1,935.4,2502.2,278.7,113.8,-5.2,,,,
70.703,2,Atta_2,181.1,227.7,212.9,105.6,0.3,,,,
70.703,3,Atta_3,806.2,175.9,118.0,89.6,-2.3,,,,
70.703,4,Atta_4,129.7,569.7,274.5,23.6,0.4,,,,
70.703,5,Atta_5,209.5,1375.6,62.3,-72.4,0.0,,,,
70.703,6,Atta_6,1568.2,1758.4,289.7,-44.4,3.3,,,,
70.703,7,Atta_7,585.4,2591.9,120.9,-59.9,-0.7,,,,
70.703,8,Atta_8,123.7,1685.1,72.1,-85.5,4.5,,,,
70.703,9,Atta_9,1858.0,1756.1,109.6,30.5,1.1,,,,
70.703,10,Atta_10,432.5,2081.8,215.6,33.1,3.3,,,,
70.773,1,Atta_1,979.4,2523.5,280.0,-48.9,1.3,,,,
70.773,2,Atta_2,173.9,181.4,212.6,46.9,-0.3,,,,
70.773,3,Atta_3,779.8,215.8,110.8,47.8,-7.2,,,,
70.773,4,Atta_4,101.1,569.7,278.4,-28.6,3.9,,,,
70.773,5,Atta_5,135.8,1377.0,63.5,-73.7,1.2,,,,
70.773,6,Atta_6,1587.8,1837.7,284.5,-81.7,-5.2,,,,
70.773,7,Atta_7,573.9,2650.8,130.6,60.0,9.7,,,,
70.773,8,Atta_8,140.6,1684.8,71.1,16.9,-1.0,,,,
70.773,9,Atta_9,1832.6,1696.1,108.2,-65.2,-1.4,,,,
70.773,10,Atta_10,443.4,2130.1,216.1,-49.5,0.5,,,,
70.827,1,Atta_1,1002.6,2578.5,279.0,-59.7,-1.0,,,,
70.827,2,Atta_2,271.6,183.1,210.6,-97.7,-2.0,,,,
70.827,3,Atta_3,714.5,137.3,116.9,-102.1,6.1,,,,
70.827,4,Atta_4,70.9,603.8,276.7,-45.6,-1.7,,,,
70.827,5,Atta_5,134.1,1361.5,65.3,-15.6,1.8,,,,
70.827,6,Atta_6,1594.4,1733.7,285.3,104.2,0.8,,,,
70.827,7,Atta_7,560.5,2575.3,136.6,-76.7,6.0,,,,
70.827,8,Atta_8,165.0,1727.3,66.6,49.0,-4.5,,,,
70.827,9,Atta_9,1901.3,1705.2,111.4,-69.3,3.2,,,,
70.827,10,Atta_10,475.9,2072.0,216.4,66.6,0.3,,,,
70.898,1,Atta_1,1012.4,2547.3,279.1,32.7,0.1,,,,
70.898,2,Atta_2,214.8,194.5,214.3,57.9,3.7,,,,
70.898,3,Atta_3,771.4,163.9,119.1,-62.8,2.2,,,,
70.898,4,Atta_4,98.4,610.2,277.8,-28.2,1.1,,,,
70.898,5,Atta_5,138.3,1391.1,61.1,29.9,-4.2,,,,
70.898,6,Atta_6,1638.4,1687.6,286.8,63.7,1.5,,,,
70.898,7,Atta_7,594.6,2614.4,138.3,51.9,1.7,,,,
70.898,8,Atta_8,125.8,1695.4,70.0,-50.5,3.4,,,,
70.898,9,Atta_9,1918.6,1703.5,109.1,-17.4,-2.3,,,,
70.898,10,Atta_10,413.3,2079.5,216.6,63.0,0.2,,,,
70.951,1,Atta_1,1041.2,2528.7,281.2,34.3,2.1,,,,
70.951,2,Atta_2,164.5,160.2,214.7,60.9,0.4,,,,
70.951,3,Atta_3,766.9,149.9,117.6,-14.7,-1.5,,,,
70.951,4,Atta_4,125.0,532.3,282.1,82.3,4.3,,,,
70.951,5,Atta_5,164.8,1425.7,62.0,43.6,0.9,,,,
70.951,6,Atta_6,1603.4,1807.1,288.1,-124.5,1.3,,,,
70.951,7,Atta_7,536.0,2604.4,141.5,59.4,3.2,,,,
70.951,8,Atta_8,67.7,1715.3,69.2,-61.4,-0.8,,,,
70.951,9,Atta_9,1897.8,1691.8,113.5,-23.9,4.4,,,,
70.951,10,Atta_10,361.7,2058.9,215.5,55.6,-1.1,,,,
71.022,1,Atta_1,1037.1,2513.3,277.5,15.9,-3.7,,,,
71.022,2,Atta_2,202.1,212.7,212.1,-64.6,-2.6,,,,
71.022,3,Atta_3,750.5,156.9,119.1,17.8,1.5,,,,
71.022,4,Atta_4,183.9,604.3,276.8,-93.0,-5.3,,,,
71.022,5,Atta_5,184.5,1373.8,61.5,-55.5,-0.5,,,,
71.022,6,Atta_6,1565.6,1756.5,284.1,63.2,-4.0,,,,
71.022,7,Atta_7,577.8,2609.9,145.7,-42.2,4.2,,,,
71.022,8,Atta_8,76.9,1716.0,70.9,9.2,1.7,,,,
71.022,9,Atta_9,1880.8,1716.9,112.0,30.3,-1.5,,,,
71.022,10,Atta_10,463.6,2113.3,212.6,-115.5,-2.9,,,,
71.073,1,Atta_1,1013.6,2541.6,278.5,-36.8,1.0,,,,
71.073,2,Atta_2,213.6,198.1,210.6,-18.6,-1.5,,,,
71.073,3,Atta_3,791.3,135.1,118.8,-46.3,-0.3,,,,
71.073,4,Atta_4,92.6,599.9,275.0,-91.4,-1.8,,,,
71.073,5,Atta_5,179.6,1360.8,64.2,-13.9,2.7,,,,
71.073,6,Atta_6,1550.3,1728.2,285.7,32.2,1.6,,,,
71.073,7,Atta_7,568.6,2611.0,149.8,9.3,4.1,,,,
71.073,8,Atta_8,151.9,1694.1,70.2,78.1,-0.7,,,,
71.073,9,Atta_9,1924.2,1733.0,111.7,-46.3,-0.3,,,,
71.073,10,Atta_10,451.5,2103.0,215.2,15.9,2.6,,,,
71.206,1,Atta_1,988.9,2510.9,276.7,39.4,-1.8,,,,
71.206,2,Atta_2,206.7,191.9,213.2,9.3,2.6,,,,
71.206,3,Atta_3,752.5,183.0,118.2,61.6,-0.6,,,,
71.206,4,Atta_4,108.1,571.1,278.7,32.7,3.7,,,,
71.206,5,Atta_5,138.6,1391.7,62.4,51.3,-1.8,,,,
71.206,6,Atta_6,1627.7,1768.5,286.8,-87.3,1.1,,,,
71.206,7,Atta_7,577.8,2662.8,158.6,52.6,8.8,,,,
71.206,8,Atta_8,85.1,1729.2,72.4,75.5,2.2,,,,
71.206,9,Atta_9,1875.4,1712.2,107.1,-53.0,-4.6,,,,
71.206,10,Atta_10,476.7,2090.6,213.1,-28.1,-2.1,,,,
71.275,1,Atta_1,1012.3,2548.8,276.7,-44.5,0.0,,,,
71.275,2,Atta_2,237.1,198.7,212.7,-31.2,-0.5,,,,
71.275,3,Atta_3,775.3,224.3,118.8,47.2,0.6,,,,
71.275,4,Atta_4,145.4,583.6,277.3,-39.3,-1.4,,,,
71.275,5,Atta_5,176.6,1422.1,63.3,48.7,0.9,,,,
71.275,6,Atta_6,1582.9,1834.7,289.5,-79.9,2.7,,,,
71.275,7,Atta_7,626.0,2626.1,165.2,-60.6,6.6,,,,
71.275,8,Atta_8,126.0,1677.2,66.8,-66.2,-5.6,,,,
71.275,9,Atta_9,1883.3,1682.4,110.2,-30.8,3.1,,,,
71.275,10,Atta_10,469.7,2071.8,213.6,20.1,0.5,,,,
71.34,1,Atta_1,993.5,2539.4,279.5,21.0,2.8,,,,
71.34,2,Atta_2,230.2,240.4,213.6,-42.3,0.9,,,,
71.34,3,Atta_3,823.7,151.9,116.6,-87.1,-2.2,,,,
71.34,4,Atta_4,151.9,589.4,280.1,-8.7,2.8,,,,
71.34,5,Atta_5,217.6,1352.0,61.3,-81.2,-2.0,,,,
71.34,6,Atta_6,1604.6,1810.4,286.0,32.6,-3.5,,,,
71.34,7,Atta_7,601.0,2683.1,163.0,62.2,-2.2,,,,
71.34,8,Atta_8,94.6,1711.9,66.3,46.8,-0.5,,,,
71.34,9,Atta_9,1897.0,1655.7,112.3,-30.0,2.1,,,,
71.34,10,Atta_10,431.5,2095.5,215.4,45.0,1.8,,,,
71.473,1,Atta_1,990.2,2479.1,273.3,60.4,-6.2,,,,
71.473,2,Atta_2,177.3,181.0,211.3,79.5,-2.3,,,,
71.473,3,Atta_3,844.3,187.4,119.0,41.0,2.4,,,,
71.473,4,Atta_4,99.6,552.8,275.8,63.8,-4.3,,,,
71.473,5,Atta_5,190.0,1344.7,62.4,-28.5,1.1,,,,
71.473,6,Atta_6,1612.9,1721.7,283.8,89.1,-2.2,,,,
71.473,7,Atta_7,579.2,2597.6,168.0,-88.2,5.0,,,,
71.473,8,Atta_8,106.0,1740.2,69.9,30.5,3.6,,,,
71.473,9,Atta_9,1836.8,1692.7,107.8,70.7,-4.5,,,,
71.473,10,Atta_10,459.2,2105.9,210.6,-29.6,-4.8,,,,
71.539,1,Atta_1,970.4,2540.4,280.7,-64.4,7.4,,,,
71.539,2,Atta_2,198.1,190.3,213.4,-22.8,2.1,,,,
71.539,3,Atta_3,782.2,132.9,125.4,-82.6,6.4,,,,
71.539,4,Atta_4,186.8,550.6,275.1,87.2,-0.7,,,,
71.539,5,Atta_5,256.7,1349.5,63.1,66.9,0.7,,,,
71.539,6,Atta_6,1593.0,1789.2,289.0,-70.4,5.2,,,,
71.539,7,Atta_7,609.7,2638.9,166.7,-51.3,-1.3,,,,
71.539,8,Atta_8,102.0,1742.0,69.1,4.4,-0.8,,,,
71.539,9,Atta_9,1865.9,1718.4,109.8,38.8,2.0,,,,
71.539,10,Atta_10,485.2,2053.1,213.6,58.9,3.0,,,,
71.608,1,Atta_1,1091.4,2557.2,279.8,122.2,-0.9,,,,
71.608,2,Atta_2,233.8,226.2,210.6,-50.6,-2.8,,,,
71.608,3,Atta_3,738.2,162.2,118.4,52.9,-7.0,,,,
71.608,4,Atta_4,90.0,594.6,274.3,-106.3,-0.8,,,,
71.608,5,Atta_5,180.1,1378.6,64.1,-81.9,1.0,,,,
71.608,6,Atta_6,1554.6,1780.4,287.3,-39.4,-1.7,,,,
71.608,7,Atta_7,558.4,2603.1,166.6,62.6,-0.1,,,,
71.608,8,Atta_8,121.1,1701.9,68.6,-44.4,-0.5,,,,
71.608,9,Atta_9,1901.4,1681.4,108.8,-51.3,-1.0,,,,
71.608,10,Atta_10,386.9,2061.4,212.6,98.6,-1.0,,,,
71.677,1,Atta_1,1055.6,2485.3,281.0,80.3,1.2,,,,
71.677,2,Atta_2,197.0,199.6,209.7,45.4,-0.9,,,,
71.677,3,Atta_3,797.7,216.6,117.7,80.6,-0.7,,,,
71.677,4,Atta_4,166.7,526.9,273.7,102.3,-0.6,,,,
71.677,5,Atta_5,145.8,1409.6,61.8,46.2,-2.3,,,,
71.677,6,Atta_6,1634.7,1700.9,286.9,112.9,-0.4,,,,
71.677,7,Atta_7,599.8,2696.5,163.3,-102.2,-3.3,,,,
71.677,8,Atta_8,82.2,1695.4,70.3,-39.4,1.7,,,,
71.677,9,Atta_9,1880.7,1718.9,111.1,42.8,2.3,,,,
71.677,10,Atta_10,423.9,2021.8,213.4,-54.2,0.8,,,,
71.733,1,Atta_1,1000.7,2565.2,277.1,-96.9,-3.9,,,,
71.733,2,Atta_2,179.0,251.9,214.7,-55.3,5.0,,,,
71.733,3,Atta_3,760.7,210.3,117.2,37.5,-0.5,,,,
71.733,4,Atta_4,87.7,522.3,278.7,-79.1,5.0,,,,
71.733,5,Atta_5,175.9,1396.2,66.2,32.9,4.4,,,,
71.733,6,Atta_6,1584.7,1791.5,283.3,-103.5,-3.6,,,,
71.733,7,Atta_7,593.9,2628.7,165.4,-68.1,2.1,,,,
71.733,8,Atta_8,102.0,1749.1,67.7,57.2,-2.6,,,,
71.733,9,Atta_9,1891.6,1678.5,108.1,-41.8,-3.0,,,,
71.733,10,Atta_10,449.9,2053.6,218.8,-41.1,5.4,,,,
71.803,1,Atta_1,969.0,2578.1,278.0,-34.2,0.9,,,,
71.803,2,Atta_2,250.3,164.9,211.3,-112.5,-3.4,,,,
71.803,3,Atta_3,809.8,124.7,117.1,-98.7,-0.1,,,,
71.803,4,Atta_4,88.5,524.6,274.1,-2.4,-4.6,,,,
71.803,5,Atta_5,177.8,1397.7,61.0,2.4,-5.2,,,,
71.803,6,Atta_6,1559.1,1779.4,283.1,28.3,-0.2,,,,
71.803,7,Atta_7,617.7,2594.8,163.6,-41.4,-1.8,,,,
71.803,8,Atta_8,76.5,1747.4,68.4,-25.6,0.7,,,,
71.803,9,Atta_9,1868.8,1692.1,109.9,26.5,1.8,,,,
71.803,10,Atta_10,408.1,2094.3,212.7,58.3,-6.1,,,,
71.87,1,Atta_1,976.8,2567.7,278.2,13.0,0.2,,,,
71.87,2,Atta_2,213.8,199.9,211.7,50.6,0.4,,,,
71.87,3,Atta_3,750.2,164.5,120.5,71.7,3.4,,,,
71.87,4,Atta_4,105.3,529.0,275.3,-17.4,1.2,,,,
71.87,5,Atta_5,146.2,1411.1,60.4,-34.3,-0.6,,,,
71.87,6,Atta_6,1518.1,1823.4,285.4,-60.1,2.3,,,,
71.87,7,Atta_7,601.0,2615.7,170.7,26.8,7.1,,,,
71.87,8,Atta_8,138.2,1731.9,69.7,63.6,1.3,,,,
71.87,9,Atta_9,1864.4,1705.3,106.4,13.9,-3.5,,,,
71.87,10,Atta_10,427.2,2106.4,215.5,-22.6,2.8,,,,
71.924,1,Atta_1,990.4,2519.9,274.5,49.7,-3.7,,,,
71.924,2,Atta_2,209.6,248.1,209.9,-48.4,-1.8,,,,
71.924,3,Atta_3,745.4,178.4,116.2,14.7,-4.3,,,,
71.924,4,Atta_4,79.2,520.1,280.2,27.6,4.9,,,,
71.924,5,Atta_5,171.0,1434.7,64.1,34.2,3.7,,,,
71.924,6,Atta_6,1595.1,1733.4,282.4,118.4,-3.0,,,,
71.924,7,Atta_7,571.5,2622.9,167.3,30.4,-3.4,,,,
71.924,8,Atta_8,80.6,1719.9,68.8,-58.8,-0.9,,,,
71.924,9,Atta_9,1867.7,1680.4,112.4,-25.1,6.0,,,,
71.924,10,Atta_10,439.1,2105.0,217.9,-12.0,2.4,,,,
71.996,1,Atta_1,947.8,2513.5,278.4,43.1,3.9,,,,
71.996,2,Atta_2,242.9,190.5,213.1,-66.5,3.2,,,,
71.996,3,Atta_3,807.2,155.0,119.8,-66.1,3.6,,,,
71.996,4,Atta_4,94.4,566.8,273.8,-49.1,-6.4,,,,
71.996,5,Atta_5,197.4,1457.8,61.3,35.1,-2.8,,,,
71.996,6,Atta_6,1589.8,1735.7,289.9,-5.8,7.5,,,,
71.996,7,Atta_7,610.2,2578.8,167.9,-58.7,0.6,,,,
71.996,8,Atta_8,129.1,1747.4,68.5,55.8,-0.3,,,,
71.996,9,Atta_9,1887.2,1675.6,108.6,-20.1,-3.8,,,,
71.996,10,Atta_10,407.3,2071.2,215.4,46.4,-2.5,,,,
72.048,1,Atta_1,1000.9,2532.5,282.7,-56.4,4.3,,,,
72.048,2,Atta_2,185.3,234.3,213.7,72.4,0.6,,,,
72.048,3,Atta_3,736.7,211.4,117.2,90.3,-2.6,,,,
72.048,4,Atta_4,103.8,572.3,278.7,-10.9,4.9,,,,
72.048,5,Atta_5,141.9,1369.5,63.0,-104.3,1.7,,,,
72.048,6,Atta_6,1652.2,1736.9,287.0,62.4,-2.9,,,,
72.048,7,Atta_7,619.1,2608.7,165.3,-31.2,-2.6,,,,
72.048,8,Atta_8,103.4,1723.7,72.5,-35.0,4.0,,,,
72.048,9,Atta_9,1792.9,1759.5,107.4,126.2,-1.2,,,,
72.048,10,Atta_10,405.7,2076.0,214.0,-5.1,-1.4,,,,
72.118,1,Atta_1,1007.7,2541.4,275.1,-11.2,-7.6,,,,
72.118,2,Atta_2,213.7,253.8,210.0,-34.5,-3.7,,,,
72.118,3,Atta_3,775.4,143.2,119.5,-78.4,2.3,,,,
72.118,4,Atta_4,176.7,535.9,275.8,81.5,-2.9,,,,
72.118,5,Atta_5,231.1,1459.8,64.3,126.9,1.3,,,,
72.118,6,Atta_6,1585.0,1751.5,288.9,-68.8,1.9,,,,
72.118,7,Atta_7,560.1,2653.2,167.1,73.9,1.8,,,,
72.118,8,Atta_8,107.1,1757.4,64.7,33.9,-7.8,,,,
72.118,9,Atta_9,1860.3,1741.6,113.8,-69.7,6.4,,,,
72.118,10,Atta_10,440.0,2108.5,214.5,-47.3,0.5,,,,
72.187,1,Atta_1,1005.2,2489.7,278.3,51.8,3.2,,,,
72.187,2,Atta_2,145.0,176.2,212.2,103.6,2.2,,,,
72.187,3,Atta_3,756.3,167.3,119.7,30.8,0.2,,,,
72.187,4,Atta_4,118.3,544.2,271.7,-59.0,-4.1,,,,
72.187,5,Atta_5,208.9,1393.7,60.8,-69.7,-3.5,,,,
72.187,6,Atta_6,1594.3,1789.8,287.2,-39.4,-1.7,,,,
72.187,7,Atta_7,548.1,2622.4,165.5,33.1,-1.6,,,,
72.187,8,Atta_8,101.5,1725.2,70.6,-32.7,5.9,,,,
72.187,9,Atta_9,1882.3,1717.9,112.6,-32.3,-1.2,,,,
72.187,10,Atta_10,431.6,2060.7,215.3,48.5,0.8,,,,
72.255,1,Atta_1,1003.9,2562.8,280.7,-73.1,2.4,,,,
72.255,2,Atta_2,186.3,228.2,211.1,-66.4,-1.1,,,,
72.255,3,Atta_3,773.9,167.2,117.4,-17.6,-2.3,,,,
72.255,4,Atta_4,128.6,525.0,273.1,21.8,1.4,,,,
72.255,5,Atta_5,178.4,1386.7,60.9,-31.3,0.1,,,,
72.255,6,Atta_6,1613.3,1811.9,286.6,-29.1,-0.6,,,,
72.255,7,Atta_7,591.7,2641.8,166.9,-47.7,1.4,,,,
72.255,8,Atta_8,93.7,1724.4,67.5,-7.8,-3.1,,,,
72.255,9,Atta_9,1886.7,1700.5,108.3,-17.9,-4.3,,,,
72.255,10,Atta_10,384.0,2082.5,216.0,52.4,0.7,,,,
72.322,1,Atta_1,1002.1,2567.6,281.6,-5.1,0.9,,,,
72.322,2,Atta_2,205.1,158.3,215.0,72.4,3.9,,,,
72.322,3,Atta_3,809.9,184.9,121.2,-40.1,3.8,,,,
72.322,4,Atta_4,142.1,599.8,279.9,-76.0,6.8,,,,
72.322,5,Atta_5,198.0,1434.9,61.0,52.0,0.1,,,,
72.322,6,Atta_6,1566.6,1765.5,285.7,65.8,-0.9,,,,
72.322,7,Atta_7,564.1,2594.6,165.4,54.7,-1.5,,,,
72.322,8,Atta_8,88.2,1701.9,65.4,-23.2,-2.1,,,,
72.322,9,Atta_9,1877.3,1711.9,107.9,14.8,-0.4,,,,
72.322,10,Atta_10,450.0,2072.9,213.5,-66.7,-2.5,,,,
72.388,1,Atta_1,986.4,2503.1,279.1,66.4,-2.5,,,,
72.388,2,Atta_2,209.4,176.2,212.9,-18.4,-2.1,,,,
72.388,3,Atta_3,747.1,191.8,122.8,63.2,1.6,,,,
72.388,4,Atta_4,92.1,548.2,277.9,71.9,-2.0,,,,
72.388,5,Atta_5,162.1,1431.8,59.0,-36.0,-2.0,,,,
72.388,6,Atta_6,1616.8,1776.5,283.1,51.4,-2.6,,,,
72.388,7,Atta_7,541.9,2669.8,163.8,78.4,-1.6,,,,
72.388,8,Atta_8,100.1,1707.4,70.5,13.1,5.1,,,,
72.388,9,Atta_9,1824.4,1687.6,107.7,-58.2,-0.2,,,,
72.454,1,Atta_1,1034.0,2463.2,283.3,62.1,4.2,,,,
72.454,2,Atta_2,217.6,209.4,212.7,-34.2,-0.2,,,,
72.454,3,Atta_3,758.1,202.6,119.3,15.4,-3.5,,,,
72.454,4,Atta_4,166.9,520.3,274.3,79.8,-3.6,,,,
72.454,5,Atta_5,189.8,1399.4,60.0,-42.6,1.0,,,,
72.454,6,Atta_6,1569.8,1748.8,287.0,54.6,3.9,,,,
72.454,7,Atta_7,572.3,2608.8,167.2,-68.2,3.4,,,,
72.454,8,Atta_8,159.0,1728.6,68.0,62.6,-2.5,,,,
72.454,9,Atta_9,1955.6,1706.3,112.9,-132.5,5.2,,,,
72.454,10,Atta_10,460.8,2035.3,215.1,39.1,1.6,,,,
72.52,1,Atta_1,984.2,2527.9,279.5,-81.6,-3.8,,,,
72.52,2,Atta_2,153.0,177.1,212.4,72.2,-0.3,,,,
72.52,3,Atta_3,796.5,138.9,119.0,-74.4,-0.3,,,,
72.52,4,Atta_4,116.2,588.5,277.3,-85.0,3.0,,,,
72.52,5,Atta_5,145.0,1378.8,61.0,-49.3,1.0,,,,
72.52,6,Atta_6,1579.2,1841.9,282.4,-93.6,-4.6,,,,
72.52,7,Atta_7,601.4,2619.8,166.6,-31.1,-0.6,,,,
72.52,8,Atta_8,135.4,1731.0,68.1,-23.7,0.1,,,,
72.52,9,Atta_9,1871.7,1666.1,106.5,-93.0,-6.4,,,,
72.52,10,Atta_10,420.3,2117.3,210.0,-91.5,-5.1,,,,
72.59,1,Atta_1,1002.3,2522.8,277.4,18.8,-2.1,,,,
72.59,2,Atta_2,251.3,180.6,211.3,-98.4,-1.1,,,,
72.59,3,Atta_3,758.4,191.6,117.5,65.0,-1.5,,,,
72.59,4,Atta_4,98.4,509.6,274.0,80.9,-3.3,,,,
72.59,5,Atta_5,169.8,1422.5,62.7,50.2,1.7,,,,
72.59,6,Atta_6,1604.9,1747.8,287.1,97.5,4.7,,,,
72.59,7,Atta_7,547.6,2619.1,163.6,53.8,-3.0,,,,
72.59,8,Atta_8,114.9,1696.4,67.0,-40.2,-1.1,,,,
72.59,9,Atta_9,1905.1,1707.0,110.9,52.8,4.4,,,,
72.59,10,Atta_10,430.6,2090.2,213.1,29.0,3.1,,,,
72.645,1,Atta_1,1045.8,2488.9,280.1,55.1,2.7,,,,
72.645,2,Atta_2,145.8,184.9,215.6,105.6,4.3,,,,
72.645,3,Atta_3,738.0,182.5,119.6,22.3,2.1,,,,
72.645,4,Atta_4,73.3,592.4,274.3,-86.5,0.3,,,,
72.645,5,Atta_5,213.9,1413.3,61.1,45.0,-1.6,,,,
72.645,6,Atta_6,1598.1,1776.9,280.5,-29.9,-6.6,,,,
72.645,7,Atta_7,585.9,2639.7,165.6,-43.5,2.0,,,,
72.645,8,Atta_8,146.0,1726.5,71.6,43.3,4.6,,,,
72.645,9,Atta_9,1862.7,1659.9,111.8,-63.4,0.9,,,,
72.645,10,Atta_10,489.1,2115.1,211.6,-63.6,-1.5,,,,
72.716,1,Atta_1,1011.5,2509.3,277.4,-39.9,-2.7,,,,
72.716,2,Atta_2,217.3,203.3,208.7,-73.8,-6.9,,,,
72.716,3,Atta_3,764.1,240.7,118.9,63.8,-0.7,,,,
72.716,4,Atta_4,88.7,554.1,276.7,41.3,2.4,,,,
72.716,5,Atta_5,156.1,1394.8,62.9,-60.7,1.8,,,,
72.716,6,Atta_6,1585.4,1832.2,286.6,-56.7,6.1,,,,
72.716,7,Atta_7,591.5,2621.0,167.7,-19.5,2.1,,,,
72.716,8,Atta_8,134.2,1685.2,69.4,-43.0,-2.2,,,,
72.716,9,Atta_9,1872.0,1674.0,106.4,16.9,-5.4,,,,
72.716,10,Atta_10,442.8,2146.5,211.5,55.9,-0.1,,,,
72.782,1,Atta_1,1005.8,2513.2,280.3,-6.9,2.9,,,,
72.782,2,Atta_2,145.9,268.4,214.5,96.6,5.8,,,,
72.782,3,Atta_3,780.3,141.0,114.9,-101.0,-4.0,,,,
72.782,4,Atta_4,135.4,493.0,278.6,76.9,1.9,,,,
72.782,5,Atta_5,222.2,1418.8,61.6,70.3,-1.3,,,,
72.782,6,Atta_6,1618.8,1750.4,286.3,88.4,-0.3,,,,
72.782,7,Atta_7,612.1,2597.9,168.0,-31.0,0.3,,,,
72.782,8,Atta_8,126.3,1715.9,64.9,31.7,-4.5,,,,
72.782,9,Atta_9,1841.7,1647.0,105.9,-40.6,-0.5,,,,
72.782,10,Atta_10,429.8,2110.5,216.7,38.3,5.2,,,,
72.853,1,Atta_1,1069.6,2528.8,287.2,-65.7,6.9,,,,
72.853,2,Atta_2,202.6,201.6,220.9,-87.6,6.4,,,,
72.853,3,Atta_3,764.3,181.7,112.3,43.7,-2.6,,,,
72.853,4,Atta_4,143.9,536.6,281.1,-44.4,2.5,,,,
72.853,5,Atta_5,126.2,1392.1,55.6,-99.6,-6.0,,,,
72.853,6,Atta_6,1533.6,1734.9,295.4,-86.6,9.1,,,,
72.853,7,Atta_7,598.0,2617.5,170.5,24.1,2.5,,,,
72.853,8,Atta_8,151.4,1731.3,62.3,29.4,-2.6,,,,
72.853,9,Atta_9,1887.7,1725.1,103.5,90.6,-2.4,,,,
72.853,10,Atta_10,395.8,2107.8,217.9,34.1,1.2,,,,
72.973,1,Atta_1,1041.5,2496.5,290.9,42.8,3.7,,,,
72.973,2,Atta_2,254.2,201.1,223.3,-51.6,2.4,,,,
72.973,3,Atta_3,804.6,199.8,106.8,44.2,-5.5,,,,
72.973,4,Atta_4,123.9,596.7,286.2,-63.3,5.1,,,,
72.973,5,Atta_5,170.5,1370.8,51.0,49.2,-4.6,,,,
72.973,6,Atta_6,1590.0,1720.4,296.5,58.2,1.1,,,,
72.973,7,Atta_7,570.7,2659.0,175.9,49.7,5.4,,,,
72.973,8,Atta_8,106.6,1694.0,58.1,-58.3,-4.2,,,,
72.973,9,Atta_9,1896.2,1676.9,95.8,-48.9,-7.7,,,,
72.973,10,Atta_10,393.4,2047.6,221.8,60.2,3.9,,,,
73.024,1,Atta_1,993.8,2612.7,294.2,-125.6,3.3,,,,
73.024,2,Atta_2,209.3,170.3,226.0,54.4,2.7,,,,
73.024,3,Atta_3,765.0,179.5,102.2,-44.5,-4.6,,,,
73.024,4,Atta_4,153.5,559.8,295.8,47.3,9.6,,,,
73.024,5,Atta_5,202.5,1410.0,45.0,50.6,-6.0,,,,
73.024,6,Atta_6,1597.6,1780.0,299.3,-60.1,2.8,,,,
73.024,7,Atta_7,565.8,2625.1,182.8,34.3,6.9,,,,
73.024,8,Atta_8,171.1,1716.3,52.8,68.2,-5.3,,,,
73.024,9,Atta_9,1862.6,1755.8,94.6,85.8,-1.2,,,,
73.024,10,Atta_10,411.7,2065.6,234.2,-25.7,12.4,,,,
73.094,1,Atta_1,1039.4,2487.4,297.2,133.3,3.0,,,,
73.094,2,Atta_2,185.9,143.8,230.2,35.4,4.2,,,,
73.094,3,Atta_3,754.8,170.1,99.8,-13.9,-2.4,,,,
73.094,4,Atta_4,143.0,547.6,298.0,16.1,2.2,,,,
73.094,5,Atta_5,192.8,1426.0,41.2,18.7,-3.8,,,,
73.094,6,Atta_6,1514.5,1750.5,308.6,-88.2,9.3,,,,
73.094,7,Atta_7,635.0,2591.8,186.3,-76.8,3.5,,,,
73.094,8,Atta_8,118.2,1651.8,49.5,-83.4,-3.3,,,,
73.094,9,Atta_9,1862.8,1700.0,91.3,-55.8,-3.3,,,,
73.094,10,Atta_10,457.7,2091.9,232.1,-53.0,-2.1,,,,
73.15,1,Atta_1,1005.0,2479.8,305.3,-35.2,8.1,,,,
73.15,2,Atta_2,207.1,218.5,237.8,-77.7,7.6,,,,
73.15,3,Atta_3,808.2,186.1,93.9,55.7,-5.9,,,,
73.15,4,Atta_4,133.6,568.2,303.5,-22.6,5.5,,,,
73.15,5,Atta_5,203.4,1374.0,37.3,-53.1,-3.9,,,,
73.15,6,Atta_6,1579.9,1770.6,308.6,68.4,0.0,,,,
73.15,7,Atta_7,613.4,2583.5,191.7,23.1,5.4,,,,
73.15,8,Atta_8,142.2,1658.9,45.5,25.0,-4.0,,,,
73.15,9,Atta_9,1878.1,1709.0,83.8,17.8,-7.5,,,,
73.15,10,Atta_10,434.5,2147.2,240.8,-60.0,8.7,,,,
73.216,1,Atta_1,1029.2,2525.3,311.6,-51.5,6.3,,,,
73.216,2,Atta_2,152.7,220.8,239.3,54.4,1.5,,,,
73.216,3,Atta_3,758.8,169.2,87.8,-52.2,-6.1,,,,
73.216,4,Atta_4,171.6,561.5,306.0,38.6,2.5,,,,
73.216,5,Atta_5,145.8,1400.7,32.5,-63.5,-4.8,,,,
73.216,6,Atta_6,1612.1,1778.0,318.0,33.0,9.4,,,,
73.216,7,Atta_7,565.2,2616.4,195.0,58.4,3.3,,,,
73.216,8,Atta_8,100.5,1699.4,35.8,-58.1,-9.7,,,,
73.216,9,Atta_9,1884.2,1664.5,80.2,-44.9,-3.6,,,,
73.216,10,Atta_10,460.2,2052.0,243.4,98.6,2.6,,,,
73.281,1,Atta_1,1008.4,2546.9,311.3,-30.0,-0.3,,,,
73.281,2,Atta_2,197.9,216.6,249.3,-45.4,10.0,,,,
73.281,3,Atta_3,832.7,160.2,86.8,-74.4,-1.0,,,,
73.281,4,Atta_4,185.2,523.6,308.1,40.3,2.1,,,,
73.281,5,Atta_5,155.9,1336.3,30.2,-65.2,-2.3,,,,
73.281,6,Atta_6,1562.5,1803.1,319.0,-55.6,1.0,,,,
73.281,7,Atta_7,621.5,2598.2,197.5,-59.2,2.5,,,,
73.281,8,Atta_8,123.4,1663.2,32.4,-42.8,-3.4,,,,
73.281,9,Atta_9,1917.3,1652.3,75.8,-35.3,-4.4,,,,
73.281,10,Atta_10,481.0,2066.0,246.1,-25.1,2.7,,,,
73.349,1,Atta_1,981.1,2488.4,320.9,64.6,9.6,,,,
73.349,2,Atta_2,187.0,180.2,251.0,38.0,1.7,,,,
73.349,3,Atta_3,796.3,182.0,83.0,42.4,-3.8,,,,
73.349,4,Atta_4,132.5,566.7,315.2,-68.1,7.1,,,,
73.349,5,Atta_5,162.1,1424.2,24.5,88.1,-5.7,,,,
73.349,6,Atta_6,1613.5,1810.6,323.4,51.5,4.4,,,,
73.349,7,Atta_7,545.6,2595.6,205.4,75.9,7.9,,,,
73.349,8,Atta_8,144.1,1722.5,29.9,62.8,-2.5,,,,
73.349,9,Atta_9,1883.9,1717.0,72.1,72.8,-3.7,,,,
73.349,10,Atta_10,462.6,2086.2,252.8,-27.3,6.7,,,,
73.401,1,Atta_1,945.4,2447.1,322.0,-54.6,1.1,,,,
73.401,2,Atta_2,255.7,255.6,252.9,-102.0,1.9,,,,
73.401,3,Atta_3,781.8,201.5,77.4,24.3,-5.6,,,,
73.401,4,Atta_4,78.7,547.0,315.9,-57.3,0.7,,,,
73.401,5,Atta_5,189.1,1422.2,19.6,27.1,-4.9,,,,
73.401,6,Atta_6,1582.5,1672.8,328.1,141.2,4.7,,,,
73.401,7,Atta_7,617.7,2600.9,210.3,-72.3,4.9,,,,
73.401,8,Atta_8,110.7,1743.5,24.4,-39.5,-5.5,,,,
73.401,9,Atta_9,1867.7,1671.2,63.0,-48.6,-9.1,,,,
73.401,10,Atta_10,459.2,2094.7,254.8,-9.2,2.0,,,,
73.467,1,Atta_1,985.6,2498.5,323.2,65.3,1.2,,,,
73.467,2,Atta_2,230.1,194.9,259.4,65.9,6.5,,,,
73.467,3,Atta_3,753.5,161.3,67.7,-49.2,-9.7,,,,
73.467,4,Atta_4,156.6,553.7,322.0,78.2,6.1,,,,
73.467,5,Atta_5,197.8,1374.9,14.6,-48.1,-5.0,,,,
73.467,6,Atta_6,1567.8,1768.0,337.6,-96.3,9.5,,,,
73.467,7,Atta_7,598.9,2666.2,213.3,-68.0,3.0,,,,
73.467,8,Atta_8,95.8,1787.8,22.6,46.7,-1.8,,,,
73.467,9,Atta_9,1894.7,1714.8,63.9,51.3,0.9,,,,
73.467,10,Atta_10,467.5,2127.7,259.4,-34.0,4.6,,,,
73.6,1,Atta_1,1025.5,2508.4,329.5,41.1,6.3,,,,
73.6,2,Atta_2,159.5,223.8,265.0,-76.3,5.6,,,,
73.6,3,Atta_3,761.5,139.4,70.2,-23.3,2.5,,,,
73.6,4,Atta_4,164.3,560.4,330.6,10.2,8.6,,,,
73.6,5,Atta_5,184.5,1383.1,10.6,-15.6,-4.0,,,,
73.6,6,Atta_6,1547.8,1772.1,341.6,-20.4,4.0,,,,
73.6,7,Atta_7,563.9,2671.3,214.3,35.4,1.0,,,,
73.6,8,Atta_8,145.4,1686.5,16.4,112.8,-6.2,,,,
73.6,9,Atta_9,1865.7,1725.8,57.4,-31.0,-6.5,,,,
73.6,10,Atta_10,452.4,2070.7,263.5,59.0,4.1,,,,
73.668,1,Atta_1,1010.5,2515.4,337.0,-16.6,7.5,,,,
73.668,2,Atta_2,181.1,201.1,274.4,31.3,9.4,,,,
73.668,3,Atta_3,755.7,201.5,56.4,62.4,-13.8,,,,
73.668,4,Atta_4,177.6,552.9,335.9,15.3,5.3,,,,
73.668,5,Atta_5,236.5,1399.9,1.8,54.6,-8.8,,,,
73.668,6,Atta_6,1591.4,1786.9,339.3,46.0,-2.3,,,,
73.668,7,Atta_7,601.9,2650.1,222.4,-43.5,8.1,,,,
73.668,8,Atta_8,100.6,1686.9,10.1,-44.8,-6.3,,,,
73.668,9,Atta_9,1886.3,1695.1,47.1,-37.0,-10.3,,,,
73.668,10,Atta_10,482.5,2109.7,274.2,-49.3,10.7,,,,
73.739,1,Atta_1,1011.2,2572.9,336.0,-57.5,-1.0,,,,
73.739,2,Atta_2,182.4,141.7,276.2,59.4,1.8,,,,
73.739,3,Atta_3,796.9,193.2,52.1,42.0,-4.3,,,,
73.739,4,Atta_4,140.3,482.8,341.1,-79.4,5.2,,,,
73.739,5,Atta_5,182.0,1393.2,354.3,-54.9,-7.5,,,,
73.739,6,Atta_6,1624.5,1714.8,340.1,79.3,0.8,,,,
73.739,7,Atta_7,587.7,2596.9,228.3,55.1,5.9,,,,
73.739,8,Atta_8,93.7,1654.2,6.6,-33.4,-3.5,,,,
73.739,9,Atta_9,1880.0,1723.3,45.4,28.9,-1.7,,,,
73.739,10,Atta_10,464.5,2074.0,277.1,40.0,2.9,,,,
73.854,1,Atta_1,958.8,2512.9,336.0,-79.7,0.0,,,,
73.854,2,Atta_2,224.8,177.5,281.6,-55.5,5.4,,,,
73.854,3,Atta_3,819.0,112.1,48.1,-84.1,-4.0,,,,
73.854,4,Atta_4,133.3,578.6,344.8,-96.1,3.7,,,,
73.854,5,Atta_5,164.5,1371.1,355.7,-28.2,1.4,,,,
73.854,6,Atta_6,1605.6,1756.6,338.0,-45.9,-2.1,,,,
73.854,7,Atta_7,609.3,2638.4,233.6,-46.8,5.3,,,,
73.854,8,Atta_8,119.0,1716.8,356.4,67.5,-10.2,,,,
73.854,9,Atta_9,1900.3,1687.4,41.1,-41.2,-4.3,,,,
73.854,10,Atta_10,397.1,2102.3,286.9,-73.1,9.8,,,,
73.922,1,Atta_1,1006.7,2551.2,338.9,61.3,2.9,,,,
73.922,2,Atta_2,162.0,237.4,284.7,-86.8,3.1,,,,
73.922,3,Atta_3,768.3,175.9,43.2,81.5,-4.9,,,,
73.922,4,Atta_4,163.2,545.2,350.3,44.8,5.5,,,,
73.922,5,Atta_5,146.1,1421.3,351.3,-53.5,-4.4,,,,
73.922,6,Atta_6,1572.8,1733.6,338.1,-40.1,0.1,,,,
73.922,7,Atta_7,570.0,2663.9,238.1,46.8,4.5,,,,
73.922,8,Atta_8,102.3,1761.5,355.0,-47.7,-1.4,,,,
73.922,9,Atta_9,1868.8,1720.7,35.3,-45.8,-5.8,,,,
73.922,10,Atta_10,464.5,2128.1,286.4,-72.2,-0.5,,,,
73.991,1,Atta_1,1000.4,2493.9,340.3,57.6,1.4,,,,
73.991,2,Atta_2,191.3,184.4,289.6,60.6,4.9,,,,
73.991,3,Atta_3,761.8,129.3,41.4,-47.1,-1.8,,,,
73.991,4,Atta_4,63.6,582.4,354.2,-106.3,3.9,,,,
73.991,5,Atta_5,150.8,1420.2,347.6,4.8,-3.7,,,,
73.991,6,Atta_6,1576.3,1801.3,340.9,-67.8,2.8,,,,
73.991,7,Atta_7,612.8,2632.6,244.3,53.0,6.2,,,,
73.991,8,Atta_8,104.1,1729.4,348.7,32.2,-6.3,,,,
73.991,9,Atta_9,1823.7,1742.3,28.7,-50.0,-6.6,,,,
73.991,10,Atta_10,444.8,2105.8,293.2,29.8,6.8,,,,
74.058,1,Atta_1,1060.9,2513.9,333.1,63.7,-7.2,,,,
74.058,2,Atta_2,200.6,208.4,292.1,-25.7,2.5,,,,
74.058,3,Atta_3,787.9,160.4,33.7,40.6,-7.7,,,,
74.058,4,Atta_4,109.6,575.8,354.8,46.5,0.6,,,,
74.058,5,Atta_5,152.7,1414.3,352.4,6.2,4.8,,,,
74.058,6,Atta_6,1621.3,1807.8,337.1,45.5,-3.8,,,,
74.058,7,Atta_7,550.7,2608.2,247.7,66.7,3.4,,,,
74.058,8,Atta_8,80.4,1721.0,349.2,-25.1,0.5,,,,
74.058,9,Atta_9,1863.8,1767.6,27.9,47.4,-0.8,,,,
74.058,10,Atta_10,455.3,2090.1,296.9,18.9,3.7,,,,
74.12,1,Atta_1,1037.0,2559.1,338.7,-51.1,5.6,,,,
74.12,2,Atta_2,244.0,235.2,299.5,-51.0,7.4,,,,
74.12,3,Atta_3,802.4,190.0,33.8,33.0,0.1,,,,
74.12,4,Atta_4,129.5,548.1,355.8,34.1,1.0,,,,
74.12,5,Atta_5,191.9,1354.9,353.3,71.2,0.9,,,,
74.12,6,Atta_6,1649.6,1717.9,339.5,94.2,2.4,,,,
74.12,7,Atta_7,610.2,2601.0,253.5,-59.9,5.8,,,,
74.12,8,Atta_8,135.2,1728.9,348.3,55.4,-0.9,,,,
74.12,9,Atta_9,1849.3,1695.1,23.2,-73.9,-4.7,,,,
74.12,10,Atta_10,431.9,2068.6,300.3,31.8,3.4,,,,
74.189,1,Atta_1,999.0,2482.5,339.8,-85.5,1.1,,,,
74.189,2,Atta_2,170.0,197.9,304.1,-82.9,4.6,,,,
74.189,3,Atta_3,727.5,134.8,24.6,-93.0,-9.2,,,,
74.189,4,Atta_4,141.1,562.9,356.1,18.8,0.3,,,,
74.189,5,Atta_5,231.7,1422.3,353.0,78.3,-0.3,,,,
74.189,6,Atta_6,1548.7,1768.7,336.8,-113.0,-2.7,,,,
74.189,7,Atta_7,586.0,2631.7,259.7,-39.1,6.2,,,,
74.189,8,Atta_8,81.0,1713.3,350.1,-56.4,1.8,,,,
74.189,9,Atta_9,1871.7,1665.9,24.7,36.8,1.5,,,,
74.189,10,Atta_10,431.8,2043.0,306.3,25.6,6.0,,,,
74.255,1,Atta_1,978.4,2477.5,337.7,-21.2,-2.1,,,,
74.255,2,Atta_2,242.8,211.5,308.0,74.1,3.9,,,,
74.255,3,Atta_3,815.4,178.7,19.2,98.3,-5.4,,,,
74.255,4,Atta_4,123.9,591.4,357.4,-33.3,1.3,,,,
74.255,5,Atta_5,199.0,1369.2,352.8,-62.4,-0.2,,,,
74.255,6,Atta_6,1611.0,1736.3,338.8,70.2,2.0,,,,
74.255,7,Atta_7,585.9,2625.8,264.5,5.9,4.8,,,,
74.255,8,Atta_8,129.2,1720.5,351.0,48.7,0.9,,,,
74.255,9,Atta_9,1894.9,1679.4,26.0,26.8,1.3,,,,
74.255,10,Atta_10,406.9,2074.0,311.8,-39.8,5.5,,,,
74.326,1,Atta_1,1061.8,2515.6,339.5,91.7,1.8,,,,
74.326,2,Atta_2,215.7,185.4,316.4,37.6,8.4,,,,
74.326,3,Atta_3,834.6,159.0,17.0,27.5,-2.2,,,,
74.326,4,Atta_4,144.2,536.3,357.3,58.7,-0.1,,,,
74.326,5,Atta_5,184.3,1404.3,352.2,-38.1,-0.6,,,,
74.326,6,Atta_6,1631.3,1805.2,342.2,-71.8,3.4,,,,
74.326,7,Atta_7,547.6,2573.4,265.3,64.9,0.8,,,,
74.326,8,Atta_8,88.2,1714.9,351.5,-41.4,0.5,,,,
74.326,9,Atta_9,1880.3,1698.6,23.7,-24.1,-2.3,,,,
74.326,10,Atta_10,380.7,2046.8,312.5,37.8,0.7,,,,
74.379,1,Atta_1,1058.6,2470.4,338.2,45.3,-1.3,,,,
74.379,2,Atta_2,189.6,157.4,315.1,38.3,-1.3,,,,
74.379,3,Atta_3,718.3,182.7,9.7,-118.7,-7.3,,,,
74.379,4,Atta_4,93.7,528.1,356.8,-51.2,-0.5,,,,
74.379,5,Atta_5,206.5,1442.4,352.8,44.1,0.6,,,,
74.379,6,Atta_6,1682.0,1764.0,342.1,65.3,-0.1,,,,
74.379,7,Atta_7,584.2,2517.7,271.5,66.6,6.2,,,,
74.379,8,Atta_8,162.7,1665.3,350.6,89.5,-0.9,,,,
74.379,9,Atta_9,1871.0,1669.0,28.0,-31.0,4.3,,,,
74.379,10,Atta_10,449.2,2081.4,318.3,76.7,5.8,,,,
74.449,1,Atta_1,1075.4,2485.1,335.0,22.3,-3.2,,,,
74.449,2,Atta_2,186.4,243.6,321.3,-86.3,6.2,,,,
74.449,3,Atta_3,779.2,166.5,8.7,63.0,-1.0,,,,
74.449,4,Atta_4,69.0,560.7,0.7,-40.9,3.9,,,,
74.449,5,Atta_5,218.8,1367.1,352.3,76.3,-0.5,,,,
74.449,6,Atta_6,1662.3,1736.4,339.3,-33.9,-2.8,,,,
74.449,7,Atta_7,584.6,2615.0,272.7,-97.3,1.2,,,,
74.449,8,Atta_8,89.2,1705.0,350.9,-83.5,0.3,,,,
74.449,9,Atta_9,1955.1,1737.7,24.3,108.6,-3.7,,,,
74.449,10,Atta_10,401.0,2078.2,321.9,-48.3,3.6,,,,
74.519,1,Atta_1,1094.0,2467.1,338.6,25.9,3.6,,,,
74.519,2,Atta_2,235.5,202.0,326.6,64.4,5.3,,,,
74.519,3,Atta_3,739.4,190.6,9.5,-46.5,0.8,,,,
74.519,4,Atta_4,113.4,556.7,357.5,44.6,-3.2,,,,
74.519,5,Atta_5,277.7,1455.3,352.3,106.1,0.0,,,,
74.519,6,Atta_6,1680.8,1724.0,341.7,22.3,2.4,,,,
74.519,7,Atta_7,554.2,2648.9,280.0,-45.5,7.3,,,,
74.519,8,Atta_8,212.7,1661.2,348.8,131.0,-2.1,,,,
74.519,9,Atta_9,1914.1,1704.6,25.1,-52.7,0.8,,,,
74.519,10,Atta_10,380.4,2058.2,331.0,-28.7,9.1,,,,
74.587,1,Atta_1,1083.5,2452.2,338.1,-18.2,-0.5,,,,
74.587,2,Atta_2,204.8,226.4,328.6,-39.2,2.0,,,,
74.587,3,Atta_3,732.2,136.0,8.6,-55.1,-0.9,,,,
74.587,4,Atta_4,172.4,496.8,355.2,84.1,-2.3,,,,
74.587,5,Atta_5,200.9,1410.2,354.0,-89.1,1.7,,,,
74.587,6,Atta_6,1655.4,1743.6,340.8,-32.1,-0.9,,,,
74.587,7,Atta_7,616.6,2642.2,282.8,62.8,2.8,,,,
74.587,8,Atta_8,170.2,1671.1,350.4,-43.6,1.6,,,,
74.587,9,Atta_9,1938.3,1657.0,23.9,53.4,-1.2,,,,
74.587,10,Atta_10,387.4,2083.1,332.8,-25.9,1.8,,,,
74.657,1,Atta_1,1096.7,2497.0,340.7,-46.7,2.6,,,,
74.657,2,Atta_2,149.4,204.3,339.7,-59.6,11.1,,,,
74.657,3,Atta_3,784.0,214.3,8.6,93.9,0.0,,,,
74.657,4,Atta_4,205.2,534.2,355.8,49.7,0.6,,,,
74.657,5,Atta_5,238.3,1331.4,352.3,87.2,-1.7,,,,
74.657,6,Atta_6,1750.2,1716.2,339.6,98.7,-1.2,,,,
74.657,7,Atta_7,567.7,2639.0,286.5,-49.0,3.7,,,,
74.657,8,Atta_8,205.7,1741.5,352.0,78.8,1.6,,,,
74.657,9,Atta_9,1891.0,1691.9,23.4,-58.8,-0.5,,,,
74.657,10,Atta_10,451.5,2086.0,336.5,64.2,3.7,,,,
74.726,1,Atta_1,1116.7,2473.7,340.1,30.7,-0.6,,,,
74.726,2,Atta_2,192.2,245.9,338.1,59.7,-1.6,,,,
74.726,3,Atta_3,749.3,175.2,9.7,-52.3,1.1,,,,
74.726,4,Atta_4,212.9,540.6,358.3,10.0,2.5,,,,
74.726,5,Atta_5,225.3,1407.9,353.6,-77.6,1.3,,,,
74.726,6,Atta_6,1713.6,1738.6,340.9,-42.9,1.3,,,,
74.726,7,Atta_7,579.7,2565.1,288.8,74.9,2.3,,,,
74.726,8,Atta_8,202.3,1678.1,350.3,63.5,-1.7,,,,
74.726,9,Atta_9,1883.4,1668.6,24.9,-24.5,1.5,,,,
74.726,10,Atta_10,450.4,2086.1,343.6,-1.1,7.1,,,,
74.794,1,Atta_1,1144.7,2452.7,337.0,35.0,-3.1,,,,
74.794,2,Atta_2,192.9,184.9,345.5,61.0,7.4,,,,
74.794,3,Atta_3,748.0,158.3,13.8,-16.9,4.1,,,,
74.794,4,Atta_4,174.0,522.4,356.6,-42.9,-1.7,,,,
74.794,5,Atta_5,244.7,1313.8,350.7,96.1,-2.9,,,,
74.794,6,Atta_6,1770.4,1741.9,341.5,56.9,0.6,,,,
74.794,7,Atta_7,671.6,2702.6,296.3,-165.4,7.5,,,,
74.794,8,Atta_8,210.5,1709.4,350.6,32.4,0.3,,,,
74.794,9,Atta_9,1913.7,1765.7,26.7,101.7,1.8,,,,
74.794,10,Atta_10,444.0,2067.7,347.1,-19.5,3.5,,,,
74.864,1,Atta_1,1133.9,2469.4,340.1,-19.9,3.1,,,,
74.864,2,Atta_2,212.3,229.3,349.7,48.5,4.2,,,,
74.864,3,Atta_3,762.8,199.7,5.9,44.0,-7.9,,,,
74.864,4,Atta_4,214.6,612.2,359.3,98.6,2.7,,,,
74.864,5,Atta_5,314.7,1426.1,350.6,132.3,-0.1,,,,
74.864,6,Atta_6,1718.4,1725.0,342.8,-54.7,1.3,,,,
74.864,7,Atta_7,630.9,2650.6,298.7,66.0,2.4,,,,
74.864,8,Atta_8,188.7,1737.4,349.2,-35.5,-1.4,,,,
74.864,9,Atta_9,1966.9,1701.5,27.1,83.4,0.4,,,,
74.864,10,Atta_10,480.1,2069.2,351.0,36.1,3.9,,,,
74.918,1,Atta_1,1123.5,2480.8,337.8,-15.4,-2.3,,,,
74.918,2,Atta_2,204.1,157.9,353.3,71.9,3.6,,,,
74.918,3,Atta_3,849.4,189.0,6.7,87.3,0.8,,,,
74.918,4,Atta_4,170.6,591.3,358.1,-48.7,-1.2,,,,
74.918,5,Atta_5,263.2,1337.3,349.0,-102.7,-1.6,,,,
74.918,6,Atta_6,1709.6,1692.6,338.1,33.6,-4.7,,,,
74.918,7,Atta_7,566.1,2655.9,306.0,-65.0,7.3,,,,
74.918,8,Atta_8,214.0,1657.4,348.9,83.9,-0.3,,,,
74.918,9,Atta_9,1975.8,1711.2,28.7,13.2,1.6,,,,
74.918,10,Atta_10,419.1,2071.1,356.7,-61.0,5.7,,,,
74.988,1,Atta_1,1127.8,2433.0,335.0,48.0,-2.8,,,,
74.988,2,Atta_2,173.5,191.3,359.3,-45.3,6.0,,,,
74.988,3,Atta_3,843.6,216.8,11.4,-28.4,4.7,,,,
74.988,4,Atta_4,216.4,526.8,357.4,79.1,-0.7,,,,
74.988,5,Atta_5,326.7,1392.8,349.1,84.3,0.1,,,,
74.988,6,Atta_6,1819.3,1704.2,341.2,110.3,3.1,,,,
74.988,7,Atta_7,566.8,2624.7,312.2,31.2,6.2,,,,
74.988,8,Atta_8,285.8,1717.7,350.6,93.8,1.7,,,,
74.988,9,Atta_9,1951.4,1752.8,29.3,-48.2,0.6,,,,
74.988,10,Atta_10,443.7,2067.9,357.8,24.8,1.1,,,,
75.057,1,Atta_1,1205.2,2487.4,337.3,94.6,2.3,,,,
75.057,2,Atta_2,209.6,230.2,3.5,53.1,4.2,,,,
75.057,3,Atta_3,840.7,170.8,9.0,-46.1,-2.4,,,,
75.057,4,Atta_4,228.3,585.8,355.2,60.2,-2.2,,,,
75.057,5,Atta_5,357.9,1416.4,355.8,39.1,6.7,,,,
75.057,6,Atta_6,1771.9,1706.4,340.7,-47.5,-0.5,,,,
75.057,7,Atta_7,582.8,2622.4,317.7,16.2,5.5,,,,
75.057,8,Atta_8,253.4,1708.4,354.3,-33.7,3.7,,,,
75.057,9,Atta_9,1974.0,1754.6,23.0,22.7,-6.3,,,,
75.057,10,Atta_10,483.0,2064.5,3.5,39.4,5.7,,,,
75.126,1,Atta_1,1184.5,2444.1,336.6,-48.0,-0.7,,,,
75.126,2,Atta_2,214.3,239.1,7.1,10.1,3.6,,,,
75.126,3,Atta_3,852.7,174.7,9.1,12.6,0.1,,,,
75.126,4,Atta_4,295.3,545.2,355.0,78.3,-0.2,,,,
75.126,5,Atta_5,338.9,1384.6,352.6,-37.0,-3.2,,,,
75.126,6,Atta_6,1785.6,1726.4,341.8,24.2,1.1,,,,
75.126,7,Atta_7,568.6,2649.9,324.9,-30.9,7.2,,,,
75.126,8,Atta_8,222.2,1715.1,349.1,-31.9,-5.2,,,,
75.126,9,Atta_9,2039.5,1748.3,22.8,65.8,-0.2,,,,
75.126,10,Atta_10,457.0,2077.0,3.3,-28.8,-0.2,,,,
75.194,1,Atta_1,1173.4,2466.4,337.9,-24.9,1.3,,,,
75.194,2,Atta_2,146.1,242.1,10.6,-68.3,3.5,,,,
75.194,3,Atta_3,826.9,210.1,9.0,-43.8,-0.1,,,,
75.194,4,Atta_4,227.5,552.0,356.9,-68.1,1.9,,,,
75.194,5,Atta_5,419.0,1372.2,347.9,81.1,-4.7,,,,
75.194,6,Atta_6,1726.7,1660.3,342.0,-88.5,0.2,,,,
75.194,7,Atta_7,592.9,2637.2,320.8,27.4,-4.1,,,,
75.194,8,Atta_8,229.1,1628.0,350.4,87.4,1.3,,,,
75.194,9,Atta_9,2029.2,1776.5,28.1,30.0,5.3,,,,
75.194,10,Atta_10,468.2,2064.8,3.9,16.6,0.6,,,,
75.259,1,Atta_1,1245.1,2459.9,338.0,72.0,0.1,,,,
75.259,2,Atta_2,186.0,160.1,12.3,91.2,1.7,,,,
75.259,3,Atta_3,848.0,156.6,7.7,57.5,-1.3,,,,
75.259,4,Atta_4,316.9,586.9,355.6,96.0,-1.3,,,,
75.259,5,Atta_5,381.4,1365.7,352.7,-38.2,4.8,,,,
75.259,6,Atta_6,1793.5,1683.5,336.1,70.7,-5.9,,,,
75.259,7,Atta_7,548.5,2640.2,331.8,-44.5,11.0,,,,
75.259,8,Atta_8,270.5,1717.1,349.5,98.2,-0.9,,,,
75.259,9,Atta_9,2049.4,1742.0,25.5,40.0,-2.6,,,,
75.259,10,Atta_10,403.0,2171.3,1.7,-124.9,-2.2,,,,
75.329,1,Atta_1,1239.5,2412.3,342.1,47.9,4.1,,,,
75.329,2,Atta_2,224.5,210.7,9.6,63.6,-2.7,,,,
75.329,3,Atta_3,877.2,182.0,11.3,38.7,3.6,,,,
75.329,4,Atta_4,301.2,549.5,353.8,-40.6,-1.8,,,,
75.329,5,Atta_5,346.0,1323.5,352.8,-55.1,0.1,,,,
75.329,6,Atta_6,1829.5,1699.9,339.6,39.6,3.5,,,,
75.329,7,Atta_7,630.2,2635.0,332.5,81.9,0.7,,,,
75.329,8,Atta_8,295.6,1666.6,347.0,56.4,-2.5,,,,
75.329,9,Atta_9,2013.1,1736.5,26.2,-36.7,0.7,,,,
75.329,10,Atta_10,462.2,2083.7,3.6,105.7,1.9,,,,
75.398,1,Atta_1,1248.1,2430.0,337.5,19.7,-4.6,,,,
75.398,2,Atta_2,250.8,234.8,6.5,35.7,-3.1,,,,
75.398,3,Atta_3,864.2,153.1,5.4,-31.7,-5.9,,,,
75.398,4,Atta_4,284.7,513.2,354.3,-39.9,0.5,,,,
75.398,5,Atta_5,376.0,1376.8,351.7,61.2,-1.1,,,,
75.398,6,Atta_6,1811.9,1692.9,343.9,-18.9,4.3,,,,
75.398,7,Atta_7,549.5,2635.0,340.2,-80.7,7.7,,,,
75.398,8,Atta_8,332.0,1706.3,350.7,53.9,3.7,,,,
75.398,9,Atta_9,2018.9,1777.4,27.4,41.3,1.2,,,,
75.398,10,Atta_10,465.2,2117.8,3.4,34.2,-0.2,,,,
75.464,1,Atta_1,1265.2,2461.7,342.2,36.0,4.7,,,,
75.464,2,Atta_2,193.8,196.9,9.2,-68.5,2.7,,,,
75.464,3,Atta_3,919.6,183.6,8.9,63.2,3.5,,,,
75.464,4,Atta_4,279.3,520.6,358.2,-9.2,3.9,,,,
75.464,5,Atta_5,398.4,1406.6,353.7,37.3,2.0,,,,
75.464,6,Atta_6,1812.4,1686.2,342.9,6.7,-1.0,,,,
75.464,7,Atta_7,615.8,2641.1,344.3,66.6,4.1,,,,
75.464,8,Atta_8,268.5,1701.3,349.1,-63.7,-1.6,,,,
75.464,9,Atta_9,2046.3,1709.8,24.8,-72.9,-2.6,,,,
75.464,10,Atta_10,482.4,2085.2,0.7,36.9,-2.7,,,,
75.599,1,Atta_1,1202.2,2453.7,334.5,-63.5,-7.7,,,,
75.599,2,Atta_2,273.8,149.2,12.5,93.1,3.3,,,,
75.599,3,Atta_3,932.7,226.6,10.7,45.0,1.8,,,,
75.599,4,Atta_4,322.3,565.4,352.2,62.1,-6.0,,,,
75.599,5,Atta_5,399.0,1339.1,349.1,67.5,-4.6,,,,
75.599,6,Atta_6,1814.6,1717.0,345.5,-30.9,2.6,,,,
75.599,7,Atta_7,550.0,2679.6,339.1,-76.2,-5.2,,,,
75.599,8,Atta_8,364.7,1731.7,347.9,100.9,-1.2,,,,
75.599,9,Atta_9,2062.4,1759.0,23.9,51.8,-0.9,,,,
75.599,10,Atta_10,529.7,2115.6,1.5,56.2,0.8,,,,
75.666,1,Atta_1,1251.6,2399.1,335.1,73.6,0.6,,,,
75.666,2,Atta_2,225.0,241.4,9.3,-104.3,-3.2,,,,
75.666,3,Atta_3,944.1,206.7,10.7,22.9,0.0,,,,
75.666,4,Atta_4,326.2,548.4,355.9,17.4,3.7,,,,
75.666,5,Atta_5,428.3,1409.8,351.2,76.5,2.1,,,,
75.666,6,Atta_6,1815.7,1667.4,344.2,49.6,-1.3,,,,
75.666,7,Atta_7,574.8,2638.4,338.7,48.1,-0.4,,,,
75.666,8,Atta_8,341.2,1687.5,351.6,-50.1,3.7,,,,
75.666,9,Atta_9,2065.8,1830.9,23.9,72.0,0.0,,,,
75.666,10,Atta_10,500.6,2100.1,2.6,-33.0,1.1,,,,
75.73,1,Atta_1,1234.6,2445.1,335.8,-49.0,0.7,,,,
75.73,2,Atta_2,271.2,165.9,13.3,88.5,4.0,,,,
75.73,3,Atta_3,939.1,201.6,10.6,-7.1,-0.1,,,,
75.73,4,Atta_4,346.0,532.6,357.9,25.3,2.0,,,,
75.73,5,Atta_5,413.4,1335.9,352.8,-75.4,1.6,,,,
75.73,6,Atta_6,1827.3,1702.2,342.5,36.7,-1.7,,,,
75.73,7,Atta_7,585.2,2659.6,342.7,23.6,4.0,,,,
75.73,8,Atta_8,312.9,1686.5,350.2,-28.3,-1.4,,,,
75.73,9,Atta_9,2071.9,1806.1,22.8,-25.5,-1.1,,,,
75.73,10,Atta_10,531.0,2110.7,3.2,32.2,0.6,,,,
75.86,1,Atta_1,1268.1,2437.3,335.8,34.4,0.0,,,,
75.86,2,Atta_2,221.8,244.5,8.7,-92.8,-4.6,,,,
75.86,3,Atta_3,996.3,218.5,10.5,59.6,-0.1,,,,
75.86,4,Atta_4,394.2,518.1,354.6,50.3,-3.3,,,,
75.86,5,Atta_5,457.2,1314.8,350.7,48.6,-2.1,,,,
75.86,6,Atta_6,1815.4,1702.3,346.7,-11.9,4.2,,,,
75.86,7,Atta_7,597.2,2641.6,340.7,21.6,-2.0,,,,
75.86,8,Atta_8,395.0,1674.9,348.0,82.9,-2.2,,,,
75.86,9,Atta_9,2090.9,1784.2,22.9,29.0,0.1,,,,
75.86,10,Atta_10,532.4,2088.3,1.5,22.4,-1.7,,,,
75.93,1,Atta_1,1236.7,2400.6,331.3,-48.3,-4.5,,,,
75.93,2,Atta_2,281.4,258.6,12.5,61.2,3.8,,,,
75.93,3,Atta_3,979.8,197.5,6.7,-26.7,-3.8,,,,
75.93,4,Atta_4,404.3,623.6,354.4,106.0,-0.2,,,,
75.93,5,Atta_5,429.6,1352.9,352.5,-47.0,1.8,,,,
75.93,6,Atta_6,1849.5,1675.5,343.3,43.4,-3.4,,,,
75.93,7,Atta_7,640.0,2554.3,337.1,97.2,-3.6,,,,
75.93,8,Atta_8,383.0,1684.7,353.1,-15.5,5.1,,,,
75.93,9,Atta_9,2093.2,1755.6,25.6,-28.7,2.7,,,,
75.93,10,Atta_10,594.7,2052.4,1.1,71.9,-0.4,,,,
75.997,1,Atta_1,1285.0,2380.4,337.2,52.4,5.9,,,,
75.997,2,Atta_2,309.0,190.2,11.9,73.8,-0.6,,,,
75.997,3,Atta_3,933.6,182.9,9.7,-48.5,3.0,,,,
75.997,4,Atta_4,410.5,490.8,354.1,132.9,-0.3,,,,
75.997,5,Atta_5,467.5,1349.3,353.2,38.1,0.7,,,,
75.997,6,Atta_6,1875.2,1670.6,347.1,26.2,3.8,,,,
75.997,7,Atta_7,679.6,2557.7,342.6,39.7,5.5,,,,
75.997,8,Atta_8,355.0,1674.7,351.7,-29.7,-1.4,,,,
75.997,9,Atta_9,2092.9,1797.6,25.5,42.0,-0.1,,,,
75.997,10,Atta_10,529.8,2088.5,3.4,-74.3,2.3,,,,
76.129,1,Atta_1,1243.0,2401.5,334.5,-47.0,-2.7,,,,
76.129,2,Atta_2,316.5,190.7,10.1,7.5,-1.8,,,,
76.129,3,Atta_3,983.1,201.3,8.4,52.8,-1.3,,,,
76.129,4,Atta_4,420.4,551.4,356.1,61.4,2.0,,,,
76.129,5,Atta_5,467.8,1333.6,351.9,15.7,-1.3,,,,
76.129,6,Atta_6,1852.9,1666.4,344.5,-22.7,-2.6,,,,
76.129,7,Atta_7,633.3,2619.9,335.0,-77.5,-7.6,,,,
76.129,8,Atta_8,386.9,1629.5,353.3,55.3,1.6,,,,
76.129,9,Atta_9,2124.9,1929.7,25.6,135.9,0.1,,,,
76.129,10,Atta_10,560.8,2093.1,0.1,31.3,-3.3,,,,
76.198,1,Atta_1,1283.3,2429.9,336.4,49.3,1.9,,,,
76.198,2,Atta_2,310.5,278.7,12.0,88.2,1.9,,,,
76.198,3,Atta_3,1041.8,207.2,5.9,59.0,-2.5,,,,
76.198,4,Atta_4,422.1,528.3,358.4,23.2,2.3,,,,
76.198,5,Atta_5,508.7,1304.7,351.4,50.1,-0.5,,,,
76.198,6,Atta_6,1874.5,1662.3,347.2,22.0,2.7,,,,
76.198,7,Atta_7,642.8,2573.2,340.0,47.7,5.0,,,,
76.198,8,Atta_8,433.9,1630.9,350.1,47.0,-3.2,,,,
76.198,9,Atta_9,2149.4,1843.7,27.3,-89.4,1.7,,,,
76.198,10,Atta_10,569.7,2051.3,358.3,42.7,-1.8,,,,
76.267,1,Atta_1,1303.9,2378.5,336.9,55.4,0.5,,,,
76.267,2,Atta_2,288.9,184.2,11.9,-96.9,-0.1,,,,
76.267,3,Atta_3,1027.3,214.4,9.7,-16.2,3.8,,,,
76.267,4,Atta_4,428.3,541.9,355.5,14.9,-2.9,,,,
76.267,5,Atta_5,497.0,1359.3,349.6,-55.8,-1.8,,,,
76.267,6,Atta_6,1895.0,1702.8,340.9,45.4,-6.3,,,,
76.267,7,Atta_7,680.6,2585.7,338.7,39.8,-1.3,,,,
76.267,8,Atta_8,447.2,1637.7,348.5,14.9,-1.6,,,,
76.267,9,Atta_9,2119.2,1897.1,24.1,-61.3,-3.2,,,,
76.267,10,Atta_10,527.5,2024.6,2.2,-49.9,3.9,,,,
76.336,1,Atta_1,1289.4,2334.1,335.8,46.7,-1.1,,,,
76.336,2,Atta_2,318.1,233.3,8.8,57.1,-3.1,,,,
76.336,3,Atta_3,1021.9,247.1,6.9,33.1,-2.8,,,,
76.336,4,Atta_4,465.6,527.8,352.6,39.9,-2.9,,,,
76.336,5,Atta_5,504.8,1287.6,350.8,72.1,1.2,,,,
76.336,6,Atta_6,1881.5,1687.1,341.3,-20.7,0.4,,,,
76.336,7,Atta_7,695.2,2576.8,340.1,17.1,1.4,,,,
76.336,8,Atta_8,476.9,1663.5,354.3,39.3,5.8,,,,
76.336,9,Atta_9,2120.0,1766.1,24.9,-131.0,0.8,,,,
76.336,10,Atta_10,640.3,2063.9,0.8,119.5,-1.4,,,,
76.402,1,Atta_1,1299.4,2444.3,334.9,-110.7,-0.9,,,,
76.402,2,Atta_2,346.5,194.4,9.3,48.2,0.5,,,,
76.402,3,Atta_3,1086.9,232.3,9.8,66.7,2.9,,,,
76.402,4,Atta_4,476.0,574.8,354.8,48.1,2.2,,,,
76.402,5,Atta_5,556.2,1326.5,352.6,64.5,1.8,,,,
76.402,6,Atta_6,1898.0,1692.5,342.8,17.4,1.5,,,,
76.402,7,Atta_7,697.1,2602.4,342.6,-25.7,2.5,,,,
76.402,8,Atta_8,454.7,1682.0,354.1,-28.9,-0.2,,,,
76.402,9,Atta_9,2157.5,1805.5,24.5,54.4,-0.4,,,,
76.402,10,Atta_10,627.4,2068.3,359.1,-13.6,-1.7,,,,
76.471,1,Atta_1,1357.5,2378.0,335.3,88.2,0.4,,,,
76.471,2,Atta_2,346.9,271.0,10.8,76.6,1.5,,,,
76.471,3,Atta_3,1062.2,229.6,8.8,-24.8,-1.0,,,,
76.471,4,Atta_4,460.3,505.4,356.2,-71.2,1.4,,,,
76.471,5,Atta_5,547.5,1342.0,352.8,-17.8,0.2,,,,
76.471,6,Atta_6,1890.4,1640.6,342.5,52.5,-0.3,,,,
76.471,7,Atta_7,619.7,2586.0,341.5,-79.1,-1.1,,,,
76.471,8,Atta_8,464.6,1652.0,350.0,31.6,-4.1,,,,
76.471,9,Atta_9,2240.0,1867.6,24.1,103.3,-0.4,,,,
76.471,10,Atta_10,614.9,2080.1,1.8,-17.2,2.7,,,,
76.54,1,Atta_1,1330.0,2370.4,336.8,-28.5,1.5,,,,
76.54,2,Atta_2,296.3,234.6,12.2,-62.3,1.4,,,,
76.54,3,Atta_3,1030.8,216.9,10.8,-33.9,2.0,,,,
76.54,4,Atta_4,485.8,516.3,354.5,27.7,-1.7,,,,
76.54,5,Atta_5,522.7,1316.9,353.0,-35.3,0.2,,,,
76.54,6,Atta_6,1937.9,1651.3,342.4,48.7,-0.1,,,,
76.54,7,Atta_7,703.7,2553.8,343.6,90.0,2.1,,,,
76.54,8,Atta_8,509.0,1673.6,351.9,49.4,1.9,,,,
76.54,9,Atta_9,2195.2,1871.2,27.9,-44.9,3.8,,,,
76.54,10,Atta_10,670.8,2059.4,1.5,59.6,-0.3,,,,
76.606,1,Atta_1,1384.8,2389.4,337.7,58.0,0.9,,,,
76.606,2,Atta_2,383.6,273.3,9.4,95.5,-2.8,,,,
76.606,3,Atta_3,1025.2,212.1,13.0,-7.4,2.2,,,,
76.606,4,Atta_4,473.2,537.6,355.9,-24.7,1.4,,,,
76.606,5,Atta_5,572.7,1313.2,350.3,50.1,-2.7,,,,
76.606,6,Atta_6,1915.3,1630.4,345.3,-30.8,2.9,,,,
76.606,7,Atta_7,685.5,2537.4,338.7,-24.5,-4.9,,,,
76.606,8,Atta_8,467.3,1640.5,350.5,-53.2,-1.4,,,,
76.606,9,Atta_9,2227.9,1866.7,25.6,33.0,-2.3,,,,
76.606,10,Atta_10,642.8,2116.1,1.5,-63.2,0.0,,,,
76.676,1,Atta_1,1328.0,2351.7,336.8,-68.2,-0.9,,,,
76.676,2,Atta_2,375.4,183.1,7.8,-90.6,-1.6,,,,
76.676,3,Atta_3,1074.4,201.5,5.5,50.3,-7.5,,,,
76.676,4,Atta_4,504.1,515.8,354.8,37.8,-1.1,,,,
76.676,5,Atta_5,523.3,1283.3,350.3,-57.7,0.0,,,,
76.676,6,Atta_6,1950.8,1679.2,347.0,60.3,1.7,,,,
76.676,7,Atta_7,692.5,2553.4,340.7,17.5,2.0,,,,
76.676,8,Atta_8,459.1,1659.1,348.6,-20.3,-1.9,,,,
76.676,9,Atta_9,2234.1,1899.4,26.1,33.3,0.5,,,,
76.676,10,Atta_10,712.4,2124.4,1.7,70.1,0.2,,,,
76.745,1,Atta_1,1329.3,2393.4,337.1,-41.7,0.3,,,,
76.745,2,Atta_2,368.1,261.6,7.1,78.8,-0.7,,,,
76.745,3,Atta_3,1118.1,196.9,9.2,43.9,3.7,,,,
76.745,4,Atta_4,485.3,522.8,354.7,-20.1,-0.1,,,,
76.745,5,Atta_5,658.2,1325.3,350.6,141.3,0.3,,,,
76.745,6,Atta_6,1928.0,1669.4,347.1,-24.8,0.1,,,,
76.745,7,Atta_7,711.6,2559.1,343.1,19.9,2.4,,,,
76.745,8,Atta_8,486.2,1660.2,348.4,27.1,-0.2,,,,
76.745,9,Atta_9,2250.7,1868.6,27.6,35.0,1.5,,,,
76.745,10,Atta_10,694.6,2103.4,358.8,-27.5,-2.9,,,,
76.814,1,Atta_1,1366.9,2334.7,335.5,69.7,-1.6,,,,
76.814,2,Atta_2,433.6,242.8,10.9,68.1,3.8,,,,
76.814,3,Atta_3,1108.5,217.8,7.5,-23.0,-1.7,,,,
76.814,4,Atta_4,570.9,612.0,353.6,123.6,-1.1,,,,
76.814,5,Atta_5,596.7,1315.1,352.3,-62.3,1.7,,,,
76.814,6,Atta_6,1984.0,1618.8,341.0,75.5,-6.1,,,,
76.814,7,Atta_7,789.3,2564.2,340.4,77.9,-2.7,,,,
76.814,8,Atta_8,524.3,1640.3,349.0,43.0,0.6,,,,
76.814,9,Atta_9,2199.9,1854.3,23.4,-52.8,-4.2,,,,
76.814,10,Atta_10,759.1,2060.2,0.8,77.6,2.0,,,,
76.881,1,Atta_1,1336.5,2333.9,334.9,-30.4,-0.6,,,,
76.881,2,Atta_2,434.0,250.1,10.2,7.3,-0.7,,,,
76.881,3,Atta_3,1101.2,175.1,11.8,-43.3,4.3,,,,
76.881,4,Atta_4,619.0,486.8,356.2,134.1,2.6,,,,
76.881,5,Atta_5,601.8,1335.3,354.0,20.8,1.7,,,,
76.881,6,Atta_6,1989.8,1640.5,344.7,-22.5,3.7,,,,
76.881,7,Atta_7,752.1,2595.1,342.0,-48.4,1.6,,,,
76.881,8,Atta_8,512.9,1654.8,353.8,-18.4,4.8,,,,
76.881,9,Atta_9,2205.5,1939.4,25.1,85.3,1.7,,,,
76.881,10,Atta_10,744.1,2099.2,356.7,-41.8,-4.1,,,,
76.944,1,Atta_1,1396.2,2322.8,334.3,60.7,-0.6,,,,
76.944,2,Atta_2,453.8,277.5,9.6,33.8,-0.6,,,,
76.944,3,Atta_3,1125.5,184.8,2.2,26.2,-9.6,,,,
76.944,4,Atta_4,554.5,515.5,355.6,-70.6,-0.6,,,,
76.944,5,Atta_5,608.7,1304.1,353.2,32.0,-0.8,,,,
76.944,6,Atta_6,1949.0,1654.5,343.0,-43.1,-1.7,,,,
76.944,7,Atta_7,798.7,2543.7,344.5,69.4,2.5,,,,
76.944,8,Atta_8,511.7,1604.9,352.0,49.9,-1.8,,,,
76.944,9,Atta_9,2272.8,1885.1,26.6,86.5,1.5,,,,
76.944,10,Atta_10,740.3,1989.1,4.7,110.2,8.0,,,,
77.01,1,Atta_1,1377.0,2302.8,335.4,-27.7,1.1,,,,
77.01,2,Atta_2,418.8,258.8,9.7,-39.7,0.1,,,,
77.01,3,Atta_3,1100.2,188.4,354.4,-25.6,-7.8,,,,
77.01,4,Atta_4,568.9,494.8,356.0,25.2,0.4,,,,
77.01,5,Atta_5,595.2,1340.0,350.9,-38.4,-2.3,,,,
77.01,6,Atta_6,2022.3,1618.2,345.0,81.8,2.0,,,,
77.01,7,Atta_7,733.2,2555.2,340.7,-66.5,-3.8,,,,
77.01,8,Atta_8,565.3,1677.6,350.8,90.3,-1.2,,,,
77.01,9,Atta_9,2289.1,1903.7,25.1,24.7,-1.5,,,,
77.01,10,Atta_10,747.4,2104.1,358.7,115.2,-6.0,,,,
77.08,1,Atta_1,1413.0,2316.6,339.4,38.6,4.0,,,,
77.08,2,Atta_2,466.8,229.5,12.8,56.2,3.1,,,,
77.08,3,Atta_3,1080.4,280.1,353.5,-93.8,-0.9,,,,
77.08,4,Atta_4,550.2,474.7,354.1,-27.5,-1.9,,,,
77.08,5,Atta_5,676.6,1316.0,354.1,84.9,3.2,,,,
77.08,6,Atta_6,1962.3,1623.3,341.8,-60.2,-3.2,,,,
77.08,7,Atta_7,799.0,2517.3,344.6,75.9,3.9,,,,
77.08,8,Atta_8,570.9,1657.6,353.2,20.8,2.4,,,,
77.08,9,Atta_9,2233.6,1891.9,23.2,-56.7,-1.9,,,,
77.08,10,Atta_10,744.1,2074.9,1.0,-29.4,2.3,,,,
77.146,1,Atta_1,1477.7,2356.3,337.6,75.9,-1.8,,,,
77.146,2,Atta_2,447.4,323.5,8.9,96.0,-3.9,,,,
77.146,3,Atta_3,1039.6,226.6,354.9,-67.3,1.4,,,,
77.146,4,Atta_4,653.3,555.3,356.1,130.9,2.0,,,,
77.146,5,Atta_5,613.0,1375.4,353.9,-87.0,-0.2,,,,
77.146,6,Atta_6,1938.8,1637.9,341.8,-27.7,0.0,,,,
77.146,7,Atta_7,823.1,2540.2,341.9,33.2,-2.7,,,,
77.146,8,Atta_8,571.0,1686.4,354.4,-28.8,1.2,,,,
77.146,9,Atta_9,2313.9,1890.9,23.6,80.3,0.4,,,,
77.146,10,Atta_10,691.6,2102.9,0.9,-59.5,-0.1,,,,
77.212,1,Atta_1,1402.5,2359.9,336.5,-75.3,-1.1,,,,
77.212,2,Atta_2,411.9,277.9,6.8,-57.8,-2.1,,,,
77.212,3,Atta_3,1071.1,215.3,359.8,33.5,4.9,,,,
77.212,4,Atta_4,622.5,523.8,352.8,-44.1,-3.3,,,,
77.212,5,Atta_5,664.6,1290.9,350.5,99.0,-3.4,,,,
77.212,6,Atta_6,1924.7,1654.4,339.1,-21.7,-2.7,,,,
77.212,7,Atta_7,828.7,2564.5,341.7,-24.9,-0.2,,,,
77.212,8,Atta_8,583.7,1657.8,352.0,31.3,-2.4,,,,
77.212,9,Atta_9,2305.8,1875.3,22.8,-17.6,-0.8,,,,
77.212,10,Atta_10,715.9,2064.8,3.3,45.2,2.4,,,,
77.279,1,Atta_1,1451.4,2309.1,338.8,70.5,2.3,,,,
77.279,2,Atta_2,467.9,235.9,11.6,70.0,4.8,,,,
77.279,3,Atta_3,1122.8,193.0,357.6,56.3,-2.2,,,,
77.279,4,Atta_4,637.9,525.9,357.3,15.5,4.5,,,,
77.279,5,Atta_5,665.5,1317.2,350.3,-26.3,-0.2,,,,
77.279,6,Atta_6,1949.4,1589.9,336.1,69.1,-3.0,,,,
77.279,7,Atta_7,844.1,2562.1,346.4,15.6,4.7,,,,
77.279,8,Atta_8,591.7,1668.9,350.5,13.7,-1.5,,,,
77.279,9,Atta_9,2288.2,1932.5,23.4,59.8,0.6,,,,
77.279,10,Atta_10,773.5,2107.8,1.2,71.9,-2.1,,,,
77.345,1,Atta_1,1458.8,2344.5,337.2,-36.2,-1.6,,,,
77.345,2,Atta_2,506.1,226.3,9.5,39.4,-2.1,,,,
77.345,3,Atta_3,1008.4,190.1,0.1,-114.4,2.5,,,,
77.345,4,Atta_4,626.6,536.6,358.3,-15.6,1.0,,,,
77.345,5,Atta_5,609.4,1338.3,346.9,-59.9,-3.4,,,,
77.345,6,Atta_6,1917.2,1639.4,340.1,-59.1,4.0,,,,
77.345,7,Atta_7,825.1,2550.1,341.4,-22.5,-5.0,,,,
77.345,8,Atta_8,649.8,1645.8,351.1,62.5,0.6,,,,
77.345,9,Atta_9,2324.0,1901.7,22.8,47.2,-0.6,,,,
77.345,10,Atta_10,792.9,2085.4,2.0,29.6,0.8,,,,
77.414,1,Atta_1,1479.3,2324.6,336.6,28.6,-0.6,,,,
77.414,2,Atta_2,503.3,298.4,6.2,72.2,-3.3,,,,
77.414,3,Atta_3,1005.6,253.5,358.4,-63.5,-1.7,,,,
77.414,4,Atta_4,636.1,520.7,355.7,18.5,-2.6,,,,
77.414,5,Atta_5,666.1,1340.6,349.1,56.7,2.2,,,,
77.414,6,Atta_6,1942.8,1640.4,342.9,25.6,2.8,,,,
77.414,7,Atta_7,852.7,2534.1,341.4,31.9,0.0,,,,
77.414,8,Atta_8,595.0,1633.0,348.9,-56.3,-2.2,,,,
77.414,9,Atta_9,2331.5,1882.7,21.8,-20.4,-1.0,,,,
77.414,10,Atta_10,802.1,2166.8,360.0,81.9,-2.0,,,,
77.48,1,Atta_1,1491.5,2294.2,339.8,32.8,3.2,,,,
77.48,2,Atta_2,535.1,289.4,10.3,33.0,4.1,,,,
77.48,3,Atta_3,1073.5,247.2,3.8,68.2,5.4,,,,
77.48,4,Atta_4,673.4,556.0,357.9,51.4,2.2,,,,
77.48,5,Atta_5,687.5,1339.3,346.7,21.4,-2.4,,,,
77.48,6,Atta_6,1919.0,1709.6,339.2,-73.2,-3.7,,,,
77.48,7,Atta_7,893.0,2530.4,340.6,40.5,-0.8,,,,
77.48,8,Atta_8,537.4,1626.3,348.9,-58.0,0.0,,,,
77.48,9,Atta_9,2353.2,1913.0,20.5,37.3,-1.3,,,,
77.48,10,Atta_10,777.0,2079.0,1.3,-91.3,1.3,,,,
77.549,1,Atta_1,1478.3,2287.3,334.7,-14.9,-5.1,,,,
77.549,2,Atta_2,616.1,274.7,12.0,82.3,1.7,,,,
77.549,3,Atta_3,1086.5,253.9,3.2,14.6,-0.6,,,,
77.549,4,Atta_4,580.3,520.3,358.1,-99.7,0.2,,,,
77.549,5,Atta_5,651.3,1278.3,347.3,-70.9,0.6,,,,
77.549,6,Atta_6,1895.8,1710.2,332.3,-23.2,-6.9,,,,
77.549,7,Atta_7,880.0,2527.8,337.9,-13.3,-2.7,,,,
77.549,8,Atta_8,655.8,1628.7,348.3,118.4,-0.6,,,,
77.549,9,Atta_9,2384.1,1948.1,23.3,46.8,2.8,,,,
77.549,10,Atta_10,783.1,2088.4,0.7,11.2,-0.6,,,,
77.616,1,Atta_1,1528.2,2291.9,337.2,50.1,2.5,,,,
77.616,2,Atta_2,562.2,235.7,7.5,-66.5,-4.5,,,,
77.616,3,Atta_3,994.7,208.5,10.1,-102.4,6.9,,,,
77.616,4,Atta_4,700.8,518.6,355.6,120.5,-2.5,,,,
77.616,5,Atta_5,581.4,1348.1,349.9,-98.8,2.6,,,,
77.616,6,Atta_6,1984.7,1688.1,332.1,91.6,-0.2,,,,
77.616,7,Atta_7,891.1,2490.0,342.2,39.4,4.3,,,,
77.616,8,Atta_8,672.9,1570.5,352.2,60.7,3.9,,,,
77.616,9,Atta_9,2388.9,1914.1,22.8,-34.3,-0.5,,,,
77.616,10,Atta_10,815.3,2118.8,0.8,44.3,0.1,,,,
77.687,1,Atta_1,1501.1,2259.7,341.4,-42.1,4.2,,,,
77.687,2,Atta_2,561.0,260.2,10.9,24.5,3.4,,,,
77.687,3,Atta_3,1063.0,267.9,14.5,90.5,4.4,,,,
77.687,4,Atta_4,668.3,538.7,357.1,-38.2,1.5,,,,
77.687,5,Atta_5,707.6,1323.5,350.1,128.6,0.2,,,,
77.687,6,Atta_6,1933.3,1644.7,327.6,-67.3,-4.5,,,,
77.687,7,Atta_7,858.7,2513.3,339.8,-39.9,-2.4,,,,
77.687,8,Atta_8,704.0,1656.9,347.4,91.8,-4.8,,,,
77.687,9,Atta_9,2283.7,1908.3,22.2,-105.4,-0.6,,,,
77.687,10,Atta_10,799.8,2104.6,0.6,-21.0,-0.2,,,,
77.741,1,Atta_1,1526.1,2294.3,335.5,42.7,-5.9,,,,
77.741,2,Atta_2,551.1,266.6,11.7,-11.8,0.8,,,,
77.741,3,Atta_3,1035.2,277.5,19.3,-29.4,4.8,,,,
77.741,4,Atta_4,657.6,534.6,355.7,-11.5,-1.4,,,,
77.741,5,Atta_5,653.2,1281.1,350.1,-69.0,0.0,,,,
77.741,6,Atta_6,1918.9,1649.1,324.6,-15.1,-3.0,,,,
77.741,7,Atta_7,893.3,2575.5,340.1,71.2,0.3,,,,
77.741,8,Atta_8,706.1,1684.1,350.9,-27.3,3.5,,,,
77.741,9,Atta_9,2333.2,1913.3,21.9,49.8,-0.3,,,,
77.741,10,Atta_10,842.4,2078.9,5.4,49.8,4.8,,,,
77.807,1,Atta_1,1562.1,2254.3,336.8,53.8,1.3,,,,
77.807,2,Atta_2,541.1,303.6,13.4,-38.3,1.7,,,,
77.807,3,Atta_3,1041.6,286.9,24.7,11.4,5.4,,,,
77.807,4,Atta_4,704.5,537.3,355.0,47.0,-0.7,,,,
77.807,5,Atta_5,650.3,1337.1,347.9,-56.1,-2.2,,,,
77.807,6,Atta_6,1917.5,1702.2,319.4,-53.1,-5.2,,,,
77.807,7,Atta_7,862.6,2567.7,343.9,-31.7,3.8,,,,
77.807,8,Atta_8,678.8,1652.9,349.7,-41.5,-1.2,,,,
77.807,9,Atta_9,2294.1,1892.7,20.6,-44.2,-1.3,,,,
77.807,10,Atta_10,885.4,2082.6,2.7,43.2,-2.7,,,,
77.877,1,Atta_1,1573.7,2279.6,337.2,27.8,0.4,,,,
77.877,2,Atta_2,619.7,260.2,7.6,89.8,-5.8,,,,
77.877,3,Atta_3,1053.2,206.3,30.1,-81.4,5.4,,,,
77.877,4,Atta_4,697.8,498.8,358.8,-39.1,3.8,,,,
77.877,5,Atta_5,695.5,1292.4,347.7,63.6,-0.2,,,,
77.877,6,Atta_6,1887.5,1675.0,315.0,-40.5,-4.4,,,,
77.877,7,Atta_7,921.4,2549.0,343.0,61.7,-0.9,,,,
77.877,8,Atta_8,688.5,1669.8,351.0,19.5,1.3,,,,
77.877,9,Atta_9,2332.7,1929.5,20.8,53.3,0.2,,,,
77.877,10,Atta_10,894.9,2047.7,2.4,36.2,-0.3,,,,
77.928,1,Atta_1,1563.1,2334.6,338.0,-56.0,0.8,,,,
77.928,2,Atta_2,619.0,294.1,8.1,33.9,0.5,,,,
77.928,3,Atta_3,1019.6,232.8,35.4,-42.8,5.3,,,,
77.928,4,Atta_4,727.6,495.0,354.5,30.0,-4.3,,,,
77.928,5,Atta_5,665.4,1368.0,349.2,-81.4,1.5,,,,
77.928,6,Atta_6,1951.5,1652.2,310.1,67.9,-4.9,,,,
77.928,7,Atta_7,869.5,2505.7,341.1,-67.6,-1.9,,,,
77.928,8,Atta_8,726.3,1645.3,353.1,45.0,2.1,,,,
77.928,9,Atta_9,2366.7,1920.6,17.8,35.1,-3.0,,,,
77.928,10,Atta_10,835.7,2094.9,359.8,-75.7,-2.6,,,,
77.996,1,Atta_1,1557.0,2319.4,337.4,16.4,-0.6,,,,
77.996,2,Atta_2,637.5,215.9,9.7,80.4,1.6,,,,
77.996,3,Atta_3,1026.7,173.4,42.2,-59.8,6.8,,,,
77.996,4,Atta_4,766.2,537.2,356.4,57.2,1.9,,,,
77.996,5,Atta_5,746.8,1293.1,348.6,110.6,-0.6,,,,
77.996,6,Atta_6,1965.0,1689.7,301.4,-39.9,-8.7,,,,
77.996,7,Atta_7,961.0,2498.7,339.7,91.8,-1.4,,,,
77.996,8,Atta_8,757.0,1600.6,350.7,54.2,-2.4,,,,
77.996,9,Atta_9,2351.1,1974.0,22.1,55.6,4.3,,,,
77.996,10,Atta_10,945.2,2108.3,0.0,110.3,0.2,,,,
78.118,1,Atta_1,1574.1,2293.8,338.7,30.8,1.3,,,,
78.118,2,Atta_2,725.0,286.9,12.7,112.7,3.0,,,,
78.118,3,Atta_3,1078.8,224.1,45.2,72.7,3.0,,,,
78.118,4,Atta_4,809.6,538.9,357.9,43.4,1.5,,,,
78.118,5,Atta_5,755.8,1292.5,351.1,9.0,2.5,,,,
78.118,6,Atta_6,1940.4,1713.6,296.8,-34.3,-4.6,,,,
78.118,7,Atta_7,927.7,2504.5,342.5,-33.8,2.8,,,,
78.118,8,Atta_8,661.3,1658.7,348.2,-112.0,-2.5,,,,
78.118,9,Atta_9,2415.6,1856.1,20.0,134.4,-2.1,,,,
78.118,10,Atta_10,872.2,2106.9,4.7,-73.0,4.7,,,,
78.183,1,Atta_1,1565.5,2283.1,337.3,-13.7,-1.4,,,,
78.183,2,Atta_2,638.0,262.1,6.4,-90.5,-6.3,,,,
78.183,3,Atta_3,1031.2,237.2,49.2,-49.4,4.0,,,,
78.183,4,Atta_4,760.8,551.9,357.4,-50.5,-0.5,,,,
78.183,5,Atta_5,739.0,1310.9,351.6,-24.9,0.5,,,,
78.183,6,Atta_6,1894.2,1626.0,290.9,99.0,-5.9,,,,
78.183,7,Atta_7,973.6,2429.0,340.3,88.4,-2.2,,,,
78.183,8,Atta_8,783.4,1649.8,352.5,122.4,4.3,,,,
78.183,9,Atta_9,2358.5,1922.9,19.3,-87.9,-0.7,,,,
78.183,10,Atta_10,984.5,2136.3,2.6,116.1,-2.1,,,,
78.249,1,Atta_1,1595.5,2281.1,338.6,30.1,1.3,,,,
78.249,2,Atta_2,620.7,276.1,8.5,-22.3,2.1,,,,
78.249,3,Atta_3,1038.8,184.4,53.8,-53.3,4.6,,,,
78.249,4,Atta_4,830.8,505.7,355.4,83.9,-2.0,,,,
78.249,5,Atta_5,838.5,1297.7,350.2,100.4,-1.4,,,,
78.249,6,Atta_6,1891.6,1710.0,285.4,-84.0,-5.5,,,,
78.249,7,Atta_7,985.1,2473.4,341.4,-45.9,1.1,,,,
78.249,8,Atta_8,789.1,1633.5,348.8,17.3,-3.7,,,,
78.249,9,Atta_9,2407.0,1949.0,18.6,55.1,-0.7,,,,
78.249,10,Atta_10,877.1,2072.4,359.4,-125.0,-3.2,,,,
78.386,1,Atta_1,1582.8,2261.5,338.1,-23.4,-0.5,,,,
78.386,2,Atta_2,685.7,304.6,11.2,71.0,2.7,,,,
78.386,3,Atta_3,1065.3,277.5,54.0,96.8,0.2,,,,
78.386,4,Atta_4,781.3,491.2,353.2,-51.6,-2.2,,,,
78.386,5,Atta_5,824.9,1239.9,347.2,-59.4,-3.0,,,,
78.386,6,Atta_6,1919.1,1655.4,282.5,61.1,-2.9,,,,
78.386,7,Atta_7,951.8,2429.8,341.1,-54.9,-0.3,,,,
78.386,8,Atta_8,757.9,1635.9,352.9,-31.3,4.1,,,,
78.386,9,Atta_9,2414.0,1911.7,19.9,-38.0,1.3,,,,
78.386,10,Atta_10,927.6,2089.1,0.4,53.2,1.0,,,,
78.455,1,Atta_1,1648.1,2244.1,336.2,67.6,-1.9,,,,
78.455,2,Atta_2,688.7,260.4,8.9,-44.3,-2.3,,,,
78.455,3,Atta_3,1024.6,240.8,53.9,-54.8,-0.1,,,,
78.455,4,Atta_4,792.5,518.3,355.0,29.3,1.8,,,,
78.455,5,Atta_5,823.8,1308.6,345.1,-68.7,-2.1,,,,
78.455,6,Atta_6,1931.8,1663.1,282.0,-14.9,-0.5,,,,
78.455,7,Atta_7,986.8,2493.8,340.5,72.9,-0.6,,,,
78.455,8,Atta_8,804.8,1639.7,350.4,47.1,-2.5,,,,
78.455,9,Atta_9,2429.0,1961.0,20.3,51.5,0.4,,,,
78.455,10,Atta_10,996.4,2083.8,2.9,69.0,2.5,,,,
78.521,1,Atta_1,1608.5,2295.7,340.4,-65.0,4.2,,,,
78.521,2,Atta_2,725.4,312.6,8.1,63.8,-0.8,,,,
78.521,3,Atta_3,1052.9,244.9,48.9,28.6,-5.0,,,,
78.521,4,Atta_4,811.4,474.0,355.1,48.2,0.1,,,,
78.521,5,Atta_5,809.1,1290.6,349.4,-23.2,4.3,,,,
78.521,6,Atta_6,1932.8,1607.0,285.0,56.1,3.0,,,,
78.521,7,Atta_7,1024.7,2455.0,341.7,54.2,1.2,,,,
78.521,8,Atta_8,792.0,1617.0,350.7,-26.1,0.3,,,,
78.521,9,Atta_9,2482.3,1955.0,19.7,53.6,-0.6,,,,
78.521,10,Atta_10,976.0,2151.3,1.3,-70.5,-1.6,,,,
78.639,1,Atta_1,1649.0,2257.2,339.1,55.9,-1.3,,,,
78.639,2,Atta_2,728.9,342.2,6.6,29.8,-1.5,,,,
78.639,3,Atta_3,1000.8,260.7,50.9,-54.4,2.0,,,,
78.639,4,Atta_4,818.5,522.8,352.8,49.3,-2.3,,,,
78.639,5,Atta_5,882.4,1246.7,347.5,85.4,-1.9,,,,
78.639,6,Atta_6,1912.4,1622.3,284.1,-25.5,-0.9,,,,
78.639,7,Atta_7,1035.3,2492.3,340.9,-38.8,-0.8,,,,
78.639,8,Atta_8,858.7,1626.5,351.9,67.4,1.2,,,,
78.639,9,Atta_9,2487.9,1989.6,20.8,35.1,1.1,,,,
78.639,10,Atta_10,977.2,2127.4,1.6,23.9,0.3,,,,
78.709,1,Atta_1,1630.3,2169.9,342.0,89.3,2.9,,,,
78.709,2,Atta_2,751.6,257.7,8.3,87.5,1.7,,,,
78.709,3,Atta_3,1067.4,217.8,54.2,79.2,3.3,,,,
78.709,4,Atta_4,877.8,518.9,354.6,59.4,1.8,,,,
78.709,5,Atta_5,895.0,1278.4,349.2,34.1,1.7,,,,
78.709,6,Atta_6,1872.0,1653.2,284.2,-50.9,0.1,,,,
78.709,7,Atta_7,1038.6,2501.0,340.8,9.3,-0.1,,,,
78.709,8,Atta_8,819.7,1597.8,351.9,-48.4,0.0,,,,
78.709,9,Atta_9,2406.5,2019.4,21.3,-86.7,0.5,,,,
78.709,10,Atta_10,968.8,2082.5,1.5,-45.7,-0.1,,,,
78.775,1,Atta_1,1647.0,2267.3,341.4,-98.8,-0.6,,,,
78.775,2,Atta_2,727.4,266.2,4.5,-25.6,-3.8,,,,
78.775,3,Atta_3,1028.5,244.7,50.4,-47.3,-3.8,,,,
78.775,4,Atta_4,827.2,507.6,355.4,-51.8,0.8,,,,
78.775,5,Atta_5,883.6,1313.7,345.4,-37.1,-3.8,,,,
78.775,6,Atta_6,1889.6,1664.4,283.7,-20.9,-0.5,,,,
78.775,7,Atta_7,1078.4,2485.9,345.6,42.6,4.8,,,,
78.775,8,Atta_8,896.8,1601.1,351.0,77.2,-0.9,,,,
78.775,9,Atta_9,2493.2,1999.1,24.8,89.0,3.5,,,,
78.775,10,Atta_10,957.2,2107.4,1.5,-27.5,0.0,,,,
78.844,1,Atta_1,1584.2,2198.2,338.8,-93.4,-2.6,,,,
78.844,2,Atta_2,686.9,242.6,6.7,-46.9,2.2,,,,
78.844,3,Atta_3,1062.1,230.8,53.0,36.4,2.6,,,,
78.844,4,Atta_4,854.2,501.6,355.9,27.7,0.5,,,,
78.844,5,Atta_5,850.9,1255.5,348.3,-66.8,2.9,,,,
78.844,6,Atta_6,1946.4,1600.0,280.0,85.9,-3.7,,,,
78.844,7,Atta_7,1086.2,2465.2,343.4,22.1,-2.2,,,,
78.844,8,Atta_8,846.1,1569.4,348.0,-59.8,-3.0,,,,
78.844,9,Atta_9,2482.3,1988.4,20.3,-15.3,-4.5,,,,
78.844,10,Atta_10,1067.3,2162.8,0.7,123.3,-0.8,,,,
78.915,1,Atta_1,1669.1,2243.6,337.5,96.3,-1.3,,,,
78.915,2,Atta_2,742.9,308.3,5.8,86.3,-0.9,,,,
78.915,3,Atta_3,1058.9,246.7,52.1,16.2,-0.9,,,,
78.915,4,Atta_4,835.1,472.0,357.1,-35.2,1.2,,,,
78.915,5,Atta_5,906.5,1263.8,348.1,56.2,-0.2,,,,
78.915,6,Atta_6,1950.2,1621.7,286.0,-22.0,6.0,,,,
78.915,7,Atta_7,1091.9,2439.1,344.1,26.7,0.7,,,,
78.915,8,Atta_8,851.1,1568.3,347.3,5.1,-0.7,,,,
78.915,9,Atta_9,2552.2,1943.4,21.9,83.1,1.6,,,,
78.915,10,Atta_10,1012.4,2082.4,358.8,-97.4,-1.9,,,,
78.98,1,Atta_1,1713.1,2237.2,337.5,44.5,0.0,,,,
78.98,2,Atta_2,749.3,328.4,8.2,21.1,2.4,,,,
78.98,3,Atta_3,1030.9,290.5,54.0,52.0,1.9,,,,
78.98,4,Atta_4,920.2,527.2,355.0,101.4,-2.1,,,,
78.98,5,Atta_5,901.5,1294.1,352.3,-30.7,4.2,,,,
78.98,6,Atta_6,1890.9,1637.2,280.6,-61.3,-5.4,,,,
78.98,7,Atta_7,1096.7,2526.4,344.8,-87.4,0.7,,,,
78.98,8,Atta_8,820.4,1595.5,354.5,-41.0,7.2,,,,
78.98,9,Atta_9,2497.5,1984.2,18.5,-68.2,-3.4,,,,
78.98,10,Atta_10,1097.3,2104.7,3.3,87.8,4.5,,,,
79.049,1,Atta_1,1772.7,2272.5,341.8,69.3,4.3,,,,
79.049,2,Atta_2,762.0,321.0,8.2,14.7,0.0,,,,
79.049,3,Atta_3,1036.8,308.1,51.7,18.6,-2.3,,,,
79.049,4,Atta_4,877.4,596.0,359.8,-81.0,4.8,,,,
79.049,5,Atta_5,943.7,1285.6,353.3,43.0,1.0,,,,
79.049,6,Atta_6,1889.8,1590.8,282.0,46.4,1.4,,,,
79.049,7,Atta_7,1018.6,2502.6,343.7,-81.6,-1.1,,,,
79.049,8,Atta_8,870.7,1600.0,353.6,50.5,-0.9,,,,
79.049,9,Atta_9,2506.0,1919.1,24.1,-65.7,5.6,,,,
79.049,10,Atta_10,1057.4,2094.1,3.3,-41.3,0.0,,,,
79.11,1,Atta_1,1724.8,2229.4,339.7,-64.4,-2.1,,,,
79.11,2,Atta_2,722.0,289.2,5.2,-51.1,-3.0,,,,
79.11,3,Atta_3,1116.3,334.3,55.2,83.7,3.5,,,,
79.11,4,Atta_4,838.2,498.3,355.3,-105.3,-4.5,,,,
79.11,5,Atta_5,872.3,1228.9,351.1,-91.2,-2.2,,,,
79.11,6,Atta_6,1973.5,1613.2,281.8,-86.6,-0.2,,,,
79.11,7,Atta_7,1067.9,2417.6,349.8,98.3,6.1,,,,
79.11,8,Atta_8,915.9,1661.2,347.1,76.1,-6.5,,,,
79.11,9,Atta_9,2512.0,2010.2,21.8,91.3,-2.3,,,,
79.11,10,Atta_10,1043.0,2084.7,359.0,-17.2,-4.3,,,,
79.18,1,Atta_1,1768.9,2198.1,338.0,54.1,-1.7,,,,
79.18,2,Atta_2,794.4,308.6,10.4,75.0,5.2,,,,
79.18,3,Atta_3,1093.9,310.9,54.1,-32.4,-1.1,,,,
79.18,4,Atta_4,902.4,542.9,0.1,78.2,4.8,,,,
79.18,5,Atta_5,902.8,1278.8,348.1,58.5,-3.0,,,,
79.18,6,Atta_6,1899.1,1594.6,284.9,76.7,3.1,,,,
79.18,7,Atta_7,1088.8,2436.9,343.5,28.4,-6.3,,,,
79.18,8,Atta_8,872.9,1579.4,352.0,-92.4,4.9,,,,
79.18,9,Atta_9,2550.7,2013.6,20.1,38.8,-1.7,,,,
79.18,10,Atta_10,1143.0,2092.5,0.3,100.3,1.3,,,,
79.248,1,Atta_1,1794.3,2221.4,338.8,34.5,0.8,,,,
79.248,2,Atta_2,804.1,289.9,7.4,21.1,-3.0,,,,
79.248,3,Atta_3,1060.5,341.1,54.5,45.0,0.4,,,,
79.248,4,Atta_4,848.2,503.2,359.5,-67.2,-0.6,,,,
79.248,5,Atta_5,929.2,1263.2,346.5,30.7,-1.6,,,,
79.248,6,Atta_6,1883.7,1551.9,285.9,45.4,1.0,,,,
79.248,7,Atta_7,1113.0,2437.8,343.8,24.2,0.3,,,,
79.248,8,Atta_8,985.5,1587.4,345.1,112.9,-6.9,,,,
79.248,9,Atta_9,2539.9,2035.6,22.2,-24.5,2.1,,,,
79.248,10,Atta_10,1070.7,2066.8,1.5,-76.7,1.2,,,,
79.316,1,Atta_1,1742.8,2169.2,338.9,-73.3,0.1,,,,
79.316,2,Atta_2,876.9,311.9,9.7,76.1,2.3,,,,
79.316,3,Atta_3,1093.8,349.4,51.4,34.3,-3.1,,,,
79.316,4,Atta_4,878.2,528.0,359.0,38.9,-0.5,,,,
79.316,5,Atta_5,919.1,1266.0,349.1,-10.5,2.6,,,,
79.316,6,Atta_6,1938.5,1521.3,281.3,62.8,-4.6,,,,
79.316,7,Atta_7,1069.2,2426.9,343.9,-45.1,0.1,,,,
79.316,8,Atta_8,937.1,1570.0,348.3,-51.4,3.2,,,,
79.316,9,Atta_9,2586.3,1965.0,18.3,84.5,-3.9,,,,
79.316,10,Atta_10,1049.1,2074.7,359.5,-23.0,-2.0,,,,
79.369,1,Atta_1,1700.0,2175.1,338.5,-43.2,-0.4,,,,
79.369,2,Atta_2,844.8,359.2,11.2,-57.2,1.5,,,,
79.369,3,Atta_3,1151.8,369.6,50.8,61.4,-0.6,,,,
79.369,4,Atta_4,919.0,471.1,1.6,70.0,2.6,,,,
79.369,5,Atta_5,1039.4,1255.8,349.5,120.7,0.4,,,,
79.369,6,Atta_6,1988.2,1595.4,281.0,-89.2,-0.3,,,,
79.369,7,Atta_7,1113.6,2461.0,342.2,56.0,-1.7,,,,
79.369,8,Atta_8,907.6,1601.0,350.9,-42.8,2.6,,,,
79.369,9,Atta_9,2576.1,2020.6,21.4,56.5,3.1,,,,
79.369,10,Atta_10,1008.4,2078.6,0.0,-40.9,0.5,,,,
79.44,1,Atta_1,1783.2,2161.1,340.3,84.4,1.8,,,,
79.44,2,Atta_2,852.5,328.3,6.7,31.8,-4.5,,,,
79.44,3,Atta_3,1085.0,314.2,47.7,-86.8,-3.1,,,,
79.44,4,Atta_4,898.7,499.1,359.4,-34.6,-2.2,,,,
79.44,5,Atta_5,935.3,1269.5,351.9,-105.0,2.4,,,,
79.44,6,Atta_6,1964.1,1551.4,285.9,50.2,4.9,,,,
79.44,7,Atta_7,1094.7,2479.7,343.2,-26.6,1.0,,,,
79.44,8,Atta_8,1002.2,1574.8,349.7,98.2,-1.2,,,,
79.44,9,Atta_9,2563.1,2047.0,17.6,-29.4,-3.8,,,,
79.44,10,Atta_10,1037.6,2026.4,3.0,59.8,3.0,,,,
79.491,1,Atta_1,1798.0,2199.2,339.8,40.9,-0.5,,,,
79.491,2,Atta_2,870.8,299.7,7.4,34.0,0.7,,,,
79.491,3,Atta_3,1064.8,283.6,43.5,-36.7,-4.2,,,,
79.491,4,Atta_4,954.7,500.3,359.5,56.0,0.1,,,,
79.491,5,Atta_5,979.3,1233.9,350.3,56.6,-1.6,,,,
79.491,6,Atta_6,1990.4,1591.1,291.6,-47.6,5.7,,,,
79.491,7,Atta_7,1157.0,2473.4,345.3,62.6,2.1,,,,
79.491,8,Atta_8,979.9,1584.0,352.6,-24.1,2.9,,,,
79.491,9,Atta_9,2575.4,2019.3,8.5,30.3,-9.1,,,,
79.491,10,Atta_10,960.3,2061.0,360.0,-84.7,-3.0,,,,
79.556,1,Atta_1,1779.2,2194.2,341.5,-19.5,1.7,,,,
79.556,2,Atta_2,834.0,307.9,5.0,-37.7,-2.4,,,,
79.556,3,Atta_3,1124.9,307.3,41.7,64.6,-1.8,,,,
79.556,4,Atta_4,930.0,504.5,359.8,-25.1,0.3,,,,
79.556,5,Atta_5,984.9,1297.7,348.3,-64.0,-2.0,,,,
79.556,6,Atta_6,1965.7,1503.6,292.1,90.9,0.5,,,,
79.556,7,Atta_7,1129.5,2438.9,342.6,-44.1,-2.7,,,,
79.556,8,Atta_8,1034.1,1586.9,352.5,54.3,-0.1,,,,
79.556,9,Atta_9,2569.6,1991.6,15.0,-28.3,6.5,,,,
79.556,10,Atta_10,1038.7,2068.9,358.4,78.8,-1.6,,,,
79.624,1,Atta_1,1851.0,2183.4,337.5,72.6,-4.0,,,,
79.624,2,Atta_2,940.2,322.5,6.7,107.2,1.7,,,,
79.624,3,Atta_3,1166.2,331.5,32.5,47.9,-9.2,,,,
79.624,4,Atta_4,907.9,545.8,355.3,-46.8,-4.5,,,,
79.624,5,Atta_5,985.7,1239.5,349.5,58.2,1.2,,,,
79.624,6,Atta_6,1961.6,1527.5,300.9,-24.2,8.8,,,,
79.624,7,Atta_7,1133.5,2494.7,344.0,-55.9,1.4,,,,
79.624,8,Atta_8,981.9,1591.4,350.0,-52.4,-2.5,,,,
79.624,9,Atta_9,2559.2,2017.1,15.0,-27.5,0.0,,,,
79.624,10,Atta_10,1015.2,2064.8,4.4,-23.9,6.0,,,,
79.693,1,Atta_1,1844.1,2161.4,341.1,23.1,3.6,,,,
79.693,2,Atta_2,909.9,388.1,6.6,-72.3,-0.1,,,,
79.693,3,Atta_3,1097.0,316.3,29.3,-70.8,-3.2,,,,
79.693,4,Atta_4,938.4,522.4,359.3,38.4,4.0,,,,
79.693,5,Atta_5,972.4,1250.8,348.2,-17.5,-1.3,,,,
79.693,6,Atta_6,1996.5,1544.1,305.4,38.6,4.5,,,,
79.693,7,Atta_7,1149.1,2481.8,346.0,20.2,2.0,,,,
79.693,8,Atta_8,1013.7,1504.7,349.4,92.3,-0.6,,,,
79.693,9,Atta_9,2554.3,1991.1,16.3,-26.5,1.3,,,,
79.693,10,Atta_10,1027.6,2110.6,356.8,47.4,-7.6,,,,
79.761,1,Atta_1,1834.5,2174.5,338.8,-16.2,-2.3,,,,
79.761,2,Atta_2,889.8,340.1,7.0,-52.0,0.4,,,,
79.761,3,Atta_3,1090.3,345.3,23.1,29.8,-6.2,,,,
79.761,4,Atta_4,921.6,506.1,358.6,-23.4,-0.7,,,,
79.761,5,Atta_5,1039.6,1265.1,349.5,68.7,1.3,,,,
79.761,6,Atta_6,1934.7,1465.2,303.1,100.2,-2.3,,,,
79.761,7,Atta_7,1126.7,2435.9,346.3,-51.1,0.3,,,,
79.761,8,Atta_8,998.5,1584.0,351.1,-80.7,1.7,,,,
79.761,9,Atta_9,2555.3,1998.5,12.8,7.5,-3.5,,,,
79.761,10,Atta_10,963.7,2079.9,351.8,-70.9,-5.0,,,,
79.827,1,Atta_1,1884.2,2198.3,339.8,55.1,1.0,,,,
79.827,2,Atta_2,862.3,293.6,8.9,-54.0,1.9,,,,
79.827,3,Atta_3,1126.6,367.5,17.9,42.6,-5.2,,,,
79.827,4,Atta_4,976.7,472.8,355.8,64.4,-2.8,,,,
79.827,5,Atta_5,1013.9,1231.4,351.1,-42.4,1.6,,,,
79.827,6,Atta_6,1950.4,1557.6,311.0,-93.7,7.9,,,,
79.827,7,Atta_7,1167.7,2461.0,348.7,48.1,2.4,,,,
79.827,8,Atta_8,1006.0,1602.4,351.0,19.9,-0.1,,,,
79.827,9,Atta_9,2509.6,2078.3,13.9,-92.0,1.1,,,,
79.827,10,Atta_10,982.6,2125.1,346.6,49.0,-5.2,,,,
79.896,1,Atta_1,1846.9,2146.2,343.5,-64.1,3.7,,,,
79.896,2,Atta_2,980.3,366.0,9.4,138.4,0.5,,,,
79.896,3,Atta_3,1072.0,333.8,18.8,-64.2,0.9,,,,
79.896,4,Atta_4,965.5,469.3,359.1,-11.7,3.3,,,,
79.896,5,Atta_5,1054.4,1214.8,346.3,43.8,-4.8,,,,
79.896,6,Atta_6,1988.2,1495.8,317.5,72.4,6.5,,,,
79.896,7,Atta_7,1162.0,2435.6,345.1,-26.0,-3.6,,,,
79.896,8,Atta_8,1028.9,1572.8,351.0,37.4,0.0,,,,
79.896,9,Atta_9,2602.4,2022.4,16.0,108.3,2.1,,,,
79.896,10,Atta_10,1013.6,2031.6,341.5,98.5,-5.1,,,,
79.965,1,Atta_1,1835.5,2176.9,344.3,-32.7,0.8,,,,
79.965,2,Atta_2,924.7,264.2,11.1,-116.0,1.7,,,,
79.965,3,Atta_3,1084.8,330.9,12.6,13.1,-6.2,,,,
79.965,4,Atta_4,996.9,515.8,358.5,56.1,-0.6,,,,
79.965,5,Atta_5,1001.9,1282.7,350.5,-85.8,4.2,,,,
79.965,6,Atta_6,1941.8,1537.6,322.5,-62.5,5.0,,,,
79.965,7,Atta_7,1192.3,2433.2,344.1,30.4,-1.0,,,,
79.965,8,Atta_8,1022.6,1554.1,351.5,-19.7,0.5,,,,
79.965,9,Atta_9,2639.1,2028.7,12.3,37.2,-3.7,,,,
79.965,10,Atta_10,941.1,2103.8,337.3,-102.3,-4.2,,,,
80.033,1,Atta_1,1835.6,2201.7,340.0,-24.8,-4.3,,,,
80.033,2,Atta_2,939.2,331.9,5.7,69.2,-5.4,,,,
80.033,3,Atta_3,1112.2,343.7,8.2,30.2,-4.4,,,,
80.033,4,Atta_4,1020.3,468.9,358.8,52.4,0.3,,,,
80.033,5,Atta_5,1066.2,1235.7,350.5,79.6,0.0,,,,
80.033,6,Atta_6,1974.1,1494.2,326.6,54.1,4.1,,,,
80.033,7,Atta_7,1206.2,2476.2,348.2,45.2,4.1,,,,
80.033,8,Atta_8,1075.6,1569.1,350.8,55.1,-0.7,,,,
80.033,9,Atta_9,2602.0,2045.5,13.3,-40.7,1.0,,,,
80.033,10,Atta_10,981.0,2088.6,334.6,42.7,-2.7,,,,
80.099,1,Atta_1,1916.6,2143.4,340.7,99.8,0.7,,,,
80.099,2,Atta_2,936.3,385.7,4.5,53.9,-1.2,,,,
80.099,3,Atta_3,1081.7,362.5,5.8,-35.8,-2.4,,,,
80.099,4,Atta_4,1037.3,507.3,357.8,42.0,-1.0,,,,
80.099,5,Atta_5,1102.7,1270.6,350.3,50.5,-0.2,,,,
80.099,6,Atta_6,1968.4,1552.4,329.3,-58.5,2.7,,,,
80.099,7,Atta_7,1175.9,2446.4,344.4,-42.5,-3.8,,,,
80.099,8,Atta_8,1067.4,1571.5,352.2,-8.5,1.4,,,,
80.099,9,Atta_9,2596.0,2010.4,14.2,-35.6,0.9,,,,
80.099,10,Atta_10,966.2,2138.0,333.3,-51.6,-1.3,,,,
80.165,1,Atta_1,1877.7,2177.0,342.6,-51.4,1.9,,,,
80.165,2,Atta_2,1001.9,301.5,8.8,106.7,4.3,,,,
80.165,3,Atta_3,1106.9,354.9,8.4,26.3,2.6,,,,
80.165,4,Atta_4,1025.2,501.4,359.5,-13.5,1.7,,,,
80.165,5,Atta_5,1049.7,1265.9,349.9,-53.2,-0.4,,,,
80.165,6,Atta_6,1952.7,1583.1,333.6,-34.5,4.3,,,,
80.165,7,Atta_7,1254.2,2407.7,347.0,87.3,2.6,,,,
80.165,8,Atta_8,1139.0,1573.4,352.6,71.6,0.4,,,,
80.165,9,Atta_9,2636.6,2070.3,13.4,72.4,-0.8,,,,
80.165,10,Atta_10,1009.0,2051.2,326.5,96.8,-6.8,,,,
80.233,1,Atta_1,1900.3,2160.1,341.8,28.2,-0.8,,,,
80.233,2,Atta_2,998.4,334.7,11.3,33.4,2.5,,,,
80.233,3,Atta_3,1081.6,344.1,7.3,-27.5,-1.1,,,,
80.233,4,Atta_4,1043.7,478.7,358.6,29.3,-0.9,,,,
80.233,5,Atta_5,1059.3,1230.4,350.9,36.8,1.0,,,,
80.233,6,Atta_6,1941.5,1550.1,340.8,34.8,7.2,,,,
80.233,7,Atta_7,1228.7,2410.0,346.5,-25.6,-0.5,,,,
80.233,8,Atta_8,1078.5,1615.8,351.6,-73.9,-1.0,,,,
80.233,9,Atta_9,2705.0,2008.6,13.5,92.1,0.1,,,,
80.233,10,Atta_10,980.1,2077.4,320.7,-39.0,-5.8,,,,
80.302,1,Atta_1,1937.6,2180.3,342.8,42.4,1.0,,,,
80.302,2,Atta_2,927.4,351.3,5.0,-72.9,-6.3,,,,
80.302,3,Atta_3,1054.7,320.7,7.4,-35.7,0.1,,,,
80.302,4,Atta_4,1091.5,514.4,1.2,59.7,2.6,,,,
80.302,5,Atta_5,1044.4,1304.5,349.3,-75.6,-1.6,,,,
80.302,6,Atta_6,1905.0,1504.4,343.3,-58.5,2.5,,,,
80.302,7,Atta_7,1245.4,2433.4,340.9,28.7,-5.6,,,,
80.302,8,Atta_8,1086.2,1549.6,348.3,66.6,-3.3,,,,
80.302,9,Atta_9,2710.5,2004.1,10.4,7.1,-3.1,,,,
80.302,10,Atta_10,992.5,2156.3,316.4,-79.9,-4.3,,,,
80.37,1,Atta_1,1876.9,2156.6,341.2,-65.2,-1.6,,,,
80.37,2,Atta_2,991.0,279.6,6.9,95.8,1.9,,,,
80.37,3,Atta_3,1158.8,318.7,11.5,104.1,4.1,,,,
80.37,4,Atta_4,1113.6,492.8,356.9,30.9,-4.3,,,,
80.37,5,Atta_5,1063.5,1210.7,349.1,95.7,-0.2,,,,
80.37,6,Atta_6,2000.7,1508.9,347.6,95.8,4.3,,,,
80.37,7,Atta_7,1210.1,2409.9,340.4,-42.4,-0.5,,,,
80.37,9,Atta_9,2645.3,2024.0,12.1,-68.2,1.7,,,,
80.37,10,Atta_10,973.2,2111.0,314.1,49.2,-2.3,,,,
80.437,1,Atta_1,1949.8,2171.8,343.8,74.5,2.6,,,,
80.437,2,Atta_2,916.0,345.7,7.7,-100.0,0.8,,,,
80.437,3,Atta_3,1178.3,320.2,6.0,19.6,-5.5,,,,
80.437,4,Atta_4,1074.1,485.0,355.7,-40.3,-1.2,,,,
80.437,5,Atta_5,1017.9,1227.5,349.8,-48.6,0.7,,,,
80.437,6,Atta_6,1940.0,1500.7,349.5,-61.3,1.9,,,,
80.437,7,Atta_7,1283.2,2432.7,345.4,76.6,5.0,,,,
80.437,8,Atta_8,1150.3,1562.8,352.8,65.4,4.5,,,,
80.437,9,Atta_9,2682.7,2062.6,16.1,53.7,4.0,,,,
80.437,10,Atta_10,951.8,2063.6,307.5,52.0,-6.6,,,,
80.506,1,Atta_1,1940.1,2122.0,342.8,50.7,-1.0,,,,
80.506,2,Atta_2,927.4,366.4,7.3,23.6,-0.4,,,,
80.506,3,Atta_3,1137.6,372.6,10.0,-66.3,4.0,,,,
80.506,4,Atta_4,1134.9,540.4,353.6,82.3,-2.1,,,,
80.506,5,Atta_5,1005.3,1247.3,348.8,-23.5,-1.0,,,,
80.506,6,Atta_6,1959.4,1592.6,355.3,93.9,5.8,,,,
80.506,7,Atta_7,1258.6,2435.5,344.4,-24.8,-1.0,,,,
80.506,8,Atta_8,1120.7,1570.8,350.8,-30.7,-2.0,,,,
80.506,9,Atta_9,2689.2,2021.1,12.7,-42.0,-3.4,,,,
80.506,10,Atta_10,1001.9,2063.6,303.6,50.1,-3.9,,,,
80.571,1,Atta_1,1958.1,2164.1,340.3,45.8,-2.5,,,,
80.571,2,Atta_2,884.5,287.9,9.2,-89.5,1.9,,,,
80.571,3,Atta_3,1152.6,298.9,7.0,75.2,-3.0,,,,
80.571,4,Atta_4,1083.3,501.8,359.8,-64.4,6.2,,,,
80.571,5,Atta_5,1066.9,1220.9,349.0,67.0,0.2,,,,
80.571,6,Atta_6,1930.5,1577.0,357.9,-32.8,2.6,,,,
80.571,7,Atta_7,1307.6,2388.2,343.4,68.1,-1.0,,,,
80.571,8,Atta_8,1141.2,1499.3,351.9,74.4,1.1,,,,
80.571,10,Atta_10,991.8,2099.9,300.8,-37.7,-2.8,,,,
80.639,1,Atta_1,1962.3,2097.5,340.7,66.7,0.4,,,,
80.639,2,Atta_2,863.8,336.7,5.8,-53.0,-3.4,,,,
80.639,3,Atta_3,1181.2,337.3,8.1,47.9,1.1,,,,
80.639,4,Atta_4,1117.2,521.7,1.0,39.3,1.2,,,,
80.639,5,Atta_5,968.9,1280.0,354.3,-114.4,5.3,,,,
80.639,6,Atta_6,1915.1,1561.7,356.3,-21.7,-1.6,,,,
80.639,7,Atta_7,1353.2,2403.7,344.1,48.2,0.7,,,,
80.639,8,Atta_8,1132.7,1601.9,353.4,-103.0,1.5,,,,
80.639,9,Atta_9,2711.7,2035.1,12.8,26.5,0.1,,,,
80.639,10,Atta_10,1005.1,2108.2,304.1,-15.7,3.3,,,,
80.701,1,Atta_1,2000.0,2122.7,340.3,45.3,-0.4,,,,
80.701,2,Atta_2,857.3,280.7,13.7,-56.4,7.9,,,,
80.701,3,Atta_3,1184.5,362.4,10.8,25.3,2.7,,,,
80.701,4,Atta_4,1052.7,492.7,0.4,-70.7,-0.6,,,,
80.701,5,Atta_5,1032.9,1226.0,356.8,83.7,2.5,,,,
80.701,6,Atta_6,1904.8,1546.4,355.9,-18.4,-0.4,,,,
80.701,7,Atta_7,1278.3,2380.0,348.1,-78.6,4.0,,,,
80.701,8,Atta_8,1239.0,1562.9,350.8,113.2,-2.6,,,,
80.701,9,Atta_9,2716.5,2056.2,15.1,21.6,2.3,,,,
80.701,10,Atta_10,973.7,2154.0,300.9,-55.5,-3.2,,,,
80.771,1,Atta_1,1966.8,2095.7,339.8,-42.8,-0.5,,,,
80.771,2,Atta_2,874.7,278.6,18.3,17.5,4.6,,,,
80.771,3,Atta_3,1209.2,368.2,9.2,25.4,-1.6,,,,
80.771,4,Atta_4,1057.8,499.0,1.9,8.1,1.5,,,,
80.771,5,Atta_5,993.6,1266.4,1.6,-56.4,4.8,,,,
80.771,6,Atta_6,1981.4,1535.7,0.6,77.3,4.7,,,,
80.771,7,Atta_7,1324.4,2364.1,343.7,48.8,-4.4,,,,
80.771,8,Atta_8,1219.6,1581.6,353.8,-26.9,3.0,,,,
80.771,9,Atta_9,2752.3,2064.1,16.0,36.7,0.9,,,,
80.771,10,Atta_10,999.4,2088.7,300.9,70.2,0.0,,,,
80.894,1,Atta_1,1980.5,2159.3,342.9,-65.1,3.1,,,,
80.894,2,Atta_2,916.3,310.9,25.1,52.7,6.8,,,,
80.894,3,Atta_3,1210.9,326.0,5.4,-42.2,-3.8,,,,
80.894,4,Atta_4,1079.3,462.2,358.0,42.6,-3.9,,,,
80.894,5,Atta_5,1060.9,1259.0,3.8,67.7,2.2,,,,
80.894,6,Atta_6,1927.3,1504.9,355.4,-62.3,-5.2,,,,
80.894,7,Atta_7,1243.0,2407.8,346.2,-92.4,2.5,,,,
80.894,8,Atta_8,1206.2,1564.9,350.9,-21.4,-2.9,,,,
80.894,9,Atta_9,2672.7,2061.6,15.1,-79.6,-0.9,,,,
80.894,10,Atta_10,1033.3,2066.8,301.9,40.4,1.0,,,,
80.964,1,Atta_1,2007.1,2138.6,335.5,33.7,-7.4,,,,
80.964,2,Atta_2,827.3,346.8,33.3,-96.0,8.2,,,,
80.964,3,Atta_3,1192.3,360.8,5.1,-39.5,-0.3,,,,
80.964,4,Atta_4,1204.1,499.8,2.3,130.3,4.3,,,,
80.964,5,Atta_5,967.3,1276.2,13.5,-95.2,9.7,,,,
80.964,6,Atta_6,1937.4,1586.1,358.5,81.8,3.1,,,,
80.964,7,Atta_7,1367.8,2408.6,344.8,124.8,-1.4,,,,
80.964,8,Atta_8,1224.0,1554.1,353.2,20.8,2.3,,,,
80.964,9,Atta_9,2742.2,2063.7,11.3,69.5,-3.8,,,,
80.964,10,Atta_10,1012.7,2095.4,305.0,-35.2,3.1,,,,
81.033,1,Atta_1,2001.7,2150.6,337.2,-13.2,1.7,,,,
81.033,2,Atta_2,807.5,341.7,36.1,-20.4,2.8,,,,
81.033,3,Atta_3,1258.8,343.4,8.9,68.7,3.8,,,,
81.033,5,Atta_5,1024.3,1243.9,18.9,65.5,5.4,,,,
81.033,6,Atta_6,1974.7,1489.4,358.9,103.6,0.4,,,,
81.033,7,Atta_7,1327.8,2391.3,338.6,-43.6,-6.2,,,,
81.033,8,Atta_8,1221.2,1517.2,353.7,37.0,0.5,,,,
81.033,9,Atta_9,2754.0,2033.0,13.3,32.9,2.0,,,,
81.033,10,Atta_10,998.5,2082.6,301.7,19.1,-3.3,,,,
81.166,1,Atta_1,1963.6,2194.0,342.5,-57.8,5.3,,,,
81.166,2,Atta_2,859.9,341.5,43.9,52.4,7.8,,,,
81.166,3,Atta_3,1246.3,340.8,7.2,-12.8,-1.7,,,,
81.166,4,Atta_4,1186.1,464.5,357.9,-39.6,-4.4,,,,
81.166,5,Atta_5,1004.1,1228.8,23.2,-25.2,4.3,,,,
81.166,6,Atta_6,1965.6,1518.6,353.8,-30.6,-5.1,,,,
81.166,7,Atta_7,1400.8,2402.7,343.5,73.9,4.9,,,,
81.166,8,Atta_8,1284.1,1479.6,347.2,73.3,-6.5,,,,
81.166,9,Atta_9,2796.7,2081.7,12.0,64.8,-1.3,,,,
81.166,10,Atta_10,1011.2,2093.7,302.9,-16.9,1.2,,,,
81.228,1,Atta_1,1884.4,2143.2,340.1,-94.1,-2.4,,,,
81.228,2,Atta_2,884.4,276.5,44.2,-69.5,0.3,,,,
81.228,3,Atta_3,1283.1,372.3,5.7,48.4,-1.5,,,,
81.228,4,Atta_4,1253.3,466.9,1.6,67.2,3.7,,,,
81.228,5,Atta_5,1007.0,1245.7,26.1,17.1,2.9,,,,
81.228,6,Atta_6,1971.0,1513.9,358.4,7.2,4.6,,,,
81.228,7,Atta_7,1421.3,2335.8,347.5,70.0,4.0,,,,
81.228,8,Atta_8,1233.0,1563.3,353.2,-98.1,6.0,,,,
81.228,9,Atta_9,2855.5,2083.3,16.2,58.8,4.2,,,,
81.228,10,Atta_10,1021.0,2034.6,306.5,59.9,3.6,,,,
81.297,1,Atta_1,1958.7,2157.5,339.3,75.7,-0.8,,,,
81.297,2,Atta_2,913.4,292.2,56.3,33.0,12.1,,,,
81.297,3,Atta_3,1248.8,402.4,8.8,-45.6,3.1,,,,
81.297,4,Atta_4,1246.3,518.7,0.5,-52.3,-1.1,,,,
81.297,5,Atta_5,991.3,1225.5,36.6,-25.6,10.5,,,,
81.297,6,Atta_6,2032.2,1499.5,358.3,62.9,-0.1,,,,
81.297,7,Atta_7,1378.4,2321.7,342.9,-45.2,-4.6,,,,
81.297,8,Atta_8,1259.6,1544.0,353.5,32.9,0.3,,,,
81.297,9,Atta_9,2838.1,2118.5,16.1,-39.3,-0.1,,,,
81.297,10,Atta_10,1000.3,2059.5,301.6,-32.4,-4.9,,,,
81.428,1,Atta_1,1948.3,2126.4,332.3,32.8,-7.0,,,,
81.428,2,Atta_2,820.6,375.6,57.0,124.8,0.7,,,,
81.428,3,Atta_3,1302.6,323.0,8.0,95.9,-0.8,,,,
81.428,4,Atta_4,1223.5,513.4,360.0,-23.4,-0.5,,,,
81.428,5,Atta_5,1018.1,1296.5,40.5,75.9,3.9,,,,
81.428,6,Atta_6,2031.4,1563.7,356.7,-64.2,-1.6,,,,
81.428,7,Atta_7,1425.0,2400.6,348.8,91.6,5.9,,,,
81.428,8,Atta_8,1286.9,1539.5,353.7,27.7,0.2,,,,
81.428,9,Atta_9,2829.0,2032.7,16.9,-86.3,0.8,,,,
81.428,10,Atta_10,1074.6,2065.1,305.3,74.5,3.7,,,,
81.495,1,Atta_1,1917.9,2158.2,323.7,-44.0,-8.6,,,,
81.495,2,Atta_2,908.2,298.0,62.2,-117.0,5.2,,,,
81.495,3,Atta_3,1312.9,396.8,9.3,74.5,1.3,,,,
81.495,4,Atta_4,1252.3,456.6,356.4,63.7,-3.6,,,,
81.495,5,Atta_5,1011.9,1299.1,45.5,-6.7,5.0,,,,
81.495,6,Atta_6,2019.9,1585.5,356.1,-24.6,-0.6,,,,
81.495,7,Atta_7,1417.1,2389.0,344.6,-14.0,-4.2,,,,
81.495,8,Atta_8,1295.0,1520.2,350.0,20.9,-3.7,,,,
81.495,9,Atta_9,2848.8,2090.0,15.3,60.6,-1.6,,,,
81.495,10,Atta_10,1042.2,2016.4,301.6,58.5,-3.7,,,,
81.56,1,Atta_1,1950.8,2125.4,321.8,46.5,-1.9,,,,
81.56,2,Atta_2,882.6,305.8,64.6,-26.8,2.4,,,,
81.56,3,Atta_3,1309.6,340.9,8.9,-56.0,-0.4,,,,
81.56,4,Atta_4,1247.0,490.6,1.1,-34.4,4.7,,,,
81.56,5,Atta_5,1043.8,1241.6,44.5,-65.8,-1.0,,,,
81.56,6,Atta_6,2048.5,1531.8,357.8,60.8,1.7,,,,
81.56,7,Atta_7,1438.5,2379.1,345.1,23.6,0.5,,,,
81.56,8,Atta_8,1293.2,1542.1,350.9,-22.0,0.9,,,,
81.56,9,Atta_9,2848.5,2081.8,14.4,-8.2,-0.9,,,,
81.56,10,Atta_10,997.5,1975.0,300.8,60.9,-0.8,,,,
81.631,1,Atta_1,1920.4,2123.3,318.3,-30.5,-3.5,,,,
81.631,2,Atta_2,852.8,329.1,66.5,37.8,1.9,,,,
81.631,3,Atta_3,1336.3,347.4,10.6,27.5,1.7,,,,
81.631,4,Atta_4,1319.3,549.0,356.9,92.9,-4.2,,,,
81.631,5,Atta_5,1050.0,1205.6,46.2,-36.5,1.7,,,,
81.631,6,Atta_6,2086.5,1523.3,357.6,38.9,-0.2,,,,
81.631,7,Atta_7,1402.3,2324.5,345.6,-65.5,0.5,,,,
81.631,8,Atta_8,1307.4,1529.8,352.9,18.8,2.0,,,,
81.631,9,Atta_9,2865.9,2020.1,13.3,64.1,-1.1,,,,
81.631,10,Atta_10,1050.0,1954.7,303.4,56.3,2.6,,,,
81.692,1,Atta_1,1906.6,2168.7,318.4,-47.5,0.1,,,,
81.692,2,Atta_2,839.2,303.3,67.9,-29.2,1.4,,,,
81.692,3,Atta_3,1317.2,381.7,9.0,-39.3,-1.6,,,,
81.692,4,Atta_4,1276.4,517.9,359.6,-53.0,2.7,,,,
81.692,5,Atta_5,968.4,1236.5,44.4,-87.3,-1.8,,,,
81.692,6,Atta_6,2042.4,1564.0,358.4,-60.0,0.8,,,,
81.692,7,Atta_7,1466.3,2360.9,343.3,73.6,-2.3,,,,
81.692,8,Atta_8,1295.3,1506.7,348.7,-26.1,-4.2,,,,
81.692,9,Atta_9,2837.1,2106.4,13.1,-91.0,-0.2,,,,
81.692,10,Atta_10,1046.1,1984.6,309.3,-30.2,5.9,,,,
81.759,1,Atta_1,1950.6,2154.8,307.4,46.1,-11.0,,,,
81.759,2,Atta_2,882.6,280.8,68.9,-48.9,1.0,,,,
81.759,3,Atta_3,1377.8,400.4,13.6,63.4,4.6,,,,
81.759,4,Atta_4,1279.6,463.6,359.6,54.4,0.0,,,,
81.759,5,Atta_5,997.9,1277.9,45.5,50.8,1.1,,,,
81.759,6,Atta_6,2068.3,1549.2,358.5,29.8,0.1,,,,
81.759,7,Atta_7,1502.0,2402.0,343.0,54.4,-0.3,,,,
81.759,8,Atta_8,1329.0,1515.4,353.2,34.8,4.5,,,,
81.759,9,Atta_9,2867.3,2089.5,12.7,34.6,-0.4,,,,
81.759,10,Atta_10,1030.3,1989.0,311.0,-16.4,1.7,,,,
81.828,1,Atta_1,1917.5,2179.9,307.3,-41.5,-0.1,,,,
81.828,2,Atta_2,806.5,308.6,66.8,-81.0,-2.1,,,,
81.828,3,Atta_3,1350.9,383.5,6.5,-31.8,-7.1,,,,
81.828,4,Atta_4,1286.8,479.2,358.3,17.2,-1.3,,,,
81.828,5,Atta_5,1022.3,1342.6,43.0,69.1,-2.5,,,,
81.828,6,Atta_6,2124.0,1474.2,358.8,93.4,0.3,,,,
81.828,7,Atta_7,1499.7,2298.2,344.8,103.8,1.8,,,,
81.828,8,Atta_8,1341.8,1577.0,352.9,62.9,-0.3,,,,
81.828,9,Atta_9,2915.5,2157.8,12.2,83.6,-0.5,,,,
81.828,10,Atta_10,1042.3,2002.0,315.5,-17.7,4.5,,,,
81.899,1,Atta_1,1953.7,2188.4,302.8,37.2,-4.5,,,,
81.899,2,Atta_2,902.4,330.1,64.0,98.3,-2.8,,,,
81.899,3,Atta_3,1375.9,299.7,6.8,87.4,0.3,,,,
81.899,4,Atta_4,1281.7,482.2,359.3,-5.9,1.0,,,,
81.899,5,Atta_5,1021.6,1192.2,45.5,-150.4,2.5,,,,
81.899,6,Atta_6,2133.0,1532.9,356.6,59.4,-2.2,,,,
81.899,7,Atta_7,1515.9,2386.4,344.1,-89.7,-0.7,,,,
81.899,8,Atta_8,1377.7,1493.8,350.4,90.6,-2.5,,,,
81.899,9,Atta_9,2860.4,2113.9,14.8,-70.5,2.6,,,,
81.899,10,Atta_10,1059.4,1974.3,320.4,32.6,4.9,,,,
81.969,1,Atta_1,1980.7,2101.4,293.9,91.1,-8.9,,,,
81.969,2,Atta_2,899.3,298.9,68.3,-31.4,4.3,,,,
81.969,3,Atta_3,1396.3,332.2,3.6,38.4,-3.2,,,,
81.969,4,Atta_4,1296.2,447.3,1.6,37.8,2.3,,,,
81.969,5,Atta_5,1045.6,1255.1,44.1,67.3,-1.4,,,,
81.969,6,Atta_6,2124.3,1507.5,357.9,-26.8,1.3,,,,
81.969,7,Atta_7,1479.1,2384.9,344.5,-36.8,0.4,,,,
81.969,8,Atta_8,1370.3,1541.9,345.6,-48.7,-4.8,,,,
81.969,9,Atta_9,2954.7,2133.8,12.1,96.4,-2.7,,,,
81.969,10,Atta_10,1061.1,2011.1,328.7,-36.8,8.3,,,,
82.037,1,Atta_1,1929.4,2146.1,289.4,-68.0,-4.5,,,,
82.037,2,Atta_2,913.4,360.1,63.8,62.8,-4.5,,,,
82.037,3,Atta_3,1407.8,361.6,4.7,31.6,1.1,,,,
82.037,4,Atta_4,1334.2,481.9,360.0,51.4,-1.6,,,,
82.037,5,Atta_5,1066.7,1247.6,47.2,22.4,3.1,,,,
82.037,6,Atta_6,2204.2,1526.1,359.0,82.0,1.1,,,,
82.037,7,Atta_7,1535.6,2336.4,344.4,74.5,-0.1,,,,
82.037,8,Atta_8,1377.0,1513.6,343.2,29.1,-2.4,,,,
82.037,9,Atta_9,2935.6,2095.8,12.2,-42.5,0.1,,,,
82.104,1,Atta_1,1878.5,2194.1,288.3,-70.0,-1.1,,,,
82.104,2,Atta_2,901.8,328.0,67.1,-34.1,3.3,,,,
82.104,3,Atta_3,1332.7,380.9,5.1,-77.5,0.4,,,,
82.104,4,Atta_4,1388.1,485.2,358.2,54.0,-1.8,,,,
82.104,5,Atta_5,1055.3,1315.8,48.0,69.1,0.8,,,,
82.104,6,Atta_6,2085.5,1542.1,358.5,-119.8,-0.5,,,,
82.104,7,Atta_7,1519.3,2356.5,344.7,-25.9,0.3,,,,
82.104,8,Atta_8,1350.9,1529.3,344.4,-30.5,1.2,,,,
82.104,9,Atta_9,2945.6,2077.0,15.9,21.3,3.7,,,,
82.104,10,Atta_10,1015.9,1992.1,337.5,-49.0,8.8,,,,
82.175,1,Atta_1,1983.6,2182.3,283.0,105.8,-5.3,,,,
82.175,2,Atta_2,925.5,365.8,67.1,44.6,0.0,,,,
82.175,3,Atta_3,1362.4,389.0,6.2,30.8,1.1,,,,
82.175,4,Atta_4,1376.5,520.0,0.7,-36.7,2.5,,,,
82.175,5,Atta_5,1021.1,1302.7,48.2,-36.6,0.2,,,,
82.175,6,Atta_6,2108.9,1582.5,0.4,46.7,1.9,,,,
82.175,7,Atta_7,1507.4,2323.9,341.9,-34.7,-2.8,,,,
82.175,8,Atta_8,1332.8,1503.6,346.0,-31.4,1.6,,,,
82.175,9,Atta_9,2950.0,2071.7,14.1,6.9,-1.8,,,,
82.175,10,Atta_10,1101.6,1963.3,339.2,90.4,1.7,,,,
82.244,1,Atta_1,1944.5,2174.3,280.9,-39.9,-2.1,,,,
82.244,2,Atta_2,915.4,351.5,65.4,-17.5,-1.7,,,,
82.244,3,Atta_3,1362.6,367.3,5.8,-21.7,-0.4,,,,
82.244,4,Atta_4,1368.9,508.0,1.7,-14.2,1.0,,,,
82.244,5,Atta_5,1070.4,1304.2,47.0,49.3,-1.2,,,,
82.244,6,Atta_6,2223.5,1545.4,357.8,120.5,-2.6,,,,
82.244,7,Atta_7,1533.0,2315.5,344.1,26.9,2.2,,,,
82.244,8,Atta_8,1359.2,1553.3,344.5,56.3,-1.5,,,,
82.244,9,Atta_9,2926.8,2161.6,15.1,-92.8,1.0,,,,
82.244,10,Atta_10,1082.2,2012.3,348.5,-52.7,9.3,,,,
82.31,1,Atta_1,1942.2,2161.3,278.2,13.2,-2.7,,,,
82.31,2,Atta_2,961.8,400.2,67.2,67.3,1.8,,,,
82.31,3,Atta_3,1368.9,379.3,3.3,13.6,-2.5,,,,
82.31,4,Atta_4,1378.9,469.4,359.8,39.9,-1.9,,,,
82.31,5,Atta_5,1082.1,1361.4,50.4,58.4,3.4,,,,
82.31,6,Atta_6,2157.0,1565.1,359.0,-69.4,1.2,,,,
82.31,7,Atta_7,1561.2,2302.7,344.6,31.0,0.5,,,,
82.31,8,Atta_8,1344.4,1547.8,344.9,-15.8,0.4,,,,
82.31,9,Atta_9,2928.4,2103.4,12.2,-58.2,-2.9,,,,
82.31,10,Atta_10,1054.2,2015.8,348.9,-28.2,0.4,,,,
82.376,1,Atta_1,1988.7,2189.1,275.1,-54.2,-3.1,,,,
82.376,2,Atta_2,892.1,378.6,69.9,-73.0,2.7,,,,
82.376,3,Atta_3,1412.3,387.2,2.6,44.1,-0.7,,,,
82.376,4,Atta_4,1380.7,473.4,0.7,4.4,0.9,,,,
82.376,5,Atta_5,1054.7,1335.2,44.1,-37.9,-6.3,,,,
82.376,6,Atta_6,2207.0,1552.0,0.5,51.7,1.5,,,,
82.376,7,Atta_7,1568.6,2298.5,344.7,8.5,0.1,,,,
82.376,8,Atta_8,1380.5,1531.1,347.1,39.8,2.2,,,,
82.376,9,Atta_9,2965.3,2100.8,15.0,37.0,2.8,,,,
82.376,10,Atta_10,1035.1,1967.9,352.1,-51.6,3.2,,,,
82.442,1,Atta_1,1931.2,2121.8,279.3,88.5,4.2,,,,
82.442,2,Atta_2,955.4,428.2,63.2,80.4,-6.7,,,,
82.442,3,Atta_3,1385.2,404.1,4.0,-31.9,1.4,,,,
82.442,4,Atta_4,1381.2,491.1,3.1,17.7,2.4,,,,
82.442,5,Atta_5,1033.5,1292.7,47.2,-47.5,3.1,,,,
82.442,6,Atta_6,2236.4,1534.0,358.6,34.5,-1.9,,,,
82.442,7,Atta_7,1547.7,2316.3,341.8,-27.5,-2.9,,,,
82.442,8,Atta_8,1367.1,1458.5,347.1,73.8,0.0,,,,
82.442,9,Atta_9,2961.9,2079.2,14.7,-21.9,-0.3,,,,
82.442,10,Atta_10,1070.1,2008.6,2.2,53.7,10.1,,,,
82.51,1,Atta_1,1898.0,2140.2,276.0,-38.0,-3.3,,,,
82.51,2,Atta_2,894.5,425.1,65.1,-61.0,1.9,,,,
82.51,3,Atta_3,1424.2,355.6,4.1,62.2,0.1,,,,
82.51,4,Atta_4,1431.5,465.7,359.4,56.3,-3.7,,,,
82.51,5,Atta_5,1113.6,1363.8,46.8,107.1,-0.4,,,,
82.51,6,Atta_6,2232.3,1472.2,354.2,-61.9,-4.4,,,,
82.51,7,Atta_7,1554.2,2320.7,346.4,7.8,4.6,,,,
82.51,8,Atta_8,1433.5,1522.2,344.6,92.0,-2.5,,,,
82.51,9,Atta_9,2964.6,2096.4,17.3,17.4,2.6,,,,
82.51,10,Atta_10,1080.6,1963.4,0.1,46.4,-2.1,,,,
82.577,1,Atta_1,1968.3,2152.4,279.6,-71.4,3.6,,,,
82.577,2,Atta_2,968.3,400.0,65.0,78.0,-0.1,,,,
82.577,3,Atta_3,1382.0,337.8,2.9,-45.8,-1.2,,,,
82.577,4,Atta_4,1427.2,536.3,358.5,-70.7,-0.9,,,,
82.577,5,Atta_5,1112.2,1356.7,43.4,-7.2,-3.4,,,,
82.577,6,Atta_6,2205.2,1499.9,355.2,-38.8,1.0,,,,
82.577,7,Atta_7,1611.5,2360.7,346.0,69.9,-0.4,,,,
82.577,8,Atta_8,1358.8,1547.5,342.1,-78.9,-2.5,,,,
82.577,9,Atta_9,2971.4,2092.8,10.0,7.7,-7.3,,,,
82.577,10,Atta_10,1059.6,2002.4,4.3,-44.3,4.2,,,,
82.632,1,Atta_1,1914.6,2167.9,278.4,-55.9,-1.2,,,,
82.632,2,Atta_2,911.2,449.1,65.7,75.3,0.7,,,,
82.632,3,Atta_3,1436.1,341.2,7.7,54.2,4.8,,,,
82.632,4,Atta_4,1411.5,567.4,354.4,-34.8,-4.1,,,,
82.632,5,Atta_5,1117.4,1340.1,38.6,-17.4,-4.8,,,,
82.632,6,Atta_6,2176.2,1563.8,358.3,-70.2,3.1,,,,
82.632,7,Atta_7,1655.9,2285.6,356.3,87.2,10.3,,,,
82.632,8,Atta_8,1383.9,1544.9,345.5,25.2,3.4,,,,
82.632,9,Atta_9,3021.9,2106.3,13.3,52.3,3.3,,,,
82.632,10,Atta_10,1114.7,2009.6,3.3,55.6,-1.0,,,,
82.702,1,Atta_1,1920.0,2142.0,277.2,26.5,-1.2,,,,
82.702,2,Atta_2,923.6,431.5,58.1,-21.5,-7.6,,,,
82.702,3,Atta_3,1372.2,377.6,5.0,-73.5,-2.7,,,,
82.702,4,Atta_4,1484.1,495.1,356.0,102.5,1.6,,,,
82.702,5,Atta_5,1074.1,1361.8,35.7,-48.4,-2.9,,,,
82.702,6,Atta_6,2206.4,1481.4,355.0,87.8,-3.3,,,,
82.702,7,Atta_7,1601.2,2325.7,2.4,-67.8,6.1,,,,
82.702,8,Atta_8,1437.9,1534.4,342.4,55.0,-3.1,,,,
82.702,9,Atta_9,2999.2,2093.5,14.4,-26.1,1.1,,,,
82.702,10,Atta_10,1059.3,1966.4,0.3,-70.3,-3.0,,,,
82.768,1,Atta_1,1978.4,2141.6,276.3,58.4,-0.9,,,,
82.768,2,Atta_2,917.1,441.4,50.9,11.8,-7.2,,,,
82.768,3,Atta_3,1436.9,401.8,4.4,69.1,-0.6,,,,
82.768,4,Atta_4,1459.6,504.2,355.4,-26.1,-0.6,,,,
82.768,5,Atta_5,1129.1,1388.2,31.0,61.0,-4.7,,,,
82.768,6,Atta_6,2207.1,1537.9,358.9,-56.5,3.9,,,,
82.768,7,Atta_7,1634.4,2277.9,5.2,58.2,2.8,,,,
82.768,8,Atta_8,1410.4,1488.4,343.7,-53.6,1.3,,,,
82.768,9,Atta_9,3011.5,2105.9,14.4,17.5,0.0,,,,
82.768,10,Atta_10,1047.3,2061.2,1.0,-95.6,0.7,,,,
82.895,1,Atta_1,1898.3,2019.7,277.6,145.9,1.3,,,,
82.895,2,Atta_2,966.8,436.3,45.6,50.0,-5.3,,,,
82.895,3,Atta_3,1405.1,335.3,2.2,-73.7,-2.2,,,,
82.895,4,Atta_4,1474.9,480.5,357.0,28.2,1.6,,,,
82.895,5,Atta_5,1142.8,1336.4,29.0,-53.6,-2.0,,,,
82.895,6,Atta_6,2209.0,1493.4,360.0,44.5,1.1,,,,
82.895,7,Atta_7,1554.9,2301.5,5.0,-82.9,-0.2,,,,
82.895,8,Atta_8,1423.7,1535.7,345.3,-49.1,1.6,,,,
82.895,9,Atta_9,3066.4,2114.0,14.8,55.5,0.4,,,,
82.895,10,Atta_10,1051.6,2071.3,1.7,11.0,0.7,,,,
82.961,1,Atta_1,1966.1,2031.0,278.2,-68.7,0.6,,,,
82.961,2,Atta_2,924.4,453.5,39.8,-45.8,-5.8,,,,
82.961,3,Atta_3,1443.2,382.4,3.6,60.6,1.4,,,,
82.961,4,Atta_4,1409.1,498.9,358.4,-68.3,1.4,,,,
82.961,5,Atta_5,1072.6,1313.6,17.5,-73.8,-11.5,,,,
82.961,6,Atta_6,2223.0,1539.4,359.1,48.1,-0.9,,,,
82.961,7,Atta_7,1589.4,2277.9,9.7,41.8,4.7,,,,
82.961,8,Atta_8,1464.0,1485.3,347.3,64.5,2.0,,,,
82.961,9,Atta_9,3035.5,2085.2,17.3,-42.2,2.5,,,,
82.961,10,Atta_10,1084.4,2017.4,5.1,63.1,3.4,,,,
83.027,1,Atta_1,1976.8,2081.0,274.3,-51.1,-3.9,,,,
83.027,2,Atta_2,989.1,419.5,39.1,73.1,-0.7,,,,
83.027,3,Atta_3,1482.9,372.5,6.9,40.9,3.3,,,,
83.027,4,Atta_4,1528.2,523.5,357.4,121.6,-1.0,,,,
83.027,5,Atta_5,1112.6,1352.5,18.9,55.8,1.4,,,,
83.027,6,Atta_6,2184.8,1539.2,354.1,-38.2,-5.0,,,,
83.027,7,Atta_7,1551.4,2315.0,7.0,-53.1,-2.7,,,,
83.027,8,Atta_8,1509.9,1479.2,343.0,46.3,-4.3,,,,
83.027,9,Atta_9,3098.7,2146.2,15.4,87.8,-1.9,,,,
83.027,10,Atta_10,1066.3,1987.0,2.6,-35.4,-2.5,,,,
83.096,1,Atta_1,1949.5,2037.9,278.0,51.0,3.7,,,,
83.096,2,Atta_2,970.8,464.8,34.1,48.9,-5.0,,,,
83.096,3,Atta_3,1517.5,411.1,4.8,51.8,-2.1,,,,
83.096,4,Atta_4,1501.8,506.8,358.7,-31.2,1.3,,,,
83.096,5,Atta_5,1107.3,1340.3,13.3,-13.3,-5.6,,,,
83.096,6,Atta_6,2254.1,1513.2,355.6,74.0,1.5,,,,
83.096,7,Atta_7,1577.2,2346.7,4.9,40.9,-2.1,,,,
83.096,8,Atta_8,1464.5,1504.9,344.8,-52.2,1.8,,,,
83.096,9,Atta_9,3026.9,2138.1,13.5,-72.3,-1.9,,,,
83.096,10,Atta_10,1088.6,2024.1,2.8,43.3,0.2,,,,
83.161,1,Atta_1,1953.3,2035.9,276.6,4.3,-1.4,,,,
83.161,2,Atta_2,944.4,425.8,32.6,-47.1,-1.5,,,,
83.161,3,Atta_3,1517.4,420.9,4.5,9.8,-0.3,,,,
83.161,4,Atta_4,1565.1,515.9,356.7,64.0,-2.0,,,,
83.161,5,Atta_5,1068.4,1320.8,12.2,-43.5,-1.1,,,,
83.161,6,Atta_6,2282.9,1564.6,356.6,58.9,1.0,,,,
83.161,7,Atta_7,1500.4,2284.2,8.5,-99.0,3.6,,,,
83.161,8,Atta_8,1491.3,1520.2,346.0,30.9,1.2,,,,
83.161,9,Atta_9,3071.0,2150.5,16.1,45.8,2.6,,,,
83.161,10,Atta_10,1105.8,2013.6,5.0,20.2,2.2,,,,
83.227,1,Atta_1,1905.5,2058.4,279.7,-52.8,3.1,,,,
83.227,2,Atta_2,906.1,412.8,28.7,-40.4,-3.9,,,,
83.227,3,Atta_3,1538.0,397.4,2.8,31.3,-1.7,,,,
83.227,4,Atta_4,1486.5,471.8,358.6,-90.1,1.9,,,,
83.227,5,Atta_5,1125.4,1337.9,2.9,59.5,-9.3,,,,
83.227,6,Atta_6,2266.6,1496.8,355.8,-69.7,-0.8,,,,
83.227,7,Atta_7,1556.6,2294.0,3.1,57.0,-5.4,,,,
83.227,8,Atta_8,1473.8,1438.0,344.8,84.0,-1.2,,,,
83.227,9,Atta_9,3142.2,2109.3,15.7,82.3,-0.4,,,,
83.227,10,Atta_10,1105.2,1988.5,1.2,-25.1,-3.8,,,,
83.294,1,Atta_1,1985.9,2087.6,281.3,-85.5,1.6,,,,
83.294,2,Atta_2,908.5,416.2,18.8,4.2,-9.9,,,,
83.294,3,Atta_3,1531.5,400.0,3.0,-7.0,0.2,,,,
83.294,4,Atta_4,1497.3,549.3,1.0,78.2,2.4,,,,
83.294,5,Atta_5,1067.3,1346.7,1.8,-58.8,-1.1,,,,
83.294,6,Atta_6,2284.2,1517.8,358.3,27.4,2.5,,,,
83.294,7,Atta_7,1527.2,2304.4,359.1,-31.2,-4.0,,,,
83.294,8,Atta_8,1493.2,1464.6,350.0,32.9,5.2,,,,
83.294,9,Atta_9,3097.8,2135.5,15.3,-51.6,-0.4,,,,
83.294,10,Atta_10,1150.9,2010.4,0.4,50.7,-0.8,,,,
83.362,1,Atta_1,1927.7,2063.8,281.4,62.9,0.1,,,,
83.362,2,Atta_2,959.5,344.5,18.9,88.0,0.1,,,,
83.362,3,Atta_3,1541.9,421.2,0.3,23.6,-2.7,,,,
83.362,4,Atta_4,1537.0,489.7,354.5,71.6,-6.5,,,,
83.362,5,Atta_5,1127.0,1330.0,355.5,62.0,-6.3,,,,
83.362,6,Atta_6,2312.9,1539.2,354.5,35.8,-3.8,,,,
83.362,7,Atta_7,1480.9,2347.2,354.8,-63.1,-4.3,,,,
83.362,8,Atta_8,1524.2,1500.2,345.9,47.2,-4.1,,,,
83.362,9,Atta_9,3139.0,2134.0,13.4,41.2,-1.9,,,,
83.362,10,Atta_10,1229.4,2042.2,4.4,84.7,4.0,,,,
83.431,1,Atta_1,1946.5,2076.4,286.9,-22.6,5.5,,,,
83.431,2,Atta_2,915.7,386.1,11.6,-60.4,-7.3,,,,
83.431,3,Atta_3,1495.9,386.5,2.9,-57.6,2.6,,,,
83.431,4,Atta_4,1567.2,525.4,358.0,46.8,3.5,,,,
83.431,5,Atta_5,1061.2,1322.1,351.6,-66.3,-3.9,,,,
83.431,6,Atta_6,2281.4,1528.5,357.3,-33.3,2.8,,,,
83.431,7,Atta_7,1481.2,2292.6,350.4,54.6,-4.4,,,,
83.431,8,Atta_8,1571.0,1471.0,344.8,55.2,-1.1,,,,
83.431,9,Atta_9,3122.1,2136.6,16.0,-17.1,2.6,,,,
83.431,10,Atta_10,1153.3,2006.3,2.6,-84.1,-1.8,,,,
83.499,1,Atta_1,1964.2,2029.7,292.4,49.9,5.5,,,,
83.499,2,Atta_2,922.1,445.1,6.3,59.3,-5.3,,,,
83.499,3,Atta_3,1507.6,377.1,3.6,15.0,0.7,,,,
83.499,4,Atta_4,1586.1,419.5,0.3,107.6,2.3,,,,
83.499,5,Atta_5,1126.5,1306.9,348.8,67.0,-2.8,,,,
83.499,6,Atta_6,2326.1,1501.8,356.4,52.1,-0.9,,,,
83.499,7,Atta_7,1510.3,2320.9,346.9,40.6,-3.5,,,,
83.499,8,Atta_8,1489.6,1495.1,346.7,-84.9,1.9,,,,
83.499,9,Atta_9,3112.8,2172.9,17.0,37.5,1.0,,,,
83.499,10,Atta_10,1127.8,2008.0,3.1,-25.6,0.5,,,,
83.568,1,Atta_1,1970.9,2015.2,291.5,16.0,-0.9,,,,
83.568,2,Atta_2,1012.6,406.5,13.6,98.4,7.3,,,,
83.568,3,Atta_3,1497.7,348.4,5.3,-30.4,1.7,,,,
83.568,4,Atta_4,1525.1,483.6,2.1,-88.5,1.8,,,,
83.568,5,Atta_5,1107.9,1367.8,347.7,-63.7,-1.1,,,,
83.568,6,Atta_6,2310.0,1531.8,357.4,-34.0,1.0,,,,
83.568,7,Atta_7,1470.1,2305.4,337.3,-43.1,-9.6,,,,
83.568,8,Atta_8,1575.2,1448.2,345.0,97.6,-1.7,,,,
83.568,9,Atta_9,3125.3,2157.5,13.8,19.8,-3.2,,,,
83.568,10,Atta_10,1145.5,1987.9,4.8,26.8,1.7,,,,
83.634,1,Atta_1,1997.5,2058.9,298.8,-51.2,7.3,,,,
83.634,2,Atta_2,915.8,365.2,11.3,-105.2,-2.3,,,,
83.634,3,Atta_3,1466.8,336.0,1.8,-33.3,-3.5,,,,
83.634,4,Atta_4,1591.2,528.7,355.0,80.0,-7.1,,,,
83.634,5,Atta_5,1096.6,1316.0,347.5,-53.0,-0.2,,,,
83.634,6,Atta_6,2357.8,1535.7,355.4,48.0,-2.0,,,,
83.634,7,Atta_7,1512.3,2304.5,336.1,42.2,-1.2,,,,
83.634,8,Atta_8,1572.7,1470.2,340.9,-22.1,-4.1,,,,
83.634,9,Atta_9,3186.9,2160.1,13.7,61.7,-0.1,,,,
83.634,10,Atta_10,1121.9,2025.3,5.1,-44.2,0.3,,,,
83.703,1,Atta_1,1948.8,2016.0,305.1,64.9,6.3,,,,
83.703,2,Atta_2,944.2,411.3,11.0,54.1,-0.3,,,,
83.703,3,Atta_3,1449.6,414.6,4.0,-80.5,2.2,,,,
83.703,4,Atta_4,1618.9,498.1,357.6,41.3,2.6,,,,
83.703,5,Atta_5,1091.8,1309.3,347.1,-8.2,-0.4,,,,
83.703,6,Atta_6,2334.5,1511.0,355.9,-34.0,0.5,,,,
83.703,7,Atta_7,1492.9,2242.5,333.5,65.0,-2.6,,,,
83.703,8,Atta_8,1543.6,1461.9,343.2,-30.3,2.3,,,,
83.703,9,Atta_9,3191.2,2142.8,15.6,17.8,1.9,,,,
83.703,10,Atta_10,1189.6,1949.0,5.8,102.0,0.7,,,,
83.769,1,Atta_1,1991.7,2048.7,306.9,-53.9,1.8,,,,
83.769,2,Atta_2,949.3,408.3,12.6,5.9,1.6,,,,
83.769,3,Atta_3,1437.1,389.8,2.1,-27.8,-1.9,,,,
83.769,4,Atta_4,1620.3,517.8,0.1,19.7,2.5,,,,
83.769,5,Atta_5,1121.7,1374.3,347.0,71.5,-0.1,,,,
83.769,6,Atta_6,2348.1,1578.6,357.0,69.0,1.1,,,,
83.769,7,Atta_7,1539.7,2240.7,330.8,46.8,-2.7,,,,
83.769,8,Atta_8,1506.5,1448.4,339.3,-39.5,-3.9,,,,
83.769,9,Atta_9,3208.0,2143.9,13.6,16.8,-2.0,,,,
83.769,10,Atta_10,1238.6,2024.8,1.7,90.3,-4.1,,,,
83.838,1,Atta_1,1972.3,2004.1,315.5,48.6,8.6,,,,
83.838,2,Atta_2,918.8,378.6,12.5,-42.6,-0.1,,,,
83.838,3,Atta_3,1446.2,314.8,4.3,75.6,2.2,,,,
83.838,4,Atta_4,1644.1,496.9,359.6,31.7,-0.5,,,,
83.838,5,Atta_5,1118.3,1329.1,346.8,45.3,-0.2,,,,
83.838,6,Atta_6,2374.0,1510.8,357.6,72.6,0.6,,,,
83.838,7,Atta_7,1535.0,2311.7,323.0,-71.2,-7.8,,,,
83.838,8,Atta_8,1545.2,1470.0,340.5,44.3,1.2,,,,
83.838,9,Atta_9,3215.2,2221.4,15.9,77.8,2.3,,,,
83.838,10,Atta_10,1255.5,2014.6,2.8,19.7,1.1,,,,
83.904,1,Atta_1,1900.6,2039.9,317.2,-80.1,1.7,,,,
83.904,2,Atta_2,957.6,426.9,8.8,62.0,-3.7,,,,
83.904,3,Atta_3,1426.4,290.5,358.0,-31.3,-6.3,,,,
83.904,4,Atta_4,1536.7,490.1,358.3,-107.6,-1.3,,,,
83.904,5,Atta_5,1153.6,1359.7,348.8,46.7,2.0,,,,
83.904,6,Atta_6,2367.8,1490.3,354.9,-21.4,-2.7,,,,
83.904,7,Atta_7,1505.0,2317.6,318.7,-30.6,-4.3,,,,
83.904,8,Atta_8,1499.2,1492.6,341.7,-51.3,1.2,,,,
83.904,9,Atta_9,3230.0,2179.7,11.3,44.2,-4.6,,,,
83.904,10,Atta_10,1262.7,1985.3,1.5,30.2,-1.3,,,,
83.973,1,Atta_1,1903.0,1995.9,322.3,44.1,5.1,,,,
83.973,2,Atta_2,976.0,397.0,10.2,35.1,1.4,,,,
83.973,3,Atta_3,1443.1,351.0,353.9,62.8,-4.1,,,,
83.973,4,Atta_4,1607.6,489.3,356.8,70.9,-1.5,,,,
83.973,5,Atta_5,1130.5,1316.5,346.0,-49.0,-2.8,,,,
83.973,6,Atta_6,2368.2,1543.6,358.4,-53.3,3.5,,,,
83.973,7,Atta_7,1514.0,2315.7,315.1,9.2,-3.6,,,,
83.973,8,Atta_8,1487.2,1442.5,341.0,51.5,-0.7,,,,
83.973,9,Atta_9,3210.5,2172.8,14.5,-20.7,3.2,,,,
83.973,10,Atta_10,1283.7,2001.0,5.3,26.2,3.8,,,,
84.038,1,Atta_1,1972.8,1997.5,326.9,69.8,4.6,,,,
84.038,2,Atta_2,932.8,381.1,9.5,-46.0,-0.7,,,,
84.038,3,Atta_3,1409.9,377.1,350.4,-42.2,-3.5,,,,
84.038,4,Atta_4,1646.9,486.8,0.8,39.4,4.0,,,,
84.038,5,Atta_5,1121.5,1290.0,347.1,-28.0,1.1,,,,
84.038,6,Atta_6,2406.2,1533.7,357.5,39.3,-0.9,,,,
84.038,7,Atta_7,1479.7,2293.9,309.3,-40.6,-5.8,,,,
84.038,8,Atta_8,1521.1,1503.5,341.4,69.8,0.4,,,,
84.038,9,Atta_9,3275.6,2176.4,13.4,65.2,-1.1,,,,
84.038,10,Atta_10,1270.3,2033.0,3.3,-34.7,-2.0,,,,
84.105,1,Atta_1,1989.3,2073.4,331.2,-77.7,4.3,,,,
84.105,2,Atta_2,1034.8,408.9,11.4,105.7,1.9,,,,
84.105,3,Atta_3,1423.9,361.4,341.9,21.0,-8.5,,,,
84.105,4,Atta_4,1673.3,437.0,1.5,56.4,0.7,,,,
84.105,5,Atta_5,1141.8,1358.8,349.7,71.7,2.6,,,,
84.105,6,Atta_6,2448.7,1487.6,352.9,62.7,-4.6,,,,
84.105,7,Atta_7,1566.2,2368.5,309.5,-114.2,0.2,,,,
84.105,8,Atta_8,1467.2,1493.4,339.0,-54.8,-2.4,,,,
84.105,9,Atta_9,3219.6,2136.0,15.6,-69.1,2.2,,,,
84.105,10,Atta_10,1214.8,1983.2,4.4,-74.6,1.1,,,,
84.158,1,Atta_1,1963.9,1986.3,336.2,90.7,5.0,,,,
84.158,2,Atta_2,978.9,500.9,12.9,-107.7,1.5,,,,
84.158,3,Atta_3,1463.9,372.6,337.7,41.5,-4.2,,,,
84.158,4,Atta_4,1640.7,490.1,0.8,-62.3,-0.7,,,,
84.158,5,Atta_5,1190.0,1301.6,349.0,74.8,-0.7,,,,
84.158,6,Atta_6,2414.2,1472.6,353.0,-37.6,0.1,,,,
84.158,7,Atta_7,1514.4,2283.9,307.3,99.2,-2.2,,,,
84.158,8,Atta_8,1544.0,1491.9,341.7,76.8,2.7,,,,
84.158,9,Atta_9,3207.1,2214.9,15.4,79.9,-0.2,,,,
84.158,10,Atta_10,1249.7,1978.6,3.0,35.2,-1.4,,,,
84.228,1,Atta_1,1984.9,1996.9,336.5,23.5,0.3,,,,
84.228,2,Atta_2,1032.0,435.9,12.6,83.9,-0.3,,,,
84.228,3,Atta_3,1448.7,338.9,333.9,-37.0,-3.8,,,,
84.228,4,Atta_4,1697.2,509.1,358.5,59.6,-2.3,,,,
84.228,5,Atta_5,1210.9,1344.6,347.2,47.8,-1.8,,,,
84.228,6,Atta_6,2459.6,1500.4,355.7,53.2,2.7,,,,
84.228,7,Atta_7,1462.2,2295.2,310.5,-53.4,3.2,,,,
84.228,8,Atta_8,1472.2,1496.3,346.8,-71.9,5.1,,,,
84.228,9,Atta_9,3268.8,2148.2,17.1,90.9,1.7,,,,
84.228,10,Atta_10,1235.0,2020.4,4.2,-44.3,1.2,,,,
84.283,1,Atta_1,1964.9,2050.3,337.4,-57.0,0.9,,,,
84.283,2,Atta_2,1026.4,420.3,8.5,-16.6,-4.1,,,,
84.283,3,Atta_3,1474.8,386.5,328.7,54.3,-5.2,,,,
84.283,4,Atta_4,1736.0,471.8,352.0,53.8,-6.5,,,,
84.283,5,Atta_5,1210.5,1326.3,344.5,18.3,-2.7,,,,
84.283,6,Atta_6,2474.4,1478.1,356.1,26.8,0.4,,,,
84.283,7,Atta_7,1484.8,2261.5,310.1,40.6,-0.4,,,,
84.283,8,Atta_8,1466.6,1486.2,352.1,-11.5,5.3,,,,
84.283,9,Atta_9,3284.8,2179.2,11.3,34.9,-5.8,,,,
84.283,10,Atta_10,1292.5,1993.2,2.4,63.6,-1.8,,,,
84.349,1,Atta_1,1989.1,2087.7,336.7,44.5,-0.7,,,,
84.349,2,Atta_2,1079.3,450.7,10.2,61.0,1.7,,,,
84.349,3,Atta_3,1449.3,394.7,326.6,-26.8,-2.1,,,,
84.349,4,Atta_4,1627.9,534.3,339.1,-124.9,-12.9,,,,
84.349,5,Atta_5,1215.6,1338.6,351.0,13.3,6.5,,,,
84.349,6,Atta_6,2420.6,1481.3,2.6,-53.9,6.5,,,,
84.349,7,Atta_7,1536.1,2327.2,309.1,-83.4,-1.0,,,,
84.349,8,Atta_8,1510.8,1520.4,354.7,55.9,2.6,,,,
84.349,9,Atta_9,3311.5,2199.7,12.1,33.7,0.8,,,,
84.349,10,Atta_10,1331.3,1984.8,357.8,39.7,-4.6,,,,
84.414,1,Atta_1,1948.1,2020.1,339.2,-79.1,2.5,,,,
84.414,2,Atta_2,1051.2,459.4,13.1,-29.4,2.9,,,,
84.414,3,Atta_3,1454.3,341.9,320.6,53.0,-6.0,,,,
84.414,4,Atta_4,1720.3,476.7,321.9,108.9,-17.2,,,,
84.414,5,Atta_5,1223.7,1285.7,349.2,53.5,-1.8,,,,
84.414,6,Atta_6,2438.9,1539.3,6.1,60.8,3.5,,,,
84.414,7,Atta_7,1497.4,2291.8,304.5,52.4,-4.6,,,,
84.414,8,Atta_8,1483.8,1510.3,359.7,-28.8,5.0,,,,
84.414,9,Atta_9,3352.0,2200.1,19.5,40.5,7.4,,,,
84.414,10,Atta_10,1311.8,2023.2,1.5,-43.1,3.7,,,,
84.485,1,Atta_1,1998.5,1988.1,339.8,59.7,0.6,,,,
84.485,2,Atta_2,1031.1,475.1,8.6,-25.5,-4.5,,,,
84.485,3,Atta_3,1393.4,340.2,316.4,-60.9,-4.2,,,,
84.485,4,Atta_4,1730.4,469.3,309.9,12.5,-12.0,,,,
84.485,5,Atta_5,1206.3,1343.0,350.8,-59.9,1.6,,,,
84.485,6,Atta_6,2473.3,1518.5,8.0,40.2,1.9,,,,
84.485,7,Atta_7,1552.5,2282.4,304.3,55.9,-0.2,,,,
84.485,8,Atta_8,1481.7,1549.9,4.3,-39.7,4.6,,,,
84.485,9,Atta_9,3279.0,2125.9,15.2,-104.1,-4.3,,,,
84.485,10,Atta_10,1323.2,2029.9,4.6,13.2,3.1,,,,
84.542,1,Atta_1,1923.7,2032.9,343.2,-87.2,3.4,,,,
84.542,2,Atta_2,1077.4,458.5,8.3,49.2,-0.3,,,,
84.542,3,Atta_3,1380.8,355.1,308.8,-19.5,-7.6,,,,
84.542,4,Atta_4,1666.4,544.2,299.3,-98.5,-10.6,,,,
84.542,5,Atta_5,1222.1,1350.5,349.3,17.5,-1.5,,,,
84.542,6,Atta_6,2494.0,1528.7,6.0,23.1,-2.0,,,,
84.542,7,Atta_7,1556.4,2322.3,309.4,-40.1,5.1,,,,
84.542,8,Atta_8,1496.3,1501.6,7.3,50.5,3.0,,,,
84.542,9,Atta_9,3287.4,2215.2,15.5,89.7,0.3,,,,
84.542,10,Atta_10,1344.1,1994.3,359.8,41.3,-4.8,,,,
84.677,1,Atta_1,1922.0,1981.1,340.1,51.8,-3.1,,,,
84.677,2,Atta_2,1071.6,434.7,7.3,-24.5,-1.0,,,,
84.677,3,Atta_3,1470.8,356.1,307.7,90.0,-1.1,,,,
84.677,4,Atta_4,1671.7,446.8,294.5,97.5,-4.8,,,,
84.677,5,Atta_5,1202.5,1356.1,350.6,-20.4,1.3,,,,
84.677,6,Atta_6,2466.0,1529.6,8.2,-28.0,2.2,,,,
84.677,7,Atta_7,1534.2,2215.4,307.8,109.2,-1.6,,,,
84.677,8,Atta_8,1534.5,1475.2,12.8,46.4,5.5,,,,
84.677,9,Atta_9,3269.4,2220.4,18.3,-18.7,2.8,,,,
84.677,10,Atta_10,1414.7,2022.9,3.1,76.2,3.3,,,,
84.746,1,Atta_1,1977.0,2017.0,340.3,65.7,0.2,,,,
84.746,2,Atta_2,1125.4,442.3,9.2,54.3,1.9,,,,
84.746,3,Atta_3,1419.4,377.4,304.2,-55.6,-3.5,,,,
84.746,4,Atta_4,1715.1,473.9,297.0,-51.2,2.5,,,,
84.746,5,Atta_5,1231.2,1301.3,349.3,61.9,-1.3,,,,
84.746,6,Atta_6,2474.7,1490.0,7.8,40.5,-0.4,,,,
84.746,7,Atta_7,1562.3,2294.0,308.2,-83.5,0.4,,,,
84.746,8,Atta_8,1464.0,1506.3,16.1,-77.1,3.3,,,,
84.746,9,Atta_9,3295.2,2189.2,18.7,40.5,0.4,,,,
84.746,10,Atta_10,1377.6,1982.0,3.7,-55.2,0.6,,,,
84.796,1,Atta_1,1971.6,2021.9,338.3,-7.3,-2.0,,,,
84.796,2,Atta_2,1129.6,441.8,12.2,4.2,3.0,,,,
84.796,3,Atta_3,1485.0,341.3,306.2,74.9,2.0,,,,
84.796,4,Atta_4,1746.9,512.8,292.1,-50.2,-4.9,,,,
84.796,5,Atta_5,1247.1,1284.9,348.8,22.8,-0.5,,,,
84.796,6,Atta_6,2419.0,1545.8,10.2,-78.8,2.4,,,,
84.796,7,Atta_7,1518.5,2242.1,311.9,67.9,3.7,,,,
84.796,8,Atta_8,1508.3,1480.2,21.9,51.4,5.8,,,,
84.796,9,Atta_9,3312.2,2208.0,15.7,25.3,-3.0,,,,
84.796,10,Atta_10,1376.5,2022.8,4.0,40.8,0.3,,,,
84.867,1,Atta_1,1977.6,1984.4,338.9,38.0,0.6,,,,
84.867,2,Atta_2,1121.0,425.2,10.0,-18.7,-2.2,,,,
84.867,3,Atta_3,1435.1,326.0,307.3,-52.2,1.1,,,,
84.867,4,Atta_4,1676.0,494.6,296.0,-73.2,3.9,,,,
84.867,5,Atta_5,1240.4,1259.9,349.9,-25.9,1.1,,,,
84.867,6,Atta_6,2415.3,1597.6,7.8,51.9,-2.4,,,,
84.867,7,Atta_7,1582.8,2253.0,309.8,65.2,-2.1,,,,
84.867,8,Atta_8,1517.2,1501.1,27.9,22.7,6.0,,,,
84.867,9,Atta_9,3299.1,2188.2,17.6,-23.7,1.9,,,,
84.867,10,Atta_10,1380.8,1994.0,4.6,29.1,0.6,,,,
84.917,1,Atta_1,2047.4,2020.3,339.5,78.5,0.6,,,,
84.917,2,Atta_2,1091.7,491.0,10.0,-72.0,0.0,,,,
84.917,3,Atta_3,1474.6,335.9,308.4,40.7,1.1,,,,
84.917,4,Atta_4,1701.9,538.2,295.5,-50.7,-0.5,,,,
84.917,5,Atta_5,1249.3,1300.6,349.5,41.7,-0.4,,,,
84.917,6,Atta_6,2514.9,1507.0,10.2,134.6,2.4,,,,
84.917,7,Atta_7,1558.4,2188.1,307.9,69.3,-1.9,,,,
84.917,8,Atta_8,1498.9,1473.2,30.8,-33.4,2.9,,,,
84.917,9,Atta_9,3318.2,2226.3,19.2,42.6,1.6,,,,
84.917,10,Atta_10,1375.6,2013.1,2.5,-19.8,-2.1,,,,
84.986,1,Atta_1,2003.3,1925.6,337.4,-104.5,-2.1,,,,
84.986,2,Atta_2,1222.5,490.2,10.7,130.8,0.7,,,,
84.986,3,Atta_3,1483.1,342.7,304.9,-10.9,-3.5,,,,
84.986,4,Atta_4,1725.5,601.5,298.3,-67.6,2.8,,,,
84.986,5,Atta_5,1274.6,1348.6,351.5,54.3,2.0,,,,
84.986,6,Atta_6,2541.3,1485.1,6.9,34.3,-3.3,,,,
84.986,7,Atta_7,1588.3,2250.2,309.2,-68.9,1.3,,,,
84.986,8,Atta_8,1588.8,1451.0,33.0,92.6,2.2,,,,
84.986,9,Atta_9,3310.3,2208.3,15.4,-19.7,-3.8,,,,
84.986,10,Atta_10,1446.5,1971.9,4.1,82.0,1.6,,,,
85.037,1,Atta_1,1981.9,1993.0,341.5,-70.7,4.1,,,,
85.037,2,Atta_2,1156.4,486.7,5.6,-66.2,-5.1,,,,
85.037,3,Atta_3,1472.9,405.3,305.5,-63.4,0.6,,,,
85.037,4,Atta_4,1649.2,509.3,295.9,119.7,-2.4,,,,
85.037,5,Atta_5,1310.9,1252.5,351.1,102.7,-0.4,,,,
85.037,6,Atta_6,2509.5,1464.9,7.9,-37.7,1.0,,,,
85.037,7,Atta_7,1551.0,2225.9,308.7,-44.5,-0.5,,,,
85.037,8,Atta_8,1529.8,1503.0,39.4,-78.6,6.4,,,,
85.037,9,Atta_9,3384.6,2154.2,14.3,91.9,-1.1,,,,
85.037,10,Atta_10,1399.6,2045.5,4.0,-87.3,-0.1,,,,
85.108,1,Atta_1,2039.0,2000.5,340.0,57.6,-1.5,,,,
85.108,2,Atta_2,1139.5,421.9,10.1,-67.0,4.5,,,,
85.108,3,Atta_3,1474.5,364.0,308.5,41.3,3.0,,,,
85.108,4,Atta_4,1660.8,547.1,297.8,-39.5,1.9,,,,
85.108,5,Atta_5,1286.8,1328.7,351.5,-79.9,0.4,,,,
85.108,6,Atta_6,2487.5,1539.3,5.9,-77.6,-2.0,,,,
85.108,7,Atta_7,1604.8,2230.2,311.1,54.0,2.4,,,,
85.108,8,Atta_8,1449.6,1513.7,37.4,-80.9,-2.0,,,,
85.108,9,Atta_9,3353.0,2251.8,16.9,-102.6,2.6,,,,
85.108,10,Atta_10,1414.4,2009.3,3.5,39.1,-0.5,,,,
85.175,1,Atta_1,2064.7,1999.4,342.6,25.7,2.6,,,,
85.175,2,Atta_2,1155.6,428.6,11.7,17.4,1.6,,,,
85.175,3,Atta_3,1474.1,314.2,304.3,49.8,-4.2,,,,
85.175,4,Atta_4,1636.4,546.2,301.5,-24.4,3.7,,,,
85.175,5,Atta_5,1312.6,1314.5,346.3,29.4,-5.2,,,,
85.175,6,Atta_6,2517.4,1472.4,9.9,73.3,4.0,,,,
85.175,7,Atta_7,1597.9,2207.5,315.9,23.7,4.8,,,,
85.175,8,Atta_8,1492.3,1399.6,37.4,-121.8,0.0,,,,
85.175,9,Atta_9,3338.0,2213.5,16.7,-41.1,-0.2,,,,
85.175,10,Atta_10,1417.4,2032.2,2.2,23.1,-1.3,,,,
85.23,1,Atta_1,2019.0,1970.7,339.8,-54.0,-2.8,,,,
85.23,2,Atta_2,1200.4,465.1,10.8,57.8,-0.9,,,,
85.23,3,Atta_3,1505.5,286.3,304.9,42.0,0.6,,,,
85.23,4,Atta_4,1697.6,550.3,306.8,61.3,5.3,,,,
85.23,5,Atta_5,1351.3,1294.8,347.1,43.4,0.8,,,,
85.23,6,Atta_6,2477.0,1527.7,8.2,-68.5,-1.7,,,,
85.23,7,Atta_7,1613.9,2218.6,318.6,19.5,2.7,,,,
85.23,8,Atta_8,1505.2,1493.4,40.4,94.7,3.0,,,,
85.23,9,Atta_9,3383.8,2220.8,17.8,46.4,1.1,,,,
85.23,10,Atta_10,1487.4,1993.9,5.7,79.8,3.5,,,,
85.359,1,Atta_1,2107.8,1990.9,345.6,91.1,5.8,,,,
85.359,2,Atta_2,1191.8,478.3,9.7,-15.8,-1.1,,,,
85.359,3,Atta_3,1498.5,297.2,304.5,-13.0,-0.4,,,,
85.359,4,Atta_4,1662.2,524.9,316.9,-43.6,10.1,,,,
85.359,5,Atta_5,1382.7,1279.6,346.8,34.9,-0.3,,,,
85.359,6,Atta_6,2543.5,1521.5,9.4,66.8,1.2,,,,
85.359,7,Atta_7,1611.1,2181.5,325.7,37.2,7.1,,,,
85.359,8,Atta_8,1498.4,1475.7,38.2,-19.0,-2.2,,,,
85.359,9,Atta_9,3413.0,2221.5,14.7,29.2,-3.1,,,,
85.359,10,Atta_10,1523.8,2000.9,0.8,37.1,-4.9,,,,
85.429,1,Atta_1,2077.1,2077.2,338.2,-91.6,-7.4,,,,
85.429,2,Atta_2,1175.3,485.1,11.9,-17.8,2.2,,,,
85.429,3,Atta_3,1495.7,302.8,304.4,-6.3,-0.1,,,,
85.429,4,Atta_4,1654.9,518.2,317.4,-9.9,0.5,,,,
85.429,5,Atta_5,1317.0,1321.8,348.4,-78.1,1.6,,,,
85.429,6,Atta_6,2576.6,1569.6,6.7,58.4,-2.7,,,,
85.429,7,Atta_7,1632.8,2208.8,333.4,34.9,7.7,,,,
85.429,8,Atta_8,1519.0,1480.5,36.6,21.2,-1.6,,,,
85.429,9,Atta_9,3388.9,2252.8,16.8,-39.5,2.1,,,,
85.429,10,Atta_10,1486.6,2025.9,1.0,-44.8,0.2,,,,
85.545,1,Atta_1,2084.2,1996.6,340.6,80.9,2.4,,,,
85.545,2,Atta_2,1204.3,485.6,11.7,29.0,-0.2,,,,
85.545,3,Atta_3,1470.7,302.8,307.8,-25.0,3.4,,,,
85.545,4,Atta_4,1662.5,613.0,325.8,-95.1,8.4,,,,
85.545,5,Atta_5,1401.6,1277.5,349.9,95.5,1.5,,,,
85.545,6,Atta_6,2532.1,1539.4,1.3,-53.8,-5.4,,,,
85.545,7,Atta_7,1614.5,2205.7,338.3,-18.6,4.9,,,,
85.545,8,Atta_8,1522.1,1505.2,37.6,24.9,1.0,,,,
85.545,9,Atta_9,3447.1,2255.3,17.8,58.3,1.0,,,,
85.545,10,Atta_10,1455.6,2015.4,3.6,-32.7,2.6,,,,
85.597,1,Atta_1,2063.9,1952.4,338.5,-48.6,-2.1,,,,
85.597,2,Atta_2,1221.9,453.1,10.3,37.0,-1.4,,,,
85.597,3,Atta_3,1529.4,292.1,304.7,59.7,-3.1,,,,
85.597,4,Atta_4,1668.3,543.2,326.2,70.0,0.4,,,,
85.597,5,Atta_5,1410.3,1231.0,349.3,47.3,-0.6,,,,
85.597,6,Atta_6,2570.3,1528.8,355.4,39.6,-5.9,,,,
85.597,7,Atta_7,1562.3,2186.5,337.6,-55.6,-0.7,,,,
85.597,8,Atta_8,1501.2,1467.8,38.9,-42.8,1.3,,,,
85.597,9,Atta_9,3428.0,2240.2,17.6,-24.3,-0.2,,,,
85.597,10,Atta_10,1522.3,2010.6,359.9,66.9,-3.7,,,,
85.665,1,Atta_1,2093.4,1958.0,340.6,30.0,2.1,,,,
85.665,2,Atta_2,1291.9,492.4,8.3,80.3,-2.0,,,,
85.665,3,Atta_3,1531.2,223.0,310.0,69.1,5.3,,,,
85.665,4,Atta_4,1701.3,541.9,334.8,33.0,8.6,,,,
85.665,5,Atta_5,1433.7,1322.8,348.5,94.7,-0.8,,,,
85.665,6,Atta_6,2570.5,1522.9,351.7,5.9,-3.7,,,,
85.665,7,Atta_7,1625.2,2190.0,345.3,63.0,7.7,,,,
85.665,8,Atta_8,1494.3,1515.9,35.7,48.6,-3.2,,,,
85.665,9,Atta_9,3503.5,2207.5,17.9,82.3,0.3,,,,
85.665,10,Atta_10,1512.3,2018.9,4.9,-13.0,5.0,,,,
85.716,1,Atta_1,2125.2,1967.6,340.6,33.2,0.0,,,,
85.716,2,Atta_2,1270.2,484.0,8.9,-23.3,0.6,,,,
85.716,3,Atta_3,1480.7,222.9,305.7,-50.5,-4.3,,,,
85.716,4,Atta_4,1655.7,537.9,336.4,-45.8,1.6,,,,
85.716,5,Atta_5,1378.6,1255.3,350.2,-87.1,1.7,,,,
85.716,6,Atta_6,2601.9,1543.5,359.1,37.6,7.4,,,,
85.716,7,Atta_7,1572.8,2232.1,351.8,-67.2,6.5,,,,
85.716,8,Atta_8,1553.3,1544.9,33.4,65.7,-2.3,,,,
85.716,9,Atta_9,3413.7,2285.3,16.2,-118.8,-1.7,,,,
85.716,10,Atta_10,1515.0,1988.1,359.9,30.9,-5.0,,,,
85.786,1,Atta_1,2148.0,1992.7,340.7,33.9,0.1,,,,
85.786,2,Atta_2,1235.9,472.1,12.8,-36.3,3.9,,,,
85.786,3,Atta_3,1530.8,230.5,310.4,50.7,4.7,,,,
85.786,4,Atta_4,1677.3,549.8,343.3,24.7,6.9,,,,
85.786,5,Atta_5,1411.4,1245.6,348.4,34.2,-1.8,,,,
85.786,6,Atta_6,2539.5,1514.9,351.9,-68.6,-7.2,,,,
85.786,7,Atta_7,1648.6,2256.5,347.3,79.6,-4.5,,,,
85.786,8,Atta_8,1524.9,1547.2,37.2,-28.5,3.8,,,,
85.786,9,Atta_9,3400.2,2227.7,11.4,-59.2,-4.8,,,,
85.786,10,Atta_10,1539.7,1991.5,1.1,24.9,1.2,,,,
85.837,1,Atta_1,2202.8,1959.9,339.0,63.9,-1.7,,,,
85.837,2,Atta_2,1239.1,499.4,7.1,27.5,-5.7,,,,
85.837,3,Atta_3,1513.0,333.0,318.0,-104.0,7.6,,,,
85.837,4,Atta_4,1699.0,590.7,346.4,46.3,3.1,,,,
85.837,5,Atta_5,1434.7,1265.3,347.8,30.5,-0.6,,,,
85.837,6,Atta_6,2489.2,1491.5,352.9,-55.5,1.0,,,,
85.837,7,Atta_7,1562.8,2187.7,352.5,-110.0,5.2,,,,
85.837,8,Atta_8,1487.1,1521.1,35.1,-45.9,-2.1,,,,
85.837,9,Atta_9,3424.1,2214.0,7.3,27.5,-4.1,,,,
85.837,10,Atta_10,1517.1,2026.4,2.9,-41.6,1.8,,,,
85.908,1,Atta_1,2140.7,1942.1,343.9,-64.6,4.9,,,,
85.908,2,Atta_2,1301.4,459.1,12.1,74.2,5.0,,,,
85.908,3,Atta_3,1484.8,304.0,318.7,-40.5,0.7,,,,
85.908,4,Atta_4,1708.9,568.6,347.5,24.2,1.1,,,,
85.908,5,Atta_5,1505.2,1257.9,353.1,70.9,5.3,,,,
85.908,6,Atta_6,2583.1,1554.1,352.7,112.9,-0.2,,,,
85.908,7,Atta_7,1636.7,2191.2,352.2,74.0,-0.3,,,,
85.908,8,Atta_8,1603.7,1537.9,39.7,117.8,4.6,,,,
85.908,9,Atta_9,3492.9,2221.7,7.3,69.2,0.0,,,,
85.908,10,Atta_10,1562.0,2052.7,3.1,52.0,0.2,,,,
86.033,1,Atta_1,2171.9,1928.4,342.8,34.1,-1.1,,,,
86.033,2,Atta_2,1305.6,465.5,5.1,7.7,-7.0,,,,
86.033,3,Atta_3,1518.1,303.6,324.0,33.3,5.3,,,,
86.033,4,Atta_4,1670.8,611.1,352.8,-57.1,5.3,,,,
86.033,5,Atta_5,1452.4,1239.6,348.4,-55.9,-4.7,,,,
86.033,6,Atta_6,2549.0,1544.7,354.6,-35.4,1.9,,,,
86.033,7,Atta_7,1607.4,2208.5,348.3,-34.0,-3.9,,,,
86.033,8,Atta_8,1592.1,1478.0,38.2,-61.0,-1.5,,,,
86.033,9,Atta_9,3444.5,2236.5,4.2,-50.6,-3.1,,,,
86.033,10,Atta_10,1619.4,2034.0,9.0,60.4,5.9,,,,
86.084,1,Atta_1,2253.3,1950.0,343.4,84.2,0.6,,,,
86.084,2,Atta_2,1251.0,561.9,8.1,-110.8,3.0,,,,
86.084,3,Atta_3,1547.6,243.5,326.7,66.9,2.7,,,,
86.084,4,Atta_4,1674.2,570.8,350.7,40.4,-2.1,,,,
86.084,5,Atta_5,1418.7,1289.1,346.5,-59.9,-1.9,,,,
86.084,6,Atta_6,2542.3,1563.8,357.7,-20.2,3.1,,,,
86.084,7,Atta_7,1622.5,2163.1,347.2,47.8,-1.1,,,,
86.084,8,Atta_8,1545.7,1590.8,40.0,122.0,1.8,,,,
86.084,9,Atta_9,3509.8,2240.1,356.0,65.4,-8.2,,,,
86.084,10,Atta_10,1576.6,2098.1,3.0,-77.1,-6.0,,,,
86.154,1,Atta_1,2234.8,1916.8,342.9,-38.0,-0.5,,,,
86.154,2,Atta_2,1308.2,490.0,10.0,91.9,1.9,,,,
86.154,3,Atta_3,1509.9,240.0,338.9,-37.9,12.2,,,,
86.154,4,Atta_4,1637.0,608.0,355.5,-52.6,4.8,,,,
86.154,5,Atta_5,1481.2,1353.9,351.6,90.0,5.1,,,,
86.154,6,Atta_6,2604.4,1552.4,355.0,63.1,-2.7,,,,
86.154,7,Atta_7,1658.4,2194.3,351.4,47.6,4.2,,,,
86.154,8,Atta_8,1588.9,1566.8,29.3,49.4,-10.7,,,,
86.154,9,Atta_9,3458.9,2268.0,348.3,-58.0,-7.7,,,,
86.154,10,Atta_10,1650.0,2018.2,3.1,108.5,0.1,,,,
86.292,1,Atta_1,2179.3,1930.1,342.8,-57.1,-0.1,,,,
86.292,2,Atta_2,1322.0,557.9,12.0,69.3,2.0,,,,
86.292,3,Atta_3,1550.4,298.6,342.1,71.2,3.2,,,,
86.292,4,Atta_4,1686.0,602.5,352.3,49.3,-3.2,,,,
86.292,5,Atta_5,1499.9,1268.3,350.5,87.6,-1.1,,,,
86.292,6,Atta_6,2669.1,1561.9,357.0,65.4,2.0,,,,
86.292,7,Atta_7,1608.5,2196.2,350.8,-49.9,-0.6,,,,
86.292,8,Atta_8,1595.4,1541.6,23.2,-26.0,-6.1,,,,
86.292,9,Atta_9,3345.9,2202.4,345.1,-130.7,-3.2,,,,
86.292,10,Atta_10,1621.6,2048.3,3.4,-41.4,0.3,,,,
86.361,1,Atta_1,2222.2,1973.8,341.3,61.2,-1.5,,,,
86.361,2,Atta_2,1345.7,510.2,8.8,53.3,-3.2,,,,
86.361,3,Atta_3,1542.4,291.3,344.1,-10.8,2.0,,,,
86.361,4,Atta_4,1616.7,523.7,353.0,-104.9,0.7,,,,
86.361,5,Atta_5,1501.1,1275.0,352.4,6.8,1.9,,,,
86.361,6,Atta_6,2625.7,1546.2,352.7,-46.2,-4.3,,,,
86.361,7,Atta_7,1628.5,2257.0,350.7,64.0,-0.1,,,,
86.361,8,Atta_8,1558.5,1568.3,20.7,-45.5,-2.5,,,,
86.361,9,Atta_9,3462.7,2290.9,341.2,146.5,-3.9,,,,
86.361,10,Atta_10,1640.0,1974.7,3.4,75.9,0.0,,,,
86.429,1,Atta_1,2211.6,1886.2,343.5,88.2,2.2,,,,
86.429,2,Atta_2,1375.9,517.2,6.4,31.0,-2.4,,,,
86.429,3,Atta_3,1517.9,250.5,354.7,-47.6,10.6,,,,
86.429,4,Atta_4,1719.2,603.9,350.6,130.1,-2.4,,,,
86.429,5,Atta_5,1497.1,1300.6,349.1,-25.9,-3.3,,,,
86.429,6,Atta_6,2626.9,1445.6,356.0,100.6,3.3,,,,
86.429,7,Atta_7,1709.1,2177.2,349.8,113.4,-0.9,,,,
86.429,8,Atta_8,1545.0,1567.2,7.7,-13.5,-13.0,,,,
86.429,9,Atta_9,3438.5,2203.6,328.5,90.6,-12.7,,,,
86.429,10,Atta_10,1692.9,2055.4,5.1,96.5,1.7,,,,
86.553,1,Atta_1,2242.4,1911.1,342.7,39.6,-0.8,,,,
86.553,2,Atta_2,1375.7,557.1,9.3,39.9,2.9,,,,
86.553,3,Atta_3,1491.2,236.7,355.3,-30.1,0.6,,,,
86.553,4,Atta_4,1764.9,573.6,350.0,54.8,-0.6,,,,
86.553,5,Atta_5,1475.5,1239.2,349.3,-65.1,0.2,,,,
86.553,6,Atta_6,2632.8,1564.1,351.5,-118.6,-4.5,,,,
86.553,7,Atta_7,1661.5,2191.5,352.3,-49.7,2.5,,,,
86.553,8,Atta_8,1597.7,1593.1,4.5,58.7,-3.2,,,,
86.553,9,Atta_9,3384.3,2230.5,325.4,-60.5,-3.1,,,,
86.553,10,Atta_10,1699.2,1987.0,359.8,68.7,-5.3,,,,
86.606,1,Atta_1,2307.6,1901.2,339.1,65.9,-3.6,,,,
86.606,2,Atta_2,1373.6,509.2,8.7,-47.9,-0.6,,,,
86.606,3,Atta_3,1503.6,292.7,5.0,57.4,9.7,,,,
86.606,4,Atta_4,1729.8,488.2,354.3,-92.3,4.3,,,,
86.606,5,Atta_5,1573.2,1310.2,349.6,120.8,0.3,,,,
86.606,6,Atta_6,2659.0,1483.8,358.7,84.5,7.2,,,,
86.606,7,Atta_7,1693.1,2202.9,347.9,33.6,-4.4,,,,
86.606,8,Atta_8,1566.5,1591.8,3.6,-31.2,-0.9,,,,
86.606,9,Atta_9,3489.9,2230.4,320.4,105.6,-5.0,,,,
86.606,10,Atta_10,1677.3,2052.6,358.9,-69.2,-0.9,,,,
86.675,1,Atta_1,2279.7,1906.3,341.5,-28.4,2.4,,,,
86.675,2,Atta_2,1395.5,515.1,7.3,22.7,-1.4,,,,
86.675,3,Atta_3,1460.7,280.2,5.0,-44.7,0.0,,,,
86.675,4,Atta_4,1703.5,580.2,353.3,-95.7,-1.0,,,,
86.675,5,Atta_5,1540.4,1309.0,348.7,-32.8,-0.9,,,,
86.675,6,Atta_6,2673.6,1476.4,356.7,16.4,-2.0,,,,
86.675,7,Atta_7,1735.8,2218.2,348.5,45.4,0.6,,,,
86.675,8,Atta_8,1592.3,1576.6,355.8,29.9,-7.8,,,,
86.675,9,Atta_9,3433.8,2177.4,317.2,-77.2,-3.2,,,,
86.675,10,Atta_10,1698.5,2047.6,3.6,21.8,4.7,,,,
86.742,1,Atta_1,2301.6,1955.2,342.5,53.6,1.0,,,,
86.742,2,Atta_2,1418.7,508.8,7.4,24.0,0.1,,,,
86.742,3,Atta_3,1496.5,266.7,8.0,38.3,3.0,,,,
86.742,4,Atta_4,1706.4,538.7,351.3,41.6,-2.0,,,,
86.742,5,Atta_5,1554.2,1180.5,346.8,129.2,-1.9,,,,
86.742,6,Atta_6,2707.9,1518.1,353.8,54.0,-2.9,,,,
86.742,7,Atta_7,1723.4,2195.6,349.2,-25.8,0.7,,,,
86.742,8,Atta_8,1571.5,1579.0,351.5,-20.9,-4.3,,,,
86.742,9,Atta_9,3458.3,2191.8,310.8,28.4,-6.4,,,,
86.742,10,Atta_10,1675.7,2058.8,358.9,-25.4,-4.7,,,,
86.808,1,Atta_1,2308.8,1879.9,343.9,75.6,1.4,,,,
86.808,2,Atta_2,1488.2,455.4,8.7,87.6,1.3,,,,
86.808,3,Atta_3,1523.4,315.6,4.5,55.8,-3.5,,,,
86.808,4,Atta_4,1788.5,594.2,354.5,99.1,3.2,,,,
86.808,5,Atta_5,1549.5,1218.8,349.0,-38.6,2.2,,,,
86.808,6,Atta_6,2685.3,1521.0,351.8,-22.8,-2.0,,,,
86.808,7,Atta_7,1678.1,2250.6,352.0,-71.3,2.8,,,,
86.808,8,Atta_8,1615.7,1577.5,347.8,44.2,-3.7,,,,
86.808,9,Atta_9,3443.0,2226.6,304.5,-38.0,-6.3,,,,
86.808,10,Atta_10,1686.4,2023.9,3.8,36.5,4.9,,,,
86.874,1,Atta_1,2330.6,1922.0,342.5,47.4,-1.4,,,,
86.874,2,Atta_2,1427.4,492.0,10.6,-71.0,1.9,,,,
86.874,3,Atta_3,1525.5,301.4,8.0,14.4,3.5,,,,
86.874,4,Atta_4,1749.9,562.0,351.4,-50.3,-3.1,,,,
86.874,5,Atta_5,1576.3,1300.9,347.0,86.4,-2.0,,,,
86.874,6,Atta_6,2781.8,1558.6,356.4,103.6,4.6,,,,
86.874,7,Atta_7,1758.6,2234.4,346.8,82.1,-5.2,,,,
86.874,8,Atta_8,1582.4,1589.8,342.2,-35.5,-5.6,,,,
86.874,9,Atta_9,3486.8,2260.5,302.5,-55.4,-2.0,,,,
86.874,10,Atta_10,1723.1,2057.3,5.4,49.6,1.6,,,,
86.945,1,Atta_1,2326.9,1872.1,342.0,50.0,-0.5,,,,
86.945,2,Atta_2,1425.6,500.5,10.6,-8.7,0.0,,,,
86.945,3,Atta_3,1573.6,246.4,4.5,73.1,-3.5,,,,
86.945,4,Atta_4,1751.2,518.9,353.0,43.1,1.6,,,,
86.945,5,Atta_5,1581.9,1219.1,340.0,82.0,-7.0,,,,
86.945,6,Atta_6,2719.9,1463.3,356.2,-113.6,-0.2,,,,
86.945,7,Atta_7,1716.3,2172.3,348.6,-75.1,1.8,,,,
86.945,8,Atta_8,1567.9,1563.6,342.3,-29.9,0.1,,,,
86.945,9,Atta_9,3492.5,2240.3,294.2,21.0,-8.3,,,,
86.945,10,Atta_10,1726.2,2011.0,3.7,-46.4,-1.7,,,,
87.015,1,Atta_1,2318.5,1877.9,345.9,-10.2,3.9,,,,
87.015,2,Atta_2,1444.8,487.8,5.9,23.0,-4.7,,,,
87.015,3,Atta_3,1522.5,333.4,2.3,-100.9,-2.2,,,,
87.015,4,Atta_4,1790.0,563.5,353.5,59.1,0.5,,,,
87.015,5,Atta_5,1528.6,1284.1,346.2,-84.1,6.2,,,,
87.015,6,Atta_6,2694.9,1541.2,351.4,-81.8,-4.8,,,,
87.015,7,Atta_7,1750.3,2186.6,351.1,36.9,2.5,,,,
87.015,8,Atta_8,1536.6,1597.6,344.3,-46.2,2.0,,,,
87.015,9,Atta_9,3452.7,2232.7,294.5,-40.5,0.3,,,,
87.015,10,Atta_10,1691.3,2030.8,3.6,-40.1,-0.1,,,,
87.067,1,Atta_1,2310.1,1895.5,342.7,-19.5,-3.2,,,,
87.067,2,Atta_2,1497.4,487.4,11.4,52.6,5.5,,,,
87.067,3,Atta_3,1504.9,250.4,4.3,-84.8,2.0,,,,
87.067,4,Atta_4,1752.4,565.5,355.9,-37.7,2.4,,,,
87.067,5,Atta_5,1573.8,1274.4,345.1,46.2,-1.1,,,,
87.067,6,Atta_6,2748.8,1549.0,345.6,54.5,-5.8,,,,
87.067,7,Atta_7,1717.3,2253.1,346.4,-74.2,-4.7,,,,
87.067,8,Atta_8,1580.2,1538.5,340.3,73.4,-4.0,,,,
87.067,9,Atta_9,3469.1,2194.3,290.2,41.8,-4.3,,,,
87.067,10,Atta_10,1714.9,2053.2,4.1,32.5,0.5,,,,
87.135,1,Atta_1,2340.3,1932.2,347.1,47.5,4.4,,,,
87.135,2,Atta_2,1527.8,534.5,10.3,56.1,-1.1,,,,
87.135,3,Atta_3,1546.1,303.0,7.5,66.8,3.2,,,,
87.135,4,Atta_4,1709.7,504.9,1.7,-74.1,5.8,,,,
87.135,5,Atta_5,1575.4,1170.0,345.9,104.4,0.8,,,,
87.135,6,Atta_6,2738.7,1526.6,344.0,-24.6,-1.6,,,,
87.135,7,Atta_7,1781.9,2146.9,349.8,124.3,3.4,,,,
87.135,8,Atta_8,1579.4,1558.4,347.1,-19.9,6.8,,,,
87.135,9,Atta_9,3469.4,2224.2,283.6,-29.9,-6.6,,,,
87.135,10,Atta_10,1727.9,2002.3,5.3,52.5,1.2,,,,
87.203,1,Atta_1,2394.9,1889.7,345.1,69.2,-2.0,,,,
87.203,2,Atta_2,1490.8,468.1,6.0,-76.0,-4.3,,,,
87.203,3,Atta_3,1577.8,234.2,0.7,75.8,-6.8,,,,
87.203,4,Atta_4,1820.1,536.4,357.0,114.8,-4.7,,,,
87.203,5,Atta_5,1647.1,1275.9,345.5,127.9,-0.4,,,,
87.203,6,Atta_6,2687.0,1488.7,337.5,-64.1,-6.5,,,,
87.203,7,Atta_7,1770.1,2250.1,348.9,-103.9,-0.9,,,,
87.203,8,Atta_8,1653.2,1572.4,342.5,75.1,-4.6,,,,
87.203,9,Atta_9,3446.1,2207.7,280.2,28.6,-3.4,,,,
87.203,10,Atta_10,1835.6,2090.9,6.2,139.5,0.9,,,,
87.272,1,Atta_1,2362.1,1889.5,343.8,-32.8,-1.3,,,,
87.272,2,Atta_2,1511.5,463.1,4.4,21.3,-1.6,,,,
87.272,3,Atta_3,1566.2,231.7,7.1,-11.9,6.4,,,,
87.272,4,Atta_4,1811.4,507.0,354.5,-30.7,-2.5,,,,
87.272,5,Atta_5,1630.1,1238.0,345.3,-41.5,-0.2,,,,
87.272,6,Atta_6,2711.6,1511.4,331.0,33.5,-6.5,,,,
87.272,7,Atta_7,1784.8,2162.8,350.4,88.5,1.5,,,,
87.272,8,Atta_8,1565.5,1578.2,340.4,-87.9,-2.1,,,,
87.272,9,Atta_9,3436.7,2241.5,273.5,-35.1,-6.7,,,,
87.272,10,Atta_10,1757.8,2023.7,4.2,-102.8,-2.0,,,,
87.34,1,Atta_1,2375.0,1865.1,341.6,27.6,-2.2,,,,
87.34,2,Atta_2,1538.6,464.3,5.9,27.1,1.5,,,,
87.34,3,Atta_3,1575.8,312.4,5.3,81.3,-1.8,,,,
87.34,4,Atta_4,1763.8,470.9,0.5,-59.7,6.0,,,,
87.34,5,Atta_5,1592.0,1224.6,344.1,-40.4,-1.2,,,,
87.34,6,Atta_6,2709.0,1555.4,328.8,-44.1,-2.2,,,,
87.34,7,Atta_7,1817.3,2198.8,351.0,48.5,0.6,,,,
87.34,8,Atta_8,1599.8,1562.5,340.4,37.7,0.0,,,,
87.34,9,Atta_9,3443.1,2256.0,272.7,-15.8,-0.8,,,,
87.34,10,Atta_10,1831.2,2053.4,4.5,79.2,0.3,,,,
87.475,1,Atta_1,2392.4,1907.1,343.8,45.5,2.2,,,,
87.475,2,Atta_2,1506.2,514.5,9.9,-59.7,4.0,,,,
87.475,3,Atta_3,1595.5,235.7,8.2,79.2,2.9,,,,
87.475,4,Atta_4,1778.5,578.3,357.9,108.4,-2.6,,,,
87.475,5,Atta_5,1610.1,1232.2,345.4,19.6,1.3,,,,
87.475,6,Atta_6,2738.7,1483.8,324.5,77.5,-4.3,,,,
87.475,7,Atta_7,1804.2,2153.9,349.5,-46.8,-1.5,,,,
87.475,8,Atta_8,1629.3,1537.1,345.3,38.9,4.9,,,,
87.475,9,Atta_9,3438.3,2273.3,263.8,-18.0,-8.9,,,,
87.475,10,Atta_10,1826.1,2061.3,4.0,-9.4,-0.5,,,,
87.543,1,Atta_1,2401.6,1895.7,338.5,14.6,-5.3,,,,
87.543,2,Atta_2,1585.8,535.8,7.7,82.4,-2.2,,,,
87.543,3,Atta_3,1608.3,292.4,3.2,58.1,-5.0,,,,
87.543,4,Atta_4,1852.4,490.5,359.9,114.8,2.0,,,,
87.543,5,Atta_5,1595.8,1275.4,344.8,-45.5,-0.6,,,,
87.543,6,Atta_6,2756.9,1557.6,317.4,-76.0,-7.1,,,,
87.543,7,Atta_7,1787.7,2138.7,350.0,-22.4,0.5,,,,
87.543,8,Atta_8,1583.5,1627.1,340.0,-101.0,-5.3,,,,
87.543,9,Atta_9,3461.9,2261.6,257.7,26.3,-6.1,,,,
87.543,10,Atta_10,1798.5,2040.8,6.0,-34.4,2.0,,,,
87.611,1,Atta_1,2417.6,1907.6,346.3,19.9,7.8,,,,
87.611,2,Atta_2,1523.3,505.3,2.9,-69.5,-4.8,,,,
87.611,3,Atta_3,1664.6,263.8,3.2,63.1,0.0,,,,
87.611,4,Atta_4,1875.7,495.3,359.5,23.8,-0.4,,,,
87.611,5,Atta_5,1667.7,1242.3,344.6,79.2,-0.2,,,,
87.611,6,Atta_6,2687.2,1535.3,312.0,-73.2,-5.4,,,,
87.611,7,Atta_7,1804.0,2209.2,349.2,72.4,-0.8,,,,
87.611,8,Atta_8,1671.2,1534.9,346.0,127.2,6.0,,,,
87.611,9,Atta_9,3476.6,2212.0,254.0,51.7,-3.7,,,,
87.611,10,Atta_10,1877.9,2056.2,2.6,80.9,-3.4,,,,
87.665,1,Atta_1,2472.9,1873.5,345.6,65.0,-0.7,,,,
87.665,2,Atta_2,1602.6,531.6,8.0,83.5,5.1,,,,
87.665,3,Atta_3,1647.8,263.9,4.8,-16.8,1.6,,,,
87.665,4,Atta_4,1792.7,521.4,359.9,-87.0,0.4,,,,
87.665,5,Atta_5,1665.8,1224.0,348.3,18.4,3.7,,,,
87.665,6,Atta_6,2689.7,1586.7,303.2,-51.5,-8.8,,,,
87.665,7,Atta_7,1821.5,2162.4,348.3,50.0,-0.9,,,,
87.665,8,Atta_8,1665.9,1572.0,343.0,-37.5,-3.0,,,,
87.665,9,Atta_9,3418.8,2215.9,248.7,57.9,-5.3,,,,
87.665,10,Atta_10,1800.8,2064.8,3.9,-77.6,1.3,,,,
87.794,1,Atta_1,2414.0,1841.9,341.4,-66.8,-4.2,,,,
87.794,2,Atta_2,1554.1,512.1,7.0,-52.3,-1.0,,,,
87.794,3,Atta_3,1664.1,298.5,0.3,38.2,-4.5,,,,
87.794,4,Atta_4,1856.1,537.6,356.5,65.4,-3.4,,,,
87.794,5,Atta_5,1715.2,1266.1,344.8,64.9,-3.5,,,,
87.794,6,Atta_6,2729.2,1484.0,301.9,110.0,-1.3,,,,
87.794,7,Atta_7,1881.8,2187.4,351.3,65.3,3.0,,,,
87.794,8,Atta_8,1694.0,1554.7,343.9,33.0,0.9,,,,
87.794,9,Atta_9,3431.6,2221.6,247.4,-14.0,-1.3,,,,
87.794,10,Atta_10,1912.3,2046.0,3.2,113.1,-0.7,,,,
87.86,1,Atta_1,2478.8,1831.5,342.0,65.6,0.6,,,,
87.86,2,Atta_2,1676.0,566.7,7.5,133.6,0.5,,,,
87.86,3,Atta_3,1618.6,288.1,2.0,-46.7,1.7,,,,
87.86,4,Atta_4,1851.9,503.0,355.1,-34.9,-1.4,,,,
87.86,5,Atta_5,1665.9,1243.1,347.5,-54.4,2.7,,,,
87.86,6,Atta_6,2715.6,1504.2,299.9,-24.4,-2.0,,,,
87.86,7,Atta_7,1856.3,2196.5,350.4,-27.1,-0.9,,,,
87.86,8,Atta_8,1662.6,1553.7,341.5,-31.4,-2.4,,,,
87.86,9,Atta_9,3431.5,2192.4,251.9,29.2,4.5,,,,
87.86,10,Atta_10,1936.2,2035.7,1.9,26.0,-1.3,,,,
87.933,1,Atta_1,2460.3,1873.7,344.4,-46.1,2.4,,,,
87.933,2,Atta_2,1599.8,540.0,12.4,-80.7,4.9,,,,
87.933,3,Atta_3,1664.6,258.6,6.6,54.6,4.6,,,,
87.933,4,Atta_4,1855.7,522.4,356.1,19.8,1.0,,,,
87.933,5,Atta_5,1726.9,1208.7,347.9,70.0,0.4,,,,
87.933,6,Atta_6,2729.1,1485.9,293.1,22.7,-6.8,,,,
87.933,7,Atta_7,1873.6,2149.7,349.9,49.9,-0.5,,,,
87.933,8,Atta_8,1680.3,1493.5,339.8,62.7,-1.7,,,,
87.933,9,Atta_9,3487.3,2267.6,249.2,-93.6,-2.7,,,,
87.933,10,Atta_10,1862.7,2023.0,0.3,-74.6,-1.6,,,,
87.984,1,Atta_1,2435.3,1877.0,346.5,-25.2,2.1,,,,
87.984,2,Atta_2,1605.1,570.7,7.0,31.2,-5.4,,,,
87.984,3,Atta_3,1697.1,270.9,3.8,34.7,-2.8,,,,
87.984,4,Atta_4,1868.4,541.0,0.5,22.5,4.4,,,,
87.984,5,Atta_5,1757.7,1178.0,345.4,43.5,-2.5,,,,
87.984,6,Atta_6,2698.9,1521.7,287.3,-46.8,-5.8,,,,
87.984,7,Atta_7,1838.7,2173.0,352.9,-42.0,3.0,,,,
87.984,8,Atta_8,1735.4,1575.7,339.3,99.0,-0.5,,,,
87.984,9,Atta_9,3478.1,2224.5,247.4,44.1,-1.8,,,,
87.984,10,Atta_10,1921.2,2030.4,359.5,59.0,-0.8,,,,
88.05,1,Atta_1,2471.7,1831.6,343.3,58.2,-3.2,,,,
88.05,2,Atta_2,1594.2,505.5,11.6,-66.1,4.6,,,,
88.05,3,Atta_3,1709.1,295.3,1.6,27.2,-2.2,,,,
88.05,4,Atta_4,1897.8,541.1,1.6,29.4,1.1,,,,
88.05,5,Atta_5,1698.1,1168.7,344.0,-60.3,-1.4,,,,
88.05,6,Atta_6,2711.1,1531.3,283.0,-15.5,-4.3,,,,
88.05,7,Atta_7,1860.5,2156.6,349.8,27.3,-3.1,,,,
88.05,8,Atta_8,1698.3,1575.8,341.5,-37.1,2.2,,,,
88.05,9,Atta_9,3426.5,2272.0,246.8,-70.1,-0.6,,,,
88.05,10,Atta_10,1896.7,2010.6,1.7,-31.5,2.2,,,,
88.116,1,Atta_1,2523.4,1855.8,346.0,57.1,2.7,,,,
88.116,2,Atta_2,1658.1,480.0,6.1,68.8,-5.5,,,,
88.116,3,Atta_3,1710.0,275.9,6.6,19.4,5.0,,,,
88.116,4,Atta_4,1966.6,589.6,357.4,84.2,-4.2,,,,
88.116,5,Atta_5,1766.1,1203.5,342.8,76.4,-1.2,,,,
88.116,6,Atta_6,2749.8,1468.7,278.8,73.6,-4.2,,,,
88.116,7,Atta_7,1841.5,2166.1,351.0,-21.2,1.2,,,,
88.116,8,Atta_8,1720.9,1524.1,343.9,56.4,2.4,,,,
88.116,9,Atta_9,3450.4,2188.4,252.0,86.9,5.2,,,,
88.116,10,Atta_10,1884.0,2058.6,359.8,-49.7,-1.9,,,,
88.182,1,Atta_1,2543.8,1873.7,347.7,27.1,1.7,,,,
88.182,2,Atta_2,1682.5,552.9,6.3,76.9,0.2,,,,
88.182,3,Atta_3,1719.7,222.9,4.1,53.9,-2.5,,,,
88.182,4,Atta_4,1961.8,524.9,354.1,-64.9,-3.3,,,,
88.182,5,Atta_5,1740.4,1184.8,346.5,-31.8,3.7,,,,
88.182,6,Atta_6,2743.2,1510.8,274.7,-42.6,-4.1,,,,
88.182,7,Atta_7,1919.0,2145.5,351.8,80.2,0.8,,,,
88.182,8,Atta_8,1763.4,1530.9,337.2,43.0,-6.7,,,,
88.182,9,Atta_9,3411.7,2225.6,247.2,-53.7,-4.8,,,,
88.182,10,Atta_10,1930.9,2021.9,3.5,59.6,3.7,,,,
88.248,1,Atta_1,2547.2,1819.9,343.7,53.9,-4.0,,,,
88.248,2,Atta_2,1708.3,558.0,5.7,26.3,-0.6,,,,
88.248,3,Atta_3,1713.5,309.2,3.6,-86.5,-0.5,,,,
88.248,4,Atta_4,1928.0,537.0,359.8,-35.9,5.7,,,,
88.248,5,Atta_5,1774.9,1192.1,343.8,35.3,-2.7,,,,
88.248,6,Atta_6,2742.5,1474.5,269.3,36.3,-5.4,,,,
88.248,7,Atta_7,1877.7,2159.2,354.3,-43.5,2.5,,,,
88.248,8,Atta_8,1728.0,1490.8,342.2,-53.5,5.0,,,,
88.248,9,Atta_9,3436.2,2183.2,251.5,49.0,4.3,,,,
88.248,10,Atta_10,1934.3,2066.0,4.2,44.2,0.7,,,,
88.314,1,Atta_1,2551.9,1837.3,348.5,-18.0,4.8,,,,
88.314,2,Atta_2,1681.1,536.0,7.6,-35.0,1.9,,,,
88.314,3,Atta_3,1723.3,303.6,5.9,11.3,2.3,,,,
88.314,4,Atta_4,1943.4,548.5,358.0,19.2,-1.8,,,,
88.314,5,Atta_5,1800.4,1206.0,348.0,29.0,4.2,,,,
88.314,6,Atta_6,2662.8,1552.1,266.8,-111.2,-2.5,,,,
88.314,7,Atta_7,1910.9,2221.4,351.4,70.5,-2.9,,,,
88.314,8,Atta_8,1762.9,1465.0,340.2,43.4,-2.0,,,,
88.314,9,Atta_9,3462.9,2167.2,250.8,31.1,-0.7,,,,
88.314,10,Atta_10,1900.8,2017.7,3.6,-58.8,-0.6,,,,
88.38,1,Atta_1,2566.5,1786.9,343.8,52.5,-4.7,,,,
88.38,2,Atta_2,1670.7,533.6,8.0,-10.7,0.4,,,,
88.38,3,Atta_3,1745.5,245.9,1.7,61.8,-4.2,,,,
88.38,4,Atta_4,1942.2,529.9,359.0,-18.6,1.0,,,,
88.38,5,Atta_5,1798.2,1225.3,345.1,-19.4,-2.9,,,,
88.38,6,Atta_6,2721.1,1578.3,261.4,-63.9,-5.4,,,,
88.38,7,Atta_7,1959.7,2133.1,352.1,100.9,0.7,,,,
88.38,8,Atta_8,1818.9,1485.1,339.2,59.5,-1.0,,,,
88.38,9,Atta_9,3491.0,2177.0,247.9,-29.8,-2.9,,,,
88.38,10,Atta_10,1915.4,2035.5,1.2,23.0,-2.4,,,,
88.452,1,Atta_1,2592.4,1849.7,345.7,67.9,1.9,,,,
88.452,2,Atta_2,1680.4,549.3,6.9,18.5,-1.1,,,,
88.452,3,Atta_3,1752.9,308.2,4.6,62.7,2.9,,,,
88.452,4,Atta_4,1892.2,502.0,359.6,-57.3,0.6,,,,
88.452,5,Atta_5,1789.2,1223.1,348.4,-9.3,3.3,,,,
88.452,6,Atta_6,2687.3,1525.7,262.8,62.5,1.4,,,,
88.452,7,Atta_7,1930.2,2155.5,349.9,-37.0,-2.2,,,,
88.452,8,Atta_8,1796.3,1507.9,339.0,-32.1,-0.2,,,,
88.452,9,Atta_9,3472.3,2172.8,243.0,19.2,-4.9,,,,
88.452,10,Atta_10,1955.8,2023.1,6.7,42.3,5.5,,,,
88.507,1,Atta_1,2584.2,1865.6,344.0,-17.9,-1.7,,,,
88.507,2,Atta_2,1731.7,546.6,7.8,51.4,0.9,,,,
88.507,3,Atta_3,1749.7,257.4,3.7,-50.9,-0.9,,,,
88.507,4,Atta_4,1986.9,552.6,2.8,107.4,3.2,,,,
88.507,5,Atta_5,1802.9,1243.2,344.7,24.3,-3.7,,,,
88.507,6,Atta_6,2716.3,1510.2,252.3,32.9,-10.5,,,,
88.507,7,Atta_7,1974.4,2067.7,348.4,98.3,-1.5,,,,
88.507,8,Atta_8,1776.5,1516.2,341.3,-21.5,2.3,,,,
88.507,9,Atta_9,3405.3,2150.4,244.8,70.6,1.8,,,,
88.507,10,Atta_10,2003.4,2009.7,1.2,49.5,-5.5,,,,
88.574,1,Atta_1,2558.5,1854.9,340.3,-27.8,-3.7,,,,
88.574,2,Atta_2,1774.2,520.2,5.1,50.0,-2.7,,,,
88.574,3,Atta_3,1787.9,276.7,12.9,42.8,9.2,,,,
88.574,4,Atta_4,2014.8,572.2,358.4,34.1,-4.4,,,,
88.574,5,Atta_5,1807.9,1157.1,348.9,86.2,4.2,,,,
88.574,6,Atta_6,2706.2,1481.7,247.6,30.2,-4.7,,,,
88.574,7,Atta_7,1959.8,2156.5,351.6,-90.0,3.2,,,,
88.574,8,Atta_8,1797.5,1458.4,339.1,61.5,-2.2,,,,
88.574,9,Atta_9,3418.5,2165.7,247.7,-20.2,2.9,,,,
88.574,10,Atta_10,1996.7,2089.6,3.1,-80.2,1.9,,,,
88.639,1,Atta_1,2639.1,1795.4,347.1,100.2,6.8,,,,
88.639,2,Atta_2,1759.6,611.4,7.3,-92.4,2.2,,,,
88.639,3,Atta_3,1826.4,281.5,10.8,38.8,-2.1,,,,
88.639,4,Atta_4,2015.3,566.1,354.5,6.1,-3.9,,,,
88.639,5,Atta_5,1848.9,1253.8,345.8,105.0,-3.1,,,,
88.639,6,Atta_6,2690.4,1534.9,237.4,-55.5,-10.2,,,,
88.639,7,Atta_7,1971.8,2147.2,351.5,15.2,-0.1,,,,
88.639,8,Atta_8,1841.1,1501.4,344.2,61.2,5.1,,,,
88.639,9,Atta_9,3375.1,2110.9,248.5,69.9,0.8,,,,
88.639,10,Atta_10,2027.8,2045.9,2.7,53.6,-0.4,,,,
88.706,1,Atta_1,2665.3,1921.1,344.9,-128.4,-2.2,,,,
88.706,2,Atta_2,1742.0,515.2,8.5,-97.8,1.2,,,,
88.706,3,Atta_3,1727.0,246.8,14.3,-105.3,3.5,,,,
88.706,4,Atta_4,2001.1,505.5,358.8,-62.2,4.3,,,,
88.706,5,Atta_5,1852.5,1272.9,345.4,-19.4,-0.4,,,,
88.706,6,Atta_6,2779.8,1503.8,237.1,-94.7,-0.3,,,,
88.706,7,Atta_7,1961.9,2120.4,353.0,-28.6,1.5,,,,
88.706,8,Atta_8,1806.8,1485.7,345.8,-37.7,1.6,,,,
88.706,9,Atta_9,3386.5,2078.7,248.9,34.2,0.4,,,,
88.706,10,Atta_10,1994.4,2095.3,5.0,-59.6,2.3,,,,
88.775,1,Atta_1,2632.4,1850.0,346.1,-78.3,1.2,,,,
88.775,2,Atta_2,1751.2,563.6,3.9,49.3,-4.6,,,,
88.775,3,Atta_3,1798.6,313.2,13.1,97.6,-1.2,,,,
88.775,4,Atta_4,2017.0,561.7,0.0,58.4,1.2,,,,
88.775,5,Atta_5,1794.6,1204.8,342.3,-89.4,-3.1,,,,
88.775,6,Atta_6,2683.1,1534.7,237.9,101.5,0.8,,,,
88.775,7,Atta_7,2003.1,2131.1,350.3,42.6,-2.7,,,,
88.775,8,Atta_8,1857.2,1527.8,339.7,65.7,-6.1,,,,
88.775,9,Atta_9,3452.6,2176.2,248.0,-117.8,-0.9,,,,
88.775,10,Atta_10,2036.0,2057.0,0.6,56.5,-4.4,,,,
88.841,1,Atta_1,2590.8,1804.1,344.1,-61.9,-2.0,,,,
88.841,2,Atta_2,1764.5,587.2,9.1,27.1,5.2,,,,
88.841,3,Atta_3,1726.9,262.1,11.7,-88.0,-1.4,,,,
88.841,4,Atta_4,1986.2,553.8,358.7,-31.8,-1.3,,,,
88.841,5,Atta_5,1840.6,1212.5,341.5,46.6,-0.8,,,,
88.841,6,Atta_6,2787.5,1557.3,227.2,-106.8,-10.7,,,,
88.841,7,Atta_7,2020.8,2214.2,350.2,85.0,-0.1,,,,
88.841,8,Atta_8,1802.2,1534.8,339.7,-55.4,0.0,,,,
88.841,9,Atta_9,3470.2,2097.8,256.7,80.4,8.7,,,,
88.841,10,Atta_10,2040.3,2065.1,0.2,9.2,-0.4,,,,
88.907,1,Atta_1,2639.1,1785.1,345.3,51.9,1.2,,,,
88.907,2,Atta_2,1774.2,557.3,9.0,31.4,-0.1,,,,
88.907,3,Atta_3,1759.2,317.5,16.1,64.1,4.4,,,,
88.907,4,Atta_4,2022.9,505.0,356.5,61.1,-2.2,,,,
88.907,5,Atta_5,1802.5,1198.3,341.1,-40.7,-0.4,,,,
88.907,6,Atta_6,2738.9,1517.2,226.9,63.0,-0.3,,,,
88.907,7,Atta_7,1981.1,2176.0,349.7,-55.1,-0.5,,,,
88.907,8,Atta_8,1804.8,1515.8,338.2,19.2,-1.5,,,,
88.907,9,Atta_9,3416.0,2185.0,255.4,-102.7,-1.3,,,,
88.907,10,Atta_10,2012.6,2059.8,358.9,-28.2,-1.3,,,,
88.973,1,Atta_1,2675.5,1824.5,342.7,53.6,-2.6,,,,
88.973,2,Atta_2,1821.7,548.0,7.6,48.4,-1.4,,,,
88.973,3,Atta_3,1741.7,314.9,13.7,-17.7,-2.4,,,,
88.973,4,Atta_4,2047.5,549.2,0.6,50.6,4.1,,,,
88.973,5,Atta_5,1846.9,1180.3,343.3,47.9,2.2,,,,
88.973,6,Atta_6,2677.3,1568.7,225.2,80.3,-1.7,,,,
88.973,7,Atta_7,2027.2,2159.3,352.7,49.0,3.0,,,,
88.973,8,Atta_8,1822.8,1451.3,335.6,67.0,-2.6,,,,
88.973,9,Atta_9,3393.4,2114.3,260.6,74.2,5.2,,,,
88.973,10,Atta_10,2045.6,2113.2,7.3,62.8,8.4,,,,
89.043,1,Atta_1,2696.0,1861.1,344.6,42.0,1.9,,,,
89.043,2,Atta_2,1779.1,554.8,7.0,-43.1,-0.6,,,,
89.043,3,Atta_3,1810.9,291.8,11.3,73.0,-2.4,,,,
89.043,4,Atta_4,2036.3,562.1,360.0,-17.1,-0.6,,,,
89.043,5,Atta_5,1854.3,1159.6,338.4,22.0,-4.9,,,,
89.043,6,Atta_6,2711.2,1544.0,226.9,-41.9,1.7,,,,
89.043,7,Atta_7,1952.2,2183.3,350.5,-78.7,-2.2,,,,
89.043,8,Atta_8,1776.5,1518.2,341.8,-81.4,6.2,,,,
89.043,9,Atta_9,3347.7,2093.8,265.5,50.1,4.9,,,,
89.043,10,Atta_10,2062.1,2060.2,4.3,55.5,-3.0,,,,
89.111,1,Atta_1,2639.4,1849.2,339.9,-57.8,-4.7,,,,
89.111,2,Atta_2,1763.4,572.8,6.7,-23.9,-0.3,,,,
89.111,3,Atta_3,1815.0,348.3,14.4,56.6,3.1,,,,
89.111,4,Atta_4,2067.8,516.6,3.0,55.3,3.0,,,,
89.111,5,Atta_5,1824.0,1216.4,340.8,-64.4,2.4,,,,
89.111,6,Atta_6,2716.0,1571.6,224.2,-28.0,-2.7,,,,
89.111,7,Atta_7,1949.5,2143.6,351.2,39.8,0.7,,,,
89.111,8,Atta_8,1797.5,1504.3,337.8,25.2,-4.0,,,,
89.111,9,Atta_9,3416.4,2101.7,275.8,-69.2,10.3,,,,
89.111,10,Atta_10,2041.6,2085.3,10.6,-32.4,6.3,,,,
89.166,1,Atta_1,2628.7,1867.6,336.7,-21.3,-3.2,,,,
89.166,2,Atta_2,1818.8,609.4,5.8,66.4,-0.9,,,,
89.166,3,Atta_3,1857.7,320.4,16.4,51.0,2.0,,,,
89.166,4,Atta_4,2169.2,494.2,356.0,103.8,-7.0,,,,
89.166,5,Atta_5,1809.7,1163.3,342.4,55.0,1.6,,,,
89.166,6,Atta_6,2720.7,1525.8,225.1,46.0,0.9,,,,
89.166,7,Atta_7,1975.5,2073.5,353.3,74.8,2.1,,,,
89.166,8,Atta_8,1787.2,1506.7,338.6,-10.6,0.8,,,,
89.166,9,Atta_9,3408.1,2154.7,276.2,-53.6,0.4,,,,
89.166,10,Atta_10,2074.8,2072.3,2.9,35.7,-7.7,,,,
89.236,1,Atta_1,2720.6,1835.9,334.8,97.2,-1.9,,,,
89.236,2,Atta_2,1804.9,576.4,6.7,-35.8,0.9,,,,
89.236,3,Atta_3,1883.5,308.6,12.8,28.4,-3.6,,,,
89.236,4,Atta_4,2110.9,550.4,359.8,-81.0,3.8,,,,
89.236,5,Atta_5,1828.2,1203.4,343.1,44.2,0.7,,,,
89.236,6,Atta_6,2690.7,1525.6,223.3,30.0,-1.8,,,,
89.236,7,Atta_7,1953.8,2109.7,350.4,-42.2,-2.9,,,,
89.236,8,Atta_8,1864.0,1487.8,337.9,79.1,-0.7,,,,
89.236,9,Atta_9,3423.8,2143.0,280.4,19.6,4.2,,,,
89.236,10,Atta_10,2033.8,2049.4,8.4,-47.0,5.5,,,,
89.368,1,Atta_1,2681.3,1814.6,333.5,-44.7,-1.3,,,,
89.368,2,Atta_2,1832.8,534.9,10.8,50.0,4.1,,,,
89.368,3,Atta_3,1815.3,308.5,12.8,-68.2,0.0,,,,
89.368,4,Atta_4,2073.1,493.8,1.9,-68.1,2.1,,,,
89.368,5,Atta_5,1851.2,1197.9,344.1,23.6,1.0,,,,
89.368,6,Atta_6,2682.5,1483.8,226.6,42.6,3.3,,,,
89.368,7,Atta_7,1880.4,2134.8,352.6,-77.6,2.2,,,,
89.368,8,Atta_8,1850.7,1498.9,339.2,-17.3,1.3,,,,
89.368,9,Atta_9,3439.7,2072.1,283.8,72.7,3.4,,,,
89.368,10,Atta_10,2076.0,2058.5,6.8,43.2,-1.6,,,,
89.436,1,Atta_1,2648.8,1758.8,332.7,-64.6,-0.8,,,,
89.436,2,Atta_2,1836.4,542.0,4.6,8.0,-6.2,,,,
89.436,3,Atta_3,1911.2,291.2,11.2,97.4,-1.6,,,,
89.436,4,Atta_4,2112.2,518.4,354.9,46.2,-7.0,,,,
89.436,5,Atta_5,1878.0,1198.2,342.1,26.8,-2.0,,,,
89.436,6,Atta_6,2732.5,1466.3,225.4,-53.0,-1.2,,,,
89.436,7,Atta_7,1873.8,2146.2,354.7,-13.2,2.1,,,,
89.436,8,Atta_8,1959.9,1458.3,337.7,116.5,-1.5,,,,
89.436,9,Atta_9,3417.0,2081.7,291.2,-24.6,7.4,,,,
89.436,10,Atta_10,2100.3,2029.1,7.3,38.1,0.5,,,,
89.505,1,Atta_1,2666.0,1793.7,328.9,-38.9,-3.8,,,,
89.505,2,Atta_2,1837.4,556.9,4.3,14.9,-0.3,,,,
89.505,3,Atta_3,1868.7,353.9,14.7,-75.7,3.5,,,,
89.505,4,Atta_4,2146.7,504.8,357.4,37.1,2.5,,,,
89.505,5,Atta_5,1860.4,1150.3,337.7,-51.0,-4.4,,,,
89.505,6,Atta_6,2742.1,1541.4,223.0,-75.7,-2.4,,,,
89.505,7,Atta_7,1925.1,2170.7,2.3,56.9,7.6,,,,
89.505,8,Atta_8,1869.9,1420.3,340.3,-97.7,2.6,,,,
89.505,9,Atta_9,3429.2,2134.1,297.4,-53.8,6.2,,,,
89.505,10,Atta_10,2086.4,2045.1,5.3,-21.2,-2.0,,,,
89.634,1,Atta_1,2673.3,1821.1,333.5,-28.4,4.6,,,,
89.634,2,Atta_2,1889.2,556.4,5.5,51.8,1.2,,,,
89.634,3,Atta_3,1877.2,322.4,13.8,32.6,-0.9,,,,
89.634,4,Atta_4,2169.8,581.5,357.4,80.1,0.0,,,,
89.634,5,Atta_5,1879.3,1160.2,341.0,21.3,3.3,,,,
89.634,6,Atta_6,2737.6,1525.9,223.6,16.1,0.6,,,,
89.634,7,Atta_7,1956.0,2127.1,9.6,53.4,7.3,,,,
89.634,8,Atta_8,1863.9,1387.3,336.3,33.5,-4.0,,,,
89.634,9,Atta_9,3443.9,2096.8,303.2,40.1,5.8,,,,
89.634,10,Atta_10,2121.4,2017.7,7.5,44.4,2.2,,,,
89.701,1,Atta_1,2714.0,1804.0,332.3,44.1,-1.2,,,,
89.701,2,Atta_2,1891.4,572.1,7.8,15.9,2.3,,,,
89.701,3,Atta_3,1904.0,293.5,16.3,39.4,2.5,,,,
89.701,4,Atta_4,2181.9,558.7,355.9,25.8,-1.5,,,,
89.701,5,Atta_5,1923.5,1152.8,347.1,44.8,6.1,,,,
89.701,6,Atta_6,2726.3,1583.8,222.5,-59.0,-1.1,,,,
89.701,7,Atta_7,1961.0,2180.4,10.6,53.5,1.0,,,,
89.701,8,Atta_8,1904.7,1482.5,338.9,-103.6,2.6,,,,
89.701,9,Atta_9,3433.5,2089.6,306.4,12.6,3.2,,,,
89.701,10,Atta_10,2130.4,2099.3,7.7,82.1,0.2,,,,
89.768,1,Atta_1,2637.0,1806.4,330.8,-77.0,-1.5,,,,
89.768,2,Atta_2,1878.7,521.5,3.1,-52.2,-4.7,,,,
89.768,3,Atta_3,1910.3,353.8,13.4,60.6,-2.9,,,,
89.768,4,Atta_4,2171.1,530.7,358.2,-30.0,2.3,,,,
89.768,5,Atta_5,1851.5,1172.0,339.2,-74.5,-7.9,,,,
89.768,6,Atta_6,2730.8,1584.4,227.4,-4.5,4.9,,,,
89.768,7,Atta_7,1928.2,2144.7,19.7,-48.5,9.1,,,,
89.768,8,Atta_8,1940.6,1453.7,335.1,46.0,-3.8,,,,
89.768,9,Atta_9,3433.2,2154.1,310.6,-64.5,4.2,,,,
89.768,10,Atta_10,2080.1,2053.3,5.3,-68.2,-2.4,,,,
89.822,1,Atta_1,2704.1,1799.4,329.3,67.5,-1.5,,,,
89.822,2,Atta_2,1904.9,624.5,3.0,106.3,-0.1,,,,
89.822,3,Atta_3,1878.0,298.1,14.3,-64.4,0.9,,,,
89.822,4,Atta_4,2155.3,560.3,0.5,-33.6,2.3,,,,
89.822,5,Atta_5,1958.8,1143.2,337.3,111.1,-1.9,,,,
89.822,6,Atta_6,2697.3,1568.7,225.1,37.0,-2.3,,,,
89.822,7,Atta_7,1895.2,2217.0,21.4,-79.5,1.7,,,,
89.822,8,Atta_8,1913.8,1455.3,340.1,-26.8,5.0,,,,
89.822,9,Atta_9,3432.9,2114.8,323.2,39.3,12.6,,,,
89.822,10,Atta_10,2120.3,2067.3,4.3,42.6,-1.0,,,,
89.895,1,Atta_1,2668.4,1799.7,328.8,-35.7,-0.5,,,,
89.895,2,Atta_2,1936.0,559.7,6.0,71.9,3.0,,,,
89.895,3,Atta_3,1875.2,294.4,12.2,-4.6,-2.1,,,,
89.895,4,Atta_4,2208.4,536.0,0.8,58.4,0.3,,,,
89.895,5,Atta_5,1934.5,1108.1,338.2,-42.7,0.9,,,,
89.895,6,Atta_6,2757.5,1601.7,225.1,-68.7,0.0,,,,
89.895,7,Atta_7,1892.6,2160.0,26.1,-57.1,4.7,,,,
89.895,8,Atta_8,1966.8,1443.2,335.4,54.4,-4.7,,,,
89.895,9,Atta_9,3388.0,2149.1,319.5,-56.5,-3.7,,,,
89.895,10,Atta_10,2202.6,2048.8,5.5,84.4,1.2,,,,
89.948,1,Atta_1,2670.3,1795.7,332.3,4.4,3.5,,,,
89.948,2,Atta_2,1966.0,530.3,5.8,42.0,-0.2,,,,
89.948,3,Atta_3,1921.8,355.7,12.2,77.0,0.0,,,,
89.948,4,Atta_4,2212.9,479.7,1.8,56.5,1.0,,,,
89.948,5,Atta_5,2006.7,1131.6,342.5,75.9,4.3,,,,
89.948,6,Atta_6,2712.1,1534.1,222.3,81.4,-2.8,,,,
89.948,7,Atta_7,1932.9,2162.6,26.2,40.4,0.1,,,,
89.948,8,Atta_8,1905.5,1410.1,337.9,-69.7,2.5,,,,
89.948,9,Atta_9,3389.8,2070.7,324.7,78.4,5.2,,,,
89.948,10,Atta_10,2221.8,2061.0,7.5,22.7,2.0,,,,
90.016,1,Atta_1,2722.2,1763.3,330.6,61.2,-1.7,,,,
90.016,2,Atta_2,1953.1,568.8,4.4,-40.6,-1.4,,,,
90.016,3,Atta_3,1948.0,278.0,12.9,82.0,0.7,,,,
90.016,4,Atta_4,2243.3,530.8,1.5,59.5,-0.3,,,,
90.016,5,Atta_5,1960.2,1136.1,341.3,-46.7,-1.2,,,,
90.016,6,Atta_6,2776.2,1552.0,213.3,-66.6,-9.0,,,,
90.016,7,Atta_7,1951.5,2132.6,34.3,35.3,8.1,,,,
90.016,8,Atta_8,1930.3,1438.5,337.8,37.7,-0.1,,,,
90.016,9,Atta_9,3414.5,2078.6,329.8,25.9,5.1,,,,
90.016,10,Atta_10,2211.1,2051.2,4.5,-14.5,-3.0,,,,
90.085,1,Atta_1,2779.8,1785.0,334.4,61.6,3.8,,,,
90.085,2,Atta_2,1966.7,537.0,5.8,34.6,1.4,,,,
90.085,3,Atta_3,1997.1,379.1,13.7,112.4,0.8,,,,
90.085,4,Atta_4,2243.7,516.6,357.1,14.2,-4.4,,,,
90.085,5,Atta_5,1962.4,1184.8,340.3,-48.7,-1.0,,,,
90.085,6,Atta_6,2761.6,1566.4,213.9,20.5,0.6,,,,
90.085,7,Atta_7,1906.5,2166.7,42.2,-56.5,7.9,,,,
90.085,8,Atta_8,1964.2,1440.5,340.5,34.0,2.7,,,,
90.085,9,Atta_9,3393.7,2114.4,335.9,-41.4,6.1,,,,
90.085,10,Atta_10,2204.6,2042.0,3.5,-11.3,-1.0,,,,
90.15,1,Atta_1,2759.2,1724.9,333.8,63.5,-0.6,,,,
90.15,2,Atta_2,1959.5,612.3,4.2,75.6,-1.6,,,,
90.15,3,Atta_3,2025.1,390.2,9.9,30.1,-3.8,,,,
90.15,4,Atta_4,2244.8,537.4,359.1,20.8,2.0,,,,
90.15,5,Atta_5,1985.6,1124.6,338.1,64.5,-2.2,,,,
90.15,6,Atta_6,2809.3,1644.5,206.5,-91.5,-7.4,,,,
90.15,7,Atta_7,1881.8,2124.0,41.5,-49.3,-0.7,,,,
90.15,8,Atta_8,1966.3,1394.6,336.7,45.9,-3.8,,,,
90.15,9,Atta_9,3364.4,2089.8,340.8,-38.3,4.9,,,,
90.15,10,Atta_10,2208.8,2070.6,11.0,28.9,7.5,,,,
90.216,1,Atta_1,2795.8,1752.9,332.4,46.1,-1.4,,,,
90.216,2,Atta_2,2014.6,581.3,2.5,63.2,-1.7,,,,
90.216,3,Atta_3,1983.0,364.5,12.2,-49.3,2.3,,,,
90.216,4,Atta_4,2258.2,559.7,0.5,26.0,1.4,,,,
90.216,5,Atta_5,1968.0,1126.2,343.0,-17.7,4.9,,,,
90.216,6,Atta_6,2746.1,1555.0,197.7,109.6,-8.8,,,,
90.216,7,Atta_7,1919.5,2154.0,48.6,48.2,7.1,,,,
90.216,8,Atta_8,1978.8,1436.2,338.6,-43.4,1.9,,,,
90.216,9,Atta_9,3403.7,2121.1,338.5,50.2,-2.3,,,,
90.216,10,Atta_10,2162.0,2063.3,8.1,-47.4,-2.9,,,,
90.282,1,Atta_1,2785.7,1785.4,334.4,-34.0,2.0,,,,
90.282,2,Atta_2,1989.3,578.2,6.2,-25.5,3.7,,,,
90.282,3,Atta_3,1959.6,352.5,14.1,-26.3,1.9,,,,
90.282,4,Atta_4,2269.6,541.7,354.5,21.3,-6.0,,,,
90.282,5,Atta_5,2033.7,1134.2,334.1,66.2,-8.9,,,,
90.282,7,Atta_7,1954.1,2173.1,49.5,39.5,0.9,,,,
90.282,8,Atta_8,2002.5,1453.3,335.9,29.2,-2.7,,,,
90.282,9,Atta_9,3444.8,2154.1,337.5,52.7,-1.0,,,,
90.282,10,Atta_10,2263.3,2054.3,6.6,101.7,-1.5,,,,
90.35,2,Atta_2,2022.7,516.8,7.6,69.9,1.4,,,,
90.35,3,Atta_3,2039.5,366.7,10.4,81.2,-3.7,,,,
90.35,4,Atta_4,2276.2,537.4,3.0,7.9,8.5,,,,
90.35,5,Atta_5,1969.3,1151.4,339.1,-66.7,5.0,,,,
90.35,6,Atta_6,2737.7,1602.6,193.3,-48.3,-4.4,,,,
90.35,7,Atta_7,1924.9,2163.0,49.3,-30.9,-0.2,,,,
90.35,8,Atta_8,2038.1,1402.4,338.8,62.1,2.9,,,,
90.35,9,Atta_9,3432.8,2105.3,343.3,50.3,5.8,,,,
90.35,10,Atta_10,2218.7,2050.3,10.3,-44.8,3.7,,,,
90.417,1,Atta_1,2834.9,1746.1,335.1,63.0,0.7,,,,
90.417,2,Atta_2,2007.6,627.2,4.6,-111.4,-3.0,,,,
90.417,3,Atta_3,2045.6,368.4,12.3,6.3,1.9,,,,
90.417,4,Atta_4,2288.2,537.3,1.4,12.0,-1.6,,,,
90.417,5,Atta_5,1981.4,1162.3,336.6,16.3,-2.5,,,,
90.417,6,Atta_6,2727.8,1564.7,188.7,39.2,-4.6,,,,
90.417,7,Atta_7,1887.1,2220.2,44.0,68.6,-5.3,,,,
90.417,8,Atta_8,2012.0,1376.1,337.4,-37.1,-1.4,,,,
90.417,9,Atta_9,3407.1,2118.9,339.8,-29.1,-3.5,,,,
90.417,10,Atta_10,2250.1,2075.1,5.8,40.0,-4.5,,,,
90.483,1,Atta_1,2777.3,1764.8,333.4,-60.6,-1.7,,,,
90.483,2,Atta_2,1998.4,562.3,4.6,-65.5,0.0,,,,
90.483,3,Atta_3,2014.4,360.3,12.2,-32.2,-0.1,,,,
90.483,4,Atta_4,2333.9,563.5,356.9,52.7,-4.5,,,,
90.483,5,Atta_5,1998.2,1147.2,338.5,22.6,1.9,,,,
90.483,6,Atta_6,2745.2,1585.8,181.3,-27.3,-7.4,,,,
90.483,7,Atta_7,1899.5,2189.0,48.7,-33.6,4.7,,,,
90.483,8,Atta_8,2048.4,1351.4,335.9,44.0,-1.5,,,,
90.483,9,Atta_9,3315.0,2181.3,341.5,-111.2,1.7,,,,
90.483,10,Atta_10,2238.7,2046.2,7.1,-31.1,1.3,,,,
90.549,1,Atta_1,2780.7,1723.8,336.3,41.1,2.9,,,,
90.549,2,Atta_2,1964.4,546.1,7.8,-37.7,3.2,,,,
90.549,3,Atta_3,2045.1,333.3,14.2,40.9,2.0,,,,
90.549,4,Atta_4,2285.9,538.0,359.4,-54.4,2.5,,,,
90.549,5,Atta_5,1938.3,1173.5,334.3,-65.4,-4.2,,,,
90.549,6,Atta_6,2769.0,1540.8,175.5,-50.9,-5.8,,,,
90.549,7,Atta_7,1953.3,2171.6,46.6,56.5,-2.1,,,,
90.549,8,Atta_8,2071.0,1385.9,335.6,41.2,-0.3,,,,
90.549,9,Atta_9,3398.4,2086.2,335.5,126.5,-6.0,,,,
90.549,10,Atta_10,2338.0,2116.3,5.8,121.6,-1.3,,,,
90.617,1,Atta_1,2775.7,1795.1,333.8,-71.5,-2.5,,,,
90.617,2,Atta_2,1997.8,544.7,7.4,33.4,-0.4,,,,
90.617,3,Atta_3,2042.2,372.0,14.3,38.8,0.1,,,,
90.617,4,Atta_4,2283.4,520.9,357.7,-17.3,-1.7,,,,
90.617,5,Atta_5,1941.1,1191.2,338.0,-17.9,3.7,,,,
90.617,6,Atta_6,2754.4,1544.4,172.5,15.0,-3.0,,,,
90.617,7,Atta_7,1922.9,2138.2,48.1,-45.2,1.5,,,,
90.617,8,Atta_8,2059.4,1375.3,341.7,-15.7,6.1,,,,
90.617,9,Atta_9,3460.0,2117.3,339.3,69.0,3.8,,,,
90.617,10,Atta_10,2303.6,2059.2,9.8,-66.7,4.0,,,,
90.68,1,Atta_1,2766.6,1795.0,333.3,-9.1,-0.5,,,,
90.68,2,Atta_2,1968.5,568.1,6.8,-37.5,-0.6,,,,
90.68,3,Atta_3,2070.2,358.5,14.0,31.1,-0.3,,,,
90.68,4,Atta_4,2335.7,575.3,2.6,75.5,4.9,,,,
90.68,5,Atta_5,1948.8,1137.8,336.5,54.0,-1.5,,,,
90.68,6,Atta_6,2787.4,1542.4,167.9,-33.1,-4.6,,,,
90.68,7,Atta_7,1876.4,2175.8,47.1,-59.8,-1.0,,,,
90.68,8,Atta_8,2026.8,1378.6,341.5,-32.8,-0.2,,,,
90.68,9,Atta_9,3428.0,2119.0,341.0,-32.0,1.7,,,,
90.68,10,Atta_10,2295.2,2058.2,3.4,-8.5,-6.4,,,,
90.75,1,Atta_1,2810.3,1780.5,334.3,46.0,1.0,,,,
90.75,2,Atta_2,1976.4,588.8,6.6,22.2,-0.2,,,,
90.75,3,Atta_3,2069.5,366.3,11.2,7.8,-2.8,,,,
90.75,4,Atta_4,2360.6,525.7,357.6,55.5,-5.0,,,,
90.75,5,Atta_5,1899.8,1127.4,331.0,-50.1,-5.5,,,,
90.75,6,Atta_6,2782.3,1565.3,166.7,23.5,-1.2,,,,
90.75,7,Atta_7,1944.2,2162.8,46.4,69.0,-0.7,,,,
90.75,8,Atta_8,2050.4,1321.0,341.5,62.2,0.0,,,,
90.75,9,Atta_9,3425.4,2089.0,340.7,30.1,-0.3,,,,
90.75,10,Atta_10,2308.9,2033.9,7.5,27.9,4.1,,,,
90.818,1,Atta_1,2770.2,1756.9,333.8,-46.5,-0.5,,,,
90.818,2,Atta_2,2055.1,576.3,4.9,79.7,-1.7,,,,
90.818,3,Atta_3,2065.0,416.8,7.8,50.7,-3.4,,,,
90.818,4,Atta_4,2405.3,555.2,357.3,53.6,-0.3,,,,
90.818,5,Atta_5,1901.5,1158.4,324.5,-31.0,-6.5,,,,
90.818,6,Atta_6,2726.1,1553.0,164.4,57.5,-2.3,,,,
90.818,7,Atta_7,1949.2,2187.9,46.3,25.6,-0.1,,,,
90.818,8,Atta_8,2068.3,1379.3,339.6,-61.0,-1.9,,,,
90.818,9,Atta_9,3465.4,2040.0,341.0,63.3,0.3,,,,
90.818,10,Atta_10,2311.3,2104.1,4.5,70.2,-3.0,,,,
90.887,1,Atta_1,2807.2,1749.6,333.9,37.7,0.1,,,,
90.887,2,Atta_2,1975.2,572.5,11.7,-80.0,6.8,,,,
90.887,3,Atta_3,2106.2,359.3,15.4,70.7,7.6,,,,
90.887,4,Atta_4,2376.7,535.6,357.7,-34.7,0.4,,,,
90.887,5,Atta_5,1895.6,1154.9,322.0,-6.9,-2.5,,,,
90.887,6,Atta_6,2743.6,1532.8,165.0,-26.7,0.6,,,,
90.887,7,Atta_7,1943.0,2200.8,45.1,14.3,-1.2,,,,
90.887,8,Atta_8,2057.3,1355.1,345.5,-26.6,5.9,,,,
90.887,9,Atta_9,3479.9,2087.5,336.9,-49.7,-4.1,,,,
90.887,10,Atta_10,2332.7,2077.6,5.1,34.1,0.6,,,,
90.956,1,Atta_1,2769.7,1761.5,335.9,-39.3,2.0,,,,
90.956,2,Atta_2,1901.9,528.5,359.8,-85.5,-11.9,,,,
90.956,3,Atta_3,2100.0,390.7,12.3,32.0,-3.1,,,,
90.956,4,Atta_4,2384.7,545.0,1.0,12.3,3.3,,,,
90.956,5,Atta_5,1919.4,1141.9,316.9,27.1,-5.1,,,,
90.956,6,Atta_6,2755.4,1555.0,162.1,-25.1,-2.9,,,,
90.956,7,Atta_7,1975.4,2231.1,47.6,44.4,2.5,,,,
90.956,8,Atta_8,2070.6,1413.9,342.4,-60.3,-3.1,,,,
90.956,9,Atta_9,3501.7,2108.1,337.6,30.0,0.7,,,,
90.956,10,Atta_10,2307.2,2036.2,7.0,-48.6,1.9,,,,
91.023,1,Atta_1,2771.3,1777.5,331.9,-16.1,-4.0,,,,
91.023,2,Atta_2,1914.7,584.0,355.3,57.0,-4.5,,,,
91.023,3,Atta_3,2055.0,354.2,16.2,-57.9,3.9,,,,
91.023,4,Atta_4,2437.3,550.9,356.2,52.9,-4.8,,,,
91.023,5,Atta_5,1906.4,1136.4,308.9,-14.1,-8.0,,,,
91.023,6,Atta_6,2766.8,1540.3,169.4,-18.6,7.3,,,,
91.023,7,Atta_7,1968.7,2160.4,50.0,-71.0,2.4,,,,
91.023,8,Atta_8,2029.1,1398.8,340.6,-44.2,-1.8,,,,
91.023,9,Atta_9,3451.6,2102.0,341.2,-50.5,3.6,,,,
91.023,10,Atta_10,2334.3,2071.9,5.9,44.8,-1.1,,,,
91.091,1,Atta_1,2797.3,1778.2,331.8,26.0,-0.1,,,,
91.091,2,Atta_2,1951.0,586.5,348.8,36.4,-6.5,,,,
91.091,3,Atta_3,2154.0,403.8,14.5,110.7,-1.7,,,,
91.091,4,Atta_4,2381.2,572.4,359.1,-60.1,2.9,,,,
91.091,5,Atta_5,1884.6,1177.3,307.1,-46.3,-1.8,,,,
91.091,6,Atta_6,2748.0,1583.6,163.2,47.2,-6.2,,,,
91.091,7,Atta_7,1985.5,2220.5,48.8,62.4,-1.2,,,,
91.091,8,Atta_8,2090.6,1427.0,336.5,67.7,-4.1,,,,
91.091,9,Atta_9,3497.1,2076.8,336.3,52.0,-4.9,,,,
91.091,10,Atta_10,2328.0,2088.0,7.5,-17.3,1.6,,,,
91.16,1,Atta_1,2762.2,1774.7,331.6,-35.3,-0.2,,,,
91.16,2,Atta_2,1909.1,528.1,351.0,-71.9,2.2,,,,
91.16,3,Atta_3,2117.5,361.5,14.3,-55.9,-0.2,,,,
91.16,4,Atta_4,2425.2,554.4,358.8,47.5,-0.3,,,,
91.16,5,Atta_5,1956.4,1164.6,304.3,72.9,-2.8,,,,
91.16,6,Atta_6,2682.9,1563.0,166.4,68.3,3.2,,,,
91.16,7,Atta_7,1968.8,2240.5,43.6,26.1,-5.2,,,,
91.16,8,Atta_8,2055.3,1378.4,341.5,-60.1,5.0,,,,
91.16,9,Atta_9,3439.9,2042.2,337.3,-66.9,1.0,,,,
91.16,10,Atta_10,2346.0,2097.6,9.5,20.4,2.0,,,,
91.285,1,Atta_1,2744.9,1791.4,332.9,-24.0,1.3,,,,
91.285,2,Atta_2,1962.4,624.4,346.7,110.1,-4.3,,,,
91.285,3,Atta_3,2177.9,335.7,16.3,65.7,2.0,,,,
91.285,4,Atta_4,2425.1,530.9,358.7,23.5,-0.1,,,,
91.285,5,Atta_5,1892.9,1138.6,299.9,-68.6,-4.4,,,,
91.285,6,Atta_6,2717.9,1537.9,166.1,-43.1,-0.3,,,,
91.285,7,Atta_7,1946.0,2204.2,53.2,-42.9,9.6,,,,
91.285,8,Atta_8,2099.3,1410.7,339.1,54.6,-2.4,,,,
91.285,9,Atta_9,3497.2,2133.3,336.7,107.6,-0.6,,,,
91.285,10,Atta_10,2354.7,2084.1,6.9,16.1,-2.6,,,,
91.336,1,Atta_1,2738.3,1719.9,333.7,71.8,0.8,,,,
91.336,2,Atta_2,1946.0,585.9,339.7,-41.8,-7.0,,,,
91.336,3,Atta_3,2184.1,387.9,14.5,52.6,-1.8,,,,
91.336,4,Atta_4,2426.8,555.1,0.2,24.3,1.5,,,,
91.336,5,Atta_5,1922.8,1174.5,295.1,-46.7,-4.8,,,,
91.336,6,Atta_6,2704.4,1510.6,170.7,30.5,4.6,,,,
91.336,7,Atta_7,2002.0,2261.1,47.7,79.8,-5.5,,,,
91.336,8,Atta_8,2083.5,1333.8,342.0,78.5,2.9,,,,
91.336,9,Atta_9,3469.5,2133.8,341.3,-27.7,4.6,,,,
91.336,10,Atta_10,2358.2,2060.6,7.4,23.8,0.5,,,,
91.405,1,Atta_1,2765.7,1746.5,333.0,38.2,-0.7,,,,
91.405,2,Atta_2,1922.7,540.4,333.5,-51.1,-6.2,,,,
91.405,3,Atta_3,2182.8,379.8,12.1,-8.2,-2.4,,,,
91.405,4,Atta_4,2448.5,486.0,359.2,72.4,-1.0,,,,
91.405,5,Atta_5,1919.3,1152.1,287.9,22.7,-7.2,,,,
91.405,6,Atta_6,2730.4,1566.0,167.4,-61.2,-3.3,,,,
91.405,7,Atta_7,2070.1,2253.0,44.7,68.6,-3.0,,,,
91.405,8,Atta_8,2089.8,1373.8,343.6,-40.5,1.6,,,,
91.405,9,Atta_9,3468.2,2088.5,339.6,45.3,-1.7,,,,
91.405,10,Atta_10,2356.4,2065.9,8.2,-5.6,0.8,,,,
91.473,1,Atta_1,2770.9,1713.4,332.7,33.5,-0.3,,,,
91.473,2,Atta_2,1905.0,556.6,326.9,-24.0,-6.6,,,,
91.473,3,Atta_3,2120.8,388.5,11.9,-62.6,-0.2,,,,
91.473,4,Atta_4,2437.2,557.4,354.8,-72.3,-4.4,,,,
91.473,5,Atta_5,1906.1,1127.7,281.9,27.7,-6.0,,,,
91.473,6,Atta_6,2716.6,1606.7,168.9,43.0,1.5,,,,
91.473,7,Atta_7,1983.9,2246.4,39.9,-86.5,-4.8,,,,
91.473,8,Atta_8,2110.3,1392.1,344.9,27.5,1.3,,,,
91.473,9,Atta_9,3483.1,2190.0,338.9,-102.6,-0.7,,,,
91.473,10,Atta_10,2387.9,2081.5,8.6,35.2,0.4,,,,
91.528,1,Atta_1,2813.2,1805.5,335.0,-101.3,2.3,,,,
91.528,2,Atta_2,1958.1,513.9,323.6,68.1,-3.3,,,,
91.528,3,Atta_3,2241.7,363.1,17.7,123.5,5.8,,,,
91.528,4,Atta_4,2460.6,557.9,356.1,23.4,1.3,,,,
91.528,5,Atta_5,1885.5,1120.5,280.4,21.8,-1.5,,,,
91.528,6,Atta_6,2634.3,1563.4,168.9,93.0,0.0,,,,
91.528,7,Atta_7,1979.5,2238.8,32.3,-8.8,-7.6,,,,
91.528,8,Atta_8,2112.8,1361.3,341.2,30.9,-3.7,,,,
91.528,9,Atta_9,3492.1,2074.4,340.3,115.9,1.4,,,,
91.528,10,Atta_10,2425.0,2098.2,6.9,40.7,-1.7,,,,
91.598,1,Atta_1,2780.3,1782.1,332.4,-40.4,-2.6,,,,
91.598,2,Atta_2,1947.5,556.4,321.1,-43.8,-2.5,,,,
91.598,3,Atta_3,2175.2,386.1,12.7,-70.4,-5.0,,,,
91.598,4,Atta_4,2483.6,477.1,357.1,84.0,1.0,,,,
91.598,5,Atta_5,1867.5,1235.4,281.3,-116.3,0.9,,,,
91.598,6,Atta_6,2639.4,1598.7,168.3,35.7,-0.6,,,,
91.598,7,Atta_7,1993.8,2263.5,26.3,28.5,-6.0,,,,
91.598,8,Atta_8,2181.9,1372.2,341.0,70.0,-0.2,,,,
91.598,9,Atta_9,3494.9,2147.7,341.7,-73.4,1.4,,,,
91.598,10,Atta_10,2472.6,2087.6,4.4,48.8,-2.5,,,,
91.664,1,Atta_1,2763.6,1780.9,329.7,-16.7,-2.7,,,,
91.664,2,Atta_2,1945.6,563.5,316.6,-7.3,-4.5,,,,
91.664,3,Atta_3,2193.7,397.4,9.4,21.7,-3.3,,,,
91.664,4,Atta_4,2463.2,528.6,358.8,-55.4,1.7,,,,
91.664,5,Atta_5,1915.1,1154.1,283.5,94.2,2.2,,,,
91.664,6,Atta_6,2667.2,1630.3,163.4,-42.1,-4.9,,,,
91.664,7,Atta_7,1983.9,2247.9,23.9,-18.5,-2.4,,,,
91.664,8,Atta_8,2091.7,1407.1,343.4,-96.7,2.4,,,,
91.664,9,Atta_9,3470.8,2086.0,338.4,-66.2,-3.3,,,,
91.664,10,Atta_10,2476.8,2051.6,7.1,36.2,2.7,,,,
91.73,1,Atta_1,2807.3,1728.4,333.4,68.3,3.7,,,,
91.73,2,Atta_2,1955.9,586.5,315.4,-25.2,-1.2,,,,
91.73,3,Atta_3,2193.5,373.9,7.8,-23.5,-1.6,,,,
91.73,4,Atta_4,2501.6,543.0,1.6,41.0,2.8,,,,
91.73,5,Atta_5,1927.4,1183.8,279.5,-32.1,-4.0,,,,
91.73,6,Atta_6,2669.9,1597.1,168.4,-33.3,5.0,,,,
91.73,7,Atta_7,1982.6,2255.8,20.5,8.0,-3.4,,,,
91.73,8,Atta_8,2126.0,1379.3,338.1,44.2,-5.3,,,,
91.73,9,Atta_9,3394.1,2063.9,339.8,-79.8,1.4,,,,
91.73,10,Atta_10,2466.4,2069.8,3.1,-21.0,-4.0,,,,
91.796,1,Atta_1,2798.7,1746.8,328.4,-20.3,-5.0,,,,
91.796,2,Atta_2,1919.0,608.6,308.3,-43.0,-7.1,,,,
91.796,3,Atta_3,2222.6,438.4,15.0,70.8,7.2,,,,
91.796,4,Atta_4,2458.0,578.7,356.6,-56.4,-5.0,,,,
91.796,5,Atta_5,1895.1,1172.3,279.6,34.3,0.1,,,,
91.796,6,Atta_6,2626.7,1572.2,170.9,49.9,2.5,,,,
91.796,7,Atta_7,1939.9,2258.0,19.6,-42.8,-0.9,,,,
91.796,8,Atta_8,2176.1,1321.7,338.1,76.3,0.0,,,,
91.796,9,Atta_9,3502.2,2125.8,338.0,124.6,-1.8,,,,
91.796,10,Atta_10,2440.5,2104.9,6.3,-43.6,3.2,,,,
91.933,1,Atta_1,2762.2,1768.9,333.5,-42.7,5.1,,,,
91.933,2,Atta_2,1958.1,572.5,311.4,53.2,3.1,,,,
91.933,3,Atta_3,2307.7,345.1,11.2,126.3,-3.8,,,,
91.933,4,Atta_4,2543.2,531.8,1.1,97.3,4.5,,,,
91.933,5,Atta_5,1925.7,1157.1,276.1,34.2,-3.5,,,,
91.933,6,Atta_6,2589.3,1605.0,175.0,49.7,4.1,,,,
91.933,7,Atta_7,1958.6,2264.7,8.3,19.9,-11.3,,,,
91.933,8,Atta_8,2149.1,1383.1,342.5,-67.1,4.4,,,,
91.933,9,Atta_9,3484.0,2130.9,338.5,-18.9,0.5,,,,
91.933,10,Atta_10,2497.7,2088.7,7.1,59.4,0.8,,,,
92.002,1,Atta_1,2763.5,1812.1,335.4,-43.2,1.9,,,,
92.002,2,Atta_2,1947.7,545.0,311.2,29.4,-0.2,,,,
92.002,3,Atta_3,2248.7,370.7,14.5,-64.3,3.3,,,,
92.002,4,Atta_4,2545.1,501.0,357.6,30.9,-3.5,,,,
92.002,5,Atta_5,1923.8,1118.7,282.3,38.4,6.2,,,,
92.002,6,Atta_6,2672.0,1586.9,179.5,-84.7,4.5,,,,
92.002,7,Atta_7,1951.5,2253.1,3.3,-13.6,-5.0,,,,
92.002,8,Atta_8,2243.3,1378.6,343.3,94.3,0.8,,,,
92.002,9,Atta_9,3457.0,2053.4,335.3,82.1,-3.2,,,,
92.002,10,Atta_10,2483.7,2133.1,6.4,-46.6,-0.7,,,,
92.072,1,Atta_1,2755.6,1739.1,330.7,73.4,-4.7,,,,
92.072,2,Atta_2,1973.9,559.9,308.9,30.1,-2.3,,,,
92.072,3,Atta_3,2240.8,500.4,13.0,129.9,-1.5,,,,
92.072,4,Atta_4,2531.3,510.3,358.7,-16.6,1.1,,,,
92.072,5,Atta_5,1941.4,1093.2,279.7,31.0,-2.6,,,,
92.072,6,Atta_6,2698.2,1634.3,187.7,-54.2,8.2,,,,
92.072,7,Atta_7,2082.7,2220.5,357.3,135.2,-6.0,,,,
92.072,8,Atta_8,2192.6,1253.3,336.8,-135.2,-6.5,,,,
92.072,9,Atta_9,3527.0,2124.3,338.3,99.6,3.0,,,,
92.072,10,Atta_10,2501.4,2023.8,7.7,110.7,1.3,,,,
92.138,1,Atta_1,2766.4,1770.9,335.0,-33.6,4.3,,,,
92.138,2,Atta_2,1962.7,584.3,310.6,-26.8,1.7,,,,
92.138,3,Atta_3,2247.1,412.2,12.4,-88.4,-0.6,,,,
92.138,4,Atta_4,2566.8,502.5,359.5,36.3,0.8,,,,
92.138,5,Atta_5,1965.5,1132.0,280.0,-45.7,0.3,,,,
92.138,6,Atta_6,2634.4,1648.9,185.9,65.4,-1.8,,,,
92.138,7,Atta_7,1962.0,2263.8,353.6,-128.2,-3.7,,,,
92.138,8,Atta_8,2265.8,1326.7,344.4,103.7,7.6,,,,
92.138,9,Atta_9,3454.0,2098.5,339.0,-77.4,0.7,,,,
92.138,10,Atta_10,2508.3,2111.3,5.9,87.8,-1.8,,,,
92.205,1,Atta_1,2803.4,1700.5,329.1,79.5,-5.9,,,,
92.205,2,Atta_2,1947.3,602.0,311.5,-23.5,0.9,,,,
92.205,3,Atta_3,2252.9,424.8,11.5,13.9,-0.9,,,,
92.205,4,Atta_4,2568.5,508.4,359.0,6.1,-0.5,,,,
92.205,5,Atta_5,2012.5,1098.8,273.8,57.5,-6.2,,,,
92.205,6,Atta_6,2618.5,1588.8,192.3,62.2,6.4,,,,
92.205,7,Atta_7,1993.0,2277.4,356.2,33.9,2.6,,,,
92.205,8,Atta_8,2234.2,1364.4,343.2,-49.2,-1.2,,,,
92.205,9,Atta_9,3446.6,2117.4,337.8,-20.3,-1.2,,,,
92.205,10,Atta_10,2590.8,2029.5,3.9,116.2,-2.0,,,,
92.274,1,Atta_1,2829.8,1728.8,329.2,38.7,0.1,,,,
92.274,2,Atta_2,2033.3,552.1,310.0,99.4,-1.5,,,,
92.274,3,Atta_3,2329.6,394.4,12.2,82.5,0.7,,,,
92.274,4,Atta_4,2630.1,532.1,2.5,66.0,3.5,,,,
92.274,5,Atta_5,1918.6,1052.3,280.3,104.8,6.5,,,,
92.274,6,Atta_6,2625.6,1661.9,192.0,-73.4,-0.3,,,,
92.274,7,Atta_7,1970.0,2207.9,358.1,-73.2,1.9,,,,
92.274,8,Atta_8,2236.8,1288.5,341.4,75.9,-1.8,,,,
92.274,9,Atta_9,3423.7,2148.7,339.8,-38.8,2.0,,,,
92.274,10,Atta_10,2514.1,2108.2,5.1,-109.9,1.2,,,,
92.341,1,Atta_1,2829.5,1768.0,334.7,-39.2,5.5,,,,
92.341,2,Atta_2,1964.7,523.1,306.7,-74.5,-3.3,,,,
92.341,3,Atta_3,2324.8,338.6,10.3,-56.0,-1.9,,,,
92.341,4,Atta_4,2619.6,500.2,356.7,-33.6,-5.8,,,,
92.341,5,Atta_5,1960.0,1100.0,281.8,-63.2,1.5,,,,
92.341,6,Atta_6,2627.7,1607.1,199.3,54.8,7.3,,,,
92.341,7,Atta_7,2031.1,2282.6,351.1,96.5,-7.0,,,,
92.341,8,Atta_8,2239.8,1331.1,343.2,-42.7,1.8,,,,
92.341,9,Atta_9,3451.6,2040.5,337.6,111.7,-2.2,,,,
92.341,10,Atta_10,2555.5,2146.4,7.0,56.3,1.9,,,,
92.478,1,Atta_1,2795.1,1748.5,329.1,-39.5,-5.6,,,,
92.478,2,Atta_2,1932.6,508.4,305.4,-35.3,-1.3,,,,
92.478,3,Atta_3,2325.2,424.2,14.8,85.6,4.5,,,,
92.478,4,Atta_4,2650.6,582.3,358.8,87.8,2.1,,,,
92.478,5,Atta_5,1893.2,1072.9,280.9,72.1,-0.9,,,,
92.478,6,Atta_6,2643.8,1577.1,210.1,-34.0,10.8,,,,
92.478,7,Atta_7,2015.8,2224.2,350.4,-60.4,-0.7,,,,
92.478,8,Atta_8,2299.0,1316.3,339.5,61.0,-3.7,,,,
92.478,9,Atta_9,3482.1,2078.9,340.4,49.0,2.8,,,,
92.478,10,Atta_10,2555.9,2108.8,6.5,-37.6,-0.5,,,,
92.547,1,Atta_1,2825.6,1799.2,333.1,59.2,4.0,,,,
92.547,2,Atta_2,1988.6,518.9,310.4,57.0,5.0,,,,
92.547,3,Atta_3,2309.6,418.3,16.1,-16.7,1.3,,,,
92.547,4,Atta_4,2617.5,475.8,359.3,-111.5,0.5,,,,
92.547,5,Atta_5,1936.9,1047.6,281.5,50.5,0.6,,,,
92.547,6,Atta_6,2634.4,1581.9,218.1,10.6,8.0,,,,
92.547,7,Atta_7,1981.1,2247.2,357.7,-41.6,7.3,,,,
92.547,8,Atta_8,2294.1,1343.3,342.3,-27.4,2.8,,,,
92.547,10,Atta_10,2632.6,2086.8,10.0,79.8,3.5,,,,
92.614,1,Atta_1,2796.9,1753.6,333.1,-53.9,0.0,,,,
92.614,2,Atta_2,1973.9,543.6,308.2,-28.7,-2.2,,,,
92.614,3,Atta_3,2404.3,423.6,15.1,94.8,-1.0,,,,
92.614,4,Atta_4,2629.7,510.2,357.2,36.5,-2.1,,,,
92.614,5,Atta_5,1956.9,1061.2,275.7,-24.2,-5.8,,,,
92.614,6,Atta_6,2610.4,1640.3,220.7,-63.1,2.6,,,,
92.614,7,Atta_7,2010.5,2236.7,356.3,31.2,-1.4,,,,
92.614,8,Atta_8,2278.5,1328.7,342.1,-21.4,-0.2,,,,
92.614,9,Atta_9,3434.8,2051.2,335.4,-54.8,-5.0,,,,
92.614,10,Atta_10,2628.4,2156.8,5.6,70.1,-4.4,,,,
92.683,1,Atta_1,2767.3,1711.0,333.6,-51.9,0.5,,,,
92.683,2,Atta_2,1998.1,491.8,307.6,57.2,-0.6,,,,
92.683,3,Atta_3,2352.1,475.7,16.3,-73.8,1.2,,,,
92.683,4,Atta_4,2639.5,522.9,357.8,16.0,0.6,,,,
92.683,5,Atta_5,1958.1,1052.0,283.2,9.3,7.5,,,,
92.683,6,Atta_6,2619.5,1577.4,220.3,63.6,-0.4,,,,
92.683,7,Atta_7,2037.5,2198.2,357.9,47.0,1.6,,,,
92.683,8,Atta_8,2348.6,1327.6,340.4,70.1,-1.7,,,,
92.683,9,Atta_9,3412.8,2088.9,340.1,-43.6,4.7,,,,
92.683,10,Atta_10,2587.1,2092.0,2.0,-76.8,-3.6,,,,
92.752,1,Atta_1,2826.4,1729.9,330.3,62.0,-3.3,,,,
92.752,2,Atta_2,2055.6,437.3,311.7,79.2,4.1,,,,
92.752,3,Atta_3,2402.6,451.6,11.2,56.0,-5.1,,,,
92.752,4,Atta_4,2687.0,497.9,355.9,53.7,-1.9,,,,
92.752,5,Atta_5,1943.4,1025.9,286.8,30.0,3.6,,,,
92.752,6,Atta_6,2662.3,1648.2,226.8,-82.7,6.5,,,,
92.752,7,Atta_7,2017.7,2211.4,359.3,-23.8,1.4,,,,
92.752,8,Atta_8,2321.1,1285.4,335.2,-50.4,-5.2,,,,
92.752,9,Atta_9,3544.6,2064.2,337.0,134.1,-3.1,,,,
92.752,10,Atta_10,2616.4,2155.4,4.6,69.8,2.6,,,,
92.819,1,Atta_1,2810.9,1785.3,337.1,-57.5,6.8,,,,
92.819,2,Atta_2,2020.3,462.4,306.8,-43.3,-4.9,,,,
92.819,3,Atta_3,2377.2,465.7,17.4,-29.1,6.2,,,,
92.819,4,Atta_4,2620.7,486.7,358.1,-67.2,2.2,,,,
92.819,5,Atta_5,1903.8,982.0,292.9,59.1,6.1,,,,
92.819,6,Atta_6,2592.7,1626.5,232.6,72.9,5.8,,,,
92.819,7,Atta_7,1990.0,2232.7,356.4,-34.9,-2.9,,,,
92.819,8,Atta_8,2318.4,1310.5,336.4,-25.2,1.2,,,,
92.819,9,Atta_9,3490.7,2078.9,343.6,-55.9,6.6,,,,
92.819,10,Atta_10,2631.5,2125.4,8.9,33.6,4.3,,,,
92.873,1,Atta_1,2802.3,1755.4,334.0,31.1,-3.1,,,,
92.873,2,Atta_2,2043.4,474.6,310.9,26.1,4.1,,,,
92.873,3,Atta_3,2473.7,423.1,11.0,105.5,-6.4,,,,
92.873,4,Atta_4,2708.2,513.9,358.8,91.6,0.7,,,,
92.873,5,Atta_5,1941.5,1040.3,295.9,-69.4,3.0,,,,
92.873,6,Atta_6,2617.2,1570.2,235.0,61.4,2.4,,,,
92.873,7,Atta_7,1958.2,2272.1,357.4,-50.6,1.0,,,,
92.873,8,Atta_8,2313.1,1284.3,341.2,26.7,4.8,,,,
92.873,9,Atta_9,3476.3,2151.5,339.5,-74.0,-4.1,,,,
92.873,10,Atta_10,2640.0,2097.0,4.9,29.6,-4.0,,,,
93.014,1,Atta_1,2813.7,1740.5,335.2,18.8,1.2,,,,
93.014,2,Atta_2,2043.2,472.9,317.8,1.7,6.9,,,,
93.014,3,Atta_3,2357.6,406.7,13.9,-117.3,2.9,,,,
93.014,4,Atta_4,2704.0,492.2,357.0,-22.1,-1.8,,,,
93.014,5,Atta_5,1987.3,1049.0,298.7,46.6,2.8,,,,
93.014,6,Atta_6,2630.2,1627.5,243.9,-58.8,8.9,,,,
93.014,7,Atta_7,2004.4,2280.1,355.4,46.9,-2.0,,,,
93.014,8,Atta_8,2303.7,1324.2,339.9,-41.0,-1.3,,,,
93.014,9,Atta_9,3470.9,2124.2,340.3,27.8,0.8,,,,
93.014,10,Atta_10,2650.1,2107.9,6.5,14.9,1.6,,,,
93.083,1,Atta_1,2800.5,1770.8,333.3,-33.1,-1.9,,,,
93.083,2,Atta_2,2018.2,480.2,324.9,-26.0,7.1,,,,
93.083,3,Atta_3,2415.3,395.0,10.9,58.9,-3.0,,,,
93.083,4,Atta_4,2732.7,505.7,1.4,31.7,4.4,,,,
93.083,5,Atta_5,1958.9,1044.9,311.9,-28.7,13.2,,,,
93.083,6,Atta_6,2630.0,1620.0,251.2,7.5,7.3,,,,
93.083,7,Atta_7,1897.0,2241.6,356.4,-114.1,1.0,,,,
93.083,8,Atta_8,2360.6,1279.4,338.1,72.4,-1.8,,,,
93.083,9,Atta_9,3479.3,2114.9,338.0,12.5,-2.3,,,,
93.083,10,Atta_10,2681.7,2142.4,9.5,46.8,3.0,,,,
93.149,1,Atta_1,2807.3,1757.1,335.9,15.3,2.6,,,,
93.149,2,Atta_2,2033.3,467.0,329.3,20.1,4.4,,,,
93.149,3,Atta_3,2423.8,432.8,12.0,38.7,1.1,,,,
93.149,4,Atta_4,2689.3,528.3,359.1,-48.9,-2.3,,,,
93.149,5,Atta_5,1910.5,1046.6,318.9,-48.4,7.0,,,,
93.149,6,Atta_6,2682.0,1649.5,254.8,-59.8,3.6,,,,
93.149,7,Atta_7,1976.7,2228.1,354.3,80.8,-2.1,,,,
93.149,8,Atta_8,2418.5,1318.8,339.5,70.0,1.4,,,,
93.149,9,Atta_9,3466.9,2043.1,337.2,72.9,-0.8,,,,
93.149,10,Atta_10,2721.4,2070.6,9.0,82.0,-0.5,,,,
93.266,1,Atta_1,2799.8,1734.1,332.0,24.2,-3.9,,,,
93.266,2,Atta_2,2046.4,493.1,334.6,-29.2,5.3,,,,
93.266,3,Atta_3,2489.1,428.0,13.1,65.5,1.1,,,,
93.266,4,Atta_4,2758.1,563.4,356.4,77.2,-2.7,,,,
93.266,5,Atta_5,1978.3,1047.3,319.6,67.8,0.7,,,,
93.266,6,Atta_6,2635.7,1517.3,260.5,140.1,5.7,,,,
93.266,7,Atta_7,1908.0,2286.0,0.5,-89.8,6.2,,,,
93.266,8,Atta_8,2407.7,1328.8,340.2,-14.7,0.7,,,,
93.266,9,Atta_9,3495.5,2091.3,338.6,56.0,1.4,,,,
93.266,10,Atta_10,2730.1,2094.0,3.6,25.0,-5.4,,,,
93.335,1,Atta_1,2795.4,1734.4,333.9,-4.4,1.9,,,,
93.335,2,Atta_2,2016.5,529.2,338.0,-46.9,3.4,,,,
93.335,3,Atta_3,2530.3,400.0,9.9,49.8,-3.2,,,,
93.335,4,Atta_4,2774.3,528.1,355.8,38.8,-0.6,,,,
93.335,5,Atta_5,1917.4,1029.9,322.0,-63.3,2.4,,,,
93.335,6,Atta_6,2606.7,1602.0,269.3,-89.5,8.8,,,,
93.335,7,Atta_7,1929.0,2264.5,353.9,30.1,-6.6,,,,
93.335,8,Atta_8,2344.0,1297.3,340.5,-71.1,0.3,,,,
93.335,9,Atta_9,3512.8,2154.8,337.1,-65.8,-1.5,,,,
93.335,10,Atta_10,2717.2,2086.9,6.0,-14.7,2.4,,,,
93.403,1,Atta_1,2809.1,1766.6,333.1,-35.0,-0.8,,,,
93.403,2,Atta_2,2028.2,449.4,341.0,80.7,3.0,,,,
93.403,3,Atta_3,2470.2,479.4,15.1,-99.6,5.2,,,,
93.403,4,Atta_4,2769.1,570.9,359.8,-43.1,4.0,,,,
93.403,5,Atta_5,1929.2,1026.4,324.5,12.3,2.5,,,,
93.403,6,Atta_6,2615.3,1587.8,269.1,16.6,-0.2,,,,
93.403,7,Atta_7,1858.7,2201.0,354.2,-94.7,0.3,,,,
93.403,8,Atta_8,2467.2,1292.3,340.7,123.3,0.2,,,,
93.403,9,Atta_9,3466.6,2124.4,337.8,-55.3,0.7,,,,
93.403,10,Atta_10,2679.5,2096.8,3.9,-39.0,-2.1,,,,
93.472,1,Atta_1,2756.2,1763.3,332.1,-53.0,-1.0,,,,
93.472,2,Atta_2,2002.4,480.7,348.2,-40.6,7.2,,,,
93.472,3,Atta_3,2492.8,476.0,14.6,22.9,-0.5,,,,
93.472,4,Atta_4,2788.1,516.7,2.7,57.4,2.9,,,,
93.472,5,Atta_5,1968.1,1052.6,330.0,46.9,5.5,,,,
93.472,6,Atta_6,2663.1,1567.0,271.4,52.1,2.3,,,,
93.472,7,Atta_7,1917.8,2234.7,0.6,68.0,6.4,,,,
93.472,8,Atta_8,2454.2,1258.1,337.3,-36.6,-3.4,,,,
93.472,9,Atta_9,3500.3,2061.4,336.7,71.4,-1.1,,,,
93.472,10,Atta_10,2688.8,2120.9,7.4,25.8,3.5,,,,
93.541,1,Atta_1,2821.9,1781.3,333.2,68.1,1.1,,,,
93.541,2,Atta_2,2046.7,505.7,354.0,50.9,5.8,,,,
93.541,3,Atta_3,2509.0,495.9,12.6,25.7,-2.0,,,,
93.541,4,Atta_4,2809.8,544.5,359.3,35.3,-3.4,,,,
93.541,5,Atta_5,1859.7,1087.2,336.8,-113.8,6.8,,,,
93.541,6,Atta_6,2636.1,1547.7,277.5,33.2,6.1,,,,
93.541,7,Atta_7,1864.6,2204.2,355.1,-61.3,-5.5,,,,
93.541,8,Atta_8,2411.1,1284.7,341.5,-50.6,4.2,,,,
93.541,9,Atta_9,3521.0,2063.2,337.7,20.8,1.0,,,,
93.541,10,Atta_10,2709.6,2172.1,8.1,55.3,0.7,,,,
93.592,1,Atta_1,2754.0,1796.0,330.6,-69.5,-2.6,,,,
93.592,2,Atta_2,2010.2,472.1,357.4,-49.6,3.4,,,,
93.592,3,Atta_3,2490.7,467.4,10.6,-33.9,-2.0,,,,
93.592,4,Atta_4,2774.5,536.8,359.1,-36.1,-0.2,,,,
93.592,5,Atta_5,1932.3,1034.3,343.2,89.8,6.4,,,,
93.592,6,Atta_6,2641.4,1553.6,284.3,-7.9,6.8,,,,
93.592,7,Atta_7,1903.3,2211.0,354.3,39.3,-0.8,,,,
93.592,8,Atta_8,2441.0,1197.2,341.6,92.5,0.1,,,,
93.592,9,Atta_9,3500.7,2100.7,340.0,-42.6,2.3,,,,
93.592,10,Atta_10,2762.0,2125.7,7.4,70.0,-0.7,,,,
93.662,1,Atta_1,2770.9,1724.3,335.7,73.7,5.1,,,,
93.662,2,Atta_2,2017.4,432.6,0.2,40.2,2.8,,,,
93.662,3,Atta_3,2513.9,481.8,8.0,27.3,-2.6,,,,
93.662,4,Atta_4,2806.4,539.9,358.0,32.1,-1.1,,,,
93.662,5,Atta_5,1946.8,1057.9,339.2,27.7,-4.0,,,,
93.662,6,Atta_6,2666.5,1593.4,285.0,-47.1,0.7,,,,
93.662,7,Atta_7,1878.9,2266.4,346.8,-60.5,-7.5,,,,
93.662,8,Atta_8,2389.5,1211.2,340.8,-53.4,-0.8,,,,
93.662,9,Atta_9,3525.1,2096.2,338.4,24.8,-1.6,,,,
93.662,10,Atta_10,2796.7,2102.7,7.1,41.6,-0.3,,,,
93.732,1,Atta_1,2782.3,1805.8,334.2,-82.3,-1.5,,,,
93.732,2,Atta_2,2043.1,479.9,5.8,53.8,5.6,,,,
93.732,3,Atta_3,2418.3,481.8,6.2,-95.6,-1.8,,,,
93.732,4,Atta_4,2887.7,569.9,0.0,86.7,2.0,,,,
93.732,5,Atta_5,1914.3,1081.6,344.4,-40.2,5.2,,,,
93.732,6,Atta_6,2681.7,1606.7,290.4,-20.2,5.4,,,,
93.732,7,Atta_7,1911.1,2240.6,339.4,41.3,-7.4,,,,
93.732,8,Atta_8,2471.8,1258.5,341.9,94.9,1.1,,,,
93.732,9,Atta_9,3441.3,2183.6,338.2,-121.1,-0.2,,,,
93.732,10,Atta_10,2830.3,2124.0,7.4,39.8,0.3,,,,
93.786,1,Atta_1,2800.2,1739.1,333.7,69.1,-0.5,,,,
93.786,2,Atta_2,2016.3,464.9,9.8,-30.7,4.0,,,,
93.786,3,Atta_3,2517.2,466.0,9.7,100.2,3.5,,,,
93.786,4,Atta_4,2782.9,491.1,357.7,-131.1,-2.3,,,,
93.786,5,Atta_5,1969.3,1054.6,344.7,61.3,0.3,,,,
93.786,6,Atta_6,2639.7,1608.2,291.0,-42.0,0.6,,,,
93.786,7,Atta_7,1913.0,2231.1,337.8,9.7,-1.6,,,,
93.786,8,Atta_8,2504.3,1260.1,339.1,32.5,-2.8,,,,
93.786,9,Atta_9,3472.7,2074.6,335.6,113.4,-2.6,,,,
93.786,10,Atta_10,2815.4,2135.0,6.3,-18.5,-1.1,,,,
93.856,1,Atta_1,2801.1,1788.7,335.7,-49.6,2.0,,,,
93.856,2,Atta_2,1978.7,484.7,7.9,-42.5,-1.9,,,,
93.856,3,Atta_3,2506.1,487.8,7.7,-24.5,-2.0,,,,
93.856,4,Atta_4,2865.5,463.3,359.7,87.2,2.0,,,,
93.856,5,Atta_5,1966.8,1040.3,344.1,14.5,-0.6,,,,
93.856,6,Atta_6,2662.0,1572.7,292.8,41.9,1.8,,,,
93.856,7,Atta_7,1907.6,2259.0,332.7,-28.4,-5.1,,,,
93.856,8,Atta_8,2537.3,1290.9,341.0,45.1,1.9,,,,
93.856,9,Atta_9,3486.8,2099.0,339.9,28.2,4.3,,,,
93.856,10,Atta_10,2800.4,2141.6,8.5,-16.4,2.2,,,,
93.924,1,Atta_1,2804.4,1788.0,330.1,3.4,-5.6,,,,
93.924,2,Atta_2,1990.3,507.9,13.2,25.9,5.3,,,,
93.924,3,Atta_3,2476.0,466.3,7.9,-37.0,0.2,,,,
93.924,4,Atta_4,2903.9,530.4,0.3,77.3,0.6,,,,
93.924,5,Atta_5,1928.8,1020.3,344.9,-42.9,0.8,,,,
93.924,6,Atta_6,2639.9,1575.4,292.2,-22.3,-0.6,,,,
93.924,7,Atta_7,1859.4,2255.5,329.4,-48.3,-3.3,,,,
93.924,8,Atta_8,2559.7,1229.7,339.1,65.2,-1.9,,,,
93.924,9,Atta_9,3481.0,2090.9,340.8,-10.0,0.9,,,,
93.924,10,Atta_10,2820.3,2135.5,10.4,20.8,1.9,,,,
93.992,1,Atta_1,2791.6,1758.7,331.8,32.0,1.7,,,,
93.992,2,Atta_2,1955.2,497.1,7.8,-36.7,-5.4,,,,
93.992,3,Atta_3,2577.8,516.7,8.9,113.6,1.0,,,,
93.992,4,Atta_4,2867.8,518.8,357.4,-37.9,-2.9,,,,
93.992,5,Atta_5,1948.7,1101.3,347.0,-83.4,2.1,,,,
93.992,6,Atta_6,2636.8,1639.1,293.6,-63.8,1.4,,,,
93.992,7,Atta_7,1880.2,2250.9,327.9,21.3,-1.5,,,,
93.992,8,Atta_8,2549.4,1237.3,343.6,-12.8,4.5,,,,
93.992,9,Atta_9,3522.0,2062.8,336.5,49.7,-4.3,,,,
93.992,10,Atta_10,2840.8,2160.9,6.5,32.6,-3.9,,,,
94.045,1,Atta_1,2806.4,1796.3,333.3,-40.4,1.5,,,,
94.045,2,Atta_2,1997.8,497.0,9.4,42.6,1.6,,,,
94.045,3,Atta_3,2526.5,442.8,10.7,-90.0,1.8,,,,
94.045,4,Atta_4,2899.8,546.0,359.5,42.0,2.1,,,,
94.045,5,Atta_5,1964.0,1085.4,347.6,22.1,0.6,,,,
94.045,6,Atta_6,2626.6,1612.4,296.2,28.6,2.6,,,,
94.045,7,Atta_7,1876.6,2225.2,321.3,26.0,-6.6,,,,
94.045,8,Atta_8,2554.3,1252.7,344.7,16.2,1.1,,,,
94.045,9,Atta_9,3483.7,2082.7,338.7,-43.2,2.2,,,,
94.045,10,Atta_10,2881.1,2135.8,6.4,47.5,-0.1,,,,
94.116,1,Atta_1,2787.3,1786.7,333.0,-21.4,-0.3,,,,
94.116,2,Atta_2,2041.0,478.7,11.4,46.9,2.0,,,,
94.116,3,Atta_3,2545.3,443.2,11.4,18.8,0.7,,,,
94.116,4,Atta_4,2874.4,531.8,358.3,-29.1,-1.2,,,,
94.116,5,Atta_5,1914.6,1038.9,343.6,-67.8,-4.0,,,,
94.116,6,Atta_6,2651.7,1541.3,290.7,75.4,-5.5,,,,
94.116,7,Atta_7,1874.4,2245.2,316.5,-20.1,-4.8,,,,
94.116,8,Atta_8,2510.7,1252.4,343.9,-43.6,-0.8,,,,
94.116,9,Atta_9,3457.1,2089.2,341.5,-27.4,2.8,,,,
94.116,10,Atta_10,2836.5,2142.1,4.1,-45.0,-2.3,,,,
94.185,1,Atta_1,2773.5,1724.1,333.2,64.1,0.2,,,,
94.185,2,Atta_2,2007.4,479.6,7.4,-33.6,-4.0,,,,
94.185,3,Atta_3,2556.7,459.3,10.0,19.7,-1.4,,,,
94.185,4,Atta_4,2897.2,559.7,4.2,36.0,5.9,,,,
94.185,5,Atta_5,2008.9,1001.3,343.5,101.5,-0.1,,,,
94.185,6,Atta_6,2653.1,1570.5,290.9,-29.2,0.2,,,,
94.185,7,Atta_7,1880.1,2263.6,314.0,-19.3,-2.5,,,,
94.185,8,Atta_8,2491.3,1305.6,350.0,-56.6,6.1,,,,
94.185,9,Atta_9,3470.3,2092.3,338.1,13.6,-3.4,,,,
94.185,10,Atta_10,2891.0,2139.7,3.9,54.6,-0.2,,,,
94.252,1,Atta_1,2830.9,1800.4,332.5,95.5,-0.7,,,,
94.252,2,Atta_2,2029.5,478.1,9.7,22.2,2.3,,,,
94.252,3,Atta_3,2560.6,455.1,8.6,5.7,-1.4,,,,
94.252,4,Atta_4,2902.5,523.4,4.4,36.7,0.2,,,,
94.252,5,Atta_5,1952.5,1008.3,344.9,-56.8,1.4,,,,
94.252,6,Atta_6,2688.2,1504.3,292.1,74.9,1.2,,,,
94.252,7,Atta_7,1848.2,2312.4,304.7,-58.3,-9.3,,,,
94.252,8,Atta_8,2528.1,1268.3,354.9,52.4,4.9,,,,
94.252,9,Atta_9,3467.2,2097.7,341.8,-6.2,3.7,,,,
94.252,10,Atta_10,2920.1,2113.9,6.5,38.9,2.6,,,,
94.318,1,Atta_1,2798.0,1731.8,334.9,76.1,2.4,,,,
94.318,2,Atta_2,2045.0,471.9,8.5,16.7,-1.2,,,,
94.318,3,Atta_3,2668.5,491.9,10.3,114.0,1.7,,,,
94.318,4,Atta_4,2879.8,525.8,357.1,-22.8,-7.3,,,,
94.318,5,Atta_5,1965.6,1028.6,346.0,24.2,1.1,,,,
94.318,6,Atta_6,2624.9,1589.1,290.1,-105.8,-2.0,,,,
94.318,7,Atta_7,1857.4,2289.4,302.4,24.8,-2.3,,,,
94.318,8,Atta_8,2577.3,1229.0,359.3,63.0,4.4,,,,
94.318,9,Atta_9,3457.1,2074.7,335.4,-25.1,-6.4,,,,
94.318,10,Atta_10,2867.6,2161.3,7.0,-70.7,0.5,,,,
94.452,1,Atta_1,2811.8,1695.5,335.9,38.8,1.0,,,,
94.452,2,Atta_2,2022.8,494.2,5.4,-31.5,-3.1,,,,
94.452,3,Atta_3,2602.5,483.2,12.5,-66.6,2.2,,,,
94.452,4,Atta_4,2938.6,511.4,0.8,60.5,3.7,,,,
94.452,5,Atta_5,2016.9,1010.4,344.9,54.4,-1.1,,,,
94.452,6,Atta_6,2672.0,1496.8,290.7,103.6,0.6,,,,
94.452,7,Atta_7,1900.4,2215.8,294.9,85.2,-7.5,,,,
94.452,8,Atta_8,2529.9,1227.6,0.6,-47.4,1.3,,,,
94.452,9,Atta_9,3506.8,2055.3,337.0,53.4,1.6,,,,
94.452,10,Atta_10,2915.6,2162.9,6.1,48.0,-0.9,,,,
94.522,1,Atta_1,2803.9,1748.8,334.0,-53.9,-1.9,,,,
94.522,2,Atta_2,2083.0,464.5,7.3,67.1,1.9,,,,
94.522,3,Atta_3,2576.0,463.5,11.6,-33.0,-0.9,,,,
94.522,4,Atta_4,2981.0,541.1,357.6,51.8,-3.2,,,,
94.522,5,Atta_5,1956.3,1086.4,346.4,-97.2,1.5,,,,
94.522,6,Atta_6,2686.9,1481.6,294.0,21.3,3.3,,,,
94.522,7,Atta_7,1865.6,2250.9,292.0,-49.4,-2.9,,,,
94.522,8,Atta_8,2567.5,1189.2,359.9,53.7,-0.7,,,,
94.522,9,Atta_9,3490.5,2133.9,339.2,-80.3,2.2,,,,
94.522,10,Atta_10,2920.0,2130.1,11.7,33.1,5.6,,,,
94.589,1,Atta_1,2781.9,1768.7,332.2,-29.7,-1.8,,,,
94.589,2,Atta_2,2120.1,491.0,8.7,45.6,1.4,,,,
94.589,3,Atta_3,2625.8,489.8,9.4,56.3,-2.2,,,,
94.589,4,Atta_4,2964.1,490.6,1.6,-53.3,4.0,,,,
94.589,5,Atta_5,2053.0,1023.9,346.0,115.1,-0.4,,,,
94.589,6,Atta_6,2706.1,1490.0,292.8,21.0,-1.2,,,,
94.589,7,Atta_7,1971.4,2186.1,283.6,124.1,-8.4,,,,
94.589,8,Atta_8,2539.5,1246.6,354.3,-63.9,-5.6,,,,
94.589,9,Atta_9,3467.5,2127.2,339.9,-24.0,0.7,,,,
94.589,10,Atta_10,2889.3,2103.6,3.1,-40.6,-8.6,,,,
94.719,1,Atta_1,2791.2,1765.4,334.0,9.9,1.8,,,,
94.719,2,Atta_2,2075.1,483.9,11.8,-45.6,3.1,,,,
94.719,3,Atta_3,2607.7,448.1,10.0,-45.5,0.6,,,,
94.719,4,Atta_4,2948.5,528.5,358.7,-41.0,-2.9,,,,
94.719,5,Atta_5,2052.9,975.7,346.3,48.2,0.3,,,,
94.719,6,Atta_6,2682.3,1527.9,293.2,-44.8,0.4,,,,
94.719,7,Atta_7,1897.8,2260.7,282.8,-104.8,-0.8,,,,
94.719,8,Atta_8,2569.2,1219.0,354.4,40.5,0.1,,,,
94.719,9,Atta_9,3453.9,2075.4,337.3,53.6,-2.6,,,,
94.719,10,Atta_10,2922.6,2176.3,2.7,80.0,-0.4,,,,
94.788,1,Atta_1,2776.8,1742.5,332.7,-27.1,-1.3,,,,
94.788,2,Atta_2,2097.3,525.4,8.6,47.1,-3.2,,,,
94.788,3,Atta_3,2639.4,483.8,6.7,47.7,-3.3,,,,
94.788,4,Atta_4,2926.1,517.2,357.6,-25.1,-1.1,,,,
94.788,5,Atta_5,2099.4,1019.9,343.3,64.2,-3.0,,,,
94.788,6,Atta_6,2697.6,1465.1,292.3,64.6,-0.9,,,,
94.788,7,Atta_7,1863.7,2258.5,270.1,-34.2,-12.7,,,,
94.788,8,Atta_8,2585.9,1165.0,354.7,56.5,0.3,,,,
94.788,9,Atta_9,3462.1,2073.9,340.8,8.3,3.5,,,,
94.788,10,Atta_10,2946.9,2123.0,4.2,58.6,1.5,,,,
94.919,1,Atta_1,2767.0,1805.3,331.5,-63.6,-1.2,,,,
94.919,2,Atta_2,2113.2,528.1,7.7,16.1,-0.9,,,,
94.919,3,Atta_3,2607.6,433.2,8.8,-59.8,2.1,,,,
94.919,4,Atta_4,2977.2,492.5,356.1,56.8,-1.5,,,,
94.919,5,Atta_5,2141.0,1001.0,343.9,45.7,0.6,,,,
94.919,6,Atta_6,2672.6,1481.2,296.2,-29.7,3.9,,,,
94.919,7,Atta_7,1883.1,2230.6,266.7,34.0,-3.4,,,,
94.919,8,Atta_8,2543.9,1241.2,351.1,-87.0,-3.6,,,,
94.919,9,Atta_9,3457.1,2087.6,339.6,-14.6,-1.2,,,,
94.919,10,Atta_10,2991.4,2120.8,4.9,44.6,0.7,,,,
94.985,1,Atta_1,2802.9,1711.4,329.5,100.5,-2.0,,,,
94.985,2,Atta_2,2193.3,528.9,10.8,80.1,3.1,,,,
94.985,3,Atta_3,2696.5,468.8,11.4,95.8,2.6,,,,
94.985,4,Atta_4,3020.6,527.1,358.1,55.5,2.0,,,,
94.985,5,Atta_5,2103.0,1033.0,344.7,-49.7,0.8,,,,
94.985,6,Atta_6,2682.0,1457.7,292.6,25.3,-3.6,,,,
94.985,7,Atta_7,1909.2,2251.8,262.9,-33.6,-3.8,,,,
94.985,8,Atta_8,2570.7,1201.3,354.1,48.1,3.0,,,,
94.985,9,Atta_9,3497.2,2117.7,336.8,50.1,-2.8,,,,
94.985,10,Atta_10,2986.6,2215.3,3.1,94.6,-1.8,,,,
95.051,1,Atta_1,2816.9,1761.7,336.2,-52.2,6.7,,,,
95.051,2,Atta_2,2164.3,476.8,9.7,-59.6,-1.1,,,,
95.051,3,Atta_3,2671.3,501.9,6.3,-41.6,-5.1,,,,
95.051,4,Atta_4,3039.1,551.5,355.8,30.6,-2.3,,,,
95.051,5,Atta_5,2159.6,1002.6,343.4,64.2,-1.3,,,,
95.051,6,Atta_6,2672.2,1492.1,291.1,-35.8,-1.5,,,,
95.051,7,Atta_7,1859.6,2268.8,262.7,-52.4,-0.2,,,,
95.051,8,Atta_8,2589.0,1236.5,358.0,39.7,3.9,,,,
95.051,9,Atta_9,3510.7,2101.6,337.3,21.0,0.5,,,,
95.051,10,Atta_10,2977.4,2136.9,9.4,-78.9,6.3,,,,
95.117,1,Atta_1,2826.0,1779.5,330.3,20.0,-5.9,,,,
95.117,2,Atta_2,2101.9,473.0,11.1,-62.5,1.4,,,,
95.117,3,Atta_3,2685.3,503.9,8.4,14.1,2.1,,,,
95.117,4,Atta_4,3079.7,500.9,0.2,64.9,4.4,,,,
95.117,5,Atta_5,2153.4,991.2,343.9,-13.0,0.5,,,,
95.117,6,Atta_6,2662.9,1458.3,291.3,35.1,0.2,,,,
95.117,7,Atta_7,1882.4,2251.5,264.3,28.6,1.6,,,,
95.117,8,Atta_8,2602.5,1281.9,359.4,47.4,1.4,,,,
95.117,9,Atta_9,3454.5,2102.3,335.4,-56.2,-1.9,,,,
95.117,10,Atta_10,3006.6,2142.7,6.2,29.8,-3.2,,,,
95.186,1,Atta_1,2838.7,1781.2,330.6,12.8,0.3,,,,
95.186,2,Atta_2,2167.1,523.3,6.9,82.3,-4.2,,,,
95.186,3,Atta_3,2685.3,498.2,9.9,-5.7,1.5,,,,
95.186,4,Atta_4,3046.1,483.0,6.6,-38.1,6.4,,,,
95.186,5,Atta_5,2163.6,985.5,346.9,11.7,3.0,,,,
95.186,6,Atta_6,2682.1,1465.5,291.0,20.5,-0.3,,,,
95.186,7,Atta_7,1893.0,2271.8,260.9,-22.9,-3.4,,,,
95.186,8,Atta_8,2622.6,1209.0,357.9,75.6,-1.5,,,,
95.186,9,Atta_9,3444.1,2099.9,339.7,-10.7,4.3,,,,
95.186,10,Atta_10,3018.8,2184.2,7.8,43.3,1.6,,,,
95.255,1,Atta_1,2801.9,1714.8,333.5,75.9,2.9,,,,
95.255,2,Atta_2,2211.2,524.2,11.3,44.1,4.4,,,,
95.255,3,Atta_3,2672.8,544.2,9.6,-47.7,-0.3,,,,
95.255,4,Atta_4,3052.0,521.1,2.3,38.6,-4.3,,,,
95.255,5,Atta_5,2145.9,970.2,345.9,-23.4,-1.0,,,,
95.255,6,Atta_6,2677.2,1516.4,294.2,-51.1,3.2,,,,
95.255,7,Atta_7,1852.9,2253.8,260.0,44.0,-0.9,,,,
95.255,8,Atta_8,2605.9,1195.0,357.8,-21.8,-0.1,,,,
95.255,9,Atta_9,3546.9,2060.1,343.8,110.2,4.1,,,,
95.255,10,Atta_10,3062.1,2167.5,3.8,46.4,-4.0,,,,
95.321,1,Atta_1,2783.7,1763.4,332.7,-51.9,-0.8,,,,
95.321,2,Atta_2,2172.2,561.3,9.9,-53.8,-1.4,,,,
95.321,3,Atta_3,2718.5,507.8,6.5,58.4,-3.1,,,,
95.321,4,Atta_4,3020.1,510.1,2.5,-33.7,0.2,,,,
95.321,5,Atta_5,2158.2,982.6,344.9,17.5,-1.0,,,,
95.321,6,Atta_6,2709.0,1484.1,293.6,45.3,-0.6,,,,
95.321,7,Atta_7,1897.2,2218.7,259.8,56.5,-0.2,,,,
95.321,8,Atta_8,2684.4,1251.9,356.2,97.0,-1.6,,,,
95.321,9,Atta_9,3456.9,2050.1,343.9,-90.6,0.1,,,,
95.321,10,Atta_10,2994.4,2149.1,9.7,-70.2,5.9,,,,
95.39,1,Atta_1,2741.2,1762.6,332.8,-42.5,0.1,,,,
95.39,2,Atta_2,2254.6,539.1,10.3,85.3,0.4,,,,
95.39,3,Atta_3,2756.0,488.9,11.1,42.0,4.6,,,,
95.39,4,Atta_4,3002.7,511.4,0.2,-17.4,-2.3,,,,
95.39,5,Atta_5,2167.1,971.0,344.2,14.6,-0.7,,,,
95.39,6,Atta_6,2651.1,1498.3,292.9,-59.6,-0.7,,,,
95.39,7,Atta_7,1890.6,2258.9,263.9,-40.7,4.1,,,,
95.39,8,Atta_8,2634.7,1252.3,358.0,-49.7,1.8,,,,
95.39,9,Atta_9,3501.9,2052.4,335.5,45.1,-8.4,,,,
95.39,10,Atta_10,3065.3,2154.0,7.5,71.1,-2.2,,,,
95.459,1,Atta_1,2796.9,1783.2,333.5,59.4,0.7,,,,
95.459,2,Atta_2,2243.8,549.0,8.8,-14.7,-1.5,,,,
95.459,3,Atta_3,2768.4,462.5,9.8,29.2,-1.3,,,,
95.459,4,Atta_4,3050.9,503.6,2.4,48.8,2.2,,,,
95.459,5,Atta_5,2189.6,981.4,344.5,24.8,0.3,,,,
95.459,6,Atta_6,2599.9,1508.9,291.6,-52.3,-1.3,,,,
95.459,7,Atta_7,1919.5,2249.0,261.2,30.5,-2.7,,,,
95.459,8,Atta_8,2662.5,1224.7,356.0,39.2,-2.0,,,,
95.459,9,Atta_9,3515.3,2138.9,337.3,-87.5,1.8,,,,
95.459,10,Atta_10,3077.3,2178.9,7.9,27.6,0.4,,,,
95.528,1,Atta_1,2795.3,1769.1,334.7,14.2,1.2,,,,
95.528,2,Atta_2,2281.5,532.4,10.2,41.2,1.4,,,,
95.528,3,Atta_3,2713.0,473.1,7.5,-56.4,-2.3,,,,
95.528,4,Atta_4,3043.5,514.2,2.8,-12.9,0.4,,,,
95.528,5,Atta_5,2165.3,1011.9,342.0,-39.0,-2.5,,,,
95.528,6,Atta_6,2636.3,1447.4,291.9,71.5,0.3,,,,
95.528,7,Atta_7,1865.2,2242.4,262.7,54.7,1.5,,,,
95.528,8,Atta_8,2667.4,1233.6,357.0,10.2,1.0,,,,
95.528,9,Atta_9,3495.2,2042.6,339.6,98.4,2.3,,,,
95.528,10,Atta_10,3055.1,2142.7,12.3,-42.5,4.4,,,,
95.599,1,Atta_1,2778.7,1720.4,330.8,51.5,-3.9,,,,
95.599,2,Atta_2,2284.6,522.4,10.2,10.5,0.0,,,,
95.599,3,Atta_3,2762.3,468.8,8.1,49.5,0.6,,,,
95.599,4,Atta_4,3121.4,501.2,3.1,79.0,0.3,,,,
95.599,5,Atta_5,2141.1,1004.2,350.0,-25.4,8.0,,,,
95.599,6,Atta_6,2678.5,1502.8,288.9,-69.6,-3.0,,,,
95.599,7,Atta_7,1870.4,2229.8,264.5,13.6,1.8,,,,
95.599,8,Atta_8,2665.9,1217.4,356.0,-16.3,-1.0,,,,
95.599,9,Atta_9,3467.3,2144.1,338.6,-105.3,-1.0,,,,
95.599,10,Atta_10,3082.3,2138.3,11.9,27.6,-0.4,,,,
95.665,1,Atta_1,2812.0,1752.7,330.6,46.4,-0.2,,,,
95.665,2,Atta_2,2213.9,498.3,9.1,-74.7,-1.1,,,,
95.665,3,Atta_3,2824.0,447.6,8.4,65.2,0.3,,,,
95.665,4,Atta_4,3062.8,582.1,4.8,-99.9,1.7,,,,
95.665,5,Atta_5,2155.7,953.6,350.9,52.7,0.9,,,,
95.665,6,Atta_6,2620.1,1478.0,294.1,63.4,5.2,,,,
95.665,7,Atta_7,1869.6,2187.7,261.4,42.1,-3.1,,,,
95.665,8,Atta_8,2691.7,1252.6,355.1,43.6,-0.9,,,,
95.665,9,Atta_9,3476.9,2130.3,340.3,16.8,1.7,,,,
95.665,10,Atta_10,3043.8,2165.8,7.9,-47.3,-4.0,,,,
95.736,1,Atta_1,2828.6,1770.6,333.5,24.4,2.9,,,,
95.736,2,Atta_2,2251.5,547.7,12.6,62.1,3.5,,,,
95.736,3,Atta_3,2775.1,479.7,11.0,-58.5,2.6,,,,
95.736,4,Atta_4,3078.9,497.0,3.9,86.6,-0.9,,,,
95.736,5,Atta_5,2183.0,975.9,353.8,35.3,2.9,,,,
95.736,6,Atta_6,2655.7,1517.0,290.0,-52.8,-4.1,,,,
95.736,7,Atta_7,1899.1,2203.7,258.2,-33.6,-3.2,,,,
95.736,8,Atta_8,2652.6,1243.9,359.0,-40.1,3.9,,,,
95.736,9,Atta_9,3438.7,2100.8,339.7,-48.3,-0.6,,,,
95.736,10,Atta_10,3040.1,2169.2,9.2,-5.0,1.3,,,,
95.807,1,Atta_1,2812.4,1769.5,336.2,-16.2,2.7,,,,
95.807,2,Atta_2,2287.3,471.4,11.4,84.3,-1.2,,,,
95.807,3,Atta_3,2878.1,554.9,11.2,127.5,0.2,,,,
95.807,4,Atta_4,3168.4,498.3,3.8,89.5,-0.1,,,,
95.807,5,Atta_5,2187.9,962.6,355.5,14.2,1.7,,,,
95.807,6,Atta_6,2670.0,1523.6,291.9,-15.7,1.9,,,,
95.807,7,Atta_7,1871.8,2136.9,264.0,72.2,5.8,,,,
95.807,8,Atta_8,2706.6,1181.2,8.5,82.7,9.5,,,,
95.807,9,Atta_9,3481.9,2188.8,339.5,98.0,-0.2,,,,
95.807,10,Atta_10,3031.3,2149.8,11.0,-21.3,1.8,,,,
95.86,1,Atta_1,2792.3,1773.7,337.6,-20.5,1.4,,,,
95.86,2,Atta_2,2220.7,515.6,13.6,-79.9,2.2,,,,
95.86,3,Atta_3,2751.0,503.8,9.5,-137.0,-1.7,,,,
95.86,4,Atta_4,3105.7,482.5,4.1,-64.7,0.3,,,,
95.86,5,Atta_5,2143.8,974.3,353.0,-45.6,-2.5,,,,
95.86,6,Atta_6,2671.1,1529.1,293.6,-5.6,1.7,,,,
95.86,7,Atta_7,1897.4,2165.1,261.1,-38.1,-2.9,,,,
95.86,8,Atta_8,2677.6,1186.6,13.4,-29.5,4.9,,,,
95.86,9,Atta_9,3507.4,2064.7,336.5,126.7,-3.0,,,,
95.86,10,Atta_10,3093.0,2134.7,10.7,63.5,-0.3,,,,
95.996,1,Atta_1,2770.0,1782.9,331.3,-24.1,-6.3,,,,
95.996,2,Atta_2,2315.9,504.2,10.8,95.9,-2.8,,,,
95.996,3,Atta_3,2875.2,533.4,9.2,127.7,-0.3,,,,
95.996,4,Atta_4,3143.1,493.7,4.9,39.0,0.8,,,,
95.996,5,Atta_5,2245.2,966.9,352.1,101.7,-0.9,,,,
95.996,6,Atta_6,2619.4,1494.8,291.4,62.0,-2.2,,,,
95.996,7,Atta_7,1934.3,2150.8,265.0,39.6,3.9,,,,
95.996,8,Atta_8,2695.5,1309.3,18.4,124.0,5.0,,,,
95.996,9,Atta_9,3419.2,2116.4,338.4,-102.2,1.9,,,,
95.996,10,Atta_10,3081.9,2157.6,15.0,-25.4,4.3,,,,
96.065,1,Atta_1,2822.5,1723.1,333.6,79.6,2.3,,,,
96.065,2,Atta_2,2311.9,486.7,12.5,-18.0,1.7,,,,
96.065,3,Atta_3,2856.9,481.3,8.0,-55.2,-1.2,,,,
96.065,4,Atta_4,3127.4,534.4,0.7,-43.6,-4.2,,,,
96.065,5,Atta_5,2163.8,925.5,356.1,-91.3,4.0,,,,
96.065,6,Atta_6,2647.2,1453.1,292.2,50.1,0.8,,,,
96.065,7,Atta_7,1898.8,2187.5,261.7,-51.1,-3.3,,,,
96.065,8,Atta_8,2697.1,1254.5,17.7,-54.8,-0.7,,,,
96.065,9,Atta_9,3452.1,2096.8,336.4,38.3,-2.0,,,,
96.065,10,Atta_10,3103.2,2140.1,11.1,27.6,-3.9,,,,
96.133,1,Atta_1,2783.4,1751.3,336.4,-48.2,2.8,,,,
96.133,2,Atta_2,2275.9,519.6,11.4,-48.8,-1.1,,,,
96.133,3,Atta_3,2800.8,566.0,7.6,-101.6,-0.4,,,,
96.133,4,Atta_4,3207.5,491.3,0.3,91.0,-0.4,,,,
96.133,5,Atta_5,2204.6,1016.2,350.7,99.5,-5.4,,,,
96.133,6,Atta_6,2735.9,1512.6,289.8,-106.8,-2.4,,,,
96.133,7,Atta_7,1800.1,2123.2,260.9,117.8,-0.8,,,,
96.133,8,Atta_8,2659.3,1225.7,21.1,-47.5,3.4,,,,
96.133,9,Atta_9,3484.7,2073.8,340.4,39.9,4.0,,,,
96.133,10,Atta_10,3143.3,2185.5,10.7,60.6,-0.4,,,,
96.267,1,Atta_1,2779.7,1752.2,330.8,-3.8,-5.6,,,,
96.267,2,Atta_2,2289.7,511.8,12.0,15.9,0.6,,,,
96.267,3,Atta_3,2829.7,533.3,12.5,43.6,4.9,,,,
96.267,4,Atta_4,3200.4,491.2,1.9,-7.1,1.6,,,,
96.267,5,Atta_5,2208.7,949.2,353.7,67.1,3.0,,,,
96.267,6,Atta_6,2701.6,1516.9,292.1,-34.6,2.3,,,,
96.267,7,Atta_7,1814.9,2094.5,262.7,32.3,1.8,,,,
96.267,8,Atta_8,2715.6,1211.9,19.1,58.0,-2.0,,,,
96.267,9,Atta_9,3472.6,2119.4,338.3,-47.2,-2.1,,,,
96.267,10,Atta_10,3088.8,2146.2,9.5,-67.2,-1.2,,,,
96.334,1,Atta_1,2786.4,1803.1,331.0,-51.3,0.2,,,,
96.334,2,Atta_2,2225.8,557.5,9.9,-78.6,-2.1,,,,
96.334,3,Atta_3,2907.4,529.3,9.0,77.8,-3.5,,,,
96.334,4,Atta_4,3238.0,515.0,0.5,44.5,-1.4,,,,
96.334,5,Atta_5,2190.3,990.0,352.5,-44.8,-1.2,,,,
96.334,6,Atta_6,2691.6,1548.3,294.1,-33.0,2.0,,,,
96.334,7,Atta_7,1874.5,2094.4,260.6,-59.6,-2.1,,,,
96.334,8,Atta_8,2663.7,1287.9,16.2,-92.0,-2.9,,,,
96.334,9,Atta_9,3501.1,2056.9,338.1,68.7,-0.2,,,,
96.334,10,Atta_10,3154.9,2119.9,8.8,71.1,-0.7,,,,
96.401,1,Atta_1,2828.3,1761.6,332.7,59.0,1.7,,,,
96.401,2,Atta_2,2279.5,524.0,14.1,63.3,4.2,,,,
96.401,3,Atta_3,2859.3,511.5,6.3,-51.3,-2.7,,,,
96.401,4,Atta_4,3232.9,510.6,4.0,-6.7,3.5,,,,
96.401,5,Atta_5,2249.4,1050.2,350.7,84.4,-1.8,,,,
96.401,6,Atta_6,2704.0,1528.2,290.9,23.6,-3.2,,,,
96.401,7,Atta_7,1836.3,2097.4,261.8,38.3,1.2,,,,
96.401,8,Atta_8,2744.6,1220.3,16.3,105.4,0.1,,,,
96.401,9,Atta_9,3530.6,2078.5,338.8,36.6,0.7,,,,
96.401,10,Atta_10,3133.5,2123.3,12.5,-21.7,3.7,,,,
96.457,1,Atta_1,2818.4,1744.9,333.5,-19.4,0.8,,,,
96.457,2,Atta_2,2309.9,564.4,16.8,50.6,2.7,,,,
96.457,3,Atta_3,2909.8,552.2,7.8,64.9,1.5,,,,
96.457,4,Atta_4,3210.7,540.3,0.9,-37.1,-3.1,,,,
96.457,5,Atta_5,2247.8,960.1,353.2,90.1,2.5,,,,
96.457,6,Atta_6,2636.7,1498.0,287.8,73.8,-3.1,,,,
96.457,7,Atta_7,1913.1,2116.7,258.4,-79.2,-3.4,,,,
96.457,8,Atta_8,2748.8,1197.0,17.1,-23.7,0.8,,,,
96.457,9,Atta_9,3477.4,2123.6,337.4,-69.7,-1.4,,,,
96.457,10,Atta_10,3208.3,2222.7,8.5,124.4,-4.0,,,,
96.523,1,Atta_1,2764.1,1698.5,333.5,-71.4,0.0,,,,
96.523,2,Atta_2,2365.0,537.7,9.3,61.2,-7.5,,,,
96.523,3,Atta_3,2941.3,506.3,12.5,55.7,4.7,,,,
96.523,4,Atta_4,3227.4,518.2,1.2,27.7,0.3,,,,
96.523,5,Atta_5,2292.5,953.2,348.2,45.2,-5.0,,,,
96.523,6,Atta_6,2674.0,1493.9,290.1,37.5,2.3,,,,
96.523,7,Atta_7,1868.4,2044.6,263.8,84.8,5.4,,,,
96.523,8,Atta_8,2689.4,1208.7,19.2,-60.5,2.1,,,,
96.523,9,Atta_9,3484.9,2094.9,339.3,29.7,1.9,,,,
96.523,10,Atta_10,3166.0,2126.5,9.7,-105.1,1.2,,,,
96.588,1,Atta_1,2782.3,1771.7,332.8,-75.4,-0.7,,,,
96.588,2,Atta_2,2343.4,519.2,11.1,-28.4,1.8,,,,
96.588,3,Atta_3,2901.3,510.9,14.8,-40.3,2.3,,,,
96.588,4,Atta_4,3256.3,496.4,5.9,36.2,4.7,,,,
96.588,5,Atta_5,2273.6,887.7,353.2,-68.2,5.0,,,,
96.588,6,Atta_6,2682.5,1535.7,292.0,-42.7,1.9,,,,
96.588,7,Atta_7,1841.6,2054.0,260.6,-28.4,-3.2,,,,
96.588,8,Atta_8,2764.8,1202.9,14.2,75.6,-5.0,,,,
96.588,9,Atta_9,3455.4,2039.8,338.2,-62.5,-1.1,,,,
96.588,10,Atta_10,3185.5,2159.5,10.1,38.3,0.4,,,,
96.659,1,Atta_1,2752.3,1731.6,337.5,-50.1,4.7,,,,
96.659,2,Atta_2,2342.7,473.1,10.4,-46.1,-0.7,,,,
96.659,3,Atta_3,2901.9,532.3,12.5,21.4,-2.3,,,,
96.659,4,Atta_4,3260.9,576.3,5.9,80.0,0.0,,,,
96.659,5,Atta_5,2265.4,947.9,352.4,-60.8,-0.8,,,,
96.659,6,Atta_6,2712.8,1519.5,292.7,34.4,0.7,,,,
96.659,7,Atta_7,1825.7,2071.1,266.3,-23.3,5.7,,,,
96.659,8,Atta_8,2752.7,1255.2,19.4,53.7,5.2,,,,
96.659,9,Atta_9,3430.0,2048.5,333.3,-26.8,-4.9,,,,
96.659,10,Atta_10,3189.5,2221.4,12.0,62.0,1.9,,,,
96.722,1,Atta_1,2783.2,1738.7,333.3,31.7,-4.2,,,,
96.722,2,Atta_2,2383.2,553.7,12.1,90.2,1.7,,,,
96.722,3,Atta_3,2935.7,580.2,9.7,58.6,-2.8,,,,
96.722,4,Atta_4,3258.9,457.8,2.4,-118.5,-3.5,,,,
96.722,5,Atta_5,2312.0,953.2,352.2,46.9,-0.2,,,,
96.722,6,Atta_6,2589.2,1475.9,292.2,-131.1,-0.5,,,,
96.722,7,Atta_7,1825.0,2041.3,261.7,29.8,-4.6,,,,
96.722,8,Atta_8,2775.0,1192.2,19.5,66.8,0.1,,,,
96.722,9,Atta_9,3509.1,2172.2,336.2,146.8,2.9,,,,
96.722,10,Atta_10,3133.4,2116.6,12.5,-118.9,0.5,,,,
96.793,1,Atta_1,2827.7,1678.9,333.8,74.5,0.5,,,,
96.793,2,Atta_2,2396.8,542.1,13.3,17.9,1.2,,,,
96.793,3,Atta_3,2931.1,531.5,6.8,-48.9,-2.9,,,,
96.793,4,Atta_4,3235.1,499.5,5.9,-48.0,3.5,,,,
96.793,5,Atta_5,2362.2,923.9,350.0,58.1,-2.2,,,,
96.793,6,Atta_6,2686.8,1507.2,291.7,102.5,-0.5,,,,
96.793,7,Atta_7,1864.7,1995.6,261.0,60.5,-0.7,,,,
96.793,8,Atta_8,2752.8,1276.8,21.9,87.5,2.4,,,,
96.793,9,Atta_9,3458.9,2087.1,336.9,-98.8,0.7,,,,
96.793,10,Atta_10,3256.4,2195.2,7.2,146.0,-5.3,,,,
96.859,1,Atta_1,2786.6,1742.7,335.6,-75.9,1.8,,,,
96.859,2,Atta_2,2400.0,549.6,11.6,8.2,-1.7,,,,
96.859,3,Atta_3,2996.2,517.2,10.1,66.7,3.3,,,,
96.859,4,Atta_4,3254.1,515.0,359.9,24.5,-6.0,,,,
96.859,5,Atta_5,2369.4,1002.7,350.3,-79.1,0.3,,,,
96.859,6,Atta_6,2673.8,1552.0,290.7,-46.6,-1.0,,,,
96.859,7,Atta_7,1844.9,1989.7,263.5,20.7,2.5,,,,
96.859,8,Atta_8,2737.3,1231.3,29.9,-48.1,8.0,,,,
96.859,9,Atta_9,3477.5,2120.6,339.8,38.3,2.9,,,,
96.859,10,Atta_10,3183.7,2173.8,5.0,-75.8,-2.2,,,,
96.926,1,Atta_1,2813.0,1808.3,334.7,-70.7,-0.9,,,,
96.926,2,Atta_2,2434.4,528.1,12.9,40.6,1.3,,,,
96.926,3,Atta_3,3022.2,569.8,10.0,58.7,-0.1,,,,
96.926,4,Atta_4,3267.8,586.7,0.3,73.0,0.4,,,,
96.926,5,Atta_5,2320.6,966.5,353.9,-60.8,3.6,,,,
96.926,6,Atta_6,2649.6,1531.2,295.0,31.9,4.3,,,,
96.926,7,Atta_7,1916.5,1990.5,263.5,-71.6,0.0,,,,
96.926,8,Atta_8,2699.7,1298.2,34.2,76.7,4.3,,,,
96.926,9,Atta_9,3421.9,2107.5,340.3,-57.1,0.5,,,,
96.926,10,Atta_10,3151.8,2144.6,359.1,-43.2,-5.9,,,,
96.981,1,Atta_1,2760.0,1806.2,333.6,-53.0,-1.1,,,,
96.981,2,Atta_2,2417.1,518.5,13.3,-19.8,0.4,,,,
96.981,3,Atta_3,2993.6,518.6,11.4,-58.6,1.4,,,,
96.981,4,Atta_4,3313.1,583.8,8.5,45.4,8.2,,,,
96.981,5,Atta_5,2368.0,948.0,352.9,50.9,-1.0,,,,
96.981,6,Atta_6,2728.2,1513.9,291.5,80.5,-3.5,,,,
96.981,7,Atta_7,1841.9,1999.6,263.4,-75.2,-0.1,,,,
96.981,8,Atta_8,2736.9,1221.5,32.6,-85.2,-1.6,,,,
96.981,9,Atta_9,3474.6,2043.4,338.2,83.0,-2.1,,,,
96.981,10,Atta_10,3172.6,2114.2,358.2,36.8,-0.9,,,,
97.052,1,Atta_1,2793.8,1740.1,330.3,74.2,-3.3,,,,
97.052,2,Atta_2,2395.0,566.6,13.4,-52.9,0.1,,,,
97.052,3,Atta_3,3002.0,557.6,8.9,39.9,-2.5,,,,
97.052,4,Atta_4,3281.2,517.2,12.9,-73.8,4.4,,,,
97.052,5,Atta_5,2351.0,938.6,350.6,-19.4,-2.3,,,,
97.052,6,Atta_6,2653.3,1526.2,289.8,-75.9,-1.7,,,,
97.052,7,Atta_7,1854.3,2021.5,264.1,-25.2,0.7,,,,
97.052,8,Atta_8,2735.0,1205.2,42.6,-16.4,10.0,,,,
97.052,9,Atta_9,3513.5,2082.7,338.0,55.3,-0.2,,,,
97.052,10,Atta_10,3229.2,2245.9,350.2,143.3,-8.0,,,,
97.121,1,Atta_1,2814.9,1789.4,335.6,-53.6,5.3,,,,
97.121,2,Atta_2,2465.6,575.6,10.9,71.2,-2.5,,,,
97.121,3,Atta_3,2980.4,493.4,12.9,-67.7,4.0,,,,
97.121,4,Atta_4,3266.1,564.9,11.1,-50.0,-1.8,,,,
97.121,5,Atta_5,2410.7,973.2,354.0,69.0,3.4,,,,
97.121,6,Atta_6,2666.0,1499.4,290.2,29.7,0.4,,,,
97.121,7,Atta_7,1785.9,1971.6,265.2,84.7,1.1,,,,
97.121,8,Atta_8,2777.2,1242.7,45.3,56.5,2.7,,,,
97.121,9,Atta_9,3478.7,2100.0,341.0,-38.9,3.0,,,,
97.121,10,Atta_10,3206.3,2190.3,342.8,-60.1,-7.4,,,,
97.188,1,Atta_1,2778.4,1718.9,335.3,-79.4,-0.3,,,,
97.188,2,Atta_2,2412.7,528.6,12.5,-70.8,1.6,,,,
97.188,3,Atta_3,3005.3,541.8,9.3,54.4,-3.6,,,,
97.188,4,Atta_4,3309.9,526.2,11.2,58.4,0.1,,,,
97.188,5,Atta_5,2476.6,944.3,351.2,72.0,-2.8,,,,
97.188,6,Atta_6,2674.9,1498.8,290.8,8.9,0.6,,,,
97.188,7,Atta_7,1849.0,1915.4,270.4,84.5,5.2,,,,
97.188,8,Atta_8,2787.7,1242.2,48.8,10.5,3.5,,,,
97.188,9,Atta_9,3437.8,2084.6,339.2,-43.7,-1.8,,,,
97.188,10,Atta_10,3209.2,2205.5,341.5,-15.5,-1.3,,,,
97.251,1,Atta_1,2761.0,1752.9,332.0,-38.2,-3.3,,,,
97.251,2,Atta_2,2424.9,545.7,12.8,21.0,0.3,,,,
97.251,3,Atta_3,2984.9,529.6,11.3,-23.8,2.0,,,,
97.251,4,Atta_4,3313.6,485.9,11.2,-40.5,0.0,,,,
97.251,5,Atta_5,2386.4,961.8,351.8,-91.9,0.6,,,,
97.251,6,Atta_6,2675.1,1430.5,290.0,68.3,-0.8,,,,
97.251,7,Atta_7,1850.8,1991.0,274.3,-75.6,3.9,,,,
97.251,8,Atta_8,2754.9,1287.7,54.3,56.1,5.5,,,,
97.251,9,Atta_9,3531.5,2087.7,335.2,93.8,-4.0,,,,
97.251,10,Atta_10,3135.2,2173.3,337.1,-80.7,-4.4,,,,
97.368,1,Atta_1,2773.4,1768.0,332.4,19.5,0.4,,,,
97.368,2,Atta_2,2519.4,582.4,13.7,101.4,0.9,,,,
97.368,3,Atta_3,2970.5,498.1,9.2,-34.6,-2.1,,,,
97.368,4,Atta_4,3304.7,537.9,13.8,52.8,2.6,,,,
97.368,5,Atta_5,2414.3,938.5,351.0,36.3,-0.8,,,,
97.368,6,Atta_6,2623.6,1487.8,291.6,-77.0,1.6,,,,
97.368,7,Atta_7,1853.8,1948.9,282.1,42.2,7.8,,,,
97.368,8,Atta_8,2783.1,1241.1,67.8,-54.5,13.5,,,,
97.368,9,Atta_9,3492.3,2099.6,335.2,-41.0,0.0,,,,
97.368,10,Atta_10,3193.3,2152.3,326.5,61.8,-10.6,,,,
97.437,1,Atta_1,2807.2,1761.2,332.8,34.5,0.4,,,,
97.437,2,Atta_2,2541.7,570.7,11.0,25.2,-2.7,,,,
97.437,3,Atta_3,2977.3,546.5,11.8,48.9,2.6,,,,
97.437,4,Atta_4,3270.3,571.2,9.4,-47.9,-4.4,,,,
97.437,5,Atta_5,2409.2,925.9,351.3,-13.6,0.3,,,,
97.437,6,Atta_6,2669.6,1533.0,295.3,-64.5,3.7,,,,
97.437,7,Atta_7,1846.5,1960.8,287.7,-14.0,5.6,,,,
97.437,8,Atta_8,2780.1,1221.6,64.7,-19.7,-3.1,,,,
97.437,9,Atta_9,3470.2,2050.2,337.0,54.1,1.8,,,,
97.437,10,Atta_10,3227.4,2210.5,324.2,-67.5,-2.3,,,,
97.503,1,Atta_1,2775.4,1744.8,332.9,-35.8,0.1,,,,
97.503,2,Atta_2,2480.3,597.1,12.1,-66.8,1.1,,,,
97.503,3,Atta_3,3060.1,506.4,11.3,92.0,-0.5,,,,
97.503,4,Atta_4,3315.0,533.7,6.3,58.3,-3.1,,,,
97.503,5,Atta_5,2445.9,954.3,355.9,46.4,4.6,,,,
97.503,6,Atta_6,2662.3,1507.0,295.5,27.0,0.2,,,,
97.503,7,Atta_7,1837.3,1915.5,291.1,46.2,3.4,,,,
97.503,8,Atta_8,2743.9,1241.8,74.3,41.5,9.6,,,,
97.503,9,Atta_9,3498.1,2057.3,339.7,28.8,2.7,,,,
97.503,10,Atta_10,3217.7,2173.0,324.2,38.7,0.0,,,,
97.635,1,Atta_1,2799.8,1717.6,333.1,36.5,0.2,,,,
97.635,2,Atta_2,2497.7,573.9,10.5,29.0,-1.6,,,,
97.635,3,Atta_3,3082.1,592.6,10.6,89.0,-0.7,,,,
97.635,4,Atta_4,3249.4,537.8,10.5,-65.7,4.2,,,,
97.635,5,Atta_5,2462.9,978.9,356.2,29.9,0.3,,,,
97.635,6,Atta_6,2689.3,1455.6,293.0,58.1,-2.5,,,,
97.635,7,Atta_7,1794.4,1938.9,298.4,-48.9,7.3,,,,
97.635,8,Atta_8,2751.7,1254.5,83.1,14.9,8.8,,,,
97.635,9,Atta_9,3489.6,2087.5,335.2,-31.4,-4.5,,,,
97.635,10,Atta_10,3177.0,2189.9,310.1,-44.1,-14.1,,,,
97.704,1,Atta_1,2794.3,1768.7,331.8,-51.4,-1.3,,,,
97.704,2,Atta_2,2569.7,590.5,12.2,73.9,1.7,,,,
97.704,3,Atta_3,3019.5,560.1,14.0,-70.5,3.4,,,,
97.704,4,Atta_4,3371.1,524.6,11.2,122.4,0.7,,,,
97.704,5,Atta_5,2394.0,991.2,355.5,-70.0,-0.7,,,,
97.704,6,Atta_6,2596.3,1552.7,293.4,-134.5,0.4,,,,
97.704,7,Atta_7,1873.3,1965.8,307.5,83.4,9.1,,,,
97.704,8,Atta_8,2786.0,1273.7,84.9,39.3,1.8,,,,
97.704,9,Atta_9,3485.6,2109.5,335.6,-22.4,0.4,,,,
97.704,10,Atta_10,3233.9,2188.1,304.5,56.9,-5.6,,,,
97.821,1,Atta_1,2780.0,1755.4,331.9,-19.5,0.1,,,,
97.821,2,Atta_2,2503.3,595.8,10.4,-66.6,-1.8,,,,
97.821,3,Atta_3,3078.0,498.0,12.7,85.3,-1.3,,,,
97.821,4,Atta_4,3318.7,522.7,13.1,-52.4,1.9,,,,
97.821,5,Atta_5,2362.9,965.3,355.3,-40.5,-0.2,,,,
97.821,6,Atta_6,2616.6,1478.8,293.3,76.6,-0.1,,,,
97.821,7,Atta_7,1834.7,1950.3,305.4,-41.6,-2.1,,,,
97.821,8,Atta_8,2751.5,1271.9,92.9,-34.5,8.0,,,,
97.821,9,Atta_9,3462.1,2114.4,336.4,-24.0,0.8,,,,
97.821,10,Atta_10,3227.8,2181.5,300.5,9.0,-4.0,,,,
97.873,1,Atta_1,2754.7,1766.0,335.1,-27.4,3.2,,,,
97.873,2,Atta_2,2572.1,569.6,13.1,73.6,2.7,,,,
97.873,3,Atta_3,3104.2,541.9,12.1,51.1,-0.6,,,,
97.873,4,Atta_4,3344.6,545.9,13.2,34.8,0.1,,,,
97.873,5,Atta_5,2451.9,991.0,355.0,92.6,-0.3,,,,
97.873,6,Atta_6,2682.8,1474.7,291.4,66.3,-1.9,,,,
97.873,7,Atta_7,1863.7,1915.9,314.7,45.0,9.3,,,,
97.873,8,Atta_8,2726.5,1227.3,95.5,-51.1,2.6,,,,
97.873,9,Atta_9,3516.1,2060.5,339.4,76.3,3.0,,,,
97.873,10,Atta_10,3215.4,2174.7,299.6,-14.1,-0.9,,,,
97.949,1,Atta_1,2733.8,1742.5,335.3,-31.4,0.2,,,,
97.949,2,Atta_2,2553.4,606.1,8.9,-41.0,-4.2,,,,
97.949,3,Atta_3,3092.1,571.1,9.9,-31.6,-2.2,,,,
97.949,4,Atta_4,3427.3,592.4,9.7,94.9,-3.5,,,,
97.949,5,Atta_5,2434.3,927.9,355.5,-65.5,0.5,,,,
97.949,6,Atta_6,2697.1,1470.5,291.8,14.9,0.4,,,,
97.949,7,Atta_7,1906.1,1946.5,320.4,52.3,5.7,,,,
97.949,8,Atta_8,2778.6,1197.3,98.6,-60.1,3.1,,,,
97.949,9,Atta_9,3459.1,2138.0,337.3,-96.2,-2.1,,,,
97.949,10,Atta_10,3194.3,2209.7,293.2,-40.9,-6.4,,,,
98.005,1,Atta_1,2808.1,1793.0,335.5,89.8,0.2,,,,
98.005,2,Atta_2,2547.9,543.9,12.0,-62.4,3.1,,,,
98.005,3,Atta_3,3119.7,516.9,13.7,60.8,3.8,,,,
98.005,4,Atta_4,3388.9,549.6,10.6,-57.5,0.9,,,,
98.005,5,Atta_5,2490.9,909.0,356.5,59.7,1.0,,,,
98.005,6,Atta_6,2681.6,1539.6,291.7,-70.8,-0.1,,,,
98.005,7,Atta_7,1849.5,1945.2,324.0,-56.6,3.6,,,,
98.005,8,Atta_8,2756.8,1280.6,100.0,86.1,1.4,,,,
98.005,9,Atta_9,3570.5,2110.8,338.1,114.7,0.8,,,,
98.005,10,Atta_10,3196.3,2199.2,289.1,10.7,-4.1,,,,
98.071,1,Atta_1,2802.1,1752.6,326.7,40.8,-8.8,,,,
98.071,2,Atta_2,2567.7,611.5,7.7,70.4,-4.3,,,,
98.071,3,Atta_3,3137.3,568.1,11.2,54.1,-2.5,,,,
98.071,4,Atta_4,3437.8,576.7,11.2,55.9,0.6,,,,
98.071,5,Atta_5,2556.4,944.1,355.8,74.3,-0.7,,,,
98.071,6,Atta_6,2651.0,1515.1,294.2,39.2,2.5,,,,
98.071,7,Atta_7,1828.7,1925.0,326.4,-29.0,2.4,,,,
98.071,8,Atta_8,2722.2,1247.1,109.9,-48.2,9.9,,,,
98.071,9,Atta_9,3458.4,2106.2,337.0,-112.2,-1.1,,,,
98.071,10,Atta_10,3214.9,2216.7,283.4,-25.5,-5.7,,,,
98.14,1,Atta_1,2766.1,1744.0,332.0,-37.0,5.3,,,,
98.14,2,Atta_2,2632.6,577.8,9.3,73.1,1.6,,,,
98.14,3,Atta_3,3167.6,589.8,10.1,37.3,-1.1,,,,
98.14,4,Atta_4,3444.9,555.5,13.2,22.4,2.0,,,,
98.14,5,Atta_5,2507.5,912.6,356.8,-58.2,1.0,,,,
98.14,6,Atta_6,2689.5,1503.7,290.3,40.2,-3.9,,,,
98.14,7,Atta_7,1856.6,1970.5,331.2,-53.4,4.8,,,,
98.14,8,Atta_8,2713.7,1260.5,112.6,15.9,2.7,,,,
98.14,9,Atta_9,3500.3,2077.3,337.8,50.9,0.8,,,,
98.14,10,Atta_10,3206.3,2209.2,282.4,11.4,-1.0,,,,
98.207,1,Atta_1,2725.0,1771.1,330.4,-49.2,-1.6,,,,
98.207,2,Atta_2,2628.6,626.2,7.0,48.6,-2.3,,,,
98.207,3,Atta_3,3135.2,514.0,14.7,-82.4,4.6,,,,
98.207,4,Atta_4,3474.7,558.7,10.5,30.0,-2.7,,,,
98.207,5,Atta_5,2508.3,987.9,352.5,-75.3,-4.3,,,,
98.207,6,Atta_6,2712.7,1466.4,289.8,43.9,-0.5,,,,
98.207,7,Atta_7,1862.7,1921.3,335.6,49.6,4.4,,,,
98.207,8,Atta_8,2784.7,1233.9,117.0,-75.8,4.4,,,,
98.207,9,Atta_9,3470.3,2083.2,339.2,-30.6,1.4,,,,
98.207,10,Atta_10,3239.2,2177.8,272.6,45.5,-9.8,,,,
98.258,1,Atta_1,2783.2,1765.6,331.0,58.5,0.6,,,,
98.258,2,Atta_2,2622.6,579.7,9.1,-46.9,2.1,,,,
98.258,3,Atta_3,3135.3,561.9,13.5,47.9,-1.2,,,,
98.258,4,Atta_4,3450.6,573.1,11.4,-28.1,0.9,,,,
98.258,5,Atta_5,2469.0,968.7,359.0,-43.7,6.5,,,,
98.258,6,Atta_6,2626.0,1495.2,295.3,-91.4,5.5,,,,
98.258,7,Atta_7,1896.6,1930.3,340.8,35.1,5.2,,,,
98.258,8,Atta_8,2739.3,1247.0,123.6,47.3,6.6,,,,
98.258,9,Atta_9,3459.5,2129.6,340.1,-47.6,0.9,,,,
98.258,10,Atta_10,3155.8,2153.1,271.2,87.0,-1.4,,,,
98.327,1,Atta_1,2763.9,1733.9,337.0,-37.1,6.0,,,,
98.327,2,Atta_2,2709.9,586.7,13.8,87.6,4.7,,,,
98.327,3,Atta_3,3242.1,525.3,12.7,112.9,-0.8,,,,
98.327,4,Atta_4,3485.3,554.8,12.4,39.2,1.0,,,,
98.327,5,Atta_5,2452.4,895.2,353.6,-75.4,-5.4,,,,
98.327,6,Atta_6,2673.9,1459.8,293.5,59.6,-1.8,,,,
98.327,7,Atta_7,1854.7,1925.4,344.0,-42.2,3.2,,,,
98.327,8,Atta_8,2738.8,1275.1,125.7,28.1,2.1,,,,
98.327,9,Atta_9,3481.6,2115.3,337.0,26.3,-3.1,,,,
98.327,10,Atta_10,3218.6,2166.2,273.3,-64.2,2.1,,,,
98.398,1,Atta_1,2785.7,1734.8,335.7,21.8,-1.3,,,,
98.398,2,Atta_2,2692.2,631.9,9.1,-48.5,-4.7,,,,
98.398,3,Atta_3,3228.3,577.8,15.6,-54.3,2.9,,,,
98.398,4,Atta_4,3472.4,567.3,12.4,-18.0,0.0,,,,
98.398,5,Atta_5,2407.5,977.6,354.4,-93.8,0.8,,,,
98.398,6,Atta_6,2684.9,1462.8,295.0,11.4,1.5,,,,
98.398,7,Atta_7,1912.8,1983.0,349.6,81.8,5.6,,,,
98.398,8,Atta_8,2684.6,1203.6,132.5,-89.7,6.8,,,,
98.398,9,Atta_9,3474.4,2093.9,337.3,22.6,0.3,,,,
98.398,10,Atta_10,3195.3,2209.1,276.5,-48.8,3.2,,,,
98.46,1,Atta_1,2758.3,1752.9,334.5,-32.8,-1.2,,,,
98.46,2,Atta_2,2602.1,591.4,10.9,-98.8,1.8,,,,
98.46,3,Atta_3,3217.1,589.4,12.3,-16.1,-3.3,,,,
98.46,4,Atta_4,3493.5,513.2,8.8,58.1,-3.6,,,,
98.46,5,Atta_5,2410.3,986.4,357.5,9.2,3.1,,,,
98.46,6,Atta_6,2639.3,1506.9,289.8,-63.4,-5.2,,,,
98.46,7,Atta_7,1928.9,1939.8,349.8,46.1,0.2,,,,
98.46,8,Atta_8,2654.0,1229.1,132.6,39.8,0.1,,,,
98.46,9,Atta_9,3449.5,2075.8,340.4,-30.8,3.1,,,,
98.46,10,Atta_10,3200.7,2157.6,274.8,51.8,-1.7,,,,
98.578,1,Atta_1,2845.8,1737.9,331.1,88.8,-3.4,,,,
98.578,2,Atta_2,2720.6,601.1,13.2,118.9,2.3,,,,
98.578,3,Atta_3,3194.3,535.5,15.4,-58.5,3.1,,,,
98.578,4,Atta_4,3508.9,625.1,9.7,113.0,0.9,,,,
98.578,5,Atta_5,2473.8,956.7,349.8,70.1,-7.7,,,,
98.578,6,Atta_6,2705.3,1423.9,296.3,106.0,6.5,,,,
98.578,7,Atta_7,1833.0,1958.7,0.4,-97.7,10.6,,,,
98.578,8,Atta_8,2745.1,1210.5,135.5,-93.0,2.9,,,,
98.578,9,Atta_9,3486.1,2137.2,337.9,71.5,-2.5,,,,
98.578,10,Atta_10,3176.9,2182.1,276.8,-34.2,2.0,,,,
98.647,1,Atta_1,2789.6,1766.9,335.4,-63.2,4.3,,,,
98.647,2,Atta_2,2720.6,588.0,9.4,-13.1,-3.8,,,,
98.647,3,Atta_3,3186.6,564.4,19.4,29.9,4.0,,,,
98.647,4,Atta_4,3464.8,558.8,14.2,-79.6,4.5,,,,
98.647,5,Atta_5,2419.3,890.1,1.7,-86.1,11.9,,,,
98.647,6,Atta_6,2667.6,1489.5,293.0,-75.7,-3.3,,,,
98.647,7,Atta_7,1817.6,1968.6,357.8,-18.3,-2.6,,,,
98.647,8,Atta_8,2762.0,1212.5,130.6,-17.0,-4.9,,,,
98.647,9,Atta_9,3463.5,2078.1,340.1,63.3,2.2,,,,
98.647,10,Atta_10,3214.6,2179.1,277.8,37.8,1.0,,,,
98.769,1,Atta_1,2761.8,1762.0,335.4,-28.2,0.0,,,,
98.769,2,Atta_2,2739.1,572.8,7.7,23.9,-1.7,,,,
98.769,3,Atta_3,3204.5,608.7,17.1,47.8,-2.3,,,,
98.769,4,Atta_4,3487.2,480.6,16.2,81.3,2.0,,,,
98.769,5,Atta_5,2445.8,894.0,0.7,26.8,-1.0,,,,
98.769,6,Atta_6,2658.7,1509.6,294.1,-22.0,1.1,,,,
98.769,7,Atta_7,1851.0,1942.6,0.4,42.3,2.6,,,,
98.769,8,Atta_8,2728.8,1277.1,131.0,72.6,0.4,,,,
98.769,9,Atta_9,3505.0,2160.9,337.5,92.6,-2.6,,,,
98.769,10,Atta_10,3234.4,2168.7,274.6,22.4,-3.2,,,,
98.839,1,Atta_1,2790.1,1750.7,332.0,30.5,-3.4,,,,
98.839,2,Atta_2,2767.7,630.5,7.6,64.4,-0.1,,,,
98.839,3,Atta_3,3213.7,643.1,22.4,35.6,5.3,,,,
98.839,4,Atta_4,3544.7,601.9,14.9,134.2,-1.3,,,,
98.839,5,Atta_5,2392.9,923.8,10.8,-60.7,10.1,,,,
98.839,6,Atta_6,2674.4,1548.1,292.3,-41.6,-1.8,,,,
98.839,7,Atta_7,1836.4,1927.9,0.1,-20.7,-0.3,,,,
98.839,8,Atta_8,2760.4,1249.9,128.9,-41.7,-2.1,,,,
98.839,9,Atta_9,3523.9,2113.5,336.4,51.0,-1.1,,,,
98.839,10,Atta_10,3203.7,2186.1,277.4,-35.3,2.8,,,,
98.908,1,Atta_1,2750.0,1757.3,332.5,-40.6,0.5,,,,
98.908,2,Atta_2,2748.4,626.3,10.6,-19.8,3.0,,,,
98.908,3,Atta_3,3226.7,596.5,30.0,-48.4,7.6,,,,
98.908,4,Atta_4,3532.2,571.6,10.5,-32.8,-4.4,,,,
98.908,5,Atta_5,2417.4,969.6,15.4,51.9,4.6,,,,
98.908,6,Atta_6,2669.1,1490.0,293.2,58.3,0.9,,,,
98.908,7,Atta_7,1822.0,1945.8,1.9,-23.0,1.8,,,,
98.908,8,Atta_8,2773.6,1218.7,131.9,-33.9,3.0,,,,
98.908,9,Atta_9,3471.3,2102.2,337.6,-53.8,1.2,,,,
98.908,10,Atta_10,3194.6,2116.4,273.2,70.3,-4.2,,,,
98.978,1,Atta_1,2758.4,1689.7,335.2,68.1,2.7,,,,
98.978,2,Atta_2,2736.3,572.1,14.3,-55.5,3.7,,,,
98.978,3,Atta_3,3243.6,587.7,33.4,19.1,3.4,,,,
98.978,4,Atta_4,3562.5,574.3,12.4,30.4,1.9,,,,
98.978,5,Atta_5,2380.2,915.5,17.2,-65.7,1.8,,,,
98.978,6,Atta_6,2632.3,1476.1,293.7,-39.3,0.5,,,,
98.978,7,Atta_7,1871.2,1889.9,356.9,74.5,-5.0,,,,
98.978,8,Atta_8,2761.5,1305.9,130.2,88.0,-1.7,,,,
98.978,9,Atta_9,3490.8,2120.5,336.5,26.7,-1.1,,,,
98.978,10,Atta_10,3201.5,2133.9,278.2,-18.8,5.0,,,,
99.047,1,Atta_1,2849.4,1774.3,332.9,124.3,-2.3,,,,
99.047,2,Atta_2,2746.0,589.0,10.1,19.5,-4.2,,,,
99.047,3,Atta_3,3176.9,572.8,41.1,-68.3,7.7,,,,
99.047,4,Atta_4,3571.7,608.3,14.4,35.2,2.0,,,,
99.047,5,Atta_5,2456.8,931.9,27.4,78.3,10.2,,,,
99.047,6,Atta_6,2700.8,1472.1,295.1,68.6,1.4,,,,
99.047,7,Atta_7,1843.1,1968.7,360.0,-83.7,3.1,,,,
99.047,8,Atta_8,2763.3,1251.8,131.2,-54.1,1.0,,,,
99.047,9,Atta_9,3473.1,2088.0,336.7,-37.0,0.2,,,,
99.114,1,Atta_1,2764.1,1665.8,333.9,-138.0,1.0,,,,
99.114,2,Atta_2,2765.6,638.5,9.5,53.2,-0.6,,,,
99.114,3,Atta_3,3222.8,560.8,44.3,47.4,3.2,,,,
99.114,4,Atta_4,3502.1,539.3,24.1,-98.0,9.7,,,,
99.114,5,Atta_5,2421.2,947.8,26.4,-39.0,-1.0,,,,
99.114,6,Atta_6,2670.7,1477.8,293.9,-30.6,-1.2,,,,
99.114,7,Atta_7,1834.7,1953.9,1.0,-17.0,1.0,,,,
99.114,8,Atta_8,2720.7,1273.4,135.8,47.8,4.6,,,,
99.114,9,Atta_9,3499.0,2085.9,335.9,26.0,-0.8,,,,
99.114,10,Atta_10,3191.2,2077.5,272.3,57.3,-5.9,,,,
99.178,1,Atta_1,2790.4,1776.5,334.9,-113.8,1.0,,,,
99.178,2,Atta_2,2802.6,589.8,16.3,61.2,6.8,,,,
99.178,3,Atta_3,3196.0,584.7,52.0,-35.9,7.7,,,,
99.178,4,Atta_4,3494.9,564.6,27.0,26.3,2.9,,,,
99.178,5,Atta_5,2388.2,930.7,35.6,-37.2,9.2,,,,
99.178,6,Atta_6,2666.6,1469.5,290.5,9.3,-3.4,,,,
99.178,7,Atta_7,1897.4,1896.9,358.6,84.7,-2.4,,,,
99.178,8,Atta_8,2729.2,1245.9,138.8,-28.8,3.0,,,,
99.178,9,Atta_9,3487.8,2117.8,340.8,-33.8,4.9,,,,
99.178,10,Atta_10,3223.7,2101.4,274.0,-40.3,1.7,,,,
99.228,1,Atta_1,2747.4,1752.4,336.5,-49.3,1.6,,,,
99.228,2,Atta_2,2744.2,648.1,16.3,-82.5,0.0,,,,
99.228,3,Atta_3,3190.1,579.9,52.4,-7.6,0.4,,,,
99.228,4,Atta_4,3558.0,536.2,33.5,69.2,6.5,,,,
99.228,5,Atta_5,2427.5,982.9,39.5,65.3,3.9,,,,
99.228,6,Atta_6,2669.4,1536.2,294.6,-66.8,4.1,,,,
99.228,7,Atta_7,1882.1,1925.5,357.8,-32.4,-0.8,,,,
99.228,8,Atta_8,2786.9,1249.5,146.8,-57.8,8.0,,,,
99.228,9,Atta_9,3472.8,2148.2,339.1,-33.9,-1.7,,,,
99.228,10,Atta_10,3173.8,2083.8,273.3,52.9,-0.7,,,,
99.278,1,Atta_1,2784.5,1800.8,333.9,61.0,-2.6,,,,
99.278,2,Atta_2,2730.0,638.0,22.0,-17.4,5.7,,,,
99.278,3,Atta_3,3208.1,629.4,57.6,52.7,5.2,,,,
99.278,4,Atta_4,3567.3,602.9,35.1,67.3,1.6,,,,
99.278,5,Atta_5,2421.3,879.0,40.6,-104.1,1.1,,,,
99.278,6,Atta_6,2667.3,1494.7,289.1,41.6,-5.5,,,,
99.278,7,Atta_7,1904.8,1974.2,1.0,53.7,3.2,,,,
99.278,8,Atta_8,2663.9,1286.7,146.3,128.5,-0.5,,,,
99.278,9,Atta_9,3509.5,2103.9,335.9,57.5,-3.2,,,,
99.278,10,Atta_10,3200.6,2080.9,276.4,27.0,3.1,,,,
99.348,1,Atta_1,2807.6,1683.1,333.3,119.9,-0.6,,,,
99.348,2,Atta_2,2784.3,582.5,27.8,77.6,5.8,,,,
99.348,3,Atta_3,3195.4,586.3,63.8,-44.9,6.2,,,,
99.348,4,Atta_4,3530.2,590.2,37.1,-39.2,2.0,,,,
99.348,5,Atta_5,2398.9,939.0,45.2,64.0,4.6,,,,
99.348,6,Atta_6,2681.6,1525.5,289.4,-34.0,0.3,,,,
99.348,7,Atta_7,1974.1,1950.4,0.1,73.3,-0.9,,,,
99.348,8,Atta_8,2711.1,1304.7,154.3,-50.5,8.0,,,,
99.348,9,Atta_9,3457.4,2074.8,338.2,-59.7,2.3,,,,
99.348,10,Atta_10,3200.7,2033.3,271.4,47.6,-5.0,,,,
99.419,1,Atta_1,2823.5,1742.8,331.8,-61.8,-1.5,,,,
99.419,2,Atta_2,2772.3,576.7,28.0,-13.3,0.2,,,,
99.419,3,Atta_3,3206.4,595.4,64.6,14.3,0.8,,,,
99.419,4,Atta_4,3548.2,558.7,45.4,-36.3,8.3,,,,
99.419,5,Atta_5,2400.3,947.8,48.6,8.9,3.4,,,,
99.419,6,Atta_6,2653.7,1512.3,294.9,30.9,5.5,,,,
99.419,7,Atta_7,1994.4,1953.2,1.2,20.5,1.1,,,,
99.419,8,Atta_8,2737.2,1284.4,161.3,-33.1,7.0,,,,
99.419,9,Atta_9,3461.2,2120.8,338.9,-46.2,0.7,,,,
99.419,10,Atta_10,3153.7,2034.8,277.4,-47.0,6.0,,,,
99.47,1,Atta_1,2810.6,1744.3,334.9,-13.0,3.1,,,,
99.47,2,Atta_2,2718.4,652.5,27.1,-93.0,-0.9,,,,
99.47,3,Atta_3,3131.9,574.0,71.6,-77.5,7.0,,,,
99.47,4,Atta_4,3488.7,619.8,50.7,85.3,5.3,,,,
99.47,5,Atta_5,2393.6,962.4,54.9,16.1,6.3,,,,
99.47,6,Atta_6,2685.9,1571.2,291.8,-67.1,-3.1,,,,
99.47,7,Atta_7,1947.4,1971.0,359.6,-50.3,-1.6,,,,
99.47,8,Atta_8,2759.8,1331.9,161.8,-52.6,0.5,,,,
99.47,9,Atta_9,3490.4,2128.8,337.0,30.3,-1.9,,,,
99.47,10,Atta_10,3217.6,2064.5,272.8,-70.5,-4.6,,,,
99.539,1,Atta_1,2803.4,1694.0,333.4,50.8,-1.5,,,,
99.539,2,Atta_2,2789.7,566.9,26.5,111.4,-0.6,,,,
99.539,3,Atta_3,3193.7,590.5,71.9,64.0,0.3,,,,
99.539,4,Atta_4,3564.9,571.6,53.1,90.2,2.4,,,,
99.539,5,Atta_5,2390.7,1001.6,52.0,39.3,-2.9,,,,
99.539,6,Atta_6,2673.9,1459.5,291.4,112.3,-0.4,,,,
99.539,7,Atta_7,1926.2,1924.3,1.2,-51.3,1.6,,,,
99.539,8,Atta_8,2713.7,1267.5,167.1,79.2,5.3,,,,
99.539,9,Atta_9,3483.7,2116.2,339.2,-14.3,2.2,,,,
99.539,10,Atta_10,3186.7,1947.5,274.4,121.0,1.6,,,,
99.605,1,Atta_1,2796.9,1786.5,336.3,-92.7,2.9,,,,
99.605,2,Atta_2,2757.1,603.4,25.4,-48.9,-1.1,,,,
99.605,3,Atta_3,3204.5,616.4,70.5,28.1,-1.4,,,,
99.605,4,Atta_4,3575.3,545.7,56.8,-27.9,3.7,,,,
99.605,5,Atta_5,2405.7,948.7,50.6,-55.0,-1.4,,,,
99.605,6,Atta_6,2695.5,1443.6,292.3,26.8,0.9,,,,
99.605,7,Atta_7,1972.9,1965.0,358.9,61.9,-2.3,,,,
99.605,8,Atta_8,2721.6,1269.2,171.1,-8.1,4.0,,,,
99.605,9,Atta_9,3454.5,2066.0,336.9,-58.1,-2.3,,,,
99.605,10,Atta_10,3189.4,2003.0,273.8,-55.6,-0.6,,,,
99.674,1,Atta_1,2836.2,1764.0,333.7,45.3,-2.6,,,,
99.674,2,Atta_2,2737.3,633.9,24.9,-36.4,-0.5,,,,
99.674,3,Atta_3,3187.0,583.9,73.2,-36.9,2.7,,,,
99.674,4,Atta_4,3520.7,589.7,66.4,70.1,9.6,,,,
99.674,5,Atta_5,2407.7,957.1,55.2,8.6,4.6,,,,
99.674,6,Atta_6,2658.3,1468.6,291.3,-44.8,-1.0,,,,
99.674,7,Atta_7,1942.7,1915.4,1.0,-58.1,2.1,,,,
99.674,8,Atta_8,2751.5,1264.6,170.3,-30.3,-0.8,,,,
99.674,9,Atta_9,3494.7,2074.2,339.3,41.0,2.4,,,,
99.674,10,Atta_10,3252.6,1988.2,273.1,64.9,-0.7,,,,
99.743,1,Atta_1,2764.1,1718.2,333.2,-85.4,-0.5,,,,
99.743,2,Atta_2,2815.4,632.8,27.4,78.1,2.5,,,,
99.743,3,Atta_3,3207.4,595.8,71.5,23.6,-1.7,,,,
99.743,4,Atta_4,3535.1,622.3,67.8,35.6,1.4,,,,
99.743,5,Atta_5,2415.4,955.8,50.2,7.8,-5.0,,,,
99.743,6,Atta_6,2682.3,1482.1,293.5,-27.5,2.2,,,,
99.743,7,Atta_7,1945.6,1952.5,359.8,37.2,-1.2,,,,
99.743,8,Atta_8,2663.3,1275.8,179.6,88.9,9.3,,,,
99.743,9,Atta_9,3489.8,2085.3,340.5,-12.1,1.2,,,,
99.743,10,Atta_10,3245.8,2110.2,270.2,-122.2,-2.9,,,,
99.809,1,Atta_1,2761.3,1776.2,334.2,-58.1,1.0,,,,
99.809,2,Atta_2,2756.2,612.9,25.4,-62.5,-2.0,,,,
99.809,3,Atta_3,3252.4,605.6,71.1,46.1,-0.4,,,,
99.809,4,Atta_4,3494.0,551.6,71.1,-81.8,3.3,,,,
99.809,5,Atta_5,2401.2,937.4,51.9,-23.2,1.7,,,,
99.809,6,Atta_6,2674.4,1537.3,295.0,-55.8,1.5,,,,
99.809,7,Atta_7,1953.3,1980.7,359.3,29.2,-0.5,,,,
99.809,8,Atta_8,2776.7,1302.5,184.4,-116.5,4.8,,,,
99.809,9,Atta_9,3446.8,2082.0,337.5,-43.1,-3.0,,,,
99.809,10,Atta_10,3193.1,2045.3,272.6,83.6,2.4,,,,
99.878,2,Atta_2,2787.5,595.8,24.7,35.7,-0.7,,,,
99.878,3,Atta_3,3136.4,571.5,74.2,-120.9,3.1,,,,
99.878,4,Atta_4,3526.7,641.4,73.8,95.6,2.7,,,,
99.878,5,Atta_5,2441.0,914.4,52.7,46.0,0.8,,,,
99.878,6,Atta_6,2668.3,1470.3,295.2,67.3,0.2,,,,
99.878,7,Atta_7,2037.1,1917.4,1.5,105.0,2.2,,,,
99.878,8,Atta_8,2680.5,1259.9,188.2,105.2,3.8,,,,
99.878,9,Atta_9,3464.6,2089.6,337.4,19.4,-0.1,,,,
99.878,10,Atta_10,3202.4,2025.6,275.5,21.8,2.9,,,,
100.007,1,Atta_1,2839.6,1700.6,334.7,108.8,0.5,,,,
100.007,2,Atta_2,2839.1,633.3,24.8,63.8,0.1,,,,
100.007,3,Atta_3,3165.9,588.5,69.9,34.0,-4.3,,,,
100.007,4,Atta_4,3524.7,573.8,80.1,-67.6,6.3,,,,
100.007,5,Atta_5,2480.0,1026.6,53.6,118.8,0.9,,,,
100.007,6,Atta_6,2676.7,1522.5,291.2,-52.9,-4.0,,,,
100.007,7,Atta_7,2040.9,1950.5,358.6,33.3,-2.9,,,,
100.007,8,Atta_8,2725.4,1292.9,191.6,-55.7,3.4,,,,
100.007,9,Atta_9,3526.4,2126.5,336.7,72.0,-0.7,,,,
100.007,10,Atta_10,3221.6,2036.5,278.5,-22.1,3.0,,,,
100.059,1,Atta_1,2794.0,1744.4,330.6,-63.2,-4.1,,,,
100.059,2,Atta_2,2830.2,648.2,27.4,-17.4,2.6,,,,
100.059,3,Atta_3,3201.2,680.0,73.0,98.1,3.1,,,,
100.059,4,Atta_4,3501.3,578.1,84.2,23.8,4.1,,,,
100.059,5,Atta_5,2412.2,979.1,52.5,-82.8,-1.1,,,,
100.059,6,Atta_6,2668.2,1501.5,295.0,22.7,3.8,,,,
100.059,7,Atta_7,2055.0,1947.5,355.3,14.4,-3.3,,,,
100.059,8,Atta_8,2696.6,1317.4,194.7,37.8,3.1,,,,
100.059,9,Atta_9,3479.2,2041.7,336.4,-97.1,-0.3,,,,
100.059,10,Atta_10,3196.8,2100.5,275.2,-68.6,-3.3,,,,
100.125,1,Atta_1,2844.4,1761.1,335.3,53.1,4.7,,,,
100.125,2,Atta_2,2815.3,641.8,24.6,-16.2,-2.8,,,,
100.125,3,Atta_3,3225.3,631.9,72.2,-53.8,-0.8,,,,
100.125,4,Atta_4,3522.4,620.4,88.5,47.3,4.3,,,,
100.125,5,Atta_5,2428.5,918.9,54.0,-62.4,1.5,,,,
100.125,6,Atta_6,2680.2,1498.7,289.0,12.3,-6.0,,,,
100.125,7,Atta_7,2037.2,1945.7,358.5,-17.9,3.2,,,,
100.125,8,Atta_8,2731.3,1278.3,201.8,-52.3,7.1,,,,
100.125,9,Atta_9,3461.2,2089.7,338.4,-51.3,2.0,,,,
100.125,10,Atta_10,3214.0,2145.1,276.3,-47.8,1.1,,,,
100.192,1,Atta_1,2833.7,1734.2,332.4,28.9,-2.9,,,,
100.192,2,Atta_2,2874.0,597.3,29.0,73.7,4.4,,,,
100.192,3,Atta_3,3240.5,631.8,73.4,15.2,1.2,,,,
100.192,4,Atta_4,3500.1,568.4,94.0,-56.6,5.5,,,,
100.192,5,Atta_5,2461.5,1032.0,50.4,117.8,-3.6,,,,
100.192,6,Atta_6,2668.7,1469.7,291.6,31.2,2.6,,,,
100.192,7,Atta_7,2034.6,1978.5,1.0,-32.9,2.5,,,,
100.192,8,Atta_8,2748.5,1292.0,203.6,-22.0,1.8,,,,
100.192,9,Atta_9,3500.9,2108.9,339.2,44.1,0.8,,,,
100.192,10,Atta_10,3192.3,2079.3,274.3,69.3,-2.0,,,,
100.26,1,Atta_1,2840.9,1729.0,328.9,8.9,-3.5,,,,
100.26,2,Atta_2,2888.4,652.9,25.0,57.4,-4.0,,,,
100.26,3,Atta_3,3206.4,637.3,73.3,-34.5,-0.1,,,,
100.26,4,Atta_4,3528.6,623.0,97.0,61.6,3.0,,,,
100.26,5,Atta_5,2409.1,1030.0,53.4,-52.4,3.0,,,,
100.26,6,Atta_6,2694.2,1529.6,291.5,-65.1,-0.1,,,,
100.26,7,Atta_7,2115.3,2034.1,0.3,98.0,-0.7,,,,
100.26,8,Atta_8,2695.3,1231.4,212.7,80.6,9.1,,,,
100.26,9,Atta_9,3473.1,2184.3,335.6,-80.4,-3.6,,,,
100.26,10,Atta_10,3186.3,2059.6,277.3,20.6,3.0,,,,
100.33,1,Atta_1,2795.2,1751.3,335.5,-50.9,6.6,,,,
100.33,2,Atta_2,2828.2,676.1,31.0,-64.5,6.0,,,,
100.33,3,Atta_3,3188.9,667.6,72.5,35.0,-0.8,,,,
100.33,4,Atta_4,3585.1,550.8,99.1,-91.7,2.1,,,,
100.33,5,Atta_5,2456.3,997.3,53.3,57.4,-0.1,,,,
100.33,6,Atta_6,2614.9,1447.7,294.2,114.0,2.7,,,,
100.33,7,Atta_7,2084.4,1969.4,357.2,-71.7,-3.1,,,,
100.33,8,Atta_8,2750.1,1230.2,214.4,-54.8,1.7,,,,
100.33,9,Atta_9,3464.0,2052.5,338.1,132.1,2.5,,,,
100.33,10,Atta_10,3218.2,2088.7,272.1,-43.2,-5.2,,,,
100.385,1,Atta_1,2785.4,1777.9,333.2,-28.3,-2.3,,,,
100.385,2,Atta_2,2842.8,702.6,26.9,30.3,-4.1,,,,
100.385,3,Atta_3,3201.3,637.2,72.0,-32.8,-0.5,,,,
100.385,4,Atta_4,3583.7,504.9,99.1,-45.9,0.0,,,,
100.385,5,Atta_5,2465.0,1069.7,52.9,72.9,-0.4,,,,
100.385,6,Atta_6,2633.8,1505.0,292.2,-60.3,-2.0,,,,
100.385,7,Atta_7,2120.0,1924.9,3.2,57.0,6.0,,,,
100.385,8,Atta_8,2716.9,1278.0,218.7,58.2,4.3,,,,
100.385,9,Atta_9,3475.4,2089.4,337.9,-38.6,-0.2,,,,
100.385,10,Atta_10,3181.4,1982.1,275.0,112.8,2.9,,,,
100.455,1,Atta_1,2763.3,1803.6,335.2,-33.9,2.0,,,,
100.455,2,Atta_2,2865.0,666.7,27.0,42.2,0.1,,,,
100.455,3,Atta_3,3251.9,701.3,76.2,81.7,4.2,,,,
100.455,4,Atta_4,3572.1,613.4,95.8,109.1,-3.3,,,,
100.455,5,Atta_5,2485.1,1027.4,52.7,-46.8,-0.2,,,,
100.455,6,Atta_6,2706.1,1454.3,291.5,88.3,-0.7,,,,
100.455,7,Atta_7,2125.3,1896.8,5.2,28.6,2.0,,,,
100.455,8,Atta_8,2683.2,1285.4,221.0,34.5,2.3,,,,
100.455,9,Atta_9,3509.0,2098.8,338.4,34.9,0.5,,,,
100.455,10,Atta_10,3225.8,2058.7,276.0,-88.5,1.0,,,,
100.524,1,Atta_1,2755.8,1745.8,332.3,58.3,-2.9,,,,
100.524,2,Atta_2,2939.2,714.0,26.9,88.0,-0.1,,,,
100.524,3,Atta_3,3237.2,668.5,73.3,-35.9,-2.9,,,,
100.524,4,Atta_4,3518.6,563.3,100.2,-73.3,4.4,,,,
100.524,5,Atta_5,2511.1,1020.8,54.5,26.8,1.8,,,,
100.524,6,Atta_6,2644.6,1452.9,296.5,-61.5,5.0,,,,
100.524,7,Atta_7,2071.9,1961.9,8.2,-84.2,3.0,,,,
100.524,8,Atta_8,2706.0,1275.8,225.7,-24.7,4.7,,,,
100.524,9,Atta_9,3514.9,2044.3,336.6,54.8,-1.8,,,,
100.524,10,Atta_10,3217.6,2040.4,276.0,20.1,0.0,,,,
100.589,1,Atta_1,2824.9,1722.5,333.7,72.9,1.4,,,,
100.589,2,Atta_2,2896.6,694.5,27.1,-46.9,0.2,,,,
100.589,3,Atta_3,3216.3,674.5,74.8,-21.7,1.5,,,,
100.589,4,Atta_4,3510.8,639.7,99.3,76.8,-0.9,,,,
100.589,5,Atta_5,2488.1,1043.9,50.3,32.6,-4.2,,,,
100.589,6,Atta_6,2701.5,1496.1,293.2,-71.4,-3.3,,,,
100.589,7,Atta_7,2143.6,1989.0,6.0,76.7,-2.2,,,,
100.589,8,Atta_8,2747.1,1249.1,231.9,-49.0,6.2,,,,
100.589,9,Atta_9,3485.4,2138.2,339.4,-98.4,2.8,,,,
100.589,10,Atta_10,3173.4,2002.1,277.2,58.5,1.2,,,,
100.659,1,Atta_1,2813.5,1742.1,331.8,-22.7,-1.9,,,,
100.659,2,Atta_2,2944.6,685.2,27.5,48.9,0.4,,,,
100.659,3,Atta_3,3252.5,725.6,75.3,62.6,0.5,,,,
100.659,4,Atta_4,3537.4,566.1,99.7,-78.3,0.4,,,,
100.659,5,Atta_5,2502.1,1032.6,46.2,18.0,-4.1,,,,
100.659,6,Atta_6,2660.7,1540.6,294.6,-60.4,1.4,,,,
100.659,7,Atta_7,2138.9,1941.6,7.5,-47.6,1.5,,,,
100.659,8,Atta_8,2713.5,1268.4,236.8,38.7,4.9,,,,
100.659,9,Atta_9,3472.1,2064.3,342.3,75.1,2.9,,,,
100.659,10,Atta_10,3204.4,2005.2,272.0,31.2,-5.2,,,,
100.727,1,Atta_1,2803.6,1703.5,333.6,39.8,1.8,,,,
100.727,2,Atta_2,2933.8,674.0,23.6,-15.6,-3.9,,,,
100.727,3,Atta_3,3219.5,674.4,67.7,-60.9,-7.6,,,,
100.727,4,Atta_4,3551.4,566.8,96.9,-14.0,-2.8,,,,
100.727,5,Atta_5,2483.5,1008.4,40.3,-30.5,-5.9,,,,
100.727,6,Atta_6,2594.4,1472.5,293.6,95.0,-1.0,,,,
100.727,7,Atta_7,2150.8,1984.5,4.9,44.5,-2.6,,,,
100.727,8,Atta_8,2724.8,1328.7,245.8,-61.3,9.0,,,,
100.727,9,Atta_9,3476.0,2082.3,341.5,-18.4,-0.8,,,,
100.727,10,Atta_10,3193.2,2029.7,273.3,-26.9,1.3,,,,
100.789,1,Atta_1,2733.1,1776.0,332.5,-101.1,-1.1,,,,
100.789,2,Atta_2,2890.6,740.1,27.8,-79.0,4.2,,,,
100.789,3,Atta_3,3245.5,751.3,72.3,81.2,4.6,,,,
100.789,4,Atta_4,3557.2,640.6,101.0,74.0,4.1,,,,
100.789,5,Atta_5,2497.0,1055.8,36.4,49.3,-3.9,,,,
100.789,6,Atta_6,2654.6,1457.0,294.7,62.2,1.1,,,,
100.789,7,Atta_7,2132.2,1927.7,2.7,-59.8,-2.2,,,,
100.789,8,Atta_8,2724.7,1251.7,242.2,77.0,-3.6,,,,
100.789,9,Atta_9,3389.4,2102.4,344.3,-88.9,2.8,,,,
100.789,10,Atta_10,3196.7,2070.9,277.9,-41.3,4.6,,,,
100.86,1,Atta_1,2756.4,1742.2,331.5,41.1,-1.0,,,,
100.86,2,Atta_2,2938.3,694.7,27.4,65.9,-0.4,,,,
100.86,3,Atta_3,3227.5,791.7,73.8,44.2,1.5,,,,
100.86,4,Atta_4,3530.6,662.3,99.9,34.3,-1.1,,,,
100.86,5,Atta_5,2466.6,1019.9,32.5,-47.0,-3.9,,,,
100.86,6,Atta_6,2639.7,1460.9,291.7,-15.4,-3.0,,,,
100.86,7,Atta_7,2078.8,1952.1,5.1,-58.7,2.4,,,,
100.86,8,Atta_8,2651.7,1215.0,241.1,81.7,-1.1,,,,
100.86,9,Atta_9,3481.2,2116.4,340.9,92.9,-3.4,,,,
100.86,10,Atta_10,3244.2,2023.4,275.7,67.2,-2.2,,,,
100.929,1,Atta_1,2783.2,1760.6,334.5,32.5,3.0,,,,
100.929,2,Atta_2,2955.4,685.5,28.2,19.4,0.8,,,,
100.929,3,Atta_3,3220.5,773.1,73.2,-19.9,-0.6,,,,
100.929,4,Atta_4,3542.6,574.2,96.0,-88.9,-3.9,,,,
100.929,5,Atta_5,2450.1,1047.4,26.3,32.1,-6.2,,,,
100.929,6,Atta_6,2689.9,1472.0,290.7,51.4,-1.0,,,,
100.929,7,Atta_7,2071.8,1909.1,7.3,-43.6,2.2,,,,
100.929,8,Atta_8,2737.0,1253.2,240.0,-93.5,-1.1,,,,
100.929,9,Atta_9,3468.3,2060.5,336.3,57.4,-4.6,,,,
100.929,10,Atta_10,3186.5,2069.2,273.9,-73.7,-1.8,,,,
100.999,1,Atta_1,2734.3,1737.8,336.0,-54.0,1.5,,,,
100.999,2,Atta_2,2936.7,725.8,29.1,44.4,0.9,,,,
100.999,3,Atta_3,3214.1,718.4,69.0,-55.1,-4.2,,,,
100.999,4,Atta_4,3545.7,645.2,100.6,71.1,4.6,,,,
100.999,5,Atta_5,2477.7,1021.5,21.2,37.8,-5.1,,,,
100.999,6,Atta_6,2646.3,1472.9,292.0,-43.6,1.3,,,,
100.999,7,Atta_7,2153.6,1915.1,4.7,82.0,-2.6,,,,
100.999,8,Atta_8,2735.8,1334.2,243.7,-81.0,3.7,,,,
100.999,9,Atta_9,3453.2,2018.2,334.8,44.9,-1.5,,,,
100.999,10,Atta_10,3235.0,2016.3,274.2,71.8,0.3,,,,
101.062,1,Atta_1,2788.1,1731.0,335.5,54.2,-0.5,,,,
101.062,2,Atta_2,2969.4,669.2,31.1,65.4,2.0,,,,
101.062,3,Atta_3,3244.8,760.5,68.4,52.1,-0.6,,,,
101.062,4,Atta_4,3497.2,684.6,98.9,62.5,-1.7,,,,
101.062,5,Atta_5,2473.0,1064.2,13.5,43.0,-7.7,,,,
101.062,6,Atta_6,2702.3,1433.1,291.4,68.7,-0.6,,,,
101.062,7,Atta_7,2169.7,1952.3,3.7,40.5,-1.0,,,,
101.062,8,Atta_8,2691.4,1209.4,241.3,132.5,-2.4,,,,
101.062,9,Atta_9,3534.3,2103.8,338.3,117.9,3.5,,,,
101.062,10,Atta_10,3203.4,2047.8,273.4,-44.6,-0.8,,,,
101.133,1,Atta_1,2800.8,1754.7,334.3,26.9,-1.2,,,,
101.133,2,Atta_2,2970.4,673.4,35.9,4.3,4.8,,,,
101.133,3,Atta_3,3264.6,825.8,63.9,68.2,-4.5,,,,
101.133,4,Atta_4,3546.0,690.2,99.4,-49.1,0.5,,,,
101.133,5,Atta_5,2478.6,1058.1,12.9,8.3,-0.6,,,,
101.133,6,Atta_6,2685.2,1517.0,288.9,-85.6,-2.5,,,,
101.133,7,Atta_7,2198.6,1958.5,1.6,29.6,-2.1,,,,
101.133,8,Atta_8,2655.6,1234.8,246.8,-43.9,5.5,,,,
101.133,9,Atta_9,3498.2,2094.7,340.4,-37.2,2.1,,,,
101.133,10,Atta_10,3192.1,2034.6,273.4,17.4,0.0,,,,
101.201,1,Atta_1,2721.6,1735.8,332.5,-81.4,-1.8,,,,
101.201,2,Atta_2,2963.9,730.9,36.7,57.9,0.8,,,,
101.201,3,Atta_3,3274.4,766.9,56.9,-59.7,-7.0,,,,
101.201,4,Atta_4,3536.7,686.1,99.6,-10.2,0.2,,,,
101.201,5,Atta_5,2536.0,1061.6,11.7,57.5,-1.2,,,,
101.201,6,Atta_6,2702.7,1510.7,294.1,18.6,5.2,,,,
101.201,7,Atta_7,2116.4,1971.6,3.5,-83.2,1.9,,,,
101.201,8,Atta_8,2671.5,1261.0,243.0,-30.6,-3.8,,,,
101.201,9,Atta_9,3441.7,2095.9,335.4,-56.5,-5.0,,,,
101.201,10,Atta_10,3229.8,2021.1,277.0,40.0,3.6,,,,
101.268,1,Atta_1,2788.6,1748.4,336.4,68.2,3.9,,,,
101.268,2,Atta_2,2957.2,679.8,44.8,-51.5,8.1,,,,
101.268,3,Atta_3,3258.9,735.8,54.8,-34.7,-2.1,,,,
101.268,4,Atta_4,3529.2,717.4,101.9,32.2,2.3,,,,
101.268,5,Atta_5,2504.9,1083.2,5.9,-37.9,-5.8,,,,
101.268,6,Atta_6,2743.5,1489.9,290.9,45.8,-3.2,,,,
101.268,7,Atta_7,2148.5,1935.2,7.4,48.5,3.9,,,,
101.268,8,Atta_8,2725.9,1220.2,243.9,68.0,0.9,,,,
101.268,9,Atta_9,3416.6,2123.3,336.7,-37.2,1.3,,,,
101.268,10,Atta_10,3221.6,1994.6,272.3,27.7,-4.7,,,,
101.385,1,Atta_1,2780.6,1699.1,333.5,49.9,-2.9,,,,
101.385,2,Atta_2,2960.0,688.7,51.9,9.3,7.1,,,,
101.385,3,Atta_3,3249.4,732.1,47.4,-10.2,-7.4,,,,
101.385,4,Atta_4,3530.5,705.5,103.0,-12.0,1.1,,,,
101.385,5,Atta_5,2504.1,1047.9,3.1,-35.3,-2.8,,,,
101.385,6,Atta_6,2741.4,1500.4,291.3,-10.7,0.4,,,,
101.385,7,Atta_7,2249.4,2010.5,4.0,125.9,-3.4,,,,
101.385,8,Atta_8,2726.6,1180.0,242.7,40.2,-1.2,,,,
101.385,9,Atta_9,3526.8,2113.0,339.8,110.7,3.1,,,,
101.385,10,Atta_10,3205.1,2092.1,275.0,-98.9,2.7,,,,
101.454,1,Atta_1,2868.3,1693.8,336.9,87.9,3.4,,,,
101.454,2,Atta_2,2981.4,761.0,54.4,75.4,2.5,,,,
101.454,3,Atta_3,3242.6,733.9,38.6,-7.0,-8.8,,,,
101.454,4,Atta_4,3532.5,711.6,102.6,6.4,-0.4,,,,
101.454,5,Atta_5,2463.3,1038.7,349.2,-41.8,-13.9,,,,
101.454,6,Atta_6,2701.7,1478.2,290.7,45.5,-0.6,,,,
101.454,7,Atta_7,2170.8,1941.8,7.2,-104.4,3.2,,,,
101.454,8,Atta_8,2681.5,1256.3,240.6,-88.6,-2.1,,,,
101.454,9,Atta_9,3497.5,2117.0,338.3,-29.6,-1.5,,,,
101.454,10,Atta_10,3196.4,2071.4,277.0,22.5,2.0,,,,
101.52,1,Atta_1,2775.3,1716.5,329.6,-95.7,-7.3,,,,
101.52,2,Atta_2,2950.4,727.5,54.4,-45.6,0.0,,,,
101.52,3,Atta_3,3252.4,758.4,35.3,26.4,-3.3,,,,
101.52,4,Atta_4,3530.4,704.7,103.6,-7.2,1.0,,,,
101.52,5,Atta_5,2431.1,1013.1,349.0,-41.1,-0.2,,,,
101.52,6,Atta_6,2674.9,1471.7,291.5,-27.6,0.8,,,,
101.52,7,Atta_7,2216.8,2002.3,7.3,76.0,0.1,,,,
101.52,8,Atta_8,2660.5,1225.8,243.1,37.0,2.5,,,,
101.52,9,Atta_9,3468.9,2095.0,340.5,-36.1,2.2,,,,
101.52,10,Atta_10,3167.3,2063.0,273.1,30.3,-3.9,,,,
101.653,1,Atta_1,2819.0,1721.1,334.0,43.9,4.4,,,,
101.653,2,Atta_2,2921.7,717.0,54.5,-30.6,0.1,,,,
101.653,3,Atta_3,3260.4,799.9,25.7,42.3,-9.6,,,,
101.653,4,Atta_4,3576.7,644.1,98.6,-76.3,-5.0,,,,
101.653,5,Atta_5,2451.8,1042.6,342.5,36.0,-6.5,,,,
101.653,6,Atta_6,2695.0,1515.8,291.6,-48.5,0.1,,,,
101.653,7,Atta_7,2241.1,1960.5,5.9,48.4,-1.4,,,,
101.653,8,Atta_8,2638.9,1215.9,232.5,23.8,-10.6,,,,
101.653,9,Atta_9,3496.1,2103.3,340.0,28.4,-0.5,,,,
101.653,10,Atta_10,3229.9,2042.3,273.1,65.9,0.0,,,,
101.719,1,Atta_1,2811.5,1730.7,333.2,-12.2,-0.8,,,,
101.719,2,Atta_2,2896.5,694.8,56.1,-33.6,1.6,,,,
101.719,3,Atta_3,3302.0,710.8,22.8,-98.3,-2.9,,,,
101.719,4,Atta_4,3539.4,674.3,101.9,48.0,3.3,,,,
101.719,5,Atta_5,2448.8,1077.6,336.1,-35.1,-6.4,,,,
101.719,6,Atta_6,2695.1,1466.3,291.3,49.5,-0.3,,,,
101.719,7,Atta_7,2225.5,1985.5,1.6,-29.5,-4.3,,,,
101.719,8,Atta_8,2733.0,1226.7,225.7,-94.7,-6.8,,,,
101.719,9,Atta_9,3536.4,2130.7,338.9,48.7,-1.1,,,,
101.719,10,Atta_10,3205.3,2046.0,273.3,-24.9,0.2,,,,
101.859,1,Atta_1,2773.2,1793.6,335.0,-73.6,1.8,,,,
101.859,2,Atta_2,3058.2,746.9,54.9,169.9,-1.2,,,,
101.859,3,Atta_3,3275.3,738.9,16.6,-38.8,-6.2,,,,
101.859,4,Atta_4,3551.0,708.8,97.9,36.4,-4.0,,,,
101.859,5,Atta_5,2509.5,1095.2,338.7,63.2,2.6,,,,
101.859,6,Atta_6,2642.4,1528.9,293.4,-81.8,2.1,,,,
101.859,7,Atta_7,2237.2,1973.8,8.7,16.5,7.1,,,,
101.859,8,Atta_8,2667.4,1152.0,221.1,99.4,-4.6,,,,
101.859,9,Atta_9,3484.3,2088.8,339.0,-66.9,0.1,,,,
101.859,10,Atta_10,3251.8,2000.1,276.1,65.3,2.8,,,,
101.914,1,Atta_1,2735.9,1800.8,334.3,-38.0,-0.7,,,,
101.914,2,Atta_2,2943.1,732.1,54.4,-116.0,-0.5,,,,
101.914,3,Atta_3,3282.7,741.9,11.9,8.0,-4.7,,,,
101.914,4,Atta_4,3547.1,691.5,102.5,-17.7,4.6,,,,
101.914,5,Atta_5,2434.4,1071.4,335.5,-78.8,-3.2,,,,
101.914,6,Atta_6,2671.6,1501.0,291.1,40.4,-2.3,,,,
101.914,7,Atta_7,2254.9,1986.3,7.0,21.7,-1.7,,,,
101.914,8,Atta_8,2668.2,1228.6,214.0,-76.6,-7.1,,,,
101.914,9,Atta_9,3465.9,2069.6,339.8,-26.6,0.8,,,,
101.914,10,Atta_10,3232.4,2037.0,275.3,-41.7,-0.8,,,,
101.981,1,Atta_1,2798.3,1778.0,334.4,66.4,0.1,,,,
101.981,2,Atta_2,2946.4,776.5,57.1,44.5,2.7,,,,
101.981,3,Atta_3,3258.3,807.8,4.8,-70.3,-7.1,,,,
101.981,4,Atta_4,3521.2,718.8,101.1,37.6,-1.4,,,,
101.981,5,Atta_5,2500.9,1047.6,335.0,70.6,-0.5,,,,
101.981,6,Atta_6,2635.3,1483.8,292.1,40.2,1.0,,,,
101.981,7,Atta_7,2310.2,2007.5,9.9,59.2,2.9,,,,
101.981,8,Atta_8,2666.9,1236.4,204.5,-7.9,-9.5,,,,
101.981,9,Atta_9,3437.9,2084.3,338.4,-31.6,-1.4,,,,
101.981,10,Atta_10,3195.1,2041.7,275.2,-37.6,-0.1,,,,
102.12,1,Atta_1,2796.5,1785.0,335.7,-7.2,1.3,,,,
102.12,2,Atta_2,3000.5,745.3,53.6,62.5,-3.5,,,,
102.12,3,Atta_3,3214.5,782.9,2.7,-50.4,-2.1,,,,
102.12,4,Atta_4,3473.7,718.6,98.0,47.5,-3.1,,,,
102.12,5,Atta_5,2511.8,1044.2,338.4,11.4,3.4,,,,
102.12,6,Atta_6,2691.2,1535.9,296.1,-76.4,4.0,,,,
102.12,7,Atta_7,2281.6,1977.4,9.6,-41.5,-0.3,,,,
102.12,8,Atta_8,2702.6,1223.9,203.9,-37.8,-0.6,,,,
102.12,9,Atta_9,3458.4,2086.6,338.2,20.6,-0.2,,,,
102.12,10,Atta_10,3207.6,2010.3,274.2,33.8,-1.0,,,,
102.186,1,Atta_1,2783.9,1691.1,334.3,94.7,-1.4,,,,
102.186,2,Atta_2,2982.9,727.2,54.3,-25.2,0.7,,,,
102.186,3,Atta_3,3241.0,754.6,353.0,38.8,-9.7,,,,
102.186,4,Atta_4,3523.7,641.0,99.9,-92.3,1.9,,,,
102.186,5,Atta_5,2542.1,1035.2,334.8,31.6,-3.6,,,,
102.186,6,Atta_6,2626.0,1486.3,294.0,81.9,-2.1,,,,
102.186,7,Atta_7,2363.0,1910.7,5.5,105.2,-4.1,,,,
102.186,8,Atta_8,2701.4,1161.0,195.3,62.9,-8.6,,,,
102.186,9,Atta_9,3506.6,2118.3,341.0,57.7,2.8,,,,
102.186,10,Atta_10,3207.5,2067.6,276.3,-57.3,2.1,,,,
102.255,1,Atta_1,2744.1,1751.0,335.8,-71.9,1.5,,,,
102.255,2,Atta_2,2969.8,807.8,57.3,81.7,3.0,,,,
102.255,3,Atta_3,3287.6,780.1,348.7,53.1,-4.3,,,,
102.255,4,Atta_4,3548.7,684.8,98.8,50.4,-1.1,,,,
102.255,5,Atta_5,2508.7,1002.3,338.2,-46.9,3.4,,,,
102.255,6,Atta_6,2694.2,1521.0,293.3,-76.5,-0.7,,,,
102.255,7,Atta_7,2340.5,1985.2,4.5,-77.8,-1.0,,,,
102.255,8,Atta_8,2665.1,1246.7,191.2,93.1,-4.1,,,,
102.255,9,Atta_9,3484.5,2116.0,335.6,-22.2,-5.4,,,,
102.255,10,Atta_10,3182.2,2032.7,275.8,43.1,-0.5,,,,
102.326,1,Atta_1,2800.2,1728.9,332.3,60.3,-3.5,,,,
102.326,2,Atta_2,3045.9,783.4,56.8,79.9,-0.5,,,,
102.326,3,Atta_3,3279.1,763.7,341.1,-18.5,-7.6,,,,
102.326,4,Atta_4,3483.4,637.8,97.9,-80.5,-0.9,,,,
102.326,5,Atta_5,2515.7,977.0,341.1,26.3,2.9,,,,
102.326,6,Atta_6,2649.5,1500.0,289.9,49.4,-3.4,,,,
102.326,7,Atta_7,2355.1,1975.9,8.2,17.3,3.7,,,,
102.326,8,Atta_8,2673.8,1217.8,184.8,-30.2,-6.4,,,,
102.326,9,Atta_9,3455.9,2135.1,342.1,-34.4,6.5,,,,
102.326,10,Atta_10,3193.3,2028.8,275.7,11.8,-0.1,,,,
102.461,1,Atta_1,2809.7,1743.9,335.2,17.8,2.9,,,,
102.461,2,Atta_2,3014.6,766.8,53.1,-35.4,-3.7,,,,
102.461,3,Atta_3,3337.1,741.5,338.5,62.1,-2.6,,,,
102.461,4,Atta_4,3530.2,686.0,98.5,67.2,0.6,,,,
102.461,5,Atta_5,2582.2,991.1,333.7,68.0,-7.4,,,,
102.461,6,Atta_6,2651.5,1537.6,292.0,-37.7,2.1,,,,
102.461,7,Atta_7,2341.6,1957.2,8.5,-23.1,0.3,,,,
102.461,8,Atta_8,2694.6,1241.6,180.0,-31.6,-4.8,,,,
102.461,9,Atta_9,3480.0,2082.8,336.8,57.6,-5.3,,,,
102.461,10,Atta_10,3237.2,2026.0,274.0,44.0,-1.7,,,,
102.526,1,Atta_1,2794.6,1728.6,332.7,-21.5,-2.5,,,,
102.526,2,Atta_2,3051.5,798.8,53.6,48.8,0.5,,,,
102.526,3,Atta_3,3252.5,728.9,332.1,-85.5,-6.4,,,,
102.526,4,Atta_4,3535.8,723.9,98.9,38.3,0.4,,,,
102.526,5,Atta_5,2555.1,1006.3,335.0,-31.1,1.3,,,,
102.526,6,Atta_6,2667.3,1511.4,291.8,30.6,-0.2,,,,
102.526,7,Atta_7,2391.0,1947.0,8.3,50.4,-0.2,,,,
102.526,8,Atta_8,2700.6,1247.7,175.3,-8.6,-4.7,,,,
102.526,9,Atta_9,3487.0,2128.5,338.6,-46.2,1.8,,,,
102.526,10,Atta_10,3266.1,2020.0,271.9,29.5,-2.1,,,,
102.595,1,Atta_1,2760.1,1844.2,333.0,-120.6,0.3,,,,
102.595,2,Atta_2,3035.1,799.5,55.2,-16.4,1.6,,,,
102.595,3,Atta_3,3289.5,772.6,326.1,57.3,-6.0,,,,
102.595,4,Atta_4,3545.0,723.0,102.1,-9.2,3.2,,,,
102.595,5,Atta_5,2492.6,1028.2,334.1,-66.2,-0.9,,,,
102.595,6,Atta_6,2689.2,1410.6,291.3,103.2,-0.5,,,,
102.595,7,Atta_7,2404.7,1912.5,6.8,37.1,-1.5,,,,
102.595,8,Atta_8,2668.7,1215.1,172.1,45.6,-3.2,,,,
102.595,9,Atta_9,3487.4,2118.2,335.0,10.3,-3.6,,,,
102.595,10,Atta_10,3241.0,2022.5,277.2,-25.2,5.3,,,,
102.665,1,Atta_1,2825.2,1723.9,333.5,136.8,0.5,,,,
102.665,2,Atta_2,3045.3,814.8,56.8,18.4,1.6,,,,
102.665,3,Atta_3,3254.9,724.8,323.5,-59.0,-2.6,,,,
102.665,4,Atta_4,3570.2,662.4,99.7,-65.6,-2.4,,,,
102.665,5,Atta_5,2549.7,1021.8,331.4,57.5,-2.7,,,,
102.665,6,Atta_6,2646.8,1503.5,292.9,-102.1,1.6,,,,
102.665,7,Atta_7,2352.2,1943.5,4.6,-61.0,-2.2,,,,
102.665,8,Atta_8,2696.2,1209.2,165.9,-28.1,-6.2,,,,
102.665,9,Atta_9,3451.1,2108.0,337.1,-37.7,2.1,,,,
102.665,10,Atta_10,3184.9,2080.6,271.4,-80.8,-5.8,,,,
102.72,1,Atta_1,2773.3,1732.1,333.1,-52.5,-0.4,,,,
102.72,2,Atta_2,3029.3,873.8,51.4,61.1,-5.4,,,,
102.72,3,Atta_3,3260.7,767.0,316.1,-42.6,-7.4,,,,
102.72,4,Atta_4,3512.2,717.5,100.0,80.0,0.3,,,,
102.72,5,Atta_5,2538.9,996.4,335.0,27.6,3.6,,,,
102.72,6,Atta_6,2633.8,1516.0,294.3,-18.0,1.4,,,,
102.72,7,Atta_7,2316.6,2006.6,5.0,-72.4,0.4,,,,
102.72,8,Atta_8,2666.1,1170.9,154.9,48.7,-11.0,,,,
102.72,9,Atta_9,3455.8,2095.5,342.9,13.4,5.8,,,,
102.72,10,Atta_10,3206.7,1999.6,275.6,83.9,4.2,,,,
102.787,1,Atta_1,2770.7,1743.1,337.4,-11.3,4.3,,,,
102.787,2,Atta_2,2980.5,861.3,53.7,-50.4,2.3,,,,
102.787,3,Atta_3,3246.6,747.3,313.9,24.2,-2.2,,,,
102.787,4,Atta_4,3539.5,686.2,100.6,-41.5,0.6,,,,
102.787,5,Atta_5,2552.2,1042.5,337.6,-48.0,2.6,,,,
102.787,6,Atta_6,2681.0,1488.5,288.7,54.6,-5.6,,,,
102.787,7,Atta_7,2441.3,2048.4,5.9,131.5,0.9,,,,
102.787,8,Atta_8,2705.6,1181.3,152.4,-40.8,-2.5,,,,
102.787,9,Atta_9,3482.6,2086.7,337.6,28.2,-5.3,,,,
102.787,10,Atta_10,3213.2,2045.8,273.9,-46.7,-1.7,,,,
102.853,1,Atta_1,2813.7,1732.6,335.9,44.3,-1.5,,,,
102.853,2,Atta_2,3036.8,840.9,52.2,59.9,-1.5,,,,
102.853,3,Atta_3,3232.0,770.3,309.9,-27.2,-4.0,,,,
102.853,4,Atta_4,3501.7,699.2,101.9,40.0,1.3,,,,
102.853,5,Atta_5,2533.9,1037.2,333.8,-19.1,-3.8,,,,
102.853,6,Atta_6,2660.2,1541.7,291.6,-57.1,2.9,,,,
102.853,7,Atta_7,2442.3,2017.8,6.2,-30.6,0.3,,,,
102.853,8,Atta_8,2691.9,1261.1,156.4,81.0,4.0,,,,
102.853,9,Atta_9,3442.9,2149.6,342.7,-74.4,5.1,,,,
102.853,10,Atta_10,3212.6,2069.9,271.3,-24.1,-2.6,,,,
102.923,1,Atta_1,2822.9,1802.8,330.8,-70.8,-5.1,,,,
102.923,2,Atta_2,3128.6,772.9,53.6,114.2,1.4,,,,
102.923,3,Atta_3,3250.1,824.2,306.5,-56.9,-3.4,,,,
102.923,4,Atta_4,3536.1,628.6,97.8,-78.5,-4.1,,,,
102.923,5,Atta_5,2528.1,1022.5,334.3,15.8,0.5,,,,
102.923,6,Atta_6,2709.2,1488.7,292.3,72.2,0.7,,,,
102.923,7,Atta_7,2426.7,2001.6,2.0,-22.5,-4.2,,,,
102.923,8,Atta_8,2714.2,1191.6,145.3,-73.0,-11.1,,,,
102.923,9,Atta_9,3490.5,2124.4,337.4,53.9,-5.3,,,,
102.923,10,Atta_10,3197.0,2029.1,275.7,43.7,4.4,,,,
102.988,1,Atta_1,2821.1,1750.8,330.4,52.0,-0.4,,,,
102.988,2,Atta_2,2984.1,794.7,55.5,-146.1,1.9,,,,
102.988,3,Atta_3,3244.4,754.5,302.8,69.9,-3.7,,,,
102.988,4,Atta_4,3482.7,677.8,100.8,72.6,3.0,,,,
102.988,5,Atta_5,2468.0,1050.7,337.6,-66.4,3.3,,,,
102.988,6,Atta_6,2675.9,1517.1,295.8,-43.8,3.5,,,,
102.988,7,Atta_7,2437.5,1973.8,8.1,29.8,6.1,,,,
102.988,8,Atta_8,2657.7,1232.4,143.4,69.7,-1.9,,,,
102.988,9,Atta_9,3506.5,2043.2,333.9,82.8,-3.5,,,,
102.988,10,Atta_10,3221.5,2072.4,275.6,-49.8,-0.1,,,,
103.054,1,Atta_1,2763.4,1751.0,332.1,-57.7,1.7,,,,
103.054,2,Atta_2,3011.0,878.0,54.0,87.5,-1.5,,,,
103.054,3,Atta_3,3245.4,772.8,296.2,-18.3,-6.6,,,,
103.054,4,Atta_4,3479.0,707.1,100.8,29.5,0.0,,,,
103.054,5,Atta_5,2500.7,1073.9,341.8,40.1,4.2,,,,
103.054,6,Atta_6,2685.4,1505.4,290.3,15.1,-5.5,,,,
103.054,7,Atta_7,2465.1,2027.7,3.7,60.6,-4.4,,,,
103.054,8,Atta_8,2722.7,1195.8,142.7,-74.6,-0.7,,,,
103.054,9,Atta_9,3521.6,2104.8,335.9,-63.4,2.0,,,,
103.054,10,Atta_10,3178.9,2034.0,275.8,57.4,0.2,,,,
103.125,1,Atta_1,2844.3,1709.1,329.1,91.1,-3.0,,,,
103.125,2,Atta_2,3036.1,859.8,57.7,31.0,3.7,,,,
103.125,3,Atta_3,3252.4,814.2,287.8,-42.0,-8.4,,,,
103.125,4,Atta_4,3502.5,752.8,102.7,51.4,1.9,,,,
103.125,5,Atta_5,2480.8,1039.7,348.3,-39.6,6.5,,,,
103.125,6,Atta_6,2724.2,1464.4,295.9,56.4,5.6,,,,
103.125,7,Atta_7,2434.8,1970.6,1.6,-64.6,-2.1,,,,
103.125,8,Atta_8,2731.6,1255.6,132.9,60.5,-9.8,,,,
103.125,9,Atta_9,3493.2,2146.9,339.3,-50.8,3.4,,,,
103.125,10,Atta_10,3225.7,2008.6,272.4,53.2,-3.4,,,,
103.179,1,Atta_1,2778.0,1759.6,335.3,-83.3,6.2,,,,
103.179,2,Atta_2,3058.2,831.4,52.0,-36.0,-5.7,,,,
103.179,3,Atta_3,3277.0,770.3,294.1,50.3,6.3,,,,
103.179,4,Atta_4,3590.4,695.0,100.2,-105.2,-2.5,,,,
103.179,5,Atta_5,2486.0,1091.2,350.2,-51.8,1.9,,,,
103.179,6,Atta_6,2700.4,1507.1,291.6,-48.9,-4.3,,,,
103.179,7,Atta_7,2521.9,1999.0,4.0,91.6,2.4,,,,
103.179,8,Atta_8,2672.7,1222.8,129.8,67.4,-3.1,,,,
103.179,9,Atta_9,3449.4,2072.3,338.0,-86.5,-1.3,,,,
103.179,10,Atta_10,3241.0,2025.7,275.1,-22.9,2.7,,,,
103.249,1,Atta_1,2760.0,1747.8,337.4,-21.5,2.1,,,,
103.249,2,Atta_2,3058.5,857.3,53.1,25.9,1.1,,,,
103.249,3,Atta_3,3235.4,813.2,293.4,-59.8,-0.7,,,,
103.249,4,Atta_4,3526.9,655.3,100.3,-74.9,0.1,,,,
103.249,5,Atta_5,2502.8,1070.4,351.7,26.7,1.5,,,,
103.249,6,Atta_6,2714.2,1521.6,291.9,-20.0,0.3,,,,
103.249,7,Atta_7,2484.1,1968.9,5.9,-48.3,1.9,,,,
103.249,8,Atta_8,2725.2,1178.9,128.3,-68.4,-1.5,,,,
103.249,9,Atta_9,3516.0,2126.1,343.3,85.6,5.3,,,,
103.249,10,Atta_10,3211.1,2064.1,275.9,-48.7,0.8,,,,
103.303,1,Atta_1,2764.4,1752.2,335.7,6.2,-1.7,,,,
103.303,2,Atta_2,3032.2,840.2,55.3,-31.4,2.2,,,,
103.303,3,Atta_3,3240.3,733.9,296.1,79.5,2.7,,,,
103.303,4,Atta_4,3535.6,715.6,101.2,60.9,0.9,,,,
103.303,5,Atta_5,2475.3,1073.0,356.6,-27.6,4.9,,,,
103.303,6,Atta_6,2687.2,1534.7,292.5,-30.0,0.6,,,,
103.303,7,Atta_7,2447.6,1997.1,6.2,-46.1,0.3,,,,
103.303,8,Atta_8,2650.2,1212.4,121.1,82.1,-7.2,,,,
103.303,9,Atta_9,3491.3,2115.5,338.7,-26.9,-4.6,,,,
103.303,10,Atta_10,3186.1,2070.2,272.4,-25.7,-3.5,,,,
103.369,1,Atta_1,2791.0,1768.6,335.1,31.2,-0.6,,,,
103.369,2,Atta_2,3040.5,835.1,56.9,9.7,1.6,,,,
103.369,3,Atta_3,3271.4,740.6,291.0,31.8,-5.1,,,,
103.369,4,Atta_4,3574.5,683.7,100.5,-50.3,-0.7,,,,
103.369,5,Atta_5,2508.8,1035.6,1.1,50.2,4.5,,,,
103.369,6,Atta_6,2669.0,1520.2,293.0,23.3,0.5,,,,
103.369,7,Atta_7,2499.9,2011.1,2.5,54.1,-3.7,,,,
103.369,8,Atta_8,2701.0,1188.6,120.8,-56.1,-0.3,,,,
103.369,9,Atta_9,3544.2,2105.5,339.0,53.8,0.3,,,,
103.369,10,Atta_10,3227.3,2022.0,277.8,63.4,5.4,,,,
103.437,1,Atta_1,2794.3,1720.2,334.6,48.5,-0.5,,,,
103.437,2,Atta_2,3032.6,877.0,52.1,42.6,-4.8,,,,
103.437,3,Atta_3,3325.9,737.0,292.5,54.6,1.5,,,,
103.437,4,Atta_4,3491.1,641.1,99.9,-93.6,-0.6,,,,
103.437,5,Atta_5,2521.4,1077.9,3.6,44.1,2.5,,,,
103.437,6,Atta_6,2698.5,1497.5,291.1,37.2,-1.9,,,,
103.437,7,Atta_7,2548.9,2036.6,7.5,55.2,5.0,,,,
103.437,8,Atta_8,2667.3,1197.3,111.3,34.8,-9.5,,,,
103.437,9,Atta_9,3429.1,2064.6,340.6,-122.2,1.6,,,,
103.437,10,Atta_10,3268.0,1967.7,274.6,67.9,-3.2,,,,
103.503,1,Atta_1,2782.8,1760.1,333.9,-41.5,-0.7,,,,
103.503,2,Atta_2,3029.4,828.8,53.6,-48.3,1.5,,,,
103.503,3,Atta_3,3263.0,741.9,292.1,-63.1,-0.4,,,,
103.503,4,Atta_4,3516.4,645.5,98.5,-25.7,-1.4,,,,
103.503,5,Atta_5,2487.5,1021.8,10.8,-65.5,7.2,,,,
103.503,6,Atta_6,2642.5,1477.2,294.8,-59.6,3.7,,,,
103.503,7,Atta_7,2544.5,1954.2,4.5,-82.5,-3.0,,,,
103.503,8,Atta_8,2672.6,1238.8,108.7,41.8,-2.6,,,,
103.503,9,Atta_9,3483.6,2123.3,339.5,80.1,-1.1,,,,
103.503,10,Atta_10,3183.2,2025.8,276.3,-102.8,1.7,,,,
103.634,1,Atta_1,2827.3,1753.5,332.4,45.0,-1.5,,,,
103.634,2,Atta_2,3027.4,796.8,52.4,-32.1,-1.2,,,,
103.634,3,Atta_3,3270.9,720.5,296.0,22.8,3.9,,,,
103.634,4,Atta_4,3534.0,659.7,97.0,22.6,-1.5,,,,
103.634,5,Atta_5,2471.4,1045.9,18.1,-29.0,7.3,,,,
103.634,6,Atta_6,2652.1,1543.7,290.6,-67.2,-4.2,,,,
103.634,7,Atta_7,2612.6,1995.2,4.9,79.5,0.4,,,,
103.634,8,Atta_8,2690.2,1274.3,101.4,39.6,-7.3,,,,
103.634,9,Atta_9,3433.7,2121.2,338.6,-49.9,-0.9,,,,
103.634,10,Atta_10,3268.8,1999.5,275.6,89.5,-0.7,,,,
103.7,1,Atta_1,2751.8,1702.0,335.5,-91.4,3.1,,,,
103.7,2,Atta_2,2985.5,785.5,59.9,-43.4,7.5,,,,
103.7,3,Atta_3,3342.4,740.5,292.2,74.2,-3.8,,,,
103.7,4,Atta_4,3536.4,669.9,97.7,10.5,0.7,,,,
103.7,5,Atta_5,2503.8,1109.2,25.1,71.1,7.0,,,,
103.7,6,Atta_6,2651.5,1488.6,295.0,55.1,4.4,,,,
103.7,7,Atta_7,2577.5,1983.1,2.4,-37.1,-2.5,,,,
103.7,8,Atta_8,2683.1,1189.1,94.5,-85.5,-6.9,,,,
103.7,9,Atta_9,3445.8,2061.5,338.1,60.9,-0.5,,,,
103.7,10,Atta_10,3273.4,2019.5,274.2,-20.5,-1.4,,,,
103.768,1,Atta_1,2803.5,1750.8,334.5,71.1,-1.0,,,,
103.768,2,Atta_2,3070.2,841.5,52.1,101.5,-7.8,,,,
103.768,3,Atta_3,3223.7,776.7,294.3,-124.1,2.1,,,,
103.768,4,Atta_4,3507.3,714.6,99.2,53.3,1.5,,,,
103.768,5,Atta_5,2483.9,1041.5,31.0,-70.6,5.9,,,,
103.768,6,Atta_6,2757.4,1498.8,294.5,106.4,-0.5,,,,
103.768,7,Atta_7,2594.0,1977.6,7.9,17.4,5.5,,,,
103.768,8,Atta_8,2715.2,1251.4,91.3,70.1,-3.2,,,,
103.768,9,Atta_9,3505.7,2038.4,334.9,64.2,-3.2,,,,
103.768,10,Atta_10,3204.7,2026.4,276.1,-69.0,1.9,,,,
103.901,1,Atta_1,2769.5,1720.7,333.2,-45.4,-1.3,,,,
103.901,2,Atta_2,3030.6,778.1,52.7,-74.8,0.6,,,,
103.901,3,Atta_3,3275.1,665.9,290.0,122.1,-4.3,,,,
103.901,4,Atta_4,3506.0,674.4,96.9,-40.2,-2.3,,,,
103.901,5,Atta_5,2426.3,1018.1,28.2,-62.2,-2.8,,,,
103.901,6,Atta_6,2699.1,1506.8,291.7,-58.8,-2.8,,,,
103.901,7,Atta_7,2628.8,1984.9,4.7,35.6,-3.2,,,,
103.901,8,Atta_8,2687.2,1203.0,87.0,-55.9,-4.3,,,,
103.901,9,Atta_9,3490.8,2063.7,337.1,-29.4,2.2,,,,
103.901,10,Atta_10,3207.8,1986.6,275.3,39.9,-0.8,,,,
103.97,1,Atta_1,2783.3,1789.2,334.8,-69.9,1.6,,,,
103.97,2,Atta_2,3053.5,853.9,58.3,79.2,5.6,,,,
103.97,3,Atta_3,3292.3,724.2,284.1,-60.8,-5.9,,,,
103.97,4,Atta_4,3519.3,681.4,96.9,15.0,0.0,,,,
103.97,5,Atta_5,2478.2,1099.4,33.9,96.5,5.7,,,,
103.97,6,Atta_6,2681.0,1530.3,293.2,-29.7,1.5,,,,
103.97,7,Atta_7,2639.8,2027.1,9.1,43.6,4.4,,,,
103.97,8,Atta_8,2714.7,1203.9,89.9,27.5,2.9,,,,
103.97,9,Atta_9,3434.7,2126.8,337.7,-84.4,0.6,,,,
103.97,10,Atta_10,3239.2,2046.2,275.8,-67.4,0.5,,,,
104.039,1,Atta_1,2745.2,1756.9,332.6,-49.9,-2.2,,,,
104.039,2,Atta_2,3050.2,838.6,55.1,-15.7,-3.2,,,,
104.039,3,Atta_3,3279.4,719.2,285.1,13.8,1.0,,,,
104.039,4,Atta_4,3498.8,678.8,98.4,-20.7,1.5,,,,
104.039,5,Atta_5,2493.2,1045.7,31.8,-55.8,-2.1,,,,
104.039,6,Atta_6,2643.7,1485.2,294.6,58.5,1.4,,,,
104.039,7,Atta_7,2589.9,1996.3,9.8,-58.6,0.7,,,,
104.039,8,Atta_8,2642.3,1238.9,90.2,80.4,0.3,,,,
104.039,9,Atta_9,3520.8,2105.8,338.9,88.6,1.2,,,,
104.108,1,Atta_1,2731.8,1781.8,332.5,-28.3,-0.1,,,,
104.108,2,Atta_2,3054.7,844.8,53.2,7.7,-1.9,,,,
104.108,3,Atta_3,3322.8,693.0,279.0,50.7,-6.1,,,,
104.108,4,Atta_4,3533.7,698.3,96.3,40.0,-2.1,,,,
104.108,5,Atta_5,2469.9,1018.6,31.1,-35.7,-0.7,,,,
104.108,6,Atta_6,2695.6,1546.7,289.1,-80.5,-5.5,,,,
104.108,7,Atta_7,2585.2,1991.1,8.6,-7.0,-1.2,,,,
104.108,8,Atta_8,2697.0,1234.4,85.7,-54.9,-4.5,,,,
104.108,9,Atta_9,3523.5,2177.3,337.2,-71.6,-1.7,,,,
104.108,10,Atta_10,3239.0,1999.8,274.0,46.4,-1.8,,,,
104.162,1,Atta_1,2757.0,1747.1,333.0,42.9,0.5,,,,
104.162,2,Atta_2,3031.3,874.9,52.5,38.1,-0.7,,,,
104.162,3,Atta_3,3255.7,690.8,271.6,-67.1,-7.4,,,,
104.162,4,Atta_4,3516.7,623.3,99.0,-76.9,2.7,,,,
104.162,5,Atta_5,2419.6,1058.5,28.4,-64.2,-2.7,,,,
104.162,6,Atta_6,2610.4,1428.4,293.0,145.8,3.9,,,,
104.162,7,Atta_7,2602.1,2037.6,9.3,49.5,0.7,,,,
104.162,8,Atta_8,2732.2,1253.5,87.5,40.0,1.8,,,,
104.162,9,Atta_9,3518.4,2139.3,339.1,38.3,1.9,,,,
104.162,10,Atta_10,3224.6,2086.2,275.8,-87.6,1.8,,,,
104.23,1,Atta_1,2760.3,1766.2,331.3,-19.4,-1.7,,,,
104.23,2,Atta_2,3028.9,833.4,52.6,-41.6,0.1,,,,
104.23,3,Atta_3,3329.2,698.2,268.6,-73.9,-3.0,,,,
104.23,4,Atta_4,3531.3,740.9,98.1,118.5,-0.9,,,,
104.23,5,Atta_5,2493.0,1088.9,29.7,79.4,1.3,,,,
104.23,6,Atta_6,2735.2,1489.9,292.2,-139.1,-0.8,,,,
104.23,7,Atta_7,2612.5,1982.4,8.9,56.2,-0.4,,,,
104.23,8,Atta_8,2695.3,1210.7,90.7,-56.5,3.2,,,,
104.23,9,Atta_9,3447.1,2081.9,338.7,-91.5,-0.4,,,,
104.23,10,Atta_10,3197.4,1996.6,276.2,93.6,0.4,,,,
104.285,1,Atta_1,2760.6,1752.1,332.1,14.1,0.8,,,,
104.285,2,Atta_2,3033.8,784.5,58.2,-49.1,5.6,,,,
104.285,3,Atta_3,3239.8,709.7,265.5,-90.1,-3.1,,,,
104.285,4,Atta_4,3535.3,682.4,99.4,-58.6,1.3,,,,
104.285,5,Atta_5,2506.5,1127.5,32.2,40.9,2.5,,,,
104.285,6,Atta_6,2661.1,1500.4,291.1,-74.8,-1.1,,,,
104.285,7,Atta_7,2616.9,1941.9,8.7,-40.7,-0.2,,,,
104.285,8,Atta_8,2684.5,1230.2,88.2,22.3,-2.5,,,,
104.285,9,Atta_9,3383.0,2151.7,338.6,-94.8,-0.1,,,,
104.285,10,Atta_10,3221.3,2091.6,275.2,-98.0,-1.0,,,,
104.355,1,Atta_1,2792.0,1726.5,334.8,40.5,2.7,,,,
104.355,2,Atta_2,3059.8,827.7,50.7,50.4,-7.5,,,,
104.355,3,Atta_3,3291.2,740.9,260.8,-60.1,-4.7,,,,
104.355,4,Atta_4,3512.1,656.6,102.4,-34.7,3.0,,,,
104.355,5,Atta_5,2518.4,1050.6,30.9,-77.8,-1.3,,,,
104.355,6,Atta_6,2672.2,1524.3,292.9,-26.4,1.8,,,,
104.355,7,Atta_7,2624.2,1958.3,8.9,18.0,0.2,,,,
104.355,8,Atta_8,2639.2,1260.8,90.3,54.7,2.1,,,,
104.355,9,Atta_9,3463.8,2049.9,340.0,130.0,1.4,,,,
104.355,10,Atta_10,3171.3,2037.0,273.5,74.0,-1.7,,,,
104.425,1,Atta_1,2809.7,1780.3,336.9,-56.6,2.1,,,,
104.425,2,Atta_2,3064.1,808.6,54.1,-19.6,3.4,,,,
104.425,3,Atta_3,3317.9,715.2,258.1,37.1,-2.7,,,,
104.425,4,Atta_4,3550.0,674.6,99.1,42.0,-3.3,,,,
104.425,5,Atta_5,2523.9,1088.0,34.8,37.8,3.9,,,,
104.425,6,Atta_6,2665.2,1511.3,292.3,14.8,-0.6,,,,
104.425,7,Atta_7,2659.5,1986.4,7.1,45.1,-1.8,,,,
104.425,8,Atta_8,2702.5,1210.7,90.7,-80.7,0.4,,,,
104.425,9,Atta_9,3478.7,2111.8,338.9,-63.7,-1.1,,,,
104.425,10,Atta_10,3221.5,2074.0,275.0,-62.4,1.5,,,,
104.479,1,Atta_1,2778.9,1776.4,334.3,-31.0,-2.6,,,,
104.479,2,Atta_2,3092.1,849.4,55.9,49.5,1.8,,,,
104.479,3,Atta_3,3297.2,665.7,247.1,53.7,-11.0,,,,
104.479,4,Atta_4,3483.8,679.9,97.5,66.4,-1.6,,,,
104.479,5,Atta_5,2533.1,1110.5,30.8,24.3,-4.0,,,,
104.479,6,Atta_6,2608.5,1488.1,292.1,-61.3,-0.2,,,,
104.479,7,Atta_7,2588.9,2005.9,11.3,-73.2,4.2,,,,
104.479,8,Atta_8,2727.5,1250.7,86.4,47.2,-4.3,,,,
104.479,9,Atta_9,3495.7,2130.0,341.3,24.9,2.4,,,,
104.479,10,Atta_10,3260.9,2026.9,273.6,61.4,-1.4,,,,
104.549,1,Atta_1,2819.8,1764.8,332.1,42.5,-2.2,,,,
104.549,2,Atta_2,3072.8,830.9,51.5,-26.7,-4.4,,,,
104.549,3,Atta_3,3265.8,667.1,245.1,31.4,-2.0,,,,
104.549,4,Atta_4,3484.4,692.1,98.4,12.2,0.9,,,,
104.549,5,Atta_5,2498.9,1081.5,29.7,-44.8,-1.1,,,,
104.549,6,Atta_6,2686.7,1512.8,293.9,82.0,1.8,,,,
104.549,7,Atta_7,2652.2,2026.1,11.4,66.4,0.1,,,,
104.549,8,Atta_8,2659.1,1256.2,88.9,68.6,2.5,,,,
104.549,9,Atta_9,3495.0,2085.4,340.0,44.6,-1.3,,,,
104.549,10,Atta_10,3179.6,2121.9,274.8,-125.0,1.2,,,,
104.615,1,Atta_1,2758.4,1780.8,333.2,-63.5,1.1,,,,
104.615,2,Atta_2,3071.4,856.4,57.5,25.5,6.0,,,,
104.615,3,Atta_3,3244.5,695.2,242.5,-35.3,-2.6,,,,
104.615,4,Atta_4,3491.8,707.7,99.0,17.3,0.6,,,,
104.615,5,Atta_5,2525.3,1052.6,32.3,39.1,2.6,,,,
104.615,6,Atta_6,2717.1,1477.6,293.0,46.5,-0.9,,,,
104.615,7,Atta_7,2674.6,1998.2,10.9,35.8,-0.5,,,,
104.615,8,Atta_8,2668.4,1266.0,89.4,13.5,0.5,,,,
104.615,9,Atta_9,3476.5,2104.1,341.2,-26.3,1.2,,,,
104.615,10,Atta_10,3214.0,2041.5,275.9,87.5,1.1,,,,
104.684,1,Atta_1,2768.9,1749.0,336.1,33.5,2.9,,,,
104.684,2,Atta_2,3014.7,755.6,54.1,-115.7,-3.4,,,,
104.684,3,Atta_3,3329.1,716.8,232.6,-87.3,-9.9,,,,
104.684,4,Atta_4,3555.8,677.5,98.6,-70.8,-0.4,,,,
104.684,5,Atta_5,2548.0,1102.0,28.7,54.4,-3.6,,,,
104.684,6,Atta_6,2657.9,1509.3,293.9,-67.2,0.9,,,,
104.684,7,Atta_7,2691.4,2013.9,11.7,23.0,0.8,,,,
104.684,8,Atta_8,2716.3,1279.4,89.3,49.7,-0.1,,,,
104.684,9,Atta_9,3447.9,2134.5,339.7,-41.7,-1.5,,,,
104.684,10,Atta_10,3222.2,2013.8,272.9,28.9,-3.0,,,,
104.751,1,Atta_1,2759.2,1689.3,337.5,60.5,1.4,,,,
104.751,2,Atta_2,3090.9,871.6,54.4,138.8,0.3,,,,
104.751,3,Atta_3,3282.3,718.1,235.3,46.8,2.7,,,,
104.751,4,Atta_4,3551.0,673.8,102.6,-6.1,4.0,,,,
104.751,5,Atta_5,2593.3,1116.8,30.3,47.7,1.6,,,,
104.751,6,Atta_6,2640.6,1535.9,292.0,-31.7,-1.9,,,,
104.751,7,Atta_7,2675.8,2004.2,9.7,-18.4,-2.0,,,,
104.751,8,Atta_8,2666.1,1266.2,90.9,-51.9,1.6,,,,
104.751,9,Atta_9,3452.7,2082.7,338.8,52.0,-0.9,,,,
104.751,10,Atta_10,3166.5,2030.4,272.5,-58.1,-0.4,,,,
104.807,1,Atta_1,2754.9,1756.6,335.6,-67.4,-1.9,,,,
104.807,2,Atta_2,3031.3,800.3,57.0,-92.9,2.6,,,,
104.807,3,Atta_3,3237.4,663.4,228.3,70.8,-7.0,,,,
104.807,4,Atta_4,3501.5,752.1,102.3,92.6,-0.3,,,,
104.807,5,Atta_5,2535.4,1096.4,33.1,-61.4,2.8,,,,
104.807,6,Atta_6,2676.6,1495.9,292.9,53.8,0.9,,,,
104.807,7,Atta_7,2642.4,2005.0,6.8,-33.4,-2.9,,,,
104.807,8,Atta_8,2640.9,1225.4,85.0,-48.0,-5.9,,,,
104.807,9,Atta_9,3486.1,2034.1,337.1,59.0,-1.7,,,,
104.807,10,Atta_10,3223.2,2015.0,271.0,58.8,-1.5,,,,
104.877,1,Atta_1,2786.0,1758.7,333.7,31.2,-1.9,,,,
104.877,2,Atta_2,2990.7,837.7,54.6,55.2,-2.4,,,,
104.877,3,Atta_3,3192.2,690.0,223.6,52.4,-4.7,,,,
104.877,4,Atta_4,3561.8,721.0,97.2,-67.8,-5.1,,,,
104.877,5,Atta_5,2563.3,1120.4,29.4,36.8,-3.7,,,,
104.877,6,Atta_6,2684.6,1496.0,293.7,8.0,0.8,,,,
104.877,7,Atta_7,2652.3,1986.9,11.4,20.6,4.6,,,,
104.877,8,Atta_8,2733.4,1263.0,89.2,99.8,4.2,,,,
104.877,9,Atta_9,3459.8,2093.9,335.6,-65.3,-1.5,,,,
104.877,10,Atta_10,3212.8,2040.2,280.0,-27.3,9.0,,,,
104.947,1,Atta_1,2802.7,1781.4,331.5,28.2,-2.2,,,,
104.947,2,Atta_2,3037.8,810.2,56.0,54.5,1.4,,,,
104.947,3,Atta_3,3242.7,674.7,219.6,-52.8,-4.0,,,,
104.947,4,Atta_4,3544.3,714.1,95.0,-18.8,-2.2,,,,
104.947,5,Atta_5,2587.2,1057.0,26.2,-67.8,-3.2,,,,
104.947,6,Atta_6,2715.5,1516.6,292.2,-37.1,-1.5,,,,
104.947,7,Atta_7,2777.7,2011.3,9.4,127.8,-2.0,,,,
104.947,8,Atta_8,2685.8,1231.6,86.2,-57.0,-3.0,,,,
104.947,9,Atta_9,3495.1,2071.1,340.4,42.0,4.8,,,,
104.947,10,Atta_10,3236.4,2022.4,275.4,29.6,-4.6,,,,
105.017,1,Atta_1,2750.8,1772.7,336.4,-52.6,4.9,,,,
105.017,2,Atta_2,3047.9,840.5,55.2,31.9,-0.8,,,,
105.017,3,Atta_3,3206.1,685.2,216.9,38.1,-2.7,,,,
105.017,4,Atta_4,3544.5,657.8,98.5,-56.3,3.5,,,,
105.017,5,Atta_5,2628.5,1110.6,16.8,67.7,-9.4,,,,
105.017,6,Atta_6,2677.1,1502.2,289.4,-41.0,-2.8,,,,
105.017,7,Atta_7,2694.0,2001.4,6.4,-84.3,-3.0,,,,
105.017,8,Atta_8,2664.7,1302.9,94.8,74.4,8.6,,,,
105.017,9,Atta_9,3455.7,2072.2,338.3,-39.4,-2.1,,,,
105.017,10,Atta_10,3192.1,2067.0,275.0,-62.9,-0.4,,,,
105.086,1,Atta_1,2775.6,1722.8,333.0,55.7,-3.4,,,,
105.086,2,Atta_2,3043.6,796.9,53.7,-43.8,-1.5,,,,
105.086,3,Atta_3,3266.6,717.5,209.4,-68.6,-7.5,,,,
105.086,4,Atta_4,3495.2,668.6,99.1,50.5,0.6,,,,
105.086,5,Atta_5,2633.1,1121.3,18.9,11.6,2.1,,,,
105.086,6,Atta_6,2699.8,1512.9,293.3,-25.1,3.9,,,,
105.086,7,Atta_7,2732.4,2006.4,10.4,38.7,4.0,,,,
105.086,8,Atta_8,2684.0,1285.9,88.8,-25.7,-6.0,,,,
105.086,9,Atta_9,3492.3,2046.4,334.5,44.8,-3.8,,,,
105.086,10,Atta_10,3168.3,2013.0,276.5,59.0,1.5,,,,
105.155,1,Atta_1,2786.4,1736.9,335.5,17.8,2.5,,,,
105.155,2,Atta_2,3008.3,821.2,56.2,-42.9,2.5,,,,
105.155,3,Atta_3,3332.3,720.0,202.6,-65.7,-6.8,,,,
105.155,4,Atta_4,3522.9,690.9,98.2,35.6,-0.9,,,,
105.155,5,Atta_5,2614.8,1114.1,11.9,-19.7,-7.0,,,,
105.155,6,Atta_6,2724.3,1505.7,292.5,25.5,-0.8,,,,
105.155,7,Atta_7,2726.9,1999.8,6.3,-8.6,-4.1,,,,
105.155,8,Atta_8,2696.0,1230.1,90.3,-57.1,1.5,,,,
105.155,9,Atta_9,3494.7,2087.2,341.8,-40.9,7.3,,,,
105.155,10,Atta_10,3208.0,2083.8,273.1,-81.2,-3.4,,,,
105.28,1,Atta_1,2847.9,1756.7,332.5,64.6,-3.0,,,,
105.28,2,Atta_2,3040.5,787.0,53.9,-47.0,-2.3,,,,
105.28,3,Atta_3,3304.8,691.2,202.9,39.8,0.3,,,,
105.28,4,Atta_4,3553.3,712.1,99.6,37.1,1.4,,,,
105.28,5,Atta_5,2592.9,1094.1,10.2,-29.7,-1.7,,,,
105.28,6,Atta_6,2713.7,1490.9,287.7,18.2,-4.8,,,,
105.28,7,Atta_7,2704.3,2038.8,8.0,-45.1,1.7,,,,
105.28,8,Atta_8,2701.6,1293.2,86.2,63.3,-4.1,,,,
105.28,9,Atta_9,3417.7,2070.9,335.5,-78.7,-6.3,,,,
105.28,10,Atta_10,3237.3,2061.7,269.6,36.7,-3.5,,,,
105.349,1,Atta_1,2788.1,1759.4,337.6,-59.9,5.1,,,,
105.349,2,Atta_2,2996.4,858.3,55.2,83.8,1.3,,,,
105.349,3,Atta_3,3282.0,668.4,196.0,32.2,-6.9,,,,
105.349,4,Atta_4,3522.0,678.8,98.6,-45.7,-1.0,,,,
105.349,5,Atta_5,2575.4,1119.6,5.8,-30.9,-4.4,,,,
105.349,6,Atta_6,2643.6,1498.7,291.6,-70.5,3.9,,,,
105.349,7,Atta_7,2760.0,1960.0,11.0,96.5,3.0,,,,
105.349,8,Atta_8,2688.2,1295.1,87.3,13.5,1.1,,,,
105.349,9,Atta_9,3472.0,2150.7,340.9,96.5,5.4,,,,
105.349,10,Atta_10,3264.3,2017.0,276.4,52.2,6.8,,,,
105.415,1,Atta_1,2821.2,1751.6,335.6,34.0,-2.0,,,,
105.415,2,Atta_2,3010.4,794.6,55.8,-65.2,0.6,,,,
105.415,3,Atta_3,3248.5,707.3,192.9,51.3,-3.1,,,,
105.415,4,Atta_4,3550.0,714.5,100.7,45.4,2.1,,,,
105.415,5,Atta_5,2635.8,1123.5,359.8,60.5,-6.0,,,,
105.415,6,Atta_6,2692.1,1511.0,293.2,50.0,1.6,,,,
105.415,7,Atta_7,2763.0,2045.8,9.0,85.9,-2.0,,,,
105.415,8,Atta_8,2653.9,1290.2,88.8,-34.6,1.5,,,,
105.415,9,Atta_9,3405.2,2070.2,335.7,-104.6,-5.2,,,,
105.415,10,Atta_10,3222.5,2064.9,275.8,-63.6,-0.6,,,,
105.485,1,Atta_1,2802.8,1805.6,338.3,-57.0,2.7,,,,
105.485,2,Atta_2,3026.2,885.1,54.6,91.9,-1.2,,,,
105.485,3,Atta_3,3274.3,741.5,193.4,-42.8,0.5,,,,
105.485,4,Atta_4,3547.2,724.4,100.6,10.3,-0.1,,,,
105.485,5,Atta_5,2640.4,1113.7,360.0,10.8,0.2,,,,
105.485,6,Atta_6,2705.8,1505.7,293.5,14.7,0.3,,,,
105.485,7,Atta_7,2776.9,1981.9,9.3,65.4,0.3,,,,
105.485,8,Atta_8,2703.9,1268.6,91.8,-54.5,3.0,,,,
105.485,9,Atta_9,3390.4,2098.5,336.5,-31.9,0.8,,,,
105.485,10,Atta_10,3212.4,2055.5,274.0,13.8,-1.8,,,,
105.554,1,Atta_1,2766.8,1749.6,331.4,-66.6,-6.9,,,,
105.554,2,Atta_2,3051.3,789.7,56.2,-98.6,1.6,,,,
105.554,3,Atta_3,3263.1,679.6,192.0,62.9,-1.4,,,,
105.554,4,Atta_4,3522.1,668.1,99.0,-61.6,-1.6,,,,
105.554,5,Atta_5,2612.4,1103.5,350.5,-29.8,-9.5,,,,
105.554,6,Atta_6,2648.5,1525.3,294.3,-60.6,0.8,,,,
105.554,7,Atta_7,2798.3,2024.3,8.0,47.5,-1.3,,,,
105.554,8,Atta_8,2666.5,1264.5,92.5,-37.6,0.7,,,,
105.554,9,Atta_9,3466.8,2080.7,338.2,78.4,1.7,,,,
105.554,10,Atta_10,3246.9,2025.9,276.3,45.5,2.3,,,,
105.623,1,Atta_1,2774.3,1770.7,334.4,-22.4,3.0,,,,
105.623,2,Atta_2,3004.3,837.8,54.4,67.3,-1.8,,,,
105.623,3,Atta_3,3307.9,708.9,194.1,-53.5,2.1,,,,
105.623,4,Atta_4,3526.9,724.6,96.8,56.7,-2.2,,,,
105.623,5,Atta_5,2567.2,1096.5,344.6,-45.7,-5.9,,,,
105.623,6,Atta_6,2689.3,1509.7,293.4,43.7,-0.9,,,,
105.623,7,Atta_7,2864.9,2010.7,9.2,68.0,1.2,,,,
105.623,8,Atta_8,2686.0,1272.5,90.7,21.1,-1.8,,,,
105.623,9,Atta_9,3465.5,2087.5,339.7,-6.9,1.5,,,,
105.623,10,Atta_10,3205.1,2036.0,271.2,-43.0,-5.1,,,,
105.689,1,Atta_1,2824.5,1839.9,335.8,85.5,1.4,,,,
105.689,2,Atta_2,3065.9,803.9,53.9,70.3,-0.5,,,,
105.689,3,Atta_3,3283.3,716.1,188.9,25.6,-5.2,,,,
105.689,4,Atta_4,3481.0,678.1,97.7,-65.3,0.9,,,,
105.689,5,Atta_5,2582.4,1147.8,336.4,53.5,-8.2,,,,
105.689,6,Atta_6,2682.2,1462.7,291.6,47.5,-1.8,,,,
105.689,7,Atta_7,2873.4,2119.3,10.2,108.9,1.0,,,,
105.689,8,Atta_8,2654.4,1288.9,89.9,35.6,-0.8,,,,
105.689,9,Atta_9,3470.5,2096.3,335.6,10.1,-4.1,,,,
105.689,10,Atta_10,3245.8,1995.7,272.5,57.3,1.3,,,,
105.823,1,Atta_1,2797.2,1796.3,332.1,-51.4,-3.7,,,,
105.823,2,Atta_2,2995.7,816.6,55.0,-71.3,1.1,,,,
105.823,3,Atta_3,3245.7,725.9,190.9,38.9,2.0,,,,
105.823,4,Atta_4,3544.4,677.3,101.7,-63.4,4.0,,,,
105.823,5,Atta_5,2573.4,1142.1,331.6,-10.7,-4.8,,,,
105.823,6,Atta_6,2666.8,1474.3,291.1,-19.3,-0.5,,,,
105.823,7,Atta_7,2808.1,2064.9,6.1,-85.0,-4.1,,,,
105.823,8,Atta_8,2706.4,1291.4,88.7,52.1,-1.2,,,,
105.823,9,Atta_9,3456.9,2067.4,336.8,-31.9,1.2,,,,
105.823,10,Atta_10,3186.6,2034.5,276.5,-70.8,4.0,,,,
105.885,1,Atta_1,2795.0,1780.0,333.7,16.4,1.6,,,,
105.885,2,Atta_2,3003.4,796.5,51.9,-21.5,-3.1,,,,
105.885,3,Atta_3,3239.2,713.4,191.1,14.1,0.2,,,,
105.885,4,Atta_4,3490.4,722.3,101.1,70.3,-0.6,,,,
105.885,5,Atta_5,2570.1,1125.9,326.9,16.5,-4.7,,,,
105.885,6,Atta_6,2665.8,1457.7,290.4,16.6,-0.7,,,,
105.885,7,Atta_7,2826.8,2072.9,6.0,20.3,-0.1,,,,
105.885,8,Atta_8,2694.3,1277.0,87.2,-18.8,-1.5,,,,
105.885,9,Atta_9,3452.6,2062.6,338.1,-6.4,1.3,,,,
105.885,10,Atta_10,3257.3,2038.6,273.6,70.8,-2.9,,,,
105.955,1,Atta_1,2801.1,1772.8,331.6,9.4,-2.1,,,,
105.955,2,Atta_2,3048.2,838.8,51.9,61.6,0.0,,,,
105.955,3,Atta_3,3312.4,658.1,190.9,-91.7,-0.2,,,,
105.955,4,Atta_4,3497.6,769.7,102.6,47.9,1.5,,,,
105.955,5,Atta_5,2573.8,1109.2,321.8,17.1,-5.1,,,,
105.955,6,Atta_6,2705.8,1512.2,293.6,-67.6,3.2,,,,
105.955,7,Atta_7,2864.9,2039.8,2.3,50.5,-3.7,,,,
105.955,8,Atta_8,2676.4,1261.2,87.3,-23.9,0.1,,,,
105.955,9,Atta_9,3494.9,2099.6,340.1,56.2,2.0,,,,
105.955,10,Atta_10,3183.3,2088.0,274.9,-89.0,1.3,,,,
106.025,1,Atta_1,2783.3,1765.6,332.1,-19.2,0.5,,,,
106.025,2,Atta_2,3027.0,836.0,55.1,-21.4,3.2,,,,
106.025,3,Atta_3,3263.1,689.4,190.4,58.4,-0.5,,,,
106.025,4,Atta_4,3544.0,670.1,99.1,-109.9,-3.5,,,,
106.025,5,Atta_5,2584.4,1115.1,316.8,12.1,-5.0,,,,
106.025,6,Atta_6,2674.4,1519.3,294.2,-32.2,0.6,,,,
106.025,7,Atta_7,2844.5,2024.6,359.6,-25.4,-2.7,,,,
106.025,8,Atta_8,2657.8,1273.2,87.3,22.1,0.0,,,,
106.025,9,Atta_9,3476.1,2089.9,335.7,-21.2,-4.4,,,,
106.025,10,Atta_10,3185.6,2074.9,274.5,13.3,-0.4,,,,
106.076,1,Atta_1,2834.8,1804.9,331.8,64.8,-0.3,,,,
106.076,2,Atta_2,3005.9,909.7,53.9,76.7,-1.2,,,,
106.076,3,Atta_3,3275.4,661.8,189.6,-30.2,-0.8,,,,
106.076,4,Atta_4,3509.2,690.3,99.2,40.2,0.1,,,,
106.076,5,Atta_5,2594.8,1127.2,316.5,-16.0,-0.3,,,,
106.076,6,Atta_6,2676.7,1502.8,294.2,16.7,0.0,,,,
106.076,7,Atta_7,2905.7,2041.7,359.1,63.5,-0.5,,,,
106.076,8,Atta_8,2705.2,1253.5,90.6,-51.3,3.3,,,,
106.076,9,Atta_9,3473.3,2079.1,337.8,11.2,2.1,,,,
106.076,10,Atta_10,3213.6,2003.1,271.9,77.1,-2.6,,,,
106.144,1,Atta_1,2810.1,1762.2,334.2,-49.3,2.4,,,,
106.144,2,Atta_2,3022.2,780.6,54.1,-130.1,0.2,,,,
106.144,3,Atta_3,3222.9,716.6,189.5,75.9,-0.1,,,,
106.144,4,Atta_4,3508.7,677.3,99.7,-13.0,0.5,,,,
106.144,5,Atta_5,2548.3,1085.5,315.0,-62.5,-1.5,,,,
106.144,6,Atta_6,2686.4,1489.6,295.2,16.4,1.0,,,,
106.144,7,Atta_7,2816.1,2017.9,344.8,-92.7,-14.3,,,,
106.144,8,Atta_8,2684.0,1180.9,87.7,-75.6,-2.9,,,,
106.144,9,Atta_9,3442.1,2072.8,338.0,-31.8,0.2,,,,
106.144,10,Atta_10,3204.5,2057.7,274.4,-55.4,2.5,,,,
106.196,1,Atta_1,2777.5,1775.6,333.2,-35.2,-1.0,,,,
106.196,2,Atta_2,3009.2,833.1,55.3,54.1,1.2,,,,
106.196,3,Atta_3,3201.4,703.5,190.9,25.2,1.4,,,,
106.196,4,Atta_4,3523.4,709.2,100.0,35.1,0.3,,,,
106.196,5,Atta_5,2624.5,1145.5,313.7,97.0,-1.3,,,,
106.196,6,Atta_6,2683.5,1583.3,295.6,-93.7,0.4,,,,
106.196,7,Atta_7,2887.7,2047.9,342.0,77.6,-2.8,,,,
106.196,8,Atta_8,2771.7,1267.7,89.5,123.4,1.8,,,,
106.196,9,Atta_9,3499.1,2089.4,336.8,59.4,-1.2,,,,
106.196,10,Atta_10,3187.1,2041.1,276.6,24.0,2.2,,,,
106.266,1,Atta_1,2832.5,1785.0,337.5,55.8,4.3,,,,
106.266,2,Atta_2,3004.1,794.1,56.5,-39.3,1.2,,,,
106.266,3,Atta_3,3211.0,695.6,194.1,-12.4,3.2,,,,
106.266,4,Atta_4,3540.8,707.2,100.0,-17.5,0.0,,,,
106.266,5,Atta_5,2627.8,1142.9,316.4,4.2,2.7,,,,
106.266,6,Atta_6,2662.4,1505.9,292.1,80.2,-3.5,,,,
106.266,7,Atta_7,2853.8,2028.4,335.6,-39.1,-6.4,,,,
106.266,8,Atta_8,2697.2,1281.9,91.6,75.8,2.1,,,,
106.266,9,Atta_9,3463.4,2123.4,341.6,-49.3,4.8,,,,
106.266,10,Atta_10,3195.7,2035.7,275.6,10.2,-1.0,,,,
106.34,1,Atta_1,2820.1,1732.8,335.0,53.7,-2.5,,,,
106.34,2,Atta_2,3035.6,811.3,57.2,35.9,0.7,,,,
106.34,3,Atta_3,3196.5,623.5,190.8,73.5,-3.3,,,,
106.34,4,Atta_4,3552.3,686.6,101.9,-23.6,1.9,,,,
106.34,5,Atta_5,2543.3,1064.1,313.6,-115.5,-2.8,,,,
106.34,6,Atta_6,2665.6,1476.3,293.6,29.8,1.5,,,,
106.34,7,Atta_7,2814.2,2021.7,334.1,-40.2,-1.5,,,,
106.34,8,Atta_8,2639.0,1292.4,89.2,59.1,-2.4,,,,
106.34,9,Atta_9,3503.1,2072.5,341.1,64.6,-0.5,,,,
106.34,10,Atta_10,3247.7,2031.2,273.0,52.2,-2.6,,,,
106.396,1,Atta_1,2788.0,1766.0,334.2,-46.2,-0.8,,,,
106.396,2,Atta_2,3054.4,878.6,52.8,69.9,-4.4,,,,
106.396,3,Atta_3,3184.5,715.3,190.9,-92.6,0.1,,,,
106.396,4,Atta_4,3506.2,741.3,98.1,71.5,-3.8,,,,
106.396,5,Atta_5,2519.1,1141.1,314.9,-80.7,1.3,,,,
106.396,6,Atta_6,2680.5,1496.5,292.5,-25.1,-1.1,,,,
106.396,7,Atta_7,2835.5,2045.3,330.8,31.8,-3.3,,,,
106.396,8,Atta_8,2726.4,1278.0,87.6,-88.6,-1.6,,,,
106.396,9,Atta_9,3435.3,2131.9,338.8,-90.1,-2.3,,,,
106.396,10,Atta_10,3176.4,2045.4,272.7,-72.7,-0.3,,,,
106.515,1,Atta_1,2791.1,1752.1,332.9,14.2,-1.3,,,,
106.515,2,Atta_2,3044.9,793.1,55.5,-86.0,2.7,,,,
106.515,3,Atta_3,3254.8,749.6,191.7,-78.2,0.8,,,,
106.515,4,Atta_4,3500.6,612.8,96.6,-128.6,-1.5,,,,
106.515,5,Atta_5,2546.7,1076.7,317.6,70.1,2.7,,,,
106.515,6,Atta_6,2672.8,1491.1,292.2,9.4,-0.3,,,,
106.515,7,Atta_7,2796.0,2080.9,326.0,-53.2,-4.8,,,,
106.515,8,Atta_8,2681.3,1234.6,93.2,-62.6,5.6,,,,
106.515,9,Atta_9,3464.1,2099.6,341.0,43.3,2.2,,,,
106.515,10,Atta_10,3207.1,2035.8,272.6,32.2,-0.1,,,,
106.584,1,Atta_1,2823.3,1736.1,334.0,36.0,1.1,,,,
106.584,2,Atta_2,3021.2,810.6,54.7,29.5,-0.8,,,,
106.584,3,Atta_3,3117.1,637.5,192.2,177.6,0.5,,,,
106.584,4,Atta_4,3535.8,681.5,96.2,77.2,-0.4,,,,
106.584,5,Atta_5,2599.9,1044.2,314.8,62.3,-2.8,,,,
106.584,6,Atta_6,2595.7,1476.6,295.5,-78.5,3.3,,,,
106.584,7,Atta_7,2877.6,2039.5,315.2,91.5,-10.8,,,,
106.584,8,Atta_8,2741.6,1272.6,91.4,71.3,-1.8,,,,
106.584,9,Atta_9,3469.1,2057.6,336.5,42.3,-4.5,,,,
106.584,10,Atta_10,3196.0,2062.1,275.2,-28.5,2.6,,,,
106.722,1,Atta_1,2777.4,1781.8,331.4,-64.8,-2.6,,,,
106.722,2,Atta_2,3089.4,768.1,53.2,80.4,-1.5,,,,
106.722,3,Atta_3,3204.7,680.9,194.6,-97.8,2.4,,,,
106.722,4,Atta_4,3558.9,660.1,100.9,-31.5,4.7,,,,
106.722,5,Atta_5,2665.0,1116.7,316.9,-97.4,2.1,,,,
106.722,6,Atta_6,2662.0,1471.9,294.2,66.5,-1.3,,,,
106.722,7,Atta_7,2867.0,1974.0,309.9,66.4,-5.3,,,,
106.722,8,Atta_8,2729.4,1268.0,90.5,-13.0,-0.9,,,,
106.722,9,Atta_9,3429.4,2124.3,339.7,-77.6,3.2,,,,
106.722,10,Atta_10,3192.3,2055.4,277.4,7.7,2.2,,,,
106.789,1,Atta_1,2793.2,1738.0,335.1,46.6,3.7,,,,
106.789,2,Atta_2,2979.3,812.5,52.2,-118.7,-1.0,,,,
106.789,3,Atta_3,3183.8,775.0,192.2,-96.4,-2.4,,,,
106.789,4,Atta_4,3552.5,632.9,100.1,-27.9,-0.8,,,,
106.789,5,Atta_5,2645.2,1124.5,315.1,-21.3,-1.8,,,,
106.789,6,Atta_6,2685.0,1552.9,294.2,-84.2,0.0,,,,
106.789,7,Atta_7,2815.8,2078.2,307.4,-116.1,-2.5,,,,
106.789,8,Atta_8,2658.1,1271.6,87.8,71.4,-2.7,,,,
106.789,9,Atta_9,3430.2,2090.1,339.8,34.2,0.1,,,,
106.789,10,Atta_10,3214.1,2033.3,271.0,31.0,-6.4,,,,
106.86,1,Atta_1,2778.5,1740.5,334.2,-14.9,-0.9,,,,
106.86,2,Atta_2,3099.1,910.5,51.6,154.8,-0.6,,,,
106.86,3,Atta_3,3138.8,683.5,195.1,102.0,2.9,,,,
106.86,4,Atta_4,3482.1,743.6,96.6,131.2,-3.5,,,,
106.86,5,Atta_5,2613.8,982.3,313.3,145.6,-1.8,,,,
106.86,6,Atta_6,2699.3,1502.6,289.5,52.3,-4.7,,,,
106.86,7,Atta_7,2803.2,2014.8,299.6,64.6,-7.8,,,,
106.86,8,Atta_8,2665.3,1269.0,88.0,-7.7,0.2,,,,
106.86,9,Atta_9,3444.9,2057.6,337.2,35.7,-2.6,,,,
106.86,10,Atta_10,3169.4,2070.7,273.1,-58.3,2.1,,,,
106.928,1,Atta_1,2816.0,1713.9,331.7,46.0,-2.5,,,,
106.928,2,Atta_2,3041.9,816.4,56.3,-110.1,4.7,,,,
106.928,3,Atta_3,3215.6,653.6,192.4,-82.4,-2.7,,,,
106.928,4,Atta_4,3528.2,673.6,101.0,-83.8,4.4,,,,
106.928,5,Atta_5,2667.6,1072.7,315.9,-105.2,2.6,,,,
106.928,6,Atta_6,2720.9,1470.5,291.5,38.7,2.0,,,,
106.928,7,Atta_7,2821.8,2012.5,292.3,18.7,-7.3,,,,
106.928,8,Atta_8,2738.3,1272.5,88.7,73.1,0.7,,,,
106.928,9,Atta_9,3504.6,2075.8,336.3,62.4,-0.9,,,,
106.928,10,Atta_10,3262.8,2057.2,272.8,94.4,-0.3,,,,
107.061,1,Atta_1,2729.1,1778.7,332.3,-108.4,0.6,,,,
107.061,2,Atta_2,3061.6,804.3,54.0,23.1,-2.3,,,,
107.061,3,Atta_3,3225.5,670.2,191.8,-19.3,-0.6,,,,
107.061,4,Atta_4,3520.9,710.2,98.5,37.3,-2.5,,,,
107.061,5,Atta_5,2691.1,1070.0,316.5,23.7,0.6,,,,
107.061,6,Atta_6,2706.1,1525.4,289.8,-56.9,-1.7,,,,
107.061,7,Atta_7,2850.0,2019.5,284.3,29.1,-8.0,,,,
107.061,8,Atta_8,2659.2,1303.4,94.1,84.9,5.4,,,,
107.061,9,Atta_9,3449.1,2120.7,333.9,-71.4,-2.4,,,,
107.061,10,Atta_10,3215.8,2043.1,276.8,49.1,4.0,,,,
107.13,1,Atta_1,2802.4,1774.0,334.5,73.5,2.2,,,,
107.13,2,Atta_2,3056.6,856.5,57.2,52.4,3.2,,,,
107.13,3,Atta_3,3192.2,686.5,189.7,37.1,-2.1,,,,
107.13,4,Atta_4,3561.1,689.8,98.5,-45.1,0.0,,,,
107.13,5,Atta_5,2748.9,993.8,308.8,95.6,-7.7,,,,
107.13,6,Atta_6,2717.8,1524.5,290.2,11.7,0.4,,,,
107.13,7,Atta_7,2860.4,2044.9,280.9,-27.4,-3.4,,,,
107.13,8,Atta_8,2687.4,1248.9,88.0,-61.4,-6.1,,,,
107.13,9,Atta_9,3467.6,2106.1,341.6,23.6,7.7,,,,
107.13,10,Atta_10,3193.2,2056.2,279.2,-26.1,2.4,,,,
107.266,1,Atta_1,2766.6,1740.4,334.2,-49.1,-0.3,,,,
107.266,2,Atta_2,3055.1,816.3,50.6,-40.2,-6.6,,,,
107.266,3,Atta_3,3223.9,782.5,192.8,-101.1,3.1,,,,
107.266,4,Atta_4,3489.2,692.2,100.1,71.9,1.6,,,,
107.266,5,Atta_5,2734.8,1083.6,315.9,-90.9,7.1,,,,
107.266,6,Atta_6,2676.3,1485.7,295.2,56.8,5.0,,,,
107.266,7,Atta_7,2812.3,2050.3,277.4,-48.4,-3.5,,,,
107.266,8,Atta_8,2705.9,1274.4,95.8,31.5,7.8,,,,
107.266,9,Atta_9,3440.1,2166.2,340.1,-66.1,-1.5,,,,
107.266,10,Atta_10,3199.9,2091.3,272.4,-35.7,-6.8,,,,
107.334,1,Atta_1,2793.2,1741.8,330.7,26.6,-3.5,,,,
107.334,2,Atta_2,3098.4,841.9,54.9,50.3,4.3,,,,
107.334,3,Atta_3,3151.9,648.6,191.6,152.0,-1.2,,,,
107.334,4,Atta_4,3573.8,700.5,101.1,-85.0,1.0,,,,
107.334,5,Atta_5,2660.4,961.4,313.8,143.1,-2.1,,,,
107.334,6,Atta_6,2666.5,1496.4,293.5,-14.5,-1.7,,,,
107.334,7,Atta_7,2866.4,2030.9,274.9,57.5,-2.5,,,,
107.334,8,Atta_8,2727.7,1265.6,88.1,-23.5,-7.7,,,,
107.334,9,Atta_9,3443.6,2043.2,336.6,123.0,-3.5,,,,
107.334,10,Atta_10,3219.1,2065.4,274.2,32.2,1.8,,,,
107.4,1,Atta_1,2804.4,1778.6,334.6,-38.5,3.9,,,,
107.4,2,Atta_2,3053.9,763.7,50.0,-90.0,-4.9,,,,
107.4,3,Atta_3,3232.9,649.6,190.7,-81.0,-0.9,,,,
107.4,4,Atta_4,3557.5,735.1,97.8,38.2,-3.3,,,,
107.4,5,Atta_5,2668.5,1015.0,317.8,-54.2,4.0,,,,
107.4,6,Atta_6,2710.4,1468.4,291.0,52.1,-2.5,,,,
107.4,7,Atta_7,2848.3,2063.5,275.8,-37.3,0.9,,,,
107.4,8,Atta_8,2678.3,1253.4,86.9,-50.9,-1.2,,,,
107.4,9,Atta_9,3519.1,2081.8,335.0,84.8,-1.6,,,,
107.4,10,Atta_10,3228.2,2086.1,275.5,-22.6,1.3,,,,
107.536,1,Atta_1,2783.0,1756.7,336.3,-30.6,1.7,,,,
107.536,2,Atta_2,3056.1,759.9,51.7,-4.4,1.7,,,,
107.536,3,Atta_3,3175.1,676.3,192.5,63.7,1.8,,,,
107.536,4,Atta_4,3522.1,690.3,99.8,-57.1,2.0,,,,
107.536,5,Atta_5,2730.3,986.4,315.2,68.1,-2.6,,,,
107.536,6,Atta_6,2606.5,1488.2,293.0,-105.8,2.0,,,,
107.536,7,Atta_7,2855.4,2065.2,276.8,-7.3,1.0,,,,
107.536,8,Atta_8,2718.7,1291.3,86.2,55.4,-0.7,,,,
107.536,9,Atta_9,3489.8,2079.4,338.3,-29.4,3.3,,,,
107.536,10,Atta_10,3203.5,2023.5,271.0,67.3,-4.5,,,,
107.591,1,Atta_1,2753.6,1756.7,335.6,-29.4,-0.7,,,,
107.591,2,Atta_2,3037.1,858.2,58.2,100.1,6.5,,,,
107.591,3,Atta_3,3208.2,751.5,191.8,-82.2,-0.7,,,,
107.591,4,Atta_4,3532.3,674.6,101.9,-18.7,2.1,,,,
107.591,5,Atta_5,2723.1,986.1,314.7,-7.2,-0.5,,,,
107.591,6,Atta_6,2742.6,1548.0,291.9,-148.7,-1.1,,,,
107.591,7,Atta_7,2852.8,2032.8,276.2,32.5,-0.6,,,,
107.591,8,Atta_8,2655.3,1262.8,89.3,-69.5,3.1,,,,
107.591,9,Atta_9,3482.9,2129.9,338.3,-51.0,0.0,,,,
107.591,10,Atta_10,3221.5,2004.1,275.9,26.5,4.9,,,,
107.662,1,Atta_1,2819.0,1781.8,333.6,70.1,-2.0,,,,
107.662,2,Atta_2,3058.9,864.4,55.9,22.7,-2.3,,,,
107.662,3,Atta_3,3211.0,699.5,190.3,52.1,-1.5,,,,
107.662,4,Atta_4,3511.2,723.1,98.7,52.9,-3.2,,,,
107.662,5,Atta_5,2734.3,957.7,316.9,30.5,2.2,,,,
107.662,6,Atta_6,2691.8,1518.9,296.1,58.5,4.2,,,,
107.662,7,Atta_7,2850.8,2019.0,273.4,13.9,-2.8,,,,
107.662,8,Atta_8,2699.3,1283.3,88.8,48.5,-0.5,,,,
107.662,9,Atta_9,3510.1,2079.4,340.5,57.4,2.2,,,,
107.662,10,Atta_10,3224.7,2069.0,274.8,-65.0,-1.1,,,,
107.731,1,Atta_1,2748.8,1818.0,331.0,-79.0,-2.6,,,,
107.731,2,Atta_2,3023.6,811.1,52.9,-63.9,-3.0,,,,
107.731,3,Atta_3,3246.4,699.6,187.7,-35.4,-2.6,,,,
107.731,4,Atta_4,3500.2,682.7,98.5,-41.9,-0.2,,,,
107.731,5,Atta_5,2778.5,967.3,317.3,45.2,0.4,,,,
107.731,6,Atta_6,2661.8,1493.4,293.3,39.4,-2.8,,,,
107.731,7,Atta_7,2859.2,1941.1,271.3,78.4,-2.1,,,,
107.731,8,Atta_8,2702.7,1295.8,93.1,13.0,4.3,,,,
107.731,9,Atta_9,3442.5,2133.9,338.8,-86.8,-1.7,,,,
107.731,10,Atta_10,3232.1,2055.4,274.3,15.5,-0.5,,,,
107.801,1,Atta_1,2793.7,1768.3,331.6,67.0,0.6,,,,
107.801,2,Atta_2,3098.4,821.2,55.3,75.5,2.4,,,,
107.801,3,Atta_3,3178.8,720.3,190.7,70.7,3.0,,,,
107.801,4,Atta_4,3533.0,729.2,102.6,56.9,4.1,,,,
107.801,5,Atta_5,2782.5,957.5,315.0,10.6,-2.3,,,,
107.801,6,Atta_6,2687.1,1499.5,290.2,26.0,-3.1,,,,
107.801,7,Atta_7,2879.1,2070.6,274.4,-131.0,3.1,,,,
107.801,8,Atta_8,2689.3,1308.6,91.1,18.5,-2.0,,,,
107.801,9,Atta_9,3489.4,2110.8,341.5,52.3,2.7,,,,
107.801,10,Atta_10,3248.1,2039.9,271.5,22.3,-2.8,,,,
107.864,1,Atta_1,2761.4,1723.5,335.3,-55.2,3.7,,,,
107.864,2,Atta_2,3067.3,826.5,56.2,-31.5,0.9,,,,
107.864,3,Atta_3,3203.4,722.1,194.3,-24.7,3.6,,,,
107.864,4,Atta_4,3545.7,659.8,101.4,-70.6,-1.2,,,,
107.864,5,Atta_5,2740.1,927.0,320.1,-52.2,5.1,,,,
107.864,6,Atta_6,2702.6,1466.0,293.2,36.9,3.0,,,,
107.864,7,Atta_7,2821.4,1994.2,271.3,95.7,-3.1,,,,
107.864,8,Atta_8,2755.8,1316.4,89.5,67.0,-1.6,,,,
107.864,9,Atta_9,3447.1,2112.4,338.1,-42.3,-3.4,,,,
107.864,10,Atta_10,3241.9,2044.4,274.7,-7.7,3.2,,,,
107.93,1,Atta_1,2780.3,1740.5,332.8,25.4,-2.5,,,,
107.93,2,Atta_2,3045.8,824.3,55.7,-21.6,-0.5,,,,
107.93,3,Atta_3,3237.1,691.7,195.2,-45.4,0.9,,,,
107.93,4,Atta_4,3485.3,665.5,101.1,60.7,-0.3,,,,
107.93,5,Atta_5,2743.9,917.1,326.6,10.6,6.5,,,,
107.93,6,Atta_6,2709.2,1548.9,290.4,-83.2,-2.8,,,,
107.93,7,Atta_7,2796.5,1950.9,276.1,49.9,4.8,,,,
107.93,8,Atta_8,2696.6,1232.4,89.8,-102.8,0.3,,,,
107.93,9,Atta_9,3447.4,2075.7,339.5,36.7,1.4,,,,
107.93,10,Atta_10,3245.2,2028.9,271.4,15.8,-3.3,,,,
107.999,1,Atta_1,2788.8,1773.2,333.9,-33.8,1.1,,,,
107.999,2,Atta_2,3019.2,761.4,55.7,-68.3,0.0,,,,
107.999,3,Atta_3,3208.7,678.8,193.3,31.2,-1.9,,,,
107.999,4,Atta_4,3541.9,680.9,100.1,58.7,-1.0,,,,
107.999,5,Atta_5,2724.9,923.1,332.1,-19.9,5.5,,,,
107.999,6,Atta_6,2702.8,1515.4,295.0,34.1,4.6,,,,
107.999,7,Atta_7,2784.9,2005.9,275.6,-56.2,-0.5,,,,
107.999,8,Atta_8,2730.7,1271.6,90.4,52.0,0.6,,,,
107.999,9,Atta_9,3459.8,2071.8,341.9,13.0,2.4,,,,
107.999,10,Atta_10,3215.0,2020.4,272.9,31.4,1.5,,,,
108.068,1,Atta_1,2791.1,1762.0,337.9,11.4,4.0,,,,
108.068,2,Atta_2,3015.9,872.2,53.1,110.8,-2.6,,,,
108.068,3,Atta_3,3220.8,625.8,190.1,54.4,-3.2,,,,
108.068,4,Atta_4,3459.6,670.8,101.0,82.9,0.9,,,,
108.068,5,Atta_5,2762.4,961.8,334.2,53.9,2.1,,,,
108.068,6,Atta_6,2722.1,1460.7,295.7,58.0,0.7,,,,
108.068,7,Atta_7,2847.9,1993.0,276.0,64.3,0.4,,,,
108.068,8,Atta_8,2669.1,1265.1,90.6,-61.9,0.2,,,,
108.068,9,Atta_9,3497.5,2140.7,337.0,78.5,-4.9,,,,
108.068,10,Atta_10,3154.1,2060.3,278.2,-72.8,5.3,,,,
108.137,1,Atta_1,2733.2,1750.0,335.9,-59.1,-2.0,,,,
108.137,2,Atta_2,2990.7,846.4,57.2,-36.1,4.1,,,,
108.137,3,Atta_3,3242.0,715.5,193.5,-92.2,3.4,,,,
108.137,4,Atta_4,3532.4,702.5,95.9,79.4,-5.1,,,,
108.137,5,Atta_5,2710.8,1002.8,339.4,-65.9,5.2,,,,
108.137,6,Atta_6,2708.1,1509.0,291.4,-50.3,-4.3,,,,
108.137,7,Atta_7,2844.1,1972.9,286.2,20.5,10.2,,,,
108.137,8,Atta_8,2759.8,1314.8,86.5,103.4,-4.1,,,,
108.137,9,Atta_9,3445.5,2069.5,340.6,-88.2,3.6,,,,
108.137,10,Atta_10,3187.8,2019.6,274.1,52.8,-4.1,,,,
108.203,1,Atta_1,2802.2,1733.2,335.5,71.0,-0.4,,,,
108.203,2,Atta_2,3038.6,807.2,55.2,-61.9,-2.0,,,,
108.203,3,Atta_3,3197.6,695.6,190.4,48.7,-3.1,,,,
108.203,4,Atta_4,3539.4,680.7,102.0,-22.9,6.1,,,,
108.203,5,Atta_5,2757.1,951.7,345.1,69.0,5.7,,,,
108.203,6,Atta_6,2708.0,1454.5,293.2,54.5,1.8,,,,
108.203,7,Atta_7,2834.6,1984.5,291.4,-15.0,5.2,,,,
108.203,8,Atta_8,2692.7,1341.8,90.4,72.3,3.9,,,,
108.203,9,Atta_9,3491.3,2091.8,337.7,50.9,-2.9,,,,
108.203,10,Atta_10,3162.0,2077.2,276.1,-63.1,2.0,,,,
108.268,1,Atta_1,2789.5,1728.1,332.9,-13.7,-2.6,,,,
108.268,2,Atta_2,3017.1,856.6,55.4,53.9,0.2,,,,
108.268,3,Atta_3,3127.3,698.4,193.1,70.4,2.7,,,,
108.268,4,Atta_4,3589.8,660.6,98.4,-54.3,-3.6,,,,
108.268,5,Atta_5,2712.3,990.6,350.7,-59.3,5.6,,,,
108.268,6,Atta_6,2706.0,1497.1,294.0,-42.6,0.8,,,,
108.268,7,Atta_7,2859.5,1995.4,292.9,-27.2,1.5,,,,
108.268,8,Atta_8,2720.2,1253.2,93.1,-92.8,2.7,,,,
108.268,9,Atta_9,3449.5,2047.5,336.9,-60.9,-0.8,,,,
108.268,10,Atta_10,3228.2,2021.6,276.4,86.5,0.3,,,,
108.337,1,Atta_1,2771.6,1737.7,330.4,-20.3,-2.5,,,,
108.337,2,Atta_2,3056.8,780.8,54.6,-85.6,-0.8,,,,
108.337,3,Atta_3,3201.5,697.4,193.5,-74.2,0.4,,,,
108.337,4,Atta_4,3489.6,766.3,100.0,145.6,1.6,,,,
108.337,5,Atta_5,2748.8,982.5,352.9,37.4,2.2,,,,
108.337,6,Atta_6,2667.0,1488.6,290.2,-39.9,-3.8,,,,
108.337,7,Atta_7,2806.6,1932.7,296.2,82.0,3.3,,,,
108.337,8,Atta_8,2728.0,1300.9,89.8,48.3,-3.3,,,,
108.337,9,Atta_9,3460.0,2102.1,336.4,-55.6,-0.5,,,,
108.337,10,Atta_10,3214.1,2072.4,275.2,-52.7,-1.2,,,,
108.404,1,Atta_1,2811.3,1702.5,329.3,53.1,-1.1,,,,
108.404,2,Atta_2,2968.7,836.8,54.0,-104.4,-0.6,,,,
108.404,3,Atta_3,3218.0,684.3,190.9,-21.1,-2.6,,,,
108.404,4,Atta_4,3560.3,712.2,96.7,-89.0,-3.3,,,,
108.404,5,Atta_5,2733.8,943.9,357.9,-41.4,5.0,,,,
108.404,6,Atta_6,2653.2,1543.7,292.8,-56.8,2.6,,,,
108.404,7,Atta_7,2880.6,1931.7,300.9,74.0,4.7,,,,
108.404,8,Atta_8,2746.6,1252.3,90.6,-52.0,0.8,,,,
108.404,9,Atta_9,3460.3,2180.2,338.8,-78.1,2.4,,,,
108.404,10,Atta_10,3201.6,2023.8,275.3,50.2,0.1,,,,
108.457,1,Atta_1,2815.4,1706.5,332.0,5.7,2.7,,,,
108.457,2,Atta_2,3083.7,797.5,53.2,121.5,-0.8,,,,
108.457,3,Atta_3,3226.1,722.4,194.9,-39.0,4.0,,,,
108.457,4,Atta_4,3591.1,698.0,98.5,-33.9,1.8,,,,
108.457,5,Atta_5,2725.7,991.2,2.9,-48.0,5.0,,,,
108.457,6,Atta_6,2663.7,1436.0,294.4,108.2,1.6,,,,
108.457,7,Atta_7,2870.2,1998.5,312.7,-67.6,11.8,,,,
108.457,8,Atta_8,2707.6,1307.2,89.0,67.3,-1.6,,,,
108.457,9,Atta_9,3494.3,2113.4,339.7,75.0,0.9,,,,
108.457,10,Atta_10,3244.5,2046.1,277.0,-48.3,1.7,,,,
108.526,1,Atta_1,2770.8,1683.9,332.6,-50.0,0.6,,,,
108.526,2,Atta_2,3058.2,833.0,53.3,43.7,0.1,,,,
108.526,3,Atta_3,3232.0,651.6,190.3,71.0,-4.6,,,,
108.526,4,Atta_4,3565.3,703.9,103.1,26.5,4.6,,,,
108.526,5,Atta_5,2759.0,954.8,11.3,49.3,8.4,,,,
108.526,6,Atta_6,2694.6,1528.6,292.0,-97.6,-2.4,,,,
108.526,7,Atta_7,2807.9,2012.3,310.0,-63.8,-2.7,,,,
108.526,8,Atta_8,2695.4,1220.9,87.2,-87.2,-1.8,,,,
108.526,9,Atta_9,3481.5,2125.0,338.2,-17.3,-1.5,,,,
108.526,10,Atta_10,3239.4,2085.6,273.1,-39.8,-3.9,,,,
108.592,1,Atta_1,2823.3,1716.7,335.4,61.9,2.8,,,,
108.592,2,Atta_2,3032.9,807.7,52.5,-35.8,-0.8,,,,
108.592,3,Atta_3,3255.1,764.2,195.0,-114.9,4.7,,,,
108.592,4,Atta_4,3474.9,700.5,100.1,90.5,-3.0,,,,
108.592,5,Atta_5,2747.6,921.3,12.8,-35.4,1.5,,,,
108.592,6,Atta_6,2658.3,1554.1,294.5,-44.4,2.5,,,,
108.592,7,Atta_7,2837.1,1962.4,317.7,57.8,7.7,,,,
108.592,8,Atta_8,2664.6,1238.6,85.8,35.5,-1.4,,,,
108.592,9,Atta_9,3441.2,2101.1,342.4,-46.9,4.2,,,,
108.592,10,Atta_10,3174.1,2107.1,277.2,-68.7,4.1,,,,
108.659,1,Atta_1,2787.4,1729.9,331.4,-38.2,-4.0,,,,
108.659,2,Atta_2,3074.0,784.7,58.1,47.1,5.6,,,,
108.659,3,Atta_3,3195.7,644.1,192.1,134.0,-2.9,,,,
108.659,4,Atta_4,3507.3,710.4,101.5,33.9,1.4,,,,
108.659,5,Atta_5,2762.3,965.7,18.4,46.8,5.6,,,,
108.659,6,Atta_6,2673.7,1444.3,288.4,110.9,-6.1,,,,
108.659,7,Atta_7,2801.8,2031.9,322.4,-78.0,4.7,,,,
108.659,8,Atta_8,2680.7,1264.3,91.8,30.3,6.0,,,,
108.659,9,Atta_9,3519.4,2138.8,337.5,86.8,-4.9,,,,
108.659,10,Atta_10,3235.3,2014.7,274.4,110.8,-2.8,,,,
108.728,1,Atta_1,2799.6,1759.4,332.7,-31.9,1.3,,,,
108.728,2,Atta_2,3035.3,827.5,55.3,57.7,-2.8,,,,
108.728,3,Atta_3,3186.5,706.2,187.8,-62.8,-4.3,,,,
108.728,4,Atta_4,3491.0,696.0,101.2,-21.7,-0.3,,,,
108.728,5,Atta_5,2726.4,976.5,17.0,-37.5,-1.4,,,,
108.728,6,Atta_6,2667.2,1468.0,294.5,-24.6,6.1,,,,
108.728,7,Atta_7,2876.4,1990.2,325.6,85.5,3.2,,,,
108.728,8,Atta_8,2746.5,1297.1,89.9,73.5,-1.9,,,,
108.728,9,Atta_9,3442.7,2091.0,336.8,-90.4,-0.7,,,,
108.728,10,Atta_10,3226.7,2034.4,274.1,-21.5,-0.3,,,,
108.794,1,Atta_1,2822.3,1700.9,333.7,62.7,1.0,,,,
108.794,2,Atta_2,3007.4,907.7,55.3,84.9,0.0,,,,
108.794,3,Atta_3,3194.7,740.1,188.6,-34.9,0.8,,,,
108.794,4,Atta_4,3494.3,735.3,101.8,39.4,0.6,,,,
108.794,5,Atta_5,2716.5,984.5,22.5,-12.7,5.5,,,,
108.794,6,Atta_6,2675.1,1466.3,293.3,8.1,-1.2,,,,
108.794,7,Atta_7,2845.6,1986.3,331.0,-31.0,5.4,,,,
108.794,8,Atta_8,2724.4,1289.1,88.1,-23.5,-1.8,,,,
108.794,9,Atta_9,3453.0,2091.3,339.3,10.3,2.5,,,,
108.794,10,Atta_10,3229.0,2055.2,275.6,-20.9,1.5,,,,
108.861,1,Atta_1,2805.0,1744.3,331.5,-46.7,-2.2,,,,
108.861,2,Atta_2,3068.3,906.8,56.5,60.9,1.2,,,,
108.861,3,Atta_3,3170.1,657.2,192.8,86.5,4.2,,,,
108.861,4,Atta_4,3502.1,704.7,94.3,-31.6,-7.5,,,,
108.861,5,Atta_5,2768.0,975.3,26.1,52.3,3.6,,,,
108.861,6,Atta_6,2694.5,1522.6,293.9,-59.5,0.6,,,,
108.861,7,Atta_7,2848.2,1969.3,337.3,17.2,6.3,,,,
108.861,8,Atta_8,2691.0,1289.3,89.8,-33.4,1.7,,,,
108.861,9,Atta_9,3484.2,2113.1,338.2,38.1,-1.1,,,,
108.861,10,Atta_10,3189.7,2031.3,271.8,46.0,-3.8,,,,
108.926,1,Atta_1,2795.9,1727.0,332.2,19.5,0.7,,,,
108.926,2,Atta_2,2988.6,812.2,57.3,-123.7,0.8,,,,
108.926,3,Atta_3,3191.3,678.0,190.7,-29.7,-2.1,,,,
108.926,4,Atta_4,3477.3,719.6,95.0,28.9,0.7,,,,
108.926,5,Atta_5,2729.8,970.7,24.0,-38.5,-2.1,,,,
108.926,6,Atta_6,2711.3,1481.6,291.5,44.3,-2.4,,,,
108.926,7,Atta_7,2867.2,2000.8,336.3,36.8,-1.0,,,,
108.926,8,Atta_8,2647.6,1273.2,90.8,-46.3,1.0,,,,
108.926,9,Atta_9,3402.1,2046.6,336.5,-105.7,-1.7,,,,
108.926,10,Atta_10,3272.1,2036.6,270.2,-82.6,-1.6,,,,
108.995,1,Atta_1,2789.4,1791.4,334.0,-64.7,1.8,,,,
108.995,2,Atta_2,3104.8,825.2,56.1,116.9,-1.2,,,,
108.995,3,Atta_3,3199.8,700.7,190.9,-24.2,0.2,,,,
108.995,4,Atta_4,3533.2,701.1,99.3,-58.9,4.3,,,,
108.995,5,Atta_5,2790.6,977.7,20.1,61.2,-3.9,,,,
108.995,6,Atta_6,2687.8,1506.7,291.1,-34.4,-0.4,,,,
108.995,7,Atta_7,2830.6,1936.4,342.8,-74.1,6.5,,,,
108.995,8,Atta_8,2641.4,1292.4,86.3,20.2,-4.5,,,,
108.995,9,Atta_9,3468.5,2117.6,336.9,97.2,0.4,,,,
108.995,10,Atta_10,3188.2,2019.4,273.0,85.6,2.8,,,,
109.064,1,Atta_1,2850.3,1750.3,333.8,73.5,-0.2,,,,
109.064,2,Atta_2,3022.2,851.2,56.4,-86.6,0.3,,,,
109.064,3,Atta_3,3168.1,679.8,190.5,38.0,-0.4,,,,
109.064,4,Atta_4,3493.1,677.1,98.8,-46.7,-0.5,,,,
109.064,5,Atta_5,2739.6,960.5,24.1,-53.8,4.0,,,,
109.064,6,Atta_6,2716.9,1485.9,292.5,35.8,1.4,,,,
109.064,7,Atta_7,2853.2,2023.9,346.0,-90.4,3.2,,,,
109.064,8,Atta_8,2745.0,1242.2,90.8,-115.1,4.5,,,,
109.064,9,Atta_9,3463.5,2070.6,338.3,47.3,1.4,,,,
109.064,10,Atta_10,3177.3,2019.8,276.4,-10.9,3.4,,,,
109.132,1,Atta_1,2760.4,1761.2,333.7,-90.6,-0.1,,,,
109.132,2,Atta_2,3021.5,829.0,58.4,-22.2,2.0,,,,
109.132,3,Atta_3,3233.8,708.8,192.7,-71.8,2.2,,,,
109.132,4,Atta_4,3495.2,694.5,102.4,17.5,3.6,,,,
109.132,5,Atta_5,2773.9,957.4,18.3,34.4,-5.8,,,,
109.132,6,Atta_6,2695.9,1483.8,294.7,-21.1,2.2,,,,
109.132,7,Atta_7,2792.9,1962.9,353.8,-85.8,7.8,,,,
109.132,8,Atta_8,2641.1,1334.4,88.7,138.9,-2.1,,,,
109.132,9,Atta_9,3499.3,2069.5,338.1,35.8,-0.2,,,,
109.132,10,Atta_10,3234.9,2057.9,275.2,-69.1,-1.2,,,,
109.202,1,Atta_1,2779.3,1774.1,333.7,22.9,0.0,,,,
109.202,2,Atta_2,3053.0,816.3,53.2,34.0,-5.2,,,,
109.202,3,Atta_3,3269.0,713.1,193.8,-35.5,1.1,,,,
109.202,4,Atta_4,3518.8,733.3,100.6,45.4,-1.8,,,,
109.202,5,Atta_5,2753.2,926.6,21.3,-37.1,3.0,,,,
109.202,6,Atta_6,2636.3,1484.5,294.6,-59.6,-0.1,,,,
109.202,7,Atta_7,2817.9,2025.6,356.2,67.5,2.4,,,,
109.202,8,Atta_8,2721.2,1299.5,87.2,-87.4,-1.5,,,,
109.202,9,Atta_9,3503.1,2097.4,336.1,-28.2,-2.0,,,,
109.202,10,Atta_10,3242.0,2053.5,274.8,8.4,-0.4,,,,
109.271,1,Atta_1,2752.3,1715.9,335.6,64.2,1.9,,,,
109.271,2,Atta_2,3047.2,814.7,53.3,-6.0,0.1,,,,
109.271,3,Atta_3,3208.2,700.7,188.9,62.1,-4.9,,,,
109.271,4,Atta_4,3572.4,725.4,100.5,-54.2,-0.1,,,,
109.271,5,Atta_5,2861.9,970.7,20.5,117.3,-0.8,,,,
109.271,6,Atta_6,2674.2,1478.3,287.0,38.4,-7.6,,,,
109.271,7,Atta_7,2892.5,1953.2,3.9,104.0,7.7,,,,
109.271,8,Atta_8,2624.4,1304.0,90.7,-96.9,3.5,,,,
109.271,9,Atta_9,3429.7,2133.7,332.8,-81.9,-3.3,,,,
109.271,10,Atta_10,3234.2,2027.8,274.8,26.9,0.0,,,,
109.339,1,Atta_1,2777.1,1711.0,335.8,25.3,0.2,,,,
109.339,2,Atta_2,3045.6,822.5,54.7,8.0,1.4,,,,
109.339,3,Atta_3,3241.7,699.5,192.7,-33.5,3.8,,,,
109.339,4,Atta_4,3548.6,675.7,97.7,-55.1,-2.8,,,,
109.339,5,Atta_5,2804.3,1041.0,21.3,-90.9,0.8,,,,
109.339,6,Atta_6,2662.0,1542.9,293.0,-65.7,6.0,,,,
109.339,7,Atta_7,2849.8,2034.5,6.5,-91.8,2.6,,,,
109.339,8,Atta_8,2714.0,1262.5,88.2,-98.7,-2.5,,,,
109.339,9,Atta_9,3445.6,2107.9,339.2,30.3,6.4,,,,
109.339,10,Atta_10,3162.6,2070.2,273.9,-83.2,-0.9,,,,
109.408,1,Atta_1,2769.6,1733.9,338.0,-24.1,2.2,,,,
109.408,2,Atta_2,3055.8,850.2,54.3,29.5,-0.4,,,,
109.408,3,Atta_3,3179.3,614.5,192.5,105.4,-0.2,,,,
109.408,4,Atta_4,3519.5,690.9,101.0,32.8,3.3,,,,
109.408,5,Atta_5,2779.2,993.9,19.6,-53.4,-1.7,,,,
109.408,6,Atta_6,2605.9,1479.6,294.2,84.6,1.2,,,,
109.408,7,Atta_7,2853.8,2004.7,11.3,30.1,4.8,,,,
109.408,8,Atta_8,2704.2,1274.9,85.8,15.8,-2.4,,,,
109.408,9,Atta_9,3465.4,2075.6,339.5,37.9,0.3,,,,
109.408,10,Atta_10,3258.8,1994.8,272.5,122.2,-1.4,,,,
109.477,1,Atta_1,2779.7,1697.1,332.0,38.2,-6.0,,,,
109.477,2,Atta_2,3018.5,802.4,57.8,-60.6,3.5,,,,
109.477,3,Atta_3,3220.9,704.9,190.0,-99.5,-2.5,,,,
109.477,4,Atta_4,3473.1,660.5,98.5,-55.5,-2.5,,,,
109.477,5,Atta_5,2809.9,984.8,23.2,32.0,3.6,,,,
109.477,6,Atta_6,2712.5,1444.9,290.9,112.1,-3.3,,,,
109.477,7,Atta_7,2811.3,1941.1,18.0,-76.5,6.7,,,,
109.477,8,Atta_8,2624.8,1261.4,86.7,-80.5,0.9,,,,
109.477,9,Atta_9,3496.6,2073.7,338.2,31.3,-1.3,,,,
109.477,10,Atta_10,3167.8,2008.6,273.5,-92.0,1.0,,,,
109.545,1,Atta_1,2793.6,1734.5,332.0,-39.9,0.0,,,,
109.545,2,Atta_2,3074.0,816.7,54.9,57.3,-2.9,,,,
109.545,3,Atta_3,3188.0,670.3,193.2,47.7,3.2,,,,
109.545,4,Atta_4,3512.7,685.9,98.4,47.0,-0.1,,,,
109.545,5,Atta_5,2869.5,991.3,26.7,60.0,3.5,,,,
109.545,6,Atta_6,2639.1,1503.4,292.5,-93.9,1.6,,,,
109.545,7,Atta_7,2867.0,1969.3,18.5,62.4,0.5,,,,
109.545,8,Atta_8,2648.3,1259.8,88.6,-23.6,1.9,,,,
109.545,9,Atta_9,3436.4,2140.7,335.6,-90.1,-2.6,,,,
109.545,10,Atta_10,3177.4,2040.2,275.2,-33.0,1.7,,,,
109.612,1,Atta_1,2741.8,1749.1,334.9,-53.8,2.9,,,,
109.612,2,Atta_2,3064.8,858.1,52.9,42.4,-2.0,,,,
109.612,3,Atta_3,3181.0,664.2,199.1,9.3,5.9,,,,
109.612,4,Atta_4,3501.1,621.8,100.4,-65.1,2.0,,,,
109.612,5,Atta_5,2827.8,971.0,25.4,-46.4,-1.3,,,,
109.612,6,Atta_6,2653.7,1461.7,293.4,44.2,0.9,,,,
109.612,7,Atta_7,2844.0,2024.3,26.0,-59.6,7.5,,,,
109.612,8,Atta_8,2648.1,1311.9,87.0,52.1,-1.6,,,,
109.612,9,Atta_9,3436.9,2092.5,339.8,48.2,4.2,,,,
109.612,10,Atta_10,3164.4,2059.2,272.3,-23.0,-2.9,,,,
109.68,1,Atta_1,2775.4,1743.8,335.4,34.0,0.5,,,,
109.68,2,Atta_2,3012.3,814.2,55.4,-68.4,2.5,,,,
109.68,3,Atta_3,3221.3,666.1,194.3,-40.3,-4.8,,,,
109.68,4,Atta_4,3531.1,688.0,97.7,72.7,-2.7,,,,
109.68,5,Atta_5,2843.5,1037.2,19.7,68.0,-5.7,,,,
109.68,6,Atta_6,2676.7,1520.4,289.1,-63.0,-4.3,,,,
109.68,7,Atta_7,2846.2,1996.0,28.7,-28.4,2.7,,,,
109.68,8,Atta_8,2695.6,1237.0,87.0,-88.7,0.0,,,,
109.68,9,Atta_9,3517.7,2106.9,338.7,82.1,-1.1,,,,
109.68,10,Atta_10,3167.0,2040.9,273.2,18.5,0.9,,,,
109.746,1,Atta_1,2801.6,1772.2,332.9,38.6,-2.5,,,,
109.746,2,Atta_2,3014.6,808.2,55.3,-6.4,-0.1,,,,
109.746,3,Atta_3,3160.9,691.1,192.7,65.4,-1.6,,,,
109.746,4,Atta_4,3515.0,643.7,98.5,-47.1,0.8,,,,
109.746,5,Atta_5,2826.9,921.2,25.1,-117.2,5.4,,,,
109.746,6,Atta_6,2650.6,1468.6,290.1,58.0,1.0,,,,
109.746,7,Atta_7,2883.3,1978.3,32.7,41.1,4.0,,,,
109.746,8,Atta_8,2766.4,1271.9,90.5,78.9,3.5,,,,
109.746,9,Atta_9,3472.0,2083.3,342.0,-51.4,3.3,,,,
109.746,10,Atta_10,3207.2,2040.1,275.9,40.2,2.7,,,,
109.812,1,Atta_1,2799.7,1741.4,334.4,30.9,1.5,,,,
109.812,2,Atta_2,2965.0,825.9,53.1,-52.7,-2.2,,,,
109.812,3,Atta_3,3242.3,712.4,191.4,-84.1,-1.3,,,,
109.812,4,Atta_4,3552.6,691.3,97.0,60.7,-1.5,,,,
109.812,5,Atta_5,2863.0,984.6,20.8,73.0,-4.3,,,,
109.812,6,Atta_6,2669.7,1503.1,291.9,-39.4,1.8,,,,
109.812,7,Atta_7,2841.1,1969.7,38.8,-43.1,6.1,,,,
109.812,8,Atta_8,2723.8,1287.1,91.7,45.2,1.2,,,,
109.812,9,Atta_9,3482.3,2116.8,338.8,-35.0,-3.2,,,,
109.812,10,Atta_10,3242.9,2039.1,274.7,35.7,-1.2,,,,
109.881,1,Atta_1,2783.5,1758.9,333.3,-23.8,-1.1,,,,
109.881,2,Atta_2,3058.5,820.2,52.2,93.7,-0.9,,,,
109.881,3,Atta_3,3173.7,697.5,191.3,70.2,-0.1,,,,
109.881,4,Atta_4,3497.5,715.6,99.2,60.2,2.2,,,,
109.881,5,Atta_5,2811.4,990.7,25.3,-52.0,4.5,,,,
109.881,6,Atta_6,2736.5,1500.9,294.5,66.8,2.6,,,,
109.881,7,Atta_7,2856.9,2005.9,44.2,39.5,5.4,,,,
109.881,8,Atta_8,2721.4,1277.1,87.9,-10.3,-3.8,,,,
109.881,9,Atta_9,3479.2,2110.4,338.3,-7.1,-0.5,,,,
109.881,10,Atta_10,3194.6,2040.8,277.8,-48.3,3.1,,,,
109.946,1,Atta_1,2778.2,1716.2,335.8,43.0,2.5,,,,
109.946,2,Atta_2,3061.6,796.4,52.2,-24.0,0.0,,,,
109.946,3,Atta_3,3211.0,695.3,192.8,-37.4,1.5,,,,
109.946,4,Atta_4,3519.0,687.4,99.7,-35.5,0.5,,,,
109.946,5,Atta_5,2853.4,1056.6,23.7,78.1,-1.6,,,,
109.946,6,Atta_6,2685.9,1494.7,290.1,-51.0,-4.4,,,,
109.946,7,Atta_7,2884.5,2020.6,46.7,31.3,2.5,,,,
109.946,8,Atta_8,2697.6,1283.2,88.4,24.6,0.5,,,,
109.946,9,Atta_9,3481.1,2086.8,340.0,23.7,1.7,,,,
109.946,10,Atta_10,3225.7,2073.4,271.6,-45.1,-6.2,,,,
110.014,1,Atta_1,2784.4,1707.5,334.0,10.7,-1.8,,,,
110.014,2,Atta_2,2999.3,826.5,52.2,-69.2,0.0,,,,
110.014,3,Atta_3,3176.4,696.8,192.3,34.6,-0.5,,,,
110.014,5,Atta_5,2820.9,1016.0,24.2,-52.0,0.5,,,,
110.014,6,Atta_6,2719.0,1497.1,290.8,33.2,0.7,,,,
110.014,7,Atta_7,2846.4,1953.8,45.0,-76.9,-1.7,,,,
110.014,8,Atta_8,2655.4,1257.3,85.2,-49.5,-3.2,,,,
110.014,9,Atta_9,3473.7,2123.9,341.0,-37.8,1.0,,,,
110.014,10,Atta_10,3227.3,1997.9,273.0,75.5,1.4,,,,
110.079,1,Atta_1,2745.7,1796.5,330.5,-97.0,-3.5,,,,
110.079,2,Atta_2,3045.0,827.5,54.1,45.7,1.9,,,,
110.079,3,Atta_3,3195.4,696.2,188.5,-19.0,-3.8,,,,
110.079,4,Atta_4,3564.0,711.6,98.0,51.1,-1.7,,,,
110.079,5,Atta_5,2829.8,1049.1,23.1,34.3,-1.1,,,,
110.079,6,Atta_6,2677.5,1446.8,295.1,65.2,4.3,,,,
110.079,7,Atta_7,2819.9,1983.0,51.0,39.4,6.0,,,,
110.079,8,Atta_8,2666.2,1295.2,87.0,39.4,1.8,,,,
110.079,9,Atta_9,3484.3,2101.5,340.1,24.8,-0.9,,,,
110.079,10,Atta_10,3172.4,2017.9,273.8,-58.4,0.8,,,,
110.147,1,Atta_1,2736.9,1748.0,334.5,49.3,4.0,,,,
110.147,2,Atta_2,3030.7,823.5,52.9,-14.8,-1.2,,,,
110.147,3,Atta_3,3159.9,693.3,192.4,35.6,3.9,,,,
110.147,4,Atta_4,3527.0,640.3,101.0,-80.3,3.0,,,,
110.147,5,Atta_5,2843.3,1016.8,22.5,-35.0,-0.6,,,,
110.147,6,Atta_6,2702.6,1527.2,290.9,-84.2,-4.2,,,,
110.147,7,Atta_7,2809.4,1995.4,45.9,16.2,-5.1,,,,
110.147,8,Atta_8,2776.9,1316.5,92.7,112.7,5.7,,,,
110.147,9,Atta_9,3491.5,2062.3,336.3,39.9,-3.8,,,,
110.147,10,Atta_10,3231.7,2055.1,272.9,-70.0,-0.9,,,,
110.213,1,Atta_1,2789.4,1766.7,333.4,55.7,-1.1,,,,
110.213,2,Atta_2,3061.8,816.2,51.0,31.9,-1.9,,,,
110.213,3,Atta_3,3243.3,653.3,194.3,-92.5,1.9,,,,
110.213,4,Atta_4,3473.5,657.1,100.2,56.1,-0.8,,,,
110.213,5,Atta_5,2855.5,986.1,23.6,-33.0,1.1,,,,
110.213,6,Atta_6,2728.7,1530.0,293.2,26.2,2.3,,,,
110.213,7,Atta_7,2852.1,1969.0,43.9,50.2,-2.0,,,,
110.213,8,Atta_8,2718.9,1302.8,89.5,-59.6,-3.2,,,,
110.213,9,Atta_9,3487.4,2126.1,340.0,-63.9,3.7,,,,
110.213,10,Atta_10,3178.7,2054.7,273.7,-53.0,0.8,,,,
110.282,1,Atta_1,2782.6,1749.7,333.9,18.3,0.5,,,,
110.282,2,Atta_2,3001.5,872.7,57.7,82.6,6.7,,,,
110.282,3,Atta_3,3234.6,661.5,192.2,12.0,-2.1,,,,
110.282,4,Atta_4,3517.8,669.0,100.3,45.9,0.1,,,,
110.282,5,Atta_5,2871.3,954.3,24.6,35.5,1.0,,,,
110.282,6,Atta_6,2695.5,1480.3,294.8,59.8,1.6,,,,
110.282,7,Atta_7,2829.2,1945.3,46.2,-33.0,2.3,,,,
110.282,8,Atta_8,2707.7,1275.5,90.2,-29.5,0.7,,,,
110.282,9,Atta_9,3509.2,2110.0,338.8,27.1,-1.2,,,,
110.282,10,Atta_10,3256.7,1983.8,277.4,105.4,3.7,,,,
110.404,1,Atta_1,2796.8,1714.3,337.3,38.1,3.4,,,,
110.404,2,Atta_2,3041.6,841.0,52.3,-51.1,-5.4,,,,
110.404,3,Atta_3,3183.1,700.6,191.7,64.7,-0.5,,,,
110.404,4,Atta_4,3502.7,727.9,98.1,60.8,-2.2,,,,
110.404,5,Atta_5,2916.0,1016.1,21.8,76.3,-2.8,,,,
110.404,6,Atta_6,2687.3,1525.2,291.0,-45.6,-3.8,,,,
110.404,7,Atta_7,2890.2,1989.2,46.7,75.2,0.5,,,,
110.404,8,Atta_8,2688.0,1236.1,86.0,-44.1,-4.2,,,,
110.404,9,Atta_9,3514.5,2080.9,336.8,29.6,-2.0,,,,
110.404,10,Atta_10,3201.0,2024.6,279.3,-69.0,1.9,,,,
110.471,1,Atta_1,2748.8,1728.9,334.8,-50.2,-2.5,,,,
110.471,2,Atta_2,3045.2,794.6,53.9,-46.5,1.6,,,,
110.471,3,Atta_3,3181.5,680.1,193.7,20.6,2.0,,,,
110.471,4,Atta_4,3550.4,645.1,100.0,-95.6,1.9,,,,
110.471,5,Atta_5,2826.4,969.9,22.8,-100.8,1.0,,,,
110.471,6,Atta_6,2654.6,1466.8,294.0,66.9,3.0,,,,
110.471,7,Atta_7,2822.9,1935.9,46.1,-85.8,-0.6,,,,
110.471,8,Atta_8,2716.8,1279.7,87.9,52.3,1.9,,,,
110.471,9,Atta_9,3479.8,2108.2,335.0,-44.2,-1.8,,,,
110.471,10,Atta_10,3245.1,1987.5,275.7,57.6,-3.6,,,,
110.522,1,Atta_1,2790.8,1724.4,334.4,42.2,-0.4,,,,
110.522,2,Atta_2,2980.8,842.0,53.4,80.0,-0.5,,,,
110.522,3,Atta_3,3133.7,676.0,193.1,48.0,-0.6,,,,
110.522,4,Atta_4,3512.0,726.6,96.9,90.1,-3.1,,,,
110.522,5,Atta_5,2819.0,1054.3,21.7,84.7,-1.1,,,,
110.522,6,Atta_6,2642.6,1525.2,291.4,-59.6,-2.6,,,,
110.522,7,Atta_7,2874.0,2028.0,45.2,105.3,-0.9,,,,
110.522,8,Atta_8,2648.2,1252.3,89.7,-73.9,1.8,,,,
110.522,9,Atta_9,3530.1,2098.3,339.2,51.3,4.2,,,,
110.522,10,Atta_10,3262.6,2043.1,274.3,-58.3,-1.4,,,,
110.591,1,Atta_1,2828.3,1738.3,332.9,40.0,-1.5,,,,
110.591,2,Atta_2,3011.5,845.0,54.4,30.8,1.0,,,,
110.591,3,Atta_3,3239.2,668.2,192.5,-105.8,-0.6,,,,
110.591,4,Atta_4,3521.1,710.5,98.7,-18.5,1.8,,,,
110.591,5,Atta_5,2860.3,973.7,23.7,90.6,2.0,,,,
110.591,6,Atta_6,2635.3,1523.1,293.0,-7.6,1.6,,,,
110.591,7,Atta_7,2889.3,2046.9,48.8,24.3,3.6,,,,
110.591,8,Atta_8,2678.4,1219.9,88.2,-44.3,-1.5,,,,
110.591,9,Atta_9,3534.3,2080.4,339.7,18.4,0.5,,,,
110.591,10,Atta_10,3233.7,2034.0,274.7,30.3,0.4,,,,
110.657,1,Atta_1,2745.7,1715.7,332.3,-85.6,-0.6,,,,
110.657,2,Atta_2,3025.8,817.2,52.3,-31.3,-2.1,,,,
110.657,3,Atta_3,3204.6,660.4,192.2,35.5,-0.3,,,,
110.657,4,Atta_4,3484.4,641.2,99.8,-78.4,1.1,,,,
110.657,5,Atta_5,2873.8,1002.0,24.5,31.4,0.8,,,,
110.657,6,Atta_6,2687.9,1540.0,295.2,55.2,2.2,,,,
110.657,7,Atta_7,2930.8,2026.1,49.0,46.4,0.2,,,,
110.657,8,Atta_8,2699.6,1255.3,89.3,41.3,1.1,,,,
110.657,9,Atta_9,3511.5,2043.5,337.4,-43.4,-2.3,,,,
110.657,10,Atta_10,3236.7,2087.9,275.2,-54.0,0.5,,,,
110.726,1,Atta_1,2774.9,1729.9,334.0,32.5,1.7,,,,
110.726,2,Atta_2,3011.1,845.4,55.4,31.8,3.1,,,,
110.726,3,Atta_3,3182.4,696.8,189.1,42.6,-3.1,,,,
110.726,4,Atta_4,3528.8,688.4,98.3,64.8,-1.5,,,,
110.726,5,Atta_5,2886.4,954.2,24.8,-49.4,0.3,,,,
110.726,6,Atta_6,2642.1,1502.9,290.2,58.9,-5.0,,,,
110.726,7,Atta_7,2810.9,2021.3,50.2,-120.0,1.2,,,,
110.726,8,Atta_8,2719.0,1229.9,92.7,-32.0,3.4,,,,
110.726,9,Atta_9,3441.0,2090.0,339.9,-84.5,2.5,,,,
110.726,10,Atta_10,3195.1,2037.7,275.8,65.2,0.6,,,,
110.777,1,Atta_1,2832.2,1736.7,333.4,57.7,-0.6,,,,
110.777,2,Atta_2,3069.3,762.5,52.6,-101.3,-2.8,,,,
110.777,3,Atta_3,3222.1,662.9,193.4,-52.2,4.3,,,,
110.777,4,Atta_4,3540.4,692.7,101.3,12.4,3.0,,,,
110.777,5,Atta_5,2874.4,1019.7,25.7,66.6,0.9,,,,
110.777,6,Atta_6,2697.8,1521.9,290.2,58.9,0.0,,,,
110.777,7,Atta_7,2902.4,2078.2,46.1,107.7,-4.1,,,,
110.777,8,Atta_8,2693.3,1287.7,87.3,63.3,-5.4,,,,
110.777,9,Atta_9,3470.6,2120.3,341.9,42.4,2.0,,,,
110.777,10,Atta_10,3245.9,2064.6,272.1,-57.5,-3.7,,,,
110.846,1,Atta_1,2772.1,1791.1,331.9,-81.1,-1.5,,,,
110.846,2,Atta_2,3023.7,854.9,51.6,103.0,-1.0,,,,
110.846,3,Atta_3,3231.8,681.0,194.9,-20.5,1.5,,,,
110.846,4,Atta_4,3504.1,736.8,99.5,57.1,-1.8,,,,
110.846,5,Atta_5,2830.7,1011.7,24.0,-44.4,-1.7,,,,
110.846,6,Atta_6,2700.4,1482.5,293.1,39.5,2.9,,,,
110.846,7,Atta_7,2915.6,2015.0,54.0,-64.6,7.9,,,,
110.846,8,Atta_8,2673.1,1272.7,88.4,-25.2,1.1,,,,
110.846,9,Atta_9,3472.8,2075.0,338.2,45.4,-3.7,,,,
110.846,10,Atta_10,3203.9,2039.7,273.0,48.8,0.9,,,,
110.915,1,Atta_1,2747.4,1763.2,332.7,-37.3,0.8,,,,
110.915,2,Atta_2,3010.8,806.2,53.3,-50.4,1.7,,,,
110.915,3,Atta_3,3245.3,658.2,193.8,-26.5,-1.1,,,,
110.915,4,Atta_4,3512.1,701.6,96.2,-36.1,-3.3,,,,
110.915,5,Atta_5,2844.7,1013.5,21.6,14.1,-2.4,,,,
110.915,6,Atta_6,2653.0,1487.6,292.3,-47.7,-0.8,,,,
110.915,7,Atta_7,2914.2,2017.3,61.0,2.7,7.0,,,,
110.915,8,Atta_8,2675.9,1287.7,90.0,15.3,1.6,,,,
110.915,9,Atta_9,3486.9,2060.8,338.9,20.0,0.7,,,,
110.915,10,Atta_10,3194.6,2043.2,280.2,-9.9,7.2,,,,
110.983,1,Atta_1,2788.8,1749.5,332.2,43.6,-0.5,,,,
110.983,2,Atta_2,3017.3,819.1,56.3,14.4,3.0,,,,
110.983,3,Atta_3,3215.6,733.5,189.6,80.9,-4.2,,,,
110.983,4,Atta_4,3489.8,647.1,100.4,-58.9,4.2,,,,
110.983,5,Atta_5,2879.1,996.8,24.9,38.2,3.3,,,,
110.983,6,Atta_6,2729.6,1474.7,293.8,77.7,1.5,,,,
110.983,7,Atta_7,2932.4,2021.4,59.5,18.7,-1.5,,,,
110.983,8,Atta_8,2667.3,1286.0,87.3,-8.8,-2.7,,,,
110.983,9,Atta_9,3448.0,2077.3,342.8,-42.3,3.9,,,,
110.983,10,Atta_10,3247.2,1987.8,276.6,76.4,-3.6,,,,
111.051,1,Atta_1,2769.1,1834.4,336.1,-87.2,3.9,,,,
111.051,2,Atta_2,3040.6,787.3,56.1,-39.4,-0.2,,,,
111.051,3,Atta_3,3156.5,671.8,197.0,85.4,7.4,,,,
111.051,4,Atta_4,3520.1,707.4,97.4,67.5,-3.0,,,,
111.051,5,Atta_5,2842.7,1033.7,21.4,-51.8,-3.5,,,,
111.051,6,Atta_6,2716.3,1433.0,290.6,43.8,-3.2,,,,
111.051,7,Atta_7,2896.5,2050.6,66.4,46.3,6.9,,,,
111.051,8,Atta_8,2727.3,1253.2,88.0,-68.4,0.7,,,,
111.051,9,Atta_9,3477.9,2148.4,338.5,77.1,-4.3,,,,
111.051,10,Atta_10,3207.3,2057.8,276.2,-80.6,-0.4,,,,
111.103,1,Atta_1,2815.5,1755.4,334.6,91.6,-1.5,,,,
111.103,2,Atta_2,3019.9,824.6,53.1,42.7,-3.0,,,,
111.103,3,Atta_3,3149.4,643.9,190.3,28.8,-6.7,,,,
111.103,4,Atta_4,3509.6,643.1,101.5,-65.2,4.1,,,,
111.103,5,Atta_5,2841.5,987.9,23.7,-45.8,2.3,,,,
111.103,6,Atta_6,2674.9,1505.8,291.3,-83.7,0.7,,,,
111.103,7,Atta_7,2936.9,2072.6,70.3,46.0,3.9,,,,
111.103,8,Atta_8,2688.8,1232.0,89.5,-44.0,1.5,,,,
111.103,9,Atta_9,3483.1,2107.3,339.1,41.4,0.6,,,,
111.103,10,Atta_10,3279.4,2042.3,277.3,73.7,1.1,,,,
111.173,1,Atta_1,2790.4,1710.8,335.4,-51.2,0.8,,,,
111.173,2,Atta_2,3023.6,822.3,55.9,4.4,2.8,,,,
111.173,3,Atta_3,3225.7,694.4,196.4,-91.5,6.1,,,,
111.173,4,Atta_4,3514.5,674.5,97.4,31.8,-4.1,,,,
111.173,5,Atta_5,2781.4,1011.3,25.8,-64.5,2.1,,,,
111.173,6,Atta_6,2684.9,1516.2,294.0,-14.4,2.7,,,,
111.173,7,Atta_7,2877.8,2061.5,75.7,-60.1,5.4,,,,
111.173,8,Atta_8,2674.5,1278.3,87.4,48.5,-2.1,,,,
111.173,9,Atta_9,3464.7,2137.7,334.2,-35.5,-4.9,,,,
111.173,10,Atta_10,3256.3,2064.7,277.0,-32.2,-0.3,,,,
111.239,1,Atta_1,2853.6,1742.5,334.5,70.7,-0.9,,,,
111.239,2,Atta_2,3051.8,759.7,53.3,-68.7,-2.6,,,,
111.239,3,Atta_3,3233.8,676.1,193.5,-20.0,-2.9,,,,
111.239,4,Atta_4,3508.2,695.4,94.6,21.8,-2.8,,,,
111.239,5,Atta_5,2832.9,978.3,25.3,61.2,-0.5,,,,
111.239,6,Atta_6,2667.8,1479.1,293.3,40.9,-0.7,,,,
111.239,7,Atta_7,2879.4,2054.0,80.6,-7.7,4.9,,,,
111.239,8,Atta_8,2706.7,1271.4,85.3,-32.9,-2.1,,,,
111.239,9,Atta_9,3475.1,2137.8,340.3,10.4,6.1,,,,
111.239,10,Atta_10,3178.4,2040.7,276.3,81.5,-0.7,,,,
111.357,1,Atta_1,2797.5,1723.2,331.5,-59.3,-3.0,,,,
111.357,2,Atta_2,3015.7,793.8,55.3,49.7,2.0,,,,
111.357,3,Atta_3,3239.6,731.3,196.5,-55.5,3.0,,,,
111.357,4,Atta_4,3527.7,660.9,99.8,-39.6,5.2,,,,
111.357,5,Atta_5,2854.4,1010.7,21.1,38.9,-4.2,,,,
111.357,6,Atta_6,2694.8,1475.5,289.8,27.2,-3.5,,,,
111.357,7,Atta_7,2876.8,2071.0,83.1,17.2,2.5,,,,
111.357,8,Atta_8,2685.4,1272.6,84.9,-21.3,-0.4,,,,
111.357,9,Atta_9,3471.9,2077.5,337.1,60.4,-3.2,,,,
111.357,10,Atta_10,3172.9,2045.6,277.2,-7.4,0.9,,,,
111.425,1,Atta_1,2849.9,1758.3,333.2,63.1,1.7,,,,
111.425,2,Atta_2,2970.3,865.3,51.6,84.7,-3.7,,,,
111.425,3,Atta_3,3252.4,640.9,191.3,91.3,-5.2,,,,
111.425,4,Atta_4,3522.7,710.2,101.9,49.6,2.1,,,,
111.425,5,Atta_5,2859.4,1040.7,24.6,30.4,3.5,,,,
111.425,6,Atta_6,2680.4,1501.8,292.9,-30.0,3.1,,,,
111.425,7,Atta_7,2898.2,2077.8,91.5,22.5,8.4,,,,
111.425,8,Atta_8,2703.8,1286.2,89.7,22.9,4.8,,,,
111.425,9,Atta_9,3486.7,2110.5,338.1,36.2,1.0,,,,
111.425,10,Atta_10,3264.9,2075.5,273.5,-96.7,-3.7,,,,
111.557,1,Atta_1,2824.1,1695.9,331.7,67.5,-1.5,,,,
111.557,2,Atta_2,3045.9,836.6,56.2,80.9,4.6,,,,
111.557,3,Atta_3,3197.1,688.8,192.8,73.2,1.5,,,,
111.557,4,Atta_4,3484.7,646.4,101.6,-74.3,-0.3,,,,
111.557,5,Atta_5,2877.5,1018.4,19.6,28.7,-5.0,,,,
111.557,6,Atta_6,2677.6,1491.5,290.6,10.7,-2.3,,,,
111.557,7,Atta_7,2893.0,2019.6,98.0,-58.4,6.5,,,,
111.557,8,Atta_8,2681.1,1201.8,89.4,-87.4,-0.3,,,,
111.557,9,Atta_9,3473.4,2002.6,341.4,108.7,3.3,,,,
111.557,10,Atta_10,3196.6,2063.5,273.8,69.3,0.3,,,,
111.617,1,Atta_1,2774.5,1780.9,332.9,-98.4,1.2,,,,
111.617,2,Atta_2,2974.2,797.4,54.7,-81.7,-1.5,,,,
111.617,3,Atta_3,3214.0,741.7,191.1,-55.5,-1.7,,,,
111.617,4,Atta_4,3582.8,712.4,98.9,118.2,-2.7,,,,
111.617,5,Atta_5,2834.5,986.6,20.6,-53.5,1.0,,,,
111.617,6,Atta_6,2628.5,1430.4,294.5,78.4,3.9,,,,
111.617,7,Atta_7,2880.2,2026.0,100.6,14.3,2.6,,,,
111.617,8,Atta_8,2691.6,1269.0,88.5,68.0,-0.9,,,,
111.617,9,Atta_9,3432.3,2151.5,339.9,-154.5,-1.5,,,,
111.617,10,Atta_10,3232.6,2008.9,273.7,65.4,-0.1,,,,
111.686,1,Atta_1,2786.7,1746.1,335.5,36.9,2.6,,,,
111.686,2,Atta_2,3077.6,862.2,53.3,122.0,-1.4,,,,
111.686,3,Atta_3,3282.4,685.0,191.6,-88.8,0.5,,,,
111.686,4,Atta_4,3484.3,691.0,98.2,-100.8,-0.7,,,,
111.686,5,Atta_5,2836.0,1003.3,20.6,16.8,0.0,,,,
111.686,6,Atta_6,2657.2,1514.4,289.7,-88.8,-4.8,,,,
111.686,7,Atta_7,2907.8,2028.3,106.2,-27.7,5.6,,,,
111.686,8,Atta_8,2678.6,1318.6,87.9,51.3,-0.6,,,,
111.686,9,Atta_9,3474.0,2103.2,338.5,63.8,-1.4,,,,
111.686,10,Atta_10,3236.2,2045.9,272.0,-37.2,-1.7,,,,
111.752,1,Atta_1,2756.8,1788.2,331.7,-51.6,-3.8,,,,
111.752,2,Atta_2,3036.7,889.3,53.4,-49.1,0.1,,,,
111.752,3,Atta_3,3208.6,651.2,195.2,81.2,3.6,,,,
111.752,4,Atta_4,3516.5,687.9,98.7,-32.3,0.5,,,,
111.752,5,Atta_5,2897.3,1038.4,26.1,70.6,5.5,,,,
111.752,6,Atta_6,2643.4,1518.2,295.4,-14.3,5.7,,,,
111.752,7,Atta_7,2873.3,1975.0,114.6,-63.5,8.4,,,,
111.752,8,Atta_8,2695.2,1269.4,86.6,-51.9,-1.3,,,,
111.752,9,Atta_9,3509.7,2034.7,337.2,77.2,-1.3,,,,
111.752,10,Atta_10,3199.2,2074.7,272.8,-46.9,0.8,,,,
111.887,1,Atta_1,2818.8,1711.2,334.7,98.9,3.0,,,,
111.887,2,Atta_2,3031.3,824.0,51.4,-65.5,-2.0,,,,
111.887,3,Atta_3,3228.5,706.7,192.3,-59.0,-2.9,,,,
111.887,4,Atta_4,3511.2,678.1,101.7,-11.1,3.0,,,,
111.887,5,Atta_5,2878.8,968.4,21.0,-72.4,-5.1,,,,
111.887,6,Atta_6,2630.2,1462.9,293.0,56.9,-2.4,,,,
111.887,7,Atta_7,2908.5,2027.3,124.7,63.0,10.1,,,,
111.887,8,Atta_8,2684.8,1272.3,92.3,10.8,5.7,,,,
111.887,9,Atta_9,3473.1,2053.5,339.5,-41.1,2.3,,,,
111.887,10,Atta_10,3208.8,2107.2,271.1,-33.9,-1.7,,,,
111.956,1,Atta_1,2760.6,1734.1,336.2,-62.5,1.5,,,,
111.956,2,Atta_2,3074.8,800.0,49.8,49.7,-1.6,,,,
111.956,3,Atta_3,3156.6,664.4,193.9,83.4,1.6,,,,
111.956,4,Atta_4,3523.6,685.9,98.5,14.6,-3.2,,,,
111.956,5,Atta_5,2818.0,971.7,25.3,-60.9,4.3,,,,
111.956,6,Atta_6,2690.8,1565.7,291.7,-119.3,-1.3,,,,
111.956,7,Atta_7,2923.1,1996.6,124.3,-34.0,-0.4,,,,
111.956,8,Atta_8,2713.4,1320.2,89.4,55.8,-2.9,,,,
111.956,9,Atta_9,3436.1,2102.8,337.8,-61.6,-1.7,,,,
111.956,10,Atta_10,3203.0,2033.4,275.0,74.0,3.9,,,,
112.022,1,Atta_1,2790.9,1755.7,328.1,37.2,-8.1,,,,
112.022,2,Atta_2,3000.6,763.1,55.1,-82.9,5.3,,,,
112.022,3,Atta_3,3184.2,661.8,193.4,-27.7,-0.5,,,,
112.022,4,Atta_4,3486.1,612.2,102.5,-82.7,4.0,,,,
112.022,5,Atta_5,2864.0,1001.3,23.3,54.7,-2.0,,,,
112.022,6,Atta_6,2711.1,1461.1,293.0,106.6,1.3,,,,
112.022,7,Atta_7,2957.9,2023.6,127.2,44.0,2.9,,,,
112.022,8,Atta_8,2688.4,1346.2,92.4,36.1,3.0,,,,
112.022,9,Atta_9,3495.6,2092.5,337.9,60.4,0.1,,,,
112.022,10,Atta_10,3194.8,1980.4,273.5,53.6,-1.5,,,,
112.088,1,Atta_1,2802.5,1771.8,334.5,19.8,6.4,,,,
112.088,2,Atta_2,3070.1,807.5,58.9,82.5,3.8,,,,
112.088,3,Atta_3,3196.8,642.3,190.7,-23.2,-2.7,,,,
112.088,4,Atta_4,3543.0,683.2,99.8,91.0,-2.7,,,,
112.088,5,Atta_5,2850.1,1027.7,26.2,-29.8,2.9,,,,
112.088,6,Atta_6,2693.9,1477.7,291.5,-23.9,-1.5,,,,
112.088,7,Atta_7,2953.1,2061.5,136.1,38.2,8.9,,,,
112.088,8,Atta_8,2697.4,1261.5,90.5,-85.2,-1.9,,,,
112.088,9,Atta_9,3432.2,2136.5,340.9,-77.2,3.0,,,,
112.088,10,Atta_10,3252.1,2007.1,273.2,-63.2,-0.3,,,,
112.157,1,Atta_1,2760.6,1677.5,331.0,103.2,-3.5,,,,
112.157,2,Atta_2,3077.0,813.5,55.7,9.1,-3.2,,,,
112.157,3,Atta_3,3209.2,670.5,193.7,-30.8,3.0,,,,
112.157,4,Atta_4,3565.5,731.1,101.9,52.9,2.1,,,,
112.157,5,Atta_5,2838.4,975.5,20.9,-53.5,-5.3,,,,
112.157,6,Atta_6,2685.8,1518.8,293.1,-41.9,1.6,,,,
112.157,7,Atta_7,2896.9,2024.5,137.7,67.3,1.6,,,,
112.157,8,Atta_8,2650.2,1281.9,88.4,51.4,-2.1,,,,
112.157,9,Atta_9,3482.2,2101.8,339.9,60.9,-1.0,,,,
112.157,10,Atta_10,3201.7,1994.7,276.1,51.9,2.9,,,,
112.227,1,Atta_1,2766.3,1787.3,334.0,-109.9,3.0,,,,
112.227,2,Atta_2,3039.4,863.2,53.8,62.3,-1.9,,,,
112.227,3,Atta_3,3237.8,670.4,192.6,-28.6,-1.1,,,,
112.227,4,Atta_4,3537.5,717.3,102.5,-31.2,0.6,,,,
112.227,5,Atta_5,2869.2,986.1,22.0,32.6,1.1,,,,
112.227,6,Atta_6,2676.5,1524.1,292.8,-10.7,-0.3,,,,
112.227,7,Atta_7,2875.0,2003.0,141.3,30.7,3.6,,,,
112.227,8,Atta_8,2705.7,1263.6,87.0,-58.4,-1.4,,,,
112.227,9,Atta_9,3454.8,2130.8,338.7,-39.9,-1.2,,,,
112.227,10,Atta_10,3218.4,2035.1,274.0,-43.7,-2.1,,,,
112.289,1,Atta_1,2751.6,1783.6,335.7,-15.2,1.7,,,,
112.289,2,Atta_2,3026.0,760.9,54.1,-103.2,0.3,,,,
112.289,3,Atta_3,3157.7,678.6,191.3,80.5,-1.3,,,,
112.289,4,Atta_4,3494.0,599.4,97.4,-125.7,-5.1,,,,
112.289,5,Atta_5,2804.0,974.7,23.0,-66.2,1.0,,,,
112.289,6,Atta_6,2661.0,1515.3,295.0,17.8,2.2,,,,
112.289,7,Atta_7,2898.9,1975.3,148.4,-36.6,7.1,,,,
112.289,8,Atta_8,2731.9,1306.6,92.7,50.4,5.7,,,,
112.289,9,Atta_9,3484.9,2135.5,343.3,30.5,4.6,,,,
112.289,10,Atta_10,3234.0,2001.0,275.5,37.5,1.5,,,,
112.359,1,Atta_1,2798.5,1725.9,331.0,74.4,-4.7,,,,
112.359,2,Atta_2,3033.5,796.5,52.0,36.4,-2.1,,,,
112.359,3,Atta_3,3169.8,700.9,192.5,-25.4,1.2,,,,
112.359,4,Atta_4,3507.5,667.8,99.9,69.7,2.5,,,,
112.359,5,Atta_5,2835.4,968.1,20.3,32.1,-2.7,,,,
112.359,6,Atta_6,2676.8,1502.6,293.0,20.3,-2.0,,,,
112.359,7,Atta_7,2908.6,1998.1,147.6,24.8,-0.8,,,,
112.359,8,Atta_8,2673.5,1267.9,86.3,-70.1,-6.4,,,,
112.359,9,Atta_9,3450.5,2106.9,340.1,-44.7,-3.2,,,,
112.359,10,Atta_10,3220.4,2076.1,271.1,-76.3,-4.4,,,,
112.429,1,Atta_1,2771.2,1715.8,332.9,-29.1,1.9,,,,
112.429,2,Atta_2,3061.4,801.5,55.2,28.3,3.2,,,,
112.429,3,Atta_3,3229.1,673.9,190.5,-65.2,-2.0,,,,
112.429,4,Atta_4,3530.5,732.8,99.1,68.9,-0.8,,,,
112.429,5,Atta_5,2854.2,930.4,26.2,42.1,5.9,,,,
112.429,6,Atta_6,2677.2,1480.9,291.6,21.7,-1.4,,,,
112.429,7,Atta_7,2864.5,2054.1,148.5,71.3,0.9,,,,
112.429,8,Atta_8,2667.1,1287.1,91.4,20.2,5.1,,,,
112.429,9,Atta_9,3473.6,2112.0,340.1,23.7,0.0,,,,
112.429,10,Atta_10,3238.2,2030.7,277.5,48.8,6.4,,,,
112.495,1,Atta_1,2806.4,1734.6,332.8,39.9,-0.1,,,,
112.495,2,Atta_2,3031.5,849.4,51.4,56.5,-3.8,,,,
112.495,3,Atta_3,3207.6,758.4,194.4,87.2,3.9,,,,
112.495,4,Atta_4,3512.0,690.9,102.3,-45.8,3.2,,,,
112.495,5,Atta_5,2865.2,1006.5,23.8,76.9,-2.4,,,,
112.495,6,Atta_6,2685.9,1498.6,291.5,-19.7,-0.1,,,,
112.495,7,Atta_7,2909.2,2049.4,152.5,-44.9,4.0,,,,
112.495,8,Atta_8,2649.5,1266.9,86.7,-26.8,-4.7,,,,
112.495,9,Atta_9,3469.3,2125.3,338.1,-14.0,-2.0,,,,
112.495,10,Atta_10,3185.4,2004.6,275.1,58.9,-2.4,,,,
112.546,1,Atta_1,2797.0,1729.8,333.9,-10.6,1.1,,,,
112.546,2,Atta_2,3032.3,854.0,52.6,4.7,1.2,,,,
112.546,3,Atta_3,3211.7,645.8,193.0,112.7,-1.4,,,,
112.546,4,Atta_4,3560.2,708.2,98.1,51.2,-4.2,,,,
112.546,5,Atta_5,2861.6,993.0,19.9,-14.0,-3.9,,,,
112.546,6,Atta_6,2689.0,1546.1,291.9,-47.6,0.4,,,,
112.546,7,Atta_7,2856.7,1986.8,150.2,81.7,-2.3,,,,
112.546,8,Atta_8,2692.6,1251.8,88.7,-45.7,2.0,,,,
112.546,9,Atta_9,3467.1,2049.8,335.2,75.5,-2.9,,,,
112.546,10,Atta_10,3203.2,2050.6,272.5,-49.3,-2.6,,,,
112.616,1,Atta_1,2772.4,1806.1,331.2,-80.2,-2.7,,,,
112.616,2,Atta_2,3022.9,873.1,59.9,21.3,7.3,,,,
112.616,3,Atta_3,3232.2,737.9,190.3,-94.4,-2.7,,,,
112.616,4,Atta_4,3520.0,722.1,100.5,42.5,2.4,,,,
112.616,5,Atta_5,2835.6,1019.8,23.4,-37.3,3.5,,,,
112.616,6,Atta_6,2647.0,1460.3,292.6,95.5,0.7,,,,
112.616,7,Atta_7,2889.2,2005.4,149.1,-37.4,-1.1,,,,
112.616,8,Atta_8,2660.3,1255.8,90.0,32.5,1.3,,,,
112.616,9,Atta_9,3438.7,2107.5,340.0,-64.3,4.8,,,,
112.616,10,Atta_10,3242.2,2054.3,278.7,-39.2,6.2,,,,
112.666,1,Atta_1,2745.0,1740.2,330.5,71.4,-0.7,,,,
112.666,2,Atta_2,3023.3,807.9,54.5,-65.2,-5.4,,,,
112.666,3,Atta_3,3236.0,718.5,189.7,-19.8,-0.6,,,,
112.666,4,Atta_4,3530.8,659.7,102.0,-63.3,1.5,,,,
112.666,5,Atta_5,2793.4,979.1,23.4,-58.6,0.0,,,,
112.666,6,Atta_6,2746.1,1490.9,290.4,103.7,-2.2,,,,
112.666,7,Atta_7,2849.3,2018.7,145.0,42.1,-4.1,,,,
112.666,8,Atta_8,2691.8,1295.8,92.7,50.9,2.7,,,,
112.666,9,Atta_9,3489.3,2084.2,339.9,55.7,-0.1,,,,
112.666,10,Atta_10,3184.9,2059.0,272.5,-57.5,-6.2,,,,
112.735,1,Atta_1,2806.4,1796.7,331.9,83.4,1.4,,,,
112.735,2,Atta_2,3010.7,816.4,56.5,-15.2,2.0,,,,
112.735,3,Atta_3,3195.3,654.0,193.1,76.3,3.4,,,,
112.735,4,Atta_4,3519.5,719.1,102.3,60.5,0.3,,,,
112.735,5,Atta_5,2809.2,1032.2,24.1,55.4,0.7,,,,
112.735,6,Atta_6,2649.6,1518.5,295.6,-100.4,5.2,,,,
112.735,7,Atta_7,2921.2,2053.6,147.8,-79.9,2.8,,,,
112.735,8,Atta_8,2685.9,1317.0,88.3,22.0,-4.4,,,,
112.735,9,Atta_9,3465.6,2118.0,338.1,-41.3,-1.8,,,,
112.735,10,Atta_10,3197.5,2064.9,275.1,-13.9,2.6,,,,
112.8,1,Atta_1,2815.9,1763.1,331.9,34.9,0.0,,,,
112.8,2,Atta_2,3073.9,855.7,53.8,74.4,-2.7,,,,
112.8,3,Atta_3,3219.6,723.5,190.6,-73.6,-2.5,,,,
112.8,4,Atta_4,3512.8,648.4,101.1,-71.0,-1.2,,,,
112.8,5,Atta_5,2873.2,1057.0,20.7,68.6,-3.4,,,,
112.8,6,Atta_6,2725.6,1429.4,292.9,117.1,-2.7,,,,
112.8,7,Atta_7,2863.5,2044.2,149.3,58.5,1.5,,,,
112.8,8,Atta_8,2679.8,1233.8,90.4,-83.4,2.1,,,,
112.8,9,Atta_9,3455.9,2114.8,336.9,-10.2,-1.2,,,,
112.8,10,Atta_10,3215.9,1964.3,272.6,102.3,-2.5,,,,
112.866,1,Atta_1,2808.6,1725.6,333.6,38.2,1.7,,,,
112.866,2,Atta_2,3056.8,818.6,53.8,-40.9,0.0,,,,
112.866,3,Atta_3,3210.9,705.2,193.8,20.3,3.2,,,,
112.866,4,Atta_4,3523.2,672.9,100.9,26.6,-0.2,,,,
112.866,5,Atta_5,2843.1,992.6,25.2,-71.1,4.5,,,,
112.866,6,Atta_6,2714.3,1533.7,292.6,-104.9,-0.3,,,,
112.866,7,Atta_7,2865.6,2031.6,145.8,-12.8,-3.5,,,,
112.866,8,Atta_8,2727.4,1261.6,90.6,55.1,0.2,,,,
112.866,9,Atta_9,3489.5,2132.2,339.5,37.8,2.6,,,,
112.866,10,Atta_10,3242.4,2015.0,272.0,-57.2,-0.6,,,,
112.932,1,Atta_1,2796.4,1715.6,332.2,-15.8,-1.4,,,,
112.932,2,Atta_2,3112.2,873.5,50.9,78.0,-2.9,,,,
112.932,3,Atta_3,3193.9,696.8,193.9,19.0,0.1,,,,
112.932,4,Atta_4,3512.9,710.6,99.2,39.1,-1.7,,,,
112.932,5,Atta_5,2834.4,985.9,22.8,-11.0,-2.4,,,,
112.932,6,Atta_6,2654.0,1493.8,291.5,72.3,-1.1,,,,
112.932,7,Atta_7,2855.9,2075.1,149.7,44.6,3.9,,,,
112.932,8,Atta_8,2705.3,1241.5,89.1,-29.9,-1.5,,,,
112.932,9,Atta_9,3483.2,2117.7,336.9,-15.8,-2.6,,,,
112.932,10,Atta_10,3222.0,1985.0,273.6,36.3,1.6,,,,
113.002,1,Atta_1,2765.1,1756.1,337.7,-51.2,5.5,,,,
113.002,2,Atta_2,3061.7,849.4,51.9,-56.0,1.0,,,,
113.002,3,Atta_3,3206.7,677.2,194.6,-23.4,0.7,,,,
113.002,4,Atta_4,3500.2,749.9,97.3,41.3,-1.9,,,,
113.002,5,Atta_5,2918.3,976.0,20.1,84.5,-2.7,,,,
113.002,6,Atta_6,2648.7,1482.3,291.6,12.7,0.1,,,,
113.002,7,Atta_7,2863.6,2082.0,153.9,-10.3,4.2,,,,
113.002,8,Atta_8,2717.6,1235.6,92.0,-13.6,2.9,,,,
113.002,9,Atta_9,3480.1,2113.7,338.4,-5.1,1.5,,,,
113.002,10,Atta_10,3255.8,2056.7,273.7,-79.3,0.1,,,,
113.073,1,Atta_1,2789.9,1783.0,331.8,36.6,-5.9,,,,
113.073,2,Atta_2,3112.7,861.7,53.8,52.5,1.9,,,,
113.073,3,Atta_3,3181.8,686.1,191.5,26.4,-3.1,,,,
113.073,4,Atta_4,3501.5,658.2,98.4,-91.7,1.1,,,,
113.073,5,Atta_5,2898.2,1008.7,21.0,-38.4,0.9,,,,
113.073,6,Atta_6,2699.3,1475.8,293.2,51.0,1.6,,,,
113.073,7,Atta_7,2819.5,2038.5,156.5,61.9,2.6,,,,
113.073,8,Atta_8,2708.1,1245.2,88.1,13.5,-3.9,,,,
113.073,9,Atta_9,3500.9,2082.0,338.9,37.9,0.5,,,,
113.073,10,Atta_10,3263.0,2056.7,278.0,7.2,4.3,,,,
113.141,1,Atta_1,2846.6,1776.8,334.3,57.0,2.5,,,,
113.141,2,Atta_2,3059.4,799.3,57.7,-82.1,3.9,,,,
113.141,3,Atta_3,3208.7,689.4,190.8,-27.1,-0.7,,,,
113.141,4,Atta_4,3551.2,657.9,99.3,-49.7,0.9,,,,
113.141,5,Atta_5,2857.2,1003.0,23.5,-41.4,2.5,,,,
113.141,6,Atta_6,2642.3,1503.0,289.5,-63.2,-3.7,,,,
113.141,7,Atta_7,2783.5,2078.1,162.3,53.5,5.8,,,,
113.141,8,Atta_8,2732.7,1308.0,89.0,67.4,0.9,,,,
113.141,9,Atta_9,3475.3,2041.2,334.3,-48.2,-4.6,,,,
113.141,10,Atta_10,3228.0,2031.4,276.5,43.2,-1.5,,,,
113.208,1,Atta_1,2812.2,1810.1,336.9,-47.9,2.6,,,,
113.208,2,Atta_2,3103.8,847.0,54.3,65.2,-3.4,,,,
113.208,3,Atta_3,3208.7,668.8,191.7,20.6,0.9,,,,
113.208,4,Atta_4,3559.0,718.7,98.4,61.3,-0.9,,,,
113.208,5,Atta_5,2857.4,969.0,24.2,-34.0,0.7,,,,
113.208,6,Atta_6,2669.0,1519.2,293.0,-31.2,3.5,,,,
113.208,7,Atta_7,2882.9,2121.1,159.4,-108.3,-2.9,,,,
113.208,8,Atta_8,2688.6,1291.1,87.8,-47.2,-1.2,,,,
113.208,9,Atta_9,3421.8,2062.7,339.1,-57.7,4.8,,,,
113.208,10,Atta_10,3261.8,2017.8,275.8,36.4,-0.7,,,,
113.276,1,Atta_1,2776.9,1734.4,335.2,-83.5,-1.7,,,,
113.276,2,Atta_2,3087.8,845.8,56.2,-16.0,1.9,,,,
113.276,3,Atta_3,3184.5,699.5,191.3,39.1,-0.4,,,,
113.276,4,Atta_4,3528.0,698.5,98.1,-37.0,-0.3,,,,
113.276,5,Atta_5,2892.7,929.7,21.4,52.8,-2.8,,,,
113.276,6,Atta_6,2728.1,1500.2,293.5,62.1,0.5,,,,
113.276,7,Atta_7,2881.3,2024.6,166.7,-96.5,7.3,,,,
113.276,8,Atta_8,2690.0,1266.1,89.2,-25.0,1.4,,,,
113.276,9,Atta_9,3513.1,2086.2,337.5,94.3,-1.6,,,,
113.276,10,Atta_10,3174.2,1977.5,276.3,96.4,0.5,,,,
113.344,1,Atta_1,2773.6,1726.8,336.4,8.3,1.2,,,,
113.344,2,Atta_2,3034.8,770.0,52.8,-92.5,-3.4,,,,
113.344,3,Atta_3,3193.8,692.1,192.2,-11.9,0.9,,,,
113.344,4,Atta_4,3505.0,686.1,98.9,-26.1,0.8,,,,
113.344,5,Atta_5,2804.9,972.6,22.8,-97.7,1.4,,,,
113.344,6,Atta_6,2668.7,1524.3,289.8,-64.1,-3.7,,,,
113.344,7,Atta_7,2818.8,2049.6,173.8,67.3,7.1,,,,
113.344,8,Atta_8,2694.0,1270.9,89.8,6.2,0.6,,,,
113.344,9,Atta_9,3501.6,2111.5,333.9,-27.8,-3.6,,,,
113.344,10,Atta_10,3202.3,2063.0,275.1,-90.0,-1.2,,,,
113.41,1,Atta_1,2762.3,1780.8,332.7,-55.2,-3.7,,,,
113.41,2,Atta_2,3084.3,843.2,53.2,88.4,0.4,,,,
113.41,3,Atta_3,3256.8,744.4,190.5,-81.9,-1.7,,,,
113.41,4,Atta_4,3484.6,688.7,104.4,20.6,5.5,,,,
113.41,5,Atta_5,2855.9,997.0,20.9,56.5,-1.9,,,,
113.41,6,Atta_6,2657.3,1484.8,292.6,41.1,2.8,,,,
113.41,7,Atta_7,2845.2,2080.6,175.7,-40.7,1.9,,,,
113.41,8,Atta_8,2630.6,1292.0,88.7,66.8,-1.1,,,,
113.41,9,Atta_9,3487.3,2068.1,337.7,45.7,3.8,,,,
113.41,10,Atta_10,3183.4,2055.5,275.7,20.3,0.6,,,,
113.478,1,Atta_1,2793.5,1772.8,338.8,32.2,6.1,,,,
113.478,2,Atta_2,3032.0,796.9,53.3,-69.8,0.1,,,,
113.478,3,Atta_3,3179.3,664.2,189.0,111.5,-1.5,,,,
113.478,4,Atta_4,3539.7,671.6,96.4,-57.7,-8.0,,,,
113.478,5,Atta_5,2853.2,1035.3,24.6,38.4,3.7,,,,
113.478,6,Atta_6,2656.1,1488.6,290.0,-4.0,-2.6,,,,
113.478,7,Atta_7,2817.2,2052.2,179.8,39.9,4.1,,,,
113.478,8,Atta_8,2686.2,1277.0,93.1,-57.6,4.4,,,,
113.478,9,Atta_9,3493.4,2096.1,337.5,-28.7,-0.2,,,,
113.478,10,Atta_10,3246.0,2065.9,272.4,-63.5,-3.3,,,,
113.547,1,Atta_1,2791.5,1764.0,334.1,9.0,-4.7,,,,
113.547,2,Atta_2,3051.8,785.9,60.4,22.7,7.1,,,,
113.547,3,Atta_3,3248.0,666.4,193.5,-68.7,4.5,,,,
113.547,4,Atta_4,3470.4,716.0,96.9,82.3,0.5,,,,
113.547,5,Atta_5,2864.9,1001.2,22.7,-36.1,-1.9,,,,
113.547,6,Atta_6,2724.0,1525.9,291.2,-77.5,1.2,,,,
113.547,7,Atta_7,2876.4,2050.8,188.1,-59.2,8.3,,,,
113.547,8,Atta_8,2646.2,1293.6,91.7,43.3,-1.4,,,,
113.547,9,Atta_9,3462.8,2100.6,335.9,-30.9,-1.6,,,,
113.547,10,Atta_10,3234.1,1987.5,273.3,79.3,0.9,,,,
113.615,1,Atta_1,2800.0,1780.4,331.9,18.5,-2.2,,,,
113.615,2,Atta_2,3027.1,824.0,52.1,45.4,-8.3,,,,
113.615,3,Atta_3,3184.5,610.5,189.4,84.6,-4.1,,,,
113.615,4,Atta_4,3514.1,691.4,100.4,-50.1,3.5,,,,
113.615,5,Atta_5,2894.7,957.6,21.2,52.8,-1.5,,,,
113.615,6,Atta_6,2683.9,1439.0,295.0,95.7,3.8,,,,
113.615,7,Atta_7,2813.5,2093.2,188.1,75.9,0.0,,,,
113.615,8,Atta_8,2686.1,1264.5,92.7,-49.4,1.0,,,,
113.615,9,Atta_9,3504.9,2067.9,338.4,53.3,2.5,,,,
113.615,10,Atta_10,3218.1,2014.0,270.9,-31.0,-2.4,,,,
113.684,1,Atta_1,2822.1,1781.7,334.4,22.1,2.5,,,,
113.684,2,Atta_2,3086.9,834.0,53.1,60.6,1.0,,,,
113.684,3,Atta_3,3249.5,661.0,193.6,-82.3,4.2,,,,
113.684,4,Atta_4,3549.3,654.6,98.7,-50.9,-1.7,,,,
113.684,5,Atta_5,2843.4,1025.3,25.9,-84.9,4.7,,,,
113.684,6,Atta_6,2718.6,1478.6,293.4,-52.7,-1.6,,,,
113.684,7,Atta_7,2822.7,2033.4,194.8,-60.5,6.7,,,,
113.684,8,Atta_8,2722.8,1250.0,90.5,-39.5,-2.2,,,,
113.684,9,Atta_9,3451.8,2039.8,341.3,-60.1,2.9,,,,
113.684,10,Atta_10,3213.3,2008.7,274.5,7.2,3.6,,,,
113.751,1,Atta_1,2771.6,1770.0,332.4,-51.8,-2.0,,,,
113.751,2,Atta_2,3070.1,795.5,53.3,-42.0,0.2,,,,
113.751,3,Atta_3,3144.6,632.2,191.3,108.8,-2.3,,,,
113.751,4,Atta_4,3483.5,687.5,100.8,73.6,2.1,,,,
113.751,5,Atta_5,2817.7,1074.9,22.6,-55.9,-3.3,,,,
113.751,6,Atta_6,2716.4,1525.5,289.2,-47.0,-4.2,,,,
113.751,7,Atta_7,2906.0,2035.9,201.8,-83.3,7.0,,,,
113.751,8,Atta_8,2696.0,1303.5,91.6,59.8,1.1,,,,
113.751,9,Atta_9,3469.5,2080.9,340.2,44.7,-1.1,,,,
113.751,10,Atta_10,3219.1,2026.2,276.6,-18.4,2.1,,,,
113.817,1,Atta_1,2812.7,1743.3,331.9,49.0,-0.5,,,,
113.817,2,Atta_2,3061.1,814.4,50.4,20.9,-2.9,,,,
113.817,3,Atta_3,3172.0,734.1,192.1,-105.5,0.8,,,,
113.817,4,Atta_4,3542.2,714.9,98.9,64.8,-1.9,,,,
113.817,5,Atta_5,2869.3,979.8,20.7,108.2,-1.9,,,,
113.817,6,Atta_6,2658.0,1475.0,292.5,77.2,3.3,,,,
113.817,7,Atta_7,2881.6,2113.0,206.2,-80.9,4.4,,,,
113.817,8,Atta_8,2668.2,1334.4,89.2,41.6,-2.4,,,,
113.817,9,Atta_9,3515.4,2131.3,337.3,68.2,-2.9,,,,
113.817,10,Atta_10,3194.8,2076.0,282.0,-55.4,5.4,,,,
