time,idrobot,robot,x,y,angle,linearDisplacement,angularDisplacement,ekf_x,ekf_y,ekf_angle,ekf_age_ms
0,1,Atta_1,227.2,252.2,359.1,0,0,,,,
0,2,Atta_2,225.8,511.8,358.5,0,0,,,,
0,3,Atta_3,200.3,785.1,1.8,0,0,,,,
0,4,Atta_4,217.1,1058.1,0.1,0,0,,,,
0,5,Atta_5,207.2,1243.4,359.7,0,0,,,,
0,6,Atta_6,208.8,1474.4,0.0,0,0,,,,
0,7,Atta_7,238.4,1749.4,1.1,0,0,,,,
0,8,Atta_8,199.2,2052.1,356.9,0,0,,,,
0,9,Atta_9,221.8,2290.2,3.3,0,0,,,,
0,10,Atta_10,187.9,2521.4,359.8,0,0,,,,
-0.292,1,Atta_1,229.2,274.1,358.8,22.0,-0.3,,,,
-0.292,2,Atta_2,145.7,474.8,358.4,-88.2,-0.1,,,,
-0.292,3,Atta_3,193.2,840.2,355.3,-55.6,-6.5,,,,
-0.292,4,Atta_4,223.4,1026.0,355.9,32.7,-4.2,,,,
-0.292,5,Atta_5,191.6,1282.6,355.1,-42.2,-4.6,,,,
-0.292,6,Atta_6,200.3,1537.2,353.2,-63.4,-6.8,,,,
-0.292,7,Atta_7,209.5,1835.7,356.0,-91.0,-5.1,,,,
-0.292,8,Atta_8,217.4,2067.6,1.5,23.9,4.6,,,,
-0.292,9,Atta_9,217.7,2326.9,356.5,-36.9,-6.8,,,,
-0.292,10,Atta_10,179.3,2520.4,357.8,-8.7,-2.0,,,,
0.04,1,Atta_1,216.0,267.8,333.4,-14.6,-25.4,,,,
0.04,2,Atta_2,203.8,482.8,340.4,58.6,-18.0,,,,
0.04,3,Atta_3,143.8,748.2,334.9,-104.4,-20.4,,,,
0.04,4,Atta_4,227.6,1048.4,334.6,22.8,-21.3,,,,
0.04,5,Atta_5,143.5,1294.7,334.5,-49.6,-20.6,,,,
0.04,6,Atta_6,208.8,1478.5,334.6,59.3,-18.6,,,,
0.04,7,Atta_7,180.8,1739.1,334.5,-100.8,-21.5,,,,
0.04,8,Atta_8,183.8,1992.3,332.9,-82.5,-28.6,,,,
0.04,9,Atta_9,205.7,2228.6,338.7,-99.0,-17.8,,,,
0.04,10,Atta_10,205.5,2524.3,332.2,26.5,-25.6,,,,
0.098,1,Atta_1,223.3,185.6,332.0,82.5,-1.4,,,,
0.098,2,Atta_2,174.9,486.0,333.8,-29.1,-6.6,,,,
0.098,3,Atta_3,170.2,766.1,331.5,31.9,-3.4,,,,
0.098,4,Atta_4,146.7,1003.1,328.5,-92.7,-6.1,,,,
0.098,5,Atta_5,188.5,1258.5,332.2,57.8,-2.3,,,,
0.098,6,Atta_6,263.0,1528.1,331.8,73.5,-2.8,,,,
0.098,7,Atta_7,193.6,1749.8,327.0,16.7,-7.5,,,,
0.098,8,Atta_8,225.0,1993.7,332.8,41.2,-0.1,,,,
0.098,9,Atta_9,189.9,2269.6,330.2,-43.9,-8.5,,,,
0.098,10,Atta_10,220.1,2459.2,335.1,66.7,2.9,,,,
0.164,1,Atta_1,160.3,264.8,327.0,-101.2,-5.0,,,,
0.164,2,Atta_2,164.3,540.3,323.5,-55.3,-10.3,,,,
0.164,3,Atta_3,194.4,809.2,324.3,49.4,-7.2,,,,
0.164,4,Atta_4,212.5,1003.8,327.5,65.8,-1.0,,,,
0.164,5,Atta_5,261.2,1274.0,325.0,74.3,-7.2,,,,
0.164,6,Atta_6,148.0,1536.0,326.4,-115.3,-5.4,,,,
0.164,7,Atta_7,176.9,1796.0,327.5,-49.1,0.5,,,,
0.164,8,Atta_8,194.3,1977.8,329.1,-34.6,-3.7,,,,
0.164,9,Atta_9,212.7,2288.2,324.4,29.4,-5.8,,,,
0.164,10,Atta_10,180.2,2523.4,323.7,-75.6,-11.4,,,,
0.302,1,Atta_1,232.4,263.3,316.5,72.1,-10.5,,,,
0.302,2,Atta_2,185.0,509.5,315.6,37.1,-7.9,,,,
0.302,3,Atta_3,164.2,730.9,317.2,83.9,-7.1,,,,
0.302,4,Atta_4,232.2,1015.8,317.3,23.1,-10.2,,,,
0.302,5,Atta_5,241.2,1310.7,318.7,-41.8,-6.3,,,,
0.302,6,Atta_6,208.5,1491.7,318.8,75.0,-7.6,,,,
0.302,7,Atta_7,197.9,1826.4,315.3,36.9,-12.2,,,,
0.302,8,Atta_8,256.2,2024.5,314.5,77.5,-14.6,,,,
0.302,9,Atta_9,191.2,2301.7,316.2,-25.4,-8.2,,,,
0.302,10,Atta_10,202.0,2543.6,316.9,29.7,-6.8,,,,
0.372,1,Atta_1,208.2,318.4,311.7,-60.2,-4.8,,,,
0.372,2,Atta_2,268.0,529.0,314.1,85.3,-1.5,,,,
0.372,3,Atta_3,207.0,723.7,313.3,43.4,-3.9,,,,
0.372,4,Atta_4,197.7,1006.3,311.3,-35.8,-6.0,,,,
0.372,5,Atta_5,261.2,1255.8,312.2,58.4,-6.5,,,,
0.372,6,Atta_6,226.2,1480.7,313.0,20.8,-5.8,,,,
0.372,7,Atta_7,171.1,1820.5,314.7,-27.4,-0.6,,,,
0.372,8,Atta_8,154.9,2034.5,312.9,-101.8,-1.6,,,,
0.372,9,Atta_9,169.4,2295.8,312.5,-22.6,-3.7,,,,
0.372,10,Atta_10,196.2,2582.9,313.6,-39.7,-3.3,,,,
0.5,1,Atta_1,194.5,257.4,309.1,62.5,-2.6,,,,
0.5,2,Atta_2,186.3,571.3,310.7,-92.0,-3.4,,,,
0.5,3,Atta_3,218.0,757.7,313.1,-35.7,-0.2,,,,
0.5,4,Atta_4,226.1,1009.5,307.1,28.6,-4.2,,,,
0.5,5,Atta_5,218.0,1269.6,305.4,-45.4,-6.8,,,,
0.5,6,Atta_6,201.2,1590.9,310.9,-113.0,-2.1,,,,
0.5,7,Atta_7,205.0,1816.2,307.3,34.2,-7.4,,,,
0.5,8,Atta_8,194.4,2025.9,310.7,40.4,-2.2,,,,
0.5,9,Atta_9,262.8,2285.4,308.2,94.0,-4.3,,,,
0.5,10,Atta_10,229.3,2517.5,305.7,73.3,-7.9,,,,
0.567,1,Atta_1,199.9,291.6,306.3,-34.6,-2.8,,,,
0.567,2,Atta_2,218.1,489.3,306.8,88.0,-3.9,,,,
0.567,3,Atta_3,200.9,782.9,304.8,-30.5,-8.3,,,,
0.567,4,Atta_4,189.7,1031.3,308.4,-42.4,1.3,,,,
0.567,5,Atta_5,131.7,1225.5,304.2,-96.9,-1.2,,,,
0.567,6,Atta_6,209.9,1462.8,301.1,128.4,-9.8,,,,
0.567,7,Atta_7,206.7,1765.0,307.5,51.2,0.2,,,,
0.567,8,Atta_8,184.3,2037.7,300.9,-15.5,-9.8,,,,
0.567,9,Atta_9,157.3,2221.0,304.7,-123.6,-3.5,,,,
0.567,10,Atta_10,151.7,2509.8,302.2,-78.0,-3.5,,,,
0.62,1,Atta_1,242.8,250.4,301.1,59.5,-5.2,,,,
0.62,2,Atta_2,197.5,528.5,299.5,-44.3,-7.3,,,,
0.62,3,Atta_3,226.6,776.6,301.3,26.5,-3.5,,,,
0.62,4,Atta_4,183.9,1033.4,298.6,-6.2,-9.8,,,,
0.62,5,Atta_5,177.7,1307.5,297.4,-94.0,-6.8,,,,
0.62,6,Atta_6,177.2,1539.0,297.9,-82.9,-3.2,,,,
0.62,7,Atta_7,197.4,1742.5,296.7,24.3,-10.8,,,,
0.62,8,Atta_8,230.7,2018.9,296.3,50.1,-4.6,,,,
0.62,9,Atta_9,214.2,2300.5,300.6,-97.8,-4.1,,,,
0.62,10,Atta_10,233.3,2492.5,299.8,83.4,-2.4,,,,
0.69,1,Atta_1,211.6,332.2,294.1,-87.5,-7.0,,,,
0.69,2,Atta_2,186.5,543.5,300.4,-18.6,0.9,,,,
0.69,3,Atta_3,218.9,792.2,292.9,-17.4,-8.4,,,,
0.69,4,Atta_4,255.0,997.2,293.2,79.8,-5.4,,,,
0.69,5,Atta_5,236.5,1272.5,295.1,68.4,-2.3,,,,
0.69,6,Atta_6,235.1,1561.3,294.6,62.0,-3.3,,,,
0.69,7,Atta_7,206.7,1726.9,295.0,18.2,-1.7,,,,
0.69,8,Atta_8,235.4,2088.0,295.4,-69.3,-0.9,,,,
0.69,9,Atta_9,217.8,2257.1,291.6,43.5,-9.0,,,,
0.69,10,Atta_10,227.0,2512.4,297.5,-20.9,-2.3,,,,
0.76,1,Atta_1,264.7,277.0,291.6,76.6,-2.5,,,,
0.76,2,Atta_2,190.5,575.8,289.8,-32.5,-10.6,,,,
0.76,3,Atta_3,153.8,762.1,292.1,71.7,-0.8,,,,
0.76,4,Atta_4,211.4,1027.7,288.5,-53.2,-4.7,,,,
0.76,5,Atta_5,235.8,1257.8,291.4,14.7,-3.7,,,,
0.76,6,Atta_6,153.3,1563.9,291.1,-81.8,-3.5,,,,
0.76,7,Atta_7,181.1,1779.9,288.5,-58.9,-6.5,,,,
0.76,8,Atta_8,237.8,2025.1,285.1,62.9,-10.3,,,,
0.76,9,Atta_9,199.1,2230.1,292.5,32.8,0.9,,,,
0.76,10,Atta_10,191.0,2475.3,292.4,51.7,-5.1,,,,
0.83,1,Atta_1,246.0,291.6,286.2,-23.7,-5.4,,,,
0.83,2,Atta_2,155.0,526.4,285.9,60.8,-3.9,,,,
0.83,3,Atta_3,226.6,799.9,286.0,-82.0,-6.1,,,,
0.83,4,Atta_4,180.6,1015.4,285.5,33.2,-3.0,,,,
0.83,5,Atta_5,213.7,1224.2,284.0,40.2,-7.4,,,,
0.83,6,Atta_6,182.1,1544.6,287.3,34.7,-3.8,,,,
0.83,7,Atta_7,213.6,1744.3,288.4,48.2,-0.1,,,,
0.83,8,Atta_8,226.8,2031.5,284.7,-12.7,-0.4,,,,
0.83,9,Atta_9,241.6,2260.6,290.3,-52.3,-2.2,,,,
0.83,10,Atta_10,215.9,2537.3,284.0,-66.8,-8.4,,,,
0.899,1,Atta_1,185.1,252.1,283.5,72.6,-2.7,,,,
0.899,2,Atta_2,213.9,506.1,281.8,62.3,-4.1,,,,
0.899,3,Atta_3,180.5,817.7,281.4,-49.4,-4.6,,,,
0.899,4,Atta_4,131.3,1010.5,285.8,-49.5,0.3,,,,
0.899,5,Atta_5,172.3,1309.2,281.7,-94.5,-2.3,,,,
0.899,6,Atta_6,166.8,1524.0,284.9,25.7,-2.4,,,,
0.899,7,Atta_7,200.0,1773.0,283.0,-31.8,-5.4,,,,
0.899,8,Atta_8,191.7,2034.8,283.5,-35.3,-1.2,,,,
0.899,9,Atta_9,239.9,2197.7,283.0,62.9,-7.3,,,,
0.899,10,Atta_10,260.8,2485.3,281.8,68.7,-2.2,,,,
0.954,1,Atta_1,237.9,310.3,276.5,-78.6,-7.0,,,,
0.954,2,Atta_2,284.9,531.1,276.6,-75.3,-5.2,,,,
0.954,3,Atta_3,183.7,779.1,276.2,38.7,-5.2,,,,
0.954,4,Atta_4,212.5,992.3,277.3,83.2,-8.5,,,,
0.954,5,Atta_5,178.4,1296.7,278.4,13.9,-3.3,,,,
0.954,6,Atta_6,204.2,1565.9,274.9,-56.2,-10.0,,,,
0.954,7,Atta_7,202.8,1774.0,276.3,-3.0,-6.7,,,,
0.954,8,Atta_8,197.0,2034.7,279.3,5.3,-4.2,,,,
0.954,9,Atta_9,209.6,2288.0,276.4,-95.2,-6.6,,,,
0.954,10,Atta_10,208.0,2517.3,273.9,-61.7,-7.9,,,,
1.024,1,Atta_1,235.5,298.6,273.9,11.9,-2.6,,,,
1.024,2,Atta_2,208.6,510.7,272.3,79.0,-4.3,,,,
1.024,3,Atta_3,235.4,786.1,275.0,-52.2,-1.2,,,,
1.024,4,Atta_4,220.1,1024.0,268.2,-32.6,-9.1,,,,
1.024,5,Atta_5,222.7,1304.1,276.1,-44.9,-2.3,,,,
1.024,6,Atta_6,197.0,1565.6,273.6,-7.2,-1.3,,,,
1.024,7,Atta_7,181.8,1723.1,275.6,55.1,-0.7,,,,
1.024,8,Atta_8,192.6,2063.3,272.8,-28.9,-6.5,,,,
1.024,9,Atta_9,178.7,2289.7,272.9,-30.9,-3.5,,,,
1.024,10,Atta_10,155.9,2510.3,272.4,52.6,-1.5,,,,
1.093,1,Atta_1,225.7,294.2,268.2,10.7,-5.7,,,,
1.093,2,Atta_2,192.0,535.8,275.2,-30.1,2.9,,,,
1.093,3,Atta_3,251.5,796.9,270.4,-19.4,-4.6,,,,
1.093,4,Atta_4,308.1,1045.0,272.4,-90.5,4.2,,,,
1.093,5,Atta_5,188.7,1253.2,274.3,61.2,-1.8,,,,
1.093,6,Atta_6,163.3,1496.7,273.4,76.7,-0.2,,,,
1.093,7,Atta_7,189.3,1738.6,271.2,-17.2,-4.4,,,,
1.093,8,Atta_8,191.6,1993.4,270.3,69.9,-2.5,,,,
1.093,9,Atta_9,147.7,2283.5,275.0,31.6,2.1,,,,
1.093,10,Atta_10,268.7,2450.6,272.1,127.6,-0.3,,,,
1.159,1,Atta_1,208.6,270.0,269.7,29.6,1.5,,,,
1.159,2,Atta_2,205.2,497.2,272.6,40.8,-2.6,,,,
1.159,3,Atta_3,275.7,833.7,271.1,-44.0,0.7,,,,
1.159,4,Atta_4,170.6,1001.2,271.8,144.3,-0.6,,,,
1.159,5,Atta_5,170.9,1225.8,271.0,32.7,-3.3,,,,
1.159,6,Atta_6,232.4,1483.3,272.9,70.4,-0.5,,,,
1.159,7,Atta_7,206.3,1809.5,273.8,-72.9,2.6,,,,
1.159,8,Atta_8,213.3,2064.9,270.8,-74.7,0.5,,,,
1.159,9,Atta_9,209.7,2309.4,275.6,-67.2,0.6,,,,
1.159,10,Atta_10,116.0,2538.6,275.0,-176.2,2.9,,,,
1.228,1,Atta_1,183.0,298.8,267.3,-38.5,-2.4,,,,
1.228,2,Atta_2,168.6,475.6,269.8,42.5,-2.8,,,,
1.228,3,Atta_3,158.1,767.7,273.8,134.9,2.7,,,,
1.228,4,Atta_4,241.1,952.9,273.2,85.5,1.4,,,,
1.228,5,Atta_5,229.7,1320.9,270.2,-111.8,-0.8,,,,
1.228,6,Atta_6,166.5,1502.7,269.9,-68.7,-3.0,,,,
1.228,7,Atta_7,186.1,1787.1,268.6,30.2,-5.2,,,,
1.228,8,Atta_8,234.2,2022.2,277.2,47.5,6.4,,,,
1.228,9,Atta_9,211.7,2294.7,271.0,14.8,-4.6,,,,
1.228,10,Atta_10,225.1,2475.8,272.6,125.9,-2.4,,,,
1.297,1,Atta_1,240.0,260.6,270.3,68.6,3.0,,,,
1.297,2,Atta_2,211.4,533.7,269.1,-72.2,-0.7,,,,
1.297,3,Atta_3,142.2,758.0,273.5,18.6,-0.3,,,,
1.297,4,Atta_4,222.9,1066.1,270.0,-114.7,-3.2,,,,
1.297,5,Atta_5,148.5,1188.4,270.5,155.4,0.3,,,,
1.297,6,Atta_6,212.4,1491.0,275.1,47.4,5.2,,,,
1.297,7,Atta_7,204.2,1775.5,271.1,21.5,2.5,,,,
1.297,8,Atta_8,191.5,2011.2,271.7,44.1,-5.5,,,,
1.297,9,Atta_9,206.1,2328.0,275.8,-33.8,4.8,,,,
1.297,10,Atta_10,243.1,2532.5,274.9,-59.5,2.3,,,,
1.359,1,Atta_1,237.6,275.7,275.0,-15.3,4.7,,,,
1.359,2,Atta_2,170.2,527.0,270.4,41.7,1.3,,,,
1.359,3,Atta_3,196.4,776.3,274.3,-57.2,0.8,,,,
1.359,4,Atta_4,245.2,986.2,271.1,83.0,1.1,,,,
1.359,5,Atta_5,226.3,1308.4,271.6,-143.0,1.1,,,,
1.359,6,Atta_6,168.8,1492.0,271.9,-43.6,-3.2,,,,
1.359,7,Atta_7,233.9,1754.0,271.1,36.7,0.0,,,,
1.359,8,Atta_8,148.4,2085.3,271.1,-85.7,-0.6,,,,
1.359,9,Atta_9,227.3,2289.1,271.8,44.3,-4.0,,,,
1.359,10,Atta_10,204.3,2503.1,272.6,48.7,-2.3,,,,
1.43,1,Atta_1,167.2,248.3,272.0,75.5,-3.0,,,,
1.43,2,Atta_2,199.4,532.7,274.4,-29.8,4.0,,,,
1.43,3,Atta_3,170.8,742.0,271.7,42.8,-2.6,,,,
1.43,4,Atta_4,151.9,1066.4,270.2,-123.0,-0.9,,,,
1.43,5,Atta_5,165.5,1355.9,273.6,-77.2,2.0,,,,
1.43,6,Atta_6,192.8,1495.0,269.8,-24.2,-2.1,,,,
1.43,7,Atta_7,162.3,1754.5,272.0,-71.6,0.9,,,,
1.43,8,Atta_8,218.3,2023.3,270.2,93.4,-0.9,,,,
1.43,9,Atta_9,231.6,2265.0,273.2,24.5,1.4,,,,
1.43,10,Atta_10,151.4,2487.5,274.2,55.2,1.6,,,,
1.499,1,Atta_1,166.0,287.8,272.3,-39.5,0.3,,,,
1.499,2,Atta_2,191.3,535.4,270.4,-8.5,-4.0,,,,
1.499,3,Atta_3,178.2,781.8,272.2,-40.5,0.5,,,,
1.499,4,Atta_4,210.3,972.9,275.3,110.2,5.1,,,,
1.499,5,Atta_5,190.7,1262.9,274.6,96.4,1.0,,,,
1.499,6,Atta_6,184.9,1478.3,271.6,18.5,1.8,,,,
1.499,7,Atta_7,146.7,1749.0,275.0,16.5,3.0,,,,
1.499,8,Atta_8,142.0,2042.8,272.5,-78.8,2.3,,,,
1.499,9,Atta_9,186.1,2259.5,274.2,45.8,1.0,,,,
1.499,10,Atta_10,168.2,2510.8,273.2,-28.7,-1.0,,,,
1.565,1,Atta_1,248.1,292.6,269.8,-82.2,-2.5,,,,
1.565,2,Atta_2,161.6,541.8,274.8,-30.4,4.4,,,,
1.565,3,Atta_3,218.4,760.9,274.1,45.3,1.9,,,,
1.565,4,Atta_4,207.0,1002.1,275.1,-29.4,-0.2,,,,
1.565,5,Atta_5,194.3,1276.5,274.5,-14.1,-0.1,,,,
1.565,6,Atta_6,188.9,1500.7,274.5,-22.8,2.9,,,,
1.565,7,Atta_7,217.9,1765.4,272.4,-73.1,-2.6,,,,
1.565,8,Atta_8,252.7,2063.6,272.1,-112.6,-0.4,,,,
1.565,9,Atta_9,194.8,2322.4,271.9,-63.5,-2.3,,,,
1.565,10,Atta_10,225.5,2544.5,270.6,-66.5,-2.6,,,,
1.631,1,Atta_1,246.1,219.1,271.7,73.5,1.9,,,,
1.631,2,Atta_2,177.5,510.9,273.3,34.8,-1.5,,,,
1.631,3,Atta_3,178.5,768.5,275.4,-40.6,1.3,,,,
1.631,4,Atta_4,221.1,1062.5,272.0,-62.0,-3.1,,,,
1.631,5,Atta_5,178.5,1295.2,271.1,-24.5,-3.4,,,,
1.631,6,Atta_6,168.6,1563.1,273.9,-65.6,-0.6,,,,
1.631,7,Atta_7,242.4,1770.8,273.6,-25.1,1.2,,,,
1.631,8,Atta_8,158.0,2050.1,270.0,95.7,-2.1,,,,
1.631,9,Atta_9,144.6,2296.5,273.8,56.5,1.9,,,,
1.631,10,Atta_10,200.4,2534.1,273.4,27.2,2.8,,,,
1.697,1,Atta_1,190.8,287.1,266.6,-87.6,-5.1,,,,
1.697,2,Atta_2,194.6,514.9,274.2,-17.6,0.9,,,,
1.697,3,Atta_3,230.8,726.8,271.9,66.9,-3.5,,,,
1.697,4,Atta_4,224.2,1007.1,274.5,55.5,2.5,,,,
1.697,5,Atta_5,215.6,1254.4,273.3,55.1,2.2,,,,
1.697,6,Atta_6,181.2,1573.2,272.8,-16.1,-1.1,,,,
1.697,7,Atta_7,203.6,1748.5,270.2,44.8,-3.4,,,,
1.697,8,Atta_8,227.1,2058.1,272.0,-69.6,2.0,,,,
1.697,9,Atta_9,208.6,2244.3,271.9,82.6,-1.9,,,,
1.697,10,Atta_10,175.9,2516.8,273.1,30.0,-0.3,,,,
1.764,1,Atta_1,213.0,240.6,273.1,51.5,6.5,,,,
1.764,2,Atta_2,189.6,522.7,270.9,-9.3,-3.3,,,,
1.764,3,Atta_3,212.3,746.4,275.0,-27.0,3.1,,,,
1.764,4,Atta_4,204.4,1004.3,272.4,20.0,-2.1,,,,
1.764,5,Atta_5,197.7,1248.7,270.5,18.8,-2.8,,,,
1.764,6,Atta_6,221.6,1521.0,275.2,66.0,2.4,,,,
1.764,7,Atta_7,213.9,1777.2,269.0,-30.5,-1.2,,,,
1.764,8,Atta_8,218.9,1957.1,277.1,101.3,5.1,,,,
1.764,9,Atta_9,183.4,2273.0,271.8,-38.2,-0.1,,,,
1.764,10,Atta_10,174.8,2467.1,274.2,49.7,1.1,,,,
1.833,1,Atta_1,189.6,255.8,271.3,-27.9,-1.8,,,,
1.833,2,Atta_2,194.3,582.6,270.9,-60.1,0.0,,,,
1.833,3,Atta_3,287.1,805.7,275.0,-95.5,0.0,,,,
1.833,4,Atta_4,169.5,1012.8,273.0,-35.9,0.6,,,,
1.833,5,Atta_5,242.9,1284.7,272.2,-57.8,1.7,,,,
1.833,6,Atta_6,155.1,1612.0,272.5,-112.7,-2.7,,,,
1.833,7,Atta_7,201.2,1784.4,272.3,-14.6,3.3,,,,
1.833,8,Atta_8,217.5,2016.2,274.2,-59.1,-2.9,,,,
1.833,9,Atta_9,193.4,2264.3,269.7,13.3,-2.1,,,,
1.833,10,Atta_10,229.8,2524.1,272.6,-79.2,-1.6,,,,
1.901,1,Atta_1,150.3,316.6,275.2,-72.4,3.9,,,,
1.901,2,Atta_2,155.2,538.6,271.1,58.9,0.2,,,,
1.901,3,Atta_3,167.2,789.2,270.4,121.0,-4.6,,,,
1.901,4,Atta_4,213.1,1019.1,271.1,-44.1,-1.9,,,,
1.901,5,Atta_5,203.2,1264.4,271.2,44.6,-1.0,,,,
1.901,6,Atta_6,215.0,1505.1,273.9,122.5,1.4,,,,
1.901,7,Atta_7,243.9,1762.4,274.1,48.0,1.8,,,,
1.901,8,Atta_8,255.9,2014.2,271.0,38.5,-3.2,,,,
1.901,9,Atta_9,170.1,2289.0,273.0,-34.0,3.3,,,,
1.901,10,Atta_10,205.2,2552.6,275.6,-37.6,3.0,,,,
1.97,1,Atta_1,151.7,257.6,268.8,59.0,-6.4,,,,
1.97,2,Atta_2,211.8,475.3,273.7,84.9,2.6,,,,
1.97,3,Atta_3,188.6,821.6,271.7,-38.8,1.3,,,,
1.97,4,Atta_4,190.8,1048.5,268.1,-36.9,-3.0,,,,
1.97,5,Atta_5,184.2,1263.1,273.3,19.0,2.1,,,,
1.97,6,Atta_6,187.5,1542.0,270.8,-46.0,-3.1,,,,
1.97,7,Atta_7,181.1,1799.8,273.5,-73.1,-0.6,,,,
1.97,8,Atta_8,218.1,2053.0,271.2,-54.2,0.2,,,,
1.97,9,Atta_9,208.5,2260.4,273.8,47.9,0.8,,,,
1.97,10,Atta_10,191.0,2445.9,269.1,107.6,-6.5,,,,
2.039,1,Atta_1,173.5,218.1,273.4,45.1,4.6,,,,
2.039,2,Atta_2,182.6,503.6,273.3,-40.7,-0.4,,,,
2.039,3,Atta_3,141.6,749.3,273.6,86.2,1.9,,,,
2.039,4,Atta_4,185.8,996.1,273.1,52.6,5.0,,,,
2.039,5,Atta_5,178.4,1263.4,274.2,-5.8,0.9,,,,
2.039,6,Atta_6,226.7,1548.4,270.9,-39.7,0.1,,,,
2.039,7,Atta_7,215.7,1778.2,270.3,40.8,-3.2,,,,
2.039,8,Atta_8,273.0,2076.4,270.8,-59.7,-0.4,,,,
2.039,9,Atta_9,179.3,2263.2,272.1,-29.3,-1.7,,,,
2.039,10,Atta_10,204.9,2561.1,275.6,-116.0,6.5,,,,
2.107,1,Atta_1,238.6,252.0,270.8,-73.4,-2.6,,,,
2.107,2,Atta_2,199.8,528.0,271.8,-29.9,-1.5,,,,
2.107,3,Atta_3,199.7,830.0,271.6,-99.4,-2.0,,,,
2.107,4,Atta_4,187.5,1035.5,269.7,-39.4,-3.4,,,,
2.107,5,Atta_5,157.9,1234.8,273.7,35.2,-0.5,,,,
2.107,6,Atta_6,197.0,1541.0,270.6,30.6,-0.3,,,,
2.107,7,Atta_7,208.1,1767.8,270.1,12.9,-0.2,,,,
2.107,8,Atta_8,196.6,1991.8,270.0,114.0,-0.8,,,,
2.107,9,Atta_9,159.8,2257.2,272.1,20.4,0.0,,,,
2.107,10,Atta_10,188.2,2512.7,274.9,51.2,-0.7,,,,
2.174,1,Atta_1,177.9,187.6,273.8,88.5,3.0,,,,
2.174,2,Atta_2,209.7,537.3,271.4,-13.6,-0.4,,,,
2.174,3,Atta_3,178.5,753.9,271.5,79.0,-0.1,,,,
2.174,4,Atta_4,204.6,1021.5,271.2,22.1,1.5,,,,
2.174,5,Atta_5,198.4,1242.7,273.8,-41.3,0.1,,,,
2.174,6,Atta_6,184.1,1525.5,271.5,20.2,0.9,,,,
2.174,7,Atta_7,194.5,1742.6,272.2,28.6,2.1,,,,
2.174,8,Atta_8,209.6,2077.1,272.1,-86.3,2.1,,,,
2.174,9,Atta_9,234.7,2344.0,269.5,-114.6,-2.6,,,,
2.174,10,Atta_10,239.1,2572.1,271.5,-78.2,-3.4,,,,
2.24,1,Atta_1,168.0,336.9,271.6,-149.6,-2.2,,,,
2.24,2,Atta_2,193.1,536.0,271.0,16.7,-0.4,,,,
2.24,3,Atta_3,205.8,763.2,273.1,-28.8,1.6,,,,
2.24,4,Atta_4,174.3,1027.1,271.9,-30.8,0.7,,,,
2.24,5,Atta_5,197.7,1285.9,271.4,-43.2,-2.4,,,,
2.24,6,Atta_6,191.5,1490.5,273.5,35.8,2.0,,,,
2.24,7,Atta_7,217.1,1778.8,273.9,-42.7,1.7,,,,
2.24,8,Atta_8,182.0,2023.6,272.8,60.2,0.7,,,,
2.24,9,Atta_9,241.8,2239.9,271.9,104.3,2.4,,,,
2.24,10,Atta_10,218.5,2528.5,274.1,48.2,2.6,,,,
2.31,1,Atta_1,159.3,254.6,271.2,82.8,-0.4,,,,
2.31,2,Atta_2,190.7,509.2,269.8,26.9,-1.2,,,,
2.31,3,Atta_3,169.4,791.1,269.3,-45.9,-3.8,,,,
2.31,4,Atta_4,200.1,1023.8,270.7,26.0,-1.2,,,,
2.31,5,Atta_5,253.6,1256.0,272.3,63.4,0.9,,,,
2.31,6,Atta_6,208.6,1550.7,271.6,-62.6,-1.9,,,,
2.31,7,Atta_7,227.9,1825.0,269.3,-47.4,-4.6,,,,
2.31,8,Atta_8,206.3,2093.2,274.8,-73.7,2.0,,,,
2.31,9,Atta_9,181.5,2275.9,268.8,-70.2,-3.1,,,,
2.31,10,Atta_10,188.2,2533.4,274.2,-30.7,0.1,,,,
2.373,1,Atta_1,192.9,283.7,271.8,-44.4,0.6,,,,
2.373,2,Atta_2,220.0,501.7,273.3,30.2,3.5,,,,
2.373,3,Atta_3,157.1,735.0,272.6,57.4,3.3,,,,
2.373,4,Atta_4,162.2,1078.4,274.1,-66.5,3.4,,,,
2.373,5,Atta_5,130.9,1289.2,273.9,-127.1,1.6,,,,
2.373,6,Atta_6,252.2,1534.6,270.7,46.5,-0.9,,,,
2.373,7,Atta_7,176.0,1771.0,267.1,74.9,-2.2,,,,
2.373,8,Atta_8,205.2,2002.2,272.1,91.0,-2.7,,,,
2.373,9,Atta_9,183.9,2278.4,273.3,-3.5,4.5,,,,
2.373,10,Atta_10,199.1,2575.3,276.4,-43.3,2.2,,,,
2.442,1,Atta_1,214.4,216.6,272.2,70.5,0.4,,,,
2.442,2,Atta_2,160.7,523.9,267.9,-63.3,-5.4,,,,
2.442,3,Atta_3,214.9,715.9,270.4,60.9,-2.2,,,,
2.442,4,Atta_4,157.2,1058.7,270.3,20.3,-3.8,,,,
2.442,5,Atta_5,191.7,1269.4,271.8,63.9,-2.1,,,,
2.442,6,Atta_6,290.6,1504.1,273.9,49.0,3.2,,,,
2.442,7,Atta_7,194.8,1731.1,272.0,44.1,4.9,,,,
2.442,8,Atta_8,202.8,2048.3,276.1,-46.2,4.0,,,,
2.442,9,Atta_9,201.3,2214.7,272.7,66.0,-0.6,,,,
2.442,10,Atta_10,223.0,2524.1,268.9,56.5,-7.5,,,,
2.511,1,Atta_1,220.9,289.6,270.8,-73.3,-1.4,,,,
2.511,2,Atta_2,191.2,538.9,270.8,-34.0,2.9,,,,
2.511,3,Atta_3,228.6,726.4,274.4,-17.3,4.0,,,,
2.511,4,Atta_4,164.5,1032.6,273.2,27.1,2.9,,,,
2.511,5,Atta_5,141.8,1304.3,271.9,-60.9,0.1,,,,
2.511,6,Atta_6,149.6,1509.2,272.2,-141.1,-1.7,,,,
2.511,7,Atta_7,170.6,1765.3,271.9,-41.9,-0.1,,,,
2.511,8,Atta_8,233.4,2062.0,271.3,-33.5,-4.8,,,,
2.511,9,Atta_9,179.2,2295.1,275.6,-83.4,2.9,,,,
2.511,10,Atta_10,177.7,2522.9,274.8,45.3,5.9,,,,
2.577,1,Atta_1,213.0,261.8,276.0,28.9,5.2,,,,
2.577,2,Atta_2,214.7,493.8,271.2,50.9,0.4,,,,
2.577,3,Atta_3,179.2,800.0,272.2,-88.6,-2.2,,,,
2.577,4,Atta_4,250.9,996.6,275.2,93.6,2.0,,,,
2.577,5,Atta_5,161.3,1250.3,273.8,57.4,1.9,,,,
2.577,6,Atta_6,127.5,1538.8,271.7,-36.9,-0.5,,,,
2.577,7,Atta_7,198.5,1790.2,269.6,-37.4,-2.3,,,,
2.577,8,Atta_8,247.3,2044.9,273.7,22.0,2.4,,,,
2.577,9,Atta_9,231.6,2292.4,268.7,52.5,-6.9,,,,
2.577,10,Atta_10,215.3,2462.9,272.6,70.8,-2.2,,,,
2.643,1,Atta_1,167.8,293.1,269.8,-55.0,-6.2,,,,
2.643,2,Atta_2,214.9,550.7,269.7,-56.9,-1.5,,,,
2.643,3,Atta_3,151.6,761.9,273.3,47.0,1.1,,,,
2.643,4,Atta_4,173.8,1066.5,275.3,-104.1,0.1,,,,
2.643,5,Atta_5,196.2,1293.7,273.8,-55.7,0.0,,,,
2.643,6,Atta_6,257.4,1549.4,272.6,-130.3,0.9,,,,
2.643,7,Atta_7,208.8,1804.0,271.9,-17.2,2.3,,,,
2.643,8,Atta_8,183.9,2057.5,274.3,-64.6,0.6,,,,
2.643,9,Atta_9,214.6,2299.4,267.1,-18.4,-1.6,,,,
2.643,10,Atta_10,200.5,2501.7,272.5,-41.5,-0.1,,,,
2.712,1,Atta_1,166.2,335.6,272.4,-42.5,2.6,,,,
2.712,2,Atta_2,193.5,554.1,271.9,-21.7,2.2,,,,
2.712,3,Atta_3,232.8,729.7,269.7,87.4,-3.6,,,,
2.712,4,Atta_4,203.0,954.0,272.6,116.2,-2.7,,,,
2.712,5,Atta_5,171.8,1226.0,270.5,72.0,-3.3,,,,
2.712,6,Atta_6,187.1,1513.0,272.6,79.2,0.0,,,,
2.712,7,Atta_7,232.7,1789.0,269.8,28.2,-2.1,,,,
2.712,8,Atta_8,241.1,1996.5,269.9,83.6,-4.4,,,,
2.712,9,Atta_9,188.0,2270.9,272.7,39.0,5.6,,,,
2.712,10,Atta_10,185.7,2498.2,273.1,15.2,0.6,,,,
2.781,1,Atta_1,260.5,226.4,267.2,144.3,-5.2,,,,
2.781,2,Atta_2,242.5,503.8,274.8,70.2,2.9,,,,
2.781,3,Atta_3,213.8,839.4,273.6,-111.3,3.9,,,,
2.781,4,Atta_4,209.4,1045.8,271.9,-92.0,-0.7,,,,
2.781,5,Atta_5,266.1,1287.3,271.7,-112.5,1.2,,,,
2.781,6,Atta_6,211.7,1578.9,273.9,-70.3,1.3,,,,
2.781,7,Atta_7,182.2,1818.2,272.4,-58.3,2.6,,,,
2.781,8,Atta_8,206.7,2022.2,271.2,-42.9,1.3,,,,
2.781,9,Atta_9,219.0,2233.5,275.4,48.6,2.7,,,,
2.781,10,Atta_10,184.2,2489.0,271.7,9.3,-1.4,,,,
2.852,1,Atta_1,239.1,274.6,270.7,-52.7,3.5,,,,
2.852,2,Atta_2,186.1,566.9,272.5,-84.6,-2.3,,,,
2.852,3,Atta_3,141.3,782.2,271.3,92.3,-2.3,,,,
2.852,4,Atta_4,254.0,993.3,275.1,68.9,3.2,,,,
2.852,5,Atta_5,233.0,1277.2,273.1,34.6,1.4,,,,
2.852,6,Atta_6,223.9,1469.5,272.8,110.1,-1.1,,,,
2.852,7,Atta_7,174.9,1767.4,271.8,51.3,-0.6,,,,
2.852,8,Atta_8,206.8,1982.0,273.4,40.2,2.2,,,,
2.852,9,Atta_9,180.3,2288.2,274.1,-67.0,-1.3,,,,
2.852,10,Atta_10,214.0,2528.7,269.5,-49.6,-2.2,,,,
2.917,1,Atta_1,169.2,279.4,270.1,-70.1,-0.6,,,,
2.917,2,Atta_2,168.4,497.7,274.3,71.4,1.8,,,,
2.917,3,Atta_3,188.5,778.3,271.0,47.4,-0.3,,,,
2.917,4,Atta_4,218.0,1014.9,272.0,-42.0,-3.1,,,,
2.917,5,Atta_5,183.6,1299.9,266.1,-54.4,-7.0,,,,
2.917,6,Atta_6,250.1,1524.2,271.1,-60.7,-1.7,,,,
2.917,7,Atta_7,213.8,1799.1,269.0,-50.2,-2.8,,,,
2.917,8,Atta_8,146.6,2032.5,270.8,-78.6,-2.6,,,,
2.917,9,Atta_9,192.0,2258.5,268.2,31.9,-5.9,,,,
2.917,10,Atta_10,158.9,2597.9,271.7,-88.5,2.2,,,,
2.988,1,Atta_1,162.9,221.9,270.6,57.8,0.5,,,,
2.988,2,Atta_2,198.7,547.2,272.7,-58.0,-1.6,,,,
2.988,3,Atta_3,134.5,739.1,276.1,66.7,5.1,,,,
2.988,4,Atta_4,179.2,971.4,272.6,58.3,0.6,,,,
2.988,5,Atta_5,247.3,1262.6,273.3,73.8,7.2,,,,
2.988,6,Atta_6,243.9,1540.9,273.6,-17.8,2.5,,,,
2.988,7,Atta_7,228.2,1789.8,274.2,17.1,5.2,,,,
2.988,8,Atta_8,126.2,2009.2,274.5,31.0,3.7,,,,
2.988,9,Atta_9,194.2,2272.4,275.1,-14.1,6.9,,,,
2.988,10,Atta_10,237.2,2510.2,274.7,117.6,3.0,,,,
3.041,1,Atta_1,198.2,223.8,267.3,-35.4,-3.3,,,,
3.041,2,Atta_2,205.5,532.5,272.7,16.2,0.0,,,,
3.041,3,Atta_3,177.0,828.7,272.2,-99.2,-3.9,,,,
3.041,4,Atta_4,209.7,965.6,272.5,31.0,-0.1,,,,
3.041,5,Atta_5,156.2,1266.6,274.7,-91.2,1.4,,,,
3.041,6,Atta_6,163.2,1536.3,271.8,-80.8,-1.8,,,,
3.041,7,Atta_7,184.1,1777.1,273.3,45.9,-0.9,,,,
3.041,8,Atta_8,218.3,2012.5,275.5,92.2,1.0,,,,
3.041,9,Atta_9,201.6,2283.2,275.6,-13.1,0.5,,,,
3.041,10,Atta_10,222.8,2499.6,270.8,17.9,-3.9,,,,
3.108,1,Atta_1,155.3,300.7,273.5,-88.1,6.2,,,,
3.108,2,Atta_2,227.2,587.9,273.4,-59.5,0.7,,,,
3.108,3,Atta_3,203.4,769.3,274.8,65.0,2.6,,,,
3.108,4,Atta_4,226.9,1021.0,272.8,-58.0,0.3,,,,
3.108,5,Atta_5,274.8,1238.2,273.6,122.0,-1.1,,,,
3.108,6,Atta_6,155.4,1481.4,270.5,55.5,-1.3,,,,
3.108,7,Atta_7,217.1,1723.9,272.8,62.6,-0.5,,,,
3.108,8,Atta_8,202.9,2091.6,271.5,-80.6,-4.0,,,,
3.108,9,Atta_9,185.1,2265.0,271.4,24.6,-4.2,,,,
3.108,10,Atta_10,193.0,2502.2,270.1,-29.9,-0.7,,,,
3.173,1,Atta_1,202.7,285.8,270.0,49.7,-3.5,,,,
3.173,2,Atta_2,194.1,498.7,274.0,95.1,0.6,,,,
3.173,3,Atta_3,189.6,808.9,273.5,-41.9,-1.3,,,,
3.173,4,Atta_4,167.6,983.1,271.0,70.4,-1.8,,,,
3.173,5,Atta_5,205.7,1285.5,271.9,-83.7,-1.7,,,,
3.173,6,Atta_6,183.7,1575.0,273.0,-97.8,2.5,,,,
3.173,7,Atta_7,173.7,1798.7,272.9,-86.5,0.1,,,,
3.173,8,Atta_8,205.8,2003.4,274.1,88.2,2.6,,,,
3.173,9,Atta_9,200.5,2318.4,271.9,-55.6,0.5,,,,
3.173,10,Atta_10,224.2,2458.3,270.4,53.9,0.3,,,,
3.239,1,Atta_1,185.1,273.8,270.6,21.3,0.6,,,,
3.239,2,Atta_2,148.3,529.8,274.6,-55.4,0.6,,,,
3.239,3,Atta_3,218.3,802.6,274.2,29.4,0.7,,,,
3.239,4,Atta_4,170.7,1038.7,269.4,-55.7,-1.6,,,,
3.239,5,Atta_5,190.6,1267.1,273.5,23.8,1.6,,,,
3.239,6,Atta_6,234.8,1555.6,273.7,54.7,0.7,,,,
3.239,7,Atta_7,265.3,1814.4,272.0,-92.9,-0.9,,,,
3.239,8,Atta_8,239.4,1984.6,271.7,38.5,-2.4,,,,
3.239,9,Atta_9,164.5,2260.4,269.4,68.3,-2.5,,,,
3.239,10,Atta_10,211.7,2541.0,271.0,-83.6,0.6,,,,
3.304,1,Atta_1,197.6,251.5,271.0,25.6,0.4,,,,
3.304,2,Atta_2,186.4,517.5,274.3,40.0,-0.3,,,,
3.304,3,Atta_3,217.2,763.3,269.8,39.3,-4.4,,,,
3.304,4,Atta_4,207.2,1008.6,273.9,47.3,4.5,,,,
3.304,5,Atta_5,148.1,1246.1,271.0,47.4,-2.5,,,,
3.304,6,Atta_6,214.3,1517.4,273.8,43.4,0.1,,,,
3.304,7,Atta_7,194.9,1737.0,271.7,104.6,-0.3,,,,
3.304,8,Atta_8,164.9,2037.9,273.9,-91.6,2.2,,,,
3.304,9,Atta_9,234.7,2315.9,271.7,-89.5,2.3,,,,
3.304,10,Atta_10,195.9,2503.6,276.7,40.6,5.7,,,,
3.371,1,Atta_1,170.9,323.2,268.7,-76.5,-2.3,,,,
3.371,2,Atta_2,132.9,541.7,268.1,-58.7,-6.2,,,,
3.371,3,Atta_3,149.6,761.7,265.5,67.6,-4.3,,,,
3.371,4,Atta_4,220.5,1086.5,271.5,-79.0,-2.4,,,,
3.371,5,Atta_5,217.7,1253.8,273.9,-70.0,2.9,,,,
3.371,6,Atta_6,192.0,1517.9,273.6,-22.3,-0.2,,,,
3.371,7,Atta_7,157.0,1771.4,271.6,-51.2,-0.1,,,,
3.371,8,Atta_8,217.2,2037.4,277.0,52.3,3.1,,,,
3.371,9,Atta_9,203.6,2315.0,271.9,-31.1,0.2,,,,
3.371,10,Atta_10,173.3,2524.2,272.3,-30.6,-4.4,,,,
3.44,1,Atta_1,216.5,269.9,270.8,70.1,2.1,,,,
3.44,2,Atta_2,184.0,526.7,272.6,53.3,4.5,,,,
3.44,3,Atta_3,178.2,768.3,270.1,-29.4,4.6,,,,
3.44,4,Atta_4,157.8,1033.1,275.9,82.4,4.4,,,,
3.44,5,Atta_5,219.8,1266.2,272.8,-12.6,-1.1,,,,
3.44,6,Atta_6,210.6,1520.5,270.8,-18.8,-2.8,,,,
3.44,7,Atta_7,165.1,1707.0,269.0,64.9,-2.6,,,,
3.44,8,Atta_8,170.2,2054.3,271.3,-49.9,-5.7,,,,
3.44,9,Atta_9,171.6,2269.5,270.7,55.6,-1.2,,,,
3.44,10,Atta_10,204.6,2533.7,272.6,-32.7,0.3,,,,
3.508,1,Atta_1,216.0,320.4,273.3,-50.5,2.5,,,,
3.508,2,Atta_2,251.6,506.4,274.9,70.6,2.3,,,,
3.508,3,Atta_3,173.2,753.0,273.2,16.1,3.1,,,,
3.508,4,Atta_4,198.3,1035.5,269.9,40.6,-6.0,,,,
3.508,5,Atta_5,146.7,1202.6,270.5,96.9,-2.3,,,,
3.508,6,Atta_6,188.6,1500.6,269.2,29.7,-1.6,,,,
3.508,7,Atta_7,187.4,1775.9,270.1,-72.4,1.1,,,,
3.508,8,Atta_8,143.6,2036.9,269.3,31.8,-2.0,,,,
3.508,9,Atta_9,192.7,2281.0,271.5,-24.0,0.8,,,,
3.508,10,Atta_10,205.2,2489.9,272.8,43.8,0.2,,,,
3.577,1,Atta_1,208.1,248.4,272.3,72.4,-1.0,,,,
3.577,2,Atta_2,228.3,524.9,272.2,-29.8,-2.7,,,,
3.577,3,Atta_3,198.3,785.5,275.5,-41.1,2.3,,,,
3.577,4,Atta_4,204.0,1032.0,272.5,6.7,2.6,,,,
3.577,5,Atta_5,198.9,1294.7,271.7,-105.9,1.2,,,,
3.577,6,Atta_6,248.0,1506.1,274.3,-59.7,5.1,,,,
3.577,7,Atta_7,172.2,1826.3,271.3,-52.6,1.2,,,,
3.577,8,Atta_8,179.8,2060.7,268.6,-43.3,-0.7,,,,
3.577,9,Atta_9,199.9,2226.1,275.0,55.4,3.5,,,,
3.577,10,Atta_10,151.3,2501.4,274.0,-55.1,1.2,,,,
3.643,1,Atta_1,248.7,297.9,273.3,-64.0,1.0,,,,
3.643,2,Atta_2,236.1,496.8,271.6,29.2,-0.6,,,,
3.643,3,Atta_3,212.9,805.8,274.0,-25.0,-1.5,,,,
3.643,4,Atta_4,190.9,1015.7,270.2,20.9,-2.3,,,,
3.643,5,Atta_5,195.4,1297.7,272.8,-4.6,1.1,,,,
3.643,6,Atta_6,209.9,1473.1,272.0,50.4,-2.3,,,,
3.643,7,Atta_7,191.8,1756.4,269.7,72.6,-1.6,,,,
3.643,8,Atta_8,180.5,2036.4,273.2,24.3,4.6,,,,
3.643,9,Atta_9,231.3,2258.3,271.7,-45.0,-3.3,,,,
3.643,10,Atta_10,163.7,2498.6,273.0,12.7,-1.0,,,,
3.709,1,Atta_1,234.8,285.1,268.6,18.9,-4.7,,,,
3.709,2,Atta_2,195.4,520.1,273.1,-46.9,1.5,,,,
3.709,3,Atta_3,237.9,748.0,270.8,63.0,-3.2,,,,
3.709,4,Atta_4,194.2,1033.9,273.8,-18.5,3.6,,,,
3.709,5,Atta_5,207.4,1256.1,273.6,43.3,0.8,,,,
3.709,6,Atta_6,255.7,1555.3,275.9,-94.1,3.9,,,,
3.709,7,Atta_7,179.4,1772.0,273.3,-19.9,3.6,,,,
3.709,8,Atta_8,235.1,2035.2,271.5,54.6,-1.7,,,,
3.709,9,Atta_9,181.0,2291.0,275.3,-60.0,3.6,,,,
3.709,10,Atta_10,229.7,2550.5,271.5,-84.0,-1.5,,,,
3.775,1,Atta_1,249.7,248.4,274.4,39.6,5.8,,,,
3.775,2,Atta_2,229.1,503.5,273.5,37.6,0.4,,,,
3.775,3,Atta_3,230.4,788.3,271.3,-41.0,0.5,,,,
3.775,4,Atta_4,185.1,1015.0,274.0,21.0,0.2,,,,
3.775,5,Atta_5,149.8,1277.8,271.6,-61.6,-2.0,,,,
3.775,6,Atta_6,261.6,1563.7,274.0,-10.3,-1.9,,,,
3.775,7,Atta_7,176.4,1763.5,275.8,9.0,2.5,,,,
3.775,8,Atta_8,179.5,2026.7,273.6,56.2,2.1,,,,
3.775,9,Atta_9,221.6,2305.0,275.9,-42.9,0.6,,,,
3.775,10,Atta_10,244.3,2546.7,269.7,15.1,-1.8,,,,
3.841,1,Atta_1,199.7,314.6,274.0,-83.0,-0.4,,,,
3.841,2,Atta_2,227.6,501.6,269.0,2.4,-4.5,,,,
3.841,3,Atta_3,226.4,814.8,273.7,-26.8,2.4,,,,
3.841,4,Atta_4,182.1,1066.3,272.5,-51.4,-1.5,,,,
3.841,5,Atta_5,178.7,1284.1,271.7,-29.6,0.1,,,,
3.841,6,Atta_6,240.7,1446.2,272.2,119.3,-1.8,,,,
3.841,7,Atta_7,182.8,1786.2,275.5,-23.6,-0.3,,,,
3.841,8,Atta_8,268.3,1995.5,273.7,94.1,0.1,,,,
3.841,9,Atta_9,222.5,2266.0,277.2,39.0,1.3,,,,
3.841,10,Atta_10,188.5,2567.0,271.5,-59.4,1.8,,,,
3.907,1,Atta_1,214.7,242.6,267.7,73.5,-6.3,,,,
3.907,2,Atta_2,195.3,540.7,272.4,-50.7,3.4,,,,
3.907,3,Atta_3,140.3,782.9,273.4,91.8,-0.3,,,,
3.907,4,Atta_4,198.1,1002.5,272.7,65.8,0.2,,,,
3.907,5,Atta_5,126.9,1257.8,273.7,58.1,2.0,,,,
3.907,6,Atta_6,202.0,1575.7,273.3,-135.2,1.1,,,,
3.907,7,Atta_7,245.0,1748.0,273.3,73.0,-2.2,,,,
3.907,8,Atta_8,96.6,2047.4,274.4,-179.4,0.7,,,,
3.907,9,Atta_9,203.0,2238.1,273.1,34.0,-4.1,,,,
3.907,10,Atta_10,204.8,2532.5,274.6,38.2,3.1,,,,
3.973,1,Atta_1,180.9,251.2,274.9,-34.9,7.2,,,,
3.973,2,Atta_2,208.2,507.7,274.7,35.4,2.3,,,,
3.973,3,Atta_3,192.6,827.0,274.1,-68.4,0.7,,,,
3.973,4,Atta_4,212.6,1071.8,273.9,-70.8,1.2,,,,
3.973,5,Atta_5,221.4,1295.7,274.8,-101.8,1.1,,,,
3.973,6,Atta_6,195.8,1540.6,272.2,35.6,-1.1,,,,
3.973,7,Atta_7,224.9,1760.6,271.0,-23.7,-2.3,,,,
3.973,8,Atta_8,201.8,1998.2,273.5,116.1,-0.9,,,,
3.973,9,Atta_9,234.6,2243.7,274.9,-32.1,1.8,,,,
3.973,10,Atta_10,129.9,2527.1,277.1,-75.1,2.5,,,,
4.042,1,Atta_1,186.5,290.2,270.5,-39.4,-4.4,,,,
4.042,2,Atta_2,188.3,511.3,273.3,-20.2,-1.4,,,,
4.042,3,Atta_3,174.0,798.9,276.0,33.7,1.9,,,,
4.042,4,Atta_4,210.7,1012.9,270.4,58.9,-3.5,,,,
4.042,5,Atta_5,201.7,1274.2,273.7,29.2,-1.1,,,,
4.042,6,Atta_6,198.4,1570.8,270.4,-30.3,-1.8,,,,
4.042,7,Atta_7,130.0,1786.4,274.4,-98.3,3.4,,,,
4.042,8,Atta_8,177.1,1982.8,271.8,29.1,-1.7,,,,
4.042,9,Atta_9,174.8,2280.6,271.1,-70.3,-3.8,,,,
4.042,10,Atta_10,188.9,2586.1,271.2,-83.4,-5.9,,,,
4.112,1,Atta_1,216.1,272.2,269.9,34.6,-0.6,,,,
4.112,2,Atta_2,174.8,429.9,273.4,82.5,0.1,,,,
4.112,3,Atta_3,224.2,810.2,271.1,-51.5,-4.9,,,,
4.112,4,Atta_4,220.1,1060.7,274.4,-48.7,4.0,,,,
4.112,5,Atta_5,247.9,1214.7,272.7,75.3,-1.0,,,,
4.112,6,Atta_6,212.9,1508.8,272.7,63.7,2.3,,,,
4.112,7,Atta_7,249.7,1763.8,271.5,121.8,-2.9,,,,
4.112,8,Atta_8,219.8,1960.4,273.7,48.2,1.9,,,,
4.112,9,Atta_9,192.5,2197.4,273.6,85.1,2.5,,,,
4.112,10,Atta_10,219.6,2493.0,272.4,98.0,1.2,,,,
4.174,1,Atta_1,205.7,210.8,273.2,62.3,3.3,,,,
4.174,2,Atta_2,210.7,549.8,272.2,-125.2,-1.2,,,,
4.174,3,Atta_3,177.7,715.0,270.0,105.9,-1.1,,,,
4.174,4,Atta_4,197.5,1022.7,273.4,44.2,-1.0,,,,
4.174,5,Atta_5,215.6,1261.8,271.8,-57.1,-0.9,,,,
4.174,6,Atta_6,195.7,1520.1,270.4,-20.6,-2.3,,,,
4.174,7,Atta_7,194.3,1780.1,271.5,-57.7,0.0,,,,
4.174,8,Atta_8,160.6,2058.7,273.4,-114.7,-0.3,,,,
4.174,9,Atta_9,232.2,2259.5,274.8,-73.7,1.2,,,,
4.174,10,Atta_10,191.0,2534.7,274.6,-50.6,2.2,,,,
4.245,1,Atta_1,146.7,301.7,271.1,-108.4,-2.1,,,,
4.245,2,Atta_2,156.1,534.8,271.7,56.6,-0.5,,,,
4.245,3,Atta_3,246.1,718.1,272.1,-68.5,2.1,,,,
4.245,4,Atta_4,174.7,1060.3,273.5,-44.0,0.1,,,,
4.245,5,Atta_5,185.0,1257.6,273.9,30.9,2.1,,,,
4.245,6,Atta_6,223.2,1548.9,271.7,-39.8,1.3,,,,
4.245,7,Atta_7,154.6,1775.7,275.3,39.9,3.8,,,,
4.245,8,Atta_8,211.8,2034.8,272.1,56.5,-1.3,,,,
4.245,9,Atta_9,191.6,2272.4,272.5,-42.6,-2.3,,,,
4.245,10,Atta_10,206.7,2537.3,273.9,-15.9,-0.7,,,,
4.313,1,Atta_1,205.8,293.6,272.5,59.7,1.4,,,,
4.313,2,Atta_2,205.7,545.4,271.9,-50.7,0.2,,,,
4.313,3,Atta_3,208.2,757.0,270.6,-54.3,-1.5,,,,
4.313,4,Atta_4,200.7,1031.6,274.7,38.7,1.2,,,,
4.313,5,Atta_5,181.8,1286.2,272.1,-28.8,-1.8,,,,
4.313,6,Atta_6,217.4,1494.9,273.5,54.3,1.8,,,,
4.313,7,Atta_7,234.8,1813.7,270.8,-88.7,-4.5,,,,
4.313,8,Atta_8,165.6,1970.8,274.9,78.9,2.8,,,,
4.313,9,Atta_9,274.1,2257.1,272.1,83.9,-0.4,,,,
4.313,10,Atta_10,166.8,2541.2,276.9,-40.1,3.0,,,,
4.38,1,Atta_1,180.9,289.2,269.9,25.3,-2.6,,,,
4.38,2,Atta_2,190.7,562.1,274.3,-22.4,2.4,,,,
4.38,3,Atta_3,226.4,730.0,269.9,32.6,-0.7,,,,
4.38,4,Atta_4,197.1,973.5,271.7,58.2,-3.0,,,,
4.38,5,Atta_5,223.5,1288.5,267.9,-41.8,-4.2,,,,
4.38,6,Atta_6,225.4,1562.2,271.4,-67.8,-2.1,,,,
4.38,7,Atta_7,163.7,1812.1,272.8,71.1,2.0,,,,
4.38,8,Atta_8,116.1,2012.1,274.4,-64.5,-0.5,,,,
4.38,9,Atta_9,235.2,2260.3,274.3,-39.0,2.2,,,,
4.38,10,Atta_10,224.5,2560.5,272.5,-60.8,-4.4,,,,
4.445,1,Atta_1,207.2,239.9,273.4,55.9,3.5,,,,
4.445,2,Atta_2,220.9,504.1,271.5,65.4,-2.8,,,,
4.445,3,Atta_3,181.5,778.2,268.1,-65.9,-1.8,,,,
4.445,4,Atta_4,137.2,1091.6,271.7,-132.4,0.0,,,,
4.445,5,Atta_5,169.5,1244.9,271.4,69.4,3.5,,,,
4.445,6,Atta_6,232.2,1511.7,268.8,51.0,-2.6,,,,
4.445,7,Atta_7,195.2,1767.5,274.9,54.6,2.1,,,,
4.445,8,Atta_8,210.0,2051.3,269.8,-101.8,-4.6,,,,
4.445,9,Atta_9,142.1,2288.9,272.9,-97.4,-1.4,,,,
4.445,10,Atta_10,239.3,2535.8,271.2,28.8,-1.3,,,,
4.511,1,Atta_1,290.1,223.9,271.4,84.4,-2.0,,,,
4.511,2,Atta_2,174.8,487.9,274.3,48.9,2.8,,,,
4.511,3,Atta_3,167.5,785.0,273.2,-15.6,5.1,,,,
4.511,4,Atta_4,178.8,1033.5,276.7,71.5,5.0,,,,
4.511,5,Atta_5,148.5,1316.0,273.1,-74.1,1.7,,,,
4.511,6,Atta_6,233.9,1510.3,274.0,2.2,5.2,,,,
4.511,7,Atta_7,181.8,1772.7,277.1,-14.4,2.2,,,,
4.511,8,Atta_8,203.0,2022.4,269.7,29.7,-0.1,,,,
4.511,9,Atta_9,175.3,2223.6,274.3,73.3,1.4,,,,
4.511,10,Atta_10,184.1,2516.1,269.7,58.6,-1.5,,,,
4.58,1,Atta_1,156.3,276.6,272.3,-143.8,0.9,,,,
4.58,2,Atta_2,210.5,508.6,273.0,-41.3,-1.3,,,,
4.58,3,Atta_3,205.7,730.2,272.4,66.8,-0.8,,,,
4.58,4,Atta_4,246.3,1028.1,277.6,67.7,0.9,,,,
4.58,5,Atta_5,223.8,1252.0,274.8,98.8,1.7,,,,
4.58,6,Atta_6,201.1,1512.6,270.7,-32.9,-3.3,,,,
4.58,7,Atta_7,192.2,1777.7,273.8,-11.5,-3.3,,,,
4.58,8,Atta_8,220.7,2034.7,271.8,-21.6,2.1,,,,
4.58,9,Atta_9,200.5,2259.9,276.2,-44.2,1.9,,,,
4.58,10,Atta_10,260.8,2515.4,270.8,76.7,1.1,,,,
4.711,1,Atta_1,201.1,256.2,273.2,49.2,0.9,,,,
4.711,2,Atta_2,193.9,510.6,268.5,-16.7,-4.5,,,,
4.711,3,Atta_3,216.3,759.4,271.2,-31.1,-1.2,,,,
4.711,4,Atta_4,230.1,1032.8,269.9,-16.9,-7.7,,,,
4.711,5,Atta_5,198.1,1270.5,270.3,-31.7,-4.5,,,,
4.711,6,Atta_6,163.5,1543.6,272.8,-48.7,2.1,,,,
4.711,7,Atta_7,135.1,1709.6,271.9,88.9,-1.9,,,,
4.711,8,Atta_8,212.9,2047.6,272.9,-15.1,1.1,,,,
4.711,9,Atta_9,226.9,2297.3,272.9,-45.8,-3.3,,,,
4.711,10,Atta_10,211.8,2531.1,275.3,-51.5,4.5,,,,
4.78,1,Atta_1,176.9,285.3,271.4,-37.8,-1.8,,,,
4.78,2,Atta_2,159.1,533.1,274.4,-41.4,5.9,,,,
4.78,3,Atta_3,185.5,795.8,273.6,-47.7,2.4,,,,
4.78,4,Atta_4,144.8,1071.8,271.7,-93.8,1.8,,,,
4.78,5,Atta_5,163.2,1244.8,272.4,43.3,2.1,,,,
4.78,6,Atta_6,158.7,1551.2,272.9,-9.0,0.1,,,,
4.78,7,Atta_7,244.1,1747.4,271.1,-115.4,-0.8,,,,
4.78,8,Atta_8,292.6,1961.7,269.6,117.2,-3.3,,,,
4.78,9,Atta_9,161.3,2251.1,268.6,80.2,-4.3,,,,
4.78,10,Atta_10,211.5,2523.0,271.2,8.1,-4.1,,,,
4.845,1,Atta_1,184.4,268.2,267.9,18.7,-3.5,,,,
4.845,2,Atta_2,197.9,543.6,267.4,-40.2,-7.0,,,,
4.845,3,Atta_3,182.0,759.7,269.8,36.3,-3.8,,,,
4.845,4,Atta_4,219.5,1001.0,275.6,102.9,3.9,,,,
4.845,5,Atta_5,192.0,1243.8,271.1,28.8,-1.3,,,,
4.845,6,Atta_6,180.4,1556.4,276.6,-22.3,3.7,,,,
4.845,7,Atta_7,196.9,1765.9,272.2,-50.7,1.1,,,,
4.845,8,Atta_8,150.6,2049.7,272.3,-167.1,2.7,,,,
4.845,9,Atta_9,209.3,2234.4,273.8,50.8,5.2,,,,
4.845,10,Atta_10,212.0,2518.2,271.8,4.8,0.6,,,,
4.982,1,Atta_1,172.6,246.8,262.7,24.4,-5.2,,,,
4.982,2,Atta_2,246.2,463.7,262.4,93.4,-5.0,,,,
4.982,3,Atta_3,204.5,684.1,273.9,78.9,4.1,,,,
4.982,4,Atta_4,211.0,1017.8,272.6,-18.8,-3.0,,,,
4.982,5,Atta_5,169.1,1248.5,270.6,-23.4,-0.5,,,,
4.982,6,Atta_6,223.2,1480.6,279.7,87.0,3.1,,,,
4.982,7,Atta_7,172.2,1774.3,268.5,-26.1,-3.7,,,,
4.982,8,Atta_8,195.8,2018.2,272.3,55.1,0.0,,,,
4.982,9,Atta_9,190.3,2239.5,270.7,-19.7,-3.1,,,,
4.982,10,Atta_10,257.8,2459.7,270.7,74.3,-1.1,,,,
5.04,1,Atta_1,171.4,258.8,260.0,-12.1,-2.7,,,,
5.04,2,Atta_2,149.5,548.0,258.8,-128.3,-3.6,,,,
5.04,3,Atta_3,190.8,737.5,272.2,-55.1,-1.7,,,,
5.04,4,Atta_4,199.0,985.7,271.3,34.3,-1.3,,,,
5.04,5,Atta_5,170.9,1241.3,271.6,7.4,1.0,,,,
5.04,6,Atta_6,211.4,1512.0,279.8,-33.5,0.1,,,,
5.04,7,Atta_7,239.4,1734.9,270.0,77.9,1.5,,,,
5.04,8,Atta_8,175.4,1991.5,275.8,33.6,3.5,,,,
5.04,9,Atta_9,206.5,2280.8,272.2,-44.4,1.5,,,,
5.04,10,Atta_10,236.2,2449.3,275.1,24.0,4.4,,,,
5.11,1,Atta_1,153.2,243.8,251.5,23.6,-8.5,,,,
5.11,2,Atta_2,209.2,481.9,252.9,89.1,-5.9,,,,
5.11,3,Atta_3,159.3,736.8,271.4,-31.5,-0.8,,,,
5.11,4,Atta_4,193.7,982.5,273.1,6.2,1.8,,,,
5.11,5,Atta_5,207.1,1275.3,271.5,-49.7,-0.1,,,,
5.11,6,Atta_6,153.0,1513.6,289.6,-58.4,9.8,,,,
5.11,7,Atta_7,154.3,1754.5,272.3,-87.3,2.3,,,,
5.11,8,Atta_8,233.1,2037.2,275.4,-73.6,-0.4,,,,
5.11,9,Atta_9,203.3,2285.1,272.7,-5.4,0.5,,,,
5.11,10,Atta_10,184.7,2462.9,272.6,-53.3,-2.5,,,,
5.165,1,Atta_1,154.8,299.2,251.6,-55.4,0.1,,,,
5.165,2,Atta_2,188.7,490.3,248.0,-22.2,-4.9,,,,
5.165,3,Atta_3,148.3,721.0,271.8,19.3,0.4,,,,
5.165,4,Atta_4,169.2,976.8,271.1,25.2,-2.0,,,,
5.165,5,Atta_5,194.1,1230.3,274.9,46.8,3.4,,,,
5.165,6,Atta_6,141.5,1538.5,294.5,-27.4,4.9,,,,
5.165,7,Atta_7,146.5,1734.1,269.9,21.8,-2.4,,,,
5.165,8,Atta_8,166.0,1960.0,271.9,102.3,-3.5,,,,
5.165,9,Atta_9,206.7,2193.0,272.4,92.2,-0.3,,,,
5.165,10,Atta_10,180.6,2511.3,272.9,-48.6,0.3,,,,
5.236,1,Atta_1,189.1,294.0,245.9,-34.7,-5.7,,,,
5.236,2,Atta_2,191.5,503.7,245.4,-13.7,-2.6,,,,
5.236,3,Atta_3,203.6,771.7,272.4,-75.0,0.6,,,,
5.236,4,Atta_4,206.5,949.9,270.8,46.0,-0.3,,,,
5.236,5,Atta_5,241.0,1219.8,268.7,48.1,-6.2,,,,
5.236,6,Atta_6,224.2,1486.7,298.0,97.6,3.5,,,,
5.236,7,Atta_7,199.1,1667.0,269.1,85.3,-0.8,,,,
5.236,8,Atta_8,174.1,1919.1,268.5,41.7,-3.4,,,,
5.236,9,Atta_9,204.5,2252.8,271.6,-59.8,-0.8,,,,
5.236,10,Atta_10,162.2,2446.1,272.2,67.7,-0.7,,,,
5.289,1,Atta_1,237.0,276.9,239.2,-50.9,-6.7,,,,
5.289,2,Atta_2,184.2,508.9,243.0,-9.0,-2.4,,,,
5.289,3,Atta_3,185.2,692.5,274.0,81.3,1.6,,,,
5.289,4,Atta_4,199.5,967.2,273.9,-18.7,3.1,,,,
5.289,5,Atta_5,204.3,1238.9,271.2,-41.4,2.5,,,,
5.289,6,Atta_6,190.1,1555.1,296.5,-76.4,-1.5,,,,
5.289,7,Atta_7,184.3,1698.7,272.3,-35.0,3.2,,,,
5.289,8,Atta_8,207.1,1970.3,272.3,-60.9,3.8,,,,
5.289,9,Atta_9,202.6,2182.4,272.3,70.4,0.7,,,,
5.289,10,Atta_10,202.9,2418.1,269.7,49.4,-2.5,,,,
5.359,1,Atta_1,241.2,280.9,234.5,-5.8,-4.7,,,,
5.359,2,Atta_2,176.9,522.6,237.3,-15.5,-5.7,,,,
5.359,3,Atta_3,187.8,686.2,270.7,6.8,-3.3,,,,
5.359,4,Atta_4,191.4,945.2,275.2,23.4,1.3,,,,
5.359,5,Atta_5,185.5,1171.1,270.6,70.4,-0.6,,,,
5.359,6,Atta_6,229.9,1497.6,308.6,69.9,12.1,,,,
5.359,7,Atta_7,244.6,1681.7,271.7,62.7,-0.6,,,,
5.359,8,Atta_8,157.6,1964.3,273.1,49.9,0.8,,,,
5.359,9,Atta_9,226.2,2204.2,273.7,-32.1,1.4,,,,
5.359,10,Atta_10,224.7,2449.7,269.9,-38.4,0.2,,,,
5.41,1,Atta_1,154.8,282.4,232.7,86.4,-1.8,,,,
5.41,2,Atta_2,157.3,531.9,231.8,21.7,-5.5,,,,
5.41,3,Atta_3,183.9,679.9,276.1,7.4,5.4,,,,
5.41,4,Atta_4,222.4,912.7,272.5,44.9,-2.7,,,,
5.41,5,Atta_5,189.5,1180.0,274.0,-9.8,3.4,,,,
5.41,6,Atta_6,214.9,1535.0,309.9,-40.3,1.3,,,,
5.41,7,Atta_7,140.2,1716.2,271.2,-110.0,-0.5,,,,
5.41,8,Atta_8,231.4,1862.9,274.7,125.4,1.6,,,,
5.41,9,Atta_9,185.8,2208.3,276.3,-40.6,2.6,,,,
5.41,10,Atta_10,194.0,2463.9,275.0,-33.8,5.1,,,,
5.481,1,Atta_1,150.4,257.6,227.6,25.2,-5.1,,,,
5.481,2,Atta_2,205.3,532.3,227.3,-48.0,-4.5,,,,
5.481,3,Atta_3,206.3,652.6,272.3,35.3,-3.8,,,,
5.481,4,Atta_4,150.6,935.4,267.9,-75.3,-4.6,,,,
5.481,5,Atta_5,223.7,1214.4,274.2,-48.5,0.2,,,,
5.481,6,Atta_6,207.1,1550.2,315.1,-17.1,5.2,,,,
5.481,7,Atta_7,184.8,1717.0,276.4,44.6,5.2,,,,
5.481,8,Atta_8,230.7,1926.5,269.5,-63.6,-5.2,,,,
5.481,9,Atta_9,236.8,2219.3,273.0,-52.2,-3.3,,,,
5.481,10,Atta_10,146.5,2436.4,270.3,54.9,-4.7,,,,
5.552,1,Atta_1,220.8,300.9,226.2,-82.7,-1.4,,,,
5.552,2,Atta_2,230.3,583.2,223.7,-56.7,-3.6,,,,
5.552,3,Atta_3,200.6,738.8,269.7,-86.4,-2.6,,,,
5.552,4,Atta_4,194.7,910.7,271.5,50.5,3.6,,,,
5.552,5,Atta_5,165.9,1115.5,270.5,114.6,-3.7,,,,
5.552,6,Atta_6,115.9,1467.9,319.2,-122.8,4.1,,,,
5.552,7,Atta_7,198.3,1679.7,271.3,39.7,-5.1,,,,
5.552,8,Atta_8,192.3,1901.5,271.4,45.8,1.9,,,,
5.552,9,Atta_9,238.8,2149.9,273.0,69.4,0.0,,,,
5.552,10,Atta_10,225.2,2379.4,272.3,97.2,2.0,,,,
5.605,1,Atta_1,215.1,344.6,234.4,-44.1,8.2,,,,
5.605,2,Atta_2,231.1,492.6,220.9,90.6,-2.8,,,,
5.605,3,Atta_3,180.9,651.3,270.8,89.7,1.1,,,,
5.605,4,Atta_4,178.7,905.3,269.6,16.9,-1.9,,,,
5.605,5,Atta_5,194.4,1082.1,272.1,43.9,1.6,,,,
5.605,6,Atta_6,169.9,1567.7,325.7,-113.5,6.5,,,,
5.605,7,Atta_7,216.9,1713.5,271.9,-38.6,0.6,,,,
5.605,8,Atta_8,164.8,1923.7,273.0,-35.3,1.6,,,,
5.605,9,Atta_9,180.9,2184.0,270.7,-67.2,-2.3,,,,
5.605,10,Atta_10,257.8,2394.5,270.8,-35.9,-1.5,,,,
5.67,1,Atta_1,222.1,256.3,230.6,88.6,-3.8,,,,
5.67,2,Atta_2,225.7,484.4,212.9,9.8,-8.0,,,,
5.67,3,Atta_3,238.6,723.6,269.7,-92.5,-1.1,,,,
5.67,4,Atta_4,213.3,893.9,274.7,36.4,5.1,,,,
5.67,5,Atta_5,192.9,1112.4,275.0,-30.3,2.9,,,,
5.67,6,Atta_6,253.2,1558.6,332.0,83.8,6.3,,,,
5.67,7,Atta_7,228.1,1705.6,271.3,13.7,-0.6,,,,
5.67,8,Atta_8,205.9,1896.7,274.6,49.2,1.6,,,,
5.67,9,Atta_9,171.4,2064.6,271.1,119.8,0.4,,,,
5.67,10,Atta_10,203.4,2385.6,271.6,55.1,0.8,,,,
5.736,1,Atta_1,207.0,286.0,227.7,-33.3,-2.9,,,,
5.736,2,Atta_2,147.7,511.3,209.7,82.5,-3.2,,,,
5.736,3,Atta_3,250.8,693.4,271.5,32.6,1.8,,,,
5.736,4,Atta_4,143.5,878.8,273.4,71.4,-1.3,,,,
5.736,5,Atta_5,195.1,1097.4,274.6,15.2,-0.4,,,,
5.736,6,Atta_6,180.4,1470.9,333.3,-114.0,1.3,,,,
5.736,7,Atta_7,194.4,1719.5,271.2,-36.5,-0.1,,,,
5.736,8,Atta_8,181.0,1824.5,269.6,76.4,-5.0,,,,
5.736,9,Atta_9,180.6,2108.6,270.7,-45.0,-0.4,,,,
5.736,10,Atta_10,216.3,2378.2,273.3,14.9,1.7,,,,
5.867,1,Atta_1,220.0,278.9,227.6,-14.8,-0.1,,,,
5.867,2,Atta_2,177.2,518.0,202.8,-30.3,-6.9,,,,
5.867,3,Atta_3,212.9,685.8,275.8,38.7,4.3,,,,
5.867,4,Atta_4,172.4,888.6,274.0,-30.5,0.6,,,,
5.867,5,Atta_5,188.0,1153.9,269.3,-56.9,-5.3,,,,
5.867,6,Atta_6,207.0,1515.8,337.9,52.2,4.6,,,,
5.867,7,Atta_7,202.7,1775.5,273.8,-56.6,2.6,,,,
5.867,8,Atta_8,205.6,1860.5,275.7,-43.6,6.1,,,,
5.867,9,Atta_9,189.3,2088.3,269.0,22.1,-1.7,,,,
5.867,10,Atta_10,233.2,2378.2,274.0,16.9,0.7,,,,
5.934,1,Atta_1,195.0,317.8,225.8,-46.2,-1.8,,,,
5.934,2,Atta_2,188.5,498.6,207.0,-22.5,4.2,,,,
5.934,3,Atta_3,239.4,726.3,277.6,-48.4,1.8,,,,
5.934,4,Atta_4,207.7,865.8,270.9,42.0,-3.1,,,,
5.934,5,Atta_5,179.3,1097.8,272.2,56.8,2.9,,,,
5.934,6,Atta_6,225.4,1521.6,342.5,19.3,4.6,,,,
5.934,7,Atta_7,199.6,1785.1,272.6,-10.1,-1.2,,,,
5.934,8,Atta_8,208.2,1894.4,269.1,-34.0,-6.6,,,,
5.934,9,Atta_9,189.2,2053.4,272.5,34.9,3.5,,,,
5.934,10,Atta_10,211.3,2333.9,275.6,49.4,1.6,,,,
6.003,1,Atta_1,254.8,264.3,226.0,-80.2,0.2,,,,
6.003,2,Atta_2,237.3,525.6,201.1,-55.8,-5.9,,,,
6.003,3,Atta_3,228.6,701.6,274.9,27.0,-2.7,,,,
6.003,4,Atta_4,214.7,882.1,275.6,-17.7,4.7,,,,
6.003,5,Atta_5,199.8,1112.7,272.2,-25.3,0.0,,,,
6.003,6,Atta_6,223.2,1542.4,344.0,-20.9,1.5,,,,
6.003,7,Atta_7,249.7,1776.8,274.4,50.8,1.8,,,,
6.003,8,Atta_8,158.4,1927.1,272.9,-59.6,3.8,,,,
6.003,9,Atta_9,226.1,2123.8,270.0,-79.5,-2.5,,,,
6.003,10,Atta_10,238.4,2288.6,276.2,52.8,0.6,,,,
6.072,1,Atta_1,204.4,304.0,227.6,64.2,1.6,,,,
6.072,2,Atta_2,186.9,454.6,192.6,87.1,-8.5,,,,
6.072,3,Atta_3,209.5,774.9,276.2,-75.7,1.3,,,,
6.072,4,Atta_4,209.1,952.2,271.1,-70.3,-4.5,,,,
6.072,5,Atta_5,206.3,1114.9,273.1,-6.9,0.9,,,,
6.072,6,Atta_6,187.6,1478.7,344.3,-73.0,0.3,,,,
6.072,7,Atta_7,188.8,1765.6,280.2,61.9,5.8,,,,
6.072,8,Atta_8,223.6,1937.7,275.3,-66.1,2.4,,,,
6.072,9,Atta_9,237.4,2058.4,272.3,66.4,2.3,,,,
6.072,10,Atta_10,208.5,2310.1,273.7,-36.8,-2.5,,,,
6.142,1,Atta_1,237.3,255.4,227.9,58.7,0.3,,,,
6.142,2,Atta_2,221.9,506.6,188.7,-62.7,-3.9,,,,
6.142,3,Atta_3,189.4,720.7,286.4,57.8,10.2,,,,
6.142,4,Atta_4,235.4,882.8,277.1,74.2,6.0,,,,
6.142,5,Atta_5,232.4,1070.9,273.3,51.2,0.2,,,,
6.142,6,Atta_6,247.3,1525.0,345.3,75.5,1.0,,,,
6.142,7,Atta_7,215.9,1747.9,284.8,32.4,4.6,,,,
6.142,8,Atta_8,213.4,1906.7,272.4,32.6,-2.9,,,,
6.142,9,Atta_9,169.7,2076.7,270.8,-70.1,-1.5,,,,
6.142,10,Atta_10,201.4,2321.6,273.2,-13.5,-0.5,,,,
6.209,1,Atta_1,138.9,298.0,227.1,107.2,-0.8,,,,
6.209,2,Atta_2,230.3,470.2,181.2,-37.4,-7.5,,,,
6.209,3,Atta_3,193.7,682.2,286.4,38.7,0.0,,,,
6.209,4,Atta_4,223.5,884.5,272.5,-12.0,-4.6,,,,
6.209,5,Atta_5,198.4,1159.0,270.5,-94.4,-2.8,,,,
6.209,6,Atta_6,175.8,1547.2,348.7,-74.9,3.4,,,,
6.209,7,Atta_7,167.7,1747.2,291.2,-48.2,6.4,,,,
6.209,8,Atta_8,246.1,1920.4,271.4,-35.5,-1.0,,,,
6.209,9,Atta_9,181.8,2062.2,273.8,18.9,3.0,,,,
6.209,10,Atta_10,219.4,2333.7,273.4,-21.7,0.2,,,,
6.279,1,Atta_1,139.0,216.0,228.5,82.0,1.4,,,,
6.279,2,Atta_2,229.0,575.7,178.5,-105.5,-2.7,,,,
6.279,3,Atta_3,167.0,751.2,294.0,-74.0,7.6,,,,
6.279,4,Atta_4,227.9,950.4,273.3,-66.0,0.8,,,,
6.279,5,Atta_5,176.7,1076.7,271.8,85.1,1.3,,,,
6.279,6,Atta_6,216.2,1499.6,345.7,62.4,-3.0,,,,
6.279,7,Atta_7,202.8,1814.2,292.0,-75.6,0.8,,,,
6.279,8,Atta_8,211.7,1909.3,274.8,36.1,3.4,,,,
6.279,9,Atta_9,213.8,2097.6,273.6,-47.7,-0.2,,,,
6.279,10,Atta_10,190.6,2338.0,274.2,-29.1,0.8,,,,
6.334,1,Atta_1,140.7,198.2,225.7,17.9,-2.8,,,,
6.334,2,Atta_2,171.4,589.6,171.8,59.3,-6.7,,,,
6.334,3,Atta_3,183.8,711.9,296.5,42.7,2.5,,,,
6.334,4,Atta_4,208.9,967.7,276.5,-25.7,3.2,,,,
6.334,5,Atta_5,119.9,1108.6,272.9,-65.1,1.1,,,,
6.334,6,Atta_6,155.5,1554.5,343.6,-81.8,-2.1,,,,
6.334,7,Atta_7,269.6,1739.5,298.7,100.2,6.7,,,,
6.334,8,Atta_8,186.8,2001.9,272.4,-95.9,-2.4,,,,
6.334,9,Atta_9,245.2,2097.8,274.9,31.4,1.3,,,,
6.334,10,Atta_10,207.5,2336.9,274.9,16.9,0.7,,,,
6.404,1,Atta_1,128.0,234.5,230.5,-38.5,4.8,,,,
6.404,2,Atta_2,199.8,506.3,170.4,-88.0,-1.4,,,,
6.404,3,Atta_3,207.4,795.8,299.3,-87.2,2.8,,,,
6.404,4,Atta_4,232.9,925.4,280.7,48.6,4.2,,,,
6.404,5,Atta_5,189.9,1104.7,269.4,70.1,-3.5,,,,
6.404,6,Atta_6,166.7,1500.2,346.5,55.4,2.9,,,,
6.404,7,Atta_7,251.0,1756.7,303.5,-25.3,4.8,,,,
6.404,8,Atta_8,255.2,1938.5,278.6,93.3,6.2,,,,
6.404,9,Atta_9,228.0,2126.1,275.0,-33.1,0.1,,,,
6.404,10,Atta_10,195.5,2219.3,273.1,118.2,-1.8,,,,
6.472,1,Atta_1,129.2,194.3,226.8,40.2,-3.7,,,,
6.472,2,Atta_2,235.7,552.4,167.1,-58.4,-3.3,,,,
6.472,3,Atta_3,181.3,731.4,310.4,69.5,11.1,,,,
6.472,4,Atta_4,183.6,890.8,289.4,60.2,8.7,,,,
6.472,5,Atta_5,169.6,1165.8,271.9,-64.4,2.5,,,,
6.472,6,Atta_6,187.8,1488.7,344.1,24.0,-2.4,,,,
6.472,7,Atta_7,173.5,1767.1,307.0,-78.2,3.5,,,,
6.472,8,Atta_8,213.5,1947.9,284.2,-42.7,5.6,,,,
6.472,9,Atta_9,201.7,2089.8,272.5,44.8,-2.5,,,,
6.472,10,Atta_10,198.0,2305.7,264.2,-86.4,-8.9,,,,
6.542,1,Atta_1,95.8,194.7,229.7,33.4,2.9,,,,
6.542,2,Atta_2,175.6,551.6,160.9,60.1,-6.2,,,,
6.542,3,Atta_3,166.9,790.8,313.4,-61.1,3.0,,,,
6.542,4,Atta_4,248.8,903.0,287.6,66.3,-1.8,,,,
6.542,5,Atta_5,222.5,1091.8,270.0,91.0,-1.9,,,,
6.542,6,Atta_6,179.9,1564.1,346.6,-75.8,2.5,,,,
6.542,7,Atta_7,191.9,1745.3,310.3,28.5,3.3,,,,
6.542,8,Atta_8,210.3,1928.3,289.9,19.9,5.7,,,,
6.542,9,Atta_9,130.1,2124.7,272.1,-79.7,-0.4,,,,
6.542,10,Atta_10,210.2,2269.9,260.6,37.8,-3.6,,,,
6.597,1,Atta_1,92.1,210.8,228.2,-16.5,-1.5,,,,
6.597,2,Atta_2,227.7,488.4,157.6,-81.9,-3.3,,,,
6.597,3,Atta_3,165.9,768.1,315.2,22.7,1.8,,,,
6.597,4,Atta_4,205.0,951.5,295.3,-65.4,7.7,,,,
6.597,5,Atta_5,176.7,1129.0,267.2,-59.0,-2.8,,,,
6.597,6,Atta_6,230.1,1561.9,346.9,50.2,0.3,,,,
6.597,7,Atta_7,220.1,1746.8,317.4,28.2,7.1,,,,
6.597,8,Atta_8,173.2,1997.2,293.1,-78.3,3.2,,,,
6.597,9,Atta_9,219.3,2088.9,276.1,96.1,4.0,,,,
6.597,10,Atta_10,206.6,2344.9,255.8,-75.1,-4.8,,,,
6.668,1,Atta_1,103.6,209.8,234.8,-11.5,6.6,,,,
6.668,2,Atta_2,192.3,580.0,151.2,98.2,-6.4,,,,
6.668,3,Atta_3,244.8,812.7,321.8,90.6,6.6,,,,
6.668,4,Atta_4,196.5,910.5,296.3,41.9,1.0,,,,
6.668,5,Atta_5,196.4,1153.9,276.6,-31.8,9.4,,,,
6.668,6,Atta_6,277.2,1566.4,341.7,47.3,-5.2,,,,
6.668,7,Atta_7,171.9,1789.7,318.1,-64.5,0.7,,,,
6.668,8,Atta_8,161.5,1882.5,299.9,115.3,6.8,,,,
6.668,9,Atta_9,204.5,2178.4,278.4,-90.7,2.3,,,,
6.668,10,Atta_10,207.9,2300.9,250.1,44.0,-5.7,,,,
6.719,1,Atta_1,93.5,131.2,226.4,79.2,-8.4,,,,
6.719,2,Atta_2,205.4,480.0,148.6,-100.9,-2.6,,,,
6.719,3,Atta_3,198.4,764.8,320.4,-66.7,-1.4,,,,
6.719,4,Atta_4,193.1,925.8,301.1,-15.7,4.8,,,,
6.719,5,Atta_5,201.8,1132.7,280.1,21.9,3.5,,,,
6.719,6,Atta_6,270.2,1506.5,342.9,60.3,1.2,,,,
6.719,7,Atta_7,251.9,1767.6,324.2,83.0,6.1,,,,
6.719,8,Atta_8,201.6,1910.7,303.6,-49.0,3.7,,,,
6.719,9,Atta_9,264.1,2177.4,280.9,59.6,2.5,,,,
6.719,10,Atta_10,185.3,2286.1,249.7,27.0,-0.4,,,,
6.79,1,Atta_1,121.5,161.7,232.1,-41.4,5.7,,,,
6.79,2,Atta_2,243.0,518.8,144.3,-54.0,-4.3,,,,
6.79,3,Atta_3,176.1,771.3,330.9,-23.2,10.5,,,,
6.79,4,Atta_4,167.0,997.3,308.9,-76.1,7.8,,,,
6.79,5,Atta_5,196.5,1161.6,285.1,-29.4,5.0,,,,
6.79,6,Atta_6,251.9,1540.2,342.8,-38.3,-0.1,,,,
6.79,7,Atta_7,235.3,1776.2,330.0,-18.7,5.8,,,,
6.79,8,Atta_8,217.1,1952.2,308.1,-44.3,4.5,,,,
6.79,9,Atta_9,242.9,2152.2,284.8,32.9,3.9,,,,
6.79,10,Atta_10,248.4,2246.0,243.0,74.8,-6.7,,,,
6.843,1,Atta_1,106.1,120.9,226.6,43.6,-5.5,,,,
6.843,2,Atta_2,171.5,556.2,142.1,80.7,-2.2,,,,
6.843,3,Atta_3,202.4,798.9,329.6,38.1,-1.3,,,,
6.843,4,Atta_4,300.4,1019.9,313.6,135.3,4.7,,,,
6.843,5,Atta_5,226.5,1173.5,290.5,-32.3,5.4,,,,
6.843,6,Atta_6,313.7,1499.9,341.4,73.8,-1.4,,,,
6.843,7,Atta_7,204.5,1766.2,327.9,-32.4,-2.1,,,,
6.843,8,Atta_8,252.7,1919.2,310.6,48.5,2.5,,,,
6.843,9,Atta_9,220.0,2147.7,291.5,-23.3,6.7,,,,
6.843,10,Atta_10,277.3,2279.3,242.4,-44.1,-0.6,,,,
6.913,1,Atta_1,127.8,109.7,228.1,-24.4,1.5,,,,
6.913,2,Atta_2,176.4,541.9,137.9,-15.1,-4.2,,,,
6.913,3,Atta_3,253.0,747.4,330.3,72.2,0.7,,,,
6.913,4,Atta_4,162.4,932.8,316.7,-163.2,3.1,,,,
6.913,5,Atta_5,193.6,1142.0,297.7,45.5,7.2,,,,
6.913,6,Atta_6,302.4,1534.8,345.3,-36.7,3.9,,,,
6.913,7,Atta_7,259.4,1788.2,329.7,59.1,1.8,,,,
6.913,8,Atta_8,193.6,1931.4,315.7,-60.3,5.1,,,,
6.913,9,Atta_9,199.5,2143.1,293.2,-21.0,1.7,,,,
6.913,10,Atta_10,216.0,2310.1,243.6,68.6,1.2,,,,
6.981,1,Atta_1,148.7,129.6,224.0,-28.9,-4.1,,,,
6.981,2,Atta_2,204.1,522.3,140.6,-33.9,2.7,,,,
6.981,3,Atta_3,195.5,709.6,330.5,-68.8,0.2,,,,
6.981,4,Atta_4,215.3,951.6,320.8,56.1,4.1,,,,
6.981,5,Atta_5,253.8,1157.0,296.1,62.0,-1.6,,,,
6.981,6,Atta_6,322.4,1451.5,346.6,85.7,1.3,,,,
6.981,7,Atta_7,205.8,1743.5,327.7,-69.8,-2.0,,,,
6.981,8,Atta_8,218.2,1962.5,316.1,-39.7,0.4,,,,
6.981,9,Atta_9,189.1,2162.2,297.1,-21.7,3.9,,,,
6.981,10,Atta_10,173.6,2321.5,244.0,43.9,0.4,,,,
7.05,1,Atta_1,49.7,148.2,227.9,100.7,3.9,,,,
7.05,2,Atta_2,215.8,488.8,138.3,-35.5,-2.3,,,,
7.05,3,Atta_3,242.9,728.5,328.8,51.0,-1.7,,,,
7.05,4,Atta_4,231.5,932.2,329.5,25.3,8.7,,,,
7.05,5,Atta_5,115.2,1090.8,303.1,-153.6,7.0,,,,
7.05,6,Atta_6,341.1,1503.2,345.4,55.0,-1.2,,,,
7.05,7,Atta_7,232.3,1778.4,329.4,43.8,1.7,,,,
7.05,8,Atta_8,241.2,1932.6,326.5,37.7,10.4,,,,
7.05,9,Atta_9,226.7,2169.9,305.4,38.4,8.3,,,,
7.05,10,Atta_10,261.4,2279.6,246.7,-97.3,2.7,,,,
7.116,1,Atta_1,171.8,175.8,221.3,-125.2,-6.6,,,,
7.116,2,Atta_2,266.8,559.8,140.8,87.4,2.5,,,,
7.116,3,Atta_3,196.1,742.4,329.4,-48.8,0.6,,,,
7.116,4,Atta_4,173.1,974.1,331.2,-71.9,1.7,,,,
7.116,5,Atta_5,231.5,1172.8,309.5,-142.3,6.4,,,,
7.116,6,Atta_6,359.2,1452.7,345.9,53.6,0.5,,,,
7.116,7,Atta_7,237.6,1789.6,332.0,-12.4,2.6,,,,
7.116,8,Atta_8,166.5,1934.4,330.9,-74.7,4.4,,,,
7.116,9,Atta_9,271.6,2159.0,307.2,46.2,1.8,,,,
7.116,10,Atta_10,181.3,2223.2,244.5,98.0,-2.2,,,,
7.182,1,Atta_1,132.9,216.9,227.4,56.6,6.1,,,,
7.182,2,Atta_2,160.5,538.1,139.2,108.5,-1.6,,,,
7.182,3,Atta_3,250.1,753.5,329.8,55.1,0.4,,,,
7.182,4,Atta_4,234.3,937.1,328.2,71.5,-3.0,,,,
7.182,5,Atta_5,204.3,1164.5,315.1,-28.4,5.6,,,,
7.182,6,Atta_6,361.7,1481.2,349.2,-28.6,3.3,,,,
7.182,7,Atta_7,175.7,1748.4,329.5,-74.4,-2.5,,,,
7.182,8,Atta_8,191.3,1911.5,331.1,33.8,0.2,,,,
7.182,9,Atta_9,200.6,2141.6,312.9,-73.1,5.7,,,,
7.182,10,Atta_10,257.0,2274.6,244.8,-91.5,0.3,,,,
7.25,1,Atta_1,193.3,208.1,221.3,-61.0,-6.1,,,,
7.25,2,Atta_2,277.2,532.6,131.4,-116.8,-7.8,,,,
7.25,3,Atta_3,176.8,742.7,331.5,-74.1,1.7,,,,
7.25,4,Atta_4,193.8,915.6,330.3,-45.9,2.1,,,,
7.25,5,Atta_5,162.9,1125.1,316.9,-57.2,1.8,,,,
7.25,6,Atta_6,402.6,1459.0,343.6,46.5,-5.6,,,,
7.25,7,Atta_7,252.2,1789.2,331.1,86.7,1.6,,,,
7.25,8,Atta_8,191.7,1967.5,329.8,-56.0,-1.3,,,,
7.25,9,Atta_9,208.2,2197.1,318.6,-56.0,5.7,,,,
7.25,10,Atta_10,255.7,2310.6,243.4,-36.0,-1.4,,,,
7.317,1,Atta_1,107.3,258.5,228.3,99.7,7.0,,,,
7.317,2,Atta_2,148.6,490.5,132.3,135.3,0.9,,,,
7.317,3,Atta_3,285.0,688.4,332.8,121.1,1.3,,,,
7.317,4,Atta_4,232.3,924.6,330.5,39.5,0.2,,,,
7.317,5,Atta_5,184.7,1134.4,321.9,23.7,5.0,,,,
7.317,6,Atta_6,358.3,1537.0,346.1,-89.7,2.5,,,,
7.317,7,Atta_7,165.3,1745.2,332.6,-97.4,1.5,,,,
7.317,8,Atta_8,200.8,1967.3,329.0,9.1,-0.8,,,,
7.317,9,Atta_9,211.8,2118.6,321.9,78.6,3.3,,,,
7.317,10,Atta_10,198.3,2313.3,247.8,57.5,4.4,,,,
7.384,1,Atta_1,139.9,241.9,234.0,-36.6,5.7,,,,
7.384,2,Atta_2,187.7,538.0,125.9,61.5,-6.4,,,,
7.384,3,Atta_3,227.0,727.4,328.7,-69.9,-4.1,,,,
7.384,4,Atta_4,176.4,921.7,330.9,-56.0,0.4,,,,
7.384,5,Atta_5,204.2,1117.0,324.1,26.1,2.2,,,,
7.384,6,Atta_6,344.1,1484.6,344.6,-54.3,-1.5,,,,
7.384,7,Atta_7,216.6,1747.2,328.5,51.3,-4.1,,,,
7.384,8,Atta_8,177.1,1909.1,329.6,62.8,0.6,,,,
7.384,9,Atta_9,164.8,2169.7,326.0,-69.4,4.1,,,,
7.384,10,Atta_10,239.0,2298.1,242.6,-43.4,-5.2,,,,
7.505,1,Atta_1,103.0,224.7,237.8,40.7,3.8,,,,
7.505,2,Atta_2,165.1,544.7,120.3,23.6,-5.6,,,,
7.505,3,Atta_3,265.1,729.3,331.8,38.1,3.1,,,,
7.505,4,Atta_4,221.0,925.0,332.1,44.7,1.2,,,,
7.505,5,Atta_5,205.4,1152.2,330.3,-35.2,6.2,,,,
7.505,6,Atta_6,372.2,1485.0,345.4,28.1,0.8,,,,
7.505,7,Atta_7,274.6,1741.7,330.8,58.3,2.3,,,,
7.505,8,Atta_8,258.7,1899.9,332.6,82.1,3.0,,,,
7.505,9,Atta_9,178.8,2127.1,330.8,44.8,4.8,,,,
7.572,1,Atta_1,114.0,144.9,242.4,80.6,4.6,,,,
7.572,2,Atta_2,242.8,494.4,117.7,-92.6,-2.6,,,,
7.572,3,Atta_3,196.6,754.3,327.9,-72.9,-3.9,,,,
7.572,4,Atta_4,174.7,927.7,331.1,-46.4,-1.0,,,,
7.572,5,Atta_5,262.0,1128.5,330.3,61.4,0.0,,,,
7.572,6,Atta_6,362.8,1449.1,340.0,-37.1,-5.4,,,,
7.572,7,Atta_7,179.4,1751.8,330.0,-95.7,-0.8,,,,
7.572,8,Atta_8,215.1,1935.2,326.0,-56.1,-6.6,,,,
7.572,9,Atta_9,196.0,2174.3,331.8,-50.2,1.0,,,,
7.572,10,Atta_10,260.6,2337.2,246.9,-44.7,4.3,,,,
7.627,1,Atta_1,135.2,231.6,248.2,-89.3,5.8,,,,
7.627,2,Atta_2,219.2,504.6,112.0,25.7,-5.7,,,,
7.627,3,Atta_3,248.4,725.3,332.5,59.4,4.6,,,,
7.627,4,Atta_4,220.9,909.0,330.7,49.8,-0.4,,,,
7.627,5,Atta_5,251.2,1167.0,332.0,-40.0,1.7,,,,
7.627,6,Atta_6,389.8,1421.0,337.6,39.0,-2.4,,,,
7.627,7,Atta_7,274.0,1666.4,330.0,127.4,0.0,,,,
7.627,8,Atta_8,267.1,1914.1,329.0,56.1,3.0,,,,
7.627,9,Atta_9,224.2,2106.0,329.8,73.9,-2.0,,,,
7.627,10,Atta_10,310.3,2366.1,243.3,-57.5,-3.6,,,,
7.693,1,Atta_1,179.0,211.1,249.4,48.4,1.2,,,,
7.693,2,Atta_2,223.5,557.6,107.7,53.2,-4.3,,,,
7.693,3,Atta_3,267.3,714.6,330.6,21.7,-1.9,,,,
7.693,4,Atta_4,188.0,960.2,328.3,-60.9,-2.4,,,,
7.693,5,Atta_5,210.1,1146.1,331.5,-46.1,-0.5,,,,
7.693,6,Atta_6,406.6,1441.6,333.0,26.6,-4.6,,,,
7.693,7,Atta_7,288.3,1738.3,328.3,-73.3,-1.7,,,,
7.693,8,Atta_8,222.2,1891.8,328.2,-50.1,-0.8,,,,
7.693,9,Atta_9,226.5,2118.0,329.9,-12.2,0.1,,,,
7.693,10,Atta_10,219.5,2374.6,238.0,91.2,-5.3,,,,
7.759,1,Atta_1,107.1,192.8,256.1,74.2,6.7,,,,
7.759,2,Atta_2,165.2,526.2,100.4,-66.2,-7.3,,,,
7.759,3,Atta_3,300.1,684.8,327.5,44.3,-3.1,,,,
7.759,4,Atta_4,232.2,939.7,331.1,48.7,2.8,,,,
7.759,5,Atta_5,220.1,1144.3,330.0,10.2,-1.5,,,,
7.759,6,Atta_6,405.1,1450.1,327.0,-8.6,-6.0,,,,
7.759,7,Atta_7,288.6,1671.6,329.1,66.7,0.8,,,,
7.759,8,Atta_8,210.1,1900.4,327.4,-14.8,-0.8,,,,
7.759,9,Atta_9,191.7,2176.9,328.3,-68.4,-1.6,,,,
7.759,10,Atta_10,237.7,2328.6,233.5,49.5,-4.5,,,,
7.825,1,Atta_1,158.4,235.1,258.3,-66.5,2.2,,,,
7.825,2,Atta_2,243.3,498.1,99.5,-83.0,-0.9,,,,
7.825,3,Atta_3,290.4,683.2,329.5,-9.8,2.0,,,,
7.825,4,Atta_4,290.2,877.7,336.0,84.9,4.9,,,,
7.825,5,Atta_5,191.4,1163.0,331.1,-34.3,1.1,,,,
7.825,6,Atta_6,409.7,1497.6,325.0,-47.7,-2.0,,,,
7.825,7,Atta_7,325.8,1701.4,325.3,47.7,-3.8,,,,
7.825,8,Atta_8,212.0,1896.2,326.9,4.6,-0.5,,,,
7.825,9,Atta_9,184.2,2127.8,328.1,49.7,-0.2,,,,
7.894,1,Atta_1,147.9,207.5,270.7,29.5,12.4,,,,
7.894,2,Atta_2,211.0,588.2,94.9,95.7,-4.6,,,,
7.894,3,Atta_3,322.2,668.3,329.4,35.1,-0.1,,,,
7.894,4,Atta_4,264.1,865.9,329.6,-28.6,-6.4,,,,
7.894,5,Atta_5,232.9,1137.6,332.1,48.7,1.0,,,,
7.894,6,Atta_6,387.0,1476.6,315.0,-30.9,-10.0,,,,
7.894,7,Atta_7,268.5,1693.2,330.2,-57.9,4.9,,,,
7.894,8,Atta_8,210.4,1846.4,331.5,49.8,4.6,,,,
7.894,9,Atta_9,194.8,2139.1,330.3,15.5,2.2,,,,
7.894,10,Atta_10,253.1,2380.5,220.2,-54.1,-13.3,,,,
7.964,1,Atta_1,143.0,169.9,269.8,37.9,-0.9,,,,
7.964,2,Atta_2,281.3,534.3,97.3,-88.6,2.4,,,,
7.964,3,Atta_3,286.2,646.2,327.0,-42.2,-2.4,,,,
7.964,4,Atta_4,279.0,896.0,331.1,-33.6,1.5,,,,
7.964,5,Atta_5,209.7,1070.6,330.0,70.9,-2.1,,,,
7.964,6,Atta_6,382.3,1513.7,312.1,-37.4,-2.9,,,,
7.964,7,Atta_7,302.5,1716.8,337.3,41.4,7.1,,,,
7.964,8,Atta_8,304.7,1926.9,330.0,124.0,-1.5,,,,
7.964,9,Atta_9,209.2,2160.1,330.8,25.5,0.5,,,,
7.964,10,Atta_10,274.9,2322.9,221.6,61.6,1.4,,,,
8.032,1,Atta_1,87.6,181.2,277.6,-56.5,7.8,,,,
8.032,2,Atta_2,205.6,538.7,96.4,75.8,-0.9,,,,
8.032,3,Atta_3,262.3,686.3,322.9,-46.7,-4.1,,,,
8.032,4,Atta_4,270.4,890.4,332.7,-10.3,1.6,,,,
8.032,5,Atta_5,237.4,1109.7,335.4,47.9,5.4,,,,
8.032,7,Atta_7,323.8,1694.6,339.6,30.8,2.3,,,,
8.032,8,Atta_8,288.0,1887.0,330.0,43.3,0.0,,,,
8.032,9,Atta_9,276.1,2140.8,331.5,69.6,0.7,,,,
8.032,10,Atta_10,251.7,2379.5,220.0,-61.2,-1.6,,,,
8.102,1,Atta_1,173.4,245.1,284.4,-107.0,6.8,,,,
8.102,2,Atta_2,200.3,525.8,95.9,-13.9,-0.5,,,,
8.102,3,Atta_3,316.0,687.5,315.3,53.7,-7.6,,,,
8.102,4,Atta_4,311.5,914.2,331.5,47.5,-1.2,,,,
8.102,5,Atta_5,267.7,1145.1,330.1,46.6,-5.3,,,,
8.102,6,Atta_6,416.3,1450.1,305.5,72.1,-6.6,,,,
8.102,7,Atta_7,294.6,1724.4,343.5,-41.7,3.9,,,,
8.102,8,Atta_8,311.5,1904.5,329.1,29.3,-0.9,,,,
8.102,9,Atta_9,202.3,2106.3,328.7,-81.5,-2.8,,,,
8.102,10,Atta_10,252.6,2318.4,214.0,61.1,-6.0,,,,
8.172,1,Atta_1,145.7,192.3,281.3,59.6,-3.1,,,,
8.172,2,Atta_2,232.2,543.2,93.0,36.3,-2.9,,,,
8.172,3,Atta_3,286.1,650.1,310.4,47.9,-4.9,,,,
8.172,4,Atta_4,271.2,894.9,329.0,-44.7,-2.5,,,,
8.172,5,Atta_5,287.4,1065.0,325.5,82.5,-4.6,,,,
8.172,6,Atta_6,386.0,1507.3,297.3,-64.7,-8.2,,,,
8.172,7,Atta_7,342.0,1661.9,351.2,78.4,7.7,,,,
8.172,8,Atta_8,324.9,1925.9,330.8,25.2,1.7,,,,
8.172,9,Atta_9,277.0,2159.1,328.8,91.5,0.1,,,,
8.172,10,Atta_10,231.6,2330.4,208.2,24.2,-5.8,,,,
8.243,1,Atta_1,166.6,227.6,287.1,-41.0,5.8,,,,
8.243,2,Atta_2,166.2,537.4,95.4,-66.3,2.4,,,,
8.243,3,Atta_3,289.0,672.2,309.4,-22.3,-1.0,,,,
8.243,4,Atta_4,317.4,881.5,330.4,48.1,1.4,,,,
8.243,5,Atta_5,264.7,1072.9,328.8,-24.0,3.3,,,,
8.243,6,Atta_6,417.1,1468.1,296.2,50.0,-1.1,,,,
8.243,7,Atta_7,317.0,1687.8,354.0,-36.0,2.8,,,,
8.243,8,Atta_8,333.1,1847.0,329.4,79.3,-1.4,,,,
8.243,9,Atta_9,259.6,2071.8,331.5,89.0,2.7,,,,
8.243,10,Atta_10,223.7,2340.3,205.3,12.7,-2.9,,,,
8.297,1,Atta_1,136.7,206.2,284.2,36.8,-2.9,,,,
8.297,2,Atta_2,173.8,512.4,97.2,-26.1,1.8,,,,
8.297,3,Atta_3,272.4,664.5,300.8,-18.3,-8.6,,,,
8.297,4,Atta_4,356.5,907.4,334.7,46.9,4.3,,,,
8.297,5,Atta_5,276.8,1067.9,332.8,13.1,4.0,,,,
8.297,6,Atta_6,406.2,1519.4,293.4,-52.4,-2.8,,,,
8.297,7,Atta_7,258.3,1693.8,356.8,-59.0,2.8,,,,
8.297,8,Atta_8,314.6,1884.4,336.6,-41.7,7.2,,,,
8.297,9,Atta_9,302.6,2102.5,328.8,52.8,-2.7,,,,
8.297,10,Atta_10,245.4,2374.7,197.1,-40.7,-8.2,,,,
8.364,1,Atta_1,196.3,192.0,284.9,61.3,0.7,,,,
8.364,2,Atta_2,188.4,550.1,92.8,40.4,-4.4,,,,
8.364,3,Atta_3,375.8,686.9,291.1,105.8,-9.7,,,,
8.364,4,Atta_4,262.8,902.1,340.9,-93.8,6.2,,,,
8.364,5,Atta_5,299.9,1097.9,328.1,37.9,-4.7,,,,
8.364,6,Atta_6,409.7,1500.0,285.0,19.7,-8.4,,,,
8.364,7,Atta_7,316.8,1686.9,3.1,58.9,6.3,,,,
8.364,8,Atta_8,310.3,1899.2,339.1,-15.4,2.5,,,,
8.364,9,Atta_9,286.8,2070.8,331.3,35.4,2.5,,,,
8.364,10,Atta_10,202.1,2332.3,195.1,60.6,-2.0,,,,
8.431,1,Atta_1,141.8,151.6,286.2,67.8,1.3,,,,
8.431,2,Atta_2,222.2,592.2,98.5,54.0,5.7,,,,
8.431,3,Atta_3,367.0,730.4,289.6,-44.4,-1.5,,,,
8.431,4,Atta_4,336.5,830.6,344.3,102.7,3.4,,,,
8.431,5,Atta_5,295.1,1164.9,325.6,-67.2,-2.5,,,,
8.431,6,Atta_6,388.3,1451.6,283.1,52.9,-1.9,,,,
8.431,7,Atta_7,315.4,1732.6,5.3,45.7,2.2,,,,
8.431,8,Atta_8,305.2,1819.7,348.3,79.7,9.2,,,,
8.431,9,Atta_9,270.7,2102.6,327.0,-35.6,-4.3,,,,
8.431,10,Atta_10,238.9,2358.6,193.6,-45.2,-1.5,,,,
8.481,1,Atta_1,155.9,186.6,284.2,-37.7,-2.0,,,,
8.481,2,Atta_2,210.9,560.1,94.3,-34.0,-4.2,,,,
8.481,3,Atta_3,260.7,691.8,290.2,113.1,0.6,,,,
8.481,4,Atta_4,314.5,913.4,351.3,-85.7,7.0,,,,
8.481,5,Atta_5,264.8,1116.4,331.9,57.2,6.3,,,,
8.481,6,Atta_6,411.5,1495.9,277.6,-50.0,-5.5,,,,
8.481,7,Atta_7,337.4,1741.0,9.4,23.5,4.1,,,,
8.481,8,Atta_8,300.3,1841.4,346.2,-22.2,-2.1,,,,
8.481,9,Atta_9,267.7,2053.1,329.8,49.6,2.8,,,,
8.481,10,Atta_10,231.3,2332.6,187.6,27.1,-6.0,,,,
8.602,1,Atta_1,172.3,138.7,287.7,50.6,3.5,,,,
8.602,2,Atta_2,156.8,584.2,94.7,59.2,0.4,,,,
8.602,3,Atta_3,244.8,703.4,282.5,-19.7,-7.7,,,,
8.602,4,Atta_4,293.9,849.8,354.7,-66.9,3.4,,,,
8.602,5,Atta_5,315.2,1144.6,327.7,57.8,-4.2,,,,
8.602,6,Atta_6,359.4,1430.8,274.9,83.4,-2.7,,,,
8.602,7,Atta_7,284.6,1659.6,14.5,-97.0,5.1,,,,
8.602,8,Atta_8,351.2,1863.8,352.5,55.6,6.3,,,,
8.602,9,Atta_9,292.6,2050.3,328.9,25.1,-0.9,,,,
8.602,10,Atta_10,215.2,2313.1,185.2,25.3,-2.4,,,,
8.668,1,Atta_1,142.7,158.1,282.1,-35.4,-5.6,,,,
8.668,2,Atta_2,128.6,581.9,94.5,28.3,-0.2,,,,
8.668,3,Atta_3,328.9,717.7,275.1,85.3,-7.4,,,,
8.668,4,Atta_4,302.4,892.1,2.4,43.1,7.7,,,,
8.668,5,Atta_5,373.1,1086.2,316.7,82.2,-11.0,,,,
8.668,6,Atta_6,457.2,1452.0,267.6,-100.1,-7.3,,,,
8.668,7,Atta_7,287.6,1724.7,26.4,65.2,11.9,,,,
8.668,8,Atta_8,350.5,1849.3,1.5,14.5,9.0,,,,
8.668,9,Atta_9,323.9,2089.1,317.1,49.9,-11.8,,,,
8.668,10,Atta_10,271.4,2316.7,184.6,-56.3,-0.6,,,,
8.733,1,Atta_1,172.7,133.5,285.8,38.8,3.7,,,,
8.733,2,Atta_2,187.9,653.1,100.0,92.7,5.5,,,,
8.733,3,Atta_3,285.2,677.7,273.4,59.2,-1.7,,,,
8.733,4,Atta_4,307.4,820.8,7.4,71.5,5.0,,,,
8.733,5,Atta_5,285.7,1119.9,310.9,-93.7,-5.8,,,,
8.733,6,Atta_6,418.4,1460.1,258.4,-39.6,-9.2,,,,
8.733,7,Atta_7,345.6,1658.3,27.8,88.2,1.4,,,,
8.733,8,Atta_8,270.9,1887.1,7.7,-88.1,6.2,,,,
8.733,9,Atta_9,313.7,2022.0,314.1,67.9,-3.0,,,,
8.733,10,Atta_10,193.5,2325.9,184.6,78.4,0.0,,,,
8.866,1,Atta_1,135.4,116.7,285.0,40.9,-0.8,,,,
8.866,2,Atta_2,182.8,648.1,94.6,-7.1,-5.4,,,,
8.866,3,Atta_3,315.7,725.2,275.3,-56.4,1.9,,,,
8.866,4,Atta_4,298.0,969.9,10.8,149.4,3.4,,,,
8.866,5,Atta_5,315.0,1101.3,303.7,34.7,-7.2,,,,
8.866,6,Atta_6,390.9,1440.6,256.1,33.7,-2.3,,,,
8.866,7,Atta_7,306.3,1674.8,31.2,-42.6,3.4,,,,
8.866,8,Atta_8,322.2,1933.2,12.2,69.0,4.5,,,,
8.866,9,Atta_9,316.5,2087.4,305.9,-65.5,-8.2,,,,
8.866,10,Atta_10,202.2,2343.8,185.3,-19.9,0.7,,,,
8.935,1,Atta_1,128.4,129.4,282.5,-14.5,-2.5,,,,
8.935,2,Atta_2,127.4,639.8,97.3,-56.0,2.7,,,,
8.935,3,Atta_3,321.3,713.2,274.3,13.2,-1.0,,,,
8.935,4,Atta_4,368.8,908.9,19.0,93.5,8.2,,,,
8.935,5,Atta_5,312.2,1038.4,303.0,63.0,-0.7,,,,
8.935,6,Atta_6,426.0,1471.1,252.9,-46.5,-3.2,,,,
8.935,7,Atta_7,304.9,1678.5,34.2,4.0,3.0,,,,
8.935,8,Atta_8,311.3,1878.1,19.8,-56.2,7.6,,,,
8.935,9,Atta_9,282.7,2083.8,304.4,-34.0,-1.5,,,,
8.935,10,Atta_10,253.7,2322.9,187.9,-55.6,2.6,,,,
9.005,1,Atta_1,195.6,174.5,284.1,-80.9,1.6,,,,
9.005,2,Atta_2,190.6,691.6,97.1,81.7,-0.2,,,,
9.005,3,Atta_3,296.3,685.7,273.6,37.2,-0.7,,,,
9.005,4,Atta_4,248.0,897.4,25.0,-121.3,6.0,,,,
9.005,5,Atta_5,316.3,1064.7,299.8,-26.6,-3.2,,,,
9.005,6,Atta_6,348.1,1425.7,248.7,90.2,-4.2,,,,
9.005,7,Atta_7,335.7,1711.8,46.8,45.4,12.6,,,,
9.005,8,Atta_8,355.4,1863.7,21.5,46.4,1.7,,,,
9.005,9,Atta_9,341.2,2077.1,301.1,58.9,-3.3,,,,
9.005,10,Atta_10,197.5,2348.7,184.6,61.8,-3.3,,,,
9.074,1,Atta_1,135.9,153.9,283.3,63.2,-0.8,,,,
9.074,2,Atta_2,144.7,671.4,98.6,-50.1,1.5,,,,
9.074,3,Atta_3,277.5,708.3,271.3,-29.4,-2.3,,,,
9.074,4,Atta_4,335.7,883.4,22.0,88.8,-3.0,,,,
9.074,5,Atta_5,311.2,1072.6,292.5,-9.4,-7.3,,,,
9.074,6,Atta_6,358.3,1476.5,245.4,-51.8,-3.3,,,,
9.074,7,Atta_7,260.6,1670.7,41.8,-85.6,-5.0,,,,
9.074,8,Atta_8,308.4,1870.6,26.7,-47.5,5.2,,,,
9.074,9,Atta_9,315.0,2116.2,302.6,-47.1,1.5,,,,
9.074,10,Atta_10,210.9,2265.5,186.3,-84.3,1.7,,,,
9.143,1,Atta_1,168.8,84.8,283.1,76.5,-0.2,,,,
9.143,2,Atta_2,209.6,706.7,95.3,73.9,-3.3,,,,
9.143,3,Atta_3,300.7,695.2,276.4,26.6,5.1,,,,
9.143,4,Atta_4,325.2,946.3,28.9,63.8,6.9,,,,
9.143,5,Atta_5,291.4,1082.9,290.2,-22.3,-2.3,,,,
9.143,6,Atta_6,381.5,1484.2,240.3,-24.4,-5.1,,,,
9.143,7,Atta_7,296.8,1693.6,40.8,42.8,-1.0,,,,
9.143,8,Atta_8,356.1,1915.8,30.4,65.7,3.7,,,,
9.143,9,Atta_9,332.8,2044.4,296.6,74.0,-6.0,,,,
9.143,10,Atta_10,179.7,2350.6,189.4,90.6,3.1,,,,
9.212,1,Atta_1,169.6,97.6,287.2,-12.8,4.1,,,,
9.212,2,Atta_2,147.4,709.6,95.1,62.3,-0.2,,,,
9.212,3,Atta_3,257.0,730.8,284.3,-56.4,7.9,,,,
9.212,4,Atta_4,312.7,892.0,38.3,-55.7,9.4,,,,
9.212,5,Atta_5,346.3,1075.5,280.8,55.4,-9.4,,,,
9.212,6,Atta_6,411.3,1436.6,230.0,56.2,-10.3,,,,
9.212,7,Atta_7,295.5,1705.0,42.4,11.5,1.6,,,,
9.212,8,Atta_8,345.3,1889.7,37.9,-28.2,7.5,,,,
9.212,9,Atta_9,299.2,2081.5,300.5,-50.1,3.9,,,,
9.212,10,Atta_10,171.5,2350.8,187.8,8.2,-1.6,,,,
9.344,1,Atta_1,112.4,92.5,287.0,-57.4,-0.2,,,,
9.344,2,Atta_2,156.4,752.0,96.5,43.3,1.4,,,,
9.344,3,Atta_3,250.1,699.5,289.2,32.1,4.9,,,,
9.344,4,Atta_4,319.6,891.7,44.1,6.9,5.8,,,,
9.344,5,Atta_5,323.2,1110.4,278.4,-41.9,-2.4,,,,
9.344,6,Atta_6,354.5,1441.0,223.8,57.0,-6.2,,,,
9.344,7,Atta_7,314.3,1675.8,41.8,-34.7,-0.6,,,,
9.344,8,Atta_8,324.3,1822.7,45.5,-70.2,7.6,,,,
9.344,9,Atta_9,285.6,2042.8,307.3,41.0,6.8,,,,
9.344,10,Atta_10,170.1,2321.6,185.8,29.2,-2.0,,,,
9.412,1,Atta_1,151.9,115.5,292.5,-45.7,5.5,,,,
9.412,2,Atta_2,173.6,736.8,93.4,-23.0,-3.1,,,,
9.412,3,Atta_3,338.0,711.7,294.0,88.7,4.8,,,,
9.412,4,Atta_4,333.5,845.2,49.5,-48.5,5.4,,,,
9.412,5,Atta_5,292.8,1088.6,273.4,37.4,-5.0,,,,
9.412,6,Atta_6,392.6,1564.8,219.4,-129.5,-4.4,,,,
9.412,7,Atta_7,290.8,1653.9,40.7,-32.1,-1.1,,,,
9.412,8,Atta_8,339.9,1873.4,46.8,53.0,1.3,,,,
9.412,9,Atta_9,310.8,2096.6,315.6,-59.4,8.3,,,,
9.412,10,Atta_10,159.7,2370.8,188.8,50.3,3.0,,,,
9.473,1,Atta_1,131.7,106.6,286.1,22.1,-6.4,,,,
9.473,2,Atta_2,167.2,778.1,89.8,41.8,-3.6,,,,
9.473,3,Atta_3,349.6,657.3,299.2,55.6,5.2,,,,
9.473,4,Atta_4,321.4,856.6,53.5,16.6,4.0,,,,
9.473,5,Atta_5,332.9,1060.1,273.8,49.2,0.4,,,,
9.473,6,Atta_6,412.7,1484.2,215.8,83.1,-3.6,,,,
9.473,7,Atta_7,335.4,1712.2,43.9,73.4,3.2,,,,
9.473,8,Atta_8,289.4,1915.2,51.3,-65.6,4.5,,,,
9.473,9,Atta_9,243.4,2084.1,318.9,-68.5,3.3,,,,
9.473,10,Atta_10,147.7,2309.5,189.4,62.5,0.6,,,,
9.543,1,Atta_1,148.4,134.7,288.3,-32.7,2.2,,,,
9.543,2,Atta_2,146.7,717.2,87.1,-64.3,-2.7,,,,
9.543,3,Atta_3,289.9,765.3,298.2,-123.4,-1.0,,,,
9.543,4,Atta_4,325.2,929.4,55.8,72.9,2.3,,,,
9.543,5,Atta_5,312.8,1041.4,270.2,27.5,-3.6,,,,
9.543,6,Atta_6,425.8,1478.3,211.5,-14.4,-4.3,,,,
9.543,7,Atta_7,297.0,1760.4,42.1,61.6,-1.8,,,,
9.543,8,Atta_8,286.2,1827.9,55.8,-87.4,4.5,,,,
9.543,9,Atta_9,294.7,2101.5,318.8,54.2,-0.1,,,,
9.543,10,Atta_10,96.2,2331.2,186.7,55.9,-2.7,,,,
9.611,1,Atta_1,106.0,165.9,285.5,-52.6,-2.8,,,,
9.611,2,Atta_2,159.6,745.7,80.9,31.3,-6.2,,,,
9.611,3,Atta_3,338.5,667.3,300.8,109.4,2.6,,,,
9.611,4,Atta_4,294.0,877.6,59.9,-60.5,4.1,,,,
9.611,5,Atta_5,324.5,1034.4,275.1,13.6,4.9,,,,
9.611,6,Atta_6,432.0,1466.9,206.2,13.0,-5.3,,,,
9.611,7,Atta_7,359.8,1672.6,42.7,-107.9,0.6,,,,
9.611,8,Atta_8,334.1,1861.1,63.4,58.3,7.6,,,,
9.611,9,Atta_9,278.0,2062.2,326.6,42.7,7.8,,,,
9.611,10,Atta_10,151.7,2360.5,182.4,-62.8,-4.3,,,,
9.673,1,Atta_1,74.5,169.8,294.5,-31.7,9.0,,,,
9.673,2,Atta_2,189.3,750.2,81.1,30.0,0.2,,,,
9.673,3,Atta_3,280.4,662.6,300.3,-58.3,-0.5,,,,
9.673,4,Atta_4,302.7,938.7,63.1,61.7,3.2,,,,
9.673,5,Atta_5,325.0,1104.6,269.1,-70.2,-6.0,,,,
9.673,6,Atta_6,376.5,1464.8,204.3,55.5,-1.9,,,,
9.673,7,Atta_7,389.7,1752.1,47.3,84.9,4.6,,,,
9.673,8,Atta_8,382.4,1841.6,66.1,52.1,2.7,,,,
9.673,9,Atta_9,292.8,2080.5,332.5,23.5,5.9,,,,
9.673,10,Atta_10,150.7,2278.8,180.7,81.7,-1.7,,,,
9.739,1,Atta_1,123.3,180.4,297.9,49.9,3.4,,,,
9.739,2,Atta_2,176.9,749.5,76.2,-12.4,-4.9,,,,
9.739,3,Atta_3,335.5,711.6,297.5,-73.7,-2.8,,,,
9.739,4,Atta_4,326.3,844.0,65.9,-97.6,2.8,,,,
9.739,5,Atta_5,269.4,1088.3,270.0,57.9,0.9,,,,
9.739,6,Atta_6,417.5,1535.2,197.5,-81.5,-6.8,,,,
9.739,7,Atta_7,371.9,1794.7,42.8,46.2,-4.5,,,,
9.739,8,Atta_8,289.4,1907.9,70.5,114.2,4.4,,,,
9.739,9,Atta_9,270.1,2095.7,335.4,-27.3,2.9,,,,
9.739,10,Atta_10,95.1,2370.7,171.8,107.4,-8.9,,,,
9.805,1,Atta_1,132.4,134.3,299.4,47.0,1.5,,,,
9.805,2,Atta_2,152.1,731.6,68.4,-30.6,-7.8,,,,
9.805,3,Atta_3,306.7,635.6,296.7,81.3,-0.8,,,,
9.805,4,Atta_4,320.6,857.9,75.4,15.0,9.5,,,,
9.805,5,Atta_5,397.7,1088.7,270.4,-128.3,0.4,,,,
9.805,6,Atta_6,398.2,1463.6,195.5,74.2,-2.0,,,,
9.805,7,Atta_7,367.2,1734.4,42.6,-60.5,-0.2,,,,
9.805,8,Atta_8,316.4,1913.6,77.9,27.6,7.4,,,,
9.805,9,Atta_9,298.6,2080.2,341.3,32.4,5.9,,,,
9.805,10,Atta_10,114.2,2324.8,167.3,-49.7,-4.5,,,,
9.873,1,Atta_1,119.1,120.6,307.2,19.1,7.8,,,,
9.873,2,Atta_2,180.6,709.1,63.0,-36.3,-5.4,,,,
9.873,3,Atta_3,341.6,653.4,301.2,-39.2,4.5,,,,
9.873,4,Atta_4,321.8,833.0,81.4,-24.9,6.0,,,,
9.873,5,Atta_5,318.7,1094.9,272.9,-79.2,2.5,,,,
9.873,6,Atta_6,428.7,1465.4,191.8,-30.6,-3.7,,,,
9.873,7,Atta_7,345.3,1732.4,40.7,-22.0,-1.9,,,,
9.873,8,Atta_8,266.5,1875.5,79.6,-62.8,1.7,,,,
9.873,9,Atta_9,375.5,2082.8,342.1,76.9,0.8,,,,
9.873,10,Atta_10,127.4,2364.7,167.9,-42.0,0.6,,,,
9.927,1,Atta_1,164.7,160.8,310.4,-60.8,3.2,,,,
9.927,2,Atta_2,127.6,693.7,57.3,-55.2,-5.7,,,,
9.927,3,Atta_3,306.5,703.9,292.2,-61.5,-9.0,,,,
9.927,4,Atta_4,294.9,906.7,85.4,78.5,4.0,,,,
9.927,5,Atta_5,347.5,1085.6,270.1,30.3,-2.8,,,,
9.927,6,Atta_6,380.5,1525.1,186.7,76.7,-5.1,,,,
9.927,7,Atta_7,380.7,1751.7,41.6,40.3,0.9,,,,
9.927,8,Atta_8,304.0,1871.6,84.8,37.7,5.2,,,,
9.927,9,Atta_9,336.8,2083.0,348.3,-38.7,6.2,,,,
9.927,10,Atta_10,155.2,2342.0,158.7,-35.9,-9.2,,,,
9.992,1,Atta_1,173.1,199.1,313.3,-39.2,2.9,,,,
9.992,2,Atta_2,169.0,723.9,58.8,51.2,1.5,,,,
9.992,3,Atta_3,250.7,728.3,285.4,-60.9,-6.8,,,,
9.992,4,Atta_4,352.4,869.6,88.6,-68.4,3.2,,,,
9.992,5,Atta_5,296.7,1060.7,276.4,56.6,6.3,,,,
9.992,6,Atta_6,399.0,1488.0,179.9,-41.5,-6.8,,,,
9.992,7,Atta_7,360.6,1791.1,43.0,44.2,1.4,,,,
9.992,8,Atta_8,344.0,1865.9,93.0,-40.4,8.2,,,,
9.992,9,Atta_9,305.4,2049.7,352.4,-45.8,4.1,,,,
9.992,10,Atta_10,137.1,2339.7,154.1,18.2,-4.6,,,,
10.046,1,Atta_1,131.6,174.6,318.1,-48.2,4.8,,,,
10.046,2,Atta_2,216.4,680.9,56.8,-64.0,-2.0,,,,
10.046,3,Atta_3,352.0,689.6,282.4,108.4,-3.0,,,,
10.046,4,Atta_4,312.5,910.9,94.4,57.4,5.8,,,,
10.046,5,Atta_5,290.7,1083.4,271.3,-23.5,-5.1,,,,
10.046,6,Atta_6,408.4,1512.1,176.3,-25.9,-3.6,,,,
10.046,7,Atta_7,389.2,1765.7,43.0,38.3,0.0,,,,
10.046,8,Atta_8,276.9,1864.0,91.9,67.1,-1.1,,,,
10.046,9,Atta_9,308.9,2035.2,356.9,14.9,4.5,,,,
10.046,10,Atta_10,108.9,2322.6,153.1,33.0,-1.0,,,,
10.115,1,Atta_1,152.7,192.6,326.1,27.7,8.0,,,,
10.115,2,Atta_2,126.8,692.0,53.1,-90.3,-3.7,,,,
10.115,3,Atta_3,271.8,687.3,278.0,-80.2,-4.4,,,,
10.115,4,Atta_4,341.5,896.9,96.5,-32.2,2.1,,,,
10.115,5,Atta_5,269.6,1068.2,270.7,26.0,-0.6,,,,
10.115,6,Atta_6,360.6,1434.0,169.7,91.6,-6.6,,,,
10.115,7,Atta_7,413.7,1771.2,40.5,25.1,-2.5,,,,
10.115,8,Atta_8,307.9,1879.6,100.8,34.7,8.9,,,,
10.115,9,Atta_9,297.0,2067.8,1.3,-34.7,4.4,,,,
10.115,10,Atta_10,113.7,2356.4,144.3,34.1,-8.8,,,,
10.181,1,Atta_1,152.5,139.3,326.2,53.3,0.1,,,,
10.181,2,Atta_2,197.8,703.1,53.3,71.9,0.2,,,,
10.181,3,Atta_3,299.9,673.5,274.4,31.3,-3.6,,,,
10.181,4,Atta_4,334.5,888.0,102.6,-11.3,6.1,,,,
10.181,5,Atta_5,331.8,1104.8,272.7,-72.2,2.0,,,,
10.181,6,Atta_6,422.9,1437.9,167.6,-62.4,-2.1,,,,
10.181,7,Atta_7,435.0,1797.9,41.0,34.2,0.5,,,,
10.181,8,Atta_8,265.6,1895.5,101.7,45.2,0.9,,,,
10.181,9,Atta_9,298.4,2078.5,5.1,10.8,3.8,,,,
10.181,10,Atta_10,67.7,2291.6,145.8,-79.5,1.5,,,,
10.247,1,Atta_1,131.9,192.4,332.0,-57.0,5.8,,,,
10.247,2,Atta_2,201.2,663.2,54.8,-40.0,1.5,,,,
10.247,3,Atta_3,263.6,717.1,272.4,-56.7,-2.0,,,,
10.247,4,Atta_4,304.3,831.8,103.0,-63.8,0.4,,,,
10.247,5,Atta_5,359.7,1099.9,273.8,28.3,1.1,,,,
10.247,6,Atta_6,394.5,1450.7,167.0,31.2,-0.6,,,,
10.247,7,Atta_7,374.3,1747.8,44.4,-78.7,3.4,,,,
10.247,8,Atta_8,299.4,1866.4,107.1,-44.6,5.4,,,,
10.247,9,Atta_9,284.1,2102.6,13.1,-28.0,8.0,,,,
10.247,10,Atta_10,156.4,2317.1,140.8,-92.3,-5.0,,,,
10.313,1,Atta_1,109.4,223.3,336.3,-38.2,4.3,,,,
10.313,2,Atta_2,141.3,663.1,57.5,-59.9,2.7,,,,
10.313,3,Atta_3,334.7,697.9,267.3,73.6,-5.1,,,,
10.313,4,Atta_4,319.3,848.9,110.5,22.7,7.5,,,,
10.313,5,Atta_5,332.3,1095.9,274.0,27.7,0.2,,,,
10.313,6,Atta_6,423.9,1432.1,169.2,-34.8,2.2,,,,
10.313,7,Atta_7,397.2,1817.4,44.3,73.3,-0.1,,,,
10.313,8,Atta_8,280.0,1890.2,111.7,30.7,4.6,,,,
10.313,9,Atta_9,315.7,2116.8,14.3,34.6,1.2,,,,
10.313,10,Atta_10,137.9,2269.4,146.1,-51.2,5.3,,,,
10.382,1,Atta_1,157.7,202.5,342.7,52.6,6.4,,,,
10.382,2,Atta_2,157.7,782.5,51.4,120.5,-6.1,,,,
10.382,3,Atta_3,352.5,698.9,262.5,-17.8,-4.8,,,,
10.382,4,Atta_4,301.5,898.4,114.2,52.6,3.7,,,,
10.382,5,Atta_5,350.1,1043.1,271.6,55.7,-2.4,,,,
10.382,6,Atta_6,385.8,1453.2,164.8,43.6,-4.4,,,,
10.382,7,Atta_7,406.4,1805.3,39.7,-15.2,-4.6,,,,
10.382,8,Atta_8,283.4,1921.8,116.0,31.8,4.3,,,,
10.382,9,Atta_9,315.1,2090.2,19.8,-26.6,5.5,,,,
10.382,10,Atta_10,107.8,2318.5,143.3,57.6,-2.8,,,,
10.502,1,Atta_1,168.3,173.8,343.6,30.6,0.9,,,,
10.502,2,Atta_2,166.3,763.2,55.5,-21.1,4.1,,,,
10.502,3,Atta_3,332.5,623.6,253.8,77.9,-8.7,,,,
10.502,4,Atta_4,349.3,871.9,119.2,-54.7,5.0,,,,
10.502,5,Atta_5,279.5,1069.9,273.4,-75.5,1.8,,,,
10.502,6,Atta_6,375.5,1480.1,168.1,28.8,3.3,,,,
10.502,7,Atta_7,410.1,1773.4,42.9,-32.1,3.2,,,,
10.502,8,Atta_8,292.5,1911.6,119.0,-13.7,3.0,,,,
10.502,9,Atta_9,333.3,2112.3,24.3,28.6,4.5,,,,
10.502,10,Atta_10,177.0,2351.3,144.2,-76.6,0.9,,,,
10.571,1,Atta_1,123.9,173.8,346.8,-44.4,3.2,,,,
10.571,2,Atta_2,174.1,764.8,49.9,8.0,-5.6,,,,
10.571,3,Atta_3,297.5,691.1,252.2,-76.0,-1.6,,,,
10.571,4,Atta_4,335.0,882.1,125.9,17.6,6.7,,,,
10.571,5,Atta_5,336.0,1119.7,273.6,-75.3,0.2,,,,
10.571,6,Atta_6,343.8,1487.9,169.7,32.6,1.6,,,,
10.571,7,Atta_7,468.5,1838.2,42.9,87.2,0.0,,,,
10.571,8,Atta_8,302.6,1928.6,126.3,19.8,7.3,,,,
10.571,9,Atta_9,275.4,2117.4,27.5,-58.1,3.2,,,,
10.571,10,Atta_10,89.0,2407.7,144.1,104.5,-0.1,,,,
10.632,1,Atta_1,150.6,180.4,349.3,27.5,2.5,,,,
10.632,2,Atta_2,214.8,714.3,57.4,-64.9,7.5,,,,
10.632,3,Atta_3,377.9,661.1,250.5,85.8,-1.7,,,,
10.632,4,Atta_4,284.2,940.1,130.1,77.1,4.2,,,,
10.632,5,Atta_5,280.7,1171.2,275.1,-75.6,1.5,,,,
10.632,6,Atta_6,353.2,1422.6,167.7,-66.0,-2.0,,,,
10.632,7,Atta_7,454.1,1781.9,41.3,-58.1,-1.6,,,,
10.632,8,Atta_8,329.3,1848.7,126.1,-84.2,-0.2,,,,
10.632,9,Atta_9,339.2,2103.4,34.7,65.3,7.2,,,,
10.632,10,Atta_10,139.1,2312.0,144.2,-108.0,0.1,,,,
10.703,1,Atta_1,114.8,146.9,350.8,-49.0,1.5,,,,
10.703,2,Atta_2,228.2,763.5,55.5,51.0,-1.9,,,,
10.703,3,Atta_3,305.4,679.0,248.4,74.7,-2.1,,,,
10.703,4,Atta_4,245.3,891.1,131.7,-62.6,1.6,,,,
10.703,5,Atta_5,248.5,1112.1,283.5,67.3,8.4,,,,
10.703,6,Atta_6,434.1,1510.2,166.5,-119.2,-1.2,,,,
10.703,7,Atta_7,448.3,1794.6,43.3,14.0,2.0,,,,
10.703,8,Atta_8,294.8,1914.7,134.3,74.5,8.2,,,,
10.703,9,Atta_9,300.0,2113.3,37.6,-40.4,2.9,,,,
10.703,10,Atta_10,107.4,2310.5,143.9,31.7,-0.3,,,,
10.771,1,Atta_1,86.3,148.8,348.7,-28.6,-2.1,,,,
10.771,2,Atta_2,270.1,727.0,51.3,-55.6,-4.2,,,,
10.771,3,Atta_3,350.6,700.4,238.0,-50.0,-10.4,,,,
10.771,4,Atta_4,325.7,875.1,138.2,-82.0,6.5,,,,
10.771,5,Atta_5,335.5,1097.6,288.1,88.2,4.6,,,,
10.771,6,Atta_6,322.5,1508.3,172.8,111.6,6.3,,,,
10.771,7,Atta_7,499.0,1858.3,43.1,81.4,-0.2,,,,
10.771,8,Atta_8,311.0,1846.4,137.9,-70.2,3.6,,,,
10.771,9,Atta_9,305.0,2068.6,39.9,-45.0,2.3,,,,
10.771,10,Atta_10,89.6,2330.7,140.0,26.9,-3.9,,,,
10.842,1,Atta_1,119.2,185.1,343.6,49.0,-5.1,,,,
10.842,2,Atta_2,214.1,785.2,48.1,80.8,-3.2,,,,
10.842,3,Atta_3,271.4,713.4,234.1,80.3,-3.9,,,,
10.842,4,Atta_4,368.6,871.8,139.1,-43.0,0.9,,,,
10.842,5,Atta_5,274.1,1078.4,294.3,-64.3,6.2,,,,
10.842,6,Atta_6,354.7,1485.7,170.6,-39.3,-2.2,,,,
10.842,7,Atta_7,483.4,1892.9,37.3,38.0,-5.8,,,,
10.842,8,Atta_8,340.6,1897.6,143.5,59.1,5.6,,,,
10.842,9,Atta_9,306.4,2100.3,44.7,31.7,4.8,,,,
10.842,10,Atta_10,79.5,2314.2,139.9,-19.3,-0.1,,,,
10.899,1,Atta_1,152.7,157.1,348.7,43.7,5.1,,,,
10.899,2,Atta_2,183.8,744.3,51.8,-50.9,3.7,,,,
10.899,3,Atta_3,317.6,718.6,230.8,-46.5,-3.3,,,,
10.899,4,Atta_4,302.8,895.3,149.2,69.9,10.1,,,,
10.899,5,Atta_5,314.5,1130.5,294.6,-65.9,0.3,,,,
10.899,6,Atta_6,293.8,1501.0,170.1,62.8,-0.5,,,,
10.899,7,Atta_7,474.6,1819.2,40.4,-74.2,3.1,,,,
10.899,8,Atta_8,314.9,1894.7,147.1,25.9,3.6,,,,
10.899,9,Atta_9,226.2,2098.0,50.3,-80.2,5.6,,,,
10.899,10,Atta_10,140.0,2331.5,139.7,-62.9,-0.2,,,,
10.969,1,Atta_1,143.7,154.2,345.2,-9.5,-3.5,,,,
10.969,2,Atta_2,219.0,733.4,49.7,36.8,-2.1,,,,
10.969,3,Atta_3,289.4,684.6,225.5,44.2,-5.3,,,,
10.969,4,Atta_4,336.8,904.1,149.3,-35.1,0.1,,,,
10.969,5,Atta_5,341.8,1150.4,302.8,-33.8,8.2,,,,
10.969,6,Atta_6,353.0,1488.8,169.7,-60.4,-0.4,,,,
10.969,7,Atta_7,480.4,1844.8,31.0,26.2,-9.4,,,,
10.969,8,Atta_8,286.4,1883.8,148.2,30.5,1.1,,,,
10.969,9,Atta_9,294.4,2113.0,53.5,69.8,3.2,,,,
10.969,10,Atta_10,136.6,2310.8,136.6,-21.0,-3.1,,,,
11.023,1,Atta_1,201.9,129.4,348.6,63.3,3.4,,,,
11.023,2,Atta_2,193.1,758.2,51.5,35.9,1.8,,,,
11.023,3,Atta_3,309.1,723.1,222.8,-43.2,-2.7,,,,
11.023,4,Atta_4,289.8,933.3,147.3,55.3,-2.0,,,,
11.023,5,Atta_5,290.6,1081.7,305.9,85.7,3.1,,,,
11.023,6,Atta_6,298.5,1455.6,168.6,63.8,-1.1,,,,
11.023,7,Atta_7,522.2,1856.3,25.3,43.4,-5.7,,,,
11.023,8,Atta_8,285.9,1826.3,150.1,-57.5,1.9,,,,
11.023,9,Atta_9,304.5,2081.3,59.7,-33.3,6.2,,,,
11.023,10,Atta_10,179.5,2262.2,144.0,-64.8,7.4,,,,
11.093,1,Atta_1,148.7,147.7,349.2,-56.3,0.6,,,,
11.093,2,Atta_2,209.2,673.0,51.8,-86.7,0.3,,,,
11.093,3,Atta_3,348.4,658.2,215.0,75.9,-7.8,,,,
11.093,4,Atta_4,291.2,914.5,148.5,-18.9,1.2,,,,
11.093,5,Atta_5,347.0,1116.4,312.8,66.2,6.9,,,,
11.093,6,Atta_6,243.9,1523.6,168.7,87.2,0.1,,,,
11.093,7,Atta_7,489.5,1870.1,23.3,-35.5,-2.0,,,,
11.093,8,Atta_8,244.6,1909.4,145.6,92.8,-4.5,,,,
11.093,9,Atta_9,329.9,2092.0,64.7,27.6,5.0,,,,
11.093,10,Atta_10,172.2,2308.0,141.2,46.4,-2.8,,,,
11.161,1,Atta_1,209.1,220.4,346.0,94.5,-3.2,,,,
11.161,2,Atta_2,130.6,730.5,48.5,-97.4,-3.3,,,,
11.161,3,Atta_3,278.6,716.4,215.8,90.9,0.8,,,,
11.161,4,Atta_4,297.0,852.3,146.0,-62.5,-2.5,,,,
11.161,5,Atta_5,365.1,1107.3,316.0,20.3,3.2,,,,
11.161,6,Atta_6,284.5,1468.5,167.1,-68.4,-1.6,,,,
11.161,7,Atta_7,455.1,1823.5,20.6,-57.9,-2.7,,,,
11.161,8,Atta_8,318.4,1893.5,150.1,-75.5,4.5,,,,
11.161,9,Atta_9,288.3,2135.7,69.5,60.3,4.8,,,,
11.161,10,Atta_10,171.3,2257.9,140.7,-50.1,-0.5,,,,
11.228,1,Atta_1,215.1,152.9,346.2,67.8,0.2,,,,
11.228,2,Atta_2,114.5,710.4,55.9,-25.8,7.4,,,,
11.228,3,Atta_3,372.9,672.3,206.7,-104.1,-9.1,,,,
11.228,4,Atta_4,331.4,909.9,146.9,67.1,0.9,,,,
11.228,5,Atta_5,304.8,1085.0,317.5,-64.3,1.5,,,,
11.228,6,Atta_6,278.4,1481.5,171.0,14.4,3.9,,,,
11.228,7,Atta_7,500.1,1849.3,10.7,51.9,-9.9,,,,
11.228,8,Atta_8,329.9,1882.2,147.1,-16.1,-3.0,,,,
11.228,9,Atta_9,268.6,2101.6,70.2,-39.4,0.7,,,,
11.228,10,Atta_10,162.8,2301.3,131.4,44.2,-9.3,,,,
11.299,1,Atta_1,199.3,195.9,344.5,-45.8,-1.7,,,,
11.299,2,Atta_2,147.6,731.2,58.1,39.1,2.2,,,,
11.299,3,Atta_3,373.6,709.5,200.0,-37.2,-6.7,,,,
11.299,4,Atta_4,324.5,883.6,148.2,-27.2,1.3,,,,
11.299,5,Atta_5,301.2,1090.7,324.5,-6.7,7.0,,,,
11.299,6,Atta_6,222.5,1491.6,167.7,56.8,-3.3,,,,
11.299,7,Atta_7,475.2,1781.3,9.4,-72.4,-1.3,,,,
11.299,8,Atta_8,312.1,1909.6,147.6,32.7,0.5,,,,
11.299,9,Atta_9,317.0,2041.1,80.4,-77.5,10.2,,,,
11.299,10,Atta_10,144.1,2268.4,132.1,-37.8,0.7,,,,
11.361,1,Atta_1,205.7,128.0,349.1,68.2,4.6,,,,
11.361,2,Atta_2,193.7,639.5,59.3,-102.6,1.2,,,,
11.361,3,Atta_3,295.5,678.5,199.7,84.0,-0.3,,,,
11.361,4,Atta_4,259.9,869.6,145.6,66.1,-2.6,,,,
11.361,5,Atta_5,294.7,1117.0,329.3,-27.1,4.8,,,,
11.361,6,Atta_6,244.1,1544.0,167.5,-56.7,-0.2,,,,
11.361,7,Atta_7,474.0,1870.5,5.8,89.2,-3.6,,,,
11.361,8,Atta_8,301.0,1913.2,143.7,11.7,-3.9,,,,
11.361,9,Atta_9,334.0,2131.8,82.6,92.3,2.2,,,,
11.361,10,Atta_10,126.9,2279.1,127.7,20.3,-4.4,,,,
11.432,1,Atta_1,196.9,168.3,351.7,-41.2,2.6,,,,
11.432,2,Atta_2,82.3,742.7,68.1,151.9,8.8,,,,
11.432,3,Atta_3,331.6,668.0,196.6,-37.6,-3.1,,,,
11.432,4,Atta_4,262.7,872.9,146.2,-4.3,0.6,,,,
11.432,5,Atta_5,317.4,1138.2,327.6,31.1,-1.7,,,,
11.432,6,Atta_6,309.8,1454.1,167.9,-111.3,0.4,,,,
11.432,7,Atta_7,508.8,1913.1,2.9,55.0,-2.9,,,,
11.432,8,Atta_8,267.0,1906.8,146.8,34.6,3.1,,,,
11.432,9,Atta_9,357.5,2008.8,87.2,-125.2,4.6,,,,
11.432,10,Atta_10,188.1,2364.2,121.9,104.8,-5.8,,,,
11.499,1,Atta_1,271.0,126.2,348.0,85.2,-3.7,,,,
11.499,2,Atta_2,156.3,768.9,71.9,78.5,3.8,,,,
11.499,3,Atta_3,261.1,685.1,192.8,72.5,-3.8,,,,
11.499,4,Atta_4,258.9,916.4,149.9,43.7,3.7,,,,
11.499,5,Atta_5,299.5,1114.3,328.9,-29.9,1.3,,,,
11.499,6,Atta_6,226.5,1535.4,168.5,116.4,0.6,,,,
11.499,7,Atta_7,482.5,1842.2,359.9,-75.6,-3.0,,,,
11.499,8,Atta_8,315.8,1869.9,146.9,-61.2,0.1,,,,
11.499,9,Atta_9,289.9,2060.6,93.5,85.2,6.3,,,,
11.499,10,Atta_10,200.1,2277.0,115.6,-88.0,-6.3,,,,
11.565,1,Atta_1,223.3,135.9,351.3,-48.7,3.3,,,,
11.565,2,Atta_2,143.2,695.4,76.7,-74.7,4.8,,,,
11.565,3,Atta_3,273.6,705.8,186.0,-24.2,-6.8,,,,
11.565,4,Atta_4,244.8,913.4,146.9,14.4,-3.0,,,,
11.565,5,Atta_5,285.5,1084.7,326.4,32.7,-2.5,,,,
11.565,6,Atta_6,264.1,1558.1,168.3,-43.9,-0.2,,,,
11.565,7,Atta_7,462.2,1809.0,353.4,-38.9,-6.5,,,,
11.565,8,Atta_8,276.4,1984.0,144.6,120.7,-2.3,,,,
11.565,9,Atta_9,246.5,2094.4,94.3,55.0,0.8,,,,
11.565,10,Atta_10,136.2,2258.9,115.4,66.4,-0.2,,,,
11.631,1,Atta_1,240.9,167.5,354.9,36.2,3.6,,,,
11.631,2,Atta_2,108.1,682.2,83.2,-37.5,6.5,,,,
11.631,3,Atta_3,279.7,690.8,184.4,-16.2,-1.6,,,,
11.631,4,Atta_4,209.2,926.0,143.3,37.8,-3.6,,,,
11.631,5,Atta_5,300.1,1160.2,325.6,-76.9,-0.8,,,,
11.631,6,Atta_6,171.4,1535.4,171.9,95.4,3.6,,,,
11.631,7,Atta_7,457.6,1921.4,348.0,-112.5,-5.4,,,,
11.631,8,Atta_8,234.2,1927.4,146.5,70.6,1.9,,,,
11.631,9,Atta_9,296.7,2112.2,99.1,53.3,4.8,,,,
11.631,10,Atta_10,166.3,2275.3,107.1,34.3,-8.3,,,,
11.697,1,Atta_1,281.1,189.7,358.3,45.9,3.4,,,,
11.697,2,Atta_2,166.7,696.3,86.5,60.3,3.3,,,,
11.697,3,Atta_3,332.6,747.0,174.9,-77.2,-9.5,,,,
11.697,4,Atta_4,227.8,901.3,147.6,-30.9,4.3,,,,
11.697,5,Atta_5,319.4,1110.2,331.2,53.6,5.6,,,,
11.697,6,Atta_6,203.7,1541.1,167.7,-32.8,-4.2,,,,
11.697,7,Atta_7,453.8,1800.6,342.0,120.9,-6.0,,,,
11.697,8,Atta_8,204.2,1976.8,146.8,57.8,0.3,,,,
11.697,9,Atta_9,347.0,2105.8,104.6,-50.7,5.5,,,,
11.697,10,Atta_10,138.4,2275.7,105.7,27.9,-1.4,,,,
11.766,1,Atta_1,250.1,146.0,4.4,-53.6,6.1,,,,
11.766,2,Atta_2,197.4,710.3,90.3,33.7,3.8,,,,
11.766,3,Atta_3,285.1,705.4,172.8,63.1,-2.1,,,,
11.766,4,Atta_4,211.6,931.6,145.9,34.4,-1.7,,,,
11.766,5,Atta_5,303.6,1097.7,331.5,-20.1,0.3,,,,
11.766,6,Atta_6,221.4,1545.2,172.1,-18.2,4.4,,,,
11.766,7,Atta_7,499.6,1879.4,336.4,91.1,-5.6,,,,
11.766,8,Atta_8,276.6,1922.9,146.7,-90.3,-0.1,,,,
11.766,9,Atta_9,325.9,2056.2,110.3,-53.9,5.7,,,,
11.766,10,Atta_10,212.5,2337.5,96.8,96.5,-8.9,,,,
11.833,1,Atta_1,293.5,116.9,8.5,52.3,4.1,,,,
11.833,2,Atta_2,128.4,737.2,91.5,74.1,1.2,,,,
11.833,3,Atta_3,316.6,696.3,165.1,-32.8,-7.7,,,,
11.833,4,Atta_4,277.7,973.3,144.0,-78.2,-1.9,,,,
11.833,5,Atta_5,328.4,1108.3,330.0,27.0,-1.5,,,,
11.833,6,Atta_6,239.5,1512.5,182.8,-37.4,10.7,,,,
11.833,7,Atta_7,502.2,1854.5,335.4,25.0,-1.0,,,,
11.833,8,Atta_8,197.4,1898.0,151.5,83.0,4.8,,,,
11.833,9,Atta_9,317.7,2096.3,114.2,40.9,3.9,,,,
11.833,10,Atta_10,155.6,2304.5,92.5,-65.8,-4.3,,,,
11.902,1,Atta_1,262.3,127.9,12.3,-33.1,3.8,,,,
11.902,2,Atta_2,143.1,664.5,100.0,-74.2,8.5,,,,
11.902,3,Atta_3,281.0,637.1,169.0,69.1,3.9,,,,
11.902,4,Atta_4,250.6,943.1,148.9,40.6,4.9,,,,
11.902,5,Atta_5,330.5,1080.9,331.9,27.5,1.9,,,,
11.902,6,Atta_6,172.9,1555.4,179.9,79.2,-2.9,,,,
11.902,7,Atta_7,476.2,1902.9,333.2,-54.9,-2.2,,,,
11.902,8,Atta_8,212.2,1978.4,148.6,81.8,-2.9,,,,
11.902,9,Atta_9,351.2,2048.2,114.2,-58.6,0.0,,,,
11.902,10,Atta_10,184.6,2277.0,89.1,-40.0,-3.4,,,,
11.953,1,Atta_1,308.6,142.2,16.8,48.5,4.5,,,,
11.953,2,Atta_2,184.3,708.8,103.7,60.5,3.7,,,,
11.953,3,Atta_3,340.6,698.2,173.2,-85.4,4.2,,,,
11.953,4,Atta_4,178.3,974.0,143.5,78.6,-5.4,,,,
11.953,6,Atta_6,230.2,1526.0,189.0,-64.4,9.1,,,,
11.953,7,Atta_7,527.7,1882.1,324.7,55.5,-8.5,,,,
11.953,8,Atta_8,208.7,1975.8,146.4,4.4,-2.2,,,,
11.953,9,Atta_9,316.6,2082.2,118.6,48.5,4.4,,,,
11.953,10,Atta_10,169.9,2346.7,84.2,71.2,-4.9,,,,
12.023,1,Atta_1,280.6,134.7,23.7,-29.0,6.9,,,,
12.023,2,Atta_2,202.9,689.3,104.8,-26.9,1.1,,,,
12.023,3,Atta_3,343.8,686.6,169.6,-12.0,-3.6,,,,
12.023,4,Atta_4,200.6,904.9,147.0,-72.6,3.5,,,,
12.023,5,Atta_5,330.3,1024.9,331.9,56.0,0.0,,,,
12.023,6,Atta_6,194.8,1471.7,191.4,64.8,2.4,,,,
12.023,7,Atta_7,515.4,1882.4,322.5,-12.3,-2.2,,,,
12.023,8,Atta_8,224.0,1907.0,147.5,-70.5,1.1,,,,
12.023,10,Atta_10,80.7,2260.0,86.9,-124.4,2.7,,,,
12.143,1,Atta_1,214.4,91.2,25.0,-79.2,1.3,,,,
12.143,2,Atta_2,198.5,687.5,110.8,-4.8,6.0,,,,
12.143,3,Atta_3,332.0,656.2,166.8,32.6,-2.8,,,,
12.143,4,Atta_4,215.9,978.7,148.3,75.4,1.3,,,,
12.143,5,Atta_5,404.1,1112.9,328.6,114.8,-3.3,,,,
12.143,6,Atta_6,207.0,1498.4,199.4,-29.4,8.0,,,,
12.143,7,Atta_7,436.8,1883.7,314.2,-78.6,-8.3,,,,
12.143,8,Atta_8,177.5,1948.0,146.9,62.0,-0.6,,,,
12.143,9,Atta_9,352.2,2039.4,120.3,-55.7,1.7,,,,
12.143,10,Atta_10,143.2,2295.9,83.5,72.1,-3.4,,,,
12.212,1,Atta_1,288.4,208.0,32.9,138.3,7.9,,,,
12.212,2,Atta_2,140.1,736.4,108.9,76.2,-1.9,,,,
12.212,3,Atta_3,295.3,712.2,166.4,67.0,-0.4,,,,
12.212,4,Atta_4,138.6,1024.6,148.5,89.9,0.2,,,,
12.212,5,Atta_5,412.3,1032.2,328.5,81.1,-0.1,,,,
12.212,6,Atta_6,224.6,1527.0,197.8,-33.6,-1.6,,,,
12.212,7,Atta_7,524.7,1893.8,312.4,88.5,-1.8,,,,
12.212,8,Atta_8,180.9,2006.5,147.2,58.6,0.3,,,,
12.212,9,Atta_9,281.5,2114.0,119.2,102.8,-1.1,,,,
12.212,10,Atta_10,169.4,2262.4,82.7,-42.5,-0.8,,,,
12.281,1,Atta_1,248.3,192.3,37.5,-43.1,4.6,,,,
12.281,2,Atta_2,187.5,727.9,109.9,-48.2,1.0,,,,
12.281,3,Atta_3,279.2,685.1,168.6,31.5,2.2,,,,
12.281,4,Atta_4,126.5,998.9,153.0,-28.4,4.5,,,,
12.281,5,Atta_5,391.3,1083.9,327.5,-55.8,-1.0,,,,
12.281,6,Atta_6,193.6,1485.9,210.5,51.5,12.7,,,,
12.281,7,Atta_7,439.3,1847.8,300.4,-97.0,-12.0,,,,
12.281,8,Atta_8,180.7,1962.0,147.6,-44.5,0.4,,,,
12.281,9,Atta_9,307.2,2084.1,121.3,-39.4,2.1,,,,
12.281,10,Atta_10,126.0,2275.3,81.8,45.3,-0.9,,,,
12.415,1,Atta_1,232.4,181.1,44.7,-19.4,7.2,,,,
12.415,2,Atta_2,178.4,685.1,104.2,-43.8,-5.7,,,,
12.415,3,Atta_3,337.5,657.5,169.4,-64.5,0.8,,,,
12.415,4,Atta_4,134.9,1041.5,148.0,43.4,-5.0,,,,
12.415,5,Atta_5,420.0,1105.5,328.9,35.9,1.4,,,,
12.415,6,Atta_6,244.2,1481.7,214.2,-50.8,3.7,,,,
12.415,7,Atta_7,497.6,1870.1,298.7,62.4,-1.7,,,,
12.415,8,Atta_8,112.5,2003.8,147.3,80.0,-0.3,,,,
12.415,9,Atta_9,324.2,2111.5,119.8,32.2,-1.5,,,,
12.415,10,Atta_10,201.5,2276.2,85.8,75.5,4.0,,,,
12.484,1,Atta_1,269.8,118.5,46.7,-72.9,2.0,,,,
12.484,2,Atta_2,155.9,723.6,107.8,44.6,3.6,,,,
12.484,3,Atta_3,378.7,735.4,167.0,-88.1,-2.4,,,,
12.484,4,Atta_4,114.2,983.3,146.3,-61.8,-1.7,,,,
12.484,5,Atta_5,394.0,1008.7,337.2,100.2,8.3,,,,
12.484,6,Atta_6,192.9,1517.2,224.1,62.4,9.9,,,,
12.484,7,Atta_7,465.8,1846.5,288.6,39.6,-10.1,,,,
12.484,8,Atta_8,110.6,2000.3,143.5,-4.0,-3.8,,,,
12.484,9,Atta_9,286.8,2158.9,119.3,60.4,-0.5,,,,
12.484,10,Atta_10,161.6,2361.6,85.5,94.3,-0.3,,,,
12.554,1,Atta_1,245.9,123.4,45.1,-24.4,-1.6,,,,
12.554,2,Atta_2,138.2,804.0,108.9,82.3,1.1,,,,
12.554,3,Atta_3,345.0,694.6,167.8,52.9,0.8,,,,
12.554,4,Atta_4,91.8,978.0,149.3,23.0,3.0,,,,
12.554,5,Atta_5,394.7,1032.3,338.7,-23.6,1.5,,,,
12.554,6,Atta_6,184.0,1492.4,224.2,26.3,0.1,,,,
12.554,7,Atta_7,529.2,1879.4,283.8,-71.4,-4.8,,,,
12.554,8,Atta_8,132.0,1983.2,145.4,-27.4,1.9,,,,
12.554,9,Atta_9,267.8,2180.3,120.0,28.6,0.7,,,,
12.554,10,Atta_10,154.2,2303.9,83.7,-58.2,-1.8,,,,
12.685,1,Atta_1,323.7,131.3,44.4,78.2,-0.7,,,,
12.685,2,Atta_2,157.8,711.1,108.2,-94.9,-0.7,,,,
12.685,3,Atta_3,374.6,679.8,167.0,-33.1,-0.8,,,,
12.685,4,Atta_4,113.9,1031.0,148.8,57.4,-0.5,,,,
12.685,5,Atta_5,375.9,1052.4,347.3,-27.5,8.6,,,,
12.685,6,Atta_6,241.6,1508.0,229.1,-59.7,4.9,,,,
12.685,7,Atta_7,521.8,1866.1,281.6,15.2,-2.2,,,,
12.685,8,Atta_8,85.8,2014.3,147.0,55.7,1.6,,,,
12.685,9,Atta_9,248.5,2157.1,116.4,-30.2,-3.6,,,,
12.685,10,Atta_10,201.3,2281.3,84.2,-52.2,0.5,,,,
12.754,1,Atta_1,296.4,139.4,44.4,-28.5,0.0,,,,
12.754,2,Atta_2,153.6,785.4,106.7,74.4,-1.5,,,,
12.754,3,Atta_3,360.7,755.5,159.3,77.0,-7.7,,,,
12.754,4,Atta_4,131.7,1010.8,140.0,-26.9,-8.8,,,,
12.754,5,Atta_5,413.9,1039.1,356.3,40.3,9.0,,,,
12.754,6,Atta_6,188.5,1520.5,241.5,54.6,12.4,,,,
12.754,7,Atta_7,466.8,1910.9,270.0,-70.9,-11.6,,,,
12.754,8,Atta_8,55.6,1992.9,143.5,37.0,-3.5,,,,
12.754,9,Atta_9,252.7,2103.1,122.6,-54.2,6.2,,,,
12.754,10,Atta_10,199.6,2381.6,81.5,100.3,-2.7,,,,
12.886,1,Atta_1,249.7,153.9,47.6,-48.9,3.2,,,,
12.886,2,Atta_2,162.7,771.5,109.1,-16.6,2.4,,,,
12.886,3,Atta_3,379.2,665.3,150.4,-92.1,-8.9,,,,
12.886,4,Atta_4,103.5,1031.3,142.8,34.9,2.8,,,,
12.886,5,Atta_5,427.1,1104.6,358.7,66.8,2.4,,,,
12.886,6,Atta_6,208.9,1537.5,241.1,-26.6,-0.4,,,,
12.886,7,Atta_7,470.7,1853.7,266.9,57.3,-3.1,,,,
12.886,8,Atta_8,106.0,2034.0,146.6,-65.0,3.1,,,,
12.886,9,Atta_9,269.6,2144.8,119.8,45.0,-2.8,,,,
12.886,10,Atta_10,160.5,2431.8,82.3,63.6,0.8,,,,
12.959,1,Atta_1,258.6,159.0,47.8,10.3,0.2,,,,
12.959,2,Atta_2,121.0,823.2,111.0,66.4,1.9,,,,
12.959,3,Atta_3,429.0,678.3,152.8,-51.5,2.4,,,,
12.959,4,Atta_4,116.6,1002.0,144.4,-32.1,1.6,,,,
12.959,5,Atta_5,469.7,1066.7,6.4,57.0,7.7,,,,
12.959,6,Atta_6,210.7,1497.6,247.1,39.9,6.0,,,,
12.959,7,Atta_7,473.9,1893.0,274.1,-39.4,7.2,,,,
12.959,8,Atta_8,92.4,2036.1,141.5,13.8,-5.1,,,,
12.959,9,Atta_9,255.1,2185.1,120.4,42.8,0.6,,,,
12.959,10,Atta_10,192.7,2345.4,79.9,-92.2,-2.4,,,,
13.012,1,Atta_1,303.2,191.1,49.9,55.0,2.1,,,,
13.012,2,Atta_2,179.6,784.7,107.6,-70.1,-3.4,,,,
13.012,3,Atta_3,386.7,659.1,147.0,46.5,-5.8,,,,
13.012,4,Atta_4,136.0,995.6,144.9,-20.4,0.5,,,,
13.012,5,Atta_5,421.7,1008.1,8.0,-75.7,1.6,,,,
13.012,6,Atta_6,186.4,1491.7,255.0,25.0,7.9,,,,
13.012,7,Atta_7,451.7,1864.9,272.1,35.8,-2.0,,,,
13.012,8,Atta_8,95.3,2012.9,144.8,-23.4,3.3,,,,
13.012,9,Atta_9,224.4,2233.4,113.8,57.2,-6.6,,,,
13.012,10,Atta_10,116.6,2463.6,82.7,140.6,2.8,,,,
13.084,1,Atta_1,363.8,155.7,47.3,70.2,-2.6,,,,
13.084,2,Atta_2,83.5,864.8,107.1,125.1,-0.5,,,,
13.084,3,Atta_3,355.5,665.2,143.8,31.8,-3.2,,,,
13.084,4,Atta_4,90.2,946.2,140.6,67.4,-4.3,,,,
13.084,5,Atta_5,447.9,1067.9,9.1,65.3,1.1,,,,
13.084,6,Atta_6,180.1,1520.6,258.7,-29.6,3.7,,,,
13.084,7,Atta_7,491.3,1814.5,268.5,64.1,-3.6,,,,
13.084,8,Atta_8,118.9,1959.2,142.9,-58.7,-1.9,,,,
13.084,9,Atta_9,241.4,2198.0,117.1,-39.3,3.3,,,,
13.084,10,Atta_10,128.2,2374.9,81.3,-89.5,-1.4,,,,
13.14,1,Atta_1,346.3,192.0,52.8,40.3,5.5,,,,
13.14,2,Atta_2,105.3,820.5,109.8,-49.4,2.7,,,,
13.14,3,Atta_3,345.9,687.6,136.8,24.4,-7.0,,,,
13.14,4,Atta_4,157.4,989.9,144.4,-80.2,3.8,,,,
13.14,5,Atta_5,402.1,1053.2,13.7,-48.1,4.6,,,,
13.14,6,Atta_6,232.9,1484.4,253.8,64.0,-4.9,,,,
13.14,7,Atta_7,518.9,1889.5,272.3,-79.9,3.8,,,,
13.14,8,Atta_8,156.2,2027.5,141.3,77.8,-1.6,,,,
13.14,9,Atta_9,251.4,2242.3,120.3,45.4,3.2,,,,
13.14,10,Atta_10,167.4,2438.8,79.6,75.0,-1.7,,,,
13.207,1,Atta_1,332.6,159.9,43.8,-34.9,-9.0,,,,
13.207,2,Atta_2,162.1,840.7,114.4,-60.3,4.6,,,,
13.207,3,Atta_3,426.9,670.7,135.2,-82.7,-1.6,,,,
13.207,4,Atta_4,158.5,976.4,140.4,-13.5,-4.0,,,,
13.207,5,Atta_5,400.9,1093.3,19.4,40.1,5.7,,,,
13.207,6,Atta_6,266.1,1528.1,258.7,-54.9,4.9,,,,
13.207,7,Atta_7,497.8,1829.9,268.5,63.2,-3.8,,,,
13.207,8,Atta_8,193.5,1913.9,142.2,-119.6,0.9,,,,
13.207,9,Atta_9,295.2,2235.4,121.4,-44.3,1.1,,,,
13.207,10,Atta_10,241.6,2353.3,74.8,-113.2,-4.8,,,,
13.279,1,Atta_1,390.2,199.3,45.6,69.8,1.8,,,,
13.279,2,Atta_2,132.5,836.4,116.0,29.9,1.6,,,,
13.279,3,Atta_3,406.2,700.3,130.2,36.1,-5.0,,,,
13.279,4,Atta_4,182.0,971.8,139.3,-23.9,-1.1,,,,
13.279,5,Atta_5,409.2,1051.3,27.0,-42.8,7.6,,,,
13.279,6,Atta_6,206.8,1501.6,254.9,65.0,-3.8,,,,
13.279,7,Atta_7,498.6,1865.0,270.9,-35.1,2.4,,,,
13.279,8,Atta_8,228.6,2038.8,141.8,129.7,-0.4,,,,
13.279,9,Atta_9,241.6,2274.2,120.0,66.2,-1.4,,,,
13.279,10,Atta_10,159.9,2368.1,72.1,-83.0,-2.7,,,,
13.342,1,Atta_1,275.2,186.1,49.4,-115.8,3.8,,,,
13.342,2,Atta_2,134.7,831.6,123.3,-5.3,7.3,,,,
13.342,3,Atta_3,324.5,633.4,121.3,105.6,-8.9,,,,
13.342,4,Atta_4,135.1,1001.3,134.7,55.4,-4.6,,,,
13.342,5,Atta_5,408.3,1024.9,27.9,-26.4,0.9,,,,
13.342,6,Atta_6,181.8,1497.3,255.3,25.4,0.4,,,,
13.342,7,Atta_7,539.6,1853.2,274.5,42.7,3.6,,,,
13.342,8,Atta_8,190.8,1947.8,133.3,-98.5,-8.5,,,,
13.342,9,Atta_9,274.9,2240.4,125.1,-47.4,5.1,,,,
13.342,10,Atta_10,183.9,2410.2,66.6,48.5,-5.5,,,,
13.412,1,Atta_1,294.8,287.8,49.3,103.6,-0.1,,,,
13.412,2,Atta_2,92.6,870.8,126.8,57.5,3.5,,,,
13.412,3,Atta_3,373.7,687.8,116.8,73.3,-4.5,,,,
13.412,4,Atta_4,148.5,943.0,129.2,-59.8,-5.5,,,,
13.412,5,Atta_5,392.2,1058.8,25.8,37.5,-2.1,,,,
13.412,6,Atta_6,148.8,1545.1,253.5,-58.1,-1.8,,,,
13.412,7,Atta_7,416.5,1868.2,275.3,-124.0,0.8,,,,
13.412,8,Atta_8,157.2,2013.2,130.7,73.5,-2.6,,,,
13.412,9,Atta_9,239.9,2212.0,118.8,-45.1,-6.3,,,,
13.412,10,Atta_10,170.2,2406.1,61.5,-14.3,-5.1,,,,
13.482,1,Atta_1,318.3,221.0,47.0,-70.8,-2.3,,,,
13.482,2,Atta_2,148.3,781.4,130.4,-105.3,3.6,,,,
13.482,3,Atta_3,333.6,665.0,114.5,-46.1,-2.3,,,,
13.482,4,Atta_4,145.9,971.9,125.2,29.0,-4.0,,,,
13.482,5,Atta_5,430.5,1029.1,30.4,48.5,4.6,,,,
13.482,6,Atta_6,181.8,1469.4,249.0,82.6,-4.5,,,,
13.482,7,Atta_7,473.2,1801.6,269.8,87.5,-5.5,,,,
13.482,8,Atta_8,185.8,1955.9,125.5,-64.0,-5.2,,,,
13.482,9,Atta_9,168.1,2273.7,120.0,94.7,1.2,,,,
13.482,10,Atta_10,200.2,2489.4,58.3,88.5,-3.2,,,,
13.548,1,Atta_1,362.6,194.0,49.8,51.9,2.8,,,,
13.548,2,Atta_2,142.4,823.7,139.2,42.7,8.8,,,,
13.548,3,Atta_3,349.8,702.9,112.9,41.2,-1.6,,,,
13.548,4,Atta_4,94.3,964.4,122.8,52.1,-2.4,,,,
13.548,5,Atta_5,395.5,1011.7,28.8,-39.1,-1.6,,,,
13.548,6,Atta_6,195.4,1489.5,246.4,-24.3,-2.6,,,,
13.548,7,Atta_7,472.6,1763.3,266.8,38.3,-3.0,,,,
13.548,8,Atta_8,165.7,2035.0,122.7,81.6,-2.8,,,,
13.548,9,Atta_9,151.9,2234.0,123.3,-42.9,3.3,,,,
13.548,10,Atta_10,166.4,2432.2,54.7,-66.4,-3.6,,,,
13.617,1,Atta_1,377.9,204.8,48.4,18.7,-1.4,,,,
13.617,2,Atta_2,153.0,816.7,140.7,-12.7,1.5,,,,
13.617,3,Atta_3,362.2,646.5,110.8,-57.7,-2.1,,,,
13.617,4,Atta_4,144.5,964.1,119.4,-50.2,-3.4,,,,
13.617,5,Atta_5,421.8,991.9,28.9,32.9,0.1,,,,
13.617,6,Atta_6,189.0,1487.8,242.2,6.6,-4.2,,,,
13.617,7,Atta_7,487.6,1717.4,269.9,48.3,3.1,,,,
13.617,8,Atta_8,172.3,1980.2,115.5,-55.2,-7.2,,,,
13.617,9,Atta_9,194.4,2278.6,132.3,61.6,9.0,,,,
13.617,10,Atta_10,156.7,2486.8,55.5,55.5,0.8,,,,
13.685,1,Atta_1,348.0,295.7,50.6,95.7,2.2,,,,
13.685,2,Atta_2,77.3,787.6,146.1,81.1,5.4,,,,
13.685,3,Atta_3,387.3,639.1,107.9,-26.2,-2.9,,,,
13.685,4,Atta_4,218.7,977.9,109.7,-75.5,-9.7,,,,
13.685,5,Atta_5,419.2,1080.2,28.0,88.3,-0.9,,,,
13.685,6,Atta_6,168.2,1549.8,235.3,-65.4,-6.9,,,,
13.685,7,Atta_7,517.8,1740.0,269.7,-37.7,-0.2,,,,
13.685,8,Atta_8,198.3,1935.6,110.8,-51.6,-4.7,,,,
13.685,9,Atta_9,220.5,2292.3,133.2,-29.5,0.9,,,,
13.685,10,Atta_10,184.2,2407.7,52.8,-83.7,-2.7,,,,
13.746,1,Atta_1,394.9,287.0,47.3,47.7,-3.3,,,,
13.746,2,Atta_2,157.7,860.4,151.5,-108.5,5.4,,,,
13.746,3,Atta_3,400.8,661.6,112.4,26.2,4.5,,,,
13.746,4,Atta_4,156.8,938.4,107.5,-73.4,-2.2,,,,
13.746,5,Atta_5,438.3,1022.8,29.2,-60.5,1.2,,,,
13.746,6,Atta_6,187.3,1556.7,227.4,-20.3,-7.9,,,,
13.746,7,Atta_7,460.1,1745.1,272.8,-57.9,3.1,,,,
13.746,8,Atta_8,175.1,2017.7,108.6,85.3,-2.2,,,,
13.746,9,Atta_9,202.2,2233.9,138.8,-61.2,5.6,,,,
13.746,10,Atta_10,182.7,2424.1,57.1,16.5,4.3,,,,
13.817,1,Atta_1,372.3,270.8,45.6,-27.8,-1.7,,,,
13.817,2,Atta_2,95.4,814.4,149.5,77.4,-2.0,,,,
13.817,3,Atta_3,399.1,646.5,109.8,-15.2,-2.6,,,,
13.817,4,Atta_4,148.2,983.9,103.1,46.3,-4.4,,,,
13.817,5,Atta_5,486.1,1060.9,29.5,61.1,0.3,,,,
13.817,6,Atta_6,224.2,1523.5,225.6,-49.6,-1.8,,,,
13.817,7,Atta_7,483.9,1702.8,271.1,48.5,-1.7,,,,
13.817,8,Atta_8,205.5,2003.8,104.8,-33.4,-3.8,,,,
13.817,9,Atta_9,214.6,2233.0,144.5,-12.4,5.7,,,,
13.817,10,Atta_10,115.9,2414.3,57.3,-67.5,0.2,,,,
13.867,1,Atta_1,371.0,335.6,49.6,64.8,4.0,,,,
13.867,2,Atta_2,100.2,840.0,148.7,26.0,-0.8,,,,
13.867,3,Atta_3,355.5,686.0,116.4,58.8,6.6,,,,
13.867,4,Atta_4,141.2,959.7,95.9,-25.2,-7.2,,,,
13.867,5,Atta_5,449.1,1056.6,28.2,-37.2,-1.3,,,,
13.867,6,Atta_6,209.2,1517.9,220.4,16.0,-5.2,,,,
13.867,7,Atta_7,500.7,1741.7,270.7,-42.4,-0.4,,,,
13.867,8,Atta_8,199.2,1906.6,96.3,-97.4,-8.5,,,,
13.867,9,Atta_9,176.9,2229.4,145.9,37.9,1.4,,,,
13.867,10,Atta_10,157.6,2396.0,52.7,45.5,-4.6,,,,
13.934,1,Atta_1,404.8,324.2,49.3,35.7,-0.3,,,,
13.934,2,Atta_2,119.0,795.0,147.1,-48.8,-1.6,,,,
13.934,3,Atta_3,339.8,679.6,112.4,17.0,-4.0,,,,
13.934,4,Atta_4,204.1,929.1,97.7,-69.9,1.8,,,,
13.934,5,Atta_5,477.8,1071.3,26.9,32.2,-1.3,,,,
13.934,6,Atta_6,218.3,1521.2,219.6,-9.7,-0.8,,,,
13.934,7,Atta_7,485.0,1742.9,273.8,-15.7,3.1,,,,
13.934,8,Atta_8,140.9,1979.8,92.8,93.6,-3.5,,,,
13.934,9,Atta_9,198.6,2206.3,144.5,-31.7,-1.4,,,,
13.934,10,Atta_10,162.9,2389.5,57.4,-8.4,4.7,,,,
14.003,1,Atta_1,417.4,308.1,47.8,-20.4,-1.5,,,,
14.003,2,Atta_2,109.3,837.3,151.4,43.4,4.3,,,,
14.003,3,Atta_3,333.9,714.4,111.7,35.3,-0.7,,,,
14.003,4,Atta_4,101.5,939.2,90.6,103.1,-7.1,,,,
14.003,5,Atta_5,483.4,1053.3,29.6,-18.9,2.7,,,,
14.003,6,Atta_6,194.7,1526.7,211.4,24.2,-8.2,,,,
14.003,7,Atta_7,516.4,1753.9,273.6,-33.3,-0.2,,,,
14.003,8,Atta_8,141.8,1996.1,90.9,16.3,-1.9,,,,
14.003,9,Atta_9,226.4,2255.8,141.6,56.8,-2.9,,,,
14.003,10,Atta_10,185.9,2461.2,54.6,75.3,-2.8,,,,
14.123,1,Atta_1,440.7,279.7,47.7,-36.7,-0.1,,,,
14.123,2,Atta_2,124.2,851.3,150.7,-20.4,-0.7,,,,
14.123,3,Atta_3,354.1,723.9,107.2,22.3,-4.5,,,,
14.123,4,Atta_4,178.6,949.3,87.4,77.8,-3.2,,,,
14.123,5,Atta_5,570.2,1076.8,23.3,89.9,-6.3,,,,
14.123,6,Atta_6,171.6,1504.9,201.4,31.8,-10.0,,,,
14.123,7,Atta_7,517.7,1709.9,268.7,44.0,-4.9,,,,
14.123,8,Atta_8,139.5,2018.7,87.5,22.7,-3.4,,,,
14.123,9,Atta_9,242.1,2201.8,148.0,-56.2,6.4,,,,
14.123,10,Atta_10,204.0,2428.4,53.3,-37.5,-1.3,,,,
14.192,1,Atta_1,352.9,335.6,48.1,-104.1,0.4,,,,
14.192,2,Atta_2,141.0,858.1,148.6,-18.1,-2.1,,,,
14.192,3,Atta_3,391.4,724.5,112.7,-37.3,5.5,,,,
14.192,4,Atta_4,178.0,973.1,85.5,23.8,-1.9,,,,
14.192,5,Atta_5,495.5,1148.1,27.4,-103.3,4.1,,,,
14.192,6,Atta_6,191.4,1535.6,195.6,-36.5,-5.8,,,,
14.192,7,Atta_7,477.8,1662.9,269.7,61.7,1.0,,,,
14.192,8,Atta_8,155.9,2010.6,88.0,-18.3,0.5,,,,
14.192,9,Atta_9,180.7,2186.1,145.7,63.4,-2.3,,,,
14.192,10,Atta_10,269.9,2498.0,53.8,95.8,0.5,,,,
14.261,1,Atta_1,481.2,303.9,47.6,132.2,-0.5,,,,
14.261,2,Atta_2,114.1,853.3,144.4,27.3,-4.2,,,,
14.261,3,Atta_3,292.8,740.5,109.7,99.9,-3.0,,,,
14.261,4,Atta_4,154.8,981.3,84.4,24.6,-1.1,,,,
14.261,5,Atta_5,492.5,1113.9,28.4,-34.3,1.0,,,,
14.261,6,Atta_6,178.5,1591.4,193.1,-57.3,-2.5,,,,
14.261,7,Atta_7,481.3,1671.5,267.4,-9.3,-2.3,,,,
14.261,8,Atta_8,168.2,2002.5,85.0,-14.7,-3.0,,,,
14.261,9,Atta_9,179.5,2288.3,145.6,102.2,-0.1,,,,
14.261,10,Atta_10,203.7,2473.8,55.1,-70.5,1.3,,,,
14.382,1,Atta_1,449.6,425.3,49.8,125.4,2.2,,,,
14.382,2,Atta_2,122.9,870.2,151.1,19.1,6.7,,,,
14.382,3,Atta_3,306.7,706.1,108.7,-37.1,-1.0,,,,
14.382,4,Atta_4,163.8,978.4,86.6,-9.5,2.2,,,,
14.382,5,Atta_5,460.0,1132.1,25.3,-37.2,-3.1,,,,
14.382,6,Atta_6,185.6,1512.9,190.9,78.8,-2.2,,,,
14.382,7,Atta_7,484.4,1638.0,264.5,33.6,-2.9,,,,
14.382,8,Atta_8,161.2,1971.9,86.1,-31.4,1.1,,,,
14.382,9,Atta_9,163.5,2256.7,146.5,-35.4,0.9,,,,
14.382,10,Atta_10,215.1,2484.0,55.2,15.3,0.1,,,,
14.453,1,Atta_1,441.2,347.5,49.8,-78.3,0.0,,,,
14.453,2,Atta_2,138.2,861.4,145.6,-17.7,-5.5,,,,
14.453,3,Atta_3,360.6,747.8,114.9,68.1,6.2,,,,
14.453,4,Atta_4,160.4,928.2,88.4,-50.3,1.8,,,,
14.453,5,Atta_5,527.3,1105.6,29.1,72.3,3.8,,,,
14.453,6,Atta_6,203.8,1509.7,182.4,-18.5,-8.5,,,,
14.453,7,Atta_7,528.1,1641.1,269.2,-43.8,4.7,,,,
14.453,8,Atta_8,186.0,1979.7,85.0,26.0,-1.1,,,,
14.453,9,Atta_9,138.6,2260.4,144.0,25.2,-2.5,,,,
14.453,10,Atta_10,229.9,2533.4,52.9,51.6,-2.3,,,,
14.522,1,Atta_1,466.8,377.2,52.4,39.2,2.6,,,,
14.522,2,Atta_2,150.0,843.3,143.8,-21.6,-1.8,,,,
14.522,3,Atta_3,338.1,816.9,110.0,72.7,-4.9,,,,
14.522,4,Atta_4,139.4,930.6,88.5,21.1,0.1,,,,
14.522,5,Atta_5,596.3,1120.9,23.7,70.7,-5.4,,,,
14.522,6,Atta_6,185.9,1497.7,172.5,21.6,-9.9,,,,
14.522,7,Atta_7,494.3,1626.2,267.1,36.9,-2.1,,,,
14.522,8,Atta_8,119.0,2022.4,82.9,79.4,-2.1,,,,
14.522,9,Atta_9,224.0,2289.5,147.9,-90.2,3.9,,,,
14.522,10,Atta_10,240.3,2510.0,50.0,-25.6,-2.9,,,,
14.663,1,Atta_1,507.5,375.0,46.2,40.8,-6.2,,,,
14.663,2,Atta_2,156.6,786.3,144.5,-57.4,0.7,,,,
14.663,3,Atta_3,296.3,858.3,100.0,58.8,-10.0,,,,
14.663,4,Atta_4,153.9,986.9,85.1,58.1,-3.4,,,,
14.663,5,Atta_5,533.2,1085.1,25.9,-72.5,2.2,,,,
14.663,7,Atta_7,512.1,1597.1,269.6,34.1,2.5,,,,
14.663,8,Atta_8,181.5,2033.9,84.2,63.5,1.3,,,,
14.663,9,Atta_9,139.8,2298.7,150.3,84.7,2.4,,,,
14.663,10,Atta_10,228.5,2530.3,57.1,23.5,7.1,,,,
14.78,1,Atta_1,509.9,435.2,54.3,60.2,8.1,,,,
14.78,2,Atta_2,190.9,800.6,144.3,-37.2,-0.2,,,,
14.78,3,Atta_3,377.2,775.2,93.6,-116.0,-6.4,,,,
14.78,4,Atta_4,117.1,1006.3,86.3,41.6,1.2,,,,
14.78,5,Atta_5,577.6,1155.2,30.1,83.0,4.2,,,,
14.78,6,Atta_6,248.2,1449.8,162.0,-78.6,-10.5,,,,
14.78,7,Atta_7,466.1,1606.3,269.1,-46.9,-0.5,,,,
14.78,8,Atta_8,167.6,2013.2,85.7,-24.9,1.5,,,,
14.78,9,Atta_9,78.7,2263.1,144.1,70.7,-6.2,,,,
14.78,10,Atta_10,205.0,2531.4,53.5,-23.5,-3.6,,,,
14.848,1,Atta_1,476.0,399.0,50.3,-49.6,-4.0,,,,
14.848,2,Atta_2,201.6,848.6,137.5,49.2,-6.8,,,,
14.848,3,Atta_3,344.6,752.5,97.2,-39.7,3.6,,,,
14.848,4,Atta_4,159.5,1059.6,87.9,68.1,1.6,,,,
14.848,5,Atta_5,596.6,1098.6,28.2,-59.7,-1.9,,,,
14.848,6,Atta_6,200.0,1530.7,157.6,94.2,-4.4,,,,
14.848,7,Atta_7,459.4,1572.2,269.6,34.8,0.5,,,,
14.848,8,Atta_8,169.1,2033.0,89.4,19.9,3.7,,,,
14.848,9,Atta_9,167.2,2319.9,148.8,-105.2,4.7,,,,
14.848,10,Atta_10,285.9,2547.0,55.8,82.4,2.3,,,,
14.912,1,Atta_1,531.8,431.8,53.0,64.7,2.7,,,,
14.912,2,Atta_2,105.5,773.8,133.9,121.8,-3.6,,,,
14.912,3,Atta_3,353.5,754.4,86.7,9.1,-10.5,,,,
14.912,4,Atta_4,115.9,1007.8,84.7,-67.7,-3.2,,,,
14.912,5,Atta_5,627.3,1150.5,30.7,60.3,2.5,,,,
14.912,6,Atta_6,190.7,1574.0,152.8,44.3,-4.8,,,,
14.912,7,Atta_7,531.4,1532.0,269.5,82.5,-0.1,,,,
14.912,8,Atta_8,192.2,2068.4,83.3,42.3,-6.1,,,,
14.912,9,Atta_9,101.4,2307.1,146.0,67.0,-2.8,,,,
14.912,10,Atta_10,312.6,2544.8,55.7,26.8,-0.1,,,,
14.982,1,Atta_1,474.5,457.4,50.4,-62.8,-2.6,,,,
14.982,2,Atta_2,109.2,764.7,129.2,-9.8,-4.7,,,,
14.982,3,Atta_3,345.3,795.5,85.6,41.9,-1.1,,,,
14.982,4,Atta_4,165.8,1064.1,84.9,75.2,0.2,,,,
14.982,5,Atta_5,610.2,1131.9,25.9,-25.3,-4.8,,,,
14.982,6,Atta_6,174.7,1534.4,149.0,-42.7,-3.8,,,,
14.982,7,Atta_7,533.4,1536.9,269.4,-5.3,-0.1,,,,
14.982,8,Atta_8,172.3,2085.1,87.0,26.0,3.7,,,,
14.982,9,Atta_9,80.6,2353.5,145.8,50.8,-0.2,,,,
14.982,10,Atta_10,270.9,2532.2,57.2,-43.6,1.5,,,,
15.052,1,Atta_1,499.3,410.5,50.9,-53.1,0.5,,,,
15.052,2,Atta_2,254.2,824.0,127.8,-156.7,-1.4,,,,
15.052,3,Atta_3,324.6,766.5,77.5,-35.6,-8.1,,,,
15.052,4,Atta_4,169.0,1090.3,84.2,26.4,-0.7,,,,
15.052,5,Atta_5,580.4,1191.4,25.9,-66.5,0.0,,,,
15.052,6,Atta_6,233.5,1485.0,142.4,-76.8,-6.6,,,,
15.052,7,Atta_7,476.3,1572.9,268.7,-67.5,-0.7,,,,
15.052,8,Atta_8,165.1,2078.9,84.0,-9.5,-3.0,,,,
15.052,9,Atta_9,68.5,2349.5,144.0,12.7,-1.8,,,,
15.052,10,Atta_10,300.4,2567.5,53.1,46.0,-4.1,,,,
15.118,1,Atta_1,511.0,439.3,48.6,31.1,-2.3,,,,
15.118,2,Atta_2,156.1,813.2,121.0,98.7,-6.8,,,,
15.118,4,Atta_4,136.9,1143.9,84.9,62.5,0.7,,,,
15.118,5,Atta_5,665.3,1152.0,25.9,93.6,0.0,,,,
15.118,6,Atta_6,198.4,1563.2,141.4,85.7,-1.0,,,,
15.118,7,Atta_7,469.6,1525.9,269.9,47.5,1.2,,,,
15.118,8,Atta_8,166.8,2110.0,81.5,31.1,-2.5,,,,
15.118,9,Atta_9,85.9,2341.3,145.9,-19.2,1.9,,,,
15.118,10,Atta_10,267.1,2589.5,56.4,-39.9,3.3,,,,
15.183,1,Atta_1,548.9,432.5,50.0,38.5,1.4,,,,
15.183,2,Atta_2,172.4,817.3,112.6,-16.8,-8.4,,,,
15.183,3,Atta_3,369.8,746.0,68.0,-49.6,-9.5,,,,
15.183,4,Atta_4,126.6,1071.3,96.6,-73.3,11.7,,,,
15.183,5,Atta_5,604.1,1138.1,29.0,-62.8,3.1,,,,
15.183,6,Atta_6,164.4,1450.8,131.5,-117.4,-9.9,,,,
15.183,7,Atta_7,505.5,1493.8,269.5,48.2,-0.4,,,,
15.183,8,Atta_8,180.1,2094.6,80.2,-20.3,-1.3,,,,
15.183,9,Atta_9,121.3,2329.1,143.5,-37.4,-2.4,,,,
15.183,10,Atta_10,301.6,2602.8,56.2,37.0,-0.2,,,,
15.249,1,Atta_1,554.5,495.1,55.0,62.8,5.0,,,,
15.249,2,Atta_2,140.2,779.0,109.7,-50.0,-2.9,,,,
15.249,3,Atta_3,371.0,785.0,62.3,39.0,-5.7,,,,
15.249,4,Atta_4,141.0,1084.6,100.4,19.6,3.8,,,,
15.249,5,Atta_5,682.8,1140.0,28.7,78.7,-0.3,,,,
15.249,6,Atta_6,211.5,1535.4,132.5,96.8,1.0,,,,
15.249,7,Atta_7,510.1,1492.9,268.1,4.7,-1.4,,,,
15.249,8,Atta_8,151.7,2139.4,75.2,53.0,-5.0,,,,
15.249,9,Atta_9,161.7,2252.6,142.9,-86.5,-0.6,,,,
15.249,10,Atta_10,308.1,2595.7,57.0,-9.6,0.8,,,,
15.318,1,Atta_1,554.9,461.1,53.6,-34.0,-1.4,,,,
15.318,2,Atta_2,188.5,816.2,104.9,61.0,-4.8,,,,
15.318,3,Atta_3,276.5,731.7,60.0,-108.5,-2.3,,,,
15.318,4,Atta_4,184.9,1044.9,102.8,-59.2,2.4,,,,
15.318,5,Atta_5,630.5,1160.6,28.6,-56.2,-0.1,,,,
15.318,6,Atta_6,248.6,1577.3,124.5,56.0,-8.0,,,,
15.318,7,Atta_7,517.9,1518.3,270.8,-26.6,2.7,,,,
15.318,8,Atta_8,226.9,2024.6,71.9,-137.2,-3.3,,,,
15.318,9,Atta_9,92.3,2335.9,144.8,108.4,1.9,,,,
15.318,10,Atta_10,358.3,2618.9,57.8,55.3,0.8,,,,
15.384,1,Atta_1,581.6,457.8,51.8,26.9,-1.8,,,,
15.384,2,Atta_2,141.2,842.5,97.2,54.1,-7.7,,,,
15.384,3,Atta_3,333.0,779.7,53.6,74.1,-6.4,,,,
15.384,4,Atta_4,223.4,1082.9,103.2,54.1,0.4,,,,
15.384,5,Atta_5,701.2,1179.7,28.5,73.2,-0.1,,,,
15.384,6,Atta_6,203.8,1491.1,123.6,-97.1,-0.9,,,,
15.384,7,Atta_7,481.5,1469.8,269.9,60.6,-0.9,,,,
15.384,8,Atta_8,196.7,2090.6,65.8,72.6,-6.1,,,,
15.384,9,Atta_9,160.7,2308.5,139.3,-73.7,-5.5,,,,
15.384,10,Atta_10,362.8,2622.5,54.6,5.8,-3.2,,,,
15.45,1,Atta_1,551.1,454.1,52.7,-30.7,0.9,,,,
15.45,2,Atta_2,117.7,794.7,93.6,-53.3,-3.6,,,,
15.45,3,Atta_3,342.3,801.0,47.0,23.2,-6.6,,,,
15.45,4,Atta_4,179.8,1071.0,113.9,-45.2,10.7,,,,
15.45,5,Atta_5,692.8,1201.0,29.1,22.9,0.6,,,,
15.45,6,Atta_6,181.9,1495.8,124.5,22.4,0.9,,,,
15.45,7,Atta_7,479.2,1446.2,272.8,23.7,2.9,,,,
15.45,8,Atta_8,202.6,2052.2,59.9,-38.9,-5.9,,,,
15.45,9,Atta_9,100.0,2308.0,143.7,60.7,4.4,,,,
15.45,10,Atta_10,294.5,2580.6,52.1,-80.1,-2.5,,,,
15.517,1,Atta_1,667.0,558.9,51.0,156.3,-1.7,,,,
15.517,2,Atta_2,124.3,833.0,93.8,38.9,0.2,,,,
15.517,3,Atta_3,319.8,835.0,43.1,40.8,-3.9,,,,
15.517,4,Atta_4,221.6,1068.5,112.6,-41.9,-1.3,,,,
15.517,5,Atta_5,694.5,1251.2,28.4,50.2,-0.7,,,,
15.517,6,Atta_6,227.4,1501.9,125.8,-45.9,1.3,,,,
15.517,7,Atta_7,471.1,1494.9,273.0,-49.4,0.2,,,,
15.517,8,Atta_8,205.8,2130.4,56.0,78.3,-3.9,,,,
15.517,9,Atta_9,87.9,2293.3,139.6,19.0,-4.1,,,,
15.517,10,Atta_10,326.6,2616.9,56.7,48.5,4.6,,,,
15.584,1,Atta_1,595.1,471.4,51.9,-113.3,0.9,,,,
15.584,2,Atta_2,159.5,803.1,91.2,-46.2,-2.6,,,,
15.584,3,Atta_3,331.3,857.9,41.8,25.6,-1.3,,,,
15.584,4,Atta_4,150.3,1068.5,121.7,71.3,9.1,,,,
15.584,5,Atta_5,751.8,1224.0,25.1,63.4,-3.3,,,,
15.584,6,Atta_6,167.8,1541.2,124.5,71.4,-1.3,,,,
15.584,7,Atta_7,476.6,1426.1,272.3,69.0,-0.7,,,,
15.584,8,Atta_8,169.3,2068.7,51.3,-71.7,-4.7,,,,
15.584,9,Atta_9,196.8,2265.6,134.3,-112.4,-5.3,,,,
15.584,10,Atta_10,307.2,2683.4,55.6,69.3,-1.1,,,,
15.65,1,Atta_1,521.7,515.7,51.2,-85.7,-0.7,,,,
15.65,2,Atta_2,239.3,817.3,89.0,81.1,-2.2,,,,
15.65,3,Atta_3,307.0,721.5,36.2,-138.5,-5.6,,,,
15.65,4,Atta_4,191.7,1104.6,122.7,54.9,1.0,,,,
15.65,5,Atta_5,754.2,1189.4,27.8,-34.7,2.7,,,,
15.65,6,Atta_6,168.7,1456.1,121.9,-85.1,-2.6,,,,
15.65,7,Atta_7,496.7,1418.9,272.5,21.4,0.2,,,,
15.65,8,Atta_8,166.3,2125.4,48.8,56.8,-2.5,,,,
15.65,9,Atta_9,119.0,2269.9,129.6,77.9,-4.7,,,,
15.65,10,Atta_10,394.6,2661.8,56.4,90.0,0.8,,,,
15.772,1,Atta_1,579.3,552.4,50.3,68.3,-0.9,,,,
15.772,2,Atta_2,159.2,811.1,85.8,-80.3,-3.2,,,,
15.772,3,Atta_3,324.1,796.7,32.2,77.1,-4.0,,,,
15.772,4,Atta_4,87.7,1131.7,130.0,107.5,7.3,,,,
15.772,5,Atta_5,725.7,1258.8,27.5,75.0,-0.3,,,,
15.772,6,Atta_6,208.3,1528.9,116.8,82.9,-5.1,,,,
15.772,7,Atta_7,504.3,1385.0,269.1,34.7,-3.4,,,,
15.772,8,Atta_8,182.1,2103.2,43.7,-27.2,-5.1,,,,
15.772,9,Atta_9,157.1,2244.4,126.9,-45.8,-2.7,,,,
15.772,10,Atta_10,368.7,2630.0,54.6,-41.0,-1.8,,,,
15.842,1,Atta_1,598.7,557.6,51.5,20.1,1.2,,,,
15.842,2,Atta_2,144.2,803.3,92.1,-16.9,6.3,,,,
15.842,3,Atta_3,325.9,758.5,23.5,-38.2,-8.7,,,,
15.842,4,Atta_4,167.5,1101.5,139.4,-85.3,9.4,,,,
15.842,5,Atta_5,720.8,1225.0,27.2,-34.2,-0.3,,,,
15.842,6,Atta_6,179.0,1503.8,106.6,-38.6,-10.2,,,,
15.842,7,Atta_7,433.4,1404.1,273.2,-73.4,4.1,,,,
15.842,8,Atta_8,122.9,2107.4,35.5,-59.3,-8.2,,,,
15.842,9,Atta_9,87.6,2246.3,115.4,69.5,-11.5,,,,
15.842,10,Atta_10,384.2,2668.8,53.5,41.8,-1.1,,,,
15.912,1,Atta_1,624.2,570.6,50.6,28.6,-0.9,,,,
15.912,2,Atta_2,161.3,829.4,90.7,31.2,-1.4,,,,
15.912,3,Atta_3,328.7,739.5,22.5,-19.2,-1.0,,,,
15.912,4,Atta_4,183.6,1151.1,140.7,52.1,1.3,,,,
15.912,5,Atta_5,751.8,1215.4,28.3,32.5,1.1,,,,
15.912,6,Atta_6,157.1,1485.2,105.1,-28.7,-1.5,,,,
15.912,7,Atta_7,502.7,1414.0,271.8,-70.0,-1.4,,,,
15.912,8,Atta_8,167.1,2148.9,30.1,60.6,-5.4,,,,
15.912,9,Atta_9,168.8,2269.3,113.4,-84.4,-2.0,,,,
15.912,10,Atta_10,378.0,2713.4,52.7,45.0,-0.8,,,,
16.047,1,Atta_1,657.1,551.7,50.0,37.9,-0.6,,,,
16.047,2,Atta_2,175.4,767.7,86.8,-63.3,-3.9,,,,
16.047,4,Atta_4,182.5,1067.5,148.0,-83.6,7.3,,,,
16.047,5,Atta_5,799.3,1233.3,27.8,50.8,-0.5,,,,
16.047,6,Atta_6,215.0,1505.6,100.0,61.4,-5.1,,,,
16.047,7,Atta_7,509.3,1388.8,270.5,26.0,-1.3,,,,
16.047,8,Atta_8,104.2,2110.4,30.3,-73.7,0.2,,,,
16.047,9,Atta_9,103.9,2307.0,105.2,75.1,-8.2,,,,
16.047,10,Atta_10,345.4,2663.6,51.7,-59.5,-1.0,,,,
16.103,1,Atta_1,623.1,570.7,52.5,-38.9,2.5,,,,
16.103,2,Atta_2,154.9,789.4,89.7,29.9,2.9,,,,
16.103,3,Atta_3,350.3,827.6,24.1,90.7,1.6,,,,
16.103,4,Atta_4,110.8,1114.9,150.8,86.0,2.8,,,,
16.103,5,Atta_5,802.5,1272.4,28.7,39.2,0.9,,,,
16.103,6,Atta_6,228.1,1539.7,93.3,36.5,-6.7,,,,
16.103,7,Atta_7,527.4,1381.6,269.7,19.5,-0.8,,,,
16.103,8,Atta_8,216.7,2049.0,26.8,128.2,-3.5,,,,
16.103,9,Atta_9,170.4,2279.9,102.8,-71.8,-2.4,,,,
16.103,10,Atta_10,408.5,2705.5,54.2,75.7,2.5,,,,
16.173,1,Atta_1,620.9,554.8,50.9,-16.1,-1.6,,,,
16.173,2,Atta_2,113.4,851.1,91.6,74.4,1.9,,,,
16.173,3,Atta_3,347.2,754.1,23.5,-73.6,-0.6,,,,
16.173,4,Atta_4,137.4,1105.1,157.9,-28.3,7.1,,,,
16.173,5,Atta_5,811.3,1229.7,25.1,-43.6,-3.6,,,,
16.173,6,Atta_6,240.9,1487.8,84.8,-53.5,-8.5,,,,
16.173,7,Atta_7,493.2,1365.5,270.3,37.8,0.6,,,,
16.173,8,Atta_8,166.7,2108.6,31.9,-77.8,5.1,,,,
16.173,9,Atta_9,65.9,2354.7,97.9,128.5,-4.9,,,,
16.173,10,Atta_10,361.5,2683.1,53.0,-52.1,-1.2,,,,
16.245,1,Atta_1,619.0,580.5,53.5,25.8,2.6,,,,
16.245,2,Atta_2,166.5,866.6,90.4,55.3,-1.2,,,,
16.245,3,Atta_3,291.6,820.0,27.3,-86.2,3.8,,,,
16.245,4,Atta_4,139.5,1096.9,157.4,-8.5,-0.5,,,,
16.245,5,Atta_5,807.9,1245.3,26.3,16.0,1.2,,,,
16.245,6,Atta_6,212.0,1527.5,89.7,49.1,4.9,,,,
16.245,7,Atta_7,486.5,1375.3,271.3,-11.9,1.0,,,,
16.245,8,Atta_8,146.9,2070.8,26.9,-42.7,-5.0,,,,
16.245,9,Atta_9,168.3,2245.9,90.0,-149.4,-7.9,,,,
16.245,10,Atta_10,333.1,2625.8,52.6,-64.0,-0.4,,,,
16.305,1,Atta_1,665.2,601.7,51.8,50.8,-1.7,,,,
16.305,2,Atta_2,128.4,829.7,89.8,-53.0,-0.6,,,,
16.305,3,Atta_3,404.8,784.5,30.8,118.6,3.5,,,,
16.305,4,Atta_4,149.6,1082.4,165.0,-17.7,7.6,,,,
16.305,5,Atta_5,768.4,1296.2,27.3,-64.4,1.0,,,,
16.305,6,Atta_6,205.2,1511.6,80.2,-17.3,-9.5,,,,
16.305,7,Atta_7,545.6,1262.8,268.3,127.1,-3.0,,,,
16.305,8,Atta_8,173.7,2139.9,29.6,74.1,2.7,,,,
16.305,9,Atta_9,162.1,2254.2,87.4,10.4,-2.6,,,,
16.305,10,Atta_10,356.0,2671.8,51.0,51.4,-1.6,,,,
16.376,1,Atta_1,688.7,607.2,50.4,24.1,-1.4,,,,
16.376,2,Atta_2,111.4,879.8,89.5,52.9,-0.3,,,,
16.376,3,Atta_3,395.9,799.5,35.4,17.4,4.6,,,,
16.376,4,Atta_4,197.0,1036.4,172.2,-66.1,7.2,,,,
16.376,5,Atta_5,836.3,1201.4,27.3,116.6,0.0,,,,
16.376,6,Atta_6,209.6,1515.5,82.8,5.9,2.6,,,,
16.376,7,Atta_7,488.8,1308.8,270.1,-73.1,1.8,,,,
16.376,8,Atta_8,167.1,2090.0,30.4,-50.3,0.8,,,,
16.376,9,Atta_9,184.9,2237.6,84.6,-28.2,-2.8,,,,
16.376,10,Atta_10,325.3,2660.2,52.1,-32.8,1.1,,,,
16.428,1,Atta_1,672.2,586.5,50.6,-26.5,0.2,,,,
16.428,2,Atta_2,182.8,780.0,89.9,-122.7,0.4,,,,
16.428,3,Atta_3,331.0,789.4,40.7,-65.7,5.3,,,,
16.428,4,Atta_4,171.7,1096.6,176.5,65.3,4.3,,,,
16.428,5,Atta_5,862.1,1272.7,23.7,75.8,-3.6,,,,
16.428,6,Atta_6,193.7,1462.5,80.0,-55.3,-2.8,,,,
16.428,7,Atta_7,536.8,1265.7,268.9,64.5,-1.2,,,,
16.428,8,Atta_8,197.5,2148.3,27.8,65.7,-2.6,,,,
16.428,9,Atta_9,198.8,2255.8,84.9,22.9,0.3,,,,
16.428,10,Atta_10,367.9,2620.2,52.9,-58.4,0.8,,,,
16.497,1,Atta_1,624.4,656.8,53.1,85.0,2.5,,,,
16.497,2,Atta_2,147.4,911.5,90.4,136.2,0.5,,,,
16.497,3,Atta_3,341.9,769.5,48.9,-22.7,8.2,,,,
16.497,4,Atta_4,170.7,1126.0,182.8,29.4,6.3,,,,
16.497,5,Atta_5,833.8,1318.5,26.9,-53.8,3.2,,,,
16.497,6,Atta_6,172.4,1485.5,81.7,31.3,1.7,,,,
16.497,7,Atta_7,477.0,1274.5,269.2,-60.4,0.3,,,,
16.497,8,Atta_8,171.5,2062.9,27.9,-89.3,0.1,,,,
16.497,9,Atta_9,120.9,2232.0,85.0,-81.5,0.1,,,,
16.497,10,Atta_10,346.5,2617.1,53.3,-21.6,0.4,,,,
16.566,1,Atta_1,721.5,605.9,53.2,109.6,0.1,,,,
16.566,2,Atta_2,236.3,928.8,89.5,90.6,-0.9,,,,
16.566,3,Atta_3,346.3,778.5,51.0,10.0,2.1,,,,
16.566,4,Atta_4,156.8,1102.0,183.0,27.7,0.2,,,,
16.566,5,Atta_5,912.2,1303.4,23.6,79.8,-3.3,,,,
16.566,6,Atta_6,205.9,1481.1,80.6,33.8,-1.1,,,,
16.566,7,Atta_7,505.5,1274.2,272.0,-28.5,2.8,,,,
16.566,8,Atta_8,254.2,2117.3,26.7,99.0,-1.2,,,,
16.566,9,Atta_9,184.6,2224.1,88.8,-64.2,3.8,,,,
16.566,10,Atta_10,347.5,2610.4,48.2,-6.8,-5.1,,,,
16.634,1,Atta_1,648.9,616.8,52.4,-73.4,-0.8,,,,
16.634,2,Atta_2,224.5,935.3,88.7,13.5,-0.8,,,,
16.634,3,Atta_3,344.4,752.9,53.1,-25.7,2.1,,,,
16.634,4,Atta_4,208.2,1055.2,188.5,-69.5,5.5,,,,
16.634,5,Atta_5,857.7,1277.0,27.5,-60.6,3.9,,,,
16.634,6,Atta_6,189.6,1515.6,80.6,38.2,0.0,,,,
16.634,7,Atta_7,465.2,1240.1,269.4,52.8,-2.6,,,,
16.634,8,Atta_8,215.0,2085.1,31.2,-50.7,4.5,,,,
16.634,9,Atta_9,241.6,2291.7,88.2,88.4,-0.6,,,,
16.634,10,Atta_10,300.7,2631.6,50.6,-51.4,2.4,,,,
16.7,1,Atta_1,740.4,684.3,50.9,113.7,-1.5,,,,
16.7,2,Atta_2,217.6,933.8,80.2,-7.1,-8.5,,,,
16.7,3,Atta_3,325.4,784.5,49.6,36.9,-3.5,,,,
16.7,4,Atta_4,195.5,1078.3,195.0,26.4,6.5,,,,
16.7,5,Atta_5,896.1,1323.6,26.4,60.4,-1.1,,,,
16.7,6,Atta_6,166.1,1531.7,82.3,28.5,1.7,,,,
16.7,7,Atta_7,505.8,1260.3,271.5,-45.3,2.1,,,,
16.7,8,Atta_8,222.6,2067.9,28.8,-18.8,-2.4,,,,
16.7,9,Atta_9,138.2,2328.9,87.5,109.9,-0.7,,,,
16.7,10,Atta_10,268.3,2640.1,50.8,-33.5,0.2,,,,
16.769,1,Atta_1,671.8,669.4,50.4,-70.2,-0.5,,,,
16.769,2,Atta_2,159.7,924.6,79.0,-58.6,-1.2,,,,
16.769,3,Atta_3,354.8,806.0,55.7,36.4,6.1,,,,
16.769,4,Atta_4,161.7,1072.8,196.6,34.2,1.6,,,,
16.769,5,Atta_5,893.3,1328.7,27.0,-5.8,0.6,,,,
16.769,6,Atta_6,175.1,1554.6,82.1,24.6,-0.2,,,,
16.769,7,Atta_7,509.4,1249.6,270.9,11.3,-0.6,,,,
16.769,8,Atta_8,204.0,2138.5,28.5,73.0,-0.3,,,,
16.769,9,Atta_9,206.6,2263.3,78.3,-94.8,-9.2,,,,
16.769,10,Atta_10,318.2,2591.0,53.6,-70.0,2.8,,,,
16.837,1,Atta_1,702.5,673.0,53.0,30.9,2.6,,,,
16.837,2,Atta_2,167.3,924.5,76.1,7.6,-2.9,,,,
16.837,3,Atta_3,304.8,793.1,52.8,-51.6,-2.9,,,,
16.837,4,Atta_4,176.2,1088.9,201.4,-21.7,4.8,,,,
16.837,5,Atta_5,905.4,1318.2,26.5,16.0,-0.5,,,,
16.837,6,Atta_6,218.5,1507.0,82.0,-64.4,-0.1,,,,
16.837,7,Atta_7,501.8,1246.5,266.8,8.2,-4.1,,,,
16.837,8,Atta_8,205.6,2144.0,26.9,5.7,-1.6,,,,
16.837,9,Atta_9,191.0,2323.7,84.2,62.4,5.9,,,,
16.837,10,Atta_10,344.4,2550.4,48.0,-48.3,-5.6,,,,
16.903,1,Atta_1,686.5,678.9,53.6,-17.1,0.6,,,,
16.903,2,Atta_2,153.1,933.1,73.5,16.6,-2.6,,,,
16.903,3,Atta_3,340.9,769.1,46.4,43.3,-6.4,,,,
16.903,4,Atta_4,164.3,1059.0,211.4,32.2,10.0,,,,
16.903,5,Atta_5,874.0,1320.1,28.1,-31.5,1.6,,,,
16.903,6,Atta_6,202.6,1559.4,77.9,54.8,-4.1,,,,
16.903,7,Atta_7,463.3,1238.3,269.7,39.4,2.9,,,,
16.903,8,Atta_8,274.5,2124.9,30.1,71.5,3.2,,,,
16.903,9,Atta_9,165.2,2310.4,88.4,-29.0,4.2,,,,
16.903,10,Atta_10,274.3,2572.8,46.0,-73.6,-2.0,,,,
16.969,1,Atta_1,733.3,667.1,54.8,48.3,1.2,,,,
16.969,2,Atta_2,155.1,947.4,65.2,14.4,-8.3,,,,
16.969,3,Atta_3,387.9,840.5,52.4,85.5,6.0,,,,
16.969,4,Atta_4,174.9,1121.1,213.4,-63.0,2.0,,,,
16.969,5,Atta_5,881.2,1304.3,25.5,-17.4,-2.6,,,,
16.969,6,Atta_6,212.9,1543.3,80.3,-19.1,2.4,,,,
16.969,7,Atta_7,493.1,1167.0,273.0,77.3,3.3,,,,
16.969,8,Atta_8,310.3,2131.5,30.8,36.4,0.7,,,,
16.969,9,Atta_9,166.2,2286.6,83.6,-23.8,-4.8,,,,
16.969,10,Atta_10,320.2,2621.8,39.5,67.1,-6.5,,,,
17.035,1,Atta_1,743.9,693.9,53.4,28.8,-1.4,,,,
17.035,2,Atta_2,184.6,944.4,59.9,29.7,-5.3,,,,
17.035,3,Atta_3,376.5,832.4,52.3,-14.0,-0.1,,,,
17.035,4,Atta_4,175.3,1116.2,213.1,4.9,-0.3,,,,
17.035,5,Atta_5,928.2,1384.1,24.1,92.6,-1.4,,,,
17.035,6,Atta_6,124.5,1662.7,79.7,148.6,-0.6,,,,
17.035,7,Atta_7,504.7,1200.6,271.4,-35.5,-1.6,,,,
17.035,8,Atta_8,287.9,2200.7,30.5,72.7,-0.3,,,,
17.035,9,Atta_9,196.8,2341.5,83.9,62.9,0.3,,,,
17.035,10,Atta_10,281.4,2626.5,37.1,-39.1,-2.4,,,,
17.105,1,Atta_1,749.8,636.1,52.6,-58.1,-0.8,,,,
17.105,2,Atta_2,154.4,866.3,62.6,-83.7,2.7,,,,
17.105,3,Atta_3,329.0,778.9,52.8,-71.5,0.5,,,,
17.105,4,Atta_4,167.0,1099.2,220.5,18.9,7.4,,,,
17.105,5,Atta_5,991.5,1258.7,27.1,140.5,3.0,,,,
17.105,6,Atta_6,209.5,1574.4,81.0,-122.6,1.3,,,,
17.105,7,Atta_7,499.8,1248.9,268.8,-48.5,-2.6,,,,
17.105,8,Atta_8,223.7,2211.8,30.4,-65.2,-0.1,,,,
17.105,9,Atta_9,168.8,2323.9,87.0,-33.1,3.1,,,,
17.105,10,Atta_10,290.9,2644.4,30.5,20.3,-6.6,,,,
17.173,1,Atta_1,753.8,721.3,53.2,85.3,0.6,,,,
17.173,2,Atta_2,139.6,888.3,58.7,26.5,-3.9,,,,
17.173,3,Atta_3,352.3,867.6,52.0,91.7,-0.8,,,,
17.173,4,Atta_4,169.1,1061.6,214.1,37.7,-6.4,,,,
17.173,5,Atta_5,959.8,1324.3,27.3,72.9,0.2,,,,
17.173,6,Atta_6,158.5,1633.2,80.9,77.8,-0.1,,,,
17.173,7,Atta_7,521.8,1178.4,271.1,73.9,2.3,,,,
17.173,8,Atta_8,297.1,2180.6,25.4,79.8,-5.0,,,,
17.173,9,Atta_9,121.8,2368.0,85.4,64.5,-1.6,,,,
17.173,10,Atta_10,290.0,2586.7,27.6,-57.7,-2.9,,,,
17.239,1,Atta_1,723.7,783.8,52.4,69.4,-0.8,,,,
17.239,2,Atta_2,127.0,937.0,60.6,50.3,1.9,,,,
17.239,3,Atta_3,352.5,775.1,49.5,-92.5,-2.5,,,,
17.239,4,Atta_4,154.2,1046.0,215.1,21.6,1.0,,,,
17.239,5,Atta_5,943.7,1338.7,26.5,-21.6,-0.8,,,,
17.239,6,Atta_6,216.0,1669.0,79.4,67.7,-1.5,,,,
17.239,7,Atta_7,454.9,1238.5,269.5,-89.9,-1.6,,,,
17.239,8,Atta_8,282.1,2169.2,28.9,-18.8,3.5,,,,
17.239,9,Atta_9,189.5,2327.0,84.9,-79.1,-0.5,,,,
17.239,10,Atta_10,311.1,2610.4,20.7,31.7,-6.9,,,,
17.306,1,Atta_1,816.6,710.7,54.5,-118.2,2.1,,,,
17.306,2,Atta_2,164.6,944.6,59.4,38.4,-1.2,,,,
17.306,3,Atta_3,394.6,799.7,49.6,48.8,0.1,,,,
17.306,4,Atta_4,181.1,1093.4,214.8,-54.5,-0.3,,,,
17.306,5,Atta_5,1017.2,1311.5,28.3,78.4,1.8,,,,
17.306,6,Atta_6,176.7,1610.7,81.4,-70.3,2.0,,,,
17.306,7,Atta_7,517.2,1166.1,268.8,95.5,-0.7,,,,
17.306,8,Atta_8,299.0,2133.2,30.2,-39.8,1.3,,,,
17.306,9,Atta_9,161.4,2413.7,88.1,91.1,3.2,,,,
17.306,10,Atta_10,273.9,2618.4,16.7,-38.1,-4.0,,,,
17.373,1,Atta_1,745.6,717.4,55.4,-71.3,0.9,,,,
17.373,2,Atta_2,181.7,945.1,59.9,17.1,0.5,,,,
17.373,3,Atta_3,387.1,841.6,47.6,42.6,-2.0,,,,
17.373,4,Atta_4,187.4,1116.8,217.6,-24.2,2.8,,,,
17.373,5,Atta_5,958.2,1353.5,26.1,-72.4,-2.2,,,,
17.373,6,Atta_6,189.0,1616.7,80.7,13.7,-0.7,,,,
17.373,7,Atta_7,487.0,1177.5,270.9,-32.3,2.1,,,,
17.373,8,Atta_8,330.1,2176.6,32.6,53.4,2.4,,,,
17.373,9,Atta_9,197.0,2456.5,88.3,55.7,0.2,,,,
17.373,10,Atta_10,261.0,2567.9,16.6,-52.1,-0.1,,,,
17.438,1,Atta_1,753.7,757.6,51.1,41.0,-4.3,,,,
17.438,2,Atta_2,161.6,945.1,60.5,-20.1,0.6,,,,
17.438,3,Atta_3,459.9,899.9,53.2,93.3,5.6,,,,
17.438,4,Atta_4,137.8,1080.7,219.1,61.3,1.5,,,,
17.438,5,Atta_5,1015.7,1314.4,25.8,69.5,-0.3,,,,
17.438,6,Atta_6,263.3,1709.6,81.6,119.0,0.9,,,,
17.438,7,Atta_7,477.5,1094.2,270.1,83.8,-0.8,,,,
17.438,8,Atta_8,366.2,2182.3,32.0,36.5,-0.6,,,,
17.438,9,Atta_9,185.4,2419.3,82.6,-39.0,-5.7,,,,
17.438,10,Atta_10,274.0,2589.2,6.2,25.0,-10.4,,,,
17.504,1,Atta_1,803.8,719.1,52.8,63.2,1.7,,,,
17.504,2,Atta_2,199.7,933.5,61.5,39.8,1.0,,,,
17.504,3,Atta_3,386.0,883.8,51.2,-75.6,-2.0,,,,
17.504,4,Atta_4,179.9,1077.5,217.1,-42.2,-2.0,,,,
17.504,5,Atta_5,991.1,1368.2,25.0,59.2,-0.8,,,,
17.504,6,Atta_6,237.8,1667.8,79.5,-49.0,-2.1,,,,
17.504,7,Atta_7,481.7,1155.0,272.6,-60.9,2.5,,,,
17.504,8,Atta_8,322.4,2130.8,27.8,-67.6,-4.2,,,,
17.504,9,Atta_9,141.8,2393.5,78.2,-50.7,-4.4,,,,
17.504,10,Atta_10,328.9,2593.3,4.3,55.1,-1.9,,,,
17.574,1,Atta_1,764.1,768.3,54.7,63.2,1.9,,,,
17.574,2,Atta_2,163.1,932.7,57.2,-36.6,-4.3,,,,
17.574,3,Atta_3,380.6,874.0,45.2,-11.2,-6.0,,,,
17.574,4,Atta_4,201.2,1033.8,215.7,48.6,-1.4,,,,
17.574,5,Atta_5,971.3,1344.0,25.4,-31.3,0.4,,,,
17.574,6,Atta_6,225.0,1695.5,76.9,30.5,-2.6,,,,
17.574,7,Atta_7,429.0,1121.7,265.4,62.3,-7.2,,,,
17.574,8,Atta_8,322.5,2155.5,29.5,24.7,1.7,,,,
17.574,9,Atta_9,133.6,2405.7,72.5,14.7,-5.7,,,,
17.574,10,Atta_10,219.5,2597.4,357.8,-109.5,-6.5,,,,
17.643,1,Atta_1,804.6,767.8,53.2,40.5,-1.5,,,,
17.643,2,Atta_2,129.4,926.1,56.7,-34.3,-0.5,,,,
17.643,3,Atta_3,429.7,910.6,52.0,61.2,6.8,,,,
17.643,4,Atta_4,143.8,1072.6,216.4,69.3,0.7,,,,
17.643,5,Atta_5,1033.5,1335.4,27.7,62.8,2.3,,,,
17.643,6,Atta_6,237.5,1652.9,82.2,-44.4,5.3,,,,
17.643,7,Atta_7,479.9,1127.1,267.6,-51.2,2.2,,,,
17.643,8,Atta_8,314.8,2229.7,26.8,74.6,-2.7,,,,
17.643,9,Atta_9,196.1,2364.2,68.6,-75.0,-3.9,,,,
17.643,10,Atta_10,288.2,2577.5,353.9,71.5,-3.9,,,,
17.713,1,Atta_1,735.7,785.4,50.4,-71.1,-2.8,,,,
17.713,2,Atta_2,152.3,900.2,59.6,-34.6,2.9,,,,
17.713,3,Atta_3,391.6,803.3,54.2,-113.9,2.2,,,,
17.713,4,Atta_4,173.2,1053.7,218.4,-35.0,2.0,,,,
17.713,5,Atta_5,1017.8,1388.3,26.9,55.2,-0.8,,,,
17.713,6,Atta_6,216.6,1706.3,79.4,57.3,-2.8,,,,
17.713,7,Atta_7,441.8,1072.3,265.1,66.7,-2.5,,,,
17.713,8,Atta_8,394.1,2227.4,27.5,79.3,0.7,,,,
17.713,9,Atta_9,179.0,2451.4,61.8,88.9,-6.8,,,,
17.713,10,Atta_10,300.7,2595.4,349.6,21.8,-4.3,,,,
17.846,1,Atta_1,846.8,840.6,52.2,124.1,1.8,,,,
17.846,2,Atta_2,177.6,875.4,61.8,-35.4,2.2,,,,
17.846,3,Atta_3,403.7,905.0,55.5,102.4,1.3,,,,
17.846,4,Atta_4,112.9,1074.4,218.2,63.8,-0.2,,,,
17.846,5,Atta_5,1067.4,1350.2,26.2,62.5,-0.7,,,,
17.846,6,Atta_6,223.6,1755.9,81.9,50.1,2.5,,,,
17.846,7,Atta_7,433.5,1080.8,270.5,-11.9,5.4,,,,
17.846,8,Atta_8,419.5,2245.4,27.7,31.1,0.2,,,,
17.846,9,Atta_9,150.8,2410.0,53.3,-50.1,-8.5,,,,
17.846,10,Atta_10,303.5,2568.9,341.2,26.6,-8.4,,,,
17.917,1,Atta_1,812.8,799.7,56.4,-53.2,4.2,,,,
17.917,2,Atta_2,118.2,882.4,56.7,-59.8,-5.1,,,,
17.917,3,Atta_3,461.6,876.5,49.6,64.5,-5.9,,,,
17.917,4,Atta_4,111.6,1030.3,218.1,44.1,-0.1,,,,
17.917,5,Atta_5,1127.7,1359.7,30.7,61.0,4.5,,,,
17.917,6,Atta_6,198.0,1740.9,76.2,-29.7,-5.7,,,,
17.917,7,Atta_7,508.0,1056.4,272.7,78.4,2.2,,,,
17.917,8,Atta_8,361.3,2208.2,28.3,-69.1,0.6,,,,
17.917,9,Atta_9,167.3,2428.0,48.7,24.4,-4.6,,,,
17.917,10,Atta_10,240.9,2620.1,334.7,-80.9,-6.5,,,,
17.986,1,Atta_1,873.4,819.4,51.5,63.7,-4.9,,,,
17.986,2,Atta_2,113.9,911.1,57.1,29.0,0.4,,,,
17.986,3,Atta_3,423.0,874.4,51.0,-38.7,1.4,,,,
17.986,4,Atta_4,92.3,1026.1,219.7,19.8,1.6,,,,
17.986,5,Atta_5,1107.6,1383.7,24.9,-31.3,-5.8,,,,
17.986,6,Atta_6,211.4,1717.0,81.8,-27.4,5.6,,,,
17.986,7,Atta_7,505.5,1094.7,268.0,-38.4,-4.7,,,,
17.986,8,Atta_8,430.3,2200.2,26.6,69.5,-1.7,,,,
17.986,9,Atta_9,189.8,2426.5,46.8,22.5,-1.9,,,,
17.986,10,Atta_10,277.9,2626.8,331.7,37.6,-3.0,,,,
18.056,1,Atta_1,818.2,853.6,53.3,-64.9,1.8,,,,
18.056,2,Atta_2,104.6,889.8,56.1,-23.2,-1.0,,,,
18.056,3,Atta_3,370.0,926.8,49.0,74.5,-2.0,,,,
18.056,5,Atta_5,1085.5,1385.5,27.8,-22.2,2.9,,,,
18.056,6,Atta_6,242.0,1731.2,82.6,33.7,0.8,,,,
18.056,7,Atta_7,486.0,1060.1,269.4,39.7,1.4,,,,
18.056,8,Atta_8,435.7,2188.0,29.9,-13.3,3.3,,,,
18.056,9,Atta_9,195.5,2454.0,40.4,28.1,-6.4,,,,
18.056,10,Atta_10,306.8,2578.8,329.3,56.0,-2.4,,,,
18.117,1,Atta_1,905.2,854.5,53.0,87.0,-0.3,,,,
18.117,2,Atta_2,160.6,820.2,56.0,-89.3,-0.1,,,,
18.117,3,Atta_3,447.6,945.0,44.6,79.7,-4.4,,,,
18.117,4,Atta_4,94.8,1074.8,221.5,-48.8,1.8,,,,
18.117,5,Atta_5,1075.4,1413.4,26.7,29.7,-1.1,,,,
18.117,6,Atta_6,256.8,1797.4,80.6,67.8,-2.0,,,,
18.117,7,Atta_7,531.7,1099.4,268.2,-60.3,-1.2,,,,
18.117,8,Atta_8,439.7,2246.5,26.4,58.6,-3.5,,,,
18.117,9,Atta_9,209.9,2318.3,36.1,-136.5,-4.3,,,,
18.117,10,Atta_10,278.5,2537.9,320.8,-49.7,-8.5,,,,
18.233,1,Atta_1,854.1,871.9,53.0,-54.0,0.0,,,,
18.233,2,Atta_2,89.4,857.3,59.1,-80.3,3.1,,,,
18.233,3,Atta_3,438.9,905.7,47.8,-40.3,3.2,,,,
18.233,4,Atta_4,60.7,1031.0,222.0,55.5,0.5,,,,
18.233,5,Atta_5,1131.0,1374.8,26.6,67.7,-0.1,,,,
18.233,6,Atta_6,265.4,1772.6,83.4,-26.2,2.8,,,,
18.233,7,Atta_7,461.6,1105.9,267.7,-70.4,-0.5,,,,
18.233,8,Atta_8,503.2,2285.4,28.7,74.5,2.3,,,,
18.233,9,Atta_9,219.5,2375.6,30.9,58.1,-5.2,,,,
18.233,10,Atta_10,251.8,2601.2,318.8,-68.7,-2.0,,,,
18.303,1,Atta_1,789.8,854.8,51.6,-66.5,-1.4,,,,
18.303,2,Atta_2,66.5,786.6,58.4,-74.3,-0.7,,,,
18.303,3,Atta_3,398.5,926.0,42.3,-45.2,-5.5,,,,
18.303,4,Atta_4,175.5,1063.4,223.3,-119.3,1.3,,,,
18.303,5,Atta_5,1069.4,1379.4,28.5,-61.8,1.9,,,,
18.303,6,Atta_6,256.0,1876.4,79.3,104.2,-4.1,,,,
18.303,7,Atta_7,521.1,1116.1,270.5,-60.4,2.8,,,,
18.303,8,Atta_8,496.4,2297.9,26.9,14.2,-1.8,,,,
18.303,9,Atta_9,169.8,2366.4,31.3,-50.5,0.4,,,,
18.303,10,Atta_10,277.6,2543.4,317.3,63.3,-1.5,,,,
18.354,1,Atta_1,811.7,815.0,53.2,-45.4,1.6,,,,
18.354,2,Atta_2,68.8,831.3,58.1,44.8,-0.3,,,,
18.354,3,Atta_3,364.7,897.8,45.0,-44.0,2.7,,,,
18.354,4,Atta_4,197.4,1142.3,223.1,-81.9,-0.2,,,,
18.354,5,Atta_5,1123.2,1438.4,27.6,79.8,-0.9,,,,
18.354,6,Atta_6,226.1,1740.6,81.1,-139.1,1.8,,,,
18.354,7,Atta_7,454.1,1135.5,271.2,-69.8,0.7,,,,
18.354,8,Atta_8,490.7,2249.9,27.4,-48.3,0.5,,,,
18.354,9,Atta_9,217.9,2403.7,29.7,60.9,-1.6,,,,
18.354,10,Atta_10,294.5,2571.4,318.7,-32.7,1.4,,,,
18.42,1,Atta_1,851.2,908.9,53.7,101.9,0.5,,,,
18.42,2,Atta_2,98.4,754.9,56.4,-81.9,-1.7,,,,
18.42,3,Atta_3,337.5,874.1,48.8,-36.1,3.8,,,,
18.42,4,Atta_4,167.2,1128.6,220.2,33.2,-2.9,,,,
18.42,5,Atta_5,1124.3,1459.4,27.1,21.0,-0.5,,,,
18.42,6,Atta_6,265.7,1806.3,80.7,76.7,-0.4,,,,
18.42,7,Atta_7,490.2,1088.5,271.7,59.3,0.5,,,,
18.42,8,Atta_8,524.8,2280.5,27.9,45.8,0.5,,,,
18.42,9,Atta_9,188.0,2365.3,31.4,-48.7,1.7,,,,
18.42,10,Atta_10,307.6,2537.5,317.6,36.3,-1.1,,,,
18.49,1,Atta_1,910.3,899.9,54.5,59.8,0.8,,,,
18.49,2,Atta_2,183.9,803.6,55.3,98.4,-1.1,,,,
18.49,3,Atta_3,408.1,797.7,44.7,-104.0,-4.1,,,,
18.49,4,Atta_4,164.8,1081.3,222.1,47.4,1.9,,,,
18.49,5,Atta_5,1125.2,1437.8,27.9,-21.6,0.8,,,,
18.49,6,Atta_6,272.9,1767.1,82.2,-39.9,1.5,,,,
18.49,7,Atta_7,533.4,1079.9,270.5,44.0,-1.2,,,,
18.49,8,Atta_8,485.1,2246.4,26.6,-52.3,-1.3,,,,
18.49,9,Atta_9,171.8,2409.4,26.8,47.0,-4.6,,,,
18.49,10,Atta_10,293.4,2614.7,320.5,-78.5,2.9,,,,
18.559,1,Atta_1,940.6,897.3,53.4,30.4,-1.1,,,,
18.559,2,Atta_2,141.1,840.2,47.9,56.3,-7.4,,,,
18.559,3,Atta_3,356.4,859.4,42.4,80.5,-2.3,,,,
18.559,4,Atta_4,141.9,1068.8,229.9,26.1,7.8,,,,
18.559,5,Atta_5,1223.5,1434.9,24.3,98.3,-3.6,,,,
18.559,6,Atta_6,224.9,1807.7,80.3,62.9,-1.9,,,,
18.559,7,Atta_7,502.2,1180.1,277.5,-104.9,7.0,,,,
18.559,8,Atta_8,503.9,2269.4,29.7,29.7,3.1,,,,
18.559,9,Atta_9,151.4,2433.7,28.0,-31.7,1.2,,,,
18.559,10,Atta_10,324.1,2563.8,325.0,59.4,4.5,,,,
18.628,1,Atta_1,919.7,901.5,51.6,-21.3,-1.8,,,,
18.628,2,Atta_2,36.9,805.2,44.1,-109.9,-3.8,,,,
18.628,3,Atta_3,361.0,846.9,38.9,-13.3,-3.5,,,,
18.628,4,Atta_4,145.5,1075.7,235.6,-7.8,5.7,,,,
18.628,5,Atta_5,1156.2,1432.3,28.1,-67.4,3.8,,,,
18.628,6,Atta_6,235.3,1843.7,79.2,37.5,-1.1,,,,
18.628,7,Atta_7,478.7,1138.3,280.7,48.0,3.2,,,,
18.628,8,Atta_8,493.0,2289.6,26.8,23.0,-2.9,,,,
18.628,9,Atta_9,176.9,2363.4,29.6,-74.8,1.6,,,,
18.628,10,Atta_10,326.7,2556.7,318.9,7.6,-6.1,,,,
18.697,1,Atta_1,890.8,930.3,54.7,40.8,3.1,,,,
18.697,2,Atta_2,107.4,805.8,38.8,70.5,-5.3,,,,
18.697,3,Atta_3,334.8,838.5,31.3,-27.5,-7.6,,,,
18.697,4,Atta_4,122.0,1073.9,238.4,23.6,2.8,,,,
18.697,5,Atta_5,1165.6,1390.0,30.2,-43.3,2.1,,,,
18.697,6,Atta_6,263.6,1875.8,80.1,42.8,0.9,,,,
18.697,7,Atta_7,500.9,1102.4,283.1,42.2,2.4,,,,
18.697,8,Atta_8,474.4,2296.4,28.1,-19.8,1.3,,,,
18.697,9,Atta_9,169.2,2448.9,27.3,85.8,-2.3,,,,
18.697,10,Atta_10,333.9,2575.7,323.6,-20.3,4.7,,,,
18.767,1,Atta_1,904.5,930.8,54.5,13.7,-0.2,,,,
18.767,2,Atta_2,133.1,806.5,35.9,25.7,-2.9,,,,
18.767,3,Atta_3,395.0,865.1,29.4,65.8,-1.9,,,,
18.767,4,Atta_4,159.1,1093.0,240.8,-41.7,2.4,,,,
18.767,5,Atta_5,1219.6,1426.6,33.6,65.2,3.4,,,,
18.767,6,Atta_6,232.6,1870.9,81.1,-31.4,1.0,,,,
18.767,7,Atta_7,487.5,1110.1,290.3,-15.5,7.2,,,,
18.767,8,Atta_8,551.8,2306.9,28.2,78.1,0.1,,,,
18.767,9,Atta_9,157.4,2427.3,28.1,-24.6,0.8,,,,
18.767,10,Atta_10,270.0,2508.5,320.2,-92.7,-3.4,,,,
18.823,1,Atta_1,870.7,922.7,55.0,-34.8,0.5,,,,
18.823,2,Atta_2,60.8,791.5,30.5,-73.8,-5.4,,,,
18.823,3,Atta_3,405.4,898.0,24.6,34.5,-4.8,,,,
18.823,4,Atta_4,138.6,1117.7,245.3,-32.1,4.5,,,,
18.823,5,Atta_5,1165.4,1408.5,36.9,-57.1,3.3,,,,
18.823,6,Atta_6,264.4,1901.1,79.2,43.9,-1.9,,,,
18.823,7,Atta_7,463.5,1116.0,295.8,-24.7,5.5,,,,
18.823,8,Atta_8,575.2,2290.5,29.7,28.6,1.5,,,,
18.823,9,Atta_9,159.3,2401.4,30.7,-26.0,2.6,,,,
18.823,10,Atta_10,314.6,2550.6,319.0,61.3,-1.2,,,,
18.893,1,Atta_1,889.3,949.9,50.9,33.0,-4.1,,,,
18.893,2,Atta_2,61.1,768.3,21.4,-23.2,-9.1,,,,
18.893,3,Atta_3,361.8,868.4,16.9,-52.7,-7.7,,,,
18.893,4,Atta_4,202.6,1097.8,246.9,-67.0,1.6,,,,
18.893,5,Atta_5,1199.1,1466.5,40.2,67.1,3.3,,,,
18.893,6,Atta_6,279.2,1934.9,78.6,36.9,-0.6,,,,
18.893,7,Atta_7,541.2,1130.8,299.7,79.1,3.9,,,,
18.893,8,Atta_8,513.4,2347.8,27.9,-84.3,-1.8,,,,
18.893,9,Atta_9,220.4,2398.2,29.5,61.2,-1.2,,,,
18.893,10,Atta_10,336.9,2578.0,321.6,-35.3,2.6,,,,
18.945,1,Atta_1,940.8,909.2,57.0,65.6,6.1,,,,
18.945,2,Atta_2,107.4,779.4,23.7,47.6,2.3,,,,
18.945,3,Atta_3,375.2,852.0,16.0,21.2,-0.9,,,,
18.945,4,Atta_4,171.0,1083.5,256.7,34.7,9.8,,,,
18.945,5,Atta_5,1229.9,1464.9,45.9,30.8,5.7,,,,
18.945,6,Atta_6,219.0,1897.1,81.4,-71.1,2.8,,,,
18.945,7,Atta_7,521.5,1088.4,304.4,46.8,4.7,,,,
18.945,8,Atta_8,527.3,2332.5,29.9,20.7,2.0,,,,
18.945,9,Atta_9,154.9,2462.3,27.4,-91.6,-2.1,,,,
18.945,10,Atta_10,375.7,2534.6,321.1,58.2,-0.5,,,,
19.016,1,Atta_1,935.5,899.7,56.4,-10.9,-0.6,,,,
19.016,2,Atta_2,100.7,779.3,15.1,-6.7,-8.6,,,,
19.016,3,Atta_3,361.2,860.0,10.0,-16.1,-6.0,,,,
19.016,4,Atta_4,139.6,1106.4,257.1,-38.9,0.4,,,,
19.016,5,Atta_5,1200.2,1470.7,48.0,-30.3,2.1,,,,
19.016,6,Atta_6,267.8,1954.6,81.1,75.4,-0.3,,,,
19.016,7,Atta_7,508.0,1158.9,305.2,-71.8,0.8,,,,
19.016,8,Atta_8,543.7,2279.3,24.1,-55.7,-5.8,,,,
19.016,9,Atta_9,231.4,2492.0,28.8,82.1,1.4,,,,
19.016,10,Atta_10,345.1,2527.5,317.0,-31.4,-4.1,,,,
19.07,1,Atta_1,907.7,984.2,54.1,89.0,-2.3,,,,
19.07,2,Atta_2,130.0,805.6,16.6,39.4,1.5,,,,
19.07,3,Atta_3,414.7,851.0,5.1,54.3,-4.9,,,,
19.07,4,Atta_4,201.8,1159.3,262.3,-81.7,5.2,,,,
19.07,5,Atta_5,1170.4,1431.9,54.9,-48.9,6.9,,,,
19.07,6,Atta_6,299.3,1897.7,82.1,-65.0,1.0,,,,
19.07,7,Atta_7,507.7,1048.0,314.5,110.9,9.3,,,,
19.07,8,Atta_8,625.4,2300.7,24.5,84.5,0.4,,,,
19.07,9,Atta_9,208.5,2461.0,29.6,-38.5,0.8,,,,
19.07,10,Atta_10,424.0,2551.6,318.7,82.5,1.7,,,,
19.21,1,Atta_1,907.1,1017.8,55.1,33.6,1.0,,,,
19.21,2,Atta_2,58.8,783.5,5.8,-74.6,-10.8,,,,
19.21,3,Atta_3,388.8,884.4,358.4,-42.3,-6.7,,,,
19.21,4,Atta_4,184.5,1153.3,273.9,18.3,11.6,,,,
19.21,5,Atta_5,1176.8,1410.0,64.0,-22.8,9.1,,,,
19.21,6,Atta_6,218.7,1935.3,77.6,88.9,-4.5,,,,
19.21,7,Atta_7,490.5,1129.8,318.3,-83.6,3.8,,,,
19.21,8,Atta_8,593.6,2319.0,31.0,-36.7,6.5,,,,
19.21,9,Atta_9,260.8,2416.0,31.2,69.0,1.6,,,,
19.21,10,Atta_10,391.9,2514.5,320.1,49.1,1.4,,,,
19.279,1,Atta_1,955.2,1005.0,56.5,49.8,1.4,,,,
19.279,2,Atta_2,99.2,830.8,357.4,62.2,-8.4,,,,
19.279,3,Atta_3,360.0,893.4,352.1,-30.2,-6.3,,,,
19.279,4,Atta_4,135.7,1080.3,273.9,87.8,0.0,,,,
19.279,5,Atta_5,1162.9,1445.7,67.6,38.3,3.6,,,,
19.279,6,Atta_6,282.9,1986.9,81.4,82.4,3.8,,,,
19.279,7,Atta_7,501.3,1115.9,326.2,17.6,7.9,,,,
19.279,8,Atta_8,624.0,2343.6,26.7,39.1,-4.3,,,,
19.279,9,Atta_9,206.6,2399.7,31.4,-56.6,0.2,,,,
19.279,10,Atta_10,382.7,2458.1,322.2,57.1,2.1,,,,
19.345,1,Atta_1,927.2,1045.5,53.3,49.2,-3.2,,,,
19.345,2,Atta_2,125.6,848.3,351.2,31.7,-6.2,,,,
19.345,3,Atta_3,391.6,896.6,347.3,31.8,-4.8,,,,
19.345,4,Atta_4,147.5,1089.3,281.5,-14.8,7.6,,,,
19.345,5,Atta_5,1207.8,1480.2,72.0,56.6,4.4,,,,
19.345,6,Atta_6,210.2,1941.4,79.6,-85.8,-1.8,,,,
19.345,7,Atta_7,510.4,1162.0,328.7,-47.0,2.5,,,,
19.345,8,Atta_8,608.1,2349.4,29.0,-16.9,2.3,,,,
19.345,9,Atta_9,251.2,2442.1,34.8,61.5,3.4,,,,
19.345,10,Atta_10,398.9,2503.9,318.6,-48.6,-3.6,,,,
19.415,1,Atta_1,976.7,1026.8,57.5,52.9,4.2,,,,
19.415,2,Atta_2,104.5,773.6,348.5,-77.6,-2.7,,,,
19.415,3,Atta_3,387.1,840.1,347.4,56.7,0.1,,,,
19.415,4,Atta_4,112.7,1097.6,279.2,-35.8,-2.3,,,,
19.415,5,Atta_5,1214.4,1389.4,78.9,-91.0,6.9,,,,
19.415,6,Atta_6,308.0,2007.0,87.2,117.8,7.6,,,,
19.415,7,Atta_7,479.7,1119.7,326.8,-52.3,-1.9,,,,
19.415,8,Atta_8,613.9,2310.2,26.7,-39.6,-2.3,,,,
19.415,9,Atta_9,152.7,2444.5,33.0,-98.5,-1.8,,,,
19.415,10,Atta_10,414.5,2471.1,322.8,36.3,4.2,,,,
19.482,1,Atta_1,1001.3,972.3,52.4,-59.8,-5.1,,,,
19.482,2,Atta_2,90.7,781.6,344.2,-16.0,-4.3,,,,
19.482,3,Atta_3,425.6,868.5,348.8,47.8,1.4,,,,
19.482,4,Atta_4,171.8,1086.6,279.4,60.1,0.2,,,,
19.482,5,Atta_5,1113.0,1411.4,80.8,103.8,1.9,,,,
19.482,6,Atta_6,254.6,1954.5,91.1,-74.9,3.9,,,,
19.482,7,Atta_7,514.3,1109.3,328.4,36.1,1.6,,,,
19.482,8,Atta_8,667.1,2349.2,28.9,66.0,2.2,,,,
19.482,9,Atta_9,137.2,2425.8,31.5,-24.3,-1.5,,,,
19.482,10,Atta_10,409.7,2458.4,317.9,13.6,-4.9,,,,
19.548,1,Atta_1,973.1,1025.0,56.2,59.8,3.8,,,,
19.548,2,Atta_2,131.0,809.0,340.5,48.7,-3.7,,,,
19.548,3,Atta_3,353.8,821.4,351.3,-85.9,2.5,,,,
19.548,4,Atta_4,138.0,1132.3,276.3,-56.8,-3.1,,,,
19.548,5,Atta_5,1149.6,1471.7,88.3,70.5,7.5,,,,
19.548,6,Atta_6,298.1,1936.8,94.8,-47.0,3.7,,,,
19.548,7,Atta_7,454.8,1153.9,326.4,-74.4,-2.0,,,,
19.548,8,Atta_8,632.5,2358.2,24.1,-35.8,-4.8,,,,
19.548,9,Atta_9,185.8,2409.5,30.9,51.3,-0.6,,,,
19.548,10,Atta_10,431.0,2522.9,321.2,-67.9,3.3,,,,
19.615,1,Atta_1,964.2,1016.3,56.3,-12.4,0.1,,,,
19.615,2,Atta_2,123.7,809.1,336.6,-7.3,-3.9,,,,
19.615,3,Atta_3,390.8,901.2,353.4,88.0,2.1,,,,
19.615,4,Atta_4,173.1,1078.6,281.4,64.2,5.1,,,,
19.615,5,Atta_5,1183.7,1393.5,90.2,-85.3,1.9,,,,
19.615,6,Atta_6,262.4,1905.4,103.2,-47.5,8.4,,,,
19.615,7,Atta_7,493.5,1132.9,326.2,44.0,-0.2,,,,
19.615,8,Atta_8,630.7,2342.6,31.3,-15.7,7.2,,,,
19.615,9,Atta_9,156.6,2469.6,23.8,66.8,-7.1,,,,
19.615,10,Atta_10,419.9,2465.0,319.5,59.0,-1.7,,,,
19.735,1,Atta_1,984.3,1008.2,56.4,21.7,0.1,,,,
19.735,2,Atta_2,71.0,811.4,329.7,-52.8,-6.9,,,,
19.735,3,Atta_3,379.2,846.0,351.3,-56.4,-2.1,,,,
19.735,4,Atta_4,215.8,1088.3,277.5,-43.8,-3.9,,,,
19.735,5,Atta_5,1109.6,1423.9,96.0,80.1,5.8,,,,
19.735,6,Atta_6,251.0,1923.2,109.4,21.1,6.2,,,,
19.735,7,Atta_7,466.4,1091.6,331.5,49.4,5.3,,,,
19.735,8,Atta_8,725.7,2420.8,25.5,123.0,-5.8,,,,
19.735,9,Atta_9,160.0,2369.9,24.6,-99.8,0.8,,,,
19.735,10,Atta_10,462.7,2436.4,318.4,51.5,-1.1,,,,
19.787,1,Atta_1,1055.1,1057.3,58.7,86.2,2.3,,,,
19.787,2,Atta_2,83.4,843.1,326.0,-34.0,-3.7,,,,
19.787,3,Atta_3,471.4,853.6,351.4,92.5,0.1,,,,
19.787,4,Atta_4,188.2,1063.6,279.8,37.0,2.3,,,,
19.787,5,Atta_5,1192.8,1402.9,95.5,-85.8,-0.5,,,,
19.787,6,Atta_6,267.5,1981.2,111.5,60.3,2.1,,,,
19.787,7,Atta_7,488.6,1169.3,325.5,-80.8,-6.0,,,,
19.787,8,Atta_8,589.5,2431.6,27.8,-136.6,2.3,,,,
19.787,9,Atta_9,211.6,2382.7,15.3,53.2,-9.3,,,,
19.787,10,Atta_10,434.2,2403.0,320.2,43.9,1.8,,,,
19.855,1,Atta_1,1021.1,1045.9,56.8,-35.9,-1.9,,,,
19.855,2,Atta_2,62.5,776.2,324.9,70.1,-1.1,,,,
19.855,3,Atta_3,437.2,907.2,354.1,-63.6,2.7,,,,
19.855,4,Atta_4,190.7,1053.1,278.9,10.8,-0.9,,,,
19.855,5,Atta_5,1185.0,1507.3,101.3,104.7,5.8,,,,
19.855,6,Atta_6,245.9,1930.8,110.9,-54.8,-0.6,,,,
19.855,7,Atta_7,511.0,1076.6,330.0,95.4,4.5,,,,
19.855,8,Atta_8,656.7,2424.9,30.7,67.5,2.9,,,,
19.855,9,Atta_9,162.6,2349.3,9.5,-59.3,-5.8,,,,
19.855,10,Atta_10,479.7,2423.6,318.6,49.9,-1.6,,,,
19.926,1,Atta_1,1029.8,1050.9,57.8,10.0,1.0,,,,
19.926,2,Atta_2,108.1,810.7,329.2,57.2,4.3,,,,
19.926,3,Atta_3,422.3,877.8,351.9,-33.0,-2.2,,,,
19.926,4,Atta_4,160.9,1046.7,278.1,30.5,-0.8,,,,
19.926,5,Atta_5,1150.8,1509.5,99.4,34.3,-1.9,,,,
19.926,6,Atta_6,295.3,2009.9,116.7,93.3,5.8,,,,
19.926,7,Atta_7,515.9,1126.6,328.2,-50.2,-1.8,,,,
19.926,8,Atta_8,664.1,2370.7,28.4,-54.7,-2.3,,,,
19.926,9,Atta_9,188.2,2426.5,8.3,81.3,-1.2,,,,
19.926,10,Atta_10,454.7,2408.7,319.9,-29.1,1.3,,,,
19.993,1,Atta_1,1032.4,1085.4,56.3,34.6,-1.5,,,,
19.993,2,Atta_2,98.8,818.3,326.5,-12.0,-2.7,,,,
19.993,3,Atta_3,453.6,807.0,349.8,77.4,-2.1,,,,
19.993,4,Atta_4,162.1,1072.0,278.8,-25.3,0.7,,,,
19.993,5,Atta_5,1210.1,1464.0,100.4,-74.7,1.0,,,,
19.993,6,Atta_6,243.2,2024.3,123.5,54.1,6.8,,,,
19.993,7,Atta_7,531.7,1081.1,328.2,48.2,0.0,,,,
19.993,8,Atta_8,639.3,2353.5,29.6,-30.2,1.2,,,,
19.993,9,Atta_9,188.4,2355.3,2.4,-71.2,-5.9,,,,
19.993,10,Atta_10,489.8,2396.0,315.8,37.3,-4.1,,,,
20.11,1,Atta_1,1007.4,1111.3,55.2,36.0,-1.1,,,,
20.11,2,Atta_2,113.0,809.1,327.8,16.9,1.3,,,,
20.11,3,Atta_3,477.1,860.9,348.6,58.8,-1.2,,,,
20.11,4,Atta_4,146.5,1034.3,281.5,40.8,2.7,,,,
20.11,5,Atta_5,1132.1,1490.4,97.7,82.3,-2.7,,,,
20.11,6,Atta_6,250.2,1989.1,131.1,-35.9,7.6,,,,
20.11,7,Atta_7,585.0,1154.3,329.8,90.5,1.6,,,,
20.11,8,Atta_8,684.1,2419.5,29.1,79.8,-0.5,,,,
20.11,9,Atta_9,148.0,2398.8,358.0,-59.4,-4.4,,,,
20.11,10,Atta_10,438.1,2394.4,316.2,-51.7,0.4,,,,
20.166,1,Atta_1,1028.2,1160.5,55.0,53.4,-0.2,,,,
20.166,2,Atta_2,106.7,796.4,326.5,14.2,-1.3,,,,
20.166,3,Atta_3,444.7,880.2,356.4,-37.7,7.8,,,,
20.166,4,Atta_4,168.9,1012.6,280.6,31.2,-0.9,,,,
20.166,5,Atta_5,1158.6,1434.6,100.6,-61.8,2.9,,,,
20.166,6,Atta_6,301.9,1938.3,136.9,-72.5,5.8,,,,
20.166,7,Atta_7,589.7,1034.8,331.7,119.6,1.9,,,,
20.166,9,Atta_9,166.4,2402.1,351.6,18.7,-6.4,,,,
20.166,10,Atta_10,463.4,2418.5,316.5,34.9,0.3,,,,
20.236,1,Atta_1,1017.0,1084.7,56.1,-76.6,1.1,,,,
20.236,2,Atta_2,92.3,773.2,325.9,27.3,-0.6,,,,
20.236,3,Atta_3,515.7,836.0,348.3,83.6,-8.1,,,,
20.236,4,Atta_4,119.3,1027.7,273.1,-51.8,-7.5,,,,
20.236,5,Atta_5,1167.3,1484.9,98.8,51.0,-1.8,,,,
20.236,6,Atta_6,265.9,1976.0,140.5,52.1,3.6,,,,
20.236,7,Atta_7,575.6,1048.7,329.8,-19.8,-1.9,,,,
20.236,8,Atta_8,712.4,2412.0,29.7,29.3,0.6,,,,
20.236,9,Atta_9,209.3,2406.4,344.1,43.1,-7.5,,,,
20.236,10,Atta_10,528.0,2398.5,317.3,67.6,0.8,,,,
20.306,1,Atta_1,1041.3,1175.8,50.1,94.3,-6.0,,,,
20.306,2,Atta_2,120.3,801.9,325.5,40.1,-0.4,,,,
20.306,3,Atta_3,530.2,801.9,353.3,37.1,5.0,,,,
20.306,4,Atta_4,149.6,966.7,278.1,68.1,5.0,,,,
20.306,5,Atta_5,1223.2,1435.5,94.5,-74.6,-4.3,,,,
20.306,6,Atta_6,261.9,1932.6,139.6,-43.6,-0.9,,,,
20.306,7,Atta_7,532.3,1045.7,331.8,-43.4,2.0,,,,
20.306,8,Atta_8,712.3,2475.5,28.7,63.5,-1.0,,,,
20.306,9,Atta_9,185.4,2409.6,339.1,-24.1,-5.0,,,,
20.306,10,Atta_10,520.8,2432.1,316.6,-34.4,-0.7,,,,
20.375,1,Atta_1,1050.7,1116.0,57.1,-60.5,7.0,,,,
20.375,2,Atta_2,75.1,811.7,326.4,-46.3,0.9,,,,
20.375,3,Atta_3,505.4,856.0,349.7,-59.5,-3.6,,,,
20.375,4,Atta_4,158.2,939.0,276.2,29.0,-1.9,,,,
20.375,5,Atta_5,1188.1,1461.4,102.9,43.6,8.4,,,,
20.375,6,Atta_6,336.4,1922.5,140.2,-75.2,0.6,,,,
20.375,7,Atta_7,561.2,1030.4,324.7,32.7,-7.1,,,,
20.375,8,Atta_8,801.2,2424.1,27.5,102.7,-1.2,,,,
20.375,9,Atta_9,134.4,2437.9,336.8,-58.3,-2.3,,,,
20.375,10,Atta_10,510.2,2328.2,315.5,104.4,-1.1,,,,
20.444,1,Atta_1,1057.1,1153.6,59.1,38.1,2.0,,,,
20.444,2,Atta_2,100.6,802.5,325.0,27.1,-1.4,,,,
20.444,3,Atta_3,564.9,857.3,345.4,59.5,-4.3,,,,
20.444,4,Atta_4,200.8,968.1,287.2,-51.6,11.0,,,,
20.444,5,Atta_5,1157.6,1542.1,102.0,86.3,-0.9,,,,
20.444,6,Atta_6,278.2,1953.7,136.4,66.0,-3.8,,,,
20.444,7,Atta_7,596.1,1069.7,331.3,52.6,6.6,,,,
20.444,8,Atta_8,757.5,2446.2,27.9,-49.0,0.4,,,,
20.444,9,Atta_9,168.2,2440.2,335.1,33.9,-1.7,,,,
20.444,10,Atta_10,474.7,2345.7,309.3,-39.6,-6.2,,,,
20.511,1,Atta_1,1089.5,1137.8,53.4,36.0,-5.7,,,,
20.511,2,Atta_2,174.4,804.8,327.6,73.8,2.6,,,,
20.511,3,Atta_3,394.2,876.4,345.5,-171.8,0.1,,,,
20.511,4,Atta_4,137.5,995.0,290.7,-68.8,3.5,,,,
20.511,5,Atta_5,1161.5,1465.9,102.3,-76.3,0.3,,,,
20.511,6,Atta_6,255.7,2002.0,137.9,53.3,1.5,,,,
20.511,7,Atta_7,623.4,1079.6,336.3,29.0,5.0,,,,
20.511,8,Atta_8,734.1,2486.9,27.2,-46.9,-0.7,,,,
20.511,9,Atta_9,168.4,2400.3,333.6,39.9,-1.5,,,,
20.511,10,Atta_10,418.5,2397.0,306.1,-76.1,-3.2,,,,
20.579,1,Atta_1,1104.4,1180.2,59.9,44.9,6.5,,,,
20.579,2,Atta_2,174.7,810.0,323.0,-5.2,-4.6,,,,
20.579,3,Atta_3,554.1,810.5,335.6,172.9,-9.9,,,,
20.579,4,Atta_4,130.4,976.5,292.6,19.8,1.9,,,,
20.579,5,Atta_5,1163.2,1561.4,102.5,95.5,0.2,,,,
20.579,6,Atta_6,252.6,1936.9,128.8,-65.2,-9.1,,,,
20.579,7,Atta_7,534.3,1113.4,342.5,-95.3,6.2,,,,
20.579,8,Atta_8,803.1,2436.9,29.3,85.2,2.1,,,,
20.579,9,Atta_9,156.9,2399.4,331.7,-11.5,-1.9,,,,
20.579,10,Atta_10,551.2,2468.8,299.0,150.9,-7.1,,,,
20.633,1,Atta_1,1031.9,1175.8,60.0,-72.6,0.1,,,,
20.633,2,Atta_2,208.4,755.1,327.1,64.4,4.1,,,,
20.633,3,Atta_3,481.3,795.3,331.3,-74.4,-4.3,,,,
20.633,4,Atta_4,218.2,975.9,298.0,87.8,5.4,,,,
20.633,5,Atta_5,1151.5,1488.5,98.4,-73.8,-4.1,,,,
20.633,6,Atta_6,244.0,1972.7,129.8,36.8,1.0,,,,
20.633,7,Atta_7,562.4,1002.5,347.3,114.4,4.8,,,,
20.633,8,Atta_8,827.9,2464.5,29.9,37.1,0.6,,,,
20.633,9,Atta_9,173.9,2338.7,333.6,63.0,1.9,,,,
20.633,10,Atta_10,527.3,2368.1,294.1,103.5,-4.9,,,,
20.701,1,Atta_1,1091.5,1208.7,55.6,68.1,-4.4,,,,
20.701,2,Atta_2,163.1,776.1,326.6,-49.9,-0.5,,,,
20.701,3,Atta_3,454.9,794.4,333.6,-26.4,2.3,,,,
20.701,4,Atta_4,234.1,1020.3,304.5,-47.2,6.5,,,,
20.701,5,Atta_5,1164.6,1505.5,102.7,21.5,4.3,,,,
20.701,6,Atta_6,191.4,1972.1,123.3,52.6,-6.5,,,,
20.701,7,Atta_7,581.6,1088.4,351.2,-88.0,3.9,,,,
20.701,8,Atta_8,832.9,2480.9,31.4,17.1,1.5,,,,
20.701,9,Atta_9,195.3,2363.6,334.1,32.8,0.5,,,,
20.701,10,Atta_10,569.2,2348.3,295.1,46.3,1.0,,,,
20.771,1,Atta_1,1134.0,1201.8,55.6,43.1,0.0,,,,
20.771,2,Atta_2,235.8,693.4,324.6,110.1,-2.0,,,,
20.771,3,Atta_3,495.8,863.9,326.0,80.6,-7.6,,,,
20.771,4,Atta_4,180.7,989.9,305.6,-61.4,1.1,,,,
20.771,5,Atta_5,1210.2,1522.9,99.1,48.8,-3.6,,,,
20.771,6,Atta_6,280.6,1952.7,116.9,-91.3,-6.4,,,,
20.771,7,Atta_7,601.6,1046.1,354.9,46.8,3.7,,,,
20.771,8,Atta_8,845.4,2420.3,26.4,-61.9,-5.0,,,,
20.771,9,Atta_9,210.4,2416.6,334.5,-55.1,0.4,,,,
20.771,10,Atta_10,525.8,2424.2,293.2,-87.4,-1.9,,,,
20.837,1,Atta_1,1140.8,1232.1,55.0,31.1,-0.6,,,,
20.837,2,Atta_2,187.5,724.4,322.9,-57.4,-1.7,,,,
20.837,3,Atta_3,551.6,872.0,317.7,56.4,-8.3,,,,
20.837,4,Atta_4,204.6,923.4,314.3,70.7,8.7,,,,
20.837,5,Atta_5,1153.0,1529.4,98.4,57.6,-0.7,,,,
20.837,6,Atta_6,270.6,1948.6,115.4,10.8,-1.5,,,,
20.837,7,Atta_7,577.2,1093.9,357.9,-53.7,3.0,,,,
20.837,8,Atta_8,768.9,2460.4,28.3,-86.4,1.9,,,,
20.837,9,Atta_9,220.7,2389.1,331.8,29.4,-2.7,,,,
20.837,10,Atta_10,469.7,2307.7,283.1,129.3,-10.1,,,,
20.903,1,Atta_1,1164.5,1213.8,54.8,-29.9,-0.2,,,,
20.903,2,Atta_2,195.7,757.0,326.3,-33.6,3.4,,,,
20.903,3,Atta_3,516.4,810.1,315.2,71.2,-2.5,,,,
20.903,4,Atta_4,141.2,958.8,315.6,-72.6,1.3,,,,
20.903,5,Atta_5,1169.7,1534.8,99.9,17.6,1.5,,,,
20.903,6,Atta_6,267.9,1952.2,113.6,4.5,-1.8,,,,
20.903,7,Atta_7,578.6,1070.4,6.6,23.5,8.7,,,,
20.903,8,Atta_8,832.3,2467.1,31.0,63.8,2.7,,,,
20.903,9,Atta_9,185.5,2359.8,336.8,-45.8,5.0,,,,
20.903,10,Atta_10,519.1,2382.0,278.3,-89.2,-4.8,,,,
20.969,1,Atta_1,1085.2,1265.9,58.3,-94.9,3.5,,,,
20.969,2,Atta_2,203.0,735.4,326.9,22.8,0.6,,,,
20.969,3,Atta_3,474.6,911.7,311.9,-109.9,-3.3,,,,
20.969,4,Atta_4,189.5,931.4,319.7,55.5,4.1,,,,
20.969,5,Atta_5,1134.7,1570.4,100.1,49.9,0.2,,,,
20.969,6,Atta_6,302.8,1938.1,106.0,-37.6,-7.6,,,,
20.969,7,Atta_7,612.8,1011.6,8.7,68.0,2.1,,,,
20.969,8,Atta_8,886.0,2451.1,33.7,56.0,2.7,,,,
20.969,9,Atta_9,234.6,2454.7,333.3,106.8,-3.5,,,,
20.969,10,Atta_10,508.7,2421.3,275.1,-40.7,-3.2,,,,
21.035,1,Atta_1,1091.5,1267.9,58.8,6.6,0.5,,,,
21.035,2,Atta_2,196.9,736.0,324.5,-6.1,-2.4,,,,
21.035,3,Atta_3,539.6,815.5,303.0,116.1,-8.9,,,,
21.035,4,Atta_4,160.7,947.5,324.7,-33.0,5.0,,,,
21.035,5,Atta_5,1101.8,1581.8,98.2,34.8,-1.9,,,,
21.035,6,Atta_6,240.2,1992.9,103.5,83.2,-2.5,,,,
21.035,7,Atta_7,603.3,1059.1,12.0,-48.4,3.3,,,,
21.035,8,Atta_8,890.5,2517.9,28.9,67.0,-4.8,,,,
21.035,9,Atta_9,217.0,2403.3,336.2,54.3,2.9,,,,
21.035,10,Atta_10,461.3,2411.4,272.0,48.4,-3.1,,,,
21.101,1,Atta_1,1164.1,1223.2,62.1,-85.3,3.3,,,,
21.101,2,Atta_2,211.9,732.0,328.4,15.5,3.9,,,,
21.101,3,Atta_3,541.3,833.1,302.8,-17.7,-0.2,,,,
21.101,4,Atta_4,206.8,967.8,331.6,50.4,6.9,,,,
21.101,5,Atta_5,1185.1,1611.9,100.8,88.6,2.6,,,,
21.101,6,Atta_6,252.5,2004.0,94.5,16.6,-9.0,,,,
21.101,7,Atta_7,575.9,1057.0,20.5,-27.5,8.5,,,,
21.101,8,Atta_8,852.8,2532.4,29.6,-40.4,0.7,,,,
21.101,9,Atta_9,247.7,2363.1,333.8,50.6,-2.4,,,,
21.101,10,Atta_10,481.4,2396.1,264.3,25.3,-7.7,,,,
21.167,1,Atta_1,1108.6,1209.1,66.7,-57.3,4.6,,,,
21.167,2,Atta_2,266.0,676.2,324.5,77.7,-3.9,,,,
21.167,3,Atta_3,560.1,915.9,297.4,-84.9,-5.4,,,,
21.167,4,Atta_4,135.2,993.2,331.8,-76.0,0.2,,,,
21.167,5,Atta_5,1173.4,1628.8,101.7,20.6,0.9,,,,
21.167,6,Atta_6,276.8,1966.1,93.7,-45.0,-0.8,,,,
21.167,7,Atta_7,645.7,1041.4,21.1,71.5,0.6,,,,
21.167,8,Atta_8,919.0,2507.3,26.6,70.8,-3.0,,,,
21.167,9,Atta_9,198.5,2376.8,336.2,-51.1,2.4,,,,
21.167,10,Atta_10,474.4,2449.6,260.7,-54.0,-3.6,,,,
21.237,1,Atta_1,1132.3,1260.8,69.8,56.9,3.1,,,,
21.237,2,Atta_2,248.1,690.3,325.5,-22.8,1.0,,,,
21.237,3,Atta_3,517.4,857.1,291.9,72.7,-5.5,,,,
21.237,4,Atta_4,208.0,959.1,337.6,80.4,5.8,,,,
21.237,5,Atta_5,1181.3,1578.6,100.2,-50.8,-1.5,,,,
21.237,6,Atta_6,264.5,1958.2,88.5,-14.6,-5.2,,,,
21.237,7,Atta_7,629.0,1090.1,27.8,51.5,6.7,,,,
21.237,8,Atta_8,902.3,2479.7,27.8,-32.3,1.2,,,,
21.237,9,Atta_9,204.4,2379.7,335.2,6.6,-1.0,,,,
21.237,10,Atta_10,515.8,2415.9,256.4,53.4,-4.3,,,,
21.303,1,Atta_1,1092.5,1210.1,75.5,-64.5,5.7,,,,
21.303,2,Atta_2,272.4,713.2,326.5,33.4,1.0,,,,
21.303,3,Atta_3,518.9,840.2,289.9,17.0,-2.0,,,,
21.303,4,Atta_4,191.5,1012.9,342.0,-56.3,4.4,,,,
21.303,5,Atta_5,1217.9,1623.5,99.1,57.9,-1.1,,,,
21.303,6,Atta_6,262.9,1966.3,84.7,8.3,-3.8,,,,
21.303,7,Atta_7,631.1,1127.9,29.1,37.9,1.3,,,,
21.303,8,Atta_8,925.0,2490.9,27.6,25.3,-0.2,,,,
21.303,9,Atta_9,271.1,2315.4,334.2,92.6,-1.0,,,,
21.303,10,Atta_10,511.9,2442.5,248.6,-26.9,-7.8,,,,
21.371,1,Atta_1,1131.9,1230.3,80.2,44.3,4.7,,,,
21.371,2,Atta_2,249.6,744.2,329.8,-38.5,3.3,,,,
21.371,3,Atta_3,447.1,874.8,286.0,-79.7,-3.9,,,,
21.371,4,Atta_4,139.5,936.7,347.6,-92.3,5.6,,,,
21.371,5,Atta_5,1135.5,1656.7,101.7,88.8,2.6,,,,
21.371,6,Atta_6,333.5,1907.2,81.4,-92.1,-3.3,,,,
21.371,7,Atta_7,603.8,1107.0,34.4,-34.4,5.3,,,,
21.371,8,Atta_8,943.0,2541.3,26.2,53.5,-1.4,,,,
21.371,9,Atta_9,271.6,2392.8,336.7,-77.4,2.5,,,,
21.371,10,Atta_10,565.9,2367.3,246.5,92.6,-2.1,,,,
21.44,1,Atta_1,1169.1,1208.1,87.0,-43.3,6.8,,,,
21.44,2,Atta_2,255.5,701.2,324.3,43.4,-5.5,,,,
21.44,3,Atta_3,542.7,842.2,278.8,101.0,-7.2,,,,
21.44,4,Atta_4,187.4,947.5,349.8,49.1,2.2,,,,
21.44,5,Atta_5,1112.3,1666.1,99.4,25.0,-2.3,,,,
21.44,6,Atta_6,298.8,1988.1,72.1,88.0,-9.3,,,,
21.44,7,Atta_7,557.2,1068.4,41.8,-60.5,7.4,,,,
21.44,8,Atta_8,923.0,2521.1,32.4,-28.4,6.2,,,,
21.44,9,Atta_9,254.4,2350.3,337.7,45.8,1.0,,,,
21.44,10,Atta_10,520.2,2347.5,244.1,49.8,-2.4,,,,
21.506,1,Atta_1,1129.0,1280.7,85.5,82.9,-1.5,,,,
21.506,2,Atta_2,269.6,656.3,323.3,47.1,-1.0,,,,
21.506,3,Atta_3,529.6,813.9,274.2,31.2,-4.6,,,,
21.506,4,Atta_4,253.6,1010.3,354.8,91.2,5.0,,,,
21.506,5,Atta_5,1153.8,1658.3,100.1,-42.2,0.7,,,,
21.506,6,Atta_6,302.9,1950.6,71.1,-37.7,-1.0,,,,
21.506,7,Atta_7,622.2,1064.9,44.7,65.1,2.9,,,,
21.506,8,Atta_8,943.0,2468.2,30.7,-56.6,-1.7,,,,
21.506,9,Atta_9,288.5,2336.4,337.6,36.8,-0.1,,,,
21.506,10,Atta_10,513.9,2436.8,238.9,-89.5,-5.2,,,,
21.575,1,Atta_1,1164.6,1277.7,83.0,-35.7,-2.5,,,,
21.575,2,Atta_2,258.0,738.2,327.0,-82.7,3.7,,,,
21.575,3,Atta_3,596.0,860.5,267.9,-81.1,-6.3,,,,
21.575,4,Atta_4,190.1,947.9,0.8,-89.0,6.0,,,,
21.575,5,Atta_5,1178.7,1661.6,102.2,-25.1,2.1,,,,
21.575,6,Atta_6,296.5,1947.6,68.7,-7.1,-2.4,,,,
21.575,7,Atta_7,624.8,1043.9,47.3,-21.2,2.6,,,,
21.575,8,Atta_8,961.0,2532.9,29.7,67.2,-1.0,,,,
21.575,9,Atta_9,298.0,2367.6,348.4,-32.6,10.8,,,,
21.575,10,Atta_10,530.6,2377.7,234.6,61.4,-4.3,,,,
21.641,1,Atta_1,1163.4,1234.3,86.3,-43.4,3.3,,,,
21.641,2,Atta_2,247.5,694.3,326.2,45.1,-0.8,,,,
21.641,3,Atta_3,463.8,835.3,265.8,134.6,-2.1,,,,
21.641,4,Atta_4,161.2,997.5,5.3,-57.4,4.5,,,,
21.641,5,Atta_5,1125.6,1661.1,100.6,53.1,-1.6,,,,
21.641,6,Atta_6,253.7,1960.5,57.9,-44.7,-10.8,,,,
21.641,7,Atta_7,543.9,1058.7,54.2,-82.2,6.9,,,,
21.641,8,Atta_8,960.0,2521.6,30.9,-11.3,1.2,,,,
21.641,9,Atta_9,252.2,2361.6,346.5,-46.2,-1.9,,,,
21.641,10,Atta_10,547.4,2408.8,228.8,-35.3,-5.8,,,,
21.691,1,Atta_1,1140.9,1249.4,87.8,27.1,1.5,,,,
21.691,2,Atta_2,350.0,696.8,326.5,102.5,0.3,,,,
21.691,4,Atta_4,163.6,949.5,7.5,-48.1,2.2,,,,
21.691,5,Atta_5,1090.9,1669.1,102.4,35.6,1.8,,,,
21.691,6,Atta_6,278.5,1962.8,60.9,24.9,3.0,,,,
21.691,7,Atta_7,570.3,1046.3,58.6,29.2,4.4,,,,
21.691,8,Atta_8,986.9,2543.4,30.5,34.6,-0.4,,,,
21.691,9,Atta_9,323.8,2360.2,354.5,71.6,8.0,,,,
21.691,10,Atta_10,495.6,2420.6,234.0,53.1,5.2,,,,
21.814,1,Atta_1,1111.8,1236.9,88.6,-31.7,0.8,,,,
21.814,2,Atta_2,323.7,672.3,329.5,-35.9,3.0,,,,
21.814,3,Atta_3,492.1,815.0,259.3,34.8,-6.5,,,,
21.814,4,Atta_4,128.7,954.5,13.1,-35.3,5.6,,,,
21.814,5,Atta_5,1152.1,1778.8,102.1,125.6,-0.3,,,,
21.814,6,Atta_6,257.3,1966.6,55.3,-21.5,-5.6,,,,
21.814,7,Atta_7,613.2,1057.1,56.0,44.2,-2.6,,,,
21.814,8,Atta_8,956.1,2544.5,30.9,-30.8,0.4,,,,
21.814,9,Atta_9,261.0,2357.4,0.7,-62.9,6.2,,,,
21.814,10,Atta_10,559.6,2386.3,232.7,-72.6,-1.3,,,,
21.885,1,Atta_1,1140.3,1263.9,85.2,39.3,-3.4,,,,
21.885,2,Atta_2,307.6,627.9,324.3,47.2,-5.2,,,,
21.885,3,Atta_3,534.1,838.7,250.0,-48.2,-9.3,,,,
21.885,4,Atta_4,190.7,1036.2,20.2,102.6,7.1,,,,
21.885,5,Atta_5,1120.7,1689.6,101.9,-94.6,-0.2,,,,
21.885,6,Atta_6,277.2,1908.0,49.8,-61.9,-5.5,,,,
21.885,7,Atta_7,584.3,1056.5,58.2,-28.9,2.2,,,,
21.885,8,Atta_8,976.0,2524.3,27.1,28.4,-3.8,,,,
21.885,9,Atta_9,259.2,2373.6,1.0,-16.3,0.3,,,,
21.885,10,Atta_10,510.1,2387.9,232.9,49.5,0.2,,,,
21.954,1,Atta_1,1118.4,1240.1,83.6,-32.3,-1.6,,,,
21.954,2,Atta_2,312.0,604.3,330.2,24.0,5.9,,,,
21.954,3,Atta_3,527.7,799.4,252.4,39.8,2.4,,,,
21.954,4,Atta_4,261.0,1047.1,20.7,71.1,0.5,,,,
21.954,5,Atta_5,1086.8,1784.2,99.3,100.5,-2.6,,,,
21.954,6,Atta_6,256.0,1970.3,42.1,65.8,-7.7,,,,
21.954,7,Atta_7,624.8,1074.7,56.9,44.4,-1.3,,,,
21.954,8,Atta_8,1007.2,2569.1,28.3,54.6,1.2,,,,
21.954,9,Atta_9,260.2,2310.8,2.9,-62.8,1.9,,,,
21.954,10,Atta_10,559.4,2372.5,229.3,-51.6,-3.6,,,,
22.021,1,Atta_1,1121.6,1273.3,86.0,33.4,2.4,,,,
22.021,2,Atta_2,365.8,629.9,331.9,59.6,1.7,,,,
22.021,3,Atta_3,547.6,861.7,243.6,-65.4,-8.8,,,,
22.021,4,Atta_4,160.6,946.9,28.3,-141.8,7.6,,,,
22.021,5,Atta_5,1122.9,1748.9,98.8,-50.5,-0.5,,,,
22.021,6,Atta_6,262.3,1982.2,40.6,13.5,-1.5,,,,
22.021,7,Atta_7,596.3,1082.5,57.1,-29.5,0.2,,,,
22.021,8,Atta_8,1064.6,2601.8,26.2,66.1,-2.1,,,,
22.021,9,Atta_9,296.1,2355.2,3.4,57.1,0.5,,,,
22.021,10,Atta_10,533.4,2365.6,227.3,26.9,-2.0,,,,
22.075,1,Atta_1,1126.0,1252.1,84.5,-21.7,-1.5,,,,
22.075,2,Atta_2,311.9,659.0,336.3,-61.3,4.4,,,,
22.075,3,Atta_3,499.4,942.7,240.7,-94.3,-2.9,,,,
22.075,4,Atta_4,123.3,935.6,32.5,-39.0,4.2,,,,
22.075,5,Atta_5,1068.7,1690.8,99.5,-79.5,0.7,,,,
22.075,6,Atta_6,273.7,1953.7,34.4,-30.7,-6.2,,,,
22.075,7,Atta_7,601.7,1084.3,57.9,5.7,0.8,,,,
22.075,8,Atta_8,993.2,2562.1,27.4,-81.7,1.2,,,,
22.075,9,Atta_9,300.1,2316.2,358.9,39.2,-4.5,,,,
22.075,10,Atta_10,516.1,2399.3,231.0,-37.9,3.7,,,,
22.141,1,Atta_1,1164.9,1351.2,88.9,106.5,4.4,,,,
22.141,2,Atta_2,404.6,649.1,338.7,93.2,2.4,,,,
22.141,3,Atta_3,443.5,846.6,234.7,111.2,-6.0,,,,
22.141,4,Atta_4,189.6,952.6,37.1,68.4,4.6,,,,
22.141,5,Atta_5,1126.5,1738.1,102.0,74.7,2.5,,,,
22.141,6,Atta_6,278.6,1954.4,33.3,4.9,-1.1,,,,
22.141,7,Atta_7,587.3,1062.8,56.4,-25.9,-1.5,,,,
22.141,8,Atta_8,1037.8,2571.2,25.9,45.5,-1.5,,,,
22.141,9,Atta_9,264.1,2354.6,1.2,-52.6,2.3,,,,
22.141,10,Atta_10,463.2,2373.0,232.1,59.1,1.1,,,,
22.21,1,Atta_1,1128.9,1338.2,88.0,-38.3,-0.9,,,,
22.21,2,Atta_2,422.1,571.5,340.7,79.5,2.0,,,,
22.21,3,Atta_3,561.4,843.5,230.0,-117.9,-4.7,,,,
22.21,4,Atta_4,176.3,982.7,41.6,32.9,4.5,,,,
22.21,5,Atta_5,1134.4,1803.4,101.5,65.8,-0.5,,,,
22.21,6,Atta_6,275.4,2009.6,25.6,55.3,-7.7,,,,
22.21,7,Atta_7,592.5,1130.8,58.4,68.2,2.0,,,,
22.21,8,Atta_8,1068.2,2595.7,28.8,39.0,2.9,,,,
22.21,9,Atta_9,308.4,2271.0,5.1,94.6,3.9,,,,
22.21,10,Atta_10,489.2,2381.6,231.2,-27.4,-0.9,,,,
22.276,1,Atta_1,1104.6,1279.2,86.3,-63.8,-1.7,,,,
22.276,2,Atta_2,367.0,657.0,351.2,-101.7,10.5,,,,
22.276,3,Atta_3,475.9,840.9,222.4,85.5,-7.6,,,,
22.276,4,Atta_4,211.8,937.8,43.2,-57.2,1.6,,,,
22.276,5,Atta_5,1057.1,1777.7,97.9,-81.5,-3.6,,,,
22.276,6,Atta_6,283.9,1945.9,22.7,-64.3,-2.9,,,,
22.276,7,Atta_7,635.8,1095.6,56.7,-55.8,-1.7,,,,
22.276,8,Atta_8,1060.3,2605.3,28.6,-12.4,-0.2,,,,
22.276,9,Atta_9,274.1,2344.8,5.4,-81.4,0.3,,,,
22.276,10,Atta_10,435.5,2340.4,229.8,67.7,-1.4,,,,
22.346,1,Atta_1,1110.0,1332.0,85.5,53.1,-0.8,,,,
22.346,2,Atta_2,311.6,659.9,355.0,-55.5,3.8,,,,
22.346,3,Atta_3,528.8,800.2,222.1,-66.7,-0.3,,,,
22.346,4,Atta_4,172.0,988.4,50.1,64.4,6.9,,,,
22.346,5,Atta_5,1173.0,1770.3,97.6,-116.1,-0.3,,,,
22.346,6,Atta_6,243.5,1956.4,17.4,-41.7,-5.3,,,,
22.346,7,Atta_7,683.0,1197.0,54.6,111.8,-2.1,,,,
22.346,8,Atta_8,1048.8,2570.4,30.5,-36.7,1.9,,,,
22.346,9,Atta_9,310.3,2306.9,2.8,52.4,-2.6,,,,
22.346,10,Atta_10,465.5,2369.8,232.8,-42.0,3.0,,,,
22.397,1,Atta_1,1122.0,1366.8,89.5,36.8,4.0,,,,
22.397,2,Atta_2,355.4,688.8,356.3,52.5,1.3,,,,
22.397,3,Atta_3,562.0,821.5,213.2,-39.4,-8.9,,,,
22.397,4,Atta_4,179.2,1008.8,51.5,21.6,1.4,,,,
22.397,5,Atta_5,1133.0,1864.2,100.8,102.1,3.2,,,,
22.397,6,Atta_6,246.3,1918.8,12.5,-37.7,-4.9,,,,
22.397,7,Atta_7,673.5,1126.4,55.0,-71.2,0.4,,,,
22.397,8,Atta_8,1021.4,2565.3,40.1,-27.9,9.6,,,,
22.397,9,Atta_9,285.6,2338.5,3.7,-40.1,0.9,,,,
22.397,10,Atta_10,480.9,2316.8,233.0,55.2,0.2,,,,
22.518,1,Atta_1,1106.1,1341.2,88.8,-30.1,-0.7,,,,
22.518,2,Atta_2,368.2,663.2,8.1,28.6,11.8,,,,
22.518,3,Atta_3,519.5,787.2,219.4,54.6,6.2,,,,
22.518,4,Atta_4,182.0,918.7,49.0,-90.1,-2.5,,,,
22.518,5,Atta_5,1058.1,1843.9,96.0,-77.6,-4.8,,,,
22.518,6,Atta_6,259.5,2042.9,4.5,124.8,-8.0,,,,
22.518,7,Atta_7,661.7,1143.7,58.0,20.9,3.0,,,,
22.518,8,Atta_8,1033.6,2594.4,43.4,31.6,3.3,,,,
22.518,9,Atta_9,304.1,2305.9,4.0,37.5,0.3,,,,
22.518,10,Atta_10,463.9,2323.5,228.7,18.3,-4.3,,,,
22.585,1,Atta_1,1088.6,1383.4,84.4,45.7,-4.4,,,,
22.585,2,Atta_2,352.7,670.5,7.8,-17.1,-0.3,,,,
22.585,3,Atta_3,529.2,881.3,220.3,-94.6,0.9,,,,
22.585,4,Atta_4,202.5,1022.6,49.0,105.9,0.0,,,,
22.585,5,Atta_5,1109.4,1854.0,102.6,52.3,6.6,,,,
22.585,6,Atta_6,202.7,1926.1,4.1,-129.9,-0.4,,,,
22.585,7,Atta_7,713.8,1165.2,57.5,56.4,-0.5,,,,
22.585,8,Atta_8,1072.4,2606.6,47.7,40.7,4.3,,,,
22.585,9,Atta_9,326.5,2362.0,4.0,60.4,0.0,,,,
22.585,10,Atta_10,461.4,2265.3,232.0,58.3,3.3,,,,
22.704,1,Atta_1,1146.8,1343.7,89.8,-70.5,5.4,,,,
22.704,2,Atta_2,349.0,688.4,9.0,-18.3,1.2,,,,
22.704,3,Atta_3,459.3,806.3,215.6,102.5,-4.7,,,,
22.704,4,Atta_4,183.9,920.4,47.5,-103.9,-1.5,,,,
22.704,5,Atta_5,1115.2,1889.8,99.3,36.3,-3.3,,,,
22.704,6,Atta_6,288.3,1989.0,2.3,106.2,-1.8,,,,
22.704,7,Atta_7,616.8,1190.0,55.9,-100.1,-1.6,,,,
22.704,8,Atta_8,1051.3,2616.7,57.1,-23.4,9.4,,,,
22.704,9,Atta_9,261.0,2366.3,4.7,-65.6,0.7,,,,
22.704,10,Atta_10,443.0,2295.1,232.6,-35.0,0.6,,,,
22.77,1,Atta_1,1170.7,1421.3,85.4,81.2,-4.4,,,,
22.77,2,Atta_2,366.9,651.3,9.1,41.2,0.1,,,,
22.77,3,Atta_3,511.1,834.5,214.6,-59.0,-1.0,,,,
22.77,4,Atta_4,165.4,985.4,49.8,67.6,2.3,,,,
22.77,5,Atta_5,1119.0,1859.7,100.7,-30.3,1.4,,,,
22.77,6,Atta_6,292.0,1944.0,5.3,45.2,3.0,,,,
22.77,7,Atta_7,659.3,1172.2,56.3,46.1,0.4,,,,
22.77,8,Atta_8,1077.2,2559.5,60.1,-62.8,3.0,,,,
22.77,9,Atta_9,267.7,2290.4,5.3,76.2,0.6,,,,
22.77,10,Atta_10,436.2,2273.2,233.0,22.9,0.4,,,,
22.839,1,Atta_1,1123.9,1347.0,87.8,-87.8,2.4,,,,
22.839,2,Atta_2,365.6,658.4,11.0,-7.2,1.9,,,,
22.839,3,Atta_3,473.3,832.1,220.7,37.9,6.1,,,,
22.839,4,Atta_4,190.6,948.3,52.2,-44.8,2.4,,,,
22.839,5,Atta_5,1102.0,1846.7,100.4,-21.4,-0.3,,,,
22.839,6,Atta_6,269.9,1951.3,5.4,-23.3,0.1,,,,
22.839,7,Atta_7,660.5,1163.1,55.9,-9.2,-0.4,,,,
22.839,8,Atta_8,1050.3,2602.5,68.6,50.7,8.5,,,,
22.839,9,Atta_9,310.7,2314.0,2.5,49.1,-2.8,,,,
22.839,10,Atta_10,438.2,2285.6,230.7,-12.6,-2.3,,,,
22.908,1,Atta_1,1099.1,1374.7,91.3,37.2,3.5,,,,
22.908,2,Atta_2,376.4,670.2,8.5,16.0,-2.5,,,,
22.908,3,Atta_3,470.9,778.7,218.7,53.5,-2.0,,,,
22.908,4,Atta_4,213.0,1003.2,49.1,59.3,-3.1,,,,
22.908,5,Atta_5,1079.4,1896.3,98.2,54.5,-2.2,,,,
22.908,6,Atta_6,238.2,1935.1,3.0,-35.6,-2.4,,,,
22.908,7,Atta_7,668.6,1185.8,52.7,24.1,-3.2,,,,
22.908,8,Atta_8,1091.8,2555.4,68.6,-62.8,0.0,,,,
22.908,9,Atta_9,249.2,2349.1,0.8,-70.8,-1.7,,,,
22.908,10,Atta_10,452.0,2278.5,229.5,-15.5,-1.2,,,,
22.976,1,Atta_1,1138.0,1450.3,83.2,85.0,-8.1,,,,
22.976,2,Atta_2,322.8,672.6,14.3,-53.7,5.8,,,,
22.976,3,Atta_3,495.3,804.0,216.5,-35.1,-2.2,,,,
22.976,4,Atta_4,184.4,1015.1,52.0,-31.0,2.9,,,,
22.976,5,Atta_5,1080.9,1970.6,98.4,74.3,0.2,,,,
22.976,6,Atta_6,335.0,1961.6,5.9,100.4,2.9,,,,
22.976,7,Atta_7,661.9,1175.9,55.6,-12.0,2.9,,,,
22.976,8,Atta_8,1017.9,2573.9,72.6,-76.2,4.0,,,,
22.976,9,Atta_9,235.5,2290.9,6.2,-59.8,5.4,,,,
22.976,10,Atta_10,356.0,2262.6,230.3,97.3,0.8,,,,
23.042,1,Atta_1,1100.4,1428.2,86.3,-43.6,3.1,,,,
23.042,2,Atta_2,320.3,676.5,14.2,-4.6,-0.1,,,,
23.042,3,Atta_3,483.1,819.1,222.2,19.4,5.7,,,,
23.042,4,Atta_4,241.2,1047.2,53.4,65.2,1.4,,,,
23.042,5,Atta_5,1108.1,1835.5,101.2,-137.8,2.8,,,,
23.042,6,Atta_6,334.6,1941.3,1.3,-20.3,-4.6,,,,
23.042,7,Atta_7,708.1,1190.2,56.3,48.4,0.7,,,,
23.042,8,Atta_8,1041.4,2618.9,77.5,50.8,4.9,,,,
23.042,9,Atta_9,202.2,2314.7,0.6,-40.9,-5.6,,,,
23.042,10,Atta_10,422.1,2222.3,232.6,-77.4,2.3,,,,
23.107,1,Atta_1,1156.5,1489.6,87.8,83.2,1.5,,,,
23.107,2,Atta_2,353.8,635.8,22.3,52.7,8.1,,,,
23.107,3,Atta_3,513.0,854.3,219.2,-46.2,-3.0,,,,
23.107,4,Atta_4,241.9,997.1,42.6,-50.1,-10.8,,,,
23.107,5,Atta_5,1043.5,1897.8,103.1,89.7,1.9,,,,
23.107,6,Atta_6,323.9,1953.1,2.7,-15.9,1.4,,,,
23.107,7,Atta_7,733.6,1215.0,56.0,35.6,-0.3,,,,
23.107,8,Atta_8,1027.8,2547.1,83.2,-73.1,5.7,,,,
23.107,9,Atta_9,219.1,2286.4,3.7,33.0,3.1,,,,
23.107,10,Atta_10,405.5,2243.4,234.8,-26.8,2.2,,,,
23.177,1,Atta_1,1128.5,1466.8,85.1,-36.1,-2.7,,,,
23.177,2,Atta_2,358.1,700.3,26.3,64.6,4.0,,,,
23.177,3,Atta_3,444.4,817.9,217.4,77.7,-1.8,,,,
23.177,4,Atta_4,227.7,1041.2,49.9,46.3,7.3,,,,
23.177,5,Atta_5,1058.9,1912.1,101.5,21.0,-1.6,,,,
23.177,6,Atta_6,308.9,1960.6,5.9,-16.8,3.2,,,,
23.177,7,Atta_7,696.6,1236.7,57.8,-42.9,1.8,,,,
23.177,8,Atta_8,1042.7,2573.9,87.5,30.7,4.3,,,,
23.177,9,Atta_9,160.0,2345.4,4.6,-83.5,0.9,,,,
23.177,10,Atta_10,345.6,2233.1,233.0,60.8,-1.8,,,,
23.244,1,Atta_1,1091.9,1547.2,92.6,88.3,7.5,,,,
23.244,2,Atta_2,334.6,656.3,32.0,-49.9,5.7,,,,
23.244,3,Atta_3,401.3,800.7,217.3,46.4,-0.1,,,,
23.244,4,Atta_4,248.3,1085.2,47.4,48.6,-2.5,,,,
23.244,5,Atta_5,1121.0,1970.9,95.2,85.5,-6.3,,,,
23.244,6,Atta_6,343.0,1963.0,7.4,34.2,1.5,,,,
23.244,7,Atta_7,683.8,1256.1,54.4,23.2,-3.4,,,,
23.244,8,Atta_8,1046.1,2611.3,93.7,37.6,6.2,,,,
23.244,9,Atta_9,201.5,2321.3,5.6,48.0,1.0,,,,
23.244,10,Atta_10,384.8,2254.4,233.9,-44.6,0.9,,,,
23.313,1,Atta_1,1131.2,1456.8,88.0,-98.6,-4.6,,,,
23.313,2,Atta_2,341.3,684.1,38.8,28.6,6.8,,,,
23.313,3,Atta_3,429.9,833.2,217.4,-43.3,0.1,,,,
23.313,4,Atta_4,225.7,1049.8,51.2,-42.0,3.8,,,,
23.313,5,Atta_5,1062.3,1997.0,99.8,64.2,4.6,,,,
23.313,6,Atta_6,352.8,1951.5,5.4,15.1,-2.0,,,,
23.313,7,Atta_7,713.8,1206.8,53.1,-57.7,-1.3,,,,
23.313,8,Atta_8,1100.0,2604.0,96.7,-54.4,3.0,,,,
23.313,9,Atta_9,200.6,2343.4,5.0,22.1,-0.6,,,,
23.313,10,Atta_10,377.9,2239.7,234.0,16.2,0.1,,,,
23.372,1,Atta_1,1165.3,1489.1,89.0,47.0,1.0,,,,
23.372,2,Atta_2,312.3,666.8,38.3,-33.8,-0.5,,,,
23.372,3,Atta_3,422.6,816.9,217.8,17.9,0.4,,,,
23.372,4,Atta_4,240.9,1093.9,51.1,46.6,-0.1,,,,
23.372,5,Atta_5,1070.5,1966.8,101.0,-31.3,1.2,,,,
23.372,6,Atta_6,325.6,1938.5,0.4,-30.1,-5.0,,,,
23.372,7,Atta_7,735.5,1290.9,55.3,86.9,2.2,,,,
23.372,8,Atta_8,1056.8,2570.3,101.1,-54.8,4.4,,,,
23.372,9,Atta_9,142.4,2348.0,4.8,-58.4,-0.2,,,,
23.372,10,Atta_10,398.2,2152.8,230.6,89.2,-3.4,,,,
23.444,1,Atta_1,1198.1,1510.6,90.3,39.2,1.3,,,,
23.444,2,Atta_2,346.1,676.4,45.1,35.1,6.8,,,,
23.444,3,Atta_3,422.8,759.3,220.9,57.6,3.1,,,,
23.444,4,Atta_4,233.3,1077.4,49.1,-18.2,-2.0,,,,
23.444,5,Atta_5,1078.8,2017.6,102.4,51.5,1.4,,,,
23.444,6,Atta_6,358.4,1969.3,7.1,45.0,6.7,,,,
23.444,7,Atta_7,773.1,1234.7,61.1,-67.6,5.8,,,,
23.444,8,Atta_8,1115.3,2559.3,108.7,-59.5,7.6,,,,
23.444,9,Atta_9,201.1,2329.6,8.4,61.5,3.6,,,,
23.444,10,Atta_10,361.2,2181.8,229.6,47.0,-1.0,,,,
23.497,1,Atta_1,1187.8,1538.2,87.7,29.5,-2.6,,,,
23.497,2,Atta_2,399.2,641.6,51.9,63.5,6.8,,,,
23.497,3,Atta_3,399.2,782.2,222.5,32.9,1.6,,,,
23.497,4,Atta_4,263.5,1111.0,48.8,45.2,-0.3,,,,
23.497,5,Atta_5,1117.1,2014.2,103.2,-38.5,0.8,,,,
23.497,6,Atta_6,363.5,1965.6,4.8,6.3,-2.3,,,,
23.497,7,Atta_7,723.8,1302.9,59.9,84.2,-1.2,,,,
23.497,8,Atta_8,1100.0,2578.0,111.1,24.2,2.4,,,,
23.497,9,Atta_9,143.7,2364.4,12.5,-67.1,4.1,,,,
23.497,10,Atta_10,315.3,2200.3,231.3,49.5,1.7,,,,
23.568,1,Atta_1,1081.5,1528.4,88.3,-106.8,0.6,,,,
23.568,2,Atta_2,374.6,633.6,50.2,-25.9,-1.7,,,,
23.568,3,Atta_3,432.6,865.6,219.9,-89.8,-2.6,,,,
23.568,4,Atta_4,316.9,1064.5,53.9,70.8,5.1,,,,
23.568,5,Atta_5,1096.7,2026.0,98.8,23.6,-4.4,,,,
23.568,6,Atta_6,398.1,1989.2,6.2,41.9,1.4,,,,
23.568,7,Atta_7,737.9,1265.3,54.3,-40.2,-5.6,,,,
23.568,8,Atta_8,1118.0,2624.2,112.5,49.6,1.4,,,,
23.568,9,Atta_9,171.6,2375.4,19.7,30.0,7.2,,,,
23.568,10,Atta_10,335.2,2183.2,229.9,26.2,-1.4,,,,
23.618,1,Atta_1,1145.6,1568.2,89.9,75.5,1.6,,,,
23.618,2,Atta_2,394.7,667.6,62.2,39.5,12.0,,,,
23.618,3,Atta_3,495.2,768.8,217.8,115.3,-2.1,,,,
23.618,4,Atta_4,312.6,1116.1,48.3,51.8,-5.6,,,,
23.618,5,Atta_5,1069.2,1976.7,100.0,-56.5,1.2,,,,
23.618,6,Atta_6,375.9,1942.7,3.3,-51.5,-2.9,,,,
23.618,7,Atta_7,782.0,1332.2,54.3,80.1,0.0,,,,
23.618,8,Atta_8,1005.8,2613.3,116.2,112.7,3.7,,,,
23.618,9,Atta_9,155.4,2347.8,26.2,-32.0,6.5,,,,
23.618,10,Atta_10,333.6,2181.2,236.1,2.6,6.2,,,,
23.734,1,Atta_1,1143.8,1580.0,88.4,11.9,-1.5,,,,
23.734,2,Atta_2,363.2,670.2,74.3,-31.6,12.1,,,,
23.734,3,Atta_3,468.8,790.0,221.8,33.9,4.0,,,,
23.734,4,Atta_4,324.8,1086.2,50.2,-32.3,1.9,,,,
23.734,5,Atta_5,1078.1,2072.1,99.5,95.8,-0.5,,,,
23.734,6,Atta_6,394.5,1943.6,2.2,18.6,-1.1,,,,
23.734,7,Atta_7,712.7,1348.6,58.3,-71.2,4.0,,,,
23.734,8,Atta_8,1054.4,2578.2,129.0,-59.9,12.8,,,,
23.734,9,Atta_9,158.1,2357.1,29.7,9.7,3.5,,,,
23.734,10,Atta_10,318.5,2142.4,232.9,41.6,-3.2,,,,
23.867,1,Atta_1,1135.4,1611.0,89.1,32.1,0.7,,,,
23.867,2,Atta_2,310.6,659.6,69.0,-53.7,-5.3,,,,
23.867,3,Atta_3,436.4,786.9,222.3,32.5,0.5,,,,
23.867,4,Atta_4,272.3,1131.0,53.6,69.0,3.4,,,,
23.867,5,Atta_5,1046.2,2051.3,97.0,-38.1,-2.5,,,,
23.867,6,Atta_6,451.5,1974.4,5.9,64.8,3.7,,,,
23.867,7,Atta_7,777.8,1389.6,58.3,76.9,0.0,,,,
23.867,8,Atta_8,1111.1,2581.5,129.6,-56.8,0.6,,,,
23.867,9,Atta_9,150.2,2350.2,32.7,-10.5,3.0,,,,
23.867,10,Atta_10,302.1,2139.0,231.8,16.7,-1.1,,,,
23.936,1,Atta_1,1128.0,1575.8,85.1,-36.0,-4.0,,,,
23.936,2,Atta_2,335.1,667.5,76.5,25.7,7.5,,,,
23.936,3,Atta_3,480.8,830.0,222.1,-61.9,-0.2,,,,
23.936,4,Atta_4,302.9,1108.7,51.0,37.9,-2.6,,,,
23.936,5,Atta_5,1043.6,2061.3,98.1,10.3,1.1,,,,
23.936,6,Atta_6,434.1,2006.7,3.3,-36.7,-2.6,,,,
23.936,7,Atta_7,780.3,1273.7,57.1,-115.9,-1.2,,,,
23.936,8,Atta_8,1058.1,2555.4,139.4,59.1,9.8,,,,
23.936,9,Atta_9,217.7,2389.1,41.1,77.9,8.4,,,,
23.936,10,Atta_10,356.5,2154.2,236.3,-56.5,4.5,,,,
24.005,1,Atta_1,1159.2,1557.0,91.7,-36.4,6.6,,,,
24.005,2,Atta_2,329.0,617.4,82.2,-50.5,5.7,,,,
24.005,3,Atta_3,447.9,824.0,223.9,33.4,1.8,,,,
24.005,4,Atta_4,298.3,1139.7,44.2,31.3,-6.8,,,,
24.005,5,Atta_5,1034.5,2081.7,99.6,22.3,1.5,,,,
24.005,6,Atta_6,512.4,1991.8,6.5,79.7,3.2,,,,
24.005,7,Atta_7,780.6,1347.2,54.4,73.5,-2.7,,,,
24.005,8,Atta_8,1047.5,2581.1,141.2,27.8,1.8,,,,
24.005,9,Atta_9,206.6,2360.7,46.7,-30.5,5.6,,,,
24.005,10,Atta_10,294.3,2161.3,229.2,62.6,-7.1,,,,
24.074,1,Atta_1,1098.7,1627.7,90.8,93.1,-0.9,,,,
24.074,2,Atta_2,395.3,674.4,85.0,87.4,2.8,,,,
24.074,3,Atta_3,437.7,871.9,221.7,-49.0,-2.2,,,,
24.074,4,Atta_4,285.2,1144.4,51.0,-13.9,6.8,,,,
24.074,5,Atta_5,1112.1,2027.2,103.5,-94.8,3.9,,,,
24.074,6,Atta_6,475.4,1965.0,4.0,-45.7,-2.5,,,,
24.074,7,Atta_7,790.7,1317.5,56.6,-31.4,2.2,,,,
24.074,8,Atta_8,1015.8,2616.7,145.4,47.7,4.2,,,,
24.074,9,Atta_9,160.2,2351.2,46.8,-47.4,0.1,,,,
24.074,10,Atta_10,278.8,2142.1,231.3,24.7,2.1,,,,
24.143,1,Atta_1,1090.7,1671.5,89.7,44.5,-1.1,,,,
24.143,2,Atta_2,412.9,653.3,88.7,-27.5,3.7,,,,
24.143,3,Atta_3,542.6,828.3,221.3,-113.6,-0.4,,,,
24.143,4,Atta_4,302.1,1171.1,54.2,31.6,3.2,,,,
24.143,5,Atta_5,1091.7,2113.3,103.7,88.5,0.2,,,,
24.143,6,Atta_6,532.7,1993.8,5.7,64.1,1.7,,,,
24.143,7,Atta_7,829.6,1381.1,57.3,74.6,0.7,,,,
24.143,8,Atta_8,1113.0,2602.2,154.4,-98.3,9.0,,,,
24.143,9,Atta_9,186.0,2332.0,52.6,32.2,5.8,,,,
24.143,10,Atta_10,337.5,2141.9,230.5,-58.7,-0.8,,,,
24.21,1,Atta_1,1135.9,1641.1,91.1,-54.5,1.4,,,,
24.21,2,Atta_2,353.5,603.6,95.1,-77.4,6.4,,,,
24.21,3,Atta_3,540.5,849.8,221.0,-21.6,-0.3,,,,
24.21,4,Atta_4,337.5,1168.7,52.7,35.5,-1.5,,,,
24.21,5,Atta_5,1073.1,2093.9,100.3,-26.9,-3.4,,,,
24.21,6,Atta_6,525.6,1938.6,5.0,-55.7,-0.7,,,,
24.21,7,Atta_7,815.4,1368.5,57.8,-19.0,0.5,,,,
24.21,8,Atta_8,1079.3,2628.8,154.2,42.9,-0.2,,,,
24.21,9,Atta_9,237.0,2339.7,58.6,51.6,6.0,,,,
24.21,10,Atta_10,278.2,2111.4,231.5,66.7,1.0,,,,
24.264,1,Atta_1,1141.2,1664.6,90.0,24.1,-1.1,,,,
24.264,2,Atta_2,360.8,598.4,101.8,-9.0,6.7,,,,
24.264,3,Atta_3,482.5,859.4,224.9,58.8,3.9,,,,
24.264,4,Atta_4,394.3,1174.4,51.3,57.1,-1.4,,,,
24.264,5,Atta_5,1036.0,2086.4,102.2,-37.9,1.9,,,,
24.264,6,Atta_6,499.8,1978.7,6.6,-47.7,1.6,,,,
24.264,7,Atta_7,831.6,1416.5,59.1,50.7,1.3,,,,
24.264,8,Atta_8,1078.1,2549.9,156.3,-78.9,2.1,,,,
24.264,9,Atta_9,240.7,2337.4,64.9,-4.4,6.3,,,,
24.264,10,Atta_10,225.6,2068.9,230.8,67.6,-0.7,,,,
24.334,1,Atta_1,1107.3,1638.3,90.2,-42.9,0.2,,,,
24.334,2,Atta_2,318.3,649.4,102.6,66.4,0.8,,,,
24.334,3,Atta_3,529.0,823.5,221.1,-58.7,-3.8,,,,
24.334,4,Atta_4,339.2,1192.7,51.8,-58.1,0.5,,,,
24.334,5,Atta_5,1115.0,2174.6,103.3,118.4,1.1,,,,
24.334,6,Atta_6,515.0,1956.5,6.3,26.9,-0.3,,,,
24.334,7,Atta_7,842.5,1412.5,56.1,11.6,-3.0,,,,
24.334,8,Atta_8,1075.7,2588.3,162.8,38.5,6.5,,,,
24.334,9,Atta_9,146.2,2318.9,65.7,-96.3,0.8,,,,
24.334,10,Atta_10,243.3,2099.0,230.4,-34.9,-0.4,,,,
24.385,1,Atta_1,1121.7,1669.7,91.4,34.5,1.2,,,,
24.385,2,Atta_2,332.0,656.7,110.0,15.5,7.4,,,,
24.385,3,Atta_3,556.7,904.9,217.3,-86.0,-3.8,,,,
24.385,4,Atta_4,317.8,1197.5,49.5,-21.9,-2.3,,,,
24.385,5,Atta_5,1075.8,2137.5,103.2,-54.0,-0.1,,,,
24.385,6,Atta_6,542.5,1969.3,7.5,30.3,1.2,,,,
24.385,7,Atta_7,750.4,1350.3,56.1,-111.1,0.0,,,,
24.385,8,Atta_8,1047.8,2597.1,161.3,29.3,-1.5,,,,
24.385,9,Atta_9,153.1,2335.4,72.7,17.9,7.0,,,,
24.385,10,Atta_10,271.3,2069.8,231.4,40.5,1.0,,,,
24.451,1,Atta_1,1141.6,1661.5,91.0,-21.5,-0.4,,,,
24.451,2,Atta_2,324.5,644.9,109.7,-14.0,-0.3,,,,
24.451,3,Atta_3,522.9,869.6,216.6,48.9,-0.7,,,,
24.451,4,Atta_4,411.2,1241.3,50.7,103.2,1.2,,,,
24.451,5,Atta_5,1084.9,2134.4,105.9,-9.6,2.7,,,,
24.451,6,Atta_6,572.0,1989.3,6.3,35.6,-1.2,,,,
24.451,7,Atta_7,804.8,1474.0,57.8,135.1,1.7,,,,
24.451,8,Atta_8,1005.6,2548.0,160.1,64.7,-1.2,,,,
24.451,9,Atta_9,200.9,2348.8,77.1,49.6,4.4,,,,
24.451,10,Atta_10,226.0,2107.3,232.3,-58.8,0.9,,,,
24.516,1,Atta_1,1114.2,1680.8,90.5,33.5,-0.5,,,,
24.516,2,Atta_2,333.0,690.1,116.0,46.0,6.3,,,,
24.516,3,Atta_3,504.4,877.4,206.6,20.1,-10.0,,,,
24.516,4,Atta_4,347.9,1189.0,55.1,-82.1,4.4,,,,
24.516,5,Atta_5,1035.3,2148.9,98.3,51.7,-7.6,,,,
24.516,6,Atta_6,551.9,1982.9,4.6,-21.1,-1.7,,,,
24.516,7,Atta_7,822.3,1433.3,54.3,-44.3,-3.5,,,,
24.516,8,Atta_8,1025.1,2616.0,163.1,70.7,3.0,,,,
24.516,9,Atta_9,179.9,2352.3,80.6,-21.3,3.5,,,,
24.516,10,Atta_10,222.5,2059.5,231.8,47.9,-0.5,,,,
24.585,1,Atta_1,1146.1,1724.9,89.0,54.4,-1.5,,,,
24.585,2,Atta_2,415.2,669.8,122.4,-84.7,6.4,,,,
24.585,3,Atta_3,573.9,857.4,204.1,-72.3,-2.5,,,,
24.585,4,Atta_4,347.0,1218.0,49.4,29.0,-5.7,,,,
24.585,5,Atta_5,1037.7,2214.0,98.6,65.1,0.3,,,,
24.585,6,Atta_6,538.2,1977.3,6.3,-14.8,1.7,,,,
24.585,7,Atta_7,836.0,1361.0,54.0,-73.6,-0.3,,,,
24.585,8,Atta_8,994.8,2599.0,162.3,34.7,-0.8,,,,
24.585,9,Atta_9,157.0,2313.1,83.4,-45.4,2.8,,,,
24.585,10,Atta_10,216.9,2086.6,231.0,-27.7,-0.8,,,,
24.654,1,Atta_1,1152.7,1763.2,89.6,38.9,0.6,,,,
24.654,2,Atta_2,349.5,657.6,130.2,66.8,7.8,,,,
24.654,3,Atta_3,534.3,863.0,201.1,40.0,-3.0,,,,
24.654,4,Atta_4,391.6,1235.3,53.4,47.8,4.0,,,,
24.654,5,Atta_5,1014.0,2172.6,101.8,-47.7,3.2,,,,
24.654,6,Atta_6,587.7,2006.6,6.0,57.5,-0.3,,,,
24.654,7,Atta_7,926.0,1480.8,56.4,149.8,2.4,,,,
24.654,8,Atta_8,1056.2,2597.4,162.3,-61.4,0.0,,,,
24.654,9,Atta_9,193.2,2348.5,92.6,50.6,9.2,,,,
24.654,10,Atta_10,203.4,2037.2,232.7,51.2,1.7,,,,
24.723,1,Atta_1,1092.1,1726.2,84.1,-71.0,-5.5,,,,
24.723,2,Atta_2,362.3,650.6,131.8,-14.6,1.6,,,,
24.723,3,Atta_3,504.7,850.2,197.6,32.2,-3.5,,,,
24.723,4,Atta_4,381.1,1292.3,49.5,58.0,-3.9,,,,
24.723,5,Atta_5,1033.5,2257.5,98.4,87.1,-3.4,,,,
24.723,6,Atta_6,528.9,1988.6,11.5,-61.5,5.5,,,,
24.723,7,Atta_7,814.7,1401.1,54.6,-136.9,-1.8,,,,
24.723,8,Atta_8,1039.5,2582.2,164.6,22.6,2.3,,,,
24.723,9,Atta_9,138.0,2240.8,92.8,-121.0,0.2,,,,
24.723,10,Atta_10,203.6,2054.4,229.1,-17.2,-3.6,,,,
24.793,1,Atta_1,1136.8,1705.3,91.4,-49.3,7.3,,,,
24.793,2,Atta_2,339.7,657.9,136.7,23.7,4.9,,,,
24.793,3,Atta_3,552.7,867.0,192.2,-50.9,-5.4,,,,
24.793,4,Atta_4,350.9,1262.2,46.5,-42.6,-3.0,,,,
24.793,5,Atta_5,1033.9,2245.1,99.5,-12.4,1.1,,,,
24.793,6,Atta_6,570.1,1970.8,15.4,44.9,3.9,,,,
24.793,7,Atta_7,802.0,1453.5,51.0,53.9,-3.6,,,,
24.793,8,Atta_8,1015.4,2573.3,160.4,25.7,-4.2,,,,
24.793,9,Atta_9,119.9,2340.8,98.8,101.6,6.0,,,,
24.793,10,Atta_10,176.6,2035.3,231.3,33.1,2.2,,,,
24.861,1,Atta_1,1151.4,1738.9,88.5,36.6,-2.9,,,,
24.861,2,Atta_2,326.7,604.6,141.1,-54.9,4.4,,,,
24.861,3,Atta_3,590.5,886.6,184.2,-42.6,-8.0,,,,
24.861,4,Atta_4,408.3,1246.4,49.4,59.5,2.9,,,,
24.861,5,Atta_5,1078.7,2221.7,97.8,-50.5,-1.7,,,,
24.861,6,Atta_6,610.0,1956.8,22.6,42.3,7.2,,,,
24.861,7,Atta_7,807.8,1448.7,42.4,-7.5,-8.6,,,,
24.861,8,Atta_8,996.9,2636.8,164.2,66.1,3.8,,,,
24.861,9,Atta_9,136.1,2273.2,93.8,-69.5,-5.0,,,,
24.861,10,Atta_10,188.5,2049.0,230.5,-18.1,-0.8,,,,
24.931,1,Atta_1,1203.2,1790.6,92.7,73.2,4.2,,,,
24.931,2,Atta_2,326.8,645.6,143.2,41.0,2.1,,,,
24.931,3,Atta_3,524.1,866.5,178.6,69.4,-5.6,,,,
24.931,4,Atta_4,380.5,1223.6,48.7,-36.0,-0.7,,,,
24.931,5,Atta_5,995.1,2267.0,97.7,95.1,-0.1,,,,
24.931,6,Atta_6,608.5,2017.5,24.5,60.7,1.9,,,,
24.931,7,Atta_7,879.1,1400.6,41.7,86.0,-0.7,,,,
24.931,8,Atta_8,995.0,2648.2,161.1,11.6,-3.1,,,,
24.931,9,Atta_9,178.4,2278.2,92.8,42.6,-1.0,,,,
24.931,10,Atta_10,111.1,2023.5,232.7,81.5,2.2,,,,
25.002,1,Atta_1,1118.7,1760.0,91.6,-89.9,-1.1,,,,
25.002,2,Atta_2,307.5,691.5,152.5,49.8,9.3,,,,
25.002,3,Atta_3,569.4,880.6,175.7,-47.4,-2.9,,,,
25.002,4,Atta_4,425.9,1305.8,49.0,93.9,0.3,,,,
25.002,5,Atta_5,1059.5,2257.0,101.5,-65.2,3.8,,,,
25.002,6,Atta_6,593.3,1992.4,31.2,-29.3,6.7,,,,
25.002,7,Atta_7,880.5,1457.6,36.1,57.0,-5.6,,,,
25.002,8,Atta_8,1012.6,2586.2,161.0,-64.4,-0.1,,,,
25.002,9,Atta_9,179.6,2345.1,95.5,66.9,2.7,,,,
25.002,10,Atta_10,197.3,1964.0,230.0,-104.7,-2.7,,,,
25.052,1,Atta_1,1113.4,1767.9,91.0,9.5,-0.6,,,,
25.052,2,Atta_2,370.7,580.4,153.4,-127.8,0.9,,,,
25.052,3,Atta_3,517.6,914.0,174.6,61.6,-1.1,,,,
25.052,4,Atta_4,411.2,1323.7,50.1,23.2,1.1,,,,
25.052,5,Atta_5,1067.3,2311.8,99.7,55.4,-1.8,,,,
25.052,6,Atta_6,561.9,1999.1,36.2,-32.1,5.0,,,,
25.052,7,Atta_7,847.2,1439.1,33.4,-38.1,-2.7,,,,
25.052,8,Atta_8,964.1,2585.1,160.6,48.5,-0.4,,,,
25.052,9,Atta_9,156.3,2356.6,100.7,26.0,5.2,,,,
25.052,10,Atta_10,199.2,1993.1,228.6,-29.2,-1.4,,,,
25.123,1,Atta_1,1164.9,1781.1,87.4,53.2,-3.6,,,,
25.123,2,Atta_2,332.5,645.5,153.1,75.5,-0.3,,,,
25.123,3,Atta_3,556.3,877.2,163.7,-53.4,-10.9,,,,
25.123,4,Atta_4,459.7,1245.4,47.5,-92.1,-2.6,,,,
25.123,5,Atta_5,1079.3,2302.4,98.7,-15.2,-1.0,,,,
25.123,6,Atta_6,579.3,2004.7,36.1,18.3,-0.1,,,,
25.123,7,Atta_7,861.4,1412.0,27.3,-30.6,-6.1,,,,
25.123,8,Atta_8,950.2,2594.4,162.3,16.7,1.7,,,,
25.123,9,Atta_9,208.8,2392.9,97.3,63.8,-3.4,,,,
25.123,10,Atta_10,173.3,1981.1,232.8,28.5,4.2,,,,
25.191,1,Atta_1,1140.1,1839.0,92.3,63.0,4.9,,,,
25.191,2,Atta_2,339.6,654.1,162.0,-11.2,8.9,,,,
25.191,3,Atta_3,547.6,862.8,162.4,16.8,-1.3,,,,
25.191,4,Atta_4,377.5,1272.9,44.8,-86.7,-2.7,,,,
25.191,5,Atta_5,1040.1,2287.7,98.7,-41.9,0.0,,,,
25.191,6,Atta_6,619.8,1984.5,42.0,45.3,5.9,,,,
25.191,7,Atta_7,832.9,1389.3,27.6,-36.4,0.3,,,,
25.191,8,Atta_8,990.7,2629.6,161.0,-53.7,-1.3,,,,
25.191,9,Atta_9,191.6,2381.8,96.8,-20.5,-0.5,,,,
25.191,10,Atta_10,193.1,1969.4,227.6,-23.0,-5.2,,,,
25.259,1,Atta_1,1101.8,1849.8,91.0,39.8,-1.3,,,,
25.259,2,Atta_2,333.1,575.9,166.5,-78.5,4.5,,,,
25.259,3,Atta_3,529.1,883.9,160.2,28.1,-2.2,,,,
25.259,4,Atta_4,399.5,1248.9,40.0,-32.6,-4.8,,,,
25.259,5,Atta_5,980.8,2306.9,102.4,62.3,3.7,,,,
25.259,6,Atta_6,516.1,1992.8,44.3,-104.0,2.3,,,,
25.259,7,Atta_7,877.1,1431.3,28.6,61.0,1.0,,,,
25.259,8,Atta_8,968.9,2575.7,161.8,58.1,0.8,,,,
25.259,9,Atta_9,174.6,2421.0,95.2,42.7,-1.6,,,,
25.259,10,Atta_10,148.3,1914.3,234.9,71.0,7.3,,,,
25.326,1,Atta_1,1102.5,1798.5,91.3,-51.3,0.3,,,,
25.326,2,Atta_2,350.4,607.4,170.6,-35.9,4.1,,,,
25.326,3,Atta_3,550.7,850.8,155.5,-39.5,-4.7,,,,
25.326,4,Atta_4,410.6,1329.9,35.0,81.8,-5.0,,,,
25.326,5,Atta_5,1026.5,2266.4,102.0,-61.1,-0.4,,,,
25.326,6,Atta_6,538.1,1999.2,52.3,22.9,8.0,,,,
25.326,7,Atta_7,862.5,1419.3,32.3,-18.9,3.7,,,,
25.326,8,Atta_8,922.5,2613.0,163.0,59.5,1.2,,,,
25.326,9,Atta_9,92.8,2377.4,93.4,-92.7,-1.8,,,,
25.326,10,Atta_10,182.8,1973.5,227.4,-68.5,-7.5,,,,
25.38,1,Atta_1,1196.1,1858.6,89.4,111.2,-1.9,,,,
25.38,2,Atta_2,310.5,628.5,176.1,45.1,5.5,,,,
25.38,3,Atta_3,514.0,908.8,151.8,68.6,-3.7,,,,
25.38,4,Atta_4,494.8,1284.2,29.8,95.8,-5.2,,,,
25.38,5,Atta_5,1057.3,2274.1,103.1,31.7,1.1,,,,
25.38,6,Atta_6,570.5,1956.8,58.9,-53.4,6.6,,,,
25.38,7,Atta_7,848.3,1474.9,27.7,57.4,-4.6,,,,
25.38,8,Atta_8,926.9,2610.7,159.9,-5.0,-3.1,,,,
25.38,9,Atta_9,182.3,2392.6,95.7,90.8,2.3,,,,
25.38,10,Atta_10,141.4,1944.8,230.5,50.4,3.1,,,,
25.45,1,Atta_1,1122.3,1865.9,90.5,74.2,1.1,,,,
25.45,2,Atta_2,332.2,671.1,176.6,-47.8,0.5,,,,
25.45,3,Atta_3,540.2,947.8,143.6,-47.0,-8.2,,,,
25.45,4,Atta_4,431.6,1270.7,26.0,-64.6,-3.8,,,,
25.45,5,Atta_5,1027.9,2312.5,104.0,48.4,0.9,,,,
25.45,6,Atta_6,543.4,1951.1,60.3,-27.7,1.4,,,,
25.45,7,Atta_7,887.6,1493.0,33.8,43.3,6.1,,,,
25.45,8,Atta_8,949.6,2638.3,165.0,-35.7,5.1,,,,
25.45,9,Atta_9,192.6,2383.8,97.9,-13.5,2.2,,,,
25.45,10,Atta_10,131.6,1948.3,230.7,10.4,0.2,,,,
25.519,1,Atta_1,1168.4,1874.2,91.0,46.8,0.5,,,,
25.519,2,Atta_2,406.5,633.1,187.7,-83.5,11.1,,,,
25.519,3,Atta_3,536.8,858.8,138.3,-89.1,-5.3,,,,
25.519,4,Atta_4,397.8,1259.3,23.6,-35.7,-2.4,,,,
25.519,5,Atta_5,996.8,2353.4,99.1,51.4,-4.9,,,,
25.519,6,Atta_6,628.6,1996.3,65.5,96.4,5.2,,,,
25.519,7,Atta_7,853.2,1526.3,26.4,-47.9,-7.4,,,,
25.519,8,Atta_8,894.0,2659.2,160.8,59.4,-4.2,,,,
25.519,9,Atta_9,136.4,2484.4,92.6,115.2,-5.3,,,,
25.519,10,Atta_10,154.7,1924.3,233.1,33.3,2.4,,,,
25.59,1,Atta_1,1099.5,1898.4,88.7,73.0,-2.3,,,,
25.59,2,Atta_2,364.9,647.4,184.8,44.0,-2.9,,,,
25.59,3,Atta_3,496.0,873.8,142.5,43.5,4.2,,,,
25.59,4,Atta_4,373.2,1333.7,17.1,78.4,-6.5,,,,
25.59,5,Atta_5,1002.3,2336.1,99.5,-18.2,0.4,,,,
25.59,6,Atta_6,652.1,1999.3,67.5,23.7,2.0,,,,
25.59,7,Atta_7,837.1,1415.8,28.6,-111.7,2.2,,,,
25.59,8,Atta_8,875.1,2623.6,158.3,40.3,-2.5,,,,
25.59,9,Atta_9,130.7,2485.3,93.7,5.8,1.1,,,,
25.59,10,Atta_10,148.8,1916.5,235.0,9.8,1.9,,,,
25.656,1,Atta_1,1154.5,1934.5,90.8,65.8,2.1,,,,
25.656,2,Atta_2,351.0,651.9,184.7,14.6,-0.1,,,,
25.656,3,Atta_3,530.5,881.1,133.6,-35.3,-8.9,,,,
25.656,4,Atta_4,401.3,1264.7,12.4,74.5,-4.7,,,,
25.656,5,Atta_5,996.4,2257.9,101.3,-78.4,1.8,,,,
25.656,6,Atta_6,563.5,2013.5,72.7,-89.7,5.2,,,,
25.656,7,Atta_7,871.7,1437.4,29.5,40.8,0.9,,,,
25.656,8,Atta_8,855.9,2618.5,162.5,19.9,4.2,,,,
25.656,9,Atta_9,179.4,2428.4,93.8,-74.9,0.1,,,,
25.656,10,Atta_10,154.7,1866.7,231.9,50.1,-3.1,,,,
25.726,1,Atta_1,1102.1,1914.5,88.2,-56.1,-2.6,,,,
25.726,2,Atta_2,328.5,614.6,188.2,43.6,3.5,,,,
25.726,3,Atta_3,541.4,888.1,125.8,-13.0,-7.8,,,,
25.726,4,Atta_4,427.4,1257.4,9.6,27.1,-2.8,,,,
25.726,5,Atta_5,998.9,2397.1,98.5,139.2,-2.8,,,,
25.726,6,Atta_6,590.5,2044.0,79.9,40.7,7.2,,,,
25.726,7,Atta_7,927.4,1437.7,26.6,55.7,-2.9,,,,
25.726,8,Atta_8,823.8,2625.5,161.7,32.9,-0.8,,,,
25.726,9,Atta_9,190.2,2456.9,95.0,30.5,1.2,,,,
25.726,10,Atta_10,166.9,1895.3,233.9,-31.1,2.0,,,,
25.857,1,Atta_1,1137.4,1894.0,89.0,-40.8,0.8,,,,
25.857,2,Atta_2,338.4,640.0,182.8,-27.3,-5.4,,,,
25.857,3,Atta_3,522.4,843.0,129.6,-48.9,3.8,,,,
25.857,4,Atta_4,417.6,1287.6,3.7,-31.8,-5.9,,,,
25.857,5,Atta_5,1051.0,2379.9,99.3,-54.9,0.8,,,,
25.857,6,Atta_6,553.2,1956.8,81.5,-94.8,1.6,,,,
25.857,7,Atta_7,881.0,1431.0,29.0,-46.9,2.4,,,,
25.857,8,Atta_8,848.6,2668.8,161.4,-49.9,-0.3,,,,
25.857,9,Atta_9,167.4,2466.2,94.5,24.6,-0.5,,,,
25.857,10,Atta_10,109.5,1869.0,233.5,63.1,-0.4,,,,
25.923,1,Atta_1,1166.9,1969.6,93.5,81.2,4.5,,,,
25.923,2,Atta_2,401.6,656.3,186.1,-65.3,3.3,,,,
25.923,3,Atta_3,557.4,815.7,131.6,-44.4,2.0,,,,
25.923,4,Atta_4,413.4,1288.6,356.3,-4.3,-7.4,,,,
25.923,5,Atta_5,1011.6,2413.7,95.5,51.9,-3.8,,,,
25.923,6,Atta_6,578.4,2013.9,79.9,62.4,-1.6,,,,
25.923,7,Atta_7,958.1,1525.0,29.2,121.6,0.2,,,,
25.923,8,Atta_8,789.9,2689.2,163.7,62.1,2.3,,,,
25.923,9,Atta_9,150.6,2519.5,95.8,55.9,1.3,,,,
25.923,10,Atta_10,81.3,1790.2,237.3,83.7,3.8,,,,
25.989,1,Atta_1,1119.2,1986.4,89.9,50.6,-3.6,,,,
25.989,2,Atta_2,320.4,627.5,184.8,86.2,-1.3,,,,
25.989,3,Atta_3,581.1,850.5,130.8,42.1,-0.8,,,,
25.989,4,Atta_4,414.9,1284.5,351.9,4.4,-4.4,,,,
25.989,5,Atta_5,1001.4,2416.1,99.1,10.5,3.6,,,,
25.989,6,Atta_6,555.8,2041.2,78.0,35.4,-1.9,,,,
25.989,7,Atta_7,967.2,1408.9,29.3,-116.5,0.1,,,,
25.989,8,Atta_8,818.2,2653.2,164.2,-45.8,0.5,,,,
25.989,9,Atta_9,104.9,2507.9,96.5,-47.1,0.7,,,,
25.989,10,Atta_10,47.8,1894.8,235.3,-109.8,-2.0,,,,
26.126,1,Atta_1,1160.4,1957.4,93.9,-50.4,4.0,,,,
26.126,2,Atta_2,271.2,631.2,180.3,49.3,-4.5,,,,
26.126,3,Atta_3,485.5,930.1,127.9,124.4,-2.9,,,,
26.126,4,Atta_4,395.4,1327.0,348.2,-46.8,-3.7,,,,
26.126,5,Atta_5,1037.7,2420.9,100.2,-36.6,1.1,,,,
26.126,6,Atta_6,590.0,1964.0,78.0,-84.4,0.0,,,,
26.126,7,Atta_7,941.9,1480.6,28.5,76.0,-0.8,,,,
26.126,8,Atta_8,824.1,2699.2,159.6,46.4,-4.6,,,,
26.126,9,Atta_9,160.6,2457.9,96.4,-74.8,-0.1,,,,
26.126,10,Atta_10,53.7,1843.9,228.2,51.2,-7.1,,,,
26.196,1,Atta_1,1110.5,1978.4,89.7,54.1,-4.2,,,,
26.196,2,Atta_2,302.6,676.6,181.1,-55.2,0.8,,,,
26.196,3,Atta_3,468.1,924.2,129.0,18.4,1.1,,,,
26.196,4,Atta_4,437.6,1351.8,337.5,48.9,-10.7,,,,
26.196,5,Atta_5,1014.5,2484.1,98.6,67.3,-1.6,,,,
26.196,6,Atta_6,560.2,2004.4,74.9,50.2,-3.1,,,,
26.196,7,Atta_7,965.0,1483.6,28.0,23.3,-0.5,,,,
26.196,8,Atta_8,813.7,2642.0,162.4,-58.1,2.8,,,,
26.196,9,Atta_9,122.7,2578.1,98.3,126.0,1.9,,,,
26.196,10,Atta_10,151.1,1898.9,229.6,-111.9,1.4,,,,
26.266,1,Atta_1,1138.0,1993.2,91.1,31.2,1.4,,,,
26.266,2,Atta_2,281.4,636.4,183.1,45.4,2.0,,,,
26.266,3,Atta_3,522.2,901.8,128.7,-58.6,-0.3,,,,
26.266,4,Atta_4,449.3,1250.6,329.0,101.9,-8.5,,,,
26.266,5,Atta_5,1001.2,2436.1,99.6,-49.8,1.0,,,,
26.266,6,Atta_6,577.5,2052.1,80.7,50.7,5.8,,,,
26.266,7,Atta_7,948.9,1489.9,28.4,-17.3,0.4,,,,
26.266,8,Atta_8,786.1,2680.0,161.9,47.0,-0.5,,,,
26.266,9,Atta_9,204.2,2618.2,97.8,90.8,-0.5,,,,
26.266,10,Atta_10,200.6,1910.5,226.3,-50.8,-3.3,,,,
26.398,1,Atta_1,1136.4,2005.7,91.3,12.6,0.2,,,,
26.398,2,Atta_2,323.7,662.8,185.0,-49.9,1.9,,,,
26.398,3,Atta_3,548.2,973.2,129.4,76.0,0.7,,,,
26.398,4,Atta_4,385.1,1291.4,326.8,-76.1,-2.2,,,,
26.398,5,Atta_5,1049.9,2499.5,99.1,79.9,-0.5,,,,
26.398,6,Atta_6,593.0,2079.3,81.4,31.3,0.7,,,,
26.398,7,Atta_7,975.1,1531.8,30.4,49.4,2.0,,,,
26.398,8,Atta_8,735.9,2693.3,160.5,51.9,-1.4,,,,
26.398,9,Atta_9,145.4,2560.7,95.5,-82.2,-2.3,,,,
26.398,10,Atta_10,152.7,1915.5,227.1,48.2,0.8,,,,
26.468,1,Atta_1,1147.4,2049.1,91.2,44.8,-0.1,,,,
26.468,2,Atta_2,300.8,693.1,182.7,38.0,-2.3,,,,
26.468,3,Atta_3,474.0,887.0,130.8,-113.7,1.4,,,,
26.468,4,Atta_4,473.2,1258.5,316.4,94.0,-10.4,,,,
26.468,5,Atta_5,957.4,2514.6,99.5,93.7,0.4,,,,
26.468,6,Atta_6,582.4,2056.0,78.2,-25.6,-3.2,,,,
26.468,7,Atta_7,1025.9,1517.7,26.4,52.7,-4.0,,,,
26.468,8,Atta_8,752.3,2642.4,159.6,-53.5,-0.9,,,,
26.468,9,Atta_9,192.5,2592.9,96.8,57.1,1.3,,,,
26.468,10,Atta_10,197.1,1893.6,229.5,-49.5,2.4,,,,
26.53,1,Atta_1,1139.7,2077.9,93.9,29.8,2.7,,,,
26.53,2,Atta_2,269.7,615.5,186.7,83.6,4.0,,,,
26.53,3,Atta_3,484.2,910.1,126.2,25.3,-4.6,,,,
26.53,4,Atta_4,387.5,1338.4,314.9,-117.2,-1.5,,,,
26.53,5,Atta_5,996.7,2457.6,99.1,-69.2,-0.4,,,,
26.53,6,Atta_6,572.1,2103.0,78.7,48.1,0.5,,,,
26.53,7,Atta_7,984.4,1536.4,28.9,-45.5,2.5,,,,
26.53,8,Atta_8,689.8,2656.4,159.8,64.0,0.2,,,,
26.53,9,Atta_9,121.6,2520.2,96.3,-101.5,-0.5,,,,
26.53,10,Atta_10,152.3,1873.6,232.8,49.1,3.3,,,,
26.664,1,Atta_1,1109.1,2007.3,91.7,-76.9,-2.2,,,,
26.664,2,Atta_2,232.6,646.5,184.5,48.3,-2.2,,,,
26.664,3,Atta_3,498.9,919.7,132.8,-17.6,6.6,,,,
26.664,4,Atta_4,410.9,1253.2,311.9,88.4,-3.0,,,,
26.664,5,Atta_5,962.0,2509.2,100.7,62.2,1.6,,,,
26.664,6,Atta_6,578.2,2123.2,77.4,21.1,-1.3,,,,
26.664,7,Atta_7,1000.5,1533.7,31.0,16.3,2.1,,,,
26.664,8,Atta_8,727.6,2716.1,161.4,-70.7,1.6,,,,
26.664,9,Atta_9,130.1,2611.6,98.2,91.8,1.9,,,,
26.664,10,Atta_10,117.7,1879.1,239.1,35.0,6.3,,,,
26.716,1,Atta_1,1192.4,2037.5,91.0,88.6,-0.7,,,,
26.716,2,Atta_2,270.7,634.0,187.7,-40.1,3.2,,,,
26.716,3,Atta_3,500.0,1000.9,128.9,81.2,-3.9,,,,
26.716,4,Atta_4,470.4,1276.7,299.6,64.0,-12.3,,,,
26.716,5,Atta_5,1061.1,2472.9,98.9,-105.5,-1.8,,,,
26.716,6,Atta_6,619.0,2119.4,77.7,41.0,0.3,,,,
26.716,7,Atta_7,1020.8,1554.6,30.6,29.1,-0.4,,,,
26.716,8,Atta_8,653.3,2676.5,163.1,84.2,1.7,,,,
26.716,9,Atta_9,108.6,2639.0,93.6,34.8,-4.6,,,,
26.716,10,Atta_10,146.8,1897.4,239.5,-34.4,0.4,,,,
26.785,1,Atta_1,1085.9,2096.8,95.3,121.9,4.3,,,,
26.785,2,Atta_2,189.9,645.7,184.3,81.6,-3.4,,,,
26.785,3,Atta_3,430.2,971.1,128.1,75.9,-0.8,,,,
26.785,4,Atta_4,400.3,1270.7,299.0,-70.4,-0.6,,,,
26.785,5,Atta_5,1000.3,2562.3,101.3,108.1,2.4,,,,
26.785,6,Atta_6,588.5,2098.4,79.3,-37.0,1.6,,,,
26.785,7,Atta_7,1032.6,1531.3,31.6,-26.1,1.0,,,,
26.785,8,Atta_8,724.5,2727.2,159.8,-87.4,-3.3,,,,
26.785,9,Atta_9,164.7,2665.5,92.7,62.0,-0.9,,,,
26.785,10,Atta_10,200.1,1902.9,247.5,-53.6,8.0,,,,
26.854,1,Atta_1,1142.2,2020.7,94.2,-94.7,-1.1,,,,
26.854,2,Atta_2,225.2,600.9,185.3,-57.0,1.0,,,,
26.854,3,Atta_3,418.6,987.3,129.2,19.9,1.1,,,,
26.854,4,Atta_4,403.7,1336.2,296.6,-65.6,-2.4,,,,
26.854,5,Atta_5,967.7,2546.8,101.9,-36.1,0.6,,,,
26.854,6,Atta_6,615.8,2101.1,74.8,27.4,-4.5,,,,
26.854,7,Atta_7,1011.4,1518.8,28.0,-24.6,-3.6,,,,
26.854,8,Atta_8,724.6,2763.7,149.7,36.5,-10.1,,,,
26.854,9,Atta_9,137.0,2631.1,95.0,-44.2,2.3,,,,
26.854,10,Atta_10,181.3,1913.7,250.1,-21.7,2.6,,,,
26.922,1,Atta_1,1137.4,2048.4,92.0,28.1,-2.2,,,,
26.922,2,Atta_2,156.8,659.9,183.9,90.3,-1.4,,,,
26.922,3,Atta_3,427.5,994.3,127.9,-11.3,-1.3,,,,
26.922,4,Atta_4,452.0,1277.7,291.2,75.9,-5.4,,,,
26.922,5,Atta_5,961.6,2548.3,100.6,6.3,-1.3,,,,
26.922,6,Atta_6,649.2,2131.9,75.6,45.4,0.8,,,,
26.922,7,Atta_7,1061.0,1614.2,30.5,107.5,2.5,,,,
26.922,8,Atta_8,713.5,2698.7,148.4,-65.9,-1.3,,,,
26.922,9,Atta_9,197.2,2646.4,95.6,62.1,0.6,,,,
26.922,10,Atta_10,163.0,1895.1,254.6,26.1,4.5,,,,
26.983,1,Atta_1,1098.5,2106.5,91.6,69.9,-0.4,,,,
26.983,2,Atta_2,142.8,657.9,187.1,14.1,3.2,,,,
26.983,3,Atta_3,401.8,951.9,128.5,-49.6,0.6,,,,
26.983,4,Atta_4,432.2,1271.7,288.9,-20.7,-2.3,,,,
26.983,5,Atta_5,981.9,2551.9,98.9,-20.6,-1.7,,,,
26.983,6,Atta_6,608.6,2151.5,80.5,45.1,4.9,,,,
26.983,7,Atta_7,1033.7,1546.8,31.5,-72.7,1.0,,,,
26.983,8,Atta_8,713.7,2685.6,142.5,-13.1,-5.9,,,,
26.983,9,Atta_9,123.8,2637.1,101.6,-74.0,6.0,,,,
26.983,10,Atta_10,132.4,1915.4,258.0,-36.7,3.4,,,,
27.035,1,Atta_1,1094.7,2112.5,93.2,7.1,1.6,,,,
27.035,2,Atta_2,139.2,583.5,185.8,74.5,-1.3,,,,
27.035,3,Atta_3,450.9,1006.2,127.2,73.2,-1.3,,,,
27.035,4,Atta_4,426.0,1289.5,280.7,-18.8,-8.2,,,,
27.035,5,Atta_5,959.0,2560.2,100.1,24.4,1.2,,,,
27.035,6,Atta_6,646.6,2163.5,75.3,39.8,-5.2,,,,
27.035,7,Atta_7,1133.4,1567.7,30.4,101.9,-1.1,,,,
27.035,8,Atta_8,719.9,2702.9,141.8,18.4,-0.7,,,,
27.035,9,Atta_9,121.0,2621.3,112.2,-16.0,10.6,,,,
27.035,10,Atta_10,151.1,1877.2,261.3,42.5,3.3,,,,
27.086,1,Atta_1,1104.0,2120.1,93.5,12.0,0.3,,,,
27.086,2,Atta_2,149.4,655.3,182.5,-72.5,-3.3,,,,
27.086,3,Atta_3,466.2,1024.6,127.2,23.9,0.0,,,,
27.086,4,Atta_4,411.8,1285.6,281.5,14.7,0.8,,,,
27.086,5,Atta_5,970.8,2572.9,100.1,17.3,0.0,,,,
27.086,6,Atta_6,596.2,2168.4,80.8,-50.6,5.5,,,,
27.086,7,Atta_7,1076.7,1584.0,22.5,-59.0,-7.9,,,,
27.086,8,Atta_8,809.6,2678.4,132.3,-93.0,-9.5,,,,
27.086,9,Atta_9,119.0,2600.6,108.4,-20.8,-3.8,,,,
27.086,10,Atta_10,140.2,1850.3,269.3,29.0,8.0,,,,
27.156,1,Atta_1,1074.7,2167.9,92.2,56.1,-1.3,,,,
27.156,2,Atta_2,148.0,601.3,182.5,54.0,0.0,,,,
27.156,3,Atta_3,409.9,1003.4,128.5,60.2,1.3,,,,
27.156,4,Atta_4,395.7,1319.8,281.9,-37.8,0.4,,,,
27.156,5,Atta_5,1001.9,2575.2,98.6,-31.2,-1.5,,,,
27.156,6,Atta_6,568.1,2106.6,78.6,-67.9,-2.2,,,,
27.156,7,Atta_7,1094.9,1563.3,31.2,27.6,8.7,,,,
27.156,8,Atta_8,694.1,2677.6,129.4,115.5,-2.9,,,,
27.156,9,Atta_9,176.3,2613.7,113.7,-58.8,5.3,,,,
27.156,10,Atta_10,198.1,1943.9,273.7,-110.1,4.4,,,,
27.227,1,Atta_1,1167.7,2168.2,93.8,-93.0,1.6,,,,
27.227,2,Atta_2,131.8,646.9,182.9,48.4,0.4,,,,
27.227,3,Atta_3,367.3,974.7,131.8,51.4,3.3,,,,
27.227,4,Atta_4,478.7,1255.5,279.8,105.0,-2.1,,,,
27.227,5,Atta_5,995.4,2631.6,103.3,56.8,4.7,,,,
27.227,6,Atta_6,588.3,2185.1,75.8,81.1,-2.8,,,,
27.227,7,Atta_7,1080.7,1590.9,28.4,31.0,-2.8,,,,
27.227,8,Atta_8,701.4,2663.4,123.5,-16.0,-5.9,,,,
27.227,9,Atta_9,106.2,2638.3,122.5,74.3,8.8,,,,
27.227,10,Atta_10,177.1,1903.3,277.9,45.7,4.2,,,,
27.295,1,Atta_1,1146.8,2205.7,91.9,42.9,-1.9,,,,
27.295,2,Atta_2,66.1,645.9,181.0,65.7,-1.9,,,,
27.295,3,Atta_3,393.7,1052.8,130.0,82.4,-1.8,,,,
27.295,4,Atta_4,456.4,1257.9,280.8,-22.4,1.0,,,,
27.295,5,Atta_5,961.8,2657.3,97.4,42.3,-5.9,,,,
27.295,6,Atta_6,614.3,2161.3,76.8,-35.2,1.0,,,,
27.295,7,Atta_7,1128.7,1561.9,28.3,56.1,-0.1,,,,
27.295,8,Atta_8,726.6,2734.4,122.4,75.3,-1.1,,,,
27.295,9,Atta_9,174.0,2625.1,126.9,-69.1,4.4,,,,
27.295,10,Atta_10,188.4,1838.6,285.0,65.7,7.1,,,,
27.364,1,Atta_1,1162.8,2180.9,94.6,-29.5,2.7,,,,
27.364,2,Atta_2,115.6,623.5,182.0,-54.3,1.0,,,,
27.364,3,Atta_3,398.3,1035.7,128.6,-17.7,-1.4,,,,
27.364,4,Atta_4,387.5,1303.4,278.9,-82.6,-1.9,,,,
27.364,5,Atta_5,965.4,2687.3,102.7,30.2,5.3,,,,
27.364,6,Atta_6,642.3,2131.9,78.4,-40.6,1.6,,,,
27.364,7,Atta_7,1137.0,1605.6,30.3,44.5,2.0,,,,
27.364,8,Atta_8,727.4,2676.5,120.3,-57.9,-2.1,,,,
27.364,9,Atta_9,135.3,2609.3,129.6,41.8,2.7,,,,
27.364,10,Atta_10,119.7,1891.2,290.3,-86.5,5.3,,,,
27.434,1,Atta_1,1130.9,2173.9,91.5,-32.7,-3.1,,,,
27.434,2,Atta_2,141.6,597.9,186.2,-36.5,4.2,,,,
27.434,3,Atta_3,372.7,1077.7,127.7,49.2,-0.9,,,,
27.434,4,Atta_4,418.6,1296.7,281.2,31.8,2.3,,,,
27.434,5,Atta_5,982.3,2606.9,101.4,-82.2,-1.3,,,,
27.434,6,Atta_6,713.0,2161.5,79.1,76.6,0.7,,,,
27.434,7,Atta_7,1154.5,1600.0,28.6,18.4,-1.7,,,,
27.434,8,Atta_8,721.8,2686.6,119.3,11.5,-1.0,,,,
27.434,9,Atta_9,172.5,2689.6,134.3,88.5,4.7,,,,
27.434,10,Atta_10,110.3,1901.1,287.3,-13.7,-3.0,,,,
27.501,1,Atta_1,1118.9,2246.5,90.7,73.6,-0.8,,,,
27.501,2,Atta_2,106.2,664.7,183.0,75.6,-3.2,,,,
27.501,3,Atta_3,395.9,1053.5,127.1,-33.5,-0.6,,,,
27.501,4,Atta_4,398.8,1245.0,277.2,55.4,-4.0,,,,
27.501,5,Atta_5,975.4,2662.3,101.1,55.8,-0.3,,,,
27.501,6,Atta_6,610.1,2293.8,78.9,167.6,-0.2,,,,
27.501,7,Atta_7,1135.3,1588.5,25.2,-22.4,-3.4,,,,
27.501,8,Atta_8,694.7,2701.6,117.3,31.0,-2.0,,,,
27.501,9,Atta_9,121.3,2662.5,136.5,57.9,2.2,,,,
27.501,10,Atta_10,123.8,1909.6,285.3,-16.0,-2.0,,,,
27.567,1,Atta_1,1152.8,2223.6,94.7,-40.9,4.0,,,,
27.567,2,Atta_2,122.3,647.8,189.3,-23.3,6.3,,,,
27.567,3,Atta_3,403.2,1071.5,129.9,19.4,2.8,,,,
27.567,4,Atta_4,411.3,1241.1,274.6,13.1,-2.6,,,,
27.567,5,Atta_5,970.1,2679.5,99.0,18.0,-2.1,,,,
27.567,6,Atta_6,613.6,2221.9,77.1,-72.0,-1.8,,,,
27.567,7,Atta_7,1209.0,1590.5,27.5,73.7,2.3,,,,
27.567,8,Atta_8,717.8,2689.5,116.9,-26.1,-0.4,,,,
27.567,9,Atta_9,125.7,2662.3,146.2,-4.4,9.7,,,,
27.567,10,Atta_10,105.1,1911.5,286.0,-18.8,0.7,,,,
27.635,1,Atta_1,1126.4,2248.4,94.1,36.2,-0.6,,,,
27.635,2,Atta_2,168.8,645.3,183.8,-46.6,-5.5,,,,
27.635,3,Atta_3,361.8,1067.8,132.2,41.6,2.3,,,,
27.635,4,Atta_4,429.6,1248.4,281.6,-19.7,7.0,,,,
27.635,5,Atta_5,991.8,2700.3,100.6,30.1,1.6,,,,
27.635,6,Atta_6,628.1,2234.5,77.9,19.2,0.8,,,,
27.635,7,Atta_7,1112.3,1571.3,29.4,-98.6,1.9,,,,
27.635,8,Atta_8,720.8,2681.2,122.5,-8.8,5.6,,,,
27.635,9,Atta_9,181.9,2634.4,144.5,-62.7,-1.7,,,,
27.635,10,Atta_10,182.9,1883.8,289.7,82.6,3.7,,,,
27.704,1,Atta_1,1155.0,2197.5,94.1,-58.4,0.0,,,,
27.704,2,Atta_2,116.4,628.3,182.8,55.1,-1.0,,,,
27.704,3,Atta_3,335.5,1072.6,127.5,26.7,-4.7,,,,
27.704,4,Atta_4,445.7,1229.4,275.5,24.9,-6.1,,,,
27.704,5,Atta_5,936.3,2702.8,100.8,55.6,0.2,,,,
27.704,6,Atta_6,569.6,2224.5,77.6,-59.3,-0.3,,,,
27.704,7,Atta_7,1155.1,1582.0,26.8,44.1,-2.6,,,,
27.704,8,Atta_8,752.2,2709.4,119.3,42.2,-3.2,,,,
27.704,9,Atta_9,190.2,2568.1,150.9,-66.8,6.4,,,,
27.704,10,Atta_10,109.5,1941.6,290.1,-93.4,0.4,,,,
27.77,1,Atta_1,1150.1,2220.0,97.7,23.0,3.6,,,,
27.77,2,Atta_2,183.9,694.6,183.7,-94.6,0.9,,,,
27.77,3,Atta_3,364.5,1063.0,132.6,-30.5,5.1,,,,
27.77,4,Atta_4,398.7,1233.7,278.2,-47.2,2.7,,,,
27.77,5,Atta_5,943.1,2753.4,101.3,51.1,0.5,,,,
27.77,6,Atta_6,623.9,2266.1,82.1,68.4,4.5,,,,
27.77,7,Atta_7,1144.8,1625.5,29.9,44.7,3.1,,,,
27.77,8,Atta_8,685.9,2659.8,119.2,-82.8,-0.1,,,,
27.77,9,Atta_9,124.7,2647.2,158.4,102.7,7.5,,,,
27.77,10,Atta_10,179.8,1861.7,285.9,106.4,-4.2,,,,
27.836,1,Atta_1,1080.1,2222.6,94.2,70.0,-3.5,,,,
27.836,2,Atta_2,206.8,565.5,185.1,-131.1,1.4,,,,
27.836,3,Atta_3,273.5,1120.1,125.5,107.4,-7.1,,,,
27.836,4,Atta_4,432.9,1264.5,277.8,-46.0,-0.4,,,,
27.836,5,Atta_5,970.0,2673.2,101.6,-84.6,0.3,,,,
27.836,6,Atta_6,585.2,2313.6,80.6,61.3,-1.5,,,,
27.836,7,Atta_7,1200.0,1618.3,28.6,55.7,-1.3,,,,
27.836,8,Atta_8,702.4,2704.0,125.2,47.2,6.0,,,,
27.836,9,Atta_9,180.5,2719.6,160.8,-91.4,2.4,,,,
27.836,10,Atta_10,179.2,1924.1,288.2,-62.4,2.3,,,,
27.901,1,Atta_1,1092.8,2277.8,92.2,56.6,-2.0,,,,
27.901,2,Atta_2,164.4,640.1,186.8,85.8,1.7,,,,
27.901,3,Atta_3,401.9,1109.2,124.3,-128.9,-1.2,,,,
27.901,4,Atta_4,394.9,1178.4,276.6,94.1,-1.2,,,,
27.901,5,Atta_5,921.2,2711.5,101.4,62.0,-0.2,,,,
27.901,6,Atta_6,622.4,2344.5,79.3,48.4,-1.3,,,,
27.901,7,Atta_7,1205.6,1553.8,30.9,-64.7,2.3,,,,
27.901,8,Atta_8,707.2,2708.1,120.1,6.3,-5.1,,,,
27.901,9,Atta_9,155.1,2616.3,163.6,-106.4,2.8,,,,
27.901,10,Atta_10,142.5,1855.9,289.3,77.4,1.1,,,,
27.967,1,Atta_1,1075.8,2240.4,96.9,-41.1,4.7,,,,
27.967,2,Atta_2,162.4,643.8,198.4,4.2,11.6,,,,
27.967,3,Atta_3,375.5,1099.8,118.2,28.0,-6.1,,,,
27.967,4,Atta_4,424.5,1185.8,280.7,-30.5,4.1,,,,
27.967,5,Atta_5,1005.6,2652.1,101.3,-103.2,-0.1,,,,
27.967,6,Atta_6,615.9,2332.7,77.3,-13.5,-2.0,,,,
27.967,7,Atta_7,1206.1,1623.8,26.1,70.0,-4.8,,,,
27.967,8,Atta_8,719.1,2669.1,124.3,-40.8,4.2,,,,
27.967,9,Atta_9,144.4,2672.0,170.4,56.7,6.8,,,,
27.967,10,Atta_10,164.4,1868.5,286.9,-25.3,-2.4,,,,
28.033,1,Atta_1,1107.8,2308.5,94.3,75.2,-2.6,,,,
28.033,2,Atta_2,71.2,603.6,197.0,99.7,-1.4,,,,
28.033,3,Atta_3,325.3,1079.7,117.7,54.1,-0.5,,,,
28.033,4,Atta_4,414.2,1115.9,279.1,70.7,-1.6,,,,
28.033,5,Atta_5,942.9,2675.5,104.2,66.9,2.9,,,,
28.033,6,Atta_6,659.0,2296.3,81.2,-56.4,3.9,,,,
28.033,7,Atta_7,1271.8,1627.3,28.4,65.8,2.3,,,,
28.033,8,Atta_8,720.6,2673.4,124.0,4.6,-0.3,,,,
28.033,9,Atta_9,80.5,2656.2,174.1,65.8,3.7,,,,
28.033,10,Atta_10,150.5,1830.7,286.8,40.3,-0.1,,,,
28.164,1,Atta_1,1129.0,2309.9,93.7,-21.2,-0.6,,,,
28.164,2,Atta_2,172.5,621.5,203.9,-102.9,6.9,,,,
28.164,3,Atta_3,314.9,1137.6,110.8,58.8,-6.9,,,,
28.164,4,Atta_4,442.2,1158.4,275.0,-50.9,-4.1,,,,
28.164,5,Atta_5,999.8,2691.8,101.8,59.2,-2.4,,,,
28.164,6,Atta_6,660.3,2305.9,77.0,9.7,-4.2,,,,
28.164,7,Atta_7,1146.9,1650.8,30.1,-127.1,1.7,,,,
28.164,8,Atta_8,776.3,2640.6,123.1,-64.6,-0.9,,,,
28.164,9,Atta_9,149.6,2650.1,178.4,-69.4,4.3,,,,
28.164,10,Atta_10,174.3,1888.5,285.1,-62.5,-1.7,,,,
28.23,1,Atta_1,1186.9,2281.7,95.6,-64.4,1.9,,,,
28.23,2,Atta_2,187.2,632.7,207.2,-18.5,3.3,,,,
28.23,3,Atta_3,325.8,1087.8,100.2,-51.0,-10.6,,,,
28.23,4,Atta_4,448.0,1110.5,277.8,48.2,2.8,,,,
28.23,5,Atta_5,975.7,2576.2,104.3,-118.1,2.5,,,,
28.23,6,Atta_6,652.9,2305.8,81.6,-7.4,4.6,,,,
28.23,7,Atta_7,1310.4,1653.8,30.9,163.5,0.8,,,,
28.23,8,Atta_8,735.4,2714.9,124.6,84.8,1.5,,,,
28.23,9,Atta_9,151.0,2623.8,188.5,-26.3,10.1,,,,
28.23,10,Atta_10,160.1,1809.1,288.9,80.7,3.8,,,,
28.3,1,Atta_1,1128.8,2333.8,94.7,78.0,-0.9,,,,
28.3,2,Atta_2,215.9,653.4,217.2,-35.4,10.0,,,,
28.3,3,Atta_3,304.3,1130.8,100.5,48.1,0.3,,,,
28.3,4,Atta_4,451.4,1101.7,273.9,9.4,-3.9,,,,
28.3,5,Atta_5,1026.0,2661.4,107.8,98.9,3.5,,,,
28.3,6,Atta_6,662.0,2386.1,83.2,80.8,1.6,,,,
28.3,7,Atta_7,1262.4,1640.1,29.7,-49.9,-1.2,,,,
28.3,8,Atta_8,721.8,2626.0,132.6,-89.9,8.0,,,,
28.3,9,Atta_9,108.9,2623.3,192.0,42.1,3.5,,,,
28.3,10,Atta_10,172.9,1798.4,286.1,16.7,-2.8,,,,
28.419,1,Atta_1,1140.2,2333.6,96.8,-11.4,2.1,,,,
28.419,2,Atta_2,178.6,631.4,222.5,43.3,5.3,,,,
28.419,3,Atta_3,326.4,1097.8,102.2,-39.7,1.7,,,,
28.419,4,Atta_4,415.7,1113.2,279.2,-37.5,5.3,,,,
28.419,5,Atta_5,907.5,2648.0,109.6,119.3,1.8,,,,
28.419,6,Atta_6,633.5,2375.9,79.8,-30.3,-3.4,,,,
28.419,7,Atta_7,1321.6,1721.9,27.3,101.0,-2.4,,,,
28.419,8,Atta_8,739.8,2650.5,134.5,30.4,1.9,,,,
28.419,9,Atta_9,112.7,2635.2,193.9,-12.5,1.9,,,,
28.419,10,Atta_10,184.9,1792.8,286.4,13.2,0.3,,,,
28.49,1,Atta_1,1116.0,2397.4,98.9,68.2,2.1,,,,
28.49,2,Atta_2,178.2,646.5,224.4,-15.1,1.9,,,,
28.49,3,Atta_3,367.7,1114.1,101.8,44.4,-0.4,,,,
28.49,4,Atta_4,459.3,1092.7,277.7,48.2,-1.5,,,,
28.49,5,Atta_5,949.1,2586.8,115.2,-74.0,5.6,,,,
28.49,6,Atta_6,650.4,2417.8,77.0,45.2,-2.8,,,,
28.49,7,Atta_7,1244.4,1739.3,29.3,-79.1,2.0,,,,
28.49,8,Atta_8,716.7,2697.6,139.9,52.5,5.4,,,,
28.49,9,Atta_9,127.8,2637.8,200.7,-15.3,6.8,,,,
28.49,10,Atta_10,206.5,1834.9,289.4,-47.3,3.0,,,,
28.558,1,Atta_1,1101.8,2440.0,93.0,44.9,-5.9,,,,
28.558,2,Atta_2,221.3,668.6,231.3,-48.4,6.9,,,,
28.558,3,Atta_3,354.5,1090.0,99.8,-27.5,-2.0,,,,
28.558,4,Atta_4,455.6,1053.5,279.8,39.4,2.1,,,,
28.558,5,Atta_5,973.7,2610.6,118.7,34.2,3.5,,,,
28.558,6,Atta_6,653.5,2436.9,84.0,19.3,7.0,,,,
28.558,7,Atta_7,1251.2,1717.1,27.8,-23.2,-1.5,,,,
28.558,8,Atta_8,751.5,2674.2,143.4,-41.9,3.5,,,,
28.558,9,Atta_9,179.7,2624.8,202.6,-53.5,1.9,,,,
28.558,10,Atta_10,245.7,1798.9,295.2,53.2,5.8,,,,
28.624,1,Atta_1,1138.8,2366.2,96.1,-82.6,3.1,,,,
28.624,2,Atta_2,187.9,622.3,233.7,57.1,2.4,,,,
28.624,3,Atta_3,269.6,1082.8,101.5,85.2,1.7,,,,
28.624,4,Atta_4,471.0,1090.7,277.7,-40.3,-2.1,,,,
28.624,5,Atta_5,992.6,2652.2,121.0,45.7,2.3,,,,
28.624,6,Atta_6,643.5,2332.2,79.5,-105.2,-4.5,,,,
28.624,7,Atta_7,1300.7,1708.5,29.5,50.2,1.7,,,,
28.624,8,Atta_8,721.4,2621.1,150.1,-61.0,6.7,,,,
28.624,9,Atta_9,104.2,2605.4,212.6,78.0,10.0,,,,
28.624,10,Atta_10,170.7,1823.4,300.4,-78.9,5.2,,,,
28.69,1,Atta_1,1144.9,2370.2,99.7,7.3,3.6,,,,
28.69,2,Atta_2,182.8,638.0,240.3,-16.5,6.6,,,,
28.69,3,Atta_3,331.0,1129.6,101.3,77.2,-0.2,,,,
28.69,4,Atta_4,458.8,1083.4,279.6,14.2,1.9,,,,
28.69,5,Atta_5,948.9,2700.5,129.0,65.1,8.0,,,,
28.69,6,Atta_6,671.3,2400.0,81.5,73.3,2.0,,,,
28.69,7,Atta_7,1296.9,1730.0,30.8,21.8,1.3,,,,
28.69,8,Atta_8,789.8,2677.4,159.3,-88.6,9.2,,,,
28.69,9,Atta_9,188.4,2695.2,212.7,-123.1,0.1,,,,
28.69,10,Atta_10,137.5,1808.8,305.9,-36.3,5.5,,,,
28.759,1,Atta_1,1123.5,2400.5,94.8,37.1,-4.9,,,,
28.759,2,Atta_2,197.0,621.4,240.6,21.8,0.3,,,,
28.759,3,Atta_3,346.1,1150.5,100.5,25.8,-0.8,,,,
28.759,4,Atta_4,422.6,1056.4,286.9,45.2,7.3,,,,
28.759,5,Atta_5,1020.3,2627.7,129.9,-102.0,0.9,,,,
28.759,6,Atta_6,688.9,2387.9,79.5,-21.4,-2.0,,,,
28.759,7,Atta_7,1322.2,1710.7,28.6,31.8,-2.2,,,,
28.759,8,Atta_8,759.8,2686.7,161.3,31.4,2.0,,,,
28.759,9,Atta_9,123.6,2674.4,221.9,68.1,9.2,,,,
28.759,10,Atta_10,134.3,1828.2,309.1,-19.7,3.2,,,,
28.825,1,Atta_1,1066.6,2377.4,94.6,-61.4,-0.2,,,,
28.825,2,Atta_2,160.3,665.0,240.4,-57.0,-0.2,,,,
28.825,3,Atta_3,324.3,1107.5,102.2,-48.2,1.7,,,,
28.825,4,Atta_4,435.7,1078.4,291.2,-25.6,4.3,,,,
28.825,5,Atta_5,903.6,2690.2,136.7,132.4,6.8,,,,
28.825,6,Atta_6,647.7,2481.0,76.5,101.8,-3.0,,,,
28.825,7,Atta_7,1382.1,1616.7,27.0,111.5,-1.6,,,,
28.825,8,Atta_8,767.6,2628.0,162.5,-59.2,1.2,,,,
28.825,9,Atta_9,170.1,2673.8,221.8,-46.5,-0.1,,,,
28.825,10,Atta_10,166.9,1885.8,309.7,-66.2,0.6,,,,
28.894,1,Atta_1,1127.2,2465.1,91.6,106.6,-3.0,,,,
28.894,2,Atta_2,172.3,617.0,244.7,49.5,4.3,,,,
28.894,3,Atta_3,342.2,1170.8,100.4,65.8,-1.8,,,,
28.894,4,Atta_4,507.1,1151.5,294.0,-102.2,2.8,,,,
28.894,5,Atta_5,1001.1,2646.7,138.8,-106.8,2.1,,,,
28.894,6,Atta_6,690.1,2428.3,77.7,-67.6,1.2,,,,
28.894,7,Atta_7,1329.0,1656.0,28.1,-66.1,1.1,,,,
28.894,8,Atta_8,734.8,2643.7,169.4,36.4,6.9,,,,
28.894,9,Atta_9,185.7,2641.7,226.8,35.7,5.0,,,,
28.894,10,Atta_10,143.0,1809.2,321.0,80.2,11.3,,,,
28.964,1,Atta_1,1126.7,2433.0,94.1,-32.1,2.5,,,,
28.964,2,Atta_2,143.4,633.3,240.8,-33.2,-3.9,,,,
28.964,3,Atta_3,316.1,1118.4,101.1,-58.5,0.7,,,,
28.964,4,Atta_4,462.2,1132.6,300.4,-48.7,6.4,,,,
28.964,5,Atta_5,967.8,2598.0,145.0,-59.0,6.2,,,,
28.964,6,Atta_6,695.2,2486.0,79.2,57.9,1.5,,,,
28.964,7,Atta_7,1411.9,1725.9,31.2,108.4,3.1,,,,
28.964,8,Atta_8,729.1,2683.3,174.7,40.0,5.3,,,,
28.964,9,Atta_9,141.1,2633.2,229.0,45.4,2.2,,,,
28.964,10,Atta_10,173.1,1812.0,322.0,30.2,1.0,,,,
29.032,1,Atta_1,1139.4,2432.7,97.2,-12.7,3.1,,,,
29.032,2,Atta_2,241.1,655.0,240.0,-100.1,-0.8,,,,
29.032,3,Atta_3,344.7,1168.5,104.4,57.7,3.3,,,,
29.032,4,Atta_4,440.6,1066.3,302.5,69.7,2.1,,,,
29.032,5,Atta_5,942.0,2678.1,151.5,84.2,6.5,,,,
29.032,6,Atta_6,606.1,2485.9,78.7,-89.1,-0.5,,,,
29.032,7,Atta_7,1396.8,1720.2,26.8,-16.1,-4.4,,,,
29.032,8,Atta_8,758.9,2618.2,176.2,-71.6,1.5,,,,
29.032,9,Atta_9,154.5,2683.7,237.8,-52.2,8.8,,,,
29.032,10,Atta_10,180.5,1804.7,327.3,10.4,5.3,,,,
29.088,1,Atta_1,1049.5,2417.9,98.5,-91.1,1.3,,,,
29.088,2,Atta_2,128.5,574.0,243.3,138.7,3.3,,,,
29.088,3,Atta_3,293.7,1161.5,102.9,51.5,-1.5,,,,
29.088,4,Atta_4,439.3,1057.7,311.6,8.7,9.1,,,,
29.088,5,Atta_5,1031.0,2618.4,154.9,-107.2,3.4,,,,
29.088,6,Atta_6,683.7,2489.1,77.4,77.7,-1.3,,,,
29.088,7,Atta_7,1383.0,1743.0,29.3,-26.7,2.5,,,,
29.088,8,Atta_8,724.4,2659.1,180.4,53.5,4.2,,,,
29.088,9,Atta_9,135.0,2622.9,241.3,63.9,3.5,,,,
29.088,10,Atta_10,163.3,1780.9,329.0,-29.4,1.7,,,,
29.16,1,Atta_1,1089.0,2462.1,91.1,59.3,-7.4,,,,
29.16,2,Atta_2,201.6,653.3,244.0,-107.9,0.7,,,,
29.16,3,Atta_3,340.6,1163.3,102.1,-46.9,-0.8,,,,
29.16,4,Atta_4,482.5,1035.9,310.8,48.4,-0.8,,,,
29.16,5,Atta_5,994.8,2626.0,158.3,37.0,3.4,,,,
29.16,6,Atta_6,655.6,2587.7,81.0,102.5,3.6,,,,
29.16,7,Atta_7,1384.8,1728.5,35.0,-14.6,5.7,,,,
29.16,8,Atta_8,691.6,2629.7,181.8,44.0,1.4,,,,
29.16,9,Atta_9,136.4,2613.0,244.9,10.0,3.6,,,,
29.16,10,Atta_10,216.3,1786.3,335.5,53.3,6.5,,,,
29.214,1,Atta_1,1126.6,2480.3,96.4,41.8,5.3,,,,
29.214,2,Atta_2,188.7,599.9,242.8,54.9,-1.2,,,,
29.214,3,Atta_3,344.7,1213.3,101.9,50.2,-0.2,,,,
29.214,4,Atta_4,410.2,1072.0,317.6,-80.8,6.8,,,,
29.214,5,Atta_5,973.1,2576.0,159.4,54.5,1.1,,,,
29.214,6,Atta_6,627.8,2497.6,81.0,-94.3,0.0,,,,
29.214,7,Atta_7,1314.9,1736.7,39.9,-70.4,4.9,,,,
29.214,8,Atta_8,750.8,2629.0,182.4,-59.2,0.6,,,,
29.214,9,Atta_9,180.8,2662.9,250.1,-66.8,5.2,,,,
29.214,10,Atta_10,159.5,1828.9,339.3,-71.0,3.8,,,,
29.283,1,Atta_1,1122.1,2484.3,96.9,6.0,0.5,,,,
29.283,2,Atta_2,254.5,585.4,237.2,-67.4,-5.6,,,,
29.283,3,Atta_3,295.4,1222.0,98.1,50.1,-3.8,,,,
29.283,4,Atta_4,465.0,1070.1,320.2,54.8,2.6,,,,
29.283,5,Atta_5,944.9,2603.3,156.0,39.2,-3.4,,,,
29.283,6,Atta_6,661.7,2470.9,79.3,-43.2,-1.7,,,,
29.283,7,Atta_7,1344.1,1771.1,44.7,45.1,4.8,,,,
29.283,8,Atta_8,746.3,2643.9,179.1,15.6,-3.3,,,,
29.283,9,Atta_9,100.5,2646.7,254.2,81.9,4.1,,,,
29.283,10,Atta_10,174.2,1818.8,340.0,17.8,0.7,,,,
29.353,1,Atta_1,1075.5,2500.7,94.4,49.4,-2.5,,,,
29.353,2,Atta_2,184.9,601.3,239.0,71.4,1.8,,,,
29.353,3,Atta_3,294.6,1242.1,101.3,20.1,3.2,,,,
29.353,4,Atta_4,449.2,1107.3,328.6,-40.4,8.4,,,,
29.353,5,Atta_5,946.8,2614.1,160.6,11.0,4.6,,,,
29.353,6,Atta_6,690.8,2488.8,74.8,34.2,-4.5,,,,
29.353,7,Atta_7,1388.3,1734.9,50.6,57.1,5.9,,,,
29.353,8,Atta_8,758.7,2676.4,184.8,-34.8,5.7,,,,
29.353,9,Atta_9,165.1,2672.7,258.8,-69.6,4.6,,,,
29.353,10,Atta_10,175.7,1841.1,345.7,-22.4,5.7,,,,
29.408,1,Atta_1,1059.6,2579.7,96.4,80.6,2.0,,,,
29.408,2,Atta_2,157.7,634.4,239.1,-42.8,0.1,,,,
29.408,3,Atta_3,276.1,1255.4,99.8,22.8,-1.5,,,,
29.408,4,Atta_4,460.9,1035.1,326.3,73.1,-2.3,,,,
29.408,5,Atta_5,943.9,2603.3,160.0,-11.2,-0.6,,,,
29.408,6,Atta_6,665.9,2553.9,71.9,69.7,-2.9,,,,
29.408,7,Atta_7,1405.7,1729.2,49.4,18.3,-1.2,,,,
29.408,8,Atta_8,746.1,2631.9,180.8,46.2,-4.0,,,,
29.408,9,Atta_9,172.7,2636.0,263.3,37.5,4.5,,,,
29.408,10,Atta_10,184.6,1780.0,352.0,61.7,6.3,,,,
29.526,1,Atta_1,1103.6,2532.9,94.7,-64.2,-1.7,,,,
29.526,2,Atta_2,176.2,616.7,242.5,25.6,3.4,,,,
29.526,3,Atta_3,315.9,1199.4,101.0,-68.7,1.2,,,,
29.526,4,Atta_4,436.9,1081.4,333.8,-52.2,7.5,,,,
29.526,5,Atta_5,909.9,2639.5,155.4,49.7,-4.6,,,,
29.526,6,Atta_6,646.6,2514.2,76.5,-44.1,4.6,,,,
29.526,7,Atta_7,1330.5,1739.4,60.3,-75.9,10.9,,,,
29.526,8,Atta_8,743.1,2601.1,182.2,30.9,1.4,,,,
29.526,9,Atta_9,148.7,2643.2,264.7,-25.1,1.4,,,,
29.526,10,Atta_10,164.7,1770.2,355.5,-22.2,3.5,,,,
29.592,2,Atta_2,65.3,582.0,242.0,116.2,-0.5,,,,
29.592,3,Atta_3,308.1,1227.6,103.2,29.3,2.2,,,,
29.592,4,Atta_4,451.2,1093.8,338.0,18.9,4.2,,,,
29.592,5,Atta_5,911.3,2698.8,156.8,59.3,1.4,,,,
29.592,6,Atta_6,713.5,2515.0,78.2,66.9,1.7,,,,
29.592,7,Atta_7,1352.5,1770.0,63.3,37.7,3.0,,,,
29.592,8,Atta_8,690.1,2624.1,179.2,57.8,-3.0,,,,
29.592,9,Atta_9,179.1,2593.2,273.0,58.5,8.3,,,,
29.592,10,Atta_10,175.9,1784.6,359.1,18.2,3.6,,,,
29.661,1,Atta_1,1097.3,2516.9,95.0,-17.2,0.3,,,,
29.661,2,Atta_2,137.7,573.6,243.3,-72.9,1.3,,,,
29.661,3,Atta_3,270.1,1261.8,98.9,51.1,-4.3,,,,
29.661,4,Atta_4,499.3,1081.8,342.1,49.6,4.1,,,,
29.661,5,Atta_5,976.9,2637.8,158.9,-89.6,2.1,,,,
29.661,6,Atta_6,681.8,2466.4,73.8,-58.0,-4.4,,,,
29.661,7,Atta_7,1339.1,1683.5,67.1,-87.5,3.8,,,,
29.661,8,Atta_8,709.1,2655.0,183.3,-36.3,4.1,,,,
29.661,9,Atta_9,155.2,2641.6,273.4,-54.0,0.4,,,,
29.661,10,Atta_10,149.9,1725.5,8.1,-64.6,9.0,,,,
29.728,1,Atta_1,1092.7,2579.7,95.2,63.0,0.2,,,,
29.728,2,Atta_2,87.6,543.6,247.0,58.4,3.7,,,,
29.728,3,Atta_3,296.0,1357.3,100.7,98.9,1.8,,,,
29.728,4,Atta_4,472.9,1106.9,350.5,-36.4,8.4,,,,
29.728,5,Atta_5,930.5,2680.5,157.5,63.1,-1.4,,,,
29.728,6,Atta_6,621.1,2403.8,75.5,-87.2,1.7,,,,
29.728,7,Atta_7,1376.6,1718.4,69.4,51.2,2.3,,,,
29.728,8,Atta_8,680.1,2674.1,180.5,34.7,-2.8,,,,
29.728,9,Atta_9,149.5,2592.6,276.5,49.3,3.1,,,,
29.728,10,Atta_10,146.4,1808.4,13.0,83.0,4.9,,,,
29.794,1,Atta_1,1088.4,2567.4,97.4,-13.0,2.2,,,,
29.794,2,Atta_2,121.9,568.8,242.7,-42.6,-4.3,,,,
29.794,3,Atta_3,284.6,1316.4,101.9,-42.5,1.2,,,,
29.794,4,Atta_4,411.3,1102.8,352.0,-61.7,1.5,,,,
29.794,5,Atta_5,891.3,2717.9,158.2,54.2,0.7,,,,
29.794,6,Atta_6,664.7,2468.4,76.5,77.9,1.0,,,,
29.794,7,Atta_7,1395.8,1777.6,74.4,62.2,5.0,,,,
29.794,8,Atta_8,677.4,2635.3,179.3,38.9,-1.2,,,,
29.794,9,Atta_9,106.6,2678.2,271.3,-95.7,-5.2,,,,
29.794,10,Atta_10,217.7,1775.4,16.2,78.6,3.2,,,,
29.861,1,Atta_1,1080.2,2525.9,96.4,-42.3,-1.0,,,,
29.861,2,Atta_2,80.6,510.9,239.1,71.1,-3.6,,,,
29.861,3,Atta_3,320.0,1279.8,102.7,-50.9,0.8,,,,
29.861,4,Atta_4,463.5,1068.8,357.7,62.3,5.7,,,,
29.861,5,Atta_5,959.0,2644.4,155.0,-99.9,-3.2,,,,
29.861,6,Atta_6,649.9,2424.3,80.3,-46.5,3.8,,,,
29.861,7,Atta_7,1425.1,1696.0,83.1,-86.7,8.7,,,,
29.861,8,Atta_8,654.9,2682.4,179.0,52.2,-0.3,,,,
29.861,9,Atta_9,130.1,2678.7,270.3,23.5,-1.0,,,,
29.861,10,Atta_10,166.2,1830.6,17.1,-75.5,0.9,,,,
29.931,1,Atta_1,1060.1,2589.8,97.9,67.0,1.5,,,,
29.931,2,Atta_2,133.0,557.4,232.7,-70.1,-6.4,,,,
29.931,3,Atta_3,306.0,1368.8,100.7,90.1,-2.0,,,,
29.931,4,Atta_4,494.5,1052.7,0.2,34.9,2.5,,,,
29.931,5,Atta_5,918.6,2621.7,158.3,46.3,3.3,,,,
29.931,6,Atta_6,682.2,2388.6,82.2,-48.1,1.9,,,,
29.931,7,Atta_7,1363.7,1757.8,83.6,87.1,0.5,,,,
29.931,8,Atta_8,670.6,2627.2,183.0,-57.4,4.0,,,,
29.931,9,Atta_9,139.0,2663.5,269.9,17.6,-0.4,,,,
29.931,10,Atta_10,195.9,1795.1,22.8,46.3,5.7,,,,
29.998,1,Atta_1,1110.9,2647.0,97.2,76.5,-0.7,,,,
29.998,2,Atta_2,123.6,473.7,226.5,84.2,-6.2,,,,
29.998,3,Atta_3,316.2,1324.8,102.1,-45.2,1.4,,,,
29.998,4,Atta_4,490.6,1106.5,2.1,-53.9,1.9,,,,
29.998,5,Atta_5,870.5,2665.6,157.8,65.1,-0.5,,,,
29.998,6,Atta_6,651.8,2431.0,90.3,52.2,8.1,,,,
29.998,7,Atta_7,1356.8,1758.8,86.7,7.0,3.1,,,,
29.998,8,Atta_8,648.1,2637.9,181.2,24.9,-1.8,,,,
29.998,9,Atta_9,180.0,2676.2,274.2,-42.9,4.3,,,,
29.998,10,Atta_10,174.6,1827.9,30.4,-39.1,7.6,,,,
30.049,1,Atta_1,1094.7,2638.2,96.8,-18.4,-0.4,,,,
30.049,2,Atta_2,110.0,525.6,221.4,-53.7,-5.1,,,,
30.049,3,Atta_3,316.4,1365.8,104.0,41.0,1.9,,,,
30.049,4,Atta_4,492.7,1080.5,4.0,26.1,1.9,,,,
30.049,5,Atta_5,926.1,2670.0,156.9,-55.8,-0.9,,,,
30.049,6,Atta_6,656.1,2500.5,92.8,69.6,2.5,,,,
30.049,7,Atta_7,1340.3,1762.5,96.2,16.9,9.5,,,,
30.049,8,Atta_8,673.2,2592.2,178.6,-52.1,-2.6,,,,
30.049,9,Atta_9,167.3,2583.3,275.0,93.8,0.8,,,,
30.049,10,Atta_10,147.8,1831.1,32.2,-27.0,1.8,,,,
30.119,1,Atta_1,1098.9,2659.3,97.5,21.5,0.7,,,,
30.119,2,Atta_2,99.2,512.9,218.1,16.7,-3.3,,,,
30.119,3,Atta_3,285.8,1361.0,102.3,31.0,-1.7,,,,
30.119,4,Atta_4,515.5,1067.2,5.6,26.4,1.6,,,,
30.119,5,Atta_5,863.3,2655.1,157.5,64.5,0.6,,,,
30.119,6,Atta_6,611.3,2398.7,94.5,-111.2,1.7,,,,
30.119,7,Atta_7,1385.6,1693.9,93.4,-82.2,-2.8,,,,
30.119,8,Atta_8,675.8,2634.4,182.6,-42.3,4.0,,,,
30.119,9,Atta_9,196.2,2593.1,273.8,-30.5,-1.2,,,,
30.119,10,Atta_10,274.0,1770.1,40.0,140.2,7.8,,,,
30.187,1,Atta_1,1159.7,2662.2,94.6,-60.9,-2.9,,,,
30.187,2,Atta_2,77.8,547.7,218.7,-40.9,0.6,,,,
30.187,3,Atta_3,254.3,1364.8,102.1,31.7,-0.2,,,,
30.187,4,Atta_4,447.9,1149.5,3.9,-106.5,-1.7,,,,
30.187,5,Atta_5,865.4,2643.5,157.7,-11.8,0.2,,,,
30.187,6,Atta_6,633.9,2410.9,97.7,25.7,3.2,,,,
30.187,7,Atta_7,1381.8,1723.3,103.2,29.6,9.8,,,,
30.187,8,Atta_8,590.6,2637.1,181.2,85.2,-1.4,,,,
30.187,9,Atta_9,149.2,2567.2,273.6,53.7,-0.2,,,,
30.187,10,Atta_10,180.5,1839.6,41.8,-116.5,1.8,,,,
30.253,1,Atta_1,1138.0,2648.7,98.5,-25.6,3.9,,,,
30.253,2,Atta_2,70.3,550.0,208.7,7.8,-10.0,,,,
30.253,3,Atta_3,263.2,1383.1,97.8,20.3,-4.3,,,,
30.253,4,Atta_4,419.9,1085.4,3.4,-69.9,-0.5,,,,
30.253,5,Atta_5,829.7,2697.0,158.5,64.3,0.8,,,,
30.253,6,Atta_6,673.4,2466.5,103.6,68.2,5.9,,,,
30.253,7,Atta_7,1353.2,1690.0,106.5,-43.9,3.3,,,,
30.253,8,Atta_8,616.8,2632.2,175.2,-26.7,-6.0,,,,
30.253,9,Atta_9,139.1,2612.0,275.6,-45.9,2.0,,,,
30.253,10,Atta_10,216.4,1819.6,46.0,41.1,4.2,,,,
30.319,1,Atta_1,1103.6,2608.1,91.5,-53.2,-7.0,,,,
30.319,2,Atta_2,90.7,517.6,209.3,-38.3,0.6,,,,
30.319,3,Atta_3,247.1,1371.1,103.1,-20.1,5.3,,,,
30.319,4,Atta_4,496.5,1074.1,7.8,77.4,4.4,,,,
30.319,5,Atta_5,908.1,2630.9,151.8,-102.5,-6.7,,,,
30.319,6,Atta_6,623.1,2454.2,106.5,-51.8,2.9,,,,
30.319,7,Atta_7,1379.3,1745.0,111.7,60.9,5.2,,,,
30.319,8,Atta_8,596.6,2689.8,169.7,61.0,-5.5,,,,
30.319,9,Atta_9,141.9,2559.7,272.5,52.4,-3.1,,,,
30.319,10,Atta_10,165.6,1786.9,51.3,-60.4,5.3,,,,
30.385,1,Atta_1,1072.6,2645.1,95.2,48.3,3.7,,,,
30.385,2,Atta_2,113.8,472.9,198.9,50.3,-10.4,,,,
30.385,3,Atta_3,216.8,1434.1,99.6,69.9,-3.5,,,,
30.385,4,Atta_4,454.6,1111.4,4.9,-56.1,-2.9,,,,
30.385,5,Atta_5,855.8,2677.4,145.1,70.0,-6.7,,,,
30.385,6,Atta_6,690.1,2446.9,116.5,-67.4,10.0,,,,
30.385,7,Atta_7,1370.1,1724.8,115.7,-22.2,4.0,,,,
30.385,8,Atta_8,680.5,2586.0,164.7,-133.5,-5.0,,,,
30.385,9,Atta_9,173.7,2564.8,269.9,-32.2,-2.6,,,,
30.385,10,Atta_10,168.6,1823.3,55.3,36.5,4.0,,,,
30.451,1,Atta_1,1066.4,2655.0,96.8,11.7,1.6,,,,
30.451,2,Atta_2,72.6,471.1,197.3,41.2,-1.6,,,,
30.451,3,Atta_3,272.0,1443.1,103.6,-55.9,4.0,,,,
30.451,4,Atta_4,517.0,1081.3,4.3,69.3,-0.6,,,,
30.451,5,Atta_5,828.1,2669.4,141.6,28.8,-3.5,,,,
30.451,6,Atta_6,679.3,2454.3,120.8,13.1,4.3,,,,
30.451,7,Atta_7,1354.2,1710.1,115.8,-21.7,0.1,,,,
30.451,8,Atta_8,689.6,2655.2,157.4,69.8,-7.3,,,,
30.451,9,Atta_9,154.8,2549.0,271.6,24.6,1.7,,,,
30.451,10,Atta_10,201.9,1807.8,56.0,36.7,0.7,,,,
30.517,1,Atta_1,1093.2,2692.0,95.0,45.7,-1.8,,,,
30.517,2,Atta_2,175.6,486.9,193.6,-104.2,-3.7,,,,
30.517,3,Atta_3,275.2,1405.9,101.2,-37.3,-2.4,,,,
30.517,4,Atta_4,527.7,1183.6,6.1,102.9,1.8,,,,
30.517,5,Atta_5,874.5,2651.2,137.7,-49.8,-3.9,,,,
30.517,6,Atta_6,642.8,2475.7,125.6,42.3,4.8,,,,
30.517,7,Atta_7,1356.7,1746.4,122.2,36.4,6.4,,,,
30.517,8,Atta_8,629.1,2648.5,155.9,60.9,-1.5,,,,
30.517,9,Atta_9,184.0,2603.5,272.8,-61.8,1.2,,,,
30.517,10,Atta_10,194.5,1845.9,60.0,38.8,4.0,,,,
30.583,1,Atta_1,1060.4,2676.6,98.9,-36.2,3.9,,,,
30.583,2,Atta_2,121.5,539.4,190.8,75.4,-2.8,,,,
30.583,3,Atta_3,284.9,1414.4,98.1,12.9,-3.1,,,,
30.583,4,Atta_4,463.8,1115.9,4.8,-93.1,-1.3,,,,
30.583,5,Atta_5,879.9,2666.4,133.6,16.1,-4.1,,,,
30.583,6,Atta_6,635.1,2432.9,128.2,-43.5,2.6,,,,
30.583,7,Atta_7,1347.9,1781.4,131.0,36.1,8.8,,,,
30.583,8,Atta_8,671.8,2663.2,152.6,-45.2,-3.3,,,,
30.583,9,Atta_9,134.4,2455.8,270.7,155.8,-2.1,,,,
30.583,10,Atta_10,144.9,1818.6,58.6,-56.6,-1.4,,,,
30.652,1,Atta_1,1102.7,2683.9,99.6,42.9,0.7,,,,
30.652,2,Atta_2,141.6,554.8,179.5,-25.3,-11.3,,,,
30.652,3,Atta_3,270.8,1453.9,100.7,41.9,2.6,,,,
30.652,4,Atta_4,478.7,1090.0,3.7,29.9,-1.1,,,,
30.652,5,Atta_5,842.5,2635.5,128.8,48.5,-4.8,,,,
30.652,6,Atta_6,663.3,2455.5,132.2,36.1,4.0,,,,
30.652,7,Atta_7,1439.9,1770.1,133.5,-92.7,2.5,,,,
30.652,8,Atta_8,649.2,2611.1,157.3,-56.8,4.7,,,,
30.652,9,Atta_9,157.1,2492.7,274.9,-43.3,4.2,,,,
30.652,10,Atta_10,157.6,1758.4,60.0,-61.5,1.4,,,,
30.722,1,Atta_1,1092.9,2719.6,96.7,37.0,-2.9,,,,
30.722,2,Atta_2,86.0,529.3,183.6,61.2,4.1,,,,
30.722,3,Atta_3,309.5,1430.7,102.0,-45.1,1.3,,,,
30.722,4,Atta_4,545.0,1098.8,6.1,66.9,2.4,,,,
30.722,5,Atta_5,821.6,2703.2,124.6,70.9,-4.2,,,,
30.722,6,Atta_6,650.1,2431.3,132.1,-27.6,-0.1,,,,
30.722,7,Atta_7,1381.2,1723.2,135.3,75.1,1.8,,,,
30.722,8,Atta_8,613.1,2665.3,155.4,65.1,-1.9,,,,
30.722,9,Atta_9,183.0,2514.2,269.0,-33.7,-5.9,,,,
30.722,10,Atta_10,153.6,1857.6,56.0,99.3,-4.0,,,,
30.787,1,Atta_1,1117.3,2726.7,96.8,25.4,0.1,,,,
30.787,2,Atta_2,164.1,550.9,172.4,-81.0,-11.2,,,,
30.787,3,Atta_3,279.3,1473.0,97.6,52.0,-4.4,,,,
30.787,4,Atta_4,595.2,1112.9,7.4,52.1,1.3,,,,
30.787,5,Atta_5,866.2,2655.8,117.1,-65.1,-7.5,,,,
30.787,6,Atta_6,631.6,2411.4,132.6,-27.2,0.5,,,,
30.787,7,Atta_7,1390.1,1698.4,140.9,-26.3,5.6,,,,
30.787,8,Atta_8,609.3,2651.4,154.4,-14.4,-1.0,,,,
30.787,9,Atta_9,165.2,2466.1,272.2,51.3,3.2,,,,
30.787,10,Atta_10,216.5,1766.3,57.8,-110.9,1.8,,,,
30.855,1,Atta_1,1065.2,2620.0,99.0,-118.7,2.2,,,,
30.855,2,Atta_2,128.6,530.5,168.0,40.9,-4.4,,,,
30.855,3,Atta_3,309.9,1469.1,100.3,-30.8,2.7,,,,
30.855,4,Atta_4,579.9,1071.5,5.9,-44.1,-1.5,,,,
30.855,5,Atta_5,860.7,2677.4,112.5,22.3,-4.6,,,,
30.855,6,Atta_6,617.1,2440.5,134.4,32.5,1.8,,,,
30.855,7,Atta_7,1393.7,1738.0,145.2,39.8,4.3,,,,
30.855,8,Atta_8,673.3,2624.8,156.0,-69.3,1.6,,,,
30.855,9,Atta_9,201.2,2472.7,270.6,-36.6,-1.6,,,,
30.855,10,Atta_10,181.9,1820.7,53.7,64.5,-4.1,,,,
30.924,1,Atta_1,1127.5,2648.3,97.7,68.4,-1.3,,,,
30.924,2,Atta_2,78.4,549.0,166.1,53.5,-1.9,,,,
30.924,3,Atta_3,267.8,1463.1,105.6,42.5,5.3,,,,
30.924,4,Atta_4,544.4,1073.5,4.4,-35.6,-1.5,,,,
30.924,5,Atta_5,884.8,2656.5,108.5,-31.9,-4.0,,,,
30.924,6,Atta_6,611.7,2459.4,135.8,19.7,1.4,,,,
30.924,7,Atta_7,1348.2,1752.0,154.7,47.6,9.5,,,,
30.924,8,Atta_8,597.3,2637.9,151.0,77.1,-5.0,,,,
30.924,9,Atta_9,140.1,2515.2,273.2,-74.4,2.6,,,,
30.924,10,Atta_10,150.5,1750.8,51.4,-76.6,-2.3,,,,
30.99,1,Atta_1,1085.8,2641.7,97.3,-42.2,-0.4,,,,
30.99,2,Atta_2,123.3,524.4,161.2,-51.2,-4.9,,,,
30.99,3,Atta_3,287.5,1493.4,100.6,36.1,-5.0,,,,
30.99,4,Atta_4,569.8,1111.7,4.6,45.9,0.2,,,,
30.99,5,Atta_5,868.2,2671.0,103.7,22.0,-4.8,,,,
30.99,6,Atta_6,667.1,2437.0,135.0,-59.8,-0.8,,,,
30.99,7,Atta_7,1371.1,1791.2,156.7,-45.4,2.0,,,,
30.99,8,Atta_8,623.8,2645.3,154.4,-27.5,3.4,,,,
30.99,9,Atta_9,133.8,2463.2,275.8,52.4,2.6,,,,
30.99,10,Atta_10,146.5,1844.5,43.5,93.8,-7.9,,,,
31.062,1,Atta_1,1068.6,2668.8,99.1,32.1,1.8,,,,
31.062,2,Atta_2,102.7,506.0,157.3,27.6,-3.9,,,,
31.062,3,Atta_3,248.5,1583.4,99.9,98.1,-0.7,,,,
31.062,4,Atta_4,577.0,1120.3,5.5,11.2,0.9,,,,
31.062,5,Atta_5,903.2,2726.4,98.3,65.5,-5.4,,,,
31.062,6,Atta_6,640.9,2460.6,133.1,35.3,-1.9,,,,
31.062,7,Atta_7,1385.4,1703.1,160.2,-89.3,3.5,,,,
31.062,8,Atta_8,577.3,2696.9,152.7,69.5,-1.7,,,,
31.062,9,Atta_9,114.5,2460.9,270.4,19.4,-5.4,,,,
31.062,10,Atta_10,178.8,1829.8,40.9,35.5,-2.6,,,,
31.146,1,Atta_1,1073.0,2601.3,99.8,-67.6,0.7,,,,
31.146,2,Atta_2,134.8,515.6,151.9,-33.5,-5.4,,,,
31.146,3,Atta_3,264.6,1536.6,100.7,-49.5,0.8,,,,
31.146,4,Atta_4,602.2,1095.0,4.6,35.7,-0.9,,,,
31.146,5,Atta_5,814.4,2658.4,96.8,-111.8,-1.5,,,,
31.146,6,Atta_6,654.5,2515.2,134.0,56.3,0.9,,,,
31.146,7,Atta_7,1392.4,1722.8,161.8,20.9,1.6,,,,
31.146,8,Atta_8,648.8,2651.9,153.2,-84.5,0.5,,,,
31.146,9,Atta_9,144.0,2512.6,270.5,-59.5,0.1,,,,
31.146,10,Atta_10,181.0,1763.9,31.9,-65.9,-9.0,,,,
31.212,1,Atta_1,1126.2,2669.3,108.0,86.3,8.2,,,,
31.212,2,Atta_2,147.8,542.5,149.8,29.9,-2.1,,,,
31.212,3,Atta_3,256.4,1527.6,98.6,-12.2,-2.1,,,,
31.212,4,Atta_4,635.0,1097.6,8.3,32.9,3.7,,,,
31.212,5,Atta_5,837.3,2690.8,90.5,39.7,-6.3,,,,
31.212,6,Atta_6,642.6,2480.4,131.8,-36.8,-2.2,,,,
31.212,7,Atta_7,1444.0,1693.7,162.2,-59.2,0.4,,,,
31.212,8,Atta_8,610.8,2644.7,155.1,38.7,1.9,,,,
31.212,9,Atta_9,144.0,2419.7,274.2,92.9,3.7,,,,
31.212,10,Atta_10,170.8,1780.4,27.9,19.4,-4.0,,,,
31.283,1,Atta_1,1048.6,2582.6,116.5,-116.4,8.5,,,,
31.283,2,Atta_2,136.6,499.2,143.1,-44.7,-6.7,,,,
31.283,3,Atta_3,264.3,1503.1,96.9,-25.7,-1.7,,,,
31.283,4,Atta_4,621.5,1157.7,6.4,-61.6,-1.9,,,,
31.283,5,Atta_5,839.9,2658.2,87.0,-32.7,-3.5,,,,
31.283,6,Atta_6,661.5,2488.3,138.1,-20.5,6.3,,,,
31.283,7,Atta_7,1400.8,1753.9,161.3,74.1,-0.9,,,,
31.283,8,Atta_8,568.1,2681.0,154.7,56.0,-0.4,,,,
31.283,9,Atta_9,188.8,2426.7,277.3,-45.3,3.1,,,,
31.283,10,Atta_10,126.9,1795.5,27.0,-46.4,-0.9,,,,
31.355,1,Atta_1,1139.0,2630.5,118.1,102.3,1.6,,,,
31.355,2,Atta_2,126.9,530.9,139.2,33.2,-3.9,,,,
31.355,3,Atta_3,204.2,1555.0,102.3,79.4,5.4,,,,
31.355,4,Atta_4,638.0,1121.3,7.6,40.0,1.2,,,,
31.355,5,Atta_5,836.1,2661.8,84.0,5.2,-3.0,,,,
31.355,6,Atta_6,614.5,2514.6,132.7,53.9,-5.4,,,,
31.355,7,Atta_7,1372.9,1683.7,164.9,75.5,3.6,,,,
31.355,8,Atta_8,541.8,2678.4,154.5,26.4,-0.2,,,,
31.355,9,Atta_9,203.7,2421.1,272.7,15.9,-4.6,,,,
31.355,10,Atta_10,151.5,1803.6,24.2,25.9,-2.8,,,,
31.417,1,Atta_1,1070.6,2603.4,116.5,73.6,-1.6,,,,
31.417,2,Atta_2,136.6,473.0,138.1,-58.7,-1.1,,,,
31.417,3,Atta_3,217.0,1509.8,103.2,-47.0,0.9,,,,
31.417,4,Atta_4,601.3,1124.4,5.2,-36.8,-2.4,,,,
31.417,5,Atta_5,878.5,2695.4,78.3,54.1,-5.7,,,,
31.417,6,Atta_6,577.3,2459.6,135.1,-66.4,2.4,,,,
31.417,7,Atta_7,1392.5,1666.4,162.8,-26.1,-2.1,,,,
31.417,8,Atta_8,565.5,2650.9,151.4,-36.3,-3.1,,,,
31.417,9,Atta_9,125.6,2343.3,274.8,110.2,2.1,,,,
31.417,10,Atta_10,170.5,1836.0,16.7,37.6,-7.5,,,,
31.483,1,Atta_1,1100.9,2607.5,127.4,-30.6,10.9,,,,
31.483,2,Atta_2,90.7,550.4,129.3,90.0,-8.8,,,,
31.483,3,Atta_3,266.9,1591.7,103.9,95.9,0.7,,,,
31.483,4,Atta_4,654.7,1076.8,3.2,71.5,-2.0,,,,
31.483,5,Atta_5,903.2,2683.3,70.9,-27.5,-7.4,,,,
31.483,6,Atta_6,605.1,2412.9,135.8,-54.3,0.7,,,,
31.483,7,Atta_7,1372.1,1684.8,159.7,27.5,-3.1,,,,
31.483,8,Atta_8,588.3,2690.8,153.9,-46.0,2.5,,,,
31.483,9,Atta_9,183.8,2399.3,275.3,-80.8,0.5,,,,
31.483,10,Atta_10,204.3,1796.0,11.9,52.4,-4.8,,,,
31.552,1,Atta_1,1125.7,2580.5,129.5,-36.7,2.1,,,,
31.552,2,Atta_2,108.5,522.1,119.2,-33.4,-10.1,,,,
31.552,3,Atta_3,246.5,1541.7,99.1,-54.0,-4.8,,,,
31.552,4,Atta_4,634.9,1110.0,6.8,-38.7,3.6,,,,
31.552,5,Atta_5,835.8,2728.7,71.2,81.3,0.3,,,,
31.552,6,Atta_6,649.8,2543.1,131.2,137.7,-4.6,,,,
31.552,7,Atta_7,1397.3,1674.8,160.3,-27.1,0.6,,,,
31.552,8,Atta_8,534.5,2671.0,150.2,57.3,-3.7,,,,
31.552,9,Atta_9,182.6,2360.1,276.0,39.2,0.7,,,,
31.552,10,Atta_10,164.0,1805.1,9.4,-41.3,-2.5,,,,
31.621,1,Atta_1,1116.9,2610.5,136.2,31.3,6.7,,,,
31.621,2,Atta_2,135.0,503.1,118.8,-32.6,-0.4,,,,
31.621,3,Atta_3,243.7,1603.2,102.9,61.6,3.8,,,,
31.621,4,Atta_4,648.1,1108.4,7.1,13.3,0.3,,,,
31.621,5,Atta_5,877.2,2662.1,65.3,-78.4,-5.9,,,,
31.621,6,Atta_6,519.8,2538.5,133.7,130.1,2.5,,,,
31.621,7,Atta_7,1307.5,1777.3,163.3,136.3,3.0,,,,
31.621,8,Atta_8,487.2,2669.4,153.7,47.3,3.5,,,,
31.621,9,Atta_9,141.8,2389.9,269.2,-50.5,-6.8,,,,
31.621,10,Atta_10,171.9,1754.8,6.1,-50.9,-3.3,,,,
31.69,1,Atta_1,1084.7,2682.9,141.0,79.2,4.8,,,,
31.69,2,Atta_2,79.6,556.8,114.0,77.2,-4.8,,,,
31.69,3,Atta_3,238.1,1604.1,105.0,5.7,2.1,,,,
31.69,4,Atta_4,705.5,1039.1,5.7,90.0,-1.4,,,,
31.69,5,Atta_5,874.6,2691.8,62.3,29.8,-3.0,,,,
31.69,6,Atta_6,601.4,2469.4,132.4,-106.9,-1.3,,,,
31.69,7,Atta_7,1292.7,1735.7,161.3,44.2,-2.0,,,,
31.69,8,Atta_8,530.9,2719.3,156.9,-66.3,3.2,,,,
31.69,9,Atta_9,168.0,2304.1,275.0,89.7,5.8,,,,
31.69,10,Atta_10,172.9,1787.1,356.2,32.3,-9.9,,,,
31.75,1,Atta_1,1125.6,2598.9,144.4,-93.4,3.4,,,,
31.75,2,Atta_2,117.1,570.6,111.1,-40.0,-2.9,,,,
31.75,3,Atta_3,255.8,1572.5,109.4,-36.2,4.4,,,,
31.75,4,Atta_4,713.8,1096.2,6.2,57.7,0.5,,,,
31.75,5,Atta_5,827.5,2694.8,54.7,-47.2,-7.6,,,,
31.75,6,Atta_6,577.8,2569.0,132.0,102.4,-0.4,,,,
31.75,7,Atta_7,1328.7,1782.4,159.2,-59.0,-2.1,,,,
31.75,8,Atta_8,519.8,2719.6,151.5,11.1,-5.4,,,,
31.75,9,Atta_9,193.9,2330.3,274.7,-36.8,-0.3,,,,
31.75,10,Atta_10,196.3,1792.0,350.4,23.9,-5.8,,,,
31.816,1,Atta_1,1102.4,2596.0,148.7,23.4,4.3,,,,
31.816,2,Atta_2,110.4,434.8,106.4,-136.0,-4.7,,,,
31.816,3,Atta_3,198.5,1624.1,112.9,77.1,3.5,,,,
31.816,4,Atta_4,722.8,1083.6,5.5,15.5,-0.7,,,,
31.816,5,Atta_5,844.9,2671.6,53.6,-29.0,-1.1,,,,
31.816,6,Atta_6,595.2,2501.3,125.2,-69.9,-6.8,,,,
31.816,7,Atta_7,1295.6,1766.9,158.9,36.5,-0.3,,,,
31.816,8,Atta_8,492.9,2742.1,152.4,35.1,0.9,,,,
31.816,9,Atta_9,181.9,2355.1,273.0,-27.6,-1.7,,,,
31.816,10,Atta_10,141.7,1784.0,353.0,-55.2,2.6,,,,
31.882,1,Atta_1,1121.0,2614.4,151.0,-26.2,2.3,,,,
31.882,2,Atta_2,133.9,547.7,107.8,115.3,1.4,,,,
31.882,3,Atta_3,180.6,1596.4,117.6,-33.0,4.7,,,,
31.882,4,Atta_4,725.5,1135.8,6.8,52.3,1.3,,,,
31.882,5,Atta_5,845.9,2675.1,47.2,3.6,-6.4,,,,
31.882,6,Atta_6,556.5,2589.8,123.4,96.6,-1.8,,,,
31.882,7,Atta_7,1345.8,1750.8,162.1,-52.7,3.2,,,,
31.882,8,Atta_8,516.6,2677.2,155.0,-69.1,2.6,,,,
31.882,9,Atta_9,166.7,2298.2,273.7,58.9,0.7,,,,
31.882,10,Atta_10,187.4,1763.1,342.0,50.3,-11.0,,,,
31.951,1,Atta_1,1061.6,2652.9,154.9,70.8,3.9,,,,
31.951,2,Atta_2,90.6,576.5,108.4,52.0,0.6,,,,
31.951,3,Atta_3,283.2,1610.4,124.2,-103.6,6.6,,,,
31.951,4,Atta_4,701.3,1122.1,8.1,-27.8,1.3,,,,
31.951,5,Atta_5,838.8,2650.1,42.2,-26.0,-5.0,,,,
31.951,6,Atta_6,541.1,2491.2,117.8,-99.8,-5.6,,,,
31.951,7,Atta_7,1298.3,1748.2,159.3,47.6,-2.8,,,,
31.951,8,Atta_8,468.1,2771.4,154.9,106.0,-0.1,,,,
31.951,9,Atta_9,138.1,2262.8,275.6,45.5,1.9,,,,
31.951,10,Atta_10,212.3,1720.7,343.9,49.2,1.9,,,,
32.08,1,Atta_1,1142.7,2606.3,154.6,-93.5,-0.3,,,,
32.08,2,Atta_2,74.6,523.9,107.7,-55.0,-0.7,,,,
32.08,3,Atta_3,265.2,1595.7,129.4,-23.2,5.2,,,,
32.08,4,Atta_4,748.5,1136.1,2.0,49.2,-6.1,,,,
32.08,5,Atta_5,893.6,2701.7,36.3,75.3,-5.9,,,,
32.08,6,Atta_6,559.6,2550.8,112.2,62.4,-5.6,,,,
32.08,7,Atta_7,1287.8,1768.3,162.2,22.7,2.9,,,,
32.08,8,Atta_8,492.3,2691.4,150.7,-83.6,-4.2,,,,
32.08,9,Atta_9,146.9,2318.4,271.9,-56.3,-3.7,,,,
32.08,10,Atta_10,201.2,1780.1,343.6,-60.4,-0.3,,,,
32.149,1,Atta_1,1115.8,2609.4,153.5,27.1,-1.1,,,,
32.149,2,Atta_2,192.5,509.1,106.8,-118.8,-0.9,,,,
32.149,3,Atta_3,223.1,1626.1,128.0,51.9,-1.4,,,,
32.149,4,Atta_4,777.8,1145.7,5.2,30.8,3.2,,,,
32.149,5,Atta_5,845.6,2623.2,28.8,-92.0,-7.5,,,,
32.149,6,Atta_6,571.4,2534.6,103.7,-20.0,-8.5,,,,
32.149,7,Atta_7,1252.1,1822.3,162.3,64.7,0.1,,,,
32.149,8,Atta_8,495.2,2710.5,150.9,19.3,0.2,,,,
32.149,9,Atta_9,154.3,2224.2,272.5,94.5,0.6,,,,
32.149,10,Atta_10,178.1,1819.7,347.2,-45.8,3.6,,,,
32.279,1,Atta_1,1082.4,2603.1,155.7,34.0,2.2,,,,
32.279,2,Atta_2,122.4,560.9,102.5,87.2,-4.3,,,,
32.279,3,Atta_3,240.1,1601.5,130.2,-29.9,2.2,,,,
32.279,4,Atta_4,790.5,1136.3,4.8,15.8,-0.4,,,,
32.279,5,Atta_5,869.0,2665.9,25.5,48.7,-3.3,,,,
32.279,6,Atta_6,584.9,2523.0,101.7,-17.8,-2.0,,,,
32.279,7,Atta_7,1265.5,1813.2,162.5,-16.2,0.2,,,,
32.279,8,Atta_8,517.4,2693.4,150.1,-28.0,-0.8,,,,
32.279,9,Atta_9,166.9,2257.7,271.8,-35.8,-0.7,,,,
32.279,10,Atta_10,220.2,1786.5,344.5,53.6,-2.7,,,,
32.348,1,Atta_1,1113.1,2638.1,155.0,-46.6,-0.7,,,,
32.348,2,Atta_2,130.6,557.9,95.8,-8.7,-6.7,,,,
32.348,3,Atta_3,247.3,1581.8,128.3,-21.0,-1.9,,,,
32.348,4,Atta_4,823.1,1135.2,5.6,32.6,0.8,,,,
32.348,5,Atta_5,869.1,2734.9,25.6,69.0,0.1,,,,
32.348,6,Atta_6,613.3,2534.0,94.2,30.5,-7.5,,,,
32.348,7,Atta_7,1236.8,1752.4,162.5,67.2,0.0,,,,
32.348,8,Atta_8,531.2,2651.0,149.7,-44.6,-0.4,,,,
32.348,9,Atta_9,165.9,2209.9,277.3,47.8,5.5,,,,
32.348,10,Atta_10,200.8,1758.1,347.0,-34.4,2.5,,,,
32.416,1,Atta_1,1047.7,2637.2,157.5,65.4,2.5,,,,
32.416,2,Atta_2,131.0,455.1,84.8,-102.8,-11.0,,,,
32.416,3,Atta_3,246.7,1674.4,129.4,92.6,1.1,,,,
32.416,4,Atta_4,809.9,1087.1,4.4,-49.9,-1.2,,,,
32.416,5,Atta_5,929.5,2626.4,23.3,124.2,-2.3,,,,
32.416,6,Atta_6,642.2,2554.9,88.9,35.7,-5.3,,,,
32.416,7,Atta_7,1251.9,1796.2,160.4,-46.3,-2.1,,,,
32.416,8,Atta_8,573.3,2650.6,148.1,-42.1,-1.6,,,,
32.416,9,Atta_9,143.5,2211.9,271.4,-22.5,-5.9,,,,
32.416,10,Atta_10,251.9,1824.6,344.9,83.9,-2.1,,,,
32.55,1,Atta_1,1049.2,2601.1,156.3,-36.1,-1.2,,,,
32.55,2,Atta_2,164.2,501.2,85.0,56.8,0.2,,,,
32.55,3,Atta_3,211.2,1635.0,128.0,-53.0,-1.4,,,,
32.55,4,Atta_4,802.3,1158.6,6.2,-71.9,1.8,,,,
32.55,5,Atta_5,830.4,2638.4,26.4,-99.8,3.1,,,,
32.55,6,Atta_6,581.6,2514.6,81.7,-72.8,-7.2,,,,
32.55,8,Atta_8,528.1,2728.8,152.9,90.3,4.8,,,,
32.55,9,Atta_9,211.4,2199.6,271.5,69.0,0.1,,,,
32.55,10,Atta_10,241.9,1807.9,344.1,-19.5,-0.8,,,,
32.603,1,Atta_1,1011.6,2682.7,157.2,89.8,0.9,,,,
32.603,2,Atta_2,112.4,567.0,78.2,83.7,-6.8,,,,
32.603,3,Atta_3,222.5,1600.3,126.6,-36.5,-1.4,,,,
32.603,4,Atta_4,826.0,1112.0,4.8,52.3,-1.4,,,,
32.603,5,Atta_5,881.8,2701.4,24.5,81.3,-1.9,,,,
32.603,6,Atta_6,553.0,2550.3,78.7,45.7,-3.0,,,,
32.603,7,Atta_7,1201.5,1760.2,163.5,61.9,3.1,,,,
32.603,8,Atta_8,509.7,2695.0,158.9,38.5,6.0,,,,
32.603,9,Atta_9,181.0,2176.6,276.6,38.1,5.1,,,,
32.603,10,Atta_10,226.5,1799.4,344.3,-17.6,0.2,,,,
32.673,1,Atta_1,996.9,2689.6,152.8,16.2,-4.4,,,,
32.673,2,Atta_2,111.9,516.9,72.5,-50.1,-5.7,,,,
32.673,3,Atta_3,236.8,1601.7,130.0,-14.4,3.4,,,,
32.673,4,Atta_4,821.4,1113.3,7.0,-4.8,2.2,,,,
32.673,5,Atta_5,868.6,2660.0,23.9,-43.5,-0.6,,,,
32.673,6,Atta_6,509.4,2536.7,78.5,-45.7,-0.2,,,,
32.673,7,Atta_7,1256.7,1800.1,165.0,-68.1,1.5,,,,
32.673,8,Atta_8,545.0,2679.9,164.2,-38.4,5.3,,,,
32.673,9,Atta_9,121.7,2200.4,273.0,-63.9,-3.6,,,,
32.673,10,Atta_10,171.9,1716.4,344.6,-99.3,0.3,,,,
32.742,1,Atta_1,1015.9,2635.5,155.5,-57.3,2.7,,,,
32.742,2,Atta_2,83.5,562.2,70.9,53.5,-1.6,,,,
32.742,3,Atta_3,255.2,1592.5,124.9,-20.6,-5.1,,,,
32.742,4,Atta_4,832.7,1108.0,6.3,12.5,-0.7,,,,
32.742,5,Atta_5,889.1,2667.1,25.7,21.7,1.8,,,,
32.742,6,Atta_6,584.6,2577.6,77.1,85.6,-1.4,,,,
32.742,7,Atta_7,1178.1,1791.1,161.4,79.1,-3.6,,,,
32.742,8,Atta_8,596.8,2678.5,164.1,-51.8,-0.1,,,,
32.742,9,Atta_9,151.2,2151.0,274.4,57.5,1.4,,,,
32.742,10,Atta_10,257.9,1790.7,346.2,113.7,1.6,,,,
32.812,1,Atta_1,1039.2,2638.3,154.2,-23.5,-1.3,,,,
32.812,2,Atta_2,174.7,493.0,66.9,-114.5,-4.0,,,,
32.812,3,Atta_3,227.0,1660.5,127.0,73.6,2.1,,,,
32.812,4,Atta_4,923.1,1126.0,6.6,92.2,0.3,,,,
32.812,5,Atta_5,866.7,2647.6,33.3,-29.7,7.6,,,,
32.812,6,Atta_6,563.9,2517.5,75.1,-63.6,-2.0,,,,
32.812,7,Atta_7,1189.8,1766.5,160.7,-27.2,-0.7,,,,
32.812,8,Atta_8,589.8,2652.5,167.6,-26.9,3.5,,,,
32.812,9,Atta_9,208.2,2174.4,272.2,-61.6,-2.2,,,,
32.812,10,Atta_10,272.6,1770.3,349.0,25.1,2.8,,,,
32.867,1,Atta_1,1052.0,2676.4,145.2,40.2,-9.0,,,,
32.867,2,Atta_2,144.6,534.2,67.0,51.0,0.1,,,,
32.867,3,Atta_3,238.9,1656.4,125.8,-12.6,-1.2,,,,
32.867,4,Atta_4,846.4,1165.6,6.6,-86.3,0.0,,,,
32.867,5,Atta_5,850.5,2618.4,27.8,-33.4,-5.5,,,,
32.867,6,Atta_6,574.8,2556.0,71.7,40.0,-3.4,,,,
32.867,7,Atta_7,1180.8,1803.1,161.9,37.7,1.2,,,,
32.867,8,Atta_8,503.1,2706.4,174.8,102.1,7.2,,,,
32.867,9,Atta_9,123.2,2174.6,274.6,-85.0,2.4,,,,
32.867,10,Atta_10,301.3,1750.2,342.5,35.0,-6.5,,,,
32.917,1,Atta_1,1011.3,2611.8,149.3,-76.4,4.1,,,,
32.917,2,Atta_2,126.1,528.6,64.2,-19.3,-2.8,,,,
32.917,3,Atta_3,215.1,1686.8,128.2,38.6,2.4,,,,
32.917,4,Atta_4,905.5,1129.6,4.8,69.2,-1.8,,,,
32.917,5,Atta_5,816.7,2657.1,28.0,-51.4,0.2,,,,
32.917,6,Atta_6,501.4,2549.7,75.1,-73.7,3.4,,,,
32.917,7,Atta_7,1175.8,1854.5,162.1,51.6,0.2,,,,
32.917,8,Atta_8,541.3,2711.7,178.5,-38.6,3.7,,,,
32.917,9,Atta_9,195.8,2133.9,275.1,83.2,0.5,,,,
32.917,10,Atta_10,339.8,1781.9,342.0,49.9,-0.5,,,,
32.968,1,Atta_1,1053.9,2626.8,151.8,-45.2,2.5,,,,
32.968,3,Atta_3,222.2,1664.9,130.1,-23.0,1.9,,,,
32.968,4,Atta_4,922.4,1120.2,7.7,19.3,2.9,,,,
32.968,5,Atta_5,830.9,2674.9,32.5,22.8,4.5,,,,
32.968,6,Atta_6,568.5,2542.8,76.9,67.5,1.8,,,,
32.968,7,Atta_7,1173.0,1769.4,159.2,-85.1,-2.9,,,,
32.968,8,Atta_8,515.1,2676.4,182.4,44.0,3.9,,,,
32.968,9,Atta_9,159.2,2105.0,275.5,46.6,0.4,,,,
32.968,10,Atta_10,270.0,1724.8,345.3,-90.2,3.3,,,,
33.038,1,Atta_1,1040.6,2653.3,151.5,29.7,-0.3,,,,
33.038,2,Atta_2,61.8,516.4,69.2,-65.4,5.0,,,,
33.038,3,Atta_3,226.4,1671.1,130.9,7.5,0.8,,,,
33.038,4,Atta_4,910.5,1112.1,7.7,-14.4,0.0,,,,
33.038,5,Atta_5,821.3,2600.4,26.9,-75.1,-5.6,,,,
33.038,6,Atta_6,584.0,2511.1,75.7,-35.3,-1.2,,,,
33.038,7,Atta_7,1074.2,1831.6,160.4,116.7,1.2,,,,
33.038,8,Atta_8,544.6,2691.4,186.7,-33.1,4.3,,,,
33.038,9,Atta_9,196.6,2151.4,271.6,-59.6,-3.9,,,,
33.038,10,Atta_10,326.4,1735.2,346.5,57.4,1.2,,,,
33.168,1,Atta_1,1105.2,2688.1,151.4,-73.4,-0.1,,,,
33.168,2,Atta_2,98.5,527.4,62.4,38.3,-6.8,,,,
33.168,3,Atta_3,160.6,1717.3,128.9,80.4,-2.0,,,,
33.168,4,Atta_4,981.5,1176.6,5.3,95.9,-2.4,,,,
33.168,5,Atta_5,799.7,2633.5,30.4,-39.5,3.5,,,,
33.168,6,Atta_6,577.8,2477.9,75.8,-33.8,0.1,,,,
33.168,7,Atta_7,1136.8,1787.1,166.6,-76.8,6.2,,,,
33.168,8,Atta_8,534.0,2720.5,194.7,31.0,8.0,,,,
33.168,9,Atta_9,163.4,2123.4,271.4,43.4,-0.2,,,,
33.168,10,Atta_10,343.1,1760.5,345.5,30.3,-1.0,,,,
33.237,1,Atta_1,1125.4,2649.8,147.3,-43.3,-4.1,,,,
33.237,2,Atta_2,158.7,535.3,67.8,60.7,5.4,,,,
33.237,3,Atta_3,156.4,1637.7,130.6,-79.7,1.7,,,,
33.237,4,Atta_4,921.7,1115.1,1.4,-85.8,-3.9,,,,
33.237,5,Atta_5,788.8,2703.4,36.9,70.7,6.5,,,,
33.237,6,Atta_6,498.2,2488.8,72.7,-80.3,-3.1,,,,
33.237,7,Atta_7,1047.8,1809.4,158.6,91.8,-8.0,,,,
33.237,8,Atta_8,530.4,2691.2,198.0,29.5,3.3,,,,
33.237,9,Atta_9,186.4,2087.5,269.9,42.6,-1.5,,,,
33.237,10,Atta_10,322.1,1783.9,347.7,-31.4,2.2,,,,
33.369,1,Atta_1,1021.6,2626.7,139.4,106.3,-7.9,,,,
33.369,2,Atta_2,118.9,573.0,63.8,54.8,-4.0,,,,
33.369,3,Atta_3,113.2,1670.5,130.1,54.2,-0.5,,,,
33.369,4,Atta_4,966.6,1148.5,4.2,56.0,2.8,,,,
33.369,5,Atta_5,813.1,2608.0,38.8,-98.4,1.9,,,,
33.369,6,Atta_6,521.6,2520.2,76.2,39.2,3.5,,,,
33.369,7,Atta_7,1057.7,1821.3,160.4,-15.5,1.8,,,,
33.369,8,Atta_8,549.6,2695.1,205.4,-19.6,7.4,,,,
33.369,9,Atta_9,163.6,2109.5,271.4,-31.7,1.5,,,,
33.369,10,Atta_10,331.6,1809.6,348.1,27.4,0.4,,,,
33.431,1,Atta_1,1048.4,2571.0,136.4,-61.8,-3.0,,,,
33.431,2,Atta_2,146.5,589.1,65.9,32.0,2.1,,,,
33.431,3,Atta_3,147.9,1705.9,130.9,49.6,0.8,,,,
33.431,4,Atta_4,958.0,1139.9,3.0,-12.2,-1.2,,,,
33.431,5,Atta_5,784.4,2658.7,41.4,58.3,2.6,,,,
33.431,6,Atta_6,569.2,2479.8,76.2,-62.4,0.0,,,,
33.431,7,Atta_7,1064.3,1840.8,160.3,20.6,-0.1,,,,
33.431,8,Atta_8,520.9,2630.1,207.7,71.1,2.3,,,,
33.431,9,Atta_9,156.0,2075.5,274.2,34.8,2.8,,,,
33.431,10,Atta_10,376.5,1698.3,341.6,120.0,-6.5,,,,
33.502,1,Atta_1,1123.0,2600.3,132.8,-80.1,-3.6,,,,
33.502,2,Atta_2,138.3,605.0,65.1,17.9,-0.8,,,,
33.502,3,Atta_3,126.0,1747.3,129.9,46.8,-1.0,,,,
33.502,4,Atta_4,947.4,1144.4,7.5,-11.5,4.5,,,,
33.502,5,Atta_5,767.4,2669.8,47.6,-20.3,6.2,,,,
33.502,6,Atta_6,535.1,2509.2,74.5,45.0,-1.7,,,,
33.502,7,Atta_7,1040.1,1810.0,162.5,39.2,2.2,,,,
33.502,8,Atta_8,500.8,2663.3,206.0,38.8,-1.7,,,,
33.502,9,Atta_9,124.3,2034.0,273.7,52.2,-0.5,,,,
33.502,10,Atta_10,382.0,1727.9,342.5,-30.1,0.9,,,,
33.572,1,Atta_1,1119.0,2622.3,126.8,22.4,-6.0,,,,
33.572,2,Atta_2,138.4,566.9,64.1,-38.1,-1.0,,,,
33.572,3,Atta_3,72.6,1771.7,129.7,58.7,-0.2,,,,
33.572,4,Atta_4,1022.2,1162.9,0.9,77.1,-6.6,,,,
33.572,5,Atta_5,807.7,2678.4,55.9,41.2,8.3,,,,
33.572,6,Atta_6,515.6,2475.1,65.1,-39.3,-9.4,,,,
33.572,7,Atta_7,1035.7,1853.0,162.0,43.2,-0.5,,,,
33.572,8,Atta_8,550.7,2695.8,202.6,-59.6,-3.4,,,,
33.572,9,Atta_9,184.1,2042.7,267.4,-60.4,-6.3,,,,
33.572,10,Atta_10,455.3,1697.8,347.5,79.2,5.0,,,,
33.641,1,Atta_1,1033.3,2596.1,119.7,89.6,-7.1,,,,
33.641,2,Atta_2,180.9,569.7,65.1,42.6,1.0,,,,
33.641,3,Atta_3,41.3,1719.8,131.7,-60.6,2.0,,,,
33.641,4,Atta_4,1010.1,1114.3,7.1,-50.1,6.2,,,,
33.641,5,Atta_5,767.2,2624.5,63.2,-67.4,7.3,,,,
33.641,6,Atta_6,520.0,2437.6,59.6,-37.8,-5.5,,,,
33.641,7,Atta_7,1010.2,1856.8,159.9,25.8,-2.1,,,,
33.641,8,Atta_8,550.5,2633.7,202.5,62.1,-0.1,,,,
33.641,9,Atta_9,259.1,2018.9,259.7,78.7,-7.7,,,,
33.641,10,Atta_10,407.7,1729.2,349.6,-57.0,2.1,,,,
33.775,1,Atta_1,1045.1,2594.7,117.2,-11.9,-2.5,,,,
33.775,2,Atta_2,170.6,693.4,65.4,124.1,0.3,,,,
33.775,3,Atta_3,104.2,1743.4,127.2,-67.2,-4.5,,,,
33.775,4,Atta_4,1022.9,1103.0,5.1,17.1,-2.0,,,,
33.775,5,Atta_5,777.7,2669.0,68.6,45.7,5.4,,,,
33.775,6,Atta_6,542.5,2418.9,53.3,-29.3,-6.3,,,,
33.775,7,Atta_7,1047.3,1883.0,161.5,-45.4,1.6,,,,
33.775,8,Atta_8,515.0,2657.4,206.8,42.7,4.3,,,,
33.775,9,Atta_9,221.1,2008.5,256.0,39.4,-3.7,,,,
33.775,10,Atta_10,454.0,1742.7,345.8,48.2,-3.8,,,,
33.829,1,Atta_1,1093.5,2663.6,110.8,84.2,-6.4,,,,
33.829,2,Atta_2,173.4,665.2,63.0,-28.3,-2.4,,,,
33.829,3,Atta_3,101.3,1846.8,128.0,103.4,0.8,,,,
33.829,4,Atta_4,1013.1,1100.2,4.0,-10.2,-1.1,,,,
33.829,5,Atta_5,778.4,2648.2,68.2,-20.8,-0.4,,,,
33.829,6,Atta_6,567.1,2458.0,54.1,46.2,0.8,,,,
33.829,7,Atta_7,988.8,1863.6,158.1,61.6,-3.4,,,,
33.829,8,Atta_8,513.7,2738.0,206.1,-80.6,-0.7,,,,
33.829,9,Atta_9,145.8,2014.7,250.9,75.6,-5.1,,,,
33.829,10,Atta_10,398.6,1742.1,347.9,-55.4,2.1,,,,
33.898,1,Atta_1,1090.9,2620.8,108.3,-42.9,-2.5,,,,
33.898,2,Atta_2,236.1,597.4,63.3,-92.3,0.3,,,,
33.898,3,Atta_3,133.5,1803.7,132.9,-53.8,4.9,,,,
33.898,4,Atta_4,1054.2,1083.0,5.8,44.6,1.8,,,,
33.898,5,Atta_5,840.4,2675.1,77.8,67.6,9.6,,,,
33.898,6,Atta_6,539.9,2432.7,48.7,-37.1,-5.4,,,,
33.898,7,Atta_7,967.1,1834.1,163.0,36.6,4.9,,,,
33.898,8,Atta_8,491.9,2639.8,205.6,100.6,-0.5,,,,
33.898,9,Atta_9,196.5,2053.2,242.8,-63.7,-8.1,,,,
33.898,10,Atta_10,383.6,1689.6,346.8,-54.6,-1.1,,,,
33.964,1,Atta_1,1097.7,2591.7,103.6,-29.9,-4.7,,,,
33.964,2,Atta_2,126.1,686.9,66.0,141.8,2.7,,,,
33.964,3,Atta_3,43.5,1757.4,132.2,101.2,-0.7,,,,
33.964,4,Atta_4,1075.4,1133.7,5.1,55.0,-0.7,,,,
33.964,5,Atta_5,829.7,2632.4,79.7,-44.0,1.9,,,,
33.964,6,Atta_6,542.7,2454.1,42.8,21.6,-5.9,,,,
33.964,7,Atta_7,985.9,1807.3,163.6,-32.7,0.6,,,,
33.964,8,Atta_8,487.9,2667.3,205.6,-27.8,0.0,,,,
33.964,9,Atta_9,166.6,2080.7,245.4,-40.6,2.6,,,,
33.964,10,Atta_10,459.0,1713.2,345.0,79.0,-1.8,,,,
34.031,1,Atta_1,1083.0,2604.7,100.3,19.6,-3.3,,,,
34.031,2,Atta_2,189.5,653.0,64.0,-71.9,-2.0,,,,
34.031,3,Atta_3,140.4,1765.3,132.9,-97.2,0.7,,,,
34.031,4,Atta_4,1039.5,1192.5,5.5,-68.9,0.4,,,,
34.031,5,Atta_5,789.9,2650.2,84.0,43.6,4.3,,,,
34.031,6,Atta_6,496.2,2458.2,39.7,-46.7,-3.1,,,,
34.031,7,Atta_7,960.4,1880.1,159.6,77.1,-4.0,,,,
34.031,8,Atta_8,536.6,2703.5,203.0,-60.7,-2.6,,,,
34.031,9,Atta_9,156.4,1995.7,237.7,85.6,-7.7,,,,
34.031,10,Atta_10,436.8,1683.5,345.8,-37.1,0.8,,,,
34.099,1,Atta_1,1053.4,2597.6,92.2,-30.4,-8.1,,,,
34.099,2,Atta_2,139.9,651.6,64.2,-49.6,0.2,,,,
34.099,3,Atta_3,120.2,1798.3,136.4,38.7,3.5,,,,
34.099,4,Atta_4,1025.0,1123.6,6.1,-70.4,0.6,,,,
34.099,5,Atta_5,786.8,2593.8,90.1,-56.5,6.1,,,,
34.099,6,Atta_6,572.1,2478.0,32.3,78.4,-7.4,,,,
34.099,7,Atta_7,963.0,1899.8,163.2,19.9,3.6,,,,
34.099,8,Atta_8,478.5,2609.5,207.9,110.5,4.9,,,,
34.099,9,Atta_9,161.8,2082.3,233.4,-86.8,-4.3,,,,
34.099,10,Atta_10,454.2,1709.7,344.5,31.5,-1.3,,,,
34.168,1,Atta_1,1094.2,2655.5,93.8,70.8,1.6,,,,
34.168,2,Atta_2,254.3,748.5,65.2,149.9,1.0,,,,
34.168,3,Atta_3,128.1,1700.3,129.3,-98.3,-7.1,,,,
34.168,4,Atta_4,1136.4,1153.8,4.2,115.4,-1.9,,,,
34.168,5,Atta_5,817.3,2638.6,88.3,54.2,-1.8,,,,
34.168,6,Atta_6,522.8,2476.1,26.9,-49.3,-5.4,,,,
34.168,7,Atta_7,969.9,1870.3,162.6,-30.3,-0.6,,,,
34.168,8,Atta_8,476.9,2589.2,207.8,20.4,-0.1,,,,
34.168,9,Atta_9,165.0,2065.6,228.9,17.0,-4.5,,,,
34.168,10,Atta_10,492.9,1668.3,345.9,56.7,1.4,,,,
34.234,1,Atta_1,1043.4,2642.5,89.1,-52.4,-4.7,,,,
34.234,2,Atta_2,204.4,630.0,65.8,-128.6,0.6,,,,
34.234,3,Atta_3,173.4,1702.4,132.4,-45.3,3.1,,,,
34.234,4,Atta_4,1127.3,1222.8,6.0,-69.6,1.8,,,,
34.234,5,Atta_5,784.5,2566.7,90.2,-79.0,1.9,,,,
34.234,6,Atta_6,544.7,2474.8,27.9,21.9,1.0,,,,
34.234,7,Atta_7,903.2,1889.2,158.0,69.3,-4.6,,,,
34.234,8,Atta_8,509.3,2624.4,207.4,-47.8,-0.4,,,,
34.234,9,Atta_9,163.8,1985.5,226.5,80.1,-2.4,,,,
34.234,10,Atta_10,524.4,1688.7,343.3,37.5,-2.6,,,,
34.3,1,Atta_1,1053.4,2635.6,93.7,-12.1,4.6,,,,
34.3,2,Atta_2,238.6,693.2,66.6,71.9,0.8,,,,
34.3,3,Atta_3,153.8,1715.6,129.2,23.6,-3.2,,,,
34.3,4,Atta_4,1082.7,1143.1,7.7,-91.3,1.7,,,,
34.3,5,Atta_5,772.6,2624.1,88.1,58.6,-2.1,,,,
34.3,6,Atta_6,569.4,2419.2,20.6,-60.8,-7.3,,,,
34.3,7,Atta_7,975.5,1900.5,162.7,-73.2,4.7,,,,
34.3,8,Atta_8,460.6,2643.9,208.4,52.5,1.0,,,,
34.3,9,Atta_9,182.9,2036.9,219.2,-54.8,-7.3,,,,
34.3,10,Atta_10,490.4,1692.1,341.7,-34.2,-1.6,,,,
34.366,1,Atta_1,1122.8,2572.2,90.4,-94.0,-3.3,,,,
34.366,2,Atta_2,223.7,662.7,68.5,-33.9,1.9,,,,
34.366,3,Atta_3,132.9,1778.6,123.5,66.4,-5.7,,,,
34.366,4,Atta_4,1111.6,1113.0,5.8,41.7,-1.9,,,,
34.366,5,Atta_5,836.6,2681.7,89.2,86.1,1.1,,,,
34.366,6,Atta_6,571.9,2460.5,16.8,41.4,-3.8,,,,
34.366,7,Atta_7,932.4,1875.6,162.7,49.8,0.0,,,,
34.366,8,Atta_8,433.5,2662.8,208.0,33.0,-0.4,,,,
34.366,9,Atta_9,193.0,2056.4,217.5,-22.0,-1.7,,,,
34.366,10,Atta_10,524.3,1689.1,342.9,34.0,1.2,,,,
34.438,1,Atta_1,1092.7,2626.6,90.3,62.2,-0.1,,,,
34.438,2,Atta_2,205.5,741.5,66.7,80.9,-1.8,,,,
34.438,3,Atta_3,101.6,1718.6,121.7,-67.7,-1.8,,,,
34.438,4,Atta_4,1132.5,1164.4,359.5,55.5,-6.3,,,,
34.438,6,Atta_6,596.2,2396.6,15.6,68.4,-1.2,,,,
34.438,7,Atta_7,931.7,1887.0,161.9,11.4,-0.8,,,,
34.438,8,Atta_8,477.9,2610.7,205.3,-68.5,-2.7,,,,
34.438,9,Atta_9,190.1,2044.0,214.9,12.7,-2.6,,,,
34.438,10,Atta_10,536.3,1727.2,344.7,39.9,1.8,,,,
34.499,1,Atta_1,1104.8,2622.1,90.4,-12.9,0.1,,,,
34.499,2,Atta_2,164.1,743.8,64.3,-41.5,-2.4,,,,
34.499,3,Atta_3,107.4,1726.5,116.7,9.8,-5.0,,,,
34.499,4,Atta_4,1170.4,1126.8,3.2,53.4,3.7,,,,
34.499,5,Atta_5,796.8,2652.4,89.8,-49.4,0.6,,,,
34.499,6,Atta_6,612.0,2429.6,18.5,36.6,2.9,,,,
34.499,7,Atta_7,953.9,1917.5,162.6,-37.7,0.7,,,,
34.499,8,Atta_8,406.8,2635.1,215.8,75.2,10.5,,,,
34.499,9,Atta_9,171.6,2043.4,217.6,18.5,2.7,,,,
34.499,10,Atta_10,541.4,1653.4,347.0,74.0,2.3,,,,
34.568,1,Atta_1,1022.8,2632.1,94.8,82.6,4.4,,,,
34.568,2,Atta_2,195.8,702.2,68.7,-52.3,4.4,,,,
34.568,3,Atta_3,104.6,1707.1,112.9,-19.6,-3.8,,,,
34.568,4,Atta_4,1130.3,1151.0,7.2,-46.8,4.0,,,,
34.568,5,Atta_5,811.1,2656.7,85.8,14.9,-4.0,,,,
34.568,6,Atta_6,560.8,2418.8,18.7,-52.3,0.2,,,,
34.568,7,Atta_7,878.2,1920.3,161.0,75.8,-1.6,,,,
34.568,8,Atta_8,462.4,2639.3,217.4,-55.8,1.6,,,,
34.568,9,Atta_9,137.7,2038.8,215.2,34.2,-2.4,,,,
34.568,10,Atta_10,562.9,1721.4,345.6,71.3,-1.4,,,,
34.637,1,Atta_1,1078.8,2676.8,94.3,71.7,-0.5,,,,
34.637,2,Atta_2,236.5,708.7,65.8,41.2,-2.9,,,,
34.637,3,Atta_3,180.7,1740.7,109.4,83.2,-3.5,,,,
34.637,4,Atta_4,1151.2,1121.7,8.2,36.0,1.0,,,,
34.637,5,Atta_5,797.4,2641.5,86.2,-20.5,0.4,,,,
34.637,6,Atta_6,551.4,2450.0,19.2,32.6,0.5,,,,
34.637,7,Atta_7,850.2,1885.1,160.8,45.0,-0.2,,,,
34.637,8,Atta_8,438.5,2625.0,220.9,27.9,3.5,,,,
34.637,9,Atta_9,176.9,2010.7,212.0,-48.2,-3.2,,,,
34.637,10,Atta_10,514.7,1739.0,343.7,-51.3,-1.9,,,,
34.706,1,Atta_1,1147.7,2621.9,92.1,-88.1,-2.2,,,,
34.706,2,Atta_2,217.5,757.2,66.5,52.1,0.7,,,,
34.706,3,Atta_3,166.4,1696.1,103.9,-46.8,-5.5,,,,
34.706,4,Atta_4,1162.7,1144.3,6.3,25.4,-1.9,,,,
34.706,5,Atta_5,783.9,2662.7,89.3,25.1,3.1,,,,
34.706,6,Atta_6,532.5,2460.4,18.7,-21.6,-0.5,,,,
34.706,7,Atta_7,832.5,1889.9,161.4,18.3,0.6,,,,
34.706,8,Atta_8,453.6,2675.2,228.4,-52.4,7.5,,,,
34.706,9,Atta_9,185.3,2016.7,213.0,-10.3,1.0,,,,
34.706,10,Atta_10,493.8,1699.0,346.5,-45.1,2.8,,,,
34.774,1,Atta_1,1116.3,2673.5,93.7,60.4,1.6,,,,
34.774,2,Atta_2,242.4,773.7,66.4,29.9,-0.1,,,,
34.774,3,Atta_3,119.3,1729.7,99.6,57.9,-4.3,,,,
34.774,4,Atta_4,1194.7,1217.3,5.7,79.7,-0.6,,,,
34.774,5,Atta_5,839.8,2696.4,88.0,65.3,-1.3,,,,
34.774,6,Atta_6,571.6,2440.9,21.2,43.7,2.5,,,,
34.774,7,Atta_7,863.5,1918.8,160.3,-42.4,-1.1,,,,
34.774,8,Atta_8,424.5,2609.4,230.7,71.9,2.3,,,,
34.774,9,Atta_9,119.3,2066.9,218.0,82.9,5.0,,,,
34.774,10,Atta_10,584.4,1673.7,342.9,94.1,-3.6,,,,
34.84,1,Atta_1,1054.0,2760.1,95.8,106.7,2.1,,,,
34.84,2,Atta_2,276.9,744.1,64.9,-45.5,-1.5,,,,
34.84,3,Atta_3,152.2,1704.1,95.7,-41.7,-3.9,,,,
34.84,4,Atta_4,1170.8,1152.2,3.8,-69.3,-1.9,,,,
34.84,5,Atta_5,848.7,2707.4,88.5,14.1,0.5,,,,
34.84,6,Atta_6,603.5,2506.4,17.3,72.9,-3.9,,,,
34.84,7,Atta_7,832.8,1924.9,158.3,31.3,-2.0,,,,
34.84,8,Atta_8,419.1,2636.3,238.1,-27.4,7.4,,,,
34.84,9,Atta_9,139.9,2028.3,217.3,43.8,-0.7,,,,
34.84,10,Atta_10,597.5,1695.5,343.1,25.4,0.2,,,,
34.906,1,Atta_1,1052.9,2706.6,88.1,-53.5,-7.7,,,,
34.906,2,Atta_2,245.2,801.5,64.2,65.6,-0.7,,,,
34.906,3,Atta_3,113.9,1729.0,91.0,45.7,-4.7,,,,
34.906,4,Atta_4,1248.5,1125.0,4.2,82.3,0.4,,,,
34.906,5,Atta_5,799.9,2681.9,89.9,-55.1,1.4,,,,
34.906,6,Atta_6,547.8,2481.0,21.1,-61.2,3.8,,,,
34.906,7,Atta_7,856.7,1891.6,162.3,-41.0,4.0,,,,
34.906,8,Atta_8,452.5,2610.4,242.5,42.3,4.4,,,,
34.906,9,Atta_9,149.8,2007.8,212.5,22.8,-4.8,,,,
34.906,10,Atta_10,619.7,1686.1,344.1,24.1,1.0,,,,
34.975,1,Atta_1,1043.2,2720.4,94.0,16.9,5.9,,,,
34.975,2,Atta_2,217.4,745.6,64.5,-62.4,0.3,,,,
34.975,3,Atta_3,130.4,1715.8,86.5,-21.1,-4.5,,,,
34.975,4,Atta_4,1204.7,1169.0,7.7,-62.1,3.5,,,,
34.975,5,Atta_5,734.9,2691.7,86.1,65.7,-3.8,,,,
34.975,6,Atta_6,592.9,2480.5,14.0,45.1,-7.1,,,,
34.975,7,Atta_7,831.6,1931.5,162.2,47.1,-0.1,,,,
34.975,8,Atta_8,446.6,2674.4,247.6,-64.3,5.1,,,,
34.975,9,Atta_9,152.0,2023.6,218.9,-16.0,6.4,,,,
34.975,10,Atta_10,591.1,1677.8,347.9,-29.8,3.8,,,,
35.044,1,Atta_1,1065.6,2647.7,92.8,-76.1,-1.2,,,,
35.044,2,Atta_2,228.7,867.6,67.1,122.5,2.6,,,,
35.044,3,Atta_3,146.7,1759.6,77.4,46.7,-9.1,,,,
35.044,4,Atta_4,1266.5,1197.0,2.7,67.8,-5.0,,,,
35.044,5,Atta_5,820.5,2642.7,90.3,-98.6,4.2,,,,
35.044,6,Atta_6,574.3,2491.9,16.4,-21.8,2.4,,,,
35.044,7,Atta_7,858.4,1872.0,158.0,-65.3,-4.2,,,,
35.044,8,Atta_8,422.9,2628.0,250.0,52.1,2.4,,,,
35.044,9,Atta_9,131.3,2049.6,214.1,-33.2,-4.8,,,,
35.044,10,Atta_10,602.7,1740.0,346.9,-63.3,-1.0,,,,
35.115,1,Atta_1,1106.6,2681.2,94.0,52.9,1.2,,,,
35.115,2,Atta_2,295.0,834.7,64.0,-74.0,-3.1,,,,
35.115,3,Atta_3,141.1,1770.6,76.9,12.3,-0.5,,,,
35.115,4,Atta_4,1289.8,1177.7,4.5,30.3,1.8,,,,
35.115,5,Atta_5,792.8,2647.6,87.9,28.1,-2.4,,,,
35.115,6,Atta_6,612.1,2510.6,14.3,42.2,-2.1,,,,
35.115,7,Atta_7,866.2,1999.7,162.7,127.9,4.7,,,,
35.115,8,Atta_8,423.9,2635.4,254.7,-7.5,4.7,,,,
35.115,9,Atta_9,170.5,2019.0,215.5,-49.7,1.4,,,,
35.115,10,Atta_10,620.5,1693.1,347.5,50.2,0.6,,,,
35.17,1,Atta_1,1074.5,2662.7,93.9,-37.0,-0.1,,,,
35.17,2,Atta_2,237.0,832.7,65.8,-58.0,1.8,,,,
35.17,3,Atta_3,133.4,1696.2,74.4,-74.8,-2.5,,,,
35.17,4,Atta_4,1284.2,1151.8,6.5,-26.5,2.0,,,,
35.17,5,Atta_5,766.4,2641.4,90.3,-27.1,2.4,,,,
35.17,6,Atta_6,635.6,2469.2,18.3,47.6,4.0,,,,
35.17,7,Atta_7,804.8,1877.4,161.6,136.8,-1.1,,,,
35.17,8,Atta_8,512.6,2608.4,255.4,92.7,0.7,,,,
35.17,9,Atta_9,107.8,2002.8,217.3,64.8,1.8,,,,
35.17,10,Atta_10,630.4,1657.5,347.5,37.0,0.0,,,,
35.243,1,Atta_1,1098.2,2731.6,95.2,72.9,1.3,,,,
35.243,2,Atta_2,327.0,838.4,66.5,90.2,0.7,,,,
35.243,3,Atta_3,222.4,1708.9,73.8,89.9,-0.6,,,,
35.243,4,Atta_4,1295.9,1112.1,7.5,41.4,1.0,,,,
35.243,5,Atta_5,792.6,2630.3,89.0,-28.5,-1.3,,,,
35.243,6,Atta_6,629.0,2481.9,21.4,-14.3,3.1,,,,
35.243,7,Atta_7,767.2,1909.6,160.4,49.5,-1.2,,,,
35.243,8,Atta_8,395.1,2610.7,263.0,117.5,7.6,,,,
35.243,9,Atta_9,91.9,2051.0,219.6,-50.8,2.3,,,,
35.243,10,Atta_10,652.1,1645.8,348.1,24.7,0.6,,,,
35.36,1,Atta_1,1065.1,2649.2,93.8,-88.8,-1.4,,,,
35.36,2,Atta_2,272.4,895.3,64.0,78.9,-2.5,,,,
35.36,3,Atta_3,184.8,1692.9,75.6,-40.9,1.8,,,,
35.36,4,Atta_4,1268.2,1134.8,9.5,-35.8,2.0,,,,
35.36,5,Atta_5,853.4,2616.5,86.8,-62.3,-2.2,,,,
35.36,6,Atta_6,663.9,2530.9,19.1,60.2,-2.3,,,,
35.36,7,Atta_7,773.7,1911.2,159.4,-6.7,-1.0,,,,
35.36,8,Atta_8,447.4,2593.4,267.0,55.1,4.0,,,,
35.36,9,Atta_9,121.6,2016.2,218.2,-45.8,-1.4,,,,
35.36,10,Atta_10,673.3,1649.9,345.2,21.6,-2.9,,,,
35.431,1,Atta_1,1048.5,2587.9,91.1,-63.5,-2.7,,,,
35.431,2,Atta_2,282.0,896.6,63.3,9.7,-0.7,,,,
35.431,3,Atta_3,160.1,1700.2,76.0,25.8,0.4,,,,
35.431,4,Atta_4,1282.1,1186.7,1.9,53.7,-7.6,,,,
35.431,5,Atta_5,792.2,2620.6,87.3,61.3,0.5,,,,
35.431,6,Atta_6,669.2,2480.5,22.8,-50.7,3.7,,,,
35.431,7,Atta_7,800.3,1939.8,162.4,-39.1,3.0,,,,
35.431,8,Atta_8,351.6,2628.4,276.6,-102.0,9.6,,,,
35.431,9,Atta_9,99.5,2023.2,219.6,23.2,1.4,,,,
35.431,10,Atta_10,726.7,1680.9,344.9,61.7,-0.3,,,,
35.546,1,Atta_1,1044.0,2597.9,91.0,11.0,-0.1,,,,
35.546,2,Atta_2,305.8,923.4,61.9,35.8,-1.4,,,,
35.546,3,Atta_3,140.4,1743.0,71.9,47.1,-4.1,,,,
35.546,4,Atta_4,1327.7,1171.3,6.5,48.1,4.6,,,,
35.546,5,Atta_5,789.8,2626.1,82.9,6.0,-4.4,,,,
35.546,6,Atta_6,626.7,2492.9,28.9,-44.3,6.1,,,,
35.546,7,Atta_7,736.7,1938.6,166.1,63.6,3.7,,,,
35.546,8,Atta_8,384.2,2623.9,277.2,32.9,0.6,,,,
35.546,9,Atta_9,154.6,2039.7,219.0,-57.5,-0.6,,,,
35.546,10,Atta_10,696.2,1665.6,345.6,-34.1,0.7,,,,
35.616,1,Atta_1,1115.7,2599.0,90.7,-71.7,-0.3,,,,
35.616,2,Atta_2,289.4,947.3,63.0,29.0,1.1,,,,
35.616,3,Atta_3,176.4,1737.9,77.0,36.4,5.1,,,,
35.616,4,Atta_4,1372.0,1147.6,8.0,50.2,1.5,,,,
35.616,5,Atta_5,794.7,2604.1,86.2,-22.5,3.3,,,,
35.616,6,Atta_6,626.2,2456.7,35.0,-36.2,6.1,,,,
35.616,7,Atta_7,692.3,1935.5,164.0,44.5,-2.1,,,,
35.616,8,Atta_8,395.8,2630.3,275.9,-13.2,-1.3,,,,
35.616,9,Atta_9,92.7,1974.7,215.3,89.8,-3.7,,,,
35.616,10,Atta_10,710.7,1685.4,344.3,24.5,-1.3,,,,
35.682,1,Atta_1,1052.3,2626.8,88.1,69.2,-2.6,,,,
35.682,2,Atta_2,322.4,935.6,66.4,35.0,3.4,,,,
35.682,3,Atta_3,146.2,1701.4,76.6,-47.4,-0.4,,,,
35.682,4,Atta_4,1359.0,1175.8,7.7,-31.1,-0.3,,,,
35.682,5,Atta_5,842.9,2582.8,86.8,-52.7,0.6,,,,
35.682,6,Atta_6,647.0,2493.6,38.8,42.4,3.8,,,,
35.682,7,Atta_7,690.9,1881.5,161.2,-54.0,-2.8,,,,
35.682,8,Atta_8,396.9,2588.8,279.4,41.5,3.5,,,,
35.682,9,Atta_9,133.7,2023.9,219.8,-64.0,4.5,,,,
35.682,10,Atta_10,722.2,1689.2,343.3,12.1,-1.0,,,,
35.748,1,Atta_1,1097.6,2610.0,91.7,-48.3,3.6,,,,
35.748,2,Atta_2,315.8,938.0,61.7,-7.0,-4.7,,,,
35.748,3,Atta_3,145.5,1767.0,77.0,65.6,0.4,,,,
35.748,4,Atta_4,1396.3,1174.6,2.1,37.3,-5.6,,,,
35.748,5,Atta_5,808.9,2536.0,80.3,-57.8,-6.5,,,,
35.748,6,Atta_6,687.2,2494.8,42.4,40.2,3.6,,,,
35.748,7,Atta_7,768.6,1977.7,161.5,-123.7,0.3,,,,
35.748,8,Atta_8,388.6,2577.5,279.8,14.0,0.4,,,,
35.748,9,Atta_9,138.3,1985.7,221.4,38.5,1.6,,,,
35.748,10,Atta_10,715.1,1631.7,351.7,57.9,8.4,,,,
35.818,1,Atta_1,1116.6,2544.5,92.3,-68.2,0.6,,,,
35.818,2,Atta_2,274.2,971.4,63.2,53.3,1.5,,,,
35.818,3,Atta_3,235.1,1711.1,75.5,-105.6,-1.5,,,,
35.818,4,Atta_4,1341.5,1158.2,4.8,-57.2,2.7,,,,
35.818,5,Atta_5,790.7,2537.3,78.3,-18.2,-2.0,,,,
35.818,6,Atta_6,651.4,2528.8,48.1,-49.4,5.7,,,,
35.818,7,Atta_7,653.2,1967.6,161.0,115.8,-0.5,,,,
35.818,8,Atta_8,433.4,2609.4,276.0,-55.0,-3.8,,,,
35.818,9,Atta_9,217.9,2023.8,221.5,-88.2,0.1,,,,
35.818,10,Atta_10,782.8,1631.8,345.5,67.7,-6.2,,,,
35.889,1,Atta_1,1050.1,2530.6,86.7,-67.9,-5.6,,,,
35.889,2,Atta_2,386.5,913.5,65.2,-126.3,2.0,,,,
35.889,3,Atta_3,207.5,1777.4,72.8,71.8,-2.7,,,,
35.889,4,Atta_4,1418.1,1158.3,8.7,76.6,3.9,,,,
35.889,5,Atta_5,804.7,2561.5,71.1,28.0,-7.2,,,,
35.889,6,Atta_6,689.2,2540.6,51.3,39.6,3.2,,,,
35.889,7,Atta_7,688.3,1961.2,164.6,-35.7,3.6,,,,
35.889,8,Atta_8,402.7,2636.8,280.1,-41.1,4.1,,,,
35.889,9,Atta_9,146.2,2101.2,226.2,105.5,4.7,,,,
35.889,10,Atta_10,768.6,1581.0,342.5,-52.7,-3.0,,,,
35.95,1,Atta_1,1068.3,2597.5,84.7,69.3,-2.0,,,,
35.95,2,Atta_2,293.1,971.7,64.2,110.0,-1.0,,,,
35.95,3,Atta_3,171.6,1722.5,74.9,-65.6,2.1,,,,
35.95,4,Atta_4,1425.0,1182.6,6.7,25.3,-2.0,,,,
35.95,5,Atta_5,795.6,2542.0,68.9,-21.5,-2.2,,,,
35.95,6,Atta_6,681.5,2518.5,54.4,-23.4,3.1,,,,
35.95,7,Atta_7,699.2,1955.3,157.2,-12.4,-7.4,,,,
35.95,8,Atta_8,392.4,2564.4,275.5,73.1,-4.6,,,,
35.95,9,Atta_9,130.2,2059.8,232.5,44.4,6.3,,,,
35.95,10,Atta_10,741.3,1618.2,343.3,-46.1,0.8,,,,
36.016,1,Atta_1,1101.5,2549.4,79.4,-58.4,-5.3,,,,
36.016,2,Atta_2,287.3,909.9,66.2,-62.1,2.0,,,,
36.016,3,Atta_3,111.0,1803.4,73.2,101.1,-1.7,,,,
36.016,4,Atta_4,1395.0,1216.9,5.1,-45.6,-1.6,,,,
36.016,5,Atta_5,879.0,2520.3,63.1,86.2,-5.8,,,,
36.016,6,Atta_6,597.2,2484.8,58.3,-90.8,3.9,,,,
36.016,7,Atta_7,697.1,1966.2,159.5,11.1,2.3,,,,
36.016,8,Atta_8,428.4,2633.3,277.6,-77.7,2.1,,,,
36.016,9,Atta_9,192.0,2097.8,239.8,-72.5,7.3,,,,
36.016,10,Atta_10,855.5,1654.7,346.4,119.9,3.1,,,,
36.085,1,Atta_1,1075.7,2540.9,73.9,-27.2,-5.5,,,,
36.085,2,Atta_2,324.1,1022.5,59.9,118.5,-6.3,,,,
36.085,3,Atta_3,220.9,1826.8,76.1,112.4,2.9,,,,
36.085,4,Atta_4,1411.8,1143.0,1.8,75.8,-3.3,,,,
36.085,5,Atta_5,795.8,2542.0,55.6,-86.0,-7.5,,,,
36.085,6,Atta_6,657.6,2538.8,61.6,81.0,3.3,,,,
36.085,7,Atta_7,625.4,1969.4,163.1,71.8,3.6,,,,
36.085,8,Atta_8,442.5,2536.7,278.8,97.6,1.2,,,,
36.085,9,Atta_9,147.4,2005.5,239.6,102.5,-0.2,,,,
36.085,10,Atta_10,834.6,1637.5,344.4,-27.1,-2.0,,,,
36.141,1,Atta_1,1148.2,2610.4,69.0,100.4,-4.9,,,,
36.141,2,Atta_2,377.3,953.6,63.4,-87.0,3.5,,,,
36.141,3,Atta_3,130.1,1847.9,77.4,-93.2,1.3,,,,
36.141,4,Atta_4,1422.8,1154.9,4.6,16.2,2.8,,,,
36.141,5,Atta_5,818.4,2555.6,58.4,26.4,2.8,,,,
36.141,6,Atta_6,650.7,2484.7,67.2,-54.5,5.6,,,,
36.141,7,Atta_7,627.2,2007.1,162.6,37.7,-0.5,,,,
36.141,8,Atta_8,518.7,2531.0,277.3,76.4,-1.5,,,,
36.141,9,Atta_9,159.6,2064.4,242.5,-60.2,2.9,,,,
36.141,10,Atta_10,796.7,1562.8,347.6,-83.8,3.2,,,,
36.21,1,Atta_1,1068.9,2556.0,66.4,-96.2,-2.6,,,,
36.21,2,Atta_2,348.1,971.6,63.4,34.3,0.0,,,,
36.21,3,Atta_3,138.9,1850.4,77.7,9.1,0.3,,,,
36.21,4,Atta_4,1440.0,1199.2,5.3,47.5,0.7,,,,
36.21,5,Atta_5,791.7,2590.1,52.7,43.6,-5.7,,,,
36.21,6,Atta_6,683.3,2516.0,75.1,45.2,7.9,,,,
36.21,7,Atta_7,621.3,2026.6,161.3,20.4,-1.3,,,,
36.21,8,Atta_8,423.0,2576.0,275.9,-105.8,-1.4,,,,
36.21,9,Atta_9,186.1,2032.6,248.5,41.4,6.0,,,,
36.21,10,Atta_10,808.9,1620.7,346.8,-59.2,-0.8,,,,
36.279,1,Atta_1,1104.4,2553.7,62.1,35.6,-4.3,,,,
36.279,2,Atta_2,324.8,965.3,64.2,-24.1,0.8,,,,
36.279,3,Atta_3,173.4,1819.4,69.6,-46.4,-8.1,,,,
36.279,4,Atta_4,1470.9,1199.6,6.1,30.9,0.8,,,,
36.279,5,Atta_5,788.0,2561.0,48.1,-29.3,-4.6,,,,
36.279,6,Atta_6,654.0,2489.8,78.2,-39.3,3.1,,,,
36.279,7,Atta_7,628.8,2030.0,161.6,-8.2,0.3,,,,
36.279,8,Atta_8,462.6,2574.8,278.6,39.6,2.7,,,,
36.279,9,Atta_9,118.5,2038.9,253.2,67.9,4.7,,,,
36.279,10,Atta_10,830.9,1672.5,349.2,56.3,2.4,,,,
36.348,1,Atta_1,1052.7,2589.7,50.3,63.0,-11.8,,,,
36.348,2,Atta_2,369.2,1069.3,62.7,113.1,-1.5,,,,
36.348,3,Atta_3,218.2,1855.6,65.1,57.6,-4.5,,,,
36.348,4,Atta_4,1460.9,1162.9,8.0,-38.0,1.9,,,,
36.348,5,Atta_5,830.1,2533.0,40.9,50.6,-7.2,,,,
36.348,6,Atta_6,719.7,2455.2,78.1,-74.3,-0.1,,,,
36.348,7,Atta_7,593.6,1992.5,160.8,51.4,-0.8,,,,
36.348,8,Atta_8,491.7,2557.4,278.9,33.9,0.3,,,,
36.348,9,Atta_9,107.1,2029.0,258.7,15.1,5.5,,,,
36.348,10,Atta_10,812.7,1649.1,345.8,-29.6,-3.4,,,,
36.398,1,Atta_1,1081.8,2551.7,53.8,-47.9,3.5,,,,
36.398,2,Atta_2,342.5,1022.6,61.5,-53.8,-1.2,,,,
36.398,3,Atta_3,165.4,1889.7,61.7,62.9,-3.4,,,,
36.398,4,Atta_4,1447.3,1225.6,5.5,-64.2,-2.5,,,,
36.398,5,Atta_5,764.2,2569.5,38.4,-75.3,-2.5,,,,
36.398,6,Atta_6,730.0,2455.6,85.4,10.3,7.3,,,,
36.398,7,Atta_7,597.6,1950.4,162.1,-42.3,1.3,,,,
36.398,8,Atta_8,394.2,2513.9,280.2,106.8,1.3,,,,
36.398,9,Atta_9,155.1,2032.2,261.0,-48.1,2.3,,,,
36.398,10,Atta_10,883.8,1620.5,344.3,76.6,-1.5,,,,
36.468,1,Atta_1,1086.1,2568.5,50.2,17.3,-3.6,,,,
36.468,2,Atta_2,337.5,1026.4,67.0,6.3,5.5,,,,
36.468,3,Atta_3,192.5,1814.0,54.8,-80.4,-6.9,,,,
36.468,4,Atta_4,1600.4,1152.9,5.8,169.5,0.3,,,,
36.468,5,Atta_5,811.1,2524.2,33.7,65.2,-4.7,,,,
36.468,6,Atta_6,665.7,2496.7,92.3,76.3,6.9,,,,
36.468,7,Atta_7,648.3,2057.4,160.0,-118.4,-2.1,,,,
36.468,8,Atta_8,407.8,2528.3,280.2,-19.8,0.0,,,,
36.468,9,Atta_9,141.0,2024.2,264.4,16.2,3.4,,,,
36.468,10,Atta_10,882.2,1638.9,345.7,-18.5,1.4,,,,
36.537,1,Atta_1,1093.0,2558.2,40.1,-12.4,-10.1,,,,
36.537,2,Atta_2,356.5,1004.3,71.7,-29.1,4.7,,,,
36.537,3,Atta_3,143.2,1849.8,51.2,60.9,-3.6,,,,
36.537,4,Atta_4,1490.6,1141.1,10.5,-110.4,4.7,,,,
36.537,5,Atta_5,746.5,2569.5,30.7,-78.9,-3.0,,,,
36.537,6,Atta_6,655.7,2491.7,90.5,-11.2,-1.8,,,,
36.537,7,Atta_7,559.4,1963.5,156.0,129.3,-4.0,,,,
36.537,8,Atta_8,458.6,2497.0,278.9,59.7,-1.3,,,,
36.537,9,Atta_9,120.8,2020.8,272.1,20.5,7.7,,,,
36.537,10,Atta_10,879.7,1617.9,345.1,21.1,-0.6,,,,
36.606,1,Atta_1,1126.0,2554.1,39.1,33.3,-1.0,,,,
36.606,2,Atta_2,355.7,1070.7,71.9,66.4,0.2,,,,
36.606,3,Atta_3,192.8,1839.4,47.7,50.7,-3.5,,,,
36.606,4,Atta_4,1475.3,1149.3,4.3,-17.4,-6.2,,,,
36.606,5,Atta_5,802.1,2514.6,23.9,78.1,-6.8,,,,
36.606,6,Atta_6,613.7,2420.6,88.5,-82.6,-2.0,,,,
36.606,7,Atta_7,535.1,2055.5,161.6,95.2,5.6,,,,
36.606,8,Atta_8,495.9,2525.3,279.7,-46.8,0.8,,,,
36.606,9,Atta_9,155.8,2050.1,278.7,-45.6,6.6,,,,
36.606,10,Atta_10,935.7,1569.4,345.8,74.1,0.7,,,,
36.674,1,Atta_1,1074.2,2549.4,35.4,-52.0,-3.7,,,,
36.674,2,Atta_2,348.4,1013.0,78.2,-58.2,6.3,,,,
36.674,3,Atta_3,218.0,1829.9,42.4,26.9,-5.3,,,,
36.674,4,Atta_4,1516.8,1165.2,5.5,44.4,1.2,,,,
36.674,5,Atta_5,781.0,2585.1,14.8,73.6,-9.1,,,,
36.674,6,Atta_6,716.0,2509.2,90.8,135.3,2.3,,,,
36.674,7,Atta_7,602.4,2014.1,164.9,-79.0,3.3,,,,
36.674,8,Atta_8,414.4,2427.7,276.2,127.2,-3.5,,,,
36.674,9,Atta_9,94.3,2043.9,271.7,-61.8,-7.0,,,,
36.674,10,Atta_10,978.6,1612.1,345.0,60.5,-0.8,,,,
36.796,1,Atta_1,1098.5,2591.1,27.9,48.3,-7.5,,,,
36.796,2,Atta_2,365.8,1001.2,89.8,-21.0,11.6,,,,
36.796,3,Atta_3,200.4,1869.1,35.6,43.0,-6.8,,,,
36.796,4,Atta_4,1476.1,1149.2,5.0,-43.7,-0.5,,,,
36.796,5,Atta_5,828.6,2570.1,9.6,49.9,-5.2,,,,
36.796,6,Atta_6,691.9,2495.2,89.5,-27.9,-1.3,,,,
36.796,7,Atta_7,520.8,2013.8,161.2,81.6,-3.7,,,,
36.796,8,Atta_8,460.1,2518.4,277.4,-101.6,1.2,,,,
36.796,9,Atta_9,111.9,2033.8,276.6,20.3,4.9,,,,
36.796,10,Atta_10,959.2,1580.8,346.0,-36.8,1.0,,,,
36.865,1,Atta_1,1131.9,2552.6,23.0,51.0,-4.9,,,,
36.865,2,Atta_2,325.5,1034.2,92.1,52.1,2.3,,,,
36.865,3,Atta_3,141.0,1820.2,30.5,-76.9,-5.1,,,,
36.865,4,Atta_4,1580.8,1216.7,7.5,124.6,2.5,,,,
36.865,5,Atta_5,808.2,2541.5,9.3,-35.1,-0.3,,,,
36.865,6,Atta_6,658.9,2543.7,93.5,58.7,4.0,,,,
36.865,7,Atta_7,462.5,2017.6,162.5,58.4,1.3,,,,
36.865,8,Atta_8,411.0,2442.5,276.2,90.4,-1.2,,,,
36.865,9,Atta_9,143.3,2059.0,272.5,-40.3,-4.1,,,,
36.865,10,Atta_10,926.3,1554.8,344.9,-41.9,-1.1,,,,
36.994,1,Atta_1,1044.7,2546.2,15.2,-87.4,-7.8,,,,
36.994,2,Atta_2,399.3,1029.2,97.6,-74.0,5.5,,,,
36.994,3,Atta_3,132.5,1851.1,26.8,32.0,-3.7,,,,
36.994,4,Atta_4,1548.3,1207.8,6.6,-33.7,-0.9,,,,
36.994,5,Atta_5,839.9,2571.7,0.8,43.8,-8.5,,,,
36.994,6,Atta_6,651.8,2444.9,88.4,-99.1,-5.1,,,,
36.994,7,Atta_7,551.7,2006.2,162.7,-89.9,0.2,,,,
36.994,8,Atta_8,485.2,2406.2,276.4,82.6,0.2,,,,
36.994,9,Atta_9,109.5,2053.3,274.7,34.3,2.2,,,,
36.994,10,Atta_10,980.6,1580.2,343.3,59.9,-1.6,,,,
37.063,1,Atta_1,1114.9,2521.1,13.3,74.6,-1.9,,,,
37.063,2,Atta_2,396.9,997.4,99.8,-31.9,2.2,,,,
37.063,3,Atta_3,203.9,1881.9,20.4,77.8,-6.4,,,,
37.063,4,Atta_4,1579.5,1191.5,7.8,35.2,1.2,,,,
37.063,5,Atta_5,825.2,2520.7,359.6,-53.1,-1.2,,,,
37.063,6,Atta_6,672.3,2599.3,87.8,155.8,-0.6,,,,
37.063,7,Atta_7,451.3,2029.3,160.2,103.0,-2.5,,,,
37.063,8,Atta_8,523.3,2433.8,279.8,-47.0,3.4,,,,
37.063,9,Atta_9,175.1,2059.4,279.7,-65.9,5.0,,,,
37.063,10,Atta_10,958.7,1585.4,346.0,-22.5,2.7,,,,
37.132,1,Atta_1,1017.6,2550.9,4.5,-101.8,-8.8,,,,
37.132,2,Atta_2,390.1,1020.7,110.8,24.3,11.0,,,,
37.132,3,Atta_3,246.8,1825.9,10.9,70.5,-9.5,,,,
37.132,4,Atta_4,1563.4,1210.1,0.9,-24.6,-6.9,,,,
37.132,5,Atta_5,866.5,2564.5,354.5,60.2,-5.1,,,,
37.132,6,Atta_6,749.0,2523.3,88.6,-108.0,0.8,,,,
37.132,7,Atta_7,469.3,2046.8,158.7,-25.1,-1.5,,,,
37.132,8,Atta_8,451.4,2457.5,278.0,-75.7,-1.8,,,,
37.132,9,Atta_9,147.6,1966.4,276.7,97.0,-3.0,,,,
37.132,10,Atta_10,993.0,1598.3,347.1,36.6,1.1,,,,
37.266,1,Atta_1,1085.8,2566.9,1.9,70.1,-2.6,,,,
37.266,2,Atta_2,356.5,1020.4,119.1,33.6,8.3,,,,
37.266,3,Atta_3,157.3,1829.2,6.8,-89.6,-4.1,,,,
37.266,4,Atta_4,1594.6,1178.3,3.7,44.5,2.8,,,,
37.266,5,Atta_5,806.0,2537.8,353.4,-66.1,-1.1,,,,
37.266,6,Atta_6,696.3,2620.9,90.8,110.9,2.2,,,,
37.266,7,Atta_7,496.0,2072.4,160.6,-37.0,1.9,,,,
37.266,8,Atta_8,376.4,2411.8,277.7,87.8,-0.3,,,,
37.266,9,Atta_9,153.2,1973.2,280.7,-8.8,4.0,,,,
37.266,10,Atta_10,996.8,1549.6,346.9,48.8,-0.2,,,,
37.335,1,Atta_1,1057.4,2580.2,1.7,-31.4,-0.2,,,,
37.335,2,Atta_2,323.3,1048.8,117.1,43.7,-2.0,,,,
37.335,3,Atta_3,154.8,1869.7,3.1,40.6,-3.7,,,,
37.335,4,Atta_4,1567.0,1153.7,6.6,-37.0,2.9,,,,
37.335,5,Atta_5,811.3,2562.2,353.3,25.0,-0.1,,,,
37.335,6,Atta_6,700.3,2582.3,91.0,-38.8,0.2,,,,
37.335,7,Atta_7,481.4,1966.9,160.4,-106.5,-0.2,,,,
37.335,8,Atta_8,449.0,2374.3,281.3,81.7,3.6,,,,
37.335,9,Atta_9,188.7,2041.1,277.6,-76.6,-3.1,,,,
37.335,10,Atta_10,1012.7,1589.0,345.3,42.5,-1.6,,,,
37.4,1,Atta_1,1065.0,2527.1,359.2,53.6,-2.5,,,,
37.4,2,Atta_2,358.9,1003.7,124.2,-57.5,7.1,,,,
37.4,3,Atta_3,134.7,1860.7,0.1,-22.0,-3.0,,,,
37.4,4,Atta_4,1655.4,1175.6,2.8,91.1,-3.8,,,,
37.4,5,Atta_5,817.2,2518.2,354.7,44.4,1.4,,,,
37.4,6,Atta_6,658.7,2608.8,90.1,49.3,-0.9,,,,
37.4,7,Atta_7,448.6,2032.7,159.4,73.5,-1.0,,,,
37.4,8,Atta_8,513.2,2351.6,277.6,68.1,-3.7,,,,
37.4,9,Atta_9,89.9,1980.8,276.9,115.7,-0.7,,,,
37.4,10,Atta_10,1027.8,1594.9,343.5,16.2,-1.8,,,,
37.47,1,Atta_1,1015.6,2577.5,356.1,-70.6,-3.1,,,,
37.47,2,Atta_2,421.5,1065.4,129.1,87.9,4.9,,,,
37.47,3,Atta_3,152.8,1858.6,354.3,18.2,-5.8,,,,
37.47,4,Atta_4,1663.5,1180.8,3.5,9.6,0.7,,,,
37.47,5,Atta_5,823.0,2597.5,357.7,-79.5,3.0,,,,
37.47,6,Atta_6,624.6,2593.8,89.1,-37.3,-1.0,,,,
37.47,7,Atta_7,401.5,2006.1,160.3,54.1,0.9,,,,
37.47,8,Atta_8,478.2,2384.9,278.8,-48.3,1.2,,,,
37.47,9,Atta_9,114.2,1970.0,280.8,26.6,3.9,,,,
37.47,10,Atta_10,1016.6,1611.6,346.7,-20.1,3.2,,,,
37.538,1,Atta_1,1091.7,2551.2,360.0,80.5,3.9,,,,
37.538,2,Atta_2,384.3,1026.7,131.4,-53.7,2.3,,,,
37.538,3,Atta_3,181.5,1799.4,349.5,65.8,-4.8,,,,
37.538,4,Atta_4,1590.9,1184.1,4.7,-72.7,1.2,,,,
37.538,5,Atta_5,894.2,2512.7,355.6,110.7,-2.1,,,,
37.538,6,Atta_6,650.3,2616.8,89.3,34.5,0.2,,,,
37.538,7,Atta_7,418.7,2051.5,162.4,-48.5,2.1,,,,
37.538,8,Atta_8,498.8,2343.1,275.2,46.6,-3.6,,,,
37.538,9,Atta_9,191.7,2003.9,280.6,-84.6,-0.2,,,,
37.538,10,Atta_10,1052.5,1578.3,342.4,49.0,-4.3,,,,
37.601,1,Atta_1,1088.8,2602.2,0.4,-51.1,0.4,,,,
37.601,2,Atta_2,312.6,1036.2,138.6,72.3,7.2,,,,
37.601,3,Atta_3,170.1,1834.7,348.2,-37.1,-1.3,,,,
37.601,4,Atta_4,1614.1,1203.3,9.2,30.1,4.5,,,,
37.601,5,Atta_5,817.8,2556.8,358.3,-88.2,2.7,,,,
37.601,6,Atta_6,667.1,2625.5,91.4,18.9,2.1,,,,
37.601,7,Atta_7,402.8,2040.7,160.3,19.2,-2.1,,,,
37.601,8,Atta_8,408.7,2345.4,278.2,-90.1,3.0,,,,
37.601,9,Atta_9,155.8,1980.9,273.3,42.6,-7.3,,,,
37.601,10,Atta_10,1015.1,1611.6,345.9,-50.1,3.5,,,,
37.671,1,Atta_1,1144.8,2559.0,356.1,70.7,-4.3,,,,
37.671,2,Atta_2,345.2,1011.5,142.0,-40.9,3.4,,,,
37.671,3,Atta_3,161.3,1803.0,340.6,-32.9,-7.6,,,,
37.671,4,Atta_4,1688.5,1185.5,7.4,76.5,-1.8,,,,
37.671,5,Atta_5,811.9,2541.7,354.4,-16.2,-3.9,,,,
37.671,6,Atta_6,664.2,2591.2,94.0,-34.4,2.6,,,,
37.671,7,Atta_7,383.4,2074.3,162.8,38.8,2.5,,,,
37.671,8,Atta_8,489.1,2309.2,279.8,88.2,1.6,,,,
37.671,9,Atta_9,157.9,2005.5,276.3,-24.7,3.0,,,,
37.671,10,Atta_10,1061.3,1569.9,346.3,62.2,0.4,,,,
37.741,1,Atta_1,1137.4,2546.2,0.7,-14.8,4.6,,,,
37.741,2,Atta_2,351.3,1036.1,148.2,25.3,6.2,,,,
37.741,3,Atta_3,128.7,1829.1,335.2,-41.8,-5.4,,,,
37.741,4,Atta_4,1725.0,1240.1,8.6,65.7,1.2,,,,
37.741,5,Atta_5,837.0,2530.3,355.1,27.6,0.7,,,,
37.741,6,Atta_6,606.9,2675.0,92.3,101.5,-1.7,,,,
37.741,7,Atta_7,387.4,2073.9,163.1,-4.0,0.3,,,,
37.741,8,Atta_8,470.7,2285.1,278.3,30.3,-1.5,,,,
37.741,9,Atta_9,122.3,1982.0,277.1,42.7,0.8,,,,
37.741,10,Atta_10,1038.4,1619.7,345.8,-54.8,-0.5,,,,
37.809,1,Atta_1,1084.0,2593.8,357.7,-71.5,-3.0,,,,
37.809,2,Atta_2,352.5,1015.4,154.1,-20.7,5.9,,,,
37.809,3,Atta_3,119.8,1812.7,335.0,-18.7,-0.2,,,,
37.809,4,Atta_4,1739.3,1218.9,6.3,25.6,-2.3,,,,
37.809,5,Atta_5,838.4,2597.4,355.9,-67.1,0.8,,,,
37.809,6,Atta_6,630.1,2673.8,94.8,-23.2,2.5,,,,
37.809,7,Atta_7,366.6,2049.8,161.6,31.8,-1.5,,,,
37.809,8,Atta_8,465.7,2346.7,278.7,-61.8,0.4,,,,
37.809,9,Atta_9,148.5,2064.2,280.6,-86.3,3.5,,,,
37.809,10,Atta_10,1038.2,1576.6,345.2,43.1,-0.6,,,,
37.871,1,Atta_1,1099.6,2542.3,0.4,53.8,2.7,,,,
37.871,2,Atta_2,383.0,1006.4,151.3,-31.8,-2.8,,,,
37.871,3,Atta_3,137.7,1825.0,329.0,21.7,-6.0,,,,
37.871,4,Atta_4,1758.8,1152.1,4.2,69.6,-2.1,,,,
37.871,5,Atta_5,899.0,2499.0,350.0,115.6,-5.9,,,,
37.871,6,Atta_6,663.9,2649.0,86.7,-41.9,-8.1,,,,
37.871,7,Atta_7,365.2,2074.5,162.5,24.7,0.9,,,,
37.871,8,Atta_8,520.7,2286.8,279.1,81.3,0.4,,,,
37.871,9,Atta_9,85.1,2093.9,284.1,-70.0,3.5,,,,
37.871,10,Atta_10,1110.1,1598.4,347.3,75.1,2.1,,,,
37.941,1,Atta_1,1184.5,2517.1,0.3,88.6,-0.1,,,,
37.941,2,Atta_2,314.6,1016.1,150.3,69.1,-1.0,,,,
37.941,3,Atta_3,161.0,1822.0,321.6,23.5,-7.4,,,,
37.941,4,Atta_4,1723.1,1231.9,4.8,-87.4,0.6,,,,
37.941,5,Atta_5,909.5,2559.1,357.3,-61.0,7.3,,,,
37.941,6,Atta_6,677.2,2688.6,92.4,41.8,5.7,,,,
37.941,7,Atta_7,290.4,2058.6,161.4,76.5,-1.1,,,,
37.941,8,Atta_8,473.4,2307.9,280.2,-51.8,1.1,,,,
37.941,9,Atta_9,188.8,2051.5,289.6,112.0,5.5,,,,
37.941,10,Atta_10,1096.8,1467.3,347.1,131.8,-0.2,,,,
38.013,1,Atta_1,1168.6,2554.8,0.5,-40.9,0.2,,,,
38.013,2,Atta_2,354.6,1030.0,149.0,-42.3,-1.3,,,,
38.013,3,Atta_3,161.0,1877.1,319.1,-55.1,-2.5,,,,
38.013,4,Atta_4,1726.2,1222.5,5.9,9.9,1.1,,,,
38.013,5,Atta_5,891.1,2517.4,355.0,-45.6,-2.3,,,,
38.013,6,Atta_6,682.2,2671.4,90.3,-17.9,-2.1,,,,
38.013,7,Atta_7,336.0,2008.6,161.2,-67.7,-0.2,,,,
38.013,8,Atta_8,489.8,2292.5,277.6,22.5,-2.6,,,,
38.013,9,Atta_9,193.7,2036.3,291.9,16.0,2.3,,,,
38.013,10,Atta_10,1084.7,1558.8,345.1,-92.3,-2.0,,,,
38.065,1,Atta_1,1161.2,2516.6,359.5,-38.9,-1.0,,,,
38.065,2,Atta_2,307.2,1028.4,153.0,47.4,4.0,,,,
38.065,3,Atta_3,157.4,1843.2,312.9,34.1,-6.2,,,,
38.065,4,Atta_4,1713.6,1198.9,6.7,-26.8,0.8,,,,
38.065,5,Atta_5,945.4,2481.8,357.5,64.9,2.5,,,,
38.065,6,Atta_6,621.5,2682.9,91.2,61.8,0.9,,,,
38.065,7,Atta_7,303.3,2084.7,161.5,82.8,0.3,,,,
38.065,8,Atta_8,440.0,2240.2,272.6,72.2,-5.0,,,,
38.065,9,Atta_9,173.5,2025.3,297.3,23.0,5.4,,,,
38.065,10,Atta_10,1077.1,1536.8,346.6,-23.3,1.5,,,,
38.136,1,Atta_1,1199.8,2563.0,359.1,60.4,-0.4,,,,
38.136,2,Atta_2,399.7,1032.0,148.4,-92.6,-4.6,,,,
38.136,3,Atta_3,141.2,1857.8,310.7,-21.8,-2.2,,,,
38.136,4,Atta_4,1763.2,1215.9,3.8,52.4,-2.9,,,,
38.136,5,Atta_5,917.8,2535.5,354.2,-60.4,-3.3,,,,
38.136,6,Atta_6,646.5,2701.4,91.1,31.1,-0.1,,,,
38.136,7,Atta_7,317.2,2109.9,161.8,-28.8,0.3,,,,
38.136,8,Atta_8,494.3,2311.0,265.1,-89.2,-7.5,,,,
38.136,9,Atta_9,132.7,2020.0,303.1,-41.1,5.8,,,,
38.136,10,Atta_10,1150.7,1546.9,344.2,74.3,-2.4,,,,
38.187,1,Atta_1,1170.5,2548.6,359.4,-32.6,0.3,,,,
38.187,2,Atta_2,364.1,994.6,152.4,51.6,4.0,,,,
38.187,3,Atta_3,226.0,1800.3,305.1,102.5,-5.6,,,,
38.187,4,Atta_4,1744.8,1221.7,3.6,-19.3,-0.2,,,,
38.187,5,Atta_5,968.0,2538.5,358.3,50.3,4.1,,,,
38.187,6,Atta_6,642.1,2644.1,92.9,-57.5,1.8,,,,
38.187,7,Atta_7,309.2,2100.0,161.5,12.7,-0.3,,,,
38.187,8,Atta_8,504.5,2263.9,263.1,48.2,-2.0,,,,
38.187,9,Atta_9,144.2,2024.4,301.2,12.3,-1.9,,,,
38.187,10,Atta_10,1143.2,1522.4,349.1,-25.6,4.9,,,,
38.254,1,Atta_1,1174.9,2541.5,0.6,8.4,1.2,,,,
38.254,2,Atta_2,264.1,1045.7,151.9,112.3,-0.5,,,,
38.254,3,Atta_3,221.3,1860.2,298.1,-60.1,-7.0,,,,
38.254,4,Atta_4,1736.3,1198.1,2.6,-25.1,-1.0,,,,
38.254,5,Atta_5,934.3,2578.8,357.9,-52.5,-0.4,,,,
38.254,6,Atta_6,658.9,2651.2,94.5,18.2,1.6,,,,
38.254,7,Atta_7,289.9,2121.5,161.9,28.9,0.4,,,,
38.254,8,Atta_8,478.9,2297.1,259.6,-41.9,-3.5,,,,
38.254,9,Atta_9,118.4,2049.8,307.3,-36.2,6.1,,,,
38.254,10,Atta_10,1146.4,1577.7,341.1,-55.4,-8.0,,,,
38.319,1,Atta_1,1205.8,2544.5,359.9,31.0,-0.7,,,,
38.319,2,Atta_2,301.4,1068.7,149.8,-43.8,-2.1,,,,
38.319,3,Atta_3,189.2,1820.7,293.9,50.9,-4.2,,,,
38.319,4,Atta_4,1851.7,1204.4,7.1,115.6,4.5,,,,
38.319,5,Atta_5,966.4,2531.0,354.6,57.6,-3.3,,,,
38.319,6,Atta_6,682.6,2687.6,92.9,43.4,-1.6,,,,
38.319,7,Atta_7,326.6,2104.8,159.6,-40.3,-2.3,,,,
38.319,8,Atta_8,482.3,2225.4,254.2,71.8,-5.4,,,,
38.319,9,Atta_9,143.5,2027.8,316.4,33.4,9.1,,,,
38.319,10,Atta_10,1158.5,1546.4,342.9,33.6,1.8,,,,
38.388,1,Atta_1,1193.1,2540.6,1.7,-13.3,1.8,,,,
38.388,2,Atta_2,306.3,1102.6,151.2,34.3,1.4,,,,
38.388,3,Atta_3,195.6,1856.7,289.9,-36.6,-4.0,,,,
38.388,4,Atta_4,1820.1,1224.4,5.8,-37.4,-1.3,,,,
38.388,6,Atta_6,674.0,2643.9,92.3,-44.5,-0.6,,,,
38.388,7,Atta_7,298.9,2061.4,159.6,51.5,0.0,,,,
38.388,8,Atta_8,491.1,2272.2,251.1,-47.6,-3.1,,,,
38.388,9,Atta_9,155.7,2053.3,319.3,-28.3,2.9,,,,
38.388,10,Atta_10,1152.9,1554.2,345.7,-9.6,2.8,,,,
38.454,1,Atta_1,1227.8,2546.2,2.2,35.1,0.5,,,,
38.454,2,Atta_2,285.8,1026.0,153.1,-79.3,1.9,,,,
38.454,3,Atta_3,170.2,1821.9,287.0,43.1,-2.9,,,,
38.454,4,Atta_4,1842.9,1216.1,7.5,24.3,1.7,,,,
38.454,5,Atta_5,1021.8,2571.0,359.0,68.3,4.4,,,,
38.454,6,Atta_6,608.1,2622.9,91.9,-69.2,-0.4,,,,
38.454,7,Atta_7,338.2,2113.1,157.9,-64.9,-1.7,,,,
38.454,8,Atta_8,467.3,2285.8,243.0,-27.4,-8.1,,,,
38.454,9,Atta_9,200.2,2082.6,322.0,53.3,2.7,,,,
38.454,10,Atta_10,1181.5,1541.4,347.4,31.3,1.7,,,,
38.524,1,Atta_1,1223.0,2549.1,359.5,-5.6,-2.7,,,,
38.524,2,Atta_2,292.2,1134.2,150.8,108.4,-2.3,,,,
38.524,3,Atta_3,140.7,1819.7,284.1,-29.6,-2.9,,,,
38.524,4,Atta_4,1808.3,1233.6,7.2,-38.8,-0.3,,,,
38.524,5,Atta_5,982.2,2508.7,354.2,-73.8,-4.8,,,,
38.524,6,Atta_6,629.9,2640.3,92.5,27.9,0.6,,,,
38.524,7,Atta_7,348.1,2100.6,156.1,-15.9,-1.8,,,,
38.524,8,Atta_8,471.0,2267.0,237.8,19.2,-5.2,,,,
38.524,9,Atta_9,168.0,2105.0,331.3,-39.2,9.3,,,,
38.524,10,Atta_10,1217.7,1508.0,347.0,49.3,-0.4,,,,
38.59,1,Atta_1,1273.6,2565.1,359.3,53.1,-0.2,,,,
38.59,2,Atta_2,268.5,1110.3,155.6,33.7,4.8,,,,
38.59,3,Atta_3,183.2,1834.8,277.7,-45.1,-6.4,,,,
38.59,4,Atta_4,1842.4,1183.8,5.0,60.4,-2.2,,,,
38.59,5,Atta_5,1011.6,2516.7,353.8,30.5,-0.4,,,,
38.59,6,Atta_6,741.2,2580.9,89.3,-126.2,-3.2,,,,
38.59,7,Atta_7,356.5,2095.3,157.4,-9.9,1.3,,,,
38.59,8,Atta_8,486.3,2263.5,236.0,-15.7,-1.8,,,,
38.59,9,Atta_9,161.2,2044.7,332.0,60.7,0.7,,,,
38.59,10,Atta_10,1285.7,1538.3,349.5,74.4,2.5,,,,
38.657,1,Atta_1,1257.2,2543.3,1.2,-27.3,1.9,,,,
38.657,2,Atta_2,260.3,1101.2,151.2,12.2,-4.4,,,,
38.657,3,Atta_3,156.8,1810.8,270.3,35.7,-7.4,,,,
38.657,4,Atta_4,1826.3,1174.8,8.3,-18.4,3.3,,,,
38.657,5,Atta_5,1022.8,2489.9,356.1,29.0,2.3,,,,
38.657,6,Atta_6,691.5,2625.4,93.2,66.7,3.9,,,,
38.657,7,Atta_7,443.0,2032.3,157.8,-107.0,0.4,,,,
38.657,8,Atta_8,542.5,2293.1,231.4,-63.5,-4.6,,,,
38.657,9,Atta_9,114.1,2015.3,334.1,-55.5,2.1,,,,
38.657,10,Atta_10,1241.9,1543.0,344.6,-44.1,-4.9,,,,
38.775,1,Atta_1,1206.1,2562.5,358.9,-54.6,-2.3,,,,
38.775,2,Atta_2,323.4,1026.7,153.5,-97.6,2.3,,,,
38.775,3,Atta_3,191.6,1890.5,269.2,-87.0,-1.1,,,,
38.775,4,Atta_4,1902.4,1255.9,5.2,111.2,-3.1,,,,
38.775,5,Atta_5,1068.0,2580.7,355.1,101.4,-1.0,,,,
38.775,6,Atta_6,638.1,2574.7,95.2,-73.6,2.0,,,,
38.775,7,Atta_7,361.4,2043.3,158.4,82.3,0.6,,,,
38.775,8,Atta_8,462.6,2299.7,223.5,80.2,-7.9,,,,
38.775,9,Atta_9,174.9,2071.5,333.1,82.8,-1.0,,,,
38.775,10,Atta_10,1194.6,1573.4,347.7,-56.2,3.1,,,,
38.83,1,Atta_1,1287.0,2552.7,356.9,81.5,-2.0,,,,
38.83,2,Atta_2,242.3,1175.9,153.4,169.8,-0.1,,,,
38.83,3,Atta_3,141.8,1815.6,265.2,89.9,-4.0,,,,
38.83,4,Atta_4,1850.4,1183.0,6.7,-89.5,1.5,,,,
38.83,5,Atta_5,1005.0,2546.9,354.1,-71.5,-1.0,,,,
38.83,6,Atta_6,625.2,2588.6,93.1,19.0,-2.1,,,,
38.83,7,Atta_7,344.8,2089.3,146.8,48.9,-11.6,,,,
38.83,8,Atta_8,480.1,2269.1,223.2,35.3,-0.3,,,,
38.83,9,Atta_9,94.3,2026.0,334.7,-92.6,1.6,,,,
38.83,10,Atta_10,1240.3,1503.0,350.0,83.9,2.3,,,,
38.901,1,Atta_1,1271.6,2539.0,0.9,-20.6,4.0,,,,
38.901,2,Atta_2,250.7,1086.9,152.4,-89.4,-1.0,,,,
38.901,3,Atta_3,143.8,1863.8,256.2,-48.2,-9.0,,,,
38.901,4,Atta_4,1869.6,1196.8,6.2,23.6,-0.5,,,,
38.901,5,Atta_5,1115.2,2531.9,352.6,111.2,-1.5,,,,
38.901,6,Atta_6,696.8,2530.9,90.4,-92.0,-2.7,,,,
38.901,7,Atta_7,392.3,2026.7,149.8,-78.6,3.0,,,,
38.901,9,Atta_9,141.3,2025.9,333.7,47.0,-1.0,,,,
38.901,10,Atta_10,1260.7,1451.4,344.1,55.5,-5.9,,,,
38.969,1,Atta_1,1282.2,2544.6,4.7,12.0,3.8,,,,
38.969,2,Atta_2,226.9,1128.6,151.6,48.0,-0.8,,,,
38.969,3,Atta_3,184.0,1853.0,255.0,41.6,-1.2,,,,
38.969,4,Atta_4,1923.2,1224.7,2.0,60.4,-4.2,,,,
38.969,5,Atta_5,1072.4,2475.4,352.3,-70.9,-0.3,,,,
38.969,6,Atta_6,647.1,2545.9,92.5,51.9,2.1,,,,
38.969,7,Atta_7,329.4,2056.4,145.1,69.6,-4.7,,,,
38.969,8,Atta_8,445.4,2276.1,222.0,35.4,-1.2,,,,
38.969,9,Atta_9,114.7,2047.2,331.7,-34.1,-2.0,,,,
38.969,10,Atta_10,1283.1,1541.7,350.0,-93.0,5.9,,,,
39.027,1,Atta_1,1323.7,2550.0,1.9,41.8,-2.8,,,,
39.027,2,Atta_2,187.0,1069.2,152.8,71.6,1.2,,,,
39.027,3,Atta_3,169.4,1836.8,257.3,21.8,2.3,,,,
39.027,4,Atta_4,1897.0,1225.6,4.0,-26.2,2.0,,,,
39.027,5,Atta_5,1098.9,2524.4,351.8,55.7,-0.5,,,,
39.027,6,Atta_6,664.9,2503.4,86.5,-46.1,-6.0,,,,
39.027,7,Atta_7,400.7,2115.1,140.3,-92.4,-4.8,,,,
39.027,8,Atta_8,474.2,2323.4,222.7,-55.4,0.7,,,,
39.027,9,Atta_9,182.3,2103.7,331.5,88.1,-0.2,,,,
39.027,10,Atta_10,1242.6,1485.5,347.7,-69.3,-2.3,,,,
39.098,1,Atta_1,1370.1,2564.5,3.4,48.6,1.5,,,,
39.098,2,Atta_2,194.3,1101.3,152.8,32.9,0.0,,,,
39.098,3,Atta_3,142.2,1858.9,260.2,-35.0,2.9,,,,
39.098,4,Atta_4,1881.5,1167.5,6.3,-60.1,2.3,,,,
39.098,5,Atta_5,1108.5,2462.3,359.2,62.8,7.4,,,,
39.098,6,Atta_6,662.0,2566.2,81.0,62.9,-5.5,,,,
39.098,7,Atta_7,374.1,2019.8,133.5,-98.9,-6.8,,,,
39.098,8,Atta_8,449.9,2271.5,221.3,57.3,-1.4,,,,
39.098,9,Atta_9,184.0,2081.6,336.4,22.2,4.9,,,,
39.098,10,Atta_10,1296.6,1500.0,344.6,55.9,-3.1,,,,
39.148,1,Atta_1,1298.6,2566.3,357.2,-71.5,-6.2,,,,
39.148,2,Atta_2,176.2,1087.3,153.4,22.9,0.6,,,,
39.148,3,Atta_3,163.1,1803.7,258.6,59.0,-1.6,,,,
39.148,4,Atta_4,1904.6,1262.4,5.9,97.7,-0.4,,,,
39.148,5,Atta_5,1087.2,2511.3,353.2,-53.4,-6.0,,,,
39.148,6,Atta_6,717.2,2567.3,82.9,55.2,1.9,,,,
39.148,7,Atta_7,358.7,2095.8,128.9,77.5,-4.6,,,,
39.148,8,Atta_8,517.5,2311.8,220.1,-78.7,-1.2,,,,
39.148,9,Atta_9,159.2,2050.7,333.5,-39.6,-2.9,,,,
39.148,10,Atta_10,1297.4,1511.5,345.4,-11.5,0.8,,,,
39.218,1,Atta_1,1353.5,2533.8,5.5,63.8,8.3,,,,
39.218,2,Atta_2,198.7,1137.0,149.4,54.6,-4.0,,,,
39.218,3,Atta_3,170.3,1860.3,256.5,-57.1,-2.1,,,,
39.218,4,Atta_4,1935.7,1227.8,6.1,46.5,0.2,,,,
39.218,5,Atta_5,1124.5,2526.5,351.9,40.3,-1.3,,,,
39.218,6,Atta_6,688.6,2577.0,71.1,30.2,-11.8,,,,
39.218,7,Atta_7,371.1,2114.3,123.3,22.3,-5.6,,,,
39.218,8,Atta_8,502.1,2308.6,213.9,15.7,-6.2,,,,
39.218,9,Atta_9,224.8,2027.5,337.6,69.6,4.1,,,,
39.218,10,Atta_10,1357.4,1499.1,343.4,61.3,-2.0,,,,
39.284,1,Atta_1,1385.6,2539.4,2.1,32.6,-3.4,,,,
39.284,2,Atta_2,226.6,1155.7,149.2,-33.6,-0.2,,,,
39.284,3,Atta_3,183.3,1851.7,255.9,15.6,-0.6,,,,
39.284,4,Atta_4,1987.8,1216.7,2.0,53.3,-4.1,,,,
39.284,5,Atta_5,1082.7,2515.6,348.1,-43.2,-3.8,,,,
39.284,6,Atta_6,717.6,2609.8,67.5,43.8,-3.6,,,,
39.284,7,Atta_7,358.7,2089.0,122.3,-28.2,-1.0,,,,
39.284,8,Atta_8,512.9,2285.4,208.7,25.6,-5.2,,,,
39.284,9,Atta_9,193.8,2061.4,337.6,-45.9,0.0,,,,
39.284,10,Atta_10,1357.3,1551.8,343.9,-52.7,0.5,,,,
39.353,1,Atta_1,1398.1,2568.4,0.6,31.6,-1.5,,,,
39.353,2,Atta_2,172.0,1150.4,150.3,54.9,1.1,,,,
39.353,3,Atta_3,154.0,1754.7,258.3,101.3,2.4,,,,
39.353,4,Atta_4,1928.2,1246.1,359.6,-66.5,-2.4,,,,
39.353,5,Atta_5,1115.0,2530.6,343.5,35.6,-4.6,,,,
39.353,6,Atta_6,655.6,2569.9,64.5,-73.7,-3.0,,,,
39.353,7,Atta_7,327.4,2025.5,117.6,-70.8,-4.7,,,,
39.353,8,Atta_8,504.1,2294.0,204.2,12.3,-4.5,,,,
39.353,9,Atta_9,198.1,2051.3,333.5,11.0,-4.1,,,,
39.353,10,Atta_10,1339.1,1531.8,346.8,-27.0,2.9,,,,
39.421,1,Atta_1,1391.2,2559.2,354.8,-11.5,-5.8,,,,
39.421,2,Atta_2,144.3,1130.8,151.8,33.9,1.5,,,,
39.421,3,Atta_3,164.7,1853.9,256.7,-99.8,-1.6,,,,
39.421,4,Atta_4,2017.9,1229.8,350.5,91.2,-9.1,,,,
39.421,5,Atta_5,1118.0,2517.3,339.4,13.6,-4.1,,,,
39.421,6,Atta_6,664.9,2589.6,61.9,21.8,-2.6,,,,
39.421,7,Atta_7,346.4,2058.6,111.9,38.2,-5.7,,,,
39.421,8,Atta_8,504.9,2256.2,205.3,37.8,1.1,,,,
39.421,9,Atta_9,298.0,2051.2,336.0,99.9,2.5,,,,
39.421,10,Atta_10,1312.6,1499.0,347.1,-42.2,0.3,,,,
39.473,1,Atta_1,1367.2,2661.4,356.1,-105.0,1.3,,,,
39.473,2,Atta_2,190.6,1159.6,151.6,-54.5,-0.2,,,,
39.473,3,Atta_3,149.4,1830.9,259.6,27.6,2.9,,,,
39.473,4,Atta_4,1907.9,1273.9,352.3,-118.5,1.8,,,,
39.473,5,Atta_5,1036.0,2494.2,336.3,-85.2,-3.1,,,,
39.473,6,Atta_6,705.8,2576.8,55.9,42.9,-6.0,,,,
39.473,7,Atta_7,385.1,2111.0,105.7,65.1,-6.2,,,,
39.473,8,Atta_8,476.5,2253.1,200.4,28.6,-4.9,,,,
39.473,9,Atta_9,245.4,2047.9,331.7,-52.7,-4.3,,,,
39.473,10,Atta_10,1384.3,1520.9,347.0,75.0,-0.1,,,,
39.539,1,Atta_1,1464.9,2544.6,346.6,152.3,-9.5,,,,
39.539,2,Atta_2,124.0,1237.0,150.2,102.1,-1.4,,,,
39.539,3,Atta_3,133.7,1789.2,258.3,44.6,-1.3,,,,
39.539,4,Atta_4,1915.4,1248.4,353.1,26.6,0.8,,,,
39.539,5,Atta_5,1159.9,2469.7,330.1,126.3,-6.2,,,,
39.539,6,Atta_6,681.0,2556.9,53.1,-31.8,-2.8,,,,
39.539,7,Atta_7,334.0,2047.8,103.0,-81.3,-2.7,,,,
39.539,8,Atta_8,512.6,2285.7,194.5,-48.6,-5.9,,,,
39.539,9,Atta_9,171.5,1993.2,327.2,-91.9,-4.5,,,,
39.539,10,Atta_10,1341.2,1519.0,347.7,-43.1,0.7,,,,
39.608,1,Atta_1,1408.0,2547.0,342.9,-57.0,-3.7,,,,
39.608,2,Atta_2,132.6,1190.4,149.7,-47.4,-0.5,,,,
39.608,3,Atta_3,195.8,1733.5,255.4,83.4,-2.9,,,,
39.608,4,Atta_4,1905.0,1274.5,351.1,-28.1,-2.0,,,,
39.608,5,Atta_5,1114.7,2543.8,326.3,-86.8,-3.8,,,,
39.608,6,Atta_6,629.3,2555.0,49.4,-51.7,-3.7,,,,
39.608,7,Atta_7,348.7,2033.3,101.3,-20.6,-1.7,,,,
39.608,8,Atta_8,448.2,2226.4,193.4,87.5,-1.1,,,,
39.608,9,Atta_9,198.2,2088.4,329.8,-98.9,2.6,,,,
39.608,10,Atta_10,1351.8,1454.3,344.3,65.6,-3.4,,,,
39.674,1,Atta_1,1388.3,2576.0,340.2,-35.1,-2.7,,,,
39.674,2,Atta_2,125.8,1153.8,148.2,-37.2,-1.5,,,,
39.674,3,Atta_3,163.2,1774.5,260.4,-52.4,5.0,,,,
39.674,4,Atta_4,1943.4,1223.8,352.8,63.6,1.7,,,,
39.674,5,Atta_5,1112.4,2549.0,325.7,-5.7,-0.6,,,,
39.674,6,Atta_6,695.3,2574.2,42.1,68.7,-7.3,,,,
39.674,7,Atta_7,327.2,2064.5,103.5,37.9,2.2,,,,
39.674,8,Atta_8,432.1,2250.9,197.8,29.3,4.4,,,,
39.674,9,Atta_9,222.9,2056.9,329.0,40.0,-0.8,,,,
39.674,10,Atta_10,1371.0,1465.3,345.4,22.1,1.1,,,,
39.741,1,Atta_1,1368.0,2523.1,334.6,-56.7,-5.6,,,,
39.741,2,Atta_2,153.5,1168.8,152.6,-31.5,4.4,,,,
39.741,3,Atta_3,146.8,1740.3,258.1,37.9,-2.3,,,,
39.741,4,Atta_4,1903.8,1286.0,354.4,-73.7,1.6,,,,
39.741,5,Atta_5,1057.0,2514.5,328.5,-65.3,2.8,,,,
39.741,6,Atta_6,682.1,2551.6,39.3,-26.2,-2.8,,,,
39.741,7,Atta_7,356.3,2105.5,102.8,50.3,-0.7,,,,
39.741,8,Atta_8,480.0,2255.5,196.1,-48.1,-1.7,,,,
39.741,9,Atta_9,165.3,2015.1,327.3,-71.2,-1.7,,,,
39.741,10,Atta_10,1406.7,1499.9,344.1,49.7,-1.3,,,,
39.806,1,Atta_1,1370.5,2511.9,333.5,11.5,-1.1,,,,
39.806,2,Atta_2,112.3,1226.9,154.8,71.2,2.2,,,,
39.806,3,Atta_3,120.4,1715.2,259.1,36.4,1.0,,,,
39.806,4,Atta_4,1888.6,1307.3,352.0,-26.2,-2.4,,,,
39.806,5,Atta_5,1086.1,2530.9,326.2,33.4,-2.3,,,,
39.806,6,Atta_6,674.7,2559.5,31.2,-10.8,-8.1,,,,
39.806,7,Atta_7,376.9,2015.0,97.8,-92.8,-5.0,,,,
39.806,8,Atta_8,477.8,2268.4,195.2,-13.1,-0.9,,,,
39.806,9,Atta_9,221.7,1992.8,331.0,60.6,3.7,,,,
39.806,10,Atta_10,1357.9,1477.9,341.4,-53.5,-2.7,,,,
39.875,1,Atta_1,1365.0,2526.4,325.6,-15.5,-7.9,,,,
39.875,2,Atta_2,69.7,1168.2,149.4,72.5,-5.4,,,,
39.875,3,Atta_3,192.8,1686.1,258.3,78.0,-0.8,,,,
39.875,4,Atta_4,1924.2,1233.3,351.3,82.1,-0.7,,,,
39.875,5,Atta_5,1045.3,2574.3,325.1,-59.6,-1.1,,,,
39.875,6,Atta_6,645.7,2562.2,22.6,-29.1,-8.6,,,,
39.875,7,Atta_7,347.8,2092.7,99.4,83.0,1.6,,,,
39.875,8,Atta_8,440.5,2283.7,191.5,40.3,-3.7,,,,
39.875,9,Atta_9,211.7,2022.7,327.2,-31.5,-3.8,,,,
39.875,10,Atta_10,1412.8,1433.4,341.6,70.7,0.2,,,,
39.942,1,Atta_1,1329.5,2500.2,320.9,-44.1,-4.7,,,,
39.942,2,Atta_2,144.4,1173.3,146.9,-74.9,-2.5,,,,
39.942,3,Atta_3,172.1,1658.5,258.6,34.5,0.3,,,,
39.942,4,Atta_4,1909.2,1306.3,359.3,-74.5,8.0,,,,
39.942,5,Atta_5,1067.4,2489.9,327.8,87.2,2.7,,,,
39.942,6,Atta_6,692.1,2618.9,25.7,73.3,3.1,,,,
39.942,7,Atta_7,410.6,2003.7,98.9,-108.9,-0.5,,,,
39.942,8,Atta_8,433.0,2301.8,193.2,19.6,1.7,,,,
39.942,9,Atta_9,116.6,2073.7,329.1,-107.9,1.9,,,,
39.942,10,Atta_10,1406.1,1521.0,339.5,-87.9,-2.1,,,,
40.009,1,Atta_1,1370.9,2606.7,317.6,-114.3,-3.3,,,,
40.009,2,Atta_2,110.5,1105.5,147.2,-75.8,0.3,,,,
40.009,3,Atta_3,143.4,1664.3,257.9,-29.3,-0.7,,,,
40.009,4,Atta_4,1881.0,1270.6,359.5,-45.5,0.2,,,,
40.009,5,Atta_5,1093.2,2527.5,325.7,45.6,-2.1,,,,
40.009,6,Atta_6,651.5,2534.2,19.9,-93.9,-5.8,,,,
40.009,7,Atta_7,341.5,2116.4,99.7,132.2,0.8,,,,
40.009,8,Atta_8,461.7,2278.8,194.7,-36.8,1.5,,,,
40.009,9,Atta_9,152.5,2073.6,328.2,35.9,-0.9,,,,
40.009,10,Atta_10,1343.2,1482.4,339.0,-73.8,-0.5,,,,
40.071,1,Atta_1,1384.5,2544.4,310.4,63.8,-7.2,,,,
40.071,2,Atta_2,96.7,1181.5,148.1,77.2,0.9,,,,
40.071,3,Atta_3,132.2,1662.7,257.7,11.3,-0.2,,,,
40.071,4,Atta_4,1894.8,1248.3,9.6,26.2,10.1,,,,
40.071,5,Atta_5,1140.3,2512.2,328.5,49.5,2.8,,,,
40.071,6,Atta_6,692.2,2577.4,12.3,59.4,-7.6,,,,
40.071,7,Atta_7,371.7,2128.3,100.5,32.5,0.8,,,,
40.071,8,Atta_8,402.5,2282.1,190.3,59.3,-4.4,,,,
40.071,9,Atta_9,119.9,2128.5,330.2,-63.8,2.0,,,,
40.071,10,Atta_10,1317.0,1440.5,344.2,-49.4,5.2,,,,
40.188,1,Atta_1,1363.6,2557.1,306.9,-24.5,-3.5,,,,
40.188,2,Atta_2,128.5,1133.8,143.6,-57.3,-4.5,,,,
40.188,3,Atta_3,102.9,1717.5,257.3,-62.1,-0.4,,,,
40.188,4,Atta_4,1944.1,1251.5,10.6,49.4,1.0,,,,
40.188,5,Atta_5,1131.8,2489.8,325.5,24.0,-3.0,,,,
40.188,6,Atta_6,683.1,2544.6,10.9,-34.0,-1.4,,,,
40.188,7,Atta_7,351.8,2105.7,102.7,-30.1,2.2,,,,
40.188,8,Atta_8,422.0,2232.7,193.2,-53.1,2.9,,,,
40.188,9,Atta_9,151.8,2076.5,329.7,61.0,-0.5,,,,
40.188,10,Atta_10,1311.7,1526.5,342.3,-86.2,-1.9,,,,
40.256,1,Atta_1,1329.1,2561.5,301.8,-34.8,-5.1,,,,
40.256,2,Atta_2,163.0,1169.5,144.7,-49.6,1.1,,,,
40.256,3,Atta_3,124.7,1699.1,254.7,28.5,-2.6,,,,
40.256,4,Atta_4,1843.4,1273.7,18.6,-103.1,8.0,,,,
40.256,5,Atta_5,1117.3,2468.3,327.2,25.9,1.7,,,,
40.256,6,Atta_6,703.1,2518.3,7.6,33.0,-3.3,,,,
40.256,7,Atta_7,390.8,2062.2,99.9,-58.4,-2.8,,,,
40.256,8,Atta_8,410.3,2235.5,196.2,12.0,3.0,,,,
40.256,9,Atta_9,111.7,2083.8,330.5,-40.8,0.8,,,,
40.256,10,Atta_10,1355.9,1480.4,344.7,63.9,2.4,,,,
40.307,1,Atta_1,1388.9,2548.6,299.9,61.2,-1.9,,,,
40.307,2,Atta_2,204.7,1108.6,148.7,-73.8,4.0,,,,
40.307,3,Atta_3,165.4,1612.4,259.8,95.8,5.1,,,,
40.307,4,Atta_4,1891.4,1274.8,19.4,48.0,0.8,,,,
40.307,5,Atta_5,1156.2,2509.0,326.3,56.3,-0.9,,,,
40.307,6,Atta_6,714.2,2548.5,1.8,32.2,-5.8,,,,
40.307,7,Atta_7,283.3,2168.1,100.2,150.9,0.3,,,,
40.307,8,Atta_8,403.0,2282.4,189.6,-47.5,-6.6,,,,
40.307,9,Atta_9,127.9,2119.6,329.6,-39.3,-0.9,,,,
40.307,10,Atta_10,1359.2,1503.5,347.8,-23.3,3.1,,,,
40.373,1,Atta_1,1329.9,2567.5,294.6,-62.0,-5.3,,,,
40.373,2,Atta_2,144.6,1106.2,143.7,60.1,-5.0,,,,
40.373,3,Atta_3,142.8,1687.3,256.1,-78.2,-3.7,,,,
40.373,4,Atta_4,1878.9,1214.5,25.4,-61.6,6.0,,,,
40.373,5,Atta_5,1191.0,2457.4,329.2,62.2,2.9,,,,
40.373,6,Atta_6,668.0,2589.8,1.1,-62.0,-0.7,,,,
40.373,7,Atta_7,404.6,2130.8,103.9,-126.9,3.7,,,,
40.373,8,Atta_8,392.8,2196.2,190.2,86.8,0.6,,,,
40.373,9,Atta_9,143.5,2153.0,329.1,-36.9,-0.5,,,,
40.373,10,Atta_10,1299.0,1537.5,352.5,-69.1,4.7,,,,
40.442,1,Atta_1,1372.7,2553.8,287.0,44.9,-7.6,,,,
40.442,2,Atta_2,198.1,1082.8,140.6,-58.4,-3.1,,,,
40.442,3,Atta_3,141.4,1615.5,258.2,71.8,2.1,,,,
40.442,4,Atta_4,1834.9,1234.8,26.4,-48.5,1.0,,,,
40.442,5,Atta_5,1142.9,2490.2,326.9,-58.2,-2.3,,,,
40.442,6,Atta_6,707.3,2574.2,356.2,42.3,-4.9,,,,
40.442,7,Atta_7,354.1,2081.0,100.1,-70.9,-3.8,,,,
40.442,8,Atta_8,376.8,2223.0,194.7,31.2,4.5,,,,
40.442,9,Atta_9,124.8,2095.9,324.3,60.1,-4.8,,,,
40.442,10,Atta_10,1283.6,1526.2,354.0,-19.1,1.5,,,,
40.492,1,Atta_1,1381.0,2530.2,287.4,25.0,0.4,,,,
40.492,2,Atta_2,217.2,1102.3,137.5,-27.3,-3.1,,,,
40.492,3,Atta_3,122.0,1629.2,260.2,-23.7,2.0,,,,
40.492,4,Atta_4,1889.6,1193.1,33.1,68.8,6.7,,,,
40.492,5,Atta_5,1206.0,2467.3,328.6,67.1,1.7,,,,
40.492,6,Atta_6,647.6,2609.1,359.6,-69.2,3.4,,,,
40.492,7,Atta_7,346.0,2088.1,100.6,10.8,0.5,,,,
40.492,8,Atta_8,407.3,2248.6,192.6,-39.8,-2.1,,,,
40.492,9,Atta_9,127.7,2108.4,322.7,-12.8,-1.6,,,,
40.492,10,Atta_10,1329.3,1508.0,0.2,49.2,6.2,,,,
40.562,1,Atta_1,1413.8,2550.1,290.2,-38.4,2.8,,,,
40.562,2,Atta_2,150.1,1172.6,132.9,97.2,-4.6,,,,
40.562,3,Atta_3,174.2,1634.9,256.2,-52.5,-4.0,,,,
40.562,4,Atta_4,1862.4,1231.3,34.5,-46.9,1.4,,,,
40.562,5,Atta_5,1232.3,2468.8,322.5,26.3,-6.1,,,,
40.562,6,Atta_6,695.4,2544.9,0.6,80.0,1.0,,,,
40.562,7,Atta_7,351.0,2008.4,103.3,-79.9,2.7,,,,
40.562,8,Atta_8,403.3,2284.5,196.0,-36.1,3.4,,,,
40.562,9,Atta_9,87.7,2083.8,318.7,-47.0,-4.0,,,,
40.562,10,Atta_10,1297.3,1506.4,5.8,-32.0,5.6,,,,
40.631,1,Atta_1,1415.6,2562.9,287.0,-12.9,-3.2,,,,
40.631,2,Atta_2,131.0,1154.0,121.9,-26.7,-11.0,,,,
40.631,3,Atta_3,164.0,1575.6,260.2,60.2,4.0,,,,
40.631,4,Atta_4,1830.9,1231.4,44.0,-31.5,9.5,,,,
40.631,5,Atta_5,1188.6,2474.9,327.5,-44.1,5.0,,,,
40.631,6,Atta_6,686.6,2519.5,359.3,-26.9,-1.3,,,,
40.631,7,Atta_7,374.9,2107.1,97.4,101.6,-5.9,,,,
40.631,8,Atta_8,337.8,2254.2,194.8,72.2,-1.2,,,,
40.631,9,Atta_9,100.3,2085.6,311.7,12.7,-7.0,,,,
40.631,10,Atta_10,1350.9,1531.9,10.0,59.4,4.2,,,,
40.757,1,Atta_1,1378.1,2597.1,288.5,-50.8,1.5,,,,
40.757,2,Atta_2,161.3,1156.3,122.7,-30.4,0.8,,,,
40.757,3,Atta_3,135.9,1593.3,259.1,-33.2,-1.1,,,,
40.757,4,Atta_4,1876.8,1254.7,44.1,51.5,0.1,,,,
40.757,5,Atta_5,1204.3,2439.1,326.5,39.1,-1.0,,,,
40.757,6,Atta_6,683.5,2525.6,359.8,-6.8,0.5,,,,
40.757,7,Atta_7,406.1,2100.8,105.2,-31.8,7.8,,,,
40.757,8,Atta_8,330.3,2204.0,193.9,50.8,-0.9,,,,
40.757,9,Atta_9,107.0,2134.0,307.8,-48.9,-3.9,,,,
40.757,10,Atta_10,1329.5,1552.0,12.0,-29.4,2.0,,,,
40.809,1,Atta_1,1438.7,2531.8,286.6,89.1,-1.9,,,,
40.809,2,Atta_2,148.4,1088.7,117.9,-68.8,-4.8,,,,
40.809,3,Atta_3,105.4,1605.2,261.1,-32.7,2.0,,,,
40.809,4,Atta_4,1864.2,1226.2,50.1,-31.2,6.0,,,,
40.809,5,Atta_5,1228.4,2508.6,327.0,-73.6,0.5,,,,
40.809,6,Atta_6,646.8,2519.7,360.0,-37.2,0.2,,,,
40.809,7,Atta_7,337.8,2047.3,102.3,-86.8,-2.9,,,,
40.809,8,Atta_8,351.2,2218.9,189.5,-25.7,-4.4,,,,
40.809,9,Atta_9,64.3,2109.1,303.6,-49.4,-4.2,,,,
40.809,10,Atta_10,1291.7,1501.7,16.7,-62.9,4.7,,,,
40.878,1,Atta_1,1399.1,2562.5,285.1,-50.1,-1.5,,,,
40.878,2,Atta_2,163.8,1136.5,110.8,50.2,-7.1,,,,
40.878,3,Atta_3,102.2,1575.2,262.9,30.2,1.8,,,,
40.878,4,Atta_4,1861.5,1231.0,54.4,5.5,4.3,,,,
40.878,5,Atta_5,1228.2,2441.0,324.6,67.6,-2.4,,,,
40.878,6,Atta_6,666.0,2552.7,358.9,38.2,-1.1,,,,
40.878,7,Atta_7,349.8,2027.3,103.7,-23.3,1.4,,,,
40.878,8,Atta_8,304.2,2251.5,193.9,57.2,4.4,,,,
40.878,9,Atta_9,107.5,2134.3,302.7,50.0,-0.9,,,,
40.878,10,Atta_10,1311.9,1503.0,21.8,20.2,5.1,,,,
40.948,1,Atta_1,1392.3,2571.1,287.2,-11.0,2.1,,,,
40.948,2,Atta_2,150.7,1144.3,108.1,15.2,-2.7,,,,
40.948,3,Atta_3,92.2,1593.1,260.8,-20.5,-2.1,,,,
40.948,4,Atta_4,1856.4,1257.3,50.5,26.8,-3.9,,,,
40.948,5,Atta_5,1215.6,2432.5,326.2,-15.2,1.6,,,,
40.948,6,Atta_6,709.2,2550.0,0.4,43.3,1.5,,,,
40.948,7,Atta_7,337.8,2064.8,112.4,39.4,8.7,,,,
40.948,8,Atta_8,376.9,2247.1,193.1,-72.8,-0.8,,,,
40.948,9,Atta_9,129.3,2053.9,293.4,83.3,-9.3,,,,
40.948,10,Atta_10,1302.6,1489.9,27.5,-16.1,5.7,,,,
41.0,1,Atta_1,1378.4,2508.8,287.3,63.8,0.1,,,,
41.0,2,Atta_2,213.0,1118.8,103.3,-67.3,-4.8,,,,
41.0,3,Atta_3,98.0,1539.0,260.1,54.4,-0.7,,,,
41.0,4,Atta_4,1882.2,1277.2,49.5,32.6,-1.0,,,,
41.0,5,Atta_5,1279.8,2451.7,330.2,67.0,4.0,,,,
41.0,6,Atta_6,750.5,2568.3,1.4,45.2,1.0,,,,
41.0,7,Atta_7,408.5,2017.8,111.3,-84.9,-1.1,,,,
41.0,8,Atta_8,296.8,2237.0,192.1,80.7,-1.0,,,,
41.0,9,Atta_9,56.2,2083.4,290.3,-78.8,-3.1,,,,
41.0,10,Atta_10,1289.1,1517.2,35.2,30.5,7.7,,,,
41.07,1,Atta_1,1395.3,2495.1,291.5,21.8,4.2,,,,
41.07,2,Atta_2,151.8,1107.6,100.2,62.2,-3.1,,,,
41.07,3,Atta_3,145.0,1555.2,260.3,-49.7,0.2,,,,
41.07,4,Atta_4,1871.2,1262.3,53.0,-18.5,3.5,,,,
41.07,5,Atta_5,1227.7,2459.4,327.3,-52.7,-2.9,,,,
41.07,6,Atta_6,771.0,2583.2,354.2,25.3,-7.2,,,,
41.07,7,Atta_7,354.5,2101.0,117.4,99.2,6.1,,,,
41.07,8,Atta_8,322.8,2203.0,194.4,-42.8,2.3,,,,
41.07,9,Atta_9,110.2,2099.4,289.0,56.3,-1.3,,,,
41.07,10,Atta_10,1341.1,1601.7,36.6,99.2,1.4,,,,
41.139,1,Atta_1,1418.8,2480.0,291.1,27.9,-0.4,,,,
41.139,2,Atta_2,181.9,1151.6,96.8,53.3,-3.4,,,,
41.139,3,Atta_3,115.2,1516.1,257.6,49.2,-2.7,,,,
41.139,4,Atta_4,1884.6,1296.0,49.4,36.3,-3.6,,,,
41.139,5,Atta_5,1213.5,2421.8,329.6,40.2,2.3,,,,
41.139,6,Atta_6,739.3,2549.3,357.7,-46.4,3.5,,,,
41.139,7,Atta_7,338.3,2051.3,120.6,-52.3,3.2,,,,
41.139,8,Atta_8,264.2,2294.1,193.5,108.3,-0.9,,,,
41.139,9,Atta_9,131.4,2123.5,279.7,-32.1,-9.3,,,,
41.139,10,Atta_10,1327.1,1554.9,36.8,-48.8,0.2,,,,
41.207,1,Atta_1,1435.1,2481.2,289.0,16.3,-2.1,,,,
41.207,2,Atta_2,194.5,1141.0,92.6,-16.5,-4.2,,,,
41.207,3,Atta_3,122.8,1530.9,256.7,-16.6,-0.9,,,,
41.207,4,Atta_4,1869.3,1230.0,47.1,-67.8,-2.3,,,,
41.207,5,Atta_5,1289.0,2450.1,329.3,80.6,-0.3,,,,
41.207,6,Atta_6,766.0,2537.5,1.5,29.2,3.8,,,,
41.207,7,Atta_7,410.8,2005.7,122.1,-85.6,1.5,,,,
41.207,8,Atta_8,245.6,2178.0,191.3,117.6,-2.2,,,,
41.207,9,Atta_9,85.6,2070.9,278.5,69.7,-1.2,,,,
41.207,10,Atta_10,1297.1,1471.2,38.7,-88.9,1.9,,,,
41.261,1,Atta_1,1392.5,2467.0,290.1,-44.9,1.1,,,,
41.261,2,Atta_2,189.1,1126.6,92.1,-15.4,-0.5,,,,
41.261,3,Atta_3,134.9,1479.0,260.6,53.3,3.9,,,,
41.261,4,Atta_4,1903.1,1243.3,47.6,36.3,0.5,,,,
41.261,5,Atta_5,1299.9,2396.9,326.1,54.3,-3.2,,,,
41.261,6,Atta_6,755.8,2546.3,357.4,-13.5,-4.1,,,,
41.261,7,Atta_7,349.8,2052.5,130.4,76.9,8.3,,,,
41.261,8,Atta_8,251.3,2200.5,192.8,-23.2,1.5,,,,
41.261,9,Atta_9,107.4,2135.9,272.7,-68.6,-5.8,,,,
41.261,10,Atta_10,1316.1,1499.4,43.4,34.0,4.7,,,,
41.326,1,Atta_1,1409.8,2503.8,287.1,-40.7,-3.0,,,,
41.326,2,Atta_2,150.9,1116.2,93.1,-39.6,1.0,,,,
41.326,3,Atta_3,151.3,1462.9,256.2,23.0,-4.4,,,,
41.326,4,Atta_4,1871.7,1315.9,51.4,79.1,3.8,,,,
41.326,5,Atta_5,1304.6,2352.6,329.9,44.5,3.8,,,,
41.326,6,Atta_6,706.8,2522.1,359.7,-54.7,2.3,,,,
41.326,7,Atta_7,344.9,2062.9,134.6,11.5,4.2,,,,
41.326,8,Atta_8,239.4,2232.8,191.1,34.4,-1.7,,,,
41.326,9,Atta_9,143.0,2133.5,264.7,35.7,-8.0,,,,
41.326,10,Atta_10,1313.4,1496.4,37.8,-4.0,-5.6,,,,
41.392,1,Atta_1,1451.7,2476.7,288.5,49.9,1.4,,,,
41.392,2,Atta_2,161.4,1092.6,90.4,-25.8,-2.7,,,,
41.392,3,Atta_3,77.7,1462.3,257.7,73.6,1.5,,,,
41.392,4,Atta_4,1942.1,1306.2,51.5,71.1,0.1,,,,
41.392,5,Atta_5,1333.4,2416.9,330.8,-70.5,0.9,,,,
41.392,6,Atta_6,782.4,2569.3,357.8,89.1,-1.9,,,,
41.392,7,Atta_7,339.6,2066.9,143.8,6.6,9.2,,,,
41.392,8,Atta_8,262.0,2241.3,190.2,-24.1,-0.9,,,,
41.392,9,Atta_9,58.4,2089.7,261.7,95.3,-3.0,,,,
41.392,10,Atta_10,1321.1,1559.8,38.7,63.9,0.9,,,,
41.462,1,Atta_1,1410.0,2419.9,291.7,70.5,3.2,,,,
41.462,2,Atta_2,146.2,1058.5,88.8,-37.3,-1.6,,,,
41.462,3,Atta_3,46.6,1437.6,253.5,39.7,-4.2,,,,
41.462,4,Atta_4,1911.5,1279.2,49.8,-40.8,-1.7,,,,
41.462,5,Atta_5,1292.2,2377.6,327.9,-56.9,-2.9,,,,
41.462,6,Atta_6,818.1,2583.7,1.4,38.5,3.6,,,,
41.462,7,Atta_7,317.0,2060.5,143.0,23.5,-0.8,,,,
41.462,8,Atta_8,205.2,2239.6,193.8,56.8,3.6,,,,
41.462,9,Atta_9,119.4,2100.0,265.8,-61.9,4.1,,,,
41.462,10,Atta_10,1335.7,1570.7,38.3,18.2,-0.4,,,,
41.529,1,Atta_1,1328.9,2424.2,287.9,-81.2,-3.8,,,,
41.529,2,Atta_2,199.4,1127.0,89.8,86.7,1.0,,,,
41.529,3,Atta_3,158.7,1473.2,259.1,-117.6,5.6,,,,
41.529,4,Atta_4,1838.1,1326.3,48.2,-87.2,-1.6,,,,
41.529,5,Atta_5,1340.2,2390.6,326.8,49.7,-1.1,,,,
41.529,6,Atta_6,798.5,2518.8,359.8,-67.8,-1.6,,,,
41.529,7,Atta_7,442.3,2088.2,151.0,-128.3,8.0,,,,
41.529,8,Atta_8,153.8,2199.2,194.8,65.4,1.0,,,,
41.529,9,Atta_9,96.9,2049.5,255.9,55.3,-9.9,,,,
41.529,10,Atta_10,1298.0,1543.5,38.9,-46.5,0.6,,,,
41.595,1,Atta_1,1411.6,2450.0,281.8,86.6,-6.1,,,,
41.595,2,Atta_2,176.7,1170.5,89.6,49.1,-0.2,,,,
41.595,3,Atta_3,43.0,1421.4,262.0,126.8,2.9,,,,
41.595,4,Atta_4,1972.6,1294.9,48.4,138.1,0.2,,,,
41.595,5,Atta_5,1311.9,2395.7,331.5,-28.8,4.7,,,,
41.595,6,Atta_6,770.8,2527.9,1.4,-29.2,1.6,,,,
41.595,7,Atta_7,425.8,2028.3,151.1,-62.1,0.1,,,,
41.595,8,Atta_8,201.9,2221.9,192.6,-53.2,-2.2,,,,
41.595,9,Atta_9,39.9,2083.8,249.6,-66.5,-6.3,,,,
41.595,10,Atta_10,1309.2,1518.2,36.0,-27.7,-2.9,,,,
41.662,1,Atta_1,1426.8,2377.1,276.5,74.5,-5.3,,,,
41.662,2,Atta_2,151.2,1143.1,91.4,-37.4,1.8,,,,
41.662,3,Atta_3,133.4,1484.8,261.9,-110.4,-0.1,,,,
41.662,4,Atta_4,1971.9,1304.5,51.6,9.6,3.2,,,,
41.662,5,Atta_5,1330.7,2320.8,340.1,77.2,8.6,,,,
41.662,6,Atta_6,829.9,2591.8,357.6,87.0,-3.8,,,,
41.662,7,Atta_7,415.5,2064.0,158.2,37.2,7.1,,,,
41.662,8,Atta_8,205.3,2234.1,192.4,-12.7,-0.2,,,,
41.662,9,Atta_9,119.2,2126.6,244.8,-90.1,-4.8,,,,
41.662,10,Atta_10,1365.2,1554.5,33.4,66.7,-2.6,,,,
41.716,1,Atta_1,1450.8,2410.9,276.1,-41.5,-0.4,,,,
41.716,2,Atta_2,241.9,1184.0,92.0,99.5,0.6,,,,
41.716,3,Atta_3,98.6,1355.9,255.5,133.5,-6.4,,,,
41.716,4,Atta_4,1985.9,1355.5,47.4,52.9,-4.2,,,,
41.716,5,Atta_5,1320.8,2366.6,342.7,-46.9,2.6,,,,
41.716,6,Atta_6,854.5,2538.7,359.8,58.5,2.2,,,,
41.716,7,Atta_7,450.8,2027.9,159.6,-50.5,1.4,,,,
41.716,8,Atta_8,223.1,2258.5,199.5,-30.2,7.1,,,,
41.716,9,Atta_9,117.9,2137.0,242.8,-10.5,-2.0,,,,
41.716,10,Atta_10,1375.1,1534.9,37.4,-22.0,4.0,,,,
41.786,1,Atta_1,1421.9,2444.0,277.4,-43.9,1.3,,,,
41.786,2,Atta_2,172.6,1158.5,93.1,-73.8,1.1,,,,
41.786,3,Atta_3,104.0,1372.1,255.6,-17.1,0.1,,,,
41.786,4,Atta_4,1936.9,1393.6,48.1,-62.1,0.7,,,,
41.786,5,Atta_5,1308.2,2380.7,338.9,-18.9,-3.8,,,,
41.786,6,Atta_6,866.0,2573.0,359.9,36.2,0.1,,,,
41.786,7,Atta_7,404.6,1994.8,155.1,56.8,-4.5,,,,
41.786,8,Atta_8,212.0,2213.9,195.2,46.0,-4.3,,,,
41.786,9,Atta_9,122.7,2150.5,235.2,-14.3,-7.6,,,,
41.786,10,Atta_10,1401.0,1569.5,39.5,43.2,2.1,,,,
41.854,1,Atta_1,1405.6,2332.9,274.9,112.3,-2.5,,,,
41.854,2,Atta_2,186.9,1204.1,90.1,47.8,-3.0,,,,
41.854,3,Atta_3,102.0,1353.6,259.8,18.6,4.2,,,,
41.854,4,Atta_4,2004.5,1370.5,51.8,71.4,3.7,,,,
41.854,5,Atta_5,1357.7,2446.7,338.7,82.5,-0.2,,,,
41.854,6,Atta_6,847.9,2580.3,359.4,-19.5,-0.5,,,,
41.854,7,Atta_7,368.9,2056.4,160.0,71.2,4.9,,,,
41.854,8,Atta_8,260.4,2199.8,194.9,-50.4,-0.3,,,,
41.854,9,Atta_9,95.5,2044.8,238.5,109.1,3.3,,,,
41.854,10,Atta_10,1377.0,1559.8,36.4,-25.9,-3.1,,,,
41.92,1,Atta_1,1412.2,2375.8,272.5,-43.4,-2.4,,,,
41.92,2,Atta_2,174.9,1145.3,87.0,-60.0,-3.1,,,,
41.92,3,Atta_3,74.6,1406.6,259.5,-59.7,-0.3,,,,
41.92,4,Atta_4,1958.9,1351.6,60.3,-49.4,8.5,,,,
41.92,5,Atta_5,1295.7,2338.4,338.7,-124.8,0.0,,,,
41.92,6,Atta_6,903.2,2589.7,358.3,56.1,-1.1,,,,
41.92,7,Atta_7,406.2,2106.6,151.6,-62.5,-8.4,,,,
41.92,8,Atta_8,209.9,2193.6,200.7,50.9,5.8,,,,
41.92,9,Atta_9,110.4,2043.9,235.2,-14.9,-3.3,,,,
41.92,10,Atta_10,1407.8,1599.1,39.8,49.9,3.4,,,,
41.987,1,Atta_1,1422.3,2388.8,277.4,-16.5,4.9,,,,
41.987,2,Atta_2,161.7,1169.3,91.2,27.4,4.2,,,,
41.987,3,Atta_3,75.2,1366.0,259.4,40.6,-0.1,,,,
41.987,4,Atta_4,1951.1,1347.1,62.0,-9.0,1.7,,,,
41.987,5,Atta_5,1238.3,2390.1,338.7,-77.3,0.0,,,,
41.987,6,Atta_6,877.8,2565.3,358.7,-35.2,0.4,,,,
41.987,7,Atta_7,361.7,2027.2,156.7,91.0,5.1,,,,
41.987,8,Atta_8,302.9,2174.5,192.8,-94.9,-7.9,,,,
41.987,9,Atta_9,71.9,2150.7,235.2,-113.5,0.0,,,,
41.987,10,Atta_10,1448.3,1528.5,39.5,-81.4,-0.3,,,,
42.117,1,Atta_1,1424.7,2371.4,278.4,17.6,1.0,,,,
42.117,2,Atta_2,173.0,1208.4,90.5,40.7,-0.7,,,,
42.117,3,Atta_3,70.3,1362.5,261.3,6.0,1.9,,,,
42.117,4,Atta_4,1956.6,1366.1,69.1,19.8,7.1,,,,
42.117,5,Atta_5,1319.5,2406.7,339.9,82.9,1.2,,,,
42.117,6,Atta_6,892.3,2552.9,359.7,19.1,1.0,,,,
42.117,7,Atta_7,401.2,2035.2,161.3,-40.3,4.6,,,,
42.117,8,Atta_8,283.7,2227.7,194.6,56.6,1.8,,,,
42.117,9,Atta_9,157.6,2130.5,237.3,-88.0,2.1,,,,
42.117,10,Atta_10,1410.8,1571.5,40.2,-57.1,0.7,,,,
42.172,1,Atta_1,1457.0,2368.6,277.4,32.4,-1.0,,,,
42.172,2,Atta_2,160.6,1201.2,94.4,-14.3,3.9,,,,
42.172,3,Atta_3,65.4,1359.9,257.1,5.5,-4.2,,,,
42.172,4,Atta_4,1994.1,1308.4,73.3,-68.8,4.2,,,,
42.172,5,Atta_5,1266.2,2419.7,339.2,-54.9,-0.7,,,,
42.172,6,Atta_6,913.6,2579.5,357.8,34.1,-1.9,,,,
42.172,7,Atta_7,384.8,2110.4,157.8,77.0,-3.5,,,,
42.172,9,Atta_9,86.8,2074.3,236.5,90.4,-0.8,,,,
42.172,10,Atta_10,1400.3,1592.2,36.0,23.2,-4.2,,,,
42.24,1,Atta_1,1480.6,2293.4,278.0,78.8,0.6,,,,
42.24,2,Atta_2,164.8,1202.6,92.8,4.4,-1.6,,,,
42.24,3,Atta_3,76.3,1369.2,257.3,-14.3,0.2,,,,
42.24,4,Atta_4,1929.6,1324.2,77.4,-66.4,4.1,,,,
42.24,5,Atta_5,1275.7,2353.5,336.7,66.9,-2.5,,,,
42.24,6,Atta_6,910.1,2595.7,356.0,-16.6,-1.8,,,,
42.24,7,Atta_7,324.5,2055.6,158.5,81.5,0.7,,,,
42.24,8,Atta_8,268.2,2230.0,187.0,15.7,-7.6,,,,
42.24,9,Atta_9,58.0,2094.8,237.0,-35.4,0.5,,,,
42.24,10,Atta_10,1418.7,1607.4,32.7,23.9,-3.3,,,,
42.293,1,Atta_1,1454.4,2327.3,274.3,-42.8,-3.7,,,,
42.293,2,Atta_2,172.9,1225.3,85.8,24.1,-7.0,,,,
42.293,3,Atta_3,49.2,1331.5,257.6,46.4,0.3,,,,
42.293,4,Atta_4,1970.6,1327.0,77.0,41.1,-0.4,,,,
42.293,5,Atta_5,1209.6,2431.0,331.7,-101.9,-5.0,,,,
42.293,6,Atta_6,960.3,2545.8,355.8,70.8,-0.2,,,,
42.293,7,Atta_7,318.6,2046.5,160.6,10.8,2.1,,,,
42.293,8,Atta_8,269.1,2253.9,181.7,-23.9,-5.3,,,,
42.293,9,Atta_9,97.1,2034.2,239.4,72.1,2.4,,,,
42.293,10,Atta_10,1433.0,1612.9,28.6,15.3,-4.1,,,,
42.365,1,Atta_1,1447.7,2364.8,278.8,-38.1,4.5,,,,
42.365,2,Atta_2,161.1,1214.7,88.1,-15.9,2.3,,,,
42.365,3,Atta_3,106.1,1343.5,260.1,-58.2,2.5,,,,
42.365,4,Atta_4,1966.1,1357.8,76.4,31.1,-0.6,,,,
42.365,5,Atta_5,1257.1,2378.0,327.8,71.2,-3.9,,,,
42.365,6,Atta_6,890.4,2554.8,359.7,-70.5,3.9,,,,
42.365,7,Atta_7,267.1,2091.4,155.8,68.3,-4.8,,,,
42.365,8,Atta_8,262.8,2200.8,177.0,53.5,-4.7,,,,
42.365,9,Atta_9,138.5,2037.4,238.0,-41.5,-1.4,,,,
42.365,10,Atta_10,1430.9,1602.8,24.0,-10.3,-4.6,,,,
42.418,1,Atta_1,1445.3,2366.0,282.9,-2.7,4.1,,,,
42.418,2,Atta_2,165.7,1268.4,93.8,53.9,5.7,,,,
42.418,3,Atta_3,147.5,1329.6,258.9,43.7,-1.2,,,,
42.418,4,Atta_4,1949.9,1310.0,78.6,-50.5,2.2,,,,
42.418,5,Atta_5,1255.9,2393.7,322.9,-15.7,-4.9,,,,
42.418,6,Atta_6,975.6,2592.2,358.6,93.0,-1.1,,,,
42.418,7,Atta_7,346.8,2045.0,158.7,-92.2,2.9,,,,
42.418,8,Atta_8,245.7,2255.5,174.0,57.3,-3.0,,,,
42.418,9,Atta_9,101.3,2046.0,231.4,38.2,-6.6,,,,
42.418,10,Atta_10,1421.9,1624.2,22.1,23.2,-1.9,,,,
42.486,1,Atta_1,1416.8,2303.3,288.4,68.9,5.5,,,,
42.486,2,Atta_2,163.2,1204.5,88.2,-63.9,-5.6,,,,
42.486,3,Atta_3,61.4,1296.3,263.2,92.3,4.3,,,,
42.486,4,Atta_4,1910.8,1414.4,72.6,111.5,-6.0,,,,
42.486,5,Atta_5,1223.4,2405.8,318.5,-34.7,-4.4,,,,
42.486,6,Atta_6,986.7,2534.0,358.4,59.2,-0.2,,,,
42.486,7,Atta_7,333.6,2108.9,161.0,65.2,2.3,,,,
42.486,8,Atta_8,254.9,2280.7,171.6,-26.8,-2.4,,,,
42.486,9,Atta_9,82.0,2101.8,236.6,-59.0,5.2,,,,
42.486,10,Atta_10,1428.8,1574.2,12.2,-50.5,-9.9,,,,
42.539,1,Atta_1,1438.9,2351.6,291.7,-53.1,3.3,,,,
42.539,2,Atta_2,204.8,1124.3,91.3,-90.3,3.1,,,,
42.539,3,Atta_3,72.0,1285.4,256.3,15.2,-6.9,,,,
42.539,4,Atta_4,1937.3,1370.5,77.0,-51.3,4.4,,,,
42.539,5,Atta_5,1257.7,2410.8,312.6,34.7,-5.9,,,,
42.539,6,Atta_6,980.0,2511.1,2.1,-23.9,3.7,,,,
42.539,7,Atta_7,287.5,2087.5,156.5,50.8,-4.5,,,,
42.539,8,Atta_8,313.0,2215.4,165.8,-87.4,-5.8,,,,
42.539,9,Atta_9,135.0,2107.4,229.1,-53.3,-7.5,,,,
42.539,10,Atta_10,1400.1,1634.9,9.0,-67.1,-3.2,,,,
42.608,1,Atta_1,1416.9,2304.8,294.4,51.7,2.7,,,,
42.608,2,Atta_2,160.9,1201.5,88.0,88.8,-3.3,,,,
42.608,3,Atta_3,74.7,1249.6,260.0,35.9,3.7,,,,
42.608,4,Atta_4,1992.8,1322.9,76.7,-73.1,-0.3,,,,
42.608,5,Atta_5,1297.1,2410.8,310.3,39.4,-2.3,,,,
42.608,6,Atta_6,1013.6,2601.8,4.3,96.7,2.2,,,,
42.608,7,Atta_7,236.2,2071.4,159.1,53.8,2.6,,,,
42.608,8,Atta_8,253.3,2201.9,161.0,61.2,-4.8,,,,
42.608,9,Atta_9,129.6,2121.9,239.1,-15.5,10.0,,,,
42.608,10,Atta_10,1398.7,1619.2,5.3,-15.8,-3.7,,,,
42.674,1,Atta_1,1404.9,2348.6,301.8,-45.4,7.4,,,,
42.674,2,Atta_2,166.6,1111.5,90.3,-90.2,2.3,,,,
42.674,3,Atta_3,39.8,1256.4,254.2,-35.6,-5.8,,,,
42.674,4,Atta_4,1938.3,1348.8,79.7,60.3,3.0,,,,
42.674,5,Atta_5,1298.7,2404.5,302.9,6.5,-7.4,,,,
42.674,6,Atta_6,1013.7,2561.3,11.1,-40.5,6.8,,,,
42.674,7,Atta_7,294.9,2073.1,160.8,-58.7,1.7,,,,
42.674,8,Atta_8,288.7,2273.3,154.6,-79.7,-6.4,,,,
42.674,9,Atta_9,146.7,2115.9,230.1,-18.1,-9.0,,,,
42.674,10,Atta_10,1376.8,1550.4,358.9,-72.2,-6.4,,,,
42.74,1,Atta_1,1428.9,2287.9,306.9,65.3,5.1,,,,
42.74,2,Atta_2,170.1,1163.2,89.5,51.8,-0.8,,,,
42.74,3,Atta_3,79.1,1323.9,254.3,-78.1,0.1,,,,
42.74,4,Atta_4,1993.7,1317.5,78.4,-63.6,-1.3,,,,
42.74,5,Atta_5,1259.5,2457.4,299.7,-65.8,-3.2,,,,
42.74,6,Atta_6,993.4,2542.9,21.2,-27.4,10.1,,,,
42.74,7,Atta_7,277.0,2086.4,153.7,22.3,-7.1,,,,
42.74,8,Atta_8,290.3,2269.0,153.2,-4.6,-1.4,,,,
42.74,9,Atta_9,78.6,2183.0,233.8,-95.6,3.7,,,,
42.74,10,Atta_10,1433.1,1626.6,354.3,94.7,-4.6,,,,
42.872,1,Atta_1,1468.2,2298.3,313.1,40.7,6.2,,,,
42.872,2,Atta_2,200.7,1127.7,82.1,-46.9,-7.4,,,,
42.872,3,Atta_3,70.2,1310.6,257.8,16.0,3.5,,,,
42.872,4,Atta_4,1987.0,1390.7,76.7,73.5,-1.7,,,,
42.872,5,Atta_5,1310.6,2419.5,295.7,63.6,-4.0,,,,
42.872,6,Atta_6,1001.0,2516.2,20.6,-27.8,-0.6,,,,
42.872,7,Atta_7,310.8,2081.0,150.7,-34.2,-3.0,,,,
42.872,8,Atta_8,263.5,2243.3,145.7,37.1,-7.5,,,,
42.872,9,Atta_9,98.4,2123.6,232.8,62.6,-1.0,,,,
42.872,10,Atta_10,1375.5,1583.1,353.7,-72.2,-0.6,,,,
42.939,1,Atta_1,1397.7,2248.3,315.2,-86.4,2.1,,,,
42.939,2,Atta_2,149.8,1208.6,77.8,95.6,-4.3,,,,
42.939,3,Atta_3,71.1,1240.7,258.9,69.9,1.1,,,,
42.939,4,Atta_4,1968.0,1365.6,75.1,-31.5,-1.6,,,,
42.939,5,Atta_5,1285.9,2366.1,292.9,58.8,-2.8,,,,
42.939,6,Atta_6,975.6,2572.3,30.0,-61.6,9.4,,,,
42.939,7,Atta_7,337.0,2089.8,151.9,-27.6,1.2,,,,
42.939,8,Atta_8,233.1,2233.4,143.5,32.0,-2.2,,,,
42.939,9,Atta_9,176.6,2125.6,240.0,-78.2,7.2,,,,
42.939,10,Atta_10,1401.4,1604.4,353.7,33.5,0.0,,,,
43.006,1,Atta_1,1377.4,2323.6,319.7,-78.0,4.5,,,,
43.006,2,Atta_2,208.6,1200.9,66.3,59.3,-11.5,,,,
43.006,3,Atta_3,105.1,1312.9,255.8,-79.8,-3.1,,,,
43.006,4,Atta_4,2011.2,1441.6,77.2,87.4,2.1,,,,
43.006,5,Atta_5,1308.3,2402.7,279.5,-42.9,-13.4,,,,
43.006,6,Atta_6,955.4,2555.1,36.4,-26.5,6.4,,,,
43.006,7,Atta_7,337.3,2062.7,155.5,-27.1,3.6,,,,
43.006,8,Atta_8,312.6,2258.7,133.2,-83.4,-10.3,,,,
43.006,9,Atta_9,171.0,2172.1,248.2,-46.8,8.2,,,,
43.006,10,Atta_10,1410.9,1606.8,354.9,9.8,1.2,,,,
43.14,1,Atta_1,1419.7,2312.6,317.2,43.7,-2.5,,,,
43.14,2,Atta_2,150.8,1148.2,66.6,-78.2,0.3,,,,
43.14,3,Atta_3,132.9,1368.4,255.6,-62.1,-0.2,,,,
43.14,4,Atta_4,1986.4,1386.3,78.4,-60.6,1.2,,,,
43.14,5,Atta_5,1200.3,2436.7,282.0,-113.2,2.5,,,,
43.14,6,Atta_6,984.3,2571.5,39.5,33.2,3.1,,,,
43.14,7,Atta_7,335.2,2090.3,151.9,27.7,-3.6,,,,
43.14,8,Atta_8,266.7,2280.0,137.1,50.6,3.9,,,,
43.14,9,Atta_9,114.6,2110.0,251.7,83.9,3.5,,,,
43.14,10,Atta_10,1405.2,1565.5,357.4,-41.7,2.5,,,,
43.206,1,Atta_1,1445.6,2292.0,320.4,33.1,3.2,,,,
43.206,2,Atta_2,184.3,1132.2,54.8,-37.1,-11.8,,,,
43.206,3,Atta_3,84.2,1303.9,256.3,80.8,0.7,,,,
43.206,4,Atta_4,1959.8,1418.0,77.0,41.4,-1.4,,,,
43.206,5,Atta_5,1216.9,2393.9,284.3,45.9,2.3,,,,
43.206,6,Atta_6,999.9,2550.3,45.1,-26.3,5.6,,,,
43.206,7,Atta_7,354.7,2055.2,152.9,-40.2,1.0,,,,
43.206,8,Atta_8,315.6,2232.0,138.3,-68.5,1.2,,,,
43.206,9,Atta_9,183.4,2166.8,254.8,-89.2,3.1,,,,
43.206,10,Atta_10,1447.8,1603.6,360.0,57.2,2.6,,,,
43.275,1,Atta_1,1427.9,2317.4,321.6,-31.0,1.2,,,,
43.275,2,Atta_2,161.8,1181.1,54.8,53.8,0.0,,,,
43.275,3,Atta_3,64.1,1406.7,262.6,-104.7,6.3,,,,
43.275,4,Atta_4,1957.6,1485.1,77.0,67.1,0.0,,,,
43.275,5,Atta_5,1242.2,2382.6,282.5,27.7,-1.8,,,,
43.275,6,Atta_6,961.9,2546.4,44.0,-38.2,-1.1,,,,
43.275,7,Atta_7,304.4,2041.7,152.9,52.1,0.0,,,,
43.275,8,Atta_8,306.1,2183.5,140.4,-49.4,2.1,,,,
43.275,9,Atta_9,99.4,2184.1,261.1,85.8,6.3,,,,
43.275,10,Atta_10,1362.6,1601.9,5.2,-85.2,5.2,,,,
43.336,1,Atta_1,1499.9,2352.1,324.4,79.9,2.8,,,,
43.336,2,Atta_2,186.1,1156.1,49.5,-34.9,-5.3,,,,
43.336,3,Atta_3,96.1,1371.0,265.9,47.9,3.3,,,,
43.336,4,Atta_4,2024.6,1475.7,77.9,67.7,0.9,,,,
43.336,5,Atta_5,1269.3,2393.2,284.5,-29.1,2.0,,,,
43.336,6,Atta_6,980.9,2521.7,53.6,-31.2,9.6,,,,
43.336,7,Atta_7,378.2,1972.8,155.3,-101.0,2.4,,,,
43.336,8,Atta_8,266.5,2244.3,137.9,72.6,-2.5,,,,
43.336,9,Atta_9,125.5,2146.6,269.1,45.7,8.0,,,,
43.336,10,Atta_10,1401.6,1561.5,11.4,56.2,6.2,,,,
43.407,1,Atta_1,1444.9,2321.7,317.4,-62.8,-7.0,,,,
43.407,2,Atta_2,191.5,1114.6,46.7,-41.8,-2.8,,,,
43.407,3,Atta_3,85.3,1326.0,274.8,46.3,8.9,,,,
43.407,4,Atta_4,2005.5,1483.0,76.2,20.4,-1.7,,,,
43.407,5,Atta_5,1237.0,2428.5,284.1,-47.8,-0.4,,,,
43.407,6,Atta_6,1010.7,2533.4,60.7,32.0,7.1,,,,
43.407,7,Atta_7,333.5,1980.6,153.4,45.4,-1.9,,,,
43.407,8,Atta_8,274.1,2236.1,142.2,-11.2,4.3,,,,
43.407,9,Atta_9,162.1,2154.5,268.6,-37.4,-0.5,,,,
43.407,10,Atta_10,1442.9,1538.6,12.6,47.2,1.2,,,,
43.476,1,Atta_1,1444.0,2290.1,321.9,31.6,4.5,,,,
43.476,2,Atta_2,184.5,1134.7,41.9,21.3,-4.8,,,,
43.476,3,Atta_3,91.7,1366.2,275.9,-40.7,1.1,,,,
43.476,4,Atta_4,1990.1,1439.9,79.8,-45.8,3.6,,,,
43.476,5,Atta_5,1255.8,2367.6,284.2,63.7,0.1,,,,
43.476,6,Atta_6,997.2,2551.7,61.8,22.7,1.1,,,,
43.476,7,Atta_7,426.8,2043.5,151.6,-112.5,-1.8,,,,
43.476,8,Atta_8,256.4,2234.4,139.6,17.8,-2.6,,,,
43.476,9,Atta_9,128.8,2133.6,274.1,39.3,5.5,,,,
43.476,10,Atta_10,1413.4,1609.5,19.3,-76.8,6.7,,,,
43.545,1,Atta_1,1501.8,2299.6,322.8,58.6,0.9,,,,
43.545,2,Atta_2,190.8,1156.2,34.9,22.4,-7.0,,,,
43.545,3,Atta_3,145.0,1315.7,279.1,73.4,3.2,,,,
43.545,4,Atta_4,1981.2,1473.0,76.1,34.3,-3.7,,,,
43.545,5,Atta_5,1299.8,2346.8,284.5,48.7,0.3,,,,
43.545,6,Atta_6,1005.0,2478.5,66.9,-73.6,5.1,,,,
43.545,7,Atta_7,379.2,2044.7,155.1,47.6,3.5,,,,
43.545,8,Atta_8,242.8,2273.4,140.5,41.3,0.9,,,,
43.545,9,Atta_9,138.8,2121.4,275.9,15.8,1.8,,,,
43.545,10,Atta_10,1427.6,1636.2,23.7,30.2,4.4,,,,
43.597,1,Atta_1,1421.8,2259.6,319.0,-89.4,-3.8,,,,
43.597,2,Atta_2,191.9,1188.9,34.0,32.7,-0.9,,,,
43.597,3,Atta_3,57.5,1361.6,284.7,-98.8,5.6,,,,
43.597,4,Atta_4,2008.6,1510.9,81.4,46.8,5.3,,,,
43.597,5,Atta_5,1283.4,2369.8,286.5,-28.2,2.0,,,,
43.597,6,Atta_6,984.9,2571.3,72.2,95.0,5.3,,,,
43.597,7,Atta_7,403.6,2070.8,155.8,-35.7,0.7,,,,
43.597,8,Atta_8,279.4,2277.6,137.8,-36.8,-2.7,,,,
43.597,9,Atta_9,221.5,2118.1,288.6,82.8,12.7,,,,
43.597,10,Atta_10,1398.6,1595.2,26.3,-50.2,2.6,,,,
43.648,1,Atta_1,1466.4,2284.8,320.9,51.2,1.9,,,,
43.648,2,Atta_2,164.4,1156.1,31.7,-42.8,-2.3,,,,
43.648,3,Atta_3,100.0,1280.3,290.1,91.7,5.4,,,,
43.648,4,Atta_4,1985.7,1519.3,76.6,24.4,-4.8,,,,
43.648,5,Atta_5,1337.0,2354.0,281.7,55.9,-4.8,,,,
43.648,6,Atta_6,977.5,2536.3,75.2,-35.8,3.0,,,,
43.648,7,Atta_7,383.9,2043.2,148.8,33.9,-7.0,,,,
43.648,8,Atta_8,221.5,2285.3,137.3,58.4,-0.5,,,,
43.648,9,Atta_9,148.0,2136.4,292.1,-75.7,3.5,,,,
43.648,10,Atta_10,1428.3,1577.3,31.3,34.7,5.0,,,,
43.715,1,Atta_1,1462.6,2254.9,317.5,30.1,-3.4,,,,
43.715,2,Atta_2,154.6,1155.0,32.8,-9.9,1.1,,,,
43.715,3,Atta_3,83.4,1293.7,292.3,-21.3,2.2,,,,
43.715,4,Atta_4,1960.1,1523.6,75.4,-26.0,-1.2,,,,
43.715,5,Atta_5,1244.1,2311.3,286.3,102.2,4.6,,,,
43.715,6,Atta_6,1008.6,2541.7,81.8,31.6,6.6,,,,
43.715,7,Atta_7,455.3,2063.8,146.9,-74.3,-1.9,,,,
43.715,8,Atta_8,183.8,2257.9,140.6,46.6,3.3,,,,
43.715,9,Atta_9,145.4,2130.9,289.4,6.1,-2.7,,,,
43.715,10,Atta_10,1430.2,1619.3,39.9,42.0,8.6,,,,
43.784,1,Atta_1,1489.8,2260.1,321.2,27.7,3.7,,,,
43.784,2,Atta_2,194.0,1179.3,31.4,46.3,-1.4,,,,
43.784,3,Atta_3,44.5,1360.4,297.4,-77.2,5.1,,,,
43.784,4,Atta_4,1994.2,1491.9,77.7,-46.6,2.3,,,,
43.784,5,Atta_5,1275.6,2294.8,282.8,35.6,-3.5,,,,
43.784,6,Atta_6,950.7,2529.2,85.6,-59.2,3.8,,,,
43.784,7,Atta_7,400.2,2020.6,143.4,70.0,-3.5,,,,
43.784,8,Atta_8,225.2,2262.2,143.4,-41.6,2.8,,,,
43.784,9,Atta_9,181.0,2143.0,290.7,37.6,1.3,,,,
43.784,10,Atta_10,1451.0,1572.5,40.1,-51.2,0.2,,,,
43.853,1,Atta_1,1486.8,2252.0,318.8,8.6,-2.4,,,,
43.853,2,Atta_2,119.9,1176.2,33.6,-74.2,2.2,,,,
43.853,3,Atta_3,68.4,1344.7,303.0,28.6,5.6,,,,
43.853,4,Atta_4,2003.8,1467.2,73.8,-26.5,-3.9,,,,
43.853,5,Atta_5,1287.3,2309.4,283.3,-18.7,0.5,,,,
43.853,6,Atta_6,940.3,2526.6,85.4,-10.7,-0.2,,,,
43.853,7,Atta_7,405.9,1995.3,141.0,-25.9,-2.4,,,,
43.853,8,Atta_8,228.6,2238.3,136.5,-24.1,-6.9,,,,
43.853,9,Atta_9,162.2,2138.9,289.9,-19.2,-0.8,,,,
43.853,10,Atta_10,1413.7,1582.5,43.6,-38.6,3.5,,,,
43.921,1,Atta_1,1512.9,2276.0,318.0,35.5,-0.8,,,,
43.921,2,Atta_2,206.9,1161.1,32.8,88.3,-0.8,,,,
43.921,3,Atta_3,59.2,1381.0,307.5,-37.4,4.5,,,,
43.921,4,Atta_4,1955.4,1493.6,78.2,55.1,4.4,,,,
43.921,5,Atta_5,1250.1,2348.5,280.7,-54.0,-2.6,,,,
43.921,6,Atta_6,945.6,2522.3,86.3,-6.8,0.9,,,,
43.921,7,Atta_7,354.8,2038.9,130.6,67.2,-10.4,,,,
43.921,8,Atta_8,182.8,2341.8,142.1,113.2,5.6,,,,
43.921,9,Atta_9,199.7,2158.1,292.1,-42.1,2.2,,,,
43.921,10,Atta_10,1379.3,1600.7,48.5,-38.9,4.9,,,,
44.051,1,Atta_1,1577.9,2237.8,319.6,75.4,1.6,,,,
44.051,2,Atta_2,168.4,1149.9,31.0,-40.1,-1.8,,,,
44.051,3,Atta_3,71.0,1327.7,308.9,54.6,1.4,,,,
44.051,4,Atta_4,1933.6,1479.7,76.9,-25.9,-1.3,,,,
44.051,5,Atta_5,1296.3,2290.8,281.2,73.9,0.5,,,,
44.051,6,Atta_6,989.2,2550.4,87.6,51.9,1.3,,,,
44.051,7,Atta_7,381.7,2032.7,119.4,-27.6,-11.2,,,,
44.051,8,Atta_8,211.9,2330.5,135.6,-31.2,-6.5,,,,
44.051,9,Atta_9,139.6,2115.0,294.6,74.0,2.5,,,,
44.051,10,Atta_10,1425.7,1592.2,58.8,47.2,10.3,,,,
44.117,1,Atta_1,1500.7,2232.5,319.8,-77.4,0.2,,,,
44.117,2,Atta_2,199.1,1175.1,32.6,39.7,1.6,,,,
44.117,3,Atta_3,76.8,1346.6,312.6,-19.8,3.7,,,,
44.117,4,Atta_4,1981.3,1458.6,73.0,-52.2,-3.9,,,,
44.117,5,Atta_5,1272.0,2280.9,286.4,26.2,5.2,,,,
44.117,6,Atta_6,992.8,2545.4,85.5,-6.2,-2.1,,,,
44.117,7,Atta_7,390.2,2031.1,114.8,-8.6,-4.6,,,,
44.117,8,Atta_8,203.5,2320.1,135.8,-13.4,0.2,,,,
44.117,9,Atta_9,169.7,2116.4,290.5,30.1,-4.1,,,,
44.117,10,Atta_10,1441.1,1603.1,63.4,18.9,4.6,,,,
44.183,1,Atta_1,1560.7,2224.7,322.1,60.5,2.3,,,,
44.183,2,Atta_2,229.4,1230.2,31.1,62.9,-1.5,,,,
44.183,3,Atta_3,75.1,1360.7,315.3,-14.2,2.7,,,,
44.183,4,Atta_4,1965.7,1426.4,69.3,-35.8,-3.7,,,,
44.183,5,Atta_5,1306.9,2307.9,287.4,-44.1,1.0,,,,
44.183,6,Atta_6,863.9,2504.9,86.6,-135.1,1.1,,,,
44.183,7,Atta_7,346.0,2006.0,120.1,-50.8,5.3,,,,
44.183,8,Atta_8,224.5,2299.9,125.1,-29.1,-10.7,,,,
44.183,9,Atta_9,142.2,2060.9,286.8,61.9,-3.7,,,,
44.183,10,Atta_10,1433.6,1566.3,65.7,-37.6,2.3,,,,
44.319,1,Atta_1,1548.8,2220.9,321.6,-12.5,-0.5,,,,
44.319,2,Atta_2,244.3,1197.4,32.2,-36.0,1.1,,,,
44.319,3,Atta_3,134.5,1307.6,315.6,79.7,0.3,,,,
44.319,4,Atta_4,1945.0,1478.1,64.5,55.7,-4.8,,,,
44.319,5,Atta_5,1262.7,2340.3,294.3,-54.8,6.9,,,,
44.319,6,Atta_6,1019.0,2571.4,83.0,168.8,-3.6,,,,
44.319,7,Atta_7,385.0,2074.9,113.5,79.2,-6.6,,,,
44.319,8,Atta_8,160.2,2331.4,124.8,71.6,-0.3,,,,
44.319,9,Atta_9,139.3,2062.0,293.5,-3.1,6.7,,,,
44.319,10,Atta_10,1420.9,1538.7,69.9,-30.4,4.2,,,,
44.39,1,Atta_1,1611.3,2209.9,320.1,63.5,-1.5,,,,
44.39,2,Atta_2,220.1,1224.2,29.9,-36.1,-2.3,,,,
44.39,3,Atta_3,74.3,1329.6,312.2,-64.1,-3.4,,,,
44.39,4,Atta_4,1986.3,1444.4,59.0,-53.3,-5.5,,,,
44.39,5,Atta_5,1338.1,2290.5,304.9,90.4,10.6,,,,
44.39,6,Atta_6,992.4,2660.5,88.4,93.0,5.4,,,,
44.39,7,Atta_7,428.8,2037.3,103.2,-57.7,-10.3,,,,
44.39,8,Atta_8,198.5,2337.0,112.0,-38.7,-12.8,,,,
44.39,9,Atta_9,165.5,2089.4,288.9,-37.9,-4.6,,,,
44.39,10,Atta_10,1432.4,1587.2,66.8,49.8,-3.1,,,,
44.512,1,Atta_1,1655.9,2171.5,319.5,58.9,-0.6,,,,
44.512,2,Atta_2,257.3,1214.0,30.4,38.6,0.5,,,,
44.512,3,Atta_3,114.9,1353.0,314.7,46.9,2.5,,,,
44.512,4,Atta_4,1988.4,1440.7,54.6,-4.3,-4.4,,,,
44.512,5,Atta_5,1260.0,2298.5,306.8,-78.5,1.9,,,,
44.512,6,Atta_6,993.6,2596.1,81.9,-64.4,-6.5,,,,
44.512,7,Atta_7,331.9,2022.8,98.2,98.0,-5.0,,,,
44.512,8,Atta_8,219.4,2304.5,113.1,-38.6,1.1,,,,
44.512,9,Atta_9,186.1,2089.7,292.5,20.6,3.6,,,,
44.512,10,Atta_10,1422.4,1586.1,65.4,-10.1,-1.4,,,,
44.579,1,Atta_1,1635.5,2142.7,316.8,35.3,-2.7,,,,
44.579,2,Atta_2,270.5,1230.1,28.5,20.8,-1.9,,,,
44.579,3,Atta_3,98.0,1330.4,314.8,28.2,0.1,,,,
44.579,4,Atta_4,1972.8,1440.5,49.6,-15.6,-5.0,,,,
44.579,5,Atta_5,1283.2,2290.9,314.2,24.4,7.4,,,,
44.579,6,Atta_6,968.9,2608.8,84.7,27.8,2.8,,,,
44.579,7,Atta_7,419.9,2037.2,92.8,89.2,-5.4,,,,
44.579,8,Atta_8,193.0,2345.3,116.8,48.6,3.7,,,,
44.579,9,Atta_9,171.7,2025.2,292.1,66.1,-0.4,,,,
44.579,10,Atta_10,1376.8,1605.9,68.1,-49.7,2.7,,,,
44.631,1,Atta_1,1579.8,2166.0,321.4,-60.4,4.6,,,,
44.631,2,Atta_2,276.7,1220.3,29.7,11.6,1.2,,,,
44.631,3,Atta_3,94.6,1295.6,309.5,35.0,-5.3,,,,
44.631,4,Atta_4,1959.1,1439.6,43.8,-13.7,-5.8,,,,
44.631,5,Atta_5,1268.6,2261.7,322.6,32.6,8.4,,,,
44.631,6,Atta_6,1003.2,2638.8,86.5,45.6,1.8,,,,
44.631,7,Atta_7,392.5,2059.2,87.9,35.1,-4.9,,,,
44.631,8,Atta_8,137.9,2275.0,115.6,-89.3,-1.2,,,,
44.631,9,Atta_9,248.7,2024.6,292.6,77.0,0.5,,,,
44.631,10,Atta_10,1432.5,1569.6,72.1,-66.5,4.0,,,,
44.682,1,Atta_1,1571.5,2161.6,323.5,-9.4,2.1,,,,
44.682,2,Atta_2,286.3,1221.7,30.5,9.7,0.8,,,,
44.682,3,Atta_3,122.8,1300.0,316.9,28.5,7.4,,,,
44.682,4,Atta_4,1959.7,1411.2,39.7,-28.4,-4.1,,,,
44.682,5,Atta_5,1293.1,2279.7,319.3,30.4,-3.3,,,,
44.682,6,Atta_6,948.5,2667.7,82.9,61.9,-3.6,,,,
44.682,7,Atta_7,433.7,2022.5,80.9,-55.2,-7.0,,,,
44.682,8,Atta_8,179.0,2345.6,113.4,81.7,-2.2,,,,
44.682,9,Atta_9,167.8,2008.3,292.7,-82.5,0.1,,,,
44.682,10,Atta_10,1394.9,1576.8,72.7,-38.3,0.6,,,,
44.752,1,Atta_1,1635.3,2228.4,322.4,92.4,-1.1,,,,
44.752,2,Atta_2,305.1,1167.5,25.2,-57.4,-5.3,,,,
44.752,3,Atta_3,125.9,1331.7,313.4,-31.9,-3.5,,,,
44.752,4,Atta_4,1961.5,1476.8,34.3,65.6,-5.4,,,,
44.752,5,Atta_5,1323.5,2250.3,327.1,42.3,7.8,,,,
44.752,6,Atta_6,1013.8,2686.8,89.0,68.0,6.1,,,,
44.752,7,Atta_7,408.1,2020.6,80.5,-25.7,-0.4,,,,
44.752,8,Atta_8,185.7,2333.4,117.0,-13.9,3.6,,,,
44.752,9,Atta_9,207.3,2059.1,293.1,-64.3,0.4,,,,
44.752,10,Atta_10,1447.4,1534.5,80.0,-67.4,7.3,,,,
44.803,1,Atta_1,1677.7,2173.2,324.0,69.6,1.6,,,,
44.803,2,Atta_2,308.3,1237.5,19.3,70.1,-5.9,,,,
44.803,3,Atta_3,125.8,1281.7,312.8,50.0,-0.6,,,,
44.803,4,Atta_4,1910.1,1464.2,32.1,-52.9,-2.2,,,,
44.803,5,Atta_5,1255.7,2272.4,332.0,-71.3,4.9,,,,
44.803,6,Atta_6,1011.2,2665.7,87.5,-21.3,-1.5,,,,
44.803,7,Atta_7,372.9,2047.9,72.1,44.5,-8.4,,,,
44.803,8,Atta_8,214.9,2276.0,105.5,-64.4,-11.5,,,,
44.803,9,Atta_9,153.3,2002.6,286.0,78.2,-7.1,,,,
44.803,10,Atta_10,1403.0,1605.9,85.5,84.1,5.5,,,,
44.924,1,Atta_1,1674.6,2158.4,322.1,15.1,-1.9,,,,
44.924,2,Atta_2,262.2,1236.1,17.8,-46.1,-1.5,,,,
44.924,3,Atta_3,123.3,1325.8,313.3,-44.2,0.5,,,,
44.924,4,Atta_4,1967.9,1456.9,25.3,58.3,-6.8,,,,
44.924,5,Atta_5,1288.6,2283.9,331.0,34.9,-1.0,,,,
44.924,6,Atta_6,959.5,2684.6,88.7,55.0,1.2,,,,
44.924,7,Atta_7,385.0,2034.1,74.8,-18.4,2.7,,,,
44.924,8,Atta_8,252.2,2314.3,102.1,53.5,-3.4,,,,
44.924,9,Atta_9,149.6,1975.5,284.6,27.4,-1.4,,,,
44.924,10,Atta_10,1421.7,1562.7,88.1,-47.1,2.6,,,,
44.991,1,Atta_1,1653.4,2153.3,319.8,-21.8,-2.3,,,,
44.991,2,Atta_2,219.0,1247.8,10.1,-44.8,-7.7,,,,
44.991,3,Atta_3,109.3,1343.3,316.2,-22.4,2.9,,,,
44.991,4,Atta_4,1958.6,1359.6,20.2,-97.7,-5.1,,,,
44.991,5,Atta_5,1318.0,2266.2,341.5,34.3,10.5,,,,
44.991,6,Atta_6,1007.3,2679.5,88.8,-48.1,0.1,,,,
44.991,7,Atta_7,367.5,2019.8,68.2,-22.6,-6.6,,,,
44.991,8,Atta_8,238.5,2340.0,99.0,29.1,-3.1,,,,
44.991,9,Atta_9,209.6,2023.7,281.9,-77.0,-2.7,,,,
44.991,10,Atta_10,1455.8,1541.4,91.8,-40.2,3.7,,,,
45.043,1,Atta_1,1600.8,2106.0,324.9,-70.7,5.1,,,,
45.043,2,Atta_2,253.9,1254.9,4.6,35.6,-5.5,,,,
45.043,3,Atta_3,96.0,1308.5,316.1,37.3,-0.1,,,,
45.043,4,Atta_4,1906.5,1426.2,21.8,-84.6,1.6,,,,
45.043,5,Atta_5,1245.3,2292.6,345.6,-77.3,4.1,,,,
45.043,6,Atta_6,982.0,2686.0,86.5,26.1,-2.3,,,,
45.043,7,Atta_7,398.6,2035.9,63.9,35.0,-4.3,,,,
45.043,8,Atta_8,168.2,2341.7,95.1,70.3,-3.9,,,,
45.043,9,Atta_9,210.4,1996.1,272.0,27.6,-9.9,,,,
45.043,10,Atta_10,1400.1,1520.3,98.5,-59.6,6.7,,,,
45.113,1,Atta_1,1657.4,2134.3,320.3,63.3,-4.6,,,,
45.113,2,Atta_2,218.4,1265.2,4.3,-37.0,-0.3,,,,
45.113,3,Atta_3,128.6,1292.7,316.4,36.2,0.3,,,,
45.113,4,Atta_4,1961.3,1399.1,18.7,61.1,-3.1,,,,
45.113,5,Atta_5,1261.9,2303.1,346.7,19.6,1.1,,,,
45.113,6,Atta_6,964.2,2689.3,84.9,18.1,-1.6,,,,
45.113,7,Atta_7,374.8,2059.2,61.0,33.3,-2.9,,,,
45.113,8,Atta_8,134.7,2297.7,90.3,-55.3,-4.8,,,,
45.113,9,Atta_9,207.9,2002.5,266.7,-6.9,-5.3,,,,
45.113,10,Atta_10,1427.6,1597.2,94.4,81.7,-4.1,,,,
45.164,1,Atta_1,1677.2,2081.0,324.0,56.9,3.7,,,,
45.164,2,Atta_2,271.3,1230.6,359.3,63.2,-5.0,,,,
45.164,3,Atta_3,113.7,1292.8,317.3,-14.9,0.9,,,,
45.164,4,Atta_4,1991.4,1452.9,17.9,61.6,-0.8,,,,
45.164,5,Atta_5,1272.7,2329.8,354.0,28.8,7.3,,,,
45.164,6,Atta_6,963.0,2681.9,87.7,-7.5,2.8,,,,
45.164,7,Atta_7,401.1,2017.2,61.3,-49.6,0.3,,,,
45.164,8,Atta_8,169.1,2283.9,85.3,-37.1,-5.0,,,,
45.164,9,Atta_9,143.3,2037.5,265.3,-73.5,-1.4,,,,
45.164,10,Atta_10,1368.0,1620.6,93.4,64.0,-1.0,,,,
45.234,1,Atta_1,1709.6,2138.1,320.8,-65.7,-3.2,,,,
45.234,2,Atta_2,338.7,1233.2,350.2,67.5,-9.1,,,,
45.234,3,Atta_3,66.4,1330.6,315.5,-60.5,-1.8,,,,
45.234,4,Atta_4,1979.3,1472.5,15.0,-23.0,-2.9,,,,
45.234,5,Atta_5,1307.6,2287.7,0.5,54.7,6.5,,,,
45.234,6,Atta_6,963.4,2760.1,88.4,78.2,0.7,,,,
45.234,7,Atta_7,364.8,1984.5,61.4,-48.9,0.1,,,,
45.234,8,Atta_8,167.9,2345.7,86.5,61.8,1.2,,,,
45.234,9,Atta_9,166.8,2017.4,265.7,30.9,0.4,,,,
45.234,10,Atta_10,1434.8,1602.6,91.3,-69.2,-2.1,,,,
45.3,1,Atta_1,1687.0,2130.9,322.6,-23.7,1.8,,,,
45.3,2,Atta_2,272.0,1247.0,346.7,-68.1,-3.5,,,,
45.3,3,Atta_3,117.9,1291.1,313.6,64.9,-1.9,,,,
45.3,4,Atta_4,1987.1,1424.2,18.8,-48.9,3.8,,,,
45.3,5,Atta_5,1304.1,2270.1,2.4,-17.9,1.9,,,,
45.3,6,Atta_6,961.3,2613.9,88.9,-146.2,0.5,,,,
45.3,7,Atta_7,404.3,2098.7,60.6,120.8,-0.8,,,,
45.3,8,Atta_8,194.5,2341.7,77.2,-26.9,-9.3,,,,
45.3,9,Atta_9,195.5,2033.5,263.5,-32.9,-2.2,,,,
45.3,10,Atta_10,1425.6,1611.7,97.9,12.9,6.6,,,,
45.371,1,Atta_1,1710.1,2089.1,320.1,47.8,-2.5,,,,
45.371,2,Atta_2,295.9,1253.1,347.4,24.7,0.7,,,,
45.371,3,Atta_3,107.4,1293.8,315.9,-10.8,2.3,,,,
45.371,4,Atta_4,1935.0,1464.7,18.5,-66.0,-0.3,,,,
45.371,5,Atta_5,1326.1,2338.0,8.4,71.4,6.0,,,,
45.371,6,Atta_6,932.1,2657.2,81.9,52.2,-7.0,,,,
45.371,7,Atta_7,406.7,2032.1,64.1,-66.6,3.5,,,,
45.371,8,Atta_8,206.3,2283.7,72.4,-59.2,-4.8,,,,
45.371,9,Atta_9,160.5,2021.2,262.2,37.1,-1.3,,,,
45.371,10,Atta_10,1385.6,1613.2,97.3,40.0,-0.6,,,,
45.44,1,Atta_1,1680.9,2141.4,328.1,-59.9,8.0,,,,
45.44,2,Atta_2,329.6,1243.5,339.6,35.0,-7.8,,,,
45.44,3,Atta_3,87.8,1329.5,309.3,-40.7,-6.6,,,,
45.44,4,Atta_4,1939.4,1461.7,14.8,5.3,-3.7,,,,
45.44,5,Atta_5,1240.0,2280.5,9.7,-103.5,1.3,,,,
45.44,6,Atta_6,975.2,2649.2,85.4,-43.8,3.5,,,,
45.44,7,Atta_7,389.3,2045.7,62.3,22.1,-1.8,,,,
45.44,8,Atta_8,200.6,2354.4,65.6,70.9,-6.8,,,,
45.44,9,Atta_9,189.3,2007.4,263.1,31.9,0.9,,,,
45.44,10,Atta_10,1376.1,1594.8,98.8,-20.7,1.5,,,,
45.509,1,Atta_1,1725.9,2122.1,331.5,49.0,3.4,,,,
45.509,2,Atta_2,272.6,1182.9,338.7,-83.2,-0.9,,,,
45.509,3,Atta_3,100.1,1410.7,309.9,-82.1,0.6,,,,
45.509,4,Atta_4,1991.2,1446.1,21.4,54.1,6.6,,,,
45.509,5,Atta_5,1256.4,2291.1,12.2,19.5,2.5,,,,
45.509,6,Atta_6,990.6,2587.6,87.9,-63.5,2.5,,,,
45.509,7,Atta_7,366.6,2064.1,62.3,29.2,0.0,,,,
45.509,8,Atta_8,228.5,2317.9,61.8,-45.9,-3.8,,,,
45.509,9,Atta_9,173.3,2041.8,265.0,-37.9,1.9,,,,
45.509,10,Atta_10,1402.6,1623.7,95.1,39.2,-3.7,,,,
45.578,1,Atta_1,1710.9,2180.7,338.4,-60.5,6.9,,,,
45.578,2,Atta_2,259.8,1237.1,330.4,-55.7,-8.3,,,,
45.578,3,Atta_3,22.2,1301.2,303.8,134.4,-6.1,,,,
45.578,4,Atta_4,1968.2,1441.5,17.1,-23.5,-4.3,,,,
45.578,5,Atta_5,1319.3,2274.3,13.0,65.1,0.8,,,,
45.578,6,Atta_6,963.8,2607.4,85.7,33.3,-2.2,,,,
45.578,7,Atta_7,400.3,2034.6,62.3,-44.8,0.0,,,,
45.578,8,Atta_8,199.9,2307.4,56.8,-30.5,-5.0,,,,
45.578,9,Atta_9,201.9,2004.0,261.6,47.4,-3.4,,,,
45.578,10,Atta_10,1406.5,1669.2,94.8,45.7,-0.3,,,,
45.644,1,Atta_1,1700.1,2083.1,339.3,98.2,0.9,,,,
45.644,2,Atta_2,281.8,1221.6,325.4,26.9,-5.0,,,,
45.644,3,Atta_3,108.4,1308.6,300.7,86.5,-3.1,,,,
45.644,4,Atta_4,2009.4,1447.7,17.4,41.7,0.3,,,,
45.644,5,Atta_5,1287.9,2291.8,11.7,-35.9,-1.3,,,,
45.644,6,Atta_6,998.0,2609.7,82.8,34.3,-2.9,,,,
45.644,7,Atta_7,455.2,2044.1,62.3,55.7,0.0,,,,
45.644,8,Atta_8,220.6,2310.8,55.1,21.0,-1.7,,,,
45.644,9,Atta_9,196.6,1956.8,265.2,47.5,3.6,,,,
45.644,10,Atta_10,1372.7,1647.4,95.0,-40.2,0.2,,,,
45.71,1,Atta_1,1700.8,2069.5,342.4,13.6,3.1,,,,
45.71,2,Atta_2,259.3,1256.6,326.6,-41.6,1.2,,,,
45.71,3,Atta_3,86.0,1388.0,292.9,-82.5,-7.8,,,,
45.71,4,Atta_4,1975.0,1436.9,17.3,-36.1,-0.1,,,,
45.71,5,Atta_5,1317.6,2237.8,8.3,61.6,-3.4,,,,
45.71,6,Atta_6,986.2,2524.1,76.7,-86.4,-6.1,,,,
45.71,7,Atta_7,435.5,2041.3,62.4,-19.9,0.1,,,,
45.71,8,Atta_8,204.9,2275.9,48.9,-38.3,-6.2,,,,
45.71,9,Atta_9,151.4,2013.8,262.3,-72.7,-2.9,,,,
45.71,10,Atta_10,1396.0,1684.3,94.2,43.6,-0.8,,,,
45.778,1,Atta_1,1727.2,2100.1,352.2,40.4,9.8,,,,
45.778,2,Atta_2,311.2,1166.9,315.2,103.6,-11.4,,,,
45.778,3,Atta_3,83.4,1308.5,288.7,79.5,-4.2,,,,
45.778,4,Atta_4,2047.5,1428.1,18.2,73.0,0.9,,,,
45.778,5,Atta_5,1306.8,2264.3,8.5,-28.6,0.2,,,,
45.778,6,Atta_6,969.9,2603.0,70.9,80.6,-5.8,,,,
45.778,7,Atta_7,448.8,2102.2,59.7,62.3,-2.7,,,,
45.778,8,Atta_8,203.7,2326.6,46.2,50.7,-2.7,,,,
45.778,9,Atta_9,135.8,1974.3,263.5,42.5,1.2,,,,
45.778,10,Atta_10,1374.2,1682.2,94.2,-21.9,0.0,,,,
45.847,1,Atta_1,1682.5,2079.3,353.6,-49.3,1.4,,,,
45.847,2,Atta_2,304.2,1263.3,314.2,-96.7,-1.0,,,,
45.847,3,Atta_3,156.0,1347.1,285.4,-82.2,-3.3,,,,
45.847,4,Atta_4,2050.5,1453.9,15.5,26.0,-2.7,,,,
45.847,5,Atta_5,1301.7,2256.8,10.5,-9.1,2.0,,,,
45.847,6,Atta_6,990.8,2622.4,67.8,28.5,-3.1,,,,
45.847,7,Atta_7,440.7,2051.4,63.1,-51.4,3.4,,,,
45.847,8,Atta_8,224.1,2350.6,41.4,31.5,-4.8,,,,
45.847,9,Atta_9,161.7,1963.8,263.2,27.9,-0.3,,,,
45.847,10,Atta_10,1367.9,1658.8,95.4,-24.2,1.2,,,,
45.918,1,Atta_1,1718.8,2130.7,356.9,62.9,3.3,,,,
45.918,2,Atta_2,303.6,1202.2,310.5,61.1,-3.7,,,,
45.918,3,Atta_3,39.2,1290.3,278.8,129.9,-6.6,,,,
45.918,4,Atta_4,2033.2,1439.7,21.6,-22.4,6.1,,,,
45.918,5,Atta_5,1284.7,2242.0,8.1,-22.5,-2.4,,,,
45.918,6,Atta_6,986.7,2649.2,64.0,27.1,-3.8,,,,
45.918,7,Atta_7,456.9,2085.1,62.3,37.4,-0.8,,,,
45.918,8,Atta_8,215.6,2348.9,35.5,-8.7,-5.9,,,,
45.918,9,Atta_9,162.3,1977.5,262.4,-13.7,-0.8,,,,
45.918,10,Atta_10,1412.7,1654.6,94.9,-45.0,-0.5,,,,
45.973,1,Atta_1,1741.4,2049.3,0.5,84.5,3.6,,,,
45.973,2,Atta_2,288.3,1205.1,304.0,-15.6,-6.5,,,,
45.973,3,Atta_3,100.2,1356.1,275.2,-89.7,-3.6,,,,
45.973,4,Atta_4,2130.6,1495.6,15.5,112.3,-6.1,,,,
45.973,5,Atta_5,1284.6,2211.0,5.5,-31.0,-2.6,,,,
45.973,6,Atta_6,999.8,2625.4,60.5,-27.2,-3.5,,,,
45.973,7,Atta_7,451.4,2133.0,62.8,48.2,0.5,,,,
45.973,8,Atta_8,181.3,2356.4,30.6,-35.1,-4.9,,,,
45.973,9,Atta_9,211.4,1970.7,265.5,49.6,3.1,,,,
45.973,10,Atta_10,1428.7,1676.7,94.9,27.3,0.0,,,,
46.044,1,Atta_1,1670.9,2073.8,7.6,-74.6,7.1,,,,
46.044,2,Atta_2,266.4,1205.7,302.5,-21.9,-1.5,,,,
46.044,3,Atta_3,69.7,1309.3,270.4,55.9,-4.8,,,,
46.044,4,Atta_4,2059.7,1444.3,20.2,-87.5,4.7,,,,
46.044,5,Atta_5,1301.0,2270.6,7.8,61.8,2.3,,,,
46.044,6,Atta_6,972.5,2631.0,55.9,-27.9,-4.6,,,,
46.044,7,Atta_7,451.2,2226.4,60.7,93.4,-2.1,,,,
46.044,8,Atta_8,177.7,2331.0,28.0,-25.7,-2.6,,,,
46.044,9,Atta_9,187.0,1975.9,263.2,-24.9,-2.3,,,,
46.044,10,Atta_10,1405.7,1703.8,95.3,35.5,0.4,,,,
46.11,1,Atta_1,1788.2,2132.4,12.9,131.1,5.3,,,,
46.11,2,Atta_2,279.8,1239.1,295.1,-36.0,-7.4,,,,
46.11,3,Atta_3,57.7,1341.3,270.1,-34.2,-0.3,,,,
46.11,4,Atta_4,2089.5,1468.7,14.6,38.5,-5.6,,,,
46.11,5,Atta_5,1358.9,2303.7,9.6,66.7,1.8,,,,
46.11,6,Atta_6,958.5,2601.3,47.5,-32.8,-8.4,,,,
46.11,7,Atta_7,447.6,2122.8,61.5,-103.7,0.8,,,,
46.11,8,Atta_8,161.7,2311.1,25.0,-25.5,-3.0,,,,
46.11,9,Atta_9,131.1,1941.8,260.4,65.5,-2.8,,,,
46.11,10,Atta_10,1390.6,1688.9,95.2,-21.2,-0.1,,,,
46.176,1,Atta_1,1773.3,2082.4,14.0,-52.2,1.1,,,,
46.176,2,Atta_2,300.2,1223.7,289.6,25.6,-5.5,,,,
46.176,3,Atta_3,39.4,1327.6,262.1,22.9,-8.0,,,,
46.176,4,Atta_4,2070.3,1482.9,8.3,-23.9,-6.3,,,,
46.176,5,Atta_5,1324.5,2282.8,7.0,-40.3,-2.6,,,,
46.176,6,Atta_6,972.8,2619.9,42.4,23.5,-5.1,,,,
46.176,7,Atta_7,443.2,2134.6,60.2,12.6,-1.3,,,,
46.176,8,Atta_8,180.7,2320.2,18.0,21.1,-7.0,,,,
46.176,9,Atta_9,166.8,1872.6,262.5,77.9,2.1,,,,
46.176,10,Atta_10,1428.4,1759.5,94.9,80.1,-0.3,,,,
46.236,1,Atta_1,1747.0,2102.3,19.6,-33.0,5.6,,,,
46.236,2,Atta_2,333.6,1267.8,288.3,-55.3,-1.3,,,,
46.236,3,Atta_3,79.5,1356.2,259.6,-49.3,-2.5,,,,
46.236,4,Atta_4,2136.6,1465.8,1.1,68.5,-7.2,,,,
46.236,5,Atta_5,1327.2,2320.2,14.5,37.5,7.5,,,,
46.236,6,Atta_6,1006.5,2639.4,40.8,38.9,-1.6,,,,
46.236,7,Atta_7,514.2,2167.7,60.6,78.3,0.4,,,,
46.236,8,Atta_8,214.5,2338.5,15.9,38.4,-2.1,,,,
46.236,9,Atta_9,179.2,1906.0,265.0,-35.6,2.5,,,,
46.236,10,Atta_10,1369.7,1729.5,99.0,-65.9,4.1,,,,
46.308,1,Atta_1,1700.4,2121.7,25.1,-50.5,5.5,,,,
46.308,2,Atta_2,312.4,1190.6,280.1,80.1,-8.2,,,,
46.308,3,Atta_3,117.6,1345.8,257.7,39.5,-1.9,,,,
46.308,4,Atta_4,2078.4,1456.2,2.3,-59.0,1.2,,,,
46.308,5,Atta_5,1336.5,2334.4,12.2,17.0,-2.3,,,,
46.308,6,Atta_6,1028.7,2638.6,35.6,22.2,-5.2,,,,
46.308,7,Atta_7,488.6,2166.8,60.5,-25.6,-0.1,,,,
46.308,8,Atta_8,197.2,2339.9,8.4,-17.4,-7.5,,,,
46.308,9,Atta_9,185.6,1958.1,259.4,-52.5,-5.6,,,,
46.308,10,Atta_10,1353.8,1737.8,93.6,17.9,-5.4,,,,
46.373,1,Atta_1,1678.3,2087.3,31.6,-40.9,6.5,,,,
46.373,2,Atta_2,244.2,1230.8,275.9,-79.2,-4.2,,,,
46.373,3,Atta_3,68.6,1312.0,260.2,59.5,2.5,,,,
46.373,4,Atta_4,2118.2,1541.8,355.0,94.4,-7.3,,,,
46.373,5,Atta_5,1387.8,2320.8,10.8,53.1,-1.4,,,,
46.373,6,Atta_6,905.6,2608.1,31.7,-126.8,-3.9,,,,
46.373,7,Atta_7,452.2,2181.8,59.9,-39.4,-0.6,,,,
46.373,8,Atta_8,237.1,2271.0,3.8,79.6,-4.6,,,,
46.373,9,Atta_9,122.7,1859.7,263.6,116.8,4.2,,,,
46.373,10,Atta_10,1387.3,1765.7,94.7,43.6,1.1,,,,
46.508,1,Atta_1,1736.9,2094.1,35.6,59.0,4.0,,,,
46.508,2,Atta_2,222.6,1261.0,267.0,-37.1,-8.9,,,,
46.508,3,Atta_3,7.7,1341.7,261.8,-67.8,1.6,,,,
46.508,4,Atta_4,2076.1,1506.2,352.2,-55.1,-2.8,,,,
46.508,5,Atta_5,1417.2,2273.4,11.2,55.8,0.4,,,,
46.508,6,Atta_6,974.3,2610.1,29.2,68.7,-2.5,,,,
46.508,7,Atta_7,440.1,2198.6,59.0,20.7,-0.9,,,,
46.508,8,Atta_8,195.5,2274.5,353.6,-41.7,-10.2,,,,
46.508,9,Atta_9,179.0,1895.5,268.5,-66.7,4.9,,,,
46.508,10,Atta_10,1413.7,1754.5,95.2,-28.7,0.5,,,,
46.574,1,Atta_1,1704.9,2087.4,47.4,-32.7,11.8,,,,
46.574,2,Atta_2,309.1,1246.0,265.5,87.8,-1.5,,,,
46.574,3,Atta_3,123.5,1324.2,257.5,117.1,-4.3,,,,
46.574,4,Atta_4,2125.6,1431.5,344.8,89.6,-7.4,,,,
46.574,5,Atta_5,1386.6,2331.0,6.4,-65.2,-4.8,,,,
46.574,6,Atta_6,970.7,2648.4,32.2,38.5,3.0,,,,
46.574,7,Atta_7,419.2,2227.3,64.6,35.5,5.6,,,,
46.574,8,Atta_8,196.3,2321.2,355.7,-46.7,2.1,,,,
46.574,9,Atta_9,159.8,1882.2,262.1,23.4,-6.4,,,,
46.574,10,Atta_10,1398.9,1827.8,96.9,74.8,1.7,,,,
46.64,1,Atta_1,1712.9,2171.6,49.7,84.6,2.3,,,,
46.64,2,Atta_2,263.9,1182.4,258.6,78.0,-6.9,,,,
46.64,3,Atta_3,71.2,1323.4,257.3,52.3,-0.2,,,,
46.64,4,Atta_4,2084.7,1481.9,335.0,-64.9,-9.8,,,,
46.64,5,Atta_5,1429.6,2322.6,9.5,43.8,3.1,,,,
46.64,6,Atta_6,929.5,2637.5,29.1,-42.6,-3.1,,,,
46.64,7,Atta_7,543.0,2202.5,62.5,126.3,-2.1,,,,
46.64,8,Atta_8,146.9,2345.1,344.9,-54.9,-10.8,,,,
46.64,9,Atta_9,191.2,1796.6,263.9,91.2,1.8,,,,
46.64,10,Atta_10,1406.9,1807.6,95.8,-21.7,-1.1,,,,
46.777,1,Atta_1,1709.2,2119.8,51.5,-51.9,1.8,,,,
46.777,2,Atta_2,223.2,1245.5,257.2,-75.1,-1.4,,,,
46.777,3,Atta_3,20.9,1288.8,259.1,61.1,1.8,,,,
46.777,4,Atta_4,2092.6,1434.5,333.5,48.1,-1.5,,,,
46.777,5,Atta_5,1367.9,2312.1,11.5,-62.6,2.0,,,,
46.777,6,Atta_6,1001.3,2585.9,28.9,88.4,-0.2,,,,
46.777,7,Atta_7,539.3,2227.2,61.0,25.0,-1.5,,,,
46.777,8,Atta_8,208.3,2296.7,341.8,78.2,-3.1,,,,
46.777,9,Atta_9,155.9,1801.4,266.5,-35.6,2.6,,,,
46.777,10,Atta_10,1367.7,1812.0,95.9,39.4,0.1,,,,
46.832,1,Atta_1,1696.5,2059.3,58.0,-61.8,6.5,,,,
46.832,2,Atta_2,295.1,1226.1,249.5,74.5,-7.7,,,,
46.832,3,Atta_3,47.1,1283.1,257.5,26.8,-1.6,,,,
46.832,4,Atta_4,2083.2,1440.2,329.5,-11.0,-4.0,,,,
46.832,5,Atta_5,1449.7,2330.4,12.6,83.8,1.1,,,,
46.832,6,Atta_6,972.2,2658.9,30.7,78.6,1.8,,,,
46.832,7,Atta_7,487.4,2210.0,61.8,-54.7,0.8,,,,
46.832,8,Atta_8,239.7,2281.8,337.2,34.8,-4.6,,,,
46.832,9,Atta_9,129.7,1833.7,264.6,-41.6,-1.9,,,,
46.832,10,Atta_10,1387.1,1884.2,99.4,74.8,3.5,,,,
46.902,1,Atta_1,1660.0,2083.4,62.7,43.7,4.7,,,,
46.902,2,Atta_2,293.8,1184.5,243.8,41.6,-5.7,,,,
46.902,3,Atta_3,83.8,1292.4,257.2,-37.9,-0.3,,,,
46.902,4,Atta_4,2100.9,1466.1,324.5,31.4,-5.0,,,,
46.902,5,Atta_5,1484.8,2335.4,6.0,35.5,-6.6,,,,
46.902,6,Atta_6,1016.1,2589.1,32.0,82.5,1.3,,,,
46.902,7,Atta_7,488.0,2275.3,61.3,65.3,-0.5,,,,
46.902,8,Atta_8,156.4,2294.9,331.0,-84.3,-6.2,,,,
46.902,9,Atta_9,124.9,1812.5,262.9,21.7,-1.7,,,,
46.902,10,Atta_10,1354.1,1778.5,97.1,-110.7,-2.3,,,,
46.969,1,Atta_1,1727.9,2137.8,62.1,87.0,-0.6,,,,
46.969,2,Atta_2,292.5,1259.1,240.1,-74.6,-3.7,,,,
46.969,3,Atta_3,59.8,1281.7,261.8,26.3,4.6,,,,
46.969,4,Atta_4,2085.1,1426.3,316.0,42.8,-8.5,,,,
46.969,5,Atta_5,1499.2,2259.9,12.5,76.9,6.5,,,,
46.969,6,Atta_6,1009.5,2663.3,26.3,74.5,-5.7,,,,
46.969,7,Atta_7,494.5,2275.5,57.3,6.5,-4.0,,,,
46.969,8,Atta_8,140.9,2292.9,331.0,-15.6,0.0,,,,
46.969,9,Atta_9,146.7,1786.8,262.2,33.7,-0.7,,,,
46.969,10,Atta_10,1444.3,1907.2,96.1,157.2,-1.0,,,,
47.036,1,Atta_1,1694.0,2132.1,68.9,-34.4,6.8,,,,
47.036,2,Atta_2,249.8,1234.4,235.7,49.3,-4.4,,,,
47.036,3,Atta_3,106.0,1315.2,257.7,-57.1,-4.1,,,,
47.036,4,Atta_4,2082.4,1471.7,312.8,-45.5,-3.2,,,,
47.036,5,Atta_5,1472.9,2316.1,9.3,-62.0,-3.2,,,,
47.036,6,Atta_6,1001.7,2665.3,27.7,-8.1,1.4,,,,
47.036,7,Atta_7,524.2,2252.1,66.0,-37.8,8.7,,,,
47.036,8,Atta_8,171.7,2281.5,325.7,32.8,-5.3,,,,
47.036,9,Atta_9,152.4,1670.3,265.3,116.6,3.1,,,,
47.036,10,Atta_10,1388.6,1852.6,94.3,-78.0,-1.8,,,,
47.105,1,Atta_1,1751.3,2128.9,73.2,57.4,4.3,,,,
47.105,2,Atta_2,261.5,1242.3,233.7,-14.1,-2.0,,,,
47.105,3,Atta_3,63.6,1304.3,258.7,43.8,1.0,,,,
47.105,4,Atta_4,2104.3,1505.2,305.2,-40.0,-7.6,,,,
47.105,5,Atta_5,1487.2,2298.0,10.0,23.1,0.7,,,,
47.105,6,Atta_6,1021.4,2699.7,26.0,39.6,-1.7,,,,
47.105,7,Atta_7,559.9,2280.4,57.9,45.6,-8.1,,,,
47.105,8,Atta_8,190.4,2295.4,316.0,23.3,-9.7,,,,
47.105,9,Atta_9,123.6,1710.8,263.4,-49.7,-1.9,,,,
47.105,10,Atta_10,1381.4,1870.2,96.3,19.0,2.0,,,,
47.172,1,Atta_1,1640.2,2069.0,80.9,-126.2,7.7,,,,
47.172,2,Atta_2,238.3,1198.9,231.2,49.2,-2.5,,,,
47.172,3,Atta_3,90.3,1260.1,259.9,51.6,1.2,,,,
47.172,4,Atta_4,2048.8,1440.6,306.6,85.2,1.4,,,,
47.172,5,Atta_5,1482.6,2307.7,10.9,-10.7,0.9,,,,
47.172,6,Atta_6,967.8,2649.2,29.7,-73.6,3.7,,,,
47.172,7,Atta_7,510.7,2302.1,62.2,-53.8,4.3,,,,
47.172,8,Atta_8,164.1,2315.0,313.3,-32.8,-2.7,,,,
47.172,9,Atta_9,117.2,1753.5,262.2,-43.2,-1.2,,,,
47.172,10,Atta_10,1392.2,1933.6,91.6,64.3,-4.7,,,,
47.223,1,Atta_1,1726.5,2091.7,85.5,89.2,4.6,,,,
47.223,2,Atta_2,248.2,1217.0,224.6,-20.6,-6.6,,,,
47.223,3,Atta_3,97.1,1216.1,258.5,44.5,-1.4,,,,
47.223,4,Atta_4,2063.7,1487.0,305.4,-48.7,-1.2,,,,
47.223,5,Atta_5,1469.2,2348.1,11.0,-42.6,0.1,,,,
47.223,6,Atta_6,1055.3,2658.9,29.9,88.0,0.2,,,,
47.223,7,Atta_7,523.5,2251.4,59.7,-52.3,-2.5,,,,
47.223,8,Atta_8,209.3,2374.5,311.6,-74.7,-1.7,,,,
47.223,9,Atta_9,134.0,1814.5,260.0,-63.3,-2.2,,,,
47.223,10,Atta_10,1383.6,1881.7,93.0,-52.6,1.4,,,,
47.293,1,Atta_1,1724.9,2106.0,82.7,14.4,-2.8,,,,
47.293,2,Atta_2,325.7,1251.5,213.8,-84.8,-10.8,,,,
47.293,3,Atta_3,70.3,1219.6,258.2,27.0,-0.3,,,,
47.293,4,Atta_4,2106.8,1466.6,296.9,47.7,-8.5,,,,
47.293,5,Atta_5,1540.8,2310.6,9.7,80.8,-1.3,,,,
47.293,6,Atta_6,999.8,2615.6,28.4,-70.4,-1.5,,,,
47.293,7,Atta_7,538.4,2264.0,55.9,19.5,-3.8,,,,
47.293,8,Atta_8,199.6,2325.8,305.5,49.7,-6.1,,,,
47.293,9,Atta_9,126.0,1804.3,263.5,13.0,3.5,,,,
47.293,10,Atta_10,1350.4,1866.3,85.1,-36.6,-7.9,,,,
47.36,1,Atta_1,1723.0,2130.6,90.4,24.7,7.7,,,,
47.36,2,Atta_2,256.8,1163.7,214.0,111.6,0.2,,,,
47.36,3,Atta_3,24.5,1240.8,256.8,-50.5,-1.4,,,,
47.36,4,Atta_4,2100.7,1509.0,294.5,-42.8,-2.4,,,,
47.36,5,Atta_5,1526.6,2338.0,8.0,-30.9,-1.7,,,,
47.36,6,Atta_6,1081.0,2673.5,32.3,99.7,3.9,,,,
47.36,7,Atta_7,523.2,2279.1,48.4,21.4,-7.5,,,,
47.36,8,Atta_8,170.3,2317.0,302.6,-30.6,-2.9,,,,
47.36,9,Atta_9,120.5,1729.9,262.1,74.6,-1.4,,,,
47.36,10,Atta_10,1372.0,1872.5,75.7,22.5,-9.4,,,,
47.426,1,Atta_1,1731.0,2124.3,95.9,-10.2,5.5,,,,
47.426,2,Atta_2,246.9,1269.8,213.6,-106.6,-0.4,,,,
47.426,3,Atta_3,81.9,1254.1,255.5,-58.9,-1.3,,,,
47.426,4,Atta_4,2081.1,1544.4,289.9,-40.5,-4.6,,,,
47.426,5,Atta_5,1553.3,2316.4,7.8,34.3,-0.2,,,,
47.426,6,Atta_6,1086.4,2658.0,28.5,-16.4,-3.8,,,,
47.426,7,Atta_7,565.8,2273.6,45.5,43.0,-2.9,,,,
47.426,8,Atta_8,200.2,2283.8,297.3,44.7,-5.3,,,,
47.426,9,Atta_9,128.2,1745.7,261.6,-17.6,-0.5,,,,
47.426,10,Atta_10,1415.0,1937.5,76.3,77.9,0.6,,,,
47.492,1,Atta_1,1670.0,2073.6,102.9,-79.3,7.0,,,,
47.492,2,Atta_2,309.8,1193.0,216.3,-99.3,2.7,,,,
47.492,3,Atta_3,118.0,1269.6,257.4,-39.3,1.9,,,,
47.492,4,Atta_4,2046.8,1481.2,282.8,71.9,-7.1,,,,
47.492,5,Atta_5,1554.9,2307.6,12.0,8.9,4.2,,,,
47.492,6,Atta_6,1086.0,2700.1,26.8,42.1,-1.7,,,,
47.492,7,Atta_7,577.6,2244.4,41.2,-31.5,-4.3,,,,
47.492,8,Atta_8,200.0,2361.8,294.2,-78.0,-3.1,,,,
47.492,9,Atta_9,115.3,1727.6,259.5,22.2,-2.1,,,,
47.492,10,Atta_10,1407.6,1857.6,73.7,-80.2,-2.6,,,,
47.562,1,Atta_1,1736.6,2076.5,106.0,-66.7,3.1,,,,
47.562,2,Atta_2,294.1,1233.8,213.8,-43.7,-2.5,,,,
47.562,3,Atta_3,53.0,1280.9,254.7,66.0,-2.7,,,,
47.562,4,Atta_4,2070.4,1444.5,277.4,43.6,-5.4,,,,
47.562,5,Atta_5,1581.8,2335.2,10.4,38.5,-1.6,,,,
47.562,6,Atta_6,1077.7,2660.3,25.2,-40.7,-1.6,,,,
47.562,7,Atta_7,510.1,2235.2,37.8,-68.1,-3.4,,,,
47.562,8,Atta_8,210.6,2305.5,297.8,57.3,3.6,,,,
47.562,9,Atta_9,94.3,1720.0,265.3,22.3,5.8,,,,
47.562,10,Atta_10,1424.0,1889.5,68.7,35.9,-5.0,,,,
47.629,1,Atta_1,1775.0,2074.7,110.9,-38.4,4.9,,,,
47.629,2,Atta_2,275.1,1272.3,215.9,-42.9,2.1,,,,
47.629,3,Atta_3,73.0,1323.1,256.3,-46.7,1.6,,,,
47.629,4,Atta_4,2058.8,1447.7,276.2,-12.0,-1.2,,,,
47.629,5,Atta_5,1599.2,2349.0,10.5,22.2,0.1,,,,
47.629,6,Atta_6,1091.0,2678.7,17.4,22.7,-7.8,,,,
47.629,7,Atta_7,548.7,2319.9,35.4,93.1,-2.4,,,,
47.629,8,Atta_8,183.2,2318.6,293.3,-30.4,-4.5,,,,
47.629,9,Atta_9,67.9,1621.2,261.9,102.3,-3.4,,,,
47.629,10,Atta_10,1356.9,1923.5,61.5,75.2,-7.2,,,,
47.692,1,Atta_1,1722.0,2134.3,112.3,79.8,1.4,,,,
47.692,2,Atta_2,207.5,1242.8,212.6,73.8,-3.3,,,,
47.692,3,Atta_3,43.0,1287.8,258.7,46.3,2.4,,,,
47.692,4,Atta_4,2064.3,1526.8,271.6,-79.3,-4.6,,,,
47.692,5,Atta_5,1565.4,2327.0,15.6,-40.3,5.1,,,,
47.692,6,Atta_6,1082.0,2686.5,16.9,-11.9,-0.5,,,,
47.692,7,Atta_7,488.4,2276.4,32.7,-74.4,-2.7,,,,
47.692,8,Atta_8,173.7,2327.9,292.8,-13.3,-0.5,,,,
47.692,9,Atta_9,106.7,1696.3,254.8,-84.5,-7.1,,,,
47.692,10,Atta_10,1357.3,1930.8,56.0,7.3,-5.5,,,,
47.758,1,Atta_1,1738.7,2099.6,118.2,-38.5,5.9,,,,
47.758,2,Atta_2,243.2,1242.8,212.5,-35.7,-0.1,,,,
47.758,3,Atta_3,102.0,1341.2,250.3,-79.6,-8.4,,,,
47.758,4,Atta_4,2060.2,1490.5,268.4,36.5,-3.2,,,,
47.758,5,Atta_5,1617.2,2411.6,9.3,99.2,-6.3,,,,
47.758,6,Atta_6,1088.8,2694.7,12.2,10.7,-4.7,,,,
47.758,7,Atta_7,537.6,2275.6,38.2,49.2,5.5,,,,
47.758,8,Atta_8,200.8,2319.7,293.7,28.3,0.9,,,,
47.758,9,Atta_9,139.6,1647.5,254.5,58.9,-0.3,,,,
47.758,10,Atta_10,1400.4,1883.1,52.5,-64.3,-3.5,,,,
47.827,1,Atta_1,1733.3,2099.6,121.3,5.4,3.1,,,,
47.827,2,Atta_2,235.5,1171.8,212.7,71.4,0.2,,,,
47.827,3,Atta_3,151.3,1360.6,256.9,-53.0,6.6,,,,
47.827,4,Atta_4,2091.2,1489.0,262.7,31.0,-5.7,,,,
47.827,5,Atta_5,1609.5,2393.5,13.6,-19.7,4.3,,,,
47.827,6,Atta_6,1074.1,2684.9,6.8,-17.7,-5.4,,,,
47.827,7,Atta_7,550.2,2260.2,31.6,19.9,-6.6,,,,
47.827,8,Atta_8,191.5,2294.7,297.8,26.7,4.1,,,,
47.827,9,Atta_9,114.2,1617.6,250.1,39.2,-4.4,,,,
47.827,10,Atta_10,1384.4,1906.2,52.2,28.1,-0.3,,,,
47.893,1,Atta_1,1677.4,2148.2,126.2,74.1,4.9,,,,
47.893,2,Atta_2,188.5,1222.8,212.4,69.4,-0.3,,,,
47.893,3,Atta_3,89.8,1315.2,254.3,76.4,-2.6,,,,
47.893,4,Atta_4,2076.1,1396.7,260.4,93.5,-2.3,,,,
47.893,5,Atta_5,1650.0,2349.1,9.8,60.1,-3.8,,,,
47.893,6,Atta_6,1089.2,2694.9,5.4,18.1,-1.4,,,,
47.893,7,Atta_7,564.0,2264.7,33.8,14.5,2.2,,,,
47.893,8,Atta_8,142.5,2292.8,301.4,-49.0,3.6,,,,
47.893,9,Atta_9,163.7,1647.9,247.8,-58.0,-2.3,,,,
47.893,10,Atta_10,1340.9,1889.4,50.0,-46.6,-2.2,,,,
47.963,1,Atta_1,1680.5,2158.0,134.1,10.3,7.9,,,,
47.963,2,Atta_2,257.3,1203.7,214.7,-71.4,2.3,,,,
47.963,3,Atta_3,105.1,1349.8,252.5,-37.8,-1.8,,,,
47.963,4,Atta_4,2061.7,1505.0,251.1,-109.3,-9.3,,,,
47.963,5,Atta_5,1641.3,2309.4,12.3,-40.6,2.5,,,,
47.963,6,Atta_6,1082.3,2689.8,359.8,-8.6,-5.6,,,,
47.963,7,Atta_7,574.5,2269.5,35.6,11.5,1.8,,,,
47.963,8,Atta_8,134.4,2362.2,307.4,-69.9,6.0,,,,
47.963,9,Atta_9,103.9,1687.1,240.1,-71.5,-7.7,,,,
47.963,10,Atta_10,1375.0,1875.4,52.3,36.9,2.3,,,,
48.032,1,Atta_1,1737.4,2104.0,137.5,-78.4,3.4,,,,
48.032,2,Atta_2,229.4,1168.2,215.3,45.2,0.6,,,,
48.032,3,Atta_3,32.3,1365.2,255.7,74.4,3.2,,,,
48.032,4,Atta_4,2046.8,1489.4,248.6,21.6,-2.5,,,,
48.032,5,Atta_5,1653.2,2332.8,12.3,26.3,0.0,,,,
48.032,6,Atta_6,1061.7,2656.3,352.1,-39.3,-7.7,,,,
48.032,7,Atta_7,540.2,2305.6,34.2,-49.8,-1.4,,,,
48.032,8,Atta_8,205.0,2351.7,311.5,71.4,4.1,,,,
48.032,9,Atta_9,106.7,1663.3,235.2,24.0,-4.9,,,,
48.032,10,Atta_10,1385.6,1922.2,56.3,48.0,4.0,,,,
48.098,1,Atta_1,1685.2,2079.0,139.1,57.9,1.6,,,,
48.098,2,Atta_2,282.1,1184.6,213.6,-55.2,-1.7,,,,
48.098,3,Atta_3,103.6,1385.6,255.4,-74.2,-0.3,,,,
48.098,4,Atta_4,2069.8,1482.7,245.8,-24.0,-2.8,,,,
48.098,5,Atta_5,1647.7,2379.1,13.2,46.6,0.9,,,,
48.098,6,Atta_6,1084.6,2711.3,352.2,59.6,0.1,,,,
48.098,7,Atta_7,551.0,2343.3,34.7,39.2,0.5,,,,
48.098,8,Atta_8,201.1,2373.3,318.6,-21.9,7.1,,,,
48.098,9,Atta_9,162.9,1715.1,230.5,-76.4,-4.7,,,,
48.098,10,Atta_10,1417.3,1910.6,54.5,33.8,-1.8,,,,
48.148,1,Atta_1,1660.5,2134.2,143.5,60.5,4.4,,,,
48.148,2,Atta_2,233.8,1183.2,209.8,48.3,-3.8,,,,
48.148,3,Atta_3,156.6,1368.3,255.2,55.8,-0.2,,,,
48.148,4,Atta_4,2066.1,1441.8,238.5,41.1,-7.3,,,,
48.148,5,Atta_5,1647.3,2359.6,13.3,-19.5,0.1,,,,
48.148,6,Atta_6,1127.0,2659.0,350.3,67.3,-1.9,,,,
48.148,7,Atta_7,637.0,2282.1,36.3,105.6,1.6,,,,
48.148,8,Atta_8,169.9,2321.5,321.5,60.5,2.9,,,,
48.148,9,Atta_9,140.7,1701.8,226.0,25.9,-4.5,,,,
48.148,10,Atta_10,1401.7,1925.8,52.2,21.8,-2.3,,,,
48.218,1,Atta_1,1750.9,2098.1,142.7,-97.3,-0.8,,,,
48.218,2,Atta_2,203.3,1193.9,213.7,32.3,3.9,,,,
48.218,3,Atta_3,55.5,1404.9,263.6,-107.5,8.4,,,,
48.218,4,Atta_4,2103.3,1469.7,234.5,-46.5,-4.0,,,,
48.218,5,Atta_5,1697.5,2358.9,9.0,50.2,-4.3,,,,
48.218,6,Atta_6,1040.3,2629.2,342.5,-91.7,-7.8,,,,
48.218,7,Atta_7,526.5,2370.0,33.2,-141.2,-3.1,,,,
48.218,8,Atta_8,204.1,2358.9,325.4,50.7,3.9,,,,
48.218,9,Atta_9,154.8,1717.7,221.8,-21.3,-4.2,,,,
48.218,10,Atta_10,1368.0,1867.5,55.5,-67.3,3.3,,,,
48.337,1,Atta_1,1706.9,2107.3,143.4,45.0,0.7,,,,
48.337,2,Atta_2,156.5,1219.1,214.2,53.2,0.5,,,,
48.337,3,Atta_3,64.1,1318.4,270.1,86.9,6.5,,,,
48.337,4,Atta_4,2080.6,1520.0,226.3,-55.2,-8.2,,,,
48.337,5,Atta_5,1713.3,2358.1,10.4,15.8,1.4,,,,
48.337,6,Atta_6,1101.1,2720.6,331.2,109.8,-11.3,,,,
48.337,7,Atta_7,555.7,2383.7,32.8,32.3,-0.4,,,,
48.337,8,Atta_8,161.7,2312.4,322.4,-62.9,-3.0,,,,
48.337,9,Atta_9,167.4,1663.3,218.3,55.8,-3.5,,,,
48.337,10,Atta_10,1385.2,1862.3,50.2,18.0,-5.3,,,,
48.404,1,Atta_1,1766.0,2072.8,141.4,-68.4,-2.0,,,,
48.404,2,Atta_2,174.8,1165.3,212.3,56.8,-1.9,,,,
48.404,3,Atta_3,131.1,1415.5,274.2,-118.0,4.1,,,,
48.404,4,Atta_4,2098.2,1482.8,219.0,41.2,-7.3,,,,
48.404,5,Atta_5,1710.2,2372.2,11.5,-14.4,1.1,,,,
48.404,6,Atta_6,1058.3,2666.3,331.4,-69.1,0.2,,,,
48.404,7,Atta_7,628.6,2358.3,33.6,77.2,0.8,,,,
48.404,8,Atta_8,254.8,2311.7,320.7,93.1,-1.7,,,,
48.404,9,Atta_9,176.6,1655.6,221.1,-12.0,2.8,,,,
48.404,10,Atta_10,1352.6,1858.4,49.9,-32.8,-0.3,,,,
48.527,1,Atta_1,1647.7,2088.0,138.0,119.3,-3.4,,,,
48.527,2,Atta_2,85.1,1135.3,215.8,94.6,3.5,,,,
48.527,3,Atta_3,95.9,1365.7,280.2,61.0,6.0,,,,
48.527,4,Atta_4,2151.1,1514.7,216.7,-61.8,-2.3,,,,
48.527,5,Atta_5,1767.1,2380.6,10.0,57.5,-1.5,,,,
48.527,6,Atta_6,1076.4,2695.9,328.7,34.7,-2.7,,,,
48.527,7,Atta_7,644.3,2361.8,34.2,16.1,0.6,,,,
48.527,8,Atta_8,156.8,2312.1,320.7,-98.0,0.0,,,,
48.527,9,Atta_9,147.5,1632.0,222.7,37.5,1.6,,,,
48.527,10,Atta_10,1332.6,1864.6,48.5,-20.9,-1.4,,,,
48.593,1,Atta_1,1670.8,2105.7,142.2,-29.1,4.2,,,,
48.593,2,Atta_2,135.7,1167.8,213.7,-60.1,-2.1,,,,
48.593,3,Atta_3,102.0,1394.4,282.9,-29.3,2.7,,,,
48.593,4,Atta_4,2089.2,1479.1,210.3,71.4,-6.4,,,,
48.593,5,Atta_5,1668.9,2301.2,11.7,-126.3,1.7,,,,
48.593,6,Atta_6,1042.2,2744.5,331.9,-59.4,3.2,,,,
48.593,7,Atta_7,594.3,2333.6,34.5,-57.4,0.3,,,,
48.593,8,Atta_8,219.6,2373.2,320.3,87.6,-0.4,,,,
48.593,9,Atta_9,132.2,1629.5,221.5,15.5,-1.2,,,,
48.593,10,Atta_10,1311.9,1829.6,50.5,-40.7,2.0,,,,
48.66,2,Atta_2,141.1,1135.6,216.8,32.6,3.1,,,,
48.66,3,Atta_3,70.2,1371.2,290.6,39.4,7.7,,,,
48.66,4,Atta_4,2074.0,1519.5,208.3,-43.2,-2.0,,,,
48.66,5,Atta_5,1768.3,2363.2,7.3,117.2,-4.4,,,,
48.66,6,Atta_6,1108.8,2732.0,335.0,67.8,3.1,,,,
48.66,7,Atta_7,606.3,2380.0,31.3,47.9,-3.2,,,,
48.66,8,Atta_8,210.9,2256.9,319.2,116.6,-1.1,,,,
48.66,9,Atta_9,106.2,1725.0,223.3,-99.0,1.8,,,,
48.66,10,Atta_10,1331.6,1884.8,51.7,58.6,1.2,,,,
48.729,1,Atta_1,1674.8,2121.9,139.3,16.7,-2.9,,,,
48.729,2,Atta_2,129.0,1118.7,214.9,20.8,-1.9,,,,
48.729,3,Atta_3,101.1,1383.8,293.3,-33.4,2.7,,,,
48.729,4,Atta_4,2062.5,1494.2,202.1,27.8,-6.2,,,,
48.729,5,Atta_5,1798.2,2387.5,13.5,38.5,6.2,,,,
48.729,6,Atta_6,1107.7,2653.9,331.2,78.1,-3.8,,,,
48.729,7,Atta_7,654.1,2356.0,36.3,53.5,5.0,,,,
48.729,8,Atta_8,194.2,2318.0,321.6,-63.3,2.4,,,,
48.729,9,Atta_9,112.8,1693.8,228.9,31.9,5.6,,,,
48.729,10,Atta_10,1363.2,1818.7,54.2,-73.3,2.5,,,,
48.797,1,Atta_1,1632.3,2140.9,145.2,46.6,5.9,,,,
48.797,2,Atta_2,117.7,1128.6,212.4,15.0,-2.5,,,,
48.797,3,Atta_3,101.3,1365.2,297.4,18.6,4.1,,,,
48.797,4,Atta_4,2083.7,1470.2,198.4,-32.0,-3.7,,,,
48.797,5,Atta_5,1828.9,2311.5,13.0,82.0,-0.5,,,,
48.797,6,Atta_6,1108.3,2667.2,328.5,-13.3,-2.7,,,,
48.797,7,Atta_7,668.2,2436.3,32.9,81.5,-3.4,,,,
48.797,8,Atta_8,163.6,2250.1,321.2,74.5,-0.4,,,,
48.797,9,Atta_9,120.1,1700.6,232.0,-10.0,3.1,,,,
48.797,10,Atta_10,1315.9,1878.3,54.2,76.1,0.0,,,,
48.863,1,Atta_1,1618.2,2134.3,142.3,15.6,-2.9,,,,
48.863,2,Atta_2,127.7,1110.3,214.9,20.9,2.5,,,,
48.863,3,Atta_3,109.5,1407.6,303.4,-43.2,6.0,,,,
48.863,4,Atta_4,2099.4,1477.6,198.7,-17.4,0.3,,,,
48.863,5,Atta_5,1794.0,2418.4,11.8,-112.5,-1.2,,,,
48.863,6,Atta_6,1142.1,2656.5,332.4,35.5,3.9,,,,
48.863,7,Atta_7,685.6,2380.6,34.6,-58.4,1.7,,,,
48.863,8,Atta_8,235.8,2233.5,322.0,74.1,0.8,,,,
48.863,9,Atta_9,112.6,1723.5,240.3,-24.1,8.3,,,,
48.863,10,Atta_10,1314.5,1828.4,61.5,-49.9,7.3,,,,
48.933,1,Atta_1,1672.8,2151.1,139.8,-57.1,-2.5,,,,
48.933,2,Atta_2,96.2,1132.8,212.7,38.7,-2.2,,,,
48.933,3,Atta_3,99.0,1454.3,304.5,-47.9,1.1,,,,
48.933,4,Atta_4,2157.5,1494.7,199.5,-60.6,0.8,,,,
48.933,5,Atta_5,1803.5,2410.2,11.0,12.5,-0.8,,,,
48.933,6,Atta_6,1114.8,2634.4,326.9,-35.1,-5.5,,,,
48.933,8,Atta_8,220.6,2273.4,322.8,-42.7,0.8,,,,
48.933,9,Atta_9,137.0,1685.9,242.5,44.8,2.2,,,,
48.933,10,Atta_10,1345.8,1851.5,62.0,38.9,0.5,,,,
49.001,1,Atta_1,1683.3,2151.9,141.1,-10.5,1.3,,,,
49.001,2,Atta_2,62.6,1118.3,219.6,36.6,6.9,,,,
49.001,3,Atta_3,57.9,1432.6,311.2,-46.5,6.7,,,,
49.001,4,Atta_4,2061.4,1487.0,199.6,96.4,0.1,,,,
49.001,5,Atta_5,1816.3,2374.0,12.4,38.4,1.4,,,,
49.001,6,Atta_6,1158.9,2706.9,331.0,-84.9,4.1,,,,
49.001,7,Atta_7,680.5,2357.3,34.9,-23.9,0.3,,,,
49.001,8,Atta_8,265.1,2243.2,324.6,53.8,1.8,,,,
49.001,9,Atta_9,139.8,1670.5,248.4,15.7,5.9,,,,
49.001,10,Atta_10,1366.8,1842.6,65.0,22.8,3.0,,,,
49.067,1,Atta_1,1646.3,2176.5,144.0,44.4,2.9,,,,
49.067,2,Atta_2,78.0,1125.2,215.5,-16.9,-4.1,,,,
49.067,3,Atta_3,81.8,1347.2,316.4,88.7,5.2,,,,
49.067,4,Atta_4,2098.4,1509.9,202.8,-43.5,3.2,,,,
49.067,5,Atta_5,1820.7,2408.4,13.5,34.7,1.1,,,,
49.067,6,Atta_6,1167.4,2666.1,334.3,41.7,3.3,,,,
49.067,7,Atta_7,737.1,2377.3,31.4,60.0,-3.5,,,,
49.067,8,Atta_8,195.5,2242.6,323.0,-69.6,-1.6,,,,
49.067,9,Atta_9,107.7,1696.5,245.1,-41.3,-3.3,,,,
49.067,10,Atta_10,1312.0,1877.6,72.8,65.0,7.8,,,,
49.135,1,Atta_1,1615.2,2173.9,145.0,31.2,1.0,,,,
49.135,2,Atta_2,167.8,1172.7,215.5,-101.6,0.0,,,,
49.135,3,Atta_3,57.8,1376.0,319.7,-37.5,3.3,,,,
49.135,4,Atta_4,2073.4,1493.5,201.5,29.9,-1.3,,,,
49.135,5,Atta_5,1858.0,2404.7,10.2,37.5,-3.3,,,,
49.135,6,Atta_6,1127.6,2649.2,331.2,-43.2,-3.1,,,,
49.135,7,Atta_7,664.6,2438.5,31.5,-94.9,0.1,,,,
49.135,8,Atta_8,308.0,2222.7,319.9,114.2,-3.1,,,,
49.135,9,Atta_9,143.0,1706.3,243.5,-36.6,-1.6,,,,
49.135,10,Atta_10,1276.6,1893.8,78.9,38.9,6.1,,,,
49.187,1,Atta_1,1593.6,2177.7,144.3,21.9,-0.7,,,,
49.187,2,Atta_2,149.6,1161.0,219.6,21.6,4.1,,,,
49.187,3,Atta_3,56.5,1419.5,328.5,-43.5,8.8,,,,
49.187,4,Atta_4,2086.1,1486.1,197.4,-14.7,-4.1,,,,
49.187,5,Atta_5,1839.6,2376.7,10.7,-33.5,0.5,,,,
49.187,6,Atta_6,1145.3,2610.6,331.1,42.5,-0.1,,,,
49.187,7,Atta_7,705.0,2441.1,31.0,40.5,-0.5,,,,
49.187,8,Atta_8,242.8,2300.9,321.8,-101.8,1.9,,,,
49.187,9,Atta_9,113.4,1675.8,248.7,42.5,5.2,,,,
49.187,10,Atta_10,1346.0,1861.1,85.0,-76.7,6.1,,,,
49.254,1,Atta_1,1586.0,2151.1,138.5,-27.7,-5.8,,,,
49.254,2,Atta_2,153.2,1200.1,216.5,-39.3,-3.1,,,,
49.254,3,Atta_3,101.2,1419.5,326.5,44.7,-2.0,,,,
49.254,4,Atta_4,2086.6,1471.0,201.7,15.1,4.3,,,,
49.254,5,Atta_5,1878.8,2412.8,9.9,53.3,-0.8,,,,
49.254,6,Atta_6,1187.8,2632.0,331.3,47.6,0.2,,,,
49.254,7,Atta_7,746.4,2395.1,37.2,61.9,6.2,,,,
49.254,8,Atta_8,299.9,2206.5,323.2,110.3,1.4,,,,
49.254,9,Atta_9,143.2,1718.7,245.6,-52.2,-3.1,,,,
49.254,10,Atta_10,1288.4,1881.7,86.2,61.2,1.2,,,,
49.321,1,Atta_1,1583.2,2196.9,140.3,45.9,1.8,,,,
49.321,2,Atta_2,189.1,1134.1,217.4,75.1,0.9,,,,
49.321,3,Atta_3,98.0,1334.7,331.9,84.9,5.4,,,,
49.321,4,Atta_4,2021.7,1472.3,198.4,64.9,-3.3,,,,
49.321,5,Atta_5,1865.1,2368.4,9.4,-46.5,-0.5,,,,
49.321,6,Atta_6,1141.9,2618.8,330.7,-47.8,-0.6,,,,
49.321,7,Atta_7,723.2,2431.0,32.8,42.7,-4.4,,,,
49.321,8,Atta_8,272.4,2241.3,321.4,-44.4,-1.8,,,,
49.321,9,Atta_9,175.0,1654.8,247.5,71.4,1.9,,,,
49.321,10,Atta_10,1344.9,1846.1,91.5,-66.8,5.3,,,,
49.388,1,Atta_1,1597.1,2154.7,140.6,-44.4,0.3,,,,
49.388,2,Atta_2,172.1,1153.7,217.1,25.9,-0.3,,,,
49.388,3,Atta_3,111.2,1371.9,337.6,-39.5,5.7,,,,
49.388,4,Atta_4,2015.3,1428.4,197.2,44.4,-1.2,,,,
49.388,5,Atta_5,1887.0,2398.7,10.9,37.4,1.5,,,,
49.388,6,Atta_6,1156.5,2644.9,330.2,-29.9,-0.5,,,,
49.388,7,Atta_7,722.7,2403.5,32.9,-27.5,0.1,,,,
49.388,8,Atta_8,262.2,2214.9,320.8,28.3,-0.6,,,,
49.388,9,Atta_9,133.5,1672.2,248.6,-45.0,1.1,,,,
49.388,10,Atta_10,1363.3,1767.3,94.4,-80.9,2.9,,,,
49.456,1,Atta_1,1641.4,2183.1,142.4,-52.6,1.8,,,,
49.456,2,Atta_2,141.6,1140.9,220.2,33.1,3.1,,,,
49.456,3,Atta_3,109.0,1358.0,344.3,14.1,6.7,,,,
49.456,4,Atta_4,2016.1,1454.9,200.2,-26.5,3.0,,,,
49.456,5,Atta_5,1893.9,2373.3,12.1,26.3,1.2,,,,
49.456,6,Atta_6,1206.8,2634.5,333.0,51.4,2.8,,,,
49.456,7,Atta_7,752.9,2395.1,33.2,31.3,0.3,,,,
49.456,8,Atta_8,315.4,2234.2,320.6,56.6,-0.2,,,,
49.456,9,Atta_9,119.2,1648.8,246.7,27.4,-1.9,,,,
49.456,10,Atta_10,1292.9,1836.6,100.4,98.8,6.0,,,,
49.511,1,Atta_1,1520.9,2186.3,141.3,120.5,-1.1,,,,
49.511,2,Atta_2,159.1,1177.4,224.3,-40.5,4.1,,,,
49.511,3,Atta_3,116.6,1369.2,350.3,13.5,6.0,,,,
49.511,4,Atta_4,2073.3,1418.2,204.3,-68.0,4.1,,,,
49.511,5,Atta_5,1897.5,2405.2,11.2,32.1,-0.9,,,,
49.511,6,Atta_6,1190.3,2620.7,332.7,-21.5,-0.3,,,,
49.511,7,Atta_7,815.6,2449.5,34.0,83.0,0.8,,,,
49.511,8,Atta_8,269.6,2217.8,321.8,-48.6,1.2,,,,
49.511,9,Atta_9,169.0,1669.8,247.1,-54.0,0.4,,,,
49.511,10,Atta_10,1370.0,1869.0,103.5,83.6,3.1,,,,
49.582,1,Atta_1,1534.4,2194.6,142.0,-15.8,0.7,,,,
49.582,2,Atta_2,82.4,1105.1,230.2,105.4,5.9,,,,
49.582,3,Atta_3,109.7,1410.1,348.8,-41.5,-1.5,,,,
49.582,4,Atta_4,2030.5,1370.7,203.7,63.9,-0.6,,,,
49.582,5,Atta_5,1812.1,2401.4,9.6,-85.5,-1.6,,,,
49.582,6,Atta_6,1203.0,2608.9,330.2,17.3,-2.5,,,,
49.582,7,Atta_7,803.5,2410.6,37.0,-40.7,3.0,,,,
49.582,8,Atta_8,344.8,2206.0,322.3,76.1,0.5,,,,
49.582,9,Atta_9,121.8,1647.7,245.3,52.1,-1.8,,,,
49.582,10,Atta_10,1342.6,1816.0,107.7,-59.7,4.2,,,,
49.652,1,Atta_1,1551.8,2235.2,146.9,44.2,4.9,,,,
49.652,2,Atta_2,149.0,1173.7,234.5,-95.6,4.3,,,,
49.652,3,Atta_3,105.2,1426.2,351.1,-16.7,2.3,,,,
49.652,4,Atta_4,1958.5,1453.8,200.2,110.0,-3.5,,,,
49.652,5,Atta_5,1938.7,2412.9,8.3,127.1,-1.3,,,,
49.652,6,Atta_6,1254.7,2568.9,327.6,65.4,-2.6,,,,
49.652,7,Atta_7,762.4,2439.0,35.3,-50.0,-1.7,,,,
49.652,8,Atta_8,336.8,2207.2,318.5,-8.1,-3.8,,,,
49.652,9,Atta_9,68.9,1573.1,251.3,91.5,6.0,,,,
49.652,10,Atta_10,1327.2,1858.6,104.5,45.3,-3.2,,,,
49.715,1,Atta_1,1534.0,2182.4,143.0,-55.7,-3.9,,,,
49.715,2,Atta_2,154.4,1155.7,240.8,18.8,6.3,,,,
49.715,3,Atta_3,142.0,1392.7,349.1,49.8,-2.0,,,,
49.715,4,Atta_4,1967.6,1449.1,199.8,-10.2,-0.4,,,,
49.715,5,Atta_5,1943.8,2417.4,14.5,6.8,6.2,,,,
49.715,6,Atta_6,1229.2,2580.3,332.6,-27.9,5.0,,,,
49.715,7,Atta_7,768.6,2459.8,31.5,21.7,-3.8,,,,
49.715,8,Atta_8,320.8,2214.2,322.6,-17.5,4.1,,,,
49.715,9,Atta_9,89.2,1652.3,253.0,-81.8,1.7,,,,
49.715,10,Atta_10,1297.0,1902.6,106.9,53.4,2.4,,,,
49.836,1,Atta_1,1503.9,2316.0,144.5,136.9,1.5,,,,
49.836,2,Atta_2,120.0,1182.5,246.0,-43.6,5.2,,,,
49.836,3,Atta_3,105.0,1398.2,352.0,-37.4,2.9,,,,
49.836,4,Atta_4,1926.5,1452.2,200.7,41.2,0.9,,,,
49.836,5,Atta_5,1892.2,2357.6,11.5,-79.0,-3.0,,,,
49.836,6,Atta_6,1275.9,2631.6,332.0,69.4,-0.6,,,,
49.836,7,Atta_7,812.9,2465.2,33.4,44.6,1.9,,,,
49.836,8,Atta_8,346.1,2255.5,321.0,-48.4,-1.6,,,,
49.836,9,Atta_9,139.1,1608.8,246.4,66.2,-6.6,,,,
49.836,10,Atta_10,1338.4,1844.7,106.8,-71.2,-0.1,,,,
49.906,1,Atta_1,1533.1,2214.4,143.3,-105.7,-1.2,,,,
49.906,2,Atta_2,168.3,1170.0,253.6,-49.9,7.6,,,,
49.906,3,Atta_3,67.1,1393.9,348.2,-38.1,-3.8,,,,
49.906,4,Atta_4,1952.5,1465.5,201.1,-29.2,0.4,,,,
49.906,5,Atta_5,1944.8,2361.9,14.5,52.8,3.0,,,,
49.906,6,Atta_6,1252.8,2531.3,330.1,102.9,-1.9,,,,
49.906,7,Atta_7,813.1,2457.0,35.5,-8.2,2.1,,,,
49.906,8,Atta_8,330.8,2156.2,325.0,100.5,4.0,,,,
49.906,9,Atta_9,44.0,1639.6,250.2,100.0,3.8,,,,
49.906,10,Atta_10,1348.6,1842.1,107.2,-10.5,0.4,,,,
50.038,1,Atta_1,1475.1,2239.1,139.3,63.0,-4.0,,,,
50.038,2,Atta_2,214.7,1196.3,255.1,-53.3,1.5,,,,
50.038,3,Atta_3,101.1,1360.9,347.9,47.4,-0.3,,,,
50.038,4,Atta_4,2003.1,1385.5,202.2,-94.7,1.1,,,,
50.038,5,Atta_5,2013.5,2389.3,11.7,74.0,-2.8,,,,
50.038,6,Atta_6,1284.8,2614.0,334.5,-88.7,4.4,,,,
50.038,7,Atta_7,839.8,2447.9,34.9,28.2,-0.6,,,,
50.038,8,Atta_8,353.9,2218.7,318.7,-66.6,-6.3,,,,
50.038,9,Atta_9,65.1,1550.8,246.1,91.3,-4.1,,,,
50.038,10,Atta_10,1344.3,1920.1,108.7,78.1,1.5,,,,
50.104,1,Atta_1,1526.5,2252.6,144.0,-53.1,4.7,,,,
50.104,2,Atta_2,152.1,1173.2,260.0,66.7,4.9,,,,
50.104,3,Atta_3,125.4,1363.0,345.8,24.4,-2.1,,,,
50.104,4,Atta_4,1898.2,1422.0,199.9,111.1,-2.3,,,,
50.104,5,Atta_5,2018.9,2427.0,8.5,38.1,-3.2,,,,
50.104,6,Atta_6,1325.0,2538.5,330.3,85.5,-4.2,,,,
50.104,7,Atta_7,824.9,2448.6,32.7,-14.9,-2.2,,,,
50.104,8,Atta_8,387.4,2112.6,320.6,111.3,1.9,,,,
50.104,9,Atta_9,93.9,1543.6,245.8,-29.7,-0.3,,,,
50.104,10,Atta_10,1306.1,1880.0,106.4,-55.4,-2.3,,,,
50.173,1,Atta_1,1456.9,2257.5,141.9,69.8,-2.1,,,,
50.173,2,Atta_2,143.2,1180.0,270.5,-11.2,10.5,,,,
50.173,3,Atta_3,99.9,1365.4,350.9,-25.6,5.1,,,,
50.173,4,Atta_4,1916.2,1404.8,202.4,-24.9,2.5,,,,
50.173,5,Atta_5,2092.2,2350.1,9.2,106.2,0.7,,,,
50.173,6,Atta_6,1309.1,2565.7,333.7,-31.5,3.4,,,,
50.173,7,Atta_7,833.0,2511.7,32.8,63.6,0.1,,,,
50.173,8,Atta_8,372.1,2172.6,322.1,-61.9,1.5,,,,
50.173,9,Atta_9,67.2,1547.4,250.1,27.0,4.3,,,,
50.173,10,Atta_10,1343.8,1970.0,102.0,97.6,-4.4,,,,
50.307,1,Atta_1,1475.7,2275.2,148.7,-25.8,6.8,,,,
50.307,2,Atta_2,124.3,1171.0,275.8,20.9,5.3,,,,
50.307,3,Atta_3,187.2,1396.9,350.3,92.8,-0.6,,,,
50.307,4,Atta_4,1893.7,1399.3,200.3,23.2,-2.1,,,,
50.307,5,Atta_5,2022.5,2386.0,15.4,-78.4,6.2,,,,
50.307,6,Atta_6,1311.6,2553.0,333.3,12.9,-0.4,,,,
50.307,7,Atta_7,837.0,2560.9,32.5,49.4,-0.3,,,,
50.307,8,Atta_8,447.6,2221.5,319.1,90.0,-3.0,,,,
50.307,9,Atta_9,15.5,1570.0,248.8,-56.4,-1.3,,,,
50.307,10,Atta_10,1357.7,1936.5,106.7,-36.3,4.7,,,,
50.373,1,Atta_1,1447.3,2292.0,153.5,33.0,4.8,,,,
50.373,2,Atta_2,166.9,1169.3,276.6,42.6,0.8,,,,
50.373,3,Atta_3,206.9,1393.2,349.5,20.0,-0.8,,,,
50.373,4,Atta_4,1908.5,1398.4,203.3,-14.8,3.0,,,,
50.373,5,Atta_5,1983.1,2441.4,8.1,-68.0,-7.3,,,,
50.373,6,Atta_6,1354.4,2504.0,329.7,65.1,-3.6,,,,
50.373,7,Atta_7,919.3,2504.2,39.1,99.9,6.6,,,,
50.373,8,Atta_8,438.8,2154.7,318.5,67.4,-0.6,,,,
50.373,9,Atta_9,64.3,1497.8,247.3,87.1,-1.5,,,,
50.373,10,Atta_10,1341.6,1893.7,109.6,-45.7,2.9,,,,
50.442,1,Atta_1,1519.6,2263.6,158.2,-77.7,4.7,,,,
50.442,2,Atta_2,210.6,1204.0,279.8,-55.8,3.2,,,,
50.442,3,Atta_3,197.5,1368.4,347.3,-26.5,-2.2,,,,
50.442,4,Atta_4,1821.2,1397.6,195.6,87.3,-7.7,,,,
50.442,5,Atta_5,2047.1,2401.9,13.5,75.2,5.4,,,,
50.442,6,Atta_6,1371.5,2579.4,331.2,-77.3,1.5,,,,
50.442,7,Atta_7,858.8,2542.9,36.4,-71.8,-2.7,,,,
50.442,8,Atta_8,392.7,2151.9,326.3,-46.2,7.8,,,,
50.442,9,Atta_9,122.2,1559.8,244.4,-84.8,-2.9,,,,
50.442,10,Atta_10,1356.9,1879.7,108.0,-20.7,-1.6,,,,
50.51,1,Atta_1,1469.0,2265.0,161.3,50.6,3.1,,,,
50.51,2,Atta_2,183.8,1215.6,275.0,-29.2,-4.8,,,,
50.51,3,Atta_3,213.4,1373.9,348.8,16.8,1.5,,,,
50.51,4,Atta_4,1862.9,1361.9,199.1,-54.9,3.5,,,,
50.51,5,Atta_5,2023.8,2477.9,12.6,-79.5,-0.9,,,,
50.51,6,Atta_6,1363.6,2572.1,334.6,-10.8,3.4,,,,
50.51,7,Atta_7,919.6,2478.8,37.4,88.3,1.0,,,,
50.51,8,Atta_8,516.3,2081.7,324.0,142.1,-2.3,,,,
50.51,9,Atta_9,83.3,1513.0,241.2,60.9,-3.2,,,,
50.51,10,Atta_10,1254.8,1957.3,107.5,128.2,-0.5,,,,
50.583,1,Atta_1,1472.1,2260.4,168.6,-5.5,7.3,,,,
50.583,2,Atta_2,157.2,1171.9,272.1,51.2,-2.9,,,,
50.583,3,Atta_3,233.7,1314.7,348.6,62.6,-0.2,,,,
50.583,4,Atta_4,1855.2,1426.7,201.1,-65.3,2.0,,,,
50.583,5,Atta_5,2027.9,2450.0,12.5,-28.2,-0.1,,,,
50.583,6,Atta_6,1345.4,2578.6,329.2,-19.3,-5.4,,,,
50.583,7,Atta_7,916.2,2547.5,36.7,68.8,-0.7,,,,
50.583,8,Atta_8,465.0,2133.8,322.0,-73.1,-2.0,,,,
50.583,9,Atta_9,105.3,1539.7,246.0,-34.6,4.8,,,,
50.583,10,Atta_10,1312.3,1961.9,109.5,-57.7,2.0,,,,
50.637,1,Atta_1,1438.9,2314.4,171.1,63.4,2.5,,,,
50.637,2,Atta_2,128.1,1163.6,272.5,30.3,0.4,,,,
50.637,3,Atta_3,231.8,1344.9,349.4,-30.3,0.8,,,,
50.637,4,Atta_4,1795.2,1425.9,202.9,60.0,1.8,,,,
50.637,5,Atta_5,2076.2,2476.1,14.1,54.9,1.6,,,,
50.637,6,Atta_6,1317.3,2519.7,322.1,65.3,-7.1,,,,
50.637,7,Atta_7,917.5,2527.5,37.5,-20.0,0.8,,,,
50.637,8,Atta_8,466.0,2114.0,323.2,19.8,1.2,,,,
50.637,9,Atta_9,70.8,1535.0,245.3,34.8,-0.7,,,,
50.637,10,Atta_10,1318.2,1930.2,109.4,-32.2,-0.1,,,,
50.707,1,Atta_1,1458.4,2301.1,173.0,-23.6,1.9,,,,
50.707,2,Atta_2,214.3,1208.0,272.6,-97.0,0.1,,,,
50.707,3,Atta_3,259.5,1320.3,347.1,37.0,-2.3,,,,
50.707,4,Atta_4,1818.0,1321.3,203.6,107.1,0.7,,,,
50.707,5,Atta_5,2094.5,2480.7,13.2,18.9,-0.9,,,,
50.707,6,Atta_6,1344.0,2569.8,320.7,-56.8,-1.4,,,,
50.707,7,Atta_7,962.5,2563.9,32.9,57.9,-4.6,,,,
50.707,8,Atta_8,491.5,2107.0,320.8,26.4,-2.4,,,,
50.707,9,Atta_9,133.6,1628.2,244.9,-112.4,-0.4,,,,
50.707,10,Atta_10,1288.2,1970.2,113.4,50.0,4.0,,,,
50.777,1,Atta_1,1430.3,2254.1,182.4,54.8,9.4,,,,
50.777,2,Atta_2,174.0,1126.5,272.8,90.9,0.2,,,,
50.777,3,Atta_3,244.5,1349.1,348.4,-32.5,1.3,,,,
50.777,4,Atta_4,1783.4,1372.7,202.4,62.0,-1.2,,,,
50.777,5,Atta_5,2094.2,2429.4,9.8,-51.3,-3.4,,,,
50.777,6,Atta_6,1339.4,2529.4,315.6,40.7,-5.1,,,,
50.777,7,Atta_7,919.5,2553.9,31.9,-44.1,-1.0,,,,
50.777,8,Atta_8,471.7,2098.1,325.9,-21.7,5.1,,,,
50.777,9,Atta_9,119.6,1546.4,242.8,83.0,-2.1,,,,
50.777,10,Atta_10,1312.5,1959.0,118.8,-26.8,5.4,,,,
50.845,1,Atta_1,1469.8,2323.3,182.9,-79.7,0.5,,,,
50.845,2,Atta_2,159.6,1127.5,272.5,-14.4,-0.3,,,,
50.845,3,Atta_3,267.7,1298.7,349.4,55.5,1.0,,,,
50.845,4,Atta_4,1832.1,1332.3,199.2,-63.3,-3.2,,,,
50.845,5,Atta_5,2126.6,2444.2,15.6,35.6,5.8,,,,
50.845,6,Atta_6,1333.4,2522.0,309.6,9.5,-6.0,,,,
50.845,7,Atta_7,931.7,2549.4,33.4,13.0,1.5,,,,
50.845,8,Atta_8,474.9,2086.7,325.2,11.8,-0.7,,,,
50.845,9,Atta_9,81.5,1539.0,246.6,38.8,3.8,,,,
50.845,10,Atta_10,1307.4,1997.5,118.9,38.8,0.1,,,,
50.914,1,Atta_1,1457.7,2306.6,189.6,20.6,6.7,,,,
50.914,2,Atta_2,92.5,1093.8,271.6,75.1,-0.9,,,,
50.914,3,Atta_3,195.8,1369.8,351.1,-101.1,1.7,,,,
50.914,4,Atta_4,1842.1,1400.7,202.4,-69.1,3.2,,,,
50.914,5,Atta_5,2129.7,2426.9,10.6,-17.6,-5.0,,,,
50.914,6,Atta_6,1322.7,2534.7,301.7,-16.6,-7.9,,,,
50.914,7,Atta_7,932.4,2530.4,38.0,-19.0,4.6,,,,
50.914,8,Atta_8,497.5,2078.7,321.6,24.0,-3.6,,,,
50.914,9,Atta_9,117.9,1622.6,249.7,-91.2,3.1,,,,
50.914,10,Atta_10,1282.5,1926.3,126.1,-75.4,7.2,,,,
50.98,1,Atta_1,1493.2,2246.9,192.4,-69.5,2.8,,,,
50.98,2,Atta_2,215.8,1191.1,274.9,-157.1,3.3,,,,
50.98,3,Atta_3,284.7,1288.8,349.5,120.3,-1.6,,,,
50.98,4,Atta_4,1782.7,1385.6,201.8,61.3,-0.6,,,,
50.98,5,Atta_5,2166.6,2455.1,11.3,46.4,0.7,,,,
50.98,6,Atta_6,1336.7,2521.3,301.4,19.4,-0.3,,,,
50.98,7,Atta_7,968.7,2567.8,34.0,52.1,-4.0,,,,
50.98,8,Atta_8,531.3,2027.6,321.7,61.3,0.1,,,,
50.98,9,Atta_9,105.9,1596.4,254.5,28.8,4.8,,,,
50.98,10,Atta_10,1328.0,1970.0,126.8,63.1,0.7,,,,
51.046,1,Atta_1,1506.2,2288.3,200.4,-43.4,8.0,,,,
51.046,2,Atta_2,190.1,1158.6,270.6,41.4,-4.3,,,,
51.046,3,Atta_3,295.6,1295.5,348.6,12.8,-0.9,,,,
51.046,4,Atta_4,1761.3,1373.2,203.2,24.7,1.4,,,,
51.046,5,Atta_5,2195.8,2432.4,7.1,37.0,-4.2,,,,
51.046,6,Atta_6,1310.9,2570.0,293.2,-55.1,-8.2,,,,
51.046,7,Atta_7,984.1,2643.7,34.4,77.4,0.4,,,,
51.046,8,Atta_8,537.3,2080.4,324.4,-53.1,2.7,,,,
51.046,9,Atta_9,133.1,1599.5,257.3,-27.4,2.8,,,,
51.046,10,Atta_10,1308.4,1944.0,132.4,-32.6,5.6,,,,
51.115,1,Atta_1,1480.5,2282.4,203.6,26.4,3.2,,,,
51.115,2,Atta_2,128.1,1101.6,276.2,84.2,5.6,,,,
51.115,3,Atta_3,310.9,1332.5,345.3,40.0,-3.3,,,,
51.115,4,Atta_4,1855.9,1386.8,205.2,-95.6,2.0,,,,
51.115,5,Atta_5,2166.4,2413.1,12.3,-35.2,5.2,,,,
51.115,6,Atta_6,1365.4,2552.6,294.8,57.2,1.6,,,,
51.115,7,Atta_7,993.0,2602.2,31.8,-42.4,-2.6,,,,
51.115,8,Atta_8,546.0,2061.0,321.5,21.3,-2.9,,,,
51.115,9,Atta_9,104.5,1564.8,263.9,45.0,6.6,,,,
51.115,10,Atta_10,1289.2,1967.9,138.4,30.7,6.0,,,,
51.185,1,Atta_1,1456.3,2274.0,204.9,25.6,1.3,,,,
51.185,2,Atta_2,178.2,1103.7,272.5,50.1,-3.7,,,,
51.185,3,Atta_3,287.3,1370.3,349.9,-44.6,4.6,,,,
51.185,4,Atta_4,1800.8,1376.9,205.6,56.0,0.4,,,,
51.185,5,Atta_5,2221.1,2451.4,13.9,66.8,1.6,,,,
51.185,6,Atta_6,1345.6,2545.4,287.5,-21.1,-7.3,,,,
51.185,7,Atta_7,995.9,2572.9,34.3,-29.4,2.5,,,,
51.185,8,Atta_8,529.2,2036.0,324.5,30.1,3.0,,,,
51.185,9,Atta_9,88.1,1593.2,271.8,-32.8,7.9,,,,
51.185,10,Atta_10,1312.6,1984.6,144.8,-28.7,6.4,,,,
51.251,1,Atta_1,1486.7,2308.4,210.7,-45.9,5.8,,,,
51.251,2,Atta_2,168.9,1072.0,275.9,33.0,3.4,,,,
51.251,3,Atta_3,323.0,1317.1,349.5,64.1,-0.4,,,,
51.251,4,Atta_4,1710.4,1360.9,200.4,91.8,-5.2,,,,
51.251,5,Atta_5,2162.5,2450.3,20.2,-58.6,6.3,,,,
51.251,6,Atta_6,1354.6,2568.1,290.1,-24.4,2.6,,,,
51.251,7,Atta_7,971.3,2626.5,34.3,59.0,0.0,,,,
51.251,8,Atta_8,522.1,2051.9,324.9,-17.4,0.4,,,,
51.251,9,Atta_9,141.9,1579.4,273.8,55.5,2.0,,,,
51.251,10,Atta_10,1293.8,1963.3,148.6,28.4,3.8,,,,
51.301,1,Atta_1,1528.5,2266.2,217.9,-59.4,7.2,,,,
51.301,2,Atta_2,175.8,993.6,272.5,78.7,-3.4,,,,
51.301,3,Atta_3,341.8,1341.6,345.1,30.9,-4.4,,,,
51.301,4,Atta_4,1697.5,1304.1,200.6,58.2,0.2,,,,
51.301,5,Atta_5,2147.3,2417.0,19.3,-36.6,-0.9,,,,
51.301,6,Atta_6,1363.1,2540.8,288.8,28.6,-1.3,,,,
51.301,7,Atta_7,998.2,2567.8,34.9,-64.6,0.6,,,,
51.301,8,Atta_8,574.9,2040.3,324.0,54.1,-0.9,,,,
51.301,9,Atta_9,59.0,1566.1,277.9,84.0,4.1,,,,
51.301,10,Atta_10,1280.4,1955.8,149.6,15.4,1.0,,,,
51.352,1,Atta_1,1463.0,2258.9,216.4,65.9,-1.5,,,,
51.352,2,Atta_2,180.5,992.5,274.0,4.8,1.5,,,,
51.352,3,Atta_3,403.8,1291.1,350.4,80.0,5.3,,,,
51.352,4,Atta_4,1690.3,1319.7,199.5,17.2,-1.1,,,,
51.352,5,Atta_5,2169.8,2508.7,21.9,94.4,2.6,,,,
51.352,6,Atta_6,1335.6,2546.9,287.0,-28.2,-1.8,,,,
51.352,7,Atta_7,1042.1,2623.0,28.5,70.5,-6.4,,,,
51.352,8,Atta_8,597.3,2007.3,322.7,39.9,-1.3,,,,
51.352,9,Atta_9,119.4,1541.5,279.9,65.2,2.0,,,,
51.352,10,Atta_10,1295.0,1968.5,147.7,-19.4,-1.9,,,,
51.422,1,Atta_1,1495.9,2269.1,216.4,-34.4,0.0,,,,
51.422,2,Atta_2,144.4,1040.4,281.0,-60.0,7.0,,,,
51.422,3,Atta_3,394.6,1320.6,346.9,-30.9,-3.5,,,,
51.422,4,Atta_4,1728.3,1369.6,201.6,-62.7,2.1,,,,
51.422,5,Atta_5,2155.7,2427.8,31.2,-82.1,9.3,,,,
51.422,6,Atta_6,1330.0,2579.0,292.2,-32.6,5.2,,,,
51.422,7,Atta_7,1037.0,2586.3,37.0,-37.1,8.5,,,,
51.422,8,Atta_8,579.7,2030.6,325.6,-29.2,2.9,,,,
51.422,9,Atta_9,70.8,1588.7,282.5,-67.7,2.6,,,,
51.422,10,Atta_10,1284.4,2000.2,150.6,33.4,2.9,,,,
51.492,1,Atta_1,1484.3,2253.5,217.5,19.4,1.1,,,,
51.492,2,Atta_2,162.6,1041.7,286.7,18.2,5.7,,,,
51.492,3,Atta_3,385.1,1402.9,350.8,-82.8,3.9,,,,
51.492,4,Atta_4,1740.5,1352.6,201.5,-20.9,-0.1,,,,
51.492,5,Atta_5,2121.9,2430.9,33.3,-33.9,2.1,,,,
51.492,6,Atta_6,1346.4,2535.7,290.3,46.3,-1.9,,,,
51.492,7,Atta_7,1021.0,2606.3,35.5,-25.6,-1.5,,,,
51.492,8,Atta_8,569.3,1936.0,322.8,95.2,-2.8,,,,
51.492,9,Atta_9,79.8,1578.3,292.0,13.8,9.5,,,,
51.492,10,Atta_10,1318.0,1995.1,147.6,-34.0,-3.0,,,,
51.558,1,Atta_1,1494.0,2242.5,219.2,-14.7,1.7,,,,
51.558,2,Atta_2,110.5,1041.8,293.0,-52.1,6.3,,,,
51.558,3,Atta_3,428.2,1342.3,347.6,74.4,-3.2,,,,
51.558,4,Atta_4,1707.9,1308.7,199.0,54.7,-2.5,,,,
51.558,5,Atta_5,2186.8,2474.0,39.1,77.9,5.8,,,,
51.558,6,Atta_6,1322.0,2459.2,289.5,80.3,-0.8,,,,
51.558,7,Atta_7,1092.3,2625.7,35.6,73.9,0.1,,,,
51.558,8,Atta_8,555.0,1987.6,322.9,-53.5,0.1,,,,
51.558,9,Atta_9,139.0,1596.5,294.4,61.9,2.4,,,,
51.558,10,Atta_10,1328.6,1992.9,151.5,-10.8,3.9,,,,
51.627,1,Atta_1,1503.2,2309.3,216.2,-67.4,-3.0,,,,
51.627,2,Atta_2,117.4,1027.1,297.8,16.2,4.8,,,,
51.627,3,Atta_3,397.1,1278.9,348.5,-70.6,0.9,,,,
51.627,4,Atta_4,1673.2,1360.8,203.4,62.6,4.4,,,,
51.627,5,Atta_5,2124.0,2476.7,44.7,-62.9,5.6,,,,
51.627,6,Atta_6,1322.8,2503.3,289.2,-44.1,-0.3,,,,
51.627,7,Atta_7,1016.6,2664.6,33.8,-85.1,-1.8,,,,
51.627,8,Atta_8,549.6,2004.4,324.7,-17.6,1.8,,,,
51.627,9,Atta_9,138.1,1631.0,297.4,-34.5,3.0,,,,
51.627,10,Atta_10,1315.1,1963.9,148.9,-32.0,-2.6,,,,
51.694,1,Atta_1,1428.7,2260.9,217.0,88.8,0.8,,,,
51.694,2,Atta_2,199.3,1023.7,300.8,82.0,3.0,,,,
51.694,3,Atta_3,419.6,1291.6,351.4,25.8,2.9,,,,
51.694,4,Atta_4,1659.0,1332.6,202.5,31.6,-0.9,,,,
51.694,5,Atta_5,2132.0,2463.4,44.8,-15.5,0.1,,,,
51.694,6,Atta_6,1358.3,2467.6,289.4,50.3,0.2,,,,
51.694,7,Atta_7,1083.4,2651.4,32.1,68.1,-1.7,,,,
51.694,8,Atta_8,589.4,1979.3,325.5,47.1,0.8,,,,
51.694,9,Atta_9,86.9,1606.5,302.3,-56.8,4.9,,,,
51.694,10,Atta_10,1298.1,1998.9,151.2,38.9,2.3,,,,
51.762,1,Atta_1,1441.2,2239.3,218.7,25.0,1.7,,,,
51.762,2,Atta_2,133.0,1003.2,302.4,-69.4,1.6,,,,
51.762,3,Atta_3,329.2,1351.6,354.2,-108.5,2.8,,,,
51.762,4,Atta_4,1681.0,1297.5,201.6,-41.4,-0.9,,,,
51.762,5,Atta_5,2157.5,2436.7,52.5,-36.9,7.7,,,,
51.762,6,Atta_6,1357.9,2528.5,289.6,-60.9,0.2,,,,
51.762,7,Atta_7,1109.0,2658.2,36.4,26.5,4.3,,,,
51.762,8,Atta_8,652.7,1956.1,325.6,67.4,0.1,,,,
51.762,9,Atta_9,73.3,1538.2,302.3,69.6,0.0,,,,
51.762,10,Atta_10,1310.0,1954.9,149.1,-45.6,-2.1,,,,
51.823,1,Atta_1,1413.9,2283.5,215.4,-52.0,-3.3,,,,
51.823,2,Atta_2,168.9,1031.1,310.4,-45.5,8.0,,,,
51.823,3,Atta_3,373.3,1332.4,357.6,48.1,3.4,,,,
51.823,4,Atta_4,1653.0,1365.0,200.4,73.1,-1.2,,,,
51.823,5,Atta_5,2178.9,2463.9,58.3,34.6,5.8,,,,
51.823,6,Atta_6,1439.3,2484.8,294.0,92.4,4.4,,,,
51.823,7,Atta_7,1097.3,2694.1,37.4,37.8,1.0,,,,
51.823,8,Atta_8,698.8,1976.8,321.0,50.5,-4.6,,,,
51.823,9,Atta_9,106.3,1593.0,302.5,-64.0,0.2,,,,
51.823,10,Atta_10,1259.7,2026.1,149.5,87.2,0.4,,,,
51.894,1,Atta_1,1473.2,2223.5,218.1,-84.4,2.7,,,,
51.894,2,Atta_2,185.6,1030.1,316.2,16.7,5.8,,,,
51.894,3,Atta_3,353.9,1340.6,2.3,-21.1,4.7,,,,
51.894,4,Atta_4,1634.7,1337.1,203.7,33.4,3.3,,,,
51.894,5,Atta_5,2155.1,2453.6,58.5,-25.9,0.2,,,,
51.894,6,Atta_6,1376.5,2493.5,286.6,-63.4,-7.4,,,,
51.894,7,Atta_7,1128.9,2667.6,37.3,41.2,-0.1,,,,
51.894,8,Atta_8,657.1,1984.4,323.6,-42.4,2.6,,,,
51.894,9,Atta_9,65.0,1549.0,299.4,60.3,-3.1,,,,
51.894,10,Atta_10,1294.4,2047.3,151.0,-40.7,1.5,,,,
51.962,1,Atta_1,1482.2,2240.9,217.7,-19.6,-0.4,,,,
51.962,2,Atta_2,130.0,1073.6,317.1,-70.6,0.9,,,,
51.962,3,Atta_3,442.1,1308.7,7.7,93.8,5.4,,,,
51.962,4,Atta_4,1637.0,1276.3,204.3,60.8,0.6,,,,
51.962,5,Atta_5,2168.3,2492.5,63.2,41.1,4.7,,,,
51.962,6,Atta_6,1374.3,2462.2,285.8,31.4,-0.8,,,,
51.962,7,Atta_7,1111.3,2631.5,37.0,-40.2,-0.3,,,,
51.962,8,Atta_8,654.4,1931.9,326.3,52.6,2.7,,,,
51.962,9,Atta_9,81.7,1586.9,301.6,-41.4,2.2,,,,
51.962,10,Atta_10,1226.3,2001.5,150.5,82.1,-0.5,,,,
52.014,1,Atta_1,1406.7,2261.6,216.0,78.3,-1.7,,,,
52.014,2,Atta_2,126.1,1013.8,327.2,59.9,10.1,,,,
52.014,3,Atta_3,417.7,1348.4,12.3,-46.6,4.6,,,,
52.014,4,Atta_4,1606.2,1353.4,202.5,-83.0,-1.8,,,,
52.014,5,Atta_5,2193.0,2430.0,71.0,-67.2,7.8,,,,
52.014,6,Atta_6,1373.8,2419.3,289.9,42.9,4.1,,,,
52.014,7,Atta_7,1129.8,2698.3,33.0,69.3,-4.0,,,,
52.014,8,Atta_8,668.2,1938.3,324.6,15.2,-1.7,,,,
52.014,9,Atta_9,136.7,1615.3,300.4,61.9,-1.2,,,,
52.014,10,Atta_10,1248.2,1981.7,150.4,-29.5,-0.1,,,,
52.079,1,Atta_1,1417.2,2214.6,216.8,48.2,0.8,,,,
52.079,2,Atta_2,106.9,998.8,328.4,-24.4,1.2,,,,
52.079,3,Atta_3,406.9,1345.7,17.2,-11.1,4.9,,,,
52.079,4,Atta_4,1588.7,1281.6,200.6,73.9,-1.9,,,,
52.079,5,Atta_5,2122.5,2455.8,75.3,75.1,4.3,,,,
52.079,6,Atta_6,1343.3,2435.2,289.5,-34.4,-0.4,,,,
52.079,7,Atta_7,1102.5,2668.4,32.4,-40.5,-0.6,,,,
52.079,8,Atta_8,648.4,1992.5,324.0,-57.7,-0.6,,,,
52.079,9,Atta_9,159.1,1564.0,299.0,56.0,-1.4,,,,
52.079,10,Atta_10,1265.9,1985.9,146.2,-18.2,-4.2,,,,
52.148,1,Atta_1,1406.9,2268.1,218.3,-54.5,1.5,,,,
52.148,2,Atta_2,118.9,1021.1,332.9,-25.3,4.5,,,,
52.148,3,Atta_3,405.5,1285.3,21.1,-60.4,3.9,,,,
52.148,4,Atta_4,1587.4,1325.2,198.1,-43.6,-2.5,,,,
52.148,5,Atta_5,2162.8,2431.9,79.2,-46.9,3.9,,,,
52.148,6,Atta_6,1433.3,2390.7,288.4,100.4,-1.1,,,,
52.148,7,Atta_7,1173.5,2673.0,33.0,71.1,0.6,,,,
52.148,8,Atta_8,662.4,1900.5,320.7,93.1,-3.3,,,,
52.148,9,Atta_9,184.1,1540.3,298.8,34.4,-0.2,,,,
52.148,10,Atta_10,1228.9,2074.6,150.3,96.1,4.1,,,,
52.216,1,Atta_1,1336.3,2272.5,214.8,70.7,-3.5,,,,
52.216,2,Atta_2,196.3,998.4,338.2,80.7,5.3,,,,
52.216,3,Atta_3,439.3,1346.9,26.7,70.3,5.6,,,,
52.216,4,Atta_4,1531.4,1321.9,181.4,56.1,-16.7,,,,
52.216,5,Atta_5,2149.7,2460.7,82.1,31.6,2.9,,,,
52.216,6,Atta_6,1348.8,2461.2,286.9,-110.0,-1.5,,,,
52.216,7,Atta_7,1137.4,2687.1,31.6,-38.8,-1.4,,,,
52.216,8,Atta_8,637.3,1918.2,324.0,-30.7,3.3,,,,
52.216,9,Atta_9,148.6,1533.9,302.2,-36.1,3.4,,,,
52.216,10,Atta_10,1223.7,2023.2,150.1,-51.7,-0.2,,,,
52.283,1,Atta_1,1382.4,2245.3,218.8,-53.5,4.0,,,,
52.283,2,Atta_2,163.6,1059.9,341.0,-69.7,2.8,,,,
52.283,3,Atta_3,422.8,1313.3,34.3,-37.4,7.6,,,,
52.283,4,Atta_4,1622.6,1303.9,177.5,-93.0,-3.9,,,,
52.283,5,Atta_5,2215.2,2443.0,85.8,-67.8,3.7,,,,
52.283,6,Atta_6,1382.7,2381.2,286.7,86.9,-0.2,,,,
52.283,7,Atta_7,1187.5,2709.1,34.0,54.7,2.4,,,,
52.283,8,Atta_8,671.6,1945.6,320.6,43.9,-3.4,,,,
52.283,9,Atta_9,123.0,1545.5,298.4,-28.1,-3.8,,,,
52.283,10,Atta_10,1221.7,2000.4,152.0,-22.9,1.9,,,,
52.351,1,Atta_1,1341.3,2253.5,219.5,41.9,0.7,,,,
52.351,2,Atta_2,182.9,1011.1,346.4,52.5,5.4,,,,
52.351,3,Atta_3,369.1,1292.2,34.8,-57.7,0.5,,,,
52.351,4,Atta_4,1656.1,1286.1,176.1,-37.9,-1.4,,,,
52.351,5,Atta_5,2168.6,2472.5,90.1,55.2,4.3,,,,
52.351,6,Atta_6,1394.7,2306.5,290.9,75.7,4.2,,,,
52.351,7,Atta_7,1216.9,2749.2,38.2,49.7,4.2,,,,
52.351,8,Atta_8,664.1,1879.6,322.3,66.4,1.7,,,,
52.351,9,Atta_9,142.3,1502.5,302.6,47.1,4.2,,,,
52.351,10,Atta_10,1138.0,2039.3,150.4,92.3,-1.6,,,,
52.42,1,Atta_1,1346.1,2203.7,218.3,50.0,-1.2,,,,
52.42,2,Atta_2,165.3,1021.7,351.7,-20.5,5.3,,,,
52.42,3,Atta_3,406.0,1323.8,36.2,48.6,1.4,,,,
52.42,4,Atta_4,1646.5,1295.9,178.5,13.7,2.4,,,,
52.42,5,Atta_5,2204.2,2423.7,95.7,-60.4,5.6,,,,
52.42,6,Atta_6,1379.0,2329.4,287.5,-27.8,-3.4,,,,
52.42,7,Atta_7,1184.1,2723.1,39.9,-41.9,1.7,,,,
52.42,8,Atta_8,679.1,1915.0,320.4,-38.4,-1.9,,,,
52.42,9,Atta_9,170.7,1506.4,301.9,28.7,-0.7,,,,
52.42,10,Atta_10,1169.1,2009.7,149.2,-42.9,-1.2,,,,
52.487,1,Atta_1,1324.2,2221.5,218.4,28.2,0.1,,,,
52.487,2,Atta_2,201.5,1032.8,351.6,37.9,-0.1,,,,
52.487,3,Atta_3,452.0,1320.0,48.1,46.2,11.9,,,,
52.487,4,Atta_4,1614.0,1265.1,177.8,44.8,-0.7,,,,
52.487,5,Atta_5,2125.7,2469.8,98.2,91.0,2.5,,,,
52.487,6,Atta_6,1354.2,2382.5,287.6,-58.6,0.1,,,,
52.487,7,Atta_7,1136.0,2671.1,38.6,-70.8,-1.3,,,,
52.487,8,Atta_8,711.2,1882.6,326.3,45.6,5.9,,,,
52.487,9,Atta_9,166.9,1498.8,300.6,8.5,-1.3,,,,
52.487,10,Atta_10,1192.3,2065.4,150.1,60.3,0.9,,,,
52.553,1,Atta_1,1358.6,2193.3,218.3,-44.5,-0.1,,,,
52.553,2,Atta_2,159.4,1015.0,358.4,-45.7,6.8,,,,
52.553,3,Atta_3,403.7,1319.9,47.1,-48.3,-1.0,,,,
52.553,4,Atta_4,1660.2,1297.3,178.7,-56.3,0.9,,,,
52.553,5,Atta_5,2185.0,2460.0,96.7,-60.1,-1.5,,,,
52.553,6,Atta_6,1371.4,2339.0,288.7,46.8,1.1,,,,
52.553,7,Atta_7,1136.6,2637.6,38.8,-33.5,0.2,,,,
52.553,8,Atta_8,781.5,1905.7,319.6,74.0,-6.7,,,,
52.553,9,Atta_9,203.1,1527.4,300.9,-46.1,0.3,,,,
52.553,10,Atta_10,1185.1,1998.7,151.9,-67.1,1.8,,,,
52.622,1,Atta_1,1307.4,2160.1,219.1,61.0,0.8,,,,
52.622,2,Atta_2,196.1,1027.1,1.1,38.6,2.7,,,,
52.622,3,Atta_3,421.1,1307.7,56.0,21.3,8.9,,,,
52.622,5,Atta_5,2125.1,2425.6,98.2,-69.1,1.5,,,,
52.622,6,Atta_6,1450.0,2285.8,289.2,94.9,0.5,,,,
52.622,7,Atta_7,1119.0,2699.5,36.7,64.4,-2.1,,,,
52.622,8,Atta_8,745.0,1949.1,326.0,-56.7,6.4,,,,
52.622,9,Atta_9,156.7,1501.3,300.5,-53.2,-0.4,,,,
52.622,10,Atta_10,1107.5,2071.3,148.5,106.3,-3.4,,,,
52.688,1,Atta_1,1232.5,2176.6,219.9,76.7,0.8,,,,
52.688,2,Atta_2,199.6,1044.5,6.6,17.7,5.5,,,,
52.688,3,Atta_3,399.8,1299.6,58.8,-22.8,2.8,,,,
52.688,4,Atta_4,1636.1,1364.2,178.7,71.1,0.0,,,,
52.688,5,Atta_5,2177.2,2467.4,99.9,66.8,1.7,,,,
52.688,6,Atta_6,1458.0,2337.1,289.1,-51.9,-0.1,,,,
52.688,7,Atta_7,1171.0,2666.8,38.3,61.4,1.6,,,,
52.688,8,Atta_8,722.7,1852.1,324.4,99.5,-1.6,,,,
52.688,9,Atta_9,137.0,1450.7,301.4,54.3,0.9,,,,
52.688,10,Atta_10,1137.2,2016.1,149.6,-62.7,1.1,,,,
52.754,1,Atta_1,1311.8,2143.6,216.2,-85.9,-3.7,,,,
52.754,2,Atta_2,186.0,1050.1,13.4,-14.7,6.8,,,,
52.754,3,Atta_3,454.7,1297.3,60.3,54.9,1.5,,,,
52.754,4,Atta_4,1668.7,1310.1,186.5,-63.2,7.8,,,,
52.754,5,Atta_5,2195.9,2409.3,99.9,-61.0,0.0,,,,
52.754,6,Atta_6,1437.7,2369.2,285.8,-38.0,-3.3,,,,
52.754,7,Atta_7,1105.0,2658.2,38.4,-66.6,0.1,,,,
52.754,8,Atta_8,777.3,1914.1,324.0,82.6,-0.4,,,,
52.754,9,Atta_9,137.8,1450.1,307.1,1.0,5.7,,,,
52.754,10,Atta_10,1094.2,2103.6,149.3,97.5,-0.3,,,,
52.823,1,Atta_1,1273.4,2196.5,216.1,-65.4,-0.1,,,,
52.823,2,Atta_2,114.6,1032.6,20.6,-73.5,7.2,,,,
52.823,3,Atta_3,440.1,1305.4,67.0,-16.7,6.7,,,,
52.823,4,Atta_4,1641.9,1237.5,180.9,77.4,-5.6,,,,
52.823,5,Atta_5,2160.8,2479.5,96.1,78.5,-3.8,,,,
52.823,6,Atta_6,1434.6,2348.6,288.1,20.8,2.3,,,,
52.823,7,Atta_7,1129.3,2704.4,37.6,52.2,-0.8,,,,
52.823,8,Atta_8,733.2,1884.6,322.1,-53.1,-1.9,,,,
52.823,9,Atta_9,186.1,1493.7,311.7,-65.1,4.6,,,,
52.823,10,Atta_10,1167.2,2061.9,150.3,-84.1,1.0,,,,
52.889,1,Atta_1,1277.4,2149.8,217.7,46.9,1.6,,,,
52.889,2,Atta_2,160.7,1042.8,18.9,47.2,-1.7,,,,
52.889,3,Atta_3,418.3,1293.5,71.4,-24.8,4.4,,,,
52.889,4,Atta_4,1712.9,1282.0,190.2,-83.8,9.3,,,,
52.889,5,Atta_5,2144.0,2469.9,100.0,-19.3,3.9,,,,
52.889,6,Atta_6,1448.1,2367.6,289.0,-23.3,0.9,,,,
52.889,7,Atta_7,1104.9,2624.4,31.5,-83.6,-6.1,,,,
52.889,8,Atta_8,795.4,1914.4,321.9,69.0,-0.2,,,,
52.889,9,Atta_9,200.6,1480.3,317.2,19.7,5.5,,,,
52.889,10,Atta_10,1131.6,2094.1,150.6,48.0,0.3,,,,
53.027,1,Atta_1,1273.2,2103.5,222.6,46.5,4.9,,,,
53.027,2,Atta_2,229.7,1006.3,33.3,78.1,14.4,,,,
53.027,3,Atta_3,419.0,1360.1,76.6,66.6,5.2,,,,
53.027,4,Atta_4,1660.6,1306.5,195.6,57.8,5.4,,,,
53.027,5,Atta_5,2165.4,2507.3,97.7,43.1,-2.3,,,,
53.027,6,Atta_6,1457.5,2287.9,287.1,80.3,-1.9,,,,
53.027,7,Atta_7,1090.6,2630.1,25.5,-15.4,-6.0,,,,
53.027,8,Atta_8,770.6,1863.2,321.1,56.9,-0.8,,,,
53.027,9,Atta_9,215.5,1426.3,323.6,56.0,6.4,,,,
53.027,10,Atta_10,1095.9,2128.5,147.8,49.6,-2.8,,,,
53.095,1,Atta_1,1216.9,2115.6,217.4,57.6,-5.2,,,,
53.095,2,Atta_2,197.0,1016.1,36.3,-34.1,3.0,,,,
53.095,3,Atta_3,402.4,1283.1,73.1,-78.8,-3.5,,,,
53.095,4,Atta_4,1693.6,1264.5,205.0,-53.4,9.4,,,,
53.095,5,Atta_5,2164.3,2516.1,99.5,8.9,1.8,,,,
53.095,6,Atta_6,1422.9,2292.8,289.5,-34.9,2.4,,,,
53.095,7,Atta_7,1110.8,2662.5,19.8,38.2,-5.7,,,,
53.095,8,Atta_8,862.6,1883.0,320.3,94.1,-0.8,,,,
53.095,9,Atta_9,152.8,1474.0,328.3,-78.8,4.7,,,,
53.095,10,Atta_10,1116.5,2138.1,153.7,-22.7,5.9,,,,
53.164,1,Atta_1,1266.1,2084.3,218.1,-58.3,0.7,,,,
53.164,2,Atta_2,131.4,1036.9,43.0,-68.8,6.7,,,,
53.164,3,Atta_3,406.7,1369.3,75.2,86.3,2.1,,,,
53.164,4,Atta_4,1729.5,1290.5,209.0,-44.3,4.0,,,,
53.164,5,Atta_5,2130.8,2551.3,99.0,48.6,-0.5,,,,
53.164,6,Atta_6,1447.4,2245.0,289.9,53.7,0.4,,,,
53.164,7,Atta_7,1097.8,2634.2,19.2,-31.1,-0.6,,,,
53.164,8,Atta_8,817.6,1798.8,321.1,95.5,0.8,,,,
53.164,9,Atta_9,191.1,1404.5,335.3,79.4,7.0,,,,
53.164,10,Atta_10,1095.1,2077.9,150.9,-63.9,-2.8,,,,
53.294,1,Atta_1,1230.2,2127.6,223.4,56.2,5.3,,,,
53.294,2,Atta_2,187.9,1074.3,45.6,67.8,2.6,,,,
53.294,3,Atta_3,394.5,1305.4,75.7,-65.1,0.5,,,,
53.294,4,Atta_4,1747.4,1327.8,211.2,-41.4,2.2,,,,
53.294,5,Atta_5,2181.6,2527.0,100.2,-56.3,1.2,,,,
53.294,6,Atta_6,1470.4,2311.3,289.4,-70.2,-0.5,,,,
53.294,7,Atta_7,1156.7,2643.3,12.3,59.6,-6.9,,,,
53.294,8,Atta_8,823.8,1882.4,323.3,-83.8,2.2,,,,
53.294,9,Atta_9,197.2,1500.3,337.1,-96.0,1.8,,,,
53.294,10,Atta_10,1053.8,2043.2,151.9,53.9,1.0,,,,
53.36,1,Atta_1,1258.1,2080.2,221.4,55.0,-2.0,,,,
53.36,2,Atta_2,161.4,1034.5,47.2,-47.8,1.6,,,,
53.36,3,Atta_3,379.5,1349.0,74.3,46.1,-1.4,,,,
53.36,4,Atta_4,1651.3,1286.5,221.5,104.6,10.3,,,,
53.36,5,Atta_5,2189.9,2561.6,100.8,35.6,0.6,,,,
53.36,6,Atta_6,1442.1,2215.4,289.6,100.0,0.2,,,,
53.36,7,Atta_7,1089.5,2661.7,5.1,-69.7,-7.2,,,,
53.36,8,Atta_8,877.7,1788.6,324.2,108.2,0.9,,,,
53.36,9,Atta_9,219.5,1465.8,348.1,41.1,11.0,,,,
53.36,10,Atta_10,1025.2,2109.6,147.4,72.3,-4.5,,,,
53.483,1,Atta_1,1213.0,2138.3,218.7,-73.6,-2.7,,,,
53.483,2,Atta_2,217.3,993.6,44.3,69.3,-2.9,,,,
53.483,3,Atta_3,428.6,1296.4,77.9,-72.0,3.6,,,,
53.483,4,Atta_4,1683.3,1323.8,227.5,-49.1,6.0,,,,
53.483,5,Atta_5,2170.3,2578.5,101.6,25.9,0.8,,,,
53.483,6,Atta_6,1481.9,2165.8,287.8,63.6,-1.8,,,,
53.483,7,Atta_7,1071.6,2648.7,358.6,-22.1,-6.5,,,,
53.483,8,Atta_8,880.9,1807.1,322.2,-18.8,-2.0,,,,
53.483,9,Atta_9,209.1,1484.6,352.6,-21.5,4.5,,,,
53.483,10,Atta_10,989.1,2154.6,150.1,57.7,2.7,,,,
53.553,1,Atta_1,1250.5,2060.6,221.5,86.3,2.8,,,,
53.553,2,Atta_2,182.1,1005.2,48.4,-37.1,4.1,,,,
53.553,3,Atta_3,371.6,1420.1,76.3,136.2,-1.6,,,,
53.553,4,Atta_4,1697.1,1307.5,230.0,21.4,2.5,,,,
53.553,5,Atta_5,2120.6,2607.1,98.8,57.3,-2.8,,,,
53.553,6,Atta_6,1413.2,2225.7,286.7,-91.1,-1.1,,,,
53.553,7,Atta_7,1084.2,2713.7,353.5,66.2,-5.1,,,,
53.553,8,Atta_8,856.4,1799.3,324.3,-25.7,2.1,,,,
53.553,9,Atta_9,175.5,1508.2,355.1,-41.1,2.5,,,,
53.553,10,Atta_10,1020.6,2107.9,152.5,-56.3,2.4,,,,
53.625,2,Atta_2,171.3,1024.9,45.3,22.5,-3.1,,,,
53.625,3,Atta_3,421.5,1349.6,73.5,-86.4,-2.8,,,,
53.625,4,Atta_4,1733.8,1263.5,235.6,57.3,5.6,,,,
53.625,5,Atta_5,2131.3,2596.6,99.4,-15.0,0.6,,,,
53.625,6,Atta_6,1499.6,2216.4,287.7,86.9,1.0,,,,
53.625,7,Atta_7,1104.4,2671.1,346.5,47.1,-7.0,,,,
53.625,8,Atta_8,911.9,1806.6,324.8,56.0,0.5,,,,
53.625,10,Atta_10,1015.3,2170.9,149.6,63.2,-2.9,,,,
53.676,1,Atta_1,1137.1,2049.4,222.4,114.0,0.9,,,,
53.676,2,Atta_2,138.8,1012.8,47.6,-34.7,2.3,,,,
53.676,3,Atta_3,395.1,1366.5,78.6,31.3,5.1,,,,
53.676,4,Atta_4,1699.5,1303.1,236.7,-52.4,1.1,,,,
53.676,5,Atta_5,2136.1,2581.6,99.0,-15.7,-0.4,,,,
53.676,6,Atta_6,1465.8,2189.8,287.6,43.0,-0.1,,,,
53.676,7,Atta_7,1064.8,2605.9,345.5,-76.3,-1.0,,,,
53.676,8,Atta_8,911.9,1779.6,322.2,27.0,-2.6,,,,
53.676,9,Atta_9,167.0,1493.4,1.4,-17.1,6.3,,,,
53.676,10,Atta_10,1045.8,2089.2,151.3,-87.2,1.7,,,,
53.745,1,Atta_1,1175.4,2053.2,221.2,-38.5,-1.2,,,,
53.745,2,Atta_2,238.3,1013.6,47.8,99.5,0.2,,,,
53.745,3,Atta_3,433.9,1417.1,75.5,63.8,-3.1,,,,
53.745,4,Atta_4,1740.1,1301.8,233.3,-40.6,-3.4,,,,
53.745,5,Atta_5,2149.6,2588.0,98.9,14.9,-0.1,,,,
53.745,6,Atta_6,1444.7,2166.1,288.4,31.7,0.8,,,,
53.745,7,Atta_7,1079.9,2701.8,340.8,-97.1,-4.7,,,,
53.745,8,Atta_8,849.9,1808.2,320.6,-68.3,-1.6,,,,
53.745,9,Atta_9,159.8,1459.1,359.6,-35.0,-1.8,,,,
53.745,10,Atta_10,1000.5,2141.0,150.3,68.8,-1.0,,,,
53.815,1,Atta_1,1178.5,2068.0,221.0,-15.1,-0.2,,,,
53.815,2,Atta_2,208.8,1032.9,46.9,-35.3,-0.9,,,,
53.815,3,Atta_3,353.2,1386.8,72.6,-86.2,-2.9,,,,
53.815,4,Atta_4,1709.7,1312.0,235.1,32.1,1.8,,,,
53.815,5,Atta_5,2135.2,2643.5,97.5,57.3,-1.4,,,,
53.815,6,Atta_6,1535.7,2119.7,288.4,102.1,0.0,,,,
53.815,7,Atta_7,1108.8,2723.0,339.5,35.8,-1.3,,,,
53.815,8,Atta_8,911.5,1784.3,320.3,66.1,-0.3,,,,
53.815,9,Atta_9,184.1,1477.2,4.5,30.3,4.9,,,,
53.815,10,Atta_10,998.4,2131.8,151.9,-9.4,1.6,,,,
53.884,1,Atta_1,1162.3,2038.2,221.7,33.9,0.7,,,,
53.884,2,Atta_2,247.7,1075.8,46.1,57.9,-0.8,,,,
53.884,3,Atta_3,395.8,1423.1,75.2,56.0,2.6,,,,
53.884,4,Atta_4,1737.3,1258.7,236.0,60.0,0.9,,,,
53.884,5,Atta_5,2209.2,2595.1,99.2,-88.4,1.7,,,,
53.884,6,Atta_6,1469.8,2166.1,288.7,-80.6,0.3,,,,
53.884,7,Atta_7,1095.1,2650.9,341.1,73.4,1.6,,,,
53.884,8,Atta_8,927.6,1753.6,321.4,34.7,1.1,,,,
53.884,9,Atta_9,188.1,1484.3,0.6,8.1,-3.9,,,,
53.884,10,Atta_10,948.8,2174.2,149.0,65.3,-2.9,,,,
53.953,1,Atta_1,1184.6,2088.4,215.5,-54.9,-6.2,,,,
53.953,2,Atta_2,202.8,1056.4,44.3,-48.9,-1.8,,,,
53.953,3,Atta_3,412.2,1419.6,75.9,16.8,0.7,,,,
53.953,4,Atta_4,1681.0,1303.8,237.0,-72.1,1.0,,,,
53.953,5,Atta_5,2141.4,2647.8,96.1,85.9,-3.1,,,,
53.953,6,Atta_6,1508.3,2155.5,291.9,39.9,3.2,,,,
53.953,7,Atta_7,1106.3,2670.4,342.8,22.5,1.7,,,,
53.953,8,Atta_8,908.3,1808.2,324.6,-57.9,3.2,,,,
53.953,9,Atta_9,218.8,1508.4,2.5,39.0,1.9,,,,
53.953,10,Atta_10,944.9,2129.6,149.9,-44.8,0.9,,,,
54.022,1,Atta_1,1187.0,2027.6,221.9,60.8,6.4,,,,
54.022,2,Atta_2,192.3,1019.1,47.1,-38.7,2.8,,,,
54.022,3,Atta_3,450.5,1449.8,78.7,48.8,2.8,,,,
54.022,4,Atta_4,1714.5,1286.1,236.1,-37.9,-0.9,,,,
54.022,5,Atta_5,2218.6,2665.8,95.7,79.3,-0.4,,,,
54.022,6,Atta_6,1432.3,2150.7,294.0,-76.2,2.1,,,,
54.022,7,Atta_7,1100.7,2636.4,340.9,34.5,-1.9,,,,
54.022,8,Atta_8,957.9,1724.8,321.1,97.0,-3.5,,,,
54.022,9,Atta_9,253.6,1449.3,357.0,68.6,-5.5,,,,
54.022,10,Atta_10,1019.2,2171.7,152.8,-85.4,2.9,,,,
54.091,1,Atta_1,1167.1,2021.7,222.7,20.8,0.8,,,,
54.091,2,Atta_2,194.5,1111.5,43.5,92.4,-3.6,,,,
54.091,3,Atta_3,389.9,1427.8,74.3,-64.5,-4.4,,,,
54.091,4,Atta_4,1676.2,1313.4,231.5,-47.0,-4.6,,,,
54.091,5,Atta_5,2155.3,2679.7,99.8,64.8,4.1,,,,
54.091,6,Atta_6,1379.4,2226.7,295.6,-92.6,1.6,,,,
54.091,7,Atta_7,1134.3,2645.5,336.2,34.8,-4.7,,,,
54.091,8,Atta_8,946.3,1740.9,324.5,-19.8,3.4,,,,
54.091,9,Atta_9,208.8,1425.3,357.3,-50.8,0.3,,,,
54.091,10,Atta_10,952.2,2193.2,152.3,70.4,-0.5,,,,
54.157,1,Atta_1,1174.4,2016.6,220.3,-8.9,-2.4,,,,
54.157,2,Atta_2,206.8,1070.8,46.9,-42.5,3.4,,,,
54.157,3,Atta_3,477.3,1473.9,75.9,98.8,1.6,,,,
54.157,4,Atta_4,1659.3,1275.9,233.9,41.1,2.4,,,,
54.157,5,Atta_5,2134.4,2686.3,97.4,21.9,-2.4,,,,
54.157,6,Atta_6,1468.9,2188.5,293.0,97.3,-2.6,,,,
54.157,7,Atta_7,1131.0,2697.5,340.1,-52.1,3.9,,,,
54.157,8,Atta_8,907.3,1751.1,323.1,-40.3,-1.4,,,,
54.157,9,Atta_9,185.6,1486.2,358.3,-65.2,1.0,,,,
54.157,10,Atta_10,895.4,2144.3,150.3,74.9,-2.0,,,,
54.227,1,Atta_1,1173.1,2057.5,222.2,-40.9,1.9,,,,
54.227,2,Atta_2,184.4,1097.6,44.4,34.9,-2.5,,,,
54.227,3,Atta_3,409.5,1451.4,78.1,-71.4,2.2,,,,
54.227,4,Atta_4,1629.7,1246.7,235.1,41.6,1.2,,,,
54.227,5,Atta_5,2195.3,2745.1,99.0,84.7,1.6,,,,
54.227,6,Atta_6,1392.3,2172.4,296.5,-78.3,3.5,,,,
54.227,7,Atta_7,1126.6,2653.1,342.3,44.6,2.2,,,,
54.227,8,Atta_8,1002.8,1744.5,322.4,95.7,-0.7,,,,
54.227,9,Atta_9,255.3,1493.0,1.2,70.0,2.9,,,,
54.227,10,Atta_10,965.8,2152.0,149.8,-70.8,-0.5,,,,
54.281,1,Atta_1,1151.7,1965.1,220.4,94.8,-1.8,,,,
54.281,2,Atta_2,238.0,1125.1,45.0,60.2,0.6,,,,
54.281,3,Atta_3,449.7,1426.0,77.1,-47.6,-1.0,,,,
54.281,4,Atta_4,1663.8,1287.2,235.1,-52.9,0.0,,,,
54.281,5,Atta_5,2149.9,2656.7,98.9,-99.4,-0.1,,,,
54.281,6,Atta_6,1485.3,2164.7,293.2,93.3,-3.3,,,,
54.281,7,Atta_7,1114.2,2641.5,343.4,-17.0,1.1,,,,
54.281,8,Atta_8,950.3,1727.1,323.6,-55.3,1.2,,,,
54.281,9,Atta_9,262.3,1479.3,0.6,15.4,-0.6,,,,
54.281,10,Atta_10,941.9,2136.0,153.2,28.8,3.4,,,,
54.331,1,Atta_1,1101.7,2000.2,221.1,61.1,0.7,,,,
54.331,2,Atta_2,220.2,1168.2,48.1,46.6,3.1,,,,
54.331,3,Atta_3,486.3,1521.3,78.7,102.1,1.6,,,,
54.331,4,Atta_4,1674.0,1250.9,232.3,37.7,-2.8,,,,
54.331,5,Atta_5,2114.4,2688.7,95.5,47.8,-3.4,,,,
54.331,6,Atta_6,1471.7,2184.3,290.4,-23.9,-2.8,,,,
54.331,7,Atta_7,1095.9,2693.2,340.6,-54.8,-2.8,,,,
54.331,8,Atta_8,959.1,1726.3,323.8,8.8,0.2,,,,
54.331,9,Atta_9,316.5,1483.8,359.9,54.4,-0.7,,,,
54.331,10,Atta_10,929.5,2190.2,152.8,55.6,-0.4,,,,
54.399,1,Atta_1,1059.0,1967.5,216.9,53.8,-4.2,,,,
54.399,2,Atta_2,302.9,1103.1,45.8,105.2,-2.3,,,,
54.399,3,Atta_3,453.5,1541.2,76.0,38.4,-2.7,,,,
54.399,4,Atta_4,1624.7,1200.1,233.7,70.8,1.4,,,,
54.399,5,Atta_5,2130.6,2668.8,95.7,-25.7,0.2,,,,
54.399,6,Atta_6,1470.4,2176.8,289.5,7.6,-0.9,,,,
54.399,7,Atta_7,1165.5,2695.0,341.2,69.6,0.6,,,,
54.399,8,Atta_8,956.9,1714.5,326.2,12.0,2.4,,,,
54.399,9,Atta_9,250.8,1497.9,357.0,-67.2,-2.9,,,,
54.399,10,Atta_10,895.4,2201.5,149.0,35.9,-3.8,,,,
54.47,1,Atta_1,1071.4,2016.4,220.1,-50.4,3.2,,,,
54.47,2,Atta_2,272.8,1117.5,42.0,-33.4,-3.8,,,,
54.47,3,Atta_3,451.5,1580.0,76.1,38.9,0.1,,,,
54.47,4,Atta_4,1661.4,1156.1,232.9,57.3,-0.8,,,,
54.47,5,Atta_5,2093.0,2662.2,96.9,-38.2,1.2,,,,
54.47,6,Atta_6,1438.3,2215.1,284.1,-50.0,-5.4,,,,
54.47,7,Atta_7,1094.3,2636.1,341.5,-92.4,0.3,,,,
54.47,8,Atta_8,995.4,1707.8,322.9,39.1,-3.3,,,,
54.47,9,Atta_9,285.0,1486.8,357.3,36.0,0.3,,,,
54.47,10,Atta_10,804.9,2242.8,151.0,99.5,2.0,,,,
54.535,1,Atta_1,1057.3,1947.5,221.5,70.3,1.4,,,,
54.535,2,Atta_2,282.7,1187.0,47.7,70.2,5.7,,,,
54.535,3,Atta_3,501.4,1449.7,76.9,-139.5,0.8,,,,
54.535,4,Atta_4,1634.1,1216.8,232.6,-66.6,-0.3,,,,
54.535,5,Atta_5,2166.1,2636.9,98.8,-77.4,1.9,,,,
54.535,6,Atta_6,1449.3,2188.3,283.1,29.0,-1.0,,,,
54.535,7,Atta_7,1161.0,2623.2,342.7,67.9,1.2,,,,
54.535,8,Atta_8,1018.4,1695.4,324.6,26.1,1.7,,,,
54.535,9,Atta_9,271.9,1543.6,0.0,-58.3,2.7,,,,
54.535,10,Atta_10,850.4,2210.9,146.2,-55.6,-4.8,,,,
54.671,1,Atta_1,1060.2,1932.7,219.4,15.1,-2.1,,,,
54.671,2,Atta_2,298.5,1221.7,46.7,38.1,-1.0,,,,
54.671,3,Atta_3,538.8,1511.1,69.8,71.9,-7.1,,,,
54.671,4,Atta_4,1605.6,1194.1,233.8,36.4,1.2,,,,
54.671,5,Atta_5,2129.7,2706.6,99.3,78.6,0.5,,,,
54.671,6,Atta_6,1407.2,2285.0,277.3,-105.5,-5.8,,,,
54.671,7,Atta_7,1224.0,2642.2,339.5,65.8,-3.2,,,,
54.671,8,Atta_8,949.3,1686.0,321.6,-69.7,-3.0,,,,
54.671,9,Atta_9,295.5,1458.0,1.3,88.8,1.3,,,,
54.671,10,Atta_10,862.7,2243.5,151.3,34.8,5.1,,,,
54.74,1,Atta_1,1074.9,1983.1,225.6,-52.5,6.2,,,,
54.74,2,Atta_2,316.9,1194.1,43.4,-33.2,-3.3,,,,
54.74,3,Atta_3,425.6,1549.6,60.7,-119.6,-9.1,,,,
54.74,4,Atta_4,1643.4,1161.5,240.6,49.9,6.8,,,,
54.74,5,Atta_5,2105.4,2621.4,98.0,-88.6,-1.3,,,,
54.74,6,Atta_6,1458.5,2227.0,269.5,77.4,-7.8,,,,
54.74,7,Atta_7,1218.7,2645.4,342.3,-6.2,2.8,,,,
54.74,8,Atta_8,1025.4,1650.3,322.2,84.1,0.6,,,,
54.74,9,Atta_9,298.3,1497.3,0.2,39.4,-1.1,,,,
54.74,10,Atta_10,842.0,2256.2,148.4,24.3,-2.9,,,,
54.809,1,Atta_1,1070.6,1928.4,221.2,54.9,-4.4,,,,
54.809,2,Atta_2,285.5,1182.8,44.1,-33.4,0.7,,,,
54.809,3,Atta_3,442.2,1595.8,55.0,49.1,-5.7,,,,
54.809,4,Atta_4,1613.4,1193.0,242.8,-43.5,2.2,,,,
54.809,5,Atta_5,2211.9,2599.7,99.6,-108.7,1.6,,,,
54.809,6,Atta_6,1438.7,2210.6,261.6,25.7,-7.9,,,,
54.809,7,Atta_7,1207.7,2570.2,341.2,76.0,-1.1,,,,
54.809,8,Atta_8,1055.4,1687.3,323.1,47.6,0.9,,,,
54.809,9,Atta_9,301.9,1510.6,0.7,13.8,0.5,,,,
54.809,10,Atta_10,791.8,2205.5,149.7,71.3,1.3,,,,
54.875,1,Atta_1,1073.3,1935.3,223.5,-7.4,2.3,,,,
54.875,2,Atta_2,310.5,1139.0,45.7,-50.4,1.6,,,,
54.875,3,Atta_3,505.7,1549.2,52.1,-78.8,-2.9,,,,
54.875,4,Atta_4,1570.3,1172.2,253.3,47.9,10.5,,,,
54.875,5,Atta_5,2126.3,2618.2,105.2,87.6,5.6,,,,
54.875,6,Atta_6,1394.5,2230.9,258.2,-48.6,-3.4,,,,
54.875,7,Atta_7,1181.7,2603.1,348.5,-41.9,7.3,,,,
54.875,8,Atta_8,1057.5,1674.0,323.2,13.5,0.1,,,,
54.875,9,Atta_9,360.7,1475.2,358.3,68.6,-2.4,,,,
54.875,10,Atta_10,786.3,2196.9,148.9,10.2,-0.8,,,,
54.941,1,Atta_1,1039.0,1948.8,218.8,36.9,-4.7,,,,
54.941,2,Atta_2,326.3,1181.3,44.0,45.2,-1.7,,,,
54.941,3,Atta_3,479.7,1574.4,44.9,36.2,-7.2,,,,
54.941,4,Atta_4,1565.4,1231.2,256.7,-59.2,3.4,,,,
54.941,5,Atta_5,2161.2,2641.8,107.6,42.1,2.4,,,,
54.941,6,Atta_6,1438.8,2192.6,254.5,58.6,-3.7,,,,
54.941,7,Atta_7,1201.1,2596.5,348.6,20.5,0.1,,,,
54.941,8,Atta_8,1078.2,1703.9,325.5,-36.4,2.3,,,,
54.941,9,Atta_9,259.4,1463.3,358.9,-102.0,0.6,,,,
54.941,10,Atta_10,780.8,2150.0,146.8,-47.2,-2.1,,,,
55.061,1,Atta_1,1005.0,1915.7,218.8,47.5,0.0,,,,
55.061,2,Atta_2,302.7,1220.9,47.4,46.1,3.4,,,,
55.061,3,Atta_3,441.0,1494.8,42.7,-88.5,-2.2,,,,
55.061,4,Atta_4,1641.8,1177.0,258.3,93.7,1.6,,,,
55.061,5,Atta_5,2195.7,2604.7,111.2,-50.7,3.6,,,,
55.061,6,Atta_6,1416.4,2255.9,248.8,-67.1,-5.7,,,,
55.061,7,Atta_7,1230.5,2657.8,355.5,68.0,6.9,,,,
55.061,8,Atta_8,1042.3,1649.6,323.7,65.1,-1.8,,,,
55.061,9,Atta_9,243.4,1464.4,358.9,-16.0,0.0,,,,
55.061,10,Atta_10,817.7,2236.9,140.2,94.4,-6.6,,,,
55.112,1,Atta_1,1007.7,1902.5,224.4,13.5,5.6,,,,
55.112,2,Atta_2,314.5,1210.6,44.1,15.7,-3.3,,,,
55.112,3,Atta_3,455.4,1573.4,40.0,79.9,-2.7,,,,
55.112,4,Atta_4,1632.9,1181.6,259.2,-10.0,0.9,,,,
55.112,5,Atta_5,2117.5,2625.6,119.6,80.9,8.4,,,,
55.112,6,Atta_6,1406.3,2257.5,249.1,10.2,0.3,,,,
55.112,7,Atta_7,1243.5,2624.4,357.6,35.8,2.1,,,,
55.112,8,Atta_8,1053.7,1629.9,321.1,22.8,-2.6,,,,
55.112,9,Atta_9,253.7,1467.9,358.9,10.9,0.0,,,,
55.112,10,Atta_10,824.4,2281.3,138.2,44.9,-2.0,,,,
55.181,1,Atta_1,1021.9,1872.1,216.8,33.6,-7.6,,,,
55.181,2,Atta_2,351.9,1199.3,42.8,39.1,-1.3,,,,
55.181,3,Atta_3,414.3,1533.2,36.0,-57.5,-4.0,,,,
55.181,4,Atta_4,1625.0,1247.7,268.1,-66.6,8.9,,,,
55.181,5,Atta_5,2115.3,2614.2,121.8,-11.6,2.2,,,,
55.181,6,Atta_6,1410.3,2252.8,239.9,6.2,-9.2,,,,
55.181,7,Atta_7,1160.7,2626.0,5.9,-82.8,8.3,,,,
55.181,8,Atta_8,1099.7,1667.9,326.1,59.7,5.0,,,,
55.181,9,Atta_9,226.4,1505.7,0.6,-46.6,1.7,,,,
55.181,10,Atta_10,865.2,2267.7,130.0,-43.0,-8.2,,,,
55.247,1,Atta_1,975.5,1919.5,222.5,66.3,5.7,,,,
55.247,2,Atta_2,328.6,1259.2,42.4,64.3,-0.4,,,,
55.247,3,Atta_3,462.6,1508.8,29.5,54.1,-6.5,,,,
55.247,4,Atta_4,1599.7,1166.5,271.9,85.1,3.8,,,,
55.247,5,Atta_5,2208.3,2596.4,125.1,-94.7,3.3,,,,
55.247,6,Atta_6,1425.0,2237.6,238.2,21.1,-1.7,,,,
55.247,7,Atta_7,1221.2,2661.7,9.2,70.2,3.3,,,,
55.247,8,Atta_8,1100.8,1621.9,318.3,46.0,-7.8,,,,
55.247,9,Atta_9,203.2,1458.2,357.7,-52.9,-2.9,,,,
55.247,10,Atta_10,817.8,2230.1,129.2,60.5,-0.8,,,,
55.313,1,Atta_1,1003.7,1943.9,219.7,-37.3,-2.8,,,,
55.313,2,Atta_2,344.2,1253.9,44.5,16.5,2.1,,,,
55.313,3,Atta_3,441.3,1493.1,25.8,-26.5,-3.7,,,,
55.313,4,Atta_4,1573.9,1156.4,276.8,27.7,4.9,,,,
55.313,5,Atta_5,2184.0,2620.3,126.5,34.1,1.4,,,,
55.313,6,Atta_6,1451.4,2207.9,238.8,39.7,0.6,,,,
55.313,7,Atta_7,1203.4,2623.5,11.5,-42.1,2.3,,,,
55.313,8,Atta_8,1092.8,1609.5,324.6,14.8,6.3,,,,
55.313,9,Atta_9,207.4,1485.1,357.7,27.2,0.0,,,,
55.313,10,Atta_10,855.4,2171.9,122.2,-69.3,-7.0,,,,
55.382,1,Atta_1,1010.7,1896.8,222.9,47.6,3.2,,,,
55.382,2,Atta_2,364.6,1259.0,44.0,21.0,-0.5,,,,
55.382,3,Atta_3,505.7,1544.2,19.6,82.2,-6.2,,,,
55.382,4,Atta_4,1597.0,1172.6,277.3,-28.2,0.5,,,,
55.382,5,Atta_5,2187.5,2619.7,137.7,-3.6,11.2,,,,
55.382,6,Atta_6,1455.8,2209.1,237.8,-4.6,-1.0,,,,
55.382,7,Atta_7,1269.0,2628.3,20.6,65.8,9.1,,,,
55.382,8,Atta_8,1093.1,1642.4,323.3,-32.9,-1.3,,,,
55.382,9,Atta_9,177.6,1464.8,348.2,-36.1,-9.5,,,,
55.382,10,Atta_10,798.1,2213.0,118.3,70.5,-3.9,,,,
55.436,1,Atta_1,1021.7,1877.4,218.7,22.3,-4.2,,,,
55.436,2,Atta_2,397.4,1266.9,47.2,33.7,3.2,,,,
55.436,3,Atta_3,466.3,1570.4,15.9,-47.3,-3.7,,,,
55.436,4,Atta_4,1625.1,1136.3,286.4,45.9,9.1,,,,
55.436,5,Atta_5,2116.5,2643.3,139.0,74.8,1.3,,,,
55.436,6,Atta_6,1470.0,2257.3,236.2,-50.2,-1.6,,,,
55.436,7,Atta_7,1164.5,2620.9,17.9,-104.8,-2.7,,,,
55.436,8,Atta_8,1121.0,1625.9,322.4,32.4,-0.9,,,,
55.436,9,Atta_9,247.2,1485.2,344.5,72.5,-3.7,,,,
55.436,10,Atta_10,759.2,2214.5,116.0,38.9,-2.3,,,,
55.505,1,Atta_1,920.4,1822.7,224.0,115.1,5.3,,,,
55.505,2,Atta_2,392.0,1286.6,49.0,20.4,1.8,,,,
55.505,3,Atta_3,397.1,1484.9,10.5,-110.0,-5.4,,,,
55.505,4,Atta_4,1604.5,1150.8,294.1,-25.2,7.7,,,,
55.505,5,Atta_5,2203.3,2627.4,144.4,-88.2,5.4,,,,
55.505,6,Atta_6,1461.2,2217.7,234.8,40.6,-1.4,,,,
55.505,7,Atta_7,1264.9,2604.9,23.6,101.7,5.7,,,,
55.505,8,Atta_8,1108.5,1617.4,322.0,-15.1,-0.4,,,,
55.505,9,Atta_9,207.5,1462.4,341.3,-45.8,-3.2,,,,
55.505,10,Atta_10,792.3,2217.5,108.5,-33.2,-7.5,,,,
55.575,1,Atta_1,974.3,1916.7,222.6,-108.4,-1.4,,,,
55.575,2,Atta_2,369.2,1217.4,54.5,-72.9,5.5,,,,
55.575,3,Atta_3,440.6,1520.1,6.3,56.0,-4.2,,,,
55.575,4,Atta_4,1636.2,1183.8,293.5,-45.8,-0.6,,,,
55.575,5,Atta_5,2110.9,2619.5,146.5,92.7,2.1,,,,
55.575,6,Atta_6,1505.5,2237.5,235.6,-48.5,0.8,,,,
55.575,7,Atta_7,1221.8,2601.0,26.7,-43.3,3.1,,,,
55.575,8,Atta_8,1105.4,1596.0,324.0,21.6,2.0,,,,
55.575,9,Atta_9,123.6,1462.3,336.4,-83.9,-4.9,,,,
55.575,10,Atta_10,806.7,2211.0,107.6,-15.8,-0.9,,,,
55.642,1,Atta_1,991.5,1810.0,223.3,108.1,0.7,,,,
55.642,2,Atta_2,411.4,1232.7,57.5,44.9,3.0,,,,
55.642,3,Atta_3,455.3,1543.1,4.2,27.3,-2.1,,,,
55.642,4,Atta_4,1663.6,1181.6,301.3,27.5,7.8,,,,
55.642,5,Atta_5,2148.4,2624.2,151.0,-37.8,4.5,,,,
55.642,6,Atta_6,1439.7,2199.5,235.1,76.0,-0.5,,,,
55.642,7,Atta_7,1205.4,2677.8,23.3,78.5,-3.4,,,,
55.642,8,Atta_8,1147.2,1580.7,320.0,44.5,-4.0,,,,
55.642,9,Atta_9,283.5,1512.8,333.3,167.7,-3.1,,,,
55.642,10,Atta_10,817.4,2262.1,107.6,52.2,0.0,,,,
55.709,1,Atta_1,915.3,1878.3,221.4,102.3,-1.9,,,,
55.709,2,Atta_2,375.7,1242.3,61.7,-37.0,4.2,,,,
55.709,3,Atta_3,439.4,1492.7,3.7,-52.8,-0.5,,,,
55.709,4,Atta_4,1582.2,1187.1,300.8,-81.6,-0.5,,,,
55.709,5,Atta_5,2132.9,2591.4,154.6,-36.3,3.6,,,,
55.709,6,Atta_6,1466.9,2248.7,235.1,-56.2,0.0,,,,
55.709,7,Atta_7,1192.5,2634.1,22.1,-45.6,-1.2,,,,
55.709,8,Atta_8,1171.6,1590.6,324.2,26.3,4.2,,,,
55.709,9,Atta_9,198.5,1479.1,327.5,-91.4,-5.8,,,,
55.709,10,Atta_10,798.3,2258.8,107.3,19.4,-0.3,,,,
55.776,1,Atta_1,938.5,1888.2,221.6,-25.2,0.2,,,,
55.776,2,Atta_2,407.1,1219.7,71.1,-38.7,9.4,,,,
55.776,3,Atta_3,432.5,1515.0,4.0,-23.3,0.3,,,,
55.776,4,Atta_4,1621.6,1183.8,307.2,39.5,6.4,,,,
55.776,5,Atta_5,2128.6,2624.5,158.7,33.4,4.1,,,,
55.776,6,Atta_6,1467.9,2204.0,234.1,44.7,-1.0,,,,
55.776,7,Atta_7,1216.8,2625.3,25.0,25.8,2.9,,,,
55.776,8,Atta_8,1138.7,1602.8,322.5,-35.1,-1.7,,,,
55.776,9,Atta_9,167.9,1449.7,319.0,-42.4,-8.5,,,,
55.776,10,Atta_10,865.5,2260.9,107.7,-67.2,0.4,,,,
55.832,1,Atta_1,894.4,1804.0,221.3,95.0,-0.3,,,,
55.832,2,Atta_2,401.9,1325.6,69.8,106.0,-1.3,,,,
55.832,3,Atta_3,425.0,1514.8,2.0,-7.5,-2.0,,,,
55.832,4,Atta_4,1621.4,1162.8,316.9,21.0,9.7,,,,
55.832,5,Atta_5,2170.8,2678.5,159.1,-68.5,0.4,,,,
55.832,6,Atta_6,1438.8,2229.4,235.0,-38.6,0.9,,,,
55.832,7,Atta_7,1267.3,2647.3,22.4,55.1,-2.6,,,,
55.832,8,Atta_8,1161.2,1533.8,321.7,72.6,-0.8,,,,
55.832,9,Atta_9,282.0,1402.1,316.5,123.6,-2.5,,,,
55.832,10,Atta_10,841.9,2219.2,104.4,-47.9,-3.3,,,,
55.902,1,Atta_1,982.5,1919.0,220.8,-144.9,-0.5,,,,
55.902,2,Atta_2,358.5,1277.7,75.0,-64.6,5.2,,,,
55.902,3,Atta_3,424.2,1494.9,3.8,-19.9,1.8,,,,
55.902,4,Atta_4,1637.3,1196.0,320.3,-36.8,3.4,,,,
55.902,5,Atta_5,2194.9,2711.2,159.5,-40.6,0.4,,,,
55.902,6,Atta_6,1405.9,2180.9,236.5,58.6,1.5,,,,
55.902,7,Atta_7,1251.4,2586.1,23.8,-63.2,1.4,,,,
55.902,8,Atta_8,1192.6,1598.8,320.6,-72.2,-1.1,,,,
55.902,9,Atta_9,260.4,1522.2,313.0,-122.0,-3.5,,,,
55.902,10,Atta_10,841.7,2250.4,110.3,31.2,5.9,,,,
55.972,1,Atta_1,911.3,1824.5,221.6,118.3,0.8,,,,
55.972,2,Atta_2,388.2,1289.6,84.5,32.0,9.5,,,,
55.972,3,Atta_3,435.5,1553.4,359.7,59.6,-4.1,,,,
55.972,4,Atta_4,1613.4,1120.9,322.5,78.8,2.2,,,,
55.972,5,Atta_5,2097.1,2632.3,155.1,125.7,-4.4,,,,
55.972,6,Atta_6,1446.6,2144.1,233.7,54.9,-2.8,,,,
55.972,7,Atta_7,1233.2,2618.9,26.6,-37.5,2.8,,,,
55.972,8,Atta_8,1168.2,1569.7,321.1,-38.0,0.5,,,,
55.972,9,Atta_9,169.4,1473.9,309.6,-103.0,-3.4,,,,
55.972,10,Atta_10,842.7,2219.6,113.3,-30.8,3.0,,,,
56.023,1,Atta_1,903.4,1835.9,223.5,-13.9,1.9,,,,
56.023,2,Atta_2,326.8,1235.3,87.1,-82.0,2.6,,,,
56.023,3,Atta_3,417.6,1463.1,4.1,-92.1,4.4,,,,
56.023,4,Atta_4,1620.3,1178.3,327.6,-57.8,5.1,,,,
56.023,5,Atta_5,2147.8,2642.9,155.9,-51.8,0.8,,,,
56.023,6,Atta_6,1437.3,2125.0,240.1,21.2,6.4,,,,
56.023,7,Atta_7,1270.7,2657.4,23.6,53.7,-3.0,,,,
56.023,8,Atta_8,1226.3,1609.7,321.2,70.5,0.1,,,,
56.023,9,Atta_9,272.2,1508.0,304.9,108.3,-4.7,,,,
56.023,10,Atta_10,837.7,2233.5,119.1,14.8,5.8,,,,
56.093,1,Atta_1,901.8,1764.4,221.1,71.5,-2.4,,,,
56.093,2,Atta_2,358.6,1206.1,89.4,-43.2,2.3,,,,
56.093,3,Atta_3,505.6,1511.2,3.5,100.3,-0.6,,,,
56.093,4,Atta_4,1592.2,1204.1,333.8,-38.1,6.2,,,,
56.093,5,Atta_5,2076.1,2569.0,153.7,103.0,-2.2,,,,
56.093,6,Atta_6,1373.0,2165.2,236.3,-75.8,-3.8,,,,
56.093,7,Atta_7,1284.9,2666.6,21.9,16.9,-1.7,,,,
56.093,8,Atta_8,1161.7,1584.0,321.7,-69.5,0.5,,,,
56.093,9,Atta_9,275.4,1424.1,296.9,84.0,-8.0,,,,
56.093,10,Atta_10,854.8,2284.5,124.0,53.8,4.9,,,,
56.162,1,Atta_1,908.5,1791.1,222.8,-27.5,1.7,,,,
56.162,2,Atta_2,351.0,1256.2,97.4,50.7,8.0,,,,
56.162,3,Atta_3,464.8,1532.6,3.1,-46.1,-0.4,,,,
56.162,4,Atta_4,1582.4,1221.5,336.1,-20.0,2.3,,,,
56.162,5,Atta_5,2121.0,2635.0,157.1,-79.8,3.4,,,,
56.162,6,Atta_6,1352.4,2104.9,235.5,63.7,-0.8,,,,
56.162,7,Atta_7,1262.9,2681.8,21.9,-26.7,0.0,,,,
56.162,8,Atta_8,1203.0,1513.4,322.2,81.8,0.5,,,,
56.162,9,Atta_9,261.7,1525.6,299.1,-102.4,2.2,,,,
56.162,10,Atta_10,831.2,2235.6,132.0,-54.3,8.0,,,,
56.232,1,Atta_1,927.8,1734.8,220.6,59.5,-2.2,,,,
56.232,2,Atta_2,402.8,1236.2,100.7,-55.5,3.3,,,,
56.232,3,Atta_3,490.4,1472.9,6.9,65.0,3.8,,,,
56.232,4,Atta_4,1586.7,1159.2,334.7,62.4,-1.4,,,,
56.232,5,Atta_5,2089.7,2682.6,153.7,57.0,-3.4,,,,
56.232,6,Atta_6,1339.0,2142.7,237.2,-40.1,1.7,,,,
56.232,7,Atta_7,1312.7,2631.4,23.2,70.9,1.3,,,,
56.232,8,Atta_8,1180.8,1530.5,325.0,-28.0,2.8,,,,
56.232,9,Atta_9,272.4,1491.0,304.1,36.2,5.0,,,,
56.232,10,Atta_10,836.5,2148.6,136.8,-87.2,4.8,,,,
56.313,1,Atta_1,895.3,1754.7,224.5,38.1,3.9,,,,
56.313,2,Atta_2,401.7,1276.2,103.1,40.0,2.4,,,,
56.313,3,Atta_3,443.7,1539.8,3.4,-81.6,-3.5,,,,
56.313,4,Atta_4,1637.4,1213.4,345.5,74.2,10.8,,,,
56.313,5,Atta_5,2096.9,2673.3,158.3,-11.8,4.6,,,,
56.313,6,Atta_6,1397.2,2150.6,235.1,-58.7,-2.1,,,,
56.313,7,Atta_7,1270.1,2655.9,22.7,-49.1,-0.5,,,,
56.313,8,Atta_8,1191.2,1499.0,320.6,33.2,-4.4,,,,
56.313,9,Atta_9,261.5,1492.1,300.9,-11.0,-3.2,,,,
56.313,10,Atta_10,832.8,2194.9,135.8,46.4,-1.0,,,,
56.366,1,Atta_1,889.0,1717.0,221.1,38.2,-3.4,,,,
56.366,2,Atta_2,399.8,1278.6,110.9,3.1,7.8,,,,
56.366,3,Atta_3,542.6,1512.9,1.8,102.5,-1.6,,,,
56.366,4,Atta_4,1619.2,1189.7,346.0,-29.9,0.5,,,,
56.366,5,Atta_5,2092.8,2665.8,155.4,8.5,-2.9,,,,
56.366,6,Atta_6,1427.0,2099.4,228.6,59.2,-6.5,,,,
56.366,7,Atta_7,1375.5,2651.3,21.0,105.5,-1.7,,,,
56.366,8,Atta_8,1208.5,1450.3,324.3,51.7,3.7,,,,
56.366,9,Atta_9,237.8,1435.0,302.1,61.8,1.2,,,,
56.366,10,Atta_10,842.9,2282.1,143.2,87.8,7.4,,,,
56.435,1,Atta_1,853.1,1752.5,222.8,50.5,1.7,,,,
56.435,2,Atta_2,381.9,1284.6,110.9,18.9,0.0,,,,
56.435,3,Atta_3,488.2,1499.0,2.5,-56.1,0.7,,,,
56.435,4,Atta_4,1616.5,1202.7,355.3,-13.3,9.3,,,,
56.435,5,Atta_5,2054.1,2661.3,153.7,39.0,-1.7,,,,
56.435,6,Atta_6,1373.7,2091.0,226.8,54.0,-1.8,,,,
56.435,7,Atta_7,1333.0,2657.4,25.8,-42.9,4.8,,,,
56.435,8,Atta_8,1241.8,1537.5,325.4,-93.3,1.1,,,,
56.435,9,Atta_9,190.7,1454.2,303.6,-50.9,1.5,,,,
56.435,10,Atta_10,819.2,2250.5,151.1,39.5,7.9,,,,
56.507,1,Atta_1,890.4,1780.7,225.7,-46.8,2.9,,,,
56.507,2,Atta_2,335.1,1285.3,115.9,46.8,5.0,,,,
56.507,3,Atta_3,518.8,1541.3,3.1,52.2,0.6,,,,
56.507,5,Atta_5,2076.5,2672.2,156.6,-24.9,2.9,,,,
56.507,6,Atta_6,1367.7,2122.5,223.8,-32.1,-3.0,,,,
56.507,7,Atta_7,1329.6,2627.6,26.1,-30.0,0.3,,,,
56.507,8,Atta_8,1265.4,1476.1,323.2,65.8,-2.2,,,,
56.507,9,Atta_9,182.0,1395.3,302.1,59.5,-1.5,,,,
56.507,10,Atta_10,860.2,2176.7,150.9,-84.4,-0.2,,,,
56.628,1,Atta_1,825.7,1696.3,219.0,106.3,-6.7,,,,
56.628,2,Atta_2,404.5,1290.1,122.7,-69.6,6.8,,,,
56.628,3,Atta_3,512.8,1494.3,2.8,-47.4,-0.3,,,,
56.628,4,Atta_4,1628.0,1177.9,1.2,27.3,5.9,,,,
56.628,5,Atta_5,2072.7,2702.3,155.9,30.3,-0.7,,,,
56.628,6,Atta_6,1372.0,2064.5,215.0,58.2,-8.8,,,,
56.628,7,Atta_7,1341.0,2690.5,24.1,63.9,-2.0,,,,
56.628,8,Atta_8,1245.2,1484.8,324.1,-22.0,0.9,,,,
56.628,9,Atta_9,275.3,1408.9,302.6,94.3,0.5,,,,
56.628,10,Atta_10,829.7,2239.5,157.1,69.8,6.2,,,,
56.698,1,Atta_1,799.4,1750.8,219.1,-60.5,0.1,,,,
56.698,2,Atta_2,372.4,1236.4,130.8,-62.6,8.1,,,,
56.698,3,Atta_3,537.4,1524.4,0.5,38.9,-2.3,,,,
56.698,4,Atta_4,1683.7,1162.3,12.5,57.8,11.3,,,,
56.698,5,Atta_5,2001.6,2666.3,156.7,79.7,0.8,,,,
56.698,6,Atta_6,1399.5,2113.7,205.5,-56.4,-9.5,,,,
56.698,7,Atta_7,1397.7,2687.1,23.6,56.8,-0.5,,,,
56.698,8,Atta_8,1333.4,1488.6,321.7,88.3,-2.4,,,,
56.698,9,Atta_9,292.5,1398.4,301.1,20.2,-1.5,,,,
56.698,10,Atta_10,820.1,2230.0,159.4,13.5,2.3,,,,
56.767,1,Atta_1,901.6,1787.4,225.1,-108.6,6.0,,,,
56.767,2,Atta_2,343.1,1269.3,135.1,44.1,4.3,,,,
56.767,3,Atta_3,580.8,1528.8,8.8,43.6,8.3,,,,
56.767,4,Atta_4,1600.2,1180.8,15.5,-85.5,3.0,,,,
56.767,5,Atta_5,2058.8,2701.6,151.7,-67.2,-5.0,,,,
56.767,6,Atta_6,1353.1,2122.7,201.8,47.3,-3.7,,,,
56.767,7,Atta_7,1357.7,2686.7,23.0,-40.0,-0.6,,,,
56.767,8,Atta_8,1273.3,1440.4,323.6,-77.0,1.9,,,,
56.767,9,Atta_9,302.3,1453.1,301.5,-55.6,0.4,,,,
56.767,10,Atta_10,811.9,2291.8,163.5,62.3,4.1,,,,
56.836,1,Atta_1,774.0,1703.4,225.4,152.8,0.3,,,,
56.836,2,Atta_2,365.8,1242.7,141.3,-35.0,6.2,,,,
56.836,3,Atta_3,603.1,1503.4,1.2,33.8,-7.6,,,,
56.836,4,Atta_4,1651.4,1175.9,19.4,51.4,3.9,,,,
56.836,5,Atta_5,1971.7,2645.4,144.0,103.7,-7.7,,,,
56.836,6,Atta_6,1406.7,2216.7,197.4,-108.2,-4.4,,,,
56.836,7,Atta_7,1356.8,2734.2,22.9,47.5,-0.1,,,,
56.836,8,Atta_8,1326.5,1471.3,325.6,61.5,2.0,,,,
56.836,9,Atta_9,283.4,1416.8,299.1,40.9,-2.4,,,,
56.836,10,Atta_10,827.6,2191.7,164.8,-101.3,1.3,,,,
56.952,1,Atta_1,832.3,1664.2,225.9,-70.3,0.5,,,,
56.952,2,Atta_2,360.7,1239.5,144.4,6.0,3.1,,,,
56.952,3,Atta_3,547.9,1504.5,2.9,-55.2,1.7,,,,
56.952,4,Atta_4,1615.0,1192.4,27.0,-40.0,7.6,,,,
56.952,5,Atta_5,1984.7,2691.4,143.7,47.8,-0.3,,,,
56.952,6,Atta_6,1400.3,2086.1,193.7,130.8,-3.7,,,,
56.952,7,Atta_7,1425.8,2728.8,26.2,69.2,3.3,,,,
56.952,8,Atta_8,1365.2,1497.7,322.3,46.8,-3.3,,,,
56.952,9,Atta_9,296.8,1394.6,303.5,25.9,4.4,,,,
56.952,10,Atta_10,858.8,2235.1,163.7,-53.5,-1.1,,,,
57.021,1,Atta_1,772.3,1715.0,225.3,78.6,-0.6,,,,
57.021,2,Atta_2,417.9,1235.5,146.2,-57.3,1.8,,,,
57.021,3,Atta_3,618.5,1531.8,2.6,75.7,-0.3,,,,
57.021,4,Atta_4,1595.9,1196.7,32.0,-19.6,5.0,,,,
57.021,5,Atta_5,2052.5,2660.7,133.6,-74.4,-10.1,,,,
57.021,6,Atta_6,1348.0,2162.7,189.6,92.8,-4.1,,,,
57.021,7,Atta_7,1410.6,2702.7,24.2,-30.2,-2.0,,,,
57.021,8,Atta_8,1256.5,1493.4,323.7,-108.8,1.4,,,,
57.021,9,Atta_9,227.6,1389.8,304.2,-69.4,0.7,,,,
57.021,10,Atta_10,812.4,2210.5,164.9,52.5,1.2,,,,
57.09,1,Atta_1,837.5,1635.7,222.4,102.7,-2.9,,,,
57.09,2,Atta_2,367.8,1234.1,155.1,50.1,8.9,,,,
57.09,3,Atta_3,668.8,1532.6,6.2,50.3,3.6,,,,
57.09,4,Atta_4,1662.6,1200.9,32.8,66.8,0.8,,,,
57.09,5,Atta_5,2055.6,2665.4,135.2,5.6,1.6,,,,
57.09,6,Atta_6,1363.0,2099.2,186.8,-65.2,-2.8,,,,
57.09,7,Atta_7,1349.7,2677.9,31.0,-65.8,6.8,,,,
57.09,8,Atta_8,1316.9,1435.8,325.0,83.5,1.3,,,,
57.09,9,Atta_9,301.0,1424.9,297.5,81.4,-6.7,,,,
57.09,10,Atta_10,841.5,2228.5,164.5,-34.2,-0.4,,,,
57.159,1,Atta_1,730.2,1711.6,223.3,131.4,0.9,,,,
57.159,2,Atta_2,347.0,1281.7,155.6,51.9,0.5,,,,
57.159,3,Atta_3,642.2,1544.4,5.2,-29.1,-1.0,,,,
57.159,4,Atta_4,1607.3,1213.0,36.7,-56.6,3.9,,,,
57.159,5,Atta_5,2064.2,2645.7,130.2,-21.5,-5.0,,,,
57.159,6,Atta_6,1383.1,2137.2,180.7,-43.0,-6.1,,,,
57.159,7,Atta_7,1347.4,2652.0,31.2,-26.0,0.2,,,,
57.159,8,Atta_8,1361.8,1453.5,325.1,48.3,0.1,,,,
57.159,9,Atta_9,264.3,1383.6,303.3,55.3,5.8,,,,
57.159,10,Atta_10,761.6,2244.8,165.5,81.5,1.0,,,,
57.228,1,Atta_1,779.2,1739.7,223.8,-56.5,0.5,,,,
57.228,2,Atta_2,397.1,1248.6,159.7,-60.0,4.1,,,,
57.228,3,Atta_3,679.4,1554.0,1.7,38.4,-3.5,,,,
57.228,4,Atta_4,1603.4,1162.2,42.2,-50.9,5.5,,,,
57.228,5,Atta_5,2055.2,2666.0,121.6,22.2,-8.6,,,,
57.228,6,Atta_6,1361.7,2156.1,175.8,28.6,-4.9,,,,
57.228,7,Atta_7,1330.8,2634.6,26.4,-24.0,-4.8,,,,
57.228,8,Atta_8,1373.0,1389.8,321.7,64.7,-3.4,,,,
57.228,9,Atta_9,281.8,1380.4,300.7,17.8,-2.6,,,,
57.228,10,Atta_10,795.5,2221.0,166.6,-41.4,1.1,,,,
57.279,1,Atta_1,739.9,1643.8,221.1,103.6,-2.7,,,,
57.279,2,Atta_2,345.8,1203.1,164.8,68.6,5.1,,,,
57.279,3,Atta_3,711.3,1442.4,4.6,116.1,2.9,,,,
57.279,4,Atta_4,1613.6,1175.6,44.2,16.8,2.0,,,,
57.279,5,Atta_5,2017.9,2671.2,120.3,37.7,-1.3,,,,
57.279,6,Atta_6,1403.9,2103.8,173.3,-67.2,-2.5,,,,
57.279,7,Atta_7,1297.6,2685.5,27.2,-60.8,0.8,,,,
57.279,8,Atta_8,1366.8,1410.0,323.3,-21.1,1.6,,,,
57.279,9,Atta_9,323.1,1399.9,296.7,45.7,-4.0,,,,
57.279,10,Atta_10,766.6,2232.1,163.1,31.0,-3.5,,,,
57.349,1,Atta_1,742.4,1612.3,225.3,31.6,4.2,,,,
57.349,2,Atta_2,399.4,1271.3,167.2,-86.7,2.4,,,,
57.349,3,Atta_3,691.0,1534.1,5.0,-93.9,0.4,,,,
57.349,4,Atta_4,1615.1,1157.9,53.8,-17.8,9.6,,,,
57.349,5,Atta_5,2050.0,2606.0,113.8,-72.7,-6.5,,,,
57.349,6,Atta_6,1396.2,2157.4,165.5,54.2,-7.8,,,,
57.349,7,Atta_7,1342.2,2663.5,25.7,49.7,-1.5,,,,
57.349,8,Atta_8,1317.3,1432.2,322.1,-54.3,-1.2,,,,
57.349,9,Atta_9,279.6,1378.7,287.2,-48.4,-9.5,,,,
57.349,10,Atta_10,770.8,2285.9,164.3,54.0,1.2,,,,
57.417,1,Atta_1,716.4,1668.3,224.4,-61.7,-0.9,,,,
57.417,2,Atta_2,356.1,1235.2,176.1,56.4,8.9,,,,
57.417,3,Atta_3,710.8,1593.5,2.0,62.6,-3.0,,,,
57.417,4,Atta_4,1606.2,1192.9,50.3,36.1,-3.5,,,,
57.417,5,Atta_5,2075.6,2671.8,110.5,70.6,-3.3,,,,
57.417,6,Atta_6,1364.5,2082.7,164.0,81.1,-1.5,,,,
57.417,7,Atta_7,1295.7,2640.4,30.2,-51.9,4.5,,,,
57.417,8,Atta_8,1383.8,1463.5,325.7,73.5,3.6,,,,
57.417,9,Atta_9,287.8,1350.3,286.6,29.6,-0.6,,,,
57.417,10,Atta_10,784.5,2275.6,164.1,-17.1,-0.2,,,,
57.468,1,Atta_1,772.8,1748.9,223.1,-98.4,-1.3,,,,
57.468,2,Atta_2,297.1,1257.3,181.4,63.0,5.3,,,,
57.468,3,Atta_3,695.8,1558.1,3.2,-38.4,1.2,,,,
57.468,4,Atta_4,1572.8,1162.3,52.6,-45.3,2.3,,,,
57.468,5,Atta_5,1977.3,2736.7,104.7,117.8,-5.8,,,,
57.468,6,Atta_6,1373.9,2132.4,154.5,50.6,-9.5,,,,
57.468,7,Atta_7,1289.7,2672.5,32.8,32.7,2.6,,,,
57.468,8,Atta_8,1387.5,1400.6,327.8,63.0,2.1,,,,
57.468,9,Atta_9,329.5,1292.4,278.5,71.4,-8.1,,,,
57.468,10,Atta_10,800.4,2312.1,163.8,-39.8,-0.3,,,,
57.536,1,Atta_1,748.6,1673.6,225.9,79.1,2.8,,,,
57.536,2,Atta_2,361.5,1282.7,185.1,-69.2,3.7,,,,
57.536,3,Atta_3,705.8,1565.7,1.9,12.6,-1.3,,,,
57.536,4,Atta_4,1652.7,1186.7,49.3,83.5,-3.3,,,,
57.536,5,Atta_5,2088.1,2649.0,99.9,-141.3,-4.8,,,,
57.536,6,Atta_6,1353.9,2112.2,153.2,28.4,-1.3,,,,
57.536,7,Atta_7,1358.9,2648.3,38.8,73.3,6.0,,,,
57.536,8,Atta_8,1383.0,1400.3,325.2,-4.5,-2.6,,,,
57.536,9,Atta_9,264.7,1404.9,275.9,-129.8,-2.6,,,,
57.536,10,Atta_10,784.0,2306.7,161.8,17.3,-2.0,,,,
57.603,1,Atta_1,729.4,1693.2,226.1,-27.4,0.2,,,,
57.603,2,Atta_2,358.4,1271.8,189.6,11.3,4.5,,,,
57.603,3,Atta_3,743.4,1496.9,4.1,78.4,2.2,,,,
57.603,4,Atta_4,1629.5,1187.4,52.2,-23.2,2.9,,,,
57.603,5,Atta_5,2055.5,2694.4,97.3,55.9,-2.6,,,,
57.603,6,Atta_6,1392.3,2153.0,147.9,-56.0,-5.3,,,,
57.603,7,Atta_7,1307.3,2724.2,42.8,91.8,4.0,,,,
57.603,8,Atta_8,1375.2,1399.8,321.4,-7.8,-3.8,,,,
57.603,9,Atta_9,346.0,1358.7,272.8,93.5,-3.1,,,,
57.603,10,Atta_10,733.1,2224.1,165.4,97.0,3.6,,,,
57.654,1,Atta_1,744.7,1679.2,223.9,-20.7,-2.2,,,,
57.654,2,Atta_2,367.9,1202.9,191.9,69.6,2.3,,,,
57.654,3,Atta_3,680.1,1533.2,5.6,-73.0,1.5,,,,
57.654,4,Atta_4,1643.0,1181.4,47.7,14.8,-4.5,,,,
57.654,5,Atta_5,2047.0,2684.8,91.2,-12.8,-6.1,,,,
57.654,6,Atta_6,1383.4,2111.3,148.6,-42.6,0.7,,,,
57.654,7,Atta_7,1301.9,2649.7,50.9,-74.7,8.1,,,,
57.654,8,Atta_8,1390.8,1418.2,319.3,24.1,-2.1,,,,
57.654,9,Atta_9,270.0,1422.4,265.9,-99.2,-6.9,,,,
57.654,10,Atta_10,713.9,2272.7,163.2,52.3,-2.2,,,,
57.724,1,Atta_1,738.1,1753.7,225.0,-74.8,1.1,,,,
57.724,2,Atta_2,366.3,1298.0,202.6,-95.1,10.7,,,,
57.724,3,Atta_3,734.1,1543.7,4.0,55.0,-1.6,,,,
57.724,4,Atta_4,1657.3,1193.1,51.1,18.5,3.4,,,,
57.724,5,Atta_5,2042.8,2768.6,90.4,83.9,-0.8,,,,
57.724,6,Atta_6,1352.4,2131.7,150.2,37.1,1.6,,,,
57.724,7,Atta_7,1369.4,2744.6,50.7,116.5,-0.2,,,,
57.724,8,Atta_8,1371.4,1432.7,320.1,-24.2,0.8,,,,
57.724,9,Atta_9,264.0,1392.0,259.9,31.0,-6.0,,,,
57.724,10,Atta_10,735.7,2270.5,163.3,-21.9,0.1,,,,
57.791,1,Atta_1,762.2,1716.2,228.7,44.6,3.7,,,,
57.791,2,Atta_2,365.1,1294.2,203.1,4.0,0.5,,,,
57.791,3,Atta_3,749.5,1520.4,3.3,27.9,-0.7,,,,
57.791,4,Atta_4,1644.4,1220.6,50.1,30.4,-1.0,,,,
57.791,5,Atta_5,2011.8,2725.8,80.6,-52.8,-9.8,,,,
57.791,6,Atta_6,1346.2,2086.0,147.9,-46.1,-2.3,,,,
57.791,7,Atta_7,1320.1,2662.1,57.5,-96.1,6.8,,,,
57.791,8,Atta_8,1437.0,1442.3,318.8,66.3,-1.3,,,,
57.791,9,Atta_9,297.8,1419.2,258.4,-43.4,-1.5,,,,
57.791,10,Atta_10,751.0,2313.4,165.9,-45.5,2.6,,,,
57.858,1,Atta_1,838.2,1718.2,221.5,-76.0,-7.2,,,,
57.858,2,Atta_2,384.4,1267.3,207.0,-33.1,3.9,,,,
57.858,3,Atta_3,840.9,1518.1,5.0,91.4,1.7,,,,
57.858,4,Atta_4,1610.3,1202.9,52.7,-38.4,2.6,,,,
57.858,5,Atta_5,1992.9,2723.8,85.6,-19.0,5.0,,,,
57.858,6,Atta_6,1356.3,2161.7,146.3,76.4,-1.6,,,,
57.858,7,Atta_7,1229.7,2652.3,61.2,-90.9,3.7,,,,
57.858,8,Atta_8,1336.0,1430.2,320.8,-101.7,2.0,,,,
57.858,9,Atta_9,360.2,1407.3,251.8,-63.5,-6.6,,,,
57.858,10,Atta_10,752.3,2285.4,163.4,-28.0,-2.5,,,,
57.98,1,Atta_1,826.8,1696.4,219.5,24.6,-2.0,,,,
57.98,2,Atta_2,380.9,1356.4,212.1,-89.2,5.1,,,,
57.98,3,Atta_3,832.4,1550.7,3.6,-33.7,-1.4,,,,
57.98,4,Atta_4,1617.1,1214.6,52.3,13.5,-0.4,,,,
57.98,5,Atta_5,2009.8,2722.1,81.7,-17.0,-3.9,,,,
57.98,6,Atta_6,1389.3,2153.4,147.0,-34.0,0.7,,,,
57.98,7,Atta_7,1315.9,2650.1,67.0,86.2,5.8,,,,
57.98,8,Atta_8,1345.1,1504.0,321.0,-74.4,0.2,,,,
57.98,9,Atta_9,378.1,1381.7,248.9,31.2,-2.9,,,,
57.98,10,Atta_10,682.4,2270.7,166.4,71.4,3.0,,,,
58.048,1,Atta_1,791.3,1708.8,210.9,37.6,-8.6,,,,
58.048,2,Atta_2,312.7,1300.9,215.9,87.9,3.8,,,,
58.048,3,Atta_3,764.5,1522.6,4.4,-73.5,0.8,,,,
58.048,4,Atta_4,1652.2,1217.0,47.4,35.2,-4.9,,,,
58.048,5,Atta_5,2031.3,2736.7,81.2,26.0,-0.5,,,,
58.048,6,Atta_6,1348.8,2126.2,148.9,48.8,1.9,,,,
58.048,7,Atta_7,1376.2,2653.6,70.5,60.4,3.5,,,,
58.048,8,Atta_8,1343.9,1516.9,319.4,-13.0,-1.6,,,,
58.048,9,Atta_9,314.6,1402.2,244.1,66.7,-4.8,,,,
58.048,10,Atta_10,681.9,2253.0,164.2,-17.7,-2.2,,,,
58.114,1,Atta_1,853.0,1733.7,210.0,-66.5,-0.9,,,,
58.114,2,Atta_2,417.1,1273.9,218.0,-107.8,2.1,,,,
58.114,3,Atta_3,817.2,1538.7,2.3,55.1,-2.1,,,,
58.114,4,Atta_4,1612.3,1260.9,52.0,59.3,4.6,,,,
58.114,5,Atta_5,2022.8,2674.8,80.9,-62.5,-0.3,,,,
58.114,6,Atta_6,1371.0,2148.6,146.4,-31.5,-2.5,,,,
58.114,7,Atta_7,1343.2,2621.7,71.8,-45.9,1.3,,,,
58.114,8,Atta_8,1288.6,1474.6,316.1,-69.6,-3.3,,,,
58.114,9,Atta_9,323.5,1411.9,241.5,-13.2,-2.6,,,,
58.114,10,Atta_10,698.6,2295.1,164.0,-45.3,-0.2,,,,
58.184,1,Atta_1,769.2,1730.3,202.5,83.9,-7.5,,,,
58.184,2,Atta_2,345.8,1285.1,225.4,72.2,7.4,,,,
58.184,3,Atta_3,830.1,1553.6,4.4,19.7,2.1,,,,
58.184,4,Atta_4,1671.8,1262.1,51.8,59.5,-0.2,,,,
58.184,5,Atta_5,1983.3,2727.9,84.5,66.2,3.6,,,,
58.184,6,Atta_6,1364.9,2131.6,147.8,-18.1,1.4,,,,
58.184,7,Atta_7,1336.0,2656.8,81.8,35.8,10.0,,,,
58.184,8,Atta_8,1324.6,1470.0,308.4,36.3,-7.7,,,,
58.184,9,Atta_9,311.4,1391.3,234.3,23.9,-7.2,,,,
58.184,10,Atta_10,649.9,2251.5,169.4,65.4,5.4,,,,
58.253,1,Atta_1,754.4,1690.8,199.5,42.2,-3.0,,,,
58.253,2,Atta_2,370.7,1229.0,223.1,61.4,-2.3,,,,
58.253,3,Atta_3,822.3,1527.2,1.3,-27.5,-3.1,,,,
58.253,4,Atta_4,1644.1,1279.7,49.8,-32.8,-2.0,,,,
58.253,5,Atta_5,2064.9,2691.7,81.7,-89.3,-2.8,,,,
58.253,6,Atta_6,1377.3,2147.9,146.5,-20.5,-1.3,,,,
58.253,7,Atta_7,1344.0,2618.3,84.7,-39.3,2.9,,,,
58.253,8,Atta_8,1354.3,1440.7,307.6,41.7,-0.8,,,,
58.253,9,Atta_9,273.8,1408.6,230.3,41.4,-4.0,,,,
58.253,10,Atta_10,606.9,2311.1,162.3,73.5,-7.1,,,,
58.318,1,Atta_1,816.1,1739.8,191.8,-78.8,-7.7,,,,
58.318,2,Atta_2,370.9,1261.4,223.9,-32.4,0.8,,,,
58.318,3,Atta_3,860.6,1498.9,5.1,47.6,3.8,,,,
58.318,4,Atta_4,1680.7,1231.0,56.0,-60.9,6.2,,,,
58.318,5,Atta_5,2032.3,2676.4,82.7,-36.0,1.0,,,,
58.318,6,Atta_6,1334.8,2156.8,147.4,43.4,0.9,,,,
58.318,7,Atta_7,1326.5,2713.7,86.6,97.0,1.9,,,,
58.318,8,Atta_8,1344.4,1454.9,300.1,-17.3,-7.5,,,,
58.318,9,Atta_9,332.8,1353.1,230.6,81.0,0.3,,,,
58.318,10,Atta_10,623.4,2250.7,164.5,-62.6,2.2,,,,
58.388,1,Atta_1,776.1,1712.2,192.2,48.6,0.4,,,,
58.388,2,Atta_2,408.0,1241.9,221.0,-41.9,-2.9,,,,
58.388,3,Atta_3,801.1,1528.1,4.3,-66.3,-0.8,,,,
58.388,4,Atta_4,1672.5,1286.8,52.5,56.4,-3.5,,,,
58.388,5,Atta_5,2049.1,2711.5,84.4,38.9,1.7,,,,
58.388,6,Atta_6,1353.5,2146.0,147.5,-21.6,0.1,,,,
58.388,7,Atta_7,1331.1,2631.7,82.3,-82.1,-4.3,,,,
58.388,8,Atta_8,1355.8,1447.9,298.1,13.4,-2.0,,,,
58.388,9,Atta_9,358.3,1373.2,229.0,-32.5,-1.6,,,,
58.388,10,Atta_10,571.8,2302.8,162.3,73.3,-2.2,,,,
58.442,1,Atta_1,789.4,1745.5,184.4,-35.9,-7.8,,,,
58.442,2,Atta_2,336.8,1283.3,225.2,82.4,4.2,,,,
58.442,3,Atta_3,869.4,1597.8,2.6,97.6,-1.7,,,,
58.442,4,Atta_4,1669.3,1292.0,56.3,6.1,3.8,,,,
58.442,5,Atta_5,2051.7,2728.5,80.7,17.2,-3.7,,,,
58.442,6,Atta_6,1331.4,2202.7,145.4,60.9,-2.1,,,,
58.442,7,Atta_7,1350.1,2683.9,83.3,55.6,1.0,,,,
58.442,8,Atta_8,1320.5,1465.4,293.8,-39.4,-4.3,,,,
58.442,9,Atta_9,286.8,1374.1,230.3,71.5,1.3,,,,
58.442,10,Atta_10,626.2,2265.9,164.5,-65.7,2.2,,,,
58.512,1,Atta_1,861.9,1709.9,179.6,-80.8,-4.8,,,,
58.512,2,Atta_2,398.5,1263.0,221.3,-65.0,-3.9,,,,
58.512,3,Atta_3,878.8,1536.8,6.2,61.7,3.6,,,,
58.512,4,Atta_4,1698.2,1264.8,50.4,-39.7,-5.9,,,,
58.512,5,Atta_5,2033.1,2683.3,83.0,-48.9,2.3,,,,
58.512,6,Atta_6,1321.3,2127.0,140.2,-76.4,-5.2,,,,
58.512,7,Atta_7,1309.0,2615.6,85.1,-79.7,1.8,,,,
58.512,8,Atta_8,1290.3,1435.9,290.4,42.2,-3.4,,,,
58.512,9,Atta_9,276.2,1379.1,229.8,11.7,-0.5,,,,
58.512,10,Atta_10,605.9,2293.0,166.9,33.9,2.4,,,,
58.563,1,Atta_1,816.2,1716.6,176.0,46.2,-3.6,,,,
58.563,2,Atta_2,375.6,1240.5,222.3,32.1,1.0,,,,
58.563,3,Atta_3,808.5,1474.4,1.6,-94.0,-4.6,,,,
58.563,4,Atta_4,1716.5,1291.4,49.6,32.3,-0.8,,,,
58.563,5,Atta_5,2050.6,2675.5,84.5,-19.2,1.5,,,,
58.563,6,Atta_6,1271.8,2200.0,152.6,88.2,12.4,,,,
58.563,7,Atta_7,1306.7,2594.7,83.9,-21.0,-1.2,,,,
58.563,8,Atta_8,1368.6,1455.0,283.5,80.6,-6.9,,,,
58.563,9,Atta_9,280.2,1394.7,224.0,-16.1,-5.8,,,,
58.563,10,Atta_10,578.7,2306.9,164.5,30.5,-2.4,,,,
58.635,1,Atta_1,771.5,1711.3,172.4,45.0,-3.6,,,,
58.635,2,Atta_2,354.9,1267.4,220.8,-33.9,-1.5,,,,
58.635,3,Atta_3,887.0,1576.2,4.7,128.6,3.1,,,,
58.635,4,Atta_4,1717.7,1320.1,53.5,28.7,3.9,,,,
58.635,5,Atta_5,2002.0,2637.2,84.9,-61.9,0.4,,,,
58.635,6,Atta_6,1257.7,2143.9,149.2,-57.8,-3.4,,,,
58.635,7,Atta_7,1350.7,2662.3,83.9,80.7,0.0,,,,
58.635,8,Atta_8,1349.7,1400.0,276.1,58.2,-7.4,,,,
58.635,9,Atta_9,308.3,1394.5,224.9,-28.1,0.9,,,,
58.635,10,Atta_10,585.6,2337.1,170.8,31.0,6.3,,,,
58.689,1,Atta_1,804.1,1702.0,166.5,-33.9,-5.9,,,,
58.689,2,Atta_2,351.0,1260.3,223.1,8.1,2.3,,,,
58.689,3,Atta_3,884.9,1536.6,3.0,-39.7,-1.7,,,,
58.689,4,Atta_4,1738.4,1356.9,50.8,42.2,-2.7,,,,
58.689,5,Atta_5,2064.2,2663.7,82.2,67.6,-2.7,,,,
58.689,6,Atta_6,1286.4,2250.7,145.5,110.6,-3.7,,,,
58.689,7,Atta_7,1307.6,2652.5,83.3,-44.2,-0.6,,,,
58.689,8,Atta_8,1381.2,1449.0,276.3,-58.3,0.2,,,,
58.689,9,Atta_9,313.3,1352.6,227.2,42.2,2.3,,,,
58.689,10,Atta_10,569.0,2282.0,175.7,57.5,4.9,,,,
58.755,1,Atta_1,780.0,1712.5,166.9,26.3,0.4,,,,
58.755,2,Atta_2,399.3,1198.3,224.1,78.6,1.0,,,,
58.755,3,Atta_3,866.3,1515.9,359.9,-27.8,-3.1,,,,
58.755,4,Atta_4,1727.4,1323.7,52.2,-35.0,1.4,,,,
58.755,5,Atta_5,2018.1,2630.3,82.3,-56.9,0.1,,,,
58.755,6,Atta_6,1264.7,2228.2,147.3,31.3,1.8,,,,
58.755,7,Atta_7,1314.2,2721.1,84.7,68.9,1.4,,,,
58.755,8,Atta_8,1301.1,1474.9,276.4,-84.2,0.1,,,,
58.755,9,Atta_9,306.9,1306.9,227.3,46.1,0.1,,,,
58.755,10,Atta_10,557.8,2274.5,179.3,13.5,3.6,,,,
58.822,1,Atta_1,811.2,1744.8,167.6,-44.9,0.7,,,,
58.822,2,Atta_2,276.4,1198.7,226.3,122.9,2.2,,,,
58.822,3,Atta_3,903.1,1531.0,1.6,39.8,1.7,,,,
58.822,4,Atta_4,1796.3,1320.7,47.7,69.0,-4.5,,,,
58.822,5,Atta_5,2020.1,2588.2,77.7,-42.1,-4.6,,,,
58.822,6,Atta_6,1263.6,2212.1,145.6,-16.1,-1.7,,,,
58.822,7,Atta_7,1281.4,2687.8,85.8,-46.7,1.1,,,,
58.822,8,Atta_8,1327.3,1442.9,267.5,41.4,-8.9,,,,
58.822,9,Atta_9,270.0,1381.5,228.8,-83.2,1.5,,,,
58.822,10,Atta_10,589.4,2316.4,184.3,-52.5,5.0,,,,
58.945,1,Atta_1,872.4,1660.8,165.6,-103.9,-2.0,,,,
58.945,2,Atta_2,285.6,1215.8,221.3,-19.4,-5.0,,,,
58.945,3,Atta_3,966.3,1540.0,6.4,63.8,4.8,,,,
58.945,4,Atta_4,1705.6,1326.5,51.3,-90.9,3.6,,,,
58.945,5,Atta_5,2022.1,2720.9,77.5,132.7,-0.2,,,,
58.945,6,Atta_6,1258.3,2180.2,145.9,-32.3,0.3,,,,
58.945,7,Atta_7,1334.9,2690.6,85.1,53.6,-0.7,,,,
58.945,8,Atta_8,1352.7,1386.4,261.9,61.9,-5.6,,,,
58.945,9,Atta_9,270.8,1327.1,226.9,54.4,-1.9,,,,
58.945,10,Atta_10,583.1,2312.7,185.5,7.3,1.2,,,,
59.014,1,Atta_1,779.5,1735.8,166.7,119.4,1.1,,,,
59.014,2,Atta_2,307.2,1144.6,219.7,74.4,-1.6,,,,
59.014,3,Atta_3,934.9,1544.9,5.7,-31.8,-0.7,,,,
59.014,4,Atta_4,1718.6,1381.5,49.2,56.5,-2.1,,,,
59.014,5,Atta_5,1964.6,2575.9,73.5,-156.0,-4.0,,,,
59.014,6,Atta_6,1239.5,2215.6,147.4,40.1,1.5,,,,
59.014,7,Atta_7,1343.1,2707.2,85.9,18.5,0.8,,,,
59.014,8,Atta_8,1344.1,1437.5,260.5,-51.8,-1.4,,,,
59.014,9,Atta_9,303.5,1348.4,228.3,-39.0,1.4,,,,
59.014,10,Atta_10,634.6,2304.2,189.5,-52.2,4.0,,,,
59.08,1,Atta_1,780.4,1686.8,168.3,-49.0,1.6,,,,
59.08,2,Atta_2,328.2,1189.1,221.6,-49.2,1.9,,,,
59.08,3,Atta_3,945.2,1485.6,5.6,60.2,-0.1,,,,
59.08,4,Atta_4,1722.4,1397.0,52.4,16.0,3.2,,,,
59.08,5,Atta_5,2017.5,2639.1,65.2,82.4,-8.3,,,,
59.08,6,Atta_6,1209.7,2208.3,145.6,30.7,-1.8,,,,
59.08,7,Atta_7,1325.9,2731.3,85.2,29.6,-0.7,,,,
59.08,8,Atta_8,1331.6,1444.1,264.7,-14.1,4.2,,,,
59.08,9,Atta_9,286.7,1327.5,226.7,26.8,-1.6,,,,
59.08,10,Atta_10,607.4,2356.7,192.2,59.1,2.7,,,,
59.149,1,Atta_1,806.8,1697.1,166.3,-28.3,-2.0,,,,
59.149,2,Atta_2,281.9,1161.6,221.3,53.9,-0.3,,,,
59.149,3,Atta_3,982.4,1522.9,1.9,52.7,-3.7,,,,
59.149,4,Atta_4,1739.3,1397.1,56.6,16.9,4.2,,,,
59.149,5,Atta_5,2051.2,2627.4,64.3,35.7,-0.9,,,,
59.149,6,Atta_6,1209.2,2223.6,148.3,15.3,2.7,,,,
59.149,7,Atta_7,1306.7,2637.6,82.8,-95.6,-2.4,,,,
59.149,8,Atta_8,1287.5,1421.7,264.6,49.5,-0.1,,,,
59.149,9,Atta_9,253.5,1365.5,228.5,-50.5,1.8,,,,
59.149,10,Atta_10,563.4,2308.2,189.8,65.5,-2.4,,,,
59.215,1,Atta_1,795.8,1693.2,168.7,11.7,2.4,,,,
59.215,2,Atta_2,353.3,1178.5,222.0,-73.4,0.7,,,,
59.215,3,Atta_3,991.3,1518.5,3.0,9.9,1.1,,,,
59.215,4,Atta_4,1838.5,1422.6,48.2,102.4,-8.4,,,,
59.215,5,Atta_5,2038.4,2698.4,60.4,72.1,-3.9,,,,
59.215,6,Atta_6,1230.5,2196.4,147.7,-34.5,-0.6,,,,
59.215,7,Atta_7,1301.6,2697.5,86.8,60.1,4.0,,,,
59.215,8,Atta_8,1334.6,1449.9,262.1,-54.9,-2.5,,,,
59.215,9,Atta_9,216.5,1344.9,229.3,42.3,0.8,,,,
59.215,10,Atta_10,607.0,2316.7,195.0,-44.4,5.2,,,,
59.284,1,Atta_1,735.8,1760.4,167.5,90.1,-1.2,,,,
59.284,2,Atta_2,219.7,1182.2,220.8,133.7,-1.2,,,,
59.284,3,Atta_3,971.4,1546.1,3.1,-34.0,0.1,,,,
59.284,4,Atta_4,1738.6,1418.0,55.8,-100.0,7.6,,,,
59.284,5,Atta_5,2010.0,2665.6,55.1,-43.4,-5.3,,,,
59.284,6,Atta_6,1209.2,2254.8,149.8,62.2,2.1,,,,
59.284,7,Atta_7,1316.1,2616.7,85.4,-82.1,-1.4,,,,
59.284,8,Atta_8,1296.4,1544.7,262.4,-102.2,0.3,,,,
59.284,9,Atta_9,251.5,1341.7,233.1,-35.1,3.8,,,,
59.284,10,Atta_10,625.9,2292.4,190.7,-30.8,-4.3,,,,
59.351,1,Atta_1,757.0,1701.1,165.5,-63.0,-2.0,,,,
59.351,2,Atta_2,307.2,1149.9,222.6,-93.3,1.8,,,,
59.351,3,Atta_3,1046.6,1595.0,1.3,89.7,-1.8,,,,
59.351,4,Atta_4,1814.4,1401.0,53.1,77.7,-2.7,,,,
59.351,5,Atta_5,2080.3,2624.1,48.7,81.6,-6.4,,,,
59.351,6,Atta_6,1155.9,2277.2,146.1,57.8,-3.7,,,,
59.351,7,Atta_7,1304.1,2627.1,85.3,15.9,-0.1,,,,
59.351,8,Atta_8,1316.2,1418.3,264.8,127.9,2.4,,,,
59.351,9,Atta_9,240.1,1321.2,228.5,23.5,-4.6,,,,
59.351,10,Atta_10,594.5,2256.2,193.2,47.9,2.5,,,,
59.405,1,Atta_1,783.8,1757.0,165.7,-62.0,0.2,,,,
59.405,2,Atta_2,251.0,1167.3,220.8,58.8,-1.8,,,,
59.405,3,Atta_3,1038.5,1558.5,2.9,-37.4,1.6,,,,
59.405,4,Atta_4,1731.8,1388.2,52.8,-83.6,-0.3,,,,
59.405,5,Atta_5,2043.4,2593.3,45.6,-48.1,-3.1,,,,
59.405,6,Atta_6,1163.0,2322.3,145.4,45.7,-0.7,,,,
59.405,7,Atta_7,1342.8,2657.9,86.4,49.5,1.1,,,,
59.405,8,Atta_8,1337.0,1365.8,260.5,56.5,-4.3,,,,
59.405,9,Atta_9,184.0,1319.6,228.4,56.1,-0.1,,,,
59.405,10,Atta_10,594.5,2278.0,195.4,-21.8,2.2,,,,
59.476,1,Atta_1,757.6,1732.8,166.5,35.7,0.8,,,,
59.476,2,Atta_2,258.6,1130.1,218.3,38.0,-2.5,,,,
59.476,3,Atta_3,1052.3,1534.6,4.4,27.6,1.5,,,,
59.476,4,Atta_4,1793.7,1421.4,51.2,70.2,-1.6,,,,
59.476,5,Atta_5,2052.6,2598.8,43.8,10.7,-1.8,,,,
59.476,6,Atta_6,1138.7,2253.5,149.1,-73.0,3.7,,,,
59.476,7,Atta_7,1352.4,2620.7,85.8,-38.4,-0.6,,,,
59.476,8,Atta_8,1298.7,1412.7,262.4,-60.6,1.9,,,,
59.476,9,Atta_9,212.6,1216.7,232.4,106.8,4.0,,,,
59.476,10,Atta_10,554.8,2280.7,194.8,39.8,-0.6,,,,
59.531,1,Atta_1,722.8,1764.6,165.1,47.1,-1.4,,,,
59.531,2,Atta_2,232.4,1139.5,225.4,27.8,7.1,,,,
59.531,3,Atta_3,1049.1,1559.8,0.5,-25.4,-3.9,,,,
59.531,4,Atta_4,1802.3,1443.9,54.1,24.1,2.9,,,,
59.531,5,Atta_5,2008.7,2643.5,38.2,-62.7,-5.6,,,,
59.531,6,Atta_6,1100.2,2230.1,145.4,45.1,-3.7,,,,
59.531,7,Atta_7,1282.3,2593.0,85.1,-75.4,-0.7,,,,
59.531,8,Atta_8,1315.3,1382.7,261.0,34.3,-1.4,,,,
59.531,9,Atta_9,215.4,1243.3,232.6,-26.7,0.2,,,,
59.531,10,Atta_10,521.6,2336.8,191.6,65.2,-3.2,,,,
59.602,1,Atta_1,704.7,1728.7,169.5,40.2,4.4,,,,
59.602,2,Atta_2,232.9,1131.6,217.8,7.9,-7.6,,,,
59.602,3,Atta_3,1066.9,1601.1,1.2,45.0,0.7,,,,
59.602,4,Atta_4,1791.9,1421.6,52.7,-24.6,-1.4,,,,
59.602,5,Atta_5,2050.6,2589.9,32.0,-68.0,-6.2,,,,
59.602,6,Atta_6,1140.3,2249.5,145.8,-44.5,0.4,,,,
59.602,7,Atta_7,1323.2,2608.4,83.4,43.7,-1.7,,,,
59.602,8,Atta_8,1326.0,1379.5,261.3,11.2,0.3,,,,
59.602,9,Atta_9,261.4,1266.3,230.7,-51.4,-1.9,,,,
59.602,10,Atta_10,498.2,2332.2,191.7,23.8,0.1,,,,
59.672,1,Atta_1,679.2,1711.2,169.7,30.9,0.2,,,,
59.672,2,Atta_2,261.6,1097.0,221.0,-45.0,3.2,,,,
59.672,3,Atta_3,1105.2,1509.7,2.6,99.1,1.4,,,,
59.672,4,Atta_4,1784.5,1494.0,51.7,72.8,-1.0,,,,
59.672,5,Atta_5,2015.0,2631.4,28.4,-54.7,-3.6,,,,
59.672,6,Atta_6,1149.3,2332.5,147.5,83.5,1.7,,,,
59.672,7,Atta_7,1357.3,2628.9,86.8,39.8,3.4,,,,
59.672,8,Atta_8,1330.1,1375.6,266.9,5.7,5.6,,,,
59.672,9,Atta_9,163.4,1284.1,229.6,99.6,-1.1,,,,
59.672,10,Atta_10,489.4,2302.8,191.3,30.7,-0.4,,,,
59.724,1,Atta_1,652.5,1760.4,166.5,56.0,-3.2,,,,
59.724,2,Atta_2,198.8,1101.0,223.6,62.9,2.6,,,,
59.724,3,Atta_3,1092.3,1581.7,0.9,-73.1,-1.7,,,,
59.724,5,Atta_5,2022.4,2621.4,26.8,12.4,-1.6,,,,
59.724,6,Atta_6,1119.8,2325.2,145.3,30.4,-2.2,,,,
59.724,7,Atta_7,1290.2,2551.5,87.0,-102.4,0.2,,,,
59.724,8,Atta_8,1361.6,1348.1,263.0,41.8,-3.9,,,,
59.724,9,Atta_9,236.1,1227.7,230.2,-92.0,0.6,,,,
59.724,10,Atta_10,535.8,2330.9,194.5,-54.2,3.2,,,,
59.789,1,Atta_1,658.2,1768.3,165.0,-9.7,-1.5,,,,
59.789,2,Atta_2,184.1,1063.8,219.8,40.0,-3.8,,,,
59.789,3,Atta_3,1068.1,1535.5,2.6,-52.2,1.7,,,,
59.789,4,Atta_4,1854.1,1444.5,51.6,85.4,-0.1,,,,
59.789,5,Atta_5,2041.2,2628.1,27.0,20.0,0.2,,,,
59.789,6,Atta_6,1091.3,2298.9,142.0,38.8,-3.3,,,,
59.789,7,Atta_7,1323.6,2574.8,79.7,40.7,-7.3,,,,
59.789,8,Atta_8,1290.7,1355.9,265.1,71.3,2.1,,,,
59.789,9,Atta_9,156.3,1253.5,229.6,83.9,-0.6,,,,
59.789,10,Atta_10,523.7,2275.5,191.0,56.7,-3.5,,,,
59.858,1,Atta_1,616.6,1737.0,159.3,52.1,-5.7,,,,
59.858,2,Atta_2,172.5,1071.8,217.9,14.1,-1.9,,,,
59.858,3,Atta_3,1105.4,1588.7,3.7,65.0,1.1,,,,
59.858,4,Atta_4,1864.7,1474.0,52.7,31.3,1.1,,,,
59.858,5,Atta_5,2009.4,2597.7,25.1,-44.0,-1.9,,,,
59.858,6,Atta_6,1163.7,2272.5,146.9,-77.1,4.9,,,,
59.858,7,Atta_7,1260.1,2567.4,74.6,-63.9,-5.1,,,,
59.858,8,Atta_8,1329.6,1382.5,260.2,-47.1,-4.9,,,,
59.858,9,Atta_9,158.8,1225.7,228.7,27.9,-0.9,,,,
59.858,10,Atta_10,489.2,2320.7,189.6,56.9,-1.4,,,,
59.929,1,Atta_1,693.5,1725.0,154.6,-77.8,-4.7,,,,
59.929,2,Atta_2,194.9,1102.5,223.9,-38.0,6.0,,,,
59.929,3,Atta_3,1118.9,1558.2,4.5,33.4,0.8,,,,
59.929,4,Atta_4,1818.5,1472.1,52.6,-46.2,-0.1,,,,
59.929,5,Atta_5,2063.1,2602.9,24.9,54.0,-0.2,,,,
59.929,6,Atta_6,1078.9,2306.6,144.7,91.4,-2.2,,,,
59.929,7,Atta_7,1357.6,2563.8,71.1,97.6,-3.5,,,,
59.929,8,Atta_8,1318.8,1318.1,260.3,65.3,0.1,,,,
59.929,9,Atta_9,121.9,1234.0,230.4,37.8,1.7,,,,
59.929,10,Atta_10,503.1,2266.5,194.4,-56.0,4.8,,,,
59.98,1,Atta_1,697.8,1759.0,154.8,34.3,0.2,,,,
59.98,2,Atta_2,147.9,1110.5,220.5,47.7,-3.4,,,,
59.98,3,Atta_3,1075.3,1526.9,1.0,-53.7,-3.5,,,,
59.98,4,Atta_4,1863.0,1451.0,49.2,49.2,-3.4,,,,
59.98,5,Atta_5,2000.2,2560.3,22.5,-76.0,-2.4,,,,
59.98,6,Atta_6,1103.3,2382.1,144.7,79.3,0.0,,,,
59.98,7,Atta_7,1303.3,2588.3,68.1,59.6,-3.0,,,,
59.98,8,Atta_8,1303.7,1331.1,259.4,-19.9,-0.9,,,,
59.98,9,Atta_9,160.9,1239.1,230.9,-39.3,0.5,,,,
59.98,10,Atta_10,436.6,2247.2,192.6,69.2,-1.8,,,,
60.046,1,Atta_1,650.8,1692.3,149.8,81.6,-5.0,,,,
60.046,2,Atta_2,180.5,1128.5,225.6,-37.2,5.1,,,,
60.046,3,Atta_3,1147.1,1602.9,5.3,104.6,4.3,,,,
60.046,4,Atta_4,1844.7,1526.0,50.0,77.2,0.8,,,,
60.046,5,Atta_5,2052.9,2577.7,26.0,55.5,3.5,,,,
60.046,6,Atta_6,1090.7,2240.2,144.0,-142.5,-0.7,,,,
60.046,7,Atta_7,1289.6,2566.9,63.7,-25.4,-4.4,,,,
60.046,8,Atta_8,1328.1,1326.2,251.8,24.9,-7.6,,,,
60.046,9,Atta_9,162.9,1162.9,229.6,76.2,-1.3,,,,
60.046,10,Atta_10,462.3,2298.3,192.5,-57.2,-0.1,,,,
60.113,1,Atta_1,612.8,1752.4,140.4,71.1,-9.4,,,,
60.113,2,Atta_2,137.7,1067.5,234.0,74.5,8.4,,,,
60.113,3,Atta_3,1117.8,1586.1,3.4,-33.8,-1.9,,,,
60.113,4,Atta_4,1864.9,1484.9,52.7,-45.8,2.7,,,,
60.113,5,Atta_5,2087.6,2627.5,28.4,60.7,2.4,,,,
60.113,6,Atta_6,1081.9,2288.1,145.1,48.7,1.1,,,,
60.113,7,Atta_7,1368.2,2569.3,54.7,78.6,-9.0,,,,
60.113,8,Atta_8,1310.7,1321.6,252.5,18.0,0.7,,,,
60.113,9,Atta_9,129.9,1187.3,230.2,41.0,0.6,,,,
60.113,10,Atta_10,406.6,2262.2,193.2,66.4,0.7,,,,
60.179,1,Atta_1,707.2,1708.3,138.8,-104.2,-1.6,,,,
60.179,2,Atta_2,224.0,1046.9,237.5,-88.7,3.5,,,,
60.179,3,Atta_3,1161.3,1557.8,6.2,51.9,2.8,,,,
60.179,4,Atta_4,1855.8,1503.4,51.0,20.6,-1.7,,,,
60.179,5,Atta_5,2029.4,2626.7,26.6,-58.2,-1.8,,,,
60.179,6,Atta_6,1047.5,2262.9,145.5,42.6,0.4,,,,
60.179,7,Atta_7,1293.5,2576.5,57.3,-75.0,2.6,,,,
60.179,8,Atta_8,1327.4,1321.3,243.1,-16.7,-9.4,,,,
60.179,9,Atta_9,100.4,1181.6,224.1,30.0,-6.1,,,,
60.179,10,Atta_10,457.0,2273.5,191.4,-51.7,-1.8,,,,
60.247,1,Atta_1,667.8,1811.0,141.2,110.0,2.4,,,,
60.247,2,Atta_2,235.0,1115.3,241.9,-69.3,4.4,,,,
60.247,3,Atta_3,1143.5,1582.8,1.6,-30.7,-4.6,,,,
60.247,4,Atta_4,1883.5,1542.4,50.9,47.8,-0.1,,,,
60.247,5,Atta_5,2103.3,2642.2,23.8,75.5,-2.8,,,,
60.247,6,Atta_6,1042.0,2314.6,150.8,52.0,5.3,,,,
60.247,7,Atta_7,1322.1,2532.0,52.7,-52.9,-4.6,,,,
60.247,8,Atta_8,1268.5,1340.8,243.1,62.0,0.0,,,,
60.247,9,Atta_9,107.9,1185.5,227.7,-8.5,3.6,,,,
60.247,10,Atta_10,394.7,2215.9,193.7,84.8,2.3,,,,
60.377,1,Atta_1,691.1,1724.2,138.2,-89.9,-3.0,,,,
60.377,2,Atta_2,126.2,1121.2,245.0,109.0,3.1,,,,
60.377,3,Atta_3,1180.1,1504.4,2.5,86.5,0.9,,,,
60.377,4,Atta_4,1853.9,1520.6,52.2,-36.8,1.3,,,,
60.377,5,Atta_5,2067.9,2655.2,24.3,-37.7,0.5,,,,
60.377,6,Atta_6,1059.4,2288.6,147.3,-31.3,-3.5,,,,
60.377,7,Atta_7,1296.8,2553.7,46.0,33.3,-6.7,,,,
60.377,8,Atta_8,1329.7,1369.6,236.9,-67.6,-6.2,,,,
60.377,9,Atta_9,89.0,1158.2,228.4,33.2,0.7,,,,
60.377,10,Atta_10,421.6,2230.8,191.0,-30.8,-2.7,,,,
60.444,1,Atta_1,672.3,1774.7,138.5,53.9,0.3,,,,
60.444,2,Atta_2,178.0,1028.1,249.4,106.5,4.4,,,,
60.444,3,Atta_3,1177.4,1561.6,4.6,-57.3,2.1,,,,
60.444,4,Atta_4,1958.0,1525.9,51.2,104.2,-1.0,,,,
60.444,5,Atta_5,2083.0,2660.8,22.3,16.1,-2.0,,,,
60.444,6,Atta_6,1055.2,2357.0,152.0,68.5,4.7,,,,
60.444,7,Atta_7,1327.6,2576.5,33.7,38.3,-12.3,,,,
60.444,8,Atta_8,1274.7,1347.2,227.2,59.4,-9.7,,,,
60.444,9,Atta_9,127.5,1176.9,229.7,-42.8,1.3,,,,
60.444,10,Atta_10,380.5,2243.6,191.2,43.0,0.2,,,,
60.565,1,Atta_1,709.9,1758.9,137.8,-40.8,-0.7,,,,
60.565,2,Atta_2,248.8,1072.1,246.9,-83.4,-2.5,,,,
60.565,3,Atta_3,1232.8,1491.2,3.6,89.6,-1.0,,,,
60.565,4,Atta_4,1908.5,1632.1,49.1,117.2,-2.1,,,,
60.565,5,Atta_5,2134.3,2655.1,22.5,51.6,0.2,,,,
60.565,6,Atta_6,1025.3,2404.2,149.8,55.9,-2.2,,,,
60.565,7,Atta_7,1333.4,2598.8,30.3,23.0,-3.4,,,,
60.565,8,Atta_8,1289.9,1378.8,223.3,-35.1,-3.9,,,,
60.565,9,Atta_9,96.7,1134.7,227.8,52.2,-1.9,,,,
60.565,10,Atta_10,406.9,2229.3,190.0,-30.0,-1.2,,,,
60.617,1,Atta_1,683.9,1718.8,139.6,-47.8,1.8,,,,
60.617,2,Atta_2,160.9,1102.6,247.5,93.0,0.6,,,,
60.617,3,Atta_3,1200.3,1566.3,2.3,-81.8,-1.3,,,,
60.617,4,Atta_4,1977.5,1506.0,54.7,-143.7,5.6,,,,
60.617,5,Atta_5,2096.2,2659.9,25.2,-38.4,2.7,,,,
60.617,6,Atta_6,1029.8,2424.4,146.8,20.7,-3.0,,,,
60.617,7,Atta_7,1315.1,2548.9,26.4,-53.1,-3.9,,,,
60.617,8,Atta_8,1303.3,1343.5,220.9,37.8,-2.4,,,,
60.617,9,Atta_9,89.0,1121.5,230.2,15.3,2.4,,,,
60.617,10,Atta_10,336.8,2309.7,189.0,106.7,-1.0,,,,
60.686,1,Atta_1,597.4,1772.5,139.9,101.8,0.3,,,,
60.686,2,Atta_2,195.7,1103.5,250.5,-34.8,3.0,,,,
60.686,3,Atta_3,1204.2,1560.7,4.9,6.8,2.6,,,,
60.686,4,Atta_4,1855.6,1587.9,50.4,-146.9,-4.3,,,,
60.686,5,Atta_5,2068.5,2649.2,27.9,-29.7,2.7,,,,
60.686,6,Atta_6,984.2,2348.9,148.6,-88.2,1.8,,,,
60.686,7,Atta_7,1259.5,2522.6,26.0,-61.5,-0.4,,,,
60.686,8,Atta_8,1333.5,1334.5,221.8,-31.5,0.9,,,,
60.686,9,Atta_9,69.2,1183.4,227.7,-65.0,-2.5,,,,
60.686,10,Atta_10,355.7,2246.8,192.8,-65.7,3.8,,,,
60.757,1,Atta_1,637.7,1715.5,135.7,-69.8,-4.2,,,,
60.757,2,Atta_2,138.0,1040.7,249.4,85.3,-1.1,,,,
60.757,3,Atta_3,1263.5,1569.4,4.2,59.9,-0.7,,,,
60.757,4,Atta_4,1846.1,1619.2,47.8,32.7,-2.6,,,,
60.757,5,Atta_5,2109.9,2735.9,26.1,96.1,-1.8,,,,
60.757,6,Atta_6,972.2,2375.8,146.3,29.5,-2.3,,,,
60.757,7,Atta_7,1286.3,2535.6,21.0,29.8,-5.0,,,,
60.757,8,Atta_8,1263.0,1291.3,219.6,82.7,-2.2,,,,
60.757,9,Atta_9,100.4,1216.7,229.7,-45.6,2.0,,,,
60.757,10,Atta_10,364.4,2237.9,192.0,-12.4,-0.8,,,,
60.809,1,Atta_1,604.4,1769.9,137.3,63.8,1.6,,,,
60.809,2,Atta_2,209.0,1079.2,249.6,-80.8,0.2,,,,
60.809,3,Atta_3,1289.0,1513.9,2.8,61.1,-1.4,,,,
60.809,4,Atta_4,1958.6,1563.7,48.1,125.4,0.3,,,,
60.809,5,Atta_5,2148.1,2651.0,17.1,-93.1,-9.0,,,,
60.809,6,Atta_6,947.9,2392.1,147.5,29.3,1.2,,,,
60.809,7,Atta_7,1280.4,2538.1,13.9,-6.4,-7.1,,,,
60.809,8,Atta_8,1288.6,1375.4,223.9,-87.9,4.3,,,,
60.809,9,Atta_9,143.8,1169.1,229.5,64.4,-0.2,,,,
60.809,10,Atta_10,347.3,2246.8,191.9,19.3,-0.1,,,,
60.875,1,Atta_1,655.9,1811.3,144.1,-66.1,6.8,,,,
60.875,2,Atta_2,200.4,1015.2,249.0,64.6,-0.6,,,,
60.875,3,Atta_3,1247.6,1584.6,3.2,-81.9,0.4,,,,
60.875,4,Atta_4,1920.0,1563.4,49.1,-38.6,1.0,,,,
60.875,5,Atta_5,2109.9,2725.1,18.7,-83.4,1.6,,,,
60.875,6,Atta_6,979.3,2401.0,145.6,-32.6,-1.9,,,,
60.875,7,Atta_7,1307.2,2519.9,6.9,32.4,-7.0,,,,
60.875,8,Atta_8,1375.1,1310.4,221.9,-108.2,-2.0,,,,
60.875,9,Atta_9,110.6,1174.8,228.8,33.7,-0.7,,,,
60.875,10,Atta_10,318.8,2271.1,192.0,37.5,0.1,,,,
60.942,1,Atta_1,626.7,1796.8,137.6,32.6,-6.5,,,,
60.942,2,Atta_2,145.7,1014.2,249.9,54.7,0.9,,,,
60.942,3,Atta_3,1309.7,1580.6,3.1,62.2,-0.1,,,,
60.942,4,Atta_4,1853.7,1490.4,48.3,-98.6,-0.8,,,,
60.942,5,Atta_5,2116.7,2738.9,10.9,15.4,-7.8,,,,
60.942,6,Atta_6,997.2,2388.5,143.4,-21.8,-2.2,,,,
60.942,7,Atta_7,1290.5,2576.8,5.8,-59.3,-1.1,,,,
60.942,8,Atta_8,1314.8,1326.2,220.0,62.3,-1.9,,,,
60.942,9,Atta_9,134.6,1220.9,229.4,-52.0,0.6,,,,
60.942,10,Atta_10,289.7,2227.0,190.1,52.8,-1.9,,,,
61.012,1,Atta_1,628.5,1805.6,138.5,9.0,0.9,,,,
61.012,2,Atta_2,182.4,966.0,247.7,60.6,-2.2,,,,
61.012,3,Atta_3,1303.4,1581.5,2.3,-6.4,-0.8,,,,
61.012,4,Atta_4,1873.1,1504.0,47.2,23.7,-1.1,,,,
61.012,5,Atta_5,2153.6,2692.6,4.3,59.2,-6.6,,,,
61.012,6,Atta_6,934.9,2370.3,145.5,64.9,2.1,,,,
61.012,7,Atta_7,1311.7,2599.0,3.1,30.7,-2.7,,,,
61.012,8,Atta_8,1263.4,1295.9,218.0,59.7,-2.0,,,,
61.012,9,Atta_9,177.0,1236.5,226.5,-45.2,-2.9,,,,
61.012,10,Atta_10,276.1,2287.5,196.1,62.0,6.0,,,,
61.078,1,Atta_1,589.8,1786.9,137.5,43.0,-1.0,,,,
61.078,2,Atta_2,156.5,997.5,247.1,-40.8,-0.6,,,,
61.078,3,Atta_3,1289.7,1563.0,3.5,-23.0,1.2,,,,
61.078,4,Atta_4,1852.5,1538.1,48.9,39.8,1.7,,,,
61.078,5,Atta_5,2149.3,2628.4,2.6,-64.3,-1.7,,,,
61.078,6,Atta_6,930.2,2435.8,146.7,65.7,1.2,,,,
61.078,7,Atta_7,1336.9,2597.0,357.0,25.3,-6.1,,,,
61.078,8,Atta_8,1337.7,1340.7,222.1,-86.8,4.1,,,,
61.078,9,Atta_9,163.0,1202.5,226.6,36.8,0.1,,,,
61.078,10,Atta_10,301.9,2294.8,193.8,-26.8,-2.3,,,,
61.146,1,Atta_1,618.2,1826.7,139.3,48.9,1.8,,,,
61.146,2,Atta_2,181.7,985.4,250.6,28.0,3.5,,,,
61.146,3,Atta_3,1304.7,1544.6,3.8,23.7,0.3,,,,
61.146,4,Atta_4,1891.7,1596.1,50.9,70.0,2.0,,,,
61.146,5,Atta_5,2083.7,2660.6,359.6,-73.1,-3.0,,,,
61.146,6,Atta_6,920.7,2404.2,146.1,-33.0,-0.6,,,,
61.146,7,Atta_7,1296.8,2536.4,354.9,-72.7,-2.1,,,,
61.146,8,Atta_8,1324.1,1308.1,218.4,35.3,-3.7,,,,
61.146,9,Atta_9,170.2,1241.1,226.9,-39.3,0.3,,,,
61.146,10,Atta_10,291.8,2246.8,193.7,49.1,-0.1,,,,
61.216,1,Atta_1,570.6,1841.1,137.6,49.7,-1.7,,,,
61.216,2,Atta_2,141.8,1059.2,248.7,-83.9,-1.9,,,,
61.216,3,Atta_3,1337.0,1552.3,3.8,33.2,0.0,,,,
61.216,4,Atta_4,1952.6,1437.0,57.1,-170.4,6.2,,,,
61.216,5,Atta_5,2172.0,2673.5,357.6,89.2,-2.0,,,,
61.216,6,Atta_6,933.1,2402.7,151.8,-12.5,5.7,,,,
61.216,7,Atta_7,1276.5,2553.8,350.2,-26.7,-4.7,,,,
61.216,8,Atta_8,1267.9,1332.0,220.8,61.1,2.4,,,,
61.216,9,Atta_9,151.5,1252.3,225.5,21.8,-1.4,,,,
61.216,10,Atta_10,217.8,2190.0,195.6,93.3,1.9,,,,
61.339,1,Atta_1,585.8,1827.5,141.8,-20.4,4.2,,,,
61.339,2,Atta_2,189.2,975.0,248.9,96.6,0.2,,,,
61.339,3,Atta_3,1289.4,1571.7,4.3,-51.4,0.5,,,,
61.339,4,Atta_4,1830.9,1516.5,64.9,145.4,7.8,,,,
61.339,5,Atta_5,2137.8,2645.6,343.5,-44.1,-14.1,,,,
61.339,6,Atta_6,920.2,2402.2,149.4,12.9,-2.4,,,,
61.339,7,Atta_7,1302.5,2579.0,347.0,36.2,-3.2,,,,
61.339,8,Atta_8,1259.8,1256.0,223.0,76.4,2.2,,,,
61.339,9,Atta_9,158.5,1227.4,223.5,25.9,-2.0,,,,
61.339,10,Atta_10,293.1,2251.4,191.9,-97.2,-3.7,,,,
61.469,1,Atta_1,508.4,1794.0,140.5,84.3,-1.3,,,,
61.469,2,Atta_2,128.6,991.6,250.4,62.8,1.5,,,,
61.469,3,Atta_3,1375.0,1575.0,4.6,85.7,0.3,,,,
61.469,4,Atta_4,1849.6,1555.9,72.6,43.6,7.7,,,,
61.469,5,Atta_5,2142.1,2631.0,339.2,15.2,-4.3,,,,
61.469,6,Atta_6,897.6,2409.2,149.0,23.7,-0.4,,,,
61.469,7,Atta_7,1334.7,2547.1,351.9,45.3,4.9,,,,
61.469,8,Atta_8,1268.2,1288.8,218.0,-33.9,-5.0,,,,
61.469,9,Atta_9,219.0,1216.8,232.4,-61.4,8.9,,,,
61.469,10,Atta_10,230.1,2224.4,197.8,68.5,5.9,,,,
61.54,1,Atta_1,577.5,1892.9,141.4,120.6,0.9,,,,
61.54,2,Atta_2,158.9,987.0,248.3,-30.6,-2.1,,,,
61.54,3,Atta_3,1340.6,1599.6,4.0,-42.3,-0.6,,,,
61.54,4,Atta_4,1859.6,1524.9,79.3,-32.6,6.7,,,,
61.54,5,Atta_5,2158.3,2695.0,333.0,-66.0,-6.2,,,,
61.54,6,Atta_6,857.1,2456.2,152.1,62.0,3.1,,,,
61.54,7,Atta_7,1318.7,2585.0,352.1,-41.1,0.2,,,,
61.54,8,Atta_8,1279.2,1275.7,221.2,-17.1,3.2,,,,
61.54,9,Atta_9,179.5,1284.4,237.1,-78.3,4.7,,,,
61.54,10,Atta_10,277.7,2263.6,199.3,-61.7,1.5,,,,
61.604,1,Atta_1,564.0,1860.1,141.8,-35.5,0.4,,,,
61.604,2,Atta_2,148.2,1007.5,247.8,-23.1,-0.5,,,,
61.604,3,Atta_3,1401.3,1521.5,359.1,98.9,-4.9,,,,
61.604,4,Atta_4,1875.3,1509.0,78.4,-22.3,-0.9,,,,
61.604,5,Atta_5,2109.7,2698.6,327.9,-48.7,-5.1,,,,
61.604,6,Atta_6,842.5,2429.6,146.6,30.3,-5.5,,,,
61.604,7,Atta_7,1285.1,2550.5,354.1,-48.2,2.0,,,,
61.604,8,Atta_8,1238.1,1214.9,220.7,73.4,-0.5,,,,
61.604,9,Atta_9,195.3,1250.6,244.7,37.3,7.6,,,,
61.604,10,Atta_10,213.3,2182.3,205.2,103.7,5.9,,,,
61.674,1,Atta_1,498.6,1859.0,139.6,65.4,-2.2,,,,
61.674,2,Atta_2,118.2,917.5,250.5,94.9,2.7,,,,
61.674,3,Atta_3,1347.8,1534.5,0.9,-55.1,1.8,,,,
61.674,4,Atta_4,1881.6,1511.0,87.1,6.6,8.7,,,,
61.674,5,Atta_5,2126.4,2631.1,327.9,69.5,0.0,,,,
61.674,6,Atta_6,818.9,2477.9,149.0,53.8,2.4,,,,
61.674,7,Atta_7,1298.9,2579.9,353.3,32.5,-0.8,,,,
61.674,8,Atta_8,1225.3,1258.3,220.8,-45.2,0.1,,,,
61.674,9,Atta_9,252.4,1238.3,249.5,-58.4,4.8,,,,
61.674,10,Atta_10,207.7,2220.0,210.6,-38.1,5.4,,,,
61.742,1,Atta_1,552.4,1879.4,142.9,-57.5,3.3,,,,
61.742,2,Atta_2,109.0,926.9,246.7,-13.2,-3.8,,,,
61.742,3,Atta_3,1372.9,1544.1,5.6,26.9,4.7,,,,
61.742,4,Atta_4,1856.7,1529.5,86.7,31.0,-0.4,,,,
61.742,5,Atta_5,2102.8,2671.0,322.3,-46.4,-5.6,,,,
61.742,6,Atta_6,850.6,2436.7,148.0,-52.0,-1.0,,,,
61.742,7,Atta_7,1348.4,2536.8,352.5,65.6,-0.8,,,,
61.742,8,Atta_8,1243.2,1207.4,223.1,54.0,2.3,,,,
61.742,9,Atta_9,162.9,1268.9,248.9,94.6,-0.6,,,,
61.742,10,Atta_10,302.0,2194.7,217.4,-97.6,6.8,,,,
61.793,1,Atta_1,464.6,1862.6,142.1,89.4,-0.8,,,,
61.793,2,Atta_2,116.7,896.3,250.4,31.6,3.7,,,,
61.793,3,Atta_3,1416.2,1535.8,3.7,44.1,-1.9,,,,
61.793,4,Atta_4,1850.8,1472.6,94.3,-57.2,7.6,,,,
61.793,5,Atta_5,2133.6,2658.2,319.4,33.4,-2.9,,,,
61.793,6,Atta_6,882.4,2478.0,148.0,-52.1,0.0,,,,
61.793,7,Atta_7,1352.3,2566.7,349.4,-30.2,-3.1,,,,
61.793,8,Atta_8,1191.7,1229.3,227.3,56.0,4.2,,,,
61.793,9,Atta_9,155.4,1273.9,256.8,-9.0,7.9,,,,
61.793,10,Atta_10,265.1,2247.3,216.8,-64.3,-0.6,,,,
61.864,1,Atta_1,497.8,1881.8,142.0,-38.4,-0.1,,,,
61.864,2,Atta_2,47.0,891.7,248.5,69.9,-1.9,,,,
61.864,3,Atta_3,1396.7,1572.0,6.4,-41.1,2.7,,,,
61.864,4,Atta_4,1866.2,1500.0,100.2,31.4,5.9,,,,
61.864,5,Atta_5,2153.9,2667.0,316.1,22.1,-3.3,,,,
61.864,6,Atta_6,821.9,2479.3,146.5,60.5,-1.5,,,,
61.864,7,Atta_7,1353.5,2543.9,354.1,22.8,4.7,,,,
61.864,8,Atta_8,1168.2,1231.0,220.3,23.6,-7.0,,,,
61.864,9,Atta_9,194.7,1262.4,261.5,40.9,4.7,,,,
61.864,10,Atta_10,215.5,2199.8,223.4,68.7,6.6,,,,
61.932,1,Atta_1,504.0,1896.7,141.3,16.1,-0.7,,,,
61.932,2,Atta_2,79.8,931.8,246.8,-51.8,-1.7,,,,
61.932,3,Atta_3,1483.1,1622.3,2.4,100.0,-4.0,,,,
61.932,4,Atta_4,1945.9,1468.4,104.7,-85.7,4.5,,,,
61.932,5,Atta_5,2107.5,2662.6,312.9,-46.6,-3.2,,,,
61.932,6,Atta_6,811.8,2415.9,146.3,-64.2,-0.2,,,,
61.932,7,Atta_7,1380.1,2539.9,356.5,26.9,2.4,,,,
61.932,8,Atta_8,1173.1,1198.0,220.8,33.4,0.5,,,,
61.932,9,Atta_9,202.8,1234.3,265.3,29.2,3.8,,,,
61.932,10,Atta_10,251.5,2232.0,227.0,-48.3,3.6,,,,
61.988,1,Atta_1,481.2,1933.1,138.3,43.0,-3.0,,,,
61.988,2,Atta_2,130.1,889.5,248.6,65.7,1.8,,,,
61.988,3,Atta_3,1436.8,1549.9,3.6,-85.9,1.2,,,,
61.988,4,Atta_4,1905.9,1501.6,106.8,52.0,2.1,,,,
61.988,5,Atta_5,2128.9,2709.6,310.7,-51.6,-2.2,,,,
61.988,6,Atta_6,813.9,2494.6,147.9,78.7,1.6,,,,
61.988,7,Atta_7,1384.7,2582.0,351.6,42.4,-4.9,,,,
61.988,8,Atta_8,1181.7,1173.8,223.2,25.7,2.4,,,,
61.988,9,Atta_9,184.8,1305.6,264.4,-73.5,-0.9,,,,
61.988,10,Atta_10,239.4,2242.5,232.8,16.0,5.8,,,,
62.058,1,Atta_1,425.3,1903.1,144.4,63.4,6.1,,,,
62.058,2,Atta_2,127.7,863.3,249.1,26.3,0.5,,,,
62.058,3,Atta_3,1455.5,1593.2,4.9,47.2,1.3,,,,
62.058,4,Atta_4,1816.8,1483.1,107.1,91.0,0.3,,,,
62.058,5,Atta_5,2135.8,2704.7,312.5,8.5,1.8,,,,
62.058,6,Atta_6,853.4,2497.7,145.2,-39.6,-2.7,,,,
62.058,7,Atta_7,1373.7,2531.2,352.3,-52.0,0.7,,,,
62.058,8,Atta_8,1109.6,1217.2,216.6,84.2,-6.6,,,,
62.058,9,Atta_9,190.0,1273.6,273.9,32.4,9.5,,,,
62.058,10,Atta_10,215.3,2211.6,233.9,39.2,1.1,,,,
62.129,1,Atta_1,461.2,1928.9,139.8,-44.2,-4.6,,,,
62.129,2,Atta_2,95.4,859.0,249.2,32.6,0.1,,,,
62.129,3,Atta_3,1515.9,1593.0,2.9,60.4,-2.0,,,,
62.129,4,Atta_4,1822.2,1498.6,106.6,16.4,-0.5,,,,
62.129,5,Atta_5,2144.2,2697.9,310.6,10.8,-1.9,,,,
62.129,6,Atta_6,789.9,2515.0,145.5,65.8,0.3,,,,
62.129,7,Atta_7,1313.8,2591.0,350.7,-84.6,-1.6,,,,
62.129,8,Atta_8,1119.6,1238.9,226.1,-23.9,9.5,,,,
62.129,9,Atta_9,184.5,1300.1,276.8,-27.1,2.9,,,,
62.129,10,Atta_10,207.7,2253.5,240.3,-42.6,6.4,,,,
62.184,1,Atta_1,420.1,1887.8,142.2,58.1,2.4,,,,
62.184,2,Atta_2,88.6,838.4,245.3,21.7,-3.9,,,,
62.184,3,Atta_3,1449.8,1550.4,2.0,-78.6,-0.9,,,,
62.184,4,Atta_4,1865.3,1491.8,105.1,-43.6,-1.5,,,,
62.184,5,Atta_5,2085.5,2680.9,310.4,-61.1,-0.2,,,,
62.184,6,Atta_6,830.0,2477.4,148.3,-55.0,2.8,,,,
62.184,7,Atta_7,1375.5,2574.5,352.3,63.9,1.6,,,,
62.184,8,Atta_8,1160.9,1192.3,222.0,62.3,-4.1,,,,
62.184,9,Atta_9,167.5,1306.8,281.4,-18.3,4.6,,,,
62.184,10,Atta_10,279.2,2267.4,247.9,-72.8,7.6,,,,
62.253,1,Atta_1,442.9,1922.1,142.4,41.2,0.2,,,,
62.253,2,Atta_2,71.8,877.5,248.7,-42.6,3.4,,,,
62.253,3,Atta_3,1500.2,1596.5,4.4,68.3,2.4,,,,
62.253,4,Atta_4,1904.5,1469.6,108.9,-45.0,3.8,,,,
62.253,5,Atta_5,2165.9,2668.3,312.8,81.4,2.4,,,,
62.253,6,Atta_6,782.2,2533.8,144.1,73.9,-4.2,,,,
62.253,7,Atta_7,1369.5,2545.6,355.7,-29.5,3.4,,,,
62.253,8,Atta_8,1108.8,1160.9,218.3,60.8,-3.7,,,,
62.253,9,Atta_9,175.5,1248.1,284.2,59.2,2.8,,,,
62.253,10,Atta_10,261.0,2258.5,247.7,20.3,-0.2,,,,
62.319,1,Atta_1,430.3,2009.7,141.0,88.5,-1.4,,,,
62.319,2,Atta_2,62.4,798.3,250.9,79.8,2.2,,,,
62.319,3,Atta_3,1489.0,1545.5,1.1,-52.2,-3.3,,,,
62.319,4,Atta_4,1843.2,1522.6,108.1,81.0,-0.8,,,,
62.319,5,Atta_5,2155.4,2682.2,303.1,-17.4,-9.7,,,,
62.319,6,Atta_6,751.0,2536.6,146.9,31.3,2.8,,,,
62.319,7,Atta_7,1303.5,2555.1,355.2,-66.7,-0.5,,,,
62.319,8,Atta_8,1125.7,1176.9,221.4,-23.3,3.1,,,,
62.319,9,Atta_9,203.6,1242.8,291.5,28.6,7.3,,,,
62.319,10,Atta_10,299.7,2272.9,249.1,-41.3,1.4,,,,
62.388,1,Atta_1,454.3,1937.6,135.4,-76.0,-5.6,,,,
62.388,2,Atta_2,75.0,809.8,243.7,-17.1,-7.2,,,,
62.388,3,Atta_3,1497.8,1582.3,4.8,37.8,3.7,,,,
62.388,4,Atta_4,1853.1,1537.7,107.8,18.1,-0.3,,,,
62.388,5,Atta_5,2141.6,2650.4,298.4,34.7,-4.7,,,,
62.388,6,Atta_6,745.9,2462.2,150.3,-74.6,3.4,,,,
62.388,7,Atta_7,1365.7,2556.9,354.3,62.2,-0.9,,,,
62.388,8,Atta_8,1105.8,1158.8,218.0,26.9,-3.4,,,,
62.388,9,Atta_9,175.5,1262.4,294.4,-34.3,2.9,,,,
62.388,10,Atta_10,231.4,2207.3,251.4,94.7,2.3,,,,
62.458,1,Atta_1,437.9,1935.1,131.3,16.6,-4.1,,,,
62.458,2,Atta_2,130.4,841.0,247.8,-63.6,4.1,,,,
62.458,3,Atta_3,1549.4,1553.3,359.2,59.2,-5.6,,,,
62.458,4,Atta_4,1802.3,1551.7,107.1,52.7,-0.7,,,,
62.458,5,Atta_5,2126.3,2678.2,290.9,-31.7,-7.5,,,,
62.458,6,Atta_6,731.5,2488.5,144.4,30.0,-5.9,,,,
62.458,7,Atta_7,1318.4,2530.4,350.9,-54.2,-3.4,,,,
62.458,8,Atta_8,1191.8,1191.9,220.4,-92.1,2.4,,,,
62.458,9,Atta_9,213.5,1256.4,302.7,38.5,8.3,,,,
62.458,10,Atta_10,202.6,2262.9,244.2,-62.6,-7.2,,,,
62.524,1,Atta_1,437.3,1929.4,124.1,-5.7,-7.2,,,,
62.524,2,Atta_2,29.1,717.6,244.7,159.7,-3.1,,,,
62.524,3,Atta_3,1520.8,1625.8,2.9,-77.9,3.7,,,,
62.524,4,Atta_4,1836.2,1554.6,110.1,-34.0,3.0,,,,
62.524,5,Atta_5,2059.8,2670.3,289.2,-67.0,-1.7,,,,
62.524,6,Atta_6,710.7,2540.8,145.1,56.3,0.7,,,,
62.524,7,Atta_7,1299.5,2540.1,348.4,-21.2,-2.5,,,,
62.524,8,Atta_8,1134.4,1143.6,219.4,75.0,-1.0,,,,
62.524,9,Atta_9,212.3,1320.0,306.9,-63.6,4.2,,,,
62.524,10,Atta_10,258.1,2211.2,249.7,75.8,5.5,,,,
62.59,1,Atta_1,445.3,1949.5,122.3,21.6,-1.8,,,,
62.59,2,Atta_2,91.6,841.3,246.1,-138.6,1.4,,,,
62.59,3,Atta_3,1524.7,1561.8,5.2,64.1,2.3,,,,
62.59,4,Atta_4,1801.4,1579.1,103.8,42.6,-6.3,,,,
62.59,5,Atta_5,2193.9,2657.6,285.1,134.7,-4.1,,,,
62.59,6,Atta_6,699.5,2553.0,148.9,16.6,3.8,,,,
62.59,7,Atta_7,1250.5,2574.2,344.1,-59.7,-4.3,,,,
62.59,8,Atta_8,1125.9,1185.3,220.4,-42.6,1.0,,,,
62.59,9,Atta_9,200.0,1233.7,311.7,87.2,4.8,,,,
62.59,10,Atta_10,223.5,2256.8,251.1,-57.2,1.4,,,,
62.658,1,Atta_1,437.3,1874.0,115.1,-75.9,-7.2,,,,
62.658,2,Atta_2,64.3,798.6,239.8,50.7,-6.3,,,,
62.658,3,Atta_3,1573.0,1552.6,2.2,49.2,-3.0,,,,
62.658,4,Atta_4,1845.8,1523.4,108.7,-71.2,4.9,,,,
62.658,5,Atta_5,2168.9,2675.6,277.7,-30.8,-7.4,,,,
62.658,6,Atta_6,752.1,2553.6,151.3,-52.6,2.4,,,,
62.658,7,Atta_7,1272.8,2568.6,336.0,23.0,-8.1,,,,
62.658,8,Atta_8,1117.1,1115.1,221.2,70.7,0.8,,,,
62.658,9,Atta_9,189.0,1301.1,316.3,-68.3,4.6,,,,
62.658,10,Atta_10,220.6,2204.2,249.3,52.7,-1.8,,,,
62.71,1,Atta_1,448.5,1951.4,110.5,78.2,-4.6,,,,
62.71,2,Atta_2,81.0,807.3,245.7,-18.8,5.9,,,,
62.71,3,Atta_3,1617.1,1558.4,3.1,44.5,0.9,,,,
62.71,4,Atta_4,1837.6,1634.8,106.0,111.7,-2.7,,,,
62.71,5,Atta_5,2131.9,2691.7,274.1,-40.4,-3.6,,,,
62.71,6,Atta_6,767.2,2554.8,147.5,-15.1,-3.8,,,,
62.71,7,Atta_7,1307.1,2545.9,332.1,41.1,-3.9,,,,
62.71,8,Atta_8,1050.6,1114.2,218.5,66.5,-2.7,,,,
62.71,9,Atta_9,138.7,1242.2,318.7,77.5,2.4,,,,
62.71,10,Atta_10,249.0,2165.6,250.0,47.9,0.7,,,,
62.829,1,Atta_1,444.3,1922.3,113.2,-29.4,2.7,,,,
62.829,2,Atta_2,107.8,855.8,242.1,-55.4,-3.6,,,,
62.829,3,Atta_3,1629.2,1651.1,2.8,93.5,-0.3,,,,
62.829,4,Atta_4,1826.4,1611.8,107.0,-25.6,1.0,,,,
62.829,5,Atta_5,2122.3,2663.0,271.6,30.3,-2.5,,,,
62.829,6,Atta_6,707.2,2501.8,143.2,80.1,-4.3,,,,
62.829,7,Atta_7,1273.9,2541.1,327.8,-33.5,-4.3,,,,
62.829,8,Atta_8,1059.0,1195.5,218.1,-81.7,-0.4,,,,
62.829,9,Atta_9,137.4,1247.9,319.8,-5.8,1.1,,,,
62.829,10,Atta_10,232.5,2181.6,249.3,-23.0,-0.7,,,,
62.899,1,Atta_1,426.8,1918.8,113.8,17.8,0.6,,,,
62.899,2,Atta_2,136.4,853.6,244.1,-28.7,2.0,,,,
62.899,3,Atta_3,1626.3,1592.3,4.4,-58.9,1.6,,,,
62.899,4,Atta_4,1797.7,1615.1,103.0,28.9,-4.0,,,,
62.899,5,Atta_5,2188.3,2687.4,268.8,-70.4,-2.8,,,,
62.899,6,Atta_6,644.0,2587.0,148.1,106.1,4.9,,,,
62.899,7,Atta_7,1313.0,2563.2,320.9,44.9,-6.9,,,,
62.899,8,Atta_8,1092.5,1161.3,216.7,-47.9,-1.4,,,,
62.899,9,Atta_9,208.9,1265.2,317.2,73.6,-2.6,,,,
62.899,10,Atta_10,197.4,2183.9,249.2,35.2,-0.1,,,,
62.968,1,Atta_1,440.8,1940.2,111.5,25.6,-2.3,,,,
62.968,2,Atta_2,92.1,874.0,246.3,48.8,2.2,,,,
62.968,3,Atta_3,1539.7,1569.1,1.5,-89.7,-2.9,,,,
62.968,4,Atta_4,1817.1,1609.4,106.9,-20.2,3.9,,,,
62.968,5,Atta_5,2166.3,2708.5,264.5,-30.5,-4.3,,,,
62.968,6,Atta_6,677.4,2608.5,144.2,-39.7,-3.9,,,,
62.968,7,Atta_7,1281.6,2579.6,322.5,-35.4,1.6,,,,
62.968,8,Atta_8,1048.3,1110.9,223.3,67.0,6.6,,,,
62.968,9,Atta_9,152.6,1265.1,317.6,-56.3,0.4,,,,
62.968,10,Atta_10,226.9,2080.1,248.6,107.9,-0.6,,,,
63.035,1,Atta_1,487.1,1923.5,110.0,-49.2,-1.5,,,,
63.035,2,Atta_2,77.4,801.1,244.5,74.4,-1.8,,,,
63.035,3,Atta_3,1676.8,1574.0,0.6,137.2,-0.9,,,,
63.035,4,Atta_4,1775.1,1572.4,105.0,-56.0,-1.9,,,,
63.035,5,Atta_5,2117.4,2653.2,259.0,73.8,-5.5,,,,
63.035,6,Atta_6,696.5,2547.8,149.4,-63.6,5.2,,,,
63.035,7,Atta_7,1355.2,2566.6,314.2,74.7,-8.3,,,,
63.035,8,Atta_8,1086.4,1145.4,219.4,-51.4,-3.9,,,,
63.035,9,Atta_9,183.1,1315.4,321.5,-58.8,3.9,,,,
63.035,10,Atta_10,227.1,2167.5,251.4,-87.4,2.8,,,,
63.106,1,Atta_1,432.1,1917.3,115.1,55.3,5.1,,,,
63.106,2,Atta_2,83.6,847.4,243.1,-46.7,-1.4,,,,
63.106,3,Atta_3,1633.2,1624.2,5.0,-66.5,4.4,,,,
63.106,4,Atta_4,1857.4,1662.7,107.4,122.2,2.4,,,,
63.106,5,Atta_5,2135.3,2620.2,250.8,37.5,-8.2,,,,
63.106,6,Atta_6,673.7,2639.5,147.7,94.5,-1.7,,,,
63.106,7,Atta_7,1272.8,2518.8,311.9,-95.3,-2.3,,,,
63.106,8,Atta_8,1010.4,1143.2,221.7,76.0,2.3,,,,
63.106,9,Atta_9,205.0,1300.8,317.3,26.3,-4.2,,,,
63.106,10,Atta_10,197.0,2128.9,247.9,48.9,-3.5,,,,
63.172,1,Atta_1,442.1,1917.7,109.7,-10.0,-5.4,,,,
63.172,2,Atta_2,120.0,873.4,248.2,-44.7,5.1,,,,
63.172,3,Atta_3,1652.7,1580.4,3.2,47.9,-1.8,,,,
63.172,4,Atta_4,1841.6,1637.1,113.8,-30.1,6.4,,,,
63.172,5,Atta_5,2136.9,2695.3,247.4,-75.1,-3.4,,,,
63.172,6,Atta_6,658.4,2588.5,150.4,-53.2,2.7,,,,
63.172,7,Atta_7,1290.0,2534.9,309.0,-23.6,-2.9,,,,
63.172,8,Atta_8,1051.1,1124.7,217.9,-44.7,-3.8,,,,
63.172,9,Atta_9,243.1,1262.7,318.4,53.9,1.1,,,,
63.172,10,Atta_10,190.0,2152.6,248.8,-24.7,0.9,,,,
63.241,1,Atta_1,509.0,1964.3,103.3,81.5,-6.4,,,,
63.241,2,Atta_2,111.9,883.1,251.5,-12.6,3.3,,,,
63.241,3,Atta_3,1713.7,1602.1,2.8,64.7,-0.4,,,,
63.241,4,Atta_4,1794.1,1663.6,116.6,54.4,2.8,,,,
63.241,5,Atta_5,2163.4,2674.4,242.2,33.7,-5.2,,,,
63.241,6,Atta_6,611.2,2647.2,148.6,75.3,-1.8,,,,
63.241,7,Atta_7,1244.3,2546.9,299.6,-47.2,-9.4,,,,
63.241,8,Atta_8,1013.8,1090.5,219.8,50.6,1.9,,,,
63.241,9,Atta_9,212.9,1250.9,321.6,-32.4,3.2,,,,
63.241,10,Atta_10,234.5,2136.3,250.7,-47.4,1.9,,,,
63.307,1,Atta_1,428.5,1965.2,97.7,80.5,-5.6,,,,
63.307,2,Atta_2,66.5,890.1,252.5,45.9,1.0,,,,
63.307,3,Atta_3,1656.3,1627.9,2.7,-62.9,-0.1,,,,
63.307,4,Atta_4,1826.5,1672.6,122.5,-33.6,5.9,,,,
63.307,5,Atta_5,2172.1,2657.9,239.0,18.7,-3.2,,,,
63.307,6,Atta_6,581.3,2632.1,146.7,33.5,-1.9,,,,
63.307,7,Atta_7,1293.7,2519.5,300.1,56.5,0.5,,,,
63.307,8,Atta_8,1028.5,1056.0,222.5,37.5,2.7,,,,
63.307,9,Atta_9,219.0,1240.3,318.6,12.2,-3.0,,,,
63.307,10,Atta_10,249.8,2108.0,251.6,32.2,0.9,,,,
63.373,1,Atta_1,421.0,1931.5,95.8,-34.5,-1.9,,,,
63.373,2,Atta_2,130.9,872.7,262.4,-66.7,9.9,,,,
63.373,3,Atta_3,1675.1,1584.7,5.2,47.1,2.5,,,,
63.373,4,Atta_4,1871.4,1589.4,128.9,-94.5,6.4,,,,
63.373,5,Atta_5,2145.5,2700.4,236.1,-50.1,-2.9,,,,
63.373,6,Atta_6,682.1,2591.4,151.5,-108.7,4.8,,,,
63.373,7,Atta_7,1296.7,2588.9,295.0,-69.5,-5.1,,,,
63.373,8,Atta_8,1000.3,1109.4,219.2,-60.4,-3.3,,,,
63.373,9,Atta_9,238.8,1203.4,319.4,41.9,0.8,,,,
63.373,10,Atta_10,198.1,2084.0,253.7,57.0,2.1,,,,
63.439,1,Atta_1,421.7,1922.9,90.7,-8.6,-5.1,,,,
63.439,2,Atta_2,96.7,872.8,267.2,34.2,4.8,,,,
63.439,3,Atta_3,1724.1,1606.4,1.8,53.6,-3.4,,,,
63.439,4,Atta_4,1822.2,1573.1,133.8,51.8,4.9,,,,
63.439,5,Atta_5,2198.8,2669.9,234.4,-61.4,-1.7,,,,
63.439,6,Atta_6,587.2,2625.7,149.5,100.9,-2.0,,,,
63.439,7,Atta_7,1318.0,2572.4,294.3,26.9,-0.7,,,,
63.439,8,Atta_8,991.8,1087.0,218.4,24.0,-0.8,,,,
63.439,9,Atta_9,252.0,1218.4,323.3,20.0,3.9,,,,
63.439,10,Atta_10,206.4,2045.7,250.8,39.2,-2.9,,,,
63.505,1,Atta_1,468.9,1911.9,86.3,-48.5,-4.4,,,,
63.505,2,Atta_2,143.5,831.0,268.3,62.7,1.1,,,,
63.505,3,Atta_3,1699.9,1567.6,3.4,-45.7,1.6,,,,
63.505,4,Atta_4,1858.1,1654.8,133.1,89.2,-0.7,,,,
63.505,5,Atta_5,2094.3,2681.0,226.2,105.1,-8.2,,,,
63.505,6,Atta_6,571.7,2600.8,145.7,29.3,-3.8,,,,
63.505,7,Atta_7,1331.2,2630.1,292.0,-59.2,-2.3,,,,
63.505,8,Atta_8,988.7,1043.9,217.1,43.2,-1.3,,,,
63.505,9,Atta_9,261.3,1170.1,321.9,49.2,-1.4,,,,
63.505,10,Atta_10,233.3,2061.3,251.1,-31.1,0.3,,,,
63.571,1,Atta_1,467.5,1923.0,86.3,11.2,0.0,,,,
63.571,2,Atta_2,179.8,852.4,271.8,-42.1,3.5,,,,
63.571,3,Atta_3,1645.2,1580.2,1.1,-56.1,-2.3,,,,
63.571,4,Atta_4,1832.3,1608.2,143.1,-53.3,10.0,,,,
63.571,5,Atta_5,2167.0,2657.7,222.7,-76.3,-3.5,,,,
63.571,6,Atta_6,587.6,2641.8,145.7,44.0,0.0,,,,
63.571,7,Atta_7,1351.3,2596.9,291.1,38.8,-0.9,,,,
63.571,8,Atta_8,963.0,1076.2,217.2,41.3,0.1,,,,
63.571,9,Atta_9,220.5,1163.0,316.9,-41.4,-5.0,,,,
63.571,10,Atta_10,191.4,2026.6,250.9,54.4,-0.2,,,,
63.64,1,Atta_1,383.3,1921.2,83.2,-84.2,-3.1,,,,
63.64,2,Atta_2,109.1,885.6,279.8,-78.1,8.0,,,,
63.64,3,Atta_3,1682.3,1552.8,359.7,46.1,-1.4,,,,
63.64,4,Atta_4,1831.9,1648.6,142.2,40.4,-0.9,,,,
63.64,5,Atta_5,2116.1,2717.7,217.5,-78.7,-5.2,,,,
63.64,6,Atta_6,556.1,2631.6,147.7,33.1,2.0,,,,
63.64,7,Atta_7,1277.1,2571.9,295.2,-78.3,4.1,,,,
63.64,8,Atta_8,964.6,1007.5,219.0,68.7,1.8,,,,
63.64,9,Atta_9,187.7,1265.3,317.3,-107.4,0.4,,,,
63.64,10,Atta_10,238.8,2032.6,249.9,-47.8,-1.0,,,,
63.709,1,Atta_1,481.3,1925.7,83.5,98.1,0.3,,,,
63.709,2,Atta_2,147.0,849.8,285.2,52.1,5.4,,,,
63.709,3,Atta_3,1627.3,1618.8,0.8,-85.9,1.1,,,,
63.709,4,Atta_4,1880.0,1589.9,151.2,-75.9,9.0,,,,
63.709,5,Atta_5,2140.4,2646.4,212.0,75.3,-5.5,,,,
63.709,6,Atta_6,598.1,2659.5,148.2,-50.4,0.5,,,,
63.709,7,Atta_7,1302.2,2480.8,295.2,94.5,0.0,,,,
63.709,8,Atta_8,926.9,1048.0,219.5,55.3,0.5,,,,
63.709,9,Atta_9,223.6,1199.2,322.2,75.2,4.9,,,,
63.709,10,Atta_10,197.1,2033.5,248.1,41.7,-1.8,,,,
63.775,1,Atta_1,432.2,1981.0,87.9,74.0,4.4,,,,
63.775,2,Atta_2,77.8,859.9,289.9,-69.9,4.7,,,,
63.775,3,Atta_3,1673.9,1605.1,4.1,48.6,3.3,,,,
63.775,4,Atta_4,1835.1,1625.5,155.4,57.3,4.2,,,,
63.775,5,Atta_5,2092.8,2707.2,212.3,77.2,0.3,,,,
63.775,6,Atta_6,538.3,2597.9,147.4,85.9,-0.8,,,,
63.775,7,Atta_7,1322.5,2574.1,296.8,-95.5,1.6,,,,
63.775,8,Atta_8,1001.9,1027.3,220.2,-77.8,0.7,,,,
63.775,9,Atta_9,269.2,1183.0,319.9,48.4,-2.3,,,,
63.775,10,Atta_10,136.4,1992.6,248.5,73.2,0.4,,,,
63.842,1,Atta_1,442.4,1944.2,86.3,-38.2,-1.6,,,,
63.842,2,Atta_2,157.6,862.8,291.3,79.9,1.4,,,,
63.842,3,Atta_3,1647.8,1561.3,1.3,-51.0,-2.8,,,,
63.842,4,Atta_4,1801.7,1628.2,158.5,33.5,3.1,,,,
63.842,5,Atta_5,2127.9,2660.7,200.3,-58.3,-12.0,,,,
63.842,6,Atta_6,552.5,2657.2,150.4,61.0,3.0,,,,
63.842,7,Atta_7,1294.8,2554.6,293.8,33.9,-3.0,,,,
63.842,8,Atta_8,884.2,1021.8,220.8,117.8,0.6,,,,
63.842,9,Atta_9,278.8,1159.7,318.7,25.2,-1.2,,,,
63.842,10,Atta_10,218.1,1939.9,247.7,97.2,-0.8,,,,
63.908,1,Atta_1,452.6,1918.1,84.7,-28.0,-1.6,,,,
63.908,2,Atta_2,88.8,843.7,301.5,-71.4,10.2,,,,
63.908,3,Atta_3,1684.9,1586.4,4.4,44.8,3.1,,,,
63.908,4,Atta_4,1829.3,1630.2,167.1,-27.7,8.6,,,,
63.908,5,Atta_5,2177.3,2634.1,203.2,-56.1,2.9,,,,
63.908,6,Atta_6,522.5,2620.5,149.6,47.4,-0.8,,,,
63.908,7,Atta_7,1271.9,2493.7,291.1,65.1,-2.7,,,,
63.908,8,Atta_8,911.8,1015.7,220.3,-28.3,-0.5,,,,
63.908,9,Atta_9,229.6,1136.5,318.7,-54.4,0.0,,,,
63.908,10,Atta_10,117.4,2017.8,248.7,-127.3,1.0,,,,
63.974,1,Atta_1,476.7,1933.2,85.3,28.4,0.6,,,,
63.974,2,Atta_2,152.2,896.1,301.8,-82.3,0.3,,,,
63.974,3,Atta_3,1629.0,1623.3,6.1,-67.0,1.7,,,,
63.974,4,Atta_4,1828.8,1621.7,162.4,-8.5,-4.7,,,,
63.974,5,Atta_5,2119.1,2673.4,196.1,70.2,-7.1,,,,
63.974,6,Atta_6,554.5,2635.5,148.6,-35.3,-1.0,,,,
63.974,7,Atta_7,1338.9,2463.8,293.1,73.4,2.0,,,,
63.974,8,Atta_8,932.0,1001.2,221.1,-24.9,0.8,,,,
63.974,9,Atta_9,276.0,1176.6,319.5,61.3,0.8,,,,
63.974,10,Atta_10,160.2,2015.1,249.0,-42.9,0.3,,,,
64.041,1,Atta_1,481.8,1944.8,87.3,12.7,2.0,,,,
64.041,2,Atta_2,116.8,865.5,302.5,46.8,0.7,,,,
64.041,3,Atta_3,1586.1,1571.6,3.8,-67.2,-2.3,,,,
64.041,5,Atta_5,2147.0,2692.0,186.5,-33.5,-9.6,,,,
64.041,6,Atta_6,504.0,2645.1,147.8,51.4,-0.8,,,,
64.041,7,Atta_7,1316.7,2511.5,295.4,-52.6,2.3,,,,
64.041,8,Atta_8,898.7,991.5,220.7,34.7,-0.4,,,,
64.041,9,Atta_9,354.0,1125.6,319.2,93.2,-0.3,,,,
64.041,10,Atta_10,167.6,1993.2,249.5,23.1,0.5,,,,
64.107,1,Atta_1,475.3,1936.6,87.3,-10.5,0.0,,,,
64.107,2,Atta_2,120.3,848.7,300.7,17.2,-1.8,,,,
64.107,3,Atta_3,1618.6,1547.3,356.5,40.6,-7.3,,,,
64.107,4,Atta_4,1813.0,1592.8,165.4,32.9,3.0,,,,
64.107,5,Atta_5,2192.3,2649.1,185.4,-62.4,-1.1,,,,
64.107,6,Atta_6,533.8,2687.0,144.8,-51.4,-3.0,,,,
64.107,7,Atta_7,1380.1,2517.0,293.9,63.6,-1.5,,,,
64.107,8,Atta_8,939.5,1027.0,221.4,-54.1,0.7,,,,
64.107,9,Atta_9,290.2,1138.7,316.7,-65.1,-2.5,,,,
64.107,10,Atta_10,166.7,1988.5,248.9,4.8,-0.6,,,,
64.174,1,Atta_1,472.2,1984.4,84.7,47.9,-2.6,,,,
64.174,2,Atta_2,105.4,897.6,300.5,-51.1,-0.2,,,,
64.174,3,Atta_3,1651.1,1598.5,354.0,60.6,-2.5,,,,
64.174,4,Atta_4,1853.6,1625.6,163.1,-52.2,-2.3,,,,
64.174,5,Atta_5,2201.7,2690.5,185.8,-42.5,0.4,,,,
64.174,6,Atta_6,502.8,2670.6,151.9,35.1,7.1,,,,
64.174,7,Atta_7,1363.3,2493.1,293.2,29.2,-0.7,,,,
64.174,8,Atta_8,908.1,942.0,219.7,90.6,-1.7,,,,
64.174,9,Atta_9,312.5,1080.7,313.4,62.1,-3.3,,,,
64.174,10,Atta_10,172.7,2027.6,251.7,-39.6,2.8,,,,
64.24,1,Atta_1,437.7,1962.0,81.5,-41.1,-3.2,,,,
64.24,2,Atta_2,169.1,882.9,300.7,65.4,0.2,,,,
64.24,3,Atta_3,1628.6,1586.1,346.4,-25.7,-7.6,,,,
64.24,4,Atta_4,1787.5,1633.1,167.3,66.5,4.2,,,,
64.24,5,Atta_5,2131.4,2648.8,183.5,81.7,-2.3,,,,
64.24,6,Atta_6,501.1,2702.1,147.6,31.5,-4.3,,,,
64.24,7,Atta_7,1325.2,2476.5,292.0,41.6,-1.2,,,,
64.24,8,Atta_8,849.2,963.4,221.4,62.7,1.7,,,,
64.24,9,Atta_9,340.4,1077.3,321.6,28.1,8.2,,,,
64.24,10,Atta_10,139.4,1966.4,248.7,69.7,-3.0,,,,
64.309,1,Atta_1,458.8,1963.3,85.6,21.1,4.1,,,,
64.309,2,Atta_2,163.9,899.7,303.7,-17.6,3.0,,,,
64.309,4,Atta_4,1758.3,1640.0,162.4,30.0,-4.9,,,,
64.309,5,Atta_5,2111.2,2591.0,178.5,61.2,-5.0,,,,
64.309,6,Atta_6,461.6,2712.4,145.8,40.8,-1.8,,,,
64.309,7,Atta_7,1308.7,2459.6,294.7,23.6,2.7,,,,
64.309,8,Atta_8,921.8,989.5,220.0,-77.1,-1.4,,,,
64.309,9,Atta_9,364.7,1121.3,319.6,-50.3,-2.0,,,,
64.309,10,Atta_10,135.9,1973.5,249.5,-7.9,0.8,,,,
64.377,1,Atta_1,484.1,2013.6,87.6,56.3,2.0,,,,
64.377,2,Atta_2,83.2,834.9,300.9,103.5,-2.8,,,,
64.377,3,Atta_3,1624.3,1573.6,341.7,-13.2,-4.7,,,,
64.377,4,Atta_4,1810.1,1626.3,161.9,-53.6,-0.5,,,,
64.377,5,Atta_5,2129.5,2709.9,177.3,-120.3,-1.2,,,,
64.377,6,Atta_6,459.1,2745.0,148.4,32.7,2.6,,,,
64.377,7,Atta_7,1414.3,2476.4,295.1,106.9,0.4,,,,
64.377,8,Atta_8,928.7,919.6,219.9,70.2,-0.1,,,,
64.377,9,Atta_9,328.7,1082.9,322.0,-52.6,2.4,,,,
64.377,10,Atta_10,140.6,1948.7,252.3,25.2,2.8,,,,
64.444,1,Atta_1,538.4,2019.4,87.2,54.6,-0.4,,,,
64.444,2,Atta_2,144.7,820.1,302.9,63.3,2.0,,,,
64.444,3,Atta_3,1562.5,1559.3,332.1,-63.4,-9.6,,,,
64.444,4,Atta_4,1768.2,1642.3,166.0,44.9,4.1,,,,
64.444,5,Atta_5,2128.3,2658.9,177.0,-51.0,-0.3,,,,
64.444,6,Atta_6,425.2,2658.7,147.0,-92.7,-1.4,,,,
64.444,7,Atta_7,1319.0,2390.7,296.9,128.2,1.8,,,,
64.444,8,Atta_8,831.9,920.5,222.1,96.8,2.2,,,,
64.444,9,Atta_9,395.6,1073.3,319.7,67.6,-2.3,,,,
64.444,10,Atta_10,77.2,1920.1,248.3,69.6,-4.0,,,,
64.512,1,Atta_1,447.4,1997.5,82.3,-93.6,-4.9,,,,
64.512,2,Atta_2,152.3,834.5,296.4,-16.3,-6.5,,,,
64.512,3,Atta_3,1616.4,1601.6,332.5,68.5,0.4,,,,
64.512,4,Atta_4,1751.6,1655.3,162.9,21.1,-3.1,,,,
64.512,5,Atta_5,2097.6,2726.0,181.3,73.8,4.3,,,,
64.512,6,Atta_6,445.1,2729.6,145.9,73.6,-1.1,,,,
64.512,7,Atta_7,1390.1,2431.3,304.0,-81.9,7.1,,,,
64.512,8,Atta_8,833.5,969.0,220.6,-48.5,-1.5,,,,
64.512,9,Atta_9,340.9,1142.4,318.8,-88.1,-0.9,,,,
64.512,10,Atta_10,139.2,1939.9,246.0,-65.1,-2.3,,,,
64.635,1,Atta_1,421.4,2119.8,85.3,125.0,3.0,,,,
64.635,2,Atta_2,142.9,817.5,300.4,19.4,4.0,,,,
64.635,3,Atta_3,1572.4,1593.5,318.7,-44.7,-13.8,,,,
64.635,4,Atta_4,1783.4,1685.0,163.2,-43.5,0.3,,,,
64.635,5,Atta_5,2187.5,2654.9,188.7,-114.6,7.4,,,,
64.635,6,Atta_6,469.3,2748.2,144.1,-30.5,-1.8,,,,
64.635,7,Atta_7,1350.0,2432.7,313.7,-40.1,9.7,,,,
64.635,8,Atta_8,845.5,921.1,220.4,49.4,-0.2,,,,
64.635,9,Atta_9,374.5,1048.6,318.1,99.6,-0.7,,,,
64.635,10,Atta_10,144.9,1864.7,249.7,75.4,3.7,,,,
64.766,1,Atta_1,482.3,2126.1,86.5,61.2,1.2,,,,
64.766,2,Atta_2,190.4,800.2,302.2,50.6,1.8,,,,
64.766,3,Atta_3,1633.8,1570.0,318.3,65.7,-0.4,,,,
64.766,4,Atta_4,1748.0,1669.9,164.5,38.5,1.3,,,,
64.766,5,Atta_5,2143.6,2661.2,196.3,44.3,7.6,,,,
64.766,6,Atta_6,436.3,2718.3,146.7,44.5,2.6,,,,
64.766,7,Atta_7,1376.5,2452.7,316.8,33.2,3.1,,,,
64.766,8,Atta_8,814.8,893.7,218.4,41.1,-2.0,,,,
64.766,9,Atta_9,386.0,1118.7,318.0,-71.0,-0.1,,,,
64.766,10,Atta_10,93.7,1884.4,247.0,-54.9,-2.7,,,,
64.837,1,Atta_1,446.8,2050.9,86.8,-83.2,0.3,,,,
64.837,2,Atta_2,199.1,772.4,301.3,29.1,-0.9,,,,
64.837,3,Atta_3,1655.9,1592.5,307.1,31.5,-11.2,,,,
64.837,4,Atta_4,1712.3,1699.8,164.2,46.6,-0.3,,,,
64.837,5,Atta_5,2093.8,2721.1,200.0,77.9,3.7,,,,
64.837,6,Atta_6,480.5,2712.0,144.6,-44.6,-2.1,,,,
64.837,7,Atta_7,1380.7,2436.9,318.1,16.3,1.3,,,,
64.837,8,Atta_8,833.9,925.2,222.2,-36.8,3.8,,,,
64.837,9,Atta_9,425.6,1094.7,318.0,46.3,0.0,,,,
64.837,10,Atta_10,59.7,1889.9,250.3,34.4,3.3,,,,
64.888,1,Atta_1,432.0,2144.5,86.6,94.8,-0.2,,,,
64.888,2,Atta_2,170.9,865.5,303.0,-97.3,1.7,,,,
64.888,3,Atta_3,1554.9,1598.8,309.5,-101.2,2.4,,,,
64.888,4,Atta_4,1714.1,1647.4,163.2,-52.4,-1.0,,,,
64.888,5,Atta_5,2162.2,2692.7,204.1,-74.1,4.1,,,,
64.888,6,Atta_6,497.5,2690.2,146.3,-27.6,1.7,,,,
64.888,7,Atta_7,1337.9,2493.4,328.9,-70.9,10.8,,,,
64.888,8,Atta_8,864.1,893.6,221.2,-43.7,-1.0,,,,
64.888,9,Atta_9,379.8,1004.7,319.0,101.0,1.0,,,,
64.888,10,Atta_10,113.5,1917.2,250.7,-60.3,0.4,,,,
64.957,1,Atta_1,432.9,2138.8,87.4,-5.8,0.8,,,,
64.957,2,Atta_2,186.3,801.3,297.0,66.0,-6.0,,,,
64.957,3,Atta_3,1596.5,1612.8,304.6,43.9,-4.9,,,,
64.957,4,Atta_4,1700.0,1644.3,164.1,14.4,0.9,,,,
64.957,5,Atta_5,2138.6,2714.4,206.8,32.1,2.7,,,,
64.957,6,Atta_6,536.8,2695.8,146.0,-39.7,-0.3,,,,
64.957,7,Atta_7,1333.3,2454.8,332.0,38.9,3.1,,,,
64.957,8,Atta_8,824.0,883.0,218.4,41.5,-2.8,,,,
64.957,9,Atta_9,466.1,1051.3,315.4,98.1,-3.6,,,,
64.957,10,Atta_10,152.1,1835.2,253.2,90.6,2.5,,,,
65.028,1,Atta_1,497.8,2086.7,89.5,-83.2,2.1,,,,
65.028,2,Atta_2,148.5,742.0,298.3,70.3,1.3,,,,
65.028,3,Atta_3,1538.3,1561.9,307.3,77.3,2.7,,,,
65.028,4,Atta_4,1664.0,1697.3,161.5,64.1,-2.6,,,,
65.028,5,Atta_5,2108.5,2663.4,208.3,59.2,1.5,,,,
65.028,6,Atta_6,511.6,2652.1,146.7,-50.4,0.7,,,,
65.028,7,Atta_7,1343.6,2447.1,333.5,12.9,1.5,,,,
65.028,8,Atta_8,796.1,981.8,220.1,-102.7,1.7,,,,
65.028,9,Atta_9,426.1,1034.4,310.1,-43.4,-5.3,,,,
65.028,10,Atta_10,93.8,1842.1,250.3,58.7,-2.9,,,,
65.083,1,Atta_1,463.5,2113.5,86.7,43.5,-2.8,,,,
65.083,2,Atta_2,116.7,711.8,307.7,43.9,9.4,,,,
65.083,3,Atta_3,1560.8,1632.0,305.1,-73.6,-2.2,,,,
65.083,4,Atta_4,1698.2,1710.5,161.6,-36.7,0.1,,,,
65.083,5,Atta_5,2133.0,2651.0,214.9,-27.5,6.6,,,,
65.083,6,Atta_6,520.8,2658.7,147.3,-11.3,0.6,,,,
65.083,7,Atta_7,1433.0,2403.7,334.6,99.4,1.1,,,,
65.083,8,Atta_8,790.0,879.5,220.6,102.5,0.5,,,,
65.083,9,Atta_9,333.6,1103.2,299.6,-115.3,-10.5,,,,
65.083,10,Atta_10,106.8,1897.3,249.4,-56.7,-0.9,,,,
65.15,1,Atta_1,467.7,2179.8,92.6,66.4,5.9,,,,
65.15,2,Atta_2,179.7,759.0,305.8,78.7,-1.9,,,,
65.15,3,Atta_3,1608.4,1579.5,302.8,70.9,-2.3,,,,
65.15,4,Atta_4,1701.1,1595.2,163.9,-115.3,2.3,,,,
65.15,5,Atta_5,2156.6,2750.5,216.1,-102.3,1.2,,,,
65.15,6,Atta_6,544.4,2627.6,152.0,-39.0,4.7,,,,
65.15,7,Atta_7,1358.1,2484.0,335.8,-109.8,1.2,,,,
65.15,8,Atta_8,856.3,884.9,219.0,-66.5,-1.6,,,,
65.15,9,Atta_9,433.1,1095.0,302.4,99.8,2.8,,,,
65.15,10,Atta_10,43.2,1822.2,251.3,98.4,1.9,,,,
65.2,1,Atta_1,456.5,2180.3,91.5,11.2,-1.1,,,,
65.2,2,Atta_2,193.1,730.5,317.1,31.5,11.3,,,,
65.2,3,Atta_3,1634.8,1566.4,306.1,29.5,3.3,,,,
65.2,4,Atta_4,1683.9,1681.7,164.5,88.2,0.6,,,,
65.2,5,Atta_5,2191.8,2667.4,220.3,90.2,4.2,,,,
65.2,6,Atta_6,560.3,2578.7,160.7,-51.4,8.7,,,,
65.2,7,Atta_7,1426.1,2476.6,336.2,68.4,0.4,,,,
65.2,8,Atta_8,751.8,887.1,223.8,104.5,4.8,,,,
65.2,9,Atta_9,408.1,1095.4,299.1,-25.0,-3.3,,,,
65.2,10,Atta_10,59.8,1861.6,251.0,-42.8,-0.3,,,,
65.268,1,Atta_1,487.0,2168.0,83.3,-32.9,-8.2,,,,
65.268,2,Atta_2,191.6,770.5,318.6,-40.0,1.5,,,,
65.268,3,Atta_3,1587.9,1565.2,309.0,-46.9,2.9,,,,
65.268,4,Atta_4,1640.4,1671.2,161.5,44.7,-3.0,,,,
65.268,5,Atta_5,2158.8,2663.1,231.0,33.3,10.7,,,,
65.268,6,Atta_6,547.2,2660.8,160.6,83.1,-0.1,,,,
65.268,7,Atta_7,1385.2,2446.5,337.5,-50.8,1.3,,,,
65.268,8,Atta_8,777.3,868.6,227.4,-31.5,3.6,,,,
65.268,9,Atta_9,461.6,1014.9,294.0,96.7,-5.1,,,,
65.268,10,Atta_10,29.6,1838.3,248.0,38.1,-3.0,,,,
65.338,1,Atta_1,512.0,2181.5,86.7,28.4,3.4,,,,
65.338,2,Atta_2,189.4,724.6,320.8,46.0,2.2,,,,
65.338,3,Atta_3,1635.8,1554.7,303.8,49.0,-5.2,,,,
65.338,4,Atta_4,1722.1,1668.1,166.6,-81.8,5.1,,,,
65.338,5,Atta_5,2126.1,2690.0,230.6,-42.3,-0.4,,,,
65.338,6,Atta_6,527.1,2688.3,163.7,34.1,3.1,,,,
65.338,7,Atta_7,1307.6,2407.3,334.6,-86.9,-2.9,,,,
65.338,8,Atta_8,778.7,915.5,235.0,-46.9,7.6,,,,
65.338,9,Atta_9,424.9,1082.2,291.0,-76.7,-3.0,,,,
65.338,10,Atta_10,107.3,1775.6,248.9,99.8,0.9,,,,
65.458,1,Atta_1,430.2,2184.8,85.7,-81.9,-1.0,,,,
65.458,2,Atta_2,204.9,757.9,330.3,-36.7,9.5,,,,
65.458,3,Atta_3,1627.7,1598.4,305.1,-44.4,1.3,,,,
65.458,4,Atta_4,1639.8,1702.4,163.8,89.2,-2.8,,,,
65.458,5,Atta_5,2138.9,2678.0,241.8,17.5,11.2,,,,
65.458,6,Atta_6,565.6,2690.7,174.0,-38.6,10.3,,,,
65.458,7,Atta_7,1333.6,2452.4,333.6,52.1,-1.0,,,,
65.458,8,Atta_8,836.5,926.8,242.2,-58.9,7.2,,,,
65.458,9,Atta_9,442.2,1020.4,281.5,64.2,-9.5,,,,
65.458,10,Atta_10,52.6,1797.1,253.3,-58.8,4.4,,,,
65.528,1,Atta_1,467.0,2144.0,86.8,-54.9,1.1,,,,
65.528,2,Atta_2,206.1,770.9,337.2,-13.1,6.9,,,,
65.528,3,Atta_3,1628.8,1546.3,305.3,52.1,0.2,,,,
65.528,4,Atta_4,1630.5,1655.7,162.9,-47.6,-0.9,,,,
65.528,5,Atta_5,2143.7,2674.3,245.0,6.1,3.2,,,,
65.528,6,Atta_6,507.7,2593.4,179.3,113.2,5.3,,,,
65.528,7,Atta_7,1364.0,2443.4,324.0,31.7,-9.6,,,,
65.528,8,Atta_8,737.3,852.1,246.5,124.2,4.3,,,,
65.528,9,Atta_9,447.2,1082.3,275.6,-62.1,-5.9,,,,
65.528,10,Atta_10,40.6,1793.6,244.6,12.5,-8.7,,,,
65.662,1,Atta_1,464.8,2229.3,87.9,85.3,1.1,,,,
65.662,2,Atta_2,173.2,786.8,342.4,-36.5,5.2,,,,
65.662,3,Atta_3,1683.6,1506.1,309.6,68.0,4.3,,,,
65.662,4,Atta_4,1652.9,1732.4,162.5,79.9,-0.4,,,,
65.662,5,Atta_5,2133.1,2686.4,249.9,-16.1,4.9,,,,
65.662,6,Atta_6,576.0,2706.9,185.9,-132.5,6.6,,,,
65.662,7,Atta_7,1346.8,2430.2,318.8,-21.7,-5.2,,,,
65.662,8,Atta_8,737.9,882.1,251.2,-30.0,4.7,,,,
65.662,9,Atta_9,363.7,1059.6,270.9,86.5,-4.7,,,,
65.662,10,Atta_10,59.5,1808.9,249.3,-24.3,4.7,,,,
65.733,1,Atta_1,516.0,2227.2,85.2,-51.2,-2.7,,,,
65.733,2,Atta_2,161.4,751.1,351.6,-37.6,9.2,,,,
65.733,3,Atta_3,1664.4,1542.1,307.2,-40.8,-2.4,,,,
65.733,4,Atta_4,1529.2,1721.5,165.3,124.2,2.8,,,,
65.733,5,Atta_5,2179.7,2675.7,265.4,-47.8,15.5,,,,
65.733,6,Atta_6,500.9,2642.2,190.2,99.1,4.3,,,,
65.733,7,Atta_7,1316.6,2462.6,311.5,-44.3,-7.3,,,,
65.733,8,Atta_8,833.1,873.3,260.5,-95.6,9.3,,,,
65.733,9,Atta_9,384.3,1067.8,262.3,-22.2,-8.6,,,,
65.733,10,Atta_10,68.8,1797.3,245.7,14.9,-3.6,,,,
65.853,1,Atta_1,456.7,2258.7,88.5,67.1,3.3,,,,
65.853,2,Atta_2,208.3,819.3,355.6,82.8,4.0,,,,
65.853,3,Atta_3,1649.8,1519.3,306.4,27.1,-0.8,,,,
65.853,4,Atta_4,1605.7,1692.1,163.6,-82.0,-1.7,,,,
65.853,5,Atta_5,2133.0,2697.2,264.7,-51.4,-0.7,,,,
65.853,6,Atta_6,502.1,2702.3,195.4,-60.1,5.2,,,,
65.853,7,Atta_7,1372.3,2442.3,312.0,59.3,0.5,,,,
65.853,8,Atta_8,792.6,895.2,263.0,-46.0,2.5,,,,
65.853,9,Atta_9,414.7,1076.4,257.6,-31.6,-4.7,,,,
65.853,10,Atta_10,112.4,1854.9,245.6,-72.2,-0.1,,,,
65.922,1,Atta_1,539.0,2264.1,86.2,82.5,-2.3,,,,
65.922,2,Atta_2,176.5,709.1,359.1,-114.7,3.5,,,,
65.922,3,Atta_3,1681.1,1529.4,305.6,32.9,-0.8,,,,
65.922,4,Atta_4,1547.5,1716.2,163.5,63.0,-0.1,,,,
65.922,5,Atta_5,2212.7,2649.1,268.2,93.1,3.5,,,,
65.922,6,Atta_6,504.4,2589.9,199.1,112.4,3.7,,,,
65.922,7,Atta_7,1366.0,2456.5,306.2,-15.5,-5.8,,,,
65.922,8,Atta_8,781.8,815.6,270.6,80.3,7.6,,,,
65.922,9,Atta_9,386.2,1080.8,256.7,28.8,-0.9,,,,
65.922,10,Atta_10,54.0,1847.4,244.9,58.9,-0.7,,,,
65.992,1,Atta_1,515.2,2327.1,87.1,67.3,0.9,,,,
65.992,2,Atta_2,199.7,799.6,4.3,93.4,5.2,,,,
65.992,3,Atta_3,1689.1,1464.1,303.7,65.8,-1.9,,,,
65.992,4,Atta_4,1534.8,1719.2,164.5,13.0,1.0,,,,
65.992,5,Atta_5,2130.2,2680.9,268.0,-88.4,-0.2,,,,
65.992,6,Atta_6,507.3,2647.8,199.8,-58.0,0.7,,,,
65.992,7,Atta_7,1444.4,2449.7,297.1,78.7,-9.1,,,,
65.992,8,Atta_8,793.9,883.8,275.3,-69.3,4.7,,,,
65.992,9,Atta_9,443.4,1018.3,249.4,84.7,-7.3,,,,
65.992,10,Atta_10,87.4,1839.9,241.7,-34.2,-3.2,,,,
66.058,1,Atta_1,484.5,2284.8,89.1,-52.3,2.0,,,,
66.058,2,Atta_2,148.9,756.8,6.6,-66.4,2.3,,,,
66.058,3,Atta_3,1639.2,1492.8,301.4,-57.6,-2.3,,,,
66.058,4,Atta_4,1550.8,1766.9,164.2,-50.3,-0.3,,,,
66.058,5,Atta_5,2173.4,2642.3,265.7,57.9,-2.3,,,,
66.058,6,Atta_6,552.7,2637.2,203.3,-46.6,3.5,,,,
66.058,7,Atta_7,1377.0,2464.1,296.1,-68.9,-1.0,,,,
66.058,8,Atta_8,781.3,911.5,274.6,-30.4,-0.7,,,,
66.058,9,Atta_9,451.2,1086.4,247.7,-68.5,-1.7,,,,
66.058,10,Atta_10,74.2,1852.0,245.1,-17.9,3.4,,,,
66.127,1,Atta_1,486.5,2293.1,84.0,8.5,-5.1,,,,
66.127,2,Atta_2,183.0,783.9,12.6,43.6,6.0,,,,
66.127,3,Atta_3,1672.6,1488.6,292.4,33.7,-9.0,,,,
66.127,4,Atta_4,1499.6,1755.0,160.3,52.6,-3.9,,,,
66.127,5,Atta_5,2126.1,2654.1,268.1,-48.7,2.4,,,,
66.127,6,Atta_6,493.7,2690.6,201.4,79.6,-1.9,,,,
66.127,7,Atta_7,1394.9,2410.8,292.3,56.2,-3.8,,,,
66.127,8,Atta_8,773.9,847.8,277.2,64.1,2.6,,,,
66.127,9,Atta_9,417.6,1057.5,240.9,44.3,-6.8,,,,
66.127,10,Atta_10,135.3,1818.6,250.9,69.6,5.8,,,,
66.194,1,Atta_1,509.3,2335.0,90.3,47.7,6.3,,,,
66.194,2,Atta_2,146.0,749.3,17.4,-50.7,4.8,,,,
66.194,3,Atta_3,1719.8,1507.2,292.9,50.7,0.5,,,,
66.194,4,Atta_4,1532.5,1728.2,165.3,-42.4,5.0,,,,
66.194,5,Atta_5,2131.8,2682.9,269.4,-29.4,1.3,,,,
66.194,6,Atta_6,571.3,2606.5,204.1,-114.4,2.7,,,,
66.194,7,Atta_7,1398.2,2429.8,285.3,-19.3,-7.0,,,,
66.194,8,Atta_8,787.6,872.7,278.9,-28.4,1.7,,,,
66.194,9,Atta_9,443.9,1091.1,236.8,-42.7,-4.1,,,,
66.194,10,Atta_10,120.1,1866.4,256.9,-50.2,6.0,,,,
66.246,1,Atta_1,453.9,2368.7,91.3,64.8,1.0,,,,
66.246,3,Atta_3,1648.1,1503.6,285.4,-71.8,-7.5,,,,
66.246,4,Atta_4,1522.9,1734.8,165.3,11.6,0.0,,,,
66.246,5,Atta_5,2138.6,2669.7,269.1,14.8,-0.3,,,,
66.246,6,Atta_6,523.9,2708.9,199.2,112.8,-4.9,,,,
66.246,7,Atta_7,1353.8,2437.2,280.4,-45.0,-4.9,,,,
66.246,8,Atta_8,730.5,906.3,278.3,-66.3,-0.6,,,,
66.246,9,Atta_9,416.3,1063.1,233.4,39.3,-3.4,,,,
66.246,10,Atta_10,78.5,1801.3,261.7,77.3,4.8,,,,
66.316,1,Atta_1,497.5,2308.1,82.2,-74.7,-9.1,,,,
66.316,2,Atta_2,217.7,764.0,27.0,73.2,9.6,,,,
66.316,3,Atta_3,1678.3,1464.1,281.6,49.7,-3.8,,,,
66.316,4,Atta_4,1483.6,1716.8,164.3,43.2,-1.0,,,,
66.316,5,Atta_5,2225.5,2674.8,269.3,-87.0,0.2,,,,
66.316,6,Atta_6,534.7,2690.5,202.7,-21.3,3.5,,,,
66.316,7,Atta_7,1305.4,2410.1,276.8,55.5,-3.6,,,,
66.316,8,Atta_8,765.3,855.2,275.8,61.8,-2.5,,,,
66.316,9,Atta_9,409.4,1055.5,225.9,10.3,-7.5,,,,
66.316,10,Atta_10,122.4,1854.4,263.5,-68.9,1.8,,,,
66.382,1,Atta_1,412.4,2278.3,80.2,-90.2,-2.0,,,,
66.382,2,Atta_2,165.1,759.2,30.7,-52.8,3.7,,,,
66.382,3,Atta_3,1691.0,1496.3,277.9,-34.6,-3.7,,,,
66.382,4,Atta_4,1450.1,1765.8,166.0,59.4,1.7,,,,
66.382,5,Atta_5,2124.7,2607.4,267.6,121.3,-1.7,,,,
66.382,6,Atta_6,465.0,2683.9,199.2,70.0,-3.5,,,,
66.382,7,Atta_7,1360.6,2438.7,270.5,-62.2,-6.3,,,,
66.382,8,Atta_8,785.9,910.9,279.3,-59.4,3.5,,,,
66.382,9,Atta_9,423.2,1087.3,223.0,-34.7,-2.9,,,,
66.382,10,Atta_10,144.2,1822.7,268.0,38.5,4.5,,,,
66.448,1,Atta_1,442.8,2331.0,75.9,60.8,-4.3,,,,
66.448,2,Atta_2,177.0,743.7,34.6,19.5,3.9,,,,
66.448,3,Atta_3,1723.3,1487.6,272.4,33.5,-5.5,,,,
66.448,4,Atta_4,1479.1,1786.8,166.9,-35.8,0.9,,,,
66.448,5,Atta_5,2144.3,2664.3,265.7,-60.2,-1.9,,,,
66.448,6,Atta_6,495.4,2641.6,201.3,-52.1,2.1,,,,
66.448,7,Atta_7,1391.7,2487.2,267.8,-57.6,-2.7,,,,
66.448,8,Atta_8,771.7,894.4,278.6,21.8,-0.7,,,,
66.448,9,Atta_9,414.1,1036.9,217.5,51.2,-5.5,,,,
66.448,10,Atta_10,135.8,1891.7,275.8,-69.5,7.8,,,,
66.517,1,Atta_1,490.8,2293.9,71.4,-60.7,-4.5,,,,
66.517,2,Atta_2,206.4,755.7,38.4,31.8,3.8,,,,
66.517,3,Atta_3,1672.4,1530.7,268.8,-66.7,-3.6,,,,
66.517,4,Atta_4,1447.0,1794.6,164.3,33.0,-2.6,,,,
66.517,5,Atta_5,2172.3,2589.2,270.0,80.1,4.3,,,,
66.517,6,Atta_6,477.0,2643.4,202.6,18.5,1.3,,,,
66.517,7,Atta_7,1334.3,2412.0,261.8,94.6,-6.0,,,,
66.517,8,Atta_8,735.6,825.3,279.3,78.0,0.7,,,,
66.517,9,Atta_9,442.7,1049.9,213.8,-31.4,-3.7,,,,
66.517,10,Atta_10,65.5,1892.9,281.9,-70.3,6.1,,,,
66.587,1,Atta_1,509.1,2314.6,64.2,27.6,-7.2,,,,
66.587,2,Atta_2,144.8,719.9,45.2,-71.2,6.8,,,,
66.587,3,Atta_3,1696.1,1523.6,266.2,24.7,-2.6,,,,
66.587,4,Atta_4,1460.7,1785.3,166.0,-16.6,1.7,,,,
66.587,5,Atta_5,2101.8,2616.3,269.1,-75.5,-0.9,,,,
66.587,6,Atta_6,443.1,2645.4,202.3,34.0,-0.3,,,,
66.587,7,Atta_7,1343.5,2436.0,258.7,-25.7,-3.1,,,,
66.587,8,Atta_8,787.6,855.4,278.6,-60.1,-0.7,,,,
66.587,9,Atta_9,427.4,1070.6,208.9,25.7,-4.9,,,,
66.587,10,Atta_10,125.2,1876.3,284.5,62.0,2.6,,,,
66.653,1,Atta_1,448.0,2326.9,59.1,-62.3,-5.1,,,,
66.653,2,Atta_2,184.2,742.7,44.8,45.5,-0.4,,,,
66.653,3,Atta_3,1687.8,1465.0,259.7,59.2,-6.5,,,,
66.653,4,Atta_4,1447.3,1735.7,169.4,51.4,3.4,,,,
66.653,5,Atta_5,2163.7,2615.0,267.9,61.9,-1.2,,,,
66.653,6,Atta_6,404.6,2583.9,202.7,72.6,0.4,,,,
66.653,7,Atta_7,1341.5,2510.7,255.7,-74.7,-3.0,,,,
66.653,8,Atta_8,826.8,852.0,276.3,39.3,-2.3,,,,
66.653,9,Atta_9,414.6,997.1,202.8,74.6,-6.1,,,,
66.653,10,Atta_10,132.8,1844.6,288.4,32.6,3.9,,,,
66.719,1,Atta_1,469.1,2344.0,54.4,27.2,-4.7,,,,
66.719,2,Atta_2,136.7,779.6,53.8,-60.1,9.0,,,,
66.719,3,Atta_3,1743.0,1487.3,257.0,-59.5,-2.7,,,,
66.719,4,Atta_4,1415.8,1718.6,167.0,35.8,-2.4,,,,
66.719,5,Atta_5,2116.6,2592.4,263.9,52.2,-4.0,,,,
66.719,6,Atta_6,460.8,2669.0,200.6,-102.0,-2.1,,,,
66.719,7,Atta_7,1416.0,2471.8,253.1,84.0,-2.6,,,,
66.719,8,Atta_8,797.2,774.9,278.4,82.6,2.1,,,,
66.719,9,Atta_9,472.6,1034.1,200.9,-68.8,-1.9,,,,
66.719,10,Atta_10,99.6,1878.7,291.0,-47.6,2.6,,,,
66.786,1,Atta_1,449.5,2333.2,53.8,-22.4,-0.6,,,,
66.786,2,Atta_2,197.5,748.5,55.5,68.3,1.7,,,,
66.786,3,Atta_3,1717.1,1507.5,253.5,-32.8,-3.5,,,,
66.786,4,Atta_4,1444.5,1730.5,164.8,-31.1,-2.2,,,,
66.786,5,Atta_5,2164.5,2613.2,269.9,-52.2,6.0,,,,
66.786,6,Atta_6,422.4,2633.5,200.4,52.3,-0.2,,,,
66.786,7,Atta_7,1344.6,2426.6,248.4,84.5,-4.7,,,,
66.786,8,Atta_8,768.4,809.7,274.3,-45.2,-4.1,,,,
66.786,9,Atta_9,446.2,1023.4,196.2,28.5,-4.7,,,,
66.786,10,Atta_10,58.2,1885.7,299.6,-42.0,8.6,,,,
66.851,1,Atta_1,486.3,2279.6,47.2,-65.0,-6.6,,,,
66.851,2,Atta_2,118.5,792.9,64.9,-90.6,9.4,,,,
66.851,3,Atta_3,1715.9,1445.3,248.7,62.2,-4.8,,,,
66.851,4,Atta_4,1438.8,1725.5,162.5,7.6,-2.3,,,,
66.851,5,Atta_5,2075.9,2550.7,265.8,108.4,-4.1,,,,
66.851,6,Atta_6,452.5,2562.9,200.8,-76.7,0.4,,,,
66.851,7,Atta_7,1359.9,2452.4,238.8,-30.0,-9.6,,,,
66.851,8,Atta_8,799.7,755.7,275.0,62.4,0.7,,,,
66.851,9,Atta_9,368.9,1057.3,194.3,84.4,-1.9,,,,
66.851,10,Atta_10,134.6,1817.4,300.8,102.5,1.2,,,,
66.92,1,Atta_1,457.9,2352.0,44.0,77.8,-3.2,,,,
66.92,2,Atta_2,185.4,754.5,66.1,-77.1,1.2,,,,
66.92,3,Atta_3,1643.0,1476.8,240.4,-79.4,-8.3,,,,
66.92,4,Atta_4,1385.3,1765.4,164.9,66.7,2.4,,,,
66.92,5,Atta_5,2105.5,2617.0,265.3,-72.6,-0.5,,,,
66.92,6,Atta_6,459.3,2632.3,201.3,-69.7,0.5,,,,
66.92,7,Atta_7,1351.0,2433.3,236.6,21.1,-2.2,,,,
66.92,8,Atta_8,791.7,744.0,275.2,14.2,0.2,,,,
66.92,9,Atta_9,452.2,1014.5,187.7,-93.7,-6.6,,,,
66.92,10,Atta_10,75.8,1815.1,301.4,-58.8,0.6,,,,
66.99,1,Atta_1,487.6,2319.4,37.8,-44.1,-6.2,,,,
66.99,2,Atta_2,143.9,774.3,70.6,46.0,4.5,,,,
66.99,3,Atta_3,1693.2,1522.5,235.7,-67.9,-4.7,,,,
66.99,4,Atta_4,1404.0,1755.7,166.0,-21.1,1.1,,,,
66.99,5,Atta_5,2088.9,2555.8,268.0,63.4,2.7,,,,
66.99,6,Atta_6,374.1,2606.8,201.7,88.9,0.4,,,,
66.99,7,Atta_7,1374.8,2453.1,226.7,-31.0,-9.9,,,,
66.99,8,Atta_8,744.7,790.8,277.3,-66.3,2.1,,,,
66.99,9,Atta_9,400.1,1120.8,190.8,118.4,3.1,,,,
66.99,10,Atta_10,99.6,1873.0,301.8,-62.6,0.4,,,,
67.041,1,Atta_1,481.3,2290.0,36.8,-30.1,-1.0,,,,
67.041,2,Atta_2,198.6,764.2,72.0,55.6,1.4,,,,
67.041,3,Atta_3,1676.6,1541.1,232.0,-24.9,-3.7,,,,
67.041,4,Atta_4,1337.6,1786.9,162.9,73.4,-3.1,,,,
67.041,5,Atta_5,2127.4,2561.5,270.3,-38.9,2.3,,,,
67.041,6,Atta_6,397.5,2584.4,205.5,-32.4,3.8,,,,
67.041,7,Atta_7,1389.3,2488.0,229.3,-37.8,2.6,,,,
67.041,8,Atta_8,730.5,813.3,279.5,-26.6,2.2,,,,
67.041,9,Atta_9,406.9,1073.2,186.8,48.1,-4.0,,,,
67.041,10,Atta_10,171.2,1889.7,302.5,73.5,0.7,,,,
67.108,1,Atta_1,429.7,2321.6,25.5,-60.5,-11.3,,,,
67.108,2,Atta_2,166.3,736.4,71.7,-42.6,-0.3,,,,
67.108,3,Atta_3,1690.0,1501.3,231.7,42.0,-0.3,,,,
67.108,4,Atta_4,1380.1,1736.0,162.0,-66.3,-0.9,,,,
67.108,5,Atta_5,2144.6,2520.3,264.8,44.6,-5.5,,,,
67.108,6,Atta_6,380.6,2601.6,215.0,24.1,9.5,,,,
67.108,7,Atta_7,1386.3,2517.4,223.5,-29.6,-5.8,,,,
67.108,8,Atta_8,842.5,733.4,276.2,137.6,-3.3,,,,
67.108,9,Atta_9,405.8,1093.2,182.1,-20.0,-4.7,,,,
67.108,10,Atta_10,102.5,1868.3,306.1,-72.0,3.6,,,,
67.174,1,Atta_1,446.3,2355.1,25.8,37.4,0.3,,,,
67.174,2,Atta_2,178.5,759.1,73.6,25.8,1.9,,,,
67.174,3,Atta_3,1671.7,1536.1,233.7,-39.3,2.0,,,,
67.174,4,Atta_4,1294.6,1717.0,161.0,87.6,-1.0,,,,
67.174,5,Atta_5,2080.2,2480.5,268.6,75.7,3.8,,,,
67.174,6,Atta_6,417.4,2636.9,218.9,-51.0,3.9,,,,
67.174,7,Atta_7,1358.5,2464.4,220.1,59.8,-3.4,,,,
67.174,8,Atta_8,766.2,743.4,276.2,-77.0,0.0,,,,
67.174,9,Atta_9,468.8,1079.3,188.1,-64.5,6.0,,,,
67.174,10,Atta_10,134.6,1849.2,304.9,37.4,-1.2,,,,
67.243,1,Atta_1,507.6,2332.1,20.7,65.5,-5.1,,,,
67.243,2,Atta_2,161.6,739.2,74.6,-26.1,1.0,,,,
67.243,3,Atta_3,1763.6,1478.4,233.2,-108.5,-0.5,,,,
67.243,4,Atta_4,1309.8,1716.7,163.8,-15.2,2.8,,,,
67.243,5,Atta_5,2111.6,2491.8,263.3,-33.4,-5.3,,,,
67.243,6,Atta_6,389.4,2585.8,222.0,58.3,3.1,,,,
67.243,7,Atta_7,1371.0,2449.1,215.2,19.8,-4.9,,,,
67.243,8,Atta_8,765.9,779.4,276.2,-36.0,0.0,,,,
67.243,9,Atta_9,443.7,1062.3,185.3,30.3,-2.8,,,,
67.243,10,Atta_10,65.8,1803.2,302.3,-82.8,-2.6,,,,
67.313,1,Atta_1,464.6,2316.6,18.3,-45.7,-2.4,,,,
67.313,2,Atta_2,235.5,754.8,70.9,75.5,-3.7,,,,
67.313,3,Atta_3,1659.1,1542.5,230.4,122.6,-2.8,,,,
67.313,4,Atta_4,1328.1,1773.3,164.2,-59.5,0.4,,,,
67.313,5,Atta_5,2151.5,2529.1,264.6,-54.6,1.3,,,,
67.313,6,Atta_6,428.9,2627.7,226.9,-57.6,4.9,,,,
67.313,7,Atta_7,1322.3,2489.6,209.9,63.3,-5.3,,,,
67.313,8,Atta_8,725.8,728.8,279.5,64.6,3.3,,,,
67.313,9,Atta_9,396.2,1034.8,186.0,54.9,0.7,,,,
67.313,10,Atta_10,113.5,1834.4,304.6,-57.0,2.3,,,,
67.368,1,Atta_1,441.4,2366.0,17.2,-54.6,-1.1,,,,
67.368,2,Atta_2,202.0,767.5,73.9,35.8,3.0,,,,
67.368,3,Atta_3,1657.6,1537.9,233.1,4.8,2.7,,,,
67.368,4,Atta_4,1370.7,1803.1,166.9,-52.0,2.7,,,,
67.368,5,Atta_5,2102.9,2462.2,268.1,82.7,3.5,,,,
67.368,6,Atta_6,361.3,2688.3,233.2,90.8,6.3,,,,
67.368,7,Atta_7,1336.7,2452.7,207.5,39.6,-2.4,,,,
67.368,8,Atta_8,814.2,678.0,275.1,102.0,-4.4,,,,
67.368,9,Atta_9,398.1,1055.4,186.1,-20.7,0.1,,,,
67.368,10,Atta_10,174.3,1823.4,306.2,61.8,1.6,,,,
67.439,1,Atta_1,530.8,2358.6,14.4,89.7,-2.8,,,,
67.439,2,Atta_2,205.9,756.0,75.8,-12.1,1.9,,,,
67.439,3,Atta_3,1704.4,1481.4,233.3,73.4,0.2,,,,
67.439,4,Atta_4,1309.0,1807.1,165.2,61.8,-1.7,,,,
67.439,5,Atta_5,2136.6,2468.7,265.1,-34.3,-3.0,,,,
67.439,6,Atta_6,401.3,2632.2,234.8,68.9,1.6,,,,
67.439,7,Atta_7,1377.7,2438.5,204.9,-43.4,-2.6,,,,
67.439,9,Atta_9,434.9,1080.0,186.2,-44.3,0.1,,,,
67.439,10,Atta_10,157.7,1787.4,304.1,39.6,-2.1,,,,
67.574,1,Atta_1,482.3,2371.3,15.3,-50.1,0.9,,,,
67.574,2,Atta_2,171.3,803.4,68.1,58.7,-7.7,,,,
67.574,3,Atta_3,1720.5,1472.0,231.9,-18.6,-1.4,,,,
67.574,4,Atta_4,1216.5,1833.9,164.3,96.3,-0.9,,,,
67.574,5,Atta_5,2193.0,2427.6,268.1,69.8,3.0,,,,
67.574,6,Atta_6,408.1,2638.2,245.3,-9.1,10.5,,,,
67.574,7,Atta_7,1309.2,2473.1,200.7,76.7,-4.2,,,,
67.574,8,Atta_8,814.8,731.8,277.1,-53.8,2.0,,,,
67.574,9,Atta_9,339.0,1000.0,188.3,124.9,2.1,,,,
67.574,10,Atta_10,205.2,1783.0,303.6,47.7,-0.5,,,,
67.642,1,Atta_1,466.8,2331.4,19.0,-42.8,3.7,,,,
67.642,2,Atta_2,169.1,756.3,75.0,-47.2,6.9,,,,
67.642,3,Atta_3,1694.7,1477.3,233.1,26.3,1.2,,,,
67.642,4,Atta_4,1227.0,1758.8,162.6,-75.8,-1.7,,,,
67.642,5,Atta_5,2160.6,2495.4,269.7,-75.1,1.6,,,,
67.642,6,Atta_6,403.8,2585.9,248.8,52.5,3.5,,,,
67.642,7,Atta_7,1320.8,2414.3,203.1,59.9,2.4,,,,
67.642,8,Atta_8,813.1,688.8,279.9,43.0,2.8,,,,
67.642,9,Atta_9,389.6,1093.8,188.3,-106.6,0.0,,,,
67.642,10,Atta_10,154.3,1710.0,303.4,89.0,-0.2,,,,
67.71,1,Atta_1,513.0,2376.1,15.3,64.3,-3.7,,,,
67.71,2,Atta_2,202.4,875.4,73.7,123.7,-1.3,,,,
67.71,3,Atta_3,1667.8,1370.5,234.9,110.1,1.8,,,,
67.71,4,Atta_4,1317.6,1827.2,164.9,-113.5,2.3,,,,
67.71,5,Atta_5,2125.3,2380.5,267.0,120.2,-2.7,,,,
67.71,6,Atta_6,466.1,2608.4,252.4,-66.2,3.6,,,,
67.71,7,Atta_7,1348.6,2440.7,204.6,-38.3,1.5,,,,
67.71,8,Atta_8,801.3,668.8,273.4,23.2,-6.5,,,,
67.71,9,Atta_9,312.0,1038.0,188.3,95.6,0.0,,,,
67.71,10,Atta_10,238.0,1809.6,304.6,-130.1,1.2,,,,
67.842,1,Atta_1,482.7,2340.2,17.0,-47.0,1.7,,,,
67.842,2,Atta_2,190.4,816.3,71.3,-60.3,-2.4,,,,
67.842,3,Atta_3,1646.3,1437.8,233.9,-70.7,-1.0,,,,
67.842,4,Atta_4,1267.7,1836.6,163.7,50.8,-1.2,,,,
67.842,5,Atta_5,2114.2,2426.1,267.0,-46.9,0.0,,,,
67.842,6,Atta_6,405.1,2676.7,257.0,-91.6,4.6,,,,
67.842,7,Atta_7,1363.0,2389.8,210.7,52.9,6.1,,,,
67.842,8,Atta_8,789.5,632.9,280.7,37.8,7.3,,,,
67.842,9,Atta_9,321.3,1060.9,187.2,-24.7,-1.1,,,,
67.842,10,Atta_10,126.6,1783.1,300.0,-114.5,-4.6,,,,
67.904,1,Atta_1,516.6,2356.7,14.8,37.7,-2.2,,,,
67.904,2,Atta_2,179.5,858.3,73.4,43.4,2.1,,,,
67.904,3,Atta_3,1620.1,1418.3,228.4,32.7,-5.5,,,,
67.904,4,Atta_4,1284.9,1838.8,163.7,-17.3,0.0,,,,
67.904,5,Atta_5,2103.6,2436.9,267.6,-15.1,0.6,,,,
67.904,6,Atta_6,410.5,2616.2,262.5,60.7,5.5,,,,
67.904,7,Atta_7,1323.6,2482.3,215.3,-100.5,4.6,,,,
67.904,8,Atta_8,806.1,674.4,280.2,-44.7,-0.5,,,,
67.904,9,Atta_9,277.5,1035.5,186.7,50.6,-0.5,,,,
67.904,10,Atta_10,175.8,1782.9,301.8,49.2,1.8,,,,
67.975,1,Atta_1,503.7,2380.1,15.8,-26.7,1.0,,,,
67.975,2,Atta_2,254.5,835.4,71.1,-78.4,-2.3,,,,
67.975,3,Atta_3,1633.3,1477.4,231.4,-60.6,3.0,,,,
67.975,4,Atta_4,1238.7,1788.8,163.8,68.1,0.1,,,,
67.975,5,Atta_5,2135.2,2358.4,267.5,84.6,-0.1,,,,
67.975,6,Atta_6,417.5,2563.0,271.9,53.7,9.4,,,,
67.975,7,Atta_7,1399.5,2430.6,225.3,-91.8,10.0,,,,
67.975,8,Atta_8,798.9,597.6,278.4,77.1,-1.8,,,,
67.975,9,Atta_9,298.0,1058.7,184.8,-31.0,-1.9,,,,
67.975,10,Atta_10,145.1,1750.4,295.3,44.7,-6.5,,,,
68.11,1,Atta_1,515.6,2352.6,17.7,30.0,1.9,,,,
68.11,2,Atta_2,225.2,824.2,73.5,-31.4,2.4,,,,
68.11,3,Atta_3,1649.0,1412.3,230.1,67.0,-1.3,,,,
68.11,4,Atta_4,1208.4,1869.9,163.0,86.6,-0.8,,,,
68.11,5,Atta_5,2149.5,2345.1,270.7,19.5,3.2,,,,
68.11,6,Atta_6,423.5,2585.7,275.4,-23.5,3.5,,,,
68.11,7,Atta_7,1361.9,2492.8,228.7,-72.7,3.4,,,,
68.11,8,Atta_8,826.6,615.7,277.6,-33.1,-0.8,,,,
68.11,9,Atta_9,276.7,1067.4,181.1,23.0,-3.7,,,,
68.11,10,Atta_10,163.2,1802.5,292.7,-55.2,-2.6,,,,
68.173,1,Atta_1,532.0,2339.4,17.2,21.1,-0.5,,,,
68.173,2,Atta_2,167.6,824.7,70.8,-57.6,-2.7,,,,
68.173,3,Atta_3,1704.2,1505.7,231.2,-108.5,1.1,,,,
68.173,4,Atta_4,1219.2,1827.0,167.4,-44.2,4.4,,,,
68.173,5,Atta_5,2148.8,2328.0,263.8,17.1,-6.9,,,,
68.173,6,Atta_6,444.1,2656.6,279.3,-73.8,3.9,,,,
68.173,7,Atta_7,1333.0,2445.7,235.8,55.3,7.1,,,,
68.173,8,Atta_8,818.0,613.6,277.5,8.9,-0.1,,,,
68.173,9,Atta_9,293.8,1016.8,185.3,-53.4,4.2,,,,
68.173,10,Atta_10,176.1,1726.5,287.2,77.1,-5.5,,,,
68.243,1,Atta_1,501.7,2316.5,18.0,-38.0,0.8,,,,
68.243,2,Atta_2,218.4,929.6,74.1,116.6,3.3,,,,
68.243,3,Atta_3,1679.1,1499.7,230.7,25.8,-0.5,,,,
68.243,4,Atta_4,1194.8,1773.1,162.7,59.2,-4.7,,,,
68.243,5,Atta_5,2159.7,2303.3,268.6,27.0,4.8,,,,
68.243,6,Atta_6,393.1,2587.6,284.3,85.8,5.0,,,,
68.243,7,Atta_7,1322.2,2492.7,236.1,-48.2,0.3,,,,
68.243,8,Atta_8,838.5,578.5,276.0,40.6,-1.5,,,,
68.243,9,Atta_9,318.0,1028.1,186.7,-26.7,1.4,,,,
68.243,10,Atta_10,144.9,1697.3,283.5,42.7,-3.7,,,,
68.31,1,Atta_1,580.8,2368.5,15.7,94.7,-2.3,,,,
68.31,2,Atta_2,185.2,886.7,68.0,-54.2,-6.1,,,,
68.31,3,Atta_3,1738.7,1498.6,230.3,-59.6,-0.4,,,,
68.31,4,Atta_4,1174.5,1863.0,165.1,92.2,2.4,,,,
68.31,5,Atta_5,2118.8,2301.0,266.1,41.0,-2.5,,,,
68.31,6,Atta_6,363.9,2638.0,287.6,-58.2,3.3,,,,
68.31,7,Atta_7,1360.1,2422.6,244.3,79.7,8.2,,,,
68.31,8,Atta_8,846.0,513.8,276.9,65.1,0.9,,,,
68.31,9,Atta_9,283.8,1045.4,183.8,38.3,-2.9,,,,
68.31,10,Atta_10,164.7,1713.5,277.0,-25.6,-6.5,,,,
68.377,1,Atta_1,607.6,2292.5,16.5,80.6,0.8,,,,
68.377,2,Atta_2,218.8,847.6,68.4,-51.6,0.4,,,,
68.377,3,Atta_3,1717.8,1470.4,234.2,35.1,3.9,,,,
68.377,4,Atta_4,1206.2,1800.6,166.9,-70.0,1.8,,,,
68.377,5,Atta_5,2087.8,2345.6,271.1,-54.3,5.0,,,,
68.377,6,Atta_6,365.3,2620.4,291.8,17.7,4.2,,,,
68.377,7,Atta_7,1305.2,2462.3,247.5,-67.8,3.2,,,,
68.377,8,Atta_8,847.3,533.7,275.8,-19.9,-1.1,,,,
68.377,9,Atta_9,220.6,1025.3,182.1,66.3,-1.7,,,,
68.377,10,Atta_10,155.4,1725.4,274.9,-15.1,-2.1,,,,
68.443,1,Atta_1,607.5,2351.5,17.9,59.0,1.4,,,,
68.443,2,Atta_2,173.0,871.1,67.5,51.5,-0.9,,,,
68.443,3,Atta_3,1683.8,1456.2,235.3,36.8,1.1,,,,
68.443,4,Atta_4,1199.1,1856.3,166.1,56.2,-0.8,,,,
68.443,5,Atta_5,2079.2,2310.9,265.4,35.7,-5.7,,,,
68.443,6,Atta_6,416.1,2630.8,298.3,51.9,6.5,,,,
68.443,7,Atta_7,1368.3,2435.3,251.2,68.6,3.7,,,,
68.443,8,Atta_8,815.5,568.6,277.3,-47.2,1.5,,,,
68.443,9,Atta_9,235.4,1020.3,188.8,-15.6,6.7,,,,
68.443,10,Atta_10,192.2,1730.2,271.7,-37.1,-3.2,,,,
68.511,1,Atta_1,600.5,2398.7,18.6,47.7,0.7,,,,
68.511,2,Atta_2,212.6,854.5,68.8,-42.9,1.3,,,,
68.511,3,Atta_3,1646.7,1503.7,243.9,-60.3,8.6,,,,
68.511,4,Atta_4,1136.4,1798.4,164.9,85.3,-1.2,,,,
68.511,5,Atta_5,2096.6,2287.3,263.1,29.3,-2.3,,,,
68.511,6,Atta_6,368.4,2630.8,303.9,-47.7,5.6,,,,
68.511,7,Atta_7,1336.7,2455.9,254.2,-37.7,3.0,,,,
68.511,8,Atta_8,811.3,536.1,275.9,32.8,-1.4,,,,
68.511,9,Atta_9,279.5,1025.3,186.2,-44.4,-2.6,,,,
68.511,10,Atta_10,174.6,1719.7,268.7,20.5,-3.0,,,,
68.577,1,Atta_1,603.8,2354.0,18.6,-44.8,0.0,,,,
68.577,2,Atta_2,201.6,867.4,68.7,17.0,-0.1,,,,
68.577,3,Atta_3,1694.6,1420.3,248.3,96.2,4.4,,,,
68.577,4,Atta_4,1092.2,1851.9,165.4,69.4,0.5,,,,
68.577,5,Atta_5,2185.6,2250.0,270.6,96.5,7.5,,,,
68.577,6,Atta_6,362.5,2663.6,308.7,-33.3,4.8,,,,
68.577,7,Atta_7,1316.0,2459.3,262.4,21.0,8.2,,,,
68.577,8,Atta_8,826.8,480.0,280.5,58.2,4.6,,,,
68.577,9,Atta_9,245.9,1040.9,186.4,37.0,0.2,,,,
68.577,10,Atta_10,167.3,1734.7,262.5,-16.7,-6.2,,,,
68.644,1,Atta_1,607.0,2308.4,15.5,-45.7,-3.1,,,,
68.644,2,Atta_2,210.5,881.6,66.1,16.8,-2.6,,,,
68.644,3,Atta_3,1627.2,1506.0,252.0,-109.0,3.7,,,,
68.644,4,Atta_4,1101.5,1872.9,161.0,-23.0,-4.4,,,,
68.644,5,Atta_5,2128.7,2269.7,267.7,-60.2,-2.9,,,,
68.644,6,Atta_6,406.1,2596.8,313.0,79.8,4.3,,,,
68.644,7,Atta_7,1411.1,2473.2,260.7,-96.1,-1.7,,,,
68.644,8,Atta_8,793.8,520.1,272.8,-51.9,-7.7,,,,
68.644,9,Atta_9,190.9,1023.8,186.3,57.6,-0.1,,,,
68.644,10,Atta_10,142.8,1736.1,253.5,24.5,-9.0,,,,
68.696,1,Atta_1,597.8,2427.7,16.4,119.7,0.9,,,,
68.696,2,Atta_2,201.7,838.9,67.8,-43.6,1.7,,,,
68.696,3,Atta_3,1725.3,1550.0,257.5,-107.5,5.5,,,,
68.696,4,Atta_4,1096.0,1843.4,164.8,-30.0,3.8,,,,
68.696,5,Atta_5,2162.9,2237.1,266.6,47.2,-1.1,,,,
68.696,6,Atta_6,414.5,2636.7,316.7,-40.8,3.7,,,,
68.696,7,Atta_7,1410.0,2423.3,269.8,49.9,9.1,,,,
68.696,8,Atta_8,822.6,500.7,277.9,34.7,5.1,,,,
68.696,9,Atta_9,171.4,1026.8,185.3,19.7,-1.0,,,,
68.696,10,Atta_10,183.5,1728.0,251.6,-41.5,-1.9,,,,
68.762,1,Atta_1,654.1,2422.6,15.3,56.5,-1.1,,,,
68.762,2,Atta_2,172.7,853.1,64.9,32.3,-2.9,,,,
68.762,3,Atta_3,1716.5,1474.2,256.7,76.3,-0.8,,,,
68.762,4,Atta_4,1137.2,1824.2,165.0,-45.5,0.2,,,,
68.762,5,Atta_5,2127.4,2233.9,267.4,35.6,0.8,,,,
68.762,6,Atta_6,412.5,2630.4,315.5,6.6,-1.2,,,,
68.762,7,Atta_7,1357.0,2397.1,273.8,59.1,4.0,,,,
68.762,8,Atta_8,805.4,435.2,278.7,67.7,0.8,,,,
68.762,9,Atta_9,153.9,1049.2,189.4,28.4,4.1,,,,
68.762,10,Atta_10,218.5,1718.8,248.0,-36.2,-3.6,,,,
68.829,1,Atta_1,652.5,2363.3,19.6,-59.3,4.3,,,,
68.829,2,Atta_2,178.1,811.3,60.3,-42.1,-4.6,,,,
68.829,3,Atta_3,1720.8,1473.1,265.9,4.4,9.2,,,,
68.829,4,Atta_4,1078.4,1827.9,162.8,58.9,-2.2,,,,
68.829,5,Atta_5,2080.5,2205.8,267.8,54.7,0.4,,,,
68.829,6,Atta_6,389.6,2683.9,325.1,-58.2,9.6,,,,
68.829,7,Atta_7,1389.0,2471.4,274.4,-80.9,0.6,,,,
68.829,8,Atta_8,781.2,525.9,277.1,-93.9,-1.6,,,,
68.829,9,Atta_9,132.1,1000.0,186.0,53.8,-3.4,,,,
68.829,10,Atta_10,151.5,1779.7,243.2,-90.5,-4.8,,,,
68.897,1,Atta_1,653.8,2347.7,18.5,-15.7,-1.1,,,,
68.897,2,Atta_2,224.9,797.8,56.1,48.7,-4.2,,,,
68.897,3,Atta_3,1678.3,1510.0,270.4,-56.3,4.5,,,,
68.897,4,Atta_4,1103.6,1815.1,166.0,-28.3,3.2,,,,
68.897,5,Atta_5,2126.8,2236.3,267.0,-55.4,-0.8,,,,
68.897,6,Atta_6,370.7,2584.8,330.7,100.9,5.6,,,,
68.897,7,Atta_7,1371.8,2418.7,284.5,55.4,10.1,,,,
68.897,8,Atta_8,824.7,499.5,274.5,50.9,-2.6,,,,
68.897,9,Atta_9,130.3,1012.3,185.2,12.4,-0.8,,,,
68.897,10,Atta_10,187.1,1679.6,238.9,106.2,-4.3,,,,
68.966,1,Atta_1,659.4,2394.4,16.8,47.0,-1.7,,,,
68.966,2,Atta_2,210.7,836.9,49.3,41.6,-6.8,,,,
68.966,3,Atta_3,1706.9,1521.6,278.4,-30.9,8.0,,,,
68.966,4,Atta_4,1073.6,1782.9,164.5,44.0,-1.5,,,,
68.966,5,Atta_5,2146.8,2203.9,269.9,38.1,2.9,,,,
68.966,6,Atta_6,382.8,2676.8,336.3,-92.8,5.6,,,,
68.966,7,Atta_7,1351.4,2436.7,288.7,-27.2,4.2,,,,
68.966,8,Atta_8,819.4,456.6,273.7,43.2,-0.8,,,,
68.966,9,Atta_9,141.0,1019.0,187.4,-12.6,2.2,,,,
68.966,10,Atta_10,214.4,1779.9,234.0,-103.9,-4.9,,,,
69.037,1,Atta_1,699.0,2430.0,15.0,53.2,-1.8,,,,
69.037,2,Atta_2,206.6,865.1,47.4,28.5,-1.9,,,,
69.037,3,Atta_3,1664.3,1505.3,278.8,45.6,0.4,,,,
69.037,4,Atta_4,1013.7,1832.9,160.5,78.0,-4.0,,,,
69.037,5,Atta_5,2131.4,2198.6,266.0,16.3,-3.9,,,,
69.037,6,Atta_6,424.8,2644.8,329.3,52.8,-7.0,,,,
69.037,7,Atta_7,1352.5,2463.4,295.8,-26.7,7.1,,,,
69.037,8,Atta_8,797.6,492.2,276.5,-41.7,2.8,,,,
69.037,9,Atta_9,125.4,1001.3,187.1,23.6,-0.3,,,,
69.037,10,Atta_10,178.8,1749.4,231.5,46.9,-2.5,,,,
69.089,1,Atta_1,691.8,2397.2,16.5,-33.6,1.5,,,,
69.089,2,Atta_2,217.0,814.7,40.2,-51.5,-7.2,,,,
69.089,3,Atta_3,1756.7,1471.4,284.7,98.4,5.9,,,,
69.089,4,Atta_4,1062.5,1872.1,162.6,-62.6,2.1,,,,
69.089,5,Atta_5,2108.8,2197.1,270.0,22.6,4.0,,,,
69.089,6,Atta_6,414.6,2616.8,337.3,29.8,8.0,,,,
69.089,7,Atta_7,1364.2,2475.1,292.5,-16.5,-3.3,,,,
69.089,8,Atta_8,865.6,479.7,275.0,69.1,-1.5,,,,
69.089,9,Atta_9,88.8,1034.4,188.5,49.3,1.4,,,,
69.089,10,Atta_10,207.4,1705.9,224.7,52.1,-6.8,,,,
69.156,1,Atta_1,717.7,2401.2,16.5,26.2,0.0,,,,
69.156,2,Atta_2,138.1,868.0,41.2,-95.2,1.0,,,,
69.156,3,Atta_3,1684.8,1474.9,284.7,-72.0,0.0,,,,
69.156,4,Atta_4,1044.4,1940.2,164.7,70.5,2.1,,,,
69.156,5,Atta_5,2124.9,2229.8,268.0,-36.4,-2.0,,,,
69.156,6,Atta_6,365.9,2662.3,333.1,-66.6,-4.2,,,,
69.156,7,Atta_7,1361.1,2478.1,290.3,-4.3,-2.2,,,,
69.156,8,Atta_8,808.2,483.6,277.0,-57.5,2.0,,,,
69.156,9,Atta_9,47.2,1023.1,186.5,43.1,-2.0,,,,
69.156,10,Atta_10,130.8,1744.5,220.3,85.8,-4.4,,,,
69.224,1,Atta_1,717.6,2412.2,21.3,11.0,4.8,,,,
69.224,2,Atta_2,130.9,804.8,33.9,-63.6,-7.3,,,,
69.224,3,Atta_3,1672.8,1510.2,285.6,-37.3,0.9,,,,
69.224,4,Atta_4,1044.5,1861.4,163.3,-78.8,-1.4,,,,
69.224,5,Atta_5,2092.8,2217.4,267.8,34.4,-0.2,,,,
69.224,6,Atta_6,416.4,2564.3,332.1,110.2,-1.0,,,,
69.224,7,Atta_7,1402.3,2419.9,295.6,71.3,5.3,,,,
69.224,8,Atta_8,834.3,469.8,277.3,29.5,0.3,,,,
69.224,9,Atta_9,87.6,1060.5,185.6,-55.1,-0.9,,,,
69.224,10,Atta_10,165.6,1765.8,213.7,-40.8,-6.6,,,,
69.289,1,Atta_1,669.7,2376.7,17.4,-59.6,-3.9,,,,
69.289,2,Atta_2,168.2,843.7,30.1,53.9,-3.8,,,,
69.289,3,Atta_3,1704.0,1518.9,288.3,32.4,2.7,,,,
69.289,4,Atta_4,1010.3,1818.5,160.7,54.9,-2.6,,,,
69.289,5,Atta_5,2157.8,2214.3,264.1,65.1,-3.7,,,,
69.289,6,Atta_6,452.4,2638.6,334.2,-82.6,2.1,,,,
69.289,7,Atta_7,1351.3,2458.7,292.2,-64.1,-3.4,,,,
69.289,8,Atta_8,838.2,478.4,274.3,-9.4,-3.0,,,,
69.289,9,Atta_9,101.0,1027.9,187.8,-35.2,2.2,,,,
69.289,10,Atta_10,210.7,1712.4,214.5,-69.9,0.8,,,,
69.357,1,Atta_1,773.9,2391.4,19.8,105.2,2.4,,,,
69.357,2,Atta_2,193.0,856.2,20.9,27.8,-9.2,,,,
69.357,3,Atta_3,1749.1,1452.8,285.8,80.0,-2.5,,,,
69.357,4,Atta_4,1019.8,1842.6,162.1,-25.9,1.4,,,,
69.357,5,Atta_5,2109.6,2202.7,262.8,49.6,-1.3,,,,
69.357,6,Atta_6,369.8,2577.7,331.6,-102.6,-2.6,,,,
69.357,7,Atta_7,1387.0,2452.3,290.7,36.3,-1.5,,,,
69.357,8,Atta_8,880.5,531.9,277.7,-68.2,3.4,,,,
69.357,9,Atta_9,158.8,975.8,183.6,-77.8,-4.2,,,,
69.357,10,Atta_10,229.7,1754.8,207.9,-46.5,-6.6,,,,
69.411,1,Atta_1,743.3,2446.8,17.5,-63.3,-2.3,,,,
69.411,2,Atta_2,138.4,802.2,19.0,-76.8,-1.9,,,,
69.411,3,Atta_3,1684.1,1458.2,286.3,-65.2,0.5,,,,
69.411,4,Atta_4,998.4,1868.1,163.5,33.3,1.4,,,,
69.411,5,Atta_5,2172.2,2241.6,264.9,-73.7,2.1,,,,
69.411,6,Atta_6,365.3,2638.2,332.0,-60.7,0.4,,,,
69.411,7,Atta_7,1376.5,2462.1,288.2,-14.4,-2.5,,,,
69.411,8,Atta_8,895.9,509.7,279.6,27.0,1.9,,,,
69.411,9,Atta_9,70.5,995.9,187.7,90.6,4.1,,,,
69.411,10,Atta_10,187.8,1758.4,200.7,42.1,-7.2,,,,
69.548,1,Atta_1,814.1,2396.3,21.3,87.0,3.8,,,,
69.548,2,Atta_2,222.0,838.6,16.0,91.2,-3.0,,,,
69.548,3,Atta_3,1667.3,1451.9,289.2,17.9,2.9,,,,
69.548,4,Atta_4,968.9,1846.0,165.5,36.9,2.0,,,,
69.548,5,Atta_5,2148.6,2200.9,269.5,47.0,4.6,,,,
69.548,6,Atta_6,383.6,2644.1,336.9,19.2,4.9,,,,
69.548,7,Atta_7,1341.8,2422.6,291.3,52.6,3.1,,,,
69.548,8,Atta_8,885.1,492.9,280.9,20.0,1.3,,,,
69.548,9,Atta_9,100.3,1039.5,185.4,-52.8,-2.3,,,,
69.548,10,Atta_10,167.5,1752.8,200.9,21.1,0.2,,,,
69.615,1,Atta_1,766.7,2429.0,19.8,-57.6,-1.5,,,,
69.615,2,Atta_2,197.9,838.2,13.0,-24.1,-3.0,,,,
69.615,3,Atta_3,1724.9,1537.3,287.0,-103.0,-2.2,,,,
69.615,4,Atta_4,968.5,1910.7,166.0,64.7,0.5,,,,
69.615,5,Atta_5,2083.8,2219.5,266.6,-67.4,-2.9,,,,
69.615,6,Atta_6,368.6,2625.0,336.0,-24.3,-0.9,,,,
69.615,7,Atta_7,1355.7,2395.9,291.1,30.1,-0.2,,,,
69.615,8,Atta_8,860.4,446.2,275.7,52.8,-5.2,,,,
69.615,9,Atta_9,124.7,1005.6,186.7,-41.8,1.3,,,,
69.615,10,Atta_10,212.1,1747.0,195.7,-45.0,-5.2,,,,
69.668,1,Atta_1,779.2,2406.4,19.8,25.8,0.0,,,,
69.668,2,Atta_2,208.8,803.9,10.5,36.0,-2.5,,,,
69.668,3,Atta_3,1764.0,1472.1,291.4,76.0,4.4,,,,
69.668,4,Atta_4,1006.8,1828.3,169.7,-90.9,3.7,,,,
69.668,5,Atta_5,2060.4,2222.4,264.0,-23.6,-2.6,,,,
69.668,7,Atta_7,1350.7,2394.8,294.6,-5.1,3.5,,,,
69.668,8,Atta_8,811.6,506.4,277.1,-77.5,1.4,,,,
69.668,9,Atta_9,147.3,989.2,187.1,-27.9,0.4,,,,
69.668,10,Atta_10,201.9,1724.6,190.6,24.6,-5.1,,,,
69.735,1,Atta_1,782.2,2345.0,18.7,-61.5,-1.1,,,,
69.735,2,Atta_2,212.1,834.6,13.8,30.9,3.3,,,,
69.735,3,Atta_3,1691.2,1404.8,286.8,99.1,-4.6,,,,
69.735,4,Atta_4,884.6,1899.1,164.7,141.2,-5.0,,,,
69.735,5,Atta_5,2125.8,2196.6,265.6,70.3,1.6,,,,
69.735,6,Atta_6,448.2,2613.7,335.0,80.4,-1.0,,,,
69.735,7,Atta_7,1332.6,2497.7,294.1,-104.5,-0.5,,,,
69.735,8,Atta_8,827.5,527.9,277.9,-26.7,0.8,,,,
69.735,9,Atta_9,181.1,1035.0,185.2,-56.9,-1.9,,,,
69.735,10,Atta_10,169.2,1773.8,185.5,59.1,-5.1,,,,
69.804,1,Atta_1,779.5,2425.4,18.2,80.4,-0.5,,,,
69.804,2,Atta_2,259.1,782.2,11.2,70.4,-2.6,,,,
69.804,3,Atta_3,1702.9,1451.1,287.5,-47.8,0.7,,,,
69.804,4,Atta_4,961.1,1849.0,164.5,-91.4,-0.2,,,,
69.804,5,Atta_5,2110.3,2258.9,265.8,-64.2,0.2,,,,
69.804,6,Atta_6,383.6,2572.2,330.6,-76.8,-4.4,,,,
69.804,7,Atta_7,1334.1,2473.2,294.1,24.5,0.0,,,,
69.804,8,Atta_8,771.3,448.0,278.0,97.7,0.1,,,,
69.804,9,Atta_9,117.5,1047.9,193.2,64.9,8.0,,,,
69.804,10,Atta_10,119.7,1716.1,178.9,76.0,-6.6,,,,
69.859,1,Atta_1,756.7,2366.3,21.0,-63.3,2.8,,,,
69.859,2,Atta_2,172.7,832.2,11.2,-99.8,0.0,,,,
69.859,3,Atta_3,1717.0,1473.0,291.2,-26.0,3.7,,,,
69.859,4,Atta_4,906.4,1865.3,161.7,57.1,-2.8,,,,
69.859,5,Atta_5,2156.7,2228.6,266.5,55.4,0.7,,,,
69.859,6,Atta_6,423.8,2577.1,335.5,40.5,4.9,,,,
69.859,7,Atta_7,1367.2,2463.4,290.3,34.5,-3.8,,,,
69.859,8,Atta_8,827.5,514.1,275.5,-86.8,-2.5,,,,
69.859,9,Atta_9,210.3,999.6,198.5,-104.6,5.3,,,,
69.859,10,Atta_10,208.1,1710.5,170.3,-88.6,-8.6,,,,
69.925,1,Atta_1,791.2,2444.1,18.8,85.1,-2.2,,,,
69.925,2,Atta_2,167.5,789.6,7.2,-42.9,-4.0,,,,
69.925,3,Atta_3,1707.6,1459.4,288.8,16.5,-2.4,,,,
69.925,4,Atta_4,946.0,1919.4,164.3,-67.0,2.6,,,,
69.925,5,Atta_5,2138.8,2231.7,266.0,-18.2,-0.5,,,,
69.925,6,Atta_6,359.3,2590.3,335.0,-65.8,-0.5,,,,
69.925,7,Atta_7,1351.6,2418.8,287.6,47.2,-2.7,,,,
69.925,8,Atta_8,807.0,447.0,279.8,70.2,4.3,,,,
69.925,9,Atta_9,119.6,1031.4,200.2,96.1,1.7,,,,
69.925,10,Atta_10,234.0,1767.4,172.9,-62.5,2.6,,,,
69.991,1,Atta_1,763.0,2451.7,13.9,-29.2,-4.9,,,,
69.991,2,Atta_2,160.2,788.6,12.4,-7.4,5.2,,,,
69.991,3,Atta_3,1773.7,1451.5,288.1,66.6,-0.7,,,,
69.991,4,Atta_4,936.5,1911.0,163.0,12.7,-1.3,,,,
69.991,5,Atta_5,2134.6,2243.7,267.9,-12.7,1.9,,,,
69.991,6,Atta_6,368.3,2582.5,331.1,11.9,-3.9,,,,
69.991,7,Atta_7,1355.8,2491.0,291.7,-72.3,4.1,,,,
69.991,8,Atta_8,862.4,489.7,273.6,-69.9,-6.2,,,,
69.991,9,Atta_9,214.6,1091.3,205.3,-112.3,5.1,,,,
69.991,10,Atta_10,168.0,1709.5,167.0,87.8,-5.9,,,,
70.057,1,Atta_1,747.0,2420.3,21.8,-35.2,7.9,,,,
70.057,2,Atta_2,214.1,862.8,9.9,91.7,-2.5,,,,
70.057,3,Atta_3,1719.4,1389.9,288.7,82.1,0.6,,,,
70.057,4,Atta_4,865.9,1912.9,162.0,70.6,-1.0,,,,
70.057,5,Atta_5,2080.6,2265.2,269.3,-58.1,1.4,,,,
70.057,6,Atta_6,395.2,2606.4,329.8,36.0,-1.3,,,,
70.057,7,Atta_7,1386.9,2500.6,293.8,32.5,2.1,,,,
70.057,8,Atta_8,818.5,553.7,274.3,-77.6,0.7,,,,
70.057,9,Atta_9,207.9,1030.3,214.7,61.4,9.4,,,,
70.057,10,Atta_10,159.1,1709.6,162.4,8.9,-4.6,,,,
70.123,1,Atta_1,730.9,2447.3,18.6,-31.4,-3.2,,,,
70.123,2,Atta_2,205.7,784.6,11.5,-78.6,1.6,,,,
70.123,3,Atta_3,1749.8,1346.1,288.1,53.3,-0.6,,,,
70.123,4,Atta_4,907.9,1880.8,163.2,-52.9,1.2,,,,
70.123,5,Atta_5,2107.6,2229.9,266.4,44.4,-2.9,,,,
70.123,6,Atta_6,432.3,2640.6,333.6,50.5,3.8,,,,
70.123,7,Atta_7,1415.3,2436.7,292.0,69.9,-1.8,,,,
70.123,8,Atta_8,815.1,459.8,277.3,94.0,3.0,,,,
70.123,9,Atta_9,128.1,1006.9,217.4,83.2,2.7,,,,
70.123,10,Atta_10,159.0,1762.5,160.3,52.9,-2.1,,,,
70.191,1,Atta_1,751.8,2399.8,16.9,51.9,-1.7,,,,
70.191,2,Atta_2,253.4,846.2,11.8,77.9,0.3,,,,
70.191,3,Atta_3,1735.8,1415.6,289.8,-70.9,1.7,,,,
70.191,4,Atta_4,897.1,1908.9,162.8,30.1,-0.4,,,,
70.191,5,Atta_5,2142.5,2255.3,264.5,-43.2,-1.9,,,,
70.191,6,Atta_6,394.3,2609.3,333.8,-49.2,0.2,,,,
70.191,7,Atta_7,1355.6,2492.4,289.9,-81.6,-2.1,,,,
70.191,8,Atta_8,823.0,459.7,276.1,7.9,-1.2,,,,
70.191,9,Atta_9,231.6,1041.4,223.4,-109.1,6.0,,,,
70.191,10,Atta_10,149.0,1750.6,152.5,15.5,-7.8,,,,
70.261,1,Atta_1,769.8,2462.5,18.0,65.2,1.1,,,,
70.261,2,Atta_2,238.6,828.9,13.4,-22.8,1.6,,,,
70.261,3,Atta_3,1765.9,1400.7,288.9,33.6,-0.9,,,,
70.261,4,Atta_4,854.1,1915.4,165.5,43.5,2.7,,,,
70.261,5,Atta_5,2123.6,2261.7,269.0,-20.0,4.5,,,,
70.261,6,Atta_6,460.7,2641.9,333.5,74.0,-0.3,,,,
70.261,7,Atta_7,1393.1,2431.1,290.0,71.9,0.1,,,,
70.261,8,Atta_8,838.8,449.0,278.4,19.1,2.3,,,,
70.261,9,Atta_9,199.7,1016.5,226.8,40.5,3.4,,,,
70.261,10,Atta_10,144.2,1795.1,146.4,44.8,-6.1,,,,
70.328,1,Atta_1,779.9,2435.5,16.6,28.8,-1.4,,,,
70.328,2,Atta_2,285.4,879.2,6.4,68.7,-7.0,,,,
70.328,3,Atta_3,1766.6,1358.6,288.5,42.1,-0.4,,,,
70.328,4,Atta_4,922.4,1915.5,164.1,-68.3,-1.4,,,,
70.328,5,Atta_5,2125.5,2229.8,267.7,32.0,-1.3,,,,
70.328,6,Atta_6,417.0,2569.4,330.7,-84.7,-2.8,,,,
70.328,7,Atta_7,1355.2,2440.7,294.8,-39.1,4.8,,,,
70.328,8,Atta_8,803.6,463.8,276.3,-38.2,-2.1,,,,
70.328,9,Atta_9,172.8,1032.0,229.0,31.0,2.2,,,,
70.328,10,Atta_10,173.8,1687.0,143.9,-112.1,-2.5,,,,
70.394,1,Atta_1,699.7,2477.7,15.0,-90.6,-1.6,,,,
70.394,2,Atta_2,255.2,857.4,9.0,-37.2,2.6,,,,
70.394,3,Atta_3,1723.1,1364.2,286.9,-43.9,-1.6,,,,
70.394,4,Atta_4,892.7,1930.0,162.9,33.1,-1.2,,,,
70.394,5,Atta_5,2095.7,2232.6,270.5,-29.9,2.8,,,,
70.394,6,Atta_6,400.0,2661.6,334.5,-93.8,3.8,,,,
70.394,7,Atta_7,1331.9,2422.0,292.3,29.9,-2.5,,,,
70.394,8,Atta_8,790.8,508.6,277.0,-46.6,0.7,,,,
70.394,9,Atta_9,206.3,984.9,233.6,57.8,4.6,,,,
70.394,10,Atta_10,179.2,1733.1,140.9,46.4,-3.0,,,,
70.462,1,Atta_1,737.7,2412.0,17.5,75.9,2.5,,,,
70.462,2,Atta_2,333.2,830.8,10.1,82.4,1.1,,,,
70.462,3,Atta_3,1673.9,1382.5,290.3,-52.5,3.4,,,,
70.462,4,Atta_4,909.5,1908.6,165.4,-27.2,2.5,,,,
70.462,5,Atta_5,2110.3,2213.2,267.3,24.3,-3.2,,,,
70.462,6,Atta_6,377.4,2603.0,332.9,62.8,-1.6,,,,
70.462,7,Atta_7,1356.7,2462.7,298.6,-47.7,6.3,,,,
70.462,8,Atta_8,804.7,473.9,276.4,37.4,-0.6,,,,
70.462,9,Atta_9,222.0,979.7,242.4,-16.5,8.8,,,,
70.462,10,Atta_10,170.6,1743.6,135.4,13.6,-5.5,,,,
70.523,1,Atta_1,768.8,2441.7,17.1,43.0,-0.4,,,,
70.523,2,Atta_2,320.1,821.9,8.8,-15.8,-1.3,,,,
70.523,3,Atta_3,1811.7,1412.5,286.1,141.0,-4.2,,,,
70.523,4,Atta_4,829.0,1920.6,165.7,81.4,0.3,,,,
70.523,5,Atta_5,2094.6,2223.3,264.6,-18.7,-2.7,,,,
70.523,6,Atta_6,392.1,2592.7,333.7,17.9,0.8,,,,
70.523,7,Atta_7,1398.7,2437.3,292.3,49.1,-6.3,,,,
70.523,8,Atta_8,817.4,466.5,278.1,14.7,1.7,,,,
70.523,9,Atta_9,139.5,1091.2,235.8,-138.7,-6.6,,,,
70.523,10,Atta_10,165.9,1761.4,133.7,18.4,-1.7,,,,
70.593,1,Atta_1,772.2,2417.6,17.2,-24.3,0.1,,,,
70.593,2,Atta_2,300.9,814.7,13.9,-20.5,5.1,,,,
70.593,3,Atta_3,1775.2,1419.8,288.0,-37.2,1.9,,,,
70.593,4,Atta_4,846.8,1860.2,163.2,-63.0,-2.5,,,,
70.593,5,Atta_5,2133.5,2206.2,268.9,42.5,4.3,,,,
70.593,6,Atta_6,402.2,2538.2,333.4,55.4,-0.3,,,,
70.593,7,Atta_7,1347.4,2419.5,293.4,-54.3,1.1,,,,
70.593,8,Atta_8,821.9,557.3,275.8,-90.9,-2.3,,,,
70.593,9,Atta_9,160.5,1061.3,245.3,36.5,9.5,,,,
70.593,10,Atta_10,143.3,1755.1,120.0,23.5,-13.7,,,,
70.663,1,Atta_1,834.7,2407.0,22.6,63.4,5.4,,,,
70.663,2,Atta_2,347.5,845.8,10.9,56.0,-3.0,,,,
70.663,3,Atta_3,1792.1,1394.6,288.0,30.3,0.0,,,,
70.663,4,Atta_4,832.7,1885.6,165.7,29.1,2.5,,,,
70.663,5,Atta_5,2101.1,2240.7,265.2,-47.3,-3.7,,,,
70.663,6,Atta_6,394.4,2558.9,332.3,-22.1,-1.1,,,,
70.663,7,Atta_7,1391.1,2434.1,291.7,46.1,-1.7,,,,
70.663,8,Atta_8,794.2,495.6,279.8,67.6,4.0,,,,
70.663,9,Atta_9,175.7,1027.6,245.1,37.0,-0.2,,,,
70.663,10,Atta_10,192.4,1746.6,121.8,-49.8,1.8,,,,
70.729,1,Atta_1,789.7,2464.8,18.2,-73.3,-4.4,,,,
70.729,2,Atta_2,338.7,854.3,10.6,-12.2,-0.3,,,,
70.729,3,Atta_3,1767.8,1424.0,288.4,-38.1,0.4,,,,
70.729,4,Atta_4,862.2,1915.4,167.6,-41.9,1.9,,,,
70.729,5,Atta_5,2088.7,2234.4,268.5,13.9,3.3,,,,
70.729,6,Atta_6,364.6,2634.5,332.8,-81.3,0.5,,,,
70.729,7,Atta_7,1362.6,2411.5,290.7,36.4,-1.0,,,,
70.729,8,Atta_8,805.6,481.8,279.9,17.9,0.1,,,,
70.729,9,Atta_9,198.9,1007.0,244.2,31.0,-0.9,,,,
70.729,10,Atta_10,166.0,1745.0,126.1,26.4,4.3,,,,
70.795,1,Atta_1,762.2,2419.6,17.9,-52.9,-0.3,,,,
70.795,2,Atta_2,278.1,879.7,10.4,-65.7,-0.2,,,,
70.795,3,Atta_3,1756.2,1392.5,290.0,33.6,1.6,,,,
70.795,4,Atta_4,830.8,1927.0,164.5,33.5,-3.1,,,,
70.795,5,Atta_5,2091.6,2225.5,267.9,9.4,-0.6,,,,
70.795,6,Atta_6,412.8,2607.8,334.2,55.1,1.4,,,,
70.795,7,Atta_7,1377.4,2476.7,291.0,-66.9,0.3,,,,
70.795,8,Atta_8,840.8,464.4,277.1,39.3,-2.8,,,,
70.795,9,Atta_9,157.4,1017.6,243.6,42.8,-0.6,,,,
70.795,10,Atta_10,183.9,1739.1,124.6,-18.8,-1.5,,,,
70.86,1,Atta_1,724.2,2437.7,17.8,-42.1,-0.1,,,,
70.86,2,Atta_2,275.6,886.7,14.5,-7.4,4.1,,,,
70.86,3,Atta_3,1786.6,1415.6,287.7,-38.2,-2.3,,,,
70.86,4,Atta_4,882.0,1887.0,161.1,-65.0,-3.4,,,,
70.86,5,Atta_5,2065.9,2256.1,270.0,-40.0,2.1,,,,
70.86,6,Atta_6,369.9,2611.2,337.8,-43.0,3.6,,,,
70.86,7,Atta_7,1355.5,2435.4,294.3,46.7,3.3,,,,
70.86,8,Atta_8,886.3,476.1,275.0,-47.0,-2.1,,,,
70.86,9,Atta_9,179.8,999.6,244.3,28.7,0.7,,,,
70.86,10,Atta_10,148.6,1720.1,125.5,40.1,0.9,,,,
70.926,1,Atta_1,739.1,2368.1,18.2,-71.2,0.4,,,,
70.926,2,Atta_2,334.0,884.0,10.7,58.5,-3.8,,,,
70.926,3,Atta_3,1778.9,1373.5,289.6,42.8,1.9,,,,
70.926,4,Atta_4,930.4,1919.8,163.5,-58.5,2.4,,,,
70.926,5,Atta_5,2119.6,2176.2,266.6,96.3,-3.4,,,,
70.926,6,Atta_6,408.6,2623.2,332.4,40.5,-5.4,,,,
70.926,7,Atta_7,1382.5,2469.0,292.5,-43.1,-1.8,,,,
70.926,8,Atta_8,876.3,460.2,277.4,18.8,2.4,,,,
70.926,9,Atta_9,221.3,978.4,243.0,46.6,-1.3,,,,
70.926,10,Atta_10,125.1,1770.1,125.4,55.2,-0.1,,,,
70.992,1,Atta_1,801.1,2426.3,20.8,85.0,2.6,,,,
70.992,2,Atta_2,263.5,869.3,14.2,-72.0,3.5,,,,
70.992,3,Atta_3,1743.6,1391.2,287.2,-39.5,-2.4,,,,
70.992,4,Atta_4,791.8,1874.1,164.6,145.9,1.1,,,,
70.992,5,Atta_5,2143.0,2253.0,265.2,-80.3,-1.4,,,,
70.992,6,Atta_6,438.2,2610.4,333.2,32.2,0.8,,,,
70.992,7,Atta_7,1344.0,2441.9,292.2,47.1,-0.3,,,,
70.992,8,Atta_8,834.5,500.0,274.6,-57.7,-2.8,,,,
70.992,9,Atta_9,183.5,1009.0,242.4,-48.6,-0.6,,,,
70.992,10,Atta_10,190.1,1799.2,124.3,-71.2,-1.1,,,,
71.113,1,Atta_1,785.9,2452.7,15.6,-30.5,-5.2,,,,
71.113,2,Atta_2,297.9,845.8,9.4,41.7,-4.8,,,,
71.113,3,Atta_3,1722.9,1404.4,289.0,-24.6,1.8,,,,
71.113,4,Atta_4,891.8,1953.8,167.1,-127.9,2.5,,,,
71.113,5,Atta_5,2075.2,2236.3,272.1,69.8,6.9,,,,
71.113,6,Atta_6,416.0,2621.9,331.5,-25.0,-1.7,,,,
71.113,7,Atta_7,1326.2,2464.5,294.4,-28.8,2.2,,,,
71.113,8,Atta_8,811.3,471.1,276.5,37.1,1.9,,,,
71.113,9,Atta_9,180.9,1029.6,242.1,-20.8,-0.3,,,,
71.113,10,Atta_10,250.7,1756.6,126.8,-74.1,2.5,,,,
71.165,1,Atta_1,806.6,2387.5,15.1,68.4,-0.5,,,,
71.165,2,Atta_2,277.0,850.9,13.3,-21.5,3.9,,,,
71.165,3,Atta_3,1719.9,1360.3,289.4,44.2,0.4,,,,
71.165,4,Atta_4,901.9,1947.7,165.1,-11.8,-2.0,,,,
71.165,5,Atta_5,2084.4,2189.8,268.2,47.4,-3.9,,,,
71.165,6,Atta_6,383.1,2572.6,332.6,-59.3,1.1,,,,
71.165,7,Atta_7,1370.9,2439.5,293.2,51.2,-1.2,,,,
71.165,8,Atta_8,865.3,538.1,278.2,-86.1,1.7,,,,
71.165,9,Atta_9,127.8,991.3,244.2,65.5,2.1,,,,
71.165,10,Atta_10,188.8,1749.9,123.9,62.3,-2.9,,,,
71.216,1,Atta_1,784.0,2329.0,17.8,-62.7,2.7,,,,
71.216,2,Atta_2,327.8,838.4,9.3,52.3,-4.0,,,,
71.216,3,Atta_3,1740.5,1337.1,288.7,31.0,-0.7,,,,
71.216,4,Atta_4,884.9,1944.7,166.4,17.3,1.3,,,,
71.216,5,Atta_5,2116.4,2243.7,265.1,-62.7,-3.1,,,,
71.216,6,Atta_6,425.4,2535.6,336.0,56.2,3.4,,,,
71.216,7,Atta_7,1387.4,2428.4,294.0,19.9,0.8,,,,
71.216,8,Atta_8,828.8,464.4,278.5,82.2,0.3,,,,
71.216,9,Atta_9,204.2,959.9,243.3,-82.6,-0.9,,,,
71.216,10,Atta_10,163.2,1723.0,128.1,-37.1,4.2,,,,
71.286,1,Atta_1,790.0,2458.1,19.9,129.2,2.1,,,,
71.286,2,Atta_2,301.3,838.4,10.8,-26.5,1.5,,,,
71.286,3,Atta_3,1760.7,1354.4,289.2,-26.6,0.5,,,,
71.286,4,Atta_4,893.4,1925.0,165.8,-21.5,-0.6,,,,
71.286,5,Atta_5,2144.5,2229.1,267.3,31.7,2.2,,,,
71.286,6,Atta_6,386.6,2675.3,332.5,-145.0,-3.5,,,,
71.286,7,Atta_7,1386.9,2446.0,290.5,-17.6,-3.5,,,,
71.286,8,Atta_8,852.8,524.3,277.6,-64.5,-0.9,,,,
71.286,9,Atta_9,114.5,974.6,243.6,90.9,0.3,,,,
71.286,10,Atta_10,162.1,1729.4,126.4,6.5,-1.7,,,,
71.342,1,Atta_1,755.6,2425.5,21.1,-47.4,1.2,,,,
71.342,2,Atta_2,259.0,879.5,8.1,-59.0,-2.7,,,,
71.342,3,Atta_3,1717.6,1369.8,286.2,-45.8,-3.0,,,,
71.342,4,Atta_4,859.7,1909.9,161.2,36.9,-4.6,,,,
71.342,5,Atta_5,2125.3,2229.6,267.0,19.2,-0.3,,,,
71.342,6,Atta_6,434.0,2619.0,336.5,73.6,4.0,,,,
71.342,7,Atta_7,1369.8,2449.5,291.3,-17.5,0.8,,,,
71.342,8,Atta_8,842.6,486.9,278.3,38.8,0.7,,,,
71.342,9,Atta_9,167.9,986.1,242.6,-54.6,-1.0,,,,
71.342,10,Atta_10,175.0,1742.9,128.0,18.7,1.6,,,,
71.411,1,Atta_1,713.6,2389.9,18.2,-55.1,-2.9,,,,
71.411,2,Atta_2,262.7,853.2,11.1,-26.6,3.0,,,,
71.411,3,Atta_3,1772.0,1314.5,290.0,77.6,3.8,,,,
71.411,4,Atta_4,880.5,1969.3,166.3,-62.9,5.1,,,,
71.411,5,Atta_5,2061.2,2217.4,267.0,65.3,0.0,,,,
71.411,6,Atta_6,381.4,2579.0,337.2,-66.1,0.7,,,,
71.411,7,Atta_7,1337.6,2485.1,290.4,-48.0,-0.9,,,,
71.411,8,Atta_8,877.4,507.4,274.7,-40.4,-3.6,,,,
71.411,9,Atta_9,178.3,949.8,246.7,37.8,4.1,,,,
71.411,10,Atta_10,194.1,1705.8,124.2,-41.7,-3.8,,,,
71.481,1,Atta_1,709.0,2396.0,16.6,-7.6,-1.6,,,,
71.481,2,Atta_2,342.9,870.8,10.4,82.1,-0.7,,,,
71.481,3,Atta_3,1727.8,1417.1,288.4,-111.7,-1.6,,,,
71.481,4,Atta_4,831.1,1889.5,161.9,93.9,-4.4,,,,
71.481,5,Atta_5,2106.3,2209.4,267.8,45.8,0.8,,,,
71.481,6,Atta_6,393.0,2644.7,335.9,-66.7,-1.3,,,,
71.481,7,Atta_7,1372.7,2456.1,289.3,45.5,-1.1,,,,
71.481,8,Atta_8,800.3,495.2,277.7,78.1,3.0,,,,
71.481,9,Atta_9,173.2,841.9,240.8,108.0,-5.9,,,,
71.481,10,Atta_10,130.1,1753.8,125.0,80.0,0.8,,,,
71.549,1,Atta_1,756.1,2375.7,18.0,51.3,1.4,,,,
71.549,2,Atta_2,323.3,845.6,10.8,-31.9,0.4,,,,
71.549,3,Atta_3,1778.8,1404.1,286.1,52.6,-2.3,,,,
71.549,4,Atta_4,888.9,1852.0,168.0,-68.9,6.1,,,,
71.549,5,Atta_5,2047.4,2204.5,265.3,59.1,-2.5,,,,
71.549,6,Atta_6,395.2,2608.7,336.3,36.1,0.4,,,,
71.549,7,Atta_7,1398.1,2427.7,290.2,38.1,0.9,,,,
71.549,8,Atta_8,823.4,428.8,277.5,70.3,-0.2,,,,
71.549,9,Atta_9,147.2,893.9,243.5,-58.1,2.7,,,,
71.549,10,Atta_10,196.5,1782.7,127.7,-72.4,2.7,,,,
71.615,1,Atta_1,787.7,2413.1,15.7,49.0,-2.3,,,,
71.615,2,Atta_2,339.4,864.3,11.0,24.7,0.2,,,,
71.615,3,Atta_3,1678.5,1343.6,287.7,117.1,1.6,,,,
71.615,4,Atta_4,851.5,1907.2,163.8,66.7,-4.2,,,,
71.615,5,Atta_5,2080.1,2174.6,269.1,44.3,3.8,,,,
71.615,6,Atta_6,451.1,2583.8,335.1,61.2,-1.2,,,,
71.615,7,Atta_7,1394.1,2428.9,295.0,-4.2,4.8,,,,
71.615,8,Atta_8,830.3,519.6,279.9,-91.1,2.4,,,,
71.615,9,Atta_9,139.5,913.3,245.0,-20.9,1.5,,,,
71.615,10,Atta_10,181.4,1748.3,127.1,-37.6,-0.6,,,,
71.685,1,Atta_1,776.6,2455.4,16.6,43.7,0.9,,,,
71.685,2,Atta_2,290.7,827.9,14.7,-60.8,3.7,,,,
71.685,3,Atta_3,1740.0,1352.2,288.3,62.1,0.6,,,,
71.685,4,Atta_4,911.5,1908.1,166.2,-60.0,2.4,,,,
71.685,5,Atta_5,2103.9,2286.0,267.1,-113.9,-2.0,,,,
71.685,6,Atta_6,414.8,2667.0,330.0,-90.8,-5.1,,,,
71.685,7,Atta_7,1384.1,2464.9,293.1,-37.4,-1.9,,,,
71.685,8,Atta_8,822.4,504.8,280.6,16.8,0.7,,,,
71.685,9,Atta_9,107.0,912.1,244.1,32.5,-0.9,,,,
71.685,10,Atta_10,148.7,1710.6,125.2,-49.9,-1.9,,,,
71.754,1,Atta_1,785.9,2400.8,16.3,-55.4,-0.3,,,,
71.754,2,Atta_2,317.3,865.3,6.6,45.9,-8.1,,,,
71.754,3,Atta_3,1726.2,1323.3,285.9,32.0,-2.4,,,,
71.754,4,Atta_4,830.3,1931.7,161.9,84.6,-4.3,,,,
71.754,5,Atta_5,2098.0,2284.8,267.2,6.0,0.1,,,,
71.754,6,Atta_6,412.9,2589.4,333.8,77.6,3.8,,,,
71.754,7,Atta_7,1361.1,2443.2,297.3,31.6,4.2,,,,
71.754,8,Atta_8,846.6,467.4,273.1,44.5,-7.5,,,,
71.754,9,Atta_9,179.0,923.0,245.1,-72.8,1.0,,,,
71.754,10,Atta_10,196.2,1705.3,128.2,-47.8,3.0,,,,
71.82,1,Atta_1,815.3,2461.0,18.9,67.0,2.6,,,,
71.82,2,Atta_2,313.4,855.7,8.8,-10.4,2.2,,,,
71.82,3,Atta_3,1733.8,1402.3,287.3,-79.4,1.4,,,,
71.82,4,Atta_4,874.9,1934.7,165.2,-44.7,3.3,,,,
71.82,5,Atta_5,2072.6,2203.6,264.1,85.1,-3.1,,,,
71.82,6,Atta_6,457.2,2629.3,333.6,59.6,-0.2,,,,
71.82,7,Atta_7,1345.8,2432.9,292.9,18.4,-4.4,,,,
71.82,8,Atta_8,809.3,483.1,282.8,-40.5,9.7,,,,
71.82,9,Atta_9,124.5,885.2,245.6,66.3,0.5,,,,
71.82,10,Atta_10,187.1,1722.6,125.3,19.5,-2.9,,,,
71.889,1,Atta_1,743.9,2380.2,16.5,-107.8,-2.4,,,,
71.889,2,Atta_2,312.3,830.0,11.0,-25.7,2.2,,,,
71.889,3,Atta_3,1716.4,1368.6,287.0,37.9,-0.3,,,,
71.889,4,Atta_4,897.5,1881.9,161.2,-57.4,-4.0,,,,
71.889,5,Atta_5,2102.6,2228.5,263.1,-39.0,-1.0,,,,
71.889,6,Atta_6,383.0,2595.8,339.3,-81.4,5.7,,,,
71.889,7,Atta_7,1344.0,2464.8,291.5,-32.0,-1.4,,,,
71.889,8,Atta_8,785.5,470.1,279.5,27.1,-3.3,,,,
71.889,9,Atta_9,128.7,910.8,244.0,-25.9,-1.6,,,,
71.889,10,Atta_10,178.3,1776.1,125.0,54.2,-0.3,,,,
71.957,1,Atta_1,751.0,2419.8,15.7,40.2,-0.8,,,,
71.957,2,Atta_2,266.6,879.1,12.6,-67.1,1.6,,,,
71.957,3,Atta_3,1711.3,1367.6,285.4,-5.2,-1.6,,,,
71.957,4,Atta_4,889.5,1956.3,161.7,74.8,0.5,,,,
71.957,5,Atta_5,2128.7,2193.9,268.5,43.3,5.4,,,,
71.957,6,Atta_6,370.9,2683.9,334.7,-88.9,-4.6,,,,
71.957,7,Atta_7,1357.6,2480.1,293.0,-20.5,1.5,,,,
71.957,8,Atta_8,879.3,448.9,277.2,96.2,-2.3,,,,
71.957,9,Atta_9,140.5,932.7,243.3,-24.9,-0.7,,,,
71.957,10,Atta_10,152.1,1772.7,127.5,26.4,2.5,,,,
72.094,1,Atta_1,733.5,2441.8,14.7,-28.1,-1.0,,,,
72.094,2,Atta_2,285.3,815.6,13.0,66.2,0.4,,,,
72.094,3,Atta_3,1788.6,1346.8,287.9,80.0,2.5,,,,
72.094,4,Atta_4,862.5,1935.1,162.8,34.3,1.1,,,,
72.094,5,Atta_5,1996.4,2202.1,264.8,-132.6,-3.7,,,,
72.094,6,Atta_6,410.2,2660.9,330.0,45.5,-4.7,,,,
72.094,7,Atta_7,1327.6,2464.1,294.3,34.0,1.3,,,,
72.094,8,Atta_8,811.7,447.3,278.6,-67.6,1.4,,,,
72.094,9,Atta_9,137.1,929.3,243.1,4.8,-0.2,,,,
72.094,10,Atta_10,221.7,1698.8,126.5,-101.5,-1.0,,,,
72.16,1,Atta_1,719.4,2430.3,18.4,-18.2,3.7,,,,
72.16,2,Atta_2,250.0,899.3,11.7,-90.8,-1.3,,,,
72.16,3,Atta_3,1725.8,1383.2,288.2,-72.6,0.3,,,,
72.16,4,Atta_4,874.5,1912.7,159.8,-25.4,-3.0,,,,
72.16,5,Atta_5,2094.8,2221.0,269.9,-100.2,5.1,,,,
72.16,6,Atta_6,422.7,2645.8,338.1,19.6,8.1,,,,
72.16,7,Atta_7,1382.9,2434.0,290.0,63.0,-4.3,,,,
72.16,8,Atta_8,842.9,492.2,276.8,-54.7,-1.8,,,,
72.16,9,Atta_9,95.0,931.8,243.9,42.2,0.8,,,,
72.16,10,Atta_10,167.3,1757.4,126.9,80.0,0.4,,,,
72.228,1,Atta_1,739.5,2410.7,18.7,28.1,0.3,,,,
72.228,2,Atta_2,314.7,844.3,11.0,84.9,-0.7,,,,
72.228,3,Atta_3,1720.2,1367.9,285.6,16.3,-2.6,,,,
72.228,4,Atta_4,829.5,1902.4,166.0,46.2,6.2,,,,
72.228,5,Atta_5,2140.3,2213.0,267.1,46.2,-2.8,,,,
72.228,6,Atta_6,437.8,2564.7,334.3,82.5,-3.8,,,,
72.228,7,Atta_7,1377.0,2506.7,291.3,-72.9,1.3,,,,
72.228,8,Atta_8,862.2,450.8,275.8,45.7,-1.0,,,,
72.228,9,Atta_9,124.5,974.1,243.2,-51.6,-0.7,,,,
72.228,10,Atta_10,194.4,1799.4,122.5,50.0,-4.4,,,,
72.296,1,Atta_1,752.4,2421.0,18.4,16.5,-0.3,,,,
72.296,2,Atta_2,263.7,871.1,13.1,-57.6,2.1,,,,
72.296,3,Atta_3,1780.5,1397.9,289.4,-67.4,3.8,,,,
72.296,4,Atta_4,840.7,1918.4,161.4,-19.5,-4.6,,,,
72.296,5,Atta_5,2175.9,2265.3,265.1,-63.3,-2.0,,,,
72.296,6,Atta_6,389.4,2650.4,334.1,-98.4,-0.2,,,,
72.296,7,Atta_7,1368.1,2405.3,289.8,101.8,-1.5,,,,
72.296,8,Atta_8,834.0,448.4,275.1,-28.3,-0.7,,,,
72.296,9,Atta_9,147.0,938.0,245.5,42.5,2.3,,,,
72.296,10,Atta_10,158.3,1707.1,127.1,-99.1,4.6,,,,
72.361,1,Atta_1,763.8,2397.3,19.1,26.3,0.7,,,,
72.361,2,Atta_2,318.2,783.9,10.3,102.8,-2.8,,,,
72.361,3,Atta_3,1696.8,1361.2,288.0,91.4,-1.4,,,,
72.361,4,Atta_4,827.3,1891.6,165.4,30.0,4.0,,,,
72.361,5,Atta_5,2100.2,2250.4,267.7,77.2,2.6,,,,
72.361,6,Atta_6,401.8,2602.5,333.0,49.5,-1.1,,,,
72.361,7,Atta_7,1351.8,2405.7,290.5,-16.3,0.7,,,,
72.361,8,Atta_8,811.1,471.5,279.8,-32.5,4.7,,,,
72.361,9,Atta_9,75.4,969.1,243.6,78.1,-1.9,,,,
72.361,10,Atta_10,227.8,1751.9,125.2,-82.7,-1.9,,,,
72.427,1,Atta_1,723.5,2440.2,18.1,-58.9,-1.0,,,,
72.427,2,Atta_2,330.3,852.3,8.1,69.5,-2.2,,,,
72.427,3,Atta_3,1746.7,1384.0,290.2,-54.9,2.2,,,,
72.427,4,Atta_4,859.3,1891.4,164.0,-32.0,-1.4,,,,
72.427,5,Atta_5,2105.3,2222.7,268.5,28.2,0.8,,,,
72.427,6,Atta_6,428.3,2577.9,334.1,36.2,1.1,,,,
72.427,7,Atta_7,1365.9,2444.1,290.8,-40.9,0.3,,,,
72.427,8,Atta_8,841.1,492.7,279.0,-36.7,-0.8,,,,
72.427,9,Atta_9,128.3,889.1,243.9,95.9,0.3,,,,
72.427,10,Atta_10,115.1,1771.2,123.7,114.3,-1.5,,,,
72.493,1,Atta_1,784.1,2374.2,17.8,89.6,-0.3,,,,
72.493,2,Atta_2,284.1,878.1,12.4,-52.9,4.3,,,,
72.493,3,Atta_3,1716.8,1324.3,289.5,66.8,-0.7,,,,
72.493,4,Atta_4,880.7,1913.1,166.1,-30.5,2.1,,,,
72.493,5,Atta_5,2071.9,2220.8,268.7,33.5,0.2,,,,
72.493,6,Atta_6,344.3,2593.1,336.7,-85.4,2.6,,,,
72.493,7,Atta_7,1321.5,2446.6,296.3,-44.5,5.5,,,,
72.493,8,Atta_8,846.5,489.3,278.3,6.4,-0.7,,,,
72.493,9,Atta_9,139.5,910.6,243.2,-24.2,-0.7,,,,
72.493,10,Atta_10,166.6,1785.8,128.7,-53.5,5.0,,,,
72.626,1,Atta_1,787.4,2448.9,15.3,74.8,-2.5,,,,
72.626,2,Atta_2,315.1,812.1,13.0,72.9,0.6,,,,
72.626,3,Atta_3,1789.8,1370.0,288.2,-86.1,-1.3,,,,
72.626,4,Atta_4,850.0,1880.6,165.7,44.7,-0.4,,,,
72.626,5,Atta_5,2155.1,2216.8,270.5,83.3,1.8,,,,
72.626,6,Atta_6,412.4,2599.1,332.2,68.4,-4.5,,,,
72.626,7,Atta_7,1371.2,2457.3,290.4,50.8,-5.9,,,,
72.626,8,Atta_8,836.8,490.7,279.0,-9.8,0.7,,,,
72.626,9,Atta_9,114.5,869.1,243.6,48.4,0.4,,,,
72.626,10,Atta_10,176.9,1748.1,124.6,-39.1,-4.1,,,,
72.688,1,Atta_1,801.9,2462.4,20.8,19.8,5.5,,,,
72.688,2,Atta_2,267.4,864.3,7.9,-70.7,-5.1,,,,
72.688,3,Atta_3,1708.5,1336.9,291.5,87.8,3.3,,,,
72.688,4,Atta_4,833.4,1912.2,161.9,35.7,-3.8,,,,
72.688,5,Atta_5,2103.7,2188.8,267.8,58.5,-2.7,,,,
72.688,6,Atta_6,423.7,2615.8,333.4,20.2,1.2,,,,
72.688,7,Atta_7,1400.1,2447.0,288.2,30.7,-2.2,,,,
72.688,8,Atta_8,819.6,497.7,276.3,-18.6,-2.7,,,,
72.688,9,Atta_9,132.6,938.6,240.2,-71.8,-3.4,,,,
72.688,10,Atta_10,184.3,1726.6,124.1,-22.7,-0.5,,,,
72.758,1,Atta_1,861.1,2456.1,20.6,59.5,-0.2,,,,
72.758,2,Atta_2,283.0,800.7,12.9,65.5,5.0,,,,
72.758,3,Atta_3,1701.2,1384.4,287.5,-48.1,-4.0,,,,
72.758,4,Atta_4,852.5,1905.4,164.6,-20.3,2.7,,,,
72.758,5,Atta_5,2110.8,2189.5,267.5,-7.1,-0.3,,,,
72.758,6,Atta_6,425.4,2647.3,331.3,-31.5,-2.1,,,,
72.758,7,Atta_7,1338.5,2408.4,292.1,72.7,3.9,,,,
72.758,8,Atta_8,785.6,485.2,276.5,36.2,0.2,,,,
72.758,9,Atta_9,163.8,937.3,242.1,-31.2,1.9,,,,
72.758,10,Atta_10,198.9,1704.9,121.4,-26.2,-2.7,,,,
72.824,1,Atta_1,760.8,2414.1,16.6,-108.7,-4.0,,,,
72.824,2,Atta_2,296.3,863.2,7.9,63.9,-5.0,,,,
72.824,3,Atta_3,1733.8,1346.4,286.7,50.1,-0.8,,,,
72.824,4,Atta_4,865.2,1905.1,163.9,-12.7,-0.7,,,,
72.824,5,Atta_5,2100.8,2240.2,266.8,-51.7,-0.7,,,,
72.824,6,Atta_6,463.5,2579.3,334.4,77.9,3.1,,,,
72.824,7,Atta_7,1369.6,2445.5,290.3,-48.4,-1.8,,,,
72.824,8,Atta_8,836.6,544.8,277.1,-78.4,0.6,,,,
72.824,9,Atta_9,175.2,896.1,243.7,42.7,1.6,,,,
72.824,10,Atta_10,182.7,1761.9,123.2,59.3,1.8,,,,
72.943,1,Atta_1,796.9,2347.9,17.9,75.4,1.3,,,,
72.943,2,Atta_2,273.1,870.1,8.3,-24.2,0.4,,,,
72.943,3,Atta_3,1673.1,1342.8,292.2,-60.8,5.5,,,,
72.943,4,Atta_4,879.7,1877.6,161.5,-31.1,-2.4,,,,
72.943,5,Atta_5,2119.2,2196.1,272.2,47.8,5.4,,,,
72.943,6,Atta_6,449.2,2592.0,336.0,-19.1,1.6,,,,
72.943,7,Atta_7,1337.8,2458.6,294.1,-34.4,3.8,,,,
72.943,8,Atta_8,804.6,444.4,280.8,105.4,3.7,,,,
72.943,9,Atta_9,177.9,870.7,245.6,25.5,1.9,,,,
72.943,10,Atta_10,165.3,1769.7,123.8,19.1,0.6,,,,
73.013,1,Atta_1,782.3,2365.0,7.8,-22.5,-10.1,,,,
73.013,2,Atta_2,327.9,802.0,2.9,87.4,-5.4,,,,
73.013,3,Atta_3,1795.3,1343.7,295.3,122.2,3.1,,,,
73.013,4,Atta_4,890.8,1929.2,155.6,52.8,-5.9,,,,
73.013,5,Atta_5,2144.5,2243.0,273.9,-53.3,1.7,,,,
73.013,6,Atta_6,394.9,2677.9,342.8,-101.6,6.8,,,,
73.013,7,Atta_7,1374.5,2422.3,299.8,51.6,5.7,,,,
73.013,8,Atta_8,815.9,514.9,287.3,-71.4,6.5,,,,
73.013,9,Atta_9,131.1,898.5,254.8,-54.4,9.2,,,,
73.013,10,Atta_10,185.1,1699.4,117.4,-73.0,-6.4,,,,
73.079,1,Atta_1,793.5,2449.5,4.0,85.2,-3.8,,,,
73.079,2,Atta_2,267.1,829.7,359.1,-66.8,-3.8,,,,
73.079,3,Atta_3,1707.6,1343.1,299.4,-87.7,4.1,,,,
73.079,4,Atta_4,815.5,1816.9,147.8,135.2,-7.8,,,,
73.079,5,Atta_5,2126.1,2238.6,278.9,18.9,5.0,,,,
73.079,6,Atta_6,425.5,2604.1,343.0,79.9,0.2,,,,
73.079,7,Atta_7,1418.3,2482.7,304.0,-74.6,4.2,,,,
73.079,8,Atta_8,804.5,456.5,293.1,59.5,5.8,,,,
73.079,9,Atta_9,124.1,865.1,256.6,34.1,1.8,,,,
73.079,10,Atta_10,128.1,1685.1,116.1,58.8,-1.3,,,,
73.146,1,Atta_1,742.2,2402.1,3.8,-69.8,-0.2,,,,
73.146,2,Atta_2,324.2,855.5,359.3,62.7,0.2,,,,
73.146,3,Atta_3,1762.8,1349.0,304.4,55.5,5.0,,,,
73.146,4,Atta_4,843.6,1933.6,149.2,120.0,1.4,,,,
73.146,5,Atta_5,2120.1,2228.9,284.2,11.4,5.3,,,,
73.146,6,Atta_6,424.0,2641.6,350.6,-37.5,7.6,,,,
73.146,7,Atta_7,1356.0,2437.3,312.8,77.1,8.8,,,,
73.146,8,Atta_8,799.4,521.3,292.9,-65.0,-0.2,,,,
73.146,9,Atta_9,144.5,914.7,262.8,-53.6,6.2,,,,
73.146,10,Atta_10,124.8,1769.5,109.6,84.5,-6.5,,,,
73.217,1,Atta_1,752.8,2434.6,358.7,34.2,-5.1,,,,
73.217,2,Atta_2,309.6,862.5,357.4,-16.2,-1.9,,,,
73.217,3,Atta_3,1761.6,1380.2,311.1,-31.2,6.7,,,,
73.217,4,Atta_4,872.6,1918.5,138.3,-32.7,-10.9,,,,
73.217,5,Atta_5,2172.0,2211.8,290.9,54.6,6.7,,,,
73.217,6,Atta_6,407.1,2579.3,351.5,-64.6,0.9,,,,
73.217,7,Atta_7,1345.7,2433.7,314.4,-10.9,1.6,,,,
73.217,8,Atta_8,840.3,489.1,300.0,52.1,7.1,,,,
73.217,9,Atta_9,70.1,906.8,269.5,74.8,6.7,,,,
73.217,10,Atta_10,173.7,1753.9,103.4,-51.3,-6.2,,,,
73.286,1,Atta_1,779.4,2452.6,354.6,32.1,-4.1,,,,
73.286,2,Atta_2,232.3,792.4,356.7,-104.4,-0.7,,,,
73.286,3,Atta_3,1698.4,1383.2,313.0,-63.3,1.9,,,,
73.286,4,Atta_4,871.5,1907.9,140.8,-10.7,2.5,,,,
73.286,5,Atta_5,2109.1,2232.4,290.5,-66.2,-0.4,,,,
73.286,6,Atta_6,445.4,2607.7,351.3,47.7,-0.2,,,,
73.286,7,Atta_7,1313.8,2437.6,316.8,-32.1,2.4,,,,
73.286,8,Atta_8,875.9,534.9,301.9,-58.0,1.9,,,,
73.286,9,Atta_9,99.1,922.4,270.1,-32.9,0.6,,,,
73.286,10,Atta_10,208.3,1784.6,99.0,46.3,-4.4,,,,
73.355,1,Atta_1,750.7,2338.6,350.9,-117.6,-3.7,,,,
73.355,2,Atta_2,281.8,900.1,358.1,118.5,1.4,,,,
73.355,3,Atta_3,1696.7,1358.4,318.9,24.9,5.9,,,,
73.355,4,Atta_4,848.9,1884.8,132.3,32.3,-8.5,,,,
73.355,5,Atta_5,2137.4,2222.1,301.7,30.1,11.2,,,,
73.355,6,Atta_6,341.4,2604.4,351.2,-104.1,-0.1,,,,
73.355,7,Atta_7,1321.5,2459.8,321.5,-23.5,4.7,,,,
73.355,8,Atta_8,832.2,434.8,302.8,109.2,0.9,,,,
73.355,9,Atta_9,102.8,928.1,275.7,-6.8,5.6,,,,
73.355,10,Atta_10,202.1,1780.6,95.6,-7.4,-3.4,,,,
73.423,1,Atta_1,732.2,2465.4,346.7,-128.1,-4.2,,,,
73.423,2,Atta_2,342.1,868.3,356.3,68.2,-1.8,,,,
73.423,3,Atta_3,1710.7,1329.6,322.5,32.0,3.6,,,,
73.423,4,Atta_4,908.2,1928.7,132.1,-73.8,-0.2,,,,
73.423,5,Atta_5,2136.8,2245.3,304.3,-23.2,2.6,,,,
73.423,6,Atta_6,401.9,2589.5,351.9,62.3,0.7,,,,
73.423,7,Atta_7,1385.4,2438.6,326.9,67.3,5.4,,,,
73.423,8,Atta_8,858.4,463.1,312.4,-38.6,9.6,,,,
73.423,9,Atta_9,45.0,934.5,275.9,-58.2,0.2,,,,
73.423,10,Atta_10,144.6,1769.3,91.4,-58.6,-4.2,,,,
73.49,1,Atta_1,749.7,2426.9,341.2,42.3,-5.5,,,,
73.49,2,Atta_2,292.3,840.9,358.6,-56.8,2.3,,,,
73.49,3,Atta_3,1800.4,1374.5,325.1,100.3,2.6,,,,
73.49,4,Atta_4,782.2,1909.5,126.5,127.5,-5.6,,,,
73.49,5,Atta_5,2138.2,2249.7,308.0,-4.6,3.7,,,,
73.49,6,Atta_6,432.0,2619.1,348.3,42.2,-3.6,,,,
73.49,7,Atta_7,1349.7,2426.7,332.6,-37.6,5.7,,,,
73.49,8,Atta_8,857.4,511.0,314.4,-47.9,2.0,,,,
73.49,9,Atta_9,112.9,920.3,287.2,69.4,11.3,,,,
73.49,10,Atta_10,196.7,1747.9,85.7,-56.3,-5.7,,,,
73.558,1,Atta_1,772.2,2373.0,337.7,58.4,-3.5,,,,
73.558,2,Atta_2,359.6,863.7,0.2,71.1,1.6,,,,
73.558,3,Atta_3,1768.9,1372.0,331.6,-31.6,6.5,,,,
73.558,4,Atta_4,890.5,1934.1,118.8,-111.1,-7.7,,,,
73.558,5,Atta_5,2154.8,2204.2,314.3,48.4,6.3,,,,
73.558,6,Atta_6,409.4,2725.5,350.1,-108.8,1.8,,,,
73.558,7,Atta_7,1331.2,2504.5,336.2,-80.0,3.6,,,,
73.558,8,Atta_8,803.5,525.4,321.6,-55.8,7.2,,,,
73.558,9,Atta_9,157.1,910.4,289.1,45.3,1.9,,,,
73.558,10,Atta_10,162.0,1698.2,81.5,-60.6,-4.2,,,,
73.627,1,Atta_1,728.6,2427.9,331.1,-70.1,-6.6,,,,
73.627,2,Atta_2,320.3,831.9,359.6,-50.6,-0.6,,,,
73.627,3,Atta_3,1781.7,1378.4,334.6,14.3,3.0,,,,
73.627,4,Atta_4,894.2,1887.1,114.0,-47.1,-4.8,,,,
73.627,5,Atta_5,2070.5,2175.0,317.6,-89.2,3.3,,,,
73.627,6,Atta_6,484.6,2630.2,349.8,121.4,-0.3,,,,
73.627,7,Atta_7,1377.0,2516.2,333.2,47.3,-3.0,,,,
73.627,8,Atta_8,814.5,472.0,326.6,54.5,5.0,,,,
73.627,9,Atta_9,71.5,895.2,291.1,-86.9,2.0,,,,
73.627,10,Atta_10,182.8,1661.3,76.6,-42.4,-4.9,,,,
73.696,1,Atta_1,787.8,2422.8,332.5,59.4,1.4,,,,
73.696,2,Atta_2,365.3,885.4,357.0,69.9,-2.6,,,,
73.696,3,Atta_3,1718.1,1356.2,336.8,-67.4,2.2,,,,
73.696,4,Atta_4,826.6,1894.9,115.3,68.0,1.3,,,,
73.696,5,Atta_5,2085.2,2224.6,318.8,-51.7,1.2,,,,
73.696,6,Atta_6,456.5,2632.3,351.3,-28.2,1.5,,,,
73.696,7,Atta_7,1368.1,2458.0,333.6,58.9,0.4,,,,
73.696,8,Atta_8,838.2,496.1,330.1,33.8,3.5,,,,
73.696,9,Atta_9,104.7,886.9,298.7,34.2,7.6,,,,
73.696,10,Atta_10,118.8,1745.0,71.8,105.4,-4.8,,,,
73.767,1,Atta_1,750.9,2370.6,333.4,-63.9,0.9,,,,
73.767,2,Atta_2,402.0,822.5,357.3,72.8,0.3,,,,
73.767,3,Atta_3,1735.7,1351.3,332.9,18.3,-3.9,,,,
73.767,4,Atta_4,818.2,1895.0,105.2,8.4,-10.1,,,,
73.767,5,Atta_5,2139.4,2217.1,328.7,54.7,9.9,,,,
73.767,6,Atta_6,438.9,2609.1,350.7,-29.1,-0.6,,,,
73.767,7,Atta_7,1330.7,2479.0,334.2,-42.9,0.6,,,,
73.767,8,Atta_8,837.9,502.5,335.3,-6.4,5.2,,,,
73.767,9,Atta_9,132.0,892.6,306.4,27.9,7.7,,,,
73.767,10,Atta_10,159.0,1697.1,65.9,-62.5,-5.9,,,,
73.831,1,Atta_1,704.6,2419.1,331.7,-67.1,-1.7,,,,
73.831,2,Atta_2,345.5,804.1,359.5,-59.4,2.2,,,,
73.831,3,Atta_3,1722.9,1348.2,332.7,-13.2,-0.2,,,,
73.831,4,Atta_4,896.7,1884.4,106.6,-79.2,1.4,,,,
73.831,5,Atta_5,2120.0,2237.4,325.8,-28.1,-2.9,,,,
73.831,6,Atta_6,434.9,2633.3,349.6,-24.5,-1.1,,,,
73.831,7,Atta_7,1375.5,2461.7,334.3,48.0,0.1,,,,
73.831,8,Atta_8,801.3,478.5,340.5,-43.8,5.2,,,,
73.831,9,Atta_9,135.6,880.0,305.2,13.1,-1.2,,,,
73.831,10,Atta_10,166.7,1808.1,65.0,111.3,-0.9,,,,
73.901,1,Atta_1,757.5,2455.2,332.1,64.0,0.4,,,,
73.901,2,Atta_2,344.8,832.1,358.4,-28.0,-1.1,,,,
73.901,3,Atta_3,1716.2,1348.0,332.6,-6.7,-0.1,,,,
73.901,4,Atta_4,903.2,1861.7,97.3,-23.6,-9.3,,,,
73.901,5,Atta_5,2108.1,2204.0,330.8,35.5,5.0,,,,
73.901,6,Atta_6,449.3,2604.6,352.6,32.1,3.0,,,,
73.901,7,Atta_7,1325.5,2450.7,333.9,-51.2,-0.4,,,,
73.901,8,Atta_8,840.6,396.1,345.4,91.3,4.9,,,,
73.901,9,Atta_9,159.3,935.4,310.8,-60.3,5.6,,,,
73.901,10,Atta_10,171.4,1755.1,59.1,-53.2,-5.9,,,,
73.972,1,Atta_1,722.0,2389.8,331.5,-74.4,-0.6,,,,
73.972,2,Atta_2,431.9,821.0,359.6,87.8,1.2,,,,
73.972,3,Atta_3,1738.7,1402.2,335.2,-58.7,2.6,,,,
73.972,4,Atta_4,836.8,1912.4,92.7,83.5,-4.6,,,,
73.972,5,Atta_5,2156.3,2205.0,335.0,48.2,4.2,,,,
73.972,6,Atta_6,435.6,2608.6,349.9,-14.3,-2.7,,,,
73.972,7,Atta_7,1442.3,2438.3,334.1,117.5,0.2,,,,
73.972,8,Atta_8,812.6,487.9,347.5,-96.0,2.1,,,,
73.972,9,Atta_9,117.3,918.8,311.1,-45.2,0.3,,,,
73.972,10,Atta_10,212.1,1722.1,53.3,-52.4,-5.8,,,,
74.04,1,Atta_1,728.8,2403.5,330.9,-15.3,-0.6,,,,
74.04,2,Atta_2,416.9,863.8,355.8,-45.4,-3.8,,,,
74.04,3,Atta_3,1761.2,1397.8,332.6,22.9,-2.6,,,,
74.04,4,Atta_4,887.1,1868.9,85.9,-66.5,-6.8,,,,
74.04,5,Atta_5,2181.4,2217.1,341.1,27.9,6.1,,,,
74.04,6,Atta_6,450.9,2588.8,350.8,25.0,0.9,,,,
74.04,7,Atta_7,1386.4,2452.1,331.4,-57.6,-2.7,,,,
74.04,8,Atta_8,856.1,488.6,353.9,43.5,6.4,,,,
74.04,9,Atta_9,169.5,907.0,320.7,53.5,9.6,,,,
74.04,10,Atta_10,182.3,1769.6,52.2,56.1,-1.1,,,,
74.107,1,Atta_1,749.9,2364.0,332.4,44.8,1.5,,,,
74.107,2,Atta_2,388.1,793.0,358.4,-76.4,2.6,,,,
74.107,3,Atta_3,1761.9,1327.0,332.0,70.8,-0.6,,,,
74.107,4,Atta_4,900.9,1897.8,86.4,32.0,0.5,,,,
74.107,5,Atta_5,2091.9,2185.9,346.9,-94.8,5.8,,,,
74.107,6,Atta_6,487.6,2639.4,350.8,62.5,0.0,,,,
74.107,7,Atta_7,1415.3,2394.4,332.9,64.5,1.5,,,,
74.107,8,Atta_8,799.6,463.2,356.2,-61.9,2.3,,,,
74.107,9,Atta_9,117.0,899.1,324.5,-53.1,3.8,,,,
74.107,10,Atta_10,135.9,1741.7,45.2,-54.1,-7.0,,,,
74.175,1,Atta_1,831.3,2438.2,332.0,110.1,-0.4,,,,
74.175,2,Atta_2,390.0,854.9,357.0,61.9,-1.4,,,,
74.175,3,Atta_3,1752.6,1367.1,333.3,-41.2,1.3,,,,
74.175,4,Atta_4,905.2,1909.8,78.6,12.7,-7.8,,,,
74.175,5,Atta_5,2128.0,2235.9,346.1,61.7,-0.8,,,,
74.175,6,Atta_6,534.1,2560.1,348.3,91.9,-2.5,,,,
74.175,7,Atta_7,1364.5,2408.8,336.2,-52.8,3.3,,,,
74.175,8,Atta_8,832.7,503.9,3.8,52.5,7.6,,,,
74.175,9,Atta_9,111.3,910.7,328.3,-12.9,3.8,,,,
74.175,10,Atta_10,143.5,1748.9,43.0,10.5,-2.2,,,,
74.245,1,Atta_1,798.3,2395.8,331.4,-53.7,-0.6,,,,
74.245,2,Atta_2,488.0,855.3,358.9,98.0,1.9,,,,
74.245,3,Atta_3,1779.2,1346.4,331.1,33.7,-2.2,,,,
74.245,4,Atta_4,842.5,1902.7,76.3,-63.1,-2.3,,,,
74.245,5,Atta_5,2069.5,2213.9,342.0,-62.5,-4.1,,,,
74.245,6,Atta_6,496.8,2567.3,349.0,-38.0,0.7,,,,
74.245,7,Atta_7,1418.3,2416.9,333.7,54.4,-2.5,,,,
74.245,8,Atta_8,808.7,515.4,358.5,-26.6,-5.3,,,,
74.245,9,Atta_9,68.0,926.8,334.3,-46.2,6.0,,,,
74.245,10,Atta_10,137.6,1729.0,36.2,-20.8,-6.8,,,,
74.316,1,Atta_1,799.4,2430.9,333.7,-35.1,2.3,,,,
74.316,2,Atta_2,450.4,835.5,2.3,-42.5,3.4,,,,
74.316,3,Atta_3,1747.6,1262.7,333.3,89.5,2.2,,,,
74.316,4,Atta_4,883.0,1901.6,69.7,40.5,-6.6,,,,
74.316,5,Atta_5,2132.8,2235.9,348.7,67.0,6.7,,,,
74.316,6,Atta_6,456.6,2608.0,352.8,-57.2,3.8,,,,
74.316,7,Atta_7,1429.7,2441.8,331.4,-27.4,-2.3,,,,
74.316,8,Atta_8,830.8,454.9,1.7,64.4,3.2,,,,
74.316,9,Atta_9,85.9,918.2,338.9,19.9,4.6,,,,
74.316,10,Atta_10,121.0,1745.6,32.5,-23.5,-3.7,,,,
74.385,1,Atta_1,774.7,2400.5,328.6,-39.2,-5.1,,,,
74.385,2,Atta_2,487.1,868.3,359.6,49.2,-2.7,,,,
74.385,3,Atta_3,1808.5,1350.4,334.1,106.8,0.8,,,,
74.385,4,Atta_4,899.9,1941.7,66.1,43.5,-3.6,,,,
74.385,5,Atta_5,2115.4,2226.5,347.7,-19.8,-1.0,,,,
74.385,6,Atta_6,522.2,2566.2,349.5,77.8,-3.3,,,,
74.385,7,Atta_7,1447.6,2363.5,330.6,80.3,-0.8,,,,
74.385,8,Atta_8,840.5,493.9,359.7,40.2,-2.0,,,,
74.385,9,Atta_9,56.1,908.2,337.9,-31.4,-1.0,,,,
74.385,10,Atta_10,136.9,1736.6,29.3,18.3,-3.2,,,,
74.451,1,Atta_1,881.7,2414.4,330.3,107.9,1.7,,,,
74.451,2,Atta_2,482.0,853.8,356.4,-15.4,-3.2,,,,
74.451,3,Atta_3,1832.1,1333.1,336.2,29.3,2.1,,,,
74.451,4,Atta_4,892.8,1873.6,63.1,-68.5,-3.0,,,,
74.451,5,Atta_5,2162.0,2189.8,348.2,59.3,0.5,,,,
74.451,6,Atta_6,484.7,2609.0,353.3,-56.9,3.8,,,,
74.451,7,Atta_7,1467.0,2404.7,335.0,-45.5,4.4,,,,
74.451,8,Atta_8,784.2,496.9,359.6,-56.4,-0.1,,,,
74.451,9,Atta_9,127.3,891.3,346.8,73.2,8.9,,,,
74.451,10,Atta_10,162.7,1724.5,22.6,28.5,-6.7,,,,
74.517,1,Atta_1,881.0,2357.8,329.9,56.6,-0.4,,,,
74.517,2,Atta_2,526.3,846.5,357.0,44.9,0.6,,,,
74.517,3,Atta_3,1850.8,1327.3,335.4,19.6,-0.8,,,,
74.517,4,Atta_4,854.9,1897.0,55.4,44.5,-7.7,,,,
74.517,5,Atta_5,2146.6,2200.1,346.0,-18.5,-2.2,,,,
74.517,6,Atta_6,619.2,2593.5,349.6,135.4,-3.7,,,,
74.517,7,Atta_7,1433.5,2398.6,333.5,-34.1,-1.5,,,,
74.517,8,Atta_8,798.0,468.6,1.7,31.5,2.1,,,,
74.517,9,Atta_9,121.4,905.0,348.6,-14.9,1.8,,,,
74.517,10,Atta_10,165.1,1703.6,18.4,-21.0,-4.2,,,,
74.584,1,Atta_1,885.2,2382.8,332.6,-25.4,2.7,,,,
74.584,2,Atta_2,570.5,853.2,359.0,44.7,2.0,,,,
74.584,3,Atta_3,1816.1,1350.0,336.6,-41.5,1.2,,,,
74.584,4,Atta_4,883.9,1914.6,54.3,33.9,-1.1,,,,
74.584,5,Atta_5,2157.1,2205.9,344.2,12.0,-1.8,,,,
74.584,6,Atta_6,554.8,2621.5,347.3,-70.2,-2.3,,,,
74.584,7,Atta_7,1531.5,2368.5,332.4,102.5,-1.1,,,,
74.584,8,Atta_8,892.9,502.2,1.8,100.7,0.1,,,,
74.584,9,Atta_9,123.1,909.7,356.8,5.0,8.2,,,,
74.584,10,Atta_10,202.7,1688.1,14.9,40.7,-3.5,,,,
74.639,1,Atta_1,826.5,2347.4,331.6,-68.5,-1.0,,,,
74.639,2,Atta_2,519.1,810.4,357.7,-66.9,-1.3,,,,
74.639,3,Atta_3,1865.7,1289.3,333.3,78.4,-3.3,,,,
74.639,4,Atta_4,884.0,1919.7,44.3,5.1,-10.0,,,,
74.639,5,Atta_5,2131.0,2244.1,345.1,-46.3,0.9,,,,
74.639,6,Atta_6,611.0,2595.4,350.0,62.0,2.7,,,,
74.639,7,Atta_7,1531.1,2390.4,336.4,-21.9,4.0,,,,
74.639,8,Atta_8,900.3,488.5,1.9,15.6,0.1,,,,
74.639,9,Atta_9,161.0,920.4,3.1,39.4,6.3,,,,
74.639,10,Atta_10,133.9,1714.4,8.2,-73.7,-6.7,,,,
74.71,1,Atta_1,899.9,2334.2,332.0,74.6,0.4,,,,
74.71,2,Atta_2,542.0,814.5,353.8,23.3,-3.9,,,,
74.71,3,Atta_3,1880.5,1311.1,334.3,26.3,1.0,,,,
74.71,4,Atta_4,840.1,1919.1,45.7,-43.9,1.4,,,,
74.71,5,Atta_5,2120.9,2192.6,344.0,52.5,-1.1,,,,
74.71,6,Atta_6,563.4,2557.5,350.2,-60.8,0.2,,,,
74.71,7,Atta_7,1481.9,2361.1,332.8,-57.3,-3.6,,,,
74.71,8,Atta_8,836.1,457.6,0.1,-71.2,-1.8,,,,
74.71,9,Atta_9,139.7,898.0,359.2,-30.9,-3.9,,,,
74.71,10,Atta_10,164.3,1740.6,7.7,40.1,-0.5,,,,
74.778,1,Atta_1,866.3,2351.3,333.1,-37.7,1.1,,,,
74.778,2,Atta_2,558.7,839.9,357.8,30.4,4.0,,,,
74.778,3,Atta_3,1879.6,1269.3,333.3,41.8,-1.0,,,,
74.778,4,Atta_4,877.1,1936.3,38.8,40.8,-6.9,,,,
74.778,5,Atta_5,2123.7,2239.2,346.0,-46.7,2.0,,,,
74.778,6,Atta_6,620.4,2589.6,345.1,65.4,-5.1,,,,
74.778,7,Atta_7,1475.8,2334.8,330.1,27.0,-2.7,,,,
74.778,8,Atta_8,855.3,446.6,1.8,22.1,1.7,,,,
74.778,9,Atta_9,136.3,887.5,3.3,-11.0,4.1,,,,
74.778,10,Atta_10,199.2,1740.0,4.0,34.9,-3.7,,,,
74.848,1,Atta_1,932.4,2311.7,333.1,77.1,0.0,,,,
74.848,2,Atta_2,532.5,837.6,357.4,-26.3,-0.4,,,,
74.848,3,Atta_3,1901.9,1305.9,336.1,42.9,2.8,,,,
74.848,4,Atta_4,887.5,1919.9,37.2,-19.4,-1.6,,,,
74.848,5,Atta_5,2240.9,2254.1,348.4,118.1,2.4,,,,
74.848,6,Atta_6,663.6,2599.7,348.0,44.4,2.9,,,,
74.848,7,Atta_7,1545.4,2376.5,335.6,81.1,5.5,,,,
74.848,8,Atta_8,878.1,496.9,2.2,55.2,0.4,,,,
74.848,9,Atta_9,70.7,935.4,359.1,-81.2,-4.2,,,,
74.848,10,Atta_10,203.6,1735.6,357.7,6.2,-6.3,,,,
74.917,1,Atta_1,928.0,2337.7,328.5,-26.4,-4.6,,,,
74.917,2,Atta_2,590.7,903.2,357.6,87.7,0.2,,,,
74.917,3,Atta_3,1890.6,1303.6,335.2,-11.5,-0.9,,,,
74.917,4,Atta_4,935.2,1946.0,32.4,54.4,-4.8,,,,
74.917,5,Atta_5,2163.3,2189.5,348.4,-101.0,0.0,,,,
74.917,6,Atta_6,630.7,2507.6,349.5,-97.8,1.5,,,,
74.917,7,Atta_7,1501.9,2370.4,333.1,-43.9,-2.5,,,,
74.917,8,Atta_8,915.2,498.7,1.7,37.1,-0.5,,,,
74.917,9,Atta_9,170.6,945.3,359.8,100.4,0.7,,,,
74.917,10,Atta_10,178.0,1770.4,357.6,-43.2,-0.1,,,,
74.983,1,Atta_1,860.1,2302.2,331.3,-76.6,2.8,,,,
74.983,2,Atta_2,611.6,871.6,0.5,37.9,2.9,,,,
74.983,3,Atta_3,1904.9,1297.3,332.4,15.6,-2.8,,,,
74.983,4,Atta_4,890.5,1895.7,25.8,-67.3,-6.6,,,,
74.983,5,Atta_5,2154.3,2178.8,346.2,-14.0,-2.2,,,,
74.983,6,Atta_6,640.8,2577.6,348.5,-70.7,-1.0,,,,
74.983,7,Atta_7,1519.4,2419.9,334.8,-52.5,1.7,,,,
74.983,8,Atta_8,929.3,503.5,358.4,14.9,-3.3,,,,
74.983,9,Atta_9,69.4,939.9,1.7,-101.3,1.9,,,,
74.983,10,Atta_10,160.0,1739.6,355.8,-35.7,-1.8,,,,
75.055,1,Atta_1,961.0,2314.7,330.5,101.7,-0.8,,,,
75.055,2,Atta_2,561.8,794.1,356.8,-92.1,-3.7,,,,
75.055,3,Atta_3,1932.7,1256.9,334.5,49.0,2.1,,,,
75.055,4,Atta_4,854.9,1933.1,22.3,-51.6,-3.5,,,,
75.055,5,Atta_5,2234.5,2191.7,348.5,81.2,2.3,,,,
75.055,6,Atta_6,686.3,2619.2,348.7,61.7,0.2,,,,
75.055,7,Atta_7,1562.7,2336.3,332.1,94.1,-2.7,,,,
75.055,8,Atta_8,939.5,493.6,3.9,14.2,5.5,,,,
75.055,9,Atta_9,160.5,939.6,358.2,91.1,-3.5,,,,
75.055,10,Atta_10,176.8,1720.7,351.5,25.3,-4.3,,,,
75.117,1,Atta_1,937.3,2305.6,334.0,-25.4,3.5,,,,
75.117,2,Atta_2,557.7,857.9,353.9,-63.9,-2.9,,,,
75.117,3,Atta_3,1950.3,1283.8,337.7,32.1,3.2,,,,
75.117,4,Atta_4,876.1,1909.0,19.5,32.1,-2.8,,,,
75.117,5,Atta_5,2225.6,2189.7,349.7,-9.1,1.2,,,,
75.117,6,Atta_6,685.1,2594.6,349.2,24.6,0.5,,,,
75.117,7,Atta_7,1577.8,2383.1,334.5,-49.2,2.4,,,,
75.117,8,Atta_8,921.2,455.6,356.6,-42.2,-7.3,,,,
75.117,9,Atta_9,118.7,871.3,359.9,-80.1,1.7,,,,
75.117,10,Atta_10,163.3,1720.6,354.0,-13.5,2.5,,,,
75.187,1,Atta_1,937.9,2276.6,333.1,29.0,-0.9,,,,
75.187,2,Atta_2,597.5,836.3,356.8,45.3,2.9,,,,
75.187,3,Atta_3,1968.5,1276.7,334.4,19.5,-3.3,,,,
75.187,4,Atta_4,861.7,1911.5,11.8,-14.6,-7.7,,,,
75.187,5,Atta_5,2188.9,2196.6,344.1,-37.3,-5.6,,,,
75.187,6,Atta_6,647.4,2540.5,349.7,-65.9,0.5,,,,
75.187,7,Atta_7,1589.5,2331.0,334.5,53.4,0.0,,,,
75.187,8,Atta_8,940.8,445.0,359.5,22.3,2.9,,,,
75.187,9,Atta_9,122.3,942.4,0.9,71.2,1.0,,,,
75.187,10,Atta_10,205.2,1751.0,353.2,51.8,-0.8,,,,
75.256,1,Atta_1,972.4,2296.2,333.5,39.7,0.4,,,,
75.256,2,Atta_2,620.3,829.7,0.4,23.7,3.6,,,,
75.256,3,Atta_3,1949.9,1271.8,336.6,-19.2,2.2,,,,
75.256,4,Atta_4,894.7,1961.0,9.1,59.5,-2.7,,,,
75.256,5,Atta_5,2266.2,2215.1,348.5,79.5,4.4,,,,
75.256,6,Atta_6,688.5,2503.1,350.0,55.6,0.3,,,,
75.256,7,Atta_7,1595.4,2397.1,332.4,-66.4,-2.1,,,,
75.256,8,Atta_8,995.8,493.5,356.4,73.3,-3.1,,,,
75.256,9,Atta_9,180.0,900.2,1.4,71.5,0.5,,,,
75.256,10,Atta_10,197.9,1747.2,354.5,-8.2,1.3,,,,
75.323,1,Atta_1,974.5,2352.7,328.9,-56.5,-4.6,,,,
75.323,2,Atta_2,643.8,855.3,353.6,34.8,-6.8,,,,
75.323,3,Atta_3,1919.6,1261.5,329.6,-32.0,-7.0,,,,
75.323,4,Atta_4,862.9,1900.4,5.9,-68.4,-3.2,,,,
75.323,5,Atta_5,2265.0,2176.5,351.3,38.6,2.8,,,,
75.323,6,Atta_6,641.0,2599.4,353.9,-107.4,3.9,,,,
75.323,7,Atta_7,1566.8,2325.8,334.3,76.8,1.9,,,,
75.323,8,Atta_8,960.0,466.2,3.0,-45.0,6.6,,,,
75.323,9,Atta_9,180.7,933.1,359.3,32.9,-2.1,,,,
75.323,10,Atta_10,154.9,1741.4,353.7,-43.4,-0.8,,,,
75.391,1,Atta_1,988.8,2297.1,330.4,57.4,1.5,,,,
75.391,2,Atta_2,645.4,835.3,354.5,20.1,0.9,,,,
75.391,3,Atta_3,2020.5,1267.8,327.1,101.1,-2.5,,,,
75.391,4,Atta_4,840.5,1894.0,9.9,-23.3,4.0,,,,
75.391,5,Atta_5,2273.1,2160.7,348.1,17.8,-3.2,,,,
75.391,6,Atta_6,795.5,2607.9,353.4,154.7,-0.5,,,,
75.391,7,Atta_7,1592.3,2321.5,331.0,25.9,-3.3,,,,
75.391,8,Atta_8,984.3,463.9,0.6,24.4,-2.4,,,,
75.391,9,Atta_9,205.9,910.8,3.1,33.7,3.8,,,,
75.391,10,Atta_10,147.5,1738.5,349.3,-7.9,-4.4,,,,
75.46,1,Atta_1,990.9,2284.5,335.3,12.8,4.9,,,,
75.46,2,Atta_2,636.0,810.8,357.3,-26.2,2.8,,,,
75.46,3,Atta_3,1905.4,1294.9,330.6,-118.2,3.5,,,,
75.46,4,Atta_4,884.6,1910.6,11.4,47.1,1.5,,,,
75.46,5,Atta_5,2310.9,2155.1,343.4,38.2,-4.7,,,,
75.46,6,Atta_6,733.0,2541.2,353.2,-91.4,-0.2,,,,
75.46,7,Atta_7,1600.0,2320.4,336.0,7.8,5.0,,,,
75.46,8,Atta_8,960.4,518.2,2.3,-59.3,1.7,,,,
75.46,9,Atta_9,188.6,959.3,1.1,-51.5,-2.0,,,,
75.46,10,Atta_10,234.9,1764.8,356.7,91.3,7.4,,,,
75.528,1,Atta_1,979.0,2264.2,333.5,-23.5,-1.8,,,,
75.528,2,Atta_2,638.4,824.6,1.2,14.0,3.9,,,,
75.528,3,Atta_3,1880.8,1349.2,329.5,-59.6,-1.1,,,,
75.528,4,Atta_4,871.5,1935.5,7.5,-28.1,-3.9,,,,
75.528,5,Atta_5,2314.0,2217.1,347.0,-62.1,3.6,,,,
75.528,6,Atta_6,709.0,2606.0,354.0,-69.1,0.8,,,,
75.528,7,Atta_7,1607.4,2329.5,333.2,11.7,-2.8,,,,
75.528,8,Atta_8,957.3,457.0,356.5,-61.3,-5.8,,,,
75.528,9,Atta_9,239.1,906.8,0.2,72.8,-0.9,,,,
75.528,10,Atta_10,184.9,1718.2,352.9,-68.3,-3.8,,,,
75.579,1,Atta_1,931.4,2242.7,333.6,-52.2,0.1,,,,
75.579,2,Atta_2,630.7,818.1,355.4,-10.1,-5.8,,,,
75.579,3,Atta_3,1913.4,1277.9,328.5,78.4,-1.0,,,,
75.579,4,Atta_4,887.4,1905.0,9.5,34.4,2.0,,,,
75.579,5,Atta_5,2318.3,2144.4,350.2,72.8,3.2,,,,
75.579,6,Atta_6,774.3,2545.1,348.9,89.3,-5.1,,,,
75.579,7,Atta_7,1594.9,2353.0,336.0,-26.6,2.8,,,,
75.579,8,Atta_8,964.0,531.6,358.9,74.9,2.4,,,,
75.579,9,Atta_9,179.4,936.0,0.7,-66.5,0.5,,,,
75.579,10,Atta_10,239.8,1725.1,353.0,55.3,0.1,,,,
75.645,1,Atta_1,978.2,2265.4,331.0,52.0,-2.6,,,,
75.645,2,Atta_2,696.7,823.0,357.3,66.2,1.9,,,,
75.645,3,Atta_3,1894.8,1281.7,328.7,-19.0,0.2,,,,
75.645,4,Atta_4,855.8,1891.5,5.0,-34.4,-4.5,,,,
75.645,5,Atta_5,2280.9,2159.4,346.2,-40.3,-4.0,,,,
75.645,6,Atta_6,770.8,2516.0,350.3,29.3,1.4,,,,
75.645,7,Atta_7,1627.6,2299.1,332.6,63.0,-3.4,,,,
75.645,8,Atta_8,1010.8,478.0,357.9,71.2,-1.0,,,,
75.645,9,Atta_9,207.5,992.0,0.0,62.7,-0.7,,,,
75.645,10,Atta_10,252.8,1735.8,351.3,16.8,-1.7,,,,
75.713,1,Atta_1,1009.2,2247.5,334.4,35.8,3.4,,,,
75.713,2,Atta_2,735.9,877.4,356.9,67.1,-0.4,,,,
75.713,3,Atta_3,1898.4,1297.4,328.5,-16.1,-0.2,,,,
75.713,4,Atta_4,867.5,1953.6,12.3,63.2,7.3,,,,
75.713,5,Atta_5,2322.0,2204.8,348.7,61.2,2.5,,,,
75.713,6,Atta_6,777.8,2582.9,353.4,-67.3,3.1,,,,
75.713,7,Atta_7,1608.1,2310.9,334.2,-22.8,1.6,,,,
75.713,8,Atta_8,1058.5,448.5,3.4,56.1,5.5,,,,
75.713,9,Atta_9,219.6,895.1,1.1,97.7,1.1,,,,
75.713,10,Atta_10,284.8,1728.8,357.3,32.8,6.0,,,,
75.782,1,Atta_1,1034.3,2327.8,335.1,-84.1,0.7,,,,
75.782,2,Atta_2,713.8,814.8,0.2,-66.4,3.3,,,,
75.782,3,Atta_3,1912.3,1306.8,331.6,16.8,3.1,,,,
75.782,4,Atta_4,872.3,1910.5,8.2,-43.4,-4.1,,,,
75.782,5,Atta_5,2358.4,2154.2,343.1,62.3,-5.6,,,,
75.782,6,Atta_6,820.2,2552.4,351.5,52.2,-1.9,,,,
75.782,7,Atta_7,1673.2,2326.0,335.9,66.8,1.7,,,,
75.782,8,Atta_8,1043.0,462.0,4.4,-20.6,1.0,,,,
75.782,9,Atta_9,257.3,903.6,2.6,38.6,1.5,,,,
75.782,10,Atta_10,280.9,1713.2,353.9,-16.1,-3.4,,,,
75.852,1,Atta_1,1044.9,2307.5,333.8,22.9,-1.3,,,,
75.852,2,Atta_2,691.0,789.1,357.7,-34.4,-2.5,,,,
75.852,3,Atta_3,1902.3,1282.9,334.9,25.9,3.3,,,,
75.852,4,Atta_4,973.1,1896.6,11.4,101.8,3.2,,,,
75.852,5,Atta_5,2310.9,2153.7,347.0,-47.5,3.9,,,,
75.852,6,Atta_6,785.7,2520.6,350.1,-46.9,-1.4,,,,
75.852,7,Atta_7,1700.3,2297.1,331.3,39.6,-4.6,,,,
75.852,8,Atta_8,1112.4,449.3,3.8,70.6,-0.6,,,,
75.852,9,Atta_9,262.1,892.0,359.6,12.6,-3.0,,,,
75.852,10,Atta_10,290.4,1737.1,352.2,25.7,-1.7,,,,
75.919,1,Atta_1,1090.2,2294.9,333.8,47.0,0.0,,,,
75.919,2,Atta_2,719.9,827.4,358.8,48.0,1.1,,,,
75.919,3,Atta_3,1851.2,1289.4,339.7,-51.5,4.8,,,,
75.919,4,Atta_4,927.1,1915.6,10.9,-49.8,-0.5,,,,
75.919,5,Atta_5,2433.1,2241.6,346.8,150.5,-0.2,,,,
75.919,6,Atta_6,846.1,2522.8,353.6,60.4,3.5,,,,
75.919,7,Atta_7,1695.6,2337.5,332.3,-40.7,1.0,,,,
75.919,8,Atta_8,1014.5,468.8,359.2,-99.8,-4.6,,,,
75.919,9,Atta_9,322.4,946.2,357.4,81.1,-2.2,,,,
75.919,10,Atta_10,329.7,1798.3,356.7,72.7,4.5,,,,
75.986,1,Atta_1,1064.6,2302.5,333.3,-26.7,-0.5,,,,
75.986,2,Atta_2,772.7,777.2,358.0,72.9,-0.8,,,,
75.986,3,Atta_3,1889.8,1309.4,345.0,43.5,5.3,,,,
75.986,4,Atta_4,954.6,1907.5,4.9,28.7,-6.0,,,,
75.986,5,Atta_5,2319.8,2229.9,347.0,-113.9,0.2,,,,
75.986,6,Atta_6,814.0,2547.3,349.7,-40.4,-3.9,,,,
75.986,7,Atta_7,1684.2,2292.2,335.4,46.7,3.1,,,,
75.986,8,Atta_8,1067.0,448.3,1.9,56.4,2.7,,,,
75.986,9,Atta_9,299.5,843.7,359.4,-105.0,2.0,,,,
75.986,10,Atta_10,278.4,1713.3,353.1,-99.3,-3.6,,,,
76.056,1,Atta_1,1093.8,2288.9,334.0,32.2,0.7,,,,
76.056,2,Atta_2,804.1,845.8,0.1,75.4,2.1,,,,
76.056,3,Atta_3,1866.0,1360.0,347.4,-55.9,2.4,,,,
76.056,4,Atta_4,996.6,1941.9,8.0,54.3,3.1,,,,
76.056,5,Atta_5,2369.7,2142.3,345.3,100.8,-1.7,,,,
76.056,6,Atta_6,844.0,2557.0,352.2,31.5,2.5,,,,
76.056,7,Atta_7,1667.7,2287.3,335.8,-17.2,0.4,,,,
76.056,8,Atta_8,1057.3,523.1,1.0,-75.4,-0.9,,,,
76.056,9,Atta_9,319.1,839.9,0.3,20.0,0.9,,,,
76.056,10,Atta_10,282.7,1748.9,354.8,-35.9,1.7,,,,
76.124,1,Atta_1,1073.1,2251.2,334.0,-43.0,0.0,,,,
76.124,2,Atta_2,776.4,790.7,359.5,-61.7,-0.6,,,,
76.124,3,Atta_3,1883.8,1334.8,352.6,30.9,5.2,,,,
76.124,4,Atta_4,930.3,1893.1,12.4,-82.3,4.4,,,,
76.124,5,Atta_5,2353.5,2169.3,342.0,-31.5,-3.3,,,,
76.124,6,Atta_6,848.0,2571.4,351.7,14.9,-0.5,,,,
76.124,7,Atta_7,1706.2,2266.6,332.5,43.7,-3.3,,,,
76.124,8,Atta_8,1071.5,519.4,1.7,14.7,0.7,,,,
76.124,9,Atta_9,300.4,894.2,358.1,-57.4,-2.2,,,,
76.124,10,Atta_10,306.3,1664.9,354.6,87.3,-0.2,,,,
76.19,1,Atta_1,1082.1,2282.4,331.1,-32.5,-2.9,,,,
76.19,2,Atta_2,737.3,812.5,357.0,-44.8,-2.5,,,,
76.19,3,Atta_3,1908.1,1328.4,359.1,25.1,6.5,,,,
76.19,4,Atta_4,970.0,1995.5,6.6,109.8,-5.8,,,,
76.19,5,Atta_5,2403.7,2163.3,349.9,50.6,7.9,,,,
76.19,6,Atta_6,854.2,2585.5,351.7,15.4,0.0,,,,
76.19,7,Atta_7,1684.7,2223.7,333.5,48.0,1.0,,,,
76.19,8,Atta_8,1111.9,448.4,357.9,81.7,-3.8,,,,
76.19,9,Atta_9,367.3,926.0,0.8,74.1,2.7,,,,
76.19,10,Atta_10,287.3,1719.4,355.0,-57.7,0.4,,,,
76.257,1,Atta_1,1094.1,2178.3,333.8,104.8,2.7,,,,
76.257,2,Atta_2,846.1,769.6,357.6,117.0,0.6,,,,
76.257,3,Atta_3,1906.1,1314.5,2.4,-14.0,3.3,,,,
76.257,4,Atta_4,933.8,1917.1,9.3,-86.4,2.7,,,,
76.257,5,Atta_5,2432.6,2160.0,348.1,29.1,-1.8,,,,
76.257,6,Atta_6,847.5,2550.0,353.4,-36.1,1.7,,,,
76.257,7,Atta_7,1776.1,2284.2,332.3,109.6,-1.2,,,,
76.257,8,Atta_8,1094.4,484.1,2.7,-39.8,4.8,,,,
76.257,9,Atta_9,373.5,845.2,0.2,81.0,-0.6,,,,
76.257,10,Atta_10,369.0,1716.1,353.7,81.8,-1.3,,,,
76.326,1,Atta_1,1120.7,2229.9,331.1,58.1,-2.7,,,,
76.326,2,Atta_2,794.5,843.8,359.4,-90.4,1.8,,,,
76.326,3,Atta_3,1919.5,1347.6,10.9,35.7,8.5,,,,
76.326,4,Atta_4,997.2,1940.7,10.1,67.6,0.8,,,,
76.326,5,Atta_5,2442.2,2184.1,348.2,25.9,0.1,,,,
76.326,6,Atta_6,849.9,2519.8,350.3,30.3,-3.1,,,,
76.326,7,Atta_7,1729.0,2278.6,333.9,-47.4,1.6,,,,
76.326,8,Atta_8,1123.0,487.7,357.1,28.8,-5.6,,,,
76.326,9,Atta_9,316.9,917.1,356.5,-91.5,-3.7,,,,
76.326,10,Atta_10,411.0,1743.2,354.0,50.0,0.3,,,,
76.396,1,Atta_1,1132.1,2175.9,333.6,55.2,2.5,,,,
76.396,2,Atta_2,802.1,834.5,358.8,12.0,-0.6,,,,
76.396,3,Atta_3,1881.2,1301.6,15.1,-59.9,4.2,,,,
76.396,4,Atta_4,967.3,1997.5,9.8,-64.2,-0.3,,,,
76.396,5,Atta_5,2440.9,2166.4,346.4,17.7,-1.8,,,,
76.396,6,Atta_6,917.2,2498.8,354.1,70.5,3.8,,,,
76.396,7,Atta_7,1753.2,2282.7,335.2,24.5,1.3,,,,
76.396,8,Atta_8,1137.3,449.3,357.8,41.0,0.7,,,,
76.396,9,Atta_9,384.3,908.9,1.2,67.9,4.7,,,,
76.396,10,Atta_10,346.4,1719.9,353.7,-68.7,-0.3,,,,
76.462,1,Atta_1,1128.9,2167.4,335.5,9.1,1.9,,,,
76.462,2,Atta_2,804.7,873.3,355.2,38.9,-3.6,,,,
76.462,3,Atta_3,1793.6,1326.4,17.6,-91.0,2.5,,,,
76.462,4,Atta_4,1000.8,1954.5,8.6,54.5,-1.2,,,,
76.462,5,Atta_5,2466.5,2147.2,347.7,32.0,1.3,,,,
76.462,6,Atta_6,869.1,2569.1,349.9,-85.2,-4.2,,,,
76.462,7,Atta_7,1767.1,2249.1,334.4,36.4,-0.8,,,,
76.462,8,Atta_8,1188.0,455.5,3.5,51.1,5.7,,,,
76.462,9,Atta_9,358.4,897.8,358.7,-28.2,-2.5,,,,
76.462,10,Atta_10,419.8,1693.8,354.1,77.9,0.4,,,,
76.531,1,Atta_1,1138.6,2187.1,334.2,22.0,-1.3,,,,
76.531,2,Atta_2,918.2,779.6,355.3,147.2,0.1,,,,
76.531,3,Atta_3,1923.1,1290.1,21.9,134.5,4.3,,,,
76.531,4,Atta_4,986.0,1960.7,12.0,-16.0,3.4,,,,
76.531,5,Atta_5,2448.9,2113.7,347.5,-37.8,-0.2,,,,
76.531,6,Atta_6,867.6,2574.5,354.3,-5.6,4.4,,,,
76.531,7,Atta_7,1777.9,2226.4,334.3,25.1,-0.1,,,,
76.531,8,Atta_8,1163.6,450.6,0.3,-24.9,-3.2,,,,
76.531,9,Atta_9,362.1,917.8,357.8,20.3,-0.9,,,,
76.531,10,Atta_10,392.0,1707.3,355.7,-30.9,1.6,,,,
76.597,1,Atta_1,1152.4,2191.8,332.6,14.6,-1.6,,,,
76.597,2,Atta_2,814.3,807.6,358.4,-107.6,3.1,,,,
76.597,3,Atta_3,1862.8,1326.9,24.2,-70.6,2.3,,,,
76.597,4,Atta_4,1016.8,1926.7,9.1,45.9,-2.9,,,,
76.597,5,Atta_5,2546.5,2097.2,343.9,99.0,-3.6,,,,
76.597,6,Atta_6,962.3,2552.2,352.9,97.3,-1.4,,,,
76.597,7,Atta_7,1863.9,2214.0,339.1,86.9,4.8,,,,
76.597,8,Atta_8,1159.1,479.6,357.9,-29.3,-2.4,,,,
76.597,9,Atta_9,367.9,916.2,359.8,6.0,2.0,,,,
76.597,10,Atta_10,399.9,1713.7,357.5,10.2,1.8,,,,
76.664,1,Atta_1,1184.7,2234.8,333.0,53.8,0.4,,,,
76.664,2,Atta_2,838.0,847.8,359.0,46.7,0.6,,,,
76.664,3,Atta_3,1848.6,1287.5,26.3,-41.9,2.1,,,,
76.664,4,Atta_4,1118.4,1979.3,5.4,114.4,-3.7,,,,
76.664,5,Atta_5,2511.0,2150.7,349.4,-64.2,5.5,,,,
76.664,6,Atta_6,908.3,2552.0,351.4,-54.0,-1.5,,,,
76.664,7,Atta_7,1786.4,2253.0,330.5,-86.8,-8.6,,,,
76.664,8,Atta_8,1203.7,450.5,1.5,53.3,3.6,,,,
76.664,9,Atta_9,344.2,916.2,357.2,-23.7,-2.6,,,,
76.664,10,Atta_10,358.2,1709.7,353.1,-41.9,-4.4,,,,
76.73,1,Atta_1,1174.5,2145.9,334.0,89.5,1.0,,,,
76.73,2,Atta_2,875.8,856.0,358.2,38.7,-0.8,,,,
76.73,3,Atta_3,1886.7,1322.6,26.1,51.8,-0.2,,,,
76.73,4,Atta_4,1089.0,1929.0,10.4,-58.3,5.0,,,,
76.73,5,Atta_5,2488.8,2111.9,343.5,-44.7,-5.9,,,,
76.73,6,Atta_6,927.7,2573.8,351.3,29.2,-0.1,,,,
76.73,7,Atta_7,1786.6,2203.7,331.7,49.3,1.2,,,,
76.73,8,Atta_8,1230.7,474.1,359.1,35.9,-2.4,,,,
76.73,9,Atta_9,383.2,943.3,359.8,47.5,2.6,,,,
76.73,10,Atta_10,401.3,1675.5,351.3,55.0,-1.8,,,,
76.796,1,Atta_1,1119.9,2229.7,335.4,-100.0,1.4,,,,
76.796,2,Atta_2,886.3,796.4,359.3,60.5,1.1,,,,
76.796,3,Atta_3,1983.2,1323.3,29.1,96.5,3.0,,,,
76.796,4,Atta_4,1071.8,1960.6,9.0,-36.0,-1.4,,,,
76.796,5,Atta_5,2476.0,2186.2,346.7,-75.4,3.2,,,,
76.796,6,Atta_6,966.5,2505.0,348.4,79.0,-2.9,,,,
76.796,7,Atta_7,1814.1,2217.2,330.7,30.6,-1.0,,,,
76.796,8,Atta_8,1171.8,460.0,358.6,-60.6,-0.5,,,,
76.796,9,Atta_9,438.3,939.3,1.1,55.2,1.3,,,,
76.796,10,Atta_10,411.5,1702.2,347.3,28.6,-4.0,,,,
76.863,1,Atta_1,1217.4,2208.2,334.7,99.8,-0.7,,,,
76.863,2,Atta_2,848.8,857.3,358.6,-71.5,-0.7,,,,
76.863,3,Atta_3,1888.3,1375.6,27.3,-108.4,-1.8,,,,
76.863,4,Atta_4,1066.7,1898.2,5.8,-62.6,-3.2,,,,
76.863,5,Atta_5,2510.1,2125.7,346.3,69.4,-0.4,,,,
76.863,6,Atta_6,977.8,2561.8,354.7,-57.9,6.3,,,,
76.863,7,Atta_7,1818.1,2246.9,333.4,-30.0,2.7,,,,
76.863,8,Atta_8,1223.4,518.2,0.2,77.8,1.6,,,,
76.863,9,Atta_9,462.5,841.9,1.3,100.4,0.2,,,,
76.863,10,Atta_10,417.3,1721.2,344.7,19.9,-2.6,,,,
76.931,1,Atta_1,1205.1,2200.2,334.4,-14.7,-0.3,,,,
76.931,2,Atta_2,947.9,851.7,354.3,99.3,-4.3,,,,
76.931,3,Atta_3,1911.8,1320.2,28.0,-60.2,0.7,,,,
76.931,4,Atta_4,1111.1,1918.1,9.1,48.7,3.3,,,,
76.931,5,Atta_5,2543.1,2127.8,347.3,33.1,1.0,,,,
76.931,6,Atta_6,992.4,2543.5,348.6,23.4,-6.1,,,,
76.931,7,Atta_7,1779.8,2195.9,333.2,-63.8,-0.2,,,,
76.931,8,Atta_8,1294.5,394.0,3.1,143.1,2.9,,,,
76.931,9,Atta_9,434.5,916.6,358.3,-79.8,-3.0,,,,
76.931,10,Atta_10,448.2,1689.9,350.6,44.0,5.9,,,,
77.001,1,Atta_1,1243.8,2175.2,333.2,46.1,-1.2,,,,
77.001,2,Atta_2,938.0,846.5,357.7,-11.2,3.4,,,,
77.001,3,Atta_3,1873.5,1400.2,24.4,88.7,-3.6,,,,
77.001,4,Atta_4,1099.6,1913.7,8.9,-12.3,-0.2,,,,
77.001,5,Atta_5,2532.3,2130.7,344.5,-11.2,-2.8,,,,
77.001,6,Atta_6,1076.4,2543.4,346.9,84.0,-1.7,,,,
77.001,7,Atta_7,1823.1,2197.9,334.3,43.3,1.1,,,,
77.001,8,Atta_8,1216.2,517.3,3.1,-146.1,0.0,,,,
77.001,9,Atta_9,455.7,908.3,356.2,22.8,-2.1,,,,
77.001,10,Atta_10,403.0,1762.6,349.1,-85.6,-1.5,,,,
77.068,1,Atta_1,1246.3,2118.7,337.1,56.6,3.9,,,,
77.068,2,Atta_2,943.4,822.9,356.8,24.2,-0.9,,,,
77.068,3,Atta_3,1934.7,1262.7,21.4,-150.5,-3.0,,,,
77.068,4,Atta_4,1140.3,1938.4,6.3,47.6,-2.6,,,,
77.068,5,Atta_5,2582.8,2131.2,344.0,50.5,-0.5,,,,
77.068,6,Atta_6,976.5,2545.6,349.3,-99.9,2.4,,,,
77.068,7,Atta_7,1830.5,2224.2,335.7,-27.3,1.4,,,,
77.068,8,Atta_8,1299.5,505.9,2.7,84.1,-0.4,,,,
77.068,9,Atta_9,501.4,984.8,357.1,89.1,0.9,,,,
77.068,10,Atta_10,431.5,1712.4,346.4,57.7,-2.7,,,,
77.137,1,Atta_1,1240.1,2164.2,335.9,-45.9,-1.2,,,,
77.137,2,Atta_2,936.7,843.6,355.9,-21.8,-0.9,,,,
77.137,3,Atta_3,1927.2,1332.1,27.1,69.8,5.7,,,,
77.137,5,Atta_5,2547.0,2136.2,346.1,-36.1,2.1,,,,
77.137,6,Atta_6,977.4,2579.8,347.8,-34.2,-1.5,,,,
77.137,7,Atta_7,1814.1,2178.1,332.7,48.9,-3.0,,,,
77.137,8,Atta_8,1270.7,461.0,356.0,-53.3,-6.7,,,,
77.137,9,Atta_9,546.8,916.8,355.8,81.8,-1.3,,,,
77.137,10,Atta_10,393.0,1746.1,348.5,-51.2,2.1,,,,
77.202,1,Atta_1,1257.7,2173.3,337.0,19.8,1.1,,,,
77.202,2,Atta_2,892.4,839.3,354.4,-44.5,-1.5,,,,
77.202,3,Atta_3,1882.2,1348.0,24.3,-47.7,-2.8,,,,
77.202,4,Atta_4,1119.6,1995.1,7.0,-60.4,0.7,,,,
77.202,5,Atta_5,2585.0,2187.7,346.4,64.0,0.3,,,,
77.202,6,Atta_6,1020.7,2537.1,348.5,60.8,0.7,,,,
77.202,7,Atta_7,1874.1,2198.0,333.5,63.2,0.8,,,,
77.202,8,Atta_8,1280.6,469.3,0.9,12.9,4.9,,,,
77.202,9,Atta_9,476.0,894.6,359.4,-74.2,3.6,,,,
77.202,10,Atta_10,422.7,1687.3,344.9,65.9,-3.6,,,,
77.268,1,Atta_1,1250.3,2217.4,334.9,-44.7,-2.1,,,,
77.268,2,Atta_2,923.1,814.9,356.8,39.2,2.4,,,,
77.268,3,Atta_3,1881.0,1360.7,28.6,12.8,4.3,,,,
77.268,4,Atta_4,1160.2,1960.9,8.3,53.1,1.3,,,,
77.268,5,Atta_5,2557.9,2115.6,347.4,-77.0,1.0,,,,
77.268,6,Atta_6,1025.5,2504.8,347.8,32.7,-0.7,,,,
77.268,7,Atta_7,1879.2,2193.5,333.6,6.8,0.1,,,,
77.268,8,Atta_8,1333.9,528.7,1.3,79.8,0.4,,,,
77.268,9,Atta_9,524.9,868.5,1.1,55.4,1.7,,,,
77.268,10,Atta_10,448.6,1753.5,345.4,71.1,0.5,,,,
77.338,1,Atta_1,1256.7,2161.8,335.0,56.0,0.1,,,,
77.338,2,Atta_2,983.5,803.4,357.3,61.5,0.5,,,,
77.338,3,Atta_3,1985.4,1339.9,30.4,106.5,1.8,,,,
77.338,4,Atta_4,1148.3,1941.1,5.6,-23.1,-2.7,,,,
77.338,5,Atta_5,2564.4,2131.3,343.4,17.0,-4.0,,,,
77.338,6,Atta_6,1065.2,2529.0,350.6,46.5,2.8,,,,
77.338,7,Atta_7,1894.6,2178.5,334.1,21.5,0.5,,,,
77.338,8,Atta_8,1307.8,503.1,356.2,-36.6,-5.1,,,,
77.338,9,Atta_9,528.1,897.9,357.9,29.6,-3.2,,,,
77.338,10,Atta_10,463.5,1743.1,343.9,18.2,-1.5,,,,
77.458,1,Atta_1,1225.4,2127.7,335.5,-46.3,0.5,,,,
77.458,2,Atta_2,1033.9,815.6,355.1,51.9,-2.2,,,,
77.458,3,Atta_3,2003.7,1346.7,29.7,19.5,-0.7,,,,
77.458,4,Atta_4,1204.0,1984.6,11.1,70.7,5.5,,,,
77.458,5,Atta_5,2639.6,2136.7,344.3,75.4,0.9,,,,
77.458,6,Atta_6,1060.1,2537.9,351.5,-10.3,0.9,,,,
77.458,7,Atta_7,1901.8,2196.2,334.7,-19.1,0.6,,,,
77.458,8,Atta_8,1373.9,508.6,0.1,66.3,3.9,,,,
77.458,9,Atta_9,563.1,933.3,357.2,49.8,-0.7,,,,
77.458,10,Atta_10,450.2,1734.8,347.2,-15.7,3.3,,,,
77.513,1,Atta_1,1298.8,2140.7,336.1,74.5,0.6,,,,
77.513,2,Atta_2,991.3,818.8,354.0,-42.7,-1.1,,,,
77.513,3,Atta_3,1921.5,1367.8,24.2,-84.9,-5.5,,,,
77.513,4,Atta_4,1225.0,2007.8,7.7,31.3,-3.4,,,,
77.513,5,Atta_5,2628.4,2106.2,346.9,-32.5,2.6,,,,
77.513,6,Atta_6,1019.6,2549.1,353.4,-42.0,1.9,,,,
77.513,7,Atta_7,1901.7,2150.3,333.5,45.9,-1.2,,,,
77.513,8,Atta_8,1299.7,463.0,0.0,-87.1,-0.1,,,,
77.513,9,Atta_9,606.2,845.1,2.7,98.2,5.5,,,,
77.513,10,Atta_10,422.6,1737.5,345.8,-27.7,-1.4,,,,
77.579,1,Atta_1,1261.4,2141.7,334.1,-37.4,-2.0,,,,
77.579,2,Atta_2,982.0,785.8,355.8,-34.3,1.8,,,,
77.579,3,Atta_3,1951.5,1362.1,30.0,30.5,5.8,,,,
77.579,4,Atta_4,1212.9,1978.2,6.4,-32.0,-1.3,,,,
77.579,5,Atta_5,2597.3,2087.0,345.5,-36.5,-1.4,,,,
77.579,6,Atta_6,1023.6,2524.6,349.9,24.8,-3.5,,,,
77.579,7,Atta_7,1898.1,2187.3,332.2,-37.2,-1.3,,,,
77.579,8,Atta_8,1351.6,558.9,0.8,109.0,0.8,,,,
77.579,9,Atta_9,534.3,947.6,359.3,-125.2,-3.4,,,,
77.579,10,Atta_10,534.5,1724.6,343.6,112.6,-2.2,,,,
77.647,1,Atta_1,1346.6,2167.2,341.2,88.9,7.1,,,,
77.647,2,Atta_2,1013.3,852.8,355.5,74.0,-0.3,,,,
77.647,3,Atta_3,1942.1,1387.6,25.7,27.2,-4.3,,,,
77.647,4,Atta_4,1220.0,1957.8,8.8,21.6,2.4,,,,
77.647,5,Atta_5,2636.1,2118.3,348.4,49.9,2.9,,,,
77.647,6,Atta_6,1088.8,2468.3,351.3,86.1,1.4,,,,
77.647,7,Atta_7,1957.5,2178.1,335.4,60.1,3.2,,,,
77.647,8,Atta_8,1298.4,482.2,4.7,-93.3,3.9,,,,
77.647,9,Atta_9,502.3,870.6,1.4,-83.4,2.1,,,,
77.647,10,Atta_10,469.6,1732.7,348.9,-65.4,5.3,,,,
77.717,1,Atta_1,1306.8,2108.6,337.7,-70.8,-3.5,,,,
77.717,2,Atta_2,999.9,828.1,358.8,-28.1,3.3,,,,
77.717,3,Atta_3,1974.0,1380.2,28.5,32.7,2.8,,,,
77.717,4,Atta_4,1229.0,1931.7,10.3,27.6,1.5,,,,
77.717,5,Atta_5,2617.0,2127.0,345.8,-21.0,-2.6,,,,
77.717,6,Atta_6,1064.4,2558.1,349.2,-93.1,-2.1,,,,
77.717,7,Atta_7,1899.1,2160.7,338.2,-60.9,2.8,,,,
77.717,8,Atta_8,1290.2,466.4,3.2,-17.8,-1.5,,,,
77.717,9,Atta_9,580.1,874.9,359.1,77.9,-2.3,,,,
77.717,10,Atta_10,492.1,1667.8,348.8,68.7,-0.1,,,,
77.787,1,Atta_1,1306.1,2084.6,336.8,24.0,-0.9,,,,
77.787,2,Atta_2,1063.5,791.1,355.7,73.6,-3.1,,,,
77.787,3,Atta_3,2024.7,1372.5,22.7,51.3,-5.8,,,,
77.787,4,Atta_4,1222.2,2003.5,14.6,72.1,4.3,,,,
77.787,5,Atta_5,2708.7,2106.3,348.8,94.0,3.0,,,,
77.787,6,Atta_6,1143.5,2499.2,350.4,98.6,1.2,,,,
77.787,7,Atta_7,1967.6,2150.4,351.3,69.3,13.1,,,,
77.787,8,Atta_8,1352.5,452.2,4.9,63.9,1.7,,,,
77.787,9,Atta_9,589.4,896.8,0.5,23.8,1.4,,,,
77.787,10,Atta_10,552.5,1664.1,346.8,60.5,-2.0,,,,
77.842,1,Atta_1,1360.2,2168.0,334.8,99.4,-2.0,,,,
77.842,2,Atta_2,1050.3,838.3,357.1,-49.0,1.4,,,,
77.842,3,Atta_3,2036.2,1356.0,18.8,20.1,-3.9,,,,
77.842,4,Atta_4,1232.6,1974.3,9.8,31.0,-4.8,,,,
77.842,5,Atta_5,2667.9,2089.7,346.9,-44.0,-1.9,,,,
77.842,6,Atta_6,1125.6,2505.0,351.6,-18.8,1.2,,,,
77.842,7,Atta_7,1887.3,2148.5,359.7,-80.3,8.4,,,,
77.842,8,Atta_8,1305.2,465.0,359.1,-49.0,-5.8,,,,
77.842,9,Atta_9,549.8,926.9,359.4,-49.7,-1.1,,,,
77.842,10,Atta_10,565.5,1686.3,344.7,25.7,-2.1,,,,
77.894,1,Atta_1,1363.4,2086.7,329.1,81.4,-5.7,,,,
77.894,2,Atta_2,1098.8,823.4,357.3,50.7,0.2,,,,
77.894,3,Atta_3,2012.1,1352.1,13.5,-24.4,-5.3,,,,
77.894,4,Atta_4,1231.4,1997.9,9.1,23.6,-0.7,,,,
77.894,5,Atta_5,2687.1,2098.7,349.9,21.2,3.0,,,,
77.894,6,Atta_6,1055.6,2510.0,351.4,-70.2,-0.2,,,,
77.894,7,Atta_7,1957.6,2152.3,3.9,70.4,4.2,,,,
77.894,8,Atta_8,1320.6,418.5,4.6,49.0,5.5,,,,
77.894,9,Atta_9,588.7,972.2,358.0,59.7,-1.4,,,,
77.894,10,Atta_10,554.3,1704.7,344.7,-21.5,0.0,,,,
77.964,1,Atta_1,1367.4,2109.5,332.4,-23.1,3.3,,,,
77.964,2,Atta_2,1047.6,800.7,355.3,-56.0,-2.0,,,,
77.964,3,Atta_3,1962.9,1359.2,9.7,-49.7,-3.8,,,,
77.964,4,Atta_4,1248.8,1947.1,9.0,53.7,-0.1,,,,
77.964,5,Atta_5,2708.1,2097.8,346.1,21.0,-3.8,,,,
77.964,6,Atta_6,1119.2,2478.4,350.7,71.0,-0.7,,,,
77.964,7,Atta_7,1931.8,2143.2,3.3,-27.4,-0.6,,,,
77.964,8,Atta_8,1358.7,505.4,5.1,94.9,0.5,,,,
77.964,9,Atta_9,642.8,921.9,359.1,73.9,1.1,,,,
77.964,10,Atta_10,581.6,1681.3,347.3,36.0,2.6,,,,
78.03,1,Atta_1,1385.0,2110.7,333.7,17.6,1.3,,,,
78.03,2,Atta_2,1043.2,797.3,358.8,-5.6,3.5,,,,
78.03,3,Atta_3,2056.3,1382.8,4.2,96.3,-5.5,,,,
78.03,4,Atta_4,1253.8,2016.1,6.9,69.2,-2.1,,,,
78.03,5,Atta_5,2711.5,2111.9,345.1,-14.5,-1.0,,,,
78.03,6,Atta_6,1165.5,2476.1,349.2,46.4,-1.5,,,,
78.03,7,Atta_7,1840.2,2161.5,0.0,-93.4,-3.3,,,,
78.03,8,Atta_8,1360.5,485.8,4.2,19.7,-0.9,,,,
78.03,9,Atta_9,655.4,897.1,358.9,27.8,-0.2,,,,
78.03,10,Atta_10,559.5,1684.1,342.6,-22.3,-4.7,,,,
78.147,1,Atta_1,1344.0,2184.7,336.5,-84.6,2.8,,,,
78.147,2,Atta_2,1065.3,837.0,356.6,45.4,-2.2,,,,
78.147,3,Atta_3,1955.8,1354.2,0.7,-104.5,-3.5,,,,
78.147,4,Atta_4,1268.1,1983.6,6.5,35.5,-0.4,,,,
78.147,5,Atta_5,2656.6,2043.6,348.4,-87.6,3.3,,,,
78.147,6,Atta_6,1188.6,2500.5,348.3,33.6,-0.9,,,,
78.147,7,Atta_7,1861.6,2154.7,2.9,22.5,2.9,,,,
78.147,8,Atta_8,1407.4,463.1,3.9,52.1,-0.3,,,,
78.147,9,Atta_9,663.9,943.9,358.3,47.6,-0.6,,,,
78.147,10,Atta_10,558.5,1647.5,347.6,36.6,5.0,,,,
78.201,1,Atta_1,1331.0,2140.9,335.6,45.7,-0.9,,,,
78.201,2,Atta_2,1068.2,807.2,354.9,29.9,-1.7,,,,
78.201,3,Atta_3,2047.2,1360.3,353.5,91.6,-7.2,,,,
78.201,4,Atta_4,1300.7,1995.9,11.7,34.8,5.2,,,,
78.201,5,Atta_5,2686.4,2021.5,348.1,37.1,-0.3,,,,
78.201,6,Atta_6,1158.6,2503.4,349.6,-30.1,1.3,,,,
78.201,7,Atta_7,1837.6,2177.1,1.1,-32.8,-1.8,,,,
78.201,8,Atta_8,1364.3,519.0,3.0,-70.6,-0.9,,,,
78.201,9,Atta_9,683.9,882.5,0.3,64.6,2.0,,,,
78.201,10,Atta_10,599.4,1635.0,344.1,42.8,-3.5,,,,
78.269,1,Atta_1,1418.1,2142.7,337.5,87.1,1.9,,,,
78.269,2,Atta_2,1096.7,760.2,354.0,55.0,-0.9,,,,
78.269,3,Atta_3,2030.7,1365.1,350.6,-17.2,-2.9,,,,
78.269,4,Atta_4,1323.2,1930.7,11.5,69.0,-0.2,,,,
78.269,5,Atta_5,2746.8,2080.3,348.5,84.3,0.4,,,,
78.269,6,Atta_6,1191.0,2500.3,351.2,32.5,1.6,,,,
78.269,7,Atta_7,1872.3,2142.4,5.7,49.1,4.6,,,,
78.269,8,Atta_8,1363.6,534.7,5.1,15.7,2.1,,,,
78.269,9,Atta_9,602.9,899.4,1.3,-82.7,1.0,,,,
78.269,10,Atta_10,634.2,1668.4,347.6,48.2,3.5,,,,
78.338,1,Atta_1,1368.0,2118.7,335.5,-55.6,-2.0,,,,
78.338,2,Atta_2,1134.1,843.5,354.2,91.3,0.2,,,,
78.338,3,Atta_3,1999.1,1380.0,347.4,-34.9,-3.2,,,,
78.338,4,Atta_4,1342.1,1972.6,8.4,46.0,-3.1,,,,
78.338,5,Atta_5,2793.4,2072.4,348.0,47.3,-0.5,,,,
78.338,6,Atta_6,1139.5,2444.5,351.0,-75.9,-0.2,,,,
78.338,7,Atta_7,1854.6,2102.9,358.7,-43.3,-7.0,,,,
78.338,8,Atta_8,1403.9,493.5,5.0,57.6,-0.1,,,,
78.338,9,Atta_9,653.1,939.7,359.1,64.4,-2.2,,,,
78.338,10,Atta_10,601.1,1739.8,347.0,-78.7,-0.6,,,,
78.404,1,Atta_1,1440.9,2087.6,336.9,79.3,1.4,,,,
78.404,2,Atta_2,1160.6,772.1,355.1,76.2,0.9,,,,
78.404,3,Atta_3,1963.3,1356.9,341.9,-42.6,-5.5,,,,
78.404,4,Atta_4,1362.2,2002.0,8.2,35.6,-0.2,,,,
78.404,5,Atta_5,2716.3,2080.8,343.5,-77.6,-4.5,,,,
78.404,6,Atta_6,1251.2,2470.1,352.3,114.6,1.3,,,,
78.404,7,Atta_7,1832.5,2105.2,359.8,-22.2,1.1,,,,
78.404,8,Atta_8,1414.0,488.6,1.0,11.2,-4.0,,,,
78.404,9,Atta_9,681.4,855.9,0.8,88.4,1.7,,,,
78.404,10,Atta_10,644.3,1638.6,344.0,110.0,-3.0,,,,
78.471,1,Atta_1,1372.1,2112.9,327.5,-73.3,-9.4,,,,
78.471,2,Atta_2,1141.2,804.1,357.5,-37.4,2.4,,,,
78.471,3,Atta_3,1996.4,1445.0,335.0,94.1,-6.9,,,,
78.471,4,Atta_4,1365.4,1921.1,9.1,-81.0,0.9,,,,
78.471,5,Atta_5,2765.0,2073.9,348.8,49.2,5.3,,,,
78.471,6,Atta_6,1203.9,2474.5,350.4,-47.5,-1.9,,,,
78.471,7,Atta_7,1839.3,2216.1,352.6,111.1,-7.2,,,,
78.471,8,Atta_8,1406.6,539.1,3.5,-51.0,2.5,,,,
78.471,9,Atta_9,734.9,916.2,360.0,80.6,-0.8,,,,
78.471,10,Atta_10,631.3,1646.9,346.6,-15.4,2.6,,,,
78.537,1,Atta_1,1386.8,2101.1,330.6,18.9,3.1,,,,
78.537,2,Atta_2,1161.1,832.1,357.6,34.4,0.1,,,,
78.537,3,Atta_3,2008.7,1398.5,339.8,48.1,4.8,,,,
78.537,4,Atta_4,1416.6,1957.7,8.4,62.9,-0.7,,,,
78.537,5,Atta_5,2811.8,2088.9,347.0,49.1,-1.8,,,,
78.537,6,Atta_6,1180.8,2497.9,351.0,-32.9,0.6,,,,
78.537,7,Atta_7,1855.3,2134.4,350.2,83.3,-2.4,,,,
78.537,8,Atta_8,1460.5,471.5,5.1,86.5,1.6,,,,
78.537,9,Atta_9,718.5,949.5,1.0,-37.1,1.0,,,,
78.537,10,Atta_10,637.7,1679.2,347.0,-32.9,0.4,,,,
78.626,1,Atta_1,1380.0,2120.4,334.6,-20.5,4.0,,,,
78.626,2,Atta_2,1125.6,768.5,358.7,-72.8,1.1,,,,
78.626,3,Atta_3,2015.7,1346.0,335.5,53.0,-4.3,,,,
78.626,4,Atta_4,1295.6,1982.0,8.3,-123.4,-0.1,,,,
78.626,5,Atta_5,2716.8,2018.9,346.3,-118.0,-0.7,,,,
78.626,6,Atta_6,1251.0,2472.1,351.9,74.8,0.9,,,,
78.626,7,Atta_7,1871.2,2134.3,342.5,15.9,-7.7,,,,
78.626,8,Atta_8,1432.3,502.8,1.9,-42.1,-3.2,,,,
78.626,9,Atta_9,772.2,919.0,3.8,61.8,2.8,,,,
78.626,10,Atta_10,684.7,1622.2,346.9,73.9,-0.1,,,,
78.684,1,Atta_1,1361.8,2131.7,329.6,-21.4,-5.0,,,,
78.684,2,Atta_2,1181.3,755.6,359.5,57.2,0.8,,,,
78.684,3,Atta_3,2002.0,1359.4,337.1,-19.2,1.6,,,,
78.684,4,Atta_4,1340.5,2000.6,4.3,48.6,-4.0,,,,
78.684,5,Atta_5,2829.4,2101.4,350.2,139.6,3.9,,,,
78.684,6,Atta_6,1262.4,2560.3,351.7,-88.9,-0.2,,,,
78.684,7,Atta_7,1807.9,2146.8,342.0,-64.5,-0.5,,,,
78.684,8,Atta_8,1438.5,534.8,359.4,32.6,-2.5,,,,
78.684,9,Atta_9,727.1,974.1,359.7,-71.2,-4.1,,,,
78.684,10,Atta_10,638.4,1663.7,347.4,-62.2,0.5,,,,
78.751,1,Atta_1,1404.5,2132.9,332.4,42.7,2.8,,,,
78.751,2,Atta_2,1217.1,775.7,354.7,41.1,-4.8,,,,
78.751,3,Atta_3,1975.3,1377.9,333.3,-32.5,-3.8,,,,
78.751,4,Atta_4,1440.8,1986.0,10.5,101.4,6.2,,,,
78.751,5,Atta_5,2818.9,2044.2,347.9,-58.2,-2.3,,,,
78.751,6,Atta_6,1233.0,2475.0,351.4,-90.2,-0.3,,,,
78.751,7,Atta_7,1848.1,2162.3,334.2,43.1,-7.8,,,,
78.751,8,Atta_8,1418.9,475.0,2.0,-62.9,2.6,,,,
78.751,9,Atta_9,691.5,922.1,357.7,-63.0,-2.0,,,,
78.751,10,Atta_10,689.2,1657.9,349.9,51.1,2.5,,,,
78.82,1,Atta_1,1337.2,2115.2,336.0,-69.6,3.6,,,,
78.82,2,Atta_2,1244.0,811.5,357.4,44.8,2.7,,,,
78.82,3,Atta_3,2023.4,1350.8,337.7,55.2,4.4,,,,
78.82,4,Atta_4,1424.2,2019.3,8.8,-37.2,-1.7,,,,
78.82,5,Atta_5,2872.9,2041.7,348.1,54.1,0.2,,,,
78.82,6,Atta_6,1268.0,2481.2,349.7,35.5,-1.7,,,,
78.82,7,Atta_7,1908.0,2148.5,327.5,61.5,-6.7,,,,
78.82,8,Atta_8,1407.9,469.8,0.8,-12.2,-1.2,,,,
78.82,9,Atta_9,755.0,887.5,1.7,72.3,4.0,,,,
78.82,10,Atta_10,701.7,1626.1,348.3,34.2,-1.6,,,,
78.889,1,Atta_1,1382.4,2208.4,333.4,103.6,-2.6,,,,
78.889,2,Atta_2,1222.1,813.6,353.2,-22.0,-4.2,,,,
78.889,3,Atta_3,2055.6,1428.6,335.4,84.2,-2.3,,,,
78.889,4,Atta_4,1409.1,1998.6,10.7,-25.6,1.9,,,,
78.889,5,Atta_5,2830.1,2024.0,344.5,-46.3,-3.6,,,,
78.889,6,Atta_6,1278.5,2482.7,352.7,10.6,3.0,,,,
78.889,7,Atta_7,1827.5,2147.0,324.6,-80.5,-2.9,,,,
78.889,8,Atta_8,1480.5,497.9,3.5,77.8,2.7,,,,
78.889,9,Atta_9,782.6,906.8,358.1,33.7,-3.6,,,,
78.889,10,Atta_10,700.8,1644.6,349.6,-18.5,1.3,,,,
78.958,1,Atta_1,1327.2,2065.2,335.6,153.5,2.2,,,,
78.958,2,Atta_2,1195.8,766.8,354.2,-53.7,1.0,,,,
78.958,3,Atta_3,1961.0,1389.3,338.0,-102.4,2.6,,,,
78.958,4,Atta_4,1337.4,2014.7,11.9,-73.5,1.2,,,,
78.958,5,Atta_5,2848.4,2071.2,344.5,50.6,0.0,,,,
78.958,6,Atta_6,1259.0,2466.9,353.4,-25.1,0.7,,,,
78.958,7,Atta_7,1883.2,2202.0,319.8,78.3,-4.8,,,,
78.958,8,Atta_8,1486.3,483.4,5.3,15.6,1.8,,,,
78.958,9,Atta_9,739.5,890.3,1.8,-46.2,3.7,,,,
78.958,10,Atta_10,765.9,1658.1,347.4,66.5,-2.2,,,,
79.027,1,Atta_1,1355.7,2115.0,342.2,57.4,6.6,,,,
79.027,2,Atta_2,1248.0,845.7,355.5,94.6,1.3,,,,
79.027,3,Atta_3,2023.5,1361.4,335.1,68.4,-2.9,,,,
79.027,4,Atta_4,1319.8,1986.4,7.7,-33.3,-4.2,,,,
79.027,5,Atta_5,2857.3,2058.2,348.6,15.8,4.1,,,,
79.027,6,Atta_6,1289.2,2490.8,352.2,38.5,-1.2,,,,
79.027,7,Atta_7,1877.8,2135.5,315.0,66.7,-4.8,,,,
79.027,8,Atta_8,1555.5,497.4,5.3,70.6,0.0,,,,
79.027,9,Atta_9,804.0,903.6,357.2,65.9,-4.6,,,,
79.027,10,Atta_10,700.6,1581.5,347.3,-100.7,-0.1,,,,
79.095,1,Atta_1,1355.4,2163.5,346.9,-48.5,4.7,,,,
79.095,2,Atta_2,1222.4,793.6,359.3,-58.0,3.8,,,,
79.095,3,Atta_3,2044.6,1335.8,334.1,33.2,-1.0,,,,
79.095,4,Atta_4,1381.6,2029.7,9.1,75.5,1.4,,,,
79.095,5,Atta_5,2826.4,2085.8,354.1,-41.4,5.5,,,,
79.095,6,Atta_6,1313.7,2513.2,350.6,33.2,-1.6,,,,
79.095,7,Atta_7,1859.5,2123.5,309.7,-21.9,-5.3,,,,
79.095,8,Atta_8,1505.9,510.4,3.1,-51.3,-2.2,,,,
79.095,9,Atta_9,789.0,907.9,2.4,-15.6,5.2,,,,
79.095,10,Atta_10,733.6,1666.9,348.3,91.6,1.0,,,,
79.164,1,Atta_1,1265.2,2128.6,351.7,-96.7,4.8,,,,
79.164,2,Atta_2,1239.8,754.7,353.3,42.6,-6.0,,,,
79.164,3,Atta_3,2017.0,1339.8,336.7,-27.9,2.6,,,,
79.164,4,Atta_4,1347.1,1983.7,7.8,-57.5,-1.3,,,,
79.164,5,Atta_5,2879.8,2056.3,359.3,61.0,5.2,,,,
79.164,6,Atta_6,1302.9,2459.2,351.1,-55.1,0.5,,,,
79.164,7,Atta_7,1839.6,2210.4,303.6,-89.1,-6.1,,,,
79.164,8,Atta_8,1504.6,520.3,4.4,-10.0,1.3,,,,
79.164,9,Atta_9,811.4,913.2,2.0,23.0,-0.4,,,,
79.164,10,Atta_10,735.1,1638.2,348.1,28.7,-0.2,,,,
79.235,1,Atta_1,1369.3,2089.0,359.6,111.4,7.9,,,,
79.235,2,Atta_2,1241.9,739.4,355.6,15.4,2.3,,,,
79.235,3,Atta_3,2043.7,1327.6,335.3,29.4,-1.4,,,,
79.235,5,Atta_5,2856.1,2022.0,1.3,-41.7,2.0,,,,
79.235,6,Atta_6,1309.7,2480.2,353.7,22.1,2.6,,,,
79.235,7,Atta_7,1833.9,2155.2,306.5,55.5,2.9,,,,
79.235,8,Atta_8,1575.2,468.0,4.5,87.9,0.1,,,,
79.235,9,Atta_9,833.8,918.6,358.1,23.0,-3.9,,,,
79.235,10,Atta_10,774.2,1655.7,348.2,42.8,0.1,,,,
79.289,2,Atta_2,1301.4,840.7,352.0,117.5,-3.6,,,,
79.289,3,Atta_3,2053.6,1339.7,334.6,15.6,-0.7,,,,
79.289,4,Atta_4,1353.1,1959.1,10.1,25.3,2.3,,,,
79.289,5,Atta_5,2934.3,2032.6,9.1,78.9,7.8,,,,
79.289,6,Atta_6,1369.2,2491.3,347.2,60.5,-6.5,,,,
79.289,7,Atta_7,1807.1,2156.0,299.8,-26.8,-6.7,,,,
79.289,8,Atta_8,1562.7,486.0,359.8,-21.9,-4.7,,,,
79.289,9,Atta_9,800.3,928.8,2.2,-35.0,4.1,,,,
79.289,10,Atta_10,758.9,1596.9,348.2,-60.8,0.0,,,,
79.357,1,Atta_1,1336.9,2100.7,6.6,-34.4,7.0,,,,
79.357,2,Atta_2,1252.0,755.5,352.7,-98.5,0.7,,,,
79.357,3,Atta_3,2060.0,1291.6,338.5,48.5,3.9,,,,
79.357,4,Atta_4,1335.1,1949.1,11.0,-20.6,0.9,,,,
79.357,5,Atta_5,2844.7,2078.1,12.2,-100.5,3.1,,,,
79.357,6,Atta_6,1371.8,2459.0,351.6,32.4,4.4,,,,
79.357,7,Atta_7,1825.5,2120.9,305.6,39.6,5.8,,,,
79.357,8,Atta_8,1506.8,465.4,4.2,-59.6,4.4,,,,
79.357,9,Atta_9,838.6,913.1,0.4,41.4,-1.8,,,,
79.357,10,Atta_10,742.1,1667.6,348.1,-72.7,-0.1,,,,
79.424,1,Atta_1,1386.8,2118.6,12.1,53.0,5.5,,,,
79.424,2,Atta_2,1318.0,784.5,357.7,72.1,5.0,,,,
79.424,3,Atta_3,2094.5,1308.8,335.0,38.5,-3.5,,,,
79.424,4,Atta_4,1248.0,2016.0,19.8,-109.8,8.8,,,,
79.424,5,Atta_5,2847.2,2067.6,15.1,10.8,2.9,,,,
79.424,6,Atta_6,1367.9,2426.7,351.2,32.5,-0.4,,,,
79.424,7,Atta_7,1866.8,2149.7,304.4,50.4,-1.2,,,,
79.424,8,Atta_8,1534.5,503.4,3.2,47.0,-1.0,,,,
79.424,9,Atta_9,806.4,920.4,359.1,-33.0,-1.3,,,,
79.424,10,Atta_10,782.4,1651.7,344.9,43.3,-3.2,,,,
79.493,1,Atta_1,1388.1,2178.7,12.8,60.1,0.7,,,,
79.493,2,Atta_2,1357.6,809.3,355.8,46.7,-1.9,,,,
79.493,3,Atta_3,2091.8,1280.9,335.4,28.0,0.4,,,,
79.493,4,Atta_4,1311.6,1941.0,26.6,98.3,6.8,,,,
79.493,5,Atta_5,2777.1,2021.4,20.4,-84.0,5.3,,,,
79.493,6,Atta_6,1331.6,2474.1,351.4,-59.7,0.2,,,,
79.493,7,Atta_7,1855.0,2158.9,309.1,-15.0,4.7,,,,
79.493,8,Atta_8,1578.5,459.6,359.9,62.1,-3.3,,,,
79.493,9,Atta_9,889.0,914.3,359.0,82.8,-0.1,,,,
79.493,10,Atta_10,823.1,1563.0,348.9,97.6,4.0,,,,
79.549,1,Atta_1,1379.7,2166.7,17.3,-14.6,4.5,,,,
79.549,2,Atta_2,1380.9,723.1,355.1,89.3,-0.7,,,,
79.549,3,Atta_3,2092.0,1300.0,337.7,-19.1,2.3,,,,
79.549,4,Atta_4,1324.1,2069.0,26.2,128.6,-0.4,,,,
79.549,5,Atta_5,2844.2,2033.5,24.3,68.2,3.9,,,,
79.549,6,Atta_6,1410.1,2461.8,349.9,79.5,-1.5,,,,
79.549,7,Atta_7,1830.9,2112.5,305.7,52.3,-3.4,,,,
79.549,8,Atta_8,1657.6,475.6,2.6,80.7,2.7,,,,
79.549,9,Atta_9,882.0,957.5,1.7,-43.8,2.7,,,,
79.549,10,Atta_10,828.3,1626.8,343.9,-64.0,-5.0,,,,
79.618,1,Atta_1,1377.9,2075.5,22.6,-91.2,5.3,,,,
79.618,2,Atta_2,1286.7,797.8,357.6,-120.2,2.5,,,,
79.618,3,Atta_3,2079.0,1344.3,337.7,-46.2,0.0,,,,
79.618,4,Atta_4,1321.0,1980.3,30.7,-88.8,4.5,,,,
79.618,5,Atta_5,2797.0,2046.0,27.9,-48.8,3.6,,,,
79.618,6,Atta_6,1408.5,2472.5,347.5,-10.8,-2.4,,,,
79.618,7,Atta_7,1904.6,2126.2,310.1,75.0,4.4,,,,
79.618,8,Atta_8,1556.3,527.5,4.3,-113.8,1.7,,,,
79.618,9,Atta_9,873.9,917.0,358.6,-41.3,-3.1,,,,
79.618,10,Atta_10,817.1,1625.9,347.5,-11.2,3.6,,,,
79.687,1,Atta_1,1310.5,2097.3,26.4,-70.8,3.8,,,,
79.687,2,Atta_2,1355.8,804.5,355.5,69.4,-2.1,,,,
79.687,3,Atta_3,2142.3,1297.7,336.7,78.6,-1.0,,,,
79.687,4,Atta_4,1327.9,2009.7,37.1,30.2,6.4,,,,
79.687,5,Atta_5,2859.7,2040.5,34.6,62.9,6.7,,,,
79.687,6,Atta_6,1389.9,2478.9,348.7,-19.7,1.2,,,,
79.687,7,Atta_7,1850.5,2122.0,302.7,-54.3,-7.4,,,,
79.687,8,Atta_8,1621.5,492.6,4.4,74.0,0.1,,,,
79.687,9,Atta_9,915.3,935.7,1.0,45.4,2.4,,,,
79.687,10,Atta_10,772.5,1631.6,348.0,-45.0,0.5,,,,
79.758,1,Atta_1,1403.3,2136.4,32.7,100.7,6.3,,,,
79.758,2,Atta_2,1353.8,862.5,354.8,-58.0,-0.7,,,,
79.758,3,Atta_3,2124.2,1232.9,334.1,67.3,-2.6,,,,
79.758,4,Atta_4,1306.0,1938.6,44.8,-74.4,7.7,,,,
79.758,5,Atta_5,2893.2,1989.9,36.4,-60.7,1.8,,,,
79.758,6,Atta_6,1355.0,2498.3,353.5,-39.9,4.8,,,,
79.758,7,Atta_7,1907.5,2108.8,302.6,58.5,-0.1,,,,
79.758,8,Atta_8,1573.1,451.0,6.0,-63.8,1.6,,,,
79.758,9,Atta_9,952.3,897.9,359.2,52.9,-1.8,,,,
79.758,10,Atta_10,869.1,1636.0,346.4,96.7,-1.6,,,,
79.822,1,Atta_1,1391.1,2156.3,27.7,23.3,-5.0,,,,
79.822,2,Atta_2,1312.4,725.2,355.5,-143.4,0.7,,,,
79.822,3,Atta_3,2142.4,1352.0,337.5,-120.5,3.4,,,,
79.822,4,Atta_4,1349.9,1965.7,48.8,51.6,4.0,,,,
79.822,5,Atta_5,2868.8,2088.0,35.3,101.1,-1.1,,,,
79.822,6,Atta_6,1361.2,2485.5,345.8,14.2,-7.7,,,,
79.822,7,Atta_7,1938.4,2140.2,307.3,-44.1,4.7,,,,
79.822,8,Atta_8,1691.2,516.1,2.6,134.9,-3.4,,,,
79.822,9,Atta_9,916.8,914.3,3.9,-39.1,4.7,,,,
79.822,10,Atta_10,837.3,1597.6,350.8,-49.9,4.4,,,,
79.894,1,Atta_1,1338.9,2147.4,31.1,-53.0,3.4,,,,
79.894,2,Atta_2,1396.9,783.3,353.4,102.5,-2.1,,,,
79.894,3,Atta_3,2149.9,1350.4,334.7,7.7,-2.8,,,,
79.894,4,Atta_4,1332.9,1959.2,50.7,-18.2,1.9,,,,
79.894,5,Atta_5,2840.5,2022.6,31.3,-71.3,-4.0,,,,
79.894,6,Atta_6,1318.0,2479.7,352.6,-43.6,6.8,,,,
79.894,7,Atta_7,1902.5,2092.6,306.0,59.6,-1.3,,,,
79.894,8,Atta_8,1662.9,503.7,360.0,-30.9,-2.6,,,,
79.894,9,Atta_9,933.7,925.0,358.0,20.0,-5.9,,,,
79.894,10,Atta_10,851.1,1598.3,347.2,13.8,-3.6,,,,
79.963,1,Atta_1,1356.1,2197.7,30.5,53.2,-0.6,,,,
79.963,2,Atta_2,1390.5,801.5,352.9,-19.3,-0.5,,,,
79.963,3,Atta_3,2207.6,1339.6,333.8,58.7,-0.9,,,,
79.963,4,Atta_4,1330.6,1984.5,53.8,25.4,3.1,,,,
79.963,5,Atta_5,2862.5,2047.2,32.8,33.0,1.5,,,,
79.963,6,Atta_6,1311.1,2503.8,350.9,-25.1,-1.7,,,,
79.963,7,Atta_7,1943.8,2127.0,307.3,-53.7,1.3,,,,
79.963,8,Atta_8,1698.7,511.9,4.1,36.7,4.1,,,,
79.963,9,Atta_9,979.4,919.2,358.9,46.1,0.9,,,,
79.963,10,Atta_10,895.6,1582.6,346.9,47.2,-0.3,,,,
80.034,1,Atta_1,1404.0,2106.8,26.0,-102.7,-4.5,,,,
80.034,2,Atta_2,1302.7,777.0,355.2,-91.2,2.3,,,,
80.034,3,Atta_3,2154.0,1309.4,338.9,-61.5,5.1,,,,
80.034,4,Atta_4,1301.6,2001.9,61.6,-33.8,7.8,,,,
80.034,5,Atta_5,2847.6,2083.4,31.3,39.1,-1.5,,,,
80.034,6,Atta_6,1392.1,2518.0,350.2,82.2,-0.7,,,,
80.034,7,Atta_7,1883.6,2028.2,305.1,115.7,-2.2,,,,
80.034,8,Atta_8,1650.9,496.6,2.9,-50.2,-1.2,,,,
80.034,9,Atta_9,998.8,898.0,358.6,28.7,-0.3,,,,
80.034,10,Atta_10,912.1,1616.3,348.1,37.5,1.2,,,,
80.101,1,Atta_1,1364.2,2085.5,35.0,-45.1,9.0,,,,
80.101,2,Atta_2,1385.3,804.0,354.6,86.9,-0.6,,,,
80.101,3,Atta_3,2183.1,1296.7,334.4,31.8,-4.5,,,,
80.101,4,Atta_4,1348.8,1956.6,65.0,-65.4,3.4,,,,
80.101,5,Atta_5,2860.1,2010.3,33.1,-74.2,1.8,,,,
80.101,6,Atta_6,1340.8,2514.7,345.6,-51.4,-4.6,,,,
80.101,7,Atta_7,1911.8,2019.0,305.1,29.7,0.0,,,,
80.101,8,Atta_8,1678.5,506.4,0.8,29.3,-2.1,,,,
80.101,9,Atta_9,987.3,939.9,0.7,-43.4,2.1,,,,
80.101,10,Atta_10,903.8,1563.2,345.7,53.7,-2.4,,,,
80.155,1,Atta_1,1360.2,2166.7,32.6,81.3,-2.4,,,,
80.155,2,Atta_2,1362.6,805.5,352.9,-22.7,-1.7,,,,
80.155,3,Atta_3,2148.4,1253.7,337.6,-55.3,3.2,,,,
80.155,4,Atta_4,1326.0,1950.5,66.5,-23.6,1.5,,,,
80.155,5,Atta_5,2877.7,2093.6,33.1,85.1,0.0,,,,
80.155,6,Atta_6,1275.6,2508.7,342.5,-65.5,-3.1,,,,
80.155,7,Atta_7,1929.1,2082.5,306.5,-65.8,1.4,,,,
80.155,8,Atta_8,1688.0,503.1,4.6,10.1,3.8,,,,
80.155,9,Atta_9,982.9,924.1,359.0,-16.4,-1.7,,,,
80.155,10,Atta_10,905.7,1617.1,350.5,-53.9,4.8,,,,
80.226,1,Atta_1,1377.0,2136.5,31.5,-34.6,-1.1,,,,
80.226,2,Atta_2,1369.3,738.8,352.7,67.0,-0.2,,,,
80.226,3,Atta_3,2209.5,1310.8,337.3,83.6,-0.3,,,,
80.226,4,Atta_4,1306.9,1982.6,70.0,37.4,3.5,,,,
80.226,5,Atta_5,2893.7,2049.3,34.1,-47.1,1.0,,,,
80.226,6,Atta_6,1300.8,2452.4,337.8,61.7,-4.7,,,,
80.226,7,Atta_7,1970.4,2066.1,305.1,44.4,-1.4,,,,
80.226,8,Atta_8,1709.3,518.6,2.1,26.3,-2.5,,,,
80.226,9,Atta_9,954.1,900.6,0.6,-37.2,1.6,,,,
80.226,10,Atta_10,920.7,1619.6,349.9,15.2,-0.6,,,,
80.295,1,Atta_1,1381.9,2154.3,29.6,18.5,-1.9,,,,
80.295,2,Atta_2,1303.5,804.0,353.5,-92.6,0.8,,,,
80.295,3,Atta_3,2233.7,1291.6,334.8,30.9,-2.5,,,,
80.295,4,Atta_4,1289.8,1974.9,63.7,-18.8,-6.3,,,,
80.295,5,Atta_5,2902.8,2051.9,32.0,9.5,-2.1,,,,
80.295,6,Atta_6,1318.3,2476.6,327.8,29.9,-10.0,,,,
80.295,7,Atta_7,1897.9,2038.4,307.8,-77.6,2.7,,,,
80.295,8,Atta_8,1731.3,527.8,5.9,23.8,3.8,,,,
80.295,9,Atta_9,1013.0,913.5,357.8,60.3,-2.8,,,,
80.295,10,Atta_10,908.5,1596.9,345.7,-25.8,-4.2,,,,
80.362,1,Atta_1,1390.6,2162.0,29.7,11.6,0.1,,,,
80.362,2,Atta_2,1330.9,816.0,356.7,29.9,3.2,,,,
80.362,3,Atta_3,2204.1,1273.4,330.7,-34.7,-4.1,,,,
80.362,4,Atta_4,1335.3,2004.2,66.2,54.1,2.5,,,,
80.362,5,Atta_5,2917.8,2056.0,28.4,15.6,-3.6,,,,
80.362,6,Atta_6,1369.7,2532.7,329.6,76.1,1.8,,,,
80.362,7,Atta_7,1986.0,2000.4,308.5,95.9,0.7,,,,
80.362,8,Atta_8,1735.3,515.7,5.3,12.7,-0.6,,,,
80.362,9,Atta_9,974.1,906.6,0.8,-39.5,3.0,,,,
80.362,10,Atta_10,918.0,1623.3,346.8,28.1,1.1,,,,
80.428,1,Atta_1,1388.3,2140.1,29.3,-22.0,-0.4,,,,
80.428,2,Atta_2,1308.2,769.4,355.1,-51.8,-1.6,,,,
80.428,3,Atta_3,2180.0,1232.4,331.2,-47.6,0.5,,,,
80.428,4,Atta_4,1351.9,1984.1,66.5,-26.1,0.3,,,,
80.428,5,Atta_5,2897.3,2073.4,21.1,-26.9,-7.3,,,,
80.428,6,Atta_6,1316.3,2477.4,323.7,-76.9,-5.9,,,,
80.428,7,Atta_7,1913.9,2071.3,316.7,-101.1,8.2,,,,
80.428,8,Atta_8,1728.2,524.8,2.9,-11.5,-2.4,,,,
80.428,9,Atta_9,1058.4,859.0,357.7,96.8,-3.1,,,,
80.428,10,Atta_10,994.2,1627.8,348.5,76.3,1.7,,,,
80.496,1,Atta_1,1384.1,2159.3,28.0,19.7,-1.3,,,,
80.496,2,Atta_2,1315.2,787.5,352.7,19.4,-2.4,,,,
80.496,3,Atta_3,2196.6,1299.1,331.3,-68.7,0.1,,,,
80.496,4,Atta_4,1305.3,2038.3,64.4,71.5,-2.1,,,,
80.496,5,Atta_5,2930.2,2082.8,19.9,34.2,-1.2,,,,
80.496,6,Atta_6,1377.4,2477.4,319.5,61.1,-4.2,,,,
80.496,7,Atta_7,1935.4,2061.3,319.7,23.7,3.0,,,,
80.496,8,Atta_8,1748.0,529.4,3.4,20.3,0.5,,,,
80.496,9,Atta_9,1025.0,926.6,358.3,-75.4,0.6,,,,
80.496,10,Atta_10,973.0,1593.8,348.3,-40.1,-0.2,,,,
80.613,1,Atta_1,1399.5,2191.7,32.4,35.9,4.4,,,,
80.613,2,Atta_2,1362.3,803.4,347.3,49.7,-5.4,,,,
80.613,3,Atta_3,2225.2,1250.2,332.6,56.6,1.3,,,,
80.613,4,Atta_4,1335.6,1914.0,62.1,-127.9,-2.3,,,,
80.613,5,Atta_5,2857.8,2042.9,18.2,-82.7,-1.7,,,,
80.613,6,Atta_6,1278.7,2470.8,315.6,-98.9,-3.9,,,,
80.613,7,Atta_7,1910.1,2063.4,328.0,-25.4,8.3,,,,
80.613,8,Atta_8,1807.3,505.6,2.1,63.9,-1.3,,,,
80.613,9,Atta_9,1034.2,888.5,359.2,39.2,0.9,,,,
80.613,10,Atta_10,931.4,1590.7,350.7,-41.7,2.4,,,,
80.679,1,Atta_1,1441.1,2157.4,32.9,53.9,0.5,,,,
80.679,2,Atta_2,1349.1,797.7,335.7,-14.4,-11.6,,,,
80.679,3,Atta_3,2211.7,1266.0,334.2,-20.8,1.6,,,,
80.679,4,Atta_4,1295.1,2011.4,66.2,105.5,4.1,,,,
80.679,5,Atta_5,2873.9,2147.1,3.4,105.4,-14.8,,,,
80.679,6,Atta_6,1328.0,2493.5,307.2,54.3,-8.4,,,,
80.679,7,Atta_7,1870.6,2060.4,336.8,-39.6,8.8,,,,
80.679,8,Atta_8,1760.9,504.9,3.1,-46.4,1.0,,,,
80.679,9,Atta_9,1025.3,891.6,358.6,-9.4,-0.6,,,,
80.679,10,Atta_10,1003.1,1608.6,346.3,73.9,-4.4,,,,
80.749,1,Atta_1,1412.1,2196.1,29.7,-48.4,-3.2,,,,
80.749,2,Atta_2,1343.8,754.6,333.0,43.4,-2.7,,,,
80.749,3,Atta_3,2220.8,1235.3,334.9,32.0,0.7,,,,
80.749,4,Atta_4,1346.7,1993.2,69.7,54.7,3.5,,,,
80.749,5,Atta_5,2859.1,2109.1,0.2,-40.8,-3.2,,,,
80.749,6,Atta_6,1329.8,2487.9,301.6,5.9,-5.6,,,,
80.749,7,Atta_7,1945.9,2078.1,337.4,77.4,0.6,,,,
80.749,8,Atta_8,1791.3,538.7,3.6,45.5,0.5,,,,
80.749,9,Atta_9,1101.8,911.6,1.1,79.1,2.5,,,,
80.749,10,Atta_10,1039.1,1592.1,344.2,39.6,-2.1,,,,
80.881,1,Atta_1,1539.1,2190.1,31.0,127.1,1.3,,,,
80.881,2,Atta_2,1310.6,782.8,327.2,-43.6,-5.8,,,,
80.881,3,Atta_3,2255.9,1257.4,331.3,41.5,-3.6,,,,
80.881,4,Atta_4,1281.9,2024.8,66.7,72.1,-3.0,,,,
80.881,5,Atta_5,2886.5,2064.1,355.7,52.7,-4.5,,,,
80.881,6,Atta_6,1226.5,2505.7,297.0,-104.8,-4.6,,,,
80.881,7,Atta_7,1903.3,2037.9,337.0,-58.6,-0.4,,,,
80.881,8,Atta_8,1815.5,511.7,1.2,36.3,-2.4,,,,
80.881,9,Atta_9,1104.1,895.8,2.3,16.0,1.2,,,,
80.881,10,Atta_10,1016.1,1622.7,348.7,-38.3,4.5,,,,
80.948,1,Atta_1,1447.2,2250.8,22.8,-110.1,-8.2,,,,
80.948,2,Atta_2,1337.7,829.2,320.2,-53.7,-7.0,,,,
80.948,3,Atta_3,2192.0,1295.1,334.1,-74.2,2.8,,,,
80.948,4,Atta_4,1353.1,2089.7,65.3,96.3,-1.4,,,,
80.948,5,Atta_5,2980.2,2051.7,354.7,94.5,-1.0,,,,
80.948,6,Atta_6,1300.7,2434.3,293.2,103.0,-3.8,,,,
80.948,7,Atta_7,1897.0,2070.9,334.6,-33.6,-2.4,,,,
80.948,8,Atta_8,1897.9,542.2,5.0,87.9,3.8,,,,
80.948,9,Atta_9,1068.1,871.5,357.8,-43.4,-4.5,,,,
80.948,10,Atta_10,1030.3,1581.2,347.1,43.9,-1.6,,,,
81.017,1,Atta_1,1419.1,2156.1,21.4,-98.8,-1.4,,,,
81.017,2,Atta_2,1336.5,780.8,316.9,48.4,-3.3,,,,
81.017,3,Atta_3,2249.2,1237.0,332.7,81.5,-1.4,,,,
81.017,4,Atta_4,1352.7,2001.7,66.0,-88.0,0.7,,,,
81.017,5,Atta_5,2834.7,2045.5,346.7,-145.6,-8.0,,,,
81.017,6,Atta_6,1275.0,2473.1,296.9,-46.5,3.7,,,,
81.017,7,Atta_7,1910.4,2063.6,336.9,15.3,2.3,,,,
81.017,8,Atta_8,1864.7,549.2,4.3,-33.9,-0.7,,,,
81.017,9,Atta_9,1154.1,889.4,359.2,87.8,1.4,,,,
81.017,10,Atta_10,995.1,1580.1,343.8,-35.2,-3.3,,,,
81.085,1,Atta_1,1526.9,2199.5,17.1,116.2,-4.3,,,,
81.085,2,Atta_2,1297.9,807.3,314.4,-46.8,-2.5,,,,
81.085,3,Atta_3,2317.4,1283.9,335.3,82.8,2.6,,,,
81.085,4,Atta_4,1380.7,2101.0,65.7,103.2,-0.3,,,,
81.085,5,Atta_5,2860.5,2054.6,348.5,27.4,1.8,,,,
81.085,6,Atta_6,1335.2,2477.8,293.4,60.4,-3.5,,,,
81.085,7,Atta_7,1971.2,2032.6,338.6,68.2,1.7,,,,
81.085,8,Atta_8,1822.5,468.4,3.3,-91.2,-1.0,,,,
81.085,9,Atta_9,1122.2,895.0,0.9,-32.4,1.7,,,,
81.085,10,Atta_10,1085.0,1561.3,343.4,91.8,-0.4,,,,
81.152,1,Atta_1,1454.8,2218.7,12.6,-74.6,-4.5,,,,
81.152,2,Atta_2,1312.6,788.5,305.9,23.9,-8.5,,,,
81.152,3,Atta_3,2295.3,1245.6,328.7,-44.2,-6.6,,,,
81.152,4,Atta_4,1382.6,2097.5,69.2,-4.0,3.5,,,,
81.152,5,Atta_5,2925.0,2066.5,342.4,65.6,-6.1,,,,
81.152,6,Atta_6,1350.9,2420.5,291.2,59.4,-2.2,,,,
81.152,7,Atta_7,1948.0,2036.6,332.9,-23.5,-5.7,,,,
81.152,8,Atta_8,1814.2,507.1,0.9,-39.6,-2.4,,,,
81.152,9,Atta_9,1086.5,915.2,0.8,-41.0,-0.1,,,,
81.152,10,Atta_10,1023.5,1520.0,347.4,-74.1,4.0,,,,
81.22,1,Atta_1,1429.5,2140.2,1.0,-82.5,-11.6,,,,
81.22,2,Atta_2,1308.7,780.5,301.6,8.9,-4.3,,,,
81.22,3,Atta_3,2326.7,1215.3,332.6,43.6,3.9,,,,
81.22,4,Atta_4,1363.8,2081.6,58.5,-24.6,-10.7,,,,
81.22,5,Atta_5,2908.2,2076.1,329.9,-19.3,-12.5,,,,
81.22,6,Atta_6,1289.1,2539.7,294.0,-134.3,2.8,,,,
81.22,7,Atta_7,1995.2,2053.1,333.7,50.0,0.8,,,,
81.22,8,Atta_8,1877.9,463.8,1.6,77.0,0.7,,,,
81.22,9,Atta_9,1156.5,915.8,358.3,70.0,-2.5,,,,
81.22,10,Atta_10,1133.2,1554.6,349.0,115.0,1.6,,,,
81.353,1,Atta_1,1465.3,2209.2,358.2,77.7,-2.8,,,,
81.353,2,Atta_2,1305.6,785.5,299.1,-5.9,-2.5,,,,
81.353,3,Atta_3,2344.6,1242.3,330.6,32.4,-2.0,,,,
81.353,4,Atta_4,1346.2,2055.1,64.3,-31.8,5.8,,,,
81.353,5,Atta_5,2918.4,2085.4,324.7,13.8,-5.2,,,,
81.353,6,Atta_6,1299.9,2507.8,293.5,33.7,-0.5,,,,
81.353,7,Atta_7,2020.0,2100.7,335.8,53.7,2.1,,,,
81.353,8,Atta_8,1867.1,483.1,359.2,-22.1,-2.4,,,,
81.353,9,Atta_9,1222.9,885.0,357.9,73.2,-0.4,,,,
81.353,10,Atta_10,1129.2,1596.5,347.8,-42.1,-1.2,,,,
81.419,1,Atta_1,1426.5,2197.7,351.2,-40.5,-7.0,,,,
81.419,2,Atta_2,1326.6,837.2,296.2,-55.8,-2.9,,,,
81.419,3,Atta_3,2332.2,1212.8,331.9,32.0,1.3,,,,
81.419,4,Atta_4,1335.7,2060.9,65.0,12.0,0.7,,,,
81.419,5,Atta_5,2929.9,2107.6,321.0,-25.0,-3.7,,,,
81.419,6,Atta_6,1275.2,2474.4,289.8,41.5,-3.7,,,,
81.419,7,Atta_7,1949.4,2018.5,337.9,-108.4,2.1,,,,
81.419,8,Atta_8,1850.6,499.9,3.6,-23.5,4.4,,,,
81.419,9,Atta_9,1171.1,901.6,0.6,-54.4,2.7,,,,
81.419,10,Atta_10,1102.2,1515.9,346.5,-85.0,-1.3,,,,
81.489,1,Atta_1,1466.0,2155.3,349.1,57.9,-2.1,,,,
81.489,2,Atta_2,1348.6,824.3,301.1,25.5,4.9,,,,
81.489,3,Atta_3,2337.9,1205.4,331.8,9.3,-0.1,,,,
81.489,4,Atta_4,1367.8,2077.7,63.1,36.2,-1.9,,,,
81.489,5,Atta_5,2900.1,2065.0,318.2,52.0,-2.8,,,,
81.489,6,Atta_6,1310.1,2413.8,298.1,69.9,8.3,,,,
81.489,7,Atta_7,2000.1,2027.1,336.0,51.4,-1.9,,,,
81.489,8,Atta_8,1806.8,496.0,5.2,-44.0,1.6,,,,
81.489,9,Atta_9,1201.9,941.4,355.9,50.3,-4.7,,,,
81.489,10,Atta_10,1131.1,1542.6,348.4,39.3,1.9,,,,
81.559,1,Atta_1,1498.1,2206.7,337.9,60.6,-11.2,,,,
81.559,2,Atta_2,1272.5,821.7,296.8,-76.1,-4.3,,,,
81.559,3,Atta_3,2345.5,1161.9,332.3,44.2,0.5,,,,
81.559,4,Atta_4,1307.2,2045.2,62.7,-68.8,-0.4,,,,
81.559,5,Atta_5,2904.5,2088.3,312.0,-23.7,-6.2,,,,
81.559,6,Atta_6,1338.7,2430.6,292.6,-33.2,-5.5,,,,
81.559,7,Atta_7,1990.1,2029.3,336.7,-10.2,0.7,,,,
81.559,8,Atta_8,1863.7,480.9,2.6,58.9,-2.6,,,,
81.559,9,Atta_9,1155.6,900.8,0.2,-61.6,4.3,,,,
81.559,10,Atta_10,1099.6,1565.1,348.7,-38.7,0.3,,,,
81.625,1,Atta_1,1458.3,2237.3,340.6,-50.2,2.7,,,,
81.625,2,Atta_2,1313.0,793.8,297.0,49.2,0.2,,,,
81.625,3,Atta_3,2346.6,1212.6,332.1,-50.7,-0.2,,,,
81.625,4,Atta_4,1351.1,2011.9,64.6,-55.1,1.9,,,,
81.625,5,Atta_5,2899.1,2064.5,311.0,24.4,-1.0,,,,
81.625,6,Atta_6,1364.2,2428.0,292.4,25.6,-0.2,,,,
81.625,7,Atta_7,2017.7,2066.7,335.3,46.5,-1.4,,,,
81.625,8,Atta_8,1847.1,548.8,4.0,-69.9,1.4,,,,
81.625,9,Atta_9,1253.8,930.6,2.1,102.6,1.9,,,,
81.625,10,Atta_10,1142.9,1535.2,347.8,52.6,-0.9,,,,
81.696,1,Atta_1,1470.6,2172.2,334.9,66.3,-5.7,,,,
81.696,2,Atta_2,1296.1,766.8,296.1,31.9,-0.9,,,,
81.696,3,Atta_3,2388.7,1172.4,333.9,58.2,1.8,,,,
81.696,4,Atta_4,1340.5,2000.2,61.4,-15.8,-3.2,,,,
81.696,5,Atta_5,2933.2,2076.2,305.7,36.1,-5.3,,,,
81.696,6,Atta_6,1388.9,2431.2,295.1,24.9,2.7,,,,
81.696,7,Atta_7,1985.8,2010.5,337.9,-64.6,2.6,,,,
81.696,8,Atta_8,1821.1,488.7,2.8,-65.5,-1.2,,,,
81.696,9,Atta_9,1225.1,921.7,359.3,-30.0,-2.8,,,,
81.696,10,Atta_10,1207.7,1537.3,348.7,64.8,0.9,,,,
81.766,1,Atta_1,1425.2,2163.5,331.3,-46.2,-3.6,,,,
81.766,2,Atta_2,1289.1,787.0,296.7,-21.4,0.6,,,,
81.766,3,Atta_3,2358.7,1144.1,330.4,-41.2,-3.5,,,,
81.766,4,Atta_4,1339.7,2012.4,67.9,12.2,6.5,,,,
81.766,5,Atta_5,2864.9,2088.7,305.2,-69.4,-0.5,,,,
81.766,6,Atta_6,1289.7,2395.9,288.9,-105.3,-6.2,,,,
81.766,7,Atta_7,2033.6,1958.0,334.3,71.0,-3.6,,,,
81.766,8,Atta_8,1786.0,534.2,0.4,-57.5,-2.4,,,,
81.766,9,Atta_9,1282.9,888.4,355.6,66.7,-3.7,,,,
81.766,10,Atta_10,1132.9,1595.8,348.7,-95.0,0.0,,,,
81.835,1,Atta_1,1446.0,2166.5,332.7,21.0,1.4,,,,
81.835,2,Atta_2,1375.0,737.7,299.2,99.0,2.5,,,,
81.835,3,Atta_3,2396.8,1183.9,332.7,55.1,2.3,,,,
81.835,4,Atta_4,1368.4,2026.0,77.0,31.8,9.1,,,,
81.835,5,Atta_5,2936.0,2073.3,307.2,72.7,2.0,,,,
81.835,6,Atta_6,1359.7,2389.8,289.2,70.3,0.3,,,,
81.835,7,Atta_7,2040.0,1936.9,334.9,22.0,0.6,,,,
81.835,8,Atta_8,1838.0,497.0,350.5,63.9,-9.9,,,,
81.835,9,Atta_9,1274.6,865.9,359.8,-24.0,4.2,,,,
81.835,10,Atta_10,1195.4,1582.0,349.4,64.0,0.7,,,,
81.968,1,Atta_1,1395.2,2221.0,332.9,-74.5,0.2,,,,
81.968,2,Atta_2,1336.7,778.0,297.6,-55.6,-1.6,,,,
81.968,3,Atta_3,2401.8,1172.9,331.7,12.1,-1.0,,,,
81.968,4,Atta_4,1338.1,1979.3,79.4,-55.7,2.4,,,,
81.968,5,Atta_5,2900.0,2077.3,307.2,-36.2,0.0,,,,
81.968,6,Atta_6,1339.9,2320.7,294.4,71.9,5.2,,,,
81.968,7,Atta_7,2063.9,1994.1,335.9,-62.0,1.0,,,,
81.968,8,Atta_8,1760.5,535.7,349.5,-86.6,-1.0,,,,
81.968,9,Atta_9,1280.0,886.1,357.3,20.9,-2.5,,,,
81.968,10,Atta_10,1219.5,1507.4,349.7,78.4,0.3,,,,
82.034,1,Atta_1,1432.4,2254.4,327.0,50.0,-5.9,,,,
82.034,2,Atta_2,1301.2,752.1,298.6,43.9,1.0,,,,
82.034,3,Atta_3,2446.7,1163.8,334.1,45.8,2.4,,,,
82.034,4,Atta_4,1280.1,2002.2,86.1,62.4,6.7,,,,
82.034,5,Atta_5,2872.9,2097.1,304.6,-33.6,-2.6,,,,
82.034,6,Atta_6,1395.6,2337.4,294.7,58.1,0.3,,,,
82.034,8,Atta_8,1791.3,527.4,341.1,31.9,-8.4,,,,
82.034,9,Atta_9,1319.5,946.3,357.6,72.0,0.3,,,,
82.034,10,Atta_10,1188.9,1548.9,344.7,-51.6,-5.0,,,,
82.102,1,Atta_1,1482.4,2196.9,330.1,76.2,3.1,,,,
82.102,2,Atta_2,1309.2,736.1,293.6,17.9,-5.0,,,,
82.102,3,Atta_3,2411.0,1140.8,332.3,-42.5,-1.8,,,,
82.102,4,Atta_4,1327.0,2051.8,91.8,68.3,5.7,,,,
82.102,5,Atta_5,2909.3,2115.5,304.7,40.8,0.1,,,,
82.102,6,Atta_6,1368.0,2373.4,301.3,-45.4,6.6,,,,
82.102,7,Atta_7,2123.3,1941.5,341.1,79.3,5.2,,,,
82.102,8,Atta_8,1793.3,538.2,336.6,-11.0,-4.5,,,,
82.102,9,Atta_9,1266.1,907.4,1.7,-66.1,4.1,,,,
82.102,10,Atta_10,1200.5,1514.6,349.3,36.2,4.6,,,,
82.172,1,Atta_1,1433.9,2184.4,331.8,-50.1,1.7,,,,
82.172,2,Atta_2,1338.8,731.3,296.6,30.0,3.0,,,,
82.172,3,Atta_3,2417.8,1100.7,332.6,40.7,0.3,,,,
82.172,4,Atta_4,1309.5,1974.3,95.3,-79.5,3.5,,,,
82.172,5,Atta_5,2922.5,2098.5,306.8,21.5,2.1,,,,
82.172,6,Atta_6,1372.6,2309.6,305.8,64.0,4.5,,,,
82.172,7,Atta_7,2095.9,2018.0,335.2,-81.3,-5.9,,,,
82.172,8,Atta_8,1810.2,502.0,337.0,40.0,0.4,,,,
82.172,9,Atta_9,1319.2,864.9,0.2,68.0,-1.5,,,,
82.172,10,Atta_10,1245.8,1576.2,350.6,76.5,1.3,,,,
82.238,1,Atta_1,1505.5,2198.3,332.2,72.9,0.4,,,,
82.238,2,Atta_2,1308.6,746.3,296.1,-33.7,-0.5,,,,
82.238,3,Atta_3,2454.4,1145.4,335.1,57.8,2.5,,,,
82.238,4,Atta_4,1326.5,2026.7,99.0,55.1,3.7,,,,
82.238,5,Atta_5,2927.3,2045.2,302.5,53.5,-4.3,,,,
82.238,6,Atta_6,1363.1,2387.7,309.5,-78.7,3.7,,,,
82.238,7,Atta_7,2109.5,1991.1,336.5,30.1,1.3,,,,
82.238,8,Atta_8,1776.4,526.7,331.2,-41.9,-5.8,,,,
82.238,9,Atta_9,1304.4,905.1,2.8,-42.8,2.6,,,,
82.238,10,Atta_10,1209.9,1555.3,347.5,-41.5,-3.1,,,,
82.305,1,Atta_1,1521.7,2099.8,335.2,99.8,3.0,,,,
82.305,2,Atta_2,1381.9,686.6,295.0,94.5,-1.1,,,,
82.305,3,Atta_3,2403.9,1068.9,331.5,-91.7,-3.6,,,,
82.305,4,Atta_4,1247.6,1966.9,104.8,-99.0,5.8,,,,
82.305,5,Atta_5,2943.2,2043.5,310.9,16.0,8.4,,,,
82.305,6,Atta_6,1358.2,2395.2,308.8,-9.0,-0.7,,,,
82.305,7,Atta_7,2080.2,1971.2,335.4,-35.4,-1.1,,,,
82.305,8,Atta_8,1784.2,493.7,323.2,33.9,-8.0,,,,
82.305,9,Atta_9,1300.4,864.4,1.8,-40.9,-1.0,,,,
82.305,10,Atta_10,1248.7,1529.5,348.7,46.6,1.2,,,,
82.376,1,Atta_1,1499.7,2198.7,327.6,-101.3,-7.6,,,,
82.376,2,Atta_2,1344.2,682.5,299.4,-37.9,4.4,,,,
82.376,3,Atta_3,2463.0,1149.9,331.7,100.3,0.2,,,,
82.376,4,Atta_4,1286.3,2001.3,109.8,51.8,5.0,,,,
82.376,5,Atta_5,2919.3,2071.7,302.3,-37.0,-8.6,,,,
82.376,6,Atta_6,1349.4,2325.6,312.4,70.2,3.6,,,,
82.376,7,Atta_7,2100.4,2026.5,334.4,-58.9,-1.0,,,,
82.376,8,Atta_8,1781.9,524.2,319.5,-30.6,-3.7,,,,
82.376,9,Atta_9,1385.2,952.8,0.9,122.5,-0.9,,,,
82.376,10,Atta_10,1261.8,1519.8,346.4,16.3,-2.3,,,,
82.442,1,Atta_1,1460.2,2168.7,332.4,-49.6,4.8,,,,
82.442,2,Atta_2,1412.4,630.9,300.9,85.5,1.5,,,,
82.442,3,Atta_3,2508.2,1252.9,332.4,-112.5,0.7,,,,
82.442,4,Atta_4,1305.2,2006.9,113.5,-19.7,3.7,,,,
82.442,5,Atta_5,2913.7,1984.9,307.4,87.0,5.1,,,,
82.442,6,Atta_6,1397.0,2347.4,319.4,52.4,7.0,,,,
82.442,7,Atta_7,2176.2,1920.4,335.0,130.4,0.6,,,,
82.442,8,Atta_8,1834.0,490.7,316.1,61.9,-3.4,,,,
82.442,9,Atta_9,1326.9,925.4,1.2,-64.4,0.3,,,,
82.442,10,Atta_10,1285.3,1527.5,351.3,24.7,4.9,,,,
82.51,1,Atta_1,1532.9,2212.1,331.6,84.7,-0.8,,,,
82.51,2,Atta_2,1346.5,693.5,305.6,-90.9,4.7,,,,
82.51,3,Atta_3,2493.9,1131.2,330.3,122.5,-2.1,,,,
82.51,4,Atta_4,1347.9,2061.4,115.9,69.2,2.4,,,,
82.51,5,Atta_5,2975.2,1970.3,306.8,63.2,-0.6,,,,
82.51,6,Atta_6,1280.2,2392.6,327.6,-125.2,8.2,,,,
82.51,7,Atta_7,2171.7,1937.9,334.8,-18.1,-0.2,,,,
82.51,8,Atta_8,1754.7,491.6,310.0,-79.3,-6.1,,,,
82.51,9,Atta_9,1402.6,881.1,0.4,87.7,-0.8,,,,
82.51,10,Atta_10,1313.6,1547.0,347.6,34.4,-3.7,,,,
82.564,1,Atta_1,1491.1,2113.4,330.6,107.2,-1.0,,,,
82.564,2,Atta_2,1345.8,649.8,307.3,43.7,1.7,,,,
82.564,3,Atta_3,2447.7,1038.1,334.0,103.9,3.7,,,,
82.564,4,Atta_4,1292.3,2022.1,123.1,-68.1,7.2,,,,
82.564,5,Atta_5,2901.1,2037.8,304.6,-100.2,-2.2,,,,
82.564,6,Atta_6,1402.8,2375.9,332.0,123.7,4.4,,,,
82.564,7,Atta_7,2138.8,1981.8,337.2,-54.9,2.4,,,,
82.564,8,Atta_8,1816.2,556.1,305.9,-89.1,-4.1,,,,
82.564,9,Atta_9,1355.8,962.1,357.9,-93.5,-2.5,,,,
82.564,10,Atta_10,1269.4,1519.9,348.2,-51.8,0.6,,,,
82.634,1,Atta_1,1578.2,2143.2,330.1,92.1,-0.5,,,,
82.634,2,Atta_2,1366.0,670.1,313.3,-28.6,6.0,,,,
82.634,3,Atta_3,2547.9,1100.4,334.6,118.0,0.6,,,,
82.634,4,Atta_4,1325.9,2075.1,121.6,62.8,-1.5,,,,
82.634,5,Atta_5,2958.9,1980.6,307.8,81.3,3.2,,,,
82.634,6,Atta_6,1409.2,2395.0,331.6,-20.1,-0.4,,,,
82.634,7,Atta_7,2111.4,1927.8,338.3,-60.6,1.1,,,,
82.634,8,Atta_8,1780.5,488.5,305.4,76.4,-0.5,,,,
82.634,9,Atta_9,1402.3,888.9,358.8,86.7,0.9,,,,
82.634,10,Atta_10,1330.3,1552.9,344.8,69.3,-3.4,,,,
82.704,1,Atta_1,1545.7,2159.2,334.2,-36.2,4.1,,,,
82.704,2,Atta_2,1361.6,689.4,317.1,-19.8,3.8,,,,
82.704,3,Atta_3,2488.7,1095.9,334.2,-59.4,-0.4,,,,
82.704,4,Atta_4,1308.7,1981.2,120.5,-95.5,-1.1,,,,
82.704,5,Atta_5,2972.9,2042.1,306.4,-63.1,-1.4,,,,
82.704,6,Atta_6,1345.6,2370.7,336.7,-68.1,5.1,,,,
82.704,7,Atta_7,2131.7,1931.6,341.9,20.7,3.6,,,,
82.704,8,Atta_8,1893.4,478.6,309.0,113.3,3.6,,,,
82.704,9,Atta_9,1371.3,891.5,357.5,-31.1,-1.3,,,,
82.704,10,Atta_10,1321.9,1463.0,348.5,90.3,3.7,,,,
82.757,1,Atta_1,1612.8,2192.5,332.6,74.9,-1.6,,,,
82.757,2,Atta_2,1403.1,677.0,321.3,43.3,4.2,,,,
82.757,3,Atta_3,2562.7,1139.6,334.3,85.9,0.1,,,,
82.757,4,Atta_4,1333.5,2059.7,122.0,82.3,1.5,,,,
82.757,5,Atta_5,2968.7,2016.0,302.6,26.4,-3.8,,,,
82.757,6,Atta_6,1372.6,2307.6,348.4,68.6,11.7,,,,
82.757,7,Atta_7,2124.3,1988.8,347.2,-57.7,5.3,,,,
82.757,8,Atta_8,1824.0,493.3,305.6,-70.9,-3.4,,,,
82.757,9,Atta_9,1387.8,919.5,358.3,32.5,0.8,,,,
82.757,10,Atta_10,1268.7,1494.5,348.3,-61.8,-0.2,,,,
82.827,1,Atta_1,1588.5,2073.8,332.3,121.2,-0.3,,,,
82.827,2,Atta_2,1363.4,646.3,328.7,-50.2,7.4,,,,
82.827,3,Atta_3,2553.0,1115.6,335.3,25.9,1.0,,,,
82.827,4,Atta_4,1344.3,1998.1,116.1,-62.5,-5.9,,,,
82.827,5,Atta_5,2925.7,1970.3,304.2,62.7,1.6,,,,
82.827,6,Atta_6,1407.2,2376.8,349.8,77.4,1.4,,,,
82.827,7,Atta_7,2169.6,1976.3,343.2,47.0,-4.0,,,,
82.827,8,Atta_8,1812.7,509.4,304.5,-19.7,-1.1,,,,
82.827,9,Atta_9,1393.8,903.3,1.4,17.3,3.1,,,,
82.827,10,Atta_10,1314.1,1476.2,343.8,48.9,-4.5,,,,
82.893,1,Atta_1,1608.2,2103.7,333.5,35.8,1.2,,,,
82.893,2,Atta_2,1353.2,691.3,333.7,-46.1,5.0,,,,
82.893,3,Atta_3,2550.2,1091.9,333.0,23.9,-2.3,,,,
82.893,4,Atta_4,1341.0,1994.0,119.5,-5.3,3.4,,,,
82.893,5,Atta_5,2987.7,2004.5,306.2,70.8,2.0,,,,
82.893,6,Atta_6,1364.8,2392.2,352.0,-45.1,2.2,,,,
82.893,7,Atta_7,2181.2,1961.3,344.1,19.0,0.9,,,,
82.893,8,Atta_8,1793.9,511.6,306.4,-18.9,1.9,,,,
82.893,9,Atta_9,1417.5,919.5,3.1,28.7,1.7,,,,
82.893,10,Atta_10,1324.5,1488.8,348.1,16.3,4.3,,,,
82.96,1,Atta_1,1568.4,2102.3,328.6,-39.8,-4.9,,,,
82.96,2,Atta_2,1340.4,703.0,333.6,-17.3,-0.1,,,,
82.96,3,Atta_3,2520.0,1080.3,331.6,-32.4,-1.4,,,,
82.96,4,Atta_4,1331.7,2069.0,122.9,75.6,3.4,,,,
82.96,5,Atta_5,3017.1,1972.2,306.7,43.7,0.5,,,,
82.96,6,Atta_6,1410.7,2381.6,355.3,47.1,3.3,,,,
82.96,7,Atta_7,2137.3,2005.2,344.9,-62.1,0.8,,,,
82.96,8,Atta_8,1772.5,506.1,309.2,-22.1,2.8,,,,
82.96,9,Atta_9,1392.0,918.5,2.2,-25.5,-0.9,,,,
82.96,10,Atta_10,1327.0,1511.2,344.2,-22.5,-3.9,,,,
83.03,1,Atta_1,1578.3,2113.3,334.9,14.8,6.3,,,,
83.03,2,Atta_2,1413.9,652.1,339.2,89.4,5.6,,,,
83.03,3,Atta_3,2553.6,1076.7,330.4,33.8,-1.2,,,,
83.03,4,Atta_4,1321.9,2037.6,120.8,-32.9,-2.1,,,,
83.03,5,Atta_5,3019.6,1961.8,306.4,10.7,-0.3,,,,
83.03,6,Atta_6,1362.5,2362.0,357.3,-52.0,2.0,,,,
83.03,7,Atta_7,2188.3,2004.6,344.5,51.0,-0.4,,,,
83.03,8,Atta_8,1817.3,503.6,304.0,44.9,-5.2,,,,
83.03,9,Atta_9,1376.4,904.9,356.9,-20.7,-5.3,,,,
83.03,10,Atta_10,1429.0,1516.0,343.9,102.1,-0.3,,,,
83.096,1,Atta_1,1567.1,2104.9,334.7,-14.0,-0.2,,,,
83.096,2,Atta_2,1375.0,679.2,344.3,-47.4,5.1,,,,
83.096,3,Atta_3,2597.0,1090.6,335.3,45.6,4.9,,,,
83.096,4,Atta_4,1329.2,2053.0,118.7,17.0,-2.1,,,,
83.096,5,Atta_5,2945.5,1985.9,306.1,-77.9,-0.3,,,,
83.096,6,Atta_6,1411.3,2327.8,357.5,59.6,0.2,,,,
83.096,7,Atta_7,2156.5,1969.4,344.9,-47.4,0.4,,,,
83.096,8,Atta_8,1852.8,481.7,305.3,41.7,1.3,,,,
83.096,9,Atta_9,1363.2,923.6,2.9,-22.9,6.0,,,,
83.096,10,Atta_10,1323.1,1489.8,345.6,-109.1,1.7,,,,
83.165,1,Atta_1,1590.0,2071.1,330.4,40.8,-4.3,,,,
83.165,2,Atta_2,1378.2,668.2,354.9,11.5,10.6,,,,
83.165,3,Atta_3,2614.2,1099.4,330.2,19.3,-5.1,,,,
83.165,4,Atta_4,1307.0,2019.2,117.2,-40.4,-1.5,,,,
83.165,5,Atta_5,2959.1,1963.5,306.5,26.2,0.4,,,,
83.165,6,Atta_6,1406.3,2330.7,356.3,-5.8,-1.2,,,,
83.165,7,Atta_7,2136.3,1930.4,344.2,-43.9,-0.7,,,,
83.165,8,Atta_8,1767.0,486.4,303.5,-85.9,-1.8,,,,
83.165,9,Atta_9,1353.2,883.0,359.4,-41.8,-3.5,,,,
83.165,10,Atta_10,1392.5,1508.7,346.7,71.9,1.1,,,,
83.234,1,Atta_1,1646.2,2072.4,332.4,56.2,2.0,,,,
83.234,2,Atta_2,1396.7,690.2,356.6,28.7,1.7,,,,
83.234,3,Atta_3,2655.2,1109.1,331.0,42.1,0.8,,,,
83.234,4,Atta_4,1281.2,2091.9,118.6,77.1,1.4,,,,
83.234,5,Atta_5,2992.8,2013.9,303.1,-60.6,-3.4,,,,
83.234,6,Atta_6,1426.8,2407.3,353.0,79.3,-3.3,,,,
83.234,7,Atta_7,2219.3,1961.9,341.5,88.8,-2.7,,,,
83.234,8,Atta_8,1824.8,417.6,307.0,89.9,3.5,,,,
83.234,9,Atta_9,1315.3,921.0,359.4,-53.7,0.0,,,,
83.234,10,Atta_10,1324.8,1478.9,346.1,-74.0,-0.6,,,,
83.304,1,Atta_1,1676.7,2118.4,337.8,55.2,5.4,,,,
83.304,2,Atta_2,1356.8,694.2,356.4,-40.1,-0.2,,,,
83.304,3,Atta_3,2643.1,1098.2,331.6,-16.3,0.6,,,,
83.304,4,Atta_4,1268.8,2140.7,120.4,50.4,1.8,,,,
83.304,5,Atta_5,2995.8,1991.0,304.8,23.1,1.7,,,,
83.304,6,Atta_6,1391.4,2397.4,356.0,-36.8,3.0,,,,
83.304,7,Atta_7,2175.6,1947.6,343.6,-46.0,2.1,,,,
83.304,8,Atta_8,1781.8,448.9,304.4,-53.2,-2.6,,,,
83.304,9,Atta_9,1306.7,891.5,3.8,-30.7,4.4,,,,
83.304,10,Atta_10,1397.8,1504.1,346.5,77.2,0.4,,,,
83.374,1,Atta_1,1664.5,2079.1,333.8,41.2,-4.0,,,,
83.374,2,Atta_2,1388.2,656.4,1.8,49.1,5.4,,,,
83.374,3,Atta_3,2598.1,1076.3,331.1,-50.0,-0.5,,,,
83.374,4,Atta_4,1250.3,2083.8,119.0,-59.8,-1.4,,,,
83.374,5,Atta_5,2936.9,2007.9,302.3,-61.3,-2.5,,,,
83.374,6,Atta_6,1407.3,2385.6,354.8,19.8,-1.2,,,,
83.374,7,Atta_7,2232.7,1934.9,344.4,58.5,0.8,,,,
83.374,8,Atta_8,1904.1,453.0,305.6,122.4,1.2,,,,
83.374,9,Atta_9,1376.9,878.3,10.5,71.4,6.7,,,,
83.374,10,Atta_10,1431.2,1488.0,346.2,37.1,-0.3,,,,
83.443,1,Atta_1,1625.6,2080.0,334.2,-38.9,0.4,,,,
83.443,2,Atta_2,1331.2,749.9,358.5,-109.5,-3.3,,,,
83.443,3,Atta_3,2619.0,1057.0,332.8,28.4,1.7,,,,
83.443,4,Atta_4,1278.4,2126.6,117.3,51.2,-1.7,,,,
83.443,5,Atta_5,2918.9,1985.2,302.9,29.0,0.6,,,,
83.443,6,Atta_6,1366.4,2326.6,358.1,-71.8,3.3,,,,
83.443,7,Atta_7,2180.7,1930.9,341.2,-52.2,-3.2,,,,
83.443,8,Atta_8,1844.2,531.5,303.3,-98.7,-2.3,,,,
83.443,9,Atta_9,1280.2,917.5,15.7,-104.3,5.2,,,,
83.443,10,Atta_10,1384.0,1482.9,345.3,-47.5,-0.9,,,,
83.51,1,Atta_1,1703.4,2100.1,336.7,80.4,2.5,,,,
83.51,2,Atta_2,1361.3,670.0,359.1,85.4,0.6,,,,
83.51,3,Atta_3,2678.7,1031.0,331.3,65.1,-1.5,,,,
83.51,4,Atta_4,1308.4,2185.3,118.0,65.9,0.7,,,,
83.51,5,Atta_5,2957.9,2003.2,304.1,43.0,1.2,,,,
83.51,6,Atta_6,1399.2,2380.3,356.1,62.9,-2.0,,,,
83.51,7,Atta_7,2247.7,1883.6,347.4,82.0,6.2,,,,
83.51,8,Atta_8,1848.0,381.2,304.4,150.3,1.1,,,,
83.51,9,Atta_9,1332.5,855.0,19.0,81.5,3.3,,,,
83.51,10,Atta_10,1366.3,1465.0,346.6,-25.2,1.3,,,,
83.64,1,Atta_1,1665.3,2035.3,334.2,-75.2,-2.5,,,,
83.64,2,Atta_2,1332.9,722.8,358.5,-60.0,-0.6,,,,
83.64,3,Atta_3,2616.1,1057.8,334.6,-68.1,3.3,,,,
83.64,4,Atta_4,1287.8,2110.4,117.8,-77.7,-0.2,,,,
83.64,5,Atta_5,2974.7,2008.9,305.6,17.7,1.5,,,,
83.64,6,Atta_6,1477.3,2336.9,355.3,89.3,-0.8,,,,
83.64,7,Atta_7,2216.2,1962.6,345.7,-85.0,-1.7,,,,
83.64,8,Atta_8,1889.5,452.7,305.8,-82.7,1.4,,,,
83.64,9,Atta_9,1339.7,932.0,22.3,77.3,3.3,,,,
83.64,10,Atta_10,1382.4,1480.9,343.5,22.6,-3.1,,,,
83.712,1,Atta_1,1640.6,2087.3,329.2,-57.6,-5.0,,,,
83.712,2,Atta_2,1367.7,691.8,1.2,46.6,2.7,,,,
83.712,3,Atta_3,2669.7,1074.0,333.0,56.0,-1.6,,,,
83.712,4,Atta_4,1317.5,2111.8,117.6,-29.7,-0.2,,,,
83.712,5,Atta_5,2930.8,1912.6,305.8,105.8,0.2,,,,
83.712,6,Atta_6,1451.9,2363.4,353.7,-36.7,-1.6,,,,
83.712,7,Atta_7,2270.7,1918.3,343.0,70.2,-2.7,,,,
83.712,8,Atta_8,1873.4,402.4,305.2,52.8,-0.6,,,,
83.712,9,Atta_9,1308.6,930.9,25.6,-31.1,3.3,,,,
83.712,10,Atta_10,1379.1,1472.5,345.3,-9.0,1.8,,,,
83.763,1,Atta_1,1681.6,2123.9,328.8,55.0,-0.4,,,,
83.763,2,Atta_2,1420.3,709.1,359.5,55.4,-1.7,,,,
83.763,3,Atta_3,2685.4,1082.7,329.1,17.9,-3.9,,,,
83.763,4,Atta_4,1260.9,2045.9,113.7,-86.9,-3.9,,,,
83.763,5,Atta_5,2979.1,1972.4,307.2,-76.9,1.4,,,,
83.763,6,Atta_6,1498.9,2315.9,356.7,66.8,3.0,,,,
83.763,7,Atta_7,2220.2,1934.9,339.0,-53.2,-4.0,,,,
83.763,8,Atta_8,1904.3,358.2,307.6,53.9,2.4,,,,
83.763,9,Atta_9,1272.5,913.0,28.9,-40.3,3.3,,,,
83.763,10,Atta_10,1338.5,1591.4,344.7,-125.6,-0.6,,,,
83.834,1,Atta_1,1719.1,2055.6,324.6,77.9,-4.2,,,,
83.834,2,Atta_2,1393.6,679.3,359.3,-40.0,-0.2,,,,
83.834,3,Atta_3,2704.4,1032.3,331.9,53.9,2.8,,,,
83.834,4,Atta_4,1312.1,2098.7,105.0,73.5,-8.7,,,,
83.834,5,Atta_5,2970.2,1932.1,303.8,41.3,-3.4,,,,
83.834,6,Atta_6,1458.2,2339.4,354.5,-47.0,-2.2,,,,
83.834,7,Atta_7,2283.4,1907.7,340.8,68.8,1.8,,,,
83.834,8,Atta_8,1844.5,426.6,318.6,-90.9,11.0,,,,
83.834,9,Atta_9,1403.5,925.5,38.3,131.6,9.4,,,,
83.834,10,Atta_10,1333.0,1530.4,346.5,61.2,1.8,,,,
83.953,1,Atta_1,1686.4,2094.3,323.1,-50.7,-1.5,,,,
83.953,2,Atta_2,1436.3,674.7,0.4,42.9,1.1,,,,
83.953,3,Atta_3,2685.6,1013.5,332.4,-26.6,0.5,,,,
83.953,4,Atta_4,1280.4,2094.0,99.8,32.0,-5.2,,,,
83.953,5,Atta_5,2969.2,1993.4,305.1,-61.3,1.3,,,,
83.953,6,Atta_6,1432.8,2382.4,356.0,-49.9,1.5,,,,
83.953,7,Atta_7,2322.8,1912.9,342.4,39.7,1.6,,,,
83.953,8,Atta_8,1892.1,394.5,323.5,57.4,4.9,,,,
83.953,9,Atta_9,1308.1,938.9,42.5,-96.3,4.2,,,,
83.953,10,Atta_10,1278.0,1486.6,350.8,-70.3,4.3,,,,
84.019,1,Atta_1,1682.9,2002.2,326.3,92.2,3.2,,,,
84.019,2,Atta_2,1451.3,695.1,1.6,25.3,1.2,,,,
84.019,3,Atta_3,2725.7,1005.2,336.3,40.9,3.9,,,,
84.019,4,Atta_4,1234.5,2118.8,93.9,52.2,-5.9,,,,
84.019,5,Atta_5,2967.5,1982.9,305.1,10.6,0.0,,,,
84.019,6,Atta_6,1504.2,2349.9,354.6,78.4,-1.4,,,,
84.019,7,Atta_7,2291.4,1925.4,343.0,-33.8,0.6,,,,
84.019,8,Atta_8,1879.6,429.6,327.8,-37.3,4.3,,,,
84.019,9,Atta_9,1308.7,871.0,54.9,-67.9,12.4,,,,
84.019,10,Atta_10,1315.5,1493.5,353.2,38.1,2.4,,,,
84.089,1,Atta_1,1693.7,2087.8,329.6,-86.3,3.3,,,,
84.089,2,Atta_2,1461.5,701.6,0.2,12.1,-1.4,,,,
84.089,3,Atta_3,2745.1,987.2,331.7,26.5,-4.6,,,,
84.089,4,Atta_4,1223.4,2120.3,90.2,11.2,-3.7,,,,
84.089,5,Atta_5,2974.7,1957.4,303.5,26.5,-1.6,,,,
84.089,6,Atta_6,1498.5,2343.3,352.6,-8.7,-2.0,,,,
84.089,7,Atta_7,2261.2,1953.7,344.0,-41.4,1.0,,,,
84.089,8,Atta_8,1834.5,394.5,330.3,-57.1,2.5,,,,
84.089,9,Atta_9,1360.7,910.4,55.3,65.2,0.4,,,,
84.089,10,Atta_10,1398.5,1480.5,359.6,84.0,6.4,,,,
84.157,1,Atta_1,1692.0,2076.6,323.9,11.3,-5.7,,,,
84.157,2,Atta_2,1476.4,715.4,355.7,20.3,-4.5,,,,
84.157,3,Atta_3,2770.3,1015.7,331.2,38.0,-0.5,,,,
84.157,4,Atta_4,1248.6,2108.2,82.1,-28.0,-8.1,,,,
84.157,5,Atta_5,2967.1,2006.9,307.2,-50.1,3.7,,,,
84.157,6,Atta_6,1507.1,2407.0,356.8,64.3,4.2,,,,
84.157,7,Atta_7,2333.7,1908.9,349.4,85.2,5.4,,,,
84.157,8,Atta_8,1866.0,404.7,339.1,33.1,8.8,,,,
84.157,9,Atta_9,1282.2,886.6,58.1,-82.0,2.8,,,,
84.157,10,Atta_10,1347.9,1549.4,5.1,-85.5,5.5,,,,
84.226,1,Atta_1,1727.4,2074.0,328.4,35.5,4.5,,,,
84.226,2,Atta_2,1523.1,717.7,2.0,46.8,6.3,,,,
84.226,3,Atta_3,2745.3,1006.0,336.2,-26.8,5.0,,,,
84.226,4,Atta_4,1222.0,2089.1,80.4,-32.7,-1.7,,,,
84.226,5,Atta_5,2969.4,1935.1,303.3,71.8,-3.9,,,,
84.226,6,Atta_6,1563.3,2354.2,352.1,77.1,-4.7,,,,
84.226,7,Atta_7,2368.2,1902.2,347.7,35.1,-1.7,,,,
84.226,8,Atta_8,1847.1,475.0,340.2,-72.8,1.1,,,,
84.226,9,Atta_9,1318.6,886.1,55.5,36.4,-2.6,,,,
84.226,10,Atta_10,1404.0,1565.1,6.6,58.3,1.5,,,,
84.293,1,Atta_1,1690.4,2030.1,322.8,-57.4,-5.6,,,,
84.293,2,Atta_2,1456.3,648.1,358.9,-96.5,-3.1,,,,
84.293,3,Atta_3,2740.9,995.2,334.8,11.7,-1.4,,,,
84.293,4,Atta_4,1303.6,2156.9,76.9,106.1,-3.5,,,,
84.293,5,Atta_5,2988.1,1997.3,306.2,-65.0,2.9,,,,
84.293,6,Atta_6,1518.5,2311.5,354.9,-61.9,2.8,,,,
84.293,7,Atta_7,2361.6,1929.4,340.0,-28.0,-7.7,,,,
84.293,8,Atta_8,1908.1,427.5,343.6,77.3,3.4,,,,
84.293,9,Atta_9,1313.6,910.8,56.2,25.2,0.7,,,,
84.293,10,Atta_10,1421.7,1525.6,9.7,43.3,3.1,,,,
84.359,1,Atta_1,1790.5,2066.5,322.6,106.5,-0.2,,,,
84.359,2,Atta_2,1481.0,684.4,0.2,43.9,1.3,,,,
84.359,3,Atta_3,2785.6,1030.9,331.0,57.2,-3.8,,,,
84.359,4,Atta_4,1257.1,2126.3,70.7,-55.7,-6.2,,,,
84.359,5,Atta_5,2950.2,2005.3,305.2,-38.7,-1.0,,,,
84.359,6,Atta_6,1520.6,2353.1,352.3,-41.7,-2.6,,,,
84.359,7,Atta_7,2342.8,1884.6,341.7,-48.6,1.7,,,,
84.359,8,Atta_8,1909.1,437.3,348.5,-9.9,4.9,,,,
84.359,9,Atta_9,1326.4,962.3,56.5,53.1,0.3,,,,
84.359,10,Atta_10,1292.6,1550.3,19.1,-131.4,9.4,,,,
84.425,1,Atta_1,1722.5,2059.9,323.5,-68.3,0.9,,,,
84.425,2,Atta_2,1463.5,686.5,0.7,-17.6,0.5,,,,
84.425,3,Atta_3,2718.0,996.9,333.9,-75.7,2.9,,,,
84.425,4,Atta_4,1249.0,2117.4,69.2,-12.0,-1.5,,,,
84.425,5,Atta_5,2974.5,1983.6,306.2,32.6,1.0,,,,
84.425,6,Atta_6,1609.9,2315.1,356.3,97.0,4.0,,,,
84.425,7,Atta_7,2363.5,1923.4,343.4,44.0,1.7,,,,
84.425,8,Atta_8,1866.5,393.2,355.2,-61.3,6.7,,,,
84.425,9,Atta_9,1355.6,886.3,61.4,-81.4,4.9,,,,
84.425,10,Atta_10,1316.5,1505.9,20.2,50.4,1.1,,,,
84.491,1,Atta_1,1770.2,2054.7,322.2,48.0,-1.3,,,,
84.491,2,Atta_2,1555.9,684.7,358.1,92.4,-2.6,,,,
84.491,3,Atta_3,2772.8,980.8,330.8,57.1,-3.1,,,,
84.491,4,Atta_4,1237.6,2116.3,67.3,-11.5,-1.9,,,,
84.491,5,Atta_5,2916.1,1951.4,305.6,-66.7,-0.6,,,,
84.491,6,Atta_6,1530.8,2331.9,356.2,-80.9,-0.1,,,,
84.491,7,Atta_7,2361.1,1861.0,343.0,62.4,-0.4,,,,
84.491,8,Atta_8,1809.1,388.9,1.2,-57.6,6.0,,,,
84.491,9,Atta_9,1359.3,911.6,56.0,25.6,-5.4,,,,
84.491,10,Atta_10,1313.3,1557.9,26.4,52.1,6.2,,,,
84.557,1,Atta_1,1747.5,2042.4,325.2,-25.8,3.0,,,,
84.557,2,Atta_2,1555.8,614.3,360.0,70.4,1.9,,,,
84.557,3,Atta_3,2774.1,974.1,334.6,6.8,3.8,,,,
84.557,4,Atta_4,1292.7,2121.7,59.2,55.4,-8.1,,,,
84.557,5,Atta_5,2964.0,1982.6,304.5,57.2,-1.1,,,,
84.557,6,Atta_6,1608.2,2399.7,354.7,102.9,-1.5,,,,
84.557,7,Atta_7,2406.7,1847.9,342.5,47.4,-0.5,,,,
84.557,8,Atta_8,1863.8,505.7,3.0,129.0,1.8,,,,
84.557,9,Atta_9,1373.5,967.0,56.9,57.2,0.9,,,,
84.557,10,Atta_10,1250.3,1514.5,32.5,-76.5,6.1,,,,
84.623,1,Atta_1,1723.3,2043.3,324.9,-24.2,-0.3,,,,
84.623,2,Atta_2,1528.6,677.4,3.6,-68.7,3.6,,,,
84.623,3,Atta_3,2826.1,943.8,329.7,60.2,-4.9,,,,
84.623,4,Atta_4,1255.9,2113.1,52.3,-37.8,-6.9,,,,
84.623,5,Atta_5,2976.0,2058.5,308.4,-76.8,3.9,,,,
84.623,6,Atta_6,1606.6,2379.3,358.3,20.5,3.6,,,,
84.623,7,Atta_7,2417.9,1889.6,343.6,-43.2,1.1,,,,
84.623,8,Atta_8,1851.7,382.3,2.5,-124.0,-0.5,,,,
84.623,9,Atta_9,1364.2,976.8,56.2,13.5,-0.7,,,,
84.623,10,Atta_10,1296.6,1473.5,36.8,61.8,4.3,,,,
84.689,1,Atta_1,1699.3,1970.7,324.2,76.5,-0.7,,,,
84.689,2,Atta_2,1578.6,712.9,356.5,61.3,-7.1,,,,
84.689,3,Atta_3,2767.9,940.5,334.6,-58.3,4.9,,,,
84.689,4,Atta_4,1262.6,2084.9,45.7,-29.0,-6.6,,,,
84.689,5,Atta_5,2921.1,1978.8,305.9,96.8,-2.5,,,,
84.689,6,Atta_6,1646.7,2389.8,355.4,41.5,-2.9,,,,
84.689,7,Atta_7,2386.9,1887.3,347.9,-31.1,4.3,,,,
84.689,8,Atta_8,1885.2,405.6,4.2,40.8,1.7,,,,
84.689,9,Atta_9,1342.6,893.5,56.0,-86.1,-0.2,,,,
84.689,10,Atta_10,1330.7,1488.8,41.4,37.4,4.6,,,,
84.757,1,Atta_1,1799.1,2031.5,325.0,116.9,0.8,,,,
84.757,2,Atta_2,1504.0,631.8,359.6,-110.2,3.1,,,,
84.757,3,Atta_3,2778.0,919.6,333.5,23.2,-1.1,,,,
84.757,4,Atta_4,1227.0,2125.1,47.7,53.7,2.0,,,,
84.757,5,Atta_5,2952.9,2018.3,306.5,-50.7,0.6,,,,
84.757,6,Atta_6,1565.7,2319.1,352.6,-107.5,-2.8,,,,
84.757,7,Atta_7,2463.3,1921.8,347.3,83.8,-0.6,,,,
84.757,8,Atta_8,1852.1,409.3,0.6,-33.3,-3.6,,,,
84.757,9,Atta_9,1369.8,977.3,58.4,88.1,2.4,,,,
84.757,10,Atta_10,1331.4,1494.4,44.7,5.6,3.3,,,,
84.827,1,Atta_1,1717.2,2028.6,328.3,-82.0,3.3,,,,
84.827,2,Atta_2,1603.8,667.1,0.1,105.9,0.5,,,,
84.827,3,Atta_3,2865.4,934.8,332.8,88.7,-0.7,,,,
84.827,4,Atta_4,1308.5,2111.5,38.6,82.6,-9.1,,,,
84.827,5,Atta_5,2975.4,1993.6,307.1,33.4,0.6,,,,
84.827,6,Atta_6,1573.5,2315.9,354.9,8.4,2.3,,,,
84.827,7,Atta_7,2384.9,1892.0,352.0,-83.9,4.7,,,,
84.827,8,Atta_8,1888.2,448.0,4.3,52.9,3.7,,,,
84.827,9,Atta_9,1364.3,992.0,58.8,15.7,0.4,,,,
84.827,10,Atta_10,1336.0,1526.2,42.3,32.1,-2.4,,,,
84.897,1,Atta_1,1819.1,2023.7,324.7,102.0,-3.6,,,,
84.897,2,Atta_2,1554.3,710.7,357.4,-66.0,-2.7,,,,
84.897,3,Atta_3,2859.0,938.9,335.7,-7.6,2.9,,,,
84.897,4,Atta_4,1274.2,2083.0,31.8,-44.6,-6.8,,,,
84.897,5,Atta_5,2992.5,1939.0,309.2,57.2,2.1,,,,
84.897,6,Atta_6,1635.4,2355.9,354.1,73.7,-0.8,,,,
84.897,7,Atta_7,2374.8,1895.4,348.8,-10.7,-3.2,,,,
84.897,8,Atta_8,1890.9,420.8,3.6,27.3,-0.7,,,,
84.897,9,Atta_9,1378.1,984.5,59.0,15.7,0.2,,,,
84.897,10,Atta_10,1362.8,1566.9,40.4,48.7,-1.9,,,,
84.962,1,Atta_1,1852.6,2013.3,325.4,35.1,0.7,,,,
84.962,2,Atta_2,1569.6,678.7,0.4,35.5,3.0,,,,
84.962,3,Atta_3,2889.6,914.7,331.6,39.0,-4.1,,,,
84.962,4,Atta_4,1278.6,2123.2,31.6,40.4,-0.2,,,,
84.962,5,Atta_5,2989.5,1950.3,306.7,-11.7,-2.5,,,,
84.962,6,Atta_6,1571.7,2378.4,354.5,-67.6,0.4,,,,
84.962,7,Atta_7,2404.6,1885.3,352.7,31.5,3.9,,,,
84.962,8,Atta_8,1912.7,411.8,2.2,23.6,-1.4,,,,
84.962,9,Atta_9,1349.1,925.5,57.9,-65.7,-1.1,,,,
84.962,10,Atta_10,1324.2,1514.0,40.1,-65.5,-0.3,,,,
85.033,1,Atta_1,1831.8,1987.1,323.3,-33.5,-2.1,,,,
85.033,2,Atta_2,1591.1,688.7,1.3,23.7,0.9,,,,
85.033,3,Atta_3,2885.1,954.9,333.1,-40.5,1.5,,,,
85.033,4,Atta_4,1257.6,2071.4,29.8,-55.9,-1.8,,,,
85.033,5,Atta_5,2922.3,1967.5,305.3,-69.4,-1.4,,,,
85.033,6,Atta_6,1603.7,2335.7,353.5,53.4,-1.0,,,,
85.033,7,Atta_7,2387.7,1870.8,352.7,-22.3,0.0,,,,
85.033,8,Atta_8,1926.2,402.5,3.7,16.4,1.5,,,,
85.033,9,Atta_9,1438.7,977.4,57.6,103.5,-0.3,,,,
85.033,10,Atta_10,1316.1,1524.7,44.1,13.4,4.0,,,,
85.095,1,Atta_1,1813.4,1981.1,328.7,-19.4,5.4,,,,
85.095,2,Atta_2,1641.8,670.0,357.3,54.0,-4.0,,,,
85.095,3,Atta_3,2883.5,959.8,334.2,-5.2,1.1,,,,
85.095,4,Atta_4,1283.3,2066.9,24.7,26.1,-5.1,,,,
85.095,5,Atta_5,2926.2,2009.7,305.1,-42.4,-0.2,,,,
85.095,6,Atta_6,1716.5,2349.2,354.9,113.6,1.4,,,,
85.095,7,Atta_7,2453.3,1898.4,353.1,71.2,0.4,,,,
85.095,8,Atta_8,1876.9,419.9,1.4,-52.3,-2.3,,,,
85.095,9,Atta_9,1339.0,954.3,57.3,-102.3,-0.3,,,,
85.095,10,Atta_10,1335.5,1530.7,43.0,20.3,-1.1,,,,
85.166,1,Atta_1,1849.1,1951.8,325.1,46.2,-3.6,,,,
85.166,2,Atta_2,1608.1,675.9,356.8,-34.2,-0.5,,,,
85.166,3,Atta_3,2881.5,914.5,335.5,45.3,1.3,,,,
85.166,4,Atta_4,1244.3,2180.6,14.9,120.2,-9.8,,,,
85.166,5,Atta_5,2971.0,2013.8,306.8,45.0,1.7,,,,
85.166,6,Atta_6,1709.4,2357.3,355.2,-10.8,0.3,,,,
85.166,7,Atta_7,2398.3,1917.0,349.3,-58.1,-3.8,,,,
85.166,8,Atta_8,1823.1,407.3,1.6,-55.3,0.2,,,,
85.166,9,Atta_9,1396.7,1013.8,56.8,82.9,-0.5,,,,
85.166,10,Atta_10,1366.5,1538.8,41.6,32.0,-1.4,,,,
85.236,1,Atta_1,1831.8,1889.2,326.8,64.9,1.7,,,,
85.236,2,Atta_2,1683.8,703.7,359.0,80.6,2.2,,,,
85.236,3,Atta_3,2894.7,928.7,335.2,19.4,-0.3,,,,
85.236,4,Atta_4,1272.7,2126.0,13.0,61.5,-1.9,,,,
85.236,5,Atta_5,2965.9,1996.5,302.9,18.0,-3.9,,,,
85.236,6,Atta_6,1688.5,2336.4,355.6,-29.6,0.4,,,,
85.236,7,Atta_7,2444.2,1929.8,349.0,47.7,-0.3,,,,
85.236,8,Atta_8,1878.8,412.4,6.8,55.9,5.2,,,,
85.236,9,Atta_9,1385.6,966.8,53.1,-48.3,-3.7,,,,
85.236,10,Atta_10,1342.8,1542.3,41.3,-24.0,-0.3,,,,
85.304,1,Atta_1,1866.5,1971.4,324.5,-89.2,-2.3,,,,
85.304,2,Atta_2,1626.0,648.9,359.7,-79.6,0.7,,,,
85.304,3,Atta_3,2821.4,896.7,334.9,-80.0,-0.3,,,,
85.304,4,Atta_4,1285.8,2107.2,9.1,22.9,-3.9,,,,
85.304,5,Atta_5,2971.0,1947.9,305.4,48.9,2.5,,,,
85.304,6,Atta_6,1688.0,2365.4,352.5,-29.0,-3.1,,,,
85.304,7,Atta_7,2451.0,1920.2,349.1,11.8,0.1,,,,
85.304,8,Atta_8,1880.4,367.8,5.3,-44.6,-1.5,,,,
85.304,9,Atta_9,1402.2,994.9,51.7,32.6,-1.4,,,,
85.304,10,Atta_10,1367.0,1535.6,42.6,25.1,1.3,,,,
85.371,1,Atta_1,1832.1,1939.1,326.2,-47.2,1.7,,,,
85.371,2,Atta_2,1672.9,671.9,358.4,52.2,-1.3,,,,
85.371,3,Atta_3,2905.2,900.9,331.3,83.9,-3.6,,,,
85.371,4,Atta_4,1275.2,2082.2,4.8,-27.2,-4.3,,,,
85.371,5,Atta_5,2974.5,2027.5,306.6,-79.7,1.2,,,,
85.371,6,Atta_6,1712.5,2336.5,352.5,37.9,0.0,,,,
85.371,7,Atta_7,2471.7,1884.7,352.1,41.1,3.0,,,,
85.371,8,Atta_8,1835.2,390.7,2.9,-50.7,-2.4,,,,
85.371,9,Atta_9,1382.2,1017.5,46.9,30.2,-4.8,,,,
85.371,10,Atta_10,1369.8,1615.8,42.9,80.2,0.3,,,,
85.438,1,Atta_1,1839.9,1944.0,326.9,9.2,0.7,,,,
85.438,2,Atta_2,1653.5,683.3,359.1,-22.5,0.7,,,,
85.438,3,Atta_3,2874.4,889.1,331.9,-33.0,0.6,,,,
85.438,4,Atta_4,1243.8,2132.6,6.7,-59.4,1.9,,,,
85.438,5,Atta_5,3009.6,1996.1,303.8,47.1,-2.8,,,,
85.438,6,Atta_6,1738.1,2329.5,355.4,26.5,2.9,,,,
85.438,7,Atta_7,2487.2,1867.4,350.2,23.2,-1.9,,,,
85.438,8,Atta_8,1773.7,393.9,3.6,-61.6,0.7,,,,
85.438,9,Atta_9,1383.0,981.1,41.6,-36.4,-5.3,,,,
85.438,10,Atta_10,1361.5,1554.6,39.3,-61.8,-3.6,,,,
85.493,1,Atta_1,1871.4,1917.4,326.6,41.2,-0.3,,,,
85.493,2,Atta_2,1632.9,650.8,359.2,-38.5,0.1,,,,
85.493,3,Atta_3,3004.6,874.4,336.0,131.0,4.1,,,,
85.493,4,Atta_4,1305.5,2143.5,5.4,62.7,-1.3,,,,
85.493,5,Atta_5,2931.4,1956.9,306.6,-87.5,2.8,,,,
85.493,6,Atta_6,1745.0,2379.3,352.0,50.3,-3.4,,,,
85.493,7,Atta_7,2467.7,1844.8,346.5,-29.8,-3.7,,,,
85.493,8,Atta_8,1852.0,413.5,3.6,80.7,0.0,,,,
85.493,9,Atta_9,1391.8,1014.8,37.9,34.8,-3.7,,,,
85.493,10,Atta_10,1417.2,1573.3,44.1,58.8,4.8,,,,
85.565,1,Atta_1,1924.6,1948.1,326.7,61.4,0.1,,,,
85.565,2,Atta_2,1667.2,665.4,357.0,37.3,-2.2,,,,
85.565,3,Atta_3,2879.5,865.7,333.3,-125.4,-2.7,,,,
85.565,4,Atta_4,1254.2,2063.7,4.7,-94.9,-0.7,,,,
85.565,5,Atta_5,2969.4,2031.3,301.8,-83.5,-4.8,,,,
85.565,6,Atta_6,1756.4,2345.1,355.4,36.0,3.4,,,,
85.565,7,Atta_7,2510.6,1834.8,348.5,44.1,2.0,,,,
85.565,8,Atta_8,1725.9,332.8,357.2,-149.7,-6.4,,,,
85.565,9,Atta_9,1359.0,987.0,34.1,-43.0,-3.8,,,,
85.565,10,Atta_10,1433.3,1629.1,42.8,58.1,-1.3,,,,
85.685,1,Atta_1,1890.0,1912.9,327.9,-49.4,1.2,,,,
85.685,2,Atta_2,1703.5,621.3,356.5,57.1,-0.5,,,,
85.685,3,Atta_3,2900.9,892.2,331.1,34.1,-2.2,,,,
85.685,4,Atta_4,1299.4,2160.1,5.5,106.5,0.8,,,,
85.685,5,Atta_5,2969.5,1928.4,305.8,102.9,4.0,,,,
85.685,6,Atta_6,1806.2,2332.9,357.0,51.3,1.6,,,,
85.685,7,Atta_7,2500.9,1868.3,350.3,-34.9,1.8,,,,
85.685,8,Atta_8,1825.4,430.2,354.2,139.2,-3.0,,,,
85.685,9,Atta_9,1452.6,1021.0,23.7,99.6,-10.4,,,,
85.685,10,Atta_10,1411.4,1541.3,41.3,-90.5,-1.5,,,,
85.75,1,Atta_1,1965.2,1882.7,327.9,81.0,0.0,,,,
85.75,2,Atta_2,1704.7,682.1,0.0,-60.8,3.5,,,,
85.75,3,Atta_3,2947.5,901.0,334.2,47.4,3.1,,,,
85.75,4,Atta_4,1257.2,2156.9,7.8,-42.3,2.3,,,,
85.75,5,Atta_5,2996.6,1951.1,305.8,-35.4,0.0,,,,
85.75,6,Atta_6,1746.1,2337.0,353.9,-60.2,-3.1,,,,
85.75,7,Atta_7,2463.6,1903.4,349.2,-51.2,-1.1,,,,
85.75,8,Atta_8,1843.7,370.9,342.9,62.1,-11.3,,,,
85.75,9,Atta_9,1389.7,1036.6,18.4,-64.8,-5.3,,,,
85.75,10,Atta_10,1448.4,1634.1,40.5,99.9,-0.8,,,,
85.883,1,Atta_1,1905.4,1923.4,328.2,-72.3,0.3,,,,
85.883,2,Atta_2,1757.5,729.3,356.3,70.8,-3.7,,,,
85.883,3,Atta_3,2973.6,886.1,333.7,30.1,-0.5,,,,
85.883,4,Atta_4,1266.7,2089.2,4.4,68.4,-3.4,,,,
85.883,5,Atta_5,2924.9,1932.3,306.5,-74.1,0.7,,,,
85.883,6,Atta_6,1760.1,2342.4,353.5,15.0,-0.4,,,,
85.883,7,Atta_7,2551.6,1823.8,352.3,118.7,3.1,,,,
85.883,8,Atta_8,1824.9,397.0,339.6,-32.2,-3.3,,,,
85.883,9,Atta_9,1381.8,1013.1,14.5,-24.8,-3.9,,,,
85.883,10,Atta_10,1418.7,1584.5,42.3,-57.8,1.8,,,,
85.951,1,Atta_1,1909.3,1951.6,329.8,-28.5,1.6,,,,
85.951,2,Atta_2,1741.9,678.4,355.9,-53.2,-0.4,,,,
85.951,3,Atta_3,3003.7,866.1,332.5,36.1,-1.2,,,,
85.951,4,Atta_4,1325.3,2143.8,6.9,80.1,2.5,,,,
85.951,5,Atta_5,2986.7,1901.6,306.0,69.0,-0.5,,,,
85.951,6,Atta_6,1806.7,2350.4,357.0,47.3,3.5,,,,
85.951,7,Atta_7,2578.7,1874.8,351.8,57.8,-0.5,,,,
85.951,8,Atta_8,1777.8,406.3,330.7,-48.0,-8.9,,,,
85.951,9,Atta_9,1409.1,1033.4,2.8,34.0,-11.7,,,,
85.951,10,Atta_10,1406.2,1575.6,29.7,-15.3,-12.6,,,,
86.02,1,Atta_1,2009.3,1856.2,325.8,138.2,-4.0,,,,
86.02,2,Atta_2,1749.4,688.4,358.4,12.5,2.5,,,,
86.02,3,Atta_3,2974.9,855.7,333.6,-30.6,1.1,,,,
86.02,4,Atta_4,1290.6,2064.7,4.4,-86.4,-2.5,,,,
86.02,5,Atta_5,2933.2,1990.4,303.7,-103.7,-2.3,,,,
86.02,6,Atta_6,1875.8,2332.1,357.4,71.5,0.4,,,,
86.02,7,Atta_7,2551.4,1854.5,350.4,-34.0,-1.4,,,,
86.02,8,Atta_8,1846.0,425.1,324.8,70.7,-5.9,,,,
86.02,9,Atta_9,1436.7,972.4,358.8,67.0,-4.0,,,,
86.02,10,Atta_10,1450.3,1571.4,22.1,44.3,-7.6,,,,
86.153,1,Atta_1,2005.4,1898.4,329.4,-42.4,3.6,,,,
86.153,2,Atta_2,1776.0,701.5,357.6,29.7,-0.8,,,,
86.153,3,Atta_3,3032.1,849.0,331.6,57.6,-2.0,,,,
86.153,4,Atta_4,1298.8,2141.5,6.6,77.2,2.2,,,,
86.153,5,Atta_5,2969.4,1977.8,302.6,38.3,-1.1,,,,
86.153,6,Atta_6,1768.2,2323.0,357.9,-108.0,0.5,,,,
86.153,7,Atta_7,2568.5,1881.0,348.5,31.5,-1.9,,,,
86.153,8,Atta_8,1803.3,366.3,319.6,-72.7,-5.2,,,,
86.153,9,Atta_9,1452.1,1001.2,1.0,32.7,2.2,,,,
86.153,10,Atta_10,1463.6,1580.3,20.5,16.0,-1.6,,,,
86.224,1,Atta_1,1993.9,1806.5,324.8,92.6,-4.6,,,,
86.224,2,Atta_2,1784.9,709.0,358.0,11.6,0.4,,,,
86.224,3,Atta_3,2996.1,791.1,334.4,-68.2,2.8,,,,
86.224,4,Atta_4,1326.3,2089.7,7.0,58.6,0.4,,,,
86.224,5,Atta_5,2940.9,2018.9,303.7,-50.0,1.1,,,,
86.224,6,Atta_6,1871.0,2307.7,357.6,103.9,-0.3,,,,
86.224,7,Atta_7,2608.6,1889.9,352.9,41.1,4.4,,,,
86.224,8,Atta_8,1796.9,410.1,313.7,-44.3,-5.9,,,,
86.224,9,Atta_9,1356.7,1024.7,2.9,-98.3,1.9,,,,
86.224,10,Atta_10,1452.0,1632.5,13.7,53.5,-6.8,,,,
86.342,1,Atta_1,2017.8,1879.0,330.2,-76.3,5.4,,,,
86.342,2,Atta_2,1802.2,661.3,353.4,50.7,-4.6,,,,
86.342,3,Atta_3,3054.2,826.0,334.6,67.8,0.2,,,,
86.342,4,Atta_4,1442.9,2120.9,4.2,120.7,-2.8,,,,
86.342,5,Atta_5,2974.9,1963.6,304.3,64.9,0.6,,,,
86.342,6,Atta_6,1848.2,2351.0,356.4,-48.9,-1.2,,,,
86.342,7,Atta_7,2640.6,1857.5,352.8,45.5,-0.1,,,,
86.342,8,Atta_8,1799.3,404.5,309.1,6.1,-4.6,,,,
86.342,9,Atta_9,1397.9,995.6,1.0,50.4,-1.9,,,,
86.342,10,Atta_10,1402.9,1589.3,8.1,-65.4,-5.6,,,,
86.413,1,Atta_1,2050.0,1834.6,328.9,54.8,-1.3,,,,
86.413,2,Atta_2,1804.7,688.0,360.0,-26.8,6.6,,,,
86.413,3,Atta_3,3015.0,782.5,331.1,-58.6,-3.5,,,,
86.413,4,Atta_4,1411.4,2132.2,4.7,-33.5,0.5,,,,
86.413,5,Atta_5,2939.4,2001.4,307.3,-51.9,3.0,,,,
86.413,6,Atta_6,1889.0,2303.8,359.5,62.4,3.1,,,,
86.413,7,Atta_7,2610.2,1899.0,351.8,-51.4,-1.0,,,,
86.413,8,Atta_8,1824.9,410.2,307.8,26.2,-1.3,,,,
86.413,9,Atta_9,1374.0,1015.1,2.3,-30.8,1.3,,,,
86.413,10,Atta_10,1420.6,1567.9,2.8,27.8,-5.3,,,,
86.482,1,Atta_1,1982.4,1840.2,328.2,-67.8,-0.7,,,,
86.482,2,Atta_2,1801.1,633.5,357.3,-54.6,-2.7,,,,
86.482,3,Atta_3,3058.7,784.6,332.2,43.8,1.1,,,,
86.482,4,Atta_4,1379.8,2110.1,8.4,-38.6,3.7,,,,
86.482,5,Atta_5,2979.6,1929.8,305.0,82.1,-2.3,,,,
86.482,6,Atta_6,1873.0,2336.0,354.5,-36.0,-5.0,,,,
86.482,7,Atta_7,2654.2,1876.7,350.5,49.3,-1.3,,,,
86.482,9,Atta_9,1413.6,964.6,3.6,64.2,1.3,,,,
86.482,10,Atta_10,1400.6,1578.9,358.9,-22.8,-3.9,,,,
86.551,1,Atta_1,2042.0,1852.9,330.1,60.9,1.9,,,,
86.551,2,Atta_2,1834.8,676.9,356.8,54.9,-0.5,,,,
86.551,3,Atta_3,3080.8,778.9,333.6,22.8,1.4,,,,
86.551,4,Atta_4,1374.6,2074.7,5.4,-35.8,-3.0,,,,
86.551,5,Atta_5,2958.9,1994.8,303.1,-68.2,-1.9,,,,
86.551,6,Atta_6,1891.7,2358.1,357.3,28.9,2.8,,,,
86.551,7,Atta_7,2673.4,1775.5,345.3,103.0,-5.2,,,,
86.551,8,Atta_8,1829.6,413.4,304.6,5.7,-3.2,,,,
86.551,9,Atta_9,1426.7,1054.1,2.8,90.5,-0.8,,,,
86.551,10,Atta_10,1443.3,1592.3,353.6,44.8,-5.3,,,,
86.617,1,Atta_1,2051.3,1831.6,328.8,23.2,-1.3,,,,
86.617,2,Atta_2,1826.1,678.4,355.5,-8.8,-1.3,,,,
86.617,3,Atta_3,3071.3,814.2,329.6,-36.6,-4.0,,,,
86.617,4,Atta_4,1370.2,2143.8,7.0,69.2,1.6,,,,
86.617,5,Atta_5,2970.3,1942.5,302.6,53.5,-0.5,,,,
86.617,6,Atta_6,1826.0,2362.9,355.6,-65.9,-1.7,,,,
86.617,7,Atta_7,2601.1,1812.6,345.1,-81.3,-0.2,,,,
86.617,8,Atta_8,1768.4,462.5,307.8,-78.5,3.2,,,,
86.617,9,Atta_9,1462.0,996.9,2.8,67.2,0.0,,,,
86.617,10,Atta_10,1434.1,1626.8,348.1,-35.7,-5.5,,,,
86.684,1,Atta_1,2077.1,1805.3,324.8,36.8,-4.0,,,,
86.684,2,Atta_2,1875.3,628.4,358.0,70.1,2.5,,,,
86.684,3,Atta_3,3088.8,800.8,327.4,22.0,-2.2,,,,
86.684,4,Atta_4,1381.2,2188.5,5.9,46.0,-1.1,,,,
86.684,5,Atta_5,2931.2,1966.7,305.8,-46.0,3.2,,,,
86.684,6,Atta_6,1846.4,2300.0,355.4,66.1,-0.2,,,,
86.684,7,Atta_7,2664.3,1825.4,338.8,64.5,-6.3,,,,
86.684,8,Atta_8,1797.4,402.0,304.3,67.1,-3.5,,,,
86.684,9,Atta_9,1382.5,1014.9,1.7,-81.5,-1.1,,,,
86.684,10,Atta_10,1457.5,1631.2,348.5,23.8,0.4,,,,
86.75,1,Atta_1,2062.7,1833.7,330.7,-31.8,5.9,,,,
86.75,2,Atta_2,1844.4,650.4,357.9,-37.9,-0.1,,,,
86.75,3,Atta_3,3080.3,765.8,331.9,36.0,4.5,,,,
86.75,4,Atta_4,1424.7,2125.8,2.5,76.3,-3.4,,,,
86.75,5,Atta_5,2999.2,2020.8,306.0,-86.9,0.2,,,,
86.75,6,Atta_6,1836.4,2345.3,358.9,-46.4,3.5,,,,
86.75,7,Atta_7,2676.3,1923.8,334.6,-99.1,-4.2,,,,
86.75,8,Atta_8,1839.6,365.2,302.0,56.0,-2.3,,,,
86.75,9,Atta_9,1458.1,1017.9,2.6,75.7,0.9,,,,
86.75,10,Atta_10,1425.1,1578.1,348.9,-62.2,0.4,,,,
86.818,1,Atta_1,2076.7,1860.1,327.0,-29.9,-3.7,,,,
86.818,2,Atta_2,1865.5,684.7,3.1,40.3,5.2,,,,
86.818,3,Atta_3,3081.4,851.9,330.9,-86.1,-1.0,,,,
86.818,4,Atta_4,1433.6,2192.1,11.2,66.9,8.7,,,,
86.818,5,Atta_5,2959.3,1973.5,303.6,61.9,-2.4,,,,
86.818,6,Atta_6,1830.8,2296.9,353.6,-48.7,-5.3,,,,
86.818,7,Atta_7,2659.6,1861.0,329.7,65.0,-4.9,,,,
86.818,8,Atta_8,1801.9,438.7,309.0,-82.6,7.0,,,,
86.818,10,Atta_10,1423.0,1589.5,345.1,-11.6,-3.8,,,,
86.871,1,Atta_1,2093.5,1813.3,324.1,49.7,-2.9,,,,
86.871,2,Atta_2,1860.1,606.0,359.9,-78.9,-3.2,,,,
86.871,3,Atta_3,3069.2,833.8,332.2,-21.8,1.3,,,,
86.871,4,Atta_4,1473.8,2119.0,5.2,83.4,-6.0,,,,
86.871,5,Atta_5,2982.5,1972.7,305.1,23.2,1.5,,,,
86.871,6,Atta_6,1787.8,2390.0,358.2,-102.6,4.6,,,,
86.871,7,Atta_7,2638.1,1826.1,326.5,-41.0,-3.2,,,,
86.871,8,Atta_8,1836.6,368.6,303.8,78.2,-5.2,,,,
86.871,9,Atta_9,1451.8,1029.8,357.7,-13.5,-4.9,,,,
86.871,10,Atta_10,1418.7,1591.2,349.4,-4.6,4.3,,,,
86.94,1,Atta_1,2031.1,1767.1,308.7,-77.6,-15.4,,,,
86.94,2,Atta_2,1847.0,667.7,3.3,-63.1,3.4,,,,
86.94,3,Atta_3,3092.6,802.9,335.7,38.8,3.5,,,,
86.94,4,Atta_4,1446.1,2188.4,4.5,-74.7,-0.7,,,,
86.94,5,Atta_5,3007.0,2023.6,302.9,-56.5,-2.2,,,,
86.94,6,Atta_6,1790.2,2344.1,357.3,46.0,-0.9,,,,
86.94,7,Atta_7,2651.8,1848.1,321.8,-25.9,-4.7,,,,
86.94,8,Atta_8,1842.4,368.3,304.5,5.8,0.7,,,,
86.94,9,Atta_9,1448.5,1006.3,3.3,-23.7,5.6,,,,
86.94,10,Atta_10,1434.9,1615.5,346.8,29.2,-2.6,,,,
87.008,1,Atta_1,2090.5,1769.6,295.0,59.5,-13.7,,,,
87.008,2,Atta_2,1834.6,721.1,1.3,-54.8,-2.0,,,,
87.008,3,Atta_3,3076.2,795.8,337.4,-17.9,1.7,,,,
87.008,4,Atta_4,1478.5,2190.5,7.0,32.5,2.5,,,,
87.008,5,Atta_5,2959.7,2006.4,305.6,-50.3,2.7,,,,
87.008,6,Atta_6,1786.3,2380.8,4.5,-36.9,7.2,,,,
87.008,7,Atta_7,2655.7,1896.2,319.8,-48.3,-2.0,,,,
87.008,8,Atta_8,1850.8,315.0,302.5,54.0,-2.0,,,,
87.008,9,Atta_9,1526.2,1043.2,2.1,86.0,-1.2,,,,
87.008,10,Atta_10,1420.9,1572.9,350.3,-44.8,3.5,,,,
87.078,1,Atta_1,2124.3,1809.0,292.2,-51.9,-2.8,,,,
87.078,2,Atta_2,1914.4,700.2,359.5,82.5,-1.8,,,,
87.078,3,Atta_3,3095.7,786.0,339.6,21.8,2.2,,,,
87.078,4,Atta_4,1458.6,2128.7,6.2,-64.9,-0.8,,,,
87.078,5,Atta_5,3006.9,1991.5,306.1,49.5,0.5,,,,
87.078,6,Atta_6,1816.1,2285.0,7.2,100.3,2.7,,,,
87.078,7,Atta_7,2682.7,1823.5,312.2,77.6,-7.6,,,,
87.078,8,Atta_8,1838.5,339.0,307.9,-27.0,5.4,,,,
87.078,9,Atta_9,1527.2,1003.1,3.0,-40.1,0.9,,,,
87.078,10,Atta_10,1500.5,1584.1,344.0,80.4,-6.3,,,,
87.143,1,Atta_1,2088.9,1777.1,298.7,47.7,6.5,,,,
87.143,2,Atta_2,1859.5,630.8,357.8,-88.5,-1.7,,,,
87.143,3,Atta_3,3085.0,828.0,335.6,-43.3,-4.0,,,,
87.143,4,Atta_4,1566.5,2123.2,3.0,108.0,-3.2,,,,
87.143,5,Atta_5,2932.3,1992.6,307.2,-74.6,1.1,,,,
87.143,6,Atta_6,1770.8,2334.1,13.2,-66.8,6.0,,,,
87.143,7,Atta_7,2632.2,1822.7,308.8,-50.5,-3.4,,,,
87.143,8,Atta_8,1874.1,399.5,305.4,-70.2,-2.5,,,,
87.143,9,Atta_9,1524.3,1031.0,0.9,-28.1,-2.1,,,,
87.143,10,Atta_10,1518.6,1551.5,349.5,37.3,5.5,,,,
87.212,1,Atta_1,2116.6,1901.9,303.4,-127.8,4.7,,,,
87.212,2,Atta_2,1930.9,663.2,2.5,78.4,4.7,,,,
87.212,3,Atta_3,3093.8,797.3,336.1,31.9,0.5,,,,
87.212,4,Atta_4,1465.8,2152.0,6.8,-104.7,3.8,,,,
87.212,5,Atta_5,2993.0,1959.1,305.8,69.3,-1.4,,,,
87.212,6,Atta_6,1797.7,2354.8,15.8,33.9,2.6,,,,
87.212,7,Atta_7,2650.0,1877.1,307.9,-57.2,-0.9,,,,
87.212,8,Atta_8,1821.6,308.5,304.7,105.1,-0.7,,,,
87.212,9,Atta_9,1540.7,1046.3,2.5,22.4,1.6,,,,
87.212,10,Atta_10,1537.1,1610.0,348.4,61.4,-1.1,,,,
87.279,1,Atta_1,2075.0,1877.4,306.3,-48.3,2.9,,,,
87.279,2,Atta_2,1926.6,580.5,1.7,-82.8,-0.8,,,,
87.279,3,Atta_3,3148.4,824.1,336.8,60.8,0.7,,,,
87.279,4,Atta_4,1559.4,2197.3,3.6,104.0,-3.2,,,,
87.279,5,Atta_5,2961.9,1978.2,306.5,-36.5,0.7,,,,
87.279,6,Atta_6,1774.5,2330.0,21.4,-34.0,5.6,,,,
87.279,7,Atta_7,2618.5,1834.9,309.7,52.7,1.8,,,,
87.279,8,Atta_8,1892.9,370.2,306.6,-94.3,1.9,,,,
87.279,9,Atta_9,1542.6,981.5,358.2,-64.8,-4.3,,,,
87.279,10,Atta_10,1545.7,1560.9,343.9,49.8,-4.5,,,,
87.347,1,Atta_1,2096.4,1869.8,309.2,22.7,2.9,,,,
87.347,2,Atta_2,1894.3,688.6,0.3,-112.8,-1.4,,,,
87.347,3,Atta_3,3180.4,823.9,334.2,32.0,-2.6,,,,
87.347,4,Atta_4,1532.5,2112.8,6.6,-88.7,3.0,,,,
87.347,5,Atta_5,2985.9,1956.5,306.5,32.4,0.0,,,,
87.347,6,Atta_6,1813.1,2343.3,25.1,40.8,3.7,,,,
87.347,7,Atta_7,2646.2,1877.9,306.0,-51.1,-3.7,,,,
87.347,8,Atta_8,1870.7,300.1,307.6,73.5,1.0,,,,
87.347,9,Atta_9,1595.1,1004.2,3.0,57.2,4.8,,,,
87.347,10,Atta_10,1538.1,1587.4,348.6,-27.6,4.7,,,,
87.416,1,Atta_1,2068.9,1807.3,318.3,68.3,9.1,,,,
87.416,2,Atta_2,1909.4,607.4,3.0,82.6,2.7,,,,
87.416,3,Atta_3,3142.9,753.0,332.8,-80.2,-1.4,,,,
87.416,4,Atta_4,1523.9,2125.7,10.2,-15.5,3.6,,,,
87.416,5,Atta_5,2991.7,2013.2,305.3,-57.0,-1.2,,,,
87.416,6,Atta_6,1795.4,2331.7,32.8,-21.2,7.7,,,,
87.416,7,Atta_7,2619.8,1803.1,310.7,79.3,4.7,,,,
87.416,8,Atta_8,1888.4,315.5,304.9,-23.5,-2.7,,,,
87.416,9,Atta_9,1541.1,1003.3,4.0,-54.0,1.0,,,,
87.416,10,Atta_10,1492.8,1618.8,348.2,-55.1,-0.4,,,,
87.485,1,Atta_1,2052.3,1874.0,314.9,-68.7,-3.4,,,,
87.485,2,Atta_2,1950.4,658.9,1.3,65.8,-1.7,,,,
87.485,3,Atta_3,3181.6,782.3,334.6,48.5,1.8,,,,
87.485,4,Atta_4,1571.3,2118.4,8.2,48.0,-2.0,,,,
87.485,5,Atta_5,2998.8,1964.5,304.8,49.2,-0.5,,,,
87.485,6,Atta_6,1788.2,2283.9,37.3,-48.3,4.5,,,,
87.485,7,Atta_7,2645.7,1788.3,311.6,29.8,0.9,,,,
87.485,8,Atta_8,1876.2,282.2,309.3,35.5,4.4,,,,
87.485,9,Atta_9,1578.1,1017.3,358.2,39.6,-5.8,,,,
87.485,10,Atta_10,1506.1,1560.8,345.2,59.5,-3.0,,,,
87.551,1,Atta_1,2109.0,1801.7,313.1,91.9,-1.8,,,,
87.551,2,Atta_2,1994.6,684.4,1.7,51.0,0.4,,,,
87.551,3,Atta_3,3157.9,807.4,335.9,-34.5,1.3,,,,
87.551,4,Atta_4,1601.4,2171.4,3.7,61.0,-4.5,,,,
87.551,5,Atta_5,2970.5,1960.4,307.0,-28.6,2.2,,,,
87.551,6,Atta_6,1815.3,2369.7,44.0,90.0,6.7,,,,
87.551,7,Atta_7,2657.1,1858.5,309.3,-71.1,-2.3,,,,
87.551,8,Atta_8,1926.5,333.5,312.8,-71.8,3.5,,,,
87.551,9,Atta_9,1553.8,980.0,359.2,-44.5,1.0,,,,
87.551,10,Atta_10,1536.9,1598.3,347.6,48.5,2.4,,,,
87.617,1,Atta_1,2039.8,1807.0,314.2,-69.4,1.1,,,,
87.617,2,Atta_2,1958.8,713.4,359.5,-46.1,-2.2,,,,
87.617,3,Atta_3,3174.0,827.7,338.2,25.9,2.3,,,,
87.617,4,Atta_4,1598.9,2119.0,7.0,-52.5,3.3,,,,
87.617,5,Atta_5,2968.4,1985.9,305.2,-25.6,-1.8,,,,
87.617,6,Atta_6,1806.4,2322.1,42.6,-48.4,-1.4,,,,
87.617,7,Atta_7,2668.2,1841.0,305.3,20.7,-4.0,,,,
87.617,8,Atta_8,1887.0,334.5,316.8,-39.5,4.0,,,,
87.617,9,Atta_9,1570.7,1005.1,2.2,30.3,3.0,,,,
87.617,10,Atta_10,1528.7,1594.4,350.4,-9.1,2.8,,,,
87.684,1,Atta_1,2100.3,1813.7,313.1,60.9,-1.1,,,,
87.684,2,Atta_2,1989.0,650.4,358.0,69.9,-1.5,,,,
87.684,3,Atta_3,3193.9,763.1,333.9,67.6,-4.3,,,,
87.684,4,Atta_4,1579.5,2137.7,4.9,-26.9,-2.1,,,,
87.684,5,Atta_5,2983.1,1970.5,306.6,21.3,1.4,,,,
87.684,6,Atta_6,1803.9,2308.2,48.3,-14.1,5.7,,,,
87.684,7,Atta_7,2660.4,1851.3,303.7,-12.9,-1.6,,,,
87.684,8,Atta_8,1840.2,348.8,322.6,-48.9,5.8,,,,
87.684,9,Atta_9,1557.0,1006.1,1.9,-13.7,-0.3,,,,
87.684,10,Atta_10,1537.9,1583.2,345.8,14.5,-4.6,,,,
87.751,1,Atta_1,2127.6,1840.9,315.2,-38.5,2.1,,,,
87.751,2,Atta_2,2031.9,636.9,1.5,45.0,3.5,,,,
87.751,3,Atta_3,3249.1,768.1,335.5,55.4,1.6,,,,
87.751,4,Atta_4,1604.6,2128.5,7.4,26.7,2.5,,,,
87.751,5,Atta_5,2977.7,1952.1,305.9,19.2,-0.7,,,,
87.751,6,Atta_6,1777.1,2304.9,48.6,-27.0,0.3,,,,
87.751,7,Atta_7,2667.3,1849.7,308.6,7.1,4.9,,,,
87.751,8,Atta_8,1899.4,316.4,327.2,67.5,4.6,,,,
87.751,9,Atta_9,1649.3,1032.3,358.6,95.9,-3.3,,,,
87.751,10,Atta_10,1505.9,1505.6,347.3,-83.9,1.5,,,,
87.805,1,Atta_1,2085.9,1852.4,312.2,-43.3,-3.0,,,,
87.805,2,Atta_2,2019.6,656.3,2.3,-23.0,0.8,,,,
87.805,3,Atta_3,3237.3,752.7,336.8,-19.4,1.3,,,,
87.805,4,Atta_4,1638.2,2196.4,2.4,75.8,-5.0,,,,
87.805,5,Atta_5,3028.8,1981.7,306.9,59.1,1.0,,,,
87.805,6,Atta_6,1832.4,2352.0,52.7,72.6,4.1,,,,
87.805,7,Atta_7,2671.4,1827.0,308.8,23.1,0.2,,,,
87.805,8,Atta_8,1910.9,327.9,331.4,16.3,4.2,,,,
87.805,9,Atta_9,1574.5,998.5,4.1,-82.1,5.5,,,,
87.805,10,Atta_10,1559.3,1537.8,347.4,62.4,0.1,,,,
87.871,1,Atta_1,2069.4,1815.1,294.6,40.8,-17.6,,,,
87.871,2,Atta_2,1961.4,639.7,2.2,-60.5,-0.1,,,,
87.871,3,Atta_3,3168.0,732.4,331.6,-72.2,-5.2,,,,
87.871,4,Atta_4,1639.0,2160.5,7.2,-35.9,4.8,,,,
87.871,5,Atta_5,2945.2,1957.8,306.1,-86.9,-0.8,,,,
87.871,6,Atta_6,1778.9,2321.5,54.4,-61.6,1.7,,,,
87.871,7,Atta_7,2670.1,1765.2,305.9,61.8,-2.9,,,,
87.871,8,Atta_8,1878.9,292.5,334.3,-47.7,2.9,,,,
87.871,9,Atta_9,1630.9,1003.1,1.4,56.6,-2.7,,,,
87.871,10,Atta_10,1580.3,1556.3,348.5,28.0,1.1,,,,
88.008,1,Atta_1,2142.0,1860.7,283.6,-85.7,-11.0,,,,
88.008,2,Atta_2,1977.0,646.1,0.8,16.9,-1.4,,,,
88.008,3,Atta_3,3248.3,785.4,335.3,96.2,3.7,,,,
88.008,4,Atta_4,1606.9,2157.3,2.8,-32.3,-4.4,,,,
88.008,5,Atta_5,2938.9,1981.4,305.7,-24.4,-0.4,,,,
88.008,6,Atta_6,1779.4,2341.2,53.1,19.7,-1.3,,,,
88.008,7,Atta_7,2722.2,1783.4,309.5,55.2,3.6,,,,
88.008,8,Atta_8,1856.9,323.9,339.4,-38.3,5.1,,,,
88.008,9,Atta_9,1657.0,997.0,0.5,26.8,-0.9,,,,
88.008,10,Atta_10,1643.4,1590.1,347.9,71.6,-0.6,,,,
88.074,1,Atta_1,2084.2,1787.0,274.4,93.7,-9.2,,,,
88.074,2,Atta_2,2011.3,717.2,0.2,78.9,-0.6,,,,
88.074,3,Atta_3,3215.3,748.4,334.5,-49.6,-0.8,,,,
88.074,4,Atta_4,1673.4,2195.2,3.4,76.5,0.6,,,,
88.074,5,Atta_5,2959.3,2044.8,303.0,-66.6,-2.7,,,,
88.074,6,Atta_6,1772.2,2375.2,52.0,34.8,-1.1,,,,
88.074,7,Atta_7,2715.6,1774.1,307.5,11.4,-2.0,,,,
88.074,8,Atta_8,1862.9,302.6,346.5,22.1,7.1,,,,
88.074,9,Atta_9,1581.9,1058.9,358.9,-97.3,-1.6,,,,
88.074,10,Atta_10,1601.4,1580.7,347.5,-43.0,-0.4,,,,
88.144,1,Atta_1,2089.7,1863.1,275.5,-76.3,1.1,,,,
88.144,2,Atta_2,2035.0,662.7,0.6,59.4,0.4,,,,
88.144,3,Atta_3,3250.8,799.6,334.0,62.3,-0.5,,,,
88.144,4,Atta_4,1681.9,2189.9,2.8,10.0,-0.6,,,,
88.144,5,Atta_5,2977.2,1969.6,306.3,77.3,3.3,,,,
88.144,6,Atta_6,1838.1,2364.5,54.7,66.8,2.7,,,,
88.144,7,Atta_7,2681.2,1795.5,298.4,-40.5,-9.1,,,,
88.144,8,Atta_8,1904.4,360.5,352.3,71.2,5.8,,,,
88.144,9,Atta_9,1672.0,1027.2,357.0,95.5,-1.9,,,,
88.144,10,Atta_10,1659.3,1597.4,345.6,60.3,-1.9,,,,
88.274,1,Atta_1,2120.2,1814.7,274.2,57.2,-1.3,,,,
88.274,2,Atta_2,2070.5,674.9,2.6,37.5,2.0,,,,
88.274,3,Atta_3,3283.5,685.6,331.9,118.6,-2.1,,,,
88.274,4,Atta_4,1705.8,2172.0,3.3,29.9,0.5,,,,
88.274,5,Atta_5,2943.0,1984.7,304.0,-37.4,-2.3,,,,
88.274,6,Atta_6,1798.4,2307.0,52.0,-69.9,-2.7,,,,
88.274,7,Atta_7,2735.4,1811.6,296.3,56.5,-2.1,,,,
88.274,8,Atta_8,1884.6,292.3,356.8,-71.0,4.5,,,,
88.274,9,Atta_9,1658.0,1045.7,353.8,-23.2,-3.2,,,,
88.274,10,Atta_10,1619.9,1585.0,348.2,-41.3,2.6,,,,
88.345,1,Atta_1,2073.0,1898.1,276.0,-95.8,1.8,,,,
88.345,2,Atta_2,2093.5,703.7,359.5,36.9,-3.1,,,,
88.345,3,Atta_3,3280.2,756.1,336.4,-70.6,4.5,,,,
88.345,4,Atta_4,1697.5,2175.4,8.5,-9.0,5.2,,,,
88.345,5,Atta_5,2965.0,1962.6,307.3,31.2,3.3,,,,
88.345,6,Atta_6,1820.4,2355.1,51.2,52.9,-0.8,,,,
88.345,7,Atta_7,2700.9,1767.5,289.4,56.0,-6.9,,,,
88.345,8,Atta_8,1910.2,306.4,5.0,29.2,8.2,,,,
88.345,9,Atta_9,1670.1,1012.2,355.7,35.6,1.9,,,,
88.345,10,Atta_10,1617.3,1572.4,344.2,12.9,-4.0,,,,
88.461,1,Atta_1,2072.1,1903.7,276.0,-5.7,0.0,,,,
88.461,2,Atta_2,2091.0,699.1,1.2,-5.2,1.7,,,,
88.461,3,Atta_3,3304.4,717.6,330.7,45.5,-5.7,,,,
88.461,4,Atta_4,1746.7,2173.4,3.1,49.2,-5.4,,,,
88.461,5,Atta_5,2937.3,1932.8,304.2,40.7,-3.1,,,,
88.461,6,Atta_6,1812.3,2407.7,53.6,53.2,2.4,,,,
88.461,7,Atta_7,2666.7,1746.6,281.3,40.1,-8.1,,,,
88.461,8,Atta_8,1867.6,283.8,7.0,-48.2,2.0,,,,
88.461,9,Atta_9,1653.1,957.2,356.5,-57.6,0.8,,,,
88.461,10,Atta_10,1678.4,1541.3,348.6,68.6,4.4,,,,
88.529,1,Atta_1,2096.3,1910.3,277.5,-25.1,1.5,,,,
88.529,2,Atta_2,2104.2,651.2,358.2,49.7,-3.0,,,,
88.529,3,Atta_3,3327.7,695.5,339.0,32.1,8.3,,,,
88.529,4,Atta_4,1760.6,2198.2,5.6,28.4,2.5,,,,
88.529,5,Atta_5,3007.0,1997.6,309.8,-95.2,5.6,,,,
88.529,6,Atta_6,1870.9,2400.7,52.6,59.0,-1.0,,,,
88.529,7,Atta_7,2705.5,1758.4,279.0,-40.6,-2.3,,,,
88.529,8,Atta_8,1893.1,302.4,2.5,31.6,-4.5,,,,
88.529,9,Atta_9,1707.7,1073.0,356.4,128.0,-0.1,,,,
88.529,10,Atta_10,1705.4,1575.7,349.5,43.7,0.9,,,,
88.591,2,Atta_2,2087.8,700.1,356.8,-51.6,-1.4,,,,
88.591,3,Atta_3,3311.0,729.8,337.0,-38.1,-2.0,,,,
88.591,4,Atta_4,1755.4,2196.1,8.6,-5.6,3.0,,,,
88.591,5,Atta_5,2980.7,1971.7,305.9,36.9,-3.9,,,,
88.591,6,Atta_6,1841.7,2404.3,51.5,-29.4,-1.1,,,,
88.591,7,Atta_7,2644.7,1797.6,272.6,-72.3,-6.4,,,,
88.591,8,Atta_8,1914.3,242.6,9.4,63.4,6.9,,,,
88.591,9,Atta_9,1688.1,1001.5,0.6,-74.1,4.2,,,,
88.591,10,Atta_10,1726.6,1492.1,347.7,86.2,-1.8,,,,
88.663,1,Atta_1,2050.1,1888.5,283.0,51.1,5.5,,,,
88.663,2,Atta_2,2160.1,681.2,360.0,74.7,3.2,,,,
88.663,3,Atta_3,3347.4,726.0,335.8,36.6,-1.2,,,,
88.663,4,Atta_4,1738.3,2145.0,6.5,-53.9,-2.1,,,,
88.663,5,Atta_5,2956.2,2040.2,308.1,-72.7,2.2,,,,
88.663,6,Atta_6,1853.9,2406.5,55.1,12.4,3.6,,,,
88.663,7,Atta_7,2729.4,1731.4,270.0,107.5,-2.6,,,,
88.663,8,Atta_8,1858.0,325.8,6.5,-100.5,-2.9,,,,
88.663,9,Atta_9,1728.9,1020.5,356.5,45.0,-4.1,,,,
88.663,10,Atta_10,1687.1,1535.7,347.9,-58.8,0.2,,,,
88.734,1,Atta_1,2060.3,1859.9,287.9,30.4,4.9,,,,
88.734,2,Atta_2,2131.0,671.3,357.8,-30.7,-2.2,,,,
88.734,3,Atta_3,3367.6,679.7,334.9,50.5,-0.9,,,,
88.734,4,Atta_4,1822.9,2155.9,5.3,85.3,-1.2,,,,
88.734,5,Atta_5,2942.5,1981.7,310.9,60.1,2.8,,,,
88.734,6,Atta_6,1844.3,2425.4,51.0,21.2,-4.1,,,,
88.734,7,Atta_7,2713.2,1799.8,266.0,-70.3,-4.0,,,,
88.734,8,Atta_8,1866.6,281.4,6.8,45.2,0.3,,,,
88.734,9,Atta_9,1741.4,1025.1,356.5,13.3,0.0,,,,
88.734,10,Atta_10,1732.8,1491.6,348.3,63.5,0.4,,,,
88.785,1,Atta_1,2011.1,1857.3,294.7,-49.3,6.8,,,,
88.785,2,Atta_2,2153.0,635.9,359.7,41.7,1.9,,,,
88.785,3,Atta_3,3295.0,727.3,331.1,-86.8,-3.8,,,,
88.785,4,Atta_4,1740.4,2197.0,0.6,-92.2,-4.7,,,,
88.785,5,Atta_5,2989.7,1957.6,310.2,53.0,-0.7,,,,
88.785,6,Atta_6,1890.6,2401.8,48.9,52.0,-2.1,,,,
88.785,7,Atta_7,2700.6,1790.6,262.7,15.6,-3.3,,,,
88.785,8,Atta_8,1859.4,288.0,5.8,-9.8,-1.0,,,,
88.785,9,Atta_9,1664.2,1046.9,356.2,-80.2,-0.3,,,,
88.785,10,Atta_10,1711.8,1608.0,344.8,-118.3,-3.5,,,,
88.855,1,Atta_1,2097.5,1903.4,296.3,-97.9,1.6,,,,
88.855,2,Atta_2,2160.3,661.0,2.9,26.1,3.2,,,,
88.855,3,Atta_3,3342.6,712.5,328.0,49.8,-3.1,,,,
88.855,4,Atta_4,1764.3,2225.2,3.1,37.0,2.5,,,,
88.855,5,Atta_5,2989.2,1965.7,305.2,-8.1,-5.0,,,,
88.855,6,Atta_6,1869.9,2445.9,53.5,48.7,4.6,,,,
88.855,7,Atta_7,2714.6,1751.1,257.8,41.9,-4.9,,,,
88.855,8,Atta_8,1879.1,296.8,7.0,21.6,1.2,,,,
88.855,9,Atta_9,1750.7,1016.1,359.3,91.8,3.1,,,,
88.855,10,Atta_10,1724.1,1535.1,348.2,73.9,3.4,,,,
88.922,1,Atta_1,2083.6,1873.4,301.4,33.1,5.1,,,,
88.922,2,Atta_2,2160.5,656.0,1.5,-5.0,-1.4,,,,
88.922,3,Atta_3,3318.4,659.3,324.2,58.4,-3.8,,,,
88.922,4,Atta_4,1760.1,2148.8,3.7,-76.5,0.6,,,,
88.922,5,Atta_5,3004.5,2031.1,307.3,-67.2,2.1,,,,
88.922,6,Atta_6,1866.2,2417.1,46.7,-29.0,-6.8,,,,
88.922,7,Atta_7,2707.8,1807.4,254.7,-56.7,-3.1,,,,
88.922,8,Atta_8,1890.4,302.5,4.5,12.7,-2.5,,,,
88.922,9,Atta_9,1735.6,991.3,356.5,-29.0,-2.8,,,,
88.922,10,Atta_10,1796.5,1562.8,347.0,77.5,-1.2,,,,
88.972,1,Atta_1,2047.6,1870.4,306.9,-36.1,5.5,,,,
88.972,2,Atta_2,2197.2,722.3,357.2,75.8,-4.3,,,,
88.972,3,Atta_3,3366.2,654.9,326.7,48.0,2.5,,,,
88.972,4,Atta_4,1746.4,2192.9,359.9,-46.2,-3.8,,,,
88.972,5,Atta_5,2923.0,1993.1,306.5,-89.9,-0.8,,,,
88.972,6,Atta_6,1836.7,2402.2,43.6,-33.0,-3.1,,,,
88.972,7,Atta_7,2647.9,1836.7,247.2,-66.7,-7.5,,,,
88.972,8,Atta_8,1929.5,333.5,5.6,49.9,1.1,,,,
88.972,9,Atta_9,1717.0,974.4,359.1,-25.1,2.6,,,,
88.972,10,Atta_10,1777.1,1474.4,345.1,90.5,-1.9,,,,
89.038,1,Atta_1,2117.9,1936.5,309.5,-96.5,2.6,,,,
89.038,2,Atta_2,2188.0,687.8,358.5,-35.7,1.3,,,,
89.038,3,Atta_3,3281.3,698.6,328.1,-95.5,1.4,,,,
89.038,4,Atta_4,1744.0,2255.2,2.7,-62.3,2.8,,,,
89.038,5,Atta_5,3017.5,2032.5,307.1,102.4,0.6,,,,
89.038,6,Atta_6,1837.0,2419.1,37.2,16.9,-6.4,,,,
89.038,7,Atta_7,2649.8,1775.2,244.1,61.5,-3.1,,,,
89.038,8,Atta_8,1922.9,383.0,10.7,-49.9,5.1,,,,
89.038,9,Atta_9,1754.4,1006.5,358.1,49.3,-1.0,,,,
89.038,10,Atta_10,1804.2,1523.4,350.3,56.0,5.2,,,,
89.108,1,Atta_1,2088.9,1880.0,315.2,63.5,5.7,,,,
89.108,2,Atta_2,2228.3,675.4,358.1,42.2,-0.4,,,,
89.108,3,Atta_3,3325.0,728.8,323.7,53.1,-4.4,,,,
89.108,4,Atta_4,1763.7,2193.6,3.2,64.7,0.5,,,,
89.108,5,Atta_5,2879.7,1948.4,305.6,-161.4,-1.5,,,,
89.108,6,Atta_6,1863.2,2410.4,32.7,27.6,-4.5,,,,
89.108,7,Atta_7,2658.9,1804.4,239.7,-30.6,-4.4,,,,
89.108,8,Atta_8,1936.9,318.5,7.4,66.0,-3.3,,,,
89.108,9,Atta_9,1757.9,1073.2,357.3,66.8,-0.8,,,,
89.108,10,Atta_10,1800.4,1532.5,347.1,-9.9,-3.2,,,,
89.248,1,Atta_1,2057.8,1863.1,324.2,-35.4,9.0,,,,
89.248,2,Atta_2,2270.4,662.4,357.1,44.1,-1.0,,,,
89.248,3,Atta_3,3376.6,723.9,324.6,51.8,0.9,,,,
89.248,4,Atta_4,1758.7,2131.1,2.2,-62.7,-1.0,,,,
89.248,5,Atta_5,3002.4,1979.5,304.5,126.6,-1.1,,,,
89.248,6,Atta_6,1885.0,2408.1,23.7,21.9,-9.0,,,,
89.248,7,Atta_7,2741.8,1798.4,232.0,-83.1,-7.7,,,,
89.248,8,Atta_8,1976.3,345.3,4.5,47.7,-2.9,,,,
89.248,9,Atta_9,1791.3,1021.4,355.5,61.6,-1.8,,,,
89.248,10,Atta_10,1856.0,1481.8,349.9,75.2,2.8,,,,
89.314,1,Atta_1,2085.2,1880.2,328.1,32.3,3.9,,,,
89.314,2,Atta_2,2247.7,635.3,359.7,-35.4,2.6,,,,
89.314,3,Atta_3,3348.1,704.9,324.4,-34.3,-0.2,,,,
89.314,4,Atta_4,1761.9,2194.5,358.2,63.5,-4.0,,,,
89.314,5,Atta_5,2992.3,1987.0,305.4,-12.6,0.9,,,,
89.314,6,Atta_6,1933.7,2453.5,19.4,66.6,-4.3,,,,
89.314,7,Atta_7,2713.0,1778.9,224.3,34.8,-7.7,,,,
89.314,8,Atta_8,1995.8,278.6,3.5,69.5,-1.0,,,,
89.314,9,Atta_9,1776.4,1082.1,355.3,-62.5,-0.2,,,,
89.314,10,Atta_10,1808.6,1495.8,346.5,-49.4,-3.4,,,,
89.38,1,Atta_1,2055.6,1852.5,332.1,-40.5,4.0,,,,
89.38,2,Atta_2,2280.8,669.6,0.7,47.7,1.0,,,,
89.38,3,Atta_3,3351.6,671.1,329.1,34.0,4.7,,,,
89.38,4,Atta_4,1823.9,2207.6,2.3,63.4,4.1,,,,
89.38,5,Atta_5,2969.9,1968.3,301.6,29.2,-3.8,,,,
89.38,6,Atta_6,1858.6,2434.1,14.9,-77.6,-4.5,,,,
89.38,7,Atta_7,2686.1,1814.2,216.4,-44.4,-7.9,,,,
89.38,8,Atta_8,2028.9,311.5,4.3,46.7,0.8,,,,
89.38,9,Atta_9,1767.1,932.4,357.4,150.0,2.1,,,,
89.38,10,Atta_10,1786.6,1522.0,349.7,-34.2,3.2,,,,
89.446,1,Atta_1,2085.0,1889.2,329.8,47.0,-2.3,,,,
89.446,2,Atta_2,2239.4,666.2,359.1,-41.5,-1.6,,,,
89.446,3,Atta_3,3378.1,683.3,325.5,29.2,-3.6,,,,
89.446,4,Atta_4,1814.7,2170.7,359.8,-38.0,-2.5,,,,
89.446,5,Atta_5,2991.7,1947.0,303.9,30.5,2.3,,,,
89.446,6,Atta_6,1861.5,2407.5,11.3,-26.8,-3.6,,,,
89.446,7,Atta_7,2698.0,1751.7,216.9,63.6,0.5,,,,
89.446,8,Atta_8,2000.8,329.2,6.5,-33.2,2.2,,,,
89.446,9,Atta_9,1827.4,1061.3,356.5,142.3,-0.9,,,,
89.446,10,Atta_10,1839.4,1520.0,345.2,52.8,-4.5,,,,
89.515,1,Atta_1,2071.9,1879.3,332.2,-16.4,2.4,,,,
89.515,2,Atta_2,2206.5,713.0,356.9,-57.2,-2.2,,,,
89.515,3,Atta_3,3359.9,666.5,325.7,-24.8,0.2,,,,
89.515,4,Atta_4,1832.2,2170.8,1.0,17.5,1.2,,,,
89.515,5,Atta_5,2979.0,2012.6,303.7,-66.8,-0.2,,,,
89.515,6,Atta_6,1877.3,2432.2,9.0,29.3,-2.3,,,,
89.515,7,Atta_7,2737.5,1774.7,211.2,-45.7,-5.7,,,,
89.515,8,Atta_8,2016.5,360.8,6.7,35.3,0.2,,,,
89.515,9,Atta_9,1840.4,974.4,357.6,87.9,1.1,,,,
89.515,10,Atta_10,1880.5,1473.2,346.5,62.3,1.3,,,,
89.585,1,Atta_1,2093.6,1935.6,330.7,-60.3,-1.5,,,,
89.585,2,Atta_2,2292.8,659.0,3.5,101.8,6.6,,,,
89.585,3,Atta_3,3374.1,627.1,325.8,41.9,0.1,,,,
89.585,4,Atta_4,1849.7,2177.6,2.7,18.8,1.7,,,,
89.585,5,Atta_5,2970.9,1969.5,310.0,43.9,6.3,,,,
89.585,6,Atta_6,1907.3,2453.0,3.0,36.5,-6.0,,,,
89.585,7,Atta_7,2759.8,1748.5,206.3,-34.4,-4.9,,,,
89.585,8,Atta_8,2050.7,373.1,6.1,36.3,-0.6,,,,
89.585,9,Atta_9,1882.4,1013.2,355.0,57.2,-2.6,,,,
89.585,10,Atta_10,1868.1,1467.9,344.7,-13.5,-1.8,,,,
89.703,1,Atta_1,2102.6,1828.2,330.2,107.8,-0.5,,,,
89.703,2,Atta_2,2304.1,608.1,356.5,52.1,-7.0,,,,
89.703,3,Atta_3,3421.0,625.2,327.6,46.9,1.8,,,,
89.703,4,Atta_4,1862.8,2167.8,3.1,16.4,0.4,,,,
89.703,5,Atta_5,2930.3,1939.6,304.4,-50.4,-5.6,,,,
89.703,6,Atta_6,1845.1,2399.0,359.6,-82.4,-3.4,,,,
89.703,7,Atta_7,2661.7,1779.7,200.6,102.9,-5.7,,,,
89.703,8,Atta_8,2048.9,277.8,8.2,-95.3,2.1,,,,
89.703,9,Atta_9,1831.1,1083.8,353.4,-87.3,-1.6,,,,
89.703,10,Atta_10,1915.4,1529.7,353.1,77.8,8.4,,,,
89.773,1,Atta_1,2058.5,1933.7,328.1,-114.3,-2.1,,,,
89.773,2,Atta_2,2337.2,679.9,357.1,79.1,0.6,,,,
89.773,3,Atta_3,3408.2,671.0,325.2,-47.6,-2.4,,,,
89.773,4,Atta_4,1885.1,2199.5,359.0,38.8,-4.1,,,,
89.773,5,Atta_5,2967.0,1985.7,304.2,-58.9,-0.2,,,,
89.773,6,Atta_6,1882.2,2363.9,358.8,51.1,-0.8,,,,
89.773,8,Atta_8,2075.4,329.9,5.7,58.5,-2.5,,,,
89.773,9,Atta_9,1866.8,984.4,358.2,105.6,4.8,,,,
89.773,10,Atta_10,1932.5,1482.9,348.5,49.8,-4.6,,,,
89.843,1,Atta_1,2105.5,1888.1,335.5,65.5,7.4,,,,
89.843,2,Atta_2,2326.7,681.5,357.6,-10.6,0.5,,,,
89.843,3,Atta_3,3420.6,665.4,327.5,13.6,2.3,,,,
89.843,4,Atta_4,1872.0,2154.9,3.0,-46.5,4.0,,,,
89.843,5,Atta_5,2968.0,1980.0,304.2,5.8,0.0,,,,
89.843,6,Atta_6,1823.0,2383.0,354.1,-62.2,-4.7,,,,
89.843,7,Atta_7,2676.0,1789.2,196.4,-17.2,-4.2,,,,
89.843,8,Atta_8,2053.3,322.6,4.3,-23.3,-1.4,,,,
89.843,9,Atta_9,1922.1,1012.4,356.8,62.0,-1.4,,,,
89.843,10,Atta_10,1967.5,1511.0,344.6,44.9,-3.9,,,,
89.911,1,Atta_1,2098.8,1923.2,331.1,-35.7,-4.4,,,,
89.911,2,Atta_2,2367.6,678.5,3.6,41.0,6.0,,,,
89.911,3,Atta_3,3402.1,655.5,325.9,-21.0,-1.6,,,,
89.911,4,Atta_4,1916.3,2153.8,4.9,44.3,1.9,,,,
89.911,5,Atta_5,3028.8,2016.2,306.3,70.8,2.1,,,,
89.911,6,Atta_6,1899.8,2429.0,355.6,89.5,1.5,,,,
89.911,7,Atta_7,2748.9,1761.6,184.5,-77.9,-11.9,,,,
89.911,8,Atta_8,2160.0,328.4,7.5,106.9,3.2,,,,
89.911,9,Atta_9,1920.2,972.1,358.1,40.3,1.3,,,,
89.911,10,Atta_10,1894.9,1523.1,347.8,-73.6,3.2,,,,
89.977,1,Atta_1,2088.3,1900.5,334.5,25.0,3.4,,,,
89.977,2,Atta_2,2358.1,676.4,358.1,-9.7,-5.5,,,,
89.977,3,Atta_3,3524.7,616.8,323.8,128.6,-2.1,,,,
89.977,4,Atta_4,1927.8,2151.6,1.4,11.7,-3.5,,,,
89.977,5,Atta_5,2991.0,1953.4,305.3,73.3,-1.0,,,,
89.977,6,Atta_6,1877.2,2482.8,360.0,-58.4,4.4,,,,
89.977,7,Atta_7,2693.0,1736.8,184.6,61.2,0.1,,,,
89.977,8,Atta_8,2128.8,339.3,6.4,-33.0,-1.1,,,,
89.977,9,Atta_9,1873.2,1000.2,359.2,-54.8,1.1,,,,
89.977,10,Atta_10,1923.8,1516.3,345.8,29.7,-2.0,,,,
90.043,1,Atta_1,2149.3,1850.8,331.5,78.7,-3.0,,,,
90.043,2,Atta_2,2397.1,639.5,357.2,53.7,-0.9,,,,
90.043,3,Atta_3,3425.9,614.6,326.6,-98.8,2.8,,,,
90.043,4,Atta_4,1857.4,2197.1,3.8,-83.8,2.4,,,,
90.043,5,Atta_5,2926.8,1989.2,302.7,-73.5,-2.6,,,,
90.043,6,Atta_6,1890.2,2421.2,1.2,63.0,1.2,,,,
90.043,7,Atta_7,2708.3,1775.0,181.5,-41.2,-3.1,,,,
90.043,8,Atta_8,2077.1,296.9,9.2,-66.9,2.8,,,,
90.043,9,Atta_9,1837.8,1005.0,359.5,-35.7,0.3,,,,
90.043,10,Atta_10,1913.3,1455.5,347.6,61.7,1.8,,,,
90.109,1,Atta_1,2151.9,1858.3,333.1,-7.9,1.6,,,,
90.109,2,Atta_2,2376.2,679.5,1.6,-45.1,4.4,,,,
90.109,3,Atta_3,3500.5,653.0,326.1,83.9,-0.5,,,,
90.109,4,Atta_4,1845.8,2136.8,1.4,-61.4,-2.4,,,,
90.109,5,Atta_5,2970.0,1969.7,305.0,47.4,2.3,,,,
90.109,6,Atta_6,1888.2,2429.8,357.7,-8.8,-3.5,,,,
90.109,7,Atta_7,2720.5,1815.6,170.0,-42.4,-11.5,,,,
90.109,8,Atta_8,2114.1,345.2,4.1,60.8,-5.1,,,,
90.109,9,Atta_9,1882.4,961.4,355.9,62.4,-3.6,,,,
90.109,10,Atta_10,1934.1,1503.1,341.0,51.9,-6.6,,,,
90.178,1,Atta_1,2123.5,1868.2,329.2,-30.1,-3.9,,,,
90.178,2,Atta_2,2420.4,618.0,358.3,75.7,-3.3,,,,
90.178,3,Atta_3,3485.5,634.3,328.3,-24.0,2.2,,,,
90.178,4,Atta_4,1897.0,2193.8,1.1,76.6,-0.3,,,,
90.178,5,Atta_5,2947.9,1986.2,306.6,-27.6,1.6,,,,
90.178,6,Atta_6,1911.2,2434.2,0.9,23.4,3.2,,,,
90.178,7,Atta_7,2745.5,1780.6,171.5,-43.0,1.5,,,,
90.178,8,Atta_8,2107.8,314.9,4.3,-30.9,0.2,,,,
90.178,9,Atta_9,1821.6,1046.5,357.9,-104.6,2.0,,,,
90.178,10,Atta_10,1899.1,1483.6,341.3,-40.1,0.3,,,,
90.244,1,Atta_1,2192.4,1922.7,333.1,87.8,3.9,,,,
90.244,2,Atta_2,2355.3,690.6,358.4,-97.5,0.1,,,,
90.244,3,Atta_3,3497.6,611.4,324.6,25.9,-3.7,,,,
90.244,4,Atta_4,1849.6,2190.6,357.5,-47.5,-3.6,,,,
90.244,5,Atta_5,2988.3,1948.0,304.0,55.6,-2.6,,,,
90.244,6,Atta_6,1874.7,2440.8,358.2,-37.1,-2.7,,,,
90.244,7,Atta_7,2709.3,1696.1,167.2,91.9,-4.3,,,,
90.244,8,Atta_8,2153.1,301.7,6.7,47.2,2.4,,,,
90.244,9,Atta_9,1846.1,966.2,356.2,84.0,-1.7,,,,
90.244,10,Atta_10,1908.2,1451.3,341.7,33.6,0.4,,,,
90.31,1,Atta_1,2202.2,1865.9,331.5,57.6,-1.6,,,,
90.31,2,Atta_2,2356.9,726.4,0.3,35.8,1.9,,,,
90.31,3,Atta_3,3502.1,613.7,325.0,5.1,0.4,,,,
90.31,4,Atta_4,1824.4,2186.8,3.9,-25.5,6.4,,,,
90.31,5,Atta_5,2924.8,2015.6,303.3,-92.7,-0.7,,,,
90.31,6,Atta_6,1988.2,2417.7,354.0,115.8,-4.2,,,,
90.31,7,Atta_7,2690.9,1766.8,161.4,73.1,-5.8,,,,
90.31,8,Atta_8,2124.1,358.0,7.7,-63.3,1.0,,,,
90.31,9,Atta_9,1840.8,981.6,357.2,-16.3,1.0,,,,
90.31,10,Atta_10,1896.0,1471.0,336.7,-23.2,-5.0,,,,
90.378,1,Atta_1,2164.7,1800.5,332.7,-75.4,1.2,,,,
90.378,2,Atta_2,2433.4,638.1,357.7,116.8,-2.6,,,,
90.378,3,Atta_3,3506.0,573.6,327.3,40.3,2.3,,,,
90.378,4,Atta_4,1834.8,2208.9,359.1,24.4,-4.8,,,,
90.378,5,Atta_5,2991.2,1928.2,307.1,109.8,3.8,,,,
90.378,6,Atta_6,1951.0,2482.0,356.3,-74.3,2.3,,,,
90.378,7,Atta_7,2680.9,1775.5,159.5,13.3,-1.9,,,,
90.378,8,Atta_8,2103.6,327.1,11.1,-37.1,3.4,,,,
90.378,9,Atta_9,1781.5,1059.2,351.3,-97.7,-5.9,,,,
90.378,10,Atta_10,1996.6,1516.2,337.3,110.3,0.6,,,,
90.44,1,Atta_1,2149.9,1825.0,330.6,-28.6,-2.1,,,,
90.44,2,Atta_2,2437.6,664.5,358.6,26.7,0.9,,,,
90.44,3,Atta_3,3457.2,615.7,328.1,-64.5,0.8,,,,
90.44,4,Atta_4,1792.7,2239.2,4.1,-51.9,5.0,,,,
90.44,5,Atta_5,2989.8,2037.0,304.7,-108.8,-2.4,,,,
90.44,6,Atta_6,1950.8,2444.9,356.4,37.1,0.1,,,,
90.44,7,Atta_7,2776.8,1803.3,154.5,-99.8,-5.0,,,,
90.44,8,Atta_8,2147.9,299.9,10.6,52.0,-0.5,,,,
90.44,9,Atta_9,1818.9,975.9,346.7,91.3,-4.6,,,,
90.44,10,Atta_10,1925.3,1503.3,333.4,-72.5,-3.9,,,,
90.507,1,Atta_1,2191.3,1805.4,328.0,45.8,-2.6,,,,
90.507,2,Atta_2,2415.9,662.2,357.2,-21.8,-1.4,,,,
90.507,3,Atta_3,3515.7,607.2,326.3,59.1,-1.8,,,,
90.507,4,Atta_4,1809.8,2140.1,355.9,100.6,-8.2,,,,
90.507,5,Atta_5,2948.3,1990.7,308.4,62.2,3.7,,,,
90.507,6,Atta_6,1996.5,2396.2,358.6,66.8,2.2,,,,
90.507,7,Atta_7,2665.7,1764.9,154.2,117.5,-0.3,,,,
90.507,8,Atta_8,2163.6,341.3,15.5,44.3,4.9,,,,
90.507,9,Atta_9,1708.4,1010.0,344.7,-115.6,-2.0,,,,
90.507,10,Atta_10,1971.2,1459.1,340.9,63.7,7.5,,,,
90.577,1,Atta_1,2169.6,1851.8,328.2,-51.2,0.2,,,,
90.577,2,Atta_2,2438.0,736.3,358.5,77.3,1.3,,,,
90.577,3,Atta_3,3537.2,580.3,325.0,34.4,-1.3,,,,
90.577,4,Atta_4,1848.3,2174.5,353.3,51.6,-2.6,,,,
90.577,5,Atta_5,2964.4,1999.6,304.7,18.4,-3.7,,,,
90.577,6,Atta_6,1948.5,2505.4,358.3,-119.3,-0.3,,,,
90.577,7,Atta_7,2711.3,1747.1,150.8,-49.0,-3.4,,,,
90.577,8,Atta_8,2152.0,380.8,13.9,-41.2,-1.6,,,,
90.577,9,Atta_9,1846.7,1019.4,340.3,138.6,-4.4,,,,
90.577,10,Atta_10,1886.6,1473.8,333.4,-85.9,-7.5,,,,
90.629,1,Atta_1,2214.7,1862.5,322.7,46.4,-5.5,,,,
90.629,2,Atta_2,2386.3,734.5,356.0,-51.7,-2.5,,,,
90.629,3,Atta_3,3557.5,613.6,332.2,-39.0,7.2,,,,
90.629,4,Atta_4,1824.0,2200.5,349.2,-35.6,-4.1,,,,
90.629,5,Atta_5,2967.0,1971.4,300.6,28.3,-4.1,,,,
90.629,6,Atta_6,1997.7,2442.6,353.9,79.8,-4.4,,,,
90.629,7,Atta_7,2680.3,1809.4,147.6,69.6,-3.2,,,,
90.629,8,Atta_8,2126.9,319.1,15.6,-66.6,1.7,,,,
90.629,9,Atta_9,1786.1,988.0,335.7,-68.3,-4.6,,,,
90.629,10,Atta_10,1970.2,1477.9,335.1,83.7,1.7,,,,
90.679,1,Atta_1,2157.4,1839.1,328.3,-61.9,5.6,,,,
90.679,2,Atta_2,2460.4,647.8,0.7,114.1,4.7,,,,
90.679,3,Atta_3,3559.2,589.0,328.1,24.7,-4.1,,,,
90.679,4,Atta_4,1792.6,2218.9,345.9,-36.4,-3.3,,,,
90.679,5,Atta_5,2938.0,1960.8,304.4,-30.9,3.8,,,,
90.679,6,Atta_6,1977.1,2389.5,0.7,-57.0,6.8,,,,
90.679,7,Atta_7,2682.0,1717.6,146.3,-91.8,-1.3,,,,
90.679,8,Atta_8,2143.7,340.8,11.4,27.4,-4.2,,,,
90.679,9,Atta_9,1818.9,1005.4,332.2,37.1,-3.5,,,,
90.679,10,Atta_10,1956.7,1438.7,336.8,41.5,1.7,,,,
90.813,1,Atta_1,2140.7,1881.9,326.2,-45.9,-2.1,,,,
90.813,2,Atta_2,2509.8,708.9,358.7,78.6,-2.0,,,,
90.813,3,Atta_3,3556.7,593.9,332.2,-5.5,4.1,,,,
90.813,4,Atta_4,1818.5,2224.7,340.2,26.5,-5.7,,,,
90.813,5,Atta_5,2933.5,2005.4,305.4,-44.8,1.0,,,,
90.813,6,Atta_6,1968.5,2458.4,0.4,-69.4,-0.3,,,,
90.813,7,Atta_7,2688.6,1797.3,149.5,80.0,3.2,,,,
90.813,8,Atta_8,2189.5,355.6,11.8,48.1,0.4,,,,
90.813,9,Atta_9,1826.4,997.3,325.8,11.0,-6.4,,,,
90.813,10,Atta_10,1955.6,1495.6,334.4,-56.9,-2.4,,,,
90.866,1,Atta_1,2132.0,1860.8,329.1,22.8,2.9,,,,
90.866,2,Atta_2,2477.8,690.7,0.8,-36.8,2.1,,,,
90.866,3,Atta_3,3540.2,574.4,333.9,-25.5,1.7,,,,
90.866,4,Atta_4,1793.8,2144.4,336.1,84.0,-4.1,,,,
90.866,5,Atta_5,2919.6,2002.5,304.0,-14.2,-1.4,,,,
90.866,6,Atta_6,1993.2,2427.2,357.5,39.8,-2.9,,,,
90.866,7,Atta_7,2746.6,1794.9,147.2,-58.0,-2.3,,,,
90.866,8,Atta_8,2142.1,355.2,18.7,-47.4,6.9,,,,
90.866,9,Atta_9,1827.8,973.0,322.0,24.3,-3.8,,,,
90.866,10,Atta_10,1937.7,1404.2,337.4,93.1,3.0,,,,
90.933,1,Atta_1,2186.8,1792.9,324.1,87.3,-5.0,,,,
90.933,2,Atta_2,2568.0,672.3,357.0,92.1,-3.8,,,,
90.933,3,Atta_3,3519.3,601.4,340.5,-34.1,6.6,,,,
90.933,4,Atta_4,1791.1,2166.8,326.7,-22.6,-9.4,,,,
90.933,5,Atta_5,2988.7,1985.4,304.2,71.2,0.2,,,,
90.933,6,Atta_6,1948.4,2407.6,1.5,-48.9,4.0,,,,
90.933,7,Atta_7,2725.3,1743.1,151.6,-56.0,4.4,,,,
90.933,8,Atta_8,2164.7,378.7,13.6,32.6,-5.1,,,,
90.933,9,Atta_9,1771.3,979.0,316.7,-56.8,-5.3,,,,
90.933,10,Atta_10,1990.6,1463.4,336.8,79.4,-0.6,,,,
90.985,1,Atta_1,2211.1,1852.1,326.6,-64.0,2.5,,,,
90.985,2,Atta_2,2577.6,627.0,0.4,46.3,3.4,,,,
90.985,3,Atta_3,3458.8,552.1,343.7,-78.0,3.2,,,,
90.985,4,Atta_4,1823.4,2214.7,320.0,57.8,-6.7,,,,
90.985,5,Atta_5,3009.1,2010.7,307.4,-32.5,3.2,,,,
90.985,6,Atta_6,2027.5,2404.2,358.5,79.2,-3.0,,,,
90.985,7,Atta_7,2720.1,1789.6,146.2,46.8,-5.4,,,,
90.985,8,Atta_8,2212.1,278.2,12.3,111.1,-1.3,,,,
90.985,9,Atta_9,1850.0,1049.9,316.1,105.9,-0.6,,,,
90.985,10,Atta_10,2005.5,1482.5,335.0,24.2,-1.8,,,,
91.057,1,Atta_1,2181.7,1813.5,326.9,-48.5,0.3,,,,
91.057,2,Atta_2,2522.0,727.4,359.3,-114.8,-1.1,,,,
91.057,3,Atta_3,3540.5,595.3,350.4,92.4,6.7,,,,
91.057,4,Atta_4,1809.3,2142.0,321.5,74.1,1.5,,,,
91.057,5,Atta_5,3018.9,1955.8,305.8,55.8,-1.6,,,,
91.057,6,Atta_6,2033.7,2452.5,357.7,48.7,-0.8,,,,
91.057,7,Atta_7,2700.6,1771.5,148.2,26.6,2.0,,,,
91.057,8,Atta_8,2190.2,347.6,15.0,-72.8,2.7,,,,
91.057,9,Atta_9,1815.4,1021.9,304.7,-44.5,-11.4,,,,
91.057,10,Atta_10,2032.3,1421.9,334.8,66.3,-0.2,,,,
91.109,1,Atta_1,2224.7,1769.9,328.8,61.2,1.9,,,,
91.109,2,Atta_2,2555.3,703.8,357.2,40.8,-2.1,,,,
91.109,3,Atta_3,3565.0,621.5,353.2,35.9,2.8,,,,
91.109,4,Atta_4,1844.6,2167.9,316.0,43.8,-5.5,,,,
91.109,5,Atta_5,3022.8,1985.4,306.8,-29.9,1.0,,,,
91.109,6,Atta_6,2055.3,2399.9,358.8,56.9,1.1,,,,
91.109,7,Atta_7,2629.6,1809.6,147.8,80.6,-0.4,,,,
91.109,8,Atta_8,2153.7,404.3,12.5,-67.4,-2.5,,,,
91.109,9,Atta_9,1840.0,1035.6,308.7,28.2,4.0,,,,
91.109,10,Atta_10,2054.2,1442.7,336.5,30.2,1.7,,,,
91.179,1,Atta_1,2240.3,1852.8,330.7,-84.4,1.9,,,,
91.179,2,Atta_2,2574.0,663.7,355.4,44.2,-1.8,,,,
91.179,3,Atta_3,3482.8,594.3,357.4,-86.6,4.2,,,,
91.179,4,Atta_4,1846.4,2188.3,311.3,-20.5,-4.7,,,,
91.179,5,Atta_5,2979.6,1979.4,306.1,-43.6,-0.7,,,,
91.179,6,Atta_6,2068.6,2379.9,357.3,24.0,-1.5,,,,
91.179,7,Atta_7,2697.6,1769.2,147.9,-79.1,0.1,,,,
91.179,8,Atta_8,2151.9,366.7,10.5,-37.6,-2.0,,,,
91.179,9,Atta_9,1821.5,1033.3,299.9,-18.6,-8.8,,,,
91.179,10,Atta_10,2003.5,1426.9,338.9,-53.1,2.4,,,,
91.247,1,Atta_1,2250.3,1787.8,326.1,65.8,-4.6,,,,
91.247,2,Atta_2,2586.7,657.4,357.0,14.2,1.6,,,,
91.247,3,Atta_3,3527.3,575.4,2.7,48.3,5.3,,,,
91.247,4,Atta_4,1814.8,2136.1,307.3,61.0,-4.0,,,,
91.247,5,Atta_5,2939.2,1996.4,303.2,-43.8,-2.9,,,,
91.247,6,Atta_6,2087.6,2395.8,353.4,24.8,-3.9,,,,
91.247,7,Atta_7,2686.5,1831.4,144.1,63.2,-3.8,,,,
91.247,8,Atta_8,2226.5,314.9,13.1,90.8,2.6,,,,
91.247,9,Atta_9,1867.2,980.5,299.1,69.8,-0.8,,,,
91.247,10,Atta_10,2047.6,1393.3,337.0,55.4,-1.9,,,,
91.309,1,Atta_1,2192.4,1782.5,329.6,-58.1,3.5,,,,
91.309,2,Atta_2,2577.5,598.1,358.0,-60.0,1.0,,,,
91.309,3,Atta_3,3605.3,531.3,4.1,89.6,1.4,,,,
91.309,4,Atta_4,1788.8,2185.1,302.4,-55.5,-4.9,,,,
91.309,5,Atta_5,2917.2,1985.1,301.6,-24.7,-1.6,,,,
91.309,6,Atta_6,2067.7,2441.3,356.2,-49.7,2.8,,,,
91.309,7,Atta_7,2677.1,1788.1,138.0,-44.3,-6.1,,,,
91.309,8,Atta_8,2281.2,398.7,13.1,100.1,0.0,,,,
91.309,9,Atta_9,1844.9,1038.2,299.3,-61.9,0.2,,,,
91.309,10,Atta_10,2015.6,1454.5,338.9,-69.1,1.9,,,,
91.376,1,Atta_1,2321.8,1756.0,326.6,132.1,-3.0,,,,
91.376,2,Atta_2,2589.8,663.9,358.0,66.9,0.0,,,,
91.376,3,Atta_3,3527.9,532.2,12.3,-77.4,8.2,,,,
91.376,4,Atta_4,1841.3,2237.0,300.6,-73.8,-1.8,,,,
91.376,5,Atta_5,2936.3,1954.6,304.1,36.0,2.5,,,,
91.376,6,Atta_6,2107.9,2435.8,356.0,40.6,-0.2,,,,
91.376,7,Atta_7,2667.5,1800.0,135.5,15.3,-2.5,,,,
91.376,8,Atta_8,2221.6,420.6,12.8,-63.5,-0.3,,,,
91.376,9,Atta_9,1801.7,971.3,301.7,79.6,2.4,,,,
91.376,10,Atta_10,2036.7,1479.6,338.4,32.8,-0.5,,,,
91.443,1,Atta_1,2279.1,1772.5,328.9,-45.8,2.3,,,,
91.443,2,Atta_2,2556.8,625.6,355.7,-50.6,-2.3,,,,
91.443,3,Atta_3,3499.8,527.4,14.5,-28.5,2.2,,,,
91.443,4,Atta_4,1828.5,2170.6,307.1,67.6,6.5,,,,
91.443,5,Atta_5,2925.9,1961.8,303.9,-12.6,-0.2,,,,
91.443,6,Atta_6,2078.2,2467.8,358.6,-43.7,2.6,,,,
91.443,7,Atta_7,2638.6,1834.9,131.9,45.3,-3.6,,,,
91.443,8,Atta_8,2241.1,342.7,11.2,80.3,-1.6,,,,
91.443,9,Atta_9,1765.9,992.6,296.7,-41.7,-5.0,,,,
91.443,10,Atta_10,2082.9,1395.7,339.2,95.8,0.8,,,,
91.509,1,Atta_1,2319.7,1742.4,328.6,50.5,-0.3,,,,
91.509,2,Atta_2,2590.0,655.1,356.0,44.4,0.3,,,,
91.509,3,Atta_3,3596.2,588.4,18.8,114.1,4.3,,,,
91.509,4,Atta_4,1824.4,2161.7,308.6,9.8,1.5,,,,
91.509,5,Atta_5,2978.9,1981.7,306.8,56.6,2.9,,,,
91.509,6,Atta_6,2131.8,2449.5,0.9,56.6,2.3,,,,
91.509,7,Atta_7,2638.7,1846.7,127.7,11.8,-4.2,,,,
91.509,8,Atta_8,2249.7,370.6,13.8,29.2,2.6,,,,
91.509,9,Atta_9,1821.8,1002.9,298.2,56.8,1.5,,,,
91.509,10,Atta_10,2016.8,1396.6,336.6,-66.1,-2.6,,,,
91.578,1,Atta_1,2284.5,1796.8,332.1,-64.8,3.5,,,,
91.578,2,Atta_2,2617.3,673.1,356.4,32.7,0.4,,,,
91.578,3,Atta_3,3583.0,574.2,24.1,-19.4,5.3,,,,
91.578,4,Atta_4,1835.3,2175.2,306.9,-17.4,-1.7,,,,
91.578,5,Atta_5,2950.1,1963.9,302.5,-33.9,-4.3,,,,
91.578,6,Atta_6,2147.0,2412.5,355.4,40.0,-5.5,,,,
91.578,7,Atta_7,2687.7,1827.7,122.6,-52.6,-5.1,,,,
91.578,8,Atta_8,2292.1,414.1,12.7,60.7,-1.1,,,,
91.578,9,Atta_9,1815.1,1033.3,300.0,-31.1,1.8,,,,
91.578,10,Atta_10,2095.3,1408.0,336.4,79.3,-0.2,,,,
91.644,1,Atta_1,2289.1,1790.6,330.5,7.7,-1.6,,,,
91.644,2,Atta_2,2606.9,665.1,354.7,-13.1,-1.7,,,,
91.644,3,Atta_3,3541.5,584.3,28.2,-42.7,4.1,,,,
91.644,4,Atta_4,1836.9,2201.2,308.0,-26.0,1.1,,,,
91.644,5,Atta_5,3003.2,2003.4,302.1,-66.2,-0.4,,,,
91.644,6,Atta_6,2113.0,2484.8,351.1,-79.9,-4.3,,,,
91.644,7,Atta_7,2643.1,1789.8,117.0,-58.5,-5.6,,,,
91.644,8,Atta_8,2263.9,390.2,8.5,-37.0,-4.2,,,,
91.644,9,Atta_9,1852.8,971.7,296.8,72.2,-3.2,,,,
91.644,10,Atta_10,2132.1,1443.6,339.0,51.2,2.6,,,,
91.711,1,Atta_1,2320.9,1774.7,330.4,35.6,-0.1,,,,
91.711,2,Atta_2,2585.0,633.8,355.3,-38.2,0.6,,,,
91.711,3,Atta_3,3550.1,571.4,31.6,15.5,3.4,,,,
91.711,4,Atta_4,1801.1,2227.3,302.9,-44.3,-5.1,,,,
91.711,5,Atta_5,3018.6,1949.6,306.2,56.0,4.1,,,,
91.711,6,Atta_6,2099.9,2427.8,349.4,-58.5,-1.7,,,,
91.711,7,Atta_7,2671.1,1772.9,112.5,-32.7,-4.5,,,,
91.711,8,Atta_8,2327.2,326.0,14.0,90.2,5.5,,,,
91.711,9,Atta_9,1870.2,980.6,302.2,-19.5,5.4,,,,
91.711,10,Atta_10,2168.0,1404.0,337.3,53.5,-1.7,,,,
91.828,1,Atta_1,2295.6,1737.7,328.6,-44.8,-1.8,,,,
91.828,2,Atta_2,2633.3,610.0,2.4,53.8,7.1,,,,
91.828,3,Atta_3,3519.3,550.0,38.0,-37.5,6.4,,,,
91.828,4,Atta_4,1855.6,2178.9,307.4,72.9,4.5,,,,
91.828,5,Atta_5,2980.5,1968.8,300.6,-42.7,-5.6,,,,
91.828,6,Atta_6,2101.0,2403.4,349.3,24.4,-0.1,,,,
91.828,7,Atta_7,2590.3,1777.3,109.5,80.9,-3.0,,,,
91.828,8,Atta_8,2293.3,402.0,11.6,-83.2,-2.4,,,,
91.828,9,Atta_9,1749.7,945.5,297.8,-125.5,-4.4,,,,
91.828,10,Atta_10,2179.2,1417.1,336.7,17.2,-0.6,,,,
91.898,1,Atta_1,2358.8,1667.3,327.8,94.6,-0.8,,,,
91.898,2,Atta_2,2623.7,672.5,4.5,-63.2,2.1,,,,
91.898,3,Atta_3,3580.3,556.4,44.3,61.3,6.3,,,,
91.898,4,Atta_4,1803.7,2169.2,305.4,-52.8,-2.0,,,,
91.898,5,Atta_5,3011.7,1990.1,307.9,-37.8,7.3,,,,
91.898,6,Atta_6,2115.5,2437.9,348.5,37.4,-0.8,,,,
91.898,7,Atta_7,2659.8,1794.2,102.9,-71.5,-6.6,,,,
91.898,8,Atta_8,2324.2,404.6,15.6,31.0,4.0,,,,
91.898,9,Atta_9,1892.6,944.0,298.6,142.9,0.8,,,,
91.898,10,Atta_10,2143.1,1345.2,334.3,-80.5,-2.4,,,,
91.969,1,Atta_1,2318.3,1763.7,328.1,-104.6,0.3,,,,
91.969,2,Atta_2,2613.4,631.5,4.5,-42.3,0.0,,,,
91.969,3,Atta_3,3564.6,555.4,48.8,-15.7,4.5,,,,
91.969,4,Atta_4,1804.1,2115.2,306.6,54.0,1.2,,,,
91.969,5,Atta_5,2973.9,2011.9,301.3,-43.6,-6.6,,,,
91.969,6,Atta_6,2180.4,2399.6,346.5,75.4,-2.0,,,,
91.969,7,Atta_7,2650.9,1763.2,98.2,-32.3,-4.7,,,,
91.969,8,Atta_8,2374.8,423.4,7.6,54.0,-8.0,,,,
91.969,9,Atta_9,1901.2,915.3,299.9,30.0,1.3,,,,
91.969,10,Atta_10,2162.1,1393.9,340.1,-52.3,5.8,,,,
92.021,1,Atta_1,2377.0,1756.7,329.1,59.1,1.0,,,,
92.021,2,Atta_2,2636.0,720.0,10.2,91.3,5.7,,,,
92.021,3,Atta_3,3525.7,534.1,52.9,-44.3,4.1,,,,
92.021,4,Atta_4,1870.7,2168.4,304.1,-85.2,-2.5,,,,
92.021,5,Atta_5,2924.9,1984.5,304.5,-56.1,3.2,,,,
92.021,6,Atta_6,2060.6,2431.6,347.4,-124.0,0.9,,,,
92.021,7,Atta_7,2668.2,1863.1,96.6,101.4,-1.6,,,,
92.021,8,Atta_8,2385.3,387.4,10.7,37.5,3.1,,,,
92.021,9,Atta_9,1840.2,939.6,299.1,-65.7,-0.8,,,,
92.021,10,Atta_10,2121.6,1417.9,337.8,-47.1,-2.3,,,,
92.09,1,Atta_1,2344.0,1779.3,332.9,-40.0,3.8,,,,
92.09,2,Atta_2,2650.7,690.2,6.3,33.2,-3.9,,,,
92.09,3,Atta_3,3535.1,566.4,53.7,33.6,0.8,,,,
92.09,4,Atta_4,1850.2,2130.8,305.2,42.8,1.1,,,,
92.09,5,Atta_5,2919.8,1999.3,306.5,-15.7,2.0,,,,
92.09,6,Atta_6,2115.1,2413.5,344.6,57.4,-2.8,,,,
92.09,7,Atta_7,2597.8,1772.4,89.9,-114.8,-6.7,,,,
92.09,8,Atta_8,2344.8,407.8,12.5,-45.3,1.8,,,,
92.09,9,Atta_9,1805.9,963.5,300.4,-41.8,1.3,,,,
92.09,10,Atta_10,2102.8,1396.8,341.7,-28.3,3.9,,,,
92.159,1,Atta_1,2333.6,1723.1,332.7,57.2,-0.2,,,,
92.159,2,Atta_2,2608.3,696.0,4.0,-42.8,-2.3,,,,
92.159,3,Atta_3,3577.9,553.8,64.4,44.6,10.7,,,,
92.159,4,Atta_4,1854.7,2145.7,303.8,-15.6,-1.4,,,,
92.159,5,Atta_5,2983.2,1961.4,304.9,73.9,-1.6,,,,
92.159,6,Atta_6,2088.8,2418.9,350.0,-26.8,5.4,,,,
92.159,7,Atta_7,2656.4,1809.8,84.0,69.5,-5.9,,,,
92.159,8,Atta_8,2339.8,362.3,11.2,-45.8,-1.3,,,,
92.159,9,Atta_9,1877.9,886.4,301.1,105.5,0.7,,,,
92.159,10,Atta_10,2139.4,1369.3,345.7,45.8,4.0,,,,
92.227,1,Atta_1,2370.0,1730.9,331.9,37.2,-0.8,,,,
92.227,2,Atta_2,2637.8,684.1,5.4,31.8,1.4,,,,
92.227,3,Atta_3,3511.3,559.7,67.2,-66.9,2.8,,,,
92.227,4,Atta_4,1825.9,2108.5,304.4,47.0,0.6,,,,
92.227,5,Atta_5,3022.5,2010.8,306.4,-63.1,1.5,,,,
92.227,6,Atta_6,2173.5,2405.7,349.2,85.7,-0.8,,,,
92.227,7,Atta_7,2633.1,1807.9,79.9,-23.4,-4.1,,,,
92.227,8,Atta_8,2403.2,382.2,12.7,66.4,1.5,,,,
92.227,9,Atta_9,1899.0,902.5,303.1,-26.5,2.0,,,,
92.227,10,Atta_10,2158.9,1388.4,341.6,27.3,-4.1,,,,
92.296,1,Atta_1,2345.0,1720.2,328.1,-27.2,-3.8,,,,
92.296,3,Atta_3,3554.9,556.6,65.4,43.7,-1.8,,,,
92.296,4,Atta_4,1882.5,2076.0,304.9,65.3,0.5,,,,
92.296,5,Atta_5,2970.6,2006.4,304.8,-52.1,-1.6,,,,
92.296,6,Atta_6,2150.6,2370.2,350.7,-42.2,1.5,,,,
92.296,7,Atta_7,2592.4,1853.7,79.9,61.3,0.0,,,,
92.296,8,Atta_8,2423.8,406.1,13.3,31.6,0.6,,,,
92.296,9,Atta_9,1914.2,875.2,300.5,31.2,-2.6,,,,
92.296,10,Atta_10,2144.2,1384.2,341.3,-15.3,-0.3,,,,
92.367,1,Atta_1,2367.2,1690.9,326.7,36.8,-1.4,,,,
92.367,2,Atta_2,2631.0,709.9,7.8,-26.7,2.4,,,,
92.367,3,Atta_3,3543.2,573.5,76.4,20.6,11.0,,,,
92.367,4,Atta_4,1896.8,2065.6,306.7,17.7,1.8,,,,
92.367,5,Atta_5,2991.9,1997.6,305.6,23.0,0.8,,,,
92.367,6,Atta_6,2219.4,2429.4,348.9,90.8,-1.8,,,,
92.367,7,Atta_7,2652.5,1801.5,71.9,-79.6,-8.0,,,,
92.367,8,Atta_8,2416.9,378.7,10.8,-28.3,-2.5,,,,
92.367,9,Atta_9,1946.1,872.2,305.1,32.0,4.6,,,,
92.367,10,Atta_10,2098.1,1411.2,343.8,-53.4,2.5,,,,
92.435,1,Atta_1,2342.8,1681.0,324.2,-26.3,-2.5,,,,
92.435,2,Atta_2,2642.8,666.2,6.8,45.3,-1.0,,,,
92.435,3,Atta_3,3541.7,539.6,78.7,-33.9,2.3,,,,
92.435,4,Atta_4,1948.2,2099.5,306.5,61.6,-0.2,,,,
92.435,5,Atta_5,3056.0,1949.1,305.5,80.4,-0.1,,,,
92.435,6,Atta_6,2117.6,2426.8,348.1,-101.8,-0.8,,,,
92.435,7,Atta_7,2600.3,1833.0,66.1,61.0,-5.8,,,,
92.435,8,Atta_8,2474.8,427.4,10.6,75.7,-0.2,,,,
92.435,9,Atta_9,1854.6,904.2,306.6,-96.9,1.5,,,,
92.435,10,Atta_10,2211.9,1379.5,344.9,118.1,1.1,,,,
92.502,1,Atta_1,2404.9,1703.8,322.1,66.2,-2.1,,,,
92.502,2,Atta_2,2688.6,600.7,4.2,79.9,-2.6,,,,
92.502,3,Atta_3,3540.4,572.6,82.9,33.0,4.2,,,,
92.502,4,Atta_4,1905.1,2066.8,314.4,54.1,7.9,,,,
92.502,5,Atta_5,2943.2,2020.1,306.5,-133.3,1.0,,,,
92.502,6,Atta_6,2177.1,2443.5,346.9,61.8,-1.2,,,,
92.502,7,Atta_7,2680.2,1808.3,63.2,83.6,-2.9,,,,
92.502,8,Atta_8,2431.2,441.1,13.9,-45.7,3.3,,,,
92.502,9,Atta_9,1886.8,841.0,316.6,70.9,10.0,,,,
92.502,10,Atta_10,2173.6,1408.9,345.1,-48.3,0.2,,,,
92.572,1,Atta_1,2385.4,1714.5,322.2,-22.2,0.1,,,,
92.572,2,Atta_2,2674.8,682.3,4.1,-82.8,-0.1,,,,
92.572,3,Atta_3,3533.3,554.7,84.4,-19.3,1.5,,,,
92.572,4,Atta_4,1878.8,2068.9,313.7,-26.4,-0.7,,,,
92.572,5,Atta_5,3001.2,1955.1,306.9,87.1,0.4,,,,
92.572,6,Atta_6,2215.3,2394.2,347.1,62.4,0.2,,,,
92.572,7,Atta_7,2731.6,1856.4,55.7,70.4,-7.5,,,,
92.572,8,Atta_8,2493.2,406.4,10.0,71.0,-3.9,,,,
92.572,9,Atta_9,1813.2,804.0,319.2,-82.4,2.6,,,,
92.572,10,Atta_10,2155.3,1369.6,345.4,-43.4,0.3,,,,
92.641,1,Atta_1,2374.3,1704.3,324.7,-15.1,2.5,,,,
92.641,2,Atta_2,2664.3,723.6,6.4,-42.6,2.3,,,,
92.641,3,Atta_3,3552.6,565.0,95.0,21.9,10.6,,,,
92.641,4,Atta_4,1882.7,2079.4,319.9,-11.2,6.2,,,,
92.641,5,Atta_5,2967.4,2033.4,305.9,-85.3,-1.0,,,,
92.641,6,Atta_6,2224.3,2372.1,346.0,23.9,-1.1,,,,
92.641,7,Atta_7,2667.2,1797.4,51.7,-87.3,-4.0,,,,
92.641,8,Atta_8,2465.0,437.2,10.6,-41.8,0.6,,,,
92.641,9,Atta_9,1893.3,904.4,322.1,-128.4,2.9,,,,
92.641,10,Atta_10,2177.1,1372.6,342.8,22.0,-2.6,,,,
92.711,1,Atta_1,2429.9,1686.8,324.6,58.3,-0.1,,,,
92.711,2,Atta_2,2671.4,654.3,4.9,-69.7,-1.5,,,,
92.711,3,Atta_3,3511.4,528.5,98.6,-55.0,3.6,,,,
92.711,4,Atta_4,1871.6,2102.7,326.7,-25.8,6.8,,,,
92.711,5,Atta_5,2994.6,2000.1,307.3,43.0,1.4,,,,
92.711,6,Atta_6,2253.9,2414.9,344.4,52.0,-1.6,,,,
92.711,7,Atta_7,2669.4,1821.5,48.2,24.2,-3.5,,,,
92.711,8,Atta_8,2434.9,388.8,14.8,-57.0,4.2,,,,
92.711,9,Atta_9,1871.0,887.1,326.4,-28.2,4.3,,,,
92.711,10,Atta_10,2237.6,1325.0,342.6,77.0,-0.2,,,,
92.778,1,Atta_1,2380.6,1722.7,321.9,-61.0,-2.7,,,,
92.778,2,Atta_2,2699.6,666.6,7.0,30.8,2.1,,,,
92.778,3,Atta_3,3554.3,539.3,98.4,44.2,-0.2,,,,
92.778,4,Atta_4,1851.4,2048.1,329.5,58.2,2.8,,,,
92.778,5,Atta_5,2940.0,2006.4,307.5,-55.0,0.2,,,,
92.778,6,Atta_6,2234.7,2392.6,351.3,-29.4,6.9,,,,
92.778,7,Atta_7,2589.3,1812.2,46.7,-80.6,-1.5,,,,
92.778,8,Atta_8,2457.4,397.6,15.5,24.2,0.7,,,,
92.778,9,Atta_9,1927.7,927.7,334.3,69.7,7.9,,,,
92.778,10,Atta_10,2159.9,1397.8,346.1,-106.5,3.5,,,,
92.847,1,Atta_1,2419.5,1682.9,322.1,55.7,0.2,,,,
92.847,2,Atta_2,2747.7,677.1,5.9,49.2,-1.1,,,,
92.847,3,Atta_3,3505.5,580.7,103.8,64.0,5.4,,,,
92.847,4,Atta_4,1884.7,2109.7,335.0,-70.0,5.5,,,,
92.847,5,Atta_5,2836.0,1938.1,304.7,-124.4,-2.8,,,,
92.847,6,Atta_6,2262.1,2386.1,348.0,28.2,-3.3,,,,
92.847,7,Atta_7,2667.9,1807.0,40.3,78.8,-6.4,,,,
92.847,8,Atta_8,2501.5,391.9,14.1,44.5,-1.4,,,,
92.847,9,Atta_9,1869.0,867.7,338.7,-83.9,4.4,,,,
92.847,10,Atta_10,2234.8,1410.0,342.7,75.9,-3.4,,,,
92.916,1,Atta_1,2396.7,1714.1,326.8,-38.6,4.7,,,,
92.916,2,Atta_2,2739.8,657.5,8.5,-21.1,2.6,,,,
92.916,3,Atta_3,3532.8,563.4,104.4,-32.3,0.6,,,,
92.916,4,Atta_4,1873.2,2106.8,338.2,-11.9,3.2,,,,
92.916,5,Atta_5,2985.6,1990.8,308.2,158.6,3.5,,,,
92.916,6,Atta_6,2226.6,2384.9,348.8,-35.5,0.8,,,,
92.916,7,Atta_7,2650.5,1844.1,36.8,41.0,-3.5,,,,
92.916,8,Atta_8,2523.2,425.6,12.4,40.1,-1.7,,,,
92.916,9,Atta_9,1865.7,886.5,343.2,-19.1,4.5,,,,
92.916,10,Atta_10,2264.9,1387.6,342.7,37.5,0.0,,,,
92.982,1,Atta_1,2422.7,1646.3,324.7,72.6,-2.1,,,,
92.982,2,Atta_2,2779.5,703.4,9.0,60.7,0.5,,,,
92.982,3,Atta_3,3502.0,564.9,103.7,30.8,-0.7,,,,
92.982,4,Atta_4,1889.9,2077.0,344.7,34.2,6.5,,,,
92.982,5,Atta_5,3000.5,1980.8,301.9,17.9,-6.3,,,,
92.982,6,Atta_6,2307.6,2415.3,347.6,86.5,-1.2,,,,
92.982,7,Atta_7,2617.6,1786.2,35.6,-66.6,-1.2,,,,
92.982,8,Atta_8,2506.1,391.5,14.1,-38.1,1.7,,,,
92.982,9,Atta_9,1894.8,994.1,344.0,-111.5,0.8,,,,
92.982,10,Atta_10,2242.5,1375.9,342.8,-25.3,0.1,,,,
93.051,1,Atta_1,2411.0,1616.7,324.6,31.8,-0.1,,,,
93.051,2,Atta_2,2772.6,702.5,7.0,-7.0,-2.0,,,,
93.051,3,Atta_3,3545.5,576.1,103.2,44.9,-0.5,,,,
93.051,4,Atta_4,1881.7,2024.0,345.9,53.6,1.2,,,,
93.051,5,Atta_5,2952.3,1987.4,302.3,-48.6,0.4,,,,
93.051,6,Atta_6,2275.4,2390.7,343.1,-40.5,-4.5,,,,
93.051,7,Atta_7,2649.1,1843.5,26.5,65.4,-9.1,,,,
93.051,8,Atta_8,2453.5,436.6,12.5,-69.3,-1.6,,,,
93.051,9,Atta_9,1861.6,858.8,343.0,139.3,-1.0,,,,
93.051,10,Atta_10,2264.8,1378.1,341.4,22.4,-1.4,,,,
93.117,1,Atta_1,2393.6,1638.8,326.3,-28.1,1.7,,,,
93.117,2,Atta_2,2825.0,727.9,9.0,58.2,2.0,,,,
93.117,3,Atta_3,3505.0,541.7,104.3,-53.1,1.1,,,,
93.117,4,Atta_4,1828.5,2044.2,350.7,-56.9,4.8,,,,
93.117,5,Atta_5,2957.7,1974.8,306.4,13.7,4.1,,,,
93.117,6,Atta_6,2293.1,2416.5,348.5,31.3,5.4,,,,
93.117,7,Atta_7,2636.3,1808.6,22.7,-37.2,-3.8,,,,
93.117,8,Atta_8,2472.9,471.1,13.8,39.6,1.3,,,,
93.117,9,Atta_9,1837.3,887.6,354.9,-37.7,11.9,,,,
93.117,10,Atta_10,2266.7,1415.6,341.4,-37.5,0.0,,,,
93.167,1,Atta_1,2457.4,1720.9,322.8,104.0,-3.5,,,,
93.167,2,Atta_2,2816.9,683.7,2.8,-44.9,-6.2,,,,
93.167,3,Atta_3,3462.4,575.1,105.0,54.1,0.7,,,,
93.167,4,Atta_4,1888.1,2067.9,357.1,64.1,6.4,,,,
93.167,5,Atta_5,2949.6,1985.4,306.6,-13.3,0.2,,,,
93.167,6,Atta_6,2272.0,2387.3,348.8,-36.0,0.3,,,,
93.167,7,Atta_7,2680.4,1850.9,18.1,61.1,-4.6,,,,
93.167,8,Atta_8,2581.6,435.0,12.7,114.5,-1.1,,,,
93.167,9,Atta_9,1892.4,872.3,357.7,57.2,2.8,,,,
93.167,10,Atta_10,2255.2,1302.7,341.2,113.5,-0.2,,,,
93.236,1,Atta_1,2441.3,1664.5,326.2,58.7,3.4,,,,
93.236,2,Atta_2,2806.2,664.5,5.2,-22.0,2.4,,,,
93.236,3,Atta_3,3506.0,610.2,105.2,56.0,0.2,,,,
93.236,4,Atta_4,1849.8,2055.0,1.0,-40.4,3.9,,,,
93.236,5,Atta_5,3043.7,1989.8,306.7,94.2,0.1,,,,
93.236,6,Atta_6,2329.3,2395.1,347.1,57.8,-1.7,,,,
93.236,7,Atta_7,2623.8,1714.7,12.4,-147.5,-5.7,,,,
93.236,8,Atta_8,2526.6,428.8,17.3,-55.3,4.6,,,,
93.236,9,Atta_9,1828.1,880.6,358.1,-64.8,0.4,,,,
93.236,10,Atta_10,2329.6,1371.9,343.0,101.6,1.8,,,,
93.289,1,Atta_1,2468.7,1689.6,323.1,37.2,-3.1,,,,
93.289,2,Atta_2,2843.6,650.9,10.6,39.8,5.4,,,,
93.289,3,Atta_3,3548.7,647.6,101.9,56.8,-3.3,,,,
93.289,4,Atta_4,1886.3,2066.1,2.5,38.2,1.5,,,,
93.289,5,Atta_5,2984.9,1998.0,309.3,-59.4,2.6,,,,
93.289,6,Atta_6,2357.5,2357.5,348.8,47.0,1.7,,,,
93.289,7,Atta_7,2680.0,1870.6,9.6,165.7,-2.8,,,,
93.289,8,Atta_8,2537.7,425.3,13.5,11.6,-3.8,,,,
93.289,9,Atta_9,1865.5,922.3,0.5,56.0,2.4,,,,
93.289,10,Atta_10,2295.6,1374.3,345.1,-34.1,2.1,,,,
93.359,1,Atta_1,2478.6,1632.6,323.2,57.9,0.1,,,,
93.359,2,Atta_2,2825.6,690.4,9.1,-43.4,-1.5,,,,
93.359,3,Atta_3,3542.8,601.7,104.4,-46.3,2.5,,,,
93.359,4,Atta_4,1878.7,2098.2,1.8,-33.0,-0.7,,,,
93.359,5,Atta_5,2934.4,1963.3,303.8,-61.3,-5.5,,,,
93.359,6,Atta_6,2305.5,2411.8,349.1,-75.2,0.3,,,,
93.359,7,Atta_7,2650.8,1837.4,3.9,-44.2,-5.7,,,,
93.359,8,Atta_8,2564.3,388.9,10.5,45.1,-3.0,,,,
93.359,9,Atta_9,1823.3,913.4,360.0,-43.1,-0.5,,,,
93.359,10,Atta_10,2314.1,1342.7,342.6,36.6,-2.5,,,,
93.425,1,Atta_1,2468.4,1581.7,326.1,51.9,2.9,,,,
93.425,2,Atta_2,2857.0,706.3,9.1,35.2,0.0,,,,
93.425,3,Atta_3,3562.3,586.4,105.0,-24.8,0.6,,,,
93.425,4,Atta_4,1896.5,2088.6,2.7,20.2,0.9,,,,
93.425,5,Atta_5,2967.5,1972.2,308.7,34.3,4.9,,,,
93.425,6,Atta_6,2379.0,2329.3,348.5,110.5,-0.6,,,,
93.425,7,Atta_7,2627.3,1761.8,359.8,-79.2,-4.1,,,,
93.425,8,Atta_8,2575.1,431.7,9.6,44.1,-0.9,,,,
93.425,9,Atta_9,1873.2,991.0,2.0,92.3,2.0,,,,
93.425,10,Atta_10,2308.3,1387.6,342.4,-45.3,-0.2,,,,
93.496,1,Atta_1,2512.7,1592.3,323.5,45.6,-2.6,,,,
93.496,2,Atta_2,2835.1,706.0,1.5,-21.9,-7.6,,,,
93.496,3,Atta_3,3551.1,589.8,104.0,11.7,-1.0,,,,
93.496,4,Atta_4,1871.7,2035.1,5.7,-59.0,3.0,,,,
93.496,5,Atta_5,2997.0,1938.5,305.8,44.8,-2.9,,,,
93.496,6,Atta_6,2379.0,2370.3,346.5,-41.0,-2.0,,,,
93.496,7,Atta_7,2655.4,1785.2,355.5,36.6,-4.3,,,,
93.496,8,Atta_8,2587.6,462.8,12.0,33.5,2.4,,,,
93.496,9,Atta_9,1887.6,948.1,1.4,45.3,-0.6,,,,
93.496,10,Atta_10,2346.3,1380.1,340.7,38.7,-1.7,,,,
93.558,1,Atta_1,2503.8,1648.2,321.7,-56.6,-1.8,,,,
93.558,2,Atta_2,2804.1,646.9,8.7,-66.7,7.2,,,,
93.558,3,Atta_3,3527.1,602.6,104.1,27.2,0.1,,,,
93.558,4,Atta_4,1870.9,2031.4,1.0,-3.8,-4.7,,,,
93.558,5,Atta_5,3004.1,2017.9,305.8,-79.7,0.0,,,,
93.558,6,Atta_6,2318.8,2369.8,346.9,-60.2,0.4,,,,
93.558,7,Atta_7,2680.0,1826.8,354.3,48.3,-1.2,,,,
93.558,8,Atta_8,2611.5,522.0,10.9,63.8,-1.1,,,,
93.558,9,Atta_9,1883.3,904.4,359.6,-43.9,-1.8,,,,
93.558,10,Atta_10,2375.2,1292.4,340.4,92.3,-0.3,,,,
93.628,1,Atta_1,2492.3,1594.0,323.9,55.4,2.2,,,,
93.628,2,Atta_2,2820.3,678.0,6.5,35.1,-2.2,,,,
93.628,3,Atta_3,3544.1,614.7,99.6,20.9,-4.5,,,,
93.628,4,Atta_4,1887.2,2097.0,5.2,67.6,4.2,,,,
93.628,5,Atta_5,2982.5,1979.5,308.2,44.1,2.4,,,,
93.628,6,Atta_6,2346.7,2394.7,346.2,37.4,-0.7,,,,
93.628,7,Atta_7,2637.9,1774.8,344.7,-66.9,-9.6,,,,
93.628,8,Atta_8,2606.5,453.4,13.1,-68.8,2.2,,,,
93.628,9,Atta_9,1909.8,897.1,358.2,27.5,-1.4,,,,
93.628,10,Atta_10,2314.3,1369.2,342.4,-98.0,2.0,,,,
93.699,1,Atta_1,2563.6,1595.5,325.9,71.3,2.0,,,,
93.699,2,Atta_2,2863.9,729.1,9.0,67.2,2.5,,,,
93.699,3,Atta_3,3514.0,623.5,105.1,31.4,5.5,,,,
93.699,4,Atta_4,1913.4,2063.7,357.6,42.4,-7.6,,,,
93.699,5,Atta_5,3061.4,1998.1,305.2,81.1,-3.0,,,,
93.699,6,Atta_6,2447.3,2355.7,344.3,107.9,-1.9,,,,
93.699,7,Atta_7,2662.9,1792.7,344.4,30.7,-0.3,,,,
93.699,8,Atta_8,2633.8,449.2,9.2,27.6,-3.9,,,,
93.699,9,Atta_9,1943.6,886.1,357.9,35.5,-0.3,,,,
93.699,10,Atta_10,2371.3,1332.2,341.2,68.0,-1.2,,,,
93.821,1,Atta_1,2545.9,1652.4,324.6,-59.6,-1.3,,,,
93.821,2,Atta_2,2867.7,664.6,7.6,-64.6,-1.4,,,,
93.821,3,Atta_3,3471.0,647.7,106.3,49.3,1.2,,,,
93.821,4,Atta_4,1903.5,2059.8,4.8,-10.6,7.2,,,,
93.821,5,Atta_5,2971.1,1957.2,303.4,-99.1,-1.8,,,,
93.821,6,Atta_6,2402.9,2343.7,349.7,-46.0,5.4,,,,
93.821,7,Atta_7,2672.1,1791.0,342.7,9.4,-1.7,,,,
93.821,8,Atta_8,2664.4,400.4,10.6,57.6,1.4,,,,
93.821,9,Atta_9,1948.4,882.2,356.6,6.2,-1.3,,,,
93.821,10,Atta_10,2393.4,1323.4,345.2,23.8,4.0,,,,
93.89,1,Atta_1,2528.5,1575.2,327.1,79.1,2.5,,,,
93.89,2,Atta_2,2884.0,712.7,9.9,50.8,2.3,,,,
93.89,3,Atta_3,3499.7,652.7,97.8,-29.1,-8.5,,,,
93.89,4,Atta_4,1940.4,2086.5,4.0,45.5,-0.8,,,,
93.89,5,Atta_5,2910.7,1988.2,302.3,-67.9,-1.1,,,,
93.89,6,Atta_6,2408.8,2362.9,350.4,20.1,0.7,,,,
93.89,7,Atta_7,2692.1,1789.9,339.2,20.0,-3.5,,,,
93.89,8,Atta_8,2665.1,476.3,12.6,75.9,2.0,,,,
93.89,9,Atta_9,1887.5,857.8,357.5,-65.6,0.9,,,,
93.89,10,Atta_10,2328.0,1273.1,344.1,-82.5,-1.1,,,,
93.959,1,Atta_1,2605.1,1612.4,323.8,85.2,-3.3,,,,
93.959,2,Atta_2,2949.2,680.3,6.3,72.8,-3.6,,,,
93.959,3,Atta_3,3508.6,684.9,94.4,33.4,-3.4,,,,
93.959,4,Atta_4,1945.0,2080.1,1.8,7.9,-2.2,,,,
93.959,5,Atta_5,2977.5,2020.3,305.9,74.1,3.6,,,,
93.959,6,Atta_6,2475.7,2373.5,346.8,67.7,-3.6,,,,
93.959,7,Atta_7,2663.0,1843.2,342.4,-60.7,3.2,,,,
93.959,8,Atta_8,2753.9,423.9,10.5,103.1,-2.1,,,,
93.959,9,Atta_9,1971.4,942.7,358.9,119.4,1.4,,,,
93.959,10,Atta_10,2406.6,1334.1,339.7,99.5,-4.4,,,,
94.078,1,Atta_1,2546.3,1570.9,328.5,-72.0,4.7,,,,
94.078,2,Atta_2,2873.5,691.1,7.4,-76.5,1.1,,,,
94.078,3,Atta_3,3502.2,626.4,95.7,-58.8,1.3,,,,
94.078,4,Atta_4,1942.5,2040.5,1.7,-39.7,-0.1,,,,
94.078,5,Atta_5,3006.4,1922.1,304.0,102.4,-1.9,,,,
94.078,6,Atta_6,2455.7,2334.5,349.2,-43.8,2.4,,,,
94.078,7,Atta_7,2683.4,1825.0,342.2,27.3,-0.2,,,,
94.078,8,Atta_8,2718.8,455.3,13.9,-47.1,3.4,,,,
94.078,9,Atta_9,1996.1,893.5,3.7,55.1,4.8,,,,
94.078,10,Atta_10,2374.1,1303.9,332.7,-44.4,-7.0,,,,
94.128,1,Atta_1,2555.6,1563.3,326.4,12.0,-2.1,,,,
94.128,2,Atta_2,2877.6,700.2,11.9,10.0,4.5,,,,
94.128,3,Atta_3,3517.7,662.0,95.4,38.8,-0.3,,,,
94.128,4,Atta_4,2008.0,2065.5,1.9,70.1,0.2,,,,
94.128,5,Atta_5,2971.8,1995.3,307.0,-81.0,3.0,,,,
94.128,6,Atta_6,2416.3,2315.1,351.1,-43.9,1.9,,,,
94.128,7,Atta_7,2672.6,1769.8,344.5,56.2,2.3,,,,
94.128,8,Atta_8,2706.1,479.7,11.4,-27.5,-2.5,,,,
94.128,9,Atta_9,1992.2,908.6,358.5,-15.6,-5.2,,,,
94.128,10,Atta_10,2375.1,1344.9,328.6,-41.0,-4.1,,,,
94.196,1,Atta_1,2595.6,1496.9,327.1,77.5,0.7,,,,
94.196,2,Atta_2,2946.2,735.8,6.3,77.3,-5.6,,,,
94.196,3,Atta_3,3519.3,648.6,90.4,-13.5,-5.0,,,,
94.196,4,Atta_4,1997.8,2087.1,1.9,-23.9,0.0,,,,
94.196,5,Atta_5,2907.8,1969.6,306.5,-69.0,-0.5,,,,
94.196,6,Atta_6,2506.7,2338.9,348.3,93.5,-2.8,,,,
94.196,7,Atta_7,2700.2,1841.8,345.9,77.1,1.4,,,,
94.196,8,Atta_8,2713.2,425.8,12.0,-54.4,0.6,,,,
94.196,9,Atta_9,1980.1,900.4,355.8,-14.6,-2.7,,,,
94.196,10,Atta_10,2435.6,1291.7,333.0,80.6,4.4,,,,
94.265,1,Atta_1,2664.7,1533.9,326.2,78.4,-0.9,,,,
94.265,2,Atta_2,2889.3,696.1,6.8,-69.4,0.5,,,,
94.265,3,Atta_3,3512.1,613.8,94.8,-35.5,4.4,,,,
94.265,4,Atta_4,2006.2,2090.1,3.5,8.9,1.6,,,,
94.265,5,Atta_5,3010.4,1970.5,305.1,102.6,-1.4,,,,
94.265,6,Atta_6,2501.7,2309.9,348.4,29.4,0.1,,,,
94.265,7,Atta_7,2693.4,1820.7,338.4,-22.2,-7.5,,,,
94.265,8,Atta_8,2715.1,429.8,13.5,4.4,1.5,,,,
94.265,9,Atta_9,1996.4,868.8,2.5,35.6,6.7,,,,
94.265,10,Atta_10,2394.1,1366.6,329.8,-85.6,-3.2,,,,
94.335,1,Atta_1,2621.1,1559.4,325.0,-50.5,-1.2,,,,
94.335,2,Atta_2,2896.5,676.4,7.4,21.0,0.6,,,,
94.335,3,Atta_3,3515.0,705.8,92.9,92.0,-1.9,,,,
94.335,4,Atta_4,2021.5,2108.3,5.8,23.8,2.3,,,,
94.335,5,Atta_5,3008.6,1974.3,303.4,-4.2,-1.7,,,,
94.335,6,Atta_6,2472.1,2334.5,349.5,-38.5,1.1,,,,
94.335,7,Atta_7,2654.5,1786.5,340.3,-51.8,1.9,,,,
94.335,8,Atta_8,2706.2,485.9,13.9,56.8,0.4,,,,
94.335,9,Atta_9,2009.8,932.2,357.8,64.8,-4.7,,,,
94.335,10,Atta_10,2406.6,1309.4,328.6,58.5,-1.2,,,,
94.403,1,Atta_1,2590.1,1570.9,324.7,-33.1,-0.3,,,,
94.403,2,Atta_2,2906.9,693.6,6.9,20.1,-0.5,,,,
94.403,3,Atta_3,3509.0,718.8,90.2,14.3,-2.7,,,,
94.403,4,Atta_4,1959.1,2067.2,3.1,-74.7,-2.7,,,,
94.403,5,Atta_5,2967.1,1931.4,304.0,59.7,0.6,,,,
94.403,6,Atta_6,2520.1,2272.0,346.2,78.8,-3.3,,,,
94.403,7,Atta_7,2677.0,1780.5,340.2,23.3,-0.1,,,,
94.403,8,Atta_8,2743.1,428.2,16.0,68.5,2.1,,,,
94.403,9,Atta_9,2070.5,930.2,358.5,60.7,0.7,,,,
94.403,10,Atta_10,2439.7,1293.7,327.8,36.6,-0.8,,,,
94.458,1,Atta_1,2671.6,1517.7,335.6,97.3,10.9,,,,
94.458,2,Atta_2,2972.5,704.9,6.4,66.6,-0.5,,,,
94.458,3,Atta_3,3495.2,700.8,92.8,-22.7,2.6,,,,
94.458,4,Atta_4,2069.8,2042.6,2.6,113.4,-0.5,,,,
94.458,5,Atta_5,2990.2,1949.2,304.7,-29.2,0.7,,,,
94.458,6,Atta_6,2546.6,2316.9,346.9,52.1,0.7,,,,
94.458,7,Atta_7,2703.8,1744.1,341.1,45.2,0.9,,,,
94.458,8,Atta_8,2781.7,459.6,14.5,49.8,-1.5,,,,
94.458,9,Atta_9,2051.9,856.9,359.2,-75.6,0.7,,,,
94.458,10,Atta_10,2397.3,1286.8,333.2,-43.0,5.4,,,,
94.524,1,Atta_1,2609.4,1526.5,339.5,-62.8,3.9,,,,
94.524,2,Atta_2,2929.7,699.5,11.6,-43.1,5.2,,,,
94.524,3,Atta_3,3471.9,731.7,93.3,38.7,0.5,,,,
94.524,4,Atta_4,2075.5,2026.0,5.3,17.6,2.7,,,,
94.524,5,Atta_5,3013.8,2027.9,305.8,-82.2,1.1,,,,
94.524,6,Atta_6,2528.7,2315.9,350.3,-17.9,3.4,,,,
94.524,7,Atta_7,2728.9,1806.1,341.3,66.9,0.2,,,,
94.524,8,Atta_8,2730.0,454.1,18.8,-52.0,4.3,,,,
94.524,9,Atta_9,2021.7,858.6,359.1,-30.2,-0.1,,,,
94.524,10,Atta_10,2405.7,1326.8,329.8,-40.9,-3.4,,,,
94.589,1,Atta_1,2595.2,1539.5,344.8,-19.3,5.3,,,,
94.589,2,Atta_2,2969.1,689.1,9.8,40.7,-1.8,,,,
94.589,3,Atta_3,3510.3,703.2,93.4,-47.8,0.1,,,,
94.589,4,Atta_4,2115.1,2091.3,0.2,76.4,-5.1,,,,
94.589,5,Atta_5,2955.4,1894.1,304.1,146.0,-1.7,,,,
94.589,6,Atta_6,2607.1,2314.8,346.1,78.4,-4.2,,,,
94.589,7,Atta_7,2732.1,1778.3,342.7,28.0,1.4,,,,
94.589,8,Atta_8,2740.2,487.8,11.3,35.2,-7.5,,,,
94.589,9,Atta_9,2073.6,821.8,356.1,63.6,-3.0,,,,
94.589,10,Atta_10,2442.6,1358.7,331.3,48.8,1.5,,,,
94.655,1,Atta_1,2601.1,1572.0,348.3,-33.0,3.5,,,,
94.655,2,Atta_2,2976.1,679.2,9.5,12.1,-0.3,,,,
94.655,3,Atta_3,3522.3,689.5,98.8,-18.2,5.4,,,,
94.655,4,Atta_4,2026.3,2073.2,2.5,-90.6,2.3,,,,
94.655,5,Atta_5,2955.9,1937.4,303.1,-43.3,-1.0,,,,
94.655,6,Atta_6,2535.1,2281.8,351.7,-79.2,5.6,,,,
94.655,7,Atta_7,2752.7,1725.0,342.9,57.1,0.2,,,,
94.655,8,Atta_8,2786.0,531.4,11.8,63.2,0.5,,,,
94.655,9,Atta_9,2092.3,857.7,359.0,40.5,2.9,,,,
94.655,10,Atta_10,2426.3,1310.0,332.0,51.4,0.7,,,,
94.724,1,Atta_1,2643.3,1489.4,349.7,92.8,1.4,,,,
94.724,2,Atta_2,2974.4,762.1,6.3,82.9,-3.2,,,,
94.724,3,Atta_3,3505.2,763.6,96.9,76.0,-1.9,,,,
94.724,4,Atta_4,2088.5,2047.4,5.6,67.3,3.1,,,,
94.724,5,Atta_5,2932.2,2011.9,309.8,-78.2,6.7,,,,
94.724,6,Atta_6,2557.4,2340.2,347.4,62.5,-4.3,,,,
94.724,7,Atta_7,2767.0,1806.2,341.0,-82.4,-1.9,,,,
94.724,8,Atta_8,2732.8,505.6,12.8,-59.1,1.0,,,,
94.724,9,Atta_9,2074.4,893.2,359.2,-39.8,0.2,,,,
94.724,10,Atta_10,2398.4,1307.7,329.6,-28.0,-2.4,,,,
94.795,1,Atta_1,2587.5,1569.4,357.2,-97.5,7.5,,,,
94.795,2,Atta_2,3036.7,702.8,9.1,86.0,2.8,,,,
94.795,3,Atta_3,3495.5,756.5,95.0,-12.0,-1.9,,,,
94.795,4,Atta_4,2096.9,2028.5,1.8,20.7,-3.8,,,,
94.795,5,Atta_5,2956.1,2003.0,309.2,25.5,-0.6,,,,
94.795,6,Atta_6,2602.9,2354.7,348.5,47.8,1.1,,,,
94.795,7,Atta_7,2799.1,1689.9,343.1,120.6,2.1,,,,
94.795,8,Atta_8,2790.5,444.3,13.0,84.2,0.2,,,,
94.795,9,Atta_9,2060.1,902.1,355.8,-16.8,-3.4,,,,
94.795,10,Atta_10,2471.0,1355.1,329.5,86.7,-0.1,,,,
94.865,1,Atta_1,2607.1,1529.9,357.7,44.1,0.5,,,,
94.865,2,Atta_2,2938.6,661.9,2.9,-106.3,-6.2,,,,
94.865,3,Atta_3,3579.7,805.6,92.8,97.5,-2.2,,,,
94.865,4,Atta_4,2107.5,2091.4,3.3,63.8,1.5,,,,
94.865,5,Atta_5,2968.0,1999.0,303.2,12.6,-6.0,,,,
94.865,6,Atta_6,2549.7,2350.8,350.0,-53.3,1.5,,,,
94.865,7,Atta_7,2788.1,1752.2,342.2,-63.3,-0.9,,,,
94.865,8,Atta_8,2790.3,523.5,14.0,79.2,1.0,,,,
94.865,9,Atta_9,2147.6,885.8,357.5,89.0,1.7,,,,
94.865,10,Atta_10,2439.6,1256.9,332.6,103.1,3.1,,,,
94.92,1,Atta_1,2601.7,1596.7,357.7,-67.0,0.0,,,,
94.92,2,Atta_2,2988.6,694.6,357.5,59.7,-5.4,,,,
94.92,3,Atta_3,3474.1,734.2,94.3,-127.5,1.5,,,,
94.92,4,Atta_4,2044.6,2092.4,2.8,-62.9,-0.5,,,,
94.92,5,Atta_5,2986.8,1989.8,306.2,20.9,3.0,,,,
94.92,6,Atta_6,2557.0,2289.5,348.4,61.7,-1.6,,,,
94.92,7,Atta_7,2816.6,1760.9,345.4,29.8,3.2,,,,
94.92,8,Atta_8,2828.7,469.8,10.0,66.0,-4.0,,,,
94.92,9,Atta_9,2065.0,875.7,358.7,-83.2,1.2,,,,
94.92,10,Atta_10,2413.8,1284.5,327.7,-37.8,-4.9,,,,
94.991,1,Atta_1,2604.6,1584.4,359.7,12.6,2.0,,,,
94.991,2,Atta_2,3038.8,646.9,354.9,69.2,-2.6,,,,
94.991,3,Atta_3,3498.6,790.4,94.9,61.3,0.6,,,,
94.991,4,Atta_4,2107.0,2113.4,2.7,65.8,-0.1,,,,
94.991,5,Atta_5,2991.6,1959.7,302.6,30.5,-3.6,,,,
94.991,6,Atta_6,2637.7,2333.9,345.9,92.1,-2.5,,,,
94.991,7,Atta_7,2819.6,1722.3,339.2,38.7,-6.2,,,,
94.991,8,Atta_8,2747.5,507.1,12.3,-89.4,2.3,,,,
94.991,9,Atta_9,2182.6,880.1,0.3,117.7,1.6,,,,
94.991,10,Atta_10,2420.2,1279.0,330.6,8.4,2.9,,,,
95.045,1,Atta_1,2618.4,1552.7,353.9,34.6,-5.8,,,,
95.045,2,Atta_2,2991.6,725.2,346.1,-91.4,-8.8,,,,
95.045,3,Atta_3,3536.3,752.0,93.0,-53.8,-1.9,,,,
95.045,4,Atta_4,2145.7,2092.5,2.3,44.0,-0.4,,,,
95.045,5,Atta_5,2928.6,1954.7,306.9,-63.2,4.3,,,,
95.045,6,Atta_6,2579.1,2304.5,351.1,-65.6,5.2,,,,
95.045,7,Atta_7,2767.6,1794.1,344.3,-88.7,5.1,,,,
95.045,8,Atta_8,2848.9,509.5,12.8,101.4,0.5,,,,
95.045,9,Atta_9,2136.8,885.3,359.1,-46.1,-1.2,,,,
95.045,10,Atta_10,2452.3,1270.5,329.0,33.2,-1.6,,,,
95.115,1,Atta_1,2626.0,1600.9,355.2,48.8,1.3,,,,
95.115,2,Atta_2,2966.4,660.0,345.2,-69.9,-0.9,,,,
95.115,3,Atta_3,3540.7,761.5,93.9,10.5,0.9,,,,
95.115,4,Atta_4,2128.5,2079.4,2.4,-21.6,0.1,,,,
95.115,5,Atta_5,2941.2,2027.7,307.9,-74.1,1.0,,,,
95.115,6,Atta_6,2632.4,2368.9,347.4,83.6,-3.7,,,,
95.115,7,Atta_7,2767.7,1752.4,341.6,41.7,-2.7,,,,
95.115,8,Atta_8,2873.3,463.2,12.8,52.3,0.0,,,,
95.115,9,Atta_9,2068.1,894.0,359.1,-69.2,0.0,,,,
95.115,10,Atta_10,2530.4,1252.6,328.5,80.1,-0.5,,,,
95.184,1,Atta_1,2596.9,1538.2,356.1,-69.1,0.9,,,,
95.184,2,Atta_2,3038.9,687.3,341.7,77.5,-3.5,,,,
95.184,3,Atta_3,3509.0,737.2,98.6,-39.9,4.7,,,,
95.184,4,Atta_4,2108.4,2089.3,3.0,-22.4,0.6,,,,
95.184,5,Atta_5,3000.2,1946.6,306.4,100.3,-1.5,,,,
95.184,6,Atta_6,2658.0,2277.4,344.8,95.0,-2.6,,,,
95.184,7,Atta_7,2830.1,1790.8,345.9,73.3,4.3,,,,
95.184,8,Atta_8,2928.8,504.6,12.8,69.2,0.0,,,,
95.184,9,Atta_9,2156.4,881.4,0.9,89.2,1.8,,,,
95.184,10,Atta_10,2477.0,1236.6,328.4,-55.7,-0.1,,,,
95.251,1,Atta_1,2625.4,1583.0,359.4,53.1,3.3,,,,
95.251,2,Atta_2,2985.0,725.4,337.1,-66.0,-4.6,,,,
95.251,3,Atta_3,3546.2,745.4,96.1,38.1,-2.5,,,,
95.251,4,Atta_4,2123.5,2047.4,2.2,44.5,-0.8,,,,
95.251,5,Atta_5,2984.5,1985.8,308.3,-42.2,1.9,,,,
95.251,6,Atta_6,2620.9,2300.8,345.8,-43.9,1.0,,,,
95.251,7,Atta_7,2802.0,1702.2,343.0,-92.9,-2.9,,,,
95.251,8,Atta_8,2874.4,483.6,16.2,-58.3,3.4,,,,
95.251,9,Atta_9,2151.2,925.4,358.7,-44.3,-2.2,,,,
95.251,10,Atta_10,2558.8,1253.7,327.5,83.6,-0.9,,,,
95.32,1,Atta_1,2614.3,1559.5,352.8,-26.0,-6.6,,,,
95.32,2,Atta_2,2944.1,734.3,329.9,-41.9,-7.2,,,,
95.32,3,Atta_3,3551.3,738.6,93.5,-8.5,-2.6,,,,
95.32,4,Atta_4,2133.3,2090.4,5.4,44.1,3.2,,,,
95.32,5,Atta_5,3003.4,1994.5,307.1,20.8,-1.2,,,,
95.32,6,Atta_6,2650.7,2288.3,349.1,32.3,3.3,,,,
95.32,7,Atta_7,2799.1,1761.6,344.1,-59.5,1.1,,,,
95.32,8,Atta_8,2856.3,480.7,17.5,-18.3,1.3,,,,
95.32,9,Atta_9,2121.7,885.8,2.3,-49.4,3.6,,,,
95.32,10,Atta_10,2557.8,1228.0,328.6,25.7,1.1,,,,
95.386,1,Atta_1,2599.1,1569.6,353.8,-18.2,1.0,,,,
95.386,2,Atta_2,2991.9,695.0,323.6,61.9,-6.3,,,,
95.386,3,Atta_3,3478.4,729.5,91.0,-73.5,-2.5,,,,
95.386,4,Atta_4,2162.0,2123.3,4.0,43.7,-1.4,,,,
95.386,5,Atta_5,2959.3,2012.0,306.6,-47.4,-0.5,,,,
95.386,6,Atta_6,2682.5,2291.9,345.9,32.0,-3.2,,,,
95.386,7,Atta_7,2774.9,1763.2,343.4,-24.3,-0.7,,,,
95.386,8,Atta_8,2831.4,454.5,16.8,-36.1,-0.7,,,,
95.386,9,Atta_9,2115.7,939.6,359.3,-54.1,-3.0,,,,
95.386,10,Atta_10,2512.4,1286.5,328.1,-74.1,-0.5,,,,
95.519,1,Atta_1,2652.5,1576.4,358.0,53.8,4.2,,,,
95.519,2,Atta_2,2977.7,704.8,318.0,-17.3,-5.6,,,,
95.519,3,Atta_3,3499.1,712.0,93.0,-27.1,2.0,,,,
95.519,4,Atta_4,2216.3,2125.6,4.1,54.3,0.1,,,,
95.519,5,Atta_5,2962.9,1979.8,305.2,32.4,-1.4,,,,
95.519,6,Atta_6,2740.4,2277.9,348.1,59.6,2.2,,,,
95.519,7,Atta_7,2779.2,1740.6,344.2,23.0,0.8,,,,
95.519,8,Atta_8,2850.1,528.1,12.9,75.9,-3.9,,,,
95.519,9,Atta_9,2167.6,964.9,359.8,57.7,0.5,,,,
95.519,10,Atta_10,2506.0,1228.6,329.5,58.3,1.4,,,,
95.585,1,Atta_1,2674.8,1521.8,356.0,59.0,-2.0,,,,
95.585,2,Atta_2,2939.6,740.9,312.3,-52.5,-5.7,,,,
95.585,3,Atta_3,3537.8,774.8,96.7,73.8,3.7,,,,
95.585,4,Atta_4,2223.6,2084.0,6.1,42.2,2.0,,,,
95.585,5,Atta_5,2977.5,2035.9,306.1,-58.0,0.9,,,,
95.585,6,Atta_6,2708.6,2335.9,348.9,-66.1,0.8,,,,
95.585,7,Atta_7,2847.5,1750.0,339.5,68.9,-4.7,,,,
95.585,8,Atta_8,2894.9,478.5,15.3,66.8,2.4,,,,
95.585,9,Atta_9,2149.2,905.6,3.2,-62.1,3.4,,,,
95.585,10,Atta_10,2549.5,1232.4,330.1,43.7,0.6,,,,
95.714,1,Atta_1,2696.5,1542.9,357.0,30.3,1.0,,,,
95.714,2,Atta_2,2976.3,672.1,307.5,78.0,-4.8,,,,
95.714,3,Atta_3,3495.5,749.2,96.8,-49.4,0.1,,,,
95.714,4,Atta_4,2250.5,2043.2,3.1,48.9,-3.0,,,,
95.714,5,Atta_5,3015.1,1947.2,303.8,96.3,-2.3,,,,
95.714,6,Atta_6,2696.5,2346.9,346.9,-16.4,-2.0,,,,
95.714,7,Atta_7,2768.2,1735.6,339.1,-80.6,-0.4,,,,
95.714,8,Atta_8,2942.2,488.7,18.1,48.4,2.8,,,,
95.714,9,Atta_9,2154.8,926.5,1.1,21.6,-2.1,,,,
95.714,10,Atta_10,2579.7,1198.5,335.4,45.4,5.3,,,,
95.78,1,Atta_1,2666.0,1548.7,358.0,-31.0,1.0,,,,
95.78,2,Atta_2,2937.1,630.7,306.3,57.0,-1.2,,,,
95.78,3,Atta_3,3542.0,751.9,97.8,-46.6,1.0,,,,
95.78,4,Atta_4,2250.6,2049.7,358.9,6.5,-4.2,,,,
95.78,5,Atta_5,2941.4,1953.0,306.9,-73.9,3.1,,,,
95.78,6,Atta_6,2714.7,2303.9,345.5,46.7,-1.4,,,,
95.78,7,Atta_7,2863.9,1771.2,343.4,102.1,4.3,,,,
95.78,8,Atta_8,2910.3,469.6,13.8,-37.2,-4.3,,,,
95.78,9,Atta_9,2166.1,938.7,1.1,16.6,0.0,,,,
95.78,10,Atta_10,2545.6,1275.7,335.9,-84.4,0.5,,,,
95.846,1,Atta_1,2675.2,1536.1,356.0,15.6,-2.0,,,,
95.846,2,Atta_2,2979.2,702.4,301.0,-83.1,-5.3,,,,
95.846,3,Atta_3,3512.6,727.7,95.3,-38.1,-2.5,,,,
95.846,4,Atta_4,2292.9,2069.4,1.1,46.7,2.2,,,,
95.846,5,Atta_5,2990.8,1952.4,306.5,49.4,-0.4,,,,
95.846,6,Atta_6,2721.4,2289.4,351.5,16.0,6.0,,,,
95.846,7,Atta_7,2821.8,1779.0,341.8,-42.8,-1.6,,,,
95.846,8,Atta_8,2918.1,485.1,17.2,17.4,3.4,,,,
95.846,9,Atta_9,2201.0,938.0,357.5,34.9,-3.6,,,,
95.846,10,Atta_10,2586.6,1209.3,336.7,78.0,0.8,,,,
95.915,1,Atta_1,2734.3,1584.5,355.3,76.4,-0.7,,,,
95.915,2,Atta_2,2978.7,742.2,297.3,-39.8,-3.7,,,,
95.915,3,Atta_3,3512.5,782.8,94.5,55.1,-0.8,,,,
95.915,4,Atta_4,2219.5,2067.8,5.9,-73.4,4.8,,,,
95.915,5,Atta_5,2969.6,2074.6,304.6,-124.0,-1.9,,,,
95.915,6,Atta_6,2752.6,2302.1,347.2,33.7,-4.3,,,,
95.915,7,Atta_7,2821.1,1771.0,343.8,8.0,2.0,,,,
95.915,8,Atta_8,2904.6,479.5,16.7,-14.6,-0.5,,,,
95.915,9,Atta_9,2165.9,901.5,0.3,-50.6,2.8,,,,
95.915,10,Atta_10,2569.3,1198.6,344.7,-20.3,8.0,,,,
95.986,1,Atta_1,2683.6,1583.5,355.1,-50.7,-0.2,,,,
95.986,2,Atta_2,2975.6,674.2,294.3,68.1,-3.0,,,,
95.986,3,Atta_3,3488.3,816.5,97.4,41.5,2.9,,,,
95.986,4,Atta_4,2266.2,2034.5,359.3,57.4,-6.6,,,,
95.986,5,Atta_5,2965.1,1993.0,304.0,81.7,-0.6,,,,
95.986,6,Atta_6,2802.9,2325.8,348.0,55.6,0.8,,,,
95.986,7,Atta_7,2787.3,1745.4,341.7,-42.4,-2.1,,,,
95.986,8,Atta_8,2927.0,530.9,18.1,56.1,1.4,,,,
95.986,9,Atta_9,2221.3,932.3,359.3,63.4,-1.0,,,,
95.986,10,Atta_10,2522.7,1248.7,350.6,-68.4,5.9,,,,
96.047,1,Atta_1,2766.3,1571.0,356.7,83.6,1.6,,,,
96.047,2,Atta_2,3022.1,679.9,289.9,46.8,-4.4,,,,
96.047,3,Atta_3,3491.0,775.2,92.3,-41.4,-5.1,,,,
96.047,4,Atta_4,2311.6,2079.5,358.2,63.9,-1.1,,,,
96.047,5,Atta_5,3007.0,2001.7,309.0,42.8,5.0,,,,
96.047,6,Atta_6,2832.6,2268.9,348.0,64.2,0.0,,,,
96.047,7,Atta_7,2844.7,1712.1,343.2,66.4,1.5,,,,
96.047,8,Atta_8,2953.5,565.5,18.2,43.6,0.1,,,,
96.047,9,Atta_9,2247.7,910.0,2.4,34.6,3.1,,,,
96.047,10,Atta_10,2577.4,1171.8,352.9,94.4,2.3,,,,
96.118,1,Atta_1,2725.4,1570.2,355.7,-40.9,-1.0,,,,
96.118,2,Atta_2,3004.1,748.6,281.7,-71.0,-8.2,,,,
96.118,3,Atta_3,3491.7,724.3,95.0,-50.9,2.7,,,,
96.118,4,Atta_4,2345.0,2102.6,3.8,40.6,5.6,,,,
96.118,5,Atta_5,3003.0,2013.6,303.3,-12.6,-5.7,,,,
96.118,6,Atta_6,2814.7,2252.4,349.0,-24.3,1.0,,,,
96.118,7,Atta_7,2795.5,1726.0,343.9,-51.1,0.7,,,,
96.118,8,Atta_8,2937.0,529.2,17.7,-39.9,-0.5,,,,
96.118,9,Atta_9,2282.5,928.9,4.0,39.6,1.6,,,,
96.118,10,Atta_10,2517.6,1277.4,355.2,-121.4,2.3,,,,
96.187,1,Atta_1,2725.7,1534.6,353.5,35.6,-2.2,,,,
96.187,2,Atta_2,3060.0,674.5,279.1,92.8,-2.6,,,,
96.187,3,Atta_3,3482.9,727.5,94.4,9.4,-0.6,,,,
96.187,4,Atta_4,2294.9,2125.4,3.0,-55.0,-0.8,,,,
96.187,5,Atta_5,2983.9,2044.6,306.6,-36.4,3.3,,,,
96.187,6,Atta_6,2763.4,2274.6,347.6,-55.9,-1.4,,,,
96.187,7,Atta_7,2790.6,1704.4,338.5,22.1,-5.4,,,,
96.187,8,Atta_8,2974.6,451.8,12.3,86.0,-5.4,,,,
96.187,9,Atta_9,2275.4,929.4,357.8,-7.1,-6.2,,,,
96.187,10,Atta_10,2570.6,1248.2,2.9,60.5,7.7,,,,
96.256,1,Atta_1,2730.9,1533.4,354.8,5.3,1.3,,,,
96.256,2,Atta_2,2989.5,703.6,273.8,-76.3,-5.3,,,,
96.256,3,Atta_3,3511.7,766.1,93.1,48.2,-1.3,,,,
96.256,4,Atta_4,2348.0,2050.3,1.3,92.0,-1.7,,,,
96.256,5,Atta_5,2981.4,1968.6,306.6,76.0,0.0,,,,
96.256,6,Atta_6,2781.3,2308.5,345.9,38.3,-1.7,,,,
96.256,7,Atta_7,2883.9,1747.7,341.9,102.9,3.4,,,,
96.256,8,Atta_8,2971.8,542.7,14.1,90.9,1.8,,,,
96.256,9,Atta_9,2271.3,881.1,5.4,-48.5,7.6,,,,
96.256,10,Atta_10,2605.5,1241.8,4.7,35.5,1.8,,,,
96.325,1,Atta_1,2744.5,1515.9,357.5,22.2,2.7,,,,
96.325,2,Atta_2,3047.8,707.1,268.2,58.4,-5.6,,,,
96.325,3,Atta_3,3469.9,697.8,95.1,-80.1,2.0,,,,
96.325,4,Atta_4,2332.6,2097.2,2.9,-49.4,1.6,,,,
96.325,5,Atta_5,2970.4,1932.3,306.0,37.9,-0.6,,,,
96.325,6,Atta_6,2838.0,2265.3,345.8,71.3,-0.1,,,,
96.325,7,Atta_7,2888.2,1765.9,345.5,-18.7,3.6,,,,
96.325,8,Atta_8,2940.6,532.7,16.5,-32.8,2.4,,,,
96.325,9,Atta_9,2273.8,880.9,1.4,2.5,-4.0,,,,
96.325,10,Atta_10,2577.9,1214.6,359.8,-38.8,-4.9,,,,
96.392,1,Atta_1,2714.3,1494.4,355.4,-37.1,-2.1,,,,
96.392,2,Atta_2,2973.2,670.6,266.4,83.1,-1.8,,,,
96.392,3,Atta_3,3507.4,766.7,96.2,78.4,1.1,,,,
96.392,4,Atta_4,2299.4,2060.3,0.9,-49.6,-2.0,,,,
96.392,5,Atta_5,2947.2,2015.8,306.2,-86.7,0.2,,,,
96.392,6,Atta_6,2854.1,2275.4,344.0,19.0,-1.8,,,,
96.392,7,Atta_7,2865.8,1760.5,343.5,-23.0,-2.0,,,,
96.392,8,Atta_8,3051.0,537.7,17.1,110.5,0.6,,,,
96.392,9,Atta_9,2310.4,880.8,0.2,36.6,-1.2,,,,
96.392,10,Atta_10,2582.5,1225.8,358.2,12.1,-1.6,,,,
96.447,1,Atta_1,2715.4,1550.5,355.5,-56.1,0.1,,,,
96.447,2,Atta_2,2969.3,699.7,254.6,-29.4,-11.8,,,,
96.447,4,Atta_4,2333.1,2127.4,0.7,75.1,-0.2,,,,
96.447,5,Atta_5,2933.6,2035.0,304.9,-23.5,-1.3,,,,
96.447,6,Atta_6,2869.5,2259.2,350.3,22.4,6.3,,,,
96.447,7,Atta_7,2803.7,1737.7,342.3,-66.2,-1.2,,,,
96.447,8,Atta_8,2988.8,545.0,16.6,-62.6,-0.5,,,,
96.447,9,Atta_9,2271.5,880.2,0.2,-38.9,0.0,,,,
96.447,10,Atta_10,2583.2,1169.0,1.9,56.8,3.7,,,,
96.513,1,Atta_1,2716.6,1527.6,354.6,22.9,-0.9,,,,
96.513,2,Atta_2,2965.3,655.6,257.6,44.3,3.0,,,,
96.513,3,Atta_3,3551.5,786.9,99.0,48.5,2.8,,,,
96.513,4,Atta_4,2403.4,2100.4,1.7,75.3,1.0,,,,
96.513,5,Atta_5,2897.6,2006.6,304.8,45.9,-0.1,,,,
96.513,6,Atta_6,2809.8,2274.5,346.7,-61.6,-3.6,,,,
96.513,7,Atta_7,2767.9,1728.2,341.6,-37.0,-0.7,,,,
96.513,8,Atta_8,3047.8,500.6,14.0,73.8,-2.6,,,,
96.513,9,Atta_9,2361.8,867.2,2.8,91.2,2.6,,,,
96.513,10,Atta_10,2580.6,1254.4,359.3,85.4,-2.6,,,,
96.579,1,Atta_1,2729.2,1542.6,356.1,19.6,1.5,,,,
96.579,2,Atta_2,2971.0,714.7,246.0,-59.4,-11.6,,,,
96.579,3,Atta_3,3539.7,803.9,95.8,20.7,-3.2,,,,
96.579,4,Atta_4,2385.7,2060.1,359.2,-44.0,-2.5,,,,
96.579,5,Atta_5,2992.2,2020.6,304.9,95.6,0.1,,,,
96.579,6,Atta_6,2869.3,2296.1,347.6,63.3,0.9,,,,
96.579,7,Atta_7,2858.0,1747.7,340.9,92.2,-0.7,,,,
96.579,8,Atta_8,2991.3,522.4,12.3,-60.6,-1.7,,,,
96.579,9,Atta_9,2334.0,918.8,1.1,-58.6,-1.7,,,,
96.579,10,Atta_10,2587.6,1242.8,356.2,13.5,-3.1,,,,
96.63,1,Atta_1,2719.4,1545.0,357.5,-10.1,1.4,,,,
96.63,2,Atta_2,2998.7,714.3,247.6,-27.7,1.6,,,,
96.63,3,Atta_3,3546.0,763.2,96.7,-41.2,0.9,,,,
96.63,4,Atta_4,2350.0,2044.9,2.2,-38.8,3.0,,,,
96.63,5,Atta_5,2990.7,1999.4,308.5,21.3,3.6,,,,
96.63,6,Atta_6,2875.2,2261.6,349.5,35.0,1.9,,,,
96.63,7,Atta_7,2767.5,1750.6,339.8,-90.5,-1.1,,,,
96.63,8,Atta_8,3075.2,530.6,18.3,84.3,6.0,,,,
96.63,9,Atta_9,2322.5,932.9,358.8,-18.2,-2.3,,,,
96.63,10,Atta_10,2616.0,1271.6,0.9,40.4,4.7,,,,
96.7,1,Atta_1,2727.2,1534.4,353.2,13.2,-4.3,,,,
96.7,2,Atta_2,2938.9,688.3,242.3,65.2,-5.3,,,,
96.7,3,Atta_3,3538.2,735.0,97.8,-29.3,1.1,,,,
96.7,4,Atta_4,2390.3,2153.4,3.9,115.7,1.7,,,,
96.7,5,Atta_5,2964.5,1971.7,302.6,38.1,-5.9,,,,
96.7,6,Atta_6,2916.8,2232.0,350.6,51.1,1.1,,,,
96.7,7,Atta_7,2781.3,1749.0,341.9,13.9,2.1,,,,
96.7,8,Atta_8,3038.8,500.3,15.4,-47.4,-2.9,,,,
96.7,9,Atta_9,2300.7,899.3,0.3,-40.1,1.5,,,,
96.7,10,Atta_10,2637.7,1147.2,358.4,126.3,-2.5,,,,
96.772,1,Atta_1,2715.6,1557.9,355.6,-26.2,2.4,,,,
96.772,2,Atta_2,2936.5,653.7,236.2,34.7,-6.1,,,,
96.772,3,Atta_3,3470.5,795.1,97.8,90.5,0.0,,,,
96.772,4,Atta_4,2374.3,2060.1,8.1,-94.7,4.2,,,,
96.772,5,Atta_5,3005.5,2023.0,306.1,-65.7,3.5,,,,
96.772,6,Atta_6,2932.5,2255.1,346.0,27.9,-4.6,,,,
96.772,7,Atta_7,2775.2,1786.6,340.3,-38.1,-1.6,,,,
96.772,8,Atta_8,3032.8,606.0,14.1,105.9,-1.3,,,,
96.772,9,Atta_9,2327.3,902.0,358.5,26.7,-1.8,,,,
96.772,10,Atta_10,2588.2,1214.4,356.8,-83.5,-1.6,,,,
96.833,1,Atta_1,2687.3,1532.2,357.3,-38.2,1.7,,,,
96.833,2,Atta_2,2994.8,725.9,239.1,-92.8,2.9,,,,
96.833,3,Atta_3,3460.0,758.9,97.3,-37.7,-0.5,,,,
96.833,4,Atta_4,2383.0,2073.1,5.8,15.6,-2.3,,,,
96.833,5,Atta_5,2974.0,1928.4,307.7,99.7,1.6,,,,
96.833,6,Atta_6,2809.3,2272.6,347.4,-124.4,1.4,,,,
96.833,7,Atta_7,2821.8,1724.3,342.5,77.8,2.2,,,,
96.833,8,Atta_8,3084.4,560.0,15.2,69.1,1.1,,,,
96.833,9,Atta_9,2321.9,944.1,4.3,-42.4,5.8,,,,
96.833,10,Atta_10,2615.3,1215.6,1.3,27.1,4.5,,,,
96.899,1,Atta_1,2707.9,1594.9,355.7,66.0,-1.6,,,,
96.899,2,Atta_2,3014.8,693.2,240.3,38.3,1.2,,,,
96.899,3,Atta_3,3497.9,707.5,93.8,-63.9,-3.5,,,,
96.899,4,Atta_4,2354.3,2097.1,4.6,-37.4,-1.2,,,,
96.899,5,Atta_5,3014.2,1987.5,304.5,-71.5,-3.2,,,,
96.899,6,Atta_6,2925.3,2261.9,348.8,116.5,1.4,,,,
96.899,7,Atta_7,2759.8,1729.5,340.5,-62.2,-2.0,,,,
96.899,8,Atta_8,3089.4,541.8,19.5,18.9,4.3,,,,
96.899,9,Atta_9,2388.0,909.7,0.3,74.5,-4.0,,,,
96.899,10,Atta_10,2608.4,1189.4,358.0,-27.1,-3.3,,,,
96.967,1,Atta_1,2654.9,1525.8,357.9,-87.1,2.2,,,,
96.967,2,Atta_2,2994.0,708.6,242.1,-25.9,1.8,,,,
96.967,3,Atta_3,3512.7,808.6,91.6,102.2,-2.2,,,,
96.967,4,Atta_4,2369.7,2110.5,5.9,20.4,1.3,,,,
96.967,5,Atta_5,2976.4,2022.4,307.1,-51.4,2.6,,,,
96.967,6,Atta_6,2890.4,2226.9,345.6,-49.4,-3.2,,,,
96.967,7,Atta_7,2876.6,1779.6,341.3,127.1,0.8,,,,
96.967,8,Atta_8,3077.6,572.5,13.4,-32.9,-6.1,,,,
96.967,9,Atta_9,2382.1,910.3,356.3,-5.9,-4.0,,,,
96.967,10,Atta_10,2691.2,1222.3,357.5,89.1,-0.5,,,,
97.036,1,Atta_1,2710.3,1561.1,356.8,65.7,-1.1,,,,
97.036,2,Atta_2,2941.6,759.5,239.9,-73.1,-2.2,,,,
97.036,3,Atta_3,3474.7,752.0,95.5,-68.2,3.9,,,,
97.036,4,Atta_4,2413.9,2089.0,10.6,49.2,4.7,,,,
97.036,5,Atta_5,2953.3,1945.6,307.6,80.2,0.5,,,,
97.036,6,Atta_6,2933.5,2224.0,348.1,43.2,2.5,,,,
97.036,7,Atta_7,2821.6,1756.6,341.8,-59.6,0.5,,,,
97.036,8,Atta_8,3120.9,566.0,18.1,43.8,4.7,,,,
97.036,9,Atta_9,2404.8,892.7,358.3,28.7,2.0,,,,
97.036,10,Atta_10,2710.8,1202.1,0.5,28.1,3.0,,,,
97.106,1,Atta_1,2701.7,1552.7,357.9,-12.0,1.1,,,,
97.106,2,Atta_2,2976.0,733.1,244.0,43.4,4.1,,,,
97.106,3,Atta_3,3527.9,690.8,94.7,-81.1,-0.8,,,,
97.106,4,Atta_4,2404.2,2059.0,4.6,-31.5,-6.0,,,,
97.106,5,Atta_5,2952.0,2047.9,308.3,-102.3,0.7,,,,
97.106,6,Atta_6,2887.3,2238.8,347.1,-48.5,-1.0,,,,
97.106,7,Atta_7,2815.5,1797.1,340.5,-41.0,-1.3,,,,
97.106,8,Atta_8,3151.5,541.5,15.7,39.2,-2.4,,,,
97.106,9,Atta_9,2380.1,870.6,360.0,-33.1,1.7,,,,
97.106,10,Atta_10,2674.2,1300.4,1.9,-104.9,1.4,,,,
97.172,1,Atta_1,2652.6,1578.4,359.1,-55.4,1.2,,,,
97.172,2,Atta_2,3001.0,621.9,242.4,114.0,-1.6,,,,
97.172,3,Atta_3,3511.7,756.3,92.4,67.5,-2.3,,,,
97.172,4,Atta_4,2433.2,2102.9,7.5,52.6,2.9,,,,
97.172,5,Atta_5,3027.7,1954.2,308.5,120.5,0.2,,,,
97.172,6,Atta_6,2980.4,2240.0,349.8,93.1,2.7,,,,
97.172,7,Atta_7,2805.1,1700.1,341.2,97.6,0.7,,,,
97.172,8,Atta_8,3118.1,532.2,12.5,-34.7,-3.2,,,,
97.172,9,Atta_9,2366.5,920.6,356.6,-51.8,-3.4,,,,
97.172,10,Atta_10,2711.4,1203.1,358.8,104.2,-3.1,,,,
97.24,1,Atta_1,2699.0,1618.9,356.2,61.6,-2.9,,,,
97.24,2,Atta_2,2958.4,675.6,241.4,-68.5,-1.0,,,,
97.24,3,Atta_3,3485.8,702.2,95.3,-60.0,2.9,,,,
97.24,4,Atta_4,2439.3,2156.5,7.8,53.9,0.3,,,,
97.24,5,Atta_5,2955.1,1931.4,304.7,-76.1,-3.8,,,,
97.24,6,Atta_6,2986.3,2235.6,348.3,7.4,-1.5,,,,
97.24,7,Atta_7,2796.8,1719.9,342.3,-21.5,1.1,,,,
97.24,8,Atta_8,3091.5,576.4,9.3,-51.6,-3.2,,,,
97.24,9,Atta_9,2331.4,935.5,356.2,-38.1,-0.4,,,,
97.24,10,Atta_10,2664.3,1207.6,1.2,-47.3,2.4,,,,
97.307,1,Atta_1,2737.6,1525.8,354.4,100.8,-1.8,,,,
97.307,2,Atta_2,2963.1,702.7,240.1,-27.5,-1.3,,,,
97.307,3,Atta_3,3538.6,777.7,94.7,92.1,-0.6,,,,
97.307,4,Atta_4,2431.3,2077.1,8.0,-79.8,0.2,,,,
97.307,5,Atta_5,2977.7,1954.1,304.0,-32.0,-0.7,,,,
97.307,6,Atta_6,2979.3,2253.8,347.8,-19.5,-0.5,,,,
97.307,7,Atta_7,2835.4,1780.6,342.1,71.9,-0.2,,,,
97.307,8,Atta_8,3087.5,563.8,9.4,-13.2,0.1,,,,
97.307,9,Atta_9,2398.1,925.0,359.4,67.5,3.2,,,,
97.307,10,Atta_10,2690.1,1279.8,359.9,76.7,-1.3,,,,
97.374,1,Atta_1,2743.1,1546.2,355.9,21.1,1.5,,,,
97.374,2,Atta_2,2940.8,705.2,242.2,22.4,2.1,,,,
97.374,3,Atta_3,3488.8,759.0,93.8,-53.2,-0.9,,,,
97.374,4,Atta_4,2472.0,2117.4,6.9,57.3,-1.1,,,,
97.374,5,Atta_5,2973.2,1988.2,309.3,-34.4,5.3,,,,
97.374,6,Atta_6,3009.6,2260.0,349.6,30.9,1.8,,,,
97.374,7,Atta_7,2839.2,1776.7,342.5,5.4,0.4,,,,
97.374,8,Atta_8,3104.7,570.3,9.2,18.4,-0.2,,,,
97.374,9,Atta_9,2368.0,838.1,355.6,-92.0,-3.8,,,,
97.374,10,Atta_10,2755.4,1259.2,358.5,68.5,-1.4,,,,
97.439,1,Atta_1,2685.4,1543.1,356.6,-57.8,0.7,,,,
97.439,2,Atta_2,2916.5,639.3,238.3,70.2,-3.9,,,,
97.439,3,Atta_3,3516.9,773.5,95.4,31.6,1.6,,,,
97.439,4,Atta_4,2452.4,2052.3,3.9,-68.0,-3.0,,,,
97.439,5,Atta_5,2958.8,1976.7,304.9,-18.4,-4.4,,,,
97.439,6,Atta_6,2987.7,2258.5,350.1,-22.0,0.5,,,,
97.439,7,Atta_7,2779.3,1755.8,345.8,-63.4,3.3,,,,
97.439,8,Atta_8,3085.9,553.7,9.7,-25.1,0.5,,,,
97.439,9,Atta_9,2374.7,917.2,355.8,79.4,0.2,,,,
97.439,10,Atta_10,2794.1,1251.0,358.4,39.6,-0.1,,,,
97.509,1,Atta_1,2721.7,1565.8,359.6,42.8,3.0,,,,
97.509,2,Atta_2,2956.2,622.3,245.2,-43.2,6.9,,,,
97.509,3,Atta_3,3545.4,754.1,95.7,-34.5,0.3,,,,
97.509,4,Atta_4,2472.2,2078.8,3.7,33.1,-0.2,,,,
97.509,5,Atta_5,2985.8,2059.9,304.9,-87.5,0.0,,,,
97.509,6,Atta_6,3013.8,2173.8,344.8,88.6,-5.3,,,,
97.509,7,Atta_7,2845.6,1748.4,342.8,66.7,-3.0,,,,
97.509,8,Atta_8,3059.1,504.4,9.1,-56.1,-0.6,,,,
97.509,9,Atta_9,2358.4,919.9,358.5,-16.5,2.7,,,,
97.509,10,Atta_10,2730.1,1237.1,0.7,-65.5,2.3,,,,
97.577,1,Atta_1,2694.6,1544.8,354.1,-34.3,-5.5,,,,
97.577,2,Atta_2,2971.6,648.1,248.4,-30.0,3.2,,,,
97.577,3,Atta_3,3556.6,715.5,94.0,-40.2,-1.7,,,,
97.577,4,Atta_4,2488.6,2117.2,3.8,41.8,0.1,,,,
97.577,5,Atta_5,2965.5,1998.9,306.7,64.3,1.8,,,,
97.577,6,Atta_6,3029.8,2246.4,349.4,-74.3,4.6,,,,
97.577,7,Atta_7,2794.8,1769.8,339.9,-55.1,-2.9,,,,
97.577,8,Atta_8,3104.5,579.8,9.7,88.0,0.6,,,,
97.577,9,Atta_9,2418.7,860.3,358.4,84.8,-0.1,,,,
97.577,10,Atta_10,2737.8,1176.7,356.8,60.9,-3.9,,,,
97.644,1,Atta_1,2676.8,1579.1,355.6,-38.6,1.5,,,,
97.644,2,Atta_2,2926.9,688.5,254.2,-60.3,5.8,,,,
97.644,3,Atta_3,3490.5,782.6,96.7,94.2,2.7,,,,
97.644,4,Atta_4,2467.6,2089.9,5.4,-34.4,1.6,,,,
97.644,5,Atta_5,2953.3,2022.6,307.3,-26.7,0.6,,,,
97.644,6,Atta_6,3068.3,2209.2,351.7,53.5,2.3,,,,
97.644,7,Atta_7,2818.8,1743.5,341.5,35.6,1.6,,,,
97.644,8,Atta_8,3097.0,552.3,10.1,-28.5,0.4,,,,
97.644,9,Atta_9,2515.9,939.2,355.0,125.2,-3.4,,,,
97.644,10,Atta_10,2713.0,1181.9,357.4,-25.3,0.6,,,,
97.714,1,Atta_1,2692.0,1558.4,358.0,25.7,2.4,,,,
97.714,2,Atta_2,2955.3,630.1,257.9,64.9,3.7,,,,
97.714,3,Atta_3,3555.8,722.7,96.5,-88.6,-0.2,,,,
97.714,4,Atta_4,2519.4,2090.9,6.5,51.8,1.1,,,,
97.714,5,Atta_5,2941.8,1989.8,304.6,34.8,-2.7,,,,
97.714,6,Atta_6,3071.2,2170.3,349.1,39.0,-2.6,,,,
97.714,7,Atta_7,2867.3,1716.5,339.7,55.5,-1.8,,,,
97.714,8,Atta_8,3181.3,625.9,11.5,111.9,1.4,,,,
97.714,9,Atta_9,2410.7,944.4,353.1,-105.3,-1.9,,,,
97.714,10,Atta_10,2744.6,1205.8,1.7,39.6,4.3,,,,
97.847,1,Atta_1,2757.1,1576.5,355.2,67.6,-2.8,,,,
97.847,2,Atta_2,3039.0,656.3,261.1,-87.7,3.2,,,,
97.847,3,Atta_3,3517.8,768.5,93.1,59.5,-3.4,,,,
97.847,4,Atta_4,2506.0,2128.5,6.5,-39.9,0.0,,,,
97.847,5,Atta_5,2963.5,2031.8,307.0,-47.3,2.4,,,,
97.847,6,Atta_6,3048.3,2212.8,346.9,-48.3,-2.2,,,,
97.847,7,Atta_7,2769.0,1779.7,340.4,-116.9,0.7,,,,
97.847,8,Atta_8,3137.7,569.1,7.7,-71.6,-3.8,,,,
97.847,9,Atta_9,2450.8,893.5,356.2,64.8,3.1,,,,
97.847,10,Atta_10,2799.1,1224.1,357.7,57.5,-4.0,,,,
97.916,1,Atta_1,2714.1,1521.3,355.8,-70.0,0.6,,,,
97.916,2,Atta_2,2922.0,659.8,272.1,117.1,11.0,,,,
97.916,3,Atta_3,3494.2,729.7,94.2,-45.4,1.1,,,,
97.916,4,Atta_4,2542.7,2099.8,5.6,46.6,-0.9,,,,
97.916,5,Atta_5,2987.9,1946.3,305.0,88.9,-2.0,,,,
97.916,6,Atta_6,3096.9,2230.9,347.7,51.9,0.8,,,,
97.916,7,Atta_7,2863.0,1740.6,343.9,101.8,3.5,,,,
97.916,8,Atta_8,3150.8,531.5,9.6,39.8,1.9,,,,
97.916,9,Atta_9,2491.8,919.0,355.3,48.3,-0.9,,,,
97.916,10,Atta_10,2697.9,1209.0,2.0,-102.3,4.3,,,,
98.036,1,Atta_1,2702.6,1516.3,355.5,-12.5,-0.3,,,,
98.036,2,Atta_2,3013.6,647.4,278.1,92.4,6.0,,,,
98.036,3,Atta_3,3529.2,796.8,99.5,75.7,5.3,,,,
98.036,4,Atta_4,2549.1,2116.5,6.0,17.9,0.4,,,,
98.036,5,Atta_5,2956.7,2011.4,307.6,-72.2,2.6,,,,
98.036,6,Atta_6,3093.2,2214.6,350.3,-16.7,2.6,,,,
98.036,7,Atta_7,2854.1,1822.7,340.1,-82.6,-3.8,,,,
98.036,8,Atta_8,3140.9,565.3,10.7,-35.2,1.1,,,,
98.036,9,Atta_9,2493.9,903.6,355.2,15.5,-0.1,,,,
98.036,10,Atta_10,2714.4,1243.5,357.7,38.2,-4.3,,,,
98.107,1,Atta_1,2692.5,1570.0,357.6,-54.6,2.1,,,,
98.107,2,Atta_2,2954.0,585.0,276.9,86.3,-1.2,,,,
98.107,3,Atta_3,3516.0,744.0,94.2,-54.4,-5.3,,,,
98.107,4,Atta_4,2549.8,2074.0,7.7,-42.5,1.7,,,,
98.107,5,Atta_5,2994.5,2021.2,306.8,39.0,-0.8,,,,
98.107,6,Atta_6,3098.6,2285.5,347.0,-71.1,-3.3,,,,
98.107,7,Atta_7,2840.6,1734.9,341.0,88.8,0.9,,,,
98.107,8,Atta_8,3196.7,570.1,8.4,56.0,-2.3,,,,
98.107,9,Atta_9,2523.2,876.0,357.9,40.3,2.7,,,,
98.107,10,Atta_10,2739.7,1194.1,356.6,55.5,-1.1,,,,
98.177,1,Atta_1,2731.9,1562.1,357.4,40.2,-0.2,,,,
98.177,2,Atta_2,2965.1,684.0,284.1,-99.6,7.2,,,,
98.177,3,Atta_3,3519.0,755.6,92.8,12.0,-1.4,,,,
98.177,4,Atta_4,2600.2,2130.8,5.0,75.9,-2.7,,,,
98.177,5,Atta_5,2986.4,2014.5,308.7,10.5,1.9,,,,
98.177,6,Atta_6,3140.1,2233.5,347.8,66.5,0.8,,,,
98.177,7,Atta_7,2802.8,1756.9,343.6,-43.7,2.6,,,,
98.177,8,Atta_8,3212.2,585.5,7.3,21.8,-1.1,,,,
98.177,9,Atta_9,2523.3,860.2,353.9,15.8,-4.0,,,,
98.177,10,Atta_10,2736.8,1234.3,357.7,-40.3,1.1,,,,
98.246,1,Atta_1,2758.5,1539.8,355.5,34.7,-1.9,,,,
98.246,2,Atta_2,2959.0,642.3,288.2,42.1,4.1,,,,
98.246,3,Atta_3,3500.6,764.0,92.4,20.2,-0.4,,,,
98.246,4,Atta_4,2658.6,2113.8,5.6,60.8,0.6,,,,
98.246,5,Atta_5,2983.8,2010.5,304.9,4.8,-3.8,,,,
98.246,6,Atta_6,3094.1,2200.5,350.7,-56.6,2.9,,,,
98.246,7,Atta_7,2802.1,1760.5,338.5,-3.7,-5.1,,,,
98.246,8,Atta_8,3186.5,586.1,6.9,-25.7,-0.4,,,,
98.246,9,Atta_9,2480.9,940.9,358.1,-91.2,4.2,,,,
98.246,10,Atta_10,2703.7,1152.0,357.0,-88.7,-0.7,,,,
98.308,1,Atta_1,2724.5,1518.8,355.5,-40.0,0.0,,,,
98.308,2,Atta_2,2946.1,670.6,291.3,-31.1,3.1,,,,
98.308,3,Atta_3,3484.8,799.4,97.4,38.8,5.0,,,,
98.308,4,Atta_4,2653.4,2120.4,10.0,-8.4,4.4,,,,
98.308,5,Atta_5,2958.9,1973.2,305.3,44.8,0.4,,,,
98.308,6,Atta_6,3184.8,2155.3,346.0,101.3,-4.7,,,,
98.308,7,Atta_7,2814.4,1749.8,340.8,16.3,2.3,,,,
98.308,8,Atta_8,3285.6,579.2,7.5,99.3,0.6,,,,
98.308,9,Atta_9,2534.0,874.8,359.0,84.8,0.9,,,,
98.308,10,Atta_10,2749.0,1162.9,3.1,46.6,6.1,,,,
98.377,1,Atta_1,2782.2,1520.7,354.8,57.7,-0.7,,,,
98.377,2,Atta_2,2889.2,661.2,299.5,-57.7,8.2,,,,
98.377,3,Atta_3,3534.7,749.9,98.2,-70.3,0.8,,,,
98.377,4,Atta_4,2613.6,2129.2,6.6,-40.8,-3.4,,,,
98.377,5,Atta_5,2939.9,1966.0,307.2,-20.3,1.9,,,,
98.377,6,Atta_6,3171.7,2128.1,350.4,-30.2,4.4,,,,
98.377,7,Atta_7,2823.3,1717.8,343.2,33.2,2.4,,,,
98.377,8,Atta_8,3230.7,569.7,9.5,-55.7,2.0,,,,
98.377,9,Atta_9,2538.0,907.8,353.7,33.2,-5.3,,,,
98.377,10,Atta_10,2771.8,1302.6,357.8,141.5,-5.3,,,,
98.446,1,Atta_1,2706.6,1544.7,353.6,-79.3,-1.2,,,,
98.446,2,Atta_2,2974.6,680.0,301.9,87.4,2.4,,,,
98.446,3,Atta_3,3567.9,722.6,95.5,-43.0,-2.7,,,,
98.446,4,Atta_4,2632.4,2107.5,3.5,28.7,-3.1,,,,
98.446,5,Atta_5,2982.1,2046.8,304.2,-91.2,-3.0,,,,
98.446,6,Atta_6,3130.1,2204.9,346.9,-87.3,-3.5,,,,
98.446,7,Atta_7,2824.1,1778.0,339.5,-60.2,-3.7,,,,
98.446,8,Atta_8,3199.2,614.9,7.4,-55.1,-2.1,,,,
98.446,9,Atta_9,2524.8,873.2,358.4,-37.0,4.7,,,,
98.446,10,Atta_10,2729.9,1187.3,358.3,-122.7,0.5,,,,
98.517,1,Atta_1,2756.3,1565.1,357.6,53.7,4.0,,,,
98.517,2,Atta_2,2920.5,656.2,306.4,-59.1,4.5,,,,
98.517,3,Atta_3,3516.5,765.6,94.0,67.0,-1.5,,,,
98.517,4,Atta_4,2628.2,2123.6,4.7,-16.6,1.2,,,,
98.517,5,Atta_5,2983.0,1996.8,301.0,50.0,-3.2,,,,
98.517,6,Atta_6,3164.9,2232.8,349.3,44.6,2.4,,,,
98.517,7,Atta_7,2839.3,1725.5,342.5,54.7,3.0,,,,
98.517,8,Atta_8,3246.8,611.2,10.8,47.7,3.4,,,,
98.517,9,Atta_9,2550.4,905.0,357.6,40.8,-0.8,,,,
98.517,10,Atta_10,2775.8,1230.7,358.0,63.2,-0.3,,,,
98.578,1,Atta_1,2678.9,1557.0,357.2,-77.8,-0.4,,,,
98.578,2,Atta_2,2995.5,648.2,313.0,75.4,6.6,,,,
98.578,3,Atta_3,3475.1,833.7,98.9,79.7,4.9,,,,
98.578,4,Atta_4,2657.7,2120.8,7.3,29.6,2.6,,,,
98.578,5,Atta_5,3015.9,1964.3,303.1,46.2,2.1,,,,
98.578,6,Atta_6,3149.8,2190.4,351.7,-45.0,2.4,,,,
98.578,7,Atta_7,2835.1,1771.5,342.3,-46.2,-0.2,,,,
98.578,8,Atta_8,3335.9,562.5,10.1,101.5,-0.7,,,,
98.578,9,Atta_9,2582.9,893.6,356.8,34.4,-0.8,,,,
98.578,10,Atta_10,2693.0,1243.0,358.3,-83.7,0.3,,,,
98.647,1,Atta_1,2707.8,1550.9,357.7,29.5,0.5,,,,
98.647,2,Atta_2,2961.7,702.5,316.6,-64.0,3.6,,,,
98.647,3,Atta_3,3458.7,752.5,93.1,-82.8,-5.8,,,,
98.647,4,Atta_4,2614.0,2153.2,11.5,-54.4,4.2,,,,
98.647,5,Atta_5,2980.3,1997.8,308.1,-48.9,5.0,,,,
98.647,6,Atta_6,3127.0,2188.9,0.7,-22.8,9.0,,,,
98.647,7,Atta_7,2781.1,1747.9,342.2,-58.9,-0.1,,,,
98.647,8,Atta_8,3246.1,568.9,9.1,-90.0,-1.0,,,,
98.647,9,Atta_9,2595.2,945.3,358.9,53.1,2.1,,,,
98.647,10,Atta_10,2700.1,1224.3,357.5,20.0,-0.8,,,,
98.716,1,Atta_1,2714.0,1553.3,354.9,6.6,-2.8,,,,
98.716,2,Atta_2,2972.4,642.8,323.1,60.7,6.5,,,,
98.716,3,Atta_3,3495.8,763.6,90.3,38.7,-2.8,,,,
98.716,4,Atta_4,2625.7,2095.1,8.8,-59.3,-2.7,,,,
98.716,5,Atta_5,2995.9,1947.2,305.1,53.0,-3.0,,,,
98.716,6,Atta_6,3166.8,2196.1,2.7,40.4,2.0,,,,
98.716,7,Atta_7,2822.5,1736.4,343.6,43.0,1.4,,,,
98.716,8,Atta_8,3297.9,573.9,18.8,52.0,9.7,,,,
98.716,9,Atta_9,2571.2,827.4,359.5,-120.3,0.6,,,,
98.716,10,Atta_10,2665.9,1177.6,2.6,-57.9,5.1,,,,
98.787,1,Atta_1,2708.5,1602.6,351.4,-49.6,-3.5,,,,
98.787,2,Atta_2,3025.5,673.7,329.8,61.4,6.7,,,,
98.787,3,Atta_3,3526.9,713.2,97.0,-59.2,6.7,,,,
98.787,4,Atta_4,2628.0,2071.4,4.5,-23.8,-4.3,,,,
98.787,5,Atta_5,2972.5,1985.0,309.0,-44.5,3.9,,,,
98.787,6,Atta_6,3146.8,2175.4,6.4,-28.8,3.7,,,,
98.787,7,Atta_7,2869.4,1689.1,340.2,66.6,-3.4,,,,
98.787,8,Atta_8,3303.7,530.5,18.5,-43.8,-0.3,,,,
98.787,9,Atta_9,2587.8,897.2,357.9,71.7,-1.6,,,,
98.787,10,Atta_10,2757.0,1248.3,359.6,115.3,-3.0,,,,
98.849,1,Atta_1,2683.4,1591.0,356.1,-27.7,4.7,,,,
98.849,2,Atta_2,2961.6,635.5,330.5,-74.4,0.7,,,,
98.849,3,Atta_3,3484.5,806.2,91.8,102.2,-5.2,,,,
98.849,4,Atta_4,2611.2,2121.6,10.1,-52.9,5.6,,,,
98.849,5,Atta_5,3006.9,1950.3,305.4,48.9,-3.6,,,,
98.849,6,Atta_6,3220.7,2134.9,13.3,84.3,6.9,,,,
98.849,7,Atta_7,2848.1,1696.1,345.2,-22.4,5.0,,,,
98.849,8,Atta_8,3287.1,627.4,23.1,98.3,4.6,,,,
98.849,9,Atta_9,2661.5,857.2,357.6,83.9,-0.3,,,,
98.849,10,Atta_10,2718.8,1188.2,357.7,-71.2,-1.9,,,,
98.915,1,Atta_1,2707.7,1525.3,358.5,70.0,2.4,,,,
98.915,2,Atta_2,2927.6,670.1,332.2,-48.5,1.7,,,,
98.915,3,Atta_3,3514.9,727.5,95.3,-84.4,3.5,,,,
98.915,4,Atta_4,2630.5,2195.1,6.2,76.0,-3.9,,,,
98.915,5,Atta_5,3009.5,1958.6,303.2,-8.7,-2.2,,,,
98.915,6,Atta_6,3134.3,2196.4,15.5,-106.1,2.2,,,,
98.915,7,Atta_7,2796.4,1743.2,344.9,-69.9,-0.3,,,,
98.915,8,Atta_8,3288.4,558.0,27.6,-69.4,4.5,,,,
98.915,9,Atta_9,2573.6,922.5,4.9,-109.5,7.3,,,,
98.915,10,Atta_10,2776.2,1220.8,359.2,66.0,1.5,,,,
98.985,1,Atta_1,2736.4,1559.2,355.9,44.4,-2.6,,,,
98.985,2,Atta_2,2933.5,634.5,339.8,36.1,7.6,,,,
98.985,3,Atta_3,3514.4,742.2,93.4,14.7,-1.9,,,,
98.985,4,Atta_4,2622.5,2063.6,9.1,-131.7,2.9,,,,
98.985,5,Atta_5,2987.4,1975.2,306.8,-27.6,3.6,,,,
98.985,6,Atta_6,3152.3,2169.7,19.6,32.2,4.1,,,,
98.985,7,Atta_7,2830.7,1727.4,345.0,37.8,0.1,,,,
98.985,8,Atta_8,3251.5,596.1,33.7,-53.0,6.1,,,,
98.985,9,Atta_9,2674.3,921.5,3.3,100.7,-1.6,,,,
98.985,10,Atta_10,2747.1,1249.2,1.5,-40.7,2.3,,,,
99.053,1,Atta_1,2708.4,1551.4,356.1,-29.1,0.2,,,,
99.053,2,Atta_2,2942.8,650.7,342.0,18.7,2.2,,,,
99.053,3,Atta_3,3582.4,768.1,97.3,72.8,3.9,,,,
99.053,4,Atta_4,2673.9,2147.9,6.3,98.7,-2.8,,,,
99.053,5,Atta_5,2978.9,2007.4,306.6,-33.3,-0.2,,,,
99.053,6,Atta_6,3148.4,2172.8,29.3,-5.0,9.7,,,,
99.053,7,Atta_7,2818.3,1766.3,341.2,-40.8,-3.8,,,,
99.053,8,Atta_8,3253.4,581.0,37.6,-15.2,3.9,,,,
99.053,9,Atta_9,2620.9,863.8,10.4,-78.6,7.1,,,,
99.053,10,Atta_10,2720.0,1246.0,1.0,-27.3,-0.5,,,,
99.115,1,Atta_1,2729.0,1564.5,353.4,24.4,-2.7,,,,
99.115,2,Atta_2,2906.9,630.7,346.0,-41.1,4.0,,,,
99.115,3,Atta_3,3508.3,787.8,95.4,76.7,-1.9,,,,
99.115,4,Atta_4,2678.3,2097.7,5.7,-50.4,-0.6,,,,
99.115,5,Atta_5,2981.5,1987.1,306.4,20.5,-0.2,,,,
99.115,6,Atta_6,3178.5,2164.3,33.3,31.3,4.0,,,,
99.115,7,Atta_7,2807.7,1754.7,344.2,-15.7,3.0,,,,
99.115,8,Atta_8,3244.5,618.1,40.8,38.2,3.2,,,,
99.115,9,Atta_9,2629.9,940.5,12.3,77.2,1.9,,,,
99.115,10,Atta_10,2686.4,1217.8,0.0,-43.9,-1.0,,,,
99.185,1,Atta_1,2718.0,1521.2,357.3,-44.7,3.9,,,,
99.185,2,Atta_2,2950.6,609.4,354.9,48.6,8.9,,,,
99.185,3,Atta_3,3516.1,785.0,92.0,-8.3,-3.4,,,,
99.185,4,Atta_4,2721.0,2136.9,9.1,58.0,3.4,,,,
99.185,5,Atta_5,2990.6,1967.7,305.9,21.4,-0.5,,,,
99.185,6,Atta_6,3184.3,2252.6,35.8,88.5,2.5,,,,
99.185,7,Atta_7,2775.8,1735.3,340.6,-37.3,-3.6,,,,
99.185,8,Atta_8,3291.4,606.9,45.8,48.2,5.0,,,,
99.185,9,Atta_9,2633.1,976.5,21.7,36.1,9.4,,,,
99.185,10,Atta_10,2747.2,1209.5,358.5,61.4,-1.5,,,,
99.255,1,Atta_1,2761.1,1578.4,355.7,71.6,-1.6,,,,
99.255,2,Atta_2,2953.7,628.1,357.6,19.0,2.7,,,,
99.255,3,Atta_3,3457.9,705.2,93.3,-98.8,1.3,,,,
99.255,4,Atta_4,2689.5,2113.3,10.5,-39.4,1.4,,,,
99.255,5,Atta_5,2984.0,2021.7,308.1,-54.4,2.2,,,,
99.255,6,Atta_6,3143.2,2183.5,39.9,-80.4,4.1,,,,
99.255,7,Atta_7,2791.2,1751.7,340.8,22.5,0.2,,,,
99.255,8,Atta_8,3265.0,586.9,50.9,-33.1,5.1,,,,
99.255,9,Atta_9,2683.9,914.9,24.4,79.8,2.7,,,,
99.255,10,Atta_10,2745.3,1278.3,2.9,-68.8,4.4,,,,
99.309,1,Atta_1,2704.6,1556.3,354.9,-60.7,-0.8,,,,
99.309,2,Atta_2,2961.3,645.8,1.4,19.3,3.8,,,,
99.309,3,Atta_3,3487.3,731.3,95.1,39.3,1.8,,,,
99.309,4,Atta_4,2750.8,2169.9,8.7,83.4,-1.8,,,,
99.309,5,Atta_5,2995.3,1950.3,307.1,72.3,-1.0,,,,
99.309,6,Atta_6,3150.5,2216.2,44.9,33.5,5.0,,,,
99.309,7,Atta_7,2780.5,1786.5,341.1,-36.4,0.3,,,,
99.309,8,Atta_8,3233.6,606.3,53.8,-36.9,2.9,,,,
99.309,9,Atta_9,2627.6,887.0,27.1,-62.8,2.7,,,,
99.309,10,Atta_10,2678.3,1214.8,0.1,-92.3,-2.8,,,,
99.378,1,Atta_1,2721.6,1592.1,353.7,39.6,-1.2,,,,
99.378,2,Atta_2,2973.3,622.7,6.6,26.0,5.2,,,,
99.378,3,Atta_3,3518.9,770.9,96.2,50.7,1.1,,,,
99.378,4,Atta_4,2753.5,2136.6,12.2,-33.4,3.5,,,,
99.378,5,Atta_5,2969.2,2003.0,304.0,-58.8,-3.1,,,,
99.378,6,Atta_6,3162.9,2208.1,48.1,14.8,3.2,,,,
99.378,7,Atta_7,2820.5,1731.7,339.2,67.8,-1.9,,,,
99.378,8,Atta_8,3311.6,614.4,62.2,78.4,8.4,,,,
99.378,9,Atta_9,2592.8,885.7,32.0,-34.8,4.9,,,,
99.378,10,Atta_10,2696.2,1212.5,357.8,18.0,-2.3,,,,
99.448,1,Atta_1,2674.9,1518.6,358.2,-87.1,4.5,,,,
99.448,2,Atta_2,2949.9,679.9,10.5,-61.8,3.9,,,,
99.448,3,Atta_3,3521.6,741.5,94.8,-29.5,-1.4,,,,
99.448,4,Atta_4,2749.5,2116.9,7.1,-20.1,-5.1,,,,
99.448,5,Atta_5,2941.7,1991.4,307.4,-29.8,3.4,,,,
99.448,6,Atta_6,3172.5,2245.7,52.2,38.8,4.1,,,,
99.448,7,Atta_7,2815.0,1734.8,338.9,-6.3,-0.3,,,,
99.448,8,Atta_8,3294.1,603.6,60.1,-20.6,-2.1,,,,
99.448,9,Atta_9,2657.2,874.2,29.1,65.4,-2.9,,,,
99.448,10,Atta_10,2731.5,1251.9,355.6,52.9,-2.2,,,,
99.571,1,Atta_1,2674.3,1507.9,352.9,-10.7,-5.3,,,,
99.571,2,Atta_2,2925.7,656.8,15.5,-33.5,5.0,,,,
99.571,3,Atta_3,3519.2,763.4,93.9,22.0,-0.9,,,,
99.571,4,Atta_4,2721.8,2190.5,10.0,-78.6,2.9,,,,
99.571,5,Atta_5,2991.0,1970.0,309.3,53.7,1.9,,,,
99.571,6,Atta_6,3190.8,2193.6,58.5,-55.2,6.3,,,,
99.571,7,Atta_7,2816.9,1751.8,336.1,-17.1,-2.8,,,,
99.571,8,Atta_8,3251.7,578.6,67.4,-49.2,7.3,,,,
99.571,9,Atta_9,2626.0,901.9,30.6,-41.7,1.5,,,,
99.571,10,Atta_10,2680.8,1243.2,359.5,-51.4,3.9,,,,
99.641,1,Atta_1,2695.9,1543.7,356.6,41.8,3.7,,,,
99.641,2,Atta_2,3033.3,619.2,24.3,114.0,8.8,,,,
99.641,3,Atta_3,3461.6,753.7,91.6,-58.4,-2.3,,,,
99.641,4,Atta_4,2719.7,2137.9,9.7,-52.6,-0.3,,,,
99.641,5,Atta_5,2964.4,1958.0,307.9,-29.2,-1.4,,,,
99.641,6,Atta_6,3196.8,2230.8,69.9,37.7,11.4,,,,
99.641,7,Atta_7,2849.2,1772.2,340.3,38.2,4.2,,,,
99.641,8,Atta_8,3306.8,665.5,77.7,102.9,10.3,,,,
99.641,9,Atta_9,2627.4,873.1,25.9,-28.8,-4.7,,,,
99.641,10,Atta_10,2737.5,1216.6,0.3,62.6,0.8,,,,
99.707,1,Atta_1,2676.2,1545.1,356.1,-19.7,-0.5,,,,
99.707,2,Atta_2,2941.8,676.1,27.7,-107.7,3.4,,,,
99.707,3,Atta_3,3528.1,707.6,87.7,-80.9,-3.9,,,,
99.707,4,Atta_4,2776.4,2153.8,9.6,58.9,-0.1,,,,
99.707,5,Atta_5,2996.1,1965.0,307.5,32.5,-0.4,,,,
99.707,6,Atta_6,3108.5,2228.7,70.6,-88.3,0.7,,,,
99.707,7,Atta_7,2850.4,1744.4,340.1,27.8,-0.2,,,,
99.707,8,Atta_8,3253.2,607.8,79.8,-78.8,2.1,,,,
99.707,9,Atta_9,2600.6,863.7,29.4,-28.4,3.5,,,,
99.707,10,Atta_10,2735.9,1233.8,357.5,-17.3,-2.8,,,,
99.839,1,Atta_1,2647.6,1525.9,355.4,-34.4,-0.7,,,,
99.839,2,Atta_2,2979.7,656.6,32.0,42.6,4.3,,,,
99.839,3,Atta_3,3483.6,786.8,94.0,90.8,6.3,,,,
99.839,4,Atta_4,2802.5,2103.6,4.8,56.6,-4.8,,,,
99.839,5,Atta_5,2949.4,1958.2,306.2,-47.2,-1.3,,,,
99.839,6,Atta_6,3145.9,2229.8,72.6,37.4,2.0,,,,
99.839,7,Atta_7,2779.4,1726.2,340.8,-73.3,0.7,,,,
99.839,8,Atta_8,3216.3,580.4,84.7,-46.0,4.9,,,,
99.839,9,Atta_9,2637.8,858.4,28.3,37.6,-1.1,,,,
99.839,10,Atta_10,2752.2,1246.7,358.9,20.8,1.4,,,,
99.893,1,Atta_1,2701.7,1550.1,358.9,59.3,3.5,,,,
99.893,2,Atta_2,2942.8,706.8,36.7,-62.3,4.7,,,,
99.893,3,Atta_3,3525.7,791.2,95.4,42.3,1.4,,,,
99.893,4,Atta_4,2762.7,2183.2,6.4,-89.0,1.6,,,,
99.893,5,Atta_5,2999.8,2020.0,306.5,-79.7,0.3,,,,
99.893,6,Atta_6,3137.6,2224.0,81.2,-10.1,8.6,,,,
99.893,7,Atta_7,2838.8,1771.3,345.2,74.6,4.4,,,,
99.893,8,Atta_8,3274.6,650.3,93.0,91.0,8.3,,,,
99.893,9,Atta_9,2639.1,892.1,29.2,33.7,0.9,,,,
99.893,10,Atta_10,2683.1,1234.9,358.8,-70.1,-0.1,,,,
99.963,1,Atta_1,2705.5,1517.7,356.7,32.6,-2.2,,,,
99.963,2,Atta_2,2952.5,629.0,41.7,-78.4,5.0,,,,
99.963,3,Atta_3,3474.4,694.2,94.3,-109.7,-1.1,,,,
99.963,4,Atta_4,2769.5,2139.5,7.9,44.2,1.5,,,,
99.963,5,Atta_5,3011.0,2048.8,302.3,-30.9,-4.2,,,,
99.963,6,Atta_6,3178.5,2215.5,81.6,-41.8,0.4,,,,
99.963,7,Atta_7,2788.7,1742.8,344.6,-57.6,-0.6,,,,
99.963,8,Atta_8,3274.4,582.2,94.4,-68.1,1.4,,,,
99.963,9,Atta_9,2659.4,903.4,30.6,23.2,1.4,,,,
99.963,10,Atta_10,2766.5,1204.4,1.1,88.8,2.3,,,,
100.032,1,Atta_1,2728.3,1562.1,359.9,49.9,3.2,,,,
100.032,2,Atta_2,2958.2,668.4,46.8,39.8,5.1,,,,
100.032,3,Atta_3,3519.0,781.4,92.8,97.9,-1.5,,,,
100.032,4,Atta_4,2791.3,2195.4,5.5,60.0,-2.4,,,,
100.032,5,Atta_5,3014.0,1947.5,306.2,101.3,3.9,,,,
100.032,6,Atta_6,3185.3,2240.3,88.6,25.7,7.0,,,,
100.032,7,Atta_7,2783.5,1733.7,339.8,-10.5,-4.8,,,,
100.032,8,Atta_8,3293.3,589.0,98.4,20.1,4.0,,,,
100.032,9,Atta_9,2696.0,924.0,29.2,42.0,-1.4,,,,
100.032,10,Atta_10,2698.0,1225.3,359.4,-71.6,-1.7,,,,
100.099,1,Atta_1,2657.5,1568.2,357.9,-71.1,-2.0,,,,
100.099,2,Atta_2,2987.1,673.2,47.5,29.3,0.7,,,,
100.099,3,Atta_3,3550.3,758.8,92.8,-38.6,0.0,,,,
100.099,4,Atta_4,2801.9,2175.1,11.4,22.9,5.9,,,,
100.099,5,Atta_5,2928.4,2027.5,304.9,-117.2,-1.3,,,,
100.099,6,Atta_6,3135.9,2175.9,90.3,-81.2,1.7,,,,
100.099,7,Atta_7,2832.6,1698.4,336.5,60.5,-3.3,,,,
100.099,8,Atta_8,3268.1,549.7,104.8,-46.7,6.4,,,,
100.099,9,Atta_9,2694.5,928.8,32.0,5.0,2.8,,,,
100.099,10,Atta_10,2755.7,1263.2,357.3,69.0,-2.1,,,,
100.15,1,Atta_1,2716.1,1519.5,356.2,76.2,-1.7,,,,
100.15,2,Atta_2,2957.0,619.8,56.3,-61.3,8.8,,,,
100.15,3,Atta_3,3514.8,748.8,95.8,-36.9,3.0,,,,
100.15,4,Atta_4,2836.6,2159.2,8.2,38.2,-3.2,,,,
100.15,5,Atta_5,2955.5,1964.9,302.3,68.2,-2.6,,,,
100.15,6,Atta_6,3193.2,2180.8,98.9,57.5,8.6,,,,
100.15,7,Atta_7,2819.4,1781.3,346.9,-83.9,10.4,,,,
100.15,8,Atta_8,3275.7,599.0,110.9,49.9,6.1,,,,
100.15,9,Atta_9,2643.6,918.1,30.8,-52.0,-1.2,,,,
100.15,10,Atta_10,2684.6,1197.2,0.9,-97.0,3.6,,,,
100.217,1,Atta_1,2737.4,1564.8,359.2,50.1,3.0,,,,
100.217,2,Atta_2,2941.6,669.9,54.1,52.4,-2.2,,,,
100.217,3,Atta_3,3495.3,801.7,94.9,56.4,-0.9,,,,
100.217,4,Atta_4,2858.5,2124.7,8.5,40.9,0.3,,,,
100.217,5,Atta_5,2964.8,2013.1,306.3,-49.1,4.0,,,,
100.217,6,Atta_6,3139.7,2226.8,103.3,70.6,4.4,,,,
100.217,7,Atta_7,2756.8,1706.2,339.7,-97.8,-7.2,,,,
100.217,8,Atta_8,3254.3,625.1,111.4,33.8,0.5,,,,
100.217,9,Atta_9,2703.6,942.6,26.4,64.8,-4.4,,,,
100.217,10,Atta_10,2747.4,1213.3,359.5,64.8,-1.4,,,,
100.283,1,Atta_1,2691.4,1537.3,357.5,-53.6,-1.7,,,,
100.283,2,Atta_2,2950.9,613.0,50.7,-57.7,-3.4,,,,
100.283,3,Atta_3,3527.0,781.6,94.0,-37.5,-0.9,,,,
100.283,4,Atta_4,2836.0,2148.2,9.3,-32.5,0.8,,,,
100.283,5,Atta_5,2956.5,1993.8,304.0,21.0,-2.3,,,,
100.283,6,Atta_6,3149.4,2198.2,97.3,-30.2,-6.0,,,,
100.283,7,Atta_7,2797.1,1806.7,339.0,108.3,-0.7,,,,
100.283,8,Atta_8,3332.5,581.7,119.3,-89.4,7.9,,,,
100.283,9,Atta_9,2724.4,917.7,30.1,32.4,3.7,,,,
100.283,10,Atta_10,2738.1,1206.7,358.1,-11.4,-1.4,,,,
100.348,1,Atta_1,2713.8,1571.2,355.7,40.6,-1.8,,,,
100.348,2,Atta_2,2906.4,674.4,50.2,75.8,-0.5,,,,
100.348,3,Atta_3,3548.9,773.2,97.9,-23.5,3.9,,,,
100.348,4,Atta_4,2877.2,2160.4,5.9,43.0,-3.4,,,,
100.348,5,Atta_5,3001.6,1986.5,311.7,45.7,7.7,,,,
100.348,6,Atta_6,3116.8,2226.0,105.4,42.8,8.1,,,,
100.348,7,Atta_7,2866.5,1741.7,343.6,95.1,4.6,,,,
100.348,8,Atta_8,3245.4,591.2,123.5,87.6,4.2,,,,
100.348,9,Atta_9,2718.9,913.2,29.3,-7.1,-0.8,,,,
100.348,10,Atta_10,2740.7,1266.0,2.7,59.4,4.6,,,,
100.415,1,Atta_1,2737.7,1598.8,359.5,36.5,3.8,,,,
100.415,2,Atta_2,3000.0,602.9,53.7,117.8,3.5,,,,
100.415,3,Atta_3,3516.1,777.0,95.4,33.0,-2.5,,,,
100.415,4,Atta_4,2875.8,2140.9,4.7,-19.6,-1.2,,,,
100.415,5,Atta_5,2914.2,1895.6,305.1,126.1,-6.6,,,,
100.415,6,Atta_6,3137.5,2197.8,99.3,-35.0,-6.1,,,,
100.415,7,Atta_7,2827.8,1738.9,343.7,-38.8,0.1,,,,
100.415,8,Atta_8,3260.8,565.1,128.9,-30.3,5.4,,,,
100.415,9,Atta_9,2729.0,959.5,31.7,47.4,2.4,,,,
100.415,10,Atta_10,2788.6,1228.8,359.6,60.6,-3.1,,,,
100.484,1,Atta_1,2690.5,1476.0,354.4,-131.6,-5.1,,,,
100.484,2,Atta_2,2980.2,628.7,54.0,32.5,0.3,,,,
100.484,3,Atta_3,3464.0,718.3,98.4,-78.5,3.0,,,,
100.484,4,Atta_4,2875.0,2168.5,7.8,27.6,3.1,,,,
100.484,5,Atta_5,2961.8,2045.3,308.2,-157.1,3.1,,,,
100.484,6,Atta_6,3142.3,2185.9,95.9,-12.8,-3.4,,,,
100.484,7,Atta_7,2789.3,1762.3,341.0,-45.1,-2.7,,,,
100.484,8,Atta_8,3300.4,580.3,127.0,-42.4,-1.9,,,,
100.484,9,Atta_9,2722.1,972.8,27.2,15.0,-4.5,,,,
100.484,10,Atta_10,2702.7,1217.3,357.7,-86.7,-1.9,,,,
100.554,1,Atta_1,2734.8,1498.1,355.8,49.5,1.4,,,,
100.554,2,Atta_2,3007.4,675.5,50.8,54.1,-3.2,,,,
100.554,3,Atta_3,3501.1,774.3,97.1,67.2,-1.3,,,,
100.554,4,Atta_4,2935.6,2164.6,9.9,60.7,2.1,,,,
100.554,5,Atta_5,3004.5,1979.9,305.1,78.1,-3.1,,,,
100.554,6,Atta_6,3184.4,2224.2,102.6,56.9,6.7,,,,
100.554,7,Atta_7,2830.2,1747.5,342.6,43.5,1.6,,,,
100.554,8,Atta_8,3289.3,585.1,131.4,12.1,4.4,,,,
100.554,9,Atta_9,2759.8,958.6,29.1,40.3,1.9,,,,
100.62,1,Atta_1,2678.8,1520.0,356.6,-60.1,0.8,,,,
100.62,2,Atta_2,2948.5,745.5,54.0,91.5,3.2,,,,
100.62,3,Atta_3,3486.4,835.9,97.1,63.3,0.0,,,,
100.62,4,Atta_4,2914.9,2169.3,7.1,-21.2,-2.8,,,,
100.62,5,Atta_5,2935.1,2013.6,303.5,-77.1,-1.6,,,,
100.62,6,Atta_6,3147.8,2222.5,102.3,36.6,-0.3,,,,
100.62,7,Atta_7,2808.5,1741.9,344.3,-22.4,1.7,,,,
100.62,8,Atta_8,3273.3,550.0,141.5,-38.6,10.1,,,,
100.62,9,Atta_9,2801.5,970.3,27.1,43.3,-2.0,,,,
100.62,10,Atta_10,2725.7,1173.4,1.3,49.6,3.6,,,,
100.69,1,Atta_1,2668.1,1526.0,355.2,-12.3,-1.4,,,,
100.69,2,Atta_2,2904.5,644.5,53.6,-110.2,-0.4,,,,
100.69,3,Atta_3,3541.7,789.7,92.6,-72.1,-4.5,,,,
100.69,4,Atta_4,2921.6,2193.0,8.9,24.6,1.8,,,,
100.69,5,Atta_5,2957.0,1908.2,306.8,107.7,3.3,,,,
100.69,6,Atta_6,3115.3,2283.9,99.6,69.5,-2.7,,,,
100.69,7,Atta_7,2865.7,1701.9,341.1,69.8,-3.2,,,,
100.69,8,Atta_8,3272.2,609.3,146.6,59.3,5.1,,,,
100.69,9,Atta_9,2781.8,908.6,22.2,-64.8,-4.9,,,,
100.69,10,Atta_10,2684.0,1219.5,359.4,-62.2,-1.9,,,,
100.759,1,Atta_1,2670.9,1522.8,359.8,4.3,4.6,,,,
100.759,2,Atta_2,3000.7,702.1,50.3,112.1,-3.3,,,,
100.759,3,Atta_3,3546.3,764.9,94.1,-25.2,1.5,,,,
100.759,4,Atta_4,2914.9,2110.2,7.0,-83.1,-1.9,,,,
100.759,5,Atta_5,2929.3,1982.2,306.8,-79.0,0.0,,,,
100.759,6,Atta_6,3133.0,2222.1,104.4,-64.3,4.8,,,,
100.759,7,Atta_7,2856.9,1729.8,341.9,-29.3,0.8,,,,
100.759,8,Atta_8,3250.0,564.9,156.5,-49.6,9.9,,,,
100.759,9,Atta_9,2742.3,945.7,16.2,-54.2,-6.0,,,,
100.759,10,Atta_10,2773.2,1210.1,1.6,89.7,2.2,,,,
100.828,1,Atta_1,2639.0,1499.6,356.6,-39.4,-3.2,,,,
100.828,2,Atta_2,2994.0,699.0,52.0,-7.4,1.7,,,,
100.828,3,Atta_3,3490.6,788.8,92.3,60.6,-1.8,,,,
100.828,4,Atta_4,2951.9,2192.8,5.1,90.5,-1.9,,,,
100.828,5,Atta_5,2955.8,1967.0,304.4,30.5,-2.4,,,,
100.828,6,Atta_6,3109.5,2216.3,102.1,24.2,-2.3,,,,
100.828,7,Atta_7,2796.0,1707.0,343.7,-65.0,1.8,,,,
100.828,8,Atta_8,3287.4,598.8,152.6,-50.5,-3.9,,,,
100.828,9,Atta_9,2760.2,941.0,12.5,18.5,-3.7,,,,
100.828,10,Atta_10,2751.8,1170.6,1.2,-44.9,-0.4,,,,
100.894,1,Atta_1,2737.6,1553.3,356.2,112.3,-0.4,,,,
100.894,2,Atta_2,3027.3,735.0,50.9,49.0,-1.1,,,,
100.894,3,Atta_3,3481.1,784.3,92.2,-10.5,-0.1,,,,
100.894,4,Atta_4,2979.1,2155.3,9.7,46.3,4.6,,,,
100.894,5,Atta_5,2973.6,2030.1,305.4,-65.6,1.0,,,,
100.894,6,Atta_6,3174.4,2292.8,103.5,100.3,1.4,,,,
100.894,7,Atta_7,2755.2,1729.8,340.1,-46.7,-3.6,,,,
100.894,8,Atta_8,3258.8,622.0,160.4,36.8,7.8,,,,
100.894,9,Atta_9,2695.7,957.0,8.1,-66.5,-4.4,,,,
100.894,10,Atta_10,2772.3,1182.2,359.1,23.6,-2.1,,,,
100.961,1,Atta_1,2766.2,1556.2,0.3,28.7,4.1,,,,
100.961,2,Atta_2,3043.7,692.7,51.9,-45.4,1.0,,,,
100.961,3,Atta_3,3487.1,705.7,94.6,-78.8,2.4,,,,
100.961,4,Atta_4,2983.5,2167.0,9.7,12.5,0.0,,,,
100.961,5,Atta_5,2975.6,1949.6,305.2,80.5,-0.2,,,,
100.961,6,Atta_6,3132.0,2285.4,101.3,43.0,-2.2,,,,
100.961,7,Atta_7,2801.7,1791.7,348.3,77.4,8.2,,,,
100.961,8,Atta_8,3280.9,595.0,160.9,-34.9,0.5,,,,
100.961,9,Atta_9,2782.3,1010.3,6.4,101.7,-1.7,,,,
100.961,10,Atta_10,2691.3,1219.4,359.0,-89.1,-0.1,,,,
101.027,1,Atta_1,2722.0,1567.8,353.3,-45.7,-7.0,,,,
101.027,2,Atta_2,3059.9,747.7,54.3,57.3,2.4,,,,
101.027,3,Atta_3,3496.3,741.0,93.1,36.5,-1.5,,,,
101.027,4,Atta_4,2973.9,2197.0,10.6,-31.5,0.9,,,,
101.027,5,Atta_5,3007.6,1977.6,307.9,-42.5,2.7,,,,
101.027,6,Atta_6,3100.7,2238.5,108.4,-56.4,7.1,,,,
101.027,7,Atta_7,2823.3,1708.7,342.9,85.8,-5.4,,,,
101.027,8,Atta_8,3273.5,626.0,162.9,31.9,2.0,,,,
101.027,9,Atta_9,2738.8,981.0,359.3,-52.4,-7.1,,,,
101.027,10,Atta_10,2708.5,1199.6,358.6,26.2,-0.4,,,,
101.093,1,Atta_1,2643.6,1519.9,357.5,-91.9,4.2,,,,
101.093,2,Atta_2,3063.9,706.4,51.1,-41.5,-3.2,,,,
101.093,3,Atta_3,3496.9,735.8,98.2,-5.2,5.1,,,,
101.093,4,Atta_4,3024.6,2169.2,9.1,57.8,-1.5,,,,
101.093,5,Atta_5,2971.8,1966.7,307.6,-37.4,-0.3,,,,
101.093,6,Atta_6,3186.5,2304.1,110.4,108.0,2.0,,,,
101.093,7,Atta_7,2903.6,1773.5,338.8,103.2,-4.1,,,,
101.093,8,Atta_8,3300.6,603.7,166.3,-35.1,3.4,,,,
101.093,9,Atta_9,2814.0,992.4,354.2,76.1,-5.1,,,,
101.093,10,Atta_10,2772.0,1233.5,360.0,72.0,1.4,,,,
101.162,1,Atta_1,2725.9,1589.0,355.1,107.5,-2.4,,,,
101.162,2,Atta_2,3006.8,812.5,51.7,120.5,0.6,,,,
101.162,3,Atta_3,3506.4,727.5,95.9,-12.6,-2.3,,,,
101.162,4,Atta_4,2930.4,2163.0,8.8,-94.4,-0.3,,,,
101.162,5,Atta_5,2959.9,1976.2,306.0,-15.2,-1.6,,,,
101.162,6,Atta_6,3171.1,2256.3,115.8,-50.2,5.4,,,,
101.162,7,Atta_7,2819.9,1794.6,341.7,-86.3,2.9,,,,
101.162,8,Atta_8,3242.1,558.9,166.2,73.7,-0.1,,,,
101.162,9,Atta_9,2762.7,987.3,349.2,-51.6,-5.0,,,,
101.162,10,Atta_10,2702.2,1184.9,4.1,-85.1,4.1,,,,
101.231,1,Atta_1,2736.7,1553.5,355.2,37.1,0.1,,,,
101.231,2,Atta_2,3018.5,736.8,54.9,-76.6,3.2,,,,
101.231,3,Atta_3,3525.6,770.1,96.6,46.7,0.7,,,,
101.231,4,Atta_4,3035.9,2166.3,8.8,105.6,0.0,,,,
101.231,5,Atta_5,2992.0,1992.6,305.4,36.0,-0.6,,,,
101.231,6,Atta_6,3172.2,2186.2,115.6,-70.1,-0.2,,,,
101.231,7,Atta_7,2867.2,1726.6,345.4,82.8,3.7,,,,
101.231,8,Atta_8,3284.9,583.7,169.2,-49.5,3.0,,,,
101.231,9,Atta_9,2756.7,918.7,346.3,68.9,-2.9,,,,
101.231,10,Atta_10,2721.6,1234.6,1.1,53.4,-3.0,,,,
101.297,1,Atta_1,2762.6,1533.0,358.8,33.0,3.6,,,,
101.297,2,Atta_2,3038.4,749.7,52.1,23.7,-2.8,,,,
101.297,3,Atta_3,3468.9,794.1,94.4,61.6,-2.2,,,,
101.297,4,Atta_4,3066.2,2166.8,7.3,30.3,-1.5,,,,
101.297,5,Atta_5,2969.3,1963.0,305.7,37.3,0.3,,,,
101.297,6,Atta_6,3121.6,2304.7,118.0,128.9,2.4,,,,
101.297,7,Atta_7,2825.2,1747.0,340.4,-46.7,-5.0,,,,
101.297,8,Atta_8,3250.8,558.7,169.3,42.3,0.1,,,,
101.297,9,Atta_9,2785.4,950.6,344.7,42.9,-1.6,,,,
101.297,10,Atta_10,2752.5,1185.5,358.0,58.0,-3.1,,,,
101.363,1,Atta_1,2714.1,1551.4,355.2,-51.9,-3.6,,,,
101.363,2,Atta_2,3076.4,791.6,55.2,56.6,3.1,,,,
101.363,3,Atta_3,3505.6,721.2,94.8,-81.6,0.4,,,,
101.363,4,Atta_4,3018.4,2179.4,10.5,-49.4,3.2,,,,
101.363,5,Atta_5,2973.9,2007.9,309.8,-45.1,4.1,,,,
101.363,6,Atta_6,3150.1,2343.0,124.6,47.7,6.6,,,,
101.363,7,Atta_7,2837.4,1767.1,343.1,23.5,2.7,,,,
101.363,8,Atta_8,3283.5,605.0,170.0,-56.7,0.7,,,,
101.363,9,Atta_9,2806.6,959.3,336.0,22.9,-8.7,,,,
101.363,10,Atta_10,2728.8,1251.0,358.3,-69.7,0.3,,,,
101.431,1,Atta_1,2715.9,1518.1,358.1,33.3,2.9,,,,
101.431,2,Atta_2,3028.7,705.9,55.4,-98.1,0.2,,,,
101.431,3,Atta_3,3529.4,769.7,91.8,54.0,-3.0,,,,
101.431,4,Atta_4,2939.0,2133.0,9.8,-92.0,-0.7,,,,
101.431,5,Atta_5,2928.1,1887.8,306.1,128.5,-3.7,,,,
101.431,6,Atta_6,3159.6,2282.4,133.5,-61.3,8.9,,,,
101.431,7,Atta_7,2812.8,1736.5,341.2,-39.3,-1.9,,,,
101.431,8,Atta_8,3222.4,636.2,167.9,68.6,-2.1,,,,
101.431,9,Atta_9,2842.8,944.1,335.7,39.3,-0.3,,,,
101.431,10,Atta_10,2710.5,1223.4,1.3,-33.1,3.0,,,,
101.501,1,Atta_1,2670.5,1556.6,358.1,-59.5,0.0,,,,
101.501,2,Atta_2,3020.8,735.1,54.6,30.2,-0.8,,,,
101.501,3,Atta_3,3512.2,794.5,93.7,30.2,1.9,,,,
101.501,4,Atta_4,2950.2,2154.5,9.8,24.2,0.0,,,,
101.501,5,Atta_5,2976.1,2018.7,305.7,-139.4,-0.4,,,,
101.501,6,Atta_6,3147.4,2218.6,136.2,-65.0,2.7,,,,
101.501,7,Atta_7,2780.2,1723.0,341.3,-35.3,0.1,,,,
101.501,8,Atta_8,3286.5,607.4,165.5,-70.3,-2.4,,,,
101.501,9,Atta_9,2689.4,993.7,329.4,-161.2,-6.3,,,,
101.501,10,Atta_10,2718.3,1241.3,1.5,19.5,0.2,,,,
101.568,1,Atta_1,2693.2,1596.7,353.5,46.1,-4.6,,,,
101.568,2,Atta_2,2977.2,812.7,48.6,89.0,-6.0,,,,
101.568,3,Atta_3,3518.5,758.9,94.1,-36.2,0.4,,,,
101.568,4,Atta_4,3057.8,2169.4,9.0,108.6,-0.8,,,,
101.568,5,Atta_5,3011.4,2017.9,305.1,35.3,-0.6,,,,
101.568,6,Atta_6,3100.6,2270.1,142.8,69.6,6.6,,,,
101.568,7,Atta_7,2856.5,1730.8,342.9,76.7,1.6,,,,
101.568,8,Atta_8,3213.3,567.7,165.8,83.3,0.3,,,,
101.568,9,Atta_9,2744.3,989.6,324.4,55.1,-5.0,,,,
101.568,10,Atta_10,2716.0,1191.2,359.9,-50.2,-1.6,,,,
101.699,1,Atta_1,2725.3,1560.8,355.9,48.2,2.4,,,,
101.699,2,Atta_2,3021.2,827.0,55.6,46.3,7.0,,,,
101.699,3,Atta_3,3524.7,737.1,95.9,-22.7,1.8,,,,
101.699,4,Atta_4,2969.3,2138.7,8.3,-93.7,-0.7,,,,
101.699,5,Atta_5,2974.7,2023.4,307.6,-37.1,2.5,,,,
101.699,6,Atta_6,3156.8,2231.1,150.5,-68.4,7.7,,,,
101.699,7,Atta_7,2813.9,1752.6,344.5,-47.9,1.6,,,,
101.699,8,Atta_8,3232.2,610.3,166.3,-46.6,0.5,,,,
101.699,9,Atta_9,2726.7,930.8,317.4,61.4,-7.0,,,,
101.699,10,Atta_10,2777.5,1209.9,358.8,64.3,-1.1,,,,
101.764,1,Atta_1,2686.3,1603.4,357.5,-57.8,1.6,,,,
101.764,2,Atta_2,2996.9,775.0,55.6,-57.4,0.0,,,,
101.764,3,Atta_3,3458.3,775.1,94.4,76.5,-1.5,,,,
101.764,4,Atta_4,2968.3,2156.8,8.4,18.1,0.1,,,,
101.764,5,Atta_5,2961.7,1975.9,306.8,49.2,-0.8,,,,
101.764,6,Atta_6,3204.5,2293.4,155.6,-78.5,5.1,,,,
101.764,7,Atta_7,2814.2,1731.1,341.5,21.5,-3.0,,,,
101.764,8,Atta_8,3247.8,578.6,165.1,-35.3,-1.2,,,,
101.764,9,Atta_9,2734.2,993.5,312.5,-63.1,-4.9,,,,
101.764,10,Atta_10,2687.9,1267.4,358.4,-106.5,-0.4,,,,
101.897,1,Atta_1,2689.0,1568.3,356.4,35.2,-1.1,,,,
101.897,2,Atta_2,3036.8,779.2,51.0,40.1,-4.6,,,,
101.897,3,Atta_3,3520.8,759.9,95.7,-64.3,1.3,,,,
101.897,4,Atta_4,2952.9,2190.5,4.6,-37.1,-3.8,,,,
101.897,5,Atta_5,3003.3,1983.2,303.0,42.2,-3.8,,,,
101.897,6,Atta_6,3107.7,2263.1,161.0,101.4,5.4,,,,
101.897,7,Atta_7,2833.9,1732.5,339.1,19.7,-2.4,,,,
101.897,8,Atta_8,3161.8,623.7,166.5,97.1,1.4,,,,
101.897,9,Atta_9,2749.8,939.9,303.7,55.8,-8.8,,,,
101.897,10,Atta_10,2714.6,1249.5,356.8,32.1,-1.6,,,,
101.966,1,Atta_1,2646.0,1553.2,358.4,-45.6,2.0,,,,
101.966,2,Atta_2,2967.3,774.5,51.1,-69.7,0.1,,,,
101.966,3,Atta_3,3445.8,772.4,93.6,76.0,-2.1,,,,
101.966,4,Atta_4,2958.2,2175.3,3.3,16.1,-1.3,,,,
101.966,5,Atta_5,3026.4,1970.0,307.6,26.6,4.6,,,,
101.966,6,Atta_6,3149.3,2250.7,164.4,-43.4,3.4,,,,
101.966,7,Atta_7,2778.3,1731.9,342.9,-55.6,3.8,,,,
101.966,8,Atta_8,3130.8,575.1,170.6,57.6,4.1,,,,
101.966,9,Atta_9,2791.1,1016.1,300.2,-86.7,-3.5,,,,
101.966,10,Atta_10,2714.0,1244.8,0.6,-4.7,3.8,,,,
102.019,1,Atta_1,2759.1,1569.0,354.3,114.2,-4.1,,,,
102.019,2,Atta_2,3073.8,764.7,54.3,106.9,3.2,,,,
102.019,3,Atta_3,3538.9,761.2,96.1,-93.8,2.5,,,,
102.019,4,Atta_4,2961.9,2174.3,358.1,3.8,-5.2,,,,
102.019,5,Atta_5,2966.8,1952.2,305.4,-62.2,-2.2,,,,
102.019,6,Atta_6,3138.4,2263.0,169.8,16.4,5.4,,,,
102.019,7,Atta_7,2825.8,1764.8,340.2,57.8,-2.7,,,,
102.019,8,Atta_8,3155.0,638.7,162.9,-68.0,-7.7,,,,
102.019,9,Atta_9,2675.6,966.5,297.8,-125.7,-2.4,,,,
102.019,10,Atta_10,2755.9,1254.6,357.6,43.0,-3.0,,,,
102.088,1,Atta_1,2746.2,1585.3,2.0,-20.8,7.7,,,,
102.088,2,Atta_2,3048.2,743.4,51.4,-33.3,-2.9,,,,
102.088,3,Atta_3,3475.3,749.4,92.0,-64.7,-4.1,,,,
102.088,4,Atta_4,2943.2,2156.1,351.0,-26.1,-7.1,,,,
102.088,5,Atta_5,2969.0,2027.4,305.2,-75.2,-0.2,,,,
102.088,6,Atta_6,3118.4,2252.1,174.7,22.8,4.9,,,,
102.088,7,Atta_7,2784.4,1762.2,344.0,-41.5,3.8,,,,
102.088,8,Atta_8,3209.9,595.2,173.1,-70.0,10.2,,,,
102.088,9,Atta_9,2768.8,973.0,292.4,93.4,-5.4,,,,
102.088,10,Atta_10,2778.6,1239.5,359.7,27.3,2.1,,,,
102.154,1,Atta_1,2748.6,1552.4,357.4,33.0,-4.6,,,,
102.154,2,Atta_2,3084.3,773.0,55.6,46.7,4.2,,,,
102.154,3,Atta_3,3508.8,762.4,94.7,35.9,2.7,,,,
102.154,4,Atta_4,2943.6,2235.2,348.7,-79.1,-2.3,,,,
102.154,5,Atta_5,2977.0,1969.7,306.8,58.3,1.6,,,,
102.154,6,Atta_6,3133.9,2262.5,178.6,-18.7,3.9,,,,
102.154,7,Atta_7,2763.4,1779.3,344.5,-27.1,0.5,,,,
102.154,8,Atta_8,3137.4,643.8,174.5,87.3,1.4,,,,
102.154,9,Atta_9,2783.9,991.0,289.9,-23.5,-2.5,,,,
102.154,10,Atta_10,2710.4,1213.9,359.2,-72.8,-0.5,,,,
102.224,1,Atta_1,2730.4,1541.2,356.5,-21.4,-0.9,,,,
102.224,2,Atta_2,3014.7,692.5,48.8,-106.4,-6.8,,,,
102.224,3,Atta_3,3537.9,765.9,90.4,29.3,-4.3,,,,
102.224,4,Atta_4,2958.2,2158.9,342.0,77.7,-6.7,,,,
102.224,5,Atta_5,2976.9,2025.9,303.2,-56.2,-3.6,,,,
102.224,6,Atta_6,3166.3,2270.4,180.7,-33.3,2.1,,,,
102.224,7,Atta_7,2771.5,1787.8,344.7,11.7,0.2,,,,
102.224,8,Atta_8,3176.0,653.4,182.8,-39.8,8.3,,,,
102.224,9,Atta_9,2775.2,1008.7,286.5,-19.7,-3.4,,,,
102.224,10,Atta_10,2710.2,1200.2,357.6,-13.7,-1.6,,,,
102.29,1,Atta_1,2720.1,1530.2,356.8,-15.1,0.3,,,,
102.29,2,Atta_2,3048.3,776.9,50.9,90.8,2.1,,,,
102.29,3,Atta_3,3559.4,760.0,94.6,-22.3,4.2,,,,
102.29,4,Atta_4,2938.8,2119.9,336.2,-43.6,-5.8,,,,
102.29,5,Atta_5,2984.7,1970.0,305.0,56.4,1.8,,,,
102.29,6,Atta_6,3186.1,2265.9,190.2,-20.3,9.5,,,,
102.29,7,Atta_7,2848.4,1750.8,341.5,85.3,-3.2,,,,
102.29,8,Atta_8,3187.8,617.5,182.0,-37.8,-0.8,,,,
102.29,9,Atta_9,2774.3,998.9,277.0,9.8,-9.5,,,,
102.29,10,Atta_10,2722.1,1193.4,357.9,13.7,0.3,,,,
102.359,1,Atta_1,2739.9,1542.2,357.1,23.2,0.3,,,,
102.359,2,Atta_2,3077.8,749.6,50.1,-40.2,-0.8,,,,
102.359,3,Atta_3,3526.7,750.8,96.9,-34.0,2.3,,,,
102.359,4,Atta_4,2913.4,2193.1,333.6,-77.5,-2.6,,,,
102.359,5,Atta_5,3026.5,1968.6,306.4,41.8,1.4,,,,
102.359,6,Atta_6,3122.5,2262.8,194.6,63.7,4.4,,,,
102.359,7,Atta_7,2792.3,1817.2,343.8,-86.9,2.3,,,,
102.359,8,Atta_8,3179.2,712.5,191.5,95.4,9.5,,,,
102.359,9,Atta_9,2743.0,910.6,276.3,93.7,-0.7,,,,
102.359,10,Atta_10,2756.9,1200.0,1.6,35.4,3.7,,,,
102.429,1,Atta_1,2734.3,1535.8,353.4,-8.5,-3.7,,,,
102.429,2,Atta_2,3058.4,722.7,56.4,-33.2,6.3,,,,
102.429,3,Atta_3,3511.1,769.6,94.8,24.4,-2.1,,,,
102.429,4,Atta_4,2961.6,2163.9,335.2,56.4,1.6,,,,
102.429,5,Atta_5,2984.5,1952.0,303.0,-45.2,-3.4,,,,
102.429,6,Atta_6,3169.4,2282.5,193.4,-50.9,-1.2,,,,
102.429,7,Atta_7,2820.5,1744.0,343.5,78.4,-0.3,,,,
102.429,8,Atta_8,3144.6,635.7,190.1,84.2,-1.4,,,,
102.429,9,Atta_9,2770.2,922.3,272.0,-29.6,-4.3,,,,
102.429,10,Atta_10,2709.4,1227.9,1.3,-55.1,-0.3,,,,
102.49,1,Atta_1,2720.2,1597.3,357.0,-63.1,3.6,,,,
102.49,2,Atta_2,3046.5,750.7,52.9,30.4,-3.5,,,,
102.49,3,Atta_3,3584.8,778.5,92.7,74.2,-2.1,,,,
102.49,4,Atta_4,2930.6,2195.4,327.3,-44.2,-7.9,,,,
102.49,5,Atta_5,2952.8,1972.7,304.8,-37.9,1.8,,,,
102.49,6,Atta_6,3159.9,2317.9,197.6,36.7,4.2,,,,
102.49,7,Atta_7,2834.8,1780.6,341.8,39.3,-1.7,,,,
102.49,8,Atta_8,3176.8,622.3,198.4,-34.9,8.3,,,,
102.49,9,Atta_9,2743.0,929.0,263.6,-28.0,-8.4,,,,
102.49,10,Atta_10,2702.6,1240.1,1.8,-14.0,0.5,,,,
102.559,1,Atta_1,2747.3,1551.0,359.7,53.6,2.7,,,,
102.559,2,Atta_2,3080.1,777.8,50.7,43.2,-2.2,,,,
102.559,3,Atta_3,3471.7,729.4,94.1,-123.3,1.4,,,,
102.559,4,Atta_4,2950.3,2133.9,323.5,64.6,-3.8,,,,
102.559,5,Atta_5,2944.8,1977.0,302.0,-9.1,-2.8,,,,
102.559,6,Atta_6,3120.0,2268.6,208.4,63.4,10.8,,,,
102.559,7,Atta_7,2800.9,1676.2,341.4,109.8,-0.4,,,,
102.559,8,Atta_8,3204.3,610.5,201.0,-29.9,2.6,,,,
102.559,9,Atta_9,2749.8,957.3,261.9,-29.1,-1.7,,,,
102.559,10,Atta_10,2789.7,1259.2,358.0,89.2,-3.8,,,,
102.625,1,Atta_1,2735.5,1593.9,357.5,-44.5,-2.2,,,,
102.625,2,Atta_2,3073.9,763.3,51.8,-15.8,1.1,,,,
102.625,3,Atta_3,3575.5,795.9,99.1,123.3,5.0,,,,
102.625,4,Atta_4,2964.3,2165.7,316.1,-34.7,-7.4,,,,
102.625,5,Atta_5,3027.6,1919.0,306.8,101.1,4.8,,,,
102.625,6,Atta_6,3081.3,2257.3,211.9,40.3,3.5,,,,
102.625,7,Atta_7,2805.8,1781.3,342.6,-105.2,1.2,,,,
102.625,8,Atta_8,3197.9,626.2,203.9,17.0,2.9,,,,
102.625,9,Atta_9,2768.3,947.3,265.1,21.0,3.2,,,,
102.625,10,Atta_10,2724.2,1256.5,357.3,-65.6,-0.7,,,,
102.695,1,Atta_1,2731.8,1532.5,355.5,-61.5,-2.0,,,,
102.695,2,Atta_2,3000.1,762.4,51.5,-73.8,-0.3,,,,
102.695,3,Atta_3,3503.9,737.0,93.3,-92.7,-5.8,,,,
102.695,4,Atta_4,2974.3,2122.7,313.0,44.1,-3.1,,,,
102.695,5,Atta_5,2996.3,1905.1,303.7,-34.2,-3.1,,,,
102.695,6,Atta_6,3163.8,2303.2,216.2,-94.4,4.3,,,,
102.695,7,Atta_7,2809.0,1777.7,344.2,4.8,1.6,,,,
102.695,8,Atta_8,3103.8,643.4,208.9,95.7,5.0,,,,
102.695,9,Atta_9,2760.1,961.6,264.3,-16.5,-0.8,,,,
102.695,10,Atta_10,2695.3,1217.0,358.6,-48.9,1.3,,,,
102.748,1,Atta_1,2749.3,1541.1,356.6,19.5,1.1,,,,
102.748,2,Atta_2,3070.4,781.9,52.4,73.0,0.9,,,,
102.748,3,Atta_3,3489.6,714.7,93.6,-26.5,0.3,,,,
102.748,4,Atta_4,2955.1,2126.1,315.7,-19.5,2.7,,,,
102.748,5,Atta_5,2943.3,1959.5,303.0,-75.9,-0.7,,,,
102.748,6,Atta_6,3161.9,2249.6,218.6,53.6,2.4,,,,
102.748,7,Atta_7,2813.0,1742.2,342.0,35.7,-2.2,,,,
102.748,8,Atta_8,3145.6,599.3,215.3,-60.8,6.4,,,,
102.748,9,Atta_9,2676.5,916.0,264.3,95.2,0.0,,,,
102.748,10,Atta_10,2725.3,1189.5,359.3,40.7,0.7,,,,
102.814,1,Atta_1,2678.4,1512.9,358.0,-76.3,1.4,,,,
102.814,2,Atta_2,3050.8,759.2,52.9,-30.0,0.5,,,,
102.814,3,Atta_3,3520.7,728.7,97.5,34.1,3.9,,,,
102.814,4,Atta_4,2960.3,2167.9,311.8,-42.1,-3.9,,,,
102.814,5,Atta_5,2969.4,1959.6,304.0,26.1,1.0,,,,
102.814,6,Atta_6,3166.4,2251.2,220.7,-4.8,2.1,,,,
102.814,7,Atta_7,2814.3,1792.7,340.9,-50.5,-1.1,,,,
102.814,8,Atta_8,3218.2,684.9,218.9,-112.2,3.6,,,,
102.814,9,Atta_9,2775.9,981.0,265.2,-118.8,0.9,,,,
102.814,10,Atta_10,2706.1,1202.3,357.2,-23.1,-2.1,,,,
102.88,1,Atta_1,2676.1,1542.0,355.7,-29.2,-2.3,,,,
102.88,2,Atta_2,3068.4,780.6,50.8,27.7,-2.1,,,,
102.88,3,Atta_3,3516.0,776.8,93.3,48.3,-4.2,,,,
102.88,4,Atta_4,2938.9,2190.7,314.5,-31.3,2.7,,,,
102.88,5,Atta_5,3005.1,2000.4,306.1,-54.2,2.1,,,,
102.88,6,Atta_6,3160.5,2302.6,223.3,-51.7,2.6,,,,
102.88,7,Atta_7,2750.3,1755.8,339.2,-73.9,-1.7,,,,
102.88,8,Atta_8,3151.9,589.0,220.7,116.6,1.8,,,,
102.88,9,Atta_9,2745.5,968.8,261.5,32.8,-3.7,,,,
102.88,10,Atta_10,2689.5,1170.8,359.1,-35.6,1.9,,,,
102.948,1,Atta_1,2689.2,1553.1,356.3,17.2,0.6,,,,
102.948,2,Atta_2,2990.0,780.1,52.0,-78.4,1.2,,,,
102.948,3,Atta_3,3515.2,711.9,94.9,-64.9,1.6,,,,
102.948,4,Atta_4,2948.7,2198.7,314.1,12.7,-0.4,,,,
102.948,5,Atta_5,2944.6,1995.8,304.4,-60.7,-1.7,,,,
102.948,6,Atta_6,3123.3,2235.4,232.9,76.8,9.6,,,,
102.948,7,Atta_7,2793.2,1766.0,339.8,44.1,0.6,,,,
102.948,8,Atta_8,3139.3,609.0,226.5,-23.6,5.8,,,,
102.948,9,Atta_9,2750.7,927.7,261.2,41.4,-0.3,,,,
102.948,10,Atta_10,2689.4,1227.1,1.8,-56.3,2.7,,,,
103.017,1,Atta_1,2719.9,1595.8,354.4,52.6,-1.9,,,,
103.017,2,Atta_2,3054.2,741.6,53.7,74.9,1.7,,,,
103.017,3,Atta_3,3496.0,737.9,96.0,32.3,1.1,,,,
103.017,4,Atta_4,2975.5,2146.9,310.8,58.3,-3.3,,,,
103.017,5,Atta_5,2959.9,1958.2,306.2,40.6,1.8,,,,
103.017,6,Atta_6,3168.7,2251.8,233.7,-48.3,0.8,,,,
103.017,7,Atta_7,2829.8,1776.2,340.5,38.0,0.7,,,,
103.017,8,Atta_8,3184.1,619.3,234.5,-46.0,8.0,,,,
103.017,9,Atta_9,2724.3,921.1,264.5,27.2,3.3,,,,
103.017,10,Atta_10,2723.0,1215.4,358.0,35.6,-3.8,,,,
103.087,1,Atta_1,2735.8,1542.2,358.0,55.9,3.6,,,,
103.087,2,Atta_2,3001.9,756.8,49.6,-54.5,-4.1,,,,
103.087,3,Atta_3,3542.4,747.6,94.5,47.4,-1.5,,,,
103.087,4,Atta_4,2938.9,2138.8,310.6,-37.5,-0.2,,,,
103.087,5,Atta_5,2958.0,1990.6,306.1,-32.5,-0.1,,,,
103.087,6,Atta_6,3168.1,2254.1,242.1,-2.4,8.4,,,,
103.087,7,Atta_7,2842.1,1773.2,339.6,12.7,-0.9,,,,
103.087,8,Atta_8,3227.2,626.6,240.5,-43.7,6.0,,,,
103.087,9,Atta_9,2719.2,941.8,263.9,-21.3,-0.6,,,,
103.087,10,Atta_10,2714.1,1188.6,358.5,-28.2,0.5,,,,
103.21,1,Atta_1,2719.7,1503.3,354.9,-42.1,-3.1,,,,
103.21,2,Atta_2,3078.7,699.9,51.4,95.6,1.8,,,,
103.21,3,Atta_3,3505.0,751.3,97.0,37.6,2.5,,,,
103.21,4,Atta_4,2938.6,2124.5,315.4,14.3,4.8,,,,
103.21,5,Atta_5,2980.7,2004.2,306.8,26.5,0.7,,,,
103.21,6,Atta_6,3118.8,2213.2,251.0,64.1,8.9,,,,
103.21,7,Atta_7,2828.6,1822.2,345.0,-50.8,5.4,,,,
103.21,8,Atta_8,3121.1,609.6,248.9,107.5,8.4,,,,
103.21,9,Atta_9,2749.5,935.0,270.5,31.1,6.6,,,,
103.21,10,Atta_10,2775.0,1165.1,359.1,65.3,0.6,,,,
103.278,1,Atta_1,2700.2,1564.3,357.1,-64.0,2.2,,,,
103.278,2,Atta_2,3017.4,741.5,50.4,-74.1,-1.0,,,,
103.278,3,Atta_3,3495.9,770.4,95.4,21.2,-1.6,,,,
103.278,4,Atta_4,2987.7,2116.4,311.0,49.8,-4.4,,,,
103.278,5,Atta_5,2974.7,2002.6,305.8,-6.2,-1.0,,,,
103.278,6,Atta_6,3150.2,2301.9,253.1,-94.1,2.1,,,,
103.278,7,Atta_7,2894.6,1751.2,339.9,96.9,-5.1,,,,
103.278,8,Atta_8,3203.2,645.1,251.8,-89.4,2.9,,,,
103.278,9,Atta_9,2769.8,911.3,275.9,31.2,5.4,,,,
103.278,10,Atta_10,2751.5,1220.8,357.2,-60.5,-1.9,,,,
103.344,1,Atta_1,2692.6,1550.9,355.2,-15.4,-1.9,,,,
103.344,2,Atta_2,3074.4,736.2,52.5,57.2,2.1,,,,
103.344,3,Atta_3,3517.4,750.1,96.4,-29.6,1.0,,,,
103.344,4,Atta_4,2986.2,2082.2,312.5,34.2,1.5,,,,
103.344,5,Atta_5,2985.6,1960.4,303.3,43.6,-2.5,,,,
103.344,6,Atta_6,3182.5,2259.6,251.3,53.2,-1.8,,,,
103.344,7,Atta_7,2769.6,1791.4,343.5,-131.3,3.6,,,,
103.344,8,Atta_8,3185.8,601.0,257.9,47.4,6.1,,,,
103.344,9,Atta_9,2760.9,906.4,271.9,10.2,-4.0,,,,
103.344,10,Atta_10,2743.0,1223.8,0.8,-9.0,3.6,,,,
103.476,1,Atta_1,2766.3,1556.2,355.7,73.9,0.5,,,,
103.476,2,Atta_2,3053.6,760.6,54.2,32.1,1.7,,,,
103.476,3,Atta_3,3490.9,733.8,96.4,-31.1,0.0,,,,
103.476,4,Atta_4,2992.2,2096.8,312.5,-15.8,0.0,,,,
103.476,5,Atta_5,2953.0,1992.3,308.4,-45.6,5.1,,,,
103.476,6,Atta_6,3144.1,2287.6,252.0,-47.5,0.7,,,,
103.476,7,Atta_7,2839.0,1775.8,342.0,71.1,-1.5,,,,
103.476,8,Atta_8,3152.5,649.0,261.5,-58.4,3.6,,,,
103.476,9,Atta_9,2761.5,889.8,279.9,16.6,8.0,,,,
103.476,10,Atta_10,2671.4,1263.2,356.8,-81.7,-4.0,,,,
103.542,1,Atta_1,2689.1,1537.4,358.4,-79.5,2.7,,,,
103.542,2,Atta_2,3025.6,739.2,49.3,-35.2,-4.9,,,,
103.542,3,Atta_3,3492.9,743.8,94.6,10.2,-1.8,,,,
103.542,4,Atta_4,3020.9,2092.8,311.3,29.0,-1.2,,,,
103.542,5,Atta_5,2920.8,1937.5,305.0,63.6,-3.4,,,,
103.542,6,Atta_6,3145.3,2268.9,255.3,18.7,3.3,,,,
103.542,7,Atta_7,2839.1,1771.1,338.8,4.7,-3.2,,,,
103.542,8,Atta_8,3166.2,586.2,267.5,64.3,6.0,,,,
103.542,9,Atta_9,2807.7,834.3,290.1,72.2,10.2,,,,
103.542,10,Atta_10,2678.8,1208.2,2.7,55.5,5.9,,,,
103.61,1,Atta_1,2733.0,1540.8,357.4,44.0,-1.0,,,,
103.61,2,Atta_2,3031.7,769.0,51.6,30.4,2.3,,,,
103.61,3,Atta_3,3508.0,758.8,94.9,21.3,0.3,,,,
103.61,4,Atta_4,2967.1,2074.8,308.7,-56.7,-2.6,,,,
103.61,5,Atta_5,2946.4,2009.0,308.0,-75.9,3.0,,,,
103.61,6,Atta_6,3170.4,2230.8,251.7,45.6,-3.6,,,,
103.61,7,Atta_7,2796.0,1744.6,340.3,-50.6,1.5,,,,
103.61,8,Atta_8,3195.9,641.1,273.8,-62.4,6.3,,,,
103.61,9,Atta_9,2722.6,911.3,293.3,-114.8,3.2,,,,
103.61,10,Atta_10,2767.6,1278.0,358.8,112.9,-3.9,,,,
103.738,1,Atta_1,2716.2,1582.0,356.1,-44.5,-1.3,,,,
103.738,2,Atta_2,3046.9,761.0,50.8,17.2,-0.8,,,,
103.738,3,Atta_3,3515.4,757.3,97.8,-7.6,2.9,,,,
103.738,4,Atta_4,3018.8,2097.4,313.0,56.4,4.3,,,,
103.738,5,Atta_5,2957.2,1933.6,307.3,76.2,-0.7,,,,
103.738,6,Atta_6,3107.6,2232.1,248.6,62.8,-3.1,,,,
103.738,7,Atta_7,2824.2,1802.1,342.5,64.0,2.2,,,,
103.738,8,Atta_8,3136.5,605.8,275.2,69.1,1.4,,,,
103.738,9,Atta_9,2716.8,882.7,300.9,29.2,7.6,,,,
103.738,10,Atta_10,2727.4,1211.4,0.1,-77.8,1.3,,,,
103.803,1,Atta_1,2754.2,1633.0,0.5,63.6,4.4,,,,
103.803,2,Atta_2,3015.8,756.7,52.3,-31.4,1.5,,,,
103.803,3,Atta_3,3513.4,707.0,95.4,-50.3,-2.4,,,,
103.803,4,Atta_4,3049.0,2074.6,314.0,37.8,1.0,,,,
103.803,5,Atta_5,2956.1,2020.1,305.2,-86.5,-2.1,,,,
103.803,6,Atta_6,3142.1,2237.8,250.6,-35.0,2.0,,,,
103.803,7,Atta_7,2795.3,1752.6,343.4,-57.3,0.9,,,,
103.803,8,Atta_8,3177.2,661.4,284.5,-68.9,9.3,,,,
103.803,9,Atta_9,2721.7,938.2,303.3,-55.7,2.4,,,,
103.803,10,Atta_10,2764.0,1212.1,0.2,36.6,0.1,,,,
103.871,1,Atta_1,2696.1,1574.0,357.7,-82.8,-2.8,,,,
103.871,2,Atta_2,3051.5,768.7,55.7,37.7,3.4,,,,
103.871,3,Atta_3,3508.2,767.9,96.7,61.1,1.3,,,,
103.871,4,Atta_4,3021.7,2115.6,315.3,-49.3,1.3,,,,
103.871,5,Atta_5,2979.1,2009.4,306.3,25.4,1.1,,,,
103.871,6,Atta_6,3157.5,2273.2,251.2,-38.6,0.6,,,,
103.871,7,Atta_7,2757.8,1714.3,340.4,-53.6,-3.0,,,,
103.871,8,Atta_8,3190.5,626.2,288.1,37.6,3.6,,,,
103.871,9,Atta_9,2714.6,910.9,308.5,28.2,5.2,,,,
103.871,10,Atta_10,2725.2,1258.3,354.6,-60.3,-5.6,,,,
103.926,1,Atta_1,2712.6,1544.6,357.1,33.7,-0.6,,,,
103.926,2,Atta_2,3023.2,682.0,51.1,-91.2,-4.6,,,,
103.926,3,Atta_3,3420.1,777.4,96.2,88.6,-0.5,,,,
103.926,4,Atta_4,3068.3,2027.8,318.8,99.4,3.5,,,,
103.926,5,Atta_5,2947.8,1980.3,301.8,42.7,-4.5,,,,
103.926,6,Atta_6,3140.9,2207.1,247.1,68.2,-4.1,,,,
103.926,7,Atta_7,2833.3,1795.5,342.0,110.9,1.6,,,,
103.926,8,Atta_8,3197.1,616.7,289.7,11.6,1.6,,,,
103.926,9,Atta_9,2748.7,908.1,309.6,34.2,1.1,,,,
103.926,10,Atta_10,2739.5,1223.2,358.9,37.9,4.3,,,,
103.995,1,Atta_1,2756.7,1536.7,353.7,44.8,-3.4,,,,
103.995,2,Atta_2,3038.0,756.8,52.6,76.3,1.5,,,,
103.995,3,Atta_3,3502.4,755.4,94.3,-85.2,-1.9,,,,
103.995,4,Atta_4,3046.8,2045.8,329.0,-28.0,10.2,,,,
103.995,5,Atta_5,2935.8,2001.4,305.4,-24.3,3.6,,,,
103.995,6,Atta_6,3186.5,2204.5,250.4,-45.7,3.3,,,,
103.995,7,Atta_7,2823.6,1767.2,340.4,-29.9,-1.6,,,,
103.995,8,Atta_8,3165.9,574.1,293.1,52.8,3.4,,,,
103.995,9,Atta_9,2758.6,929.7,315.8,-23.8,6.2,,,,
103.995,10,Atta_10,2766.7,1307.9,357.9,89.0,-1.0,,,,
104.061,1,Atta_1,2752.0,1536.9,1.2,-4.7,7.5,,,,
104.061,2,Atta_2,3061.4,723.8,51.8,-40.5,-0.8,,,,
104.061,3,Atta_3,3533.2,758.1,94.9,30.9,0.6,,,,
104.061,4,Atta_4,2992.0,2079.3,326.6,-64.2,-2.4,,,,
104.061,5,Atta_5,3001.2,2037.3,298.8,74.6,-6.6,,,,
104.061,6,Atta_6,3128.0,2166.8,247.3,69.6,-3.1,,,,
104.061,7,Atta_7,2753.9,1711.3,342.2,-89.3,1.8,,,,
104.061,8,Atta_8,3173.3,579.5,299.0,-9.2,5.9,,,,
104.061,9,Atta_9,2762.6,927.7,322.6,4.5,6.8,,,,
104.061,10,Atta_10,2735.7,1213.8,359.1,-99.1,1.2,,,,
104.128,1,Atta_1,2676.6,1548.6,356.0,-76.3,-5.2,,,,
104.128,2,Atta_2,3003.3,722.4,50.4,-58.1,-1.4,,,,
104.128,3,Atta_3,3508.4,792.6,91.4,42.5,-3.5,,,,
104.128,4,Atta_4,3028.1,2132.2,333.1,64.0,6.5,,,,
104.128,5,Atta_5,2928.5,1959.2,303.6,106.7,4.8,,,,
104.128,6,Atta_6,3098.2,2169.5,247.9,29.9,0.6,,,,
104.128,7,Atta_7,2870.4,1735.5,343.4,119.0,1.2,,,,
104.128,8,Atta_8,3199.7,628.1,303.9,-55.3,4.9,,,,
104.128,9,Atta_9,2772.8,901.9,324.4,27.7,1.8,,,,
104.128,10,Atta_10,2738.2,1237.2,356.4,23.5,-2.7,,,,
104.193,1,Atta_1,2718.9,1498.5,355.8,65.6,-0.2,,,,
104.193,2,Atta_2,3051.2,760.6,52.7,61.3,2.3,,,,
104.193,3,Atta_3,3514.4,726.1,95.6,-66.8,4.2,,,,
104.193,4,Atta_4,3038.8,2042.7,333.9,90.1,0.8,,,,
104.193,5,Atta_5,3007.5,2006.8,306.1,92.2,2.5,,,,
104.193,6,Atta_6,3076.0,2190.4,254.1,-30.5,6.2,,,,
104.193,7,Atta_7,2812.3,1751.6,341.0,-60.3,-2.4,,,,
104.193,8,Atta_8,3155.2,623.9,309.9,-44.7,6.0,,,,
104.193,9,Atta_9,2706.6,896.4,328.4,-66.4,4.0,,,,
104.193,10,Atta_10,2732.3,1253.5,0.7,-17.3,4.3,,,,
104.262,1,Atta_1,2670.5,1532.7,356.4,-59.3,0.6,,,,
104.262,2,Atta_2,3050.0,746.5,52.0,-14.2,-0.7,,,,
104.262,3,Atta_3,3512.6,775.3,93.7,49.2,-1.9,,,,
104.262,4,Atta_4,3048.9,2052.5,343.4,14.1,9.5,,,,
104.262,5,Atta_5,2955.9,1970.4,302.4,-63.1,-3.7,,,,
104.262,6,Atta_6,3129.1,2197.4,258.0,-53.6,3.9,,,,
104.262,7,Atta_7,2826.4,1725.3,341.4,29.8,0.4,,,,
104.262,8,Atta_8,3126.3,627.3,314.9,-29.1,5.0,,,,
104.262,9,Atta_9,2736.3,825.6,336.9,76.8,8.5,,,,
104.262,10,Atta_10,2710.4,1195.1,2.5,-62.4,1.8,,,,
104.316,1,Atta_1,2714.7,1554.5,358.3,49.3,1.9,,,,
104.316,2,Atta_2,3066.5,758.4,56.5,20.3,4.5,,,,
104.316,3,Atta_3,3509.3,800.4,95.4,25.3,1.7,,,,
104.316,4,Atta_4,2998.7,2081.9,346.2,-58.2,2.8,,,,
104.316,5,Atta_5,2928.9,1957.5,300.5,-29.9,-1.9,,,,
104.316,6,Atta_6,3135.4,2149.1,265.5,48.7,7.5,,,,
104.316,7,Atta_7,2807.1,1763.7,341.6,-43.0,0.2,,,,
104.316,8,Atta_8,3206.7,660.5,316.0,87.0,1.1,,,,
104.316,9,Atta_9,2796.4,955.3,338.9,142.9,2.0,,,,
104.316,10,Atta_10,2782.5,1252.7,358.1,92.3,-4.4,,,,
104.383,1,Atta_1,2728.9,1551.6,356.4,14.5,-1.9,,,,
104.383,2,Atta_2,3034.2,815.5,55.5,65.6,-1.0,,,,
104.383,3,Atta_3,3474.1,686.5,95.8,-119.2,0.4,,,,
104.383,4,Atta_4,3063.2,2056.7,353.8,69.2,7.6,,,,
104.383,5,Atta_5,2942.9,1935.7,305.1,25.9,4.6,,,,
104.383,6,Atta_6,3091.8,2157.6,271.4,-44.4,5.9,,,,
104.383,7,Atta_7,2765.2,1764.3,344.1,-41.9,2.5,,,,
104.383,8,Atta_8,3164.6,623.0,319.0,-56.4,3.0,,,,
104.383,9,Atta_9,2698.4,936.3,341.1,-99.8,2.2,,,,
104.383,10,Atta_10,2764.1,1187.0,357.3,-68.2,-0.8,,,,
104.434,1,Atta_1,2676.7,1550.6,356.7,-52.2,0.3,,,,
104.434,2,Atta_2,3083.2,768.6,51.2,-67.8,-4.3,,,,
104.434,3,Atta_3,3509.1,724.6,93.4,51.7,-2.4,,,,
104.434,4,Atta_4,3062.5,2077.8,354.4,-21.1,0.6,,,,
104.434,5,Atta_5,2950.7,2006.3,305.8,-71.0,0.7,,,,
104.434,6,Atta_6,3102.4,2170.8,274.4,-16.9,3.0,,,,
104.434,7,Atta_7,2817.1,1745.0,341.7,55.4,-2.4,,,,
104.434,8,Atta_8,3219.5,620.7,320.6,54.9,1.6,,,,
104.434,9,Atta_9,2713.7,887.0,344.0,51.6,2.9,,,,
104.434,10,Atta_10,2764.0,1211.3,1.1,-24.3,3.8,,,,
104.566,1,Atta_1,2652.1,1558.6,0.9,-25.9,4.2,,,,
104.566,2,Atta_2,3063.9,764.3,54.9,-19.8,3.7,,,,
104.566,3,Atta_3,3529.6,700.8,94.5,-31.4,1.1,,,,
104.566,4,Atta_4,3038.6,2116.4,0.1,-45.4,5.7,,,,
104.566,5,Atta_5,2982.6,2056.7,302.7,-59.6,-3.1,,,,
104.566,6,Atta_6,3131.7,2176.0,282.0,-29.8,7.6,,,,
104.566,7,Atta_7,2799.8,1742.8,342.2,-17.4,0.5,,,,
104.566,8,Atta_8,3180.1,570.5,322.4,63.8,1.8,,,,
104.566,9,Atta_9,2784.4,914.6,353.8,75.9,9.8,,,,
104.566,10,Atta_10,2724.5,1276.9,0.1,-76.6,-1.0,,,,
104.635,1,Atta_1,2672.7,1553.6,357.1,21.2,-3.8,,,,
104.635,2,Atta_2,2993.8,768.0,52.8,-70.2,-2.1,,,,
104.635,3,Atta_3,3505.9,741.1,92.1,46.8,-2.4,,,,
104.635,4,Atta_4,3042.4,2102.1,6.7,14.8,6.6,,,,
104.635,5,Atta_5,2917.0,1941.6,302.9,132.5,0.2,,,,
104.635,6,Atta_6,3079.8,2169.2,284.4,-52.3,2.4,,,,
104.635,7,Atta_7,2839.1,1712.5,340.4,49.6,-1.8,,,,
104.635,8,Atta_8,3191.7,649.2,323.0,-79.6,0.6,,,,
104.635,9,Atta_9,2768.8,951.9,354.5,-40.4,0.7,,,,
104.635,10,Atta_10,2768.0,1190.1,358.1,97.1,-2.0,,,,
104.693,1,Atta_1,2668.7,1550.5,355.9,-5.1,-1.2,,,,
104.693,2,Atta_2,3025.2,793.1,52.4,40.2,-0.4,,,,
104.693,3,Atta_3,3526.5,770.1,91.8,35.6,-0.3,,,,
104.693,4,Atta_4,3038.3,2065.9,5.7,-36.4,-1.0,,,,
104.693,5,Atta_5,2958.5,1970.8,306.2,-50.7,3.3,,,,
104.693,6,Atta_6,3121.0,2148.3,283.3,46.2,-1.1,,,,
104.693,7,Atta_7,2819.4,1774.7,341.5,-65.2,1.1,,,,
104.693,8,Atta_8,3163.6,668.7,321.3,-34.2,-1.7,,,,
104.693,9,Atta_9,2691.1,976.4,0.6,-81.5,6.1,,,,
104.693,10,Atta_10,2749.3,1231.6,1.7,-45.5,3.6,,,,
104.76,1,Atta_1,2720.3,1576.9,354.4,58.0,-1.5,,,,
104.76,2,Atta_2,3062.6,738.0,54.5,-66.6,2.1,,,,
104.76,3,Atta_3,3501.4,783.3,94.8,28.4,3.0,,,,
104.76,4,Atta_4,3064.2,2047.5,13.9,31.8,8.2,,,,
104.76,5,Atta_5,2955.2,1927.6,302.8,43.3,-3.4,,,,
104.76,6,Atta_6,3106.0,2189.9,292.5,-44.2,9.2,,,,
104.76,7,Atta_7,2767.8,1762.7,342.2,-53.0,0.7,,,,
104.76,8,Atta_8,3133.5,640.0,326.9,-41.6,5.6,,,,
104.76,9,Atta_9,2722.7,900.6,6.1,82.1,5.5,,,,
104.76,10,Atta_10,2787.0,1272.6,0.0,55.7,-1.7,,,,
104.829,1,Atta_1,2734.2,1504.5,357.2,73.7,2.8,,,,
104.829,2,Atta_2,3047.3,759.4,50.0,26.3,-4.5,,,,
104.829,3,Atta_3,3511.0,762.1,99.9,-23.3,5.1,,,,
104.829,4,Atta_4,3008.1,2085.0,17.5,-67.5,3.6,,,,
104.829,5,Atta_5,2988.3,2016.0,304.6,-94.4,1.8,,,,
104.829,6,Atta_6,3097.1,2218.3,293.8,-29.8,1.3,,,,
104.829,7,Atta_7,2851.1,1764.8,343.2,83.3,1.0,,,,
104.829,8,Atta_8,3144.1,578.0,322.5,62.9,-4.4,,,,
104.829,9,Atta_9,2731.4,934.1,6.2,34.6,0.1,,,,
104.829,10,Atta_10,2728.5,1228.7,2.7,-73.1,2.7,,,,
104.898,1,Atta_1,2726.9,1643.7,353.3,-139.4,-3.9,,,,
104.898,2,Atta_2,3052.1,753.5,50.5,-7.6,0.5,,,,
104.898,3,Atta_3,3529.1,778.1,96.4,24.2,-3.5,,,,
104.898,4,Atta_4,3005.7,2054.0,18.9,-31.1,1.4,,,,
104.898,5,Atta_5,2946.3,1976.0,303.7,58.0,-0.9,,,,
104.898,6,Atta_6,3079.2,2172.0,300.5,49.6,6.7,,,,
104.898,7,Atta_7,2830.0,1773.7,342.7,-22.9,-0.5,,,,
104.898,8,Atta_8,3198.0,572.1,325.0,54.2,2.5,,,,
104.898,9,Atta_9,2711.9,936.1,17.0,-19.6,10.8,,,,
104.898,10,Atta_10,2732.8,1204.0,359.3,25.1,-3.4,,,,
104.963,1,Atta_1,2704.7,1565.1,356.4,-81.7,3.1,,,,
104.963,2,Atta_2,3060.2,738.1,47.6,-17.4,-2.9,,,,
104.963,4,Atta_4,3044.1,2043.4,17.8,39.8,-1.1,,,,
104.963,5,Atta_5,2979.3,1983.9,306.9,33.9,3.2,,,,
104.963,6,Atta_6,3130.9,2225.2,303.4,-74.2,2.9,,,,
104.963,7,Atta_7,2804.5,1706.0,345.2,-72.3,2.5,,,,
104.963,8,Atta_8,3196.6,639.7,321.9,-67.6,-3.1,,,,
104.963,9,Atta_9,2729.2,956.9,18.1,27.1,1.1,,,,
104.963,10,Atta_10,2672.5,1221.9,359.8,-62.9,0.5,,,,
105.033,1,Atta_1,2728.7,1526.0,0.1,45.9,3.7,,,,
105.033,2,Atta_2,3056.5,723.8,52.0,-14.8,4.4,,,,
105.033,3,Atta_3,3528.7,755.5,92.7,-22.6,-3.7,,,,
105.033,4,Atta_4,3022.2,2079.7,20.7,-42.4,2.9,,,,
105.033,5,Atta_5,2928.3,2000.9,309.7,-53.8,2.8,,,,
105.033,6,Atta_6,3149.4,2185.6,303.2,43.7,-0.2,,,,
105.033,7,Atta_7,2798.4,1742.5,344.1,-37.0,-1.1,,,,
105.033,8,Atta_8,3172.7,532.4,323.7,109.9,1.8,,,,
105.033,9,Atta_9,2756.5,905.0,23.6,58.6,5.5,,,,
105.033,10,Atta_10,2691.9,1233.1,356.8,22.4,-3.0,,,,
105.104,1,Atta_1,2726.6,1544.1,356.4,-18.2,-3.7,,,,
105.104,2,Atta_2,3035.5,729.6,56.1,-21.8,4.1,,,,
105.104,3,Atta_3,3530.5,762.6,97.6,7.3,4.9,,,,
105.104,4,Atta_4,3030.2,2030.8,15.5,-49.6,-5.2,,,,
105.104,5,Atta_5,2918.2,1953.4,303.9,48.6,-5.8,,,,
105.104,6,Atta_6,3130.8,2144.3,304.7,45.3,1.5,,,,
105.104,7,Atta_7,2800.8,1754.1,343.2,-11.8,-0.9,,,,
105.104,8,Atta_8,3262.1,554.6,323.4,92.1,-0.3,,,,
105.104,9,Atta_9,2749.0,967.5,22.7,62.9,-0.9,,,,
105.104,10,Atta_10,2738.3,1202.8,357.9,55.4,1.1,,,,
105.174,1,Atta_1,2742.5,1550.2,356.6,17.0,0.2,,,,
105.174,2,Atta_2,3050.3,758.1,50.5,32.1,-5.6,,,,
105.174,3,Atta_3,3474.5,764.3,90.9,56.0,-6.7,,,,
105.174,4,Atta_4,3021.6,2073.5,17.7,43.6,2.2,,,,
105.174,5,Atta_5,2971.2,1971.4,304.9,56.0,1.0,,,,
105.174,6,Atta_6,3102.8,2208.2,305.8,-69.8,1.1,,,,
105.174,7,Atta_7,2792.8,1717.7,341.8,37.3,-1.4,,,,
105.174,8,Atta_8,3183.8,629.0,321.7,-108.0,-1.7,,,,
105.174,9,Atta_9,2812.5,918.4,26.1,80.3,3.4,,,,
105.174,10,Atta_10,2776.3,1216.6,1.6,40.4,3.7,,,,
105.243,1,Atta_1,2713.0,1555.5,358.6,-30.0,2.0,,,,
105.243,2,Atta_2,3055.7,788.4,48.7,30.8,-1.8,,,,
105.243,3,Atta_3,3483.4,776.9,95.5,15.4,4.6,,,,
105.243,4,Atta_4,3048.4,2077.7,18.3,27.1,0.6,,,,
105.243,5,Atta_5,2950.0,1984.1,306.3,-24.7,1.4,,,,
105.243,6,Atta_6,3112.7,2195.6,301.9,16.0,-3.9,,,,
105.243,7,Atta_7,2800.5,1728.3,342.4,13.1,0.6,,,,
105.243,8,Atta_8,3219.0,561.2,330.1,76.4,8.4,,,,
105.243,9,Atta_9,2765.5,925.1,29.1,-47.5,3.0,,,,
105.243,10,Atta_10,2730.4,1213.7,1.0,-46.0,-0.6,,,,
105.313,1,Atta_1,2692.6,1551.8,355.6,-20.7,-3.0,,,,
105.313,2,Atta_2,3124.9,732.5,52.4,89.0,3.7,,,,
105.313,3,Atta_3,3525.6,693.0,94.4,-93.9,-1.1,,,,
105.313,4,Atta_4,3066.3,2051.6,20.0,31.6,1.7,,,,
105.313,5,Atta_5,2970.4,2005.7,304.3,-29.7,-2.0,,,,
105.313,6,Atta_6,3111.0,2146.4,303.9,49.2,2.0,,,,
105.313,7,Atta_7,2786.3,1781.5,341.0,-55.1,-1.4,,,,
105.313,8,Atta_8,3222.1,555.8,330.8,6.2,0.7,,,,
105.313,9,Atta_9,2748.9,979.4,30.2,56.8,1.1,,,,
105.313,10,Atta_10,2745.4,1215.0,0.3,15.1,-0.7,,,,
105.381,1,Atta_1,2665.5,1488.6,356.7,-68.8,1.1,,,,
105.381,2,Atta_2,2956.7,746.9,51.1,-168.8,-1.3,,,,
105.381,3,Atta_3,3495.7,742.3,96.1,57.7,1.7,,,,
105.381,4,Atta_4,3005.5,2063.2,26.2,-61.9,6.2,,,,
105.381,5,Atta_5,2973.4,1998.5,304.0,7.8,-0.3,,,,
105.381,6,Atta_6,3104.7,2142.9,298.1,-7.2,-5.8,,,,
105.381,7,Atta_7,2781.8,1769.2,344.0,-13.1,3.0,,,,
105.381,8,Atta_8,3179.2,619.1,335.4,-76.5,4.6,,,,
105.381,9,Atta_9,2799.6,891.8,30.7,-101.2,0.5,,,,
105.381,10,Atta_10,2716.2,1228.2,1.9,-32.0,1.6,,,,
105.451,1,Atta_1,2746.9,1616.0,0.3,151.2,3.6,,,,
105.451,2,Atta_2,3048.1,783.3,52.8,98.4,1.7,,,,
105.451,3,Atta_3,3496.1,755.3,92.8,13.0,-3.3,,,,
105.451,4,Atta_4,2998.7,2118.8,27.8,56.0,1.6,,,,
105.451,5,Atta_5,2967.7,1964.5,304.2,34.5,0.2,,,,
105.451,6,Atta_6,3138.2,2133.2,301.0,34.9,2.9,,,,
105.451,7,Atta_7,2798.9,1710.6,340.5,61.0,-3.5,,,,
105.451,8,Atta_8,3246.8,572.6,340.6,82.0,5.2,,,,
105.451,9,Atta_9,2794.1,849.8,28.5,-42.4,-2.2,,,,
105.451,10,Atta_10,2756.8,1182.8,358.9,60.9,-3.0,,,,
105.521,1,Atta_1,2731.8,1553.7,355.4,-64.1,-4.9,,,,
105.521,2,Atta_2,3058.0,742.6,47.3,-41.9,-5.5,,,,
105.521,3,Atta_3,3506.2,732.9,96.5,-24.6,3.7,,,,
105.521,4,Atta_4,3059.3,2060.9,37.1,83.8,9.3,,,,
105.521,5,Atta_5,2958.5,2013.5,301.6,-49.9,-2.6,,,,
105.521,6,Atta_6,3097.4,2205.3,300.7,-82.8,-0.3,,,,
105.521,7,Atta_7,2788.6,1782.3,342.1,-72.4,1.6,,,,
105.521,8,Atta_8,3252.2,571.1,347.3,5.6,6.7,,,,
105.521,9,Atta_9,2753.7,951.5,24.2,109.4,-4.3,,,,
105.521,10,Atta_10,2686.8,1231.7,359.8,-85.4,0.9,,,,
105.587,1,Atta_1,2728.9,1537.6,356.1,-16.4,0.7,,,,
105.587,2,Atta_2,3055.0,741.9,51.6,-3.1,4.3,,,,
105.587,3,Atta_3,3505.8,759.3,96.2,26.4,-0.3,,,,
105.587,4,Atta_4,3005.1,2060.3,38.3,-54.2,1.2,,,,
105.587,5,Atta_5,2984.4,2009.0,300.5,26.3,-1.1,,,,
105.587,6,Atta_6,3177.9,2133.8,300.9,107.7,0.2,,,,
105.587,7,Atta_7,2827.4,1733.6,340.4,62.3,-1.7,,,,
105.587,8,Atta_8,3229.8,598.2,346.5,-35.2,-0.8,,,,
105.587,9,Atta_9,2795.1,924.6,27.2,49.4,3.0,,,,
105.587,10,Atta_10,2723.5,1245.0,356.0,39.0,-3.8,,,,
105.653,1,Atta_1,2669.7,1538.7,356.7,-59.2,0.6,,,,
105.653,2,Atta_2,3047.6,732.6,50.9,-11.9,-0.7,,,,
105.653,3,Atta_3,3473.6,779.5,93.3,38.0,-2.9,,,,
105.653,4,Atta_4,2954.7,2025.9,46.1,-61.0,7.8,,,,
105.653,5,Atta_5,2992.5,1939.3,297.8,70.2,-2.7,,,,
105.653,6,Atta_6,3152.9,2143.7,299.0,-26.9,-1.9,,,,
105.653,7,Atta_7,2822.6,1758.1,340.6,-25.0,0.2,,,,
105.653,8,Atta_8,3219.2,553.5,355.4,45.9,8.9,,,,
105.653,9,Atta_9,2789.8,935.3,24.7,11.9,-2.5,,,,
105.653,10,Atta_10,2785.6,1152.0,358.9,111.8,2.9,,,,
105.72,1,Atta_1,2740.3,1575.9,358.4,79.8,1.7,,,,
105.72,2,Atta_2,3021.0,711.7,53.9,-33.8,3.0,,,,
105.72,3,Atta_3,3543.1,758.5,91.0,-72.6,-2.3,,,,
105.72,4,Atta_4,2969.0,2054.8,43.2,32.2,-2.9,,,,
105.72,5,Atta_5,2945.2,1916.4,299.3,-52.6,1.5,,,,
105.72,6,Atta_6,3139.0,2071.8,301.8,73.2,2.8,,,,
105.72,7,Atta_7,2800.0,1746.0,338.8,-25.6,-1.8,,,,
105.72,8,Atta_8,3186.7,581.7,356.0,-43.0,0.6,,,,
105.72,9,Atta_9,2804.3,916.3,22.7,23.9,-2.0,,,,
105.72,10,Atta_10,2729.0,1211.2,2.7,-81.9,3.8,,,,
105.773,1,Atta_1,2689.3,1513.2,0.3,-80.8,1.9,,,,
105.773,2,Atta_2,3052.3,767.3,52.7,63.8,-1.2,,,,
105.773,3,Atta_3,3540.6,761.3,95.7,3.8,4.7,,,,
105.773,4,Atta_4,2985.1,2041.3,39.7,21.0,-3.5,,,,
105.773,5,Atta_5,2995.0,1972.0,296.5,-74.6,-2.8,,,,
105.773,6,Atta_6,3141.9,2069.0,302.6,4.0,0.8,,,,
105.773,7,Atta_7,2855.4,1706.2,339.7,68.2,0.9,,,,
105.773,8,Atta_8,3234.1,618.4,358.9,59.9,2.9,,,,
105.773,9,Atta_9,2807.0,999.9,25.4,83.6,2.7,,,,
105.773,10,Atta_10,2727.0,1186.6,358.8,-24.7,-3.9,,,,
105.844,1,Atta_1,2686.1,1521.2,359.0,-8.6,-1.3,,,,
105.844,2,Atta_2,2998.7,791.5,52.9,-58.8,0.2,,,,
105.844,3,Atta_3,3450.3,797.7,92.8,97.4,-2.9,,,,
105.844,4,Atta_4,3027.4,2052.6,34.0,43.8,-5.7,,,,
105.844,5,Atta_5,2927.4,1952.6,294.1,-70.3,-2.4,,,,
105.844,6,Atta_6,3162.3,2078.5,301.6,22.5,-1.0,,,,
105.844,7,Atta_7,2784.6,1724.9,340.7,-73.2,1.0,,,,
105.844,8,Atta_8,3224.4,594.4,9.5,-25.9,10.6,,,,
105.844,9,Atta_9,2821.6,981.4,25.6,23.6,0.2,,,,
105.844,10,Atta_10,2717.6,1181.3,356.7,-10.8,-2.1,,,,
105.914,1,Atta_1,2752.0,1532.7,355.6,66.9,-3.4,,,,
105.914,2,Atta_2,3063.4,783.8,51.4,65.2,-1.5,,,,
105.914,3,Atta_3,3509.6,755.9,94.1,-72.6,1.3,,,,
105.914,4,Atta_4,2944.8,2057.7,29.3,-82.8,-4.7,,,,
105.914,5,Atta_5,3012.1,1953.7,297.4,84.7,3.3,,,,
105.914,6,Atta_6,3225.6,2114.2,300.5,72.7,-1.1,,,,
105.914,7,Atta_7,2756.4,1754.1,345.4,-40.6,4.7,,,,
105.914,8,Atta_8,3192.2,525.4,11.3,-76.1,1.8,,,,
105.914,9,Atta_9,2850.8,977.9,30.7,29.4,5.1,,,,
105.914,10,Atta_10,2735.6,1199.7,0.1,25.7,3.4,,,,
105.983,1,Atta_1,2704.6,1555.9,356.1,-52.8,0.5,,,,
105.983,2,Atta_2,3088.4,751.4,49.2,-40.9,-2.2,,,,
105.983,3,Atta_3,3509.3,790.5,93.2,34.6,-0.9,,,,
105.983,4,Atta_4,3064.0,2085.0,30.0,122.3,0.7,,,,
105.983,5,Atta_5,2964.8,1947.6,295.5,-47.7,-1.9,,,,
105.983,6,Atta_6,3170.3,2097.6,302.0,-57.7,1.5,,,,
105.983,7,Atta_7,2806.5,1801.1,341.3,68.7,-4.1,,,,
105.983,8,Atta_8,3262.2,549.5,16.0,74.0,4.7,,,,
105.983,9,Atta_9,2786.4,933.0,27.3,-78.5,-3.4,,,,
105.983,10,Atta_10,2712.9,1218.8,356.3,-29.7,-3.8,,,,
106.038,1,Atta_1,2736.4,1593.1,356.5,48.9,0.4,,,,
106.038,2,Atta_2,3057.8,749.8,50.0,-30.6,0.8,,,,
106.038,3,Atta_3,3454.4,761.7,97.1,-62.0,3.9,,,,
106.038,4,Atta_4,2960.7,2080.1,19.9,-103.4,-10.1,,,,
106.038,5,Atta_5,2956.0,1965.3,299.5,-19.8,4.0,,,,
106.038,6,Atta_6,3242.0,2082.4,299.0,73.3,-3.0,,,,
106.038,7,Atta_7,2790.0,1777.7,344.4,-28.6,3.1,,,,
106.038,8,Atta_8,3220.8,547.3,20.2,-41.5,4.2,,,,
106.038,9,Atta_9,2834.7,933.9,28.4,48.3,1.1,,,,
106.038,10,Atta_10,2658.0,1194.9,359.3,-59.9,3.0,,,,
106.108,1,Atta_1,2709.8,1557.6,359.0,-44.4,2.5,,,,
106.108,2,Atta_2,3069.8,779.3,49.3,31.8,-0.7,,,,
106.108,3,Atta_3,3521.4,790.9,95.3,73.1,-1.8,,,,
106.108,4,Atta_4,2962.7,2010.9,16.0,-69.2,-3.9,,,,
106.108,5,Atta_5,2971.6,1941.5,296.9,28.5,-2.6,,,,
106.108,6,Atta_6,3122.9,2084.2,299.4,-119.1,0.4,,,,
106.108,7,Atta_7,2799.4,1735.7,341.1,43.0,-3.3,,,,
106.108,8,Atta_8,3257.7,551.5,27.9,37.1,7.7,,,,
106.108,9,Atta_9,2836.7,930.3,25.1,4.1,-3.3,,,,
106.108,10,Atta_10,2753.2,1218.9,0.9,98.2,1.6,,,,
106.175,1,Atta_1,2652.6,1571.4,353.1,-58.8,-5.9,,,,
106.175,2,Atta_2,3020.5,735.8,53.5,-65.7,4.2,,,,
106.175,3,Atta_3,3467.8,768.9,94.9,-57.9,-0.4,,,,
106.175,4,Atta_4,3009.1,2057.1,15.2,65.5,-0.8,,,,
106.175,5,Atta_5,2941.0,1986.8,298.3,-54.7,1.4,,,,
106.175,6,Atta_6,3210.6,2068.1,301.3,89.2,1.9,,,,
106.175,7,Atta_7,2802.4,1747.9,340.1,-12.6,-1.0,,,,
106.175,8,Atta_8,3284.4,541.2,30.0,28.6,2.1,,,,
106.175,9,Atta_9,2902.8,967.9,30.0,76.0,4.9,,,,
106.175,10,Atta_10,2678.8,1243.3,3.3,-78.3,2.4,,,,
106.244,1,Atta_1,2706.5,1562.4,356.1,54.6,3.0,,,,
106.244,2,Atta_2,3004.1,735.8,49.0,-16.4,-4.5,,,,
106.244,3,Atta_3,3485.8,727.0,96.7,-45.6,1.8,,,,
106.244,4,Atta_4,2999.6,2004.5,9.0,-53.5,-6.2,,,,
106.244,5,Atta_5,2994.7,1925.7,297.5,81.3,-0.8,,,,
106.244,6,Atta_6,3212.7,2094.9,300.5,-26.9,-0.8,,,,
106.244,7,Atta_7,2802.5,1719.0,343.0,28.9,2.9,,,,
106.244,8,Atta_8,3192.9,605.4,32.6,-111.8,2.6,,,,
106.244,9,Atta_9,2849.5,974.1,32.3,-53.7,2.3,,,,
106.244,10,Atta_10,2707.5,1243.0,0.1,28.7,-3.2,,,,
106.31,1,Atta_1,2727.2,1567.5,0.1,21.3,4.0,,,,
106.31,2,Atta_2,3039.9,742.0,52.1,36.3,3.1,,,,
106.31,3,Atta_3,3491.3,717.8,93.0,-10.7,-3.7,,,,
106.31,4,Atta_4,2959.6,2050.7,4.7,-61.1,-4.3,,,,
106.31,5,Atta_5,2973.1,1971.8,301.2,-50.9,3.7,,,,
106.31,6,Atta_6,3243.1,2071.5,299.2,38.4,-1.3,,,,
106.31,7,Atta_7,2817.2,1717.3,341.2,14.8,-1.8,,,,
106.31,8,Atta_8,3253.4,622.5,39.1,62.9,6.5,,,,
106.31,9,Atta_9,2862.5,990.9,33.0,21.2,0.7,,,,
106.31,10,Atta_10,2699.4,1223.2,359.7,-21.4,-0.4,,,,
106.379,1,Atta_1,2700.6,1588.3,354.7,-33.8,-5.4,,,,
106.379,2,Atta_2,3066.0,756.2,54.9,29.7,2.8,,,,
106.379,3,Atta_3,3535.4,757.3,94.1,59.2,1.1,,,,
106.379,4,Atta_4,2977.8,2057.9,357.9,19.6,-6.8,,,,
106.379,5,Atta_5,2961.7,1966.0,296.5,-12.8,-4.7,,,,
106.379,6,Atta_6,3219.0,2142.8,300.2,-75.3,1.0,,,,
106.379,7,Atta_7,2785.1,1738.1,344.1,-38.2,2.9,,,,
106.379,8,Atta_8,3224.6,582.0,40.2,-49.7,1.1,,,,
106.379,9,Atta_9,2879.3,959.8,41.4,-35.3,8.4,,,,
106.379,10,Atta_10,2743.3,1275.3,0.5,68.1,0.8,,,,
106.447,1,Atta_1,2666.4,1634.8,357.6,-57.7,2.9,,,,
106.447,2,Atta_2,3025.8,756.4,49.4,-40.2,-5.5,,,,
106.447,3,Atta_3,3503.1,761.2,92.9,32.5,-1.2,,,,
106.447,4,Atta_4,2994.7,2018.9,354.9,42.5,-3.0,,,,
106.447,5,Atta_5,2972.9,1936.7,294.1,31.4,-2.4,,,,
106.447,6,Atta_6,3202.5,2084.8,301.7,60.3,1.5,,,,
106.447,7,Atta_7,2764.3,1773.5,342.9,-41.1,-1.2,,,,
106.447,8,Atta_8,3273.8,629.8,46.3,68.6,6.1,,,,
106.447,9,Atta_9,2812.0,968.1,47.5,-67.8,6.1,,,,
106.447,10,Atta_10,2740.0,1229.8,358.6,-45.6,-1.9,,,,
106.513,1,Atta_1,2734.7,1569.5,358.3,94.5,0.7,,,,
106.513,2,Atta_2,3006.0,726.3,53.5,-36.0,4.1,,,,
106.513,3,Atta_3,3528.6,755.8,97.7,-26.1,4.8,,,,
106.513,4,Atta_4,2963.0,2063.9,348.6,-55.0,-6.3,,,,
106.513,5,Atta_5,2958.9,1984.7,295.5,-50.0,1.4,,,,
106.513,6,Atta_6,3145.3,2093.5,303.8,-57.9,2.1,,,,
106.513,7,Atta_7,2833.1,1780.7,343.4,69.2,0.5,,,,
106.513,8,Atta_8,3212.5,575.0,52.0,-82.2,5.7,,,,
106.513,9,Atta_9,2839.4,985.5,49.5,32.5,2.0,,,,
106.513,10,Atta_10,2689.2,1220.3,356.7,-51.7,-1.9,,,,
106.582,1,Atta_1,2758.3,1507.3,355.0,66.5,-3.3,,,,
106.582,2,Atta_2,3072.3,698.3,51.6,72.0,-1.9,,,,
106.582,3,Atta_3,3473.7,805.8,95.7,74.3,-2.0,,,,
106.582,4,Atta_4,2990.9,2085.8,350.2,35.5,1.6,,,,
106.582,5,Atta_5,3015.6,1952.3,296.6,65.3,1.1,,,,
106.582,6,Atta_6,3142.3,2077.3,305.4,16.5,1.6,,,,
106.582,7,Atta_7,2856.7,1751.1,340.6,37.9,-2.8,,,,
106.582,8,Atta_8,3228.7,635.2,57.0,62.3,5.0,,,,
106.582,9,Atta_9,2834.4,989.7,53.6,-6.5,4.1,,,,
106.582,10,Atta_10,2755.0,1238.4,357.3,68.2,0.6,,,,
106.65,1,Atta_1,2730.4,1534.1,356.2,-38.7,1.2,,,,
106.65,2,Atta_2,3081.2,736.0,51.3,38.7,-0.3,,,,
106.65,3,Atta_3,3539.7,702.4,95.4,-122.7,-0.3,,,,
106.65,4,Atta_4,3041.2,2088.0,349.1,50.3,-1.1,,,,
106.65,5,Atta_5,2998.2,1949.5,299.3,-17.6,2.7,,,,
106.65,6,Atta_6,3232.3,2018.1,303.5,107.7,-1.9,,,,
106.65,7,Atta_7,2777.9,1741.5,342.0,-79.4,1.4,,,,
106.65,8,Atta_8,3244.9,575.8,58.6,-61.6,1.6,,,,
106.65,9,Atta_9,2890.3,979.5,61.9,56.8,8.3,,,,
106.65,10,Atta_10,2687.6,1167.9,359.5,-97.5,2.2,,,,
106.719,1,Atta_1,2714.2,1571.8,355.9,-41.0,-0.3,,,,
106.719,2,Atta_2,3030.1,741.6,53.1,-51.4,1.8,,,,
106.719,3,Atta_3,3523.4,699.2,93.9,-16.6,-1.5,,,,
106.719,4,Atta_4,3013.2,2057.6,351.7,-41.3,2.6,,,,
106.719,5,Atta_5,2967.3,1954.3,299.7,-31.3,0.4,,,,
106.719,6,Atta_6,3183.3,2106.5,305.7,-101.1,2.2,,,,
106.719,7,Atta_7,2777.7,1723.0,342.6,18.5,0.6,,,,
106.719,8,Atta_8,3222.4,563.3,65.4,-25.7,6.8,,,,
106.719,9,Atta_9,2786.4,963.6,63.3,-105.1,1.4,,,,
106.719,10,Atta_10,2680.6,1179.6,357.5,-13.6,-2.0,,,,
106.788,1,Atta_1,2686.6,1513.5,356.0,-64.5,0.1,,,,
106.788,2,Atta_2,3017.8,788.3,51.9,48.3,-1.2,,,,
106.788,3,Atta_3,3517.0,749.9,93.4,51.1,-0.5,,,,
106.788,4,Atta_4,2993.1,2105.3,350.6,-51.8,-1.1,,,,
106.788,5,Atta_5,2992.4,1982.7,295.7,-37.9,-4.0,,,,
106.788,6,Atta_6,3237.2,2059.1,305.2,71.8,-0.5,,,,
106.788,7,Atta_7,2839.7,1746.5,338.4,66.3,-4.2,,,,
106.788,8,Atta_8,3178.3,573.1,65.0,-45.2,-0.4,,,,
106.788,9,Atta_9,2843.0,964.8,70.8,56.6,7.5,,,,
106.788,10,Atta_10,2687.1,1153.4,358.6,27.0,1.1,,,,
106.856,1,Atta_1,2759.6,1587.8,354.3,104.2,-1.7,,,,
106.856,2,Atta_2,3035.3,780.7,50.1,19.1,-1.8,,,,
106.856,3,Atta_3,3550.7,678.8,93.1,-78.7,-0.3,,,,
106.856,4,Atta_4,3020.6,2096.2,351.5,29.0,0.9,,,,
106.856,5,Atta_5,3004.7,1949.8,299.6,35.1,3.9,,,,
106.856,6,Atta_6,3153.0,2122.3,304.5,-105.3,-0.7,,,,
106.856,7,Atta_7,2839.1,1754.8,342.6,-8.3,4.2,,,,
106.856,8,Atta_8,3214.0,598.7,71.9,43.9,6.9,,,,
106.856,9,Atta_9,2829.7,1044.5,79.9,80.8,9.1,,,,
106.856,10,Atta_10,2723.6,1220.8,357.9,76.6,-0.7,,,,
106.925,1,Atta_1,2688.2,1554.6,357.0,-78.7,2.7,,,,
106.925,2,Atta_2,3059.9,777.4,53.2,24.8,3.1,,,,
106.925,3,Atta_3,3477.6,771.6,91.5,118.1,-1.6,,,,
106.925,4,Atta_4,3039.2,2094.3,347.2,18.7,-4.3,,,,
106.925,5,Atta_5,2966.9,1957.5,297.2,-38.6,-2.4,,,,
106.925,6,Atta_6,3216.8,2070.6,302.6,82.1,-1.9,,,,
106.925,7,Atta_7,2795.4,1721.9,337.0,-54.7,-5.6,,,,
106.925,8,Atta_8,3184.3,568.4,76.1,-42.4,4.2,,,,
106.925,9,Atta_9,2847.7,934.7,75.5,-111.3,-4.4,,,,
106.925,10,Atta_10,2757.7,1186.2,2.0,48.6,4.1,,,,
106.994,1,Atta_1,2682.6,1610.4,354.4,-56.1,-2.6,,,,
106.994,2,Atta_2,3058.4,750.7,50.5,-26.7,-2.7,,,,
106.994,3,Atta_3,3453.8,790.3,97.6,30.3,6.1,,,,
106.994,4,Atta_4,3064.8,2052.9,351.5,48.7,4.3,,,,
106.994,5,Atta_5,2958.0,1941.9,296.6,18.0,-0.6,,,,
106.994,6,Atta_6,3187.5,2092.7,299.0,-36.7,-3.6,,,,
106.994,7,Atta_7,2858.1,1752.6,343.0,69.8,6.0,,,,
106.994,8,Atta_8,3238.9,559.2,80.6,55.4,4.5,,,,
106.994,9,Atta_9,2823.8,968.6,84.3,41.5,8.8,,,,
106.994,10,Atta_10,2726.4,1250.1,358.5,-71.2,-3.5,,,,
107.063,1,Atta_1,2736.0,1552.3,353.3,78.9,-1.1,,,,
107.063,2,Atta_2,3042.8,759.8,51.1,-18.1,0.6,,,,
107.063,3,Atta_3,3540.0,788.2,93.5,-86.2,-4.1,,,,
107.063,4,Atta_4,3043.3,2042.6,348.2,-23.8,-3.3,,,,
107.063,5,Atta_5,2959.3,1970.2,299.8,-28.3,3.2,,,,
107.063,6,Atta_6,3171.3,2077.2,303.1,22.4,4.1,,,,
107.063,7,Atta_7,2833.2,1745.1,341.5,-26.0,-1.5,,,,
107.063,8,Atta_8,3195.5,605.2,88.6,63.2,8.0,,,,
107.063,9,Atta_9,2838.9,975.6,84.6,16.6,0.3,,,,
107.063,10,Atta_10,2672.6,1214.8,0.7,-64.3,2.2,,,,
107.129,1,Atta_1,2714.9,1547.4,359.0,-21.7,5.7,,,,
107.129,2,Atta_2,3087.3,751.2,51.7,45.3,0.6,,,,
107.129,3,Atta_3,3477.6,761.4,94.1,-67.9,0.6,,,,
107.129,4,Atta_4,3020.9,2032.0,348.7,-24.8,0.5,,,,
107.129,5,Atta_5,3010.7,1972.7,294.4,51.5,-5.4,,,,
107.129,6,Atta_6,3207.2,2065.2,301.0,37.9,-2.1,,,,
107.129,7,Atta_7,2800.6,1774.5,344.4,-43.9,2.9,,,,
107.129,8,Atta_8,3249.7,592.7,88.7,-55.6,0.1,,,,
107.129,9,Atta_9,2853.5,968.7,84.7,-16.1,0.1,,,,
107.129,10,Atta_10,2708.8,1194.0,355.6,41.8,-5.1,,,,
107.195,1,Atta_1,2717.1,1517.0,354.6,30.5,-4.4,,,,
107.195,2,Atta_2,3037.6,748.5,52.0,-49.8,0.3,,,,
107.195,3,Atta_3,3470.0,691.4,95.3,-70.4,1.2,,,,
107.195,4,Atta_4,2977.5,2074.0,354.6,-60.4,5.9,,,,
107.195,5,Atta_5,2990.0,2012.4,299.1,-44.8,4.7,,,,
107.195,6,Atta_6,3225.9,2062.6,303.0,18.9,2.0,,,,
107.195,7,Atta_7,2776.3,1767.1,344.0,-25.4,-0.4,,,,
107.195,8,Atta_8,3253.4,566.7,87.3,-26.3,-1.4,,,,
107.195,9,Atta_9,2781.0,928.3,87.1,-83.0,2.4,,,,
107.195,10,Atta_10,2704.2,1275.3,358.6,-81.4,3.0,,,,
107.261,1,Atta_1,2794.9,1557.3,355.3,87.6,0.7,,,,
107.261,2,Atta_2,3002.9,744.2,53.6,-35.0,1.6,,,,
107.261,3,Atta_3,3516.1,706.7,92.9,48.6,-2.4,,,,
107.261,4,Atta_4,2960.7,2074.1,348.7,-16.8,-5.9,,,,
107.261,5,Atta_5,2969.3,1974.4,298.6,43.3,-0.5,,,,
107.261,6,Atta_6,3154.9,2090.1,301.5,-76.1,-1.5,,,,
107.261,7,Atta_7,2808.1,1814.2,340.9,56.8,-3.1,,,,
107.261,8,Atta_8,3257.5,596.2,88.9,29.8,1.6,,,,
107.261,9,Atta_9,2870.3,979.1,83.1,102.7,-4.0,,,,
107.261,10,Atta_10,2781.3,1208.8,0.1,101.8,1.5,,,,
107.33,1,Atta_1,2700.9,1574.4,354.0,-95.5,-1.3,,,,
107.33,2,Atta_2,2995.0,733.2,50.8,-13.5,-2.8,,,,
107.33,3,Atta_3,3482.4,719.9,97.6,36.2,4.7,,,,
107.33,4,Atta_4,2988.5,2040.4,348.1,43.7,-0.6,,,,
107.33,5,Atta_5,3002.4,1971.2,292.8,33.3,-5.8,,,,
107.33,6,Atta_6,3132.6,2104.4,299.1,-26.5,-2.4,,,,
107.33,7,Atta_7,2820.3,1686.8,340.9,128.0,0.0,,,,
107.33,8,Atta_8,3221.0,579.2,88.0,-40.3,-0.9,,,,
107.33,9,Atta_9,2787.0,1013.9,84.0,90.3,0.9,,,,
107.33,10,Atta_10,2715.2,1179.7,0.3,-72.2,0.2,,,,
107.381,1,Atta_1,2696.5,1519.1,358.2,55.5,4.2,,,,
107.381,2,Atta_2,3040.5,763.5,53.7,54.7,2.9,,,,
107.381,3,Atta_3,3493.7,757.1,94.1,38.9,-3.5,,,,
107.381,4,Atta_4,3025.0,2045.5,350.1,36.9,2.0,,,,
107.381,5,Atta_5,2958.0,1939.9,297.7,54.3,4.9,,,,
107.381,6,Atta_6,3242.0,2095.0,301.2,109.8,2.1,,,,
107.381,7,Atta_7,2823.3,1756.8,336.7,-70.1,-4.2,,,,
107.381,8,Atta_8,3206.8,613.0,87.6,36.7,-0.4,,,,
107.381,9,Atta_9,2836.4,1018.7,83.6,49.6,-0.4,,,,
107.381,10,Atta_10,2737.8,1241.1,2.2,65.4,1.9,,,,
107.5,1,Atta_1,2752.2,1562.8,358.6,70.8,0.4,,,,
107.5,2,Atta_2,3072.6,732.2,53.5,-44.8,-0.2,,,,
107.5,3,Atta_3,3537.4,757.6,94.6,-43.7,0.5,,,,
107.5,4,Atta_4,2975.9,2026.4,350.5,-52.7,0.4,,,,
107.5,5,Atta_5,2996.5,1971.4,297.7,-49.7,0.0,,,,
107.5,6,Atta_6,3140.9,2134.3,303.9,-108.5,2.7,,,,
107.5,7,Atta_7,2801.7,1760.4,346.1,-21.9,9.4,,,,
107.5,8,Atta_8,3181.2,596.6,86.5,-30.4,-1.1,,,,
107.5,9,Atta_9,2888.1,949.5,86.1,-86.4,2.5,,,,
107.5,10,Atta_10,2709.3,1260.6,357.6,-34.5,-4.6,,,,
107.569,1,Atta_1,2756.5,1545.0,353.2,18.3,-5.4,,,,
107.569,2,Atta_2,3070.4,744.1,54.5,12.1,1.0,,,,
107.569,3,Atta_3,3518.2,738.7,94.6,-26.9,0.0,,,,
107.569,4,Atta_4,2920.4,2046.5,348.0,-59.0,-2.5,,,,
107.569,5,Atta_5,2985.7,2015.5,298.0,-45.4,0.3,,,,
107.569,6,Atta_6,3105.4,2048.8,304.1,92.6,0.2,,,,
107.569,7,Atta_7,2809.7,1789.5,340.3,30.2,-5.8,,,,
107.569,8,Atta_8,3283.8,538.4,89.2,-118.0,2.7,,,,
107.569,9,Atta_9,2919.0,969.1,87.2,36.6,1.1,,,,
107.569,10,Atta_10,2781.7,1235.3,359.2,76.7,1.6,,,,
107.638,1,Atta_1,2713.4,1534.9,355.9,-44.3,2.7,,,,
107.638,2,Atta_2,2966.8,744.2,53.0,-103.6,-1.5,,,,
107.638,3,Atta_3,3526.0,796.8,92.7,58.6,-1.9,,,,
107.638,4,Atta_4,2949.2,2070.1,351.7,37.2,3.7,,,,
107.638,5,Atta_5,2953.8,1934.7,297.9,86.9,-0.1,,,,
107.638,6,Atta_6,3156.9,2069.9,301.1,55.7,-3.0,,,,
107.638,7,Atta_7,2827.6,1739.7,340.5,52.9,0.2,,,,
107.638,8,Atta_8,3244.3,598.2,90.1,71.7,0.9,,,,
107.638,9,Atta_9,2833.6,930.7,84.9,-93.6,-2.3,,,,
107.638,10,Atta_10,2765.5,1192.4,2.1,-45.9,2.9,,,,
107.706,1,Atta_1,2738.0,1535.4,358.2,24.6,2.3,,,,
107.706,2,Atta_2,3028.7,808.3,54.4,89.1,1.4,,,,
107.706,3,Atta_3,3486.0,769.2,97.0,-48.6,4.3,,,,
107.706,4,Atta_4,2932.8,2063.8,354.3,-17.6,2.6,,,,
107.706,5,Atta_5,2963.6,1982.7,297.3,-49.0,-0.6,,,,
107.706,6,Atta_6,3180.7,2060.8,301.5,25.5,0.4,,,,
107.706,7,Atta_7,2847.3,1750.9,341.2,22.7,0.7,,,,
107.706,8,Atta_8,3242.3,582.0,91.6,-16.3,1.5,,,,
107.706,9,Atta_9,2904.1,1046.2,82.7,135.3,-2.2,,,,
107.706,10,Atta_10,2713.3,1257.7,356.3,-83.6,-5.8,,,,
107.775,1,Atta_1,2725.7,1542.6,353.1,-14.3,-5.1,,,,
107.775,2,Atta_2,3007.6,717.2,54.5,-93.5,0.1,,,,
107.775,3,Atta_3,3503.5,732.0,95.4,-41.1,-1.6,,,,
107.775,4,Atta_4,2951.9,2028.3,346.3,40.3,-8.0,,,,
107.775,5,Atta_5,2943.0,1942.0,298.7,45.6,1.4,,,,
107.775,6,Atta_6,3199.7,2119.6,304.6,-61.8,3.1,,,,
107.775,7,Atta_7,2854.3,1768.6,343.5,19.0,2.3,,,,
107.775,8,Atta_8,3245.0,622.5,88.2,40.6,-3.4,,,,
107.775,9,Atta_9,2873.8,983.6,85.2,-69.5,2.5,,,,
107.775,10,Atta_10,2700.6,1210.2,359.6,-49.2,3.3,,,,
107.845,1,Atta_1,2715.6,1531.4,358.0,-15.1,4.9,,,,
107.845,2,Atta_2,3050.4,765.9,53.4,64.8,-1.1,,,,
107.845,3,Atta_3,3526.4,838.5,93.9,108.9,-1.5,,,,
107.845,4,Atta_4,2895.2,2094.0,348.1,-86.8,1.8,,,,
107.845,5,Atta_5,3001.5,1977.5,299.9,-68.4,1.2,,,,
107.845,6,Atta_6,3169.9,2083.9,299.7,46.5,-4.9,,,,
107.845,7,Atta_7,2840.7,1748.9,344.9,-23.9,1.4,,,,
107.845,8,Atta_8,3290.7,623.4,86.4,45.7,-1.8,,,,
107.845,9,Atta_9,2810.7,958.1,86.9,-68.1,1.7,,,,
107.845,10,Atta_10,2731.9,1232.7,359.9,38.5,0.3,,,,
107.899,1,Atta_1,2714.5,1539.7,359.1,-8.4,1.1,,,,
107.899,2,Atta_2,3002.2,778.7,53.5,-49.9,0.1,,,,
107.899,3,Atta_3,3420.3,754.8,94.2,-135.1,0.3,,,,
107.899,4,Atta_4,2902.8,2095.5,347.6,7.7,-0.5,,,,
107.899,5,Atta_5,3016.7,1946.4,294.5,34.6,-5.4,,,,
107.899,6,Atta_6,3217.8,2096.5,301.5,49.5,1.8,,,,
107.899,7,Atta_7,2801.2,1710.4,343.3,-55.2,-1.6,,,,
107.899,8,Atta_8,3214.3,688.4,90.6,100.3,4.2,,,,
107.899,9,Atta_9,2900.0,1053.9,91.1,131.0,4.2,,,,
107.899,10,Atta_10,2718.2,1155.3,0.2,-78.6,0.3,,,,
107.965,1,Atta_1,2771.9,1538.0,357.7,57.4,-1.4,,,,
107.965,2,Atta_2,3069.6,773.7,48.0,67.6,-5.5,,,,
107.965,3,Atta_3,3493.9,774.6,93.9,76.2,-0.3,,,,
107.965,5,Atta_5,2950.1,1973.8,297.2,-72.0,2.7,,,,
107.965,6,Atta_6,3235.8,2051.0,305.8,48.9,4.3,,,,
107.965,7,Atta_7,2794.2,1724.1,342.6,-15.4,-0.7,,,,
107.965,8,Atta_8,3278.2,671.7,83.0,-66.0,-7.6,,,,
107.965,9,Atta_9,2862.3,1027.0,99.5,-46.3,8.4,,,,
107.965,10,Atta_10,2778.9,1204.2,358.1,77.9,-2.1,,,,
108.033,1,Atta_1,2712.6,1581.9,357.6,-73.8,-0.1,,,,
108.033,2,Atta_2,3099.1,780.6,53.6,30.3,5.6,,,,
108.033,3,Atta_3,3555.1,706.9,95.0,-91.3,1.1,,,,
108.033,4,Atta_4,2898.6,2087.1,350.1,-9.4,2.5,,,,
108.033,5,Atta_5,2984.7,1977.3,297.5,34.8,0.3,,,,
108.033,6,Atta_6,3251.6,2058.6,300.4,17.5,-5.4,,,,
108.033,7,Atta_7,2805.2,1758.9,346.1,36.5,3.5,,,,
108.033,8,Atta_8,3240.7,692.7,90.9,43.0,7.9,,,,
108.033,9,Atta_9,2883.1,992.8,102.8,-40.0,3.3,,,,
108.033,10,Atta_10,2715.1,1233.9,357.8,-70.4,-0.3,,,,
108.087,1,Atta_1,2734.0,1593.9,357.2,24.5,-0.4,,,,
108.087,2,Atta_2,3019.9,686.0,53.5,-123.4,-0.1,,,,
108.087,3,Atta_3,3505.8,773.6,94.7,82.9,-0.3,,,,
108.087,4,Atta_4,2844.0,2100.7,342.6,-56.3,-7.5,,,,
108.087,5,Atta_5,2934.7,1946.2,293.5,58.9,-4.0,,,,
108.087,6,Atta_6,3204.8,2068.3,300.9,-47.8,0.5,,,,
108.087,7,Atta_7,2769.0,1731.6,342.0,-45.3,-4.1,,,,
108.087,8,Atta_8,3233.6,660.8,91.9,-32.7,1.0,,,,
108.087,9,Atta_9,2855.1,1079.5,104.1,91.1,1.3,,,,
108.087,10,Atta_10,2683.8,1237.1,357.7,-31.5,-0.1,,,,
108.158,1,Atta_1,2693.3,1529.4,357.7,-76.3,0.5,,,,
108.158,2,Atta_2,3055.9,792.8,53.2,112.7,-0.3,,,,
108.158,3,Atta_3,3471.4,734.4,90.8,-52.2,-3.9,,,,
108.158,4,Atta_4,2907.9,2121.1,335.0,67.1,-7.6,,,,
108.158,5,Atta_5,2918.7,1945.6,296.5,-16.0,3.0,,,,
108.158,6,Atta_6,3131.6,2077.2,302.0,-73.7,1.1,,,,
108.158,7,Atta_7,2810.5,1803.6,342.1,83.1,0.1,,,,
108.158,8,Atta_8,3215.2,684.1,92.1,29.7,0.2,,,,
108.158,9,Atta_9,2861.7,1060.8,109.9,-19.8,5.8,,,,
108.158,10,Atta_10,2718.5,1242.1,359.3,35.1,1.6,,,,
108.228,1,Atta_1,2731.6,1573.0,357.9,58.0,0.2,,,,
108.228,2,Atta_2,3052.1,773.3,51.7,-19.9,-1.5,,,,
108.228,3,Atta_3,3511.1,743.4,95.9,40.7,5.1,,,,
108.228,4,Atta_4,2872.1,2080.1,333.0,-54.4,-2.0,,,,
108.228,5,Atta_5,2954.0,1943.7,295.7,35.4,-0.8,,,,
108.228,6,Atta_6,3190.3,2039.7,301.6,69.7,-0.4,,,,
108.228,7,Atta_7,2757.2,1723.5,342.9,-96.2,0.8,,,,
108.228,8,Atta_8,3152.5,706.8,85.5,66.7,-6.6,,,,
108.228,9,Atta_9,2911.1,1054.3,113.2,-49.8,3.3,,,,
108.228,10,Atta_10,2744.1,1165.6,0.1,80.7,0.8,,,,
108.296,1,Atta_1,2660.0,1473.5,354.2,-122.6,-3.7,,,,
108.296,2,Atta_2,3017.8,774.0,53.1,-34.3,1.4,,,,
108.296,3,Atta_3,3494.1,787.5,91.7,47.3,-4.2,,,,
108.296,4,Atta_4,2938.1,2112.3,328.7,73.4,-4.3,,,,
108.296,5,Atta_5,2950.4,1967.6,300.6,-24.2,4.9,,,,
108.296,6,Atta_6,3137.8,2122.2,299.5,-97.8,-2.1,,,,
108.296,7,Atta_7,2796.7,1703.2,339.3,44.4,-3.6,,,,
108.296,8,Atta_8,3228.1,758.0,89.5,91.3,4.0,,,,
108.296,9,Atta_9,2924.0,1024.4,117.1,-32.6,3.9,,,,
108.296,10,Atta_10,2750.2,1207.9,2.7,42.7,2.6,,,,
108.367,1,Atta_1,2705.9,1527.1,354.3,70.6,0.1,,,,
108.367,2,Atta_2,3065.3,751.8,53.6,52.4,0.5,,,,
108.367,3,Atta_3,3493.6,756.8,99.1,-30.7,7.4,,,,
108.367,4,Atta_4,2939.0,2078.9,324.7,33.4,-4.0,,,,
108.367,5,Atta_5,3025.5,1942.9,295.8,79.1,-4.8,,,,
108.367,6,Atta_6,3187.6,2073.4,301.4,69.7,1.9,,,,
108.367,7,Atta_7,2795.6,1735.5,343.7,-32.3,4.4,,,,
108.367,8,Atta_8,3235.6,679.5,86.3,-78.9,-3.2,,,,
108.367,9,Atta_9,2930.4,1009.4,123.9,-16.3,6.8,,,,
108.367,10,Atta_10,2757.0,1238.3,358.2,31.2,-4.5,,,,
108.421,1,Atta_1,2700.2,1551.3,357.6,-24.9,3.3,,,,
108.421,2,Atta_2,3091.0,758.4,51.6,26.5,-2.0,,,,
108.421,3,Atta_3,3571.1,795.9,95.4,86.8,-3.7,,,,
108.421,4,Atta_4,2910.4,2090.7,315.9,-30.9,-8.8,,,,
108.421,5,Atta_5,2938.0,1904.5,295.9,-95.6,0.1,,,,
108.421,6,Atta_6,3179.1,2109.7,303.0,-37.3,1.6,,,,
108.421,7,Atta_7,2786.4,1759.5,336.8,-25.7,-6.9,,,,
108.421,8,Atta_8,3233.4,713.6,86.3,34.2,0.0,,,,
108.421,9,Atta_9,2857.5,1017.1,126.5,73.3,2.6,,,,
108.421,10,Atta_10,2684.1,1214.9,1.5,-76.6,3.3,,,,
108.49,1,Atta_1,2697.8,1576.6,355.8,-25.4,-1.8,,,,
108.49,2,Atta_2,3035.2,799.2,56.2,-69.1,4.6,,,,
108.49,3,Atta_3,3543.4,748.0,99.0,-55.3,3.6,,,,
108.49,4,Atta_4,2920.8,2100.1,312.3,14.0,-3.6,,,,
108.49,5,Atta_5,2955.6,1968.3,296.7,-66.2,0.8,,,,
108.49,6,Atta_6,3141.3,2111.5,298.2,-37.8,-4.8,,,,
108.49,7,Atta_7,2806.4,1749.9,340.7,22.2,3.9,,,,
108.49,8,Atta_8,3228.5,730.8,90.7,17.9,4.4,,,,
108.49,9,Atta_9,2878.3,1019.0,128.9,-20.9,2.4,,,,
108.49,10,Atta_10,2720.5,1270.9,0.8,66.8,-0.7,,,,
108.558,1,Atta_1,2751.0,1533.6,0.4,68.4,4.6,,,,
108.558,2,Atta_2,3022.3,764.5,48.0,-37.0,-8.2,,,,
108.558,3,Atta_3,3490.6,751.8,94.1,52.9,-4.9,,,,
108.558,4,Atta_4,2880.9,2102.5,307.7,-40.0,-4.6,,,,
108.558,5,Atta_5,3023.6,1982.3,296.7,69.4,0.0,,,,
108.558,6,Atta_6,3197.6,2073.0,299.5,68.2,1.3,,,,
108.558,7,Atta_7,2829.8,1796.2,340.7,51.9,0.0,,,,
108.558,8,Atta_8,3272.8,716.8,88.3,-46.5,-2.4,,,,
108.558,9,Atta_9,2871.7,1023.4,137.5,7.9,8.6,,,,
108.558,10,Atta_10,2772.5,1223.8,358.0,70.2,-2.8,,,,
108.624,1,Atta_1,2750.8,1591.4,359.2,57.8,-1.2,,,,
108.624,2,Atta_2,3038.2,752.4,53.1,20.0,5.1,,,,
108.624,3,Atta_3,3479.0,772.7,93.5,23.9,-0.6,,,,
108.624,4,Atta_4,2981.7,2061.7,305.5,108.7,-2.2,,,,
108.624,5,Atta_5,2981.8,1974.6,294.9,-42.5,-1.8,,,,
108.624,6,Atta_6,3162.9,2081.5,300.1,-35.7,0.6,,,,
108.624,7,Atta_7,2792.8,1711.9,343.6,-92.1,2.9,,,,
108.624,8,Atta_8,3213.5,724.4,88.4,59.8,0.1,,,,
108.624,9,Atta_9,2875.6,1030.8,142.9,8.4,5.4,,,,
108.624,10,Atta_10,2785.4,1258.5,0.2,37.0,2.2,,,,
108.69,1,Atta_1,2656.2,1570.8,352.2,-96.8,-7.0,,,,
108.69,2,Atta_2,3021.7,796.8,55.6,47.4,2.5,,,,
108.69,3,Atta_3,3506.7,786.8,92.3,31.1,-1.2,,,,
108.69,4,Atta_4,2902.9,2115.9,303.4,-95.6,-2.1,,,,
108.69,5,Atta_5,2918.8,1968.4,296.9,-63.3,2.0,,,,
108.69,6,Atta_6,3188.3,2103.1,300.6,-33.3,0.5,,,,
108.69,7,Atta_7,2793.8,1726.2,339.9,-14.3,-3.7,,,,
108.69,8,Atta_8,3197.3,773.1,88.0,51.3,-0.4,,,,
108.69,9,Atta_9,2906.6,1012.0,149.0,-36.3,6.1,,,,
108.69,10,Atta_10,2771.6,1262.3,356.6,-14.3,-3.6,,,,
108.823,1,Atta_1,2706.5,1539.1,358.5,59.5,6.3,,,,
108.823,2,Atta_2,3063.6,665.9,54.5,-137.4,-1.1,,,,
108.823,3,Atta_3,3471.8,792.3,94.6,35.3,2.3,,,,
108.823,4,Atta_4,2922.2,2093.6,298.5,29.5,-4.9,,,,
108.823,5,Atta_5,2963.5,1961.8,296.3,45.2,-0.6,,,,
108.823,6,Atta_6,3165.9,2048.3,306.4,59.2,5.8,,,,
108.823,7,Atta_7,2834.6,1753.2,342.3,48.9,2.4,,,,
108.823,8,Atta_8,3216.9,734.6,90.3,-43.2,2.3,,,,
108.823,9,Atta_9,2823.1,971.7,150.2,92.7,1.2,,,,
108.823,10,Atta_10,2762.6,1207.5,359.9,-55.5,3.3,,,,
108.891,1,Atta_1,2679.9,1554.8,354.4,-30.9,-4.1,,,,
108.891,2,Atta_2,3044.2,779.0,51.9,114.8,-2.6,,,,
108.891,3,Atta_3,3500.4,777.6,94.5,-32.2,-0.1,,,,
108.891,4,Atta_4,2918.8,2071.2,288.9,22.7,-9.6,,,,
108.891,5,Atta_5,2984.4,1928.7,298.9,39.1,2.6,,,,
108.891,6,Atta_6,3229.6,2091.5,299.8,77.0,-6.6,,,,
108.891,7,Atta_7,2823.2,1800.4,341.5,-48.6,-0.8,,,,
108.891,8,Atta_8,3231.4,755.2,89.9,25.2,-0.4,,,,
108.891,9,Atta_9,2909.0,1036.5,160.5,-107.6,10.3,,,,
108.891,10,Atta_10,2730.0,1235.6,0.1,-43.0,0.2,,,,
109.024,1,Atta_1,2695.8,1554.2,0.6,15.9,6.2,,,,
109.024,2,Atta_2,2998.5,789.8,51.7,-47.0,-0.2,,,,
109.024,3,Atta_3,3498.2,785.1,94.8,7.8,0.3,,,,
109.024,4,Atta_4,2968.9,2064.6,282.5,50.5,-6.4,,,,
109.024,5,Atta_5,2943.0,1930.3,296.8,-41.4,-2.1,,,,
109.024,6,Atta_6,3225.0,2035.6,301.7,56.1,1.9,,,,
109.024,7,Atta_7,2796.1,1764.2,340.8,-45.2,-0.7,,,,
109.024,8,Atta_8,3221.7,723.4,88.0,-33.2,-1.9,,,,
109.024,9,Atta_9,2839.0,1035.2,160.4,70.0,-0.1,,,,
109.024,10,Atta_10,2736.4,1175.2,359.1,60.7,-1.0,,,,
109.09,1,Atta_1,2684.3,1548.3,355.3,-12.9,-5.3,,,,
109.09,2,Atta_2,3037.4,747.9,51.8,-57.2,0.1,,,,
109.09,3,Atta_3,3504.7,747.2,97.5,-38.5,2.7,,,,
109.09,4,Atta_4,2897.8,2064.3,276.6,-71.1,-5.9,,,,
109.09,5,Atta_5,2981.5,2004.4,299.0,-83.5,2.2,,,,
109.09,6,Atta_6,3206.0,2059.8,301.1,-30.8,-0.6,,,,
109.09,7,Atta_7,2793.0,1727.0,343.3,37.3,2.5,,,,
109.09,8,Atta_8,3245.9,723.7,89.8,24.2,1.8,,,,
109.09,9,Atta_9,2864.7,1035.3,169.2,-25.7,8.8,,,,
109.09,10,Atta_10,2760.0,1273.6,0.5,101.2,1.4,,,,
109.157,1,Atta_1,2704.4,1538.0,357.7,22.6,2.4,,,,
109.157,2,Atta_2,3085.8,760.3,52.4,50.0,0.6,,,,
109.157,3,Atta_3,3478.3,795.7,95.2,55.2,-2.3,,,,
109.157,4,Atta_4,2857.5,2098.4,274.0,-52.8,-2.6,,,,
109.157,5,Atta_5,2981.9,1925.9,295.0,78.5,-4.0,,,,
109.157,6,Atta_6,3189.8,2097.0,303.6,-40.6,2.5,,,,
109.157,7,Atta_7,2787.2,1723.9,339.7,-6.6,-3.6,,,,
109.157,8,Atta_8,3262.4,787.9,89.9,66.3,0.1,,,,
109.157,9,Atta_9,2800.7,1058.8,169.0,68.2,-0.2,,,,
109.157,10,Atta_10,2705.3,1188.4,356.3,-101.2,-4.2,,,,
109.214,1,Atta_1,2716.3,1557.5,0.2,22.8,2.5,,,,
109.214,2,Atta_2,3049.4,733.7,54.2,-45.1,1.8,,,,
109.214,3,Atta_3,3518.9,765.7,96.1,-50.5,0.9,,,,
109.214,4,Atta_4,2913.0,2062.9,267.9,65.9,-6.1,,,,
109.214,5,Atta_5,2957.5,1937.8,300.8,-27.1,5.8,,,,
109.214,6,Atta_6,3127.5,2097.4,301.7,-62.3,-1.9,,,,
109.214,7,Atta_7,2823.5,1760.2,339.4,51.3,-0.3,,,,
109.214,8,Atta_8,3243.4,738.3,90.1,-53.1,0.2,,,,
109.214,9,Atta_9,2851.9,1028.1,176.6,-59.7,7.6,,,,
109.214,10,Atta_10,2751.2,1205.2,355.2,48.9,-1.1,,,,
109.285,1,Atta_1,2759.1,1533.5,356.2,49.1,-4.0,,,,
109.285,2,Atta_2,2996.3,746.6,52.9,-54.6,-1.3,,,,
109.285,3,Atta_3,3526.6,821.3,93.2,56.1,-2.9,,,,
109.285,4,Atta_4,2863.7,2065.4,268.2,-49.4,0.3,,,,
109.285,5,Atta_5,2973.7,1928.9,296.0,18.5,-4.8,,,,
109.285,6,Atta_6,3122.5,2071.6,301.1,26.3,-0.6,,,,
109.285,7,Atta_7,2802.6,1788.2,343.3,-34.9,3.9,,,,
109.285,8,Atta_8,3158.4,753.4,87.6,86.3,-2.5,,,,
109.285,9,Atta_9,2889.4,1035.0,181.4,-38.1,4.8,,,,
109.285,10,Atta_10,2753.0,1243.9,355.6,-38.7,0.4,,,,
109.353,1,Atta_1,2740.4,1623.2,358.7,-91.6,2.5,,,,
109.353,2,Atta_2,3028.4,736.1,50.8,33.8,-2.1,,,,
109.353,3,Atta_3,3451.9,780.2,96.1,-85.3,2.9,,,,
109.353,4,Atta_4,2883.9,2050.2,261.7,25.3,-6.5,,,,
109.353,5,Atta_5,2930.5,1979.7,295.6,-66.7,-0.4,,,,
109.353,6,Atta_6,3133.4,2091.4,300.4,-22.6,-0.7,,,,
109.353,7,Atta_7,2877.7,1802.5,342.8,76.4,-0.5,,,,
109.353,8,Atta_8,3196.4,785.7,88.3,49.9,0.7,,,,
109.353,9,Atta_9,2873.5,1052.2,184.5,23.4,3.1,,,,
109.353,10,Atta_10,2733.3,1186.7,356.0,-60.5,0.4,,,,
109.419,1,Atta_1,2739.4,1518.2,354.8,105.0,-3.9,,,,
109.419,2,Atta_2,3018.7,719.7,51.1,-19.1,0.3,,,,
109.419,3,Atta_3,3539.5,730.1,92.7,-100.9,-3.4,,,,
109.419,4,Atta_4,2848.5,2081.3,255.2,-47.1,-6.5,,,,
109.419,5,Atta_5,2987.2,1941.1,296.0,68.6,0.4,,,,
109.419,6,Atta_6,3187.3,2076.0,299.0,56.1,-1.4,,,,
109.419,7,Atta_7,2772.9,1766.1,342.2,-110.9,-0.6,,,,
109.419,8,Atta_8,3218.1,748.1,89.2,-43.4,0.9,,,,
109.419,9,Atta_9,2912.3,1021.1,189.1,-49.7,4.6,,,,
109.419,10,Atta_10,2769.6,1190.0,359.0,36.4,3.0,,,,
109.486,1,Atta_1,2696.3,1618.0,357.5,-108.7,2.7,,,,
109.486,2,Atta_2,3056.5,703.0,51.8,41.3,0.7,,,,
109.486,3,Atta_3,3489.5,799.2,95.5,85.3,2.8,,,,
109.486,4,Atta_4,2876.1,2101.5,257.2,-34.2,2.0,,,,
109.486,5,Atta_5,2990.7,1960.4,293.9,-19.6,-2.1,,,,
109.486,6,Atta_6,3208.7,2017.7,299.5,62.1,0.5,,,,
109.486,7,Atta_7,2802.7,1749.3,341.9,34.2,-0.3,,,,
109.486,8,Atta_8,3220.8,741.0,90.1,-7.6,0.9,,,,
109.486,9,Atta_9,2837.4,1025.6,194.9,75.0,5.8,,,,
109.486,10,Atta_10,2685.7,1148.1,354.6,-93.8,-4.4,,,,
109.555,1,Atta_1,2697.0,1531.3,352.3,86.7,-5.2,,,,
109.555,2,Atta_2,3014.3,737.2,50.3,54.3,-1.5,,,,
109.555,3,Atta_3,3542.9,742.1,93.5,-78.2,-2.0,,,,
109.555,4,Atta_4,2884.8,2120.0,254.4,-20.4,-2.8,,,,
109.555,5,Atta_5,2922.0,1995.8,295.1,-77.3,1.2,,,,
109.555,6,Atta_6,3150.4,2099.4,302.2,-100.4,2.7,,,,
109.555,7,Atta_7,2824.7,1710.4,341.7,44.7,-0.2,,,,
109.555,8,Atta_8,3282.5,724.4,88.5,-63.9,-1.6,,,,
109.555,9,Atta_9,2830.1,1029.3,197.0,8.2,2.1,,,,
109.555,10,Atta_10,2657.5,1213.2,359.2,-70.9,4.6,,,,
109.622,1,Atta_1,2749.3,1574.5,359.7,67.8,7.4,,,,
109.622,2,Atta_2,3000.4,735.8,51.2,-14.0,0.9,,,,
109.622,3,Atta_3,3493.1,783.0,97.9,64.4,4.4,,,,
109.622,4,Atta_4,2838.4,2076.5,257.4,63.6,3.0,,,,
109.622,5,Atta_5,2937.6,1951.8,298.2,46.7,3.1,,,,
109.622,6,Atta_6,3184.0,2087.2,301.3,35.7,-0.9,,,,
109.622,7,Atta_7,2829.4,1751.0,342.8,-40.9,1.1,,,,
109.622,8,Atta_8,3232.1,735.9,86.0,51.7,-2.5,,,,
109.622,9,Atta_9,2813.9,1016.7,205.9,20.5,8.9,,,,
109.622,10,Atta_10,2758.4,1224.5,2.8,101.5,3.6,,,,
109.687,1,Atta_1,2764.3,1572.4,360.0,15.1,0.3,,,,
109.687,2,Atta_2,3026.2,763.9,54.3,38.1,3.1,,,,
109.687,3,Atta_3,3548.5,741.4,92.8,-69.3,-5.1,,,,
109.687,4,Atta_4,2907.9,2052.7,255.9,73.5,-1.5,,,,
109.687,5,Atta_5,2946.3,1977.5,299.4,-27.1,1.2,,,,
109.687,6,Atta_6,3202.5,2103.4,301.4,-24.6,0.1,,,,
109.687,7,Atta_7,2805.0,1738.6,337.7,-27.4,-5.1,,,,
109.687,8,Atta_8,3247.4,741.9,89.8,16.4,3.8,,,,
109.687,9,Atta_9,2854.3,1058.6,208.0,-58.2,2.1,,,,
109.687,10,Atta_10,2743.4,1224.3,0.3,-15.0,-2.5,,,,
109.754,1,Atta_1,2739.5,1542.4,355.4,-38.9,-4.6,,,,
109.754,2,Atta_2,3084.3,770.0,50.5,58.4,-3.8,,,,
109.754,3,Atta_3,3553.7,763.1,95.4,22.3,2.6,,,,
109.754,4,Atta_4,2910.5,2107.7,253.8,-55.1,-2.1,,,,
109.754,5,Atta_5,2983.9,1980.9,295.1,37.8,-4.3,,,,
109.754,6,Atta_6,3184.1,2062.3,303.2,45.0,1.8,,,,
109.754,7,Atta_7,2857.8,1789.4,339.9,73.3,2.2,,,,
109.754,8,Atta_8,3228.2,747.3,90.7,19.9,0.9,,,,
109.754,9,Atta_9,2861.3,1045.3,204.6,15.0,-3.4,,,,
109.754,10,Atta_10,2690.4,1243.5,359.2,-56.4,-1.1,,,,
109.872,1,Atta_1,2735.7,1517.4,355.8,-25.3,0.4,,,,
109.872,2,Atta_2,3000.7,783.1,52.2,-84.6,1.7,,,,
109.872,3,Atta_3,3536.5,774.0,92.2,20.4,-3.2,,,,
109.872,4,Atta_4,2909.7,2115.1,256.6,-7.4,2.8,,,,
109.872,5,Atta_5,2950.7,1942.8,293.9,50.5,-1.2,,,,
109.872,6,Atta_6,3234.9,2034.3,302.5,58.0,-0.7,,,,
109.872,7,Atta_7,2799.9,1741.8,339.4,-75.0,-0.5,,,,
109.872,8,Atta_8,3287.0,800.2,90.0,79.1,-0.7,,,,
109.872,9,Atta_9,2871.8,998.0,209.2,48.5,4.6,,,,
109.872,10,Atta_10,2766.7,1209.7,2.7,83.5,3.5,,,,
109.941,1,Atta_1,2697.7,1566.8,353.7,-62.3,-2.1,,,,
109.941,2,Atta_2,3045.0,772.2,49.3,45.6,-2.9,,,,
109.941,3,Atta_3,3478.6,745.5,90.6,-64.5,-1.6,,,,
109.941,4,Atta_4,2892.7,2054.6,257.2,62.8,0.6,,,,
109.941,5,Atta_5,2967.2,2007.0,298.9,-66.3,5.0,,,,
109.941,6,Atta_6,3227.5,2091.0,300.5,-57.2,-2.0,,,,
109.941,7,Atta_7,2786.1,1711.6,344.1,-33.2,4.7,,,,
109.941,8,Atta_8,3239.3,776.1,89.4,-53.4,-0.6,,,,
109.941,9,Atta_9,2850.6,1058.4,208.8,-64.0,-0.4,,,,
109.941,10,Atta_10,2718.8,1240.2,0.2,-56.8,-2.5,,,,
110.008,1,Atta_1,2684.2,1498.2,357.0,-69.9,3.3,,,,
110.008,2,Atta_2,3037.9,767.5,52.8,-8.5,3.5,,,,
110.008,3,Atta_3,3480.3,720.8,93.2,-24.8,2.6,,,,
110.008,4,Atta_4,2860.4,2093.4,259.7,-50.5,2.5,,,,
110.008,5,Atta_5,2927.0,1959.1,302.2,62.5,3.3,,,,
110.008,6,Atta_6,3197.4,2062.4,300.0,41.5,-0.5,,,,
110.008,7,Atta_7,2810.7,1658.4,344.4,58.6,0.3,,,,
110.008,8,Atta_8,3238.3,744.4,89.2,-31.7,-0.2,,,,
110.008,9,Atta_9,2901.7,1046.3,208.6,-52.5,-0.2,,,,
110.008,10,Atta_10,2722.1,1153.2,359.5,87.1,-0.7,,,,
110.06,1,Atta_1,2722.4,1513.7,1.0,41.2,4.0,,,,
110.06,2,Atta_2,3002.3,802.8,52.5,50.1,-0.3,,,,
110.06,3,Atta_3,3464.1,734.4,93.7,21.2,0.5,,,,
110.06,4,Atta_4,2936.5,2016.7,257.9,108.0,-1.8,,,,
110.06,5,Atta_5,2915.3,1990.0,294.1,-33.0,-8.1,,,,
110.06,6,Atta_6,3182.5,2104.6,304.8,-44.8,4.8,,,,
110.06,7,Atta_7,2774.9,1703.3,342.8,-57.4,-1.6,,,,
110.06,8,Atta_8,3234.2,747.9,89.1,5.4,-0.1,,,,
110.06,9,Atta_9,2837.0,1059.2,208.3,66.0,-0.3,,,,
110.06,10,Atta_10,2747.9,1215.5,358.4,67.4,-1.1,,,,
110.125,1,Atta_1,2703.7,1532.5,358.2,-26.5,-2.8,,,,
110.125,2,Atta_2,3083.7,728.3,52.6,-110.3,0.1,,,,
110.125,3,Atta_3,3456.0,684.5,95.5,-50.6,1.8,,,,
110.125,4,Atta_4,2839.9,2033.7,255.0,98.1,-2.9,,,,
110.125,5,Atta_5,2997.1,1900.3,295.1,121.4,1.0,,,,
110.125,6,Atta_6,3120.5,2116.7,303.5,-63.2,-1.3,,,,
110.125,7,Atta_7,2833.2,1756.9,342.0,79.2,-0.8,,,,
110.125,8,Atta_8,3214.2,708.1,91.6,-44.5,2.5,,,,
110.125,9,Atta_9,2919.0,971.3,208.0,-120.2,-0.3,,,,
110.125,10,Atta_10,2680.9,1236.3,2.1,-70.2,3.7,,,,
110.195,1,Atta_1,2694.1,1597.2,356.1,-65.4,-2.1,,,,
110.195,2,Atta_2,3002.8,831.1,51.1,130.8,-1.5,,,,
110.195,3,Atta_3,3497.6,745.2,93.5,73.6,-2.0,,,,
110.195,4,Atta_4,2898.1,2036.1,256.6,-58.2,1.6,,,,
110.195,5,Atta_5,3017.0,2031.0,303.4,-132.2,8.3,,,,
110.195,6,Atta_6,3186.0,2108.2,303.5,66.0,0.0,,,,
110.195,7,Atta_7,2802.7,1777.3,342.8,-36.7,0.8,,,,
110.195,8,Atta_8,3228.6,748.8,89.3,43.2,-2.3,,,,
110.195,9,Atta_9,2782.5,1004.6,209.2,140.5,1.2,,,,
110.195,10,Atta_10,2763.9,1198.5,359.5,91.2,-2.6,,,,
110.248,1,Atta_1,2707.1,1618.9,354.6,25.3,-1.5,,,,
110.248,2,Atta_2,3033.7,769.3,49.8,-69.1,-1.3,,,,
110.248,3,Atta_3,3519.2,769.2,92.5,32.3,-1.0,,,,
110.248,4,Atta_4,2849.3,1999.9,257.6,60.8,1.0,,,,
110.248,5,Atta_5,3033.7,1943.5,298.5,89.1,-4.9,,,,
110.248,6,Atta_6,3231.6,2069.8,304.9,59.6,1.4,,,,
110.248,7,Atta_7,2808.2,1728.7,345.4,48.9,2.6,,,,
110.248,8,Atta_8,3253.7,735.0,83.2,-28.6,-6.1,,,,
110.248,9,Atta_9,2809.0,1016.4,208.9,-29.0,-0.3,,,,
110.248,10,Atta_10,2805.9,1160.1,358.8,56.9,-0.7,,,,
110.318,1,Atta_1,2761.1,1598.5,359.2,57.7,4.6,,,,
110.318,2,Atta_2,3012.7,726.6,51.6,-47.6,1.8,,,,
110.318,3,Atta_3,3500.7,768.6,96.1,18.5,3.6,,,,
110.318,4,Atta_4,2836.3,1950.5,257.5,51.1,-0.1,,,,
110.318,5,Atta_5,2950.1,1988.0,294.4,-94.7,-4.1,,,,
110.318,6,Atta_6,3135.2,2070.7,300.6,-96.4,-4.3,,,,
110.318,7,Atta_7,2843.6,1799.7,341.6,79.3,-3.8,,,,
110.318,8,Atta_8,3266.2,655.5,87.2,-80.5,4.0,,,,
110.318,9,Atta_9,2887.6,1028.8,207.6,-79.6,-1.3,,,,
110.318,10,Atta_10,2748.7,1192.4,356.1,-65.7,-2.7,,,,
110.386,1,Atta_1,2701.3,1540.9,355.4,-83.0,-3.8,,,,
110.386,2,Atta_2,3093.3,771.1,56.0,92.1,4.4,,,,
110.386,3,Atta_3,3464.3,727.0,94.3,-55.3,-1.8,,,,
110.386,4,Atta_4,2853.6,1896.2,252.4,57.0,-5.1,,,,
110.386,5,Atta_5,2965.9,1959.6,296.5,32.5,2.1,,,,
110.386,6,Atta_6,3186.8,2063.6,303.8,52.1,3.2,,,,
110.386,7,Atta_7,2778.4,1784.3,341.7,-67.0,0.1,,,,
110.386,8,Atta_8,3223.9,712.4,91.6,70.9,4.4,,,,
110.386,9,Atta_9,2831.5,988.2,210.7,69.3,3.1,,,,
110.386,10,Atta_10,2717.9,1206.5,359.3,-33.9,3.2,,,,
110.499,1,Atta_1,2744.2,1519.6,358.1,47.9,2.7,,,,
110.499,2,Atta_2,3013.3,732.8,53.1,-88.7,-2.9,,,,
110.499,3,Atta_3,3501.3,709.0,93.3,-41.1,-1.0,,,,
110.499,4,Atta_4,2859.0,2000.6,255.3,-104.5,2.9,,,,
110.499,5,Atta_5,2949.6,1917.4,296.6,45.2,0.1,,,,
110.499,6,Atta_6,3196.9,2052.1,302.3,15.3,-1.5,,,,
110.499,7,Atta_7,2812.1,1756.5,342.2,43.7,0.5,,,,
110.499,8,Atta_8,3260.2,762.2,91.5,61.6,-0.1,,,,
110.499,9,Atta_9,2792.4,982.5,207.0,39.5,-3.7,,,,
110.499,10,Atta_10,2759.2,1212.5,0.8,41.7,1.5,,,,
110.566,1,Atta_1,2743.3,1592.5,1.0,-72.9,2.9,,,,
110.566,2,Atta_2,3034.1,727.1,50.4,21.6,-2.7,,,,
110.566,3,Atta_3,3517.8,763.2,96.2,56.7,2.9,,,,
110.566,4,Atta_4,2912.8,1998.0,257.9,-53.9,2.6,,,,
110.566,5,Atta_5,2943.5,1940.3,296.7,-23.7,0.1,,,,
110.566,6,Atta_6,3256.3,2086.0,302.8,68.4,0.5,,,,
110.566,7,Atta_7,2770.1,1762.8,338.8,-42.5,-3.4,,,,
110.566,8,Atta_8,3264.8,729.3,89.4,-33.2,-2.1,,,,
110.566,9,Atta_9,2781.1,982.1,208.7,11.3,1.7,,,,
110.566,10,Atta_10,2741.7,1169.6,357.3,-46.3,-3.5,,,,
110.631,1,Atta_1,2721.9,1513.1,353.9,-82.2,-7.1,,,,
110.631,2,Atta_2,3061.3,743.2,52.4,31.6,2.0,,,,
110.631,3,Atta_3,3493.3,737.2,94.0,-35.7,-2.2,,,,
110.631,4,Atta_4,2922.9,1980.5,257.0,20.2,-0.9,,,,
110.631,5,Atta_5,2957.8,1990.2,292.3,-51.9,-4.4,,,,
110.631,6,Atta_6,3138.7,2091.5,303.4,-117.7,0.6,,,,
110.631,7,Atta_7,2839.5,1718.1,342.8,82.5,4.0,,,,
110.631,8,Atta_8,3233.6,657.5,93.4,-78.3,4.0,,,,
110.631,9,Atta_9,2847.7,999.8,209.3,-68.9,0.6,,,,
110.631,10,Atta_10,2743.6,1210.3,359.5,-40.7,2.2,,,,
110.7,1,Atta_1,2751.7,1559.5,0.1,55.1,6.2,,,,
110.7,2,Atta_2,3031.5,841.8,52.1,103.0,-0.3,,,,
110.7,3,Atta_3,3500.4,732.4,95.2,-8.6,1.2,,,,
110.7,4,Atta_4,2862.0,1945.1,256.5,70.4,-0.5,,,,
110.7,5,Atta_5,3007.4,1990.7,295.8,49.6,3.5,,,,
110.7,6,Atta_6,3202.6,2042.7,302.7,80.4,-0.7,,,,
110.7,7,Atta_7,2831.2,1758.1,343.2,-40.9,0.4,,,,
110.7,8,Atta_8,3204.7,787.1,90.4,132.8,-3.0,,,,
110.7,9,Atta_9,2800.4,1044.2,209.5,64.9,0.2,,,,
110.7,10,Atta_10,2793.4,1238.2,357.7,57.1,-1.8,,,,
110.77,1,Atta_1,2714.2,1584.9,355.5,-45.3,-4.6,,,,
110.77,2,Atta_2,3064.5,744.5,55.0,-102.7,2.9,,,,
110.77,3,Atta_3,3548.1,696.1,94.4,-59.9,-0.8,,,,
110.77,4,Atta_4,2854.9,1932.7,257.2,14.3,0.7,,,,
110.77,5,Atta_5,2981.2,1972.1,296.7,32.1,0.9,,,,
110.77,6,Atta_6,3177.5,2081.2,304.4,-46.0,1.7,,,,
110.77,7,Atta_7,2860.9,1739.5,345.2,35.0,2.0,,,,
110.77,8,Atta_8,3247.7,776.7,87.0,-44.2,-3.4,,,,
110.77,9,Atta_9,2787.6,984.4,209.2,61.2,-0.3,,,,
110.77,10,Atta_10,2760.4,1211.9,358.0,-42.2,0.3,,,,
110.835,2,Atta_2,3055.9,748.6,49.7,-9.5,-5.3,,,,
110.835,3,Atta_3,3537.1,761.9,96.2,66.7,1.8,,,,
110.835,4,Atta_4,2826.3,1918.5,254.7,31.9,-2.5,,,,
110.835,5,Atta_5,2968.1,1972.7,298.1,-13.1,1.4,,,,
110.835,6,Atta_6,3182.6,2093.5,302.2,-13.3,-2.2,,,,
110.835,7,Atta_7,2804.3,1810.2,342.9,-90.6,-2.3,,,,
110.835,8,Atta_8,3183.9,797.1,88.2,67.0,1.2,,,,
110.835,9,Atta_9,2819.3,1002.5,210.4,-36.5,1.2,,,,
110.835,10,Atta_10,2736.9,1228.5,0.4,-28.8,2.4,,,,
110.901,1,Atta_1,2790.3,1515.7,1.3,102.9,5.8,,,,
110.901,2,Atta_2,3045.7,798.2,54.3,50.6,4.6,,,,
110.901,3,Atta_3,3528.0,785.2,92.0,25.0,-4.2,,,,
110.901,4,Atta_4,2798.9,1951.6,257.9,-43.0,3.2,,,,
110.901,5,Atta_5,2998.5,1961.9,296.0,32.3,-2.1,,,,
110.901,6,Atta_6,3124.4,2038.9,300.7,79.8,-1.5,,,,
110.901,7,Atta_7,2782.8,1766.5,338.6,-48.7,-4.3,,,,
110.901,8,Atta_8,3207.2,770.2,90.7,-35.6,2.5,,,,
110.901,9,Atta_9,2804.8,990.2,205.4,19.0,-5.0,,,,
110.901,10,Atta_10,2741.8,1223.8,0.3,6.8,-0.1,,,,
110.969,1,Atta_1,2730.3,1550.7,356.6,-69.5,-4.7,,,,
110.969,2,Atta_2,3061.1,708.0,54.1,-91.5,-0.2,,,,
110.969,3,Atta_3,3552.3,741.6,94.9,-49.9,2.9,,,,
110.969,4,Atta_4,2790.4,1905.9,251.9,46.5,-6.0,,,,
110.969,5,Atta_5,3010.1,1951.8,295.7,15.4,-0.3,,,,
110.969,6,Atta_6,3198.0,2092.0,303.2,-90.8,2.5,,,,
110.969,7,Atta_7,2800.6,1721.6,343.1,48.3,4.5,,,,
110.969,8,Atta_8,3195.9,726.4,85.4,-45.2,-5.3,,,,
110.969,9,Atta_9,2821.1,994.7,211.5,-16.9,6.1,,,,
110.969,10,Atta_10,2739.7,1194.9,355.1,-29.0,-5.2,,,,
111.022,1,Atta_1,2759.5,1592.6,354.6,51.1,-2.0,,,,
111.022,2,Atta_2,3007.6,747.8,53.0,66.7,-1.1,,,,
111.022,3,Atta_3,3525.3,724.2,97.7,-32.1,2.8,,,,
111.022,4,Atta_4,2858.2,1892.0,250.8,-69.2,-1.1,,,,
111.022,5,Atta_5,2967.6,1927.1,295.4,49.2,-0.3,,,,
111.022,6,Atta_6,3134.5,2015.5,301.6,99.4,-1.6,,,,
111.022,7,Atta_7,2798.1,1790.8,344.9,-69.2,1.8,,,,
111.022,8,Atta_8,3230.2,763.3,88.1,50.4,2.7,,,,
111.022,9,Atta_9,2855.5,996.0,206.6,-34.4,-4.9,,,,
111.022,10,Atta_10,2695.9,1237.7,359.4,-61.2,4.3,,,,
111.089,1,Atta_1,2702.3,1551.7,355.3,-70.3,0.7,,,,
111.089,2,Atta_2,3058.7,752.9,50.7,51.4,-2.3,,,,
111.089,3,Atta_3,3465.6,765.3,98.5,72.5,0.8,,,,
111.089,4,Atta_4,2859.5,1870.1,249.7,21.9,-1.1,,,,
111.089,5,Atta_5,3000.0,1937.2,298.3,33.9,2.9,,,,
111.089,6,Atta_6,3174.7,2084.1,301.1,-79.5,-0.5,,,,
111.089,7,Atta_7,2788.7,1789.0,340.1,-9.6,-4.8,,,,
111.089,8,Atta_8,3195.0,698.1,86.6,-74.1,-1.5,,,,
111.089,9,Atta_9,2778.5,1002.2,211.0,77.2,4.4,,,,
111.089,10,Atta_10,2722.8,1227.8,0.1,28.7,0.7,,,,
111.155,1,Atta_1,2695.8,1552.9,357.2,-6.6,1.9,,,,
111.155,2,Atta_2,3027.7,737.1,53.8,-34.8,3.1,,,,
111.155,3,Atta_3,3506.5,749.3,93.9,-43.9,-4.6,,,,
111.155,4,Atta_4,2872.7,1957.2,247.3,-88.1,-2.4,,,,
111.155,5,Atta_5,3040.9,1976.4,295.2,-56.7,-3.1,,,,
111.155,6,Atta_6,3250.7,2191.7,298.3,-131.7,-2.8,,,,
111.155,7,Atta_7,2810.5,1826.4,343.2,43.3,3.1,,,,
111.155,8,Atta_8,3258.0,733.3,89.7,72.2,3.1,,,,
111.155,9,Atta_9,2788.5,992.9,207.2,-13.7,-3.8,,,,
111.155,10,Atta_10,2705.6,1153.6,354.7,-76.2,-5.4,,,,
111.224,1,Atta_1,2672.5,1584.9,358.2,-39.6,1.0,,,,
111.224,2,Atta_2,3051.7,723.4,48.6,27.6,-5.2,,,,
111.224,3,Atta_3,3532.9,773.8,96.4,36.0,2.5,,,,
111.224,4,Atta_4,2825.0,1958.0,246.7,47.7,-0.6,,,,
111.224,5,Atta_5,2946.0,1948.8,299.8,-98.8,4.6,,,,
111.224,6,Atta_6,3226.6,2076.5,299.9,117.7,1.6,,,,
111.224,7,Atta_7,2745.0,1778.5,340.7,-81.1,-2.5,,,,
111.224,9,Atta_9,2802.6,1017.8,208.1,-28.6,0.9,,,,
111.224,10,Atta_10,2680.7,1246.4,357.5,-96.1,2.8,,,,
111.289,1,Atta_1,2708.3,1511.2,355.8,81.9,-2.4,,,,
111.289,2,Atta_2,2990.3,734.2,52.2,-62.3,3.6,,,,
111.289,3,Atta_3,3529.0,727.0,95.8,-47.0,-0.6,,,,
111.289,4,Atta_4,2869.7,1932.4,251.9,51.5,5.2,,,,
111.289,5,Atta_5,2979.3,1952.1,297.2,33.5,-2.6,,,,
111.289,6,Atta_6,3197.0,2049.1,304.1,40.3,4.2,,,,
111.289,7,Atta_7,2816.1,1727.5,341.9,87.5,1.2,,,,
111.289,8,Atta_8,3164.3,738.9,87.5,93.9,-2.2,,,,
111.289,9,Atta_9,2815.7,969.7,210.5,49.9,2.4,,,,
111.289,10,Atta_10,2740.4,1182.1,358.7,87.7,1.2,,,,
111.358,1,Atta_1,2732.7,1516.8,358.4,25.0,2.6,,,,
111.358,2,Atta_2,3083.3,750.6,55.7,94.4,3.5,,,,
111.358,3,Atta_3,3481.3,747.0,94.3,51.7,-1.5,,,,
111.358,4,Atta_4,2866.2,1989.5,246.0,-57.2,-5.9,,,,
111.358,5,Atta_5,2986.0,1954.1,297.9,7.0,0.7,,,,
111.358,6,Atta_6,3163.5,2064.8,302.1,-37.0,-2.0,,,,
111.358,7,Atta_7,2805.9,1774.8,342.1,-48.4,0.2,,,,
111.358,8,Atta_8,3258.4,732.8,88.8,-94.3,1.3,,,,
111.358,9,Atta_9,2802.5,989.1,209.2,23.5,-1.3,,,,
111.358,10,Atta_10,2734.0,1236.0,1.1,-54.3,2.4,,,,
111.425,1,Atta_1,2730.5,1561.1,354.5,-44.4,-3.9,,,,
111.425,2,Atta_2,2974.6,730.5,51.4,-110.5,-4.3,,,,
111.425,3,Atta_3,3459.3,747.8,96.9,22.0,2.6,,,,
111.425,4,Atta_4,2829.5,1977.7,247.6,38.6,1.6,,,,
111.425,5,Atta_5,2976.3,1966.6,301.3,-15.8,3.4,,,,
111.425,6,Atta_6,3199.3,2084.1,300.0,40.7,-2.1,,,,
111.425,7,Atta_7,2805.8,1752.0,342.3,22.8,0.2,,,,
111.425,8,Atta_8,3256.4,694.6,88.6,-38.3,-0.2,,,,
111.425,9,Atta_9,2796.3,1036.7,206.8,-48.0,-2.4,,,,
111.425,10,Atta_10,2734.8,1217.5,356.0,18.5,-5.1,,,,
111.48,1,Atta_1,2714.1,1551.2,357.7,-19.2,3.2,,,,
111.48,2,Atta_2,3068.2,750.2,52.4,95.7,1.0,,,,
111.48,3,Atta_3,3427.2,774.5,96.3,41.8,-0.6,,,,
111.48,4,Atta_4,2881.1,1985.4,251.3,-52.2,3.7,,,,
111.48,5,Atta_5,2948.4,1924.7,301.9,50.3,0.6,,,,
111.48,6,Atta_6,3258.5,2091.0,299.7,59.6,-0.3,,,,
111.48,7,Atta_7,2898.3,1750.3,341.0,92.5,-1.3,,,,
111.48,8,Atta_8,3246.3,739.4,86.1,45.9,-2.5,,,,
111.48,9,Atta_9,2796.4,990.5,205.7,46.2,-1.1,,,,
111.48,10,Atta_10,2748.7,1204.3,359.4,19.2,3.4,,,,
111.549,1,Atta_1,2725.3,1548.2,356.6,11.6,-1.1,,,,
111.549,2,Atta_2,3010.2,772.2,50.1,-62.0,-2.3,,,,
111.549,3,Atta_3,3538.5,739.7,92.2,-116.6,-4.1,,,,
111.549,4,Atta_4,2864.7,1999.2,256.4,-21.4,5.1,,,,
111.549,5,Atta_5,3024.2,1955.2,301.3,81.7,-0.6,,,,
111.549,6,Atta_6,3137.5,2102.8,303.5,-121.6,3.8,,,,
111.549,7,Atta_7,2765.1,1756.0,339.7,-133.3,-1.3,,,,
111.549,8,Atta_8,3224.1,744.4,90.7,22.8,4.6,,,,
111.549,9,Atta_9,2821.8,990.4,211.9,-25.4,6.2,,,,
111.549,10,Atta_10,2727.4,1202.7,2.2,-21.4,2.8,,,,
111.618,1,Atta_1,2711.3,1525.6,357.0,-26.6,0.4,,,,
111.618,2,Atta_2,3054.6,699.1,52.8,-85.5,2.7,,,,
111.618,3,Atta_3,3521.3,733.5,95.0,-18.3,2.8,,,,
111.618,4,Atta_4,2879.8,1910.5,263.0,90.0,6.6,,,,
111.618,5,Atta_5,2997.0,1956.8,300.7,-27.2,-0.6,,,,
111.618,6,Atta_6,3199.5,2128.0,300.9,66.9,-2.6,,,,
111.618,7,Atta_7,2852.0,1757.1,340.1,86.9,0.4,,,,
111.618,8,Atta_8,3201.4,693.8,92.0,-55.5,1.3,,,,
111.618,9,Atta_9,2767.1,1018.5,209.2,61.5,-2.7,,,,
111.618,10,Atta_10,2750.9,1223.4,360.0,31.3,-2.2,,,,
111.684,1,Atta_1,2703.6,1556.0,355.7,-31.4,-1.3,,,,
111.684,2,Atta_2,3037.6,812.5,52.1,114.7,-0.7,,,,
111.684,3,Atta_3,3493.6,761.0,97.3,39.0,2.3,,,,
111.684,4,Atta_4,2898.9,1990.8,266.2,-82.5,3.2,,,,
111.684,5,Atta_5,2881.0,1925.5,300.8,-120.1,0.1,,,,
111.684,6,Atta_6,3248.5,2076.8,303.8,70.9,2.9,,,,
111.684,7,Atta_7,2792.9,1757.5,341.1,-59.1,1.0,,,,
111.684,8,Atta_8,3232.8,751.0,89.7,65.3,-2.3,,,,
111.684,9,Atta_9,2751.0,979.6,206.4,42.1,-2.8,,,,
111.684,10,Atta_10,2723.6,1201.4,357.4,-35.1,-2.6,,,,
111.754,1,Atta_1,2763.5,1531.8,356.8,64.6,1.1,,,,
111.754,2,Atta_2,3046.3,764.8,49.1,-48.5,-3.0,,,,
111.754,3,Atta_3,3504.2,724.5,91.4,-38.0,-5.9,,,,
111.754,4,Atta_4,2857.6,1992.0,271.5,41.3,5.3,,,,
111.754,5,Atta_5,2963.6,1978.3,303.0,-98.0,2.2,,,,
111.754,6,Atta_6,3120.7,2081.5,307.7,-127.9,3.9,,,,
111.754,7,Atta_7,2832.9,1755.6,341.4,40.0,0.3,,,,
111.754,8,Atta_8,3223.7,677.1,87.8,-74.5,-1.9,,,,
111.754,9,Atta_9,2815.4,1023.9,209.6,-78.2,3.2,,,,
111.754,10,Atta_10,2663.0,1230.4,359.3,-67.2,1.9,,,,
111.883,1,Atta_1,2698.3,1603.2,355.3,-96.7,-1.5,,,,
111.883,2,Atta_2,3003.7,780.9,50.8,-45.5,1.7,,,,
111.883,3,Atta_3,3487.5,737.3,94.6,21.0,3.2,,,,
111.883,4,Atta_4,2914.6,1936.5,275.9,79.6,4.4,,,,
111.883,5,Atta_5,2973.0,1970.1,300.7,12.5,-2.3,,,,
111.883,6,Atta_6,3154.5,2073.2,301.9,34.8,-5.8,,,,
111.883,7,Atta_7,2786.3,1745.3,342.3,-47.7,0.9,,,,
111.883,8,Atta_8,3276.1,702.3,88.3,58.1,0.5,,,,
111.883,9,Atta_9,2807.5,1033.4,212.5,12.4,2.9,,,,
111.883,10,Atta_10,2709.8,1213.3,0.8,49.8,1.5,,,,
